smiles,xtb_ip,unbiased,sources
Cc1noc(COC(=O)c2cc(C(F)(F)F)ccc2F)n1,13.844700,1,labels
Cc1cc(C(=O)Nc2cc(C(F)(F)F)ccc2F)no1,13.643000,1,labels
N#Cc1ncn(CC(=O)Nc2cc(F)ccc2F)n1,13.509800,1,random
Cc1noc2nc(C)n(Cc3cccc(C(F)(F)F)c3)c(=O)c12,13.482200,1,labels
COCC(COC)Oc1c(F)c(F)nc(F)c1F,13.462900,1,random
Cc1nc(C#N)c(Cc2ccc(C#N)cc2)c(C(F)(F)F)n1,13.406200,1,labels
Cn1cc(C(=O)Oc2ccc3ccc(=O)oc3c2)c(C(F)(F)F)n1,13.254800,1,labels
N#Cc1cccc(CNC(=O)Cc2cccc(F)c2F)c1,13.189200,1,labels
CCOCCCC(=O)Nc1cc(C)n2nc(C(F)(F)F)nc2n1,13.176700,1,labels
CC(NC(=O)C1CC(=O)N(CC(F)(F)F)C1)C1CC1,13.171500,1,labels
CC1CCCCN1C(=O)c1ccc(C(F)(F)F)cc1,13.170100,1,labels
COCc1nc2cc(C(F)(F)F)ccc2n1CCO,13.153900,1,labels
CCOC(=O)C(O)(c1cccc(OC)c1)C(F)(F)F,13.140000,1,labels
OCc1cccc(Oc2ccnc(C(F)(F)F)n2)c1,13.138900,1,labels
Cc1noc(C)c1C(C)C(=O)Nc1[nH]nc(C(F)(F)F)c1C,13.118100,1,labels
CCCC1CN(C(=O)c2ccc(F)cc2C(F)(F)F)CCO1,13.110000,1,labels
Cc1nc(C)c(CC(=O)OCC(F)(F)F)c(=O)[nH]1,13.096800,1,labels
COC(=O)c1ccc(CN(C)C(=O)C(C)(C)C#N)cc1,13.092700,1,labels
CC(OC(=O)c1cccc(-n2cnnn2)c1)c1cc(F)ccc1F,13.084000,1,random
NC(=O)CCn1cc(-c2cccc(C(F)(F)F)c2F)cn1,13.078500,1,labels
CCOC(=O)C(NC(=O)c1ccccc1)(OC)C(F)(F)F,13.064600,1,labels
Cc1cc(C)n(-c2c(F)c(F)c(CO)c(F)c2F)n1,13.045300,1,labels
O=C(c1cccc(OC(F)(F)F)c1)N1CCn2cnnc2C1,13.038100,1,labels
CCn1nc(-c2ccc(F)c(F)c2)cc(C(C)=O)c1=O,13.015700,1,labels
COC(=O)c1ccc2c(c1)nc(C(C)=O)n2CCO,13.012200,1,labels
NC(=O)c1ccc(C(F)(F)F)n(CC2CCCCC2)c1=O,13.004100,1,labels
O=C(Cc1cccc(F)c1F)Nc1ccc(F)cc1,12.998900,1,labels
Cc1nc(C(F)(F)F)ccc1C(=O)Oc1ccc(-c2nnco2)cc1,12.994100,1,random
CCC(C)n1c(-c2ccc(F)cc2)ccc(C#N)c1=O,12.993400,1,labels
COC(=O)c1ccn(COc2ccc(F)cc2)n1,12.993400,1,labels
CN(C(=O)C1(C#N)CCCCC1)c1cccc(F)c1,12.979100,1,random
CC(C)(C)C(NC(=O)c1ccc(C(F)(F)F)nc1)C(N)=O,12.972800,1,labels
CC(=O)N1CCc2cc(C(=O)OCC(F)F)ccc21,12.960100,1,labels
CC(=O)c1ccc(-n2nnc3ccccc32)c(F)c1,12.954500,1,labels
N#Cc1ccc(NC(=O)c2cc(F)ccc2O)cc1,12.954200,1,random
CC(C)(C)OC(=O)n1cc(C(C)(C)C#N)c2cc(F)ccc21,12.951200,1,labels
CC(C)(C)c1noc(CCCC(=O)OC2CCCC2)n1,12.950100,1,labels
CC(C)(C)COC(=O)c1cccc(OCC(F)F)n1,12.942700,1,labels
NC(=O)Cn1cnc2c(nnn2-c2ccccc2)c1=O,12.933100,1,labels
N#Cc1cccc(NC(=O)c2cc3ccccc3oc2=O)c1,12.932000,1,labels
COc1cc(C(F)(F)F)nc(-c2ccccn2)n1,12.930400,1,labels
O=C(c1ccc(C(F)(F)F)cc1)N1CCOC2CCCCC21,12.929300,1,labels
CC(=O)c1c(-c2cc(F)ccc2F)cnn(C)c1=O,12.922600,1,random
N#Cc1nc(N)n(CC(=O)Nc2ccc(F)cc2F)c1C#N,12.920200,1,labels
CC(=O)NC(C)(C)c1noc(-c2nn(CC(C)C)cc2C(F)F)n1,12.919900,1,labels
O=C(CO)NC1CC(=O)N(Cc2cccc(F)c2)C1,12.899400,1,labels
CCn1nc(-c2cccc(F)c2)cc(C(C)=O)c1=O,12.899000,1,labels
N#Cc1ccc(NC(=O)c2noc3c2CCC3)cc1,12.896100,1,labels
O=c1[nH]cnc2c1cnn2C1OC(CO)C(O)C1O,12.895500,1,random
CCn1cc(C(=O)OCC2(C#N)CCOCC2)cn1,12.892600,1,labels
CCC(C)(C)COC(=O)c1ncn(-c2ccccc2)n1,12.892100,1,labels
Cc1cccc(C(=O)N2CCN(C(=O)CC(F)(F)F)CC2)c1,12.891100,1,labels
O=C(CCc1ccc(F)c(F)c1)Nc1cn[nH]c1,12.882800,1,labels
CCc1cc(=O)oc2cc(OCC(=O)NCC(F)(F)F)ccc12,12.873500,1,labels
COC(=O)C(O)C(NC(=O)OC(C)(C)C)c1ccc(F)cc1,12.867600,1,labels
CC12CCC(c3nc4ccccc4n3C1=O)C2(C)C,12.867000,1,labels
CC1CCCCN1C(=O)CCNC(=O)CC(F)(F)F,12.866900,1,labels
N#Cc1ccc(F)c(C2NCCc3ccc(F)c(F)c32)c1,12.863900,1,random
N#CC(NC(=O)Cc1ccc(F)cc1)c1ccccn1,12.858800,1,labels
Cc1nc2n(n1)C(c1cc(F)cc(F)c1)C1C(=O)CC(C)(C)CC1=N2,12.851600,1,labels
N#Cc1cccc(-c2nc(-c3ccc(O)cc3)no2)c1,12.849300,1,labels
CC12OCC(c3ccccc3)N1C(=O)c1ccccc12,12.845400,1,labels
CCOC(=O)c1cnn(C2CCCN(C(=O)C3(C#N)CCC3)C2)c1,12.839800,1,labels
CCC(C)NC(=O)c1ccc(OC(F)F)c(OC)c1,12.834800,1,labels
O=C(NC1CCCCC1O)c1ccc(F)cc1F,12.829300,1,labels
Cc1ccccc1Cn1nnc(C#N)c1-c1ccco1,12.826500,1,labels
Cc1cc(NC(=O)c2ccc(-n3ccnn3)cc2)no1,12.822600,1,labels
CC(C)(C)NC(=O)NCc1nnnn1-c1cccc(F)c1,12.821200,1,random
CC(=O)c1cccc(COC(=O)c2oc(C)nc2C)c1,12.821000,1,labels
COC(=O)NCC(=O)NC(c1cccc(C(F)(F)F)c1)C(C)C,12.816500,1,labels
O=C(Cn1cnnn1)NCc1ccc(-n2cncn2)cc1,12.812600,1,labels
Cc1nnnn1-c1cccc(NC(=O)Cn2cnnn2)c1,12.811000,1,labels
CCCc1c(C#N)nnn1-c1ccc(OCC)cc1,12.809800,1,labels
N#Cc1cccc(CN2C(=O)OCC2C(=O)NCCc2ccccc2)c1,12.795200,1,labels
Cc1cnc(C(=O)Oc2cccc(C(F)(F)F)c2)cn1,12.792800,1,labels
CCc1nc2c(-c3ccccc3)noc2c(=O)n1CC(=O)OC,12.789500,1,labels
CC1CCCN(C(=O)Cn2c(C(F)(F)F)nc3ccccc32)C1,12.783400,1,labels
O=C(CCC(F)(F)F)N1CCCCC1CCn1cccn1,12.783100,1,labels
NC(=O)CCN(Cc1ccccc1)C(=O)c1c(F)cccc1F,12.780800,1,labels
CC(O)(CNC(=O)Nc1ccc(C(F)(F)F)cc1)C1CC1,12.777100,1,labels
O=C(OC1CCCC1)c1cc2ccccc2c(=O)[nH]1,12.776500,1,labels
CCC(=O)OCc1ccc(OC(F)F)c(OC)c1,12.774300,1,labels
Cc1ccc(-c2cc(C(=O)NC(C#N)C(C)(C)C)on2)cc1,12.772300,1,labels
COc1ccc(-c2cc(C#N)c(=O)n(C)n2)cc1F,12.771100,1,labels
C#CCNC(=O)Cn1cnc2c(oc3ccccc32)c1=O,12.770400,1,labels
NC(c1cccc(OCc2cccc(F)c2)c1)C(F)(F)F,12.769600,1,labels
CCC(C)n1ncc(C(=O)Nc2ccc(F)c(C#N)c2)c1C1CC1,12.769400,0,static
CCC(C#N)Oc1cccc(CNC(=O)c2cccc(F)c2F)c1,12.766700,1,labels
C=CCNC(=O)Cc1cc(-c2ccccc2F)on1,12.765600,1,labels
Cn1cnc2c1c(=O)n(CC(O)CO)c(=O)n2C,12.762100,1,labels
CCOC(=O)c1cccc2c(=O)c(C(C)=O)c[nH]c12,12.760600,1,labels
CCOC1CCCN(C(=O)c2ccc(F)cc2)C1,12.757200,1,labels
Cc1oncc1C(=O)N1CCCC2(CCC(=O)N2)CC1,12.755800,1,labels
FC(F)(F)c1ccccc1Cn1cnc2cccnc21,12.752300,1,random
CCOC(=O)C1C(C)=NC(C(=O)OCCO)=C1C,12.750600,1,labels
COC(=O)c1cn(C2CCCCC2OC(=O)c2cnn(C)c2)nn1,12.749000,1,labels
O=C(Nc1nc2ccc(F)cn2n1)c1ncn(-c2ccccc2)n1,12.746700,1,labels
O=C(c1ccoc1)N1CCCCC1c1ccc(F)cc1,12.745400,1,labels
COC(=O)c1cnn2c1NC(c1ccccc1)CC2C(F)(F)F,12.745300,1,random
CC12CCC(C(=O)Oc3cccnc3)(OC1=O)C2(C)C,12.744500,1,labels
O=C(c1cc(=O)[nH]c2ccccc12)N1CCOCC1,12.742700,1,labels
Cc1nn(CCC#N)c(N)c1C(C)(O)C(F)(F)F,12.741000,1,labels
CN(CCOCC1CC1)C(=O)Nc1cc(F)c(F)cc1F,12.737900,1,labels
CC(C)N(CCO)C(=O)CCc1ccc(F)c(F)c1,12.734900,1,labels
O=C(CN1CCCC1=O)Nc1cc(C(F)(F)F)c[nH]c1=O,12.734100,1,labels
N#Cc1ccc(NC(=O)NC2CCC(=O)NC2)cc1,12.728600,1,labels
O=C(Cc1ccccc1)NCC(=O)c1ccc(F)cc1,12.728100,1,labels
COC(=O)c1cnn2c(C(F)F)cc(-c3ccc(C)cc3)nc12,12.726800,1,labels
CCCCC(=O)Oc1ccc2cc(C(=O)NC(C)C)c(=O)oc2c1,12.722400,0,static
N#Cc1cccc(C(=O)Nc2cccc(-c3nnnn3C3CC3)c2)c1,12.718900,1,labels
CC(C)(C)CC(=O)NCC(=O)Nc1cccc(F)c1F,12.718000,1,labels
COC(=O)c1ccc(-c2nc(OC)cc(OC)n2)cc1,12.717400,1,labels
Fc1ccccc1Cc1nc(-c2ccncc2)no1,12.712900,0,static
Cc1noc(NC(=O)c2ccc(OCc3c(C)noc3C)cc2)n1,12.712800,1,labels
CCCC(C)(C)NC(=O)c1cnc2onc(C)c2c1,12.712200,1,labels
Cc1noc(CNCC(O)c2cccc(C(F)(F)F)c2)n1,12.711900,1,labels
CN(C(=O)COc1ccccc1C#N)c1cccc(F)c1,12.708200,1,labels
Cn1c(=O)oc2cc(-c3noc(-c4ccccc4)n3)ccc21,12.707300,1,labels
N#Cc1ccccc1NC(=O)c1cccc2c1OCC(=O)N2,12.705700,1,labels
CCNc1cc2oc(=O)cc(C(F)(F)F)c2cc1C,12.705400,1,random
O=C(Nc1ccccc1)c1nnc(-c2ccccc2)o1,12.704500,1,labels
N#Cc1ccc(-c2noc(C3CC=CCC3)n2)nc1,12.703200,1,labels
COC(=O)c1cc(NC(=O)NCc2ccco2)c(F)cc1F,12.701400,1,labels
Cc1ccc(-n2ccc3c(cnc4ncnn43)c2=O)cc1,12.699500,1,labels
CN(C)C(=O)NC(Nc1ncccn1)(C(F)(F)F)C(F)(F)F,12.698700,1,labels
Cc1ccccc1C(C#N)CC(=O)Nc1ccc(F)cc1,12.697200,1,labels
N#Cc1c(C(F)(F)F)cc(-c2ccccc2)nc1N1CCOCC1,12.695500,1,labels
CCC(=O)c1ccc(OC(=O)c2ccc(C(N)=O)cc2)cc1,12.694400,1,random
CCN(Cc1c(F)cccc1F)C(=O)c1cc(=O)c2ccccc2o1,12.693000,1,labels
CC(COCc1ncc[nH]1)C(=O)c1ccc(F)c(F)c1,12.692700,1,labels
CC(C)NC(=O)CCNc1ncnc2cc(F)c(F)cc12,12.692400,1,labels
Nc1ncccc1C(=O)Nc1cccc(C(F)(F)F)c1,12.689100,1,random
CC(C)Cc1cc(C(=O)N2CCn3cncc3C2)on1,12.685000,1,labels
O=C(Nc1cccc(OC(F)(F)F)c1)NC1C2CCC(C2)C1CO,12.684200,1,labels
COC(=O)C1CCCC1NC(=O)Nc1ccc(C#N)cc1,12.684200,1,labels
N#Cc1cccc(OCC(=O)Nc2ccccc2)c1,12.684000,1,labels
CCOC(=O)Nc1cccc(C(=O)OCc2cc(C)on2)c1,12.681500,1,labels
CN(Cc1nccn1C(F)F)C(=O)c1ccc(-n2ccnn2)cc1,12.678400,1,labels
CCC(C(=O)N1CC2CC1C(=O)O2)c1ccccc1,12.677100,1,labels
CCCOc1ccc(-c2cc(C(=O)OC)no2)cc1,12.677100,1,labels
CC(C)(C)NC(=O)CCNC(=O)c1ccc(F)cc1,12.675800,1,labels
CN1C(=O)CCC(C(=O)Oc2ccc(F)cc2)C1c1cnn(C)c1,12.674700,1,labels
CCCOC(=O)C(NC(=O)c1cccc(C)c1)C(C)C,12.673900,1,labels
O=C(Cn1ccc(=O)[nH]c1=O)NCC12CC3CC(CC(C3)C1)C2,12.669600,1,labels
CC1COCC(C)N1C(=O)c1ccc(=O)n(-c2ccc(F)cc2)n1,12.668900,1,labels
O=c1c2nnc3ncnn3c2ccn1-c1ccccn1,12.668500,1,labels
CC1CC(OC(=O)CN2CCCC2=O)CC(C)(C)C1,12.668500,1,labels
CC(=O)NC1CCN(c2ccc(C#N)c(C(F)(F)F)c2)CC1,12.668100,1,random
O=C(CCC1CCCC1)NCc1nnnn1-c1ccccc1,12.668100,0,static
CC(OC(=O)CCn1c(=O)oc2ccccc21)C(=O)NC1CCCC1,12.666900,1,random
CCCNC(=O)C(C)NC(=O)Nc1cccc(F)c1F,12.666600,1,labels
CC1(CNC(=O)c2ccc(=O)n(-c3ccc(F)cc3)n2)CCCC1,12.665000,1,labels
N#Cc1cn(C2CC2)c(=O)n(CC(=O)N(C2CCCC2)C2CC2)c1=O,12.662400,1,labels
O=C(Nc1ccc(OC(F)(F)F)cc1)C1CCCN1C(=O)C1CC1,12.661700,1,random
CCOc1cc(C#N)ccc1OCc1nnc(C)o1,12.660300,1,labels
O=C(CC1C=CCC1)NCc1cccc(C(F)(F)F)c1,12.660000,1,labels
Cc1nnnn1C(Cc1ccc(F)cc1)C(=O)NCc1ncn(C)n1,12.655600,1,labels
CC1CCCN(C(=O)Nc2cccc(F)c2F)CC1,12.654700,1,labels
CCn1nnnc1COc1cccc(C(=O)NC(C)C)c1,12.654600,1,random
N#Cc1ccccc1C(=O)N1CCC(Oc2cccc(F)c2)CC1,12.653900,1,labels
CCOc1ccc(F)c(C(=O)Nc2ccccc2-n2cnnn2)c1F,12.649900,1,random
CN(C)C(=O)c1cc(C(=O)NC(C)(C)C)ccc1F,12.649000,0,static
Cc1nnc2n1-c1cc(F)ccc1C(c1ccc(F)cc1)CC2,12.647000,1,labels
CC(C)Cn1ccn(-c2cccc(F)c2)c(=O)c1=O,12.643100,1,labels
O=C(Cc1ccccc1)NCCC(=O)Oc1ccccc1F,12.641700,1,labels
COC(=O)C(NC(=O)c1ccc(C(C)=O)cc1)c1ccccc1,12.640700,1,labels
COC(=O)c1ccc(NC(=O)COc2cccc(C#N)c2)cc1,12.639600,1,labels
CCOC(=O)c1ccc2c(=O)c(C(=O)OCC)c[nH]c2c1,12.639300,1,labels
CC(C(=O)NC1CCc2cc(F)ccc21)n1cccn1,12.639100,1,labels
CC(=O)Oc1ccc(C(=O)Nc2ccc(C(=O)OC(C)C)cc2)cc1,12.636500,1,labels
COCc1nc2ncc3c(=O)n(-c4nc[nH]n4)ccc3n2n1,12.635700,1,labels
CCC(C)C(C)NC(=O)c1ccc(OCC(F)F)nc1,12.635400,1,labels
CC(=O)c1ccccc1NC(=O)c1cc(-c2ccccc2)no1,12.635200,1,labels
O=C(OCc1nnc(-c2ccccc2)o1)c1cc2ccccc2o1,12.635200,1,labels
COc1cccc(OCCn2nc(C(F)(F)F)ccc2=O)c1,12.634900,1,labels
CC(=O)Nc1cccc(-c2cc(O)cc(C#N)c2)c1,12.634000,1,labels
O=C(NC(C1CC1)C1CC1)c1cc2ccccc2oc1=O,12.633300,1,labels
COC(=O)CCC(=O)NC1CC2CC1C1CCCC21,12.630300,1,labels
CC1CN(C(=O)CCn2ccc(=O)[nH]c2=O)CCC1(C)O,12.629200,1,labels
COC(=O)c1cc(C(=O)Nc2cccc(F)c2)c(=O)[nH]c1C,12.629100,1,labels
CC(C)C(=O)c1ccccc1NC(=O)C1CC2CCC1O2,12.629000,1,labels
N#CC(NC(=O)c1cnn(-c2ccccc2)c1)C1CCCCC1,12.628700,1,random
CC(Cc1cccc(F)c1)C(=O)NCCCC(N)=O,12.628400,1,labels
CCCC(=O)NCC(=O)OCC(=O)N1CCCCCC1,12.628100,1,labels
O=C(CC1OC(=O)c2ccccc21)NCc1ccc(-n2cccn2)nc1,12.627100,1,random
CC(C)CNC(=O)c1ccc2c(c1)C(=O)CCCO2,12.626600,1,labels
O=C(OC1CCOC1=O)c1cc2ccccc2cc1O,12.625700,1,labels
CCn1nc(-c2nc(-c3ccncc3)no2)ccc1=O,12.623900,1,labels
O=c1[nH]c2ccc(-c3nc(-c4ccncc4)no3)cc2[nH]c1=O,12.623600,1,labels
C#CCCOC(=O)c1ccc(NC(=O)C(C)C)cc1,12.622300,1,labels
COC(=O)Cc1nn(CC(=O)OC)c(=O)c2ccccc12,12.620900,1,random
Cc1c(NC(=O)C2(C#N)CCC2)cccc1N1CCOC1=O,12.620800,1,labels
CC(C)OCCC(=O)N(Cc1ccc(C#N)cc1)C(C)C,12.620500,0,static
CC(NC(=O)CCNC(=O)c1ccc(F)cc1F)c1ccccc1,12.620300,1,labels
CC1(C)C(=O)OC(C(=O)c2ccccc2)C2(CCCCC2)C1=O,12.619300,1,labels
Cc1ccc(CNC(=O)c2nnc(Cc3cccc(F)c3)o2)cc1,12.619100,1,labels
CCOC(=O)N1CCC(OC(=O)CCc2ccccc2F)CC1,12.614000,1,labels
O=C(Nc1cccc(-n2cnnc2)c1)c1ccoc1,12.612000,1,labels
CCC(=O)Nc1ccc(C(=O)COc2ccc(F)cc2F)cc1,12.611700,1,labels
CCN(Cc1ccccc1)C(=O)C1CN(C(C)=O)C1,12.611600,1,labels
Cc1cc(C(=O)Nc2nc(C(=O)NCc3ccccc3F)co2)no1,12.608000,1,random
CCn1nnc2c(=O)n(CC(=O)N3CCOCC3)cnc21,12.607600,1,labels
Cc1cc2ncn(-c3nnnn3-c3ccccc3)c2cc1C,12.607000,1,labels
N#Cc1ccc(-c2noc(Cn3ncc4ccccc4c3=O)n2)nc1,12.605300,1,labels
CCC(C)C(NC(=O)C(C)Oc1cccc(F)c1)C(N)=O,12.604100,1,random
Cc1cccc(OC(=O)c2ccc(-n3ccnn3)cc2)c1,12.603300,1,labels
O=C(Cc1noc(-c2cn(-c3ccccc3)nn2)n1)NC1CCCC1,12.602700,1,labels
CCC(=O)N1CCC(Oc2cccc(F)c2)CC1,12.601100,1,labels
CCOc1cc(C#N)ccc1OCC(=O)NC1CC1,12.601000,1,labels
CN(Cc1ccccc1C(F)(F)F)C(=O)Nc1ccccn1,12.600000,1,random
O=C(Cc1c(F)cccc1F)Oc1ccc(C(=O)N2CCCC2)cc1,12.599100,1,labels
COC(=O)C1=C(C)Nc2ncnn2C1c1ccoc1,12.597600,1,labels
CCOC(=O)c1cccc2nc(CCO)n(C(C)(C)C)c12,12.595100,1,labels
CCN(C(=O)Cn1nc(-c2ccc(F)cc2)oc1=O)C1CC1,12.592200,1,labels
Cn1nccc1NC(=O)Cn1ccc(-c2ccc(F)c(F)c2)n1,12.591400,1,labels
N#Cc1ccc(OCc2ccc(C(=O)N3CCCC3)cc2)cc1F,12.590200,0,static
O=C(NCC(F)(F)F)C1CCN(C(=O)c2ccc[nH]c2=O)CC1,12.589400,1,labels
O=c1[nH]c(Cn2nc3ccccn3c2=O)nc2cc(F)ccc12,12.589100,1,labels
CN1CC(NC(=O)C2(c3ccc(F)cc3F)CCCC2)CCC1=O,12.587600,1,labels
CCCN(CCC)C(=O)C1CN(C(=O)c2cc(C)on2)C1,12.585900,1,labels
CCc1nc2n(n1)CCCC2NC(=O)C1Cc2ccccc2C(=O)O1,12.584800,1,labels
CCN(CC)C(=O)C12CCC(C)(c3nc(C#N)c(C#N)nc31)C2(C)C,12.583900,1,labels
Cn1nccc1C(=O)NCC1(c2ccccc2)CC1,12.581900,1,labels
COCCNC(=O)C1=C(C)C(=O)OC12CCN(C(C)=O)CC2,12.577400,1,labels
CCOC(=O)C1(C)Oc2cccnc2N(CC)C1=O,12.577100,1,labels
CC1(C)CN(c2ccc(C(F)(F)F)cc2N)C1=O,12.576100,1,labels
Cc1ccc2ncc(C(=O)NCc3n[nH]c(=O)[nH]3)n2c1,12.573400,1,labels
COC(=O)C1CCN(C(=O)CNC(=O)c2ccccc2)CC1,12.573100,1,labels
O=C(CC1CCc2ccccc21)N1CCC(F)(F)CC1,12.571600,1,labels
COC(=O)c1ccc(C(=O)NCC(O)(c2ccco2)C2CC2)cc1,12.571500,1,labels
CC(C)c1noc(CCC(=O)N(CC(N)=O)C2CCCC2)n1,12.571400,1,labels
O=C(OCC1CCCCO1)c1coc(-c2ccccc2)n1,12.569600,1,labels
Fc1ccc(-c2nnn(Cc3nc(Cc4ccccc4)n[nH]3)n2)cc1,12.568600,1,labels
Cc1nc2ncnn2c(C)c1CCC(=O)NCCCO,12.567800,0,static
CCOC(=O)CC1CCCCN1C(=O)CCn1nnnc1C,12.567100,1,labels
O=C(Nc1ccc2c(c1)OCCO2)c1cc(F)c(F)c(F)c1F,12.566500,1,labels
Cc1cc(CN(C)C(=O)C2CC(=O)N(C)C2)no1,12.563700,1,random
COCc1cc(=O)[nH]c(Nc2cc(C)ccc2F)n1,12.562400,1,labels
Cc1c(C(=O)N2CCCC2)oc2c1C(=O)CC(C)(C)C2,12.562000,1,labels
O=C(NCCNc1nnnn1-c1ccccc1)c1cc(F)cc(F)c1,12.561600,1,labels
COCCCC1CCCN(C(=O)c2ccccc2C(F)(F)F)C1,12.561300,1,labels
CCC1(C(=O)NCC(C)(C)c2ccccc2)COC1,12.557200,1,labels
Cc1cccc(C=Cc2nc(-c3ccc(C#N)cn3)no2)c1,12.556500,1,random
OCC(Nc1ncnc2cc(F)c(F)cc12)c1ccccc1,12.555300,1,labels
O=C(CCc1nc(-c2cccnc2)no1)Oc1ccccc1F,12.555200,1,labels
CN(Cc1nccn1C(F)F)C(=O)C12CC3CC(CC(C3)C1)C2,12.555000,1,labels
Cc1noc(C)c1CC(=O)N1CCN(C(=O)c2ccco2)CC1,12.554300,1,labels
COc1ccc(F)cc1C(C#N)CCC(=O)NC(C)(C)C,12.553400,1,labels
CC(=O)c1cc(C(=O)N2CCCC(c3nc(C)no3)C2)n(C)c1,12.552600,1,random
O=C(NCC1CCCO1)Nc1cc(C(F)(F)F)c[nH]c1=O,12.551300,1,labels
CCc1nnc(COC(=O)c2[nH]c(C)c(C(C)=O)c2C)o1,12.550500,1,labels
CCC(Oc1ccccc1)C(=O)Nc1ccccc1C#N,12.549900,1,labels
Cn1cc(NC(=O)Nc2ccc(F)c(F)c2F)cn1,12.547000,1,labels
C=CCNC(=O)CCc1nc(-c2cc3ccccc3[nH]c2=O)no1,12.546300,1,labels
O=C(Nc1ccccc1C(F)(F)F)C1CCN(C(=O)C2CC2)CC1,12.545900,1,labels
CCOC(=O)C1=C(C)C(C(=O)Nc2ccccc2)C(C)=N1,12.545700,1,labels
O=C(NCc1ccccc1)c1nnn2c1c(=O)[nH]c1ccccc12,12.542200,1,labels
CCCOC(=O)c1nn(-c2ccccc2)c(=O)c2ccccc12,12.542000,1,labels
CCN(CC)C(=O)CCCC(O)c1ccc(F)cc1,12.541800,1,labels
CC(C)Cn1cnc2c([nH]c3ccc(F)cc32)c1=O,12.539500,1,random
COc1ccccc1-c1nnc(NC(=O)c2cccc(F)c2)o1,12.538700,1,labels
CCN(CC)C(=O)c1cc2ccc(OC)cc2oc1=O,12.538000,1,labels
CN(Cc1ccc(C(N)=O)cc1)C(=O)C1CCOC1,12.537600,1,labels
CC1CCc2nn(CC(=O)Nc3cccc(F)c3)c(=O)cc2C1,12.536500,1,labels
O=C1CN(C(=O)CCC2CCCC2)c2ccccc2N1,12.534700,1,labels
O=C(NC(c1ccccc1)C1CCC1)c1ccncc1F,12.533600,1,labels
Cc1nc(C2CCCN(C(=O)c3ccoc3C)C2)no1,12.531400,1,labels
CCC(=O)c1ccc(OCc2nc(-c3ccc(C#N)cn3)no2)cc1,12.530400,1,random
CCOC(=O)C1OC(=O)c2cc(OC)c(OC)c(OC)c21,12.530100,1,labels
O=C(c1ccccc1-c1nc(-c2ccccc2)no1)N1CCCC1,12.527900,1,labels
CN(CC(=O)NC1CC1)C(=O)c1ccc(-n2ccnn2)cc1,12.524800,1,labels
c1cc2c(cc1-c1nc(C3CCOC3)no1)OCO2,12.522700,1,labels
COCc1ccccc1C(=O)OCCN1CCCC1=O,12.521900,1,labels
CCNC(=O)CN(CC)C(=O)C(C)Oc1ccc(C#N)cc1,12.519000,1,labels
Cc1cc(NC(=O)C2CC3CCC2O3)ccc1C(=O)OC(C)(C)C,12.518200,1,labels
CC(C)(C)OC(=O)NCc1ccnc(-n2ccnc2)c1,12.518100,0,static
CCOC(=O)c1ccc(Oc2ncnc3[nH]cnc23)cc1,12.517000,1,random
COCCCC(=O)Nc1cc(F)c(OC)c(F)c1,12.516300,1,labels
CCC1CCCN(C(=O)c2cc(F)ccc2OC)C1,12.513700,1,labels
CC(C)NC(=O)c1nnn(-c2ccccc2)c1-c1ccccc1,12.512500,1,labels
CCC1C(=O)NCCN1C(=O)c1ccn(-c2ccc(F)cc2)n1,12.512400,1,labels
O=C(c1ccc(=O)n(Cc2ccc(F)cc2)n1)N1CCCCC1,12.511300,1,labels
Cc1ccc(C(=O)CNC(=O)c2ccc(F)cc2)c(C)c1,12.511000,1,labels
Cc1ccc(C(=O)c2ccccc2C(=O)NCCO)cc1,12.510600,1,labels
CCOC(=O)c1cc(C(=O)OC)n2ccc3ccccc3c12,12.510500,1,labels
COC(=O)c1cccc(OCC(=O)N(C)C2CC2)c1,12.508700,1,labels
COCc1ccccc1NC(=O)c1cc(C(C)(C)C)nn1C,12.507400,1,random
CCOC(=O)c1noc2nc(C)nc(NC3CCCC3)c12,12.505900,1,labels
O=C(CNC(=O)c1ccco1)OCC(=O)c1ccc2ccccc2c1,12.505300,1,labels
CCOc1ccc2c(c1)C(=O)C(=O)N2Cc1ccccc1F,12.505300,1,labels
O=C(NCc1ccccn1)c1cnn(-c2ccccc2)c1C(F)(F)F,12.504400,1,labels
Cc1cc(CNC(=O)NCC(O)c2cccc(F)c2)no1,12.503800,1,labels
CC1(C)CCCN1C(=O)C1CC1c1ccccc1F,12.503300,1,labels
CC(OC(=O)c1ccoc1)C(=O)N1CCc2ccccc2C1,12.503300,1,random
Cc1ccc(C(=O)N2CCCCCC2c2noc(C)n2)o1,12.500500,1,labels
COC1CCCCC1NC(=O)N1CCC(O)(C(F)(F)F)CC1,12.499000,1,labels
CCc1nc(COc2cc(C(N)=O)ccc2C)no1,12.496400,1,labels
COc1ccc(-c2cc(=O)oc3cc(O)ccc23)cc1,12.495800,1,labels
Cc1n[nH]c(=O)c(C(=O)Nc2ccccc2F)c1C,12.494600,1,random
Cn1nc2c(c1C(=O)Nc1ccccc1F)CCCC2,12.494500,1,labels
CCc1noc(CC)c1CNC(=O)Nc1c(C)noc1CC,12.493800,1,labels
Cc1cc(C)c(C(=O)NCC(=O)OCC2CC2)c(C)c1,12.492200,1,random
O=C(c1cc(O)cc(O)c1)N1CCc2cc(F)ccc2C1,12.491700,1,labels
O=C(C1CCC1)N(Cc1nccn1Cc1cccc(F)c1)C1CC1,12.491500,1,labels
Cn1cc(C(=O)NC2CC3CCC2O3)c(C(C)(C)C)n1,12.491200,1,labels
CCOC(=O)CNC(=O)N1CCCC1c1cc(C(C)C)on1,12.490700,1,labels
O=C(NCc1ccncc1)c1nnc(-c2ccccc2)o1,12.489800,1,labels
C#CC(OC(=O)CCCc1nc2ccccc2c(=O)[nH]1)C1CC1,12.489500,1,labels
Nc1ccc(C(=O)Nc2nnc(C3CC3)o2)cc1F,12.488500,1,labels
CCc1nc(C2CCCN2C(=O)c2ccc3c(c2)nnn3C)no1,12.486900,1,labels
CCOC(=O)c1ccc(NC(=O)c2cn(C)nc2C)cc1,12.486700,1,random
CCOC(=O)c1ccc(NC(=O)c2cc(C)n(CC)n2)cc1,12.486700,1,random
CC(=O)NC(C(=O)N1CCN(C(=O)C2CC2)CC1)C(C)C,12.485200,1,labels
COc1cccc(C(=O)Nc2cccc(OC(C)=O)c2)c1,12.485000,1,labels
CC(C)Oc1ccc(-c2cc(C#N)nn2CCCC#N)cc1,12.483900,1,random
CC(C)(C)C(=O)NCCC(=O)Nc1ccc(F)cc1,12.482500,1,random
O=C(C1CCC1)N1CCCC(OCc2cc(F)ccc2F)C1,12.481500,1,labels
NC(C(=O)N1CCc2c(F)cc(F)cc2C1)c1ccccc1,12.476900,1,labels
CCc1onc(C)c1NC(=O)c1cc(-c2ccncc2)on1,12.476200,1,random
CCCNC(=O)CCNC(=O)NC(C)c1c(C)noc1C,12.475900,1,labels
COCCOc1ccc(CNC(=O)c2cccc(C#N)c2)cn1,12.475000,1,labels
Cc1cccc(C(=O)N2CCCC2c2cc(C)on2)c1,12.471500,1,labels
Cc1cc(C(=O)Nc2ccc(C(=O)N(C)C)c(C)c2)on1,12.470900,1,labels
O=C(c1ccc(F)nc1)N1CCCC1c1ccc2c(c1)OCCO2,12.470200,1,labels
Cc1cccc(C(=O)Nc2cccc(C(N)=O)c2)c1C,12.469000,1,labels
CC(C)CNC(=O)c1cccc(NC(=O)C(C)C)c1,12.468600,1,labels
Cc1cc(C)n2ncc(C(=O)NCCc3cccc(F)c3F)c2n1,12.468400,1,labels
Cc1cc(C(=O)N2CCCN(C(=O)Cc3cccc(F)c3)CC2)[nH]n1,12.468400,1,labels
CC#CCCNC(=O)C1CCc2nc(C)nc(C(F)(F)F)c2C1,12.467500,1,labels
CCN(CC)C(=O)C(O)C(O)c1nc2ccccc2[nH]1,12.467300,1,labels
CC1CC1C(=O)NCc1ccccc1-n1cccn1,12.467100,1,labels
CC(C)c1cc(C(=O)N2CCC(C(=O)N3CCCC3)CC2)on1,12.466200,1,labels
COC(=O)c1ccc(NCc2nc(C(C)C)no2)cc1,12.465200,1,labels
COCC(=O)N1CC2CCC(C1)N(Cc1c(C)noc1C)C2=O,12.463400,1,labels
Cc1nc(C2CCN(C(=O)CCn3cnnn3)CC2)cc(=O)[nH]1,12.461400,1,labels
COC(=O)c1ccc(OC(=O)c2cnc(C)cn2)cc1,12.460400,1,labels
CC1CCCC1NC(=O)C1CCCN1C(=O)c1ccco1,12.459500,1,random
O=C(NCCCOCC1CCCO1)c1ccccc1F,12.458000,1,labels
COC(C)(C)c1noc(-c2ccc(-n3ncc(C#N)c3N)cc2)n1,12.457800,1,random
CC(=O)c1ccc(Oc2ccc(C(=O)N(C)C(C)CC#N)cc2)cc1,12.456700,1,labels
CC(C)(O)CNC(=O)C1(c2ccc(F)cc2F)CCOCC1,12.456500,1,labels
O=C(NCCNC(=O)C1(c2cccc(F)c2)CCCC1)C1CC1,12.456500,1,labels
Cc1cccc(CNC(=O)c2cccc(OCC(F)F)n2)c1,12.456400,1,labels
C=CCOc1cccc(C(=O)NCc2ccc(F)cc2)c1,12.455400,1,random
O=C(c1cccc(-n2cnnn2)c1)N1CC(c2nc3ccccc3[nH]2)C1,12.455100,1,labels
Cc1c(NC(=O)c2cccc(OC(F)(F)C(F)F)c2)cnn1C,12.453900,1,labels
CC(=O)Nc1cc(F)c(F)cc1NCc1nnc(C2CCC2)o1,12.451200,1,labels
COc1cccc(-c2nnn(CC(=O)Nc3cccc(F)c3)n2)c1,12.451000,1,labels
Cc1ccnn1-c1ccc(C(=O)N(CCC#N)c2ccc(F)cc2)cc1,12.450700,1,labels
O=C(Cn1ccccc1=O)NC(c1ccccc1)c1cccc(F)c1,12.450600,1,labels
O=C(CNC(=O)c1occc1-c1ccccc1)NC1CC1,12.449700,1,labels
CC(C)N(Cc1cnn(C)c1)C(=O)CCC(=O)c1ccc(F)cc1F,12.449600,1,labels
CC(C)c1cc(C(=O)Nc2cnc3c(c2)c(=O)n(C)c(=O)n3C)n[nH]1,12.448500,1,labels
Cc1ccc(C)c(C(=O)N2CCOCC2C2CC2)c1,12.448100,1,labels
N#Cc1ccccc1OCCCCn1cnc2ccccc21,12.447600,1,labels
O=C(Cc1cccc(F)c1F)Nc1cc(C2CCOCC2)[nH]n1,12.446800,1,labels
Cc1cc(C)n(-c2ccc(C(=O)NC(C#N)CC(C)C)cc2)n1,12.443800,1,labels
CCNC(=O)CCC(=O)c1ccc2c(c1)CCCC2,12.443400,1,labels
CN1C(=O)Cc2cc(NC(=O)c3ccno3)ccc21,12.441100,1,labels
O=C(Nc1c[nH]c(=O)[nH]c1=O)c1cccc(NC(=O)c2ccco2)c1,12.440300,1,labels
CCOCc1cncc2c1CCN(C(=O)c1cccc(C#N)c1)C2,12.439500,1,labels
CN(Cc1nc(-c2ccccc2)no1)C(=O)Cn1ccccc1=O,12.439200,1,labels
O=C(NCc1noc(-c2ccco2)n1)c1cnccn1,12.437000,1,random
Cc1ccc(C(N)=O)cc1NC(=O)c1cccnc1,12.436300,1,random
CC(=O)c1ccc(NC(=O)NCC(O)c2c(F)cccc2F)cc1,12.435700,1,random
CCCc1nc2ccccc2n1CC(=O)NC1CC1,12.434000,1,labels
N#Cc1c[nH]c(C(=O)NCc2ccc(OC3CCCC3)nc2)c1,12.433300,1,labels
CC(C)CCN(C)C(=O)CCn1cnc2ccccc2c1=O,12.433100,1,labels
Cc1[nH]c(=O)[nH]c(=O)c1CC(=O)Nc1cccnc1,12.433100,1,labels
CCOCCCNC(=O)c1ccc(C(N)=O)nc1,12.431100,1,labels
Nc1ccc2c(c1)nc(C(F)(F)F)n2-c1ccc(F)cc1,12.429400,1,labels
O=C(Nc1ccccc1)OCn1cnc2ccccc21,12.429300,1,random
CC1CCCCN1C(=O)c1cncc(-c2cccc(F)c2)c1,12.428400,1,labels
O=C(c1ccno1)N1CCC2(CCc3ccccc3O2)CC1,12.428400,1,labels
Cc1cc(NC(=O)N(C)C(C)CC#N)ccc1C(N)=O,12.427600,1,labels
O=c1cc2c(nn1CCOc1ccccc1F)CCCC2,12.427200,1,labels
CCn1nc(C)cc1C(=O)N1CCC2OC(c3nnc(C)o3)CC2C1,12.427000,0,static
O=C1CC(C(=O)OCCc2ccccc2)c2ccccc2N1,12.426700,1,labels
O=C1CCCc2cc(OCCn3cccn3)ccc21,12.426600,1,labels
CN(C)C(=O)N1CCN(C(=O)Nc2ccc(F)c(F)c2F)CC1,12.424300,1,labels
CC(C)CCC(=O)N1CCC(OCc2ccccc2F)CC1,12.421300,1,random
CCc1onc(C)c1NC(=O)c1ccc2c(c1)CCC2,12.420600,1,labels
Cc1ccc(-c2noc(CCC(=O)NC3CCCC3)n2)cc1,12.420500,1,labels
Cc1ccccc1-n1ncc2c(=O)n(CC(=O)NC(C)C)cnc21,12.417800,1,labels
CC(C)C(=O)NCCNC(=O)C1CC(=O)N(c2ccccc2F)C1,12.417700,1,labels
CC(C)(C)Oc1cc(CNC(=O)c2cccc(F)c2)ccn1,12.417100,1,labels
O=C(Nc1ccc2c(c1)C(=O)NCC2)c1cc(C2CC2)on1,12.417000,0,static
COc1ccnc(NC(=O)c2cc(-c3ccncc3)on2)c1,12.416800,1,labels
COCCCNC(=O)N1CCCC1c1cc(C(C)C)no1,12.415900,1,labels
Cc1ccc(C2CC(=O)c3cnc4ccnn4c3C2)cc1,12.415100,1,labels
COc1cc(-c2nc3cc(C#N)ccn3n2)ccc1O,12.414900,1,labels
CCCn1ncc(-c2cc(F)ccc2OC)c(CO)c1=O,12.414300,1,labels
CC(=O)c1cccc(OCC(=O)Nc2cccc(C)c2)c1,12.413000,1,labels
COC(=O)Cc1nn(C)c2c1nnc1nc(Cc3ccccc3)nn12,12.412700,0,static
CCC1(O)CCN(C(=O)CCc2nc(-c3ccco3)no2)CC1O,12.412500,1,labels
Cc1cc(C(F)(F)F)c2c(NCc3cccc(C#N)c3)n[nH]c2n1,12.411700,1,labels
CCOC(=O)Nc1cccc(C(=O)NC2CCC(C)CC2)c1,12.410200,1,random
C=CCN(Cc1ccccc1F)C(=O)Nc1ccc(F)c(C(N)=O)c1,12.409800,1,labels
Cc1cnc2c(c1)nc(C1CCCCC1)n2CCC#N,12.409600,1,labels
Cn1c(-c2ccccc2)nnc1C(C#N)C(=O)c1ccc2c(c1)CCC2,12.409000,1,labels
CCOC(=O)CC(C)CNC(=O)N1CCOC(C)(C)C1,12.408900,1,labels
CN(C)C(=O)c1cccc(OC(=O)CN(C)C(=O)c2ccccc2)c1,12.408100,1,labels
C=CCNC(=O)N1CCC(C(=O)NCC(F)(F)F)CC1,12.406500,1,labels
O=C(NCC(O)c1ccco1)c1n[nH]c(=O)c2ccccc12,12.406200,1,labels
N#Cc1cnc(C2COc3ccccc3O2)nc1N,12.406200,1,labels
c1ccc(COCCCc2nc(-c3nc[nH]n3)no2)cc1,12.405600,1,labels
O=C(Cn1cnc2ccccc21)Nc1cccc(CO)c1,12.405300,1,labels
CCNC(=O)CCC(C#N)c1c(C)cc(C)cc1C,12.405200,0,static
O=c1c2ncccc2cnn1CCOc1cccc(F)c1,12.405000,1,labels
NC(=O)c1cccc(NC(=O)Nc2ccc(F)cc2)c1,12.403700,1,labels
CC(=O)NCCC1CCN(C(=O)c2ccccc2)CC1,12.402000,1,labels
O=C(Cc1ccc(F)cc1)Nc1cccc2cccnc12,12.401100,1,labels
Cn1ncc2c(=O)n(CC(=O)NCC(=O)N3CCCC3)cnc21,12.400600,1,labels
Cc1ccc2[nH]c(=O)c(-c3noc(-c4ccco4)n3)cc2c1,12.399800,1,random
COc1cc(C#N)ccc1OCC(=O)Nc1cc(F)c(OC)c(F)c1,12.399500,1,labels
Cc1nn(C)c(=O)c(C(=O)NC(C)c2nc(C(C)(C)C)no2)c1C,12.398300,1,random
Cc1ccc(-c2nnn(CC(=O)NCc3ccco3)n2)cc1,12.397400,1,labels
CC1(C)CN(C(=O)C2CC(=O)N(CCc3ccccc3)C2)CCO1,12.396400,0,static
Cc1c(C(=O)NC(C)c2ccc(F)cc2F)cnn1-c1ccncc1,12.395600,1,labels
O=C(Cc1ccc(-n2cnnn2)cc1)Nc1ccncc1,12.393700,1,random
CN(Cc1cccnc1)C(=O)C1(C)Cc2ccccc2C(=O)O1,12.392400,1,labels
CC(C)(CNC(=O)c1ccc(C#N)cn1)c1ccncc1,12.392200,1,labels
CC(C)CCCC(C)NC(=O)c1cc(C2CC2)[nH]n1,12.392000,1,labels
COC(=O)c1c(C)[nH]c(C(=O)Cn2cnc3ccccc32)c1C,12.390900,1,random
CCCc1ccc(C(=O)NC(C)c2nncn2C)cc1,12.390400,0,static
COC(=O)CCC(O)c1ccc2c(c1)nc(C)n2C,12.389400,0,static
O=C(CNC(=O)c1cc(F)cc2[nH]cnc12)OCc1ccccc1,12.388800,1,random
Fc1ccc(-c2nnc(CNc3ccccc3OC(F)F)o2)cc1,12.388400,1,labels
CCOc1ccccc1NC(=O)c1c(C)cc(=O)oc1C,12.387100,1,labels
CCCOCCNC(=O)c1c(C)noc1-c1ccccc1C,12.387000,0,static
CCOc1ccc(N(CCC#N)C(=O)C(C)c2c(C)noc2C)cc1,12.386900,1,random
CCOc1ccc(C(=O)N(CC)CC(F)(F)F)cc1OC,12.386500,1,labels
Cn1c(=O)cc(C(=O)N2CCCC(O)(CO)CC2)c2ccccc21,12.385200,1,labels
Cc1noc(C)c1C(=O)N1CCC2OCCCC2(COCC2CC2)C1,12.384800,1,labels
Cc1cc(C)cc(C(=O)Nc2nnc(-c3cc(C)nn3C)o2)c1,12.384700,1,labels
Cc1cc2nc(C(=O)Nc3cc(F)ccc3C)cc(C)n2n1,12.384600,1,labels
COC(=O)c1cncc(C(=O)NCC2(c3ccccc3)CCCC2)c1,12.384000,1,random
COc1cccc(C(=O)N2CCCC(CCC(N)=O)C2)c1F,12.383300,1,labels
CC(C)(C)c1ccc(C(=O)NCC(=O)OCC(=O)N2CCCC2)cc1,12.382800,1,labels
CC(=O)c1ccc2c(c1)N(Cc1ccc(C)cc1)C(=O)CO2,12.382700,1,labels
CCC1CCN(C(=O)c2ccc3[nH]cnc3c2)CC1,12.382300,1,labels
CCC(C(=O)Nc1ccc(C(C)=O)cc1)n1cnc2ccccc2c1=O,12.382200,1,random
Cc1cccc(-n2nc(C#N)cc2-c2ccc3c(c2)OCCO3)c1,12.381800,1,labels
CCn1nc(C#N)cc1-c1cc(OC)ccc1OC,12.381600,1,labels
CC(C)(C)c1noc(CCC(=O)Nc2ccc3cn[nH]c3c2)n1,12.381200,1,random
COC(=O)C1(NC(=O)c2coc(-c3ccccc3)n2)CCCCC1,12.380000,1,labels
CCOC(=O)C(C)(C)NC(=O)c1cnc2ccc(C)cn12,12.378800,1,random
CCOC(=O)CCCNC(=O)NC1CCc2ccccc21,12.377900,1,labels
CN(Cc1cnn(C)c1)C(=O)Nc1ccc(F)cc1F,12.377000,1,labels
Cn1c(C(NC(=O)c2n[nH]c(=O)[nH]2)c2ccccc2)nc2ccccc21,12.376500,1,labels
CC(C(=O)N1CC2CC3CC(C2)CC1C3)n1ccnc1,12.376300,1,random
O=C(N1CCc2[nH]ncc2C1)C1(c2ccc(F)cc2F)CCOCC1,12.375200,1,labels
O=C(c1ccc(OCC2OCCO2)cc1)C1CCC1,12.374800,1,random
CCN(CC(F)(F)F)C(=O)C1CCCN(c2nccnc2C#N)C1,12.373600,1,labels
CCOC(=O)CN(C(=O)C1CCN(C(=O)C(C)(C)C)CC1)C1CC1,12.373000,1,labels
Cc1cc(-c2nnc(NC(=O)c3ccc(=O)[nH]c3)o2)c(C)o1,12.372500,1,labels
CCc1noc(CC)c1CC(=O)Nc1cc(-c2ncco2)ccc1C,12.372400,1,labels
O=C(c1ccccc1F)N(Cc1cccnc1)C1CC1,12.370700,1,labels
CCCCN(C(=O)c1cccnc1)c1ccccc1,12.370700,1,labels
COC(=O)CN(C(=O)c1cc(C)n(-c2ccccc2)n1)C(C)C,12.370400,1,labels
CCc1onc(C)c1NC(=O)c1[nH]c(C)c(C(C)=O)c1C,12.370000,1,labels
CCc1c(C(=O)NC2CCCC2C)cnn1-c1ccccn1,12.368500,1,labels
CCNC(=O)NCCCOC(=O)c1ccc2nncn2c1,12.367900,1,random
FC(F)(F)c1cccc(COCCn2cc(-c3ccncn3)cn2)c1,12.367700,1,labels
CC(C)(C)c1ncc(C(=O)Nc2ccccc2)cn1,12.367400,1,labels
Cc1ccc(F)c(NC(=O)c2cnn(CC(C)C)c2C2CC2)c1,12.367000,1,labels
COc1cccc(CC(=O)NC(C)c2c(C)noc2C)c1,12.366100,1,labels
COCC(C)OC(=O)c1ccccc1NC(=O)NC(C)C,12.365500,0,static
CCC(C)C(=O)NCC(=O)N(C)Cc1cc(C)on1,12.365200,1,labels
CCOC(=O)Cn1c(C)cc(=O)n2c3ccccc3nc12,12.364900,1,random
CC(C)c1ccc(OCC(=O)NCC2(O)CCCC2)cc1,12.364700,1,labels
CCOC(=O)Cn1c2ccccc2n2c(=O)cc(C)nc12,12.364300,1,labels
CC(C)(C)OC(=O)N1CCC2(CC1)OCc1ccncc12,12.363400,1,labels
Fc1ccc(Cn2cnc3ccccc32)c2ncccc12,12.363200,0,static
CC(C)N(Cc1nc2ccccc2c(=O)[nH]1)C(=O)c1ccc[nH]c1=O,12.362800,1,labels
CCc1noc(CC)c1CNC(=O)N1CCNC(=O)C1C(C)C,12.362300,1,labels
N#Cc1ccccc1NC(=O)Cn1c(C2CC2)nc2ccccc21,12.362200,1,random
Cc1cc(C(C)NC(=O)NCc2ncnn2C)cc(C)c1F,12.361400,0,static
C=CCNC(=O)CNC(=O)c1ccc(OCC)cc1,12.359900,1,labels
COc1ncccc1C(=O)NCC(=O)NC1CCCCC1,12.359600,1,labels
O=C1CCC(C(=O)Nc2cccc3c2CCN(CC(F)(F)F)C3)N1,12.359400,1,labels
CCCCOc1cccc(NC(=O)c2cc(C)n[nH]2)c1,12.359300,1,random
Cc1ccc(C(=O)NCc2ccccc2C)cc1O,12.357600,1,labels
O=C(CCC1Cc2ccccc2NC1=O)NCc1ccccc1F,12.356600,1,labels
CCOCc1cccc(NC(=O)C2CC(=O)N(CC)C2)c1,12.356500,1,labels
CCOC(=O)c1nc(N2CCC(C(N)=O)CC2)c2c(C)noc2n1,12.356200,0,static
CCCCN(CC)C(=O)c1ccc(CNC(N)=O)cc1,12.354800,0,static
O=C(C1CCCCC1)N1CC(=O)N2CCCc3ccccc3C2C1,12.354400,1,labels
O=c1[nH]nc2cc(-c3ccccc3)nc(-c3ccccc3F)n12,12.353900,0,static
CC(=O)c1cccc(-c2ccc(Cn3ccnc3)cc2)c1,12.353500,1,labels
CC1CCCC(CNC(=O)c2cc(-c3cccnc3)on2)C1,12.353300,1,random
CCc1ccc(C(C)NC(=O)Cn2c(=O)oc3ccccc32)cc1,12.351700,1,labels
CCOC(=O)CCC(C)NC(=O)NC1CCCC1C,12.350300,1,labels
Cc1cc(F)cc(C(=O)OCCNc2ncccn2)c1,12.349400,1,labels
COc1ccc(C(=O)Nc2ccc(CC#N)cc2)cc1,12.348300,1,labels
COc1cccc(F)c1OCc1nc(COc2ccccc2)no1,12.347300,1,labels
CCn1nnc(NC(=O)COc2cccc(C)c2)n1,12.346400,1,labels
CN(CCOc1ccccc1F)C(=O)c1ccc(=O)n(C)c1,12.345700,1,random
CC(=O)Oc1ccc(C(=O)N2CCc3ccccc32)cc1,12.345100,1,labels
O=C(c1cccc2[nH]ncc12)N1CCC(Cc2cccc(F)c2)CC1,12.344900,1,labels
Cc1ccc(C(=O)N(Cc2c(C)noc2C)c2ccccc2)cn1,12.344600,1,labels
CCc1[nH]c(C(=O)OCC(=O)N2CCOCC2)c(C)c1C(=O)OC,12.344500,1,labels
Cn1nc(CCC(=O)Nc2ccccn2)ccc1=O,12.344500,1,random
COCCN(CC(C)C)C(=O)NCc1cccc(F)c1,12.344300,1,labels
COc1cccc(C2=NC(=Cc3cccnc3)OC2=O)c1,12.343600,1,labels
CC(C)c1cc(C(=O)N(C)C(C)C(=O)N(C)C)n(C)n1,12.342700,0,static
CCCC(=O)N1CCCCC1C(=O)N1CCNC(=O)CC1,12.342600,1,labels
CCN1C(=O)c2oc3ccccc3c(=O)c2C1c1cccc(OC)c1,12.341800,1,labels
CCOC(=O)c1cnc(Nc2ccccc2C)nc1,12.341500,1,labels
CCCNC(=O)CNC(=O)N1CCCC1c1cccc(F)c1,12.340900,1,labels
CC(CNC(=O)N(C)C1CCC1)c1nc(-c2ccccc2)no1,12.340600,1,labels
CCN(CC)C(=O)NCc1cccnc1OCC(F)(F)F,12.340200,1,random
CCOc1cccc(NC(=O)CNC(=O)OC)c1,12.338800,1,labels
C#CCOc1cccc(C(C)NC(=O)c2ncoc2C(C)C)c1,12.338700,1,labels
Cn1ccc(NC(=O)c2ccc(-n3cncn3)cc2)n1,12.338300,1,labels
NC(=O)c1ccccc1NC(=O)c1cccc(-n2cccn2)c1,12.337900,1,labels
CCC(C(=O)NCC1(c2ccccc2)CCOCC1)n1cccn1,12.337300,1,labels
O=C1CN(C(=O)CCOc2ccc(F)cc2)c2ccccc2N1,12.337200,1,labels
COc1ccc(F)c(NC(=O)c2ccc(-c3nnc(C)o3)cc2)c1,12.337200,1,labels
CCNC(=O)C1CCCN(C(=O)C2(c3ccc(F)cc3)CCCC2)C1,12.336900,1,labels
CCC(=O)Nc1c(-c2cccc(F)c2)n[nH]c1C1CC1,12.336700,1,labels
CCOC(=O)c1c[nH]c(NCc2ccco2)nc1=O,12.335700,1,labels
Cc1cc(C(=O)NCC(=O)Nc2ccc(C(N)=O)cc2)n(C)n1,12.335700,0,static
O=C(c1c[nH]nc1-c1cccc(F)c1)N1CC(c2ccccn2)C1,12.335000,1,random
CCc1nc2n(n1)CCCC2NC(=O)C(O)c1ccccc1,12.334400,1,labels
CCC(=O)Nc1ccc(C)c(NC(=O)C2(C#N)CCCCC2)c1,12.333900,1,labels
CCOC(=O)c1ccc(NC(=O)C(N)c2ccccc2)cc1,12.332400,1,labels
COC(C)(C)C(=O)N1CCc2[nH]nc(-c3ccc(F)c(F)c3)c2C1,12.331600,1,labels
O=C(Nc1ccc2ccccc2n1)C1CC=CCC1,12.330600,1,labels
O=C(COc1ccccc1OCC(F)(F)F)Nc1ccccc1O,12.330300,1,labels
CCCn1nccc1NC(=O)c1ccc2c(c1)OCO2,12.330300,1,random
O=C(c1cn[nH]n1)N1CCN(C(c2ccccc2)C(F)(F)F)CC1,12.328500,1,labels
O=C(NC1CCCOc2ccc(F)cc21)c1cccc2c1OCCO2,12.327500,1,labels
O=C(NCC1(O)CCOCC1)c1ccc2ccccc2c1,12.326900,1,labels
O=C(Cc1nn2cnc3ccccc3c2nc1=O)c1ccccc1F,12.326900,1,random
O=C(NCc1ccco1)C(O)C(O)C(=O)NCc1ccco1,12.326000,1,labels
CCCC(=O)N1CCN(C(=O)c2cn3ccncc3n2)CC1,12.325900,1,labels
Cc1cccc(-c2ccc(C(=O)NCc3c(C)noc3C)c(=O)[nH]2)c1,12.325800,0,static
CC(=O)Nc1ccc2nc(Cc3ccccc3)oc2c1,12.324600,1,labels
CC(c1ccccc1)n1c(=NC(=O)Cn2cnnn2)[nH]c2ccccc21,12.324600,1,labels
COc1ccc(-c2ccc(C(F)(F)F)cc2)n2nc(N)nc12,12.324300,1,labels
CC(NC(=O)Cc1c(F)cccc1F)C(=O)N1CCc2ccccc21,12.324000,1,labels
CC(=O)c1cccc(NC(=O)Cn2nc(C)n3cccc3c2=O)c1,12.323600,1,random
Cc1ccccc1NC(=O)Nc1nnc(Cc2ccccc2)o1,12.322800,1,labels
COC1CCCC1OC(=O)c1ccc(-n2nc(C)cc2C)nc1,12.322800,0,static
O=C(NC1CCN(C(=O)c2ccoc2)CC1)c1ccncc1,12.322700,1,labels
Cc1nc2ccccc2n(CC(=O)N2CCCCCC2)c1=O,12.322400,1,labels
Cc1nn(C(C)C)c(C)c1NC(=O)c1c(O)cc(F)cc1F,12.322200,1,labels
CCCN(CCc1ccccn1)C(=O)c1cccc(-n2cnnn2)c1,12.321900,1,labels
O=C(NCCc1ccc(O)cc1)C(c1ccccc1)n1cnnn1,12.320200,1,labels
N#Cc1ccc(F)c(CNC(=O)Nc2ccc(Cn3cccn3)cc2)c1,12.318300,1,labels
COC(=O)Cn1nc(-c2ccccc2OC)ccc1=O,12.317200,1,random
O=C1COc2ccc(C(=O)N(Cc3ccccc3)C3CC3)cc2N1,12.317100,1,labels
CCCc1ccc(C(=O)NCc2ccccn2)cc1,12.316600,1,labels
CC1CN(C(=O)CCCC2CCCCC2)CCO1,12.316200,1,labels
CN(Cc1nccn1C(F)F)C(=O)NCC1CCCc2ccccc21,12.315500,1,labels
Cn1nc(C(=O)N2CCCc3ccccc32)ccc1=O,12.314800,1,labels
Cc1nc(C)c(C(=O)Nc2cc(-c3ncco3)ccc2C)o1,12.314800,0,static
COc1cc(C#N)ccc1OCC(=O)NCc1ccco1,12.314000,1,labels
CCOC(=O)c1cc(C)n(CC(=O)NCc2ccco2)c1C,12.313400,1,labels
CC(=O)c1c(C)[nH]c(C(=O)OCC(=O)Nc2ccccc2)c1C,12.313000,1,labels
Cc1noc(C)c1CC(C)NC(=O)c1cccc(-c2ccoc2)c1,12.312700,1,labels
CCCC1CN(C(=O)c2cc3c(F)cccc3[nH]2)CCO1,12.311200,1,labels
CC(C)NC(=O)COC(=O)CCNC(=O)N1CCc2ccccc2C1,12.310200,1,labels
Cc1ccc(N2CCOC2=O)cc1NC(=O)Cc1cccc(F)c1F,12.310100,1,labels
COC(=O)CN(C(=O)Cc1cccc(O)c1)C(C)C,12.309200,1,labels
CCCN1C(=O)CCC2CN(C(=O)Cc3c[nH]c(=O)[nH]c3=O)CCC21,12.308600,1,labels
O=C1COC2(CN1)COCCN(c1ncccn1)C2,12.308100,1,labels
COc1ccc2c(c1)OCC(O)(c1ccccc1)C2O,12.307900,1,random
O=C1NCC2(CCN(C(=O)c3cccnc3)CC2)Oc2ccccc21,12.307400,1,labels
Cc1ccccc1C(=O)NCCn1c(C)nc2ccccc21,12.306800,1,labels
Cc1ccc(CNC(=O)COc2cc(C)ccc2F)cc1,12.305400,1,random
CC(CC(=O)NCCNC(=O)c1ccccc1)c1ccccc1,12.304900,1,labels
Cc1n[nH]c(C)c1CN1CC(C)(c2ccccc2)CCC1=O,12.302400,1,labels
Cc1nn(C)c(C)c1CC(=O)NCC#Cc1cccc(C(F)(F)F)c1,12.301100,1,labels
CCC1CN(C(=O)c2cccc(F)c2N)CCO1,12.300900,1,labels
O=C(Cc1nc(-c2ccccc2)n[nH]1)NCc1ccccc1,12.300900,1,labels
O=C(Cc1noc2ccccc12)NCCCn1cnc2ccccc21,12.300800,1,random
Cc1ccc(Cn2ncc3c(-n4ccnc4C)ncnc32)cc1,12.299700,1,random
Cc1nnnn1-c1cccc(C(=O)N2CCCC3(CCOC3)C2)c1,12.299000,1,random
Cn1cccc1C1CCCN1C(=O)Nc1cccc(C#N)c1,12.297000,1,labels
CCCC1CCC(NC(=O)C(NC(N)=O)C(C)C)CC1,12.297000,1,labels
COc1cccc(COC2CCCN(C(=O)CC(C)C)C2)c1,12.296700,1,labels
O=C(COC(=O)c1cc2c([nH]c1=O)CCC2)NC(C1CC1)C1CC1,12.296500,1,labels
COCc1ccccc1CNC(=O)c1cnn(-c2ccc(F)cc2)n1,12.296200,1,labels
CCNC(=O)c1cccc(NC(=O)c2ccc(-n3ccnc3)nc2)c1,12.295300,1,labels
O=C(NCc1cccc2cccnc12)C1CCOC1,12.294900,1,labels
NC(=O)c1ccc(NC(=O)C(N)c2ccccc2)cc1,12.293600,1,labels
CCOc1ccccc1-c1noc(-c2ccncc2)n1,12.292300,1,labels
Cc1ccnc2nc(C(=O)NCc3cccnc3)nn12,12.292000,1,labels
CC(=O)Nc1ccc(OC(=O)c2ccccc2O)cc1,12.290400,1,labels
O=C(NCC1CCCO1)c1cccc2cccnc12,12.290000,1,labels
O=C(NCCNC(=O)C1(c2ccccc2F)CC1)c1ccccc1O,12.289900,1,random
CC(=O)NCc1nc(-c2ccccc2)nn1-c1cccc(C)c1,12.289300,1,labels
CC(=O)Nc1cc(NC(C)=O)cc(C(=O)OCCc2ccccc2)c1,12.289200,1,labels
CC(C)c1noc(CCCNc2ncnc3c2cnn3C)n1,12.289000,1,labels
O=C(Cc1ccc(F)cc1F)OCCNc1ncnc2ccccc12,12.288100,1,labels
Fc1ccccc1-n1cnc2cc3c(cc21)OCCO3,12.287100,1,labels
O=C(NC1COc2ccccc2C1)c1cc(=O)[nH]c2ccccc12,12.286000,1,labels
CCCNC(=O)c1cccc(NC(=O)C2CC=CC2)c1,12.285800,1,labels
O=C1N(Cc2ccc(F)cc2)c2ccccc2C1(O)Cc1ccncc1,12.284700,1,labels
CCOCCCNC(=O)C1CCN(C(=O)C2(C#N)CCCCC2)CC1,12.283900,1,random
CC(c1ccncc1)N(C)C(=O)c1cc(-c2ccccc2)no1,12.282100,1,labels
O=C(c1c[nH]cn1)N1CCOC(Cc2cccc(F)c2)C1,12.282000,1,random
COCc1nc2nccc(-c3ccc(-c4ccccc4)cc3)n2n1,12.281400,1,labels
CCC(CC(C)CO)Nc1ncnc2ccc(F)cc12,12.280900,1,labels
Oc1cccc(-c2nnc3c4cnn(-c5ccccc5)c4ncn23)c1,12.279700,1,labels
CNC(=O)c1ccc(CNC(=O)CCCc2cc(F)ccc2F)cc1,12.279300,1,random
COC(=O)C1CCc2ccccc2N1C(=O)C1CCCC1,12.278400,1,labels
O=C(CCc1ccccc1)C1CCCN(C(=O)c2cnc[nH]c2=O)C1,12.277500,1,labels
O=C(Cn1cc(CO)nn1)Nc1ccc2c(c1)OCO2,12.276300,1,labels
C=CCN(Cc1ccccc1OC)C(=O)c1cc2ccccc2oc1=O,12.276200,1,labels
CNC(=O)CC1CC2(CCN(C(C)=O)CC2)c2ccccc21,12.275200,1,labels
Cc1occc1CN(C)C(=O)C(NC(=O)c1ccco1)C(C)C,12.274600,1,labels
CC(Cn1cncn1)NC(=O)c1ccc(-c2ccco2)[nH]c1=O,12.274400,1,labels
N#Cc1cccc(CNC(=O)Nc2ccnn2C2CCCCC2)c1,12.274200,1,random
O=C(NC(c1ccc(F)cc1)C1CC1)N1CCC2(CC1)OCCO2,12.272100,1,labels
CCC(C)Oc1ccccc1-c1cc(CC#N)c(=O)n(C)n1,12.272000,1,labels
CCC1CN(C(=O)CNC(N)=O)CCC(=O)N1Cc1ccccc1,12.271300,1,labels
CNC(=O)C1CCCCN1C(=O)c1ncccc1O,12.271000,1,labels
Cc1cccc(NC(=O)CCc2nc3ccccc3c(=O)[nH]2)n1,12.271000,1,labels
CCOc1ccccc1CC(C#N)C(=O)NC(C)(C)C,12.270800,1,labels
COCCNC(=O)N1CCC(c2nc(-c3ccccc3)no2)C1,12.270000,0,static
Cc1noc(C)c1CCCNC(=O)N(C)C(C)C1CC1,12.268100,1,labels
CCc1ccc(C(=O)Nc2ccc(C(=O)NC(C)CC)cc2)o1,12.267900,1,random
CCN(C(=O)c1cc(C)nc2ccc(F)cc12)c1ccccc1,12.267400,1,labels
O=c1cnc2ccccc2n1Cc1cncn1C1CC1,12.267000,1,labels
CC(OCc1ccccc1)C(=O)Nc1cnc2ccccc2c1,12.266800,1,labels
CC(Cc1ccccc1)NC(=O)C1COc2ccccc2O1,12.266600,1,labels
COCC(C)NC(=O)c1cccc2c1OC(C)C2C,12.266500,1,random
Cc1cc(NC(=O)CCn2ccnc2-c2ccncc2)no1,12.266400,1,labels
Cc1nc(C2CCN(C(=O)c3cccc(-c4ccoc4)c3)CC2)no1,12.266200,1,labels
COc1ccc(CN2CC(C(=O)NCC3(C)CCCC3)CC2=O)cc1,12.266000,1,random
CC(C)(O)CCc1cccc(C(=O)NCc2cc(C3CC3)on2)c1,12.265900,1,random
CCOc1ccc(C(=O)N(Cc2ccccc2F)C2CC2)cc1,12.265800,1,random
COc1cc(C#N)ccc1OCC(=O)c1ccc2c(c1)NC(=O)CO2,12.265100,1,labels
CC(C)CNC(=O)C1c2ccccc2CC(=O)N1Cc1ccccc1,12.265100,1,labels
CCOC(CC)C(=O)N(C)Cc1cccc(C(N)=O)c1,12.264200,1,labels
Cc1cnn(CC2CCCN2C(=O)c2cccc(-n3cnnn3)c2)c1,12.263000,1,random
O=C(c1cccc(Oc2ccccc2)c1)N1CCCC1,12.262700,1,random
CCCNC(=O)CCCn1c2ccccc2c2cn[nH]c(=O)c21,12.262300,1,labels
NC(=O)c1ccc(C#CCNC(=O)COc2ccccc2)cc1,12.261700,0,static
Cc1cccc(CN(Cc2ccccn2)C(=O)Cn2cnnn2)c1,12.260700,1,labels
CN1CC(C(=O)Nc2cccn(Cc3ccc(F)cc3)c2=O)CC1=O,12.260300,1,random
Cc1cccc(NC(=O)CCc2c(C)nc3ncnn3c2C)n1,12.260300,1,random
COc1ccc2c(c1)OCC(CNC(=O)c1ccno1)C2,12.260100,1,labels
Cc1ccc(-c2n[nH]c3c2C(c2cccnc2)NC3=O)cc1,12.259700,1,labels
CC1CC=CCC1COC(=O)C1CC(=O)N(Cc2ccco2)C1,12.259700,1,random
COC1CN(C(=O)c2cccn2C)C2CCCOC12,12.259700,0,static
COc1ccc2nc(C)c(C(=O)Nc3ccc(F)cc3F)cc2c1,12.258300,1,labels
COc1cc2ncn(CC(=O)NC(C)C)c(=O)c2cc1OC,12.257200,1,random
CCCC(C#N)CC(=O)Nc1ccc2c(c1)OCCO2,12.256800,1,labels
CCn1cnnc1CNC(=O)c1occc1-c1ccccc1,12.256600,1,labels
CCN(C(=O)c1ccco1)c1cccc(NC(=O)c2ccco2)c1,12.256000,1,labels
CCC(C)n1nccc1NC(=O)c1ccc2c(c1)OCO2,12.253900,1,random
CC1CN(C(=O)NCCOc2ccc(F)cc2)CCO1,12.252400,1,labels
COc1ccnc(NC(=O)C2(C)CCCN2C(=O)c2ccccc2)c1,12.252300,1,labels
N#Cc1ccccc1Cn1nncc1-c1ccc2c(c1)CCC2,12.252200,1,labels
CCc1noc(CNc2cccc(C(N)=O)c2C)n1,12.252100,1,labels
CC(C)COC(=O)N1CCn2nc(C(=O)Nc3ccccc3)cc2C1,12.251800,0,static
O=C(Cn1c2ccccc2c(=O)c2ccccc21)NCCCO,12.251100,1,labels
O=C(CCNC(=O)c1cnn[nH]1)NCc1cccnc1,12.249900,1,labels
CC(=O)NC(CC(=O)NCCc1ccccc1)c1ccc(C)cc1,12.249800,1,labels
CCOC(=O)c1ccn2ncnc(Nc3cccc(OC)c3)c12,12.249300,1,labels
Cc1cccc(-n2nc(C(C)(C)O)c(=O)cc2C)c1,12.247200,0,static
NC(=O)N1CCCC(C(=O)OCC#Cc2ccccc2)C1,12.247100,1,labels
COCCC(=O)NC1CC(=O)N(Cc2cccc3ccccc23)C1,12.247100,1,random
O=C(Cc1cccc(NC(=O)c2[nH]nc3c2COCC3)c1)NC1CC1,12.246700,1,labels
FC(F)Oc1cccc2c1CCNC2c1ccc[nH]1,12.245200,1,labels
Cc1noc(C)c1CN(C)C(=O)CN1CC(c2ccccc2)CC1=O,12.244800,1,labels
CCOCC(=O)N1CCCC(c2nc(CC(C)C)no2)C1,12.243900,1,labels
Cc1ccc(C(=O)N2CCOCC2c2ccccc2)c(C)n1,12.242400,1,labels
CC1CN(C(=O)c2c[nH]c3ccccc23)CC(C)O1,12.242400,1,random
CCOC(=O)c1c(C)c(C(=O)NC2CCCCC2C)c(C)n1C,12.241900,1,labels
Cc1ccc(C)c(CC(=O)OCC(=O)N2CCOCC2)c1,12.241800,1,labels
Cc1cc(C(C)NC(=O)NCC(F)(F)F)c(C)o1,12.241400,1,labels
O=C(CCN1C(=O)CCc2ccccc21)NCCc1ccc(F)cc1,12.241300,0,static
Cc1ccc(C(=O)N2CCCC2C(N)=O)cc1NC(=O)C1CC1,12.241000,1,labels
CN(CC(=O)NCc1nc(-c2ccccn2)no1)C(=O)OC(C)(C)C,12.239000,1,labels
O=C(NCCc1ccccc1F)NCc1cn(-c2ccccc2)nn1,12.239000,1,labels
CCOc1cccc(C2NC(=O)NC(C)=C2C(=O)OC)c1,12.236800,1,labels
CCN(Cc1ccccc1)C(=O)CNC(=O)C1CC=CCC1,12.235400,1,random
COC(=O)CCN(CC1CCCO1)C(=O)c1ccc(C)nc1,12.235400,1,random
COCc1nc2n(n1)CC(NC(=O)Nc1cccc(F)c1)CC2,12.235200,1,labels
CCC(NC(=O)CCc1nc2ccccc2[nH]1)C(C)C,12.233600,1,random
Cc1ccc(NC(=O)C2CC(=O)N(c3ccccc3)C2)cc1F,12.232400,1,labels
CC(C)(C)C(O)CCNC(=O)c1ccc2ccccc2c1,12.232000,1,labels
N#Cc1ccccc1OCC(=O)Nc1ccccn1,12.231800,1,labels
CC(C)CCC(=O)Nc1ccc(C(=O)N2CCC(C)CC2)cc1,12.231700,1,labels
Cc1ccc(CC(=O)N(C)Cc2ccoc2C)cn1,12.231600,1,labels
CN(C(=O)C1CC(=O)N(C2CC2)C1)C1CCCCC1,12.231400,1,labels
C#CCN(CC=C)C(=O)c1cc(Cn2nc(C)cc2C)[nH]n1,12.229800,1,random
CCCNC(=O)CNC(=O)c1ccccc1C(=O)c1ccc(C)cc1,12.229400,1,labels
COCC(=O)N1CCCC(c2nnc(Cn3cccn3)n2C)C1,12.229400,1,labels
Cc1nc2cc(-c3ccc(=O)[nH]n3)ccc2n1Cc1ccccc1,12.228300,1,random
Nc1cnn(CCOc2ccc(C(F)(F)F)cc2)c1,12.226600,1,labels
Cc1ccc(CC(=O)Nc2cccc(-c3nc(C)cc(=O)[nH]3)c2)cc1,12.226600,1,labels
O=C(Nc1ncccn1)c1ccc(COc2ccc(F)cc2F)o1,12.226500,1,labels
N#Cc1cccc(OCC(=O)NCCCc2ccccc2)c1,12.226100,1,labels
O=C(NCCCn1cccn1)Nc1nc2ccccn2n1,12.226000,1,labels
CC(CC1CCCC1)C(=O)Nc1cccc(-n2cnnc2)c1,12.225200,1,labels
CN(Cc1nc2ccccc2[nH]1)C(=O)CCC(=O)c1ccccc1,12.225100,1,random
CCC(C)(C)C(=O)N1CCC(C(=O)N2CCCC2)CC1,12.224900,1,labels
O=C(c1cnc[nH]1)N1CCC(Oc2cccnc2)CC1,12.224200,1,labels
O=C(NCC(=O)N1CCCCC1)c1cnc2cccnn2c1=O,12.223900,1,labels
CC(NC(=O)c1ccoc1)C(=O)N(C)C(C)c1ccccc1F,12.223700,1,labels
O=C(NCC#CCOc1ccccc1F)c1cccnc1,12.223300,1,labels
CCCNC(=O)CCNC(=O)Nc1cccc(C)c1,12.223100,0,static
CCCNC(=O)NCc1cccc(NC(=O)C2CCCC2)c1,12.222800,1,labels
COC(=O)c1nn(C)c2nc(N)nc(N)c2c1=O,12.221900,1,labels
CC(=O)Nc1ccccc1C(=O)N1CCCCC1c1cccnc1,12.221600,1,labels
CCc1[nH]c(C(=O)Nc2cc(OC)ccc2F)c(C)c1C(=O)OC,12.221200,1,labels
COc1ccccc1C(=O)NC(C)(C)CNC(=O)OC(C)(C)C,12.219600,1,labels
O=C(CCCc1ccccc1)N1CCN(c2ccccc2)C(=O)C1,12.219300,1,labels
Cc1cc(C)n(-c2cccc(C(=O)Nc3ccccn3)c2)n1,12.218200,1,labels
O=C(Nc1ccccc1)c1c[nH]c2cccc(F)c12,12.218000,1,labels
O=C(NCc1cc(N2CCOCC2)ncn1)c1ccn2nnnc2c1,12.217500,1,labels
O=C1c2cccnc2C(Nc2ccccc2F)N1Cc1ccccc1,12.215300,1,labels
Cc1ccccc1OCCOC(=O)c1n[nH]c(=O)c2ccccc12,12.215000,1,labels
O=C(OCCc1cccnc1)C1CC1c1ccccc1,12.214100,1,labels
CCc1cc(C(=O)N2CCCC(c3cc(=O)nc4n3CCC4)C2)no1,12.213900,1,labels
CCn1c2ccccc2n2c(C(=O)OC)c(C)nc12,12.213800,1,random
Cc1c[nH]c(=NC(=O)C2CC(=O)N(C)C2c2ccc(F)cc2)[nH]1,12.213100,1,labels
COC(=O)c1ccc2c(c1)CCN2C(=O)Cc1ccn(C(C)C)n1,12.213100,1,random
COc1ccc2c(=O)n(-c3ccc(NC(C)=O)cc3)cnc2c1,12.212900,1,labels
CCOC(=O)CCN1C(=O)COc2c(OC)cc(CO)cc21,12.212600,1,labels
CC(=O)NCCC(=O)NC(c1ccccc1)c1ccccc1,12.212500,1,labels
CCOc1cccc2cc(-c3nc(-c4ccccn4)no3)c(=O)oc12,12.212300,1,labels
Cn1cccc1C(=O)OCC(=O)N(Cc1ccccc1)C(C)(C)C,12.211300,1,labels
CC(=O)NCC(=O)NCc1cccc(NC(=O)c2ccc(C)cc2)c1,12.211000,1,labels
C#Cc1cccc(NC(=O)CNC(=O)NCCc2cccc(F)c2)c1,12.211000,1,labels
Cn1ncc2c(c(-c3ccccc3)nn2Cc2ccccc2)c1=O,12.211000,1,labels
CC(C)n1cnnc1CNC(=O)c1cccc(-c2ccoc2)c1,12.210200,1,labels
CC(=O)NC(C)C(=O)NCc1ccc(C(=O)N(C)C)cc1,12.210200,1,labels
COCC(=O)N1CCN(C(=O)NC(C)CCCC(C)C)CC1,12.209700,1,labels
Cc1cccc(NC(=O)c2cc(C)n3nccc3n2)c1C,12.209300,0,static
COC(=O)c1cccc(C(=O)Nc2ccc(OC)cc2)c1,12.209000,1,labels
Cc1ccnc(-c2cccc(NC(=O)c3cccc(F)c3)c2)n1,12.208900,1,labels
Cc1nn(C)c(C)c1CC(=O)OCCn1c(=O)oc2ccccc21,12.208600,1,labels
OCCc1ccccc1-n1ccnc1-c1coc(-c2ccccc2)n1,12.208600,1,labels
COc1cccc(C(=O)Nc2cccc(Cn3cccn3)c2)c1,12.208000,1,labels
COc1cc(OC)cc(C(=O)Nc2ccccc2)c1,12.207400,1,labels
COc1cccc(NC(=O)COC(=O)c2cccc(C)c2O)c1,12.207200,0,static
C=CCNC(=O)N(Cc1ccc(C(=O)NC2CC2)cc1)C1CC1,12.206700,0,static
Nc1ccccc1NC(=O)Cn1cnc2ccccc21,12.206400,1,labels
Cc1c(NC(=O)c2ccccc2)c(-n2cnnc2)nn1C,12.206400,1,random
C#CCNC(=O)NCC(=O)N1CCCc2ccccc21,12.206300,1,labels
COc1cc(C2c3c(oc4ccccc4c3=O)C(=O)N2C)ccc1O,12.206300,1,labels
CC1CN(C(=O)NCCCOC(C)c2ccccc2)CC(C)O1,12.206200,1,labels
CN(C)C(=O)c1ccc(CNC(=O)NC(C2CC2)C2CC2)cc1,12.204400,1,labels
O=C(NCC(=O)N1CCCc2ccccc21)C1CCCCC1,12.203100,1,labels
COCc1n[nH]c(-c2cccc(OC)c2C(=O)N(C(C)C)C(C)C)n1,12.202900,1,labels
Cc1nccc(-c2nnc3nc(-c4ccccc4)nn3c2C)n1,12.202600,1,labels
O=C(CC1=CCCCC1)NCCNC(=O)c1ccc(F)cc1F,12.200700,1,labels
O=C(Nc1ccc(NC(=O)C(O)c2ccccc2)cc1)C1CCCO1,12.200400,1,labels
CCCC1CN(C(=O)CNC(=O)c2ccoc2C)CCO1,12.200200,1,labels
O=C(NCCc1nnc2n1CCCC2)C1(c2cccc(F)c2)CCC1,12.200200,1,labels
CCOc1ccc(C(C#N)NCc2ccccc2)cc1,12.200100,1,labels
NC(=O)c1ccccc1OCc1cc(F)ccc1N,12.200100,1,random
O=C(NCCc1ccc(O)cc1)Nc1ccc2oc(=O)ccc2c1,12.199900,1,labels
Cn1cncc1-c1nnc(C2CCN(C(=O)c3cccnc3)C2)o1,12.199800,1,labels
CC(C)(C)C(=O)NCC(=O)NCc1cnn(-c2ccccc2)c1,12.199700,1,random
O=C(NCc1ccccc1)NC1(C(=O)Nc2ccccn2)CCCC1,12.199600,1,labels
CCNC(=O)c1ccc(-n2nc(C)c3c2CCC3)nc1,12.199100,1,labels
CCOC(=O)N1CCN(C(=O)N(CC)CC)CC1,12.199100,0,static
COC(=O)C(NC(=O)c1ccc2c(c1)OCCCO2)c1ccccc1,12.198300,1,labels
CCCCN1CC(C(=O)NCc2ccc(OC)cc2)CC1=O,12.197900,1,labels
O=C(NC1CCC1)c1cc(CN2CCOCC2)on1,12.197800,1,random
Cc1cccc(O)c1NC(=O)Cc1c(C)nn(CC(F)(F)F)c1C,12.197000,1,random
CCC(C)NC(=O)CCNC(=O)c1cccc(N)n1,12.196900,1,labels
CN(C(=O)COc1cccc2c1CCC2=O)c1ccccc1,12.196900,1,random
C=CCN1CC2=C(C1=O)C(c1ccc(OC)cc1)NC(=O)N2,12.196800,1,labels
Cc1ccc(C(=O)NC2=CC3N=CC=C3C=C2)cc1,12.195800,1,labels
Cc1ccc(CN(C)C(=O)Cn2c(=O)oc3cccnc32)o1,12.195200,1,labels
CC(C)OCC(O)COc1ccc2cn[nH]c2c1,12.194800,1,labels
CCC(=O)N1CCc2c(C(=O)NCCCOC)cccc21,12.193900,1,labels
CN(CCOc1ccccc1F)C(=O)NCc1ccc(C#N)cc1,12.193000,1,labels
Cc1ccc(C(=O)NCC2(O)CCc3ccccc32)cc1C,12.191300,1,labels
CCc1c(C(=O)Nc2ccc(C(N)=O)cc2)cnn1-c1ccc(C)cc1,12.190400,1,labels
O=C(NCCC(=O)N1CCCC1)Nc1ccc(OC(F)F)cc1,12.189500,1,labels
COc1cccc(-c2nc(C3CCOC3)no2)c1OC,12.189200,1,labels
O=C(CC1Oc2ccccc2NC1=O)Nc1cccc2cccnc12,12.189100,1,random
COc1ccc2nc(C(=O)NCC3CC3C)ccc2c1,12.188400,1,labels
CC(C)(C)NC(=O)C1CN(C(=O)COc2ccccc2F)C1,12.188300,1,random
CCCC(=O)N1CCCC1C(=O)N1CCCCC1C,12.187900,1,labels
COc1ccc(-n2cc(CNC(=O)C3CC3)nn2)cc1,12.187300,1,labels
COC(=O)C1(c2ccccc2)CCN(C(=O)CN(C)C(C)=O)CC1,12.187100,1,labels
N#CC(C(=O)Cc1ccc2c(c1)CCCC2)c1nc2ccccc2[nH]1,12.187000,1,labels
CCOc1c(OC)cccc1C(=O)NCc1ccccc1,12.186600,1,labels
COCCOCCNC(=O)C1CC(=O)Nc2ccccc21,12.186600,1,labels
COC(=O)c1ccc(C(=O)NCCc2nc3ccccc3[nH]2)cc1,12.185500,1,labels
Cc1ccc2ncc(C(=O)N3CCCCCC3c3ccncc3)n2c1,12.185300,1,random
Cc1ccc(C(=O)CCC(=O)Nc2ccccc2O)cc1,12.185100,1,labels
CCCCOc1cccc(CNC(=O)c2ccoc2C)c1,12.185000,1,labels
Cc1c(C(=O)Nc2cc(C(C)(C)C)nn2C)nnn1-c1ccccc1,12.184900,0,static
Cc1ccc(OCC(=O)OCc2nc(C)no2)c(C)c1,12.183700,1,labels
CCc1[nH]c(C(=O)NCc2ccccn2)c(C)c1C(=O)OC,12.183500,1,random
CCC(=O)c1ccccc1OCC(=O)N(CC)CC,12.183000,1,labels
Cc1nn(C)c(C)c1CC(C)NC(=O)Cc1cccc(F)c1F,12.182200,1,labels
CCCC1CN(C(=O)Nc2ccc(F)cc2OCC#N)CCO1,12.179900,1,labels
COC(=O)C1=C(C)Nc2ncnn2C1C=Cc1ccccc1,12.179800,1,labels
COC(=O)CN(Cc1cc(F)cc(F)c1)C1CCCC1,12.178400,1,labels
COc1ccc(-c2ccc(-c3nc(C4CC4)no3)cn2)c(OC)n1,12.178100,1,labels
CCCCCC(=O)Nc1cccc(N2CCCCC2=O)c1,12.177800,1,labels
CN(C)C(=O)c1ccccc1NC(=O)c1ccnc(OC2CCC2)c1,12.176500,1,labels
CCCCn1c(N)c(N(C)C(=O)Cc2ccccc2F)c(=O)[nH]c1=O,12.176300,0,static
CCC(C(=O)N1CC(c2nc(-c3cccnc3)no2)C1)c1ccccc1,12.175800,1,labels
CCOc1ccccc1CNC(=O)Nc1ccc(C(=O)OC)cc1,12.175200,1,labels
COc1ccccc1C(=O)N1CCCC(CCO)C1,12.174400,1,random
O=C(COc1ccc(-n2cccn2)nn1)NCCc1ccccc1,12.174200,1,labels
COCC(=O)N1CCCc2ccc(NC(=O)CC(C)C)cc21,12.174100,1,labels
C=CCOCc1nnc2n1CCN(C(=O)c1ccc[nH]1)C2,12.173800,1,labels
CCc1nn2c(nnc3c(=O)n(C4CC4)cnc32)c1-c1ccccc1,12.173700,1,labels
CCn1nc(C(O)c2ccccc2)nc1-c1n[nH]c2c1CCC2,12.172700,1,random
CCOC(=O)C1CCN(C(=O)c2ccc(NC(=O)CC)cc2)CC1,12.172000,1,labels
CC(C(=O)NC1(C)Cc2ccccc2C1)C1CCOCC1,12.171900,1,labels
CC(=O)NCC(=O)NCC(=O)Nc1cccc2c1CCCC2,12.171700,1,random
Cc1ccc(CNC(=O)c2ccccc2NC(=O)c2ccco2)cc1,12.171200,1,labels
CC(C)Oc1ccc(C(=O)N(Cc2ccco2)CC2CCCO2)cn1,12.169600,1,labels
CCn1ncc2c(C(=O)N(C)C(C)C)cc(-c3ccccc3)nc21,12.168700,1,labels
CCOC(CC)C(=O)N1CCN(C(=O)Nc2ccc(F)cc2)CC1,12.168600,1,labels
CC(C)Cn1cc(C(=O)N2CCCC2c2nc3ccccc3[nH]2)cn1,12.168000,1,labels
C=CCN(Cc1ccccc1F)C(=O)NCC(=O)N1CCCC1,12.167900,1,labels
Cc1ccn2c(-c3ccc(F)c(F)c3)nnc2c1N,12.167300,1,labels
COc1cccc(CN2CC(C(=O)N3CCNC(=O)C3)CCC2=O)c1,12.166100,1,labels
COc1ccccc1CC(=O)N(C)c1cccc2ncccc12,12.166000,1,labels
COCc1ccc(CNC(=O)N2CCN(C(=O)C(C)(C)C)CC2)cc1,12.166000,1,labels
CCc1c(C(=O)N(C)Cc2nc3ccccc3[nH]2)cnn1C(C)(C)C,12.165900,0,static
Cc1ccccc1OCC(=O)N1CC2CC1C(=O)O2,12.164800,1,labels
CC(C)c1ncc(C(=O)NCCc2ccc(F)cc2)c(N)n1,12.164200,1,labels
CCOc1cccc(C(=O)NCc2ccncc2)c1,12.164200,1,random
CC(=O)NCc1ccc(C(=O)Nc2cccc(C)c2C)cc1,12.164100,0,static
O=C(NC1CC1)c1nc2ccccn2c1-c1ccc(F)cc1,12.163100,1,labels
CC(C)CCC(C)(O)CNC(=O)c1c[nH]c2cccc(F)c12,12.162400,1,labels
CC(C)CN1C(=O)CC2(CCN(C(=O)C(C)C)CC2)c2ccccc21,12.162200,1,labels
CNC(=O)c1ncccc1C(O)c1ccc(C)cc1,12.161700,1,labels
CCc1onc(C)c1NC(=O)Nc1cc(C)cc(C)c1,12.161100,1,labels
O=C(NC1CC(O)C(CO)C1)c1cnc2ccccc2n1,12.160900,1,labels
CCOCCCN1CC2=C(C1=O)C(c1ccccc1C)NC(=O)N2,12.160400,0,static
CCc1nc2n(n1)CCCC2NC(=O)NCc1ncc(C(C)(C)C)o1,12.159700,1,labels
CCCCN1CC(C(=O)Nc2c(C)cc(C)cc2C)CC1=O,12.159600,1,labels
COC(=O)c1ccc(C2CCc3nc(N)nn3C2C)cc1,12.158000,1,random
c1ccc(-n2cnc3cc(-c4ccncc4)ccc32)cc1,12.157600,1,labels
CCOC(=O)c1ccc2c(c1)nc1[nH]c(NC)nn12,12.157600,1,labels
O=C(Nc1cccnc1)c1ccc(-c2cncnc2)o1,12.157400,1,labels
Cc1nn(C)c(C)c1CNC(=O)CCC1CCCC1,12.156400,1,labels
CC(=O)c1ccc(Oc2ccc(C(=O)Nc3cc[nH]n3)cc2)cc1,12.156300,1,labels
CCOC(=O)c1c(C)[nH]c(C(=O)NC2CCOc3ccccc32)c1C,12.156000,1,labels
CCN(Cc1nccn1Cc1c(C)cc(C)cc1C)C(=O)C1CC1,12.155800,1,labels
COc1ccc(C(=O)CNC(=O)c2cccnc2)cc1C,12.155800,1,random
CCc1nc2n(n1)CCCC2NC(=O)c1cc2cccc(OC)c2o1,12.155700,1,labels
COC1(CNC(=O)c2cccnc2)C2CC3CC(C2)CC1C3,12.155200,1,random
COCCC1CCN(C(=O)CN(C)C(=O)c2ccccc2F)CC1,12.155000,1,labels
CCC(C)Oc1ccc(-c2cc(CO)c(=O)n(C)n2)cc1,12.153800,1,labels
Cc1ccc(NC(=O)Cn2nc3c4ccccc4ncn3c2=O)c(C)c1,12.152600,1,labels
Cc1nc(-c2cccc(CNC(=O)C3CC4CCC3C4)c2)n[nH]1,12.152600,1,labels
O=C(NCC1COCCO1)C1CC(=O)N(c2cccc(O)c2)C1,12.151900,1,labels
CN(Cc1ccco1)C(=O)c1nn(-c2ccc(F)cc2)c2c1CCC2,12.151600,1,random
COc1cccn(Cc2ccc(C(N)=O)cc2)c1=O,12.151500,1,labels
Cn1cc(C(=O)NCC2CCCO2)c(=O)c2cccc(F)c21,12.151500,1,random
CCN1C(=O)c2[nH]nc(-c3ccccc3O)c2C1c1cccc(O)c1,12.150800,1,labels
COc1ccccc1NC(=O)C1COc2ccccc2O1,12.150500,1,labels
Cc1ccc(NC(=O)C2CCN(C(=O)OC(C)(C)C)CC2)cc1F,12.150400,1,labels
CC1(C)C2CCC1(C)C(NC(=O)c1ccc(N3CCCC3=O)cc1)C2,12.150100,1,labels
O=C(CCC1CCCO1)N(Cc1cccnc1)c1ccc(F)cc1,12.149500,1,labels
CCC(=O)Nc1cccc(NC(=O)COCC2CC2)c1,12.149400,1,random
Cn1cccc(NC(=O)c2ccc3c(c2)NC(=O)CO3)c1=O,12.148800,1,labels
CC1=C(C(=O)Nc2cccnc2)C(c2cccc(O)c2)n2nnnc2N1,12.148600,0,static
Cc1ccccc1CC(=O)Nc1ccc2[nH]nc(C(N)=O)c2c1,12.148500,1,labels
COC(=O)CN1C(=O)C(C)Oc2cccc(N)c21,12.148500,1,labels
Cc1n[nH]c(C)c1CCOC(=O)Cc1ccn(-c2ccc(F)cc2)n1,12.148500,1,labels
C=CCCCN(C)C(=O)c1ccc(C)c(NC(=O)c2ccco2)c1,12.147700,1,labels
O=C(NCc1nnc2n1CCC2)N1CCOC(c2ccc(F)cc2)C1,12.147200,1,labels
CC(=O)Nc1ccc(CNc2nnc(CC(C)(C)C)o2)cc1,12.146800,1,labels
CCc1cccc(C)c1NC(=O)NCc1cc(C(=O)OC)c(C)o1,12.146200,1,labels
COc1ncccc1C(=O)N1CC(c2nc(-c3ccncc3)no2)C1,12.146000,1,labels
CC(=O)N1CCC(C(=O)NC(C)C(N)=O)(c2ccccc2)CC1,12.146000,1,labels
CC(C)n1cccc1C(=O)N1CCC(OCc2ccc(F)cc2)CC1,12.146000,1,random
O=C1CCc2cc(OCC(=O)n3[nH]c(=O)c4ccccc43)ccc2N1,12.145400,1,labels
Cc1ccc(CN(C)C(=O)COC(=O)c2n[nH]c3ccccc23)o1,12.145300,1,labels
O=C(c1ccccc1O)N1CCC(c2nc3ccccc3[nH]2)CC1,12.144200,1,labels
CCOc1cccc(NC(=O)N2CCNC(=O)C2)c1,12.144200,1,labels
Cc1cccc(NC(=O)c2cccc3c(=O)c4cccc(F)c4[nH]c23)c1,12.143800,1,random
COc1cc2c(cc1O)N=CC1CCC(O)N1C2=O,12.143700,1,labels
CN(C)C(=O)N1CCN(C(=O)CNC(=O)C2CCCC2)CC1,12.143700,0,static
Cc1ccc(C(=O)NC2CC=CCC2C(N)=O)cc1NC(=O)C1CC1,12.143000,1,labels
Nc1ccccc1C(=O)OCC(=O)Nc1ccccn1,12.142700,1,labels
COCCNC(=O)C1CCN(c2cc(C)cc(C)c2)C1=O,12.142700,0,static
COC(=O)c1ccc(OC(C)C(=O)Nc2ccc(F)cc2)c(OC)c1,12.142600,1,labels
COc1ccc(CNC(=O)COC(=O)c2ccccc2C)cc1,12.142500,1,labels
CC(C)n1ncc2cc(C(=O)N3CCc4ccccc43)cnc21,12.142400,1,labels
COC(C)C(=O)Nc1cccc(NC(=O)C(C)(C)C)c1,12.141600,1,labels
C#CCCCCNC(=O)N1CCC(OCc2ccc(F)cc2)CC1,12.141200,1,random
CC(C)(CNC(=O)C1OCCc2ccccc21)c1ccncc1,12.139600,1,random
CN(C(=O)CCc1cnn(-c2ccccc2)c1)C1(C#N)CCC1,12.139000,0,static
CC1CN(CC(=O)NCC(=O)Nc2ccc(F)cc2)CCO1,12.138900,1,random
CCOc1ncccc1NC(=O)c1cc2nc(C)ccc2o1,12.138800,1,labels
COc1cc(C(=O)OCC2CC2)cc(OC)c1OC,12.138500,1,labels
O=C(Cc1ccc[nH]1)NCc1ccc(OCC(F)(F)F)nc1,12.138000,1,labels
CC(NC(=O)Cn1c(=O)oc2ccccc21)c1ccc2c(c1)OCO2,12.137700,1,labels
O=C(Nc1cccc(OCc2ccccn2)c1)C(O)c1ccccc1,12.137500,1,labels
Cc1ccc(-c2noc(CNc3ccc(-n4cnnn4)cc3)n2)cc1,12.137000,1,labels
CC(C)c1nc(C(N)=O)c2[nH]c(=O)n(-c3ccc4c(c3)OCO4)c2n1,12.136200,1,labels
COC(=O)NCC(=O)NCCc1ccc(OC)cc1,12.135500,1,labels
CC(=O)Nc1cccc(NC(=O)c2cn3cccnc3n2)c1C,12.134300,1,labels
N#Cc1nc(COc2ccccc2F)oc1N1CCCCC1,12.134000,1,labels
CCN(C(=O)Cc1ccc2c(c1)NC(=O)C2)C(C)c1ccc(F)cc1,12.133900,0,static
COc1cccc(C(=O)Nc2ccc3[nH]ncc3c2)c1,12.133600,1,labels
CCOC(=O)C1=C(C)C(C(=O)Nc2ccc(NC(C)=O)cc2)=NC1C,12.133600,1,labels
COc1cccc(C(=O)NCC2(O)CCCC2)c1OC,12.133400,1,labels
C#CCN(c1ncnc2c1cnn2C)C1CCCCC1,12.133200,0,static
CCCOc1cccc(C(=O)NCc2cccnc2)c1,12.132600,1,labels
Cc1cc(F)ccc1CCNC(=O)N(C)Cc1cnn(C)c1,12.132400,1,labels
Cc1ccc(C(=O)NCC(O)c2ccc(C)o2)c(C)c1,12.132400,0,static
CC(=O)NC(CC(=O)NCC(O)c1ccco1)c1ccc(C)cc1,12.132300,1,labels
COc1cccc(-c2ccc(=O)n(CC(=O)Nc3ccc(C)cc3)n2)c1,12.132200,1,random
CC(C)CC(O)CNC(=O)Nc1ccc2c(c1)COC2,12.131400,1,labels
Cc1cc(-c2nnc(NC(=O)CCc3ccccc3)o2)c(C)o1,12.131200,1,labels
COc1ccc(Cc2nnc(NC(=O)c3ccc(C)c(C)c3)o2)cc1,12.130300,0,static
O=C(NCc1ccc(Oc2ccc(F)cc2)nc1)NC1CC1,12.129700,1,random
O=C(NCCOc1cccnc1)c1ccc2c(c1)C(=O)c1ccccc1-2,12.128800,1,labels
CCc1nc(C)c(C(=O)N(C)C(C)c2ccc3c(c2)OCCO3)o1,12.128500,1,labels
CC(C)Oc1nc(-c2ccncc2)nc2ccccc12,12.127700,1,labels
O=C(Nc1cccc(Cn2ccnc2)c1)c1cc2c(F)cccc2[nH]1,12.127000,1,labels
Cc1cc(C)nc(-n2cc(C(=O)OC3(C4CC4)CC3)c(C)n2)n1,12.126700,1,random
NC(=O)C1CCN(C(=O)NCCCCc2ccccc2)CC1,12.125900,0,static
Cc1nc(C)n(-c2ccccc2NC(=O)NC(C2CC2)C2CC2)n1,12.125600,1,labels
Cc1cc(C)n(-c2ccc(C(=O)NCCNC(=O)C3CC3)cc2)n1,12.124300,1,random
CC1Cc2ccccc2N1C(=O)c1ccc(Cn2cccn2)o1,12.123800,1,labels
Cc1n[nH]c(C)c1NC(=O)c1ccc(C(C)(C)C)cc1,12.123600,1,labels
Cc1cc(NC(=O)NC2(c3noc(C)n3)CCCC2)n(C(C)(C)C)n1,12.123100,1,labels
CC(=O)c1ccc(OCCCC(=O)N(C)c2ccccc2)cc1,12.122800,1,labels
Cn1cc(CCC(=O)N2CCC(NC(=O)CC3CCCC3)CC2)cn1,12.121200,0,static
CCCCOc1ccc(C(=O)NCC(=O)N2CCCCC2C)cc1,12.120500,0,static
CC(C)(NC(=O)c1cc2c([nH]c1=O)CCCC2)c1ccc(F)cc1,12.120400,1,labels
COc1ccc(-c2nc(CNC(=O)c3ccoc3C)n[nH]2)cc1,12.119500,1,labels
COc1ncccc1CNc1ncnc2c1cnn2CCC#N,12.119300,1,labels
CC(=O)N(C)Cc1nc2ccccc2n1CC(=O)N1CCCCCC1,12.119100,1,labels
COC(=O)c1ccc(Nc2ccc(F)c(N3CCCC3=O)c2)nn1,12.118100,1,labels
Cc1ccc(Cn2cc(NC(=O)Cc3ccccc3)cn2)cc1,12.117600,1,labels
O=C(c1ccc(N2CCNC2=O)cc1)N1CCCC1,12.116100,1,labels
COc1ccc(C(=O)NCC2(O)CCOc3ccccc32)cc1,12.115400,1,labels
COc1ccccc1C(=O)Nc1ccc2nc[nH]c2c1,12.114700,1,labels
CNC(=O)COc1ccc(C(=O)NCc2ccc(F)cc2)cc1OC,12.114200,1,labels
CCN(C(=O)CCN1C(=O)CCc2ccccc21)C(C)C(C)C,12.113600,0,static
Cc1ccc(CC(=O)NCc2ccnc(C)n2)cn1,12.112000,1,labels
CC(C)(CNC(=O)c1ccccc1-n1ccnn1)c1ccncc1,12.111500,1,labels
O=C(CCn1cccn1)N1CCC(c2ccncc2)CC1,12.111200,1,labels
CCN(C(=O)NCc1cccc(C(N)=O)c1)C1CCCCC1,12.110900,1,random
Cc1ccc(C(=O)N(CCC(N)=O)c2ccccc2)c(C)n1,12.110400,1,labels
COc1cc2c(cc1OC)C1=NCN(CCCO)C(=O)C1=N2,12.109900,1,labels
Cc1cc(C)n(Cc2ccc(C(=O)NCc3ccco3)cc2)n1,12.109700,1,labels
CCn1nc(-c2ccc(OC)c(C(C)C)c2)cc(CO)c1=O,12.109300,1,labels
CCNC(=O)CN(CC)C(=O)c1nc(-c2ccccc2)oc1C1CC1,12.108900,1,random
CC1(C)CCCN1C(=O)NCCC(=O)N1CCCC1,12.108800,1,labels
O=C(Cc1ccccc1F)Nc1cnc2n1CCCC2,12.108600,1,labels
O=C1C(Cc2ccccc2F)Oc2cc(O)ccc2N1CCO,12.108100,1,labels
Cc1ccoc1CN(CC(=O)N(C)C)CC(F)(F)F,12.107500,1,labels
Cc1ccc(-c2cc(C(=O)NC3CCc4nnc(C)n4C3)on2)cc1,12.107100,1,random
Nc1c(F)cccc1C(=O)Nc1ccc2cn[nH]c2c1,12.106800,1,labels
COc1cccc(-c2n[nH]cc2C(=O)N2CCc3ncccc3C2)c1,12.106300,1,labels
COc1ccc(C(C#N)NC(=O)C#Cc2ccccc2)c(OC)c1,12.106100,1,random
COc1ccc(-c2noc(-c3cc(-c4ccco4)[nH]n3)n2)cc1,12.106000,1,labels
CCc1onc(C)c1NC(=O)NCCc1ccc(C)cc1,12.106000,1,labels
CN(Cc1cc[nH]n1)C(=O)c1ccc(Oc2ccccc2)o1,12.105700,0,static
O=C(NCc1ccco1)Nc1cnc2ccccc2c1,12.105400,1,labels
Cc1ccc(C(=O)Nc2ccc(C(=O)c3nccn3C)cc2)c(C)c1,12.104800,1,random
Cn1cc(C(=O)N2CCOCC(Cc3cc(C(N)=O)ncn3)C2)cn1,12.104400,0,static
O=c1cc[nH]cc1NCc1c(F)cc(F)cc1F,12.103900,1,labels
CCOc1ccc(CN2C(=O)Cc3ccccc32)cc1,12.103900,1,labels
CCOCCCNC(=O)c1cc(=O)c2cc(N)ccc2o1,12.103700,1,labels
COc1ccc(-n2cc(CNC(=O)c3ccc4nncn4c3)nn2)cc1,12.102900,1,labels
Cc1cnn(CCC(=O)NCC2(c3ccccc3C)CCOCC2)c1,12.102100,1,labels
COc1ccccc1C(C)(C)CNC(=O)c1cc(C)nn1C,12.101600,1,labels
CCCC(=O)NCc1ccc2c(c1)CCN2C(=O)CC,12.101500,1,labels
CCCCC1CCC(NC(=O)N2CCOC(C(N)=O)C2)CC1,12.099500,1,labels
C#Cc1cccc(NC(=O)N(C)Cc2ccc(O)cc2)c1,12.098500,1,labels
Cc1nn(C)c2nc(-c3ccccc3)cc(C(=O)N3CCOCC3)c12,12.098100,1,labels
CCCCn1c(=O)c2c(nc3n(C)c(C)c(C)n23)n(C)c1=O,12.097400,1,labels
CCOc1cc(C(=O)Nc2nc[nH]n2)ccc1OC,12.096900,1,random
Cc1cc(C)cc(OCCC(=O)Nc2c(C)noc2C)c1,12.096600,1,labels
CC1(C)CC(=O)c2cnc3c(C(=O)NCc4ccccn4)cnn3c2C1,12.095800,1,labels
COCCNC(=O)NCCc1coc(-c2ccccc2)n1,12.095700,1,labels
CC(NC(=O)N1CCc2cc(F)ccc2C1)C(=O)NCc1ccco1,12.095200,1,labels
Cc1nnc(COc2ccc(NC(=O)CC(C)(C)C)cc2)o1,12.095000,1,labels
Cc1cc2c(cc3c(=O)n(CC(=O)NC(C)C)nc(C)n32)o1,12.094400,1,labels
Cc1ccccc1OCCN(C)C(=O)c1ccccc1-n1cccn1,12.094400,1,labels
Cc1oc(-c2ccccc2)nc1CN1C(=O)Cc2ccccc21,12.094000,1,labels
COc1ccc(-n2nnc(CO)c2C2CCCO2)c(OC)c1,12.094000,1,labels
COc1ccc(C(C)NC(=O)NC2CCCC2)cc1F,12.093600,1,labels
COc1cc(OC)c(NC(=O)C(C)c2c(C)noc2C)cc1F,12.093400,1,labels
Cc1ccc(C(=O)N2CCCC2C(=O)Nc2ccccc2C)cc1,12.093400,1,labels
Cc1ccnc(CNCc2cc(=O)c3cccc(F)c3[nH]2)c1,12.093000,1,labels
OC(CNCc1ccc(-n2cncn2)cc1)c1c(F)cccc1F,12.091600,1,labels
COc1ccnc(NC(=O)c2c[nH]cc2-c2ccc(F)cc2)c1,12.091000,1,labels
CCC1CCCC(NC(=O)NCC(O)Cc2ccccc2)C1,12.091000,1,labels
O=C(NCCOc1ccc(F)c(F)c1)Nc1ccc2c(c1)COC2,12.090700,1,labels
Cc1cc(C)cc(COc2ccccc2OCCO)c1,12.090600,1,labels
CC(=O)N(C)c1cccc(NC(=O)c2ccc(-n3ccnn3)cc2)c1,12.090400,1,labels
Cc1nc2ccccc2n(CCC(=O)NC2CCCCC2)c1=O,12.089800,1,labels
CC(C)n1nccc1NC(=O)NCCCn1cnc2ccccc21,12.089500,1,labels
O=C1CC2(CCCCN2C(=O)c2ccco2)CN1Cc1ccccc1,12.089000,1,labels
COC(C)C(=O)Nc1cccc(NC(=O)N(C)CCC#N)c1,12.088000,1,labels
CC(=O)c1cc2c(n(CC(C)C)c1=O)CCN(C)C2,12.086800,0,static
O=C(NCc1ccccn1)NC1CCCC2OCCC12,12.086400,1,labels
CCc1nn(C)c(CC)c1CN1CCN(C(=O)CC(F)(F)F)CC1,12.086400,0,static
COc1ccc(CNC(=O)c2cncc3ccccc23)cn1,12.085500,1,labels
CCNC(=O)NCc1c(C)nn(-c2ccccc2)c1C,12.084800,1,labels
CCc1nc2n(n1)CCCC2NC(=O)NCCC(=O)N1CCCC1,12.084600,0,static
CC(C)(CNC(=O)NC1CCCc2cc(F)ccc21)c1ccncc1,12.083800,1,labels
CC(C)(C)CC(=O)NCC(=O)NCC(O)c1ccc2ccccc2c1,12.083700,1,random
O=C(NCc1ccc(COCC2CC2)cc1)c1cnc2ccoc2c1,12.083500,1,labels
NC(=O)Cn1cc(NC(=O)C(OC2CCCC2)c2ccccc2)cn1,12.083300,1,labels
COc1cn2c(cc1=O)C(=O)N(CCNC(=O)CC1CCCC1)CC2,12.082700,1,labels
COc1ccc(F)cc1NC(=O)Cn1nc(C)c2ccccc2c1=O,12.081700,1,labels
O=C(c1ccccc1-c1ncc[nH]1)N1CCC2(CC1)OCCCC2O,12.081400,1,labels
CCc1ccc(CN(C(=O)Nc2ccccn2)C2CC2)cc1,12.081300,1,labels
Cc1cc(C)n(Cc2cccc(C(=O)N3CCOCC3(C)C)c2)n1,12.081200,1,labels
O=C(NCc1cccc(CN2CCCC2=O)c1)NC1CCC(O)CC1,12.080100,1,labels
O=C(NCc1cc[nH]n1)C1CCCN1C(=O)c1ccc2c(c1)OCO2,12.079400,1,random
Cc1ccc2ncc(C(=O)NCc3ccc(O)cc3)c(=O)n2c1,12.078400,1,labels
CNc1ncc(C(=O)N2CCCC2(C)C(=O)NC2CCCC2)cn1,12.078000,1,labels
CC1(C)Oc2cc(NC(=O)c3ccccn3)ccc2NC1=O,12.077600,1,labels
CC(N)C(=O)c1ccc2[nH]c(C3CCCC3)nc2c1,12.077300,0,static
CC(C)c1ccc(C2CCCN2C(=O)CCCn2cncn2)cc1,12.077100,1,labels
NC(=O)c1ccccc1NC(=O)c1ccc(OC2CCCC2)cc1,12.076900,1,labels
Cn1ccnc1C(NC(=O)CCc1ccco1)c1ccccc1,12.076300,1,labels
COCC(C)NC(=O)NC(c1nnc2n1CCC2)C(C)C,12.075000,1,labels
CC(=O)N1CCc2cc(C(=O)N3CCCc4cccc(F)c43)ccc21,12.074800,1,labels
COc1ccc(C(=O)N(CCO)C(C)(C)CO)cc1OC,12.074400,0,static
CN(Cc1ccccc1)C(=O)CCCOc1ccccc1,12.074300,1,labels
COc1ccccc1NC(=O)c1coc(NC(=O)c2ccco2)n1,12.072700,1,labels
CN(CC(N)=O)C(=O)Cn1c(=O)n(C)c2ccccc21,12.072400,1,labels
O=C(c1cc(C2CC2)n[nH]1)N1CCCC(c2nc3ccccc3[nH]2)C1,12.072200,1,labels
Cc1n[nH]c2ncc(NC(=O)c3ccccc3C(=O)N3CCCC3)cc12,12.071000,1,random
COc1ccc(-c2nnc(NC(=O)c3ccnn3C)o2)cc1OC,12.070600,0,static
c1cc2c(cc1-c1nnc3n1CCCCC3)OCCO2,12.070500,1,labels
O=C(NC1CCC2(CC1)OCCO2)N1CCOCC1C1CC1,12.069700,1,labels
CCOc1ccc(NC(=O)COC(=O)c2ccccc2O)cc1,12.069300,1,labels
CC(C)Nc1nc2c(c(=O)[nH]c(=O)n2C)n1Cc1ccccc1,12.066800,1,labels
O=C(NCc1ccc(-n2cccn2)nc1)c1ccc(OCC2CC2)nc1,12.065800,1,labels
CC(C)(C)n1cc(NC(=O)CNC(=O)Cc2ccccc2)cn1,12.064300,1,labels
COc1cccc(CC(=O)Nc2c(-c3ccccc3F)n[nH]c2C)c1,12.064300,1,labels
COc1c(NC(=O)c2coc(-c3ccccc3)n2)c(C)nn1C,12.063600,1,labels
CC(C)COc1ccc(C(=O)Nc2cccc(C(=O)N(C)C)c2)cc1,12.063600,0,static
O=C(NCc1ccc(-n2ccnc2)cc1)Nc1ccccc1,12.063100,1,labels
Cc1cc(C)n2nc(C(=O)Nc3cc(-c4ncco4)ccc3C)nc2n1,12.061300,1,labels
CC1CCC(N2CC(C(=O)Nc3cnn(C(C)C)c3)CC2=O)CC1,12.060600,0,static
O=C(CNC(=O)c1ccccc1)Nc1ccn(Cc2ccncc2)n1,12.060300,1,random
Cn1nnc2c1C(COCC1CC1)CN(Cc1ccc(F)cc1)C2,12.060200,1,labels
O=C(NCc1cccnc1)NC1CCCCc2ccccc21,12.059400,1,labels
Cc1noc(C2CN(C(=O)Cn3ccc4ccccc43)C2)n1,12.059000,1,labels
O=C(Nc1cccc(Cn2cccn2)c1)N1CCc2ccccc2C1,12.058700,1,labels
CC(=O)Nc1ccc(F)c(NC(=O)C2CCN(C(=O)C3CC3)CC2)c1,12.058400,1,labels
O=C(CC1CCc2ccccc21)NCc1nc(-c2ncccn2)no1,12.058400,1,labels
CCC(=O)Nc1ccc(O)c(C(=O)NCc2nnc3ccccn23)c1,12.058400,0,static
C=CCOCCCC(=O)NC1(C)Cc2ccccc2C1,12.057400,1,labels
CC(C)CCC(=O)NCC1CCN(c2cnn(C)c(=O)c2)C1,12.056600,1,labels
COc1ccnc(N2CCCCC2Cn2cccn2)n1,12.056200,1,labels
Cc1ccc(NC(=O)COCc2cc(-c3ccco3)on2)cc1,12.054800,1,labels
CC(C)NC(=O)Cn1nc2c3ccccc3nc(C3CC3)n2c1=O,12.054600,1,labels
CC(C)Oc1ccc(CNC(=O)c2ccncc2)cc1,12.053600,1,labels
Cn1nccc1CNC(=O)CCOCC1CCCO1,12.053300,1,labels
CCn1nc(C)c(CNC(=O)C2CCC(=O)N(CCOC)C2)c1C,12.053000,1,labels
CN(C)C(=O)COc1cccc(CNC(=O)C2(C#N)CCCC2)c1,12.052700,1,labels
COCC(NC(=O)c1cc2c(C)cc(C)cc2[nH]1)C(N)=O,12.052500,1,labels
O=C(Nc1ccccc1)C1CCCN1C(=O)Nc1ccncc1,12.051700,1,labels
CC1CCCCC1NC(=O)NCc1cccc(CN2CCCC2=O)c1,12.051700,0,static
CCCC(=O)Nc1cccc(NCc2nc(C)no2)c1,12.051300,0,static
CC(O)(CNC(=O)NCc1coc(-c2ccccc2)n1)c1ccco1,12.051000,1,labels
Cc1c(C#N)c2ccccc2n1CC(=O)N1CCc2ccccc2C1,12.049600,1,labels
Cc1cc(C)cc(NC(=O)Cn2nc(C)n3cccc3c2=O)c1,12.049500,1,labels
CCCCCNc1nc2c(c(=O)[nH]c(=O)n2C)n1Cc1ccccc1,12.049400,0,static
CNC(=O)C(C)OC(=O)c1ccc2nc(C)c(C)nc2c1,12.048800,1,random
CC(NC(=O)NCCNc1ncccn1)c1ccc(F)cc1F,12.047300,1,labels
Cc1ccc(-n2nc(C)cc2NC(=O)C2CCCCCC2)nn1,12.047100,1,labels
CC(c1ccc(O)cc1)N(C)C(=O)C1CCOCC1,12.046000,1,labels
CC(=O)Nc1ccc(F)c(C(=O)NCCCOc2ccccc2C)c1,12.045800,1,labels
COC(=O)c1ccccc1NC(=O)c1c(OC)cccc1OC,12.045200,1,labels
COc1ccc(C)cc1CCNC(=O)Cc1c(C)noc1C,12.044300,1,labels
Cc1ccccc1COC1CCN(C(=O)c2n[nH]c3ccccc23)CC1,12.044200,1,labels
Cc1cc(C)cc(OCCCn2ccc(C(C)O)n2)c1,12.044000,1,labels
CCC(=O)NCC(=O)NCc1ccc(C)c(OC)c1,12.043700,1,labels
CCC(c1ccncc1)N(C)C(=O)c1ccn(-c2ccc(F)cc2)n1,12.043000,1,labels
O=C(Nc1cccc(OCCc2cccnc2)c1)c1ccco1,12.042800,1,random
COc1cc(NC(=O)c2cn3cccnc3n2)cc(OC)c1,12.042100,1,random
COc1ccccc1OC(=O)C(C)NC(=O)Nc1ccccc1,12.041200,0,static
O=C(NCc1ccc2c(c1)OCO2)Nn1cnc2ccccc21,12.041000,1,labels
COc1ccc(CNC(=O)c2[nH]c3c(c2C)C(=O)CC(C)(C)C3)cn1,12.040100,1,labels
CCc1nn(C)c(OC)c1CNC(=O)Cc1cccc(O)c1,12.038700,1,labels
CNC(=O)C(C)CN(C)C(=O)Nc1cc(C(C)(C)C)on1,12.038600,1,labels
O=C(NC1CC2CC1N(C(=O)c1cnccn1)C2)c1ccccc1,12.038300,1,labels
CN(Cc1ccc(F)cc1)C(=O)Cc1ccc(-n2cccc2)cc1,12.038000,1,labels
O=C1COc2cc(C(=O)NCC3Cc4ccccc4O3)ccc2N1,12.036700,1,labels
COCCn1c2c(cc(C(C)=O)c1=O)CN(C)CC2,12.036600,1,labels
CC(C)CN(C)C(=O)Nc1cccc2c1OCCO2,12.036200,1,labels
Cc1ccc(NC(=O)c2ccccc2)cc1NC(=O)c1cccnc1,12.035900,1,labels
COc1ccccc1C(NC(=O)Cc1ccon1)c1ccccn1,12.035300,1,labels
Cn1c(=O)oc2cc(NC(=O)NC3CCc4ccccc43)ccc21,12.035200,1,labels
CC(C(=O)NCc1ccccn1)N1C(=O)CCCc2ccccc21,12.034600,1,labels
O=C(CN1CCOCC1C1CC1)Nc1ccccc1F,12.034600,1,labels
COCCNC(=O)NC1(c2nc(-c3cnccn3)no2)CCCCC1,12.034100,0,static
COc1cccc(C(=O)N2CCC(OCC(C)C)CC2)c1OC,12.033500,0,static
CC(Oc1cccc(C#N)c1)C(=O)Nc1ccc2[nH]nc(C(N)=O)c2c1,12.033300,1,random
CC(CCc1ccco1)Nc1cc(=O)n2ccccc2n1,12.032900,1,labels
COc1cccc2c(=O)c(C(=O)N3CCCC3)c[nH]c12,12.032700,1,labels
NC(=O)c1ccccc1NC(=O)c1ccc2c(c1)Cc1ccccc1-2,12.032300,1,labels
CCOc1cccc(C(C#N)N2CCOC(C)C2)c1,12.032000,1,labels
CCOCC(=O)N1CCN(CC(=O)Nc2ccccc2CC)CC1,12.031700,1,labels
O=C(CC1C(=O)NCCN1Cc1cccc(F)c1F)NC1CCC1,12.031000,1,labels
CC(=O)c1cccc(NC(=O)Cc2ccc(N3CCCC3=O)cc2)c1,12.030700,1,labels
COc1ccc(C(O)CNC(=O)c2ccc3c(c2)OCC(=O)N3)cc1,12.030000,1,labels
CC(=O)c1c(C)[nH]c(C(=O)Nc2cc(C)ccc2C)c1C,12.029800,1,labels
COC(=O)CC(c1c(O)n[nH]c1C)c1cccc2ccccc12,12.029800,1,random
CCn1c(C)cc(=O)c2cc(C(=O)Nc3ccccc3)ccc21,12.029600,1,labels
COc1ccc(CN(C)C(=O)CNC(=O)C2CCCCC2)cc1F,12.029200,1,labels
COc1ccc(C)cc1CCNC(=O)c1ccoc1,12.028800,1,random
CCC(=O)Nc1ccccc1OCc1cc(=O)n2cccc(C)c2n1,12.028600,1,labels
CC(C)CCN(C)C(=O)c1c[nH]cc1-c1ccccc1,12.028000,1,labels
COc1cc(CNC(=O)Cc2ccc(F)cc2F)cc(OC)c1O,12.027600,1,labels
NC(=O)CN(Cc1ccccc1)Cc1ccc(F)cc1F,12.027600,1,labels
CC(=O)NC(C(C)C)C1NCCc2c(C)cc(F)cc21,12.026900,0,static
CCCN1C(=O)CCc2cc(NC(=O)C(C)(C)C)ccc21,12.026700,1,labels
CCn1cnnc1CNC(=O)CCN1C(=O)C(C)Oc2ccccc21,12.025800,1,labels
Cc1cc(C)n(CC(=O)NCc2nnc3n2CCCCC3)n1,12.025600,1,labels
CCc1ccc(C(NC(=O)NCc2ccnn2C)C(C)(C)C)o1,12.025400,1,labels
COc1cccc(C(CC(=O)NC2CC2)n2cccc2)c1,12.025100,1,labels
COc1cc2c(cc1NC(=O)CO)oc1ccccc12,12.023400,1,labels
O=C(Cc1ccccc1O)N1CCC(C(O)Cc2ccccc2)CC1,12.023000,1,labels
Cc1ccnc(NCC2COC3(CCCCC3)O2)n1,12.022400,1,labels
CNc1ncccc1C(=O)N1CCN(Cc2ccc(F)cc2)C(=O)C1,12.021600,1,labels
CC(C)Cn1ncc(C(=O)Nc2ccc3c(c2)COC3)c1C1CC1,12.021200,1,random
COc1ccc(C(=O)Nc2ccc3c(c2)OCO3)c(F)c1,12.021100,1,labels
Cc1cccc(NC(=O)NC2CC(=O)N(Cc3ccccc3)C2)c1C,12.020500,1,labels
Cc1ccccc1C(C)NC(=O)N1CCOC(C(N)=O)C1,12.020200,1,labels
COCCCN1CC2(CCCN(c3ccc(C#N)cn3)C2)CCC1=O,12.020200,1,labels
CN(Cc1ccc(O)cc1)C(=O)Nc1ccncc1,12.020100,1,labels
Cc1cccc(C)c1NC(=O)CN(C)C(=O)NCCCn1ccnc1,12.019600,1,labels
CCc1cc(C)c(C(=O)Nc2ccc3[nH]nc(C(N)=O)c3c2)o1,12.018200,1,labels
Cc1nc(C)c(CC(=O)N2CCCC2Cc2ccc(F)cc2)c(=O)[nH]1,12.017500,1,labels
O=C(c1ccccn1)N1CCC2(CC1)CC(c1ccccc1)CO2,12.017300,1,labels
CCCCn1nc(C(=O)NCc2cc3ccccc3[nH]2)ccc1=O,12.017200,1,labels
Nc1cc(C(=O)N2CCCC2)cc(C(=O)N2CCCC2)c1,12.014800,1,labels
COc1ccc(F)c(NC(=O)CCc2ccc3c(c2)OCCCO3)c1,12.013000,1,labels
CC1CN(C(=O)c2ccc(Cn3ccccc3=O)o2)c2ccccc21,12.012300,1,labels
CCc1ccccc1OC1CN(C(=O)c2ccc3ncccc3c2)C1,12.011000,1,labels
Cc1nccn1-c1ccc(CNC(=O)N2CCC(C)CC2)cc1F,12.010400,1,labels
COc1nn(C)cc1C(=O)N1CC(c2nc(-c3ccccn3)no2)C1,12.009800,1,labels
O=C(NCc1cccc(OC2CCCC2)c1)c1cnn2ncccc12,12.009800,1,labels
CN(CCOc1ccccc1F)c1ccc(C#N)nn1,12.009700,1,labels
CCCn1ncc(C(=O)N(C)Cc2ncc(C)c(OC)c2C)c1C,12.009500,0,static
COc1c(C)cnc(CNC(=O)CN(C)C(=O)c2ccccc2)c1C,12.009200,1,labels
Cc1cc(C(=O)NC2CCN(c3nc4ccccc4o3)CC2)no1,12.008700,1,labels
O=C(COC(=O)C1=NC=CC1)Nc1ccc(Oc2ccccc2)cc1,12.008300,1,labels
Cc1ccccc1C1(CNC(=O)N2CCCC(CNC(N)=O)C2)CC1,12.007700,1,labels
N#CCCCNC(=O)c1cc2ccccc2cc1N,12.007400,1,labels
Cc1ccc(CCC2CCN(C(=O)c3cccnc3)CC2)cc1,12.007300,1,labels
CC(=O)N1CCc2cc(C(=O)Nc3n[nH]c(-c4ccco4)n3)ccc21,12.007100,1,labels
Cc1ocnc1CNC(=O)Nc1ccccc1OC1CCCC1,12.006700,1,labels
CC1=CC(C)=NC(=O)C1CNC(=O)Cc1ccc(CC(C)C)cc1,12.006600,0,static
CCN(CC)C(=O)c1ccccc1NC(=O)NCc1nncn1CC,12.006300,1,labels
Cc1c(CNC(=O)NCc2ncn(C)n2)oc2ccccc12,12.006100,1,labels
CCCn1ncc(C(=O)NCc2cnc3c(C)cccn23)c1C,12.005700,0,static
CCOC(=O)C1CCCN(C(=O)Nc2ccc(OC)c(F)c2)C1,12.005300,1,labels
CCCOC(=O)c1cc(-c2ccc(OCC)cc2)nn1C,12.004600,1,labels
Cc1cccc(NC(=O)N(Cc2ccco2)Cc2ccco2)c1,12.004400,1,labels
Cc1nc(N2CCCCCC2)c2nnn(Cc3ccccc3)c2n1,12.004300,1,random
O=C(c1ccc[nH]c1=O)N1CCC(n2c(=O)[nH]c3ccccc32)CC1,12.004100,1,labels
COc1ccc(C(C)=O)cc1CC(=O)NCC(C)(C)c1ccncc1,12.003900,1,labels
Cc1ccc(NC(=O)C(CC(C)C)NC(N)=O)cc1C(=O)NC(C)C,12.003300,1,labels
COc1ccc(F)cc1C(C)NC(=O)c1ccc(C)[nH]c1=O,12.003100,1,labels
COc1c(C)cnc(CN(C)C(=O)C2CC(=O)N(C3CC3)C2)c1C,12.003100,1,random
COc1ccc(N2CC(NC(=O)CC(C)C)CC2=O)cc1,12.002500,1,labels
c1cc(CNc2ncnc3[nH]ncc23)c2c(c1)OCCCO2,12.002400,1,labels
Cc1ccccc1C(CC(=O)N1CCCC1(C)C)NC(N)=O,12.002400,0,static
CCn1cc(C(=O)N2CCCC2c2ccc(OC)cc2)cn1,12.002200,1,labels
COc1ccc(CNC(=O)CN(C)c2ncnc3[nH]cnc23)cn1,12.001600,1,labels
CCOc1cccc2cc(C(C)NC(=O)CC)oc12,12.000900,1,labels
CC(=O)c1cc2c(cc1NC(=O)c1cc(C)oc1C)OCO2,11.999700,1,labels
Cc1cccc2c1cnn2CCC(=O)Nc1ccc(C(N)=O)cc1,11.999500,0,static
COc1ccc(C2(C(=O)N3CCCC(O)(CO)C3)CC2)cc1,11.998500,1,labels
CCC1CCc2ccccc2N1C(=O)CCc1cnn(C)c1C,11.997100,1,labels
CN(C)c1ccc(NC(=O)c2ccncc2F)c(C(F)(F)F)c1,11.995500,1,labels
COCC(NC(=O)c1cc(C2CC2)nc2c(C)cc(C)cc12)C(N)=O,11.995100,1,labels
CCOc1ncccc1C(=O)NCc1cccc(N2CCCC2=O)c1,11.994200,1,labels
CC(C)N(C(=O)COc1ccc(C(N)=O)cc1)C(C)C,11.994100,0,static
Cc1nn(C)c(C)c1C1NC2(CCCC2)C(=O)N1CC1CC1,11.993900,0,static
CN1C(=O)Cc2cc(NC(=O)NCc3ccc(F)cc3)ccc21,11.993800,1,labels
COc1ccc(CNC(=O)c2cccc(NC(=O)C(C)C)c2)cc1,11.993800,0,static
Cc1n[nH]c(C)c1CCC(=O)NCc1cccc(Cn2ccnc2)c1,11.992900,1,random
NC(=O)Cn1cc(NC(=O)NCc2cccnc2)cn1,11.992200,1,labels
Cc1ccccc1CC(C)(C)NC(=O)NCCCn1cccn1,11.991900,0,static
Cc1cc(=O)n(C)cc1NC(=O)N(C)CCOc1ccc(F)cc1,11.991600,1,labels
Cc1ccc(C(=O)Nc2cnc(-c3ccccc3)nc2)cn1,11.991300,1,labels
CCCCn1nccc1NC(=O)NCCc1ccccn1,11.991200,1,labels
O=C(c1cccnc1-c1cccc(-c2cc[nH]n2)c1)N1CCCCC1,11.989400,0,static
CN1CCCC2(CCN(C(=O)Cc3cccnc3)C2)C1=O,11.989300,1,labels
COc1ccc(NC(=O)CCc2nc(C)no2)c2cccnc12,11.989200,1,labels
CC(=O)Nc1cccc(NC(=O)COc2cccc(NC(C)=O)c2)c1,11.989000,1,labels
Cc1cc(=O)[nH]cc1C(=O)Nc1ccc2c(c1)nc(C(C)(C)C)n2C,11.988600,1,labels
NC(=O)CN1C(=O)COC2CN(Cc3ccccc3)CC21,11.988600,1,labels
CC(=O)NCCNC(=O)COc1ccc(C)cc1,11.988000,1,labels
Cn1c(=O)oc2cc(NC(=O)c3ccc4cc[nH]c4c3)ccc21,11.987200,1,labels
CCOc1cccc(C2NC(=O)c3ccccc3N2C)c1OC(F)F,11.986800,1,labels
COCCN(CC(=O)N(C)C)C(=O)c1ccc(C2CCCCC2)cc1,11.986700,1,labels
CC(=O)c1ccc2c(c1)NC(=O)C1(CCCCC1)N2C,11.986600,1,labels
O=C(NCc1ccc(Oc2cccnc2)c(F)c1)C1CC=CC1,11.986500,1,labels
COc1ccccc1C(=O)NCc1ccc(NC(N)=O)cc1,11.985900,1,labels
CN(Cc1cnn(-c2ccccc2)c1)C(=O)C1CC=CCC1,11.985900,1,labels
Cc1nc(C)c(CC(=O)N2CC(C)OC(c3ccccc3)C2)c(=O)[nH]1,11.984900,1,labels
CC(Nc1cccc(N2CCCC2=O)c1)c1nc(C(C)(C)C)no1,11.984800,1,labels
CCC1CCCN(C(=O)C(C)(N)c2ccccc2)C1,11.984300,1,labels
CCn1cncc1CNC(=O)c1cc(CN2CCOCC2)on1,11.984300,0,static
CC(=O)Nc1cccc(NC(=O)Cc2cc(-c3ccc(C)cc3)on2)c1,11.983600,1,random
CCNC(=O)c1cn(-c2ccc(C)cc2)nc1-c1cccc(OC)c1,11.982800,0,static
Cc1nccc(C(=O)NCC(=O)N2CCCc3ccccc32)n1,11.981500,1,labels
Cn1cnc(CNC(=O)NCCc2ccn(-c3ccc(F)cc3)n2)n1,11.981400,1,labels
Cc1ccn(Cc2cccc3cccnc23)c(=O)c1,11.979600,1,labels
CC(C)(C)CCNC(=O)Nc1ccccc1CC(N)=O,11.979300,1,labels
CNC(=O)NCC(=O)NCc1cccc(COC(C)(C)C)c1,11.978400,1,labels
COCC(C)(CCO)NC(=O)Nc1cc(-c2ncco2)ccc1C,11.978200,1,random
O=C(Nc1ccc(NC(=O)C2CC2)cc1)c1cnn(-c2ccccc2)n1,11.977500,1,labels
Cc1c(C(=O)NCc2cc(=O)[nH]c(N3CCCC3)n2)cnn1C,11.977000,1,labels
O=C(Cn1ncc2ccccc2c1=O)N1CCCC1c1ccccn1,11.976900,1,labels
CCCc1cc(C(=O)N2CCCC2c2c(C)nn(C)c2C)[nH]n1,11.976000,1,random
Cc1cc(NC(=O)c2ccoc2)nn1-c1ccc(C(C)C)cc1,11.975900,1,labels
Cc1cc(-c2cccnc2)c(C#N)c(N2CCCC2)n1,11.975700,1,labels
Cc1cccn2c(CN(CCC#N)CCC(F)(F)F)cnc12,11.975600,1,labels
c1ccc(Cn2nnc3c(N4CCc5ccccc54)ncnc32)cc1,11.975100,1,random
Cn1nc(C(=O)Nc2cccc3ccc(-n4cccc4)nc23)ccc1=O,11.974400,1,labels
CCc1ccccc1OCC(=O)Nc1ccc(=O)n(CC)c1,11.974000,1,labels
CC1c2cccn2CCN1Cc1ccc(C#N)cc1,11.973600,1,labels
COCCC1CCCCN1C(=O)CN1C(=O)CCc2ccccc21,11.972900,1,random
COCCNC(=O)c1cc(C(C)C)n2nc(-c3ccccn3)cc2n1,11.972700,1,labels
COCCCNC(=O)c1ccc(C)c(-n2cnc3cccnc32)c1,11.971900,1,labels
Cc1noc(C)c1CN(C)C(=O)Nc1ccc2c(cnn2C)c1,11.971500,1,labels
COc1ccccc1CNC(=O)COc1ccc(C)c(C)c1,11.971400,1,labels
CC(NC(=O)c1cc2ccccn2c1)c1ccccc1,11.970000,1,labels
COc1ccc(CN(C)C(=O)COc2ccc(C#N)cc2)cc1OC,11.969700,1,labels
Cc1ccc(CNC(=O)NCCc2ccccn2)cc1,11.969700,1,labels
CN(C)C(=O)c1cc(NC(=O)N2CCC3(CCCC3)CC2)ccn1,11.969400,0,static
Cc1cc(C)n(-c2cc(NCCNC(=O)C3CCCO3)ncn2)n1,11.968900,0,static
Cc1ccc(C(C)NC(=O)CCc2ccccn2)cc1,11.968500,1,labels
CC(=O)NCCNC(=O)c1ccc2ccccc2c1O,11.968000,1,labels
CC1COCC(C)N1C(=O)C1CCN(C(=O)Nc2ccccc2)CC1,11.967800,0,static
COc1ccc(C(=O)NCCCC(=O)Nc2cn[nH]c2)cc1,11.967300,1,labels
COc1cccc(COC(C)C(=O)N2CCCCC2c2ncon2)c1,11.966500,1,labels
COc1ccc(C2NCCc3ccc(O)c(F)c32)c(F)c1,11.966200,1,labels
CN(CCOc1ccccc1)C(=O)c1ccc[nH]c1=O,11.966000,1,labels
CCCOc1cccc(NC(=O)N(C)Cc2cc(C)on2)c1,11.964800,1,labels
CCN(C)C(=O)CC1c2ccccc2C=CN1C(C)=O,11.964100,1,labels
COc1cc(N2CCN(c3nccnc3C#N)CC2)ncn1,11.963200,1,labels
CC(OCc1ccccc1)C(=O)OCC(=O)N1CCc2ccccc21,11.962900,1,labels
O=C(NCCc1ccccc1)Nc1ccc(Oc2cccnc2)nc1,11.962100,1,labels
C#Cc1cccc(NC(=O)NC2CCN(C(=O)C(CC)CC)CC2)c1,11.961800,1,labels
COc1cc(O)cc(-c2cc(OC)c3c(c2)OCO3)c1,11.961700,1,random
CCCn1cc(NC(=O)NC2CCCn3nc(CC)nc32)cn1,11.961500,1,labels
CNC(=O)c1ccc(CNC(=O)c2ccc(OC)c(OC)c2)cc1,11.961200,0,static
CCCNc1ccnc(C(=O)N(C)C(C)COC)c1,11.959900,1,labels
CC(=O)Nc1ccccc1OCC(=O)NC1CCOc2ccccc21,11.958900,1,random
COCCCOc1ccccc1NC(=O)NC1CCC(O)CC1,11.958200,1,labels
CC(C)(C)c1ncc(NC(=O)NC(C)(CO)C2CC2)cn1,11.957400,1,labels
CC(C)c1ccccc1OCCNC(=O)NC1CCC(O)CC1,11.956900,1,labels
O=C(CCOCC1CCCO1)Nc1ccc2c(c1)CCC2,11.956600,1,labels
CCn1nc(C)c2c(C(=O)NCCn3cc(C)cn3)cc(C)nc21,11.956300,1,labels
Cc1noc2ncnc(N3CCCC(Cc4nc5ccccc5[nH]4)C3)c12,11.955800,0,static
O=C(Cc1n[nH]c2ccccc12)Nc1ccc2c(c1)COC2,11.955500,1,labels
CCOC1COC2(CCCN(C(=O)c3ccc4ncccc4c3)C2)C1,11.955100,1,labels
COc1ccc(C(=O)Nc2ccccc2N)c(O)c1,11.953400,1,labels
COc1ccc(COc2ccc(NC(C)=O)cc2)cc1F,11.952900,1,labels
CCOCCn1nc(C)cc1C(=O)N1CCC(n2nc(C)cc2C)C1,11.952500,1,labels
Cc1noc(-c2ccc(NCc3ccncc3)cc2)n1,11.951600,1,labels
COc1ccc(C2CC(C)c3nc(N)nn3C2)c(F)c1,11.951000,1,labels
Cc1c(-c2nc3c([nH]2)CC(C)(C)CNC3=O)cnn1C,11.950300,1,labels
CCn1nc(C(=O)Nc2cc(C)ccn2)c(=O)c2ccccc21,11.950200,1,labels
CCOc1ccc(C(=O)Nc2ccnn2C2CCCCC2)cc1OC,11.950000,1,labels
COC(=O)C1CCN(C(=O)NCc2cccc(OC)c2)CC1,11.949700,1,labels
Cc1cnc(C(=O)N2CCCC2C(=O)OCc2ccccc2)cn1,11.949400,0,static
Cc1cc(C(=O)N2CCCCC2C)ccc1NC(=O)N1CCOCC1,11.947600,1,labels
CC(C)(C)n1cc(NC(=O)CNC(=O)NC2CC2)cn1,11.947500,1,labels
CCCNC(=O)c1ccc(-c2ccc(CC)cc2)nc1N,11.946900,1,labels
CC(=O)c1ccc(NC(=O)NCCNC(=O)CC2CCCC2)cc1C,11.946100,0,static
CCc1ccc(NCC(=O)Nc2cc(C)no2)cc1,11.945500,1,random
CN(CC1CCCC1O)C(=O)NCCC1CCCO1,11.944700,1,labels
Cc1nc(C)c(C(=O)N2CCC(c3ncnc4ncccc34)CC2)o1,11.944600,1,labels
COc1ccc(-c2cc(N3CCCC(C)C3)n3ncnc3n2)cc1,11.944100,1,labels
O=C(COC1CCCC1)NC(C(=O)Nc1cc[nH]n1)c1ccccc1,11.944100,1,labels
Cc1cc(C)n(CC(C)CNC(=O)N2CCCC2(C)C)n1,11.943500,1,labels
CCn1ccc2c(cc(C(=O)Nc3ccc(C)c(F)c3)n2C)c1=O,11.943100,1,labels
Cc1ccc(C(=O)N2CCC3(CC2)CCN(c2cccnc2)C3=O)cc1,11.942500,1,labels
Nc1cc2c(cc1NC(=O)c1ccc(F)c(F)c1)OCO2,11.941600,1,labels
Cc1cc(C)n(-c2ccc(C(=O)NCCCc3ccncc3)cc2)n1,11.941100,1,labels
COc1ccc(C2NC(=O)c3ccccc3N2)cc1O,11.940900,1,labels
Cc1cc(C)c(NC(=O)C2CCN(C(=O)C3CC3)CC2)c(C)n1,11.940900,1,random
Cc1nn(C)c(=O)c(C(=O)N2CCC(Oc3ccccc3)CC2)c1C,11.940600,1,labels
CCOc1ccc2c(c1)CN(C(=O)NCC(=O)NC(C)(C)C)CC2,11.939800,1,random
COc1ccc(C2CCCN2C(=O)c2ccc[nH]c2=O)cc1,11.939700,1,labels
Cc1ccc(N2CCCC2=O)c(C(=O)NCC(=O)N2CCCC2)c1,11.939500,0,static
CCOc1ccc(-c2nc(CC(C)C)n[nH]2)cc1OCC,11.939200,1,labels
COc1ccc(OCCC(=O)Nc2cc(F)ccc2OC)cc1,11.939200,1,labels
Cc1noc(CCCC(=O)NCc2ccc(N3CCCC3=O)cc2)n1,11.938200,1,labels
CN(Cc1cnn(-c2ccccc2)c1)C(=O)Nc1ccccc1,11.937100,1,labels
O=C(CCN1C(=O)COc2ccccc21)Nc1cccc2ncccc12,11.936600,1,labels
CCOc1ccccc1C(=O)OCCn1nc2ccccn2c1=O,11.936000,1,labels
Cc1[nH]ncc1CCCNC(=O)NCCc1ccccc1,11.935900,1,labels
Cc1cc(C)c(CNC(=O)c2c[nH]c3ccccc3c2=O)c(C)c1,11.935900,1,labels
O=C(c1ncoc1C1CC1)N1CCCCC1CCc1ccc(O)cc1,11.935600,1,labels
Cc1ccc(C(=O)N2CCCC(c3cc(C(N)=O)[nH]n3)C2)n1C,11.934400,1,labels
CCc1ccccc1NC(=O)c1cccc(NC(=O)c2ccnnc2)c1,11.934300,1,random
CCc1nc(CN(C(C)=O)C2CCN(C3CC(C)OC3=O)C2)no1,11.934000,1,labels
CC(=O)N1CCCCC1CC(=O)N(C)CCCOc1ccccc1,11.932900,1,labels
CNC(=O)c1ccc(C2NC(=O)c3ccccc3N2C)cc1,11.932500,1,labels
O=C(COc1cccc(F)c1)NCCc1ccc2c(c1)OCCO2,11.932500,1,random
CC(C)CNC(=O)C(C)Nc1ccc(CC#N)cc1,11.932100,1,labels
COc1ccc(F)cc1NC(=O)NC1COc2ccc(C)cc21,11.932000,1,labels
COC1CCCN(c2nncc(-c3ccc(C(F)(F)F)cc3)n2)C1,11.931400,1,random
Cc1[nH]c2ccccc2c1C(=O)OCC1CC(=O)N(C2CC2)C1,11.931000,1,labels
Cc1ccc(CNC(=O)Cn2c(C)cc3ccccc32)o1,11.930900,1,labels
COCCn1cc(NC(=O)Cc2ccc[nH]2)ccc1=O,11.929300,1,labels
O=C(Nc1ccccc1N1CCCC1=O)c1cc2ccccc2[nH]c1=O,11.929200,1,labels
O=C(NCc1ccccc1CN1CCCC1=O)c1ccc2[nH]cnc2c1,11.928600,1,random
CCNC(=O)c1ccc(NCC(=O)Nc2cc(C)on2)c(C)c1,11.927800,1,labels
CC(=O)c1ccc2c(c1)CCN2Cc1cccc(OCC#N)c1,11.927600,1,labels
COc1cccc(CNC(=O)COc2ccc(C)c(C)c2)c1,11.927300,1,labels
COc1ccc(CO)cc1OCc1cccc(C)c1,11.926700,1,labels
CCCC(=O)NCC(=O)N1CCCCCC1c1cccn1C,11.926500,1,labels
COCC(=O)N1CCN(Cc2nc(C3CC3)no2)CC1,11.925800,1,labels
Cc1nn(C)c2cn(C(C)C(=O)NCc3cnn(C)c3)nc12,11.924200,1,labels
CC(=O)Nc1ccc(NC(=O)Cc2ccc(C)c(C)c2)cc1,11.924100,1,labels
O=C(Cc1ccc(O)cc1)Nc1ccccc1N1CCOCC1,11.924000,1,labels
Cc1nnc2ccc(N3CCN(CC(C#N)CCC#N)CC3)nn12,11.923200,1,labels
CN(C(=O)NCc1ccccc1OC1CCC1)C1CC1,11.923000,1,labels
CCNC(=O)C1CCN(C(=O)NC(C)c2ccc(C)c(F)c2)CC1,11.923000,0,static
CCCNC(=O)N1CCC2(CCC(=O)N(Cc3cccnc3)C2)CC1,11.921700,0,static
COc1ccc2c(c1)C(C(=O)NCCN1CCOC1=O)CC(=O)N2,11.919300,1,labels
CC(C)NC(=O)Nc1cccc(NC(=O)c2cnccn2)c1,11.919000,1,labels
CC(C)c1ncc(N)c(C(=O)N(CCO)C2CC2)n1,11.918900,1,labels
O=C(CCn1ccccc1=O)Nc1ccc(-n2cccn2)cc1,11.918900,1,labels
CC(CO)(NC(=O)Nc1ccn(Cc2ccccc2)n1)C1CC1,11.918800,1,labels
CCC(C)NC(=O)CCc1nnc2ccc(N3CCCCC3)nn12,11.918400,1,random
COC(=O)C1CC(NC(C)=O)CN1Cc1ccc(C(C)C)cc1,11.917800,1,labels
COc1cccc(C(=O)NCCCOc2cccc3cccnc23)c1,11.916700,1,labels
Cc1ccc(CC(=O)NCCc2nnc3n2CCC3)cc1,11.916600,1,labels
CCc1noc(CN2CCN(C(=O)c3ccccn3)CC2)n1,11.916500,1,labels
COc1ccc(NC(=O)Cc2ccccc2)c(OC)c1,11.916400,1,random
COc1ccc(CCC2CCCN(C(=O)Cn3cccn3)C2)cc1,11.916200,1,random
O=C(OCC(=O)N1CCCCC1)c1cc(C2CC2)nc2ccccc12,11.915800,1,labels
O=C(CCCc1ccccc1)N1CCC(Oc2ccccn2)CC1,11.915600,1,labels
Cc1cc(C)n(-c2cccc(NC(=O)NC3CC3)c2)n1,11.915500,1,labels
COCCNC(=O)c1cc2ccc(C(C)(C)C)cc2[nH]1,11.915100,1,random
COc1cccc(CN2CCOC(C)C2C)c1OC(F)F,11.914800,1,labels
COCCC1CCN(C(=O)CN(C)C(=O)Cc2ccccc2C)CC1,11.913400,1,labels
Cc1cc(C)n(-c2ccc(NC(=O)N3CCCC(O)C3)cc2F)n1,11.913300,1,labels
Cc1cccc(OCc2nc(N)nc(C)c2C(=O)N(C)C)c1,11.912300,1,labels
COc1ccc(CCc2nc(-c3cnccn3)no2)cc1,11.910800,1,labels
CC(=O)c1ccccc1NC(=O)c1cccnc1N(C)C,11.910700,0,static
CCCCCCn1cc(O)c(=O)cc1CN1CC(C)OC(C)C1,11.910400,1,labels
O=C(Nc1ccn(CCc2ccncc2)n1)C1COc2ccccc21,11.909600,1,labels
CCCCOc1ccc(OC)cc1NC(=O)c1ccncc1F,11.909500,1,labels
CCOc1ccc2nc(C(O)c3ccccc3)[nH]c2c1,11.909000,1,labels
Cc1nc(N2CCCC(CO)(CC(C)C)C2)c2c(C)nn(C)c2n1,11.908400,1,labels
CC1CNC(c2ccccc2)CN1C(=O)C1CCCO1,11.908400,1,labels
Cc1nc2cc(=O)[nH]n2c(C)c1CC(=O)N1C(C)COCC1C,11.907800,0,static
COC(=O)c1cc(-c2ccc(O)c(OC)c2)nn1Cc1ccccc1,11.907000,1,labels
Cc1cccc(OCC(=O)Nc2cc(N3CCOCC3)ncn2)c1C,11.905900,1,labels
COCC(=O)NC(C(=O)NC(C)c1cccc2ccccc12)C(C)C,11.905900,1,labels
CCOc1ccccc1NC(=O)CCc1c(C)n[nH]c1C,11.904300,1,labels
CCn1c(C)cc(C(=O)NC(C(N)=O)c2ccccc2)c1C,11.903200,0,static
Cc1nn(C(C)C(=O)NCc2ccccc2)c2ccccc12,11.902000,1,labels
O=C(NCCC(=O)N1CCCc2ccccc21)c1cc2ccoc2cn1,11.901000,1,random
COc1c(CNCc2cccnc2-n2ccnc2)c(C(C)C)nn1C,11.900000,1,labels
COc1cccc(C(=O)N(C)CCOc2ccccc2)c1O,11.899500,1,labels
CC(C)CC1CCCCCN1C(=O)c1nccnc1N,11.899300,1,labels
CCN1CCN(C(=O)C2CC(=O)N(C)C2c2ccc(F)cc2)CC1,11.898500,0,static
COC(=O)Cc1cccnc1NC1(C(=O)OC)CCCC1,11.897700,1,labels
Cc1noc(-c2ccc(N(C)Cc3ccc4c(c3)OCO4)nc2)n1,11.897500,1,random
CCc1nc(C2CCCN2C(=O)c2ccnc(N(C)C)c2)no1,11.897400,0,static
CC(C)Oc1ccc(NC(=O)N2CCC23CCC3)c(F)c1,11.895700,1,labels
CNC(=O)Cc1ccccc1NC(=O)N(C)Cc1ccccc1,11.895200,1,labels
Cn1cnnc1CC1CCN(C(=O)C2CCCO2)CC1,11.894700,1,labels
CC(=O)N(C)C(CCN1CCOCC1)n1nnc2ccccc21,11.893900,1,labels
CC(Cc1ccco1)NC(=O)c1ccc(N2CCNC2=O)cc1,11.893400,1,labels
Cc1ccc(CNC(=O)NC(C)c2ccc3c(c2)NC(=O)CO3)cc1,11.893300,0,static
CC1=NC(=O)C(CCC(=O)Nc2cnc3ccccc3c2)C(C)=N1,11.892900,1,labels
CCCCC(=O)NCC(=O)N1CCN(Cc2ccccc2)CC1,11.892800,0,static
Cc1cc(C)c(Nc2ncccc2C(N)=O)c(C)c1,11.892600,1,labels
Cc1nn(C)c(C)c1C(=O)NCCNc1cnccn1,11.892300,1,random
COc1ccccc1C(C)NC(=O)N1CCN(C(=O)C2CCC2)CC1,11.891400,1,labels
CCCNC(=O)C1(NC(=O)C2CCN(C(C)=O)CC2)CCCCC1,11.891200,0,static
CCC(=O)N1CCc2cc(CNC(=O)NCCC(C)C)ccc21,11.889900,0,static
COc1ccc(C)cc1CCNC(=O)c1ccc(-n2ccnn2)cc1,11.889700,0,static
CCOc1ccccc1CN(C)C(=O)Cn1c(=O)[nH]c2ccccc21,11.889400,1,labels
Cc1cc(C)c(NC(=O)CN2C(=O)C(C)Oc3ccccc32)c(C)n1,11.889400,1,labels
CC(C)COCCC(=O)N1CCC(n2c(=O)[nH]c3ccccc32)CC1,11.889300,1,labels
Cc1cc(N2CC(C)OC(C)C2)n2nc(C)cc2n1,11.889300,1,labels
CC(C)c1ccc(OCC(=O)Nc2cnn(C3CCOCC3)c2)cc1,11.888400,1,labels
CCn1cc(C(=O)N2CCc3ccccc32)c(=O)c2cc(F)ccc21,11.887500,1,labels
CC(C)c1noc(CN2CCCC3(C2)C(=O)Nc2ccccc23)n1,11.886600,1,random
Cc1ccc(C(=O)CCCC(=O)NCc2ccccn2)c(C)c1,11.885900,1,labels
Cc1nc(C(=O)N2CCN(C)CC2C(N)=O)co1,11.885700,1,labels
Cc1cnn(CCC(=O)Nc2cccc(Cn3nc(C)cc3C)c2)c1,11.885500,0,static
Cc1ccncc1NC(=O)Nc1ccc(C)c(N2CCOC2=O)c1,11.885200,1,labels
Cc1cccc(N(C)Cc2cnc3ncccn23)c1,11.884100,1,random
COc1cccc(CNC(=O)NCCOc2ccccc2)c1,11.883900,0,static
Cc1c(NC(=O)NC(C(N)=O)C(C)(C)C)cnn1-c1ccccc1F,11.883500,1,labels
CC(=O)c1ccc(OCC(C)CN2CCOCC2)cc1,11.883300,1,labels
CCn1cc(C(=O)N2CCC(CNC(C)=O)CC2)c2ccccc21,11.883000,1,labels
Cc1cc(NC(=O)c2ccccn2)c2ccc3ccccc3c2n1,11.882900,1,random
Cc1nn(C)c(C)c1NC(=O)CN1CCCc2cc(F)c(F)cc21,11.881800,1,labels
O=C(Nc1ccc(-n2ccnc2)c(F)c1)c1ccc(NC2CC2)nc1,11.881500,1,labels
Cc1ccccc1CN1CCN(Cc2ccccc2F)CCC1=O,11.880800,1,labels
CC(=O)N1CCC(NC(=O)c2ccc(N(C)C)nc2)CC1,11.880800,1,random
COc1ccnc(N2CCN(C(=O)C3CC3c3cnn(C)c3)CC2)n1,11.880500,0,static
CCN1CCN(C(=O)CC(C)c2ccccc2)CC1,11.880300,1,labels
CCc1nc(-c2ncoc2C2CC2)n(-c2ccc3c(c2)OCCO3)n1,11.880200,1,random
Cc1nc(N)nc(-c2ccc(-c3ccccc3)cc2)c1C(=O)N(C)C,11.879700,0,static
CC(=O)NCC(=O)N=c1[nH]c2ccccc2n1C(C)c1ccccc1,11.879600,1,random
COc1ccc(CNC(=O)CCc2ccccc2)cc1NC(C)=O,11.879400,1,labels
COc1ccc(C(C#N)N(C)C(=O)c2cccnc2)cc1OC,11.878500,1,labels
CCCc1cc(C(=O)Nc2ccc(OC)cc2OC)n(C)n1,11.877900,0,static
Cc1nc(N2CCN(C(=O)C(C)C)CC2)c(C#N)c2c1CCCC2,11.877700,1,random
Cc1nc2ccc(C(=O)NCCOc3nonc3C)cc2nc1C,11.877500,1,labels
CCOC(=O)C1=C(C)C(C(=O)NCCN2CCOCC2)C(C)=N1,11.877500,0,static
COc1cccc(C(=O)Nc2c(C)nc3c(C)cccn3c2=O)c1,11.877100,1,labels
CCn1cnnc1CNC(=O)NCc1ncc(C)c(OC)c1C,11.877100,1,labels
COCC(=O)Nc1ccccc1C(=O)Nc1ccc(OC)cc1,11.876300,1,labels
Cc1cc(C)c(NC(=O)Nc2ccccc2)c(C)n1,11.876100,1,labels
CCc1noc(CN(CC2CCCO2)CC2CCCO2)n1,11.875600,1,random
CC(=O)Nc1ccc(-c2nccn2Cc2cn(C)nc2C)cc1,11.875100,1,labels
Cc1ccc2cccc(OCCn3cc(-c4cncnc4)nn3)c2n1,11.875000,1,labels
CN(CCCc1ccccc1)C(=O)NCC(C)(C)C(N)=O,11.874700,1,labels
COc1ncc(CNc2cnccc2C)c(OC)n1,11.873500,1,labels
Cc1nn(C)c2c1C(c1cccc(N)c1)CC(=O)N2,11.873200,1,labels
COCC(O)CN(C)C(=O)NCc1c(C)nn(-c2ccccc2)c1C,11.872900,0,static
COc1cc2nc(CC(C)C)n(CCCC#N)c2cc1OC,11.872400,0,static
Cc1ccc(CNC(=O)Nc2cc(C)n(CCC#N)n2)c(C)c1,11.871700,1,labels
COc1ccc(C)cc1NC(=O)Nc1ccc2[nH]c(=O)oc2c1,11.871500,1,labels
COCC(=O)N1CCCC(c2cccc(-n3ccnc3C)n2)C1,11.871400,1,random
Cc1nnc2ccc(N3CCC(OCc4ccccc4)CC3)nn12,11.869900,1,labels
O=C1NCCNC1Cc1cccc(-c2ccccc2)c1,11.868200,1,random
CCC1CN(C(=O)C2Cc3cc(F)ccc3O2)CC1N1CCOCC1,11.867700,1,labels
Cc1cccc(OC(C)C(=O)N2CCOCC2c2cccn2C)c1,11.867300,1,labels
COc1ccc(OCc2nc(C#N)c(N3CCOCC3)o2)cc1,11.867000,1,labels
Cc1ccc(NC(=O)c2c(C)oc3ncn(C)c(=O)c23)cc1C,11.865600,1,labels
CNC(=O)c1cn(C2CCCCCC2)c2cccc(N)c2c1=O,11.865500,1,labels
CCc1ccc(C(=O)CCC(=O)Nc2ccc(NC(C)=O)cc2)cc1,11.864600,0,static
CCOc1ccc(NC(=O)N2CCCCC2c2cn[nH]c2)cn1,11.863800,1,labels
Cc1cccnc1CNC(=O)Nc1cc(-n2cccc2)ccc1F,11.863600,1,labels
Cc1n[nH]c(C)c1C1CCCN1C(=O)Nc1cnc(C(C)(C)C)nc1,11.863200,0,static
CC(CCc1ccccc1)NC(=O)Nc1ccn(C)n1,11.863000,1,random
CN(C)c1ccc2oc(C(=O)NCC(C)(C)C)nc2c1,11.862500,1,random
Cn1cnc2cc(NC(=O)c3cc4c([nH]c3=O)CCCC4=O)ccc21,11.862200,1,random
CCNC(=O)C1CCN(C(=O)NCC(C)(C)c2ccncc2)CC1,11.861900,1,labels
CC1(NC(=O)NCc2ccn(C3CCCC3)n2)Cc2ccccc2C1,11.861400,1,labels
COc1ccc(CNC(=O)c2cn(C)nc2C(C)(C)C)c(OC)c1,11.861300,1,labels
Cc1cccc(NC(=O)C(C)NC(=O)C2Cc3ccccc3CN2)c1,11.861000,1,labels
COc1cccc(C(=O)NCC(=O)Nc2ccc3c(c2)CCC3)c1,11.860700,1,labels
COc1ccc2oc(C(=O)NCc3ccc4c(c3)OCO4)c(C)c2c1,11.858600,0,static
CC(C)CC(CO)NC(=O)Nc1ccc2c(c1)OCCO2,11.857700,1,labels
COC1CCCN(C(=O)NCc2ccc(C(=O)N(C)C(C)C)cc2)C1,11.857500,1,labels
COC(=O)c1cc(N2CC(NC(C)=O)C(c3ccc(C)o3)C2)ncn1,11.856700,0,static
C#CCCOC(=O)COc1nn(C)c2nc(C)cc(C)c12,11.855000,1,labels
COc1cccc(-c2noc(CNc3ccc(-n4cncn4)cc3)n2)c1,11.854100,1,labels
O=C(CC1CCCO1)NCc1ccc(-c2ccc3c(c2)CCO3)cc1,11.854100,1,labels
COCc1cccc(NC(=O)C2CCCN(c3ncccn3)C2)c1,11.853900,1,labels
Nc1oc(-c2ccco2)cc1C(=O)c1ccncc1,11.853700,1,random
COc1ccc(NC(=O)CCNC(=O)c2ccnn2C)cc1,11.853400,1,labels
CCOC1CC(N(C)C(=O)Nc2ccc(C(C)=O)c(C)c2)C12CCC2,11.853200,0,static
COc1cccc(OCCNC(=O)Nc2ccccc2)c1,11.853000,1,labels
CC(C)NC(=O)c1cccc(NCC(=O)N(C)Cc2ccccc2)c1,11.852600,1,labels
O=C(Nc1ccc2c(c1)nc1n2CCCCC1)c1ccccn1,11.852500,1,labels
COc1cccc(-c2cc(C(=O)NCCN3CCNC3=O)[nH]n2)c1,11.852100,1,labels
COc1ccc2nc(C(=O)NCc3cccc(OC)c3OC)cn2n1,11.851200,1,labels
COc1ccnc(N2CCN(C(=O)Cc3ccccc3C)CC2)n1,11.850500,1,labels
CCC(C)n1ncc2c(C(=O)N=c3[nH]nc4ccccn34)cc(C)nc21,11.850400,1,labels
O=C(Nc1ccc2c(c1)COC2)c1ccc2nccnc2c1,11.849600,1,labels
CCc1cccc(CC)c1NC(=O)N1CCC(CC(=O)NC)CC1,11.849500,1,labels
COC(=O)CC(NC1CC1)C(=O)c1ccc2ccccc2c1,11.848900,1,labels
COc1cccc(C(=O)NCC2(O)CCCc3ccccc32)c1OC,11.848100,1,labels
CCOc1cccc(NC(=O)NCc2cccc(NC(C)=O)c2)c1,11.844700,0,static
Cc1cc2occ(CC(=O)NCCc3ccccn3)c2cc1C(C)C,11.844200,1,labels
O=C(CCCOc1cccnc1)Nc1cccc(-c2cn[nH]c2)c1,11.844000,1,labels
CCc1nnc2c(NCc3ccc4c(c3)OCO4)nc3ccccc3n12,11.843700,0,static
Cc1ccccc1CNC(=O)Nc1ccc2c(c1)OCO2,11.841800,1,labels
Cc1cc(C(=O)N2CCc3ncnc(-c4cccnc4)c3CC2)c(C)o1,11.841700,0,static
CCC=CCC(=O)N1CC2CN(c3ncccn3)CC2(C(=O)OC)C1,11.841400,1,labels
CCOC(=O)c1cc2oc(C)cc2n1CC(=O)N1C(C)CCCC1C,11.840600,1,random
O=C(Nc1cccnc1N1CCOCC1)c1ccc(-n2ccnc2)cc1,11.840300,1,labels
O=C(Nc1ccc(Oc2cccnc2)nc1)NC1CC=CC1,11.839900,1,labels
NC(=O)C1CN(c2cc(=O)n3ccccc3n2)CCN1,11.839700,1,labels
CC(C)Cn1cc(NCc2ccc(F)cc2F)cn1,11.839200,1,labels
c1cc(-c2ccncc2)cc(-c2ccn(CC3CCCCO3)n2)c1,11.838900,1,labels
C=CCNC(=O)CN1CCN(c2ccc(C)cc2)C1=O,11.838600,1,labels
COc1cccc(CN2CCC(c3nc(C)cc(=O)[nH]3)C2)c1,11.838100,1,labels
CC(C)c1nnc2n1CCN(Cc1ccccc1Oc1cccnc1)C2,11.837900,1,labels
COc1ccc(CNC(=O)c2ccc(C)cc2O)cc1OC,11.837900,1,random
COc1ccc(CNC(=O)Cn2c(C)cc3ccccc32)cc1,11.837000,1,labels
CCCc1ccc(-c2cc(NC(=O)C3CCCO3)n(CCO)n2)cc1,11.836300,1,labels
CNC(=O)Cc1ccc(NCC(=O)Nc2cc(C)on2)cc1,11.833300,0,static
O=C(CCc1ccc2c(c1)OCO2)N1CCc2ccccc21,11.833000,1,labels
CCC(CC)(CO)NC(=O)Nc1ccc(Oc2cccnc2)nc1,11.832400,1,random
Cc1cc(CNC(=O)COc2ncccn2)nc(N2CCOCC2)n1,11.832200,1,labels
CCN(CC(=O)Nc1ccccn1)c1ccccc1,11.832000,1,labels
COc1cc(OC)c(NC(=O)C(C)Cc2c(C)n[nH]c2C)cc1F,11.831900,0,static
COc1ccc(-c2ccc[nH]c2=O)c2cccnc12,11.831100,1,labels
CCc1ccc(OCC(CC#N)N2CCCC2)cc1,11.831100,0,static
CCn1nc(C)c(NC(=O)c2cnc3ccc(C)cn23)c1C,11.830500,1,labels
COc1ccc(C)cc1NC(=O)NCc1ncoc1C,11.830300,1,labels
CC(C(=O)NCCc1cn2ccccc2n1)n1cnc2ccccc21,11.829500,1,labels
Cc1cc(C(=O)NCc2cc(C)oc2C)c2c(C)nn(C)c2n1,11.826400,1,labels
Cc1cc(N2CCN(CCc3ccccc3)C(=O)C2)n2nc(C)cc2n1,11.825800,0,static
Cc1cc(C)c2c(NCCc3noc(C4CCC4)n3)ncnc2n1,11.824000,1,labels
O=C(NCc1ccccn1)Nc1cccc(NC(=O)C2CC2)c1,11.822800,0,static
Cc1cccc(C)c1CNc1nnc2n1CCCCC2,11.821700,1,labels
NC(C(=O)NCCOCCO)c1cccc(O)c1,11.821700,0,static
CCN(CC)C(=O)N1CCC(NC(=O)Nc2ccccc2)CC1,11.821100,1,labels
O=C(Nc1cccc(-c2cn3ccccc3n2)c1)c1cnccn1,11.820900,1,labels
NC(=O)c1cccc(Oc2ccc(NC(=O)Cc3ccc[nH]3)cn2)c1,11.820700,1,labels
CCOc1ccccc1C1NCCc2ccc(O)c(F)c21,11.819900,1,labels
Cc1ccnc(-c2ccc(NC(=O)NCc3ccccc3F)cc2)n1,11.819000,1,labels
CN1CCN(C(=O)CCc2ccc(=O)[nH]n2)CC12CCNC(=O)CC2,11.817800,1,labels
Cc1ccccc1C1CC(Nc2cccc(C(=O)NCCO)c2)C1,11.817800,1,random
Cc1noc(C)c1CC(=O)N1CCN(c2ccccc2)CC1,11.816800,1,labels
Cn1cnnc1-c1ccccc1NCc1cc[nH]n1,11.816700,1,random
CCOc1cc2c(cc1O)C(c1ccccc1)NCC2,11.816300,1,labels
COc1cc(-c2c(CO)nnn2C)cc(OC)c1OC,11.816000,1,labels
Cc1ccnc(NC(=O)c2cnc3ccccc3n2)c1,11.815200,1,labels
Cc1cc(N2CCOC(C)(c3n[nH]cc3C)C2)ncn1,11.814800,1,labels
Cn1c(C2CC2)nc2cc(NC(=O)C3(C)CCCO3)ccc21,11.814600,1,labels
Cc1nc(NC(=O)N2CCC(Oc3cccnc3)C2)oc1C,11.814500,1,labels
COCCn1ccc2ccn(Cc3ccccc3F)c(=O)c21,11.812500,1,labels
CCOc1ccc(OCC(=O)N2CCOc3ccc(F)cc32)cc1,11.811100,1,labels
N#CCCN(Cc1cccnc1)C(=O)CCc1ccc2ccccc2c1,11.810900,1,labels
Cc1nc2nc(C)c(C(=O)N3CCN(c4ccccc4)CC3)cn2n1,11.809400,1,labels
CC(C)C(CNC(=O)Nc1ccc2c(c1)COC2)c1cccnc1,11.809300,1,labels
Cc1cccc(N(C)C(=O)c2ccc(N3CCNC3=O)cc2)c1,11.809300,1,random
c1ccc(CN2CCOC(c3noc(CC4CCOCC4)n3)C2)cc1,11.809000,1,labels
CC(C)NC(=O)N1CCC2OC(COCc3cccnc3)CCC21,11.808200,1,labels
Cc1c(O)ccc2c(CNc3ccn(C)n3)cc(=O)oc12,11.808100,1,random
COc1c(C2CCCN2Cc2ccc(C#N)cc2F)c(C)nn1C,11.807700,1,labels
CC(C)NC(=O)N1CCc2nnc(Cn3cccc3)n2CC1,11.807700,1,labels
C=CCOc1cccc(NC(=O)Nc2ccc3c(c2)CC(=O)N3)c1,11.807100,1,random
COCCN(CCC#N)Cc1cnc2nc(C)cc(C)n12,11.806700,0,static
COCCN(Cc1cc(=O)c2cc(C)cc(C)c2[nH]1)CC1CC1,11.806600,1,labels
Cc1cccc(C)c1NC(=O)CNC(=O)c1nccnc1N,11.806600,0,static
O=C(Cn1ccnc1)Nc1ccnn1Cc1cnn(-c2ccccc2)c1,11.806500,1,labels
COc1ccnc(NCCc2ccc3c(c2)OCO3)n1,11.805100,1,labels
CCn1c(N)nc2cc(C(=O)NCc3cccc(C)c3C)cnc21,11.804700,1,labels
CCc1nn(C)c(NC(=O)N2CCC(CCn3cccn3)CC2)c1C,11.804600,1,labels
CC(c1cccc(F)c1)N1CCN(C(=O)CC2(O)CCCCC2)CC1,11.804400,1,labels
CC(C)Oc1ccc(NC(=O)c2n[nH]c(N)n2)cc1,11.803400,1,labels
Cc1ncnc2c1CN(C(=O)CCc1ccc3c(c1)OCO3)CC2,11.802800,1,labels
Cc1ccc(NC(=O)NC(C)C)c(OCC(=O)N(C)C)c1,11.802500,1,labels
C=CCn1ncc(-c2nc3c(cnn3C3CCCCC3)[nH]2)c1C,11.802100,1,labels
O=C(Nc1cccc(N2CCCNC2=O)c1)c1cccc2ncccc12,11.801600,1,labels
Cc1cc(CN2CCN(C(=O)Cc3ccc(F)cc3)CC2)no1,11.801300,1,labels
COc1cc(OC)cc(C(=O)N2CCN(c3ncccn3)CC2)c1,11.801300,0,static
COc1nc(C)cc(C)c1CNC(=O)CCc1c(C)nn(C)c1C,11.800700,0,static
Cc1ccc(NC(=O)NCC(C)CC(C)O)cc1NC(=O)C(C)(C)C,11.800000,1,labels
CC(C)CCC(=O)N1CCN(Cc2cccc(-n3cccn3)c2)CC1,11.799000,1,labels
CC(C)CC(NC(N)=O)C(=O)Nc1ccc(CC(=O)N(C)C)cc1,11.798800,1,labels
CNc1ncc(CN(C)C(=O)CCc2c(C)nn(C)c2C)cn1,11.797300,1,labels
O=C(NC1CC1)c1cccc(NC(=O)C2Cc3ccccc3O2)c1,11.796900,1,labels
Cc1ccc(-c2oncc2C(=O)N2CCN(c3ccccc3)CC2)cc1,11.796900,0,static
Cc1cccc(CN2CC(c3nc(-c4ncccn4)no3)C2)c1,11.796700,1,labels
Cc1ccc(C(=O)N2CCC(Oc3nncc4ccccc34)CC2)cc1,11.796600,1,labels
Cc1ccc(NC(=O)C(C)Nc2cccc(CO)c2)cc1F,11.795200,1,labels
COc1ccc(NC(=O)c2c[nH]c3ccc(F)cc3c2=O)cc1,11.794400,1,labels
Cc1c(CNc2cnn(CC(F)F)c2)cc(C#N)n1C,11.792600,1,labels
COc1ccc(CN2C(=O)C(=O)c3cc(C)cc(C)c32)cc1OC,11.791800,1,random
Cc1ccc(C(=O)C(C)CN2CCOCC2)cc1C,11.791400,1,labels
COc1ccccc1C(CC(C)C)NC(=O)Nc1cnccc1C,11.791200,0,static
NC(C(=O)NCc1cc(N2CCOCC2)ncn1)c1ccccc1,11.790300,0,static
CCOc1ccc(-c2cc(C(=O)NCc3cccnc3)n[nH]2)cc1,11.789700,0,static
CCN(Cc1ccc2c(c1)OCCO2)C(=O)c1ccc(C)[nH]c1=O,11.789200,1,labels
CCCn1ncc(CN2CCN(c3ccnc4nncn34)CC2)c1C,11.788900,1,labels
CCOc1nc(NC2=NC(=O)CN2)nc2ccc(C)cc12,11.788800,0,static
Cc1noc(C)c1C(C)CNC(C)c1ccc(-n2ccnc2C)cc1,11.788300,0,static
CCNC(=O)C(N)c1c(OC)ccc2ccccc12,11.787900,1,random
Cc1ccc(C)n1-c1c(C(=O)NCCOCC(F)(F)F)cnn1C,11.787700,1,labels
Cc1cc(O)cc(C)c1NC(=O)C1CCCCN1C(=O)OC(C)(C)C,11.787500,1,labels
O=C(NCC(O)CN1CCOCC1)c1ccc(-n2ccnn2)cc1,11.786800,1,labels
CCC(NC(=O)c1cc(-c2ccccc2)[nH]n1)c1ccc(OC)cc1,11.785900,1,labels
CCOc1ccccc1NC(=O)NCC1CCN(C(=O)OC)CC1,11.784300,1,labels
CC(=O)c1ccccc1NC(=O)CCc1c[nH]c2ccccc12,11.784200,1,labels
CCOc1cc(C2CC(=O)Nc3c2cnn3C(C)C)ccc1OC,11.783300,0,static
Cc1ccc(NCC(=O)N2CCOCC2)c(F)c1,11.780600,1,labels
CC(C)(C)C(=O)N1CCN(CC(=O)NC(C2CC2)C2CC2)CC1,11.778300,1,labels
COc1ccc(C(=O)NCCc2c[nH]c3ccccc23)cn1,11.778000,1,labels
CC(Oc1ccc(-c2ccccc2)cc1)C(=O)Nc1c[nH]ccc1=O,11.777900,1,labels
COCCN1CCCC2(CCN(c3nc(C)cc(C)c3C#N)C2)C1=O,11.775600,1,labels
Cc1ccccc1CN1CCN(C(=O)NCCCn2cncn2)CC1,11.775400,0,static
CC(C)(C)CCOC(=O)c1cc(N)cn1C1CC1,11.775000,1,labels
CCN(C(=O)C1CC1C)C(c1cccnc1)c1ccc2c(c1)CCO2,11.773400,1,random
O=C(CNc1ccc(F)cc1)N(Cc1ccccc1)C1CC1,11.773000,1,labels
COc1ccccc1CNC(=O)NCC(C)Oc1ccccc1,11.772900,0,static
COc1ccc(-c2noc(C3CC3c3cccnc3)n2)cc1OC,11.772800,1,labels
Cc1cccc(C(=O)Nc2ccc3c(c2)nc2n3CCCCC2)n1,11.772600,1,labels
CCCOc1ccccc1NC(=O)NCc1ccnc(OC)c1,11.772600,0,static
COc1ccc(-n2cc(OC(C)=O)c3ccccc32)cc1,11.771200,1,labels
COc1cccc(Oc2ccc(NC(=O)NCCO)cc2)c1,11.770400,1,labels
COCCN(CC(F)F)C(=O)Cc1c[nH]c2c(C)cccc12,11.770300,1,labels
Cn1cc(CC(=O)Nc2cc[nH]n2)c2ccccc21,11.770200,1,random
O=C(CCCc1cn[nH]c1)N(Cc1ccccn1)C1CCCCC1,11.769600,1,labels
Cc1n[nH]c(C)c1CNc1nc(-c2ccncc2)nc2ccccc12,11.769400,1,labels
COc1cccc(CN(C)C(=O)Cc2c(C)nn(C)c2C)c1,11.769000,1,labels
O=C(NCCC1CCCO1)Nc1cccc(OCc2cccnc2)c1,11.768600,1,labels
CCOc1ccc(Cc2cn3c(C)c(C#N)ccc3n2)cc1OC,11.767000,1,labels
Cc1ccc(-c2cnnn2CCOc2cccc(N)c2)c(C)c1,11.766800,0,static
O=C(NCc1ccncc1)Nc1cccc(OCCc2ccccc2)c1,11.765700,0,static
c1ccc(COc2ccccc2OCCN2CCOCC2)cc1,11.763700,1,labels
Cc1cc(C)n(-c2ccccc2NC(=O)NCC2CCCO2)n1,11.763600,1,labels
CC(=O)c1cccc(OCC(C)CN2CCOCC2)c1,11.763400,1,labels
CC(=O)c1c(F)cccc1N1CCN(c2ncccn2)CC1,11.761300,1,random
CCn1c(C)cc(C(=O)N2CCC(C)(O)C(C)(C)C2)c1C,11.760900,1,labels
Cc1ccn2c(CN3CCN(c4cccc(F)c4C#N)CC3)cnc2c1,11.758200,1,labels
Cc1cccc(C)c1NCC(=O)N(C)Cc1ccc(F)cc1,11.756900,1,labels
COc1ccc(-c2n[nH]cc2C(=O)NCc2nnc3ccccn23)cc1,11.756200,1,labels
Cc1ccccc1OCC(=O)Nc1c(C)n[nH]c1-n1cnnc1,11.755000,1,labels
CC(C)Oc1ccc(C(=O)N2CCN(c3cnccn3)CC2)cn1,11.753900,1,labels
OCc1cn(-c2ccc(NCc3ncn(-c4ccccc4)n3)cc2)nn1,11.752700,1,labels
CNC(=O)c1cccc(NC(=O)C(C)Nc2ccc(F)cc2)c1,11.752400,1,labels
CC1=NC(=O)C(CCC(=O)NCCc2ccc3c(c2)OCO3)C(C)=N1,11.751100,1,labels
Cc1occc1C(=O)N1C2CCC1CN(Cc1cccnc1)C2,11.750400,1,labels
CN(C)C(=O)CNc1cccc(C(=O)NCC2CCCO2)c1,11.749500,1,labels
Cc1ccc(C(CNC(=O)c2ccoc2)N2CCOCC2)o1,11.748700,1,labels
COc1ccccc1CCNC(=O)C(C)Oc1ccccc1,11.748100,1,labels
Cc1cnn(CC2CCCN2C(=O)c2c(C)[nH]c3ccccc23)c1,11.748000,1,random
O=C1CC(C(=O)N2CCN(Cc3ccncc3)CC2)CN1CC1CC1,11.747200,1,labels
COc1ccc(OC)c(CCNC(=O)NCC2CCCO2)c1,11.747000,1,random
Cc1cc(CNc2cccc(NC(N)=O)c2)ccc1F,11.746800,0,static
CCOc1ccccc1C(=O)N1CCN(CC(=O)OC)CC1,11.746700,1,labels
CN(C)C(=O)c1cn(C)nc1CC1CCN(C(=O)C2CCCO2)CC1,11.745800,1,random
COc1ccccc1NC(=O)C(C)Oc1ccc(C)cc1OC,11.745300,1,labels
O=C(Nc1cccnc1)C1CN(C(c2ccccc2)c2ccccc2)C1,11.745200,1,labels
CCOc1cc(OC)ccc1C(N)C(=O)NCCO,11.744800,1,labels
N#Cc1c(-c2ccc(-c3cc[nH]n3)o2)cc(-c2ccc(O)cc2)nc1N,11.744600,1,labels
Cc1ccncc1NC(=O)NC1CCN(c2ccc(F)cc2F)C1,11.744200,1,labels
COc1cc(C(=O)NCc2ccccn2)cc(OC)c1OC,11.744000,1,labels
CCOc1ccccc1OCCn1c(C(C)(C)O)nc2ccccc21,11.744000,1,labels
CCN(CC)C(=O)c1c(-c2cc(C)ccc2C)cnnc1N,11.742700,1,labels
COc1ccc(C(C)NC(=O)c2cnc3ccc(C)cn23)c(OC)c1,11.742600,0,static
CCCc1cc(N2CCN(c3ccccc3)CC2)n2cnnc2n1,11.742100,1,labels
CCOc1cc(NC(=O)c2ccc(F)c(NC(C)=O)c2)ccc1OC,11.741900,0,static
CC(=O)NC1CN(c2ncccn2)CC1c1ccc(C)o1,11.741800,1,labels
CCOC(=O)C(O)Cc1ccccc1CN1CCOCC1,11.741000,1,labels
Cc1ccc(NC(=O)Nc2ccc(C)c(N3CCCC3=O)c2)cc1,11.740900,1,labels
CC(=O)Nc1cccc(C(=O)NCC(C)(C)N2CCOCC2)c1,11.740700,1,labels
COCc1ccc(C(=O)NCc2ccc(C)n2C)cc1,11.740500,1,random
O=C(Nc1ccc2c(c1)OCO2)Nc1ccc2c(c1)C(=O)NCC2,11.740300,1,labels
CCN(CC)c1cccc(OC(C)C(=O)OC)c1,11.740300,0,static
COCCn1ccc(NC(=O)c2c(C)nn3c(C)cc(C)nc23)n1,11.740100,1,labels
Cc1cnccc1-c1cnc(N2CCCC(O)C2)nc1-c1ccco1,11.738400,1,labels
COc1cccc(NC(=O)c2ccc(N3CCOCC3)nc2)c1,11.738400,1,labels
CCOC(=O)CCC(C)NC(=O)Nc1ccc2ccccc2c1,11.736900,1,labels
COCc1cc(C(=O)Nc2cccnc2N2CCOCC2)ccc1F,11.736200,1,labels
CN(C)c1cccc(C(=O)OCC(=O)NC2CCc3ccccc32)c1,11.735500,1,labels
CC(C)CNC(=O)C(C)N1CCc2cc(F)ccc2C1,11.735300,1,labels
CCOc1ccc(CNn2nnnc2N)cc1OC,11.732700,1,labels
CC(N(C)C(=O)CCc1cccc(N)c1)C(C)(C)C,11.731200,0,static
Cc1ccn2cc(C(=O)Nc3ccc(N4CCCC4=O)cc3)nc2c1,11.730900,1,labels
Cc1nc(CNc2cccc(C#Cc3ccccc3)c2)no1,11.730600,1,random
COC(=O)C1CCCN(c2ccc3ccncc3c2)C1,11.730100,1,labels
CC1CCCCN1c1cc(C(=O)N2CCCC(C(N)=O)C2)ccn1,11.727100,1,labels
Cn1ccc2c(C(=O)N3CCC(C(N)=O)CC3)cccc21,11.726800,1,random
COc1ccc(C)cc1NC(=O)COc1ccc2c(c1)OCO2,11.725600,1,labels
Cc1cc(NC(=O)CN2CCN(C(=O)CCn3cncn3)CC2)no1,11.725200,1,labels
CC(=O)Nc1ccc(CCNC(=O)Nc2cnn(C(C)C)c2)cc1,11.723700,1,labels
Cc1cc(-c2nnc(CN(C)Cc3nc4ccccc4o3)o2)c(C)o1,11.723400,1,random
CCC(=O)N1CCCCC1C(=O)NC(C)C(O)c1ccc(OC)cc1,11.722700,1,labels
COc1ccc(C)c(NC(=O)N(C)CCOCC2CC2)c1,11.721500,1,labels
O=C(NCC1CN2CCCCC2CO1)c1ccncc1F,11.720100,1,labels
Cc1nn(-c2ccccc2)cc1CCCNC(=O)N1CCCC1,11.720000,1,labels
CCn1cc(C(=O)NCc2ccccn2)c(=O)c2cc(OC)ccc21,11.718700,1,labels
CC(CCCO)NC(=O)Nc1ccccc1N1CC(C)OC(C)C1,11.718600,1,labels
CCn1c(C)cc(C(=O)Nc2ccc(C(=O)NC3CC3)cc2)c1C,11.715300,1,random
COc1ccc(C(C)NC(=O)c2ccccc2C)cc1OC,11.714500,1,labels
Cc1ccc(NCc2nnc(C3CCC3)o2)cc1C,11.713800,1,labels
Cc1cc2ccccc2n1CC(=O)N1CCC(C(N)=O)CC1,11.713100,1,random
OCCC1CCCCN1c1nc(-c2cccnc2)nc2ccccc12,11.713000,1,labels
Cc1cccc(NCCC(O)c2ccc(F)cc2)c1,11.712700,1,labels
CCc1ccc(OCC(=O)Nc2ccc(N)nc2C)cc1,11.712600,1,random
COC(=O)c1ccc(NC(C)c2ccc3c(c2)CCC(=O)N3)nn1,11.711000,1,random
CNc1ncc(C(=O)N2CCCCC2CCNC(=O)COC)cn1,11.710800,0,static
Cc1cnc(N2CCC3(CCCN(C(=O)c4cccnc4)C3)C2)nc1,11.710700,0,static
CC(=O)N1CCCC1c1nccnc1Nc1cccc(C)n1,11.710600,1,labels
CCCc1ccc(CNc2ccccc2C(N)=O)cc1,11.710400,1,labels
COc1ccc(C(O)CNC(=O)Nc2ccc(C)c(C)c2)cc1,11.708300,1,labels
CCOc1nc2cc(C)c(C)cc2nc1C(=O)Nc1cccc(C)n1,11.708000,1,labels
Cc1nn(C)cc1C(=O)OCCN(C)c1ccccc1,11.707200,1,labels
Cc1cc(NCc2ccc(C(=O)N(C)C(C)C)cc2)nc(C)n1,11.705300,1,random
Cc1ccc(OC(C(=O)N2CCNCC2)C(C)C)cc1,11.705200,1,labels
Cc1cc(C(=O)Nc2cc(N3CCC(C)CC3)ncn2)c(C)o1,11.704200,1,labels
COc1ncccc1NCc1cnn2ccccc12,11.704100,1,labels
Cc1nc(-c2cccc(NCC3CCOC3)c2)n[nH]1,11.703400,1,labels
COc1ccc(CNc2ncnc3c2cnn3C)cc1OC,11.701900,1,labels
Cc1ccc(N2CC(C(=O)NCCN3CCOCC3)CC2=O)c(F)c1,11.701800,1,labels
COCCCN(C)C(=O)Nc1ccc(C)cc1OC,11.700000,1,random
Cc1cccc(C2(Cc3ccc(C)o3)NC(N)=NC2=O)c1,11.698800,1,labels
Cc1ccc(-c2ccnc(NC(CO)c3cccnc3)n2)c(C)n1,11.697700,1,labels
Cn1c(=O)c2c(NCCCN3CCOCC3)ccnc2n(C)c1=O,11.696700,1,labels
CCOC(=O)CN(Cc1cnc2c(C)cccn12)C1CC1,11.695500,1,labels
CC(C)CN(CC(N)=O)Cc1cnc(N2CCOCC2)nc1,11.694400,1,labels
CCC(CC)C(=O)NC1CCCc2nc(N3CCCCC3)ncc21,11.693700,0,static
CCOC(=O)C1=C(C)OC(N)=C(C(=O)OCC)C1c1ccc[nH]1,11.690900,1,labels
O=C(Nc1ccc2c(c1)OCCO2)N(Cc1cccc(O)c1)C1CC1,11.690400,1,labels
CCOc1ccc(C(O)CNCc2ccncc2)cc1,11.688600,0,static
COC(=O)N1CCCC1C(=O)N1CCC(Nc2ccccc2)C1,11.688200,1,labels
CCCn1nc(-c2c(C)cc(C)cc2OC)cc(N)c1=O,11.687600,1,labels
Cc1ccc2c(CCNC(=O)CCOC(C)C)c[nH]c2c1,11.686600,1,labels
Cc1ccc(C(N)c2ccc(C)n(C3CC3)c2=O)c(C)c1,11.685900,1,labels
COc1ccc(NC(=O)NCCNC(C)=O)cc1Cc1ccccc1,11.685500,0,static
COc1ccccc1NC(=O)c1cc2cccnc2nc1N,11.685300,0,static
Cc1nn(C)c(C)c1C1CCCN1C(=O)c1ccn(-c2ccccc2)n1,11.684500,1,labels
CCOc1ccc(OCc2cccnc2NC)cc1,11.683100,1,labels
COc1ccc(-n2ccc(NC(=O)Cc3cccc(OC)c3)n2)cc1,11.682400,1,labels
Cc1ccc(OC(C)c2nc(N)nc(C)c2C(=O)N(C)C)cc1,11.682100,1,labels
COc1ccc(CCNC(=O)Cn2ncc(N(C)C)cc2=O)cc1,11.680600,1,labels
COc1ccc(NC(=O)Nn2c(C)nnc2C)cc1OC,11.680300,1,labels
O=C(CN1CCN(CC(F)(F)C(F)F)CC1)NC1CCCC1,11.679900,1,labels
COC(=O)c1c(C)[nH]c(C(=O)COc2ccc(NC(C)=O)cc2)c1C,11.679100,1,labels
CC(C)OCc1cccc(NC(=O)N(C)C(C)c2ccccn2)c1,11.675700,1,random
O=C(Cc1ccccc1)N1CCC2(CC1)COCCN2CC1CC1,11.675100,1,labels
CCc1c(NC(=O)N2CCCCC2CO)cnn1CC(C)C,11.674900,1,labels
COc1ccc(NC(=O)c2[nH]c(C)c(C(C)=O)c2C)c2cccnc12,11.674800,1,labels
Cn1ccc2c(C(=O)NCCc3nc4ccccc4n3C)cccc21,11.674400,1,labels
CCOc1ccc(C2NC(=O)c3c(C)cccc3N2)cc1OCC,11.674100,1,labels
Cc1cc(NC(=O)C(C)Nc2ccc(CC(=O)NC(C)C)cc2)on1,11.672900,1,labels
COc1ccc(C(=O)Nc2cc3c(cc2C)n(C)c(=O)n3C)cc1,11.672600,1,labels
CC(C)Oc1ncnc(NCc2ccccc2)c1N,11.670000,1,labels
Cc1ccc(CN2CCN(Cc3cccnc3N)CC2=O)cc1,11.669500,1,labels
CCOc1ccc(NC(=O)NCC(O)c2ccc(OC)cc2)cc1F,11.668300,1,labels
Cc1occc1COC(=O)C1CCN(c2cnccn2)CC1,11.668100,1,labels
COC(=O)C1CN(Cc2ccc(-n3ccnc3)cc2)CC(C)O1,11.667800,0,static
Cc1ccc(NC(=O)C2CC2)cc1NC1CCN(C)C1=O,11.667400,1,labels
CC(=O)N1CCc2cc(NC(=O)c3cccc4ncccc34)ccc21,11.666700,1,labels
COc1cccc(-c2nnc3c(-c4ccccc4)cnn3c2N)c1,11.665300,1,labels
Cn1cc(CN2CC(C(=O)NC3CC3)CC3OCCC32)cn1,11.665100,0,static
CCOc1ccc(NC(=O)NCCc2cccc(C(N)=O)c2)cc1,11.665000,1,labels
Cc1ccc(C(=O)N2CCN(c3ccccc3C)CC2)o1,11.664800,1,labels
Cc1nc(N(C)C)nc(C2=CC3=CC=NC3C=C2)c1C,11.664100,1,labels
COCCNC(=O)N1CCN(Cc2nc3ccccc3o2)CC1,11.662400,1,random
COCCNC(=O)C1CCC(C)N(C(=O)Nc2ccc(OC)cc2)C1,11.660300,0,static
CCN1CCN(C(=O)c2cnc(-c3ccco3)nc2N)CC1,11.657800,0,static
COc1ccc(C)cc1NC(=O)NC(C)C(=O)N1CCCCC1,11.657500,0,static
COC(=O)CN1CCN(Cc2ccnc3ccccc23)C(C)C1=O,11.657100,1,labels
CCOCC(=O)NCC#CCOc1cccc2c1OC(C)(C)C2,11.656700,0,static
CC(=O)Nc1cccc(CNC(=O)c2cccc3c2ccn3C)c1,11.656000,1,labels
COc1ccc(C(C#N)CN2CCOCC2)cc1OC,11.654000,1,labels
CCN(CC)C(=O)CCC(=O)N1CC(C)Oc2cc(C)ccc21,11.652900,0,static
CCn1c(C)cc(=O)c2cc(C(=O)Nc3ccc(OC)cc3)ccc21,11.652800,1,labels
C1CC(CN2CCOC3C(OCC4CC4)CCC32)CCO1,11.652000,1,random
Cc1ccccc1CCNCc1c[nH]nc1-c1cccnc1,11.651400,1,labels
COc1ccc(NC(=O)COc2ccccc2N)cc1,11.651300,1,labels
COCCOc1ccc(NC(=O)N2CCOCC2C2CC2)c(C)c1,11.650500,1,labels
c1cncc(OC2COC3(CCN(c4cnccn4)C3)C2)c1,11.648700,1,labels
CC(C)CC(=O)N1CCC(NC(=O)Nc2ccc3c(c2)CCO3)CC1,11.647100,1,labels
Cc1cc(C)n2c(CN3CCOC(C)(c4ccccc4)C3)cnc2n1,11.646500,0,static
COc1ccc(-c2cc(N(C)C(=O)c3cc(C)oc3C)n[nH]2)cc1,11.646100,1,labels
COc1ccc(OC)c(NC(=O)Nc2cc(C)nn2C)c1,11.645200,1,labels
CCNC(=O)N1CCN(Cc2cnn(-c3ccccc3)c2)CC1,11.644200,1,labels
COC(=O)c1ccc(C(C)N2CCOC(c3ccc(C)o3)C2)o1,11.643500,1,labels
c1ccc2c(c1)CC(NCc1cccc3[nH]ccc13)C2,11.643500,1,random
CC(Oc1ccccc1C#N)C(=O)Nc1cccnc1N1CCCC1,11.640500,1,random
CCN1CNC2=NC(c3cccnc3)n3c(nc4ccccc43)N2C1,11.640400,1,labels
COCn1cc(CO)c2c(OC)cc(OC)cc21,11.640300,1,labels
CC(C)(C)c1n[nH]cc1CNc1ccc2c(c1)COC2,11.638200,1,random
COc1ccccc1C(NC(=O)Cc1ccc[nH]1)c1nccn1C,11.636800,1,labels
Cn1ccc2ccc(NC(=O)CCCn3cccn3)cc21,11.635800,1,labels
COc1ccc(NC(=O)NC(C)(C)C)cc1N1CCCC1=O,11.635800,0,static
CC1CN(CC2CC(C(C)(C)C)CCC2=O)CCO1,11.632800,0,static
COc1cc(OC)c(C(O)C(=O)NC2CC2)c(OC)c1,11.631400,1,random
COc1ccc(CN(C)C(=O)COc2cccc(C)c2)cc1,11.631100,1,labels
CCOc1cc(C)c(-c2c(C)oc(N)c2C#N)cc1C,11.630100,1,labels
COc1ccccc1CNC(=O)c1ccc(N2CCCCCC2)nc1,11.630100,0,static
Cc1cc(N(C)C)n2ncc(-c3ccc(F)cc3)c2n1,11.629400,1,labels
CC(C)c1ocnc1CN1CCCc2c(C(N)=O)cccc21,11.628800,1,labels
COc1cccc(NC(=O)c2cccnc2N2CCCC2)c1,11.628600,1,labels
COc1ccc(CNC(=O)Nc2ccc3c(c2)n(C)c(=O)n3C)cn1,11.628300,1,labels
Cn1ccc2c(-c3ccc4c(c3)CNCC4)ccnc21,11.628200,1,random
CCc1ccc(NC(=O)NCc2ccc3c(c2)CCN3C(C)=O)cc1,11.625600,0,static
CCOCc1ccccc1NC(=O)N1CCN(C(=O)N(C)C)CC1,11.624200,1,random
CCCOc1ccc(C(C)NC(=O)c2cnccn2)cc1OC,11.624100,1,labels
Cc1ccc(NC(C)c2cccc(-n3cnnn3)c2)c(C)c1,11.622900,0,static
Cc1cccc2c(CCNC(=O)Cc3cccc(OCC#N)c3)c[nH]c12,11.622600,1,labels
CCOc1ccc(NC(=O)Cc2ccccc2F)cc1OCC,11.620900,1,labels
CCCN(C)c1ccc(C(=O)NCC2CCCO2)cc1,11.620600,1,labels
COc1cccc(C(O)CCC(=O)N2CCN(C)CC2)c1,11.620500,1,labels
Cn1ccc(NC(=O)NCCOc2ccccc2C(C)(C)C)n1,11.620500,1,labels
COCc1oc(-c2ccc(OC)c(OC)c2OC)cc1CO,11.619400,1,labels
COc1cccc(NCc2c(C)nn(-c3ccc(F)cc3)c2C)c1,11.619300,1,labels
Cc1nc(CN(C)C2CCN(C3CC(C)OC3=O)C2)no1,11.616200,1,labels
CCOC(=O)N1CCC(Nc2cnn(C(C)(C)C)c2)CC1,11.615900,1,labels
CCOC(=O)N1CCc2cc(NC(=O)Nc3cn[nH]c3)ccc21,11.615800,1,labels
COCC(=O)N1CCCN(c2ccc(NC(=O)C(C)C)cn2)CC1,11.615500,1,labels
Cc1ccc(CC(=O)N2CCN(C3CCOC3=O)CC2)cc1,11.612700,1,labels
C=C(C)C1CC=C(CN2CC(NC(=O)CC)CC2C(=O)OC)CC1,11.612100,1,labels
C=CCN(Cc1ccccn1)C(=O)C(C)Oc1cc(C)ccc1C,11.611700,1,random
OC(CN1CCOCC1)c1cccc2ccccc12,11.609500,1,labels
Cc1cccc2c(CC(=O)NCC(=O)N3CCc4ccccc43)c[nH]c12,11.608800,0,static
C#CCN1CCC(C(=O)Nc2cc(-c3ncco3)ccc2C)CC1,11.608500,1,labels
Cc1cc(F)ccc1N1CCCC(NC(=O)C2CCOCC2)C1,11.608400,1,random
CCCCNC(=O)CN1CCN(c2ncccc2C#N)CC1,11.606800,1,labels
c1ccc(CN2CCOC(Cn3cccn3)C2)nc1,11.606500,1,labels
Cc1oc(C)c(C(=O)NC2CCN(c3ncccn3)CC2)c1C,11.605400,1,labels
CN(C)c1ccc(C(=O)NCC(=O)N2CCCC2)cc1,11.604200,1,labels
CCN(CC)c1ccc(C(=O)NC2CCCc3ccccc32)cc1,11.604200,0,static
CN(CCCc1cnn(C)c1)C(=O)c1cc(-c2cccn2C)n[nH]1,11.603800,0,static
COc1ccc(CN(C)C(C(=O)NC2CC2)c2ccccc2)cc1F,11.603600,1,labels
C=CCNc1nc(C2CCCO2)nc(OCCC)c1N,11.603000,0,static
CCCN1CCN(C(=O)C(NC(=O)c2ccccc2)C(C)C)CC1,11.602600,0,static
Cc1ccnc(N2CCCC(C(=O)N3CCC(C(N)=O)CC3)C2)n1,11.601000,1,labels
CC(=O)c1ccc(N2CC(CO)C(CN3CCOCC3)C2)nc1,11.599900,1,labels
Cc1ccc(N)cc1NC(=O)CCOc1ccccc1C,11.598900,0,static
COCCNC(=O)CN1C(=O)CNc2cc(OC)ccc21,11.596100,1,labels
CC(O)CN1CCN(C(=O)CCc2nc3ccccc3o2)CC1,11.594900,1,labels
C#Cc1cccc(NC(=O)C2CC(=O)N(CCN3CCOCC3)C2)c1,11.593000,0,static
Cc1nc(N2CCN(c3ccc(F)cc3)CC2)nc2c1C(=O)CCC2,11.590600,1,labels
CCc1cccc(OCCCC(=O)Nc2cccc(N)c2)c1,11.589300,1,labels
Cn1c(C(N)c2ccccc2)nc2cc(N)ccc21,11.588900,1,labels
Cc1cc(C)c(NC(=O)c2nccc3cccc(N)c23)c(C)c1,11.588100,1,random
CCOc1ccc(NC(=O)COc2ccc3c(c2)OCO3)cc1,11.587900,1,labels
C#CCN1CCC(C(=O)NCCC2CC3CCC2C3)CC1,11.587700,1,labels
CCN(C)c1ccc(C(=O)NCCc2ccco2)cc1,11.586500,1,labels
O=C(NCC1CCN(c2cnccn2)CC1)c1c(F)cccc1F,11.586400,1,labels
Cn1cc(CN2CCN3C(=O)N(C4CCOCC4)CC3C2)cn1,11.586000,1,labels
COCCNC(=O)N1CCC(Cc2nc3cccnc3n2C)C1,11.583500,1,random
CN(Cc1ccc2ccccc2n1)Cc1nc(CC2CC2)no1,11.583400,1,labels
Cc1ccc(C(=O)N2CCN(Cc3ccc4c(c3)OCO4)CC2)o1,11.582300,1,labels
CC(=O)Nc1cccc(CN2CCOCC2C2CC2)c1,11.582100,1,labels
O=C(Cc1ccc(O)cc1)N1CCN(Cc2ccccc2)CC1,11.580400,1,labels
c1ccc(C2c3cccn3CCCN2Cc2ccncc2)cc1,11.577500,0,static
CCOC1CN(Cc2ccc(C)o2)C2CCCOC12,11.577200,1,labels
CCCCn1c(N)c(N(C)Cc2nc(C)c(C)o2)c(=O)[nH]c1=O,11.575700,1,labels
CC(=O)NCCCNC(=O)N1CCCC1c1ccc2c(c1)OCCO2,11.572900,1,labels
Cn1cc(C(=O)N2CCCC2c2cccc3ccccc23)cn1,11.572300,1,random
NC(=O)N1CCCC(C(=O)NCCCCN2CCOCC2)C1,11.572300,0,static
CC(=O)c1c(C)[nH]c(C(=O)N2CCN(Cc3cc(C)on3)CC2)c1C,11.570100,0,static
COc1ccc(OCC(O)CNC(=O)Nc2cc(C)cc(C)c2)cc1,11.568800,0,static
Cc1ccc(OCc2cccc(C(=O)N(C)Cc3ccncc3)c2)cn1,11.568600,1,labels
Cc1ncc(C(=O)Nc2ccc(OC(C)C)cc2)c(C)c1N,11.568300,1,labels
CC(=O)Nc1cccc(NCC(=O)Nc2cccc(OC(C)C)c2)c1,11.565500,1,random
CCOC(=O)C(N)c1cc(OC)c(OC)cc1OC,11.564400,1,random
CC(C)CCNC(=O)Nc1ccc(NC(=O)NCC2CCCO2)cc1,11.564200,1,labels
NC(=O)Cn1c(CCC2CCCCC2)nc2c(N)cccc21,11.563300,1,labels
COc1ccc(CN2CCN(C(=O)c3cc4ccccc4[nH]3)CC2)cc1,11.562800,1,labels
Cc1cccnc1NC(=O)C1CN(Cc2ccccc2)CCO1,11.562500,1,random
O=C(Nc1ccc(N2CCCC2)nc1)C1CCCCC1,11.562000,1,labels
Cc1ccc2ncc(C(=O)NCC(C)N3CCOCC3C)n2c1,11.558800,1,labels
Cn1cc(C2CCCN2C(=O)c2ccc(N3CCOCC3)cc2)cn1,11.557100,1,labels
Cc1ccc(CC(=O)N2CCN(Cc3cccnc3)CC2)cn1,11.556400,1,labels
CC1CN(C(=O)CN2CCCNC2=O)CC1N1CCOCC1,11.556400,0,static
CCn1ccc2cc(CCC(=O)NC(C)c3ccccn3)ccc21,11.552900,1,labels
CCN1CCN(C(=O)CCc2cnn(C)c2)c2ccccc21,11.552700,1,labels
COc1ccc(C(O)CNCc2ccc(C)cc2)cc1,11.552000,1,labels
CCOc1ccc(CC(=O)NCCN2CCOCC2)cc1,11.549300,0,static
CN(C)C(=O)CCNC(=O)Nc1cc(F)cc(N2CCCC2)c1,11.546700,1,labels
CCOc1nc(COC)nc(NCc2ccccc2)c1N,11.542400,0,static
CCc1ncc(NC(=O)N2CCN(Cc3nc(C)c(C)o3)CC2)cn1,11.539200,1,labels
O=C(c1ccc2[nH]cnc2c1)N1CCN(CCc2ccccc2)CC1,11.538600,0,static
CCCn1cc(NC(C)CC(C)(C)OC)ccc1=O,11.538200,1,labels
CCOc1ccc2[nH]c3c(NCCCO)ncnc3c2c1,11.537500,1,random
Cc1ncccc1NC(=O)C1COC2CN(Cc3cnn(C)c3)CC21,11.534400,0,static
CCOC(=O)CN(C)C(=O)CN1CCN(c2ccccc2)CC1,11.534100,1,labels
CCCOc1ccc2c(c1OC)C(C(O)CO)NCC2,11.533400,1,labels
Cc1cc(NC(=O)NCc2cnn(C)c2C)ccc1OC(C)C,11.532700,0,static
CCOc1cc2c(cc1Cn1nccc1N)OC(C)C2,11.530700,1,labels
Cc1ccccc1C1CN(Cc2cn(C)nc2-c2cccnc2)CCO1,11.529200,1,labels
CCNC(=O)c1cccc(CN2CCN(c3ccc(F)cc3)CC2)c1,11.529200,1,labels
CCC(O)CN1CCN(C(=O)c2ccc(Cn3ccnc3)cc2)CC1,11.528300,0,static
Cc1cccc(N2CCN(C(=O)c3ccnc4ccccc34)CC2)c1,11.526100,1,labels
c1ccc(NCc2nc(-c3ccoc3)no2)c(CN2CCOCC2)c1,11.525900,1,random
COc1cccc(NC(=O)N2CCCCC2CCN2CCOCC2)c1,11.524300,1,random
C#CCN1CCC(C(=O)NCCNC(=O)c2ccccc2F)CC1,11.524300,0,static
O=C(CCCc1ccccc1)N1CCN(CCc2ccccn2)CC1,11.523500,1,labels
COc1ccc(C2CCCN2C(=O)c2ccc(C)nc2C)c(OC)c1,11.522400,1,labels
CCc1nn(C)c(OC)c1CN1CC2OCCN(C)C2C1,11.522300,1,labels
O=C(C1CCCN1C(=O)C1CC1)N1CCN(c2ccccc2)CC1,11.521300,1,labels
CCN1CCN(C(=O)c2c(C)cc(C)[nH]c2=O)CC1,11.519700,1,labels
CCOc1ccc(OCC(=O)N(CC)CC)cc1,11.516500,1,labels
CC(C)NC(=O)Cc1ccc(NCc2cnn(C(C)(C)C)c2)cc1,11.516000,1,labels
CCc1c(C)nn(CCNC(=O)c2cc(-c3cccn3C)n[nH]2)c1C,11.514200,1,labels
Cc1ccccc1C(C)NC(=O)NCCN1CCOCC1,11.512700,1,labels
CC(C)NC(=O)Cc1ccc(NCc2ccc(-n3ccnc3)cc2)cc1,11.511100,1,labels
Cc1cccc(NC2CCN(C(=O)c3ccc(C)[nH]c3=O)CC2)c1,11.509100,1,labels
Cc1ccc(C(=O)NC2CCN(c3cnc4ccccc4n3)CC2)o1,11.508400,1,labels
COc1cccc(CN2CCCC(c3n[nH]cc3NC(C)=O)C2)c1,11.508000,1,random
CCN(Cc1ccccc1NC(=O)NCCN1CCOCC1)C(C)=O,11.506600,0,static
Cc1nc(Nc2ccccn2)cc(C2CCCN2c2ccncn2)n1,11.503200,1,labels
COC(=O)Cn1nc(-c2cccc(OC)c2)c2c1CCN(C)C2,11.501700,1,labels
CCc1ccc2nc(CN3CCN(C(C)=O)CC3)[nH]c2c1,11.501600,1,labels
CCOc1ccc2nc(C(=O)NCCCN3CCOCC3)cn2n1,11.500500,0,static
CNC(=O)c1ccc(CN(C)Cc2cc(F)cc3cccnc23)cc1,11.498600,1,labels
COc1ccc(C)cc1Cn1c(NCCO)nc2ccccc21,11.496300,1,labels
COc1ccc2[nH]cc(CCNC(=O)c3nc(C(C)C)oc3C)c2c1,11.495200,0,static
COc1cc(CNc2cccc(NC(C)=O)c2)cc(OC)c1O,11.492700,1,labels
Cc1ccc(CC(C)NC(=O)NC(C)C(C)N2CCOCC2)c(C)c1,11.492400,0,static
CCN(CC)C(=O)N1CCN(CC(=O)NCC2CCC2)CC1,11.489700,0,static
COCCCNC(=O)CN1CCN(C(=O)Nc2ccccc2)CC1,11.488800,1,labels
CN(Cc1cnn(-c2ccccc2)c1)c1cc(NCCO)nc(N)n1,11.488100,0,static
COc1ccc(-c2noc(CCCC(=O)N3CCN(C)CC3)n2)cc1,11.488000,1,labels
CCOc1ccc(C(O)(CCN2CCOCC2)c2ccccc2)cc1,11.487900,1,labels
COc1cc(OC)c(CNC(=O)Nc2cccc(C)c2)c(OC)c1,11.484000,1,random
Nc1cccc2c1N(CC(=O)NCc1ccccc1)CCO2,11.483200,1,labels
Nc1ccccc1-c1nc2cc(O)ccc2n1CCO,11.483000,1,random
CC(C)Oc1ccc(NC(=O)c2cc(N)c[nH]c2=O)cc1,11.481900,1,labels
OCCN1CC2(CCCC2)Nc2cc(F)ccc21,11.478100,1,labels
c1cnc(N2CCN(Cc3ccc4c(c3)OCO4)CC2)nc1,11.477300,1,labels
CNC(=O)COc1ccc(NC(=O)c2cn(C)nc2C(C)(C)C)cc1,11.475200,0,static
CCNc1nccc(N2CCC(CC(=O)N(CC)CC)CC2)n1,11.474000,1,random
CCc1ccccc1NCC(=O)Nc1ccc2c(c1)CCN2C(C)=O,11.473700,0,static
CN(CC(=O)N1CCC(C(=O)N2CCCC2)CC1)c1ccc(F)cc1,11.469700,1,labels
CN(Cc1nnnn1C1CC1)c1ccc(Oc2ccccc2)cc1,11.469600,1,labels
CCC1COCCN1C(=O)Nc1cccc(N(C)CC)c1,11.466500,1,labels
COc1ccc(C(=O)N2CCN(CC(O)c3ccccc3)CC2)cn1,11.462100,1,labels
CC(C)(C)c1nnc(CNc2c(F)cccc2N2CCCC2)o1,11.460500,1,labels
CCC(O)CN1CCN(C(=O)CCc2ccncc2)CC1,11.460400,1,labels
CC(=O)c1ccc(N2CCN(CC(=O)N(C)C(C)(C)C#N)CC2)cc1,11.459000,1,labels
Cc1ccc(OCC(=O)N(CCC(N)=O)c2ccccc2)c(C)c1,11.456000,1,labels
COc1cc(CCC(=O)N2CCc3ccccc32)cc(OC)c1OC,11.453800,0,static
CC(=O)N(C)C1CCN(C(=O)NCc2ccc(C)cc2N(C)C)CC1,11.452400,1,labels
CN(C)c1ccc(NC(=O)c2c[nH]nc2-c2ccccc2F)cn1,11.448200,1,labels
Cc1ccc(-c2n[nH]cc2CNCCc2c(C)nn(C)c2C)cc1,11.440200,1,labels
CN(CC(=O)N1CCC(Cc2ccc(CO)cc2)C1)c1ccccc1,11.439500,1,labels
Cn1cnc(CNC(=O)NCC2(N3CCOCC3)CCCCC2)n1,11.439500,1,random
CC1CN(CCCNC(=O)NC2c3ccccc3CC2O)CC(C)O1,11.436100,0,static
CCN(CC)c1ncnc(Nc2ccc(F)cc2)c1N,11.435800,1,labels
COc1ccc(OCC(O)CN2CCOC(c3ccccc3)C2)cc1,11.432200,0,static
CC(C)c1ncc2c(n1)CN(Cc1cccc3c1OCCO3)CC2,11.429200,1,labels
CCN(CC)C(=O)CN(C)c1ccccc1CO,11.428500,0,static
CCC(C)Nc1ncnc(NC(C)COC)c1N,11.427500,1,labels
Cn1cc(CCCC(=O)NCCc2ccncc2)c2ccccc21,11.427400,1,random
CN(C)c1ccccc1C#CCNC(=O)NCc1ccccc1,11.427200,1,labels
Cc1ccc(-n2ccnc2)c(C(=O)NCCCN2CCOCC2)c1,11.426000,1,labels
C#CCN1CCN(Cc2ncc(-c3ccccc3)o2)CC1,11.424300,1,labels
CCOc1cc2c(cc1NC(=O)N1CCOCC1C1CC1)OC(C)C2,11.421300,1,labels
Cc1cc(N2CC(n3nc(C)cc3C)C2)n2nc(C)c(C)c2n1,11.421100,0,static
CCn1cnnc1C1CCN(C(=O)c2cc3ccc(C)cc3[nH]2)CC1,11.419500,1,labels
COc1cc(CN2CCOCC2CC(C)C)cc2c1OCCO2,11.419000,0,static
CCC(Nc1cccc(OC)c1)C(=O)N(C)Cc1[nH]nc2c1CCC2,11.418400,1,labels
NC(=O)C(Nc1cccc(OCc2cccnc2)c1)c1ccccc1,11.413200,1,labels
Cc1ccccc1C(C(=O)N(C)Cc1c(C)nn(C)c1C)N(C)C,11.412000,0,static
CCCn1cc(NCc2cn(-c3ccccc3)nc2C)cn1,11.408700,1,labels
COc1cc(CN2CCOC(C)C2C)cc(OC)c1OC,11.406000,0,static
COCCn1c(-c2cc(C)ccc2OC)ccc(N)c1=O,11.403900,1,labels
Cc1cccc(CCC(=O)N2CCCc3cc(N)ccc32)c1,11.403600,1,labels
Nc1c(Nc2cccnc2)ncnc1Nc1cccc2cccnc12,11.402000,0,static
Cc1ccccc1C(C(=O)N(C)CCc1c(C)n[nH]c1C)N(C)C,11.399900,1,labels
Cc1oc(C(C)C)nc1C(=O)NCCCN(C)c1ccccc1,11.399400,1,random
CN(CCOCC1CCCO1)Cc1nc2ccccc2n1C,11.397400,1,labels
COc1ccc(NC(=O)NCCOc2ccc(C)cc2)cc1OC,11.396600,1,labels
C=C(C)C(C)(O)C#CCN1CCCCC1c1cccnc1,11.394500,1,labels
COc1ccnc(NC(=O)c2ccc(N3CCCCC3)cc2)c1,11.394300,1,labels
CCOc1ccccc1NCC(=O)Nc1ccccc1OC,11.394300,1,labels
O=C(CNc1ccccc1OC1CCCC1)N1CCOCC1,11.391600,1,labels
COc1ccc(C2CC(C)N(C(C)c3nc(C4CC4)no3)C2)cc1,11.390200,1,labels
CN(C)Cc1cc(=O)n2c(n1)CN(Cc1ccco1)CCC2,11.390100,0,static
CCc1cnc(N2CCC3(CC2)CC(N2CCOCC2)CO3)nc1,11.390000,0,static
NC(=O)COc1ccccc1CN1CCOc2ccccc21,11.380600,1,labels
CC(CN1CCOCC1)NC(=O)Nc1cccc2cccnc12,11.378700,1,labels
CNC(=O)CN1CCOCC12CCN(Cc1cnc[nH]1)CC2,11.376200,1,labels
CCCC(=O)Nc1cccc(NC(=O)NCCN2CCOCC2)c1C,11.376100,1,labels
O=C1NCC2(CCN(C(=O)c3ccccc3N3CCOCC3)CC2)O1,11.374200,1,labels
COc1cccc(CNc2ccc(NC(=O)C3CCCO3)cc2)c1,11.374000,0,static
O=c1c2nccnc2ncn1C1CCN(c2ccccc2)CC1,11.370200,1,labels
CN(Cc1cnn(C)c1)C(=O)Nc1ccccc1N1CCCCCC1,11.367200,0,static
C=CCN(CC=C)C(=O)CN1CCn2cccc2C1C,11.364000,1,random
Cc1ccc(CNC(=O)Nc2c(C)cccc2C)c(N(C)C)c1,11.359900,1,labels
Cc1cc2ccccc2n1CCCNC(=O)CNC(=O)c1ccccc1,11.358700,0,static
COCc1cc(CN2CCN(c3nccnc3C)CC2)ccc1OC,11.351100,0,static
Cc1ccc(OCC(=O)NCC(C)(C)N2CCOCC2)cc1C,11.348500,1,labels
Cc1ccc(C)c(OCC(=O)N2CCN(c3ccc(O)cc3)CC2)c1,11.348200,0,static
CN(C)C(=O)c1cccc(CN2CCN(c3ccccc3F)CC2)c1,11.347500,0,static
CCCC(C)CNc1ccc(-n2cc[nH]c2=O)cc1,11.346800,1,labels
COc1c(C)cc(CN2CCCC(c3nncn3C)C2)cc1C,11.346400,1,labels
COc1ccc(C(=O)Nc2ccccc2N2CCCCC2)cc1OC,11.344900,0,static
COCC(C)Nc1ncnc(NC23CC4CC(CC(C4)C2)C3)c1N,11.344000,0,static
CCc1cccc2c(C(=O)CN3CCC(n4cncn4)CC3)c[nH]c12,11.343700,0,static
COCCN(Cc1ccc2ccccc2n1)Cc1ccccc1F,11.341700,1,labels
CC(CNC(=O)Nc1cnn(-c2ccccc2F)c1)N1CCOCC1,11.336500,0,static
COCCn1nc(C)c(NCC2CCOCC2)c1C,11.336400,1,labels
CC(C)(C)CN(CCO)C(=O)Nc1cccc(N2CCOCC2)c1,11.335800,0,static
COc1cc(-c2nc3c(N)cccc3o2)cc(OC)c1OC,11.333300,0,static
Oc1cccc(C2CN(Cc3cccc4c3OCCCO4)CCO2)c1,11.330400,1,labels
COCCn1c(-c2ccc(OC)cc2OC)ccc(N)c1=O,11.324600,1,labels
COc1ccc(NC(C)=O)c(NCC(=O)Nc2cc(C)cc(C)c2)c1,11.320700,0,static
CCOc1cc2c(cc1CNC(=O)c1cc(C)n(C)n1)OC(C)C2,11.316900,1,labels
Cn1cccc1-c1cc(C(=O)NCCc2c[nH]c3ccccc23)[nH]n1,11.312100,1,labels
Nc1nc2ccc(N3CCN(c4ccc(F)cc4)CC3)cn2n1,11.308000,1,labels
CC1CC(N2CCOCC2)CCN1Cc1ccccc1,11.307400,1,labels
COc1ccc(C)cc1CC1CNc2ccc(O)cc2O1,11.306700,1,labels
CCN1CCc2ccc(NC(=O)c3ccc(Cn4cncn4)cc3)cc21,11.301400,0,static
c1cncc(NCC2CCC3C2OCCN3CC2CCOCC2)c1,11.300400,1,random
CN(CCC(F)(F)F)C(=O)NCC1CN2CCCCC2CO1,11.297100,1,labels
COc1ccc(OCCN2C(=O)Cc3cc(N)ccc32)cc1,11.291200,1,labels
CCCC(=O)N1CCCN(C(C)C(=O)c2c[nH]c3ccccc23)CC1,11.288200,0,static
CCC1CNc2cc(C(=O)CN3CCN(C(C)=O)CC3)ccc2O1,11.283800,0,static
CCOc1ccccc1N1CCN(C(=O)c2cc[nH]n2)CC1,11.282800,1,labels
CCCCOc1ccc(-c2nn(C)c(C)c2N)cc1,11.277800,1,labels
c1cnc(N2CCC(n3cc(CN4CCOCC4)nn3)CC2)nc1,11.274600,1,labels
Cc1n[nH]cc1CNc1ccc(CC(=O)N2CCc3ccccc32)cc1,11.265800,1,labels
COc1ccc(OCCN(C)C(=O)c2cccc(N(C)C)c2)cc1,11.260000,0,static
O=C(NCCCN1CNc2ccccc21)c1ccc(=O)[nH]c1,11.259500,1,labels
Cc1ccc(CN(C(=O)CN2CC(C)c3ccccc32)C2CC2)o1,11.257600,1,labels
Cc1nccc(C2CCCCN2Cc2ccccn2)n1,11.257200,1,labels
Cc1ccc(CN2CCC(N3CC(C)OC(C)C3)CC2)cc1,11.252300,1,labels
CC(=O)N1CCc2cc(-c3cn4cc(N)cc(C)c4n3)ccc21,11.250500,1,labels
CCn1cc(NC(=O)N(C)Cc2ccccc2N2CCCC2)cn1,11.245600,1,labels
OC(CN1CCOCC1)CN1CCN(c2nc3ccccc3o2)CC1,11.241600,0,static
COc1ccc(-c2cn3cc(N)cc(OC)c3n2)c(C)c1,11.224700,0,static
CC1CCC(NC(=O)CN2CCN(c3ncccn3)CC2)CC1,11.224500,1,labels
CCOc1cc2c(cc1NC(=O)N(C)Cc1ccccn1)OC(C)C2,11.223800,0,static
CC(C)N(C)c1ccc(NC(=O)NCC(=O)N2CCCC2)cc1F,11.216500,1,labels
COc1cc(C)ccc1NC(=O)N1CCN(Cc2ccccc2)CC1,11.213100,1,labels
CN(CCNC(=O)NCC(C)(C)c1ccncc1)c1ccccc1,11.207100,1,labels
COc1ccccc1NC(=O)C(C)Nc1ccc(NC(C)=O)cc1,11.207100,1,labels
Cc1cc(C(=O)CN2CCN(C(=O)C3CCCO3)CC2)c(C)[nH]1,11.200200,1,labels
Cc1cc(NC(=O)N2CCN(C(C)C(=O)N3CCCC3)CC2)n(C)n1,11.182900,1,labels
N#CC(c1c[nH]c2ccccc12)N1CCN(c2ccccc2)CC1,11.178900,1,labels
CC(C)COc1ccccc1NCCn1nc2ccccn2c1=O,11.169900,1,labels
O=C(NCCN1CCOCC1)c1cccc(CN2CCOCC2)c1,11.149400,1,labels
CN1C=CC(C(C(N)=O)c2ccccc2)c2ccccc21,11.145300,1,labels
CCN(CC)C(=O)C1CC(NC(=O)c2cccc(N(C)C)c2)CN1C,11.139300,0,static
O=C(Nc1ccc2c(c1)CCCO2)N1CCN(Cc2ccon2)CC1,11.113800,1,labels
Nc1cc2cnn(NCc3ccccc3)c2cc1N,11.103700,0,static
OC(CCN1CCOCC1)c1ccc2c(c1)CCCN2,11.079100,1,labels
COc1ccnc(N2CCN(CC(C)(C)N3CCOCC3)CC2)n1,11.075900,1,labels
CC(CCc1cccn1C)NC(=O)NCC1CN2CCCC2CO1,11.073900,1,labels
CCN(Cc1nc2ccccc2n1C)c1ccccc1,11.072300,1,random
Cc1[nH]c2ccccc2c1-c1n[nH]c2ccc(N)cc12,11.040400,1,labels
N#CC1(NC(=O)CN2CCN(c3ccccc3O)CC2)CCCCC1,11.035000,1,random
CC(C)(C)Oc1nc(NCc2cn[nH]c2)ccc1N,11.027800,1,labels
CC(CN1CCOCC1)NC(=O)Nc1cccc2c1ccn2C,11.014200,1,random
O=C(CN1CCN(Cc2n[nH]c(=O)[nH]2)CC1)N1CCc2ccccc21,11.014000,0,static
COc1cccc(C(=O)CN2CCN(c3ccccc3)CC2)c1,10.996000,1,labels
CC(C(=O)Nc1ccccc1)N1CC(C)(C)Oc2ccc(N)cc21,10.979500,1,random
Cc1cc(N(C)C)cc(C)c1NC(=O)NCc1cnn(C)c1C,10.967300,1,labels
COc1ccc(CNC(=O)C(C)N2CCN(CC(C)O)CC2)cc1,10.965800,0,static
COc1ccccc1N1CCN(CCNC(=O)C(C)(C)C)CC1,10.955200,1,labels
CCC(C(=O)c1ccc2c(c1)CCN2)N1CC(C)OC(C)C1,10.933900,1,labels
COc1cc(CN2CCN(c3ccccc3OC)CC2)cc(OC)c1,10.885300,0,static
Nc1ccc2nc(CCCCc3nc4ccc(N)cc4[nH]3)[nH]c2c1,10.877900,0,static
CC1CN(CCCc2ccc(N3CCCC3)c(N)c2)CC(C)O1,10.730400,1,labels
CCN(CC)C(=O)CN1CCNc2cc(C)c(C)cc21,10.667600,1,labels
COc1cc(C=Cc2ccc(N)c(OC)c2)ccc1N,10.667500,1,labels
CC(C)(O)c1cn(C2CCN(C(=O)CC3CCCCCC3)CC2)nn1,8.446200,1,labels
