[11:36:34] WARNING: Omitted undefined stereo

[11:36:37] WARNING: Omitted undefined stereo

[11:36:41] WARNING: Omitted undefined stereo

[11:36:41] WARNING: Omitted undefined stereo

[11:36:41] WARNING: Omitted undefined stereo

[11:36:41] WARNING: Omitted undefined stereo

[11:36:42] WARNING: Omitted undefined stereo

[11:36:42] WARNING: Omitted undefined stereo

[11:36:42] WARNING: Omitted undefined stereo

[11:36:43] WARNING: Omitted undefined stereo

INFO:root:    Q: concern_mol-->returned_mol NRE uncorrupted........PASSED
INFO:worker_log:Completed executor task 5
INFO:worker_log:All processing finished for executor task 5
INFO:worker_log:Received executor task 17
INFO:root:    Q: concern_mol-->returned_mol NRE uncorrupted........PASSED
INFO:worker_log:Completed executor task 8
INFO:worker_log:All processing finished for executor task 8
INFO:worker_log:Received executor task 18
INFO:root:    Q: concern_mol-->returned_mol NRE uncorrupted........PASSED
INFO:worker_log:Completed executor task 9
INFO:worker_log:All processing finished for executor task 9
INFO:worker_log:Received executor task 19
INFO:root:    Q: concern_mol-->returned_mol NRE uncorrupted........PASSED
INFO:worker_log:Completed executor task 6
INFO:worker_log:All processing finished for executor task 6
INFO:worker_log:Received executor task 20
INFO:root:    Q: concern_mol-->returned_mol NRE uncorrupted........PASSED
INFO:worker_log:Completed executor task 4
INFO:worker_log:All processing finished for executor task 4
INFO:worker_log:Received executor task 21
[11:37:03] WARNING: Omitted undefined stereo

INFO:root:    Q: concern_mol-->returned_mol NRE uncorrupted........PASSED
INFO:worker_log:Completed executor task 3
INFO:worker_log:All processing finished for executor task 3
INFO:worker_log:Received executor task 22
INFO:root:    Q: concern_mol-->returned_mol NRE uncorrupted........PASSED
INFO:worker_log:Completed executor task 15
INFO:worker_log:All processing finished for executor task 15
INFO:worker_log:Received executor task 23
INFO:root:    Q: concern_mol-->returned_mol NRE uncorrupted........PASSED
INFO:worker_log:Completed executor task 7
INFO:worker_log:All processing finished for executor task 7
INFO:worker_log:Received executor task 24
INFO:root:    Q: concern_mol-->returned_mol NRE uncorrupted........PASSED
INFO:worker_log:Completed executor task 1
INFO:worker_log:All processing finished for executor task 1
INFO:worker_log:Received executor task 25
INFO:root:    Q: concern_mol-->returned_mol NRE uncorrupted........PASSED
INFO:worker_log:Completed executor task 20
INFO:worker_log:All processing finished for executor task 20
INFO:worker_log:Received executor task 26
INFO:root:    Q: concern_mol-->returned_mol NRE uncorrupted........PASSED
INFO:worker_log:Completed executor task 2
INFO:worker_log:All processing finished for executor task 2
INFO:worker_log:Received executor task 27
INFO:root:    Q: concern_mol-->returned_mol NRE uncorrupted........PASSED
INFO:worker_log:Completed executor task 14
INFO:worker_log:All processing finished for executor task 14
INFO:worker_log:Received executor task 28
INFO:root:    Q: concern_mol-->returned_mol NRE uncorrupted........PASSED
INFO:worker_log:Completed executor task 10
INFO:worker_log:All processing finished for executor task 10
INFO:worker_log:Received executor task 29
[11:37:18] WARNING: Omitted undefined stereo

INFO:root:    Q: concern_mol-->returned_mol NRE uncorrupted........PASSED
INFO:worker_log:Completed executor task 17
INFO:worker_log:All processing finished for executor task 17
INFO:worker_log:Received executor task 30
[11:37:19] WARNING: Omitted undefined stereo

INFO:root:    Q: concern_mol-->returned_mol NRE uncorrupted........PASSED
INFO:worker_log:Completed executor task 16
INFO:worker_log:All processing finished for executor task 16
INFO:worker_log:Received executor task 31
[11:37:19] WARNING: Omitted undefined stereo

INFO:root:    Q: concern_mol-->returned_mol NRE uncorrupted........PASSED
INFO:worker_log:Completed executor task 12
INFO:worker_log:All processing finished for executor task 12
INFO:worker_log:Received executor task 32
[11:37:20] WARNING: Omitted undefined stereo

INFO:root:    Q: concern_mol-->returned_mol NRE uncorrupted........PASSED
INFO:worker_log:Completed executor task 13
INFO:worker_log:All processing finished for executor task 13
INFO:worker_log:Received executor task 33
INFO:root:    Q: concern_mol-->returned_mol NRE uncorrupted........PASSED
INFO:worker_log:Completed executor task 19
INFO:worker_log:All processing finished for executor task 19
INFO:worker_log:Received executor task 34
[11:37:24] WARNING: Omitted undefined stereo

INFO:root:    Q: concern_mol-->returned_mol NRE uncorrupted........PASSED
INFO:worker_log:Completed executor task 18
INFO:worker_log:All processing finished for executor task 18
INFO:worker_log:Received executor task 35
INFO:root:    Q: concern_mol-->returned_mol NRE uncorrupted........PASSED
INFO:worker_log:Completed executor task 11
INFO:worker_log:All processing finished for executor task 11
INFO:worker_log:Received executor task 36
INFO:root:    Q: concern_mol-->returned_mol NRE uncorrupted........PASSED
INFO:worker_log:Completed executor task 27
INFO:worker_log:All processing finished for executor task 27
INFO:worker_log:Received executor task 37
[11:37:32] WARNING: Omitted undefined stereo

INFO:root:    Q: concern_mol-->returned_mol NRE uncorrupted........PASSED
INFO:worker_log:Completed executor task 24
INFO:worker_log:All processing finished for executor task 24
INFO:worker_log:Received executor task 38
INFO:root:    Q: concern_mol-->returned_mol NRE uncorrupted........PASSED
INFO:worker_log:Completed executor task 21
INFO:worker_log:All processing finished for executor task 21
INFO:worker_log:Received executor task 39
[11:37:33] WARNING: Omitted undefined stereo

INFO:root:    Q: concern_mol-->returned_mol NRE uncorrupted........PASSED
INFO:worker_log:Completed executor task 22
INFO:worker_log:All processing finished for executor task 22
INFO:worker_log:Received executor task 40
INFO:root:    Q: concern_mol-->returned_mol NRE uncorrupted........PASSED
INFO:worker_log:Completed executor task 29
INFO:worker_log:All processing finished for executor task 29
INFO:worker_log:Received executor task 41
INFO:root:    Q: concern_mol-->returned_mol NRE uncorrupted........PASSED
INFO:worker_log:Completed executor task 32
INFO:worker_log:All processing finished for executor task 32
INFO:worker_log:Received executor task 42
INFO:root:    Q: concern_mol-->returned_mol NRE uncorrupted........PASSED
INFO:worker_log:Completed executor task 35
INFO:worker_log:All processing finished for executor task 35
INFO:worker_log:Received executor task 43
[11:37:48] WARNING: Omitted undefined stereo

INFO:root:    Q: concern_mol-->returned_mol NRE uncorrupted........PASSED
INFO:worker_log:Completed executor task 33
INFO:worker_log:All processing finished for executor task 33
INFO:worker_log:Received executor task 44
[11:37:51] WARNING: Omitted undefined stereo

INFO:root:    Q: concern_mol-->returned_mol NRE uncorrupted........PASSED
INFO:worker_log:Completed executor task 39
INFO:worker_log:All processing finished for executor task 39
INFO:worker_log:Received executor task 45
INFO:root:    Q: concern_mol-->returned_mol NRE uncorrupted........PASSED
INFO:worker_log:Completed executor task 40
INFO:worker_log:All processing finished for executor task 40
INFO:worker_log:Received executor task 46
[11:37:51] WARNING: Omitted undefined stereo

INFO:root:    Q: concern_mol-->returned_mol NRE uncorrupted........PASSED
INFO:worker_log:Completed executor task 38
INFO:worker_log:All processing finished for executor task 38
INFO:worker_log:Received executor task 47
INFO:root:    Q: concern_mol-->returned_mol NRE uncorrupted........PASSED
INFO:worker_log:Completed executor task 30
INFO:worker_log:All processing finished for executor task 30
INFO:worker_log:Received executor task 48
INFO:root:    Q: concern_mol-->returned_mol NRE uncorrupted........PASSED
INFO:worker_log:Completed executor task 23
INFO:worker_log:All processing finished for executor task 23
INFO:worker_log:Received executor task 49
[11:37:53] WARNING: Omitted undefined stereo

INFO:root:    Q: concern_mol-->returned_mol NRE uncorrupted........PASSED
INFO:worker_log:Completed executor task 26
INFO:worker_log:All processing finished for executor task 26
INFO:worker_log:Received executor task 50
INFO:root:    Q: concern_mol-->returned_mol NRE uncorrupted........PASSED
INFO:worker_log:Completed executor task 34
INFO:worker_log:All processing finished for executor task 34
INFO:worker_log:Received executor task 51
INFO:root:    Q: concern_mol-->returned_mol NRE uncorrupted........PASSED
INFO:worker_log:Completed executor task 37
INFO:worker_log:All processing finished for executor task 37
INFO:worker_log:Received executor task 52
INFO:root:    Q: concern_mol-->returned_mol NRE uncorrupted........PASSED
INFO:worker_log:Completed executor task 36
INFO:worker_log:All processing finished for executor task 36
INFO:root:    Q: concern_mol-->returned_mol NRE uncorrupted........PASSED
INFO:worker_log:Completed executor task 43
INFO:worker_log:All processing finished for executor task 43
INFO:worker_log:Received executor task 54
INFO:worker_log:Received executor task 53
[11:37:59] WARNING: Omitted undefined stereo

INFO:root:    Q: concern_mol-->returned_mol NRE uncorrupted........PASSED
INFO:worker_log:Completed executor task 41
INFO:worker_log:All processing finished for executor task 41
INFO:worker_log:Received executor task 55
INFO:root:    Q: concern_mol-->returned_mol NRE uncorrupted........PASSED
INFO:worker_log:Completed executor task 31
INFO:worker_log:All processing finished for executor task 31
INFO:worker_log:Received executor task 56
[11:38:01] WARNING: Omitted undefined stereo

INFO:root:    Q: concern_mol-->returned_mol NRE uncorrupted........PASSED
INFO:worker_log:Completed executor task 25
INFO:worker_log:All processing finished for executor task 25
INFO:worker_log:Received executor task 57
INFO:root:    Q: concern_mol-->returned_mol NRE uncorrupted........PASSED
INFO:worker_log:Completed executor task 28
INFO:worker_log:All processing finished for executor task 28
INFO:worker_log:Received executor task 58
[11:38:03] WARNING: Omitted undefined stereo

INFO:root:    Q: concern_mol-->returned_mol NRE uncorrupted........PASSED
INFO:worker_log:Completed executor task 46
INFO:worker_log:All processing finished for executor task 46
INFO:worker_log:Received executor task 59
INFO:root:    Q: concern_mol-->returned_mol NRE uncorrupted........PASSED
INFO:worker_log:Completed executor task 49
INFO:worker_log:All processing finished for executor task 49
INFO:worker_log:Received executor task 60
INFO:root:    Q: concern_mol-->returned_mol NRE uncorrupted........PASSED
INFO:worker_log:Completed executor task 47
INFO:worker_log:All processing finished for executor task 47
INFO:worker_log:Received executor task 61
INFO:root:    Q: concern_mol-->returned_mol NRE uncorrupted........PASSED
INFO:worker_log:Completed executor task 50
INFO:worker_log:All processing finished for executor task 50
INFO:worker_log:Received executor task 62
INFO:root:    Q: concern_mol-->returned_mol NRE uncorrupted........PASSED
INFO:worker_log:Completed executor task 42
INFO:worker_log:All processing finished for executor task 42
INFO:worker_log:Received executor task 63
INFO:root:    Q: concern_mol-->returned_mol NRE uncorrupted........PASSED
INFO:worker_log:Completed executor task 54
INFO:worker_log:All processing finished for executor task 54
INFO:worker_log:Received executor task 64
INFO:root:    Q: concern_mol-->returned_mol NRE uncorrupted........PASSED
INFO:worker_log:Completed executor task 45
INFO:worker_log:All processing finished for executor task 45
INFO:worker_log:Received executor task 65
INFO:root:    Q: concern_mol-->returned_mol NRE uncorrupted........PASSED
INFO:worker_log:Completed executor task 57
INFO:worker_log:All processing finished for executor task 57
[11:38:19] WARNING: Omitted undefined stereo

INFO:worker_log:Received executor task 66
[11:38:19] WARNING: Omitted undefined stereo

INFO:root:    Q: concern_mol-->returned_mol NRE uncorrupted........PASSED
INFO:worker_log:Completed executor task 53
INFO:worker_log:All processing finished for executor task 53
INFO:worker_log:Received executor task 67
[11:38:20] WARNING: Omitted undefined stereo

INFO:root:    Q: concern_mol-->returned_mol NRE uncorrupted........PASSED
INFO:worker_log:Completed executor task 60
INFO:worker_log:All processing finished for executor task 60
INFO:worker_log:Received executor task 68
INFO:root:    Q: concern_mol-->returned_mol NRE uncorrupted........PASSED
INFO:worker_log:Completed executor task 55
INFO:worker_log:All processing finished for executor task 55
INFO:worker_log:Received executor task 69
INFO:root:    Q: concern_mol-->returned_mol NRE uncorrupted........PASSED
INFO:worker_log:Completed executor task 51
INFO:worker_log:All processing finished for executor task 51
INFO:worker_log:Received executor task 70
INFO:root:    Q: concern_mol-->returned_mol NRE uncorrupted........PASSED
INFO:worker_log:Completed executor task 56
INFO:worker_log:All processing finished for executor task 56
INFO:worker_log:Received executor task 71
INFO:root:    Q: concern_mol-->returned_mol NRE uncorrupted........PASSED
INFO:worker_log:Completed executor task 63
INFO:worker_log:All processing finished for executor task 63
INFO:worker_log:Received executor task 72
[11:38:28] WARNING: Omitted undefined stereo

INFO:root:    Q: concern_mol-->returned_mol NRE uncorrupted........PASSED
INFO:worker_log:Completed executor task 44
INFO:worker_log:All processing finished for executor task 44
INFO:worker_log:Received executor task 73
INFO:root:    Q: concern_mol-->returned_mol NRE uncorrupted........PASSED
INFO:worker_log:Completed executor task 59
INFO:worker_log:All processing finished for executor task 59
INFO:worker_log:Received executor task 74
INFO:root:    Q: concern_mol-->returned_mol NRE uncorrupted........PASSED
INFO:worker_log:Completed executor task 48
INFO:worker_log:All processing finished for executor task 48
INFO:worker_log:Received executor task 75
INFO:root:    Q: concern_mol-->returned_mol NRE uncorrupted........PASSED
INFO:worker_log:Completed executor task 62
INFO:worker_log:All processing finished for executor task 62
INFO:worker_log:Received executor task 76
INFO:root:    Q: concern_mol-->returned_mol NRE uncorrupted........PASSED
INFO:worker_log:Completed executor task 58
INFO:worker_log:All processing finished for executor task 58
INFO:worker_log:Received executor task 77
INFO:root:    Q: concern_mol-->returned_mol NRE uncorrupted........PASSED
INFO:worker_log:Completed executor task 67
INFO:worker_log:All processing finished for executor task 67
INFO:worker_log:Received executor task 78
INFO:root:    Q: concern_mol-->returned_mol NRE uncorrupted........PASSED
INFO:worker_log:Completed executor task 66
INFO:worker_log:All processing finished for executor task 66
INFO:worker_log:Received executor task 79
INFO:root:    Q: concern_mol-->returned_mol NRE uncorrupted........PASSED
INFO:worker_log:Completed executor task 72
INFO:worker_log:All processing finished for executor task 72
INFO:worker_log:Received executor task 80
[11:38:45] WARNING: Omitted undefined stereo

INFO:root:    Q: concern_mol-->returned_mol NRE uncorrupted........PASSED
INFO:worker_log:Completed executor task 65
INFO:worker_log:All processing finished for executor task 65
INFO:worker_log:Received executor task 81
[11:38:46] WARNING: Omitted undefined stereo

INFO:root:    Q: concern_mol-->returned_mol NRE uncorrupted........PASSED
INFO:worker_log:Completed executor task 68
INFO:worker_log:All processing finished for executor task 68
INFO:worker_log:Received executor task 82
INFO:root:    Q: concern_mol-->returned_mol NRE uncorrupted........PASSED
INFO:worker_log:Completed executor task 64
INFO:worker_log:All processing finished for executor task 64
INFO:worker_log:Received executor task 83
INFO:root:    Q: concern_mol-->returned_mol NRE uncorrupted........PASSED
INFO:worker_log:Completed executor task 69
INFO:worker_log:All processing finished for executor task 69
INFO:worker_log:Received executor task 84
INFO:root:    Q: concern_mol-->returned_mol NRE uncorrupted........PASSED
INFO:worker_log:Completed executor task 61
INFO:worker_log:All processing finished for executor task 61
INFO:worker_log:Received executor task 85
INFO:root:    Q: concern_mol-->returned_mol NRE uncorrupted........PASSED
INFO:worker_log:Completed executor task 74
INFO:worker_log:All processing finished for executor task 74
INFO:worker_log:Received executor task 86
INFO:root:    Q: concern_mol-->returned_mol NRE uncorrupted........PASSED
INFO:worker_log:Completed executor task 75
INFO:worker_log:All processing finished for executor task 75
INFO:worker_log:Received executor task 87
INFO:root:    Q: concern_mol-->returned_mol NRE uncorrupted........PASSED
INFO:worker_log:Completed executor task 82
INFO:worker_log:All processing finished for executor task 82
INFO:worker_log:Received executor task 88
INFO:root:    Q: concern_mol-->returned_mol NRE uncorrupted........PASSED
INFO:worker_log:Completed executor task 52
INFO:worker_log:All processing finished for executor task 52
INFO:worker_log:Received executor task 89
INFO:root:    Q: concern_mol-->returned_mol NRE uncorrupted........PASSED
INFO:worker_log:Completed executor task 78
INFO:worker_log:All processing finished for executor task 78
INFO:worker_log:Received executor task 90
INFO:root:    Q: concern_mol-->returned_mol NRE uncorrupted........PASSED
INFO:worker_log:Completed executor task 79
INFO:worker_log:All processing finished for executor task 79
INFO:worker_log:Received executor task 91
[11:39:02] WARNING: Omitted undefined stereo

INFO:root:    Q: concern_mol-->returned_mol NRE uncorrupted........PASSED
INFO:worker_log:Completed executor task 70
INFO:worker_log:All processing finished for executor task 70
INFO:worker_log:Received executor task 92
INFO:root:    Q: concern_mol-->returned_mol NRE uncorrupted........PASSED
INFO:worker_log:Completed executor task 73
INFO:worker_log:All processing finished for executor task 73
INFO:worker_log:Received executor task 93
[11:39:07] WARNING: Omitted undefined stereo

INFO:root:    Q: concern_mol-->returned_mol NRE uncorrupted........PASSED
INFO:worker_log:Completed executor task 90
INFO:worker_log:All processing finished for executor task 90
INFO:worker_log:Received executor task 94
[11:39:08] WARNING: Omitted undefined stereo

INFO:root:    Q: concern_mol-->returned_mol NRE uncorrupted........PASSED
INFO:worker_log:Completed executor task 88
INFO:worker_log:All processing finished for executor task 88
INFO:worker_log:Received executor task 95
INFO:root:    Q: concern_mol-->returned_mol NRE uncorrupted........PASSED
INFO:worker_log:Completed executor task 81
INFO:worker_log:All processing finished for executor task 81
INFO:worker_log:Received executor task 96
INFO:root:    Q: concern_mol-->returned_mol NRE uncorrupted........PASSED
INFO:worker_log:Completed executor task 77
INFO:worker_log:All processing finished for executor task 77
INFO:worker_log:Received executor task 97
[11:39:10] WARNING: Omitted undefined stereo

INFO:root:    Q: concern_mol-->returned_mol NRE uncorrupted........PASSED
INFO:worker_log:Completed executor task 76
INFO:worker_log:All processing finished for executor task 76
INFO:worker_log:Received executor task 98
[11:39:12] WARNING: Omitted undefined stereo

INFO:root:    Q: concern_mol-->returned_mol NRE uncorrupted........PASSED
INFO:worker_log:Completed executor task 87
INFO:worker_log:All processing finished for executor task 87
INFO:worker_log:Received executor task 99
[11:39:14] WARNING: Omitted undefined stereo

INFO:root:    Q: concern_mol-->returned_mol NRE uncorrupted........PASSED
INFO:worker_log:Completed executor task 86
INFO:worker_log:All processing finished for executor task 86
INFO:worker_log:Received executor task 100
INFO:root:    Q: concern_mol-->returned_mol NRE uncorrupted........PASSED
INFO:worker_log:Completed executor task 85
INFO:worker_log:All processing finished for executor task 85
INFO:worker_log:Received executor task 101
[11:39:15] WARNING: Omitted undefined stereo

INFO:root:    Q: concern_mol-->returned_mol NRE uncorrupted........PASSED
INFO:worker_log:Completed executor task 89
INFO:worker_log:All processing finished for executor task 89
INFO:worker_log:Received executor task 102
INFO:root:    Q: concern_mol-->returned_mol NRE uncorrupted........PASSED
INFO:worker_log:Completed executor task 91
INFO:worker_log:All processing finished for executor task 91
INFO:worker_log:Received executor task 103
INFO:root:    Q: concern_mol-->returned_mol NRE uncorrupted........PASSED
INFO:worker_log:Completed executor task 83
INFO:worker_log:All processing finished for executor task 83
INFO:worker_log:Received executor task 104
INFO:root:    Q: concern_mol-->returned_mol NRE uncorrupted........PASSED
INFO:worker_log:Completed executor task 84
INFO:worker_log:All processing finished for executor task 84
INFO:worker_log:Received executor task 105
INFO:root:    Q: concern_mol-->returned_mol NRE uncorrupted........PASSED
INFO:worker_log:Completed executor task 71
INFO:worker_log:All processing finished for executor task 71
INFO:worker_log:Received executor task 106
INFO:root:    Q: concern_mol-->returned_mol NRE uncorrupted........PASSED
INFO:worker_log:Completed executor task 80
INFO:worker_log:All processing finished for executor task 80
INFO:worker_log:Received executor task 107
INFO:root:    Q: concern_mol-->returned_mol NRE uncorrupted........PASSED
INFO:worker_log:Completed executor task 103
INFO:worker_log:All processing finished for executor task 103
INFO:worker_log:Received executor task 108
[11:39:32] WARNING: Omitted undefined stereo

INFO:root:    Q: concern_mol-->returned_mol NRE uncorrupted........PASSED
INFO:worker_log:Completed executor task 102
INFO:worker_log:All processing finished for executor task 102
INFO:worker_log:Received executor task 109
INFO:root:    Q: concern_mol-->returned_mol NRE uncorrupted........PASSED
INFO:worker_log:Completed executor task 93
INFO:worker_log:All processing finished for executor task 93
INFO:worker_log:Received executor task 110
INFO:root:    Q: concern_mol-->returned_mol NRE uncorrupted........PASSED
INFO:worker_log:Completed executor task 96
INFO:worker_log:All processing finished for executor task 96
INFO:worker_log:Received executor task 111
INFO:root:    Q: concern_mol-->returned_mol NRE uncorrupted........PASSED
INFO:worker_log:Completed executor task 101
INFO:worker_log:All processing finished for executor task 101
INFO:worker_log:Received executor task 112
INFO:root:    Q: concern_mol-->returned_mol NRE uncorrupted........PASSED
INFO:worker_log:Completed executor task 95
INFO:worker_log:All processing finished for executor task 95
INFO:worker_log:Received executor task 113
[11:39:45] WARNING: Omitted undefined stereo

INFO:root:    Q: concern_mol-->returned_mol NRE uncorrupted........PASSED
INFO:worker_log:Completed executor task 98
INFO:worker_log:All processing finished for executor task 98
INFO:worker_log:Received executor task 114
[11:39:45] WARNING: Omitted undefined stereo

INFO:root:    Q: concern_mol-->returned_mol NRE uncorrupted........PASSED
INFO:worker_log:Completed executor task 107
INFO:worker_log:All processing finished for executor task 107
INFO:worker_log:Received executor task 115
INFO:root:    Q: concern_mol-->returned_mol NRE uncorrupted........PASSED
INFO:worker_log:Completed executor task 100
INFO:worker_log:All processing finished for executor task 100
INFO:worker_log:Received executor task 116
[11:39:47] WARNING: Omitted undefined stereo

INFO:root:    Q: concern_mol-->returned_mol NRE uncorrupted........PASSED
INFO:worker_log:Completed executor task 97
INFO:worker_log:All processing finished for executor task 97
INFO:worker_log:Received executor task 117
[11:39:48] WARNING: Omitted undefined stereo

INFO:root:    Q: concern_mol-->returned_mol NRE uncorrupted........PASSED
INFO:worker_log:Completed executor task 111
INFO:worker_log:All processing finished for executor task 111
INFO:worker_log:Received executor task 118
[11:39:50] WARNING: Omitted undefined stereo

INFO:root:    Q: concern_mol-->returned_mol NRE uncorrupted........PASSED
INFO:worker_log:Completed executor task 99
INFO:worker_log:All processing finished for executor task 99
INFO:worker_log:Received executor task 119
INFO:root:    Q: concern_mol-->returned_mol NRE uncorrupted........PASSED
INFO:worker_log:Completed executor task 106
INFO:worker_log:All processing finished for executor task 106
INFO:worker_log:Received executor task 120
[11:39:56] WARNING: Omitted undefined stereo

INFO:root:    Q: concern_mol-->returned_mol NRE uncorrupted........PASSED
INFO:worker_log:Completed executor task 104
INFO:worker_log:All processing finished for executor task 104
INFO:worker_log:Received executor task 121
INFO:root:    Q: concern_mol-->returned_mol NRE uncorrupted........PASSED
INFO:worker_log:Completed executor task 94
INFO:worker_log:All processing finished for executor task 94
INFO:worker_log:Received executor task 122
[11:40:00] WARNING: Omitted undefined stereo

INFO:root:    Q: concern_mol-->returned_mol NRE uncorrupted........PASSED
INFO:worker_log:Completed executor task 112
INFO:worker_log:All processing finished for executor task 112
INFO:worker_log:Received executor task 123
INFO:root:    Q: concern_mol-->returned_mol NRE uncorrupted........PASSED
INFO:worker_log:Completed executor task 108
INFO:worker_log:All processing finished for executor task 108
INFO:worker_log:Received executor task 124
INFO:root:    Q: concern_mol-->returned_mol NRE uncorrupted........PASSED
INFO:worker_log:Completed executor task 115
INFO:worker_log:All processing finished for executor task 115
INFO:worker_log:Received executor task 125
INFO:root:    Q: concern_mol-->returned_mol NRE uncorrupted........PASSED
INFO:worker_log:Completed executor task 109
INFO:worker_log:All processing finished for executor task 109
INFO:worker_log:Received executor task 126
[11:40:06] WARNING: Omitted undefined stereo

INFO:root:    Q: concern_mol-->returned_mol NRE uncorrupted........PASSED
INFO:worker_log:Completed executor task 119
INFO:worker_log:All processing finished for executor task 119
INFO:worker_log:Received executor task 127
INFO:root:    Q: concern_mol-->returned_mol NRE uncorrupted........PASSED
INFO:worker_log:Completed executor task 110
INFO:worker_log:All processing finished for executor task 110
INFO:worker_log:Received executor task 128
INFO:root:    Q: concern_mol-->returned_mol NRE uncorrupted........PASSED
INFO:worker_log:Completed executor task 121
INFO:worker_log:All processing finished for executor task 121
INFO:worker_log:Received executor task 129
[11:40:09] WARNING: Omitted undefined stereo

INFO:root:    Q: concern_mol-->returned_mol NRE uncorrupted........PASSED
INFO:worker_log:Completed executor task 114
INFO:worker_log:All processing finished for executor task 114
INFO:worker_log:Received executor task 130
[11:40:14] WARNING: Omitted undefined stereo

INFO:root:    Q: concern_mol-->returned_mol NRE uncorrupted........PASSED
INFO:worker_log:Completed executor task 113
INFO:worker_log:All processing finished for executor task 113
INFO:worker_log:Received executor task 131
INFO:root:    Q: concern_mol-->returned_mol NRE uncorrupted........PASSED
INFO:worker_log:Completed executor task 105
INFO:worker_log:All processing finished for executor task 105
INFO:worker_log:Received executor task 132
INFO:root:    Q: concern_mol-->returned_mol NRE uncorrupted........PASSED
INFO:worker_log:Completed executor task 116
INFO:worker_log:All processing finished for executor task 116
INFO:worker_log:Received executor task 133
INFO:root:    Q: concern_mol-->returned_mol NRE uncorrupted........PASSED
INFO:worker_log:Completed executor task 125
INFO:worker_log:All processing finished for executor task 125
INFO:worker_log:Received executor task 134
INFO:root:    Q: concern_mol-->returned_mol NRE uncorrupted........PASSED
INFO:worker_log:Completed executor task 123
INFO:worker_log:All processing finished for executor task 123
INFO:worker_log:Received executor task 135
INFO:root:    Q: concern_mol-->returned_mol NRE uncorrupted........PASSED
INFO:worker_log:Completed executor task 128
INFO:worker_log:All processing finished for executor task 128
INFO:worker_log:Received executor task 136
INFO:root:    Q: concern_mol-->returned_mol NRE uncorrupted........PASSED
INFO:worker_log:Completed executor task 124
INFO:worker_log:All processing finished for executor task 124
INFO:worker_log:Received executor task 137
INFO:root:    Q: concern_mol-->returned_mol NRE uncorrupted........PASSED
INFO:worker_log:Completed executor task 122
INFO:worker_log:All processing finished for executor task 122
INFO:worker_log:Received executor task 138
[11:40:31] WARNING: Omitted undefined stereo

INFO:root:    Q: concern_mol-->returned_mol NRE uncorrupted........PASSED
INFO:worker_log:Completed executor task 120
INFO:worker_log:All processing finished for executor task 120
INFO:worker_log:Received executor task 139
INFO:root:    Q: concern_mol-->returned_mol NRE uncorrupted........PASSED
INFO:worker_log:Completed executor task 127
INFO:worker_log:All processing finished for executor task 127
INFO:worker_log:Received executor task 140
[11:40:35] WARNING: Omitted undefined stereo

INFO:root:    Q: concern_mol-->returned_mol NRE uncorrupted........PASSED
INFO:worker_log:Completed executor task 126
INFO:worker_log:All processing finished for executor task 126
INFO:worker_log:Received executor task 141
[11:40:41] WARNING: Omitted undefined stereo

INFO:root:    Q: concern_mol-->returned_mol NRE uncorrupted........PASSED
INFO:worker_log:Completed executor task 135
INFO:worker_log:All processing finished for executor task 135
INFO:worker_log:Received executor task 142
[11:40:41] WARNING: Omitted undefined stereo

INFO:root:    Q: concern_mol-->returned_mol NRE uncorrupted........PASSED
INFO:root:    Q: concern_mol-->returned_mol NRE uncorrupted........PASSED
INFO:worker_log:Completed executor task 132
INFO:worker_log:All processing finished for executor task 132
INFO:worker_log:Completed executor task 118
INFO:worker_log:All processing finished for executor task 118
INFO:worker_log:Received executor task 143
INFO:worker_log:Received executor task 144
INFO:root:    Q: concern_mol-->returned_mol NRE uncorrupted........PASSED
INFO:worker_log:Completed executor task 117
INFO:worker_log:All processing finished for executor task 117
INFO:worker_log:Received executor task 145
INFO:root:    Q: concern_mol-->returned_mol NRE uncorrupted........PASSED
INFO:worker_log:Completed executor task 92
INFO:worker_log:All processing finished for executor task 92
INFO:worker_log:Received executor task 146
[11:40:43] WARNING: Omitted undefined stereo

INFO:root:    Q: concern_mol-->returned_mol NRE uncorrupted........PASSED
INFO:worker_log:Completed executor task 134
INFO:worker_log:All processing finished for executor task 134
INFO:worker_log:Received executor task 147
INFO:root:    Q: concern_mol-->returned_mol NRE uncorrupted........PASSED
INFO:worker_log:Completed executor task 140
INFO:worker_log:All processing finished for executor task 140
INFO:worker_log:Received executor task 148
INFO:root:    Q: concern_mol-->returned_mol NRE uncorrupted........PASSED
INFO:worker_log:Completed executor task 130
INFO:worker_log:All processing finished for executor task 130
INFO:worker_log:Received executor task 149
INFO:root:    Q: concern_mol-->returned_mol NRE uncorrupted........PASSED
INFO:worker_log:Completed executor task 136
INFO:worker_log:All processing finished for executor task 136
INFO:worker_log:Received executor task 150
INFO:root:    Q: concern_mol-->returned_mol NRE uncorrupted........PASSED
INFO:worker_log:Completed executor task 131
INFO:worker_log:All processing finished for executor task 131
INFO:root:    Q: concern_mol-->returned_mol NRE uncorrupted........PASSED
INFO:worker_log:Received executor task 151
INFO:worker_log:Completed executor task 139
INFO:worker_log:All processing finished for executor task 139
INFO:worker_log:Received executor task 152
[11:40:52] WARNING: Omitted undefined stereo

[11:40:52] WARNING: Omitted undefined stereo

INFO:root:    Q: concern_mol-->returned_mol NRE uncorrupted........PASSED
INFO:worker_log:Completed executor task 137
INFO:worker_log:All processing finished for executor task 137
INFO:worker_log:Received executor task 153
INFO:root:    Q: concern_mol-->returned_mol NRE uncorrupted........PASSED
INFO:worker_log:Completed executor task 145
INFO:worker_log:All processing finished for executor task 145
INFO:worker_log:Received executor task 154
INFO:root:    Q: concern_mol-->returned_mol NRE uncorrupted........PASSED
INFO:worker_log:Completed executor task 149
INFO:worker_log:All processing finished for executor task 149
INFO:worker_log:Received executor task 155
[11:41:02] WARNING: Omitted undefined stereo

INFO:root:    Q: concern_mol-->returned_mol NRE uncorrupted........PASSED
INFO:worker_log:Completed executor task 129
INFO:worker_log:All processing finished for executor task 129
INFO:worker_log:Received executor task 156
INFO:root:    Q: concern_mol-->returned_mol NRE uncorrupted........PASSED
INFO:worker_log:Completed executor task 147
INFO:worker_log:All processing finished for executor task 147
INFO:worker_log:Received executor task 157
INFO:root:    Q: concern_mol-->returned_mol NRE uncorrupted........PASSED
INFO:worker_log:Completed executor task 143
INFO:worker_log:All processing finished for executor task 143
INFO:worker_log:Received executor task 158
INFO:root:    Q: concern_mol-->returned_mol NRE uncorrupted........PASSED
INFO:worker_log:Completed executor task 144
INFO:worker_log:All processing finished for executor task 144
INFO:worker_log:Received executor task 159
INFO:root:    Q: concern_mol-->returned_mol NRE uncorrupted........PASSED
INFO:worker_log:Completed executor task 138
INFO:worker_log:All processing finished for executor task 138
INFO:worker_log:Received executor task 160
INFO:root:    Q: concern_mol-->returned_mol NRE uncorrupted........PASSED
INFO:worker_log:Completed executor task 151
INFO:worker_log:All processing finished for executor task 151
INFO:worker_log:Received executor task 161
INFO:root:    Q: concern_mol-->returned_mol NRE uncorrupted........PASSED
INFO:worker_log:Completed executor task 133
INFO:worker_log:All processing finished for executor task 133
INFO:worker_log:Received executor task 162
INFO:root:    Q: concern_mol-->returned_mol NRE uncorrupted........PASSED
INFO:worker_log:Completed executor task 142
INFO:worker_log:All processing finished for executor task 142
INFO:worker_log:Received executor task 163
INFO:root:    Q: concern_mol-->returned_mol NRE uncorrupted........PASSED
INFO:worker_log:Completed executor task 146
INFO:worker_log:All processing finished for executor task 146
INFO:worker_log:Received executor task 164
INFO:root:    Q: concern_mol-->returned_mol NRE uncorrupted........PASSED
INFO:worker_log:Completed executor task 148
INFO:worker_log:All processing finished for executor task 148
INFO:worker_log:Received executor task 165
INFO:root:    Q: concern_mol-->returned_mol NRE uncorrupted........PASSED
INFO:worker_log:Completed executor task 152
INFO:worker_log:All processing finished for executor task 152
INFO:worker_log:Received executor task 166
INFO:root:    Q: concern_mol-->returned_mol NRE uncorrupted........PASSED
INFO:worker_log:Completed executor task 157
INFO:worker_log:All processing finished for executor task 157
INFO:worker_log:Received executor task 167
INFO:root:    Q: concern_mol-->returned_mol NRE uncorrupted........PASSED
INFO:worker_log:Completed executor task 156
INFO:worker_log:All processing finished for executor task 156
INFO:worker_log:Received executor task 168
INFO:root:    Q: concern_mol-->returned_mol NRE uncorrupted........PASSED
INFO:worker_log:Completed executor task 153
INFO:worker_log:All processing finished for executor task 153
INFO:worker_log:Received executor task 169
INFO:root:    Q: concern_mol-->returned_mol NRE uncorrupted........PASSED
INFO:worker_log:Completed executor task 164
INFO:worker_log:All processing finished for executor task 164
INFO:worker_log:Received executor task 170
INFO:root:    Q: concern_mol-->returned_mol NRE uncorrupted........PASSED
INFO:worker_log:Completed executor task 162
INFO:worker_log:All processing finished for executor task 162
INFO:worker_log:Received executor task 171
INFO:root:    Q: concern_mol-->returned_mol NRE uncorrupted........PASSED
INFO:worker_log:Completed executor task 155
INFO:worker_log:All processing finished for executor task 155
INFO:worker_log:Received executor task 172
INFO:root:    Q: concern_mol-->returned_mol NRE uncorrupted........PASSED
INFO:worker_log:Completed executor task 150
INFO:worker_log:All processing finished for executor task 150
INFO:worker_log:Received executor task 173
[11:41:30] WARNING: Omitted undefined stereo

INFO:root:    Q: concern_mol-->returned_mol NRE uncorrupted........PASSED
INFO:worker_log:Completed executor task 154
INFO:worker_log:All processing finished for executor task 154
INFO:worker_log:Received executor task 174
INFO:root:    Q: concern_mol-->returned_mol NRE uncorrupted........PASSED
INFO:worker_log:Completed executor task 159
INFO:worker_log:All processing finished for executor task 159
INFO:worker_log:Received executor task 175
[11:41:34] WARNING: Omitted undefined stereo

INFO:root:    Q: concern_mol-->returned_mol NRE uncorrupted........PASSED
INFO:worker_log:Completed executor task 163
INFO:worker_log:All processing finished for executor task 163
INFO:worker_log:Received executor task 176
INFO:root:    Q: concern_mol-->returned_mol NRE uncorrupted........PASSED
INFO:worker_log:Completed executor task 168
INFO:worker_log:All processing finished for executor task 168
INFO:worker_log:Received executor task 177
INFO:root:    Q: concern_mol-->returned_mol NRE uncorrupted........PASSED
INFO:worker_log:Completed executor task 161
INFO:worker_log:All processing finished for executor task 161
INFO:worker_log:Received executor task 178
[11:41:42] WARNING: Omitted undefined stereo

INFO:root:    Q: concern_mol-->returned_mol NRE uncorrupted........PASSED
INFO:worker_log:Completed executor task 160
INFO:worker_log:All processing finished for executor task 160
INFO:worker_log:Received executor task 179
[11:41:45] WARNING: Omitted undefined stereo

INFO:root:    Q: concern_mol-->returned_mol NRE uncorrupted........PASSED
INFO:worker_log:Completed executor task 158
INFO:worker_log:All processing finished for executor task 158
INFO:worker_log:Received executor task 180
[11:41:46] WARNING: Omitted undefined stereo

INFO:root:    Q: concern_mol-->returned_mol NRE uncorrupted........PASSED
INFO:worker_log:Completed executor task 167
INFO:worker_log:All processing finished for executor task 167
INFO:worker_log:Received executor task 181
[11:41:48] WARNING: Omitted undefined stereo

INFO:root:    Q: concern_mol-->returned_mol NRE uncorrupted........PASSED
INFO:worker_log:Completed executor task 141
INFO:worker_log:All processing finished for executor task 141
INFO:worker_log:Received executor task 182
INFO:root:    Q: concern_mol-->returned_mol NRE uncorrupted........PASSED
INFO:worker_log:Completed executor task 171
INFO:worker_log:All processing finished for executor task 171
INFO:worker_log:Received executor task 183
INFO:root:    Q: concern_mol-->returned_mol NRE uncorrupted........PASSED
INFO:worker_log:Completed executor task 165
INFO:worker_log:All processing finished for executor task 165
INFO:worker_log:Received executor task 184
[11:41:54] WARNING: Omitted undefined stereo

INFO:root:    Q: concern_mol-->returned_mol NRE uncorrupted........PASSED
INFO:worker_log:Completed executor task 170
INFO:worker_log:All processing finished for executor task 170
INFO:worker_log:Received executor task 185
[11:41:55] WARNING: Omitted undefined stereo

INFO:root:    Q: concern_mol-->returned_mol NRE uncorrupted........PASSED
INFO:worker_log:Completed executor task 177
INFO:worker_log:All processing finished for executor task 177
INFO:worker_log:Received executor task 186
[11:41:57] WARNING: Omitted undefined stereo

INFO:root:    Q: concern_mol-->returned_mol NRE uncorrupted........PASSED
INFO:worker_log:Completed executor task 179
INFO:worker_log:All processing finished for executor task 179
INFO:worker_log:Received executor task 187
INFO:root:    Q: concern_mol-->returned_mol NRE uncorrupted........PASSED
INFO:worker_log:Completed executor task 174
INFO:worker_log:All processing finished for executor task 174
INFO:worker_log:Received executor task 188
INFO:root:    Q: concern_mol-->returned_mol NRE uncorrupted........PASSED
INFO:worker_log:Completed executor task 173
INFO:worker_log:All processing finished for executor task 173
INFO:worker_log:Received executor task 189
[11:42:03] WARNING: Omitted undefined stereo

INFO:root:    Q: concern_mol-->returned_mol NRE uncorrupted........PASSED
INFO:worker_log:Completed executor task 169
INFO:worker_log:All processing finished for executor task 169
INFO:worker_log:Received executor task 190
INFO:root:    Q: concern_mol-->returned_mol NRE uncorrupted........PASSED
INFO:worker_log:Completed executor task 180
INFO:worker_log:All processing finished for executor task 180
INFO:worker_log:Received executor task 191
[11:42:07] WARNING: Omitted undefined stereo

INFO:root:    Q: concern_mol-->returned_mol NRE uncorrupted........PASSED
INFO:worker_log:Completed executor task 172
INFO:worker_log:All processing finished for executor task 172
INFO:worker_log:Received executor task 192
INFO:root:    Q: concern_mol-->returned_mol NRE uncorrupted........PASSED
INFO:worker_log:Completed executor task 183
INFO:worker_log:All processing finished for executor task 183
INFO:worker_log:Received executor task 193
INFO:root:    Q: concern_mol-->returned_mol NRE uncorrupted........PASSED
INFO:worker_log:Completed executor task 182
INFO:worker_log:All processing finished for executor task 182
INFO:worker_log:Received executor task 194
INFO:root:    Q: concern_mol-->returned_mol NRE uncorrupted........PASSED
INFO:worker_log:Completed executor task 178
INFO:worker_log:All processing finished for executor task 178
INFO:worker_log:Received executor task 195
INFO:root:    Q: concern_mol-->returned_mol NRE uncorrupted........PASSED
INFO:worker_log:Completed executor task 181
INFO:worker_log:All processing finished for executor task 181
INFO:worker_log:Received executor task 196
INFO:root:    Q: concern_mol-->returned_mol NRE uncorrupted........PASSED
INFO:worker_log:Completed executor task 185
INFO:worker_log:All processing finished for executor task 185
INFO:worker_log:Received executor task 197
INFO:root:    Q: concern_mol-->returned_mol NRE uncorrupted........PASSED
INFO:worker_log:Completed executor task 193
INFO:worker_log:All processing finished for executor task 193
INFO:worker_log:Received executor task 198
INFO:root:    Q: concern_mol-->returned_mol NRE uncorrupted........PASSED
INFO:worker_log:Completed executor task 166
INFO:worker_log:All processing finished for executor task 166
INFO:worker_log:Received executor task 199
INFO:root:    Q: concern_mol-->returned_mol NRE uncorrupted........PASSED
INFO:worker_log:Completed executor task 184
INFO:worker_log:All processing finished for executor task 184
INFO:worker_log:Received executor task 200
[11:42:21] WARNING: Omitted undefined stereo

INFO:root:    Q: concern_mol-->returned_mol NRE uncorrupted........PASSED
INFO:worker_log:Completed executor task 190
INFO:worker_log:All processing finished for executor task 190
INFO:worker_log:Received executor task 201
INFO:root:    Q: concern_mol-->returned_mol NRE uncorrupted........PASSED
INFO:worker_log:Completed executor task 176
INFO:worker_log:All processing finished for executor task 176
INFO:worker_log:Received executor task 202
[11:42:23] WARNING: Omitted undefined stereo

INFO:root:    Q: concern_mol-->returned_mol NRE uncorrupted........PASSED
INFO:worker_log:Completed executor task 188
INFO:worker_log:All processing finished for executor task 188
INFO:worker_log:Received executor task 203
INFO:root:    Q: concern_mol-->returned_mol NRE uncorrupted........PASSED
INFO:worker_log:Completed executor task 195
INFO:worker_log:All processing finished for executor task 195
INFO:worker_log:Received executor task 204
INFO:root:    Q: concern_mol-->returned_mol NRE uncorrupted........PASSED
INFO:worker_log:Completed executor task 189
INFO:worker_log:All processing finished for executor task 189
INFO:worker_log:Received executor task 205
INFO:root:    Q: concern_mol-->returned_mol NRE uncorrupted........PASSED
INFO:worker_log:Completed executor task 186
INFO:worker_log:All processing finished for executor task 186
INFO:worker_log:Received executor task 206
INFO:root:    Q: concern_mol-->returned_mol NRE uncorrupted........PASSED
INFO:worker_log:Completed executor task 187
INFO:worker_log:All processing finished for executor task 187
INFO:worker_log:Received executor task 207
[11:42:37] WARNING: Omitted undefined stereo

INFO:root:    Q: concern_mol-->returned_mol NRE uncorrupted........PASSED
INFO:worker_log:Completed executor task 175
INFO:worker_log:All processing finished for executor task 175
INFO:worker_log:Received executor task 208
INFO:root:    Q: concern_mol-->returned_mol NRE uncorrupted........PASSED
INFO:worker_log:Completed executor task 203
INFO:worker_log:All processing finished for executor task 203
INFO:worker_log:Received executor task 209
[11:42:41] WARNING: Omitted undefined stereo

INFO:root:    Q: concern_mol-->returned_mol NRE uncorrupted........PASSED
INFO:worker_log:Completed executor task 200
INFO:worker_log:All processing finished for executor task 200
INFO:worker_log:Received executor task 210
[11:42:42] WARNING: Omitted undefined stereo

INFO:root:    Q: concern_mol-->returned_mol NRE uncorrupted........PASSED
INFO:worker_log:Completed executor task 204
INFO:worker_log:All processing finished for executor task 204
INFO:worker_log:Received executor task 211
INFO:root:    Q: concern_mol-->returned_mol NRE uncorrupted........PASSED
INFO:worker_log:Completed executor task 201
INFO:worker_log:All processing finished for executor task 201
INFO:worker_log:Received executor task 212
[11:42:48] WARNING: Omitted undefined stereo

INFO:root:    Q: concern_mol-->returned_mol NRE uncorrupted........PASSED
INFO:worker_log:Completed executor task 196
INFO:worker_log:All processing finished for executor task 196
INFO:worker_log:Received executor task 213
INFO:root:    Q: concern_mol-->returned_mol NRE uncorrupted........PASSED
INFO:worker_log:Completed executor task 198
INFO:worker_log:All processing finished for executor task 198
INFO:worker_log:Received executor task 214
INFO:root:    Q: concern_mol-->returned_mol NRE uncorrupted........PASSED
INFO:worker_log:Completed executor task 197
INFO:worker_log:All processing finished for executor task 197
INFO:worker_log:Received executor task 215
INFO:root:    Q: concern_mol-->returned_mol NRE uncorrupted........PASSED
INFO:worker_log:Completed executor task 192
INFO:worker_log:All processing finished for executor task 192
INFO:worker_log:Received executor task 216
INFO:root:    Q: concern_mol-->returned_mol NRE uncorrupted........PASSED
INFO:worker_log:Completed executor task 194
INFO:worker_log:All processing finished for executor task 194
INFO:worker_log:Received executor task 217
INFO:root:    Q: concern_mol-->returned_mol NRE uncorrupted........PASSED
INFO:worker_log:Completed executor task 191
INFO:worker_log:All processing finished for executor task 191
INFO:worker_log:Received executor task 218
INFO:root:    Q: concern_mol-->returned_mol NRE uncorrupted........PASSED
INFO:worker_log:Completed executor task 205
INFO:worker_log:All processing finished for executor task 205
INFO:worker_log:Received executor task 219
INFO:root:    Q: concern_mol-->returned_mol NRE uncorrupted........PASSED
INFO:worker_log:Completed executor task 199
INFO:worker_log:All processing finished for executor task 199
INFO:worker_log:Received executor task 220
INFO:root:    Q: concern_mol-->returned_mol NRE uncorrupted........PASSED
INFO:worker_log:Completed executor task 211
INFO:worker_log:All processing finished for executor task 211
INFO:worker_log:Received executor task 221
[11:43:06] WARNING: Omitted undefined stereo

INFO:root:    Q: concern_mol-->returned_mol NRE uncorrupted........PASSED
INFO:worker_log:Completed executor task 209
INFO:worker_log:All processing finished for executor task 209
INFO:worker_log:Received executor task 222
[11:43:08] WARNING: Omitted undefined stereo

INFO:root:    Q: concern_mol-->returned_mol NRE uncorrupted........PASSED
INFO:worker_log:Completed executor task 208
INFO:worker_log:All processing finished for executor task 208
INFO:worker_log:Received executor task 223
INFO:root:    Q: concern_mol-->returned_mol NRE uncorrupted........PASSED
INFO:worker_log:Completed executor task 202
INFO:worker_log:All processing finished for executor task 202
INFO:worker_log:Received executor task 224
INFO:root:    Q: concern_mol-->returned_mol NRE uncorrupted........PASSED
INFO:worker_log:Completed executor task 216
INFO:worker_log:All processing finished for executor task 216
INFO:worker_log:Received executor task 225
INFO:root:    Q: concern_mol-->returned_mol NRE uncorrupted........PASSED
INFO:worker_log:Completed executor task 206
INFO:worker_log:All processing finished for executor task 206
INFO:worker_log:Received executor task 226
INFO:root:    Q: concern_mol-->returned_mol NRE uncorrupted........PASSED
INFO:worker_log:Completed executor task 219
INFO:worker_log:All processing finished for executor task 219
INFO:worker_log:Received executor task 227
[11:43:20] WARNING: Omitted undefined stereo

INFO:root:    Q: concern_mol-->returned_mol NRE uncorrupted........PASSED
INFO:worker_log:Completed executor task 215
INFO:worker_log:All processing finished for executor task 215
INFO:worker_log:Received executor task 228
[11:43:21] WARNING: Omitted undefined stereo

INFO:root:    Q: concern_mol-->returned_mol NRE uncorrupted........PASSED
INFO:worker_log:Completed executor task 228
INFO:worker_log:All processing finished for executor task 228
INFO:worker_log:Received executor task 229
INFO:root:    Q: concern_mol-->returned_mol NRE uncorrupted........PASSED
INFO:worker_log:Completed executor task 225
INFO:worker_log:All processing finished for executor task 225
INFO:worker_log:Received executor task 230
INFO:root:    Q: concern_mol-->returned_mol NRE uncorrupted........PASSED
INFO:worker_log:Completed executor task 207
INFO:worker_log:All processing finished for executor task 207
INFO:worker_log:Received executor task 231
INFO:root:    Q: concern_mol-->returned_mol NRE uncorrupted........PASSED
INFO:worker_log:Completed executor task 220
INFO:worker_log:All processing finished for executor task 220
INFO:worker_log:Received executor task 232
INFO:root:    Q: concern_mol-->returned_mol NRE uncorrupted........PASSED
INFO:worker_log:Completed executor task 210
INFO:worker_log:All processing finished for executor task 210
INFO:worker_log:Received executor task 233
INFO:root:    Q: concern_mol-->returned_mol NRE uncorrupted........PASSED
INFO:worker_log:Completed executor task 213
INFO:worker_log:All processing finished for executor task 213
INFO:worker_log:Received executor task 234
INFO:root:    Q: concern_mol-->returned_mol NRE uncorrupted........PASSED
INFO:worker_log:Completed executor task 224
INFO:worker_log:All processing finished for executor task 224
INFO:worker_log:Received executor task 235
INFO:root:    Q: concern_mol-->returned_mol NRE uncorrupted........PASSED
INFO:worker_log:Completed executor task 226
INFO:worker_log:All processing finished for executor task 226
INFO:worker_log:Received executor task 236
INFO:root:    Q: concern_mol-->returned_mol NRE uncorrupted........PASSED
INFO:worker_log:Completed executor task 222
INFO:worker_log:All processing finished for executor task 222
INFO:worker_log:Received executor task 237
INFO:root:    Q: concern_mol-->returned_mol NRE uncorrupted........PASSED
INFO:worker_log:Completed executor task 217
INFO:worker_log:All processing finished for executor task 217
INFO:worker_log:Received executor task 238
INFO:root:    Q: concern_mol-->returned_mol NRE uncorrupted........PASSED
INFO:worker_log:Completed executor task 214
INFO:worker_log:All processing finished for executor task 214
INFO:worker_log:Received executor task 239
[11:43:46] WARNING: Omitted undefined stereo

INFO:root:    Q: concern_mol-->returned_mol NRE uncorrupted........PASSED
INFO:worker_log:Completed executor task 230
INFO:worker_log:All processing finished for executor task 230
INFO:worker_log:Received executor task 240
[11:43:50] WARNING: Omitted undefined stereo

INFO:root:    Q: concern_mol-->returned_mol NRE uncorrupted........PASSED
INFO:worker_log:Completed executor task 229
INFO:worker_log:All processing finished for executor task 229
INFO:worker_log:Received executor task 241
INFO:root:    Q: concern_mol-->returned_mol NRE uncorrupted........PASSED
INFO:worker_log:Completed executor task 232
INFO:worker_log:All processing finished for executor task 232
INFO:worker_log:Received executor task 242
[11:43:54] WARNING: Omitted undefined stereo

INFO:root:    Q: concern_mol-->returned_mol NRE uncorrupted........PASSED
INFO:worker_log:Completed executor task 212
INFO:worker_log:All processing finished for executor task 212
INFO:worker_log:Received executor task 243
INFO:root:    Q: concern_mol-->returned_mol NRE uncorrupted........PASSED
INFO:worker_log:Completed executor task 236
INFO:worker_log:All processing finished for executor task 236
INFO:worker_log:Received executor task 244
INFO:root:    Q: concern_mol-->returned_mol NRE uncorrupted........PASSED
INFO:worker_log:Completed executor task 221
INFO:worker_log:All processing finished for executor task 221
INFO:worker_log:Received executor task 245
INFO:root:    Q: concern_mol-->returned_mol NRE uncorrupted........PASSED
INFO:worker_log:Completed executor task 218
INFO:worker_log:All processing finished for executor task 218
INFO:worker_log:Received executor task 246
INFO:root:    Q: concern_mol-->returned_mol NRE uncorrupted........PASSED
INFO:worker_log:Completed executor task 242
INFO:worker_log:All processing finished for executor task 242
INFO:worker_log:Received executor task 247
INFO:root:    Q: concern_mol-->returned_mol NRE uncorrupted........PASSED
INFO:worker_log:Completed executor task 231
INFO:worker_log:All processing finished for executor task 231
INFO:worker_log:Received executor task 248
[11:44:12] WARNING: Omitted undefined stereo

INFO:root:    Q: concern_mol-->returned_mol NRE uncorrupted........PASSED
INFO:worker_log:Completed executor task 227
INFO:worker_log:All processing finished for executor task 227
INFO:worker_log:Received executor task 249
INFO:root:    Q: concern_mol-->returned_mol NRE uncorrupted........PASSED
INFO:worker_log:Completed executor task 234
INFO:worker_log:All processing finished for executor task 234
INFO:worker_log:Received executor task 250
INFO:root:    Q: concern_mol-->returned_mol NRE uncorrupted........PASSED
INFO:worker_log:Completed executor task 235
INFO:worker_log:All processing finished for executor task 235
INFO:worker_log:Received executor task 251
INFO:root:    Q: concern_mol-->returned_mol NRE uncorrupted........PASSED
INFO:worker_log:Completed executor task 223
INFO:worker_log:All processing finished for executor task 223
INFO:worker_log:Received executor task 252
INFO:root:    Q: concern_mol-->returned_mol NRE uncorrupted........PASSED
INFO:worker_log:Completed executor task 244
INFO:worker_log:All processing finished for executor task 244
INFO:worker_log:Received executor task 253
INFO:root:    Q: concern_mol-->returned_mol NRE uncorrupted........PASSED
INFO:worker_log:Completed executor task 238
INFO:worker_log:All processing finished for executor task 238
INFO:worker_log:Received executor task 254
INFO:root:    Q: concern_mol-->returned_mol NRE uncorrupted........PASSED
INFO:worker_log:Completed executor task 241
INFO:worker_log:All processing finished for executor task 241
INFO:worker_log:Received executor task 255
INFO:root:    Q: concern_mol-->returned_mol NRE uncorrupted........PASSED
INFO:worker_log:Completed executor task 233
INFO:worker_log:All processing finished for executor task 233
INFO:worker_log:Received executor task 256
INFO:root:    Q: concern_mol-->returned_mol NRE uncorrupted........PASSED
INFO:worker_log:Completed executor task 240
INFO:worker_log:All processing finished for executor task 240
INFO:worker_log:Received executor task 257
INFO:root:    Q: concern_mol-->returned_mol NRE uncorrupted........PASSED
INFO:worker_log:Completed executor task 239
INFO:worker_log:All processing finished for executor task 239
INFO:worker_log:Received executor task 258
INFO:root:    Q: concern_mol-->returned_mol NRE uncorrupted........PASSED
INFO:worker_log:Completed executor task 237
INFO:worker_log:All processing finished for executor task 237
INFO:worker_log:Received executor task 259
INFO:root:    Q: concern_mol-->returned_mol NRE uncorrupted........PASSED
INFO:worker_log:Completed executor task 253
INFO:worker_log:All processing finished for executor task 253
INFO:worker_log:Received executor task 260
INFO:root:    Q: concern_mol-->returned_mol NRE uncorrupted........PASSED
INFO:worker_log:Completed executor task 256
INFO:worker_log:All processing finished for executor task 256
INFO:worker_log:Received executor task 261
INFO:root:    Q: concern_mol-->returned_mol NRE uncorrupted........PASSED
INFO:worker_log:Completed executor task 255
INFO:worker_log:All processing finished for executor task 255
INFO:worker_log:Received executor task 262
INFO:root:    Q: concern_mol-->returned_mol NRE uncorrupted........PASSED
INFO:worker_log:Completed executor task 246
INFO:worker_log:All processing finished for executor task 246
INFO:worker_log:Received executor task 263
[11:44:50] WARNING: Omitted undefined stereo

INFO:root:    Q: concern_mol-->returned_mol NRE uncorrupted........PASSED
INFO:worker_log:Completed executor task 254
INFO:worker_log:All processing finished for executor task 254
INFO:worker_log:Received executor task 264
INFO:root:    Q: concern_mol-->returned_mol NRE uncorrupted........PASSED
INFO:worker_log:Completed executor task 257
INFO:worker_log:All processing finished for executor task 257
INFO:worker_log:Received executor task 265
INFO:root:    Q: concern_mol-->returned_mol NRE uncorrupted........PASSED
INFO:worker_log:Completed executor task 252
INFO:worker_log:All processing finished for executor task 252
INFO:worker_log:Received executor task 266
INFO:root:    Q: concern_mol-->returned_mol NRE uncorrupted........PASSED
INFO:worker_log:Completed executor task 258
INFO:worker_log:All processing finished for executor task 258
INFO:worker_log:Received executor task 267
INFO:root:    Q: concern_mol-->returned_mol NRE uncorrupted........PASSED
INFO:worker_log:Completed executor task 249
INFO:worker_log:All processing finished for executor task 249
INFO:worker_log:Received executor task 268
INFO:root:    Q: concern_mol-->returned_mol NRE uncorrupted........PASSED
INFO:worker_log:Completed executor task 243
INFO:worker_log:All processing finished for executor task 243
INFO:worker_log:Received executor task 269
INFO:root:    Q: concern_mol-->returned_mol NRE uncorrupted........PASSED
INFO:worker_log:Completed executor task 250
INFO:worker_log:All processing finished for executor task 250
INFO:worker_log:Received executor task 270
INFO:root:    Q: concern_mol-->returned_mol NRE uncorrupted........PASSED
INFO:worker_log:Completed executor task 259
INFO:worker_log:All processing finished for executor task 259
INFO:worker_log:Received executor task 271
INFO:root:    Q: concern_mol-->returned_mol NRE uncorrupted........PASSED
INFO:worker_log:Completed executor task 248
INFO:worker_log:All processing finished for executor task 248
INFO:worker_log:Received executor task 272
[11:45:11] WARNING: Omitted undefined stereo

INFO:root:    Q: concern_mol-->returned_mol NRE uncorrupted........PASSED
INFO:worker_log:Completed executor task 260
INFO:worker_log:All processing finished for executor task 260
INFO:worker_log:Received executor task 273
INFO:root:    Q: concern_mol-->returned_mol NRE uncorrupted........PASSED
INFO:worker_log:Completed executor task 262
INFO:worker_log:All processing finished for executor task 262
INFO:worker_log:Received executor task 274
INFO:root:    Q: concern_mol-->returned_mol NRE uncorrupted........PASSED
INFO:worker_log:Completed executor task 251
INFO:worker_log:All processing finished for executor task 251
INFO:worker_log:Received executor task 275
INFO:root:    Q: concern_mol-->returned_mol NRE uncorrupted........PASSED
INFO:worker_log:Completed executor task 265
INFO:worker_log:All processing finished for executor task 265
INFO:worker_log:Received executor task 276
INFO:root:    Q: concern_mol-->returned_mol NRE uncorrupted........PASSED
INFO:worker_log:Completed executor task 247
INFO:worker_log:All processing finished for executor task 247
INFO:worker_log:Received executor task 277
INFO:root:    Q: concern_mol-->returned_mol NRE uncorrupted........PASSED
INFO:worker_log:Completed executor task 266
INFO:worker_log:All processing finished for executor task 266
INFO:worker_log:Received executor task 278
INFO:root:    Q: concern_mol-->returned_mol NRE uncorrupted........PASSED
INFO:worker_log:Completed executor task 264
INFO:worker_log:All processing finished for executor task 264
INFO:worker_log:Received executor task 279
INFO:root:    Q: concern_mol-->returned_mol NRE uncorrupted........PASSED
INFO:worker_log:Completed executor task 261
INFO:worker_log:All processing finished for executor task 261
INFO:worker_log:Received executor task 280
INFO:root:    Q: concern_mol-->returned_mol NRE uncorrupted........PASSED
INFO:worker_log:Completed executor task 263
INFO:worker_log:All processing finished for executor task 263
INFO:worker_log:Received executor task 281
[11:45:34] WARNING: Omitted undefined stereo

INFO:root:    Q: concern_mol-->returned_mol NRE uncorrupted........PASSED
INFO:worker_log:Completed executor task 268
INFO:worker_log:All processing finished for executor task 268
INFO:worker_log:Received executor task 282
INFO:root:    Q: concern_mol-->returned_mol NRE uncorrupted........PASSED
INFO:worker_log:Completed executor task 271
INFO:worker_log:All processing finished for executor task 271
INFO:worker_log:Received executor task 283
[11:45:35] WARNING: Omitted undefined stereo

INFO:root:    Q: concern_mol-->returned_mol NRE uncorrupted........PASSED
INFO:worker_log:Completed executor task 267
INFO:worker_log:All processing finished for executor task 267
INFO:worker_log:Received executor task 284
[11:45:36] WARNING: Omitted undefined stereo

INFO:root:    Q: concern_mol-->returned_mol NRE uncorrupted........PASSED
INFO:worker_log:Completed executor task 272
INFO:worker_log:All processing finished for executor task 272
INFO:worker_log:Received executor task 285
INFO:root:    Q: concern_mol-->returned_mol NRE uncorrupted........PASSED
INFO:worker_log:Completed executor task 269
INFO:worker_log:All processing finished for executor task 269
INFO:worker_log:Received executor task 286
INFO:root:    Q: concern_mol-->returned_mol NRE uncorrupted........PASSED
INFO:worker_log:Completed executor task 270
INFO:worker_log:All processing finished for executor task 270
INFO:worker_log:Received executor task 287
INFO:root:    Q: concern_mol-->returned_mol NRE uncorrupted........PASSED
INFO:worker_log:Completed executor task 279
INFO:worker_log:All processing finished for executor task 279
INFO:worker_log:Received executor task 288
INFO:root:    Q: concern_mol-->returned_mol NRE uncorrupted........PASSED
INFO:worker_log:Completed executor task 245
INFO:worker_log:All processing finished for executor task 245
INFO:worker_log:Received executor task 289
INFO:root:    Q: concern_mol-->returned_mol NRE uncorrupted........PASSED
INFO:worker_log:Completed executor task 280
INFO:worker_log:All processing finished for executor task 280
INFO:worker_log:Received executor task 290
INFO:root:    Q: concern_mol-->returned_mol NRE uncorrupted........PASSED
INFO:worker_log:Completed executor task 273
INFO:worker_log:All processing finished for executor task 273
INFO:worker_log:Received executor task 291
INFO:root:    Q: concern_mol-->returned_mol NRE uncorrupted........PASSED
INFO:worker_log:Completed executor task 278
INFO:worker_log:All processing finished for executor task 278
INFO:worker_log:Received executor task 292
INFO:root:    Q: concern_mol-->returned_mol NRE uncorrupted........PASSED
INFO:worker_log:Completed executor task 276
INFO:worker_log:All processing finished for executor task 276
INFO:worker_log:Received executor task 293
INFO:root:    Q: concern_mol-->returned_mol NRE uncorrupted........PASSED
INFO:worker_log:Completed executor task 277
INFO:worker_log:All processing finished for executor task 277
INFO:worker_log:Received executor task 294
INFO:root:    Q: concern_mol-->returned_mol NRE uncorrupted........PASSED
INFO:worker_log:Completed executor task 275
INFO:worker_log:All processing finished for executor task 275
INFO:worker_log:Received executor task 295
INFO:root:    Q: concern_mol-->returned_mol NRE uncorrupted........PASSED
INFO:worker_log:Completed executor task 274
INFO:worker_log:All processing finished for executor task 274
INFO:worker_log:Received executor task 296
INFO:root:    Q: concern_mol-->returned_mol NRE uncorrupted........PASSED
INFO:worker_log:Completed executor task 287
INFO:worker_log:All processing finished for executor task 287
INFO:worker_log:Received executor task 297
INFO:root:    Q: concern_mol-->returned_mol NRE uncorrupted........PASSED
INFO:worker_log:Completed executor task 286
INFO:worker_log:All processing finished for executor task 286
INFO:worker_log:Received executor task 298
INFO:root:    Q: concern_mol-->returned_mol NRE uncorrupted........PASSED
INFO:worker_log:Completed executor task 289
INFO:worker_log:All processing finished for executor task 289
INFO:worker_log:Received executor task 299
INFO:root:    Q: concern_mol-->returned_mol NRE uncorrupted........PASSED
INFO:worker_log:Completed executor task 290
INFO:worker_log:All processing finished for executor task 290
INFO:worker_log:Received executor task 300
INFO:root:    Q: concern_mol-->returned_mol NRE uncorrupted........PASSED
INFO:worker_log:Completed executor task 292
INFO:worker_log:All processing finished for executor task 292
INFO:worker_log:Received executor task 301
INFO:root:    Q: concern_mol-->returned_mol NRE uncorrupted........PASSED
INFO:worker_log:Completed executor task 284
INFO:worker_log:All processing finished for executor task 284
INFO:worker_log:Received executor task 302
INFO:root:    Q: concern_mol-->returned_mol NRE uncorrupted........PASSED
INFO:worker_log:Completed executor task 288
INFO:worker_log:All processing finished for executor task 288
INFO:worker_log:Received executor task 303
INFO:root:    Q: concern_mol-->returned_mol NRE uncorrupted........PASSED
INFO:worker_log:Completed executor task 282
INFO:worker_log:All processing finished for executor task 282
INFO:worker_log:Received executor task 304
INFO:root:    Q: concern_mol-->returned_mol NRE uncorrupted........PASSED
INFO:worker_log:Completed executor task 283
INFO:worker_log:All processing finished for executor task 283
INFO:worker_log:Received executor task 305
INFO:root:    Q: concern_mol-->returned_mol NRE uncorrupted........PASSED
INFO:worker_log:Completed executor task 285
INFO:worker_log:All processing finished for executor task 285
INFO:worker_log:Received executor task 306
INFO:root:    Q: concern_mol-->returned_mol NRE uncorrupted........PASSED
INFO:worker_log:Completed executor task 297
INFO:worker_log:All processing finished for executor task 297
INFO:worker_log:Received executor task 307
INFO:root:    Q: concern_mol-->returned_mol NRE uncorrupted........PASSED
INFO:worker_log:Completed executor task 293
INFO:worker_log:All processing finished for executor task 293
INFO:worker_log:Received executor task 308
INFO:root:    Q: concern_mol-->returned_mol NRE uncorrupted........PASSED
INFO:worker_log:Completed executor task 298
INFO:worker_log:All processing finished for executor task 298
INFO:worker_log:Received executor task 309
INFO:root:    Q: concern_mol-->returned_mol NRE uncorrupted........PASSED
INFO:worker_log:Completed executor task 294
INFO:worker_log:All processing finished for executor task 294
INFO:worker_log:Received executor task 310
INFO:root:    Q: concern_mol-->returned_mol NRE uncorrupted........PASSED
INFO:worker_log:Completed executor task 281
INFO:worker_log:All processing finished for executor task 281
INFO:worker_log:Received executor task 311
INFO:root:    Q: concern_mol-->returned_mol NRE uncorrupted........PASSED
INFO:worker_log:Completed executor task 299
INFO:worker_log:All processing finished for executor task 299
INFO:worker_log:Received executor task 312
INFO:root:    Q: concern_mol-->returned_mol NRE uncorrupted........PASSED
INFO:worker_log:Completed executor task 300
INFO:worker_log:All processing finished for executor task 300
INFO:worker_log:Received executor task 313
INFO:root:    Q: concern_mol-->returned_mol NRE uncorrupted........PASSED
INFO:worker_log:Completed executor task 291
INFO:worker_log:All processing finished for executor task 291
INFO:worker_log:Received executor task 314
INFO:root:    Q: concern_mol-->returned_mol NRE uncorrupted........PASSED
INFO:worker_log:Completed executor task 303
INFO:worker_log:All processing finished for executor task 303
INFO:worker_log:Received executor task 315
INFO:root:    Q: concern_mol-->returned_mol NRE uncorrupted........PASSED
INFO:worker_log:Completed executor task 301
INFO:worker_log:All processing finished for executor task 301
INFO:worker_log:Received executor task 316
INFO:root:    Q: concern_mol-->returned_mol NRE uncorrupted........PASSED
INFO:worker_log:Completed executor task 305
INFO:worker_log:All processing finished for executor task 305
INFO:worker_log:Received executor task 317
INFO:root:    Q: concern_mol-->returned_mol NRE uncorrupted........PASSED
INFO:worker_log:Completed executor task 295
INFO:worker_log:All processing finished for executor task 295
INFO:worker_log:Received executor task 318
INFO:root:    Q: concern_mol-->returned_mol NRE uncorrupted........PASSED
INFO:worker_log:Completed executor task 296
INFO:worker_log:All processing finished for executor task 296
INFO:worker_log:Received executor task 319
INFO:root:    Q: concern_mol-->returned_mol NRE uncorrupted........PASSED
INFO:worker_log:Completed executor task 306
INFO:worker_log:All processing finished for executor task 306
INFO:worker_log:Received executor task 320
INFO:root:    Q: concern_mol-->returned_mol NRE uncorrupted........PASSED
INFO:worker_log:Completed executor task 312
INFO:worker_log:All processing finished for executor task 312
INFO:worker_log:Received executor task 321
INFO:root:    Q: concern_mol-->returned_mol NRE uncorrupted........PASSED
INFO:worker_log:Completed executor task 309
INFO:worker_log:All processing finished for executor task 309
INFO:worker_log:Received executor task 322
[11:46:51] WARNING: Omitted undefined stereo

INFO:root:    Q: concern_mol-->returned_mol NRE uncorrupted........PASSED
INFO:worker_log:Completed executor task 304
INFO:worker_log:All processing finished for executor task 304
INFO:worker_log:Received executor task 323
[11:46:55] WARNING: Omitted undefined stereo

INFO:root:    Q: concern_mol-->returned_mol NRE uncorrupted........PASSED
INFO:worker_log:Completed executor task 311
INFO:worker_log:All processing finished for executor task 311
INFO:worker_log:Received executor task 324
INFO:root:    Q: concern_mol-->returned_mol NRE uncorrupted........PASSED
INFO:worker_log:Completed executor task 307
INFO:worker_log:All processing finished for executor task 307
INFO:worker_log:Received executor task 325
INFO:root:    Q: concern_mol-->returned_mol NRE uncorrupted........PASSED
INFO:worker_log:Completed executor task 310
INFO:worker_log:All processing finished for executor task 310
INFO:worker_log:Received executor task 326
[11:46:58] WARNING: Omitted undefined stereo

INFO:root:    Q: concern_mol-->returned_mol NRE uncorrupted........PASSED
INFO:worker_log:Completed executor task 314
INFO:worker_log:All processing finished for executor task 314
INFO:worker_log:Received executor task 327
INFO:root:    Q: concern_mol-->returned_mol NRE uncorrupted........PASSED
INFO:worker_log:Completed executor task 308
INFO:worker_log:All processing finished for executor task 308
INFO:worker_log:Received executor task 328
[11:46:59] WARNING: Omitted undefined stereo

INFO:root:    Q: concern_mol-->returned_mol NRE uncorrupted........PASSED
INFO:worker_log:Completed executor task 316
INFO:worker_log:All processing finished for executor task 316
INFO:worker_log:Received executor task 329
INFO:root:    Q: concern_mol-->returned_mol NRE uncorrupted........PASSED
INFO:worker_log:Completed executor task 302
INFO:worker_log:All processing finished for executor task 302
INFO:worker_log:Received executor task 330
INFO:root:    Q: concern_mol-->returned_mol NRE uncorrupted........PASSED
INFO:worker_log:Completed executor task 317
INFO:worker_log:All processing finished for executor task 317
INFO:worker_log:Received executor task 331
INFO:root:    Q: concern_mol-->returned_mol NRE uncorrupted........PASSED
INFO:worker_log:Completed executor task 322
INFO:worker_log:All processing finished for executor task 322
INFO:worker_log:Received executor task 332
INFO:root:    Q: concern_mol-->returned_mol NRE uncorrupted........PASSED
INFO:worker_log:Completed executor task 318
INFO:worker_log:All processing finished for executor task 318
INFO:worker_log:Received executor task 333
INFO:root:    Q: concern_mol-->returned_mol NRE uncorrupted........PASSED
INFO:worker_log:Completed executor task 320
INFO:worker_log:All processing finished for executor task 320
INFO:worker_log:Received executor task 334
INFO:root:    Q: concern_mol-->returned_mol NRE uncorrupted........PASSED
INFO:worker_log:Completed executor task 313
INFO:worker_log:All processing finished for executor task 313
INFO:worker_log:Received executor task 335
INFO:root:    Q: concern_mol-->returned_mol NRE uncorrupted........PASSED
INFO:worker_log:Completed executor task 323
INFO:worker_log:All processing finished for executor task 323
INFO:worker_log:Received executor task 336
INFO:root:    Q: concern_mol-->returned_mol NRE uncorrupted........PASSED
INFO:worker_log:Completed executor task 324
INFO:worker_log:All processing finished for executor task 324
INFO:worker_log:Received executor task 337
[11:47:19] WARNING: Omitted undefined stereo

INFO:root:    Q: concern_mol-->returned_mol NRE uncorrupted........PASSED
INFO:worker_log:Completed executor task 326
INFO:worker_log:All processing finished for executor task 326
INFO:worker_log:Received executor task 338
INFO:root:    Q: concern_mol-->returned_mol NRE uncorrupted........PASSED
INFO:worker_log:Completed executor task 327
INFO:worker_log:All processing finished for executor task 327
INFO:worker_log:Received executor task 339
INFO:root:    Q: concern_mol-->returned_mol NRE uncorrupted........PASSED
INFO:worker_log:Completed executor task 329
INFO:worker_log:All processing finished for executor task 329
INFO:worker_log:Received executor task 340
INFO:root:    Q: concern_mol-->returned_mol NRE uncorrupted........PASSED
INFO:worker_log:Completed executor task 325
INFO:worker_log:All processing finished for executor task 325
INFO:worker_log:Received executor task 341
INFO:root:    Q: concern_mol-->returned_mol NRE uncorrupted........PASSED
INFO:worker_log:Completed executor task 319
INFO:worker_log:All processing finished for executor task 319
INFO:worker_log:Received executor task 342
INFO:root:    Q: concern_mol-->returned_mol NRE uncorrupted........PASSED
INFO:worker_log:Completed executor task 328
INFO:worker_log:All processing finished for executor task 328
INFO:worker_log:Received executor task 343
INFO:root:    Q: concern_mol-->returned_mol NRE uncorrupted........PASSED
INFO:worker_log:Completed executor task 330
INFO:worker_log:All processing finished for executor task 330
INFO:worker_log:Received executor task 344
INFO:root:    Q: concern_mol-->returned_mol NRE uncorrupted........PASSED
INFO:worker_log:Completed executor task 334
INFO:worker_log:All processing finished for executor task 334
INFO:worker_log:Received executor task 345
INFO:root:    Q: concern_mol-->returned_mol NRE uncorrupted........PASSED
INFO:worker_log:Completed executor task 321
INFO:worker_log:All processing finished for executor task 321
INFO:worker_log:Received executor task 346
INFO:root:    Q: concern_mol-->returned_mol NRE uncorrupted........PASSED
INFO:worker_log:Completed executor task 331
INFO:worker_log:All processing finished for executor task 331
INFO:worker_log:Received executor task 347
INFO:root:    Q: concern_mol-->returned_mol NRE uncorrupted........PASSED
INFO:worker_log:Completed executor task 339
INFO:worker_log:All processing finished for executor task 339
INFO:worker_log:Received executor task 348
[11:47:37] WARNING: Omitted undefined stereo

INFO:root:    Q: concern_mol-->returned_mol NRE uncorrupted........PASSED
INFO:worker_log:Completed executor task 315
INFO:worker_log:All processing finished for executor task 315
INFO:worker_log:Received executor task 349
INFO:root:    Q: concern_mol-->returned_mol NRE uncorrupted........PASSED
INFO:worker_log:Completed executor task 337
INFO:worker_log:All processing finished for executor task 337
INFO:worker_log:Received executor task 350
INFO:root:    Q: concern_mol-->returned_mol NRE uncorrupted........PASSED
INFO:worker_log:Completed executor task 338
INFO:worker_log:All processing finished for executor task 338
INFO:worker_log:Received executor task 351
INFO:root:    Q: concern_mol-->returned_mol NRE uncorrupted........PASSED
INFO:worker_log:Completed executor task 345
INFO:worker_log:All processing finished for executor task 345
INFO:worker_log:Received executor task 352
INFO:root:    Q: concern_mol-->returned_mol NRE uncorrupted........PASSED
INFO:worker_log:Completed executor task 340
INFO:worker_log:All processing finished for executor task 340
INFO:worker_log:Received executor task 353
INFO:root:    Q: concern_mol-->returned_mol NRE uncorrupted........PASSED
INFO:worker_log:Completed executor task 336
INFO:worker_log:All processing finished for executor task 336
INFO:worker_log:Received executor task 354
INFO:root:    Q: concern_mol-->returned_mol NRE uncorrupted........PASSED
INFO:worker_log:Completed executor task 335
INFO:worker_log:All processing finished for executor task 335
INFO:worker_log:Received executor task 355
INFO:root:    Q: concern_mol-->returned_mol NRE uncorrupted........PASSED
INFO:worker_log:Completed executor task 341
INFO:worker_log:All processing finished for executor task 341
INFO:worker_log:Received executor task 356
INFO:root:    Q: concern_mol-->returned_mol NRE uncorrupted........PASSED
INFO:worker_log:Completed executor task 332
INFO:worker_log:All processing finished for executor task 332
INFO:worker_log:Received executor task 357
[11:47:55] WARNING: Omitted undefined stereo

INFO:root:    Q: concern_mol-->returned_mol NRE uncorrupted........PASSED
INFO:worker_log:Completed executor task 347
INFO:worker_log:All processing finished for executor task 347
INFO:worker_log:Received executor task 358
INFO:root:    Q: concern_mol-->returned_mol NRE uncorrupted........PASSED
INFO:worker_log:Completed executor task 342
INFO:worker_log:All processing finished for executor task 342
INFO:worker_log:Received executor task 359
INFO:root:    Q: concern_mol-->returned_mol NRE uncorrupted........PASSED
INFO:worker_log:Completed executor task 343
INFO:worker_log:All processing finished for executor task 343
INFO:worker_log:Received executor task 360
INFO:root:    Q: concern_mol-->returned_mol NRE uncorrupted........PASSED
INFO:worker_log:Completed executor task 351
INFO:worker_log:All processing finished for executor task 351
INFO:worker_log:Received executor task 361
INFO:root:    Q: concern_mol-->returned_mol NRE uncorrupted........PASSED
INFO:worker_log:Completed executor task 348
INFO:worker_log:All processing finished for executor task 348
INFO:worker_log:Received executor task 362
[11:48:09] WARNING: Omitted undefined stereo

INFO:root:    Q: concern_mol-->returned_mol NRE uncorrupted........PASSED
INFO:worker_log:Completed executor task 333
INFO:worker_log:All processing finished for executor task 333
INFO:worker_log:Received executor task 363
INFO:root:    Q: concern_mol-->returned_mol NRE uncorrupted........PASSED
INFO:worker_log:Completed executor task 352
INFO:worker_log:All processing finished for executor task 352
INFO:worker_log:Received executor task 364
INFO:root:    Q: concern_mol-->returned_mol NRE uncorrupted........PASSED
INFO:worker_log:Completed executor task 350
INFO:worker_log:All processing finished for executor task 350
INFO:worker_log:Received executor task 365
INFO:root:    Q: concern_mol-->returned_mol NRE uncorrupted........PASSED
INFO:worker_log:Completed executor task 344
INFO:worker_log:All processing finished for executor task 344
INFO:worker_log:Received executor task 366
INFO:root:    Q: concern_mol-->returned_mol NRE uncorrupted........PASSED
INFO:worker_log:Completed executor task 354
INFO:worker_log:All processing finished for executor task 354
INFO:worker_log:Received executor task 367
INFO:root:    Q: concern_mol-->returned_mol NRE uncorrupted........PASSED
INFO:root:    Q: concern_mol-->returned_mol NRE uncorrupted........PASSED
INFO:worker_log:Completed executor task 349
INFO:worker_log:All processing finished for executor task 349
INFO:worker_log:Completed executor task 346
INFO:worker_log:All processing finished for executor task 346
INFO:worker_log:Received executor task 368
INFO:worker_log:Received executor task 369
INFO:root:    Q: concern_mol-->returned_mol NRE uncorrupted........PASSED
INFO:worker_log:Completed executor task 356
INFO:worker_log:All processing finished for executor task 356
INFO:worker_log:Received executor task 370
INFO:root:    Q: concern_mol-->returned_mol NRE uncorrupted........PASSED
INFO:worker_log:Completed executor task 355
INFO:worker_log:All processing finished for executor task 355
INFO:worker_log:Received executor task 371
[11:48:17] WARNING: Omitted undefined stereo

INFO:root:    Q: concern_mol-->returned_mol NRE uncorrupted........PASSED
INFO:worker_log:Completed executor task 357
INFO:worker_log:All processing finished for executor task 357
INFO:worker_log:Received executor task 372
INFO:root:    Q: concern_mol-->returned_mol NRE uncorrupted........PASSED
INFO:worker_log:Completed executor task 358
INFO:worker_log:All processing finished for executor task 358
INFO:worker_log:Received executor task 373
INFO:root:    Q: concern_mol-->returned_mol NRE uncorrupted........PASSED
INFO:worker_log:Completed executor task 364
INFO:worker_log:All processing finished for executor task 364
INFO:worker_log:Received executor task 374
INFO:root:    Q: concern_mol-->returned_mol NRE uncorrupted........PASSED
INFO:worker_log:Completed executor task 365
INFO:worker_log:All processing finished for executor task 365
INFO:worker_log:Received executor task 375
INFO:root:    Q: concern_mol-->returned_mol NRE uncorrupted........PASSED
INFO:worker_log:Completed executor task 359
INFO:worker_log:All processing finished for executor task 359
INFO:worker_log:Received executor task 376
INFO:root:    Q: concern_mol-->returned_mol NRE uncorrupted........PASSED
INFO:worker_log:Completed executor task 360
INFO:worker_log:All processing finished for executor task 360
INFO:worker_log:Received executor task 377
INFO:root:    Q: concern_mol-->returned_mol NRE uncorrupted........PASSED
INFO:worker_log:Completed executor task 353
INFO:worker_log:All processing finished for executor task 353
INFO:worker_log:Received executor task 378
INFO:root:    Q: concern_mol-->returned_mol NRE uncorrupted........PASSED
INFO:worker_log:Completed executor task 362
INFO:worker_log:All processing finished for executor task 362
INFO:worker_log:Received executor task 379
INFO:root:    Q: concern_mol-->returned_mol NRE uncorrupted........PASSED
INFO:worker_log:Completed executor task 367
INFO:worker_log:All processing finished for executor task 367
INFO:worker_log:Received executor task 380
INFO:root:    Q: concern_mol-->returned_mol NRE uncorrupted........PASSED
INFO:worker_log:Completed executor task 369
INFO:worker_log:All processing finished for executor task 369
INFO:worker_log:Received executor task 381
INFO:root:    Q: concern_mol-->returned_mol NRE uncorrupted........PASSED
INFO:worker_log:Completed executor task 368
INFO:worker_log:All processing finished for executor task 368
INFO:worker_log:Received executor task 382
INFO:root:    Q: concern_mol-->returned_mol NRE uncorrupted........PASSED
INFO:worker_log:Completed executor task 366
INFO:worker_log:All processing finished for executor task 366
INFO:worker_log:Received executor task 383
INFO:root:    Q: concern_mol-->returned_mol NRE uncorrupted........PASSED
INFO:worker_log:Completed executor task 370
INFO:worker_log:All processing finished for executor task 370
INFO:worker_log:Received executor task 384
INFO:root:    Q: concern_mol-->returned_mol NRE uncorrupted........PASSED
INFO:worker_log:Completed executor task 361
INFO:worker_log:All processing finished for executor task 361
INFO:worker_log:Received executor task 385
[11:48:52] WARNING: Omitted undefined stereo

INFO:root:    Q: concern_mol-->returned_mol NRE uncorrupted........PASSED
INFO:worker_log:Completed executor task 363
INFO:worker_log:All processing finished for executor task 363
INFO:worker_log:Received executor task 386
INFO:root:    Q: concern_mol-->returned_mol NRE uncorrupted........PASSED
INFO:worker_log:Completed executor task 371
INFO:worker_log:All processing finished for executor task 371
INFO:worker_log:Received executor task 387
INFO:root:    Q: concern_mol-->returned_mol NRE uncorrupted........PASSED
INFO:worker_log:Completed executor task 374
INFO:worker_log:All processing finished for executor task 374
INFO:worker_log:Received executor task 388
[11:49:00] WARNING: Omitted undefined stereo

INFO:root:    Q: concern_mol-->returned_mol NRE uncorrupted........PASSED
INFO:worker_log:Completed executor task 376
INFO:worker_log:All processing finished for executor task 376
INFO:worker_log:Received executor task 389
[11:49:01] WARNING: Omitted undefined stereo

INFO:root:    Q: concern_mol-->returned_mol NRE uncorrupted........PASSED
INFO:worker_log:Completed executor task 377
INFO:worker_log:All processing finished for executor task 377
INFO:worker_log:Received executor task 390
INFO:root:    Q: concern_mol-->returned_mol NRE uncorrupted........PASSED
INFO:worker_log:Completed executor task 373
INFO:worker_log:All processing finished for executor task 373
INFO:worker_log:Received executor task 391
INFO:root:    Q: concern_mol-->returned_mol NRE uncorrupted........PASSED
INFO:worker_log:Completed executor task 375
INFO:worker_log:All processing finished for executor task 375
INFO:worker_log:Received executor task 392
INFO:root:    Q: concern_mol-->returned_mol NRE uncorrupted........PASSED
INFO:worker_log:Completed executor task 379
INFO:worker_log:All processing finished for executor task 379
INFO:worker_log:Received executor task 393
INFO:root:    Q: concern_mol-->returned_mol NRE uncorrupted........PASSED
INFO:worker_log:Completed executor task 378
INFO:worker_log:All processing finished for executor task 378
INFO:worker_log:Received executor task 394
[11:49:10] WARNING: Omitted undefined stereo

INFO:root:    Q: concern_mol-->returned_mol NRE uncorrupted........PASSED
INFO:worker_log:Completed executor task 372
INFO:worker_log:All processing finished for executor task 372
INFO:worker_log:Received executor task 395
INFO:root:    Q: concern_mol-->returned_mol NRE uncorrupted........PASSED
INFO:worker_log:Completed executor task 386
INFO:worker_log:All processing finished for executor task 386
INFO:worker_log:Received executor task 396
INFO:root:    Q: concern_mol-->returned_mol NRE uncorrupted........PASSED
INFO:worker_log:Completed executor task 382
INFO:worker_log:All processing finished for executor task 382
INFO:worker_log:Received executor task 397
[11:49:12] WARNING: Omitted undefined stereo

INFO:root:    Q: concern_mol-->returned_mol NRE uncorrupted........PASSED
INFO:worker_log:Completed executor task 383
INFO:worker_log:All processing finished for executor task 383
INFO:worker_log:Received executor task 398
INFO:root:    Q: concern_mol-->returned_mol NRE uncorrupted........PASSED
INFO:worker_log:Completed executor task 384
INFO:worker_log:All processing finished for executor task 384
INFO:worker_log:Received executor task 399
INFO:root:    Q: concern_mol-->returned_mol NRE uncorrupted........PASSED
INFO:worker_log:Completed executor task 381
INFO:worker_log:All processing finished for executor task 381
INFO:worker_log:Received executor task 400
INFO:root:    Q: concern_mol-->returned_mol NRE uncorrupted........PASSED
INFO:worker_log:Completed executor task 391
INFO:worker_log:All processing finished for executor task 391
INFO:worker_log:Received executor task 401
INFO:root:    Q: concern_mol-->returned_mol NRE uncorrupted........PASSED
INFO:worker_log:Completed executor task 385
INFO:worker_log:All processing finished for executor task 385
INFO:worker_log:Received executor task 402
INFO:root:    Q: concern_mol-->returned_mol NRE uncorrupted........PASSED
INFO:worker_log:Completed executor task 380
INFO:worker_log:All processing finished for executor task 380
INFO:worker_log:Received executor task 403
INFO:root:    Q: concern_mol-->returned_mol NRE uncorrupted........PASSED
INFO:worker_log:Completed executor task 389
INFO:worker_log:All processing finished for executor task 389
INFO:worker_log:Received executor task 404
INFO:root:    Q: concern_mol-->returned_mol NRE uncorrupted........PASSED
INFO:worker_log:Completed executor task 392
INFO:worker_log:All processing finished for executor task 392
INFO:worker_log:Received executor task 405
[11:49:39] WARNING: Omitted undefined stereo

INFO:root:    Q: concern_mol-->returned_mol NRE uncorrupted........PASSED
INFO:worker_log:Completed executor task 396
INFO:worker_log:All processing finished for executor task 396
INFO:worker_log:Received executor task 406
INFO:root:    Q: concern_mol-->returned_mol NRE uncorrupted........PASSED
INFO:worker_log:Completed executor task 395
INFO:worker_log:All processing finished for executor task 395
INFO:worker_log:Received executor task 407
INFO:root:    Q: concern_mol-->returned_mol NRE uncorrupted........PASSED
INFO:worker_log:Completed executor task 393
INFO:worker_log:All processing finished for executor task 393
INFO:worker_log:Received executor task 408
INFO:root:    Q: concern_mol-->returned_mol NRE uncorrupted........PASSED
INFO:worker_log:Completed executor task 394
INFO:worker_log:All processing finished for executor task 394
INFO:worker_log:Received executor task 409
INFO:root:    Q: concern_mol-->returned_mol NRE uncorrupted........PASSED
INFO:worker_log:Completed executor task 398
INFO:worker_log:All processing finished for executor task 398
INFO:worker_log:Received executor task 410
INFO:root:    Q: concern_mol-->returned_mol NRE uncorrupted........PASSED
INFO:worker_log:Completed executor task 403
INFO:worker_log:All processing finished for executor task 403
INFO:worker_log:Received executor task 411
[11:49:58] WARNING: Omitted undefined stereo

INFO:root:    Q: concern_mol-->returned_mol NRE uncorrupted........PASSED
INFO:worker_log:Completed executor task 387
INFO:worker_log:All processing finished for executor task 387
INFO:worker_log:Received executor task 412
INFO:root:    Q: concern_mol-->returned_mol NRE uncorrupted........PASSED
INFO:worker_log:Completed executor task 399
INFO:worker_log:All processing finished for executor task 399
INFO:worker_log:Received executor task 413
INFO:root:    Q: concern_mol-->returned_mol NRE uncorrupted........PASSED
INFO:worker_log:Completed executor task 401
INFO:worker_log:All processing finished for executor task 401
INFO:worker_log:Received executor task 414
INFO:root:    Q: concern_mol-->returned_mol NRE uncorrupted........PASSED
INFO:worker_log:Completed executor task 397
INFO:worker_log:All processing finished for executor task 397
INFO:worker_log:Received executor task 415
INFO:root:    Q: concern_mol-->returned_mol NRE uncorrupted........PASSED
INFO:worker_log:Completed executor task 409
INFO:worker_log:All processing finished for executor task 409
INFO:worker_log:Received executor task 416
INFO:root:    Q: concern_mol-->returned_mol NRE uncorrupted........PASSED
INFO:worker_log:Completed executor task 412
INFO:worker_log:All processing finished for executor task 412
INFO:worker_log:Received executor task 417
INFO:root:    Q: concern_mol-->returned_mol NRE uncorrupted........PASSED
INFO:worker_log:Completed executor task 414
INFO:worker_log:All processing finished for executor task 414
INFO:worker_log:Received executor task 418
INFO:root:    Q: concern_mol-->returned_mol NRE uncorrupted........PASSED
INFO:worker_log:Completed executor task 406
INFO:worker_log:All processing finished for executor task 406
INFO:worker_log:Received executor task 419
[11:50:16] WARNING: Omitted undefined stereo

INFO:root:    Q: concern_mol-->returned_mol NRE uncorrupted........PASSED
INFO:worker_log:Completed executor task 407
INFO:worker_log:All processing finished for executor task 407
INFO:worker_log:Received executor task 420
[11:50:17] WARNING: Omitted undefined stereo

INFO:root:    Q: concern_mol-->returned_mol NRE uncorrupted........PASSED
INFO:worker_log:Completed executor task 415
INFO:worker_log:All processing finished for executor task 415
INFO:worker_log:Received executor task 421
INFO:root:    Q: concern_mol-->returned_mol NRE uncorrupted........PASSED
INFO:worker_log:Completed executor task 388
INFO:worker_log:All processing finished for executor task 388
INFO:worker_log:Received executor task 422
INFO:root:    Q: concern_mol-->returned_mol NRE uncorrupted........PASSED
INFO:worker_log:Completed executor task 411
INFO:worker_log:All processing finished for executor task 411
INFO:worker_log:Received executor task 423
INFO:root:    Q: concern_mol-->returned_mol NRE uncorrupted........PASSED
INFO:worker_log:Completed executor task 413
INFO:worker_log:All processing finished for executor task 413
INFO:worker_log:Received executor task 424
INFO:root:    Q: concern_mol-->returned_mol NRE uncorrupted........PASSED
INFO:worker_log:Completed executor task 416
INFO:worker_log:All processing finished for executor task 416
INFO:worker_log:Received executor task 425
INFO:root:    Q: concern_mol-->returned_mol NRE uncorrupted........PASSED
INFO:worker_log:Completed executor task 417
INFO:worker_log:All processing finished for executor task 417
INFO:worker_log:Received executor task 426
INFO:root:    Q: concern_mol-->returned_mol NRE uncorrupted........PASSED
INFO:worker_log:Completed executor task 408
INFO:worker_log:All processing finished for executor task 408
INFO:worker_log:Received executor task 427
INFO:root:    Q: concern_mol-->returned_mol NRE uncorrupted........PASSED
INFO:worker_log:Completed executor task 390
INFO:worker_log:All processing finished for executor task 390
INFO:worker_log:Received executor task 428
INFO:root:    Q: concern_mol-->returned_mol NRE uncorrupted........PASSED
INFO:worker_log:Completed executor task 418
INFO:worker_log:All processing finished for executor task 418
INFO:worker_log:Received executor task 429
INFO:root:    Q: concern_mol-->returned_mol NRE uncorrupted........PASSED
INFO:worker_log:Completed executor task 424
INFO:worker_log:All processing finished for executor task 424
INFO:worker_log:Received executor task 430
INFO:root:    Q: concern_mol-->returned_mol NRE uncorrupted........PASSED
INFO:worker_log:Completed executor task 425
INFO:worker_log:All processing finished for executor task 425
INFO:worker_log:Received executor task 431
INFO:root:    Q: concern_mol-->returned_mol NRE uncorrupted........PASSED
INFO:worker_log:Completed executor task 402
INFO:worker_log:All processing finished for executor task 402
INFO:worker_log:Received executor task 432
INFO:root:    Q: concern_mol-->returned_mol NRE uncorrupted........PASSED
INFO:worker_log:Completed executor task 420
INFO:worker_log:All processing finished for executor task 420
INFO:worker_log:Received executor task 433
INFO:root:    Q: concern_mol-->returned_mol NRE uncorrupted........PASSED
INFO:worker_log:Completed executor task 404
INFO:worker_log:All processing finished for executor task 404
INFO:worker_log:Received executor task 434
INFO:root:    Q: concern_mol-->returned_mol NRE uncorrupted........PASSED
INFO:worker_log:Completed executor task 410
INFO:worker_log:All processing finished for executor task 410
INFO:worker_log:Received executor task 435
INFO:root:    Q: concern_mol-->returned_mol NRE uncorrupted........PASSED
INFO:worker_log:Completed executor task 423
INFO:worker_log:All processing finished for executor task 423
INFO:worker_log:Received executor task 436
INFO:root:    Q: concern_mol-->returned_mol NRE uncorrupted........PASSED
INFO:worker_log:Completed executor task 419
INFO:worker_log:All processing finished for executor task 419
INFO:worker_log:Received executor task 437
INFO:root:    Q: concern_mol-->returned_mol NRE uncorrupted........PASSED
INFO:worker_log:Completed executor task 421
INFO:worker_log:All processing finished for executor task 421
INFO:worker_log:Received executor task 438
INFO:root:    Q: concern_mol-->returned_mol NRE uncorrupted........PASSED
INFO:worker_log:Completed executor task 426
INFO:worker_log:All processing finished for executor task 426
INFO:worker_log:Received executor task 439
[11:51:00] WARNING: Omitted undefined stereo

INFO:root:    Q: concern_mol-->returned_mol NRE uncorrupted........PASSED
INFO:worker_log:Completed executor task 422
INFO:worker_log:All processing finished for executor task 422
INFO:worker_log:Received executor task 440
INFO:root:    Q: concern_mol-->returned_mol NRE uncorrupted........PASSED
INFO:worker_log:Completed executor task 427
INFO:worker_log:All processing finished for executor task 427
INFO:worker_log:Received executor task 441
INFO:root:    Q: concern_mol-->returned_mol NRE uncorrupted........PASSED
INFO:worker_log:Completed executor task 429
INFO:worker_log:All processing finished for executor task 429
INFO:worker_log:Received executor task 442
INFO:root:    Q: concern_mol-->returned_mol NRE uncorrupted........PASSED
INFO:worker_log:Completed executor task 430
INFO:worker_log:All processing finished for executor task 430
INFO:worker_log:Received executor task 443
INFO:root:    Q: concern_mol-->returned_mol NRE uncorrupted........PASSED
INFO:worker_log:Completed executor task 400
INFO:worker_log:All processing finished for executor task 400
INFO:worker_log:Received executor task 444
INFO:root:    Q: concern_mol-->returned_mol NRE uncorrupted........PASSED
INFO:worker_log:Completed executor task 405
INFO:worker_log:All processing finished for executor task 405
INFO:worker_log:Received executor task 445
INFO:root:    Q: concern_mol-->returned_mol NRE uncorrupted........PASSED
INFO:worker_log:Completed executor task 428
INFO:worker_log:All processing finished for executor task 428
INFO:worker_log:Received executor task 446
INFO:root:    Q: concern_mol-->returned_mol NRE uncorrupted........PASSED
INFO:worker_log:Completed executor task 435
INFO:worker_log:All processing finished for executor task 435
INFO:worker_log:Received executor task 447
INFO:root:    Q: concern_mol-->returned_mol NRE uncorrupted........PASSED
INFO:worker_log:Completed executor task 437
INFO:worker_log:All processing finished for executor task 437
INFO:worker_log:Received executor task 448
INFO:root:    Q: concern_mol-->returned_mol NRE uncorrupted........PASSED
INFO:worker_log:Completed executor task 436
INFO:worker_log:All processing finished for executor task 436
INFO:worker_log:Received executor task 449
INFO:root:    Q: concern_mol-->returned_mol NRE uncorrupted........PASSED
INFO:worker_log:Completed executor task 432
INFO:worker_log:All processing finished for executor task 432
INFO:worker_log:Received executor task 450
INFO:root:    Q: concern_mol-->returned_mol NRE uncorrupted........PASSED
INFO:worker_log:Completed executor task 433
INFO:worker_log:All processing finished for executor task 433
INFO:worker_log:Received executor task 451
INFO:root:    Q: concern_mol-->returned_mol NRE uncorrupted........PASSED
INFO:worker_log:Completed executor task 434
INFO:worker_log:All processing finished for executor task 434
INFO:worker_log:Received executor task 452
INFO:root:    Q: concern_mol-->returned_mol NRE uncorrupted........PASSED
INFO:worker_log:Completed executor task 445
INFO:worker_log:All processing finished for executor task 445
INFO:worker_log:Received executor task 453
INFO:root:    Q: concern_mol-->returned_mol NRE uncorrupted........PASSED
INFO:worker_log:Completed executor task 440
INFO:worker_log:All processing finished for executor task 440
INFO:worker_log:Received executor task 454
INFO:root:    Q: concern_mol-->returned_mol NRE uncorrupted........PASSED
INFO:worker_log:Completed executor task 441
INFO:worker_log:All processing finished for executor task 441
INFO:worker_log:Received executor task 455
INFO:root:    Q: concern_mol-->returned_mol NRE uncorrupted........PASSED
INFO:worker_log:Completed executor task 438
INFO:worker_log:All processing finished for executor task 438
INFO:worker_log:Received executor task 456
INFO:root:    Q: concern_mol-->returned_mol NRE uncorrupted........PASSED
INFO:worker_log:Completed executor task 449
INFO:worker_log:All processing finished for executor task 449
INFO:worker_log:Received executor task 457
INFO:root:    Q: concern_mol-->returned_mol NRE uncorrupted........PASSED
INFO:worker_log:Completed executor task 439
INFO:worker_log:All processing finished for executor task 439
INFO:worker_log:Received executor task 458
INFO:root:    Q: concern_mol-->returned_mol NRE uncorrupted........PASSED
INFO:worker_log:Completed executor task 446
INFO:worker_log:All processing finished for executor task 446
INFO:worker_log:Received executor task 459
INFO:root:    Q: concern_mol-->returned_mol NRE uncorrupted........PASSED
INFO:worker_log:Completed executor task 447
INFO:worker_log:All processing finished for executor task 447
INFO:worker_log:Received executor task 460
[11:51:37] WARNING: Omitted undefined stereo

INFO:root:    Q: concern_mol-->returned_mol NRE uncorrupted........PASSED
INFO:worker_log:Completed executor task 431
INFO:worker_log:All processing finished for executor task 431
INFO:worker_log:Received executor task 461
INFO:root:    Q: concern_mol-->returned_mol NRE uncorrupted........PASSED
INFO:worker_log:Completed executor task 451
INFO:worker_log:All processing finished for executor task 451
INFO:worker_log:Received executor task 462
INFO:root:    Q: concern_mol-->returned_mol NRE uncorrupted........PASSED
INFO:worker_log:Completed executor task 448
INFO:worker_log:All processing finished for executor task 448
INFO:worker_log:Received executor task 463
INFO:root:    Q: concern_mol-->returned_mol NRE uncorrupted........PASSED
INFO:worker_log:Completed executor task 444
INFO:worker_log:All processing finished for executor task 444
INFO:worker_log:Received executor task 464
INFO:root:    Q: concern_mol-->returned_mol NRE uncorrupted........PASSED
INFO:worker_log:Completed executor task 454
INFO:worker_log:All processing finished for executor task 454
INFO:worker_log:Received executor task 465
INFO:root:    Q: concern_mol-->returned_mol NRE uncorrupted........PASSED
INFO:worker_log:Completed executor task 443
INFO:worker_log:All processing finished for executor task 443
INFO:worker_log:Received executor task 466
[11:51:51] WARNING: Omitted undefined stereo

INFO:root:    Q: concern_mol-->returned_mol NRE uncorrupted........PASSED
INFO:worker_log:Completed executor task 456
INFO:worker_log:All processing finished for executor task 456
INFO:root:    Q: concern_mol-->returned_mol NRE uncorrupted........PASSED
INFO:worker_log:Received executor task 467
INFO:worker_log:Completed executor task 450
INFO:worker_log:All processing finished for executor task 450
INFO:worker_log:Received executor task 468
[11:51:53] WARNING: Omitted undefined stereo

INFO:root:    Q: concern_mol-->returned_mol NRE uncorrupted........PASSED
INFO:worker_log:Completed executor task 461
INFO:worker_log:All processing finished for executor task 461
INFO:worker_log:Received executor task 469
[11:51:54] WARNING: Omitted undefined stereo

INFO:root:    Q: concern_mol-->returned_mol NRE uncorrupted........PASSED
INFO:worker_log:Completed executor task 457
INFO:worker_log:All processing finished for executor task 457
INFO:worker_log:Received executor task 470
INFO:root:    Q: concern_mol-->returned_mol NRE uncorrupted........PASSED
INFO:worker_log:Completed executor task 453
INFO:worker_log:All processing finished for executor task 453
INFO:worker_log:Received executor task 471
[11:52:03] WARNING: Omitted undefined stereo

INFO:root:    Q: concern_mol-->returned_mol NRE uncorrupted........PASSED
INFO:worker_log:Completed executor task 442
INFO:worker_log:All processing finished for executor task 442
INFO:worker_log:Received executor task 472
[11:52:04] WARNING: Omitted undefined stereo

INFO:root:    Q: concern_mol-->returned_mol NRE uncorrupted........PASSED
INFO:worker_log:Completed executor task 460
INFO:worker_log:All processing finished for executor task 460
INFO:worker_log:Received executor task 473
INFO:root:    Q: concern_mol-->returned_mol NRE uncorrupted........PASSED
INFO:worker_log:Completed executor task 459
INFO:worker_log:All processing finished for executor task 459
INFO:worker_log:Received executor task 474
[11:52:06] WARNING: Omitted undefined stereo

[11:52:06] WARNING: Omitted undefined stereo

INFO:root:    Q: concern_mol-->returned_mol NRE uncorrupted........PASSED
INFO:worker_log:Completed executor task 458
INFO:worker_log:All processing finished for executor task 458
INFO:worker_log:Received executor task 475
[11:52:07] WARNING: Omitted undefined stereo

INFO:root:    Q: concern_mol-->returned_mol NRE uncorrupted........PASSED
INFO:worker_log:Completed executor task 467
INFO:worker_log:All processing finished for executor task 467
INFO:worker_log:Received executor task 476
INFO:root:    Q: concern_mol-->returned_mol NRE uncorrupted........PASSED
INFO:worker_log:Completed executor task 452
INFO:worker_log:All processing finished for executor task 452
INFO:worker_log:Received executor task 477
[11:52:13] WARNING: Omitted undefined stereo

INFO:root:    Q: concern_mol-->returned_mol NRE uncorrupted........PASSED
INFO:worker_log:Completed executor task 463
INFO:worker_log:All processing finished for executor task 463
INFO:worker_log:Received executor task 478
[11:52:20] WARNING: Omitted undefined stereo

INFO:root:    Q: concern_mol-->returned_mol NRE uncorrupted........PASSED
INFO:worker_log:Completed executor task 464
INFO:worker_log:All processing finished for executor task 464
INFO:worker_log:Received executor task 479
INFO:root:    Q: concern_mol-->returned_mol NRE uncorrupted........PASSED
INFO:worker_log:Completed executor task 469
INFO:worker_log:All processing finished for executor task 469
INFO:worker_log:Received executor task 480
INFO:root:    Q: concern_mol-->returned_mol NRE uncorrupted........PASSED
INFO:worker_log:Completed executor task 465
INFO:worker_log:All processing finished for executor task 465
INFO:worker_log:Received executor task 481
[11:52:26] WARNING: Omitted undefined stereo

INFO:root:    Q: concern_mol-->returned_mol NRE uncorrupted........PASSED
INFO:worker_log:Completed executor task 466
INFO:worker_log:All processing finished for executor task 466
INFO:worker_log:Received executor task 482
[11:52:27] WARNING: Omitted undefined stereo

INFO:root:    Q: concern_mol-->returned_mol NRE uncorrupted........PASSED
INFO:worker_log:Completed executor task 470
INFO:worker_log:All processing finished for executor task 470
INFO:worker_log:Received executor task 483
[11:52:30] WARNING: Omitted undefined stereo

INFO:root:    Q: concern_mol-->returned_mol NRE uncorrupted........PASSED
INFO:worker_log:Completed executor task 471
INFO:worker_log:All processing finished for executor task 471
INFO:worker_log:Received executor task 484
INFO:root:    Q: concern_mol-->returned_mol NRE uncorrupted........PASSED
INFO:worker_log:Completed executor task 462
INFO:worker_log:All processing finished for executor task 462
INFO:worker_log:Received executor task 485
INFO:root:    Q: concern_mol-->returned_mol NRE uncorrupted........PASSED
INFO:worker_log:Completed executor task 476
INFO:worker_log:All processing finished for executor task 476
INFO:worker_log:Received executor task 486
[11:52:37] WARNING: Omitted undefined stereo

INFO:root:    Q: concern_mol-->returned_mol NRE uncorrupted........PASSED
INFO:worker_log:Completed executor task 477
INFO:worker_log:All processing finished for executor task 477
INFO:worker_log:Received executor task 487
[11:52:41] WARNING: Omitted undefined stereo

INFO:root:    Q: concern_mol-->returned_mol NRE uncorrupted........PASSED
INFO:worker_log:Completed executor task 474
INFO:worker_log:All processing finished for executor task 474
INFO:worker_log:Received executor task 488
[11:52:41] WARNING: Omitted undefined stereo

INFO:root:    Q: concern_mol-->returned_mol NRE uncorrupted........PASSED
INFO:worker_log:Completed executor task 455
INFO:worker_log:All processing finished for executor task 455
INFO:worker_log:Received executor task 489
[11:52:44] WARNING: Omitted undefined stereo

INFO:root:    Q: concern_mol-->returned_mol NRE uncorrupted........PASSED
INFO:worker_log:Completed executor task 478
INFO:worker_log:All processing finished for executor task 478
INFO:worker_log:Received executor task 490
INFO:root:    Q: concern_mol-->returned_mol NRE uncorrupted........PASSED
INFO:worker_log:Completed executor task 472
INFO:worker_log:All processing finished for executor task 472
INFO:worker_log:Received executor task 491
[11:52:48] WARNING: Omitted undefined stereo

INFO:root:    Q: concern_mol-->returned_mol NRE uncorrupted........PASSED
INFO:worker_log:Completed executor task 473
INFO:worker_log:All processing finished for executor task 473
INFO:worker_log:Received executor task 492
[11:52:48] WARNING: Omitted undefined stereo

INFO:root:    Q: concern_mol-->returned_mol NRE uncorrupted........PASSED
INFO:worker_log:Completed executor task 481
INFO:worker_log:All processing finished for executor task 481
INFO:worker_log:Received executor task 493
INFO:root:    Q: concern_mol-->returned_mol NRE uncorrupted........PASSED
INFO:worker_log:Completed executor task 468
INFO:worker_log:All processing finished for executor task 468
INFO:worker_log:Received executor task 494
[11:52:50] WARNING: Omitted undefined stereo

[11:52:50] WARNING: Omitted undefined stereo

INFO:root:    Q: concern_mol-->returned_mol NRE uncorrupted........PASSED
INFO:worker_log:Completed executor task 475
INFO:worker_log:All processing finished for executor task 475
INFO:worker_log:Received executor task 495
[11:52:53] WARNING: Omitted undefined stereo

INFO:root:    Q: concern_mol-->returned_mol NRE uncorrupted........PASSED
INFO:worker_log:Completed executor task 483
INFO:worker_log:All processing finished for executor task 483
INFO:worker_log:Received executor task 496
INFO:root:    Q: concern_mol-->returned_mol NRE uncorrupted........PASSED
INFO:worker_log:Completed executor task 480
INFO:worker_log:All processing finished for executor task 480
INFO:worker_log:Received executor task 497
INFO:root:    Q: concern_mol-->returned_mol NRE uncorrupted........PASSED
INFO:worker_log:Completed executor task 490
INFO:worker_log:All processing finished for executor task 490
INFO:worker_log:Received executor task 498
[11:53:01] WARNING: Omitted undefined stereo

INFO:root:    Q: concern_mol-->returned_mol NRE uncorrupted........PASSED
INFO:worker_log:Completed executor task 484
INFO:worker_log:All processing finished for executor task 484
INFO:worker_log:Received executor task 499
[11:53:02] WARNING: Omitted undefined stereo

INFO:root:    Q: concern_mol-->returned_mol NRE uncorrupted........PASSED
INFO:worker_log:Completed executor task 486
INFO:worker_log:All processing finished for executor task 486
INFO:worker_log:Received executor task 500
INFO:root:    Q: concern_mol-->returned_mol NRE uncorrupted........PASSED
INFO:worker_log:Completed executor task 479
INFO:worker_log:All processing finished for executor task 479
INFO:root:    Q: concern_mol-->returned_mol NRE uncorrupted........PASSED
INFO:worker_log:Completed executor task 491
INFO:worker_log:All processing finished for executor task 491
INFO:root:    Q: concern_mol-->returned_mol NRE uncorrupted........PASSED
INFO:worker_log:Completed executor task 487
INFO:worker_log:All processing finished for executor task 487
INFO:root:    Q: concern_mol-->returned_mol NRE uncorrupted........PASSED
INFO:worker_log:Completed executor task 482
INFO:worker_log:All processing finished for executor task 482
/mnt/media/MDStream/WLGenerator/local/runinfo/004/submit_scripts/parsl.localprovider.1688747660.8121078.sh: line 10:  2868 Killed                  process_worker_pool.py -a 192.168.1.2,128.110.96.17,node-1.jliu1721-161156.lsucloud-pg0.apt.emulab.net,127.0.0.1 -p 0 -c 1.0 -m None --poll 10 --task_port=54975 --result_port=54956 --logdir=/mnt/media/MDStream/WLGenerator/local/runinfo/004/HighThroughputExecutor --block_id=0 --hb_period=30 --hb_threshold=120 --cpu-affinity none --available-accelerators --start-method fork
