2023-07-07 11:59:59.622 parsl:692 7326 MainThread [INFO]  Python version: 3.9.17 (main, Jul  5 2023, 20:41:20) 
[GCC 11.2.0]
2023-07-07 11:59:59.622 parsl:693 7326 MainThread [INFO]  Debug logging: False
2023-07-07 11:59:59.622 parsl:694 7326 MainThread [INFO]  Log dir: /mnt/media/MDStream/WLGenerator/local/runinfo/005/HighThroughputExecutor
2023-07-07 11:59:59.622 parsl:695 7326 MainThread [INFO]  Manager ID: 2b9866e51d8a
2023-07-07 11:59:59.622 parsl:696 7326 MainThread [INFO]  Block ID: 0
2023-07-07 11:59:59.623 parsl:697 7326 MainThread [INFO]  cores_per_worker: 1.0
2023-07-07 11:59:59.623 parsl:698 7326 MainThread [INFO]  mem_per_worker: None
2023-07-07 11:59:59.623 parsl:699 7326 MainThread [INFO]  task_port: 54225
2023-07-07 11:59:59.623 parsl:700 7326 MainThread [INFO]  result_port: 54750
2023-07-07 11:59:59.623 parsl:701 7326 MainThread [INFO]  addresses: 192.168.1.6,128.110.96.16,node-5.jliu1721-161156.lsucloud-pg0.apt.emulab.net,127.0.0.1
2023-07-07 11:59:59.623 parsl:702 7326 MainThread [INFO]  max_workers: inf
2023-07-07 11:59:59.623 parsl:703 7326 MainThread [INFO]  poll_period: 10
2023-07-07 11:59:59.623 parsl:704 7326 MainThread [INFO]  address_probe_timeout: 30
2023-07-07 11:59:59.623 parsl:705 7326 MainThread [INFO]  Prefetch capacity: 0
2023-07-07 11:59:59.623 parsl:706 7326 MainThread [INFO]  Heartbeat threshold: 120
2023-07-07 11:59:59.623 parsl:707 7326 MainThread [INFO]  Heartbeat period: 30
2023-07-07 11:59:59.623 parsl:708 7326 MainThread [INFO]  CPU affinity: none
2023-07-07 11:59:59.623 parsl:709 7326 MainThread [INFO]  Accelerators: 
2023-07-07 11:59:59.623 parsl:710 7326 MainThread [INFO]  Start method: fork
2023-07-07 11:59:59.623 parsl:133 7326 MainThread [INFO]  Manager started
2023-07-07 11:59:59.625 parsl.executors.high_throughput.probe:47 7326 MainThread [INFO]  Connected to interchange on 192.168.1.6
2023-07-07 11:59:59.626 parsl:140 7326 MainThread [INFO]  Connection to Interchange successful on 192.168.1.6
2023-07-07 11:59:59.626 parsl:143 7326 MainThread [INFO]  Task url : tcp://192.168.1.6:54225
2023-07-07 11:59:59.626 parsl:144 7326 MainThread [INFO]  Result url : tcp://192.168.1.6:54750
2023-07-07 11:59:59.627 parsl:162 7326 MainThread [INFO]  Manager connected to interchange
2023-07-07 11:59:59.628 parsl:218 7326 MainThread [INFO]  Manager will spawn 16 workers
2023-07-07 11:59:59.662 parsl:258 7326 Task-Puller [INFO]  starting
2023-07-07 11:59:59.664 parsl:456 7326 MainThread [INFO]  Loop start
2023-07-07 12:00:29.669 parsl:354 7326 Result-Pusher [INFO]  Sending heartbeat via results connection: last_result_beat=1688749199.6633844 heartbeat_period=30 seconds
2023-07-07 12:00:59.670 parsl:354 7326 Result-Pusher [INFO]  Sending heartbeat via results connection: last_result_beat=1688749229.6695182 heartbeat_period=30 seconds
2023-07-07 12:01:29.671 parsl:354 7326 Result-Pusher [INFO]  Sending heartbeat via results connection: last_result_beat=1688749259.670216 heartbeat_period=30 seconds
2023-07-07 12:01:59.676 parsl:354 7326 Result-Pusher [INFO]  Sending heartbeat via results connection: last_result_beat=1688749289.6713195 heartbeat_period=30 seconds
2023-07-07 12:02:29.685 parsl:354 7326 Result-Pusher [INFO]  Sending heartbeat via results connection: last_result_beat=1688749319.6763322 heartbeat_period=30 seconds
2023-07-07 12:02:59.690 parsl:354 7326 Result-Pusher [INFO]  Sending heartbeat via results connection: last_result_beat=1688749349.68551 heartbeat_period=30 seconds
2023-07-07 12:03:29.698 parsl:354 7326 Result-Pusher [INFO]  Sending heartbeat via results connection: last_result_beat=1688749379.69094 heartbeat_period=30 seconds
2023-07-07 12:03:59.705 parsl:354 7326 Result-Pusher [INFO]  Sending heartbeat via results connection: last_result_beat=1688749409.6989906 heartbeat_period=30 seconds
2023-07-07 12:04:29.711 parsl:354 7326 Result-Pusher [INFO]  Sending heartbeat via results connection: last_result_beat=1688749439.7051263 heartbeat_period=30 seconds
2023-07-07 12:04:59.720 parsl:354 7326 Result-Pusher [INFO]  Sending heartbeat via results connection: last_result_beat=1688749469.711433 heartbeat_period=30 seconds
2023-07-07 12:05:29.724 parsl:354 7326 Result-Pusher [INFO]  Sending heartbeat via results connection: last_result_beat=1688749499.7204142 heartbeat_period=30 seconds
2023-07-07 12:05:59.734 parsl:354 7326 Result-Pusher [INFO]  Sending heartbeat via results connection: last_result_beat=1688749529.7250078 heartbeat_period=30 seconds
2023-07-07 12:06:29.739 parsl:354 7326 Result-Pusher [INFO]  Sending heartbeat via results connection: last_result_beat=1688749559.7344298 heartbeat_period=30 seconds
2023-07-07 12:06:59.740 parsl:354 7326 Result-Pusher [INFO]  Sending heartbeat via results connection: last_result_beat=1688749589.7398417 heartbeat_period=30 seconds
2023-07-07 12:07:29.743 parsl:354 7326 Result-Pusher [INFO]  Sending heartbeat via results connection: last_result_beat=1688749619.7410622 heartbeat_period=30 seconds
2023-07-07 12:07:59.753 parsl:354 7326 Result-Pusher [INFO]  Sending heartbeat via results connection: last_result_beat=1688749649.7436478 heartbeat_period=30 seconds
2023-07-07 12:08:29.762 parsl:354 7326 Result-Pusher [INFO]  Sending heartbeat via results connection: last_result_beat=1688749679.7535725 heartbeat_period=30 seconds
2023-07-07 12:08:59.770 parsl:354 7326 Result-Pusher [INFO]  Sending heartbeat via results connection: last_result_beat=1688749709.76297 heartbeat_period=30 seconds
2023-07-07 12:09:29.773 parsl:354 7326 Result-Pusher [INFO]  Sending heartbeat via results connection: last_result_beat=1688749739.7707026 heartbeat_period=30 seconds
2023-07-07 12:09:59.773 parsl:354 7326 Result-Pusher [INFO]  Sending heartbeat via results connection: last_result_beat=1688749769.7734597 heartbeat_period=30 seconds
2023-07-07 12:10:29.780 parsl:354 7326 Result-Pusher [INFO]  Sending heartbeat via results connection: last_result_beat=1688749799.7737076 heartbeat_period=30 seconds
2023-07-07 12:10:59.787 parsl:354 7326 Result-Pusher [INFO]  Sending heartbeat via results connection: last_result_beat=1688749829.780146 heartbeat_period=30 seconds
2023-07-07 12:11:29.797 parsl:354 7326 Result-Pusher [INFO]  Sending heartbeat via results connection: last_result_beat=1688749859.7878792 heartbeat_period=30 seconds
2023-07-07 12:11:59.805 parsl:354 7326 Result-Pusher [INFO]  Sending heartbeat via results connection: last_result_beat=1688749889.7979672 heartbeat_period=30 seconds
2023-07-07 12:12:29.813 parsl:354 7326 Result-Pusher [INFO]  Sending heartbeat via results connection: last_result_beat=1688749919.8057334 heartbeat_period=30 seconds
2023-07-07 12:12:59.814 parsl:354 7326 Result-Pusher [INFO]  Sending heartbeat via results connection: last_result_beat=1688749949.8140438 heartbeat_period=30 seconds
2023-07-07 12:13:29.822 parsl:354 7326 Result-Pusher [INFO]  Sending heartbeat via results connection: last_result_beat=1688749979.814354 heartbeat_period=30 seconds
2023-07-07 12:13:59.831 parsl:354 7326 Result-Pusher [INFO]  Sending heartbeat via results connection: last_result_beat=1688750009.8223057 heartbeat_period=30 seconds
2023-07-07 12:14:29.833 parsl:354 7326 Result-Pusher [INFO]  Sending heartbeat via results connection: last_result_beat=1688750039.8311915 heartbeat_period=30 seconds
2023-07-07 12:14:59.838 parsl:354 7326 Result-Pusher [INFO]  Sending heartbeat via results connection: last_result_beat=1688750069.8333046 heartbeat_period=30 seconds
2023-07-07 12:15:29.842 parsl:354 7326 Result-Pusher [INFO]  Sending heartbeat via results connection: last_result_beat=1688750099.8383024 heartbeat_period=30 seconds
2023-07-07 12:15:59.847 parsl:354 7326 Result-Pusher [INFO]  Sending heartbeat via results connection: last_result_beat=1688750129.8421586 heartbeat_period=30 seconds
2023-07-07 12:16:29.857 parsl:354 7326 Result-Pusher [INFO]  Sending heartbeat via results connection: last_result_beat=1688750159.8480175 heartbeat_period=30 seconds
2023-07-07 12:16:59.862 parsl:354 7326 Result-Pusher [INFO]  Sending heartbeat via results connection: last_result_beat=1688750189.858166 heartbeat_period=30 seconds
2023-07-07 12:17:29.864 parsl:354 7326 Result-Pusher [INFO]  Sending heartbeat via results connection: last_result_beat=1688750219.862607 heartbeat_period=30 seconds
2023-07-07 12:17:59.873 parsl:354 7326 Result-Pusher [INFO]  Sending heartbeat via results connection: last_result_beat=1688750249.8642895 heartbeat_period=30 seconds
2023-07-07 12:18:29.882 parsl:354 7326 Result-Pusher [INFO]  Sending heartbeat via results connection: last_result_beat=1688750279.8737724 heartbeat_period=30 seconds
2023-07-07 12:18:59.892 parsl:354 7326 Result-Pusher [INFO]  Sending heartbeat via results connection: last_result_beat=1688750309.8828385 heartbeat_period=30 seconds
2023-07-07 12:19:29.901 parsl:354 7326 Result-Pusher [INFO]  Sending heartbeat via results connection: last_result_beat=1688750339.892219 heartbeat_period=30 seconds
2023-07-07 12:19:59.906 parsl:354 7326 Result-Pusher [INFO]  Sending heartbeat via results connection: last_result_beat=1688750369.9012728 heartbeat_period=30 seconds
2023-07-07 12:20:29.913 parsl:354 7326 Result-Pusher [INFO]  Sending heartbeat via results connection: last_result_beat=1688750399.9069073 heartbeat_period=30 seconds
2023-07-07 12:20:59.923 parsl:354 7326 Result-Pusher [INFO]  Sending heartbeat via results connection: last_result_beat=1688750429.913555 heartbeat_period=30 seconds
2023-07-07 12:21:29.932 parsl:354 7326 Result-Pusher [INFO]  Sending heartbeat via results connection: last_result_beat=1688750459.923376 heartbeat_period=30 seconds
2023-07-07 12:21:59.933 parsl:354 7326 Result-Pusher [INFO]  Sending heartbeat via results connection: last_result_beat=1688750489.9330404 heartbeat_period=30 seconds
2023-07-07 12:22:29.936 parsl:354 7326 Result-Pusher [INFO]  Sending heartbeat via results connection: last_result_beat=1688750519.9332206 heartbeat_period=30 seconds
2023-07-07 12:22:59.942 parsl:354 7326 Result-Pusher [INFO]  Sending heartbeat via results connection: last_result_beat=1688750549.936357 heartbeat_period=30 seconds
2023-07-07 12:23:29.943 parsl:354 7326 Result-Pusher [INFO]  Sending heartbeat via results connection: last_result_beat=1688750579.9424765 heartbeat_period=30 seconds
2023-07-07 12:23:59.953 parsl:354 7326 Result-Pusher [INFO]  Sending heartbeat via results connection: last_result_beat=1688750609.943778 heartbeat_period=30 seconds
2023-07-07 12:24:29.955 parsl:354 7326 Result-Pusher [INFO]  Sending heartbeat via results connection: last_result_beat=1688750639.9537957 heartbeat_period=30 seconds
2023-07-07 12:24:59.961 parsl:354 7326 Result-Pusher [INFO]  Sending heartbeat via results connection: last_result_beat=1688750669.9554594 heartbeat_period=30 seconds
2023-07-07 12:25:29.971 parsl:354 7326 Result-Pusher [INFO]  Sending heartbeat via results connection: last_result_beat=1688750699.9613194 heartbeat_period=30 seconds
2023-07-07 12:25:59.973 parsl:354 7326 Result-Pusher [INFO]  Sending heartbeat via results connection: last_result_beat=1688750729.9715555 heartbeat_period=30 seconds
2023-07-07 12:26:29.976 parsl:354 7326 Result-Pusher [INFO]  Sending heartbeat via results connection: last_result_beat=1688750759.9732623 heartbeat_period=30 seconds
2023-07-07 12:26:59.979 parsl:354 7326 Result-Pusher [INFO]  Sending heartbeat via results connection: last_result_beat=1688750789.9762301 heartbeat_period=30 seconds
2023-07-07 12:27:29.984 parsl:354 7326 Result-Pusher [INFO]  Sending heartbeat via results connection: last_result_beat=1688750819.979874 heartbeat_period=30 seconds
2023-07-07 12:27:59.988 parsl:354 7326 Result-Pusher [INFO]  Sending heartbeat via results connection: last_result_beat=1688750849.9847767 heartbeat_period=30 seconds
2023-07-07 12:28:29.990 parsl:354 7326 Result-Pusher [INFO]  Sending heartbeat via results connection: last_result_beat=1688750879.9884331 heartbeat_period=30 seconds
2023-07-07 12:28:59.995 parsl:354 7326 Result-Pusher [INFO]  Sending heartbeat via results connection: last_result_beat=1688750909.9904366 heartbeat_period=30 seconds
2023-07-07 12:29:29.997 parsl:354 7326 Result-Pusher [INFO]  Sending heartbeat via results connection: last_result_beat=1688750939.995712 heartbeat_period=30 seconds
2023-07-07 12:30:00.000 parsl:354 7326 Result-Pusher [INFO]  Sending heartbeat via results connection: last_result_beat=1688750969.9972804 heartbeat_period=30 seconds
2023-07-07 12:30:30.000 parsl:354 7326 Result-Pusher [INFO]  Sending heartbeat via results connection: last_result_beat=1688751000.0003922 heartbeat_period=30 seconds
2023-07-07 12:31:00.008 parsl:354 7326 Result-Pusher [INFO]  Sending heartbeat via results connection: last_result_beat=1688751030.000879 heartbeat_period=30 seconds
2023-07-07 12:31:30.010 parsl:354 7326 Result-Pusher [INFO]  Sending heartbeat via results connection: last_result_beat=1688751060.0090466 heartbeat_period=30 seconds
2023-07-07 12:32:00.018 parsl:354 7326 Result-Pusher [INFO]  Sending heartbeat via results connection: last_result_beat=1688751090.010599 heartbeat_period=30 seconds
2023-07-07 12:32:30.025 parsl:354 7326 Result-Pusher [INFO]  Sending heartbeat via results connection: last_result_beat=1688751120.0183327 heartbeat_period=30 seconds
2023-07-07 12:33:00.026 parsl:354 7326 Result-Pusher [INFO]  Sending heartbeat via results connection: last_result_beat=1688751150.0251272 heartbeat_period=30 seconds
2023-07-07 12:33:30.029 parsl:354 7326 Result-Pusher [INFO]  Sending heartbeat via results connection: last_result_beat=1688751180.026924 heartbeat_period=30 seconds
2023-07-07 12:34:00.033 parsl:354 7326 Result-Pusher [INFO]  Sending heartbeat via results connection: last_result_beat=1688751210.029313 heartbeat_period=30 seconds
2023-07-07 12:34:30.034 parsl:354 7326 Result-Pusher [INFO]  Sending heartbeat via results connection: last_result_beat=1688751240.0335217 heartbeat_period=30 seconds
2023-07-07 12:35:00.043 parsl:354 7326 Result-Pusher [INFO]  Sending heartbeat via results connection: last_result_beat=1688751270.034592 heartbeat_period=30 seconds
2023-07-07 12:35:30.047 parsl:354 7326 Result-Pusher [INFO]  Sending heartbeat via results connection: last_result_beat=1688751300.0437717 heartbeat_period=30 seconds
2023-07-07 12:36:00.052 parsl:354 7326 Result-Pusher [INFO]  Sending heartbeat via results connection: last_result_beat=1688751330.0477495 heartbeat_period=30 seconds
2023-07-07 12:36:30.054 parsl:354 7326 Result-Pusher [INFO]  Sending heartbeat via results connection: last_result_beat=1688751360.0522668 heartbeat_period=30 seconds
2023-07-07 12:37:00.057 parsl:354 7326 Result-Pusher [INFO]  Sending heartbeat via results connection: last_result_beat=1688751390.0546236 heartbeat_period=30 seconds
2023-07-07 12:37:30.063 parsl:354 7326 Result-Pusher [INFO]  Sending heartbeat via results connection: last_result_beat=1688751420.0579295 heartbeat_period=30 seconds
2023-07-07 12:38:00.065 parsl:354 7326 Result-Pusher [INFO]  Sending heartbeat via results connection: last_result_beat=1688751450.063888 heartbeat_period=30 seconds
2023-07-07 12:38:30.066 parsl:354 7326 Result-Pusher [INFO]  Sending heartbeat via results connection: last_result_beat=1688751480.0653508 heartbeat_period=30 seconds
2023-07-07 12:39:00.072 parsl:354 7326 Result-Pusher [INFO]  Sending heartbeat via results connection: last_result_beat=1688751510.0662594 heartbeat_period=30 seconds
2023-07-07 12:39:30.073 parsl:354 7326 Result-Pusher [INFO]  Sending heartbeat via results connection: last_result_beat=1688751540.0721865 heartbeat_period=30 seconds
2023-07-07 12:40:00.079 parsl:354 7326 Result-Pusher [INFO]  Sending heartbeat via results connection: last_result_beat=1688751570.073997 heartbeat_period=30 seconds
2023-07-07 12:40:30.080 parsl:354 7326 Result-Pusher [INFO]  Sending heartbeat via results connection: last_result_beat=1688751600.0795991 heartbeat_period=30 seconds
2023-07-07 12:41:00.081 parsl:354 7326 Result-Pusher [INFO]  Sending heartbeat via results connection: last_result_beat=1688751630.0803742 heartbeat_period=30 seconds
2023-07-07 12:41:30.085 parsl:354 7326 Result-Pusher [INFO]  Sending heartbeat via results connection: last_result_beat=1688751660.0816858 heartbeat_period=30 seconds
2023-07-07 12:42:00.090 parsl:354 7326 Result-Pusher [INFO]  Sending heartbeat via results connection: last_result_beat=1688751690.0859194 heartbeat_period=30 seconds
2023-07-07 12:42:30.099 parsl:354 7326 Result-Pusher [INFO]  Sending heartbeat via results connection: last_result_beat=1688751720.0909827 heartbeat_period=30 seconds
2023-07-07 12:43:00.103 parsl:354 7326 Result-Pusher [INFO]  Sending heartbeat via results connection: last_result_beat=1688751750.1000917 heartbeat_period=30 seconds
2023-07-07 12:43:30.113 parsl:354 7326 Result-Pusher [INFO]  Sending heartbeat via results connection: last_result_beat=1688751780.104165 heartbeat_period=30 seconds
2023-07-07 12:44:00.121 parsl:354 7326 Result-Pusher [INFO]  Sending heartbeat via results connection: last_result_beat=1688751810.1136389 heartbeat_period=30 seconds
2023-07-07 12:44:30.122 parsl:354 7326 Result-Pusher [INFO]  Sending heartbeat via results connection: last_result_beat=1688751840.1219254 heartbeat_period=30 seconds
2023-07-07 12:45:00.129 parsl:354 7326 Result-Pusher [INFO]  Sending heartbeat via results connection: last_result_beat=1688751870.1221788 heartbeat_period=30 seconds
2023-07-07 12:45:30.132 parsl:354 7326 Result-Pusher [INFO]  Sending heartbeat via results connection: last_result_beat=1688751900.1295197 heartbeat_period=30 seconds
2023-07-07 12:46:00.132 parsl:354 7326 Result-Pusher [INFO]  Sending heartbeat via results connection: last_result_beat=1688751930.132652 heartbeat_period=30 seconds
2023-07-07 12:46:30.133 parsl:354 7326 Result-Pusher [INFO]  Sending heartbeat via results connection: last_result_beat=1688751960.132904 heartbeat_period=30 seconds
2023-07-07 12:47:00.139 parsl:354 7326 Result-Pusher [INFO]  Sending heartbeat via results connection: last_result_beat=1688751990.1334631 heartbeat_period=30 seconds
2023-07-07 12:47:30.149 parsl:354 7326 Result-Pusher [INFO]  Sending heartbeat via results connection: last_result_beat=1688752020.1400573 heartbeat_period=30 seconds
2023-07-07 12:48:00.158 parsl:354 7326 Result-Pusher [INFO]  Sending heartbeat via results connection: last_result_beat=1688752050.1495438 heartbeat_period=30 seconds
2023-07-07 12:48:30.166 parsl:354 7326 Result-Pusher [INFO]  Sending heartbeat via results connection: last_result_beat=1688752080.1588745 heartbeat_period=30 seconds
2023-07-07 12:49:00.173 parsl:354 7326 Result-Pusher [INFO]  Sending heartbeat via results connection: last_result_beat=1688752110.1662107 heartbeat_period=30 seconds
2023-07-07 12:49:30.175 parsl:354 7326 Result-Pusher [INFO]  Sending heartbeat via results connection: last_result_beat=1688752140.1736286 heartbeat_period=30 seconds
2023-07-07 12:50:00.177 parsl:354 7326 Result-Pusher [INFO]  Sending heartbeat via results connection: last_result_beat=1688752170.1754212 heartbeat_period=30 seconds
2023-07-07 12:50:30.185 parsl:354 7326 Result-Pusher [INFO]  Sending heartbeat via results connection: last_result_beat=1688752200.1776092 heartbeat_period=30 seconds
2023-07-07 12:51:00.191 parsl:354 7326 Result-Pusher [INFO]  Sending heartbeat via results connection: last_result_beat=1688752230.185977 heartbeat_period=30 seconds
2023-07-07 12:51:30.199 parsl:354 7326 Result-Pusher [INFO]  Sending heartbeat via results connection: last_result_beat=1688752260.1912766 heartbeat_period=30 seconds
2023-07-07 12:52:00.202 parsl:354 7326 Result-Pusher [INFO]  Sending heartbeat via results connection: last_result_beat=1688752290.1996152 heartbeat_period=30 seconds
2023-07-07 12:52:30.212 parsl:354 7326 Result-Pusher [INFO]  Sending heartbeat via results connection: last_result_beat=1688752320.2027779 heartbeat_period=30 seconds
2023-07-07 12:53:00.220 parsl:354 7326 Result-Pusher [INFO]  Sending heartbeat via results connection: last_result_beat=1688752350.2128043 heartbeat_period=30 seconds
2023-07-07 12:53:30.230 parsl:354 7326 Result-Pusher [INFO]  Sending heartbeat via results connection: last_result_beat=1688752380.2201269 heartbeat_period=30 seconds
2023-07-07 12:54:00.235 parsl:354 7326 Result-Pusher [INFO]  Sending heartbeat via results connection: last_result_beat=1688752410.2302709 heartbeat_period=30 seconds
2023-07-07 12:54:30.240 parsl:354 7326 Result-Pusher [INFO]  Sending heartbeat via results connection: last_result_beat=1688752440.2354531 heartbeat_period=30 seconds
2023-07-07 12:55:00.248 parsl:354 7326 Result-Pusher [INFO]  Sending heartbeat via results connection: last_result_beat=1688752470.2404683 heartbeat_period=30 seconds
2023-07-07 12:55:30.253 parsl:354 7326 Result-Pusher [INFO]  Sending heartbeat via results connection: last_result_beat=1688752500.248501 heartbeat_period=30 seconds
2023-07-07 12:56:00.258 parsl:354 7326 Result-Pusher [INFO]  Sending heartbeat via results connection: last_result_beat=1688752530.2539766 heartbeat_period=30 seconds
2023-07-07 12:56:30.267 parsl:354 7326 Result-Pusher [INFO]  Sending heartbeat via results connection: last_result_beat=1688752560.2583008 heartbeat_period=30 seconds
2023-07-07 12:57:00.276 parsl:354 7326 Result-Pusher [INFO]  Sending heartbeat via results connection: last_result_beat=1688752590.2674673 heartbeat_period=30 seconds
2023-07-07 12:57:30.283 parsl:354 7326 Result-Pusher [INFO]  Sending heartbeat via results connection: last_result_beat=1688752620.2761881 heartbeat_period=30 seconds
2023-07-07 12:58:00.284 parsl:354 7326 Result-Pusher [INFO]  Sending heartbeat via results connection: last_result_beat=1688752650.2839048 heartbeat_period=30 seconds
2023-07-07 12:58:30.286 parsl:354 7326 Result-Pusher [INFO]  Sending heartbeat via results connection: last_result_beat=1688752680.2841837 heartbeat_period=30 seconds
2023-07-07 12:59:00.288 parsl:354 7326 Result-Pusher [INFO]  Sending heartbeat via results connection: last_result_beat=1688752710.2867584 heartbeat_period=30 seconds
2023-07-07 12:59:30.295 parsl:354 7326 Result-Pusher [INFO]  Sending heartbeat via results connection: last_result_beat=1688752740.2882972 heartbeat_period=30 seconds
2023-07-07 13:00:00.304 parsl:354 7326 Result-Pusher [INFO]  Sending heartbeat via results connection: last_result_beat=1688752770.295873 heartbeat_period=30 seconds
2023-07-07 13:00:30.306 parsl:354 7326 Result-Pusher [INFO]  Sending heartbeat via results connection: last_result_beat=1688752800.3049972 heartbeat_period=30 seconds
2023-07-07 13:01:00.311 parsl:354 7326 Result-Pusher [INFO]  Sending heartbeat via results connection: last_result_beat=1688752830.3069558 heartbeat_period=30 seconds
2023-07-07 13:01:30.315 parsl:354 7326 Result-Pusher [INFO]  Sending heartbeat via results connection: last_result_beat=1688752860.3112996 heartbeat_period=30 seconds
2023-07-07 13:02:00.317 parsl:354 7326 Result-Pusher [INFO]  Sending heartbeat via results connection: last_result_beat=1688752890.3156455 heartbeat_period=30 seconds
2023-07-07 13:02:30.319 parsl:354 7326 Result-Pusher [INFO]  Sending heartbeat via results connection: last_result_beat=1688752920.3176801 heartbeat_period=30 seconds
2023-07-07 13:03:00.319 parsl:354 7326 Result-Pusher [INFO]  Sending heartbeat via results connection: last_result_beat=1688752950.3193567 heartbeat_period=30 seconds
2023-07-07 13:03:30.319 parsl:354 7326 Result-Pusher [INFO]  Sending heartbeat via results connection: last_result_beat=1688752980.3196297 heartbeat_period=30 seconds
2023-07-07 13:04:00.326 parsl:354 7326 Result-Pusher [INFO]  Sending heartbeat via results connection: last_result_beat=1688753010.3200076 heartbeat_period=30 seconds
2023-07-07 13:04:30.330 parsl:354 7326 Result-Pusher [INFO]  Sending heartbeat via results connection: last_result_beat=1688753040.3266225 heartbeat_period=30 seconds
2023-07-07 13:05:00.336 parsl:354 7326 Result-Pusher [INFO]  Sending heartbeat via results connection: last_result_beat=1688753070.3309407 heartbeat_period=30 seconds
2023-07-07 13:05:30.336 parsl:354 7326 Result-Pusher [INFO]  Sending heartbeat via results connection: last_result_beat=1688753100.336275 heartbeat_period=30 seconds
2023-07-07 13:06:00.338 parsl:354 7326 Result-Pusher [INFO]  Sending heartbeat via results connection: last_result_beat=1688753130.3369286 heartbeat_period=30 seconds
2023-07-07 13:06:30.341 parsl:354 7326 Result-Pusher [INFO]  Sending heartbeat via results connection: last_result_beat=1688753160.3390937 heartbeat_period=30 seconds
2023-07-07 13:07:00.342 parsl:354 7326 Result-Pusher [INFO]  Sending heartbeat via results connection: last_result_beat=1688753190.341321 heartbeat_period=30 seconds
2023-07-07 13:07:30.348 parsl:354 7326 Result-Pusher [INFO]  Sending heartbeat via results connection: last_result_beat=1688753220.3423634 heartbeat_period=30 seconds
2023-07-07 13:08:00.356 parsl:354 7326 Result-Pusher [INFO]  Sending heartbeat via results connection: last_result_beat=1688753250.3485801 heartbeat_period=30 seconds
2023-07-07 13:08:30.363 parsl:354 7326 Result-Pusher [INFO]  Sending heartbeat via results connection: last_result_beat=1688753280.3569334 heartbeat_period=30 seconds
2023-07-07 13:09:00.364 parsl:354 7326 Result-Pusher [INFO]  Sending heartbeat via results connection: last_result_beat=1688753310.3631206 heartbeat_period=30 seconds
2023-07-07 13:09:30.368 parsl:354 7326 Result-Pusher [INFO]  Sending heartbeat via results connection: last_result_beat=1688753340.3649592 heartbeat_period=30 seconds
2023-07-07 13:10:00.376 parsl:354 7326 Result-Pusher [INFO]  Sending heartbeat via results connection: last_result_beat=1688753370.3685398 heartbeat_period=30 seconds
2023-07-07 13:10:30.378 parsl:354 7326 Result-Pusher [INFO]  Sending heartbeat via results connection: last_result_beat=1688753400.3768759 heartbeat_period=30 seconds
2023-07-07 13:11:00.382 parsl:354 7326 Result-Pusher [INFO]  Sending heartbeat via results connection: last_result_beat=1688753430.3782952 heartbeat_period=30 seconds
2023-07-07 13:11:30.388 parsl:354 7326 Result-Pusher [INFO]  Sending heartbeat via results connection: last_result_beat=1688753460.382941 heartbeat_period=30 seconds
2023-07-07 13:12:00.393 parsl:354 7326 Result-Pusher [INFO]  Sending heartbeat via results connection: last_result_beat=1688753490.3887591 heartbeat_period=30 seconds
2023-07-07 13:12:30.398 parsl:354 7326 Result-Pusher [INFO]  Sending heartbeat via results connection: last_result_beat=1688753520.3940852 heartbeat_period=30 seconds
2023-07-07 13:13:00.402 parsl:354 7326 Result-Pusher [INFO]  Sending heartbeat via results connection: last_result_beat=1688753550.3990679 heartbeat_period=30 seconds
2023-07-07 13:13:30.412 parsl:354 7326 Result-Pusher [INFO]  Sending heartbeat via results connection: last_result_beat=1688753580.4024634 heartbeat_period=30 seconds
2023-07-07 13:14:00.414 parsl:354 7326 Result-Pusher [INFO]  Sending heartbeat via results connection: last_result_beat=1688753610.4125812 heartbeat_period=30 seconds
2023-07-07 13:14:30.422 parsl:354 7326 Result-Pusher [INFO]  Sending heartbeat via results connection: last_result_beat=1688753640.4146113 heartbeat_period=30 seconds
2023-07-07 13:15:00.424 parsl:354 7326 Result-Pusher [INFO]  Sending heartbeat via results connection: last_result_beat=1688753670.42305 heartbeat_period=30 seconds
2023-07-07 13:15:30.427 parsl:354 7326 Result-Pusher [INFO]  Sending heartbeat via results connection: last_result_beat=1688753700.4245515 heartbeat_period=30 seconds
2023-07-07 13:16:00.434 parsl:354 7326 Result-Pusher [INFO]  Sending heartbeat via results connection: last_result_beat=1688753730.4277055 heartbeat_period=30 seconds
2023-07-07 13:16:30.435 parsl:354 7326 Result-Pusher [INFO]  Sending heartbeat via results connection: last_result_beat=1688753760.434679 heartbeat_period=30 seconds
2023-07-07 13:17:00.439 parsl:354 7326 Result-Pusher [INFO]  Sending heartbeat via results connection: last_result_beat=1688753790.4353476 heartbeat_period=30 seconds
2023-07-07 13:17:30.440 parsl:354 7326 Result-Pusher [INFO]  Sending heartbeat via results connection: last_result_beat=1688753820.4398768 heartbeat_period=30 seconds
2023-07-07 13:18:00.445 parsl:354 7326 Result-Pusher [INFO]  Sending heartbeat via results connection: last_result_beat=1688753850.4408872 heartbeat_period=30 seconds
2023-07-07 13:18:30.453 parsl:354 7326 Result-Pusher [INFO]  Sending heartbeat via results connection: last_result_beat=1688753880.4460838 heartbeat_period=30 seconds
2023-07-07 13:19:00.460 parsl:354 7326 Result-Pusher [INFO]  Sending heartbeat via results connection: last_result_beat=1688753910.453241 heartbeat_period=30 seconds
2023-07-07 13:19:30.470 parsl:354 7326 Result-Pusher [INFO]  Sending heartbeat via results connection: last_result_beat=1688753940.4605284 heartbeat_period=30 seconds
2023-07-07 13:20:00.471 parsl:354 7326 Result-Pusher [INFO]  Sending heartbeat via results connection: last_result_beat=1688753970.4706125 heartbeat_period=30 seconds
2023-07-07 13:20:30.478 parsl:354 7326 Result-Pusher [INFO]  Sending heartbeat via results connection: last_result_beat=1688754000.4712856 heartbeat_period=30 seconds
2023-07-07 13:21:00.483 parsl:354 7326 Result-Pusher [INFO]  Sending heartbeat via results connection: last_result_beat=1688754030.4782276 heartbeat_period=30 seconds
2023-07-07 13:21:30.491 parsl:354 7326 Result-Pusher [INFO]  Sending heartbeat via results connection: last_result_beat=1688754060.4839623 heartbeat_period=30 seconds
2023-07-07 13:22:00.500 parsl:354 7326 Result-Pusher [INFO]  Sending heartbeat via results connection: last_result_beat=1688754090.4912357 heartbeat_period=30 seconds
2023-07-07 13:22:30.509 parsl:354 7326 Result-Pusher [INFO]  Sending heartbeat via results connection: last_result_beat=1688754120.5009136 heartbeat_period=30 seconds
2023-07-07 13:23:00.510 parsl:354 7326 Result-Pusher [INFO]  Sending heartbeat via results connection: last_result_beat=1688754150.509406 heartbeat_period=30 seconds
2023-07-07 13:23:30.515 parsl:354 7326 Result-Pusher [INFO]  Sending heartbeat via results connection: last_result_beat=1688754180.510204 heartbeat_period=30 seconds
2023-07-07 13:24:00.516 parsl:354 7326 Result-Pusher [INFO]  Sending heartbeat via results connection: last_result_beat=1688754210.515963 heartbeat_period=30 seconds
2023-07-07 13:24:30.526 parsl:354 7326 Result-Pusher [INFO]  Sending heartbeat via results connection: last_result_beat=1688754240.5163577 heartbeat_period=30 seconds
2023-07-07 13:25:00.529 parsl:354 7326 Result-Pusher [INFO]  Sending heartbeat via results connection: last_result_beat=1688754270.526335 heartbeat_period=30 seconds
2023-07-07 13:25:30.535 parsl:354 7326 Result-Pusher [INFO]  Sending heartbeat via results connection: last_result_beat=1688754300.5299714 heartbeat_period=30 seconds
2023-07-07 13:26:00.540 parsl:354 7326 Result-Pusher [INFO]  Sending heartbeat via results connection: last_result_beat=1688754330.5351105 heartbeat_period=30 seconds
2023-07-07 13:26:30.546 parsl:354 7326 Result-Pusher [INFO]  Sending heartbeat via results connection: last_result_beat=1688754360.5410318 heartbeat_period=30 seconds
2023-07-07 13:27:00.553 parsl:354 7326 Result-Pusher [INFO]  Sending heartbeat via results connection: last_result_beat=1688754390.54684 heartbeat_period=30 seconds
2023-07-07 13:27:30.559 parsl:354 7326 Result-Pusher [INFO]  Sending heartbeat via results connection: last_result_beat=1688754420.553352 heartbeat_period=30 seconds
2023-07-07 13:28:00.565 parsl:354 7326 Result-Pusher [INFO]  Sending heartbeat via results connection: last_result_beat=1688754450.5598283 heartbeat_period=30 seconds
2023-07-07 13:28:30.574 parsl:354 7326 Result-Pusher [INFO]  Sending heartbeat via results connection: last_result_beat=1688754480.5653822 heartbeat_period=30 seconds
2023-07-07 13:29:00.579 parsl:354 7326 Result-Pusher [INFO]  Sending heartbeat via results connection: last_result_beat=1688754510.574296 heartbeat_period=30 seconds
2023-07-07 13:29:30.584 parsl:354 7326 Result-Pusher [INFO]  Sending heartbeat via results connection: last_result_beat=1688754540.5797179 heartbeat_period=30 seconds
2023-07-07 13:30:00.588 parsl:354 7326 Result-Pusher [INFO]  Sending heartbeat via results connection: last_result_beat=1688754570.5844052 heartbeat_period=30 seconds
2023-07-07 13:30:30.591 parsl:354 7326 Result-Pusher [INFO]  Sending heartbeat via results connection: last_result_beat=1688754600.5885959 heartbeat_period=30 seconds
2023-07-07 13:31:00.594 parsl:354 7326 Result-Pusher [INFO]  Sending heartbeat via results connection: last_result_beat=1688754630.591414 heartbeat_period=30 seconds
2023-07-07 13:31:30.595 parsl:354 7326 Result-Pusher [INFO]  Sending heartbeat via results connection: last_result_beat=1688754660.5944135 heartbeat_period=30 seconds
2023-07-07 13:32:00.597 parsl:354 7326 Result-Pusher [INFO]  Sending heartbeat via results connection: last_result_beat=1688754690.5956903 heartbeat_period=30 seconds
2023-07-07 13:32:30.605 parsl:354 7326 Result-Pusher [INFO]  Sending heartbeat via results connection: last_result_beat=1688754720.5978594 heartbeat_period=30 seconds
2023-07-07 13:33:00.606 parsl:354 7326 Result-Pusher [INFO]  Sending heartbeat via results connection: last_result_beat=1688754750.605842 heartbeat_period=30 seconds
2023-07-07 13:33:30.613 parsl:354 7326 Result-Pusher [INFO]  Sending heartbeat via results connection: last_result_beat=1688754780.6070645 heartbeat_period=30 seconds
2023-07-07 13:34:00.614 parsl:354 7326 Result-Pusher [INFO]  Sending heartbeat via results connection: last_result_beat=1688754810.6135561 heartbeat_period=30 seconds
2023-07-07 13:34:30.623 parsl:354 7326 Result-Pusher [INFO]  Sending heartbeat via results connection: last_result_beat=1688754840.6147845 heartbeat_period=30 seconds
2023-07-07 13:35:00.625 parsl:354 7326 Result-Pusher [INFO]  Sending heartbeat via results connection: last_result_beat=1688754870.6234148 heartbeat_period=30 seconds
2023-07-07 13:35:30.632 parsl:354 7326 Result-Pusher [INFO]  Sending heartbeat via results connection: last_result_beat=1688754900.625612 heartbeat_period=30 seconds
2023-07-07 13:36:00.634 parsl:354 7326 Result-Pusher [INFO]  Sending heartbeat via results connection: last_result_beat=1688754930.6329858 heartbeat_period=30 seconds
2023-07-07 13:36:30.640 parsl:354 7326 Result-Pusher [INFO]  Sending heartbeat via results connection: last_result_beat=1688754960.634303 heartbeat_period=30 seconds
2023-07-07 13:37:00.647 parsl:354 7326 Result-Pusher [INFO]  Sending heartbeat via results connection: last_result_beat=1688754990.6410542 heartbeat_period=30 seconds
2023-07-07 13:37:30.651 parsl:354 7326 Result-Pusher [INFO]  Sending heartbeat via results connection: last_result_beat=1688755020.6475742 heartbeat_period=30 seconds
2023-07-07 13:38:00.655 parsl:354 7326 Result-Pusher [INFO]  Sending heartbeat via results connection: last_result_beat=1688755050.6520677 heartbeat_period=30 seconds
2023-07-07 13:38:30.661 parsl:354 7326 Result-Pusher [INFO]  Sending heartbeat via results connection: last_result_beat=1688755080.656009 heartbeat_period=30 seconds
2023-07-07 13:39:00.664 parsl:354 7326 Result-Pusher [INFO]  Sending heartbeat via results connection: last_result_beat=1688755110.662103 heartbeat_period=30 seconds
2023-07-07 13:39:30.667 parsl:354 7326 Result-Pusher [INFO]  Sending heartbeat via results connection: last_result_beat=1688755140.6645586 heartbeat_period=30 seconds
2023-07-07 13:40:00.668 parsl:354 7326 Result-Pusher [INFO]  Sending heartbeat via results connection: last_result_beat=1688755170.6680267 heartbeat_period=30 seconds
2023-07-07 13:40:30.675 parsl:354 7326 Result-Pusher [INFO]  Sending heartbeat via results connection: last_result_beat=1688755200.668989 heartbeat_period=30 seconds
2023-07-07 13:41:00.682 parsl:354 7326 Result-Pusher [INFO]  Sending heartbeat via results connection: last_result_beat=1688755230.6760044 heartbeat_period=30 seconds
2023-07-07 13:41:30.683 parsl:354 7326 Result-Pusher [INFO]  Sending heartbeat via results connection: last_result_beat=1688755260.6825225 heartbeat_period=30 seconds
2023-07-07 13:42:00.691 parsl:354 7326 Result-Pusher [INFO]  Sending heartbeat via results connection: last_result_beat=1688755290.6840403 heartbeat_period=30 seconds
2023-07-07 13:42:30.700 parsl:354 7326 Result-Pusher [INFO]  Sending heartbeat via results connection: last_result_beat=1688755320.6921167 heartbeat_period=30 seconds
2023-07-07 13:43:00.704 parsl:354 7326 Result-Pusher [INFO]  Sending heartbeat via results connection: last_result_beat=1688755350.7005422 heartbeat_period=30 seconds
2023-07-07 13:43:30.710 parsl:354 7326 Result-Pusher [INFO]  Sending heartbeat via results connection: last_result_beat=1688755380.7047338 heartbeat_period=30 seconds
2023-07-07 13:44:00.714 parsl:354 7326 Result-Pusher [INFO]  Sending heartbeat via results connection: last_result_beat=1688755410.710305 heartbeat_period=30 seconds
2023-07-07 13:44:30.715 parsl:354 7326 Result-Pusher [INFO]  Sending heartbeat via results connection: last_result_beat=1688755440.7149827 heartbeat_period=30 seconds
2023-07-07 13:45:00.722 parsl:354 7326 Result-Pusher [INFO]  Sending heartbeat via results connection: last_result_beat=1688755470.7157755 heartbeat_period=30 seconds
2023-07-07 13:45:30.724 parsl:354 7326 Result-Pusher [INFO]  Sending heartbeat via results connection: last_result_beat=1688755500.7222922 heartbeat_period=30 seconds
2023-07-07 13:46:00.727 parsl:354 7326 Result-Pusher [INFO]  Sending heartbeat via results connection: last_result_beat=1688755530.7246604 heartbeat_period=30 seconds
2023-07-07 13:46:30.736 parsl:354 7326 Result-Pusher [INFO]  Sending heartbeat via results connection: last_result_beat=1688755560.7272685 heartbeat_period=30 seconds
2023-07-07 13:47:00.744 parsl:354 7326 Result-Pusher [INFO]  Sending heartbeat via results connection: last_result_beat=1688755590.736574 heartbeat_period=30 seconds
2023-07-07 13:47:30.746 parsl:354 7326 Result-Pusher [INFO]  Sending heartbeat via results connection: last_result_beat=1688755620.7441907 heartbeat_period=30 seconds
2023-07-07 13:48:00.755 parsl:354 7326 Result-Pusher [INFO]  Sending heartbeat via results connection: last_result_beat=1688755650.7462132 heartbeat_period=30 seconds
2023-07-07 13:48:30.764 parsl:354 7326 Result-Pusher [INFO]  Sending heartbeat via results connection: last_result_beat=1688755680.755819 heartbeat_period=30 seconds
2023-07-07 13:49:00.771 parsl:354 7326 Result-Pusher [INFO]  Sending heartbeat via results connection: last_result_beat=1688755710.76421 heartbeat_period=30 seconds
2023-07-07 13:49:30.779 parsl:354 7326 Result-Pusher [INFO]  Sending heartbeat via results connection: last_result_beat=1688755740.772008 heartbeat_period=30 seconds
2023-07-07 13:50:00.788 parsl:354 7326 Result-Pusher [INFO]  Sending heartbeat via results connection: last_result_beat=1688755770.7799928 heartbeat_period=30 seconds
2023-07-07 13:50:30.790 parsl:354 7326 Result-Pusher [INFO]  Sending heartbeat via results connection: last_result_beat=1688755800.7882192 heartbeat_period=30 seconds
2023-07-07 13:51:00.795 parsl:354 7326 Result-Pusher [INFO]  Sending heartbeat via results connection: last_result_beat=1688755830.7908843 heartbeat_period=30 seconds
2023-07-07 13:51:30.806 parsl:354 7326 Result-Pusher [INFO]  Sending heartbeat via results connection: last_result_beat=1688755860.796041 heartbeat_period=30 seconds
2023-07-07 13:52:00.807 parsl:354 7326 Result-Pusher [INFO]  Sending heartbeat via results connection: last_result_beat=1688755890.8063993 heartbeat_period=30 seconds
2023-07-07 13:52:30.816 parsl:354 7326 Result-Pusher [INFO]  Sending heartbeat via results connection: last_result_beat=1688755920.8071332 heartbeat_period=30 seconds
2023-07-07 13:53:00.823 parsl:354 7326 Result-Pusher [INFO]  Sending heartbeat via results connection: last_result_beat=1688755950.8161495 heartbeat_period=30 seconds
2023-07-07 13:53:30.831 parsl:354 7326 Result-Pusher [INFO]  Sending heartbeat via results connection: last_result_beat=1688755980.823602 heartbeat_period=30 seconds
2023-07-07 13:54:00.840 parsl:354 7326 Result-Pusher [INFO]  Sending heartbeat via results connection: last_result_beat=1688756010.8313622 heartbeat_period=30 seconds
2023-07-07 13:54:30.851 parsl:354 7326 Result-Pusher [INFO]  Sending heartbeat via results connection: last_result_beat=1688756040.8407407 heartbeat_period=30 seconds
2023-07-07 13:55:00.856 parsl:354 7326 Result-Pusher [INFO]  Sending heartbeat via results connection: last_result_beat=1688756070.8511362 heartbeat_period=30 seconds
2023-07-07 13:55:30.864 parsl:354 7326 Result-Pusher [INFO]  Sending heartbeat via results connection: last_result_beat=1688756100.8566232 heartbeat_period=30 seconds
2023-07-07 13:56:00.870 parsl:354 7326 Result-Pusher [INFO]  Sending heartbeat via results connection: last_result_beat=1688756130.8649623 heartbeat_period=30 seconds
2023-07-07 13:56:30.877 parsl:354 7326 Result-Pusher [INFO]  Sending heartbeat via results connection: last_result_beat=1688756160.8703077 heartbeat_period=30 seconds
2023-07-07 13:57:00.886 parsl:354 7326 Result-Pusher [INFO]  Sending heartbeat via results connection: last_result_beat=1688756190.8777766 heartbeat_period=30 seconds
2023-07-07 13:57:30.895 parsl:354 7326 Result-Pusher [INFO]  Sending heartbeat via results connection: last_result_beat=1688756220.8863592 heartbeat_period=30 seconds
2023-07-07 13:58:00.898 parsl:354 7326 Result-Pusher [INFO]  Sending heartbeat via results connection: last_result_beat=1688756250.8959932 heartbeat_period=30 seconds
2023-07-07 13:58:30.905 parsl:354 7326 Result-Pusher [INFO]  Sending heartbeat via results connection: last_result_beat=1688756280.8985226 heartbeat_period=30 seconds
2023-07-07 13:59:00.910 parsl:354 7326 Result-Pusher [INFO]  Sending heartbeat via results connection: last_result_beat=1688756310.905625 heartbeat_period=30 seconds
2023-07-07 13:59:30.918 parsl:354 7326 Result-Pusher [INFO]  Sending heartbeat via results connection: last_result_beat=1688756340.910738 heartbeat_period=30 seconds
2023-07-07 14:00:00.927 parsl:354 7326 Result-Pusher [INFO]  Sending heartbeat via results connection: last_result_beat=1688756370.9185057 heartbeat_period=30 seconds
2023-07-07 14:00:30.936 parsl:354 7326 Result-Pusher [INFO]  Sending heartbeat via results connection: last_result_beat=1688756400.9278793 heartbeat_period=30 seconds
2023-07-07 14:01:00.937 parsl:354 7326 Result-Pusher [INFO]  Sending heartbeat via results connection: last_result_beat=1688756430.937009 heartbeat_period=30 seconds
2023-07-07 14:01:30.947 parsl:354 7326 Result-Pusher [INFO]  Sending heartbeat via results connection: last_result_beat=1688756460.93789 heartbeat_period=30 seconds
2023-07-07 14:02:00.947 parsl:354 7326 Result-Pusher [INFO]  Sending heartbeat via results connection: last_result_beat=1688756490.9471323 heartbeat_period=30 seconds
2023-07-07 14:02:30.956 parsl:354 7326 Result-Pusher [INFO]  Sending heartbeat via results connection: last_result_beat=1688756520.948005 heartbeat_period=30 seconds
2023-07-07 14:03:00.959 parsl:354 7326 Result-Pusher [INFO]  Sending heartbeat via results connection: last_result_beat=1688756550.9563022 heartbeat_period=30 seconds
2023-07-07 14:03:30.965 parsl:354 7326 Result-Pusher [INFO]  Sending heartbeat via results connection: last_result_beat=1688756580.960075 heartbeat_period=30 seconds
2023-07-07 14:04:00.967 parsl:354 7326 Result-Pusher [INFO]  Sending heartbeat via results connection: last_result_beat=1688756610.9659138 heartbeat_period=30 seconds
2023-07-07 14:04:30.974 parsl:354 7326 Result-Pusher [INFO]  Sending heartbeat via results connection: last_result_beat=1688756640.967371 heartbeat_period=30 seconds
2023-07-07 14:05:00.982 parsl:354 7326 Result-Pusher [INFO]  Sending heartbeat via results connection: last_result_beat=1688756670.9742954 heartbeat_period=30 seconds
2023-07-07 14:05:30.990 parsl:354 7326 Result-Pusher [INFO]  Sending heartbeat via results connection: last_result_beat=1688756700.9827404 heartbeat_period=30 seconds
2023-07-07 14:06:00.998 parsl:354 7326 Result-Pusher [INFO]  Sending heartbeat via results connection: last_result_beat=1688756730.991049 heartbeat_period=30 seconds
2023-07-07 14:06:31.006 parsl:354 7326 Result-Pusher [INFO]  Sending heartbeat via results connection: last_result_beat=1688756760.9982004 heartbeat_period=30 seconds
2023-07-07 14:07:01.007 parsl:354 7326 Result-Pusher [INFO]  Sending heartbeat via results connection: last_result_beat=1688756791.0062842 heartbeat_period=30 seconds
2023-07-07 14:07:31.014 parsl:354 7326 Result-Pusher [INFO]  Sending heartbeat via results connection: last_result_beat=1688756821.0072196 heartbeat_period=30 seconds
2023-07-07 14:08:01.023 parsl:354 7326 Result-Pusher [INFO]  Sending heartbeat via results connection: last_result_beat=1688756851.015043 heartbeat_period=30 seconds
2023-07-07 14:08:31.028 parsl:354 7326 Result-Pusher [INFO]  Sending heartbeat via results connection: last_result_beat=1688756881.0238867 heartbeat_period=30 seconds
2023-07-07 14:09:01.038 parsl:354 7326 Result-Pusher [INFO]  Sending heartbeat via results connection: last_result_beat=1688756911.0287137 heartbeat_period=30 seconds
2023-07-07 14:09:31.041 parsl:354 7326 Result-Pusher [INFO]  Sending heartbeat via results connection: last_result_beat=1688756941.0385628 heartbeat_period=30 seconds
2023-07-07 14:10:01.042 parsl:354 7326 Result-Pusher [INFO]  Sending heartbeat via results connection: last_result_beat=1688756971.0413394 heartbeat_period=30 seconds
2023-07-07 14:10:31.047 parsl:354 7326 Result-Pusher [INFO]  Sending heartbeat via results connection: last_result_beat=1688757001.0427058 heartbeat_period=30 seconds
2023-07-07 14:11:01.052 parsl:354 7326 Result-Pusher [INFO]  Sending heartbeat via results connection: last_result_beat=1688757031.0478237 heartbeat_period=30 seconds
2023-07-07 14:11:31.059 parsl:354 7326 Result-Pusher [INFO]  Sending heartbeat via results connection: last_result_beat=1688757061.0524807 heartbeat_period=30 seconds
2023-07-07 14:12:01.068 parsl:354 7326 Result-Pusher [INFO]  Sending heartbeat via results connection: last_result_beat=1688757091.059216 heartbeat_period=30 seconds
2023-07-07 14:12:31.072 parsl:354 7326 Result-Pusher [INFO]  Sending heartbeat via results connection: last_result_beat=1688757121.068956 heartbeat_period=30 seconds
2023-07-07 14:13:01.073 parsl:354 7326 Result-Pusher [INFO]  Sending heartbeat via results connection: last_result_beat=1688757151.0727134 heartbeat_period=30 seconds
2023-07-07 14:13:31.084 parsl:354 7326 Result-Pusher [INFO]  Sending heartbeat via results connection: last_result_beat=1688757181.0739257 heartbeat_period=30 seconds
2023-07-07 14:14:01.090 parsl:354 7326 Result-Pusher [INFO]  Sending heartbeat via results connection: last_result_beat=1688757211.0841143 heartbeat_period=30 seconds
2023-07-07 14:14:31.095 parsl:354 7326 Result-Pusher [INFO]  Sending heartbeat via results connection: last_result_beat=1688757241.0902882 heartbeat_period=30 seconds
2023-07-07 14:15:01.102 parsl:354 7326 Result-Pusher [INFO]  Sending heartbeat via results connection: last_result_beat=1688757271.0959475 heartbeat_period=30 seconds
2023-07-07 14:15:31.108 parsl:354 7326 Result-Pusher [INFO]  Sending heartbeat via results connection: last_result_beat=1688757301.1030526 heartbeat_period=30 seconds
2023-07-07 14:16:01.114 parsl:354 7326 Result-Pusher [INFO]  Sending heartbeat via results connection: last_result_beat=1688757331.1081147 heartbeat_period=30 seconds
2023-07-07 14:16:31.124 parsl:354 7326 Result-Pusher [INFO]  Sending heartbeat via results connection: last_result_beat=1688757361.1147351 heartbeat_period=30 seconds
2023-07-07 14:17:01.128 parsl:354 7326 Result-Pusher [INFO]  Sending heartbeat via results connection: last_result_beat=1688757391.1245928 heartbeat_period=30 seconds
2023-07-07 14:17:31.137 parsl:354 7326 Result-Pusher [INFO]  Sending heartbeat via results connection: last_result_beat=1688757421.1290631 heartbeat_period=30 seconds
2023-07-07 14:18:01.143 parsl:354 7326 Result-Pusher [INFO]  Sending heartbeat via results connection: last_result_beat=1688757451.1372323 heartbeat_period=30 seconds
2023-07-07 14:18:31.152 parsl:354 7326 Result-Pusher [INFO]  Sending heartbeat via results connection: last_result_beat=1688757481.1439848 heartbeat_period=30 seconds
2023-07-07 14:19:01.163 parsl:354 7326 Result-Pusher [INFO]  Sending heartbeat via results connection: last_result_beat=1688757511.1529398 heartbeat_period=30 seconds
2023-07-07 14:19:31.165 parsl:354 7326 Result-Pusher [INFO]  Sending heartbeat via results connection: last_result_beat=1688757541.163122 heartbeat_period=30 seconds
2023-07-07 14:20:01.166 parsl:354 7326 Result-Pusher [INFO]  Sending heartbeat via results connection: last_result_beat=1688757571.165567 heartbeat_period=30 seconds
2023-07-07 14:20:31.166 parsl:354 7326 Result-Pusher [INFO]  Sending heartbeat via results connection: last_result_beat=1688757601.1661909 heartbeat_period=30 seconds
2023-07-07 14:21:01.169 parsl:354 7326 Result-Pusher [INFO]  Sending heartbeat via results connection: last_result_beat=1688757631.1669724 heartbeat_period=30 seconds
2023-07-07 14:21:31.169 parsl:354 7326 Result-Pusher [INFO]  Sending heartbeat via results connection: last_result_beat=1688757661.1696305 heartbeat_period=30 seconds
2023-07-07 14:22:01.174 parsl:354 7326 Result-Pusher [INFO]  Sending heartbeat via results connection: last_result_beat=1688757691.169878 heartbeat_period=30 seconds
2023-07-07 14:22:31.181 parsl:354 7326 Result-Pusher [INFO]  Sending heartbeat via results connection: last_result_beat=1688757721.1744912 heartbeat_period=30 seconds
2023-07-07 14:23:01.184 parsl:354 7326 Result-Pusher [INFO]  Sending heartbeat via results connection: last_result_beat=1688757751.1815846 heartbeat_period=30 seconds
2023-07-07 14:23:31.191 parsl:354 7326 Result-Pusher [INFO]  Sending heartbeat via results connection: last_result_beat=1688757781.1842294 heartbeat_period=30 seconds
2023-07-07 14:24:01.196 parsl:354 7326 Result-Pusher [INFO]  Sending heartbeat via results connection: last_result_beat=1688757811.1917086 heartbeat_period=30 seconds
2023-07-07 14:24:31.205 parsl:354 7326 Result-Pusher [INFO]  Sending heartbeat via results connection: last_result_beat=1688757841.196327 heartbeat_period=30 seconds
2023-07-07 14:25:01.216 parsl:354 7326 Result-Pusher [INFO]  Sending heartbeat via results connection: last_result_beat=1688757871.2059724 heartbeat_period=30 seconds
2023-07-07 14:25:31.218 parsl:354 7326 Result-Pusher [INFO]  Sending heartbeat via results connection: last_result_beat=1688757901.2162256 heartbeat_period=30 seconds
2023-07-07 14:26:01.220 parsl:354 7326 Result-Pusher [INFO]  Sending heartbeat via results connection: last_result_beat=1688757931.2186234 heartbeat_period=30 seconds
2023-07-07 14:26:31.225 parsl:354 7326 Result-Pusher [INFO]  Sending heartbeat via results connection: last_result_beat=1688757961.220121 heartbeat_period=30 seconds
2023-07-07 14:27:01.227 parsl:354 7326 Result-Pusher [INFO]  Sending heartbeat via results connection: last_result_beat=1688757991.2256021 heartbeat_period=30 seconds
2023-07-07 14:27:31.231 parsl:354 7326 Result-Pusher [INFO]  Sending heartbeat via results connection: last_result_beat=1688758021.227882 heartbeat_period=30 seconds
2023-07-07 14:28:01.241 parsl:354 7326 Result-Pusher [INFO]  Sending heartbeat via results connection: last_result_beat=1688758051.2317781 heartbeat_period=30 seconds
2023-07-07 14:28:31.247 parsl:354 7326 Result-Pusher [INFO]  Sending heartbeat via results connection: last_result_beat=1688758081.2415402 heartbeat_period=30 seconds
2023-07-07 14:29:01.255 parsl:354 7326 Result-Pusher [INFO]  Sending heartbeat via results connection: last_result_beat=1688758111.2478628 heartbeat_period=30 seconds
2023-07-07 14:29:31.255 parsl:354 7326 Result-Pusher [INFO]  Sending heartbeat via results connection: last_result_beat=1688758141.2552369 heartbeat_period=30 seconds
2023-07-07 14:30:01.263 parsl:354 7326 Result-Pusher [INFO]  Sending heartbeat via results connection: last_result_beat=1688758171.2555518 heartbeat_period=30 seconds
2023-07-07 14:30:31.266 parsl:354 7326 Result-Pusher [INFO]  Sending heartbeat via results connection: last_result_beat=1688758201.2640917 heartbeat_period=30 seconds
2023-07-07 14:31:01.271 parsl:354 7326 Result-Pusher [INFO]  Sending heartbeat via results connection: last_result_beat=1688758231.2668815 heartbeat_period=30 seconds
2023-07-07 14:31:31.278 parsl:354 7326 Result-Pusher [INFO]  Sending heartbeat via results connection: last_result_beat=1688758261.2721121 heartbeat_period=30 seconds
2023-07-07 14:32:01.281 parsl:354 7326 Result-Pusher [INFO]  Sending heartbeat via results connection: last_result_beat=1688758291.2782426 heartbeat_period=30 seconds
2023-07-07 14:32:31.289 parsl:354 7326 Result-Pusher [INFO]  Sending heartbeat via results connection: last_result_beat=1688758321.2814887 heartbeat_period=30 seconds
2023-07-07 14:33:01.298 parsl:354 7326 Result-Pusher [INFO]  Sending heartbeat via results connection: last_result_beat=1688758351.2897246 heartbeat_period=30 seconds
2023-07-07 14:33:31.308 parsl:354 7326 Result-Pusher [INFO]  Sending heartbeat via results connection: last_result_beat=1688758381.298617 heartbeat_period=30 seconds
2023-07-07 14:34:01.317 parsl:354 7326 Result-Pusher [INFO]  Sending heartbeat via results connection: last_result_beat=1688758411.308894 heartbeat_period=30 seconds
2023-07-07 14:34:31.321 parsl:354 7326 Result-Pusher [INFO]  Sending heartbeat via results connection: last_result_beat=1688758441.3174644 heartbeat_period=30 seconds
2023-07-07 14:35:01.322 parsl:354 7326 Result-Pusher [INFO]  Sending heartbeat via results connection: last_result_beat=1688758471.3211226 heartbeat_period=30 seconds
2023-07-07 14:35:31.328 parsl:354 7326 Result-Pusher [INFO]  Sending heartbeat via results connection: last_result_beat=1688758501.3225503 heartbeat_period=30 seconds
2023-07-07 14:36:01.331 parsl:354 7326 Result-Pusher [INFO]  Sending heartbeat via results connection: last_result_beat=1688758531.328171 heartbeat_period=30 seconds
2023-07-07 14:36:31.341 parsl:354 7326 Result-Pusher [INFO]  Sending heartbeat via results connection: last_result_beat=1688758561.3311229 heartbeat_period=30 seconds
2023-07-07 14:37:01.345 parsl:354 7326 Result-Pusher [INFO]  Sending heartbeat via results connection: last_result_beat=1688758591.341198 heartbeat_period=30 seconds
2023-07-07 14:37:31.354 parsl:354 7326 Result-Pusher [INFO]  Sending heartbeat via results connection: last_result_beat=1688758621.345697 heartbeat_period=30 seconds
2023-07-07 14:38:01.361 parsl:354 7326 Result-Pusher [INFO]  Sending heartbeat via results connection: last_result_beat=1688758651.354123 heartbeat_period=30 seconds
2023-07-07 14:38:31.371 parsl:354 7326 Result-Pusher [INFO]  Sending heartbeat via results connection: last_result_beat=1688758681.3620596 heartbeat_period=30 seconds
2023-07-07 14:39:01.372 parsl:354 7326 Result-Pusher [INFO]  Sending heartbeat via results connection: last_result_beat=1688758711.3713255 heartbeat_period=30 seconds
2023-07-07 14:39:31.377 parsl:354 7326 Result-Pusher [INFO]  Sending heartbeat via results connection: last_result_beat=1688758741.3721619 heartbeat_period=30 seconds
2023-07-07 14:40:01.387 parsl:354 7326 Result-Pusher [INFO]  Sending heartbeat via results connection: last_result_beat=1688758771.3778963 heartbeat_period=30 seconds
2023-07-07 14:40:31.387 parsl:354 7326 Result-Pusher [INFO]  Sending heartbeat via results connection: last_result_beat=1688758801.3871517 heartbeat_period=30 seconds
2023-07-07 14:41:01.397 parsl:354 7326 Result-Pusher [INFO]  Sending heartbeat via results connection: last_result_beat=1688758831.387728 heartbeat_period=30 seconds
2023-07-07 14:41:31.403 parsl:354 7326 Result-Pusher [INFO]  Sending heartbeat via results connection: last_result_beat=1688758861.3976 heartbeat_period=30 seconds
2023-07-07 14:42:01.411 parsl:354 7326 Result-Pusher [INFO]  Sending heartbeat via results connection: last_result_beat=1688758891.4037974 heartbeat_period=30 seconds
2023-07-07 14:42:31.415 parsl:354 7326 Result-Pusher [INFO]  Sending heartbeat via results connection: last_result_beat=1688758921.4115312 heartbeat_period=30 seconds
2023-07-07 14:43:01.421 parsl:354 7326 Result-Pusher [INFO]  Sending heartbeat via results connection: last_result_beat=1688758951.415782 heartbeat_period=30 seconds
2023-07-07 14:43:31.431 parsl:354 7326 Result-Pusher [INFO]  Sending heartbeat via results connection: last_result_beat=1688758981.421508 heartbeat_period=30 seconds
2023-07-07 14:44:01.431 parsl:354 7326 Result-Pusher [INFO]  Sending heartbeat via results connection: last_result_beat=1688759011.4311078 heartbeat_period=30 seconds
2023-07-07 14:44:31.441 parsl:354 7326 Result-Pusher [INFO]  Sending heartbeat via results connection: last_result_beat=1688759041.431463 heartbeat_period=30 seconds
2023-07-07 14:45:01.442 parsl:354 7326 Result-Pusher [INFO]  Sending heartbeat via results connection: last_result_beat=1688759071.4415958 heartbeat_period=30 seconds
2023-07-07 14:45:31.444 parsl:354 7326 Result-Pusher [INFO]  Sending heartbeat via results connection: last_result_beat=1688759101.442768 heartbeat_period=30 seconds
2023-07-07 14:46:01.449 parsl:354 7326 Result-Pusher [INFO]  Sending heartbeat via results connection: last_result_beat=1688759131.444224 heartbeat_period=30 seconds
2023-07-07 14:46:31.451 parsl:354 7326 Result-Pusher [INFO]  Sending heartbeat via results connection: last_result_beat=1688759161.449418 heartbeat_period=30 seconds
2023-07-07 14:47:01.457 parsl:354 7326 Result-Pusher [INFO]  Sending heartbeat via results connection: last_result_beat=1688759191.4514685 heartbeat_period=30 seconds
2023-07-07 14:47:31.460 parsl:354 7326 Result-Pusher [INFO]  Sending heartbeat via results connection: last_result_beat=1688759221.4572186 heartbeat_period=30 seconds
2023-07-07 14:48:01.462 parsl:354 7326 Result-Pusher [INFO]  Sending heartbeat via results connection: last_result_beat=1688759251.460274 heartbeat_period=30 seconds
2023-07-07 14:48:31.472 parsl:354 7326 Result-Pusher [INFO]  Sending heartbeat via results connection: last_result_beat=1688759281.4629266 heartbeat_period=30 seconds
2023-07-07 14:49:01.472 parsl:354 7326 Result-Pusher [INFO]  Sending heartbeat via results connection: last_result_beat=1688759311.4726658 heartbeat_period=30 seconds
2023-07-07 14:49:31.475 parsl:354 7326 Result-Pusher [INFO]  Sending heartbeat via results connection: last_result_beat=1688759341.4729688 heartbeat_period=30 seconds
2023-07-07 14:50:01.478 parsl:354 7326 Result-Pusher [INFO]  Sending heartbeat via results connection: last_result_beat=1688759371.4752822 heartbeat_period=30 seconds
2023-07-07 14:50:31.479 parsl:354 7326 Result-Pusher [INFO]  Sending heartbeat via results connection: last_result_beat=1688759401.4787195 heartbeat_period=30 seconds
2023-07-07 14:51:01.481 parsl:354 7326 Result-Pusher [INFO]  Sending heartbeat via results connection: last_result_beat=1688759431.4798899 heartbeat_period=30 seconds
2023-07-07 14:51:31.482 parsl:354 7326 Result-Pusher [INFO]  Sending heartbeat via results connection: last_result_beat=1688759461.4812593 heartbeat_period=30 seconds
2023-07-07 14:52:01.490 parsl:354 7326 Result-Pusher [INFO]  Sending heartbeat via results connection: last_result_beat=1688759491.4827504 heartbeat_period=30 seconds
2023-07-07 14:52:31.494 parsl:354 7326 Result-Pusher [INFO]  Sending heartbeat via results connection: last_result_beat=1688759521.4901204 heartbeat_period=30 seconds
2023-07-07 14:53:01.497 parsl:354 7326 Result-Pusher [INFO]  Sending heartbeat via results connection: last_result_beat=1688759551.4944293 heartbeat_period=30 seconds
2023-07-07 14:53:31.504 parsl:354 7326 Result-Pusher [INFO]  Sending heartbeat via results connection: last_result_beat=1688759581.4978487 heartbeat_period=30 seconds
2023-07-07 14:54:01.513 parsl:354 7326 Result-Pusher [INFO]  Sending heartbeat via results connection: last_result_beat=1688759611.5042868 heartbeat_period=30 seconds
2023-07-07 14:54:31.515 parsl:354 7326 Result-Pusher [INFO]  Sending heartbeat via results connection: last_result_beat=1688759641.5137188 heartbeat_period=30 seconds
2023-07-07 14:55:01.517 parsl:354 7326 Result-Pusher [INFO]  Sending heartbeat via results connection: last_result_beat=1688759671.5158746 heartbeat_period=30 seconds
2023-07-07 14:55:31.522 parsl:354 7326 Result-Pusher [INFO]  Sending heartbeat via results connection: last_result_beat=1688759701.5171523 heartbeat_period=30 seconds
2023-07-07 14:56:01.524 parsl:354 7326 Result-Pusher [INFO]  Sending heartbeat via results connection: last_result_beat=1688759731.5226045 heartbeat_period=30 seconds
2023-07-07 14:56:31.532 parsl:354 7326 Result-Pusher [INFO]  Sending heartbeat via results connection: last_result_beat=1688759761.5248597 heartbeat_period=30 seconds
2023-07-07 14:57:01.539 parsl:354 7326 Result-Pusher [INFO]  Sending heartbeat via results connection: last_result_beat=1688759791.5324934 heartbeat_period=30 seconds
2023-07-07 14:57:31.545 parsl:354 7326 Result-Pusher [INFO]  Sending heartbeat via results connection: last_result_beat=1688759821.5395617 heartbeat_period=30 seconds
2023-07-07 14:58:01.547 parsl:354 7326 Result-Pusher [INFO]  Sending heartbeat via results connection: last_result_beat=1688759851.5456824 heartbeat_period=30 seconds
2023-07-07 14:58:31.556 parsl:354 7326 Result-Pusher [INFO]  Sending heartbeat via results connection: last_result_beat=1688759881.547289 heartbeat_period=30 seconds
2023-07-07 14:59:01.563 parsl:354 7326 Result-Pusher [INFO]  Sending heartbeat via results connection: last_result_beat=1688759911.556879 heartbeat_period=30 seconds
2023-07-07 14:59:31.569 parsl:354 7326 Result-Pusher [INFO]  Sending heartbeat via results connection: last_result_beat=1688759941.5635426 heartbeat_period=30 seconds
2023-07-07 15:00:01.578 parsl:354 7326 Result-Pusher [INFO]  Sending heartbeat via results connection: last_result_beat=1688759971.5696304 heartbeat_period=30 seconds
2023-07-07 15:00:31.580 parsl:354 7326 Result-Pusher [INFO]  Sending heartbeat via results connection: last_result_beat=1688760001.578963 heartbeat_period=30 seconds
2023-07-07 15:01:01.581 parsl:354 7326 Result-Pusher [INFO]  Sending heartbeat via results connection: last_result_beat=1688760031.580798 heartbeat_period=30 seconds
2023-07-07 15:01:31.586 parsl:354 7326 Result-Pusher [INFO]  Sending heartbeat via results connection: last_result_beat=1688760061.5819268 heartbeat_period=30 seconds
2023-07-07 15:02:01.592 parsl:354 7326 Result-Pusher [INFO]  Sending heartbeat via results connection: last_result_beat=1688760091.5868013 heartbeat_period=30 seconds
2023-07-07 15:02:31.596 parsl:354 7326 Result-Pusher [INFO]  Sending heartbeat via results connection: last_result_beat=1688760121.5925505 heartbeat_period=30 seconds
2023-07-07 15:03:01.602 parsl:354 7326 Result-Pusher [INFO]  Sending heartbeat via results connection: last_result_beat=1688760151.5966234 heartbeat_period=30 seconds
2023-07-07 15:03:31.607 parsl:354 7326 Result-Pusher [INFO]  Sending heartbeat via results connection: last_result_beat=1688760181.6025543 heartbeat_period=30 seconds
2023-07-07 15:04:01.615 parsl:354 7326 Result-Pusher [INFO]  Sending heartbeat via results connection: last_result_beat=1688760211.6077812 heartbeat_period=30 seconds
2023-07-07 15:04:31.616 parsl:354 7326 Result-Pusher [INFO]  Sending heartbeat via results connection: last_result_beat=1688760241.616095 heartbeat_period=30 seconds
2023-07-07 15:05:01.625 parsl:354 7326 Result-Pusher [INFO]  Sending heartbeat via results connection: last_result_beat=1688760271.616858 heartbeat_period=30 seconds
2023-07-07 15:05:31.633 parsl:354 7326 Result-Pusher [INFO]  Sending heartbeat via results connection: last_result_beat=1688760301.6252995 heartbeat_period=30 seconds
2023-07-07 15:06:01.638 parsl:354 7326 Result-Pusher [INFO]  Sending heartbeat via results connection: last_result_beat=1688760331.6332572 heartbeat_period=30 seconds
2023-07-07 15:06:31.643 parsl:354 7326 Result-Pusher [INFO]  Sending heartbeat via results connection: last_result_beat=1688760361.6385617 heartbeat_period=30 seconds
2023-07-07 15:07:01.652 parsl:354 7326 Result-Pusher [INFO]  Sending heartbeat via results connection: last_result_beat=1688760391.6438563 heartbeat_period=30 seconds
2023-07-07 15:07:31.659 parsl:354 7326 Result-Pusher [INFO]  Sending heartbeat via results connection: last_result_beat=1688760421.653061 heartbeat_period=30 seconds
2023-07-07 15:08:01.667 parsl:354 7326 Result-Pusher [INFO]  Sending heartbeat via results connection: last_result_beat=1688760451.6594248 heartbeat_period=30 seconds
2023-07-07 15:08:31.669 parsl:354 7326 Result-Pusher [INFO]  Sending heartbeat via results connection: last_result_beat=1688760481.667925 heartbeat_period=30 seconds
2023-07-07 15:09:01.676 parsl:354 7326 Result-Pusher [INFO]  Sending heartbeat via results connection: last_result_beat=1688760511.6693702 heartbeat_period=30 seconds
2023-07-07 15:09:31.680 parsl:354 7326 Result-Pusher [INFO]  Sending heartbeat via results connection: last_result_beat=1688760541.6763277 heartbeat_period=30 seconds
2023-07-07 15:10:01.688 parsl:354 7326 Result-Pusher [INFO]  Sending heartbeat via results connection: last_result_beat=1688760571.6801648 heartbeat_period=30 seconds
2023-07-07 15:10:31.698 parsl:354 7326 Result-Pusher [INFO]  Sending heartbeat via results connection: last_result_beat=1688760601.688676 heartbeat_period=30 seconds
2023-07-07 15:11:01.708 parsl:354 7326 Result-Pusher [INFO]  Sending heartbeat via results connection: last_result_beat=1688760631.6986911 heartbeat_period=30 seconds
2023-07-07 15:11:31.717 parsl:354 7326 Result-Pusher [INFO]  Sending heartbeat via results connection: last_result_beat=1688760661.7084806 heartbeat_period=30 seconds
2023-07-07 15:12:01.723 parsl:354 7326 Result-Pusher [INFO]  Sending heartbeat via results connection: last_result_beat=1688760691.7172098 heartbeat_period=30 seconds
2023-07-07 15:12:31.729 parsl:354 7326 Result-Pusher [INFO]  Sending heartbeat via results connection: last_result_beat=1688760721.7240229 heartbeat_period=30 seconds
2023-07-07 15:13:01.735 parsl:354 7326 Result-Pusher [INFO]  Sending heartbeat via results connection: last_result_beat=1688760751.7295666 heartbeat_period=30 seconds
2023-07-07 15:13:31.737 parsl:354 7326 Result-Pusher [INFO]  Sending heartbeat via results connection: last_result_beat=1688760781.7355797 heartbeat_period=30 seconds
2023-07-07 15:14:01.738 parsl:354 7326 Result-Pusher [INFO]  Sending heartbeat via results connection: last_result_beat=1688760811.7375321 heartbeat_period=30 seconds
2023-07-07 15:14:31.742 parsl:354 7326 Result-Pusher [INFO]  Sending heartbeat via results connection: last_result_beat=1688760841.7387643 heartbeat_period=30 seconds
2023-07-07 15:15:01.748 parsl:354 7326 Result-Pusher [INFO]  Sending heartbeat via results connection: last_result_beat=1688760871.7426696 heartbeat_period=30 seconds
2023-07-07 15:15:31.756 parsl:354 7326 Result-Pusher [INFO]  Sending heartbeat via results connection: last_result_beat=1688760901.7489436 heartbeat_period=30 seconds
2023-07-07 15:16:01.760 parsl:354 7326 Result-Pusher [INFO]  Sending heartbeat via results connection: last_result_beat=1688760931.756579 heartbeat_period=30 seconds
2023-07-07 15:16:31.766 parsl:354 7326 Result-Pusher [INFO]  Sending heartbeat via results connection: last_result_beat=1688760961.7608624 heartbeat_period=30 seconds
2023-07-07 15:17:01.773 parsl:354 7326 Result-Pusher [INFO]  Sending heartbeat via results connection: last_result_beat=1688760991.7662873 heartbeat_period=30 seconds
2023-07-07 15:17:31.775 parsl:354 7326 Result-Pusher [INFO]  Sending heartbeat via results connection: last_result_beat=1688761021.7742715 heartbeat_period=30 seconds
2023-07-07 15:18:01.785 parsl:354 7326 Result-Pusher [INFO]  Sending heartbeat via results connection: last_result_beat=1688761051.7758245 heartbeat_period=30 seconds
2023-07-07 15:18:31.786 parsl:354 7326 Result-Pusher [INFO]  Sending heartbeat via results connection: last_result_beat=1688761081.7856545 heartbeat_period=30 seconds
2023-07-07 15:19:01.792 parsl:354 7326 Result-Pusher [INFO]  Sending heartbeat via results connection: last_result_beat=1688761111.7866576 heartbeat_period=30 seconds
2023-07-07 15:19:31.798 parsl:354 7326 Result-Pusher [INFO]  Sending heartbeat via results connection: last_result_beat=1688761141.7930424 heartbeat_period=30 seconds
2023-07-07 15:20:01.801 parsl:354 7326 Result-Pusher [INFO]  Sending heartbeat via results connection: last_result_beat=1688761171.798851 heartbeat_period=30 seconds
2023-07-07 15:20:31.804 parsl:354 7326 Result-Pusher [INFO]  Sending heartbeat via results connection: last_result_beat=1688761201.8015652 heartbeat_period=30 seconds
2023-07-07 15:21:01.808 parsl:354 7326 Result-Pusher [INFO]  Sending heartbeat via results connection: last_result_beat=1688761231.8042145 heartbeat_period=30 seconds
2023-07-07 15:21:31.814 parsl:354 7326 Result-Pusher [INFO]  Sending heartbeat via results connection: last_result_beat=1688761261.8086474 heartbeat_period=30 seconds
2023-07-07 15:22:01.820 parsl:354 7326 Result-Pusher [INFO]  Sending heartbeat via results connection: last_result_beat=1688761291.81448 heartbeat_period=30 seconds
2023-07-07 15:22:31.826 parsl:354 7326 Result-Pusher [INFO]  Sending heartbeat via results connection: last_result_beat=1688761321.8207781 heartbeat_period=30 seconds
2023-07-07 15:23:01.832 parsl:354 7326 Result-Pusher [INFO]  Sending heartbeat via results connection: last_result_beat=1688761351.8270802 heartbeat_period=30 seconds
2023-07-07 15:23:31.840 parsl:354 7326 Result-Pusher [INFO]  Sending heartbeat via results connection: last_result_beat=1688761381.832725 heartbeat_period=30 seconds
2023-07-07 15:24:01.842 parsl:354 7326 Result-Pusher [INFO]  Sending heartbeat via results connection: last_result_beat=1688761411.840314 heartbeat_period=30 seconds
2023-07-07 15:24:31.843 parsl:354 7326 Result-Pusher [INFO]  Sending heartbeat via results connection: last_result_beat=1688761441.842356 heartbeat_period=30 seconds
2023-07-07 15:25:01.848 parsl:354 7326 Result-Pusher [INFO]  Sending heartbeat via results connection: last_result_beat=1688761471.8432267 heartbeat_period=30 seconds
2023-07-07 15:25:31.856 parsl:354 7326 Result-Pusher [INFO]  Sending heartbeat via results connection: last_result_beat=1688761501.8486164 heartbeat_period=30 seconds
2023-07-07 15:26:01.866 parsl:354 7326 Result-Pusher [INFO]  Sending heartbeat via results connection: last_result_beat=1688761531.8570614 heartbeat_period=30 seconds
2023-07-07 15:26:31.872 parsl:354 7326 Result-Pusher [INFO]  Sending heartbeat via results connection: last_result_beat=1688761561.8664646 heartbeat_period=30 seconds
2023-07-07 15:27:01.874 parsl:354 7326 Result-Pusher [INFO]  Sending heartbeat via results connection: last_result_beat=1688761591.8727891 heartbeat_period=30 seconds
2023-07-07 15:27:31.882 parsl:354 7326 Result-Pusher [INFO]  Sending heartbeat via results connection: last_result_beat=1688761621.8749375 heartbeat_period=30 seconds
2023-07-07 15:28:01.883 parsl:354 7326 Result-Pusher [INFO]  Sending heartbeat via results connection: last_result_beat=1688761651.8828108 heartbeat_period=30 seconds
2023-07-07 15:28:31.889 parsl:354 7326 Result-Pusher [INFO]  Sending heartbeat via results connection: last_result_beat=1688761681.8831942 heartbeat_period=30 seconds
2023-07-07 15:29:01.893 parsl:354 7326 Result-Pusher [INFO]  Sending heartbeat via results connection: last_result_beat=1688761711.8894606 heartbeat_period=30 seconds
2023-07-07 15:29:31.897 parsl:354 7326 Result-Pusher [INFO]  Sending heartbeat via results connection: last_result_beat=1688761741.8939235 heartbeat_period=30 seconds
2023-07-07 15:30:01.905 parsl:354 7326 Result-Pusher [INFO]  Sending heartbeat via results connection: last_result_beat=1688761771.8980713 heartbeat_period=30 seconds
2023-07-07 15:30:31.910 parsl:354 7326 Result-Pusher [INFO]  Sending heartbeat via results connection: last_result_beat=1688761801.9054039 heartbeat_period=30 seconds
2023-07-07 15:31:01.919 parsl:354 7326 Result-Pusher [INFO]  Sending heartbeat via results connection: last_result_beat=1688761831.9105973 heartbeat_period=30 seconds
2023-07-07 15:31:31.922 parsl:354 7326 Result-Pusher [INFO]  Sending heartbeat via results connection: last_result_beat=1688761861.9194615 heartbeat_period=30 seconds
2023-07-07 15:32:01.931 parsl:354 7326 Result-Pusher [INFO]  Sending heartbeat via results connection: last_result_beat=1688761891.9223614 heartbeat_period=30 seconds
2023-07-07 15:32:31.937 parsl:354 7326 Result-Pusher [INFO]  Sending heartbeat via results connection: last_result_beat=1688761921.931537 heartbeat_period=30 seconds
2023-07-07 15:33:01.947 parsl:354 7326 Result-Pusher [INFO]  Sending heartbeat via results connection: last_result_beat=1688761951.9375803 heartbeat_period=30 seconds
2023-07-07 15:33:31.953 parsl:354 7326 Result-Pusher [INFO]  Sending heartbeat via results connection: last_result_beat=1688761981.9475682 heartbeat_period=30 seconds
2023-07-07 15:34:01.962 parsl:354 7326 Result-Pusher [INFO]  Sending heartbeat via results connection: last_result_beat=1688762011.953608 heartbeat_period=30 seconds
2023-07-07 15:34:31.966 parsl:354 7326 Result-Pusher [INFO]  Sending heartbeat via results connection: last_result_beat=1688762041.9621525 heartbeat_period=30 seconds
2023-07-07 15:35:01.976 parsl:354 7326 Result-Pusher [INFO]  Sending heartbeat via results connection: last_result_beat=1688762071.9666407 heartbeat_period=30 seconds
2023-07-07 15:35:31.979 parsl:354 7326 Result-Pusher [INFO]  Sending heartbeat via results connection: last_result_beat=1688762101.9764593 heartbeat_period=30 seconds
2023-07-07 15:36:01.980 parsl:354 7326 Result-Pusher [INFO]  Sending heartbeat via results connection: last_result_beat=1688762131.9792812 heartbeat_period=30 seconds
2023-07-07 15:36:31.984 parsl:354 7326 Result-Pusher [INFO]  Sending heartbeat via results connection: last_result_beat=1688762161.9806383 heartbeat_period=30 seconds
2023-07-07 15:37:01.991 parsl:354 7326 Result-Pusher [INFO]  Sending heartbeat via results connection: last_result_beat=1688762191.984693 heartbeat_period=30 seconds
2023-07-07 15:37:31.999 parsl:354 7326 Result-Pusher [INFO]  Sending heartbeat via results connection: last_result_beat=1688762221.991338 heartbeat_period=30 seconds
2023-07-07 15:38:02.003 parsl:354 7326 Result-Pusher [INFO]  Sending heartbeat via results connection: last_result_beat=1688762251.9996946 heartbeat_period=30 seconds
2023-07-07 15:38:32.004 parsl:354 7326 Result-Pusher [INFO]  Sending heartbeat via results connection: last_result_beat=1688762282.0039978 heartbeat_period=30 seconds
2023-07-07 15:39:02.007 parsl:354 7326 Result-Pusher [INFO]  Sending heartbeat via results connection: last_result_beat=1688762312.0050044 heartbeat_period=30 seconds
2023-07-07 15:39:32.012 parsl:354 7326 Result-Pusher [INFO]  Sending heartbeat via results connection: last_result_beat=1688762342.0079541 heartbeat_period=30 seconds
2023-07-07 15:40:02.015 parsl:354 7326 Result-Pusher [INFO]  Sending heartbeat via results connection: last_result_beat=1688762372.0128026 heartbeat_period=30 seconds
2023-07-07 15:40:32.023 parsl:354 7326 Result-Pusher [INFO]  Sending heartbeat via results connection: last_result_beat=1688762402.0154846 heartbeat_period=30 seconds
2023-07-07 15:41:02.027 parsl:354 7326 Result-Pusher [INFO]  Sending heartbeat via results connection: last_result_beat=1688762432.0235128 heartbeat_period=30 seconds
2023-07-07 15:41:32.033 parsl:354 7326 Result-Pusher [INFO]  Sending heartbeat via results connection: last_result_beat=1688762462.0281029 heartbeat_period=30 seconds
2023-07-07 15:42:02.043 parsl:354 7326 Result-Pusher [INFO]  Sending heartbeat via results connection: last_result_beat=1688762492.0334702 heartbeat_period=30 seconds
2023-07-07 15:42:32.053 parsl:354 7326 Result-Pusher [INFO]  Sending heartbeat via results connection: last_result_beat=1688762522.0434697 heartbeat_period=30 seconds
2023-07-07 15:43:02.060 parsl:354 7326 Result-Pusher [INFO]  Sending heartbeat via results connection: last_result_beat=1688762552.0536249 heartbeat_period=30 seconds
2023-07-07 15:43:32.068 parsl:354 7326 Result-Pusher [INFO]  Sending heartbeat via results connection: last_result_beat=1688762582.060986 heartbeat_period=30 seconds
2023-07-07 15:44:02.072 parsl:354 7326 Result-Pusher [INFO]  Sending heartbeat via results connection: last_result_beat=1688762612.068991 heartbeat_period=30 seconds
2023-07-07 15:44:32.075 parsl:354 7326 Result-Pusher [INFO]  Sending heartbeat via results connection: last_result_beat=1688762642.072291 heartbeat_period=30 seconds
2023-07-07 15:45:02.085 parsl:354 7326 Result-Pusher [INFO]  Sending heartbeat via results connection: last_result_beat=1688762672.0751662 heartbeat_period=30 seconds
2023-07-07 15:45:32.085 parsl:354 7326 Result-Pusher [INFO]  Sending heartbeat via results connection: last_result_beat=1688762702.0853806 heartbeat_period=30 seconds
2023-07-07 15:46:02.086 parsl:354 7326 Result-Pusher [INFO]  Sending heartbeat via results connection: last_result_beat=1688762732.0857208 heartbeat_period=30 seconds
2023-07-07 15:46:32.091 parsl:354 7326 Result-Pusher [INFO]  Sending heartbeat via results connection: last_result_beat=1688762762.0861678 heartbeat_period=30 seconds
2023-07-07 15:47:02.097 parsl:354 7326 Result-Pusher [INFO]  Sending heartbeat via results connection: last_result_beat=1688762792.0912046 heartbeat_period=30 seconds
2023-07-07 15:47:32.102 parsl:354 7326 Result-Pusher [INFO]  Sending heartbeat via results connection: last_result_beat=1688762822.0971532 heartbeat_period=30 seconds
2023-07-07 15:48:02.111 parsl:354 7326 Result-Pusher [INFO]  Sending heartbeat via results connection: last_result_beat=1688762852.1022615 heartbeat_period=30 seconds
2023-07-07 15:48:32.119 parsl:354 7326 Result-Pusher [INFO]  Sending heartbeat via results connection: last_result_beat=1688762882.1115465 heartbeat_period=30 seconds
2023-07-07 15:49:02.121 parsl:354 7326 Result-Pusher [INFO]  Sending heartbeat via results connection: last_result_beat=1688762912.1195707 heartbeat_period=30 seconds
2023-07-07 15:49:32.128 parsl:354 7326 Result-Pusher [INFO]  Sending heartbeat via results connection: last_result_beat=1688762942.1211758 heartbeat_period=30 seconds
2023-07-07 15:50:02.129 parsl:354 7326 Result-Pusher [INFO]  Sending heartbeat via results connection: last_result_beat=1688762972.1284246 heartbeat_period=30 seconds
2023-07-07 15:50:32.135 parsl:354 7326 Result-Pusher [INFO]  Sending heartbeat via results connection: last_result_beat=1688763002.1293309 heartbeat_period=30 seconds
2023-07-07 15:51:02.139 parsl:354 7326 Result-Pusher [INFO]  Sending heartbeat via results connection: last_result_beat=1688763032.1357641 heartbeat_period=30 seconds
2023-07-07 15:51:32.139 parsl:354 7326 Result-Pusher [INFO]  Sending heartbeat via results connection: last_result_beat=1688763062.1393366 heartbeat_period=30 seconds
2023-07-07 15:52:02.143 parsl:354 7326 Result-Pusher [INFO]  Sending heartbeat via results connection: last_result_beat=1688763092.139815 heartbeat_period=30 seconds
2023-07-07 15:52:32.149 parsl:354 7326 Result-Pusher [INFO]  Sending heartbeat via results connection: last_result_beat=1688763122.143956 heartbeat_period=30 seconds
2023-07-07 15:53:02.150 parsl:354 7326 Result-Pusher [INFO]  Sending heartbeat via results connection: last_result_beat=1688763152.1500485 heartbeat_period=30 seconds
2023-07-07 15:53:32.153 parsl:354 7326 Result-Pusher [INFO]  Sending heartbeat via results connection: last_result_beat=1688763182.1508605 heartbeat_period=30 seconds
2023-07-07 15:54:02.154 parsl:354 7326 Result-Pusher [INFO]  Sending heartbeat via results connection: last_result_beat=1688763212.153167 heartbeat_period=30 seconds
2023-07-07 15:54:32.156 parsl:354 7326 Result-Pusher [INFO]  Sending heartbeat via results connection: last_result_beat=1688763242.154876 heartbeat_period=30 seconds
2023-07-07 15:55:02.162 parsl:354 7326 Result-Pusher [INFO]  Sending heartbeat via results connection: last_result_beat=1688763272.1568987 heartbeat_period=30 seconds
2023-07-07 15:55:32.166 parsl:354 7326 Result-Pusher [INFO]  Sending heartbeat via results connection: last_result_beat=1688763302.1624267 heartbeat_period=30 seconds
2023-07-07 15:56:02.170 parsl:354 7326 Result-Pusher [INFO]  Sending heartbeat via results connection: last_result_beat=1688763332.166593 heartbeat_period=30 seconds
2023-07-07 15:56:32.178 parsl:354 7326 Result-Pusher [INFO]  Sending heartbeat via results connection: last_result_beat=1688763362.17015 heartbeat_period=30 seconds
2023-07-07 15:57:02.181 parsl:354 7326 Result-Pusher [INFO]  Sending heartbeat via results connection: last_result_beat=1688763392.1790895 heartbeat_period=30 seconds
2023-07-07 15:57:32.186 parsl:354 7326 Result-Pusher [INFO]  Sending heartbeat via results connection: last_result_beat=1688763422.1817617 heartbeat_period=30 seconds
2023-07-07 15:58:02.193 parsl:354 7326 Result-Pusher [INFO]  Sending heartbeat via results connection: last_result_beat=1688763452.1863232 heartbeat_period=30 seconds
2023-07-07 15:58:32.194 parsl:354 7326 Result-Pusher [INFO]  Sending heartbeat via results connection: last_result_beat=1688763482.193525 heartbeat_period=30 seconds
2023-07-07 15:59:02.200 parsl:354 7326 Result-Pusher [INFO]  Sending heartbeat via results connection: last_result_beat=1688763512.19451 heartbeat_period=30 seconds
2023-07-07 15:59:32.201 parsl:354 7326 Result-Pusher [INFO]  Sending heartbeat via results connection: last_result_beat=1688763542.2002966 heartbeat_period=30 seconds
2023-07-07 16:00:02.208 parsl:354 7326 Result-Pusher [INFO]  Sending heartbeat via results connection: last_result_beat=1688763572.2016344 heartbeat_period=30 seconds
2023-07-07 16:00:32.215 parsl:354 7326 Result-Pusher [INFO]  Sending heartbeat via results connection: last_result_beat=1688763602.2086573 heartbeat_period=30 seconds
2023-07-07 16:01:02.223 parsl:354 7326 Result-Pusher [INFO]  Sending heartbeat via results connection: last_result_beat=1688763632.2155564 heartbeat_period=30 seconds
2023-07-07 16:01:32.232 parsl:354 7326 Result-Pusher [INFO]  Sending heartbeat via results connection: last_result_beat=1688763662.2237742 heartbeat_period=30 seconds
2023-07-07 16:02:02.236 parsl:354 7326 Result-Pusher [INFO]  Sending heartbeat via results connection: last_result_beat=1688763692.2325463 heartbeat_period=30 seconds
2023-07-07 16:02:32.238 parsl:354 7326 Result-Pusher [INFO]  Sending heartbeat via results connection: last_result_beat=1688763722.2366781 heartbeat_period=30 seconds
2023-07-07 16:03:02.245 parsl:354 7326 Result-Pusher [INFO]  Sending heartbeat via results connection: last_result_beat=1688763752.2387187 heartbeat_period=30 seconds
2023-07-07 16:03:32.253 parsl:354 7326 Result-Pusher [INFO]  Sending heartbeat via results connection: last_result_beat=1688763782.245587 heartbeat_period=30 seconds
2023-07-07 16:04:02.258 parsl:354 7326 Result-Pusher [INFO]  Sending heartbeat via results connection: last_result_beat=1688763812.253767 heartbeat_period=30 seconds
2023-07-07 16:04:32.268 parsl:354 7326 Result-Pusher [INFO]  Sending heartbeat via results connection: last_result_beat=1688763842.2584484 heartbeat_period=30 seconds
2023-07-07 16:05:02.268 parsl:354 7326 Result-Pusher [INFO]  Sending heartbeat via results connection: last_result_beat=1688763872.2681205 heartbeat_period=30 seconds
2023-07-07 16:05:32.271 parsl:354 7326 Result-Pusher [INFO]  Sending heartbeat via results connection: last_result_beat=1688763902.2689803 heartbeat_period=30 seconds
2023-07-07 16:06:02.273 parsl:354 7326 Result-Pusher [INFO]  Sending heartbeat via results connection: last_result_beat=1688763932.271144 heartbeat_period=30 seconds
2023-07-07 16:06:32.282 parsl:354 7326 Result-Pusher [INFO]  Sending heartbeat via results connection: last_result_beat=1688763962.2733881 heartbeat_period=30 seconds
2023-07-07 16:07:02.288 parsl:354 7326 Result-Pusher [INFO]  Sending heartbeat via results connection: last_result_beat=1688763992.2821 heartbeat_period=30 seconds
2023-07-07 16:07:32.291 parsl:354 7326 Result-Pusher [INFO]  Sending heartbeat via results connection: last_result_beat=1688764022.2888741 heartbeat_period=30 seconds
2023-07-07 16:08:02.295 parsl:354 7326 Result-Pusher [INFO]  Sending heartbeat via results connection: last_result_beat=1688764052.2914596 heartbeat_period=30 seconds
2023-07-07 16:08:32.304 parsl:354 7326 Result-Pusher [INFO]  Sending heartbeat via results connection: last_result_beat=1688764082.2960436 heartbeat_period=30 seconds
2023-07-07 16:09:02.313 parsl:354 7326 Result-Pusher [INFO]  Sending heartbeat via results connection: last_result_beat=1688764112.3048368 heartbeat_period=30 seconds
2023-07-07 16:09:32.316 parsl:354 7326 Result-Pusher [INFO]  Sending heartbeat via results connection: last_result_beat=1688764142.3131711 heartbeat_period=30 seconds
2023-07-07 16:10:02.325 parsl:354 7326 Result-Pusher [INFO]  Sending heartbeat via results connection: last_result_beat=1688764172.316569 heartbeat_period=30 seconds
2023-07-07 16:10:32.329 parsl:354 7326 Result-Pusher [INFO]  Sending heartbeat via results connection: last_result_beat=1688764202.3251605 heartbeat_period=30 seconds
2023-07-07 16:11:02.337 parsl:354 7326 Result-Pusher [INFO]  Sending heartbeat via results connection: last_result_beat=1688764232.3291562 heartbeat_period=30 seconds
2023-07-07 16:11:32.341 parsl:354 7326 Result-Pusher [INFO]  Sending heartbeat via results connection: last_result_beat=1688764262.3371525 heartbeat_period=30 seconds
2023-07-07 16:12:02.352 parsl:354 7326 Result-Pusher [INFO]  Sending heartbeat via results connection: last_result_beat=1688764292.3419766 heartbeat_period=30 seconds
2023-07-07 16:12:32.356 parsl:354 7326 Result-Pusher [INFO]  Sending heartbeat via results connection: last_result_beat=1688764322.3522935 heartbeat_period=30 seconds
2023-07-07 16:13:02.364 parsl:354 7326 Result-Pusher [INFO]  Sending heartbeat via results connection: last_result_beat=1688764352.356272 heartbeat_period=30 seconds
2023-07-07 16:13:32.372 parsl:354 7326 Result-Pusher [INFO]  Sending heartbeat via results connection: last_result_beat=1688764382.3649318 heartbeat_period=30 seconds
2023-07-07 16:14:02.375 parsl:354 7326 Result-Pusher [INFO]  Sending heartbeat via results connection: last_result_beat=1688764412.3728511 heartbeat_period=30 seconds
2023-07-07 16:14:32.378 parsl:354 7326 Result-Pusher [INFO]  Sending heartbeat via results connection: last_result_beat=1688764442.3751545 heartbeat_period=30 seconds
2023-07-07 16:15:02.379 parsl:354 7326 Result-Pusher [INFO]  Sending heartbeat via results connection: last_result_beat=1688764472.3782933 heartbeat_period=30 seconds
2023-07-07 16:15:32.384 parsl:354 7326 Result-Pusher [INFO]  Sending heartbeat via results connection: last_result_beat=1688764502.3794332 heartbeat_period=30 seconds
2023-07-07 16:16:02.388 parsl:354 7326 Result-Pusher [INFO]  Sending heartbeat via results connection: last_result_beat=1688764532.3849287 heartbeat_period=30 seconds
2023-07-07 16:16:32.398 parsl:354 7326 Result-Pusher [INFO]  Sending heartbeat via results connection: last_result_beat=1688764562.3884678 heartbeat_period=30 seconds
2023-07-07 16:17:02.407 parsl:354 7326 Result-Pusher [INFO]  Sending heartbeat via results connection: last_result_beat=1688764592.3982654 heartbeat_period=30 seconds
2023-07-07 16:17:32.417 parsl:354 7326 Result-Pusher [INFO]  Sending heartbeat via results connection: last_result_beat=1688764622.407512 heartbeat_period=30 seconds
2023-07-07 16:18:02.425 parsl:354 7326 Result-Pusher [INFO]  Sending heartbeat via results connection: last_result_beat=1688764652.4171135 heartbeat_period=30 seconds
2023-07-07 16:18:32.426 parsl:354 7326 Result-Pusher [INFO]  Sending heartbeat via results connection: last_result_beat=1688764682.425993 heartbeat_period=30 seconds
2023-07-07 16:19:02.427 parsl:354 7326 Result-Pusher [INFO]  Sending heartbeat via results connection: last_result_beat=1688764712.4261813 heartbeat_period=30 seconds
2023-07-07 16:19:32.436 parsl:354 7326 Result-Pusher [INFO]  Sending heartbeat via results connection: last_result_beat=1688764742.427761 heartbeat_period=30 seconds
2023-07-07 16:20:02.445 parsl:354 7326 Result-Pusher [INFO]  Sending heartbeat via results connection: last_result_beat=1688764772.43635 heartbeat_period=30 seconds
2023-07-07 16:20:32.452 parsl:354 7326 Result-Pusher [INFO]  Sending heartbeat via results connection: last_result_beat=1688764802.4455545 heartbeat_period=30 seconds
2023-07-07 16:21:02.452 parsl:354 7326 Result-Pusher [INFO]  Sending heartbeat via results connection: last_result_beat=1688764832.4523427 heartbeat_period=30 seconds
2023-07-07 16:21:32.459 parsl:354 7326 Result-Pusher [INFO]  Sending heartbeat via results connection: last_result_beat=1688764862.452641 heartbeat_period=30 seconds
2023-07-07 16:22:02.461 parsl:354 7326 Result-Pusher [INFO]  Sending heartbeat via results connection: last_result_beat=1688764892.459575 heartbeat_period=30 seconds
2023-07-07 16:22:32.468 parsl:354 7326 Result-Pusher [INFO]  Sending heartbeat via results connection: last_result_beat=1688764922.4612083 heartbeat_period=30 seconds
2023-07-07 16:23:02.475 parsl:354 7326 Result-Pusher [INFO]  Sending heartbeat via results connection: last_result_beat=1688764952.4685144 heartbeat_period=30 seconds
2023-07-07 16:23:32.483 parsl:354 7326 Result-Pusher [INFO]  Sending heartbeat via results connection: last_result_beat=1688764982.4755037 heartbeat_period=30 seconds
2023-07-07 16:24:02.489 parsl:354 7326 Result-Pusher [INFO]  Sending heartbeat via results connection: last_result_beat=1688765012.483627 heartbeat_period=30 seconds
2023-07-07 16:24:32.494 parsl:354 7326 Result-Pusher [INFO]  Sending heartbeat via results connection: last_result_beat=1688765042.4896622 heartbeat_period=30 seconds
2023-07-07 16:25:02.497 parsl:354 7326 Result-Pusher [INFO]  Sending heartbeat via results connection: last_result_beat=1688765072.4949067 heartbeat_period=30 seconds
2023-07-07 16:25:32.498 parsl:354 7326 Result-Pusher [INFO]  Sending heartbeat via results connection: last_result_beat=1688765102.4971876 heartbeat_period=30 seconds
2023-07-07 16:26:02.499 parsl:354 7326 Result-Pusher [INFO]  Sending heartbeat via results connection: last_result_beat=1688765132.4990573 heartbeat_period=30 seconds
2023-07-07 16:26:32.507 parsl:354 7326 Result-Pusher [INFO]  Sending heartbeat via results connection: last_result_beat=1688765162.4995031 heartbeat_period=30 seconds
2023-07-07 16:27:02.517 parsl:354 7326 Result-Pusher [INFO]  Sending heartbeat via results connection: last_result_beat=1688765192.5073462 heartbeat_period=30 seconds
2023-07-07 16:27:32.525 parsl:354 7326 Result-Pusher [INFO]  Sending heartbeat via results connection: last_result_beat=1688765222.5172458 heartbeat_period=30 seconds
2023-07-07 16:28:02.526 parsl:354 7326 Result-Pusher [INFO]  Sending heartbeat via results connection: last_result_beat=1688765252.5251226 heartbeat_period=30 seconds
2023-07-07 16:28:32.527 parsl:354 7326 Result-Pusher [INFO]  Sending heartbeat via results connection: last_result_beat=1688765282.5264854 heartbeat_period=30 seconds
2023-07-07 16:29:02.531 parsl:354 7326 Result-Pusher [INFO]  Sending heartbeat via results connection: last_result_beat=1688765312.5278573 heartbeat_period=30 seconds
2023-07-07 16:29:32.534 parsl:354 7326 Result-Pusher [INFO]  Sending heartbeat via results connection: last_result_beat=1688765342.5315127 heartbeat_period=30 seconds
2023-07-07 16:30:02.540 parsl:354 7326 Result-Pusher [INFO]  Sending heartbeat via results connection: last_result_beat=1688765372.5349176 heartbeat_period=30 seconds
2023-07-07 16:30:32.543 parsl:354 7326 Result-Pusher [INFO]  Sending heartbeat via results connection: last_result_beat=1688765402.5404813 heartbeat_period=30 seconds
2023-07-07 16:31:02.546 parsl:354 7326 Result-Pusher [INFO]  Sending heartbeat via results connection: last_result_beat=1688765432.544089 heartbeat_period=30 seconds
2023-07-07 16:31:32.551 parsl:354 7326 Result-Pusher [INFO]  Sending heartbeat via results connection: last_result_beat=1688765462.546129 heartbeat_period=30 seconds
2023-07-07 16:32:02.551 parsl:354 7326 Result-Pusher [INFO]  Sending heartbeat via results connection: last_result_beat=1688765492.551724 heartbeat_period=30 seconds
2023-07-07 16:32:32.554 parsl:354 7326 Result-Pusher [INFO]  Sending heartbeat via results connection: last_result_beat=1688765522.5520842 heartbeat_period=30 seconds
2023-07-07 16:33:02.558 parsl:354 7326 Result-Pusher [INFO]  Sending heartbeat via results connection: last_result_beat=1688765552.5545895 heartbeat_period=30 seconds
2023-07-07 16:33:32.566 parsl:354 7326 Result-Pusher [INFO]  Sending heartbeat via results connection: last_result_beat=1688765582.5584233 heartbeat_period=30 seconds
2023-07-07 16:34:02.574 parsl:354 7326 Result-Pusher [INFO]  Sending heartbeat via results connection: last_result_beat=1688765612.5665963 heartbeat_period=30 seconds
2023-07-07 16:34:32.580 parsl:354 7326 Result-Pusher [INFO]  Sending heartbeat via results connection: last_result_beat=1688765642.57473 heartbeat_period=30 seconds
2023-07-07 16:35:02.589 parsl:354 7326 Result-Pusher [INFO]  Sending heartbeat via results connection: last_result_beat=1688765672.5809078 heartbeat_period=30 seconds
2023-07-07 16:35:32.597 parsl:354 7326 Result-Pusher [INFO]  Sending heartbeat via results connection: last_result_beat=1688765702.5894628 heartbeat_period=30 seconds
2023-07-07 16:36:02.604 parsl:354 7326 Result-Pusher [INFO]  Sending heartbeat via results connection: last_result_beat=1688765732.597687 heartbeat_period=30 seconds
2023-07-07 16:36:32.613 parsl:354 7326 Result-Pusher [INFO]  Sending heartbeat via results connection: last_result_beat=1688765762.6042354 heartbeat_period=30 seconds
2023-07-07 16:37:02.622 parsl:354 7326 Result-Pusher [INFO]  Sending heartbeat via results connection: last_result_beat=1688765792.6136723 heartbeat_period=30 seconds
2023-07-07 16:37:32.629 parsl:354 7326 Result-Pusher [INFO]  Sending heartbeat via results connection: last_result_beat=1688765822.6228232 heartbeat_period=30 seconds
2023-07-07 16:38:02.639 parsl:354 7326 Result-Pusher [INFO]  Sending heartbeat via results connection: last_result_beat=1688765852.6294146 heartbeat_period=30 seconds
2023-07-07 16:38:32.641 parsl:354 7326 Result-Pusher [INFO]  Sending heartbeat via results connection: last_result_beat=1688765882.63943 heartbeat_period=30 seconds
2023-07-07 16:39:02.643 parsl:354 7326 Result-Pusher [INFO]  Sending heartbeat via results connection: last_result_beat=1688765912.6413646 heartbeat_period=30 seconds
2023-07-07 16:39:32.648 parsl:354 7326 Result-Pusher [INFO]  Sending heartbeat via results connection: last_result_beat=1688765942.6436858 heartbeat_period=30 seconds
2023-07-07 16:40:02.658 parsl:354 7326 Result-Pusher [INFO]  Sending heartbeat via results connection: last_result_beat=1688765972.6487813 heartbeat_period=30 seconds
2023-07-07 16:40:32.661 parsl:354 7326 Result-Pusher [INFO]  Sending heartbeat via results connection: last_result_beat=1688766002.658512 heartbeat_period=30 seconds
2023-07-07 16:41:02.671 parsl:354 7326 Result-Pusher [INFO]  Sending heartbeat via results connection: last_result_beat=1688766032.6615438 heartbeat_period=30 seconds
2023-07-07 16:41:32.678 parsl:354 7326 Result-Pusher [INFO]  Sending heartbeat via results connection: last_result_beat=1688766062.6711156 heartbeat_period=30 seconds
2023-07-07 16:42:02.685 parsl:354 7326 Result-Pusher [INFO]  Sending heartbeat via results connection: last_result_beat=1688766092.6783445 heartbeat_period=30 seconds
2023-07-07 16:42:32.693 parsl:354 7326 Result-Pusher [INFO]  Sending heartbeat via results connection: last_result_beat=1688766122.6854827 heartbeat_period=30 seconds
2023-07-07 16:43:02.702 parsl:354 7326 Result-Pusher [INFO]  Sending heartbeat via results connection: last_result_beat=1688766152.6936586 heartbeat_period=30 seconds
2023-07-07 16:43:32.703 parsl:354 7326 Result-Pusher [INFO]  Sending heartbeat via results connection: last_result_beat=1688766182.7030265 heartbeat_period=30 seconds
2023-07-07 16:44:02.713 parsl:354 7326 Result-Pusher [INFO]  Sending heartbeat via results connection: last_result_beat=1688766212.7040489 heartbeat_period=30 seconds
2023-07-07 16:44:32.715 parsl:354 7326 Result-Pusher [INFO]  Sending heartbeat via results connection: last_result_beat=1688766242.7140958 heartbeat_period=30 seconds
2023-07-07 16:45:02.719 parsl:354 7326 Result-Pusher [INFO]  Sending heartbeat via results connection: last_result_beat=1688766272.7156248 heartbeat_period=30 seconds
2023-07-07 16:45:32.720 parsl:354 7326 Result-Pusher [INFO]  Sending heartbeat via results connection: last_result_beat=1688766302.719476 heartbeat_period=30 seconds
2023-07-07 16:46:02.728 parsl:354 7326 Result-Pusher [INFO]  Sending heartbeat via results connection: last_result_beat=1688766332.720633 heartbeat_period=30 seconds
2023-07-07 16:46:32.735 parsl:354 7326 Result-Pusher [INFO]  Sending heartbeat via results connection: last_result_beat=1688766362.7289534 heartbeat_period=30 seconds
2023-07-07 16:47:02.743 parsl:354 7326 Result-Pusher [INFO]  Sending heartbeat via results connection: last_result_beat=1688766392.7360823 heartbeat_period=30 seconds
2023-07-07 16:47:32.751 parsl:354 7326 Result-Pusher [INFO]  Sending heartbeat via results connection: last_result_beat=1688766422.743749 heartbeat_period=30 seconds
2023-07-07 16:48:02.752 parsl:354 7326 Result-Pusher [INFO]  Sending heartbeat via results connection: last_result_beat=1688766452.7517292 heartbeat_period=30 seconds
2023-07-07 16:48:32.757 parsl:354 7326 Result-Pusher [INFO]  Sending heartbeat via results connection: last_result_beat=1688766482.7524083 heartbeat_period=30 seconds
2023-07-07 16:49:02.767 parsl:354 7326 Result-Pusher [INFO]  Sending heartbeat via results connection: last_result_beat=1688766512.7579508 heartbeat_period=30 seconds
2023-07-07 16:49:32.769 parsl:354 7326 Result-Pusher [INFO]  Sending heartbeat via results connection: last_result_beat=1688766542.7674472 heartbeat_period=30 seconds
2023-07-07 16:50:02.770 parsl:354 7326 Result-Pusher [INFO]  Sending heartbeat via results connection: last_result_beat=1688766572.7691133 heartbeat_period=30 seconds
2023-07-07 16:50:32.775 parsl:354 7326 Result-Pusher [INFO]  Sending heartbeat via results connection: last_result_beat=1688766602.7702503 heartbeat_period=30 seconds
2023-07-07 16:51:02.777 parsl:354 7326 Result-Pusher [INFO]  Sending heartbeat via results connection: last_result_beat=1688766632.7758982 heartbeat_period=30 seconds
2023-07-07 16:51:32.784 parsl:354 7326 Result-Pusher [INFO]  Sending heartbeat via results connection: last_result_beat=1688766662.7771182 heartbeat_period=30 seconds
2023-07-07 16:52:02.792 parsl:354 7326 Result-Pusher [INFO]  Sending heartbeat via results connection: last_result_beat=1688766692.7846055 heartbeat_period=30 seconds
2023-07-07 16:52:32.795 parsl:354 7326 Result-Pusher [INFO]  Sending heartbeat via results connection: last_result_beat=1688766722.792132 heartbeat_period=30 seconds
2023-07-07 16:53:02.803 parsl:354 7326 Result-Pusher [INFO]  Sending heartbeat via results connection: last_result_beat=1688766752.795645 heartbeat_period=30 seconds
2023-07-07 16:53:32.804 parsl:354 7326 Result-Pusher [INFO]  Sending heartbeat via results connection: last_result_beat=1688766782.8034244 heartbeat_period=30 seconds
2023-07-07 16:54:02.806 parsl:354 7326 Result-Pusher [INFO]  Sending heartbeat via results connection: last_result_beat=1688766812.8041208 heartbeat_period=30 seconds
2023-07-07 16:54:32.810 parsl:354 7326 Result-Pusher [INFO]  Sending heartbeat via results connection: last_result_beat=1688766842.80629 heartbeat_period=30 seconds
2023-07-07 16:55:02.815 parsl:354 7326 Result-Pusher [INFO]  Sending heartbeat via results connection: last_result_beat=1688766872.810332 heartbeat_period=30 seconds
2023-07-07 16:55:32.822 parsl:354 7326 Result-Pusher [INFO]  Sending heartbeat via results connection: last_result_beat=1688766902.8159435 heartbeat_period=30 seconds
2023-07-07 16:56:02.827 parsl:354 7326 Result-Pusher [INFO]  Sending heartbeat via results connection: last_result_beat=1688766932.8220994 heartbeat_period=30 seconds
2023-07-07 16:56:32.834 parsl:354 7326 Result-Pusher [INFO]  Sending heartbeat via results connection: last_result_beat=1688766962.82771 heartbeat_period=30 seconds
2023-07-07 16:57:02.843 parsl:354 7326 Result-Pusher [INFO]  Sending heartbeat via results connection: last_result_beat=1688766992.8346388 heartbeat_period=30 seconds
2023-07-07 16:57:32.853 parsl:354 7326 Result-Pusher [INFO]  Sending heartbeat via results connection: last_result_beat=1688767022.8438866 heartbeat_period=30 seconds
2023-07-07 16:58:02.853 parsl:354 7326 Result-Pusher [INFO]  Sending heartbeat via results connection: last_result_beat=1688767052.853239 heartbeat_period=30 seconds
2023-07-07 16:58:32.860 parsl:354 7326 Result-Pusher [INFO]  Sending heartbeat via results connection: last_result_beat=1688767082.8533936 heartbeat_period=30 seconds
2023-07-07 16:59:02.864 parsl:354 7326 Result-Pusher [INFO]  Sending heartbeat via results connection: last_result_beat=1688767112.8609586 heartbeat_period=30 seconds
2023-07-07 16:59:32.867 parsl:354 7326 Result-Pusher [INFO]  Sending heartbeat via results connection: last_result_beat=1688767142.8645806 heartbeat_period=30 seconds
2023-07-07 17:00:02.870 parsl:354 7326 Result-Pusher [INFO]  Sending heartbeat via results connection: last_result_beat=1688767172.868067 heartbeat_period=30 seconds
2023-07-07 17:00:32.878 parsl:354 7326 Result-Pusher [INFO]  Sending heartbeat via results connection: last_result_beat=1688767202.870856 heartbeat_period=30 seconds
2023-07-07 17:01:02.880 parsl:354 7326 Result-Pusher [INFO]  Sending heartbeat via results connection: last_result_beat=1688767232.8783243 heartbeat_period=30 seconds
2023-07-07 17:01:32.885 parsl:354 7326 Result-Pusher [INFO]  Sending heartbeat via results connection: last_result_beat=1688767262.8800986 heartbeat_period=30 seconds
2023-07-07 17:02:02.887 parsl:354 7326 Result-Pusher [INFO]  Sending heartbeat via results connection: last_result_beat=1688767292.8855007 heartbeat_period=30 seconds
2023-07-07 17:02:32.891 parsl:354 7326 Result-Pusher [INFO]  Sending heartbeat via results connection: last_result_beat=1688767322.887225 heartbeat_period=30 seconds
2023-07-07 17:03:02.894 parsl:354 7326 Result-Pusher [INFO]  Sending heartbeat via results connection: last_result_beat=1688767352.8912678 heartbeat_period=30 seconds
2023-07-07 17:03:32.900 parsl:354 7326 Result-Pusher [INFO]  Sending heartbeat via results connection: last_result_beat=1688767382.894377 heartbeat_period=30 seconds
2023-07-07 17:04:02.903 parsl:354 7326 Result-Pusher [INFO]  Sending heartbeat via results connection: last_result_beat=1688767412.9002614 heartbeat_period=30 seconds
2023-07-07 17:04:32.903 parsl:354 7326 Result-Pusher [INFO]  Sending heartbeat via results connection: last_result_beat=1688767442.9037945 heartbeat_period=30 seconds
2023-07-07 17:05:02.910 parsl:354 7326 Result-Pusher [INFO]  Sending heartbeat via results connection: last_result_beat=1688767472.9041548 heartbeat_period=30 seconds
2023-07-07 17:05:32.910 parsl:354 7326 Result-Pusher [INFO]  Sending heartbeat via results connection: last_result_beat=1688767502.9102275 heartbeat_period=30 seconds
2023-07-07 17:06:02.917 parsl:354 7326 Result-Pusher [INFO]  Sending heartbeat via results connection: last_result_beat=1688767532.910466 heartbeat_period=30 seconds
2023-07-07 17:06:32.927 parsl:354 7326 Result-Pusher [INFO]  Sending heartbeat via results connection: last_result_beat=1688767562.9177127 heartbeat_period=30 seconds
2023-07-07 17:07:02.937 parsl:354 7326 Result-Pusher [INFO]  Sending heartbeat via results connection: last_result_beat=1688767592.9273791 heartbeat_period=30 seconds
2023-07-07 17:07:32.939 parsl:354 7326 Result-Pusher [INFO]  Sending heartbeat via results connection: last_result_beat=1688767622.9376123 heartbeat_period=30 seconds
2023-07-07 17:08:02.948 parsl:354 7326 Result-Pusher [INFO]  Sending heartbeat via results connection: last_result_beat=1688767652.9400892 heartbeat_period=30 seconds
2023-07-07 17:08:32.955 parsl:354 7326 Result-Pusher [INFO]  Sending heartbeat via results connection: last_result_beat=1688767682.9480808 heartbeat_period=30 seconds
2023-07-07 17:09:02.956 parsl:354 7326 Result-Pusher [INFO]  Sending heartbeat via results connection: last_result_beat=1688767712.9551241 heartbeat_period=30 seconds
2023-07-07 17:09:32.958 parsl:354 7326 Result-Pusher [INFO]  Sending heartbeat via results connection: last_result_beat=1688767742.956919 heartbeat_period=30 seconds
2023-07-07 17:10:02.966 parsl:354 7326 Result-Pusher [INFO]  Sending heartbeat via results connection: last_result_beat=1688767772.9587145 heartbeat_period=30 seconds
2023-07-07 17:10:32.975 parsl:354 7326 Result-Pusher [INFO]  Sending heartbeat via results connection: last_result_beat=1688767802.9669833 heartbeat_period=30 seconds
2023-07-07 17:11:02.982 parsl:354 7326 Result-Pusher [INFO]  Sending heartbeat via results connection: last_result_beat=1688767832.9752839 heartbeat_period=30 seconds
2023-07-07 17:11:32.983 parsl:354 7326 Result-Pusher [INFO]  Sending heartbeat via results connection: last_result_beat=1688767862.9822366 heartbeat_period=30 seconds
2023-07-07 17:12:02.991 parsl:354 7326 Result-Pusher [INFO]  Sending heartbeat via results connection: last_result_beat=1688767892.9831274 heartbeat_period=30 seconds
2023-07-07 17:12:32.995 parsl:354 7326 Result-Pusher [INFO]  Sending heartbeat via results connection: last_result_beat=1688767922.9915516 heartbeat_period=30 seconds
2023-07-07 17:13:03.000 parsl:354 7326 Result-Pusher [INFO]  Sending heartbeat via results connection: last_result_beat=1688767952.9953432 heartbeat_period=30 seconds
2023-07-07 17:13:33.010 parsl:354 7326 Result-Pusher [INFO]  Sending heartbeat via results connection: last_result_beat=1688767983.0010457 heartbeat_period=30 seconds
2023-07-07 17:14:03.011 parsl:354 7326 Result-Pusher [INFO]  Sending heartbeat via results connection: last_result_beat=1688768013.0102005 heartbeat_period=30 seconds
2023-07-07 17:14:33.019 parsl:354 7326 Result-Pusher [INFO]  Sending heartbeat via results connection: last_result_beat=1688768043.0115764 heartbeat_period=30 seconds
2023-07-07 17:15:03.022 parsl:354 7326 Result-Pusher [INFO]  Sending heartbeat via results connection: last_result_beat=1688768073.0197225 heartbeat_period=30 seconds
2023-07-07 17:15:33.023 parsl:354 7326 Result-Pusher [INFO]  Sending heartbeat via results connection: last_result_beat=1688768103.0222201 heartbeat_period=30 seconds
2023-07-07 17:16:03.024 parsl:354 7326 Result-Pusher [INFO]  Sending heartbeat via results connection: last_result_beat=1688768133.0239203 heartbeat_period=30 seconds
2023-07-07 17:16:33.033 parsl:354 7326 Result-Pusher [INFO]  Sending heartbeat via results connection: last_result_beat=1688768163.0242648 heartbeat_period=30 seconds
2023-07-07 17:17:03.033 parsl:354 7326 Result-Pusher [INFO]  Sending heartbeat via results connection: last_result_beat=1688768193.0337958 heartbeat_period=30 seconds
2023-07-07 17:17:33.040 parsl:354 7326 Result-Pusher [INFO]  Sending heartbeat via results connection: last_result_beat=1688768223.0339549 heartbeat_period=30 seconds
2023-07-07 17:18:03.046 parsl:354 7326 Result-Pusher [INFO]  Sending heartbeat via results connection: last_result_beat=1688768253.0407345 heartbeat_period=30 seconds
2023-07-07 17:18:33.055 parsl:354 7326 Result-Pusher [INFO]  Sending heartbeat via results connection: last_result_beat=1688768283.0465882 heartbeat_period=30 seconds
2023-07-07 17:19:03.061 parsl:354 7326 Result-Pusher [INFO]  Sending heartbeat via results connection: last_result_beat=1688768313.0553296 heartbeat_period=30 seconds
2023-07-07 17:19:33.070 parsl:354 7326 Result-Pusher [INFO]  Sending heartbeat via results connection: last_result_beat=1688768343.061607 heartbeat_period=30 seconds
2023-07-07 17:20:03.075 parsl:354 7326 Result-Pusher [INFO]  Sending heartbeat via results connection: last_result_beat=1688768373.0702732 heartbeat_period=30 seconds
