2023-07-07 11:59:59.666 worker_log:538 7409 MainThread [INFO]  Worker 15 started
2023-07-07 12:02:52.375 worker_log:584 7409 MainThread [INFO]  Received executor task 16
2023-07-07 12:03:30.289 worker_log:602 7409 MainThread [INFO]  Completed executor task 16
2023-07-07 12:03:30.290 worker_log:613 7409 MainThread [INFO]  All processing finished for executor task 16
2023-07-07 12:03:30.301 worker_log:584 7409 MainThread [INFO]  Received executor task 31
2023-07-07 12:04:11.687 worker_log:602 7409 MainThread [INFO]  Completed executor task 31
2023-07-07 12:04:11.688 worker_log:613 7409 MainThread [INFO]  All processing finished for executor task 31
2023-07-07 12:04:11.699 worker_log:584 7409 MainThread [INFO]  Received executor task 56
2023-07-07 12:04:38.191 worker_log:602 7409 MainThread [INFO]  Completed executor task 56
2023-07-07 12:04:38.191 worker_log:613 7409 MainThread [INFO]  All processing finished for executor task 56
2023-07-07 12:04:38.202 worker_log:584 7409 MainThread [INFO]  Received executor task 72
2023-07-07 12:04:55.847 worker_log:602 7409 MainThread [INFO]  Completed executor task 72
2023-07-07 12:04:55.847 worker_log:613 7409 MainThread [INFO]  All processing finished for executor task 72
2023-07-07 12:04:55.859 worker_log:584 7409 MainThread [INFO]  Received executor task 82
2023-07-07 12:05:03.581 worker_log:602 7409 MainThread [INFO]  Completed executor task 82
2023-07-07 12:05:03.581 worker_log:613 7409 MainThread [INFO]  All processing finished for executor task 82
2023-07-07 12:05:03.592 worker_log:584 7409 MainThread [INFO]  Received executor task 88
2023-07-07 12:05:18.973 worker_log:602 7409 MainThread [INFO]  Completed executor task 88
2023-07-07 12:05:18.974 worker_log:613 7409 MainThread [INFO]  All processing finished for executor task 88
2023-07-07 12:05:18.985 worker_log:584 7409 MainThread [INFO]  Received executor task 96
2023-07-07 12:05:51.339 worker_log:602 7409 MainThread [INFO]  Completed executor task 96
2023-07-07 12:05:51.339 worker_log:613 7409 MainThread [INFO]  All processing finished for executor task 96
2023-07-07 12:05:51.351 worker_log:584 7409 MainThread [INFO]  Received executor task 111
2023-07-07 12:05:59.782 worker_log:602 7409 MainThread [INFO]  Completed executor task 111
2023-07-07 12:05:59.783 worker_log:613 7409 MainThread [INFO]  All processing finished for executor task 111
2023-07-07 12:05:59.794 worker_log:584 7409 MainThread [INFO]  Received executor task 119
2023-07-07 12:06:15.589 worker_log:602 7409 MainThread [INFO]  Completed executor task 119
2023-07-07 12:06:15.590 worker_log:613 7409 MainThread [INFO]  All processing finished for executor task 119
2023-07-07 12:06:15.601 worker_log:584 7409 MainThread [INFO]  Received executor task 127
2023-07-07 12:06:43.701 worker_log:602 7409 MainThread [INFO]  Completed executor task 127
2023-07-07 12:06:43.701 worker_log:613 7409 MainThread [INFO]  All processing finished for executor task 127
2023-07-07 12:06:43.715 worker_log:584 7409 MainThread [INFO]  Received executor task 140
2023-07-07 12:06:57.877 worker_log:602 7409 MainThread [INFO]  Completed executor task 140
2023-07-07 12:06:57.878 worker_log:613 7409 MainThread [INFO]  All processing finished for executor task 140
2023-07-07 12:06:57.879 worker_log:584 7409 MainThread [INFO]  Received executor task 148
2023-07-07 12:07:22.518 worker_log:602 7409 MainThread [INFO]  Completed executor task 148
2023-07-07 12:07:22.519 worker_log:613 7409 MainThread [INFO]  All processing finished for executor task 148
2023-07-07 12:07:22.530 worker_log:584 7409 MainThread [INFO]  Received executor task 163
2023-07-07 12:07:42.732 worker_log:602 7409 MainThread [INFO]  Completed executor task 163
2023-07-07 12:07:42.732 worker_log:613 7409 MainThread [INFO]  All processing finished for executor task 163
2023-07-07 12:07:42.743 worker_log:584 7409 MainThread [INFO]  Received executor task 175
2023-07-07 12:08:48.056 worker_log:602 7409 MainThread [INFO]  Completed executor task 175
2023-07-07 12:08:48.057 worker_log:613 7409 MainThread [INFO]  All processing finished for executor task 175
2023-07-07 12:08:48.068 worker_log:584 7409 MainThread [INFO]  Received executor task 208
2023-07-07 12:09:19.871 worker_log:602 7409 MainThread [INFO]  Completed executor task 208
2023-07-07 12:09:19.871 worker_log:613 7409 MainThread [INFO]  All processing finished for executor task 208
2023-07-07 12:09:19.882 worker_log:584 7409 MainThread [INFO]  Received executor task 223
2023-07-07 12:10:19.487 worker_log:602 7409 MainThread [INFO]  Completed executor task 223
2023-07-07 12:10:19.488 worker_log:613 7409 MainThread [INFO]  All processing finished for executor task 223
2023-07-07 12:10:19.499 worker_log:584 7409 MainThread [INFO]  Received executor task 250
2023-07-07 12:11:09.424 worker_log:602 7409 MainThread [INFO]  Completed executor task 250
2023-07-07 12:11:09.425 worker_log:613 7409 MainThread [INFO]  All processing finished for executor task 250
2023-07-07 12:11:09.436 worker_log:584 7409 MainThread [INFO]  Received executor task 270
2023-07-07 12:11:46.526 worker_log:602 7409 MainThread [INFO]  Completed executor task 270
2023-07-07 12:11:46.527 worker_log:613 7409 MainThread [INFO]  All processing finished for executor task 270
2023-07-07 12:11:46.538 worker_log:584 7409 MainThread [INFO]  Received executor task 287
2023-07-07 12:12:12.108 worker_log:602 7409 MainThread [INFO]  Completed executor task 287
2023-07-07 12:12:12.109 worker_log:613 7409 MainThread [INFO]  All processing finished for executor task 287
2023-07-07 12:12:12.121 worker_log:584 7409 MainThread [INFO]  Received executor task 297
2023-07-07 12:12:31.618 worker_log:602 7409 MainThread [INFO]  Completed executor task 297
2023-07-07 12:12:31.618 worker_log:613 7409 MainThread [INFO]  All processing finished for executor task 297
2023-07-07 12:12:31.629 worker_log:584 7409 MainThread [INFO]  Received executor task 307
2023-07-07 12:13:01.762 worker_log:602 7409 MainThread [INFO]  Completed executor task 307
2023-07-07 12:13:01.763 worker_log:613 7409 MainThread [INFO]  All processing finished for executor task 307
2023-07-07 12:13:01.774 worker_log:584 7409 MainThread [INFO]  Received executor task 326
2023-07-07 12:13:26.164 worker_log:602 7409 MainThread [INFO]  Completed executor task 326
2023-07-07 12:13:26.165 worker_log:613 7409 MainThread [INFO]  All processing finished for executor task 326
2023-07-07 12:13:26.175 worker_log:584 7409 MainThread [INFO]  Received executor task 338
2023-07-07 12:13:51.644 worker_log:602 7409 MainThread [INFO]  Completed executor task 338
2023-07-07 12:13:51.644 worker_log:613 7409 MainThread [INFO]  All processing finished for executor task 338
2023-07-07 12:13:51.655 worker_log:584 7409 MainThread [INFO]  Received executor task 350
2023-07-07 12:14:14.103 worker_log:602 7409 MainThread [INFO]  Completed executor task 350
2023-07-07 12:14:14.104 worker_log:613 7409 MainThread [INFO]  All processing finished for executor task 350
2023-07-07 12:14:14.115 worker_log:584 7409 MainThread [INFO]  Received executor task 365
2023-07-07 12:14:34.767 worker_log:602 7409 MainThread [INFO]  Completed executor task 365
2023-07-07 12:14:34.767 worker_log:613 7409 MainThread [INFO]  All processing finished for executor task 365
2023-07-07 12:14:34.778 worker_log:584 7409 MainThread [INFO]  Received executor task 374
2023-07-07 12:15:04.556 worker_log:602 7409 MainThread [INFO]  Completed executor task 374
2023-07-07 12:15:04.557 worker_log:613 7409 MainThread [INFO]  All processing finished for executor task 374
2023-07-07 12:15:04.568 worker_log:584 7409 MainThread [INFO]  Received executor task 389
2023-07-07 12:15:37.597 worker_log:602 7409 MainThread [INFO]  Completed executor task 389
2023-07-07 12:15:37.597 worker_log:613 7409 MainThread [INFO]  All processing finished for executor task 389
2023-07-07 12:15:37.616 worker_log:584 7409 MainThread [INFO]  Received executor task 404
2023-07-07 12:16:47.922 worker_log:602 7409 MainThread [INFO]  Completed executor task 404
2023-07-07 12:16:47.922 worker_log:613 7409 MainThread [INFO]  All processing finished for executor task 404
2023-07-07 12:16:47.933 worker_log:584 7409 MainThread [INFO]  Received executor task 435
2023-07-07 12:17:16.773 worker_log:602 7409 MainThread [INFO]  Completed executor task 435
2023-07-07 12:17:16.773 worker_log:613 7409 MainThread [INFO]  All processing finished for executor task 435
2023-07-07 12:17:16.784 worker_log:584 7409 MainThread [INFO]  Received executor task 446
2023-07-07 12:17:38.258 worker_log:602 7409 MainThread [INFO]  Completed executor task 446
2023-07-07 12:17:38.258 worker_log:613 7409 MainThread [INFO]  All processing finished for executor task 446
2023-07-07 12:17:38.269 worker_log:584 7409 MainThread [INFO]  Received executor task 460
2023-07-07 12:18:07.004 worker_log:602 7409 MainThread [INFO]  Completed executor task 460
2023-07-07 12:18:07.005 worker_log:613 7409 MainThread [INFO]  All processing finished for executor task 460
2023-07-07 12:18:07.016 worker_log:584 7409 MainThread [INFO]  Received executor task 473
2023-07-07 12:18:47.876 worker_log:602 7409 MainThread [INFO]  Completed executor task 473
2023-07-07 12:18:47.877 worker_log:613 7409 MainThread [INFO]  All processing finished for executor task 473
2023-07-07 12:18:47.888 worker_log:584 7409 MainThread [INFO]  Received executor task 491
2023-07-07 12:19:07.937 worker_log:602 7409 MainThread [INFO]  Completed executor task 491
2023-07-07 12:19:07.938 worker_log:613 7409 MainThread [INFO]  All processing finished for executor task 491
2023-07-07 12:19:07.949 worker_log:584 7409 MainThread [INFO]  Received executor task 502
2023-07-07 12:19:46.902 worker_log:602 7409 MainThread [INFO]  Completed executor task 502
2023-07-07 12:19:46.902 worker_log:613 7409 MainThread [INFO]  All processing finished for executor task 502
2023-07-07 12:19:46.918 worker_log:584 7409 MainThread [INFO]  Received executor task 519
2023-07-07 12:19:57.734 worker_log:602 7409 MainThread [INFO]  Completed executor task 519
2023-07-07 12:19:57.734 worker_log:613 7409 MainThread [INFO]  All processing finished for executor task 519
2023-07-07 12:19:57.746 worker_log:584 7409 MainThread [INFO]  Received executor task 531
2023-07-07 12:20:36.563 worker_log:602 7409 MainThread [INFO]  Completed executor task 531
2023-07-07 12:20:36.564 worker_log:613 7409 MainThread [INFO]  All processing finished for executor task 531
2023-07-07 12:20:36.575 worker_log:584 7409 MainThread [INFO]  Received executor task 545
2023-07-07 12:21:18.914 worker_log:602 7409 MainThread [INFO]  Completed executor task 545
2023-07-07 12:21:18.914 worker_log:613 7409 MainThread [INFO]  All processing finished for executor task 545
2023-07-07 12:21:18.926 worker_log:584 7409 MainThread [INFO]  Received executor task 560
2023-07-07 12:21:41.501 worker_log:602 7409 MainThread [INFO]  Completed executor task 560
2023-07-07 12:21:41.501 worker_log:613 7409 MainThread [INFO]  All processing finished for executor task 560
2023-07-07 12:21:41.512 worker_log:584 7409 MainThread [INFO]  Received executor task 569
2023-07-07 12:22:25.655 worker_log:602 7409 MainThread [INFO]  Completed executor task 569
2023-07-07 12:22:25.656 worker_log:613 7409 MainThread [INFO]  All processing finished for executor task 569
2023-07-07 12:22:25.667 worker_log:584 7409 MainThread [INFO]  Received executor task 589
2023-07-07 12:22:33.637 worker_log:602 7409 MainThread [INFO]  Completed executor task 589
2023-07-07 12:22:33.637 worker_log:613 7409 MainThread [INFO]  All processing finished for executor task 589
2023-07-07 12:22:33.649 worker_log:584 7409 MainThread [INFO]  Received executor task 594
2023-07-07 12:23:08.647 worker_log:602 7409 MainThread [INFO]  Completed executor task 594
2023-07-07 12:23:08.647 worker_log:613 7409 MainThread [INFO]  All processing finished for executor task 594
2023-07-07 12:23:08.658 worker_log:584 7409 MainThread [INFO]  Received executor task 611
2023-07-07 12:24:00.958 worker_log:602 7409 MainThread [INFO]  Completed executor task 611
2023-07-07 12:24:00.959 worker_log:613 7409 MainThread [INFO]  All processing finished for executor task 611
2023-07-07 12:24:00.970 worker_log:584 7409 MainThread [INFO]  Received executor task 634
2023-07-07 12:24:27.907 worker_log:602 7409 MainThread [INFO]  Completed executor task 634
2023-07-07 12:24:27.907 worker_log:613 7409 MainThread [INFO]  All processing finished for executor task 634
2023-07-07 12:24:27.918 worker_log:584 7409 MainThread [INFO]  Received executor task 649
2023-07-07 12:25:08.307 worker_log:602 7409 MainThread [INFO]  Completed executor task 649
2023-07-07 12:25:08.308 worker_log:613 7409 MainThread [INFO]  All processing finished for executor task 649
2023-07-07 12:25:08.319 worker_log:584 7409 MainThread [INFO]  Received executor task 668
2023-07-07 12:25:36.663 worker_log:602 7409 MainThread [INFO]  Completed executor task 668
2023-07-07 12:25:36.663 worker_log:613 7409 MainThread [INFO]  All processing finished for executor task 668
2023-07-07 12:25:36.674 worker_log:584 7409 MainThread [INFO]  Received executor task 678
2023-07-07 12:25:49.189 worker_log:602 7409 MainThread [INFO]  Completed executor task 678
2023-07-07 12:25:49.190 worker_log:613 7409 MainThread [INFO]  All processing finished for executor task 678
2023-07-07 12:25:49.201 worker_log:584 7409 MainThread [INFO]  Received executor task 685
2023-07-07 12:26:54.584 worker_log:602 7409 MainThread [INFO]  Completed executor task 685
2023-07-07 12:26:54.597 worker_log:613 7409 MainThread [INFO]  All processing finished for executor task 685
2023-07-07 12:26:54.597 worker_log:584 7409 MainThread [INFO]  Received executor task 715
2023-07-07 12:27:07.825 worker_log:602 7409 MainThread [INFO]  Completed executor task 715
2023-07-07 12:27:07.825 worker_log:613 7409 MainThread [INFO]  All processing finished for executor task 715
2023-07-07 12:27:07.836 worker_log:584 7409 MainThread [INFO]  Received executor task 726
2023-07-07 12:27:40.420 worker_log:602 7409 MainThread [INFO]  Completed executor task 726
2023-07-07 12:27:40.420 worker_log:613 7409 MainThread [INFO]  All processing finished for executor task 726
2023-07-07 12:27:40.431 worker_log:584 7409 MainThread [INFO]  Received executor task 742
2023-07-07 12:28:13.169 worker_log:602 7409 MainThread [INFO]  Completed executor task 742
2023-07-07 12:28:13.170 worker_log:613 7409 MainThread [INFO]  All processing finished for executor task 742
2023-07-07 12:28:13.182 worker_log:584 7409 MainThread [INFO]  Received executor task 755
2023-07-07 12:29:16.566 worker_log:602 7409 MainThread [INFO]  Completed executor task 755
2023-07-07 12:29:16.566 worker_log:613 7409 MainThread [INFO]  All processing finished for executor task 755
2023-07-07 12:29:16.577 worker_log:584 7409 MainThread [INFO]  Received executor task 783
2023-07-07 12:29:57.287 worker_log:602 7409 MainThread [INFO]  Completed executor task 783
2023-07-07 12:29:57.297 worker_log:613 7409 MainThread [INFO]  All processing finished for executor task 783
2023-07-07 12:29:57.305 worker_log:584 7409 MainThread [INFO]  Received executor task 803
2023-07-07 12:30:25.195 worker_log:602 7409 MainThread [INFO]  Completed executor task 803
2023-07-07 12:30:25.195 worker_log:613 7409 MainThread [INFO]  All processing finished for executor task 803
2023-07-07 12:30:25.207 worker_log:584 7409 MainThread [INFO]  Received executor task 819
2023-07-07 12:30:48.688 worker_log:602 7409 MainThread [INFO]  Completed executor task 819
2023-07-07 12:30:48.689 worker_log:613 7409 MainThread [INFO]  All processing finished for executor task 819
2023-07-07 12:30:48.700 worker_log:584 7409 MainThread [INFO]  Received executor task 834
2023-07-07 12:31:08.018 worker_log:602 7409 MainThread [INFO]  Completed executor task 834
2023-07-07 12:31:08.018 worker_log:613 7409 MainThread [INFO]  All processing finished for executor task 834
2023-07-07 12:31:08.029 worker_log:584 7409 MainThread [INFO]  Received executor task 845
2023-07-07 12:31:40.218 worker_log:602 7409 MainThread [INFO]  Completed executor task 845
2023-07-07 12:31:40.219 worker_log:613 7409 MainThread [INFO]  All processing finished for executor task 845
2023-07-07 12:31:40.230 worker_log:584 7409 MainThread [INFO]  Received executor task 864
2023-07-07 12:31:58.672 worker_log:602 7409 MainThread [INFO]  Completed executor task 864
2023-07-07 12:31:58.673 worker_log:613 7409 MainThread [INFO]  All processing finished for executor task 864
2023-07-07 12:31:58.685 worker_log:584 7409 MainThread [INFO]  Received executor task 872
2023-07-07 12:32:27.137 worker_log:602 7409 MainThread [INFO]  Completed executor task 872
2023-07-07 12:32:27.137 worker_log:613 7409 MainThread [INFO]  All processing finished for executor task 872
2023-07-07 12:32:27.148 worker_log:584 7409 MainThread [INFO]  Received executor task 886
2023-07-07 12:32:54.953 worker_log:602 7409 MainThread [INFO]  Completed executor task 886
2023-07-07 12:32:54.954 worker_log:613 7409 MainThread [INFO]  All processing finished for executor task 886
2023-07-07 12:32:54.965 worker_log:584 7409 MainThread [INFO]  Received executor task 906
2023-07-07 12:33:03.471 worker_log:602 7409 MainThread [INFO]  Completed executor task 906
2023-07-07 12:33:03.471 worker_log:613 7409 MainThread [INFO]  All processing finished for executor task 906
2023-07-07 12:33:03.482 worker_log:584 7409 MainThread [INFO]  Received executor task 912
2023-07-07 12:33:13.636 worker_log:602 7409 MainThread [INFO]  Completed executor task 912
2023-07-07 12:33:13.637 worker_log:613 7409 MainThread [INFO]  All processing finished for executor task 912
2023-07-07 12:33:13.648 worker_log:584 7409 MainThread [INFO]  Received executor task 925
2023-07-07 12:33:47.515 worker_log:602 7409 MainThread [INFO]  Completed executor task 925
2023-07-07 12:33:47.516 worker_log:613 7409 MainThread [INFO]  All processing finished for executor task 925
2023-07-07 12:33:47.527 worker_log:584 7409 MainThread [INFO]  Received executor task 945
2023-07-07 12:34:29.942 worker_log:602 7409 MainThread [INFO]  Completed executor task 945
2023-07-07 12:34:29.942 worker_log:613 7409 MainThread [INFO]  All processing finished for executor task 945
2023-07-07 12:34:29.953 worker_log:584 7409 MainThread [INFO]  Received executor task 970
2023-07-07 12:34:56.667 worker_log:602 7409 MainThread [INFO]  Completed executor task 970
2023-07-07 12:34:56.667 worker_log:613 7409 MainThread [INFO]  All processing finished for executor task 970
2023-07-07 12:34:56.679 worker_log:584 7409 MainThread [INFO]  Received executor task 982
2023-07-07 12:35:29.291 worker_log:602 7409 MainThread [INFO]  Completed executor task 982
2023-07-07 12:35:29.291 worker_log:613 7409 MainThread [INFO]  All processing finished for executor task 982
2023-07-07 12:35:29.303 worker_log:584 7409 MainThread [INFO]  Received executor task 1004
2023-07-07 12:35:50.711 worker_log:602 7409 MainThread [INFO]  Completed executor task 1004
2023-07-07 12:35:50.714 worker_log:613 7409 MainThread [INFO]  All processing finished for executor task 1004
2023-07-07 12:35:50.736 worker_log:584 7409 MainThread [INFO]  Received executor task 1017
2023-07-07 12:36:19.142 worker_log:602 7409 MainThread [INFO]  Completed executor task 1017
2023-07-07 12:36:19.143 worker_log:613 7409 MainThread [INFO]  All processing finished for executor task 1017
2023-07-07 12:36:19.154 worker_log:584 7409 MainThread [INFO]  Received executor task 1034
2023-07-07 12:37:01.699 worker_log:602 7409 MainThread [INFO]  Completed executor task 1034
2023-07-07 12:37:01.700 worker_log:613 7409 MainThread [INFO]  All processing finished for executor task 1034
2023-07-07 12:37:01.711 worker_log:584 7409 MainThread [INFO]  Received executor task 1051
2023-07-07 12:37:32.168 worker_log:602 7409 MainThread [INFO]  Completed executor task 1051
2023-07-07 12:37:32.168 worker_log:613 7409 MainThread [INFO]  All processing finished for executor task 1051
2023-07-07 12:37:32.179 worker_log:584 7409 MainThread [INFO]  Received executor task 1069
2023-07-07 12:38:07.759 worker_log:602 7409 MainThread [INFO]  Completed executor task 1069
2023-07-07 12:38:07.760 worker_log:613 7409 MainThread [INFO]  All processing finished for executor task 1069
2023-07-07 12:38:07.772 worker_log:584 7409 MainThread [INFO]  Received executor task 1088
2023-07-07 12:39:04.303 worker_log:602 7409 MainThread [INFO]  Completed executor task 1088
2023-07-07 12:39:04.306 worker_log:613 7409 MainThread [INFO]  All processing finished for executor task 1088
2023-07-07 12:39:04.315 worker_log:584 7409 MainThread [INFO]  Received executor task 1109
2023-07-07 12:39:29.339 worker_log:602 7409 MainThread [INFO]  Completed executor task 1109
2023-07-07 12:39:29.339 worker_log:613 7409 MainThread [INFO]  All processing finished for executor task 1109
2023-07-07 12:39:29.352 worker_log:584 7409 MainThread [INFO]  Received executor task 1121
2023-07-07 12:40:06.411 worker_log:602 7409 MainThread [INFO]  Completed executor task 1121
2023-07-07 12:40:06.411 worker_log:613 7409 MainThread [INFO]  All processing finished for executor task 1121
2023-07-07 12:40:06.424 worker_log:584 7409 MainThread [INFO]  Received executor task 1136
2023-07-07 12:40:55.773 worker_log:602 7409 MainThread [INFO]  Completed executor task 1136
2023-07-07 12:40:55.774 worker_log:613 7409 MainThread [INFO]  All processing finished for executor task 1136
2023-07-07 12:40:55.785 worker_log:584 7409 MainThread [INFO]  Received executor task 1153
2023-07-07 12:41:48.544 worker_log:602 7409 MainThread [INFO]  Completed executor task 1153
2023-07-07 12:41:48.545 worker_log:613 7409 MainThread [INFO]  All processing finished for executor task 1153
2023-07-07 12:41:48.556 worker_log:584 7409 MainThread [INFO]  Received executor task 1177
2023-07-07 12:42:04.155 worker_log:602 7409 MainThread [INFO]  Completed executor task 1177
2023-07-07 12:42:04.155 worker_log:613 7409 MainThread [INFO]  All processing finished for executor task 1177
2023-07-07 12:42:04.166 worker_log:584 7409 MainThread [INFO]  Received executor task 1186
2023-07-07 12:42:46.751 worker_log:602 7409 MainThread [INFO]  Completed executor task 1186
2023-07-07 12:42:46.752 worker_log:613 7409 MainThread [INFO]  All processing finished for executor task 1186
2023-07-07 12:42:46.765 worker_log:584 7409 MainThread [INFO]  Received executor task 1205
2023-07-07 12:43:37.707 worker_log:602 7409 MainThread [INFO]  Completed executor task 1205
2023-07-07 12:43:37.708 worker_log:613 7409 MainThread [INFO]  All processing finished for executor task 1205
2023-07-07 12:43:37.720 worker_log:584 7409 MainThread [INFO]  Received executor task 1231
2023-07-07 12:43:46.847 worker_log:602 7409 MainThread [INFO]  Completed executor task 1231
2023-07-07 12:43:46.847 worker_log:613 7409 MainThread [INFO]  All processing finished for executor task 1231
2023-07-07 12:43:46.859 worker_log:584 7409 MainThread [INFO]  Received executor task 1237
2023-07-07 12:44:41.523 worker_log:602 7409 MainThread [INFO]  Completed executor task 1237
2023-07-07 12:44:41.524 worker_log:613 7409 MainThread [INFO]  All processing finished for executor task 1237
2023-07-07 12:44:41.535 worker_log:584 7409 MainThread [INFO]  Received executor task 1264
2023-07-07 12:45:05.802 worker_log:602 7409 MainThread [INFO]  Completed executor task 1264
2023-07-07 12:45:05.803 worker_log:613 7409 MainThread [INFO]  All processing finished for executor task 1264
2023-07-07 12:45:05.814 worker_log:584 7409 MainThread [INFO]  Received executor task 1274
2023-07-07 12:46:00.803 worker_log:602 7409 MainThread [INFO]  Completed executor task 1274
2023-07-07 12:46:00.803 worker_log:613 7409 MainThread [INFO]  All processing finished for executor task 1274
2023-07-07 12:46:00.821 worker_log:584 7409 MainThread [INFO]  Received executor task 1300
2023-07-07 12:46:52.522 worker_log:602 7409 MainThread [INFO]  Completed executor task 1300
2023-07-07 12:46:52.523 worker_log:613 7409 MainThread [INFO]  All processing finished for executor task 1300
2023-07-07 12:46:52.534 worker_log:584 7409 MainThread [INFO]  Received executor task 1324
2023-07-07 12:47:31.338 worker_log:602 7409 MainThread [INFO]  Completed executor task 1324
2023-07-07 12:47:31.339 worker_log:613 7409 MainThread [INFO]  All processing finished for executor task 1324
2023-07-07 12:47:31.350 worker_log:584 7409 MainThread [INFO]  Received executor task 1343
2023-07-07 12:47:53.298 worker_log:602 7409 MainThread [INFO]  Completed executor task 1343
2023-07-07 12:47:53.299 worker_log:613 7409 MainThread [INFO]  All processing finished for executor task 1343
2023-07-07 12:47:53.311 worker_log:584 7409 MainThread [INFO]  Received executor task 1356
2023-07-07 12:48:26.054 worker_log:602 7409 MainThread [INFO]  Completed executor task 1356
2023-07-07 12:48:26.055 worker_log:613 7409 MainThread [INFO]  All processing finished for executor task 1356
2023-07-07 12:48:26.072 worker_log:584 7409 MainThread [INFO]  Received executor task 1369
2023-07-07 12:48:49.685 worker_log:602 7409 MainThread [INFO]  Completed executor task 1369
2023-07-07 12:48:49.686 worker_log:613 7409 MainThread [INFO]  All processing finished for executor task 1369
2023-07-07 12:48:49.697 worker_log:584 7409 MainThread [INFO]  Received executor task 1379
2023-07-07 12:49:29.823 worker_log:602 7409 MainThread [INFO]  Completed executor task 1379
2023-07-07 12:49:29.824 worker_log:613 7409 MainThread [INFO]  All processing finished for executor task 1379
2023-07-07 12:49:29.836 worker_log:584 7409 MainThread [INFO]  Received executor task 1399
2023-07-07 12:50:13.781 worker_log:602 7409 MainThread [INFO]  Completed executor task 1399
2023-07-07 12:50:13.781 worker_log:613 7409 MainThread [INFO]  All processing finished for executor task 1399
2023-07-07 12:50:13.792 worker_log:584 7409 MainThread [INFO]  Received executor task 1423
2023-07-07 12:50:34.772 worker_log:602 7409 MainThread [INFO]  Completed executor task 1423
2023-07-07 12:50:34.772 worker_log:613 7409 MainThread [INFO]  All processing finished for executor task 1423
2023-07-07 12:50:34.784 worker_log:584 7409 MainThread [INFO]  Received executor task 1434
2023-07-07 12:51:06.329 worker_log:602 7409 MainThread [INFO]  Completed executor task 1434
2023-07-07 12:51:06.330 worker_log:613 7409 MainThread [INFO]  All processing finished for executor task 1434
2023-07-07 12:51:06.351 worker_log:584 7409 MainThread [INFO]  Received executor task 1449
2023-07-07 12:51:34.647 worker_log:602 7409 MainThread [INFO]  Completed executor task 1449
2023-07-07 12:51:34.648 worker_log:613 7409 MainThread [INFO]  All processing finished for executor task 1449
2023-07-07 12:51:34.659 worker_log:584 7409 MainThread [INFO]  Received executor task 1460
2023-07-07 12:52:09.121 worker_log:602 7409 MainThread [INFO]  Completed executor task 1460
2023-07-07 12:52:09.122 worker_log:613 7409 MainThread [INFO]  All processing finished for executor task 1460
2023-07-07 12:52:09.133 worker_log:584 7409 MainThread [INFO]  Received executor task 1479
2023-07-07 12:52:38.911 worker_log:602 7409 MainThread [INFO]  Completed executor task 1479
2023-07-07 12:52:38.912 worker_log:613 7409 MainThread [INFO]  All processing finished for executor task 1479
2023-07-07 12:52:38.924 worker_log:584 7409 MainThread [INFO]  Received executor task 1492
2023-07-07 12:52:57.189 worker_log:602 7409 MainThread [INFO]  Completed executor task 1492
2023-07-07 12:52:57.189 worker_log:613 7409 MainThread [INFO]  All processing finished for executor task 1492
2023-07-07 12:52:57.201 worker_log:584 7409 MainThread [INFO]  Received executor task 1503
2023-07-07 12:53:43.540 worker_log:602 7409 MainThread [INFO]  Completed executor task 1503
2023-07-07 12:53:43.541 worker_log:613 7409 MainThread [INFO]  All processing finished for executor task 1503
2023-07-07 12:53:43.556 worker_log:584 7409 MainThread [INFO]  Received executor task 1530
2023-07-07 12:53:57.071 worker_log:602 7409 MainThread [INFO]  Completed executor task 1530
2023-07-07 12:53:57.071 worker_log:613 7409 MainThread [INFO]  All processing finished for executor task 1530
2023-07-07 12:53:57.083 worker_log:584 7409 MainThread [INFO]  Received executor task 1534
2023-07-07 12:54:35.677 worker_log:602 7409 MainThread [INFO]  Completed executor task 1534
2023-07-07 12:54:35.677 worker_log:613 7409 MainThread [INFO]  All processing finished for executor task 1534
2023-07-07 12:54:35.688 worker_log:584 7409 MainThread [INFO]  Received executor task 1557
2023-07-07 12:54:54.553 worker_log:602 7409 MainThread [INFO]  Completed executor task 1557
2023-07-07 12:54:54.565 worker_log:613 7409 MainThread [INFO]  All processing finished for executor task 1557
2023-07-07 12:54:54.565 worker_log:584 7409 MainThread [INFO]  Received executor task 1567
2023-07-07 12:55:02.286 worker_log:602 7409 MainThread [INFO]  Completed executor task 1567
2023-07-07 12:55:02.286 worker_log:613 7409 MainThread [INFO]  All processing finished for executor task 1567
2023-07-07 12:55:02.299 worker_log:584 7409 MainThread [INFO]  Received executor task 1574
2023-07-07 12:55:25.606 worker_log:602 7409 MainThread [INFO]  Completed executor task 1574
2023-07-07 12:55:25.606 worker_log:613 7409 MainThread [INFO]  All processing finished for executor task 1574
2023-07-07 12:55:25.619 worker_log:584 7409 MainThread [INFO]  Received executor task 1589
2023-07-07 12:55:49.092 worker_log:602 7409 MainThread [INFO]  Completed executor task 1589
2023-07-07 12:55:49.093 worker_log:613 7409 MainThread [INFO]  All processing finished for executor task 1589
2023-07-07 12:55:49.104 worker_log:584 7409 MainThread [INFO]  Received executor task 1596
2023-07-07 12:56:11.879 worker_log:602 7409 MainThread [INFO]  Completed executor task 1596
2023-07-07 12:56:11.879 worker_log:613 7409 MainThread [INFO]  All processing finished for executor task 1596
2023-07-07 12:56:11.890 worker_log:584 7409 MainThread [INFO]  Received executor task 1612
2023-07-07 12:56:39.389 worker_log:602 7409 MainThread [INFO]  Completed executor task 1612
2023-07-07 12:56:39.389 worker_log:613 7409 MainThread [INFO]  All processing finished for executor task 1612
2023-07-07 12:56:39.400 worker_log:584 7409 MainThread [INFO]  Received executor task 1632
2023-07-07 12:56:57.527 worker_log:602 7409 MainThread [INFO]  Completed executor task 1632
2023-07-07 12:56:57.528 worker_log:613 7409 MainThread [INFO]  All processing finished for executor task 1632
2023-07-07 12:56:57.540 worker_log:584 7409 MainThread [INFO]  Received executor task 1638
2023-07-07 12:57:22.554 worker_log:602 7409 MainThread [INFO]  Completed executor task 1638
2023-07-07 12:57:22.555 worker_log:613 7409 MainThread [INFO]  All processing finished for executor task 1638
2023-07-07 12:57:22.566 worker_log:584 7409 MainThread [INFO]  Received executor task 1655
2023-07-07 12:57:36.254 worker_log:602 7409 MainThread [INFO]  Completed executor task 1655
2023-07-07 12:57:36.254 worker_log:613 7409 MainThread [INFO]  All processing finished for executor task 1655
2023-07-07 12:57:36.265 worker_log:584 7409 MainThread [INFO]  Received executor task 1663
2023-07-07 12:57:53.862 worker_log:602 7409 MainThread [INFO]  Completed executor task 1663
2023-07-07 12:57:53.863 worker_log:613 7409 MainThread [INFO]  All processing finished for executor task 1663
2023-07-07 12:57:53.875 worker_log:584 7409 MainThread [INFO]  Received executor task 1671
2023-07-07 12:58:27.578 worker_log:602 7409 MainThread [INFO]  Completed executor task 1671
2023-07-07 12:58:27.579 worker_log:613 7409 MainThread [INFO]  All processing finished for executor task 1671
2023-07-07 12:58:27.593 worker_log:584 7409 MainThread [INFO]  Received executor task 1685
2023-07-07 12:59:19.016 worker_log:602 7409 MainThread [INFO]  Completed executor task 1685
2023-07-07 12:59:19.016 worker_log:613 7409 MainThread [INFO]  All processing finished for executor task 1685
2023-07-07 12:59:19.028 worker_log:584 7409 MainThread [INFO]  Received executor task 1714
2023-07-07 12:59:30.732 worker_log:602 7409 MainThread [INFO]  Completed executor task 1714
2023-07-07 12:59:30.732 worker_log:613 7409 MainThread [INFO]  All processing finished for executor task 1714
2023-07-07 12:59:30.744 worker_log:584 7409 MainThread [INFO]  Received executor task 1728
2023-07-07 12:59:40.551 worker_log:602 7409 MainThread [INFO]  Completed executor task 1728
2023-07-07 12:59:40.552 worker_log:613 7409 MainThread [INFO]  All processing finished for executor task 1728
2023-07-07 12:59:40.563 worker_log:584 7409 MainThread [INFO]  Received executor task 1738
2023-07-07 12:59:53.741 worker_log:602 7409 MainThread [INFO]  Completed executor task 1738
2023-07-07 12:59:53.742 worker_log:613 7409 MainThread [INFO]  All processing finished for executor task 1738
2023-07-07 12:59:53.753 worker_log:584 7409 MainThread [INFO]  Received executor task 1748
2023-07-07 13:00:42.475 worker_log:602 7409 MainThread [INFO]  Completed executor task 1748
2023-07-07 13:00:42.477 worker_log:613 7409 MainThread [INFO]  All processing finished for executor task 1748
2023-07-07 13:00:42.487 worker_log:584 7409 MainThread [INFO]  Received executor task 1783
2023-07-07 13:01:00.723 worker_log:602 7409 MainThread [INFO]  Completed executor task 1783
2023-07-07 13:01:00.724 worker_log:613 7409 MainThread [INFO]  All processing finished for executor task 1783
2023-07-07 13:01:00.735 worker_log:584 7409 MainThread [INFO]  Received executor task 1790
2023-07-07 13:01:49.295 worker_log:602 7409 MainThread [INFO]  Completed executor task 1790
2023-07-07 13:01:49.295 worker_log:613 7409 MainThread [INFO]  All processing finished for executor task 1790
2023-07-07 13:01:49.306 worker_log:584 7409 MainThread [INFO]  Received executor task 1812
2023-07-07 13:02:33.766 worker_log:602 7409 MainThread [INFO]  Completed executor task 1812
2023-07-07 13:02:33.767 worker_log:613 7409 MainThread [INFO]  All processing finished for executor task 1812
2023-07-07 13:02:33.779 worker_log:584 7409 MainThread [INFO]  Received executor task 1825
2023-07-07 13:02:57.173 worker_log:602 7409 MainThread [INFO]  Completed executor task 1825
2023-07-07 13:02:57.174 worker_log:613 7409 MainThread [INFO]  All processing finished for executor task 1825
2023-07-07 13:02:57.185 worker_log:584 7409 MainThread [INFO]  Received executor task 1838
2023-07-07 13:03:35.676 worker_log:602 7409 MainThread [INFO]  Completed executor task 1838
2023-07-07 13:03:35.677 worker_log:613 7409 MainThread [INFO]  All processing finished for executor task 1838
2023-07-07 13:03:35.687 worker_log:584 7409 MainThread [INFO]  Received executor task 1855
2023-07-07 13:03:55.965 worker_log:602 7409 MainThread [INFO]  Completed executor task 1855
2023-07-07 13:03:55.967 worker_log:613 7409 MainThread [INFO]  All processing finished for executor task 1855
2023-07-07 13:03:55.978 worker_log:584 7409 MainThread [INFO]  Received executor task 1865
2023-07-07 13:04:27.405 worker_log:602 7409 MainThread [INFO]  Completed executor task 1865
2023-07-07 13:04:27.405 worker_log:613 7409 MainThread [INFO]  All processing finished for executor task 1865
2023-07-07 13:04:27.416 worker_log:584 7409 MainThread [INFO]  Received executor task 1877
2023-07-07 13:05:15.560 worker_log:602 7409 MainThread [INFO]  Completed executor task 1877
2023-07-07 13:05:15.561 worker_log:613 7409 MainThread [INFO]  All processing finished for executor task 1877
2023-07-07 13:05:15.573 worker_log:584 7409 MainThread [INFO]  Received executor task 1905
2023-07-07 13:05:41.966 worker_log:602 7409 MainThread [INFO]  Completed executor task 1905
2023-07-07 13:05:41.967 worker_log:613 7409 MainThread [INFO]  All processing finished for executor task 1905
2023-07-07 13:05:41.978 worker_log:584 7409 MainThread [INFO]  Received executor task 1921
2023-07-07 13:06:16.973 worker_log:602 7409 MainThread [INFO]  Completed executor task 1921
2023-07-07 13:06:16.973 worker_log:613 7409 MainThread [INFO]  All processing finished for executor task 1921
2023-07-07 13:06:16.984 worker_log:584 7409 MainThread [INFO]  Received executor task 1934
2023-07-07 13:06:45.013 worker_log:602 7409 MainThread [INFO]  Completed executor task 1934
2023-07-07 13:06:45.013 worker_log:613 7409 MainThread [INFO]  All processing finished for executor task 1934
2023-07-07 13:06:45.015 worker_log:584 7409 MainThread [INFO]  Received executor task 1951
2023-07-07 13:06:58.894 worker_log:602 7409 MainThread [INFO]  Completed executor task 1951
2023-07-07 13:06:58.894 worker_log:613 7409 MainThread [INFO]  All processing finished for executor task 1951
2023-07-07 13:06:58.905 worker_log:584 7409 MainThread [INFO]  Received executor task 1958
2023-07-07 13:08:27.868 worker_log:602 7409 MainThread [INFO]  Completed executor task 1958
2023-07-07 13:08:27.869 worker_log:613 7409 MainThread [INFO]  All processing finished for executor task 1958
2023-07-07 13:08:27.879 worker_log:584 7409 MainThread [INFO]  Received executor task 2004
2023-07-07 13:09:12.014 worker_log:602 7409 MainThread [INFO]  Completed executor task 2004
2023-07-07 13:09:12.015 worker_log:613 7409 MainThread [INFO]  All processing finished for executor task 2004
2023-07-07 13:09:12.026 worker_log:584 7409 MainThread [INFO]  Received executor task 2022
2023-07-07 13:09:34.358 worker_log:602 7409 MainThread [INFO]  Completed executor task 2022
2023-07-07 13:09:34.358 worker_log:613 7409 MainThread [INFO]  All processing finished for executor task 2022
2023-07-07 13:09:34.370 worker_log:584 7409 MainThread [INFO]  Received executor task 2035
2023-07-07 13:10:13.572 worker_log:602 7409 MainThread [INFO]  Completed executor task 2035
2023-07-07 13:10:13.572 worker_log:613 7409 MainThread [INFO]  All processing finished for executor task 2035
2023-07-07 13:10:13.582 worker_log:584 7409 MainThread [INFO]  Received executor task 2056
2023-07-07 13:10:54.513 worker_log:602 7409 MainThread [INFO]  Completed executor task 2056
2023-07-07 13:10:54.514 worker_log:613 7409 MainThread [INFO]  All processing finished for executor task 2056
2023-07-07 13:10:54.525 worker_log:584 7409 MainThread [INFO]  Received executor task 2069
2023-07-07 13:11:18.853 worker_log:602 7409 MainThread [INFO]  Completed executor task 2069
2023-07-07 13:11:18.853 worker_log:613 7409 MainThread [INFO]  All processing finished for executor task 2069
2023-07-07 13:11:18.864 worker_log:584 7409 MainThread [INFO]  Received executor task 2078
2023-07-07 13:11:56.468 worker_log:602 7409 MainThread [INFO]  Completed executor task 2078
2023-07-07 13:11:56.468 worker_log:613 7409 MainThread [INFO]  All processing finished for executor task 2078
2023-07-07 13:11:56.479 worker_log:584 7409 MainThread [INFO]  Received executor task 2099
2023-07-07 13:12:18.952 worker_log:602 7409 MainThread [INFO]  Completed executor task 2099
2023-07-07 13:12:18.952 worker_log:613 7409 MainThread [INFO]  All processing finished for executor task 2099
2023-07-07 13:12:18.965 worker_log:584 7409 MainThread [INFO]  Received executor task 2113
2023-07-07 13:12:46.559 worker_log:602 7409 MainThread [INFO]  Completed executor task 2113
2023-07-07 13:12:46.570 worker_log:613 7409 MainThread [INFO]  All processing finished for executor task 2113
2023-07-07 13:12:46.571 worker_log:584 7409 MainThread [INFO]  Received executor task 2127
2023-07-07 13:13:37.668 worker_log:602 7409 MainThread [INFO]  Completed executor task 2127
2023-07-07 13:13:37.668 worker_log:613 7409 MainThread [INFO]  All processing finished for executor task 2127
2023-07-07 13:13:37.680 worker_log:584 7409 MainThread [INFO]  Received executor task 2152
2023-07-07 13:13:48.071 worker_log:602 7409 MainThread [INFO]  Completed executor task 2152
2023-07-07 13:13:48.071 worker_log:613 7409 MainThread [INFO]  All processing finished for executor task 2152
2023-07-07 13:13:48.086 worker_log:584 7409 MainThread [INFO]  Received executor task 2158
2023-07-07 13:14:24.287 worker_log:602 7409 MainThread [INFO]  Completed executor task 2158
2023-07-07 13:14:24.287 worker_log:613 7409 MainThread [INFO]  All processing finished for executor task 2158
2023-07-07 13:14:24.299 worker_log:584 7409 MainThread [INFO]  Received executor task 2179
2023-07-07 13:14:42.773 worker_log:602 7409 MainThread [INFO]  Completed executor task 2179
2023-07-07 13:14:42.786 worker_log:613 7409 MainThread [INFO]  All processing finished for executor task 2179
2023-07-07 13:14:42.786 worker_log:584 7409 MainThread [INFO]  Received executor task 2191
2023-07-07 13:15:00.677 worker_log:602 7409 MainThread [INFO]  Completed executor task 2191
2023-07-07 13:15:00.677 worker_log:613 7409 MainThread [INFO]  All processing finished for executor task 2191
2023-07-07 13:15:00.699 worker_log:584 7409 MainThread [INFO]  Received executor task 2203
2023-07-07 13:16:03.551 worker_log:602 7409 MainThread [INFO]  Completed executor task 2203
2023-07-07 13:16:03.551 worker_log:613 7409 MainThread [INFO]  All processing finished for executor task 2203
2023-07-07 13:16:03.562 worker_log:584 7409 MainThread [INFO]  Received executor task 2225
2023-07-07 13:16:32.811 worker_log:602 7409 MainThread [INFO]  Completed executor task 2225
2023-07-07 13:16:32.811 worker_log:613 7409 MainThread [INFO]  All processing finished for executor task 2225
2023-07-07 13:16:32.823 worker_log:584 7409 MainThread [INFO]  Received executor task 2242
2023-07-07 13:17:16.892 worker_log:602 7409 MainThread [INFO]  Completed executor task 2242
2023-07-07 13:17:16.892 worker_log:613 7409 MainThread [INFO]  All processing finished for executor task 2242
2023-07-07 13:17:16.904 worker_log:584 7409 MainThread [INFO]  Received executor task 2263
2023-07-07 13:18:09.566 worker_log:602 7409 MainThread [INFO]  Completed executor task 2263
2023-07-07 13:18:09.566 worker_log:613 7409 MainThread [INFO]  All processing finished for executor task 2263
2023-07-07 13:18:09.577 worker_log:584 7409 MainThread [INFO]  Received executor task 2287
2023-07-07 13:18:40.033 worker_log:602 7409 MainThread [INFO]  Completed executor task 2287
2023-07-07 13:18:40.034 worker_log:613 7409 MainThread [INFO]  All processing finished for executor task 2287
2023-07-07 13:18:40.045 worker_log:584 7409 MainThread [INFO]  Received executor task 2300
2023-07-07 13:19:18.357 worker_log:602 7409 MainThread [INFO]  Completed executor task 2300
2023-07-07 13:19:18.358 worker_log:613 7409 MainThread [INFO]  All processing finished for executor task 2300
2023-07-07 13:19:18.369 worker_log:584 7409 MainThread [INFO]  Received executor task 2316
2023-07-07 13:19:27.808 worker_log:602 7409 MainThread [INFO]  Completed executor task 2316
2023-07-07 13:19:27.808 worker_log:613 7409 MainThread [INFO]  All processing finished for executor task 2316
2023-07-07 13:19:27.820 worker_log:584 7409 MainThread [INFO]  Received executor task 2320
2023-07-07 13:19:57.842 worker_log:602 7409 MainThread [INFO]  Completed executor task 2320
2023-07-07 13:19:57.842 worker_log:613 7409 MainThread [INFO]  All processing finished for executor task 2320
2023-07-07 13:19:57.854 worker_log:584 7409 MainThread [INFO]  Received executor task 2334
2023-07-07 13:20:40.152 worker_log:602 7409 MainThread [INFO]  Completed executor task 2334
2023-07-07 13:20:40.152 worker_log:613 7409 MainThread [INFO]  All processing finished for executor task 2334
2023-07-07 13:20:40.163 worker_log:584 7409 MainThread [INFO]  Received executor task 2358
2023-07-07 13:21:03.340 worker_log:602 7409 MainThread [INFO]  Completed executor task 2358
2023-07-07 13:21:03.341 worker_log:613 7409 MainThread [INFO]  All processing finished for executor task 2358
2023-07-07 13:21:03.354 worker_log:584 7409 MainThread [INFO]  Received executor task 2366
2023-07-07 13:22:50.117 worker_log:602 7409 MainThread [INFO]  Completed executor task 2366
2023-07-07 13:22:50.117 worker_log:613 7409 MainThread [INFO]  All processing finished for executor task 2366
2023-07-07 13:22:50.128 worker_log:584 7409 MainThread [INFO]  Received executor task 2429
2023-07-07 13:23:09.001 worker_log:602 7409 MainThread [INFO]  Completed executor task 2429
2023-07-07 13:23:09.001 worker_log:613 7409 MainThread [INFO]  All processing finished for executor task 2429
2023-07-07 13:23:09.012 worker_log:584 7409 MainThread [INFO]  Received executor task 2442
2023-07-07 13:23:14.398 worker_log:602 7409 MainThread [INFO]  Completed executor task 2442
2023-07-07 13:23:14.398 worker_log:613 7409 MainThread [INFO]  All processing finished for executor task 2442
2023-07-07 13:23:14.409 worker_log:584 7409 MainThread [INFO]  Received executor task 2451
2023-07-07 13:23:24.950 worker_log:602 7409 MainThread [INFO]  Completed executor task 2451
2023-07-07 13:23:24.950 worker_log:613 7409 MainThread [INFO]  All processing finished for executor task 2451
2023-07-07 13:23:24.961 worker_log:584 7409 MainThread [INFO]  Received executor task 2457
2023-07-07 13:23:47.004 worker_log:602 7409 MainThread [INFO]  Completed executor task 2457
2023-07-07 13:23:47.005 worker_log:613 7409 MainThread [INFO]  All processing finished for executor task 2457
2023-07-07 13:23:47.016 worker_log:584 7409 MainThread [INFO]  Received executor task 2466
2023-07-07 13:24:26.280 worker_log:602 7409 MainThread [INFO]  Completed executor task 2466
2023-07-07 13:24:26.281 worker_log:613 7409 MainThread [INFO]  All processing finished for executor task 2466
2023-07-07 13:24:26.292 worker_log:584 7409 MainThread [INFO]  Received executor task 2487
2023-07-07 13:24:41.559 worker_log:602 7409 MainThread [INFO]  Completed executor task 2487
2023-07-07 13:24:41.559 worker_log:613 7409 MainThread [INFO]  All processing finished for executor task 2487
2023-07-07 13:24:41.570 worker_log:584 7409 MainThread [INFO]  Received executor task 2493
2023-07-07 13:25:33.172 worker_log:602 7409 MainThread [INFO]  Completed executor task 2493
2023-07-07 13:25:33.173 worker_log:613 7409 MainThread [INFO]  All processing finished for executor task 2493
2023-07-07 13:25:33.184 worker_log:584 7409 MainThread [INFO]  Received executor task 2517
2023-07-07 13:26:00.469 worker_log:602 7409 MainThread [INFO]  Completed executor task 2517
2023-07-07 13:26:00.469 worker_log:613 7409 MainThread [INFO]  All processing finished for executor task 2517
2023-07-07 13:26:00.481 worker_log:584 7409 MainThread [INFO]  Received executor task 2530
2023-07-07 13:26:27.034 worker_log:602 7409 MainThread [INFO]  Completed executor task 2530
2023-07-07 13:26:27.035 worker_log:613 7409 MainThread [INFO]  All processing finished for executor task 2530
2023-07-07 13:26:27.046 worker_log:584 7409 MainThread [INFO]  Received executor task 2541
2023-07-07 13:27:04.388 worker_log:602 7409 MainThread [INFO]  Completed executor task 2541
2023-07-07 13:27:04.389 worker_log:613 7409 MainThread [INFO]  All processing finished for executor task 2541
2023-07-07 13:27:04.400 worker_log:584 7409 MainThread [INFO]  Received executor task 2558
2023-07-07 13:27:39.589 worker_log:602 7409 MainThread [INFO]  Completed executor task 2558
2023-07-07 13:27:39.589 worker_log:613 7409 MainThread [INFO]  All processing finished for executor task 2558
2023-07-07 13:27:39.600 worker_log:584 7409 MainThread [INFO]  Received executor task 2578
2023-07-07 13:28:33.864 worker_log:602 7409 MainThread [INFO]  Completed executor task 2578
2023-07-07 13:28:33.865 worker_log:613 7409 MainThread [INFO]  All processing finished for executor task 2578
2023-07-07 13:28:33.877 worker_log:584 7409 MainThread [INFO]  Received executor task 2602
2023-07-07 13:29:20.618 worker_log:602 7409 MainThread [INFO]  Completed executor task 2602
2023-07-07 13:29:20.619 worker_log:613 7409 MainThread [INFO]  All processing finished for executor task 2602
2023-07-07 13:29:20.630 worker_log:584 7409 MainThread [INFO]  Received executor task 2622
2023-07-07 13:29:40.599 worker_log:602 7409 MainThread [INFO]  Completed executor task 2622
2023-07-07 13:29:40.599 worker_log:613 7409 MainThread [INFO]  All processing finished for executor task 2622
2023-07-07 13:29:40.612 worker_log:584 7409 MainThread [INFO]  Received executor task 2633
2023-07-07 13:30:08.017 worker_log:602 7409 MainThread [INFO]  Completed executor task 2633
2023-07-07 13:30:08.018 worker_log:613 7409 MainThread [INFO]  All processing finished for executor task 2633
2023-07-07 13:30:08.030 worker_log:584 7409 MainThread [INFO]  Received executor task 2644
2023-07-07 13:30:42.998 worker_log:602 7409 MainThread [INFO]  Completed executor task 2644
2023-07-07 13:30:42.998 worker_log:613 7409 MainThread [INFO]  All processing finished for executor task 2644
2023-07-07 13:30:43.009 worker_log:584 7409 MainThread [INFO]  Received executor task 2658
2023-07-07 13:31:08.508 worker_log:602 7409 MainThread [INFO]  Completed executor task 2658
2023-07-07 13:31:08.508 worker_log:613 7409 MainThread [INFO]  All processing finished for executor task 2658
2023-07-07 13:31:08.519 worker_log:584 7409 MainThread [INFO]  Received executor task 2667
2023-07-07 13:31:19.307 worker_log:602 7409 MainThread [INFO]  Completed executor task 2667
2023-07-07 13:31:19.307 worker_log:613 7409 MainThread [INFO]  All processing finished for executor task 2667
2023-07-07 13:31:19.318 worker_log:584 7409 MainThread [INFO]  Received executor task 2679
2023-07-07 13:31:57.139 worker_log:602 7409 MainThread [INFO]  Completed executor task 2679
2023-07-07 13:31:57.139 worker_log:613 7409 MainThread [INFO]  All processing finished for executor task 2679
2023-07-07 13:31:57.150 worker_log:584 7409 MainThread [INFO]  Received executor task 2696
2023-07-07 13:32:33.051 worker_log:602 7409 MainThread [INFO]  Completed executor task 2696
2023-07-07 13:32:33.052 worker_log:613 7409 MainThread [INFO]  All processing finished for executor task 2696
2023-07-07 13:32:33.063 worker_log:584 7409 MainThread [INFO]  Received executor task 2713
2023-07-07 13:32:54.058 worker_log:602 7409 MainThread [INFO]  Completed executor task 2713
2023-07-07 13:32:54.059 worker_log:613 7409 MainThread [INFO]  All processing finished for executor task 2713
2023-07-07 13:32:54.070 worker_log:584 7409 MainThread [INFO]  Received executor task 2724
2023-07-07 13:33:16.272 worker_log:602 7409 MainThread [INFO]  Completed executor task 2724
2023-07-07 13:33:16.272 worker_log:613 7409 MainThread [INFO]  All processing finished for executor task 2724
2023-07-07 13:33:16.283 worker_log:584 7409 MainThread [INFO]  Received executor task 2738
2023-07-07 13:33:51.060 worker_log:602 7409 MainThread [INFO]  Completed executor task 2738
2023-07-07 13:33:51.073 worker_log:613 7409 MainThread [INFO]  All processing finished for executor task 2738
2023-07-07 13:33:51.073 worker_log:584 7409 MainThread [INFO]  Received executor task 2757
2023-07-07 13:34:08.878 worker_log:602 7409 MainThread [INFO]  Completed executor task 2757
2023-07-07 13:34:08.879 worker_log:613 7409 MainThread [INFO]  All processing finished for executor task 2757
2023-07-07 13:34:08.890 worker_log:584 7409 MainThread [INFO]  Received executor task 2766
2023-07-07 13:34:17.825 worker_log:602 7409 MainThread [INFO]  Completed executor task 2766
2023-07-07 13:34:17.825 worker_log:613 7409 MainThread [INFO]  All processing finished for executor task 2766
2023-07-07 13:34:17.837 worker_log:584 7409 MainThread [INFO]  Received executor task 2774
2023-07-07 13:34:55.544 worker_log:602 7409 MainThread [INFO]  Completed executor task 2774
2023-07-07 13:34:55.544 worker_log:613 7409 MainThread [INFO]  All processing finished for executor task 2774
2023-07-07 13:34:55.555 worker_log:584 7409 MainThread [INFO]  Received executor task 2788
2023-07-07 13:35:18.304 worker_log:602 7409 MainThread [INFO]  Completed executor task 2788
2023-07-07 13:35:18.305 worker_log:613 7409 MainThread [INFO]  All processing finished for executor task 2788
2023-07-07 13:35:18.317 worker_log:584 7409 MainThread [INFO]  Received executor task 2801
2023-07-07 13:35:57.644 worker_log:602 7409 MainThread [INFO]  Completed executor task 2801
2023-07-07 13:35:57.644 worker_log:613 7409 MainThread [INFO]  All processing finished for executor task 2801
2023-07-07 13:35:57.655 worker_log:584 7409 MainThread [INFO]  Received executor task 2819
2023-07-07 13:36:32.558 worker_log:602 7409 MainThread [INFO]  Completed executor task 2819
2023-07-07 13:36:32.559 worker_log:613 7409 MainThread [INFO]  All processing finished for executor task 2819
2023-07-07 13:36:32.570 worker_log:584 7409 MainThread [INFO]  Received executor task 2840
2023-07-07 13:36:58.602 worker_log:602 7409 MainThread [INFO]  Completed executor task 2840
2023-07-07 13:36:58.602 worker_log:613 7409 MainThread [INFO]  All processing finished for executor task 2840
2023-07-07 13:36:58.613 worker_log:584 7409 MainThread [INFO]  Received executor task 2851
2023-07-07 13:37:30.285 worker_log:602 7409 MainThread [INFO]  Completed executor task 2851
2023-07-07 13:37:30.285 worker_log:613 7409 MainThread [INFO]  All processing finished for executor task 2851
2023-07-07 13:37:30.298 worker_log:584 7409 MainThread [INFO]  Received executor task 2867
2023-07-07 13:38:01.926 worker_log:602 7409 MainThread [INFO]  Completed executor task 2867
2023-07-07 13:38:01.927 worker_log:613 7409 MainThread [INFO]  All processing finished for executor task 2867
2023-07-07 13:38:01.928 worker_log:584 7409 MainThread [INFO]  Received executor task 2886
2023-07-07 13:38:13.053 worker_log:602 7409 MainThread [INFO]  Completed executor task 2886
2023-07-07 13:38:13.054 worker_log:613 7409 MainThread [INFO]  All processing finished for executor task 2886
2023-07-07 13:38:13.065 worker_log:584 7409 MainThread [INFO]  Received executor task 2895
2023-07-07 13:38:34.479 worker_log:602 7409 MainThread [INFO]  Completed executor task 2895
2023-07-07 13:38:34.479 worker_log:613 7409 MainThread [INFO]  All processing finished for executor task 2895
2023-07-07 13:38:34.500 worker_log:584 7409 MainThread [INFO]  Received executor task 2909
2023-07-07 13:38:52.510 worker_log:602 7409 MainThread [INFO]  Completed executor task 2909
2023-07-07 13:38:52.510 worker_log:613 7409 MainThread [INFO]  All processing finished for executor task 2909
2023-07-07 13:38:52.522 worker_log:584 7409 MainThread [INFO]  Received executor task 2922
2023-07-07 13:40:00.055 worker_log:602 7409 MainThread [INFO]  Completed executor task 2922
2023-07-07 13:40:00.055 worker_log:613 7409 MainThread [INFO]  All processing finished for executor task 2922
2023-07-07 13:40:00.067 worker_log:584 7409 MainThread [INFO]  Received executor task 2956
2023-07-07 13:40:45.876 worker_log:602 7409 MainThread [INFO]  Completed executor task 2956
2023-07-07 13:40:45.877 worker_log:613 7409 MainThread [INFO]  All processing finished for executor task 2956
2023-07-07 13:40:45.890 worker_log:584 7409 MainThread [INFO]  Received executor task 2985
2023-07-07 13:40:55.623 worker_log:602 7409 MainThread [INFO]  Completed executor task 2985
2023-07-07 13:40:55.634 worker_log:613 7409 MainThread [INFO]  All processing finished for executor task 2985
2023-07-07 13:40:55.647 worker_log:584 7409 MainThread [INFO]  Received executor task 2989
2023-07-07 13:41:15.298 worker_log:602 7409 MainThread [INFO]  Completed executor task 2989
2023-07-07 13:41:15.298 worker_log:613 7409 MainThread [INFO]  All processing finished for executor task 2989
2023-07-07 13:41:15.310 worker_log:584 7409 MainThread [INFO]  Received executor task 3001
2023-07-07 13:41:41.101 worker_log:602 7409 MainThread [INFO]  Completed executor task 3001
2023-07-07 13:41:41.101 worker_log:613 7409 MainThread [INFO]  All processing finished for executor task 3001
2023-07-07 13:41:41.113 worker_log:584 7409 MainThread [INFO]  Received executor task 3014
2023-07-07 13:42:03.886 worker_log:602 7409 MainThread [INFO]  Completed executor task 3014
2023-07-07 13:42:03.887 worker_log:613 7409 MainThread [INFO]  All processing finished for executor task 3014
2023-07-07 13:42:03.907 worker_log:584 7409 MainThread [INFO]  Received executor task 3023
2023-07-07 13:42:38.833 worker_log:602 7409 MainThread [INFO]  Completed executor task 3023
2023-07-07 13:42:38.833 worker_log:613 7409 MainThread [INFO]  All processing finished for executor task 3023
2023-07-07 13:42:38.844 worker_log:584 7409 MainThread [INFO]  Received executor task 3041
2023-07-07 13:43:16.871 worker_log:602 7409 MainThread [INFO]  Completed executor task 3041
2023-07-07 13:43:16.872 worker_log:613 7409 MainThread [INFO]  All processing finished for executor task 3041
2023-07-07 13:43:16.883 worker_log:584 7409 MainThread [INFO]  Received executor task 3057
2023-07-07 13:43:43.233 worker_log:602 7409 MainThread [INFO]  Completed executor task 3057
2023-07-07 13:43:43.234 worker_log:613 7409 MainThread [INFO]  All processing finished for executor task 3057
2023-07-07 13:43:43.245 worker_log:584 7409 MainThread [INFO]  Received executor task 3070
2023-07-07 13:44:13.777 worker_log:602 7409 MainThread [INFO]  Completed executor task 3070
2023-07-07 13:44:13.777 worker_log:613 7409 MainThread [INFO]  All processing finished for executor task 3070
2023-07-07 13:44:13.788 worker_log:584 7409 MainThread [INFO]  Received executor task 3084
2023-07-07 13:44:39.367 worker_log:602 7409 MainThread [INFO]  Completed executor task 3084
2023-07-07 13:44:39.368 worker_log:613 7409 MainThread [INFO]  All processing finished for executor task 3084
2023-07-07 13:44:39.379 worker_log:584 7409 MainThread [INFO]  Received executor task 3097
2023-07-07 13:45:08.907 worker_log:602 7409 MainThread [INFO]  Completed executor task 3097
2023-07-07 13:45:08.907 worker_log:613 7409 MainThread [INFO]  All processing finished for executor task 3097
2023-07-07 13:45:08.918 worker_log:584 7409 MainThread [INFO]  Received executor task 3117
2023-07-07 13:45:42.844 worker_log:602 7409 MainThread [INFO]  Completed executor task 3117
2023-07-07 13:45:42.844 worker_log:613 7409 MainThread [INFO]  All processing finished for executor task 3117
2023-07-07 13:45:42.855 worker_log:584 7409 MainThread [INFO]  Received executor task 3136
2023-07-07 13:46:15.341 worker_log:602 7409 MainThread [INFO]  Completed executor task 3136
2023-07-07 13:46:15.342 worker_log:613 7409 MainThread [INFO]  All processing finished for executor task 3136
2023-07-07 13:46:15.353 worker_log:584 7409 MainThread [INFO]  Received executor task 3153
2023-07-07 13:46:34.640 worker_log:602 7409 MainThread [INFO]  Completed executor task 3153
2023-07-07 13:46:34.645 worker_log:613 7409 MainThread [INFO]  All processing finished for executor task 3153
2023-07-07 13:46:34.658 worker_log:584 7409 MainThread [INFO]  Received executor task 3162
2023-07-07 13:46:42.369 worker_log:602 7409 MainThread [INFO]  Completed executor task 3162
2023-07-07 13:46:42.369 worker_log:613 7409 MainThread [INFO]  All processing finished for executor task 3162
2023-07-07 13:46:42.380 worker_log:584 7409 MainThread [INFO]  Received executor task 3165
2023-07-07 13:47:06.838 worker_log:602 7409 MainThread [INFO]  Completed executor task 3165
2023-07-07 13:47:06.838 worker_log:613 7409 MainThread [INFO]  All processing finished for executor task 3165
2023-07-07 13:47:06.850 worker_log:584 7409 MainThread [INFO]  Received executor task 3177
2023-07-07 13:47:31.054 worker_log:602 7409 MainThread [INFO]  Completed executor task 3177
2023-07-07 13:47:31.055 worker_log:613 7409 MainThread [INFO]  All processing finished for executor task 3177
2023-07-07 13:47:31.066 worker_log:584 7409 MainThread [INFO]  Received executor task 3186
2023-07-07 13:47:53.353 worker_log:602 7409 MainThread [INFO]  Completed executor task 3186
2023-07-07 13:47:53.353 worker_log:613 7409 MainThread [INFO]  All processing finished for executor task 3186
2023-07-07 13:47:53.364 worker_log:584 7409 MainThread [INFO]  Received executor task 3201
2023-07-07 13:48:28.944 worker_log:602 7409 MainThread [INFO]  Completed executor task 3201
2023-07-07 13:48:28.944 worker_log:613 7409 MainThread [INFO]  All processing finished for executor task 3201
2023-07-07 13:48:28.956 worker_log:584 7409 MainThread [INFO]  Received executor task 3218
2023-07-07 13:48:51.880 worker_log:602 7409 MainThread [INFO]  Completed executor task 3218
2023-07-07 13:48:51.880 worker_log:613 7409 MainThread [INFO]  All processing finished for executor task 3218
2023-07-07 13:48:51.892 worker_log:584 7409 MainThread [INFO]  Received executor task 3233
2023-07-07 13:49:25.741 worker_log:602 7409 MainThread [INFO]  Completed executor task 3233
2023-07-07 13:49:25.754 worker_log:613 7409 MainThread [INFO]  All processing finished for executor task 3233
2023-07-07 13:49:25.754 worker_log:584 7409 MainThread [INFO]  Received executor task 3251
2023-07-07 13:49:56.447 worker_log:602 7409 MainThread [INFO]  Completed executor task 3251
2023-07-07 13:49:56.447 worker_log:613 7409 MainThread [INFO]  All processing finished for executor task 3251
2023-07-07 13:49:56.458 worker_log:584 7409 MainThread [INFO]  Received executor task 3268
2023-07-07 13:50:19.227 worker_log:602 7409 MainThread [INFO]  Completed executor task 3268
2023-07-07 13:50:19.227 worker_log:613 7409 MainThread [INFO]  All processing finished for executor task 3268
2023-07-07 13:50:19.239 worker_log:584 7409 MainThread [INFO]  Received executor task 3280
2023-07-07 13:50:45.775 worker_log:602 7409 MainThread [INFO]  Completed executor task 3280
2023-07-07 13:50:45.776 worker_log:613 7409 MainThread [INFO]  All processing finished for executor task 3280
2023-07-07 13:50:45.787 worker_log:584 7409 MainThread [INFO]  Received executor task 3297
2023-07-07 13:51:08.678 worker_log:602 7409 MainThread [INFO]  Completed executor task 3297
2023-07-07 13:51:08.678 worker_log:613 7409 MainThread [INFO]  All processing finished for executor task 3297
2023-07-07 13:51:08.689 worker_log:584 7409 MainThread [INFO]  Received executor task 3305
2023-07-07 13:51:35.109 worker_log:602 7409 MainThread [INFO]  Completed executor task 3305
2023-07-07 13:51:35.109 worker_log:613 7409 MainThread [INFO]  All processing finished for executor task 3305
2023-07-07 13:51:35.120 worker_log:584 7409 MainThread [INFO]  Received executor task 3325
2023-07-07 13:52:02.183 worker_log:602 7409 MainThread [INFO]  Completed executor task 3325
2023-07-07 13:52:02.183 worker_log:613 7409 MainThread [INFO]  All processing finished for executor task 3325
2023-07-07 13:52:02.194 worker_log:584 7409 MainThread [INFO]  Received executor task 3339
2023-07-07 13:52:17.435 worker_log:602 7409 MainThread [INFO]  Completed executor task 3339
2023-07-07 13:52:17.436 worker_log:613 7409 MainThread [INFO]  All processing finished for executor task 3339
2023-07-07 13:52:17.447 worker_log:584 7409 MainThread [INFO]  Received executor task 3349
2023-07-07 13:52:37.316 worker_log:602 7409 MainThread [INFO]  Completed executor task 3349
2023-07-07 13:52:37.317 worker_log:613 7409 MainThread [INFO]  All processing finished for executor task 3349
2023-07-07 13:52:37.328 worker_log:584 7409 MainThread [INFO]  Received executor task 3357
2023-07-07 13:52:49.632 worker_log:602 7409 MainThread [INFO]  Completed executor task 3357
2023-07-07 13:52:49.633 worker_log:613 7409 MainThread [INFO]  All processing finished for executor task 3357
2023-07-07 13:52:49.644 worker_log:584 7409 MainThread [INFO]  Received executor task 3368
2023-07-07 13:53:24.092 worker_log:602 7409 MainThread [INFO]  Completed executor task 3368
2023-07-07 13:53:24.093 worker_log:613 7409 MainThread [INFO]  All processing finished for executor task 3368
2023-07-07 13:53:24.104 worker_log:584 7409 MainThread [INFO]  Received executor task 3388
2023-07-07 13:53:37.757 worker_log:602 7409 MainThread [INFO]  Completed executor task 3388
2023-07-07 13:53:37.757 worker_log:613 7409 MainThread [INFO]  All processing finished for executor task 3388
2023-07-07 13:53:37.768 worker_log:584 7409 MainThread [INFO]  Received executor task 3399
2023-07-07 13:54:20.637 worker_log:602 7409 MainThread [INFO]  Completed executor task 3399
2023-07-07 13:54:20.637 worker_log:613 7409 MainThread [INFO]  All processing finished for executor task 3399
2023-07-07 13:54:20.649 worker_log:584 7409 MainThread [INFO]  Received executor task 3420
2023-07-07 13:54:45.004 worker_log:602 7409 MainThread [INFO]  Completed executor task 3420
2023-07-07 13:54:45.004 worker_log:613 7409 MainThread [INFO]  All processing finished for executor task 3420
2023-07-07 13:54:45.016 worker_log:584 7409 MainThread [INFO]  Received executor task 3433
2023-07-07 13:55:10.581 worker_log:602 7409 MainThread [INFO]  Completed executor task 3433
2023-07-07 13:55:10.582 worker_log:613 7409 MainThread [INFO]  All processing finished for executor task 3433
2023-07-07 13:55:10.595 worker_log:584 7409 MainThread [INFO]  Received executor task 3448
2023-07-07 13:55:18.168 worker_log:602 7409 MainThread [INFO]  Completed executor task 3448
2023-07-07 13:55:18.168 worker_log:613 7409 MainThread [INFO]  All processing finished for executor task 3448
2023-07-07 13:55:18.179 worker_log:584 7409 MainThread [INFO]  Received executor task 3454
2023-07-07 13:55:43.237 worker_log:602 7409 MainThread [INFO]  Completed executor task 3454
2023-07-07 13:55:43.238 worker_log:613 7409 MainThread [INFO]  All processing finished for executor task 3454
2023-07-07 13:55:43.249 worker_log:584 7409 MainThread [INFO]  Received executor task 3467
2023-07-07 13:56:15.215 worker_log:602 7409 MainThread [INFO]  Completed executor task 3467
2023-07-07 13:56:15.216 worker_log:613 7409 MainThread [INFO]  All processing finished for executor task 3467
2023-07-07 13:56:15.229 worker_log:584 7409 MainThread [INFO]  Received executor task 3482
2023-07-07 13:56:43.635 worker_log:602 7409 MainThread [INFO]  Completed executor task 3482
2023-07-07 13:56:43.635 worker_log:613 7409 MainThread [INFO]  All processing finished for executor task 3482
2023-07-07 13:56:43.646 worker_log:584 7409 MainThread [INFO]  Received executor task 3495
2023-07-07 13:57:46.365 worker_log:602 7409 MainThread [INFO]  Completed executor task 3495
2023-07-07 13:57:46.365 worker_log:613 7409 MainThread [INFO]  All processing finished for executor task 3495
2023-07-07 13:57:46.376 worker_log:584 7409 MainThread [INFO]  Received executor task 3516
2023-07-07 13:58:18.494 worker_log:602 7409 MainThread [INFO]  Completed executor task 3516
2023-07-07 13:58:18.494 worker_log:613 7409 MainThread [INFO]  All processing finished for executor task 3516
2023-07-07 13:58:18.505 worker_log:584 7409 MainThread [INFO]  Received executor task 3534
2023-07-07 13:59:04.873 worker_log:602 7409 MainThread [INFO]  Completed executor task 3534
2023-07-07 13:59:04.873 worker_log:613 7409 MainThread [INFO]  All processing finished for executor task 3534
2023-07-07 13:59:04.884 worker_log:584 7409 MainThread [INFO]  Received executor task 3555
2023-07-07 13:59:19.088 worker_log:602 7409 MainThread [INFO]  Completed executor task 3555
2023-07-07 13:59:19.088 worker_log:613 7409 MainThread [INFO]  All processing finished for executor task 3555
2023-07-07 13:59:19.099 worker_log:584 7409 MainThread [INFO]  Received executor task 3564
2023-07-07 13:59:43.880 worker_log:602 7409 MainThread [INFO]  Completed executor task 3564
2023-07-07 13:59:43.880 worker_log:613 7409 MainThread [INFO]  All processing finished for executor task 3564
2023-07-07 13:59:43.892 worker_log:584 7409 MainThread [INFO]  Received executor task 3576
2023-07-07 14:00:29.305 worker_log:602 7409 MainThread [INFO]  Completed executor task 3576
2023-07-07 14:00:29.306 worker_log:613 7409 MainThread [INFO]  All processing finished for executor task 3576
2023-07-07 14:00:29.317 worker_log:584 7409 MainThread [INFO]  Received executor task 3599
2023-07-07 14:00:55.449 worker_log:602 7409 MainThread [INFO]  Completed executor task 3599
2023-07-07 14:00:55.449 worker_log:613 7409 MainThread [INFO]  All processing finished for executor task 3599
2023-07-07 14:00:55.460 worker_log:584 7409 MainThread [INFO]  Received executor task 3615
2023-07-07 14:01:13.191 worker_log:602 7409 MainThread [INFO]  Completed executor task 3615
2023-07-07 14:01:13.192 worker_log:613 7409 MainThread [INFO]  All processing finished for executor task 3615
2023-07-07 14:01:13.203 worker_log:584 7409 MainThread [INFO]  Received executor task 3624
2023-07-07 14:01:29.968 worker_log:602 7409 MainThread [INFO]  Completed executor task 3624
2023-07-07 14:01:29.969 worker_log:613 7409 MainThread [INFO]  All processing finished for executor task 3624
2023-07-07 14:01:29.980 worker_log:584 7409 MainThread [INFO]  Received executor task 3633
2023-07-07 14:02:07.334 worker_log:602 7409 MainThread [INFO]  Completed executor task 3633
2023-07-07 14:02:07.334 worker_log:613 7409 MainThread [INFO]  All processing finished for executor task 3633
2023-07-07 14:02:07.345 worker_log:584 7409 MainThread [INFO]  Received executor task 3655
2023-07-07 14:02:55.340 worker_log:602 7409 MainThread [INFO]  Completed executor task 3655
2023-07-07 14:02:55.340 worker_log:613 7409 MainThread [INFO]  All processing finished for executor task 3655
2023-07-07 14:02:55.354 worker_log:584 7409 MainThread [INFO]  Received executor task 3684
2023-07-07 14:03:15.068 worker_log:602 7409 MainThread [INFO]  Completed executor task 3684
2023-07-07 14:03:15.069 worker_log:613 7409 MainThread [INFO]  All processing finished for executor task 3684
2023-07-07 14:03:15.080 worker_log:584 7409 MainThread [INFO]  Received executor task 3692
2023-07-07 14:03:58.271 worker_log:602 7409 MainThread [INFO]  Completed executor task 3692
2023-07-07 14:03:58.271 worker_log:613 7409 MainThread [INFO]  All processing finished for executor task 3692
2023-07-07 14:03:58.283 worker_log:584 7409 MainThread [INFO]  Received executor task 3715
2023-07-07 14:04:36.940 worker_log:602 7409 MainThread [INFO]  Completed executor task 3715
2023-07-07 14:04:36.940 worker_log:613 7409 MainThread [INFO]  All processing finished for executor task 3715
2023-07-07 14:04:36.951 worker_log:584 7409 MainThread [INFO]  Received executor task 3728
2023-07-07 14:05:00.280 worker_log:602 7409 MainThread [INFO]  Completed executor task 3728
2023-07-07 14:05:00.280 worker_log:613 7409 MainThread [INFO]  All processing finished for executor task 3728
2023-07-07 14:05:00.291 worker_log:584 7409 MainThread [INFO]  Received executor task 3739
2023-07-07 14:05:10.537 worker_log:602 7409 MainThread [INFO]  Completed executor task 3739
2023-07-07 14:05:10.537 worker_log:613 7409 MainThread [INFO]  All processing finished for executor task 3739
2023-07-07 14:05:10.548 worker_log:584 7409 MainThread [INFO]  Received executor task 3747
2023-07-07 14:05:42.961 worker_log:602 7409 MainThread [INFO]  Completed executor task 3747
2023-07-07 14:05:42.961 worker_log:613 7409 MainThread [INFO]  All processing finished for executor task 3747
2023-07-07 14:05:42.974 worker_log:584 7409 MainThread [INFO]  Received executor task 3763
2023-07-07 14:06:00.629 worker_log:602 7409 MainThread [INFO]  Completed executor task 3763
2023-07-07 14:06:00.630 worker_log:613 7409 MainThread [INFO]  All processing finished for executor task 3763
2023-07-07 14:06:00.641 worker_log:584 7409 MainThread [INFO]  Received executor task 3770
2023-07-07 14:07:03.693 worker_log:602 7409 MainThread [INFO]  Completed executor task 3770
2023-07-07 14:07:03.694 worker_log:613 7409 MainThread [INFO]  All processing finished for executor task 3770
2023-07-07 14:07:03.705 worker_log:584 7409 MainThread [INFO]  Received executor task 3800
2023-07-07 14:07:36.793 worker_log:602 7409 MainThread [INFO]  Completed executor task 3800
2023-07-07 14:07:36.793 worker_log:613 7409 MainThread [INFO]  All processing finished for executor task 3800
2023-07-07 14:07:36.804 worker_log:584 7409 MainThread [INFO]  Received executor task 3810
2023-07-07 14:08:02.248 worker_log:602 7409 MainThread [INFO]  Completed executor task 3810
2023-07-07 14:08:02.249 worker_log:613 7409 MainThread [INFO]  All processing finished for executor task 3810
2023-07-07 14:08:02.261 worker_log:584 7409 MainThread [INFO]  Received executor task 3824
2023-07-07 14:08:37.360 worker_log:602 7409 MainThread [INFO]  Completed executor task 3824
2023-07-07 14:08:37.360 worker_log:613 7409 MainThread [INFO]  All processing finished for executor task 3824
2023-07-07 14:08:37.371 worker_log:584 7409 MainThread [INFO]  Received executor task 3843
2023-07-07 14:09:16.585 worker_log:602 7409 MainThread [INFO]  Completed executor task 3843
2023-07-07 14:09:16.585 worker_log:613 7409 MainThread [INFO]  All processing finished for executor task 3843
2023-07-07 14:09:16.596 worker_log:584 7409 MainThread [INFO]  Received executor task 3860
2023-07-07 14:09:40.774 worker_log:602 7409 MainThread [INFO]  Completed executor task 3860
2023-07-07 14:09:40.774 worker_log:613 7409 MainThread [INFO]  All processing finished for executor task 3860
2023-07-07 14:09:40.787 worker_log:584 7409 MainThread [INFO]  Received executor task 3876
2023-07-07 14:10:16.601 worker_log:602 7409 MainThread [INFO]  Completed executor task 3876
2023-07-07 14:10:16.601 worker_log:613 7409 MainThread [INFO]  All processing finished for executor task 3876
2023-07-07 14:10:16.613 worker_log:584 7409 MainThread [INFO]  Received executor task 3905
2023-07-07 14:10:28.128 worker_log:602 7409 MainThread [INFO]  Completed executor task 3905
2023-07-07 14:10:28.129 worker_log:613 7409 MainThread [INFO]  All processing finished for executor task 3905
2023-07-07 14:10:28.142 worker_log:584 7409 MainThread [INFO]  Received executor task 3909
2023-07-07 14:10:51.332 worker_log:602 7409 MainThread [INFO]  Completed executor task 3909
2023-07-07 14:10:51.332 worker_log:613 7409 MainThread [INFO]  All processing finished for executor task 3909
2023-07-07 14:10:51.345 worker_log:584 7409 MainThread [INFO]  Received executor task 3923
2023-07-07 14:11:14.820 worker_log:602 7409 MainThread [INFO]  Completed executor task 3923
2023-07-07 14:11:14.820 worker_log:613 7409 MainThread [INFO]  All processing finished for executor task 3923
2023-07-07 14:11:14.832 worker_log:584 7409 MainThread [INFO]  Received executor task 3931
2023-07-07 14:11:29.686 worker_log:602 7409 MainThread [INFO]  Completed executor task 3931
2023-07-07 14:11:29.686 worker_log:613 7409 MainThread [INFO]  All processing finished for executor task 3931
2023-07-07 14:11:29.697 worker_log:584 7409 MainThread [INFO]  Received executor task 3937
2023-07-07 14:12:41.000 worker_log:602 7409 MainThread [INFO]  Completed executor task 3937
2023-07-07 14:12:41.001 worker_log:613 7409 MainThread [INFO]  All processing finished for executor task 3937
2023-07-07 14:12:41.013 worker_log:584 7409 MainThread [INFO]  Received executor task 3965
2023-07-07 14:13:30.666 worker_log:602 7409 MainThread [INFO]  Completed executor task 3965
2023-07-07 14:13:30.666 worker_log:613 7409 MainThread [INFO]  All processing finished for executor task 3965
2023-07-07 14:13:30.677 worker_log:584 7409 MainThread [INFO]  Received executor task 3991
2023-07-07 14:13:47.394 worker_log:602 7409 MainThread [INFO]  Completed executor task 3991
2023-07-07 14:13:47.398 worker_log:613 7409 MainThread [INFO]  All processing finished for executor task 3991
2023-07-07 14:13:47.405 worker_log:584 7409 MainThread [INFO]  Received executor task 4001
2023-07-07 14:14:01.979 worker_log:602 7409 MainThread [INFO]  Completed executor task 4001
2023-07-07 14:14:01.981 worker_log:613 7409 MainThread [INFO]  All processing finished for executor task 4001
2023-07-07 14:14:01.991 worker_log:584 7409 MainThread [INFO]  Received executor task 4010
2023-07-07 14:14:33.153 worker_log:602 7409 MainThread [INFO]  Completed executor task 4010
2023-07-07 14:14:33.154 worker_log:613 7409 MainThread [INFO]  All processing finished for executor task 4010
2023-07-07 14:14:33.165 worker_log:584 7409 MainThread [INFO]  Received executor task 4026
2023-07-07 14:15:25.129 worker_log:602 7409 MainThread [INFO]  Completed executor task 4026
2023-07-07 14:15:25.130 worker_log:613 7409 MainThread [INFO]  All processing finished for executor task 4026
2023-07-07 14:15:25.141 worker_log:584 7409 MainThread [INFO]  Received executor task 4045
2023-07-07 14:16:13.971 worker_log:602 7409 MainThread [INFO]  Completed executor task 4045
2023-07-07 14:16:13.971 worker_log:613 7409 MainThread [INFO]  All processing finished for executor task 4045
2023-07-07 14:16:13.982 worker_log:584 7409 MainThread [INFO]  Received executor task 4070
2023-07-07 14:16:32.917 worker_log:602 7409 MainThread [INFO]  Completed executor task 4070
2023-07-07 14:16:32.917 worker_log:613 7409 MainThread [INFO]  All processing finished for executor task 4070
2023-07-07 14:16:32.928 worker_log:584 7409 MainThread [INFO]  Received executor task 4081
2023-07-07 14:17:10.760 worker_log:602 7409 MainThread [INFO]  Completed executor task 4081
2023-07-07 14:17:10.760 worker_log:613 7409 MainThread [INFO]  All processing finished for executor task 4081
2023-07-07 14:17:10.771 worker_log:584 7409 MainThread [INFO]  Received executor task 4094
2023-07-07 14:17:36.890 worker_log:602 7409 MainThread [INFO]  Completed executor task 4094
2023-07-07 14:17:36.890 worker_log:613 7409 MainThread [INFO]  All processing finished for executor task 4094
2023-07-07 14:17:36.902 worker_log:584 7409 MainThread [INFO]  Received executor task 4108
2023-07-07 14:18:02.446 worker_log:602 7409 MainThread [INFO]  Completed executor task 4108
2023-07-07 14:18:02.446 worker_log:613 7409 MainThread [INFO]  All processing finished for executor task 4108
2023-07-07 14:18:02.457 worker_log:584 7409 MainThread [INFO]  Received executor task 4119
2023-07-07 14:18:25.927 worker_log:602 7409 MainThread [INFO]  Completed executor task 4119
2023-07-07 14:18:25.927 worker_log:613 7409 MainThread [INFO]  All processing finished for executor task 4119
2023-07-07 14:18:25.940 worker_log:584 7409 MainThread [INFO]  Received executor task 4128
2023-07-07 14:19:24.031 worker_log:602 7409 MainThread [INFO]  Completed executor task 4128
2023-07-07 14:19:24.032 worker_log:613 7409 MainThread [INFO]  All processing finished for executor task 4128
2023-07-07 14:19:24.043 worker_log:584 7409 MainThread [INFO]  Received executor task 4157
2023-07-07 14:19:53.103 worker_log:602 7409 MainThread [INFO]  Completed executor task 4157
2023-07-07 14:19:53.103 worker_log:613 7409 MainThread [INFO]  All processing finished for executor task 4157
2023-07-07 14:19:53.116 worker_log:584 7409 MainThread [INFO]  Received executor task 4175
2023-07-07 14:20:29.179 worker_log:602 7409 MainThread [INFO]  Completed executor task 4175
2023-07-07 14:20:29.179 worker_log:613 7409 MainThread [INFO]  All processing finished for executor task 4175
2023-07-07 14:20:29.190 worker_log:584 7409 MainThread [INFO]  Received executor task 4185
2023-07-07 14:21:19.300 worker_log:602 7409 MainThread [INFO]  Completed executor task 4185
2023-07-07 14:21:19.301 worker_log:613 7409 MainThread [INFO]  All processing finished for executor task 4185
2023-07-07 14:21:19.314 worker_log:584 7409 MainThread [INFO]  Received executor task 4205
2023-07-07 14:22:37.154 worker_log:602 7409 MainThread [INFO]  Completed executor task 4205
2023-07-07 14:22:37.154 worker_log:613 7409 MainThread [INFO]  All processing finished for executor task 4205
2023-07-07 14:22:37.165 worker_log:584 7409 MainThread [INFO]  Received executor task 4245
2023-07-07 14:23:03.928 worker_log:602 7409 MainThread [INFO]  Completed executor task 4245
2023-07-07 14:23:03.928 worker_log:613 7409 MainThread [INFO]  All processing finished for executor task 4245
2023-07-07 14:23:03.939 worker_log:584 7409 MainThread [INFO]  Received executor task 4261
2023-07-07 14:23:37.983 worker_log:602 7409 MainThread [INFO]  Completed executor task 4261
2023-07-07 14:23:37.983 worker_log:613 7409 MainThread [INFO]  All processing finished for executor task 4261
2023-07-07 14:23:37.995 worker_log:584 7409 MainThread [INFO]  Received executor task 4276
2023-07-07 14:24:03.451 worker_log:602 7409 MainThread [INFO]  Completed executor task 4276
2023-07-07 14:24:03.452 worker_log:613 7409 MainThread [INFO]  All processing finished for executor task 4276
2023-07-07 14:24:03.463 worker_log:584 7409 MainThread [INFO]  Received executor task 4288
2023-07-07 14:24:28.153 worker_log:602 7409 MainThread [INFO]  Completed executor task 4288
2023-07-07 14:24:28.154 worker_log:613 7409 MainThread [INFO]  All processing finished for executor task 4288
2023-07-07 14:24:28.165 worker_log:584 7409 MainThread [INFO]  Received executor task 4306
2023-07-07 14:25:20.002 worker_log:602 7409 MainThread [INFO]  Completed executor task 4306
2023-07-07 14:25:20.003 worker_log:613 7409 MainThread [INFO]  All processing finished for executor task 4306
2023-07-07 14:25:20.013 worker_log:584 7409 MainThread [INFO]  Received executor task 4328
2023-07-07 14:26:08.987 worker_log:602 7409 MainThread [INFO]  Completed executor task 4328
2023-07-07 14:26:08.988 worker_log:613 7409 MainThread [INFO]  All processing finished for executor task 4328
2023-07-07 14:26:08.988 worker_log:584 7409 MainThread [INFO]  Received executor task 4351
2023-07-07 14:26:21.680 worker_log:602 7409 MainThread [INFO]  Completed executor task 4351
2023-07-07 14:26:21.681 worker_log:613 7409 MainThread [INFO]  All processing finished for executor task 4351
2023-07-07 14:26:21.692 worker_log:584 7409 MainThread [INFO]  Received executor task 4360
2023-07-07 14:26:49.965 worker_log:602 7409 MainThread [INFO]  Completed executor task 4360
2023-07-07 14:26:49.965 worker_log:613 7409 MainThread [INFO]  All processing finished for executor task 4360
2023-07-07 14:26:49.977 worker_log:584 7409 MainThread [INFO]  Received executor task 4380
2023-07-07 14:27:08.052 worker_log:602 7409 MainThread [INFO]  Completed executor task 4380
2023-07-07 14:27:08.052 worker_log:613 7409 MainThread [INFO]  All processing finished for executor task 4380
2023-07-07 14:27:08.063 worker_log:584 7409 MainThread [INFO]  Received executor task 4390
2023-07-07 14:27:25.356 worker_log:602 7409 MainThread [INFO]  Completed executor task 4390
2023-07-07 14:27:25.356 worker_log:613 7409 MainThread [INFO]  All processing finished for executor task 4390
2023-07-07 14:27:25.368 worker_log:584 7409 MainThread [INFO]  Received executor task 4401
2023-07-07 14:27:37.782 worker_log:602 7409 MainThread [INFO]  Completed executor task 4401
2023-07-07 14:27:37.783 worker_log:613 7409 MainThread [INFO]  All processing finished for executor task 4401
2023-07-07 14:27:37.794 worker_log:584 7409 MainThread [INFO]  Received executor task 4405
2023-07-07 14:27:59.626 worker_log:602 7409 MainThread [INFO]  Completed executor task 4405
2023-07-07 14:27:59.626 worker_log:613 7409 MainThread [INFO]  All processing finished for executor task 4405
2023-07-07 14:27:59.637 worker_log:584 7409 MainThread [INFO]  Received executor task 4419
2023-07-07 14:28:20.718 worker_log:602 7409 MainThread [INFO]  Completed executor task 4419
2023-07-07 14:28:20.719 worker_log:613 7409 MainThread [INFO]  All processing finished for executor task 4419
2023-07-07 14:28:20.730 worker_log:584 7409 MainThread [INFO]  Received executor task 4430
2023-07-07 14:28:39.145 worker_log:602 7409 MainThread [INFO]  Completed executor task 4430
2023-07-07 14:28:39.145 worker_log:613 7409 MainThread [INFO]  All processing finished for executor task 4430
2023-07-07 14:28:39.156 worker_log:584 7409 MainThread [INFO]  Received executor task 4445
2023-07-07 14:29:44.569 worker_log:602 7409 MainThread [INFO]  Completed executor task 4445
2023-07-07 14:29:44.571 worker_log:613 7409 MainThread [INFO]  All processing finished for executor task 4445
2023-07-07 14:29:44.591 worker_log:584 7409 MainThread [INFO]  Received executor task 4469
2023-07-07 14:30:23.817 worker_log:602 7409 MainThread [INFO]  Completed executor task 4469
2023-07-07 14:30:23.817 worker_log:613 7409 MainThread [INFO]  All processing finished for executor task 4469
2023-07-07 14:30:23.828 worker_log:584 7409 MainThread [INFO]  Received executor task 4488
2023-07-07 14:30:29.859 worker_log:602 7409 MainThread [INFO]  Completed executor task 4488
2023-07-07 14:30:29.860 worker_log:613 7409 MainThread [INFO]  All processing finished for executor task 4488
2023-07-07 14:30:29.871 worker_log:584 7409 MainThread [INFO]  Received executor task 4491
2023-07-07 14:31:19.715 worker_log:602 7409 MainThread [INFO]  Completed executor task 4491
2023-07-07 14:31:19.716 worker_log:613 7409 MainThread [INFO]  All processing finished for executor task 4491
2023-07-07 14:31:19.727 worker_log:584 7409 MainThread [INFO]  Received executor task 4515
2023-07-07 14:31:47.920 worker_log:602 7409 MainThread [INFO]  Completed executor task 4515
2023-07-07 14:31:47.921 worker_log:613 7409 MainThread [INFO]  All processing finished for executor task 4515
2023-07-07 14:31:47.932 worker_log:584 7409 MainThread [INFO]  Received executor task 4530
2023-07-07 14:32:17.920 worker_log:602 7409 MainThread [INFO]  Completed executor task 4530
2023-07-07 14:32:17.921 worker_log:613 7409 MainThread [INFO]  All processing finished for executor task 4530
2023-07-07 14:32:17.932 worker_log:584 7409 MainThread [INFO]  Received executor task 4548
2023-07-07 14:33:11.083 worker_log:602 7409 MainThread [INFO]  Completed executor task 4548
2023-07-07 14:33:11.083 worker_log:613 7409 MainThread [INFO]  All processing finished for executor task 4548
2023-07-07 14:33:11.094 worker_log:584 7409 MainThread [INFO]  Received executor task 4572
2023-07-07 14:33:42.210 worker_log:602 7409 MainThread [INFO]  Completed executor task 4572
2023-07-07 14:33:42.210 worker_log:613 7409 MainThread [INFO]  All processing finished for executor task 4572
2023-07-07 14:33:42.222 worker_log:584 7409 MainThread [INFO]  Received executor task 4591
2023-07-07 14:34:20.298 worker_log:602 7409 MainThread [INFO]  Completed executor task 4591
2023-07-07 14:34:20.298 worker_log:613 7409 MainThread [INFO]  All processing finished for executor task 4591
2023-07-07 14:34:20.309 worker_log:584 7409 MainThread [INFO]  Received executor task 4610
2023-07-07 14:34:53.232 worker_log:602 7409 MainThread [INFO]  Completed executor task 4610
2023-07-07 14:34:53.233 worker_log:613 7409 MainThread [INFO]  All processing finished for executor task 4610
2023-07-07 14:34:53.244 worker_log:584 7409 MainThread [INFO]  Received executor task 4630
2023-07-07 14:35:04.620 worker_log:602 7409 MainThread [INFO]  Completed executor task 4630
2023-07-07 14:35:04.620 worker_log:613 7409 MainThread [INFO]  All processing finished for executor task 4630
2023-07-07 14:35:04.631 worker_log:584 7409 MainThread [INFO]  Received executor task 4633
2023-07-07 14:35:35.140 worker_log:602 7409 MainThread [INFO]  Completed executor task 4633
2023-07-07 14:35:35.140 worker_log:613 7409 MainThread [INFO]  All processing finished for executor task 4633
2023-07-07 14:35:35.151 worker_log:584 7409 MainThread [INFO]  Received executor task 4651
2023-07-07 14:36:20.114 worker_log:602 7409 MainThread [INFO]  Completed executor task 4651
2023-07-07 14:36:20.114 worker_log:613 7409 MainThread [INFO]  All processing finished for executor task 4651
2023-07-07 14:36:20.126 worker_log:584 7409 MainThread [INFO]  Received executor task 4671
2023-07-07 14:37:02.784 worker_log:602 7409 MainThread [INFO]  Completed executor task 4671
2023-07-07 14:37:02.785 worker_log:613 7409 MainThread [INFO]  All processing finished for executor task 4671
2023-07-07 14:37:02.796 worker_log:584 7409 MainThread [INFO]  Received executor task 4691
2023-07-07 14:37:53.203 worker_log:602 7409 MainThread [INFO]  Completed executor task 4691
2023-07-07 14:37:53.203 worker_log:613 7409 MainThread [INFO]  All processing finished for executor task 4691
2023-07-07 14:37:53.215 worker_log:584 7409 MainThread [INFO]  Received executor task 4712
2023-07-07 14:38:08.611 worker_log:602 7409 MainThread [INFO]  Completed executor task 4712
2023-07-07 14:38:08.613 worker_log:613 7409 MainThread [INFO]  All processing finished for executor task 4712
2023-07-07 14:38:08.624 worker_log:584 7409 MainThread [INFO]  Received executor task 4718
2023-07-07 14:38:47.721 worker_log:602 7409 MainThread [INFO]  Completed executor task 4718
2023-07-07 14:38:47.722 worker_log:613 7409 MainThread [INFO]  All processing finished for executor task 4718
2023-07-07 14:38:47.733 worker_log:584 7409 MainThread [INFO]  Received executor task 4739
2023-07-07 14:39:18.649 worker_log:602 7409 MainThread [INFO]  Completed executor task 4739
2023-07-07 14:39:18.649 worker_log:613 7409 MainThread [INFO]  All processing finished for executor task 4739
2023-07-07 14:39:18.660 worker_log:584 7409 MainThread [INFO]  Received executor task 4750
2023-07-07 14:39:37.929 worker_log:602 7409 MainThread [INFO]  Completed executor task 4750
2023-07-07 14:39:37.930 worker_log:613 7409 MainThread [INFO]  All processing finished for executor task 4750
2023-07-07 14:39:37.941 worker_log:584 7409 MainThread [INFO]  Received executor task 4758
2023-07-07 14:40:26.514 worker_log:602 7409 MainThread [INFO]  Completed executor task 4758
2023-07-07 14:40:26.514 worker_log:613 7409 MainThread [INFO]  All processing finished for executor task 4758
2023-07-07 14:40:26.526 worker_log:584 7409 MainThread [INFO]  Received executor task 4782
2023-07-07 14:40:37.883 worker_log:602 7409 MainThread [INFO]  Completed executor task 4782
2023-07-07 14:40:37.883 worker_log:613 7409 MainThread [INFO]  All processing finished for executor task 4782
2023-07-07 14:40:37.895 worker_log:584 7409 MainThread [INFO]  Received executor task 4788
2023-07-07 14:40:52.930 worker_log:602 7409 MainThread [INFO]  Completed executor task 4788
2023-07-07 14:40:52.930 worker_log:613 7409 MainThread [INFO]  All processing finished for executor task 4788
2023-07-07 14:40:52.941 worker_log:584 7409 MainThread [INFO]  Received executor task 4796
2023-07-07 14:41:02.901 worker_log:602 7409 MainThread [INFO]  Completed executor task 4796
2023-07-07 14:41:02.902 worker_log:613 7409 MainThread [INFO]  All processing finished for executor task 4796
2023-07-07 14:41:02.925 worker_log:584 7409 MainThread [INFO]  Received executor task 4800
2023-07-07 14:41:11.571 worker_log:602 7409 MainThread [INFO]  Completed executor task 4800
2023-07-07 14:41:11.571 worker_log:613 7409 MainThread [INFO]  All processing finished for executor task 4800
2023-07-07 14:41:11.583 worker_log:584 7409 MainThread [INFO]  Received executor task 4805
2023-07-07 14:41:25.264 worker_log:602 7409 MainThread [INFO]  Completed executor task 4805
2023-07-07 14:41:25.264 worker_log:613 7409 MainThread [INFO]  All processing finished for executor task 4805
2023-07-07 14:41:25.275 worker_log:584 7409 MainThread [INFO]  Received executor task 4811
2023-07-07 14:42:52.809 worker_log:602 7409 MainThread [INFO]  Completed executor task 4811
2023-07-07 14:42:52.809 worker_log:613 7409 MainThread [INFO]  All processing finished for executor task 4811
2023-07-07 14:42:52.821 worker_log:584 7409 MainThread [INFO]  Received executor task 4856
2023-07-07 14:43:22.512 worker_log:602 7409 MainThread [INFO]  Completed executor task 4856
2023-07-07 14:43:22.512 worker_log:613 7409 MainThread [INFO]  All processing finished for executor task 4856
2023-07-07 14:43:22.524 worker_log:584 7409 MainThread [INFO]  Received executor task 4867
2023-07-07 14:43:44.322 worker_log:602 7409 MainThread [INFO]  Completed executor task 4867
2023-07-07 14:43:44.322 worker_log:613 7409 MainThread [INFO]  All processing finished for executor task 4867
2023-07-07 14:43:44.333 worker_log:584 7409 MainThread [INFO]  Received executor task 4879
2023-07-07 14:44:15.509 worker_log:602 7409 MainThread [INFO]  Completed executor task 4879
2023-07-07 14:44:15.509 worker_log:613 7409 MainThread [INFO]  All processing finished for executor task 4879
2023-07-07 14:44:15.530 worker_log:584 7409 MainThread [INFO]  Received executor task 4895
2023-07-07 14:44:40.195 worker_log:602 7409 MainThread [INFO]  Completed executor task 4895
2023-07-07 14:44:40.196 worker_log:613 7409 MainThread [INFO]  All processing finished for executor task 4895
2023-07-07 14:44:40.207 worker_log:584 7409 MainThread [INFO]  Received executor task 4906
2023-07-07 14:45:19.080 worker_log:602 7409 MainThread [INFO]  Completed executor task 4906
2023-07-07 14:45:19.081 worker_log:613 7409 MainThread [INFO]  All processing finished for executor task 4906
2023-07-07 14:45:19.092 worker_log:584 7409 MainThread [INFO]  Received executor task 4922
2023-07-07 14:45:49.179 worker_log:602 7409 MainThread [INFO]  Completed executor task 4922
2023-07-07 14:45:49.179 worker_log:613 7409 MainThread [INFO]  All processing finished for executor task 4922
2023-07-07 14:45:49.191 worker_log:584 7409 MainThread [INFO]  Received executor task 4939
2023-07-07 14:46:25.578 worker_log:602 7409 MainThread [INFO]  Completed executor task 4939
2023-07-07 14:46:25.579 worker_log:613 7409 MainThread [INFO]  All processing finished for executor task 4939
2023-07-07 14:46:25.590 worker_log:584 7409 MainThread [INFO]  Received executor task 4953
2023-07-07 14:46:56.444 worker_log:602 7409 MainThread [INFO]  Completed executor task 4953
2023-07-07 14:46:56.445 worker_log:613 7409 MainThread [INFO]  All processing finished for executor task 4953
2023-07-07 14:46:56.458 worker_log:584 7409 MainThread [INFO]  Received executor task 4970
2023-07-07 14:47:28.460 worker_log:602 7409 MainThread [INFO]  Completed executor task 4970
2023-07-07 14:47:28.461 worker_log:613 7409 MainThread [INFO]  All processing finished for executor task 4970
2023-07-07 14:47:28.472 worker_log:584 7409 MainThread [INFO]  Received executor task 4984
2023-07-07 14:47:48.245 worker_log:602 7409 MainThread [INFO]  Completed executor task 4984
2023-07-07 14:47:48.246 worker_log:613 7409 MainThread [INFO]  All processing finished for executor task 4984
2023-07-07 14:47:48.256 worker_log:584 7409 MainThread [INFO]  Received executor task 4996
2023-07-07 14:48:23.054 worker_log:602 7409 MainThread [INFO]  Completed executor task 4996
2023-07-07 14:48:23.055 worker_log:613 7409 MainThread [INFO]  All processing finished for executor task 4996
2023-07-07 14:48:23.066 worker_log:584 7409 MainThread [INFO]  Received executor task 5014
2023-07-07 14:48:56.605 worker_log:602 7409 MainThread [INFO]  Completed executor task 5014
2023-07-07 14:48:56.605 worker_log:613 7409 MainThread [INFO]  All processing finished for executor task 5014
2023-07-07 14:48:56.617 worker_log:584 7409 MainThread [INFO]  Received executor task 5031
2023-07-07 14:49:43.822 worker_log:602 7409 MainThread [INFO]  Completed executor task 5031
2023-07-07 14:49:43.822 worker_log:613 7409 MainThread [INFO]  All processing finished for executor task 5031
2023-07-07 14:49:43.833 worker_log:584 7409 MainThread [INFO]  Received executor task 5053
2023-07-07 14:50:27.382 worker_log:602 7409 MainThread [INFO]  Completed executor task 5053
2023-07-07 14:50:27.400 worker_log:613 7409 MainThread [INFO]  All processing finished for executor task 5053
2023-07-07 14:50:27.405 worker_log:584 7409 MainThread [INFO]  Received executor task 5078
2023-07-07 14:51:26.305 worker_log:602 7409 MainThread [INFO]  Completed executor task 5078
2023-07-07 14:51:26.305 worker_log:613 7409 MainThread [INFO]  All processing finished for executor task 5078
2023-07-07 14:51:26.318 worker_log:584 7409 MainThread [INFO]  Received executor task 5101
2023-07-07 14:51:59.802 worker_log:602 7409 MainThread [INFO]  Completed executor task 5101
2023-07-07 14:51:59.803 worker_log:613 7409 MainThread [INFO]  All processing finished for executor task 5101
2023-07-07 14:51:59.814 worker_log:584 7409 MainThread [INFO]  Received executor task 5119
2023-07-07 14:53:40.366 worker_log:602 7409 MainThread [INFO]  Completed executor task 5119
2023-07-07 14:53:40.367 worker_log:613 7409 MainThread [INFO]  All processing finished for executor task 5119
2023-07-07 14:53:40.379 worker_log:584 7409 MainThread [INFO]  Received executor task 5165
2023-07-07 14:53:57.066 worker_log:602 7409 MainThread [INFO]  Completed executor task 5165
2023-07-07 14:53:57.067 worker_log:613 7409 MainThread [INFO]  All processing finished for executor task 5165
2023-07-07 14:53:57.078 worker_log:584 7409 MainThread [INFO]  Received executor task 5175
2023-07-07 14:54:25.365 worker_log:602 7409 MainThread [INFO]  Completed executor task 5175
2023-07-07 14:54:25.365 worker_log:613 7409 MainThread [INFO]  All processing finished for executor task 5175
2023-07-07 14:54:25.376 worker_log:584 7409 MainThread [INFO]  Received executor task 5190
2023-07-07 14:54:46.333 worker_log:602 7409 MainThread [INFO]  Completed executor task 5190
2023-07-07 14:54:46.334 worker_log:613 7409 MainThread [INFO]  All processing finished for executor task 5190
2023-07-07 14:54:46.345 worker_log:584 7409 MainThread [INFO]  Received executor task 5202
2023-07-07 14:55:04.042 worker_log:602 7409 MainThread [INFO]  Completed executor task 5202
2023-07-07 14:55:04.042 worker_log:613 7409 MainThread [INFO]  All processing finished for executor task 5202
2023-07-07 14:55:04.054 worker_log:584 7409 MainThread [INFO]  Received executor task 5213
2023-07-07 14:55:23.000 worker_log:602 7409 MainThread [INFO]  Completed executor task 5213
2023-07-07 14:55:23.001 worker_log:613 7409 MainThread [INFO]  All processing finished for executor task 5213
2023-07-07 14:55:23.013 worker_log:584 7409 MainThread [INFO]  Received executor task 5223
2023-07-07 14:56:02.777 worker_log:602 7409 MainThread [INFO]  Completed executor task 5223
2023-07-07 14:56:02.777 worker_log:613 7409 MainThread [INFO]  All processing finished for executor task 5223
2023-07-07 14:56:02.789 worker_log:584 7409 MainThread [INFO]  Received executor task 5245
2023-07-07 14:57:46.652 worker_log:602 7409 MainThread [INFO]  Completed executor task 5245
2023-07-07 14:57:46.653 worker_log:613 7409 MainThread [INFO]  All processing finished for executor task 5245
2023-07-07 14:57:46.660 worker_log:584 7409 MainThread [INFO]  Received executor task 5282
2023-07-07 14:58:04.774 worker_log:602 7409 MainThread [INFO]  Completed executor task 5282
2023-07-07 14:58:04.775 worker_log:613 7409 MainThread [INFO]  All processing finished for executor task 5282
2023-07-07 14:58:04.786 worker_log:584 7409 MainThread [INFO]  Received executor task 5288
2023-07-07 14:58:48.367 worker_log:602 7409 MainThread [INFO]  Completed executor task 5288
2023-07-07 14:58:48.367 worker_log:613 7409 MainThread [INFO]  All processing finished for executor task 5288
2023-07-07 14:58:48.388 worker_log:584 7409 MainThread [INFO]  Received executor task 5307
2023-07-07 14:59:16.020 worker_log:602 7409 MainThread [INFO]  Completed executor task 5307
2023-07-07 14:59:16.021 worker_log:613 7409 MainThread [INFO]  All processing finished for executor task 5307
2023-07-07 14:59:16.032 worker_log:584 7409 MainThread [INFO]  Received executor task 5322
2023-07-07 14:59:49.788 worker_log:602 7409 MainThread [INFO]  Completed executor task 5322
2023-07-07 14:59:49.789 worker_log:613 7409 MainThread [INFO]  All processing finished for executor task 5322
2023-07-07 14:59:49.800 worker_log:584 7409 MainThread [INFO]  Received executor task 5336
2023-07-07 15:00:26.000 worker_log:602 7409 MainThread [INFO]  Completed executor task 5336
2023-07-07 15:00:26.001 worker_log:613 7409 MainThread [INFO]  All processing finished for executor task 5336
2023-07-07 15:00:26.012 worker_log:584 7409 MainThread [INFO]  Received executor task 5355
2023-07-07 15:00:54.319 worker_log:602 7409 MainThread [INFO]  Completed executor task 5355
2023-07-07 15:00:54.320 worker_log:613 7409 MainThread [INFO]  All processing finished for executor task 5355
2023-07-07 15:00:54.331 worker_log:584 7409 MainThread [INFO]  Received executor task 5370
2023-07-07 15:01:30.038 worker_log:602 7409 MainThread [INFO]  Completed executor task 5370
2023-07-07 15:01:30.039 worker_log:613 7409 MainThread [INFO]  All processing finished for executor task 5370
2023-07-07 15:01:30.050 worker_log:584 7409 MainThread [INFO]  Received executor task 5384
2023-07-07 15:02:10.451 worker_log:602 7409 MainThread [INFO]  Completed executor task 5384
2023-07-07 15:02:10.451 worker_log:613 7409 MainThread [INFO]  All processing finished for executor task 5384
2023-07-07 15:02:10.463 worker_log:584 7409 MainThread [INFO]  Received executor task 5403
2023-07-07 15:02:33.794 worker_log:602 7409 MainThread [INFO]  Completed executor task 5403
2023-07-07 15:02:33.795 worker_log:613 7409 MainThread [INFO]  All processing finished for executor task 5403
2023-07-07 15:02:33.806 worker_log:584 7409 MainThread [INFO]  Received executor task 5416
2023-07-07 15:02:59.927 worker_log:602 7409 MainThread [INFO]  Completed executor task 5416
2023-07-07 15:02:59.928 worker_log:613 7409 MainThread [INFO]  All processing finished for executor task 5416
2023-07-07 15:02:59.940 worker_log:584 7409 MainThread [INFO]  Received executor task 5426
2023-07-07 15:04:30.525 worker_log:602 7409 MainThread [INFO]  Completed executor task 5426
2023-07-07 15:04:30.525 worker_log:613 7409 MainThread [INFO]  All processing finished for executor task 5426
2023-07-07 15:04:30.537 worker_log:584 7409 MainThread [INFO]  Received executor task 5472
2023-07-07 15:06:08.078 worker_log:602 7409 MainThread [INFO]  Completed executor task 5472
2023-07-07 15:06:08.079 worker_log:613 7409 MainThread [INFO]  All processing finished for executor task 5472
2023-07-07 15:06:08.090 worker_log:584 7409 MainThread [INFO]  Received executor task 5520
2023-07-07 15:06:34.732 worker_log:602 7409 MainThread [INFO]  Completed executor task 5520
2023-07-07 15:06:34.733 worker_log:613 7409 MainThread [INFO]  All processing finished for executor task 5520
2023-07-07 15:06:34.745 worker_log:584 7409 MainThread [INFO]  Received executor task 5533
2023-07-07 15:07:00.076 worker_log:602 7409 MainThread [INFO]  Completed executor task 5533
2023-07-07 15:07:00.077 worker_log:613 7409 MainThread [INFO]  All processing finished for executor task 5533
2023-07-07 15:07:00.088 worker_log:584 7409 MainThread [INFO]  Received executor task 5543
2023-07-07 15:07:18.958 worker_log:602 7409 MainThread [INFO]  Completed executor task 5543
2023-07-07 15:07:18.958 worker_log:613 7409 MainThread [INFO]  All processing finished for executor task 5543
2023-07-07 15:07:18.970 worker_log:584 7409 MainThread [INFO]  Received executor task 5553
2023-07-07 15:08:00.732 worker_log:602 7409 MainThread [INFO]  Completed executor task 5553
2023-07-07 15:08:00.733 worker_log:613 7409 MainThread [INFO]  All processing finished for executor task 5553
2023-07-07 15:08:00.744 worker_log:584 7409 MainThread [INFO]  Received executor task 5566
2023-07-07 15:08:49.027 worker_log:602 7409 MainThread [INFO]  Completed executor task 5566
2023-07-07 15:08:49.028 worker_log:613 7409 MainThread [INFO]  All processing finished for executor task 5566
2023-07-07 15:08:49.049 worker_log:584 7409 MainThread [INFO]  Received executor task 5591
2023-07-07 15:09:44.929 worker_log:602 7409 MainThread [INFO]  Completed executor task 5591
2023-07-07 15:09:44.929 worker_log:613 7409 MainThread [INFO]  All processing finished for executor task 5591
2023-07-07 15:09:44.940 worker_log:584 7409 MainThread [INFO]  Received executor task 5618
2023-07-07 15:10:40.799 worker_log:602 7409 MainThread [INFO]  Completed executor task 5618
2023-07-07 15:10:40.800 worker_log:613 7409 MainThread [INFO]  All processing finished for executor task 5618
2023-07-07 15:10:40.811 worker_log:584 7409 MainThread [INFO]  Received executor task 5647
2023-07-07 15:11:26.450 worker_log:602 7409 MainThread [INFO]  Completed executor task 5647
2023-07-07 15:11:26.450 worker_log:613 7409 MainThread [INFO]  All processing finished for executor task 5647
2023-07-07 15:11:26.463 worker_log:584 7409 MainThread [INFO]  Received executor task 5665
2023-07-07 15:11:50.394 worker_log:602 7409 MainThread [INFO]  Completed executor task 5665
2023-07-07 15:11:50.395 worker_log:613 7409 MainThread [INFO]  All processing finished for executor task 5665
2023-07-07 15:11:50.406 worker_log:584 7409 MainThread [INFO]  Received executor task 5676
2023-07-07 15:12:05.350 worker_log:602 7409 MainThread [INFO]  Completed executor task 5676
2023-07-07 15:12:05.351 worker_log:613 7409 MainThread [INFO]  All processing finished for executor task 5676
2023-07-07 15:12:05.362 worker_log:584 7409 MainThread [INFO]  Received executor task 5684
2023-07-07 15:12:24.786 worker_log:602 7409 MainThread [INFO]  Completed executor task 5684
2023-07-07 15:12:24.787 worker_log:613 7409 MainThread [INFO]  All processing finished for executor task 5684
2023-07-07 15:12:24.798 worker_log:584 7409 MainThread [INFO]  Received executor task 5695
2023-07-07 15:12:46.137 worker_log:602 7409 MainThread [INFO]  Completed executor task 5695
2023-07-07 15:12:46.137 worker_log:613 7409 MainThread [INFO]  All processing finished for executor task 5695
2023-07-07 15:12:46.148 worker_log:584 7409 MainThread [INFO]  Received executor task 5705
2023-07-07 15:13:02.888 worker_log:602 7409 MainThread [INFO]  Completed executor task 5705
2023-07-07 15:13:02.888 worker_log:613 7409 MainThread [INFO]  All processing finished for executor task 5705
2023-07-07 15:13:02.889 worker_log:584 7409 MainThread [INFO]  Received executor task 5713
2023-07-07 15:13:41.878 worker_log:602 7409 MainThread [INFO]  Completed executor task 5713
2023-07-07 15:13:41.879 worker_log:613 7409 MainThread [INFO]  All processing finished for executor task 5713
2023-07-07 15:13:41.892 worker_log:584 7409 MainThread [INFO]  Received executor task 5735
2023-07-07 15:14:20.794 worker_log:602 7409 MainThread [INFO]  Completed executor task 5735
2023-07-07 15:14:20.794 worker_log:613 7409 MainThread [INFO]  All processing finished for executor task 5735
2023-07-07 15:14:20.808 worker_log:584 7409 MainThread [INFO]  Received executor task 5752
2023-07-07 15:14:39.874 worker_log:602 7409 MainThread [INFO]  Completed executor task 5752
2023-07-07 15:14:39.874 worker_log:613 7409 MainThread [INFO]  All processing finished for executor task 5752
2023-07-07 15:14:39.885 worker_log:584 7409 MainThread [INFO]  Received executor task 5757
2023-07-07 15:15:09.373 worker_log:602 7409 MainThread [INFO]  Completed executor task 5757
2023-07-07 15:15:09.374 worker_log:613 7409 MainThread [INFO]  All processing finished for executor task 5757
2023-07-07 15:15:09.388 worker_log:584 7409 MainThread [INFO]  Received executor task 5773
2023-07-07 15:15:35.706 worker_log:602 7409 MainThread [INFO]  Completed executor task 5773
2023-07-07 15:15:35.707 worker_log:613 7409 MainThread [INFO]  All processing finished for executor task 5773
2023-07-07 15:15:35.718 worker_log:584 7409 MainThread [INFO]  Received executor task 5787
2023-07-07 15:16:04.121 worker_log:602 7409 MainThread [INFO]  Completed executor task 5787
2023-07-07 15:16:04.122 worker_log:613 7409 MainThread [INFO]  All processing finished for executor task 5787
2023-07-07 15:16:04.132 worker_log:584 7409 MainThread [INFO]  Received executor task 5797
2023-07-07 15:16:30.976 worker_log:602 7409 MainThread [INFO]  Completed executor task 5797
2023-07-07 15:16:30.976 worker_log:613 7409 MainThread [INFO]  All processing finished for executor task 5797
2023-07-07 15:16:30.988 worker_log:584 7409 MainThread [INFO]  Received executor task 5813
2023-07-07 15:16:49.600 worker_log:602 7409 MainThread [INFO]  Completed executor task 5813
2023-07-07 15:16:49.601 worker_log:613 7409 MainThread [INFO]  All processing finished for executor task 5813
2023-07-07 15:16:49.612 worker_log:584 7409 MainThread [INFO]  Received executor task 5826
2023-07-07 15:17:00.756 worker_log:602 7409 MainThread [INFO]  Completed executor task 5826
2023-07-07 15:17:00.757 worker_log:613 7409 MainThread [INFO]  All processing finished for executor task 5826
2023-07-07 15:17:00.768 worker_log:584 7409 MainThread [INFO]  Received executor task 5834
2023-07-07 15:17:35.999 worker_log:602 7409 MainThread [INFO]  Completed executor task 5834
2023-07-07 15:17:36.000 worker_log:613 7409 MainThread [INFO]  All processing finished for executor task 5834
2023-07-07 15:17:36.011 worker_log:584 7409 MainThread [INFO]  Received executor task 5853
2023-07-07 15:18:31.490 worker_log:602 7409 MainThread [INFO]  Completed executor task 5853
2023-07-07 15:18:31.491 worker_log:613 7409 MainThread [INFO]  All processing finished for executor task 5853
2023-07-07 15:18:31.502 worker_log:584 7409 MainThread [INFO]  Received executor task 5877
2023-07-07 15:19:31.449 worker_log:602 7409 MainThread [INFO]  Completed executor task 5877
2023-07-07 15:19:31.450 worker_log:613 7409 MainThread [INFO]  All processing finished for executor task 5877
2023-07-07 15:19:31.461 worker_log:584 7409 MainThread [INFO]  Received executor task 5901
2023-07-07 15:19:48.571 worker_log:602 7409 MainThread [INFO]  Completed executor task 5901
2023-07-07 15:19:48.571 worker_log:613 7409 MainThread [INFO]  All processing finished for executor task 5901
2023-07-07 15:19:48.582 worker_log:584 7409 MainThread [INFO]  Received executor task 5911
2023-07-07 15:20:46.750 worker_log:602 7409 MainThread [INFO]  Completed executor task 5911
2023-07-07 15:20:46.751 worker_log:613 7409 MainThread [INFO]  All processing finished for executor task 5911
2023-07-07 15:20:46.762 worker_log:584 7409 MainThread [INFO]  Received executor task 5944
2023-07-07 15:21:52.348 worker_log:602 7409 MainThread [INFO]  Completed executor task 5944
2023-07-07 15:21:52.348 worker_log:613 7409 MainThread [INFO]  All processing finished for executor task 5944
2023-07-07 15:21:52.359 worker_log:584 7409 MainThread [INFO]  Received executor task 5976
2023-07-07 15:22:17.593 worker_log:602 7409 MainThread [INFO]  Completed executor task 5976
2023-07-07 15:22:17.594 worker_log:613 7409 MainThread [INFO]  All processing finished for executor task 5976
2023-07-07 15:22:17.605 worker_log:584 7409 MainThread [INFO]  Received executor task 5987
2023-07-07 15:22:50.703 worker_log:602 7409 MainThread [INFO]  Completed executor task 5987
2023-07-07 15:22:50.703 worker_log:613 7409 MainThread [INFO]  All processing finished for executor task 5987
2023-07-07 15:22:50.715 worker_log:584 7409 MainThread [INFO]  Received executor task 6005
2023-07-07 15:23:08.196 worker_log:602 7409 MainThread [INFO]  Completed executor task 6005
2023-07-07 15:23:08.196 worker_log:613 7409 MainThread [INFO]  All processing finished for executor task 6005
2023-07-07 15:23:08.207 worker_log:584 7409 MainThread [INFO]  Received executor task 6015
2023-07-07 15:23:24.069 worker_log:602 7409 MainThread [INFO]  Completed executor task 6015
2023-07-07 15:23:24.069 worker_log:613 7409 MainThread [INFO]  All processing finished for executor task 6015
2023-07-07 15:23:24.080 worker_log:584 7409 MainThread [INFO]  Received executor task 6022
2023-07-07 15:23:52.626 worker_log:602 7409 MainThread [INFO]  Completed executor task 6022
2023-07-07 15:23:52.627 worker_log:613 7409 MainThread [INFO]  All processing finished for executor task 6022
2023-07-07 15:23:52.638 worker_log:584 7409 MainThread [INFO]  Received executor task 6036
2023-07-07 15:24:20.012 worker_log:602 7409 MainThread [INFO]  Completed executor task 6036
2023-07-07 15:24:20.012 worker_log:613 7409 MainThread [INFO]  All processing finished for executor task 6036
2023-07-07 15:24:20.023 worker_log:584 7409 MainThread [INFO]  Received executor task 6053
2023-07-07 15:24:47.954 worker_log:602 7409 MainThread [INFO]  Completed executor task 6053
2023-07-07 15:24:47.955 worker_log:613 7409 MainThread [INFO]  All processing finished for executor task 6053
2023-07-07 15:24:47.967 worker_log:584 7409 MainThread [INFO]  Received executor task 6068
2023-07-07 15:25:39.618 worker_log:602 7409 MainThread [INFO]  Completed executor task 6068
2023-07-07 15:25:39.618 worker_log:613 7409 MainThread [INFO]  All processing finished for executor task 6068
2023-07-07 15:25:39.629 worker_log:584 7409 MainThread [INFO]  Received executor task 6096
2023-07-07 15:26:09.840 worker_log:602 7409 MainThread [INFO]  Completed executor task 6096
2023-07-07 15:26:09.840 worker_log:613 7409 MainThread [INFO]  All processing finished for executor task 6096
2023-07-07 15:26:09.851 worker_log:584 7409 MainThread [INFO]  Received executor task 6115
2023-07-07 15:26:22.504 worker_log:602 7409 MainThread [INFO]  Completed executor task 6115
2023-07-07 15:26:22.505 worker_log:613 7409 MainThread [INFO]  All processing finished for executor task 6115
2023-07-07 15:26:22.507 worker_log:584 7409 MainThread [INFO]  Received executor task 6122
2023-07-07 15:27:29.330 worker_log:602 7409 MainThread [INFO]  Completed executor task 6122
2023-07-07 15:27:29.341 worker_log:613 7409 MainThread [INFO]  All processing finished for executor task 6122
2023-07-07 15:27:29.342 worker_log:584 7409 MainThread [INFO]  Received executor task 6152
2023-07-07 15:27:52.717 worker_log:602 7409 MainThread [INFO]  Completed executor task 6152
2023-07-07 15:27:52.717 worker_log:613 7409 MainThread [INFO]  All processing finished for executor task 6152
2023-07-07 15:27:52.728 worker_log:584 7409 MainThread [INFO]  Received executor task 6167
2023-07-07 15:28:16.035 worker_log:602 7409 MainThread [INFO]  Completed executor task 6167
2023-07-07 15:28:16.036 worker_log:613 7409 MainThread [INFO]  All processing finished for executor task 6167
2023-07-07 15:28:16.047 worker_log:584 7409 MainThread [INFO]  Received executor task 6182
2023-07-07 15:28:48.404 worker_log:602 7409 MainThread [INFO]  Completed executor task 6182
2023-07-07 15:28:48.404 worker_log:613 7409 MainThread [INFO]  All processing finished for executor task 6182
2023-07-07 15:28:48.415 worker_log:584 7409 MainThread [INFO]  Received executor task 6201
2023-07-07 15:29:15.812 worker_log:602 7409 MainThread [INFO]  Completed executor task 6201
2023-07-07 15:29:15.813 worker_log:613 7409 MainThread [INFO]  All processing finished for executor task 6201
2023-07-07 15:29:15.824 worker_log:584 7409 MainThread [INFO]  Received executor task 6217
2023-07-07 15:29:40.488 worker_log:602 7409 MainThread [INFO]  Completed executor task 6217
2023-07-07 15:29:40.488 worker_log:613 7409 MainThread [INFO]  All processing finished for executor task 6217
2023-07-07 15:29:40.499 worker_log:584 7409 MainThread [INFO]  Received executor task 6230
2023-07-07 15:29:58.292 worker_log:602 7409 MainThread [INFO]  Completed executor task 6230
2023-07-07 15:29:58.293 worker_log:613 7409 MainThread [INFO]  All processing finished for executor task 6230
2023-07-07 15:29:58.304 worker_log:584 7409 MainThread [INFO]  Received executor task 6238
2023-07-07 15:30:27.901 worker_log:602 7409 MainThread [INFO]  Completed executor task 6238
2023-07-07 15:30:27.902 worker_log:613 7409 MainThread [INFO]  All processing finished for executor task 6238
2023-07-07 15:30:27.913 worker_log:584 7409 MainThread [INFO]  Received executor task 6260
2023-07-07 15:30:43.571 worker_log:602 7409 MainThread [INFO]  Completed executor task 6260
2023-07-07 15:30:43.572 worker_log:613 7409 MainThread [INFO]  All processing finished for executor task 6260
2023-07-07 15:30:43.583 worker_log:584 7409 MainThread [INFO]  Received executor task 6265
2023-07-07 15:31:05.381 worker_log:602 7409 MainThread [INFO]  Completed executor task 6265
2023-07-07 15:31:05.381 worker_log:613 7409 MainThread [INFO]  All processing finished for executor task 6265
2023-07-07 15:31:05.392 worker_log:584 7409 MainThread [INFO]  Received executor task 6276
2023-07-07 15:31:27.736 worker_log:602 7409 MainThread [INFO]  Completed executor task 6276
2023-07-07 15:31:27.737 worker_log:613 7409 MainThread [INFO]  All processing finished for executor task 6276
2023-07-07 15:31:27.748 worker_log:584 7409 MainThread [INFO]  Received executor task 6294
2023-07-07 15:31:54.674 worker_log:602 7409 MainThread [INFO]  Completed executor task 6294
2023-07-07 15:31:54.674 worker_log:613 7409 MainThread [INFO]  All processing finished for executor task 6294
2023-07-07 15:31:54.685 worker_log:584 7409 MainThread [INFO]  Received executor task 6304
2023-07-07 15:32:51.467 worker_log:602 7409 MainThread [INFO]  Completed executor task 6304
2023-07-07 15:32:51.467 worker_log:613 7409 MainThread [INFO]  All processing finished for executor task 6304
2023-07-07 15:32:51.478 worker_log:584 7409 MainThread [INFO]  Received executor task 6330
2023-07-07 15:33:11.017 worker_log:602 7409 MainThread [INFO]  Completed executor task 6330
2023-07-07 15:33:11.017 worker_log:613 7409 MainThread [INFO]  All processing finished for executor task 6330
2023-07-07 15:33:11.028 worker_log:584 7409 MainThread [INFO]  Received executor task 6341
2023-07-07 15:33:43.643 worker_log:602 7409 MainThread [INFO]  Completed executor task 6341
2023-07-07 15:33:43.643 worker_log:613 7409 MainThread [INFO]  All processing finished for executor task 6341
2023-07-07 15:33:43.654 worker_log:584 7409 MainThread [INFO]  Received executor task 6359
2023-07-07 15:34:07.044 worker_log:602 7409 MainThread [INFO]  Completed executor task 6359
2023-07-07 15:34:07.044 worker_log:613 7409 MainThread [INFO]  All processing finished for executor task 6359
2023-07-07 15:34:07.055 worker_log:584 7409 MainThread [INFO]  Received executor task 6370
2023-07-07 15:34:17.088 worker_log:602 7409 MainThread [INFO]  Completed executor task 6370
2023-07-07 15:34:17.088 worker_log:613 7409 MainThread [INFO]  All processing finished for executor task 6370
2023-07-07 15:34:17.099 worker_log:584 7409 MainThread [INFO]  Received executor task 6375
2023-07-07 15:34:59.179 worker_log:602 7409 MainThread [INFO]  Completed executor task 6375
2023-07-07 15:34:59.193 worker_log:613 7409 MainThread [INFO]  All processing finished for executor task 6375
2023-07-07 15:34:59.193 worker_log:584 7409 MainThread [INFO]  Received executor task 6392
2023-07-07 15:35:36.217 worker_log:602 7409 MainThread [INFO]  Completed executor task 6392
2023-07-07 15:35:36.217 worker_log:613 7409 MainThread [INFO]  All processing finished for executor task 6392
2023-07-07 15:35:36.228 worker_log:584 7409 MainThread [INFO]  Received executor task 6412
2023-07-07 15:36:38.766 worker_log:602 7409 MainThread [INFO]  Completed executor task 6412
2023-07-07 15:36:38.767 worker_log:613 7409 MainThread [INFO]  All processing finished for executor task 6412
2023-07-07 15:36:38.778 worker_log:584 7409 MainThread [INFO]  Received executor task 6436
2023-07-07 15:36:55.468 worker_log:602 7409 MainThread [INFO]  Completed executor task 6436
2023-07-07 15:36:55.469 worker_log:613 7409 MainThread [INFO]  All processing finished for executor task 6436
2023-07-07 15:36:55.480 worker_log:584 7409 MainThread [INFO]  Received executor task 6443
2023-07-07 15:37:29.408 worker_log:602 7409 MainThread [INFO]  Completed executor task 6443
2023-07-07 15:37:29.409 worker_log:613 7409 MainThread [INFO]  All processing finished for executor task 6443
2023-07-07 15:37:29.420 worker_log:584 7409 MainThread [INFO]  Received executor task 6458
2023-07-07 15:37:59.808 worker_log:602 7409 MainThread [INFO]  Completed executor task 6458
2023-07-07 15:37:59.810 worker_log:613 7409 MainThread [INFO]  All processing finished for executor task 6458
2023-07-07 15:37:59.821 worker_log:584 7409 MainThread [INFO]  Received executor task 6475
2023-07-07 15:38:24.622 worker_log:602 7409 MainThread [INFO]  Completed executor task 6475
2023-07-07 15:38:24.622 worker_log:613 7409 MainThread [INFO]  All processing finished for executor task 6475
2023-07-07 15:38:24.634 worker_log:584 7409 MainThread [INFO]  Received executor task 6484
2023-07-07 15:38:51.787 worker_log:602 7409 MainThread [INFO]  Completed executor task 6484
2023-07-07 15:38:51.788 worker_log:613 7409 MainThread [INFO]  All processing finished for executor task 6484
2023-07-07 15:38:51.800 worker_log:584 7409 MainThread [INFO]  Received executor task 6500
2023-07-07 15:39:08.045 worker_log:602 7409 MainThread [INFO]  Completed executor task 6500
2023-07-07 15:39:08.045 worker_log:613 7409 MainThread [INFO]  All processing finished for executor task 6500
2023-07-07 15:39:08.057 worker_log:584 7409 MainThread [INFO]  Received executor task 6506
2023-07-07 15:39:33.675 worker_log:602 7409 MainThread [INFO]  Completed executor task 6506
2023-07-07 15:39:33.675 worker_log:613 7409 MainThread [INFO]  All processing finished for executor task 6506
2023-07-07 15:39:33.687 worker_log:584 7409 MainThread [INFO]  Received executor task 6521
2023-07-07 15:39:51.351 worker_log:602 7409 MainThread [INFO]  Completed executor task 6521
2023-07-07 15:39:51.352 worker_log:613 7409 MainThread [INFO]  All processing finished for executor task 6521
2023-07-07 15:39:51.363 worker_log:584 7409 MainThread [INFO]  Received executor task 6526
2023-07-07 15:40:22.448 worker_log:602 7409 MainThread [INFO]  Completed executor task 6526
2023-07-07 15:40:22.449 worker_log:613 7409 MainThread [INFO]  All processing finished for executor task 6526
2023-07-07 15:40:22.460 worker_log:584 7409 MainThread [INFO]  Received executor task 6541
2023-07-07 15:40:43.470 worker_log:602 7409 MainThread [INFO]  Completed executor task 6541
2023-07-07 15:40:43.470 worker_log:613 7409 MainThread [INFO]  All processing finished for executor task 6541
2023-07-07 15:40:43.488 worker_log:584 7409 MainThread [INFO]  Received executor task 6554
2023-07-07 15:41:20.752 worker_log:602 7409 MainThread [INFO]  Completed executor task 6554
2023-07-07 15:41:20.752 worker_log:613 7409 MainThread [INFO]  All processing finished for executor task 6554
2023-07-07 15:41:20.764 worker_log:584 7409 MainThread [INFO]  Received executor task 6569
2023-07-07 15:41:50.474 worker_log:602 7409 MainThread [INFO]  Completed executor task 6569
2023-07-07 15:41:50.475 worker_log:613 7409 MainThread [INFO]  All processing finished for executor task 6569
2023-07-07 15:41:50.499 worker_log:584 7409 MainThread [INFO]  Received executor task 6589
2023-07-07 15:42:05.794 worker_log:602 7409 MainThread [INFO]  Completed executor task 6589
2023-07-07 15:42:05.795 worker_log:613 7409 MainThread [INFO]  All processing finished for executor task 6589
2023-07-07 15:42:05.806 worker_log:584 7409 MainThread [INFO]  Received executor task 6597
2023-07-07 15:42:24.767 worker_log:602 7409 MainThread [INFO]  Completed executor task 6597
2023-07-07 15:42:24.767 worker_log:613 7409 MainThread [INFO]  All processing finished for executor task 6597
2023-07-07 15:42:24.780 worker_log:584 7409 MainThread [INFO]  Received executor task 6609
2023-07-07 15:42:51.527 worker_log:602 7409 MainThread [INFO]  Completed executor task 6609
2023-07-07 15:42:51.528 worker_log:613 7409 MainThread [INFO]  All processing finished for executor task 6609
2023-07-07 15:42:51.538 worker_log:584 7409 MainThread [INFO]  Received executor task 6623
2023-07-07 15:43:15.511 worker_log:602 7409 MainThread [INFO]  Completed executor task 6623
2023-07-07 15:43:15.512 worker_log:613 7409 MainThread [INFO]  All processing finished for executor task 6623
2023-07-07 15:43:15.523 worker_log:584 7409 MainThread [INFO]  Received executor task 6632
2023-07-07 15:43:42.724 worker_log:602 7409 MainThread [INFO]  Completed executor task 6632
2023-07-07 15:43:42.724 worker_log:613 7409 MainThread [INFO]  All processing finished for executor task 6632
2023-07-07 15:43:42.735 worker_log:584 7409 MainThread [INFO]  Received executor task 6648
2023-07-07 15:44:28.501 worker_log:602 7409 MainThread [INFO]  Completed executor task 6648
2023-07-07 15:44:28.502 worker_log:613 7409 MainThread [INFO]  All processing finished for executor task 6648
2023-07-07 15:44:28.513 worker_log:584 7409 MainThread [INFO]  Received executor task 6674
2023-07-07 15:45:25.130 worker_log:602 7409 MainThread [INFO]  Completed executor task 6674
2023-07-07 15:45:25.131 worker_log:613 7409 MainThread [INFO]  All processing finished for executor task 6674
2023-07-07 15:45:25.142 worker_log:584 7409 MainThread [INFO]  Received executor task 6700
2023-07-07 15:46:04.804 worker_log:602 7409 MainThread [INFO]  Completed executor task 6700
2023-07-07 15:46:04.811 worker_log:613 7409 MainThread [INFO]  All processing finished for executor task 6700
2023-07-07 15:46:04.822 worker_log:584 7409 MainThread [INFO]  Received executor task 6714
2023-07-07 15:46:16.223 worker_log:602 7409 MainThread [INFO]  Completed executor task 6714
2023-07-07 15:46:16.224 worker_log:613 7409 MainThread [INFO]  All processing finished for executor task 6714
2023-07-07 15:46:16.235 worker_log:584 7409 MainThread [INFO]  Received executor task 6723
2023-07-07 15:46:59.184 worker_log:602 7409 MainThread [INFO]  Completed executor task 6723
2023-07-07 15:46:59.195 worker_log:613 7409 MainThread [INFO]  All processing finished for executor task 6723
2023-07-07 15:46:59.195 worker_log:584 7409 MainThread [INFO]  Received executor task 6741
2023-07-07 15:48:01.530 worker_log:602 7409 MainThread [INFO]  Completed executor task 6741
2023-07-07 15:48:01.531 worker_log:613 7409 MainThread [INFO]  All processing finished for executor task 6741
2023-07-07 15:48:01.542 worker_log:584 7409 MainThread [INFO]  Received executor task 6780
2023-07-07 15:48:14.937 worker_log:602 7409 MainThread [INFO]  Completed executor task 6780
2023-07-07 15:48:14.938 worker_log:613 7409 MainThread [INFO]  All processing finished for executor task 6780
2023-07-07 15:48:14.949 worker_log:584 7409 MainThread [INFO]  Received executor task 6787
2023-07-07 15:48:42.553 worker_log:602 7409 MainThread [INFO]  Completed executor task 6787
2023-07-07 15:48:42.553 worker_log:613 7409 MainThread [INFO]  All processing finished for executor task 6787
2023-07-07 15:48:42.565 worker_log:584 7409 MainThread [INFO]  Received executor task 6800
2023-07-07 15:48:58.480 worker_log:602 7409 MainThread [INFO]  Completed executor task 6800
2023-07-07 15:48:58.480 worker_log:613 7409 MainThread [INFO]  All processing finished for executor task 6800
2023-07-07 15:48:58.491 worker_log:584 7409 MainThread [INFO]  Received executor task 6810
2023-07-07 15:49:58.589 worker_log:602 7409 MainThread [INFO]  Completed executor task 6810
2023-07-07 15:49:58.590 worker_log:613 7409 MainThread [INFO]  All processing finished for executor task 6810
2023-07-07 15:49:58.602 worker_log:584 7409 MainThread [INFO]  Received executor task 6844
2023-07-07 15:50:26.027 worker_log:602 7409 MainThread [INFO]  Completed executor task 6844
2023-07-07 15:50:26.028 worker_log:613 7409 MainThread [INFO]  All processing finished for executor task 6844
2023-07-07 15:50:26.039 worker_log:584 7409 MainThread [INFO]  Received executor task 6862
2023-07-07 15:50:58.078 worker_log:602 7409 MainThread [INFO]  Completed executor task 6862
2023-07-07 15:50:58.078 worker_log:613 7409 MainThread [INFO]  All processing finished for executor task 6862
2023-07-07 15:50:58.089 worker_log:584 7409 MainThread [INFO]  Received executor task 6875
2023-07-07 15:51:13.889 worker_log:602 7409 MainThread [INFO]  Completed executor task 6875
2023-07-07 15:51:13.889 worker_log:613 7409 MainThread [INFO]  All processing finished for executor task 6875
2023-07-07 15:51:13.900 worker_log:584 7409 MainThread [INFO]  Received executor task 6886
2023-07-07 15:51:35.212 worker_log:602 7409 MainThread [INFO]  Completed executor task 6886
2023-07-07 15:51:35.212 worker_log:613 7409 MainThread [INFO]  All processing finished for executor task 6886
2023-07-07 15:51:35.223 worker_log:584 7409 MainThread [INFO]  Received executor task 6900
2023-07-07 15:51:56.897 worker_log:602 7409 MainThread [INFO]  Completed executor task 6900
2023-07-07 15:51:56.897 worker_log:613 7409 MainThread [INFO]  All processing finished for executor task 6900
2023-07-07 15:51:56.908 worker_log:584 7409 MainThread [INFO]  Received executor task 6914
2023-07-07 15:52:23.094 worker_log:602 7409 MainThread [INFO]  Completed executor task 6914
2023-07-07 15:52:23.094 worker_log:613 7409 MainThread [INFO]  All processing finished for executor task 6914
2023-07-07 15:52:23.105 worker_log:584 7409 MainThread [INFO]  Received executor task 6928
2023-07-07 15:53:23.013 worker_log:602 7409 MainThread [INFO]  Completed executor task 6928
2023-07-07 15:53:23.014 worker_log:613 7409 MainThread [INFO]  All processing finished for executor task 6928
2023-07-07 15:53:23.024 worker_log:584 7409 MainThread [INFO]  Received executor task 6954
2023-07-07 15:53:40.084 worker_log:602 7409 MainThread [INFO]  Completed executor task 6954
2023-07-07 15:53:40.084 worker_log:613 7409 MainThread [INFO]  All processing finished for executor task 6954
2023-07-07 15:53:40.096 worker_log:584 7409 MainThread [INFO]  Received executor task 6965
2023-07-07 15:53:54.853 worker_log:602 7409 MainThread [INFO]  Completed executor task 6965
2023-07-07 15:53:54.853 worker_log:613 7409 MainThread [INFO]  All processing finished for executor task 6965
2023-07-07 15:53:54.865 worker_log:584 7409 MainThread [INFO]  Received executor task 6976
2023-07-07 15:54:19.810 worker_log:602 7409 MainThread [INFO]  Completed executor task 6976
2023-07-07 15:54:19.810 worker_log:613 7409 MainThread [INFO]  All processing finished for executor task 6976
2023-07-07 15:54:19.822 worker_log:584 7409 MainThread [INFO]  Received executor task 6988
2023-07-07 15:56:18.967 worker_log:602 7409 MainThread [INFO]  Completed executor task 6988
2023-07-07 15:56:18.968 worker_log:613 7409 MainThread [INFO]  All processing finished for executor task 6988
2023-07-07 15:56:18.979 worker_log:584 7409 MainThread [INFO]  Received executor task 7046
2023-07-07 15:56:38.542 worker_log:602 7409 MainThread [INFO]  Completed executor task 7046
2023-07-07 15:56:38.542 worker_log:613 7409 MainThread [INFO]  All processing finished for executor task 7046
2023-07-07 15:56:38.554 worker_log:584 7409 MainThread [INFO]  Received executor task 7059
2023-07-07 15:57:16.351 worker_log:602 7409 MainThread [INFO]  Completed executor task 7059
2023-07-07 15:57:16.351 worker_log:613 7409 MainThread [INFO]  All processing finished for executor task 7059
2023-07-07 15:57:16.362 worker_log:584 7409 MainThread [INFO]  Received executor task 7079
2023-07-07 15:57:33.410 worker_log:602 7409 MainThread [INFO]  Completed executor task 7079
2023-07-07 15:57:33.410 worker_log:613 7409 MainThread [INFO]  All processing finished for executor task 7079
2023-07-07 15:57:33.421 worker_log:584 7409 MainThread [INFO]  Received executor task 7088
2023-07-07 15:58:45.198 worker_log:602 7409 MainThread [INFO]  Completed executor task 7088
2023-07-07 15:58:45.198 worker_log:613 7409 MainThread [INFO]  All processing finished for executor task 7088
2023-07-07 15:58:45.210 worker_log:584 7409 MainThread [INFO]  Received executor task 7123
2023-07-07 15:59:13.101 worker_log:602 7409 MainThread [INFO]  Completed executor task 7123
2023-07-07 15:59:13.102 worker_log:613 7409 MainThread [INFO]  All processing finished for executor task 7123
2023-07-07 15:59:13.103 worker_log:584 7409 MainThread [INFO]  Received executor task 7136
2023-07-07 15:59:32.099 worker_log:602 7409 MainThread [INFO]  Completed executor task 7136
2023-07-07 15:59:32.099 worker_log:613 7409 MainThread [INFO]  All processing finished for executor task 7136
2023-07-07 15:59:32.100 worker_log:584 7409 MainThread [INFO]  Received executor task 7147
2023-07-07 15:59:57.285 worker_log:602 7409 MainThread [INFO]  Completed executor task 7147
2023-07-07 15:59:57.285 worker_log:613 7409 MainThread [INFO]  All processing finished for executor task 7147
2023-07-07 15:59:57.297 worker_log:584 7409 MainThread [INFO]  Received executor task 7160
2023-07-07 16:00:36.946 worker_log:602 7409 MainThread [INFO]  Completed executor task 7160
2023-07-07 16:00:36.947 worker_log:613 7409 MainThread [INFO]  All processing finished for executor task 7160
2023-07-07 16:00:36.958 worker_log:584 7409 MainThread [INFO]  Received executor task 7178
2023-07-07 16:01:01.979 worker_log:602 7409 MainThread [INFO]  Completed executor task 7178
2023-07-07 16:01:01.979 worker_log:613 7409 MainThread [INFO]  All processing finished for executor task 7178
2023-07-07 16:01:01.991 worker_log:584 7409 MainThread [INFO]  Received executor task 7195
2023-07-07 16:01:52.016 worker_log:602 7409 MainThread [INFO]  Completed executor task 7195
2023-07-07 16:01:52.017 worker_log:613 7409 MainThread [INFO]  All processing finished for executor task 7195
2023-07-07 16:01:52.028 worker_log:584 7409 MainThread [INFO]  Received executor task 7210
2023-07-07 16:02:42.496 worker_log:602 7409 MainThread [INFO]  Completed executor task 7210
2023-07-07 16:02:42.497 worker_log:613 7409 MainThread [INFO]  All processing finished for executor task 7210
2023-07-07 16:02:42.508 worker_log:584 7409 MainThread [INFO]  Received executor task 7230
2023-07-07 16:03:38.360 worker_log:602 7409 MainThread [INFO]  Completed executor task 7230
2023-07-07 16:03:38.360 worker_log:613 7409 MainThread [INFO]  All processing finished for executor task 7230
2023-07-07 16:03:38.371 worker_log:584 7409 MainThread [INFO]  Received executor task 7250
2023-07-07 16:04:18.482 worker_log:602 7409 MainThread [INFO]  Completed executor task 7250
2023-07-07 16:04:18.482 worker_log:613 7409 MainThread [INFO]  All processing finished for executor task 7250
2023-07-07 16:04:18.493 worker_log:584 7409 MainThread [INFO]  Received executor task 7265
2023-07-07 16:04:48.593 worker_log:602 7409 MainThread [INFO]  Completed executor task 7265
2023-07-07 16:04:48.594 worker_log:613 7409 MainThread [INFO]  All processing finished for executor task 7265
2023-07-07 16:04:48.605 worker_log:584 7409 MainThread [INFO]  Received executor task 7274
2023-07-07 16:05:14.750 worker_log:602 7409 MainThread [INFO]  Completed executor task 7274
2023-07-07 16:05:14.751 worker_log:613 7409 MainThread [INFO]  All processing finished for executor task 7274
2023-07-07 16:05:14.762 worker_log:584 7409 MainThread [INFO]  Received executor task 7286
2023-07-07 16:05:51.382 worker_log:602 7409 MainThread [INFO]  Completed executor task 7286
2023-07-07 16:05:51.383 worker_log:613 7409 MainThread [INFO]  All processing finished for executor task 7286
2023-07-07 16:05:51.394 worker_log:584 7409 MainThread [INFO]  Received executor task 7300
2023-07-07 16:06:41.999 worker_log:602 7409 MainThread [INFO]  Completed executor task 7300
2023-07-07 16:06:42.000 worker_log:613 7409 MainThread [INFO]  All processing finished for executor task 7300
2023-07-07 16:06:42.013 worker_log:584 7409 MainThread [INFO]  Received executor task 7316
2023-07-07 16:07:13.174 worker_log:602 7409 MainThread [INFO]  Completed executor task 7316
2023-07-07 16:07:13.175 worker_log:613 7409 MainThread [INFO]  All processing finished for executor task 7316
2023-07-07 16:07:13.186 worker_log:584 7409 MainThread [INFO]  Received executor task 7332
2023-07-07 16:07:51.041 worker_log:602 7409 MainThread [INFO]  Completed executor task 7332
2023-07-07 16:07:51.041 worker_log:613 7409 MainThread [INFO]  All processing finished for executor task 7332
2023-07-07 16:07:51.055 worker_log:584 7409 MainThread [INFO]  Received executor task 7347
2023-07-07 16:08:19.867 worker_log:602 7409 MainThread [INFO]  Completed executor task 7347
2023-07-07 16:08:19.867 worker_log:613 7409 MainThread [INFO]  All processing finished for executor task 7347
2023-07-07 16:08:19.878 worker_log:584 7409 MainThread [INFO]  Received executor task 7356
2023-07-07 16:08:41.723 worker_log:602 7409 MainThread [INFO]  Completed executor task 7356
2023-07-07 16:08:41.724 worker_log:613 7409 MainThread [INFO]  All processing finished for executor task 7356
2023-07-07 16:08:41.735 worker_log:584 7409 MainThread [INFO]  Received executor task 7369
2023-07-07 16:09:00.458 worker_log:602 7409 MainThread [INFO]  Completed executor task 7369
2023-07-07 16:09:00.459 worker_log:613 7409 MainThread [INFO]  All processing finished for executor task 7369
2023-07-07 16:09:00.470 worker_log:584 7409 MainThread [INFO]  Received executor task 7378
2023-07-07 16:09:24.314 worker_log:602 7409 MainThread [INFO]  Completed executor task 7378
2023-07-07 16:09:24.314 worker_log:613 7409 MainThread [INFO]  All processing finished for executor task 7378
2023-07-07 16:09:24.325 worker_log:584 7409 MainThread [INFO]  Received executor task 7388
2023-07-07 16:09:42.816 worker_log:602 7409 MainThread [INFO]  Completed executor task 7388
2023-07-07 16:09:42.817 worker_log:613 7409 MainThread [INFO]  All processing finished for executor task 7388
2023-07-07 16:09:42.828 worker_log:584 7409 MainThread [INFO]  Received executor task 7399
2023-07-07 16:10:25.549 worker_log:602 7409 MainThread [INFO]  Completed executor task 7399
2023-07-07 16:10:25.569 worker_log:613 7409 MainThread [INFO]  All processing finished for executor task 7399
2023-07-07 16:10:25.571 worker_log:584 7409 MainThread [INFO]  Received executor task 7412
2023-07-07 16:11:15.334 worker_log:602 7409 MainThread [INFO]  Completed executor task 7412
2023-07-07 16:11:15.335 worker_log:613 7409 MainThread [INFO]  All processing finished for executor task 7412
2023-07-07 16:11:15.346 worker_log:584 7409 MainThread [INFO]  Received executor task 7430
2023-07-07 16:11:58.451 worker_log:602 7409 MainThread [INFO]  Completed executor task 7430
2023-07-07 16:11:58.452 worker_log:613 7409 MainThread [INFO]  All processing finished for executor task 7430
2023-07-07 16:11:58.463 worker_log:584 7409 MainThread [INFO]  Received executor task 7446
2023-07-07 16:12:09.179 worker_log:602 7409 MainThread [INFO]  Completed executor task 7446
2023-07-07 16:12:09.180 worker_log:613 7409 MainThread [INFO]  All processing finished for executor task 7446
2023-07-07 16:12:09.191 worker_log:584 7409 MainThread [INFO]  Received executor task 7454
2023-07-07 16:12:46.234 worker_log:602 7409 MainThread [INFO]  Completed executor task 7454
2023-07-07 16:12:46.234 worker_log:613 7409 MainThread [INFO]  All processing finished for executor task 7454
2023-07-07 16:12:46.245 worker_log:584 7409 MainThread [INFO]  Received executor task 7470
2023-07-07 16:12:59.017 worker_log:602 7409 MainThread [INFO]  Completed executor task 7470
2023-07-07 16:12:59.017 worker_log:613 7409 MainThread [INFO]  All processing finished for executor task 7470
2023-07-07 16:12:59.018 worker_log:584 7409 MainThread [INFO]  Received executor task 7476
2023-07-07 16:13:49.565 worker_log:602 7409 MainThread [INFO]  Completed executor task 7476
2023-07-07 16:13:49.566 worker_log:613 7409 MainThread [INFO]  All processing finished for executor task 7476
2023-07-07 16:13:49.578 worker_log:584 7409 MainThread [INFO]  Received executor task 7507
2023-07-07 16:15:27.453 worker_log:602 7409 MainThread [INFO]  Completed executor task 7507
2023-07-07 16:15:27.454 worker_log:613 7409 MainThread [INFO]  All processing finished for executor task 7507
2023-07-07 16:15:27.465 worker_log:584 7409 MainThread [INFO]  Received executor task 7550
2023-07-07 16:15:47.750 worker_log:602 7409 MainThread [INFO]  Completed executor task 7550
2023-07-07 16:15:47.751 worker_log:613 7409 MainThread [INFO]  All processing finished for executor task 7550
2023-07-07 16:15:47.762 worker_log:584 7409 MainThread [INFO]  Received executor task 7564
2023-07-07 16:16:08.306 worker_log:602 7409 MainThread [INFO]  Completed executor task 7564
2023-07-07 16:16:08.307 worker_log:613 7409 MainThread [INFO]  All processing finished for executor task 7564
2023-07-07 16:16:08.318 worker_log:584 7409 MainThread [INFO]  Received executor task 7577
2023-07-07 16:16:18.536 worker_log:602 7409 MainThread [INFO]  Completed executor task 7577
2023-07-07 16:16:18.537 worker_log:613 7409 MainThread [INFO]  All processing finished for executor task 7577
2023-07-07 16:16:18.548 worker_log:584 7409 MainThread [INFO]  Received executor task 7583
2023-07-07 16:16:40.877 worker_log:602 7409 MainThread [INFO]  Completed executor task 7583
2023-07-07 16:16:40.878 worker_log:613 7409 MainThread [INFO]  All processing finished for executor task 7583
2023-07-07 16:16:40.889 worker_log:584 7409 MainThread [INFO]  Received executor task 7591
2023-07-07 16:17:09.743 worker_log:602 7409 MainThread [INFO]  Completed executor task 7591
2023-07-07 16:17:09.743 worker_log:613 7409 MainThread [INFO]  All processing finished for executor task 7591
2023-07-07 16:17:09.755 worker_log:584 7409 MainThread [INFO]  Received executor task 7609
2023-07-07 16:17:38.528 worker_log:602 7409 MainThread [INFO]  Completed executor task 7609
2023-07-07 16:17:38.529 worker_log:613 7409 MainThread [INFO]  All processing finished for executor task 7609
2023-07-07 16:17:38.540 worker_log:584 7409 MainThread [INFO]  Received executor task 7622
2023-07-07 16:18:14.176 worker_log:602 7409 MainThread [INFO]  Completed executor task 7622
2023-07-07 16:18:14.176 worker_log:613 7409 MainThread [INFO]  All processing finished for executor task 7622
2023-07-07 16:18:14.188 worker_log:584 7409 MainThread [INFO]  Received executor task 7636
2023-07-07 16:19:16.748 worker_log:602 7409 MainThread [INFO]  Completed executor task 7636
2023-07-07 16:19:16.748 worker_log:613 7409 MainThread [INFO]  All processing finished for executor task 7636
2023-07-07 16:19:16.760 worker_log:584 7409 MainThread [INFO]  Received executor task 7663
2023-07-07 16:19:46.567 worker_log:602 7409 MainThread [INFO]  Completed executor task 7663
2023-07-07 16:19:46.567 worker_log:613 7409 MainThread [INFO]  All processing finished for executor task 7663
2023-07-07 16:19:46.569 worker_log:584 7409 MainThread [INFO]  Received executor task 7680
2023-07-07 16:20:11.184 worker_log:602 7409 MainThread [INFO]  Completed executor task 7680
2023-07-07 16:20:11.184 worker_log:613 7409 MainThread [INFO]  All processing finished for executor task 7680
2023-07-07 16:20:11.196 worker_log:584 7409 MainThread [INFO]  Received executor task 7688
2023-07-07 16:20:32.651 worker_log:602 7409 MainThread [INFO]  Completed executor task 7688
2023-07-07 16:20:32.652 worker_log:613 7409 MainThread [INFO]  All processing finished for executor task 7688
2023-07-07 16:20:32.662 worker_log:584 7409 MainThread [INFO]  Received executor task 7698
2023-07-07 16:20:54.784 worker_log:602 7409 MainThread [INFO]  Completed executor task 7698
2023-07-07 16:20:54.784 worker_log:613 7409 MainThread [INFO]  All processing finished for executor task 7698
2023-07-07 16:20:54.795 worker_log:584 7409 MainThread [INFO]  Received executor task 7715
2023-07-07 16:21:21.176 worker_log:602 7409 MainThread [INFO]  Completed executor task 7715
2023-07-07 16:21:21.177 worker_log:613 7409 MainThread [INFO]  All processing finished for executor task 7715
2023-07-07 16:21:21.188 worker_log:584 7409 MainThread [INFO]  Received executor task 7727
2023-07-07 16:21:42.433 worker_log:602 7409 MainThread [INFO]  Completed executor task 7727
2023-07-07 16:21:42.433 worker_log:613 7409 MainThread [INFO]  All processing finished for executor task 7727
2023-07-07 16:21:42.445 worker_log:584 7409 MainThread [INFO]  Received executor task 7739
2023-07-07 16:22:10.006 worker_log:602 7409 MainThread [INFO]  Completed executor task 7739
2023-07-07 16:22:10.006 worker_log:613 7409 MainThread [INFO]  All processing finished for executor task 7739
2023-07-07 16:22:10.018 worker_log:584 7409 MainThread [INFO]  Received executor task 7752
2023-07-07 16:22:27.885 worker_log:602 7409 MainThread [INFO]  Completed executor task 7752
2023-07-07 16:22:27.885 worker_log:613 7409 MainThread [INFO]  All processing finished for executor task 7752
2023-07-07 16:22:27.897 worker_log:584 7409 MainThread [INFO]  Received executor task 7759
2023-07-07 16:22:52.355 worker_log:602 7409 MainThread [INFO]  Completed executor task 7759
2023-07-07 16:22:52.356 worker_log:613 7409 MainThread [INFO]  All processing finished for executor task 7759
2023-07-07 16:22:52.367 worker_log:584 7409 MainThread [INFO]  Received executor task 7773
2023-07-07 16:23:12.548 worker_log:602 7409 MainThread [INFO]  Completed executor task 7773
2023-07-07 16:23:12.548 worker_log:613 7409 MainThread [INFO]  All processing finished for executor task 7773
2023-07-07 16:23:12.560 worker_log:584 7409 MainThread [INFO]  Received executor task 7785
2023-07-07 16:23:36.800 worker_log:602 7409 MainThread [INFO]  Completed executor task 7785
2023-07-07 16:23:36.801 worker_log:613 7409 MainThread [INFO]  All processing finished for executor task 7785
2023-07-07 16:23:36.813 worker_log:584 7409 MainThread [INFO]  Received executor task 7802
2023-07-07 16:23:55.852 worker_log:602 7409 MainThread [INFO]  Completed executor task 7802
2023-07-07 16:23:55.852 worker_log:613 7409 MainThread [INFO]  All processing finished for executor task 7802
2023-07-07 16:23:55.879 worker_log:584 7409 MainThread [INFO]  Received executor task 7815
2023-07-07 16:24:12.408 worker_log:602 7409 MainThread [INFO]  Completed executor task 7815
2023-07-07 16:24:12.408 worker_log:613 7409 MainThread [INFO]  All processing finished for executor task 7815
2023-07-07 16:24:12.430 worker_log:584 7409 MainThread [INFO]  Received executor task 7825
2023-07-07 16:24:48.123 worker_log:602 7409 MainThread [INFO]  Completed executor task 7825
2023-07-07 16:24:48.124 worker_log:613 7409 MainThread [INFO]  All processing finished for executor task 7825
2023-07-07 16:24:48.135 worker_log:584 7409 MainThread [INFO]  Received executor task 7845
2023-07-07 16:25:14.623 worker_log:602 7409 MainThread [INFO]  Completed executor task 7845
2023-07-07 16:25:14.624 worker_log:613 7409 MainThread [INFO]  All processing finished for executor task 7845
2023-07-07 16:25:14.635 worker_log:584 7409 MainThread [INFO]  Received executor task 7857
2023-07-07 16:25:49.243 worker_log:602 7409 MainThread [INFO]  Completed executor task 7857
2023-07-07 16:25:49.244 worker_log:613 7409 MainThread [INFO]  All processing finished for executor task 7857
2023-07-07 16:25:49.255 worker_log:584 7409 MainThread [INFO]  Received executor task 7874
2023-07-07 16:26:20.282 worker_log:602 7409 MainThread [INFO]  Completed executor task 7874
2023-07-07 16:26:20.282 worker_log:613 7409 MainThread [INFO]  All processing finished for executor task 7874
2023-07-07 16:26:20.293 worker_log:584 7409 MainThread [INFO]  Received executor task 7889
2023-07-07 16:26:44.234 worker_log:602 7409 MainThread [INFO]  Completed executor task 7889
2023-07-07 16:26:44.235 worker_log:613 7409 MainThread [INFO]  All processing finished for executor task 7889
2023-07-07 16:26:44.237 worker_log:584 7409 MainThread [INFO]  Received executor task 7898
2023-07-07 16:27:09.501 worker_log:602 7409 MainThread [INFO]  Completed executor task 7898
2023-07-07 16:27:09.501 worker_log:613 7409 MainThread [INFO]  All processing finished for executor task 7898
2023-07-07 16:27:09.512 worker_log:584 7409 MainThread [INFO]  Received executor task 7909
2023-07-07 16:27:52.608 worker_log:602 7409 MainThread [INFO]  Completed executor task 7909
2023-07-07 16:27:52.608 worker_log:613 7409 MainThread [INFO]  All processing finished for executor task 7909
2023-07-07 16:27:52.620 worker_log:584 7409 MainThread [INFO]  Received executor task 7926
2023-07-07 16:28:49.341 worker_log:602 7409 MainThread [INFO]  Completed executor task 7926
2023-07-07 16:28:49.341 worker_log:613 7409 MainThread [INFO]  All processing finished for executor task 7926
2023-07-07 16:28:49.352 worker_log:584 7409 MainThread [INFO]  Received executor task 7954
2023-07-07 16:29:07.163 worker_log:602 7409 MainThread [INFO]  Completed executor task 7954
2023-07-07 16:29:07.163 worker_log:613 7409 MainThread [INFO]  All processing finished for executor task 7954
2023-07-07 16:29:07.175 worker_log:584 7409 MainThread [INFO]  Received executor task 7963
2023-07-07 16:29:29.692 worker_log:602 7409 MainThread [INFO]  Completed executor task 7963
2023-07-07 16:29:29.693 worker_log:613 7409 MainThread [INFO]  All processing finished for executor task 7963
2023-07-07 16:29:29.704 worker_log:584 7409 MainThread [INFO]  Received executor task 7973
2023-07-07 16:30:41.521 worker_log:602 7409 MainThread [INFO]  Completed executor task 7973
2023-07-07 16:30:41.521 worker_log:613 7409 MainThread [INFO]  All processing finished for executor task 7973
2023-07-07 16:30:41.532 worker_log:584 7409 MainThread [INFO]  Received executor task 8005
2023-07-07 16:31:24.457 worker_log:602 7409 MainThread [INFO]  Completed executor task 8005
2023-07-07 16:31:24.458 worker_log:613 7409 MainThread [INFO]  All processing finished for executor task 8005
2023-07-07 16:31:24.469 worker_log:584 7409 MainThread [INFO]  Received executor task 8025
2023-07-07 16:32:17.644 worker_log:602 7409 MainThread [INFO]  Completed executor task 8025
2023-07-07 16:32:17.645 worker_log:613 7409 MainThread [INFO]  All processing finished for executor task 8025
2023-07-07 16:32:17.656 worker_log:584 7409 MainThread [INFO]  Received executor task 8047
2023-07-07 16:33:19.367 worker_log:602 7409 MainThread [INFO]  Completed executor task 8047
2023-07-07 16:33:19.368 worker_log:613 7409 MainThread [INFO]  All processing finished for executor task 8047
2023-07-07 16:33:19.379 worker_log:584 7409 MainThread [INFO]  Received executor task 8075
2023-07-07 16:33:51.056 worker_log:602 7409 MainThread [INFO]  Completed executor task 8075
2023-07-07 16:33:51.056 worker_log:613 7409 MainThread [INFO]  All processing finished for executor task 8075
2023-07-07 16:33:51.067 worker_log:584 7409 MainThread [INFO]  Received executor task 8088
2023-07-07 16:34:14.367 worker_log:602 7409 MainThread [INFO]  Completed executor task 8088
2023-07-07 16:34:14.368 worker_log:613 7409 MainThread [INFO]  All processing finished for executor task 8088
2023-07-07 16:34:14.379 worker_log:584 7409 MainThread [INFO]  Received executor task 8099
2023-07-07 16:35:18.029 worker_log:602 7409 MainThread [INFO]  Completed executor task 8099
2023-07-07 16:35:18.030 worker_log:613 7409 MainThread [INFO]  All processing finished for executor task 8099
2023-07-07 16:35:18.041 worker_log:584 7409 MainThread [INFO]  Received executor task 8124
2023-07-07 16:35:58.661 worker_log:602 7409 MainThread [INFO]  Completed executor task 8124
2023-07-07 16:35:58.661 worker_log:613 7409 MainThread [INFO]  All processing finished for executor task 8124
2023-07-07 16:35:58.672 worker_log:584 7409 MainThread [INFO]  Received executor task 8140
2023-07-07 16:36:40.743 worker_log:602 7409 MainThread [INFO]  Completed executor task 8140
2023-07-07 16:36:40.744 worker_log:613 7409 MainThread [INFO]  All processing finished for executor task 8140
2023-07-07 16:36:40.755 worker_log:584 7409 MainThread [INFO]  Received executor task 8151
2023-07-07 16:37:31.561 worker_log:602 7409 MainThread [INFO]  Completed executor task 8151
2023-07-07 16:37:31.561 worker_log:613 7409 MainThread [INFO]  All processing finished for executor task 8151
2023-07-07 16:37:31.563 worker_log:584 7409 MainThread [INFO]  Received executor task 8168
2023-07-07 16:37:57.477 worker_log:602 7409 MainThread [INFO]  Completed executor task 8168
2023-07-07 16:37:57.478 worker_log:613 7409 MainThread [INFO]  All processing finished for executor task 8168
2023-07-07 16:37:57.489 worker_log:584 7409 MainThread [INFO]  Received executor task 8177
2023-07-07 16:38:41.358 worker_log:602 7409 MainThread [INFO]  Completed executor task 8177
2023-07-07 16:38:41.358 worker_log:613 7409 MainThread [INFO]  All processing finished for executor task 8177
2023-07-07 16:38:41.371 worker_log:584 7409 MainThread [INFO]  Received executor task 8190
2023-07-07 16:39:24.010 worker_log:602 7409 MainThread [INFO]  Completed executor task 8190
2023-07-07 16:39:24.010 worker_log:613 7409 MainThread [INFO]  All processing finished for executor task 8190
2023-07-07 16:39:24.022 worker_log:584 7409 MainThread [INFO]  Received executor task 8203
2023-07-07 16:39:46.257 worker_log:602 7409 MainThread [INFO]  Completed executor task 8203
2023-07-07 16:39:46.257 worker_log:613 7409 MainThread [INFO]  All processing finished for executor task 8203
2023-07-07 16:39:46.268 worker_log:584 7409 MainThread [INFO]  Received executor task 8211
2023-07-07 16:41:15.389 worker_log:602 7409 MainThread [INFO]  Completed executor task 8211
2023-07-07 16:41:15.390 worker_log:613 7409 MainThread [INFO]  All processing finished for executor task 8211
2023-07-07 16:41:15.401 worker_log:584 7409 MainThread [INFO]  Received executor task 8239
2023-07-07 16:43:08.855 worker_log:602 7409 MainThread [INFO]  Completed executor task 8239
2023-07-07 16:43:08.855 worker_log:613 7409 MainThread [INFO]  All processing finished for executor task 8239
2023-07-07 16:43:08.866 worker_log:584 7409 MainThread [INFO]  Received executor task 8275
2023-07-07 16:44:06.821 worker_log:602 7409 MainThread [INFO]  Completed executor task 8275
2023-07-07 16:44:06.822 worker_log:613 7409 MainThread [INFO]  All processing finished for executor task 8275
2023-07-07 16:44:06.834 worker_log:584 7409 MainThread [INFO]  Received executor task 8289
2023-07-07 16:45:08.746 worker_log:602 7409 MainThread [INFO]  Completed executor task 8289
2023-07-07 16:45:08.746 worker_log:613 7409 MainThread [INFO]  All processing finished for executor task 8289
2023-07-07 16:45:08.761 worker_log:584 7409 MainThread [INFO]  Received executor task 8305
2023-07-07 16:45:51.503 worker_log:602 7409 MainThread [INFO]  Completed executor task 8305
2023-07-07 16:45:51.504 worker_log:613 7409 MainThread [INFO]  All processing finished for executor task 8305
2023-07-07 16:45:51.515 worker_log:584 7409 MainThread [INFO]  Received executor task 8317
2023-07-07 16:46:30.265 worker_log:602 7409 MainThread [INFO]  Completed executor task 8317
2023-07-07 16:46:30.265 worker_log:613 7409 MainThread [INFO]  All processing finished for executor task 8317
2023-07-07 16:46:30.276 worker_log:584 7409 MainThread [INFO]  Received executor task 8329
2023-07-07 16:48:19.287 worker_log:602 7409 MainThread [INFO]  Completed executor task 8329
2023-07-07 16:48:19.288 worker_log:613 7409 MainThread [INFO]  All processing finished for executor task 8329
2023-07-07 16:48:19.299 worker_log:584 7409 MainThread [INFO]  Received executor task 8351
2023-07-07 16:49:33.935 worker_log:602 7409 MainThread [INFO]  Completed executor task 8351
2023-07-07 16:49:33.936 worker_log:613 7409 MainThread [INFO]  All processing finished for executor task 8351
2023-07-07 16:49:33.948 worker_log:584 7409 MainThread [INFO]  Received executor task 8371
2023-07-07 16:50:32.280 worker_log:602 7409 MainThread [INFO]  Completed executor task 8371
2023-07-07 16:50:32.280 worker_log:613 7409 MainThread [INFO]  All processing finished for executor task 8371
2023-07-07 16:50:32.291 worker_log:584 7409 MainThread [INFO]  Received executor task 8387
2023-07-07 16:51:50.441 worker_log:602 7409 MainThread [INFO]  Completed executor task 8387
2023-07-07 16:51:50.442 worker_log:613 7409 MainThread [INFO]  All processing finished for executor task 8387
2023-07-07 16:51:50.453 worker_log:584 7409 MainThread [INFO]  Received executor task 8410
2023-07-07 16:53:48.130 worker_log:602 7409 MainThread [INFO]  Completed executor task 8410
2023-07-07 16:53:48.131 worker_log:613 7409 MainThread [INFO]  All processing finished for executor task 8410
2023-07-07 16:53:48.141 worker_log:584 7409 MainThread [INFO]  Received executor task 8454
2023-07-07 16:54:13.053 worker_log:602 7409 MainThread [INFO]  Completed executor task 8454
2023-07-07 16:54:13.054 worker_log:613 7409 MainThread [INFO]  All processing finished for executor task 8454
2023-07-07 16:54:13.064 worker_log:584 7409 MainThread [INFO]  Received executor task 8469
2023-07-07 16:54:32.810 worker_log:602 7409 MainThread [INFO]  Completed executor task 8469
2023-07-07 16:54:32.811 worker_log:613 7409 MainThread [INFO]  All processing finished for executor task 8469
2023-07-07 16:54:32.822 worker_log:584 7409 MainThread [INFO]  Received executor task 8483
2023-07-07 16:54:58.484 worker_log:602 7409 MainThread [INFO]  Completed executor task 8483
2023-07-07 16:54:58.485 worker_log:613 7409 MainThread [INFO]  All processing finished for executor task 8483
2023-07-07 16:54:58.486 worker_log:584 7409 MainThread [INFO]  Received executor task 8497
2023-07-07 16:55:28.607 worker_log:602 7409 MainThread [INFO]  Completed executor task 8497
2023-07-07 16:55:28.607 worker_log:613 7409 MainThread [INFO]  All processing finished for executor task 8497
2023-07-07 16:55:28.618 worker_log:584 7409 MainThread [INFO]  Received executor task 8511
2023-07-07 16:56:07.932 worker_log:602 7409 MainThread [INFO]  Completed executor task 8511
2023-07-07 16:56:07.932 worker_log:613 7409 MainThread [INFO]  All processing finished for executor task 8511
2023-07-07 16:56:07.943 worker_log:584 7409 MainThread [INFO]  Received executor task 8529
2023-07-07 16:56:31.876 worker_log:602 7409 MainThread [INFO]  Completed executor task 8529
2023-07-07 16:56:31.886 worker_log:613 7409 MainThread [INFO]  All processing finished for executor task 8529
2023-07-07 16:56:31.887 worker_log:584 7409 MainThread [INFO]  Received executor task 8536
2023-07-07 16:57:20.063 worker_log:602 7409 MainThread [INFO]  Completed executor task 8536
2023-07-07 16:57:20.063 worker_log:613 7409 MainThread [INFO]  All processing finished for executor task 8536
2023-07-07 16:57:20.075 worker_log:584 7409 MainThread [INFO]  Received executor task 8562
2023-07-07 16:57:45.219 worker_log:602 7409 MainThread [INFO]  Completed executor task 8562
2023-07-07 16:57:45.219 worker_log:613 7409 MainThread [INFO]  All processing finished for executor task 8562
2023-07-07 16:57:45.230 worker_log:584 7409 MainThread [INFO]  Received executor task 8572
2023-07-07 16:58:14.832 worker_log:602 7409 MainThread [INFO]  Completed executor task 8572
2023-07-07 16:58:14.832 worker_log:613 7409 MainThread [INFO]  All processing finished for executor task 8572
2023-07-07 16:58:14.843 worker_log:584 7409 MainThread [INFO]  Received executor task 8584
2023-07-07 16:59:10.999 worker_log:602 7409 MainThread [INFO]  Completed executor task 8584
2023-07-07 16:59:11.000 worker_log:613 7409 MainThread [INFO]  All processing finished for executor task 8584
2023-07-07 16:59:11.011 worker_log:584 7409 MainThread [INFO]  Received executor task 8620
2023-07-07 16:59:31.339 worker_log:602 7409 MainThread [INFO]  Completed executor task 8620
2023-07-07 16:59:31.340 worker_log:613 7409 MainThread [INFO]  All processing finished for executor task 8620
2023-07-07 16:59:31.351 worker_log:584 7409 MainThread [INFO]  Received executor task 8631
2023-07-07 16:59:42.166 worker_log:602 7409 MainThread [INFO]  Completed executor task 8631
2023-07-07 16:59:42.166 worker_log:613 7409 MainThread [INFO]  All processing finished for executor task 8631
2023-07-07 16:59:42.177 worker_log:584 7409 MainThread [INFO]  Received executor task 8637
2023-07-07 17:00:28.737 worker_log:602 7409 MainThread [INFO]  Completed executor task 8637
2023-07-07 17:00:28.738 worker_log:613 7409 MainThread [INFO]  All processing finished for executor task 8637
2023-07-07 17:00:28.749 worker_log:584 7409 MainThread [INFO]  Received executor task 8657
2023-07-07 17:00:53.530 worker_log:602 7409 MainThread [INFO]  Completed executor task 8657
2023-07-07 17:00:53.530 worker_log:613 7409 MainThread [INFO]  All processing finished for executor task 8657
2023-07-07 17:00:53.547 worker_log:584 7409 MainThread [INFO]  Received executor task 8671
2023-07-07 17:01:20.854 worker_log:602 7409 MainThread [INFO]  Completed executor task 8671
2023-07-07 17:01:20.855 worker_log:613 7409 MainThread [INFO]  All processing finished for executor task 8671
2023-07-07 17:01:20.866 worker_log:584 7409 MainThread [INFO]  Received executor task 8680
2023-07-07 17:01:49.740 worker_log:602 7409 MainThread [INFO]  Completed executor task 8680
2023-07-07 17:01:49.741 worker_log:613 7409 MainThread [INFO]  All processing finished for executor task 8680
2023-07-07 17:01:49.752 worker_log:584 7409 MainThread [INFO]  Received executor task 8697
2023-07-07 17:02:09.070 worker_log:602 7409 MainThread [INFO]  Completed executor task 8697
2023-07-07 17:02:09.070 worker_log:613 7409 MainThread [INFO]  All processing finished for executor task 8697
2023-07-07 17:02:09.081 worker_log:584 7409 MainThread [INFO]  Received executor task 8709
2023-07-07 17:02:44.547 worker_log:602 7409 MainThread [INFO]  Completed executor task 8709
2023-07-07 17:02:44.548 worker_log:613 7409 MainThread [INFO]  All processing finished for executor task 8709
2023-07-07 17:02:44.559 worker_log:584 7409 MainThread [INFO]  Received executor task 8730
2023-07-07 17:03:06.878 worker_log:602 7409 MainThread [INFO]  Completed executor task 8730
2023-07-07 17:03:06.879 worker_log:613 7409 MainThread [INFO]  All processing finished for executor task 8730
2023-07-07 17:03:06.890 worker_log:584 7409 MainThread [INFO]  Received executor task 8744
2023-07-07 17:03:37.992 worker_log:602 7409 MainThread [INFO]  Completed executor task 8744
2023-07-07 17:03:37.992 worker_log:613 7409 MainThread [INFO]  All processing finished for executor task 8744
2023-07-07 17:03:38.003 worker_log:584 7409 MainThread [INFO]  Received executor task 8765
2023-07-07 17:04:24.729 worker_log:602 7409 MainThread [INFO]  Completed executor task 8765
2023-07-07 17:04:24.730 worker_log:613 7409 MainThread [INFO]  All processing finished for executor task 8765
2023-07-07 17:04:24.741 worker_log:584 7409 MainThread [INFO]  Received executor task 8785
2023-07-07 17:05:02.533 worker_log:602 7409 MainThread [INFO]  Completed executor task 8785
2023-07-07 17:05:02.533 worker_log:613 7409 MainThread [INFO]  All processing finished for executor task 8785
2023-07-07 17:05:02.544 worker_log:584 7409 MainThread [INFO]  Received executor task 8812
2023-07-07 17:05:40.445 worker_log:602 7409 MainThread [INFO]  Completed executor task 8812
2023-07-07 17:05:40.445 worker_log:613 7409 MainThread [INFO]  All processing finished for executor task 8812
2023-07-07 17:05:40.457 worker_log:584 7409 MainThread [INFO]  Received executor task 8830
2023-07-07 17:06:08.724 worker_log:602 7409 MainThread [INFO]  Completed executor task 8830
2023-07-07 17:06:08.724 worker_log:613 7409 MainThread [INFO]  All processing finished for executor task 8830
2023-07-07 17:06:08.735 worker_log:584 7409 MainThread [INFO]  Received executor task 8843
2023-07-07 17:06:48.303 worker_log:602 7409 MainThread [INFO]  Completed executor task 8843
2023-07-07 17:06:48.303 worker_log:613 7409 MainThread [INFO]  All processing finished for executor task 8843
2023-07-07 17:06:48.314 worker_log:584 7409 MainThread [INFO]  Received executor task 8867
2023-07-07 17:07:03.575 worker_log:602 7409 MainThread [INFO]  Completed executor task 8867
2023-07-07 17:07:03.576 worker_log:613 7409 MainThread [INFO]  All processing finished for executor task 8867
2023-07-07 17:07:03.596 worker_log:584 7409 MainThread [INFO]  Received executor task 8875
2023-07-07 17:07:35.305 worker_log:602 7409 MainThread [INFO]  Completed executor task 8875
2023-07-07 17:07:35.305 worker_log:613 7409 MainThread [INFO]  All processing finished for executor task 8875
2023-07-07 17:07:35.306 worker_log:584 7409 MainThread [INFO]  Received executor task 8891
2023-07-07 17:07:55.556 worker_log:602 7409 MainThread [INFO]  Completed executor task 8891
2023-07-07 17:07:55.556 worker_log:613 7409 MainThread [INFO]  All processing finished for executor task 8891
2023-07-07 17:07:55.567 worker_log:584 7409 MainThread [INFO]  Received executor task 8904
2023-07-07 17:08:02.917 worker_log:602 7409 MainThread [INFO]  Completed executor task 8904
2023-07-07 17:08:02.917 worker_log:613 7409 MainThread [INFO]  All processing finished for executor task 8904
2023-07-07 17:08:02.929 worker_log:584 7409 MainThread [INFO]  Received executor task 8908
2023-07-07 17:08:35.880 worker_log:602 7409 MainThread [INFO]  Completed executor task 8908
2023-07-07 17:08:35.881 worker_log:613 7409 MainThread [INFO]  All processing finished for executor task 8908
2023-07-07 17:08:35.892 worker_log:584 7409 MainThread [INFO]  Received executor task 8923
2023-07-07 17:09:17.146 worker_log:602 7409 MainThread [INFO]  Completed executor task 8923
2023-07-07 17:09:17.146 worker_log:613 7409 MainThread [INFO]  All processing finished for executor task 8923
2023-07-07 17:09:17.157 worker_log:584 7409 MainThread [INFO]  Received executor task 8950
2023-07-07 17:09:48.192 worker_log:602 7409 MainThread [INFO]  Completed executor task 8950
2023-07-07 17:09:48.193 worker_log:613 7409 MainThread [INFO]  All processing finished for executor task 8950
2023-07-07 17:09:48.204 worker_log:584 7409 MainThread [INFO]  Received executor task 8971
2023-07-07 17:10:15.394 worker_log:602 7409 MainThread [INFO]  Completed executor task 8971
2023-07-07 17:10:15.394 worker_log:613 7409 MainThread [INFO]  All processing finished for executor task 8971
2023-07-07 17:10:15.405 worker_log:584 7409 MainThread [INFO]  Received executor task 8982
2023-07-07 17:11:05.851 worker_log:602 7409 MainThread [INFO]  Completed executor task 8982
2023-07-07 17:11:05.851 worker_log:613 7409 MainThread [INFO]  All processing finished for executor task 8982
2023-07-07 17:11:05.869 worker_log:584 7409 MainThread [INFO]  Received executor task 9002
2023-07-07 17:12:31.546 worker_log:602 7409 MainThread [INFO]  Completed executor task 9002
2023-07-07 17:12:31.547 worker_log:613 7409 MainThread [INFO]  All processing finished for executor task 9002
2023-07-07 17:12:31.561 worker_log:584 7409 MainThread [INFO]  Received executor task 9022
2023-07-07 17:13:03.908 worker_log:602 7409 MainThread [INFO]  Completed executor task 9022
2023-07-07 17:13:03.908 worker_log:613 7409 MainThread [INFO]  All processing finished for executor task 9022
2023-07-07 17:13:03.919 worker_log:584 7409 MainThread [INFO]  Received executor task 9035
2023-07-07 17:13:30.432 worker_log:602 7409 MainThread [INFO]  Completed executor task 9035
2023-07-07 17:13:30.433 worker_log:613 7409 MainThread [INFO]  All processing finished for executor task 9035
2023-07-07 17:13:30.444 worker_log:584 7409 MainThread [INFO]  Received executor task 9050
2023-07-07 17:14:32.531 worker_log:602 7409 MainThread [INFO]  Completed executor task 9050
2023-07-07 17:14:32.531 worker_log:613 7409 MainThread [INFO]  All processing finished for executor task 9050
2023-07-07 17:14:32.552 worker_log:584 7409 MainThread [INFO]  Received executor task 9068
2023-07-07 17:15:30.983 worker_log:602 7409 MainThread [INFO]  Completed executor task 9068
2023-07-07 17:15:30.984 worker_log:613 7409 MainThread [INFO]  All processing finished for executor task 9068
2023-07-07 17:15:30.995 worker_log:584 7409 MainThread [INFO]  Received executor task 9091
2023-07-07 17:16:20.194 worker_log:602 7409 MainThread [INFO]  Completed executor task 9091
2023-07-07 17:16:20.195 worker_log:613 7409 MainThread [INFO]  All processing finished for executor task 9091
2023-07-07 17:16:20.206 worker_log:584 7409 MainThread [INFO]  Received executor task 9111
2023-07-07 17:16:36.963 worker_log:602 7409 MainThread [INFO]  Completed executor task 9111
2023-07-07 17:16:36.973 worker_log:613 7409 MainThread [INFO]  All processing finished for executor task 9111
2023-07-07 17:16:36.984 worker_log:584 7409 MainThread [INFO]  Received executor task 9121
2023-07-07 17:17:15.796 worker_log:602 7409 MainThread [INFO]  Completed executor task 9121
2023-07-07 17:17:15.796 worker_log:613 7409 MainThread [INFO]  All processing finished for executor task 9121
2023-07-07 17:17:15.808 worker_log:584 7409 MainThread [INFO]  Received executor task 9137
2023-07-07 17:17:48.908 worker_log:602 7409 MainThread [INFO]  Completed executor task 9137
2023-07-07 17:17:48.908 worker_log:613 7409 MainThread [INFO]  All processing finished for executor task 9137
2023-07-07 17:17:48.919 worker_log:584 7409 MainThread [INFO]  Received executor task 9149
2023-07-07 17:18:42.622 worker_log:602 7409 MainThread [INFO]  Completed executor task 9149
2023-07-07 17:18:42.622 worker_log:613 7409 MainThread [INFO]  All processing finished for executor task 9149
2023-07-07 17:18:42.633 worker_log:584 7409 MainThread [INFO]  Received executor task 9168
2023-07-07 17:19:36.860 worker_log:602 7409 MainThread [INFO]  Completed executor task 9168
2023-07-07 17:19:36.860 worker_log:613 7409 MainThread [INFO]  All processing finished for executor task 9168
2023-07-07 17:19:36.871 worker_log:584 7409 MainThread [INFO]  Received executor task 9202
