2023-07-07 11:59:59.650 worker_log:538 7376 MainThread [INFO]  Worker 4 started
2023-07-07 12:02:51.088 worker_log:584 7376 MainThread [INFO]  Received executor task 5
2023-07-07 12:03:05.296 worker_log:602 7376 MainThread [INFO]  Completed executor task 5
2023-07-07 12:03:05.297 worker_log:613 7376 MainThread [INFO]  All processing finished for executor task 5
2023-07-07 12:03:05.308 worker_log:584 7376 MainThread [INFO]  Received executor task 17
2023-07-07 12:03:30.679 worker_log:602 7376 MainThread [INFO]  Completed executor task 17
2023-07-07 12:03:30.679 worker_log:613 7376 MainThread [INFO]  All processing finished for executor task 17
2023-07-07 12:03:30.690 worker_log:584 7376 MainThread [INFO]  Received executor task 32
2023-07-07 12:03:56.305 worker_log:602 7376 MainThread [INFO]  Completed executor task 32
2023-07-07 12:03:56.305 worker_log:613 7376 MainThread [INFO]  All processing finished for executor task 32
2023-07-07 12:03:56.317 worker_log:584 7376 MainThread [INFO]  Received executor task 42
2023-07-07 12:04:24.869 worker_log:602 7376 MainThread [INFO]  Completed executor task 42
2023-07-07 12:04:24.869 worker_log:613 7376 MainThread [INFO]  All processing finished for executor task 42
2023-07-07 12:04:24.880 worker_log:584 7376 MainThread [INFO]  Received executor task 63
2023-07-07 12:04:37.266 worker_log:602 7376 MainThread [INFO]  Completed executor task 63
2023-07-07 12:04:37.266 worker_log:613 7376 MainThread [INFO]  All processing finished for executor task 63
2023-07-07 12:04:37.277 worker_log:584 7376 MainThread [INFO]  Received executor task 71
2023-07-07 12:05:39.919 worker_log:602 7376 MainThread [INFO]  Completed executor task 71
2023-07-07 12:05:39.919 worker_log:613 7376 MainThread [INFO]  All processing finished for executor task 71
2023-07-07 12:05:39.930 worker_log:584 7376 MainThread [INFO]  Received executor task 107
2023-07-07 12:05:54.860 worker_log:602 7376 MainThread [INFO]  Completed executor task 107
2023-07-07 12:05:54.860 worker_log:613 7376 MainThread [INFO]  All processing finished for executor task 107
2023-07-07 12:05:54.871 worker_log:584 7376 MainThread [INFO]  Received executor task 114
2023-07-07 12:06:24.596 worker_log:602 7376 MainThread [INFO]  Completed executor task 114
2023-07-07 12:06:24.596 worker_log:613 7376 MainThread [INFO]  All processing finished for executor task 114
2023-07-07 12:06:24.616 worker_log:584 7376 MainThread [INFO]  Received executor task 132
2023-07-07 12:06:50.998 worker_log:602 7376 MainThread [INFO]  Completed executor task 132
2023-07-07 12:06:50.999 worker_log:613 7376 MainThread [INFO]  All processing finished for executor task 132
2023-07-07 12:06:51.010 worker_log:584 7376 MainThread [INFO]  Received executor task 144
2023-07-07 12:07:16.881 worker_log:602 7376 MainThread [INFO]  Completed executor task 144
2023-07-07 12:07:16.894 worker_log:613 7376 MainThread [INFO]  All processing finished for executor task 144
2023-07-07 12:07:16.894 worker_log:584 7376 MainThread [INFO]  Received executor task 159
2023-07-07 12:07:42.831 worker_log:602 7376 MainThread [INFO]  Completed executor task 159
2023-07-07 12:07:42.831 worker_log:613 7376 MainThread [INFO]  All processing finished for executor task 159
2023-07-07 12:07:42.842 worker_log:584 7376 MainThread [INFO]  Received executor task 176
2023-07-07 12:08:33.000 worker_log:602 7376 MainThread [INFO]  Completed executor task 176
2023-07-07 12:08:33.000 worker_log:613 7376 MainThread [INFO]  All processing finished for executor task 176
2023-07-07 12:08:33.011 worker_log:584 7376 MainThread [INFO]  Received executor task 202
2023-07-07 12:09:23.336 worker_log:602 7376 MainThread [INFO]  Completed executor task 202
2023-07-07 12:09:23.336 worker_log:613 7376 MainThread [INFO]  All processing finished for executor task 202
2023-07-07 12:09:23.348 worker_log:584 7376 MainThread [INFO]  Received executor task 225
2023-07-07 12:09:38.435 worker_log:602 7376 MainThread [INFO]  Completed executor task 225
2023-07-07 12:09:38.435 worker_log:613 7376 MainThread [INFO]  All processing finished for executor task 225
2023-07-07 12:09:38.447 worker_log:584 7376 MainThread [INFO]  Received executor task 230
2023-07-07 12:09:57.644 worker_log:602 7376 MainThread [INFO]  Completed executor task 230
2023-07-07 12:09:57.644 worker_log:613 7376 MainThread [INFO]  All processing finished for executor task 230
2023-07-07 12:09:57.655 worker_log:584 7376 MainThread [INFO]  Received executor task 240
2023-07-07 12:10:32.855 worker_log:602 7376 MainThread [INFO]  Completed executor task 240
2023-07-07 12:10:32.855 worker_log:613 7376 MainThread [INFO]  All processing finished for executor task 240
2023-07-07 12:10:32.866 worker_log:584 7376 MainThread [INFO]  Received executor task 257
2023-07-07 12:10:59.635 worker_log:602 7376 MainThread [INFO]  Completed executor task 257
2023-07-07 12:10:59.635 worker_log:613 7376 MainThread [INFO]  All processing finished for executor task 257
2023-07-07 12:10:59.647 worker_log:584 7376 MainThread [INFO]  Received executor task 264
2023-07-07 12:11:33.293 worker_log:602 7376 MainThread [INFO]  Completed executor task 264
2023-07-07 12:11:33.294 worker_log:613 7376 MainThread [INFO]  All processing finished for executor task 264
2023-07-07 12:11:33.304 worker_log:584 7376 MainThread [INFO]  Received executor task 279
2023-07-07 12:11:50.227 worker_log:602 7376 MainThread [INFO]  Completed executor task 279
2023-07-07 12:11:50.228 worker_log:613 7376 MainThread [INFO]  All processing finished for executor task 279
2023-07-07 12:11:50.239 worker_log:584 7376 MainThread [INFO]  Received executor task 289
2023-07-07 12:12:15.930 worker_log:602 7376 MainThread [INFO]  Completed executor task 289
2023-07-07 12:12:15.931 worker_log:613 7376 MainThread [INFO]  All processing finished for executor task 289
2023-07-07 12:12:15.942 worker_log:584 7376 MainThread [INFO]  Received executor task 299
2023-07-07 12:12:40.637 worker_log:602 7376 MainThread [INFO]  Completed executor task 299
2023-07-07 12:12:40.638 worker_log:613 7376 MainThread [INFO]  All processing finished for executor task 299
2023-07-07 12:12:40.649 worker_log:584 7376 MainThread [INFO]  Received executor task 311
2023-07-07 12:13:00.448 worker_log:602 7376 MainThread [INFO]  Completed executor task 311
2023-07-07 12:13:00.448 worker_log:613 7376 MainThread [INFO]  All processing finished for executor task 311
2023-07-07 12:13:00.460 worker_log:584 7376 MainThread [INFO]  Received executor task 323
2023-07-07 12:13:22.982 worker_log:602 7376 MainThread [INFO]  Completed executor task 323
2023-07-07 12:13:22.982 worker_log:613 7376 MainThread [INFO]  All processing finished for executor task 323
2023-07-07 12:13:22.993 worker_log:584 7376 MainThread [INFO]  Received executor task 336
2023-07-07 12:13:53.284 worker_log:602 7376 MainThread [INFO]  Completed executor task 336
2023-07-07 12:13:53.285 worker_log:613 7376 MainThread [INFO]  All processing finished for executor task 336
2023-07-07 12:13:53.296 worker_log:584 7376 MainThread [INFO]  Received executor task 354
2023-07-07 12:14:14.898 worker_log:602 7376 MainThread [INFO]  Completed executor task 354
2023-07-07 12:14:14.898 worker_log:613 7376 MainThread [INFO]  All processing finished for executor task 354
2023-07-07 12:14:14.910 worker_log:584 7376 MainThread [INFO]  Received executor task 367
2023-07-07 12:14:44.599 worker_log:602 7376 MainThread [INFO]  Completed executor task 367
2023-07-07 12:14:44.600 worker_log:613 7376 MainThread [INFO]  All processing finished for executor task 367
2023-07-07 12:14:44.611 worker_log:584 7376 MainThread [INFO]  Received executor task 380
2023-07-07 12:15:33.919 worker_log:602 7376 MainThread [INFO]  Completed executor task 380
2023-07-07 12:15:33.920 worker_log:613 7376 MainThread [INFO]  All processing finished for executor task 380
2023-07-07 12:15:33.931 worker_log:584 7376 MainThread [INFO]  Received executor task 403
2023-07-07 12:15:59.114 worker_log:602 7376 MainThread [INFO]  Completed executor task 403
2023-07-07 12:15:59.114 worker_log:613 7376 MainThread [INFO]  All processing finished for executor task 403
2023-07-07 12:15:59.126 worker_log:584 7376 MainThread [INFO]  Received executor task 411
2023-07-07 12:16:25.886 worker_log:602 7376 MainThread [INFO]  Completed executor task 411
2023-07-07 12:16:25.887 worker_log:613 7376 MainThread [INFO]  All processing finished for executor task 411
2023-07-07 12:16:25.898 worker_log:584 7376 MainThread [INFO]  Received executor task 423
2023-07-07 12:16:47.993 worker_log:602 7376 MainThread [INFO]  Completed executor task 423
2023-07-07 12:16:47.993 worker_log:613 7376 MainThread [INFO]  All processing finished for executor task 423
2023-07-07 12:16:47.994 worker_log:584 7376 MainThread [INFO]  Received executor task 436
2023-07-07 12:17:19.456 worker_log:602 7376 MainThread [INFO]  Completed executor task 436
2023-07-07 12:17:19.457 worker_log:613 7376 MainThread [INFO]  All processing finished for executor task 436
2023-07-07 12:17:19.468 worker_log:584 7376 MainThread [INFO]  Received executor task 449
2023-07-07 12:17:37.681 worker_log:602 7376 MainThread [INFO]  Completed executor task 449
2023-07-07 12:17:37.690 worker_log:613 7376 MainThread [INFO]  All processing finished for executor task 449
2023-07-07 12:17:37.693 worker_log:584 7376 MainThread [INFO]  Received executor task 458
2023-07-07 12:18:07.403 worker_log:602 7376 MainThread [INFO]  Completed executor task 458
2023-07-07 12:18:07.404 worker_log:613 7376 MainThread [INFO]  All processing finished for executor task 458
2023-07-07 12:18:07.415 worker_log:584 7376 MainThread [INFO]  Received executor task 474
2023-07-07 12:18:42.668 worker_log:602 7376 MainThread [INFO]  Completed executor task 474
2023-07-07 12:18:42.668 worker_log:613 7376 MainThread [INFO]  All processing finished for executor task 474
2023-07-07 12:18:42.679 worker_log:584 7376 MainThread [INFO]  Received executor task 488
2023-07-07 12:19:16.530 worker_log:602 7376 MainThread [INFO]  Completed executor task 488
2023-07-07 12:19:16.531 worker_log:613 7376 MainThread [INFO]  All processing finished for executor task 488
2023-07-07 12:19:16.542 worker_log:584 7376 MainThread [INFO]  Received executor task 507
2023-07-07 12:19:39.789 worker_log:602 7376 MainThread [INFO]  Completed executor task 507
2023-07-07 12:19:39.790 worker_log:613 7376 MainThread [INFO]  All processing finished for executor task 507
2023-07-07 12:19:39.801 worker_log:584 7376 MainThread [INFO]  Received executor task 517
2023-07-07 12:20:29.184 worker_log:602 7376 MainThread [INFO]  Completed executor task 517
2023-07-07 12:20:29.185 worker_log:613 7376 MainThread [INFO]  All processing finished for executor task 517
2023-07-07 12:20:29.201 worker_log:584 7376 MainThread [INFO]  Received executor task 542
2023-07-07 12:20:48.797 worker_log:602 7376 MainThread [INFO]  Completed executor task 542
2023-07-07 12:20:48.798 worker_log:613 7376 MainThread [INFO]  All processing finished for executor task 542
2023-07-07 12:20:48.809 worker_log:584 7376 MainThread [INFO]  Received executor task 550
2023-07-07 12:22:13.668 worker_log:602 7376 MainThread [INFO]  Completed executor task 550
2023-07-07 12:22:13.668 worker_log:613 7376 MainThread [INFO]  All processing finished for executor task 550
2023-07-07 12:22:13.680 worker_log:584 7376 MainThread [INFO]  Received executor task 585
2023-07-07 12:22:50.528 worker_log:602 7376 MainThread [INFO]  Completed executor task 585
2023-07-07 12:22:50.529 worker_log:613 7376 MainThread [INFO]  All processing finished for executor task 585
2023-07-07 12:22:50.540 worker_log:584 7376 MainThread [INFO]  Received executor task 601
2023-07-07 12:23:32.551 worker_log:602 7376 MainThread [INFO]  Completed executor task 601
2023-07-07 12:23:32.552 worker_log:613 7376 MainThread [INFO]  All processing finished for executor task 601
2023-07-07 12:23:32.563 worker_log:584 7376 MainThread [INFO]  Received executor task 623
2023-07-07 12:24:19.280 worker_log:602 7376 MainThread [INFO]  Completed executor task 623
2023-07-07 12:24:19.281 worker_log:613 7376 MainThread [INFO]  All processing finished for executor task 623
2023-07-07 12:24:19.292 worker_log:584 7376 MainThread [INFO]  Received executor task 642
2023-07-07 12:24:50.984 worker_log:602 7376 MainThread [INFO]  Completed executor task 642
2023-07-07 12:24:50.985 worker_log:613 7376 MainThread [INFO]  All processing finished for executor task 642
2023-07-07 12:24:50.996 worker_log:584 7376 MainThread [INFO]  Received executor task 660
2023-07-07 12:25:19.176 worker_log:602 7376 MainThread [INFO]  Completed executor task 660
2023-07-07 12:25:19.177 worker_log:613 7376 MainThread [INFO]  All processing finished for executor task 660
2023-07-07 12:25:19.188 worker_log:584 7376 MainThread [INFO]  Received executor task 674
2023-07-07 12:26:10.126 worker_log:602 7376 MainThread [INFO]  Completed executor task 674
2023-07-07 12:26:10.126 worker_log:613 7376 MainThread [INFO]  All processing finished for executor task 674
2023-07-07 12:26:10.137 worker_log:584 7376 MainThread [INFO]  Received executor task 693
2023-07-07 12:26:51.555 worker_log:602 7376 MainThread [INFO]  Completed executor task 693
2023-07-07 12:26:51.556 worker_log:613 7376 MainThread [INFO]  All processing finished for executor task 693
2023-07-07 12:26:51.567 worker_log:584 7376 MainThread [INFO]  Received executor task 714
2023-07-07 12:27:04.304 worker_log:602 7376 MainThread [INFO]  Completed executor task 714
2023-07-07 12:27:04.304 worker_log:613 7376 MainThread [INFO]  All processing finished for executor task 714
2023-07-07 12:27:04.316 worker_log:584 7376 MainThread [INFO]  Received executor task 724
2023-07-07 12:27:31.159 worker_log:602 7376 MainThread [INFO]  Completed executor task 724
2023-07-07 12:27:31.159 worker_log:613 7376 MainThread [INFO]  All processing finished for executor task 724
2023-07-07 12:27:31.170 worker_log:584 7376 MainThread [INFO]  Received executor task 737
2023-07-07 12:28:00.755 worker_log:602 7376 MainThread [INFO]  Completed executor task 737
2023-07-07 12:28:00.756 worker_log:613 7376 MainThread [INFO]  All processing finished for executor task 737
2023-07-07 12:28:00.767 worker_log:584 7376 MainThread [INFO]  Received executor task 749
2023-07-07 12:28:36.015 worker_log:602 7376 MainThread [INFO]  Completed executor task 749
2023-07-07 12:28:36.016 worker_log:613 7376 MainThread [INFO]  All processing finished for executor task 749
2023-07-07 12:28:36.028 worker_log:584 7376 MainThread [INFO]  Received executor task 767
2023-07-07 12:29:30.303 worker_log:602 7376 MainThread [INFO]  Completed executor task 767
2023-07-07 12:29:30.304 worker_log:613 7376 MainThread [INFO]  All processing finished for executor task 767
2023-07-07 12:29:30.315 worker_log:584 7376 MainThread [INFO]  Received executor task 790
2023-07-07 12:30:01.695 worker_log:602 7376 MainThread [INFO]  Completed executor task 790
2023-07-07 12:30:01.695 worker_log:613 7376 MainThread [INFO]  All processing finished for executor task 790
2023-07-07 12:30:01.707 worker_log:584 7376 MainThread [INFO]  Received executor task 805
2023-07-07 12:30:26.129 worker_log:602 7376 MainThread [INFO]  Completed executor task 805
2023-07-07 12:30:26.129 worker_log:613 7376 MainThread [INFO]  All processing finished for executor task 805
2023-07-07 12:30:26.140 worker_log:584 7376 MainThread [INFO]  Received executor task 822
2023-07-07 12:31:09.039 worker_log:602 7376 MainThread [INFO]  Completed executor task 822
2023-07-07 12:31:09.040 worker_log:613 7376 MainThread [INFO]  All processing finished for executor task 822
2023-07-07 12:31:09.051 worker_log:584 7376 MainThread [INFO]  Received executor task 846
2023-07-07 12:31:31.384 worker_log:602 7376 MainThread [INFO]  Completed executor task 846
2023-07-07 12:31:31.385 worker_log:613 7376 MainThread [INFO]  All processing finished for executor task 846
2023-07-07 12:31:31.396 worker_log:584 7376 MainThread [INFO]  Received executor task 860
2023-07-07 12:32:03.516 worker_log:602 7376 MainThread [INFO]  Completed executor task 860
2023-07-07 12:32:03.517 worker_log:613 7376 MainThread [INFO]  All processing finished for executor task 860
2023-07-07 12:32:03.528 worker_log:584 7376 MainThread [INFO]  Received executor task 877
2023-07-07 12:32:28.416 worker_log:602 7376 MainThread [INFO]  Completed executor task 877
2023-07-07 12:32:28.416 worker_log:613 7376 MainThread [INFO]  All processing finished for executor task 877
2023-07-07 12:32:28.427 worker_log:584 7376 MainThread [INFO]  Received executor task 888
2023-07-07 12:32:55.915 worker_log:602 7376 MainThread [INFO]  Completed executor task 888
2023-07-07 12:32:55.916 worker_log:613 7376 MainThread [INFO]  All processing finished for executor task 888
2023-07-07 12:32:55.927 worker_log:584 7376 MainThread [INFO]  Received executor task 907
2023-07-07 12:33:09.765 worker_log:602 7376 MainThread [INFO]  Completed executor task 907
2023-07-07 12:33:09.765 worker_log:613 7376 MainThread [INFO]  All processing finished for executor task 907
2023-07-07 12:33:09.776 worker_log:584 7376 MainThread [INFO]  Received executor task 922
2023-07-07 12:33:45.006 worker_log:602 7376 MainThread [INFO]  Completed executor task 922
2023-07-07 12:33:45.006 worker_log:613 7376 MainThread [INFO]  All processing finished for executor task 922
2023-07-07 12:33:45.017 worker_log:584 7376 MainThread [INFO]  Received executor task 943
2023-07-07 12:34:04.380 worker_log:602 7376 MainThread [INFO]  Completed executor task 943
2023-07-07 12:34:04.381 worker_log:613 7376 MainThread [INFO]  All processing finished for executor task 943
2023-07-07 12:34:04.392 worker_log:584 7376 MainThread [INFO]  Received executor task 957
2023-07-07 12:34:33.983 worker_log:602 7376 MainThread [INFO]  Completed executor task 957
2023-07-07 12:34:33.983 worker_log:613 7376 MainThread [INFO]  All processing finished for executor task 957
2023-07-07 12:34:33.995 worker_log:584 7376 MainThread [INFO]  Received executor task 973
2023-07-07 12:34:43.478 worker_log:602 7376 MainThread [INFO]  Completed executor task 973
2023-07-07 12:34:43.478 worker_log:613 7376 MainThread [INFO]  All processing finished for executor task 973
2023-07-07 12:34:43.489 worker_log:584 7376 MainThread [INFO]  Received executor task 976
2023-07-07 12:35:02.042 worker_log:602 7376 MainThread [INFO]  Completed executor task 976
2023-07-07 12:35:02.043 worker_log:613 7376 MainThread [INFO]  All processing finished for executor task 976
2023-07-07 12:35:02.054 worker_log:584 7376 MainThread [INFO]  Received executor task 985
2023-07-07 12:35:47.668 worker_log:602 7376 MainThread [INFO]  Completed executor task 985
2023-07-07 12:35:47.669 worker_log:613 7376 MainThread [INFO]  All processing finished for executor task 985
2023-07-07 12:35:47.681 worker_log:584 7376 MainThread [INFO]  Received executor task 1013
2023-07-07 12:36:13.892 worker_log:602 7376 MainThread [INFO]  Completed executor task 1013
2023-07-07 12:36:13.893 worker_log:613 7376 MainThread [INFO]  All processing finished for executor task 1013
2023-07-07 12:36:13.904 worker_log:584 7376 MainThread [INFO]  Received executor task 1031
2023-07-07 12:36:43.343 worker_log:602 7376 MainThread [INFO]  Completed executor task 1031
2023-07-07 12:36:43.344 worker_log:613 7376 MainThread [INFO]  All processing finished for executor task 1031
2023-07-07 12:36:43.355 worker_log:584 7376 MainThread [INFO]  Received executor task 1041
2023-07-07 12:37:32.257 worker_log:602 7376 MainThread [INFO]  Completed executor task 1041
2023-07-07 12:37:32.257 worker_log:613 7376 MainThread [INFO]  All processing finished for executor task 1041
2023-07-07 12:37:32.269 worker_log:584 7376 MainThread [INFO]  Received executor task 1070
2023-07-07 12:37:45.566 worker_log:602 7376 MainThread [INFO]  Completed executor task 1070
2023-07-07 12:37:45.567 worker_log:613 7376 MainThread [INFO]  All processing finished for executor task 1070
2023-07-07 12:37:45.578 worker_log:584 7376 MainThread [INFO]  Received executor task 1076
2023-07-07 12:38:31.284 worker_log:602 7376 MainThread [INFO]  Completed executor task 1076
2023-07-07 12:38:31.285 worker_log:613 7376 MainThread [INFO]  All processing finished for executor task 1076
2023-07-07 12:38:31.296 worker_log:584 7376 MainThread [INFO]  Received executor task 1095
2023-07-07 12:38:46.210 worker_log:602 7376 MainThread [INFO]  Completed executor task 1095
2023-07-07 12:38:46.210 worker_log:613 7376 MainThread [INFO]  All processing finished for executor task 1095
2023-07-07 12:38:46.234 worker_log:584 7376 MainThread [INFO]  Received executor task 1101
2023-07-07 12:39:05.691 worker_log:602 7376 MainThread [INFO]  Completed executor task 1101
2023-07-07 12:39:05.691 worker_log:613 7376 MainThread [INFO]  All processing finished for executor task 1101
2023-07-07 12:39:05.702 worker_log:584 7376 MainThread [INFO]  Received executor task 1110
2023-07-07 12:39:42.254 worker_log:602 7376 MainThread [INFO]  Completed executor task 1110
2023-07-07 12:39:42.254 worker_log:613 7376 MainThread [INFO]  All processing finished for executor task 1110
2023-07-07 12:39:42.265 worker_log:584 7376 MainThread [INFO]  Received executor task 1128
2023-07-07 12:40:32.929 worker_log:602 7376 MainThread [INFO]  Completed executor task 1128
2023-07-07 12:40:32.930 worker_log:613 7376 MainThread [INFO]  All processing finished for executor task 1128
2023-07-07 12:40:32.941 worker_log:584 7376 MainThread [INFO]  Received executor task 1145
2023-07-07 12:41:09.778 worker_log:602 7376 MainThread [INFO]  Completed executor task 1145
2023-07-07 12:41:09.779 worker_log:613 7376 MainThread [INFO]  All processing finished for executor task 1145
2023-07-07 12:41:09.790 worker_log:584 7376 MainThread [INFO]  Received executor task 1160
2023-07-07 12:41:39.701 worker_log:602 7376 MainThread [INFO]  Completed executor task 1160
2023-07-07 12:41:39.702 worker_log:613 7376 MainThread [INFO]  All processing finished for executor task 1160
2023-07-07 12:41:39.713 worker_log:584 7376 MainThread [INFO]  Received executor task 1171
2023-07-07 12:42:03.232 worker_log:602 7376 MainThread [INFO]  Completed executor task 1171
2023-07-07 12:42:03.232 worker_log:613 7376 MainThread [INFO]  All processing finished for executor task 1171
2023-07-07 12:42:03.244 worker_log:584 7376 MainThread [INFO]  Received executor task 1185
2023-07-07 12:42:14.367 worker_log:602 7376 MainThread [INFO]  Completed executor task 1185
2023-07-07 12:42:14.367 worker_log:613 7376 MainThread [INFO]  All processing finished for executor task 1185
2023-07-07 12:42:14.378 worker_log:584 7376 MainThread [INFO]  Received executor task 1193
2023-07-07 12:42:52.370 worker_log:602 7376 MainThread [INFO]  Completed executor task 1193
2023-07-07 12:42:52.370 worker_log:613 7376 MainThread [INFO]  All processing finished for executor task 1193
2023-07-07 12:42:52.382 worker_log:584 7376 MainThread [INFO]  Received executor task 1210
2023-07-07 12:42:58.432 worker_log:602 7376 MainThread [INFO]  Completed executor task 1210
2023-07-07 12:42:58.433 worker_log:613 7376 MainThread [INFO]  All processing finished for executor task 1210
2023-07-07 12:42:58.445 worker_log:584 7376 MainThread [INFO]  Received executor task 1214
2023-07-07 12:43:34.144 worker_log:602 7376 MainThread [INFO]  Completed executor task 1214
2023-07-07 12:43:34.145 worker_log:613 7376 MainThread [INFO]  All processing finished for executor task 1214
2023-07-07 12:43:34.156 worker_log:584 7376 MainThread [INFO]  Received executor task 1229
2023-07-07 12:43:58.848 worker_log:602 7376 MainThread [INFO]  Completed executor task 1229
2023-07-07 12:43:58.848 worker_log:613 7376 MainThread [INFO]  All processing finished for executor task 1229
2023-07-07 12:43:58.860 worker_log:584 7376 MainThread [INFO]  Received executor task 1243
2023-07-07 12:44:34.610 worker_log:602 7376 MainThread [INFO]  Completed executor task 1243
2023-07-07 12:44:34.621 worker_log:613 7376 MainThread [INFO]  All processing finished for executor task 1243
2023-07-07 12:44:34.621 worker_log:584 7376 MainThread [INFO]  Received executor task 1258
2023-07-07 12:44:56.650 worker_log:602 7376 MainThread [INFO]  Completed executor task 1258
2023-07-07 12:44:56.650 worker_log:613 7376 MainThread [INFO]  All processing finished for executor task 1258
2023-07-07 12:44:56.656 worker_log:584 7376 MainThread [INFO]  Received executor task 1269
2023-07-07 12:45:41.693 worker_log:602 7376 MainThread [INFO]  Completed executor task 1269
2023-07-07 12:45:41.694 worker_log:613 7376 MainThread [INFO]  All processing finished for executor task 1269
2023-07-07 12:45:41.705 worker_log:584 7376 MainThread [INFO]  Received executor task 1294
2023-07-07 12:46:28.775 worker_log:602 7376 MainThread [INFO]  Completed executor task 1294
2023-07-07 12:46:28.775 worker_log:613 7376 MainThread [INFO]  All processing finished for executor task 1294
2023-07-07 12:46:28.786 worker_log:584 7376 MainThread [INFO]  Received executor task 1314
2023-07-07 12:47:05.521 worker_log:602 7376 MainThread [INFO]  Completed executor task 1314
2023-07-07 12:47:05.523 worker_log:613 7376 MainThread [INFO]  All processing finished for executor task 1314
2023-07-07 12:47:05.524 worker_log:584 7376 MainThread [INFO]  Received executor task 1330
2023-07-07 12:47:36.089 worker_log:602 7376 MainThread [INFO]  Completed executor task 1330
2023-07-07 12:47:36.089 worker_log:613 7376 MainThread [INFO]  All processing finished for executor task 1330
2023-07-07 12:47:36.100 worker_log:584 7376 MainThread [INFO]  Received executor task 1344
2023-07-07 12:48:36.225 worker_log:602 7376 MainThread [INFO]  Completed executor task 1344
2023-07-07 12:48:36.226 worker_log:613 7376 MainThread [INFO]  All processing finished for executor task 1344
2023-07-07 12:48:36.237 worker_log:584 7376 MainThread [INFO]  Received executor task 1376
2023-07-07 12:49:07.444 worker_log:602 7376 MainThread [INFO]  Completed executor task 1376
2023-07-07 12:49:07.445 worker_log:613 7376 MainThread [INFO]  All processing finished for executor task 1376
2023-07-07 12:49:07.456 worker_log:584 7376 MainThread [INFO]  Received executor task 1390
2023-07-07 12:49:29.868 worker_log:602 7376 MainThread [INFO]  Completed executor task 1390
2023-07-07 12:49:29.868 worker_log:613 7376 MainThread [INFO]  All processing finished for executor task 1390
2023-07-07 12:49:29.879 worker_log:584 7376 MainThread [INFO]  Received executor task 1400
2023-07-07 12:49:55.965 worker_log:602 7376 MainThread [INFO]  Completed executor task 1400
2023-07-07 12:49:55.965 worker_log:613 7376 MainThread [INFO]  All processing finished for executor task 1400
2023-07-07 12:49:55.976 worker_log:584 7376 MainThread [INFO]  Received executor task 1412
2023-07-07 12:50:30.278 worker_log:602 7376 MainThread [INFO]  Completed executor task 1412
2023-07-07 12:50:30.279 worker_log:613 7376 MainThread [INFO]  All processing finished for executor task 1412
2023-07-07 12:50:30.290 worker_log:584 7376 MainThread [INFO]  Received executor task 1430
2023-07-07 12:50:57.015 worker_log:602 7376 MainThread [INFO]  Completed executor task 1430
2023-07-07 12:50:57.016 worker_log:613 7376 MainThread [INFO]  All processing finished for executor task 1430
2023-07-07 12:50:57.026 worker_log:584 7376 MainThread [INFO]  Received executor task 1443
2023-07-07 12:51:24.841 worker_log:602 7376 MainThread [INFO]  Completed executor task 1443
2023-07-07 12:51:24.841 worker_log:613 7376 MainThread [INFO]  All processing finished for executor task 1443
2023-07-07 12:51:24.852 worker_log:584 7376 MainThread [INFO]  Received executor task 1456
2023-07-07 12:51:55.663 worker_log:602 7376 MainThread [INFO]  Completed executor task 1456
2023-07-07 12:51:55.664 worker_log:613 7376 MainThread [INFO]  All processing finished for executor task 1456
2023-07-07 12:51:55.675 worker_log:584 7376 MainThread [INFO]  Received executor task 1468
2023-07-07 12:52:17.099 worker_log:602 7376 MainThread [INFO]  Completed executor task 1468
2023-07-07 12:52:17.099 worker_log:613 7376 MainThread [INFO]  All processing finished for executor task 1468
2023-07-07 12:52:17.101 worker_log:584 7376 MainThread [INFO]  Received executor task 1483
2023-07-07 12:52:50.421 worker_log:602 7376 MainThread [INFO]  Completed executor task 1483
2023-07-07 12:52:50.422 worker_log:613 7376 MainThread [INFO]  All processing finished for executor task 1483
2023-07-07 12:52:50.433 worker_log:584 7376 MainThread [INFO]  Received executor task 1498
2023-07-07 12:53:32.530 worker_log:602 7376 MainThread [INFO]  Completed executor task 1498
2023-07-07 12:53:32.530 worker_log:613 7376 MainThread [INFO]  All processing finished for executor task 1498
2023-07-07 12:53:32.542 worker_log:584 7376 MainThread [INFO]  Received executor task 1524
2023-07-07 12:54:03.170 worker_log:602 7376 MainThread [INFO]  Completed executor task 1524
2023-07-07 12:54:03.170 worker_log:613 7376 MainThread [INFO]  All processing finished for executor task 1524
2023-07-07 12:54:03.181 worker_log:584 7376 MainThread [INFO]  Received executor task 1541
2023-07-07 12:54:47.235 worker_log:602 7376 MainThread [INFO]  Completed executor task 1541
2023-07-07 12:54:47.236 worker_log:613 7376 MainThread [INFO]  All processing finished for executor task 1541
2023-07-07 12:54:47.247 worker_log:584 7376 MainThread [INFO]  Received executor task 1564
2023-07-07 12:55:25.319 worker_log:602 7376 MainThread [INFO]  Completed executor task 1564
2023-07-07 12:55:25.320 worker_log:613 7376 MainThread [INFO]  All processing finished for executor task 1564
2023-07-07 12:55:25.332 worker_log:584 7376 MainThread [INFO]  Received executor task 1588
2023-07-07 12:56:05.099 worker_log:602 7376 MainThread [INFO]  Completed executor task 1588
2023-07-07 12:56:05.101 worker_log:613 7376 MainThread [INFO]  All processing finished for executor task 1588
2023-07-07 12:56:05.112 worker_log:584 7376 MainThread [INFO]  Received executor task 1607
2023-07-07 12:56:26.631 worker_log:602 7376 MainThread [INFO]  Completed executor task 1607
2023-07-07 12:56:26.632 worker_log:613 7376 MainThread [INFO]  All processing finished for executor task 1607
2023-07-07 12:56:26.643 worker_log:584 7376 MainThread [INFO]  Received executor task 1620
2023-07-07 12:56:34.186 worker_log:602 7376 MainThread [INFO]  Completed executor task 1620
2023-07-07 12:56:34.186 worker_log:613 7376 MainThread [INFO]  All processing finished for executor task 1620
2023-07-07 12:56:34.197 worker_log:584 7376 MainThread [INFO]  Received executor task 1626
2023-07-07 12:57:07.748 worker_log:602 7376 MainThread [INFO]  Completed executor task 1626
2023-07-07 12:57:07.748 worker_log:613 7376 MainThread [INFO]  All processing finished for executor task 1626
2023-07-07 12:57:07.759 worker_log:584 7376 MainThread [INFO]  Received executor task 1646
2023-07-07 12:57:49.133 worker_log:602 7376 MainThread [INFO]  Completed executor task 1646
2023-07-07 12:57:49.134 worker_log:613 7376 MainThread [INFO]  All processing finished for executor task 1646
2023-07-07 12:57:49.145 worker_log:584 7376 MainThread [INFO]  Received executor task 1668
2023-07-07 12:58:16.588 worker_log:602 7376 MainThread [INFO]  Completed executor task 1668
2023-07-07 12:58:16.588 worker_log:613 7376 MainThread [INFO]  All processing finished for executor task 1668
2023-07-07 12:58:16.600 worker_log:584 7376 MainThread [INFO]  Received executor task 1679
2023-07-07 12:58:52.702 worker_log:602 7376 MainThread [INFO]  Completed executor task 1679
2023-07-07 12:58:52.703 worker_log:613 7376 MainThread [INFO]  All processing finished for executor task 1679
2023-07-07 12:58:52.714 worker_log:584 7376 MainThread [INFO]  Received executor task 1697
2023-07-07 12:59:17.544 worker_log:602 7376 MainThread [INFO]  Completed executor task 1697
2023-07-07 12:59:17.545 worker_log:613 7376 MainThread [INFO]  All processing finished for executor task 1697
2023-07-07 12:59:17.559 worker_log:584 7376 MainThread [INFO]  Received executor task 1713
2023-07-07 12:59:26.748 worker_log:602 7376 MainThread [INFO]  Completed executor task 1713
2023-07-07 12:59:26.748 worker_log:613 7376 MainThread [INFO]  All processing finished for executor task 1713
2023-07-07 12:59:26.759 worker_log:584 7376 MainThread [INFO]  Received executor task 1726
2023-07-07 12:59:43.087 worker_log:602 7376 MainThread [INFO]  Completed executor task 1726
2023-07-07 12:59:43.088 worker_log:613 7376 MainThread [INFO]  All processing finished for executor task 1726
2023-07-07 12:59:43.099 worker_log:584 7376 MainThread [INFO]  Received executor task 1739
2023-07-07 13:00:25.240 worker_log:602 7376 MainThread [INFO]  Completed executor task 1739
2023-07-07 13:00:25.240 worker_log:613 7376 MainThread [INFO]  All processing finished for executor task 1739
2023-07-07 13:00:25.252 worker_log:584 7376 MainThread [INFO]  Received executor task 1772
2023-07-07 13:00:40.524 worker_log:602 7376 MainThread [INFO]  Completed executor task 1772
2023-07-07 13:00:40.524 worker_log:613 7376 MainThread [INFO]  All processing finished for executor task 1772
2023-07-07 13:00:40.535 worker_log:584 7376 MainThread [INFO]  Received executor task 1782
2023-07-07 13:01:19.029 worker_log:602 7376 MainThread [INFO]  Completed executor task 1782
2023-07-07 13:01:19.030 worker_log:613 7376 MainThread [INFO]  All processing finished for executor task 1782
2023-07-07 13:01:19.041 worker_log:584 7376 MainThread [INFO]  Received executor task 1800
2023-07-07 13:01:43.293 worker_log:602 7376 MainThread [INFO]  Completed executor task 1800
2023-07-07 13:01:43.293 worker_log:613 7376 MainThread [INFO]  All processing finished for executor task 1800
2023-07-07 13:01:43.304 worker_log:584 7376 MainThread [INFO]  Received executor task 1808
2023-07-07 13:02:13.644 worker_log:602 7376 MainThread [INFO]  Completed executor task 1808
2023-07-07 13:02:13.644 worker_log:613 7376 MainThread [INFO]  All processing finished for executor task 1808
2023-07-07 13:02:13.645 worker_log:584 7376 MainThread [INFO]  Received executor task 1817
2023-07-07 13:02:54.997 worker_log:602 7376 MainThread [INFO]  Completed executor task 1817
2023-07-07 13:02:54.997 worker_log:613 7376 MainThread [INFO]  All processing finished for executor task 1817
2023-07-07 13:02:55.009 worker_log:584 7376 MainThread [INFO]  Received executor task 1834
2023-07-07 13:03:10.742 worker_log:602 7376 MainThread [INFO]  Completed executor task 1834
2023-07-07 13:03:10.743 worker_log:613 7376 MainThread [INFO]  All processing finished for executor task 1834
2023-07-07 13:03:10.754 worker_log:584 7376 MainThread [INFO]  Received executor task 1845
2023-07-07 13:03:52.769 worker_log:602 7376 MainThread [INFO]  Completed executor task 1845
2023-07-07 13:03:52.791 worker_log:613 7376 MainThread [INFO]  All processing finished for executor task 1845
2023-07-07 13:03:52.791 worker_log:584 7376 MainThread [INFO]  Received executor task 1862
2023-07-07 13:04:31.611 worker_log:602 7376 MainThread [INFO]  Completed executor task 1862
2023-07-07 13:04:31.611 worker_log:613 7376 MainThread [INFO]  All processing finished for executor task 1862
2023-07-07 13:04:31.622 worker_log:584 7376 MainThread [INFO]  Received executor task 1880
2023-07-07 13:04:58.459 worker_log:602 7376 MainThread [INFO]  Completed executor task 1880
2023-07-07 13:04:58.459 worker_log:613 7376 MainThread [INFO]  All processing finished for executor task 1880
2023-07-07 13:04:58.471 worker_log:584 7376 MainThread [INFO]  Received executor task 1896
2023-07-07 13:06:14.032 worker_log:602 7376 MainThread [INFO]  Completed executor task 1896
2023-07-07 13:06:14.045 worker_log:613 7376 MainThread [INFO]  All processing finished for executor task 1896
2023-07-07 13:06:14.045 worker_log:584 7376 MainThread [INFO]  Received executor task 1932
2023-07-07 13:06:56.768 worker_log:602 7376 MainThread [INFO]  Completed executor task 1932
2023-07-07 13:06:56.768 worker_log:613 7376 MainThread [INFO]  All processing finished for executor task 1932
2023-07-07 13:06:56.779 worker_log:584 7376 MainThread [INFO]  Received executor task 1957
2023-07-07 13:07:43.641 worker_log:602 7376 MainThread [INFO]  Completed executor task 1957
2023-07-07 13:07:43.642 worker_log:613 7376 MainThread [INFO]  All processing finished for executor task 1957
2023-07-07 13:07:43.653 worker_log:584 7376 MainThread [INFO]  Received executor task 1978
2023-07-07 13:08:13.803 worker_log:602 7376 MainThread [INFO]  Completed executor task 1978
2023-07-07 13:08:13.803 worker_log:613 7376 MainThread [INFO]  All processing finished for executor task 1978
2023-07-07 13:08:13.815 worker_log:584 7376 MainThread [INFO]  Received executor task 1991
2023-07-07 13:08:45.317 worker_log:602 7376 MainThread [INFO]  Completed executor task 1991
2023-07-07 13:08:45.317 worker_log:613 7376 MainThread [INFO]  All processing finished for executor task 1991
2023-07-07 13:08:45.328 worker_log:584 7376 MainThread [INFO]  Received executor task 2008
2023-07-07 13:09:17.812 worker_log:602 7376 MainThread [INFO]  Completed executor task 2008
2023-07-07 13:09:17.812 worker_log:613 7376 MainThread [INFO]  All processing finished for executor task 2008
2023-07-07 13:09:17.823 worker_log:584 7376 MainThread [INFO]  Received executor task 2026
2023-07-07 13:09:38.277 worker_log:602 7376 MainThread [INFO]  Completed executor task 2026
2023-07-07 13:09:38.277 worker_log:613 7376 MainThread [INFO]  All processing finished for executor task 2026
2023-07-07 13:09:38.289 worker_log:584 7376 MainThread [INFO]  Received executor task 2038
2023-07-07 13:10:09.199 worker_log:602 7376 MainThread [INFO]  Completed executor task 2038
2023-07-07 13:10:09.200 worker_log:613 7376 MainThread [INFO]  All processing finished for executor task 2038
2023-07-07 13:10:09.211 worker_log:584 7376 MainThread [INFO]  Received executor task 2054
2023-07-07 13:11:10.829 worker_log:602 7376 MainThread [INFO]  Completed executor task 2054
2023-07-07 13:11:10.830 worker_log:613 7376 MainThread [INFO]  All processing finished for executor task 2054
2023-07-07 13:11:10.841 worker_log:584 7376 MainThread [INFO]  Received executor task 2073
2023-07-07 13:11:23.891 worker_log:602 7376 MainThread [INFO]  Completed executor task 2073
2023-07-07 13:11:23.891 worker_log:613 7376 MainThread [INFO]  All processing finished for executor task 2073
2023-07-07 13:11:23.902 worker_log:584 7376 MainThread [INFO]  Received executor task 2084
2023-07-07 13:11:57.158 worker_log:602 7376 MainThread [INFO]  Completed executor task 2084
2023-07-07 13:11:57.158 worker_log:613 7376 MainThread [INFO]  All processing finished for executor task 2084
2023-07-07 13:11:57.169 worker_log:584 7376 MainThread [INFO]  Received executor task 2100
2023-07-07 13:12:18.395 worker_log:602 7376 MainThread [INFO]  Completed executor task 2100
2023-07-07 13:12:18.396 worker_log:613 7376 MainThread [INFO]  All processing finished for executor task 2100
2023-07-07 13:12:18.407 worker_log:584 7376 MainThread [INFO]  Received executor task 2112
2023-07-07 13:12:46.797 worker_log:602 7376 MainThread [INFO]  Completed executor task 2112
2023-07-07 13:12:46.797 worker_log:613 7376 MainThread [INFO]  All processing finished for executor task 2112
2023-07-07 13:12:46.808 worker_log:584 7376 MainThread [INFO]  Received executor task 2128
2023-07-07 13:13:11.541 worker_log:602 7376 MainThread [INFO]  Completed executor task 2128
2023-07-07 13:13:11.541 worker_log:613 7376 MainThread [INFO]  All processing finished for executor task 2128
2023-07-07 13:13:11.552 worker_log:584 7376 MainThread [INFO]  Received executor task 2137
2023-07-07 13:13:22.171 worker_log:602 7376 MainThread [INFO]  Completed executor task 2137
2023-07-07 13:13:22.171 worker_log:613 7376 MainThread [INFO]  All processing finished for executor task 2137
2023-07-07 13:13:22.182 worker_log:584 7376 MainThread [INFO]  Received executor task 2144
2023-07-07 13:13:50.483 worker_log:602 7376 MainThread [INFO]  Completed executor task 2144
2023-07-07 13:13:50.484 worker_log:613 7376 MainThread [INFO]  All processing finished for executor task 2144
2023-07-07 13:13:50.505 worker_log:584 7376 MainThread [INFO]  Received executor task 2162
2023-07-07 13:14:42.535 worker_log:602 7376 MainThread [INFO]  Completed executor task 2162
2023-07-07 13:14:42.535 worker_log:613 7376 MainThread [INFO]  All processing finished for executor task 2162
2023-07-07 13:14:42.547 worker_log:584 7376 MainThread [INFO]  Received executor task 2190
2023-07-07 13:15:23.826 worker_log:602 7376 MainThread [INFO]  Completed executor task 2190
2023-07-07 13:15:23.826 worker_log:613 7376 MainThread [INFO]  All processing finished for executor task 2190
2023-07-07 13:15:23.837 worker_log:584 7376 MainThread [INFO]  Received executor task 2213
2023-07-07 13:16:01.336 worker_log:602 7376 MainThread [INFO]  Completed executor task 2213
2023-07-07 13:16:01.336 worker_log:613 7376 MainThread [INFO]  All processing finished for executor task 2213
2023-07-07 13:16:01.347 worker_log:584 7376 MainThread [INFO]  Received executor task 2224
2023-07-07 13:16:37.064 worker_log:602 7376 MainThread [INFO]  Completed executor task 2224
2023-07-07 13:16:37.064 worker_log:613 7376 MainThread [INFO]  All processing finished for executor task 2224
2023-07-07 13:16:37.077 worker_log:584 7376 MainThread [INFO]  Received executor task 2244
2023-07-07 13:17:07.819 worker_log:602 7376 MainThread [INFO]  Completed executor task 2244
2023-07-07 13:17:07.820 worker_log:613 7376 MainThread [INFO]  All processing finished for executor task 2244
2023-07-07 13:17:07.831 worker_log:584 7376 MainThread [INFO]  Received executor task 2259
2023-07-07 13:17:46.883 worker_log:602 7376 MainThread [INFO]  Completed executor task 2259
2023-07-07 13:17:46.883 worker_log:613 7376 MainThread [INFO]  All processing finished for executor task 2259
2023-07-07 13:17:46.895 worker_log:584 7376 MainThread [INFO]  Received executor task 2279
2023-07-07 13:17:58.544 worker_log:602 7376 MainThread [INFO]  Completed executor task 2279
2023-07-07 13:17:58.544 worker_log:613 7376 MainThread [INFO]  All processing finished for executor task 2279
2023-07-07 13:17:58.556 worker_log:584 7376 MainThread [INFO]  Received executor task 2283
2023-07-07 13:18:51.986 worker_log:602 7376 MainThread [INFO]  Completed executor task 2283
2023-07-07 13:18:51.986 worker_log:613 7376 MainThread [INFO]  All processing finished for executor task 2283
2023-07-07 13:18:51.997 worker_log:584 7376 MainThread [INFO]  Received executor task 2304
2023-07-07 13:19:27.235 worker_log:602 7376 MainThread [INFO]  Completed executor task 2304
2023-07-07 13:19:27.235 worker_log:613 7376 MainThread [INFO]  All processing finished for executor task 2304
2023-07-07 13:19:27.246 worker_log:584 7376 MainThread [INFO]  Received executor task 2319
2023-07-07 13:20:01.134 worker_log:602 7376 MainThread [INFO]  Completed executor task 2319
2023-07-07 13:20:01.134 worker_log:613 7376 MainThread [INFO]  All processing finished for executor task 2319
2023-07-07 13:20:01.145 worker_log:584 7376 MainThread [INFO]  Received executor task 2336
2023-07-07 13:20:18.118 worker_log:602 7376 MainThread [INFO]  Completed executor task 2336
2023-07-07 13:20:18.119 worker_log:613 7376 MainThread [INFO]  All processing finished for executor task 2336
2023-07-07 13:20:18.130 worker_log:584 7376 MainThread [INFO]  Received executor task 2347
2023-07-07 13:21:09.274 worker_log:602 7376 MainThread [INFO]  Completed executor task 2347
2023-07-07 13:21:09.275 worker_log:613 7376 MainThread [INFO]  All processing finished for executor task 2347
2023-07-07 13:21:09.286 worker_log:584 7376 MainThread [INFO]  Received executor task 2370
2023-07-07 13:21:38.307 worker_log:602 7376 MainThread [INFO]  Completed executor task 2370
2023-07-07 13:21:38.308 worker_log:613 7376 MainThread [INFO]  All processing finished for executor task 2370
2023-07-07 13:21:38.319 worker_log:584 7376 MainThread [INFO]  Received executor task 2382
2023-07-07 13:21:54.950 worker_log:602 7376 MainThread [INFO]  Completed executor task 2382
2023-07-07 13:21:54.950 worker_log:613 7376 MainThread [INFO]  All processing finished for executor task 2382
2023-07-07 13:21:54.961 worker_log:584 7376 MainThread [INFO]  Received executor task 2392
2023-07-07 13:22:36.714 worker_log:602 7376 MainThread [INFO]  Completed executor task 2392
2023-07-07 13:22:36.714 worker_log:613 7376 MainThread [INFO]  All processing finished for executor task 2392
2023-07-07 13:22:36.726 worker_log:584 7376 MainThread [INFO]  Received executor task 2418
2023-07-07 13:22:50.844 worker_log:602 7376 MainThread [INFO]  Completed executor task 2418
2023-07-07 13:22:50.844 worker_log:613 7376 MainThread [INFO]  All processing finished for executor task 2418
2023-07-07 13:22:50.855 worker_log:584 7376 MainThread [INFO]  Received executor task 2430
2023-07-07 13:23:01.953 worker_log:602 7376 MainThread [INFO]  Completed executor task 2430
2023-07-07 13:23:01.954 worker_log:613 7376 MainThread [INFO]  All processing finished for executor task 2430
2023-07-07 13:23:01.955 worker_log:584 7376 MainThread [INFO]  Received executor task 2439
2023-07-07 13:23:20.968 worker_log:602 7376 MainThread [INFO]  Completed executor task 2439
2023-07-07 13:23:20.969 worker_log:613 7376 MainThread [INFO]  All processing finished for executor task 2439
2023-07-07 13:23:20.980 worker_log:584 7376 MainThread [INFO]  Received executor task 2455
2023-07-07 13:23:36.184 worker_log:602 7376 MainThread [INFO]  Completed executor task 2455
2023-07-07 13:23:36.185 worker_log:613 7376 MainThread [INFO]  All processing finished for executor task 2455
2023-07-07 13:23:36.197 worker_log:584 7376 MainThread [INFO]  Received executor task 2463
2023-07-07 13:23:43.208 worker_log:602 7376 MainThread [INFO]  Completed executor task 2463
2023-07-07 13:23:43.209 worker_log:613 7376 MainThread [INFO]  All processing finished for executor task 2463
2023-07-07 13:23:43.221 worker_log:584 7376 MainThread [INFO]  Received executor task 2465
2023-07-07 13:24:24.366 worker_log:602 7376 MainThread [INFO]  Completed executor task 2465
2023-07-07 13:24:24.366 worker_log:613 7376 MainThread [INFO]  All processing finished for executor task 2465
2023-07-07 13:24:24.377 worker_log:584 7376 MainThread [INFO]  Received executor task 2485
2023-07-07 13:25:24.062 worker_log:602 7376 MainThread [INFO]  Completed executor task 2485
2023-07-07 13:25:24.063 worker_log:613 7376 MainThread [INFO]  All processing finished for executor task 2485
2023-07-07 13:25:24.074 worker_log:584 7376 MainThread [INFO]  Received executor task 2511
2023-07-07 13:25:48.583 worker_log:602 7376 MainThread [INFO]  Completed executor task 2511
2023-07-07 13:25:48.584 worker_log:613 7376 MainThread [INFO]  All processing finished for executor task 2511
2023-07-07 13:25:48.595 worker_log:584 7376 MainThread [INFO]  Received executor task 2524
2023-07-07 13:26:08.477 worker_log:602 7376 MainThread [INFO]  Completed executor task 2524
2023-07-07 13:26:08.477 worker_log:613 7376 MainThread [INFO]  All processing finished for executor task 2524
2023-07-07 13:26:08.488 worker_log:584 7376 MainThread [INFO]  Received executor task 2535
2023-07-07 13:26:54.087 worker_log:602 7376 MainThread [INFO]  Completed executor task 2535
2023-07-07 13:26:54.088 worker_log:613 7376 MainThread [INFO]  All processing finished for executor task 2535
2023-07-07 13:26:54.099 worker_log:584 7376 MainThread [INFO]  Received executor task 2552
2023-07-07 13:27:19.158 worker_log:602 7376 MainThread [INFO]  Completed executor task 2552
2023-07-07 13:27:19.159 worker_log:613 7376 MainThread [INFO]  All processing finished for executor task 2552
2023-07-07 13:27:19.170 worker_log:584 7376 MainThread [INFO]  Received executor task 2567
2023-07-07 13:27:45.365 worker_log:602 7376 MainThread [INFO]  Completed executor task 2567
2023-07-07 13:27:45.365 worker_log:613 7376 MainThread [INFO]  All processing finished for executor task 2567
2023-07-07 13:27:45.377 worker_log:584 7376 MainThread [INFO]  Received executor task 2579
2023-07-07 13:28:01.065 worker_log:602 7376 MainThread [INFO]  Completed executor task 2579
2023-07-07 13:28:01.066 worker_log:613 7376 MainThread [INFO]  All processing finished for executor task 2579
2023-07-07 13:28:01.076 worker_log:584 7376 MainThread [INFO]  Received executor task 2587
2023-07-07 13:28:55.108 worker_log:602 7376 MainThread [INFO]  Completed executor task 2587
2023-07-07 13:28:55.109 worker_log:613 7376 MainThread [INFO]  All processing finished for executor task 2587
2023-07-07 13:28:55.120 worker_log:584 7376 MainThread [INFO]  Received executor task 2610
2023-07-07 13:29:50.964 worker_log:602 7376 MainThread [INFO]  Completed executor task 2610
2023-07-07 13:29:50.964 worker_log:613 7376 MainThread [INFO]  All processing finished for executor task 2610
2023-07-07 13:29:50.976 worker_log:584 7376 MainThread [INFO]  Received executor task 2637
2023-07-07 13:30:50.139 worker_log:602 7376 MainThread [INFO]  Completed executor task 2637
2023-07-07 13:30:50.140 worker_log:613 7376 MainThread [INFO]  All processing finished for executor task 2637
2023-07-07 13:30:50.151 worker_log:584 7376 MainThread [INFO]  Received executor task 2659
2023-07-07 13:31:16.708 worker_log:602 7376 MainThread [INFO]  Completed executor task 2659
2023-07-07 13:31:16.709 worker_log:613 7376 MainThread [INFO]  All processing finished for executor task 2659
2023-07-07 13:31:16.711 worker_log:584 7376 MainThread [INFO]  Received executor task 2678
2023-07-07 13:32:02.349 worker_log:602 7376 MainThread [INFO]  Completed executor task 2678
2023-07-07 13:32:02.349 worker_log:613 7376 MainThread [INFO]  All processing finished for executor task 2678
2023-07-07 13:32:02.360 worker_log:584 7376 MainThread [INFO]  Received executor task 2698
2023-07-07 13:32:40.495 worker_log:602 7376 MainThread [INFO]  Completed executor task 2698
2023-07-07 13:32:40.495 worker_log:613 7376 MainThread [INFO]  All processing finished for executor task 2698
2023-07-07 13:32:40.496 worker_log:584 7376 MainThread [INFO]  Received executor task 2720
2023-07-07 13:33:10.360 worker_log:602 7376 MainThread [INFO]  Completed executor task 2720
2023-07-07 13:33:10.374 worker_log:613 7376 MainThread [INFO]  All processing finished for executor task 2720
2023-07-07 13:33:10.379 worker_log:584 7376 MainThread [INFO]  Received executor task 2735
2023-07-07 13:34:03.110 worker_log:602 7376 MainThread [INFO]  Completed executor task 2735
2023-07-07 13:34:03.111 worker_log:613 7376 MainThread [INFO]  All processing finished for executor task 2735
2023-07-07 13:34:03.122 worker_log:584 7376 MainThread [INFO]  Received executor task 2763
2023-07-07 13:34:20.682 worker_log:602 7376 MainThread [INFO]  Completed executor task 2763
2023-07-07 13:34:20.683 worker_log:613 7376 MainThread [INFO]  All processing finished for executor task 2763
2023-07-07 13:34:20.695 worker_log:584 7376 MainThread [INFO]  Received executor task 2775
2023-07-07 13:35:09.852 worker_log:602 7376 MainThread [INFO]  Completed executor task 2775
2023-07-07 13:35:09.852 worker_log:613 7376 MainThread [INFO]  All processing finished for executor task 2775
2023-07-07 13:35:09.863 worker_log:584 7376 MainThread [INFO]  Received executor task 2795
2023-07-07 13:35:29.240 worker_log:602 7376 MainThread [INFO]  Completed executor task 2795
2023-07-07 13:35:29.241 worker_log:613 7376 MainThread [INFO]  All processing finished for executor task 2795
2023-07-07 13:35:29.252 worker_log:584 7376 MainThread [INFO]  Received executor task 2806
2023-07-07 13:36:00.172 worker_log:602 7376 MainThread [INFO]  Completed executor task 2806
2023-07-07 13:36:00.173 worker_log:613 7376 MainThread [INFO]  All processing finished for executor task 2806
2023-07-07 13:36:00.184 worker_log:584 7376 MainThread [INFO]  Received executor task 2821
2023-07-07 13:36:31.147 worker_log:602 7376 MainThread [INFO]  Completed executor task 2821
2023-07-07 13:36:31.148 worker_log:613 7376 MainThread [INFO]  All processing finished for executor task 2821
2023-07-07 13:36:31.159 worker_log:584 7376 MainThread [INFO]  Received executor task 2838
2023-07-07 13:37:20.353 worker_log:602 7376 MainThread [INFO]  Completed executor task 2838
2023-07-07 13:37:20.354 worker_log:613 7376 MainThread [INFO]  All processing finished for executor task 2838
2023-07-07 13:37:20.365 worker_log:584 7376 MainThread [INFO]  Received executor task 2861
2023-07-07 13:37:42.979 worker_log:602 7376 MainThread [INFO]  Completed executor task 2861
2023-07-07 13:37:42.980 worker_log:613 7376 MainThread [INFO]  All processing finished for executor task 2861
2023-07-07 13:37:42.992 worker_log:584 7376 MainThread [INFO]  Received executor task 2878
2023-07-07 13:38:29.329 worker_log:602 7376 MainThread [INFO]  Completed executor task 2878
2023-07-07 13:38:29.329 worker_log:613 7376 MainThread [INFO]  All processing finished for executor task 2878
2023-07-07 13:38:29.341 worker_log:584 7376 MainThread [INFO]  Received executor task 2904
2023-07-07 13:38:48.570 worker_log:602 7376 MainThread [INFO]  Completed executor task 2904
2023-07-07 13:38:48.571 worker_log:613 7376 MainThread [INFO]  All processing finished for executor task 2904
2023-07-07 13:38:48.582 worker_log:584 7376 MainThread [INFO]  Received executor task 2919
2023-07-07 13:39:12.715 worker_log:602 7376 MainThread [INFO]  Completed executor task 2919
2023-07-07 13:39:12.715 worker_log:613 7376 MainThread [INFO]  All processing finished for executor task 2919
2023-07-07 13:39:12.727 worker_log:584 7376 MainThread [INFO]  Received executor task 2936
2023-07-07 13:40:10.727 worker_log:602 7376 MainThread [INFO]  Completed executor task 2936
2023-07-07 13:40:10.727 worker_log:613 7376 MainThread [INFO]  All processing finished for executor task 2936
2023-07-07 13:40:10.739 worker_log:584 7376 MainThread [INFO]  Received executor task 2964
2023-07-07 13:40:40.177 worker_log:602 7376 MainThread [INFO]  Completed executor task 2964
2023-07-07 13:40:40.177 worker_log:613 7376 MainThread [INFO]  All processing finished for executor task 2964
2023-07-07 13:40:40.188 worker_log:584 7376 MainThread [INFO]  Received executor task 2979
2023-07-07 13:41:01.913 worker_log:602 7376 MainThread [INFO]  Completed executor task 2979
2023-07-07 13:41:01.914 worker_log:613 7376 MainThread [INFO]  All processing finished for executor task 2979
2023-07-07 13:41:01.925 worker_log:584 7376 MainThread [INFO]  Received executor task 2994
2023-07-07 13:41:49.381 worker_log:602 7376 MainThread [INFO]  Completed executor task 2994
2023-07-07 13:41:49.381 worker_log:613 7376 MainThread [INFO]  All processing finished for executor task 2994
2023-07-07 13:41:49.392 worker_log:584 7376 MainThread [INFO]  Received executor task 3017
2023-07-07 13:42:25.138 worker_log:602 7376 MainThread [INFO]  Completed executor task 3017
2023-07-07 13:42:25.138 worker_log:613 7376 MainThread [INFO]  All processing finished for executor task 3017
2023-07-07 13:42:25.150 worker_log:584 7376 MainThread [INFO]  Received executor task 3034
2023-07-07 13:42:52.946 worker_log:602 7376 MainThread [INFO]  Completed executor task 3034
2023-07-07 13:42:52.946 worker_log:613 7376 MainThread [INFO]  All processing finished for executor task 3034
2023-07-07 13:42:52.947 worker_log:584 7376 MainThread [INFO]  Received executor task 3046
2023-07-07 13:43:34.224 worker_log:602 7376 MainThread [INFO]  Completed executor task 3046
2023-07-07 13:43:34.224 worker_log:613 7376 MainThread [INFO]  All processing finished for executor task 3046
2023-07-07 13:43:34.235 worker_log:584 7376 MainThread [INFO]  Received executor task 3064
2023-07-07 13:43:43.140 worker_log:602 7376 MainThread [INFO]  Completed executor task 3064
2023-07-07 13:43:43.140 worker_log:613 7376 MainThread [INFO]  All processing finished for executor task 3064
2023-07-07 13:43:43.151 worker_log:584 7376 MainThread [INFO]  Received executor task 3069
2023-07-07 13:44:26.036 worker_log:602 7376 MainThread [INFO]  Completed executor task 3069
2023-07-07 13:44:26.036 worker_log:613 7376 MainThread [INFO]  All processing finished for executor task 3069
2023-07-07 13:44:26.037 worker_log:584 7376 MainThread [INFO]  Received executor task 3090
2023-07-07 13:44:45.644 worker_log:602 7376 MainThread [INFO]  Completed executor task 3090
2023-07-07 13:44:45.644 worker_log:613 7376 MainThread [INFO]  All processing finished for executor task 3090
2023-07-07 13:44:45.656 worker_log:584 7376 MainThread [INFO]  Received executor task 3101
2023-07-07 13:45:03.413 worker_log:602 7376 MainThread [INFO]  Completed executor task 3101
2023-07-07 13:45:03.414 worker_log:613 7376 MainThread [INFO]  All processing finished for executor task 3101
2023-07-07 13:45:03.427 worker_log:584 7376 MainThread [INFO]  Received executor task 3114
2023-07-07 13:45:38.320 worker_log:602 7376 MainThread [INFO]  Completed executor task 3114
2023-07-07 13:45:38.320 worker_log:613 7376 MainThread [INFO]  All processing finished for executor task 3114
2023-07-07 13:45:38.331 worker_log:584 7376 MainThread [INFO]  Received executor task 3134
2023-07-07 13:46:02.209 worker_log:602 7376 MainThread [INFO]  Completed executor task 3134
2023-07-07 13:46:02.209 worker_log:613 7376 MainThread [INFO]  All processing finished for executor task 3134
2023-07-07 13:46:02.221 worker_log:584 7376 MainThread [INFO]  Received executor task 3145
2023-07-07 13:46:24.932 worker_log:602 7376 MainThread [INFO]  Completed executor task 3145
2023-07-07 13:46:24.932 worker_log:613 7376 MainThread [INFO]  All processing finished for executor task 3145
2023-07-07 13:46:24.933 worker_log:584 7376 MainThread [INFO]  Received executor task 3155
2023-07-07 13:46:45.676 worker_log:602 7376 MainThread [INFO]  Completed executor task 3155
2023-07-07 13:46:45.677 worker_log:613 7376 MainThread [INFO]  All processing finished for executor task 3155
2023-07-07 13:46:45.688 worker_log:584 7376 MainThread [INFO]  Received executor task 3167
2023-07-07 13:47:29.847 worker_log:602 7376 MainThread [INFO]  Completed executor task 3167
2023-07-07 13:47:29.848 worker_log:613 7376 MainThread [INFO]  All processing finished for executor task 3167
2023-07-07 13:47:29.859 worker_log:584 7376 MainThread [INFO]  Received executor task 3185
2023-07-07 13:47:50.179 worker_log:602 7376 MainThread [INFO]  Completed executor task 3185
2023-07-07 13:47:50.179 worker_log:613 7376 MainThread [INFO]  All processing finished for executor task 3185
2023-07-07 13:47:50.190 worker_log:584 7376 MainThread [INFO]  Received executor task 3199
2023-07-07 13:48:22.687 worker_log:602 7376 MainThread [INFO]  Completed executor task 3199
2023-07-07 13:48:22.687 worker_log:613 7376 MainThread [INFO]  All processing finished for executor task 3199
2023-07-07 13:48:22.699 worker_log:584 7376 MainThread [INFO]  Received executor task 3215
2023-07-07 13:49:02.576 worker_log:602 7376 MainThread [INFO]  Completed executor task 3215
2023-07-07 13:49:02.577 worker_log:613 7376 MainThread [INFO]  All processing finished for executor task 3215
2023-07-07 13:49:02.589 worker_log:584 7376 MainThread [INFO]  Received executor task 3237
2023-07-07 13:49:25.388 worker_log:602 7376 MainThread [INFO]  Completed executor task 3237
2023-07-07 13:49:25.400 worker_log:613 7376 MainThread [INFO]  All processing finished for executor task 3237
2023-07-07 13:49:25.400 worker_log:584 7376 MainThread [INFO]  Received executor task 3250
2023-07-07 13:49:48.564 worker_log:602 7376 MainThread [INFO]  Completed executor task 3250
2023-07-07 13:49:48.564 worker_log:613 7376 MainThread [INFO]  All processing finished for executor task 3250
2023-07-07 13:49:48.577 worker_log:584 7376 MainThread [INFO]  Received executor task 3261
2023-07-07 13:50:00.113 worker_log:602 7376 MainThread [INFO]  Completed executor task 3261
2023-07-07 13:50:00.113 worker_log:613 7376 MainThread [INFO]  All processing finished for executor task 3261
2023-07-07 13:50:00.124 worker_log:584 7376 MainThread [INFO]  Received executor task 3269
2023-07-07 13:50:34.593 worker_log:602 7376 MainThread [INFO]  Completed executor task 3269
2023-07-07 13:50:34.594 worker_log:613 7376 MainThread [INFO]  All processing finished for executor task 3269
2023-07-07 13:50:34.605 worker_log:584 7376 MainThread [INFO]  Received executor task 3289
2023-07-07 13:50:49.257 worker_log:602 7376 MainThread [INFO]  Completed executor task 3289
2023-07-07 13:50:49.258 worker_log:613 7376 MainThread [INFO]  All processing finished for executor task 3289
2023-07-07 13:50:49.283 worker_log:584 7376 MainThread [INFO]  Received executor task 3299
2023-07-07 13:51:11.150 worker_log:602 7376 MainThread [INFO]  Completed executor task 3299
2023-07-07 13:51:11.151 worker_log:613 7376 MainThread [INFO]  All processing finished for executor task 3299
2023-07-07 13:51:11.162 worker_log:584 7376 MainThread [INFO]  Received executor task 3309
2023-07-07 13:51:24.875 worker_log:602 7376 MainThread [INFO]  Completed executor task 3309
2023-07-07 13:51:24.875 worker_log:613 7376 MainThread [INFO]  All processing finished for executor task 3309
2023-07-07 13:51:24.886 worker_log:584 7376 MainThread [INFO]  Received executor task 3316
2023-07-07 13:51:59.502 worker_log:602 7376 MainThread [INFO]  Completed executor task 3316
2023-07-07 13:51:59.502 worker_log:613 7376 MainThread [INFO]  All processing finished for executor task 3316
2023-07-07 13:51:59.514 worker_log:584 7376 MainThread [INFO]  Received executor task 3336
2023-07-07 13:53:01.601 worker_log:602 7376 MainThread [INFO]  Completed executor task 3336
2023-07-07 13:53:01.602 worker_log:613 7376 MainThread [INFO]  All processing finished for executor task 3336
2023-07-07 13:53:01.613 worker_log:584 7376 MainThread [INFO]  Received executor task 3372
2023-07-07 13:53:16.653 worker_log:602 7376 MainThread [INFO]  Completed executor task 3372
2023-07-07 13:53:16.653 worker_log:613 7376 MainThread [INFO]  All processing finished for executor task 3372
2023-07-07 13:53:16.665 worker_log:584 7376 MainThread [INFO]  Received executor task 3381
2023-07-07 13:53:32.789 worker_log:602 7376 MainThread [INFO]  Completed executor task 3381
2023-07-07 13:53:32.790 worker_log:613 7376 MainThread [INFO]  All processing finished for executor task 3381
2023-07-07 13:53:32.801 worker_log:584 7376 MainThread [INFO]  Received executor task 3397
2023-07-07 13:54:02.328 worker_log:602 7376 MainThread [INFO]  Completed executor task 3397
2023-07-07 13:54:02.328 worker_log:613 7376 MainThread [INFO]  All processing finished for executor task 3397
2023-07-07 13:54:02.340 worker_log:584 7376 MainThread [INFO]  Received executor task 3409
2023-07-07 13:54:37.304 worker_log:602 7376 MainThread [INFO]  Completed executor task 3409
2023-07-07 13:54:37.305 worker_log:613 7376 MainThread [INFO]  All processing finished for executor task 3409
2023-07-07 13:54:37.316 worker_log:584 7376 MainThread [INFO]  Received executor task 3429
2023-07-07 13:55:28.291 worker_log:602 7376 MainThread [INFO]  Completed executor task 3429
2023-07-07 13:55:28.292 worker_log:613 7376 MainThread [INFO]  All processing finished for executor task 3429
2023-07-07 13:55:28.303 worker_log:584 7376 MainThread [INFO]  Received executor task 3460
2023-07-07 13:56:12.225 worker_log:602 7376 MainThread [INFO]  Completed executor task 3460
2023-07-07 13:56:12.226 worker_log:613 7376 MainThread [INFO]  All processing finished for executor task 3460
2023-07-07 13:56:12.237 worker_log:584 7376 MainThread [INFO]  Received executor task 3481
2023-07-07 13:56:56.962 worker_log:602 7376 MainThread [INFO]  Completed executor task 3481
2023-07-07 13:56:56.964 worker_log:613 7376 MainThread [INFO]  All processing finished for executor task 3481
2023-07-07 13:56:56.975 worker_log:584 7376 MainThread [INFO]  Received executor task 3500
2023-07-07 13:57:58.171 worker_log:602 7376 MainThread [INFO]  Completed executor task 3500
2023-07-07 13:57:58.171 worker_log:613 7376 MainThread [INFO]  All processing finished for executor task 3500
2023-07-07 13:57:58.182 worker_log:584 7376 MainThread [INFO]  Received executor task 3518
2023-07-07 13:58:38.944 worker_log:602 7376 MainThread [INFO]  Completed executor task 3518
2023-07-07 13:58:38.944 worker_log:613 7376 MainThread [INFO]  All processing finished for executor task 3518
2023-07-07 13:58:38.955 worker_log:584 7376 MainThread [INFO]  Received executor task 3542
2023-07-07 13:59:10.860 worker_log:602 7376 MainThread [INFO]  Completed executor task 3542
2023-07-07 13:59:10.881 worker_log:613 7376 MainThread [INFO]  All processing finished for executor task 3542
2023-07-07 13:59:10.881 worker_log:584 7376 MainThread [INFO]  Received executor task 3560
2023-07-07 13:59:43.589 worker_log:602 7376 MainThread [INFO]  Completed executor task 3560
2023-07-07 13:59:43.590 worker_log:613 7376 MainThread [INFO]  All processing finished for executor task 3560
2023-07-07 13:59:43.602 worker_log:584 7376 MainThread [INFO]  Received executor task 3575
2023-07-07 14:00:28.518 worker_log:602 7376 MainThread [INFO]  Completed executor task 3575
2023-07-07 14:00:28.519 worker_log:613 7376 MainThread [INFO]  All processing finished for executor task 3575
2023-07-07 14:00:28.530 worker_log:584 7376 MainThread [INFO]  Received executor task 3598
2023-07-07 14:00:49.039 worker_log:602 7376 MainThread [INFO]  Completed executor task 3598
2023-07-07 14:00:49.040 worker_log:613 7376 MainThread [INFO]  All processing finished for executor task 3598
2023-07-07 14:00:49.051 worker_log:584 7376 MainThread [INFO]  Received executor task 3607
2023-07-07 14:01:32.636 worker_log:602 7376 MainThread [INFO]  Completed executor task 3607
2023-07-07 14:01:32.637 worker_log:613 7376 MainThread [INFO]  All processing finished for executor task 3607
2023-07-07 14:01:32.648 worker_log:584 7376 MainThread [INFO]  Received executor task 3634
2023-07-07 14:01:46.511 worker_log:602 7376 MainThread [INFO]  Completed executor task 3634
2023-07-07 14:01:46.512 worker_log:613 7376 MainThread [INFO]  All processing finished for executor task 3634
2023-07-07 14:01:46.523 worker_log:584 7376 MainThread [INFO]  Received executor task 3646
2023-07-07 14:02:18.643 worker_log:602 7376 MainThread [INFO]  Completed executor task 3646
2023-07-07 14:02:18.644 worker_log:613 7376 MainThread [INFO]  All processing finished for executor task 3646
2023-07-07 14:02:18.656 worker_log:584 7376 MainThread [INFO]  Received executor task 3662
2023-07-07 14:03:00.389 worker_log:602 7376 MainThread [INFO]  Completed executor task 3662
2023-07-07 14:03:00.390 worker_log:613 7376 MainThread [INFO]  All processing finished for executor task 3662
2023-07-07 14:03:00.401 worker_log:584 7376 MainThread [INFO]  Received executor task 3687
2023-07-07 14:03:26.672 worker_log:602 7376 MainThread [INFO]  Completed executor task 3687
2023-07-07 14:03:26.673 worker_log:613 7376 MainThread [INFO]  All processing finished for executor task 3687
2023-07-07 14:03:26.684 worker_log:584 7376 MainThread [INFO]  Received executor task 3698
2023-07-07 14:04:03.016 worker_log:602 7376 MainThread [INFO]  Completed executor task 3698
2023-07-07 14:04:03.017 worker_log:613 7376 MainThread [INFO]  All processing finished for executor task 3698
2023-07-07 14:04:03.028 worker_log:584 7376 MainThread [INFO]  Received executor task 3717
2023-07-07 14:04:50.813 worker_log:602 7376 MainThread [INFO]  Completed executor task 3717
2023-07-07 14:04:50.814 worker_log:613 7376 MainThread [INFO]  All processing finished for executor task 3717
2023-07-07 14:04:50.825 worker_log:584 7376 MainThread [INFO]  Received executor task 3734
2023-07-07 14:05:21.612 worker_log:602 7376 MainThread [INFO]  Completed executor task 3734
2023-07-07 14:05:21.612 worker_log:613 7376 MainThread [INFO]  All processing finished for executor task 3734
2023-07-07 14:05:21.630 worker_log:584 7376 MainThread [INFO]  Received executor task 3751
2023-07-07 14:06:04.595 worker_log:602 7376 MainThread [INFO]  Completed executor task 3751
2023-07-07 14:06:04.595 worker_log:613 7376 MainThread [INFO]  All processing finished for executor task 3751
2023-07-07 14:06:04.606 worker_log:584 7376 MainThread [INFO]  Received executor task 3774
2023-07-07 14:06:52.010 worker_log:602 7376 MainThread [INFO]  Completed executor task 3774
2023-07-07 14:06:52.011 worker_log:613 7376 MainThread [INFO]  All processing finished for executor task 3774
2023-07-07 14:06:52.022 worker_log:584 7376 MainThread [INFO]  Received executor task 3794
2023-07-07 14:08:02.313 worker_log:602 7376 MainThread [INFO]  Completed executor task 3794
2023-07-07 14:08:02.313 worker_log:613 7376 MainThread [INFO]  All processing finished for executor task 3794
2023-07-07 14:08:02.324 worker_log:584 7376 MainThread [INFO]  Received executor task 3825
2023-07-07 14:08:31.131 worker_log:602 7376 MainThread [INFO]  Completed executor task 3825
2023-07-07 14:08:31.131 worker_log:613 7376 MainThread [INFO]  All processing finished for executor task 3825
2023-07-07 14:08:31.143 worker_log:584 7376 MainThread [INFO]  Received executor task 3839
2023-07-07 14:08:43.248 worker_log:602 7376 MainThread [INFO]  Completed executor task 3839
2023-07-07 14:08:43.249 worker_log:613 7376 MainThread [INFO]  All processing finished for executor task 3839
2023-07-07 14:08:43.260 worker_log:584 7376 MainThread [INFO]  Received executor task 3845
2023-07-07 14:09:16.367 worker_log:602 7376 MainThread [INFO]  Completed executor task 3845
2023-07-07 14:09:16.368 worker_log:613 7376 MainThread [INFO]  All processing finished for executor task 3845
2023-07-07 14:09:16.379 worker_log:584 7376 MainThread [INFO]  Received executor task 3859
2023-07-07 14:09:40.683 worker_log:602 7376 MainThread [INFO]  Completed executor task 3859
2023-07-07 14:09:40.683 worker_log:613 7376 MainThread [INFO]  All processing finished for executor task 3859
2023-07-07 14:09:40.695 worker_log:584 7376 MainThread [INFO]  Received executor task 3875
2023-07-07 14:10:03.183 worker_log:602 7376 MainThread [INFO]  Completed executor task 3875
2023-07-07 14:10:03.183 worker_log:613 7376 MainThread [INFO]  All processing finished for executor task 3875
2023-07-07 14:10:03.195 worker_log:584 7376 MainThread [INFO]  Received executor task 3895
2023-07-07 14:10:48.018 worker_log:602 7376 MainThread [INFO]  Completed executor task 3895
2023-07-07 14:10:48.019 worker_log:613 7376 MainThread [INFO]  All processing finished for executor task 3895
2023-07-07 14:10:48.029 worker_log:584 7376 MainThread [INFO]  Received executor task 3921
2023-07-07 14:11:54.308 worker_log:602 7376 MainThread [INFO]  Completed executor task 3921
2023-07-07 14:11:54.309 worker_log:613 7376 MainThread [INFO]  All processing finished for executor task 3921
2023-07-07 14:11:54.320 worker_log:584 7376 MainThread [INFO]  Received executor task 3948
2023-07-07 14:13:05.572 worker_log:602 7376 MainThread [INFO]  Completed executor task 3948
2023-07-07 14:13:05.572 worker_log:613 7376 MainThread [INFO]  All processing finished for executor task 3948
2023-07-07 14:13:05.583 worker_log:584 7376 MainThread [INFO]  Received executor task 3975
2023-07-07 14:13:27.978 worker_log:602 7376 MainThread [INFO]  Completed executor task 3975
2023-07-07 14:13:27.979 worker_log:613 7376 MainThread [INFO]  All processing finished for executor task 3975
2023-07-07 14:13:27.990 worker_log:584 7376 MainThread [INFO]  Received executor task 3989
2023-07-07 14:13:49.756 worker_log:602 7376 MainThread [INFO]  Completed executor task 3989
2023-07-07 14:13:49.757 worker_log:613 7376 MainThread [INFO]  All processing finished for executor task 3989
2023-07-07 14:13:49.768 worker_log:584 7376 MainThread [INFO]  Received executor task 4002
2023-07-07 14:14:07.424 worker_log:602 7376 MainThread [INFO]  Completed executor task 4002
2023-07-07 14:14:07.425 worker_log:613 7376 MainThread [INFO]  All processing finished for executor task 4002
2023-07-07 14:14:07.436 worker_log:584 7376 MainThread [INFO]  Received executor task 4013
2023-07-07 14:14:36.015 worker_log:602 7376 MainThread [INFO]  Completed executor task 4013
2023-07-07 14:14:36.015 worker_log:613 7376 MainThread [INFO]  All processing finished for executor task 4013
2023-07-07 14:14:36.026 worker_log:584 7376 MainThread [INFO]  Received executor task 4027
2023-07-07 14:15:29.062 worker_log:602 7376 MainThread [INFO]  Completed executor task 4027
2023-07-07 14:15:29.063 worker_log:613 7376 MainThread [INFO]  All processing finished for executor task 4027
2023-07-07 14:15:29.074 worker_log:584 7376 MainThread [INFO]  Received executor task 4046
2023-07-07 14:16:04.722 worker_log:602 7376 MainThread [INFO]  Completed executor task 4046
2023-07-07 14:16:04.723 worker_log:613 7376 MainThread [INFO]  All processing finished for executor task 4046
2023-07-07 14:16:04.734 worker_log:584 7376 MainThread [INFO]  Received executor task 4064
2023-07-07 14:16:33.699 worker_log:602 7376 MainThread [INFO]  Completed executor task 4064
2023-07-07 14:16:33.699 worker_log:613 7376 MainThread [INFO]  All processing finished for executor task 4064
2023-07-07 14:16:33.702 worker_log:584 7376 MainThread [INFO]  Received executor task 4082
2023-07-07 14:17:35.974 worker_log:602 7376 MainThread [INFO]  Completed executor task 4082
2023-07-07 14:17:35.974 worker_log:613 7376 MainThread [INFO]  All processing finished for executor task 4082
2023-07-07 14:17:35.985 worker_log:584 7376 MainThread [INFO]  Received executor task 4106
2023-07-07 14:17:44.688 worker_log:602 7376 MainThread [INFO]  Completed executor task 4106
2023-07-07 14:17:44.688 worker_log:613 7376 MainThread [INFO]  All processing finished for executor task 4106
2023-07-07 14:17:44.704 worker_log:584 7376 MainThread [INFO]  Received executor task 4109
2023-07-07 14:18:27.873 worker_log:602 7376 MainThread [INFO]  Completed executor task 4109
2023-07-07 14:18:27.874 worker_log:613 7376 MainThread [INFO]  All processing finished for executor task 4109
2023-07-07 14:18:27.885 worker_log:584 7376 MainThread [INFO]  Received executor task 4131
2023-07-07 14:19:21.626 worker_log:602 7376 MainThread [INFO]  Completed executor task 4131
2023-07-07 14:19:21.626 worker_log:613 7376 MainThread [INFO]  All processing finished for executor task 4131
2023-07-07 14:19:21.637 worker_log:584 7376 MainThread [INFO]  Received executor task 4154
2023-07-07 14:19:44.093 worker_log:602 7376 MainThread [INFO]  Completed executor task 4154
2023-07-07 14:19:44.094 worker_log:613 7376 MainThread [INFO]  All processing finished for executor task 4154
2023-07-07 14:19:44.106 worker_log:584 7376 MainThread [INFO]  Received executor task 4167
2023-07-07 14:20:13.998 worker_log:602 7376 MainThread [INFO]  Completed executor task 4167
2023-07-07 14:20:13.999 worker_log:613 7376 MainThread [INFO]  All processing finished for executor task 4167
2023-07-07 14:20:14.011 worker_log:584 7376 MainThread [INFO]  Received executor task 4179
2023-07-07 14:20:52.180 worker_log:602 7376 MainThread [INFO]  Completed executor task 4179
2023-07-07 14:20:52.181 worker_log:613 7376 MainThread [INFO]  All processing finished for executor task 4179
2023-07-07 14:20:52.191 worker_log:584 7376 MainThread [INFO]  Received executor task 4193
2023-07-07 14:21:20.832 worker_log:602 7376 MainThread [INFO]  Completed executor task 4193
2023-07-07 14:21:20.833 worker_log:613 7376 MainThread [INFO]  All processing finished for executor task 4193
2023-07-07 14:21:20.844 worker_log:584 7376 MainThread [INFO]  Received executor task 4206
2023-07-07 14:21:44.209 worker_log:602 7376 MainThread [INFO]  Completed executor task 4206
2023-07-07 14:21:44.209 worker_log:613 7376 MainThread [INFO]  All processing finished for executor task 4206
2023-07-07 14:21:44.221 worker_log:584 7376 MainThread [INFO]  Received executor task 4217
2023-07-07 14:21:56.982 worker_log:602 7376 MainThread [INFO]  Completed executor task 4217
2023-07-07 14:21:56.983 worker_log:613 7376 MainThread [INFO]  All processing finished for executor task 4217
2023-07-07 14:21:56.994 worker_log:584 7376 MainThread [INFO]  Received executor task 4222
2023-07-07 14:22:27.326 worker_log:602 7376 MainThread [INFO]  Completed executor task 4222
2023-07-07 14:22:27.326 worker_log:613 7376 MainThread [INFO]  All processing finished for executor task 4222
2023-07-07 14:22:27.337 worker_log:584 7376 MainThread [INFO]  Received executor task 4238
2023-07-07 14:22:48.642 worker_log:602 7376 MainThread [INFO]  Completed executor task 4238
2023-07-07 14:22:48.656 worker_log:613 7376 MainThread [INFO]  All processing finished for executor task 4238
2023-07-07 14:22:48.656 worker_log:584 7376 MainThread [INFO]  Received executor task 4254
2023-07-07 14:23:07.243 worker_log:602 7376 MainThread [INFO]  Completed executor task 4254
2023-07-07 14:23:07.243 worker_log:613 7376 MainThread [INFO]  All processing finished for executor task 4254
2023-07-07 14:23:07.255 worker_log:584 7376 MainThread [INFO]  Received executor task 4263
2023-07-07 14:23:57.494 worker_log:602 7376 MainThread [INFO]  Completed executor task 4263
2023-07-07 14:23:57.495 worker_log:613 7376 MainThread [INFO]  All processing finished for executor task 4263
2023-07-07 14:23:57.506 worker_log:584 7376 MainThread [INFO]  Received executor task 4284
2023-07-07 14:24:13.014 worker_log:602 7376 MainThread [INFO]  Completed executor task 4284
2023-07-07 14:24:13.027 worker_log:613 7376 MainThread [INFO]  All processing finished for executor task 4284
2023-07-07 14:24:13.027 worker_log:584 7376 MainThread [INFO]  Received executor task 4297
2023-07-07 14:25:13.392 worker_log:602 7376 MainThread [INFO]  Completed executor task 4297
2023-07-07 14:25:13.393 worker_log:613 7376 MainThread [INFO]  All processing finished for executor task 4297
2023-07-07 14:25:13.404 worker_log:584 7376 MainThread [INFO]  Received executor task 4325
2023-07-07 14:25:28.981 worker_log:602 7376 MainThread [INFO]  Completed executor task 4325
2023-07-07 14:25:28.981 worker_log:613 7376 MainThread [INFO]  All processing finished for executor task 4325
2023-07-07 14:25:28.993 worker_log:584 7376 MainThread [INFO]  Received executor task 4332
2023-07-07 14:26:04.699 worker_log:602 7376 MainThread [INFO]  Completed executor task 4332
2023-07-07 14:26:04.699 worker_log:613 7376 MainThread [INFO]  All processing finished for executor task 4332
2023-07-07 14:26:04.710 worker_log:584 7376 MainThread [INFO]  Received executor task 4350
2023-07-07 14:26:29.242 worker_log:602 7376 MainThread [INFO]  Completed executor task 4350
2023-07-07 14:26:29.243 worker_log:613 7376 MainThread [INFO]  All processing finished for executor task 4350
2023-07-07 14:26:29.255 worker_log:584 7376 MainThread [INFO]  Received executor task 4366
2023-07-07 14:26:39.525 worker_log:602 7376 MainThread [INFO]  Completed executor task 4366
2023-07-07 14:26:39.525 worker_log:613 7376 MainThread [INFO]  All processing finished for executor task 4366
2023-07-07 14:26:39.536 worker_log:584 7376 MainThread [INFO]  Received executor task 4375
2023-07-07 14:27:23.400 worker_log:602 7376 MainThread [INFO]  Completed executor task 4375
2023-07-07 14:27:23.401 worker_log:613 7376 MainThread [INFO]  All processing finished for executor task 4375
2023-07-07 14:27:23.412 worker_log:584 7376 MainThread [INFO]  Received executor task 4400
2023-07-07 14:27:51.789 worker_log:602 7376 MainThread [INFO]  Completed executor task 4400
2023-07-07 14:27:51.789 worker_log:613 7376 MainThread [INFO]  All processing finished for executor task 4400
2023-07-07 14:27:51.802 worker_log:584 7376 MainThread [INFO]  Received executor task 4415
2023-07-07 14:28:16.182 worker_log:602 7376 MainThread [INFO]  Completed executor task 4415
2023-07-07 14:28:16.183 worker_log:613 7376 MainThread [INFO]  All processing finished for executor task 4415
2023-07-07 14:28:16.194 worker_log:584 7376 MainThread [INFO]  Received executor task 4429
2023-07-07 14:28:34.978 worker_log:602 7376 MainThread [INFO]  Completed executor task 4429
2023-07-07 14:28:34.979 worker_log:613 7376 MainThread [INFO]  All processing finished for executor task 4429
2023-07-07 14:28:34.999 worker_log:584 7376 MainThread [INFO]  Received executor task 4439
2023-07-07 14:28:57.591 worker_log:602 7376 MainThread [INFO]  Completed executor task 4439
2023-07-07 14:28:57.591 worker_log:613 7376 MainThread [INFO]  All processing finished for executor task 4439
2023-07-07 14:28:57.615 worker_log:584 7376 MainThread [INFO]  Received executor task 4453
2023-07-07 14:29:33.186 worker_log:602 7376 MainThread [INFO]  Completed executor task 4453
2023-07-07 14:29:33.199 worker_log:613 7376 MainThread [INFO]  All processing finished for executor task 4453
2023-07-07 14:29:33.199 worker_log:584 7376 MainThread [INFO]  Received executor task 4464
2023-07-07 14:30:12.608 worker_log:602 7376 MainThread [INFO]  Completed executor task 4464
2023-07-07 14:30:12.609 worker_log:613 7376 MainThread [INFO]  All processing finished for executor task 4464
2023-07-07 14:30:12.620 worker_log:584 7376 MainThread [INFO]  Received executor task 4481
2023-07-07 14:30:37.254 worker_log:602 7376 MainThread [INFO]  Completed executor task 4481
2023-07-07 14:30:37.255 worker_log:613 7376 MainThread [INFO]  All processing finished for executor task 4481
2023-07-07 14:30:37.267 worker_log:584 7376 MainThread [INFO]  Received executor task 4496
2023-07-07 14:31:06.273 worker_log:602 7376 MainThread [INFO]  Completed executor task 4496
2023-07-07 14:31:06.274 worker_log:613 7376 MainThread [INFO]  All processing finished for executor task 4496
2023-07-07 14:31:06.287 worker_log:584 7376 MainThread [INFO]  Received executor task 4507
2023-07-07 14:31:27.584 worker_log:602 7376 MainThread [INFO]  Completed executor task 4507
2023-07-07 14:31:27.584 worker_log:613 7376 MainThread [INFO]  All processing finished for executor task 4507
2023-07-07 14:31:27.596 worker_log:584 7376 MainThread [INFO]  Received executor task 4519
2023-07-07 14:31:45.585 worker_log:602 7376 MainThread [INFO]  Completed executor task 4519
2023-07-07 14:31:45.586 worker_log:613 7376 MainThread [INFO]  All processing finished for executor task 4519
2023-07-07 14:31:45.597 worker_log:584 7376 MainThread [INFO]  Received executor task 4529
2023-07-07 14:32:15.462 worker_log:602 7376 MainThread [INFO]  Completed executor task 4529
2023-07-07 14:32:15.463 worker_log:613 7376 MainThread [INFO]  All processing finished for executor task 4529
2023-07-07 14:32:15.474 worker_log:584 7376 MainThread [INFO]  Received executor task 4545
2023-07-07 14:32:36.725 worker_log:602 7376 MainThread [INFO]  Completed executor task 4545
2023-07-07 14:32:36.737 worker_log:613 7376 MainThread [INFO]  All processing finished for executor task 4545
2023-07-07 14:32:36.738 worker_log:584 7376 MainThread [INFO]  Received executor task 4558
2023-07-07 14:33:00.753 worker_log:602 7376 MainThread [INFO]  Completed executor task 4558
2023-07-07 14:33:00.754 worker_log:613 7376 MainThread [INFO]  All processing finished for executor task 4558
2023-07-07 14:33:00.765 worker_log:584 7376 MainThread [INFO]  Received executor task 4567
2023-07-07 14:33:12.006 worker_log:602 7376 MainThread [INFO]  Completed executor task 4567
2023-07-07 14:33:12.006 worker_log:613 7376 MainThread [INFO]  All processing finished for executor task 4567
2023-07-07 14:33:12.018 worker_log:584 7376 MainThread [INFO]  Received executor task 4574
2023-07-07 14:33:34.251 worker_log:602 7376 MainThread [INFO]  Completed executor task 4574
2023-07-07 14:33:34.251 worker_log:613 7376 MainThread [INFO]  All processing finished for executor task 4574
2023-07-07 14:33:34.262 worker_log:584 7376 MainThread [INFO]  Received executor task 4587
2023-07-07 14:33:52.576 worker_log:602 7376 MainThread [INFO]  Completed executor task 4587
2023-07-07 14:33:52.576 worker_log:613 7376 MainThread [INFO]  All processing finished for executor task 4587
2023-07-07 14:33:52.587 worker_log:584 7376 MainThread [INFO]  Received executor task 4597
2023-07-07 14:34:21.226 worker_log:602 7376 MainThread [INFO]  Completed executor task 4597
2023-07-07 14:34:21.227 worker_log:613 7376 MainThread [INFO]  All processing finished for executor task 4597
2023-07-07 14:34:21.238 worker_log:584 7376 MainThread [INFO]  Received executor task 4611
2023-07-07 14:34:36.550 worker_log:602 7376 MainThread [INFO]  Completed executor task 4611
2023-07-07 14:34:36.551 worker_log:613 7376 MainThread [INFO]  All processing finished for executor task 4611
2023-07-07 14:34:36.562 worker_log:584 7376 MainThread [INFO]  Received executor task 4623
2023-07-07 14:35:00.018 worker_log:602 7376 MainThread [INFO]  Completed executor task 4623
2023-07-07 14:35:00.019 worker_log:613 7376 MainThread [INFO]  All processing finished for executor task 4623
2023-07-07 14:35:00.030 worker_log:584 7376 MainThread [INFO]  Received executor task 4631
2023-07-07 14:35:34.621 worker_log:602 7376 MainThread [INFO]  Completed executor task 4631
2023-07-07 14:35:34.622 worker_log:613 7376 MainThread [INFO]  All processing finished for executor task 4631
2023-07-07 14:35:34.633 worker_log:584 7376 MainThread [INFO]  Received executor task 4650
2023-07-07 14:36:03.859 worker_log:602 7376 MainThread [INFO]  Completed executor task 4650
2023-07-07 14:36:03.860 worker_log:613 7376 MainThread [INFO]  All processing finished for executor task 4650
2023-07-07 14:36:03.872 worker_log:584 7376 MainThread [INFO]  Received executor task 4664
2023-07-07 14:36:32.099 worker_log:602 7376 MainThread [INFO]  Completed executor task 4664
2023-07-07 14:36:32.099 worker_log:613 7376 MainThread [INFO]  All processing finished for executor task 4664
2023-07-07 14:36:32.110 worker_log:584 7376 MainThread [INFO]  Received executor task 4678
2023-07-07 14:37:04.480 worker_log:602 7376 MainThread [INFO]  Completed executor task 4678
2023-07-07 14:37:04.481 worker_log:613 7376 MainThread [INFO]  All processing finished for executor task 4678
2023-07-07 14:37:04.492 worker_log:584 7376 MainThread [INFO]  Received executor task 4693
2023-07-07 14:37:51.918 worker_log:602 7376 MainThread [INFO]  Completed executor task 4693
2023-07-07 14:37:51.918 worker_log:613 7376 MainThread [INFO]  All processing finished for executor task 4693
2023-07-07 14:37:51.929 worker_log:584 7376 MainThread [INFO]  Received executor task 4711
2023-07-07 14:38:21.136 worker_log:602 7376 MainThread [INFO]  Completed executor task 4711
2023-07-07 14:38:21.136 worker_log:613 7376 MainThread [INFO]  All processing finished for executor task 4711
2023-07-07 14:38:21.147 worker_log:584 7376 MainThread [INFO]  Received executor task 4726
2023-07-07 14:38:39.975 worker_log:602 7376 MainThread [INFO]  Completed executor task 4726
2023-07-07 14:38:39.975 worker_log:613 7376 MainThread [INFO]  All processing finished for executor task 4726
2023-07-07 14:38:39.986 worker_log:584 7376 MainThread [INFO]  Received executor task 4732
2023-07-07 14:39:13.318 worker_log:602 7376 MainThread [INFO]  Completed executor task 4732
2023-07-07 14:39:13.319 worker_log:613 7376 MainThread [INFO]  All processing finished for executor task 4732
2023-07-07 14:39:13.330 worker_log:584 7376 MainThread [INFO]  Received executor task 4746
2023-07-07 14:39:44.555 worker_log:602 7376 MainThread [INFO]  Completed executor task 4746
2023-07-07 14:39:44.555 worker_log:613 7376 MainThread [INFO]  All processing finished for executor task 4746
2023-07-07 14:39:44.566 worker_log:584 7376 MainThread [INFO]  Received executor task 4762
2023-07-07 14:40:37.299 worker_log:602 7376 MainThread [INFO]  Completed executor task 4762
2023-07-07 14:40:37.299 worker_log:613 7376 MainThread [INFO]  All processing finished for executor task 4762
2023-07-07 14:40:37.310 worker_log:584 7376 MainThread [INFO]  Received executor task 4787
2023-07-07 14:41:12.189 worker_log:602 7376 MainThread [INFO]  Completed executor task 4787
2023-07-07 14:41:12.190 worker_log:613 7376 MainThread [INFO]  All processing finished for executor task 4787
2023-07-07 14:41:12.201 worker_log:584 7376 MainThread [INFO]  Received executor task 4806
2023-07-07 14:41:47.588 worker_log:602 7376 MainThread [INFO]  Completed executor task 4806
2023-07-07 14:41:47.588 worker_log:613 7376 MainThread [INFO]  All processing finished for executor task 4806
2023-07-07 14:41:47.599 worker_log:584 7376 MainThread [INFO]  Received executor task 4821
2023-07-07 14:42:07.552 worker_log:602 7376 MainThread [INFO]  Completed executor task 4821
2023-07-07 14:42:07.553 worker_log:613 7376 MainThread [INFO]  All processing finished for executor task 4821
2023-07-07 14:42:07.564 worker_log:584 7376 MainThread [INFO]  Received executor task 4831
2023-07-07 14:42:26.400 worker_log:602 7376 MainThread [INFO]  Completed executor task 4831
2023-07-07 14:42:26.401 worker_log:613 7376 MainThread [INFO]  All processing finished for executor task 4831
2023-07-07 14:42:26.412 worker_log:584 7376 MainThread [INFO]  Received executor task 4841
2023-07-07 14:42:42.219 worker_log:602 7376 MainThread [INFO]  Completed executor task 4841
2023-07-07 14:42:42.219 worker_log:613 7376 MainThread [INFO]  All processing finished for executor task 4841
2023-07-07 14:42:42.230 worker_log:584 7376 MainThread [INFO]  Received executor task 4847
2023-07-07 14:43:44.002 worker_log:602 7376 MainThread [INFO]  Completed executor task 4847
2023-07-07 14:43:44.003 worker_log:613 7376 MainThread [INFO]  All processing finished for executor task 4847
2023-07-07 14:43:44.014 worker_log:584 7376 MainThread [INFO]  Received executor task 4878
2023-07-07 14:44:28.433 worker_log:602 7376 MainThread [INFO]  Completed executor task 4878
2023-07-07 14:44:28.434 worker_log:613 7376 MainThread [INFO]  All processing finished for executor task 4878
2023-07-07 14:44:28.445 worker_log:584 7376 MainThread [INFO]  Received executor task 4901
2023-07-07 14:44:44.781 worker_log:602 7376 MainThread [INFO]  Completed executor task 4901
2023-07-07 14:44:44.781 worker_log:613 7376 MainThread [INFO]  All processing finished for executor task 4901
2023-07-07 14:44:44.792 worker_log:584 7376 MainThread [INFO]  Received executor task 4908
2023-07-07 14:45:12.486 worker_log:602 7376 MainThread [INFO]  Completed executor task 4908
2023-07-07 14:45:12.487 worker_log:613 7376 MainThread [INFO]  All processing finished for executor task 4908
2023-07-07 14:45:12.498 worker_log:584 7376 MainThread [INFO]  Received executor task 4919
2023-07-07 14:46:17.056 worker_log:602 7376 MainThread [INFO]  Completed executor task 4919
2023-07-07 14:46:17.057 worker_log:613 7376 MainThread [INFO]  All processing finished for executor task 4919
2023-07-07 14:46:17.068 worker_log:584 7376 MainThread [INFO]  Received executor task 4948
2023-07-07 14:46:40.752 worker_log:602 7376 MainThread [INFO]  Completed executor task 4948
2023-07-07 14:46:40.753 worker_log:613 7376 MainThread [INFO]  All processing finished for executor task 4948
2023-07-07 14:46:40.764 worker_log:584 7376 MainThread [INFO]  Received executor task 4963
2023-07-07 14:47:04.087 worker_log:602 7376 MainThread [INFO]  Completed executor task 4963
2023-07-07 14:47:04.087 worker_log:613 7376 MainThread [INFO]  All processing finished for executor task 4963
2023-07-07 14:47:04.098 worker_log:584 7376 MainThread [INFO]  Received executor task 4974
2023-07-07 14:47:28.702 worker_log:602 7376 MainThread [INFO]  Completed executor task 4974
2023-07-07 14:47:28.703 worker_log:613 7376 MainThread [INFO]  All processing finished for executor task 4974
2023-07-07 14:47:28.714 worker_log:584 7376 MainThread [INFO]  Received executor task 4985
2023-07-07 14:47:55.536 worker_log:602 7376 MainThread [INFO]  Completed executor task 4985
2023-07-07 14:47:55.541 worker_log:613 7376 MainThread [INFO]  All processing finished for executor task 4985
2023-07-07 14:47:55.553 worker_log:584 7376 MainThread [INFO]  Received executor task 5002
2023-07-07 14:48:47.592 worker_log:602 7376 MainThread [INFO]  Completed executor task 5002
2023-07-07 14:48:47.592 worker_log:613 7376 MainThread [INFO]  All processing finished for executor task 5002
2023-07-07 14:48:47.594 worker_log:584 7376 MainThread [INFO]  Received executor task 5027
2023-07-07 14:49:18.111 worker_log:602 7376 MainThread [INFO]  Completed executor task 5027
2023-07-07 14:49:18.111 worker_log:613 7376 MainThread [INFO]  All processing finished for executor task 5027
2023-07-07 14:49:18.122 worker_log:584 7376 MainThread [INFO]  Received executor task 5043
2023-07-07 14:49:47.244 worker_log:602 7376 MainThread [INFO]  Completed executor task 5043
2023-07-07 14:49:47.245 worker_log:613 7376 MainThread [INFO]  All processing finished for executor task 5043
2023-07-07 14:49:47.256 worker_log:584 7376 MainThread [INFO]  Received executor task 5060
2023-07-07 14:50:01.622 worker_log:602 7376 MainThread [INFO]  Completed executor task 5060
2023-07-07 14:50:01.623 worker_log:613 7376 MainThread [INFO]  All processing finished for executor task 5060
2023-07-07 14:50:01.634 worker_log:584 7376 MainThread [INFO]  Received executor task 5065
2023-07-07 14:50:21.057 worker_log:602 7376 MainThread [INFO]  Completed executor task 5065
2023-07-07 14:50:21.057 worker_log:613 7376 MainThread [INFO]  All processing finished for executor task 5065
2023-07-07 14:50:21.070 worker_log:584 7376 MainThread [INFO]  Received executor task 5072
2023-07-07 14:50:44.561 worker_log:602 7376 MainThread [INFO]  Completed executor task 5072
2023-07-07 14:50:44.562 worker_log:613 7376 MainThread [INFO]  All processing finished for executor task 5072
2023-07-07 14:50:44.573 worker_log:584 7376 MainThread [INFO]  Received executor task 5084
2023-07-07 14:51:01.865 worker_log:602 7376 MainThread [INFO]  Completed executor task 5084
2023-07-07 14:51:01.865 worker_log:613 7376 MainThread [INFO]  All processing finished for executor task 5084
2023-07-07 14:51:01.877 worker_log:584 7376 MainThread [INFO]  Received executor task 5093
2023-07-07 14:51:45.735 worker_log:602 7376 MainThread [INFO]  Completed executor task 5093
2023-07-07 14:51:45.735 worker_log:613 7376 MainThread [INFO]  All processing finished for executor task 5093
2023-07-07 14:51:45.746 worker_log:584 7376 MainThread [INFO]  Received executor task 5111
2023-07-07 14:52:08.806 worker_log:602 7376 MainThread [INFO]  Completed executor task 5111
2023-07-07 14:52:08.807 worker_log:613 7376 MainThread [INFO]  All processing finished for executor task 5111
2023-07-07 14:52:08.818 worker_log:584 7376 MainThread [INFO]  Received executor task 5122
2023-07-07 14:52:23.017 worker_log:602 7376 MainThread [INFO]  Completed executor task 5122
2023-07-07 14:52:23.017 worker_log:613 7376 MainThread [INFO]  All processing finished for executor task 5122
2023-07-07 14:52:23.030 worker_log:584 7376 MainThread [INFO]  Received executor task 5128
2023-07-07 14:53:16.557 worker_log:602 7376 MainThread [INFO]  Completed executor task 5128
2023-07-07 14:53:16.558 worker_log:613 7376 MainThread [INFO]  All processing finished for executor task 5128
2023-07-07 14:53:16.569 worker_log:584 7376 MainThread [INFO]  Received executor task 5151
2023-07-07 14:53:33.006 worker_log:602 7376 MainThread [INFO]  Completed executor task 5151
2023-07-07 14:53:33.007 worker_log:613 7376 MainThread [INFO]  All processing finished for executor task 5151
2023-07-07 14:53:33.018 worker_log:584 7376 MainThread [INFO]  Received executor task 5160
2023-07-07 14:54:18.956 worker_log:602 7376 MainThread [INFO]  Completed executor task 5160
2023-07-07 14:54:18.956 worker_log:613 7376 MainThread [INFO]  All processing finished for executor task 5160
2023-07-07 14:54:18.967 worker_log:584 7376 MainThread [INFO]  Received executor task 5185
2023-07-07 14:54:36.601 worker_log:602 7376 MainThread [INFO]  Completed executor task 5185
2023-07-07 14:54:36.605 worker_log:613 7376 MainThread [INFO]  All processing finished for executor task 5185
2023-07-07 14:54:36.606 worker_log:584 7376 MainThread [INFO]  Received executor task 5197
2023-07-07 14:55:27.797 worker_log:602 7376 MainThread [INFO]  Completed executor task 5197
2023-07-07 14:55:27.797 worker_log:613 7376 MainThread [INFO]  All processing finished for executor task 5197
2023-07-07 14:55:27.809 worker_log:584 7376 MainThread [INFO]  Received executor task 5229
2023-07-07 14:55:57.523 worker_log:602 7376 MainThread [INFO]  Completed executor task 5229
2023-07-07 14:55:57.536 worker_log:613 7376 MainThread [INFO]  All processing finished for executor task 5229
2023-07-07 14:55:57.536 worker_log:584 7376 MainThread [INFO]  Received executor task 5243
2023-07-07 14:56:25.106 worker_log:602 7376 MainThread [INFO]  Completed executor task 5243
2023-07-07 14:56:25.107 worker_log:613 7376 MainThread [INFO]  All processing finished for executor task 5243
2023-07-07 14:56:25.118 worker_log:584 7376 MainThread [INFO]  Received executor task 5253
2023-07-07 14:56:57.044 worker_log:602 7376 MainThread [INFO]  Completed executor task 5253
2023-07-07 14:56:57.044 worker_log:613 7376 MainThread [INFO]  All processing finished for executor task 5253
2023-07-07 14:56:57.055 worker_log:584 7376 MainThread [INFO]  Received executor task 5268
2023-07-07 14:57:50.291 worker_log:602 7376 MainThread [INFO]  Completed executor task 5268
2023-07-07 14:57:50.292 worker_log:613 7376 MainThread [INFO]  All processing finished for executor task 5268
2023-07-07 14:57:50.303 worker_log:584 7376 MainThread [INFO]  Received executor task 5283
2023-07-07 14:58:14.434 worker_log:602 7376 MainThread [INFO]  Completed executor task 5283
2023-07-07 14:58:14.434 worker_log:613 7376 MainThread [INFO]  All processing finished for executor task 5283
2023-07-07 14:58:14.446 worker_log:584 7376 MainThread [INFO]  Received executor task 5292
2023-07-07 14:58:58.803 worker_log:602 7376 MainThread [INFO]  Completed executor task 5292
2023-07-07 14:58:58.804 worker_log:613 7376 MainThread [INFO]  All processing finished for executor task 5292
2023-07-07 14:58:58.815 worker_log:584 7376 MainThread [INFO]  Received executor task 5315
2023-07-07 14:59:10.475 worker_log:602 7376 MainThread [INFO]  Completed executor task 5315
2023-07-07 14:59:10.475 worker_log:613 7376 MainThread [INFO]  All processing finished for executor task 5315
2023-07-07 14:59:10.486 worker_log:584 7376 MainThread [INFO]  Received executor task 5320
2023-07-07 14:59:36.274 worker_log:602 7376 MainThread [INFO]  Completed executor task 5320
2023-07-07 14:59:36.275 worker_log:613 7376 MainThread [INFO]  All processing finished for executor task 5320
2023-07-07 14:59:36.286 worker_log:584 7376 MainThread [INFO]  Received executor task 5330
2023-07-07 15:00:07.320 worker_log:602 7376 MainThread [INFO]  Completed executor task 5330
2023-07-07 15:00:07.320 worker_log:613 7376 MainThread [INFO]  All processing finished for executor task 5330
2023-07-07 15:00:07.331 worker_log:584 7376 MainThread [INFO]  Received executor task 5345
2023-07-07 15:00:30.747 worker_log:602 7376 MainThread [INFO]  Completed executor task 5345
2023-07-07 15:00:30.747 worker_log:613 7376 MainThread [INFO]  All processing finished for executor task 5345
2023-07-07 15:00:30.758 worker_log:584 7376 MainThread [INFO]  Received executor task 5361
2023-07-07 15:00:44.900 worker_log:602 7376 MainThread [INFO]  Completed executor task 5361
2023-07-07 15:00:44.900 worker_log:613 7376 MainThread [INFO]  All processing finished for executor task 5361
2023-07-07 15:00:44.911 worker_log:584 7376 MainThread [INFO]  Received executor task 5365
2023-07-07 15:01:05.652 worker_log:602 7376 MainThread [INFO]  Completed executor task 5365
2023-07-07 15:01:05.653 worker_log:613 7376 MainThread [INFO]  All processing finished for executor task 5365
2023-07-07 15:01:05.664 worker_log:584 7376 MainThread [INFO]  Received executor task 5374
2023-07-07 15:01:55.487 worker_log:602 7376 MainThread [INFO]  Completed executor task 5374
2023-07-07 15:01:55.488 worker_log:613 7376 MainThread [INFO]  All processing finished for executor task 5374
2023-07-07 15:01:55.499 worker_log:584 7376 MainThread [INFO]  Received executor task 5396
2023-07-07 15:02:32.068 worker_log:602 7376 MainThread [INFO]  Completed executor task 5396
2023-07-07 15:02:32.069 worker_log:613 7376 MainThread [INFO]  All processing finished for executor task 5396
2023-07-07 15:02:32.080 worker_log:584 7376 MainThread [INFO]  Received executor task 5415
2023-07-07 15:02:56.360 worker_log:602 7376 MainThread [INFO]  Completed executor task 5415
2023-07-07 15:02:56.360 worker_log:613 7376 MainThread [INFO]  All processing finished for executor task 5415
2023-07-07 15:02:56.380 worker_log:584 7376 MainThread [INFO]  Received executor task 5423
2023-07-07 15:03:39.446 worker_log:602 7376 MainThread [INFO]  Completed executor task 5423
2023-07-07 15:03:39.447 worker_log:613 7376 MainThread [INFO]  All processing finished for executor task 5423
2023-07-07 15:03:39.458 worker_log:584 7376 MainThread [INFO]  Received executor task 5444
2023-07-07 15:04:09.058 worker_log:602 7376 MainThread [INFO]  Completed executor task 5444
2023-07-07 15:04:09.058 worker_log:613 7376 MainThread [INFO]  All processing finished for executor task 5444
2023-07-07 15:04:09.070 worker_log:584 7376 MainThread [INFO]  Received executor task 5463
2023-07-07 15:04:32.871 worker_log:602 7376 MainThread [INFO]  Completed executor task 5463
2023-07-07 15:04:32.871 worker_log:613 7376 MainThread [INFO]  All processing finished for executor task 5463
2023-07-07 15:04:32.884 worker_log:584 7376 MainThread [INFO]  Received executor task 5473
2023-07-07 15:05:21.568 worker_log:602 7376 MainThread [INFO]  Completed executor task 5473
2023-07-07 15:05:21.569 worker_log:613 7376 MainThread [INFO]  All processing finished for executor task 5473
2023-07-07 15:05:21.580 worker_log:584 7376 MainThread [INFO]  Received executor task 5496
2023-07-07 15:05:59.127 worker_log:602 7376 MainThread [INFO]  Completed executor task 5496
2023-07-07 15:05:59.128 worker_log:613 7376 MainThread [INFO]  All processing finished for executor task 5496
2023-07-07 15:05:59.139 worker_log:584 7376 MainThread [INFO]  Received executor task 5515
2023-07-07 15:06:29.632 worker_log:602 7376 MainThread [INFO]  Completed executor task 5515
2023-07-07 15:06:29.633 worker_log:613 7376 MainThread [INFO]  All processing finished for executor task 5515
2023-07-07 15:06:29.644 worker_log:584 7376 MainThread [INFO]  Received executor task 5528
2023-07-07 15:06:49.564 worker_log:602 7376 MainThread [INFO]  Completed executor task 5528
2023-07-07 15:06:49.564 worker_log:613 7376 MainThread [INFO]  All processing finished for executor task 5528
2023-07-07 15:06:49.575 worker_log:584 7376 MainThread [INFO]  Received executor task 5539
2023-07-07 15:07:29.751 worker_log:602 7376 MainThread [INFO]  Completed executor task 5539
2023-07-07 15:07:29.752 worker_log:613 7376 MainThread [INFO]  All processing finished for executor task 5539
2023-07-07 15:07:29.763 worker_log:584 7376 MainThread [INFO]  Received executor task 5557
2023-07-07 15:08:03.889 worker_log:602 7376 MainThread [INFO]  Completed executor task 5557
2023-07-07 15:08:03.890 worker_log:613 7376 MainThread [INFO]  All processing finished for executor task 5557
2023-07-07 15:08:03.901 worker_log:584 7376 MainThread [INFO]  Received executor task 5570
2023-07-07 15:08:29.497 worker_log:602 7376 MainThread [INFO]  Completed executor task 5570
2023-07-07 15:08:29.497 worker_log:613 7376 MainThread [INFO]  All processing finished for executor task 5570
2023-07-07 15:08:29.508 worker_log:584 7376 MainThread [INFO]  Received executor task 5580
2023-07-07 15:08:57.766 worker_log:602 7376 MainThread [INFO]  Completed executor task 5580
2023-07-07 15:08:57.766 worker_log:613 7376 MainThread [INFO]  All processing finished for executor task 5580
2023-07-07 15:08:57.777 worker_log:584 7376 MainThread [INFO]  Received executor task 5596
2023-07-07 15:09:46.527 worker_log:602 7376 MainThread [INFO]  Completed executor task 5596
2023-07-07 15:09:46.527 worker_log:613 7376 MainThread [INFO]  All processing finished for executor task 5596
2023-07-07 15:09:46.539 worker_log:584 7376 MainThread [INFO]  Received executor task 5619
2023-07-07 15:10:05.412 worker_log:602 7376 MainThread [INFO]  Completed executor task 5619
2023-07-07 15:10:05.412 worker_log:613 7376 MainThread [INFO]  All processing finished for executor task 5619
2023-07-07 15:10:05.423 worker_log:584 7376 MainThread [INFO]  Received executor task 5627
2023-07-07 15:10:49.596 worker_log:602 7376 MainThread [INFO]  Completed executor task 5627
2023-07-07 15:10:49.596 worker_log:613 7376 MainThread [INFO]  All processing finished for executor task 5627
2023-07-07 15:10:49.607 worker_log:584 7376 MainThread [INFO]  Received executor task 5650
2023-07-07 15:11:54.818 worker_log:602 7376 MainThread [INFO]  Completed executor task 5650
2023-07-07 15:11:54.818 worker_log:613 7376 MainThread [INFO]  All processing finished for executor task 5650
2023-07-07 15:11:54.829 worker_log:584 7376 MainThread [INFO]  Received executor task 5678
2023-07-07 15:12:09.913 worker_log:602 7376 MainThread [INFO]  Completed executor task 5678
2023-07-07 15:12:09.914 worker_log:613 7376 MainThread [INFO]  All processing finished for executor task 5678
2023-07-07 15:12:09.925 worker_log:584 7376 MainThread [INFO]  Received executor task 5686
2023-07-07 15:12:40.226 worker_log:602 7376 MainThread [INFO]  Completed executor task 5686
2023-07-07 15:12:40.227 worker_log:613 7376 MainThread [INFO]  All processing finished for executor task 5686
2023-07-07 15:12:40.237 worker_log:584 7376 MainThread [INFO]  Received executor task 5701
2023-07-07 15:13:29.084 worker_log:602 7376 MainThread [INFO]  Completed executor task 5701
2023-07-07 15:13:29.085 worker_log:613 7376 MainThread [INFO]  All processing finished for executor task 5701
2023-07-07 15:13:29.086 worker_log:584 7376 MainThread [INFO]  Received executor task 5727
2023-07-07 15:14:02.489 worker_log:602 7376 MainThread [INFO]  Completed executor task 5727
2023-07-07 15:14:02.489 worker_log:613 7376 MainThread [INFO]  All processing finished for executor task 5727
2023-07-07 15:14:02.501 worker_log:584 7376 MainThread [INFO]  Received executor task 5744
2023-07-07 15:14:48.787 worker_log:602 7376 MainThread [INFO]  Completed executor task 5744
2023-07-07 15:14:48.788 worker_log:613 7376 MainThread [INFO]  All processing finished for executor task 5744
2023-07-07 15:14:48.799 worker_log:584 7376 MainThread [INFO]  Received executor task 5763
2023-07-07 15:15:20.888 worker_log:602 7376 MainThread [INFO]  Completed executor task 5763
2023-07-07 15:15:20.889 worker_log:613 7376 MainThread [INFO]  All processing finished for executor task 5763
2023-07-07 15:15:20.900 worker_log:584 7376 MainThread [INFO]  Received executor task 5779
2023-07-07 15:16:15.485 worker_log:602 7376 MainThread [INFO]  Completed executor task 5779
2023-07-07 15:16:15.486 worker_log:613 7376 MainThread [INFO]  All processing finished for executor task 5779
2023-07-07 15:16:15.497 worker_log:584 7376 MainThread [INFO]  Received executor task 5806
2023-07-07 15:16:50.120 worker_log:602 7376 MainThread [INFO]  Completed executor task 5806
2023-07-07 15:16:50.120 worker_log:613 7376 MainThread [INFO]  All processing finished for executor task 5806
2023-07-07 15:16:50.131 worker_log:584 7376 MainThread [INFO]  Received executor task 5827
2023-07-07 15:17:18.161 worker_log:602 7376 MainThread [INFO]  Completed executor task 5827
2023-07-07 15:17:18.161 worker_log:613 7376 MainThread [INFO]  All processing finished for executor task 5827
2023-07-07 15:17:18.173 worker_log:584 7376 MainThread [INFO]  Received executor task 5843
2023-07-07 15:17:51.184 worker_log:602 7376 MainThread [INFO]  Completed executor task 5843
2023-07-07 15:17:51.187 worker_log:613 7376 MainThread [INFO]  All processing finished for executor task 5843
2023-07-07 15:17:51.195 worker_log:584 7376 MainThread [INFO]  Received executor task 5862
2023-07-07 15:18:09.101 worker_log:602 7376 MainThread [INFO]  Completed executor task 5862
2023-07-07 15:18:09.101 worker_log:613 7376 MainThread [INFO]  All processing finished for executor task 5862
2023-07-07 15:18:09.112 worker_log:584 7376 MainThread [INFO]  Received executor task 5875
2023-07-07 15:19:05.099 worker_log:602 7376 MainThread [INFO]  Completed executor task 5875
2023-07-07 15:19:05.099 worker_log:613 7376 MainThread [INFO]  All processing finished for executor task 5875
2023-07-07 15:19:05.110 worker_log:584 7376 MainThread [INFO]  Received executor task 5891
2023-07-07 15:19:35.767 worker_log:602 7376 MainThread [INFO]  Completed executor task 5891
2023-07-07 15:19:35.768 worker_log:613 7376 MainThread [INFO]  All processing finished for executor task 5891
2023-07-07 15:19:35.779 worker_log:584 7376 MainThread [INFO]  Received executor task 5902
2023-07-07 15:20:02.091 worker_log:602 7376 MainThread [INFO]  Completed executor task 5902
2023-07-07 15:20:02.092 worker_log:613 7376 MainThread [INFO]  All processing finished for executor task 5902
2023-07-07 15:20:02.093 worker_log:584 7376 MainThread [INFO]  Received executor task 5920
2023-07-07 15:20:23.491 worker_log:602 7376 MainThread [INFO]  Completed executor task 5920
2023-07-07 15:20:23.491 worker_log:613 7376 MainThread [INFO]  All processing finished for executor task 5920
2023-07-07 15:20:23.504 worker_log:584 7376 MainThread [INFO]  Received executor task 5933
2023-07-07 15:20:52.374 worker_log:602 7376 MainThread [INFO]  Completed executor task 5933
2023-07-07 15:20:52.374 worker_log:613 7376 MainThread [INFO]  All processing finished for executor task 5933
2023-07-07 15:20:52.386 worker_log:584 7376 MainThread [INFO]  Received executor task 5947
2023-07-07 15:21:21.922 worker_log:602 7376 MainThread [INFO]  Completed executor task 5947
2023-07-07 15:21:21.922 worker_log:613 7376 MainThread [INFO]  All processing finished for executor task 5947
2023-07-07 15:21:21.934 worker_log:584 7376 MainThread [INFO]  Received executor task 5961
2023-07-07 15:22:01.966 worker_log:602 7376 MainThread [INFO]  Completed executor task 5961
2023-07-07 15:22:01.966 worker_log:613 7376 MainThread [INFO]  All processing finished for executor task 5961
2023-07-07 15:22:01.977 worker_log:584 7376 MainThread [INFO]  Received executor task 5981
2023-07-07 15:22:28.339 worker_log:602 7376 MainThread [INFO]  Completed executor task 5981
2023-07-07 15:22:28.339 worker_log:613 7376 MainThread [INFO]  All processing finished for executor task 5981
2023-07-07 15:22:28.351 worker_log:584 7376 MainThread [INFO]  Received executor task 5992
2023-07-07 15:23:10.259 worker_log:602 7376 MainThread [INFO]  Completed executor task 5992
2023-07-07 15:23:10.259 worker_log:613 7376 MainThread [INFO]  All processing finished for executor task 5992
2023-07-07 15:23:10.270 worker_log:584 7376 MainThread [INFO]  Received executor task 6016
2023-07-07 15:23:41.733 worker_log:602 7376 MainThread [INFO]  Completed executor task 6016
2023-07-07 15:23:41.747 worker_log:613 7376 MainThread [INFO]  All processing finished for executor task 6016
2023-07-07 15:23:41.747 worker_log:584 7376 MainThread [INFO]  Received executor task 6031
2023-07-07 15:24:16.509 worker_log:602 7376 MainThread [INFO]  Completed executor task 6031
2023-07-07 15:24:16.509 worker_log:613 7376 MainThread [INFO]  All processing finished for executor task 6031
2023-07-07 15:24:16.521 worker_log:584 7376 MainThread [INFO]  Received executor task 6052
2023-07-07 15:24:39.082 worker_log:602 7376 MainThread [INFO]  Completed executor task 6052
2023-07-07 15:24:39.082 worker_log:613 7376 MainThread [INFO]  All processing finished for executor task 6052
2023-07-07 15:24:39.093 worker_log:584 7376 MainThread [INFO]  Received executor task 6062
2023-07-07 15:24:52.594 worker_log:602 7376 MainThread [INFO]  Completed executor task 6062
2023-07-07 15:24:52.594 worker_log:613 7376 MainThread [INFO]  All processing finished for executor task 6062
2023-07-07 15:24:52.605 worker_log:584 7376 MainThread [INFO]  Received executor task 6071
2023-07-07 15:25:14.360 worker_log:602 7376 MainThread [INFO]  Completed executor task 6071
2023-07-07 15:25:14.360 worker_log:613 7376 MainThread [INFO]  All processing finished for executor task 6071
2023-07-07 15:25:14.372 worker_log:584 7376 MainThread [INFO]  Received executor task 6081
2023-07-07 15:25:58.513 worker_log:602 7376 MainThread [INFO]  Completed executor task 6081
2023-07-07 15:25:58.513 worker_log:613 7376 MainThread [INFO]  All processing finished for executor task 6081
2023-07-07 15:25:58.537 worker_log:584 7376 MainThread [INFO]  Received executor task 6107
2023-07-07 15:26:35.041 worker_log:602 7376 MainThread [INFO]  Completed executor task 6107
2023-07-07 15:26:35.041 worker_log:613 7376 MainThread [INFO]  All processing finished for executor task 6107
2023-07-07 15:26:35.053 worker_log:584 7376 MainThread [INFO]  Received executor task 6132
2023-07-07 15:27:05.488 worker_log:602 7376 MainThread [INFO]  Completed executor task 6132
2023-07-07 15:27:05.489 worker_log:613 7376 MainThread [INFO]  All processing finished for executor task 6132
2023-07-07 15:27:05.500 worker_log:584 7376 MainThread [INFO]  Received executor task 6143
2023-07-07 15:27:41.657 worker_log:602 7376 MainThread [INFO]  Completed executor task 6143
2023-07-07 15:27:41.658 worker_log:613 7376 MainThread [INFO]  All processing finished for executor task 6143
2023-07-07 15:27:41.669 worker_log:584 7376 MainThread [INFO]  Received executor task 6160
2023-07-07 15:27:48.244 worker_log:602 7376 MainThread [INFO]  Completed executor task 6160
2023-07-07 15:27:48.245 worker_log:613 7376 MainThread [INFO]  All processing finished for executor task 6160
2023-07-07 15:27:48.256 worker_log:584 7376 MainThread [INFO]  Received executor task 6164
2023-07-07 15:28:13.141 worker_log:602 7376 MainThread [INFO]  Completed executor task 6164
2023-07-07 15:28:13.141 worker_log:613 7376 MainThread [INFO]  All processing finished for executor task 6164
2023-07-07 15:28:13.152 worker_log:584 7376 MainThread [INFO]  Received executor task 6181
2023-07-07 15:28:35.410 worker_log:602 7376 MainThread [INFO]  Completed executor task 6181
2023-07-07 15:28:35.419 worker_log:613 7376 MainThread [INFO]  All processing finished for executor task 6181
2023-07-07 15:28:35.421 worker_log:584 7376 MainThread [INFO]  Received executor task 6194
2023-07-07 15:29:06.481 worker_log:602 7376 MainThread [INFO]  Completed executor task 6194
2023-07-07 15:29:06.481 worker_log:613 7376 MainThread [INFO]  All processing finished for executor task 6194
2023-07-07 15:29:06.492 worker_log:584 7376 MainThread [INFO]  Received executor task 6211
2023-07-07 15:29:21.486 worker_log:602 7376 MainThread [INFO]  Completed executor task 6211
2023-07-07 15:29:21.487 worker_log:613 7376 MainThread [INFO]  All processing finished for executor task 6211
2023-07-07 15:29:21.499 worker_log:584 7376 MainThread [INFO]  Received executor task 6222
2023-07-07 15:29:47.963 worker_log:602 7376 MainThread [INFO]  Completed executor task 6222
2023-07-07 15:29:47.964 worker_log:613 7376 MainThread [INFO]  All processing finished for executor task 6222
2023-07-07 15:29:47.975 worker_log:584 7376 MainThread [INFO]  Received executor task 6235
2023-07-07 15:30:04.345 worker_log:602 7376 MainThread [INFO]  Completed executor task 6235
2023-07-07 15:30:04.345 worker_log:613 7376 MainThread [INFO]  All processing finished for executor task 6235
2023-07-07 15:30:04.356 worker_log:584 7376 MainThread [INFO]  Received executor task 6244
2023-07-07 15:30:18.268 worker_log:602 7376 MainThread [INFO]  Completed executor task 6244
2023-07-07 15:30:18.268 worker_log:613 7376 MainThread [INFO]  All processing finished for executor task 6244
2023-07-07 15:30:18.280 worker_log:584 7376 MainThread [INFO]  Received executor task 6251
2023-07-07 15:30:39.372 worker_log:602 7376 MainThread [INFO]  Completed executor task 6251
2023-07-07 15:30:39.372 worker_log:613 7376 MainThread [INFO]  All processing finished for executor task 6251
2023-07-07 15:30:39.383 worker_log:584 7376 MainThread [INFO]  Received executor task 6264
2023-07-07 15:30:55.976 worker_log:602 7376 MainThread [INFO]  Completed executor task 6264
2023-07-07 15:30:55.977 worker_log:613 7376 MainThread [INFO]  All processing finished for executor task 6264
2023-07-07 15:30:55.988 worker_log:584 7376 MainThread [INFO]  Received executor task 6271
2023-07-07 15:31:13.841 worker_log:602 7376 MainThread [INFO]  Completed executor task 6271
2023-07-07 15:31:13.841 worker_log:613 7376 MainThread [INFO]  All processing finished for executor task 6271
2023-07-07 15:31:13.853 worker_log:584 7376 MainThread [INFO]  Received executor task 6281
2023-07-07 15:31:26.647 worker_log:602 7376 MainThread [INFO]  Completed executor task 6281
2023-07-07 15:31:26.648 worker_log:613 7376 MainThread [INFO]  All processing finished for executor task 6281
2023-07-07 15:31:26.659 worker_log:584 7376 MainThread [INFO]  Received executor task 6293
2023-07-07 15:32:00.414 worker_log:602 7376 MainThread [INFO]  Completed executor task 6293
2023-07-07 15:32:00.414 worker_log:613 7376 MainThread [INFO]  All processing finished for executor task 6293
2023-07-07 15:32:00.425 worker_log:584 7376 MainThread [INFO]  Received executor task 6306
2023-07-07 15:32:16.989 worker_log:602 7376 MainThread [INFO]  Completed executor task 6306
2023-07-07 15:32:16.990 worker_log:613 7376 MainThread [INFO]  All processing finished for executor task 6306
2023-07-07 15:32:17.001 worker_log:584 7376 MainThread [INFO]  Received executor task 6318
2023-07-07 15:32:48.382 worker_log:602 7376 MainThread [INFO]  Completed executor task 6318
2023-07-07 15:32:48.383 worker_log:613 7376 MainThread [INFO]  All processing finished for executor task 6318
2023-07-07 15:32:48.397 worker_log:584 7376 MainThread [INFO]  Received executor task 6329
2023-07-07 15:33:08.669 worker_log:602 7376 MainThread [INFO]  Completed executor task 6329
2023-07-07 15:33:08.669 worker_log:613 7376 MainThread [INFO]  All processing finished for executor task 6329
2023-07-07 15:33:08.680 worker_log:584 7376 MainThread [INFO]  Received executor task 6340
2023-07-07 15:33:40.150 worker_log:602 7376 MainThread [INFO]  Completed executor task 6340
2023-07-07 15:33:40.150 worker_log:613 7376 MainThread [INFO]  All processing finished for executor task 6340
2023-07-07 15:33:40.161 worker_log:584 7376 MainThread [INFO]  Received executor task 6356
2023-07-07 15:34:31.279 worker_log:602 7376 MainThread [INFO]  Completed executor task 6356
2023-07-07 15:34:31.280 worker_log:613 7376 MainThread [INFO]  All processing finished for executor task 6356
2023-07-07 15:34:31.292 worker_log:584 7376 MainThread [INFO]  Received executor task 6382
2023-07-07 15:35:12.226 worker_log:602 7376 MainThread [INFO]  Completed executor task 6382
2023-07-07 15:35:12.226 worker_log:613 7376 MainThread [INFO]  All processing finished for executor task 6382
2023-07-07 15:35:12.238 worker_log:584 7376 MainThread [INFO]  Received executor task 6396
2023-07-07 15:35:44.822 worker_log:602 7376 MainThread [INFO]  Completed executor task 6396
2023-07-07 15:35:44.823 worker_log:613 7376 MainThread [INFO]  All processing finished for executor task 6396
2023-07-07 15:35:44.834 worker_log:584 7376 MainThread [INFO]  Received executor task 6414
2023-07-07 15:36:11.500 worker_log:602 7376 MainThread [INFO]  Completed executor task 6414
2023-07-07 15:36:11.500 worker_log:613 7376 MainThread [INFO]  All processing finished for executor task 6414
2023-07-07 15:36:11.512 worker_log:584 7376 MainThread [INFO]  Received executor task 6427
2023-07-07 15:37:12.584 worker_log:602 7376 MainThread [INFO]  Completed executor task 6427
2023-07-07 15:37:12.588 worker_log:613 7376 MainThread [INFO]  All processing finished for executor task 6427
2023-07-07 15:37:12.600 worker_log:584 7376 MainThread [INFO]  Received executor task 6451
2023-07-07 15:37:30.161 worker_log:602 7376 MainThread [INFO]  Completed executor task 6451
2023-07-07 15:37:30.161 worker_log:613 7376 MainThread [INFO]  All processing finished for executor task 6451
2023-07-07 15:37:30.165 worker_log:584 7376 MainThread [INFO]  Received executor task 6460
2023-07-07 15:38:08.158 worker_log:602 7376 MainThread [INFO]  Completed executor task 6460
2023-07-07 15:38:08.159 worker_log:613 7376 MainThread [INFO]  All processing finished for executor task 6460
2023-07-07 15:38:08.170 worker_log:584 7376 MainThread [INFO]  Received executor task 6478
2023-07-07 15:38:29.429 worker_log:602 7376 MainThread [INFO]  Completed executor task 6478
2023-07-07 15:38:29.429 worker_log:613 7376 MainThread [INFO]  All processing finished for executor task 6478
2023-07-07 15:38:29.440 worker_log:584 7376 MainThread [INFO]  Received executor task 6489
2023-07-07 15:39:13.554 worker_log:602 7376 MainThread [INFO]  Completed executor task 6489
2023-07-07 15:39:13.555 worker_log:613 7376 MainThread [INFO]  All processing finished for executor task 6489
2023-07-07 15:39:13.567 worker_log:584 7376 MainThread [INFO]  Received executor task 6510
2023-07-07 15:40:00.668 worker_log:602 7376 MainThread [INFO]  Completed executor task 6510
2023-07-07 15:40:00.670 worker_log:613 7376 MainThread [INFO]  All processing finished for executor task 6510
2023-07-07 15:40:00.679 worker_log:584 7376 MainThread [INFO]  Received executor task 6530
2023-07-07 15:40:27.448 worker_log:602 7376 MainThread [INFO]  Completed executor task 6530
2023-07-07 15:40:27.449 worker_log:613 7376 MainThread [INFO]  All processing finished for executor task 6530
2023-07-07 15:40:27.460 worker_log:584 7376 MainThread [INFO]  Received executor task 6543
2023-07-07 15:40:45.034 worker_log:602 7376 MainThread [INFO]  Completed executor task 6543
2023-07-07 15:40:45.034 worker_log:613 7376 MainThread [INFO]  All processing finished for executor task 6543
2023-07-07 15:40:45.045 worker_log:584 7376 MainThread [INFO]  Received executor task 6557
2023-07-07 15:41:37.221 worker_log:602 7376 MainThread [INFO]  Completed executor task 6557
2023-07-07 15:41:37.221 worker_log:613 7376 MainThread [INFO]  All processing finished for executor task 6557
2023-07-07 15:41:37.233 worker_log:584 7376 MainThread [INFO]  Received executor task 6581
2023-07-07 15:41:46.658 worker_log:602 7376 MainThread [INFO]  Completed executor task 6581
2023-07-07 15:41:46.664 worker_log:613 7376 MainThread [INFO]  All processing finished for executor task 6581
2023-07-07 15:41:46.670 worker_log:584 7376 MainThread [INFO]  Received executor task 6585
2023-07-07 15:42:07.414 worker_log:602 7376 MainThread [INFO]  Completed executor task 6585
2023-07-07 15:42:07.415 worker_log:613 7376 MainThread [INFO]  All processing finished for executor task 6585
2023-07-07 15:42:07.426 worker_log:584 7376 MainThread [INFO]  Received executor task 6599
2023-07-07 15:42:29.009 worker_log:602 7376 MainThread [INFO]  Completed executor task 6599
2023-07-07 15:42:29.010 worker_log:613 7376 MainThread [INFO]  All processing finished for executor task 6599
2023-07-07 15:42:29.021 worker_log:584 7376 MainThread [INFO]  Received executor task 6611
2023-07-07 15:42:51.102 worker_log:602 7376 MainThread [INFO]  Completed executor task 6611
2023-07-07 15:42:51.103 worker_log:613 7376 MainThread [INFO]  All processing finished for executor task 6611
2023-07-07 15:42:51.104 worker_log:584 7376 MainThread [INFO]  Received executor task 6622
2023-07-07 15:43:25.053 worker_log:602 7376 MainThread [INFO]  Completed executor task 6622
2023-07-07 15:43:25.054 worker_log:613 7376 MainThread [INFO]  All processing finished for executor task 6622
2023-07-07 15:43:25.065 worker_log:584 7376 MainThread [INFO]  Received executor task 6639
2023-07-07 15:43:58.521 worker_log:602 7376 MainThread [INFO]  Completed executor task 6639
2023-07-07 15:43:58.524 worker_log:613 7376 MainThread [INFO]  All processing finished for executor task 6639
2023-07-07 15:43:58.533 worker_log:584 7376 MainThread [INFO]  Received executor task 6657
2023-07-07 15:44:35.958 worker_log:602 7376 MainThread [INFO]  Completed executor task 6657
2023-07-07 15:44:35.958 worker_log:613 7376 MainThread [INFO]  All processing finished for executor task 6657
2023-07-07 15:44:35.969 worker_log:584 7376 MainThread [INFO]  Received executor task 6679
2023-07-07 15:45:16.288 worker_log:602 7376 MainThread [INFO]  Completed executor task 6679
2023-07-07 15:45:16.289 worker_log:613 7376 MainThread [INFO]  All processing finished for executor task 6679
2023-07-07 15:45:16.301 worker_log:584 7376 MainThread [INFO]  Received executor task 6694
2023-07-07 15:45:40.296 worker_log:602 7376 MainThread [INFO]  Completed executor task 6694
2023-07-07 15:45:40.297 worker_log:613 7376 MainThread [INFO]  All processing finished for executor task 6694
2023-07-07 15:45:40.308 worker_log:584 7376 MainThread [INFO]  Received executor task 6704
2023-07-07 15:45:56.120 worker_log:602 7376 MainThread [INFO]  Completed executor task 6704
2023-07-07 15:45:56.121 worker_log:613 7376 MainThread [INFO]  All processing finished for executor task 6704
2023-07-07 15:45:56.132 worker_log:584 7376 MainThread [INFO]  Received executor task 6710
2023-07-07 15:46:13.972 worker_log:602 7376 MainThread [INFO]  Completed executor task 6710
2023-07-07 15:46:13.972 worker_log:613 7376 MainThread [INFO]  All processing finished for executor task 6710
2023-07-07 15:46:13.984 worker_log:584 7376 MainThread [INFO]  Received executor task 6721
2023-07-07 15:46:28.492 worker_log:602 7376 MainThread [INFO]  Completed executor task 6721
2023-07-07 15:46:28.493 worker_log:613 7376 MainThread [INFO]  All processing finished for executor task 6721
2023-07-07 15:46:28.494 worker_log:584 7376 MainThread [INFO]  Received executor task 6729
2023-07-07 15:46:45.546 worker_log:602 7376 MainThread [INFO]  Completed executor task 6729
2023-07-07 15:46:45.546 worker_log:613 7376 MainThread [INFO]  All processing finished for executor task 6729
2023-07-07 15:46:45.557 worker_log:584 7376 MainThread [INFO]  Received executor task 6735
2023-07-07 15:47:05.834 worker_log:602 7376 MainThread [INFO]  Completed executor task 6735
2023-07-07 15:47:05.834 worker_log:613 7376 MainThread [INFO]  All processing finished for executor task 6735
2023-07-07 15:47:05.845 worker_log:584 7376 MainThread [INFO]  Received executor task 6748
2023-07-07 15:47:30.972 worker_log:602 7376 MainThread [INFO]  Completed executor task 6748
2023-07-07 15:47:30.972 worker_log:613 7376 MainThread [INFO]  All processing finished for executor task 6748
2023-07-07 15:47:30.983 worker_log:584 7376 MainThread [INFO]  Received executor task 6763
2023-07-07 15:48:07.795 worker_log:602 7376 MainThread [INFO]  Completed executor task 6763
2023-07-07 15:48:07.795 worker_log:613 7376 MainThread [INFO]  All processing finished for executor task 6763
2023-07-07 15:48:07.808 worker_log:584 7376 MainThread [INFO]  Received executor task 6784
2023-07-07 15:48:57.866 worker_log:602 7376 MainThread [INFO]  Completed executor task 6784
2023-07-07 15:48:57.867 worker_log:613 7376 MainThread [INFO]  All processing finished for executor task 6784
2023-07-07 15:48:57.878 worker_log:584 7376 MainThread [INFO]  Received executor task 6809
2023-07-07 15:49:17.221 worker_log:602 7376 MainThread [INFO]  Completed executor task 6809
2023-07-07 15:49:17.222 worker_log:613 7376 MainThread [INFO]  All processing finished for executor task 6809
2023-07-07 15:49:17.233 worker_log:584 7376 MainThread [INFO]  Received executor task 6821
2023-07-07 15:49:26.994 worker_log:602 7376 MainThread [INFO]  Completed executor task 6821
2023-07-07 15:49:27.005 worker_log:613 7376 MainThread [INFO]  All processing finished for executor task 6821
2023-07-07 15:49:27.016 worker_log:584 7376 MainThread [INFO]  Received executor task 6831
2023-07-07 15:49:56.750 worker_log:602 7376 MainThread [INFO]  Completed executor task 6831
2023-07-07 15:49:56.751 worker_log:613 7376 MainThread [INFO]  All processing finished for executor task 6831
2023-07-07 15:49:56.762 worker_log:584 7376 MainThread [INFO]  Received executor task 6842
2023-07-07 15:50:25.081 worker_log:602 7376 MainThread [INFO]  Completed executor task 6842
2023-07-07 15:50:25.081 worker_log:613 7376 MainThread [INFO]  All processing finished for executor task 6842
2023-07-07 15:50:25.092 worker_log:584 7376 MainThread [INFO]  Received executor task 6861
2023-07-07 15:51:11.052 worker_log:602 7376 MainThread [INFO]  Completed executor task 6861
2023-07-07 15:51:11.052 worker_log:613 7376 MainThread [INFO]  All processing finished for executor task 6861
2023-07-07 15:51:11.064 worker_log:584 7376 MainThread [INFO]  Received executor task 6884
2023-07-07 15:51:22.859 worker_log:602 7376 MainThread [INFO]  Completed executor task 6884
2023-07-07 15:51:22.859 worker_log:613 7376 MainThread [INFO]  All processing finished for executor task 6884
2023-07-07 15:51:22.871 worker_log:584 7376 MainThread [INFO]  Received executor task 6895
2023-07-07 15:51:55.866 worker_log:602 7376 MainThread [INFO]  Completed executor task 6895
2023-07-07 15:51:55.866 worker_log:613 7376 MainThread [INFO]  All processing finished for executor task 6895
2023-07-07 15:51:55.877 worker_log:584 7376 MainThread [INFO]  Received executor task 6913
2023-07-07 15:52:23.665 worker_log:602 7376 MainThread [INFO]  Completed executor task 6913
2023-07-07 15:52:23.666 worker_log:613 7376 MainThread [INFO]  All processing finished for executor task 6913
2023-07-07 15:52:23.677 worker_log:584 7376 MainThread [INFO]  Received executor task 6930
2023-07-07 15:53:08.994 worker_log:602 7376 MainThread [INFO]  Completed executor task 6930
2023-07-07 15:53:08.994 worker_log:613 7376 MainThread [INFO]  All processing finished for executor task 6930
2023-07-07 15:53:09.005 worker_log:584 7376 MainThread [INFO]  Received executor task 6951
2023-07-07 15:53:32.902 worker_log:602 7376 MainThread [INFO]  Completed executor task 6951
2023-07-07 15:53:32.903 worker_log:613 7376 MainThread [INFO]  All processing finished for executor task 6951
2023-07-07 15:53:32.914 worker_log:584 7376 MainThread [INFO]  Received executor task 6961
2023-07-07 15:53:43.978 worker_log:602 7376 MainThread [INFO]  Completed executor task 6961
2023-07-07 15:53:43.983 worker_log:613 7376 MainThread [INFO]  All processing finished for executor task 6961
2023-07-07 15:53:43.990 worker_log:584 7376 MainThread [INFO]  Received executor task 6968
2023-07-07 15:55:02.873 worker_log:602 7376 MainThread [INFO]  Completed executor task 6968
2023-07-07 15:55:02.873 worker_log:613 7376 MainThread [INFO]  All processing finished for executor task 6968
2023-07-07 15:55:02.885 worker_log:584 7376 MainThread [INFO]  Received executor task 7011
2023-07-07 15:55:41.697 worker_log:602 7376 MainThread [INFO]  Completed executor task 7011
2023-07-07 15:55:41.698 worker_log:613 7376 MainThread [INFO]  All processing finished for executor task 7011
2023-07-07 15:55:41.709 worker_log:584 7376 MainThread [INFO]  Received executor task 7029
2023-07-07 15:56:30.018 worker_log:602 7376 MainThread [INFO]  Completed executor task 7029
2023-07-07 15:56:30.019 worker_log:613 7376 MainThread [INFO]  All processing finished for executor task 7029
2023-07-07 15:56:30.030 worker_log:584 7376 MainThread [INFO]  Received executor task 7054
2023-07-07 15:56:51.431 worker_log:602 7376 MainThread [INFO]  Completed executor task 7054
2023-07-07 15:56:51.431 worker_log:613 7376 MainThread [INFO]  All processing finished for executor task 7054
2023-07-07 15:56:51.442 worker_log:584 7376 MainThread [INFO]  Received executor task 7066
2023-07-07 15:57:35.692 worker_log:602 7376 MainThread [INFO]  Completed executor task 7066
2023-07-07 15:57:35.693 worker_log:613 7376 MainThread [INFO]  All processing finished for executor task 7066
2023-07-07 15:57:35.704 worker_log:584 7376 MainThread [INFO]  Received executor task 7090
2023-07-07 15:57:49.448 worker_log:602 7376 MainThread [INFO]  Completed executor task 7090
2023-07-07 15:57:49.448 worker_log:613 7376 MainThread [INFO]  All processing finished for executor task 7090
2023-07-07 15:57:49.459 worker_log:584 7376 MainThread [INFO]  Received executor task 7098
2023-07-07 15:58:34.527 worker_log:602 7376 MainThread [INFO]  Completed executor task 7098
2023-07-07 15:58:34.528 worker_log:613 7376 MainThread [INFO]  All processing finished for executor task 7098
2023-07-07 15:58:34.539 worker_log:584 7376 MainThread [INFO]  Received executor task 7117
2023-07-07 15:58:52.948 worker_log:602 7376 MainThread [INFO]  Completed executor task 7117
2023-07-07 15:58:52.950 worker_log:613 7376 MainThread [INFO]  All processing finished for executor task 7117
2023-07-07 15:58:52.960 worker_log:584 7376 MainThread [INFO]  Received executor task 7127
2023-07-07 15:59:19.188 worker_log:602 7376 MainThread [INFO]  Completed executor task 7127
2023-07-07 15:59:19.188 worker_log:613 7376 MainThread [INFO]  All processing finished for executor task 7127
2023-07-07 15:59:19.199 worker_log:584 7376 MainThread [INFO]  Received executor task 7142
2023-07-07 15:59:52.732 worker_log:602 7376 MainThread [INFO]  Completed executor task 7142
2023-07-07 15:59:52.733 worker_log:613 7376 MainThread [INFO]  All processing finished for executor task 7142
2023-07-07 15:59:52.744 worker_log:584 7376 MainThread [INFO]  Received executor task 7158
2023-07-07 16:00:26.627 worker_log:602 7376 MainThread [INFO]  Completed executor task 7158
2023-07-07 16:00:26.628 worker_log:613 7376 MainThread [INFO]  All processing finished for executor task 7158
2023-07-07 16:00:26.640 worker_log:584 7376 MainThread [INFO]  Received executor task 7172
2023-07-07 16:00:56.648 worker_log:602 7376 MainThread [INFO]  Completed executor task 7172
2023-07-07 16:00:56.649 worker_log:613 7376 MainThread [INFO]  All processing finished for executor task 7172
2023-07-07 16:00:56.660 worker_log:584 7376 MainThread [INFO]  Received executor task 7192
2023-07-07 16:01:06.243 worker_log:602 7376 MainThread [INFO]  Completed executor task 7192
2023-07-07 16:01:06.243 worker_log:613 7376 MainThread [INFO]  All processing finished for executor task 7192
2023-07-07 16:01:06.255 worker_log:584 7376 MainThread [INFO]  Received executor task 7199
2023-07-07 16:02:44.685 worker_log:602 7376 MainThread [INFO]  Completed executor task 7199
2023-07-07 16:02:44.686 worker_log:613 7376 MainThread [INFO]  All processing finished for executor task 7199
2023-07-07 16:02:44.699 worker_log:584 7376 MainThread [INFO]  Received executor task 7231
2023-07-07 16:03:11.533 worker_log:602 7376 MainThread [INFO]  Completed executor task 7231
2023-07-07 16:03:11.533 worker_log:613 7376 MainThread [INFO]  All processing finished for executor task 7231
2023-07-07 16:03:11.544 worker_log:584 7376 MainThread [INFO]  Received executor task 7240
2023-07-07 16:04:11.763 worker_log:602 7376 MainThread [INFO]  Completed executor task 7240
2023-07-07 16:04:11.763 worker_log:613 7376 MainThread [INFO]  All processing finished for executor task 7240
2023-07-07 16:04:11.774 worker_log:584 7376 MainThread [INFO]  Received executor task 7263
2023-07-07 16:04:52.061 worker_log:602 7376 MainThread [INFO]  Completed executor task 7263
2023-07-07 16:04:52.061 worker_log:613 7376 MainThread [INFO]  All processing finished for executor task 7263
2023-07-07 16:04:52.072 worker_log:584 7376 MainThread [INFO]  Received executor task 7276
2023-07-07 16:05:49.745 worker_log:602 7376 MainThread [INFO]  Completed executor task 7276
2023-07-07 16:05:49.746 worker_log:613 7376 MainThread [INFO]  All processing finished for executor task 7276
2023-07-07 16:05:49.757 worker_log:584 7376 MainThread [INFO]  Received executor task 7298
2023-07-07 16:06:25.826 worker_log:602 7376 MainThread [INFO]  Completed executor task 7298
2023-07-07 16:06:25.827 worker_log:613 7376 MainThread [INFO]  All processing finished for executor task 7298
2023-07-07 16:06:25.839 worker_log:584 7376 MainThread [INFO]  Received executor task 7310
2023-07-07 16:06:49.769 worker_log:602 7376 MainThread [INFO]  Completed executor task 7310
2023-07-07 16:06:49.769 worker_log:613 7376 MainThread [INFO]  All processing finished for executor task 7310
2023-07-07 16:06:49.781 worker_log:584 7376 MainThread [INFO]  Received executor task 7320
2023-07-07 16:07:11.488 worker_log:602 7376 MainThread [INFO]  Completed executor task 7320
2023-07-07 16:07:11.488 worker_log:613 7376 MainThread [INFO]  All processing finished for executor task 7320
2023-07-07 16:07:11.499 worker_log:584 7376 MainThread [INFO]  Received executor task 7331
2023-07-07 16:07:39.888 worker_log:602 7376 MainThread [INFO]  Completed executor task 7331
2023-07-07 16:07:39.889 worker_log:613 7376 MainThread [INFO]  All processing finished for executor task 7331
2023-07-07 16:07:39.900 worker_log:584 7376 MainThread [INFO]  Received executor task 7343
2023-07-07 16:08:00.579 worker_log:602 7376 MainThread [INFO]  Completed executor task 7343
2023-07-07 16:08:00.580 worker_log:613 7376 MainThread [INFO]  All processing finished for executor task 7343
2023-07-07 16:08:00.591 worker_log:584 7376 MainThread [INFO]  Received executor task 7351
2023-07-07 16:09:07.511 worker_log:602 7376 MainThread [INFO]  Completed executor task 7351
2023-07-07 16:09:07.512 worker_log:613 7376 MainThread [INFO]  All processing finished for executor task 7351
2023-07-07 16:09:07.523 worker_log:584 7376 MainThread [INFO]  Received executor task 7379
2023-07-07 16:09:28.615 worker_log:602 7376 MainThread [INFO]  Completed executor task 7379
2023-07-07 16:09:28.615 worker_log:613 7376 MainThread [INFO]  All processing finished for executor task 7379
2023-07-07 16:09:28.626 worker_log:584 7376 MainThread [INFO]  Received executor task 7391
2023-07-07 16:10:21.117 worker_log:602 7376 MainThread [INFO]  Completed executor task 7391
2023-07-07 16:10:21.118 worker_log:613 7376 MainThread [INFO]  All processing finished for executor task 7391
2023-07-07 16:10:21.131 worker_log:584 7376 MainThread [INFO]  Received executor task 7409
2023-07-07 16:10:40.168 worker_log:602 7376 MainThread [INFO]  Completed executor task 7409
2023-07-07 16:10:40.168 worker_log:613 7376 MainThread [INFO]  All processing finished for executor task 7409
2023-07-07 16:10:40.180 worker_log:584 7376 MainThread [INFO]  Received executor task 7417
2023-07-07 16:11:15.789 worker_log:602 7376 MainThread [INFO]  Completed executor task 7417
2023-07-07 16:11:15.789 worker_log:613 7376 MainThread [INFO]  All processing finished for executor task 7417
2023-07-07 16:11:15.801 worker_log:584 7376 MainThread [INFO]  Received executor task 7431
2023-07-07 16:12:44.027 worker_log:602 7376 MainThread [INFO]  Completed executor task 7431
2023-07-07 16:12:44.028 worker_log:613 7376 MainThread [INFO]  All processing finished for executor task 7431
2023-07-07 16:12:44.039 worker_log:584 7376 MainThread [INFO]  Received executor task 7468
2023-07-07 16:13:07.672 worker_log:602 7376 MainThread [INFO]  Completed executor task 7468
2023-07-07 16:13:07.672 worker_log:613 7376 MainThread [INFO]  All processing finished for executor task 7468
2023-07-07 16:13:07.683 worker_log:584 7376 MainThread [INFO]  Received executor task 7481
2023-07-07 16:13:26.572 worker_log:602 7376 MainThread [INFO]  Completed executor task 7481
2023-07-07 16:13:26.573 worker_log:613 7376 MainThread [INFO]  All processing finished for executor task 7481
2023-07-07 16:13:26.585 worker_log:584 7376 MainThread [INFO]  Received executor task 7494
2023-07-07 16:13:51.671 worker_log:602 7376 MainThread [INFO]  Completed executor task 7494
2023-07-07 16:13:51.672 worker_log:613 7376 MainThread [INFO]  All processing finished for executor task 7494
2023-07-07 16:13:51.683 worker_log:584 7376 MainThread [INFO]  Received executor task 7508
2023-07-07 16:14:26.525 worker_log:602 7376 MainThread [INFO]  Completed executor task 7508
2023-07-07 16:14:26.525 worker_log:613 7376 MainThread [INFO]  All processing finished for executor task 7508
2023-07-07 16:14:26.536 worker_log:584 7376 MainThread [INFO]  Received executor task 7521
2023-07-07 16:14:37.024 worker_log:602 7376 MainThread [INFO]  Completed executor task 7521
2023-07-07 16:14:37.024 worker_log:613 7376 MainThread [INFO]  All processing finished for executor task 7521
2023-07-07 16:14:37.035 worker_log:584 7376 MainThread [INFO]  Received executor task 7529
2023-07-07 16:14:55.525 worker_log:602 7376 MainThread [INFO]  Completed executor task 7529
2023-07-07 16:14:55.526 worker_log:613 7376 MainThread [INFO]  All processing finished for executor task 7529
2023-07-07 16:14:55.537 worker_log:584 7376 MainThread [INFO]  Received executor task 7536
2023-07-07 16:15:11.718 worker_log:602 7376 MainThread [INFO]  Completed executor task 7536
2023-07-07 16:15:11.718 worker_log:613 7376 MainThread [INFO]  All processing finished for executor task 7536
2023-07-07 16:15:11.729 worker_log:584 7376 MainThread [INFO]  Received executor task 7546
2023-07-07 16:16:01.435 worker_log:602 7376 MainThread [INFO]  Completed executor task 7546
2023-07-07 16:16:01.436 worker_log:613 7376 MainThread [INFO]  All processing finished for executor task 7546
2023-07-07 16:16:01.447 worker_log:584 7376 MainThread [INFO]  Received executor task 7571
2023-07-07 16:16:14.244 worker_log:602 7376 MainThread [INFO]  Completed executor task 7571
2023-07-07 16:16:14.244 worker_log:613 7376 MainThread [INFO]  All processing finished for executor task 7571
2023-07-07 16:16:14.255 worker_log:584 7376 MainThread [INFO]  Received executor task 7582
2023-07-07 16:16:43.919 worker_log:602 7376 MainThread [INFO]  Completed executor task 7582
2023-07-07 16:16:43.919 worker_log:613 7376 MainThread [INFO]  All processing finished for executor task 7582
2023-07-07 16:16:43.931 worker_log:584 7376 MainThread [INFO]  Received executor task 7596
2023-07-07 16:17:20.367 worker_log:602 7376 MainThread [INFO]  Completed executor task 7596
2023-07-07 16:17:20.368 worker_log:613 7376 MainThread [INFO]  All processing finished for executor task 7596
2023-07-07 16:17:20.379 worker_log:584 7376 MainThread [INFO]  Received executor task 7615
2023-07-07 16:17:31.206 worker_log:602 7376 MainThread [INFO]  Completed executor task 7615
2023-07-07 16:17:31.217 worker_log:613 7376 MainThread [INFO]  All processing finished for executor task 7615
2023-07-07 16:17:31.218 worker_log:584 7376 MainThread [INFO]  Received executor task 7619
2023-07-07 16:18:14.812 worker_log:602 7376 MainThread [INFO]  Completed executor task 7619
2023-07-07 16:18:14.813 worker_log:613 7376 MainThread [INFO]  All processing finished for executor task 7619
2023-07-07 16:18:14.824 worker_log:584 7376 MainThread [INFO]  Received executor task 7637
2023-07-07 16:18:31.195 worker_log:602 7376 MainThread [INFO]  Completed executor task 7637
2023-07-07 16:18:31.195 worker_log:613 7376 MainThread [INFO]  All processing finished for executor task 7637
2023-07-07 16:18:31.206 worker_log:584 7376 MainThread [INFO]  Received executor task 7639
2023-07-07 16:19:28.340 worker_log:602 7376 MainThread [INFO]  Completed executor task 7639
2023-07-07 16:19:28.341 worker_log:613 7376 MainThread [INFO]  All processing finished for executor task 7639
2023-07-07 16:19:28.352 worker_log:584 7376 MainThread [INFO]  Received executor task 7669
2023-07-07 16:19:49.678 worker_log:602 7376 MainThread [INFO]  Completed executor task 7669
2023-07-07 16:19:49.679 worker_log:613 7376 MainThread [INFO]  All processing finished for executor task 7669
2023-07-07 16:19:49.690 worker_log:584 7376 MainThread [INFO]  Received executor task 7684
2023-07-07 16:20:32.619 worker_log:602 7376 MainThread [INFO]  Completed executor task 7684
2023-07-07 16:20:32.620 worker_log:613 7376 MainThread [INFO]  All processing finished for executor task 7684
2023-07-07 16:20:32.631 worker_log:584 7376 MainThread [INFO]  Received executor task 7697
2023-07-07 16:21:19.039 worker_log:602 7376 MainThread [INFO]  Completed executor task 7697
2023-07-07 16:21:19.039 worker_log:613 7376 MainThread [INFO]  All processing finished for executor task 7697
2023-07-07 16:21:19.050 worker_log:584 7376 MainThread [INFO]  Received executor task 7725
2023-07-07 16:21:34.454 worker_log:602 7376 MainThread [INFO]  Completed executor task 7725
2023-07-07 16:21:34.454 worker_log:613 7376 MainThread [INFO]  All processing finished for executor task 7725
2023-07-07 16:21:34.465 worker_log:584 7376 MainThread [INFO]  Received executor task 7735
2023-07-07 16:22:05.367 worker_log:602 7376 MainThread [INFO]  Completed executor task 7735
2023-07-07 16:22:05.367 worker_log:613 7376 MainThread [INFO]  All processing finished for executor task 7735
2023-07-07 16:22:05.380 worker_log:584 7376 MainThread [INFO]  Received executor task 7747
2023-07-07 16:22:51.064 worker_log:602 7376 MainThread [INFO]  Completed executor task 7747
2023-07-07 16:22:51.065 worker_log:613 7376 MainThread [INFO]  All processing finished for executor task 7747
2023-07-07 16:22:51.076 worker_log:584 7376 MainThread [INFO]  Received executor task 7772
2023-07-07 16:23:19.382 worker_log:602 7376 MainThread [INFO]  Completed executor task 7772
2023-07-07 16:23:19.382 worker_log:613 7376 MainThread [INFO]  All processing finished for executor task 7772
2023-07-07 16:23:19.393 worker_log:584 7376 MainThread [INFO]  Received executor task 7790
2023-07-07 16:23:37.904 worker_log:602 7376 MainThread [INFO]  Completed executor task 7790
2023-07-07 16:23:37.904 worker_log:613 7376 MainThread [INFO]  All processing finished for executor task 7790
2023-07-07 16:23:37.916 worker_log:584 7376 MainThread [INFO]  Received executor task 7803
2023-07-07 16:23:57.580 worker_log:602 7376 MainThread [INFO]  Completed executor task 7803
2023-07-07 16:23:57.581 worker_log:613 7376 MainThread [INFO]  All processing finished for executor task 7803
2023-07-07 16:23:57.592 worker_log:584 7376 MainThread [INFO]  Received executor task 7816
2023-07-07 16:24:21.090 worker_log:602 7376 MainThread [INFO]  Completed executor task 7816
2023-07-07 16:24:21.091 worker_log:613 7376 MainThread [INFO]  All processing finished for executor task 7816
2023-07-07 16:24:21.104 worker_log:584 7376 MainThread [INFO]  Received executor task 7829
2023-07-07 16:24:45.727 worker_log:602 7376 MainThread [INFO]  Completed executor task 7829
2023-07-07 16:24:45.728 worker_log:613 7376 MainThread [INFO]  All processing finished for executor task 7829
2023-07-07 16:24:45.739 worker_log:584 7376 MainThread [INFO]  Received executor task 7843
2023-07-07 16:25:39.982 worker_log:602 7376 MainThread [INFO]  Completed executor task 7843
2023-07-07 16:25:39.983 worker_log:613 7376 MainThread [INFO]  All processing finished for executor task 7843
2023-07-07 16:25:40.004 worker_log:584 7376 MainThread [INFO]  Received executor task 7869
2023-07-07 16:25:55.475 worker_log:602 7376 MainThread [INFO]  Completed executor task 7869
2023-07-07 16:25:55.475 worker_log:613 7376 MainThread [INFO]  All processing finished for executor task 7869
2023-07-07 16:25:55.488 worker_log:584 7376 MainThread [INFO]  Received executor task 7877
2023-07-07 16:26:34.149 worker_log:602 7376 MainThread [INFO]  Completed executor task 7877
2023-07-07 16:26:34.150 worker_log:613 7376 MainThread [INFO]  All processing finished for executor task 7877
2023-07-07 16:26:34.161 worker_log:584 7376 MainThread [INFO]  Received executor task 7895
2023-07-07 16:27:01.698 worker_log:602 7376 MainThread [INFO]  Completed executor task 7895
2023-07-07 16:27:01.699 worker_log:613 7376 MainThread [INFO]  All processing finished for executor task 7895
2023-07-07 16:27:01.710 worker_log:584 7376 MainThread [INFO]  Received executor task 7904
2023-07-07 16:27:26.041 worker_log:602 7376 MainThread [INFO]  Completed executor task 7904
2023-07-07 16:27:26.042 worker_log:613 7376 MainThread [INFO]  All processing finished for executor task 7904
2023-07-07 16:27:26.053 worker_log:584 7376 MainThread [INFO]  Received executor task 7914
2023-07-07 16:27:52.461 worker_log:602 7376 MainThread [INFO]  Completed executor task 7914
2023-07-07 16:27:52.462 worker_log:613 7376 MainThread [INFO]  All processing finished for executor task 7914
2023-07-07 16:27:52.473 worker_log:584 7376 MainThread [INFO]  Received executor task 7925
2023-07-07 16:28:26.391 worker_log:602 7376 MainThread [INFO]  Completed executor task 7925
2023-07-07 16:28:26.391 worker_log:613 7376 MainThread [INFO]  All processing finished for executor task 7925
2023-07-07 16:28:26.403 worker_log:584 7376 MainThread [INFO]  Received executor task 7942
2023-07-07 16:28:57.511 worker_log:602 7376 MainThread [INFO]  Completed executor task 7942
2023-07-07 16:28:57.512 worker_log:613 7376 MainThread [INFO]  All processing finished for executor task 7942
2023-07-07 16:28:57.523 worker_log:584 7376 MainThread [INFO]  Received executor task 7958
2023-07-07 16:29:50.802 worker_log:602 7376 MainThread [INFO]  Completed executor task 7958
2023-07-07 16:29:50.814 worker_log:613 7376 MainThread [INFO]  All processing finished for executor task 7958
2023-07-07 16:29:50.814 worker_log:584 7376 MainThread [INFO]  Received executor task 7980
2023-07-07 16:30:07.017 worker_log:602 7376 MainThread [INFO]  Completed executor task 7980
2023-07-07 16:30:07.018 worker_log:613 7376 MainThread [INFO]  All processing finished for executor task 7980
2023-07-07 16:30:07.029 worker_log:584 7376 MainThread [INFO]  Received executor task 7987
2023-07-07 16:30:44.618 worker_log:602 7376 MainThread [INFO]  Completed executor task 7987
2023-07-07 16:30:44.618 worker_log:613 7376 MainThread [INFO]  All processing finished for executor task 7987
2023-07-07 16:30:44.630 worker_log:584 7376 MainThread [INFO]  Received executor task 8006
2023-07-07 16:31:07.198 worker_log:602 7376 MainThread [INFO]  Completed executor task 8006
2023-07-07 16:31:07.199 worker_log:613 7376 MainThread [INFO]  All processing finished for executor task 8006
2023-07-07 16:31:07.210 worker_log:584 7376 MainThread [INFO]  Received executor task 8018
2023-07-07 16:31:54.023 worker_log:602 7376 MainThread [INFO]  Completed executor task 8018
2023-07-07 16:31:54.023 worker_log:613 7376 MainThread [INFO]  All processing finished for executor task 8018
2023-07-07 16:31:54.034 worker_log:584 7376 MainThread [INFO]  Received executor task 8033
2023-07-07 16:33:41.179 worker_log:602 7376 MainThread [INFO]  Completed executor task 8033
2023-07-07 16:33:41.179 worker_log:613 7376 MainThread [INFO]  All processing finished for executor task 8033
2023-07-07 16:33:41.191 worker_log:584 7376 MainThread [INFO]  Received executor task 8082
2023-07-07 16:34:12.658 worker_log:602 7376 MainThread [INFO]  Completed executor task 8082
2023-07-07 16:34:12.658 worker_log:613 7376 MainThread [INFO]  All processing finished for executor task 8082
2023-07-07 16:34:12.669 worker_log:584 7376 MainThread [INFO]  Received executor task 8095
2023-07-07 16:34:43.321 worker_log:602 7376 MainThread [INFO]  Completed executor task 8095
2023-07-07 16:34:43.323 worker_log:613 7376 MainThread [INFO]  All processing finished for executor task 8095
2023-07-07 16:34:43.333 worker_log:584 7376 MainThread [INFO]  Received executor task 8110
2023-07-07 16:35:16.198 worker_log:602 7376 MainThread [INFO]  Completed executor task 8110
2023-07-07 16:35:16.198 worker_log:613 7376 MainThread [INFO]  All processing finished for executor task 8110
2023-07-07 16:35:16.209 worker_log:584 7376 MainThread [INFO]  Received executor task 8122
2023-07-07 16:36:01.963 worker_log:602 7376 MainThread [INFO]  Completed executor task 8122
2023-07-07 16:36:01.964 worker_log:613 7376 MainThread [INFO]  All processing finished for executor task 8122
2023-07-07 16:36:01.975 worker_log:584 7376 MainThread [INFO]  Received executor task 8141
2023-07-07 16:36:56.724 worker_log:602 7376 MainThread [INFO]  Completed executor task 8141
2023-07-07 16:36:56.724 worker_log:613 7376 MainThread [INFO]  All processing finished for executor task 8141
2023-07-07 16:36:56.735 worker_log:584 7376 MainThread [INFO]  Received executor task 8158
2023-07-07 16:37:55.386 worker_log:602 7376 MainThread [INFO]  Completed executor task 8158
2023-07-07 16:37:55.386 worker_log:613 7376 MainThread [INFO]  All processing finished for executor task 8158
2023-07-07 16:37:55.397 worker_log:584 7376 MainThread [INFO]  Received executor task 8175
2023-07-07 16:38:42.135 worker_log:602 7376 MainThread [INFO]  Completed executor task 8175
2023-07-07 16:38:42.135 worker_log:613 7376 MainThread [INFO]  All processing finished for executor task 8175
2023-07-07 16:38:42.147 worker_log:584 7376 MainThread [INFO]  Received executor task 8191
2023-07-07 16:40:13.974 worker_log:602 7376 MainThread [INFO]  Completed executor task 8191
2023-07-07 16:40:13.975 worker_log:613 7376 MainThread [INFO]  All processing finished for executor task 8191
2023-07-07 16:40:13.986 worker_log:584 7376 MainThread [INFO]  Received executor task 8219
2023-07-07 16:40:52.535 worker_log:602 7376 MainThread [INFO]  Completed executor task 8219
2023-07-07 16:40:52.535 worker_log:613 7376 MainThread [INFO]  All processing finished for executor task 8219
2023-07-07 16:40:52.546 worker_log:584 7376 MainThread [INFO]  Received executor task 8231
2023-07-07 16:42:46.668 worker_log:602 7376 MainThread [INFO]  Completed executor task 8231
2023-07-07 16:42:46.668 worker_log:613 7376 MainThread [INFO]  All processing finished for executor task 8231
2023-07-07 16:42:46.679 worker_log:584 7376 MainThread [INFO]  Received executor task 8269
2023-07-07 16:43:10.769 worker_log:602 7376 MainThread [INFO]  Completed executor task 8269
2023-07-07 16:43:10.770 worker_log:613 7376 MainThread [INFO]  All processing finished for executor task 8269
2023-07-07 16:43:10.781 worker_log:584 7376 MainThread [INFO]  Received executor task 8277
2023-07-07 16:44:16.059 worker_log:602 7376 MainThread [INFO]  Completed executor task 8277
2023-07-07 16:44:16.059 worker_log:613 7376 MainThread [INFO]  All processing finished for executor task 8277
2023-07-07 16:44:16.071 worker_log:584 7376 MainThread [INFO]  Received executor task 8290
2023-07-07 16:44:59.708 worker_log:602 7376 MainThread [INFO]  Completed executor task 8290
2023-07-07 16:44:59.710 worker_log:613 7376 MainThread [INFO]  All processing finished for executor task 8290
2023-07-07 16:44:59.719 worker_log:584 7376 MainThread [INFO]  Received executor task 8302
2023-07-07 16:46:16.699 worker_log:602 7376 MainThread [INFO]  Completed executor task 8302
2023-07-07 16:46:16.700 worker_log:613 7376 MainThread [INFO]  All processing finished for executor task 8302
2023-07-07 16:46:16.712 worker_log:584 7376 MainThread [INFO]  Received executor task 8323
2023-07-07 16:47:23.221 worker_log:602 7376 MainThread [INFO]  Completed executor task 8323
2023-07-07 16:47:23.222 worker_log:613 7376 MainThread [INFO]  All processing finished for executor task 8323
2023-07-07 16:47:23.233 worker_log:584 7376 MainThread [INFO]  Received executor task 8338
2023-07-07 16:49:27.145 worker_log:602 7376 MainThread [INFO]  Completed executor task 8338
2023-07-07 16:49:27.156 worker_log:613 7376 MainThread [INFO]  All processing finished for executor task 8338
2023-07-07 16:49:27.156 worker_log:584 7376 MainThread [INFO]  Received executor task 8368
2023-07-07 16:49:59.672 worker_log:602 7376 MainThread [INFO]  Completed executor task 8368
2023-07-07 16:49:59.673 worker_log:613 7376 MainThread [INFO]  All processing finished for executor task 8368
2023-07-07 16:49:59.684 worker_log:584 7376 MainThread [INFO]  Received executor task 8377
2023-07-07 16:51:05.937 worker_log:602 7376 MainThread [INFO]  Completed executor task 8377
2023-07-07 16:51:05.938 worker_log:613 7376 MainThread [INFO]  All processing finished for executor task 8377
2023-07-07 16:51:05.949 worker_log:584 7376 MainThread [INFO]  Received executor task 8397
2023-07-07 16:51:40.252 worker_log:602 7376 MainThread [INFO]  Completed executor task 8397
2023-07-07 16:51:40.253 worker_log:613 7376 MainThread [INFO]  All processing finished for executor task 8397
2023-07-07 16:51:40.264 worker_log:584 7376 MainThread [INFO]  Received executor task 8407
2023-07-07 16:52:34.954 worker_log:602 7376 MainThread [INFO]  Completed executor task 8407
2023-07-07 16:52:34.954 worker_log:613 7376 MainThread [INFO]  All processing finished for executor task 8407
2023-07-07 16:52:34.965 worker_log:584 7376 MainThread [INFO]  Received executor task 8423
2023-07-07 16:53:17.105 worker_log:602 7376 MainThread [INFO]  Completed executor task 8423
2023-07-07 16:53:17.106 worker_log:613 7376 MainThread [INFO]  All processing finished for executor task 8423
2023-07-07 16:53:17.117 worker_log:584 7376 MainThread [INFO]  Received executor task 8439
2023-07-07 16:53:33.950 worker_log:602 7376 MainThread [INFO]  Completed executor task 8439
2023-07-07 16:53:33.951 worker_log:613 7376 MainThread [INFO]  All processing finished for executor task 8439
2023-07-07 16:53:33.962 worker_log:584 7376 MainThread [INFO]  Received executor task 8446
2023-07-07 16:53:54.888 worker_log:602 7376 MainThread [INFO]  Completed executor task 8446
2023-07-07 16:53:54.888 worker_log:613 7376 MainThread [INFO]  All processing finished for executor task 8446
2023-07-07 16:53:54.900 worker_log:584 7376 MainThread [INFO]  Received executor task 8458
2023-07-07 16:54:18.701 worker_log:602 7376 MainThread [INFO]  Completed executor task 8458
2023-07-07 16:54:18.701 worker_log:613 7376 MainThread [INFO]  All processing finished for executor task 8458
2023-07-07 16:54:18.712 worker_log:584 7376 MainThread [INFO]  Received executor task 8476
2023-07-07 16:54:56.771 worker_log:602 7376 MainThread [INFO]  Completed executor task 8476
2023-07-07 16:54:56.774 worker_log:613 7376 MainThread [INFO]  All processing finished for executor task 8476
2023-07-07 16:54:56.783 worker_log:584 7376 MainThread [INFO]  Received executor task 8496
2023-07-07 16:55:35.318 worker_log:602 7376 MainThread [INFO]  Completed executor task 8496
2023-07-07 16:55:35.318 worker_log:613 7376 MainThread [INFO]  All processing finished for executor task 8496
2023-07-07 16:55:35.329 worker_log:584 7376 MainThread [INFO]  Received executor task 8512
2023-07-07 16:56:05.781 worker_log:602 7376 MainThread [INFO]  Completed executor task 8512
2023-07-07 16:56:05.795 worker_log:613 7376 MainThread [INFO]  All processing finished for executor task 8512
2023-07-07 16:56:05.795 worker_log:584 7376 MainThread [INFO]  Received executor task 8527
2023-07-07 16:56:24.542 worker_log:602 7376 MainThread [INFO]  Completed executor task 8527
2023-07-07 16:56:24.543 worker_log:613 7376 MainThread [INFO]  All processing finished for executor task 8527
2023-07-07 16:56:24.554 worker_log:584 7376 MainThread [INFO]  Received executor task 8533
2023-07-07 16:56:57.667 worker_log:602 7376 MainThread [INFO]  Completed executor task 8533
2023-07-07 16:56:57.667 worker_log:613 7376 MainThread [INFO]  All processing finished for executor task 8533
2023-07-07 16:56:57.679 worker_log:584 7376 MainThread [INFO]  Received executor task 8549
2023-07-07 16:58:16.049 worker_log:602 7376 MainThread [INFO]  Completed executor task 8549
2023-07-07 16:58:16.050 worker_log:613 7376 MainThread [INFO]  All processing finished for executor task 8549
2023-07-07 16:58:16.062 worker_log:584 7376 MainThread [INFO]  Received executor task 8586
2023-07-07 16:58:45.549 worker_log:602 7376 MainThread [INFO]  Completed executor task 8586
2023-07-07 16:58:45.549 worker_log:613 7376 MainThread [INFO]  All processing finished for executor task 8586
2023-07-07 16:58:45.560 worker_log:584 7376 MainThread [INFO]  Received executor task 8607
2023-07-07 16:59:30.727 worker_log:602 7376 MainThread [INFO]  Completed executor task 8607
2023-07-07 16:59:30.728 worker_log:613 7376 MainThread [INFO]  All processing finished for executor task 8607
2023-07-07 16:59:30.739 worker_log:584 7376 MainThread [INFO]  Received executor task 8630
2023-07-07 17:00:21.470 worker_log:602 7376 MainThread [INFO]  Completed executor task 8630
2023-07-07 17:00:21.470 worker_log:613 7376 MainThread [INFO]  All processing finished for executor task 8630
2023-07-07 17:00:21.483 worker_log:584 7376 MainThread [INFO]  Received executor task 8654
2023-07-07 17:00:42.264 worker_log:602 7376 MainThread [INFO]  Completed executor task 8654
2023-07-07 17:00:42.265 worker_log:613 7376 MainThread [INFO]  All processing finished for executor task 8654
2023-07-07 17:00:42.276 worker_log:584 7376 MainThread [INFO]  Received executor task 8664
2023-07-07 17:01:01.366 worker_log:602 7376 MainThread [INFO]  Completed executor task 8664
2023-07-07 17:01:01.367 worker_log:613 7376 MainThread [INFO]  All processing finished for executor task 8664
2023-07-07 17:01:01.378 worker_log:584 7376 MainThread [INFO]  Received executor task 8673
2023-07-07 17:01:20.149 worker_log:602 7376 MainThread [INFO]  Completed executor task 8673
2023-07-07 17:01:20.150 worker_log:613 7376 MainThread [INFO]  All processing finished for executor task 8673
2023-07-07 17:01:20.161 worker_log:584 7376 MainThread [INFO]  Received executor task 8679
2023-07-07 17:01:39.035 worker_log:602 7376 MainThread [INFO]  Completed executor task 8679
2023-07-07 17:01:39.035 worker_log:613 7376 MainThread [INFO]  All processing finished for executor task 8679
2023-07-07 17:01:39.047 worker_log:584 7376 MainThread [INFO]  Received executor task 8692
2023-07-07 17:02:20.992 worker_log:602 7376 MainThread [INFO]  Completed executor task 8692
2023-07-07 17:02:20.992 worker_log:613 7376 MainThread [INFO]  All processing finished for executor task 8692
2023-07-07 17:02:21.003 worker_log:584 7376 MainThread [INFO]  Received executor task 8715
2023-07-07 17:02:47.292 worker_log:602 7376 MainThread [INFO]  Completed executor task 8715
2023-07-07 17:02:47.293 worker_log:613 7376 MainThread [INFO]  All processing finished for executor task 8715
2023-07-07 17:02:47.304 worker_log:584 7376 MainThread [INFO]  Received executor task 8733
2023-07-07 17:03:12.566 worker_log:602 7376 MainThread [INFO]  Completed executor task 8733
2023-07-07 17:03:12.567 worker_log:613 7376 MainThread [INFO]  All processing finished for executor task 8733
2023-07-07 17:03:12.578 worker_log:584 7376 MainThread [INFO]  Received executor task 8748
2023-07-07 17:03:22.453 worker_log:602 7376 MainThread [INFO]  Completed executor task 8748
2023-07-07 17:03:22.453 worker_log:613 7376 MainThread [INFO]  All processing finished for executor task 8748
2023-07-07 17:03:22.464 worker_log:584 7376 MainThread [INFO]  Received executor task 8752
2023-07-07 17:03:34.045 worker_log:602 7376 MainThread [INFO]  Completed executor task 8752
2023-07-07 17:03:34.046 worker_log:613 7376 MainThread [INFO]  All processing finished for executor task 8752
2023-07-07 17:03:34.057 worker_log:584 7376 MainThread [INFO]  Received executor task 8763
2023-07-07 17:04:06.266 worker_log:602 7376 MainThread [INFO]  Completed executor task 8763
2023-07-07 17:04:06.266 worker_log:613 7376 MainThread [INFO]  All processing finished for executor task 8763
2023-07-07 17:04:06.278 worker_log:584 7376 MainThread [INFO]  Received executor task 8780
2023-07-07 17:04:25.949 worker_log:602 7376 MainThread [INFO]  Completed executor task 8780
2023-07-07 17:04:25.973 worker_log:613 7376 MainThread [INFO]  All processing finished for executor task 8780
2023-07-07 17:04:25.973 worker_log:584 7376 MainThread [INFO]  Received executor task 8788
2023-07-07 17:04:49.959 worker_log:602 7376 MainThread [INFO]  Completed executor task 8788
2023-07-07 17:04:49.959 worker_log:613 7376 MainThread [INFO]  All processing finished for executor task 8788
2023-07-07 17:04:49.970 worker_log:584 7376 MainThread [INFO]  Received executor task 8801
2023-07-07 17:05:00.233 worker_log:602 7376 MainThread [INFO]  Completed executor task 8801
2023-07-07 17:05:00.233 worker_log:613 7376 MainThread [INFO]  All processing finished for executor task 8801
2023-07-07 17:05:00.244 worker_log:584 7376 MainThread [INFO]  Received executor task 8809
2023-07-07 17:05:20.296 worker_log:602 7376 MainThread [INFO]  Completed executor task 8809
2023-07-07 17:05:20.296 worker_log:613 7376 MainThread [INFO]  All processing finished for executor task 8809
2023-07-07 17:05:20.313 worker_log:584 7376 MainThread [INFO]  Received executor task 8821
2023-07-07 17:05:57.296 worker_log:602 7376 MainThread [INFO]  Completed executor task 8821
2023-07-07 17:05:57.297 worker_log:613 7376 MainThread [INFO]  All processing finished for executor task 8821
2023-07-07 17:05:57.309 worker_log:584 7376 MainThread [INFO]  Received executor task 8838
2023-07-07 17:06:28.335 worker_log:602 7376 MainThread [INFO]  Completed executor task 8838
2023-07-07 17:06:28.335 worker_log:613 7376 MainThread [INFO]  All processing finished for executor task 8838
2023-07-07 17:06:28.346 worker_log:584 7376 MainThread [INFO]  Received executor task 8855
2023-07-07 17:06:51.752 worker_log:602 7376 MainThread [INFO]  Completed executor task 8855
2023-07-07 17:06:51.752 worker_log:613 7376 MainThread [INFO]  All processing finished for executor task 8855
2023-07-07 17:06:51.764 worker_log:584 7376 MainThread [INFO]  Received executor task 8870
2023-07-07 17:07:46.232 worker_log:602 7376 MainThread [INFO]  Completed executor task 8870
2023-07-07 17:07:46.232 worker_log:613 7376 MainThread [INFO]  All processing finished for executor task 8870
2023-07-07 17:07:46.244 worker_log:584 7376 MainThread [INFO]  Received executor task 8895
2023-07-07 17:08:18.223 worker_log:602 7376 MainThread [INFO]  Completed executor task 8895
2023-07-07 17:08:18.236 worker_log:613 7376 MainThread [INFO]  All processing finished for executor task 8895
2023-07-07 17:08:18.236 worker_log:584 7376 MainThread [INFO]  Received executor task 8917
2023-07-07 17:08:54.393 worker_log:602 7376 MainThread [INFO]  Completed executor task 8917
2023-07-07 17:08:54.393 worker_log:613 7376 MainThread [INFO]  All processing finished for executor task 8917
2023-07-07 17:08:54.404 worker_log:584 7376 MainThread [INFO]  Received executor task 8935
2023-07-07 17:09:19.014 worker_log:602 7376 MainThread [INFO]  Completed executor task 8935
2023-07-07 17:09:19.015 worker_log:613 7376 MainThread [INFO]  All processing finished for executor task 8935
2023-07-07 17:09:19.026 worker_log:584 7376 MainThread [INFO]  Received executor task 8951
2023-07-07 17:09:50.767 worker_log:602 7376 MainThread [INFO]  Completed executor task 8951
2023-07-07 17:09:50.767 worker_log:613 7376 MainThread [INFO]  All processing finished for executor task 8951
2023-07-07 17:09:50.779 worker_log:584 7376 MainThread [INFO]  Received executor task 8972
2023-07-07 17:10:25.506 worker_log:602 7376 MainThread [INFO]  Completed executor task 8972
2023-07-07 17:10:25.507 worker_log:613 7376 MainThread [INFO]  All processing finished for executor task 8972
2023-07-07 17:10:25.528 worker_log:584 7376 MainThread [INFO]  Received executor task 8989
2023-07-07 17:11:09.680 worker_log:602 7376 MainThread [INFO]  Completed executor task 8989
2023-07-07 17:11:09.680 worker_log:613 7376 MainThread [INFO]  All processing finished for executor task 8989
2023-07-07 17:11:09.691 worker_log:584 7376 MainThread [INFO]  Received executor task 9004
2023-07-07 17:11:30.536 worker_log:602 7376 MainThread [INFO]  Completed executor task 9004
2023-07-07 17:11:30.538 worker_log:613 7376 MainThread [INFO]  All processing finished for executor task 9004
2023-07-07 17:11:30.549 worker_log:584 7376 MainThread [INFO]  Received executor task 9008
2023-07-07 17:12:23.814 worker_log:602 7376 MainThread [INFO]  Completed executor task 9008
2023-07-07 17:12:23.814 worker_log:613 7376 MainThread [INFO]  All processing finished for executor task 9008
2023-07-07 17:12:23.827 worker_log:584 7376 MainThread [INFO]  Received executor task 9019
2023-07-07 17:13:04.550 worker_log:602 7376 MainThread [INFO]  Completed executor task 9019
2023-07-07 17:13:04.550 worker_log:613 7376 MainThread [INFO]  All processing finished for executor task 9019
2023-07-07 17:13:04.561 worker_log:584 7376 MainThread [INFO]  Received executor task 9036
2023-07-07 17:13:34.608 worker_log:602 7376 MainThread [INFO]  Completed executor task 9036
2023-07-07 17:13:34.609 worker_log:613 7376 MainThread [INFO]  All processing finished for executor task 9036
2023-07-07 17:13:34.620 worker_log:584 7376 MainThread [INFO]  Received executor task 9051
2023-07-07 17:14:02.340 worker_log:602 7376 MainThread [INFO]  Completed executor task 9051
2023-07-07 17:14:02.340 worker_log:613 7376 MainThread [INFO]  All processing finished for executor task 9051
2023-07-07 17:14:02.351 worker_log:584 7376 MainThread [INFO]  Received executor task 9058
2023-07-07 17:14:58.336 worker_log:602 7376 MainThread [INFO]  Completed executor task 9058
2023-07-07 17:14:58.337 worker_log:613 7376 MainThread [INFO]  All processing finished for executor task 9058
2023-07-07 17:14:58.348 worker_log:584 7376 MainThread [INFO]  Received executor task 9075
2023-07-07 17:15:23.907 worker_log:602 7376 MainThread [INFO]  Completed executor task 9075
2023-07-07 17:15:23.907 worker_log:613 7376 MainThread [INFO]  All processing finished for executor task 9075
2023-07-07 17:15:23.919 worker_log:584 7376 MainThread [INFO]  Received executor task 9089
2023-07-07 17:15:58.043 worker_log:602 7376 MainThread [INFO]  Completed executor task 9089
2023-07-07 17:15:58.044 worker_log:613 7376 MainThread [INFO]  All processing finished for executor task 9089
2023-07-07 17:15:58.055 worker_log:584 7376 MainThread [INFO]  Received executor task 9100
2023-07-07 17:17:16.809 worker_log:602 7376 MainThread [INFO]  Completed executor task 9100
2023-07-07 17:17:16.809 worker_log:613 7376 MainThread [INFO]  All processing finished for executor task 9100
2023-07-07 17:17:16.821 worker_log:584 7376 MainThread [INFO]  Received executor task 9138
2023-07-07 17:17:59.974 worker_log:602 7376 MainThread [INFO]  Completed executor task 9138
2023-07-07 17:17:59.975 worker_log:613 7376 MainThread [INFO]  All processing finished for executor task 9138
2023-07-07 17:17:59.986 worker_log:584 7376 MainThread [INFO]  Received executor task 9153
2023-07-07 17:18:29.131 worker_log:602 7376 MainThread [INFO]  Completed executor task 9153
2023-07-07 17:18:29.131 worker_log:613 7376 MainThread [INFO]  All processing finished for executor task 9153
2023-07-07 17:18:29.142 worker_log:584 7376 MainThread [INFO]  Received executor task 9165
2023-07-07 17:19:07.033 worker_log:602 7376 MainThread [INFO]  Completed executor task 9165
2023-07-07 17:19:07.033 worker_log:613 7376 MainThread [INFO]  All processing finished for executor task 9165
2023-07-07 17:19:07.044 worker_log:584 7376 MainThread [INFO]  Received executor task 9182
2023-07-07 17:19:33.018 worker_log:602 7376 MainThread [INFO]  Completed executor task 9182
2023-07-07 17:19:33.020 worker_log:613 7376 MainThread [INFO]  All processing finished for executor task 9182
2023-07-07 17:19:33.030 worker_log:584 7376 MainThread [INFO]  Received executor task 9198
