2023-07-07 11:59:59.646 worker_log:538 7369 MainThread [INFO]  Worker 1 started
2023-07-07 12:02:46.913 worker_log:584 7369 MainThread [INFO]  Received executor task 2
2023-07-07 12:03:24.398 worker_log:602 7369 MainThread [INFO]  Completed executor task 2
2023-07-07 12:03:24.412 worker_log:613 7369 MainThread [INFO]  All processing finished for executor task 2
2023-07-07 12:03:24.436 worker_log:584 7369 MainThread [INFO]  Received executor task 27
2023-07-07 12:03:41.476 worker_log:602 7369 MainThread [INFO]  Completed executor task 27
2023-07-07 12:03:41.476 worker_log:613 7369 MainThread [INFO]  All processing finished for executor task 27
2023-07-07 12:03:41.487 worker_log:584 7369 MainThread [INFO]  Received executor task 37
2023-07-07 12:04:07.137 worker_log:602 7369 MainThread [INFO]  Completed executor task 37
2023-07-07 12:04:07.137 worker_log:613 7369 MainThread [INFO]  All processing finished for executor task 37
2023-07-07 12:04:07.148 worker_log:584 7369 MainThread [INFO]  Received executor task 52
2023-07-07 12:05:03.629 worker_log:602 7369 MainThread [INFO]  Completed executor task 52
2023-07-07 12:05:03.629 worker_log:613 7369 MainThread [INFO]  All processing finished for executor task 52
2023-07-07 12:05:03.640 worker_log:584 7369 MainThread [INFO]  Received executor task 89
2023-07-07 12:05:22.952 worker_log:602 7369 MainThread [INFO]  Completed executor task 89
2023-07-07 12:05:22.953 worker_log:613 7369 MainThread [INFO]  All processing finished for executor task 89
2023-07-07 12:05:22.964 worker_log:584 7369 MainThread [INFO]  Received executor task 100
2023-07-07 12:05:55.145 worker_log:602 7369 MainThread [INFO]  Completed executor task 100
2023-07-07 12:05:55.145 worker_log:613 7369 MainThread [INFO]  All processing finished for executor task 100
2023-07-07 12:05:55.156 worker_log:584 7369 MainThread [INFO]  Received executor task 115
2023-07-07 12:06:14.593 worker_log:602 7369 MainThread [INFO]  Completed executor task 115
2023-07-07 12:06:14.593 worker_log:613 7369 MainThread [INFO]  All processing finished for executor task 115
2023-07-07 12:06:14.604 worker_log:584 7369 MainThread [INFO]  Received executor task 125
2023-07-07 12:06:33.971 worker_log:602 7369 MainThread [INFO]  Completed executor task 125
2023-07-07 12:06:33.972 worker_log:613 7369 MainThread [INFO]  All processing finished for executor task 125
2023-07-07 12:06:33.983 worker_log:584 7369 MainThread [INFO]  Received executor task 135
2023-07-07 12:06:49.996 worker_log:602 7369 MainThread [INFO]  Completed executor task 135
2023-07-07 12:06:49.996 worker_log:613 7369 MainThread [INFO]  All processing finished for executor task 135
2023-07-07 12:06:50.007 worker_log:584 7369 MainThread [INFO]  Received executor task 143
2023-07-07 12:07:11.967 worker_log:602 7369 MainThread [INFO]  Completed executor task 143
2023-07-07 12:07:11.967 worker_log:613 7369 MainThread [INFO]  All processing finished for executor task 143
2023-07-07 12:07:11.979 worker_log:584 7369 MainThread [INFO]  Received executor task 158
2023-07-07 12:07:53.147 worker_log:602 7369 MainThread [INFO]  Completed executor task 158
2023-07-07 12:07:53.147 worker_log:613 7369 MainThread [INFO]  All processing finished for executor task 158
2023-07-07 12:07:53.158 worker_log:584 7369 MainThread [INFO]  Received executor task 180
2023-07-07 12:08:14.048 worker_log:602 7369 MainThread [INFO]  Completed executor task 180
2023-07-07 12:08:14.049 worker_log:613 7369 MainThread [INFO]  All processing finished for executor task 180
2023-07-07 12:08:14.060 worker_log:584 7369 MainThread [INFO]  Received executor task 190
2023-07-07 12:08:28.141 worker_log:602 7369 MainThread [INFO]  Completed executor task 190
2023-07-07 12:08:28.141 worker_log:613 7369 MainThread [INFO]  All processing finished for executor task 190
2023-07-07 12:08:28.152 worker_log:584 7369 MainThread [INFO]  Received executor task 200
2023-07-07 12:08:49.955 worker_log:602 7369 MainThread [INFO]  Completed executor task 200
2023-07-07 12:08:49.956 worker_log:613 7369 MainThread [INFO]  All processing finished for executor task 200
2023-07-07 12:08:49.967 worker_log:584 7369 MainThread [INFO]  Received executor task 209
2023-07-07 12:09:17.650 worker_log:602 7369 MainThread [INFO]  Completed executor task 209
2023-07-07 12:09:17.650 worker_log:613 7369 MainThread [INFO]  All processing finished for executor task 209
2023-07-07 12:09:17.662 worker_log:584 7369 MainThread [INFO]  Received executor task 222
2023-07-07 12:09:54.526 worker_log:602 7369 MainThread [INFO]  Completed executor task 222
2023-07-07 12:09:54.527 worker_log:613 7369 MainThread [INFO]  All processing finished for executor task 222
2023-07-07 12:09:54.538 worker_log:584 7369 MainThread [INFO]  Received executor task 239
2023-07-07 12:10:45.468 worker_log:602 7369 MainThread [INFO]  Completed executor task 239
2023-07-07 12:10:45.469 worker_log:613 7369 MainThread [INFO]  All processing finished for executor task 239
2023-07-07 12:10:45.480 worker_log:584 7369 MainThread [INFO]  Received executor task 259
2023-07-07 12:11:14.749 worker_log:602 7369 MainThread [INFO]  Completed executor task 259
2023-07-07 12:11:14.749 worker_log:613 7369 MainThread [INFO]  All processing finished for executor task 259
2023-07-07 12:11:14.760 worker_log:584 7369 MainThread [INFO]  Received executor task 271
2023-07-07 12:11:41.629 worker_log:602 7369 MainThread [INFO]  Completed executor task 271
2023-07-07 12:11:41.629 worker_log:613 7369 MainThread [INFO]  All processing finished for executor task 271
2023-07-07 12:11:41.641 worker_log:584 7369 MainThread [INFO]  Received executor task 284
2023-07-07 12:12:20.840 worker_log:602 7369 MainThread [INFO]  Completed executor task 284
2023-07-07 12:12:20.841 worker_log:613 7369 MainThread [INFO]  All processing finished for executor task 284
2023-07-07 12:12:20.852 worker_log:584 7369 MainThread [INFO]  Received executor task 302
2023-07-07 12:13:09.777 worker_log:602 7369 MainThread [INFO]  Completed executor task 302
2023-07-07 12:13:09.778 worker_log:613 7369 MainThread [INFO]  All processing finished for executor task 302
2023-07-07 12:13:09.790 worker_log:584 7369 MainThread [INFO]  Received executor task 330
2023-07-07 12:13:36.036 worker_log:602 7369 MainThread [INFO]  Completed executor task 330
2023-07-07 12:13:36.036 worker_log:613 7369 MainThread [INFO]  All processing finished for executor task 330
2023-07-07 12:13:36.047 worker_log:584 7369 MainThread [INFO]  Received executor task 344
2023-07-07 12:14:13.612 worker_log:602 7369 MainThread [INFO]  Completed executor task 344
2023-07-07 12:14:13.612 worker_log:613 7369 MainThread [INFO]  All processing finished for executor task 344
2023-07-07 12:14:13.624 worker_log:584 7369 MainThread [INFO]  Received executor task 364
2023-07-07 12:14:35.018 worker_log:602 7369 MainThread [INFO]  Completed executor task 364
2023-07-07 12:14:35.018 worker_log:613 7369 MainThread [INFO]  All processing finished for executor task 364
2023-07-07 12:14:35.030 worker_log:584 7369 MainThread [INFO]  Received executor task 375
2023-07-07 12:15:06.834 worker_log:602 7369 MainThread [INFO]  Completed executor task 375
2023-07-07 12:15:06.835 worker_log:613 7369 MainThread [INFO]  All processing finished for executor task 375
2023-07-07 12:15:06.853 worker_log:584 7369 MainThread [INFO]  Received executor task 391
2023-07-07 12:15:28.400 worker_log:602 7369 MainThread [INFO]  Completed executor task 391
2023-07-07 12:15:28.400 worker_log:613 7369 MainThread [INFO]  All processing finished for executor task 391
2023-07-07 12:15:28.411 worker_log:584 7369 MainThread [INFO]  Received executor task 401
2023-07-07 12:16:02.878 worker_log:602 7369 MainThread [INFO]  Completed executor task 401
2023-07-07 12:16:02.879 worker_log:613 7369 MainThread [INFO]  All processing finished for executor task 401
2023-07-07 12:16:02.890 worker_log:584 7369 MainThread [INFO]  Received executor task 413
2023-07-07 12:16:29.765 worker_log:602 7369 MainThread [INFO]  Completed executor task 413
2023-07-07 12:16:29.766 worker_log:613 7369 MainThread [INFO]  All processing finished for executor task 413
2023-07-07 12:16:29.777 worker_log:584 7369 MainThread [INFO]  Received executor task 425
2023-07-07 12:16:44.567 worker_log:602 7369 MainThread [INFO]  Completed executor task 425
2023-07-07 12:16:44.568 worker_log:613 7369 MainThread [INFO]  All processing finished for executor task 425
2023-07-07 12:16:44.579 worker_log:584 7369 MainThread [INFO]  Received executor task 432
2023-07-07 12:17:22.451 worker_log:602 7369 MainThread [INFO]  Completed executor task 432
2023-07-07 12:17:22.452 worker_log:613 7369 MainThread [INFO]  All processing finished for executor task 432
2023-07-07 12:17:22.463 worker_log:584 7369 MainThread [INFO]  Received executor task 451
2023-07-07 12:17:39.886 worker_log:602 7369 MainThread [INFO]  Completed executor task 451
2023-07-07 12:17:39.886 worker_log:613 7369 MainThread [INFO]  All processing finished for executor task 451
2023-07-07 12:17:39.898 worker_log:584 7369 MainThread [INFO]  Received executor task 462
2023-07-07 12:18:33.808 worker_log:602 7369 MainThread [INFO]  Completed executor task 462
2023-07-07 12:18:33.808 worker_log:613 7369 MainThread [INFO]  All processing finished for executor task 462
2023-07-07 12:18:33.820 worker_log:584 7369 MainThread [INFO]  Received executor task 484
2023-07-07 12:19:03.293 worker_log:602 7369 MainThread [INFO]  Completed executor task 484
2023-07-07 12:19:03.293 worker_log:613 7369 MainThread [INFO]  All processing finished for executor task 484
2023-07-07 12:19:03.304 worker_log:584 7369 MainThread [INFO]  Received executor task 500
2023-07-07 12:19:54.473 worker_log:602 7369 MainThread [INFO]  Completed executor task 500
2023-07-07 12:19:54.473 worker_log:613 7369 MainThread [INFO]  All processing finished for executor task 500
2023-07-07 12:19:54.485 worker_log:584 7369 MainThread [INFO]  Received executor task 528
2023-07-07 12:20:19.285 worker_log:602 7369 MainThread [INFO]  Completed executor task 528
2023-07-07 12:20:19.286 worker_log:613 7369 MainThread [INFO]  All processing finished for executor task 528
2023-07-07 12:20:19.297 worker_log:584 7369 MainThread [INFO]  Received executor task 537
2023-07-07 12:21:12.423 worker_log:602 7369 MainThread [INFO]  Completed executor task 537
2023-07-07 12:21:12.423 worker_log:613 7369 MainThread [INFO]  All processing finished for executor task 537
2023-07-07 12:21:12.434 worker_log:584 7369 MainThread [INFO]  Received executor task 558
2023-07-07 12:21:41.470 worker_log:602 7369 MainThread [INFO]  Completed executor task 558
2023-07-07 12:21:41.470 worker_log:613 7369 MainThread [INFO]  All processing finished for executor task 558
2023-07-07 12:21:41.482 worker_log:584 7369 MainThread [INFO]  Received executor task 568
2023-07-07 12:22:21.896 worker_log:602 7369 MainThread [INFO]  Completed executor task 568
2023-07-07 12:22:21.896 worker_log:613 7369 MainThread [INFO]  All processing finished for executor task 568
2023-07-07 12:22:21.908 worker_log:584 7369 MainThread [INFO]  Received executor task 588
2023-07-07 12:22:35.131 worker_log:602 7369 MainThread [INFO]  Completed executor task 588
2023-07-07 12:22:35.132 worker_log:613 7369 MainThread [INFO]  All processing finished for executor task 588
2023-07-07 12:22:35.143 worker_log:584 7369 MainThread [INFO]  Received executor task 595
2023-07-07 12:23:28.814 worker_log:602 7369 MainThread [INFO]  Completed executor task 595
2023-07-07 12:23:28.815 worker_log:613 7369 MainThread [INFO]  All processing finished for executor task 595
2023-07-07 12:23:28.826 worker_log:584 7369 MainThread [INFO]  Received executor task 619
2023-07-07 12:24:26.995 worker_log:602 7369 MainThread [INFO]  Completed executor task 619
2023-07-07 12:24:26.995 worker_log:613 7369 MainThread [INFO]  All processing finished for executor task 619
2023-07-07 12:24:27.006 worker_log:584 7369 MainThread [INFO]  Received executor task 648
2023-07-07 12:24:58.635 worker_log:602 7369 MainThread [INFO]  Completed executor task 648
2023-07-07 12:24:58.636 worker_log:613 7369 MainThread [INFO]  All processing finished for executor task 648
2023-07-07 12:24:58.647 worker_log:584 7369 MainThread [INFO]  Received executor task 662
2023-07-07 12:25:07.278 worker_log:602 7369 MainThread [INFO]  Completed executor task 662
2023-07-07 12:25:07.279 worker_log:613 7369 MainThread [INFO]  All processing finished for executor task 662
2023-07-07 12:25:07.290 worker_log:584 7369 MainThread [INFO]  Received executor task 666
2023-07-07 12:26:18.626 worker_log:602 7369 MainThread [INFO]  Completed executor task 666
2023-07-07 12:26:18.627 worker_log:613 7369 MainThread [INFO]  All processing finished for executor task 666
2023-07-07 12:26:18.638 worker_log:584 7369 MainThread [INFO]  Received executor task 697
2023-07-07 12:26:50.570 worker_log:602 7369 MainThread [INFO]  Completed executor task 697
2023-07-07 12:26:50.571 worker_log:613 7369 MainThread [INFO]  All processing finished for executor task 697
2023-07-07 12:26:50.581 worker_log:584 7369 MainThread [INFO]  Received executor task 713
2023-07-07 12:27:03.464 worker_log:602 7369 MainThread [INFO]  Completed executor task 713
2023-07-07 12:27:03.464 worker_log:613 7369 MainThread [INFO]  All processing finished for executor task 713
2023-07-07 12:27:03.475 worker_log:584 7369 MainThread [INFO]  Received executor task 721
2023-07-07 12:27:38.417 worker_log:602 7369 MainThread [INFO]  Completed executor task 721
2023-07-07 12:27:38.418 worker_log:613 7369 MainThread [INFO]  All processing finished for executor task 721
2023-07-07 12:27:38.430 worker_log:584 7369 MainThread [INFO]  Received executor task 741
2023-07-07 12:28:02.395 worker_log:602 7369 MainThread [INFO]  Completed executor task 741
2023-07-07 12:28:02.395 worker_log:613 7369 MainThread [INFO]  All processing finished for executor task 741
2023-07-07 12:28:02.407 worker_log:584 7369 MainThread [INFO]  Received executor task 751
2023-07-07 12:28:11.474 worker_log:602 7369 MainThread [INFO]  Completed executor task 751
2023-07-07 12:28:11.475 worker_log:613 7369 MainThread [INFO]  All processing finished for executor task 751
2023-07-07 12:28:11.485 worker_log:584 7369 MainThread [INFO]  Received executor task 754
2023-07-07 12:28:35.960 worker_log:602 7369 MainThread [INFO]  Completed executor task 754
2023-07-07 12:28:35.961 worker_log:613 7369 MainThread [INFO]  All processing finished for executor task 754
2023-07-07 12:28:35.973 worker_log:584 7369 MainThread [INFO]  Received executor task 766
2023-07-07 12:29:24.254 worker_log:602 7369 MainThread [INFO]  Completed executor task 766
2023-07-07 12:29:24.254 worker_log:613 7369 MainThread [INFO]  All processing finished for executor task 766
2023-07-07 12:29:24.265 worker_log:584 7369 MainThread [INFO]  Received executor task 786
2023-07-07 12:29:46.063 worker_log:602 7369 MainThread [INFO]  Completed executor task 786
2023-07-07 12:29:46.063 worker_log:613 7369 MainThread [INFO]  All processing finished for executor task 786
2023-07-07 12:29:46.064 worker_log:584 7369 MainThread [INFO]  Received executor task 795
2023-07-07 12:30:10.090 worker_log:602 7369 MainThread [INFO]  Completed executor task 795
2023-07-07 12:30:10.091 worker_log:613 7369 MainThread [INFO]  All processing finished for executor task 795
2023-07-07 12:30:10.102 worker_log:584 7369 MainThread [INFO]  Received executor task 807
2023-07-07 12:30:19.605 worker_log:602 7369 MainThread [INFO]  Completed executor task 807
2023-07-07 12:30:19.606 worker_log:613 7369 MainThread [INFO]  All processing finished for executor task 807
2023-07-07 12:30:19.617 worker_log:584 7369 MainThread [INFO]  Received executor task 816
2023-07-07 12:30:45.755 worker_log:602 7369 MainThread [INFO]  Completed executor task 816
2023-07-07 12:30:45.755 worker_log:613 7369 MainThread [INFO]  All processing finished for executor task 816
2023-07-07 12:30:45.766 worker_log:584 7369 MainThread [INFO]  Received executor task 832
2023-07-07 12:30:54.735 worker_log:602 7369 MainThread [INFO]  Completed executor task 832
2023-07-07 12:30:54.736 worker_log:613 7369 MainThread [INFO]  All processing finished for executor task 832
2023-07-07 12:30:54.747 worker_log:584 7369 MainThread [INFO]  Received executor task 839
2023-07-07 12:31:21.527 worker_log:602 7369 MainThread [INFO]  Completed executor task 839
2023-07-07 12:31:21.527 worker_log:613 7369 MainThread [INFO]  All processing finished for executor task 839
2023-07-07 12:31:21.538 worker_log:584 7369 MainThread [INFO]  Received executor task 853
2023-07-07 12:31:42.043 worker_log:602 7369 MainThread [INFO]  Completed executor task 853
2023-07-07 12:31:42.044 worker_log:613 7369 MainThread [INFO]  All processing finished for executor task 853
2023-07-07 12:31:42.055 worker_log:584 7369 MainThread [INFO]  Received executor task 867
2023-07-07 12:32:09.645 worker_log:602 7369 MainThread [INFO]  Completed executor task 867
2023-07-07 12:32:09.645 worker_log:613 7369 MainThread [INFO]  All processing finished for executor task 867
2023-07-07 12:32:09.656 worker_log:584 7369 MainThread [INFO]  Received executor task 879
2023-07-07 12:32:43.375 worker_log:602 7369 MainThread [INFO]  Completed executor task 879
2023-07-07 12:32:43.376 worker_log:613 7369 MainThread [INFO]  All processing finished for executor task 879
2023-07-07 12:32:43.387 worker_log:584 7369 MainThread [INFO]  Received executor task 897
2023-07-07 12:32:52.991 worker_log:602 7369 MainThread [INFO]  Completed executor task 897
2023-07-07 12:32:52.991 worker_log:613 7369 MainThread [INFO]  All processing finished for executor task 897
2023-07-07 12:32:53.002 worker_log:584 7369 MainThread [INFO]  Received executor task 905
2023-07-07 12:33:04.269 worker_log:602 7369 MainThread [INFO]  Completed executor task 905
2023-07-07 12:33:04.278 worker_log:613 7369 MainThread [INFO]  All processing finished for executor task 905
2023-07-07 12:33:04.282 worker_log:584 7369 MainThread [INFO]  Received executor task 915
2023-07-07 12:33:14.009 worker_log:602 7369 MainThread [INFO]  Completed executor task 915
2023-07-07 12:33:14.009 worker_log:613 7369 MainThread [INFO]  All processing finished for executor task 915
2023-07-07 12:33:14.020 worker_log:584 7369 MainThread [INFO]  Received executor task 926
2023-07-07 12:33:45.265 worker_log:602 7369 MainThread [INFO]  Completed executor task 926
2023-07-07 12:33:45.266 worker_log:613 7369 MainThread [INFO]  All processing finished for executor task 926
2023-07-07 12:33:45.277 worker_log:584 7369 MainThread [INFO]  Received executor task 944
2023-07-07 12:34:11.095 worker_log:602 7369 MainThread [INFO]  Completed executor task 944
2023-07-07 12:34:11.095 worker_log:613 7369 MainThread [INFO]  All processing finished for executor task 944
2023-07-07 12:34:11.106 worker_log:584 7369 MainThread [INFO]  Received executor task 959
2023-07-07 12:35:02.603 worker_log:602 7369 MainThread [INFO]  Completed executor task 959
2023-07-07 12:35:02.603 worker_log:613 7369 MainThread [INFO]  All processing finished for executor task 959
2023-07-07 12:35:02.614 worker_log:584 7369 MainThread [INFO]  Received executor task 988
2023-07-07 12:35:17.588 worker_log:602 7369 MainThread [INFO]  Completed executor task 988
2023-07-07 12:35:17.589 worker_log:613 7369 MainThread [INFO]  All processing finished for executor task 988
2023-07-07 12:35:17.600 worker_log:584 7369 MainThread [INFO]  Received executor task 996
2023-07-07 12:35:29.734 worker_log:602 7369 MainThread [INFO]  Completed executor task 996
2023-07-07 12:35:29.735 worker_log:613 7369 MainThread [INFO]  All processing finished for executor task 996
2023-07-07 12:35:29.747 worker_log:584 7369 MainThread [INFO]  Received executor task 1005
2023-07-07 12:35:51.501 worker_log:602 7369 MainThread [INFO]  Completed executor task 1005
2023-07-07 12:35:51.502 worker_log:613 7369 MainThread [INFO]  All processing finished for executor task 1005
2023-07-07 12:35:51.513 worker_log:584 7369 MainThread [INFO]  Received executor task 1019
2023-07-07 12:36:11.843 worker_log:602 7369 MainThread [INFO]  Completed executor task 1019
2023-07-07 12:36:11.843 worker_log:613 7369 MainThread [INFO]  All processing finished for executor task 1019
2023-07-07 12:36:11.854 worker_log:584 7369 MainThread [INFO]  Received executor task 1028
2023-07-07 12:36:44.712 worker_log:602 7369 MainThread [INFO]  Completed executor task 1028
2023-07-07 12:36:44.712 worker_log:613 7369 MainThread [INFO]  All processing finished for executor task 1028
2023-07-07 12:36:44.723 worker_log:584 7369 MainThread [INFO]  Received executor task 1044
2023-07-07 12:37:15.473 worker_log:602 7369 MainThread [INFO]  Completed executor task 1044
2023-07-07 12:37:15.473 worker_log:613 7369 MainThread [INFO]  All processing finished for executor task 1044
2023-07-07 12:37:15.484 worker_log:584 7369 MainThread [INFO]  Received executor task 1058
2023-07-07 12:37:32.035 worker_log:602 7369 MainThread [INFO]  Completed executor task 1058
2023-07-07 12:37:32.036 worker_log:613 7369 MainThread [INFO]  All processing finished for executor task 1058
2023-07-07 12:37:32.047 worker_log:584 7369 MainThread [INFO]  Received executor task 1068
2023-07-07 12:38:11.666 worker_log:602 7369 MainThread [INFO]  Completed executor task 1068
2023-07-07 12:38:11.667 worker_log:613 7369 MainThread [INFO]  All processing finished for executor task 1068
2023-07-07 12:38:11.678 worker_log:584 7369 MainThread [INFO]  Received executor task 1090
2023-07-07 12:38:46.348 worker_log:602 7369 MainThread [INFO]  Completed executor task 1090
2023-07-07 12:38:46.348 worker_log:613 7369 MainThread [INFO]  All processing finished for executor task 1090
2023-07-07 12:38:46.359 worker_log:584 7369 MainThread [INFO]  Received executor task 1102
2023-07-07 12:39:16.095 worker_log:602 7369 MainThread [INFO]  Completed executor task 1102
2023-07-07 12:39:16.096 worker_log:613 7369 MainThread [INFO]  All processing finished for executor task 1102
2023-07-07 12:39:16.108 worker_log:584 7369 MainThread [INFO]  Received executor task 1116
2023-07-07 12:40:17.091 worker_log:602 7369 MainThread [INFO]  Completed executor task 1116
2023-07-07 12:40:17.091 worker_log:613 7369 MainThread [INFO]  All processing finished for executor task 1116
2023-07-07 12:40:17.102 worker_log:584 7369 MainThread [INFO]  Received executor task 1138
2023-07-07 12:41:01.925 worker_log:602 7369 MainThread [INFO]  Completed executor task 1138
2023-07-07 12:41:01.925 worker_log:613 7369 MainThread [INFO]  All processing finished for executor task 1138
2023-07-07 12:41:01.936 worker_log:584 7369 MainThread [INFO]  Received executor task 1156
2023-07-07 12:41:39.552 worker_log:602 7369 MainThread [INFO]  Completed executor task 1156
2023-07-07 12:41:39.553 worker_log:613 7369 MainThread [INFO]  All processing finished for executor task 1156
2023-07-07 12:41:39.564 worker_log:584 7369 MainThread [INFO]  Received executor task 1170
2023-07-07 12:41:59.365 worker_log:602 7369 MainThread [INFO]  Completed executor task 1170
2023-07-07 12:41:59.365 worker_log:613 7369 MainThread [INFO]  All processing finished for executor task 1170
2023-07-07 12:41:59.377 worker_log:584 7369 MainThread [INFO]  Received executor task 1183
2023-07-07 12:42:38.628 worker_log:602 7369 MainThread [INFO]  Completed executor task 1183
2023-07-07 12:42:38.628 worker_log:613 7369 MainThread [INFO]  All processing finished for executor task 1183
2023-07-07 12:42:38.639 worker_log:584 7369 MainThread [INFO]  Received executor task 1201
2023-07-07 12:43:44.608 worker_log:602 7369 MainThread [INFO]  Completed executor task 1201
2023-07-07 12:43:44.617 worker_log:613 7369 MainThread [INFO]  All processing finished for executor task 1201
2023-07-07 12:43:44.620 worker_log:584 7369 MainThread [INFO]  Received executor task 1236
2023-07-07 12:44:26.599 worker_log:602 7369 MainThread [INFO]  Completed executor task 1236
2023-07-07 12:44:26.600 worker_log:613 7369 MainThread [INFO]  All processing finished for executor task 1236
2023-07-07 12:44:26.611 worker_log:584 7369 MainThread [INFO]  Received executor task 1255
2023-07-07 12:45:04.019 worker_log:602 7369 MainThread [INFO]  Completed executor task 1255
2023-07-07 12:45:04.031 worker_log:613 7369 MainThread [INFO]  All processing finished for executor task 1255
2023-07-07 12:45:04.031 worker_log:584 7369 MainThread [INFO]  Received executor task 1272
2023-07-07 12:45:13.666 worker_log:602 7369 MainThread [INFO]  Completed executor task 1272
2023-07-07 12:45:13.666 worker_log:613 7369 MainThread [INFO]  All processing finished for executor task 1272
2023-07-07 12:45:13.677 worker_log:584 7369 MainThread [INFO]  Received executor task 1278
2023-07-07 12:45:48.857 worker_log:602 7369 MainThread [INFO]  Completed executor task 1278
2023-07-07 12:45:48.858 worker_log:613 7369 MainThread [INFO]  All processing finished for executor task 1278
2023-07-07 12:45:48.869 worker_log:584 7369 MainThread [INFO]  Received executor task 1296
2023-07-07 12:46:17.356 worker_log:602 7369 MainThread [INFO]  Completed executor task 1296
2023-07-07 12:46:17.357 worker_log:613 7369 MainThread [INFO]  All processing finished for executor task 1296
2023-07-07 12:46:17.368 worker_log:584 7369 MainThread [INFO]  Received executor task 1311
2023-07-07 12:46:53.830 worker_log:602 7369 MainThread [INFO]  Completed executor task 1311
2023-07-07 12:46:53.830 worker_log:613 7369 MainThread [INFO]  All processing finished for executor task 1311
2023-07-07 12:46:53.841 worker_log:584 7369 MainThread [INFO]  Received executor task 1325
2023-07-07 12:47:26.205 worker_log:602 7369 MainThread [INFO]  Completed executor task 1325
2023-07-07 12:47:26.206 worker_log:613 7369 MainThread [INFO]  All processing finished for executor task 1325
2023-07-07 12:47:26.217 worker_log:584 7369 MainThread [INFO]  Received executor task 1337
2023-07-07 12:47:52.052 worker_log:602 7369 MainThread [INFO]  Completed executor task 1337
2023-07-07 12:47:52.052 worker_log:613 7369 MainThread [INFO]  All processing finished for executor task 1337
2023-07-07 12:47:52.063 worker_log:584 7369 MainThread [INFO]  Received executor task 1355
2023-07-07 12:48:47.633 worker_log:602 7369 MainThread [INFO]  Completed executor task 1355
2023-07-07 12:48:47.634 worker_log:613 7369 MainThread [INFO]  All processing finished for executor task 1355
2023-07-07 12:48:47.645 worker_log:584 7369 MainThread [INFO]  Received executor task 1377
2023-07-07 12:49:25.550 worker_log:602 7369 MainThread [INFO]  Completed executor task 1377
2023-07-07 12:49:25.551 worker_log:613 7369 MainThread [INFO]  All processing finished for executor task 1377
2023-07-07 12:49:25.562 worker_log:584 7369 MainThread [INFO]  Received executor task 1396
2023-07-07 12:49:51.177 worker_log:602 7369 MainThread [INFO]  Completed executor task 1396
2023-07-07 12:49:51.177 worker_log:613 7369 MainThread [INFO]  All processing finished for executor task 1396
2023-07-07 12:49:51.190 worker_log:584 7369 MainThread [INFO]  Received executor task 1409
2023-07-07 12:50:06.682 worker_log:602 7369 MainThread [INFO]  Completed executor task 1409
2023-07-07 12:50:06.682 worker_log:613 7369 MainThread [INFO]  All processing finished for executor task 1409
2023-07-07 12:50:06.693 worker_log:584 7369 MainThread [INFO]  Received executor task 1417
2023-07-07 12:50:37.989 worker_log:602 7369 MainThread [INFO]  Completed executor task 1417
2023-07-07 12:50:37.989 worker_log:613 7369 MainThread [INFO]  All processing finished for executor task 1417
2023-07-07 12:50:38.000 worker_log:584 7369 MainThread [INFO]  Received executor task 1436
2023-07-07 12:51:46.364 worker_log:602 7369 MainThread [INFO]  Completed executor task 1436
2023-07-07 12:51:46.365 worker_log:613 7369 MainThread [INFO]  All processing finished for executor task 1436
2023-07-07 12:51:46.376 worker_log:584 7369 MainThread [INFO]  Received executor task 1465
2023-07-07 12:52:04.987 worker_log:602 7369 MainThread [INFO]  Completed executor task 1465
2023-07-07 12:52:04.987 worker_log:613 7369 MainThread [INFO]  All processing finished for executor task 1465
2023-07-07 12:52:04.999 worker_log:584 7369 MainThread [INFO]  Received executor task 1475
2023-07-07 12:52:25.832 worker_log:602 7369 MainThread [INFO]  Completed executor task 1475
2023-07-07 12:52:25.833 worker_log:613 7369 MainThread [INFO]  All processing finished for executor task 1475
2023-07-07 12:52:25.844 worker_log:584 7369 MainThread [INFO]  Received executor task 1487
2023-07-07 12:52:41.125 worker_log:602 7369 MainThread [INFO]  Completed executor task 1487
2023-07-07 12:52:41.125 worker_log:613 7369 MainThread [INFO]  All processing finished for executor task 1487
2023-07-07 12:52:41.137 worker_log:584 7369 MainThread [INFO]  Received executor task 1494
2023-07-07 12:53:00.809 worker_log:602 7369 MainThread [INFO]  Completed executor task 1494
2023-07-07 12:53:00.810 worker_log:613 7369 MainThread [INFO]  All processing finished for executor task 1494
2023-07-07 12:53:00.821 worker_log:584 7369 MainThread [INFO]  Received executor task 1506
2023-07-07 12:53:24.092 worker_log:602 7369 MainThread [INFO]  Completed executor task 1506
2023-07-07 12:53:24.092 worker_log:613 7369 MainThread [INFO]  All processing finished for executor task 1506
2023-07-07 12:53:24.104 worker_log:584 7369 MainThread [INFO]  Received executor task 1519
2023-07-07 12:53:46.629 worker_log:602 7369 MainThread [INFO]  Completed executor task 1519
2023-07-07 12:53:46.630 worker_log:613 7369 MainThread [INFO]  All processing finished for executor task 1519
2023-07-07 12:53:46.642 worker_log:584 7369 MainThread [INFO]  Received executor task 1532
2023-07-07 12:54:17.965 worker_log:602 7369 MainThread [INFO]  Completed executor task 1532
2023-07-07 12:54:17.966 worker_log:613 7369 MainThread [INFO]  All processing finished for executor task 1532
2023-07-07 12:54:17.977 worker_log:584 7369 MainThread [INFO]  Received executor task 1547
2023-07-07 12:54:38.509 worker_log:602 7369 MainThread [INFO]  Completed executor task 1547
2023-07-07 12:54:38.509 worker_log:613 7369 MainThread [INFO]  All processing finished for executor task 1547
2023-07-07 12:54:38.521 worker_log:584 7369 MainThread [INFO]  Received executor task 1560
2023-07-07 12:55:58.804 worker_log:602 7369 MainThread [INFO]  Completed executor task 1560
2023-07-07 12:55:58.804 worker_log:613 7369 MainThread [INFO]  All processing finished for executor task 1560
2023-07-07 12:55:58.815 worker_log:584 7369 MainThread [INFO]  Received executor task 1604
2023-07-07 12:56:10.326 worker_log:602 7369 MainThread [INFO]  Completed executor task 1604
2023-07-07 12:56:10.327 worker_log:613 7369 MainThread [INFO]  All processing finished for executor task 1604
2023-07-07 12:56:10.338 worker_log:584 7369 MainThread [INFO]  Received executor task 1608
2023-07-07 12:56:30.043 worker_log:602 7369 MainThread [INFO]  Completed executor task 1608
2023-07-07 12:56:30.043 worker_log:613 7369 MainThread [INFO]  All processing finished for executor task 1608
2023-07-07 12:56:30.054 worker_log:584 7369 MainThread [INFO]  Received executor task 1623
2023-07-07 12:57:30.601 worker_log:602 7369 MainThread [INFO]  Completed executor task 1623
2023-07-07 12:57:30.601 worker_log:613 7369 MainThread [INFO]  All processing finished for executor task 1623
2023-07-07 12:57:30.612 worker_log:584 7369 MainThread [INFO]  Received executor task 1661
2023-07-07 12:58:08.898 worker_log:602 7369 MainThread [INFO]  Completed executor task 1661
2023-07-07 12:58:08.898 worker_log:613 7369 MainThread [INFO]  All processing finished for executor task 1661
2023-07-07 12:58:08.909 worker_log:584 7369 MainThread [INFO]  Received executor task 1676
2023-07-07 12:58:37.012 worker_log:602 7369 MainThread [INFO]  Completed executor task 1676
2023-07-07 12:58:37.012 worker_log:613 7369 MainThread [INFO]  All processing finished for executor task 1676
2023-07-07 12:58:37.023 worker_log:584 7369 MainThread [INFO]  Received executor task 1691
2023-07-07 12:59:12.889 worker_log:602 7369 MainThread [INFO]  Completed executor task 1691
2023-07-07 12:59:12.889 worker_log:613 7369 MainThread [INFO]  All processing finished for executor task 1691
2023-07-07 12:59:12.901 worker_log:584 7369 MainThread [INFO]  Received executor task 1708
2023-07-07 12:59:24.844 worker_log:602 7369 MainThread [INFO]  Completed executor task 1708
2023-07-07 12:59:24.844 worker_log:613 7369 MainThread [INFO]  All processing finished for executor task 1708
2023-07-07 12:59:24.856 worker_log:584 7369 MainThread [INFO]  Received executor task 1722
2023-07-07 12:59:35.858 worker_log:602 7369 MainThread [INFO]  Completed executor task 1722
2023-07-07 12:59:35.858 worker_log:613 7369 MainThread [INFO]  All processing finished for executor task 1722
2023-07-07 12:59:35.869 worker_log:584 7369 MainThread [INFO]  Received executor task 1734
2023-07-07 13:00:02.987 worker_log:602 7369 MainThread [INFO]  Completed executor task 1734
2023-07-07 13:00:02.988 worker_log:613 7369 MainThread [INFO]  All processing finished for executor task 1734
2023-07-07 13:00:02.999 worker_log:584 7369 MainThread [INFO]  Received executor task 1756
2023-07-07 13:00:24.076 worker_log:602 7369 MainThread [INFO]  Completed executor task 1756
2023-07-07 13:00:24.076 worker_log:613 7369 MainThread [INFO]  All processing finished for executor task 1756
2023-07-07 13:00:24.087 worker_log:584 7369 MainThread [INFO]  Received executor task 1770
2023-07-07 13:00:45.172 worker_log:602 7369 MainThread [INFO]  Completed executor task 1770
2023-07-07 13:00:45.173 worker_log:613 7369 MainThread [INFO]  All processing finished for executor task 1770
2023-07-07 13:00:45.194 worker_log:584 7369 MainThread [INFO]  Received executor task 1785
2023-07-07 13:00:56.323 worker_log:602 7369 MainThread [INFO]  Completed executor task 1785
2023-07-07 13:00:56.324 worker_log:613 7369 MainThread [INFO]  All processing finished for executor task 1785
2023-07-07 13:00:56.335 worker_log:584 7369 MainThread [INFO]  Received executor task 1787
2023-07-07 13:01:40.143 worker_log:602 7369 MainThread [INFO]  Completed executor task 1787
2023-07-07 13:01:40.143 worker_log:613 7369 MainThread [INFO]  All processing finished for executor task 1787
2023-07-07 13:01:40.155 worker_log:584 7369 MainThread [INFO]  Received executor task 1807
2023-07-07 13:02:17.686 worker_log:602 7369 MainThread [INFO]  Completed executor task 1807
2023-07-07 13:02:17.687 worker_log:613 7369 MainThread [INFO]  All processing finished for executor task 1807
2023-07-07 13:02:17.698 worker_log:584 7369 MainThread [INFO]  Received executor task 1818
2023-07-07 13:03:26.211 worker_log:602 7369 MainThread [INFO]  Completed executor task 1818
2023-07-07 13:03:26.212 worker_log:613 7369 MainThread [INFO]  All processing finished for executor task 1818
2023-07-07 13:03:26.225 worker_log:584 7369 MainThread [INFO]  Received executor task 1851
2023-07-07 13:03:55.824 worker_log:602 7369 MainThread [INFO]  Completed executor task 1851
2023-07-07 13:03:55.824 worker_log:613 7369 MainThread [INFO]  All processing finished for executor task 1851
2023-07-07 13:03:55.825 worker_log:584 7369 MainThread [INFO]  Received executor task 1864
2023-07-07 13:04:08.388 worker_log:602 7369 MainThread [INFO]  Completed executor task 1864
2023-07-07 13:04:08.389 worker_log:613 7369 MainThread [INFO]  All processing finished for executor task 1864
2023-07-07 13:04:08.400 worker_log:584 7369 MainThread [INFO]  Received executor task 1872
2023-07-07 13:04:27.782 worker_log:602 7369 MainThread [INFO]  Completed executor task 1872
2023-07-07 13:04:27.783 worker_log:613 7369 MainThread [INFO]  All processing finished for executor task 1872
2023-07-07 13:04:27.795 worker_log:584 7369 MainThread [INFO]  Received executor task 1878
2023-07-07 13:05:20.385 worker_log:602 7369 MainThread [INFO]  Completed executor task 1878
2023-07-07 13:05:20.385 worker_log:613 7369 MainThread [INFO]  All processing finished for executor task 1878
2023-07-07 13:05:20.396 worker_log:584 7369 MainThread [INFO]  Received executor task 1909
2023-07-07 13:05:37.150 worker_log:602 7369 MainThread [INFO]  Completed executor task 1909
2023-07-07 13:05:37.151 worker_log:613 7369 MainThread [INFO]  All processing finished for executor task 1909
2023-07-07 13:05:37.152 worker_log:584 7369 MainThread [INFO]  Received executor task 1920
2023-07-07 13:06:18.727 worker_log:602 7369 MainThread [INFO]  Completed executor task 1920
2023-07-07 13:06:18.728 worker_log:613 7369 MainThread [INFO]  All processing finished for executor task 1920
2023-07-07 13:06:18.740 worker_log:584 7369 MainThread [INFO]  Received executor task 1936
2023-07-07 13:07:05.142 worker_log:602 7369 MainThread [INFO]  Completed executor task 1936
2023-07-07 13:07:05.143 worker_log:613 7369 MainThread [INFO]  All processing finished for executor task 1936
2023-07-07 13:07:05.154 worker_log:584 7369 MainThread [INFO]  Received executor task 1962
2023-07-07 13:07:50.148 worker_log:602 7369 MainThread [INFO]  Completed executor task 1962
2023-07-07 13:07:50.148 worker_log:613 7369 MainThread [INFO]  All processing finished for executor task 1962
2023-07-07 13:07:50.159 worker_log:584 7369 MainThread [INFO]  Received executor task 1983
2023-07-07 13:08:18.018 worker_log:602 7369 MainThread [INFO]  Completed executor task 1983
2023-07-07 13:08:18.018 worker_log:613 7369 MainThread [INFO]  All processing finished for executor task 1983
2023-07-07 13:08:18.029 worker_log:584 7369 MainThread [INFO]  Received executor task 1993
2023-07-07 13:08:47.100 worker_log:602 7369 MainThread [INFO]  Completed executor task 1993
2023-07-07 13:08:47.101 worker_log:613 7369 MainThread [INFO]  All processing finished for executor task 1993
2023-07-07 13:08:47.111 worker_log:584 7369 MainThread [INFO]  Received executor task 2010
2023-07-07 13:09:33.626 worker_log:602 7369 MainThread [INFO]  Completed executor task 2010
2023-07-07 13:09:33.626 worker_log:613 7369 MainThread [INFO]  All processing finished for executor task 2010
2023-07-07 13:09:33.638 worker_log:584 7369 MainThread [INFO]  Received executor task 2034
2023-07-07 13:10:08.244 worker_log:602 7369 MainThread [INFO]  Completed executor task 2034
2023-07-07 13:10:08.245 worker_log:613 7369 MainThread [INFO]  All processing finished for executor task 2034
2023-07-07 13:10:08.256 worker_log:584 7369 MainThread [INFO]  Received executor task 2052
2023-07-07 13:10:52.577 worker_log:602 7369 MainThread [INFO]  Completed executor task 2052
2023-07-07 13:10:52.578 worker_log:613 7369 MainThread [INFO]  All processing finished for executor task 2052
2023-07-07 13:10:52.590 worker_log:584 7369 MainThread [INFO]  Received executor task 2067
2023-07-07 13:11:22.686 worker_log:602 7369 MainThread [INFO]  Completed executor task 2067
2023-07-07 13:11:22.687 worker_log:613 7369 MainThread [INFO]  All processing finished for executor task 2067
2023-07-07 13:11:22.707 worker_log:584 7369 MainThread [INFO]  Received executor task 2082
2023-07-07 13:12:01.366 worker_log:602 7369 MainThread [INFO]  Completed executor task 2082
2023-07-07 13:12:01.367 worker_log:613 7369 MainThread [INFO]  All processing finished for executor task 2082
2023-07-07 13:12:01.378 worker_log:584 7369 MainThread [INFO]  Received executor task 2102
2023-07-07 13:12:30.285 worker_log:602 7369 MainThread [INFO]  Completed executor task 2102
2023-07-07 13:12:30.285 worker_log:613 7369 MainThread [INFO]  All processing finished for executor task 2102
2023-07-07 13:12:30.296 worker_log:584 7369 MainThread [INFO]  Received executor task 2120
2023-07-07 13:13:03.435 worker_log:602 7369 MainThread [INFO]  Completed executor task 2120
2023-07-07 13:13:03.435 worker_log:613 7369 MainThread [INFO]  All processing finished for executor task 2120
2023-07-07 13:13:03.446 worker_log:584 7369 MainThread [INFO]  Received executor task 2135
2023-07-07 13:13:40.168 worker_log:602 7369 MainThread [INFO]  Completed executor task 2135
2023-07-07 13:13:40.168 worker_log:613 7369 MainThread [INFO]  All processing finished for executor task 2135
2023-07-07 13:13:40.181 worker_log:584 7369 MainThread [INFO]  Received executor task 2153
2023-07-07 13:14:28.497 worker_log:602 7369 MainThread [INFO]  Completed executor task 2153
2023-07-07 13:14:28.497 worker_log:613 7369 MainThread [INFO]  All processing finished for executor task 2153
2023-07-07 13:14:28.509 worker_log:584 7369 MainThread [INFO]  Received executor task 2181
2023-07-07 13:14:51.796 worker_log:602 7369 MainThread [INFO]  Completed executor task 2181
2023-07-07 13:14:51.796 worker_log:613 7369 MainThread [INFO]  All processing finished for executor task 2181
2023-07-07 13:14:51.808 worker_log:584 7369 MainThread [INFO]  Received executor task 2199
2023-07-07 13:15:29.236 worker_log:602 7369 MainThread [INFO]  Completed executor task 2199
2023-07-07 13:15:29.236 worker_log:613 7369 MainThread [INFO]  All processing finished for executor task 2199
2023-07-07 13:15:29.247 worker_log:584 7369 MainThread [INFO]  Received executor task 2215
2023-07-07 13:16:15.798 worker_log:602 7369 MainThread [INFO]  Completed executor task 2215
2023-07-07 13:16:15.799 worker_log:613 7369 MainThread [INFO]  All processing finished for executor task 2215
2023-07-07 13:16:15.810 worker_log:584 7369 MainThread [INFO]  Received executor task 2233
2023-07-07 13:16:40.541 worker_log:602 7369 MainThread [INFO]  Completed executor task 2233
2023-07-07 13:16:40.542 worker_log:613 7369 MainThread [INFO]  All processing finished for executor task 2233
2023-07-07 13:16:40.555 worker_log:584 7369 MainThread [INFO]  Received executor task 2246
2023-07-07 13:17:06.755 worker_log:602 7369 MainThread [INFO]  Completed executor task 2246
2023-07-07 13:17:06.755 worker_log:613 7369 MainThread [INFO]  All processing finished for executor task 2246
2023-07-07 13:17:06.766 worker_log:584 7369 MainThread [INFO]  Received executor task 2258
2023-07-07 13:17:40.500 worker_log:602 7369 MainThread [INFO]  Completed executor task 2258
2023-07-07 13:17:40.500 worker_log:613 7369 MainThread [INFO]  All processing finished for executor task 2258
2023-07-07 13:17:40.511 worker_log:584 7369 MainThread [INFO]  Received executor task 2274
2023-07-07 13:18:24.700 worker_log:602 7369 MainThread [INFO]  Completed executor task 2274
2023-07-07 13:18:24.700 worker_log:613 7369 MainThread [INFO]  All processing finished for executor task 2274
2023-07-07 13:18:24.711 worker_log:584 7369 MainThread [INFO]  Received executor task 2293
2023-07-07 13:19:09.592 worker_log:602 7369 MainThread [INFO]  Completed executor task 2293
2023-07-07 13:19:09.593 worker_log:613 7369 MainThread [INFO]  All processing finished for executor task 2293
2023-07-07 13:19:09.604 worker_log:584 7369 MainThread [INFO]  Received executor task 2312
2023-07-07 13:19:34.482 worker_log:602 7369 MainThread [INFO]  Completed executor task 2312
2023-07-07 13:19:34.492 worker_log:613 7369 MainThread [INFO]  All processing finished for executor task 2312
2023-07-07 13:19:34.494 worker_log:584 7369 MainThread [INFO]  Received executor task 2323
2023-07-07 13:20:02.164 worker_log:602 7369 MainThread [INFO]  Completed executor task 2323
2023-07-07 13:20:02.165 worker_log:613 7369 MainThread [INFO]  All processing finished for executor task 2323
2023-07-07 13:20:02.176 worker_log:584 7369 MainThread [INFO]  Received executor task 2337
2023-07-07 13:20:19.301 worker_log:602 7369 MainThread [INFO]  Completed executor task 2337
2023-07-07 13:20:19.301 worker_log:613 7369 MainThread [INFO]  All processing finished for executor task 2337
2023-07-07 13:20:19.312 worker_log:584 7369 MainThread [INFO]  Received executor task 2349
2023-07-07 13:20:41.524 worker_log:602 7369 MainThread [INFO]  Completed executor task 2349
2023-07-07 13:20:41.525 worker_log:613 7369 MainThread [INFO]  All processing finished for executor task 2349
2023-07-07 13:20:41.536 worker_log:584 7369 MainThread [INFO]  Received executor task 2359
2023-07-07 13:20:54.746 worker_log:602 7369 MainThread [INFO]  Completed executor task 2359
2023-07-07 13:20:54.746 worker_log:613 7369 MainThread [INFO]  All processing finished for executor task 2359
2023-07-07 13:20:54.757 worker_log:584 7369 MainThread [INFO]  Received executor task 2363
2023-07-07 13:21:31.227 worker_log:602 7369 MainThread [INFO]  Completed executor task 2363
2023-07-07 13:21:31.228 worker_log:613 7369 MainThread [INFO]  All processing finished for executor task 2363
2023-07-07 13:21:31.239 worker_log:584 7369 MainThread [INFO]  Received executor task 2380
2023-07-07 13:22:02.036 worker_log:602 7369 MainThread [INFO]  Completed executor task 2380
2023-07-07 13:22:02.036 worker_log:613 7369 MainThread [INFO]  All processing finished for executor task 2380
2023-07-07 13:22:02.047 worker_log:584 7369 MainThread [INFO]  Received executor task 2398
2023-07-07 13:22:23.009 worker_log:602 7369 MainThread [INFO]  Completed executor task 2398
2023-07-07 13:22:23.010 worker_log:613 7369 MainThread [INFO]  All processing finished for executor task 2398
2023-07-07 13:22:23.011 worker_log:584 7369 MainThread [INFO]  Received executor task 2410
2023-07-07 13:22:38.995 worker_log:602 7369 MainThread [INFO]  Completed executor task 2410
2023-07-07 13:22:38.995 worker_log:613 7369 MainThread [INFO]  All processing finished for executor task 2410
2023-07-07 13:22:39.006 worker_log:584 7369 MainThread [INFO]  Received executor task 2420
2023-07-07 13:22:48.921 worker_log:602 7369 MainThread [INFO]  Completed executor task 2420
2023-07-07 13:22:48.922 worker_log:613 7369 MainThread [INFO]  All processing finished for executor task 2420
2023-07-07 13:22:48.933 worker_log:584 7369 MainThread [INFO]  Received executor task 2428
2023-07-07 13:23:14.314 worker_log:602 7369 MainThread [INFO]  Completed executor task 2428
2023-07-07 13:23:14.314 worker_log:613 7369 MainThread [INFO]  All processing finished for executor task 2428
2023-07-07 13:23:14.325 worker_log:584 7369 MainThread [INFO]  Received executor task 2450
2023-07-07 13:23:52.360 worker_log:602 7369 MainThread [INFO]  Completed executor task 2450
2023-07-07 13:23:52.361 worker_log:613 7369 MainThread [INFO]  All processing finished for executor task 2450
2023-07-07 13:23:52.372 worker_log:584 7369 MainThread [INFO]  Received executor task 2471
2023-07-07 13:24:11.468 worker_log:602 7369 MainThread [INFO]  Completed executor task 2471
2023-07-07 13:24:11.469 worker_log:613 7369 MainThread [INFO]  All processing finished for executor task 2471
2023-07-07 13:24:11.480 worker_log:584 7369 MainThread [INFO]  Received executor task 2478
2023-07-07 13:24:38.364 worker_log:602 7369 MainThread [INFO]  Completed executor task 2478
2023-07-07 13:24:38.365 worker_log:613 7369 MainThread [INFO]  All processing finished for executor task 2478
2023-07-07 13:24:38.376 worker_log:584 7369 MainThread [INFO]  Received executor task 2490
2023-07-07 13:25:31.482 worker_log:602 7369 MainThread [INFO]  Completed executor task 2490
2023-07-07 13:25:31.483 worker_log:613 7369 MainThread [INFO]  All processing finished for executor task 2490
2023-07-07 13:25:31.494 worker_log:584 7369 MainThread [INFO]  Received executor task 2514
2023-07-07 13:26:01.964 worker_log:602 7369 MainThread [INFO]  Completed executor task 2514
2023-07-07 13:26:01.965 worker_log:613 7369 MainThread [INFO]  All processing finished for executor task 2514
2023-07-07 13:26:01.985 worker_log:584 7369 MainThread [INFO]  Received executor task 2531
2023-07-07 13:26:21.189 worker_log:602 7369 MainThread [INFO]  Completed executor task 2531
2023-07-07 13:26:21.189 worker_log:613 7369 MainThread [INFO]  All processing finished for executor task 2531
2023-07-07 13:26:21.200 worker_log:584 7369 MainThread [INFO]  Received executor task 2539
2023-07-07 13:27:03.377 worker_log:602 7369 MainThread [INFO]  Completed executor task 2539
2023-07-07 13:27:03.377 worker_log:613 7369 MainThread [INFO]  All processing finished for executor task 2539
2023-07-07 13:27:03.389 worker_log:584 7369 MainThread [INFO]  Received executor task 2556
2023-07-07 13:27:35.028 worker_log:602 7369 MainThread [INFO]  Completed executor task 2556
2023-07-07 13:27:35.029 worker_log:613 7369 MainThread [INFO]  All processing finished for executor task 2556
2023-07-07 13:27:35.040 worker_log:584 7369 MainThread [INFO]  Received executor task 2575
2023-07-07 13:28:00.656 worker_log:602 7369 MainThread [INFO]  Completed executor task 2575
2023-07-07 13:28:00.657 worker_log:613 7369 MainThread [INFO]  All processing finished for executor task 2575
2023-07-07 13:28:00.668 worker_log:584 7369 MainThread [INFO]  Received executor task 2585
2023-07-07 13:28:24.314 worker_log:602 7369 MainThread [INFO]  Completed executor task 2585
2023-07-07 13:28:24.315 worker_log:613 7369 MainThread [INFO]  All processing finished for executor task 2585
2023-07-07 13:28:24.326 worker_log:584 7369 MainThread [INFO]  Received executor task 2600
2023-07-07 13:28:54.154 worker_log:602 7369 MainThread [INFO]  Completed executor task 2600
2023-07-07 13:28:54.155 worker_log:613 7369 MainThread [INFO]  All processing finished for executor task 2600
2023-07-07 13:28:54.166 worker_log:584 7369 MainThread [INFO]  Received executor task 2609
2023-07-07 13:29:21.313 worker_log:602 7369 MainThread [INFO]  Completed executor task 2609
2023-07-07 13:29:21.314 worker_log:613 7369 MainThread [INFO]  All processing finished for executor task 2609
2023-07-07 13:29:21.325 worker_log:584 7369 MainThread [INFO]  Received executor task 2624
2023-07-07 13:29:59.716 worker_log:602 7369 MainThread [INFO]  Completed executor task 2624
2023-07-07 13:29:59.716 worker_log:613 7369 MainThread [INFO]  All processing finished for executor task 2624
2023-07-07 13:29:59.727 worker_log:584 7369 MainThread [INFO]  Received executor task 2641
2023-07-07 13:30:31.577 worker_log:602 7369 MainThread [INFO]  Completed executor task 2641
2023-07-07 13:30:31.577 worker_log:613 7369 MainThread [INFO]  All processing finished for executor task 2641
2023-07-07 13:30:31.589 worker_log:584 7369 MainThread [INFO]  Received executor task 2653
2023-07-07 13:31:02.029 worker_log:602 7369 MainThread [INFO]  Completed executor task 2653
2023-07-07 13:31:02.030 worker_log:613 7369 MainThread [INFO]  All processing finished for executor task 2653
2023-07-07 13:31:02.041 worker_log:584 7369 MainThread [INFO]  Received executor task 2665
2023-07-07 13:31:40.099 worker_log:602 7369 MainThread [INFO]  Completed executor task 2665
2023-07-07 13:31:40.099 worker_log:613 7369 MainThread [INFO]  All processing finished for executor task 2665
2023-07-07 13:31:40.111 worker_log:584 7369 MainThread [INFO]  Received executor task 2687
2023-07-07 13:32:29.702 worker_log:602 7369 MainThread [INFO]  Completed executor task 2687
2023-07-07 13:32:29.703 worker_log:613 7369 MainThread [INFO]  All processing finished for executor task 2687
2023-07-07 13:32:29.714 worker_log:584 7369 MainThread [INFO]  Received executor task 2709
2023-07-07 13:32:46.216 worker_log:602 7369 MainThread [INFO]  Completed executor task 2709
2023-07-07 13:32:46.216 worker_log:613 7369 MainThread [INFO]  All processing finished for executor task 2709
2023-07-07 13:32:46.228 worker_log:584 7369 MainThread [INFO]  Received executor task 2721
2023-07-07 13:33:03.966 worker_log:602 7369 MainThread [INFO]  Completed executor task 2721
2023-07-07 13:33:03.966 worker_log:613 7369 MainThread [INFO]  All processing finished for executor task 2721
2023-07-07 13:33:03.990 worker_log:584 7369 MainThread [INFO]  Received executor task 2729
2023-07-07 13:33:40.429 worker_log:602 7369 MainThread [INFO]  Completed executor task 2729
2023-07-07 13:33:40.429 worker_log:613 7369 MainThread [INFO]  All processing finished for executor task 2729
2023-07-07 13:33:40.440 worker_log:584 7369 MainThread [INFO]  Received executor task 2747
2023-07-07 13:34:09.152 worker_log:602 7369 MainThread [INFO]  Completed executor task 2747
2023-07-07 13:34:09.153 worker_log:613 7369 MainThread [INFO]  All processing finished for executor task 2747
2023-07-07 13:34:09.164 worker_log:584 7369 MainThread [INFO]  Received executor task 2767
2023-07-07 13:34:39.448 worker_log:602 7369 MainThread [INFO]  Completed executor task 2767
2023-07-07 13:34:39.449 worker_log:613 7369 MainThread [INFO]  All processing finished for executor task 2767
2023-07-07 13:34:39.460 worker_log:584 7369 MainThread [INFO]  Received executor task 2784
2023-07-07 13:35:25.436 worker_log:602 7369 MainThread [INFO]  Completed executor task 2784
2023-07-07 13:35:25.443 worker_log:613 7369 MainThread [INFO]  All processing finished for executor task 2784
2023-07-07 13:35:25.447 worker_log:584 7369 MainThread [INFO]  Received executor task 2803
2023-07-07 13:35:47.437 worker_log:602 7369 MainThread [INFO]  Completed executor task 2803
2023-07-07 13:35:47.437 worker_log:613 7369 MainThread [INFO]  All processing finished for executor task 2803
2023-07-07 13:35:47.448 worker_log:584 7369 MainThread [INFO]  Received executor task 2815
2023-07-07 13:36:17.319 worker_log:602 7369 MainThread [INFO]  Completed executor task 2815
2023-07-07 13:36:17.319 worker_log:613 7369 MainThread [INFO]  All processing finished for executor task 2815
2023-07-07 13:36:17.330 worker_log:584 7369 MainThread [INFO]  Received executor task 2831
2023-07-07 13:36:26.026 worker_log:602 7369 MainThread [INFO]  Completed executor task 2831
2023-07-07 13:36:26.026 worker_log:613 7369 MainThread [INFO]  All processing finished for executor task 2831
2023-07-07 13:36:26.038 worker_log:584 7369 MainThread [INFO]  Received executor task 2833
2023-07-07 13:37:11.653 worker_log:602 7369 MainThread [INFO]  Completed executor task 2833
2023-07-07 13:37:11.653 worker_log:613 7369 MainThread [INFO]  All processing finished for executor task 2833
2023-07-07 13:37:11.664 worker_log:584 7369 MainThread [INFO]  Received executor task 2856
2023-07-07 13:37:37.452 worker_log:602 7369 MainThread [INFO]  Completed executor task 2856
2023-07-07 13:37:37.453 worker_log:613 7369 MainThread [INFO]  All processing finished for executor task 2856
2023-07-07 13:37:37.464 worker_log:584 7369 MainThread [INFO]  Received executor task 2872
2023-07-07 13:37:45.895 worker_log:602 7369 MainThread [INFO]  Completed executor task 2872
2023-07-07 13:37:45.895 worker_log:613 7369 MainThread [INFO]  All processing finished for executor task 2872
2023-07-07 13:37:45.908 worker_log:584 7369 MainThread [INFO]  Received executor task 2879
2023-07-07 13:37:59.172 worker_log:602 7369 MainThread [INFO]  Completed executor task 2879
2023-07-07 13:37:59.173 worker_log:613 7369 MainThread [INFO]  All processing finished for executor task 2879
2023-07-07 13:37:59.184 worker_log:584 7369 MainThread [INFO]  Received executor task 2885
2023-07-07 13:38:14.307 worker_log:602 7369 MainThread [INFO]  Completed executor task 2885
2023-07-07 13:38:14.308 worker_log:613 7369 MainThread [INFO]  All processing finished for executor task 2885
2023-07-07 13:38:14.321 worker_log:584 7369 MainThread [INFO]  Received executor task 2896
2023-07-07 13:38:57.196 worker_log:602 7369 MainThread [INFO]  Completed executor task 2896
2023-07-07 13:38:57.196 worker_log:613 7369 MainThread [INFO]  All processing finished for executor task 2896
2023-07-07 13:38:57.207 worker_log:584 7369 MainThread [INFO]  Received executor task 2928
2023-07-07 13:39:05.493 worker_log:602 7369 MainThread [INFO]  Completed executor task 2928
2023-07-07 13:39:05.494 worker_log:613 7369 MainThread [INFO]  All processing finished for executor task 2928
2023-07-07 13:39:05.505 worker_log:584 7369 MainThread [INFO]  Received executor task 2931
2023-07-07 13:39:45.084 worker_log:602 7369 MainThread [INFO]  Completed executor task 2931
2023-07-07 13:39:45.084 worker_log:613 7369 MainThread [INFO]  All processing finished for executor task 2931
2023-07-07 13:39:45.096 worker_log:584 7369 MainThread [INFO]  Received executor task 2950
2023-07-07 13:40:11.889 worker_log:602 7369 MainThread [INFO]  Completed executor task 2950
2023-07-07 13:40:11.889 worker_log:613 7369 MainThread [INFO]  All processing finished for executor task 2950
2023-07-07 13:40:11.900 worker_log:584 7369 MainThread [INFO]  Received executor task 2965
2023-07-07 13:40:28.188 worker_log:602 7369 MainThread [INFO]  Completed executor task 2965
2023-07-07 13:40:28.189 worker_log:613 7369 MainThread [INFO]  All processing finished for executor task 2965
2023-07-07 13:40:28.201 worker_log:584 7369 MainThread [INFO]  Received executor task 2972
2023-07-07 13:40:55.940 worker_log:602 7369 MainThread [INFO]  Completed executor task 2972
2023-07-07 13:40:55.941 worker_log:613 7369 MainThread [INFO]  All processing finished for executor task 2972
2023-07-07 13:40:55.952 worker_log:584 7369 MainThread [INFO]  Received executor task 2990
2023-07-07 13:41:17.330 worker_log:602 7369 MainThread [INFO]  Completed executor task 2990
2023-07-07 13:41:17.330 worker_log:613 7369 MainThread [INFO]  All processing finished for executor task 2990
2023-07-07 13:41:17.341 worker_log:584 7369 MainThread [INFO]  Received executor task 3002
2023-07-07 13:41:55.728 worker_log:602 7369 MainThread [INFO]  Completed executor task 3002
2023-07-07 13:41:55.741 worker_log:613 7369 MainThread [INFO]  All processing finished for executor task 3002
2023-07-07 13:41:55.741 worker_log:584 7369 MainThread [INFO]  Received executor task 3020
2023-07-07 13:42:23.718 worker_log:602 7369 MainThread [INFO]  Completed executor task 3020
2023-07-07 13:42:23.719 worker_log:613 7369 MainThread [INFO]  All processing finished for executor task 3020
2023-07-07 13:42:23.732 worker_log:584 7369 MainThread [INFO]  Received executor task 3033
2023-07-07 13:42:47.338 worker_log:602 7369 MainThread [INFO]  Completed executor task 3033
2023-07-07 13:42:47.349 worker_log:613 7369 MainThread [INFO]  All processing finished for executor task 3033
2023-07-07 13:42:47.350 worker_log:584 7369 MainThread [INFO]  Received executor task 3043
2023-07-07 13:43:36.987 worker_log:602 7369 MainThread [INFO]  Completed executor task 3043
2023-07-07 13:43:36.988 worker_log:613 7369 MainThread [INFO]  All processing finished for executor task 3043
2023-07-07 13:43:36.999 worker_log:584 7369 MainThread [INFO]  Received executor task 3066
2023-07-07 13:44:21.650 worker_log:602 7369 MainThread [INFO]  Completed executor task 3066
2023-07-07 13:44:21.651 worker_log:613 7369 MainThread [INFO]  All processing finished for executor task 3066
2023-07-07 13:44:21.662 worker_log:584 7369 MainThread [INFO]  Received executor task 3087
2023-07-07 13:44:55.778 worker_log:602 7369 MainThread [INFO]  Completed executor task 3087
2023-07-07 13:44:55.779 worker_log:613 7369 MainThread [INFO]  All processing finished for executor task 3087
2023-07-07 13:44:55.782 worker_log:584 7369 MainThread [INFO]  Received executor task 3107
2023-07-07 13:45:09.775 worker_log:602 7369 MainThread [INFO]  Completed executor task 3107
2023-07-07 13:45:09.789 worker_log:613 7369 MainThread [INFO]  All processing finished for executor task 3107
2023-07-07 13:45:09.789 worker_log:584 7369 MainThread [INFO]  Received executor task 3118
2023-07-07 13:45:25.960 worker_log:602 7369 MainThread [INFO]  Completed executor task 3118
2023-07-07 13:45:25.960 worker_log:613 7369 MainThread [INFO]  All processing finished for executor task 3118
2023-07-07 13:45:25.971 worker_log:584 7369 MainThread [INFO]  Received executor task 3124
2023-07-07 13:45:47.079 worker_log:602 7369 MainThread [INFO]  Completed executor task 3124
2023-07-07 13:45:47.079 worker_log:613 7369 MainThread [INFO]  All processing finished for executor task 3124
2023-07-07 13:45:47.099 worker_log:584 7369 MainThread [INFO]  Received executor task 3139
2023-07-07 13:46:34.699 worker_log:602 7369 MainThread [INFO]  Completed executor task 3139
2023-07-07 13:46:34.700 worker_log:613 7369 MainThread [INFO]  All processing finished for executor task 3139
2023-07-07 13:46:34.711 worker_log:584 7369 MainThread [INFO]  Received executor task 3163
2023-07-07 13:46:56.034 worker_log:602 7369 MainThread [INFO]  Completed executor task 3163
2023-07-07 13:46:56.035 worker_log:613 7369 MainThread [INFO]  All processing finished for executor task 3163
2023-07-07 13:46:56.046 worker_log:584 7369 MainThread [INFO]  Received executor task 3171
2023-07-07 13:47:50.313 worker_log:602 7369 MainThread [INFO]  Completed executor task 3171
2023-07-07 13:47:50.314 worker_log:613 7369 MainThread [INFO]  All processing finished for executor task 3171
2023-07-07 13:47:50.325 worker_log:584 7369 MainThread [INFO]  Received executor task 3200
2023-07-07 13:48:22.675 worker_log:602 7369 MainThread [INFO]  Completed executor task 3200
2023-07-07 13:48:22.676 worker_log:613 7369 MainThread [INFO]  All processing finished for executor task 3200
2023-07-07 13:48:22.688 worker_log:584 7369 MainThread [INFO]  Received executor task 3214
2023-07-07 13:49:10.613 worker_log:602 7369 MainThread [INFO]  Completed executor task 3214
2023-07-07 13:49:10.614 worker_log:613 7369 MainThread [INFO]  All processing finished for executor task 3214
2023-07-07 13:49:10.627 worker_log:584 7369 MainThread [INFO]  Received executor task 3240
2023-07-07 13:49:37.393 worker_log:602 7369 MainThread [INFO]  Completed executor task 3240
2023-07-07 13:49:37.393 worker_log:613 7369 MainThread [INFO]  All processing finished for executor task 3240
2023-07-07 13:49:37.405 worker_log:584 7369 MainThread [INFO]  Received executor task 3256
2023-07-07 13:50:12.715 worker_log:602 7369 MainThread [INFO]  Completed executor task 3256
2023-07-07 13:50:12.716 worker_log:613 7369 MainThread [INFO]  All processing finished for executor task 3256
2023-07-07 13:50:12.729 worker_log:584 7369 MainThread [INFO]  Received executor task 3273
2023-07-07 13:50:43.167 worker_log:602 7369 MainThread [INFO]  Completed executor task 3273
2023-07-07 13:50:43.168 worker_log:613 7369 MainThread [INFO]  All processing finished for executor task 3273
2023-07-07 13:50:43.180 worker_log:584 7369 MainThread [INFO]  Received executor task 3295
2023-07-07 13:51:04.438 worker_log:602 7369 MainThread [INFO]  Completed executor task 3295
2023-07-07 13:51:04.439 worker_log:613 7369 MainThread [INFO]  All processing finished for executor task 3295
2023-07-07 13:51:04.450 worker_log:584 7369 MainThread [INFO]  Received executor task 3303
2023-07-07 13:51:39.171 worker_log:602 7369 MainThread [INFO]  Completed executor task 3303
2023-07-07 13:51:39.172 worker_log:613 7369 MainThread [INFO]  All processing finished for executor task 3303
2023-07-07 13:51:39.183 worker_log:584 7369 MainThread [INFO]  Received executor task 3329
2023-07-07 13:51:58.500 worker_log:602 7369 MainThread [INFO]  Completed executor task 3329
2023-07-07 13:51:58.500 worker_log:613 7369 MainThread [INFO]  All processing finished for executor task 3329
2023-07-07 13:51:58.511 worker_log:584 7369 MainThread [INFO]  Received executor task 3335
2023-07-07 13:52:46.597 worker_log:602 7369 MainThread [INFO]  Completed executor task 3335
2023-07-07 13:52:46.609 worker_log:613 7369 MainThread [INFO]  All processing finished for executor task 3335
2023-07-07 13:52:46.609 worker_log:584 7369 MainThread [INFO]  Received executor task 3364
2023-07-07 13:53:10.353 worker_log:602 7369 MainThread [INFO]  Completed executor task 3364
2023-07-07 13:53:10.354 worker_log:613 7369 MainThread [INFO]  All processing finished for executor task 3364
2023-07-07 13:53:10.365 worker_log:584 7369 MainThread [INFO]  Received executor task 3378
2023-07-07 13:53:31.676 worker_log:602 7369 MainThread [INFO]  Completed executor task 3378
2023-07-07 13:53:31.677 worker_log:613 7369 MainThread [INFO]  All processing finished for executor task 3378
2023-07-07 13:53:31.688 worker_log:584 7369 MainThread [INFO]  Received executor task 3395
2023-07-07 13:53:56.542 worker_log:602 7369 MainThread [INFO]  Completed executor task 3395
2023-07-07 13:53:56.542 worker_log:613 7369 MainThread [INFO]  All processing finished for executor task 3395
2023-07-07 13:53:56.554 worker_log:584 7369 MainThread [INFO]  Received executor task 3407
2023-07-07 13:54:22.719 worker_log:602 7369 MainThread [INFO]  Completed executor task 3407
2023-07-07 13:54:22.719 worker_log:613 7369 MainThread [INFO]  All processing finished for executor task 3407
2023-07-07 13:54:22.731 worker_log:584 7369 MainThread [INFO]  Received executor task 3422
2023-07-07 13:54:33.436 worker_log:602 7369 MainThread [INFO]  Completed executor task 3422
2023-07-07 13:54:33.436 worker_log:613 7369 MainThread [INFO]  All processing finished for executor task 3422
2023-07-07 13:54:33.447 worker_log:584 7369 MainThread [INFO]  Received executor task 3427
2023-07-07 13:54:57.540 worker_log:602 7369 MainThread [INFO]  Completed executor task 3427
2023-07-07 13:54:57.541 worker_log:613 7369 MainThread [INFO]  All processing finished for executor task 3427
2023-07-07 13:54:57.552 worker_log:584 7369 MainThread [INFO]  Received executor task 3439
2023-07-07 13:55:15.572 worker_log:602 7369 MainThread [INFO]  Completed executor task 3439
2023-07-07 13:55:15.572 worker_log:613 7369 MainThread [INFO]  All processing finished for executor task 3439
2023-07-07 13:55:15.585 worker_log:584 7369 MainThread [INFO]  Received executor task 3451
2023-07-07 13:55:55.875 worker_log:602 7369 MainThread [INFO]  Completed executor task 3451
2023-07-07 13:55:55.886 worker_log:613 7369 MainThread [INFO]  All processing finished for executor task 3451
2023-07-07 13:55:55.888 worker_log:584 7369 MainThread [INFO]  Received executor task 3476
2023-07-07 13:56:41.337 worker_log:602 7369 MainThread [INFO]  Completed executor task 3476
2023-07-07 13:56:41.337 worker_log:613 7369 MainThread [INFO]  All processing finished for executor task 3476
2023-07-07 13:56:41.348 worker_log:584 7369 MainThread [INFO]  Received executor task 3493
2023-07-07 13:57:36.210 worker_log:602 7369 MainThread [INFO]  Completed executor task 3493
2023-07-07 13:57:36.211 worker_log:613 7369 MainThread [INFO]  All processing finished for executor task 3493
2023-07-07 13:57:36.222 worker_log:584 7369 MainThread [INFO]  Received executor task 3512
2023-07-07 13:57:51.817 worker_log:602 7369 MainThread [INFO]  Completed executor task 3512
2023-07-07 13:57:51.818 worker_log:613 7369 MainThread [INFO]  All processing finished for executor task 3512
2023-07-07 13:57:51.829 worker_log:584 7369 MainThread [INFO]  Received executor task 3517
2023-07-07 13:58:09.228 worker_log:602 7369 MainThread [INFO]  Completed executor task 3517
2023-07-07 13:58:09.229 worker_log:613 7369 MainThread [INFO]  All processing finished for executor task 3517
2023-07-07 13:58:09.240 worker_log:584 7369 MainThread [INFO]  Received executor task 3528
2023-07-07 13:58:47.341 worker_log:602 7369 MainThread [INFO]  Completed executor task 3528
2023-07-07 13:58:47.342 worker_log:613 7369 MainThread [INFO]  All processing finished for executor task 3528
2023-07-07 13:58:47.353 worker_log:584 7369 MainThread [INFO]  Received executor task 3547
2023-07-07 13:59:32.825 worker_log:602 7369 MainThread [INFO]  Completed executor task 3547
2023-07-07 13:59:32.825 worker_log:613 7369 MainThread [INFO]  All processing finished for executor task 3547
2023-07-07 13:59:32.838 worker_log:584 7369 MainThread [INFO]  Received executor task 3570
2023-07-07 14:00:05.748 worker_log:602 7369 MainThread [INFO]  Completed executor task 3570
2023-07-07 14:00:05.748 worker_log:613 7369 MainThread [INFO]  All processing finished for executor task 3570
2023-07-07 14:00:05.759 worker_log:584 7369 MainThread [INFO]  Received executor task 3586
2023-07-07 14:00:34.856 worker_log:602 7369 MainThread [INFO]  Completed executor task 3586
2023-07-07 14:00:34.856 worker_log:613 7369 MainThread [INFO]  All processing finished for executor task 3586
2023-07-07 14:00:34.867 worker_log:584 7369 MainThread [INFO]  Received executor task 3604
2023-07-07 14:00:48.452 worker_log:602 7369 MainThread [INFO]  Completed executor task 3604
2023-07-07 14:00:48.453 worker_log:613 7369 MainThread [INFO]  All processing finished for executor task 3604
2023-07-07 14:00:48.464 worker_log:584 7369 MainThread [INFO]  Received executor task 3606
2023-07-07 14:01:04.135 worker_log:602 7369 MainThread [INFO]  Completed executor task 3606
2023-07-07 14:01:04.136 worker_log:613 7369 MainThread [INFO]  All processing finished for executor task 3606
2023-07-07 14:01:04.156 worker_log:584 7369 MainThread [INFO]  Received executor task 3621
2023-07-07 14:01:43.858 worker_log:602 7369 MainThread [INFO]  Completed executor task 3621
2023-07-07 14:01:43.858 worker_log:613 7369 MainThread [INFO]  All processing finished for executor task 3621
2023-07-07 14:01:43.869 worker_log:584 7369 MainThread [INFO]  Received executor task 3645
2023-07-07 14:02:18.211 worker_log:602 7369 MainThread [INFO]  Completed executor task 3645
2023-07-07 14:02:18.211 worker_log:613 7369 MainThread [INFO]  All processing finished for executor task 3645
2023-07-07 14:02:18.223 worker_log:584 7369 MainThread [INFO]  Received executor task 3661
2023-07-07 14:02:41.595 worker_log:602 7369 MainThread [INFO]  Completed executor task 3661
2023-07-07 14:02:41.607 worker_log:613 7369 MainThread [INFO]  All processing finished for executor task 3661
2023-07-07 14:02:41.607 worker_log:584 7369 MainThread [INFO]  Received executor task 3675
2023-07-07 14:03:16.801 worker_log:602 7369 MainThread [INFO]  Completed executor task 3675
2023-07-07 14:03:16.802 worker_log:613 7369 MainThread [INFO]  All processing finished for executor task 3675
2023-07-07 14:03:16.813 worker_log:584 7369 MainThread [INFO]  Received executor task 3694
2023-07-07 14:03:56.525 worker_log:602 7369 MainThread [INFO]  Completed executor task 3694
2023-07-07 14:03:56.525 worker_log:613 7369 MainThread [INFO]  All processing finished for executor task 3694
2023-07-07 14:03:56.538 worker_log:584 7369 MainThread [INFO]  Received executor task 3711
2023-07-07 14:04:23.434 worker_log:602 7369 MainThread [INFO]  Completed executor task 3711
2023-07-07 14:04:23.435 worker_log:613 7369 MainThread [INFO]  All processing finished for executor task 3711
2023-07-07 14:04:23.447 worker_log:584 7369 MainThread [INFO]  Received executor task 3725
2023-07-07 14:04:49.234 worker_log:602 7369 MainThread [INFO]  Completed executor task 3725
2023-07-07 14:04:49.235 worker_log:613 7369 MainThread [INFO]  All processing finished for executor task 3725
2023-07-07 14:04:49.246 worker_log:584 7369 MainThread [INFO]  Received executor task 3733
2023-07-07 14:05:37.788 worker_log:602 7369 MainThread [INFO]  Completed executor task 3733
2023-07-07 14:05:37.789 worker_log:613 7369 MainThread [INFO]  All processing finished for executor task 3733
2023-07-07 14:05:37.800 worker_log:584 7369 MainThread [INFO]  Received executor task 3761
2023-07-07 14:06:40.541 worker_log:602 7369 MainThread [INFO]  Completed executor task 3761
2023-07-07 14:06:40.554 worker_log:613 7369 MainThread [INFO]  All processing finished for executor task 3761
2023-07-07 14:06:40.566 worker_log:584 7369 MainThread [INFO]  Received executor task 3790
2023-07-07 14:07:47.620 worker_log:602 7369 MainThread [INFO]  Completed executor task 3790
2023-07-07 14:07:47.620 worker_log:613 7369 MainThread [INFO]  All processing finished for executor task 3790
2023-07-07 14:07:47.632 worker_log:584 7369 MainThread [INFO]  Received executor task 3817
2023-07-07 14:08:11.652 worker_log:602 7369 MainThread [INFO]  Completed executor task 3817
2023-07-07 14:08:11.652 worker_log:613 7369 MainThread [INFO]  All processing finished for executor task 3817
2023-07-07 14:08:11.663 worker_log:584 7369 MainThread [INFO]  Received executor task 3830
2023-07-07 14:08:35.470 worker_log:602 7369 MainThread [INFO]  Completed executor task 3830
2023-07-07 14:08:35.470 worker_log:613 7369 MainThread [INFO]  All processing finished for executor task 3830
2023-07-07 14:08:35.481 worker_log:584 7369 MainThread [INFO]  Received executor task 3841
2023-07-07 14:08:45.940 worker_log:602 7369 MainThread [INFO]  Completed executor task 3841
2023-07-07 14:08:45.940 worker_log:613 7369 MainThread [INFO]  All processing finished for executor task 3841
2023-07-07 14:08:45.951 worker_log:584 7369 MainThread [INFO]  Received executor task 3847
2023-07-07 14:09:17.660 worker_log:602 7369 MainThread [INFO]  Completed executor task 3847
2023-07-07 14:09:17.661 worker_log:613 7369 MainThread [INFO]  All processing finished for executor task 3847
2023-07-07 14:09:17.672 worker_log:584 7369 MainThread [INFO]  Received executor task 3861
2023-07-07 14:10:06.501 worker_log:602 7369 MainThread [INFO]  Completed executor task 3861
2023-07-07 14:10:06.502 worker_log:613 7369 MainThread [INFO]  All processing finished for executor task 3861
2023-07-07 14:10:06.513 worker_log:584 7369 MainThread [INFO]  Received executor task 3897
2023-07-07 14:10:37.248 worker_log:602 7369 MainThread [INFO]  Completed executor task 3897
2023-07-07 14:10:37.249 worker_log:613 7369 MainThread [INFO]  All processing finished for executor task 3897
2023-07-07 14:10:37.250 worker_log:584 7369 MainThread [INFO]  Received executor task 3915
2023-07-07 14:11:00.319 worker_log:602 7369 MainThread [INFO]  Completed executor task 3915
2023-07-07 14:11:00.319 worker_log:613 7369 MainThread [INFO]  All processing finished for executor task 3915
2023-07-07 14:11:00.331 worker_log:584 7369 MainThread [INFO]  Received executor task 3925
2023-07-07 14:11:50.438 worker_log:602 7369 MainThread [INFO]  Completed executor task 3925
2023-07-07 14:11:50.439 worker_log:613 7369 MainThread [INFO]  All processing finished for executor task 3925
2023-07-07 14:11:50.450 worker_log:584 7369 MainThread [INFO]  Received executor task 3945
2023-07-07 14:12:23.645 worker_log:602 7369 MainThread [INFO]  Completed executor task 3945
2023-07-07 14:12:23.646 worker_log:613 7369 MainThread [INFO]  All processing finished for executor task 3945
2023-07-07 14:12:23.657 worker_log:584 7369 MainThread [INFO]  Received executor task 3959
2023-07-07 14:12:49.135 worker_log:602 7369 MainThread [INFO]  Completed executor task 3959
2023-07-07 14:12:49.136 worker_log:613 7369 MainThread [INFO]  All processing finished for executor task 3959
2023-07-07 14:12:49.147 worker_log:584 7369 MainThread [INFO]  Received executor task 3970
2023-07-07 14:13:06.806 worker_log:602 7369 MainThread [INFO]  Completed executor task 3970
2023-07-07 14:13:06.807 worker_log:613 7369 MainThread [INFO]  All processing finished for executor task 3970
2023-07-07 14:13:06.819 worker_log:584 7369 MainThread [INFO]  Received executor task 3978
2023-07-07 14:14:04.229 worker_log:602 7369 MainThread [INFO]  Completed executor task 3978
2023-07-07 14:14:04.229 worker_log:613 7369 MainThread [INFO]  All processing finished for executor task 3978
2023-07-07 14:14:04.240 worker_log:584 7369 MainThread [INFO]  Received executor task 4012
2023-07-07 14:14:24.709 worker_log:602 7369 MainThread [INFO]  Completed executor task 4012
2023-07-07 14:14:24.709 worker_log:613 7369 MainThread [INFO]  All processing finished for executor task 4012
2023-07-07 14:14:24.720 worker_log:584 7369 MainThread [INFO]  Received executor task 4022
2023-07-07 14:14:54.065 worker_log:602 7369 MainThread [INFO]  Completed executor task 4022
2023-07-07 14:14:54.065 worker_log:613 7369 MainThread [INFO]  All processing finished for executor task 4022
2023-07-07 14:14:54.076 worker_log:584 7369 MainThread [INFO]  Received executor task 4037
2023-07-07 14:15:24.826 worker_log:602 7369 MainThread [INFO]  Completed executor task 4037
2023-07-07 14:15:24.830 worker_log:613 7369 MainThread [INFO]  All processing finished for executor task 4037
2023-07-07 14:15:24.839 worker_log:584 7369 MainThread [INFO]  Received executor task 4044
2023-07-07 14:15:54.142 worker_log:602 7369 MainThread [INFO]  Completed executor task 4044
2023-07-07 14:15:54.143 worker_log:613 7369 MainThread [INFO]  All processing finished for executor task 4044
2023-07-07 14:15:54.154 worker_log:584 7369 MainThread [INFO]  Received executor task 4059
2023-07-07 14:16:15.029 worker_log:602 7369 MainThread [INFO]  Completed executor task 4059
2023-07-07 14:16:15.030 worker_log:613 7369 MainThread [INFO]  All processing finished for executor task 4059
2023-07-07 14:16:15.043 worker_log:584 7369 MainThread [INFO]  Received executor task 4071
2023-07-07 14:16:45.195 worker_log:602 7369 MainThread [INFO]  Completed executor task 4071
2023-07-07 14:16:45.196 worker_log:613 7369 MainThread [INFO]  All processing finished for executor task 4071
2023-07-07 14:16:45.207 worker_log:584 7369 MainThread [INFO]  Received executor task 4087
2023-07-07 14:17:11.233 worker_log:602 7369 MainThread [INFO]  Completed executor task 4087
2023-07-07 14:17:11.234 worker_log:613 7369 MainThread [INFO]  All processing finished for executor task 4087
2023-07-07 14:17:11.245 worker_log:584 7369 MainThread [INFO]  Received executor task 4095
2023-07-07 14:18:34.416 worker_log:602 7369 MainThread [INFO]  Completed executor task 4095
2023-07-07 14:18:34.416 worker_log:613 7369 MainThread [INFO]  All processing finished for executor task 4095
2023-07-07 14:18:34.427 worker_log:584 7369 MainThread [INFO]  Received executor task 4133
2023-07-07 14:19:15.544 worker_log:602 7369 MainThread [INFO]  Completed executor task 4133
2023-07-07 14:19:15.545 worker_log:613 7369 MainThread [INFO]  All processing finished for executor task 4133
2023-07-07 14:19:15.556 worker_log:584 7369 MainThread [INFO]  Received executor task 4150
2023-07-07 14:19:49.468 worker_log:602 7369 MainThread [INFO]  Completed executor task 4150
2023-07-07 14:19:49.468 worker_log:613 7369 MainThread [INFO]  All processing finished for executor task 4150
2023-07-07 14:19:49.480 worker_log:584 7369 MainThread [INFO]  Received executor task 4171
2023-07-07 14:20:44.220 worker_log:602 7369 MainThread [INFO]  Completed executor task 4171
2023-07-07 14:20:44.228 worker_log:613 7369 MainThread [INFO]  All processing finished for executor task 4171
2023-07-07 14:20:44.233 worker_log:584 7369 MainThread [INFO]  Received executor task 4190
2023-07-07 14:21:14.587 worker_log:602 7369 MainThread [INFO]  Completed executor task 4190
2023-07-07 14:21:14.587 worker_log:613 7369 MainThread [INFO]  All processing finished for executor task 4190
2023-07-07 14:21:14.598 worker_log:584 7369 MainThread [INFO]  Received executor task 4203
2023-07-07 14:22:02.381 worker_log:602 7369 MainThread [INFO]  Completed executor task 4203
2023-07-07 14:22:02.382 worker_log:613 7369 MainThread [INFO]  All processing finished for executor task 4203
2023-07-07 14:22:02.393 worker_log:584 7369 MainThread [INFO]  Received executor task 4225
2023-07-07 14:22:10.027 worker_log:602 7369 MainThread [INFO]  Completed executor task 4225
2023-07-07 14:22:10.028 worker_log:613 7369 MainThread [INFO]  All processing finished for executor task 4225
2023-07-07 14:22:10.039 worker_log:584 7369 MainThread [INFO]  Received executor task 4229
2023-07-07 14:22:48.407 worker_log:602 7369 MainThread [INFO]  Completed executor task 4229
2023-07-07 14:22:48.407 worker_log:613 7369 MainThread [INFO]  All processing finished for executor task 4229
2023-07-07 14:22:48.418 worker_log:584 7369 MainThread [INFO]  Received executor task 4253
2023-07-07 14:23:00.441 worker_log:602 7369 MainThread [INFO]  Completed executor task 4253
2023-07-07 14:23:00.442 worker_log:613 7369 MainThread [INFO]  All processing finished for executor task 4253
2023-07-07 14:23:00.453 worker_log:584 7369 MainThread [INFO]  Received executor task 4258
2023-07-07 14:23:24.060 worker_log:602 7369 MainThread [INFO]  Completed executor task 4258
2023-07-07 14:23:24.060 worker_log:613 7369 MainThread [INFO]  All processing finished for executor task 4258
2023-07-07 14:23:24.071 worker_log:584 7369 MainThread [INFO]  Received executor task 4269
2023-07-07 14:23:37.491 worker_log:602 7369 MainThread [INFO]  Completed executor task 4269
2023-07-07 14:23:37.491 worker_log:613 7369 MainThread [INFO]  All processing finished for executor task 4269
2023-07-07 14:23:37.502 worker_log:584 7369 MainThread [INFO]  Received executor task 4275
2023-07-07 14:23:58.086 worker_log:602 7369 MainThread [INFO]  Completed executor task 4275
2023-07-07 14:23:58.086 worker_log:613 7369 MainThread [INFO]  All processing finished for executor task 4275
2023-07-07 14:23:58.098 worker_log:584 7369 MainThread [INFO]  Received executor task 4285
2023-07-07 14:24:06.054 worker_log:602 7369 MainThread [INFO]  Completed executor task 4285
2023-07-07 14:24:06.054 worker_log:613 7369 MainThread [INFO]  All processing finished for executor task 4285
2023-07-07 14:24:06.066 worker_log:584 7369 MainThread [INFO]  Received executor task 4289
2023-07-07 14:24:18.823 worker_log:602 7369 MainThread [INFO]  Completed executor task 4289
2023-07-07 14:24:18.823 worker_log:613 7369 MainThread [INFO]  All processing finished for executor task 4289
2023-07-07 14:24:18.834 worker_log:584 7369 MainThread [INFO]  Received executor task 4299
2023-07-07 14:24:27.358 worker_log:602 7369 MainThread [INFO]  Completed executor task 4299
2023-07-07 14:24:27.358 worker_log:613 7369 MainThread [INFO]  All processing finished for executor task 4299
2023-07-07 14:24:27.369 worker_log:584 7369 MainThread [INFO]  Received executor task 4305
2023-07-07 14:25:07.286 worker_log:602 7369 MainThread [INFO]  Completed executor task 4305
2023-07-07 14:25:07.286 worker_log:613 7369 MainThread [INFO]  All processing finished for executor task 4305
2023-07-07 14:25:07.297 worker_log:584 7369 MainThread [INFO]  Received executor task 4323
2023-07-07 14:25:28.898 worker_log:602 7369 MainThread [INFO]  Completed executor task 4323
2023-07-07 14:25:28.898 worker_log:613 7369 MainThread [INFO]  All processing finished for executor task 4323
2023-07-07 14:25:28.909 worker_log:584 7369 MainThread [INFO]  Received executor task 4331
2023-07-07 14:25:57.492 worker_log:602 7369 MainThread [INFO]  Completed executor task 4331
2023-07-07 14:25:57.493 worker_log:613 7369 MainThread [INFO]  All processing finished for executor task 4331
2023-07-07 14:25:57.504 worker_log:584 7369 MainThread [INFO]  Received executor task 4344
2023-07-07 14:26:15.829 worker_log:602 7369 MainThread [INFO]  Completed executor task 4344
2023-07-07 14:26:15.829 worker_log:613 7369 MainThread [INFO]  All processing finished for executor task 4344
2023-07-07 14:26:15.840 worker_log:584 7369 MainThread [INFO]  Received executor task 4356
2023-07-07 14:26:40.020 worker_log:602 7369 MainThread [INFO]  Completed executor task 4356
2023-07-07 14:26:40.021 worker_log:613 7369 MainThread [INFO]  All processing finished for executor task 4356
2023-07-07 14:26:40.032 worker_log:584 7369 MainThread [INFO]  Received executor task 4376
2023-07-07 14:27:16.068 worker_log:602 7369 MainThread [INFO]  Completed executor task 4376
2023-07-07 14:27:16.068 worker_log:613 7369 MainThread [INFO]  All processing finished for executor task 4376
2023-07-07 14:27:16.080 worker_log:584 7369 MainThread [INFO]  Received executor task 4396
2023-07-07 14:27:56.711 worker_log:602 7369 MainThread [INFO]  Completed executor task 4396
2023-07-07 14:27:56.711 worker_log:613 7369 MainThread [INFO]  All processing finished for executor task 4396
2023-07-07 14:27:56.722 worker_log:584 7369 MainThread [INFO]  Received executor task 4417
2023-07-07 14:28:30.321 worker_log:602 7369 MainThread [INFO]  Completed executor task 4417
2023-07-07 14:28:30.321 worker_log:613 7369 MainThread [INFO]  All processing finished for executor task 4417
2023-07-07 14:28:30.332 worker_log:584 7369 MainThread [INFO]  Received executor task 4437
2023-07-07 14:28:54.863 worker_log:602 7369 MainThread [INFO]  Completed executor task 4437
2023-07-07 14:28:54.863 worker_log:613 7369 MainThread [INFO]  All processing finished for executor task 4437
2023-07-07 14:28:54.874 worker_log:584 7369 MainThread [INFO]  Received executor task 4452
2023-07-07 14:29:48.406 worker_log:602 7369 MainThread [INFO]  Completed executor task 4452
2023-07-07 14:29:48.406 worker_log:613 7369 MainThread [INFO]  All processing finished for executor task 4452
2023-07-07 14:29:48.417 worker_log:584 7369 MainThread [INFO]  Received executor task 4471
2023-07-07 14:30:11.468 worker_log:602 7369 MainThread [INFO]  Completed executor task 4471
2023-07-07 14:30:11.469 worker_log:613 7369 MainThread [INFO]  All processing finished for executor task 4471
2023-07-07 14:30:11.480 worker_log:584 7369 MainThread [INFO]  Received executor task 4480
2023-07-07 14:30:55.192 worker_log:602 7369 MainThread [INFO]  Completed executor task 4480
2023-07-07 14:30:55.193 worker_log:613 7369 MainThread [INFO]  All processing finished for executor task 4480
2023-07-07 14:30:55.204 worker_log:584 7369 MainThread [INFO]  Received executor task 4501
2023-07-07 14:31:59.622 worker_log:602 7369 MainThread [INFO]  Completed executor task 4501
2023-07-07 14:31:59.622 worker_log:613 7369 MainThread [INFO]  All processing finished for executor task 4501
2023-07-07 14:31:59.634 worker_log:584 7369 MainThread [INFO]  Received executor task 4537
2023-07-07 14:32:15.317 worker_log:602 7369 MainThread [INFO]  Completed executor task 4537
2023-07-07 14:32:15.317 worker_log:613 7369 MainThread [INFO]  All processing finished for executor task 4537
2023-07-07 14:32:15.329 worker_log:584 7369 MainThread [INFO]  Received executor task 4544
2023-07-07 14:32:26.001 worker_log:602 7369 MainThread [INFO]  Completed executor task 4544
2023-07-07 14:32:26.002 worker_log:613 7369 MainThread [INFO]  All processing finished for executor task 4544
2023-07-07 14:32:26.013 worker_log:584 7369 MainThread [INFO]  Received executor task 4553
2023-07-07 14:33:28.830 worker_log:602 7369 MainThread [INFO]  Completed executor task 4553
2023-07-07 14:33:28.831 worker_log:613 7369 MainThread [INFO]  All processing finished for executor task 4553
2023-07-07 14:33:28.842 worker_log:584 7369 MainThread [INFO]  Received executor task 4581
2023-07-07 14:33:46.971 worker_log:602 7369 MainThread [INFO]  Completed executor task 4581
2023-07-07 14:33:46.971 worker_log:613 7369 MainThread [INFO]  All processing finished for executor task 4581
2023-07-07 14:33:46.983 worker_log:584 7369 MainThread [INFO]  Received executor task 4594
2023-07-07 14:34:04.435 worker_log:602 7369 MainThread [INFO]  Completed executor task 4594
2023-07-07 14:34:04.435 worker_log:613 7369 MainThread [INFO]  All processing finished for executor task 4594
2023-07-07 14:34:04.447 worker_log:584 7369 MainThread [INFO]  Received executor task 4605
2023-07-07 14:34:28.320 worker_log:602 7369 MainThread [INFO]  Completed executor task 4605
2023-07-07 14:34:28.320 worker_log:613 7369 MainThread [INFO]  All processing finished for executor task 4605
2023-07-07 14:34:28.333 worker_log:584 7369 MainThread [INFO]  Received executor task 4615
2023-07-07 14:34:48.191 worker_log:602 7369 MainThread [INFO]  Completed executor task 4615
2023-07-07 14:34:48.192 worker_log:613 7369 MainThread [INFO]  All processing finished for executor task 4615
2023-07-07 14:34:48.203 worker_log:584 7369 MainThread [INFO]  Received executor task 4626
2023-07-07 14:35:31.662 worker_log:602 7369 MainThread [INFO]  Completed executor task 4626
2023-07-07 14:35:31.663 worker_log:613 7369 MainThread [INFO]  All processing finished for executor task 4626
2023-07-07 14:35:31.674 worker_log:584 7369 MainThread [INFO]  Received executor task 4645
2023-07-07 14:36:06.500 worker_log:602 7369 MainThread [INFO]  Completed executor task 4645
2023-07-07 14:36:06.501 worker_log:613 7369 MainThread [INFO]  All processing finished for executor task 4645
2023-07-07 14:36:06.513 worker_log:584 7369 MainThread [INFO]  Received executor task 4666
2023-07-07 14:36:39.251 worker_log:602 7369 MainThread [INFO]  Completed executor task 4666
2023-07-07 14:36:39.251 worker_log:613 7369 MainThread [INFO]  All processing finished for executor task 4666
2023-07-07 14:36:39.262 worker_log:584 7369 MainThread [INFO]  Received executor task 4680
2023-07-07 14:36:58.018 worker_log:602 7369 MainThread [INFO]  Completed executor task 4680
2023-07-07 14:36:58.019 worker_log:613 7369 MainThread [INFO]  All processing finished for executor task 4680
2023-07-07 14:36:58.030 worker_log:584 7369 MainThread [INFO]  Received executor task 4687
2023-07-07 14:37:47.594 worker_log:602 7369 MainThread [INFO]  Completed executor task 4687
2023-07-07 14:37:47.595 worker_log:613 7369 MainThread [INFO]  All processing finished for executor task 4687
2023-07-07 14:37:47.607 worker_log:584 7369 MainThread [INFO]  Received executor task 4710
2023-07-07 14:38:13.767 worker_log:602 7369 MainThread [INFO]  Completed executor task 4710
2023-07-07 14:38:13.767 worker_log:613 7369 MainThread [INFO]  All processing finished for executor task 4710
2023-07-07 14:38:13.778 worker_log:584 7369 MainThread [INFO]  Received executor task 4720
2023-07-07 14:39:21.286 worker_log:602 7369 MainThread [INFO]  Completed executor task 4720
2023-07-07 14:39:21.286 worker_log:613 7369 MainThread [INFO]  All processing finished for executor task 4720
2023-07-07 14:39:21.297 worker_log:584 7369 MainThread [INFO]  Received executor task 4752
2023-07-07 14:39:41.640 worker_log:602 7369 MainThread [INFO]  Completed executor task 4752
2023-07-07 14:39:41.640 worker_log:613 7369 MainThread [INFO]  All processing finished for executor task 4752
2023-07-07 14:39:41.651 worker_log:584 7369 MainThread [INFO]  Received executor task 4760
2023-07-07 14:40:21.890 worker_log:602 7369 MainThread [INFO]  Completed executor task 4760
2023-07-07 14:40:21.891 worker_log:613 7369 MainThread [INFO]  All processing finished for executor task 4760
2023-07-07 14:40:21.902 worker_log:584 7369 MainThread [INFO]  Received executor task 4780
2023-07-07 14:40:51.182 worker_log:602 7369 MainThread [INFO]  Completed executor task 4780
2023-07-07 14:40:51.182 worker_log:613 7369 MainThread [INFO]  All processing finished for executor task 4780
2023-07-07 14:40:51.193 worker_log:584 7369 MainThread [INFO]  Received executor task 4793
2023-07-07 14:41:32.545 worker_log:602 7369 MainThread [INFO]  Completed executor task 4793
2023-07-07 14:41:32.545 worker_log:613 7369 MainThread [INFO]  All processing finished for executor task 4793
2023-07-07 14:41:32.557 worker_log:584 7369 MainThread [INFO]  Received executor task 4813
2023-07-07 14:41:51.153 worker_log:602 7369 MainThread [INFO]  Completed executor task 4813
2023-07-07 14:41:51.153 worker_log:613 7369 MainThread [INFO]  All processing finished for executor task 4813
2023-07-07 14:41:51.164 worker_log:584 7369 MainThread [INFO]  Received executor task 4822
2023-07-07 14:42:09.116 worker_log:602 7369 MainThread [INFO]  Completed executor task 4822
2023-07-07 14:42:09.116 worker_log:613 7369 MainThread [INFO]  All processing finished for executor task 4822
2023-07-07 14:42:09.127 worker_log:584 7369 MainThread [INFO]  Received executor task 4833
2023-07-07 14:42:16.887 worker_log:602 7369 MainThread [INFO]  Completed executor task 4833
2023-07-07 14:42:16.887 worker_log:613 7369 MainThread [INFO]  All processing finished for executor task 4833
2023-07-07 14:42:16.898 worker_log:584 7369 MainThread [INFO]  Received executor task 4837
2023-07-07 14:43:09.519 worker_log:602 7369 MainThread [INFO]  Completed executor task 4837
2023-07-07 14:43:09.520 worker_log:613 7369 MainThread [INFO]  All processing finished for executor task 4837
2023-07-07 14:43:09.531 worker_log:584 7369 MainThread [INFO]  Received executor task 4859
2023-07-07 14:43:30.113 worker_log:602 7369 MainThread [INFO]  Completed executor task 4859
2023-07-07 14:43:30.114 worker_log:613 7369 MainThread [INFO]  All processing finished for executor task 4859
2023-07-07 14:43:30.125 worker_log:584 7369 MainThread [INFO]  Received executor task 4871
2023-07-07 14:43:54.523 worker_log:602 7369 MainThread [INFO]  Completed executor task 4871
2023-07-07 14:43:54.523 worker_log:613 7369 MainThread [INFO]  All processing finished for executor task 4871
2023-07-07 14:43:54.535 worker_log:584 7369 MainThread [INFO]  Received executor task 4882
2023-07-07 14:44:13.561 worker_log:602 7369 MainThread [INFO]  Completed executor task 4882
2023-07-07 14:44:13.562 worker_log:613 7369 MainThread [INFO]  All processing finished for executor task 4882
2023-07-07 14:44:13.574 worker_log:584 7369 MainThread [INFO]  Received executor task 4893
2023-07-07 14:44:48.598 worker_log:602 7369 MainThread [INFO]  Completed executor task 4893
2023-07-07 14:44:48.599 worker_log:613 7369 MainThread [INFO]  All processing finished for executor task 4893
2023-07-07 14:44:48.610 worker_log:584 7369 MainThread [INFO]  Received executor task 4909
2023-07-07 14:45:25.916 worker_log:602 7369 MainThread [INFO]  Completed executor task 4909
2023-07-07 14:45:25.917 worker_log:613 7369 MainThread [INFO]  All processing finished for executor task 4909
2023-07-07 14:45:25.928 worker_log:584 7369 MainThread [INFO]  Received executor task 4926
2023-07-07 14:46:10.968 worker_log:602 7369 MainThread [INFO]  Completed executor task 4926
2023-07-07 14:46:10.969 worker_log:613 7369 MainThread [INFO]  All processing finished for executor task 4926
2023-07-07 14:46:10.980 worker_log:584 7369 MainThread [INFO]  Received executor task 4946
2023-07-07 14:46:47.741 worker_log:602 7369 MainThread [INFO]  Completed executor task 4946
2023-07-07 14:46:47.741 worker_log:613 7369 MainThread [INFO]  All processing finished for executor task 4946
2023-07-07 14:46:47.752 worker_log:584 7369 MainThread [INFO]  Received executor task 4965
2023-07-07 14:47:12.265 worker_log:602 7369 MainThread [INFO]  Completed executor task 4965
2023-07-07 14:47:12.265 worker_log:613 7369 MainThread [INFO]  All processing finished for executor task 4965
2023-07-07 14:47:12.277 worker_log:584 7369 MainThread [INFO]  Received executor task 4977
2023-07-07 14:47:45.326 worker_log:602 7369 MainThread [INFO]  Completed executor task 4977
2023-07-07 14:47:45.326 worker_log:613 7369 MainThread [INFO]  All processing finished for executor task 4977
2023-07-07 14:47:45.337 worker_log:584 7369 MainThread [INFO]  Received executor task 4994
2023-07-07 14:48:27.130 worker_log:602 7369 MainThread [INFO]  Completed executor task 4994
2023-07-07 14:48:27.130 worker_log:613 7369 MainThread [INFO]  All processing finished for executor task 4994
2023-07-07 14:48:27.141 worker_log:584 7369 MainThread [INFO]  Received executor task 5017
2023-07-07 14:49:19.028 worker_log:602 7369 MainThread [INFO]  Completed executor task 5017
2023-07-07 14:49:19.029 worker_log:613 7369 MainThread [INFO]  All processing finished for executor task 5017
2023-07-07 14:49:19.040 worker_log:584 7369 MainThread [INFO]  Received executor task 5044
2023-07-07 14:49:47.149 worker_log:602 7369 MainThread [INFO]  Completed executor task 5044
2023-07-07 14:49:47.149 worker_log:613 7369 MainThread [INFO]  All processing finished for executor task 5044
2023-07-07 14:49:47.160 worker_log:584 7369 MainThread [INFO]  Received executor task 5057
2023-07-07 14:49:53.967 worker_log:602 7369 MainThread [INFO]  Completed executor task 5057
2023-07-07 14:49:53.967 worker_log:613 7369 MainThread [INFO]  All processing finished for executor task 5057
2023-07-07 14:49:53.987 worker_log:584 7369 MainThread [INFO]  Received executor task 5061
2023-07-07 14:50:23.595 worker_log:602 7369 MainThread [INFO]  Completed executor task 5061
2023-07-07 14:50:23.595 worker_log:613 7369 MainThread [INFO]  All processing finished for executor task 5061
2023-07-07 14:50:23.607 worker_log:584 7369 MainThread [INFO]  Received executor task 5074
2023-07-07 14:50:51.651 worker_log:602 7369 MainThread [INFO]  Completed executor task 5074
2023-07-07 14:50:51.651 worker_log:613 7369 MainThread [INFO]  All processing finished for executor task 5074
2023-07-07 14:50:51.662 worker_log:584 7369 MainThread [INFO]  Received executor task 5087
2023-07-07 14:51:20.299 worker_log:602 7369 MainThread [INFO]  Completed executor task 5087
2023-07-07 14:51:20.300 worker_log:613 7369 MainThread [INFO]  All processing finished for executor task 5087
2023-07-07 14:51:20.311 worker_log:584 7369 MainThread [INFO]  Received executor task 5100
2023-07-07 14:51:42.743 worker_log:602 7369 MainThread [INFO]  Completed executor task 5100
2023-07-07 14:51:42.744 worker_log:613 7369 MainThread [INFO]  All processing finished for executor task 5100
2023-07-07 14:51:42.756 worker_log:584 7369 MainThread [INFO]  Received executor task 5109
2023-07-07 14:52:07.253 worker_log:602 7369 MainThread [INFO]  Completed executor task 5109
2023-07-07 14:52:07.265 worker_log:613 7369 MainThread [INFO]  All processing finished for executor task 5109
2023-07-07 14:52:07.265 worker_log:584 7369 MainThread [INFO]  Received executor task 5121
2023-07-07 14:52:24.951 worker_log:602 7369 MainThread [INFO]  Completed executor task 5121
2023-07-07 14:52:24.951 worker_log:613 7369 MainThread [INFO]  All processing finished for executor task 5121
2023-07-07 14:52:24.963 worker_log:584 7369 MainThread [INFO]  Received executor task 5129
2023-07-07 14:52:59.882 worker_log:602 7369 MainThread [INFO]  Completed executor task 5129
2023-07-07 14:52:59.882 worker_log:613 7369 MainThread [INFO]  All processing finished for executor task 5129
2023-07-07 14:52:59.894 worker_log:584 7369 MainThread [INFO]  Received executor task 5141
2023-07-07 14:53:48.705 worker_log:602 7369 MainThread [INFO]  Completed executor task 5141
2023-07-07 14:53:48.706 worker_log:613 7369 MainThread [INFO]  All processing finished for executor task 5141
2023-07-07 14:53:48.717 worker_log:584 7369 MainThread [INFO]  Received executor task 5171
2023-07-07 14:54:25.439 worker_log:602 7369 MainThread [INFO]  Completed executor task 5171
2023-07-07 14:54:25.440 worker_log:613 7369 MainThread [INFO]  All processing finished for executor task 5171
2023-07-07 14:54:25.452 worker_log:584 7369 MainThread [INFO]  Received executor task 5191
2023-07-07 14:54:54.172 worker_log:602 7369 MainThread [INFO]  Completed executor task 5191
2023-07-07 14:54:54.172 worker_log:613 7369 MainThread [INFO]  All processing finished for executor task 5191
2023-07-07 14:54:54.184 worker_log:584 7369 MainThread [INFO]  Received executor task 5207
2023-07-07 14:55:24.393 worker_log:602 7369 MainThread [INFO]  Completed executor task 5207
2023-07-07 14:55:24.394 worker_log:613 7369 MainThread [INFO]  All processing finished for executor task 5207
2023-07-07 14:55:24.405 worker_log:584 7369 MainThread [INFO]  Received executor task 5225
2023-07-07 14:56:06.061 worker_log:602 7369 MainThread [INFO]  Completed executor task 5225
2023-07-07 14:56:06.062 worker_log:613 7369 MainThread [INFO]  All processing finished for executor task 5225
2023-07-07 14:56:06.073 worker_log:584 7369 MainThread [INFO]  Received executor task 5248
2023-07-07 14:56:53.637 worker_log:602 7369 MainThread [INFO]  Completed executor task 5248
2023-07-07 14:56:53.637 worker_log:613 7369 MainThread [INFO]  All processing finished for executor task 5248
2023-07-07 14:56:53.649 worker_log:584 7369 MainThread [INFO]  Received executor task 5265
2023-07-07 14:57:35.760 worker_log:602 7369 MainThread [INFO]  Completed executor task 5265
2023-07-07 14:57:35.761 worker_log:613 7369 MainThread [INFO]  All processing finished for executor task 5265
2023-07-07 14:57:35.772 worker_log:584 7369 MainThread [INFO]  Received executor task 5276
2023-07-07 14:58:26.406 worker_log:602 7369 MainThread [INFO]  Completed executor task 5276
2023-07-07 14:58:26.407 worker_log:613 7369 MainThread [INFO]  All processing finished for executor task 5276
2023-07-07 14:58:26.418 worker_log:584 7369 MainThread [INFO]  Received executor task 5296
2023-07-07 14:58:45.093 worker_log:602 7369 MainThread [INFO]  Completed executor task 5296
2023-07-07 14:58:45.093 worker_log:613 7369 MainThread [INFO]  All processing finished for executor task 5296
2023-07-07 14:58:45.106 worker_log:584 7369 MainThread [INFO]  Received executor task 5305
2023-07-07 14:59:56.614 worker_log:602 7369 MainThread [INFO]  Completed executor task 5305
2023-07-07 14:59:56.615 worker_log:613 7369 MainThread [INFO]  All processing finished for executor task 5305
2023-07-07 14:59:56.626 worker_log:584 7369 MainThread [INFO]  Received executor task 5342
2023-07-07 15:00:25.074 worker_log:602 7369 MainThread [INFO]  Completed executor task 5342
2023-07-07 15:00:25.074 worker_log:613 7369 MainThread [INFO]  All processing finished for executor task 5342
2023-07-07 15:00:25.085 worker_log:584 7369 MainThread [INFO]  Received executor task 5353
2023-07-07 15:00:48.216 worker_log:602 7369 MainThread [INFO]  Completed executor task 5353
2023-07-07 15:00:48.216 worker_log:613 7369 MainThread [INFO]  All processing finished for executor task 5353
2023-07-07 15:00:48.217 worker_log:584 7369 MainThread [INFO]  Received executor task 5366
2023-07-07 15:01:09.727 worker_log:602 7369 MainThread [INFO]  Completed executor task 5366
2023-07-07 15:01:09.727 worker_log:613 7369 MainThread [INFO]  All processing finished for executor task 5366
2023-07-07 15:01:09.738 worker_log:584 7369 MainThread [INFO]  Received executor task 5377
2023-07-07 15:02:10.611 worker_log:602 7369 MainThread [INFO]  Completed executor task 5377
2023-07-07 15:02:10.611 worker_log:613 7369 MainThread [INFO]  All processing finished for executor task 5377
2023-07-07 15:02:10.622 worker_log:584 7369 MainThread [INFO]  Received executor task 5404
2023-07-07 15:02:31.045 worker_log:602 7369 MainThread [INFO]  Completed executor task 5404
2023-07-07 15:02:31.046 worker_log:613 7369 MainThread [INFO]  All processing finished for executor task 5404
2023-07-07 15:02:31.057 worker_log:584 7369 MainThread [INFO]  Received executor task 5412
2023-07-07 15:03:12.591 worker_log:602 7369 MainThread [INFO]  Completed executor task 5412
2023-07-07 15:03:12.591 worker_log:613 7369 MainThread [INFO]  All processing finished for executor task 5412
2023-07-07 15:03:12.615 worker_log:584 7369 MainThread [INFO]  Received executor task 5434
2023-07-07 15:03:30.310 worker_log:602 7369 MainThread [INFO]  Completed executor task 5434
2023-07-07 15:03:30.310 worker_log:613 7369 MainThread [INFO]  All processing finished for executor task 5434
2023-07-07 15:03:30.321 worker_log:584 7369 MainThread [INFO]  Received executor task 5440
2023-07-07 15:03:40.875 worker_log:602 7369 MainThread [INFO]  Completed executor task 5440
2023-07-07 15:03:40.875 worker_log:613 7369 MainThread [INFO]  All processing finished for executor task 5440
2023-07-07 15:03:40.887 worker_log:584 7369 MainThread [INFO]  Received executor task 5448
2023-07-07 15:04:33.938 worker_log:602 7369 MainThread [INFO]  Completed executor task 5448
2023-07-07 15:04:33.939 worker_log:613 7369 MainThread [INFO]  All processing finished for executor task 5448
2023-07-07 15:04:33.951 worker_log:584 7369 MainThread [INFO]  Received executor task 5474
2023-07-07 15:05:18.615 worker_log:602 7369 MainThread [INFO]  Completed executor task 5474
2023-07-07 15:05:18.616 worker_log:613 7369 MainThread [INFO]  All processing finished for executor task 5474
2023-07-07 15:05:18.627 worker_log:584 7369 MainThread [INFO]  Received executor task 5495
2023-07-07 15:05:58.348 worker_log:602 7369 MainThread [INFO]  Completed executor task 5495
2023-07-07 15:05:58.349 worker_log:613 7369 MainThread [INFO]  All processing finished for executor task 5495
2023-07-07 15:05:58.359 worker_log:584 7369 MainThread [INFO]  Received executor task 5513
2023-07-07 15:07:03.649 worker_log:602 7369 MainThread [INFO]  Completed executor task 5513
2023-07-07 15:07:03.649 worker_log:613 7369 MainThread [INFO]  All processing finished for executor task 5513
2023-07-07 15:07:03.660 worker_log:584 7369 MainThread [INFO]  Received executor task 5546
2023-07-07 15:08:00.604 worker_log:602 7369 MainThread [INFO]  Completed executor task 5546
2023-07-07 15:08:00.605 worker_log:613 7369 MainThread [INFO]  All processing finished for executor task 5546
2023-07-07 15:08:00.617 worker_log:584 7369 MainThread [INFO]  Received executor task 5565
2023-07-07 15:08:38.697 worker_log:602 7369 MainThread [INFO]  Completed executor task 5565
2023-07-07 15:08:38.698 worker_log:613 7369 MainThread [INFO]  All processing finished for executor task 5565
2023-07-07 15:08:38.709 worker_log:584 7369 MainThread [INFO]  Received executor task 5585
2023-07-07 15:09:05.465 worker_log:602 7369 MainThread [INFO]  Completed executor task 5585
2023-07-07 15:09:05.465 worker_log:613 7369 MainThread [INFO]  All processing finished for executor task 5585
2023-07-07 15:09:05.476 worker_log:584 7369 MainThread [INFO]  Received executor task 5601
2023-07-07 15:09:28.330 worker_log:602 7369 MainThread [INFO]  Completed executor task 5601
2023-07-07 15:09:28.331 worker_log:613 7369 MainThread [INFO]  All processing finished for executor task 5601
2023-07-07 15:09:28.351 worker_log:584 7369 MainThread [INFO]  Received executor task 5608
2023-07-07 15:09:57.487 worker_log:602 7369 MainThread [INFO]  Completed executor task 5608
2023-07-07 15:09:57.487 worker_log:613 7369 MainThread [INFO]  All processing finished for executor task 5608
2023-07-07 15:09:57.499 worker_log:584 7369 MainThread [INFO]  Received executor task 5622
2023-07-07 15:10:45.990 worker_log:602 7369 MainThread [INFO]  Completed executor task 5622
2023-07-07 15:10:45.991 worker_log:613 7369 MainThread [INFO]  All processing finished for executor task 5622
2023-07-07 15:10:46.002 worker_log:584 7369 MainThread [INFO]  Received executor task 5648
2023-07-07 15:11:55.341 worker_log:602 7369 MainThread [INFO]  Completed executor task 5648
2023-07-07 15:11:55.341 worker_log:613 7369 MainThread [INFO]  All processing finished for executor task 5648
2023-07-07 15:11:55.352 worker_log:584 7369 MainThread [INFO]  Received executor task 5679
2023-07-07 15:12:23.030 worker_log:602 7369 MainThread [INFO]  Completed executor task 5679
2023-07-07 15:12:23.030 worker_log:613 7369 MainThread [INFO]  All processing finished for executor task 5679
2023-07-07 15:12:23.041 worker_log:584 7369 MainThread [INFO]  Received executor task 5692
2023-07-07 15:13:04.973 worker_log:602 7369 MainThread [INFO]  Completed executor task 5692
2023-07-07 15:13:04.974 worker_log:613 7369 MainThread [INFO]  All processing finished for executor task 5692
2023-07-07 15:13:04.985 worker_log:584 7369 MainThread [INFO]  Received executor task 5716
2023-07-07 15:13:54.299 worker_log:602 7369 MainThread [INFO]  Completed executor task 5716
2023-07-07 15:13:54.300 worker_log:613 7369 MainThread [INFO]  All processing finished for executor task 5716
2023-07-07 15:13:54.311 worker_log:584 7369 MainThread [INFO]  Received executor task 5739
2023-07-07 15:14:18.183 worker_log:602 7369 MainThread [INFO]  Completed executor task 5739
2023-07-07 15:14:18.185 worker_log:613 7369 MainThread [INFO]  All processing finished for executor task 5739
2023-07-07 15:14:18.195 worker_log:584 7369 MainThread [INFO]  Received executor task 5751
2023-07-07 15:14:45.486 worker_log:602 7369 MainThread [INFO]  Completed executor task 5751
2023-07-07 15:14:45.487 worker_log:613 7369 MainThread [INFO]  All processing finished for executor task 5751
2023-07-07 15:14:45.498 worker_log:584 7369 MainThread [INFO]  Received executor task 5762
2023-07-07 15:15:14.453 worker_log:602 7369 MainThread [INFO]  Completed executor task 5762
2023-07-07 15:15:14.453 worker_log:613 7369 MainThread [INFO]  All processing finished for executor task 5762
2023-07-07 15:15:14.464 worker_log:584 7369 MainThread [INFO]  Received executor task 5776
2023-07-07 15:16:05.545 worker_log:602 7369 MainThread [INFO]  Completed executor task 5776
2023-07-07 15:16:05.546 worker_log:613 7369 MainThread [INFO]  All processing finished for executor task 5776
2023-07-07 15:16:05.557 worker_log:584 7369 MainThread [INFO]  Received executor task 5800
2023-07-07 15:17:21.421 worker_log:602 7369 MainThread [INFO]  Completed executor task 5800
2023-07-07 15:17:21.422 worker_log:613 7369 MainThread [INFO]  All processing finished for executor task 5800
2023-07-07 15:17:21.433 worker_log:584 7369 MainThread [INFO]  Received executor task 5844
2023-07-07 15:17:36.626 worker_log:602 7369 MainThread [INFO]  Completed executor task 5844
2023-07-07 15:17:36.626 worker_log:613 7369 MainThread [INFO]  All processing finished for executor task 5844
2023-07-07 15:17:36.637 worker_log:584 7369 MainThread [INFO]  Received executor task 5855
2023-07-07 15:18:03.226 worker_log:602 7369 MainThread [INFO]  Completed executor task 5855
2023-07-07 15:18:03.234 worker_log:613 7369 MainThread [INFO]  All processing finished for executor task 5855
2023-07-07 15:18:03.238 worker_log:584 7369 MainThread [INFO]  Received executor task 5873
2023-07-07 15:19:09.537 worker_log:602 7369 MainThread [INFO]  Completed executor task 5873
2023-07-07 15:19:09.537 worker_log:613 7369 MainThread [INFO]  All processing finished for executor task 5873
2023-07-07 15:19:09.549 worker_log:584 7369 MainThread [INFO]  Received executor task 5894
2023-07-07 15:19:46.778 worker_log:602 7369 MainThread [INFO]  Completed executor task 5894
2023-07-07 15:19:46.789 worker_log:613 7369 MainThread [INFO]  All processing finished for executor task 5894
2023-07-07 15:19:46.789 worker_log:584 7369 MainThread [INFO]  Received executor task 5909
2023-07-07 15:20:07.872 worker_log:602 7369 MainThread [INFO]  Completed executor task 5909
2023-07-07 15:20:07.873 worker_log:613 7369 MainThread [INFO]  All processing finished for executor task 5909
2023-07-07 15:20:07.884 worker_log:584 7369 MainThread [INFO]  Received executor task 5924
2023-07-07 15:20:41.898 worker_log:602 7369 MainThread [INFO]  Completed executor task 5924
2023-07-07 15:20:41.899 worker_log:613 7369 MainThread [INFO]  All processing finished for executor task 5924
2023-07-07 15:20:41.910 worker_log:584 7369 MainThread [INFO]  Received executor task 5942
2023-07-07 15:21:22.510 worker_log:602 7369 MainThread [INFO]  Completed executor task 5942
2023-07-07 15:21:22.510 worker_log:613 7369 MainThread [INFO]  All processing finished for executor task 5942
2023-07-07 15:21:22.521 worker_log:584 7369 MainThread [INFO]  Received executor task 5962
2023-07-07 15:21:50.693 worker_log:602 7369 MainThread [INFO]  Completed executor task 5962
2023-07-07 15:21:50.693 worker_log:613 7369 MainThread [INFO]  All processing finished for executor task 5962
2023-07-07 15:21:50.712 worker_log:584 7369 MainThread [INFO]  Received executor task 5973
2023-07-07 15:22:15.014 worker_log:602 7369 MainThread [INFO]  Completed executor task 5973
2023-07-07 15:22:15.014 worker_log:613 7369 MainThread [INFO]  All processing finished for executor task 5973
2023-07-07 15:22:15.026 worker_log:584 7369 MainThread [INFO]  Received executor task 5985
2023-07-07 15:22:43.605 worker_log:602 7369 MainThread [INFO]  Completed executor task 5985
2023-07-07 15:22:43.605 worker_log:613 7369 MainThread [INFO]  All processing finished for executor task 5985
2023-07-07 15:22:43.616 worker_log:584 7369 MainThread [INFO]  Received executor task 5999
2023-07-07 15:22:53.667 worker_log:602 7369 MainThread [INFO]  Completed executor task 5999
2023-07-07 15:22:53.667 worker_log:613 7369 MainThread [INFO]  All processing finished for executor task 5999
2023-07-07 15:22:53.678 worker_log:584 7369 MainThread [INFO]  Received executor task 6007
2023-07-07 15:23:12.023 worker_log:602 7369 MainThread [INFO]  Completed executor task 6007
2023-07-07 15:23:12.035 worker_log:613 7369 MainThread [INFO]  All processing finished for executor task 6007
2023-07-07 15:23:12.048 worker_log:584 7369 MainThread [INFO]  Received executor task 6017
2023-07-07 15:23:52.602 worker_log:602 7369 MainThread [INFO]  Completed executor task 6017
2023-07-07 15:23:52.602 worker_log:613 7369 MainThread [INFO]  All processing finished for executor task 6017
2023-07-07 15:23:52.614 worker_log:584 7369 MainThread [INFO]  Received executor task 6035
2023-07-07 15:24:11.867 worker_log:602 7369 MainThread [INFO]  Completed executor task 6035
2023-07-07 15:24:11.868 worker_log:613 7369 MainThread [INFO]  All processing finished for executor task 6035
2023-07-07 15:24:11.869 worker_log:584 7369 MainThread [INFO]  Received executor task 6049
2023-07-07 15:24:54.435 worker_log:602 7369 MainThread [INFO]  Completed executor task 6049
2023-07-07 15:24:54.436 worker_log:613 7369 MainThread [INFO]  All processing finished for executor task 6049
2023-07-07 15:24:54.447 worker_log:584 7369 MainThread [INFO]  Received executor task 6073
2023-07-07 15:25:14.984 worker_log:602 7369 MainThread [INFO]  Completed executor task 6073
2023-07-07 15:25:14.984 worker_log:613 7369 MainThread [INFO]  All processing finished for executor task 6073
2023-07-07 15:25:14.997 worker_log:584 7369 MainThread [INFO]  Received executor task 6083
2023-07-07 15:25:44.728 worker_log:602 7369 MainThread [INFO]  Completed executor task 6083
2023-07-07 15:25:44.729 worker_log:613 7369 MainThread [INFO]  All processing finished for executor task 6083
2023-07-07 15:25:44.740 worker_log:584 7369 MainThread [INFO]  Received executor task 6099
2023-07-07 15:26:39.553 worker_log:602 7369 MainThread [INFO]  Completed executor task 6099
2023-07-07 15:26:39.553 worker_log:613 7369 MainThread [INFO]  All processing finished for executor task 6099
2023-07-07 15:26:39.565 worker_log:584 7369 MainThread [INFO]  Received executor task 6135
2023-07-07 15:27:08.142 worker_log:602 7369 MainThread [INFO]  Completed executor task 6135
2023-07-07 15:27:08.143 worker_log:613 7369 MainThread [INFO]  All processing finished for executor task 6135
2023-07-07 15:27:08.154 worker_log:584 7369 MainThread [INFO]  Received executor task 6144
2023-07-07 15:27:44.935 worker_log:602 7369 MainThread [INFO]  Completed executor task 6144
2023-07-07 15:27:44.935 worker_log:613 7369 MainThread [INFO]  All processing finished for executor task 6144
2023-07-07 15:27:44.946 worker_log:584 7369 MainThread [INFO]  Received executor task 6162
2023-07-07 15:28:07.301 worker_log:602 7369 MainThread [INFO]  Completed executor task 6162
2023-07-07 15:28:07.301 worker_log:613 7369 MainThread [INFO]  All processing finished for executor task 6162
2023-07-07 15:28:07.312 worker_log:584 7369 MainThread [INFO]  Received executor task 6178
2023-07-07 15:28:41.340 worker_log:602 7369 MainThread [INFO]  Completed executor task 6178
2023-07-07 15:28:41.341 worker_log:613 7369 MainThread [INFO]  All processing finished for executor task 6178
2023-07-07 15:28:41.352 worker_log:584 7369 MainThread [INFO]  Received executor task 6197
2023-07-07 15:29:04.931 worker_log:602 7369 MainThread [INFO]  Completed executor task 6197
2023-07-07 15:29:04.931 worker_log:613 7369 MainThread [INFO]  All processing finished for executor task 6197
2023-07-07 15:29:04.942 worker_log:584 7369 MainThread [INFO]  Received executor task 6210
2023-07-07 15:29:28.765 worker_log:602 7369 MainThread [INFO]  Completed executor task 6210
2023-07-07 15:29:28.766 worker_log:613 7369 MainThread [INFO]  All processing finished for executor task 6210
2023-07-07 15:29:28.777 worker_log:584 7369 MainThread [INFO]  Received executor task 6224
2023-07-07 15:30:01.467 worker_log:602 7369 MainThread [INFO]  Completed executor task 6224
2023-07-07 15:30:01.468 worker_log:613 7369 MainThread [INFO]  All processing finished for executor task 6224
2023-07-07 15:30:01.479 worker_log:584 7369 MainThread [INFO]  Received executor task 6240
2023-07-07 15:30:21.365 worker_log:602 7369 MainThread [INFO]  Completed executor task 6240
2023-07-07 15:30:21.366 worker_log:613 7369 MainThread [INFO]  All processing finished for executor task 6240
2023-07-07 15:30:21.377 worker_log:584 7369 MainThread [INFO]  Received executor task 6255
2023-07-07 15:31:23.215 worker_log:602 7369 MainThread [INFO]  Completed executor task 6255
2023-07-07 15:31:23.215 worker_log:613 7369 MainThread [INFO]  All processing finished for executor task 6255
2023-07-07 15:31:23.227 worker_log:584 7369 MainThread [INFO]  Received executor task 6289
2023-07-07 15:31:49.800 worker_log:602 7369 MainThread [INFO]  Completed executor task 6289
2023-07-07 15:31:49.800 worker_log:613 7369 MainThread [INFO]  All processing finished for executor task 6289
2023-07-07 15:31:49.811 worker_log:584 7369 MainThread [INFO]  Received executor task 6302
2023-07-07 15:32:01.223 worker_log:602 7369 MainThread [INFO]  Completed executor task 6302
2023-07-07 15:32:01.223 worker_log:613 7369 MainThread [INFO]  All processing finished for executor task 6302
2023-07-07 15:32:01.234 worker_log:584 7369 MainThread [INFO]  Received executor task 6308
2023-07-07 15:32:25.422 worker_log:602 7369 MainThread [INFO]  Completed executor task 6308
2023-07-07 15:32:25.422 worker_log:613 7369 MainThread [INFO]  All processing finished for executor task 6308
2023-07-07 15:32:25.433 worker_log:584 7369 MainThread [INFO]  Received executor task 6320
2023-07-07 15:33:21.808 worker_log:602 7369 MainThread [INFO]  Completed executor task 6320
2023-07-07 15:33:21.808 worker_log:613 7369 MainThread [INFO]  All processing finished for executor task 6320
2023-07-07 15:33:21.819 worker_log:584 7369 MainThread [INFO]  Received executor task 6346
2023-07-07 15:33:56.450 worker_log:602 7369 MainThread [INFO]  Completed executor task 6346
2023-07-07 15:33:56.451 worker_log:613 7369 MainThread [INFO]  All processing finished for executor task 6346
2023-07-07 15:33:56.476 worker_log:584 7369 MainThread [INFO]  Received executor task 6364
2023-07-07 15:34:06.406 worker_log:602 7369 MainThread [INFO]  Completed executor task 6364
2023-07-07 15:34:06.406 worker_log:613 7369 MainThread [INFO]  All processing finished for executor task 6364
2023-07-07 15:34:06.418 worker_log:584 7369 MainThread [INFO]  Received executor task 6368
2023-07-07 15:34:21.928 worker_log:602 7369 MainThread [INFO]  Completed executor task 6368
2023-07-07 15:34:21.928 worker_log:613 7369 MainThread [INFO]  All processing finished for executor task 6368
2023-07-07 15:34:21.939 worker_log:584 7369 MainThread [INFO]  Received executor task 6378
2023-07-07 15:34:49.037 worker_log:602 7369 MainThread [INFO]  Completed executor task 6378
2023-07-07 15:34:49.037 worker_log:613 7369 MainThread [INFO]  All processing finished for executor task 6378
2023-07-07 15:34:49.048 worker_log:584 7369 MainThread [INFO]  Received executor task 6387
2023-07-07 15:35:20.227 worker_log:602 7369 MainThread [INFO]  Completed executor task 6387
2023-07-07 15:35:20.228 worker_log:613 7369 MainThread [INFO]  All processing finished for executor task 6387
2023-07-07 15:35:20.239 worker_log:584 7369 MainThread [INFO]  Received executor task 6401
2023-07-07 15:35:34.432 worker_log:602 7369 MainThread [INFO]  Completed executor task 6401
2023-07-07 15:35:34.432 worker_log:613 7369 MainThread [INFO]  All processing finished for executor task 6401
2023-07-07 15:35:34.443 worker_log:584 7369 MainThread [INFO]  Received executor task 6407
2023-07-07 15:35:47.696 worker_log:602 7369 MainThread [INFO]  Completed executor task 6407
2023-07-07 15:35:47.696 worker_log:613 7369 MainThread [INFO]  All processing finished for executor task 6407
2023-07-07 15:35:47.707 worker_log:584 7369 MainThread [INFO]  Received executor task 6418
2023-07-07 15:36:21.549 worker_log:602 7369 MainThread [INFO]  Completed executor task 6418
2023-07-07 15:36:21.559 worker_log:613 7369 MainThread [INFO]  All processing finished for executor task 6418
2023-07-07 15:36:21.561 worker_log:584 7369 MainThread [INFO]  Received executor task 6431
2023-07-07 15:37:17.436 worker_log:602 7369 MainThread [INFO]  Completed executor task 6431
2023-07-07 15:37:17.436 worker_log:613 7369 MainThread [INFO]  All processing finished for executor task 6431
2023-07-07 15:37:17.447 worker_log:584 7369 MainThread [INFO]  Received executor task 6455
2023-07-07 15:37:46.659 worker_log:602 7369 MainThread [INFO]  Completed executor task 6455
2023-07-07 15:37:46.660 worker_log:613 7369 MainThread [INFO]  All processing finished for executor task 6455
2023-07-07 15:37:46.671 worker_log:584 7369 MainThread [INFO]  Received executor task 6470
2023-07-07 15:38:16.935 worker_log:602 7369 MainThread [INFO]  Completed executor task 6470
2023-07-07 15:38:16.935 worker_log:613 7369 MainThread [INFO]  All processing finished for executor task 6470
2023-07-07 15:38:16.947 worker_log:584 7369 MainThread [INFO]  Received executor task 6482
2023-07-07 15:38:27.243 worker_log:602 7369 MainThread [INFO]  Completed executor task 6482
2023-07-07 15:38:27.243 worker_log:613 7369 MainThread [INFO]  All processing finished for executor task 6482
2023-07-07 15:38:27.255 worker_log:584 7369 MainThread [INFO]  Received executor task 6486
2023-07-07 15:38:58.222 worker_log:602 7369 MainThread [INFO]  Completed executor task 6486
2023-07-07 15:38:58.222 worker_log:613 7369 MainThread [INFO]  All processing finished for executor task 6486
2023-07-07 15:38:58.234 worker_log:584 7369 MainThread [INFO]  Received executor task 6504
2023-07-07 15:39:15.441 worker_log:602 7369 MainThread [INFO]  Completed executor task 6504
2023-07-07 15:39:15.441 worker_log:613 7369 MainThread [INFO]  All processing finished for executor task 6504
2023-07-07 15:39:15.452 worker_log:584 7369 MainThread [INFO]  Received executor task 6513
2023-07-07 15:40:07.099 worker_log:602 7369 MainThread [INFO]  Completed executor task 6513
2023-07-07 15:40:07.099 worker_log:613 7369 MainThread [INFO]  All processing finished for executor task 6513
2023-07-07 15:40:07.111 worker_log:584 7369 MainThread [INFO]  Received executor task 6533
2023-07-07 15:40:41.219 worker_log:602 7369 MainThread [INFO]  Completed executor task 6533
2023-07-07 15:40:41.219 worker_log:613 7369 MainThread [INFO]  All processing finished for executor task 6533
2023-07-07 15:40:41.230 worker_log:584 7369 MainThread [INFO]  Received executor task 6553
2023-07-07 15:41:11.506 worker_log:602 7369 MainThread [INFO]  Completed executor task 6553
2023-07-07 15:41:11.506 worker_log:613 7369 MainThread [INFO]  All processing finished for executor task 6553
2023-07-07 15:41:11.517 worker_log:584 7369 MainThread [INFO]  Received executor task 6564
2023-07-07 15:42:16.431 worker_log:602 7369 MainThread [INFO]  Completed executor task 6564
2023-07-07 15:42:16.431 worker_log:613 7369 MainThread [INFO]  All processing finished for executor task 6564
2023-07-07 15:42:16.442 worker_log:584 7369 MainThread [INFO]  Received executor task 6604
2023-07-07 15:42:48.072 worker_log:602 7369 MainThread [INFO]  Completed executor task 6604
2023-07-07 15:42:48.073 worker_log:613 7369 MainThread [INFO]  All processing finished for executor task 6604
2023-07-07 15:42:48.084 worker_log:584 7369 MainThread [INFO]  Received executor task 6621
2023-07-07 15:43:15.865 worker_log:602 7369 MainThread [INFO]  Completed executor task 6621
2023-07-07 15:43:15.865 worker_log:613 7369 MainThread [INFO]  All processing finished for executor task 6621
2023-07-07 15:43:15.876 worker_log:584 7369 MainThread [INFO]  Received executor task 6634
2023-07-07 15:43:29.615 worker_log:602 7369 MainThread [INFO]  Completed executor task 6634
2023-07-07 15:43:29.615 worker_log:613 7369 MainThread [INFO]  All processing finished for executor task 6634
2023-07-07 15:43:29.628 worker_log:584 7369 MainThread [INFO]  Received executor task 6641
2023-07-07 15:43:56.016 worker_log:602 7369 MainThread [INFO]  Completed executor task 6641
2023-07-07 15:43:56.017 worker_log:613 7369 MainThread [INFO]  All processing finished for executor task 6641
2023-07-07 15:43:56.028 worker_log:584 7369 MainThread [INFO]  Received executor task 6656
2023-07-07 15:44:35.025 worker_log:602 7369 MainThread [INFO]  Completed executor task 6656
2023-07-07 15:44:35.025 worker_log:613 7369 MainThread [INFO]  All processing finished for executor task 6656
2023-07-07 15:44:35.037 worker_log:584 7369 MainThread [INFO]  Received executor task 6678
2023-07-07 15:45:14.857 worker_log:602 7369 MainThread [INFO]  Completed executor task 6678
2023-07-07 15:45:14.858 worker_log:613 7369 MainThread [INFO]  All processing finished for executor task 6678
2023-07-07 15:45:14.870 worker_log:584 7369 MainThread [INFO]  Received executor task 6692
2023-07-07 15:45:44.403 worker_log:602 7369 MainThread [INFO]  Completed executor task 6692
2023-07-07 15:45:44.403 worker_log:613 7369 MainThread [INFO]  All processing finished for executor task 6692
2023-07-07 15:45:44.414 worker_log:584 7369 MainThread [INFO]  Received executor task 6705
2023-07-07 15:46:03.776 worker_log:602 7369 MainThread [INFO]  Completed executor task 6705
2023-07-07 15:46:03.776 worker_log:613 7369 MainThread [INFO]  All processing finished for executor task 6705
2023-07-07 15:46:03.777 worker_log:584 7369 MainThread [INFO]  Received executor task 6713
2023-07-07 15:46:23.631 worker_log:602 7369 MainThread [INFO]  Completed executor task 6713
2023-07-07 15:46:23.631 worker_log:613 7369 MainThread [INFO]  All processing finished for executor task 6713
2023-07-07 15:46:23.642 worker_log:584 7369 MainThread [INFO]  Received executor task 6728
2023-07-07 15:46:59.145 worker_log:602 7369 MainThread [INFO]  Completed executor task 6728
2023-07-07 15:46:59.145 worker_log:613 7369 MainThread [INFO]  All processing finished for executor task 6728
2023-07-07 15:46:59.156 worker_log:584 7369 MainThread [INFO]  Received executor task 6740
2023-07-07 15:47:25.189 worker_log:602 7369 MainThread [INFO]  Completed executor task 6740
2023-07-07 15:47:25.189 worker_log:613 7369 MainThread [INFO]  All processing finished for executor task 6740
2023-07-07 15:47:25.201 worker_log:584 7369 MainThread [INFO]  Received executor task 6758
2023-07-07 15:47:49.369 worker_log:602 7369 MainThread [INFO]  Completed executor task 6758
2023-07-07 15:47:49.370 worker_log:613 7369 MainThread [INFO]  All processing finished for executor task 6758
2023-07-07 15:47:49.381 worker_log:584 7369 MainThread [INFO]  Received executor task 6772
2023-07-07 15:48:06.102 worker_log:602 7369 MainThread [INFO]  Completed executor task 6772
2023-07-07 15:48:06.102 worker_log:613 7369 MainThread [INFO]  All processing finished for executor task 6772
2023-07-07 15:48:06.114 worker_log:584 7369 MainThread [INFO]  Received executor task 6782
2023-07-07 15:48:51.602 worker_log:602 7369 MainThread [INFO]  Completed executor task 6782
2023-07-07 15:48:51.603 worker_log:613 7369 MainThread [INFO]  All processing finished for executor task 6782
2023-07-07 15:48:51.615 worker_log:584 7369 MainThread [INFO]  Received executor task 6805
2023-07-07 15:49:21.352 worker_log:602 7369 MainThread [INFO]  Completed executor task 6805
2023-07-07 15:49:21.352 worker_log:613 7369 MainThread [INFO]  All processing finished for executor task 6805
2023-07-07 15:49:21.363 worker_log:584 7369 MainThread [INFO]  Received executor task 6825
2023-07-07 15:49:44.811 worker_log:602 7369 MainThread [INFO]  Completed executor task 6825
2023-07-07 15:49:44.811 worker_log:613 7369 MainThread [INFO]  All processing finished for executor task 6825
2023-07-07 15:49:44.822 worker_log:584 7369 MainThread [INFO]  Received executor task 6837
2023-07-07 15:49:55.629 worker_log:602 7369 MainThread [INFO]  Completed executor task 6837
2023-07-07 15:49:55.629 worker_log:613 7369 MainThread [INFO]  All processing finished for executor task 6837
2023-07-07 15:49:55.641 worker_log:584 7369 MainThread [INFO]  Received executor task 6841
2023-07-07 15:50:35.529 worker_log:602 7369 MainThread [INFO]  Completed executor task 6841
2023-07-07 15:50:35.529 worker_log:613 7369 MainThread [INFO]  All processing finished for executor task 6841
2023-07-07 15:50:35.540 worker_log:584 7369 MainThread [INFO]  Received executor task 6866
2023-07-07 15:51:04.488 worker_log:602 7369 MainThread [INFO]  Completed executor task 6866
2023-07-07 15:51:04.489 worker_log:613 7369 MainThread [INFO]  All processing finished for executor task 6866
2023-07-07 15:51:04.500 worker_log:584 7369 MainThread [INFO]  Received executor task 6882
2023-07-07 15:51:22.934 worker_log:602 7369 MainThread [INFO]  Completed executor task 6882
2023-07-07 15:51:22.934 worker_log:613 7369 MainThread [INFO]  All processing finished for executor task 6882
2023-07-07 15:51:22.945 worker_log:584 7369 MainThread [INFO]  Received executor task 6896
2023-07-07 15:51:59.089 worker_log:602 7369 MainThread [INFO]  Completed executor task 6896
2023-07-07 15:51:59.089 worker_log:613 7369 MainThread [INFO]  All processing finished for executor task 6896
2023-07-07 15:51:59.100 worker_log:584 7369 MainThread [INFO]  Received executor task 6915
2023-07-07 15:52:26.164 worker_log:602 7369 MainThread [INFO]  Completed executor task 6915
2023-07-07 15:52:26.165 worker_log:613 7369 MainThread [INFO]  All processing finished for executor task 6915
2023-07-07 15:52:26.176 worker_log:584 7369 MainThread [INFO]  Received executor task 6933
2023-07-07 15:52:52.446 worker_log:602 7369 MainThread [INFO]  Completed executor task 6933
2023-07-07 15:52:52.446 worker_log:613 7369 MainThread [INFO]  All processing finished for executor task 6933
2023-07-07 15:52:52.457 worker_log:584 7369 MainThread [INFO]  Received executor task 6943
2023-07-07 15:53:04.081 worker_log:602 7369 MainThread [INFO]  Completed executor task 6943
2023-07-07 15:53:04.081 worker_log:613 7369 MainThread [INFO]  All processing finished for executor task 6943
2023-07-07 15:53:04.092 worker_log:584 7369 MainThread [INFO]  Received executor task 6948
2023-07-07 15:53:22.365 worker_log:602 7369 MainThread [INFO]  Completed executor task 6948
2023-07-07 15:53:22.365 worker_log:613 7369 MainThread [INFO]  All processing finished for executor task 6948
2023-07-07 15:53:22.376 worker_log:584 7369 MainThread [INFO]  Received executor task 6953
2023-07-07 15:53:36.223 worker_log:602 7369 MainThread [INFO]  Completed executor task 6953
2023-07-07 15:53:36.224 worker_log:613 7369 MainThread [INFO]  All processing finished for executor task 6953
2023-07-07 15:53:36.237 worker_log:584 7369 MainThread [INFO]  Received executor task 6964
2023-07-07 15:53:53.447 worker_log:602 7369 MainThread [INFO]  Completed executor task 6964
2023-07-07 15:53:53.448 worker_log:613 7369 MainThread [INFO]  All processing finished for executor task 6964
2023-07-07 15:53:53.459 worker_log:584 7369 MainThread [INFO]  Received executor task 6974
2023-07-07 15:54:23.342 worker_log:602 7369 MainThread [INFO]  Completed executor task 6974
2023-07-07 15:54:23.343 worker_log:613 7369 MainThread [INFO]  All processing finished for executor task 6974
2023-07-07 15:54:23.354 worker_log:584 7369 MainThread [INFO]  Received executor task 6993
2023-07-07 15:54:44.277 worker_log:602 7369 MainThread [INFO]  Completed executor task 6993
2023-07-07 15:54:44.278 worker_log:613 7369 MainThread [INFO]  All processing finished for executor task 6993
2023-07-07 15:54:44.289 worker_log:584 7369 MainThread [INFO]  Received executor task 6999
2023-07-07 15:55:12.081 worker_log:602 7369 MainThread [INFO]  Completed executor task 6999
2023-07-07 15:55:12.081 worker_log:613 7369 MainThread [INFO]  All processing finished for executor task 6999
2023-07-07 15:55:12.092 worker_log:584 7369 MainThread [INFO]  Received executor task 7014
2023-07-07 15:55:57.503 worker_log:602 7369 MainThread [INFO]  Completed executor task 7014
2023-07-07 15:55:57.503 worker_log:613 7369 MainThread [INFO]  All processing finished for executor task 7014
2023-07-07 15:55:57.515 worker_log:584 7369 MainThread [INFO]  Received executor task 7034
2023-07-07 15:56:07.558 worker_log:602 7369 MainThread [INFO]  Completed executor task 7034
2023-07-07 15:56:07.558 worker_log:613 7369 MainThread [INFO]  All processing finished for executor task 7034
2023-07-07 15:56:07.569 worker_log:584 7369 MainThread [INFO]  Received executor task 7038
2023-07-07 15:56:46.817 worker_log:602 7369 MainThread [INFO]  Completed executor task 7038
2023-07-07 15:56:46.818 worker_log:613 7369 MainThread [INFO]  All processing finished for executor task 7038
2023-07-07 15:56:46.829 worker_log:584 7369 MainThread [INFO]  Received executor task 7063
2023-07-07 15:57:07.175 worker_log:602 7369 MainThread [INFO]  Completed executor task 7063
2023-07-07 15:57:07.175 worker_log:613 7369 MainThread [INFO]  All processing finished for executor task 7063
2023-07-07 15:57:07.187 worker_log:584 7369 MainThread [INFO]  Received executor task 7074
2023-07-07 15:57:44.258 worker_log:602 7369 MainThread [INFO]  Completed executor task 7074
2023-07-07 15:57:44.259 worker_log:613 7369 MainThread [INFO]  All processing finished for executor task 7074
2023-07-07 15:57:44.260 worker_log:584 7369 MainThread [INFO]  Received executor task 7095
2023-07-07 15:58:13.024 worker_log:602 7369 MainThread [INFO]  Completed executor task 7095
2023-07-07 15:58:13.024 worker_log:613 7369 MainThread [INFO]  All processing finished for executor task 7095
2023-07-07 15:58:13.035 worker_log:584 7369 MainThread [INFO]  Received executor task 7108
2023-07-07 15:59:02.016 worker_log:602 7369 MainThread [INFO]  Completed executor task 7108
2023-07-07 15:59:02.017 worker_log:613 7369 MainThread [INFO]  All processing finished for executor task 7108
2023-07-07 15:59:02.017 worker_log:584 7369 MainThread [INFO]  Received executor task 7134
2023-07-07 15:59:34.896 worker_log:602 7369 MainThread [INFO]  Completed executor task 7134
2023-07-07 15:59:34.909 worker_log:613 7369 MainThread [INFO]  All processing finished for executor task 7134
2023-07-07 15:59:34.909 worker_log:584 7369 MainThread [INFO]  Received executor task 7149
2023-07-07 16:00:08.388 worker_log:602 7369 MainThread [INFO]  Completed executor task 7149
2023-07-07 16:00:08.389 worker_log:613 7369 MainThread [INFO]  All processing finished for executor task 7149
2023-07-07 16:00:08.400 worker_log:584 7369 MainThread [INFO]  Received executor task 7166
2023-07-07 16:00:43.914 worker_log:602 7369 MainThread [INFO]  Completed executor task 7166
2023-07-07 16:00:43.915 worker_log:613 7369 MainThread [INFO]  All processing finished for executor task 7166
2023-07-07 16:00:43.926 worker_log:584 7369 MainThread [INFO]  Received executor task 7183
2023-07-07 16:02:03.343 worker_log:602 7369 MainThread [INFO]  Completed executor task 7183
2023-07-07 16:02:03.344 worker_log:613 7369 MainThread [INFO]  All processing finished for executor task 7183
2023-07-07 16:02:03.355 worker_log:584 7369 MainThread [INFO]  Received executor task 7217
2023-07-07 16:02:48.265 worker_log:602 7369 MainThread [INFO]  Completed executor task 7217
2023-07-07 16:02:48.265 worker_log:613 7369 MainThread [INFO]  All processing finished for executor task 7217
2023-07-07 16:02:48.276 worker_log:584 7369 MainThread [INFO]  Received executor task 7234
2023-07-07 16:03:51.080 worker_log:602 7369 MainThread [INFO]  Completed executor task 7234
2023-07-07 16:03:51.080 worker_log:613 7369 MainThread [INFO]  All processing finished for executor task 7234
2023-07-07 16:03:51.096 worker_log:584 7369 MainThread [INFO]  Received executor task 7253
2023-07-07 16:03:59.157 worker_log:602 7369 MainThread [INFO]  Completed executor task 7253
2023-07-07 16:03:59.158 worker_log:613 7369 MainThread [INFO]  All processing finished for executor task 7253
2023-07-07 16:03:59.169 worker_log:584 7369 MainThread [INFO]  Received executor task 7259
2023-07-07 16:04:34.339 worker_log:602 7369 MainThread [INFO]  Completed executor task 7259
2023-07-07 16:04:34.339 worker_log:613 7369 MainThread [INFO]  All processing finished for executor task 7259
2023-07-07 16:04:34.350 worker_log:584 7369 MainThread [INFO]  Received executor task 7268
2023-07-07 16:05:04.592 worker_log:602 7369 MainThread [INFO]  Completed executor task 7268
2023-07-07 16:05:04.593 worker_log:613 7369 MainThread [INFO]  All processing finished for executor task 7268
2023-07-07 16:05:04.604 worker_log:584 7369 MainThread [INFO]  Received executor task 7283
2023-07-07 16:05:39.123 worker_log:602 7369 MainThread [INFO]  Completed executor task 7283
2023-07-07 16:05:39.124 worker_log:613 7369 MainThread [INFO]  All processing finished for executor task 7283
2023-07-07 16:05:39.135 worker_log:584 7369 MainThread [INFO]  Received executor task 7293
2023-07-07 16:06:07.526 worker_log:602 7369 MainThread [INFO]  Completed executor task 7293
2023-07-07 16:06:07.526 worker_log:613 7369 MainThread [INFO]  All processing finished for executor task 7293
2023-07-07 16:06:07.538 worker_log:584 7369 MainThread [INFO]  Received executor task 7303
2023-07-07 16:06:30.068 worker_log:602 7369 MainThread [INFO]  Completed executor task 7303
2023-07-07 16:06:30.069 worker_log:613 7369 MainThread [INFO]  All processing finished for executor task 7303
2023-07-07 16:06:30.080 worker_log:584 7369 MainThread [INFO]  Received executor task 7313
2023-07-07 16:06:52.682 worker_log:602 7369 MainThread [INFO]  Completed executor task 7313
2023-07-07 16:06:52.682 worker_log:613 7369 MainThread [INFO]  All processing finished for executor task 7313
2023-07-07 16:06:52.695 worker_log:584 7369 MainThread [INFO]  Received executor task 7321
2023-07-07 16:07:21.219 worker_log:602 7369 MainThread [INFO]  Completed executor task 7321
2023-07-07 16:07:21.220 worker_log:613 7369 MainThread [INFO]  All processing finished for executor task 7321
2023-07-07 16:07:21.231 worker_log:584 7369 MainThread [INFO]  Received executor task 7335
2023-07-07 16:08:27.041 worker_log:602 7369 MainThread [INFO]  Completed executor task 7335
2023-07-07 16:08:27.041 worker_log:613 7369 MainThread [INFO]  All processing finished for executor task 7335
2023-07-07 16:08:27.053 worker_log:584 7369 MainThread [INFO]  Received executor task 7359
2023-07-07 16:08:54.265 worker_log:602 7369 MainThread [INFO]  Completed executor task 7359
2023-07-07 16:08:54.265 worker_log:613 7369 MainThread [INFO]  All processing finished for executor task 7359
2023-07-07 16:08:54.277 worker_log:584 7369 MainThread [INFO]  Received executor task 7375
2023-07-07 16:10:20.927 worker_log:602 7369 MainThread [INFO]  Completed executor task 7375
2023-07-07 16:10:20.928 worker_log:613 7369 MainThread [INFO]  All processing finished for executor task 7375
2023-07-07 16:10:20.939 worker_log:584 7369 MainThread [INFO]  Received executor task 7408
2023-07-07 16:10:43.285 worker_log:602 7369 MainThread [INFO]  Completed executor task 7408
2023-07-07 16:10:43.285 worker_log:613 7369 MainThread [INFO]  All processing finished for executor task 7408
2023-07-07 16:10:43.296 worker_log:584 7369 MainThread [INFO]  Received executor task 7418
2023-07-07 16:11:23.691 worker_log:602 7369 MainThread [INFO]  Completed executor task 7418
2023-07-07 16:11:23.691 worker_log:613 7369 MainThread [INFO]  All processing finished for executor task 7418
2023-07-07 16:11:23.702 worker_log:584 7369 MainThread [INFO]  Received executor task 7434
2023-07-07 16:11:54.052 worker_log:602 7369 MainThread [INFO]  Completed executor task 7434
2023-07-07 16:11:54.053 worker_log:613 7369 MainThread [INFO]  All processing finished for executor task 7434
2023-07-07 16:11:54.064 worker_log:584 7369 MainThread [INFO]  Received executor task 7445
2023-07-07 16:12:38.926 worker_log:602 7369 MainThread [INFO]  Completed executor task 7445
2023-07-07 16:12:38.926 worker_log:613 7369 MainThread [INFO]  All processing finished for executor task 7445
2023-07-07 16:12:38.938 worker_log:584 7369 MainThread [INFO]  Received executor task 7463
2023-07-07 16:13:15.893 worker_log:602 7369 MainThread [INFO]  Completed executor task 7463
2023-07-07 16:13:15.894 worker_log:613 7369 MainThread [INFO]  All processing finished for executor task 7463
2023-07-07 16:13:15.905 worker_log:584 7369 MainThread [INFO]  Received executor task 7485
2023-07-07 16:13:31.165 worker_log:602 7369 MainThread [INFO]  Completed executor task 7485
2023-07-07 16:13:31.166 worker_log:613 7369 MainThread [INFO]  All processing finished for executor task 7485
2023-07-07 16:13:31.189 worker_log:584 7369 MainThread [INFO]  Received executor task 7496
2023-07-07 16:14:15.641 worker_log:602 7369 MainThread [INFO]  Completed executor task 7496
2023-07-07 16:14:15.641 worker_log:613 7369 MainThread [INFO]  All processing finished for executor task 7496
2023-07-07 16:14:15.652 worker_log:584 7369 MainThread [INFO]  Received executor task 7515
2023-07-07 16:14:42.038 worker_log:602 7369 MainThread [INFO]  Completed executor task 7515
2023-07-07 16:14:42.039 worker_log:613 7369 MainThread [INFO]  All processing finished for executor task 7515
2023-07-07 16:14:42.050 worker_log:584 7369 MainThread [INFO]  Received executor task 7531
2023-07-07 16:15:02.955 worker_log:602 7369 MainThread [INFO]  Completed executor task 7531
2023-07-07 16:15:02.956 worker_log:613 7369 MainThread [INFO]  All processing finished for executor task 7531
2023-07-07 16:15:02.968 worker_log:584 7369 MainThread [INFO]  Received executor task 7538
2023-07-07 16:15:30.965 worker_log:602 7369 MainThread [INFO]  Completed executor task 7538
2023-07-07 16:15:30.966 worker_log:613 7369 MainThread [INFO]  All processing finished for executor task 7538
2023-07-07 16:15:30.977 worker_log:584 7369 MainThread [INFO]  Received executor task 7553
2023-07-07 16:16:11.808 worker_log:602 7369 MainThread [INFO]  Completed executor task 7553
2023-07-07 16:16:11.808 worker_log:613 7369 MainThread [INFO]  All processing finished for executor task 7553
2023-07-07 16:16:11.819 worker_log:584 7369 MainThread [INFO]  Received executor task 7581
2023-07-07 16:16:39.335 worker_log:602 7369 MainThread [INFO]  Completed executor task 7581
2023-07-07 16:16:39.335 worker_log:613 7369 MainThread [INFO]  All processing finished for executor task 7581
2023-07-07 16:16:39.346 worker_log:584 7369 MainThread [INFO]  Received executor task 7590
2023-07-07 16:17:01.755 worker_log:602 7369 MainThread [INFO]  Completed executor task 7590
2023-07-07 16:17:01.756 worker_log:613 7369 MainThread [INFO]  All processing finished for executor task 7590
2023-07-07 16:17:01.767 worker_log:584 7369 MainThread [INFO]  Received executor task 7604
2023-07-07 16:17:38.283 worker_log:602 7369 MainThread [INFO]  Completed executor task 7604
2023-07-07 16:17:38.284 worker_log:613 7369 MainThread [INFO]  All processing finished for executor task 7604
2023-07-07 16:17:38.295 worker_log:584 7369 MainThread [INFO]  Received executor task 7621
2023-07-07 16:18:13.444 worker_log:602 7369 MainThread [INFO]  Completed executor task 7621
2023-07-07 16:18:13.445 worker_log:613 7369 MainThread [INFO]  All processing finished for executor task 7621
2023-07-07 16:18:13.456 worker_log:584 7369 MainThread [INFO]  Received executor task 7635
2023-07-07 16:18:59.076 worker_log:602 7369 MainThread [INFO]  Completed executor task 7635
2023-07-07 16:18:59.076 worker_log:613 7369 MainThread [INFO]  All processing finished for executor task 7635
2023-07-07 16:18:59.087 worker_log:584 7369 MainThread [INFO]  Received executor task 7653
2023-07-07 16:19:10.362 worker_log:602 7369 MainThread [INFO]  Completed executor task 7653
2023-07-07 16:19:10.363 worker_log:613 7369 MainThread [INFO]  All processing finished for executor task 7653
2023-07-07 16:19:10.374 worker_log:584 7369 MainThread [INFO]  Received executor task 7657
2023-07-07 16:19:53.162 worker_log:602 7369 MainThread [INFO]  Completed executor task 7657
2023-07-07 16:19:53.163 worker_log:613 7369 MainThread [INFO]  All processing finished for executor task 7657
2023-07-07 16:19:53.175 worker_log:584 7369 MainThread [INFO]  Received executor task 7685
2023-07-07 16:20:35.564 worker_log:602 7369 MainThread [INFO]  Completed executor task 7685
2023-07-07 16:20:35.565 worker_log:613 7369 MainThread [INFO]  All processing finished for executor task 7685
2023-07-07 16:20:35.567 worker_log:584 7369 MainThread [INFO]  Received executor task 7699
2023-07-07 16:20:47.495 worker_log:602 7369 MainThread [INFO]  Completed executor task 7699
2023-07-07 16:20:47.495 worker_log:613 7369 MainThread [INFO]  All processing finished for executor task 7699
2023-07-07 16:20:47.507 worker_log:584 7369 MainThread [INFO]  Received executor task 7709
2023-07-07 16:21:26.867 worker_log:602 7369 MainThread [INFO]  Completed executor task 7709
2023-07-07 16:21:26.878 worker_log:613 7369 MainThread [INFO]  All processing finished for executor task 7709
2023-07-07 16:21:26.879 worker_log:584 7369 MainThread [INFO]  Received executor task 7730
2023-07-07 16:21:59.083 worker_log:602 7369 MainThread [INFO]  Completed executor task 7730
2023-07-07 16:21:59.084 worker_log:613 7369 MainThread [INFO]  All processing finished for executor task 7730
2023-07-07 16:21:59.095 worker_log:584 7369 MainThread [INFO]  Received executor task 7743
2023-07-07 16:22:27.030 worker_log:602 7369 MainThread [INFO]  Completed executor task 7743
2023-07-07 16:22:27.030 worker_log:613 7369 MainThread [INFO]  All processing finished for executor task 7743
2023-07-07 16:22:27.042 worker_log:584 7369 MainThread [INFO]  Received executor task 7758
2023-07-07 16:22:49.494 worker_log:602 7369 MainThread [INFO]  Completed executor task 7758
2023-07-07 16:22:49.495 worker_log:613 7369 MainThread [INFO]  All processing finished for executor task 7758
2023-07-07 16:22:49.506 worker_log:584 7369 MainThread [INFO]  Received executor task 7770
2023-07-07 16:23:17.594 worker_log:602 7369 MainThread [INFO]  Completed executor task 7770
2023-07-07 16:23:17.595 worker_log:613 7369 MainThread [INFO]  All processing finished for executor task 7770
2023-07-07 16:23:17.606 worker_log:584 7369 MainThread [INFO]  Received executor task 7788
2023-07-07 16:23:50.379 worker_log:602 7369 MainThread [INFO]  Completed executor task 7788
2023-07-07 16:23:50.379 worker_log:613 7369 MainThread [INFO]  All processing finished for executor task 7788
2023-07-07 16:23:50.390 worker_log:584 7369 MainThread [INFO]  Received executor task 7810
2023-07-07 16:24:06.647 worker_log:602 7369 MainThread [INFO]  Completed executor task 7810
2023-07-07 16:24:06.647 worker_log:613 7369 MainThread [INFO]  All processing finished for executor task 7810
2023-07-07 16:24:06.658 worker_log:584 7369 MainThread [INFO]  Received executor task 7820
2023-07-07 16:24:38.437 worker_log:602 7369 MainThread [INFO]  Completed executor task 7820
2023-07-07 16:24:38.438 worker_log:613 7369 MainThread [INFO]  All processing finished for executor task 7820
2023-07-07 16:24:38.449 worker_log:584 7369 MainThread [INFO]  Received executor task 7837
2023-07-07 16:25:33.627 worker_log:602 7369 MainThread [INFO]  Completed executor task 7837
2023-07-07 16:25:33.628 worker_log:613 7369 MainThread [INFO]  All processing finished for executor task 7837
2023-07-07 16:25:33.639 worker_log:584 7369 MainThread [INFO]  Received executor task 7863
2023-07-07 16:26:13.287 worker_log:602 7369 MainThread [INFO]  Completed executor task 7863
2023-07-07 16:26:13.287 worker_log:613 7369 MainThread [INFO]  All processing finished for executor task 7863
2023-07-07 16:26:13.298 worker_log:584 7369 MainThread [INFO]  Received executor task 7887
2023-07-07 16:26:44.254 worker_log:602 7369 MainThread [INFO]  Completed executor task 7887
2023-07-07 16:26:44.254 worker_log:613 7369 MainThread [INFO]  All processing finished for executor task 7887
2023-07-07 16:26:44.265 worker_log:584 7369 MainThread [INFO]  Received executor task 7899
2023-07-07 16:27:17.708 worker_log:602 7369 MainThread [INFO]  Completed executor task 7899
2023-07-07 16:27:17.709 worker_log:613 7369 MainThread [INFO]  All processing finished for executor task 7899
2023-07-07 16:27:17.720 worker_log:584 7369 MainThread [INFO]  Received executor task 7911
2023-07-07 16:28:02.550 worker_log:602 7369 MainThread [INFO]  Completed executor task 7911
2023-07-07 16:28:02.551 worker_log:613 7369 MainThread [INFO]  All processing finished for executor task 7911
2023-07-07 16:28:02.563 worker_log:584 7369 MainThread [INFO]  Received executor task 7931
2023-07-07 16:28:48.744 worker_log:602 7369 MainThread [INFO]  Completed executor task 7931
2023-07-07 16:28:48.744 worker_log:613 7369 MainThread [INFO]  All processing finished for executor task 7931
2023-07-07 16:28:48.755 worker_log:584 7369 MainThread [INFO]  Received executor task 7953
2023-07-07 16:29:43.247 worker_log:602 7369 MainThread [INFO]  Completed executor task 7953
2023-07-07 16:29:43.248 worker_log:613 7369 MainThread [INFO]  All processing finished for executor task 7953
2023-07-07 16:29:43.259 worker_log:584 7369 MainThread [INFO]  Received executor task 7978
2023-07-07 16:30:01.248 worker_log:602 7369 MainThread [INFO]  Completed executor task 7978
2023-07-07 16:30:01.248 worker_log:613 7369 MainThread [INFO]  All processing finished for executor task 7978
2023-07-07 16:30:01.259 worker_log:584 7369 MainThread [INFO]  Received executor task 7985
2023-07-07 16:30:30.270 worker_log:602 7369 MainThread [INFO]  Completed executor task 7985
2023-07-07 16:30:30.270 worker_log:613 7369 MainThread [INFO]  All processing finished for executor task 7985
2023-07-07 16:30:30.281 worker_log:584 7369 MainThread [INFO]  Received executor task 7998
2023-07-07 16:30:50.925 worker_log:602 7369 MainThread [INFO]  Completed executor task 7998
2023-07-07 16:30:50.937 worker_log:613 7369 MainThread [INFO]  All processing finished for executor task 7998
2023-07-07 16:30:50.937 worker_log:584 7369 MainThread [INFO]  Received executor task 8008
2023-07-07 16:31:22.194 worker_log:602 7369 MainThread [INFO]  Completed executor task 8008
2023-07-07 16:31:22.196 worker_log:613 7369 MainThread [INFO]  All processing finished for executor task 8008
2023-07-07 16:31:22.212 worker_log:584 7369 MainThread [INFO]  Received executor task 8022
2023-07-07 16:32:17.066 worker_log:602 7369 MainThread [INFO]  Completed executor task 8022
2023-07-07 16:32:17.067 worker_log:613 7369 MainThread [INFO]  All processing finished for executor task 8022
2023-07-07 16:32:17.078 worker_log:584 7369 MainThread [INFO]  Received executor task 8046
2023-07-07 16:32:24.955 worker_log:602 7369 MainThread [INFO]  Completed executor task 8046
2023-07-07 16:32:24.956 worker_log:613 7369 MainThread [INFO]  All processing finished for executor task 8046
2023-07-07 16:32:24.967 worker_log:584 7369 MainThread [INFO]  Received executor task 8051
2023-07-07 16:32:40.095 worker_log:602 7369 MainThread [INFO]  Completed executor task 8051
2023-07-07 16:32:40.096 worker_log:613 7369 MainThread [INFO]  All processing finished for executor task 8051
2023-07-07 16:32:40.107 worker_log:584 7369 MainThread [INFO]  Received executor task 8059
2023-07-07 16:33:18.684 worker_log:602 7369 MainThread [INFO]  Completed executor task 8059
2023-07-07 16:33:18.684 worker_log:613 7369 MainThread [INFO]  All processing finished for executor task 8059
2023-07-07 16:33:18.695 worker_log:584 7369 MainThread [INFO]  Received executor task 8074
2023-07-07 16:34:28.403 worker_log:602 7369 MainThread [INFO]  Completed executor task 8074
2023-07-07 16:34:28.404 worker_log:613 7369 MainThread [INFO]  All processing finished for executor task 8074
2023-07-07 16:34:28.415 worker_log:584 7369 MainThread [INFO]  Received executor task 8104
2023-07-07 16:34:58.384 worker_log:602 7369 MainThread [INFO]  Completed executor task 8104
2023-07-07 16:34:58.385 worker_log:613 7369 MainThread [INFO]  All processing finished for executor task 8104
2023-07-07 16:34:58.396 worker_log:584 7369 MainThread [INFO]  Received executor task 8118
2023-07-07 16:35:49.695 worker_log:602 7369 MainThread [INFO]  Completed executor task 8118
2023-07-07 16:35:49.696 worker_log:613 7369 MainThread [INFO]  All processing finished for executor task 8118
2023-07-07 16:35:49.707 worker_log:584 7369 MainThread [INFO]  Received executor task 8135
2023-07-07 16:37:05.717 worker_log:602 7369 MainThread [INFO]  Completed executor task 8135
2023-07-07 16:37:05.718 worker_log:613 7369 MainThread [INFO]  All processing finished for executor task 8135
2023-07-07 16:37:05.729 worker_log:584 7369 MainThread [INFO]  Received executor task 8160
2023-07-07 16:38:44.167 worker_log:602 7369 MainThread [INFO]  Completed executor task 8160
2023-07-07 16:38:44.167 worker_log:613 7369 MainThread [INFO]  All processing finished for executor task 8160
2023-07-07 16:38:44.179 worker_log:584 7369 MainThread [INFO]  Received executor task 8192
2023-07-07 16:39:24.762 worker_log:602 7369 MainThread [INFO]  Completed executor task 8192
2023-07-07 16:39:24.762 worker_log:613 7369 MainThread [INFO]  All processing finished for executor task 8192
2023-07-07 16:39:24.774 worker_log:584 7369 MainThread [INFO]  Received executor task 8204
2023-07-07 16:40:45.427 worker_log:602 7369 MainThread [INFO]  Completed executor task 8204
2023-07-07 16:40:45.427 worker_log:613 7369 MainThread [INFO]  All processing finished for executor task 8204
2023-07-07 16:40:45.438 worker_log:584 7369 MainThread [INFO]  Received executor task 8229
2023-07-07 16:41:53.372 worker_log:602 7369 MainThread [INFO]  Completed executor task 8229
2023-07-07 16:41:53.372 worker_log:613 7369 MainThread [INFO]  All processing finished for executor task 8229
2023-07-07 16:41:53.384 worker_log:584 7369 MainThread [INFO]  Received executor task 8252
2023-07-07 16:42:30.673 worker_log:602 7369 MainThread [INFO]  Completed executor task 8252
2023-07-07 16:42:30.673 worker_log:613 7369 MainThread [INFO]  All processing finished for executor task 8252
2023-07-07 16:42:30.694 worker_log:584 7369 MainThread [INFO]  Received executor task 8261
2023-07-07 16:43:18.233 worker_log:602 7369 MainThread [INFO]  Completed executor task 8261
2023-07-07 16:43:18.233 worker_log:613 7369 MainThread [INFO]  All processing finished for executor task 8261
2023-07-07 16:43:18.244 worker_log:584 7369 MainThread [INFO]  Received executor task 8283
2023-07-07 16:45:33.823 worker_log:602 7369 MainThread [INFO]  Completed executor task 8283
2023-07-07 16:45:33.823 worker_log:613 7369 MainThread [INFO]  All processing finished for executor task 8283
2023-07-07 16:45:33.834 worker_log:584 7369 MainThread [INFO]  Received executor task 8313
2023-07-07 16:46:26.277 worker_log:602 7369 MainThread [INFO]  Completed executor task 8313
2023-07-07 16:46:26.277 worker_log:613 7369 MainThread [INFO]  All processing finished for executor task 8313
2023-07-07 16:46:26.288 worker_log:584 7369 MainThread [INFO]  Received executor task 8327
2023-07-07 16:47:51.991 worker_log:602 7369 MainThread [INFO]  Completed executor task 8327
2023-07-07 16:47:51.992 worker_log:613 7369 MainThread [INFO]  All processing finished for executor task 8327
2023-07-07 16:47:52.003 worker_log:584 7369 MainThread [INFO]  Received executor task 8345
2023-07-07 16:48:41.249 worker_log:602 7369 MainThread [INFO]  Completed executor task 8345
2023-07-07 16:48:41.249 worker_log:613 7369 MainThread [INFO]  All processing finished for executor task 8345
2023-07-07 16:48:41.260 worker_log:584 7369 MainThread [INFO]  Received executor task 8356
2023-07-07 16:50:04.946 worker_log:602 7369 MainThread [INFO]  Completed executor task 8356
2023-07-07 16:50:04.946 worker_log:613 7369 MainThread [INFO]  All processing finished for executor task 8356
2023-07-07 16:50:04.957 worker_log:584 7369 MainThread [INFO]  Received executor task 8379
2023-07-07 16:50:49.631 worker_log:602 7369 MainThread [INFO]  Completed executor task 8379
2023-07-07 16:50:49.631 worker_log:613 7369 MainThread [INFO]  All processing finished for executor task 8379
2023-07-07 16:50:49.642 worker_log:584 7369 MainThread [INFO]  Received executor task 8391
2023-07-07 16:51:55.562 worker_log:602 7369 MainThread [INFO]  Completed executor task 8391
2023-07-07 16:51:55.562 worker_log:613 7369 MainThread [INFO]  All processing finished for executor task 8391
2023-07-07 16:51:55.573 worker_log:584 7369 MainThread [INFO]  Received executor task 8412
2023-07-07 16:52:39.820 worker_log:602 7369 MainThread [INFO]  Completed executor task 8412
2023-07-07 16:52:39.821 worker_log:613 7369 MainThread [INFO]  All processing finished for executor task 8412
2023-07-07 16:52:39.832 worker_log:584 7369 MainThread [INFO]  Received executor task 8426
2023-07-07 16:53:27.626 worker_log:602 7369 MainThread [INFO]  Completed executor task 8426
2023-07-07 16:53:27.626 worker_log:613 7369 MainThread [INFO]  All processing finished for executor task 8426
2023-07-07 16:53:27.637 worker_log:584 7369 MainThread [INFO]  Received executor task 8443
2023-07-07 16:53:48.326 worker_log:602 7369 MainThread [INFO]  Completed executor task 8443
2023-07-07 16:53:48.327 worker_log:613 7369 MainThread [INFO]  All processing finished for executor task 8443
2023-07-07 16:53:48.338 worker_log:584 7369 MainThread [INFO]  Received executor task 8455
2023-07-07 16:54:05.253 worker_log:602 7369 MainThread [INFO]  Completed executor task 8455
2023-07-07 16:54:05.253 worker_log:613 7369 MainThread [INFO]  All processing finished for executor task 8455
2023-07-07 16:54:05.264 worker_log:584 7369 MainThread [INFO]  Received executor task 8467
2023-07-07 16:54:32.444 worker_log:602 7369 MainThread [INFO]  Completed executor task 8467
2023-07-07 16:54:32.444 worker_log:613 7369 MainThread [INFO]  All processing finished for executor task 8467
2023-07-07 16:54:32.455 worker_log:584 7369 MainThread [INFO]  Received executor task 8482
2023-07-07 16:54:54.065 worker_log:602 7369 MainThread [INFO]  Completed executor task 8482
2023-07-07 16:54:54.065 worker_log:613 7369 MainThread [INFO]  All processing finished for executor task 8482
2023-07-07 16:54:54.076 worker_log:584 7369 MainThread [INFO]  Received executor task 8493
2023-07-07 16:55:21.559 worker_log:602 7369 MainThread [INFO]  Completed executor task 8493
2023-07-07 16:55:21.559 worker_log:613 7369 MainThread [INFO]  All processing finished for executor task 8493
2023-07-07 16:55:21.570 worker_log:584 7369 MainThread [INFO]  Received executor task 8508
2023-07-07 16:55:58.810 worker_log:602 7369 MainThread [INFO]  Completed executor task 8508
2023-07-07 16:55:58.810 worker_log:613 7369 MainThread [INFO]  All processing finished for executor task 8508
2023-07-07 16:55:58.822 worker_log:584 7369 MainThread [INFO]  Received executor task 8524
2023-07-07 16:56:36.541 worker_log:602 7369 MainThread [INFO]  Completed executor task 8524
2023-07-07 16:56:36.541 worker_log:613 7369 MainThread [INFO]  All processing finished for executor task 8524
2023-07-07 16:56:36.552 worker_log:584 7369 MainThread [INFO]  Received executor task 8538
2023-07-07 16:57:02.506 worker_log:602 7369 MainThread [INFO]  Completed executor task 8538
2023-07-07 16:57:02.507 worker_log:613 7369 MainThread [INFO]  All processing finished for executor task 8538
2023-07-07 16:57:02.518 worker_log:584 7369 MainThread [INFO]  Received executor task 8551
2023-07-07 16:58:01.945 worker_log:602 7369 MainThread [INFO]  Completed executor task 8551
2023-07-07 16:58:01.946 worker_log:613 7369 MainThread [INFO]  All processing finished for executor task 8551
2023-07-07 16:58:01.957 worker_log:584 7369 MainThread [INFO]  Received executor task 8578
2023-07-07 16:58:19.704 worker_log:602 7369 MainThread [INFO]  Completed executor task 8578
2023-07-07 16:58:19.705 worker_log:613 7369 MainThread [INFO]  All processing finished for executor task 8578
2023-07-07 16:58:19.716 worker_log:584 7369 MainThread [INFO]  Received executor task 8590
2023-07-07 16:58:36.364 worker_log:602 7369 MainThread [INFO]  Completed executor task 8590
2023-07-07 16:58:36.364 worker_log:613 7369 MainThread [INFO]  All processing finished for executor task 8590
2023-07-07 16:58:36.377 worker_log:584 7369 MainThread [INFO]  Received executor task 8600
2023-07-07 16:59:10.457 worker_log:602 7369 MainThread [INFO]  Completed executor task 8600
2023-07-07 16:59:10.457 worker_log:613 7369 MainThread [INFO]  All processing finished for executor task 8600
2023-07-07 16:59:10.468 worker_log:584 7369 MainThread [INFO]  Received executor task 8617
2023-07-07 16:59:49.311 worker_log:602 7369 MainThread [INFO]  Completed executor task 8617
2023-07-07 16:59:49.311 worker_log:613 7369 MainThread [INFO]  All processing finished for executor task 8617
2023-07-07 16:59:49.322 worker_log:584 7369 MainThread [INFO]  Received executor task 8640
2023-07-07 17:00:17.088 worker_log:602 7369 MainThread [INFO]  Completed executor task 8640
2023-07-07 17:00:17.089 worker_log:613 7369 MainThread [INFO]  All processing finished for executor task 8640
2023-07-07 17:00:17.100 worker_log:584 7369 MainThread [INFO]  Received executor task 8653
2023-07-07 17:00:53.582 worker_log:602 7369 MainThread [INFO]  Completed executor task 8653
2023-07-07 17:00:53.593 worker_log:613 7369 MainThread [INFO]  All processing finished for executor task 8653
2023-07-07 17:00:53.593 worker_log:584 7369 MainThread [INFO]  Received executor task 8672
2023-07-07 17:01:22.781 worker_log:602 7369 MainThread [INFO]  Completed executor task 8672
2023-07-07 17:01:22.781 worker_log:613 7369 MainThread [INFO]  All processing finished for executor task 8672
2023-07-07 17:01:22.792 worker_log:584 7369 MainThread [INFO]  Received executor task 8681
2023-07-07 17:02:02.428 worker_log:602 7369 MainThread [INFO]  Completed executor task 8681
2023-07-07 17:02:02.429 worker_log:613 7369 MainThread [INFO]  All processing finished for executor task 8681
2023-07-07 17:02:02.441 worker_log:584 7369 MainThread [INFO]  Received executor task 8702
2023-07-07 17:02:56.289 worker_log:602 7369 MainThread [INFO]  Completed executor task 8702
2023-07-07 17:02:56.289 worker_log:613 7369 MainThread [INFO]  All processing finished for executor task 8702
2023-07-07 17:02:56.300 worker_log:584 7369 MainThread [INFO]  Received executor task 8738
2023-07-07 17:03:28.757 worker_log:602 7369 MainThread [INFO]  Completed executor task 8738
2023-07-07 17:03:28.757 worker_log:613 7369 MainThread [INFO]  All processing finished for executor task 8738
2023-07-07 17:03:28.768 worker_log:584 7369 MainThread [INFO]  Received executor task 8757
2023-07-07 17:03:48.191 worker_log:602 7369 MainThread [INFO]  Completed executor task 8757
2023-07-07 17:03:48.192 worker_log:613 7369 MainThread [INFO]  All processing finished for executor task 8757
2023-07-07 17:03:48.203 worker_log:584 7369 MainThread [INFO]  Received executor task 8769
2023-07-07 17:04:01.730 worker_log:602 7369 MainThread [INFO]  Completed executor task 8769
2023-07-07 17:04:01.743 worker_log:613 7369 MainThread [INFO]  All processing finished for executor task 8769
2023-07-07 17:04:01.743 worker_log:584 7369 MainThread [INFO]  Received executor task 8776
2023-07-07 17:04:26.217 worker_log:602 7369 MainThread [INFO]  Completed executor task 8776
2023-07-07 17:04:26.218 worker_log:613 7369 MainThread [INFO]  All processing finished for executor task 8776
2023-07-07 17:04:26.229 worker_log:584 7369 MainThread [INFO]  Received executor task 8789
2023-07-07 17:04:56.001 worker_log:602 7369 MainThread [INFO]  Completed executor task 8789
2023-07-07 17:04:56.001 worker_log:613 7369 MainThread [INFO]  All processing finished for executor task 8789
2023-07-07 17:04:56.013 worker_log:584 7369 MainThread [INFO]  Received executor task 8804
2023-07-07 17:05:10.896 worker_log:602 7369 MainThread [INFO]  Completed executor task 8804
2023-07-07 17:05:10.897 worker_log:613 7369 MainThread [INFO]  All processing finished for executor task 8804
2023-07-07 17:05:10.908 worker_log:584 7369 MainThread [INFO]  Received executor task 8816
2023-07-07 17:05:54.102 worker_log:602 7369 MainThread [INFO]  Completed executor task 8816
2023-07-07 17:05:54.102 worker_log:613 7369 MainThread [INFO]  All processing finished for executor task 8816
2023-07-07 17:05:54.113 worker_log:584 7369 MainThread [INFO]  Received executor task 8835
2023-07-07 17:06:15.921 worker_log:602 7369 MainThread [INFO]  Completed executor task 8835
2023-07-07 17:06:15.921 worker_log:613 7369 MainThread [INFO]  All processing finished for executor task 8835
2023-07-07 17:06:15.932 worker_log:584 7369 MainThread [INFO]  Received executor task 8847
2023-07-07 17:06:38.818 worker_log:602 7369 MainThread [INFO]  Completed executor task 8847
2023-07-07 17:06:38.818 worker_log:613 7369 MainThread [INFO]  All processing finished for executor task 8847
2023-07-07 17:06:38.830 worker_log:584 7369 MainThread [INFO]  Received executor task 8861
2023-07-07 17:07:19.510 worker_log:602 7369 MainThread [INFO]  Completed executor task 8861
2023-07-07 17:07:19.511 worker_log:613 7369 MainThread [INFO]  All processing finished for executor task 8861
2023-07-07 17:07:19.522 worker_log:584 7369 MainThread [INFO]  Received executor task 8881
2023-07-07 17:07:33.756 worker_log:602 7369 MainThread [INFO]  Completed executor task 8881
2023-07-07 17:07:33.756 worker_log:613 7369 MainThread [INFO]  All processing finished for executor task 8881
2023-07-07 17:07:33.769 worker_log:584 7369 MainThread [INFO]  Received executor task 8890
2023-07-07 17:07:54.300 worker_log:602 7369 MainThread [INFO]  Completed executor task 8890
2023-07-07 17:07:54.300 worker_log:613 7369 MainThread [INFO]  All processing finished for executor task 8890
2023-07-07 17:07:54.311 worker_log:584 7369 MainThread [INFO]  Received executor task 8903
2023-07-07 17:08:13.356 worker_log:602 7369 MainThread [INFO]  Completed executor task 8903
2023-07-07 17:08:13.356 worker_log:613 7369 MainThread [INFO]  All processing finished for executor task 8903
2023-07-07 17:08:13.367 worker_log:584 7369 MainThread [INFO]  Received executor task 8915
2023-07-07 17:08:51.277 worker_log:602 7369 MainThread [INFO]  Completed executor task 8915
2023-07-07 17:08:51.291 worker_log:613 7369 MainThread [INFO]  All processing finished for executor task 8915
2023-07-07 17:08:51.291 worker_log:584 7369 MainThread [INFO]  Received executor task 8933
2023-07-07 17:09:04.553 worker_log:602 7369 MainThread [INFO]  Completed executor task 8933
2023-07-07 17:09:04.554 worker_log:613 7369 MainThread [INFO]  All processing finished for executor task 8933
2023-07-07 17:09:04.565 worker_log:584 7369 MainThread [INFO]  Received executor task 8943
2023-07-07 17:09:42.546 worker_log:602 7369 MainThread [INFO]  Completed executor task 8943
2023-07-07 17:09:42.546 worker_log:613 7369 MainThread [INFO]  All processing finished for executor task 8943
2023-07-07 17:09:42.558 worker_log:584 7369 MainThread [INFO]  Received executor task 8968
2023-07-07 17:10:09.144 worker_log:602 7369 MainThread [INFO]  Completed executor task 8968
2023-07-07 17:10:09.145 worker_log:613 7369 MainThread [INFO]  All processing finished for executor task 8968
2023-07-07 17:10:09.156 worker_log:584 7369 MainThread [INFO]  Received executor task 8981
2023-07-07 17:11:04.209 worker_log:602 7369 MainThread [INFO]  Completed executor task 8981
2023-07-07 17:11:04.209 worker_log:613 7369 MainThread [INFO]  All processing finished for executor task 8981
2023-07-07 17:11:04.220 worker_log:584 7369 MainThread [INFO]  Received executor task 9001
2023-07-07 17:11:46.970 worker_log:602 7369 MainThread [INFO]  Completed executor task 9001
2023-07-07 17:11:46.970 worker_log:613 7369 MainThread [INFO]  All processing finished for executor task 9001
2023-07-07 17:11:46.983 worker_log:584 7369 MainThread [INFO]  Received executor task 9013
2023-07-07 17:12:35.340 worker_log:602 7369 MainThread [INFO]  Completed executor task 9013
2023-07-07 17:12:35.340 worker_log:613 7369 MainThread [INFO]  All processing finished for executor task 9013
2023-07-07 17:12:35.352 worker_log:584 7369 MainThread [INFO]  Received executor task 9024
2023-07-07 17:13:02.613 worker_log:602 7369 MainThread [INFO]  Completed executor task 9024
2023-07-07 17:13:02.614 worker_log:613 7369 MainThread [INFO]  All processing finished for executor task 9024
2023-07-07 17:13:02.625 worker_log:584 7369 MainThread [INFO]  Received executor task 9034
2023-07-07 17:13:40.536 worker_log:602 7369 MainThread [INFO]  Completed executor task 9034
2023-07-07 17:13:40.537 worker_log:613 7369 MainThread [INFO]  All processing finished for executor task 9034
2023-07-07 17:13:40.548 worker_log:584 7369 MainThread [INFO]  Received executor task 9052
2023-07-07 17:14:01.115 worker_log:602 7369 MainThread [INFO]  Completed executor task 9052
2023-07-07 17:14:01.116 worker_log:613 7369 MainThread [INFO]  All processing finished for executor task 9052
2023-07-07 17:14:01.129 worker_log:584 7369 MainThread [INFO]  Received executor task 9057
2023-07-07 17:14:57.224 worker_log:602 7369 MainThread [INFO]  Completed executor task 9057
2023-07-07 17:14:57.225 worker_log:613 7369 MainThread [INFO]  All processing finished for executor task 9057
2023-07-07 17:14:57.236 worker_log:584 7369 MainThread [INFO]  Received executor task 9074
2023-07-07 17:15:19.785 worker_log:602 7369 MainThread [INFO]  Completed executor task 9074
2023-07-07 17:15:19.785 worker_log:613 7369 MainThread [INFO]  All processing finished for executor task 9074
2023-07-07 17:15:19.796 worker_log:584 7369 MainThread [INFO]  Received executor task 9087
2023-07-07 17:16:02.093 worker_log:602 7369 MainThread [INFO]  Completed executor task 9087
2023-07-07 17:16:02.093 worker_log:613 7369 MainThread [INFO]  All processing finished for executor task 9087
2023-07-07 17:16:02.105 worker_log:584 7369 MainThread [INFO]  Received executor task 9103
2023-07-07 17:16:53.034 worker_log:602 7369 MainThread [INFO]  Completed executor task 9103
2023-07-07 17:16:53.035 worker_log:613 7369 MainThread [INFO]  All processing finished for executor task 9103
2023-07-07 17:16:53.046 worker_log:584 7369 MainThread [INFO]  Received executor task 9126
2023-07-07 17:17:24.968 worker_log:602 7369 MainThread [INFO]  Completed executor task 9126
2023-07-07 17:17:24.968 worker_log:613 7369 MainThread [INFO]  All processing finished for executor task 9126
2023-07-07 17:17:24.980 worker_log:584 7369 MainThread [INFO]  Received executor task 9141
2023-07-07 17:18:09.153 worker_log:602 7369 MainThread [INFO]  Completed executor task 9141
2023-07-07 17:18:09.154 worker_log:613 7369 MainThread [INFO]  All processing finished for executor task 9141
2023-07-07 17:18:09.165 worker_log:584 7369 MainThread [INFO]  Received executor task 9156
2023-07-07 17:18:44.922 worker_log:602 7369 MainThread [INFO]  Completed executor task 9156
2023-07-07 17:18:44.922 worker_log:613 7369 MainThread [INFO]  All processing finished for executor task 9156
2023-07-07 17:18:44.933 worker_log:584 7369 MainThread [INFO]  Received executor task 9169
2023-07-07 17:19:12.319 worker_log:602 7369 MainThread [INFO]  Completed executor task 9169
2023-07-07 17:19:12.319 worker_log:613 7369 MainThread [INFO]  All processing finished for executor task 9169
2023-07-07 17:19:12.331 worker_log:584 7369 MainThread [INFO]  Received executor task 9188
2023-07-07 17:19:52.409 worker_log:602 7369 MainThread [INFO]  Completed executor task 9188
2023-07-07 17:19:52.409 worker_log:613 7369 MainThread [INFO]  All processing finished for executor task 9188
2023-07-07 17:19:52.420 worker_log:584 7369 MainThread [INFO]  Received executor task 9207
