2023-07-07 11:59:59.658 worker_log:538 7394 MainThread [INFO]  Worker 10 started
2023-07-07 12:02:51.778 worker_log:584 7394 MainThread [INFO]  Received executor task 11
2023-07-07 12:03:38.692 worker_log:602 7394 MainThread [INFO]  Completed executor task 11
2023-07-07 12:03:38.693 worker_log:613 7394 MainThread [INFO]  All processing finished for executor task 11
2023-07-07 12:03:38.706 worker_log:584 7394 MainThread [INFO]  Received executor task 35
2023-07-07 12:03:59.653 worker_log:602 7394 MainThread [INFO]  Completed executor task 35
2023-07-07 12:03:59.654 worker_log:613 7394 MainThread [INFO]  All processing finished for executor task 35
2023-07-07 12:03:59.665 worker_log:584 7394 MainThread [INFO]  Received executor task 43
2023-07-07 12:04:10.661 worker_log:602 7394 MainThread [INFO]  Completed executor task 43
2023-07-07 12:04:10.661 worker_log:613 7394 MainThread [INFO]  All processing finished for executor task 43
2023-07-07 12:04:10.673 worker_log:584 7394 MainThread [INFO]  Received executor task 55
2023-07-07 12:04:31.643 worker_log:602 7394 MainThread [INFO]  Completed executor task 55
2023-07-07 12:04:31.644 worker_log:613 7394 MainThread [INFO]  All processing finished for executor task 55
2023-07-07 12:04:31.656 worker_log:584 7394 MainThread [INFO]  Received executor task 69
2023-07-07 12:04:57.709 worker_log:602 7394 MainThread [INFO]  Completed executor task 69
2023-07-07 12:04:57.710 worker_log:613 7394 MainThread [INFO]  All processing finished for executor task 69
2023-07-07 12:04:57.721 worker_log:584 7394 MainThread [INFO]  Received executor task 83
2023-07-07 12:05:25.983 worker_log:602 7394 MainThread [INFO]  Completed executor task 83
2023-07-07 12:05:25.984 worker_log:613 7394 MainThread [INFO]  All processing finished for executor task 83
2023-07-07 12:05:26.009 worker_log:584 7394 MainThread [INFO]  Received executor task 104
2023-07-07 12:06:07.817 worker_log:602 7394 MainThread [INFO]  Completed executor task 104
2023-07-07 12:06:07.817 worker_log:613 7394 MainThread [INFO]  All processing finished for executor task 104
2023-07-07 12:06:07.829 worker_log:584 7394 MainThread [INFO]  Received executor task 121
2023-07-07 12:06:19.673 worker_log:602 7394 MainThread [INFO]  Completed executor task 121
2023-07-07 12:06:19.673 worker_log:613 7394 MainThread [INFO]  All processing finished for executor task 121
2023-07-07 12:06:19.685 worker_log:584 7394 MainThread [INFO]  Received executor task 129
2023-07-07 12:07:11.693 worker_log:602 7394 MainThread [INFO]  Completed executor task 129
2023-07-07 12:07:11.693 worker_log:613 7394 MainThread [INFO]  All processing finished for executor task 129
2023-07-07 12:07:11.694 worker_log:584 7394 MainThread [INFO]  Received executor task 157
2023-07-07 12:07:28.951 worker_log:602 7394 MainThread [INFO]  Completed executor task 157
2023-07-07 12:07:28.951 worker_log:613 7394 MainThread [INFO]  All processing finished for executor task 157
2023-07-07 12:07:28.962 worker_log:584 7394 MainThread [INFO]  Received executor task 167
2023-07-07 12:07:53.836 worker_log:602 7394 MainThread [INFO]  Completed executor task 167
2023-07-07 12:07:53.837 worker_log:613 7394 MainThread [INFO]  All processing finished for executor task 167
2023-07-07 12:07:53.848 worker_log:584 7394 MainThread [INFO]  Received executor task 181
2023-07-07 12:08:23.312 worker_log:602 7394 MainThread [INFO]  Completed executor task 181
2023-07-07 12:08:23.313 worker_log:613 7394 MainThread [INFO]  All processing finished for executor task 181
2023-07-07 12:08:23.324 worker_log:584 7394 MainThread [INFO]  Received executor task 196
2023-07-07 12:08:53.719 worker_log:602 7394 MainThread [INFO]  Completed executor task 196
2023-07-07 12:08:53.725 worker_log:613 7394 MainThread [INFO]  All processing finished for executor task 196
2023-07-07 12:08:53.730 worker_log:584 7394 MainThread [INFO]  Received executor task 212
2023-07-07 12:10:00.706 worker_log:602 7394 MainThread [INFO]  Completed executor task 212
2023-07-07 12:10:00.706 worker_log:613 7394 MainThread [INFO]  All processing finished for executor task 212
2023-07-07 12:10:00.717 worker_log:584 7394 MainThread [INFO]  Received executor task 243
2023-07-07 12:11:07.263 worker_log:602 7394 MainThread [INFO]  Completed executor task 243
2023-07-07 12:11:07.264 worker_log:613 7394 MainThread [INFO]  All processing finished for executor task 243
2023-07-07 12:11:07.264 worker_log:584 7394 MainThread [INFO]  Received executor task 269
2023-07-07 12:11:44.705 worker_log:602 7394 MainThread [INFO]  Completed executor task 269
2023-07-07 12:11:44.715 worker_log:613 7394 MainThread [INFO]  All processing finished for executor task 269
2023-07-07 12:11:44.716 worker_log:584 7394 MainThread [INFO]  Received executor task 286
2023-07-07 12:12:12.228 worker_log:602 7394 MainThread [INFO]  Completed executor task 286
2023-07-07 12:12:12.228 worker_log:613 7394 MainThread [INFO]  All processing finished for executor task 286
2023-07-07 12:12:12.240 worker_log:584 7394 MainThread [INFO]  Received executor task 298
2023-07-07 12:12:34.656 worker_log:602 7394 MainThread [INFO]  Completed executor task 298
2023-07-07 12:12:34.656 worker_log:613 7394 MainThread [INFO]  All processing finished for executor task 298
2023-07-07 12:12:34.667 worker_log:584 7394 MainThread [INFO]  Received executor task 309
2023-07-07 12:12:53.975 worker_log:602 7394 MainThread [INFO]  Completed executor task 309
2023-07-07 12:12:53.975 worker_log:613 7394 MainThread [INFO]  All processing finished for executor task 309
2023-07-07 12:12:53.988 worker_log:584 7394 MainThread [INFO]  Received executor task 322
2023-07-07 12:13:13.708 worker_log:602 7394 MainThread [INFO]  Completed executor task 322
2023-07-07 12:13:13.709 worker_log:613 7394 MainThread [INFO]  All processing finished for executor task 322
2023-07-07 12:13:13.732 worker_log:584 7394 MainThread [INFO]  Received executor task 331
2023-07-07 12:13:36.667 worker_log:602 7394 MainThread [INFO]  Completed executor task 331
2023-07-07 12:13:36.667 worker_log:613 7394 MainThread [INFO]  All processing finished for executor task 331
2023-07-07 12:13:36.678 worker_log:584 7394 MainThread [INFO]  Received executor task 345
2023-07-07 12:13:52.582 worker_log:602 7394 MainThread [INFO]  Completed executor task 345
2023-07-07 12:13:52.582 worker_log:613 7394 MainThread [INFO]  All processing finished for executor task 345
2023-07-07 12:13:52.593 worker_log:584 7394 MainThread [INFO]  Received executor task 353
2023-07-07 12:14:41.292 worker_log:602 7394 MainThread [INFO]  Completed executor task 353
2023-07-07 12:14:41.302 worker_log:613 7394 MainThread [INFO]  All processing finished for executor task 353
2023-07-07 12:14:41.304 worker_log:584 7394 MainThread [INFO]  Received executor task 377
2023-07-07 12:15:05.846 worker_log:602 7394 MainThread [INFO]  Completed executor task 377
2023-07-07 12:15:05.847 worker_log:613 7394 MainThread [INFO]  All processing finished for executor task 377
2023-07-07 12:15:05.858 worker_log:584 7394 MainThread [INFO]  Received executor task 390
2023-07-07 12:16:37.767 worker_log:602 7394 MainThread [INFO]  Completed executor task 390
2023-07-07 12:16:37.778 worker_log:613 7394 MainThread [INFO]  All processing finished for executor task 390
2023-07-07 12:16:37.779 worker_log:584 7394 MainThread [INFO]  Received executor task 428
2023-07-07 12:17:17.249 worker_log:602 7394 MainThread [INFO]  Completed executor task 428
2023-07-07 12:17:17.249 worker_log:613 7394 MainThread [INFO]  All processing finished for executor task 428
2023-07-07 12:17:17.260 worker_log:584 7394 MainThread [INFO]  Received executor task 447
2023-07-07 12:17:39.194 worker_log:602 7394 MainThread [INFO]  Completed executor task 447
2023-07-07 12:17:39.195 worker_log:613 7394 MainThread [INFO]  All processing finished for executor task 447
2023-07-07 12:17:39.207 worker_log:584 7394 MainThread [INFO]  Received executor task 461
2023-07-07 12:17:55.435 worker_log:602 7394 MainThread [INFO]  Completed executor task 461
2023-07-07 12:17:55.436 worker_log:613 7394 MainThread [INFO]  All processing finished for executor task 461
2023-07-07 12:17:55.447 worker_log:584 7394 MainThread [INFO]  Received executor task 469
2023-07-07 12:18:26.163 worker_log:602 7394 MainThread [INFO]  Completed executor task 469
2023-07-07 12:18:26.163 worker_log:613 7394 MainThread [INFO]  All processing finished for executor task 469
2023-07-07 12:18:26.174 worker_log:584 7394 MainThread [INFO]  Received executor task 480
2023-07-07 12:18:59.631 worker_log:602 7394 MainThread [INFO]  Completed executor task 480
2023-07-07 12:18:59.632 worker_log:613 7394 MainThread [INFO]  All processing finished for executor task 480
2023-07-07 12:18:59.644 worker_log:584 7394 MainThread [INFO]  Received executor task 496
2023-07-07 12:19:50.657 worker_log:602 7394 MainThread [INFO]  Completed executor task 496
2023-07-07 12:19:50.657 worker_log:613 7394 MainThread [INFO]  All processing finished for executor task 496
2023-07-07 12:19:50.668 worker_log:584 7394 MainThread [INFO]  Received executor task 522
2023-07-07 12:20:29.189 worker_log:602 7394 MainThread [INFO]  Completed executor task 522
2023-07-07 12:20:29.190 worker_log:613 7394 MainThread [INFO]  All processing finished for executor task 522
2023-07-07 12:20:29.201 worker_log:584 7394 MainThread [INFO]  Received executor task 543
2023-07-07 12:20:53.370 worker_log:602 7394 MainThread [INFO]  Completed executor task 543
2023-07-07 12:20:53.370 worker_log:613 7394 MainThread [INFO]  All processing finished for executor task 543
2023-07-07 12:20:53.382 worker_log:584 7394 MainThread [INFO]  Received executor task 552
2023-07-07 12:22:02.014 worker_log:602 7394 MainThread [INFO]  Completed executor task 552
2023-07-07 12:22:02.015 worker_log:613 7394 MainThread [INFO]  All processing finished for executor task 552
2023-07-07 12:22:02.027 worker_log:584 7394 MainThread [INFO]  Received executor task 578
2023-07-07 12:22:28.669 worker_log:602 7394 MainThread [INFO]  Completed executor task 578
2023-07-07 12:22:28.669 worker_log:613 7394 MainThread [INFO]  All processing finished for executor task 578
2023-07-07 12:22:28.681 worker_log:584 7394 MainThread [INFO]  Received executor task 592
2023-07-07 12:22:46.699 worker_log:602 7394 MainThread [INFO]  Completed executor task 592
2023-07-07 12:22:46.699 worker_log:613 7394 MainThread [INFO]  All processing finished for executor task 592
2023-07-07 12:22:46.710 worker_log:584 7394 MainThread [INFO]  Received executor task 600
2023-07-07 12:23:06.960 worker_log:602 7394 MainThread [INFO]  Completed executor task 600
2023-07-07 12:23:06.960 worker_log:613 7394 MainThread [INFO]  All processing finished for executor task 600
2023-07-07 12:23:06.971 worker_log:584 7394 MainThread [INFO]  Received executor task 608
2023-07-07 12:23:30.348 worker_log:602 7394 MainThread [INFO]  Completed executor task 608
2023-07-07 12:23:30.349 worker_log:613 7394 MainThread [INFO]  All processing finished for executor task 608
2023-07-07 12:23:30.360 worker_log:584 7394 MainThread [INFO]  Received executor task 620
2023-07-07 12:24:14.046 worker_log:602 7394 MainThread [INFO]  Completed executor task 620
2023-07-07 12:24:14.047 worker_log:613 7394 MainThread [INFO]  All processing finished for executor task 620
2023-07-07 12:24:14.058 worker_log:584 7394 MainThread [INFO]  Received executor task 641
2023-07-07 12:24:24.380 worker_log:602 7394 MainThread [INFO]  Completed executor task 641
2023-07-07 12:24:24.381 worker_log:613 7394 MainThread [INFO]  All processing finished for executor task 641
2023-07-07 12:24:24.392 worker_log:584 7394 MainThread [INFO]  Received executor task 645
2023-07-07 12:24:42.528 worker_log:602 7394 MainThread [INFO]  Completed executor task 645
2023-07-07 12:24:42.528 worker_log:613 7394 MainThread [INFO]  All processing finished for executor task 645
2023-07-07 12:24:42.540 worker_log:584 7394 MainThread [INFO]  Received executor task 655
2023-07-07 12:25:17.217 worker_log:602 7394 MainThread [INFO]  Completed executor task 655
2023-07-07 12:25:17.218 worker_log:613 7394 MainThread [INFO]  All processing finished for executor task 655
2023-07-07 12:25:17.228 worker_log:584 7394 MainThread [INFO]  Received executor task 671
2023-07-07 12:25:56.539 worker_log:602 7394 MainThread [INFO]  Completed executor task 671
2023-07-07 12:25:56.539 worker_log:613 7394 MainThread [INFO]  All processing finished for executor task 671
2023-07-07 12:25:56.550 worker_log:584 7394 MainThread [INFO]  Received executor task 688
2023-07-07 12:26:27.860 worker_log:602 7394 MainThread [INFO]  Completed executor task 688
2023-07-07 12:26:27.861 worker_log:613 7394 MainThread [INFO]  All processing finished for executor task 688
2023-07-07 12:26:27.872 worker_log:584 7394 MainThread [INFO]  Received executor task 700
2023-07-07 12:27:21.703 worker_log:602 7394 MainThread [INFO]  Completed executor task 700
2023-07-07 12:27:21.703 worker_log:613 7394 MainThread [INFO]  All processing finished for executor task 700
2023-07-07 12:27:21.714 worker_log:584 7394 MainThread [INFO]  Received executor task 734
2023-07-07 12:28:20.233 worker_log:602 7394 MainThread [INFO]  Completed executor task 734
2023-07-07 12:28:20.233 worker_log:613 7394 MainThread [INFO]  All processing finished for executor task 734
2023-07-07 12:28:20.244 worker_log:584 7394 MainThread [INFO]  Received executor task 758
2023-07-07 12:29:00.630 worker_log:602 7394 MainThread [INFO]  Completed executor task 758
2023-07-07 12:29:00.630 worker_log:613 7394 MainThread [INFO]  All processing finished for executor task 758
2023-07-07 12:29:00.642 worker_log:584 7394 MainThread [INFO]  Received executor task 777
2023-07-07 12:29:28.875 worker_log:602 7394 MainThread [INFO]  Completed executor task 777
2023-07-07 12:29:28.876 worker_log:613 7394 MainThread [INFO]  All processing finished for executor task 777
2023-07-07 12:29:28.899 worker_log:584 7394 MainThread [INFO]  Received executor task 789
2023-07-07 12:29:51.137 worker_log:602 7394 MainThread [INFO]  Completed executor task 789
2023-07-07 12:29:51.138 worker_log:613 7394 MainThread [INFO]  All processing finished for executor task 789
2023-07-07 12:29:51.149 worker_log:584 7394 MainThread [INFO]  Received executor task 801
2023-07-07 12:30:12.465 worker_log:602 7394 MainThread [INFO]  Completed executor task 801
2023-07-07 12:30:12.465 worker_log:613 7394 MainThread [INFO]  All processing finished for executor task 801
2023-07-07 12:30:12.476 worker_log:584 7394 MainThread [INFO]  Received executor task 812
2023-07-07 12:30:39.162 worker_log:602 7394 MainThread [INFO]  Completed executor task 812
2023-07-07 12:30:39.163 worker_log:613 7394 MainThread [INFO]  All processing finished for executor task 812
2023-07-07 12:30:39.174 worker_log:584 7394 MainThread [INFO]  Received executor task 828
2023-07-07 12:30:54.369 worker_log:602 7394 MainThread [INFO]  Completed executor task 828
2023-07-07 12:30:54.369 worker_log:613 7394 MainThread [INFO]  All processing finished for executor task 828
2023-07-07 12:30:54.380 worker_log:584 7394 MainThread [INFO]  Received executor task 838
2023-07-07 12:31:28.524 worker_log:602 7394 MainThread [INFO]  Completed executor task 838
2023-07-07 12:31:28.525 worker_log:613 7394 MainThread [INFO]  All processing finished for executor task 838
2023-07-07 12:31:28.536 worker_log:584 7394 MainThread [INFO]  Received executor task 857
2023-07-07 12:32:00.965 worker_log:602 7394 MainThread [INFO]  Completed executor task 857
2023-07-07 12:32:00.966 worker_log:613 7394 MainThread [INFO]  All processing finished for executor task 857
2023-07-07 12:32:00.977 worker_log:584 7394 MainThread [INFO]  Received executor task 875
2023-07-07 12:33:07.305 worker_log:602 7394 MainThread [INFO]  Completed executor task 875
2023-07-07 12:33:07.306 worker_log:613 7394 MainThread [INFO]  All processing finished for executor task 875
2023-07-07 12:33:07.317 worker_log:584 7394 MainThread [INFO]  Received executor task 919
2023-07-07 12:33:56.543 worker_log:602 7394 MainThread [INFO]  Completed executor task 919
2023-07-07 12:33:56.544 worker_log:613 7394 MainThread [INFO]  All processing finished for executor task 919
2023-07-07 12:33:56.562 worker_log:584 7394 MainThread [INFO]  Received executor task 948
2023-07-07 12:35:06.226 worker_log:602 7394 MainThread [INFO]  Completed executor task 948
2023-07-07 12:35:06.227 worker_log:613 7394 MainThread [INFO]  All processing finished for executor task 948
2023-07-07 12:35:06.239 worker_log:584 7394 MainThread [INFO]  Received executor task 992
2023-07-07 12:35:51.142 worker_log:602 7394 MainThread [INFO]  Completed executor task 992
2023-07-07 12:35:51.143 worker_log:613 7394 MainThread [INFO]  All processing finished for executor task 992
2023-07-07 12:35:51.154 worker_log:584 7394 MainThread [INFO]  Received executor task 1018
2023-07-07 12:36:12.032 worker_log:602 7394 MainThread [INFO]  Completed executor task 1018
2023-07-07 12:36:12.032 worker_log:613 7394 MainThread [INFO]  All processing finished for executor task 1018
2023-07-07 12:36:12.043 worker_log:584 7394 MainThread [INFO]  Received executor task 1029
2023-07-07 12:36:43.545 worker_log:602 7394 MainThread [INFO]  Completed executor task 1029
2023-07-07 12:36:43.546 worker_log:613 7394 MainThread [INFO]  All processing finished for executor task 1029
2023-07-07 12:36:43.557 worker_log:584 7394 MainThread [INFO]  Received executor task 1042
2023-07-07 12:37:04.157 worker_log:602 7394 MainThread [INFO]  Completed executor task 1042
2023-07-07 12:37:04.157 worker_log:613 7394 MainThread [INFO]  All processing finished for executor task 1042
2023-07-07 12:37:04.169 worker_log:584 7394 MainThread [INFO]  Received executor task 1054
2023-07-07 12:37:28.677 worker_log:602 7394 MainThread [INFO]  Completed executor task 1054
2023-07-07 12:37:28.677 worker_log:613 7394 MainThread [INFO]  All processing finished for executor task 1054
2023-07-07 12:37:28.678 worker_log:584 7394 MainThread [INFO]  Received executor task 1065
2023-07-07 12:37:54.920 worker_log:602 7394 MainThread [INFO]  Completed executor task 1065
2023-07-07 12:37:54.920 worker_log:613 7394 MainThread [INFO]  All processing finished for executor task 1065
2023-07-07 12:37:54.931 worker_log:584 7394 MainThread [INFO]  Received executor task 1083
2023-07-07 12:38:24.828 worker_log:602 7394 MainThread [INFO]  Completed executor task 1083
2023-07-07 12:38:24.829 worker_log:613 7394 MainThread [INFO]  All processing finished for executor task 1083
2023-07-07 12:38:24.840 worker_log:584 7394 MainThread [INFO]  Received executor task 1094
2023-07-07 12:39:20.119 worker_log:602 7394 MainThread [INFO]  Completed executor task 1094
2023-07-07 12:39:20.119 worker_log:613 7394 MainThread [INFO]  All processing finished for executor task 1094
2023-07-07 12:39:20.131 worker_log:584 7394 MainThread [INFO]  Received executor task 1117
2023-07-07 12:40:02.898 worker_log:602 7394 MainThread [INFO]  Completed executor task 1117
2023-07-07 12:40:02.899 worker_log:613 7394 MainThread [INFO]  All processing finished for executor task 1117
2023-07-07 12:40:02.911 worker_log:584 7394 MainThread [INFO]  Received executor task 1134
2023-07-07 12:40:49.983 worker_log:602 7394 MainThread [INFO]  Completed executor task 1134
2023-07-07 12:40:49.984 worker_log:613 7394 MainThread [INFO]  All processing finished for executor task 1134
2023-07-07 12:40:49.995 worker_log:584 7394 MainThread [INFO]  Received executor task 1151
2023-07-07 12:41:41.468 worker_log:602 7394 MainThread [INFO]  Completed executor task 1151
2023-07-07 12:41:41.468 worker_log:613 7394 MainThread [INFO]  All processing finished for executor task 1151
2023-07-07 12:41:41.479 worker_log:584 7394 MainThread [INFO]  Received executor task 1172
2023-07-07 12:42:08.926 worker_log:602 7394 MainThread [INFO]  Completed executor task 1172
2023-07-07 12:42:08.926 worker_log:613 7394 MainThread [INFO]  All processing finished for executor task 1172
2023-07-07 12:42:08.938 worker_log:584 7394 MainThread [INFO]  Received executor task 1189
2023-07-07 12:42:52.916 worker_log:602 7394 MainThread [INFO]  Completed executor task 1189
2023-07-07 12:42:52.917 worker_log:613 7394 MainThread [INFO]  All processing finished for executor task 1189
2023-07-07 12:42:52.928 worker_log:584 7394 MainThread [INFO]  Received executor task 1211
2023-07-07 12:43:58.909 worker_log:602 7394 MainThread [INFO]  Completed executor task 1211
2023-07-07 12:43:58.910 worker_log:613 7394 MainThread [INFO]  All processing finished for executor task 1211
2023-07-07 12:43:58.921 worker_log:584 7394 MainThread [INFO]  Received executor task 1244
2023-07-07 12:44:39.001 worker_log:602 7394 MainThread [INFO]  Completed executor task 1244
2023-07-07 12:44:39.001 worker_log:613 7394 MainThread [INFO]  All processing finished for executor task 1244
2023-07-07 12:44:39.012 worker_log:584 7394 MainThread [INFO]  Received executor task 1263
2023-07-07 12:44:59.294 worker_log:602 7394 MainThread [INFO]  Completed executor task 1263
2023-07-07 12:44:59.294 worker_log:613 7394 MainThread [INFO]  All processing finished for executor task 1263
2023-07-07 12:44:59.305 worker_log:584 7394 MainThread [INFO]  Received executor task 1270
2023-07-07 12:45:22.303 worker_log:602 7394 MainThread [INFO]  Completed executor task 1270
2023-07-07 12:45:22.303 worker_log:613 7394 MainThread [INFO]  All processing finished for executor task 1270
2023-07-07 12:45:22.314 worker_log:584 7394 MainThread [INFO]  Received executor task 1285
2023-07-07 12:46:15.749 worker_log:602 7394 MainThread [INFO]  Completed executor task 1285
2023-07-07 12:46:15.750 worker_log:613 7394 MainThread [INFO]  All processing finished for executor task 1285
2023-07-07 12:46:15.761 worker_log:584 7394 MainThread [INFO]  Received executor task 1310
2023-07-07 12:46:26.142 worker_log:602 7394 MainThread [INFO]  Completed executor task 1310
2023-07-07 12:46:26.143 worker_log:613 7394 MainThread [INFO]  All processing finished for executor task 1310
2023-07-07 12:46:26.154 worker_log:584 7394 MainThread [INFO]  Received executor task 1313
2023-07-07 12:46:50.844 worker_log:602 7394 MainThread [INFO]  Completed executor task 1313
2023-07-07 12:46:50.844 worker_log:613 7394 MainThread [INFO]  All processing finished for executor task 1313
2023-07-07 12:46:50.845 worker_log:584 7394 MainThread [INFO]  Received executor task 1322
2023-07-07 12:47:43.114 worker_log:602 7394 MainThread [INFO]  Completed executor task 1322
2023-07-07 12:47:43.114 worker_log:613 7394 MainThread [INFO]  All processing finished for executor task 1322
2023-07-07 12:47:43.125 worker_log:584 7394 MainThread [INFO]  Received executor task 1349
2023-07-07 12:48:07.599 worker_log:602 7394 MainThread [INFO]  Completed executor task 1349
2023-07-07 12:48:07.599 worker_log:613 7394 MainThread [INFO]  All processing finished for executor task 1349
2023-07-07 12:48:07.610 worker_log:584 7394 MainThread [INFO]  Received executor task 1360
2023-07-07 12:48:23.973 worker_log:602 7394 MainThread [INFO]  Completed executor task 1360
2023-07-07 12:48:23.974 worker_log:613 7394 MainThread [INFO]  All processing finished for executor task 1360
2023-07-07 12:48:23.985 worker_log:584 7394 MainThread [INFO]  Received executor task 1368
2023-07-07 12:48:33.206 worker_log:602 7394 MainThread [INFO]  Completed executor task 1368
2023-07-07 12:48:33.206 worker_log:613 7394 MainThread [INFO]  All processing finished for executor task 1368
2023-07-07 12:48:33.217 worker_log:584 7394 MainThread [INFO]  Received executor task 1373
2023-07-07 12:48:56.768 worker_log:602 7394 MainThread [INFO]  Completed executor task 1373
2023-07-07 12:48:56.768 worker_log:613 7394 MainThread [INFO]  All processing finished for executor task 1373
2023-07-07 12:48:56.780 worker_log:584 7394 MainThread [INFO]  Received executor task 1381
2023-07-07 12:49:58.868 worker_log:602 7394 MainThread [INFO]  Completed executor task 1381
2023-07-07 12:49:58.868 worker_log:613 7394 MainThread [INFO]  All processing finished for executor task 1381
2023-07-07 12:49:58.879 worker_log:584 7394 MainThread [INFO]  Received executor task 1413
2023-07-07 12:50:36.321 worker_log:602 7394 MainThread [INFO]  Completed executor task 1413
2023-07-07 12:50:36.321 worker_log:613 7394 MainThread [INFO]  All processing finished for executor task 1413
2023-07-07 12:50:36.332 worker_log:584 7394 MainThread [INFO]  Received executor task 1435
2023-07-07 12:51:24.368 worker_log:602 7394 MainThread [INFO]  Completed executor task 1435
2023-07-07 12:51:24.369 worker_log:613 7394 MainThread [INFO]  All processing finished for executor task 1435
2023-07-07 12:51:24.380 worker_log:584 7394 MainThread [INFO]  Received executor task 1455
2023-07-07 12:51:52.732 worker_log:602 7394 MainThread [INFO]  Completed executor task 1455
2023-07-07 12:51:52.732 worker_log:613 7394 MainThread [INFO]  All processing finished for executor task 1455
2023-07-07 12:51:52.743 worker_log:584 7394 MainThread [INFO]  Received executor task 1467
2023-07-07 12:52:37.815 worker_log:602 7394 MainThread [INFO]  Completed executor task 1467
2023-07-07 12:52:37.815 worker_log:613 7394 MainThread [INFO]  All processing finished for executor task 1467
2023-07-07 12:52:37.828 worker_log:584 7394 MainThread [INFO]  Received executor task 1491
2023-07-07 12:53:05.140 worker_log:602 7394 MainThread [INFO]  Completed executor task 1491
2023-07-07 12:53:05.140 worker_log:613 7394 MainThread [INFO]  All processing finished for executor task 1491
2023-07-07 12:53:05.153 worker_log:584 7394 MainThread [INFO]  Received executor task 1511
2023-07-07 12:53:16.000 worker_log:602 7394 MainThread [INFO]  Completed executor task 1511
2023-07-07 12:53:16.001 worker_log:613 7394 MainThread [INFO]  All processing finished for executor task 1511
2023-07-07 12:53:16.012 worker_log:584 7394 MainThread [INFO]  Received executor task 1514
2023-07-07 12:53:36.954 worker_log:602 7394 MainThread [INFO]  Completed executor task 1514
2023-07-07 12:53:36.954 worker_log:613 7394 MainThread [INFO]  All processing finished for executor task 1514
2023-07-07 12:53:36.967 worker_log:584 7394 MainThread [INFO]  Received executor task 1526
2023-07-07 12:53:58.744 worker_log:602 7394 MainThread [INFO]  Completed executor task 1526
2023-07-07 12:53:58.744 worker_log:613 7394 MainThread [INFO]  All processing finished for executor task 1526
2023-07-07 12:53:58.757 worker_log:584 7394 MainThread [INFO]  Received executor task 1536
2023-07-07 12:54:57.113 worker_log:602 7394 MainThread [INFO]  Completed executor task 1536
2023-07-07 12:54:57.114 worker_log:613 7394 MainThread [INFO]  All processing finished for executor task 1536
2023-07-07 12:54:57.125 worker_log:584 7394 MainThread [INFO]  Received executor task 1569
2023-07-07 12:55:10.926 worker_log:602 7394 MainThread [INFO]  Completed executor task 1569
2023-07-07 12:55:10.926 worker_log:613 7394 MainThread [INFO]  All processing finished for executor task 1569
2023-07-07 12:55:10.937 worker_log:584 7394 MainThread [INFO]  Received executor task 1577
2023-07-07 12:55:22.174 worker_log:602 7394 MainThread [INFO]  Completed executor task 1577
2023-07-07 12:55:22.175 worker_log:613 7394 MainThread [INFO]  All processing finished for executor task 1577
2023-07-07 12:55:22.187 worker_log:584 7394 MainThread [INFO]  Received executor task 1584
2023-07-07 12:55:56.804 worker_log:602 7394 MainThread [INFO]  Completed executor task 1584
2023-07-07 12:55:56.804 worker_log:613 7394 MainThread [INFO]  All processing finished for executor task 1584
2023-07-07 12:55:56.815 worker_log:584 7394 MainThread [INFO]  Received executor task 1602
2023-07-07 12:56:36.574 worker_log:602 7394 MainThread [INFO]  Completed executor task 1602
2023-07-07 12:56:36.575 worker_log:613 7394 MainThread [INFO]  All processing finished for executor task 1602
2023-07-07 12:56:36.586 worker_log:584 7394 MainThread [INFO]  Received executor task 1628
2023-07-07 12:57:05.443 worker_log:602 7394 MainThread [INFO]  Completed executor task 1628
2023-07-07 12:57:05.444 worker_log:613 7394 MainThread [INFO]  All processing finished for executor task 1628
2023-07-07 12:57:05.455 worker_log:584 7394 MainThread [INFO]  Received executor task 1643
2023-07-07 12:57:23.248 worker_log:602 7394 MainThread [INFO]  Completed executor task 1643
2023-07-07 12:57:23.248 worker_log:613 7394 MainThread [INFO]  All processing finished for executor task 1643
2023-07-07 12:57:23.259 worker_log:584 7394 MainThread [INFO]  Received executor task 1657
2023-07-07 12:57:50.627 worker_log:602 7394 MainThread [INFO]  Completed executor task 1657
2023-07-07 12:57:50.627 worker_log:613 7394 MainThread [INFO]  All processing finished for executor task 1657
2023-07-07 12:57:50.639 worker_log:584 7394 MainThread [INFO]  Received executor task 1669
2023-07-07 12:58:13.871 worker_log:602 7394 MainThread [INFO]  Completed executor task 1669
2023-07-07 12:58:13.871 worker_log:613 7394 MainThread [INFO]  All processing finished for executor task 1669
2023-07-07 12:58:13.882 worker_log:584 7394 MainThread [INFO]  Received executor task 1678
2023-07-07 12:59:13.141 worker_log:602 7394 MainThread [INFO]  Completed executor task 1678
2023-07-07 12:59:13.142 worker_log:613 7394 MainThread [INFO]  All processing finished for executor task 1678
2023-07-07 12:59:13.153 worker_log:584 7394 MainThread [INFO]  Received executor task 1709
2023-07-07 12:59:23.349 worker_log:602 7394 MainThread [INFO]  Completed executor task 1709
2023-07-07 12:59:23.349 worker_log:613 7394 MainThread [INFO]  All processing finished for executor task 1709
2023-07-07 12:59:23.360 worker_log:584 7394 MainThread [INFO]  Received executor task 1720
2023-07-07 12:59:35.408 worker_log:602 7394 MainThread [INFO]  Completed executor task 1720
2023-07-07 12:59:35.409 worker_log:613 7394 MainThread [INFO]  All processing finished for executor task 1720
2023-07-07 12:59:35.420 worker_log:584 7394 MainThread [INFO]  Received executor task 1733
2023-07-07 12:59:55.461 worker_log:602 7394 MainThread [INFO]  Completed executor task 1733
2023-07-07 12:59:55.462 worker_log:613 7394 MainThread [INFO]  All processing finished for executor task 1733
2023-07-07 12:59:55.473 worker_log:584 7394 MainThread [INFO]  Received executor task 1749
2023-07-07 13:00:10.278 worker_log:602 7394 MainThread [INFO]  Completed executor task 1749
2023-07-07 13:00:10.279 worker_log:613 7394 MainThread [INFO]  All processing finished for executor task 1749
2023-07-07 13:00:10.290 worker_log:584 7394 MainThread [INFO]  Received executor task 1760
2023-07-07 13:01:11.083 worker_log:602 7394 MainThread [INFO]  Completed executor task 1760
2023-07-07 13:01:11.087 worker_log:613 7394 MainThread [INFO]  All processing finished for executor task 1760
2023-07-07 13:01:11.095 worker_log:584 7394 MainThread [INFO]  Received executor task 1797
2023-07-07 13:02:01.447 worker_log:602 7394 MainThread [INFO]  Completed executor task 1797
2023-07-07 13:02:01.459 worker_log:613 7394 MainThread [INFO]  All processing finished for executor task 1797
2023-07-07 13:02:01.459 worker_log:584 7394 MainThread [INFO]  Received executor task 1815
2023-07-07 13:02:55.092 worker_log:602 7394 MainThread [INFO]  Completed executor task 1815
2023-07-07 13:02:55.098 worker_log:613 7394 MainThread [INFO]  All processing finished for executor task 1815
2023-07-07 13:02:55.104 worker_log:584 7394 MainThread [INFO]  Received executor task 1835
2023-07-07 13:03:10.072 worker_log:602 7394 MainThread [INFO]  Completed executor task 1835
2023-07-07 13:03:10.085 worker_log:613 7394 MainThread [INFO]  All processing finished for executor task 1835
2023-07-07 13:03:10.085 worker_log:584 7394 MainThread [INFO]  Received executor task 1844
2023-07-07 13:03:53.117 worker_log:602 7394 MainThread [INFO]  Completed executor task 1844
2023-07-07 13:03:53.117 worker_log:613 7394 MainThread [INFO]  All processing finished for executor task 1844
2023-07-07 13:03:53.128 worker_log:584 7394 MainThread [INFO]  Received executor task 1863
2023-07-07 13:04:39.892 worker_log:602 7394 MainThread [INFO]  Completed executor task 1863
2023-07-07 13:04:39.893 worker_log:613 7394 MainThread [INFO]  All processing finished for executor task 1863
2023-07-07 13:04:39.904 worker_log:584 7394 MainThread [INFO]  Received executor task 1886
2023-07-07 13:05:28.673 worker_log:602 7394 MainThread [INFO]  Completed executor task 1886
2023-07-07 13:05:28.674 worker_log:613 7394 MainThread [INFO]  All processing finished for executor task 1886
2023-07-07 13:05:28.685 worker_log:584 7394 MainThread [INFO]  Received executor task 1917
2023-07-07 13:06:25.378 worker_log:602 7394 MainThread [INFO]  Completed executor task 1917
2023-07-07 13:06:25.379 worker_log:613 7394 MainThread [INFO]  All processing finished for executor task 1917
2023-07-07 13:06:25.390 worker_log:584 7394 MainThread [INFO]  Received executor task 1942
2023-07-07 13:07:11.332 worker_log:602 7394 MainThread [INFO]  Completed executor task 1942
2023-07-07 13:07:11.333 worker_log:613 7394 MainThread [INFO]  All processing finished for executor task 1942
2023-07-07 13:07:11.345 worker_log:584 7394 MainThread [INFO]  Received executor task 1964
2023-07-07 13:07:41.777 worker_log:602 7394 MainThread [INFO]  Completed executor task 1964
2023-07-07 13:07:41.778 worker_log:613 7394 MainThread [INFO]  All processing finished for executor task 1964
2023-07-07 13:07:41.789 worker_log:584 7394 MainThread [INFO]  Received executor task 1975
2023-07-07 13:08:16.132 worker_log:602 7394 MainThread [INFO]  Completed executor task 1975
2023-07-07 13:08:16.133 worker_log:613 7394 MainThread [INFO]  All processing finished for executor task 1975
2023-07-07 13:08:16.144 worker_log:584 7394 MainThread [INFO]  Received executor task 1992
2023-07-07 13:08:31.354 worker_log:602 7394 MainThread [INFO]  Completed executor task 1992
2023-07-07 13:08:31.354 worker_log:613 7394 MainThread [INFO]  All processing finished for executor task 1992
2023-07-07 13:08:31.365 worker_log:584 7394 MainThread [INFO]  Received executor task 2005
2023-07-07 13:09:11.359 worker_log:602 7394 MainThread [INFO]  Completed executor task 2005
2023-07-07 13:09:11.360 worker_log:613 7394 MainThread [INFO]  All processing finished for executor task 2005
2023-07-07 13:09:11.371 worker_log:584 7394 MainThread [INFO]  Received executor task 2021
2023-07-07 13:09:50.903 worker_log:602 7394 MainThread [INFO]  Completed executor task 2021
2023-07-07 13:09:50.903 worker_log:613 7394 MainThread [INFO]  All processing finished for executor task 2021
2023-07-07 13:09:50.914 worker_log:584 7394 MainThread [INFO]  Received executor task 2045
2023-07-07 13:10:26.508 worker_log:602 7394 MainThread [INFO]  Completed executor task 2045
2023-07-07 13:10:26.509 worker_log:613 7394 MainThread [INFO]  All processing finished for executor task 2045
2023-07-07 13:10:26.535 worker_log:584 7394 MainThread [INFO]  Received executor task 2059
2023-07-07 13:10:54.114 worker_log:602 7394 MainThread [INFO]  Completed executor task 2059
2023-07-07 13:10:54.115 worker_log:613 7394 MainThread [INFO]  All processing finished for executor task 2059
2023-07-07 13:10:54.126 worker_log:584 7394 MainThread [INFO]  Received executor task 2068
2023-07-07 13:11:17.671 worker_log:602 7394 MainThread [INFO]  Completed executor task 2068
2023-07-07 13:11:17.672 worker_log:613 7394 MainThread [INFO]  All processing finished for executor task 2068
2023-07-07 13:11:17.683 worker_log:584 7394 MainThread [INFO]  Received executor task 2077
2023-07-07 13:11:44.800 worker_log:602 7394 MainThread [INFO]  Completed executor task 2077
2023-07-07 13:11:44.800 worker_log:613 7394 MainThread [INFO]  All processing finished for executor task 2077
2023-07-07 13:11:44.812 worker_log:584 7394 MainThread [INFO]  Received executor task 2091
2023-07-07 13:12:03.233 worker_log:602 7394 MainThread [INFO]  Completed executor task 2091
2023-07-07 13:12:03.233 worker_log:613 7394 MainThread [INFO]  All processing finished for executor task 2091
2023-07-07 13:12:03.244 worker_log:584 7394 MainThread [INFO]  Received executor task 2103
2023-07-07 13:12:37.951 worker_log:602 7394 MainThread [INFO]  Completed executor task 2103
2023-07-07 13:12:37.952 worker_log:613 7394 MainThread [INFO]  All processing finished for executor task 2103
2023-07-07 13:12:37.963 worker_log:584 7394 MainThread [INFO]  Received executor task 2123
2023-07-07 13:13:17.696 worker_log:602 7394 MainThread [INFO]  Completed executor task 2123
2023-07-07 13:13:17.696 worker_log:613 7394 MainThread [INFO]  All processing finished for executor task 2123
2023-07-07 13:13:17.707 worker_log:584 7394 MainThread [INFO]  Received executor task 2140
2023-07-07 13:13:34.091 worker_log:602 7394 MainThread [INFO]  Completed executor task 2140
2023-07-07 13:13:34.092 worker_log:613 7394 MainThread [INFO]  All processing finished for executor task 2140
2023-07-07 13:13:34.103 worker_log:584 7394 MainThread [INFO]  Received executor task 2149
2023-07-07 13:13:45.055 worker_log:602 7394 MainThread [INFO]  Completed executor task 2149
2023-07-07 13:13:45.055 worker_log:613 7394 MainThread [INFO]  All processing finished for executor task 2149
2023-07-07 13:13:45.068 worker_log:584 7394 MainThread [INFO]  Received executor task 2157
2023-07-07 13:14:06.536 worker_log:602 7394 MainThread [INFO]  Completed executor task 2157
2023-07-07 13:14:06.536 worker_log:613 7394 MainThread [INFO]  All processing finished for executor task 2157
2023-07-07 13:14:06.547 worker_log:584 7394 MainThread [INFO]  Received executor task 2171
2023-07-07 13:14:40.890 worker_log:602 7394 MainThread [INFO]  Completed executor task 2171
2023-07-07 13:14:40.891 worker_log:613 7394 MainThread [INFO]  All processing finished for executor task 2171
2023-07-07 13:14:40.902 worker_log:584 7394 MainThread [INFO]  Received executor task 2188
2023-07-07 13:15:19.587 worker_log:602 7394 MainThread [INFO]  Completed executor task 2188
2023-07-07 13:15:19.588 worker_log:613 7394 MainThread [INFO]  All processing finished for executor task 2188
2023-07-07 13:15:19.598 worker_log:584 7394 MainThread [INFO]  Received executor task 2211
2023-07-07 13:16:04.238 worker_log:602 7394 MainThread [INFO]  Completed executor task 2211
2023-07-07 13:16:04.238 worker_log:613 7394 MainThread [INFO]  All processing finished for executor task 2211
2023-07-07 13:16:04.249 worker_log:584 7394 MainThread [INFO]  Received executor task 2227
2023-07-07 13:16:59.889 worker_log:602 7394 MainThread [INFO]  Completed executor task 2227
2023-07-07 13:16:59.889 worker_log:613 7394 MainThread [INFO]  All processing finished for executor task 2227
2023-07-07 13:16:59.901 worker_log:584 7394 MainThread [INFO]  Received executor task 2252
2023-07-07 13:17:34.044 worker_log:602 7394 MainThread [INFO]  Completed executor task 2252
2023-07-07 13:17:34.044 worker_log:613 7394 MainThread [INFO]  All processing finished for executor task 2252
2023-07-07 13:17:34.055 worker_log:584 7394 MainThread [INFO]  Received executor task 2269
2023-07-07 13:18:20.881 worker_log:602 7394 MainThread [INFO]  Completed executor task 2269
2023-07-07 13:18:20.882 worker_log:613 7394 MainThread [INFO]  All processing finished for executor task 2269
2023-07-07 13:18:20.893 worker_log:584 7394 MainThread [INFO]  Received executor task 2292
2023-07-07 13:19:06.555 worker_log:602 7394 MainThread [INFO]  Completed executor task 2292
2023-07-07 13:19:06.556 worker_log:613 7394 MainThread [INFO]  All processing finished for executor task 2292
2023-07-07 13:19:06.567 worker_log:584 7394 MainThread [INFO]  Received executor task 2310
2023-07-07 13:19:41.616 worker_log:602 7394 MainThread [INFO]  Completed executor task 2310
2023-07-07 13:19:41.616 worker_log:613 7394 MainThread [INFO]  All processing finished for executor task 2310
2023-07-07 13:19:41.627 worker_log:584 7394 MainThread [INFO]  Received executor task 2327
2023-07-07 13:20:04.960 worker_log:602 7394 MainThread [INFO]  Completed executor task 2327
2023-07-07 13:20:04.974 worker_log:613 7394 MainThread [INFO]  All processing finished for executor task 2327
2023-07-07 13:20:04.974 worker_log:584 7394 MainThread [INFO]  Received executor task 2340
2023-07-07 13:20:31.350 worker_log:602 7394 MainThread [INFO]  Completed executor task 2340
2023-07-07 13:20:31.350 worker_log:613 7394 MainThread [INFO]  All processing finished for executor task 2340
2023-07-07 13:20:31.361 worker_log:584 7394 MainThread [INFO]  Received executor task 2351
2023-07-07 13:20:50.947 worker_log:602 7394 MainThread [INFO]  Completed executor task 2351
2023-07-07 13:20:50.947 worker_log:613 7394 MainThread [INFO]  All processing finished for executor task 2351
2023-07-07 13:20:50.958 worker_log:584 7394 MainThread [INFO]  Received executor task 2362
2023-07-07 13:21:45.093 worker_log:602 7394 MainThread [INFO]  Completed executor task 2362
2023-07-07 13:21:45.105 worker_log:613 7394 MainThread [INFO]  All processing finished for executor task 2362
2023-07-07 13:21:45.105 worker_log:584 7394 MainThread [INFO]  Received executor task 2389
2023-07-07 13:22:18.508 worker_log:602 7394 MainThread [INFO]  Completed executor task 2389
2023-07-07 13:22:18.509 worker_log:613 7394 MainThread [INFO]  All processing finished for executor task 2389
2023-07-07 13:22:18.520 worker_log:584 7394 MainThread [INFO]  Received executor task 2408
2023-07-07 13:22:31.499 worker_log:602 7394 MainThread [INFO]  Completed executor task 2408
2023-07-07 13:22:31.500 worker_log:613 7394 MainThread [INFO]  All processing finished for executor task 2408
2023-07-07 13:22:31.511 worker_log:584 7394 MainThread [INFO]  Received executor task 2414
2023-07-07 13:22:48.112 worker_log:602 7394 MainThread [INFO]  Completed executor task 2414
2023-07-07 13:22:48.112 worker_log:613 7394 MainThread [INFO]  All processing finished for executor task 2414
2023-07-07 13:22:48.123 worker_log:584 7394 MainThread [INFO]  Received executor task 2427
2023-07-07 13:23:12.209 worker_log:602 7394 MainThread [INFO]  Completed executor task 2427
2023-07-07 13:23:12.210 worker_log:613 7394 MainThread [INFO]  All processing finished for executor task 2427
2023-07-07 13:23:12.221 worker_log:584 7394 MainThread [INFO]  Received executor task 2447
2023-07-07 13:23:48.264 worker_log:602 7394 MainThread [INFO]  Completed executor task 2447
2023-07-07 13:23:48.264 worker_log:613 7394 MainThread [INFO]  All processing finished for executor task 2447
2023-07-07 13:23:48.275 worker_log:584 7394 MainThread [INFO]  Received executor task 2467
2023-07-07 13:24:32.356 worker_log:602 7394 MainThread [INFO]  Completed executor task 2467
2023-07-07 13:24:32.367 worker_log:613 7394 MainThread [INFO]  All processing finished for executor task 2467
2023-07-07 13:24:32.368 worker_log:584 7394 MainThread [INFO]  Received executor task 2488
2023-07-07 13:24:44.445 worker_log:602 7394 MainThread [INFO]  Completed executor task 2488
2023-07-07 13:24:44.446 worker_log:613 7394 MainThread [INFO]  All processing finished for executor task 2488
2023-07-07 13:24:44.457 worker_log:584 7394 MainThread [INFO]  Received executor task 2496
2023-07-07 13:26:02.614 worker_log:602 7394 MainThread [INFO]  Completed executor task 2496
2023-07-07 13:26:02.614 worker_log:613 7394 MainThread [INFO]  All processing finished for executor task 2496
2023-07-07 13:26:02.638 worker_log:584 7394 MainThread [INFO]  Received executor task 2532
2023-07-07 13:26:24.352 worker_log:602 7394 MainThread [INFO]  Completed executor task 2532
2023-07-07 13:26:24.353 worker_log:613 7394 MainThread [INFO]  All processing finished for executor task 2532
2023-07-07 13:26:24.364 worker_log:584 7394 MainThread [INFO]  Received executor task 2540
2023-07-07 13:26:34.204 worker_log:602 7394 MainThread [INFO]  Completed executor task 2540
2023-07-07 13:26:34.205 worker_log:613 7394 MainThread [INFO]  All processing finished for executor task 2540
2023-07-07 13:26:34.217 worker_log:584 7394 MainThread [INFO]  Received executor task 2543
2023-07-07 13:27:08.357 worker_log:602 7394 MainThread [INFO]  Completed executor task 2543
2023-07-07 13:27:08.358 worker_log:613 7394 MainThread [INFO]  All processing finished for executor task 2543
2023-07-07 13:27:08.369 worker_log:584 7394 MainThread [INFO]  Received executor task 2560
2023-07-07 13:27:26.065 worker_log:602 7394 MainThread [INFO]  Completed executor task 2560
2023-07-07 13:27:26.067 worker_log:613 7394 MainThread [INFO]  All processing finished for executor task 2560
2023-07-07 13:27:26.078 worker_log:584 7394 MainThread [INFO]  Received executor task 2571
2023-07-07 13:27:55.026 worker_log:602 7394 MainThread [INFO]  Completed executor task 2571
2023-07-07 13:27:55.026 worker_log:613 7394 MainThread [INFO]  All processing finished for executor task 2571
2023-07-07 13:27:55.037 worker_log:584 7394 MainThread [INFO]  Received executor task 2582
2023-07-07 13:28:12.852 worker_log:602 7394 MainThread [INFO]  Completed executor task 2582
2023-07-07 13:28:12.853 worker_log:613 7394 MainThread [INFO]  All processing finished for executor task 2582
2023-07-07 13:28:12.854 worker_log:584 7394 MainThread [INFO]  Received executor task 2595
2023-07-07 13:28:58.905 worker_log:602 7394 MainThread [INFO]  Completed executor task 2595
2023-07-07 13:28:58.905 worker_log:613 7394 MainThread [INFO]  All processing finished for executor task 2595
2023-07-07 13:28:58.917 worker_log:584 7394 MainThread [INFO]  Received executor task 2613
2023-07-07 13:29:29.096 worker_log:602 7394 MainThread [INFO]  Completed executor task 2613
2023-07-07 13:29:29.096 worker_log:613 7394 MainThread [INFO]  All processing finished for executor task 2613
2023-07-07 13:29:29.107 worker_log:584 7394 MainThread [INFO]  Received executor task 2626
2023-07-07 13:30:01.259 worker_log:602 7394 MainThread [INFO]  Completed executor task 2626
2023-07-07 13:30:01.260 worker_log:613 7394 MainThread [INFO]  All processing finished for executor task 2626
2023-07-07 13:30:01.261 worker_log:584 7394 MainThread [INFO]  Received executor task 2642
2023-07-07 13:30:24.166 worker_log:602 7394 MainThread [INFO]  Completed executor task 2642
2023-07-07 13:30:24.166 worker_log:613 7394 MainThread [INFO]  All processing finished for executor task 2642
2023-07-07 13:30:24.178 worker_log:584 7394 MainThread [INFO]  Received executor task 2651
2023-07-07 13:30:51.493 worker_log:602 7394 MainThread [INFO]  Completed executor task 2651
2023-07-07 13:30:51.493 worker_log:613 7394 MainThread [INFO]  All processing finished for executor task 2651
2023-07-07 13:30:51.505 worker_log:584 7394 MainThread [INFO]  Received executor task 2661
2023-07-07 13:31:15.034 worker_log:602 7394 MainThread [INFO]  Completed executor task 2661
2023-07-07 13:31:15.035 worker_log:613 7394 MainThread [INFO]  All processing finished for executor task 2661
2023-07-07 13:31:15.046 worker_log:584 7394 MainThread [INFO]  Received executor task 2673
2023-07-07 13:31:38.217 worker_log:602 7394 MainThread [INFO]  Completed executor task 2673
2023-07-07 13:31:38.218 worker_log:613 7394 MainThread [INFO]  All processing finished for executor task 2673
2023-07-07 13:31:38.229 worker_log:584 7394 MainThread [INFO]  Received executor task 2686
2023-07-07 13:31:55.735 worker_log:602 7394 MainThread [INFO]  Completed executor task 2686
2023-07-07 13:31:55.736 worker_log:613 7394 MainThread [INFO]  All processing finished for executor task 2686
2023-07-07 13:31:55.748 worker_log:584 7394 MainThread [INFO]  Received executor task 2695
2023-07-07 13:32:58.958 worker_log:602 7394 MainThread [INFO]  Completed executor task 2695
2023-07-07 13:32:58.959 worker_log:613 7394 MainThread [INFO]  All processing finished for executor task 2695
2023-07-07 13:32:58.970 worker_log:584 7394 MainThread [INFO]  Received executor task 2727
2023-07-07 13:33:23.683 worker_log:602 7394 MainThread [INFO]  Completed executor task 2727
2023-07-07 13:33:23.683 worker_log:613 7394 MainThread [INFO]  All processing finished for executor task 2727
2023-07-07 13:33:23.695 worker_log:584 7394 MainThread [INFO]  Received executor task 2740
2023-07-07 13:33:59.309 worker_log:602 7394 MainThread [INFO]  Completed executor task 2740
2023-07-07 13:33:59.309 worker_log:613 7394 MainThread [INFO]  All processing finished for executor task 2740
2023-07-07 13:33:59.321 worker_log:584 7394 MainThread [INFO]  Received executor task 2760
2023-07-07 13:34:47.970 worker_log:602 7394 MainThread [INFO]  Completed executor task 2760
2023-07-07 13:34:47.971 worker_log:613 7394 MainThread [INFO]  All processing finished for executor task 2760
2023-07-07 13:34:47.982 worker_log:584 7394 MainThread [INFO]  Received executor task 2786
2023-07-07 13:35:34.360 worker_log:602 7394 MainThread [INFO]  Completed executor task 2786
2023-07-07 13:35:34.364 worker_log:613 7394 MainThread [INFO]  All processing finished for executor task 2786
2023-07-07 13:35:34.372 worker_log:584 7394 MainThread [INFO]  Received executor task 2809
2023-07-07 13:36:08.419 worker_log:602 7394 MainThread [INFO]  Completed executor task 2809
2023-07-07 13:36:08.419 worker_log:613 7394 MainThread [INFO]  All processing finished for executor task 2809
2023-07-07 13:36:08.431 worker_log:584 7394 MainThread [INFO]  Received executor task 2826
2023-07-07 13:36:34.236 worker_log:602 7394 MainThread [INFO]  Completed executor task 2826
2023-07-07 13:36:34.236 worker_log:613 7394 MainThread [INFO]  All processing finished for executor task 2826
2023-07-07 13:36:34.247 worker_log:584 7394 MainThread [INFO]  Received executor task 2842
2023-07-07 13:37:01.538 worker_log:602 7394 MainThread [INFO]  Completed executor task 2842
2023-07-07 13:37:01.539 worker_log:613 7394 MainThread [INFO]  All processing finished for executor task 2842
2023-07-07 13:37:01.550 worker_log:584 7394 MainThread [INFO]  Received executor task 2852
2023-07-07 13:37:24.295 worker_log:602 7394 MainThread [INFO]  Completed executor task 2852
2023-07-07 13:37:24.296 worker_log:613 7394 MainThread [INFO]  All processing finished for executor task 2852
2023-07-07 13:37:24.297 worker_log:584 7394 MainThread [INFO]  Received executor task 2864
2023-07-07 13:37:41.919 worker_log:602 7394 MainThread [INFO]  Completed executor task 2864
2023-07-07 13:37:41.920 worker_log:613 7394 MainThread [INFO]  All processing finished for executor task 2864
2023-07-07 13:37:41.932 worker_log:584 7394 MainThread [INFO]  Received executor task 2875
2023-07-07 13:38:12.537 worker_log:602 7394 MainThread [INFO]  Completed executor task 2875
2023-07-07 13:38:12.537 worker_log:613 7394 MainThread [INFO]  All processing finished for executor task 2875
2023-07-07 13:38:12.549 worker_log:584 7394 MainThread [INFO]  Received executor task 2894
2023-07-07 13:38:32.439 worker_log:602 7394 MainThread [INFO]  Completed executor task 2894
2023-07-07 13:38:32.439 worker_log:613 7394 MainThread [INFO]  All processing finished for executor task 2894
2023-07-07 13:38:32.450 worker_log:584 7394 MainThread [INFO]  Received executor task 2907
2023-07-07 13:38:49.822 worker_log:602 7394 MainThread [INFO]  Completed executor task 2907
2023-07-07 13:38:49.822 worker_log:613 7394 MainThread [INFO]  All processing finished for executor task 2907
2023-07-07 13:38:49.833 worker_log:584 7394 MainThread [INFO]  Received executor task 2920
2023-07-07 13:39:15.394 worker_log:602 7394 MainThread [INFO]  Completed executor task 2920
2023-07-07 13:39:15.407 worker_log:613 7394 MainThread [INFO]  All processing finished for executor task 2920
2023-07-07 13:39:15.407 worker_log:584 7394 MainThread [INFO]  Received executor task 2938
2023-07-07 13:39:58.287 worker_log:602 7394 MainThread [INFO]  Completed executor task 2938
2023-07-07 13:39:58.288 worker_log:613 7394 MainThread [INFO]  All processing finished for executor task 2938
2023-07-07 13:39:58.299 worker_log:584 7394 MainThread [INFO]  Received executor task 2955
2023-07-07 13:40:07.462 worker_log:602 7394 MainThread [INFO]  Completed executor task 2955
2023-07-07 13:40:07.473 worker_log:613 7394 MainThread [INFO]  All processing finished for executor task 2955
2023-07-07 13:40:07.475 worker_log:584 7394 MainThread [INFO]  Received executor task 2960
2023-07-07 13:40:32.600 worker_log:602 7394 MainThread [INFO]  Completed executor task 2960
2023-07-07 13:40:32.600 worker_log:613 7394 MainThread [INFO]  All processing finished for executor task 2960
2023-07-07 13:40:32.612 worker_log:584 7394 MainThread [INFO]  Received executor task 2973
2023-07-07 13:40:42.247 worker_log:602 7394 MainThread [INFO]  Completed executor task 2973
2023-07-07 13:40:42.248 worker_log:613 7394 MainThread [INFO]  All processing finished for executor task 2973
2023-07-07 13:40:42.259 worker_log:584 7394 MainThread [INFO]  Received executor task 2981
2023-07-07 13:41:26.993 worker_log:602 7394 MainThread [INFO]  Completed executor task 2981
2023-07-07 13:41:26.993 worker_log:613 7394 MainThread [INFO]  All processing finished for executor task 2981
2023-07-07 13:41:27.004 worker_log:584 7394 MainThread [INFO]  Received executor task 3009
2023-07-07 13:42:05.449 worker_log:602 7394 MainThread [INFO]  Completed executor task 3009
2023-07-07 13:42:05.450 worker_log:613 7394 MainThread [INFO]  All processing finished for executor task 3009
2023-07-07 13:42:05.461 worker_log:584 7394 MainThread [INFO]  Received executor task 3024
2023-07-07 13:42:17.407 worker_log:602 7394 MainThread [INFO]  Completed executor task 3024
2023-07-07 13:42:17.408 worker_log:613 7394 MainThread [INFO]  All processing finished for executor task 3024
2023-07-07 13:42:17.419 worker_log:584 7394 MainThread [INFO]  Received executor task 3030
2023-07-07 13:42:57.810 worker_log:602 7394 MainThread [INFO]  Completed executor task 3030
2023-07-07 13:42:57.810 worker_log:613 7394 MainThread [INFO]  All processing finished for executor task 3030
2023-07-07 13:42:57.821 worker_log:584 7394 MainThread [INFO]  Received executor task 3048
2023-07-07 13:43:24.464 worker_log:602 7394 MainThread [INFO]  Completed executor task 3048
2023-07-07 13:43:24.465 worker_log:613 7394 MainThread [INFO]  All processing finished for executor task 3048
2023-07-07 13:43:24.476 worker_log:584 7394 MainThread [INFO]  Received executor task 3060
2023-07-07 13:43:48.675 worker_log:602 7394 MainThread [INFO]  Completed executor task 3060
2023-07-07 13:43:48.675 worker_log:613 7394 MainThread [INFO]  All processing finished for executor task 3060
2023-07-07 13:43:48.686 worker_log:584 7394 MainThread [INFO]  Received executor task 3075
2023-07-07 13:44:36.359 worker_log:602 7394 MainThread [INFO]  Completed executor task 3075
2023-07-07 13:44:36.361 worker_log:613 7394 MainThread [INFO]  All processing finished for executor task 3075
2023-07-07 13:44:36.371 worker_log:584 7394 MainThread [INFO]  Received executor task 3094
2023-07-07 13:44:54.478 worker_log:602 7394 MainThread [INFO]  Completed executor task 3094
2023-07-07 13:44:54.478 worker_log:613 7394 MainThread [INFO]  All processing finished for executor task 3094
2023-07-07 13:44:54.489 worker_log:584 7394 MainThread [INFO]  Received executor task 3105
2023-07-07 13:45:16.519 worker_log:602 7394 MainThread [INFO]  Completed executor task 3105
2023-07-07 13:45:16.519 worker_log:613 7394 MainThread [INFO]  All processing finished for executor task 3105
2023-07-07 13:45:16.530 worker_log:584 7394 MainThread [INFO]  Received executor task 3121
2023-07-07 13:45:35.930 worker_log:602 7394 MainThread [INFO]  Completed executor task 3121
2023-07-07 13:45:35.931 worker_log:613 7394 MainThread [INFO]  All processing finished for executor task 3121
2023-07-07 13:45:35.943 worker_log:584 7394 MainThread [INFO]  Received executor task 3133
2023-07-07 13:46:13.015 worker_log:602 7394 MainThread [INFO]  Completed executor task 3133
2023-07-07 13:46:13.015 worker_log:613 7394 MainThread [INFO]  All processing finished for executor task 3133
2023-07-07 13:46:13.027 worker_log:584 7394 MainThread [INFO]  Received executor task 3149
2023-07-07 13:46:33.275 worker_log:602 7394 MainThread [INFO]  Completed executor task 3149
2023-07-07 13:46:33.275 worker_log:613 7394 MainThread [INFO]  All processing finished for executor task 3149
2023-07-07 13:46:33.286 worker_log:584 7394 MainThread [INFO]  Received executor task 3160
2023-07-07 13:47:21.204 worker_log:602 7394 MainThread [INFO]  Completed executor task 3160
2023-07-07 13:47:21.226 worker_log:613 7394 MainThread [INFO]  All processing finished for executor task 3160
2023-07-07 13:47:21.226 worker_log:584 7394 MainThread [INFO]  Received executor task 3183
2023-07-07 13:47:49.382 worker_log:602 7394 MainThread [INFO]  Completed executor task 3183
2023-07-07 13:47:49.382 worker_log:613 7394 MainThread [INFO]  All processing finished for executor task 3183
2023-07-07 13:47:49.393 worker_log:584 7394 MainThread [INFO]  Received executor task 3198
2023-07-07 13:48:17.942 worker_log:602 7394 MainThread [INFO]  Completed executor task 3198
2023-07-07 13:48:17.942 worker_log:613 7394 MainThread [INFO]  All processing finished for executor task 3198
2023-07-07 13:48:17.953 worker_log:584 7394 MainThread [INFO]  Received executor task 3212
2023-07-07 13:48:55.862 worker_log:602 7394 MainThread [INFO]  Completed executor task 3212
2023-07-07 13:48:55.863 worker_log:613 7394 MainThread [INFO]  All processing finished for executor task 3212
2023-07-07 13:48:55.874 worker_log:584 7394 MainThread [INFO]  Received executor task 3234
2023-07-07 13:49:13.636 worker_log:602 7394 MainThread [INFO]  Completed executor task 3234
2023-07-07 13:49:13.637 worker_log:613 7394 MainThread [INFO]  All processing finished for executor task 3234
2023-07-07 13:49:13.648 worker_log:584 7394 MainThread [INFO]  Received executor task 3241
2023-07-07 13:49:48.841 worker_log:602 7394 MainThread [INFO]  Completed executor task 3241
2023-07-07 13:49:48.841 worker_log:613 7394 MainThread [INFO]  All processing finished for executor task 3241
2023-07-07 13:49:48.852 worker_log:584 7394 MainThread [INFO]  Received executor task 3262
2023-07-07 13:50:23.311 worker_log:602 7394 MainThread [INFO]  Completed executor task 3262
2023-07-07 13:50:23.312 worker_log:613 7394 MainThread [INFO]  All processing finished for executor task 3262
2023-07-07 13:50:23.323 worker_log:584 7394 MainThread [INFO]  Received executor task 3281
2023-07-07 13:50:43.305 worker_log:602 7394 MainThread [INFO]  Completed executor task 3281
2023-07-07 13:50:43.305 worker_log:613 7394 MainThread [INFO]  All processing finished for executor task 3281
2023-07-07 13:50:43.316 worker_log:584 7394 MainThread [INFO]  Received executor task 3296
2023-07-07 13:51:10.103 worker_log:602 7394 MainThread [INFO]  Completed executor task 3296
2023-07-07 13:51:10.104 worker_log:613 7394 MainThread [INFO]  All processing finished for executor task 3296
2023-07-07 13:51:10.124 worker_log:584 7394 MainThread [INFO]  Received executor task 3306
2023-07-07 13:51:27.410 worker_log:602 7394 MainThread [INFO]  Completed executor task 3306
2023-07-07 13:51:27.411 worker_log:613 7394 MainThread [INFO]  All processing finished for executor task 3306
2023-07-07 13:51:27.413 worker_log:584 7394 MainThread [INFO]  Received executor task 3318
2023-07-07 13:52:00.440 worker_log:602 7394 MainThread [INFO]  Completed executor task 3318
2023-07-07 13:52:00.441 worker_log:613 7394 MainThread [INFO]  All processing finished for executor task 3318
2023-07-07 13:52:00.452 worker_log:584 7394 MainThread [INFO]  Received executor task 3337
2023-07-07 13:52:36.186 worker_log:602 7394 MainThread [INFO]  Completed executor task 3337
2023-07-07 13:52:36.187 worker_log:613 7394 MainThread [INFO]  All processing finished for executor task 3337
2023-07-07 13:52:36.198 worker_log:584 7394 MainThread [INFO]  Received executor task 3356
2023-07-07 13:53:13.983 worker_log:602 7394 MainThread [INFO]  Completed executor task 3356
2023-07-07 13:53:13.983 worker_log:613 7394 MainThread [INFO]  All processing finished for executor task 3356
2023-07-07 13:53:13.994 worker_log:584 7394 MainThread [INFO]  Received executor task 3379
2023-07-07 13:53:24.297 worker_log:602 7394 MainThread [INFO]  Completed executor task 3379
2023-07-07 13:53:24.297 worker_log:613 7394 MainThread [INFO]  All processing finished for executor task 3379
2023-07-07 13:53:24.308 worker_log:584 7394 MainThread [INFO]  Received executor task 3389
2023-07-07 13:53:45.010 worker_log:602 7394 MainThread [INFO]  Completed executor task 3389
2023-07-07 13:53:45.010 worker_log:613 7394 MainThread [INFO]  All processing finished for executor task 3389
2023-07-07 13:53:45.022 worker_log:584 7394 MainThread [INFO]  Received executor task 3403
2023-07-07 13:54:05.002 worker_log:602 7394 MainThread [INFO]  Completed executor task 3403
2023-07-07 13:54:05.003 worker_log:613 7394 MainThread [INFO]  All processing finished for executor task 3403
2023-07-07 13:54:05.014 worker_log:584 7394 MainThread [INFO]  Received executor task 3412
2023-07-07 13:54:24.414 worker_log:602 7394 MainThread [INFO]  Completed executor task 3412
2023-07-07 13:54:24.414 worker_log:613 7394 MainThread [INFO]  All processing finished for executor task 3412
2023-07-07 13:54:24.426 worker_log:584 7394 MainThread [INFO]  Received executor task 3424
2023-07-07 13:54:48.181 worker_log:602 7394 MainThread [INFO]  Completed executor task 3424
2023-07-07 13:54:48.181 worker_log:613 7394 MainThread [INFO]  All processing finished for executor task 3424
2023-07-07 13:54:48.192 worker_log:584 7394 MainThread [INFO]  Received executor task 3435
2023-07-07 13:55:03.365 worker_log:602 7394 MainThread [INFO]  Completed executor task 3435
2023-07-07 13:55:03.365 worker_log:613 7394 MainThread [INFO]  All processing finished for executor task 3435
2023-07-07 13:55:03.376 worker_log:584 7394 MainThread [INFO]  Received executor task 3445
2023-07-07 13:55:34.655 worker_log:602 7394 MainThread [INFO]  Completed executor task 3445
2023-07-07 13:55:34.655 worker_log:613 7394 MainThread [INFO]  All processing finished for executor task 3445
2023-07-07 13:55:34.666 worker_log:584 7394 MainThread [INFO]  Received executor task 3465
2023-07-07 13:56:26.464 worker_log:602 7394 MainThread [INFO]  Completed executor task 3465
2023-07-07 13:56:26.465 worker_log:613 7394 MainThread [INFO]  All processing finished for executor task 3465
2023-07-07 13:56:26.477 worker_log:584 7394 MainThread [INFO]  Received executor task 3487
2023-07-07 13:57:07.028 worker_log:602 7394 MainThread [INFO]  Completed executor task 3487
2023-07-07 13:57:07.028 worker_log:613 7394 MainThread [INFO]  All processing finished for executor task 3487
2023-07-07 13:57:07.039 worker_log:584 7394 MainThread [INFO]  Received executor task 3502
2023-07-07 13:58:07.140 worker_log:602 7394 MainThread [INFO]  Completed executor task 3502
2023-07-07 13:58:07.141 worker_log:613 7394 MainThread [INFO]  All processing finished for executor task 3502
2023-07-07 13:58:07.152 worker_log:584 7394 MainThread [INFO]  Received executor task 3526
2023-07-07 13:58:21.876 worker_log:602 7394 MainThread [INFO]  Completed executor task 3526
2023-07-07 13:58:21.877 worker_log:613 7394 MainThread [INFO]  All processing finished for executor task 3526
2023-07-07 13:58:21.889 worker_log:584 7394 MainThread [INFO]  Received executor task 3536
2023-07-07 14:00:24.671 worker_log:602 7394 MainThread [INFO]  Completed executor task 3536
2023-07-07 14:00:24.672 worker_log:613 7394 MainThread [INFO]  All processing finished for executor task 3536
2023-07-07 14:00:24.683 worker_log:584 7394 MainThread [INFO]  Received executor task 3594
2023-07-07 14:01:04.538 worker_log:602 7394 MainThread [INFO]  Completed executor task 3594
2023-07-07 14:01:04.539 worker_log:613 7394 MainThread [INFO]  All processing finished for executor task 3594
2023-07-07 14:01:04.550 worker_log:584 7394 MainThread [INFO]  Received executor task 3622
2023-07-07 14:01:21.392 worker_log:602 7394 MainThread [INFO]  Completed executor task 3622
2023-07-07 14:01:21.392 worker_log:613 7394 MainThread [INFO]  All processing finished for executor task 3622
2023-07-07 14:01:21.403 worker_log:584 7394 MainThread [INFO]  Received executor task 3627
2023-07-07 14:01:35.081 worker_log:602 7394 MainThread [INFO]  Completed executor task 3627
2023-07-07 14:01:35.082 worker_log:613 7394 MainThread [INFO]  All processing finished for executor task 3627
2023-07-07 14:01:35.093 worker_log:584 7394 MainThread [INFO]  Received executor task 3637
2023-07-07 14:01:42.568 worker_log:602 7394 MainThread [INFO]  Completed executor task 3637
2023-07-07 14:01:42.568 worker_log:613 7394 MainThread [INFO]  All processing finished for executor task 3637
2023-07-07 14:01:42.579 worker_log:584 7394 MainThread [INFO]  Received executor task 3643
2023-07-07 14:02:10.869 worker_log:602 7394 MainThread [INFO]  Completed executor task 3643
2023-07-07 14:02:10.869 worker_log:613 7394 MainThread [INFO]  All processing finished for executor task 3643
2023-07-07 14:02:10.880 worker_log:584 7394 MainThread [INFO]  Received executor task 3656
2023-07-07 14:03:14.118 worker_log:602 7394 MainThread [INFO]  Completed executor task 3656
2023-07-07 14:03:14.118 worker_log:613 7394 MainThread [INFO]  All processing finished for executor task 3656
2023-07-07 14:03:14.130 worker_log:584 7394 MainThread [INFO]  Received executor task 3691
2023-07-07 14:03:41.214 worker_log:602 7394 MainThread [INFO]  Completed executor task 3691
2023-07-07 14:03:41.215 worker_log:613 7394 MainThread [INFO]  All processing finished for executor task 3691
2023-07-07 14:03:41.226 worker_log:584 7394 MainThread [INFO]  Received executor task 3706
2023-07-07 14:04:19.283 worker_log:602 7394 MainThread [INFO]  Completed executor task 3706
2023-07-07 14:04:19.283 worker_log:613 7394 MainThread [INFO]  All processing finished for executor task 3706
2023-07-07 14:04:19.294 worker_log:584 7394 MainThread [INFO]  Received executor task 3723
2023-07-07 14:05:12.174 worker_log:602 7394 MainThread [INFO]  Completed executor task 3723
2023-07-07 14:05:12.174 worker_log:613 7394 MainThread [INFO]  All processing finished for executor task 3723
2023-07-07 14:05:12.185 worker_log:584 7394 MainThread [INFO]  Received executor task 3748
2023-07-07 14:06:03.178 worker_log:602 7394 MainThread [INFO]  Completed executor task 3748
2023-07-07 14:06:03.179 worker_log:613 7394 MainThread [INFO]  All processing finished for executor task 3748
2023-07-07 14:06:03.190 worker_log:584 7394 MainThread [INFO]  Received executor task 3773
2023-07-07 14:06:45.082 worker_log:602 7394 MainThread [INFO]  Completed executor task 3773
2023-07-07 14:06:45.083 worker_log:613 7394 MainThread [INFO]  All processing finished for executor task 3773
2023-07-07 14:06:45.094 worker_log:584 7394 MainThread [INFO]  Received executor task 3791
2023-07-07 14:07:17.299 worker_log:602 7394 MainThread [INFO]  Completed executor task 3791
2023-07-07 14:07:17.300 worker_log:613 7394 MainThread [INFO]  All processing finished for executor task 3791
2023-07-07 14:07:17.311 worker_log:584 7394 MainThread [INFO]  Received executor task 3806
2023-07-07 14:07:45.696 worker_log:602 7394 MainThread [INFO]  Completed executor task 3806
2023-07-07 14:07:45.697 worker_log:613 7394 MainThread [INFO]  All processing finished for executor task 3806
2023-07-07 14:07:45.709 worker_log:584 7394 MainThread [INFO]  Received executor task 3815
2023-07-07 14:08:16.849 worker_log:602 7394 MainThread [INFO]  Completed executor task 3815
2023-07-07 14:08:16.849 worker_log:613 7394 MainThread [INFO]  All processing finished for executor task 3815
2023-07-07 14:08:16.860 worker_log:584 7394 MainThread [INFO]  Received executor task 3833
2023-07-07 14:09:04.461 worker_log:602 7394 MainThread [INFO]  Completed executor task 3833
2023-07-07 14:09:04.461 worker_log:613 7394 MainThread [INFO]  All processing finished for executor task 3833
2023-07-07 14:09:04.472 worker_log:584 7394 MainThread [INFO]  Received executor task 3854
2023-07-07 14:09:28.009 worker_log:602 7394 MainThread [INFO]  Completed executor task 3854
2023-07-07 14:09:28.009 worker_log:613 7394 MainThread [INFO]  All processing finished for executor task 3854
2023-07-07 14:09:28.020 worker_log:584 7394 MainThread [INFO]  Received executor task 3868
2023-07-07 14:09:36.276 worker_log:602 7394 MainThread [INFO]  Completed executor task 3868
2023-07-07 14:09:36.276 worker_log:613 7394 MainThread [INFO]  All processing finished for executor task 3868
2023-07-07 14:09:36.288 worker_log:584 7394 MainThread [INFO]  Received executor task 3869
2023-07-07 14:10:01.934 worker_log:602 7394 MainThread [INFO]  Completed executor task 3869
2023-07-07 14:10:01.934 worker_log:613 7394 MainThread [INFO]  All processing finished for executor task 3869
2023-07-07 14:10:01.946 worker_log:584 7394 MainThread [INFO]  Received executor task 3893
2023-07-07 14:10:19.700 worker_log:602 7394 MainThread [INFO]  Completed executor task 3893
2023-07-07 14:10:19.700 worker_log:613 7394 MainThread [INFO]  All processing finished for executor task 3893
2023-07-07 14:10:19.711 worker_log:584 7394 MainThread [INFO]  Received executor task 3906
2023-07-07 14:10:38.089 worker_log:602 7394 MainThread [INFO]  Completed executor task 3906
2023-07-07 14:10:38.089 worker_log:613 7394 MainThread [INFO]  All processing finished for executor task 3906
2023-07-07 14:10:38.101 worker_log:584 7394 MainThread [INFO]  Received executor task 3916
2023-07-07 14:11:27.639 worker_log:602 7394 MainThread [INFO]  Completed executor task 3916
2023-07-07 14:11:27.639 worker_log:613 7394 MainThread [INFO]  All processing finished for executor task 3916
2023-07-07 14:11:27.650 worker_log:584 7394 MainThread [INFO]  Received executor task 3935
2023-07-07 14:11:41.043 worker_log:602 7394 MainThread [INFO]  Completed executor task 3935
2023-07-07 14:11:41.043 worker_log:613 7394 MainThread [INFO]  All processing finished for executor task 3935
2023-07-07 14:11:41.056 worker_log:584 7394 MainThread [INFO]  Received executor task 3942
2023-07-07 14:12:41.497 worker_log:602 7394 MainThread [INFO]  Completed executor task 3942
2023-07-07 14:12:41.497 worker_log:613 7394 MainThread [INFO]  All processing finished for executor task 3942
2023-07-07 14:12:41.508 worker_log:584 7394 MainThread [INFO]  Received executor task 3966
2023-07-07 14:13:04.814 worker_log:602 7394 MainThread [INFO]  Completed executor task 3966
2023-07-07 14:13:04.814 worker_log:613 7394 MainThread [INFO]  All processing finished for executor task 3966
2023-07-07 14:13:04.825 worker_log:584 7394 MainThread [INFO]  Received executor task 3974
2023-07-07 14:13:30.122 worker_log:602 7394 MainThread [INFO]  Completed executor task 3974
2023-07-07 14:13:30.123 worker_log:613 7394 MainThread [INFO]  All processing finished for executor task 3974
2023-07-07 14:13:30.134 worker_log:584 7394 MainThread [INFO]  Received executor task 3990
2023-07-07 14:13:57.034 worker_log:602 7394 MainThread [INFO]  Completed executor task 3990
2023-07-07 14:13:57.035 worker_log:613 7394 MainThread [INFO]  All processing finished for executor task 3990
2023-07-07 14:13:57.046 worker_log:584 7394 MainThread [INFO]  Received executor task 4007
2023-07-07 14:14:37.867 worker_log:602 7394 MainThread [INFO]  Completed executor task 4007
2023-07-07 14:14:37.867 worker_log:613 7394 MainThread [INFO]  All processing finished for executor task 4007
2023-07-07 14:14:37.878 worker_log:584 7394 MainThread [INFO]  Received executor task 4029
2023-07-07 14:15:24.588 worker_log:602 7394 MainThread [INFO]  Completed executor task 4029
2023-07-07 14:15:24.588 worker_log:613 7394 MainThread [INFO]  All processing finished for executor task 4029
2023-07-07 14:15:24.600 worker_log:584 7394 MainThread [INFO]  Received executor task 4043
2023-07-07 14:15:44.324 worker_log:602 7394 MainThread [INFO]  Completed executor task 4043
2023-07-07 14:15:44.325 worker_log:613 7394 MainThread [INFO]  All processing finished for executor task 4043
2023-07-07 14:15:44.337 worker_log:584 7394 MainThread [INFO]  Received executor task 4056
2023-07-07 14:16:21.617 worker_log:602 7394 MainThread [INFO]  Completed executor task 4056
2023-07-07 14:16:21.617 worker_log:613 7394 MainThread [INFO]  All processing finished for executor task 4056
2023-07-07 14:16:21.628 worker_log:584 7394 MainThread [INFO]  Received executor task 4075
2023-07-07 14:17:06.859 worker_log:602 7394 MainThread [INFO]  Completed executor task 4075
2023-07-07 14:17:06.872 worker_log:613 7394 MainThread [INFO]  All processing finished for executor task 4075
2023-07-07 14:17:06.872 worker_log:584 7394 MainThread [INFO]  Received executor task 4092
2023-07-07 14:17:35.255 worker_log:602 7394 MainThread [INFO]  Completed executor task 4092
2023-07-07 14:17:35.256 worker_log:613 7394 MainThread [INFO]  All processing finished for executor task 4092
2023-07-07 14:17:35.267 worker_log:584 7394 MainThread [INFO]  Received executor task 4105
2023-07-07 14:18:01.179 worker_log:602 7394 MainThread [INFO]  Completed executor task 4105
2023-07-07 14:18:01.179 worker_log:613 7394 MainThread [INFO]  All processing finished for executor task 4105
2023-07-07 14:18:01.191 worker_log:584 7394 MainThread [INFO]  Received executor task 4118
2023-07-07 14:18:09.293 worker_log:602 7394 MainThread [INFO]  Completed executor task 4118
2023-07-07 14:18:09.293 worker_log:613 7394 MainThread [INFO]  All processing finished for executor task 4118
2023-07-07 14:18:09.304 worker_log:584 7394 MainThread [INFO]  Received executor task 4122
2023-07-07 14:18:27.038 worker_log:602 7394 MainThread [INFO]  Completed executor task 4122
2023-07-07 14:18:27.039 worker_log:613 7394 MainThread [INFO]  All processing finished for executor task 4122
2023-07-07 14:18:27.050 worker_log:584 7394 MainThread [INFO]  Received executor task 4129
2023-07-07 14:19:21.709 worker_log:602 7394 MainThread [INFO]  Completed executor task 4129
2023-07-07 14:19:21.709 worker_log:613 7394 MainThread [INFO]  All processing finished for executor task 4129
2023-07-07 14:19:21.720 worker_log:584 7394 MainThread [INFO]  Received executor task 4155
2023-07-07 14:19:35.942 worker_log:602 7394 MainThread [INFO]  Completed executor task 4155
2023-07-07 14:19:35.942 worker_log:613 7394 MainThread [INFO]  All processing finished for executor task 4155
2023-07-07 14:19:35.953 worker_log:584 7394 MainThread [INFO]  Received executor task 4161
2023-07-07 14:20:04.931 worker_log:602 7394 MainThread [INFO]  Completed executor task 4161
2023-07-07 14:20:04.932 worker_log:613 7394 MainThread [INFO]  All processing finished for executor task 4161
2023-07-07 14:20:04.943 worker_log:584 7394 MainThread [INFO]  Received executor task 4178
2023-07-07 14:21:06.374 worker_log:602 7394 MainThread [INFO]  Completed executor task 4178
2023-07-07 14:21:06.374 worker_log:613 7394 MainThread [INFO]  All processing finished for executor task 4178
2023-07-07 14:21:06.385 worker_log:584 7394 MainThread [INFO]  Received executor task 4199
2023-07-07 14:21:57.326 worker_log:602 7394 MainThread [INFO]  Completed executor task 4199
2023-07-07 14:21:57.326 worker_log:613 7394 MainThread [INFO]  All processing finished for executor task 4199
2023-07-07 14:21:57.337 worker_log:584 7394 MainThread [INFO]  Received executor task 4223
2023-07-07 14:22:08.747 worker_log:602 7394 MainThread [INFO]  Completed executor task 4223
2023-07-07 14:22:08.747 worker_log:613 7394 MainThread [INFO]  All processing finished for executor task 4223
2023-07-07 14:22:08.758 worker_log:584 7394 MainThread [INFO]  Received executor task 4228
2023-07-07 14:22:16.450 worker_log:602 7394 MainThread [INFO]  Completed executor task 4228
2023-07-07 14:22:16.451 worker_log:613 7394 MainThread [INFO]  All processing finished for executor task 4228
2023-07-07 14:22:16.462 worker_log:584 7394 MainThread [INFO]  Received executor task 4232
2023-07-07 14:22:27.073 worker_log:602 7394 MainThread [INFO]  Completed executor task 4232
2023-07-07 14:22:27.073 worker_log:613 7394 MainThread [INFO]  All processing finished for executor task 4232
2023-07-07 14:22:27.084 worker_log:584 7394 MainThread [INFO]  Received executor task 4237
2023-07-07 14:23:25.955 worker_log:602 7394 MainThread [INFO]  Completed executor task 4237
2023-07-07 14:23:25.955 worker_log:613 7394 MainThread [INFO]  All processing finished for executor task 4237
2023-07-07 14:23:25.966 worker_log:584 7394 MainThread [INFO]  Received executor task 4272
2023-07-07 14:24:09.781 worker_log:602 7394 MainThread [INFO]  Completed executor task 4272
2023-07-07 14:24:09.782 worker_log:613 7394 MainThread [INFO]  All processing finished for executor task 4272
2023-07-07 14:24:09.793 worker_log:584 7394 MainThread [INFO]  Received executor task 4293
2023-07-07 14:25:03.278 worker_log:602 7394 MainThread [INFO]  Completed executor task 4293
2023-07-07 14:25:03.279 worker_log:613 7394 MainThread [INFO]  All processing finished for executor task 4293
2023-07-07 14:25:03.290 worker_log:584 7394 MainThread [INFO]  Received executor task 4321
2023-07-07 14:25:42.372 worker_log:602 7394 MainThread [INFO]  Completed executor task 4321
2023-07-07 14:25:42.373 worker_log:613 7394 MainThread [INFO]  All processing finished for executor task 4321
2023-07-07 14:25:42.384 worker_log:584 7394 MainThread [INFO]  Received executor task 4340
2023-07-07 14:26:21.716 worker_log:602 7394 MainThread [INFO]  Completed executor task 4340
2023-07-07 14:26:21.717 worker_log:613 7394 MainThread [INFO]  All processing finished for executor task 4340
2023-07-07 14:26:21.729 worker_log:584 7394 MainThread [INFO]  Received executor task 4361
2023-07-07 14:26:33.062 worker_log:602 7394 MainThread [INFO]  Completed executor task 4361
2023-07-07 14:26:33.062 worker_log:613 7394 MainThread [INFO]  All processing finished for executor task 4361
2023-07-07 14:26:33.073 worker_log:584 7394 MainThread [INFO]  Received executor task 4370
2023-07-07 14:27:14.261 worker_log:602 7394 MainThread [INFO]  Completed executor task 4370
2023-07-07 14:27:14.261 worker_log:613 7394 MainThread [INFO]  All processing finished for executor task 4370
2023-07-07 14:27:14.272 worker_log:584 7394 MainThread [INFO]  Received executor task 4394
2023-07-07 14:27:49.607 worker_log:602 7394 MainThread [INFO]  Completed executor task 4394
2023-07-07 14:27:49.608 worker_log:613 7394 MainThread [INFO]  All processing finished for executor task 4394
2023-07-07 14:27:49.619 worker_log:584 7394 MainThread [INFO]  Received executor task 4414
2023-07-07 14:28:12.023 worker_log:602 7394 MainThread [INFO]  Completed executor task 4414
2023-07-07 14:28:12.024 worker_log:613 7394 MainThread [INFO]  All processing finished for executor task 4414
2023-07-07 14:28:12.035 worker_log:584 7394 MainThread [INFO]  Received executor task 4426
2023-07-07 14:28:27.016 worker_log:602 7394 MainThread [INFO]  Completed executor task 4426
2023-07-07 14:28:27.016 worker_log:613 7394 MainThread [INFO]  All processing finished for executor task 4426
2023-07-07 14:28:27.017 worker_log:584 7394 MainThread [INFO]  Received executor task 4434
2023-07-07 14:29:40.148 worker_log:602 7394 MainThread [INFO]  Completed executor task 4434
2023-07-07 14:29:40.149 worker_log:613 7394 MainThread [INFO]  All processing finished for executor task 4434
2023-07-07 14:29:40.161 worker_log:584 7394 MainThread [INFO]  Received executor task 4467
2023-07-07 14:30:20.291 worker_log:602 7394 MainThread [INFO]  Completed executor task 4467
2023-07-07 14:30:20.291 worker_log:613 7394 MainThread [INFO]  All processing finished for executor task 4467
2023-07-07 14:30:20.312 worker_log:584 7394 MainThread [INFO]  Received executor task 4486
2023-07-07 14:30:57.754 worker_log:602 7394 MainThread [INFO]  Completed executor task 4486
2023-07-07 14:30:57.754 worker_log:613 7394 MainThread [INFO]  All processing finished for executor task 4486
2023-07-07 14:30:57.755 worker_log:584 7394 MainThread [INFO]  Received executor task 4503
2023-07-07 14:31:28.637 worker_log:602 7394 MainThread [INFO]  Completed executor task 4503
2023-07-07 14:31:28.637 worker_log:613 7394 MainThread [INFO]  All processing finished for executor task 4503
2023-07-07 14:31:28.649 worker_log:584 7394 MainThread [INFO]  Received executor task 4521
2023-07-07 14:31:43.705 worker_log:602 7394 MainThread [INFO]  Completed executor task 4521
2023-07-07 14:31:43.706 worker_log:613 7394 MainThread [INFO]  All processing finished for executor task 4521
2023-07-07 14:31:43.718 worker_log:584 7394 MainThread [INFO]  Received executor task 4527
2023-07-07 14:32:22.254 worker_log:602 7394 MainThread [INFO]  Completed executor task 4527
2023-07-07 14:32:22.254 worker_log:613 7394 MainThread [INFO]  All processing finished for executor task 4527
2023-07-07 14:32:22.265 worker_log:584 7394 MainThread [INFO]  Received executor task 4551
2023-07-07 14:33:08.680 worker_log:602 7394 MainThread [INFO]  Completed executor task 4551
2023-07-07 14:33:08.680 worker_log:613 7394 MainThread [INFO]  All processing finished for executor task 4551
2023-07-07 14:33:08.704 worker_log:584 7394 MainThread [INFO]  Received executor task 4569
2023-07-07 14:33:30.934 worker_log:602 7394 MainThread [INFO]  Completed executor task 4569
2023-07-07 14:33:30.934 worker_log:613 7394 MainThread [INFO]  All processing finished for executor task 4569
2023-07-07 14:33:30.945 worker_log:584 7394 MainThread [INFO]  Received executor task 4585
2023-07-07 14:33:43.784 worker_log:602 7394 MainThread [INFO]  Completed executor task 4585
2023-07-07 14:33:43.784 worker_log:613 7394 MainThread [INFO]  All processing finished for executor task 4585
2023-07-07 14:33:43.796 worker_log:584 7394 MainThread [INFO]  Received executor task 4593
2023-07-07 14:34:33.318 worker_log:602 7394 MainThread [INFO]  Completed executor task 4593
2023-07-07 14:34:33.319 worker_log:613 7394 MainThread [INFO]  All processing finished for executor task 4593
2023-07-07 14:34:33.330 worker_log:584 7394 MainThread [INFO]  Received executor task 4619
2023-07-07 14:35:17.455 worker_log:602 7394 MainThread [INFO]  Completed executor task 4619
2023-07-07 14:35:17.455 worker_log:613 7394 MainThread [INFO]  All processing finished for executor task 4619
2023-07-07 14:35:17.466 worker_log:584 7394 MainThread [INFO]  Received executor task 4637
2023-07-07 14:35:42.864 worker_log:602 7394 MainThread [INFO]  Completed executor task 4637
2023-07-07 14:35:42.864 worker_log:613 7394 MainThread [INFO]  All processing finished for executor task 4637
2023-07-07 14:35:42.875 worker_log:584 7394 MainThread [INFO]  Received executor task 4658
2023-07-07 14:37:06.913 worker_log:602 7394 MainThread [INFO]  Completed executor task 4658
2023-07-07 14:37:06.924 worker_log:613 7394 MainThread [INFO]  All processing finished for executor task 4658
2023-07-07 14:37:06.924 worker_log:584 7394 MainThread [INFO]  Received executor task 4694
2023-07-07 14:37:22.962 worker_log:602 7394 MainThread [INFO]  Completed executor task 4694
2023-07-07 14:37:22.962 worker_log:613 7394 MainThread [INFO]  All processing finished for executor task 4694
2023-07-07 14:37:22.985 worker_log:584 7394 MainThread [INFO]  Received executor task 4698
2023-07-07 14:38:18.842 worker_log:602 7394 MainThread [INFO]  Completed executor task 4698
2023-07-07 14:38:18.842 worker_log:613 7394 MainThread [INFO]  All processing finished for executor task 4698
2023-07-07 14:38:18.854 worker_log:584 7394 MainThread [INFO]  Received executor task 4723
2023-07-07 14:39:12.372 worker_log:602 7394 MainThread [INFO]  Completed executor task 4723
2023-07-07 14:39:12.372 worker_log:613 7394 MainThread [INFO]  All processing finished for executor task 4723
2023-07-07 14:39:12.383 worker_log:584 7394 MainThread [INFO]  Received executor task 4745
2023-07-07 14:39:54.667 worker_log:602 7394 MainThread [INFO]  Completed executor task 4745
2023-07-07 14:39:54.668 worker_log:613 7394 MainThread [INFO]  All processing finished for executor task 4745
2023-07-07 14:39:54.680 worker_log:584 7394 MainThread [INFO]  Received executor task 4767
2023-07-07 14:40:14.699 worker_log:602 7394 MainThread [INFO]  Completed executor task 4767
2023-07-07 14:40:14.699 worker_log:613 7394 MainThread [INFO]  All processing finished for executor task 4767
2023-07-07 14:40:14.710 worker_log:584 7394 MainThread [INFO]  Received executor task 4778
2023-07-07 14:40:38.774 worker_log:602 7394 MainThread [INFO]  Completed executor task 4778
2023-07-07 14:40:38.774 worker_log:613 7394 MainThread [INFO]  All processing finished for executor task 4778
2023-07-07 14:40:38.785 worker_log:584 7394 MainThread [INFO]  Received executor task 4789
2023-07-07 14:40:51.354 worker_log:602 7394 MainThread [INFO]  Completed executor task 4789
2023-07-07 14:40:51.355 worker_log:613 7394 MainThread [INFO]  All processing finished for executor task 4789
2023-07-07 14:40:51.366 worker_log:584 7394 MainThread [INFO]  Received executor task 4794
2023-07-07 14:41:18.135 worker_log:602 7394 MainThread [INFO]  Completed executor task 4794
2023-07-07 14:41:18.135 worker_log:613 7394 MainThread [INFO]  All processing finished for executor task 4794
2023-07-07 14:41:18.147 worker_log:584 7394 MainThread [INFO]  Received executor task 4808
2023-07-07 14:41:30.042 worker_log:602 7394 MainThread [INFO]  Completed executor task 4808
2023-07-07 14:41:30.043 worker_log:613 7394 MainThread [INFO]  All processing finished for executor task 4808
2023-07-07 14:41:30.053 worker_log:584 7394 MainThread [INFO]  Received executor task 4812
2023-07-07 14:41:52.107 worker_log:602 7394 MainThread [INFO]  Completed executor task 4812
2023-07-07 14:41:52.108 worker_log:613 7394 MainThread [INFO]  All processing finished for executor task 4812
2023-07-07 14:41:52.119 worker_log:584 7394 MainThread [INFO]  Received executor task 4824
2023-07-07 14:42:22.250 worker_log:602 7394 MainThread [INFO]  Completed executor task 4824
2023-07-07 14:42:22.251 worker_log:613 7394 MainThread [INFO]  All processing finished for executor task 4824
2023-07-07 14:42:22.262 worker_log:584 7394 MainThread [INFO]  Received executor task 4840
2023-07-07 14:43:11.157 worker_log:602 7394 MainThread [INFO]  Completed executor task 4840
2023-07-07 14:43:11.157 worker_log:613 7394 MainThread [INFO]  All processing finished for executor task 4840
2023-07-07 14:43:11.168 worker_log:584 7394 MainThread [INFO]  Received executor task 4861
2023-07-07 14:43:34.397 worker_log:602 7394 MainThread [INFO]  Completed executor task 4861
2023-07-07 14:43:34.397 worker_log:613 7394 MainThread [INFO]  All processing finished for executor task 4861
2023-07-07 14:43:34.408 worker_log:584 7394 MainThread [INFO]  Received executor task 4875
2023-07-07 14:43:57.603 worker_log:602 7394 MainThread [INFO]  Completed executor task 4875
2023-07-07 14:43:57.608 worker_log:613 7394 MainThread [INFO]  All processing finished for executor task 4875
2023-07-07 14:43:57.615 worker_log:584 7394 MainThread [INFO]  Received executor task 4883
2023-07-07 14:44:25.994 worker_log:602 7394 MainThread [INFO]  Completed executor task 4883
2023-07-07 14:44:25.995 worker_log:613 7394 MainThread [INFO]  All processing finished for executor task 4883
2023-07-07 14:44:26.006 worker_log:584 7394 MainThread [INFO]  Received executor task 4900
2023-07-07 14:45:00.456 worker_log:602 7394 MainThread [INFO]  Completed executor task 4900
2023-07-07 14:45:00.456 worker_log:613 7394 MainThread [INFO]  All processing finished for executor task 4900
2023-07-07 14:45:00.468 worker_log:584 7394 MainThread [INFO]  Received executor task 4913
2023-07-07 14:45:38.950 worker_log:602 7394 MainThread [INFO]  Completed executor task 4913
2023-07-07 14:45:38.951 worker_log:613 7394 MainThread [INFO]  All processing finished for executor task 4913
2023-07-07 14:45:38.962 worker_log:584 7394 MainThread [INFO]  Received executor task 4933
2023-07-07 14:46:46.979 worker_log:602 7394 MainThread [INFO]  Completed executor task 4933
2023-07-07 14:46:46.979 worker_log:613 7394 MainThread [INFO]  All processing finished for executor task 4933
2023-07-07 14:46:46.991 worker_log:584 7394 MainThread [INFO]  Received executor task 4964
2023-07-07 14:47:31.545 worker_log:602 7394 MainThread [INFO]  Completed executor task 4964
2023-07-07 14:47:31.545 worker_log:613 7394 MainThread [INFO]  All processing finished for executor task 4964
2023-07-07 14:47:31.556 worker_log:584 7394 MainThread [INFO]  Received executor task 4988
2023-07-07 14:48:11.926 worker_log:602 7394 MainThread [INFO]  Completed executor task 4988
2023-07-07 14:48:11.927 worker_log:613 7394 MainThread [INFO]  All processing finished for executor task 4988
2023-07-07 14:48:11.939 worker_log:584 7394 MainThread [INFO]  Received executor task 5008
2023-07-07 14:48:28.126 worker_log:602 7394 MainThread [INFO]  Completed executor task 5008
2023-07-07 14:48:28.126 worker_log:613 7394 MainThread [INFO]  All processing finished for executor task 5008
2023-07-07 14:48:28.137 worker_log:584 7394 MainThread [INFO]  Received executor task 5018
2023-07-07 14:49:09.180 worker_log:602 7394 MainThread [INFO]  Completed executor task 5018
2023-07-07 14:49:09.180 worker_log:613 7394 MainThread [INFO]  All processing finished for executor task 5018
2023-07-07 14:49:09.191 worker_log:584 7394 MainThread [INFO]  Received executor task 5041
2023-07-07 14:49:43.730 worker_log:602 7394 MainThread [INFO]  Completed executor task 5041
2023-07-07 14:49:43.730 worker_log:613 7394 MainThread [INFO]  All processing finished for executor task 5041
2023-07-07 14:49:43.741 worker_log:584 7394 MainThread [INFO]  Received executor task 5052
2023-07-07 14:50:31.040 worker_log:602 7394 MainThread [INFO]  Completed executor task 5052
2023-07-07 14:50:31.040 worker_log:613 7394 MainThread [INFO]  All processing finished for executor task 5052
2023-07-07 14:50:31.053 worker_log:584 7394 MainThread [INFO]  Received executor task 5079
2023-07-07 14:51:08.612 worker_log:602 7394 MainThread [INFO]  Completed executor task 5079
2023-07-07 14:51:08.613 worker_log:613 7394 MainThread [INFO]  All processing finished for executor task 5079
2023-07-07 14:51:08.633 worker_log:584 7394 MainThread [INFO]  Received executor task 5094
2023-07-07 14:51:52.995 worker_log:602 7394 MainThread [INFO]  Completed executor task 5094
2023-07-07 14:51:52.995 worker_log:613 7394 MainThread [INFO]  All processing finished for executor task 5094
2023-07-07 14:51:53.007 worker_log:584 7394 MainThread [INFO]  Received executor task 5117
2023-07-07 14:52:39.502 worker_log:602 7394 MainThread [INFO]  Completed executor task 5117
2023-07-07 14:52:39.502 worker_log:613 7394 MainThread [INFO]  All processing finished for executor task 5117
2023-07-07 14:52:39.513 worker_log:584 7394 MainThread [INFO]  Received executor task 5136
2023-07-07 14:53:07.721 worker_log:602 7394 MainThread [INFO]  Completed executor task 5136
2023-07-07 14:53:07.722 worker_log:613 7394 MainThread [INFO]  All processing finished for executor task 5136
2023-07-07 14:53:07.733 worker_log:584 7394 MainThread [INFO]  Received executor task 5147
2023-07-07 14:53:27.181 worker_log:602 7394 MainThread [INFO]  Completed executor task 5147
2023-07-07 14:53:27.184 worker_log:613 7394 MainThread [INFO]  All processing finished for executor task 5147
2023-07-07 14:53:27.193 worker_log:584 7394 MainThread [INFO]  Received executor task 5156
2023-07-07 14:53:58.598 worker_log:602 7394 MainThread [INFO]  Completed executor task 5156
2023-07-07 14:53:58.598 worker_log:613 7394 MainThread [INFO]  All processing finished for executor task 5156
2023-07-07 14:53:58.609 worker_log:584 7394 MainThread [INFO]  Received executor task 5176
2023-07-07 14:54:23.459 worker_log:602 7394 MainThread [INFO]  Completed executor task 5176
2023-07-07 14:54:23.460 worker_log:613 7394 MainThread [INFO]  All processing finished for executor task 5176
2023-07-07 14:54:23.471 worker_log:584 7394 MainThread [INFO]  Received executor task 5189
2023-07-07 14:54:42.013 worker_log:602 7394 MainThread [INFO]  Completed executor task 5189
2023-07-07 14:54:42.013 worker_log:613 7394 MainThread [INFO]  All processing finished for executor task 5189
2023-07-07 14:54:42.024 worker_log:584 7394 MainThread [INFO]  Received executor task 5199
2023-07-07 14:54:56.732 worker_log:602 7394 MainThread [INFO]  Completed executor task 5199
2023-07-07 14:54:56.732 worker_log:613 7394 MainThread [INFO]  All processing finished for executor task 5199
2023-07-07 14:54:56.734 worker_log:584 7394 MainThread [INFO]  Received executor task 5210
2023-07-07 14:55:30.468 worker_log:602 7394 MainThread [INFO]  Completed executor task 5210
2023-07-07 14:55:30.468 worker_log:613 7394 MainThread [INFO]  All processing finished for executor task 5210
2023-07-07 14:55:30.479 worker_log:584 7394 MainThread [INFO]  Received executor task 5232
2023-07-07 14:55:48.283 worker_log:602 7394 MainThread [INFO]  Completed executor task 5232
2023-07-07 14:55:48.283 worker_log:613 7394 MainThread [INFO]  All processing finished for executor task 5232
2023-07-07 14:55:48.295 worker_log:584 7394 MainThread [INFO]  Received executor task 5239
2023-07-07 14:56:21.804 worker_log:602 7394 MainThread [INFO]  Completed executor task 5239
2023-07-07 14:56:21.805 worker_log:613 7394 MainThread [INFO]  All processing finished for executor task 5239
2023-07-07 14:56:21.816 worker_log:584 7394 MainThread [INFO]  Received executor task 5252
2023-07-07 14:56:55.300 worker_log:602 7394 MainThread [INFO]  Completed executor task 5252
2023-07-07 14:56:55.300 worker_log:613 7394 MainThread [INFO]  All processing finished for executor task 5252
2023-07-07 14:56:55.311 worker_log:584 7394 MainThread [INFO]  Received executor task 5267
2023-07-07 14:57:52.504 worker_log:602 7394 MainThread [INFO]  Completed executor task 5267
2023-07-07 14:57:52.504 worker_log:613 7394 MainThread [INFO]  All processing finished for executor task 5267
2023-07-07 14:57:52.515 worker_log:584 7394 MainThread [INFO]  Received executor task 5284
2023-07-07 14:58:10.397 worker_log:602 7394 MainThread [INFO]  Completed executor task 5284
2023-07-07 14:58:10.398 worker_log:613 7394 MainThread [INFO]  All processing finished for executor task 5284
2023-07-07 14:58:10.409 worker_log:584 7394 MainThread [INFO]  Received executor task 5290
2023-07-07 14:58:27.857 worker_log:602 7394 MainThread [INFO]  Completed executor task 5290
2023-07-07 14:58:27.858 worker_log:613 7394 MainThread [INFO]  All processing finished for executor task 5290
2023-07-07 14:58:27.869 worker_log:584 7394 MainThread [INFO]  Received executor task 5298
2023-07-07 14:58:51.721 worker_log:602 7394 MainThread [INFO]  Completed executor task 5298
2023-07-07 14:58:51.721 worker_log:613 7394 MainThread [INFO]  All processing finished for executor task 5298
2023-07-07 14:58:51.732 worker_log:584 7394 MainThread [INFO]  Received executor task 5312
2023-07-07 15:00:48.691 worker_log:602 7394 MainThread [INFO]  Completed executor task 5312
2023-07-07 15:00:48.691 worker_log:613 7394 MainThread [INFO]  All processing finished for executor task 5312
2023-07-07 15:00:48.703 worker_log:584 7394 MainThread [INFO]  Received executor task 5367
2023-07-07 15:01:00.896 worker_log:602 7394 MainThread [INFO]  Completed executor task 5367
2023-07-07 15:01:00.897 worker_log:613 7394 MainThread [INFO]  All processing finished for executor task 5367
2023-07-07 15:01:00.908 worker_log:584 7394 MainThread [INFO]  Received executor task 5372
2023-07-07 15:01:52.643 worker_log:602 7394 MainThread [INFO]  Completed executor task 5372
2023-07-07 15:01:52.647 worker_log:613 7394 MainThread [INFO]  All processing finished for executor task 5372
2023-07-07 15:01:52.655 worker_log:584 7394 MainThread [INFO]  Received executor task 5394
2023-07-07 15:02:09.289 worker_log:602 7394 MainThread [INFO]  Completed executor task 5394
2023-07-07 15:02:09.289 worker_log:613 7394 MainThread [INFO]  All processing finished for executor task 5394
2023-07-07 15:02:09.300 worker_log:584 7394 MainThread [INFO]  Received executor task 5402
2023-07-07 15:03:08.182 worker_log:602 7394 MainThread [INFO]  Completed executor task 5402
2023-07-07 15:03:08.183 worker_log:613 7394 MainThread [INFO]  All processing finished for executor task 5402
2023-07-07 15:03:08.194 worker_log:584 7394 MainThread [INFO]  Received executor task 5430
2023-07-07 15:03:40.277 worker_log:602 7394 MainThread [INFO]  Completed executor task 5430
2023-07-07 15:03:40.278 worker_log:613 7394 MainThread [INFO]  All processing finished for executor task 5430
2023-07-07 15:03:40.289 worker_log:584 7394 MainThread [INFO]  Received executor task 5446
2023-07-07 15:04:11.281 worker_log:602 7394 MainThread [INFO]  Completed executor task 5446
2023-07-07 15:04:11.281 worker_log:613 7394 MainThread [INFO]  All processing finished for executor task 5446
2023-07-07 15:04:11.293 worker_log:584 7394 MainThread [INFO]  Received executor task 5465
2023-07-07 15:04:41.804 worker_log:602 7394 MainThread [INFO]  Completed executor task 5465
2023-07-07 15:04:41.804 worker_log:613 7394 MainThread [INFO]  All processing finished for executor task 5465
2023-07-07 15:04:41.816 worker_log:584 7394 MainThread [INFO]  Received executor task 5480
2023-07-07 15:05:14.775 worker_log:602 7394 MainThread [INFO]  Completed executor task 5480
2023-07-07 15:05:14.775 worker_log:613 7394 MainThread [INFO]  All processing finished for executor task 5480
2023-07-07 15:05:14.786 worker_log:584 7394 MainThread [INFO]  Received executor task 5494
2023-07-07 15:05:43.488 worker_log:602 7394 MainThread [INFO]  Completed executor task 5494
2023-07-07 15:05:43.489 worker_log:613 7394 MainThread [INFO]  All processing finished for executor task 5494
2023-07-07 15:05:43.501 worker_log:584 7394 MainThread [INFO]  Received executor task 5503
2023-07-07 15:05:56.681 worker_log:602 7394 MainThread [INFO]  Completed executor task 5503
2023-07-07 15:05:56.681 worker_log:613 7394 MainThread [INFO]  All processing finished for executor task 5503
2023-07-07 15:05:56.692 worker_log:584 7394 MainThread [INFO]  Received executor task 5511
2023-07-07 15:06:29.169 worker_log:602 7394 MainThread [INFO]  Completed executor task 5511
2023-07-07 15:06:29.170 worker_log:613 7394 MainThread [INFO]  All processing finished for executor task 5511
2023-07-07 15:06:29.181 worker_log:584 7394 MainThread [INFO]  Received executor task 5527
2023-07-07 15:07:03.433 worker_log:602 7394 MainThread [INFO]  Completed executor task 5527
2023-07-07 15:07:03.434 worker_log:613 7394 MainThread [INFO]  All processing finished for executor task 5527
2023-07-07 15:07:03.445 worker_log:584 7394 MainThread [INFO]  Received executor task 5545
2023-07-07 15:08:03.950 worker_log:602 7394 MainThread [INFO]  Completed executor task 5545
2023-07-07 15:08:03.950 worker_log:613 7394 MainThread [INFO]  All processing finished for executor task 5545
2023-07-07 15:08:03.964 worker_log:584 7394 MainThread [INFO]  Received executor task 5571
2023-07-07 15:08:45.425 worker_log:602 7394 MainThread [INFO]  Completed executor task 5571
2023-07-07 15:08:45.426 worker_log:613 7394 MainThread [INFO]  All processing finished for executor task 5571
2023-07-07 15:08:45.437 worker_log:584 7394 MainThread [INFO]  Received executor task 5589
2023-07-07 15:09:30.797 worker_log:602 7394 MainThread [INFO]  Completed executor task 5589
2023-07-07 15:09:30.797 worker_log:613 7394 MainThread [INFO]  All processing finished for executor task 5589
2023-07-07 15:09:30.818 worker_log:584 7394 MainThread [INFO]  Received executor task 5610
2023-07-07 15:10:15.030 worker_log:602 7394 MainThread [INFO]  Completed executor task 5610
2023-07-07 15:10:15.031 worker_log:613 7394 MainThread [INFO]  All processing finished for executor task 5610
2023-07-07 15:10:15.042 worker_log:584 7394 MainThread [INFO]  Received executor task 5634
2023-07-07 15:10:55.459 worker_log:602 7394 MainThread [INFO]  Completed executor task 5634
2023-07-07 15:10:55.459 worker_log:613 7394 MainThread [INFO]  All processing finished for executor task 5634
2023-07-07 15:10:55.471 worker_log:584 7394 MainThread [INFO]  Received executor task 5653
2023-07-07 15:11:49.660 worker_log:602 7394 MainThread [INFO]  Completed executor task 5653
2023-07-07 15:11:49.660 worker_log:613 7394 MainThread [INFO]  All processing finished for executor task 5653
2023-07-07 15:11:49.672 worker_log:584 7394 MainThread [INFO]  Received executor task 5675
2023-07-07 15:12:46.677 worker_log:602 7394 MainThread [INFO]  Completed executor task 5675
2023-07-07 15:12:46.678 worker_log:613 7394 MainThread [INFO]  All processing finished for executor task 5675
2023-07-07 15:12:46.689 worker_log:584 7394 MainThread [INFO]  Received executor task 5706
2023-07-07 15:13:15.972 worker_log:602 7394 MainThread [INFO]  Completed executor task 5706
2023-07-07 15:13:15.983 worker_log:613 7394 MainThread [INFO]  All processing finished for executor task 5706
2023-07-07 15:13:15.984 worker_log:584 7394 MainThread [INFO]  Received executor task 5721
2023-07-07 15:13:29.571 worker_log:602 7394 MainThread [INFO]  Completed executor task 5721
2023-07-07 15:13:29.572 worker_log:613 7394 MainThread [INFO]  All processing finished for executor task 5721
2023-07-07 15:13:29.583 worker_log:584 7394 MainThread [INFO]  Received executor task 5729
2023-07-07 15:13:59.782 worker_log:602 7394 MainThread [INFO]  Completed executor task 5729
2023-07-07 15:13:59.782 worker_log:613 7394 MainThread [INFO]  All processing finished for executor task 5729
2023-07-07 15:13:59.793 worker_log:584 7394 MainThread [INFO]  Received executor task 5742
2023-07-07 15:14:44.398 worker_log:602 7394 MainThread [INFO]  Completed executor task 5742
2023-07-07 15:14:44.399 worker_log:613 7394 MainThread [INFO]  All processing finished for executor task 5742
2023-07-07 15:14:44.410 worker_log:584 7394 MainThread [INFO]  Received executor task 5759
2023-07-07 15:15:25.640 worker_log:602 7394 MainThread [INFO]  Completed executor task 5759
2023-07-07 15:15:25.641 worker_log:613 7394 MainThread [INFO]  All processing finished for executor task 5759
2023-07-07 15:15:25.652 worker_log:584 7394 MainThread [INFO]  Received executor task 5783
2023-07-07 15:16:05.204 worker_log:602 7394 MainThread [INFO]  Completed executor task 5783
2023-07-07 15:16:05.205 worker_log:613 7394 MainThread [INFO]  All processing finished for executor task 5783
2023-07-07 15:16:05.216 worker_log:584 7394 MainThread [INFO]  Received executor task 5799
2023-07-07 15:16:14.118 worker_log:602 7394 MainThread [INFO]  Completed executor task 5799
2023-07-07 15:16:14.119 worker_log:613 7394 MainThread [INFO]  All processing finished for executor task 5799
2023-07-07 15:16:14.130 worker_log:584 7394 MainThread [INFO]  Received executor task 5804
2023-07-07 15:16:41.208 worker_log:602 7394 MainThread [INFO]  Completed executor task 5804
2023-07-07 15:16:41.209 worker_log:613 7394 MainThread [INFO]  All processing finished for executor task 5804
2023-07-07 15:16:41.220 worker_log:584 7394 MainThread [INFO]  Received executor task 5818
2023-07-07 15:17:29.767 worker_log:602 7394 MainThread [INFO]  Completed executor task 5818
2023-07-07 15:17:29.768 worker_log:613 7394 MainThread [INFO]  All processing finished for executor task 5818
2023-07-07 15:17:29.779 worker_log:584 7394 MainThread [INFO]  Received executor task 5848
2023-07-07 15:17:58.006 worker_log:602 7394 MainThread [INFO]  Completed executor task 5848
2023-07-07 15:17:58.007 worker_log:613 7394 MainThread [INFO]  All processing finished for executor task 5848
2023-07-07 15:17:58.018 worker_log:584 7394 MainThread [INFO]  Received executor task 5867
2023-07-07 15:18:45.364 worker_log:602 7394 MainThread [INFO]  Completed executor task 5867
2023-07-07 15:18:45.365 worker_log:613 7394 MainThread [INFO]  All processing finished for executor task 5867
2023-07-07 15:18:45.389 worker_log:584 7394 MainThread [INFO]  Received executor task 5881
2023-07-07 15:19:03.060 worker_log:602 7394 MainThread [INFO]  Completed executor task 5881
2023-07-07 15:19:03.060 worker_log:613 7394 MainThread [INFO]  All processing finished for executor task 5881
2023-07-07 15:19:03.072 worker_log:584 7394 MainThread [INFO]  Received executor task 5890
2023-07-07 15:19:50.013 worker_log:602 7394 MainThread [INFO]  Completed executor task 5890
2023-07-07 15:19:50.014 worker_log:613 7394 MainThread [INFO]  All processing finished for executor task 5890
2023-07-07 15:19:50.025 worker_log:584 7394 MainThread [INFO]  Received executor task 5913
2023-07-07 15:20:19.970 worker_log:602 7394 MainThread [INFO]  Completed executor task 5913
2023-07-07 15:20:19.970 worker_log:613 7394 MainThread [INFO]  All processing finished for executor task 5913
2023-07-07 15:20:19.981 worker_log:584 7394 MainThread [INFO]  Received executor task 5931
2023-07-07 15:20:37.997 worker_log:602 7394 MainThread [INFO]  Completed executor task 5931
2023-07-07 15:20:37.997 worker_log:613 7394 MainThread [INFO]  All processing finished for executor task 5931
2023-07-07 15:20:38.009 worker_log:584 7394 MainThread [INFO]  Received executor task 5939
2023-07-07 15:20:58.972 worker_log:602 7394 MainThread [INFO]  Completed executor task 5939
2023-07-07 15:20:58.972 worker_log:613 7394 MainThread [INFO]  All processing finished for executor task 5939
2023-07-07 15:20:58.984 worker_log:584 7394 MainThread [INFO]  Received executor task 5953
2023-07-07 15:21:39.945 worker_log:602 7394 MainThread [INFO]  Completed executor task 5953
2023-07-07 15:21:39.945 worker_log:613 7394 MainThread [INFO]  All processing finished for executor task 5953
2023-07-07 15:21:39.956 worker_log:584 7394 MainThread [INFO]  Received executor task 5966
2023-07-07 15:22:25.967 worker_log:602 7394 MainThread [INFO]  Completed executor task 5966
2023-07-07 15:22:25.967 worker_log:613 7394 MainThread [INFO]  All processing finished for executor task 5966
2023-07-07 15:22:25.979 worker_log:584 7394 MainThread [INFO]  Received executor task 5991
2023-07-07 15:22:51.688 worker_log:602 7394 MainThread [INFO]  Completed executor task 5991
2023-07-07 15:22:51.689 worker_log:613 7394 MainThread [INFO]  All processing finished for executor task 5991
2023-07-07 15:22:51.700 worker_log:584 7394 MainThread [INFO]  Received executor task 6006
2023-07-07 15:23:42.116 worker_log:602 7394 MainThread [INFO]  Completed executor task 6006
2023-07-07 15:23:42.116 worker_log:613 7394 MainThread [INFO]  All processing finished for executor task 6006
2023-07-07 15:23:42.128 worker_log:584 7394 MainThread [INFO]  Received executor task 6032
2023-07-07 15:24:02.902 worker_log:602 7394 MainThread [INFO]  Completed executor task 6032
2023-07-07 15:24:02.903 worker_log:613 7394 MainThread [INFO]  All processing finished for executor task 6032
2023-07-07 15:24:02.914 worker_log:584 7394 MainThread [INFO]  Received executor task 6042
2023-07-07 15:24:28.961 worker_log:602 7394 MainThread [INFO]  Completed executor task 6042
2023-07-07 15:24:28.961 worker_log:613 7394 MainThread [INFO]  All processing finished for executor task 6042
2023-07-07 15:24:28.974 worker_log:584 7394 MainThread [INFO]  Received executor task 6058
2023-07-07 15:24:45.415 worker_log:602 7394 MainThread [INFO]  Completed executor task 6058
2023-07-07 15:24:45.415 worker_log:613 7394 MainThread [INFO]  All processing finished for executor task 6058
2023-07-07 15:24:45.426 worker_log:584 7394 MainThread [INFO]  Received executor task 6067
2023-07-07 15:25:37.531 worker_log:602 7394 MainThread [INFO]  Completed executor task 6067
2023-07-07 15:25:37.532 worker_log:613 7394 MainThread [INFO]  All processing finished for executor task 6067
2023-07-07 15:25:37.543 worker_log:584 7394 MainThread [INFO]  Received executor task 6093
2023-07-07 15:26:10.091 worker_log:602 7394 MainThread [INFO]  Completed executor task 6093
2023-07-07 15:26:10.091 worker_log:613 7394 MainThread [INFO]  All processing finished for executor task 6093
2023-07-07 15:26:10.103 worker_log:584 7394 MainThread [INFO]  Received executor task 6117
2023-07-07 15:26:38.708 worker_log:602 7394 MainThread [INFO]  Completed executor task 6117
2023-07-07 15:26:38.709 worker_log:613 7394 MainThread [INFO]  All processing finished for executor task 6117
2023-07-07 15:26:38.720 worker_log:584 7394 MainThread [INFO]  Received executor task 6133
2023-07-07 15:27:02.223 worker_log:602 7394 MainThread [INFO]  Completed executor task 6133
2023-07-07 15:27:02.224 worker_log:613 7394 MainThread [INFO]  All processing finished for executor task 6133
2023-07-07 15:27:02.235 worker_log:584 7394 MainThread [INFO]  Received executor task 6141
2023-07-07 15:27:22.719 worker_log:602 7394 MainThread [INFO]  Completed executor task 6141
2023-07-07 15:27:22.720 worker_log:613 7394 MainThread [INFO]  All processing finished for executor task 6141
2023-07-07 15:27:22.731 worker_log:584 7394 MainThread [INFO]  Received executor task 6150
2023-07-07 15:27:37.915 worker_log:602 7394 MainThread [INFO]  Completed executor task 6150
2023-07-07 15:27:37.915 worker_log:613 7394 MainThread [INFO]  All processing finished for executor task 6150
2023-07-07 15:27:37.926 worker_log:584 7394 MainThread [INFO]  Received executor task 6156
2023-07-07 15:28:03.425 worker_log:602 7394 MainThread [INFO]  Completed executor task 6156
2023-07-07 15:28:03.426 worker_log:613 7394 MainThread [INFO]  All processing finished for executor task 6156
2023-07-07 15:28:03.437 worker_log:584 7394 MainThread [INFO]  Received executor task 6175
2023-07-07 15:28:27.253 worker_log:602 7394 MainThread [INFO]  Completed executor task 6175
2023-07-07 15:28:27.253 worker_log:613 7394 MainThread [INFO]  All processing finished for executor task 6175
2023-07-07 15:28:27.264 worker_log:584 7394 MainThread [INFO]  Received executor task 6190
2023-07-07 15:29:34.714 worker_log:602 7394 MainThread [INFO]  Completed executor task 6190
2023-07-07 15:29:34.715 worker_log:613 7394 MainThread [INFO]  All processing finished for executor task 6190
2023-07-07 15:29:34.726 worker_log:584 7394 MainThread [INFO]  Received executor task 6228
2023-07-07 15:30:08.620 worker_log:602 7394 MainThread [INFO]  Completed executor task 6228
2023-07-07 15:30:08.621 worker_log:613 7394 MainThread [INFO]  All processing finished for executor task 6228
2023-07-07 15:30:08.632 worker_log:584 7394 MainThread [INFO]  Received executor task 6249
2023-07-07 15:30:18.397 worker_log:602 7394 MainThread [INFO]  Completed executor task 6249
2023-07-07 15:30:18.397 worker_log:613 7394 MainThread [INFO]  All processing finished for executor task 6249
2023-07-07 15:30:18.408 worker_log:584 7394 MainThread [INFO]  Received executor task 6252
2023-07-07 15:31:38.932 worker_log:602 7394 MainThread [INFO]  Completed executor task 6252
2023-07-07 15:31:38.932 worker_log:613 7394 MainThread [INFO]  All processing finished for executor task 6252
2023-07-07 15:31:38.943 worker_log:584 7394 MainThread [INFO]  Received executor task 6298
2023-07-07 15:32:18.555 worker_log:602 7394 MainThread [INFO]  Completed executor task 6298
2023-07-07 15:32:18.555 worker_log:613 7394 MainThread [INFO]  All processing finished for executor task 6298
2023-07-07 15:32:18.571 worker_log:584 7394 MainThread [INFO]  Received executor task 6319
2023-07-07 15:32:57.613 worker_log:602 7394 MainThread [INFO]  Completed executor task 6319
2023-07-07 15:32:57.614 worker_log:613 7394 MainThread [INFO]  All processing finished for executor task 6319
2023-07-07 15:32:57.625 worker_log:584 7394 MainThread [INFO]  Received executor task 6334
2023-07-07 15:33:17.141 worker_log:602 7394 MainThread [INFO]  Completed executor task 6334
2023-07-07 15:33:17.142 worker_log:613 7394 MainThread [INFO]  All processing finished for executor task 6334
2023-07-07 15:33:17.154 worker_log:584 7394 MainThread [INFO]  Received executor task 6343
2023-07-07 15:33:34.081 worker_log:602 7394 MainThread [INFO]  Completed executor task 6343
2023-07-07 15:33:34.082 worker_log:613 7394 MainThread [INFO]  All processing finished for executor task 6343
2023-07-07 15:33:34.093 worker_log:584 7394 MainThread [INFO]  Received executor task 6353
2023-07-07 15:33:59.703 worker_log:602 7394 MainThread [INFO]  Completed executor task 6353
2023-07-07 15:33:59.704 worker_log:613 7394 MainThread [INFO]  All processing finished for executor task 6353
2023-07-07 15:33:59.717 worker_log:584 7394 MainThread [INFO]  Received executor task 6365
2023-07-07 15:34:29.412 worker_log:602 7394 MainThread [INFO]  Completed executor task 6365
2023-07-07 15:34:29.412 worker_log:613 7394 MainThread [INFO]  All processing finished for executor task 6365
2023-07-07 15:34:29.423 worker_log:584 7394 MainThread [INFO]  Received executor task 6380
2023-07-07 15:34:56.950 worker_log:602 7394 MainThread [INFO]  Completed executor task 6380
2023-07-07 15:34:56.950 worker_log:613 7394 MainThread [INFO]  All processing finished for executor task 6380
2023-07-07 15:34:56.973 worker_log:584 7394 MainThread [INFO]  Received executor task 6391
2023-07-07 15:35:52.791 worker_log:602 7394 MainThread [INFO]  Completed executor task 6391
2023-07-07 15:35:52.791 worker_log:613 7394 MainThread [INFO]  All processing finished for executor task 6391
2023-07-07 15:35:52.802 worker_log:584 7394 MainThread [INFO]  Received executor task 6421
2023-07-07 15:36:23.641 worker_log:602 7394 MainThread [INFO]  Completed executor task 6421
2023-07-07 15:36:23.641 worker_log:613 7394 MainThread [INFO]  All processing finished for executor task 6421
2023-07-07 15:36:23.652 worker_log:584 7394 MainThread [INFO]  Received executor task 6432
2023-07-07 15:36:58.157 worker_log:602 7394 MainThread [INFO]  Completed executor task 6432
2023-07-07 15:36:58.157 worker_log:613 7394 MainThread [INFO]  All processing finished for executor task 6432
2023-07-07 15:36:58.168 worker_log:584 7394 MainThread [INFO]  Received executor task 6447
2023-07-07 15:37:20.317 worker_log:602 7394 MainThread [INFO]  Completed executor task 6447
2023-07-07 15:37:20.318 worker_log:613 7394 MainThread [INFO]  All processing finished for executor task 6447
2023-07-07 15:37:20.330 worker_log:584 7394 MainThread [INFO]  Received executor task 6456
2023-07-07 15:38:11.094 worker_log:602 7394 MainThread [INFO]  Completed executor task 6456
2023-07-07 15:38:11.106 worker_log:613 7394 MainThread [INFO]  All processing finished for executor task 6456
2023-07-07 15:38:11.106 worker_log:584 7394 MainThread [INFO]  Received executor task 6480
2023-07-07 15:38:27.925 worker_log:602 7394 MainThread [INFO]  Completed executor task 6480
2023-07-07 15:38:27.926 worker_log:613 7394 MainThread [INFO]  All processing finished for executor task 6480
2023-07-07 15:38:27.938 worker_log:584 7394 MainThread [INFO]  Received executor task 6487
2023-07-07 15:38:49.253 worker_log:602 7394 MainThread [INFO]  Completed executor task 6487
2023-07-07 15:38:49.253 worker_log:613 7394 MainThread [INFO]  All processing finished for executor task 6487
2023-07-07 15:38:49.264 worker_log:584 7394 MainThread [INFO]  Received executor task 6499
2023-07-07 15:39:10.367 worker_log:602 7394 MainThread [INFO]  Completed executor task 6499
2023-07-07 15:39:10.368 worker_log:613 7394 MainThread [INFO]  All processing finished for executor task 6499
2023-07-07 15:39:10.381 worker_log:584 7394 MainThread [INFO]  Received executor task 6507
2023-07-07 15:39:35.719 worker_log:602 7394 MainThread [INFO]  Completed executor task 6507
2023-07-07 15:39:35.720 worker_log:613 7394 MainThread [INFO]  All processing finished for executor task 6507
2023-07-07 15:39:35.732 worker_log:584 7394 MainThread [INFO]  Received executor task 6522
2023-07-07 15:40:43.654 worker_log:602 7394 MainThread [INFO]  Completed executor task 6522
2023-07-07 15:40:43.654 worker_log:613 7394 MainThread [INFO]  All processing finished for executor task 6522
2023-07-07 15:40:43.665 worker_log:584 7394 MainThread [INFO]  Received executor task 6555
2023-07-07 15:41:07.025 worker_log:602 7394 MainThread [INFO]  Completed executor task 6555
2023-07-07 15:41:07.025 worker_log:613 7394 MainThread [INFO]  All processing finished for executor task 6555
2023-07-07 15:41:07.036 worker_log:584 7394 MainThread [INFO]  Received executor task 6562
2023-07-07 15:41:35.635 worker_log:602 7394 MainThread [INFO]  Completed executor task 6562
2023-07-07 15:41:35.636 worker_log:613 7394 MainThread [INFO]  All processing finished for executor task 6562
2023-07-07 15:41:35.647 worker_log:584 7394 MainThread [INFO]  Received executor task 6580
2023-07-07 15:41:50.473 worker_log:602 7394 MainThread [INFO]  Completed executor task 6580
2023-07-07 15:41:50.473 worker_log:613 7394 MainThread [INFO]  All processing finished for executor task 6580
2023-07-07 15:41:50.486 worker_log:584 7394 MainThread [INFO]  Received executor task 6588
2023-07-07 15:42:15.782 worker_log:602 7394 MainThread [INFO]  Completed executor task 6588
2023-07-07 15:42:15.782 worker_log:613 7394 MainThread [INFO]  All processing finished for executor task 6588
2023-07-07 15:42:15.793 worker_log:584 7394 MainThread [INFO]  Received executor task 6603
2023-07-07 15:42:44.247 worker_log:602 7394 MainThread [INFO]  Completed executor task 6603
2023-07-07 15:42:44.247 worker_log:613 7394 MainThread [INFO]  All processing finished for executor task 6603
2023-07-07 15:42:44.258 worker_log:584 7394 MainThread [INFO]  Received executor task 6618
2023-07-07 15:43:11.272 worker_log:602 7394 MainThread [INFO]  Completed executor task 6618
2023-07-07 15:43:11.273 worker_log:613 7394 MainThread [INFO]  All processing finished for executor task 6618
2023-07-07 15:43:11.284 worker_log:584 7394 MainThread [INFO]  Received executor task 6630
2023-07-07 15:43:40.536 worker_log:602 7394 MainThread [INFO]  Completed executor task 6630
2023-07-07 15:43:40.549 worker_log:613 7394 MainThread [INFO]  All processing finished for executor task 6630
2023-07-07 15:43:40.549 worker_log:584 7394 MainThread [INFO]  Received executor task 6646
2023-07-07 15:44:10.659 worker_log:602 7394 MainThread [INFO]  Completed executor task 6646
2023-07-07 15:44:10.659 worker_log:613 7394 MainThread [INFO]  All processing finished for executor task 6646
2023-07-07 15:44:10.670 worker_log:584 7394 MainThread [INFO]  Received executor task 6666
2023-07-07 15:44:29.355 worker_log:602 7394 MainThread [INFO]  Completed executor task 6666
2023-07-07 15:44:29.355 worker_log:613 7394 MainThread [INFO]  All processing finished for executor task 6666
2023-07-07 15:44:29.366 worker_log:584 7394 MainThread [INFO]  Received executor task 6675
2023-07-07 15:44:55.509 worker_log:602 7394 MainThread [INFO]  Completed executor task 6675
2023-07-07 15:44:55.509 worker_log:613 7394 MainThread [INFO]  All processing finished for executor task 6675
2023-07-07 15:44:55.521 worker_log:584 7394 MainThread [INFO]  Received executor task 6685
2023-07-07 15:45:17.391 worker_log:602 7394 MainThread [INFO]  Completed executor task 6685
2023-07-07 15:45:17.392 worker_log:613 7394 MainThread [INFO]  All processing finished for executor task 6685
2023-07-07 15:45:17.403 worker_log:584 7394 MainThread [INFO]  Received executor task 6696
2023-07-07 15:46:09.867 worker_log:602 7394 MainThread [INFO]  Completed executor task 6696
2023-07-07 15:46:09.867 worker_log:613 7394 MainThread [INFO]  All processing finished for executor task 6696
2023-07-07 15:46:09.879 worker_log:584 7394 MainThread [INFO]  Received executor task 6718
2023-07-07 15:46:59.455 worker_log:602 7394 MainThread [INFO]  Completed executor task 6718
2023-07-07 15:46:59.455 worker_log:613 7394 MainThread [INFO]  All processing finished for executor task 6718
2023-07-07 15:46:59.467 worker_log:584 7394 MainThread [INFO]  Received executor task 6742
2023-07-07 15:47:38.229 worker_log:602 7394 MainThread [INFO]  Completed executor task 6742
2023-07-07 15:47:38.229 worker_log:613 7394 MainThread [INFO]  All processing finished for executor task 6742
2023-07-07 15:47:38.240 worker_log:584 7394 MainThread [INFO]  Received executor task 6767
2023-07-07 15:47:57.958 worker_log:602 7394 MainThread [INFO]  Completed executor task 6767
2023-07-07 15:47:57.959 worker_log:613 7394 MainThread [INFO]  All processing finished for executor task 6767
2023-07-07 15:47:57.971 worker_log:584 7394 MainThread [INFO]  Received executor task 6777
2023-07-07 15:48:18.712 worker_log:602 7394 MainThread [INFO]  Completed executor task 6777
2023-07-07 15:48:18.712 worker_log:613 7394 MainThread [INFO]  All processing finished for executor task 6777
2023-07-07 15:48:18.723 worker_log:584 7394 MainThread [INFO]  Received executor task 6788
2023-07-07 15:48:47.909 worker_log:602 7394 MainThread [INFO]  Completed executor task 6788
2023-07-07 15:48:47.910 worker_log:613 7394 MainThread [INFO]  All processing finished for executor task 6788
2023-07-07 15:48:47.921 worker_log:584 7394 MainThread [INFO]  Received executor task 6802
2023-07-07 15:49:18.628 worker_log:602 7394 MainThread [INFO]  Completed executor task 6802
2023-07-07 15:49:18.628 worker_log:613 7394 MainThread [INFO]  All processing finished for executor task 6802
2023-07-07 15:49:18.639 worker_log:584 7394 MainThread [INFO]  Received executor task 6823
2023-07-07 15:50:58.623 worker_log:602 7394 MainThread [INFO]  Completed executor task 6823
2023-07-07 15:50:58.624 worker_log:613 7394 MainThread [INFO]  All processing finished for executor task 6823
2023-07-07 15:50:58.635 worker_log:584 7394 MainThread [INFO]  Received executor task 6876
2023-07-07 15:51:20.864 worker_log:602 7394 MainThread [INFO]  Completed executor task 6876
2023-07-07 15:51:20.864 worker_log:613 7394 MainThread [INFO]  All processing finished for executor task 6876
2023-07-07 15:51:20.870 worker_log:584 7394 MainThread [INFO]  Received executor task 6891
2023-07-07 15:51:54.877 worker_log:602 7394 MainThread [INFO]  Completed executor task 6891
2023-07-07 15:51:54.878 worker_log:613 7394 MainThread [INFO]  All processing finished for executor task 6891
2023-07-07 15:51:54.889 worker_log:584 7394 MainThread [INFO]  Received executor task 6912
2023-07-07 15:52:28.596 worker_log:602 7394 MainThread [INFO]  Completed executor task 6912
2023-07-07 15:52:28.597 worker_log:613 7394 MainThread [INFO]  All processing finished for executor task 6912
2023-07-07 15:52:28.608 worker_log:584 7394 MainThread [INFO]  Received executor task 6935
2023-07-07 15:53:32.424 worker_log:602 7394 MainThread [INFO]  Completed executor task 6935
2023-07-07 15:53:32.424 worker_log:613 7394 MainThread [INFO]  All processing finished for executor task 6935
2023-07-07 15:53:32.435 worker_log:584 7394 MainThread [INFO]  Received executor task 6960
2023-07-07 15:54:03.026 worker_log:602 7394 MainThread [INFO]  Completed executor task 6960
2023-07-07 15:54:03.027 worker_log:613 7394 MainThread [INFO]  All processing finished for executor task 6960
2023-07-07 15:54:03.038 worker_log:584 7394 MainThread [INFO]  Received executor task 6979
2023-07-07 15:54:14.042 worker_log:602 7394 MainThread [INFO]  Completed executor task 6979
2023-07-07 15:54:14.042 worker_log:613 7394 MainThread [INFO]  All processing finished for executor task 6979
2023-07-07 15:54:14.054 worker_log:584 7394 MainThread [INFO]  Received executor task 6985
2023-07-07 15:54:54.617 worker_log:602 7394 MainThread [INFO]  Completed executor task 6985
2023-07-07 15:54:54.618 worker_log:613 7394 MainThread [INFO]  All processing finished for executor task 6985
2023-07-07 15:54:54.629 worker_log:584 7394 MainThread [INFO]  Received executor task 7007
2023-07-07 15:55:41.225 worker_log:602 7394 MainThread [INFO]  Completed executor task 7007
2023-07-07 15:55:41.226 worker_log:613 7394 MainThread [INFO]  All processing finished for executor task 7007
2023-07-07 15:55:41.237 worker_log:584 7394 MainThread [INFO]  Received executor task 7028
2023-07-07 15:56:08.730 worker_log:602 7394 MainThread [INFO]  Completed executor task 7028
2023-07-07 15:56:08.731 worker_log:613 7394 MainThread [INFO]  All processing finished for executor task 7028
2023-07-07 15:56:08.742 worker_log:584 7394 MainThread [INFO]  Received executor task 7040
2023-07-07 15:56:30.815 worker_log:602 7394 MainThread [INFO]  Completed executor task 7040
2023-07-07 15:56:30.816 worker_log:613 7394 MainThread [INFO]  All processing finished for executor task 7040
2023-07-07 15:56:30.827 worker_log:584 7394 MainThread [INFO]  Received executor task 7056
2023-07-07 15:56:40.454 worker_log:602 7394 MainThread [INFO]  Completed executor task 7056
2023-07-07 15:56:40.454 worker_log:613 7394 MainThread [INFO]  All processing finished for executor task 7056
2023-07-07 15:56:40.465 worker_log:584 7394 MainThread [INFO]  Received executor task 7061
2023-07-07 15:57:08.329 worker_log:602 7394 MainThread [INFO]  Completed executor task 7061
2023-07-07 15:57:08.329 worker_log:613 7394 MainThread [INFO]  All processing finished for executor task 7061
2023-07-07 15:57:08.340 worker_log:584 7394 MainThread [INFO]  Received executor task 7075
2023-07-07 15:57:48.783 worker_log:602 7394 MainThread [INFO]  Completed executor task 7075
2023-07-07 15:57:48.784 worker_log:613 7394 MainThread [INFO]  All processing finished for executor task 7075
2023-07-07 15:57:48.795 worker_log:584 7394 MainThread [INFO]  Received executor task 7097
2023-07-07 15:58:18.917 worker_log:602 7394 MainThread [INFO]  Completed executor task 7097
2023-07-07 15:58:18.917 worker_log:613 7394 MainThread [INFO]  All processing finished for executor task 7097
2023-07-07 15:58:18.928 worker_log:584 7394 MainThread [INFO]  Received executor task 7112
2023-07-07 15:58:39.193 worker_log:602 7394 MainThread [INFO]  Completed executor task 7112
2023-07-07 15:58:39.193 worker_log:613 7394 MainThread [INFO]  All processing finished for executor task 7112
2023-07-07 15:58:39.204 worker_log:584 7394 MainThread [INFO]  Received executor task 7119
2023-07-07 15:59:14.412 worker_log:602 7394 MainThread [INFO]  Completed executor task 7119
2023-07-07 15:59:14.412 worker_log:613 7394 MainThread [INFO]  All processing finished for executor task 7119
2023-07-07 15:59:14.424 worker_log:584 7394 MainThread [INFO]  Received executor task 7137
2023-07-07 16:00:04.925 worker_log:602 7394 MainThread [INFO]  Completed executor task 7137
2023-07-07 16:00:04.925 worker_log:613 7394 MainThread [INFO]  All processing finished for executor task 7137
2023-07-07 16:00:04.939 worker_log:584 7394 MainThread [INFO]  Received executor task 7165
2023-07-07 16:00:43.955 worker_log:602 7394 MainThread [INFO]  Completed executor task 7165
2023-07-07 16:00:43.955 worker_log:613 7394 MainThread [INFO]  All processing finished for executor task 7165
2023-07-07 16:00:43.960 worker_log:584 7394 MainThread [INFO]  Received executor task 7184
2023-07-07 16:01:21.843 worker_log:602 7394 MainThread [INFO]  Completed executor task 7184
2023-07-07 16:01:21.843 worker_log:613 7394 MainThread [INFO]  All processing finished for executor task 7184
2023-07-07 16:01:21.855 worker_log:584 7394 MainThread [INFO]  Received executor task 7203
2023-07-07 16:02:02.947 worker_log:602 7394 MainThread [INFO]  Completed executor task 7203
2023-07-07 16:02:02.948 worker_log:613 7394 MainThread [INFO]  All processing finished for executor task 7203
2023-07-07 16:02:02.961 worker_log:584 7394 MainThread [INFO]  Received executor task 7216
2023-07-07 16:02:37.071 worker_log:602 7394 MainThread [INFO]  Completed executor task 7216
2023-07-07 16:02:37.072 worker_log:613 7394 MainThread [INFO]  All processing finished for executor task 7216
2023-07-07 16:02:37.083 worker_log:584 7394 MainThread [INFO]  Received executor task 7229
2023-07-07 16:03:27.049 worker_log:602 7394 MainThread [INFO]  Completed executor task 7229
2023-07-07 16:03:27.049 worker_log:613 7394 MainThread [INFO]  All processing finished for executor task 7229
2023-07-07 16:03:27.060 worker_log:584 7394 MainThread [INFO]  Received executor task 7247
2023-07-07 16:05:14.737 worker_log:602 7394 MainThread [INFO]  Completed executor task 7247
2023-07-07 16:05:14.737 worker_log:613 7394 MainThread [INFO]  All processing finished for executor task 7247
2023-07-07 16:05:14.749 worker_log:584 7394 MainThread [INFO]  Received executor task 7285
2023-07-07 16:06:29.316 worker_log:602 7394 MainThread [INFO]  Completed executor task 7285
2023-07-07 16:06:29.329 worker_log:613 7394 MainThread [INFO]  All processing finished for executor task 7285
2023-07-07 16:06:29.329 worker_log:584 7394 MainThread [INFO]  Received executor task 7312
2023-07-07 16:06:46.570 worker_log:602 7394 MainThread [INFO]  Completed executor task 7312
2023-07-07 16:06:46.571 worker_log:613 7394 MainThread [INFO]  All processing finished for executor task 7312
2023-07-07 16:06:46.582 worker_log:584 7394 MainThread [INFO]  Received executor task 7318
2023-07-07 16:07:28.590 worker_log:602 7394 MainThread [INFO]  Completed executor task 7318
2023-07-07 16:07:28.591 worker_log:613 7394 MainThread [INFO]  All processing finished for executor task 7318
2023-07-07 16:07:28.602 worker_log:584 7394 MainThread [INFO]  Received executor task 7338
2023-07-07 16:08:05.136 worker_log:602 7394 MainThread [INFO]  Completed executor task 7338
2023-07-07 16:08:05.137 worker_log:613 7394 MainThread [INFO]  All processing finished for executor task 7338
2023-07-07 16:08:05.148 worker_log:584 7394 MainThread [INFO]  Received executor task 7352
2023-07-07 16:08:33.731 worker_log:602 7394 MainThread [INFO]  Completed executor task 7352
2023-07-07 16:08:33.731 worker_log:613 7394 MainThread [INFO]  All processing finished for executor task 7352
2023-07-07 16:08:33.743 worker_log:584 7394 MainThread [INFO]  Received executor task 7361
2023-07-07 16:08:55.837 worker_log:602 7394 MainThread [INFO]  Completed executor task 7361
2023-07-07 16:08:55.838 worker_log:613 7394 MainThread [INFO]  All processing finished for executor task 7361
2023-07-07 16:08:55.849 worker_log:584 7394 MainThread [INFO]  Received executor task 7376
2023-07-07 16:09:39.479 worker_log:602 7394 MainThread [INFO]  Completed executor task 7376
2023-07-07 16:09:39.480 worker_log:613 7394 MainThread [INFO]  All processing finished for executor task 7376
2023-07-07 16:09:39.491 worker_log:584 7394 MainThread [INFO]  Received executor task 7397
2023-07-07 16:10:23.271 worker_log:602 7394 MainThread [INFO]  Completed executor task 7397
2023-07-07 16:10:23.272 worker_log:613 7394 MainThread [INFO]  All processing finished for executor task 7397
2023-07-07 16:10:23.283 worker_log:584 7394 MainThread [INFO]  Received executor task 7410
2023-07-07 16:10:44.318 worker_log:602 7394 MainThread [INFO]  Completed executor task 7410
2023-07-07 16:10:44.318 worker_log:613 7394 MainThread [INFO]  All processing finished for executor task 7410
2023-07-07 16:10:44.332 worker_log:584 7394 MainThread [INFO]  Received executor task 7419
2023-07-07 16:11:38.930 worker_log:602 7394 MainThread [INFO]  Completed executor task 7419
2023-07-07 16:11:38.931 worker_log:613 7394 MainThread [INFO]  All processing finished for executor task 7419
2023-07-07 16:11:38.943 worker_log:584 7394 MainThread [INFO]  Received executor task 7440
2023-07-07 16:12:05.562 worker_log:602 7394 MainThread [INFO]  Completed executor task 7440
2023-07-07 16:12:05.562 worker_log:613 7394 MainThread [INFO]  All processing finished for executor task 7440
2023-07-07 16:12:05.573 worker_log:584 7394 MainThread [INFO]  Received executor task 7451
2023-07-07 16:13:12.516 worker_log:602 7394 MainThread [INFO]  Completed executor task 7451
2023-07-07 16:13:12.516 worker_log:613 7394 MainThread [INFO]  All processing finished for executor task 7451
2023-07-07 16:13:12.527 worker_log:584 7394 MainThread [INFO]  Received executor task 7483
2023-07-07 16:14:04.918 worker_log:602 7394 MainThread [INFO]  Completed executor task 7483
2023-07-07 16:14:04.918 worker_log:613 7394 MainThread [INFO]  All processing finished for executor task 7483
2023-07-07 16:14:04.929 worker_log:584 7394 MainThread [INFO]  Received executor task 7512
2023-07-07 16:14:24.909 worker_log:602 7394 MainThread [INFO]  Completed executor task 7512
2023-07-07 16:14:24.910 worker_log:613 7394 MainThread [INFO]  All processing finished for executor task 7512
2023-07-07 16:14:24.921 worker_log:584 7394 MainThread [INFO]  Received executor task 7520
2023-07-07 16:14:35.943 worker_log:602 7394 MainThread [INFO]  Completed executor task 7520
2023-07-07 16:14:35.944 worker_log:613 7394 MainThread [INFO]  All processing finished for executor task 7520
2023-07-07 16:14:35.962 worker_log:584 7394 MainThread [INFO]  Received executor task 7528
2023-07-07 16:15:04.809 worker_log:602 7394 MainThread [INFO]  Completed executor task 7528
2023-07-07 16:15:04.810 worker_log:613 7394 MainThread [INFO]  All processing finished for executor task 7528
2023-07-07 16:15:04.821 worker_log:584 7394 MainThread [INFO]  Received executor task 7541
2023-07-07 16:15:45.155 worker_log:602 7394 MainThread [INFO]  Completed executor task 7541
2023-07-07 16:15:45.155 worker_log:613 7394 MainThread [INFO]  All processing finished for executor task 7541
2023-07-07 16:15:45.166 worker_log:584 7394 MainThread [INFO]  Received executor task 7562
2023-07-07 16:16:19.083 worker_log:602 7394 MainThread [INFO]  Completed executor task 7562
2023-07-07 16:16:19.083 worker_log:613 7394 MainThread [INFO]  All processing finished for executor task 7562
2023-07-07 16:16:19.094 worker_log:584 7394 MainThread [INFO]  Received executor task 7584
2023-07-07 16:16:44.092 worker_log:602 7394 MainThread [INFO]  Completed executor task 7584
2023-07-07 16:16:44.092 worker_log:613 7394 MainThread [INFO]  All processing finished for executor task 7584
2023-07-07 16:16:44.103 worker_log:584 7394 MainThread [INFO]  Received executor task 7597
2023-07-07 16:17:10.729 worker_log:602 7394 MainThread [INFO]  Completed executor task 7597
2023-07-07 16:17:10.729 worker_log:613 7394 MainThread [INFO]  All processing finished for executor task 7597
2023-07-07 16:17:10.741 worker_log:584 7394 MainThread [INFO]  Received executor task 7610
2023-07-07 16:17:33.363 worker_log:602 7394 MainThread [INFO]  Completed executor task 7610
2023-07-07 16:17:33.364 worker_log:613 7394 MainThread [INFO]  All processing finished for executor task 7610
2023-07-07 16:17:33.375 worker_log:584 7394 MainThread [INFO]  Received executor task 7620
2023-07-07 16:18:12.424 worker_log:602 7394 MainThread [INFO]  Completed executor task 7620
2023-07-07 16:18:12.424 worker_log:613 7394 MainThread [INFO]  All processing finished for executor task 7620
2023-07-07 16:18:12.436 worker_log:584 7394 MainThread [INFO]  Received executor task 7632
2023-07-07 16:19:12.948 worker_log:602 7394 MainThread [INFO]  Completed executor task 7632
2023-07-07 16:19:12.948 worker_log:613 7394 MainThread [INFO]  All processing finished for executor task 7632
2023-07-07 16:19:12.959 worker_log:584 7394 MainThread [INFO]  Received executor task 7660
2023-07-07 16:19:37.169 worker_log:602 7394 MainThread [INFO]  Completed executor task 7660
2023-07-07 16:19:37.169 worker_log:613 7394 MainThread [INFO]  All processing finished for executor task 7660
2023-07-07 16:19:37.181 worker_log:584 7394 MainThread [INFO]  Received executor task 7673
2023-07-07 16:20:26.522 worker_log:602 7394 MainThread [INFO]  Completed executor task 7673
2023-07-07 16:20:26.522 worker_log:613 7394 MainThread [INFO]  All processing finished for executor task 7673
2023-07-07 16:20:26.533 worker_log:584 7394 MainThread [INFO]  Received executor task 7695
2023-07-07 16:20:39.104 worker_log:602 7394 MainThread [INFO]  Completed executor task 7695
2023-07-07 16:20:39.104 worker_log:613 7394 MainThread [INFO]  All processing finished for executor task 7695
2023-07-07 16:20:39.117 worker_log:584 7394 MainThread [INFO]  Received executor task 7702
2023-07-07 16:21:23.519 worker_log:602 7394 MainThread [INFO]  Completed executor task 7702
2023-07-07 16:21:23.520 worker_log:613 7394 MainThread [INFO]  All processing finished for executor task 7702
2023-07-07 16:21:23.532 worker_log:584 7394 MainThread [INFO]  Received executor task 7728
2023-07-07 16:21:32.538 worker_log:602 7394 MainThread [INFO]  Completed executor task 7728
2023-07-07 16:21:32.538 worker_log:613 7394 MainThread [INFO]  All processing finished for executor task 7728
2023-07-07 16:21:32.550 worker_log:584 7394 MainThread [INFO]  Received executor task 7733
2023-07-07 16:21:48.639 worker_log:602 7394 MainThread [INFO]  Completed executor task 7733
2023-07-07 16:21:48.639 worker_log:613 7394 MainThread [INFO]  All processing finished for executor task 7733
2023-07-07 16:21:48.652 worker_log:584 7394 MainThread [INFO]  Received executor task 7740
2023-07-07 16:22:35.588 worker_log:602 7394 MainThread [INFO]  Completed executor task 7740
2023-07-07 16:22:35.588 worker_log:613 7394 MainThread [INFO]  All processing finished for executor task 7740
2023-07-07 16:22:35.599 worker_log:584 7394 MainThread [INFO]  Received executor task 7763
2023-07-07 16:22:56.209 worker_log:602 7394 MainThread [INFO]  Completed executor task 7763
2023-07-07 16:22:56.209 worker_log:613 7394 MainThread [INFO]  All processing finished for executor task 7763
2023-07-07 16:22:56.221 worker_log:584 7394 MainThread [INFO]  Received executor task 7777
2023-07-07 16:23:15.681 worker_log:602 7394 MainThread [INFO]  Completed executor task 7777
2023-07-07 16:23:15.682 worker_log:613 7394 MainThread [INFO]  All processing finished for executor task 7777
2023-07-07 16:23:15.694 worker_log:584 7394 MainThread [INFO]  Received executor task 7787
2023-07-07 16:23:52.789 worker_log:602 7394 MainThread [INFO]  Completed executor task 7787
2023-07-07 16:23:52.790 worker_log:613 7394 MainThread [INFO]  All processing finished for executor task 7787
2023-07-07 16:23:52.809 worker_log:584 7394 MainThread [INFO]  Received executor task 7812
2023-07-07 16:24:20.662 worker_log:602 7394 MainThread [INFO]  Completed executor task 7812
2023-07-07 16:24:20.662 worker_log:613 7394 MainThread [INFO]  All processing finished for executor task 7812
2023-07-07 16:24:20.665 worker_log:584 7394 MainThread [INFO]  Received executor task 7828
2023-07-07 16:24:58.934 worker_log:602 7394 MainThread [INFO]  Completed executor task 7828
2023-07-07 16:24:58.935 worker_log:613 7394 MainThread [INFO]  All processing finished for executor task 7828
2023-07-07 16:24:58.946 worker_log:584 7394 MainThread [INFO]  Received executor task 7848
2023-07-07 16:25:49.116 worker_log:602 7394 MainThread [INFO]  Completed executor task 7848
2023-07-07 16:25:49.116 worker_log:613 7394 MainThread [INFO]  All processing finished for executor task 7848
2023-07-07 16:25:49.129 worker_log:584 7394 MainThread [INFO]  Received executor task 7873
2023-07-07 16:26:26.299 worker_log:602 7394 MainThread [INFO]  Completed executor task 7873
2023-07-07 16:26:26.299 worker_log:613 7394 MainThread [INFO]  All processing finished for executor task 7873
2023-07-07 16:26:26.310 worker_log:584 7394 MainThread [INFO]  Received executor task 7892
2023-07-07 16:27:27.742 worker_log:602 7394 MainThread [INFO]  Completed executor task 7892
2023-07-07 16:27:27.742 worker_log:613 7394 MainThread [INFO]  All processing finished for executor task 7892
2023-07-07 16:27:27.753 worker_log:584 7394 MainThread [INFO]  Received executor task 7916
2023-07-07 16:28:09.344 worker_log:602 7394 MainThread [INFO]  Completed executor task 7916
2023-07-07 16:28:09.344 worker_log:613 7394 MainThread [INFO]  All processing finished for executor task 7916
2023-07-07 16:28:09.356 worker_log:584 7394 MainThread [INFO]  Received executor task 7935
2023-07-07 16:29:13.879 worker_log:602 7394 MainThread [INFO]  Completed executor task 7935
2023-07-07 16:29:13.880 worker_log:613 7394 MainThread [INFO]  All processing finished for executor task 7935
2023-07-07 16:29:13.892 worker_log:584 7394 MainThread [INFO]  Received executor task 7966
2023-07-07 16:29:52.123 worker_log:602 7394 MainThread [INFO]  Completed executor task 7966
2023-07-07 16:29:52.124 worker_log:613 7394 MainThread [INFO]  All processing finished for executor task 7966
2023-07-07 16:29:52.147 worker_log:584 7394 MainThread [INFO]  Received executor task 7981
2023-07-07 16:30:13.431 worker_log:602 7394 MainThread [INFO]  Completed executor task 7981
2023-07-07 16:30:13.432 worker_log:613 7394 MainThread [INFO]  All processing finished for executor task 7981
2023-07-07 16:30:13.433 worker_log:584 7394 MainThread [INFO]  Received executor task 7993
2023-07-07 16:30:38.731 worker_log:602 7394 MainThread [INFO]  Completed executor task 7993
2023-07-07 16:30:38.732 worker_log:613 7394 MainThread [INFO]  All processing finished for executor task 7993
2023-07-07 16:30:38.743 worker_log:584 7394 MainThread [INFO]  Received executor task 8002
2023-07-07 16:30:52.442 worker_log:602 7394 MainThread [INFO]  Completed executor task 8002
2023-07-07 16:30:52.442 worker_log:613 7394 MainThread [INFO]  All processing finished for executor task 8002
2023-07-07 16:30:52.454 worker_log:584 7394 MainThread [INFO]  Received executor task 8010
2023-07-07 16:31:18.705 worker_log:602 7394 MainThread [INFO]  Completed executor task 8010
2023-07-07 16:31:18.706 worker_log:613 7394 MainThread [INFO]  All processing finished for executor task 8010
2023-07-07 16:31:18.717 worker_log:584 7394 MainThread [INFO]  Received executor task 8021
2023-07-07 16:31:49.943 worker_log:602 7394 MainThread [INFO]  Completed executor task 8021
2023-07-07 16:31:49.943 worker_log:613 7394 MainThread [INFO]  All processing finished for executor task 8021
2023-07-07 16:31:49.955 worker_log:584 7394 MainThread [INFO]  Received executor task 8031
2023-07-07 16:32:05.495 worker_log:602 7394 MainThread [INFO]  Completed executor task 8031
2023-07-07 16:32:05.496 worker_log:613 7394 MainThread [INFO]  All processing finished for executor task 8031
2023-07-07 16:32:05.507 worker_log:584 7394 MainThread [INFO]  Received executor task 8042
2023-07-07 16:32:32.421 worker_log:602 7394 MainThread [INFO]  Completed executor task 8042
2023-07-07 16:32:32.435 worker_log:613 7394 MainThread [INFO]  All processing finished for executor task 8042
2023-07-07 16:32:32.435 worker_log:584 7394 MainThread [INFO]  Received executor task 8054
2023-07-07 16:33:06.094 worker_log:602 7394 MainThread [INFO]  Completed executor task 8054
2023-07-07 16:33:06.094 worker_log:613 7394 MainThread [INFO]  All processing finished for executor task 8054
2023-07-07 16:33:06.105 worker_log:584 7394 MainThread [INFO]  Received executor task 8068
2023-07-07 16:33:13.847 worker_log:602 7394 MainThread [INFO]  Completed executor task 8068
2023-07-07 16:33:13.848 worker_log:613 7394 MainThread [INFO]  All processing finished for executor task 8068
2023-07-07 16:33:13.859 worker_log:584 7394 MainThread [INFO]  Received executor task 8072
2023-07-07 16:34:05.938 worker_log:602 7394 MainThread [INFO]  Completed executor task 8072
2023-07-07 16:34:05.939 worker_log:613 7394 MainThread [INFO]  All processing finished for executor task 8072
2023-07-07 16:34:05.950 worker_log:584 7394 MainThread [INFO]  Received executor task 8090
2023-07-07 16:34:40.985 worker_log:602 7394 MainThread [INFO]  Completed executor task 8090
2023-07-07 16:34:40.996 worker_log:613 7394 MainThread [INFO]  All processing finished for executor task 8090
2023-07-07 16:34:40.996 worker_log:584 7394 MainThread [INFO]  Received executor task 8109
2023-07-07 16:36:08.729 worker_log:602 7394 MainThread [INFO]  Completed executor task 8109
2023-07-07 16:36:08.729 worker_log:613 7394 MainThread [INFO]  All processing finished for executor task 8109
2023-07-07 16:36:08.740 worker_log:584 7394 MainThread [INFO]  Received executor task 8142
2023-07-07 16:37:08.474 worker_log:602 7394 MainThread [INFO]  Completed executor task 8142
2023-07-07 16:37:08.475 worker_log:613 7394 MainThread [INFO]  All processing finished for executor task 8142
2023-07-07 16:37:08.486 worker_log:584 7394 MainThread [INFO]  Received executor task 8161
2023-07-07 16:38:11.620 worker_log:602 7394 MainThread [INFO]  Completed executor task 8161
2023-07-07 16:38:11.621 worker_log:613 7394 MainThread [INFO]  All processing finished for executor task 8161
2023-07-07 16:38:11.632 worker_log:584 7394 MainThread [INFO]  Received executor task 8180
2023-07-07 16:38:57.809 worker_log:602 7394 MainThread [INFO]  Completed executor task 8180
2023-07-07 16:38:57.809 worker_log:613 7394 MainThread [INFO]  All processing finished for executor task 8180
2023-07-07 16:38:57.821 worker_log:584 7394 MainThread [INFO]  Received executor task 8194
2023-07-07 16:39:55.493 worker_log:602 7394 MainThread [INFO]  Completed executor task 8194
2023-07-07 16:39:55.494 worker_log:613 7394 MainThread [INFO]  All processing finished for executor task 8194
2023-07-07 16:39:55.505 worker_log:584 7394 MainThread [INFO]  Received executor task 8214
2023-07-07 16:40:29.880 worker_log:602 7394 MainThread [INFO]  Completed executor task 8214
2023-07-07 16:40:29.880 worker_log:613 7394 MainThread [INFO]  All processing finished for executor task 8214
2023-07-07 16:40:29.891 worker_log:584 7394 MainThread [INFO]  Received executor task 8225
2023-07-07 16:41:03.349 worker_log:602 7394 MainThread [INFO]  Completed executor task 8225
2023-07-07 16:41:03.360 worker_log:613 7394 MainThread [INFO]  All processing finished for executor task 8225
2023-07-07 16:41:03.360 worker_log:584 7394 MainThread [INFO]  Received executor task 8236
2023-07-07 16:41:34.093 worker_log:602 7394 MainThread [INFO]  Completed executor task 8236
2023-07-07 16:41:34.093 worker_log:613 7394 MainThread [INFO]  All processing finished for executor task 8236
2023-07-07 16:41:34.105 worker_log:584 7394 MainThread [INFO]  Received executor task 8243
2023-07-07 16:41:58.261 worker_log:602 7394 MainThread [INFO]  Completed executor task 8243
2023-07-07 16:41:58.262 worker_log:613 7394 MainThread [INFO]  All processing finished for executor task 8243
2023-07-07 16:41:58.282 worker_log:584 7394 MainThread [INFO]  Received executor task 8255
2023-07-07 16:42:43.567 worker_log:602 7394 MainThread [INFO]  Completed executor task 8255
2023-07-07 16:42:43.568 worker_log:613 7394 MainThread [INFO]  All processing finished for executor task 8255
2023-07-07 16:42:43.594 worker_log:584 7394 MainThread [INFO]  Received executor task 8267
2023-07-07 16:43:05.406 worker_log:602 7394 MainThread [INFO]  Completed executor task 8267
2023-07-07 16:43:05.406 worker_log:613 7394 MainThread [INFO]  All processing finished for executor task 8267
2023-07-07 16:43:05.407 worker_log:584 7394 MainThread [INFO]  Received executor task 8273
2023-07-07 16:44:18.201 worker_log:602 7394 MainThread [INFO]  Completed executor task 8273
2023-07-07 16:44:18.201 worker_log:613 7394 MainThread [INFO]  All processing finished for executor task 8273
2023-07-07 16:44:18.212 worker_log:584 7394 MainThread [INFO]  Received executor task 8292
2023-07-07 16:45:16.521 worker_log:602 7394 MainThread [INFO]  Completed executor task 8292
2023-07-07 16:45:16.522 worker_log:613 7394 MainThread [INFO]  All processing finished for executor task 8292
2023-07-07 16:45:16.535 worker_log:584 7394 MainThread [INFO]  Received executor task 8308
2023-07-07 16:45:46.348 worker_log:602 7394 MainThread [INFO]  Completed executor task 8308
2023-07-07 16:45:46.348 worker_log:613 7394 MainThread [INFO]  All processing finished for executor task 8308
2023-07-07 16:45:46.359 worker_log:584 7394 MainThread [INFO]  Received executor task 8316
2023-07-07 16:46:48.314 worker_log:602 7394 MainThread [INFO]  Completed executor task 8316
2023-07-07 16:46:48.315 worker_log:613 7394 MainThread [INFO]  All processing finished for executor task 8316
2023-07-07 16:46:48.326 worker_log:584 7394 MainThread [INFO]  Received executor task 8333
2023-07-07 16:48:18.319 worker_log:602 7394 MainThread [INFO]  Completed executor task 8333
2023-07-07 16:48:18.320 worker_log:613 7394 MainThread [INFO]  All processing finished for executor task 8333
2023-07-07 16:48:18.331 worker_log:584 7394 MainThread [INFO]  Received executor task 8350
2023-07-07 16:48:56.016 worker_log:602 7394 MainThread [INFO]  Completed executor task 8350
2023-07-07 16:48:56.016 worker_log:613 7394 MainThread [INFO]  All processing finished for executor task 8350
2023-07-07 16:48:56.028 worker_log:584 7394 MainThread [INFO]  Received executor task 8361
2023-07-07 16:49:32.064 worker_log:602 7394 MainThread [INFO]  Completed executor task 8361
2023-07-07 16:49:32.076 worker_log:613 7394 MainThread [INFO]  All processing finished for executor task 8361
2023-07-07 16:49:32.076 worker_log:584 7394 MainThread [INFO]  Received executor task 8370
2023-07-07 16:50:14.617 worker_log:602 7394 MainThread [INFO]  Completed executor task 8370
2023-07-07 16:50:14.618 worker_log:613 7394 MainThread [INFO]  All processing finished for executor task 8370
2023-07-07 16:50:14.629 worker_log:584 7394 MainThread [INFO]  Received executor task 8382
2023-07-07 16:51:24.343 worker_log:602 7394 MainThread [INFO]  Completed executor task 8382
2023-07-07 16:51:24.344 worker_log:613 7394 MainThread [INFO]  All processing finished for executor task 8382
2023-07-07 16:51:24.355 worker_log:584 7394 MainThread [INFO]  Received executor task 8404
2023-07-07 16:51:59.538 worker_log:602 7394 MainThread [INFO]  Completed executor task 8404
2023-07-07 16:51:59.539 worker_log:613 7394 MainThread [INFO]  All processing finished for executor task 8404
2023-07-07 16:51:59.550 worker_log:584 7394 MainThread [INFO]  Received executor task 8415
2023-07-07 16:52:43.976 worker_log:602 7394 MainThread [INFO]  Completed executor task 8415
2023-07-07 16:52:43.976 worker_log:613 7394 MainThread [INFO]  All processing finished for executor task 8415
2023-07-07 16:52:43.988 worker_log:584 7394 MainThread [INFO]  Received executor task 8430
2023-07-07 16:53:16.363 worker_log:602 7394 MainThread [INFO]  Completed executor task 8430
2023-07-07 16:53:16.363 worker_log:613 7394 MainThread [INFO]  All processing finished for executor task 8430
2023-07-07 16:53:16.375 worker_log:584 7394 MainThread [INFO]  Received executor task 8438
2023-07-07 16:53:39.256 worker_log:602 7394 MainThread [INFO]  Completed executor task 8438
2023-07-07 16:53:39.268 worker_log:613 7394 MainThread [INFO]  All processing finished for executor task 8438
2023-07-07 16:53:39.268 worker_log:584 7394 MainThread [INFO]  Received executor task 8450
2023-07-07 16:53:56.090 worker_log:602 7394 MainThread [INFO]  Completed executor task 8450
2023-07-07 16:53:56.090 worker_log:613 7394 MainThread [INFO]  All processing finished for executor task 8450
2023-07-07 16:53:56.101 worker_log:584 7394 MainThread [INFO]  Received executor task 8463
2023-07-07 16:54:16.469 worker_log:602 7394 MainThread [INFO]  Completed executor task 8463
2023-07-07 16:54:16.470 worker_log:613 7394 MainThread [INFO]  All processing finished for executor task 8463
2023-07-07 16:54:16.482 worker_log:584 7394 MainThread [INFO]  Received executor task 8474
2023-07-07 16:54:51.935 worker_log:602 7394 MainThread [INFO]  Completed executor task 8474
2023-07-07 16:54:51.936 worker_log:613 7394 MainThread [INFO]  All processing finished for executor task 8474
2023-07-07 16:54:51.948 worker_log:584 7394 MainThread [INFO]  Received executor task 8489
2023-07-07 16:55:11.744 worker_log:602 7394 MainThread [INFO]  Completed executor task 8489
2023-07-07 16:55:11.745 worker_log:613 7394 MainThread [INFO]  All processing finished for executor task 8489
2023-07-07 16:55:11.756 worker_log:584 7394 MainThread [INFO]  Received executor task 8502
2023-07-07 16:56:02.064 worker_log:602 7394 MainThread [INFO]  Completed executor task 8502
2023-07-07 16:56:02.065 worker_log:613 7394 MainThread [INFO]  All processing finished for executor task 8502
2023-07-07 16:56:02.076 worker_log:584 7394 MainThread [INFO]  Received executor task 8526
2023-07-07 16:56:54.683 worker_log:602 7394 MainThread [INFO]  Completed executor task 8526
2023-07-07 16:56:54.683 worker_log:613 7394 MainThread [INFO]  All processing finished for executor task 8526
2023-07-07 16:56:54.695 worker_log:584 7394 MainThread [INFO]  Received executor task 8547
2023-07-07 16:57:52.136 worker_log:602 7394 MainThread [INFO]  Completed executor task 8547
2023-07-07 16:57:52.136 worker_log:613 7394 MainThread [INFO]  All processing finished for executor task 8547
2023-07-07 16:57:52.148 worker_log:584 7394 MainThread [INFO]  Received executor task 8573
2023-07-07 16:58:36.047 worker_log:602 7394 MainThread [INFO]  Completed executor task 8573
2023-07-07 16:58:36.047 worker_log:613 7394 MainThread [INFO]  All processing finished for executor task 8573
2023-07-07 16:58:36.058 worker_log:584 7394 MainThread [INFO]  Received executor task 8597
2023-07-07 16:59:04.595 worker_log:602 7394 MainThread [INFO]  Completed executor task 8597
2023-07-07 16:59:04.595 worker_log:613 7394 MainThread [INFO]  All processing finished for executor task 8597
2023-07-07 16:59:04.606 worker_log:584 7394 MainThread [INFO]  Received executor task 8614
2023-07-07 17:00:41.041 worker_log:602 7394 MainThread [INFO]  Completed executor task 8614
2023-07-07 17:00:41.041 worker_log:613 7394 MainThread [INFO]  All processing finished for executor task 8614
2023-07-07 17:00:41.053 worker_log:584 7394 MainThread [INFO]  Received executor task 8663
2023-07-07 17:01:30.871 worker_log:602 7394 MainThread [INFO]  Completed executor task 8663
2023-07-07 17:01:30.872 worker_log:613 7394 MainThread [INFO]  All processing finished for executor task 8663
2023-07-07 17:01:30.882 worker_log:584 7394 MainThread [INFO]  Received executor task 8687
2023-07-07 17:02:15.016 worker_log:602 7394 MainThread [INFO]  Completed executor task 8687
2023-07-07 17:02:15.016 worker_log:613 7394 MainThread [INFO]  All processing finished for executor task 8687
2023-07-07 17:02:15.027 worker_log:584 7394 MainThread [INFO]  Received executor task 8712
2023-07-07 17:02:31.323 worker_log:602 7394 MainThread [INFO]  Completed executor task 8712
2023-07-07 17:02:31.323 worker_log:613 7394 MainThread [INFO]  All processing finished for executor task 8712
2023-07-07 17:02:31.334 worker_log:584 7394 MainThread [INFO]  Received executor task 8722
2023-07-07 17:02:46.514 worker_log:602 7394 MainThread [INFO]  Completed executor task 8722
2023-07-07 17:02:46.514 worker_log:613 7394 MainThread [INFO]  All processing finished for executor task 8722
2023-07-07 17:02:46.525 worker_log:584 7394 MainThread [INFO]  Received executor task 8731
2023-07-07 17:03:06.805 worker_log:602 7394 MainThread [INFO]  Completed executor task 8731
2023-07-07 17:03:06.818 worker_log:613 7394 MainThread [INFO]  All processing finished for executor task 8731
2023-07-07 17:03:06.818 worker_log:584 7394 MainThread [INFO]  Received executor task 8743
2023-07-07 17:03:33.448 worker_log:602 7394 MainThread [INFO]  Completed executor task 8743
2023-07-07 17:03:33.448 worker_log:613 7394 MainThread [INFO]  All processing finished for executor task 8743
2023-07-07 17:03:33.459 worker_log:584 7394 MainThread [INFO]  Received executor task 8762
2023-07-07 17:03:57.178 worker_log:602 7394 MainThread [INFO]  Completed executor task 8762
2023-07-07 17:03:57.179 worker_log:613 7394 MainThread [INFO]  All processing finished for executor task 8762
2023-07-07 17:03:57.190 worker_log:584 7394 MainThread [INFO]  Received executor task 8771
2023-07-07 17:04:37.850 worker_log:602 7394 MainThread [INFO]  Completed executor task 8771
2023-07-07 17:04:37.850 worker_log:613 7394 MainThread [INFO]  All processing finished for executor task 8771
2023-07-07 17:04:37.861 worker_log:584 7394 MainThread [INFO]  Received executor task 8796
2023-07-07 17:05:00.828 worker_log:602 7394 MainThread [INFO]  Completed executor task 8796
2023-07-07 17:05:00.838 worker_log:613 7394 MainThread [INFO]  All processing finished for executor task 8796
2023-07-07 17:05:00.840 worker_log:584 7394 MainThread [INFO]  Received executor task 8811
2023-07-07 17:05:30.241 worker_log:602 7394 MainThread [INFO]  Completed executor task 8811
2023-07-07 17:05:30.241 worker_log:613 7394 MainThread [INFO]  All processing finished for executor task 8811
2023-07-07 17:05:30.252 worker_log:584 7394 MainThread [INFO]  Received executor task 8826
2023-07-07 17:05:48.744 worker_log:602 7394 MainThread [INFO]  Completed executor task 8826
2023-07-07 17:05:48.745 worker_log:613 7394 MainThread [INFO]  All processing finished for executor task 8826
2023-07-07 17:05:48.757 worker_log:584 7394 MainThread [INFO]  Received executor task 8832
2023-07-07 17:06:18.656 worker_log:602 7394 MainThread [INFO]  Completed executor task 8832
2023-07-07 17:06:18.669 worker_log:613 7394 MainThread [INFO]  All processing finished for executor task 8832
2023-07-07 17:06:18.669 worker_log:584 7394 MainThread [INFO]  Received executor task 8851
2023-07-07 17:06:43.591 worker_log:602 7394 MainThread [INFO]  Completed executor task 8851
2023-07-07 17:06:43.592 worker_log:613 7394 MainThread [INFO]  All processing finished for executor task 8851
2023-07-07 17:06:43.603 worker_log:584 7394 MainThread [INFO]  Received executor task 8864
2023-07-07 17:07:22.717 worker_log:602 7394 MainThread [INFO]  Completed executor task 8864
2023-07-07 17:07:22.729 worker_log:613 7394 MainThread [INFO]  All processing finished for executor task 8864
2023-07-07 17:07:22.730 worker_log:584 7394 MainThread [INFO]  Received executor task 8884
2023-07-07 17:07:48.160 worker_log:602 7394 MainThread [INFO]  Completed executor task 8884
2023-07-07 17:07:48.160 worker_log:613 7394 MainThread [INFO]  All processing finished for executor task 8884
2023-07-07 17:07:48.172 worker_log:584 7394 MainThread [INFO]  Received executor task 8897
2023-07-07 17:08:13.383 worker_log:602 7394 MainThread [INFO]  Completed executor task 8897
2023-07-07 17:08:13.384 worker_log:613 7394 MainThread [INFO]  All processing finished for executor task 8897
2023-07-07 17:08:13.395 worker_log:584 7394 MainThread [INFO]  Received executor task 8916
2023-07-07 17:08:42.598 worker_log:602 7394 MainThread [INFO]  Completed executor task 8916
2023-07-07 17:08:42.599 worker_log:613 7394 MainThread [INFO]  All processing finished for executor task 8916
2023-07-07 17:08:42.611 worker_log:584 7394 MainThread [INFO]  Received executor task 8928
2023-07-07 17:09:09.256 worker_log:602 7394 MainThread [INFO]  Completed executor task 8928
2023-07-07 17:09:09.256 worker_log:613 7394 MainThread [INFO]  All processing finished for executor task 8928
2023-07-07 17:09:09.273 worker_log:584 7394 MainThread [INFO]  Received executor task 8946
2023-07-07 17:10:03.773 worker_log:602 7394 MainThread [INFO]  Completed executor task 8946
2023-07-07 17:10:03.773 worker_log:613 7394 MainThread [INFO]  All processing finished for executor task 8946
2023-07-07 17:10:03.785 worker_log:584 7394 MainThread [INFO]  Received executor task 8976
2023-07-07 17:11:07.311 worker_log:602 7394 MainThread [INFO]  Completed executor task 8976
2023-07-07 17:11:07.312 worker_log:613 7394 MainThread [INFO]  All processing finished for executor task 8976
2023-07-07 17:11:07.323 worker_log:584 7394 MainThread [INFO]  Received executor task 9003
2023-07-07 17:11:48.016 worker_log:602 7394 MainThread [INFO]  Completed executor task 9003
2023-07-07 17:11:48.016 worker_log:613 7394 MainThread [INFO]  All processing finished for executor task 9003
2023-07-07 17:11:48.034 worker_log:584 7394 MainThread [INFO]  Received executor task 9014
2023-07-07 17:12:49.318 worker_log:602 7394 MainThread [INFO]  Completed executor task 9014
2023-07-07 17:12:49.319 worker_log:613 7394 MainThread [INFO]  All processing finished for executor task 9014
2023-07-07 17:12:49.330 worker_log:584 7394 MainThread [INFO]  Received executor task 9027
2023-07-07 17:13:20.732 worker_log:602 7394 MainThread [INFO]  Completed executor task 9027
2023-07-07 17:13:20.732 worker_log:613 7394 MainThread [INFO]  All processing finished for executor task 9027
2023-07-07 17:13:20.743 worker_log:584 7394 MainThread [INFO]  Received executor task 9043
2023-07-07 17:14:14.906 worker_log:602 7394 MainThread [INFO]  Completed executor task 9043
2023-07-07 17:14:14.906 worker_log:613 7394 MainThread [INFO]  All processing finished for executor task 9043
2023-07-07 17:14:14.917 worker_log:584 7394 MainThread [INFO]  Received executor task 9060
2023-07-07 17:15:11.445 worker_log:602 7394 MainThread [INFO]  Completed executor task 9060
2023-07-07 17:15:11.445 worker_log:613 7394 MainThread [INFO]  All processing finished for executor task 9060
2023-07-07 17:15:11.456 worker_log:584 7394 MainThread [INFO]  Received executor task 9083
2023-07-07 17:15:51.841 worker_log:602 7394 MainThread [INFO]  Completed executor task 9083
2023-07-07 17:15:51.841 worker_log:613 7394 MainThread [INFO]  All processing finished for executor task 9083
2023-07-07 17:15:51.853 worker_log:584 7394 MainThread [INFO]  Received executor task 9098
2023-07-07 17:16:07.688 worker_log:602 7394 MainThread [INFO]  Completed executor task 9098
2023-07-07 17:16:07.689 worker_log:613 7394 MainThread [INFO]  All processing finished for executor task 9098
2023-07-07 17:16:07.701 worker_log:584 7394 MainThread [INFO]  Received executor task 9106
2023-07-07 17:17:11.209 worker_log:602 7394 MainThread [INFO]  Completed executor task 9106
2023-07-07 17:17:11.213 worker_log:613 7394 MainThread [INFO]  All processing finished for executor task 9106
2023-07-07 17:17:11.221 worker_log:584 7394 MainThread [INFO]  Received executor task 9134
2023-07-07 17:17:42.842 worker_log:602 7394 MainThread [INFO]  Completed executor task 9134
2023-07-07 17:17:42.843 worker_log:613 7394 MainThread [INFO]  All processing finished for executor task 9134
2023-07-07 17:17:42.855 worker_log:584 7394 MainThread [INFO]  Received executor task 9147
2023-07-07 17:18:10.964 worker_log:602 7394 MainThread [INFO]  Completed executor task 9147
2023-07-07 17:18:10.965 worker_log:613 7394 MainThread [INFO]  All processing finished for executor task 9147
2023-07-07 17:18:10.976 worker_log:584 7394 MainThread [INFO]  Received executor task 9157
2023-07-07 17:19:18.225 worker_log:602 7394 MainThread [INFO]  Completed executor task 9157
2023-07-07 17:19:18.226 worker_log:613 7394 MainThread [INFO]  All processing finished for executor task 9157
2023-07-07 17:19:18.237 worker_log:584 7394 MainThread [INFO]  Received executor task 9191
2023-07-07 17:19:38.253 worker_log:602 7394 MainThread [INFO]  Completed executor task 9191
2023-07-07 17:19:38.254 worker_log:613 7394 MainThread [INFO]  All processing finished for executor task 9191
2023-07-07 17:19:38.266 worker_log:584 7394 MainThread [INFO]  Received executor task 9203
2023-07-07 17:20:06.923 worker_log:602 7394 MainThread [INFO]  Completed executor task 9203
2023-07-07 17:20:06.923 worker_log:613 7394 MainThread [INFO]  All processing finished for executor task 9203
2023-07-07 17:20:06.934 worker_log:584 7394 MainThread [INFO]  Received executor task 9214
