2023-07-07 11:59:59.661 worker_log:538 7400 MainThread [INFO]  Worker 12 started
2023-07-07 12:02:52.002 worker_log:584 7400 MainThread [INFO]  Received executor task 13
2023-07-07 12:03:33.119 worker_log:602 7400 MainThread [INFO]  Completed executor task 13
2023-07-07 12:03:33.120 worker_log:613 7400 MainThread [INFO]  All processing finished for executor task 13
2023-07-07 12:03:33.131 worker_log:584 7400 MainThread [INFO]  Received executor task 33
2023-07-07 12:04:01.164 worker_log:602 7400 MainThread [INFO]  Completed executor task 33
2023-07-07 12:04:01.165 worker_log:613 7400 MainThread [INFO]  All processing finished for executor task 33
2023-07-07 12:04:01.178 worker_log:584 7400 MainThread [INFO]  Received executor task 44
2023-07-07 12:04:42.185 worker_log:602 7400 MainThread [INFO]  Completed executor task 44
2023-07-07 12:04:42.185 worker_log:613 7400 MainThread [INFO]  All processing finished for executor task 44
2023-07-07 12:04:42.197 worker_log:584 7400 MainThread [INFO]  Received executor task 75
2023-07-07 12:05:03.329 worker_log:602 7400 MainThread [INFO]  Completed executor task 75
2023-07-07 12:05:03.329 worker_log:613 7400 MainThread [INFO]  All processing finished for executor task 75
2023-07-07 12:05:03.341 worker_log:584 7400 MainThread [INFO]  Received executor task 87
2023-07-07 12:05:24.287 worker_log:602 7400 MainThread [INFO]  Completed executor task 87
2023-07-07 12:05:24.287 worker_log:613 7400 MainThread [INFO]  All processing finished for executor task 87
2023-07-07 12:05:24.298 worker_log:584 7400 MainThread [INFO]  Received executor task 101
2023-07-07 12:05:52.294 worker_log:602 7400 MainThread [INFO]  Completed executor task 101
2023-07-07 12:05:52.295 worker_log:613 7400 MainThread [INFO]  All processing finished for executor task 101
2023-07-07 12:05:52.306 worker_log:584 7400 MainThread [INFO]  Received executor task 112
2023-07-07 12:06:10.618 worker_log:602 7400 MainThread [INFO]  Completed executor task 112
2023-07-07 12:06:10.618 worker_log:613 7400 MainThread [INFO]  All processing finished for executor task 112
2023-07-07 12:06:10.629 worker_log:584 7400 MainThread [INFO]  Received executor task 123
2023-07-07 12:06:32.162 worker_log:602 7400 MainThread [INFO]  Completed executor task 123
2023-07-07 12:06:32.162 worker_log:613 7400 MainThread [INFO]  All processing finished for executor task 123
2023-07-07 12:06:32.173 worker_log:584 7400 MainThread [INFO]  Received executor task 134
2023-07-07 12:06:54.484 worker_log:602 7400 MainThread [INFO]  Completed executor task 134
2023-07-07 12:06:54.484 worker_log:613 7400 MainThread [INFO]  All processing finished for executor task 134
2023-07-07 12:06:54.496 worker_log:584 7400 MainThread [INFO]  Received executor task 147
2023-07-07 12:07:11.551 worker_log:602 7400 MainThread [INFO]  Completed executor task 147
2023-07-07 12:07:11.551 worker_log:613 7400 MainThread [INFO]  All processing finished for executor task 147
2023-07-07 12:07:11.562 worker_log:584 7400 MainThread [INFO]  Received executor task 156
2023-07-07 12:07:30.236 worker_log:602 7400 MainThread [INFO]  Completed executor task 156
2023-07-07 12:07:30.237 worker_log:613 7400 MainThread [INFO]  All processing finished for executor task 156
2023-07-07 12:07:30.250 worker_log:584 7400 MainThread [INFO]  Received executor task 168
2023-07-07 12:07:45.539 worker_log:602 7400 MainThread [INFO]  Completed executor task 168
2023-07-07 12:07:45.540 worker_log:613 7400 MainThread [INFO]  All processing finished for executor task 168
2023-07-07 12:07:45.551 worker_log:584 7400 MainThread [INFO]  Received executor task 177
2023-07-07 12:08:04.223 worker_log:602 7400 MainThread [INFO]  Completed executor task 177
2023-07-07 12:08:04.224 worker_log:613 7400 MainThread [INFO]  All processing finished for executor task 177
2023-07-07 12:08:04.235 worker_log:584 7400 MainThread [INFO]  Received executor task 185
2023-07-07 12:08:26.577 worker_log:602 7400 MainThread [INFO]  Completed executor task 185
2023-07-07 12:08:26.578 worker_log:613 7400 MainThread [INFO]  All processing finished for executor task 185
2023-07-07 12:08:26.590 worker_log:584 7400 MainThread [INFO]  Received executor task 198
2023-07-07 12:08:56.663 worker_log:602 7400 MainThread [INFO]  Completed executor task 198
2023-07-07 12:08:56.664 worker_log:613 7400 MainThread [INFO]  All processing finished for executor task 198
2023-07-07 12:08:56.675 worker_log:584 7400 MainThread [INFO]  Received executor task 213
2023-07-07 12:09:44.061 worker_log:602 7400 MainThread [INFO]  Completed executor task 213
2023-07-07 12:09:44.062 worker_log:613 7400 MainThread [INFO]  All processing finished for executor task 213
2023-07-07 12:09:44.073 worker_log:584 7400 MainThread [INFO]  Received executor task 235
2023-07-07 12:10:19.709 worker_log:602 7400 MainThread [INFO]  Completed executor task 235
2023-07-07 12:10:19.710 worker_log:613 7400 MainThread [INFO]  All processing finished for executor task 235
2023-07-07 12:10:19.721 worker_log:584 7400 MainThread [INFO]  Received executor task 251
2023-07-07 12:11:23.703 worker_log:602 7400 MainThread [INFO]  Completed executor task 251
2023-07-07 12:11:23.704 worker_log:613 7400 MainThread [INFO]  All processing finished for executor task 251
2023-07-07 12:11:23.715 worker_log:584 7400 MainThread [INFO]  Received executor task 275
2023-07-07 12:12:05.943 worker_log:602 7400 MainThread [INFO]  Completed executor task 275
2023-07-07 12:12:05.943 worker_log:613 7400 MainThread [INFO]  All processing finished for executor task 275
2023-07-07 12:12:05.954 worker_log:584 7400 MainThread [INFO]  Received executor task 295
2023-07-07 12:12:51.347 worker_log:602 7400 MainThread [INFO]  Completed executor task 295
2023-07-07 12:12:51.357 worker_log:613 7400 MainThread [INFO]  All processing finished for executor task 295
2023-07-07 12:12:51.358 worker_log:584 7400 MainThread [INFO]  Received executor task 319
2023-07-07 12:13:29.208 worker_log:602 7400 MainThread [INFO]  Completed executor task 319
2023-07-07 12:13:29.220 worker_log:613 7400 MainThread [INFO]  All processing finished for executor task 319
2023-07-07 12:13:29.229 worker_log:584 7400 MainThread [INFO]  Received executor task 341
2023-07-07 12:13:54.571 worker_log:602 7400 MainThread [INFO]  Completed executor task 341
2023-07-07 12:13:54.572 worker_log:613 7400 MainThread [INFO]  All processing finished for executor task 341
2023-07-07 12:13:54.583 worker_log:584 7400 MainThread [INFO]  Received executor task 355
2023-07-07 12:14:20.369 worker_log:602 7400 MainThread [INFO]  Completed executor task 355
2023-07-07 12:14:20.370 worker_log:613 7400 MainThread [INFO]  All processing finished for executor task 355
2023-07-07 12:14:20.382 worker_log:584 7400 MainThread [INFO]  Received executor task 371
2023-07-07 12:15:02.043 worker_log:602 7400 MainThread [INFO]  Completed executor task 371
2023-07-07 12:15:02.043 worker_log:613 7400 MainThread [INFO]  All processing finished for executor task 371
2023-07-07 12:15:02.054 worker_log:584 7400 MainThread [INFO]  Received executor task 387
2023-07-07 12:16:00.578 worker_log:602 7400 MainThread [INFO]  Completed executor task 387
2023-07-07 12:16:00.578 worker_log:613 7400 MainThread [INFO]  All processing finished for executor task 387
2023-07-07 12:16:00.590 worker_log:584 7400 MainThread [INFO]  Received executor task 412
2023-07-07 12:16:12.614 worker_log:602 7400 MainThread [INFO]  Completed executor task 412
2023-07-07 12:16:12.614 worker_log:613 7400 MainThread [INFO]  All processing finished for executor task 412
2023-07-07 12:16:12.625 worker_log:584 7400 MainThread [INFO]  Received executor task 417
2023-07-07 12:16:30.175 worker_log:602 7400 MainThread [INFO]  Completed executor task 417
2023-07-07 12:16:30.178 worker_log:613 7400 MainThread [INFO]  All processing finished for executor task 417
2023-07-07 12:16:30.198 worker_log:584 7400 MainThread [INFO]  Received executor task 426
2023-07-07 12:17:00.807 worker_log:602 7400 MainThread [INFO]  Completed executor task 426
2023-07-07 12:17:00.808 worker_log:613 7400 MainThread [INFO]  All processing finished for executor task 426
2023-07-07 12:17:00.809 worker_log:584 7400 MainThread [INFO]  Received executor task 439
2023-07-07 12:17:36.339 worker_log:602 7400 MainThread [INFO]  Completed executor task 439
2023-07-07 12:17:36.340 worker_log:613 7400 MainThread [INFO]  All processing finished for executor task 439
2023-07-07 12:17:36.351 worker_log:584 7400 MainThread [INFO]  Received executor task 457
2023-07-07 12:18:02.410 worker_log:602 7400 MainThread [INFO]  Completed executor task 457
2023-07-07 12:18:02.410 worker_log:613 7400 MainThread [INFO]  All processing finished for executor task 457
2023-07-07 12:18:02.421 worker_log:584 7400 MainThread [INFO]  Received executor task 470
2023-07-07 12:18:32.639 worker_log:602 7400 MainThread [INFO]  Completed executor task 470
2023-07-07 12:18:32.639 worker_log:613 7400 MainThread [INFO]  All processing finished for executor task 470
2023-07-07 12:18:32.651 worker_log:584 7400 MainThread [INFO]  Received executor task 483
2023-07-07 12:18:59.749 worker_log:602 7400 MainThread [INFO]  Completed executor task 483
2023-07-07 12:18:59.749 worker_log:613 7400 MainThread [INFO]  All processing finished for executor task 483
2023-07-07 12:18:59.761 worker_log:584 7400 MainThread [INFO]  Received executor task 497
2023-07-07 12:19:17.865 worker_log:602 7400 MainThread [INFO]  Completed executor task 497
2023-07-07 12:19:17.865 worker_log:613 7400 MainThread [INFO]  All processing finished for executor task 497
2023-07-07 12:19:17.876 worker_log:584 7400 MainThread [INFO]  Received executor task 508
2023-07-07 12:19:57.034 worker_log:602 7400 MainThread [INFO]  Completed executor task 508
2023-07-07 12:19:57.035 worker_log:613 7400 MainThread [INFO]  All processing finished for executor task 508
2023-07-07 12:19:57.046 worker_log:584 7400 MainThread [INFO]  Received executor task 530
2023-07-07 12:20:12.987 worker_log:602 7400 MainThread [INFO]  Completed executor task 530
2023-07-07 12:20:12.987 worker_log:613 7400 MainThread [INFO]  All processing finished for executor task 530
2023-07-07 12:20:12.998 worker_log:584 7400 MainThread [INFO]  Received executor task 534
2023-07-07 12:20:49.832 worker_log:602 7400 MainThread [INFO]  Completed executor task 534
2023-07-07 12:20:49.832 worker_log:613 7400 MainThread [INFO]  All processing finished for executor task 534
2023-07-07 12:20:49.844 worker_log:584 7400 MainThread [INFO]  Received executor task 551
2023-07-07 12:21:30.578 worker_log:602 7400 MainThread [INFO]  Completed executor task 551
2023-07-07 12:21:30.579 worker_log:613 7400 MainThread [INFO]  All processing finished for executor task 551
2023-07-07 12:21:30.592 worker_log:584 7400 MainThread [INFO]  Received executor task 563
2023-07-07 12:21:56.745 worker_log:602 7400 MainThread [INFO]  Completed executor task 563
2023-07-07 12:21:56.746 worker_log:613 7400 MainThread [INFO]  All processing finished for executor task 563
2023-07-07 12:21:56.758 worker_log:584 7400 MainThread [INFO]  Received executor task 575
2023-07-07 12:22:19.653 worker_log:602 7400 MainThread [INFO]  Completed executor task 575
2023-07-07 12:22:19.654 worker_log:613 7400 MainThread [INFO]  All processing finished for executor task 575
2023-07-07 12:22:19.664 worker_log:584 7400 MainThread [INFO]  Received executor task 586
2023-07-07 12:23:07.517 worker_log:602 7400 MainThread [INFO]  Completed executor task 586
2023-07-07 12:23:07.528 worker_log:613 7400 MainThread [INFO]  All processing finished for executor task 586
2023-07-07 12:23:07.537 worker_log:584 7400 MainThread [INFO]  Received executor task 610
2023-07-07 12:23:22.392 worker_log:602 7400 MainThread [INFO]  Completed executor task 610
2023-07-07 12:23:22.392 worker_log:613 7400 MainThread [INFO]  All processing finished for executor task 610
2023-07-07 12:23:22.404 worker_log:584 7400 MainThread [INFO]  Received executor task 616
2023-07-07 12:23:54.083 worker_log:602 7400 MainThread [INFO]  Completed executor task 616
2023-07-07 12:23:54.084 worker_log:613 7400 MainThread [INFO]  All processing finished for executor task 616
2023-07-07 12:23:54.095 worker_log:584 7400 MainThread [INFO]  Received executor task 630
2023-07-07 12:24:07.495 worker_log:602 7400 MainThread [INFO]  Completed executor task 630
2023-07-07 12:24:07.495 worker_log:613 7400 MainThread [INFO]  All processing finished for executor task 630
2023-07-07 12:24:07.506 worker_log:584 7400 MainThread [INFO]  Received executor task 639
2023-07-07 12:24:25.636 worker_log:602 7400 MainThread [INFO]  Completed executor task 639
2023-07-07 12:24:25.636 worker_log:613 7400 MainThread [INFO]  All processing finished for executor task 639
2023-07-07 12:24:25.647 worker_log:584 7400 MainThread [INFO]  Received executor task 646
2023-07-07 12:24:50.827 worker_log:602 7400 MainThread [INFO]  Completed executor task 646
2023-07-07 12:24:50.828 worker_log:613 7400 MainThread [INFO]  All processing finished for executor task 646
2023-07-07 12:24:50.839 worker_log:584 7400 MainThread [INFO]  Received executor task 659
2023-07-07 12:25:17.230 worker_log:602 7400 MainThread [INFO]  Completed executor task 659
2023-07-07 12:25:17.230 worker_log:613 7400 MainThread [INFO]  All processing finished for executor task 659
2023-07-07 12:25:17.241 worker_log:584 7400 MainThread [INFO]  Received executor task 672
2023-07-07 12:25:48.383 worker_log:602 7400 MainThread [INFO]  Completed executor task 672
2023-07-07 12:25:48.384 worker_log:613 7400 MainThread [INFO]  All processing finished for executor task 672
2023-07-07 12:25:48.395 worker_log:584 7400 MainThread [INFO]  Received executor task 682
2023-07-07 12:26:22.551 worker_log:602 7400 MainThread [INFO]  Completed executor task 682
2023-07-07 12:26:22.552 worker_log:613 7400 MainThread [INFO]  All processing finished for executor task 682
2023-07-07 12:26:22.563 worker_log:584 7400 MainThread [INFO]  Received executor task 698
2023-07-07 12:27:14.192 worker_log:602 7400 MainThread [INFO]  Completed executor task 698
2023-07-07 12:27:14.192 worker_log:613 7400 MainThread [INFO]  All processing finished for executor task 698
2023-07-07 12:27:14.204 worker_log:584 7400 MainThread [INFO]  Received executor task 731
2023-07-07 12:27:38.277 worker_log:602 7400 MainThread [INFO]  Completed executor task 731
2023-07-07 12:27:38.278 worker_log:613 7400 MainThread [INFO]  All processing finished for executor task 731
2023-07-07 12:27:38.289 worker_log:584 7400 MainThread [INFO]  Received executor task 740
2023-07-07 12:28:35.689 worker_log:602 7400 MainThread [INFO]  Completed executor task 740
2023-07-07 12:28:35.690 worker_log:613 7400 MainThread [INFO]  All processing finished for executor task 740
2023-07-07 12:28:35.702 worker_log:584 7400 MainThread [INFO]  Received executor task 765
2023-07-07 12:28:53.286 worker_log:602 7400 MainThread [INFO]  Completed executor task 765
2023-07-07 12:28:53.286 worker_log:613 7400 MainThread [INFO]  All processing finished for executor task 765
2023-07-07 12:28:53.297 worker_log:584 7400 MainThread [INFO]  Received executor task 774
2023-07-07 12:29:24.441 worker_log:602 7400 MainThread [INFO]  Completed executor task 774
2023-07-07 12:29:24.454 worker_log:613 7400 MainThread [INFO]  All processing finished for executor task 774
2023-07-07 12:29:24.465 worker_log:584 7400 MainThread [INFO]  Received executor task 787
2023-07-07 12:29:46.372 worker_log:602 7400 MainThread [INFO]  Completed executor task 787
2023-07-07 12:29:46.372 worker_log:613 7400 MainThread [INFO]  All processing finished for executor task 787
2023-07-07 12:29:46.383 worker_log:584 7400 MainThread [INFO]  Received executor task 796
2023-07-07 12:29:58.025 worker_log:602 7400 MainThread [INFO]  Completed executor task 796
2023-07-07 12:29:58.025 worker_log:613 7400 MainThread [INFO]  All processing finished for executor task 796
2023-07-07 12:29:58.036 worker_log:584 7400 MainThread [INFO]  Received executor task 804
2023-07-07 12:30:10.581 worker_log:602 7400 MainThread [INFO]  Completed executor task 804
2023-07-07 12:30:10.582 worker_log:613 7400 MainThread [INFO]  All processing finished for executor task 804
2023-07-07 12:30:10.593 worker_log:584 7400 MainThread [INFO]  Received executor task 809
2023-07-07 12:30:57.245 worker_log:602 7400 MainThread [INFO]  Completed executor task 809
2023-07-07 12:30:57.246 worker_log:613 7400 MainThread [INFO]  All processing finished for executor task 809
2023-07-07 12:30:57.257 worker_log:584 7400 MainThread [INFO]  Received executor task 842
2023-07-07 12:31:22.118 worker_log:602 7400 MainThread [INFO]  Completed executor task 842
2023-07-07 12:31:22.119 worker_log:613 7400 MainThread [INFO]  All processing finished for executor task 842
2023-07-07 12:31:22.130 worker_log:584 7400 MainThread [INFO]  Received executor task 854
2023-07-07 12:31:40.217 worker_log:602 7400 MainThread [INFO]  Completed executor task 854
2023-07-07 12:31:40.218 worker_log:613 7400 MainThread [INFO]  All processing finished for executor task 854
2023-07-07 12:31:40.230 worker_log:584 7400 MainThread [INFO]  Received executor task 863
2023-07-07 12:32:17.548 worker_log:602 7400 MainThread [INFO]  Completed executor task 863
2023-07-07 12:32:17.549 worker_log:613 7400 MainThread [INFO]  All processing finished for executor task 863
2023-07-07 12:32:17.560 worker_log:584 7400 MainThread [INFO]  Received executor task 882
2023-07-07 12:32:26.176 worker_log:602 7400 MainThread [INFO]  Completed executor task 882
2023-07-07 12:32:26.176 worker_log:613 7400 MainThread [INFO]  All processing finished for executor task 882
2023-07-07 12:32:26.187 worker_log:584 7400 MainThread [INFO]  Received executor task 885
2023-07-07 12:32:43.862 worker_log:602 7400 MainThread [INFO]  Completed executor task 885
2023-07-07 12:32:43.863 worker_log:613 7400 MainThread [INFO]  All processing finished for executor task 885
2023-07-07 12:32:43.874 worker_log:584 7400 MainThread [INFO]  Received executor task 898
2023-07-07 12:33:05.348 worker_log:602 7400 MainThread [INFO]  Completed executor task 898
2023-07-07 12:33:05.349 worker_log:613 7400 MainThread [INFO]  All processing finished for executor task 898
2023-07-07 12:33:05.361 worker_log:584 7400 MainThread [INFO]  Received executor task 916
2023-07-07 12:33:16.375 worker_log:602 7400 MainThread [INFO]  Completed executor task 916
2023-07-07 12:33:16.375 worker_log:613 7400 MainThread [INFO]  All processing finished for executor task 916
2023-07-07 12:33:16.387 worker_log:584 7400 MainThread [INFO]  Received executor task 929
2023-07-07 12:33:43.237 worker_log:602 7400 MainThread [INFO]  Completed executor task 929
2023-07-07 12:33:43.237 worker_log:613 7400 MainThread [INFO]  All processing finished for executor task 929
2023-07-07 12:33:43.249 worker_log:584 7400 MainThread [INFO]  Received executor task 941
2023-07-07 12:34:00.539 worker_log:602 7400 MainThread [INFO]  Completed executor task 941
2023-07-07 12:34:00.539 worker_log:613 7400 MainThread [INFO]  All processing finished for executor task 941
2023-07-07 12:34:00.551 worker_log:584 7400 MainThread [INFO]  Received executor task 952
2023-07-07 12:34:19.158 worker_log:602 7400 MainThread [INFO]  Completed executor task 952
2023-07-07 12:34:19.169 worker_log:613 7400 MainThread [INFO]  All processing finished for executor task 952
2023-07-07 12:34:19.169 worker_log:584 7400 MainThread [INFO]  Received executor task 963
2023-07-07 12:35:12.311 worker_log:602 7400 MainThread [INFO]  Completed executor task 963
2023-07-07 12:35:12.312 worker_log:613 7400 MainThread [INFO]  All processing finished for executor task 963
2023-07-07 12:35:12.323 worker_log:584 7400 MainThread [INFO]  Received executor task 994
2023-07-07 12:35:21.517 worker_log:602 7400 MainThread [INFO]  Completed executor task 994
2023-07-07 12:35:21.517 worker_log:613 7400 MainThread [INFO]  All processing finished for executor task 994
2023-07-07 12:35:21.529 worker_log:584 7400 MainThread [INFO]  Received executor task 998
2023-07-07 12:35:29.158 worker_log:602 7400 MainThread [INFO]  Completed executor task 998
2023-07-07 12:35:29.159 worker_log:613 7400 MainThread [INFO]  All processing finished for executor task 998
2023-07-07 12:35:29.171 worker_log:584 7400 MainThread [INFO]  Received executor task 1003
2023-07-07 12:36:01.266 worker_log:602 7400 MainThread [INFO]  Completed executor task 1003
2023-07-07 12:36:01.267 worker_log:613 7400 MainThread [INFO]  All processing finished for executor task 1003
2023-07-07 12:36:01.278 worker_log:584 7400 MainThread [INFO]  Received executor task 1024
2023-07-07 12:36:40.894 worker_log:602 7400 MainThread [INFO]  Completed executor task 1024
2023-07-07 12:36:40.907 worker_log:613 7400 MainThread [INFO]  All processing finished for executor task 1024
2023-07-07 12:36:40.907 worker_log:584 7400 MainThread [INFO]  Received executor task 1039
2023-07-07 12:37:08.511 worker_log:602 7400 MainThread [INFO]  Completed executor task 1039
2023-07-07 12:37:08.511 worker_log:613 7400 MainThread [INFO]  All processing finished for executor task 1039
2023-07-07 12:37:08.522 worker_log:584 7400 MainThread [INFO]  Received executor task 1056
2023-07-07 12:37:44.002 worker_log:602 7400 MainThread [INFO]  Completed executor task 1056
2023-07-07 12:37:44.002 worker_log:613 7400 MainThread [INFO]  All processing finished for executor task 1056
2023-07-07 12:37:44.014 worker_log:584 7400 MainThread [INFO]  Received executor task 1073
2023-07-07 12:38:12.431 worker_log:602 7400 MainThread [INFO]  Completed executor task 1073
2023-07-07 12:38:12.431 worker_log:613 7400 MainThread [INFO]  All processing finished for executor task 1073
2023-07-07 12:38:12.444 worker_log:584 7400 MainThread [INFO]  Received executor task 1091
2023-07-07 12:38:56.259 worker_log:602 7400 MainThread [INFO]  Completed executor task 1091
2023-07-07 12:38:56.260 worker_log:613 7400 MainThread [INFO]  All processing finished for executor task 1091
2023-07-07 12:38:56.271 worker_log:584 7400 MainThread [INFO]  Received executor task 1106
2023-07-07 12:39:37.568 worker_log:602 7400 MainThread [INFO]  Completed executor task 1106
2023-07-07 12:39:37.568 worker_log:613 7400 MainThread [INFO]  All processing finished for executor task 1106
2023-07-07 12:39:37.579 worker_log:584 7400 MainThread [INFO]  Received executor task 1125
2023-07-07 12:40:35.515 worker_log:602 7400 MainThread [INFO]  Completed executor task 1125
2023-07-07 12:40:35.516 worker_log:613 7400 MainThread [INFO]  All processing finished for executor task 1125
2023-07-07 12:40:35.535 worker_log:584 7400 MainThread [INFO]  Received executor task 1147
2023-07-07 12:41:15.349 worker_log:602 7400 MainThread [INFO]  Completed executor task 1147
2023-07-07 12:41:15.350 worker_log:613 7400 MainThread [INFO]  All processing finished for executor task 1147
2023-07-07 12:41:15.361 worker_log:584 7400 MainThread [INFO]  Received executor task 1163
2023-07-07 12:41:27.243 worker_log:602 7400 MainThread [INFO]  Completed executor task 1163
2023-07-07 12:41:27.243 worker_log:613 7400 MainThread [INFO]  All processing finished for executor task 1163
2023-07-07 12:41:27.255 worker_log:584 7400 MainThread [INFO]  Received executor task 1165
2023-07-07 12:41:48.860 worker_log:602 7400 MainThread [INFO]  Completed executor task 1165
2023-07-07 12:41:48.860 worker_log:613 7400 MainThread [INFO]  All processing finished for executor task 1165
2023-07-07 12:41:48.872 worker_log:584 7400 MainThread [INFO]  Received executor task 1178
2023-07-07 12:42:11.272 worker_log:602 7400 MainThread [INFO]  Completed executor task 1178
2023-07-07 12:42:11.272 worker_log:613 7400 MainThread [INFO]  All processing finished for executor task 1178
2023-07-07 12:42:11.283 worker_log:584 7400 MainThread [INFO]  Received executor task 1191
2023-07-07 12:42:30.274 worker_log:602 7400 MainThread [INFO]  Completed executor task 1191
2023-07-07 12:42:30.274 worker_log:613 7400 MainThread [INFO]  All processing finished for executor task 1191
2023-07-07 12:42:30.285 worker_log:584 7400 MainThread [INFO]  Received executor task 1197
2023-07-07 12:42:53.230 worker_log:602 7400 MainThread [INFO]  Completed executor task 1197
2023-07-07 12:42:53.230 worker_log:613 7400 MainThread [INFO]  All processing finished for executor task 1197
2023-07-07 12:42:53.241 worker_log:584 7400 MainThread [INFO]  Received executor task 1212
2023-07-07 12:43:35.495 worker_log:602 7400 MainThread [INFO]  Completed executor task 1212
2023-07-07 12:43:35.496 worker_log:613 7400 MainThread [INFO]  All processing finished for executor task 1212
2023-07-07 12:43:35.507 worker_log:584 7400 MainThread [INFO]  Received executor task 1230
2023-07-07 12:43:53.127 worker_log:602 7400 MainThread [INFO]  Completed executor task 1230
2023-07-07 12:43:53.128 worker_log:613 7400 MainThread [INFO]  All processing finished for executor task 1230
2023-07-07 12:43:53.139 worker_log:584 7400 MainThread [INFO]  Received executor task 1240
2023-07-07 12:45:04.550 worker_log:602 7400 MainThread [INFO]  Completed executor task 1240
2023-07-07 12:45:04.550 worker_log:613 7400 MainThread [INFO]  All processing finished for executor task 1240
2023-07-07 12:45:04.561 worker_log:584 7400 MainThread [INFO]  Received executor task 1273
2023-07-07 12:45:17.914 worker_log:602 7400 MainThread [INFO]  Completed executor task 1273
2023-07-07 12:45:17.914 worker_log:613 7400 MainThread [INFO]  All processing finished for executor task 1273
2023-07-07 12:45:17.925 worker_log:584 7400 MainThread [INFO]  Received executor task 1284
2023-07-07 12:45:37.325 worker_log:602 7400 MainThread [INFO]  Completed executor task 1284
2023-07-07 12:45:37.326 worker_log:613 7400 MainThread [INFO]  All processing finished for executor task 1284
2023-07-07 12:45:37.337 worker_log:584 7400 MainThread [INFO]  Received executor task 1292
2023-07-07 12:46:50.124 worker_log:602 7400 MainThread [INFO]  Completed executor task 1292
2023-07-07 12:46:50.124 worker_log:613 7400 MainThread [INFO]  All processing finished for executor task 1292
2023-07-07 12:46:50.135 worker_log:584 7400 MainThread [INFO]  Received executor task 1321
2023-07-07 12:47:26.924 worker_log:602 7400 MainThread [INFO]  Completed executor task 1321
2023-07-07 12:47:26.925 worker_log:613 7400 MainThread [INFO]  All processing finished for executor task 1321
2023-07-07 12:47:26.936 worker_log:584 7400 MainThread [INFO]  Received executor task 1338
2023-07-07 12:47:48.072 worker_log:602 7400 MainThread [INFO]  Completed executor task 1338
2023-07-07 12:47:48.073 worker_log:613 7400 MainThread [INFO]  All processing finished for executor task 1338
2023-07-07 12:47:48.084 worker_log:584 7400 MainThread [INFO]  Received executor task 1352
2023-07-07 12:48:14.594 worker_log:602 7400 MainThread [INFO]  Completed executor task 1352
2023-07-07 12:48:14.594 worker_log:613 7400 MainThread [INFO]  All processing finished for executor task 1352
2023-07-07 12:48:14.605 worker_log:584 7400 MainThread [INFO]  Received executor task 1365
2023-07-07 12:49:18.786 worker_log:602 7400 MainThread [INFO]  Completed executor task 1365
2023-07-07 12:49:18.787 worker_log:613 7400 MainThread [INFO]  All processing finished for executor task 1365
2023-07-07 12:49:18.798 worker_log:584 7400 MainThread [INFO]  Received executor task 1394
2023-07-07 12:49:43.911 worker_log:602 7400 MainThread [INFO]  Completed executor task 1394
2023-07-07 12:49:43.911 worker_log:613 7400 MainThread [INFO]  All processing finished for executor task 1394
2023-07-07 12:49:43.922 worker_log:584 7400 MainThread [INFO]  Received executor task 1406
2023-07-07 12:50:10.446 worker_log:602 7400 MainThread [INFO]  Completed executor task 1406
2023-07-07 12:50:10.446 worker_log:613 7400 MainThread [INFO]  All processing finished for executor task 1406
2023-07-07 12:50:10.457 worker_log:584 7400 MainThread [INFO]  Received executor task 1419
2023-07-07 12:50:33.183 worker_log:602 7400 MainThread [INFO]  Completed executor task 1419
2023-07-07 12:50:33.184 worker_log:613 7400 MainThread [INFO]  All processing finished for executor task 1419
2023-07-07 12:50:33.204 worker_log:584 7400 MainThread [INFO]  Received executor task 1432
2023-07-07 12:51:00.211 worker_log:602 7400 MainThread [INFO]  Completed executor task 1432
2023-07-07 12:51:00.211 worker_log:613 7400 MainThread [INFO]  All processing finished for executor task 1432
2023-07-07 12:51:00.212 worker_log:584 7400 MainThread [INFO]  Received executor task 1445
2023-07-07 12:51:52.317 worker_log:602 7400 MainThread [INFO]  Completed executor task 1445
2023-07-07 12:51:52.318 worker_log:613 7400 MainThread [INFO]  All processing finished for executor task 1445
2023-07-07 12:51:52.329 worker_log:584 7400 MainThread [INFO]  Received executor task 1466
2023-07-07 12:52:06.330 worker_log:602 7400 MainThread [INFO]  Completed executor task 1466
2023-07-07 12:52:06.330 worker_log:613 7400 MainThread [INFO]  All processing finished for executor task 1466
2023-07-07 12:52:06.341 worker_log:584 7400 MainThread [INFO]  Received executor task 1477
2023-07-07 12:52:52.029 worker_log:602 7400 MainThread [INFO]  Completed executor task 1477
2023-07-07 12:52:52.030 worker_log:613 7400 MainThread [INFO]  All processing finished for executor task 1477
2023-07-07 12:52:52.041 worker_log:584 7400 MainThread [INFO]  Received executor task 1499
2023-07-07 12:53:40.435 worker_log:602 7400 MainThread [INFO]  Completed executor task 1499
2023-07-07 12:53:40.435 worker_log:613 7400 MainThread [INFO]  All processing finished for executor task 1499
2023-07-07 12:53:40.448 worker_log:584 7400 MainThread [INFO]  Received executor task 1528
2023-07-07 12:53:59.110 worker_log:602 7400 MainThread [INFO]  Completed executor task 1528
2023-07-07 12:53:59.111 worker_log:613 7400 MainThread [INFO]  All processing finished for executor task 1528
2023-07-07 12:53:59.122 worker_log:584 7400 MainThread [INFO]  Received executor task 1537
2023-07-07 12:54:23.211 worker_log:602 7400 MainThread [INFO]  Completed executor task 1537
2023-07-07 12:54:23.212 worker_log:613 7400 MainThread [INFO]  All processing finished for executor task 1537
2023-07-07 12:54:23.224 worker_log:584 7400 MainThread [INFO]  Received executor task 1550
2023-07-07 12:54:58.276 worker_log:602 7400 MainThread [INFO]  Completed executor task 1550
2023-07-07 12:54:58.277 worker_log:613 7400 MainThread [INFO]  All processing finished for executor task 1550
2023-07-07 12:54:58.288 worker_log:584 7400 MainThread [INFO]  Received executor task 1571
2023-07-07 12:55:38.423 worker_log:602 7400 MainThread [INFO]  Completed executor task 1571
2023-07-07 12:55:38.424 worker_log:613 7400 MainThread [INFO]  All processing finished for executor task 1571
2023-07-07 12:55:38.435 worker_log:584 7400 MainThread [INFO]  Received executor task 1592
2023-07-07 12:56:02.014 worker_log:602 7400 MainThread [INFO]  Completed executor task 1592
2023-07-07 12:56:02.014 worker_log:613 7400 MainThread [INFO]  All processing finished for executor task 1592
2023-07-07 12:56:02.025 worker_log:584 7400 MainThread [INFO]  Received executor task 1605
2023-07-07 12:56:14.437 worker_log:602 7400 MainThread [INFO]  Completed executor task 1605
2023-07-07 12:56:14.438 worker_log:613 7400 MainThread [INFO]  All processing finished for executor task 1605
2023-07-07 12:56:14.449 worker_log:584 7400 MainThread [INFO]  Received executor task 1614
2023-07-07 12:56:45.211 worker_log:602 7400 MainThread [INFO]  Completed executor task 1614
2023-07-07 12:56:45.211 worker_log:613 7400 MainThread [INFO]  All processing finished for executor task 1614
2023-07-07 12:56:45.223 worker_log:584 7400 MainThread [INFO]  Received executor task 1635
2023-07-07 12:57:03.597 worker_log:602 7400 MainThread [INFO]  Completed executor task 1635
2023-07-07 12:57:03.598 worker_log:613 7400 MainThread [INFO]  All processing finished for executor task 1635
2023-07-07 12:57:03.609 worker_log:584 7400 MainThread [INFO]  Received executor task 1642
2023-07-07 12:57:17.377 worker_log:602 7400 MainThread [INFO]  Completed executor task 1642
2023-07-07 12:57:17.378 worker_log:613 7400 MainThread [INFO]  All processing finished for executor task 1642
2023-07-07 12:57:17.389 worker_log:584 7400 MainThread [INFO]  Received executor task 1649
2023-07-07 12:57:23.225 worker_log:602 7400 MainThread [INFO]  Completed executor task 1649
2023-07-07 12:57:23.226 worker_log:613 7400 MainThread [INFO]  All processing finished for executor task 1649
2023-07-07 12:57:23.237 worker_log:584 7400 MainThread [INFO]  Received executor task 1656
2023-07-07 12:58:17.706 worker_log:602 7400 MainThread [INFO]  Completed executor task 1656
2023-07-07 12:58:17.706 worker_log:613 7400 MainThread [INFO]  All processing finished for executor task 1656
2023-07-07 12:58:17.718 worker_log:584 7400 MainThread [INFO]  Received executor task 1681
2023-07-07 12:58:43.051 worker_log:602 7400 MainThread [INFO]  Completed executor task 1681
2023-07-07 12:58:43.051 worker_log:613 7400 MainThread [INFO]  All processing finished for executor task 1681
2023-07-07 12:58:43.062 worker_log:584 7400 MainThread [INFO]  Received executor task 1693
2023-07-07 12:59:03.752 worker_log:602 7400 MainThread [INFO]  Completed executor task 1693
2023-07-07 12:59:03.752 worker_log:613 7400 MainThread [INFO]  All processing finished for executor task 1693
2023-07-07 12:59:03.764 worker_log:584 7400 MainThread [INFO]  Received executor task 1702
2023-07-07 12:59:09.286 worker_log:602 7400 MainThread [INFO]  Completed executor task 1702
2023-07-07 12:59:09.286 worker_log:613 7400 MainThread [INFO]  All processing finished for executor task 1702
2023-07-07 12:59:09.298 worker_log:584 7400 MainThread [INFO]  Received executor task 1705
2023-07-07 12:59:21.965 worker_log:602 7400 MainThread [INFO]  Completed executor task 1705
2023-07-07 12:59:21.965 worker_log:613 7400 MainThread [INFO]  All processing finished for executor task 1705
2023-07-07 12:59:21.976 worker_log:584 7400 MainThread [INFO]  Received executor task 1717
2023-07-07 12:59:36.034 worker_log:602 7400 MainThread [INFO]  Completed executor task 1717
2023-07-07 12:59:36.034 worker_log:613 7400 MainThread [INFO]  All processing finished for executor task 1717
2023-07-07 12:59:36.052 worker_log:584 7400 MainThread [INFO]  Received executor task 1735
2023-07-07 12:59:50.638 worker_log:602 7400 MainThread [INFO]  Completed executor task 1735
2023-07-07 12:59:50.638 worker_log:613 7400 MainThread [INFO]  All processing finished for executor task 1735
2023-07-07 12:59:50.649 worker_log:584 7400 MainThread [INFO]  Received executor task 1744
2023-07-07 13:00:04.766 worker_log:602 7400 MainThread [INFO]  Completed executor task 1744
2023-07-07 13:00:04.766 worker_log:613 7400 MainThread [INFO]  All processing finished for executor task 1744
2023-07-07 13:00:04.776 worker_log:584 7400 MainThread [INFO]  Received executor task 1758
2023-07-07 13:00:24.898 worker_log:602 7400 MainThread [INFO]  Completed executor task 1758
2023-07-07 13:00:24.899 worker_log:613 7400 MainThread [INFO]  All processing finished for executor task 1758
2023-07-07 13:00:24.912 worker_log:584 7400 MainThread [INFO]  Received executor task 1771
2023-07-07 13:01:47.101 worker_log:602 7400 MainThread [INFO]  Completed executor task 1771
2023-07-07 13:01:47.101 worker_log:613 7400 MainThread [INFO]  All processing finished for executor task 1771
2023-07-07 13:01:47.112 worker_log:584 7400 MainThread [INFO]  Received executor task 1810
2023-07-07 13:02:26.987 worker_log:602 7400 MainThread [INFO]  Completed executor task 1810
2023-07-07 13:02:26.987 worker_log:613 7400 MainThread [INFO]  All processing finished for executor task 1810
2023-07-07 13:02:26.998 worker_log:584 7400 MainThread [INFO]  Received executor task 1822
2023-07-07 13:02:49.211 worker_log:602 7400 MainThread [INFO]  Completed executor task 1822
2023-07-07 13:02:49.211 worker_log:613 7400 MainThread [INFO]  All processing finished for executor task 1822
2023-07-07 13:02:49.222 worker_log:584 7400 MainThread [INFO]  Received executor task 1830
2023-07-07 13:02:56.676 worker_log:602 7400 MainThread [INFO]  Completed executor task 1830
2023-07-07 13:02:56.676 worker_log:613 7400 MainThread [INFO]  All processing finished for executor task 1830
2023-07-07 13:02:56.688 worker_log:584 7400 MainThread [INFO]  Received executor task 1837
2023-07-07 13:03:15.252 worker_log:602 7400 MainThread [INFO]  Completed executor task 1837
2023-07-07 13:03:15.252 worker_log:613 7400 MainThread [INFO]  All processing finished for executor task 1837
2023-07-07 13:03:15.263 worker_log:584 7400 MainThread [INFO]  Received executor task 1846
2023-07-07 13:04:14.384 worker_log:602 7400 MainThread [INFO]  Completed executor task 1846
2023-07-07 13:04:14.384 worker_log:613 7400 MainThread [INFO]  All processing finished for executor task 1846
2023-07-07 13:04:14.395 worker_log:584 7400 MainThread [INFO]  Received executor task 1874
2023-07-07 13:04:30.828 worker_log:602 7400 MainThread [INFO]  Completed executor task 1874
2023-07-07 13:04:30.828 worker_log:613 7400 MainThread [INFO]  All processing finished for executor task 1874
2023-07-07 13:04:30.839 worker_log:584 7400 MainThread [INFO]  Received executor task 1879
2023-07-07 13:04:52.209 worker_log:602 7400 MainThread [INFO]  Completed executor task 1879
2023-07-07 13:04:52.210 worker_log:613 7400 MainThread [INFO]  All processing finished for executor task 1879
2023-07-07 13:04:52.221 worker_log:584 7400 MainThread [INFO]  Received executor task 1894
2023-07-07 13:05:12.717 worker_log:602 7400 MainThread [INFO]  Completed executor task 1894
2023-07-07 13:05:12.728 worker_log:613 7400 MainThread [INFO]  All processing finished for executor task 1894
2023-07-07 13:05:12.729 worker_log:584 7400 MainThread [INFO]  Received executor task 1904
2023-07-07 13:05:27.073 worker_log:602 7400 MainThread [INFO]  Completed executor task 1904
2023-07-07 13:05:27.073 worker_log:613 7400 MainThread [INFO]  All processing finished for executor task 1904
2023-07-07 13:05:27.084 worker_log:584 7400 MainThread [INFO]  Received executor task 1915
2023-07-07 13:06:00.053 worker_log:602 7400 MainThread [INFO]  Completed executor task 1915
2023-07-07 13:06:00.053 worker_log:613 7400 MainThread [INFO]  All processing finished for executor task 1915
2023-07-07 13:06:00.064 worker_log:584 7400 MainThread [INFO]  Received executor task 1928
2023-07-07 13:06:30.487 worker_log:602 7400 MainThread [INFO]  Completed executor task 1928
2023-07-07 13:06:30.488 worker_log:613 7400 MainThread [INFO]  All processing finished for executor task 1928
2023-07-07 13:06:30.499 worker_log:584 7400 MainThread [INFO]  Received executor task 1944
2023-07-07 13:06:40.673 worker_log:602 7400 MainThread [INFO]  Completed executor task 1944
2023-07-07 13:06:40.674 worker_log:613 7400 MainThread [INFO]  All processing finished for executor task 1944
2023-07-07 13:06:40.685 worker_log:584 7400 MainThread [INFO]  Received executor task 1949
2023-07-07 13:07:25.761 worker_log:602 7400 MainThread [INFO]  Completed executor task 1949
2023-07-07 13:07:25.762 worker_log:613 7400 MainThread [INFO]  All processing finished for executor task 1949
2023-07-07 13:07:25.782 worker_log:584 7400 MainThread [INFO]  Received executor task 1972
2023-07-07 13:08:02.657 worker_log:602 7400 MainThread [INFO]  Completed executor task 1972
2023-07-07 13:08:02.659 worker_log:613 7400 MainThread [INFO]  All processing finished for executor task 1972
2023-07-07 13:08:02.670 worker_log:584 7400 MainThread [INFO]  Received executor task 1986
2023-07-07 13:08:20.884 worker_log:602 7400 MainThread [INFO]  Completed executor task 1986
2023-07-07 13:08:20.884 worker_log:613 7400 MainThread [INFO]  All processing finished for executor task 1986
2023-07-07 13:08:20.896 worker_log:584 7400 MainThread [INFO]  Received executor task 1997
2023-07-07 13:08:43.716 worker_log:602 7400 MainThread [INFO]  Completed executor task 1997
2023-07-07 13:08:43.717 worker_log:613 7400 MainThread [INFO]  All processing finished for executor task 1997
2023-07-07 13:08:43.728 worker_log:584 7400 MainThread [INFO]  Received executor task 2007
2023-07-07 13:09:13.599 worker_log:602 7400 MainThread [INFO]  Completed executor task 2007
2023-07-07 13:09:13.601 worker_log:613 7400 MainThread [INFO]  All processing finished for executor task 2007
2023-07-07 13:09:13.611 worker_log:584 7400 MainThread [INFO]  Received executor task 2023
2023-07-07 13:09:41.478 worker_log:602 7400 MainThread [INFO]  Completed executor task 2023
2023-07-07 13:09:41.478 worker_log:613 7400 MainThread [INFO]  All processing finished for executor task 2023
2023-07-07 13:09:41.493 worker_log:584 7400 MainThread [INFO]  Received executor task 2040
2023-07-07 13:10:15.056 worker_log:602 7400 MainThread [INFO]  Completed executor task 2040
2023-07-07 13:10:15.056 worker_log:613 7400 MainThread [INFO]  All processing finished for executor task 2040
2023-07-07 13:10:15.069 worker_log:584 7400 MainThread [INFO]  Received executor task 2057
2023-07-07 13:10:56.778 worker_log:602 7400 MainThread [INFO]  Completed executor task 2057
2023-07-07 13:10:56.779 worker_log:613 7400 MainThread [INFO]  All processing finished for executor task 2057
2023-07-07 13:10:56.790 worker_log:584 7400 MainThread [INFO]  Received executor task 2070
2023-07-07 13:11:25.330 worker_log:602 7400 MainThread [INFO]  Completed executor task 2070
2023-07-07 13:11:25.331 worker_log:613 7400 MainThread [INFO]  All processing finished for executor task 2070
2023-07-07 13:11:25.342 worker_log:584 7400 MainThread [INFO]  Received executor task 2085
2023-07-07 13:12:04.076 worker_log:602 7400 MainThread [INFO]  Completed executor task 2085
2023-07-07 13:12:04.076 worker_log:613 7400 MainThread [INFO]  All processing finished for executor task 2085
2023-07-07 13:12:04.087 worker_log:584 7400 MainThread [INFO]  Received executor task 2104
2023-07-07 13:12:45.417 worker_log:602 7400 MainThread [INFO]  Completed executor task 2104
2023-07-07 13:12:45.417 worker_log:613 7400 MainThread [INFO]  All processing finished for executor task 2104
2023-07-07 13:12:45.429 worker_log:584 7400 MainThread [INFO]  Received executor task 2126
2023-07-07 13:13:27.476 worker_log:602 7400 MainThread [INFO]  Completed executor task 2126
2023-07-07 13:13:27.476 worker_log:613 7400 MainThread [INFO]  All processing finished for executor task 2126
2023-07-07 13:13:27.487 worker_log:584 7400 MainThread [INFO]  Received executor task 2146
2023-07-07 13:13:48.663 worker_log:602 7400 MainThread [INFO]  Completed executor task 2146
2023-07-07 13:13:48.664 worker_log:613 7400 MainThread [INFO]  All processing finished for executor task 2146
2023-07-07 13:13:48.676 worker_log:584 7400 MainThread [INFO]  Received executor task 2160
2023-07-07 13:14:20.033 worker_log:602 7400 MainThread [INFO]  Completed executor task 2160
2023-07-07 13:14:20.033 worker_log:613 7400 MainThread [INFO]  All processing finished for executor task 2160
2023-07-07 13:14:20.045 worker_log:584 7400 MainThread [INFO]  Received executor task 2178
2023-07-07 13:14:59.853 worker_log:602 7400 MainThread [INFO]  Completed executor task 2178
2023-07-07 13:14:59.865 worker_log:613 7400 MainThread [INFO]  All processing finished for executor task 2178
2023-07-07 13:14:59.865 worker_log:584 7400 MainThread [INFO]  Received executor task 2202
2023-07-07 13:15:48.264 worker_log:602 7400 MainThread [INFO]  Completed executor task 2202
2023-07-07 13:15:48.265 worker_log:613 7400 MainThread [INFO]  All processing finished for executor task 2202
2023-07-07 13:15:48.276 worker_log:584 7400 MainThread [INFO]  Received executor task 2219
2023-07-07 13:16:24.746 worker_log:602 7400 MainThread [INFO]  Completed executor task 2219
2023-07-07 13:16:24.747 worker_log:613 7400 MainThread [INFO]  All processing finished for executor task 2219
2023-07-07 13:16:24.758 worker_log:584 7400 MainThread [INFO]  Received executor task 2236
2023-07-07 13:16:49.983 worker_log:602 7400 MainThread [INFO]  Completed executor task 2236
2023-07-07 13:16:49.983 worker_log:613 7400 MainThread [INFO]  All processing finished for executor task 2236
2023-07-07 13:16:49.994 worker_log:584 7400 MainThread [INFO]  Received executor task 2250
2023-07-07 13:17:36.006 worker_log:602 7400 MainThread [INFO]  Completed executor task 2250
2023-07-07 13:17:36.007 worker_log:613 7400 MainThread [INFO]  All processing finished for executor task 2250
2023-07-07 13:17:36.018 worker_log:584 7400 MainThread [INFO]  Received executor task 2272
2023-07-07 13:18:13.711 worker_log:602 7400 MainThread [INFO]  Completed executor task 2272
2023-07-07 13:18:13.712 worker_log:613 7400 MainThread [INFO]  All processing finished for executor task 2272
2023-07-07 13:18:13.723 worker_log:584 7400 MainThread [INFO]  Received executor task 2288
2023-07-07 13:18:36.105 worker_log:602 7400 MainThread [INFO]  Completed executor task 2288
2023-07-07 13:18:36.106 worker_log:613 7400 MainThread [INFO]  All processing finished for executor task 2288
2023-07-07 13:18:36.117 worker_log:584 7400 MainThread [INFO]  Received executor task 2295
2023-07-07 13:19:14.547 worker_log:602 7400 MainThread [INFO]  Completed executor task 2295
2023-07-07 13:19:14.547 worker_log:613 7400 MainThread [INFO]  All processing finished for executor task 2295
2023-07-07 13:19:14.559 worker_log:584 7400 MainThread [INFO]  Received executor task 2315
2023-07-07 13:19:39.271 worker_log:602 7400 MainThread [INFO]  Completed executor task 2315
2023-07-07 13:19:39.271 worker_log:613 7400 MainThread [INFO]  All processing finished for executor task 2315
2023-07-07 13:19:39.282 worker_log:584 7400 MainThread [INFO]  Received executor task 2325
2023-07-07 13:20:02.969 worker_log:602 7400 MainThread [INFO]  Completed executor task 2325
2023-07-07 13:20:02.970 worker_log:613 7400 MainThread [INFO]  All processing finished for executor task 2325
2023-07-07 13:20:02.981 worker_log:584 7400 MainThread [INFO]  Received executor task 2338
2023-07-07 13:21:01.319 worker_log:602 7400 MainThread [INFO]  Completed executor task 2338
2023-07-07 13:21:01.319 worker_log:613 7400 MainThread [INFO]  All processing finished for executor task 2338
2023-07-07 13:21:01.330 worker_log:584 7400 MainThread [INFO]  Received executor task 2365
2023-07-07 13:21:17.180 worker_log:602 7400 MainThread [INFO]  Completed executor task 2365
2023-07-07 13:21:17.180 worker_log:613 7400 MainThread [INFO]  All processing finished for executor task 2365
2023-07-07 13:21:17.191 worker_log:584 7400 MainThread [INFO]  Received executor task 2375
2023-07-07 13:21:57.853 worker_log:602 7400 MainThread [INFO]  Completed executor task 2375
2023-07-07 13:21:57.853 worker_log:613 7400 MainThread [INFO]  All processing finished for executor task 2375
2023-07-07 13:21:57.865 worker_log:584 7400 MainThread [INFO]  Received executor task 2394
2023-07-07 13:22:25.599 worker_log:602 7400 MainThread [INFO]  Completed executor task 2394
2023-07-07 13:22:25.599 worker_log:613 7400 MainThread [INFO]  All processing finished for executor task 2394
2023-07-07 13:22:25.610 worker_log:584 7400 MainThread [INFO]  Received executor task 2411
2023-07-07 13:22:45.295 worker_log:602 7400 MainThread [INFO]  Completed executor task 2411
2023-07-07 13:22:45.295 worker_log:613 7400 MainThread [INFO]  All processing finished for executor task 2411
2023-07-07 13:22:45.306 worker_log:584 7400 MainThread [INFO]  Received executor task 2425
2023-07-07 13:23:06.982 worker_log:602 7400 MainThread [INFO]  Completed executor task 2425
2023-07-07 13:23:06.982 worker_log:613 7400 MainThread [INFO]  All processing finished for executor task 2425
2023-07-07 13:23:06.994 worker_log:584 7400 MainThread [INFO]  Received executor task 2440
2023-07-07 13:23:34.219 worker_log:602 7400 MainThread [INFO]  Completed executor task 2440
2023-07-07 13:23:34.219 worker_log:613 7400 MainThread [INFO]  All processing finished for executor task 2440
2023-07-07 13:23:34.231 worker_log:584 7400 MainThread [INFO]  Received executor task 2462
2023-07-07 13:24:19.953 worker_log:602 7400 MainThread [INFO]  Completed executor task 2462
2023-07-07 13:24:19.954 worker_log:613 7400 MainThread [INFO]  All processing finished for executor task 2462
2023-07-07 13:24:19.965 worker_log:584 7400 MainThread [INFO]  Received executor task 2483
2023-07-07 13:25:09.939 worker_log:602 7400 MainThread [INFO]  Completed executor task 2483
2023-07-07 13:25:09.940 worker_log:613 7400 MainThread [INFO]  All processing finished for executor task 2483
2023-07-07 13:25:09.951 worker_log:584 7400 MainThread [INFO]  Received executor task 2504
2023-07-07 13:25:36.409 worker_log:602 7400 MainThread [INFO]  Completed executor task 2504
2023-07-07 13:25:36.410 worker_log:613 7400 MainThread [INFO]  All processing finished for executor task 2504
2023-07-07 13:25:36.421 worker_log:584 7400 MainThread [INFO]  Received executor task 2518
2023-07-07 13:26:18.018 worker_log:602 7400 MainThread [INFO]  Completed executor task 2518
2023-07-07 13:26:18.019 worker_log:613 7400 MainThread [INFO]  All processing finished for executor task 2518
2023-07-07 13:26:18.030 worker_log:584 7400 MainThread [INFO]  Received executor task 2538
2023-07-07 13:26:46.672 worker_log:602 7400 MainThread [INFO]  Completed executor task 2538
2023-07-07 13:26:46.672 worker_log:613 7400 MainThread [INFO]  All processing finished for executor task 2538
2023-07-07 13:26:46.683 worker_log:584 7400 MainThread [INFO]  Received executor task 2548
2023-07-07 13:27:11.686 worker_log:602 7400 MainThread [INFO]  Completed executor task 2548
2023-07-07 13:27:11.687 worker_log:613 7400 MainThread [INFO]  All processing finished for executor task 2548
2023-07-07 13:27:11.698 worker_log:584 7400 MainThread [INFO]  Received executor task 2562
2023-07-07 13:27:22.621 worker_log:602 7400 MainThread [INFO]  Completed executor task 2562
2023-07-07 13:27:22.621 worker_log:613 7400 MainThread [INFO]  All processing finished for executor task 2562
2023-07-07 13:27:22.633 worker_log:584 7400 MainThread [INFO]  Received executor task 2569
2023-07-07 13:27:33.772 worker_log:602 7400 MainThread [INFO]  Completed executor task 2569
2023-07-07 13:27:33.772 worker_log:613 7400 MainThread [INFO]  All processing finished for executor task 2569
2023-07-07 13:27:33.783 worker_log:584 7400 MainThread [INFO]  Received executor task 2574
2023-07-07 13:28:27.414 worker_log:602 7400 MainThread [INFO]  Completed executor task 2574
2023-07-07 13:28:27.414 worker_log:613 7400 MainThread [INFO]  All processing finished for executor task 2574
2023-07-07 13:28:27.416 worker_log:584 7400 MainThread [INFO]  Received executor task 2601
2023-07-07 13:29:02.438 worker_log:602 7400 MainThread [INFO]  Completed executor task 2601
2023-07-07 13:29:02.438 worker_log:613 7400 MainThread [INFO]  All processing finished for executor task 2601
2023-07-07 13:29:02.459 worker_log:584 7400 MainThread [INFO]  Received executor task 2617
2023-07-07 13:29:29.647 worker_log:602 7400 MainThread [INFO]  Completed executor task 2617
2023-07-07 13:29:29.648 worker_log:613 7400 MainThread [INFO]  All processing finished for executor task 2617
2023-07-07 13:29:29.659 worker_log:584 7400 MainThread [INFO]  Received executor task 2627
2023-07-07 13:30:07.779 worker_log:602 7400 MainThread [INFO]  Completed executor task 2627
2023-07-07 13:30:07.779 worker_log:613 7400 MainThread [INFO]  All processing finished for executor task 2627
2023-07-07 13:30:07.790 worker_log:584 7400 MainThread [INFO]  Received executor task 2643
2023-07-07 13:30:36.933 worker_log:602 7400 MainThread [INFO]  Completed executor task 2643
2023-07-07 13:30:36.934 worker_log:613 7400 MainThread [INFO]  All processing finished for executor task 2643
2023-07-07 13:30:36.946 worker_log:584 7400 MainThread [INFO]  Received executor task 2654
2023-07-07 13:31:15.769 worker_log:602 7400 MainThread [INFO]  Completed executor task 2654
2023-07-07 13:31:15.770 worker_log:613 7400 MainThread [INFO]  All processing finished for executor task 2654
2023-07-07 13:31:15.781 worker_log:584 7400 MainThread [INFO]  Received executor task 2676
2023-07-07 13:32:04.052 worker_log:602 7400 MainThread [INFO]  Completed executor task 2676
2023-07-07 13:32:04.053 worker_log:613 7400 MainThread [INFO]  All processing finished for executor task 2676
2023-07-07 13:32:04.064 worker_log:584 7400 MainThread [INFO]  Received executor task 2700
2023-07-07 13:32:28.966 worker_log:602 7400 MainThread [INFO]  Completed executor task 2700
2023-07-07 13:32:28.967 worker_log:613 7400 MainThread [INFO]  All processing finished for executor task 2700
2023-07-07 13:32:28.989 worker_log:584 7400 MainThread [INFO]  Received executor task 2707
2023-07-07 13:33:06.129 worker_log:602 7400 MainThread [INFO]  Completed executor task 2707
2023-07-07 13:33:06.130 worker_log:613 7400 MainThread [INFO]  All processing finished for executor task 2707
2023-07-07 13:33:06.141 worker_log:584 7400 MainThread [INFO]  Received executor task 2731
2023-07-07 13:33:44.165 worker_log:602 7400 MainThread [INFO]  Completed executor task 2731
2023-07-07 13:33:44.165 worker_log:613 7400 MainThread [INFO]  All processing finished for executor task 2731
2023-07-07 13:33:44.177 worker_log:584 7400 MainThread [INFO]  Received executor task 2751
2023-07-07 13:34:24.400 worker_log:602 7400 MainThread [INFO]  Completed executor task 2751
2023-07-07 13:34:24.400 worker_log:613 7400 MainThread [INFO]  All processing finished for executor task 2751
2023-07-07 13:34:24.411 worker_log:584 7400 MainThread [INFO]  Received executor task 2777
2023-07-07 13:35:16.110 worker_log:602 7400 MainThread [INFO]  Completed executor task 2777
2023-07-07 13:35:16.111 worker_log:613 7400 MainThread [INFO]  All processing finished for executor task 2777
2023-07-07 13:35:16.122 worker_log:584 7400 MainThread [INFO]  Received executor task 2797
2023-07-07 13:35:46.941 worker_log:602 7400 MainThread [INFO]  Completed executor task 2797
2023-07-07 13:35:46.942 worker_log:613 7400 MainThread [INFO]  All processing finished for executor task 2797
2023-07-07 13:35:46.953 worker_log:584 7400 MainThread [INFO]  Received executor task 2814
2023-07-07 13:37:02.429 worker_log:602 7400 MainThread [INFO]  Completed executor task 2814
2023-07-07 13:37:02.430 worker_log:613 7400 MainThread [INFO]  All processing finished for executor task 2814
2023-07-07 13:37:02.441 worker_log:584 7400 MainThread [INFO]  Received executor task 2854
2023-07-07 13:37:17.714 worker_log:602 7400 MainThread [INFO]  Completed executor task 2854
2023-07-07 13:37:17.715 worker_log:613 7400 MainThread [INFO]  All processing finished for executor task 2854
2023-07-07 13:37:17.726 worker_log:584 7400 MainThread [INFO]  Received executor task 2860
2023-07-07 13:37:48.039 worker_log:602 7400 MainThread [INFO]  Completed executor task 2860
2023-07-07 13:37:48.040 worker_log:613 7400 MainThread [INFO]  All processing finished for executor task 2860
2023-07-07 13:37:48.041 worker_log:584 7400 MainThread [INFO]  Received executor task 2880
2023-07-07 13:38:21.220 worker_log:602 7400 MainThread [INFO]  Completed executor task 2880
2023-07-07 13:38:21.220 worker_log:613 7400 MainThread [INFO]  All processing finished for executor task 2880
2023-07-07 13:38:21.232 worker_log:584 7400 MainThread [INFO]  Received executor task 2901
2023-07-07 13:38:42.154 worker_log:602 7400 MainThread [INFO]  Completed executor task 2901
2023-07-07 13:38:42.154 worker_log:613 7400 MainThread [INFO]  All processing finished for executor task 2901
2023-07-07 13:38:42.165 worker_log:584 7400 MainThread [INFO]  Received executor task 2917
2023-07-07 13:39:15.078 worker_log:602 7400 MainThread [INFO]  Completed executor task 2917
2023-07-07 13:39:15.078 worker_log:613 7400 MainThread [INFO]  All processing finished for executor task 2917
2023-07-07 13:39:15.089 worker_log:584 7400 MainThread [INFO]  Received executor task 2937
2023-07-07 13:39:37.207 worker_log:602 7400 MainThread [INFO]  Completed executor task 2937
2023-07-07 13:39:37.207 worker_log:613 7400 MainThread [INFO]  All processing finished for executor task 2937
2023-07-07 13:39:37.218 worker_log:584 7400 MainThread [INFO]  Received executor task 2944
2023-07-07 13:40:04.063 worker_log:602 7400 MainThread [INFO]  Completed executor task 2944
2023-07-07 13:40:04.064 worker_log:613 7400 MainThread [INFO]  All processing finished for executor task 2944
2023-07-07 13:40:04.076 worker_log:584 7400 MainThread [INFO]  Received executor task 2958
2023-07-07 13:40:32.746 worker_log:602 7400 MainThread [INFO]  Completed executor task 2958
2023-07-07 13:40:32.746 worker_log:613 7400 MainThread [INFO]  All processing finished for executor task 2958
2023-07-07 13:40:32.758 worker_log:584 7400 MainThread [INFO]  Received executor task 2974
2023-07-07 13:40:58.150 worker_log:602 7400 MainThread [INFO]  Completed executor task 2974
2023-07-07 13:40:58.151 worker_log:613 7400 MainThread [INFO]  All processing finished for executor task 2974
2023-07-07 13:40:58.162 worker_log:584 7400 MainThread [INFO]  Received executor task 2993
2023-07-07 13:41:14.683 worker_log:602 7400 MainThread [INFO]  Completed executor task 2993
2023-07-07 13:41:14.684 worker_log:613 7400 MainThread [INFO]  All processing finished for executor task 2993
2023-07-07 13:41:14.695 worker_log:584 7400 MainThread [INFO]  Received executor task 3000
2023-07-07 13:41:53.633 worker_log:602 7400 MainThread [INFO]  Completed executor task 3000
2023-07-07 13:41:53.634 worker_log:613 7400 MainThread [INFO]  All processing finished for executor task 3000
2023-07-07 13:41:53.645 worker_log:584 7400 MainThread [INFO]  Received executor task 3019
2023-07-07 13:42:38.342 worker_log:602 7400 MainThread [INFO]  Completed executor task 3019
2023-07-07 13:42:38.343 worker_log:613 7400 MainThread [INFO]  All processing finished for executor task 3019
2023-07-07 13:42:38.354 worker_log:584 7400 MainThread [INFO]  Received executor task 3039
2023-07-07 13:42:50.564 worker_log:602 7400 MainThread [INFO]  Completed executor task 3039
2023-07-07 13:42:50.564 worker_log:613 7400 MainThread [INFO]  All processing finished for executor task 3039
2023-07-07 13:42:50.576 worker_log:584 7400 MainThread [INFO]  Received executor task 3044
2023-07-07 13:42:59.743 worker_log:602 7400 MainThread [INFO]  Completed executor task 3044
2023-07-07 13:42:59.743 worker_log:613 7400 MainThread [INFO]  All processing finished for executor task 3044
2023-07-07 13:42:59.754 worker_log:584 7400 MainThread [INFO]  Received executor task 3050
2023-07-07 13:43:46.244 worker_log:602 7400 MainThread [INFO]  Completed executor task 3050
2023-07-07 13:43:46.245 worker_log:613 7400 MainThread [INFO]  All processing finished for executor task 3050
2023-07-07 13:43:46.257 worker_log:584 7400 MainThread [INFO]  Received executor task 3073
2023-07-07 13:44:12.030 worker_log:602 7400 MainThread [INFO]  Completed executor task 3073
2023-07-07 13:44:12.030 worker_log:613 7400 MainThread [INFO]  All processing finished for executor task 3073
2023-07-07 13:44:12.041 worker_log:584 7400 MainThread [INFO]  Received executor task 3083
2023-07-07 13:44:24.437 worker_log:602 7400 MainThread [INFO]  Completed executor task 3083
2023-07-07 13:44:24.437 worker_log:613 7400 MainThread [INFO]  All processing finished for executor task 3083
2023-07-07 13:44:24.448 worker_log:584 7400 MainThread [INFO]  Received executor task 3089
2023-07-07 13:44:37.824 worker_log:602 7400 MainThread [INFO]  Completed executor task 3089
2023-07-07 13:44:37.824 worker_log:613 7400 MainThread [INFO]  All processing finished for executor task 3089
2023-07-07 13:44:37.836 worker_log:584 7400 MainThread [INFO]  Received executor task 3095
2023-07-07 13:45:13.736 worker_log:602 7400 MainThread [INFO]  Completed executor task 3095
2023-07-07 13:45:13.736 worker_log:613 7400 MainThread [INFO]  All processing finished for executor task 3095
2023-07-07 13:45:13.747 worker_log:584 7400 MainThread [INFO]  Received executor task 3120
2023-07-07 13:45:32.153 worker_log:602 7400 MainThread [INFO]  Completed executor task 3120
2023-07-07 13:45:32.153 worker_log:613 7400 MainThread [INFO]  All processing finished for executor task 3120
2023-07-07 13:45:32.164 worker_log:584 7400 MainThread [INFO]  Received executor task 3129
2023-07-07 13:46:02.440 worker_log:602 7400 MainThread [INFO]  Completed executor task 3129
2023-07-07 13:46:02.441 worker_log:613 7400 MainThread [INFO]  All processing finished for executor task 3129
2023-07-07 13:46:02.452 worker_log:584 7400 MainThread [INFO]  Received executor task 3146
2023-07-07 13:46:48.368 worker_log:602 7400 MainThread [INFO]  Completed executor task 3146
2023-07-07 13:46:48.369 worker_log:613 7400 MainThread [INFO]  All processing finished for executor task 3146
2023-07-07 13:46:48.380 worker_log:584 7400 MainThread [INFO]  Received executor task 3168
2023-07-07 13:47:17.459 worker_log:602 7400 MainThread [INFO]  Completed executor task 3168
2023-07-07 13:47:17.459 worker_log:613 7400 MainThread [INFO]  All processing finished for executor task 3168
2023-07-07 13:47:17.471 worker_log:584 7400 MainThread [INFO]  Received executor task 3180
2023-07-07 13:48:05.999 worker_log:602 7400 MainThread [INFO]  Completed executor task 3180
2023-07-07 13:48:05.999 worker_log:613 7400 MainThread [INFO]  All processing finished for executor task 3180
2023-07-07 13:48:06.010 worker_log:584 7400 MainThread [INFO]  Received executor task 3205
2023-07-07 13:48:17.510 worker_log:602 7400 MainThread [INFO]  Completed executor task 3205
2023-07-07 13:48:17.511 worker_log:613 7400 MainThread [INFO]  All processing finished for executor task 3205
2023-07-07 13:48:17.522 worker_log:584 7400 MainThread [INFO]  Received executor task 3211
2023-07-07 13:48:58.104 worker_log:602 7400 MainThread [INFO]  Completed executor task 3211
2023-07-07 13:48:58.104 worker_log:613 7400 MainThread [INFO]  All processing finished for executor task 3211
2023-07-07 13:48:58.116 worker_log:584 7400 MainThread [INFO]  Received executor task 3236
2023-07-07 13:49:20.774 worker_log:602 7400 MainThread [INFO]  Completed executor task 3236
2023-07-07 13:49:20.787 worker_log:613 7400 MainThread [INFO]  All processing finished for executor task 3236
2023-07-07 13:49:20.787 worker_log:584 7400 MainThread [INFO]  Received executor task 3249
2023-07-07 13:49:31.369 worker_log:602 7400 MainThread [INFO]  Completed executor task 3249
2023-07-07 13:49:31.369 worker_log:613 7400 MainThread [INFO]  All processing finished for executor task 3249
2023-07-07 13:49:31.380 worker_log:584 7400 MainThread [INFO]  Received executor task 3252
2023-07-07 13:50:07.929 worker_log:602 7400 MainThread [INFO]  Completed executor task 3252
2023-07-07 13:50:07.929 worker_log:613 7400 MainThread [INFO]  All processing finished for executor task 3252
2023-07-07 13:50:07.941 worker_log:584 7400 MainThread [INFO]  Received executor task 3271
2023-07-07 13:50:28.398 worker_log:602 7400 MainThread [INFO]  Completed executor task 3271
2023-07-07 13:50:28.398 worker_log:613 7400 MainThread [INFO]  All processing finished for executor task 3271
2023-07-07 13:50:28.409 worker_log:584 7400 MainThread [INFO]  Received executor task 3286
2023-07-07 13:51:10.403 worker_log:602 7400 MainThread [INFO]  Completed executor task 3286
2023-07-07 13:51:10.404 worker_log:613 7400 MainThread [INFO]  All processing finished for executor task 3286
2023-07-07 13:51:10.415 worker_log:584 7400 MainThread [INFO]  Received executor task 3308
2023-07-07 13:51:22.138 worker_log:602 7400 MainThread [INFO]  Completed executor task 3308
2023-07-07 13:51:22.138 worker_log:613 7400 MainThread [INFO]  All processing finished for executor task 3308
2023-07-07 13:51:22.149 worker_log:584 7400 MainThread [INFO]  Received executor task 3315
2023-07-07 13:51:36.258 worker_log:602 7400 MainThread [INFO]  Completed executor task 3315
2023-07-07 13:51:36.259 worker_log:613 7400 MainThread [INFO]  All processing finished for executor task 3315
2023-07-07 13:51:36.270 worker_log:584 7400 MainThread [INFO]  Received executor task 3327
2023-07-07 13:52:09.533 worker_log:602 7400 MainThread [INFO]  Completed executor task 3327
2023-07-07 13:52:09.534 worker_log:613 7400 MainThread [INFO]  All processing finished for executor task 3327
2023-07-07 13:52:09.546 worker_log:584 7400 MainThread [INFO]  Received executor task 3344
2023-07-07 13:52:19.830 worker_log:602 7400 MainThread [INFO]  Completed executor task 3344
2023-07-07 13:52:19.830 worker_log:613 7400 MainThread [INFO]  All processing finished for executor task 3344
2023-07-07 13:52:19.841 worker_log:584 7400 MainThread [INFO]  Received executor task 3351
2023-07-07 13:52:47.606 worker_log:602 7400 MainThread [INFO]  Completed executor task 3351
2023-07-07 13:52:47.607 worker_log:613 7400 MainThread [INFO]  All processing finished for executor task 3351
2023-07-07 13:52:47.618 worker_log:584 7400 MainThread [INFO]  Received executor task 3365
2023-07-07 13:53:41.557 worker_log:602 7400 MainThread [INFO]  Completed executor task 3365
2023-07-07 13:53:41.557 worker_log:613 7400 MainThread [INFO]  All processing finished for executor task 3365
2023-07-07 13:53:41.568 worker_log:584 7400 MainThread [INFO]  Received executor task 3402
2023-07-07 13:54:06.883 worker_log:602 7400 MainThread [INFO]  Completed executor task 3402
2023-07-07 13:54:06.883 worker_log:613 7400 MainThread [INFO]  All processing finished for executor task 3402
2023-07-07 13:54:06.894 worker_log:584 7400 MainThread [INFO]  Received executor task 3413
2023-07-07 13:54:37.672 worker_log:602 7400 MainThread [INFO]  Completed executor task 3413
2023-07-07 13:54:37.673 worker_log:613 7400 MainThread [INFO]  All processing finished for executor task 3413
2023-07-07 13:54:37.684 worker_log:584 7400 MainThread [INFO]  Received executor task 3430
2023-07-07 13:54:57.893 worker_log:602 7400 MainThread [INFO]  Completed executor task 3430
2023-07-07 13:54:57.894 worker_log:613 7400 MainThread [INFO]  All processing finished for executor task 3430
2023-07-07 13:54:57.905 worker_log:584 7400 MainThread [INFO]  Received executor task 3442
2023-07-07 13:55:22.083 worker_log:602 7400 MainThread [INFO]  Completed executor task 3442
2023-07-07 13:55:22.083 worker_log:613 7400 MainThread [INFO]  All processing finished for executor task 3442
2023-07-07 13:55:22.094 worker_log:584 7400 MainThread [INFO]  Received executor task 3456
2023-07-07 13:55:43.907 worker_log:602 7400 MainThread [INFO]  Completed executor task 3456
2023-07-07 13:55:43.907 worker_log:613 7400 MainThread [INFO]  All processing finished for executor task 3456
2023-07-07 13:55:43.919 worker_log:584 7400 MainThread [INFO]  Received executor task 3468
2023-07-07 13:56:22.488 worker_log:602 7400 MainThread [INFO]  Completed executor task 3468
2023-07-07 13:56:22.489 worker_log:613 7400 MainThread [INFO]  All processing finished for executor task 3468
2023-07-07 13:56:22.500 worker_log:584 7400 MainThread [INFO]  Received executor task 3485
2023-07-07 13:57:22.506 worker_log:602 7400 MainThread [INFO]  Completed executor task 3485
2023-07-07 13:57:22.519 worker_log:613 7400 MainThread [INFO]  All processing finished for executor task 3485
2023-07-07 13:57:22.519 worker_log:584 7400 MainThread [INFO]  Received executor task 3507
2023-07-07 13:57:58.217 worker_log:602 7400 MainThread [INFO]  Completed executor task 3507
2023-07-07 13:57:58.217 worker_log:613 7400 MainThread [INFO]  All processing finished for executor task 3507
2023-07-07 13:57:58.228 worker_log:584 7400 MainThread [INFO]  Received executor task 3519
2023-07-07 13:58:17.701 worker_log:602 7400 MainThread [INFO]  Completed executor task 3519
2023-07-07 13:58:17.702 worker_log:613 7400 MainThread [INFO]  All processing finished for executor task 3519
2023-07-07 13:58:17.714 worker_log:584 7400 MainThread [INFO]  Received executor task 3533
2023-07-07 13:58:46.110 worker_log:602 7400 MainThread [INFO]  Completed executor task 3533
2023-07-07 13:58:46.110 worker_log:613 7400 MainThread [INFO]  All processing finished for executor task 3533
2023-07-07 13:58:46.122 worker_log:584 7400 MainThread [INFO]  Received executor task 3545
2023-07-07 13:59:07.161 worker_log:602 7400 MainThread [INFO]  Completed executor task 3545
2023-07-07 13:59:07.161 worker_log:613 7400 MainThread [INFO]  All processing finished for executor task 3545
2023-07-07 13:59:07.172 worker_log:584 7400 MainThread [INFO]  Received executor task 3557
2023-07-07 13:59:33.444 worker_log:602 7400 MainThread [INFO]  Completed executor task 3557
2023-07-07 13:59:33.445 worker_log:613 7400 MainThread [INFO]  All processing finished for executor task 3557
2023-07-07 13:59:33.456 worker_log:584 7400 MainThread [INFO]  Received executor task 3571
2023-07-07 13:59:49.152 worker_log:602 7400 MainThread [INFO]  Completed executor task 3571
2023-07-07 13:59:49.152 worker_log:613 7400 MainThread [INFO]  All processing finished for executor task 3571
2023-07-07 13:59:49.153 worker_log:584 7400 MainThread [INFO]  Received executor task 3579
2023-07-07 14:00:01.878 worker_log:602 7400 MainThread [INFO]  Completed executor task 3579
2023-07-07 14:00:01.878 worker_log:613 7400 MainThread [INFO]  All processing finished for executor task 3579
2023-07-07 14:00:01.889 worker_log:584 7400 MainThread [INFO]  Received executor task 3585
2023-07-07 14:00:30.732 worker_log:602 7400 MainThread [INFO]  Completed executor task 3585
2023-07-07 14:00:30.732 worker_log:613 7400 MainThread [INFO]  All processing finished for executor task 3585
2023-07-07 14:00:30.744 worker_log:584 7400 MainThread [INFO]  Received executor task 3600
2023-07-07 14:00:55.201 worker_log:602 7400 MainThread [INFO]  Completed executor task 3600
2023-07-07 14:00:55.202 worker_log:613 7400 MainThread [INFO]  All processing finished for executor task 3600
2023-07-07 14:00:55.213 worker_log:584 7400 MainThread [INFO]  Received executor task 3614
2023-07-07 14:01:25.313 worker_log:602 7400 MainThread [INFO]  Completed executor task 3614
2023-07-07 14:01:25.326 worker_log:613 7400 MainThread [INFO]  All processing finished for executor task 3614
2023-07-07 14:01:25.337 worker_log:584 7400 MainThread [INFO]  Received executor task 3630
2023-07-07 14:01:42.401 worker_log:602 7400 MainThread [INFO]  Completed executor task 3630
2023-07-07 14:01:42.401 worker_log:613 7400 MainThread [INFO]  All processing finished for executor task 3630
2023-07-07 14:01:42.417 worker_log:584 7400 MainThread [INFO]  Received executor task 3642
2023-07-07 14:02:35.348 worker_log:602 7400 MainThread [INFO]  Completed executor task 3642
2023-07-07 14:02:35.348 worker_log:613 7400 MainThread [INFO]  All processing finished for executor task 3642
2023-07-07 14:02:35.360 worker_log:584 7400 MainThread [INFO]  Received executor task 3670
2023-07-07 14:02:53.713 worker_log:602 7400 MainThread [INFO]  Completed executor task 3670
2023-07-07 14:02:53.713 worker_log:613 7400 MainThread [INFO]  All processing finished for executor task 3670
2023-07-07 14:02:53.725 worker_log:584 7400 MainThread [INFO]  Received executor task 3681
2023-07-07 14:03:33.151 worker_log:602 7400 MainThread [INFO]  Completed executor task 3681
2023-07-07 14:03:33.152 worker_log:613 7400 MainThread [INFO]  All processing finished for executor task 3681
2023-07-07 14:03:33.163 worker_log:584 7400 MainThread [INFO]  Received executor task 3703
2023-07-07 14:04:03.815 worker_log:602 7400 MainThread [INFO]  Completed executor task 3703
2023-07-07 14:04:03.815 worker_log:613 7400 MainThread [INFO]  All processing finished for executor task 3703
2023-07-07 14:04:03.827 worker_log:584 7400 MainThread [INFO]  Received executor task 3718
2023-07-07 14:04:56.426 worker_log:602 7400 MainThread [INFO]  Completed executor task 3718
2023-07-07 14:04:56.426 worker_log:613 7400 MainThread [INFO]  All processing finished for executor task 3718
2023-07-07 14:04:56.438 worker_log:584 7400 MainThread [INFO]  Received executor task 3736
2023-07-07 14:05:43.219 worker_log:602 7400 MainThread [INFO]  Completed executor task 3736
2023-07-07 14:05:43.220 worker_log:613 7400 MainThread [INFO]  All processing finished for executor task 3736
2023-07-07 14:05:43.232 worker_log:584 7400 MainThread [INFO]  Received executor task 3764
2023-07-07 14:06:07.366 worker_log:602 7400 MainThread [INFO]  Completed executor task 3764
2023-07-07 14:06:07.367 worker_log:613 7400 MainThread [INFO]  All processing finished for executor task 3764
2023-07-07 14:06:07.378 worker_log:584 7400 MainThread [INFO]  Received executor task 3778
2023-07-07 14:06:40.074 worker_log:602 7400 MainThread [INFO]  Completed executor task 3778
2023-07-07 14:06:40.074 worker_log:613 7400 MainThread [INFO]  All processing finished for executor task 3778
2023-07-07 14:06:40.085 worker_log:584 7400 MainThread [INFO]  Received executor task 3789
2023-07-07 14:07:20.167 worker_log:602 7400 MainThread [INFO]  Completed executor task 3789
2023-07-07 14:07:20.167 worker_log:613 7400 MainThread [INFO]  All processing finished for executor task 3789
2023-07-07 14:07:20.179 worker_log:584 7400 MainThread [INFO]  Received executor task 3807
2023-07-07 14:07:44.407 worker_log:602 7400 MainThread [INFO]  Completed executor task 3807
2023-07-07 14:07:44.408 worker_log:613 7400 MainThread [INFO]  All processing finished for executor task 3807
2023-07-07 14:07:44.419 worker_log:584 7400 MainThread [INFO]  Received executor task 3814
2023-07-07 14:08:07.104 worker_log:602 7400 MainThread [INFO]  Completed executor task 3814
2023-07-07 14:08:07.105 worker_log:613 7400 MainThread [INFO]  All processing finished for executor task 3814
2023-07-07 14:08:07.116 worker_log:584 7400 MainThread [INFO]  Received executor task 3828
2023-07-07 14:08:38.389 worker_log:602 7400 MainThread [INFO]  Completed executor task 3828
2023-07-07 14:08:38.389 worker_log:613 7400 MainThread [INFO]  All processing finished for executor task 3828
2023-07-07 14:08:38.400 worker_log:584 7400 MainThread [INFO]  Received executor task 3844
2023-07-07 14:09:20.395 worker_log:602 7400 MainThread [INFO]  Completed executor task 3844
2023-07-07 14:09:20.396 worker_log:613 7400 MainThread [INFO]  All processing finished for executor task 3844
2023-07-07 14:09:20.407 worker_log:584 7400 MainThread [INFO]  Received executor task 3864
2023-07-07 14:09:38.345 worker_log:602 7400 MainThread [INFO]  Completed executor task 3864
2023-07-07 14:09:38.345 worker_log:613 7400 MainThread [INFO]  All processing finished for executor task 3864
2023-07-07 14:09:38.357 worker_log:584 7400 MainThread [INFO]  Received executor task 3873
2023-07-07 14:09:45.446 worker_log:602 7400 MainThread [INFO]  Completed executor task 3873
2023-07-07 14:09:45.446 worker_log:613 7400 MainThread [INFO]  All processing finished for executor task 3873
2023-07-07 14:09:45.457 worker_log:584 7400 MainThread [INFO]  Received executor task 3880
2023-07-07 14:09:56.287 worker_log:602 7400 MainThread [INFO]  Completed executor task 3880
2023-07-07 14:09:56.289 worker_log:613 7400 MainThread [INFO]  All processing finished for executor task 3880
2023-07-07 14:09:56.289 worker_log:584 7400 MainThread [INFO]  Received executor task 3889
2023-07-07 14:10:31.325 worker_log:602 7400 MainThread [INFO]  Completed executor task 3889
2023-07-07 14:10:31.325 worker_log:613 7400 MainThread [INFO]  All processing finished for executor task 3889
2023-07-07 14:10:31.337 worker_log:584 7400 MainThread [INFO]  Received executor task 3911
2023-07-07 14:11:10.900 worker_log:602 7400 MainThread [INFO]  Completed executor task 3911
2023-07-07 14:11:10.901 worker_log:613 7400 MainThread [INFO]  All processing finished for executor task 3911
2023-07-07 14:11:10.912 worker_log:584 7400 MainThread [INFO]  Received executor task 3930
2023-07-07 14:11:55.737 worker_log:602 7400 MainThread [INFO]  Completed executor task 3930
2023-07-07 14:11:55.738 worker_log:613 7400 MainThread [INFO]  All processing finished for executor task 3930
2023-07-07 14:11:55.749 worker_log:584 7400 MainThread [INFO]  Received executor task 3949
2023-07-07 14:12:20.603 worker_log:602 7400 MainThread [INFO]  Completed executor task 3949
2023-07-07 14:12:20.604 worker_log:613 7400 MainThread [INFO]  All processing finished for executor task 3949
2023-07-07 14:12:20.615 worker_log:584 7400 MainThread [INFO]  Received executor task 3957
2023-07-07 14:12:47.750 worker_log:602 7400 MainThread [INFO]  Completed executor task 3957
2023-07-07 14:12:47.751 worker_log:613 7400 MainThread [INFO]  All processing finished for executor task 3957
2023-07-07 14:12:47.762 worker_log:584 7400 MainThread [INFO]  Received executor task 3968
2023-07-07 14:13:09.880 worker_log:602 7400 MainThread [INFO]  Completed executor task 3968
2023-07-07 14:13:09.881 worker_log:613 7400 MainThread [INFO]  All processing finished for executor task 3968
2023-07-07 14:13:09.892 worker_log:584 7400 MainThread [INFO]  Received executor task 3982
2023-07-07 14:13:45.735 worker_log:602 7400 MainThread [INFO]  Completed executor task 3982
2023-07-07 14:13:45.743 worker_log:613 7400 MainThread [INFO]  All processing finished for executor task 3982
2023-07-07 14:13:45.747 worker_log:584 7400 MainThread [INFO]  Received executor task 4000
2023-07-07 14:14:20.042 worker_log:602 7400 MainThread [INFO]  Completed executor task 4000
2023-07-07 14:14:20.043 worker_log:613 7400 MainThread [INFO]  All processing finished for executor task 4000
2023-07-07 14:14:20.054 worker_log:584 7400 MainThread [INFO]  Received executor task 4020
2023-07-07 14:14:48.927 worker_log:602 7400 MainThread [INFO]  Completed executor task 4020
2023-07-07 14:14:48.928 worker_log:613 7400 MainThread [INFO]  All processing finished for executor task 4020
2023-07-07 14:14:48.940 worker_log:584 7400 MainThread [INFO]  Received executor task 4032
2023-07-07 14:16:07.032 worker_log:602 7400 MainThread [INFO]  Completed executor task 4032
2023-07-07 14:16:07.032 worker_log:613 7400 MainThread [INFO]  All processing finished for executor task 4032
2023-07-07 14:16:07.043 worker_log:584 7400 MainThread [INFO]  Received executor task 4065
2023-07-07 14:16:26.819 worker_log:602 7400 MainThread [INFO]  Completed executor task 4065
2023-07-07 14:16:26.819 worker_log:613 7400 MainThread [INFO]  All processing finished for executor task 4065
2023-07-07 14:16:26.832 worker_log:584 7400 MainThread [INFO]  Received executor task 4076
2023-07-07 14:17:23.329 worker_log:602 7400 MainThread [INFO]  Completed executor task 4076
2023-07-07 14:17:23.330 worker_log:613 7400 MainThread [INFO]  All processing finished for executor task 4076
2023-07-07 14:17:23.341 worker_log:584 7400 MainThread [INFO]  Received executor task 4099
2023-07-07 14:17:34.825 worker_log:602 7400 MainThread [INFO]  Completed executor task 4099
2023-07-07 14:17:34.826 worker_log:613 7400 MainThread [INFO]  All processing finished for executor task 4099
2023-07-07 14:17:34.837 worker_log:584 7400 MainThread [INFO]  Received executor task 4104
2023-07-07 14:17:45.945 worker_log:602 7400 MainThread [INFO]  Completed executor task 4104
2023-07-07 14:17:45.945 worker_log:613 7400 MainThread [INFO]  All processing finished for executor task 4104
2023-07-07 14:17:45.957 worker_log:584 7400 MainThread [INFO]  Received executor task 4110
2023-07-07 14:18:33.200 worker_log:602 7400 MainThread [INFO]  Completed executor task 4110
2023-07-07 14:18:33.201 worker_log:613 7400 MainThread [INFO]  All processing finished for executor task 4110
2023-07-07 14:18:33.212 worker_log:584 7400 MainThread [INFO]  Received executor task 4132
2023-07-07 14:19:15.398 worker_log:602 7400 MainThread [INFO]  Completed executor task 4132
2023-07-07 14:19:15.399 worker_log:613 7400 MainThread [INFO]  All processing finished for executor task 4132
2023-07-07 14:19:15.416 worker_log:584 7400 MainThread [INFO]  Received executor task 4149
2023-07-07 14:19:31.903 worker_log:602 7400 MainThread [INFO]  Completed executor task 4149
2023-07-07 14:19:31.904 worker_log:613 7400 MainThread [INFO]  All processing finished for executor task 4149
2023-07-07 14:19:31.915 worker_log:584 7400 MainThread [INFO]  Received executor task 4158
2023-07-07 14:19:45.872 worker_log:602 7400 MainThread [INFO]  Completed executor task 4158
2023-07-07 14:19:45.873 worker_log:613 7400 MainThread [INFO]  All processing finished for executor task 4158
2023-07-07 14:19:45.885 worker_log:584 7400 MainThread [INFO]  Received executor task 4170
2023-07-07 14:20:58.528 worker_log:602 7400 MainThread [INFO]  Completed executor task 4170
2023-07-07 14:20:58.528 worker_log:613 7400 MainThread [INFO]  All processing finished for executor task 4170
2023-07-07 14:20:58.539 worker_log:584 7400 MainThread [INFO]  Received executor task 4195
2023-07-07 14:21:33.031 worker_log:602 7400 MainThread [INFO]  Completed executor task 4195
2023-07-07 14:21:33.031 worker_log:613 7400 MainThread [INFO]  All processing finished for executor task 4195
2023-07-07 14:21:33.032 worker_log:584 7400 MainThread [INFO]  Received executor task 4212
2023-07-07 14:22:31.598 worker_log:602 7400 MainThread [INFO]  Completed executor task 4212
2023-07-07 14:22:31.611 worker_log:613 7400 MainThread [INFO]  All processing finished for executor task 4212
2023-07-07 14:22:31.611 worker_log:584 7400 MainThread [INFO]  Received executor task 4241
2023-07-07 14:22:57.000 worker_log:602 7400 MainThread [INFO]  Completed executor task 4241
2023-07-07 14:22:57.000 worker_log:613 7400 MainThread [INFO]  All processing finished for executor task 4241
2023-07-07 14:22:57.011 worker_log:584 7400 MainThread [INFO]  Received executor task 4257
2023-07-07 14:23:20.335 worker_log:602 7400 MainThread [INFO]  Completed executor task 4257
2023-07-07 14:23:20.336 worker_log:613 7400 MainThread [INFO]  All processing finished for executor task 4257
2023-07-07 14:23:20.347 worker_log:584 7400 MainThread [INFO]  Received executor task 4267
2023-07-07 14:24:00.289 worker_log:602 7400 MainThread [INFO]  Completed executor task 4267
2023-07-07 14:24:00.290 worker_log:613 7400 MainThread [INFO]  All processing finished for executor task 4267
2023-07-07 14:24:00.301 worker_log:584 7400 MainThread [INFO]  Received executor task 4286
2023-07-07 14:24:07.619 worker_log:602 7400 MainThread [INFO]  Completed executor task 4286
2023-07-07 14:24:07.620 worker_log:613 7400 MainThread [INFO]  All processing finished for executor task 4286
2023-07-07 14:24:07.631 worker_log:584 7400 MainThread [INFO]  Received executor task 4291
2023-07-07 14:24:33.870 worker_log:602 7400 MainThread [INFO]  Completed executor task 4291
2023-07-07 14:24:33.870 worker_log:613 7400 MainThread [INFO]  All processing finished for executor task 4291
2023-07-07 14:24:33.881 worker_log:584 7400 MainThread [INFO]  Received executor task 4307
2023-07-07 14:26:16.846 worker_log:602 7400 MainThread [INFO]  Completed executor task 4307
2023-07-07 14:26:16.847 worker_log:613 7400 MainThread [INFO]  All processing finished for executor task 4307
2023-07-07 14:26:16.859 worker_log:584 7400 MainThread [INFO]  Received executor task 4358
2023-07-07 14:26:30.388 worker_log:602 7400 MainThread [INFO]  Completed executor task 4358
2023-07-07 14:26:30.389 worker_log:613 7400 MainThread [INFO]  All processing finished for executor task 4358
2023-07-07 14:26:30.403 worker_log:584 7400 MainThread [INFO]  Received executor task 4368
2023-07-07 14:27:05.614 worker_log:602 7400 MainThread [INFO]  Completed executor task 4368
2023-07-07 14:27:05.614 worker_log:613 7400 MainThread [INFO]  All processing finished for executor task 4368
2023-07-07 14:27:05.625 worker_log:584 7400 MainThread [INFO]  Received executor task 4387
2023-07-07 14:27:19.338 worker_log:602 7400 MainThread [INFO]  Completed executor task 4387
2023-07-07 14:27:19.338 worker_log:613 7400 MainThread [INFO]  All processing finished for executor task 4387
2023-07-07 14:27:19.349 worker_log:584 7400 MainThread [INFO]  Received executor task 4398
2023-07-07 14:27:36.257 worker_log:602 7400 MainThread [INFO]  Completed executor task 4398
2023-07-07 14:27:36.258 worker_log:613 7400 MainThread [INFO]  All processing finished for executor task 4398
2023-07-07 14:27:36.269 worker_log:584 7400 MainThread [INFO]  Received executor task 4403
2023-07-07 14:28:08.086 worker_log:602 7400 MainThread [INFO]  Completed executor task 4403
2023-07-07 14:28:08.087 worker_log:613 7400 MainThread [INFO]  All processing finished for executor task 4403
2023-07-07 14:28:08.089 worker_log:584 7400 MainThread [INFO]  Received executor task 4422
2023-07-07 14:30:27.426 worker_log:602 7400 MainThread [INFO]  Completed executor task 4422
2023-07-07 14:30:27.439 worker_log:613 7400 MainThread [INFO]  All processing finished for executor task 4422
2023-07-07 14:30:27.439 worker_log:584 7400 MainThread [INFO]  Received executor task 4490
2023-07-07 14:30:53.841 worker_log:602 7400 MainThread [INFO]  Completed executor task 4490
2023-07-07 14:30:53.842 worker_log:613 7400 MainThread [INFO]  All processing finished for executor task 4490
2023-07-07 14:30:53.853 worker_log:584 7400 MainThread [INFO]  Received executor task 4500
2023-07-07 14:31:32.526 worker_log:602 7400 MainThread [INFO]  Completed executor task 4500
2023-07-07 14:31:32.526 worker_log:613 7400 MainThread [INFO]  All processing finished for executor task 4500
2023-07-07 14:31:32.537 worker_log:584 7400 MainThread [INFO]  Received executor task 4523
2023-07-07 14:32:07.455 worker_log:602 7400 MainThread [INFO]  Completed executor task 4523
2023-07-07 14:32:07.455 worker_log:613 7400 MainThread [INFO]  All processing finished for executor task 4523
2023-07-07 14:32:07.467 worker_log:584 7400 MainThread [INFO]  Received executor task 4539
2023-07-07 14:32:20.015 worker_log:602 7400 MainThread [INFO]  Completed executor task 4539
2023-07-07 14:32:20.015 worker_log:613 7400 MainThread [INFO]  All processing finished for executor task 4539
2023-07-07 14:32:20.016 worker_log:584 7400 MainThread [INFO]  Received executor task 4550
2023-07-07 14:32:44.726 worker_log:602 7400 MainThread [INFO]  Completed executor task 4550
2023-07-07 14:32:44.726 worker_log:613 7400 MainThread [INFO]  All processing finished for executor task 4550
2023-07-07 14:32:44.737 worker_log:584 7400 MainThread [INFO]  Received executor task 4563
2023-07-07 14:33:06.498 worker_log:602 7400 MainThread [INFO]  Completed executor task 4563
2023-07-07 14:33:06.498 worker_log:613 7400 MainThread [INFO]  All processing finished for executor task 4563
2023-07-07 14:33:06.509 worker_log:584 7400 MainThread [INFO]  Received executor task 4568
2023-07-07 14:33:29.163 worker_log:602 7400 MainThread [INFO]  Completed executor task 4568
2023-07-07 14:33:29.164 worker_log:613 7400 MainThread [INFO]  All processing finished for executor task 4568
2023-07-07 14:33:29.175 worker_log:584 7400 MainThread [INFO]  Received executor task 4582
2023-07-07 14:34:03.640 worker_log:602 7400 MainThread [INFO]  Completed executor task 4582
2023-07-07 14:34:03.641 worker_log:613 7400 MainThread [INFO]  All processing finished for executor task 4582
2023-07-07 14:34:03.652 worker_log:584 7400 MainThread [INFO]  Received executor task 4602
2023-07-07 14:34:34.028 worker_log:602 7400 MainThread [INFO]  Completed executor task 4602
2023-07-07 14:34:34.029 worker_log:613 7400 MainThread [INFO]  All processing finished for executor task 4602
2023-07-07 14:34:34.040 worker_log:584 7400 MainThread [INFO]  Received executor task 4620
2023-07-07 14:35:26.771 worker_log:602 7400 MainThread [INFO]  Completed executor task 4620
2023-07-07 14:35:26.772 worker_log:613 7400 MainThread [INFO]  All processing finished for executor task 4620
2023-07-07 14:35:26.783 worker_log:584 7400 MainThread [INFO]  Received executor task 4643
2023-07-07 14:35:55.365 worker_log:602 7400 MainThread [INFO]  Completed executor task 4643
2023-07-07 14:35:55.365 worker_log:613 7400 MainThread [INFO]  All processing finished for executor task 4643
2023-07-07 14:35:55.376 worker_log:584 7400 MainThread [INFO]  Received executor task 4661
2023-07-07 14:36:57.618 worker_log:602 7400 MainThread [INFO]  Completed executor task 4661
2023-07-07 14:36:57.618 worker_log:613 7400 MainThread [INFO]  All processing finished for executor task 4661
2023-07-07 14:36:57.629 worker_log:584 7400 MainThread [INFO]  Received executor task 4686
2023-07-07 14:37:26.500 worker_log:602 7400 MainThread [INFO]  Completed executor task 4686
2023-07-07 14:37:26.501 worker_log:613 7400 MainThread [INFO]  All processing finished for executor task 4686
2023-07-07 14:37:26.512 worker_log:584 7400 MainThread [INFO]  Received executor task 4699
2023-07-07 14:37:57.286 worker_log:602 7400 MainThread [INFO]  Completed executor task 4699
2023-07-07 14:37:57.287 worker_log:613 7400 MainThread [INFO]  All processing finished for executor task 4699
2023-07-07 14:37:57.298 worker_log:584 7400 MainThread [INFO]  Received executor task 4713
2023-07-07 14:38:20.672 worker_log:602 7400 MainThread [INFO]  Completed executor task 4713
2023-07-07 14:38:20.673 worker_log:613 7400 MainThread [INFO]  All processing finished for executor task 4713
2023-07-07 14:38:20.684 worker_log:584 7400 MainThread [INFO]  Received executor task 4725
2023-07-07 14:38:45.777 worker_log:602 7400 MainThread [INFO]  Completed executor task 4725
2023-07-07 14:38:45.777 worker_log:613 7400 MainThread [INFO]  All processing finished for executor task 4725
2023-07-07 14:38:45.788 worker_log:584 7400 MainThread [INFO]  Received executor task 4734
2023-07-07 14:39:46.415 worker_log:602 7400 MainThread [INFO]  Completed executor task 4734
2023-07-07 14:39:46.427 worker_log:613 7400 MainThread [INFO]  All processing finished for executor task 4734
2023-07-07 14:39:46.427 worker_log:584 7400 MainThread [INFO]  Received executor task 4763
2023-07-07 14:40:09.219 worker_log:602 7400 MainThread [INFO]  Completed executor task 4763
2023-07-07 14:40:09.220 worker_log:613 7400 MainThread [INFO]  All processing finished for executor task 4763
2023-07-07 14:40:09.231 worker_log:584 7400 MainThread [INFO]  Received executor task 4771
2023-07-07 14:41:06.033 worker_log:602 7400 MainThread [INFO]  Completed executor task 4771
2023-07-07 14:41:06.033 worker_log:613 7400 MainThread [INFO]  All processing finished for executor task 4771
2023-07-07 14:41:06.044 worker_log:584 7400 MainThread [INFO]  Received executor task 4804
2023-07-07 14:41:34.446 worker_log:602 7400 MainThread [INFO]  Completed executor task 4804
2023-07-07 14:41:34.447 worker_log:613 7400 MainThread [INFO]  All processing finished for executor task 4804
2023-07-07 14:41:34.459 worker_log:584 7400 MainThread [INFO]  Received executor task 4815
2023-07-07 14:42:05.027 worker_log:602 7400 MainThread [INFO]  Completed executor task 4815
2023-07-07 14:42:05.028 worker_log:613 7400 MainThread [INFO]  All processing finished for executor task 4815
2023-07-07 14:42:05.039 worker_log:584 7400 MainThread [INFO]  Received executor task 4829
2023-07-07 14:42:44.502 worker_log:602 7400 MainThread [INFO]  Completed executor task 4829
2023-07-07 14:42:44.502 worker_log:613 7400 MainThread [INFO]  All processing finished for executor task 4829
2023-07-07 14:42:44.513 worker_log:584 7400 MainThread [INFO]  Received executor task 4849
2023-07-07 14:43:26.397 worker_log:602 7400 MainThread [INFO]  Completed executor task 4849
2023-07-07 14:43:26.398 worker_log:613 7400 MainThread [INFO]  All processing finished for executor task 4849
2023-07-07 14:43:26.411 worker_log:584 7400 MainThread [INFO]  Received executor task 4868
2023-07-07 14:44:16.112 worker_log:602 7400 MainThread [INFO]  Completed executor task 4868
2023-07-07 14:44:16.112 worker_log:613 7400 MainThread [INFO]  All processing finished for executor task 4868
2023-07-07 14:44:16.124 worker_log:584 7400 MainThread [INFO]  Received executor task 4896
2023-07-07 14:45:10.137 worker_log:602 7400 MainThread [INFO]  Completed executor task 4896
2023-07-07 14:45:10.138 worker_log:613 7400 MainThread [INFO]  All processing finished for executor task 4896
2023-07-07 14:45:10.149 worker_log:584 7400 MainThread [INFO]  Received executor task 4916
2023-07-07 14:45:35.496 worker_log:602 7400 MainThread [INFO]  Completed executor task 4916
2023-07-07 14:45:35.496 worker_log:613 7400 MainThread [INFO]  All processing finished for executor task 4916
2023-07-07 14:45:35.507 worker_log:584 7400 MainThread [INFO]  Received executor task 4931
2023-07-07 14:45:49.461 worker_log:602 7400 MainThread [INFO]  Completed executor task 4931
2023-07-07 14:45:49.462 worker_log:613 7400 MainThread [INFO]  All processing finished for executor task 4931
2023-07-07 14:45:49.473 worker_log:584 7400 MainThread [INFO]  Received executor task 4940
2023-07-07 14:46:18.747 worker_log:602 7400 MainThread [INFO]  Completed executor task 4940
2023-07-07 14:46:18.748 worker_log:613 7400 MainThread [INFO]  All processing finished for executor task 4940
2023-07-07 14:46:18.759 worker_log:584 7400 MainThread [INFO]  Received executor task 4950
2023-07-07 14:46:39.798 worker_log:602 7400 MainThread [INFO]  Completed executor task 4950
2023-07-07 14:46:39.799 worker_log:613 7400 MainThread [INFO]  All processing finished for executor task 4950
2023-07-07 14:46:39.810 worker_log:584 7400 MainThread [INFO]  Received executor task 4961
2023-07-07 14:46:56.058 worker_log:602 7400 MainThread [INFO]  Completed executor task 4961
2023-07-07 14:46:56.058 worker_log:613 7400 MainThread [INFO]  All processing finished for executor task 4961
2023-07-07 14:46:56.069 worker_log:584 7400 MainThread [INFO]  Received executor task 4969
2023-07-07 14:47:23.262 worker_log:602 7400 MainThread [INFO]  Completed executor task 4969
2023-07-07 14:47:23.262 worker_log:613 7400 MainThread [INFO]  All processing finished for executor task 4969
2023-07-07 14:47:23.273 worker_log:584 7400 MainThread [INFO]  Received executor task 4983
2023-07-07 14:47:37.740 worker_log:602 7400 MainThread [INFO]  Completed executor task 4983
2023-07-07 14:47:37.741 worker_log:613 7400 MainThread [INFO]  All processing finished for executor task 4983
2023-07-07 14:47:37.752 worker_log:584 7400 MainThread [INFO]  Received executor task 4993
2023-07-07 14:48:16.823 worker_log:602 7400 MainThread [INFO]  Completed executor task 4993
2023-07-07 14:48:16.824 worker_log:613 7400 MainThread [INFO]  All processing finished for executor task 4993
2023-07-07 14:48:16.837 worker_log:584 7400 MainThread [INFO]  Received executor task 5010
2023-07-07 14:48:39.808 worker_log:602 7400 MainThread [INFO]  Completed executor task 5010
2023-07-07 14:48:39.808 worker_log:613 7400 MainThread [INFO]  All processing finished for executor task 5010
2023-07-07 14:48:39.819 worker_log:584 7400 MainThread [INFO]  Received executor task 5024
2023-07-07 14:49:00.224 worker_log:602 7400 MainThread [INFO]  Completed executor task 5024
2023-07-07 14:49:00.224 worker_log:613 7400 MainThread [INFO]  All processing finished for executor task 5024
2023-07-07 14:49:00.235 worker_log:584 7400 MainThread [INFO]  Received executor task 5036
2023-07-07 14:49:46.925 worker_log:602 7400 MainThread [INFO]  Completed executor task 5036
2023-07-07 14:49:46.939 worker_log:613 7400 MainThread [INFO]  All processing finished for executor task 5036
2023-07-07 14:49:46.941 worker_log:584 7400 MainThread [INFO]  Received executor task 5056
2023-07-07 14:50:03.854 worker_log:602 7400 MainThread [INFO]  Completed executor task 5056
2023-07-07 14:50:03.854 worker_log:613 7400 MainThread [INFO]  All processing finished for executor task 5056
2023-07-07 14:50:03.866 worker_log:584 7400 MainThread [INFO]  Received executor task 5068
2023-07-07 14:50:58.957 worker_log:602 7400 MainThread [INFO]  Completed executor task 5068
2023-07-07 14:50:58.957 worker_log:613 7400 MainThread [INFO]  All processing finished for executor task 5068
2023-07-07 14:50:58.968 worker_log:584 7400 MainThread [INFO]  Received executor task 5090
2023-07-07 14:51:34.588 worker_log:602 7400 MainThread [INFO]  Completed executor task 5090
2023-07-07 14:51:34.588 worker_log:613 7400 MainThread [INFO]  All processing finished for executor task 5090
2023-07-07 14:51:34.600 worker_log:584 7400 MainThread [INFO]  Received executor task 5104
2023-07-07 14:52:35.486 worker_log:602 7400 MainThread [INFO]  Completed executor task 5104
2023-07-07 14:52:35.487 worker_log:613 7400 MainThread [INFO]  All processing finished for executor task 5104
2023-07-07 14:52:35.498 worker_log:584 7400 MainThread [INFO]  Received executor task 5134
2023-07-07 14:53:16.592 worker_log:602 7400 MainThread [INFO]  Completed executor task 5134
2023-07-07 14:53:16.593 worker_log:613 7400 MainThread [INFO]  All processing finished for executor task 5134
2023-07-07 14:53:16.605 worker_log:584 7400 MainThread [INFO]  Received executor task 5152
2023-07-07 14:53:32.136 worker_log:602 7400 MainThread [INFO]  Completed executor task 5152
2023-07-07 14:53:32.137 worker_log:613 7400 MainThread [INFO]  All processing finished for executor task 5152
2023-07-07 14:53:32.148 worker_log:584 7400 MainThread [INFO]  Received executor task 5159
2023-07-07 14:54:05.935 worker_log:602 7400 MainThread [INFO]  Completed executor task 5159
2023-07-07 14:54:05.936 worker_log:613 7400 MainThread [INFO]  All processing finished for executor task 5159
2023-07-07 14:54:05.947 worker_log:584 7400 MainThread [INFO]  Received executor task 5180
2023-07-07 14:54:33.764 worker_log:602 7400 MainThread [INFO]  Completed executor task 5180
2023-07-07 14:54:33.765 worker_log:613 7400 MainThread [INFO]  All processing finished for executor task 5180
2023-07-07 14:54:33.776 worker_log:584 7400 MainThread [INFO]  Received executor task 5195
2023-07-07 14:55:00.957 worker_log:602 7400 MainThread [INFO]  Completed executor task 5195
2023-07-07 14:55:00.958 worker_log:613 7400 MainThread [INFO]  All processing finished for executor task 5195
2023-07-07 14:55:00.969 worker_log:584 7400 MainThread [INFO]  Received executor task 5212
2023-07-07 14:55:23.324 worker_log:602 7400 MainThread [INFO]  Completed executor task 5212
2023-07-07 14:55:23.325 worker_log:613 7400 MainThread [INFO]  All processing finished for executor task 5212
2023-07-07 14:55:23.336 worker_log:584 7400 MainThread [INFO]  Received executor task 5224
2023-07-07 14:55:32.748 worker_log:602 7400 MainThread [INFO]  Completed executor task 5224
2023-07-07 14:55:32.749 worker_log:613 7400 MainThread [INFO]  All processing finished for executor task 5224
2023-07-07 14:55:32.761 worker_log:584 7400 MainThread [INFO]  Received executor task 5234
2023-07-07 14:56:01.248 worker_log:602 7400 MainThread [INFO]  Completed executor task 5234
2023-07-07 14:56:01.248 worker_log:613 7400 MainThread [INFO]  All processing finished for executor task 5234
2023-07-07 14:56:01.259 worker_log:584 7400 MainThread [INFO]  Received executor task 5244
2023-07-07 14:56:27.670 worker_log:602 7400 MainThread [INFO]  Completed executor task 5244
2023-07-07 14:56:27.670 worker_log:613 7400 MainThread [INFO]  All processing finished for executor task 5244
2023-07-07 14:56:27.681 worker_log:584 7400 MainThread [INFO]  Received executor task 5255
2023-07-07 14:57:43.816 worker_log:602 7400 MainThread [INFO]  Completed executor task 5255
2023-07-07 14:57:43.817 worker_log:613 7400 MainThread [INFO]  All processing finished for executor task 5255
2023-07-07 14:57:43.841 worker_log:584 7400 MainThread [INFO]  Received executor task 5279
2023-07-07 14:58:01.970 worker_log:602 7400 MainThread [INFO]  Completed executor task 5279
2023-07-07 14:58:01.971 worker_log:613 7400 MainThread [INFO]  All processing finished for executor task 5279
2023-07-07 14:58:01.982 worker_log:584 7400 MainThread [INFO]  Received executor task 5285
2023-07-07 14:58:28.255 worker_log:602 7400 MainThread [INFO]  Completed executor task 5285
2023-07-07 14:58:28.256 worker_log:613 7400 MainThread [INFO]  All processing finished for executor task 5285
2023-07-07 14:58:28.267 worker_log:584 7400 MainThread [INFO]  Received executor task 5299
2023-07-07 14:59:50.385 worker_log:602 7400 MainThread [INFO]  Completed executor task 5299
2023-07-07 14:59:50.386 worker_log:613 7400 MainThread [INFO]  All processing finished for executor task 5299
2023-07-07 14:59:50.397 worker_log:584 7400 MainThread [INFO]  Received executor task 5337
2023-07-07 15:00:53.086 worker_log:602 7400 MainThread [INFO]  Completed executor task 5337
2023-07-07 15:00:53.087 worker_log:613 7400 MainThread [INFO]  All processing finished for executor task 5337
2023-07-07 15:00:53.098 worker_log:584 7400 MainThread [INFO]  Received executor task 5369
2023-07-07 15:01:22.488 worker_log:602 7400 MainThread [INFO]  Completed executor task 5369
2023-07-07 15:01:22.488 worker_log:613 7400 MainThread [INFO]  All processing finished for executor task 5369
2023-07-07 15:01:22.501 worker_log:584 7400 MainThread [INFO]  Received executor task 5382
2023-07-07 15:01:38.302 worker_log:602 7400 MainThread [INFO]  Completed executor task 5382
2023-07-07 15:01:38.302 worker_log:613 7400 MainThread [INFO]  All processing finished for executor task 5382
2023-07-07 15:01:38.314 worker_log:584 7400 MainThread [INFO]  Received executor task 5389
2023-07-07 15:01:51.521 worker_log:602 7400 MainThread [INFO]  Completed executor task 5389
2023-07-07 15:01:51.521 worker_log:613 7400 MainThread [INFO]  All processing finished for executor task 5389
2023-07-07 15:01:51.533 worker_log:584 7400 MainThread [INFO]  Received executor task 5392
2023-07-07 15:02:24.210 worker_log:602 7400 MainThread [INFO]  Completed executor task 5392
2023-07-07 15:02:24.210 worker_log:613 7400 MainThread [INFO]  All processing finished for executor task 5392
2023-07-07 15:02:24.222 worker_log:584 7400 MainThread [INFO]  Received executor task 5409
2023-07-07 15:03:12.405 worker_log:602 7400 MainThread [INFO]  Completed executor task 5409
2023-07-07 15:03:12.407 worker_log:613 7400 MainThread [INFO]  All processing finished for executor task 5409
2023-07-07 15:03:12.418 worker_log:584 7400 MainThread [INFO]  Received executor task 5433
2023-07-07 15:04:06.014 worker_log:602 7400 MainThread [INFO]  Completed executor task 5433
2023-07-07 15:04:06.015 worker_log:613 7400 MainThread [INFO]  All processing finished for executor task 5433
2023-07-07 15:04:06.026 worker_log:584 7400 MainThread [INFO]  Received executor task 5459
2023-07-07 15:04:38.401 worker_log:602 7400 MainThread [INFO]  Completed executor task 5459
2023-07-07 15:04:38.401 worker_log:613 7400 MainThread [INFO]  All processing finished for executor task 5459
2023-07-07 15:04:38.413 worker_log:584 7400 MainThread [INFO]  Received executor task 5478
2023-07-07 15:05:49.958 worker_log:602 7400 MainThread [INFO]  Completed executor task 5478
2023-07-07 15:05:49.959 worker_log:613 7400 MainThread [INFO]  All processing finished for executor task 5478
2023-07-07 15:05:49.970 worker_log:584 7400 MainThread [INFO]  Received executor task 5507
2023-07-07 15:06:05.540 worker_log:602 7400 MainThread [INFO]  Completed executor task 5507
2023-07-07 15:06:05.540 worker_log:613 7400 MainThread [INFO]  All processing finished for executor task 5507
2023-07-07 15:06:05.551 worker_log:584 7400 MainThread [INFO]  Received executor task 5517
2023-07-07 15:07:14.515 worker_log:602 7400 MainThread [INFO]  Completed executor task 5517
2023-07-07 15:07:14.516 worker_log:613 7400 MainThread [INFO]  All processing finished for executor task 5517
2023-07-07 15:07:14.527 worker_log:584 7400 MainThread [INFO]  Received executor task 5550
2023-07-07 15:08:02.510 worker_log:602 7400 MainThread [INFO]  Completed executor task 5550
2023-07-07 15:08:02.511 worker_log:613 7400 MainThread [INFO]  All processing finished for executor task 5550
2023-07-07 15:08:02.522 worker_log:584 7400 MainThread [INFO]  Received executor task 5569
2023-07-07 15:08:39.710 worker_log:602 7400 MainThread [INFO]  Completed executor task 5569
2023-07-07 15:08:39.711 worker_log:613 7400 MainThread [INFO]  All processing finished for executor task 5569
2023-07-07 15:08:39.722 worker_log:584 7400 MainThread [INFO]  Received executor task 5586
2023-07-07 15:09:05.162 worker_log:602 7400 MainThread [INFO]  Completed executor task 5586
2023-07-07 15:09:05.162 worker_log:613 7400 MainThread [INFO]  All processing finished for executor task 5586
2023-07-07 15:09:05.173 worker_log:584 7400 MainThread [INFO]  Received executor task 5600
2023-07-07 15:09:39.816 worker_log:602 7400 MainThread [INFO]  Completed executor task 5600
2023-07-07 15:09:39.816 worker_log:613 7400 MainThread [INFO]  All processing finished for executor task 5600
2023-07-07 15:09:39.827 worker_log:584 7400 MainThread [INFO]  Received executor task 5616
2023-07-07 15:10:08.235 worker_log:602 7400 MainThread [INFO]  Completed executor task 5616
2023-07-07 15:10:08.235 worker_log:613 7400 MainThread [INFO]  All processing finished for executor task 5616
2023-07-07 15:10:08.259 worker_log:584 7400 MainThread [INFO]  Received executor task 5629
2023-07-07 15:10:40.534 worker_log:602 7400 MainThread [INFO]  Completed executor task 5629
2023-07-07 15:10:40.535 worker_log:613 7400 MainThread [INFO]  All processing finished for executor task 5629
2023-07-07 15:10:40.546 worker_log:584 7400 MainThread [INFO]  Received executor task 5646
2023-07-07 15:11:35.025 worker_log:602 7400 MainThread [INFO]  Completed executor task 5646
2023-07-07 15:11:35.026 worker_log:613 7400 MainThread [INFO]  All processing finished for executor task 5646
2023-07-07 15:11:35.037 worker_log:584 7400 MainThread [INFO]  Received executor task 5668
2023-07-07 15:12:03.742 worker_log:602 7400 MainThread [INFO]  Completed executor task 5668
2023-07-07 15:12:03.743 worker_log:613 7400 MainThread [INFO]  All processing finished for executor task 5668
2023-07-07 15:12:03.754 worker_log:584 7400 MainThread [INFO]  Received executor task 5682
2023-07-07 15:12:35.051 worker_log:602 7400 MainThread [INFO]  Completed executor task 5682
2023-07-07 15:12:35.051 worker_log:613 7400 MainThread [INFO]  All processing finished for executor task 5682
2023-07-07 15:12:35.062 worker_log:584 7400 MainThread [INFO]  Received executor task 5700
2023-07-07 15:13:03.067 worker_log:602 7400 MainThread [INFO]  Completed executor task 5700
2023-07-07 15:13:03.068 worker_log:613 7400 MainThread [INFO]  All processing finished for executor task 5700
2023-07-07 15:13:03.079 worker_log:584 7400 MainThread [INFO]  Received executor task 5715
2023-07-07 15:13:16.430 worker_log:602 7400 MainThread [INFO]  Completed executor task 5715
2023-07-07 15:13:16.431 worker_log:613 7400 MainThread [INFO]  All processing finished for executor task 5715
2023-07-07 15:13:16.442 worker_log:584 7400 MainThread [INFO]  Received executor task 5722
2023-07-07 15:13:24.098 worker_log:602 7400 MainThread [INFO]  Completed executor task 5722
2023-07-07 15:13:24.098 worker_log:613 7400 MainThread [INFO]  All processing finished for executor task 5722
2023-07-07 15:13:24.109 worker_log:584 7400 MainThread [INFO]  Received executor task 5725
2023-07-07 15:13:57.342 worker_log:602 7400 MainThread [INFO]  Completed executor task 5725
2023-07-07 15:13:57.343 worker_log:613 7400 MainThread [INFO]  All processing finished for executor task 5725
2023-07-07 15:13:57.354 worker_log:584 7400 MainThread [INFO]  Received executor task 5740
2023-07-07 15:14:31.294 worker_log:602 7400 MainThread [INFO]  Completed executor task 5740
2023-07-07 15:14:31.295 worker_log:613 7400 MainThread [INFO]  All processing finished for executor task 5740
2023-07-07 15:14:31.306 worker_log:584 7400 MainThread [INFO]  Received executor task 5754
2023-07-07 15:15:03.719 worker_log:602 7400 MainThread [INFO]  Completed executor task 5754
2023-07-07 15:15:03.719 worker_log:613 7400 MainThread [INFO]  All processing finished for executor task 5754
2023-07-07 15:15:03.740 worker_log:584 7400 MainThread [INFO]  Received executor task 5771
2023-07-07 15:15:21.558 worker_log:602 7400 MainThread [INFO]  Completed executor task 5771
2023-07-07 15:15:21.559 worker_log:613 7400 MainThread [INFO]  All processing finished for executor task 5771
2023-07-07 15:15:21.570 worker_log:584 7400 MainThread [INFO]  Received executor task 5780
2023-07-07 15:16:28.151 worker_log:602 7400 MainThread [INFO]  Completed executor task 5780
2023-07-07 15:16:28.152 worker_log:613 7400 MainThread [INFO]  All processing finished for executor task 5780
2023-07-07 15:16:28.163 worker_log:584 7400 MainThread [INFO]  Received executor task 5811
2023-07-07 15:16:46.152 worker_log:602 7400 MainThread [INFO]  Completed executor task 5811
2023-07-07 15:16:46.153 worker_log:613 7400 MainThread [INFO]  All processing finished for executor task 5811
2023-07-07 15:16:46.155 worker_log:584 7400 MainThread [INFO]  Received executor task 5821
2023-07-07 15:17:38.871 worker_log:602 7400 MainThread [INFO]  Completed executor task 5821
2023-07-07 15:17:38.872 worker_log:613 7400 MainThread [INFO]  All processing finished for executor task 5821
2023-07-07 15:17:38.883 worker_log:584 7400 MainThread [INFO]  Received executor task 5857
2023-07-07 15:17:47.695 worker_log:602 7400 MainThread [INFO]  Completed executor task 5857
2023-07-07 15:17:47.695 worker_log:613 7400 MainThread [INFO]  All processing finished for executor task 5857
2023-07-07 15:17:47.706 worker_log:584 7400 MainThread [INFO]  Received executor task 5859
2023-07-07 15:18:02.433 worker_log:602 7400 MainThread [INFO]  Completed executor task 5859
2023-07-07 15:18:02.433 worker_log:613 7400 MainThread [INFO]  All processing finished for executor task 5859
2023-07-07 15:18:02.435 worker_log:584 7400 MainThread [INFO]  Received executor task 5871
2023-07-07 15:19:12.978 worker_log:602 7400 MainThread [INFO]  Completed executor task 5871
2023-07-07 15:19:12.978 worker_log:613 7400 MainThread [INFO]  All processing finished for executor task 5871
2023-07-07 15:19:12.989 worker_log:584 7400 MainThread [INFO]  Received executor task 5895
2023-07-07 15:19:50.126 worker_log:602 7400 MainThread [INFO]  Completed executor task 5895
2023-07-07 15:19:50.127 worker_log:613 7400 MainThread [INFO]  All processing finished for executor task 5895
2023-07-07 15:19:50.137 worker_log:584 7400 MainThread [INFO]  Received executor task 5914
2023-07-07 15:20:09.778 worker_log:602 7400 MainThread [INFO]  Completed executor task 5914
2023-07-07 15:20:09.778 worker_log:613 7400 MainThread [INFO]  All processing finished for executor task 5914
2023-07-07 15:20:09.789 worker_log:584 7400 MainThread [INFO]  Received executor task 5925
2023-07-07 15:20:52.113 worker_log:602 7400 MainThread [INFO]  Completed executor task 5925
2023-07-07 15:20:52.114 worker_log:613 7400 MainThread [INFO]  All processing finished for executor task 5925
2023-07-07 15:20:52.126 worker_log:584 7400 MainThread [INFO]  Received executor task 5945
2023-07-07 15:21:21.363 worker_log:602 7400 MainThread [INFO]  Completed executor task 5945
2023-07-07 15:21:21.363 worker_log:613 7400 MainThread [INFO]  All processing finished for executor task 5945
2023-07-07 15:21:21.376 worker_log:584 7400 MainThread [INFO]  Received executor task 5960
2023-07-07 15:21:47.253 worker_log:602 7400 MainThread [INFO]  Completed executor task 5960
2023-07-07 15:21:47.253 worker_log:613 7400 MainThread [INFO]  All processing finished for executor task 5960
2023-07-07 15:21:47.264 worker_log:584 7400 MainThread [INFO]  Received executor task 5971
2023-07-07 15:22:17.140 worker_log:602 7400 MainThread [INFO]  Completed executor task 5971
2023-07-07 15:22:17.140 worker_log:613 7400 MainThread [INFO]  All processing finished for executor task 5971
2023-07-07 15:22:17.152 worker_log:584 7400 MainThread [INFO]  Received executor task 5986
2023-07-07 15:22:53.953 worker_log:602 7400 MainThread [INFO]  Completed executor task 5986
2023-07-07 15:22:53.956 worker_log:613 7400 MainThread [INFO]  All processing finished for executor task 5986
2023-07-07 15:22:53.965 worker_log:584 7400 MainThread [INFO]  Received executor task 6008
2023-07-07 15:23:13.313 worker_log:602 7400 MainThread [INFO]  Completed executor task 6008
2023-07-07 15:23:13.313 worker_log:613 7400 MainThread [INFO]  All processing finished for executor task 6008
2023-07-07 15:23:13.325 worker_log:584 7400 MainThread [INFO]  Received executor task 6019
2023-07-07 15:23:34.119 worker_log:602 7400 MainThread [INFO]  Completed executor task 6019
2023-07-07 15:23:34.119 worker_log:613 7400 MainThread [INFO]  All processing finished for executor task 6019
2023-07-07 15:23:34.130 worker_log:584 7400 MainThread [INFO]  Received executor task 6029
2023-07-07 15:24:06.968 worker_log:602 7400 MainThread [INFO]  Completed executor task 6029
2023-07-07 15:24:06.968 worker_log:613 7400 MainThread [INFO]  All processing finished for executor task 6029
2023-07-07 15:24:06.979 worker_log:584 7400 MainThread [INFO]  Received executor task 6046
2023-07-07 15:24:20.483 worker_log:602 7400 MainThread [INFO]  Completed executor task 6046
2023-07-07 15:24:20.484 worker_log:613 7400 MainThread [INFO]  All processing finished for executor task 6046
2023-07-07 15:24:20.495 worker_log:584 7400 MainThread [INFO]  Received executor task 6054
2023-07-07 15:24:53.618 worker_log:602 7400 MainThread [INFO]  Completed executor task 6054
2023-07-07 15:24:53.619 worker_log:613 7400 MainThread [INFO]  All processing finished for executor task 6054
2023-07-07 15:24:53.630 worker_log:584 7400 MainThread [INFO]  Received executor task 6072
2023-07-07 15:25:27.541 worker_log:602 7400 MainThread [INFO]  Completed executor task 6072
2023-07-07 15:25:27.542 worker_log:613 7400 MainThread [INFO]  All processing finished for executor task 6072
2023-07-07 15:25:27.553 worker_log:584 7400 MainThread [INFO]  Received executor task 6088
2023-07-07 15:25:40.430 worker_log:602 7400 MainThread [INFO]  Completed executor task 6088
2023-07-07 15:25:40.430 worker_log:613 7400 MainThread [INFO]  All processing finished for executor task 6088
2023-07-07 15:25:40.441 worker_log:584 7400 MainThread [INFO]  Received executor task 6097
2023-07-07 15:26:07.684 worker_log:602 7400 MainThread [INFO]  Completed executor task 6097
2023-07-07 15:26:07.696 worker_log:613 7400 MainThread [INFO]  All processing finished for executor task 6097
2023-07-07 15:26:07.696 worker_log:584 7400 MainThread [INFO]  Received executor task 6112
2023-07-07 15:26:26.485 worker_log:602 7400 MainThread [INFO]  Completed executor task 6112
2023-07-07 15:26:26.485 worker_log:613 7400 MainThread [INFO]  All processing finished for executor task 6112
2023-07-07 15:26:26.501 worker_log:584 7400 MainThread [INFO]  Received executor task 6127
2023-07-07 15:27:39.171 worker_log:602 7400 MainThread [INFO]  Completed executor task 6127
2023-07-07 15:27:39.172 worker_log:613 7400 MainThread [INFO]  All processing finished for executor task 6127
2023-07-07 15:27:39.173 worker_log:584 7400 MainThread [INFO]  Received executor task 6158
2023-07-07 15:27:44.417 worker_log:602 7400 MainThread [INFO]  Completed executor task 6158
2023-07-07 15:27:44.417 worker_log:613 7400 MainThread [INFO]  All processing finished for executor task 6158
2023-07-07 15:27:44.422 worker_log:584 7400 MainThread [INFO]  Received executor task 6161
2023-07-07 15:28:02.386 worker_log:602 7400 MainThread [INFO]  Completed executor task 6161
2023-07-07 15:28:02.386 worker_log:613 7400 MainThread [INFO]  All processing finished for executor task 6161
2023-07-07 15:28:02.398 worker_log:584 7400 MainThread [INFO]  Received executor task 6174
2023-07-07 15:28:17.688 worker_log:602 7400 MainThread [INFO]  Completed executor task 6174
2023-07-07 15:28:17.688 worker_log:613 7400 MainThread [INFO]  All processing finished for executor task 6174
2023-07-07 15:28:17.699 worker_log:584 7400 MainThread [INFO]  Received executor task 6185
2023-07-07 15:28:54.818 worker_log:602 7400 MainThread [INFO]  Completed executor task 6185
2023-07-07 15:28:54.819 worker_log:613 7400 MainThread [INFO]  All processing finished for executor task 6185
2023-07-07 15:28:54.830 worker_log:584 7400 MainThread [INFO]  Received executor task 6207
2023-07-07 15:29:12.220 worker_log:602 7400 MainThread [INFO]  Completed executor task 6207
2023-07-07 15:29:12.220 worker_log:613 7400 MainThread [INFO]  All processing finished for executor task 6207
2023-07-07 15:29:12.231 worker_log:584 7400 MainThread [INFO]  Received executor task 6215
2023-07-07 15:29:30.175 worker_log:602 7400 MainThread [INFO]  Completed executor task 6215
2023-07-07 15:29:30.175 worker_log:613 7400 MainThread [INFO]  All processing finished for executor task 6215
2023-07-07 15:29:30.187 worker_log:584 7400 MainThread [INFO]  Received executor task 6226
2023-07-07 15:30:15.359 worker_log:602 7400 MainThread [INFO]  Completed executor task 6226
2023-07-07 15:30:15.360 worker_log:613 7400 MainThread [INFO]  All processing finished for executor task 6226
2023-07-07 15:30:15.370 worker_log:584 7400 MainThread [INFO]  Received executor task 6250
2023-07-07 15:30:34.325 worker_log:602 7400 MainThread [INFO]  Completed executor task 6250
2023-07-07 15:30:34.326 worker_log:613 7400 MainThread [INFO]  All processing finished for executor task 6250
2023-07-07 15:30:34.337 worker_log:584 7400 MainThread [INFO]  Received executor task 6263
2023-07-07 15:31:06.509 worker_log:602 7400 MainThread [INFO]  Completed executor task 6263
2023-07-07 15:31:06.509 worker_log:613 7400 MainThread [INFO]  All processing finished for executor task 6263
2023-07-07 15:31:06.521 worker_log:584 7400 MainThread [INFO]  Received executor task 6277
2023-07-07 15:31:48.589 worker_log:602 7400 MainThread [INFO]  Completed executor task 6277
2023-07-07 15:31:48.590 worker_log:613 7400 MainThread [INFO]  All processing finished for executor task 6277
2023-07-07 15:31:48.601 worker_log:584 7400 MainThread [INFO]  Received executor task 6301
2023-07-07 15:32:04.264 worker_log:602 7400 MainThread [INFO]  Completed executor task 6301
2023-07-07 15:32:04.264 worker_log:613 7400 MainThread [INFO]  All processing finished for executor task 6301
2023-07-07 15:32:04.275 worker_log:584 7400 MainThread [INFO]  Received executor task 6310
2023-07-07 15:32:46.586 worker_log:602 7400 MainThread [INFO]  Completed executor task 6310
2023-07-07 15:32:46.586 worker_log:613 7400 MainThread [INFO]  All processing finished for executor task 6310
2023-07-07 15:32:46.598 worker_log:584 7400 MainThread [INFO]  Received executor task 6328
2023-07-07 15:33:11.177 worker_log:602 7400 MainThread [INFO]  Completed executor task 6328
2023-07-07 15:33:11.177 worker_log:613 7400 MainThread [INFO]  All processing finished for executor task 6328
2023-07-07 15:33:11.188 worker_log:584 7400 MainThread [INFO]  Received executor task 6342
2023-07-07 15:33:23.459 worker_log:602 7400 MainThread [INFO]  Completed executor task 6342
2023-07-07 15:33:23.469 worker_log:613 7400 MainThread [INFO]  All processing finished for executor task 6342
2023-07-07 15:33:23.482 worker_log:584 7400 MainThread [INFO]  Received executor task 6348
2023-07-07 15:34:01.442 worker_log:602 7400 MainThread [INFO]  Completed executor task 6348
2023-07-07 15:34:01.442 worker_log:613 7400 MainThread [INFO]  All processing finished for executor task 6348
2023-07-07 15:34:01.453 worker_log:584 7400 MainThread [INFO]  Received executor task 6366
2023-07-07 15:34:31.864 worker_log:602 7400 MainThread [INFO]  Completed executor task 6366
2023-07-07 15:34:31.864 worker_log:613 7400 MainThread [INFO]  All processing finished for executor task 6366
2023-07-07 15:34:31.875 worker_log:584 7400 MainThread [INFO]  Received executor task 6383
2023-07-07 15:35:18.200 worker_log:602 7400 MainThread [INFO]  Completed executor task 6383
2023-07-07 15:35:18.206 worker_log:613 7400 MainThread [INFO]  All processing finished for executor task 6383
2023-07-07 15:35:18.212 worker_log:584 7400 MainThread [INFO]  Received executor task 6399
2023-07-07 15:35:35.846 worker_log:602 7400 MainThread [INFO]  Completed executor task 6399
2023-07-07 15:35:35.847 worker_log:613 7400 MainThread [INFO]  All processing finished for executor task 6399
2023-07-07 15:35:35.858 worker_log:584 7400 MainThread [INFO]  Received executor task 6411
2023-07-07 15:36:15.859 worker_log:602 7400 MainThread [INFO]  Completed executor task 6411
2023-07-07 15:36:15.860 worker_log:613 7400 MainThread [INFO]  All processing finished for executor task 6411
2023-07-07 15:36:15.871 worker_log:584 7400 MainThread [INFO]  Received executor task 6429
2023-07-07 15:36:50.032 worker_log:602 7400 MainThread [INFO]  Completed executor task 6429
2023-07-07 15:36:50.033 worker_log:613 7400 MainThread [INFO]  All processing finished for executor task 6429
2023-07-07 15:36:50.044 worker_log:584 7400 MainThread [INFO]  Received executor task 6440
2023-07-07 15:37:29.742 worker_log:602 7400 MainThread [INFO]  Completed executor task 6440
2023-07-07 15:37:29.742 worker_log:613 7400 MainThread [INFO]  All processing finished for executor task 6440
2023-07-07 15:37:29.754 worker_log:584 7400 MainThread [INFO]  Received executor task 6459
2023-07-07 15:38:00.903 worker_log:602 7400 MainThread [INFO]  Completed executor task 6459
2023-07-07 15:38:00.916 worker_log:613 7400 MainThread [INFO]  All processing finished for executor task 6459
2023-07-07 15:38:00.916 worker_log:584 7400 MainThread [INFO]  Received executor task 6476
2023-07-07 15:38:39.054 worker_log:602 7400 MainThread [INFO]  Completed executor task 6476
2023-07-07 15:38:39.055 worker_log:613 7400 MainThread [INFO]  All processing finished for executor task 6476
2023-07-07 15:38:39.066 worker_log:584 7400 MainThread [INFO]  Received executor task 6495
2023-07-07 15:39:19.186 worker_log:602 7400 MainThread [INFO]  Completed executor task 6495
2023-07-07 15:39:19.186 worker_log:613 7400 MainThread [INFO]  All processing finished for executor task 6495
2023-07-07 15:39:19.197 worker_log:584 7400 MainThread [INFO]  Received executor task 6514
2023-07-07 15:40:07.235 worker_log:602 7400 MainThread [INFO]  Completed executor task 6514
2023-07-07 15:40:07.235 worker_log:613 7400 MainThread [INFO]  All processing finished for executor task 6514
2023-07-07 15:40:07.246 worker_log:584 7400 MainThread [INFO]  Received executor task 6534
2023-07-07 15:41:10.273 worker_log:602 7400 MainThread [INFO]  Completed executor task 6534
2023-07-07 15:41:10.285 worker_log:613 7400 MainThread [INFO]  All processing finished for executor task 6534
2023-07-07 15:41:10.285 worker_log:584 7400 MainThread [INFO]  Received executor task 6563
2023-07-07 15:42:14.439 worker_log:602 7400 MainThread [INFO]  Completed executor task 6563
2023-07-07 15:42:14.439 worker_log:613 7400 MainThread [INFO]  All processing finished for executor task 6563
2023-07-07 15:42:14.450 worker_log:584 7400 MainThread [INFO]  Received executor task 6602
2023-07-07 15:42:43.650 worker_log:602 7400 MainThread [INFO]  Completed executor task 6602
2023-07-07 15:42:43.651 worker_log:613 7400 MainThread [INFO]  All processing finished for executor task 6602
2023-07-07 15:42:43.662 worker_log:584 7400 MainThread [INFO]  Received executor task 6616
2023-07-07 15:43:03.520 worker_log:602 7400 MainThread [INFO]  Completed executor task 6616
2023-07-07 15:43:03.521 worker_log:613 7400 MainThread [INFO]  All processing finished for executor task 6616
2023-07-07 15:43:03.532 worker_log:584 7400 MainThread [INFO]  Received executor task 6627
2023-07-07 15:43:43.647 worker_log:602 7400 MainThread [INFO]  Completed executor task 6627
2023-07-07 15:43:43.648 worker_log:613 7400 MainThread [INFO]  All processing finished for executor task 6627
2023-07-07 15:43:43.659 worker_log:584 7400 MainThread [INFO]  Received executor task 6649
2023-07-07 15:44:34.661 worker_log:602 7400 MainThread [INFO]  Completed executor task 6649
2023-07-07 15:44:34.661 worker_log:613 7400 MainThread [INFO]  All processing finished for executor task 6649
2023-07-07 15:44:34.672 worker_log:584 7400 MainThread [INFO]  Received executor task 6677
2023-07-07 15:45:19.495 worker_log:602 7400 MainThread [INFO]  Completed executor task 6677
2023-07-07 15:45:19.495 worker_log:613 7400 MainThread [INFO]  All processing finished for executor task 6677
2023-07-07 15:45:19.508 worker_log:584 7400 MainThread [INFO]  Received executor task 6698
2023-07-07 15:46:35.269 worker_log:602 7400 MainThread [INFO]  Completed executor task 6698
2023-07-07 15:46:35.270 worker_log:613 7400 MainThread [INFO]  All processing finished for executor task 6698
2023-07-07 15:46:35.281 worker_log:584 7400 MainThread [INFO]  Received executor task 6730
2023-07-07 15:46:46.099 worker_log:602 7400 MainThread [INFO]  Completed executor task 6730
2023-07-07 15:46:46.099 worker_log:613 7400 MainThread [INFO]  All processing finished for executor task 6730
2023-07-07 15:46:46.110 worker_log:584 7400 MainThread [INFO]  Received executor task 6736
2023-07-07 15:47:07.080 worker_log:602 7400 MainThread [INFO]  Completed executor task 6736
2023-07-07 15:47:07.080 worker_log:613 7400 MainThread [INFO]  All processing finished for executor task 6736
2023-07-07 15:47:07.091 worker_log:584 7400 MainThread [INFO]  Received executor task 6750
2023-07-07 15:47:28.804 worker_log:602 7400 MainThread [INFO]  Completed executor task 6750
2023-07-07 15:47:28.805 worker_log:613 7400 MainThread [INFO]  All processing finished for executor task 6750
2023-07-07 15:47:28.822 worker_log:584 7400 MainThread [INFO]  Received executor task 6759
2023-07-07 15:47:46.550 worker_log:602 7400 MainThread [INFO]  Completed executor task 6759
2023-07-07 15:47:46.551 worker_log:613 7400 MainThread [INFO]  All processing finished for executor task 6759
2023-07-07 15:47:46.562 worker_log:584 7400 MainThread [INFO]  Received executor task 6770
2023-07-07 15:48:36.728 worker_log:602 7400 MainThread [INFO]  Completed executor task 6770
2023-07-07 15:48:36.729 worker_log:613 7400 MainThread [INFO]  All processing finished for executor task 6770
2023-07-07 15:48:36.740 worker_log:584 7400 MainThread [INFO]  Received executor task 6796
2023-07-07 15:48:54.959 worker_log:602 7400 MainThread [INFO]  Completed executor task 6796
2023-07-07 15:48:54.959 worker_log:613 7400 MainThread [INFO]  All processing finished for executor task 6796
2023-07-07 15:48:54.970 worker_log:584 7400 MainThread [INFO]  Received executor task 6807
2023-07-07 15:49:45.729 worker_log:602 7400 MainThread [INFO]  Completed executor task 6807
2023-07-07 15:49:45.730 worker_log:613 7400 MainThread [INFO]  All processing finished for executor task 6807
2023-07-07 15:49:45.741 worker_log:584 7400 MainThread [INFO]  Received executor task 6838
2023-07-07 15:49:59.737 worker_log:602 7400 MainThread [INFO]  Completed executor task 6838
2023-07-07 15:49:59.747 worker_log:613 7400 MainThread [INFO]  All processing finished for executor task 6838
2023-07-07 15:49:59.749 worker_log:584 7400 MainThread [INFO]  Received executor task 6846
2023-07-07 15:50:23.641 worker_log:602 7400 MainThread [INFO]  Completed executor task 6846
2023-07-07 15:50:23.642 worker_log:613 7400 MainThread [INFO]  All processing finished for executor task 6846
2023-07-07 15:50:23.654 worker_log:584 7400 MainThread [INFO]  Received executor task 6858
2023-07-07 15:50:58.680 worker_log:602 7400 MainThread [INFO]  Completed executor task 6858
2023-07-07 15:50:58.680 worker_log:613 7400 MainThread [INFO]  All processing finished for executor task 6858
2023-07-07 15:50:58.692 worker_log:584 7400 MainThread [INFO]  Received executor task 6877
2023-07-07 15:51:19.148 worker_log:602 7400 MainThread [INFO]  Completed executor task 6877
2023-07-07 15:51:19.149 worker_log:613 7400 MainThread [INFO]  All processing finished for executor task 6877
2023-07-07 15:51:19.169 worker_log:584 7400 MainThread [INFO]  Received executor task 6890
2023-07-07 15:51:52.078 worker_log:602 7400 MainThread [INFO]  Completed executor task 6890
2023-07-07 15:51:52.079 worker_log:613 7400 MainThread [INFO]  All processing finished for executor task 6890
2023-07-07 15:51:52.091 worker_log:584 7400 MainThread [INFO]  Received executor task 6910
2023-07-07 15:52:23.203 worker_log:602 7400 MainThread [INFO]  Completed executor task 6910
2023-07-07 15:52:23.204 worker_log:613 7400 MainThread [INFO]  All processing finished for executor task 6910
2023-07-07 15:52:23.217 worker_log:584 7400 MainThread [INFO]  Received executor task 6929
2023-07-07 15:54:12.590 worker_log:602 7400 MainThread [INFO]  Completed executor task 6929
2023-07-07 15:54:12.591 worker_log:613 7400 MainThread [INFO]  All processing finished for executor task 6929
2023-07-07 15:54:12.602 worker_log:584 7400 MainThread [INFO]  Received executor task 6983
2023-07-07 15:54:54.003 worker_log:602 7400 MainThread [INFO]  Completed executor task 6983
2023-07-07 15:54:54.003 worker_log:613 7400 MainThread [INFO]  All processing finished for executor task 6983
2023-07-07 15:54:54.021 worker_log:584 7400 MainThread [INFO]  Received executor task 7006
2023-07-07 15:55:26.863 worker_log:602 7400 MainThread [INFO]  Completed executor task 7006
2023-07-07 15:55:26.864 worker_log:613 7400 MainThread [INFO]  All processing finished for executor task 7006
2023-07-07 15:55:26.875 worker_log:584 7400 MainThread [INFO]  Received executor task 7020
2023-07-07 15:55:46.182 worker_log:602 7400 MainThread [INFO]  Completed executor task 7020
2023-07-07 15:55:46.182 worker_log:613 7400 MainThread [INFO]  All processing finished for executor task 7020
2023-07-07 15:55:46.194 worker_log:584 7400 MainThread [INFO]  Received executor task 7030
2023-07-07 15:56:24.127 worker_log:602 7400 MainThread [INFO]  Completed executor task 7030
2023-07-07 15:56:24.127 worker_log:613 7400 MainThread [INFO]  All processing finished for executor task 7030
2023-07-07 15:56:24.138 worker_log:584 7400 MainThread [INFO]  Received executor task 7051
2023-07-07 15:57:48.693 worker_log:602 7400 MainThread [INFO]  Completed executor task 7051
2023-07-07 15:57:48.693 worker_log:613 7400 MainThread [INFO]  All processing finished for executor task 7051
2023-07-07 15:57:48.705 worker_log:584 7400 MainThread [INFO]  Received executor task 7096
2023-07-07 15:58:13.881 worker_log:602 7400 MainThread [INFO]  Completed executor task 7096
2023-07-07 15:58:13.881 worker_log:613 7400 MainThread [INFO]  All processing finished for executor task 7096
2023-07-07 15:58:13.892 worker_log:584 7400 MainThread [INFO]  Received executor task 7109
2023-07-07 15:58:55.782 worker_log:602 7400 MainThread [INFO]  Completed executor task 7109
2023-07-07 15:58:55.783 worker_log:613 7400 MainThread [INFO]  All processing finished for executor task 7109
2023-07-07 15:58:55.794 worker_log:584 7400 MainThread [INFO]  Received executor task 7130
2023-07-07 15:59:48.955 worker_log:602 7400 MainThread [INFO]  Completed executor task 7130
2023-07-07 15:59:48.955 worker_log:613 7400 MainThread [INFO]  All processing finished for executor task 7130
2023-07-07 15:59:48.966 worker_log:584 7400 MainThread [INFO]  Received executor task 7156
2023-07-07 16:00:15.704 worker_log:602 7400 MainThread [INFO]  Completed executor task 7156
2023-07-07 16:00:15.705 worker_log:613 7400 MainThread [INFO]  All processing finished for executor task 7156
2023-07-07 16:00:15.725 worker_log:584 7400 MainThread [INFO]  Received executor task 7169
2023-07-07 16:00:44.860 worker_log:602 7400 MainThread [INFO]  Completed executor task 7169
2023-07-07 16:00:44.861 worker_log:613 7400 MainThread [INFO]  All processing finished for executor task 7169
2023-07-07 16:00:44.872 worker_log:584 7400 MainThread [INFO]  Received executor task 7186
2023-07-07 16:01:21.370 worker_log:602 7400 MainThread [INFO]  Completed executor task 7186
2023-07-07 16:01:21.371 worker_log:613 7400 MainThread [INFO]  All processing finished for executor task 7186
2023-07-07 16:01:21.382 worker_log:584 7400 MainThread [INFO]  Received executor task 7202
2023-07-07 16:01:55.652 worker_log:602 7400 MainThread [INFO]  Completed executor task 7202
2023-07-07 16:01:55.652 worker_log:613 7400 MainThread [INFO]  All processing finished for executor task 7202
2023-07-07 16:01:55.663 worker_log:584 7400 MainThread [INFO]  Received executor task 7213
2023-07-07 16:02:10.179 worker_log:602 7400 MainThread [INFO]  Completed executor task 7213
2023-07-07 16:02:10.179 worker_log:613 7400 MainThread [INFO]  All processing finished for executor task 7213
2023-07-07 16:02:10.191 worker_log:584 7400 MainThread [INFO]  Received executor task 7221
2023-07-07 16:02:44.687 worker_log:602 7400 MainThread [INFO]  Completed executor task 7221
2023-07-07 16:02:44.688 worker_log:613 7400 MainThread [INFO]  All processing finished for executor task 7221
2023-07-07 16:02:44.712 worker_log:584 7400 MainThread [INFO]  Received executor task 7232
2023-07-07 16:03:17.871 worker_log:602 7400 MainThread [INFO]  Completed executor task 7232
2023-07-07 16:03:17.872 worker_log:613 7400 MainThread [INFO]  All processing finished for executor task 7232
2023-07-07 16:03:17.882 worker_log:584 7400 MainThread [INFO]  Received executor task 7243
2023-07-07 16:03:40.985 worker_log:602 7400 MainThread [INFO]  Completed executor task 7243
2023-07-07 16:03:40.985 worker_log:613 7400 MainThread [INFO]  All processing finished for executor task 7243
2023-07-07 16:03:40.997 worker_log:584 7400 MainThread [INFO]  Received executor task 7252
2023-07-07 16:05:00.550 worker_log:602 7400 MainThread [INFO]  Completed executor task 7252
2023-07-07 16:05:00.550 worker_log:613 7400 MainThread [INFO]  All processing finished for executor task 7252
2023-07-07 16:05:00.561 worker_log:584 7400 MainThread [INFO]  Received executor task 7281
2023-07-07 16:05:46.659 worker_log:602 7400 MainThread [INFO]  Completed executor task 7281
2023-07-07 16:05:46.659 worker_log:613 7400 MainThread [INFO]  All processing finished for executor task 7281
2023-07-07 16:05:46.670 worker_log:584 7400 MainThread [INFO]  Received executor task 7297
2023-07-07 16:07:03.014 worker_log:602 7400 MainThread [INFO]  Completed executor task 7297
2023-07-07 16:07:03.015 worker_log:613 7400 MainThread [INFO]  All processing finished for executor task 7297
2023-07-07 16:07:03.026 worker_log:584 7400 MainThread [INFO]  Received executor task 7327
2023-07-07 16:08:06.400 worker_log:602 7400 MainThread [INFO]  Completed executor task 7327
2023-07-07 16:08:06.400 worker_log:613 7400 MainThread [INFO]  All processing finished for executor task 7327
2023-07-07 16:08:06.411 worker_log:584 7400 MainThread [INFO]  Received executor task 7353
2023-07-07 16:08:49.530 worker_log:602 7400 MainThread [INFO]  Completed executor task 7353
2023-07-07 16:08:49.531 worker_log:613 7400 MainThread [INFO]  All processing finished for executor task 7353
2023-07-07 16:08:49.546 worker_log:584 7400 MainThread [INFO]  Received executor task 7371
2023-07-07 16:09:19.323 worker_log:602 7400 MainThread [INFO]  Completed executor task 7371
2023-07-07 16:09:19.323 worker_log:613 7400 MainThread [INFO]  All processing finished for executor task 7371
2023-07-07 16:09:19.334 worker_log:584 7400 MainThread [INFO]  Received executor task 7385
2023-07-07 16:09:57.200 worker_log:602 7400 MainThread [INFO]  Completed executor task 7385
2023-07-07 16:09:57.200 worker_log:613 7400 MainThread [INFO]  All processing finished for executor task 7385
2023-07-07 16:09:57.211 worker_log:584 7400 MainThread [INFO]  Received executor task 7404
2023-07-07 16:10:45.332 worker_log:602 7400 MainThread [INFO]  Completed executor task 7404
2023-07-07 16:10:45.332 worker_log:613 7400 MainThread [INFO]  All processing finished for executor task 7404
2023-07-07 16:10:45.343 worker_log:584 7400 MainThread [INFO]  Received executor task 7420
2023-07-07 16:11:16.142 worker_log:602 7400 MainThread [INFO]  Completed executor task 7420
2023-07-07 16:11:16.143 worker_log:613 7400 MainThread [INFO]  All processing finished for executor task 7420
2023-07-07 16:11:16.154 worker_log:584 7400 MainThread [INFO]  Received executor task 7432
2023-07-07 16:12:05.303 worker_log:602 7400 MainThread [INFO]  Completed executor task 7432
2023-07-07 16:12:05.304 worker_log:613 7400 MainThread [INFO]  All processing finished for executor task 7432
2023-07-07 16:12:05.315 worker_log:584 7400 MainThread [INFO]  Received executor task 7450
2023-07-07 16:13:02.806 worker_log:602 7400 MainThread [INFO]  Completed executor task 7450
2023-07-07 16:13:02.806 worker_log:613 7400 MainThread [INFO]  All processing finished for executor task 7450
2023-07-07 16:13:02.820 worker_log:584 7400 MainThread [INFO]  Received executor task 7477
2023-07-07 16:13:14.851 worker_log:602 7400 MainThread [INFO]  Completed executor task 7477
2023-07-07 16:13:14.851 worker_log:613 7400 MainThread [INFO]  All processing finished for executor task 7477
2023-07-07 16:13:14.863 worker_log:584 7400 MainThread [INFO]  Received executor task 7484
2023-07-07 16:13:46.499 worker_log:602 7400 MainThread [INFO]  Completed executor task 7484
2023-07-07 16:13:46.499 worker_log:613 7400 MainThread [INFO]  All processing finished for executor task 7484
2023-07-07 16:13:46.511 worker_log:584 7400 MainThread [INFO]  Received executor task 7503
2023-07-07 16:14:31.696 worker_log:602 7400 MainThread [INFO]  Completed executor task 7503
2023-07-07 16:14:31.697 worker_log:613 7400 MainThread [INFO]  All processing finished for executor task 7503
2023-07-07 16:14:31.708 worker_log:584 7400 MainThread [INFO]  Received executor task 7525
2023-07-07 16:15:02.114 worker_log:602 7400 MainThread [INFO]  Completed executor task 7525
2023-07-07 16:15:02.114 worker_log:613 7400 MainThread [INFO]  All processing finished for executor task 7525
2023-07-07 16:15:02.126 worker_log:584 7400 MainThread [INFO]  Received executor task 7537
2023-07-07 16:15:09.714 worker_log:602 7400 MainThread [INFO]  Completed executor task 7537
2023-07-07 16:15:09.714 worker_log:613 7400 MainThread [INFO]  All processing finished for executor task 7537
2023-07-07 16:15:09.725 worker_log:584 7400 MainThread [INFO]  Received executor task 7544
2023-07-07 16:15:43.347 worker_log:602 7400 MainThread [INFO]  Completed executor task 7544
2023-07-07 16:15:43.347 worker_log:613 7400 MainThread [INFO]  All processing finished for executor task 7544
2023-07-07 16:15:43.358 worker_log:584 7400 MainThread [INFO]  Received executor task 7559
2023-07-07 16:16:08.739 worker_log:602 7400 MainThread [INFO]  Completed executor task 7559
2023-07-07 16:16:08.740 worker_log:613 7400 MainThread [INFO]  All processing finished for executor task 7559
2023-07-07 16:16:08.751 worker_log:584 7400 MainThread [INFO]  Received executor task 7578
2023-07-07 16:17:07.173 worker_log:602 7400 MainThread [INFO]  Completed executor task 7578
2023-07-07 16:17:07.173 worker_log:613 7400 MainThread [INFO]  All processing finished for executor task 7578
2023-07-07 16:17:07.189 worker_log:584 7400 MainThread [INFO]  Received executor task 7606
2023-07-07 16:17:47.385 worker_log:602 7400 MainThread [INFO]  Completed executor task 7606
2023-07-07 16:17:47.386 worker_log:613 7400 MainThread [INFO]  All processing finished for executor task 7606
2023-07-07 16:17:47.398 worker_log:584 7400 MainThread [INFO]  Received executor task 7627
2023-07-07 16:19:00.809 worker_log:602 7400 MainThread [INFO]  Completed executor task 7627
2023-07-07 16:19:00.809 worker_log:613 7400 MainThread [INFO]  All processing finished for executor task 7627
2023-07-07 16:19:00.821 worker_log:584 7400 MainThread [INFO]  Received executor task 7655
2023-07-07 16:19:08.577 worker_log:602 7400 MainThread [INFO]  Completed executor task 7655
2023-07-07 16:19:08.577 worker_log:613 7400 MainThread [INFO]  All processing finished for executor task 7655
2023-07-07 16:19:08.588 worker_log:584 7400 MainThread [INFO]  Received executor task 7656
2023-07-07 16:20:06.326 worker_log:602 7400 MainThread [INFO]  Completed executor task 7656
2023-07-07 16:20:06.327 worker_log:613 7400 MainThread [INFO]  All processing finished for executor task 7656
2023-07-07 16:20:06.338 worker_log:584 7400 MainThread [INFO]  Received executor task 7686
2023-07-07 16:20:22.073 worker_log:602 7400 MainThread [INFO]  Completed executor task 7686
2023-07-07 16:20:22.074 worker_log:613 7400 MainThread [INFO]  All processing finished for executor task 7686
2023-07-07 16:20:22.085 worker_log:584 7400 MainThread [INFO]  Received executor task 7693
2023-07-07 16:21:13.889 worker_log:602 7400 MainThread [INFO]  Completed executor task 7693
2023-07-07 16:21:13.890 worker_log:613 7400 MainThread [INFO]  All processing finished for executor task 7693
2023-07-07 16:21:13.901 worker_log:584 7400 MainThread [INFO]  Received executor task 7722
2023-07-07 16:21:53.776 worker_log:602 7400 MainThread [INFO]  Completed executor task 7722
2023-07-07 16:21:53.777 worker_log:613 7400 MainThread [INFO]  All processing finished for executor task 7722
2023-07-07 16:21:53.788 worker_log:584 7400 MainThread [INFO]  Received executor task 7741
2023-07-07 16:22:36.717 worker_log:602 7400 MainThread [INFO]  Completed executor task 7741
2023-07-07 16:22:36.718 worker_log:613 7400 MainThread [INFO]  All processing finished for executor task 7741
2023-07-07 16:22:36.729 worker_log:584 7400 MainThread [INFO]  Received executor task 7764
2023-07-07 16:23:08.040 worker_log:602 7400 MainThread [INFO]  Completed executor task 7764
2023-07-07 16:23:08.041 worker_log:613 7400 MainThread [INFO]  All processing finished for executor task 7764
2023-07-07 16:23:08.052 worker_log:584 7400 MainThread [INFO]  Received executor task 7783
2023-07-07 16:23:32.421 worker_log:602 7400 MainThread [INFO]  Completed executor task 7783
2023-07-07 16:23:32.422 worker_log:613 7400 MainThread [INFO]  All processing finished for executor task 7783
2023-07-07 16:23:32.433 worker_log:584 7400 MainThread [INFO]  Received executor task 7799
2023-07-07 16:23:53.981 worker_log:602 7400 MainThread [INFO]  Completed executor task 7799
2023-07-07 16:23:53.981 worker_log:613 7400 MainThread [INFO]  All processing finished for executor task 7799
2023-07-07 16:23:53.992 worker_log:584 7400 MainThread [INFO]  Received executor task 7813
2023-07-07 16:24:38.076 worker_log:602 7400 MainThread [INFO]  Completed executor task 7813
2023-07-07 16:24:38.076 worker_log:613 7400 MainThread [INFO]  All processing finished for executor task 7813
2023-07-07 16:24:38.087 worker_log:584 7400 MainThread [INFO]  Received executor task 7836
2023-07-07 16:25:22.520 worker_log:602 7400 MainThread [INFO]  Completed executor task 7836
2023-07-07 16:25:22.521 worker_log:613 7400 MainThread [INFO]  All processing finished for executor task 7836
2023-07-07 16:25:22.532 worker_log:584 7400 MainThread [INFO]  Received executor task 7859
2023-07-07 16:25:49.765 worker_log:602 7400 MainThread [INFO]  Completed executor task 7859
2023-07-07 16:25:49.766 worker_log:613 7400 MainThread [INFO]  All processing finished for executor task 7859
2023-07-07 16:25:49.777 worker_log:584 7400 MainThread [INFO]  Received executor task 7875
2023-07-07 16:26:09.292 worker_log:602 7400 MainThread [INFO]  Completed executor task 7875
2023-07-07 16:26:09.293 worker_log:613 7400 MainThread [INFO]  All processing finished for executor task 7875
2023-07-07 16:26:09.304 worker_log:584 7400 MainThread [INFO]  Received executor task 7883
2023-07-07 16:26:35.509 worker_log:602 7400 MainThread [INFO]  Completed executor task 7883
2023-07-07 16:26:35.509 worker_log:613 7400 MainThread [INFO]  All processing finished for executor task 7883
2023-07-07 16:26:35.520 worker_log:584 7400 MainThread [INFO]  Received executor task 7896
2023-07-07 16:27:05.468 worker_log:602 7400 MainThread [INFO]  Completed executor task 7896
2023-07-07 16:27:05.469 worker_log:613 7400 MainThread [INFO]  All processing finished for executor task 7896
2023-07-07 16:27:05.480 worker_log:584 7400 MainThread [INFO]  Received executor task 7907
2023-07-07 16:27:29.440 worker_log:602 7400 MainThread [INFO]  Completed executor task 7907
2023-07-07 16:27:29.440 worker_log:613 7400 MainThread [INFO]  All processing finished for executor task 7907
2023-07-07 16:27:29.452 worker_log:584 7400 MainThread [INFO]  Received executor task 7918
2023-07-07 16:28:02.139 worker_log:602 7400 MainThread [INFO]  Completed executor task 7918
2023-07-07 16:28:02.140 worker_log:613 7400 MainThread [INFO]  All processing finished for executor task 7918
2023-07-07 16:28:02.151 worker_log:584 7400 MainThread [INFO]  Received executor task 7930
2023-07-07 16:28:38.977 worker_log:602 7400 MainThread [INFO]  Completed executor task 7930
2023-07-07 16:28:38.978 worker_log:613 7400 MainThread [INFO]  All processing finished for executor task 7930
2023-07-07 16:28:38.989 worker_log:584 7400 MainThread [INFO]  Received executor task 7950
2023-07-07 16:28:56.564 worker_log:602 7400 MainThread [INFO]  Completed executor task 7950
2023-07-07 16:28:56.565 worker_log:613 7400 MainThread [INFO]  All processing finished for executor task 7950
2023-07-07 16:28:56.566 worker_log:584 7400 MainThread [INFO]  Received executor task 7957
2023-07-07 16:29:16.456 worker_log:602 7400 MainThread [INFO]  Completed executor task 7957
2023-07-07 16:29:16.456 worker_log:613 7400 MainThread [INFO]  All processing finished for executor task 7957
2023-07-07 16:29:16.467 worker_log:584 7400 MainThread [INFO]  Received executor task 7968
2023-07-07 16:29:34.261 worker_log:602 7400 MainThread [INFO]  Completed executor task 7968
2023-07-07 16:29:34.262 worker_log:613 7400 MainThread [INFO]  All processing finished for executor task 7968
2023-07-07 16:29:34.272 worker_log:584 7400 MainThread [INFO]  Received executor task 7975
2023-07-07 16:30:10.524 worker_log:602 7400 MainThread [INFO]  Completed executor task 7975
2023-07-07 16:30:10.525 worker_log:613 7400 MainThread [INFO]  All processing finished for executor task 7975
2023-07-07 16:30:10.536 worker_log:584 7400 MainThread [INFO]  Received executor task 7991
2023-07-07 16:30:38.416 worker_log:602 7400 MainThread [INFO]  Completed executor task 7991
2023-07-07 16:30:38.416 worker_log:613 7400 MainThread [INFO]  All processing finished for executor task 7991
2023-07-07 16:30:38.428 worker_log:584 7400 MainThread [INFO]  Received executor task 8001
2023-07-07 16:31:00.372 worker_log:602 7400 MainThread [INFO]  Completed executor task 8001
2023-07-07 16:31:00.372 worker_log:613 7400 MainThread [INFO]  All processing finished for executor task 8001
2023-07-07 16:31:00.384 worker_log:584 7400 MainThread [INFO]  Received executor task 8016
2023-07-07 16:31:08.406 worker_log:602 7400 MainThread [INFO]  Completed executor task 8016
2023-07-07 16:31:08.406 worker_log:613 7400 MainThread [INFO]  All processing finished for executor task 8016
2023-07-07 16:31:08.417 worker_log:584 7400 MainThread [INFO]  Received executor task 8019
2023-07-07 16:32:03.060 worker_log:602 7400 MainThread [INFO]  Completed executor task 8019
2023-07-07 16:32:03.060 worker_log:613 7400 MainThread [INFO]  All processing finished for executor task 8019
2023-07-07 16:32:03.062 worker_log:584 7400 MainThread [INFO]  Received executor task 8038
2023-07-07 16:32:28.755 worker_log:602 7400 MainThread [INFO]  Completed executor task 8038
2023-07-07 16:32:28.755 worker_log:613 7400 MainThread [INFO]  All processing finished for executor task 8038
2023-07-07 16:32:28.766 worker_log:584 7400 MainThread [INFO]  Received executor task 8052
2023-07-07 16:32:51.816 worker_log:602 7400 MainThread [INFO]  Completed executor task 8052
2023-07-07 16:32:51.816 worker_log:613 7400 MainThread [INFO]  All processing finished for executor task 8052
2023-07-07 16:32:51.827 worker_log:584 7400 MainThread [INFO]  Received executor task 8063
2023-07-07 16:33:16.476 worker_log:602 7400 MainThread [INFO]  Completed executor task 8063
2023-07-07 16:33:16.476 worker_log:613 7400 MainThread [INFO]  All processing finished for executor task 8063
2023-07-07 16:33:16.487 worker_log:584 7400 MainThread [INFO]  Received executor task 8073
2023-07-07 16:33:41.329 worker_log:602 7400 MainThread [INFO]  Completed executor task 8073
2023-07-07 16:33:41.330 worker_log:613 7400 MainThread [INFO]  All processing finished for executor task 8073
2023-07-07 16:33:41.341 worker_log:584 7400 MainThread [INFO]  Received executor task 8083
2023-07-07 16:34:15.607 worker_log:602 7400 MainThread [INFO]  Completed executor task 8083
2023-07-07 16:34:15.607 worker_log:613 7400 MainThread [INFO]  All processing finished for executor task 8083
2023-07-07 16:34:15.619 worker_log:584 7400 MainThread [INFO]  Received executor task 8101
2023-07-07 16:34:49.787 worker_log:602 7400 MainThread [INFO]  Completed executor task 8101
2023-07-07 16:34:49.787 worker_log:613 7400 MainThread [INFO]  All processing finished for executor task 8101
2023-07-07 16:34:49.798 worker_log:584 7400 MainThread [INFO]  Received executor task 8114
2023-07-07 16:35:27.676 worker_log:602 7400 MainThread [INFO]  Completed executor task 8114
2023-07-07 16:35:27.676 worker_log:613 7400 MainThread [INFO]  All processing finished for executor task 8114
2023-07-07 16:35:27.687 worker_log:584 7400 MainThread [INFO]  Received executor task 8128
2023-07-07 16:36:19.988 worker_log:602 7400 MainThread [INFO]  Completed executor task 8128
2023-07-07 16:36:19.988 worker_log:613 7400 MainThread [INFO]  All processing finished for executor task 8128
2023-07-07 16:36:19.999 worker_log:584 7400 MainThread [INFO]  Received executor task 8145
2023-07-07 16:36:48.368 worker_log:602 7400 MainThread [INFO]  Completed executor task 8145
2023-07-07 16:36:48.368 worker_log:613 7400 MainThread [INFO]  All processing finished for executor task 8145
2023-07-07 16:36:48.379 worker_log:584 7400 MainThread [INFO]  Received executor task 8153
2023-07-07 16:37:44.674 worker_log:602 7400 MainThread [INFO]  Completed executor task 8153
2023-07-07 16:37:44.674 worker_log:613 7400 MainThread [INFO]  All processing finished for executor task 8153
2023-07-07 16:37:44.685 worker_log:584 7400 MainThread [INFO]  Received executor task 8172
2023-07-07 16:38:23.657 worker_log:602 7400 MainThread [INFO]  Completed executor task 8172
2023-07-07 16:38:23.658 worker_log:613 7400 MainThread [INFO]  All processing finished for executor task 8172
2023-07-07 16:38:23.669 worker_log:584 7400 MainThread [INFO]  Received executor task 8185
2023-07-07 16:39:24.881 worker_log:602 7400 MainThread [INFO]  Completed executor task 8185
2023-07-07 16:39:24.882 worker_log:613 7400 MainThread [INFO]  All processing finished for executor task 8185
2023-07-07 16:39:24.893 worker_log:584 7400 MainThread [INFO]  Received executor task 8205
2023-07-07 16:40:11.721 worker_log:602 7400 MainThread [INFO]  Completed executor task 8205
2023-07-07 16:40:11.722 worker_log:613 7400 MainThread [INFO]  All processing finished for executor task 8205
2023-07-07 16:40:11.733 worker_log:584 7400 MainThread [INFO]  Received executor task 8216
2023-07-07 16:41:01.642 worker_log:602 7400 MainThread [INFO]  Completed executor task 8216
2023-07-07 16:41:01.643 worker_log:613 7400 MainThread [INFO]  All processing finished for executor task 8216
2023-07-07 16:41:01.656 worker_log:584 7400 MainThread [INFO]  Received executor task 8235
2023-07-07 16:41:52.150 worker_log:602 7400 MainThread [INFO]  Completed executor task 8235
2023-07-07 16:41:52.150 worker_log:613 7400 MainThread [INFO]  All processing finished for executor task 8235
2023-07-07 16:41:52.151 worker_log:584 7400 MainThread [INFO]  Received executor task 8251
2023-07-07 16:42:26.642 worker_log:602 7400 MainThread [INFO]  Completed executor task 8251
2023-07-07 16:42:26.642 worker_log:613 7400 MainThread [INFO]  All processing finished for executor task 8251
2023-07-07 16:42:26.654 worker_log:584 7400 MainThread [INFO]  Received executor task 8259
2023-07-07 16:43:14.429 worker_log:602 7400 MainThread [INFO]  Completed executor task 8259
2023-07-07 16:43:14.430 worker_log:613 7400 MainThread [INFO]  All processing finished for executor task 8259
2023-07-07 16:43:14.441 worker_log:584 7400 MainThread [INFO]  Received executor task 8279
2023-07-07 16:44:27.731 worker_log:602 7400 MainThread [INFO]  Completed executor task 8279
2023-07-07 16:44:27.731 worker_log:613 7400 MainThread [INFO]  All processing finished for executor task 8279
2023-07-07 16:44:27.748 worker_log:584 7400 MainThread [INFO]  Received executor task 8297
2023-07-07 16:45:10.878 worker_log:602 7400 MainThread [INFO]  Completed executor task 8297
2023-07-07 16:45:10.878 worker_log:613 7400 MainThread [INFO]  All processing finished for executor task 8297
2023-07-07 16:45:10.891 worker_log:584 7400 MainThread [INFO]  Received executor task 8306
2023-07-07 16:46:24.556 worker_log:602 7400 MainThread [INFO]  Completed executor task 8306
2023-07-07 16:46:24.556 worker_log:613 7400 MainThread [INFO]  All processing finished for executor task 8306
2023-07-07 16:46:24.567 worker_log:584 7400 MainThread [INFO]  Received executor task 8326
2023-07-07 16:47:38.659 worker_log:602 7400 MainThread [INFO]  Completed executor task 8326
2023-07-07 16:47:38.660 worker_log:613 7400 MainThread [INFO]  All processing finished for executor task 8326
2023-07-07 16:47:38.671 worker_log:584 7400 MainThread [INFO]  Received executor task 8341
2023-07-07 16:48:47.569 worker_log:602 7400 MainThread [INFO]  Completed executor task 8341
2023-07-07 16:48:47.570 worker_log:613 7400 MainThread [INFO]  All processing finished for executor task 8341
2023-07-07 16:48:47.581 worker_log:584 7400 MainThread [INFO]  Received executor task 8358
2023-07-07 16:49:27.916 worker_log:602 7400 MainThread [INFO]  Completed executor task 8358
2023-07-07 16:49:27.916 worker_log:613 7400 MainThread [INFO]  All processing finished for executor task 8358
2023-07-07 16:49:27.928 worker_log:584 7400 MainThread [INFO]  Received executor task 8369
2023-07-07 16:50:39.661 worker_log:602 7400 MainThread [INFO]  Completed executor task 8369
2023-07-07 16:50:39.662 worker_log:613 7400 MainThread [INFO]  All processing finished for executor task 8369
2023-07-07 16:50:39.673 worker_log:584 7400 MainThread [INFO]  Received executor task 8388
2023-07-07 16:51:19.797 worker_log:602 7400 MainThread [INFO]  Completed executor task 8388
2023-07-07 16:51:19.798 worker_log:613 7400 MainThread [INFO]  All processing finished for executor task 8388
2023-07-07 16:51:19.809 worker_log:584 7400 MainThread [INFO]  Received executor task 8402
2023-07-07 16:52:17.966 worker_log:602 7400 MainThread [INFO]  Completed executor task 8402
2023-07-07 16:52:17.966 worker_log:613 7400 MainThread [INFO]  All processing finished for executor task 8402
2023-07-07 16:52:17.978 worker_log:584 7400 MainThread [INFO]  Received executor task 8420
2023-07-07 16:52:56.081 worker_log:602 7400 MainThread [INFO]  Completed executor task 8420
2023-07-07 16:52:56.092 worker_log:613 7400 MainThread [INFO]  All processing finished for executor task 8420
2023-07-07 16:52:56.093 worker_log:584 7400 MainThread [INFO]  Received executor task 8433
2023-07-07 16:53:50.155 worker_log:602 7400 MainThread [INFO]  Completed executor task 8433
2023-07-07 16:53:50.155 worker_log:613 7400 MainThread [INFO]  All processing finished for executor task 8433
2023-07-07 16:53:50.166 worker_log:584 7400 MainThread [INFO]  Received executor task 8456
2023-07-07 16:54:11.128 worker_log:602 7400 MainThread [INFO]  Completed executor task 8456
2023-07-07 16:54:11.129 worker_log:613 7400 MainThread [INFO]  All processing finished for executor task 8456
2023-07-07 16:54:11.140 worker_log:584 7400 MainThread [INFO]  Received executor task 8468
2023-07-07 16:54:32.836 worker_log:602 7400 MainThread [INFO]  Completed executor task 8468
2023-07-07 16:54:32.850 worker_log:613 7400 MainThread [INFO]  All processing finished for executor task 8468
2023-07-07 16:54:32.850 worker_log:584 7400 MainThread [INFO]  Received executor task 8484
2023-07-07 16:55:08.782 worker_log:602 7400 MainThread [INFO]  Completed executor task 8484
2023-07-07 16:55:08.782 worker_log:613 7400 MainThread [INFO]  All processing finished for executor task 8484
2023-07-07 16:55:08.793 worker_log:584 7400 MainThread [INFO]  Received executor task 8500
2023-07-07 16:55:47.158 worker_log:602 7400 MainThread [INFO]  Completed executor task 8500
2023-07-07 16:55:47.159 worker_log:613 7400 MainThread [INFO]  All processing finished for executor task 8500
2023-07-07 16:55:47.171 worker_log:584 7400 MainThread [INFO]  Received executor task 8515
2023-07-07 16:56:36.022 worker_log:602 7400 MainThread [INFO]  Completed executor task 8515
2023-07-07 16:56:36.022 worker_log:613 7400 MainThread [INFO]  All processing finished for executor task 8515
2023-07-07 16:56:36.033 worker_log:584 7400 MainThread [INFO]  Received executor task 8537
2023-07-07 16:57:04.370 worker_log:602 7400 MainThread [INFO]  Completed executor task 8537
2023-07-07 16:57:04.370 worker_log:613 7400 MainThread [INFO]  All processing finished for executor task 8537
2023-07-07 16:57:04.381 worker_log:584 7400 MainThread [INFO]  Received executor task 8553
2023-07-07 16:57:14.359 worker_log:602 7400 MainThread [INFO]  Completed executor task 8553
2023-07-07 16:57:14.359 worker_log:613 7400 MainThread [INFO]  All processing finished for executor task 8553
2023-07-07 16:57:14.370 worker_log:584 7400 MainThread [INFO]  Received executor task 8558
2023-07-07 16:57:41.431 worker_log:602 7400 MainThread [INFO]  Completed executor task 8558
2023-07-07 16:57:41.432 worker_log:613 7400 MainThread [INFO]  All processing finished for executor task 8558
2023-07-07 16:57:41.443 worker_log:584 7400 MainThread [INFO]  Received executor task 8569
2023-07-07 16:57:53.104 worker_log:602 7400 MainThread [INFO]  Completed executor task 8569
2023-07-07 16:57:53.105 worker_log:613 7400 MainThread [INFO]  All processing finished for executor task 8569
2023-07-07 16:57:53.116 worker_log:584 7400 MainThread [INFO]  Received executor task 8574
2023-07-07 16:58:06.257 worker_log:602 7400 MainThread [INFO]  Completed executor task 8574
2023-07-07 16:58:06.258 worker_log:613 7400 MainThread [INFO]  All processing finished for executor task 8574
2023-07-07 16:58:06.269 worker_log:584 7400 MainThread [INFO]  Received executor task 8580
2023-07-07 16:58:25.109 worker_log:602 7400 MainThread [INFO]  Completed executor task 8580
2023-07-07 16:58:25.109 worker_log:613 7400 MainThread [INFO]  All processing finished for executor task 8580
2023-07-07 16:58:25.120 worker_log:584 7400 MainThread [INFO]  Received executor task 8594
2023-07-07 16:58:39.111 worker_log:602 7400 MainThread [INFO]  Completed executor task 8594
2023-07-07 16:58:39.116 worker_log:613 7400 MainThread [INFO]  All processing finished for executor task 8594
2023-07-07 16:58:39.123 worker_log:584 7400 MainThread [INFO]  Received executor task 8602
2023-07-07 16:59:04.030 worker_log:602 7400 MainThread [INFO]  Completed executor task 8602
2023-07-07 16:59:04.031 worker_log:613 7400 MainThread [INFO]  All processing finished for executor task 8602
2023-07-07 16:59:04.042 worker_log:584 7400 MainThread [INFO]  Received executor task 8612
2023-07-07 16:59:34.196 worker_log:602 7400 MainThread [INFO]  Completed executor task 8612
2023-07-07 16:59:34.203 worker_log:613 7400 MainThread [INFO]  All processing finished for executor task 8612
2023-07-07 16:59:34.208 worker_log:584 7400 MainThread [INFO]  Received executor task 8633
2023-07-07 17:00:03.085 worker_log:602 7400 MainThread [INFO]  Completed executor task 8633
2023-07-07 17:00:03.086 worker_log:613 7400 MainThread [INFO]  All processing finished for executor task 8633
2023-07-07 17:00:03.097 worker_log:584 7400 MainThread [INFO]  Received executor task 8645
2023-07-07 17:00:44.386 worker_log:602 7400 MainThread [INFO]  Completed executor task 8645
2023-07-07 17:00:44.386 worker_log:613 7400 MainThread [INFO]  All processing finished for executor task 8645
2023-07-07 17:00:44.397 worker_log:584 7400 MainThread [INFO]  Received executor task 8667
2023-07-07 17:01:08.373 worker_log:602 7400 MainThread [INFO]  Completed executor task 8667
2023-07-07 17:01:08.373 worker_log:613 7400 MainThread [INFO]  All processing finished for executor task 8667
2023-07-07 17:01:08.385 worker_log:584 7400 MainThread [INFO]  Received executor task 8676
2023-07-07 17:01:34.774 worker_log:602 7400 MainThread [INFO]  Completed executor task 8676
2023-07-07 17:01:34.775 worker_log:613 7400 MainThread [INFO]  All processing finished for executor task 8676
2023-07-07 17:01:34.786 worker_log:584 7400 MainThread [INFO]  Received executor task 8688
2023-07-07 17:01:55.139 worker_log:602 7400 MainThread [INFO]  Completed executor task 8688
2023-07-07 17:01:55.140 worker_log:613 7400 MainThread [INFO]  All processing finished for executor task 8688
2023-07-07 17:01:55.151 worker_log:584 7400 MainThread [INFO]  Received executor task 8698
2023-07-07 17:02:13.841 worker_log:602 7400 MainThread [INFO]  Completed executor task 8698
2023-07-07 17:02:13.841 worker_log:613 7400 MainThread [INFO]  All processing finished for executor task 8698
2023-07-07 17:02:13.852 worker_log:584 7400 MainThread [INFO]  Received executor task 8710
2023-07-07 17:02:34.641 worker_log:602 7400 MainThread [INFO]  Completed executor task 8710
2023-07-07 17:02:34.642 worker_log:613 7400 MainThread [INFO]  All processing finished for executor task 8710
2023-07-07 17:02:34.653 worker_log:584 7400 MainThread [INFO]  Received executor task 8725
2023-07-07 17:02:50.036 worker_log:602 7400 MainThread [INFO]  Completed executor task 8725
2023-07-07 17:02:50.036 worker_log:613 7400 MainThread [INFO]  All processing finished for executor task 8725
2023-07-07 17:02:50.047 worker_log:584 7400 MainThread [INFO]  Received executor task 8735
2023-07-07 17:03:14.905 worker_log:602 7400 MainThread [INFO]  Completed executor task 8735
2023-07-07 17:03:14.906 worker_log:613 7400 MainThread [INFO]  All processing finished for executor task 8735
2023-07-07 17:03:14.917 worker_log:584 7400 MainThread [INFO]  Received executor task 8750
2023-07-07 17:03:40.748 worker_log:602 7400 MainThread [INFO]  Completed executor task 8750
2023-07-07 17:03:40.748 worker_log:613 7400 MainThread [INFO]  All processing finished for executor task 8750
2023-07-07 17:03:40.760 worker_log:584 7400 MainThread [INFO]  Received executor task 8766
2023-07-07 17:04:23.545 worker_log:602 7400 MainThread [INFO]  Completed executor task 8766
2023-07-07 17:04:23.545 worker_log:613 7400 MainThread [INFO]  All processing finished for executor task 8766
2023-07-07 17:04:23.557 worker_log:584 7400 MainThread [INFO]  Received executor task 8784
2023-07-07 17:05:23.270 worker_log:602 7400 MainThread [INFO]  Completed executor task 8784
2023-07-07 17:05:23.271 worker_log:613 7400 MainThread [INFO]  All processing finished for executor task 8784
2023-07-07 17:05:23.282 worker_log:584 7400 MainThread [INFO]  Received executor task 8823
2023-07-07 17:05:54.481 worker_log:602 7400 MainThread [INFO]  Completed executor task 8823
2023-07-07 17:05:54.481 worker_log:613 7400 MainThread [INFO]  All processing finished for executor task 8823
2023-07-07 17:05:54.492 worker_log:584 7400 MainThread [INFO]  Received executor task 8836
2023-07-07 17:06:19.983 worker_log:602 7400 MainThread [INFO]  Completed executor task 8836
2023-07-07 17:06:19.984 worker_log:613 7400 MainThread [INFO]  All processing finished for executor task 8836
2023-07-07 17:06:19.995 worker_log:584 7400 MainThread [INFO]  Received executor task 8853
2023-07-07 17:07:16.168 worker_log:602 7400 MainThread [INFO]  Completed executor task 8853
2023-07-07 17:07:16.168 worker_log:613 7400 MainThread [INFO]  All processing finished for executor task 8853
2023-07-07 17:07:16.180 worker_log:584 7400 MainThread [INFO]  Received executor task 8880
2023-07-07 17:07:32.817 worker_log:602 7400 MainThread [INFO]  Completed executor task 8880
2023-07-07 17:07:32.817 worker_log:613 7400 MainThread [INFO]  All processing finished for executor task 8880
2023-07-07 17:07:32.828 worker_log:584 7400 MainThread [INFO]  Received executor task 8889
2023-07-07 17:07:50.979 worker_log:602 7400 MainThread [INFO]  Completed executor task 8889
2023-07-07 17:07:50.980 worker_log:613 7400 MainThread [INFO]  All processing finished for executor task 8889
2023-07-07 17:07:50.991 worker_log:584 7400 MainThread [INFO]  Received executor task 8899
2023-07-07 17:08:18.279 worker_log:602 7400 MainThread [INFO]  Completed executor task 8899
2023-07-07 17:08:18.279 worker_log:613 7400 MainThread [INFO]  All processing finished for executor task 8899
2023-07-07 17:08:18.290 worker_log:584 7400 MainThread [INFO]  Received executor task 8918
2023-07-07 17:08:39.480 worker_log:602 7400 MainThread [INFO]  Completed executor task 8918
2023-07-07 17:08:39.480 worker_log:613 7400 MainThread [INFO]  All processing finished for executor task 8918
2023-07-07 17:08:39.491 worker_log:584 7400 MainThread [INFO]  Received executor task 8926
2023-07-07 17:09:01.186 worker_log:602 7400 MainThread [INFO]  Completed executor task 8926
2023-07-07 17:09:01.186 worker_log:613 7400 MainThread [INFO]  All processing finished for executor task 8926
2023-07-07 17:09:01.197 worker_log:584 7400 MainThread [INFO]  Received executor task 8940
2023-07-07 17:09:26.785 worker_log:602 7400 MainThread [INFO]  Completed executor task 8940
2023-07-07 17:09:26.785 worker_log:613 7400 MainThread [INFO]  All processing finished for executor task 8940
2023-07-07 17:09:26.796 worker_log:584 7400 MainThread [INFO]  Received executor task 8957
2023-07-07 17:09:56.492 worker_log:602 7400 MainThread [INFO]  Completed executor task 8957
2023-07-07 17:09:56.493 worker_log:613 7400 MainThread [INFO]  All processing finished for executor task 8957
2023-07-07 17:09:56.504 worker_log:584 7400 MainThread [INFO]  Received executor task 8973
2023-07-07 17:10:23.008 worker_log:602 7400 MainThread [INFO]  Completed executor task 8973
2023-07-07 17:10:23.009 worker_log:613 7400 MainThread [INFO]  All processing finished for executor task 8973
2023-07-07 17:10:23.020 worker_log:584 7400 MainThread [INFO]  Received executor task 8988
2023-07-07 17:10:59.938 worker_log:602 7400 MainThread [INFO]  Completed executor task 8988
2023-07-07 17:10:59.939 worker_log:613 7400 MainThread [INFO]  All processing finished for executor task 8988
2023-07-07 17:10:59.950 worker_log:584 7400 MainThread [INFO]  Received executor task 9000
2023-07-07 17:11:40.825 worker_log:602 7400 MainThread [INFO]  Completed executor task 9000
2023-07-07 17:11:40.825 worker_log:613 7400 MainThread [INFO]  All processing finished for executor task 9000
2023-07-07 17:11:40.836 worker_log:584 7400 MainThread [INFO]  Received executor task 9011
2023-07-07 17:13:43.827 worker_log:602 7400 MainThread [INFO]  Completed executor task 9011
2023-07-07 17:13:43.827 worker_log:613 7400 MainThread [INFO]  All processing finished for executor task 9011
2023-07-07 17:13:43.838 worker_log:584 7400 MainThread [INFO]  Received executor task 9053
2023-07-07 17:14:36.752 worker_log:602 7400 MainThread [INFO]  Completed executor task 9053
2023-07-07 17:14:36.752 worker_log:613 7400 MainThread [INFO]  All processing finished for executor task 9053
2023-07-07 17:14:36.764 worker_log:584 7400 MainThread [INFO]  Received executor task 9070
2023-07-07 17:15:36.645 worker_log:602 7400 MainThread [INFO]  Completed executor task 9070
2023-07-07 17:15:36.645 worker_log:613 7400 MainThread [INFO]  All processing finished for executor task 9070
2023-07-07 17:15:36.657 worker_log:584 7400 MainThread [INFO]  Received executor task 9093
2023-07-07 17:16:15.788 worker_log:602 7400 MainThread [INFO]  Completed executor task 9093
2023-07-07 17:16:15.788 worker_log:613 7400 MainThread [INFO]  All processing finished for executor task 9093
2023-07-07 17:16:15.799 worker_log:584 7400 MainThread [INFO]  Received executor task 9108
2023-07-07 17:16:29.983 worker_log:602 7400 MainThread [INFO]  Completed executor task 9108
2023-07-07 17:16:29.984 worker_log:613 7400 MainThread [INFO]  All processing finished for executor task 9108
2023-07-07 17:16:29.996 worker_log:584 7400 MainThread [INFO]  Received executor task 9116
2023-07-07 17:16:51.839 worker_log:602 7400 MainThread [INFO]  Completed executor task 9116
2023-07-07 17:16:51.839 worker_log:613 7400 MainThread [INFO]  All processing finished for executor task 9116
2023-07-07 17:16:51.851 worker_log:584 7400 MainThread [INFO]  Received executor task 9125
2023-07-07 17:17:40.818 worker_log:602 7400 MainThread [INFO]  Completed executor task 9125
2023-07-07 17:17:40.818 worker_log:613 7400 MainThread [INFO]  All processing finished for executor task 9125
2023-07-07 17:17:40.830 worker_log:584 7400 MainThread [INFO]  Received executor task 9145
2023-07-07 17:18:29.689 worker_log:602 7400 MainThread [INFO]  Completed executor task 9145
2023-07-07 17:18:29.690 worker_log:613 7400 MainThread [INFO]  All processing finished for executor task 9145
2023-07-07 17:18:29.701 worker_log:584 7400 MainThread [INFO]  Received executor task 9166
2023-07-07 17:18:48.731 worker_log:602 7400 MainThread [INFO]  Completed executor task 9166
2023-07-07 17:18:48.732 worker_log:613 7400 MainThread [INFO]  All processing finished for executor task 9166
2023-07-07 17:18:48.743 worker_log:584 7400 MainThread [INFO]  Received executor task 9176
2023-07-07 17:19:10.886 worker_log:602 7400 MainThread [INFO]  Completed executor task 9176
2023-07-07 17:19:10.887 worker_log:613 7400 MainThread [INFO]  All processing finished for executor task 9176
2023-07-07 17:19:10.898 worker_log:584 7400 MainThread [INFO]  Received executor task 9186
2023-07-07 17:19:39.885 worker_log:602 7400 MainThread [INFO]  Completed executor task 9186
2023-07-07 17:19:39.885 worker_log:613 7400 MainThread [INFO]  All processing finished for executor task 9186
2023-07-07 17:19:39.896 worker_log:584 7400 MainThread [INFO]  Received executor task 9204
