2023-07-07 11:59:59.645 worker_log:538 7368 MainThread [INFO]  Worker 0 started
2023-07-07 12:02:43.335 worker_log:584 7368 MainThread [INFO]  Received executor task 1
2023-07-07 12:03:21.042 worker_log:602 7368 MainThread [INFO]  Completed executor task 1
2023-07-07 12:03:21.043 worker_log:613 7368 MainThread [INFO]  All processing finished for executor task 1
2023-07-07 12:03:21.055 worker_log:584 7368 MainThread [INFO]  Received executor task 25
2023-07-07 12:04:12.659 worker_log:602 7368 MainThread [INFO]  Completed executor task 25
2023-07-07 12:04:12.659 worker_log:613 7368 MainThread [INFO]  All processing finished for executor task 25
2023-07-07 12:04:12.673 worker_log:584 7368 MainThread [INFO]  Received executor task 58
2023-07-07 12:04:48.612 worker_log:602 7368 MainThread [INFO]  Completed executor task 58
2023-07-07 12:04:48.612 worker_log:613 7368 MainThread [INFO]  All processing finished for executor task 58
2023-07-07 12:04:48.626 worker_log:584 7368 MainThread [INFO]  Received executor task 77
2023-07-07 12:05:20.467 worker_log:602 7368 MainThread [INFO]  Completed executor task 77
2023-07-07 12:05:20.480 worker_log:613 7368 MainThread [INFO]  All processing finished for executor task 77
2023-07-07 12:05:20.480 worker_log:584 7368 MainThread [INFO]  Received executor task 97
2023-07-07 12:05:56.627 worker_log:602 7368 MainThread [INFO]  Completed executor task 97
2023-07-07 12:05:56.627 worker_log:613 7368 MainThread [INFO]  All processing finished for executor task 97
2023-07-07 12:05:56.638 worker_log:584 7368 MainThread [INFO]  Received executor task 116
2023-07-07 12:06:27.673 worker_log:602 7368 MainThread [INFO]  Completed executor task 116
2023-07-07 12:06:27.674 worker_log:613 7368 MainThread [INFO]  All processing finished for executor task 116
2023-07-07 12:06:27.685 worker_log:584 7368 MainThread [INFO]  Received executor task 133
2023-07-07 12:07:20.593 worker_log:602 7368 MainThread [INFO]  Completed executor task 133
2023-07-07 12:07:20.593 worker_log:613 7368 MainThread [INFO]  All processing finished for executor task 133
2023-07-07 12:07:20.604 worker_log:584 7368 MainThread [INFO]  Received executor task 162
2023-07-07 12:07:37.698 worker_log:602 7368 MainThread [INFO]  Completed executor task 162
2023-07-07 12:07:37.698 worker_log:613 7368 MainThread [INFO]  All processing finished for executor task 162
2023-07-07 12:07:37.709 worker_log:584 7368 MainThread [INFO]  Received executor task 172
2023-07-07 12:08:19.355 worker_log:602 7368 MainThread [INFO]  Completed executor task 172
2023-07-07 12:08:19.355 worker_log:613 7368 MainThread [INFO]  All processing finished for executor task 172
2023-07-07 12:08:19.366 worker_log:584 7368 MainThread [INFO]  Received executor task 194
2023-07-07 12:09:02.692 worker_log:602 7368 MainThread [INFO]  Completed executor task 194
2023-07-07 12:09:02.692 worker_log:613 7368 MainThread [INFO]  All processing finished for executor task 194
2023-07-07 12:09:02.704 worker_log:584 7368 MainThread [INFO]  Received executor task 217
2023-07-07 12:09:49.686 worker_log:602 7368 MainThread [INFO]  Completed executor task 217
2023-07-07 12:09:49.686 worker_log:613 7368 MainThread [INFO]  All processing finished for executor task 217
2023-07-07 12:09:49.697 worker_log:584 7368 MainThread [INFO]  Received executor task 237
2023-07-07 12:10:42.527 worker_log:602 7368 MainThread [INFO]  Completed executor task 237
2023-07-07 12:10:42.528 worker_log:613 7368 MainThread [INFO]  All processing finished for executor task 237
2023-07-07 12:10:42.539 worker_log:584 7368 MainThread [INFO]  Received executor task 258
2023-07-07 12:11:03.603 worker_log:602 7368 MainThread [INFO]  Completed executor task 258
2023-07-07 12:11:03.604 worker_log:613 7368 MainThread [INFO]  All processing finished for executor task 258
2023-07-07 12:11:03.615 worker_log:584 7368 MainThread [INFO]  Received executor task 267
2023-07-07 12:11:38.285 worker_log:602 7368 MainThread [INFO]  Completed executor task 267
2023-07-07 12:11:38.286 worker_log:613 7368 MainThread [INFO]  All processing finished for executor task 267
2023-07-07 12:11:38.297 worker_log:584 7368 MainThread [INFO]  Received executor task 281
2023-07-07 12:12:40.581 worker_log:602 7368 MainThread [INFO]  Completed executor task 281
2023-07-07 12:12:40.581 worker_log:613 7368 MainThread [INFO]  All processing finished for executor task 281
2023-07-07 12:12:40.592 worker_log:584 7368 MainThread [INFO]  Received executor task 310
2023-07-07 12:13:02.477 worker_log:602 7368 MainThread [INFO]  Completed executor task 310
2023-07-07 12:13:02.477 worker_log:613 7368 MainThread [INFO]  All processing finished for executor task 310
2023-07-07 12:13:02.488 worker_log:584 7368 MainThread [INFO]  Received executor task 327
2023-07-07 12:13:26.491 worker_log:602 7368 MainThread [INFO]  Completed executor task 327
2023-07-07 12:13:26.491 worker_log:613 7368 MainThread [INFO]  All processing finished for executor task 327
2023-07-07 12:13:26.502 worker_log:584 7368 MainThread [INFO]  Received executor task 339
2023-07-07 12:13:39.807 worker_log:602 7368 MainThread [INFO]  Completed executor task 339
2023-07-07 12:13:39.808 worker_log:613 7368 MainThread [INFO]  All processing finished for executor task 339
2023-07-07 12:13:39.819 worker_log:584 7368 MainThread [INFO]  Received executor task 348
2023-07-07 12:14:11.691 worker_log:602 7368 MainThread [INFO]  Completed executor task 348
2023-07-07 12:14:11.691 worker_log:613 7368 MainThread [INFO]  All processing finished for executor task 348
2023-07-07 12:14:11.703 worker_log:584 7368 MainThread [INFO]  Received executor task 362
2023-07-07 12:14:41.533 worker_log:602 7368 MainThread [INFO]  Completed executor task 362
2023-07-07 12:14:41.533 worker_log:613 7368 MainThread [INFO]  All processing finished for executor task 362
2023-07-07 12:14:41.545 worker_log:584 7368 MainThread [INFO]  Received executor task 378
2023-07-07 12:15:12.725 worker_log:602 7368 MainThread [INFO]  Completed executor task 378
2023-07-07 12:15:12.727 worker_log:613 7368 MainThread [INFO]  All processing finished for executor task 378
2023-07-07 12:15:12.738 worker_log:584 7368 MainThread [INFO]  Received executor task 395
2023-07-07 12:15:47.831 worker_log:602 7368 MainThread [INFO]  Completed executor task 395
2023-07-07 12:15:47.831 worker_log:613 7368 MainThread [INFO]  All processing finished for executor task 395
2023-07-07 12:15:47.843 worker_log:584 7368 MainThread [INFO]  Received executor task 407
2023-07-07 12:16:18.253 worker_log:602 7368 MainThread [INFO]  Completed executor task 407
2023-07-07 12:16:18.254 worker_log:613 7368 MainThread [INFO]  All processing finished for executor task 407
2023-07-07 12:16:18.265 worker_log:584 7368 MainThread [INFO]  Received executor task 419
2023-07-07 12:16:53.094 worker_log:602 7368 MainThread [INFO]  Completed executor task 419
2023-07-07 12:16:53.095 worker_log:613 7368 MainThread [INFO]  All processing finished for executor task 419
2023-07-07 12:16:53.106 worker_log:584 7368 MainThread [INFO]  Received executor task 437
2023-07-07 12:17:18.916 worker_log:602 7368 MainThread [INFO]  Completed executor task 437
2023-07-07 12:17:18.917 worker_log:613 7368 MainThread [INFO]  All processing finished for executor task 437
2023-07-07 12:17:18.931 worker_log:584 7368 MainThread [INFO]  Received executor task 448
2023-07-07 12:17:43.164 worker_log:602 7368 MainThread [INFO]  Completed executor task 448
2023-07-07 12:17:43.164 worker_log:613 7368 MainThread [INFO]  All processing finished for executor task 448
2023-07-07 12:17:43.177 worker_log:584 7368 MainThread [INFO]  Received executor task 463
2023-07-07 12:18:19.958 worker_log:602 7368 MainThread [INFO]  Completed executor task 463
2023-07-07 12:18:19.959 worker_log:613 7368 MainThread [INFO]  All processing finished for executor task 463
2023-07-07 12:18:19.970 worker_log:584 7368 MainThread [INFO]  Received executor task 478
2023-07-07 12:18:45.949 worker_log:602 7368 MainThread [INFO]  Completed executor task 478
2023-07-07 12:18:45.949 worker_log:613 7368 MainThread [INFO]  All processing finished for executor task 478
2023-07-07 12:18:45.960 worker_log:584 7368 MainThread [INFO]  Received executor task 490
2023-07-07 12:19:01.073 worker_log:602 7368 MainThread [INFO]  Completed executor task 490
2023-07-07 12:19:01.073 worker_log:613 7368 MainThread [INFO]  All processing finished for executor task 490
2023-07-07 12:19:01.084 worker_log:584 7368 MainThread [INFO]  Received executor task 498
2023-07-07 12:19:51.151 worker_log:602 7368 MainThread [INFO]  Completed executor task 498
2023-07-07 12:19:51.151 worker_log:613 7368 MainThread [INFO]  All processing finished for executor task 498
2023-07-07 12:19:51.163 worker_log:584 7368 MainThread [INFO]  Received executor task 523
2023-07-07 12:20:16.872 worker_log:602 7368 MainThread [INFO]  Completed executor task 523
2023-07-07 12:20:16.872 worker_log:613 7368 MainThread [INFO]  All processing finished for executor task 523
2023-07-07 12:20:16.892 worker_log:584 7368 MainThread [INFO]  Received executor task 536
2023-07-07 12:21:05.887 worker_log:602 7368 MainThread [INFO]  Completed executor task 536
2023-07-07 12:21:05.887 worker_log:613 7368 MainThread [INFO]  All processing finished for executor task 536
2023-07-07 12:21:05.899 worker_log:584 7368 MainThread [INFO]  Received executor task 555
2023-07-07 12:21:49.387 worker_log:602 7368 MainThread [INFO]  Completed executor task 555
2023-07-07 12:21:49.388 worker_log:613 7368 MainThread [INFO]  All processing finished for executor task 555
2023-07-07 12:21:49.400 worker_log:584 7368 MainThread [INFO]  Received executor task 573
2023-07-07 12:22:13.022 worker_log:602 7368 MainThread [INFO]  Completed executor task 573
2023-07-07 12:22:13.023 worker_log:613 7368 MainThread [INFO]  All processing finished for executor task 573
2023-07-07 12:22:13.034 worker_log:584 7368 MainThread [INFO]  Received executor task 584
2023-07-07 12:22:27.624 worker_log:602 7368 MainThread [INFO]  Completed executor task 584
2023-07-07 12:22:27.624 worker_log:613 7368 MainThread [INFO]  All processing finished for executor task 584
2023-07-07 12:22:27.636 worker_log:584 7368 MainThread [INFO]  Received executor task 591
2023-07-07 12:23:06.598 worker_log:602 7368 MainThread [INFO]  Completed executor task 591
2023-07-07 12:23:06.598 worker_log:613 7368 MainThread [INFO]  All processing finished for executor task 591
2023-07-07 12:23:06.609 worker_log:584 7368 MainThread [INFO]  Received executor task 607
2023-07-07 12:23:27.236 worker_log:602 7368 MainThread [INFO]  Completed executor task 607
2023-07-07 12:23:27.237 worker_log:613 7368 MainThread [INFO]  All processing finished for executor task 607
2023-07-07 12:23:27.248 worker_log:584 7368 MainThread [INFO]  Received executor task 618
2023-07-07 12:24:20.870 worker_log:602 7368 MainThread [INFO]  Completed executor task 618
2023-07-07 12:24:20.870 worker_log:613 7368 MainThread [INFO]  All processing finished for executor task 618
2023-07-07 12:24:20.881 worker_log:584 7368 MainThread [INFO]  Received executor task 643
2023-07-07 12:25:07.856 worker_log:602 7368 MainThread [INFO]  Completed executor task 643
2023-07-07 12:25:07.857 worker_log:613 7368 MainThread [INFO]  All processing finished for executor task 643
2023-07-07 12:25:07.868 worker_log:584 7368 MainThread [INFO]  Received executor task 667
2023-07-07 12:25:17.537 worker_log:602 7368 MainThread [INFO]  Completed executor task 667
2023-07-07 12:25:17.537 worker_log:613 7368 MainThread [INFO]  All processing finished for executor task 667
2023-07-07 12:25:17.548 worker_log:584 7368 MainThread [INFO]  Received executor task 673
2023-07-07 12:25:48.727 worker_log:602 7368 MainThread [INFO]  Completed executor task 673
2023-07-07 12:25:48.727 worker_log:613 7368 MainThread [INFO]  All processing finished for executor task 673
2023-07-07 12:25:48.739 worker_log:584 7368 MainThread [INFO]  Received executor task 683
2023-07-07 12:26:24.396 worker_log:602 7368 MainThread [INFO]  Completed executor task 683
2023-07-07 12:26:24.397 worker_log:613 7368 MainThread [INFO]  All processing finished for executor task 683
2023-07-07 12:26:24.408 worker_log:584 7368 MainThread [INFO]  Received executor task 699
2023-07-07 12:26:35.450 worker_log:602 7368 MainThread [INFO]  Completed executor task 699
2023-07-07 12:26:35.451 worker_log:613 7368 MainThread [INFO]  All processing finished for executor task 699
2023-07-07 12:26:35.461 worker_log:584 7368 MainThread [INFO]  Received executor task 706
2023-07-07 12:26:50.392 worker_log:602 7368 MainThread [INFO]  Completed executor task 706
2023-07-07 12:26:50.392 worker_log:613 7368 MainThread [INFO]  All processing finished for executor task 706
2023-07-07 12:26:50.404 worker_log:584 7368 MainThread [INFO]  Received executor task 711
2023-07-07 12:27:02.130 worker_log:602 7368 MainThread [INFO]  Completed executor task 711
2023-07-07 12:27:02.130 worker_log:613 7368 MainThread [INFO]  All processing finished for executor task 711
2023-07-07 12:27:02.142 worker_log:584 7368 MainThread [INFO]  Received executor task 718
2023-07-07 12:27:10.134 worker_log:602 7368 MainThread [INFO]  Completed executor task 718
2023-07-07 12:27:10.148 worker_log:613 7368 MainThread [INFO]  All processing finished for executor task 718
2023-07-07 12:27:10.148 worker_log:584 7368 MainThread [INFO]  Received executor task 727
2023-07-07 12:27:27.124 worker_log:602 7368 MainThread [INFO]  Completed executor task 727
2023-07-07 12:27:27.124 worker_log:613 7368 MainThread [INFO]  All processing finished for executor task 727
2023-07-07 12:27:27.135 worker_log:584 7368 MainThread [INFO]  Received executor task 736
2023-07-07 12:28:14.243 worker_log:602 7368 MainThread [INFO]  Completed executor task 736
2023-07-07 12:28:14.243 worker_log:613 7368 MainThread [INFO]  All processing finished for executor task 736
2023-07-07 12:28:14.256 worker_log:584 7368 MainThread [INFO]  Received executor task 756
2023-07-07 12:28:56.584 worker_log:602 7368 MainThread [INFO]  Completed executor task 756
2023-07-07 12:28:56.585 worker_log:613 7368 MainThread [INFO]  All processing finished for executor task 756
2023-07-07 12:28:56.596 worker_log:584 7368 MainThread [INFO]  Received executor task 775
2023-07-07 12:29:25.742 worker_log:602 7368 MainThread [INFO]  Completed executor task 775
2023-07-07 12:29:25.742 worker_log:613 7368 MainThread [INFO]  All processing finished for executor task 775
2023-07-07 12:29:25.754 worker_log:584 7368 MainThread [INFO]  Received executor task 788
2023-07-07 12:29:49.006 worker_log:602 7368 MainThread [INFO]  Completed executor task 788
2023-07-07 12:29:49.007 worker_log:613 7368 MainThread [INFO]  All processing finished for executor task 788
2023-07-07 12:29:49.018 worker_log:584 7368 MainThread [INFO]  Received executor task 799
2023-07-07 12:30:10.711 worker_log:602 7368 MainThread [INFO]  Completed executor task 799
2023-07-07 12:30:10.712 worker_log:613 7368 MainThread [INFO]  All processing finished for executor task 799
2023-07-07 12:30:10.724 worker_log:584 7368 MainThread [INFO]  Received executor task 810
2023-07-07 12:30:38.931 worker_log:602 7368 MainThread [INFO]  Completed executor task 810
2023-07-07 12:30:38.932 worker_log:613 7368 MainThread [INFO]  All processing finished for executor task 810
2023-07-07 12:30:38.943 worker_log:584 7368 MainThread [INFO]  Received executor task 827
2023-07-07 12:31:26.906 worker_log:602 7368 MainThread [INFO]  Completed executor task 827
2023-07-07 12:31:26.906 worker_log:613 7368 MainThread [INFO]  All processing finished for executor task 827
2023-07-07 12:31:26.917 worker_log:584 7368 MainThread [INFO]  Received executor task 856
2023-07-07 12:32:27.281 worker_log:602 7368 MainThread [INFO]  Completed executor task 856
2023-07-07 12:32:27.282 worker_log:613 7368 MainThread [INFO]  All processing finished for executor task 856
2023-07-07 12:32:27.293 worker_log:584 7368 MainThread [INFO]  Received executor task 887
2023-07-07 12:32:43.926 worker_log:602 7368 MainThread [INFO]  Completed executor task 887
2023-07-07 12:32:43.926 worker_log:613 7368 MainThread [INFO]  All processing finished for executor task 887
2023-07-07 12:32:43.937 worker_log:584 7368 MainThread [INFO]  Received executor task 899
2023-07-07 12:33:03.501 worker_log:602 7368 MainThread [INFO]  Completed executor task 899
2023-07-07 12:33:03.502 worker_log:613 7368 MainThread [INFO]  All processing finished for executor task 899
2023-07-07 12:33:03.513 worker_log:584 7368 MainThread [INFO]  Received executor task 913
2023-07-07 12:33:15.091 worker_log:602 7368 MainThread [INFO]  Completed executor task 913
2023-07-07 12:33:15.091 worker_log:613 7368 MainThread [INFO]  All processing finished for executor task 913
2023-07-07 12:33:15.102 worker_log:584 7368 MainThread [INFO]  Received executor task 928
2023-07-07 12:33:37.088 worker_log:602 7368 MainThread [INFO]  Completed executor task 928
2023-07-07 12:33:37.088 worker_log:613 7368 MainThread [INFO]  All processing finished for executor task 928
2023-07-07 12:33:37.099 worker_log:584 7368 MainThread [INFO]  Received executor task 935
2023-07-07 12:34:02.526 worker_log:602 7368 MainThread [INFO]  Completed executor task 935
2023-07-07 12:34:02.526 worker_log:613 7368 MainThread [INFO]  All processing finished for executor task 935
2023-07-07 12:34:02.537 worker_log:584 7368 MainThread [INFO]  Received executor task 954
2023-07-07 12:34:23.258 worker_log:602 7368 MainThread [INFO]  Completed executor task 954
2023-07-07 12:34:23.259 worker_log:613 7368 MainThread [INFO]  All processing finished for executor task 954
2023-07-07 12:34:23.260 worker_log:584 7368 MainThread [INFO]  Received executor task 966
2023-07-07 12:34:48.359 worker_log:602 7368 MainThread [INFO]  Completed executor task 966
2023-07-07 12:34:48.359 worker_log:613 7368 MainThread [INFO]  All processing finished for executor task 966
2023-07-07 12:34:48.370 worker_log:584 7368 MainThread [INFO]  Received executor task 978
2023-07-07 12:35:15.142 worker_log:602 7368 MainThread [INFO]  Completed executor task 978
2023-07-07 12:35:15.143 worker_log:613 7368 MainThread [INFO]  All processing finished for executor task 978
2023-07-07 12:35:15.154 worker_log:584 7368 MainThread [INFO]  Received executor task 995
2023-07-07 12:35:26.895 worker_log:602 7368 MainThread [INFO]  Completed executor task 995
2023-07-07 12:35:26.896 worker_log:613 7368 MainThread [INFO]  All processing finished for executor task 995
2023-07-07 12:35:26.907 worker_log:584 7368 MainThread [INFO]  Received executor task 1002
2023-07-07 12:35:52.943 worker_log:602 7368 MainThread [INFO]  Completed executor task 1002
2023-07-07 12:35:52.943 worker_log:613 7368 MainThread [INFO]  All processing finished for executor task 1002
2023-07-07 12:35:52.964 worker_log:584 7368 MainThread [INFO]  Received executor task 1021
2023-07-07 12:36:26.046 worker_log:602 7368 MainThread [INFO]  Completed executor task 1021
2023-07-07 12:36:26.046 worker_log:613 7368 MainThread [INFO]  All processing finished for executor task 1021
2023-07-07 12:36:26.057 worker_log:584 7368 MainThread [INFO]  Received executor task 1036
2023-07-07 12:37:05.877 worker_log:602 7368 MainThread [INFO]  Completed executor task 1036
2023-07-07 12:37:05.877 worker_log:613 7368 MainThread [INFO]  All processing finished for executor task 1036
2023-07-07 12:37:05.889 worker_log:584 7368 MainThread [INFO]  Received executor task 1055
2023-07-07 12:37:40.113 worker_log:602 7368 MainThread [INFO]  Completed executor task 1055
2023-07-07 12:37:40.113 worker_log:613 7368 MainThread [INFO]  All processing finished for executor task 1055
2023-07-07 12:37:40.124 worker_log:584 7368 MainThread [INFO]  Received executor task 1072
2023-07-07 12:38:04.649 worker_log:602 7368 MainThread [INFO]  Completed executor task 1072
2023-07-07 12:38:04.662 worker_log:613 7368 MainThread [INFO]  All processing finished for executor task 1072
2023-07-07 12:38:04.662 worker_log:584 7368 MainThread [INFO]  Received executor task 1087
2023-07-07 12:38:41.302 worker_log:602 7368 MainThread [INFO]  Completed executor task 1087
2023-07-07 12:38:41.302 worker_log:613 7368 MainThread [INFO]  All processing finished for executor task 1087
2023-07-07 12:38:41.314 worker_log:584 7368 MainThread [INFO]  Received executor task 1099
2023-07-07 12:39:15.848 worker_log:602 7368 MainThread [INFO]  Completed executor task 1099
2023-07-07 12:39:15.849 worker_log:613 7368 MainThread [INFO]  All processing finished for executor task 1099
2023-07-07 12:39:15.861 worker_log:584 7368 MainThread [INFO]  Received executor task 1115
2023-07-07 12:39:38.602 worker_log:602 7368 MainThread [INFO]  Completed executor task 1115
2023-07-07 12:39:38.602 worker_log:613 7368 MainThread [INFO]  All processing finished for executor task 1115
2023-07-07 12:39:38.614 worker_log:584 7368 MainThread [INFO]  Received executor task 1126
2023-07-07 12:40:20.248 worker_log:602 7368 MainThread [INFO]  Completed executor task 1126
2023-07-07 12:40:20.248 worker_log:613 7368 MainThread [INFO]  All processing finished for executor task 1126
2023-07-07 12:40:20.259 worker_log:584 7368 MainThread [INFO]  Received executor task 1139
2023-07-07 12:40:53.243 worker_log:602 7368 MainThread [INFO]  Completed executor task 1139
2023-07-07 12:40:53.257 worker_log:613 7368 MainThread [INFO]  All processing finished for executor task 1139
2023-07-07 12:40:53.257 worker_log:584 7368 MainThread [INFO]  Received executor task 1152
2023-07-07 12:41:36.017 worker_log:602 7368 MainThread [INFO]  Completed executor task 1152
2023-07-07 12:41:36.018 worker_log:613 7368 MainThread [INFO]  All processing finished for executor task 1152
2023-07-07 12:41:36.029 worker_log:584 7368 MainThread [INFO]  Received executor task 1168
2023-07-07 12:41:54.574 worker_log:602 7368 MainThread [INFO]  Completed executor task 1168
2023-07-07 12:41:54.574 worker_log:613 7368 MainThread [INFO]  All processing finished for executor task 1168
2023-07-07 12:41:54.586 worker_log:584 7368 MainThread [INFO]  Received executor task 1181
2023-07-07 12:42:15.793 worker_log:602 7368 MainThread [INFO]  Completed executor task 1181
2023-07-07 12:42:15.794 worker_log:613 7368 MainThread [INFO]  All processing finished for executor task 1181
2023-07-07 12:42:15.805 worker_log:584 7368 MainThread [INFO]  Received executor task 1194
2023-07-07 12:42:42.509 worker_log:602 7368 MainThread [INFO]  Completed executor task 1194
2023-07-07 12:42:42.510 worker_log:613 7368 MainThread [INFO]  All processing finished for executor task 1194
2023-07-07 12:42:42.521 worker_log:584 7368 MainThread [INFO]  Received executor task 1204
2023-07-07 12:43:08.737 worker_log:602 7368 MainThread [INFO]  Completed executor task 1204
2023-07-07 12:43:08.737 worker_log:613 7368 MainThread [INFO]  All processing finished for executor task 1204
2023-07-07 12:43:08.749 worker_log:584 7368 MainThread [INFO]  Received executor task 1219
2023-07-07 12:43:33.168 worker_log:602 7368 MainThread [INFO]  Completed executor task 1219
2023-07-07 12:43:33.168 worker_log:613 7368 MainThread [INFO]  All processing finished for executor task 1219
2023-07-07 12:43:33.180 worker_log:584 7368 MainThread [INFO]  Received executor task 1228
2023-07-07 12:43:59.501 worker_log:602 7368 MainThread [INFO]  Completed executor task 1228
2023-07-07 12:43:59.501 worker_log:613 7368 MainThread [INFO]  All processing finished for executor task 1228
2023-07-07 12:43:59.512 worker_log:584 7368 MainThread [INFO]  Received executor task 1245
2023-07-07 12:44:27.471 worker_log:602 7368 MainThread [INFO]  Completed executor task 1245
2023-07-07 12:44:27.480 worker_log:613 7368 MainThread [INFO]  All processing finished for executor task 1245
2023-07-07 12:44:27.483 worker_log:584 7368 MainThread [INFO]  Received executor task 1256
2023-07-07 12:45:23.818 worker_log:602 7368 MainThread [INFO]  Completed executor task 1256
2023-07-07 12:45:23.818 worker_log:613 7368 MainThread [INFO]  All processing finished for executor task 1256
2023-07-07 12:45:23.829 worker_log:584 7368 MainThread [INFO]  Received executor task 1286
2023-07-07 12:45:46.456 worker_log:602 7368 MainThread [INFO]  Completed executor task 1286
2023-07-07 12:45:46.456 worker_log:613 7368 MainThread [INFO]  All processing finished for executor task 1286
2023-07-07 12:45:46.467 worker_log:584 7368 MainThread [INFO]  Received executor task 1295
2023-07-07 12:46:10.940 worker_log:602 7368 MainThread [INFO]  Completed executor task 1295
2023-07-07 12:46:10.941 worker_log:613 7368 MainThread [INFO]  All processing finished for executor task 1295
2023-07-07 12:46:10.952 worker_log:584 7368 MainThread [INFO]  Received executor task 1307
2023-07-07 12:46:31.448 worker_log:602 7368 MainThread [INFO]  Completed executor task 1307
2023-07-07 12:46:31.449 worker_log:613 7368 MainThread [INFO]  All processing finished for executor task 1307
2023-07-07 12:46:31.460 worker_log:584 7368 MainThread [INFO]  Received executor task 1315
2023-07-07 12:46:53.858 worker_log:602 7368 MainThread [INFO]  Completed executor task 1315
2023-07-07 12:46:53.859 worker_log:613 7368 MainThread [INFO]  All processing finished for executor task 1315
2023-07-07 12:46:53.870 worker_log:584 7368 MainThread [INFO]  Received executor task 1326
2023-07-07 12:47:29.640 worker_log:602 7368 MainThread [INFO]  Completed executor task 1326
2023-07-07 12:47:29.641 worker_log:613 7368 MainThread [INFO]  All processing finished for executor task 1326
2023-07-07 12:47:29.652 worker_log:584 7368 MainThread [INFO]  Received executor task 1340
2023-07-07 12:47:51.714 worker_log:602 7368 MainThread [INFO]  Completed executor task 1340
2023-07-07 12:47:51.714 worker_log:613 7368 MainThread [INFO]  All processing finished for executor task 1340
2023-07-07 12:47:51.725 worker_log:584 7368 MainThread [INFO]  Received executor task 1354
2023-07-07 12:48:48.292 worker_log:602 7368 MainThread [INFO]  Completed executor task 1354
2023-07-07 12:48:48.293 worker_log:613 7368 MainThread [INFO]  All processing finished for executor task 1354
2023-07-07 12:48:48.304 worker_log:584 7368 MainThread [INFO]  Received executor task 1378
2023-07-07 12:49:43.877 worker_log:602 7368 MainThread [INFO]  Completed executor task 1378
2023-07-07 12:49:43.877 worker_log:613 7368 MainThread [INFO]  All processing finished for executor task 1378
2023-07-07 12:49:43.888 worker_log:584 7368 MainThread [INFO]  Received executor task 1405
2023-07-07 12:50:12.420 worker_log:602 7368 MainThread [INFO]  Completed executor task 1405
2023-07-07 12:50:12.421 worker_log:613 7368 MainThread [INFO]  All processing finished for executor task 1405
2023-07-07 12:50:12.432 worker_log:584 7368 MainThread [INFO]  Received executor task 1421
2023-07-07 12:50:28.111 worker_log:602 7368 MainThread [INFO]  Completed executor task 1421
2023-07-07 12:50:28.112 worker_log:613 7368 MainThread [INFO]  All processing finished for executor task 1421
2023-07-07 12:50:28.122 worker_log:584 7368 MainThread [INFO]  Received executor task 1428
2023-07-07 12:50:44.477 worker_log:602 7368 MainThread [INFO]  Completed executor task 1428
2023-07-07 12:50:44.478 worker_log:613 7368 MainThread [INFO]  All processing finished for executor task 1428
2023-07-07 12:50:44.489 worker_log:584 7368 MainThread [INFO]  Received executor task 1440
2023-07-07 12:51:11.377 worker_log:602 7368 MainThread [INFO]  Completed executor task 1440
2023-07-07 12:51:11.378 worker_log:613 7368 MainThread [INFO]  All processing finished for executor task 1440
2023-07-07 12:51:11.390 worker_log:584 7368 MainThread [INFO]  Received executor task 1452
2023-07-07 12:51:34.368 worker_log:602 7368 MainThread [INFO]  Completed executor task 1452
2023-07-07 12:51:34.369 worker_log:613 7368 MainThread [INFO]  All processing finished for executor task 1452
2023-07-07 12:51:34.380 worker_log:584 7368 MainThread [INFO]  Received executor task 1459
2023-07-07 12:52:04.237 worker_log:602 7368 MainThread [INFO]  Completed executor task 1459
2023-07-07 12:52:04.238 worker_log:613 7368 MainThread [INFO]  All processing finished for executor task 1459
2023-07-07 12:52:04.249 worker_log:584 7368 MainThread [INFO]  Received executor task 1474
2023-07-07 12:53:11.396 worker_log:602 7368 MainThread [INFO]  Completed executor task 1474
2023-07-07 12:53:11.397 worker_log:613 7368 MainThread [INFO]  All processing finished for executor task 1474
2023-07-07 12:53:11.408 worker_log:584 7368 MainThread [INFO]  Received executor task 1513
2023-07-07 12:53:28.320 worker_log:602 7368 MainThread [INFO]  Completed executor task 1513
2023-07-07 12:53:28.320 worker_log:613 7368 MainThread [INFO]  All processing finished for executor task 1513
2023-07-07 12:53:28.331 worker_log:584 7368 MainThread [INFO]  Received executor task 1520
2023-07-07 12:53:38.485 worker_log:602 7368 MainThread [INFO]  Completed executor task 1520
2023-07-07 12:53:38.485 worker_log:613 7368 MainThread [INFO]  All processing finished for executor task 1520
2023-07-07 12:53:38.496 worker_log:584 7368 MainThread [INFO]  Received executor task 1527
2023-07-07 12:54:15.203 worker_log:602 7368 MainThread [INFO]  Completed executor task 1527
2023-07-07 12:54:15.204 worker_log:613 7368 MainThread [INFO]  All processing finished for executor task 1527
2023-07-07 12:54:15.224 worker_log:584 7368 MainThread [INFO]  Received executor task 1545
2023-07-07 12:54:34.766 worker_log:602 7368 MainThread [INFO]  Completed executor task 1545
2023-07-07 12:54:34.767 worker_log:613 7368 MainThread [INFO]  All processing finished for executor task 1545
2023-07-07 12:54:34.778 worker_log:584 7368 MainThread [INFO]  Received executor task 1556
2023-07-07 12:55:03.104 worker_log:602 7368 MainThread [INFO]  Completed executor task 1556
2023-07-07 12:55:03.104 worker_log:613 7368 MainThread [INFO]  All processing finished for executor task 1556
2023-07-07 12:55:03.116 worker_log:584 7368 MainThread [INFO]  Received executor task 1575
2023-07-07 12:55:22.573 worker_log:602 7368 MainThread [INFO]  Completed executor task 1575
2023-07-07 12:55:22.574 worker_log:613 7368 MainThread [INFO]  All processing finished for executor task 1575
2023-07-07 12:55:22.586 worker_log:584 7368 MainThread [INFO]  Received executor task 1586
2023-07-07 12:56:02.064 worker_log:602 7368 MainThread [INFO]  Completed executor task 1586
2023-07-07 12:56:02.064 worker_log:613 7368 MainThread [INFO]  All processing finished for executor task 1586
2023-07-07 12:56:02.075 worker_log:584 7368 MainThread [INFO]  Received executor task 1606
2023-07-07 12:56:28.936 worker_log:602 7368 MainThread [INFO]  Completed executor task 1606
2023-07-07 12:56:28.937 worker_log:613 7368 MainThread [INFO]  All processing finished for executor task 1606
2023-07-07 12:56:28.948 worker_log:584 7368 MainThread [INFO]  Received executor task 1621
2023-07-07 12:57:00.702 worker_log:602 7368 MainThread [INFO]  Completed executor task 1621
2023-07-07 12:57:00.702 worker_log:613 7368 MainThread [INFO]  All processing finished for executor task 1621
2023-07-07 12:57:00.714 worker_log:584 7368 MainThread [INFO]  Received executor task 1640
2023-07-07 12:57:28.082 worker_log:602 7368 MainThread [INFO]  Completed executor task 1640
2023-07-07 12:57:28.082 worker_log:613 7368 MainThread [INFO]  All processing finished for executor task 1640
2023-07-07 12:57:28.093 worker_log:584 7368 MainThread [INFO]  Received executor task 1658
2023-07-07 12:58:18.297 worker_log:602 7368 MainThread [INFO]  Completed executor task 1658
2023-07-07 12:58:18.298 worker_log:613 7368 MainThread [INFO]  All processing finished for executor task 1658
2023-07-07 12:58:18.310 worker_log:584 7368 MainThread [INFO]  Received executor task 1682
2023-07-07 12:59:22.007 worker_log:602 7368 MainThread [INFO]  Completed executor task 1682
2023-07-07 12:59:22.008 worker_log:613 7368 MainThread [INFO]  All processing finished for executor task 1682
2023-07-07 12:59:22.019 worker_log:584 7368 MainThread [INFO]  Received executor task 1718
2023-07-07 12:59:34.444 worker_log:602 7368 MainThread [INFO]  Completed executor task 1718
2023-07-07 12:59:34.445 worker_log:613 7368 MainThread [INFO]  All processing finished for executor task 1718
2023-07-07 12:59:34.456 worker_log:584 7368 MainThread [INFO]  Received executor task 1731
2023-07-07 13:00:09.858 worker_log:602 7368 MainThread [INFO]  Completed executor task 1731
2023-07-07 13:00:09.858 worker_log:613 7368 MainThread [INFO]  All processing finished for executor task 1731
2023-07-07 13:00:09.870 worker_log:584 7368 MainThread [INFO]  Received executor task 1759
2023-07-07 13:00:40.043 worker_log:602 7368 MainThread [INFO]  Completed executor task 1759
2023-07-07 13:00:40.043 worker_log:613 7368 MainThread [INFO]  All processing finished for executor task 1759
2023-07-07 13:00:40.054 worker_log:584 7368 MainThread [INFO]  Received executor task 1780
2023-07-07 13:01:15.792 worker_log:602 7368 MainThread [INFO]  Completed executor task 1780
2023-07-07 13:01:15.792 worker_log:613 7368 MainThread [INFO]  All processing finished for executor task 1780
2023-07-07 13:01:15.804 worker_log:584 7368 MainThread [INFO]  Received executor task 1799
2023-07-07 13:01:47.050 worker_log:602 7368 MainThread [INFO]  Completed executor task 1799
2023-07-07 13:01:47.051 worker_log:613 7368 MainThread [INFO]  All processing finished for executor task 1799
2023-07-07 13:01:47.062 worker_log:584 7368 MainThread [INFO]  Received executor task 1809
2023-07-07 13:02:23.436 worker_log:602 7368 MainThread [INFO]  Completed executor task 1809
2023-07-07 13:02:23.436 worker_log:613 7368 MainThread [INFO]  All processing finished for executor task 1809
2023-07-07 13:02:23.447 worker_log:584 7368 MainThread [INFO]  Received executor task 1821
2023-07-07 13:02:52.050 worker_log:602 7368 MainThread [INFO]  Completed executor task 1821
2023-07-07 13:02:52.051 worker_log:613 7368 MainThread [INFO]  All processing finished for executor task 1821
2023-07-07 13:02:52.062 worker_log:584 7368 MainThread [INFO]  Received executor task 1833
2023-07-07 13:03:27.865 worker_log:602 7368 MainThread [INFO]  Completed executor task 1833
2023-07-07 13:03:27.866 worker_log:613 7368 MainThread [INFO]  All processing finished for executor task 1833
2023-07-07 13:03:27.877 worker_log:584 7368 MainThread [INFO]  Received executor task 1852
2023-07-07 13:04:03.474 worker_log:602 7368 MainThread [INFO]  Completed executor task 1852
2023-07-07 13:04:03.475 worker_log:613 7368 MainThread [INFO]  All processing finished for executor task 1852
2023-07-07 13:04:03.486 worker_log:584 7368 MainThread [INFO]  Received executor task 1867
2023-07-07 13:04:36.561 worker_log:602 7368 MainThread [INFO]  Completed executor task 1867
2023-07-07 13:04:36.562 worker_log:613 7368 MainThread [INFO]  All processing finished for executor task 1867
2023-07-07 13:04:36.582 worker_log:584 7368 MainThread [INFO]  Received executor task 1885
2023-07-07 13:04:50.393 worker_log:602 7368 MainThread [INFO]  Completed executor task 1885
2023-07-07 13:04:50.406 worker_log:613 7368 MainThread [INFO]  All processing finished for executor task 1885
2023-07-07 13:04:50.407 worker_log:584 7368 MainThread [INFO]  Received executor task 1893
2023-07-07 13:05:05.948 worker_log:602 7368 MainThread [INFO]  Completed executor task 1893
2023-07-07 13:05:05.948 worker_log:613 7368 MainThread [INFO]  All processing finished for executor task 1893
2023-07-07 13:05:05.960 worker_log:584 7368 MainThread [INFO]  Received executor task 1902
2023-07-07 13:05:16.009 worker_log:602 7368 MainThread [INFO]  Completed executor task 1902
2023-07-07 13:05:16.010 worker_log:613 7368 MainThread [INFO]  All processing finished for executor task 1902
2023-07-07 13:05:16.021 worker_log:584 7368 MainThread [INFO]  Received executor task 1906
2023-07-07 13:05:56.694 worker_log:602 7368 MainThread [INFO]  Completed executor task 1906
2023-07-07 13:05:56.695 worker_log:613 7368 MainThread [INFO]  All processing finished for executor task 1906
2023-07-07 13:05:56.706 worker_log:584 7368 MainThread [INFO]  Received executor task 1926
2023-07-07 13:06:23.749 worker_log:602 7368 MainThread [INFO]  Completed executor task 1926
2023-07-07 13:06:23.749 worker_log:613 7368 MainThread [INFO]  All processing finished for executor task 1926
2023-07-07 13:06:23.761 worker_log:584 7368 MainThread [INFO]  Received executor task 1940
2023-07-07 13:06:46.992 worker_log:602 7368 MainThread [INFO]  Completed executor task 1940
2023-07-07 13:06:46.993 worker_log:613 7368 MainThread [INFO]  All processing finished for executor task 1940
2023-07-07 13:06:47.004 worker_log:584 7368 MainThread [INFO]  Received executor task 1953
2023-07-07 13:07:20.571 worker_log:602 7368 MainThread [INFO]  Completed executor task 1953
2023-07-07 13:07:20.572 worker_log:613 7368 MainThread [INFO]  All processing finished for executor task 1953
2023-07-07 13:07:20.584 worker_log:584 7368 MainThread [INFO]  Received executor task 1969
2023-07-07 13:08:07.279 worker_log:602 7368 MainThread [INFO]  Completed executor task 1969
2023-07-07 13:08:07.280 worker_log:613 7368 MainThread [INFO]  All processing finished for executor task 1969
2023-07-07 13:08:07.291 worker_log:584 7368 MainThread [INFO]  Received executor task 1988
2023-07-07 13:08:32.153 worker_log:602 7368 MainThread [INFO]  Completed executor task 1988
2023-07-07 13:08:32.162 worker_log:613 7368 MainThread [INFO]  All processing finished for executor task 1988
2023-07-07 13:08:32.165 worker_log:584 7368 MainThread [INFO]  Received executor task 2006
2023-07-07 13:09:15.581 worker_log:602 7368 MainThread [INFO]  Completed executor task 2006
2023-07-07 13:09:15.582 worker_log:613 7368 MainThread [INFO]  All processing finished for executor task 2006
2023-07-07 13:09:15.592 worker_log:584 7368 MainThread [INFO]  Received executor task 2025
2023-07-07 13:09:35.664 worker_log:602 7368 MainThread [INFO]  Completed executor task 2025
2023-07-07 13:09:35.665 worker_log:613 7368 MainThread [INFO]  All processing finished for executor task 2025
2023-07-07 13:09:35.676 worker_log:584 7368 MainThread [INFO]  Received executor task 2037
2023-07-07 13:10:03.579 worker_log:602 7368 MainThread [INFO]  Completed executor task 2037
2023-07-07 13:10:03.580 worker_log:613 7368 MainThread [INFO]  All processing finished for executor task 2037
2023-07-07 13:10:03.598 worker_log:584 7368 MainThread [INFO]  Received executor task 2051
2023-07-07 13:10:33.540 worker_log:602 7368 MainThread [INFO]  Completed executor task 2051
2023-07-07 13:10:33.541 worker_log:613 7368 MainThread [INFO]  All processing finished for executor task 2051
2023-07-07 13:10:33.561 worker_log:584 7368 MainThread [INFO]  Received executor task 2062
2023-07-07 13:11:23.420 worker_log:602 7368 MainThread [INFO]  Completed executor task 2062
2023-07-07 13:11:23.421 worker_log:613 7368 MainThread [INFO]  All processing finished for executor task 2062
2023-07-07 13:11:23.437 worker_log:584 7368 MainThread [INFO]  Received executor task 2083
2023-07-07 13:11:58.650 worker_log:602 7368 MainThread [INFO]  Completed executor task 2083
2023-07-07 13:11:58.650 worker_log:613 7368 MainThread [INFO]  All processing finished for executor task 2083
2023-07-07 13:11:58.662 worker_log:584 7368 MainThread [INFO]  Received executor task 2101
2023-07-07 13:12:11.099 worker_log:602 7368 MainThread [INFO]  Completed executor task 2101
2023-07-07 13:12:11.099 worker_log:613 7368 MainThread [INFO]  All processing finished for executor task 2101
2023-07-07 13:12:11.111 worker_log:584 7368 MainThread [INFO]  Received executor task 2110
2023-07-07 13:12:38.358 worker_log:602 7368 MainThread [INFO]  Completed executor task 2110
2023-07-07 13:12:38.358 worker_log:613 7368 MainThread [INFO]  All processing finished for executor task 2110
2023-07-07 13:12:38.369 worker_log:584 7368 MainThread [INFO]  Received executor task 2124
2023-07-07 13:13:35.577 worker_log:602 7368 MainThread [INFO]  Completed executor task 2124
2023-07-07 13:13:35.588 worker_log:613 7368 MainThread [INFO]  All processing finished for executor task 2124
2023-07-07 13:13:35.589 worker_log:584 7368 MainThread [INFO]  Received executor task 2150
2023-07-07 13:13:51.130 worker_log:602 7368 MainThread [INFO]  Completed executor task 2150
2023-07-07 13:13:51.130 worker_log:613 7368 MainThread [INFO]  All processing finished for executor task 2150
2023-07-07 13:13:51.141 worker_log:584 7368 MainThread [INFO]  Received executor task 2163
2023-07-07 13:13:58.606 worker_log:602 7368 MainThread [INFO]  Completed executor task 2163
2023-07-07 13:13:58.622 worker_log:613 7368 MainThread [INFO]  All processing finished for executor task 2163
2023-07-07 13:13:58.627 worker_log:584 7368 MainThread [INFO]  Received executor task 2167
2023-07-07 13:14:39.795 worker_log:602 7368 MainThread [INFO]  Completed executor task 2167
2023-07-07 13:14:39.817 worker_log:613 7368 MainThread [INFO]  All processing finished for executor task 2167
2023-07-07 13:14:39.820 worker_log:584 7368 MainThread [INFO]  Received executor task 2186
2023-07-07 13:14:53.082 worker_log:602 7368 MainThread [INFO]  Completed executor task 2186
2023-07-07 13:14:53.083 worker_log:613 7368 MainThread [INFO]  All processing finished for executor task 2186
2023-07-07 13:14:53.094 worker_log:584 7368 MainThread [INFO]  Received executor task 2200
2023-07-07 13:15:12.640 worker_log:602 7368 MainThread [INFO]  Completed executor task 2200
2023-07-07 13:15:12.640 worker_log:613 7368 MainThread [INFO]  All processing finished for executor task 2200
2023-07-07 13:15:12.651 worker_log:584 7368 MainThread [INFO]  Received executor task 2208
2023-07-07 13:15:46.707 worker_log:602 7368 MainThread [INFO]  Completed executor task 2208
2023-07-07 13:15:46.707 worker_log:613 7368 MainThread [INFO]  All processing finished for executor task 2208
2023-07-07 13:15:46.719 worker_log:584 7368 MainThread [INFO]  Received executor task 2218
2023-07-07 13:16:15.636 worker_log:602 7368 MainThread [INFO]  Completed executor task 2218
2023-07-07 13:16:15.636 worker_log:613 7368 MainThread [INFO]  All processing finished for executor task 2218
2023-07-07 13:16:15.648 worker_log:584 7368 MainThread [INFO]  Received executor task 2232
2023-07-07 13:17:10.515 worker_log:602 7368 MainThread [INFO]  Completed executor task 2232
2023-07-07 13:17:10.515 worker_log:613 7368 MainThread [INFO]  All processing finished for executor task 2232
2023-07-07 13:17:10.527 worker_log:584 7368 MainThread [INFO]  Received executor task 2262
2023-07-07 13:17:24.780 worker_log:602 7368 MainThread [INFO]  Completed executor task 2262
2023-07-07 13:17:24.781 worker_log:613 7368 MainThread [INFO]  All processing finished for executor task 2262
2023-07-07 13:17:24.792 worker_log:584 7368 MainThread [INFO]  Received executor task 2266
2023-07-07 13:18:04.109 worker_log:602 7368 MainThread [INFO]  Completed executor task 2266
2023-07-07 13:18:04.110 worker_log:613 7368 MainThread [INFO]  All processing finished for executor task 2266
2023-07-07 13:18:04.110 worker_log:584 7368 MainThread [INFO]  Received executor task 2284
2023-07-07 13:18:42.740 worker_log:602 7368 MainThread [INFO]  Completed executor task 2284
2023-07-07 13:18:42.741 worker_log:613 7368 MainThread [INFO]  All processing finished for executor task 2284
2023-07-07 13:18:42.752 worker_log:584 7368 MainThread [INFO]  Received executor task 2302
2023-07-07 13:19:25.762 worker_log:602 7368 MainThread [INFO]  Completed executor task 2302
2023-07-07 13:19:25.775 worker_log:613 7368 MainThread [INFO]  All processing finished for executor task 2302
2023-07-07 13:19:25.775 worker_log:584 7368 MainThread [INFO]  Received executor task 2318
2023-07-07 13:20:06.923 worker_log:602 7368 MainThread [INFO]  Completed executor task 2318
2023-07-07 13:20:06.935 worker_log:613 7368 MainThread [INFO]  All processing finished for executor task 2318
2023-07-07 13:20:06.935 worker_log:584 7368 MainThread [INFO]  Received executor task 2341
2023-07-07 13:20:16.657 worker_log:602 7368 MainThread [INFO]  Completed executor task 2341
2023-07-07 13:20:16.657 worker_log:613 7368 MainThread [INFO]  All processing finished for executor task 2341
2023-07-07 13:20:16.668 worker_log:584 7368 MainThread [INFO]  Received executor task 2345
2023-07-07 13:21:08.830 worker_log:602 7368 MainThread [INFO]  Completed executor task 2345
2023-07-07 13:21:08.831 worker_log:613 7368 MainThread [INFO]  All processing finished for executor task 2345
2023-07-07 13:21:08.842 worker_log:584 7368 MainThread [INFO]  Received executor task 2369
2023-07-07 13:21:21.068 worker_log:602 7368 MainThread [INFO]  Completed executor task 2369
2023-07-07 13:21:21.069 worker_log:613 7368 MainThread [INFO]  All processing finished for executor task 2369
2023-07-07 13:21:21.080 worker_log:584 7368 MainThread [INFO]  Received executor task 2377
2023-07-07 13:21:42.993 worker_log:602 7368 MainThread [INFO]  Completed executor task 2377
2023-07-07 13:21:42.993 worker_log:613 7368 MainThread [INFO]  All processing finished for executor task 2377
2023-07-07 13:21:43.005 worker_log:584 7368 MainThread [INFO]  Received executor task 2387
2023-07-07 13:22:19.057 worker_log:602 7368 MainThread [INFO]  Completed executor task 2387
2023-07-07 13:22:19.058 worker_log:613 7368 MainThread [INFO]  All processing finished for executor task 2387
2023-07-07 13:22:19.069 worker_log:584 7368 MainThread [INFO]  Received executor task 2409
2023-07-07 13:22:47.557 worker_log:602 7368 MainThread [INFO]  Completed executor task 2409
2023-07-07 13:22:47.558 worker_log:613 7368 MainThread [INFO]  All processing finished for executor task 2409
2023-07-07 13:22:47.569 worker_log:584 7368 MainThread [INFO]  Received executor task 2426
2023-07-07 13:23:11.451 worker_log:602 7368 MainThread [INFO]  Completed executor task 2426
2023-07-07 13:23:11.452 worker_log:613 7368 MainThread [INFO]  All processing finished for executor task 2426
2023-07-07 13:23:11.463 worker_log:584 7368 MainThread [INFO]  Received executor task 2446
2023-07-07 13:23:49.464 worker_log:602 7368 MainThread [INFO]  Completed executor task 2446
2023-07-07 13:23:49.465 worker_log:613 7368 MainThread [INFO]  All processing finished for executor task 2446
2023-07-07 13:23:49.476 worker_log:584 7368 MainThread [INFO]  Received executor task 2468
2023-07-07 13:24:12.955 worker_log:602 7368 MainThread [INFO]  Completed executor task 2468
2023-07-07 13:24:12.955 worker_log:613 7368 MainThread [INFO]  All processing finished for executor task 2468
2023-07-07 13:24:12.966 worker_log:584 7368 MainThread [INFO]  Received executor task 2479
2023-07-07 13:24:42.557 worker_log:602 7368 MainThread [INFO]  Completed executor task 2479
2023-07-07 13:24:42.558 worker_log:613 7368 MainThread [INFO]  All processing finished for executor task 2479
2023-07-07 13:24:42.569 worker_log:584 7368 MainThread [INFO]  Received executor task 2494
2023-07-07 13:25:23.372 worker_log:602 7368 MainThread [INFO]  Completed executor task 2494
2023-07-07 13:25:23.373 worker_log:613 7368 MainThread [INFO]  All processing finished for executor task 2494
2023-07-07 13:25:23.384 worker_log:584 7368 MainThread [INFO]  Received executor task 2510
2023-07-07 13:25:42.043 worker_log:602 7368 MainThread [INFO]  Completed executor task 2510
2023-07-07 13:25:42.043 worker_log:613 7368 MainThread [INFO]  All processing finished for executor task 2510
2023-07-07 13:25:42.054 worker_log:584 7368 MainThread [INFO]  Received executor task 2521
2023-07-07 13:25:50.352 worker_log:602 7368 MainThread [INFO]  Completed executor task 2521
2023-07-07 13:25:50.352 worker_log:613 7368 MainThread [INFO]  All processing finished for executor task 2521
2023-07-07 13:25:50.363 worker_log:584 7368 MainThread [INFO]  Received executor task 2525
2023-07-07 13:26:05.755 worker_log:602 7368 MainThread [INFO]  Completed executor task 2525
2023-07-07 13:26:05.755 worker_log:613 7368 MainThread [INFO]  All processing finished for executor task 2525
2023-07-07 13:26:05.767 worker_log:584 7368 MainThread [INFO]  Received executor task 2534
2023-07-07 13:26:46.237 worker_log:602 7368 MainThread [INFO]  Completed executor task 2534
2023-07-07 13:26:46.238 worker_log:613 7368 MainThread [INFO]  All processing finished for executor task 2534
2023-07-07 13:26:46.255 worker_log:584 7368 MainThread [INFO]  Received executor task 2547
2023-07-07 13:26:54.660 worker_log:602 7368 MainThread [INFO]  Completed executor task 2547
2023-07-07 13:26:54.661 worker_log:613 7368 MainThread [INFO]  All processing finished for executor task 2547
2023-07-07 13:26:54.672 worker_log:584 7368 MainThread [INFO]  Received executor task 2553
2023-07-07 13:27:11.651 worker_log:602 7368 MainThread [INFO]  Completed executor task 2553
2023-07-07 13:27:11.652 worker_log:613 7368 MainThread [INFO]  All processing finished for executor task 2553
2023-07-07 13:27:11.663 worker_log:584 7368 MainThread [INFO]  Received executor task 2561
2023-07-07 13:27:32.475 worker_log:602 7368 MainThread [INFO]  Completed executor task 2561
2023-07-07 13:27:32.476 worker_log:613 7368 MainThread [INFO]  All processing finished for executor task 2561
2023-07-07 13:27:32.487 worker_log:584 7368 MainThread [INFO]  Received executor task 2573
2023-07-07 13:28:22.843 worker_log:602 7368 MainThread [INFO]  Completed executor task 2573
2023-07-07 13:28:22.843 worker_log:613 7368 MainThread [INFO]  All processing finished for executor task 2573
2023-07-07 13:28:22.854 worker_log:584 7368 MainThread [INFO]  Received executor task 2599
2023-07-07 13:28:36.198 worker_log:602 7368 MainThread [INFO]  Completed executor task 2599
2023-07-07 13:28:36.199 worker_log:613 7368 MainThread [INFO]  All processing finished for executor task 2599
2023-07-07 13:28:36.211 worker_log:584 7368 MainThread [INFO]  Received executor task 2603
2023-07-07 13:29:41.901 worker_log:602 7368 MainThread [INFO]  Completed executor task 2603
2023-07-07 13:29:41.902 worker_log:613 7368 MainThread [INFO]  All processing finished for executor task 2603
2023-07-07 13:29:41.913 worker_log:584 7368 MainThread [INFO]  Received executor task 2634
2023-07-07 13:30:40.082 worker_log:602 7368 MainThread [INFO]  Completed executor task 2634
2023-07-07 13:30:40.083 worker_log:613 7368 MainThread [INFO]  All processing finished for executor task 2634
2023-07-07 13:30:40.094 worker_log:584 7368 MainThread [INFO]  Received executor task 2656
2023-07-07 13:31:15.342 worker_log:602 7368 MainThread [INFO]  Completed executor task 2656
2023-07-07 13:31:15.343 worker_log:613 7368 MainThread [INFO]  All processing finished for executor task 2656
2023-07-07 13:31:15.354 worker_log:584 7368 MainThread [INFO]  Received executor task 2674
2023-07-07 13:31:52.021 worker_log:602 7368 MainThread [INFO]  Completed executor task 2674
2023-07-07 13:31:52.022 worker_log:613 7368 MainThread [INFO]  All processing finished for executor task 2674
2023-07-07 13:31:52.033 worker_log:584 7368 MainThread [INFO]  Received executor task 2691
2023-07-07 13:32:31.223 worker_log:602 7368 MainThread [INFO]  Completed executor task 2691
2023-07-07 13:32:31.223 worker_log:613 7368 MainThread [INFO]  All processing finished for executor task 2691
2023-07-07 13:32:31.234 worker_log:584 7368 MainThread [INFO]  Received executor task 2711
2023-07-07 13:32:39.619 worker_log:602 7368 MainThread [INFO]  Completed executor task 2711
2023-07-07 13:32:39.619 worker_log:613 7368 MainThread [INFO]  All processing finished for executor task 2711
2023-07-07 13:32:39.631 worker_log:584 7368 MainThread [INFO]  Received executor task 2719
2023-07-07 13:33:09.669 worker_log:602 7368 MainThread [INFO]  Completed executor task 2719
2023-07-07 13:33:09.670 worker_log:613 7368 MainThread [INFO]  All processing finished for executor task 2719
2023-07-07 13:33:09.681 worker_log:584 7368 MainThread [INFO]  Received executor task 2734
2023-07-07 13:33:41.580 worker_log:602 7368 MainThread [INFO]  Completed executor task 2734
2023-07-07 13:33:41.580 worker_log:613 7368 MainThread [INFO]  All processing finished for executor task 2734
2023-07-07 13:33:41.591 worker_log:584 7368 MainThread [INFO]  Received executor task 2749
2023-07-07 13:34:16.360 worker_log:602 7368 MainThread [INFO]  Completed executor task 2749
2023-07-07 13:34:16.360 worker_log:613 7368 MainThread [INFO]  All processing finished for executor task 2749
2023-07-07 13:34:16.371 worker_log:584 7368 MainThread [INFO]  Received executor task 2771
2023-07-07 13:35:02.313 worker_log:602 7368 MainThread [INFO]  Completed executor task 2771
2023-07-07 13:35:02.314 worker_log:613 7368 MainThread [INFO]  All processing finished for executor task 2771
2023-07-07 13:35:02.325 worker_log:584 7368 MainThread [INFO]  Received executor task 2791
2023-07-07 13:35:16.076 worker_log:602 7368 MainThread [INFO]  Completed executor task 2791
2023-07-07 13:35:16.076 worker_log:613 7368 MainThread [INFO]  All processing finished for executor task 2791
2023-07-07 13:35:16.088 worker_log:584 7368 MainThread [INFO]  Received executor task 2796
2023-07-07 13:35:41.879 worker_log:602 7368 MainThread [INFO]  Completed executor task 2796
2023-07-07 13:35:41.880 worker_log:613 7368 MainThread [INFO]  All processing finished for executor task 2796
2023-07-07 13:35:41.892 worker_log:584 7368 MainThread [INFO]  Received executor task 2813
2023-07-07 13:36:02.797 worker_log:602 7368 MainThread [INFO]  Completed executor task 2813
2023-07-07 13:36:02.797 worker_log:613 7368 MainThread [INFO]  All processing finished for executor task 2813
2023-07-07 13:36:02.808 worker_log:584 7368 MainThread [INFO]  Received executor task 2823
2023-07-07 13:36:33.519 worker_log:602 7368 MainThread [INFO]  Completed executor task 2823
2023-07-07 13:36:33.520 worker_log:613 7368 MainThread [INFO]  All processing finished for executor task 2823
2023-07-07 13:36:33.531 worker_log:584 7368 MainThread [INFO]  Received executor task 2841
2023-07-07 13:37:17.170 worker_log:602 7368 MainThread [INFO]  Completed executor task 2841
2023-07-07 13:37:17.170 worker_log:613 7368 MainThread [INFO]  All processing finished for executor task 2841
2023-07-07 13:37:17.181 worker_log:584 7368 MainThread [INFO]  Received executor task 2859
2023-07-07 13:37:57.233 worker_log:602 7368 MainThread [INFO]  Completed executor task 2859
2023-07-07 13:37:57.233 worker_log:613 7368 MainThread [INFO]  All processing finished for executor task 2859
2023-07-07 13:37:57.234 worker_log:584 7368 MainThread [INFO]  Received executor task 2884
2023-07-07 13:38:09.814 worker_log:602 7368 MainThread [INFO]  Completed executor task 2884
2023-07-07 13:38:09.814 worker_log:613 7368 MainThread [INFO]  All processing finished for executor task 2884
2023-07-07 13:38:09.825 worker_log:584 7368 MainThread [INFO]  Received executor task 2891
2023-07-07 13:38:38.147 worker_log:602 7368 MainThread [INFO]  Completed executor task 2891
2023-07-07 13:38:38.148 worker_log:613 7368 MainThread [INFO]  All processing finished for executor task 2891
2023-07-07 13:38:38.158 worker_log:584 7368 MainThread [INFO]  Received executor task 2915
2023-07-07 13:38:58.834 worker_log:602 7368 MainThread [INFO]  Completed executor task 2915
2023-07-07 13:38:58.835 worker_log:613 7368 MainThread [INFO]  All processing finished for executor task 2915
2023-07-07 13:38:58.846 worker_log:584 7368 MainThread [INFO]  Received executor task 2929
2023-07-07 13:39:10.382 worker_log:602 7368 MainThread [INFO]  Completed executor task 2929
2023-07-07 13:39:10.383 worker_log:613 7368 MainThread [INFO]  All processing finished for executor task 2929
2023-07-07 13:39:10.394 worker_log:584 7368 MainThread [INFO]  Received executor task 2935
2023-07-07 13:39:28.135 worker_log:602 7368 MainThread [INFO]  Completed executor task 2935
2023-07-07 13:39:28.135 worker_log:613 7368 MainThread [INFO]  All processing finished for executor task 2935
2023-07-07 13:39:28.146 worker_log:584 7368 MainThread [INFO]  Received executor task 2942
2023-07-07 13:39:48.539 worker_log:602 7368 MainThread [INFO]  Completed executor task 2942
2023-07-07 13:39:48.539 worker_log:613 7368 MainThread [INFO]  All processing finished for executor task 2942
2023-07-07 13:39:48.550 worker_log:584 7368 MainThread [INFO]  Received executor task 2952
2023-07-07 13:40:09.411 worker_log:602 7368 MainThread [INFO]  Completed executor task 2952
2023-07-07 13:40:09.412 worker_log:613 7368 MainThread [INFO]  All processing finished for executor task 2952
2023-07-07 13:40:09.423 worker_log:584 7368 MainThread [INFO]  Received executor task 2962
2023-07-07 13:40:42.729 worker_log:602 7368 MainThread [INFO]  Completed executor task 2962
2023-07-07 13:40:42.729 worker_log:613 7368 MainThread [INFO]  All processing finished for executor task 2962
2023-07-07 13:40:42.740 worker_log:584 7368 MainThread [INFO]  Received executor task 2983
2023-07-07 13:41:26.921 worker_log:602 7368 MainThread [INFO]  Completed executor task 2983
2023-07-07 13:41:26.921 worker_log:613 7368 MainThread [INFO]  All processing finished for executor task 2983
2023-07-07 13:41:26.932 worker_log:584 7368 MainThread [INFO]  Received executor task 3008
2023-07-07 13:41:40.294 worker_log:602 7368 MainThread [INFO]  Completed executor task 3008
2023-07-07 13:41:40.294 worker_log:613 7368 MainThread [INFO]  All processing finished for executor task 3008
2023-07-07 13:41:40.313 worker_log:584 7368 MainThread [INFO]  Received executor task 3013
2023-07-07 13:42:07.043 worker_log:602 7368 MainThread [INFO]  Completed executor task 3013
2023-07-07 13:42:07.043 worker_log:613 7368 MainThread [INFO]  All processing finished for executor task 3013
2023-07-07 13:42:07.054 worker_log:584 7368 MainThread [INFO]  Received executor task 3025
2023-07-07 13:42:19.801 worker_log:602 7368 MainThread [INFO]  Completed executor task 3025
2023-07-07 13:42:19.801 worker_log:613 7368 MainThread [INFO]  All processing finished for executor task 3025
2023-07-07 13:42:19.812 worker_log:584 7368 MainThread [INFO]  Received executor task 3031
2023-07-07 13:43:06.085 worker_log:602 7368 MainThread [INFO]  Completed executor task 3031
2023-07-07 13:43:06.085 worker_log:613 7368 MainThread [INFO]  All processing finished for executor task 3031
2023-07-07 13:43:06.096 worker_log:584 7368 MainThread [INFO]  Received executor task 3052
2023-07-07 13:43:43.968 worker_log:602 7368 MainThread [INFO]  Completed executor task 3052
2023-07-07 13:43:43.969 worker_log:613 7368 MainThread [INFO]  All processing finished for executor task 3052
2023-07-07 13:43:43.980 worker_log:584 7368 MainThread [INFO]  Received executor task 3071
2023-07-07 13:44:10.005 worker_log:602 7368 MainThread [INFO]  Completed executor task 3071
2023-07-07 13:44:10.006 worker_log:613 7368 MainThread [INFO]  All processing finished for executor task 3071
2023-07-07 13:44:10.017 worker_log:584 7368 MainThread [INFO]  Received executor task 3081
2023-07-07 13:44:39.617 worker_log:602 7368 MainThread [INFO]  Completed executor task 3081
2023-07-07 13:44:39.617 worker_log:613 7368 MainThread [INFO]  All processing finished for executor task 3081
2023-07-07 13:44:39.631 worker_log:584 7368 MainThread [INFO]  Received executor task 3098
2023-07-07 13:45:01.635 worker_log:602 7368 MainThread [INFO]  Completed executor task 3098
2023-07-07 13:45:01.636 worker_log:613 7368 MainThread [INFO]  All processing finished for executor task 3098
2023-07-07 13:45:01.637 worker_log:584 7368 MainThread [INFO]  Received executor task 3112
2023-07-07 13:45:29.579 worker_log:602 7368 MainThread [INFO]  Completed executor task 3112
2023-07-07 13:45:29.580 worker_log:613 7368 MainThread [INFO]  All processing finished for executor task 3112
2023-07-07 13:45:29.591 worker_log:584 7368 MainThread [INFO]  Received executor task 3127
2023-07-07 13:45:54.318 worker_log:602 7368 MainThread [INFO]  Completed executor task 3127
2023-07-07 13:45:54.318 worker_log:613 7368 MainThread [INFO]  All processing finished for executor task 3127
2023-07-07 13:45:54.329 worker_log:584 7368 MainThread [INFO]  Received executor task 3143
2023-07-07 13:46:14.512 worker_log:602 7368 MainThread [INFO]  Completed executor task 3143
2023-07-07 13:46:14.513 worker_log:613 7368 MainThread [INFO]  All processing finished for executor task 3143
2023-07-07 13:46:14.524 worker_log:584 7368 MainThread [INFO]  Received executor task 3151
2023-07-07 13:46:37.612 worker_log:602 7368 MainThread [INFO]  Completed executor task 3151
2023-07-07 13:46:37.612 worker_log:613 7368 MainThread [INFO]  All processing finished for executor task 3151
2023-07-07 13:46:37.624 worker_log:584 7368 MainThread [INFO]  Received executor task 3164
2023-07-07 13:47:07.927 worker_log:602 7368 MainThread [INFO]  Completed executor task 3164
2023-07-07 13:47:07.928 worker_log:613 7368 MainThread [INFO]  All processing finished for executor task 3164
2023-07-07 13:47:07.939 worker_log:584 7368 MainThread [INFO]  Received executor task 3178
2023-07-07 13:47:36.555 worker_log:602 7368 MainThread [INFO]  Completed executor task 3178
2023-07-07 13:47:36.566 worker_log:613 7368 MainThread [INFO]  All processing finished for executor task 3178
2023-07-07 13:47:36.567 worker_log:584 7368 MainThread [INFO]  Received executor task 3190
2023-07-07 13:48:06.475 worker_log:602 7368 MainThread [INFO]  Completed executor task 3190
2023-07-07 13:48:06.475 worker_log:613 7368 MainThread [INFO]  All processing finished for executor task 3190
2023-07-07 13:48:06.486 worker_log:584 7368 MainThread [INFO]  Received executor task 3206
2023-07-07 13:48:35.150 worker_log:602 7368 MainThread [INFO]  Completed executor task 3206
2023-07-07 13:48:35.161 worker_log:613 7368 MainThread [INFO]  All processing finished for executor task 3206
2023-07-07 13:48:35.161 worker_log:584 7368 MainThread [INFO]  Received executor task 3223
2023-07-07 13:48:57.258 worker_log:602 7368 MainThread [INFO]  Completed executor task 3223
2023-07-07 13:48:57.258 worker_log:613 7368 MainThread [INFO]  All processing finished for executor task 3223
2023-07-07 13:48:57.270 worker_log:584 7368 MainThread [INFO]  Received executor task 3235
2023-07-07 13:49:32.921 worker_log:602 7368 MainThread [INFO]  Completed executor task 3235
2023-07-07 13:49:32.921 worker_log:613 7368 MainThread [INFO]  All processing finished for executor task 3235
2023-07-07 13:49:32.933 worker_log:584 7368 MainThread [INFO]  Received executor task 3254
2023-07-07 13:50:14.265 worker_log:602 7368 MainThread [INFO]  Completed executor task 3254
2023-07-07 13:50:14.266 worker_log:613 7368 MainThread [INFO]  All processing finished for executor task 3254
2023-07-07 13:50:14.277 worker_log:584 7368 MainThread [INFO]  Received executor task 3275
2023-07-07 13:50:38.747 worker_log:602 7368 MainThread [INFO]  Completed executor task 3275
2023-07-07 13:50:38.747 worker_log:613 7368 MainThread [INFO]  All processing finished for executor task 3275
2023-07-07 13:50:38.758 worker_log:584 7368 MainThread [INFO]  Received executor task 3292
2023-07-07 13:51:28.949 worker_log:602 7368 MainThread [INFO]  Completed executor task 3292
2023-07-07 13:51:28.950 worker_log:613 7368 MainThread [INFO]  All processing finished for executor task 3292
2023-07-07 13:51:28.961 worker_log:584 7368 MainThread [INFO]  Received executor task 3320
2023-07-07 13:52:01.964 worker_log:602 7368 MainThread [INFO]  Completed executor task 3320
2023-07-07 13:52:01.964 worker_log:613 7368 MainThread [INFO]  All processing finished for executor task 3320
2023-07-07 13:52:01.976 worker_log:584 7368 MainThread [INFO]  Received executor task 3338
2023-07-07 13:52:43.122 worker_log:602 7368 MainThread [INFO]  Completed executor task 3338
2023-07-07 13:52:43.123 worker_log:613 7368 MainThread [INFO]  All processing finished for executor task 3338
2023-07-07 13:52:43.134 worker_log:584 7368 MainThread [INFO]  Received executor task 3361
2023-07-07 13:53:10.219 worker_log:602 7368 MainThread [INFO]  Completed executor task 3361
2023-07-07 13:53:10.220 worker_log:613 7368 MainThread [INFO]  All processing finished for executor task 3361
2023-07-07 13:53:10.231 worker_log:584 7368 MainThread [INFO]  Received executor task 3377
2023-07-07 13:53:39.153 worker_log:602 7368 MainThread [INFO]  Completed executor task 3377
2023-07-07 13:53:39.153 worker_log:613 7368 MainThread [INFO]  All processing finished for executor task 3377
2023-07-07 13:53:39.165 worker_log:584 7368 MainThread [INFO]  Received executor task 3400
2023-07-07 13:54:10.120 worker_log:602 7368 MainThread [INFO]  Completed executor task 3400
2023-07-07 13:54:10.121 worker_log:613 7368 MainThread [INFO]  All processing finished for executor task 3400
2023-07-07 13:54:10.133 worker_log:584 7368 MainThread [INFO]  Received executor task 3415
2023-07-07 13:54:57.604 worker_log:602 7368 MainThread [INFO]  Completed executor task 3415
2023-07-07 13:54:57.604 worker_log:613 7368 MainThread [INFO]  All processing finished for executor task 3415
2023-07-07 13:54:57.615 worker_log:584 7368 MainThread [INFO]  Received executor task 3440
2023-07-07 13:55:33.328 worker_log:602 7368 MainThread [INFO]  Completed executor task 3440
2023-07-07 13:55:33.328 worker_log:613 7368 MainThread [INFO]  All processing finished for executor task 3440
2023-07-07 13:55:33.339 worker_log:584 7368 MainThread [INFO]  Received executor task 3464
2023-07-07 13:56:07.053 worker_log:602 7368 MainThread [INFO]  Completed executor task 3464
2023-07-07 13:56:07.054 worker_log:613 7368 MainThread [INFO]  All processing finished for executor task 3464
2023-07-07 13:56:07.065 worker_log:584 7368 MainThread [INFO]  Received executor task 3479
2023-07-07 13:56:24.795 worker_log:602 7368 MainThread [INFO]  Completed executor task 3479
2023-07-07 13:56:24.795 worker_log:613 7368 MainThread [INFO]  All processing finished for executor task 3479
2023-07-07 13:56:24.806 worker_log:584 7368 MainThread [INFO]  Received executor task 3486
2023-07-07 13:56:53.625 worker_log:602 7368 MainThread [INFO]  Completed executor task 3486
2023-07-07 13:56:53.625 worker_log:613 7368 MainThread [INFO]  All processing finished for executor task 3486
2023-07-07 13:56:53.636 worker_log:584 7368 MainThread [INFO]  Received executor task 3498
2023-07-07 13:57:27.128 worker_log:602 7368 MainThread [INFO]  Completed executor task 3498
2023-07-07 13:57:27.128 worker_log:613 7368 MainThread [INFO]  All processing finished for executor task 3498
2023-07-07 13:57:27.140 worker_log:584 7368 MainThread [INFO]  Received executor task 3509
2023-07-07 13:58:04.116 worker_log:602 7368 MainThread [INFO]  Completed executor task 3509
2023-07-07 13:58:04.117 worker_log:613 7368 MainThread [INFO]  All processing finished for executor task 3509
2023-07-07 13:58:04.129 worker_log:584 7368 MainThread [INFO]  Received executor task 3521
2023-07-07 13:58:31.412 worker_log:602 7368 MainThread [INFO]  Completed executor task 3521
2023-07-07 13:58:31.412 worker_log:613 7368 MainThread [INFO]  All processing finished for executor task 3521
2023-07-07 13:58:31.426 worker_log:584 7368 MainThread [INFO]  Received executor task 3539
2023-07-07 13:58:49.668 worker_log:602 7368 MainThread [INFO]  Completed executor task 3539
2023-07-07 13:58:49.669 worker_log:613 7368 MainThread [INFO]  All processing finished for executor task 3539
2023-07-07 13:58:49.680 worker_log:584 7368 MainThread [INFO]  Received executor task 3550
2023-07-07 13:59:19.229 worker_log:602 7368 MainThread [INFO]  Completed executor task 3550
2023-07-07 13:59:19.230 worker_log:613 7368 MainThread [INFO]  All processing finished for executor task 3550
2023-07-07 13:59:19.241 worker_log:584 7368 MainThread [INFO]  Received executor task 3565
2023-07-07 13:59:44.782 worker_log:602 7368 MainThread [INFO]  Completed executor task 3565
2023-07-07 13:59:44.783 worker_log:613 7368 MainThread [INFO]  All processing finished for executor task 3565
2023-07-07 13:59:44.794 worker_log:584 7368 MainThread [INFO]  Received executor task 3577
2023-07-07 14:00:13.935 worker_log:602 7368 MainThread [INFO]  Completed executor task 3577
2023-07-07 14:00:13.936 worker_log:613 7368 MainThread [INFO]  All processing finished for executor task 3577
2023-07-07 14:00:13.937 worker_log:584 7368 MainThread [INFO]  Received executor task 3591
2023-07-07 14:00:38.588 worker_log:602 7368 MainThread [INFO]  Completed executor task 3591
2023-07-07 14:00:38.588 worker_log:613 7368 MainThread [INFO]  All processing finished for executor task 3591
2023-07-07 14:00:38.599 worker_log:584 7368 MainThread [INFO]  Received executor task 3605
2023-07-07 14:01:02.342 worker_log:602 7368 MainThread [INFO]  Completed executor task 3605
2023-07-07 14:01:02.343 worker_log:613 7368 MainThread [INFO]  All processing finished for executor task 3605
2023-07-07 14:01:02.354 worker_log:584 7368 MainThread [INFO]  Received executor task 3620
2023-07-07 14:01:32.954 worker_log:602 7368 MainThread [INFO]  Completed executor task 3620
2023-07-07 14:01:32.954 worker_log:613 7368 MainThread [INFO]  All processing finished for executor task 3620
2023-07-07 14:01:32.965 worker_log:584 7368 MainThread [INFO]  Received executor task 3635
2023-07-07 14:02:22.154 worker_log:602 7368 MainThread [INFO]  Completed executor task 3635
2023-07-07 14:02:22.155 worker_log:613 7368 MainThread [INFO]  All processing finished for executor task 3635
2023-07-07 14:02:22.166 worker_log:584 7368 MainThread [INFO]  Received executor task 3665
2023-07-07 14:02:55.238 worker_log:602 7368 MainThread [INFO]  Completed executor task 3665
2023-07-07 14:02:55.239 worker_log:613 7368 MainThread [INFO]  All processing finished for executor task 3665
2023-07-07 14:02:55.252 worker_log:584 7368 MainThread [INFO]  Received executor task 3683
2023-07-07 14:03:30.303 worker_log:602 7368 MainThread [INFO]  Completed executor task 3683
2023-07-07 14:03:30.304 worker_log:613 7368 MainThread [INFO]  All processing finished for executor task 3683
2023-07-07 14:03:30.315 worker_log:584 7368 MainThread [INFO]  Received executor task 3701
2023-07-07 14:05:01.189 worker_log:602 7368 MainThread [INFO]  Completed executor task 3701
2023-07-07 14:05:01.190 worker_log:613 7368 MainThread [INFO]  All processing finished for executor task 3701
2023-07-07 14:05:01.201 worker_log:584 7368 MainThread [INFO]  Received executor task 3741
2023-07-07 14:06:14.748 worker_log:602 7368 MainThread [INFO]  Completed executor task 3741
2023-07-07 14:06:14.748 worker_log:613 7368 MainThread [INFO]  All processing finished for executor task 3741
2023-07-07 14:06:14.759 worker_log:584 7368 MainThread [INFO]  Received executor task 3780
2023-07-07 14:06:59.390 worker_log:602 7368 MainThread [INFO]  Completed executor task 3780
2023-07-07 14:06:59.391 worker_log:613 7368 MainThread [INFO]  All processing finished for executor task 3780
2023-07-07 14:06:59.402 worker_log:584 7368 MainThread [INFO]  Received executor task 3797
2023-07-07 14:07:32.678 worker_log:602 7368 MainThread [INFO]  Completed executor task 3797
2023-07-07 14:07:32.678 worker_log:613 7368 MainThread [INFO]  All processing finished for executor task 3797
2023-07-07 14:07:32.697 worker_log:584 7368 MainThread [INFO]  Received executor task 3809
2023-07-07 14:07:43.107 worker_log:602 7368 MainThread [INFO]  Completed executor task 3809
2023-07-07 14:07:43.110 worker_log:613 7368 MainThread [INFO]  All processing finished for executor task 3809
2023-07-07 14:07:43.119 worker_log:584 7368 MainThread [INFO]  Received executor task 3813
2023-07-07 14:08:45.813 worker_log:602 7368 MainThread [INFO]  Completed executor task 3813
2023-07-07 14:08:45.814 worker_log:613 7368 MainThread [INFO]  All processing finished for executor task 3813
2023-07-07 14:08:45.825 worker_log:584 7368 MainThread [INFO]  Received executor task 3846
2023-07-07 14:09:21.757 worker_log:602 7368 MainThread [INFO]  Completed executor task 3846
2023-07-07 14:09:21.758 worker_log:613 7368 MainThread [INFO]  All processing finished for executor task 3846
2023-07-07 14:09:21.769 worker_log:584 7368 MainThread [INFO]  Received executor task 3865
2023-07-07 14:09:37.411 worker_log:602 7368 MainThread [INFO]  Completed executor task 3865
2023-07-07 14:09:37.412 worker_log:613 7368 MainThread [INFO]  All processing finished for executor task 3865
2023-07-07 14:09:37.423 worker_log:584 7368 MainThread [INFO]  Received executor task 3871
2023-07-07 14:09:45.628 worker_log:602 7368 MainThread [INFO]  Completed executor task 3871
2023-07-07 14:09:45.629 worker_log:613 7368 MainThread [INFO]  All processing finished for executor task 3871
2023-07-07 14:09:45.640 worker_log:584 7368 MainThread [INFO]  Received executor task 3881
2023-07-07 14:10:00.686 worker_log:602 7368 MainThread [INFO]  Completed executor task 3881
2023-07-07 14:10:00.687 worker_log:613 7368 MainThread [INFO]  All processing finished for executor task 3881
2023-07-07 14:10:00.698 worker_log:584 7368 MainThread [INFO]  Received executor task 3892
2023-07-07 14:10:11.803 worker_log:602 7368 MainThread [INFO]  Completed executor task 3892
2023-07-07 14:10:11.804 worker_log:613 7368 MainThread [INFO]  All processing finished for executor task 3892
2023-07-07 14:10:11.815 worker_log:584 7368 MainThread [INFO]  Received executor task 3899
2023-07-07 14:10:39.017 worker_log:602 7368 MainThread [INFO]  Completed executor task 3899
2023-07-07 14:10:39.017 worker_log:613 7368 MainThread [INFO]  All processing finished for executor task 3899
2023-07-07 14:10:39.029 worker_log:584 7368 MainThread [INFO]  Received executor task 3918
2023-07-07 14:11:08.284 worker_log:602 7368 MainThread [INFO]  Completed executor task 3918
2023-07-07 14:11:08.285 worker_log:613 7368 MainThread [INFO]  All processing finished for executor task 3918
2023-07-07 14:11:08.297 worker_log:584 7368 MainThread [INFO]  Received executor task 3928
2023-07-07 14:11:58.167 worker_log:602 7368 MainThread [INFO]  Completed executor task 3928
2023-07-07 14:11:58.167 worker_log:613 7368 MainThread [INFO]  All processing finished for executor task 3928
2023-07-07 14:11:58.178 worker_log:584 7368 MainThread [INFO]  Received executor task 3950
2023-07-07 14:12:28.099 worker_log:602 7368 MainThread [INFO]  Completed executor task 3950
2023-07-07 14:12:28.100 worker_log:613 7368 MainThread [INFO]  All processing finished for executor task 3950
2023-07-07 14:12:28.111 worker_log:584 7368 MainThread [INFO]  Received executor task 3960
2023-07-07 14:13:08.285 worker_log:602 7368 MainThread [INFO]  Completed executor task 3960
2023-07-07 14:13:08.286 worker_log:613 7368 MainThread [INFO]  All processing finished for executor task 3960
2023-07-07 14:13:08.296 worker_log:584 7368 MainThread [INFO]  Received executor task 3979
2023-07-07 14:13:31.042 worker_log:602 7368 MainThread [INFO]  Completed executor task 3979
2023-07-07 14:13:31.043 worker_log:613 7368 MainThread [INFO]  All processing finished for executor task 3979
2023-07-07 14:13:31.054 worker_log:584 7368 MainThread [INFO]  Received executor task 3992
2023-07-07 14:14:11.259 worker_log:602 7368 MainThread [INFO]  Completed executor task 3992
2023-07-07 14:14:11.259 worker_log:613 7368 MainThread [INFO]  All processing finished for executor task 3992
2023-07-07 14:14:11.271 worker_log:584 7368 MainThread [INFO]  Received executor task 4014
2023-07-07 14:14:49.258 worker_log:602 7368 MainThread [INFO]  Completed executor task 4014
2023-07-07 14:14:49.258 worker_log:613 7368 MainThread [INFO]  All processing finished for executor task 4014
2023-07-07 14:14:49.269 worker_log:584 7368 MainThread [INFO]  Received executor task 4033
2023-07-07 14:15:36.199 worker_log:602 7368 MainThread [INFO]  Completed executor task 4033
2023-07-07 14:15:36.200 worker_log:613 7368 MainThread [INFO]  All processing finished for executor task 4033
2023-07-07 14:15:36.213 worker_log:584 7368 MainThread [INFO]  Received executor task 4052
2023-07-07 14:15:58.639 worker_log:602 7368 MainThread [INFO]  Completed executor task 4052
2023-07-07 14:15:58.639 worker_log:613 7368 MainThread [INFO]  All processing finished for executor task 4052
2023-07-07 14:15:58.650 worker_log:584 7368 MainThread [INFO]  Received executor task 4063
2023-07-07 14:16:07.096 worker_log:602 7368 MainThread [INFO]  Completed executor task 4063
2023-07-07 14:16:07.096 worker_log:613 7368 MainThread [INFO]  All processing finished for executor task 4063
2023-07-07 14:16:07.107 worker_log:584 7368 MainThread [INFO]  Received executor task 4067
2023-07-07 14:16:32.551 worker_log:602 7368 MainThread [INFO]  Completed executor task 4067
2023-07-07 14:16:32.551 worker_log:613 7368 MainThread [INFO]  All processing finished for executor task 4067
2023-07-07 14:16:32.562 worker_log:584 7368 MainThread [INFO]  Received executor task 4080
2023-07-07 14:17:29.536 worker_log:602 7368 MainThread [INFO]  Completed executor task 4080
2023-07-07 14:17:29.536 worker_log:613 7368 MainThread [INFO]  All processing finished for executor task 4080
2023-07-07 14:17:29.547 worker_log:584 7368 MainThread [INFO]  Received executor task 4102
2023-07-07 14:17:53.936 worker_log:602 7368 MainThread [INFO]  Completed executor task 4102
2023-07-07 14:17:53.936 worker_log:613 7368 MainThread [INFO]  All processing finished for executor task 4102
2023-07-07 14:17:53.947 worker_log:584 7368 MainThread [INFO]  Received executor task 4114
2023-07-07 14:18:21.971 worker_log:602 7368 MainThread [INFO]  Completed executor task 4114
2023-07-07 14:18:21.972 worker_log:613 7368 MainThread [INFO]  All processing finished for executor task 4114
2023-07-07 14:18:21.983 worker_log:584 7368 MainThread [INFO]  Received executor task 4127
2023-07-07 14:18:51.802 worker_log:602 7368 MainThread [INFO]  Completed executor task 4127
2023-07-07 14:18:51.803 worker_log:613 7368 MainThread [INFO]  All processing finished for executor task 4127
2023-07-07 14:18:51.814 worker_log:584 7368 MainThread [INFO]  Received executor task 4139
2023-07-07 14:19:04.344 worker_log:602 7368 MainThread [INFO]  Completed executor task 4139
2023-07-07 14:19:04.344 worker_log:613 7368 MainThread [INFO]  All processing finished for executor task 4139
2023-07-07 14:19:04.355 worker_log:584 7368 MainThread [INFO]  Received executor task 4142
2023-07-07 14:19:45.464 worker_log:602 7368 MainThread [INFO]  Completed executor task 4142
2023-07-07 14:19:45.464 worker_log:613 7368 MainThread [INFO]  All processing finished for executor task 4142
2023-07-07 14:19:45.476 worker_log:584 7368 MainThread [INFO]  Received executor task 4169
2023-07-07 14:20:50.682 worker_log:602 7368 MainThread [INFO]  Completed executor task 4169
2023-07-07 14:20:50.682 worker_log:613 7368 MainThread [INFO]  All processing finished for executor task 4169
2023-07-07 14:20:50.695 worker_log:584 7368 MainThread [INFO]  Received executor task 4192
2023-07-07 14:21:23.638 worker_log:602 7368 MainThread [INFO]  Completed executor task 4192
2023-07-07 14:21:23.638 worker_log:613 7368 MainThread [INFO]  All processing finished for executor task 4192
2023-07-07 14:21:23.650 worker_log:584 7368 MainThread [INFO]  Received executor task 4208
2023-07-07 14:21:56.577 worker_log:602 7368 MainThread [INFO]  Completed executor task 4208
2023-07-07 14:21:56.577 worker_log:613 7368 MainThread [INFO]  All processing finished for executor task 4208
2023-07-07 14:21:56.589 worker_log:584 7368 MainThread [INFO]  Received executor task 4221
2023-07-07 14:22:16.970 worker_log:602 7368 MainThread [INFO]  Completed executor task 4221
2023-07-07 14:22:16.970 worker_log:613 7368 MainThread [INFO]  All processing finished for executor task 4221
2023-07-07 14:22:16.981 worker_log:584 7368 MainThread [INFO]  Received executor task 4233
2023-07-07 14:22:40.293 worker_log:602 7368 MainThread [INFO]  Completed executor task 4233
2023-07-07 14:22:40.293 worker_log:613 7368 MainThread [INFO]  All processing finished for executor task 4233
2023-07-07 14:22:40.304 worker_log:584 7368 MainThread [INFO]  Received executor task 4248
2023-07-07 14:23:51.517 worker_log:602 7368 MainThread [INFO]  Completed executor task 4248
2023-07-07 14:23:51.530 worker_log:613 7368 MainThread [INFO]  All processing finished for executor task 4248
2023-07-07 14:23:51.530 worker_log:584 7368 MainThread [INFO]  Received executor task 4282
2023-07-07 14:24:21.961 worker_log:602 7368 MainThread [INFO]  Completed executor task 4282
2023-07-07 14:24:21.962 worker_log:613 7368 MainThread [INFO]  All processing finished for executor task 4282
2023-07-07 14:24:21.973 worker_log:584 7368 MainThread [INFO]  Received executor task 4301
2023-07-07 14:25:13.665 worker_log:602 7368 MainThread [INFO]  Completed executor task 4301
2023-07-07 14:25:13.666 worker_log:613 7368 MainThread [INFO]  All processing finished for executor task 4301
2023-07-07 14:25:13.677 worker_log:584 7368 MainThread [INFO]  Received executor task 4326
2023-07-07 14:25:30.882 worker_log:602 7368 MainThread [INFO]  Completed executor task 4326
2023-07-07 14:25:30.882 worker_log:613 7368 MainThread [INFO]  All processing finished for executor task 4326
2023-07-07 14:25:30.893 worker_log:584 7368 MainThread [INFO]  Received executor task 4334
2023-07-07 14:26:02.985 worker_log:602 7368 MainThread [INFO]  Completed executor task 4334
2023-07-07 14:26:02.986 worker_log:613 7368 MainThread [INFO]  All processing finished for executor task 4334
2023-07-07 14:26:02.997 worker_log:584 7368 MainThread [INFO]  Received executor task 4349
2023-07-07 14:26:49.331 worker_log:602 7368 MainThread [INFO]  Completed executor task 4349
2023-07-07 14:26:49.331 worker_log:613 7368 MainThread [INFO]  All processing finished for executor task 4349
2023-07-07 14:26:49.342 worker_log:584 7368 MainThread [INFO]  Received executor task 4378
2023-07-07 14:27:04.008 worker_log:602 7368 MainThread [INFO]  Completed executor task 4378
2023-07-07 14:27:04.008 worker_log:613 7368 MainThread [INFO]  All processing finished for executor task 4378
2023-07-07 14:27:04.019 worker_log:584 7368 MainThread [INFO]  Received executor task 4386
2023-07-07 14:27:32.390 worker_log:602 7368 MainThread [INFO]  Completed executor task 4386
2023-07-07 14:27:32.390 worker_log:613 7368 MainThread [INFO]  All processing finished for executor task 4386
2023-07-07 14:27:32.401 worker_log:584 7368 MainThread [INFO]  Received executor task 4402
2023-07-07 14:28:08.183 worker_log:602 7368 MainThread [INFO]  Completed executor task 4402
2023-07-07 14:28:08.183 worker_log:613 7368 MainThread [INFO]  All processing finished for executor task 4402
2023-07-07 14:28:08.195 worker_log:584 7368 MainThread [INFO]  Received executor task 4423
2023-07-07 14:28:51.233 worker_log:602 7368 MainThread [INFO]  Completed executor task 4423
2023-07-07 14:28:51.233 worker_log:613 7368 MainThread [INFO]  All processing finished for executor task 4423
2023-07-07 14:28:51.244 worker_log:584 7368 MainThread [INFO]  Received executor task 4450
2023-07-07 14:29:48.575 worker_log:602 7368 MainThread [INFO]  Completed executor task 4450
2023-07-07 14:29:48.575 worker_log:613 7368 MainThread [INFO]  All processing finished for executor task 4450
2023-07-07 14:29:48.586 worker_log:584 7368 MainThread [INFO]  Received executor task 4472
2023-07-07 14:30:30.585 worker_log:602 7368 MainThread [INFO]  Completed executor task 4472
2023-07-07 14:30:30.586 worker_log:613 7368 MainThread [INFO]  All processing finished for executor task 4472
2023-07-07 14:30:30.597 worker_log:584 7368 MainThread [INFO]  Received executor task 4492
2023-07-07 14:31:07.959 worker_log:602 7368 MainThread [INFO]  Completed executor task 4492
2023-07-07 14:31:07.959 worker_log:613 7368 MainThread [INFO]  All processing finished for executor task 4492
2023-07-07 14:31:07.971 worker_log:584 7368 MainThread [INFO]  Received executor task 4509
2023-07-07 14:31:57.443 worker_log:602 7368 MainThread [INFO]  Completed executor task 4509
2023-07-07 14:31:57.444 worker_log:613 7368 MainThread [INFO]  All processing finished for executor task 4509
2023-07-07 14:31:57.455 worker_log:584 7368 MainThread [INFO]  Received executor task 4534
2023-07-07 14:32:34.944 worker_log:602 7368 MainThread [INFO]  Completed executor task 4534
2023-07-07 14:32:34.945 worker_log:613 7368 MainThread [INFO]  All processing finished for executor task 4534
2023-07-07 14:32:34.956 worker_log:584 7368 MainThread [INFO]  Received executor task 4556
2023-07-07 14:33:17.800 worker_log:602 7368 MainThread [INFO]  Completed executor task 4556
2023-07-07 14:33:17.801 worker_log:613 7368 MainThread [INFO]  All processing finished for executor task 4556
2023-07-07 14:33:17.812 worker_log:584 7368 MainThread [INFO]  Received executor task 4577
2023-07-07 14:33:56.136 worker_log:602 7368 MainThread [INFO]  Completed executor task 4577
2023-07-07 14:33:56.137 worker_log:613 7368 MainThread [INFO]  All processing finished for executor task 4577
2023-07-07 14:33:56.149 worker_log:584 7368 MainThread [INFO]  Received executor task 4599
2023-07-07 14:34:24.072 worker_log:602 7368 MainThread [INFO]  Completed executor task 4599
2023-07-07 14:34:24.073 worker_log:613 7368 MainThread [INFO]  All processing finished for executor task 4599
2023-07-07 14:34:24.085 worker_log:584 7368 MainThread [INFO]  Received executor task 4612
2023-07-07 14:34:50.153 worker_log:602 7368 MainThread [INFO]  Completed executor task 4612
2023-07-07 14:34:50.154 worker_log:613 7368 MainThread [INFO]  All processing finished for executor task 4612
2023-07-07 14:34:50.166 worker_log:584 7368 MainThread [INFO]  Received executor task 4627
2023-07-07 14:35:34.292 worker_log:602 7368 MainThread [INFO]  Completed executor task 4627
2023-07-07 14:35:34.292 worker_log:613 7368 MainThread [INFO]  All processing finished for executor task 4627
2023-07-07 14:35:34.303 worker_log:584 7368 MainThread [INFO]  Received executor task 4649
2023-07-07 14:36:04.112 worker_log:602 7368 MainThread [INFO]  Completed executor task 4649
2023-07-07 14:36:04.112 worker_log:613 7368 MainThread [INFO]  All processing finished for executor task 4649
2023-07-07 14:36:04.124 worker_log:584 7368 MainThread [INFO]  Received executor task 4665
2023-07-07 14:36:26.737 worker_log:602 7368 MainThread [INFO]  Completed executor task 4665
2023-07-07 14:36:26.738 worker_log:613 7368 MainThread [INFO]  All processing finished for executor task 4665
2023-07-07 14:36:26.751 worker_log:584 7368 MainThread [INFO]  Received executor task 4673
2023-07-07 14:37:04.242 worker_log:602 7368 MainThread [INFO]  Completed executor task 4673
2023-07-07 14:37:04.242 worker_log:613 7368 MainThread [INFO]  All processing finished for executor task 4673
2023-07-07 14:37:04.253 worker_log:584 7368 MainThread [INFO]  Received executor task 4692
2023-07-07 14:37:46.081 worker_log:602 7368 MainThread [INFO]  Completed executor task 4692
2023-07-07 14:37:46.082 worker_log:613 7368 MainThread [INFO]  All processing finished for executor task 4692
2023-07-07 14:37:46.094 worker_log:584 7368 MainThread [INFO]  Received executor task 4708
2023-07-07 14:38:28.780 worker_log:602 7368 MainThread [INFO]  Completed executor task 4708
2023-07-07 14:38:28.780 worker_log:613 7368 MainThread [INFO]  All processing finished for executor task 4708
2023-07-07 14:38:28.792 worker_log:584 7368 MainThread [INFO]  Received executor task 4729
2023-07-07 14:39:21.100 worker_log:602 7368 MainThread [INFO]  Completed executor task 4729
2023-07-07 14:39:21.100 worker_log:613 7368 MainThread [INFO]  All processing finished for executor task 4729
2023-07-07 14:39:21.111 worker_log:584 7368 MainThread [INFO]  Received executor task 4751
2023-07-07 14:40:07.519 worker_log:602 7368 MainThread [INFO]  Completed executor task 4751
2023-07-07 14:40:07.521 worker_log:613 7368 MainThread [INFO]  All processing finished for executor task 4751
2023-07-07 14:40:07.533 worker_log:584 7368 MainThread [INFO]  Received executor task 4770
2023-07-07 14:40:35.371 worker_log:602 7368 MainThread [INFO]  Completed executor task 4770
2023-07-07 14:40:35.371 worker_log:613 7368 MainThread [INFO]  All processing finished for executor task 4770
2023-07-07 14:40:35.382 worker_log:584 7368 MainThread [INFO]  Received executor task 4786
2023-07-07 14:41:19.197 worker_log:602 7368 MainThread [INFO]  Completed executor task 4786
2023-07-07 14:41:19.200 worker_log:613 7368 MainThread [INFO]  All processing finished for executor task 4786
2023-07-07 14:41:19.209 worker_log:584 7368 MainThread [INFO]  Received executor task 4809
2023-07-07 14:42:18.135 worker_log:602 7368 MainThread [INFO]  Completed executor task 4809
2023-07-07 14:42:18.139 worker_log:613 7368 MainThread [INFO]  All processing finished for executor task 4809
2023-07-07 14:42:18.153 worker_log:584 7368 MainThread [INFO]  Received executor task 4839
2023-07-07 14:43:26.846 worker_log:602 7368 MainThread [INFO]  Completed executor task 4839
2023-07-07 14:43:26.846 worker_log:613 7368 MainThread [INFO]  All processing finished for executor task 4839
2023-07-07 14:43:26.858 worker_log:584 7368 MainThread [INFO]  Received executor task 4869
2023-07-07 14:43:57.892 worker_log:602 7368 MainThread [INFO]  Completed executor task 4869
2023-07-07 14:43:57.892 worker_log:613 7368 MainThread [INFO]  All processing finished for executor task 4869
2023-07-07 14:43:57.903 worker_log:584 7368 MainThread [INFO]  Received executor task 4884
2023-07-07 14:44:40.555 worker_log:602 7368 MainThread [INFO]  Completed executor task 4884
2023-07-07 14:44:40.567 worker_log:613 7368 MainThread [INFO]  All processing finished for executor task 4884
2023-07-07 14:44:40.567 worker_log:584 7368 MainThread [INFO]  Received executor task 4907
2023-07-07 14:45:09.907 worker_log:602 7368 MainThread [INFO]  Completed executor task 4907
2023-07-07 14:45:09.908 worker_log:613 7368 MainThread [INFO]  All processing finished for executor task 4907
2023-07-07 14:45:09.919 worker_log:584 7368 MainThread [INFO]  Received executor task 4915
2023-07-07 14:45:23.927 worker_log:602 7368 MainThread [INFO]  Completed executor task 4915
2023-07-07 14:45:23.930 worker_log:613 7368 MainThread [INFO]  All processing finished for executor task 4915
2023-07-07 14:45:23.939 worker_log:584 7368 MainThread [INFO]  Received executor task 4925
2023-07-07 14:45:32.484 worker_log:602 7368 MainThread [INFO]  Completed executor task 4925
2023-07-07 14:45:32.484 worker_log:613 7368 MainThread [INFO]  All processing finished for executor task 4925
2023-07-07 14:45:32.495 worker_log:584 7368 MainThread [INFO]  Received executor task 4928
2023-07-07 14:46:03.917 worker_log:602 7368 MainThread [INFO]  Completed executor task 4928
2023-07-07 14:46:03.917 worker_log:613 7368 MainThread [INFO]  All processing finished for executor task 4928
2023-07-07 14:46:03.928 worker_log:584 7368 MainThread [INFO]  Received executor task 4943
2023-07-07 14:47:01.812 worker_log:602 7368 MainThread [INFO]  Completed executor task 4943
2023-07-07 14:47:01.812 worker_log:613 7368 MainThread [INFO]  All processing finished for executor task 4943
2023-07-07 14:47:01.832 worker_log:584 7368 MainThread [INFO]  Received executor task 4972
2023-07-07 14:47:36.796 worker_log:602 7368 MainThread [INFO]  Completed executor task 4972
2023-07-07 14:47:36.796 worker_log:613 7368 MainThread [INFO]  All processing finished for executor task 4972
2023-07-07 14:47:36.808 worker_log:584 7368 MainThread [INFO]  Received executor task 4991
2023-07-07 14:47:50.058 worker_log:602 7368 MainThread [INFO]  Completed executor task 4991
2023-07-07 14:47:50.058 worker_log:613 7368 MainThread [INFO]  All processing finished for executor task 4991
2023-07-07 14:47:50.069 worker_log:584 7368 MainThread [INFO]  Received executor task 4998
2023-07-07 14:48:11.584 worker_log:602 7368 MainThread [INFO]  Completed executor task 4998
2023-07-07 14:48:11.585 worker_log:613 7368 MainThread [INFO]  All processing finished for executor task 4998
2023-07-07 14:48:11.587 worker_log:584 7368 MainThread [INFO]  Received executor task 5007
2023-07-07 14:48:39.555 worker_log:602 7368 MainThread [INFO]  Completed executor task 5007
2023-07-07 14:48:39.555 worker_log:613 7368 MainThread [INFO]  All processing finished for executor task 5007
2023-07-07 14:48:39.566 worker_log:584 7368 MainThread [INFO]  Received executor task 5023
2023-07-07 14:50:01.918 worker_log:602 7368 MainThread [INFO]  Completed executor task 5023
2023-07-07 14:50:01.919 worker_log:613 7368 MainThread [INFO]  All processing finished for executor task 5023
2023-07-07 14:50:01.930 worker_log:584 7368 MainThread [INFO]  Received executor task 5066
2023-07-07 14:50:18.387 worker_log:602 7368 MainThread [INFO]  Completed executor task 5066
2023-07-07 14:50:18.387 worker_log:613 7368 MainThread [INFO]  All processing finished for executor task 5066
2023-07-07 14:50:18.398 worker_log:584 7368 MainThread [INFO]  Received executor task 5071
2023-07-07 14:50:56.025 worker_log:602 7368 MainThread [INFO]  Completed executor task 5071
2023-07-07 14:50:56.026 worker_log:613 7368 MainThread [INFO]  All processing finished for executor task 5071
2023-07-07 14:50:56.037 worker_log:584 7368 MainThread [INFO]  Received executor task 5088
2023-07-07 14:51:28.041 worker_log:602 7368 MainThread [INFO]  Completed executor task 5088
2023-07-07 14:51:28.042 worker_log:613 7368 MainThread [INFO]  All processing finished for executor task 5088
2023-07-07 14:51:28.053 worker_log:584 7368 MainThread [INFO]  Received executor task 5102
2023-07-07 14:51:43.664 worker_log:602 7368 MainThread [INFO]  Completed executor task 5102
2023-07-07 14:51:43.664 worker_log:613 7368 MainThread [INFO]  All processing finished for executor task 5102
2023-07-07 14:51:43.676 worker_log:584 7368 MainThread [INFO]  Received executor task 5110
2023-07-07 14:52:20.329 worker_log:602 7368 MainThread [INFO]  Completed executor task 5110
2023-07-07 14:52:20.330 worker_log:613 7368 MainThread [INFO]  All processing finished for executor task 5110
2023-07-07 14:52:20.342 worker_log:584 7368 MainThread [INFO]  Received executor task 5127
2023-07-07 14:53:13.425 worker_log:602 7368 MainThread [INFO]  Completed executor task 5127
2023-07-07 14:53:13.426 worker_log:613 7368 MainThread [INFO]  All processing finished for executor task 5127
2023-07-07 14:53:13.437 worker_log:584 7368 MainThread [INFO]  Received executor task 5150
2023-07-07 14:53:34.242 worker_log:602 7368 MainThread [INFO]  Completed executor task 5150
2023-07-07 14:53:34.242 worker_log:613 7368 MainThread [INFO]  All processing finished for executor task 5150
2023-07-07 14:53:34.254 worker_log:584 7368 MainThread [INFO]  Received executor task 5161
2023-07-07 14:53:44.195 worker_log:602 7368 MainThread [INFO]  Completed executor task 5161
2023-07-07 14:53:44.195 worker_log:613 7368 MainThread [INFO]  All processing finished for executor task 5161
2023-07-07 14:53:44.207 worker_log:584 7368 MainThread [INFO]  Received executor task 5167
2023-07-07 14:54:00.658 worker_log:602 7368 MainThread [INFO]  Completed executor task 5167
2023-07-07 14:54:00.672 worker_log:613 7368 MainThread [INFO]  All processing finished for executor task 5167
2023-07-07 14:54:00.672 worker_log:584 7368 MainThread [INFO]  Received executor task 5178
2023-07-07 14:54:47.954 worker_log:602 7368 MainThread [INFO]  Completed executor task 5178
2023-07-07 14:54:47.954 worker_log:613 7368 MainThread [INFO]  All processing finished for executor task 5178
2023-07-07 14:54:47.965 worker_log:584 7368 MainThread [INFO]  Received executor task 5203
2023-07-07 14:55:20.176 worker_log:602 7368 MainThread [INFO]  Completed executor task 5203
2023-07-07 14:55:20.177 worker_log:613 7368 MainThread [INFO]  All processing finished for executor task 5203
2023-07-07 14:55:20.191 worker_log:584 7368 MainThread [INFO]  Received executor task 5221
2023-07-07 14:55:31.642 worker_log:602 7368 MainThread [INFO]  Completed executor task 5221
2023-07-07 14:55:31.643 worker_log:613 7368 MainThread [INFO]  All processing finished for executor task 5221
2023-07-07 14:55:31.654 worker_log:584 7368 MainThread [INFO]  Received executor task 5233
2023-07-07 14:55:50.207 worker_log:602 7368 MainThread [INFO]  Completed executor task 5233
2023-07-07 14:55:50.207 worker_log:613 7368 MainThread [INFO]  All processing finished for executor task 5233
2023-07-07 14:55:50.218 worker_log:584 7368 MainThread [INFO]  Received executor task 5240
2023-07-07 14:56:28.510 worker_log:602 7368 MainThread [INFO]  Completed executor task 5240
2023-07-07 14:56:28.513 worker_log:613 7368 MainThread [INFO]  All processing finished for executor task 5240
2023-07-07 14:56:28.522 worker_log:584 7368 MainThread [INFO]  Received executor task 5256
2023-07-07 14:57:25.958 worker_log:602 7368 MainThread [INFO]  Completed executor task 5256
2023-07-07 14:57:25.959 worker_log:613 7368 MainThread [INFO]  All processing finished for executor task 5256
2023-07-07 14:57:25.970 worker_log:584 7368 MainThread [INFO]  Received executor task 5275
2023-07-07 14:58:27.449 worker_log:602 7368 MainThread [INFO]  Completed executor task 5275
2023-07-07 14:58:27.450 worker_log:613 7368 MainThread [INFO]  All processing finished for executor task 5275
2023-07-07 14:58:27.461 worker_log:584 7368 MainThread [INFO]  Received executor task 5297
2023-07-07 14:58:58.559 worker_log:602 7368 MainThread [INFO]  Completed executor task 5297
2023-07-07 14:58:58.560 worker_log:613 7368 MainThread [INFO]  All processing finished for executor task 5297
2023-07-07 14:58:58.571 worker_log:584 7368 MainThread [INFO]  Received executor task 5314
2023-07-07 14:59:37.188 worker_log:602 7368 MainThread [INFO]  Completed executor task 5314
2023-07-07 14:59:37.189 worker_log:613 7368 MainThread [INFO]  All processing finished for executor task 5314
2023-07-07 14:59:37.200 worker_log:584 7368 MainThread [INFO]  Received executor task 5331
2023-07-07 15:00:08.755 worker_log:602 7368 MainThread [INFO]  Completed executor task 5331
2023-07-07 15:00:08.756 worker_log:613 7368 MainThread [INFO]  All processing finished for executor task 5331
2023-07-07 15:00:08.769 worker_log:584 7368 MainThread [INFO]  Received executor task 5346
2023-07-07 15:00:28.315 worker_log:602 7368 MainThread [INFO]  Completed executor task 5346
2023-07-07 15:00:28.325 worker_log:613 7368 MainThread [INFO]  All processing finished for executor task 5346
2023-07-07 15:00:28.333 worker_log:584 7368 MainThread [INFO]  Received executor task 5357
2023-07-07 15:00:59.590 worker_log:602 7368 MainThread [INFO]  Completed executor task 5357
2023-07-07 15:00:59.590 worker_log:613 7368 MainThread [INFO]  All processing finished for executor task 5357
2023-07-07 15:00:59.601 worker_log:584 7368 MainThread [INFO]  Received executor task 5371
2023-07-07 15:01:37.787 worker_log:602 7368 MainThread [INFO]  Completed executor task 5371
2023-07-07 15:01:37.787 worker_log:613 7368 MainThread [INFO]  All processing finished for executor task 5371
2023-07-07 15:01:37.800 worker_log:584 7368 MainThread [INFO]  Received executor task 5388
2023-07-07 15:01:52.081 worker_log:602 7368 MainThread [INFO]  Completed executor task 5388
2023-07-07 15:01:52.081 worker_log:613 7368 MainThread [INFO]  All processing finished for executor task 5388
2023-07-07 15:01:52.093 worker_log:584 7368 MainThread [INFO]  Received executor task 5393
2023-07-07 15:02:07.712 worker_log:602 7368 MainThread [INFO]  Completed executor task 5393
2023-07-07 15:02:07.713 worker_log:613 7368 MainThread [INFO]  All processing finished for executor task 5393
2023-07-07 15:02:07.724 worker_log:584 7368 MainThread [INFO]  Received executor task 5401
2023-07-07 15:03:01.145 worker_log:602 7368 MainThread [INFO]  Completed executor task 5401
2023-07-07 15:03:01.160 worker_log:613 7368 MainThread [INFO]  All processing finished for executor task 5401
2023-07-07 15:03:01.161 worker_log:584 7368 MainThread [INFO]  Received executor task 5427
2023-07-07 15:04:14.729 worker_log:602 7368 MainThread [INFO]  Completed executor task 5427
2023-07-07 15:04:14.730 worker_log:613 7368 MainThread [INFO]  All processing finished for executor task 5427
2023-07-07 15:04:14.741 worker_log:584 7368 MainThread [INFO]  Received executor task 5467
2023-07-07 15:04:42.442 worker_log:602 7368 MainThread [INFO]  Completed executor task 5467
2023-07-07 15:04:42.442 worker_log:613 7368 MainThread [INFO]  All processing finished for executor task 5467
2023-07-07 15:04:42.453 worker_log:584 7368 MainThread [INFO]  Received executor task 5481
2023-07-07 15:05:26.932 worker_log:602 7368 MainThread [INFO]  Completed executor task 5481
2023-07-07 15:05:26.932 worker_log:613 7368 MainThread [INFO]  All processing finished for executor task 5481
2023-07-07 15:05:26.943 worker_log:584 7368 MainThread [INFO]  Received executor task 5498
2023-07-07 15:05:55.060 worker_log:602 7368 MainThread [INFO]  Completed executor task 5498
2023-07-07 15:05:55.061 worker_log:613 7368 MainThread [INFO]  All processing finished for executor task 5498
2023-07-07 15:05:55.081 worker_log:584 7368 MainThread [INFO]  Received executor task 5510
2023-07-07 15:06:18.620 worker_log:602 7368 MainThread [INFO]  Completed executor task 5510
2023-07-07 15:06:18.621 worker_log:613 7368 MainThread [INFO]  All processing finished for executor task 5510
2023-07-07 15:06:18.621 worker_log:584 7368 MainThread [INFO]  Received executor task 5526
2023-07-07 15:06:45.669 worker_log:602 7368 MainThread [INFO]  Completed executor task 5526
2023-07-07 15:06:45.669 worker_log:613 7368 MainThread [INFO]  All processing finished for executor task 5526
2023-07-07 15:06:45.680 worker_log:584 7368 MainThread [INFO]  Received executor task 5537
2023-07-07 15:07:10.949 worker_log:602 7368 MainThread [INFO]  Completed executor task 5537
2023-07-07 15:07:10.960 worker_log:613 7368 MainThread [INFO]  All processing finished for executor task 5537
2023-07-07 15:07:10.961 worker_log:584 7368 MainThread [INFO]  Received executor task 5549
2023-07-07 15:07:38.754 worker_log:602 7368 MainThread [INFO]  Completed executor task 5549
2023-07-07 15:07:38.755 worker_log:613 7368 MainThread [INFO]  All processing finished for executor task 5549
2023-07-07 15:07:38.766 worker_log:584 7368 MainThread [INFO]  Received executor task 5560
2023-07-07 15:07:53.887 worker_log:602 7368 MainThread [INFO]  Completed executor task 5560
2023-07-07 15:07:53.887 worker_log:613 7368 MainThread [INFO]  All processing finished for executor task 5560
2023-07-07 15:07:53.898 worker_log:584 7368 MainThread [INFO]  Received executor task 5563
2023-07-07 15:08:44.627 worker_log:602 7368 MainThread [INFO]  Completed executor task 5563
2023-07-07 15:08:44.627 worker_log:613 7368 MainThread [INFO]  All processing finished for executor task 5563
2023-07-07 15:08:44.638 worker_log:584 7368 MainThread [INFO]  Received executor task 5588
2023-07-07 15:09:26.095 worker_log:602 7368 MainThread [INFO]  Completed executor task 5588
2023-07-07 15:09:26.108 worker_log:613 7368 MainThread [INFO]  All processing finished for executor task 5588
2023-07-07 15:09:26.108 worker_log:584 7368 MainThread [INFO]  Received executor task 5606
2023-07-07 15:10:06.416 worker_log:602 7368 MainThread [INFO]  Completed executor task 5606
2023-07-07 15:10:06.416 worker_log:613 7368 MainThread [INFO]  All processing finished for executor task 5606
2023-07-07 15:10:06.427 worker_log:584 7368 MainThread [INFO]  Received executor task 5628
2023-07-07 15:10:58.807 worker_log:602 7368 MainThread [INFO]  Completed executor task 5628
2023-07-07 15:10:58.814 worker_log:613 7368 MainThread [INFO]  All processing finished for executor task 5628
2023-07-07 15:10:58.823 worker_log:584 7368 MainThread [INFO]  Received executor task 5654
2023-07-07 15:11:15.822 worker_log:602 7368 MainThread [INFO]  Completed executor task 5654
2023-07-07 15:11:15.822 worker_log:613 7368 MainThread [INFO]  All processing finished for executor task 5654
2023-07-07 15:11:15.833 worker_log:584 7368 MainThread [INFO]  Received executor task 5661
2023-07-07 15:11:40.729 worker_log:602 7368 MainThread [INFO]  Completed executor task 5661
2023-07-07 15:11:40.729 worker_log:613 7368 MainThread [INFO]  All processing finished for executor task 5661
2023-07-07 15:11:40.740 worker_log:584 7368 MainThread [INFO]  Received executor task 5671
2023-07-07 15:12:13.410 worker_log:602 7368 MainThread [INFO]  Completed executor task 5671
2023-07-07 15:12:13.410 worker_log:613 7368 MainThread [INFO]  All processing finished for executor task 5671
2023-07-07 15:12:13.422 worker_log:584 7368 MainThread [INFO]  Received executor task 5689
2023-07-07 15:13:15.417 worker_log:602 7368 MainThread [INFO]  Completed executor task 5689
2023-07-07 15:13:15.418 worker_log:613 7368 MainThread [INFO]  All processing finished for executor task 5689
2023-07-07 15:13:15.429 worker_log:584 7368 MainThread [INFO]  Received executor task 5720
2023-07-07 15:13:37.252 worker_log:602 7368 MainThread [INFO]  Completed executor task 5720
2023-07-07 15:13:37.253 worker_log:613 7368 MainThread [INFO]  All processing finished for executor task 5720
2023-07-07 15:13:37.264 worker_log:584 7368 MainThread [INFO]  Received executor task 5733
2023-07-07 15:14:14.979 worker_log:602 7368 MainThread [INFO]  Completed executor task 5733
2023-07-07 15:14:14.980 worker_log:613 7368 MainThread [INFO]  All processing finished for executor task 5733
2023-07-07 15:14:14.991 worker_log:584 7368 MainThread [INFO]  Received executor task 5750
2023-07-07 15:14:44.411 worker_log:602 7368 MainThread [INFO]  Completed executor task 5750
2023-07-07 15:14:44.411 worker_log:613 7368 MainThread [INFO]  All processing finished for executor task 5750
2023-07-07 15:14:44.422 worker_log:584 7368 MainThread [INFO]  Received executor task 5760
2023-07-07 15:15:20.423 worker_log:602 7368 MainThread [INFO]  Completed executor task 5760
2023-07-07 15:15:20.424 worker_log:613 7368 MainThread [INFO]  All processing finished for executor task 5760
2023-07-07 15:15:20.448 worker_log:584 7368 MainThread [INFO]  Received executor task 5777
2023-07-07 15:15:56.489 worker_log:602 7368 MainThread [INFO]  Completed executor task 5777
2023-07-07 15:15:56.489 worker_log:613 7368 MainThread [INFO]  All processing finished for executor task 5777
2023-07-07 15:15:56.501 worker_log:584 7368 MainThread [INFO]  Received executor task 5794
2023-07-07 15:16:22.087 worker_log:602 7368 MainThread [INFO]  Completed executor task 5794
2023-07-07 15:16:22.087 worker_log:613 7368 MainThread [INFO]  All processing finished for executor task 5794
2023-07-07 15:16:22.098 worker_log:584 7368 MainThread [INFO]  Received executor task 5808
2023-07-07 15:16:37.797 worker_log:602 7368 MainThread [INFO]  Completed executor task 5808
2023-07-07 15:16:37.798 worker_log:613 7368 MainThread [INFO]  All processing finished for executor task 5808
2023-07-07 15:16:37.809 worker_log:584 7368 MainThread [INFO]  Received executor task 5816
2023-07-07 15:16:54.062 worker_log:602 7368 MainThread [INFO]  Completed executor task 5816
2023-07-07 15:16:54.063 worker_log:613 7368 MainThread [INFO]  All processing finished for executor task 5816
2023-07-07 15:16:54.074 worker_log:584 7368 MainThread [INFO]  Received executor task 5830
2023-07-07 15:17:36.478 worker_log:602 7368 MainThread [INFO]  Completed executor task 5830
2023-07-07 15:17:36.478 worker_log:613 7368 MainThread [INFO]  All processing finished for executor task 5830
2023-07-07 15:17:36.490 worker_log:584 7368 MainThread [INFO]  Received executor task 5854
2023-07-07 15:18:52.694 worker_log:602 7368 MainThread [INFO]  Completed executor task 5854
2023-07-07 15:18:52.695 worker_log:613 7368 MainThread [INFO]  All processing finished for executor task 5854
2023-07-07 15:18:52.706 worker_log:584 7368 MainThread [INFO]  Received executor task 5885
2023-07-07 15:19:29.091 worker_log:602 7368 MainThread [INFO]  Completed executor task 5885
2023-07-07 15:19:29.091 worker_log:613 7368 MainThread [INFO]  All processing finished for executor task 5885
2023-07-07 15:19:29.102 worker_log:584 7368 MainThread [INFO]  Received executor task 5899
2023-07-07 15:19:49.551 worker_log:602 7368 MainThread [INFO]  Completed executor task 5899
2023-07-07 15:19:49.551 worker_log:613 7368 MainThread [INFO]  All processing finished for executor task 5899
2023-07-07 15:19:49.562 worker_log:584 7368 MainThread [INFO]  Received executor task 5912
2023-07-07 15:20:29.688 worker_log:602 7368 MainThread [INFO]  Completed executor task 5912
2023-07-07 15:20:29.689 worker_log:613 7368 MainThread [INFO]  All processing finished for executor task 5912
2023-07-07 15:20:29.700 worker_log:584 7368 MainThread [INFO]  Received executor task 5935
2023-07-07 15:20:53.390 worker_log:602 7368 MainThread [INFO]  Completed executor task 5935
2023-07-07 15:20:53.391 worker_log:613 7368 MainThread [INFO]  All processing finished for executor task 5935
2023-07-07 15:20:53.403 worker_log:584 7368 MainThread [INFO]  Received executor task 5949
2023-07-07 15:21:29.170 worker_log:602 7368 MainThread [INFO]  Completed executor task 5949
2023-07-07 15:21:29.179 worker_log:613 7368 MainThread [INFO]  All processing finished for executor task 5949
2023-07-07 15:21:29.183 worker_log:584 7368 MainThread [INFO]  Received executor task 5964
2023-07-07 15:21:55.429 worker_log:602 7368 MainThread [INFO]  Completed executor task 5964
2023-07-07 15:21:55.429 worker_log:613 7368 MainThread [INFO]  All processing finished for executor task 5964
2023-07-07 15:21:55.440 worker_log:584 7368 MainThread [INFO]  Received executor task 5977
2023-07-07 15:22:45.781 worker_log:602 7368 MainThread [INFO]  Completed executor task 5977
2023-07-07 15:22:45.782 worker_log:613 7368 MainThread [INFO]  All processing finished for executor task 5977
2023-07-07 15:22:45.785 worker_log:584 7368 MainThread [INFO]  Received executor task 6001
2023-07-07 15:22:56.852 worker_log:602 7368 MainThread [INFO]  Completed executor task 6001
2023-07-07 15:22:56.852 worker_log:613 7368 MainThread [INFO]  All processing finished for executor task 6001
2023-07-07 15:22:56.863 worker_log:584 7368 MainThread [INFO]  Received executor task 6009
2023-07-07 15:23:48.168 worker_log:602 7368 MainThread [INFO]  Completed executor task 6009
2023-07-07 15:23:48.168 worker_log:613 7368 MainThread [INFO]  All processing finished for executor task 6009
2023-07-07 15:23:48.180 worker_log:584 7368 MainThread [INFO]  Received executor task 6033
2023-07-07 15:23:58.714 worker_log:602 7368 MainThread [INFO]  Completed executor task 6033
2023-07-07 15:23:58.714 worker_log:613 7368 MainThread [INFO]  All processing finished for executor task 6033
2023-07-07 15:23:58.725 worker_log:584 7368 MainThread [INFO]  Received executor task 6040
2023-07-07 15:24:06.145 worker_log:602 7368 MainThread [INFO]  Completed executor task 6040
2023-07-07 15:24:06.145 worker_log:613 7368 MainThread [INFO]  All processing finished for executor task 6040
2023-07-07 15:24:06.156 worker_log:584 7368 MainThread [INFO]  Received executor task 6044
2023-07-07 15:24:41.189 worker_log:602 7368 MainThread [INFO]  Completed executor task 6044
2023-07-07 15:24:41.190 worker_log:613 7368 MainThread [INFO]  All processing finished for executor task 6044
2023-07-07 15:24:41.201 worker_log:584 7368 MainThread [INFO]  Received executor task 6063
2023-07-07 15:25:18.646 worker_log:602 7368 MainThread [INFO]  Completed executor task 6063
2023-07-07 15:25:18.647 worker_log:613 7368 MainThread [INFO]  All processing finished for executor task 6063
2023-07-07 15:25:18.657 worker_log:584 7368 MainThread [INFO]  Received executor task 6086
2023-07-07 15:25:28.173 worker_log:602 7368 MainThread [INFO]  Completed executor task 6086
2023-07-07 15:25:28.173 worker_log:613 7368 MainThread [INFO]  All processing finished for executor task 6086
2023-07-07 15:25:28.184 worker_log:584 7368 MainThread [INFO]  Received executor task 6089
2023-07-07 15:25:41.844 worker_log:602 7368 MainThread [INFO]  Completed executor task 6089
2023-07-07 15:25:41.845 worker_log:613 7368 MainThread [INFO]  All processing finished for executor task 6089
2023-07-07 15:25:41.856 worker_log:584 7368 MainThread [INFO]  Received executor task 6098
2023-07-07 15:26:01.115 worker_log:602 7368 MainThread [INFO]  Completed executor task 6098
2023-07-07 15:26:01.122 worker_log:613 7368 MainThread [INFO]  All processing finished for executor task 6098
2023-07-07 15:26:01.126 worker_log:584 7368 MainThread [INFO]  Received executor task 6109
2023-07-07 15:26:25.078 worker_log:602 7368 MainThread [INFO]  Completed executor task 6109
2023-07-07 15:26:25.079 worker_log:613 7368 MainThread [INFO]  All processing finished for executor task 6109
2023-07-07 15:26:25.080 worker_log:584 7368 MainThread [INFO]  Received executor task 6125
2023-07-07 15:27:09.885 worker_log:602 7368 MainThread [INFO]  Completed executor task 6125
2023-07-07 15:27:09.885 worker_log:613 7368 MainThread [INFO]  All processing finished for executor task 6125
2023-07-07 15:27:09.897 worker_log:584 7368 MainThread [INFO]  Received executor task 6145
2023-07-07 15:27:58.244 worker_log:602 7368 MainThread [INFO]  Completed executor task 6145
2023-07-07 15:27:58.244 worker_log:613 7368 MainThread [INFO]  All processing finished for executor task 6145
2023-07-07 15:27:58.256 worker_log:584 7368 MainThread [INFO]  Received executor task 6169
2023-07-07 15:28:27.049 worker_log:602 7368 MainThread [INFO]  Completed executor task 6169
2023-07-07 15:28:27.050 worker_log:613 7368 MainThread [INFO]  All processing finished for executor task 6169
2023-07-07 15:28:27.061 worker_log:584 7368 MainThread [INFO]  Received executor task 6189
2023-07-07 15:29:08.338 worker_log:602 7368 MainThread [INFO]  Completed executor task 6189
2023-07-07 15:29:08.339 worker_log:613 7368 MainThread [INFO]  All processing finished for executor task 6189
2023-07-07 15:29:08.350 worker_log:584 7368 MainThread [INFO]  Received executor task 6213
2023-07-07 15:29:58.603 worker_log:602 7368 MainThread [INFO]  Completed executor task 6213
2023-07-07 15:29:58.604 worker_log:613 7368 MainThread [INFO]  All processing finished for executor task 6213
2023-07-07 15:29:58.615 worker_log:584 7368 MainThread [INFO]  Received executor task 6239
2023-07-07 15:30:55.701 worker_log:602 7368 MainThread [INFO]  Completed executor task 6239
2023-07-07 15:30:55.701 worker_log:613 7368 MainThread [INFO]  All processing finished for executor task 6239
2023-07-07 15:30:55.713 worker_log:584 7368 MainThread [INFO]  Received executor task 6270
2023-07-07 15:31:15.738 worker_log:602 7368 MainThread [INFO]  Completed executor task 6270
2023-07-07 15:31:15.738 worker_log:613 7368 MainThread [INFO]  All processing finished for executor task 6270
2023-07-07 15:31:15.749 worker_log:584 7368 MainThread [INFO]  Received executor task 6283
2023-07-07 15:31:55.085 worker_log:602 7368 MainThread [INFO]  Completed executor task 6283
2023-07-07 15:31:55.086 worker_log:613 7368 MainThread [INFO]  All processing finished for executor task 6283
2023-07-07 15:31:55.098 worker_log:584 7368 MainThread [INFO]  Received executor task 6305
2023-07-07 15:32:12.332 worker_log:602 7368 MainThread [INFO]  Completed executor task 6305
2023-07-07 15:32:12.333 worker_log:613 7368 MainThread [INFO]  All processing finished for executor task 6305
2023-07-07 15:32:12.345 worker_log:584 7368 MainThread [INFO]  Received executor task 6316
2023-07-07 15:33:04.737 worker_log:602 7368 MainThread [INFO]  Completed executor task 6316
2023-07-07 15:33:04.738 worker_log:613 7368 MainThread [INFO]  All processing finished for executor task 6316
2023-07-07 15:33:04.749 worker_log:584 7368 MainThread [INFO]  Received executor task 6336
2023-07-07 15:34:14.428 worker_log:602 7368 MainThread [INFO]  Completed executor task 6336
2023-07-07 15:34:14.428 worker_log:613 7368 MainThread [INFO]  All processing finished for executor task 6336
2023-07-07 15:34:14.441 worker_log:584 7368 MainThread [INFO]  Received executor task 6373
2023-07-07 15:35:09.527 worker_log:602 7368 MainThread [INFO]  Completed executor task 6373
2023-07-07 15:35:09.527 worker_log:613 7368 MainThread [INFO]  All processing finished for executor task 6373
2023-07-07 15:35:09.538 worker_log:584 7368 MainThread [INFO]  Received executor task 6394
2023-07-07 15:35:30.143 worker_log:602 7368 MainThread [INFO]  Completed executor task 6394
2023-07-07 15:35:30.155 worker_log:613 7368 MainThread [INFO]  All processing finished for executor task 6394
2023-07-07 15:35:30.156 worker_log:584 7368 MainThread [INFO]  Received executor task 6406
2023-07-07 15:35:48.154 worker_log:602 7368 MainThread [INFO]  Completed executor task 6406
2023-07-07 15:35:48.155 worker_log:613 7368 MainThread [INFO]  All processing finished for executor task 6406
2023-07-07 15:35:48.166 worker_log:584 7368 MainThread [INFO]  Received executor task 6419
2023-07-07 15:36:55.631 worker_log:602 7368 MainThread [INFO]  Completed executor task 6419
2023-07-07 15:36:55.632 worker_log:613 7368 MainThread [INFO]  All processing finished for executor task 6419
2023-07-07 15:36:55.643 worker_log:584 7368 MainThread [INFO]  Received executor task 6444
2023-07-07 15:37:41.452 worker_log:602 7368 MainThread [INFO]  Completed executor task 6444
2023-07-07 15:37:41.453 worker_log:613 7368 MainThread [INFO]  All processing finished for executor task 6444
2023-07-07 15:37:41.464 worker_log:584 7368 MainThread [INFO]  Received executor task 6468
2023-07-07 15:38:55.861 worker_log:602 7368 MainThread [INFO]  Completed executor task 6468
2023-07-07 15:38:55.862 worker_log:613 7368 MainThread [INFO]  All processing finished for executor task 6468
2023-07-07 15:38:55.873 worker_log:584 7368 MainThread [INFO]  Received executor task 6503
2023-07-07 15:39:42.415 worker_log:602 7368 MainThread [INFO]  Completed executor task 6503
2023-07-07 15:39:42.416 worker_log:613 7368 MainThread [INFO]  All processing finished for executor task 6503
2023-07-07 15:39:42.427 worker_log:584 7368 MainThread [INFO]  Received executor task 6525
2023-07-07 15:40:30.323 worker_log:602 7368 MainThread [INFO]  Completed executor task 6525
2023-07-07 15:40:30.324 worker_log:613 7368 MainThread [INFO]  All processing finished for executor task 6525
2023-07-07 15:40:30.335 worker_log:584 7368 MainThread [INFO]  Received executor task 6545
2023-07-07 15:41:20.329 worker_log:602 7368 MainThread [INFO]  Completed executor task 6545
2023-07-07 15:41:20.329 worker_log:613 7368 MainThread [INFO]  All processing finished for executor task 6545
2023-07-07 15:41:20.341 worker_log:584 7368 MainThread [INFO]  Received executor task 6568
2023-07-07 15:41:59.490 worker_log:602 7368 MainThread [INFO]  Completed executor task 6568
2023-07-07 15:41:59.490 worker_log:613 7368 MainThread [INFO]  All processing finished for executor task 6568
2023-07-07 15:41:59.491 worker_log:584 7368 MainThread [INFO]  Received executor task 6595
2023-07-07 15:42:16.914 worker_log:602 7368 MainThread [INFO]  Completed executor task 6595
2023-07-07 15:42:16.914 worker_log:613 7368 MainThread [INFO]  All processing finished for executor task 6595
2023-07-07 15:42:16.925 worker_log:584 7368 MainThread [INFO]  Received executor task 6605
2023-07-07 15:42:44.183 worker_log:602 7368 MainThread [INFO]  Completed executor task 6605
2023-07-07 15:42:44.184 worker_log:613 7368 MainThread [INFO]  All processing finished for executor task 6605
2023-07-07 15:42:44.195 worker_log:584 7368 MainThread [INFO]  Received executor task 6617
2023-07-07 15:43:04.048 worker_log:602 7368 MainThread [INFO]  Completed executor task 6617
2023-07-07 15:43:04.049 worker_log:613 7368 MainThread [INFO]  All processing finished for executor task 6617
2023-07-07 15:43:04.060 worker_log:584 7368 MainThread [INFO]  Received executor task 6628
2023-07-07 15:43:39.131 worker_log:602 7368 MainThread [INFO]  Completed executor task 6628
2023-07-07 15:43:39.131 worker_log:613 7368 MainThread [INFO]  All processing finished for executor task 6628
2023-07-07 15:43:39.143 worker_log:584 7368 MainThread [INFO]  Received executor task 6645
2023-07-07 15:44:14.131 worker_log:602 7368 MainThread [INFO]  Completed executor task 6645
2023-07-07 15:44:14.132 worker_log:613 7368 MainThread [INFO]  All processing finished for executor task 6645
2023-07-07 15:44:14.143 worker_log:584 7368 MainThread [INFO]  Received executor task 6668
2023-07-07 15:44:52.039 worker_log:602 7368 MainThread [INFO]  Completed executor task 6668
2023-07-07 15:44:52.040 worker_log:613 7368 MainThread [INFO]  All processing finished for executor task 6668
2023-07-07 15:44:52.051 worker_log:584 7368 MainThread [INFO]  Received executor task 6683
2023-07-07 15:45:18.606 worker_log:602 7368 MainThread [INFO]  Completed executor task 6683
2023-07-07 15:45:18.607 worker_log:613 7368 MainThread [INFO]  All processing finished for executor task 6683
2023-07-07 15:45:18.618 worker_log:584 7368 MainThread [INFO]  Received executor task 6697
2023-07-07 15:46:19.587 worker_log:602 7368 MainThread [INFO]  Completed executor task 6697
2023-07-07 15:46:19.587 worker_log:613 7368 MainThread [INFO]  All processing finished for executor task 6697
2023-07-07 15:46:19.598 worker_log:584 7368 MainThread [INFO]  Received executor task 6727
2023-07-07 15:46:43.181 worker_log:602 7368 MainThread [INFO]  Completed executor task 6727
2023-07-07 15:46:43.182 worker_log:613 7368 MainThread [INFO]  All processing finished for executor task 6727
2023-07-07 15:46:43.182 worker_log:584 7368 MainThread [INFO]  Received executor task 6734
2023-07-07 15:47:21.724 worker_log:602 7368 MainThread [INFO]  Completed executor task 6734
2023-07-07 15:47:21.724 worker_log:613 7368 MainThread [INFO]  All processing finished for executor task 6734
2023-07-07 15:47:21.735 worker_log:584 7368 MainThread [INFO]  Received executor task 6756
2023-07-07 15:47:37.154 worker_log:602 7368 MainThread [INFO]  Completed executor task 6756
2023-07-07 15:47:37.155 worker_log:613 7368 MainThread [INFO]  All processing finished for executor task 6756
2023-07-07 15:47:37.156 worker_log:584 7368 MainThread [INFO]  Received executor task 6766
2023-07-07 15:48:00.530 worker_log:602 7368 MainThread [INFO]  Completed executor task 6766
2023-07-07 15:48:00.530 worker_log:613 7368 MainThread [INFO]  All processing finished for executor task 6766
2023-07-07 15:48:00.542 worker_log:584 7368 MainThread [INFO]  Received executor task 6779
2023-07-07 15:48:40.603 worker_log:602 7368 MainThread [INFO]  Completed executor task 6779
2023-07-07 15:48:40.604 worker_log:613 7368 MainThread [INFO]  All processing finished for executor task 6779
2023-07-07 15:48:40.615 worker_log:584 7368 MainThread [INFO]  Received executor task 6798
2023-07-07 15:49:05.398 worker_log:602 7368 MainThread [INFO]  Completed executor task 6798
2023-07-07 15:49:05.399 worker_log:613 7368 MainThread [INFO]  All processing finished for executor task 6798
2023-07-07 15:49:05.410 worker_log:584 7368 MainThread [INFO]  Received executor task 6814
2023-07-07 15:49:15.811 worker_log:602 7368 MainThread [INFO]  Completed executor task 6814
2023-07-07 15:49:15.811 worker_log:613 7368 MainThread [INFO]  All processing finished for executor task 6814
2023-07-07 15:49:15.835 worker_log:584 7368 MainThread [INFO]  Received executor task 6820
2023-07-07 15:49:51.162 worker_log:602 7368 MainThread [INFO]  Completed executor task 6820
2023-07-07 15:49:51.162 worker_log:613 7368 MainThread [INFO]  All processing finished for executor task 6820
2023-07-07 15:49:51.173 worker_log:584 7368 MainThread [INFO]  Received executor task 6839
2023-07-07 15:50:17.659 worker_log:602 7368 MainThread [INFO]  Completed executor task 6839
2023-07-07 15:50:17.660 worker_log:613 7368 MainThread [INFO]  All processing finished for executor task 6839
2023-07-07 15:50:17.671 worker_log:584 7368 MainThread [INFO]  Received executor task 6856
2023-07-07 15:50:44.837 worker_log:602 7368 MainThread [INFO]  Completed executor task 6856
2023-07-07 15:50:44.837 worker_log:613 7368 MainThread [INFO]  All processing finished for executor task 6856
2023-07-07 15:50:44.848 worker_log:584 7368 MainThread [INFO]  Received executor task 6871
2023-07-07 15:51:27.375 worker_log:602 7368 MainThread [INFO]  Completed executor task 6871
2023-07-07 15:51:27.376 worker_log:613 7368 MainThread [INFO]  All processing finished for executor task 6871
2023-07-07 15:51:27.387 worker_log:584 7368 MainThread [INFO]  Received executor task 6897
2023-07-07 15:52:02.214 worker_log:602 7368 MainThread [INFO]  Completed executor task 6897
2023-07-07 15:52:02.214 worker_log:613 7368 MainThread [INFO]  All processing finished for executor task 6897
2023-07-07 15:52:02.225 worker_log:584 7368 MainThread [INFO]  Received executor task 6918
2023-07-07 15:52:27.001 worker_log:602 7368 MainThread [INFO]  Completed executor task 6918
2023-07-07 15:52:27.001 worker_log:613 7368 MainThread [INFO]  All processing finished for executor task 6918
2023-07-07 15:52:27.013 worker_log:584 7368 MainThread [INFO]  Received executor task 6934
2023-07-07 15:52:47.312 worker_log:602 7368 MainThread [INFO]  Completed executor task 6934
2023-07-07 15:52:47.313 worker_log:613 7368 MainThread [INFO]  All processing finished for executor task 6934
2023-07-07 15:52:47.325 worker_log:584 7368 MainThread [INFO]  Received executor task 6940
2023-07-07 15:53:03.107 worker_log:602 7368 MainThread [INFO]  Completed executor task 6940
2023-07-07 15:53:03.107 worker_log:613 7368 MainThread [INFO]  All processing finished for executor task 6940
2023-07-07 15:53:03.118 worker_log:584 7368 MainThread [INFO]  Received executor task 6946
2023-07-07 15:53:24.667 worker_log:602 7368 MainThread [INFO]  Completed executor task 6946
2023-07-07 15:53:24.668 worker_log:613 7368 MainThread [INFO]  All processing finished for executor task 6946
2023-07-07 15:53:24.679 worker_log:584 7368 MainThread [INFO]  Received executor task 6955
2023-07-07 15:53:44.887 worker_log:602 7368 MainThread [INFO]  Completed executor task 6955
2023-07-07 15:53:44.887 worker_log:613 7368 MainThread [INFO]  All processing finished for executor task 6955
2023-07-07 15:53:44.899 worker_log:584 7368 MainThread [INFO]  Received executor task 6969
2023-07-07 15:54:22.415 worker_log:602 7368 MainThread [INFO]  Completed executor task 6969
2023-07-07 15:54:22.415 worker_log:613 7368 MainThread [INFO]  All processing finished for executor task 6969
2023-07-07 15:54:22.427 worker_log:584 7368 MainThread [INFO]  Received executor task 6992
2023-07-07 15:55:01.652 worker_log:602 7368 MainThread [INFO]  Completed executor task 6992
2023-07-07 15:55:01.653 worker_log:613 7368 MainThread [INFO]  All processing finished for executor task 6992
2023-07-07 15:55:01.664 worker_log:584 7368 MainThread [INFO]  Received executor task 7010
2023-07-07 15:55:28.079 worker_log:602 7368 MainThread [INFO]  Completed executor task 7010
2023-07-07 15:55:28.080 worker_log:613 7368 MainThread [INFO]  All processing finished for executor task 7010
2023-07-07 15:55:28.091 worker_log:584 7368 MainThread [INFO]  Received executor task 7021
2023-07-07 15:55:48.083 worker_log:602 7368 MainThread [INFO]  Completed executor task 7021
2023-07-07 15:55:48.084 worker_log:613 7368 MainThread [INFO]  All processing finished for executor task 7021
2023-07-07 15:55:48.095 worker_log:584 7368 MainThread [INFO]  Received executor task 7031
2023-07-07 15:56:09.386 worker_log:602 7368 MainThread [INFO]  Completed executor task 7031
2023-07-07 15:56:09.386 worker_log:613 7368 MainThread [INFO]  All processing finished for executor task 7031
2023-07-07 15:56:09.397 worker_log:584 7368 MainThread [INFO]  Received executor task 7041
2023-07-07 15:56:41.529 worker_log:602 7368 MainThread [INFO]  Completed executor task 7041
2023-07-07 15:56:41.529 worker_log:613 7368 MainThread [INFO]  All processing finished for executor task 7041
2023-07-07 15:56:41.540 worker_log:584 7368 MainThread [INFO]  Received executor task 7062
2023-07-07 15:57:04.918 worker_log:602 7368 MainThread [INFO]  Completed executor task 7062
2023-07-07 15:57:04.918 worker_log:613 7368 MainThread [INFO]  All processing finished for executor task 7062
2023-07-07 15:57:04.929 worker_log:584 7368 MainThread [INFO]  Received executor task 7073
2023-07-07 15:57:32.679 worker_log:602 7368 MainThread [INFO]  Completed executor task 7073
2023-07-07 15:57:32.679 worker_log:613 7368 MainThread [INFO]  All processing finished for executor task 7073
2023-07-07 15:57:32.703 worker_log:584 7368 MainThread [INFO]  Received executor task 7087
2023-07-07 15:58:00.127 worker_log:602 7368 MainThread [INFO]  Completed executor task 7087
2023-07-07 15:58:00.127 worker_log:613 7368 MainThread [INFO]  All processing finished for executor task 7087
2023-07-07 15:58:00.139 worker_log:584 7368 MainThread [INFO]  Received executor task 7101
2023-07-07 15:58:33.219 worker_log:602 7368 MainThread [INFO]  Completed executor task 7101
2023-07-07 15:58:33.219 worker_log:613 7368 MainThread [INFO]  All processing finished for executor task 7101
2023-07-07 15:58:33.230 worker_log:584 7368 MainThread [INFO]  Received executor task 7116
2023-07-07 15:58:57.390 worker_log:602 7368 MainThread [INFO]  Completed executor task 7116
2023-07-07 15:58:57.390 worker_log:613 7368 MainThread [INFO]  All processing finished for executor task 7116
2023-07-07 15:58:57.401 worker_log:584 7368 MainThread [INFO]  Received executor task 7131
2023-07-07 15:59:16.365 worker_log:602 7368 MainThread [INFO]  Completed executor task 7131
2023-07-07 15:59:16.365 worker_log:613 7368 MainThread [INFO]  All processing finished for executor task 7131
2023-07-07 15:59:16.378 worker_log:584 7368 MainThread [INFO]  Received executor task 7138
2023-07-07 15:59:35.354 worker_log:602 7368 MainThread [INFO]  Completed executor task 7138
2023-07-07 15:59:35.354 worker_log:613 7368 MainThread [INFO]  All processing finished for executor task 7138
2023-07-07 15:59:35.365 worker_log:584 7368 MainThread [INFO]  Received executor task 7150
2023-07-07 16:00:03.157 worker_log:602 7368 MainThread [INFO]  Completed executor task 7150
2023-07-07 16:00:03.157 worker_log:613 7368 MainThread [INFO]  All processing finished for executor task 7150
2023-07-07 16:00:03.159 worker_log:584 7368 MainThread [INFO]  Received executor task 7164
2023-07-07 16:00:30.761 worker_log:602 7368 MainThread [INFO]  Completed executor task 7164
2023-07-07 16:00:30.761 worker_log:613 7368 MainThread [INFO]  All processing finished for executor task 7164
2023-07-07 16:00:30.772 worker_log:584 7368 MainThread [INFO]  Received executor task 7173
2023-07-07 16:00:56.427 worker_log:602 7368 MainThread [INFO]  Completed executor task 7173
2023-07-07 16:00:56.427 worker_log:613 7368 MainThread [INFO]  All processing finished for executor task 7173
2023-07-07 16:00:56.439 worker_log:584 7368 MainThread [INFO]  Received executor task 7191
2023-07-07 16:01:04.572 worker_log:602 7368 MainThread [INFO]  Completed executor task 7191
2023-07-07 16:01:04.572 worker_log:613 7368 MainThread [INFO]  All processing finished for executor task 7191
2023-07-07 16:01:04.583 worker_log:584 7368 MainThread [INFO]  Received executor task 7198
2023-07-07 16:01:37.908 worker_log:602 7368 MainThread [INFO]  Completed executor task 7198
2023-07-07 16:01:37.909 worker_log:613 7368 MainThread [INFO]  All processing finished for executor task 7198
2023-07-07 16:01:37.920 worker_log:584 7368 MainThread [INFO]  Received executor task 7209
2023-07-07 16:02:05.621 worker_log:602 7368 MainThread [INFO]  Completed executor task 7209
2023-07-07 16:02:05.626 worker_log:613 7368 MainThread [INFO]  All processing finished for executor task 7209
2023-07-07 16:02:05.633 worker_log:584 7368 MainThread [INFO]  Received executor task 7218
2023-07-07 16:03:17.958 worker_log:602 7368 MainThread [INFO]  Completed executor task 7218
2023-07-07 16:03:17.959 worker_log:613 7368 MainThread [INFO]  All processing finished for executor task 7218
2023-07-07 16:03:17.970 worker_log:584 7368 MainThread [INFO]  Received executor task 7244
2023-07-07 16:04:10.710 worker_log:602 7368 MainThread [INFO]  Completed executor task 7244
2023-07-07 16:04:10.710 worker_log:613 7368 MainThread [INFO]  All processing finished for executor task 7244
2023-07-07 16:04:10.724 worker_log:584 7368 MainThread [INFO]  Received executor task 7262
2023-07-07 16:04:40.364 worker_log:602 7368 MainThread [INFO]  Completed executor task 7262
2023-07-07 16:04:40.364 worker_log:613 7368 MainThread [INFO]  All processing finished for executor task 7262
2023-07-07 16:04:40.375 worker_log:584 7368 MainThread [INFO]  Received executor task 7272
2023-07-07 16:05:22.733 worker_log:602 7368 MainThread [INFO]  Completed executor task 7272
2023-07-07 16:05:22.734 worker_log:613 7368 MainThread [INFO]  All processing finished for executor task 7272
2023-07-07 16:05:22.746 worker_log:584 7368 MainThread [INFO]  Received executor task 7288
2023-07-07 16:05:38.520 worker_log:602 7368 MainThread [INFO]  Completed executor task 7288
2023-07-07 16:05:38.521 worker_log:613 7368 MainThread [INFO]  All processing finished for executor task 7288
2023-07-07 16:05:38.532 worker_log:584 7368 MainThread [INFO]  Received executor task 7292
2023-07-07 16:06:13.543 worker_log:602 7368 MainThread [INFO]  Completed executor task 7292
2023-07-07 16:06:13.543 worker_log:613 7368 MainThread [INFO]  All processing finished for executor task 7292
2023-07-07 16:06:13.554 worker_log:584 7368 MainThread [INFO]  Received executor task 7306
2023-07-07 16:07:00.716 worker_log:602 7368 MainThread [INFO]  Completed executor task 7306
2023-07-07 16:07:00.717 worker_log:613 7368 MainThread [INFO]  All processing finished for executor task 7306
2023-07-07 16:07:00.728 worker_log:584 7368 MainThread [INFO]  Received executor task 7325
2023-07-07 16:07:28.110 worker_log:602 7368 MainThread [INFO]  Completed executor task 7325
2023-07-07 16:07:28.121 worker_log:613 7368 MainThread [INFO]  All processing finished for executor task 7325
2023-07-07 16:07:28.122 worker_log:584 7368 MainThread [INFO]  Received executor task 7336
2023-07-07 16:08:17.816 worker_log:602 7368 MainThread [INFO]  Completed executor task 7336
2023-07-07 16:08:17.816 worker_log:613 7368 MainThread [INFO]  All processing finished for executor task 7336
2023-07-07 16:08:17.828 worker_log:584 7368 MainThread [INFO]  Received executor task 7355
2023-07-07 16:08:47.317 worker_log:602 7368 MainThread [INFO]  Completed executor task 7355
2023-07-07 16:08:47.318 worker_log:613 7368 MainThread [INFO]  All processing finished for executor task 7355
2023-07-07 16:08:47.329 worker_log:584 7368 MainThread [INFO]  Received executor task 7370
2023-07-07 16:09:28.780 worker_log:602 7368 MainThread [INFO]  Completed executor task 7370
2023-07-07 16:09:28.781 worker_log:613 7368 MainThread [INFO]  All processing finished for executor task 7370
2023-07-07 16:09:28.792 worker_log:584 7368 MainThread [INFO]  Received executor task 7392
2023-07-07 16:10:09.718 worker_log:602 7368 MainThread [INFO]  Completed executor task 7392
2023-07-07 16:10:09.718 worker_log:613 7368 MainThread [INFO]  All processing finished for executor task 7392
2023-07-07 16:10:09.729 worker_log:584 7368 MainThread [INFO]  Received executor task 7406
2023-07-07 16:11:03.996 worker_log:602 7368 MainThread [INFO]  Completed executor task 7406
2023-07-07 16:11:03.996 worker_log:613 7368 MainThread [INFO]  All processing finished for executor task 7406
2023-07-07 16:11:04.007 worker_log:584 7368 MainThread [INFO]  Received executor task 7427
2023-07-07 16:11:42.877 worker_log:602 7368 MainThread [INFO]  Completed executor task 7427
2023-07-07 16:11:42.878 worker_log:613 7368 MainThread [INFO]  All processing finished for executor task 7427
2023-07-07 16:11:42.889 worker_log:584 7368 MainThread [INFO]  Received executor task 7442
2023-07-07 16:12:33.829 worker_log:602 7368 MainThread [INFO]  Completed executor task 7442
2023-07-07 16:12:33.830 worker_log:613 7368 MainThread [INFO]  All processing finished for executor task 7442
2023-07-07 16:12:33.841 worker_log:584 7368 MainThread [INFO]  Received executor task 7462
2023-07-07 16:12:44.804 worker_log:602 7368 MainThread [INFO]  Completed executor task 7462
2023-07-07 16:12:44.805 worker_log:613 7368 MainThread [INFO]  All processing finished for executor task 7462
2023-07-07 16:12:44.816 worker_log:584 7368 MainThread [INFO]  Received executor task 7469
2023-07-07 16:13:07.516 worker_log:602 7368 MainThread [INFO]  Completed executor task 7469
2023-07-07 16:13:07.520 worker_log:613 7368 MainThread [INFO]  All processing finished for executor task 7469
2023-07-07 16:13:07.528 worker_log:584 7368 MainThread [INFO]  Received executor task 7480
2023-07-07 16:13:17.838 worker_log:602 7368 MainThread [INFO]  Completed executor task 7480
2023-07-07 16:13:17.838 worker_log:613 7368 MainThread [INFO]  All processing finished for executor task 7480
2023-07-07 16:13:17.849 worker_log:584 7368 MainThread [INFO]  Received executor task 7488
2023-07-07 16:13:48.613 worker_log:602 7368 MainThread [INFO]  Completed executor task 7488
2023-07-07 16:13:48.614 worker_log:613 7368 MainThread [INFO]  All processing finished for executor task 7488
2023-07-07 16:13:48.626 worker_log:584 7368 MainThread [INFO]  Received executor task 7505
2023-07-07 16:14:27.026 worker_log:602 7368 MainThread [INFO]  Completed executor task 7505
2023-07-07 16:14:27.026 worker_log:613 7368 MainThread [INFO]  All processing finished for executor task 7505
2023-07-07 16:14:27.037 worker_log:584 7368 MainThread [INFO]  Received executor task 7522
2023-07-07 16:14:48.206 worker_log:602 7368 MainThread [INFO]  Completed executor task 7522
2023-07-07 16:14:48.206 worker_log:613 7368 MainThread [INFO]  All processing finished for executor task 7522
2023-07-07 16:14:48.217 worker_log:584 7368 MainThread [INFO]  Received executor task 7532
2023-07-07 16:15:08.293 worker_log:602 7368 MainThread [INFO]  Completed executor task 7532
2023-07-07 16:15:08.293 worker_log:613 7368 MainThread [INFO]  All processing finished for executor task 7532
2023-07-07 16:15:08.304 worker_log:584 7368 MainThread [INFO]  Received executor task 7542
2023-07-07 16:15:31.439 worker_log:602 7368 MainThread [INFO]  Completed executor task 7542
2023-07-07 16:15:31.440 worker_log:613 7368 MainThread [INFO]  All processing finished for executor task 7542
2023-07-07 16:15:31.451 worker_log:584 7368 MainThread [INFO]  Received executor task 7554
2023-07-07 16:16:55.922 worker_log:602 7368 MainThread [INFO]  Completed executor task 7554
2023-07-07 16:16:55.922 worker_log:613 7368 MainThread [INFO]  All processing finished for executor task 7554
2023-07-07 16:16:55.935 worker_log:584 7368 MainThread [INFO]  Received executor task 7601
2023-07-07 16:17:39.611 worker_log:602 7368 MainThread [INFO]  Completed executor task 7601
2023-07-07 16:17:39.611 worker_log:613 7368 MainThread [INFO]  All processing finished for executor task 7601
2023-07-07 16:17:39.623 worker_log:584 7368 MainThread [INFO]  Received executor task 7624
2023-07-07 16:18:12.869 worker_log:602 7368 MainThread [INFO]  Completed executor task 7624
2023-07-07 16:18:12.869 worker_log:613 7368 MainThread [INFO]  All processing finished for executor task 7624
2023-07-07 16:18:12.880 worker_log:584 7368 MainThread [INFO]  Received executor task 7633
2023-07-07 16:18:44.017 worker_log:602 7368 MainThread [INFO]  Completed executor task 7633
2023-07-07 16:18:44.017 worker_log:613 7368 MainThread [INFO]  All processing finished for executor task 7633
2023-07-07 16:18:44.028 worker_log:584 7368 MainThread [INFO]  Received executor task 7647
2023-07-07 16:19:15.250 worker_log:602 7368 MainThread [INFO]  Completed executor task 7647
2023-07-07 16:19:15.251 worker_log:613 7368 MainThread [INFO]  All processing finished for executor task 7647
2023-07-07 16:19:15.262 worker_log:584 7368 MainThread [INFO]  Received executor task 7662
2023-07-07 16:19:36.905 worker_log:602 7368 MainThread [INFO]  Completed executor task 7662
2023-07-07 16:19:36.905 worker_log:613 7368 MainThread [INFO]  All processing finished for executor task 7662
2023-07-07 16:19:36.916 worker_log:584 7368 MainThread [INFO]  Received executor task 7672
2023-07-07 16:20:25.027 worker_log:602 7368 MainThread [INFO]  Completed executor task 7672
2023-07-07 16:20:25.028 worker_log:613 7368 MainThread [INFO]  All processing finished for executor task 7672
2023-07-07 16:20:25.039 worker_log:584 7368 MainThread [INFO]  Received executor task 7694
2023-07-07 16:20:51.401 worker_log:602 7368 MainThread [INFO]  Completed executor task 7694
2023-07-07 16:20:51.401 worker_log:613 7368 MainThread [INFO]  All processing finished for executor task 7694
2023-07-07 16:20:51.412 worker_log:584 7368 MainThread [INFO]  Received executor task 7711
2023-07-07 16:21:08.459 worker_log:602 7368 MainThread [INFO]  Completed executor task 7711
2023-07-07 16:21:08.459 worker_log:613 7368 MainThread [INFO]  All processing finished for executor task 7711
2023-07-07 16:21:08.471 worker_log:584 7368 MainThread [INFO]  Received executor task 7718
2023-07-07 16:21:42.359 worker_log:602 7368 MainThread [INFO]  Completed executor task 7718
2023-07-07 16:21:42.360 worker_log:613 7368 MainThread [INFO]  All processing finished for executor task 7718
2023-07-07 16:21:42.371 worker_log:584 7368 MainThread [INFO]  Received executor task 7738
2023-07-07 16:21:59.428 worker_log:602 7368 MainThread [INFO]  Completed executor task 7738
2023-07-07 16:21:59.429 worker_log:613 7368 MainThread [INFO]  All processing finished for executor task 7738
2023-07-07 16:21:59.440 worker_log:584 7368 MainThread [INFO]  Received executor task 7744
2023-07-07 16:22:19.595 worker_log:602 7368 MainThread [INFO]  Completed executor task 7744
2023-07-07 16:22:19.595 worker_log:613 7368 MainThread [INFO]  All processing finished for executor task 7744
2023-07-07 16:22:19.607 worker_log:584 7368 MainThread [INFO]  Received executor task 7754
2023-07-07 16:22:53.420 worker_log:602 7368 MainThread [INFO]  Completed executor task 7754
2023-07-07 16:22:53.420 worker_log:613 7368 MainThread [INFO]  All processing finished for executor task 7754
2023-07-07 16:22:53.432 worker_log:584 7368 MainThread [INFO]  Received executor task 7774
2023-07-07 16:23:04.213 worker_log:602 7368 MainThread [INFO]  Completed executor task 7774
2023-07-07 16:23:04.213 worker_log:613 7368 MainThread [INFO]  All processing finished for executor task 7774
2023-07-07 16:23:04.226 worker_log:584 7368 MainThread [INFO]  Received executor task 7781
2023-07-07 16:23:27.084 worker_log:602 7368 MainThread [INFO]  Completed executor task 7781
2023-07-07 16:23:27.085 worker_log:613 7368 MainThread [INFO]  All processing finished for executor task 7781
2023-07-07 16:23:27.096 worker_log:584 7368 MainThread [INFO]  Received executor task 7795
2023-07-07 16:24:06.148 worker_log:602 7368 MainThread [INFO]  Completed executor task 7795
2023-07-07 16:24:06.149 worker_log:613 7368 MainThread [INFO]  All processing finished for executor task 7795
2023-07-07 16:24:06.161 worker_log:584 7368 MainThread [INFO]  Received executor task 7819
2023-07-07 16:24:22.409 worker_log:602 7368 MainThread [INFO]  Completed executor task 7819
2023-07-07 16:24:22.410 worker_log:613 7368 MainThread [INFO]  All processing finished for executor task 7819
2023-07-07 16:24:22.421 worker_log:584 7368 MainThread [INFO]  Received executor task 7831
2023-07-07 16:24:51.781 worker_log:602 7368 MainThread [INFO]  Completed executor task 7831
2023-07-07 16:24:51.781 worker_log:613 7368 MainThread [INFO]  All processing finished for executor task 7831
2023-07-07 16:24:51.792 worker_log:584 7368 MainThread [INFO]  Received executor task 7847
2023-07-07 16:25:35.411 worker_log:602 7368 MainThread [INFO]  Completed executor task 7847
2023-07-07 16:25:35.412 worker_log:613 7368 MainThread [INFO]  All processing finished for executor task 7847
2023-07-07 16:25:35.423 worker_log:584 7368 MainThread [INFO]  Received executor task 7866
2023-07-07 16:26:04.993 worker_log:602 7368 MainThread [INFO]  Completed executor task 7866
2023-07-07 16:26:05.006 worker_log:613 7368 MainThread [INFO]  All processing finished for executor task 7866
2023-07-07 16:26:05.017 worker_log:584 7368 MainThread [INFO]  Received executor task 7881
2023-07-07 16:26:27.230 worker_log:602 7368 MainThread [INFO]  Completed executor task 7881
2023-07-07 16:26:27.231 worker_log:613 7368 MainThread [INFO]  All processing finished for executor task 7881
2023-07-07 16:26:27.243 worker_log:584 7368 MainThread [INFO]  Received executor task 7893
2023-07-07 16:28:00.916 worker_log:602 7368 MainThread [INFO]  Completed executor task 7893
2023-07-07 16:28:00.917 worker_log:613 7368 MainThread [INFO]  All processing finished for executor task 7893
2023-07-07 16:28:00.928 worker_log:584 7368 MainThread [INFO]  Received executor task 7928
2023-07-07 16:28:27.336 worker_log:602 7368 MainThread [INFO]  Completed executor task 7928
2023-07-07 16:28:27.337 worker_log:613 7368 MainThread [INFO]  All processing finished for executor task 7928
2023-07-07 16:28:27.348 worker_log:584 7368 MainThread [INFO]  Received executor task 7944
2023-07-07 16:28:51.131 worker_log:602 7368 MainThread [INFO]  Completed executor task 7944
2023-07-07 16:28:51.140 worker_log:613 7368 MainThread [INFO]  All processing finished for executor task 7944
2023-07-07 16:28:51.144 worker_log:584 7368 MainThread [INFO]  Received executor task 7955
2023-07-07 16:29:14.837 worker_log:602 7368 MainThread [INFO]  Completed executor task 7955
2023-07-07 16:29:14.837 worker_log:613 7368 MainThread [INFO]  All processing finished for executor task 7955
2023-07-07 16:29:14.848 worker_log:584 7368 MainThread [INFO]  Received executor task 7967
2023-07-07 16:29:28.589 worker_log:602 7368 MainThread [INFO]  Completed executor task 7967
2023-07-07 16:29:28.589 worker_log:613 7368 MainThread [INFO]  All processing finished for executor task 7967
2023-07-07 16:29:28.600 worker_log:584 7368 MainThread [INFO]  Received executor task 7972
2023-07-07 16:30:20.741 worker_log:602 7368 MainThread [INFO]  Completed executor task 7972
2023-07-07 16:30:20.741 worker_log:613 7368 MainThread [INFO]  All processing finished for executor task 7972
2023-07-07 16:30:20.752 worker_log:584 7368 MainThread [INFO]  Received executor task 7994
2023-07-07 16:31:11.857 worker_log:602 7368 MainThread [INFO]  Completed executor task 7994
2023-07-07 16:31:11.857 worker_log:613 7368 MainThread [INFO]  All processing finished for executor task 7994
2023-07-07 16:31:11.875 worker_log:584 7368 MainThread [INFO]  Received executor task 8020
2023-07-07 16:31:55.599 worker_log:602 7368 MainThread [INFO]  Completed executor task 8020
2023-07-07 16:31:55.600 worker_log:613 7368 MainThread [INFO]  All processing finished for executor task 8020
2023-07-07 16:31:55.611 worker_log:584 7368 MainThread [INFO]  Received executor task 8035
2023-07-07 16:32:22.059 worker_log:602 7368 MainThread [INFO]  Completed executor task 8035
2023-07-07 16:32:22.060 worker_log:613 7368 MainThread [INFO]  All processing finished for executor task 8035
2023-07-07 16:32:22.071 worker_log:584 7368 MainThread [INFO]  Received executor task 8050
2023-07-07 16:32:38.619 worker_log:602 7368 MainThread [INFO]  Completed executor task 8050
2023-07-07 16:32:38.619 worker_log:613 7368 MainThread [INFO]  All processing finished for executor task 8050
2023-07-07 16:32:38.620 worker_log:584 7368 MainThread [INFO]  Received executor task 8058
2023-07-07 16:33:45.802 worker_log:602 7368 MainThread [INFO]  Completed executor task 8058
2023-07-07 16:33:45.803 worker_log:613 7368 MainThread [INFO]  All processing finished for executor task 8058
2023-07-07 16:33:45.814 worker_log:584 7368 MainThread [INFO]  Received executor task 8086
2023-07-07 16:34:08.354 worker_log:602 7368 MainThread [INFO]  Completed executor task 8086
2023-07-07 16:34:08.355 worker_log:613 7368 MainThread [INFO]  All processing finished for executor task 8086
2023-07-07 16:34:08.366 worker_log:584 7368 MainThread [INFO]  Received executor task 8092
2023-07-07 16:34:45.517 worker_log:602 7368 MainThread [INFO]  Completed executor task 8092
2023-07-07 16:34:45.517 worker_log:613 7368 MainThread [INFO]  All processing finished for executor task 8092
2023-07-07 16:34:45.528 worker_log:584 7368 MainThread [INFO]  Received executor task 8111
2023-07-07 16:35:19.893 worker_log:602 7368 MainThread [INFO]  Completed executor task 8111
2023-07-07 16:35:19.893 worker_log:613 7368 MainThread [INFO]  All processing finished for executor task 8111
2023-07-07 16:35:19.904 worker_log:584 7368 MainThread [INFO]  Received executor task 8127
2023-07-07 16:36:15.243 worker_log:602 7368 MainThread [INFO]  Completed executor task 8127
2023-07-07 16:36:15.243 worker_log:613 7368 MainThread [INFO]  All processing finished for executor task 8127
2023-07-07 16:36:15.254 worker_log:584 7368 MainThread [INFO]  Received executor task 8143
2023-07-07 16:37:48.933 worker_log:602 7368 MainThread [INFO]  Completed executor task 8143
2023-07-07 16:37:48.933 worker_log:613 7368 MainThread [INFO]  All processing finished for executor task 8143
2023-07-07 16:37:48.944 worker_log:584 7368 MainThread [INFO]  Received executor task 8174
2023-07-07 16:38:18.085 worker_log:602 7368 MainThread [INFO]  Completed executor task 8174
2023-07-07 16:38:18.086 worker_log:613 7368 MainThread [INFO]  All processing finished for executor task 8174
2023-07-07 16:38:18.097 worker_log:584 7368 MainThread [INFO]  Received executor task 8182
2023-07-07 16:39:13.119 worker_log:602 7368 MainThread [INFO]  Completed executor task 8182
2023-07-07 16:39:13.120 worker_log:613 7368 MainThread [INFO]  All processing finished for executor task 8182
2023-07-07 16:39:13.132 worker_log:584 7368 MainThread [INFO]  Received executor task 8200
2023-07-07 16:39:49.402 worker_log:602 7368 MainThread [INFO]  Completed executor task 8200
2023-07-07 16:39:49.413 worker_log:613 7368 MainThread [INFO]  All processing finished for executor task 8200
2023-07-07 16:39:49.413 worker_log:584 7368 MainThread [INFO]  Received executor task 8212
2023-07-07 16:40:28.584 worker_log:602 7368 MainThread [INFO]  Completed executor task 8212
2023-07-07 16:40:28.584 worker_log:613 7368 MainThread [INFO]  All processing finished for executor task 8212
2023-07-07 16:40:28.595 worker_log:584 7368 MainThread [INFO]  Received executor task 8224
2023-07-07 16:41:23.309 worker_log:602 7368 MainThread [INFO]  Completed executor task 8224
2023-07-07 16:41:23.309 worker_log:613 7368 MainThread [INFO]  All processing finished for executor task 8224
2023-07-07 16:41:23.331 worker_log:584 7368 MainThread [INFO]  Received executor task 8242
2023-07-07 16:41:58.193 worker_log:602 7368 MainThread [INFO]  Completed executor task 8242
2023-07-07 16:41:58.194 worker_log:613 7368 MainThread [INFO]  All processing finished for executor task 8242
2023-07-07 16:41:58.205 worker_log:584 7368 MainThread [INFO]  Received executor task 8254
2023-07-07 16:42:38.979 worker_log:602 7368 MainThread [INFO]  Completed executor task 8254
2023-07-07 16:42:38.979 worker_log:613 7368 MainThread [INFO]  All processing finished for executor task 8254
2023-07-07 16:42:38.990 worker_log:584 7368 MainThread [INFO]  Received executor task 8264
2023-07-07 16:43:15.824 worker_log:602 7368 MainThread [INFO]  Completed executor task 8264
2023-07-07 16:43:15.824 worker_log:613 7368 MainThread [INFO]  All processing finished for executor task 8264
2023-07-07 16:43:15.836 worker_log:584 7368 MainThread [INFO]  Received executor task 8281
2023-07-07 16:44:19.946 worker_log:602 7368 MainThread [INFO]  Completed executor task 8281
2023-07-07 16:44:19.947 worker_log:613 7368 MainThread [INFO]  All processing finished for executor task 8281
2023-07-07 16:44:19.958 worker_log:584 7368 MainThread [INFO]  Received executor task 8295
2023-07-07 16:45:25.940 worker_log:602 7368 MainThread [INFO]  Completed executor task 8295
2023-07-07 16:45:25.941 worker_log:613 7368 MainThread [INFO]  All processing finished for executor task 8295
2023-07-07 16:45:25.952 worker_log:584 7368 MainThread [INFO]  Received executor task 8311
2023-07-07 16:47:26.410 worker_log:602 7368 MainThread [INFO]  Completed executor task 8311
2023-07-07 16:47:26.411 worker_log:613 7368 MainThread [INFO]  All processing finished for executor task 8311
2023-07-07 16:47:26.422 worker_log:584 7368 MainThread [INFO]  Received executor task 8339
2023-07-07 16:48:57.655 worker_log:602 7368 MainThread [INFO]  Completed executor task 8339
2023-07-07 16:48:57.656 worker_log:613 7368 MainThread [INFO]  All processing finished for executor task 8339
2023-07-07 16:48:57.667 worker_log:584 7368 MainThread [INFO]  Received executor task 8363
2023-07-07 16:49:37.322 worker_log:602 7368 MainThread [INFO]  Completed executor task 8363
2023-07-07 16:49:37.322 worker_log:613 7368 MainThread [INFO]  All processing finished for executor task 8363
2023-07-07 16:49:37.333 worker_log:584 7368 MainThread [INFO]  Received executor task 8372
2023-07-07 16:50:42.086 worker_log:602 7368 MainThread [INFO]  Completed executor task 8372
2023-07-07 16:50:42.087 worker_log:613 7368 MainThread [INFO]  All processing finished for executor task 8372
2023-07-07 16:50:42.098 worker_log:584 7368 MainThread [INFO]  Received executor task 8389
2023-07-07 16:52:02.963 worker_log:602 7368 MainThread [INFO]  Completed executor task 8389
2023-07-07 16:52:02.974 worker_log:613 7368 MainThread [INFO]  All processing finished for executor task 8389
2023-07-07 16:52:02.991 worker_log:584 7368 MainThread [INFO]  Received executor task 8417
2023-07-07 16:52:42.103 worker_log:602 7368 MainThread [INFO]  Completed executor task 8417
2023-07-07 16:52:42.103 worker_log:613 7368 MainThread [INFO]  All processing finished for executor task 8417
2023-07-07 16:52:42.115 worker_log:584 7368 MainThread [INFO]  Received executor task 8429
2023-07-07 16:53:20.738 worker_log:602 7368 MainThread [INFO]  Completed executor task 8429
2023-07-07 16:53:20.738 worker_log:613 7368 MainThread [INFO]  All processing finished for executor task 8429
2023-07-07 16:53:20.750 worker_log:584 7368 MainThread [INFO]  Received executor task 8441
2023-07-07 16:53:38.233 worker_log:602 7368 MainThread [INFO]  Completed executor task 8441
2023-07-07 16:53:38.234 worker_log:613 7368 MainThread [INFO]  All processing finished for executor task 8441
2023-07-07 16:53:38.245 worker_log:584 7368 MainThread [INFO]  Received executor task 8449
2023-07-07 16:53:57.199 worker_log:602 7368 MainThread [INFO]  Completed executor task 8449
2023-07-07 16:53:57.199 worker_log:613 7368 MainThread [INFO]  All processing finished for executor task 8449
2023-07-07 16:53:57.210 worker_log:584 7368 MainThread [INFO]  Received executor task 8465
2023-07-07 16:54:24.198 worker_log:602 7368 MainThread [INFO]  Completed executor task 8465
2023-07-07 16:54:24.198 worker_log:613 7368 MainThread [INFO]  All processing finished for executor task 8465
2023-07-07 16:54:24.210 worker_log:584 7368 MainThread [INFO]  Received executor task 8478
2023-07-07 16:55:11.173 worker_log:602 7368 MainThread [INFO]  Completed executor task 8478
2023-07-07 16:55:11.173 worker_log:613 7368 MainThread [INFO]  All processing finished for executor task 8478
2023-07-07 16:55:11.184 worker_log:584 7368 MainThread [INFO]  Received executor task 8501
2023-07-07 16:55:43.753 worker_log:602 7368 MainThread [INFO]  Completed executor task 8501
2023-07-07 16:55:43.753 worker_log:613 7368 MainThread [INFO]  All processing finished for executor task 8501
2023-07-07 16:55:43.764 worker_log:584 7368 MainThread [INFO]  Received executor task 8514
2023-07-07 16:56:07.879 worker_log:602 7368 MainThread [INFO]  Completed executor task 8514
2023-07-07 16:56:07.879 worker_log:613 7368 MainThread [INFO]  All processing finished for executor task 8514
2023-07-07 16:56:07.890 worker_log:584 7368 MainThread [INFO]  Received executor task 8528
2023-07-07 16:56:40.065 worker_log:602 7368 MainThread [INFO]  Completed executor task 8528
2023-07-07 16:56:40.065 worker_log:613 7368 MainThread [INFO]  All processing finished for executor task 8528
2023-07-07 16:56:40.076 worker_log:584 7368 MainThread [INFO]  Received executor task 8541
2023-07-07 16:57:08.033 worker_log:602 7368 MainThread [INFO]  Completed executor task 8541
2023-07-07 16:57:08.034 worker_log:613 7368 MainThread [INFO]  All processing finished for executor task 8541
2023-07-07 16:57:08.045 worker_log:584 7368 MainThread [INFO]  Received executor task 8556
2023-07-07 16:57:37.159 worker_log:602 7368 MainThread [INFO]  Completed executor task 8556
2023-07-07 16:57:37.159 worker_log:613 7368 MainThread [INFO]  All processing finished for executor task 8556
2023-07-07 16:57:37.170 worker_log:584 7368 MainThread [INFO]  Received executor task 8567
2023-07-07 16:58:00.864 worker_log:602 7368 MainThread [INFO]  Completed executor task 8567
2023-07-07 16:58:00.865 worker_log:613 7368 MainThread [INFO]  All processing finished for executor task 8567
2023-07-07 16:58:00.879 worker_log:584 7368 MainThread [INFO]  Received executor task 8576
2023-07-07 16:58:16.959 worker_log:602 7368 MainThread [INFO]  Completed executor task 8576
2023-07-07 16:58:16.959 worker_log:613 7368 MainThread [INFO]  All processing finished for executor task 8576
2023-07-07 16:58:16.970 worker_log:584 7368 MainThread [INFO]  Received executor task 8588
2023-07-07 16:58:42.025 worker_log:602 7368 MainThread [INFO]  Completed executor task 8588
2023-07-07 16:58:42.026 worker_log:613 7368 MainThread [INFO]  All processing finished for executor task 8588
2023-07-07 16:58:42.037 worker_log:584 7368 MainThread [INFO]  Received executor task 8603
2023-07-07 16:59:14.416 worker_log:602 7368 MainThread [INFO]  Completed executor task 8603
2023-07-07 16:59:14.417 worker_log:613 7368 MainThread [INFO]  All processing finished for executor task 8603
2023-07-07 16:59:14.428 worker_log:584 7368 MainThread [INFO]  Received executor task 8623
2023-07-07 16:59:58.703 worker_log:602 7368 MainThread [INFO]  Completed executor task 8623
2023-07-07 16:59:58.704 worker_log:613 7368 MainThread [INFO]  All processing finished for executor task 8623
2023-07-07 16:59:58.715 worker_log:584 7368 MainThread [INFO]  Received executor task 8644
2023-07-07 17:00:16.315 worker_log:602 7368 MainThread [INFO]  Completed executor task 8644
2023-07-07 17:00:16.315 worker_log:613 7368 MainThread [INFO]  All processing finished for executor task 8644
2023-07-07 17:00:16.326 worker_log:584 7368 MainThread [INFO]  Received executor task 8652
2023-07-07 17:01:24.442 worker_log:602 7368 MainThread [INFO]  Completed executor task 8652
2023-07-07 17:01:24.443 worker_log:613 7368 MainThread [INFO]  All processing finished for executor task 8652
2023-07-07 17:01:24.454 worker_log:584 7368 MainThread [INFO]  Received executor task 8683
2023-07-07 17:01:58.470 worker_log:602 7368 MainThread [INFO]  Completed executor task 8683
2023-07-07 17:01:58.471 worker_log:613 7368 MainThread [INFO]  All processing finished for executor task 8683
2023-07-07 17:01:58.482 worker_log:584 7368 MainThread [INFO]  Received executor task 8700
2023-07-07 17:02:55.333 worker_log:602 7368 MainThread [INFO]  Completed executor task 8700
2023-07-07 17:02:55.334 worker_log:613 7368 MainThread [INFO]  All processing finished for executor task 8700
2023-07-07 17:02:55.345 worker_log:584 7368 MainThread [INFO]  Received executor task 8737
2023-07-07 17:03:44.431 worker_log:602 7368 MainThread [INFO]  Completed executor task 8737
2023-07-07 17:03:44.432 worker_log:613 7368 MainThread [INFO]  All processing finished for executor task 8737
2023-07-07 17:03:44.445 worker_log:584 7368 MainThread [INFO]  Received executor task 8767
2023-07-07 17:04:30.508 worker_log:602 7368 MainThread [INFO]  Completed executor task 8767
2023-07-07 17:04:30.509 worker_log:613 7368 MainThread [INFO]  All processing finished for executor task 8767
2023-07-07 17:04:30.520 worker_log:584 7368 MainThread [INFO]  Received executor task 8791
2023-07-07 17:05:05.969 worker_log:602 7368 MainThread [INFO]  Completed executor task 8791
2023-07-07 17:05:05.969 worker_log:613 7368 MainThread [INFO]  All processing finished for executor task 8791
2023-07-07 17:05:05.981 worker_log:584 7368 MainThread [INFO]  Received executor task 8814
2023-07-07 17:05:59.942 worker_log:602 7368 MainThread [INFO]  Completed executor task 8814
2023-07-07 17:05:59.943 worker_log:613 7368 MainThread [INFO]  All processing finished for executor task 8814
2023-07-07 17:05:59.954 worker_log:584 7368 MainThread [INFO]  Received executor task 8841
2023-07-07 17:06:18.333 worker_log:602 7368 MainThread [INFO]  Completed executor task 8841
2023-07-07 17:06:18.342 worker_log:613 7368 MainThread [INFO]  All processing finished for executor task 8841
2023-07-07 17:06:18.345 worker_log:584 7368 MainThread [INFO]  Received executor task 8850
2023-07-07 17:06:29.620 worker_log:602 7368 MainThread [INFO]  Completed executor task 8850
2023-07-07 17:06:29.621 worker_log:613 7368 MainThread [INFO]  All processing finished for executor task 8850
2023-07-07 17:06:29.632 worker_log:584 7368 MainThread [INFO]  Received executor task 8857
2023-07-07 17:06:46.596 worker_log:602 7368 MainThread [INFO]  Completed executor task 8857
2023-07-07 17:06:46.596 worker_log:613 7368 MainThread [INFO]  All processing finished for executor task 8857
2023-07-07 17:06:46.607 worker_log:584 7368 MainThread [INFO]  Received executor task 8866
2023-07-07 17:07:05.083 worker_log:602 7368 MainThread [INFO]  Completed executor task 8866
2023-07-07 17:07:05.083 worker_log:613 7368 MainThread [INFO]  All processing finished for executor task 8866
2023-07-07 17:07:05.094 worker_log:584 7368 MainThread [INFO]  Received executor task 8877
2023-07-07 17:07:25.190 worker_log:602 7368 MainThread [INFO]  Completed executor task 8877
2023-07-07 17:07:25.190 worker_log:613 7368 MainThread [INFO]  All processing finished for executor task 8877
2023-07-07 17:07:25.201 worker_log:584 7368 MainThread [INFO]  Received executor task 8885
2023-07-07 17:07:36.149 worker_log:602 7368 MainThread [INFO]  Completed executor task 8885
2023-07-07 17:07:36.149 worker_log:613 7368 MainThread [INFO]  All processing finished for executor task 8885
2023-07-07 17:07:36.161 worker_log:584 7368 MainThread [INFO]  Received executor task 8892
2023-07-07 17:07:57.184 worker_log:602 7368 MainThread [INFO]  Completed executor task 8892
2023-07-07 17:07:57.184 worker_log:613 7368 MainThread [INFO]  All processing finished for executor task 8892
2023-07-07 17:07:57.195 worker_log:584 7368 MainThread [INFO]  Received executor task 8906
2023-07-07 17:08:09.070 worker_log:602 7368 MainThread [INFO]  Completed executor task 8906
2023-07-07 17:08:09.071 worker_log:613 7368 MainThread [INFO]  All processing finished for executor task 8906
2023-07-07 17:08:09.082 worker_log:584 7368 MainThread [INFO]  Received executor task 8914
2023-07-07 17:08:43.839 worker_log:602 7368 MainThread [INFO]  Completed executor task 8914
2023-07-07 17:08:43.840 worker_log:613 7368 MainThread [INFO]  All processing finished for executor task 8914
2023-07-07 17:08:43.851 worker_log:584 7368 MainThread [INFO]  Received executor task 8930
2023-07-07 17:09:21.004 worker_log:602 7368 MainThread [INFO]  Completed executor task 8930
2023-07-07 17:09:21.004 worker_log:613 7368 MainThread [INFO]  All processing finished for executor task 8930
2023-07-07 17:09:21.016 worker_log:584 7368 MainThread [INFO]  Received executor task 8952
2023-07-07 17:10:29.517 worker_log:602 7368 MainThread [INFO]  Completed executor task 8952
2023-07-07 17:10:29.518 worker_log:613 7368 MainThread [INFO]  All processing finished for executor task 8952
2023-07-07 17:10:29.529 worker_log:584 7368 MainThread [INFO]  Received executor task 8991
2023-07-07 17:11:41.301 worker_log:602 7368 MainThread [INFO]  Completed executor task 8991
2023-07-07 17:11:41.301 worker_log:613 7368 MainThread [INFO]  All processing finished for executor task 8991
2023-07-07 17:11:41.314 worker_log:584 7368 MainThread [INFO]  Received executor task 9012
2023-07-07 17:12:40.425 worker_log:602 7368 MainThread [INFO]  Completed executor task 9012
2023-07-07 17:12:40.426 worker_log:613 7368 MainThread [INFO]  All processing finished for executor task 9012
2023-07-07 17:12:40.437 worker_log:584 7368 MainThread [INFO]  Received executor task 9025
2023-07-07 17:13:00.803 worker_log:602 7368 MainThread [INFO]  Completed executor task 9025
2023-07-07 17:13:00.804 worker_log:613 7368 MainThread [INFO]  All processing finished for executor task 9025
2023-07-07 17:13:00.815 worker_log:584 7368 MainThread [INFO]  Received executor task 9033
2023-07-07 17:13:22.642 worker_log:602 7368 MainThread [INFO]  Completed executor task 9033
2023-07-07 17:13:22.642 worker_log:613 7368 MainThread [INFO]  All processing finished for executor task 9033
2023-07-07 17:13:22.653 worker_log:584 7368 MainThread [INFO]  Received executor task 9045
2023-07-07 17:14:30.702 worker_log:602 7368 MainThread [INFO]  Completed executor task 9045
2023-07-07 17:14:30.703 worker_log:613 7368 MainThread [INFO]  All processing finished for executor task 9045
2023-07-07 17:14:30.714 worker_log:584 7368 MainThread [INFO]  Received executor task 9067
2023-07-07 17:14:55.970 worker_log:602 7368 MainThread [INFO]  Completed executor task 9067
2023-07-07 17:14:55.970 worker_log:613 7368 MainThread [INFO]  All processing finished for executor task 9067
2023-07-07 17:14:55.981 worker_log:584 7368 MainThread [INFO]  Received executor task 9073
2023-07-07 17:15:14.894 worker_log:602 7368 MainThread [INFO]  Completed executor task 9073
2023-07-07 17:15:14.894 worker_log:613 7368 MainThread [INFO]  All processing finished for executor task 9073
2023-07-07 17:15:14.907 worker_log:584 7368 MainThread [INFO]  Received executor task 9084
2023-07-07 17:15:59.677 worker_log:602 7368 MainThread [INFO]  Completed executor task 9084
2023-07-07 17:15:59.678 worker_log:613 7368 MainThread [INFO]  All processing finished for executor task 9084
2023-07-07 17:15:59.689 worker_log:584 7368 MainThread [INFO]  Received executor task 9101
2023-07-07 17:16:30.660 worker_log:602 7368 MainThread [INFO]  Completed executor task 9101
2023-07-07 17:16:30.661 worker_log:613 7368 MainThread [INFO]  All processing finished for executor task 9101
2023-07-07 17:16:30.672 worker_log:584 7368 MainThread [INFO]  Received executor task 9117
2023-07-07 17:16:57.055 worker_log:602 7368 MainThread [INFO]  Completed executor task 9117
2023-07-07 17:16:57.056 worker_log:613 7368 MainThread [INFO]  All processing finished for executor task 9117
2023-07-07 17:16:57.067 worker_log:584 7368 MainThread [INFO]  Received executor task 9129
2023-07-07 17:17:41.879 worker_log:602 7368 MainThread [INFO]  Completed executor task 9129
2023-07-07 17:17:41.891 worker_log:613 7368 MainThread [INFO]  All processing finished for executor task 9129
2023-07-07 17:17:41.891 worker_log:584 7368 MainThread [INFO]  Received executor task 9146
2023-07-07 17:18:19.230 worker_log:602 7368 MainThread [INFO]  Completed executor task 9146
2023-07-07 17:18:19.230 worker_log:613 7368 MainThread [INFO]  All processing finished for executor task 9146
2023-07-07 17:18:19.241 worker_log:584 7368 MainThread [INFO]  Received executor task 9163
2023-07-07 17:18:45.175 worker_log:602 7368 MainThread [INFO]  Completed executor task 9163
2023-07-07 17:18:45.175 worker_log:613 7368 MainThread [INFO]  All processing finished for executor task 9163
2023-07-07 17:18:45.186 worker_log:584 7368 MainThread [INFO]  Received executor task 9171
2023-07-07 17:19:11.518 worker_log:602 7368 MainThread [INFO]  Completed executor task 9171
2023-07-07 17:19:11.518 worker_log:613 7368 MainThread [INFO]  All processing finished for executor task 9171
2023-07-07 17:19:11.530 worker_log:584 7368 MainThread [INFO]  Received executor task 9187
2023-07-07 17:19:35.646 worker_log:602 7368 MainThread [INFO]  Completed executor task 9187
2023-07-07 17:19:35.646 worker_log:613 7368 MainThread [INFO]  All processing finished for executor task 9187
2023-07-07 17:19:35.657 worker_log:584 7368 MainThread [INFO]  Received executor task 9200
