2023-07-07 11:59:59.655 worker_log:538 7388 MainThread [INFO]  Worker 8 started
2023-07-07 12:02:51.545 worker_log:584 7388 MainThread [INFO]  Received executor task 9
2023-07-07 12:03:13.267 worker_log:602 7388 MainThread [INFO]  Completed executor task 9
2023-07-07 12:03:13.280 worker_log:613 7388 MainThread [INFO]  All processing finished for executor task 9
2023-07-07 12:03:13.304 worker_log:584 7388 MainThread [INFO]  Received executor task 19
2023-07-07 12:03:34.659 worker_log:602 7388 MainThread [INFO]  Completed executor task 19
2023-07-07 12:03:34.659 worker_log:613 7388 MainThread [INFO]  All processing finished for executor task 19
2023-07-07 12:03:34.670 worker_log:584 7388 MainThread [INFO]  Received executor task 34
2023-07-07 12:04:06.722 worker_log:602 7388 MainThread [INFO]  Completed executor task 34
2023-07-07 12:04:06.723 worker_log:613 7388 MainThread [INFO]  All processing finished for executor task 34
2023-07-07 12:04:06.735 worker_log:584 7388 MainThread [INFO]  Received executor task 51
2023-07-07 12:04:34.670 worker_log:602 7388 MainThread [INFO]  Completed executor task 51
2023-07-07 12:04:34.671 worker_log:613 7388 MainThread [INFO]  All processing finished for executor task 51
2023-07-07 12:04:34.683 worker_log:584 7388 MainThread [INFO]  Received executor task 70
2023-07-07 12:05:15.128 worker_log:602 7388 MainThread [INFO]  Completed executor task 70
2023-07-07 12:05:15.128 worker_log:613 7388 MainThread [INFO]  All processing finished for executor task 70
2023-07-07 12:05:15.139 worker_log:584 7388 MainThread [INFO]  Received executor task 92
2023-07-07 12:06:51.222 worker_log:602 7388 MainThread [INFO]  Completed executor task 92
2023-07-07 12:06:51.229 worker_log:613 7388 MainThread [INFO]  All processing finished for executor task 92
2023-07-07 12:06:51.240 worker_log:584 7388 MainThread [INFO]  Received executor task 145
2023-07-07 12:07:04.501 worker_log:602 7388 MainThread [INFO]  Completed executor task 145
2023-07-07 12:07:04.502 worker_log:613 7388 MainThread [INFO]  All processing finished for executor task 145
2023-07-07 12:07:04.513 worker_log:584 7388 MainThread [INFO]  Received executor task 154
2023-07-07 12:07:39.859 worker_log:602 7388 MainThread [INFO]  Completed executor task 154
2023-07-07 12:07:39.860 worker_log:613 7388 MainThread [INFO]  All processing finished for executor task 154
2023-07-07 12:07:39.871 worker_log:584 7388 MainThread [INFO]  Received executor task 174
2023-07-07 12:08:10.529 worker_log:602 7388 MainThread [INFO]  Completed executor task 174
2023-07-07 12:08:10.529 worker_log:613 7388 MainThread [INFO]  All processing finished for executor task 174
2023-07-07 12:08:10.541 worker_log:584 7388 MainThread [INFO]  Received executor task 188
2023-07-07 12:08:33.715 worker_log:602 7388 MainThread [INFO]  Completed executor task 188
2023-07-07 12:08:33.716 worker_log:613 7388 MainThread [INFO]  All processing finished for executor task 188
2023-07-07 12:08:33.727 worker_log:584 7388 MainThread [INFO]  Received executor task 203
2023-07-07 12:08:50.737 worker_log:602 7388 MainThread [INFO]  Completed executor task 203
2023-07-07 12:08:50.737 worker_log:613 7388 MainThread [INFO]  All processing finished for executor task 203
2023-07-07 12:08:50.749 worker_log:584 7388 MainThread [INFO]  Received executor task 211
2023-07-07 12:09:11.294 worker_log:602 7388 MainThread [INFO]  Completed executor task 211
2023-07-07 12:09:11.294 worker_log:613 7388 MainThread [INFO]  All processing finished for executor task 211
2023-07-07 12:09:11.305 worker_log:584 7388 MainThread [INFO]  Received executor task 220
2023-07-07 12:09:38.735 worker_log:602 7388 MainThread [INFO]  Completed executor task 220
2023-07-07 12:09:38.735 worker_log:613 7388 MainThread [INFO]  All processing finished for executor task 220
2023-07-07 12:09:38.746 worker_log:584 7388 MainThread [INFO]  Received executor task 232
2023-07-07 12:09:58.601 worker_log:602 7388 MainThread [INFO]  Completed executor task 232
2023-07-07 12:09:58.601 worker_log:613 7388 MainThread [INFO]  All processing finished for executor task 232
2023-07-07 12:09:58.612 worker_log:584 7388 MainThread [INFO]  Received executor task 241
2023-07-07 12:10:30.350 worker_log:602 7388 MainThread [INFO]  Completed executor task 241
2023-07-07 12:10:30.351 worker_log:613 7388 MainThread [INFO]  All processing finished for executor task 241
2023-07-07 12:10:30.361 worker_log:584 7388 MainThread [INFO]  Received executor task 255
2023-07-07 12:10:52.475 worker_log:602 7388 MainThread [INFO]  Completed executor task 255
2023-07-07 12:10:52.476 worker_log:613 7388 MainThread [INFO]  All processing finished for executor task 255
2023-07-07 12:10:52.487 worker_log:584 7388 MainThread [INFO]  Received executor task 262
2023-07-07 12:11:22.008 worker_log:602 7388 MainThread [INFO]  Completed executor task 262
2023-07-07 12:11:22.008 worker_log:613 7388 MainThread [INFO]  All processing finished for executor task 262
2023-07-07 12:11:22.019 worker_log:584 7388 MainThread [INFO]  Received executor task 274
2023-07-07 12:12:08.440 worker_log:602 7388 MainThread [INFO]  Completed executor task 274
2023-07-07 12:12:08.440 worker_log:613 7388 MainThread [INFO]  All processing finished for executor task 274
2023-07-07 12:12:08.453 worker_log:584 7388 MainThread [INFO]  Received executor task 296
2023-07-07 12:12:52.966 worker_log:602 7388 MainThread [INFO]  Completed executor task 296
2023-07-07 12:12:52.966 worker_log:613 7388 MainThread [INFO]  All processing finished for executor task 296
2023-07-07 12:12:52.977 worker_log:584 7388 MainThread [INFO]  Received executor task 321
2023-07-07 12:13:39.271 worker_log:602 7388 MainThread [INFO]  Completed executor task 321
2023-07-07 12:13:39.271 worker_log:613 7388 MainThread [INFO]  All processing finished for executor task 321
2023-07-07 12:13:39.282 worker_log:584 7388 MainThread [INFO]  Received executor task 347
2023-07-07 12:13:59.779 worker_log:602 7388 MainThread [INFO]  Completed executor task 347
2023-07-07 12:13:59.780 worker_log:613 7388 MainThread [INFO]  All processing finished for executor task 347
2023-07-07 12:13:59.791 worker_log:584 7388 MainThread [INFO]  Received executor task 359
2023-07-07 12:14:40.589 worker_log:602 7388 MainThread [INFO]  Completed executor task 359
2023-07-07 12:14:40.590 worker_log:613 7388 MainThread [INFO]  All processing finished for executor task 359
2023-07-07 12:14:40.602 worker_log:584 7388 MainThread [INFO]  Received executor task 376
2023-07-07 12:15:03.891 worker_log:602 7388 MainThread [INFO]  Completed executor task 376
2023-07-07 12:15:03.899 worker_log:613 7388 MainThread [INFO]  All processing finished for executor task 376
2023-07-07 12:15:03.911 worker_log:584 7388 MainThread [INFO]  Received executor task 388
2023-07-07 12:16:18.426 worker_log:602 7388 MainThread [INFO]  Completed executor task 388
2023-07-07 12:16:18.427 worker_log:613 7388 MainThread [INFO]  All processing finished for executor task 388
2023-07-07 12:16:18.438 worker_log:584 7388 MainThread [INFO]  Received executor task 420
2023-07-07 12:16:44.985 worker_log:602 7388 MainThread [INFO]  Completed executor task 420
2023-07-07 12:16:44.985 worker_log:613 7388 MainThread [INFO]  All processing finished for executor task 420
2023-07-07 12:16:44.996 worker_log:584 7388 MainThread [INFO]  Received executor task 433
2023-07-07 12:17:22.175 worker_log:602 7388 MainThread [INFO]  Completed executor task 433
2023-07-07 12:17:22.176 worker_log:613 7388 MainThread [INFO]  All processing finished for executor task 433
2023-07-07 12:17:22.187 worker_log:584 7388 MainThread [INFO]  Received executor task 450
2023-07-07 12:17:53.252 worker_log:602 7388 MainThread [INFO]  Completed executor task 450
2023-07-07 12:17:53.265 worker_log:613 7388 MainThread [INFO]  All processing finished for executor task 450
2023-07-07 12:17:53.265 worker_log:584 7388 MainThread [INFO]  Received executor task 466
2023-07-07 12:18:29.341 worker_log:602 7388 MainThread [INFO]  Completed executor task 466
2023-07-07 12:18:29.354 worker_log:613 7388 MainThread [INFO]  All processing finished for executor task 466
2023-07-07 12:18:29.365 worker_log:584 7388 MainThread [INFO]  Received executor task 482
2023-07-07 12:19:14.124 worker_log:602 7388 MainThread [INFO]  Completed executor task 482
2023-07-07 12:19:14.124 worker_log:613 7388 MainThread [INFO]  All processing finished for executor task 482
2023-07-07 12:19:14.136 worker_log:584 7388 MainThread [INFO]  Received executor task 504
2023-07-07 12:19:24.515 worker_log:602 7388 MainThread [INFO]  Completed executor task 504
2023-07-07 12:19:24.515 worker_log:613 7388 MainThread [INFO]  All processing finished for executor task 504
2023-07-07 12:19:24.527 worker_log:584 7388 MainThread [INFO]  Received executor task 509
2023-07-07 12:19:50.416 worker_log:602 7388 MainThread [INFO]  Completed executor task 509
2023-07-07 12:19:50.416 worker_log:613 7388 MainThread [INFO]  All processing finished for executor task 509
2023-07-07 12:19:50.428 worker_log:584 7388 MainThread [INFO]  Received executor task 521
2023-07-07 12:20:40.201 worker_log:602 7388 MainThread [INFO]  Completed executor task 521
2023-07-07 12:20:40.201 worker_log:613 7388 MainThread [INFO]  All processing finished for executor task 521
2023-07-07 12:20:40.212 worker_log:584 7388 MainThread [INFO]  Received executor task 546
2023-07-07 12:21:07.576 worker_log:602 7388 MainThread [INFO]  Completed executor task 546
2023-07-07 12:21:07.577 worker_log:613 7388 MainThread [INFO]  All processing finished for executor task 546
2023-07-07 12:21:07.588 worker_log:584 7388 MainThread [INFO]  Received executor task 557
2023-07-07 12:21:40.818 worker_log:602 7388 MainThread [INFO]  Completed executor task 557
2023-07-07 12:21:40.818 worker_log:613 7388 MainThread [INFO]  All processing finished for executor task 557
2023-07-07 12:21:40.831 worker_log:584 7388 MainThread [INFO]  Received executor task 567
2023-07-07 12:23:06.281 worker_log:602 7388 MainThread [INFO]  Completed executor task 567
2023-07-07 12:23:06.282 worker_log:613 7388 MainThread [INFO]  All processing finished for executor task 567
2023-07-07 12:23:06.288 worker_log:584 7388 MainThread [INFO]  Received executor task 606
2023-07-07 12:24:04.134 worker_log:602 7388 MainThread [INFO]  Completed executor task 606
2023-07-07 12:24:04.134 worker_log:613 7388 MainThread [INFO]  All processing finished for executor task 606
2023-07-07 12:24:04.145 worker_log:584 7388 MainThread [INFO]  Received executor task 637
2023-07-07 12:24:39.850 worker_log:602 7388 MainThread [INFO]  Completed executor task 637
2023-07-07 12:24:39.853 worker_log:613 7388 MainThread [INFO]  All processing finished for executor task 637
2023-07-07 12:24:39.864 worker_log:584 7388 MainThread [INFO]  Received executor task 653
2023-07-07 12:25:38.923 worker_log:602 7388 MainThread [INFO]  Completed executor task 653
2023-07-07 12:25:38.924 worker_log:613 7388 MainThread [INFO]  All processing finished for executor task 653
2023-07-07 12:25:38.935 worker_log:584 7388 MainThread [INFO]  Received executor task 679
2023-07-07 12:25:59.962 worker_log:602 7388 MainThread [INFO]  Completed executor task 679
2023-07-07 12:25:59.963 worker_log:613 7388 MainThread [INFO]  All processing finished for executor task 679
2023-07-07 12:25:59.974 worker_log:584 7388 MainThread [INFO]  Received executor task 690
2023-07-07 12:26:29.470 worker_log:602 7388 MainThread [INFO]  Completed executor task 690
2023-07-07 12:26:29.471 worker_log:613 7388 MainThread [INFO]  All processing finished for executor task 690
2023-07-07 12:26:29.482 worker_log:584 7388 MainThread [INFO]  Received executor task 702
2023-07-07 12:26:59.247 worker_log:602 7388 MainThread [INFO]  Completed executor task 702
2023-07-07 12:26:59.247 worker_log:613 7388 MainThread [INFO]  All processing finished for executor task 702
2023-07-07 12:26:59.258 worker_log:584 7388 MainThread [INFO]  Received executor task 717
2023-07-07 12:27:13.762 worker_log:602 7388 MainThread [INFO]  Completed executor task 717
2023-07-07 12:27:13.763 worker_log:613 7388 MainThread [INFO]  All processing finished for executor task 717
2023-07-07 12:27:13.774 worker_log:584 7388 MainThread [INFO]  Received executor task 730
2023-07-07 12:27:37.817 worker_log:602 7388 MainThread [INFO]  Completed executor task 730
2023-07-07 12:27:37.818 worker_log:613 7388 MainThread [INFO]  All processing finished for executor task 730
2023-07-07 12:27:37.829 worker_log:584 7388 MainThread [INFO]  Received executor task 738
2023-07-07 12:28:27.533 worker_log:602 7388 MainThread [INFO]  Completed executor task 738
2023-07-07 12:28:27.533 worker_log:613 7388 MainThread [INFO]  All processing finished for executor task 738
2023-07-07 12:28:27.545 worker_log:584 7388 MainThread [INFO]  Received executor task 761
2023-07-07 12:28:58.229 worker_log:602 7388 MainThread [INFO]  Completed executor task 761
2023-07-07 12:28:58.229 worker_log:613 7388 MainThread [INFO]  All processing finished for executor task 761
2023-07-07 12:28:58.241 worker_log:584 7388 MainThread [INFO]  Received executor task 776
2023-07-07 12:29:20.536 worker_log:602 7388 MainThread [INFO]  Completed executor task 776
2023-07-07 12:29:20.536 worker_log:613 7388 MainThread [INFO]  All processing finished for executor task 776
2023-07-07 12:29:20.548 worker_log:584 7388 MainThread [INFO]  Received executor task 785
2023-07-07 12:29:47.477 worker_log:602 7388 MainThread [INFO]  Completed executor task 785
2023-07-07 12:29:47.478 worker_log:613 7388 MainThread [INFO]  All processing finished for executor task 785
2023-07-07 12:29:47.489 worker_log:584 7388 MainThread [INFO]  Received executor task 798
2023-07-07 12:30:25.823 worker_log:602 7388 MainThread [INFO]  Completed executor task 798
2023-07-07 12:30:25.824 worker_log:613 7388 MainThread [INFO]  All processing finished for executor task 798
2023-07-07 12:30:25.835 worker_log:584 7388 MainThread [INFO]  Received executor task 821
2023-07-07 12:31:06.101 worker_log:602 7388 MainThread [INFO]  Completed executor task 821
2023-07-07 12:31:06.109 worker_log:613 7388 MainThread [INFO]  All processing finished for executor task 821
2023-07-07 12:31:06.112 worker_log:584 7388 MainThread [INFO]  Received executor task 844
2023-07-07 12:31:22.226 worker_log:602 7388 MainThread [INFO]  Completed executor task 844
2023-07-07 12:31:22.226 worker_log:613 7388 MainThread [INFO]  All processing finished for executor task 844
2023-07-07 12:31:22.237 worker_log:584 7388 MainThread [INFO]  Received executor task 855
2023-07-07 12:31:58.969 worker_log:602 7388 MainThread [INFO]  Completed executor task 855
2023-07-07 12:31:58.969 worker_log:613 7388 MainThread [INFO]  All processing finished for executor task 855
2023-07-07 12:31:58.985 worker_log:584 7388 MainThread [INFO]  Received executor task 873
2023-07-07 12:32:13.612 worker_log:602 7388 MainThread [INFO]  Completed executor task 873
2023-07-07 12:32:13.613 worker_log:613 7388 MainThread [INFO]  All processing finished for executor task 873
2023-07-07 12:32:13.624 worker_log:584 7388 MainThread [INFO]  Received executor task 880
2023-07-07 12:32:46.090 worker_log:602 7388 MainThread [INFO]  Completed executor task 880
2023-07-07 12:32:46.091 worker_log:613 7388 MainThread [INFO]  All processing finished for executor task 880
2023-07-07 12:32:46.102 worker_log:584 7388 MainThread [INFO]  Received executor task 900
2023-07-07 12:33:19.929 worker_log:602 7388 MainThread [INFO]  Completed executor task 900
2023-07-07 12:33:19.930 worker_log:613 7388 MainThread [INFO]  All processing finished for executor task 900
2023-07-07 12:33:19.941 worker_log:584 7388 MainThread [INFO]  Received executor task 931
2023-07-07 12:33:32.211 worker_log:602 7388 MainThread [INFO]  Completed executor task 931
2023-07-07 12:33:32.211 worker_log:613 7388 MainThread [INFO]  All processing finished for executor task 931
2023-07-07 12:33:32.222 worker_log:584 7388 MainThread [INFO]  Received executor task 933
2023-07-07 12:33:44.440 worker_log:602 7388 MainThread [INFO]  Completed executor task 933
2023-07-07 12:33:44.440 worker_log:613 7388 MainThread [INFO]  All processing finished for executor task 933
2023-07-07 12:33:44.452 worker_log:584 7388 MainThread [INFO]  Received executor task 942
2023-07-07 12:34:00.155 worker_log:602 7388 MainThread [INFO]  Completed executor task 942
2023-07-07 12:34:00.155 worker_log:613 7388 MainThread [INFO]  All processing finished for executor task 942
2023-07-07 12:34:00.156 worker_log:584 7388 MainThread [INFO]  Received executor task 951
2023-07-07 12:34:09.119 worker_log:602 7388 MainThread [INFO]  Completed executor task 951
2023-07-07 12:34:09.120 worker_log:613 7388 MainThread [INFO]  All processing finished for executor task 951
2023-07-07 12:34:09.131 worker_log:584 7388 MainThread [INFO]  Received executor task 958
2023-07-07 12:34:35.021 worker_log:602 7388 MainThread [INFO]  Completed executor task 958
2023-07-07 12:34:35.021 worker_log:613 7388 MainThread [INFO]  All processing finished for executor task 958
2023-07-07 12:34:35.032 worker_log:584 7388 MainThread [INFO]  Received executor task 974
2023-07-07 12:34:43.821 worker_log:602 7388 MainThread [INFO]  Completed executor task 974
2023-07-07 12:34:43.822 worker_log:613 7388 MainThread [INFO]  All processing finished for executor task 974
2023-07-07 12:34:43.833 worker_log:584 7388 MainThread [INFO]  Received executor task 977
2023-07-07 12:35:18.623 worker_log:602 7388 MainThread [INFO]  Completed executor task 977
2023-07-07 12:35:18.623 worker_log:613 7388 MainThread [INFO]  All processing finished for executor task 977
2023-07-07 12:35:18.635 worker_log:584 7388 MainThread [INFO]  Received executor task 997
2023-07-07 12:35:34.847 worker_log:602 7388 MainThread [INFO]  Completed executor task 997
2023-07-07 12:35:34.847 worker_log:613 7388 MainThread [INFO]  All processing finished for executor task 997
2023-07-07 12:35:34.859 worker_log:584 7388 MainThread [INFO]  Received executor task 1007
2023-07-07 12:36:42.481 worker_log:602 7388 MainThread [INFO]  Completed executor task 1007
2023-07-07 12:36:42.482 worker_log:613 7388 MainThread [INFO]  All processing finished for executor task 1007
2023-07-07 12:36:42.494 worker_log:584 7388 MainThread [INFO]  Received executor task 1040
2023-07-07 12:37:19.665 worker_log:602 7388 MainThread [INFO]  Completed executor task 1040
2023-07-07 12:37:19.666 worker_log:613 7388 MainThread [INFO]  All processing finished for executor task 1040
2023-07-07 12:37:19.677 worker_log:584 7388 MainThread [INFO]  Received executor task 1059
2023-07-07 12:37:44.790 worker_log:602 7388 MainThread [INFO]  Completed executor task 1059
2023-07-07 12:37:44.790 worker_log:613 7388 MainThread [INFO]  All processing finished for executor task 1059
2023-07-07 12:37:44.801 worker_log:584 7388 MainThread [INFO]  Received executor task 1074
2023-07-07 12:37:58.079 worker_log:602 7388 MainThread [INFO]  Completed executor task 1074
2023-07-07 12:37:58.079 worker_log:613 7388 MainThread [INFO]  All processing finished for executor task 1074
2023-07-07 12:37:58.090 worker_log:584 7388 MainThread [INFO]  Received executor task 1085
2023-07-07 12:38:16.133 worker_log:602 7388 MainThread [INFO]  Completed executor task 1085
2023-07-07 12:38:16.134 worker_log:613 7388 MainThread [INFO]  All processing finished for executor task 1085
2023-07-07 12:38:16.145 worker_log:584 7388 MainThread [INFO]  Received executor task 1092
2023-07-07 12:39:22.699 worker_log:602 7388 MainThread [INFO]  Completed executor task 1092
2023-07-07 12:39:22.700 worker_log:613 7388 MainThread [INFO]  All processing finished for executor task 1092
2023-07-07 12:39:22.711 worker_log:584 7388 MainThread [INFO]  Received executor task 1118
2023-07-07 12:39:50.657 worker_log:602 7388 MainThread [INFO]  Completed executor task 1118
2023-07-07 12:39:50.657 worker_log:613 7388 MainThread [INFO]  All processing finished for executor task 1118
2023-07-07 12:39:50.670 worker_log:584 7388 MainThread [INFO]  Received executor task 1132
2023-07-07 12:40:31.805 worker_log:602 7388 MainThread [INFO]  Completed executor task 1132
2023-07-07 12:40:31.806 worker_log:613 7388 MainThread [INFO]  All processing finished for executor task 1132
2023-07-07 12:40:31.817 worker_log:584 7388 MainThread [INFO]  Received executor task 1144
2023-07-07 12:41:08.003 worker_log:602 7388 MainThread [INFO]  Completed executor task 1144
2023-07-07 12:41:08.003 worker_log:613 7388 MainThread [INFO]  All processing finished for executor task 1144
2023-07-07 12:41:08.015 worker_log:584 7388 MainThread [INFO]  Received executor task 1158
2023-07-07 12:41:49.862 worker_log:602 7388 MainThread [INFO]  Completed executor task 1158
2023-07-07 12:41:49.863 worker_log:613 7388 MainThread [INFO]  All processing finished for executor task 1158
2023-07-07 12:41:49.874 worker_log:584 7388 MainThread [INFO]  Received executor task 1180
2023-07-07 12:42:33.880 worker_log:602 7388 MainThread [INFO]  Completed executor task 1180
2023-07-07 12:42:33.881 worker_log:613 7388 MainThread [INFO]  All processing finished for executor task 1180
2023-07-07 12:42:33.892 worker_log:584 7388 MainThread [INFO]  Received executor task 1200
2023-07-07 12:43:08.430 worker_log:602 7388 MainThread [INFO]  Completed executor task 1200
2023-07-07 12:43:08.431 worker_log:613 7388 MainThread [INFO]  All processing finished for executor task 1200
2023-07-07 12:43:08.442 worker_log:584 7388 MainThread [INFO]  Received executor task 1218
2023-07-07 12:43:29.109 worker_log:602 7388 MainThread [INFO]  Completed executor task 1218
2023-07-07 12:43:29.109 worker_log:613 7388 MainThread [INFO]  All processing finished for executor task 1218
2023-07-07 12:43:29.121 worker_log:584 7388 MainThread [INFO]  Received executor task 1224
2023-07-07 12:44:06.201 worker_log:602 7388 MainThread [INFO]  Completed executor task 1224
2023-07-07 12:44:06.201 worker_log:613 7388 MainThread [INFO]  All processing finished for executor task 1224
2023-07-07 12:44:06.213 worker_log:584 7388 MainThread [INFO]  Received executor task 1248
2023-07-07 12:44:31.314 worker_log:602 7388 MainThread [INFO]  Completed executor task 1248
2023-07-07 12:44:31.314 worker_log:613 7388 MainThread [INFO]  All processing finished for executor task 1248
2023-07-07 12:44:31.326 worker_log:584 7388 MainThread [INFO]  Received executor task 1257
2023-07-07 12:45:13.060 worker_log:602 7388 MainThread [INFO]  Completed executor task 1257
2023-07-07 12:45:13.061 worker_log:613 7388 MainThread [INFO]  All processing finished for executor task 1257
2023-07-07 12:45:13.072 worker_log:584 7388 MainThread [INFO]  Received executor task 1277
2023-07-07 12:45:32.828 worker_log:602 7388 MainThread [INFO]  Completed executor task 1277
2023-07-07 12:45:32.829 worker_log:613 7388 MainThread [INFO]  All processing finished for executor task 1277
2023-07-07 12:45:32.841 worker_log:584 7388 MainThread [INFO]  Received executor task 1288
2023-07-07 12:46:19.827 worker_log:602 7388 MainThread [INFO]  Completed executor task 1288
2023-07-07 12:46:19.828 worker_log:613 7388 MainThread [INFO]  All processing finished for executor task 1288
2023-07-07 12:46:19.839 worker_log:584 7388 MainThread [INFO]  Received executor task 1312
2023-07-07 12:46:35.565 worker_log:602 7388 MainThread [INFO]  Completed executor task 1312
2023-07-07 12:46:35.565 worker_log:613 7388 MainThread [INFO]  All processing finished for executor task 1312
2023-07-07 12:46:35.576 worker_log:584 7388 MainThread [INFO]  Received executor task 1316
2023-07-07 12:47:08.317 worker_log:602 7388 MainThread [INFO]  Completed executor task 1316
2023-07-07 12:47:08.331 worker_log:613 7388 MainThread [INFO]  All processing finished for executor task 1316
2023-07-07 12:47:08.331 worker_log:584 7388 MainThread [INFO]  Received executor task 1331
2023-07-07 12:47:38.435 worker_log:602 7388 MainThread [INFO]  Completed executor task 1331
2023-07-07 12:47:38.435 worker_log:613 7388 MainThread [INFO]  All processing finished for executor task 1331
2023-07-07 12:47:38.446 worker_log:584 7388 MainThread [INFO]  Received executor task 1347
2023-07-07 12:49:02.264 worker_log:602 7388 MainThread [INFO]  Completed executor task 1347
2023-07-07 12:49:02.264 worker_log:613 7388 MainThread [INFO]  All processing finished for executor task 1347
2023-07-07 12:49:02.275 worker_log:584 7388 MainThread [INFO]  Received executor task 1387
2023-07-07 12:49:30.700 worker_log:602 7388 MainThread [INFO]  Completed executor task 1387
2023-07-07 12:49:30.701 worker_log:613 7388 MainThread [INFO]  All processing finished for executor task 1387
2023-07-07 12:49:30.712 worker_log:584 7388 MainThread [INFO]  Received executor task 1401
2023-07-07 12:49:51.355 worker_log:602 7388 MainThread [INFO]  Completed executor task 1401
2023-07-07 12:49:51.356 worker_log:613 7388 MainThread [INFO]  All processing finished for executor task 1401
2023-07-07 12:49:51.367 worker_log:584 7388 MainThread [INFO]  Received executor task 1410
2023-07-07 12:50:08.154 worker_log:602 7388 MainThread [INFO]  Completed executor task 1410
2023-07-07 12:50:08.155 worker_log:613 7388 MainThread [INFO]  All processing finished for executor task 1410
2023-07-07 12:50:08.166 worker_log:584 7388 MainThread [INFO]  Received executor task 1418
2023-07-07 12:50:27.592 worker_log:602 7388 MainThread [INFO]  Completed executor task 1418
2023-07-07 12:50:27.593 worker_log:613 7388 MainThread [INFO]  All processing finished for executor task 1418
2023-07-07 12:50:27.604 worker_log:584 7388 MainThread [INFO]  Received executor task 1427
2023-07-07 12:51:26.278 worker_log:602 7388 MainThread [INFO]  Completed executor task 1427
2023-07-07 12:51:26.278 worker_log:613 7388 MainThread [INFO]  All processing finished for executor task 1427
2023-07-07 12:51:26.289 worker_log:584 7388 MainThread [INFO]  Received executor task 1457
2023-07-07 12:52:00.337 worker_log:602 7388 MainThread [INFO]  Completed executor task 1457
2023-07-07 12:52:00.337 worker_log:613 7388 MainThread [INFO]  All processing finished for executor task 1457
2023-07-07 12:52:00.348 worker_log:584 7388 MainThread [INFO]  Received executor task 1470
2023-07-07 12:53:00.745 worker_log:602 7388 MainThread [INFO]  Completed executor task 1470
2023-07-07 12:53:00.750 worker_log:613 7388 MainThread [INFO]  All processing finished for executor task 1470
2023-07-07 12:53:00.757 worker_log:584 7388 MainThread [INFO]  Received executor task 1504
2023-07-07 12:53:56.537 worker_log:602 7388 MainThread [INFO]  Completed executor task 1504
2023-07-07 12:53:56.538 worker_log:613 7388 MainThread [INFO]  All processing finished for executor task 1504
2023-07-07 12:53:56.551 worker_log:584 7388 MainThread [INFO]  Received executor task 1533
2023-07-07 12:54:27.570 worker_log:602 7388 MainThread [INFO]  Completed executor task 1533
2023-07-07 12:54:27.570 worker_log:613 7388 MainThread [INFO]  All processing finished for executor task 1533
2023-07-07 12:54:27.581 worker_log:584 7388 MainThread [INFO]  Received executor task 1551
2023-07-07 12:55:00.003 worker_log:602 7388 MainThread [INFO]  Completed executor task 1551
2023-07-07 12:55:00.013 worker_log:613 7388 MainThread [INFO]  All processing finished for executor task 1551
2023-07-07 12:55:00.014 worker_log:584 7388 MainThread [INFO]  Received executor task 1573
2023-07-07 12:55:12.393 worker_log:602 7388 MainThread [INFO]  Completed executor task 1573
2023-07-07 12:55:12.393 worker_log:613 7388 MainThread [INFO]  All processing finished for executor task 1573
2023-07-07 12:55:12.406 worker_log:584 7388 MainThread [INFO]  Received executor task 1578
2023-07-07 12:55:24.965 worker_log:602 7388 MainThread [INFO]  Completed executor task 1578
2023-07-07 12:55:24.965 worker_log:613 7388 MainThread [INFO]  All processing finished for executor task 1578
2023-07-07 12:55:24.977 worker_log:584 7388 MainThread [INFO]  Received executor task 1587
2023-07-07 12:55:51.928 worker_log:602 7388 MainThread [INFO]  Completed executor task 1587
2023-07-07 12:55:51.929 worker_log:613 7388 MainThread [INFO]  All processing finished for executor task 1587
2023-07-07 12:55:51.940 worker_log:584 7388 MainThread [INFO]  Received executor task 1600
2023-07-07 12:56:19.986 worker_log:602 7388 MainThread [INFO]  Completed executor task 1600
2023-07-07 12:56:19.987 worker_log:613 7388 MainThread [INFO]  All processing finished for executor task 1600
2023-07-07 12:56:19.998 worker_log:584 7388 MainThread [INFO]  Received executor task 1617
2023-07-07 12:57:01.590 worker_log:602 7388 MainThread [INFO]  Completed executor task 1617
2023-07-07 12:57:01.591 worker_log:613 7388 MainThread [INFO]  All processing finished for executor task 1617
2023-07-07 12:57:01.603 worker_log:584 7388 MainThread [INFO]  Received executor task 1641
2023-07-07 12:57:17.455 worker_log:602 7388 MainThread [INFO]  Completed executor task 1641
2023-07-07 12:57:17.456 worker_log:613 7388 MainThread [INFO]  All processing finished for executor task 1641
2023-07-07 12:57:17.467 worker_log:584 7388 MainThread [INFO]  Received executor task 1650
2023-07-07 12:57:43.573 worker_log:602 7388 MainThread [INFO]  Completed executor task 1650
2023-07-07 12:57:43.574 worker_log:613 7388 MainThread [INFO]  All processing finished for executor task 1650
2023-07-07 12:57:43.585 worker_log:584 7388 MainThread [INFO]  Received executor task 1665
2023-07-07 12:58:17.177 worker_log:602 7388 MainThread [INFO]  Completed executor task 1665
2023-07-07 12:58:17.178 worker_log:613 7388 MainThread [INFO]  All processing finished for executor task 1665
2023-07-07 12:58:17.199 worker_log:584 7388 MainThread [INFO]  Received executor task 1680
2023-07-07 12:58:34.245 worker_log:602 7388 MainThread [INFO]  Completed executor task 1680
2023-07-07 12:58:34.245 worker_log:613 7388 MainThread [INFO]  All processing finished for executor task 1680
2023-07-07 12:58:34.257 worker_log:584 7388 MainThread [INFO]  Received executor task 1689
2023-07-07 12:59:04.652 worker_log:602 7388 MainThread [INFO]  Completed executor task 1689
2023-07-07 12:59:04.652 worker_log:613 7388 MainThread [INFO]  All processing finished for executor task 1689
2023-07-07 12:59:04.663 worker_log:584 7388 MainThread [INFO]  Received executor task 1703
2023-07-07 12:59:51.098 worker_log:602 7388 MainThread [INFO]  Completed executor task 1703
2023-07-07 12:59:51.098 worker_log:613 7388 MainThread [INFO]  All processing finished for executor task 1703
2023-07-07 12:59:51.110 worker_log:584 7388 MainThread [INFO]  Received executor task 1745
2023-07-07 13:00:11.721 worker_log:602 7388 MainThread [INFO]  Completed executor task 1745
2023-07-07 13:00:11.722 worker_log:613 7388 MainThread [INFO]  All processing finished for executor task 1745
2023-07-07 13:00:11.733 worker_log:584 7388 MainThread [INFO]  Received executor task 1761
2023-07-07 13:00:39.472 worker_log:602 7388 MainThread [INFO]  Completed executor task 1761
2023-07-07 13:00:39.473 worker_log:613 7388 MainThread [INFO]  All processing finished for executor task 1761
2023-07-07 13:00:39.484 worker_log:584 7388 MainThread [INFO]  Received executor task 1779
2023-07-07 13:01:06.654 worker_log:602 7388 MainThread [INFO]  Completed executor task 1779
2023-07-07 13:01:06.654 worker_log:613 7388 MainThread [INFO]  All processing finished for executor task 1779
2023-07-07 13:01:06.665 worker_log:584 7388 MainThread [INFO]  Received executor task 1796
2023-07-07 13:01:58.824 worker_log:602 7388 MainThread [INFO]  Completed executor task 1796
2023-07-07 13:01:58.824 worker_log:613 7388 MainThread [INFO]  All processing finished for executor task 1796
2023-07-07 13:01:58.836 worker_log:584 7388 MainThread [INFO]  Received executor task 1813
2023-07-07 13:02:39.511 worker_log:602 7388 MainThread [INFO]  Completed executor task 1813
2023-07-07 13:02:39.512 worker_log:613 7388 MainThread [INFO]  All processing finished for executor task 1813
2023-07-07 13:02:39.523 worker_log:584 7388 MainThread [INFO]  Received executor task 1827
2023-07-07 13:03:03.724 worker_log:602 7388 MainThread [INFO]  Completed executor task 1827
2023-07-07 13:03:03.725 worker_log:613 7388 MainThread [INFO]  All processing finished for executor task 1827
2023-07-07 13:03:03.737 worker_log:584 7388 MainThread [INFO]  Received executor task 1842
2023-07-07 13:03:20.828 worker_log:602 7388 MainThread [INFO]  Completed executor task 1842
2023-07-07 13:03:20.828 worker_log:613 7388 MainThread [INFO]  All processing finished for executor task 1842
2023-07-07 13:03:20.839 worker_log:584 7388 MainThread [INFO]  Received executor task 1848
2023-07-07 13:04:35.391 worker_log:602 7388 MainThread [INFO]  Completed executor task 1848
2023-07-07 13:04:35.391 worker_log:613 7388 MainThread [INFO]  All processing finished for executor task 1848
2023-07-07 13:04:35.403 worker_log:584 7388 MainThread [INFO]  Received executor task 1883
2023-07-07 13:05:01.126 worker_log:602 7388 MainThread [INFO]  Completed executor task 1883
2023-07-07 13:05:01.127 worker_log:613 7388 MainThread [INFO]  All processing finished for executor task 1883
2023-07-07 13:05:01.138 worker_log:584 7388 MainThread [INFO]  Received executor task 1897
2023-07-07 13:05:22.359 worker_log:602 7388 MainThread [INFO]  Completed executor task 1897
2023-07-07 13:05:22.359 worker_log:613 7388 MainThread [INFO]  All processing finished for executor task 1897
2023-07-07 13:05:22.370 worker_log:584 7388 MainThread [INFO]  Received executor task 1911
2023-07-07 13:05:53.890 worker_log:602 7388 MainThread [INFO]  Completed executor task 1911
2023-07-07 13:05:53.891 worker_log:613 7388 MainThread [INFO]  All processing finished for executor task 1911
2023-07-07 13:05:53.902 worker_log:584 7388 MainThread [INFO]  Received executor task 1924
2023-07-07 13:06:17.566 worker_log:602 7388 MainThread [INFO]  Completed executor task 1924
2023-07-07 13:06:17.566 worker_log:613 7388 MainThread [INFO]  All processing finished for executor task 1924
2023-07-07 13:06:17.577 worker_log:584 7388 MainThread [INFO]  Received executor task 1935
2023-07-07 13:06:36.876 worker_log:602 7388 MainThread [INFO]  Completed executor task 1935
2023-07-07 13:06:36.876 worker_log:613 7388 MainThread [INFO]  All processing finished for executor task 1935
2023-07-07 13:06:36.888 worker_log:584 7388 MainThread [INFO]  Received executor task 1947
2023-07-07 13:07:11.870 worker_log:602 7388 MainThread [INFO]  Completed executor task 1947
2023-07-07 13:07:11.871 worker_log:613 7388 MainThread [INFO]  All processing finished for executor task 1947
2023-07-07 13:07:11.882 worker_log:584 7388 MainThread [INFO]  Received executor task 1965
2023-07-07 13:07:50.421 worker_log:602 7388 MainThread [INFO]  Completed executor task 1965
2023-07-07 13:07:50.421 worker_log:613 7388 MainThread [INFO]  All processing finished for executor task 1965
2023-07-07 13:07:50.432 worker_log:584 7388 MainThread [INFO]  Received executor task 1984
2023-07-07 13:08:25.884 worker_log:602 7388 MainThread [INFO]  Completed executor task 1984
2023-07-07 13:08:25.885 worker_log:613 7388 MainThread [INFO]  All processing finished for executor task 1984
2023-07-07 13:08:25.896 worker_log:584 7388 MainThread [INFO]  Received executor task 2002
2023-07-07 13:09:00.139 worker_log:602 7388 MainThread [INFO]  Completed executor task 2002
2023-07-07 13:09:00.140 worker_log:613 7388 MainThread [INFO]  All processing finished for executor task 2002
2023-07-07 13:09:00.151 worker_log:584 7388 MainThread [INFO]  Received executor task 2017
2023-07-07 13:09:42.031 worker_log:602 7388 MainThread [INFO]  Completed executor task 2017
2023-07-07 13:09:42.031 worker_log:613 7388 MainThread [INFO]  All processing finished for executor task 2017
2023-07-07 13:09:42.042 worker_log:584 7388 MainThread [INFO]  Received executor task 2041
2023-07-07 13:10:08.470 worker_log:602 7388 MainThread [INFO]  Completed executor task 2041
2023-07-07 13:10:08.471 worker_log:613 7388 MainThread [INFO]  All processing finished for executor task 2041
2023-07-07 13:10:08.492 worker_log:584 7388 MainThread [INFO]  Received executor task 2053
2023-07-07 13:10:50.861 worker_log:602 7388 MainThread [INFO]  Completed executor task 2053
2023-07-07 13:10:50.861 worker_log:613 7388 MainThread [INFO]  All processing finished for executor task 2053
2023-07-07 13:10:50.872 worker_log:584 7388 MainThread [INFO]  Received executor task 2066
2023-07-07 13:11:21.449 worker_log:602 7388 MainThread [INFO]  Completed executor task 2066
2023-07-07 13:11:21.449 worker_log:613 7388 MainThread [INFO]  All processing finished for executor task 2066
2023-07-07 13:11:21.461 worker_log:584 7388 MainThread [INFO]  Received executor task 2079
2023-07-07 13:11:37.963 worker_log:602 7388 MainThread [INFO]  Completed executor task 2079
2023-07-07 13:11:37.963 worker_log:613 7388 MainThread [INFO]  All processing finished for executor task 2079
2023-07-07 13:11:37.974 worker_log:584 7388 MainThread [INFO]  Received executor task 2090
2023-07-07 13:12:22.363 worker_log:602 7388 MainThread [INFO]  Completed executor task 2090
2023-07-07 13:12:22.364 worker_log:613 7388 MainThread [INFO]  All processing finished for executor task 2090
2023-07-07 13:12:22.375 worker_log:584 7388 MainThread [INFO]  Received executor task 2115
2023-07-07 13:12:46.925 worker_log:602 7388 MainThread [INFO]  Completed executor task 2115
2023-07-07 13:12:46.925 worker_log:613 7388 MainThread [INFO]  All processing finished for executor task 2115
2023-07-07 13:12:46.936 worker_log:584 7388 MainThread [INFO]  Received executor task 2129
2023-07-07 13:13:28.794 worker_log:602 7388 MainThread [INFO]  Completed executor task 2129
2023-07-07 13:13:28.794 worker_log:613 7388 MainThread [INFO]  All processing finished for executor task 2129
2023-07-07 13:13:28.805 worker_log:584 7388 MainThread [INFO]  Received executor task 2148
2023-07-07 13:14:13.005 worker_log:602 7388 MainThread [INFO]  Completed executor task 2148
2023-07-07 13:14:13.006 worker_log:613 7388 MainThread [INFO]  All processing finished for executor task 2148
2023-07-07 13:14:13.017 worker_log:584 7388 MainThread [INFO]  Received executor task 2174
2023-07-07 13:14:33.100 worker_log:602 7388 MainThread [INFO]  Completed executor task 2174
2023-07-07 13:14:33.100 worker_log:613 7388 MainThread [INFO]  All processing finished for executor task 2174
2023-07-07 13:14:33.112 worker_log:584 7388 MainThread [INFO]  Received executor task 2184
2023-07-07 13:14:44.915 worker_log:602 7388 MainThread [INFO]  Completed executor task 2184
2023-07-07 13:14:44.916 worker_log:613 7388 MainThread [INFO]  All processing finished for executor task 2184
2023-07-07 13:14:44.927 worker_log:584 7388 MainThread [INFO]  Received executor task 2195
2023-07-07 13:15:07.701 worker_log:602 7388 MainThread [INFO]  Completed executor task 2195
2023-07-07 13:15:07.702 worker_log:613 7388 MainThread [INFO]  All processing finished for executor task 2195
2023-07-07 13:15:07.713 worker_log:584 7388 MainThread [INFO]  Received executor task 2205
2023-07-07 13:15:52.249 worker_log:602 7388 MainThread [INFO]  Completed executor task 2205
2023-07-07 13:15:52.249 worker_log:613 7388 MainThread [INFO]  All processing finished for executor task 2205
2023-07-07 13:15:52.266 worker_log:584 7388 MainThread [INFO]  Received executor task 2221
2023-07-07 13:16:30.209 worker_log:602 7388 MainThread [INFO]  Completed executor task 2221
2023-07-07 13:16:30.209 worker_log:613 7388 MainThread [INFO]  All processing finished for executor task 2221
2023-07-07 13:16:30.221 worker_log:584 7388 MainThread [INFO]  Received executor task 2240
2023-07-07 13:17:01.300 worker_log:602 7388 MainThread [INFO]  Completed executor task 2240
2023-07-07 13:17:01.301 worker_log:613 7388 MainThread [INFO]  All processing finished for executor task 2240
2023-07-07 13:17:01.312 worker_log:584 7388 MainThread [INFO]  Received executor task 2255
2023-07-07 13:17:41.414 worker_log:602 7388 MainThread [INFO]  Completed executor task 2255
2023-07-07 13:17:41.415 worker_log:613 7388 MainThread [INFO]  All processing finished for executor task 2255
2023-07-07 13:17:41.426 worker_log:584 7388 MainThread [INFO]  Received executor task 2275
2023-07-07 13:18:53.967 worker_log:602 7388 MainThread [INFO]  Completed executor task 2275
2023-07-07 13:18:53.968 worker_log:613 7388 MainThread [INFO]  All processing finished for executor task 2275
2023-07-07 13:18:53.979 worker_log:584 7388 MainThread [INFO]  Received executor task 2305
2023-07-07 13:19:40.704 worker_log:602 7388 MainThread [INFO]  Completed executor task 2305
2023-07-07 13:19:40.704 worker_log:613 7388 MainThread [INFO]  All processing finished for executor task 2305
2023-07-07 13:19:40.715 worker_log:584 7388 MainThread [INFO]  Received executor task 2326
2023-07-07 13:20:10.012 worker_log:602 7388 MainThread [INFO]  Completed executor task 2326
2023-07-07 13:20:10.013 worker_log:613 7388 MainThread [INFO]  All processing finished for executor task 2326
2023-07-07 13:20:10.024 worker_log:584 7388 MainThread [INFO]  Received executor task 2342
2023-07-07 13:21:08.637 worker_log:602 7388 MainThread [INFO]  Completed executor task 2342
2023-07-07 13:21:08.637 worker_log:613 7388 MainThread [INFO]  All processing finished for executor task 2342
2023-07-07 13:21:08.648 worker_log:584 7388 MainThread [INFO]  Received executor task 2368
2023-07-07 13:21:45.830 worker_log:602 7388 MainThread [INFO]  Completed executor task 2368
2023-07-07 13:21:45.832 worker_log:613 7388 MainThread [INFO]  All processing finished for executor task 2368
2023-07-07 13:21:45.832 worker_log:584 7388 MainThread [INFO]  Received executor task 2391
2023-07-07 13:21:58.858 worker_log:602 7388 MainThread [INFO]  Completed executor task 2391
2023-07-07 13:21:58.859 worker_log:613 7388 MainThread [INFO]  All processing finished for executor task 2391
2023-07-07 13:21:58.870 worker_log:584 7388 MainThread [INFO]  Received executor task 2397
2023-07-07 13:22:30.376 worker_log:602 7388 MainThread [INFO]  Completed executor task 2397
2023-07-07 13:22:30.389 worker_log:613 7388 MainThread [INFO]  All processing finished for executor task 2397
2023-07-07 13:22:30.389 worker_log:584 7388 MainThread [INFO]  Received executor task 2412
2023-07-07 13:22:58.535 worker_log:602 7388 MainThread [INFO]  Completed executor task 2412
2023-07-07 13:22:58.536 worker_log:613 7388 MainThread [INFO]  All processing finished for executor task 2412
2023-07-07 13:22:58.547 worker_log:584 7388 MainThread [INFO]  Received executor task 2436
2023-07-07 13:23:14.087 worker_log:602 7388 MainThread [INFO]  Completed executor task 2436
2023-07-07 13:23:14.087 worker_log:613 7388 MainThread [INFO]  All processing finished for executor task 2436
2023-07-07 13:23:14.099 worker_log:584 7388 MainThread [INFO]  Received executor task 2449
2023-07-07 13:23:29.235 worker_log:602 7388 MainThread [INFO]  Completed executor task 2449
2023-07-07 13:23:29.235 worker_log:613 7388 MainThread [INFO]  All processing finished for executor task 2449
2023-07-07 13:23:29.246 worker_log:584 7388 MainThread [INFO]  Received executor task 2460
2023-07-07 13:24:14.700 worker_log:602 7388 MainThread [INFO]  Completed executor task 2460
2023-07-07 13:24:14.701 worker_log:613 7388 MainThread [INFO]  All processing finished for executor task 2460
2023-07-07 13:24:14.712 worker_log:584 7388 MainThread [INFO]  Received executor task 2482
2023-07-07 13:24:43.631 worker_log:602 7388 MainThread [INFO]  Completed executor task 2482
2023-07-07 13:24:43.631 worker_log:613 7388 MainThread [INFO]  All processing finished for executor task 2482
2023-07-07 13:24:43.642 worker_log:584 7388 MainThread [INFO]  Received executor task 2495
2023-07-07 13:25:18.979 worker_log:602 7388 MainThread [INFO]  Completed executor task 2495
2023-07-07 13:25:18.980 worker_log:613 7388 MainThread [INFO]  All processing finished for executor task 2495
2023-07-07 13:25:18.991 worker_log:584 7388 MainThread [INFO]  Received executor task 2508
2023-07-07 13:25:37.521 worker_log:602 7388 MainThread [INFO]  Completed executor task 2508
2023-07-07 13:25:37.521 worker_log:613 7388 MainThread [INFO]  All processing finished for executor task 2508
2023-07-07 13:25:37.532 worker_log:584 7388 MainThread [INFO]  Received executor task 2519
2023-07-07 13:26:11.672 worker_log:602 7388 MainThread [INFO]  Completed executor task 2519
2023-07-07 13:26:11.673 worker_log:613 7388 MainThread [INFO]  All processing finished for executor task 2519
2023-07-07 13:26:11.684 worker_log:584 7388 MainThread [INFO]  Received executor task 2536
2023-07-07 13:26:49.858 worker_log:602 7388 MainThread [INFO]  Completed executor task 2536
2023-07-07 13:26:49.871 worker_log:613 7388 MainThread [INFO]  All processing finished for executor task 2536
2023-07-07 13:26:49.871 worker_log:584 7388 MainThread [INFO]  Received executor task 2549
2023-07-07 13:28:03.186 worker_log:602 7388 MainThread [INFO]  Completed executor task 2549
2023-07-07 13:28:03.187 worker_log:613 7388 MainThread [INFO]  All processing finished for executor task 2549
2023-07-07 13:28:03.198 worker_log:584 7388 MainThread [INFO]  Received executor task 2589
2023-07-07 13:29:32.623 worker_log:602 7388 MainThread [INFO]  Completed executor task 2589
2023-07-07 13:29:32.623 worker_log:613 7388 MainThread [INFO]  All processing finished for executor task 2589
2023-07-07 13:29:32.635 worker_log:584 7388 MainThread [INFO]  Received executor task 2631
2023-07-07 13:31:12.877 worker_log:602 7388 MainThread [INFO]  Completed executor task 2631
2023-07-07 13:31:12.877 worker_log:613 7388 MainThread [INFO]  All processing finished for executor task 2631
2023-07-07 13:31:12.889 worker_log:584 7388 MainThread [INFO]  Received executor task 2671
2023-07-07 13:31:36.272 worker_log:602 7388 MainThread [INFO]  Completed executor task 2671
2023-07-07 13:31:36.273 worker_log:613 7388 MainThread [INFO]  All processing finished for executor task 2671
2023-07-07 13:31:36.284 worker_log:584 7388 MainThread [INFO]  Received executor task 2685
2023-07-07 13:32:18.283 worker_log:602 7388 MainThread [INFO]  Completed executor task 2685
2023-07-07 13:32:18.283 worker_log:613 7388 MainThread [INFO]  All processing finished for executor task 2685
2023-07-07 13:32:18.294 worker_log:584 7388 MainThread [INFO]  Received executor task 2704
2023-07-07 13:32:50.557 worker_log:602 7388 MainThread [INFO]  Completed executor task 2704
2023-07-07 13:32:50.558 worker_log:613 7388 MainThread [INFO]  All processing finished for executor task 2704
2023-07-07 13:32:50.569 worker_log:584 7388 MainThread [INFO]  Received executor task 2722
2023-07-07 13:33:11.803 worker_log:602 7388 MainThread [INFO]  Completed executor task 2722
2023-07-07 13:33:11.805 worker_log:613 7388 MainThread [INFO]  All processing finished for executor task 2722
2023-07-07 13:33:11.816 worker_log:584 7388 MainThread [INFO]  Received executor task 2737
2023-07-07 13:33:50.218 worker_log:602 7388 MainThread [INFO]  Completed executor task 2737
2023-07-07 13:33:50.218 worker_log:613 7388 MainThread [INFO]  All processing finished for executor task 2737
2023-07-07 13:33:50.229 worker_log:584 7388 MainThread [INFO]  Received executor task 2756
2023-07-07 13:34:58.801 worker_log:602 7388 MainThread [INFO]  Completed executor task 2756
2023-07-07 13:34:58.802 worker_log:613 7388 MainThread [INFO]  All processing finished for executor task 2756
2023-07-07 13:34:58.813 worker_log:584 7388 MainThread [INFO]  Received executor task 2790
2023-07-07 13:35:59.979 worker_log:602 7388 MainThread [INFO]  Completed executor task 2790
2023-07-07 13:35:59.979 worker_log:613 7388 MainThread [INFO]  All processing finished for executor task 2790
2023-07-07 13:35:59.991 worker_log:584 7388 MainThread [INFO]  Received executor task 2820
2023-07-07 13:36:29.433 worker_log:602 7388 MainThread [INFO]  Completed executor task 2820
2023-07-07 13:36:29.433 worker_log:613 7388 MainThread [INFO]  All processing finished for executor task 2820
2023-07-07 13:36:29.444 worker_log:584 7388 MainThread [INFO]  Received executor task 2837
2023-07-07 13:38:04.090 worker_log:602 7388 MainThread [INFO]  Completed executor task 2837
2023-07-07 13:38:04.091 worker_log:613 7388 MainThread [INFO]  All processing finished for executor task 2837
2023-07-07 13:38:04.102 worker_log:584 7388 MainThread [INFO]  Received executor task 2888
2023-07-07 13:38:20.055 worker_log:602 7388 MainThread [INFO]  Completed executor task 2888
2023-07-07 13:38:20.056 worker_log:613 7388 MainThread [INFO]  All processing finished for executor task 2888
2023-07-07 13:38:20.068 worker_log:584 7388 MainThread [INFO]  Received executor task 2899
2023-07-07 13:38:35.707 worker_log:602 7388 MainThread [INFO]  Completed executor task 2899
2023-07-07 13:38:35.707 worker_log:613 7388 MainThread [INFO]  All processing finished for executor task 2899
2023-07-07 13:38:35.719 worker_log:584 7388 MainThread [INFO]  Received executor task 2912
2023-07-07 13:38:53.520 worker_log:602 7388 MainThread [INFO]  Completed executor task 2912
2023-07-07 13:38:53.521 worker_log:613 7388 MainThread [INFO]  All processing finished for executor task 2912
2023-07-07 13:38:53.532 worker_log:584 7388 MainThread [INFO]  Received executor task 2924
2023-07-07 13:39:33.618 worker_log:602 7388 MainThread [INFO]  Completed executor task 2924
2023-07-07 13:39:33.618 worker_log:613 7388 MainThread [INFO]  All processing finished for executor task 2924
2023-07-07 13:39:33.631 worker_log:584 7388 MainThread [INFO]  Received executor task 2943
2023-07-07 13:40:03.592 worker_log:602 7388 MainThread [INFO]  Completed executor task 2943
2023-07-07 13:40:03.599 worker_log:613 7388 MainThread [INFO]  All processing finished for executor task 2943
2023-07-07 13:40:03.605 worker_log:584 7388 MainThread [INFO]  Received executor task 2957
2023-07-07 13:40:50.032 worker_log:602 7388 MainThread [INFO]  Completed executor task 2957
2023-07-07 13:40:50.032 worker_log:613 7388 MainThread [INFO]  All processing finished for executor task 2957
2023-07-07 13:40:50.046 worker_log:584 7388 MainThread [INFO]  Received executor task 2987
2023-07-07 13:42:11.842 worker_log:602 7388 MainThread [INFO]  Completed executor task 2987
2023-07-07 13:42:11.843 worker_log:613 7388 MainThread [INFO]  All processing finished for executor task 2987
2023-07-07 13:42:11.854 worker_log:584 7388 MainThread [INFO]  Received executor task 3026
2023-07-07 13:43:02.045 worker_log:602 7388 MainThread [INFO]  Completed executor task 3026
2023-07-07 13:43:02.045 worker_log:613 7388 MainThread [INFO]  All processing finished for executor task 3026
2023-07-07 13:43:02.056 worker_log:584 7388 MainThread [INFO]  Received executor task 3051
2023-07-07 13:43:31.227 worker_log:602 7388 MainThread [INFO]  Completed executor task 3051
2023-07-07 13:43:31.227 worker_log:613 7388 MainThread [INFO]  All processing finished for executor task 3051
2023-07-07 13:43:31.238 worker_log:584 7388 MainThread [INFO]  Received executor task 3062
2023-07-07 13:43:40.004 worker_log:602 7388 MainThread [INFO]  Completed executor task 3062
2023-07-07 13:43:40.004 worker_log:613 7388 MainThread [INFO]  All processing finished for executor task 3062
2023-07-07 13:43:40.015 worker_log:584 7388 MainThread [INFO]  Received executor task 3067
2023-07-07 13:44:21.366 worker_log:602 7388 MainThread [INFO]  Completed executor task 3067
2023-07-07 13:44:21.366 worker_log:613 7388 MainThread [INFO]  All processing finished for executor task 3067
2023-07-07 13:44:21.367 worker_log:584 7388 MainThread [INFO]  Received executor task 3086
2023-07-07 13:44:33.900 worker_log:602 7388 MainThread [INFO]  Completed executor task 3086
2023-07-07 13:44:33.900 worker_log:613 7388 MainThread [INFO]  All processing finished for executor task 3086
2023-07-07 13:44:33.912 worker_log:584 7388 MainThread [INFO]  Received executor task 3093
2023-07-07 13:44:49.377 worker_log:602 7388 MainThread [INFO]  Completed executor task 3093
2023-07-07 13:44:49.377 worker_log:613 7388 MainThread [INFO]  All processing finished for executor task 3093
2023-07-07 13:44:49.389 worker_log:584 7388 MainThread [INFO]  Received executor task 3102
2023-07-07 13:45:16.798 worker_log:602 7388 MainThread [INFO]  Completed executor task 3102
2023-07-07 13:45:16.808 worker_log:613 7388 MainThread [INFO]  All processing finished for executor task 3102
2023-07-07 13:45:16.810 worker_log:584 7388 MainThread [INFO]  Received executor task 3122
2023-07-07 13:45:35.178 worker_log:602 7388 MainThread [INFO]  Completed executor task 3122
2023-07-07 13:45:35.179 worker_log:613 7388 MainThread [INFO]  All processing finished for executor task 3122
2023-07-07 13:45:35.190 worker_log:584 7388 MainThread [INFO]  Received executor task 3132
2023-07-07 13:45:46.284 worker_log:602 7388 MainThread [INFO]  Completed executor task 3132
2023-07-07 13:45:46.285 worker_log:613 7388 MainThread [INFO]  All processing finished for executor task 3132
2023-07-07 13:45:46.296 worker_log:584 7388 MainThread [INFO]  Received executor task 3138
2023-07-07 13:46:29.332 worker_log:602 7388 MainThread [INFO]  Completed executor task 3138
2023-07-07 13:46:29.333 worker_log:613 7388 MainThread [INFO]  All processing finished for executor task 3138
2023-07-07 13:46:29.344 worker_log:584 7388 MainThread [INFO]  Received executor task 3159
2023-07-07 13:46:58.569 worker_log:602 7388 MainThread [INFO]  Completed executor task 3159
2023-07-07 13:46:58.569 worker_log:613 7388 MainThread [INFO]  All processing finished for executor task 3159
2023-07-07 13:46:58.581 worker_log:584 7388 MainThread [INFO]  Received executor task 3173
2023-07-07 13:47:45.512 worker_log:602 7388 MainThread [INFO]  Completed executor task 3173
2023-07-07 13:47:45.512 worker_log:613 7388 MainThread [INFO]  All processing finished for executor task 3173
2023-07-07 13:47:45.524 worker_log:584 7388 MainThread [INFO]  Received executor task 3195
2023-07-07 13:48:21.491 worker_log:602 7388 MainThread [INFO]  Completed executor task 3195
2023-07-07 13:48:21.491 worker_log:613 7388 MainThread [INFO]  All processing finished for executor task 3195
2023-07-07 13:48:21.502 worker_log:584 7388 MainThread [INFO]  Received executor task 3213
2023-07-07 13:48:40.822 worker_log:602 7388 MainThread [INFO]  Completed executor task 3213
2023-07-07 13:48:40.823 worker_log:613 7388 MainThread [INFO]  All processing finished for executor task 3213
2023-07-07 13:48:40.835 worker_log:584 7388 MainThread [INFO]  Received executor task 3226
2023-07-07 13:49:13.672 worker_log:602 7388 MainThread [INFO]  Completed executor task 3226
2023-07-07 13:49:13.673 worker_log:613 7388 MainThread [INFO]  All processing finished for executor task 3226
2023-07-07 13:49:13.684 worker_log:584 7388 MainThread [INFO]  Received executor task 3242
2023-07-07 13:49:44.310 worker_log:602 7388 MainThread [INFO]  Completed executor task 3242
2023-07-07 13:49:44.310 worker_log:613 7388 MainThread [INFO]  All processing finished for executor task 3242
2023-07-07 13:49:44.311 worker_log:584 7388 MainThread [INFO]  Received executor task 3258
2023-07-07 13:50:07.113 worker_log:602 7388 MainThread [INFO]  Completed executor task 3258
2023-07-07 13:50:07.113 worker_log:613 7388 MainThread [INFO]  All processing finished for executor task 3258
2023-07-07 13:50:07.124 worker_log:584 7388 MainThread [INFO]  Received executor task 3270
2023-07-07 13:50:27.052 worker_log:602 7388 MainThread [INFO]  Completed executor task 3270
2023-07-07 13:50:27.052 worker_log:613 7388 MainThread [INFO]  All processing finished for executor task 3270
2023-07-07 13:50:27.066 worker_log:584 7388 MainThread [INFO]  Received executor task 3284
2023-07-07 13:51:08.642 worker_log:602 7388 MainThread [INFO]  Completed executor task 3284
2023-07-07 13:51:08.643 worker_log:613 7388 MainThread [INFO]  All processing finished for executor task 3284
2023-07-07 13:51:08.660 worker_log:584 7388 MainThread [INFO]  Received executor task 3304
2023-07-07 13:51:35.792 worker_log:602 7388 MainThread [INFO]  Completed executor task 3304
2023-07-07 13:51:35.792 worker_log:613 7388 MainThread [INFO]  All processing finished for executor task 3304
2023-07-07 13:51:35.804 worker_log:584 7388 MainThread [INFO]  Received executor task 3326
2023-07-07 13:52:09.420 worker_log:602 7388 MainThread [INFO]  Completed executor task 3326
2023-07-07 13:52:09.420 worker_log:613 7388 MainThread [INFO]  All processing finished for executor task 3326
2023-07-07 13:52:09.432 worker_log:584 7388 MainThread [INFO]  Received executor task 3343
2023-07-07 13:52:28.122 worker_log:602 7388 MainThread [INFO]  Completed executor task 3343
2023-07-07 13:52:28.123 worker_log:613 7388 MainThread [INFO]  All processing finished for executor task 3343
2023-07-07 13:52:28.134 worker_log:584 7388 MainThread [INFO]  Received executor task 3353
2023-07-07 13:52:48.703 worker_log:602 7388 MainThread [INFO]  Completed executor task 3353
2023-07-07 13:52:48.703 worker_log:613 7388 MainThread [INFO]  All processing finished for executor task 3353
2023-07-07 13:52:48.714 worker_log:584 7388 MainThread [INFO]  Received executor task 3366
2023-07-07 13:53:05.943 worker_log:602 7388 MainThread [INFO]  Completed executor task 3366
2023-07-07 13:53:05.943 worker_log:613 7388 MainThread [INFO]  All processing finished for executor task 3366
2023-07-07 13:53:05.955 worker_log:584 7388 MainThread [INFO]  Received executor task 3374
2023-07-07 13:53:26.640 worker_log:602 7388 MainThread [INFO]  Completed executor task 3374
2023-07-07 13:53:26.640 worker_log:613 7388 MainThread [INFO]  All processing finished for executor task 3374
2023-07-07 13:53:26.651 worker_log:584 7388 MainThread [INFO]  Received executor task 3391
2023-07-07 13:53:52.459 worker_log:602 7388 MainThread [INFO]  Completed executor task 3391
2023-07-07 13:53:52.459 worker_log:613 7388 MainThread [INFO]  All processing finished for executor task 3391
2023-07-07 13:53:52.470 worker_log:584 7388 MainThread [INFO]  Received executor task 3406
2023-07-07 13:54:20.548 worker_log:602 7388 MainThread [INFO]  Completed executor task 3406
2023-07-07 13:54:20.549 worker_log:613 7388 MainThread [INFO]  All processing finished for executor task 3406
2023-07-07 13:54:20.560 worker_log:584 7388 MainThread [INFO]  Received executor task 3419
2023-07-07 13:54:57.661 worker_log:602 7388 MainThread [INFO]  Completed executor task 3419
2023-07-07 13:54:57.662 worker_log:613 7388 MainThread [INFO]  All processing finished for executor task 3419
2023-07-07 13:54:57.674 worker_log:584 7388 MainThread [INFO]  Received executor task 3441
2023-07-07 13:55:17.141 worker_log:602 7388 MainThread [INFO]  Completed executor task 3441
2023-07-07 13:55:17.142 worker_log:613 7388 MainThread [INFO]  All processing finished for executor task 3441
2023-07-07 13:55:17.154 worker_log:584 7388 MainThread [INFO]  Received executor task 3452
2023-07-07 13:55:39.314 worker_log:602 7388 MainThread [INFO]  Completed executor task 3452
2023-07-07 13:55:39.315 worker_log:613 7388 MainThread [INFO]  All processing finished for executor task 3452
2023-07-07 13:55:39.326 worker_log:584 7388 MainThread [INFO]  Received executor task 3466
2023-07-07 13:56:11.431 worker_log:602 7388 MainThread [INFO]  Completed executor task 3466
2023-07-07 13:56:11.431 worker_log:613 7388 MainThread [INFO]  All processing finished for executor task 3466
2023-07-07 13:56:11.443 worker_log:584 7388 MainThread [INFO]  Received executor task 3480
2023-07-07 13:56:35.017 worker_log:602 7388 MainThread [INFO]  Completed executor task 3480
2023-07-07 13:56:35.018 worker_log:613 7388 MainThread [INFO]  All processing finished for executor task 3480
2023-07-07 13:56:35.029 worker_log:584 7388 MainThread [INFO]  Received executor task 3492
2023-07-07 13:57:06.603 worker_log:602 7388 MainThread [INFO]  Completed executor task 3492
2023-07-07 13:57:06.604 worker_log:613 7388 MainThread [INFO]  All processing finished for executor task 3492
2023-07-07 13:57:06.615 worker_log:584 7388 MainThread [INFO]  Received executor task 3501
2023-07-07 13:58:08.648 worker_log:602 7388 MainThread [INFO]  Completed executor task 3501
2023-07-07 13:58:08.648 worker_log:613 7388 MainThread [INFO]  All processing finished for executor task 3501
2023-07-07 13:58:08.659 worker_log:584 7388 MainThread [INFO]  Received executor task 3527
2023-07-07 13:58:41.746 worker_log:602 7388 MainThread [INFO]  Completed executor task 3527
2023-07-07 13:58:41.747 worker_log:613 7388 MainThread [INFO]  All processing finished for executor task 3527
2023-07-07 13:58:41.758 worker_log:584 7388 MainThread [INFO]  Received executor task 3544
2023-07-07 13:58:57.860 worker_log:602 7388 MainThread [INFO]  Completed executor task 3544
2023-07-07 13:58:57.860 worker_log:613 7388 MainThread [INFO]  All processing finished for executor task 3544
2023-07-07 13:58:57.871 worker_log:584 7388 MainThread [INFO]  Received executor task 3551
2023-07-07 13:59:25.260 worker_log:602 7388 MainThread [INFO]  Completed executor task 3551
2023-07-07 13:59:25.260 worker_log:613 7388 MainThread [INFO]  All processing finished for executor task 3551
2023-07-07 13:59:25.272 worker_log:584 7388 MainThread [INFO]  Received executor task 3568
2023-07-07 13:59:51.769 worker_log:602 7388 MainThread [INFO]  Completed executor task 3568
2023-07-07 13:59:51.770 worker_log:613 7388 MainThread [INFO]  All processing finished for executor task 3568
2023-07-07 13:59:51.781 worker_log:584 7388 MainThread [INFO]  Received executor task 3581
2023-07-07 14:00:12.005 worker_log:602 7388 MainThread [INFO]  Completed executor task 3581
2023-07-07 14:00:12.006 worker_log:613 7388 MainThread [INFO]  All processing finished for executor task 3581
2023-07-07 14:00:12.017 worker_log:584 7388 MainThread [INFO]  Received executor task 3589
2023-07-07 14:00:26.938 worker_log:602 7388 MainThread [INFO]  Completed executor task 3589
2023-07-07 14:00:26.939 worker_log:613 7388 MainThread [INFO]  All processing finished for executor task 3589
2023-07-07 14:00:26.950 worker_log:584 7388 MainThread [INFO]  Received executor task 3595
2023-07-07 14:00:50.167 worker_log:602 7388 MainThread [INFO]  Completed executor task 3595
2023-07-07 14:00:50.168 worker_log:613 7388 MainThread [INFO]  All processing finished for executor task 3595
2023-07-07 14:00:50.179 worker_log:584 7388 MainThread [INFO]  Received executor task 3610
2023-07-07 14:01:19.230 worker_log:602 7388 MainThread [INFO]  Completed executor task 3610
2023-07-07 14:01:19.230 worker_log:613 7388 MainThread [INFO]  All processing finished for executor task 3610
2023-07-07 14:01:19.242 worker_log:584 7388 MainThread [INFO]  Received executor task 3626
2023-07-07 14:01:37.570 worker_log:602 7388 MainThread [INFO]  Completed executor task 3626
2023-07-07 14:01:37.570 worker_log:613 7388 MainThread [INFO]  All processing finished for executor task 3626
2023-07-07 14:01:37.581 worker_log:584 7388 MainThread [INFO]  Received executor task 3640
2023-07-07 14:02:13.737 worker_log:602 7388 MainThread [INFO]  Completed executor task 3640
2023-07-07 14:02:13.738 worker_log:613 7388 MainThread [INFO]  All processing finished for executor task 3640
2023-07-07 14:02:13.749 worker_log:584 7388 MainThread [INFO]  Received executor task 3658
2023-07-07 14:03:27.161 worker_log:602 7388 MainThread [INFO]  Completed executor task 3658
2023-07-07 14:03:27.161 worker_log:613 7388 MainThread [INFO]  All processing finished for executor task 3658
2023-07-07 14:03:27.172 worker_log:584 7388 MainThread [INFO]  Received executor task 3699
2023-07-07 14:03:56.701 worker_log:602 7388 MainThread [INFO]  Completed executor task 3699
2023-07-07 14:03:56.701 worker_log:613 7388 MainThread [INFO]  All processing finished for executor task 3699
2023-07-07 14:03:56.712 worker_log:584 7388 MainThread [INFO]  Received executor task 3712
2023-07-07 14:04:58.073 worker_log:602 7388 MainThread [INFO]  Completed executor task 3712
2023-07-07 14:04:58.073 worker_log:613 7388 MainThread [INFO]  All processing finished for executor task 3712
2023-07-07 14:04:58.084 worker_log:584 7388 MainThread [INFO]  Received executor task 3737
2023-07-07 14:05:29.358 worker_log:602 7388 MainThread [INFO]  Completed executor task 3737
2023-07-07 14:05:29.358 worker_log:613 7388 MainThread [INFO]  All processing finished for executor task 3737
2023-07-07 14:05:29.369 worker_log:584 7388 MainThread [INFO]  Received executor task 3754
2023-07-07 14:05:41.053 worker_log:602 7388 MainThread [INFO]  Completed executor task 3754
2023-07-07 14:05:41.053 worker_log:613 7388 MainThread [INFO]  All processing finished for executor task 3754
2023-07-07 14:05:41.061 worker_log:584 7388 MainThread [INFO]  Received executor task 3762
2023-07-07 14:06:15.696 worker_log:602 7388 MainThread [INFO]  Completed executor task 3762
2023-07-07 14:06:15.696 worker_log:613 7388 MainThread [INFO]  All processing finished for executor task 3762
2023-07-07 14:06:15.707 worker_log:584 7388 MainThread [INFO]  Received executor task 3781
2023-07-07 14:06:56.709 worker_log:602 7388 MainThread [INFO]  Completed executor task 3781
2023-07-07 14:06:56.710 worker_log:613 7388 MainThread [INFO]  All processing finished for executor task 3781
2023-07-07 14:06:56.721 worker_log:584 7388 MainThread [INFO]  Received executor task 3795
2023-07-07 14:07:07.894 worker_log:602 7388 MainThread [INFO]  Completed executor task 3795
2023-07-07 14:07:07.894 worker_log:613 7388 MainThread [INFO]  All processing finished for executor task 3795
2023-07-07 14:07:07.905 worker_log:584 7388 MainThread [INFO]  Received executor task 3804
2023-07-07 14:07:41.965 worker_log:602 7388 MainThread [INFO]  Completed executor task 3804
2023-07-07 14:07:41.965 worker_log:613 7388 MainThread [INFO]  All processing finished for executor task 3804
2023-07-07 14:07:41.976 worker_log:584 7388 MainThread [INFO]  Received executor task 3812
2023-07-07 14:08:35.831 worker_log:602 7388 MainThread [INFO]  Completed executor task 3812
2023-07-07 14:08:35.831 worker_log:613 7388 MainThread [INFO]  All processing finished for executor task 3812
2023-07-07 14:08:35.844 worker_log:584 7388 MainThread [INFO]  Received executor task 3842
2023-07-07 14:09:12.491 worker_log:602 7388 MainThread [INFO]  Completed executor task 3842
2023-07-07 14:09:12.491 worker_log:613 7388 MainThread [INFO]  All processing finished for executor task 3842
2023-07-07 14:09:12.503 worker_log:584 7388 MainThread [INFO]  Received executor task 3857
2023-07-07 14:10:15.256 worker_log:602 7388 MainThread [INFO]  Completed executor task 3857
2023-07-07 14:10:15.257 worker_log:613 7388 MainThread [INFO]  All processing finished for executor task 3857
2023-07-07 14:10:15.269 worker_log:584 7388 MainThread [INFO]  Received executor task 3904
2023-07-07 14:10:33.505 worker_log:602 7388 MainThread [INFO]  Completed executor task 3904
2023-07-07 14:10:33.505 worker_log:613 7388 MainThread [INFO]  All processing finished for executor task 3904
2023-07-07 14:10:33.517 worker_log:584 7388 MainThread [INFO]  Received executor task 3913
2023-07-07 14:11:06.379 worker_log:602 7388 MainThread [INFO]  Completed executor task 3913
2023-07-07 14:11:06.379 worker_log:613 7388 MainThread [INFO]  All processing finished for executor task 3913
2023-07-07 14:11:06.392 worker_log:584 7388 MainThread [INFO]  Received executor task 3927
2023-07-07 14:11:37.048 worker_log:602 7388 MainThread [INFO]  Completed executor task 3927
2023-07-07 14:11:37.048 worker_log:613 7388 MainThread [INFO]  All processing finished for executor task 3927
2023-07-07 14:11:37.059 worker_log:584 7388 MainThread [INFO]  Received executor task 3940
2023-07-07 14:12:12.620 worker_log:602 7388 MainThread [INFO]  Completed executor task 3940
2023-07-07 14:12:12.621 worker_log:613 7388 MainThread [INFO]  All processing finished for executor task 3940
2023-07-07 14:12:12.631 worker_log:584 7388 MainThread [INFO]  Received executor task 3953
2023-07-07 14:12:48.157 worker_log:602 7388 MainThread [INFO]  Completed executor task 3953
2023-07-07 14:12:48.157 worker_log:613 7388 MainThread [INFO]  All processing finished for executor task 3953
2023-07-07 14:12:48.168 worker_log:584 7388 MainThread [INFO]  Received executor task 3969
2023-07-07 14:13:05.924 worker_log:602 7388 MainThread [INFO]  Completed executor task 3969
2023-07-07 14:13:05.925 worker_log:613 7388 MainThread [INFO]  All processing finished for executor task 3969
2023-07-07 14:13:05.937 worker_log:584 7388 MainThread [INFO]  Received executor task 3976
2023-07-07 14:13:32.240 worker_log:602 7388 MainThread [INFO]  Completed executor task 3976
2023-07-07 14:13:32.241 worker_log:613 7388 MainThread [INFO]  All processing finished for executor task 3976
2023-07-07 14:13:32.252 worker_log:584 7388 MainThread [INFO]  Received executor task 3993
2023-07-07 14:13:41.738 worker_log:602 7388 MainThread [INFO]  Completed executor task 3993
2023-07-07 14:13:41.738 worker_log:613 7388 MainThread [INFO]  All processing finished for executor task 3993
2023-07-07 14:13:41.749 worker_log:584 7388 MainThread [INFO]  Received executor task 3997
2023-07-07 14:14:19.480 worker_log:602 7388 MainThread [INFO]  Completed executor task 3997
2023-07-07 14:14:19.481 worker_log:613 7388 MainThread [INFO]  All processing finished for executor task 3997
2023-07-07 14:14:19.492 worker_log:584 7388 MainThread [INFO]  Received executor task 4019
2023-07-07 14:14:49.286 worker_log:602 7388 MainThread [INFO]  Completed executor task 4019
2023-07-07 14:14:49.286 worker_log:613 7388 MainThread [INFO]  All processing finished for executor task 4019
2023-07-07 14:14:49.297 worker_log:584 7388 MainThread [INFO]  Received executor task 4034
2023-07-07 14:15:31.763 worker_log:602 7388 MainThread [INFO]  Completed executor task 4034
2023-07-07 14:15:31.763 worker_log:613 7388 MainThread [INFO]  All processing finished for executor task 4034
2023-07-07 14:15:31.777 worker_log:584 7388 MainThread [INFO]  Received executor task 4048
2023-07-07 14:16:45.126 worker_log:602 7388 MainThread [INFO]  Completed executor task 4048
2023-07-07 14:16:45.126 worker_log:613 7388 MainThread [INFO]  All processing finished for executor task 4048
2023-07-07 14:16:45.137 worker_log:584 7388 MainThread [INFO]  Received executor task 4086
2023-07-07 14:17:22.008 worker_log:602 7388 MainThread [INFO]  Completed executor task 4086
2023-07-07 14:17:22.009 worker_log:613 7388 MainThread [INFO]  All processing finished for executor task 4086
2023-07-07 14:17:22.020 worker_log:584 7388 MainThread [INFO]  Received executor task 4098
2023-07-07 14:18:45.303 worker_log:602 7388 MainThread [INFO]  Completed executor task 4098
2023-07-07 14:18:45.303 worker_log:613 7388 MainThread [INFO]  All processing finished for executor task 4098
2023-07-07 14:18:45.314 worker_log:584 7388 MainThread [INFO]  Received executor task 4137
2023-07-07 14:19:17.468 worker_log:602 7388 MainThread [INFO]  Completed executor task 4137
2023-07-07 14:19:17.469 worker_log:613 7388 MainThread [INFO]  All processing finished for executor task 4137
2023-07-07 14:19:17.480 worker_log:584 7388 MainThread [INFO]  Received executor task 4152
2023-07-07 14:19:41.247 worker_log:602 7388 MainThread [INFO]  Completed executor task 4152
2023-07-07 14:19:41.248 worker_log:613 7388 MainThread [INFO]  All processing finished for executor task 4152
2023-07-07 14:19:41.259 worker_log:584 7388 MainThread [INFO]  Received executor task 4165
2023-07-07 14:20:56.573 worker_log:602 7388 MainThread [INFO]  Completed executor task 4165
2023-07-07 14:20:56.574 worker_log:613 7388 MainThread [INFO]  All processing finished for executor task 4165
2023-07-07 14:20:56.585 worker_log:584 7388 MainThread [INFO]  Received executor task 4194
2023-07-07 14:21:09.568 worker_log:602 7388 MainThread [INFO]  Completed executor task 4194
2023-07-07 14:21:09.578 worker_log:613 7388 MainThread [INFO]  All processing finished for executor task 4194
2023-07-07 14:21:09.580 worker_log:584 7388 MainThread [INFO]  Received executor task 4202
2023-07-07 14:21:57.479 worker_log:602 7388 MainThread [INFO]  Completed executor task 4202
2023-07-07 14:21:57.480 worker_log:613 7388 MainThread [INFO]  All processing finished for executor task 4202
2023-07-07 14:21:57.491 worker_log:584 7388 MainThread [INFO]  Received executor task 4224
2023-07-07 14:22:29.087 worker_log:602 7388 MainThread [INFO]  Completed executor task 4224
2023-07-07 14:22:29.087 worker_log:613 7388 MainThread [INFO]  All processing finished for executor task 4224
2023-07-07 14:22:29.100 worker_log:584 7388 MainThread [INFO]  Received executor task 4240
2023-07-07 14:23:25.479 worker_log:602 7388 MainThread [INFO]  Completed executor task 4240
2023-07-07 14:23:25.502 worker_log:613 7388 MainThread [INFO]  All processing finished for executor task 4240
2023-07-07 14:23:25.502 worker_log:584 7388 MainThread [INFO]  Received executor task 4270
2023-07-07 14:24:01.767 worker_log:602 7388 MainThread [INFO]  Completed executor task 4270
2023-07-07 14:24:01.768 worker_log:613 7388 MainThread [INFO]  All processing finished for executor task 4270
2023-07-07 14:24:01.792 worker_log:584 7388 MainThread [INFO]  Received executor task 4287
2023-07-07 14:24:21.874 worker_log:602 7388 MainThread [INFO]  Completed executor task 4287
2023-07-07 14:24:21.875 worker_log:613 7388 MainThread [INFO]  All processing finished for executor task 4287
2023-07-07 14:24:21.886 worker_log:584 7388 MainThread [INFO]  Received executor task 4300
2023-07-07 14:25:33.487 worker_log:602 7388 MainThread [INFO]  Completed executor task 4300
2023-07-07 14:25:33.488 worker_log:613 7388 MainThread [INFO]  All processing finished for executor task 4300
2023-07-07 14:25:33.499 worker_log:584 7388 MainThread [INFO]  Received executor task 4335
2023-07-07 14:25:58.916 worker_log:602 7388 MainThread [INFO]  Completed executor task 4335
2023-07-07 14:25:58.917 worker_log:613 7388 MainThread [INFO]  All processing finished for executor task 4335
2023-07-07 14:25:58.918 worker_log:584 7388 MainThread [INFO]  Received executor task 4345
2023-07-07 14:26:11.791 worker_log:602 7388 MainThread [INFO]  Completed executor task 4345
2023-07-07 14:26:11.791 worker_log:613 7388 MainThread [INFO]  All processing finished for executor task 4345
2023-07-07 14:26:11.802 worker_log:584 7388 MainThread [INFO]  Received executor task 4353
2023-07-07 14:26:35.011 worker_log:602 7388 MainThread [INFO]  Completed executor task 4353
2023-07-07 14:26:35.012 worker_log:613 7388 MainThread [INFO]  All processing finished for executor task 4353
2023-07-07 14:26:35.023 worker_log:584 7388 MainThread [INFO]  Received executor task 4371
2023-07-07 14:27:06.306 worker_log:602 7388 MainThread [INFO]  Completed executor task 4371
2023-07-07 14:27:06.307 worker_log:613 7388 MainThread [INFO]  All processing finished for executor task 4371
2023-07-07 14:27:06.318 worker_log:584 7388 MainThread [INFO]  Received executor task 4389
2023-07-07 14:27:43.464 worker_log:602 7388 MainThread [INFO]  Completed executor task 4389
2023-07-07 14:27:43.464 worker_log:613 7388 MainThread [INFO]  All processing finished for executor task 4389
2023-07-07 14:27:43.476 worker_log:584 7388 MainThread [INFO]  Received executor task 4409
2023-07-07 14:27:58.861 worker_log:602 7388 MainThread [INFO]  Completed executor task 4409
2023-07-07 14:27:58.862 worker_log:613 7388 MainThread [INFO]  All processing finished for executor task 4409
2023-07-07 14:27:58.873 worker_log:584 7388 MainThread [INFO]  Received executor task 4418
2023-07-07 14:28:36.925 worker_log:602 7388 MainThread [INFO]  Completed executor task 4418
2023-07-07 14:28:36.926 worker_log:613 7388 MainThread [INFO]  All processing finished for executor task 4418
2023-07-07 14:28:36.937 worker_log:584 7388 MainThread [INFO]  Received executor task 4441
2023-07-07 14:29:05.640 worker_log:602 7388 MainThread [INFO]  Completed executor task 4441
2023-07-07 14:29:05.640 worker_log:613 7388 MainThread [INFO]  All processing finished for executor task 4441
2023-07-07 14:29:05.652 worker_log:584 7388 MainThread [INFO]  Received executor task 4457
2023-07-07 14:29:56.178 worker_log:602 7388 MainThread [INFO]  Completed executor task 4457
2023-07-07 14:29:56.179 worker_log:613 7388 MainThread [INFO]  All processing finished for executor task 4457
2023-07-07 14:29:56.203 worker_log:584 7388 MainThread [INFO]  Received executor task 4474
2023-07-07 14:30:26.428 worker_log:602 7388 MainThread [INFO]  Completed executor task 4474
2023-07-07 14:30:26.428 worker_log:613 7388 MainThread [INFO]  All processing finished for executor task 4474
2023-07-07 14:30:26.440 worker_log:584 7388 MainThread [INFO]  Received executor task 4489
2023-07-07 14:31:11.484 worker_log:602 7388 MainThread [INFO]  Completed executor task 4489
2023-07-07 14:31:11.485 worker_log:613 7388 MainThread [INFO]  All processing finished for executor task 4489
2023-07-07 14:31:11.496 worker_log:584 7388 MainThread [INFO]  Received executor task 4511
2023-07-07 14:31:55.143 worker_log:602 7388 MainThread [INFO]  Completed executor task 4511
2023-07-07 14:31:55.156 worker_log:613 7388 MainThread [INFO]  All processing finished for executor task 4511
2023-07-07 14:31:55.156 worker_log:584 7388 MainThread [INFO]  Received executor task 4533
2023-07-07 14:32:15.837 worker_log:602 7388 MainThread [INFO]  Completed executor task 4533
2023-07-07 14:32:15.850 worker_log:613 7388 MainThread [INFO]  All processing finished for executor task 4533
2023-07-07 14:32:15.861 worker_log:584 7388 MainThread [INFO]  Received executor task 4546
2023-07-07 14:32:36.255 worker_log:602 7388 MainThread [INFO]  Completed executor task 4546
2023-07-07 14:32:36.255 worker_log:613 7388 MainThread [INFO]  All processing finished for executor task 4546
2023-07-07 14:32:36.266 worker_log:584 7388 MainThread [INFO]  Received executor task 4557
2023-07-07 14:33:17.183 worker_log:602 7388 MainThread [INFO]  Completed executor task 4557
2023-07-07 14:33:17.183 worker_log:613 7388 MainThread [INFO]  All processing finished for executor task 4557
2023-07-07 14:33:17.195 worker_log:584 7388 MainThread [INFO]  Received executor task 4576
2023-07-07 14:33:28.485 worker_log:602 7388 MainThread [INFO]  Completed executor task 4576
2023-07-07 14:33:28.485 worker_log:613 7388 MainThread [INFO]  All processing finished for executor task 4576
2023-07-07 14:33:28.496 worker_log:584 7388 MainThread [INFO]  Received executor task 4580
2023-07-07 14:33:50.527 worker_log:602 7388 MainThread [INFO]  Completed executor task 4580
2023-07-07 14:33:50.527 worker_log:613 7388 MainThread [INFO]  All processing finished for executor task 4580
2023-07-07 14:33:50.539 worker_log:584 7388 MainThread [INFO]  Received executor task 4596
2023-07-07 14:34:14.991 worker_log:602 7388 MainThread [INFO]  Completed executor task 4596
2023-07-07 14:34:14.991 worker_log:613 7388 MainThread [INFO]  All processing finished for executor task 4596
2023-07-07 14:34:14.992 worker_log:584 7388 MainThread [INFO]  Received executor task 4607
2023-07-07 14:34:34.094 worker_log:602 7388 MainThread [INFO]  Completed executor task 4607
2023-07-07 14:34:34.095 worker_log:613 7388 MainThread [INFO]  All processing finished for executor task 4607
2023-07-07 14:34:34.106 worker_log:584 7388 MainThread [INFO]  Received executor task 4621
2023-07-07 14:34:51.990 worker_log:602 7388 MainThread [INFO]  Completed executor task 4621
2023-07-07 14:34:51.990 worker_log:613 7388 MainThread [INFO]  All processing finished for executor task 4621
2023-07-07 14:34:52.002 worker_log:584 7388 MainThread [INFO]  Received executor task 4629
2023-07-07 14:35:32.384 worker_log:602 7388 MainThread [INFO]  Completed executor task 4629
2023-07-07 14:35:32.384 worker_log:613 7388 MainThread [INFO]  All processing finished for executor task 4629
2023-07-07 14:35:32.396 worker_log:584 7388 MainThread [INFO]  Received executor task 4647
2023-07-07 14:36:11.137 worker_log:602 7388 MainThread [INFO]  Completed executor task 4647
2023-07-07 14:36:11.138 worker_log:613 7388 MainThread [INFO]  All processing finished for executor task 4647
2023-07-07 14:36:11.149 worker_log:584 7388 MainThread [INFO]  Received executor task 4670
2023-07-07 14:36:38.091 worker_log:602 7388 MainThread [INFO]  Completed executor task 4670
2023-07-07 14:36:38.091 worker_log:613 7388 MainThread [INFO]  All processing finished for executor task 4670
2023-07-07 14:36:38.102 worker_log:584 7388 MainThread [INFO]  Received executor task 4679
2023-07-07 14:37:13.582 worker_log:602 7388 MainThread [INFO]  Completed executor task 4679
2023-07-07 14:37:13.582 worker_log:613 7388 MainThread [INFO]  All processing finished for executor task 4679
2023-07-07 14:37:13.594 worker_log:584 7388 MainThread [INFO]  Received executor task 4696
2023-07-07 14:37:38.190 worker_log:602 7388 MainThread [INFO]  Completed executor task 4696
2023-07-07 14:37:38.191 worker_log:613 7388 MainThread [INFO]  All processing finished for executor task 4696
2023-07-07 14:37:38.202 worker_log:584 7388 MainThread [INFO]  Received executor task 4704
2023-07-07 14:38:07.113 worker_log:602 7388 MainThread [INFO]  Completed executor task 4704
2023-07-07 14:38:07.113 worker_log:613 7388 MainThread [INFO]  All processing finished for executor task 4704
2023-07-07 14:38:07.131 worker_log:584 7388 MainThread [INFO]  Received executor task 4716
2023-07-07 14:38:46.123 worker_log:602 7388 MainThread [INFO]  Completed executor task 4716
2023-07-07 14:38:46.123 worker_log:613 7388 MainThread [INFO]  All processing finished for executor task 4716
2023-07-07 14:38:46.135 worker_log:584 7388 MainThread [INFO]  Received executor task 4736
2023-07-07 14:39:35.369 worker_log:602 7388 MainThread [INFO]  Completed executor task 4736
2023-07-07 14:39:35.370 worker_log:613 7388 MainThread [INFO]  All processing finished for executor task 4736
2023-07-07 14:39:35.381 worker_log:584 7388 MainThread [INFO]  Received executor task 4757
2023-07-07 14:40:17.468 worker_log:602 7388 MainThread [INFO]  Completed executor task 4757
2023-07-07 14:40:17.469 worker_log:613 7388 MainThread [INFO]  All processing finished for executor task 4757
2023-07-07 14:40:17.480 worker_log:584 7388 MainThread [INFO]  Received executor task 4779
2023-07-07 14:41:12.802 worker_log:602 7388 MainThread [INFO]  Completed executor task 4779
2023-07-07 14:41:12.803 worker_log:613 7388 MainThread [INFO]  All processing finished for executor task 4779
2023-07-07 14:41:12.814 worker_log:584 7388 MainThread [INFO]  Received executor task 4807
2023-07-07 14:41:56.676 worker_log:602 7388 MainThread [INFO]  Completed executor task 4807
2023-07-07 14:41:56.676 worker_log:613 7388 MainThread [INFO]  All processing finished for executor task 4807
2023-07-07 14:41:56.688 worker_log:584 7388 MainThread [INFO]  Received executor task 4825
2023-07-07 14:42:16.451 worker_log:602 7388 MainThread [INFO]  Completed executor task 4825
2023-07-07 14:42:16.452 worker_log:613 7388 MainThread [INFO]  All processing finished for executor task 4825
2023-07-07 14:42:16.463 worker_log:584 7388 MainThread [INFO]  Received executor task 4836
2023-07-07 14:42:41.105 worker_log:602 7388 MainThread [INFO]  Completed executor task 4836
2023-07-07 14:42:41.118 worker_log:613 7388 MainThread [INFO]  All processing finished for executor task 4836
2023-07-07 14:42:41.129 worker_log:584 7388 MainThread [INFO]  Received executor task 4846
2023-07-07 14:43:32.662 worker_log:602 7388 MainThread [INFO]  Completed executor task 4846
2023-07-07 14:43:32.662 worker_log:613 7388 MainThread [INFO]  All processing finished for executor task 4846
2023-07-07 14:43:32.673 worker_log:584 7388 MainThread [INFO]  Received executor task 4873
2023-07-07 14:44:10.625 worker_log:602 7388 MainThread [INFO]  Completed executor task 4873
2023-07-07 14:44:10.626 worker_log:613 7388 MainThread [INFO]  All processing finished for executor task 4873
2023-07-07 14:44:10.640 worker_log:584 7388 MainThread [INFO]  Received executor task 4891
2023-07-07 14:44:32.776 worker_log:602 7388 MainThread [INFO]  Completed executor task 4891
2023-07-07 14:44:32.777 worker_log:613 7388 MainThread [INFO]  All processing finished for executor task 4891
2023-07-07 14:44:32.788 worker_log:584 7388 MainThread [INFO]  Received executor task 4902
2023-07-07 14:45:17.548 worker_log:602 7388 MainThread [INFO]  Completed executor task 4902
2023-07-07 14:45:17.548 worker_log:613 7388 MainThread [INFO]  All processing finished for executor task 4902
2023-07-07 14:45:17.560 worker_log:584 7388 MainThread [INFO]  Received executor task 4920
2023-07-07 14:45:31.953 worker_log:602 7388 MainThread [INFO]  Completed executor task 4920
2023-07-07 14:45:31.954 worker_log:613 7388 MainThread [INFO]  All processing finished for executor task 4920
2023-07-07 14:45:31.965 worker_log:584 7388 MainThread [INFO]  Received executor task 4927
2023-07-07 14:45:52.578 worker_log:602 7388 MainThread [INFO]  Completed executor task 4927
2023-07-07 14:45:52.579 worker_log:613 7388 MainThread [INFO]  All processing finished for executor task 4927
2023-07-07 14:45:52.590 worker_log:584 7388 MainThread [INFO]  Received executor task 4941
2023-07-07 14:46:27.700 worker_log:602 7388 MainThread [INFO]  Completed executor task 4941
2023-07-07 14:46:27.701 worker_log:613 7388 MainThread [INFO]  All processing finished for executor task 4941
2023-07-07 14:46:27.712 worker_log:584 7388 MainThread [INFO]  Received executor task 4954
2023-07-07 14:47:09.625 worker_log:602 7388 MainThread [INFO]  Completed executor task 4954
2023-07-07 14:47:09.625 worker_log:613 7388 MainThread [INFO]  All processing finished for executor task 4954
2023-07-07 14:47:09.636 worker_log:584 7388 MainThread [INFO]  Received executor task 4976
2023-07-07 14:47:33.605 worker_log:602 7388 MainThread [INFO]  Completed executor task 4976
2023-07-07 14:47:33.605 worker_log:613 7388 MainThread [INFO]  All processing finished for executor task 4976
2023-07-07 14:47:33.616 worker_log:584 7388 MainThread [INFO]  Received executor task 4989
2023-07-07 14:48:00.148 worker_log:602 7388 MainThread [INFO]  Completed executor task 4989
2023-07-07 14:48:00.148 worker_log:613 7388 MainThread [INFO]  All processing finished for executor task 4989
2023-07-07 14:48:00.160 worker_log:584 7388 MainThread [INFO]  Received executor task 5004
2023-07-07 14:48:40.062 worker_log:602 7388 MainThread [INFO]  Completed executor task 5004
2023-07-07 14:48:40.062 worker_log:613 7388 MainThread [INFO]  All processing finished for executor task 5004
2023-07-07 14:48:40.073 worker_log:584 7388 MainThread [INFO]  Received executor task 5025
2023-07-07 14:49:07.142 worker_log:602 7388 MainThread [INFO]  Completed executor task 5025
2023-07-07 14:49:07.142 worker_log:613 7388 MainThread [INFO]  All processing finished for executor task 5025
2023-07-07 14:49:07.153 worker_log:584 7388 MainThread [INFO]  Received executor task 5039
2023-07-07 14:49:47.200 worker_log:602 7388 MainThread [INFO]  Completed executor task 5039
2023-07-07 14:49:47.201 worker_log:613 7388 MainThread [INFO]  All processing finished for executor task 5039
2023-07-07 14:49:47.212 worker_log:584 7388 MainThread [INFO]  Received executor task 5058
2023-07-07 14:49:56.881 worker_log:602 7388 MainThread [INFO]  Completed executor task 5058
2023-07-07 14:49:56.882 worker_log:613 7388 MainThread [INFO]  All processing finished for executor task 5058
2023-07-07 14:49:56.893 worker_log:584 7388 MainThread [INFO]  Received executor task 5064
2023-07-07 14:50:32.094 worker_log:602 7388 MainThread [INFO]  Completed executor task 5064
2023-07-07 14:50:32.094 worker_log:613 7388 MainThread [INFO]  All processing finished for executor task 5064
2023-07-07 14:50:32.106 worker_log:584 7388 MainThread [INFO]  Received executor task 5080
2023-07-07 14:51:08.980 worker_log:602 7388 MainThread [INFO]  Completed executor task 5080
2023-07-07 14:51:08.980 worker_log:613 7388 MainThread [INFO]  All processing finished for executor task 5080
2023-07-07 14:51:08.991 worker_log:584 7388 MainThread [INFO]  Received executor task 5095
2023-07-07 14:51:37.809 worker_log:602 7388 MainThread [INFO]  Completed executor task 5095
2023-07-07 14:51:37.810 worker_log:613 7388 MainThread [INFO]  All processing finished for executor task 5095
2023-07-07 14:51:37.821 worker_log:584 7388 MainThread [INFO]  Received executor task 5107
2023-07-07 14:52:25.119 worker_log:602 7388 MainThread [INFO]  Completed executor task 5107
2023-07-07 14:52:25.121 worker_log:613 7388 MainThread [INFO]  All processing finished for executor task 5107
2023-07-07 14:52:25.132 worker_log:584 7388 MainThread [INFO]  Received executor task 5130
2023-07-07 14:52:54.444 worker_log:602 7388 MainThread [INFO]  Completed executor task 5130
2023-07-07 14:52:54.445 worker_log:613 7388 MainThread [INFO]  All processing finished for executor task 5130
2023-07-07 14:52:54.456 worker_log:584 7388 MainThread [INFO]  Received executor task 5140
2023-07-07 14:53:51.293 worker_log:602 7388 MainThread [INFO]  Completed executor task 5140
2023-07-07 14:53:51.294 worker_log:613 7388 MainThread [INFO]  All processing finished for executor task 5140
2023-07-07 14:53:51.305 worker_log:584 7388 MainThread [INFO]  Received executor task 5173
2023-07-07 14:54:26.725 worker_log:602 7388 MainThread [INFO]  Completed executor task 5173
2023-07-07 14:54:26.725 worker_log:613 7388 MainThread [INFO]  All processing finished for executor task 5173
2023-07-07 14:54:26.736 worker_log:584 7388 MainThread [INFO]  Received executor task 5193
2023-07-07 14:54:42.509 worker_log:602 7388 MainThread [INFO]  Completed executor task 5193
2023-07-07 14:54:42.509 worker_log:613 7388 MainThread [INFO]  All processing finished for executor task 5193
2023-07-07 14:54:42.520 worker_log:584 7388 MainThread [INFO]  Received executor task 5200
2023-07-07 14:54:56.523 worker_log:602 7388 MainThread [INFO]  Completed executor task 5200
2023-07-07 14:54:56.523 worker_log:613 7388 MainThread [INFO]  All processing finished for executor task 5200
2023-07-07 14:54:56.534 worker_log:584 7388 MainThread [INFO]  Received executor task 5209
2023-07-07 14:55:22.177 worker_log:602 7388 MainThread [INFO]  Completed executor task 5209
2023-07-07 14:55:22.177 worker_log:613 7388 MainThread [INFO]  All processing finished for executor task 5209
2023-07-07 14:55:22.190 worker_log:584 7388 MainThread [INFO]  Received executor task 5222
2023-07-07 14:56:05.204 worker_log:602 7388 MainThread [INFO]  Completed executor task 5222
2023-07-07 14:56:05.204 worker_log:613 7388 MainThread [INFO]  All processing finished for executor task 5222
2023-07-07 14:56:05.215 worker_log:584 7388 MainThread [INFO]  Received executor task 5247
2023-07-07 14:56:25.551 worker_log:602 7388 MainThread [INFO]  Completed executor task 5247
2023-07-07 14:56:25.551 worker_log:613 7388 MainThread [INFO]  All processing finished for executor task 5247
2023-07-07 14:56:25.562 worker_log:584 7388 MainThread [INFO]  Received executor task 5254
2023-07-07 14:57:02.297 worker_log:602 7388 MainThread [INFO]  Completed executor task 5254
2023-07-07 14:57:02.298 worker_log:613 7388 MainThread [INFO]  All processing finished for executor task 5254
2023-07-07 14:57:02.309 worker_log:584 7388 MainThread [INFO]  Received executor task 5270
2023-07-07 14:57:42.383 worker_log:602 7388 MainThread [INFO]  Completed executor task 5270
2023-07-07 14:57:42.384 worker_log:613 7388 MainThread [INFO]  All processing finished for executor task 5270
2023-07-07 14:57:42.395 worker_log:584 7388 MainThread [INFO]  Received executor task 5278
2023-07-07 14:58:29.246 worker_log:602 7388 MainThread [INFO]  Completed executor task 5278
2023-07-07 14:58:29.247 worker_log:613 7388 MainThread [INFO]  All processing finished for executor task 5278
2023-07-07 14:58:29.271 worker_log:584 7388 MainThread [INFO]  Received executor task 5300
2023-07-07 14:59:00.588 worker_log:602 7388 MainThread [INFO]  Completed executor task 5300
2023-07-07 14:59:00.589 worker_log:613 7388 MainThread [INFO]  All processing finished for executor task 5300
2023-07-07 14:59:00.600 worker_log:584 7388 MainThread [INFO]  Received executor task 5316
2023-07-07 14:59:15.522 worker_log:602 7388 MainThread [INFO]  Completed executor task 5316
2023-07-07 14:59:15.522 worker_log:613 7388 MainThread [INFO]  All processing finished for executor task 5316
2023-07-07 14:59:15.533 worker_log:584 7388 MainThread [INFO]  Received executor task 5321
2023-07-07 14:59:53.564 worker_log:602 7388 MainThread [INFO]  Completed executor task 5321
2023-07-07 14:59:53.564 worker_log:613 7388 MainThread [INFO]  All processing finished for executor task 5321
2023-07-07 14:59:53.575 worker_log:584 7388 MainThread [INFO]  Received executor task 5341
2023-07-07 15:00:29.375 worker_log:602 7388 MainThread [INFO]  Completed executor task 5341
2023-07-07 15:00:29.375 worker_log:613 7388 MainThread [INFO]  All processing finished for executor task 5341
2023-07-07 15:00:29.386 worker_log:584 7388 MainThread [INFO]  Received executor task 5359
2023-07-07 15:01:14.978 worker_log:602 7388 MainThread [INFO]  Completed executor task 5359
2023-07-07 15:01:14.979 worker_log:613 7388 MainThread [INFO]  All processing finished for executor task 5359
2023-07-07 15:01:14.990 worker_log:584 7388 MainThread [INFO]  Received executor task 5379
2023-07-07 15:02:07.058 worker_log:602 7388 MainThread [INFO]  Completed executor task 5379
2023-07-07 15:02:07.058 worker_log:613 7388 MainThread [INFO]  All processing finished for executor task 5379
2023-07-07 15:02:07.069 worker_log:584 7388 MainThread [INFO]  Received executor task 5400
2023-07-07 15:02:24.928 worker_log:602 7388 MainThread [INFO]  Completed executor task 5400
2023-07-07 15:02:24.929 worker_log:613 7388 MainThread [INFO]  All processing finished for executor task 5400
2023-07-07 15:02:24.941 worker_log:584 7388 MainThread [INFO]  Received executor task 5411
2023-07-07 15:02:47.289 worker_log:602 7388 MainThread [INFO]  Completed executor task 5411
2023-07-07 15:02:47.289 worker_log:613 7388 MainThread [INFO]  All processing finished for executor task 5411
2023-07-07 15:02:47.300 worker_log:584 7388 MainThread [INFO]  Received executor task 5420
2023-07-07 15:03:17.553 worker_log:602 7388 MainThread [INFO]  Completed executor task 5420
2023-07-07 15:03:17.553 worker_log:613 7388 MainThread [INFO]  All processing finished for executor task 5420
2023-07-07 15:03:17.564 worker_log:584 7388 MainThread [INFO]  Received executor task 5437
2023-07-07 15:03:43.152 worker_log:602 7388 MainThread [INFO]  Completed executor task 5437
2023-07-07 15:03:43.152 worker_log:613 7388 MainThread [INFO]  All processing finished for executor task 5437
2023-07-07 15:03:43.163 worker_log:584 7388 MainThread [INFO]  Received executor task 5450
2023-07-07 15:04:06.816 worker_log:602 7388 MainThread [INFO]  Completed executor task 5450
2023-07-07 15:04:06.817 worker_log:613 7388 MainThread [INFO]  All processing finished for executor task 5450
2023-07-07 15:04:06.828 worker_log:584 7388 MainThread [INFO]  Received executor task 5460
2023-07-07 15:04:37.011 worker_log:602 7388 MainThread [INFO]  Completed executor task 5460
2023-07-07 15:04:37.011 worker_log:613 7388 MainThread [INFO]  All processing finished for executor task 5460
2023-07-07 15:04:37.022 worker_log:584 7388 MainThread [INFO]  Received executor task 5477
2023-07-07 15:05:04.823 worker_log:602 7388 MainThread [INFO]  Completed executor task 5477
2023-07-07 15:05:04.823 worker_log:613 7388 MainThread [INFO]  All processing finished for executor task 5477
2023-07-07 15:05:04.837 worker_log:584 7388 MainThread [INFO]  Received executor task 5489
2023-07-07 15:05:48.069 worker_log:602 7388 MainThread [INFO]  Completed executor task 5489
2023-07-07 15:05:48.069 worker_log:613 7388 MainThread [INFO]  All processing finished for executor task 5489
2023-07-07 15:05:48.081 worker_log:584 7388 MainThread [INFO]  Received executor task 5505
2023-07-07 15:06:14.792 worker_log:602 7388 MainThread [INFO]  Completed executor task 5505
2023-07-07 15:06:14.792 worker_log:613 7388 MainThread [INFO]  All processing finished for executor task 5505
2023-07-07 15:06:14.803 worker_log:584 7388 MainThread [INFO]  Received executor task 5524
2023-07-07 15:06:33.402 worker_log:602 7388 MainThread [INFO]  Completed executor task 5524
2023-07-07 15:06:33.402 worker_log:613 7388 MainThread [INFO]  All processing finished for executor task 5524
2023-07-07 15:06:33.413 worker_log:584 7388 MainThread [INFO]  Received executor task 5531
2023-07-07 15:07:58.062 worker_log:602 7388 MainThread [INFO]  Completed executor task 5531
2023-07-07 15:07:58.063 worker_log:613 7388 MainThread [INFO]  All processing finished for executor task 5531
2023-07-07 15:07:58.074 worker_log:584 7388 MainThread [INFO]  Received executor task 5564
2023-07-07 15:08:50.542 worker_log:602 7388 MainThread [INFO]  Completed executor task 5564
2023-07-07 15:08:50.542 worker_log:613 7388 MainThread [INFO]  All processing finished for executor task 5564
2023-07-07 15:08:50.554 worker_log:584 7388 MainThread [INFO]  Received executor task 5592
2023-07-07 15:09:24.610 worker_log:602 7388 MainThread [INFO]  Completed executor task 5592
2023-07-07 15:09:24.611 worker_log:613 7388 MainThread [INFO]  All processing finished for executor task 5592
2023-07-07 15:09:24.622 worker_log:584 7388 MainThread [INFO]  Received executor task 5605
2023-07-07 15:09:59.825 worker_log:602 7388 MainThread [INFO]  Completed executor task 5605
2023-07-07 15:09:59.825 worker_log:613 7388 MainThread [INFO]  All processing finished for executor task 5605
2023-07-07 15:09:59.836 worker_log:584 7388 MainThread [INFO]  Received executor task 5623
2023-07-07 15:10:27.423 worker_log:602 7388 MainThread [INFO]  Completed executor task 5623
2023-07-07 15:10:27.424 worker_log:613 7388 MainThread [INFO]  All processing finished for executor task 5623
2023-07-07 15:10:27.434 worker_log:584 7388 MainThread [INFO]  Received executor task 5638
2023-07-07 15:10:51.783 worker_log:602 7388 MainThread [INFO]  Completed executor task 5638
2023-07-07 15:10:51.784 worker_log:613 7388 MainThread [INFO]  All processing finished for executor task 5638
2023-07-07 15:10:51.795 worker_log:584 7388 MainThread [INFO]  Received executor task 5651
2023-07-07 15:11:36.482 worker_log:602 7388 MainThread [INFO]  Completed executor task 5651
2023-07-07 15:11:36.482 worker_log:613 7388 MainThread [INFO]  All processing finished for executor task 5651
2023-07-07 15:11:36.493 worker_log:584 7388 MainThread [INFO]  Received executor task 5669
2023-07-07 15:11:54.524 worker_log:602 7388 MainThread [INFO]  Completed executor task 5669
2023-07-07 15:11:54.525 worker_log:613 7388 MainThread [INFO]  All processing finished for executor task 5669
2023-07-07 15:11:54.536 worker_log:584 7388 MainThread [INFO]  Received executor task 5677
2023-07-07 15:12:10.066 worker_log:602 7388 MainThread [INFO]  Completed executor task 5677
2023-07-07 15:12:10.067 worker_log:613 7388 MainThread [INFO]  All processing finished for executor task 5677
2023-07-07 15:12:10.086 worker_log:584 7388 MainThread [INFO]  Received executor task 5687
2023-07-07 15:12:41.953 worker_log:602 7388 MainThread [INFO]  Completed executor task 5687
2023-07-07 15:12:41.954 worker_log:613 7388 MainThread [INFO]  All processing finished for executor task 5687
2023-07-07 15:12:41.965 worker_log:584 7388 MainThread [INFO]  Received executor task 5702
2023-07-07 15:13:12.662 worker_log:602 7388 MainThread [INFO]  Completed executor task 5702
2023-07-07 15:13:12.662 worker_log:613 7388 MainThread [INFO]  All processing finished for executor task 5702
2023-07-07 15:13:12.674 worker_log:584 7388 MainThread [INFO]  Received executor task 5719
2023-07-07 15:13:29.274 worker_log:602 7388 MainThread [INFO]  Completed executor task 5719
2023-07-07 15:13:29.274 worker_log:613 7388 MainThread [INFO]  All processing finished for executor task 5719
2023-07-07 15:13:29.286 worker_log:584 7388 MainThread [INFO]  Received executor task 5728
2023-07-07 15:14:02.215 worker_log:602 7388 MainThread [INFO]  Completed executor task 5728
2023-07-07 15:14:02.215 worker_log:613 7388 MainThread [INFO]  All processing finished for executor task 5728
2023-07-07 15:14:02.227 worker_log:584 7388 MainThread [INFO]  Received executor task 5743
2023-07-07 15:14:42.773 worker_log:602 7388 MainThread [INFO]  Completed executor task 5743
2023-07-07 15:14:42.773 worker_log:613 7388 MainThread [INFO]  All processing finished for executor task 5743
2023-07-07 15:14:42.784 worker_log:584 7388 MainThread [INFO]  Received executor task 5758
2023-07-07 15:15:14.320 worker_log:602 7388 MainThread [INFO]  Completed executor task 5758
2023-07-07 15:15:14.320 worker_log:613 7388 MainThread [INFO]  All processing finished for executor task 5758
2023-07-07 15:15:14.331 worker_log:584 7388 MainThread [INFO]  Received executor task 5775
2023-07-07 15:15:30.835 worker_log:602 7388 MainThread [INFO]  Completed executor task 5775
2023-07-07 15:15:30.836 worker_log:613 7388 MainThread [INFO]  All processing finished for executor task 5775
2023-07-07 15:15:30.847 worker_log:584 7388 MainThread [INFO]  Received executor task 5785
2023-07-07 15:15:43.443 worker_log:602 7388 MainThread [INFO]  Completed executor task 5785
2023-07-07 15:15:43.443 worker_log:613 7388 MainThread [INFO]  All processing finished for executor task 5785
2023-07-07 15:15:43.454 worker_log:584 7388 MainThread [INFO]  Received executor task 5790
2023-07-07 15:16:02.082 worker_log:602 7388 MainThread [INFO]  Completed executor task 5790
2023-07-07 15:16:02.082 worker_log:613 7388 MainThread [INFO]  All processing finished for executor task 5790
2023-07-07 15:16:02.093 worker_log:584 7388 MainThread [INFO]  Received executor task 5796
2023-07-07 15:16:31.044 worker_log:602 7388 MainThread [INFO]  Completed executor task 5796
2023-07-07 15:16:31.045 worker_log:613 7388 MainThread [INFO]  All processing finished for executor task 5796
2023-07-07 15:16:31.056 worker_log:584 7388 MainThread [INFO]  Received executor task 5814
2023-07-07 15:16:47.884 worker_log:602 7388 MainThread [INFO]  Completed executor task 5814
2023-07-07 15:16:47.884 worker_log:613 7388 MainThread [INFO]  All processing finished for executor task 5814
2023-07-07 15:16:47.895 worker_log:584 7388 MainThread [INFO]  Received executor task 5824
2023-07-07 15:17:13.787 worker_log:602 7388 MainThread [INFO]  Completed executor task 5824
2023-07-07 15:17:13.788 worker_log:613 7388 MainThread [INFO]  All processing finished for executor task 5824
2023-07-07 15:17:13.799 worker_log:584 7388 MainThread [INFO]  Received executor task 5841
2023-07-07 15:17:32.364 worker_log:602 7388 MainThread [INFO]  Completed executor task 5841
2023-07-07 15:17:32.365 worker_log:613 7388 MainThread [INFO]  All processing finished for executor task 5841
2023-07-07 15:17:32.376 worker_log:584 7388 MainThread [INFO]  Received executor task 5850
2023-07-07 15:17:49.128 worker_log:602 7388 MainThread [INFO]  Completed executor task 5850
2023-07-07 15:17:49.128 worker_log:613 7388 MainThread [INFO]  All processing finished for executor task 5850
2023-07-07 15:17:49.139 worker_log:584 7388 MainThread [INFO]  Received executor task 5860
2023-07-07 15:18:46.121 worker_log:602 7388 MainThread [INFO]  Completed executor task 5860
2023-07-07 15:18:46.122 worker_log:613 7388 MainThread [INFO]  All processing finished for executor task 5860
2023-07-07 15:18:46.133 worker_log:584 7388 MainThread [INFO]  Received executor task 5882
2023-07-07 15:19:03.025 worker_log:602 7388 MainThread [INFO]  Completed executor task 5882
2023-07-07 15:19:03.026 worker_log:613 7388 MainThread [INFO]  All processing finished for executor task 5882
2023-07-07 15:19:03.037 worker_log:584 7388 MainThread [INFO]  Received executor task 5889
2023-07-07 15:19:53.675 worker_log:602 7388 MainThread [INFO]  Completed executor task 5889
2023-07-07 15:19:53.675 worker_log:613 7388 MainThread [INFO]  All processing finished for executor task 5889
2023-07-07 15:19:53.686 worker_log:584 7388 MainThread [INFO]  Received executor task 5915
2023-07-07 15:20:10.507 worker_log:602 7388 MainThread [INFO]  Completed executor task 5915
2023-07-07 15:20:10.508 worker_log:613 7388 MainThread [INFO]  All processing finished for executor task 5915
2023-07-07 15:20:10.519 worker_log:584 7388 MainThread [INFO]  Received executor task 5926
2023-07-07 15:20:40.801 worker_log:602 7388 MainThread [INFO]  Completed executor task 5926
2023-07-07 15:20:40.802 worker_log:613 7388 MainThread [INFO]  All processing finished for executor task 5926
2023-07-07 15:20:40.813 worker_log:584 7388 MainThread [INFO]  Received executor task 5941
2023-07-07 15:20:56.758 worker_log:602 7388 MainThread [INFO]  Completed executor task 5941
2023-07-07 15:20:56.759 worker_log:613 7388 MainThread [INFO]  All processing finished for executor task 5941
2023-07-07 15:20:56.772 worker_log:584 7388 MainThread [INFO]  Received executor task 5950
2023-07-07 15:21:43.179 worker_log:602 7388 MainThread [INFO]  Completed executor task 5950
2023-07-07 15:21:43.179 worker_log:613 7388 MainThread [INFO]  All processing finished for executor task 5950
2023-07-07 15:21:43.190 worker_log:584 7388 MainThread [INFO]  Received executor task 5968
2023-07-07 15:21:59.010 worker_log:602 7388 MainThread [INFO]  Completed executor task 5968
2023-07-07 15:21:59.011 worker_log:613 7388 MainThread [INFO]  All processing finished for executor task 5968
2023-07-07 15:21:59.022 worker_log:584 7388 MainThread [INFO]  Received executor task 5979
2023-07-07 15:22:32.110 worker_log:602 7388 MainThread [INFO]  Completed executor task 5979
2023-07-07 15:22:32.123 worker_log:613 7388 MainThread [INFO]  All processing finished for executor task 5979
2023-07-07 15:22:32.123 worker_log:584 7388 MainThread [INFO]  Received executor task 5995
2023-07-07 15:23:06.942 worker_log:602 7388 MainThread [INFO]  Completed executor task 5995
2023-07-07 15:23:06.942 worker_log:613 7388 MainThread [INFO]  All processing finished for executor task 5995
2023-07-07 15:23:06.953 worker_log:584 7388 MainThread [INFO]  Received executor task 6014
2023-07-07 15:23:23.383 worker_log:602 7388 MainThread [INFO]  Completed executor task 6014
2023-07-07 15:23:23.383 worker_log:613 7388 MainThread [INFO]  All processing finished for executor task 6014
2023-07-07 15:23:23.394 worker_log:584 7388 MainThread [INFO]  Received executor task 6021
2023-07-07 15:23:50.566 worker_log:602 7388 MainThread [INFO]  Completed executor task 6021
2023-07-07 15:23:50.566 worker_log:613 7388 MainThread [INFO]  All processing finished for executor task 6021
2023-07-07 15:23:50.577 worker_log:584 7388 MainThread [INFO]  Received executor task 6034
2023-07-07 15:24:09.008 worker_log:602 7388 MainThread [INFO]  Completed executor task 6034
2023-07-07 15:24:09.008 worker_log:613 7388 MainThread [INFO]  All processing finished for executor task 6034
2023-07-07 15:24:09.009 worker_log:584 7388 MainThread [INFO]  Received executor task 6048
2023-07-07 15:24:27.649 worker_log:602 7388 MainThread [INFO]  Completed executor task 6048
2023-07-07 15:24:27.649 worker_log:613 7388 MainThread [INFO]  All processing finished for executor task 6048
2023-07-07 15:24:27.660 worker_log:584 7388 MainThread [INFO]  Received executor task 6056
2023-07-07 15:24:47.997 worker_log:602 7388 MainThread [INFO]  Completed executor task 6056
2023-07-07 15:24:47.998 worker_log:613 7388 MainThread [INFO]  All processing finished for executor task 6056
2023-07-07 15:24:48.008 worker_log:584 7388 MainThread [INFO]  Received executor task 6069
2023-07-07 15:25:18.326 worker_log:602 7388 MainThread [INFO]  Completed executor task 6069
2023-07-07 15:25:18.327 worker_log:613 7388 MainThread [INFO]  All processing finished for executor task 6069
2023-07-07 15:25:18.338 worker_log:584 7388 MainThread [INFO]  Received executor task 6085
2023-07-07 15:25:48.336 worker_log:602 7388 MainThread [INFO]  Completed executor task 6085
2023-07-07 15:25:48.337 worker_log:613 7388 MainThread [INFO]  All processing finished for executor task 6085
2023-07-07 15:25:48.348 worker_log:584 7388 MainThread [INFO]  Received executor task 6100
2023-07-07 15:26:08.855 worker_log:602 7388 MainThread [INFO]  Completed executor task 6100
2023-07-07 15:26:08.856 worker_log:613 7388 MainThread [INFO]  All processing finished for executor task 6100
2023-07-07 15:26:08.867 worker_log:584 7388 MainThread [INFO]  Received executor task 6113
2023-07-07 15:26:15.900 worker_log:602 7388 MainThread [INFO]  Completed executor task 6113
2023-07-07 15:26:15.900 worker_log:613 7388 MainThread [INFO]  All processing finished for executor task 6113
2023-07-07 15:26:15.911 worker_log:584 7388 MainThread [INFO]  Received executor task 6120
2023-07-07 15:26:42.810 worker_log:602 7388 MainThread [INFO]  Completed executor task 6120
2023-07-07 15:26:42.825 worker_log:613 7388 MainThread [INFO]  All processing finished for executor task 6120
2023-07-07 15:26:42.827 worker_log:584 7388 MainThread [INFO]  Received executor task 6136
2023-07-07 15:27:19.917 worker_log:602 7388 MainThread [INFO]  Completed executor task 6136
2023-07-07 15:27:19.918 worker_log:613 7388 MainThread [INFO]  All processing finished for executor task 6136
2023-07-07 15:27:19.929 worker_log:584 7388 MainThread [INFO]  Received executor task 6149
2023-07-07 15:27:33.432 worker_log:602 7388 MainThread [INFO]  Completed executor task 6149
2023-07-07 15:27:33.432 worker_log:613 7388 MainThread [INFO]  All processing finished for executor task 6149
2023-07-07 15:27:33.443 worker_log:584 7388 MainThread [INFO]  Received executor task 6154
2023-07-07 15:27:55.644 worker_log:602 7388 MainThread [INFO]  Completed executor task 6154
2023-07-07 15:27:55.645 worker_log:613 7388 MainThread [INFO]  All processing finished for executor task 6154
2023-07-07 15:27:55.657 worker_log:584 7388 MainThread [INFO]  Received executor task 6168
2023-07-07 15:28:22.781 worker_log:602 7388 MainThread [INFO]  Completed executor task 6168
2023-07-07 15:28:22.782 worker_log:613 7388 MainThread [INFO]  All processing finished for executor task 6168
2023-07-07 15:28:22.795 worker_log:584 7388 MainThread [INFO]  Received executor task 6187
2023-07-07 15:28:53.131 worker_log:602 7388 MainThread [INFO]  Completed executor task 6187
2023-07-07 15:28:53.131 worker_log:613 7388 MainThread [INFO]  All processing finished for executor task 6187
2023-07-07 15:28:53.143 worker_log:584 7388 MainThread [INFO]  Received executor task 6205
2023-07-07 15:29:12.584 worker_log:602 7388 MainThread [INFO]  Completed executor task 6205
2023-07-07 15:29:12.584 worker_log:613 7388 MainThread [INFO]  All processing finished for executor task 6205
2023-07-07 15:29:12.595 worker_log:584 7388 MainThread [INFO]  Received executor task 6216
2023-07-07 15:30:03.734 worker_log:602 7388 MainThread [INFO]  Completed executor task 6216
2023-07-07 15:30:03.734 worker_log:613 7388 MainThread [INFO]  All processing finished for executor task 6216
2023-07-07 15:30:03.745 worker_log:584 7388 MainThread [INFO]  Received executor task 6243
2023-07-07 15:30:55.345 worker_log:602 7388 MainThread [INFO]  Completed executor task 6243
2023-07-07 15:30:55.345 worker_log:613 7388 MainThread [INFO]  All processing finished for executor task 6243
2023-07-07 15:30:55.356 worker_log:584 7388 MainThread [INFO]  Received executor task 6269
2023-07-07 15:31:14.474 worker_log:602 7388 MainThread [INFO]  Completed executor task 6269
2023-07-07 15:31:14.474 worker_log:613 7388 MainThread [INFO]  All processing finished for executor task 6269
2023-07-07 15:31:14.485 worker_log:584 7388 MainThread [INFO]  Received executor task 6282
2023-07-07 15:31:35.521 worker_log:602 7388 MainThread [INFO]  Completed executor task 6282
2023-07-07 15:31:35.522 worker_log:613 7388 MainThread [INFO]  All processing finished for executor task 6282
2023-07-07 15:31:35.533 worker_log:584 7388 MainThread [INFO]  Received executor task 6295
2023-07-07 15:32:06.515 worker_log:602 7388 MainThread [INFO]  Completed executor task 6295
2023-07-07 15:32:06.516 worker_log:613 7388 MainThread [INFO]  All processing finished for executor task 6295
2023-07-07 15:32:06.528 worker_log:584 7388 MainThread [INFO]  Received executor task 6312
2023-07-07 15:32:37.421 worker_log:602 7388 MainThread [INFO]  Completed executor task 6312
2023-07-07 15:32:37.435 worker_log:613 7388 MainThread [INFO]  All processing finished for executor task 6312
2023-07-07 15:32:37.435 worker_log:584 7388 MainThread [INFO]  Received executor task 6325
2023-07-07 15:33:24.227 worker_log:602 7388 MainThread [INFO]  Completed executor task 6325
2023-07-07 15:33:24.227 worker_log:613 7388 MainThread [INFO]  All processing finished for executor task 6325
2023-07-07 15:33:24.238 worker_log:584 7388 MainThread [INFO]  Received executor task 6349
2023-07-07 15:34:02.424 worker_log:602 7388 MainThread [INFO]  Completed executor task 6349
2023-07-07 15:34:02.424 worker_log:613 7388 MainThread [INFO]  All processing finished for executor task 6349
2023-07-07 15:34:02.435 worker_log:584 7388 MainThread [INFO]  Received executor task 6367
2023-07-07 15:34:52.946 worker_log:602 7388 MainThread [INFO]  Completed executor task 6367
2023-07-07 15:34:52.946 worker_log:613 7388 MainThread [INFO]  All processing finished for executor task 6367
2023-07-07 15:34:52.957 worker_log:584 7388 MainThread [INFO]  Received executor task 6388
2023-07-07 15:35:29.593 worker_log:602 7388 MainThread [INFO]  Completed executor task 6388
2023-07-07 15:35:29.594 worker_log:613 7388 MainThread [INFO]  All processing finished for executor task 6388
2023-07-07 15:35:29.605 worker_log:584 7388 MainThread [INFO]  Received executor task 6405
2023-07-07 15:36:06.457 worker_log:602 7388 MainThread [INFO]  Completed executor task 6405
2023-07-07 15:36:06.457 worker_log:613 7388 MainThread [INFO]  All processing finished for executor task 6405
2023-07-07 15:36:06.468 worker_log:584 7388 MainThread [INFO]  Received executor task 6425
2023-07-07 15:36:59.143 worker_log:602 7388 MainThread [INFO]  Completed executor task 6425
2023-07-07 15:36:59.144 worker_log:613 7388 MainThread [INFO]  All processing finished for executor task 6425
2023-07-07 15:36:59.156 worker_log:584 7388 MainThread [INFO]  Received executor task 6448
2023-07-07 15:37:14.385 worker_log:602 7388 MainThread [INFO]  Completed executor task 6448
2023-07-07 15:37:14.385 worker_log:613 7388 MainThread [INFO]  All processing finished for executor task 6448
2023-07-07 15:37:14.397 worker_log:584 7388 MainThread [INFO]  Received executor task 6452
2023-07-07 15:37:33.259 worker_log:602 7388 MainThread [INFO]  Completed executor task 6452
2023-07-07 15:37:33.259 worker_log:613 7388 MainThread [INFO]  All processing finished for executor task 6452
2023-07-07 15:37:33.270 worker_log:584 7388 MainThread [INFO]  Received executor task 6462
2023-07-07 15:37:51.770 worker_log:602 7388 MainThread [INFO]  Completed executor task 6462
2023-07-07 15:37:51.770 worker_log:613 7388 MainThread [INFO]  All processing finished for executor task 6462
2023-07-07 15:37:51.781 worker_log:584 7388 MainThread [INFO]  Received executor task 6472
2023-07-07 15:38:37.912 worker_log:602 7388 MainThread [INFO]  Completed executor task 6472
2023-07-07 15:38:37.913 worker_log:613 7388 MainThread [INFO]  All processing finished for executor task 6472
2023-07-07 15:38:37.924 worker_log:584 7388 MainThread [INFO]  Received executor task 6494
2023-07-07 15:39:29.730 worker_log:602 7388 MainThread [INFO]  Completed executor task 6494
2023-07-07 15:39:29.730 worker_log:613 7388 MainThread [INFO]  All processing finished for executor task 6494
2023-07-07 15:39:29.741 worker_log:584 7388 MainThread [INFO]  Received executor task 6519
2023-07-07 15:40:01.343 worker_log:602 7388 MainThread [INFO]  Completed executor task 6519
2023-07-07 15:40:01.343 worker_log:613 7388 MainThread [INFO]  All processing finished for executor task 6519
2023-07-07 15:40:01.354 worker_log:584 7388 MainThread [INFO]  Received executor task 6531
2023-07-07 15:40:30.229 worker_log:602 7388 MainThread [INFO]  Completed executor task 6531
2023-07-07 15:40:30.242 worker_log:613 7388 MainThread [INFO]  All processing finished for executor task 6531
2023-07-07 15:40:30.242 worker_log:584 7388 MainThread [INFO]  Received executor task 6544
2023-07-07 15:41:21.118 worker_log:602 7388 MainThread [INFO]  Completed executor task 6544
2023-07-07 15:41:21.118 worker_log:613 7388 MainThread [INFO]  All processing finished for executor task 6544
2023-07-07 15:41:21.130 worker_log:584 7388 MainThread [INFO]  Received executor task 6571
2023-07-07 15:41:30.439 worker_log:602 7388 MainThread [INFO]  Completed executor task 6571
2023-07-07 15:41:30.440 worker_log:613 7388 MainThread [INFO]  All processing finished for executor task 6571
2023-07-07 15:41:30.451 worker_log:584 7388 MainThread [INFO]  Received executor task 6576
2023-07-07 15:41:50.981 worker_log:602 7388 MainThread [INFO]  Completed executor task 6576
2023-07-07 15:41:50.982 worker_log:613 7388 MainThread [INFO]  All processing finished for executor task 6576
2023-07-07 15:41:50.993 worker_log:584 7388 MainThread [INFO]  Received executor task 6590
2023-07-07 15:42:28.355 worker_log:602 7388 MainThread [INFO]  Completed executor task 6590
2023-07-07 15:42:28.355 worker_log:613 7388 MainThread [INFO]  All processing finished for executor task 6590
2023-07-07 15:42:28.367 worker_log:584 7388 MainThread [INFO]  Received executor task 6610
2023-07-07 15:42:42.539 worker_log:602 7388 MainThread [INFO]  Completed executor task 6610
2023-07-07 15:42:42.539 worker_log:613 7388 MainThread [INFO]  All processing finished for executor task 6610
2023-07-07 15:42:42.540 worker_log:584 7388 MainThread [INFO]  Received executor task 6615
2023-07-07 15:43:16.030 worker_log:602 7388 MainThread [INFO]  Completed executor task 6615
2023-07-07 15:43:16.030 worker_log:613 7388 MainThread [INFO]  All processing finished for executor task 6615
2023-07-07 15:43:16.041 worker_log:584 7388 MainThread [INFO]  Received executor task 6636
2023-07-07 15:43:35.436 worker_log:602 7388 MainThread [INFO]  Completed executor task 6636
2023-07-07 15:43:35.436 worker_log:613 7388 MainThread [INFO]  All processing finished for executor task 6636
2023-07-07 15:43:35.447 worker_log:584 7388 MainThread [INFO]  Received executor task 6643
2023-07-07 15:43:47.898 worker_log:602 7388 MainThread [INFO]  Completed executor task 6643
2023-07-07 15:43:47.898 worker_log:613 7388 MainThread [INFO]  All processing finished for executor task 6643
2023-07-07 15:43:47.909 worker_log:584 7388 MainThread [INFO]  Received executor task 6652
2023-07-07 15:44:00.117 worker_log:602 7388 MainThread [INFO]  Completed executor task 6652
2023-07-07 15:44:00.117 worker_log:613 7388 MainThread [INFO]  All processing finished for executor task 6652
2023-07-07 15:44:00.128 worker_log:584 7388 MainThread [INFO]  Received executor task 6659
2023-07-07 15:44:27.002 worker_log:602 7388 MainThread [INFO]  Completed executor task 6659
2023-07-07 15:44:27.003 worker_log:613 7388 MainThread [INFO]  All processing finished for executor task 6659
2023-07-07 15:44:27.014 worker_log:584 7388 MainThread [INFO]  Received executor task 6673
2023-07-07 15:45:37.770 worker_log:602 7388 MainThread [INFO]  Completed executor task 6673
2023-07-07 15:45:37.771 worker_log:613 7388 MainThread [INFO]  All processing finished for executor task 6673
2023-07-07 15:45:37.782 worker_log:584 7388 MainThread [INFO]  Received executor task 6703
2023-07-07 15:46:08.227 worker_log:602 7388 MainThread [INFO]  Completed executor task 6703
2023-07-07 15:46:08.228 worker_log:613 7388 MainThread [INFO]  All processing finished for executor task 6703
2023-07-07 15:46:08.238 worker_log:584 7388 MainThread [INFO]  Received executor task 6716
2023-07-07 15:47:01.892 worker_log:602 7388 MainThread [INFO]  Completed executor task 6716
2023-07-07 15:47:01.893 worker_log:613 7388 MainThread [INFO]  All processing finished for executor task 6716
2023-07-07 15:47:01.913 worker_log:584 7388 MainThread [INFO]  Received executor task 6744
2023-07-07 15:47:25.175 worker_log:602 7388 MainThread [INFO]  Completed executor task 6744
2023-07-07 15:47:25.176 worker_log:613 7388 MainThread [INFO]  All processing finished for executor task 6744
2023-07-07 15:47:25.187 worker_log:584 7388 MainThread [INFO]  Received executor task 6757
2023-07-07 15:47:51.753 worker_log:602 7388 MainThread [INFO]  Completed executor task 6757
2023-07-07 15:47:51.767 worker_log:613 7388 MainThread [INFO]  All processing finished for executor task 6757
2023-07-07 15:47:51.767 worker_log:584 7388 MainThread [INFO]  Received executor task 6775
2023-07-07 15:48:07.673 worker_log:602 7388 MainThread [INFO]  Completed executor task 6775
2023-07-07 15:48:07.673 worker_log:613 7388 MainThread [INFO]  All processing finished for executor task 6775
2023-07-07 15:48:07.684 worker_log:584 7388 MainThread [INFO]  Received executor task 6783
2023-07-07 15:48:35.625 worker_log:602 7388 MainThread [INFO]  Completed executor task 6783
2023-07-07 15:48:35.626 worker_log:613 7388 MainThread [INFO]  All processing finished for executor task 6783
2023-07-07 15:48:35.638 worker_log:584 7388 MainThread [INFO]  Received executor task 6795
2023-07-07 15:49:26.327 worker_log:602 7388 MainThread [INFO]  Completed executor task 6795
2023-07-07 15:49:26.328 worker_log:613 7388 MainThread [INFO]  All processing finished for executor task 6795
2023-07-07 15:49:26.339 worker_log:584 7388 MainThread [INFO]  Received executor task 6829
2023-07-07 15:50:05.439 worker_log:602 7388 MainThread [INFO]  Completed executor task 6829
2023-07-07 15:50:05.440 worker_log:613 7388 MainThread [INFO]  All processing finished for executor task 6829
2023-07-07 15:50:05.451 worker_log:584 7388 MainThread [INFO]  Received executor task 6850
2023-07-07 15:50:22.579 worker_log:602 7388 MainThread [INFO]  Completed executor task 6850
2023-07-07 15:50:22.580 worker_log:613 7388 MainThread [INFO]  All processing finished for executor task 6850
2023-07-07 15:50:22.591 worker_log:584 7388 MainThread [INFO]  Received executor task 6857
2023-07-07 15:50:53.817 worker_log:602 7388 MainThread [INFO]  Completed executor task 6857
2023-07-07 15:50:53.818 worker_log:613 7388 MainThread [INFO]  All processing finished for executor task 6857
2023-07-07 15:50:53.819 worker_log:584 7388 MainThread [INFO]  Received executor task 6873
2023-07-07 15:51:22.318 worker_log:602 7388 MainThread [INFO]  Completed executor task 6873
2023-07-07 15:51:22.318 worker_log:613 7388 MainThread [INFO]  All processing finished for executor task 6873
2023-07-07 15:51:22.329 worker_log:584 7388 MainThread [INFO]  Received executor task 6894
2023-07-07 15:52:10.681 worker_log:602 7388 MainThread [INFO]  Completed executor task 6894
2023-07-07 15:52:10.682 worker_log:613 7388 MainThread [INFO]  All processing finished for executor task 6894
2023-07-07 15:52:10.683 worker_log:584 7388 MainThread [INFO]  Received executor task 6921
2023-07-07 15:52:24.052 worker_log:602 7388 MainThread [INFO]  Completed executor task 6921
2023-07-07 15:52:24.052 worker_log:613 7388 MainThread [INFO]  All processing finished for executor task 6921
2023-07-07 15:52:24.063 worker_log:584 7388 MainThread [INFO]  Received executor task 6931
2023-07-07 15:53:02.903 worker_log:602 7388 MainThread [INFO]  Completed executor task 6931
2023-07-07 15:53:02.903 worker_log:613 7388 MainThread [INFO]  All processing finished for executor task 6931
2023-07-07 15:53:02.915 worker_log:584 7388 MainThread [INFO]  Received executor task 6945
2023-07-07 15:53:35.996 worker_log:602 7388 MainThread [INFO]  Completed executor task 6945
2023-07-07 15:53:35.997 worker_log:613 7388 MainThread [INFO]  All processing finished for executor task 6945
2023-07-07 15:53:36.008 worker_log:584 7388 MainThread [INFO]  Received executor task 6963
2023-07-07 15:54:03.104 worker_log:602 7388 MainThread [INFO]  Completed executor task 6963
2023-07-07 15:54:03.105 worker_log:613 7388 MainThread [INFO]  All processing finished for executor task 6963
2023-07-07 15:54:03.116 worker_log:584 7388 MainThread [INFO]  Received executor task 6980
2023-07-07 15:54:44.839 worker_log:602 7388 MainThread [INFO]  Completed executor task 6980
2023-07-07 15:54:44.840 worker_log:613 7388 MainThread [INFO]  All processing finished for executor task 6980
2023-07-07 15:54:44.851 worker_log:584 7388 MainThread [INFO]  Received executor task 7000
2023-07-07 15:55:17.910 worker_log:602 7388 MainThread [INFO]  Completed executor task 7000
2023-07-07 15:55:17.916 worker_log:613 7388 MainThread [INFO]  All processing finished for executor task 7000
2023-07-07 15:55:17.922 worker_log:584 7388 MainThread [INFO]  Received executor task 7017
2023-07-07 15:55:50.213 worker_log:602 7388 MainThread [INFO]  Completed executor task 7017
2023-07-07 15:55:50.213 worker_log:613 7388 MainThread [INFO]  All processing finished for executor task 7017
2023-07-07 15:55:50.225 worker_log:584 7388 MainThread [INFO]  Received executor task 7033
2023-07-07 15:56:10.482 worker_log:602 7388 MainThread [INFO]  Completed executor task 7033
2023-07-07 15:56:10.483 worker_log:613 7388 MainThread [INFO]  All processing finished for executor task 7033
2023-07-07 15:56:10.494 worker_log:584 7388 MainThread [INFO]  Received executor task 7042
2023-07-07 15:56:23.604 worker_log:602 7388 MainThread [INFO]  Completed executor task 7042
2023-07-07 15:56:23.604 worker_log:613 7388 MainThread [INFO]  All processing finished for executor task 7042
2023-07-07 15:56:23.616 worker_log:584 7388 MainThread [INFO]  Received executor task 7050
2023-07-07 15:56:36.605 worker_log:602 7388 MainThread [INFO]  Completed executor task 7050
2023-07-07 15:56:36.605 worker_log:613 7388 MainThread [INFO]  All processing finished for executor task 7050
2023-07-07 15:56:36.616 worker_log:584 7388 MainThread [INFO]  Received executor task 7057
2023-07-07 15:56:52.557 worker_log:602 7388 MainThread [INFO]  Completed executor task 7057
2023-07-07 15:56:52.558 worker_log:613 7388 MainThread [INFO]  All processing finished for executor task 7057
2023-07-07 15:56:52.569 worker_log:584 7388 MainThread [INFO]  Received executor task 7067
2023-07-07 15:57:29.187 worker_log:602 7388 MainThread [INFO]  Completed executor task 7067
2023-07-07 15:57:29.197 worker_log:613 7388 MainThread [INFO]  All processing finished for executor task 7067
2023-07-07 15:57:29.199 worker_log:584 7388 MainThread [INFO]  Received executor task 7084
2023-07-07 15:57:43.632 worker_log:602 7388 MainThread [INFO]  Completed executor task 7084
2023-07-07 15:57:43.633 worker_log:613 7388 MainThread [INFO]  All processing finished for executor task 7084
2023-07-07 15:57:43.645 worker_log:584 7388 MainThread [INFO]  Received executor task 7094
2023-07-07 15:58:08.914 worker_log:602 7388 MainThread [INFO]  Completed executor task 7094
2023-07-07 15:58:08.914 worker_log:613 7388 MainThread [INFO]  All processing finished for executor task 7094
2023-07-07 15:58:08.925 worker_log:584 7388 MainThread [INFO]  Received executor task 7106
2023-07-07 15:58:22.348 worker_log:602 7388 MainThread [INFO]  Completed executor task 7106
2023-07-07 15:58:22.349 worker_log:613 7388 MainThread [INFO]  All processing finished for executor task 7106
2023-07-07 15:58:22.360 worker_log:584 7388 MainThread [INFO]  Received executor task 7114
2023-07-07 15:59:02.009 worker_log:602 7388 MainThread [INFO]  Completed executor task 7114
2023-07-07 15:59:02.009 worker_log:613 7388 MainThread [INFO]  All processing finished for executor task 7114
2023-07-07 15:59:02.017 worker_log:584 7388 MainThread [INFO]  Received executor task 7133
2023-07-07 15:59:58.616 worker_log:602 7388 MainThread [INFO]  Completed executor task 7133
2023-07-07 15:59:58.617 worker_log:613 7388 MainThread [INFO]  All processing finished for executor task 7133
2023-07-07 15:59:58.628 worker_log:584 7388 MainThread [INFO]  Received executor task 7161
2023-07-07 16:00:34.188 worker_log:602 7388 MainThread [INFO]  Completed executor task 7161
2023-07-07 16:00:34.198 worker_log:613 7388 MainThread [INFO]  All processing finished for executor task 7161
2023-07-07 16:00:34.210 worker_log:584 7388 MainThread [INFO]  Received executor task 7175
2023-07-07 16:00:52.876 worker_log:602 7388 MainThread [INFO]  Completed executor task 7175
2023-07-07 16:00:52.877 worker_log:613 7388 MainThread [INFO]  All processing finished for executor task 7175
2023-07-07 16:00:52.888 worker_log:584 7388 MainThread [INFO]  Received executor task 7188
2023-07-07 16:01:26.333 worker_log:602 7388 MainThread [INFO]  Completed executor task 7188
2023-07-07 16:01:26.333 worker_log:613 7388 MainThread [INFO]  All processing finished for executor task 7188
2023-07-07 16:01:26.344 worker_log:584 7388 MainThread [INFO]  Received executor task 7205
2023-07-07 16:02:09.283 worker_log:602 7388 MainThread [INFO]  Completed executor task 7205
2023-07-07 16:02:09.283 worker_log:613 7388 MainThread [INFO]  All processing finished for executor task 7205
2023-07-07 16:02:09.295 worker_log:584 7388 MainThread [INFO]  Received executor task 7220
2023-07-07 16:02:52.124 worker_log:602 7388 MainThread [INFO]  Completed executor task 7220
2023-07-07 16:02:52.125 worker_log:613 7388 MainThread [INFO]  All processing finished for executor task 7220
2023-07-07 16:02:52.137 worker_log:584 7388 MainThread [INFO]  Received executor task 7235
2023-07-07 16:03:23.350 worker_log:602 7388 MainThread [INFO]  Completed executor task 7235
2023-07-07 16:03:23.350 worker_log:613 7388 MainThread [INFO]  All processing finished for executor task 7235
2023-07-07 16:03:23.361 worker_log:584 7388 MainThread [INFO]  Received executor task 7246
2023-07-07 16:04:07.374 worker_log:602 7388 MainThread [INFO]  Completed executor task 7246
2023-07-07 16:04:07.375 worker_log:613 7388 MainThread [INFO]  All processing finished for executor task 7246
2023-07-07 16:04:07.386 worker_log:584 7388 MainThread [INFO]  Received executor task 7260
2023-07-07 16:04:59.906 worker_log:602 7388 MainThread [INFO]  Completed executor task 7260
2023-07-07 16:04:59.907 worker_log:613 7388 MainThread [INFO]  All processing finished for executor task 7260
2023-07-07 16:04:59.918 worker_log:584 7388 MainThread [INFO]  Received executor task 7280
2023-07-07 16:06:22.586 worker_log:602 7388 MainThread [INFO]  Completed executor task 7280
2023-07-07 16:06:22.586 worker_log:613 7388 MainThread [INFO]  All processing finished for executor task 7280
2023-07-07 16:06:22.598 worker_log:584 7388 MainThread [INFO]  Received executor task 7308
2023-07-07 16:07:46.879 worker_log:602 7388 MainThread [INFO]  Completed executor task 7308
2023-07-07 16:07:46.879 worker_log:613 7388 MainThread [INFO]  All processing finished for executor task 7308
2023-07-07 16:07:46.890 worker_log:584 7388 MainThread [INFO]  Received executor task 7346
2023-07-07 16:08:50.022 worker_log:602 7388 MainThread [INFO]  Completed executor task 7346
2023-07-07 16:08:50.022 worker_log:613 7388 MainThread [INFO]  All processing finished for executor task 7346
2023-07-07 16:08:50.034 worker_log:584 7388 MainThread [INFO]  Received executor task 7373
2023-07-07 16:09:09.295 worker_log:602 7388 MainThread [INFO]  Completed executor task 7373
2023-07-07 16:09:09.295 worker_log:613 7388 MainThread [INFO]  All processing finished for executor task 7373
2023-07-07 16:09:09.306 worker_log:584 7388 MainThread [INFO]  Received executor task 7381
2023-07-07 16:09:54.681 worker_log:602 7388 MainThread [INFO]  Completed executor task 7381
2023-07-07 16:09:54.682 worker_log:613 7388 MainThread [INFO]  All processing finished for executor task 7381
2023-07-07 16:09:54.693 worker_log:584 7388 MainThread [INFO]  Received executor task 7403
2023-07-07 16:11:00.318 worker_log:602 7388 MainThread [INFO]  Completed executor task 7403
2023-07-07 16:11:00.318 worker_log:613 7388 MainThread [INFO]  All processing finished for executor task 7403
2023-07-07 16:11:00.329 worker_log:584 7388 MainThread [INFO]  Received executor task 7425
2023-07-07 16:11:34.830 worker_log:602 7388 MainThread [INFO]  Completed executor task 7425
2023-07-07 16:11:34.843 worker_log:613 7388 MainThread [INFO]  All processing finished for executor task 7425
2023-07-07 16:11:34.843 worker_log:584 7388 MainThread [INFO]  Received executor task 7438
2023-07-07 16:11:59.034 worker_log:602 7388 MainThread [INFO]  Completed executor task 7438
2023-07-07 16:11:59.035 worker_log:613 7388 MainThread [INFO]  All processing finished for executor task 7438
2023-07-07 16:11:59.046 worker_log:584 7388 MainThread [INFO]  Received executor task 7447
2023-07-07 16:12:22.626 worker_log:602 7388 MainThread [INFO]  Completed executor task 7447
2023-07-07 16:12:22.627 worker_log:613 7388 MainThread [INFO]  All processing finished for executor task 7447
2023-07-07 16:12:22.638 worker_log:584 7388 MainThread [INFO]  Received executor task 7458
2023-07-07 16:12:39.391 worker_log:602 7388 MainThread [INFO]  Completed executor task 7458
2023-07-07 16:12:39.391 worker_log:613 7388 MainThread [INFO]  All processing finished for executor task 7458
2023-07-07 16:12:39.403 worker_log:584 7388 MainThread [INFO]  Received executor task 7466
2023-07-07 16:12:50.771 worker_log:602 7388 MainThread [INFO]  Completed executor task 7466
2023-07-07 16:12:50.772 worker_log:613 7388 MainThread [INFO]  All processing finished for executor task 7466
2023-07-07 16:12:50.783 worker_log:584 7388 MainThread [INFO]  Received executor task 7472
2023-07-07 16:13:33.567 worker_log:602 7388 MainThread [INFO]  Completed executor task 7472
2023-07-07 16:13:33.567 worker_log:613 7388 MainThread [INFO]  All processing finished for executor task 7472
2023-07-07 16:13:33.578 worker_log:584 7388 MainThread [INFO]  Received executor task 7497
2023-07-07 16:14:30.787 worker_log:602 7388 MainThread [INFO]  Completed executor task 7497
2023-07-07 16:14:30.787 worker_log:613 7388 MainThread [INFO]  All processing finished for executor task 7497
2023-07-07 16:14:30.799 worker_log:584 7388 MainThread [INFO]  Received executor task 7524
2023-07-07 16:15:08.610 worker_log:602 7388 MainThread [INFO]  Completed executor task 7524
2023-07-07 16:15:08.610 worker_log:613 7388 MainThread [INFO]  All processing finished for executor task 7524
2023-07-07 16:15:08.621 worker_log:584 7388 MainThread [INFO]  Received executor task 7543
2023-07-07 16:15:44.348 worker_log:602 7388 MainThread [INFO]  Completed executor task 7543
2023-07-07 16:15:44.348 worker_log:613 7388 MainThread [INFO]  All processing finished for executor task 7543
2023-07-07 16:15:44.361 worker_log:584 7388 MainThread [INFO]  Received executor task 7561
2023-07-07 16:16:40.914 worker_log:602 7388 MainThread [INFO]  Completed executor task 7561
2023-07-07 16:16:40.915 worker_log:613 7388 MainThread [INFO]  All processing finished for executor task 7561
2023-07-07 16:16:40.927 worker_log:584 7388 MainThread [INFO]  Received executor task 7592
2023-07-07 16:17:12.550 worker_log:602 7388 MainThread [INFO]  Completed executor task 7592
2023-07-07 16:17:12.550 worker_log:613 7388 MainThread [INFO]  All processing finished for executor task 7592
2023-07-07 16:17:12.561 worker_log:584 7388 MainThread [INFO]  Received executor task 7612
2023-07-07 16:19:00.543 worker_log:602 7388 MainThread [INFO]  Completed executor task 7612
2023-07-07 16:19:00.543 worker_log:613 7388 MainThread [INFO]  All processing finished for executor task 7612
2023-07-07 16:19:00.554 worker_log:584 7388 MainThread [INFO]  Received executor task 7654
2023-07-07 16:19:27.068 worker_log:602 7388 MainThread [INFO]  Completed executor task 7654
2023-07-07 16:19:27.068 worker_log:613 7388 MainThread [INFO]  All processing finished for executor task 7654
2023-07-07 16:19:27.079 worker_log:584 7388 MainThread [INFO]  Received executor task 7668
2023-07-07 16:19:41.592 worker_log:602 7388 MainThread [INFO]  Completed executor task 7668
2023-07-07 16:19:41.592 worker_log:613 7388 MainThread [INFO]  All processing finished for executor task 7668
2023-07-07 16:19:41.603 worker_log:584 7388 MainThread [INFO]  Received executor task 7676
2023-07-07 16:20:13.270 worker_log:602 7388 MainThread [INFO]  Completed executor task 7676
2023-07-07 16:20:13.271 worker_log:613 7388 MainThread [INFO]  All processing finished for executor task 7676
2023-07-07 16:20:13.282 worker_log:584 7388 MainThread [INFO]  Received executor task 7690
2023-07-07 16:20:43.230 worker_log:602 7388 MainThread [INFO]  Completed executor task 7690
2023-07-07 16:20:43.237 worker_log:613 7388 MainThread [INFO]  All processing finished for executor task 7690
2023-07-07 16:20:43.242 worker_log:584 7388 MainThread [INFO]  Received executor task 7705
2023-07-07 16:21:00.090 worker_log:602 7388 MainThread [INFO]  Completed executor task 7705
2023-07-07 16:21:00.091 worker_log:613 7388 MainThread [INFO]  All processing finished for executor task 7705
2023-07-07 16:21:00.102 worker_log:584 7388 MainThread [INFO]  Received executor task 7716
2023-07-07 16:22:06.072 worker_log:602 7388 MainThread [INFO]  Completed executor task 7716
2023-07-07 16:22:06.073 worker_log:613 7388 MainThread [INFO]  All processing finished for executor task 7716
2023-07-07 16:22:06.089 worker_log:584 7388 MainThread [INFO]  Received executor task 7748
2023-07-07 16:22:47.291 worker_log:602 7388 MainThread [INFO]  Completed executor task 7748
2023-07-07 16:22:47.292 worker_log:613 7388 MainThread [INFO]  All processing finished for executor task 7748
2023-07-07 16:22:47.303 worker_log:584 7388 MainThread [INFO]  Received executor task 7769
2023-07-07 16:23:17.635 worker_log:602 7388 MainThread [INFO]  Completed executor task 7769
2023-07-07 16:23:17.636 worker_log:613 7388 MainThread [INFO]  All processing finished for executor task 7769
2023-07-07 16:23:17.647 worker_log:584 7388 MainThread [INFO]  Received executor task 7789
2023-07-07 16:23:31.422 worker_log:602 7388 MainThread [INFO]  Completed executor task 7789
2023-07-07 16:23:31.423 worker_log:613 7388 MainThread [INFO]  All processing finished for executor task 7789
2023-07-07 16:23:31.434 worker_log:584 7388 MainThread [INFO]  Received executor task 7797
2023-07-07 16:23:42.302 worker_log:602 7388 MainThread [INFO]  Completed executor task 7797
2023-07-07 16:23:42.303 worker_log:613 7388 MainThread [INFO]  All processing finished for executor task 7797
2023-07-07 16:23:42.314 worker_log:584 7388 MainThread [INFO]  Received executor task 7806
2023-07-07 16:24:09.194 worker_log:602 7388 MainThread [INFO]  Completed executor task 7806
2023-07-07 16:24:09.195 worker_log:613 7388 MainThread [INFO]  All processing finished for executor task 7806
2023-07-07 16:24:09.207 worker_log:584 7388 MainThread [INFO]  Received executor task 7823
2023-07-07 16:24:44.215 worker_log:602 7388 MainThread [INFO]  Completed executor task 7823
2023-07-07 16:24:44.215 worker_log:613 7388 MainThread [INFO]  All processing finished for executor task 7823
2023-07-07 16:24:44.226 worker_log:584 7388 MainThread [INFO]  Received executor task 7841
2023-07-07 16:25:07.909 worker_log:602 7388 MainThread [INFO]  Completed executor task 7841
2023-07-07 16:25:07.909 worker_log:613 7388 MainThread [INFO]  All processing finished for executor task 7841
2023-07-07 16:25:07.920 worker_log:584 7388 MainThread [INFO]  Received executor task 7854
2023-07-07 16:26:02.585 worker_log:602 7388 MainThread [INFO]  Completed executor task 7854
2023-07-07 16:26:02.586 worker_log:613 7388 MainThread [INFO]  All processing finished for executor task 7854
2023-07-07 16:26:02.597 worker_log:584 7388 MainThread [INFO]  Received executor task 7878
2023-07-07 16:26:30.580 worker_log:602 7388 MainThread [INFO]  Completed executor task 7878
2023-07-07 16:26:30.580 worker_log:613 7388 MainThread [INFO]  All processing finished for executor task 7878
2023-07-07 16:26:30.592 worker_log:584 7388 MainThread [INFO]  Received executor task 7894
2023-07-07 16:28:02.987 worker_log:602 7388 MainThread [INFO]  Completed executor task 7894
2023-07-07 16:28:02.988 worker_log:613 7388 MainThread [INFO]  All processing finished for executor task 7894
2023-07-07 16:28:02.999 worker_log:584 7388 MainThread [INFO]  Received executor task 7932
2023-07-07 16:28:33.872 worker_log:602 7388 MainThread [INFO]  Completed executor task 7932
2023-07-07 16:28:33.873 worker_log:613 7388 MainThread [INFO]  All processing finished for executor task 7932
2023-07-07 16:28:33.885 worker_log:584 7388 MainThread [INFO]  Received executor task 7946
2023-07-07 16:29:56.700 worker_log:602 7388 MainThread [INFO]  Completed executor task 7946
2023-07-07 16:29:56.701 worker_log:613 7388 MainThread [INFO]  All processing finished for executor task 7946
2023-07-07 16:29:56.712 worker_log:584 7388 MainThread [INFO]  Received executor task 7982
2023-07-07 16:30:26.989 worker_log:602 7388 MainThread [INFO]  Completed executor task 7982
2023-07-07 16:30:26.990 worker_log:613 7388 MainThread [INFO]  All processing finished for executor task 7982
2023-07-07 16:30:27.001 worker_log:584 7388 MainThread [INFO]  Received executor task 7997
2023-07-07 16:33:39.656 worker_log:602 7388 MainThread [INFO]  Completed executor task 7997
2023-07-07 16:33:39.656 worker_log:613 7388 MainThread [INFO]  All processing finished for executor task 7997
2023-07-07 16:33:39.667 worker_log:584 7388 MainThread [INFO]  Received executor task 8081
2023-07-07 16:34:14.171 worker_log:602 7388 MainThread [INFO]  Completed executor task 8081
2023-07-07 16:34:14.172 worker_log:613 7388 MainThread [INFO]  All processing finished for executor task 8081
2023-07-07 16:34:14.183 worker_log:584 7388 MainThread [INFO]  Received executor task 8098
2023-07-07 16:35:01.418 worker_log:602 7388 MainThread [INFO]  Completed executor task 8098
2023-07-07 16:35:01.419 worker_log:613 7388 MainThread [INFO]  All processing finished for executor task 8098
2023-07-07 16:35:01.430 worker_log:584 7388 MainThread [INFO]  Received executor task 8119
2023-07-07 16:35:45.854 worker_log:602 7388 MainThread [INFO]  Completed executor task 8119
2023-07-07 16:35:45.855 worker_log:613 7388 MainThread [INFO]  All processing finished for executor task 8119
2023-07-07 16:35:45.866 worker_log:584 7388 MainThread [INFO]  Received executor task 8132
2023-07-07 16:36:35.305 worker_log:602 7388 MainThread [INFO]  Completed executor task 8132
2023-07-07 16:36:35.305 worker_log:613 7388 MainThread [INFO]  All processing finished for executor task 8132
2023-07-07 16:36:35.317 worker_log:584 7388 MainThread [INFO]  Received executor task 8149
2023-07-07 16:37:02.119 worker_log:602 7388 MainThread [INFO]  Completed executor task 8149
2023-07-07 16:37:02.120 worker_log:613 7388 MainThread [INFO]  All processing finished for executor task 8149
2023-07-07 16:37:02.131 worker_log:584 7388 MainThread [INFO]  Received executor task 8159
2023-07-07 16:39:06.195 worker_log:602 7388 MainThread [INFO]  Completed executor task 8159
2023-07-07 16:39:06.196 worker_log:613 7388 MainThread [INFO]  All processing finished for executor task 8159
2023-07-07 16:39:06.207 worker_log:584 7388 MainThread [INFO]  Received executor task 8197
2023-07-07 16:39:44.021 worker_log:602 7388 MainThread [INFO]  Completed executor task 8197
2023-07-07 16:39:44.021 worker_log:613 7388 MainThread [INFO]  All processing finished for executor task 8197
2023-07-07 16:39:44.032 worker_log:584 7388 MainThread [INFO]  Received executor task 8209
2023-07-07 16:40:45.436 worker_log:602 7388 MainThread [INFO]  Completed executor task 8209
2023-07-07 16:40:45.437 worker_log:613 7388 MainThread [INFO]  All processing finished for executor task 8209
2023-07-07 16:40:45.460 worker_log:584 7388 MainThread [INFO]  Received executor task 8230
2023-07-07 16:41:56.359 worker_log:602 7388 MainThread [INFO]  Completed executor task 8230
2023-07-07 16:41:56.360 worker_log:613 7388 MainThread [INFO]  All processing finished for executor task 8230
2023-07-07 16:41:56.371 worker_log:584 7388 MainThread [INFO]  Received executor task 8253
2023-07-07 16:42:28.260 worker_log:602 7388 MainThread [INFO]  Completed executor task 8253
2023-07-07 16:42:28.261 worker_log:613 7388 MainThread [INFO]  All processing finished for executor task 8253
2023-07-07 16:42:28.272 worker_log:584 7388 MainThread [INFO]  Received executor task 8260
2023-07-07 16:43:12.925 worker_log:602 7388 MainThread [INFO]  Completed executor task 8260
2023-07-07 16:43:12.925 worker_log:613 7388 MainThread [INFO]  All processing finished for executor task 8260
2023-07-07 16:43:12.936 worker_log:584 7388 MainThread [INFO]  Received executor task 8278
2023-07-07 16:44:19.799 worker_log:602 7388 MainThread [INFO]  Completed executor task 8278
2023-07-07 16:44:19.800 worker_log:613 7388 MainThread [INFO]  All processing finished for executor task 8278
2023-07-07 16:44:19.812 worker_log:584 7388 MainThread [INFO]  Received executor task 8293
2023-07-07 16:46:02.133 worker_log:602 7388 MainThread [INFO]  Completed executor task 8293
2023-07-07 16:46:02.134 worker_log:613 7388 MainThread [INFO]  All processing finished for executor task 8293
2023-07-07 16:46:02.145 worker_log:584 7388 MainThread [INFO]  Received executor task 8319
2023-07-07 16:46:37.822 worker_log:602 7388 MainThread [INFO]  Completed executor task 8319
2023-07-07 16:46:37.823 worker_log:613 7388 MainThread [INFO]  All processing finished for executor task 8319
2023-07-07 16:46:37.834 worker_log:584 7388 MainThread [INFO]  Received executor task 8330
2023-07-07 16:47:55.747 worker_log:602 7388 MainThread [INFO]  Completed executor task 8330
2023-07-07 16:47:55.756 worker_log:613 7388 MainThread [INFO]  All processing finished for executor task 8330
2023-07-07 16:47:55.759 worker_log:584 7388 MainThread [INFO]  Received executor task 8347
2023-07-07 16:48:38.807 worker_log:602 7388 MainThread [INFO]  Completed executor task 8347
2023-07-07 16:48:38.807 worker_log:613 7388 MainThread [INFO]  All processing finished for executor task 8347
2023-07-07 16:48:38.818 worker_log:584 7388 MainThread [INFO]  Received executor task 8355
2023-07-07 16:50:09.526 worker_log:602 7388 MainThread [INFO]  Completed executor task 8355
2023-07-07 16:50:09.526 worker_log:613 7388 MainThread [INFO]  All processing finished for executor task 8355
2023-07-07 16:50:09.537 worker_log:584 7388 MainThread [INFO]  Received executor task 8381
2023-07-07 16:51:00.658 worker_log:602 7388 MainThread [INFO]  Completed executor task 8381
2023-07-07 16:51:00.659 worker_log:613 7388 MainThread [INFO]  All processing finished for executor task 8381
2023-07-07 16:51:00.670 worker_log:584 7388 MainThread [INFO]  Received executor task 8395
2023-07-07 16:51:27.975 worker_log:602 7388 MainThread [INFO]  Completed executor task 8395
2023-07-07 16:51:27.975 worker_log:613 7388 MainThread [INFO]  All processing finished for executor task 8395
2023-07-07 16:51:27.986 worker_log:584 7388 MainThread [INFO]  Received executor task 8406
2023-07-07 16:52:14.713 worker_log:602 7388 MainThread [INFO]  Completed executor task 8406
2023-07-07 16:52:14.714 worker_log:613 7388 MainThread [INFO]  All processing finished for executor task 8406
2023-07-07 16:52:14.725 worker_log:584 7388 MainThread [INFO]  Received executor task 8419
2023-07-07 16:52:50.763 worker_log:602 7388 MainThread [INFO]  Completed executor task 8419
2023-07-07 16:52:50.764 worker_log:613 7388 MainThread [INFO]  All processing finished for executor task 8419
2023-07-07 16:52:50.777 worker_log:584 7388 MainThread [INFO]  Received executor task 8432
2023-07-07 16:53:55.020 worker_log:602 7388 MainThread [INFO]  Completed executor task 8432
2023-07-07 16:53:55.021 worker_log:613 7388 MainThread [INFO]  All processing finished for executor task 8432
2023-07-07 16:53:55.032 worker_log:584 7388 MainThread [INFO]  Received executor task 8460
2023-07-07 16:54:44.736 worker_log:602 7388 MainThread [INFO]  Completed executor task 8460
2023-07-07 16:54:44.736 worker_log:613 7388 MainThread [INFO]  All processing finished for executor task 8460
2023-07-07 16:54:44.747 worker_log:584 7388 MainThread [INFO]  Received executor task 8486
2023-07-07 16:55:05.284 worker_log:602 7388 MainThread [INFO]  Completed executor task 8486
2023-07-07 16:55:05.285 worker_log:613 7388 MainThread [INFO]  All processing finished for executor task 8486
2023-07-07 16:55:05.296 worker_log:584 7388 MainThread [INFO]  Received executor task 8498
2023-07-07 16:55:57.884 worker_log:602 7388 MainThread [INFO]  Completed executor task 8498
2023-07-07 16:55:57.884 worker_log:613 7388 MainThread [INFO]  All processing finished for executor task 8498
2023-07-07 16:55:57.896 worker_log:584 7388 MainThread [INFO]  Received executor task 8522
2023-07-07 16:56:29.728 worker_log:602 7388 MainThread [INFO]  Completed executor task 8522
2023-07-07 16:56:29.729 worker_log:613 7388 MainThread [INFO]  All processing finished for executor task 8522
2023-07-07 16:56:29.740 worker_log:584 7388 MainThread [INFO]  Received executor task 8535
2023-07-07 16:56:56.591 worker_log:602 7388 MainThread [INFO]  Completed executor task 8535
2023-07-07 16:56:56.591 worker_log:613 7388 MainThread [INFO]  All processing finished for executor task 8535
2023-07-07 16:56:56.602 worker_log:584 7388 MainThread [INFO]  Received executor task 8548
2023-07-07 16:58:36.093 worker_log:602 7388 MainThread [INFO]  Completed executor task 8548
2023-07-07 16:58:36.093 worker_log:613 7388 MainThread [INFO]  All processing finished for executor task 8548
2023-07-07 16:58:36.104 worker_log:584 7388 MainThread [INFO]  Received executor task 8598
2023-07-07 16:59:10.856 worker_log:602 7388 MainThread [INFO]  Completed executor task 8598
2023-07-07 16:59:10.857 worker_log:613 7388 MainThread [INFO]  All processing finished for executor task 8598
2023-07-07 16:59:10.868 worker_log:584 7388 MainThread [INFO]  Received executor task 8619
2023-07-07 16:59:29.162 worker_log:602 7388 MainThread [INFO]  Completed executor task 8619
2023-07-07 16:59:29.163 worker_log:613 7388 MainThread [INFO]  All processing finished for executor task 8619
2023-07-07 16:59:29.174 worker_log:584 7388 MainThread [INFO]  Received executor task 8628
2023-07-07 17:00:10.501 worker_log:602 7388 MainThread [INFO]  Completed executor task 8628
2023-07-07 17:00:10.502 worker_log:613 7388 MainThread [INFO]  All processing finished for executor task 8628
2023-07-07 17:00:10.513 worker_log:584 7388 MainThread [INFO]  Received executor task 8649
2023-07-07 17:00:31.035 worker_log:602 7388 MainThread [INFO]  Completed executor task 8649
2023-07-07 17:00:31.035 worker_log:613 7388 MainThread [INFO]  All processing finished for executor task 8649
2023-07-07 17:00:31.048 worker_log:584 7388 MainThread [INFO]  Received executor task 8658
2023-07-07 17:01:03.014 worker_log:602 7388 MainThread [INFO]  Completed executor task 8658
2023-07-07 17:01:03.014 worker_log:613 7388 MainThread [INFO]  All processing finished for executor task 8658
2023-07-07 17:01:03.025 worker_log:584 7388 MainThread [INFO]  Received executor task 8674
2023-07-07 17:01:29.916 worker_log:602 7388 MainThread [INFO]  Completed executor task 8674
2023-07-07 17:01:29.917 worker_log:613 7388 MainThread [INFO]  All processing finished for executor task 8674
2023-07-07 17:01:29.928 worker_log:584 7388 MainThread [INFO]  Received executor task 8686
2023-07-07 17:02:00.783 worker_log:602 7388 MainThread [INFO]  Completed executor task 8686
2023-07-07 17:02:00.783 worker_log:613 7388 MainThread [INFO]  All processing finished for executor task 8686
2023-07-07 17:02:00.794 worker_log:584 7388 MainThread [INFO]  Received executor task 8701
2023-07-07 17:02:17.965 worker_log:602 7388 MainThread [INFO]  Completed executor task 8701
2023-07-07 17:02:17.966 worker_log:613 7388 MainThread [INFO]  All processing finished for executor task 8701
2023-07-07 17:02:17.977 worker_log:584 7388 MainThread [INFO]  Received executor task 8714
2023-07-07 17:02:37.793 worker_log:602 7388 MainThread [INFO]  Completed executor task 8714
2023-07-07 17:02:37.793 worker_log:613 7388 MainThread [INFO]  All processing finished for executor task 8714
2023-07-07 17:02:37.804 worker_log:584 7388 MainThread [INFO]  Received executor task 8727
2023-07-07 17:03:04.731 worker_log:602 7388 MainThread [INFO]  Completed executor task 8727
2023-07-07 17:03:04.732 worker_log:613 7388 MainThread [INFO]  All processing finished for executor task 8727
2023-07-07 17:03:04.744 worker_log:584 7388 MainThread [INFO]  Received executor task 8742
2023-07-07 17:03:15.124 worker_log:602 7388 MainThread [INFO]  Completed executor task 8742
2023-07-07 17:03:15.124 worker_log:613 7388 MainThread [INFO]  All processing finished for executor task 8742
2023-07-07 17:03:15.136 worker_log:584 7388 MainThread [INFO]  Received executor task 8751
2023-07-07 17:04:00.984 worker_log:602 7388 MainThread [INFO]  Completed executor task 8751
2023-07-07 17:04:00.998 worker_log:613 7388 MainThread [INFO]  All processing finished for executor task 8751
2023-07-07 17:04:00.998 worker_log:584 7388 MainThread [INFO]  Received executor task 8775
2023-07-07 17:04:30.668 worker_log:602 7388 MainThread [INFO]  Completed executor task 8775
2023-07-07 17:04:30.679 worker_log:613 7388 MainThread [INFO]  All processing finished for executor task 8775
2023-07-07 17:04:30.679 worker_log:584 7388 MainThread [INFO]  Received executor task 8792
2023-07-07 17:05:00.786 worker_log:602 7388 MainThread [INFO]  Completed executor task 8792
2023-07-07 17:05:00.786 worker_log:613 7388 MainThread [INFO]  All processing finished for executor task 8792
2023-07-07 17:05:00.798 worker_log:584 7388 MainThread [INFO]  Received executor task 8810
2023-07-07 17:05:24.811 worker_log:602 7388 MainThread [INFO]  Completed executor task 8810
2023-07-07 17:05:24.812 worker_log:613 7388 MainThread [INFO]  All processing finished for executor task 8810
2023-07-07 17:05:24.823 worker_log:584 7388 MainThread [INFO]  Received executor task 8824
2023-07-07 17:06:03.331 worker_log:602 7388 MainThread [INFO]  Completed executor task 8824
2023-07-07 17:06:03.331 worker_log:613 7388 MainThread [INFO]  All processing finished for executor task 8824
2023-07-07 17:06:03.342 worker_log:584 7388 MainThread [INFO]  Received executor task 8842
2023-07-07 17:06:28.504 worker_log:602 7388 MainThread [INFO]  Completed executor task 8842
2023-07-07 17:06:28.504 worker_log:613 7388 MainThread [INFO]  All processing finished for executor task 8842
2023-07-07 17:06:28.525 worker_log:584 7388 MainThread [INFO]  Received executor task 8856
2023-07-07 17:06:50.299 worker_log:602 7388 MainThread [INFO]  Completed executor task 8856
2023-07-07 17:06:50.299 worker_log:613 7388 MainThread [INFO]  All processing finished for executor task 8856
2023-07-07 17:06:50.310 worker_log:584 7388 MainThread [INFO]  Received executor task 8869
2023-07-07 17:07:20.013 worker_log:602 7388 MainThread [INFO]  Completed executor task 8869
2023-07-07 17:07:20.014 worker_log:613 7388 MainThread [INFO]  All processing finished for executor task 8869
2023-07-07 17:07:20.026 worker_log:584 7388 MainThread [INFO]  Received executor task 8882
2023-07-07 17:07:36.791 worker_log:602 7388 MainThread [INFO]  Completed executor task 8882
2023-07-07 17:07:36.792 worker_log:613 7388 MainThread [INFO]  All processing finished for executor task 8882
2023-07-07 17:07:36.803 worker_log:584 7388 MainThread [INFO]  Received executor task 8893
2023-07-07 17:08:04.659 worker_log:602 7388 MainThread [INFO]  Completed executor task 8893
2023-07-07 17:08:04.660 worker_log:613 7388 MainThread [INFO]  All processing finished for executor task 8893
2023-07-07 17:08:04.671 worker_log:584 7388 MainThread [INFO]  Received executor task 8910
2023-07-07 17:08:39.582 worker_log:602 7388 MainThread [INFO]  Completed executor task 8910
2023-07-07 17:08:39.583 worker_log:613 7388 MainThread [INFO]  All processing finished for executor task 8910
2023-07-07 17:08:39.594 worker_log:584 7388 MainThread [INFO]  Received executor task 8927
2023-07-07 17:09:21.021 worker_log:602 7388 MainThread [INFO]  Completed executor task 8927
2023-07-07 17:09:21.022 worker_log:613 7388 MainThread [INFO]  All processing finished for executor task 8927
2023-07-07 17:09:21.033 worker_log:584 7388 MainThread [INFO]  Received executor task 8953
2023-07-07 17:09:29.031 worker_log:602 7388 MainThread [INFO]  Completed executor task 8953
2023-07-07 17:09:29.032 worker_log:613 7388 MainThread [INFO]  All processing finished for executor task 8953
2023-07-07 17:09:29.043 worker_log:584 7388 MainThread [INFO]  Received executor task 8958
2023-07-07 17:09:39.499 worker_log:602 7388 MainThread [INFO]  Completed executor task 8958
2023-07-07 17:09:39.499 worker_log:613 7388 MainThread [INFO]  All processing finished for executor task 8958
2023-07-07 17:09:39.510 worker_log:584 7388 MainThread [INFO]  Received executor task 8963
2023-07-07 17:10:18.917 worker_log:602 7388 MainThread [INFO]  Completed executor task 8963
2023-07-07 17:10:18.917 worker_log:613 7388 MainThread [INFO]  All processing finished for executor task 8963
2023-07-07 17:10:18.928 worker_log:584 7388 MainThread [INFO]  Received executor task 8985
2023-07-07 17:11:30.185 worker_log:602 7388 MainThread [INFO]  Completed executor task 8985
2023-07-07 17:11:30.186 worker_log:613 7388 MainThread [INFO]  All processing finished for executor task 8985
2023-07-07 17:11:30.197 worker_log:584 7388 MainThread [INFO]  Received executor task 9007
2023-07-07 17:12:15.157 worker_log:602 7388 MainThread [INFO]  Completed executor task 9007
2023-07-07 17:12:15.158 worker_log:613 7388 MainThread [INFO]  All processing finished for executor task 9007
2023-07-07 17:12:15.159 worker_log:584 7388 MainThread [INFO]  Received executor task 9017
2023-07-07 17:12:51.640 worker_log:602 7388 MainThread [INFO]  Completed executor task 9017
2023-07-07 17:12:51.641 worker_log:613 7388 MainThread [INFO]  All processing finished for executor task 9017
2023-07-07 17:12:51.652 worker_log:584 7388 MainThread [INFO]  Received executor task 9029
2023-07-07 17:13:13.416 worker_log:602 7388 MainThread [INFO]  Completed executor task 9029
2023-07-07 17:13:13.416 worker_log:613 7388 MainThread [INFO]  All processing finished for executor task 9029
2023-07-07 17:13:13.427 worker_log:584 7388 MainThread [INFO]  Received executor task 9042
2023-07-07 17:14:24.627 worker_log:602 7388 MainThread [INFO]  Completed executor task 9042
2023-07-07 17:14:24.628 worker_log:613 7388 MainThread [INFO]  All processing finished for executor task 9042
2023-07-07 17:14:24.639 worker_log:584 7388 MainThread [INFO]  Received executor task 9062
2023-07-07 17:15:25.442 worker_log:602 7388 MainThread [INFO]  Completed executor task 9062
2023-07-07 17:15:25.442 worker_log:613 7388 MainThread [INFO]  All processing finished for executor task 9062
2023-07-07 17:15:25.453 worker_log:584 7388 MainThread [INFO]  Received executor task 9090
2023-07-07 17:16:03.707 worker_log:602 7388 MainThread [INFO]  Completed executor task 9090
2023-07-07 17:16:03.707 worker_log:613 7388 MainThread [INFO]  All processing finished for executor task 9090
2023-07-07 17:16:03.718 worker_log:584 7388 MainThread [INFO]  Received executor task 9104
2023-07-07 17:16:34.025 worker_log:602 7388 MainThread [INFO]  Completed executor task 9104
2023-07-07 17:16:34.026 worker_log:613 7388 MainThread [INFO]  All processing finished for executor task 9104
2023-07-07 17:16:34.037 worker_log:584 7388 MainThread [INFO]  Received executor task 9118
2023-07-07 17:17:04.595 worker_log:602 7388 MainThread [INFO]  Completed executor task 9118
2023-07-07 17:17:04.596 worker_log:613 7388 MainThread [INFO]  All processing finished for executor task 9118
2023-07-07 17:17:04.607 worker_log:584 7388 MainThread [INFO]  Received executor task 9132
2023-07-07 17:17:09.296 worker_log:602 7388 MainThread [INFO]  Completed executor task 9132
2023-07-07 17:17:09.297 worker_log:613 7388 MainThread [INFO]  All processing finished for executor task 9132
2023-07-07 17:17:09.308 worker_log:584 7388 MainThread [INFO]  Received executor task 9133
2023-07-07 17:17:53.842 worker_log:602 7388 MainThread [INFO]  Completed executor task 9133
2023-07-07 17:17:53.842 worker_log:613 7388 MainThread [INFO]  All processing finished for executor task 9133
2023-07-07 17:17:53.854 worker_log:584 7388 MainThread [INFO]  Received executor task 9150
2023-07-07 17:18:16.272 worker_log:602 7388 MainThread [INFO]  Completed executor task 9150
2023-07-07 17:18:16.272 worker_log:613 7388 MainThread [INFO]  All processing finished for executor task 9150
2023-07-07 17:18:16.283 worker_log:584 7388 MainThread [INFO]  Received executor task 9161
2023-07-07 17:18:45.740 worker_log:602 7388 MainThread [INFO]  Completed executor task 9161
2023-07-07 17:18:45.740 worker_log:613 7388 MainThread [INFO]  All processing finished for executor task 9161
2023-07-07 17:18:45.751 worker_log:584 7388 MainThread [INFO]  Received executor task 9172
2023-07-07 17:19:08.916 worker_log:602 7388 MainThread [INFO]  Completed executor task 9172
2023-07-07 17:19:08.917 worker_log:613 7388 MainThread [INFO]  All processing finished for executor task 9172
2023-07-07 17:19:08.928 worker_log:584 7388 MainThread [INFO]  Received executor task 9184
2023-07-07 17:19:20.873 worker_log:602 7388 MainThread [INFO]  Completed executor task 9184
2023-07-07 17:19:20.873 worker_log:613 7388 MainThread [INFO]  All processing finished for executor task 9184
2023-07-07 17:19:20.894 worker_log:584 7388 MainThread [INFO]  Received executor task 9194
2023-07-07 17:20:01.693 worker_log:602 7388 MainThread [INFO]  Completed executor task 9194
2023-07-07 17:20:01.694 worker_log:613 7388 MainThread [INFO]  All processing finished for executor task 9194
2023-07-07 17:20:01.705 worker_log:584 7388 MainThread [INFO]  Received executor task 9211
