2023-07-07 11:59:59.648 worker_log:538 7373 MainThread [INFO]  Worker 3 started
2023-07-07 12:02:50.967 worker_log:584 7373 MainThread [INFO]  Received executor task 4
2023-07-07 12:03:14.484 worker_log:602 7373 MainThread [INFO]  Completed executor task 4
2023-07-07 12:03:14.486 worker_log:613 7373 MainThread [INFO]  All processing finished for executor task 4
2023-07-07 12:03:14.497 worker_log:584 7373 MainThread [INFO]  Received executor task 22
2023-07-07 12:03:45.589 worker_log:602 7373 MainThread [INFO]  Completed executor task 22
2023-07-07 12:03:45.589 worker_log:613 7373 MainThread [INFO]  All processing finished for executor task 22
2023-07-07 12:03:45.601 worker_log:584 7373 MainThread [INFO]  Received executor task 40
2023-07-07 12:04:02.178 worker_log:602 7373 MainThread [INFO]  Completed executor task 40
2023-07-07 12:04:02.178 worker_log:613 7373 MainThread [INFO]  All processing finished for executor task 40
2023-07-07 12:04:02.190 worker_log:584 7373 MainThread [INFO]  Received executor task 47
2023-07-07 12:04:20.631 worker_log:602 7373 MainThread [INFO]  Completed executor task 47
2023-07-07 12:04:20.631 worker_log:613 7373 MainThread [INFO]  All processing finished for executor task 47
2023-07-07 12:04:20.642 worker_log:584 7373 MainThread [INFO]  Received executor task 61
2023-07-07 12:04:58.285 worker_log:602 7373 MainThread [INFO]  Completed executor task 61
2023-07-07 12:04:58.298 worker_log:613 7373 MainThread [INFO]  All processing finished for executor task 61
2023-07-07 12:04:58.298 worker_log:584 7373 MainThread [INFO]  Received executor task 84
2023-07-07 12:05:26.591 worker_log:602 7373 MainThread [INFO]  Completed executor task 84
2023-07-07 12:05:26.591 worker_log:613 7373 MainThread [INFO]  All processing finished for executor task 84
2023-07-07 12:05:26.602 worker_log:584 7373 MainThread [INFO]  Received executor task 105
2023-07-07 12:06:23.961 worker_log:602 7373 MainThread [INFO]  Completed executor task 105
2023-07-07 12:06:23.964 worker_log:613 7373 MainThread [INFO]  All processing finished for executor task 105
2023-07-07 12:06:23.973 worker_log:584 7373 MainThread [INFO]  Received executor task 131
2023-07-07 12:07:01.275 worker_log:602 7373 MainThread [INFO]  Completed executor task 131
2023-07-07 12:07:01.275 worker_log:613 7373 MainThread [INFO]  All processing finished for executor task 131
2023-07-07 12:07:01.286 worker_log:584 7373 MainThread [INFO]  Received executor task 152
2023-07-07 12:07:26.661 worker_log:602 7373 MainThread [INFO]  Completed executor task 152
2023-07-07 12:07:26.661 worker_log:613 7373 MainThread [INFO]  All processing finished for executor task 152
2023-07-07 12:07:26.673 worker_log:584 7373 MainThread [INFO]  Received executor task 166
2023-07-07 12:08:29.528 worker_log:602 7373 MainThread [INFO]  Completed executor task 166
2023-07-07 12:08:29.529 worker_log:613 7373 MainThread [INFO]  All processing finished for executor task 166
2023-07-07 12:08:29.540 worker_log:584 7373 MainThread [INFO]  Received executor task 201
2023-07-07 12:08:56.767 worker_log:602 7373 MainThread [INFO]  Completed executor task 201
2023-07-07 12:08:56.767 worker_log:613 7373 MainThread [INFO]  All processing finished for executor task 201
2023-07-07 12:08:56.779 worker_log:584 7373 MainThread [INFO]  Received executor task 214
2023-07-07 12:09:54.120 worker_log:602 7373 MainThread [INFO]  Completed executor task 214
2023-07-07 12:09:54.120 worker_log:613 7373 MainThread [INFO]  All processing finished for executor task 214
2023-07-07 12:09:54.131 worker_log:584 7373 MainThread [INFO]  Received executor task 238
2023-07-07 12:10:30.759 worker_log:602 7373 MainThread [INFO]  Completed executor task 238
2023-07-07 12:10:30.759 worker_log:613 7373 MainThread [INFO]  All processing finished for executor task 238
2023-07-07 12:10:30.772 worker_log:584 7373 MainThread [INFO]  Received executor task 256
2023-07-07 12:10:49.736 worker_log:602 7373 MainThread [INFO]  Completed executor task 256
2023-07-07 12:10:49.736 worker_log:613 7373 MainThread [INFO]  All processing finished for executor task 256
2023-07-07 12:10:49.748 worker_log:584 7373 MainThread [INFO]  Received executor task 261
2023-07-07 12:11:39.107 worker_log:602 7373 MainThread [INFO]  Completed executor task 261
2023-07-07 12:11:39.107 worker_log:613 7373 MainThread [INFO]  All processing finished for executor task 261
2023-07-07 12:11:39.118 worker_log:584 7373 MainThread [INFO]  Received executor task 282
2023-07-07 12:12:23.168 worker_log:602 7373 MainThread [INFO]  Completed executor task 282
2023-07-07 12:12:23.168 worker_log:613 7373 MainThread [INFO]  All processing finished for executor task 282
2023-07-07 12:12:23.179 worker_log:584 7373 MainThread [INFO]  Received executor task 303
2023-07-07 12:12:47.434 worker_log:602 7373 MainThread [INFO]  Completed executor task 303
2023-07-07 12:12:47.435 worker_log:613 7373 MainThread [INFO]  All processing finished for executor task 303
2023-07-07 12:12:47.446 worker_log:584 7373 MainThread [INFO]  Received executor task 315
2023-07-07 12:13:44.678 worker_log:602 7373 MainThread [INFO]  Completed executor task 315
2023-07-07 12:13:44.679 worker_log:613 7373 MainThread [INFO]  All processing finished for executor task 315
2023-07-07 12:13:44.690 worker_log:584 7373 MainThread [INFO]  Received executor task 349
2023-07-07 12:14:16.351 worker_log:602 7373 MainThread [INFO]  Completed executor task 349
2023-07-07 12:14:16.351 worker_log:613 7373 MainThread [INFO]  All processing finished for executor task 349
2023-07-07 12:14:16.363 worker_log:584 7373 MainThread [INFO]  Received executor task 368
2023-07-07 12:14:45.284 worker_log:602 7373 MainThread [INFO]  Completed executor task 368
2023-07-07 12:14:45.284 worker_log:613 7373 MainThread [INFO]  All processing finished for executor task 368
2023-07-07 12:14:45.295 worker_log:584 7373 MainThread [INFO]  Received executor task 381
2023-07-07 12:15:28.399 worker_log:602 7373 MainThread [INFO]  Completed executor task 381
2023-07-07 12:15:28.400 worker_log:613 7373 MainThread [INFO]  All processing finished for executor task 381
2023-07-07 12:15:28.411 worker_log:584 7373 MainThread [INFO]  Received executor task 400
2023-07-07 12:17:06.895 worker_log:602 7373 MainThread [INFO]  Completed executor task 400
2023-07-07 12:17:06.896 worker_log:613 7373 MainThread [INFO]  All processing finished for executor task 400
2023-07-07 12:17:06.907 worker_log:584 7373 MainThread [INFO]  Received executor task 443
2023-07-07 12:17:53.661 worker_log:602 7373 MainThread [INFO]  Completed executor task 443
2023-07-07 12:17:53.661 worker_log:613 7373 MainThread [INFO]  All processing finished for executor task 443
2023-07-07 12:17:53.673 worker_log:584 7373 MainThread [INFO]  Received executor task 467
2023-07-07 12:18:13.545 worker_log:602 7373 MainThread [INFO]  Completed executor task 467
2023-07-07 12:18:13.545 worker_log:613 7373 MainThread [INFO]  All processing finished for executor task 467
2023-07-07 12:18:13.556 worker_log:584 7373 MainThread [INFO]  Received executor task 477
2023-07-07 12:18:41.295 worker_log:602 7373 MainThread [INFO]  Completed executor task 477
2023-07-07 12:18:41.296 worker_log:613 7373 MainThread [INFO]  All processing finished for executor task 477
2023-07-07 12:18:41.307 worker_log:584 7373 MainThread [INFO]  Received executor task 487
2023-07-07 12:19:08.280 worker_log:602 7373 MainThread [INFO]  Completed executor task 487
2023-07-07 12:19:08.281 worker_log:613 7373 MainThread [INFO]  All processing finished for executor task 487
2023-07-07 12:19:08.292 worker_log:584 7373 MainThread [INFO]  Received executor task 503
2023-07-07 12:19:54.824 worker_log:602 7373 MainThread [INFO]  Completed executor task 503
2023-07-07 12:19:54.824 worker_log:613 7373 MainThread [INFO]  All processing finished for executor task 503
2023-07-07 12:19:54.835 worker_log:584 7373 MainThread [INFO]  Received executor task 529
2023-07-07 12:20:28.079 worker_log:602 7373 MainThread [INFO]  Completed executor task 529
2023-07-07 12:20:28.079 worker_log:613 7373 MainThread [INFO]  All processing finished for executor task 529
2023-07-07 12:20:28.090 worker_log:584 7373 MainThread [INFO]  Received executor task 541
2023-07-07 12:21:25.093 worker_log:602 7373 MainThread [INFO]  Completed executor task 541
2023-07-07 12:21:25.094 worker_log:613 7373 MainThread [INFO]  All processing finished for executor task 541
2023-07-07 12:21:25.105 worker_log:584 7373 MainThread [INFO]  Received executor task 562
2023-07-07 12:21:32.295 worker_log:602 7373 MainThread [INFO]  Completed executor task 562
2023-07-07 12:21:32.295 worker_log:613 7373 MainThread [INFO]  All processing finished for executor task 562
2023-07-07 12:21:32.308 worker_log:584 7373 MainThread [INFO]  Received executor task 564
2023-07-07 12:21:51.169 worker_log:602 7373 MainThread [INFO]  Completed executor task 564
2023-07-07 12:21:51.170 worker_log:613 7373 MainThread [INFO]  All processing finished for executor task 564
2023-07-07 12:21:51.182 worker_log:584 7373 MainThread [INFO]  Received executor task 574
2023-07-07 12:22:37.072 worker_log:602 7373 MainThread [INFO]  Completed executor task 574
2023-07-07 12:22:37.072 worker_log:613 7373 MainThread [INFO]  All processing finished for executor task 574
2023-07-07 12:22:37.084 worker_log:584 7373 MainThread [INFO]  Received executor task 596
2023-07-07 12:23:42.713 worker_log:602 7373 MainThread [INFO]  Completed executor task 596
2023-07-07 12:23:42.714 worker_log:613 7373 MainThread [INFO]  All processing finished for executor task 596
2023-07-07 12:23:42.725 worker_log:584 7373 MainThread [INFO]  Received executor task 627
2023-07-07 12:24:05.815 worker_log:602 7373 MainThread [INFO]  Completed executor task 627
2023-07-07 12:24:05.816 worker_log:613 7373 MainThread [INFO]  All processing finished for executor task 627
2023-07-07 12:24:05.827 worker_log:584 7373 MainThread [INFO]  Received executor task 638
2023-07-07 12:24:42.936 worker_log:602 7373 MainThread [INFO]  Completed executor task 638
2023-07-07 12:24:42.937 worker_log:613 7373 MainThread [INFO]  All processing finished for executor task 638
2023-07-07 12:24:42.948 worker_log:584 7373 MainThread [INFO]  Received executor task 656
2023-07-07 12:25:14.201 worker_log:602 7373 MainThread [INFO]  Completed executor task 656
2023-07-07 12:25:14.201 worker_log:613 7373 MainThread [INFO]  All processing finished for executor task 656
2023-07-07 12:25:14.212 worker_log:584 7373 MainThread [INFO]  Received executor task 669
2023-07-07 12:26:16.241 worker_log:602 7373 MainThread [INFO]  Completed executor task 669
2023-07-07 12:26:16.242 worker_log:613 7373 MainThread [INFO]  All processing finished for executor task 669
2023-07-07 12:26:16.254 worker_log:584 7373 MainThread [INFO]  Received executor task 696
2023-07-07 12:26:28.476 worker_log:602 7373 MainThread [INFO]  Completed executor task 696
2023-07-07 12:26:28.476 worker_log:613 7373 MainThread [INFO]  All processing finished for executor task 696
2023-07-07 12:26:28.487 worker_log:584 7373 MainThread [INFO]  Received executor task 701
2023-07-07 12:27:03.524 worker_log:602 7373 MainThread [INFO]  Completed executor task 701
2023-07-07 12:27:03.524 worker_log:613 7373 MainThread [INFO]  All processing finished for executor task 701
2023-07-07 12:27:03.535 worker_log:584 7373 MainThread [INFO]  Received executor task 722
2023-07-07 12:27:21.892 worker_log:602 7373 MainThread [INFO]  Completed executor task 722
2023-07-07 12:27:21.893 worker_log:613 7373 MainThread [INFO]  All processing finished for executor task 722
2023-07-07 12:27:21.903 worker_log:584 7373 MainThread [INFO]  Received executor task 735
2023-07-07 12:27:57.833 worker_log:602 7373 MainThread [INFO]  Completed executor task 735
2023-07-07 12:27:57.834 worker_log:613 7373 MainThread [INFO]  All processing finished for executor task 735
2023-07-07 12:27:57.835 worker_log:584 7373 MainThread [INFO]  Received executor task 748
2023-07-07 12:28:32.864 worker_log:602 7373 MainThread [INFO]  Completed executor task 748
2023-07-07 12:28:32.865 worker_log:613 7373 MainThread [INFO]  All processing finished for executor task 748
2023-07-07 12:28:32.878 worker_log:584 7373 MainThread [INFO]  Received executor task 764
2023-07-07 12:29:02.535 worker_log:602 7373 MainThread [INFO]  Completed executor task 764
2023-07-07 12:29:02.536 worker_log:613 7373 MainThread [INFO]  All processing finished for executor task 764
2023-07-07 12:29:02.548 worker_log:584 7373 MainThread [INFO]  Received executor task 778
2023-07-07 12:29:47.400 worker_log:602 7373 MainThread [INFO]  Completed executor task 778
2023-07-07 12:29:47.400 worker_log:613 7373 MainThread [INFO]  All processing finished for executor task 778
2023-07-07 12:29:47.411 worker_log:584 7373 MainThread [INFO]  Received executor task 797
2023-07-07 12:30:37.348 worker_log:602 7373 MainThread [INFO]  Completed executor task 797
2023-07-07 12:30:37.349 worker_log:613 7373 MainThread [INFO]  All processing finished for executor task 797
2023-07-07 12:30:37.360 worker_log:584 7373 MainThread [INFO]  Received executor task 825
2023-07-07 12:31:33.216 worker_log:602 7373 MainThread [INFO]  Completed executor task 825
2023-07-07 12:31:33.216 worker_log:613 7373 MainThread [INFO]  All processing finished for executor task 825
2023-07-07 12:31:33.227 worker_log:584 7373 MainThread [INFO]  Received executor task 861
2023-07-07 12:32:09.528 worker_log:602 7373 MainThread [INFO]  Completed executor task 861
2023-07-07 12:32:09.529 worker_log:613 7373 MainThread [INFO]  All processing finished for executor task 861
2023-07-07 12:32:09.540 worker_log:584 7373 MainThread [INFO]  Received executor task 878
2023-07-07 12:32:49.649 worker_log:602 7373 MainThread [INFO]  Completed executor task 878
2023-07-07 12:32:49.650 worker_log:613 7373 MainThread [INFO]  All processing finished for executor task 878
2023-07-07 12:32:49.661 worker_log:584 7373 MainThread [INFO]  Received executor task 902
2023-07-07 12:33:03.647 worker_log:602 7373 MainThread [INFO]  Completed executor task 902
2023-07-07 12:33:03.647 worker_log:613 7373 MainThread [INFO]  All processing finished for executor task 902
2023-07-07 12:33:03.660 worker_log:584 7373 MainThread [INFO]  Received executor task 914
2023-07-07 12:33:14.473 worker_log:602 7373 MainThread [INFO]  Completed executor task 914
2023-07-07 12:33:14.473 worker_log:613 7373 MainThread [INFO]  All processing finished for executor task 914
2023-07-07 12:33:14.484 worker_log:584 7373 MainThread [INFO]  Received executor task 927
2023-07-07 12:33:42.974 worker_log:602 7373 MainThread [INFO]  Completed executor task 927
2023-07-07 12:33:42.975 worker_log:613 7373 MainThread [INFO]  All processing finished for executor task 927
2023-07-07 12:33:42.986 worker_log:584 7373 MainThread [INFO]  Received executor task 940
2023-07-07 12:34:03.378 worker_log:602 7373 MainThread [INFO]  Completed executor task 940
2023-07-07 12:34:03.383 worker_log:613 7373 MainThread [INFO]  All processing finished for executor task 940
2023-07-07 12:34:03.390 worker_log:584 7373 MainThread [INFO]  Received executor task 955
2023-07-07 12:34:27.118 worker_log:602 7373 MainThread [INFO]  Completed executor task 955
2023-07-07 12:34:27.118 worker_log:613 7373 MainThread [INFO]  All processing finished for executor task 955
2023-07-07 12:34:27.130 worker_log:584 7373 MainThread [INFO]  Received executor task 969
2023-07-07 12:35:02.534 worker_log:602 7373 MainThread [INFO]  Completed executor task 969
2023-07-07 12:35:02.535 worker_log:613 7373 MainThread [INFO]  All processing finished for executor task 969
2023-07-07 12:35:02.546 worker_log:584 7373 MainThread [INFO]  Received executor task 987
2023-07-07 12:35:35.977 worker_log:602 7373 MainThread [INFO]  Completed executor task 987
2023-07-07 12:35:35.978 worker_log:613 7373 MainThread [INFO]  All processing finished for executor task 987
2023-07-07 12:35:35.989 worker_log:584 7373 MainThread [INFO]  Received executor task 1008
2023-07-07 12:36:22.378 worker_log:602 7373 MainThread [INFO]  Completed executor task 1008
2023-07-07 12:36:22.379 worker_log:613 7373 MainThread [INFO]  All processing finished for executor task 1008
2023-07-07 12:36:22.390 worker_log:584 7373 MainThread [INFO]  Received executor task 1035
2023-07-07 12:37:03.483 worker_log:602 7373 MainThread [INFO]  Completed executor task 1035
2023-07-07 12:37:03.483 worker_log:613 7373 MainThread [INFO]  All processing finished for executor task 1035
2023-07-07 12:37:03.495 worker_log:584 7373 MainThread [INFO]  Received executor task 1053
2023-07-07 12:37:45.519 worker_log:602 7373 MainThread [INFO]  Completed executor task 1053
2023-07-07 12:37:45.520 worker_log:613 7373 MainThread [INFO]  All processing finished for executor task 1053
2023-07-07 12:37:45.533 worker_log:584 7373 MainThread [INFO]  Received executor task 1075
2023-07-07 12:38:10.680 worker_log:602 7373 MainThread [INFO]  Completed executor task 1075
2023-07-07 12:38:10.680 worker_log:613 7373 MainThread [INFO]  All processing finished for executor task 1075
2023-07-07 12:38:10.692 worker_log:584 7373 MainThread [INFO]  Received executor task 1089
2023-07-07 12:38:46.170 worker_log:602 7373 MainThread [INFO]  Completed executor task 1089
2023-07-07 12:38:46.171 worker_log:613 7373 MainThread [INFO]  All processing finished for executor task 1089
2023-07-07 12:38:46.182 worker_log:584 7373 MainThread [INFO]  Received executor task 1100
2023-07-07 12:39:12.169 worker_log:602 7373 MainThread [INFO]  Completed executor task 1100
2023-07-07 12:39:12.170 worker_log:613 7373 MainThread [INFO]  All processing finished for executor task 1100
2023-07-07 12:39:12.181 worker_log:584 7373 MainThread [INFO]  Received executor task 1114
2023-07-07 12:39:35.095 worker_log:602 7373 MainThread [INFO]  Completed executor task 1114
2023-07-07 12:39:35.095 worker_log:613 7373 MainThread [INFO]  All processing finished for executor task 1114
2023-07-07 12:39:35.106 worker_log:584 7373 MainThread [INFO]  Received executor task 1124
2023-07-07 12:40:12.535 worker_log:602 7373 MainThread [INFO]  Completed executor task 1124
2023-07-07 12:40:12.536 worker_log:613 7373 MainThread [INFO]  All processing finished for executor task 1124
2023-07-07 12:40:12.547 worker_log:584 7373 MainThread [INFO]  Received executor task 1137
2023-07-07 12:40:59.224 worker_log:602 7373 MainThread [INFO]  Completed executor task 1137
2023-07-07 12:40:59.224 worker_log:613 7373 MainThread [INFO]  All processing finished for executor task 1137
2023-07-07 12:40:59.235 worker_log:584 7373 MainThread [INFO]  Received executor task 1154
2023-07-07 12:41:43.933 worker_log:602 7373 MainThread [INFO]  Completed executor task 1154
2023-07-07 12:41:43.934 worker_log:613 7373 MainThread [INFO]  All processing finished for executor task 1154
2023-07-07 12:41:43.945 worker_log:584 7373 MainThread [INFO]  Received executor task 1174
2023-07-07 12:42:16.285 worker_log:602 7373 MainThread [INFO]  Completed executor task 1174
2023-07-07 12:42:16.285 worker_log:613 7373 MainThread [INFO]  All processing finished for executor task 1174
2023-07-07 12:42:16.303 worker_log:584 7373 MainThread [INFO]  Received executor task 1195
2023-07-07 12:42:59.451 worker_log:602 7373 MainThread [INFO]  Completed executor task 1195
2023-07-07 12:42:59.452 worker_log:613 7373 MainThread [INFO]  All processing finished for executor task 1195
2023-07-07 12:42:59.463 worker_log:584 7373 MainThread [INFO]  Received executor task 1215
2023-07-07 12:43:40.773 worker_log:602 7373 MainThread [INFO]  Completed executor task 1215
2023-07-07 12:43:40.774 worker_log:613 7373 MainThread [INFO]  All processing finished for executor task 1215
2023-07-07 12:43:40.785 worker_log:584 7373 MainThread [INFO]  Received executor task 1232
2023-07-07 12:44:07.606 worker_log:602 7373 MainThread [INFO]  Completed executor task 1232
2023-07-07 12:44:07.606 worker_log:613 7373 MainThread [INFO]  All processing finished for executor task 1232
2023-07-07 12:44:07.617 worker_log:584 7373 MainThread [INFO]  Received executor task 1249
2023-07-07 12:44:37.008 worker_log:602 7373 MainThread [INFO]  Completed executor task 1249
2023-07-07 12:44:37.008 worker_log:613 7373 MainThread [INFO]  All processing finished for executor task 1249
2023-07-07 12:44:37.019 worker_log:584 7373 MainThread [INFO]  Received executor task 1261
2023-07-07 12:45:13.745 worker_log:602 7373 MainThread [INFO]  Completed executor task 1261
2023-07-07 12:45:13.745 worker_log:613 7373 MainThread [INFO]  All processing finished for executor task 1261
2023-07-07 12:45:13.756 worker_log:584 7373 MainThread [INFO]  Received executor task 1279
2023-07-07 12:45:33.559 worker_log:602 7373 MainThread [INFO]  Completed executor task 1279
2023-07-07 12:45:33.560 worker_log:613 7373 MainThread [INFO]  All processing finished for executor task 1279
2023-07-07 12:45:33.571 worker_log:584 7373 MainThread [INFO]  Received executor task 1289
2023-07-07 12:46:02.181 worker_log:602 7373 MainThread [INFO]  Completed executor task 1289
2023-07-07 12:46:02.182 worker_log:613 7373 MainThread [INFO]  All processing finished for executor task 1289
2023-07-07 12:46:02.193 worker_log:584 7373 MainThread [INFO]  Received executor task 1302
2023-07-07 12:46:59.467 worker_log:602 7373 MainThread [INFO]  Completed executor task 1302
2023-07-07 12:46:59.468 worker_log:613 7373 MainThread [INFO]  All processing finished for executor task 1302
2023-07-07 12:46:59.479 worker_log:584 7373 MainThread [INFO]  Received executor task 1327
2023-07-07 12:47:36.852 worker_log:602 7373 MainThread [INFO]  Completed executor task 1327
2023-07-07 12:47:36.853 worker_log:613 7373 MainThread [INFO]  All processing finished for executor task 1327
2023-07-07 12:47:36.864 worker_log:584 7373 MainThread [INFO]  Received executor task 1345
2023-07-07 12:48:28.770 worker_log:602 7373 MainThread [INFO]  Completed executor task 1345
2023-07-07 12:48:28.771 worker_log:613 7373 MainThread [INFO]  All processing finished for executor task 1345
2023-07-07 12:48:28.782 worker_log:584 7373 MainThread [INFO]  Received executor task 1371
2023-07-07 12:49:07.559 worker_log:602 7373 MainThread [INFO]  Completed executor task 1371
2023-07-07 12:49:07.560 worker_log:613 7373 MainThread [INFO]  All processing finished for executor task 1371
2023-07-07 12:49:07.571 worker_log:584 7373 MainThread [INFO]  Received executor task 1391
2023-07-07 12:49:52.716 worker_log:602 7373 MainThread [INFO]  Completed executor task 1391
2023-07-07 12:49:52.717 worker_log:613 7373 MainThread [INFO]  All processing finished for executor task 1391
2023-07-07 12:49:52.728 worker_log:584 7373 MainThread [INFO]  Received executor task 1411
2023-07-07 12:50:20.263 worker_log:602 7373 MainThread [INFO]  Completed executor task 1411
2023-07-07 12:50:20.264 worker_log:613 7373 MainThread [INFO]  All processing finished for executor task 1411
2023-07-07 12:50:20.275 worker_log:584 7373 MainThread [INFO]  Received executor task 1425
2023-07-07 12:50:49.513 worker_log:602 7373 MainThread [INFO]  Completed executor task 1425
2023-07-07 12:50:49.514 worker_log:613 7373 MainThread [INFO]  All processing finished for executor task 1425
2023-07-07 12:50:49.525 worker_log:584 7373 MainThread [INFO]  Received executor task 1441
2023-07-07 12:51:08.658 worker_log:602 7373 MainThread [INFO]  Completed executor task 1441
2023-07-07 12:51:08.659 worker_log:613 7373 MainThread [INFO]  All processing finished for executor task 1441
2023-07-07 12:51:08.671 worker_log:584 7373 MainThread [INFO]  Received executor task 1451
2023-07-07 12:52:06.490 worker_log:602 7373 MainThread [INFO]  Completed executor task 1451
2023-07-07 12:52:06.491 worker_log:613 7373 MainThread [INFO]  All processing finished for executor task 1451
2023-07-07 12:52:06.503 worker_log:584 7373 MainThread [INFO]  Received executor task 1478
2023-07-07 12:52:25.481 worker_log:602 7373 MainThread [INFO]  Completed executor task 1478
2023-07-07 12:52:25.481 worker_log:613 7373 MainThread [INFO]  All processing finished for executor task 1478
2023-07-07 12:52:25.493 worker_log:584 7373 MainThread [INFO]  Received executor task 1486
2023-07-07 12:52:47.632 worker_log:602 7373 MainThread [INFO]  Completed executor task 1486
2023-07-07 12:52:47.632 worker_log:613 7373 MainThread [INFO]  All processing finished for executor task 1486
2023-07-07 12:52:47.644 worker_log:584 7373 MainThread [INFO]  Received executor task 1497
2023-07-07 12:53:02.021 worker_log:602 7373 MainThread [INFO]  Completed executor task 1497
2023-07-07 12:53:02.021 worker_log:613 7373 MainThread [INFO]  All processing finished for executor task 1497
2023-07-07 12:53:02.022 worker_log:584 7373 MainThread [INFO]  Received executor task 1508
2023-07-07 12:53:32.323 worker_log:602 7373 MainThread [INFO]  Completed executor task 1508
2023-07-07 12:53:32.324 worker_log:613 7373 MainThread [INFO]  All processing finished for executor task 1508
2023-07-07 12:53:32.335 worker_log:584 7373 MainThread [INFO]  Received executor task 1522
2023-07-07 12:54:01.450 worker_log:602 7373 MainThread [INFO]  Completed executor task 1522
2023-07-07 12:54:01.450 worker_log:613 7373 MainThread [INFO]  All processing finished for executor task 1522
2023-07-07 12:54:01.461 worker_log:584 7373 MainThread [INFO]  Received executor task 1540
2023-07-07 12:54:39.556 worker_log:602 7373 MainThread [INFO]  Completed executor task 1540
2023-07-07 12:54:39.556 worker_log:613 7373 MainThread [INFO]  All processing finished for executor task 1540
2023-07-07 12:54:39.568 worker_log:584 7373 MainThread [INFO]  Received executor task 1561
2023-07-07 12:54:59.563 worker_log:602 7373 MainThread [INFO]  Completed executor task 1561
2023-07-07 12:54:59.563 worker_log:613 7373 MainThread [INFO]  All processing finished for executor task 1561
2023-07-07 12:54:59.575 worker_log:584 7373 MainThread [INFO]  Received executor task 1572
2023-07-07 12:55:55.037 worker_log:602 7373 MainThread [INFO]  Completed executor task 1572
2023-07-07 12:55:55.037 worker_log:613 7373 MainThread [INFO]  All processing finished for executor task 1572
2023-07-07 12:55:55.048 worker_log:584 7373 MainThread [INFO]  Received executor task 1601
2023-07-07 12:56:41.156 worker_log:602 7373 MainThread [INFO]  Completed executor task 1601
2023-07-07 12:56:41.157 worker_log:613 7373 MainThread [INFO]  All processing finished for executor task 1601
2023-07-07 12:56:41.169 worker_log:584 7373 MainThread [INFO]  Received executor task 1633
2023-07-07 12:57:45.930 worker_log:602 7373 MainThread [INFO]  Completed executor task 1633
2023-07-07 12:57:45.944 worker_log:613 7373 MainThread [INFO]  All processing finished for executor task 1633
2023-07-07 12:57:45.944 worker_log:584 7373 MainThread [INFO]  Received executor task 1667
2023-07-07 12:58:05.894 worker_log:602 7373 MainThread [INFO]  Completed executor task 1667
2023-07-07 12:58:05.894 worker_log:613 7373 MainThread [INFO]  All processing finished for executor task 1667
2023-07-07 12:58:05.906 worker_log:584 7373 MainThread [INFO]  Received executor task 1674
2023-07-07 12:58:22.293 worker_log:602 7373 MainThread [INFO]  Completed executor task 1674
2023-07-07 12:58:22.294 worker_log:613 7373 MainThread [INFO]  All processing finished for executor task 1674
2023-07-07 12:58:22.305 worker_log:584 7373 MainThread [INFO]  Received executor task 1684
2023-07-07 12:59:15.991 worker_log:602 7373 MainThread [INFO]  Completed executor task 1684
2023-07-07 12:59:15.992 worker_log:613 7373 MainThread [INFO]  All processing finished for executor task 1684
2023-07-07 12:59:16.003 worker_log:584 7373 MainThread [INFO]  Received executor task 1711
2023-07-07 12:59:25.185 worker_log:602 7373 MainThread [INFO]  Completed executor task 1711
2023-07-07 12:59:25.185 worker_log:613 7373 MainThread [INFO]  All processing finished for executor task 1711
2023-07-07 12:59:25.196 worker_log:584 7373 MainThread [INFO]  Received executor task 1725
2023-07-07 12:59:46.754 worker_log:602 7373 MainThread [INFO]  Completed executor task 1725
2023-07-07 12:59:46.754 worker_log:613 7373 MainThread [INFO]  All processing finished for executor task 1725
2023-07-07 12:59:46.765 worker_log:584 7373 MainThread [INFO]  Received executor task 1743
2023-07-07 13:00:00.182 worker_log:602 7373 MainThread [INFO]  Completed executor task 1743
2023-07-07 13:00:00.182 worker_log:613 7373 MainThread [INFO]  All processing finished for executor task 1743
2023-07-07 13:00:00.193 worker_log:584 7373 MainThread [INFO]  Received executor task 1754
2023-07-07 13:00:14.894 worker_log:602 7373 MainThread [INFO]  Completed executor task 1754
2023-07-07 13:00:14.894 worker_log:613 7373 MainThread [INFO]  All processing finished for executor task 1754
2023-07-07 13:00:14.905 worker_log:584 7373 MainThread [INFO]  Received executor task 1764
2023-07-07 13:00:29.357 worker_log:602 7373 MainThread [INFO]  Completed executor task 1764
2023-07-07 13:00:29.358 worker_log:613 7373 MainThread [INFO]  All processing finished for executor task 1764
2023-07-07 13:00:29.369 worker_log:584 7373 MainThread [INFO]  Received executor task 1774
2023-07-07 13:01:01.791 worker_log:602 7373 MainThread [INFO]  Completed executor task 1774
2023-07-07 13:01:01.791 worker_log:613 7373 MainThread [INFO]  All processing finished for executor task 1774
2023-07-07 13:01:01.802 worker_log:584 7373 MainThread [INFO]  Received executor task 1792
2023-07-07 13:01:39.942 worker_log:602 7373 MainThread [INFO]  Completed executor task 1792
2023-07-07 13:01:39.942 worker_log:613 7373 MainThread [INFO]  All processing finished for executor task 1792
2023-07-07 13:01:39.953 worker_log:584 7373 MainThread [INFO]  Received executor task 1806
2023-07-07 13:02:50.784 worker_log:602 7373 MainThread [INFO]  Completed executor task 1806
2023-07-07 13:02:50.785 worker_log:613 7373 MainThread [INFO]  All processing finished for executor task 1806
2023-07-07 13:02:50.796 worker_log:584 7373 MainThread [INFO]  Received executor task 1832
2023-07-07 13:03:36.720 worker_log:602 7373 MainThread [INFO]  Completed executor task 1832
2023-07-07 13:03:36.720 worker_log:613 7373 MainThread [INFO]  All processing finished for executor task 1832
2023-07-07 13:03:36.731 worker_log:584 7373 MainThread [INFO]  Received executor task 1857
2023-07-07 13:04:04.131 worker_log:602 7373 MainThread [INFO]  Completed executor task 1857
2023-07-07 13:04:04.131 worker_log:613 7373 MainThread [INFO]  All processing finished for executor task 1857
2023-07-07 13:04:04.142 worker_log:584 7373 MainThread [INFO]  Received executor task 1868
2023-07-07 13:04:40.785 worker_log:602 7373 MainThread [INFO]  Completed executor task 1868
2023-07-07 13:04:40.785 worker_log:613 7373 MainThread [INFO]  All processing finished for executor task 1868
2023-07-07 13:04:40.796 worker_log:584 7373 MainThread [INFO]  Received executor task 1888
2023-07-07 13:05:02.033 worker_log:602 7373 MainThread [INFO]  Completed executor task 1888
2023-07-07 13:05:02.033 worker_log:613 7373 MainThread [INFO]  All processing finished for executor task 1888
2023-07-07 13:05:02.044 worker_log:584 7373 MainThread [INFO]  Received executor task 1900
2023-07-07 13:05:58.886 worker_log:602 7373 MainThread [INFO]  Completed executor task 1900
2023-07-07 13:05:58.887 worker_log:613 7373 MainThread [INFO]  All processing finished for executor task 1900
2023-07-07 13:05:58.899 worker_log:584 7373 MainThread [INFO]  Received executor task 1927
2023-07-07 13:06:14.607 worker_log:602 7373 MainThread [INFO]  Completed executor task 1927
2023-07-07 13:06:14.607 worker_log:613 7373 MainThread [INFO]  All processing finished for executor task 1927
2023-07-07 13:06:14.619 worker_log:584 7373 MainThread [INFO]  Received executor task 1933
2023-07-07 13:06:31.381 worker_log:602 7373 MainThread [INFO]  Completed executor task 1933
2023-07-07 13:06:31.381 worker_log:613 7373 MainThread [INFO]  All processing finished for executor task 1933
2023-07-07 13:06:31.392 worker_log:584 7373 MainThread [INFO]  Received executor task 1945
2023-07-07 13:06:55.310 worker_log:602 7373 MainThread [INFO]  Completed executor task 1945
2023-07-07 13:06:55.310 worker_log:613 7373 MainThread [INFO]  All processing finished for executor task 1945
2023-07-07 13:06:55.321 worker_log:584 7373 MainThread [INFO]  Received executor task 1956
2023-07-07 13:07:12.666 worker_log:602 7373 MainThread [INFO]  Completed executor task 1956
2023-07-07 13:07:12.667 worker_log:613 7373 MainThread [INFO]  All processing finished for executor task 1956
2023-07-07 13:07:12.678 worker_log:584 7373 MainThread [INFO]  Received executor task 1966
2023-07-07 13:07:42.976 worker_log:602 7373 MainThread [INFO]  Completed executor task 1966
2023-07-07 13:07:42.977 worker_log:613 7373 MainThread [INFO]  All processing finished for executor task 1966
2023-07-07 13:07:42.988 worker_log:584 7373 MainThread [INFO]  Received executor task 1977
2023-07-07 13:08:19.987 worker_log:602 7373 MainThread [INFO]  Completed executor task 1977
2023-07-07 13:08:19.988 worker_log:613 7373 MainThread [INFO]  All processing finished for executor task 1977
2023-07-07 13:08:19.999 worker_log:584 7373 MainThread [INFO]  Received executor task 1995
2023-07-07 13:08:48.732 worker_log:602 7373 MainThread [INFO]  Completed executor task 1995
2023-07-07 13:08:48.733 worker_log:613 7373 MainThread [INFO]  All processing finished for executor task 1995
2023-07-07 13:08:48.734 worker_log:584 7373 MainThread [INFO]  Received executor task 2011
2023-07-07 13:09:03.422 worker_log:602 7373 MainThread [INFO]  Completed executor task 2011
2023-07-07 13:09:03.422 worker_log:613 7373 MainThread [INFO]  All processing finished for executor task 2011
2023-07-07 13:09:03.433 worker_log:584 7373 MainThread [INFO]  Received executor task 2018
2023-07-07 13:09:31.969 worker_log:602 7373 MainThread [INFO]  Completed executor task 2018
2023-07-07 13:09:31.969 worker_log:613 7373 MainThread [INFO]  All processing finished for executor task 2018
2023-07-07 13:09:31.981 worker_log:584 7373 MainThread [INFO]  Received executor task 2033
2023-07-07 13:10:03.331 worker_log:602 7373 MainThread [INFO]  Completed executor task 2033
2023-07-07 13:10:03.331 worker_log:613 7373 MainThread [INFO]  All processing finished for executor task 2033
2023-07-07 13:10:03.342 worker_log:584 7373 MainThread [INFO]  Received executor task 2050
2023-07-07 13:10:43.107 worker_log:602 7373 MainThread [INFO]  Completed executor task 2050
2023-07-07 13:10:43.107 worker_log:613 7373 MainThread [INFO]  All processing finished for executor task 2050
2023-07-07 13:10:43.118 worker_log:584 7373 MainThread [INFO]  Received executor task 2065
2023-07-07 13:11:26.111 worker_log:602 7373 MainThread [INFO]  Completed executor task 2065
2023-07-07 13:11:26.111 worker_log:613 7373 MainThread [INFO]  All processing finished for executor task 2065
2023-07-07 13:11:26.124 worker_log:584 7373 MainThread [INFO]  Received executor task 2086
2023-07-07 13:12:08.366 worker_log:602 7373 MainThread [INFO]  Completed executor task 2086
2023-07-07 13:12:08.366 worker_log:613 7373 MainThread [INFO]  All processing finished for executor task 2086
2023-07-07 13:12:08.378 worker_log:584 7373 MainThread [INFO]  Received executor task 2108
2023-07-07 13:12:30.357 worker_log:602 7373 MainThread [INFO]  Completed executor task 2108
2023-07-07 13:12:30.358 worker_log:613 7373 MainThread [INFO]  All processing finished for executor task 2108
2023-07-07 13:12:30.369 worker_log:584 7373 MainThread [INFO]  Received executor task 2121
2023-07-07 13:13:02.665 worker_log:602 7373 MainThread [INFO]  Completed executor task 2121
2023-07-07 13:13:02.665 worker_log:613 7373 MainThread [INFO]  All processing finished for executor task 2121
2023-07-07 13:13:02.676 worker_log:584 7373 MainThread [INFO]  Received executor task 2134
2023-07-07 13:14:04.920 worker_log:602 7373 MainThread [INFO]  Completed executor task 2134
2023-07-07 13:14:04.921 worker_log:613 7373 MainThread [INFO]  All processing finished for executor task 2134
2023-07-07 13:14:04.932 worker_log:584 7373 MainThread [INFO]  Received executor task 2169
2023-07-07 13:14:18.987 worker_log:602 7373 MainThread [INFO]  Completed executor task 2169
2023-07-07 13:14:18.988 worker_log:613 7373 MainThread [INFO]  All processing finished for executor task 2169
2023-07-07 13:14:18.999 worker_log:584 7373 MainThread [INFO]  Received executor task 2177
2023-07-07 13:15:05.232 worker_log:602 7373 MainThread [INFO]  Completed executor task 2177
2023-07-07 13:15:05.233 worker_log:613 7373 MainThread [INFO]  All processing finished for executor task 2177
2023-07-07 13:15:05.245 worker_log:584 7373 MainThread [INFO]  Received executor task 2204
2023-07-07 13:16:09.366 worker_log:602 7373 MainThread [INFO]  Completed executor task 2204
2023-07-07 13:16:09.367 worker_log:613 7373 MainThread [INFO]  All processing finished for executor task 2204
2023-07-07 13:16:09.378 worker_log:584 7373 MainThread [INFO]  Received executor task 2230
2023-07-07 13:16:27.914 worker_log:602 7373 MainThread [INFO]  Completed executor task 2230
2023-07-07 13:16:27.915 worker_log:613 7373 MainThread [INFO]  All processing finished for executor task 2230
2023-07-07 13:16:27.926 worker_log:584 7373 MainThread [INFO]  Received executor task 2238
2023-07-07 13:17:08.150 worker_log:602 7373 MainThread [INFO]  Completed executor task 2238
2023-07-07 13:17:08.151 worker_log:613 7373 MainThread [INFO]  All processing finished for executor task 2238
2023-07-07 13:17:08.162 worker_log:584 7373 MainThread [INFO]  Received executor task 2260
2023-07-07 13:17:52.675 worker_log:602 7373 MainThread [INFO]  Completed executor task 2260
2023-07-07 13:17:52.676 worker_log:613 7373 MainThread [INFO]  All processing finished for executor task 2260
2023-07-07 13:17:52.687 worker_log:584 7373 MainThread [INFO]  Received executor task 2280
2023-07-07 13:18:51.049 worker_log:602 7373 MainThread [INFO]  Completed executor task 2280
2023-07-07 13:18:51.050 worker_log:613 7373 MainThread [INFO]  All processing finished for executor task 2280
2023-07-07 13:18:51.061 worker_log:584 7373 MainThread [INFO]  Received executor task 2303
2023-07-07 13:19:14.402 worker_log:602 7373 MainThread [INFO]  Completed executor task 2303
2023-07-07 13:19:14.403 worker_log:613 7373 MainThread [INFO]  All processing finished for executor task 2303
2023-07-07 13:19:14.414 worker_log:584 7373 MainThread [INFO]  Received executor task 2314
2023-07-07 13:19:54.920 worker_log:602 7373 MainThread [INFO]  Completed executor task 2314
2023-07-07 13:19:54.921 worker_log:613 7373 MainThread [INFO]  All processing finished for executor task 2314
2023-07-07 13:19:54.932 worker_log:584 7373 MainThread [INFO]  Received executor task 2331
2023-07-07 13:20:31.456 worker_log:602 7373 MainThread [INFO]  Completed executor task 2331
2023-07-07 13:20:31.467 worker_log:613 7373 MainThread [INFO]  All processing finished for executor task 2331
2023-07-07 13:20:31.468 worker_log:584 7373 MainThread [INFO]  Received executor task 2352
2023-07-07 13:21:21.772 worker_log:602 7373 MainThread [INFO]  Completed executor task 2352
2023-07-07 13:21:21.772 worker_log:613 7373 MainThread [INFO]  All processing finished for executor task 2352
2023-07-07 13:21:21.783 worker_log:584 7373 MainThread [INFO]  Received executor task 2378
2023-07-07 13:21:45.220 worker_log:602 7373 MainThread [INFO]  Completed executor task 2378
2023-07-07 13:21:45.233 worker_log:613 7373 MainThread [INFO]  All processing finished for executor task 2378
2023-07-07 13:21:45.235 worker_log:584 7373 MainThread [INFO]  Received executor task 2390
2023-07-07 13:22:31.085 worker_log:602 7373 MainThread [INFO]  Completed executor task 2390
2023-07-07 13:22:31.085 worker_log:613 7373 MainThread [INFO]  All processing finished for executor task 2390
2023-07-07 13:22:31.096 worker_log:584 7373 MainThread [INFO]  Received executor task 2413
2023-07-07 13:22:56.379 worker_log:602 7373 MainThread [INFO]  Completed executor task 2413
2023-07-07 13:22:56.380 worker_log:613 7373 MainThread [INFO]  All processing finished for executor task 2413
2023-07-07 13:22:56.392 worker_log:584 7373 MainThread [INFO]  Received executor task 2433
2023-07-07 13:23:09.139 worker_log:602 7373 MainThread [INFO]  Completed executor task 2433
2023-07-07 13:23:09.140 worker_log:613 7373 MainThread [INFO]  All processing finished for executor task 2433
2023-07-07 13:23:09.151 worker_log:584 7373 MainThread [INFO]  Received executor task 2444
2023-07-07 13:23:49.496 worker_log:602 7373 MainThread [INFO]  Completed executor task 2444
2023-07-07 13:23:49.496 worker_log:613 7373 MainThread [INFO]  All processing finished for executor task 2444
2023-07-07 13:23:49.507 worker_log:584 7373 MainThread [INFO]  Received executor task 2469
2023-07-07 13:24:14.505 worker_log:602 7373 MainThread [INFO]  Completed executor task 2469
2023-07-07 13:24:14.505 worker_log:613 7373 MainThread [INFO]  All processing finished for executor task 2469
2023-07-07 13:24:14.517 worker_log:584 7373 MainThread [INFO]  Received executor task 2481
2023-07-07 13:24:53.832 worker_log:602 7373 MainThread [INFO]  Completed executor task 2481
2023-07-07 13:24:53.832 worker_log:613 7373 MainThread [INFO]  All processing finished for executor task 2481
2023-07-07 13:24:53.845 worker_log:584 7373 MainThread [INFO]  Received executor task 2499
2023-07-07 13:25:01.285 worker_log:602 7373 MainThread [INFO]  Completed executor task 2499
2023-07-07 13:25:01.285 worker_log:613 7373 MainThread [INFO]  All processing finished for executor task 2499
2023-07-07 13:25:01.297 worker_log:584 7373 MainThread [INFO]  Received executor task 2500
2023-07-07 13:25:30.892 worker_log:602 7373 MainThread [INFO]  Completed executor task 2500
2023-07-07 13:25:30.892 worker_log:613 7373 MainThread [INFO]  All processing finished for executor task 2500
2023-07-07 13:25:30.903 worker_log:584 7373 MainThread [INFO]  Received executor task 2512
2023-07-07 13:25:53.227 worker_log:602 7373 MainThread [INFO]  Completed executor task 2512
2023-07-07 13:25:53.228 worker_log:613 7373 MainThread [INFO]  All processing finished for executor task 2512
2023-07-07 13:25:53.239 worker_log:584 7373 MainThread [INFO]  Received executor task 2527
2023-07-07 13:26:29.199 worker_log:602 7373 MainThread [INFO]  Completed executor task 2527
2023-07-07 13:26:29.200 worker_log:613 7373 MainThread [INFO]  All processing finished for executor task 2527
2023-07-07 13:26:29.211 worker_log:584 7373 MainThread [INFO]  Received executor task 2542
2023-07-07 13:27:03.946 worker_log:602 7373 MainThread [INFO]  Completed executor task 2542
2023-07-07 13:27:03.947 worker_log:613 7373 MainThread [INFO]  All processing finished for executor task 2542
2023-07-07 13:27:03.958 worker_log:584 7373 MainThread [INFO]  Received executor task 2557
2023-07-07 13:27:37.682 worker_log:602 7373 MainThread [INFO]  Completed executor task 2557
2023-07-07 13:27:37.682 worker_log:613 7373 MainThread [INFO]  All processing finished for executor task 2557
2023-07-07 13:27:37.694 worker_log:584 7373 MainThread [INFO]  Received executor task 2576
2023-07-07 13:28:09.585 worker_log:602 7373 MainThread [INFO]  Completed executor task 2576
2023-07-07 13:28:09.586 worker_log:613 7373 MainThread [INFO]  All processing finished for executor task 2576
2023-07-07 13:28:09.597 worker_log:584 7373 MainThread [INFO]  Received executor task 2592
2023-07-07 13:28:38.213 worker_log:602 7373 MainThread [INFO]  Completed executor task 2592
2023-07-07 13:28:38.213 worker_log:613 7373 MainThread [INFO]  All processing finished for executor task 2592
2023-07-07 13:28:38.225 worker_log:584 7373 MainThread [INFO]  Received executor task 2604
2023-07-07 13:29:13.370 worker_log:602 7373 MainThread [INFO]  Completed executor task 2604
2023-07-07 13:29:13.370 worker_log:613 7373 MainThread [INFO]  All processing finished for executor task 2604
2023-07-07 13:29:13.381 worker_log:584 7373 MainThread [INFO]  Received executor task 2620
2023-07-07 13:29:42.930 worker_log:602 7373 MainThread [INFO]  Completed executor task 2620
2023-07-07 13:29:42.930 worker_log:613 7373 MainThread [INFO]  All processing finished for executor task 2620
2023-07-07 13:29:42.941 worker_log:584 7373 MainThread [INFO]  Received executor task 2635
2023-07-07 13:30:37.074 worker_log:602 7373 MainThread [INFO]  Completed executor task 2635
2023-07-07 13:30:37.074 worker_log:613 7373 MainThread [INFO]  All processing finished for executor task 2635
2023-07-07 13:30:37.085 worker_log:584 7373 MainThread [INFO]  Received executor task 2655
2023-07-07 13:31:06.599 worker_log:602 7373 MainThread [INFO]  Completed executor task 2655
2023-07-07 13:31:06.599 worker_log:613 7373 MainThread [INFO]  All processing finished for executor task 2655
2023-07-07 13:31:06.610 worker_log:584 7373 MainThread [INFO]  Received executor task 2666
2023-07-07 13:31:51.081 worker_log:602 7373 MainThread [INFO]  Completed executor task 2666
2023-07-07 13:31:51.082 worker_log:613 7373 MainThread [INFO]  All processing finished for executor task 2666
2023-07-07 13:31:51.098 worker_log:584 7373 MainThread [INFO]  Received executor task 2689
2023-07-07 13:32:38.945 worker_log:602 7373 MainThread [INFO]  Completed executor task 2689
2023-07-07 13:32:38.946 worker_log:613 7373 MainThread [INFO]  All processing finished for executor task 2689
2023-07-07 13:32:38.957 worker_log:584 7373 MainThread [INFO]  Received executor task 2718
2023-07-07 13:33:24.703 worker_log:602 7373 MainThread [INFO]  Completed executor task 2718
2023-07-07 13:33:24.703 worker_log:613 7373 MainThread [INFO]  All processing finished for executor task 2718
2023-07-07 13:33:24.714 worker_log:584 7373 MainThread [INFO]  Received executor task 2741
2023-07-07 13:33:45.766 worker_log:602 7373 MainThread [INFO]  Completed executor task 2741
2023-07-07 13:33:45.767 worker_log:613 7373 MainThread [INFO]  All processing finished for executor task 2741
2023-07-07 13:33:45.778 worker_log:584 7373 MainThread [INFO]  Received executor task 2753
2023-07-07 13:34:10.229 worker_log:602 7373 MainThread [INFO]  Completed executor task 2753
2023-07-07 13:34:10.229 worker_log:613 7373 MainThread [INFO]  All processing finished for executor task 2753
2023-07-07 13:34:10.241 worker_log:584 7373 MainThread [INFO]  Received executor task 2769
2023-07-07 13:34:33.931 worker_log:602 7373 MainThread [INFO]  Completed executor task 2769
2023-07-07 13:34:33.931 worker_log:613 7373 MainThread [INFO]  All processing finished for executor task 2769
2023-07-07 13:34:33.933 worker_log:584 7373 MainThread [INFO]  Received executor task 2783
2023-07-07 13:35:17.709 worker_log:602 7373 MainThread [INFO]  Completed executor task 2783
2023-07-07 13:35:17.709 worker_log:613 7373 MainThread [INFO]  All processing finished for executor task 2783
2023-07-07 13:35:17.721 worker_log:584 7373 MainThread [INFO]  Received executor task 2798
2023-07-07 13:35:29.981 worker_log:602 7373 MainThread [INFO]  Completed executor task 2798
2023-07-07 13:35:29.981 worker_log:613 7373 MainThread [INFO]  All processing finished for executor task 2798
2023-07-07 13:35:29.993 worker_log:584 7373 MainThread [INFO]  Received executor task 2808
2023-07-07 13:36:06.809 worker_log:602 7373 MainThread [INFO]  Completed executor task 2808
2023-07-07 13:36:06.809 worker_log:613 7373 MainThread [INFO]  All processing finished for executor task 2808
2023-07-07 13:36:06.821 worker_log:584 7373 MainThread [INFO]  Received executor task 2825
2023-07-07 13:36:26.346 worker_log:602 7373 MainThread [INFO]  Completed executor task 2825
2023-07-07 13:36:26.347 worker_log:613 7373 MainThread [INFO]  All processing finished for executor task 2825
2023-07-07 13:36:26.358 worker_log:584 7373 MainThread [INFO]  Received executor task 2834
2023-07-07 13:36:56.196 worker_log:602 7373 MainThread [INFO]  Completed executor task 2834
2023-07-07 13:36:56.197 worker_log:613 7373 MainThread [INFO]  All processing finished for executor task 2834
2023-07-07 13:36:56.208 worker_log:584 7373 MainThread [INFO]  Received executor task 2850
2023-07-07 13:37:16.650 worker_log:602 7373 MainThread [INFO]  Completed executor task 2850
2023-07-07 13:37:16.650 worker_log:613 7373 MainThread [INFO]  All processing finished for executor task 2850
2023-07-07 13:37:16.661 worker_log:584 7373 MainThread [INFO]  Received executor task 2858
2023-07-07 13:37:33.344 worker_log:602 7373 MainThread [INFO]  Completed executor task 2858
2023-07-07 13:37:33.345 worker_log:613 7373 MainThread [INFO]  All processing finished for executor task 2858
2023-07-07 13:37:33.356 worker_log:584 7373 MainThread [INFO]  Received executor task 2869
2023-07-07 13:38:04.147 worker_log:602 7373 MainThread [INFO]  Completed executor task 2869
2023-07-07 13:38:04.148 worker_log:613 7373 MainThread [INFO]  All processing finished for executor task 2869
2023-07-07 13:38:04.160 worker_log:584 7373 MainThread [INFO]  Received executor task 2889
2023-07-07 13:38:30.038 worker_log:602 7373 MainThread [INFO]  Completed executor task 2889
2023-07-07 13:38:30.051 worker_log:613 7373 MainThread [INFO]  All processing finished for executor task 2889
2023-07-07 13:38:30.051 worker_log:584 7373 MainThread [INFO]  Received executor task 2905
2023-07-07 13:38:59.268 worker_log:602 7373 MainThread [INFO]  Completed executor task 2905
2023-07-07 13:38:59.268 worker_log:613 7373 MainThread [INFO]  All processing finished for executor task 2905
2023-07-07 13:38:59.279 worker_log:584 7373 MainThread [INFO]  Received executor task 2930
2023-07-07 13:39:41.756 worker_log:602 7373 MainThread [INFO]  Completed executor task 2930
2023-07-07 13:39:41.757 worker_log:613 7373 MainThread [INFO]  All processing finished for executor task 2930
2023-07-07 13:39:41.769 worker_log:584 7373 MainThread [INFO]  Received executor task 2947
2023-07-07 13:40:10.208 worker_log:602 7373 MainThread [INFO]  Completed executor task 2947
2023-07-07 13:40:10.208 worker_log:613 7373 MainThread [INFO]  All processing finished for executor task 2947
2023-07-07 13:40:10.220 worker_log:584 7373 MainThread [INFO]  Received executor task 2963
2023-07-07 13:40:47.773 worker_log:602 7373 MainThread [INFO]  Completed executor task 2963
2023-07-07 13:40:47.774 worker_log:613 7373 MainThread [INFO]  All processing finished for executor task 2963
2023-07-07 13:40:47.784 worker_log:584 7373 MainThread [INFO]  Received executor task 2986
2023-07-07 13:41:03.079 worker_log:602 7373 MainThread [INFO]  Completed executor task 2986
2023-07-07 13:41:03.079 worker_log:613 7373 MainThread [INFO]  All processing finished for executor task 2986
2023-07-07 13:41:03.090 worker_log:584 7373 MainThread [INFO]  Received executor task 2995
2023-07-07 13:41:44.218 worker_log:602 7373 MainThread [INFO]  Completed executor task 2995
2023-07-07 13:41:44.219 worker_log:613 7373 MainThread [INFO]  All processing finished for executor task 2995
2023-07-07 13:41:44.230 worker_log:584 7373 MainThread [INFO]  Received executor task 3016
2023-07-07 13:42:26.155 worker_log:602 7373 MainThread [INFO]  Completed executor task 3016
2023-07-07 13:42:26.155 worker_log:613 7373 MainThread [INFO]  All processing finished for executor task 3016
2023-07-07 13:42:26.166 worker_log:584 7373 MainThread [INFO]  Received executor task 3035
2023-07-07 13:42:51.324 worker_log:602 7373 MainThread [INFO]  Completed executor task 3035
2023-07-07 13:42:51.324 worker_log:613 7373 MainThread [INFO]  All processing finished for executor task 3035
2023-07-07 13:42:51.341 worker_log:584 7373 MainThread [INFO]  Received executor task 3045
2023-07-07 13:44:05.545 worker_log:602 7373 MainThread [INFO]  Completed executor task 3045
2023-07-07 13:44:05.546 worker_log:613 7373 MainThread [INFO]  All processing finished for executor task 3045
2023-07-07 13:44:05.557 worker_log:584 7373 MainThread [INFO]  Received executor task 3080
2023-07-07 13:45:05.822 worker_log:602 7373 MainThread [INFO]  Completed executor task 3080
2023-07-07 13:45:05.823 worker_log:613 7373 MainThread [INFO]  All processing finished for executor task 3080
2023-07-07 13:45:05.835 worker_log:584 7373 MainThread [INFO]  Received executor task 3115
2023-07-07 13:46:01.195 worker_log:602 7373 MainThread [INFO]  Completed executor task 3115
2023-07-07 13:46:01.195 worker_log:613 7373 MainThread [INFO]  All processing finished for executor task 3115
2023-07-07 13:46:01.208 worker_log:584 7373 MainThread [INFO]  Received executor task 3144
2023-07-07 13:46:43.557 worker_log:602 7373 MainThread [INFO]  Completed executor task 3144
2023-07-07 13:46:43.558 worker_log:613 7373 MainThread [INFO]  All processing finished for executor task 3144
2023-07-07 13:46:43.569 worker_log:584 7373 MainThread [INFO]  Received executor task 3166
2023-07-07 13:47:42.722 worker_log:602 7373 MainThread [INFO]  Completed executor task 3166
2023-07-07 13:47:42.722 worker_log:613 7373 MainThread [INFO]  All processing finished for executor task 3166
2023-07-07 13:47:42.744 worker_log:584 7373 MainThread [INFO]  Received executor task 3194
2023-07-07 13:47:58.077 worker_log:602 7373 MainThread [INFO]  Completed executor task 3194
2023-07-07 13:47:58.077 worker_log:613 7373 MainThread [INFO]  All processing finished for executor task 3194
2023-07-07 13:47:58.089 worker_log:584 7373 MainThread [INFO]  Received executor task 3203
2023-07-07 13:48:14.118 worker_log:602 7373 MainThread [INFO]  Completed executor task 3203
2023-07-07 13:48:14.119 worker_log:613 7373 MainThread [INFO]  All processing finished for executor task 3203
2023-07-07 13:48:14.130 worker_log:584 7373 MainThread [INFO]  Received executor task 3209
2023-07-07 13:48:30.020 worker_log:602 7373 MainThread [INFO]  Completed executor task 3209
2023-07-07 13:48:30.020 worker_log:613 7373 MainThread [INFO]  All processing finished for executor task 3209
2023-07-07 13:48:30.031 worker_log:584 7373 MainThread [INFO]  Received executor task 3219
2023-07-07 13:48:51.699 worker_log:602 7373 MainThread [INFO]  Completed executor task 3219
2023-07-07 13:48:51.700 worker_log:613 7373 MainThread [INFO]  All processing finished for executor task 3219
2023-07-07 13:48:51.711 worker_log:584 7373 MainThread [INFO]  Received executor task 3231
2023-07-07 13:49:19.002 worker_log:602 7373 MainThread [INFO]  Completed executor task 3231
2023-07-07 13:49:19.002 worker_log:613 7373 MainThread [INFO]  All processing finished for executor task 3231
2023-07-07 13:49:19.016 worker_log:584 7373 MainThread [INFO]  Received executor task 3247
2023-07-07 13:49:55.975 worker_log:602 7373 MainThread [INFO]  Completed executor task 3247
2023-07-07 13:49:55.975 worker_log:613 7373 MainThread [INFO]  All processing finished for executor task 3247
2023-07-07 13:49:55.986 worker_log:584 7373 MainThread [INFO]  Received executor task 3267
2023-07-07 13:50:27.652 worker_log:602 7373 MainThread [INFO]  Completed executor task 3267
2023-07-07 13:50:27.653 worker_log:613 7373 MainThread [INFO]  All processing finished for executor task 3267
2023-07-07 13:50:27.664 worker_log:584 7373 MainThread [INFO]  Received executor task 3285
2023-07-07 13:50:53.073 worker_log:602 7373 MainThread [INFO]  Completed executor task 3285
2023-07-07 13:50:53.074 worker_log:613 7373 MainThread [INFO]  All processing finished for executor task 3285
2023-07-07 13:50:53.085 worker_log:584 7373 MainThread [INFO]  Received executor task 3300
2023-07-07 13:51:15.409 worker_log:602 7373 MainThread [INFO]  Completed executor task 3300
2023-07-07 13:51:15.409 worker_log:613 7373 MainThread [INFO]  All processing finished for executor task 3300
2023-07-07 13:51:15.421 worker_log:584 7373 MainThread [INFO]  Received executor task 3313
2023-07-07 13:51:28.583 worker_log:602 7373 MainThread [INFO]  Completed executor task 3313
2023-07-07 13:51:28.584 worker_log:613 7373 MainThread [INFO]  All processing finished for executor task 3313
2023-07-07 13:51:28.595 worker_log:584 7373 MainThread [INFO]  Received executor task 3319
2023-07-07 13:52:02.940 worker_log:602 7373 MainThread [INFO]  Completed executor task 3319
2023-07-07 13:52:02.940 worker_log:613 7373 MainThread [INFO]  All processing finished for executor task 3319
2023-07-07 13:52:02.951 worker_log:584 7373 MainThread [INFO]  Received executor task 3340
2023-07-07 13:53:07.496 worker_log:602 7373 MainThread [INFO]  Completed executor task 3340
2023-07-07 13:53:07.496 worker_log:613 7373 MainThread [INFO]  All processing finished for executor task 3340
2023-07-07 13:53:07.507 worker_log:584 7373 MainThread [INFO]  Received executor task 3375
2023-07-07 13:53:48.933 worker_log:602 7373 MainThread [INFO]  Completed executor task 3375
2023-07-07 13:53:48.933 worker_log:613 7373 MainThread [INFO]  All processing finished for executor task 3375
2023-07-07 13:53:48.944 worker_log:584 7373 MainThread [INFO]  Received executor task 3405
2023-07-07 13:54:17.386 worker_log:602 7373 MainThread [INFO]  Completed executor task 3405
2023-07-07 13:54:17.387 worker_log:613 7373 MainThread [INFO]  All processing finished for executor task 3405
2023-07-07 13:54:17.388 worker_log:584 7373 MainThread [INFO]  Received executor task 3418
2023-07-07 13:54:49.066 worker_log:602 7373 MainThread [INFO]  Completed executor task 3418
2023-07-07 13:54:49.067 worker_log:613 7373 MainThread [INFO]  All processing finished for executor task 3418
2023-07-07 13:54:49.078 worker_log:584 7373 MainThread [INFO]  Received executor task 3436
2023-07-07 13:55:12.779 worker_log:602 7373 MainThread [INFO]  Completed executor task 3436
2023-07-07 13:55:12.780 worker_log:613 7373 MainThread [INFO]  All processing finished for executor task 3436
2023-07-07 13:55:12.791 worker_log:584 7373 MainThread [INFO]  Received executor task 3450
2023-07-07 13:55:24.778 worker_log:602 7373 MainThread [INFO]  Completed executor task 3450
2023-07-07 13:55:24.778 worker_log:613 7373 MainThread [INFO]  All processing finished for executor task 3450
2023-07-07 13:55:24.789 worker_log:584 7373 MainThread [INFO]  Received executor task 3457
2023-07-07 13:55:53.227 worker_log:602 7373 MainThread [INFO]  Completed executor task 3457
2023-07-07 13:55:53.228 worker_log:613 7373 MainThread [INFO]  All processing finished for executor task 3457
2023-07-07 13:55:53.240 worker_log:584 7373 MainThread [INFO]  Received executor task 3473
2023-07-07 13:56:49.857 worker_log:602 7373 MainThread [INFO]  Completed executor task 3473
2023-07-07 13:56:49.858 worker_log:613 7373 MainThread [INFO]  All processing finished for executor task 3473
2023-07-07 13:56:49.869 worker_log:584 7373 MainThread [INFO]  Received executor task 3497
2023-07-07 13:57:39.928 worker_log:602 7373 MainThread [INFO]  Completed executor task 3497
2023-07-07 13:57:39.928 worker_log:613 7373 MainThread [INFO]  All processing finished for executor task 3497
2023-07-07 13:57:39.939 worker_log:584 7373 MainThread [INFO]  Received executor task 3513
2023-07-07 13:58:05.849 worker_log:602 7373 MainThread [INFO]  Completed executor task 3513
2023-07-07 13:58:05.849 worker_log:613 7373 MainThread [INFO]  All processing finished for executor task 3513
2023-07-07 13:58:05.860 worker_log:584 7373 MainThread [INFO]  Received executor task 3524
2023-07-07 13:58:49.642 worker_log:602 7373 MainThread [INFO]  Completed executor task 3524
2023-07-07 13:58:49.642 worker_log:613 7373 MainThread [INFO]  All processing finished for executor task 3524
2023-07-07 13:58:49.654 worker_log:584 7373 MainThread [INFO]  Received executor task 3549
2023-07-07 13:59:15.394 worker_log:602 7373 MainThread [INFO]  Completed executor task 3549
2023-07-07 13:59:15.395 worker_log:613 7373 MainThread [INFO]  All processing finished for executor task 3549
2023-07-07 13:59:15.406 worker_log:584 7373 MainThread [INFO]  Received executor task 3562
2023-07-07 13:59:54.785 worker_log:602 7373 MainThread [INFO]  Completed executor task 3562
2023-07-07 13:59:54.786 worker_log:613 7373 MainThread [INFO]  All processing finished for executor task 3562
2023-07-07 13:59:54.797 worker_log:584 7373 MainThread [INFO]  Received executor task 3583
2023-07-07 14:00:32.481 worker_log:602 7373 MainThread [INFO]  Completed executor task 3583
2023-07-07 14:00:32.482 worker_log:613 7373 MainThread [INFO]  All processing finished for executor task 3583
2023-07-07 14:00:32.494 worker_log:584 7373 MainThread [INFO]  Received executor task 3601
2023-07-07 14:00:57.825 worker_log:602 7373 MainThread [INFO]  Completed executor task 3601
2023-07-07 14:00:57.826 worker_log:613 7373 MainThread [INFO]  All processing finished for executor task 3601
2023-07-07 14:00:57.838 worker_log:584 7373 MainThread [INFO]  Received executor task 3617
2023-07-07 14:01:27.958 worker_log:602 7373 MainThread [INFO]  Completed executor task 3617
2023-07-07 14:01:27.959 worker_log:613 7373 MainThread [INFO]  All processing finished for executor task 3617
2023-07-07 14:01:27.982 worker_log:584 7373 MainThread [INFO]  Received executor task 3631
2023-07-07 14:02:06.142 worker_log:602 7373 MainThread [INFO]  Completed executor task 3631
2023-07-07 14:02:06.142 worker_log:613 7373 MainThread [INFO]  All processing finished for executor task 3631
2023-07-07 14:02:06.153 worker_log:584 7373 MainThread [INFO]  Received executor task 3653
2023-07-07 14:02:49.496 worker_log:602 7373 MainThread [INFO]  Completed executor task 3653
2023-07-07 14:02:49.496 worker_log:613 7373 MainThread [INFO]  All processing finished for executor task 3653
2023-07-07 14:02:49.507 worker_log:584 7373 MainThread [INFO]  Received executor task 3678
2023-07-07 14:03:23.852 worker_log:602 7373 MainThread [INFO]  Completed executor task 3678
2023-07-07 14:03:23.853 worker_log:613 7373 MainThread [INFO]  All processing finished for executor task 3678
2023-07-07 14:03:23.868 worker_log:584 7373 MainThread [INFO]  Received executor task 3697
2023-07-07 14:03:57.330 worker_log:602 7373 MainThread [INFO]  Completed executor task 3697
2023-07-07 14:03:57.331 worker_log:613 7373 MainThread [INFO]  All processing finished for executor task 3697
2023-07-07 14:03:57.342 worker_log:584 7373 MainThread [INFO]  Received executor task 3714
2023-07-07 14:04:47.592 worker_log:602 7373 MainThread [INFO]  Completed executor task 3714
2023-07-07 14:04:47.593 worker_log:613 7373 MainThread [INFO]  All processing finished for executor task 3714
2023-07-07 14:04:47.604 worker_log:584 7373 MainThread [INFO]  Received executor task 3732
2023-07-07 14:05:17.168 worker_log:602 7373 MainThread [INFO]  Completed executor task 3732
2023-07-07 14:05:17.169 worker_log:613 7373 MainThread [INFO]  All processing finished for executor task 3732
2023-07-07 14:05:17.180 worker_log:584 7373 MainThread [INFO]  Received executor task 3749
2023-07-07 14:06:08.032 worker_log:602 7373 MainThread [INFO]  Completed executor task 3749
2023-07-07 14:06:08.033 worker_log:613 7373 MainThread [INFO]  All processing finished for executor task 3749
2023-07-07 14:06:08.044 worker_log:584 7373 MainThread [INFO]  Received executor task 3779
2023-07-07 14:06:39.223 worker_log:602 7373 MainThread [INFO]  Completed executor task 3779
2023-07-07 14:06:39.224 worker_log:613 7373 MainThread [INFO]  All processing finished for executor task 3779
2023-07-07 14:06:39.235 worker_log:584 7373 MainThread [INFO]  Received executor task 3788
2023-07-07 14:07:07.741 worker_log:602 7373 MainThread [INFO]  Completed executor task 3788
2023-07-07 14:07:07.742 worker_log:613 7373 MainThread [INFO]  All processing finished for executor task 3788
2023-07-07 14:07:07.753 worker_log:584 7373 MainThread [INFO]  Received executor task 3803
2023-07-07 14:07:54.061 worker_log:602 7373 MainThread [INFO]  Completed executor task 3803
2023-07-07 14:07:54.075 worker_log:613 7373 MainThread [INFO]  All processing finished for executor task 3803
2023-07-07 14:07:54.075 worker_log:584 7373 MainThread [INFO]  Received executor task 3820
2023-07-07 14:08:20.942 worker_log:602 7373 MainThread [INFO]  Completed executor task 3820
2023-07-07 14:08:20.943 worker_log:613 7373 MainThread [INFO]  All processing finished for executor task 3820
2023-07-07 14:08:20.954 worker_log:584 7373 MainThread [INFO]  Received executor task 3835
2023-07-07 14:08:50.413 worker_log:602 7373 MainThread [INFO]  Completed executor task 3835
2023-07-07 14:08:50.414 worker_log:613 7373 MainThread [INFO]  All processing finished for executor task 3835
2023-07-07 14:08:50.425 worker_log:584 7373 MainThread [INFO]  Received executor task 3849
2023-07-07 14:09:21.780 worker_log:602 7373 MainThread [INFO]  Completed executor task 3849
2023-07-07 14:09:21.781 worker_log:613 7373 MainThread [INFO]  All processing finished for executor task 3849
2023-07-07 14:09:21.802 worker_log:584 7373 MainThread [INFO]  Received executor task 3866
2023-07-07 14:09:53.573 worker_log:602 7373 MainThread [INFO]  Completed executor task 3866
2023-07-07 14:09:53.573 worker_log:613 7373 MainThread [INFO]  All processing finished for executor task 3866
2023-07-07 14:09:53.585 worker_log:584 7373 MainThread [INFO]  Received executor task 3885
2023-07-07 14:10:04.980 worker_log:602 7373 MainThread [INFO]  Completed executor task 3885
2023-07-07 14:10:04.980 worker_log:613 7373 MainThread [INFO]  All processing finished for executor task 3885
2023-07-07 14:10:04.991 worker_log:584 7373 MainThread [INFO]  Received executor task 3896
2023-07-07 14:10:56.872 worker_log:602 7373 MainThread [INFO]  Completed executor task 3896
2023-07-07 14:10:56.872 worker_log:613 7373 MainThread [INFO]  All processing finished for executor task 3896
2023-07-07 14:10:56.884 worker_log:584 7373 MainThread [INFO]  Received executor task 3924
2023-07-07 14:12:15.558 worker_log:602 7373 MainThread [INFO]  Completed executor task 3924
2023-07-07 14:12:15.562 worker_log:613 7373 MainThread [INFO]  All processing finished for executor task 3924
2023-07-07 14:12:15.570 worker_log:584 7373 MainThread [INFO]  Received executor task 3954
2023-07-07 14:12:34.079 worker_log:602 7373 MainThread [INFO]  Completed executor task 3954
2023-07-07 14:12:34.079 worker_log:613 7373 MainThread [INFO]  All processing finished for executor task 3954
2023-07-07 14:12:34.091 worker_log:584 7373 MainThread [INFO]  Received executor task 3964
2023-07-07 14:13:12.216 worker_log:602 7373 MainThread [INFO]  Completed executor task 3964
2023-07-07 14:13:12.216 worker_log:613 7373 MainThread [INFO]  All processing finished for executor task 3964
2023-07-07 14:13:12.228 worker_log:584 7373 MainThread [INFO]  Received executor task 3984
2023-07-07 14:13:45.185 worker_log:602 7373 MainThread [INFO]  Completed executor task 3984
2023-07-07 14:13:45.186 worker_log:613 7373 MainThread [INFO]  All processing finished for executor task 3984
2023-07-07 14:13:45.197 worker_log:584 7373 MainThread [INFO]  Received executor task 3999
2023-07-07 14:14:02.382 worker_log:602 7373 MainThread [INFO]  Completed executor task 3999
2023-07-07 14:14:02.383 worker_log:613 7373 MainThread [INFO]  All processing finished for executor task 3999
2023-07-07 14:14:02.407 worker_log:584 7373 MainThread [INFO]  Received executor task 4011
2023-07-07 14:14:31.406 worker_log:602 7373 MainThread [INFO]  Completed executor task 4011
2023-07-07 14:14:31.418 worker_log:613 7373 MainThread [INFO]  All processing finished for executor task 4011
2023-07-07 14:14:31.418 worker_log:584 7373 MainThread [INFO]  Received executor task 4025
2023-07-07 14:15:32.870 worker_log:602 7373 MainThread [INFO]  Completed executor task 4025
2023-07-07 14:15:32.870 worker_log:613 7373 MainThread [INFO]  All processing finished for executor task 4025
2023-07-07 14:15:32.882 worker_log:584 7373 MainThread [INFO]  Received executor task 4049
2023-07-07 14:15:56.532 worker_log:602 7373 MainThread [INFO]  Completed executor task 4049
2023-07-07 14:15:56.532 worker_log:613 7373 MainThread [INFO]  All processing finished for executor task 4049
2023-07-07 14:15:56.543 worker_log:584 7373 MainThread [INFO]  Received executor task 4060
2023-07-07 14:17:05.082 worker_log:602 7373 MainThread [INFO]  Completed executor task 4060
2023-07-07 14:17:05.082 worker_log:613 7373 MainThread [INFO]  All processing finished for executor task 4060
2023-07-07 14:17:05.093 worker_log:584 7373 MainThread [INFO]  Received executor task 4091
2023-07-07 14:17:53.289 worker_log:602 7373 MainThread [INFO]  Completed executor task 4091
2023-07-07 14:17:53.290 worker_log:613 7373 MainThread [INFO]  All processing finished for executor task 4091
2023-07-07 14:17:53.301 worker_log:584 7373 MainThread [INFO]  Received executor task 4113
2023-07-07 14:18:11.640 worker_log:602 7373 MainThread [INFO]  Completed executor task 4113
2023-07-07 14:18:11.640 worker_log:613 7373 MainThread [INFO]  All processing finished for executor task 4113
2023-07-07 14:18:11.651 worker_log:584 7373 MainThread [INFO]  Received executor task 4123
2023-07-07 14:19:14.990 worker_log:602 7373 MainThread [INFO]  Completed executor task 4123
2023-07-07 14:19:14.990 worker_log:613 7373 MainThread [INFO]  All processing finished for executor task 4123
2023-07-07 14:19:15.001 worker_log:584 7373 MainThread [INFO]  Received executor task 4148
2023-07-07 14:19:52.312 worker_log:602 7373 MainThread [INFO]  Completed executor task 4148
2023-07-07 14:19:52.313 worker_log:613 7373 MainThread [INFO]  All processing finished for executor task 4148
2023-07-07 14:19:52.325 worker_log:584 7373 MainThread [INFO]  Received executor task 4174
2023-07-07 14:20:26.220 worker_log:602 7373 MainThread [INFO]  Completed executor task 4174
2023-07-07 14:20:26.221 worker_log:613 7373 MainThread [INFO]  All processing finished for executor task 4174
2023-07-07 14:20:26.232 worker_log:584 7373 MainThread [INFO]  Received executor task 4183
2023-07-07 14:21:03.192 worker_log:602 7373 MainThread [INFO]  Completed executor task 4183
2023-07-07 14:21:03.192 worker_log:613 7373 MainThread [INFO]  All processing finished for executor task 4183
2023-07-07 14:21:03.203 worker_log:584 7373 MainThread [INFO]  Received executor task 4197
2023-07-07 14:22:15.001 worker_log:602 7373 MainThread [INFO]  Completed executor task 4197
2023-07-07 14:22:15.002 worker_log:613 7373 MainThread [INFO]  All processing finished for executor task 4197
2023-07-07 14:22:15.014 worker_log:584 7373 MainThread [INFO]  Received executor task 4231
2023-07-07 14:22:47.106 worker_log:602 7373 MainThread [INFO]  Completed executor task 4231
2023-07-07 14:22:47.107 worker_log:613 7373 MainThread [INFO]  All processing finished for executor task 4231
2023-07-07 14:22:47.121 worker_log:584 7373 MainThread [INFO]  Received executor task 4251
2023-07-07 14:22:54.665 worker_log:602 7373 MainThread [INFO]  Completed executor task 4251
2023-07-07 14:22:54.678 worker_log:613 7373 MainThread [INFO]  All processing finished for executor task 4251
2023-07-07 14:22:54.678 worker_log:584 7373 MainThread [INFO]  Received executor task 4256
2023-07-07 14:23:28.758 worker_log:602 7373 MainThread [INFO]  Completed executor task 4256
2023-07-07 14:23:28.759 worker_log:613 7373 MainThread [INFO]  All processing finished for executor task 4256
2023-07-07 14:23:28.770 worker_log:584 7373 MainThread [INFO]  Received executor task 4273
2023-07-07 14:23:46.557 worker_log:602 7373 MainThread [INFO]  Completed executor task 4273
2023-07-07 14:23:46.557 worker_log:613 7373 MainThread [INFO]  All processing finished for executor task 4273
2023-07-07 14:23:46.568 worker_log:584 7373 MainThread [INFO]  Received executor task 4279
2023-07-07 14:24:36.873 worker_log:602 7373 MainThread [INFO]  Completed executor task 4279
2023-07-07 14:24:36.873 worker_log:613 7373 MainThread [INFO]  All processing finished for executor task 4279
2023-07-07 14:24:36.886 worker_log:584 7373 MainThread [INFO]  Received executor task 4308
2023-07-07 14:25:30.871 worker_log:602 7373 MainThread [INFO]  Completed executor task 4308
2023-07-07 14:25:30.872 worker_log:613 7373 MainThread [INFO]  All processing finished for executor task 4308
2023-07-07 14:25:30.883 worker_log:584 7373 MainThread [INFO]  Received executor task 4333
2023-07-07 14:25:40.886 worker_log:602 7373 MainThread [INFO]  Completed executor task 4333
2023-07-07 14:25:40.887 worker_log:613 7373 MainThread [INFO]  All processing finished for executor task 4333
2023-07-07 14:25:40.898 worker_log:584 7373 MainThread [INFO]  Received executor task 4339
2023-07-07 14:26:12.494 worker_log:602 7373 MainThread [INFO]  Completed executor task 4339
2023-07-07 14:26:12.495 worker_log:613 7373 MainThread [INFO]  All processing finished for executor task 4339
2023-07-07 14:26:12.506 worker_log:584 7373 MainThread [INFO]  Received executor task 4354
2023-07-07 14:26:36.918 worker_log:602 7373 MainThread [INFO]  Completed executor task 4354
2023-07-07 14:26:36.919 worker_log:613 7373 MainThread [INFO]  All processing finished for executor task 4354
2023-07-07 14:26:36.930 worker_log:584 7373 MainThread [INFO]  Received executor task 4372
2023-07-07 14:27:15.800 worker_log:602 7373 MainThread [INFO]  Completed executor task 4372
2023-07-07 14:27:15.800 worker_log:613 7373 MainThread [INFO]  All processing finished for executor task 4372
2023-07-07 14:27:15.811 worker_log:584 7373 MainThread [INFO]  Received executor task 4395
2023-07-07 14:27:53.828 worker_log:602 7373 MainThread [INFO]  Completed executor task 4395
2023-07-07 14:27:53.828 worker_log:613 7373 MainThread [INFO]  All processing finished for executor task 4395
2023-07-07 14:27:53.839 worker_log:584 7373 MainThread [INFO]  Received executor task 4416
2023-07-07 14:28:15.863 worker_log:602 7373 MainThread [INFO]  Completed executor task 4416
2023-07-07 14:28:15.864 worker_log:613 7373 MainThread [INFO]  All processing finished for executor task 4416
2023-07-07 14:28:15.875 worker_log:584 7373 MainThread [INFO]  Received executor task 4428
2023-07-07 14:28:28.692 worker_log:602 7373 MainThread [INFO]  Completed executor task 4428
2023-07-07 14:28:28.693 worker_log:613 7373 MainThread [INFO]  All processing finished for executor task 4428
2023-07-07 14:28:28.704 worker_log:584 7373 MainThread [INFO]  Received executor task 4435
2023-07-07 14:28:51.286 worker_log:602 7373 MainThread [INFO]  Completed executor task 4435
2023-07-07 14:28:51.287 worker_log:613 7373 MainThread [INFO]  All processing finished for executor task 4435
2023-07-07 14:28:51.299 worker_log:584 7373 MainThread [INFO]  Received executor task 4451
2023-07-07 14:29:39.665 worker_log:602 7373 MainThread [INFO]  Completed executor task 4451
2023-07-07 14:29:39.665 worker_log:613 7373 MainThread [INFO]  All processing finished for executor task 4451
2023-07-07 14:29:39.676 worker_log:584 7373 MainThread [INFO]  Received executor task 4466
2023-07-07 14:30:19.707 worker_log:602 7373 MainThread [INFO]  Completed executor task 4466
2023-07-07 14:30:19.707 worker_log:613 7373 MainThread [INFO]  All processing finished for executor task 4466
2023-07-07 14:30:19.718 worker_log:584 7373 MainThread [INFO]  Received executor task 4485
2023-07-07 14:30:35.599 worker_log:602 7373 MainThread [INFO]  Completed executor task 4485
2023-07-07 14:30:35.599 worker_log:613 7373 MainThread [INFO]  All processing finished for executor task 4485
2023-07-07 14:30:35.612 worker_log:584 7373 MainThread [INFO]  Received executor task 4495
2023-07-07 14:31:06.830 worker_log:602 7373 MainThread [INFO]  Completed executor task 4495
2023-07-07 14:31:06.831 worker_log:613 7373 MainThread [INFO]  All processing finished for executor task 4495
2023-07-07 14:31:06.843 worker_log:584 7373 MainThread [INFO]  Received executor task 4508
2023-07-07 14:31:28.151 worker_log:602 7373 MainThread [INFO]  Completed executor task 4508
2023-07-07 14:31:28.151 worker_log:613 7373 MainThread [INFO]  All processing finished for executor task 4508
2023-07-07 14:31:28.162 worker_log:584 7373 MainThread [INFO]  Received executor task 4520
2023-07-07 14:31:50.535 worker_log:602 7373 MainThread [INFO]  Completed executor task 4520
2023-07-07 14:31:50.535 worker_log:613 7373 MainThread [INFO]  All processing finished for executor task 4520
2023-07-07 14:31:50.546 worker_log:584 7373 MainThread [INFO]  Received executor task 4531
2023-07-07 14:32:24.351 worker_log:602 7373 MainThread [INFO]  Completed executor task 4531
2023-07-07 14:32:24.351 worker_log:613 7373 MainThread [INFO]  All processing finished for executor task 4531
2023-07-07 14:32:24.362 worker_log:584 7373 MainThread [INFO]  Received executor task 4552
2023-07-07 14:33:29.293 worker_log:602 7373 MainThread [INFO]  Completed executor task 4552
2023-07-07 14:33:29.294 worker_log:613 7373 MainThread [INFO]  All processing finished for executor task 4552
2023-07-07 14:33:29.305 worker_log:584 7373 MainThread [INFO]  Received executor task 4583
2023-07-07 14:33:58.051 worker_log:602 7373 MainThread [INFO]  Completed executor task 4583
2023-07-07 14:33:58.051 worker_log:613 7373 MainThread [INFO]  All processing finished for executor task 4583
2023-07-07 14:33:58.062 worker_log:584 7373 MainThread [INFO]  Received executor task 4600
2023-07-07 14:34:32.855 worker_log:602 7373 MainThread [INFO]  Completed executor task 4600
2023-07-07 14:34:32.855 worker_log:613 7373 MainThread [INFO]  All processing finished for executor task 4600
2023-07-07 14:34:32.866 worker_log:584 7373 MainThread [INFO]  Received executor task 4618
2023-07-07 14:35:17.779 worker_log:602 7373 MainThread [INFO]  Completed executor task 4618
2023-07-07 14:35:17.779 worker_log:613 7373 MainThread [INFO]  All processing finished for executor task 4618
2023-07-07 14:35:17.790 worker_log:584 7373 MainThread [INFO]  Received executor task 4638
2023-07-07 14:35:31.853 worker_log:602 7373 MainThread [INFO]  Completed executor task 4638
2023-07-07 14:35:31.854 worker_log:613 7373 MainThread [INFO]  All processing finished for executor task 4638
2023-07-07 14:35:31.865 worker_log:584 7373 MainThread [INFO]  Received executor task 4646
2023-07-07 14:35:47.701 worker_log:602 7373 MainThread [INFO]  Completed executor task 4646
2023-07-07 14:35:47.712 worker_log:613 7373 MainThread [INFO]  All processing finished for executor task 4646
2023-07-07 14:35:47.712 worker_log:584 7373 MainThread [INFO]  Received executor task 4659
2023-07-07 14:36:28.047 worker_log:602 7373 MainThread [INFO]  Completed executor task 4659
2023-07-07 14:36:28.048 worker_log:613 7373 MainThread [INFO]  All processing finished for executor task 4659
2023-07-07 14:36:28.059 worker_log:584 7373 MainThread [INFO]  Received executor task 4675
2023-07-07 14:36:49.705 worker_log:602 7373 MainThread [INFO]  Completed executor task 4675
2023-07-07 14:36:49.705 worker_log:613 7373 MainThread [INFO]  All processing finished for executor task 4675
2023-07-07 14:36:49.716 worker_log:584 7373 MainThread [INFO]  Received executor task 4683
2023-07-07 14:37:39.369 worker_log:602 7373 MainThread [INFO]  Completed executor task 4683
2023-07-07 14:37:39.370 worker_log:613 7373 MainThread [INFO]  All processing finished for executor task 4683
2023-07-07 14:37:39.382 worker_log:584 7373 MainThread [INFO]  Received executor task 4706
2023-07-07 14:37:59.936 worker_log:602 7373 MainThread [INFO]  Completed executor task 4706
2023-07-07 14:37:59.937 worker_log:613 7373 MainThread [INFO]  All processing finished for executor task 4706
2023-07-07 14:37:59.948 worker_log:584 7373 MainThread [INFO]  Received executor task 4714
2023-07-07 14:38:25.203 worker_log:602 7373 MainThread [INFO]  Completed executor task 4714
2023-07-07 14:38:25.204 worker_log:613 7373 MainThread [INFO]  All processing finished for executor task 4714
2023-07-07 14:38:25.215 worker_log:584 7373 MainThread [INFO]  Received executor task 4728
2023-07-07 14:38:37.420 worker_log:602 7373 MainThread [INFO]  Completed executor task 4728
2023-07-07 14:38:37.420 worker_log:613 7373 MainThread [INFO]  All processing finished for executor task 4728
2023-07-07 14:38:37.431 worker_log:584 7373 MainThread [INFO]  Received executor task 4730
2023-07-07 14:39:14.468 worker_log:602 7373 MainThread [INFO]  Completed executor task 4730
2023-07-07 14:39:14.469 worker_log:613 7373 MainThread [INFO]  All processing finished for executor task 4730
2023-07-07 14:39:14.479 worker_log:584 7373 MainThread [INFO]  Received executor task 4747
2023-07-07 14:39:49.488 worker_log:602 7373 MainThread [INFO]  Completed executor task 4747
2023-07-07 14:39:49.488 worker_log:613 7373 MainThread [INFO]  All processing finished for executor task 4747
2023-07-07 14:39:49.500 worker_log:584 7373 MainThread [INFO]  Received executor task 4764
2023-07-07 14:40:13.811 worker_log:602 7373 MainThread [INFO]  Completed executor task 4764
2023-07-07 14:40:13.811 worker_log:613 7373 MainThread [INFO]  All processing finished for executor task 4764
2023-07-07 14:40:13.822 worker_log:584 7373 MainThread [INFO]  Received executor task 4776
2023-07-07 14:40:32.666 worker_log:602 7373 MainThread [INFO]  Completed executor task 4776
2023-07-07 14:40:32.666 worker_log:613 7373 MainThread [INFO]  All processing finished for executor task 4776
2023-07-07 14:40:32.677 worker_log:584 7373 MainThread [INFO]  Received executor task 4785
2023-07-07 14:41:38.834 worker_log:602 7373 MainThread [INFO]  Completed executor task 4785
2023-07-07 14:41:38.835 worker_log:613 7373 MainThread [INFO]  All processing finished for executor task 4785
2023-07-07 14:41:38.846 worker_log:584 7373 MainThread [INFO]  Received executor task 4818
2023-07-07 14:41:58.879 worker_log:602 7373 MainThread [INFO]  Completed executor task 4818
2023-07-07 14:41:58.880 worker_log:613 7373 MainThread [INFO]  All processing finished for executor task 4818
2023-07-07 14:41:58.891 worker_log:584 7373 MainThread [INFO]  Received executor task 4826
2023-07-07 14:42:11.510 worker_log:602 7373 MainThread [INFO]  Completed executor task 4826
2023-07-07 14:42:11.519 worker_log:613 7373 MainThread [INFO]  All processing finished for executor task 4826
2023-07-07 14:42:11.521 worker_log:584 7373 MainThread [INFO]  Received executor task 4834
2023-07-07 14:42:48.223 worker_log:602 7373 MainThread [INFO]  Completed executor task 4834
2023-07-07 14:42:48.223 worker_log:613 7373 MainThread [INFO]  All processing finished for executor task 4834
2023-07-07 14:42:48.235 worker_log:584 7373 MainThread [INFO]  Received executor task 4853
2023-07-07 14:43:18.337 worker_log:602 7373 MainThread [INFO]  Completed executor task 4853
2023-07-07 14:43:18.337 worker_log:613 7373 MainThread [INFO]  All processing finished for executor task 4853
2023-07-07 14:43:18.349 worker_log:584 7373 MainThread [INFO]  Received executor task 4864
2023-07-07 14:43:32.830 worker_log:602 7373 MainThread [INFO]  Completed executor task 4864
2023-07-07 14:43:32.831 worker_log:613 7373 MainThread [INFO]  All processing finished for executor task 4864
2023-07-07 14:43:32.842 worker_log:584 7373 MainThread [INFO]  Received executor task 4874
2023-07-07 14:44:25.339 worker_log:602 7373 MainThread [INFO]  Completed executor task 4874
2023-07-07 14:44:25.339 worker_log:613 7373 MainThread [INFO]  All processing finished for executor task 4874
2023-07-07 14:44:25.350 worker_log:584 7373 MainThread [INFO]  Received executor task 4898
2023-07-07 14:45:05.833 worker_log:602 7373 MainThread [INFO]  Completed executor task 4898
2023-07-07 14:45:05.834 worker_log:613 7373 MainThread [INFO]  All processing finished for executor task 4898
2023-07-07 14:45:05.845 worker_log:584 7373 MainThread [INFO]  Received executor task 4914
2023-07-07 14:45:40.858 worker_log:602 7373 MainThread [INFO]  Completed executor task 4914
2023-07-07 14:45:40.858 worker_log:613 7373 MainThread [INFO]  All processing finished for executor task 4914
2023-07-07 14:45:40.870 worker_log:584 7373 MainThread [INFO]  Received executor task 4934
2023-07-07 14:46:35.790 worker_log:602 7373 MainThread [INFO]  Completed executor task 4934
2023-07-07 14:46:35.790 worker_log:613 7373 MainThread [INFO]  All processing finished for executor task 4934
2023-07-07 14:46:35.802 worker_log:584 7373 MainThread [INFO]  Received executor task 4958
2023-07-07 14:47:21.471 worker_log:602 7373 MainThread [INFO]  Completed executor task 4958
2023-07-07 14:47:21.472 worker_log:613 7373 MainThread [INFO]  All processing finished for executor task 4958
2023-07-07 14:47:21.483 worker_log:584 7373 MainThread [INFO]  Received executor task 4982
2023-07-07 14:47:37.527 worker_log:602 7373 MainThread [INFO]  Completed executor task 4982
2023-07-07 14:47:37.528 worker_log:613 7373 MainThread [INFO]  All processing finished for executor task 4982
2023-07-07 14:47:37.539 worker_log:584 7373 MainThread [INFO]  Received executor task 4992
2023-07-07 14:47:50.986 worker_log:602 7373 MainThread [INFO]  Completed executor task 4992
2023-07-07 14:47:50.986 worker_log:613 7373 MainThread [INFO]  All processing finished for executor task 4992
2023-07-07 14:47:51.006 worker_log:584 7373 MainThread [INFO]  Received executor task 5000
2023-07-07 14:48:07.340 worker_log:602 7373 MainThread [INFO]  Completed executor task 5000
2023-07-07 14:48:07.341 worker_log:613 7373 MainThread [INFO]  All processing finished for executor task 5000
2023-07-07 14:48:07.352 worker_log:584 7373 MainThread [INFO]  Received executor task 5006
2023-07-07 14:48:16.896 worker_log:602 7373 MainThread [INFO]  Completed executor task 5006
2023-07-07 14:48:16.896 worker_log:613 7373 MainThread [INFO]  All processing finished for executor task 5006
2023-07-07 14:48:16.908 worker_log:584 7373 MainThread [INFO]  Received executor task 5011
2023-07-07 14:48:50.415 worker_log:602 7373 MainThread [INFO]  Completed executor task 5011
2023-07-07 14:48:50.415 worker_log:613 7373 MainThread [INFO]  All processing finished for executor task 5011
2023-07-07 14:48:50.427 worker_log:584 7373 MainThread [INFO]  Received executor task 5029
2023-07-07 14:49:45.424 worker_log:602 7373 MainThread [INFO]  Completed executor task 5029
2023-07-07 14:49:45.436 worker_log:613 7373 MainThread [INFO]  All processing finished for executor task 5029
2023-07-07 14:49:45.436 worker_log:584 7373 MainThread [INFO]  Received executor task 5054
2023-07-07 14:50:34.735 worker_log:602 7373 MainThread [INFO]  Completed executor task 5054
2023-07-07 14:50:34.736 worker_log:613 7373 MainThread [INFO]  All processing finished for executor task 5054
2023-07-07 14:50:34.747 worker_log:584 7373 MainThread [INFO]  Received executor task 5081
2023-07-07 14:51:33.875 worker_log:602 7373 MainThread [INFO]  Completed executor task 5081
2023-07-07 14:51:33.875 worker_log:613 7373 MainThread [INFO]  All processing finished for executor task 5081
2023-07-07 14:51:33.886 worker_log:584 7373 MainThread [INFO]  Received executor task 5103
2023-07-07 14:51:49.888 worker_log:602 7373 MainThread [INFO]  Completed executor task 5103
2023-07-07 14:51:49.888 worker_log:613 7373 MainThread [INFO]  All processing finished for executor task 5103
2023-07-07 14:51:49.900 worker_log:584 7373 MainThread [INFO]  Received executor task 5114
2023-07-07 14:52:43.094 worker_log:602 7373 MainThread [INFO]  Completed executor task 5114
2023-07-07 14:52:43.094 worker_log:613 7373 MainThread [INFO]  All processing finished for executor task 5114
2023-07-07 14:52:43.105 worker_log:584 7373 MainThread [INFO]  Received executor task 5137
2023-07-07 14:53:19.068 worker_log:602 7373 MainThread [INFO]  Completed executor task 5137
2023-07-07 14:53:19.069 worker_log:613 7373 MainThread [INFO]  All processing finished for executor task 5137
2023-07-07 14:53:19.080 worker_log:584 7373 MainThread [INFO]  Received executor task 5153
2023-07-07 14:55:06.888 worker_log:602 7373 MainThread [INFO]  Completed executor task 5153
2023-07-07 14:55:06.889 worker_log:613 7373 MainThread [INFO]  All processing finished for executor task 5153
2023-07-07 14:55:06.903 worker_log:584 7373 MainThread [INFO]  Received executor task 5215
2023-07-07 14:55:24.682 worker_log:602 7373 MainThread [INFO]  Completed executor task 5215
2023-07-07 14:55:24.682 worker_log:613 7373 MainThread [INFO]  All processing finished for executor task 5215
2023-07-07 14:55:24.693 worker_log:584 7373 MainThread [INFO]  Received executor task 5226
2023-07-07 14:55:50.894 worker_log:602 7373 MainThread [INFO]  Completed executor task 5226
2023-07-07 14:55:50.894 worker_log:613 7373 MainThread [INFO]  All processing finished for executor task 5226
2023-07-07 14:55:50.905 worker_log:584 7373 MainThread [INFO]  Received executor task 5241
2023-07-07 14:56:29.655 worker_log:602 7373 MainThread [INFO]  Completed executor task 5241
2023-07-07 14:56:29.655 worker_log:613 7373 MainThread [INFO]  All processing finished for executor task 5241
2023-07-07 14:56:29.667 worker_log:584 7373 MainThread [INFO]  Received executor task 5257
2023-07-07 14:58:48.742 worker_log:602 7373 MainThread [INFO]  Completed executor task 5257
2023-07-07 14:58:48.743 worker_log:613 7373 MainThread [INFO]  All processing finished for executor task 5257
2023-07-07 14:58:48.754 worker_log:584 7373 MainThread [INFO]  Received executor task 5308
2023-07-07 14:59:52.598 worker_log:602 7373 MainThread [INFO]  Completed executor task 5308
2023-07-07 14:59:52.598 worker_log:613 7373 MainThread [INFO]  All processing finished for executor task 5308
2023-07-07 14:59:52.609 worker_log:584 7373 MainThread [INFO]  Received executor task 5340
2023-07-07 15:00:09.338 worker_log:602 7373 MainThread [INFO]  Completed executor task 5340
2023-07-07 15:00:09.339 worker_log:613 7373 MainThread [INFO]  All processing finished for executor task 5340
2023-07-07 15:00:09.350 worker_log:584 7373 MainThread [INFO]  Received executor task 5347
2023-07-07 15:00:30.072 worker_log:602 7373 MainThread [INFO]  Completed executor task 5347
2023-07-07 15:00:30.072 worker_log:613 7373 MainThread [INFO]  All processing finished for executor task 5347
2023-07-07 15:00:30.084 worker_log:584 7373 MainThread [INFO]  Received executor task 5360
2023-07-07 15:01:20.428 worker_log:602 7373 MainThread [INFO]  Completed executor task 5360
2023-07-07 15:01:20.428 worker_log:613 7373 MainThread [INFO]  All processing finished for executor task 5360
2023-07-07 15:01:20.439 worker_log:584 7373 MainThread [INFO]  Received executor task 5381
2023-07-07 15:01:57.709 worker_log:602 7373 MainThread [INFO]  Completed executor task 5381
2023-07-07 15:01:57.710 worker_log:613 7373 MainThread [INFO]  All processing finished for executor task 5381
2023-07-07 15:01:57.721 worker_log:584 7373 MainThread [INFO]  Received executor task 5397
2023-07-07 15:02:46.242 worker_log:602 7373 MainThread [INFO]  Completed executor task 5397
2023-07-07 15:02:46.252 worker_log:613 7373 MainThread [INFO]  All processing finished for executor task 5397
2023-07-07 15:02:46.263 worker_log:584 7373 MainThread [INFO]  Received executor task 5419
2023-07-07 15:03:16.852 worker_log:602 7373 MainThread [INFO]  Completed executor task 5419
2023-07-07 15:03:16.852 worker_log:613 7373 MainThread [INFO]  All processing finished for executor task 5419
2023-07-07 15:03:16.864 worker_log:584 7373 MainThread [INFO]  Received executor task 5435
2023-07-07 15:03:49.276 worker_log:602 7373 MainThread [INFO]  Completed executor task 5435
2023-07-07 15:03:49.276 worker_log:613 7373 MainThread [INFO]  All processing finished for executor task 5435
2023-07-07 15:03:49.287 worker_log:584 7373 MainThread [INFO]  Received executor task 5453
2023-07-07 15:04:07.261 worker_log:602 7373 MainThread [INFO]  Completed executor task 5453
2023-07-07 15:04:07.262 worker_log:613 7373 MainThread [INFO]  All processing finished for executor task 5453
2023-07-07 15:04:07.273 worker_log:584 7373 MainThread [INFO]  Received executor task 5461
2023-07-07 15:04:26.362 worker_log:602 7373 MainThread [INFO]  Completed executor task 5461
2023-07-07 15:04:26.362 worker_log:613 7373 MainThread [INFO]  All processing finished for executor task 5461
2023-07-07 15:04:26.363 worker_log:584 7373 MainThread [INFO]  Received executor task 5471
2023-07-07 15:05:00.953 worker_log:602 7373 MainThread [INFO]  Completed executor task 5471
2023-07-07 15:05:00.953 worker_log:613 7373 MainThread [INFO]  All processing finished for executor task 5471
2023-07-07 15:05:00.964 worker_log:584 7373 MainThread [INFO]  Received executor task 5487
2023-07-07 15:05:27.830 worker_log:602 7373 MainThread [INFO]  Completed executor task 5487
2023-07-07 15:05:27.831 worker_log:613 7373 MainThread [INFO]  All processing finished for executor task 5487
2023-07-07 15:05:27.852 worker_log:584 7373 MainThread [INFO]  Received executor task 5499
2023-07-07 15:06:06.668 worker_log:602 7373 MainThread [INFO]  Completed executor task 5499
2023-07-07 15:06:06.669 worker_log:613 7373 MainThread [INFO]  All processing finished for executor task 5499
2023-07-07 15:06:06.680 worker_log:584 7373 MainThread [INFO]  Received executor task 5519
2023-07-07 15:06:49.086 worker_log:602 7373 MainThread [INFO]  Completed executor task 5519
2023-07-07 15:06:49.086 worker_log:613 7373 MainThread [INFO]  All processing finished for executor task 5519
2023-07-07 15:06:49.099 worker_log:584 7373 MainThread [INFO]  Received executor task 5538
2023-07-07 15:07:19.519 worker_log:602 7373 MainThread [INFO]  Completed executor task 5538
2023-07-07 15:07:19.520 worker_log:613 7373 MainThread [INFO]  All processing finished for executor task 5538
2023-07-07 15:07:19.531 worker_log:584 7373 MainThread [INFO]  Received executor task 5554
2023-07-07 15:08:01.845 worker_log:602 7373 MainThread [INFO]  Completed executor task 5554
2023-07-07 15:08:01.845 worker_log:613 7373 MainThread [INFO]  All processing finished for executor task 5554
2023-07-07 15:08:01.857 worker_log:584 7373 MainThread [INFO]  Received executor task 5567
2023-07-07 15:08:52.771 worker_log:602 7373 MainThread [INFO]  Completed executor task 5567
2023-07-07 15:08:52.771 worker_log:613 7373 MainThread [INFO]  All processing finished for executor task 5567
2023-07-07 15:08:52.783 worker_log:584 7373 MainThread [INFO]  Received executor task 5594
2023-07-07 15:09:35.244 worker_log:602 7373 MainThread [INFO]  Completed executor task 5594
2023-07-07 15:09:35.244 worker_log:613 7373 MainThread [INFO]  All processing finished for executor task 5594
2023-07-07 15:09:35.255 worker_log:584 7373 MainThread [INFO]  Received executor task 5612
2023-07-07 15:10:01.115 worker_log:602 7373 MainThread [INFO]  Completed executor task 5612
2023-07-07 15:10:01.116 worker_log:613 7373 MainThread [INFO]  All processing finished for executor task 5612
2023-07-07 15:10:01.127 worker_log:584 7373 MainThread [INFO]  Received executor task 5624
2023-07-07 15:10:25.247 worker_log:602 7373 MainThread [INFO]  Completed executor task 5624
2023-07-07 15:10:25.247 worker_log:613 7373 MainThread [INFO]  All processing finished for executor task 5624
2023-07-07 15:10:25.258 worker_log:584 7373 MainThread [INFO]  Received executor task 5637
2023-07-07 15:10:48.939 worker_log:602 7373 MainThread [INFO]  Completed executor task 5637
2023-07-07 15:10:48.939 worker_log:613 7373 MainThread [INFO]  All processing finished for executor task 5637
2023-07-07 15:10:48.950 worker_log:584 7373 MainThread [INFO]  Received executor task 5649
2023-07-07 15:11:12.286 worker_log:602 7373 MainThread [INFO]  Completed executor task 5649
2023-07-07 15:11:12.287 worker_log:613 7373 MainThread [INFO]  All processing finished for executor task 5649
2023-07-07 15:11:12.298 worker_log:584 7373 MainThread [INFO]  Received executor task 5659
2023-07-07 15:11:44.601 worker_log:602 7373 MainThread [INFO]  Completed executor task 5659
2023-07-07 15:11:44.601 worker_log:613 7373 MainThread [INFO]  All processing finished for executor task 5659
2023-07-07 15:11:44.613 worker_log:584 7373 MainThread [INFO]  Received executor task 5672
2023-07-07 15:12:23.351 worker_log:602 7373 MainThread [INFO]  Completed executor task 5672
2023-07-07 15:12:23.351 worker_log:613 7373 MainThread [INFO]  All processing finished for executor task 5672
2023-07-07 15:12:23.362 worker_log:584 7373 MainThread [INFO]  Received executor task 5693
2023-07-07 15:12:59.607 worker_log:602 7373 MainThread [INFO]  Completed executor task 5693
2023-07-07 15:12:59.607 worker_log:613 7373 MainThread [INFO]  All processing finished for executor task 5693
2023-07-07 15:12:59.618 worker_log:584 7373 MainThread [INFO]  Received executor task 5710
2023-07-07 15:13:28.499 worker_log:602 7373 MainThread [INFO]  Completed executor task 5710
2023-07-07 15:13:28.499 worker_log:613 7373 MainThread [INFO]  All processing finished for executor task 5710
2023-07-07 15:13:28.510 worker_log:584 7373 MainThread [INFO]  Received executor task 5726
2023-07-07 15:14:09.838 worker_log:602 7373 MainThread [INFO]  Completed executor task 5726
2023-07-07 15:14:09.839 worker_log:613 7373 MainThread [INFO]  All processing finished for executor task 5726
2023-07-07 15:14:09.850 worker_log:584 7373 MainThread [INFO]  Received executor task 5747
2023-07-07 15:14:55.237 worker_log:602 7373 MainThread [INFO]  Completed executor task 5747
2023-07-07 15:14:55.237 worker_log:613 7373 MainThread [INFO]  All processing finished for executor task 5747
2023-07-07 15:14:55.249 worker_log:584 7373 MainThread [INFO]  Received executor task 5766
2023-07-07 15:15:41.510 worker_log:602 7373 MainThread [INFO]  Completed executor task 5766
2023-07-07 15:15:41.510 worker_log:613 7373 MainThread [INFO]  All processing finished for executor task 5766
2023-07-07 15:15:41.522 worker_log:584 7373 MainThread [INFO]  Received executor task 5789
2023-07-07 15:16:10.801 worker_log:602 7373 MainThread [INFO]  Completed executor task 5789
2023-07-07 15:16:10.802 worker_log:613 7373 MainThread [INFO]  All processing finished for executor task 5789
2023-07-07 15:16:10.813 worker_log:584 7373 MainThread [INFO]  Received executor task 5802
2023-07-07 15:16:50.671 worker_log:602 7373 MainThread [INFO]  Completed executor task 5802
2023-07-07 15:16:50.671 worker_log:613 7373 MainThread [INFO]  All processing finished for executor task 5802
2023-07-07 15:16:50.683 worker_log:584 7373 MainThread [INFO]  Received executor task 5828
2023-07-07 15:17:07.534 worker_log:602 7373 MainThread [INFO]  Completed executor task 5828
2023-07-07 15:17:07.557 worker_log:613 7373 MainThread [INFO]  All processing finished for executor task 5828
2023-07-07 15:17:07.557 worker_log:584 7373 MainThread [INFO]  Received executor task 5838
2023-07-07 15:17:25.450 worker_log:602 7373 MainThread [INFO]  Completed executor task 5838
2023-07-07 15:17:25.450 worker_log:613 7373 MainThread [INFO]  All processing finished for executor task 5838
2023-07-07 15:17:25.463 worker_log:584 7373 MainThread [INFO]  Received executor task 5845
2023-07-07 15:17:34.330 worker_log:602 7373 MainThread [INFO]  Completed executor task 5845
2023-07-07 15:17:34.331 worker_log:613 7373 MainThread [INFO]  All processing finished for executor task 5845
2023-07-07 15:17:34.342 worker_log:584 7373 MainThread [INFO]  Received executor task 5851
2023-07-07 15:18:02.331 worker_log:602 7373 MainThread [INFO]  Completed executor task 5851
2023-07-07 15:18:02.331 worker_log:613 7373 MainThread [INFO]  All processing finished for executor task 5851
2023-07-07 15:18:02.342 worker_log:584 7373 MainThread [INFO]  Received executor task 5870
2023-07-07 15:18:48.922 worker_log:602 7373 MainThread [INFO]  Completed executor task 5870
2023-07-07 15:18:48.923 worker_log:613 7373 MainThread [INFO]  All processing finished for executor task 5870
2023-07-07 15:18:48.924 worker_log:584 7373 MainThread [INFO]  Received executor task 5883
2023-07-07 15:19:19.623 worker_log:602 7373 MainThread [INFO]  Completed executor task 5883
2023-07-07 15:19:19.623 worker_log:613 7373 MainThread [INFO]  All processing finished for executor task 5883
2023-07-07 15:19:19.634 worker_log:584 7373 MainThread [INFO]  Received executor task 5896
2023-07-07 15:19:59.523 worker_log:602 7373 MainThread [INFO]  Completed executor task 5896
2023-07-07 15:19:59.524 worker_log:613 7373 MainThread [INFO]  All processing finished for executor task 5896
2023-07-07 15:19:59.535 worker_log:584 7373 MainThread [INFO]  Received executor task 5917
2023-07-07 15:20:42.922 worker_log:602 7373 MainThread [INFO]  Completed executor task 5917
2023-07-07 15:20:42.922 worker_log:613 7373 MainThread [INFO]  All processing finished for executor task 5917
2023-07-07 15:20:42.933 worker_log:584 7373 MainThread [INFO]  Received executor task 5943
2023-07-07 15:21:15.816 worker_log:602 7373 MainThread [INFO]  Completed executor task 5943
2023-07-07 15:21:15.816 worker_log:613 7373 MainThread [INFO]  All processing finished for executor task 5943
2023-07-07 15:21:15.827 worker_log:584 7373 MainThread [INFO]  Received executor task 5957
2023-07-07 15:21:52.168 worker_log:602 7373 MainThread [INFO]  Completed executor task 5957
2023-07-07 15:21:52.169 worker_log:613 7373 MainThread [INFO]  All processing finished for executor task 5957
2023-07-07 15:21:52.180 worker_log:584 7373 MainThread [INFO]  Received executor task 5975
2023-07-07 15:22:23.250 worker_log:602 7373 MainThread [INFO]  Completed executor task 5975
2023-07-07 15:22:23.250 worker_log:613 7373 MainThread [INFO]  All processing finished for executor task 5975
2023-07-07 15:22:23.262 worker_log:584 7373 MainThread [INFO]  Received executor task 5990
2023-07-07 15:23:03.140 worker_log:602 7373 MainThread [INFO]  Completed executor task 5990
2023-07-07 15:23:03.141 worker_log:613 7373 MainThread [INFO]  All processing finished for executor task 5990
2023-07-07 15:23:03.152 worker_log:584 7373 MainThread [INFO]  Received executor task 6011
2023-07-07 15:23:35.167 worker_log:602 7373 MainThread [INFO]  Completed executor task 6011
2023-07-07 15:23:35.167 worker_log:613 7373 MainThread [INFO]  All processing finished for executor task 6011
2023-07-07 15:23:35.178 worker_log:584 7373 MainThread [INFO]  Received executor task 6030
2023-07-07 15:24:12.592 worker_log:602 7373 MainThread [INFO]  Completed executor task 6030
2023-07-07 15:24:12.592 worker_log:613 7373 MainThread [INFO]  All processing finished for executor task 6030
2023-07-07 15:24:12.604 worker_log:584 7373 MainThread [INFO]  Received executor task 6050
2023-07-07 15:24:44.059 worker_log:602 7373 MainThread [INFO]  Completed executor task 6050
2023-07-07 15:24:44.060 worker_log:613 7373 MainThread [INFO]  All processing finished for executor task 6050
2023-07-07 15:24:44.071 worker_log:584 7373 MainThread [INFO]  Received executor task 6066
2023-07-07 15:25:32.056 worker_log:602 7373 MainThread [INFO]  Completed executor task 6066
2023-07-07 15:25:32.056 worker_log:613 7373 MainThread [INFO]  All processing finished for executor task 6066
2023-07-07 15:25:32.068 worker_log:584 7373 MainThread [INFO]  Received executor task 6091
2023-07-07 15:25:55.163 worker_log:602 7373 MainThread [INFO]  Completed executor task 6091
2023-07-07 15:25:55.164 worker_log:613 7373 MainThread [INFO]  All processing finished for executor task 6091
2023-07-07 15:25:55.175 worker_log:584 7373 MainThread [INFO]  Received executor task 6106
2023-07-07 15:26:10.898 worker_log:602 7373 MainThread [INFO]  Completed executor task 6106
2023-07-07 15:26:10.898 worker_log:613 7373 MainThread [INFO]  All processing finished for executor task 6106
2023-07-07 15:26:10.910 worker_log:584 7373 MainThread [INFO]  Received executor task 6118
2023-07-07 15:26:33.780 worker_log:602 7373 MainThread [INFO]  Completed executor task 6118
2023-07-07 15:26:33.780 worker_log:613 7373 MainThread [INFO]  All processing finished for executor task 6118
2023-07-07 15:26:33.792 worker_log:584 7373 MainThread [INFO]  Received executor task 6131
2023-07-07 15:26:50.196 worker_log:602 7373 MainThread [INFO]  Completed executor task 6131
2023-07-07 15:26:50.196 worker_log:613 7373 MainThread [INFO]  All processing finished for executor task 6131
2023-07-07 15:26:50.208 worker_log:584 7373 MainThread [INFO]  Received executor task 6137
2023-07-07 15:27:47.313 worker_log:602 7373 MainThread [INFO]  Completed executor task 6137
2023-07-07 15:27:47.314 worker_log:613 7373 MainThread [INFO]  All processing finished for executor task 6137
2023-07-07 15:27:47.325 worker_log:584 7373 MainThread [INFO]  Received executor task 6163
2023-07-07 15:28:12.449 worker_log:602 7373 MainThread [INFO]  Completed executor task 6163
2023-07-07 15:28:12.450 worker_log:613 7373 MainThread [INFO]  All processing finished for executor task 6163
2023-07-07 15:28:12.461 worker_log:584 7373 MainThread [INFO]  Received executor task 6179
2023-07-07 15:28:33.028 worker_log:602 7373 MainThread [INFO]  Completed executor task 6179
2023-07-07 15:28:33.029 worker_log:613 7373 MainThread [INFO]  All processing finished for executor task 6179
2023-07-07 15:28:33.040 worker_log:584 7373 MainThread [INFO]  Received executor task 6192
2023-07-07 15:28:54.020 worker_log:602 7373 MainThread [INFO]  Completed executor task 6192
2023-07-07 15:28:54.020 worker_log:613 7373 MainThread [INFO]  All processing finished for executor task 6192
2023-07-07 15:28:54.032 worker_log:584 7373 MainThread [INFO]  Received executor task 6206
2023-07-07 15:29:34.197 worker_log:602 7373 MainThread [INFO]  Completed executor task 6206
2023-07-07 15:29:34.198 worker_log:613 7373 MainThread [INFO]  All processing finished for executor task 6206
2023-07-07 15:29:34.210 worker_log:584 7373 MainThread [INFO]  Received executor task 6227
2023-07-07 15:30:05.824 worker_log:602 7373 MainThread [INFO]  Completed executor task 6227
2023-07-07 15:30:05.824 worker_log:613 7373 MainThread [INFO]  All processing finished for executor task 6227
2023-07-07 15:30:05.835 worker_log:584 7373 MainThread [INFO]  Received executor task 6245
2023-07-07 15:30:22.439 worker_log:602 7373 MainThread [INFO]  Completed executor task 6245
2023-07-07 15:30:22.439 worker_log:613 7373 MainThread [INFO]  All processing finished for executor task 6245
2023-07-07 15:30:22.451 worker_log:584 7373 MainThread [INFO]  Received executor task 6257
2023-07-07 15:31:04.419 worker_log:602 7373 MainThread [INFO]  Completed executor task 6257
2023-07-07 15:31:04.419 worker_log:613 7373 MainThread [INFO]  All processing finished for executor task 6257
2023-07-07 15:31:04.430 worker_log:584 7373 MainThread [INFO]  Received executor task 6275
2023-07-07 15:31:18.282 worker_log:602 7373 MainThread [INFO]  Completed executor task 6275
2023-07-07 15:31:18.282 worker_log:613 7373 MainThread [INFO]  All processing finished for executor task 6275
2023-07-07 15:31:18.299 worker_log:584 7373 MainThread [INFO]  Received executor task 6286
2023-07-07 15:32:04.480 worker_log:602 7373 MainThread [INFO]  Completed executor task 6286
2023-07-07 15:32:04.480 worker_log:613 7373 MainThread [INFO]  All processing finished for executor task 6286
2023-07-07 15:32:04.487 worker_log:584 7373 MainThread [INFO]  Received executor task 6311
2023-07-07 15:32:32.640 worker_log:602 7373 MainThread [INFO]  Completed executor task 6311
2023-07-07 15:32:32.642 worker_log:613 7373 MainThread [INFO]  All processing finished for executor task 6311
2023-07-07 15:32:32.653 worker_log:584 7373 MainThread [INFO]  Received executor task 6323
2023-07-07 15:33:06.363 worker_log:602 7373 MainThread [INFO]  Completed executor task 6323
2023-07-07 15:33:06.364 worker_log:613 7373 MainThread [INFO]  All processing finished for executor task 6323
2023-07-07 15:33:06.375 worker_log:584 7373 MainThread [INFO]  Received executor task 6338
2023-07-07 15:33:33.773 worker_log:602 7373 MainThread [INFO]  Completed executor task 6338
2023-07-07 15:33:33.773 worker_log:613 7373 MainThread [INFO]  All processing finished for executor task 6338
2023-07-07 15:33:33.784 worker_log:584 7373 MainThread [INFO]  Received executor task 6352
2023-07-07 15:33:53.173 worker_log:602 7373 MainThread [INFO]  Completed executor task 6352
2023-07-07 15:33:53.173 worker_log:613 7373 MainThread [INFO]  All processing finished for executor task 6352
2023-07-07 15:33:53.184 worker_log:584 7373 MainThread [INFO]  Received executor task 6362
2023-07-07 15:34:53.308 worker_log:602 7373 MainThread [INFO]  Completed executor task 6362
2023-07-07 15:34:53.308 worker_log:613 7373 MainThread [INFO]  All processing finished for executor task 6362
2023-07-07 15:34:53.321 worker_log:584 7373 MainThread [INFO]  Received executor task 6389
2023-07-07 15:35:20.653 worker_log:602 7373 MainThread [INFO]  Completed executor task 6389
2023-07-07 15:35:20.653 worker_log:613 7373 MainThread [INFO]  All processing finished for executor task 6389
2023-07-07 15:35:20.664 worker_log:584 7373 MainThread [INFO]  Received executor task 6402
2023-07-07 15:35:57.520 worker_log:602 7373 MainThread [INFO]  Completed executor task 6402
2023-07-07 15:35:57.521 worker_log:613 7373 MainThread [INFO]  All processing finished for executor task 6402
2023-07-07 15:35:57.532 worker_log:584 7373 MainThread [INFO]  Received executor task 6424
2023-07-07 15:36:46.768 worker_log:602 7373 MainThread [INFO]  Completed executor task 6424
2023-07-07 15:36:46.769 worker_log:613 7373 MainThread [INFO]  All processing finished for executor task 6424
2023-07-07 15:36:46.780 worker_log:584 7373 MainThread [INFO]  Received executor task 6438
2023-07-07 15:37:30.208 worker_log:602 7373 MainThread [INFO]  Completed executor task 6438
2023-07-07 15:37:30.209 worker_log:613 7373 MainThread [INFO]  All processing finished for executor task 6438
2023-07-07 15:37:30.220 worker_log:584 7373 MainThread [INFO]  Received executor task 6461
2023-07-07 15:38:11.505 worker_log:602 7373 MainThread [INFO]  Completed executor task 6461
2023-07-07 15:38:11.506 worker_log:613 7373 MainThread [INFO]  All processing finished for executor task 6461
2023-07-07 15:38:11.520 worker_log:584 7373 MainThread [INFO]  Received executor task 6481
2023-07-07 15:38:31.203 worker_log:602 7373 MainThread [INFO]  Completed executor task 6481
2023-07-07 15:38:31.204 worker_log:613 7373 MainThread [INFO]  All processing finished for executor task 6481
2023-07-07 15:38:31.215 worker_log:584 7373 MainThread [INFO]  Received executor task 6490
2023-07-07 15:38:54.850 worker_log:602 7373 MainThread [INFO]  Completed executor task 6490
2023-07-07 15:38:54.850 worker_log:613 7373 MainThread [INFO]  All processing finished for executor task 6490
2023-07-07 15:38:54.862 worker_log:584 7373 MainThread [INFO]  Received executor task 6502
2023-07-07 15:39:10.943 worker_log:602 7373 MainThread [INFO]  Completed executor task 6502
2023-07-07 15:39:10.944 worker_log:613 7373 MainThread [INFO]  All processing finished for executor task 6502
2023-07-07 15:39:10.956 worker_log:584 7373 MainThread [INFO]  Received executor task 6508
2023-07-07 15:39:38.039 worker_log:602 7373 MainThread [INFO]  Completed executor task 6508
2023-07-07 15:39:38.040 worker_log:613 7373 MainThread [INFO]  All processing finished for executor task 6508
2023-07-07 15:39:38.051 worker_log:584 7373 MainThread [INFO]  Received executor task 6523
2023-07-07 15:40:21.379 worker_log:602 7373 MainThread [INFO]  Completed executor task 6523
2023-07-07 15:40:21.379 worker_log:613 7373 MainThread [INFO]  All processing finished for executor task 6523
2023-07-07 15:40:21.391 worker_log:584 7373 MainThread [INFO]  Received executor task 6540
2023-07-07 15:40:59.252 worker_log:602 7373 MainThread [INFO]  Completed executor task 6540
2023-07-07 15:40:59.253 worker_log:613 7373 MainThread [INFO]  All processing finished for executor task 6540
2023-07-07 15:40:59.264 worker_log:584 7373 MainThread [INFO]  Received executor task 6560
2023-07-07 15:41:21.082 worker_log:602 7373 MainThread [INFO]  Completed executor task 6560
2023-07-07 15:41:21.083 worker_log:613 7373 MainThread [INFO]  All processing finished for executor task 6560
2023-07-07 15:41:21.094 worker_log:584 7373 MainThread [INFO]  Received executor task 6570
2023-07-07 15:41:34.976 worker_log:602 7373 MainThread [INFO]  Completed executor task 6570
2023-07-07 15:41:34.977 worker_log:613 7373 MainThread [INFO]  All processing finished for executor task 6570
2023-07-07 15:41:34.988 worker_log:584 7373 MainThread [INFO]  Received executor task 6579
2023-07-07 15:41:47.276 worker_log:602 7373 MainThread [INFO]  Completed executor task 6579
2023-07-07 15:41:47.277 worker_log:613 7373 MainThread [INFO]  All processing finished for executor task 6579
2023-07-07 15:41:47.288 worker_log:584 7373 MainThread [INFO]  Received executor task 6586
2023-07-07 15:42:32.783 worker_log:602 7373 MainThread [INFO]  Completed executor task 6586
2023-07-07 15:42:32.783 worker_log:613 7373 MainThread [INFO]  All processing finished for executor task 6586
2023-07-07 15:42:32.795 worker_log:584 7373 MainThread [INFO]  Received executor task 6614
2023-07-07 15:43:12.684 worker_log:602 7373 MainThread [INFO]  Completed executor task 6614
2023-07-07 15:43:12.685 worker_log:613 7373 MainThread [INFO]  All processing finished for executor task 6614
2023-07-07 15:43:12.696 worker_log:584 7373 MainThread [INFO]  Received executor task 6631
2023-07-07 15:43:37.650 worker_log:602 7373 MainThread [INFO]  Completed executor task 6631
2023-07-07 15:43:37.651 worker_log:613 7373 MainThread [INFO]  All processing finished for executor task 6631
2023-07-07 15:43:37.662 worker_log:584 7373 MainThread [INFO]  Received executor task 6644
2023-07-07 15:43:55.941 worker_log:602 7373 MainThread [INFO]  Completed executor task 6644
2023-07-07 15:43:55.941 worker_log:613 7373 MainThread [INFO]  All processing finished for executor task 6644
2023-07-07 15:43:55.953 worker_log:584 7373 MainThread [INFO]  Received executor task 6655
2023-07-07 15:44:12.499 worker_log:602 7373 MainThread [INFO]  Completed executor task 6655
2023-07-07 15:44:12.499 worker_log:613 7373 MainThread [INFO]  All processing finished for executor task 6655
2023-07-07 15:44:12.513 worker_log:584 7373 MainThread [INFO]  Received executor task 6667
2023-07-07 15:44:37.960 worker_log:602 7373 MainThread [INFO]  Completed executor task 6667
2023-07-07 15:44:37.961 worker_log:613 7373 MainThread [INFO]  All processing finished for executor task 6667
2023-07-07 15:44:37.973 worker_log:584 7373 MainThread [INFO]  Received executor task 6680
2023-07-07 15:44:52.997 worker_log:602 7373 MainThread [INFO]  Completed executor task 6680
2023-07-07 15:44:52.997 worker_log:613 7373 MainThread [INFO]  All processing finished for executor task 6680
2023-07-07 15:44:53.008 worker_log:584 7373 MainThread [INFO]  Received executor task 6684
2023-07-07 15:45:17.328 worker_log:602 7373 MainThread [INFO]  Completed executor task 6684
2023-07-07 15:45:17.328 worker_log:613 7373 MainThread [INFO]  All processing finished for executor task 6684
2023-07-07 15:45:17.348 worker_log:584 7373 MainThread [INFO]  Received executor task 6695
2023-07-07 15:45:24.508 worker_log:602 7373 MainThread [INFO]  Completed executor task 6695
2023-07-07 15:45:24.521 worker_log:613 7373 MainThread [INFO]  All processing finished for executor task 6695
2023-07-07 15:45:24.521 worker_log:584 7373 MainThread [INFO]  Received executor task 6699
2023-07-07 15:46:00.274 worker_log:602 7373 MainThread [INFO]  Completed executor task 6699
2023-07-07 15:46:00.275 worker_log:613 7373 MainThread [INFO]  All processing finished for executor task 6699
2023-07-07 15:46:00.286 worker_log:584 7373 MainThread [INFO]  Received executor task 6712
2023-07-07 15:46:18.592 worker_log:602 7373 MainThread [INFO]  Completed executor task 6712
2023-07-07 15:46:18.592 worker_log:613 7373 MainThread [INFO]  All processing finished for executor task 6712
2023-07-07 15:46:18.599 worker_log:584 7373 MainThread [INFO]  Received executor task 6725
2023-07-07 15:47:06.035 worker_log:602 7373 MainThread [INFO]  Completed executor task 6725
2023-07-07 15:47:06.035 worker_log:613 7373 MainThread [INFO]  All processing finished for executor task 6725
2023-07-07 15:47:06.046 worker_log:584 7373 MainThread [INFO]  Received executor task 6749
2023-07-07 15:47:35.110 worker_log:602 7373 MainThread [INFO]  Completed executor task 6749
2023-07-07 15:47:35.124 worker_log:613 7373 MainThread [INFO]  All processing finished for executor task 6749
2023-07-07 15:47:35.124 worker_log:584 7373 MainThread [INFO]  Received executor task 6765
2023-07-07 15:48:10.150 worker_log:602 7373 MainThread [INFO]  Completed executor task 6765
2023-07-07 15:48:10.150 worker_log:613 7373 MainThread [INFO]  All processing finished for executor task 6765
2023-07-07 15:48:10.161 worker_log:584 7373 MainThread [INFO]  Received executor task 6786
2023-07-07 15:48:41.806 worker_log:602 7373 MainThread [INFO]  Completed executor task 6786
2023-07-07 15:48:41.806 worker_log:613 7373 MainThread [INFO]  All processing finished for executor task 6786
2023-07-07 15:48:41.818 worker_log:584 7373 MainThread [INFO]  Received executor task 6799
2023-07-07 15:49:04.014 worker_log:602 7373 MainThread [INFO]  Completed executor task 6799
2023-07-07 15:49:04.015 worker_log:613 7373 MainThread [INFO]  All processing finished for executor task 6799
2023-07-07 15:49:04.026 worker_log:584 7373 MainThread [INFO]  Received executor task 6812
2023-07-07 15:49:24.351 worker_log:602 7373 MainThread [INFO]  Completed executor task 6812
2023-07-07 15:49:24.352 worker_log:613 7373 MainThread [INFO]  All processing finished for executor task 6812
2023-07-07 15:49:24.363 worker_log:584 7373 MainThread [INFO]  Received executor task 6828
2023-07-07 15:49:57.124 worker_log:602 7373 MainThread [INFO]  Completed executor task 6828
2023-07-07 15:49:57.125 worker_log:613 7373 MainThread [INFO]  All processing finished for executor task 6828
2023-07-07 15:49:57.137 worker_log:584 7373 MainThread [INFO]  Received executor task 6843
2023-07-07 15:50:24.530 worker_log:602 7373 MainThread [INFO]  Completed executor task 6843
2023-07-07 15:50:24.537 worker_log:613 7373 MainThread [INFO]  All processing finished for executor task 6843
2023-07-07 15:50:24.542 worker_log:584 7373 MainThread [INFO]  Received executor task 6860
2023-07-07 15:50:56.660 worker_log:602 7373 MainThread [INFO]  Completed executor task 6860
2023-07-07 15:50:56.672 worker_log:613 7373 MainThread [INFO]  All processing finished for executor task 6860
2023-07-07 15:50:56.672 worker_log:584 7373 MainThread [INFO]  Received executor task 6874
2023-07-07 15:51:20.999 worker_log:602 7373 MainThread [INFO]  Completed executor task 6874
2023-07-07 15:51:20.999 worker_log:613 7373 MainThread [INFO]  All processing finished for executor task 6874
2023-07-07 15:51:21.010 worker_log:584 7373 MainThread [INFO]  Received executor task 6893
2023-07-07 15:51:47.722 worker_log:602 7373 MainThread [INFO]  Completed executor task 6893
2023-07-07 15:51:47.722 worker_log:613 7373 MainThread [INFO]  All processing finished for executor task 6893
2023-07-07 15:51:47.733 worker_log:584 7373 MainThread [INFO]  Received executor task 6907
2023-07-07 15:51:59.149 worker_log:602 7373 MainThread [INFO]  Completed executor task 6907
2023-07-07 15:51:59.149 worker_log:613 7373 MainThread [INFO]  All processing finished for executor task 6907
2023-07-07 15:51:59.160 worker_log:584 7373 MainThread [INFO]  Received executor task 6916
2023-07-07 15:52:21.690 worker_log:602 7373 MainThread [INFO]  Completed executor task 6916
2023-07-07 15:52:21.691 worker_log:613 7373 MainThread [INFO]  All processing finished for executor task 6916
2023-07-07 15:52:21.702 worker_log:584 7373 MainThread [INFO]  Received executor task 6926
2023-07-07 15:53:08.281 worker_log:602 7373 MainThread [INFO]  Completed executor task 6926
2023-07-07 15:53:08.282 worker_log:613 7373 MainThread [INFO]  All processing finished for executor task 6926
2023-07-07 15:53:08.293 worker_log:584 7373 MainThread [INFO]  Received executor task 6950
2023-07-07 15:53:33.688 worker_log:602 7373 MainThread [INFO]  Completed executor task 6950
2023-07-07 15:53:33.688 worker_log:613 7373 MainThread [INFO]  All processing finished for executor task 6950
2023-07-07 15:53:33.699 worker_log:584 7373 MainThread [INFO]  Received executor task 6962
2023-07-07 15:53:47.252 worker_log:602 7373 MainThread [INFO]  Completed executor task 6962
2023-07-07 15:53:47.253 worker_log:613 7373 MainThread [INFO]  All processing finished for executor task 6962
2023-07-07 15:53:47.254 worker_log:584 7373 MainThread [INFO]  Received executor task 6972
2023-07-07 15:54:21.260 worker_log:602 7373 MainThread [INFO]  Completed executor task 6972
2023-07-07 15:54:21.260 worker_log:613 7373 MainThread [INFO]  All processing finished for executor task 6972
2023-07-07 15:54:21.272 worker_log:584 7373 MainThread [INFO]  Received executor task 6991
2023-07-07 15:54:50.186 worker_log:602 7373 MainThread [INFO]  Completed executor task 6991
2023-07-07 15:54:50.186 worker_log:613 7373 MainThread [INFO]  All processing finished for executor task 6991
2023-07-07 15:54:50.199 worker_log:584 7373 MainThread [INFO]  Received executor task 7002
2023-07-07 15:55:16.462 worker_log:602 7373 MainThread [INFO]  Completed executor task 7002
2023-07-07 15:55:16.462 worker_log:613 7373 MainThread [INFO]  All processing finished for executor task 7002
2023-07-07 15:55:16.473 worker_log:584 7373 MainThread [INFO]  Received executor task 7016
2023-07-07 15:55:36.322 worker_log:602 7373 MainThread [INFO]  Completed executor task 7016
2023-07-07 15:55:36.322 worker_log:613 7373 MainThread [INFO]  All processing finished for executor task 7016
2023-07-07 15:55:36.334 worker_log:584 7373 MainThread [INFO]  Received executor task 7024
2023-07-07 15:56:21.988 worker_log:602 7373 MainThread [INFO]  Completed executor task 7024
2023-07-07 15:56:21.989 worker_log:613 7373 MainThread [INFO]  All processing finished for executor task 7024
2023-07-07 15:56:22.000 worker_log:584 7373 MainThread [INFO]  Received executor task 7049
2023-07-07 15:56:50.585 worker_log:602 7373 MainThread [INFO]  Completed executor task 7049
2023-07-07 15:56:50.586 worker_log:613 7373 MainThread [INFO]  All processing finished for executor task 7049
2023-07-07 15:56:50.597 worker_log:584 7373 MainThread [INFO]  Received executor task 7065
2023-07-07 15:57:14.218 worker_log:602 7373 MainThread [INFO]  Completed executor task 7065
2023-07-07 15:57:14.218 worker_log:613 7373 MainThread [INFO]  All processing finished for executor task 7065
2023-07-07 15:57:14.229 worker_log:584 7373 MainThread [INFO]  Received executor task 7078
2023-07-07 15:57:26.103 worker_log:602 7373 MainThread [INFO]  Completed executor task 7078
2023-07-07 15:57:26.103 worker_log:613 7373 MainThread [INFO]  All processing finished for executor task 7078
2023-07-07 15:57:26.114 worker_log:584 7373 MainThread [INFO]  Received executor task 7082
2023-07-07 15:58:04.316 worker_log:602 7373 MainThread [INFO]  Completed executor task 7082
2023-07-07 15:58:04.317 worker_log:613 7373 MainThread [INFO]  All processing finished for executor task 7082
2023-07-07 15:58:04.329 worker_log:584 7373 MainThread [INFO]  Received executor task 7104
2023-07-07 15:58:44.182 worker_log:602 7373 MainThread [INFO]  Completed executor task 7104
2023-07-07 15:58:44.182 worker_log:613 7373 MainThread [INFO]  All processing finished for executor task 7104
2023-07-07 15:58:44.193 worker_log:584 7373 MainThread [INFO]  Received executor task 7121
2023-07-07 15:59:19.142 worker_log:602 7373 MainThread [INFO]  Completed executor task 7121
2023-07-07 15:59:19.142 worker_log:613 7373 MainThread [INFO]  All processing finished for executor task 7121
2023-07-07 15:59:19.153 worker_log:584 7373 MainThread [INFO]  Received executor task 7141
2023-07-07 15:59:53.145 worker_log:602 7373 MainThread [INFO]  Completed executor task 7141
2023-07-07 15:59:53.146 worker_log:613 7373 MainThread [INFO]  All processing finished for executor task 7141
2023-07-07 15:59:53.157 worker_log:584 7373 MainThread [INFO]  Received executor task 7159
2023-07-07 16:00:39.891 worker_log:602 7373 MainThread [INFO]  Completed executor task 7159
2023-07-07 16:00:39.891 worker_log:613 7373 MainThread [INFO]  All processing finished for executor task 7159
2023-07-07 16:00:39.903 worker_log:584 7373 MainThread [INFO]  Received executor task 7180
2023-07-07 16:01:03.118 worker_log:602 7373 MainThread [INFO]  Completed executor task 7180
2023-07-07 16:01:03.119 worker_log:613 7373 MainThread [INFO]  All processing finished for executor task 7180
2023-07-07 16:01:03.130 worker_log:584 7373 MainThread [INFO]  Received executor task 7196
2023-07-07 16:01:52.305 worker_log:602 7373 MainThread [INFO]  Completed executor task 7196
2023-07-07 16:01:52.306 worker_log:613 7373 MainThread [INFO]  All processing finished for executor task 7196
2023-07-07 16:01:52.317 worker_log:584 7373 MainThread [INFO]  Received executor task 7211
2023-07-07 16:02:25.554 worker_log:602 7373 MainThread [INFO]  Completed executor task 7211
2023-07-07 16:02:25.554 worker_log:613 7373 MainThread [INFO]  All processing finished for executor task 7211
2023-07-07 16:02:25.565 worker_log:584 7373 MainThread [INFO]  Received executor task 7226
2023-07-07 16:03:01.858 worker_log:602 7373 MainThread [INFO]  Completed executor task 7226
2023-07-07 16:03:01.858 worker_log:613 7373 MainThread [INFO]  All processing finished for executor task 7226
2023-07-07 16:03:01.870 worker_log:584 7373 MainThread [INFO]  Received executor task 7239
2023-07-07 16:03:35.535 worker_log:602 7373 MainThread [INFO]  Completed executor task 7239
2023-07-07 16:03:35.536 worker_log:613 7373 MainThread [INFO]  All processing finished for executor task 7239
2023-07-07 16:03:35.547 worker_log:584 7373 MainThread [INFO]  Received executor task 7249
2023-07-07 16:04:47.100 worker_log:602 7373 MainThread [INFO]  Completed executor task 7249
2023-07-07 16:04:47.100 worker_log:613 7373 MainThread [INFO]  All processing finished for executor task 7249
2023-07-07 16:04:47.112 worker_log:584 7373 MainThread [INFO]  Received executor task 7273
2023-07-07 16:05:26.468 worker_log:602 7373 MainThread [INFO]  Completed executor task 7273
2023-07-07 16:05:26.468 worker_log:613 7373 MainThread [INFO]  All processing finished for executor task 7273
2023-07-07 16:05:26.479 worker_log:584 7373 MainThread [INFO]  Received executor task 7291
2023-07-07 16:06:10.776 worker_log:602 7373 MainThread [INFO]  Completed executor task 7291
2023-07-07 16:06:10.790 worker_log:613 7373 MainThread [INFO]  All processing finished for executor task 7291
2023-07-07 16:06:10.790 worker_log:584 7373 MainThread [INFO]  Received executor task 7304
2023-07-07 16:06:54.915 worker_log:602 7373 MainThread [INFO]  Completed executor task 7304
2023-07-07 16:06:54.916 worker_log:613 7373 MainThread [INFO]  All processing finished for executor task 7304
2023-07-07 16:06:54.927 worker_log:584 7373 MainThread [INFO]  Received executor task 7323
2023-07-07 16:07:40.671 worker_log:602 7373 MainThread [INFO]  Completed executor task 7323
2023-07-07 16:07:40.671 worker_log:613 7373 MainThread [INFO]  All processing finished for executor task 7323
2023-07-07 16:07:40.682 worker_log:584 7373 MainThread [INFO]  Received executor task 7344
2023-07-07 16:08:25.454 worker_log:602 7373 MainThread [INFO]  Completed executor task 7344
2023-07-07 16:08:25.454 worker_log:613 7373 MainThread [INFO]  All processing finished for executor task 7344
2023-07-07 16:08:25.467 worker_log:584 7373 MainThread [INFO]  Received executor task 7358
2023-07-07 16:08:38.420 worker_log:602 7373 MainThread [INFO]  Completed executor task 7358
2023-07-07 16:08:38.420 worker_log:613 7373 MainThread [INFO]  All processing finished for executor task 7358
2023-07-07 16:08:38.434 worker_log:584 7373 MainThread [INFO]  Received executor task 7366
2023-07-07 16:09:24.841 worker_log:602 7373 MainThread [INFO]  Completed executor task 7366
2023-07-07 16:09:24.841 worker_log:613 7373 MainThread [INFO]  All processing finished for executor task 7366
2023-07-07 16:09:24.853 worker_log:584 7373 MainThread [INFO]  Received executor task 7389
2023-07-07 16:09:40.534 worker_log:602 7373 MainThread [INFO]  Completed executor task 7389
2023-07-07 16:09:40.535 worker_log:613 7373 MainThread [INFO]  All processing finished for executor task 7389
2023-07-07 16:09:40.546 worker_log:584 7373 MainThread [INFO]  Received executor task 7398
2023-07-07 16:10:13.383 worker_log:602 7373 MainThread [INFO]  Completed executor task 7398
2023-07-07 16:10:13.384 worker_log:613 7373 MainThread [INFO]  All processing finished for executor task 7398
2023-07-07 16:10:13.395 worker_log:584 7373 MainThread [INFO]  Received executor task 7407
2023-07-07 16:11:01.817 worker_log:602 7373 MainThread [INFO]  Completed executor task 7407
2023-07-07 16:11:01.818 worker_log:613 7373 MainThread [INFO]  All processing finished for executor task 7407
2023-07-07 16:11:01.829 worker_log:584 7373 MainThread [INFO]  Received executor task 7426
2023-07-07 16:11:25.385 worker_log:602 7373 MainThread [INFO]  Completed executor task 7426
2023-07-07 16:11:25.386 worker_log:613 7373 MainThread [INFO]  All processing finished for executor task 7426
2023-07-07 16:11:25.399 worker_log:584 7373 MainThread [INFO]  Received executor task 7435
2023-07-07 16:12:02.983 worker_log:602 7373 MainThread [INFO]  Completed executor task 7435
2023-07-07 16:12:02.984 worker_log:613 7373 MainThread [INFO]  All processing finished for executor task 7435
2023-07-07 16:12:02.995 worker_log:584 7373 MainThread [INFO]  Received executor task 7448
2023-07-07 16:12:28.528 worker_log:602 7373 MainThread [INFO]  Completed executor task 7448
2023-07-07 16:12:28.529 worker_log:613 7373 MainThread [INFO]  All processing finished for executor task 7448
2023-07-07 16:12:28.540 worker_log:584 7373 MainThread [INFO]  Received executor task 7461
2023-07-07 16:13:06.502 worker_log:602 7373 MainThread [INFO]  Completed executor task 7461
2023-07-07 16:13:06.502 worker_log:613 7373 MainThread [INFO]  All processing finished for executor task 7461
2023-07-07 16:13:06.513 worker_log:584 7373 MainThread [INFO]  Received executor task 7479
2023-07-07 16:13:29.406 worker_log:602 7373 MainThread [INFO]  Completed executor task 7479
2023-07-07 16:13:29.406 worker_log:613 7373 MainThread [INFO]  All processing finished for executor task 7479
2023-07-07 16:13:29.418 worker_log:584 7373 MainThread [INFO]  Received executor task 7495
2023-07-07 16:14:07.894 worker_log:602 7373 MainThread [INFO]  Completed executor task 7495
2023-07-07 16:14:07.894 worker_log:613 7373 MainThread [INFO]  All processing finished for executor task 7495
2023-07-07 16:14:07.905 worker_log:584 7373 MainThread [INFO]  Received executor task 7514
2023-07-07 16:14:32.918 worker_log:602 7373 MainThread [INFO]  Completed executor task 7514
2023-07-07 16:14:32.919 worker_log:613 7373 MainThread [INFO]  All processing finished for executor task 7514
2023-07-07 16:14:32.932 worker_log:584 7373 MainThread [INFO]  Received executor task 7527
2023-07-07 16:15:03.557 worker_log:602 7373 MainThread [INFO]  Completed executor task 7527
2023-07-07 16:15:03.558 worker_log:613 7373 MainThread [INFO]  All processing finished for executor task 7527
2023-07-07 16:15:03.569 worker_log:584 7373 MainThread [INFO]  Received executor task 7539
2023-07-07 16:15:33.688 worker_log:602 7373 MainThread [INFO]  Completed executor task 7539
2023-07-07 16:15:33.688 worker_log:613 7373 MainThread [INFO]  All processing finished for executor task 7539
2023-07-07 16:15:33.699 worker_log:584 7373 MainThread [INFO]  Received executor task 7556
2023-07-07 16:16:08.786 worker_log:602 7373 MainThread [INFO]  Completed executor task 7556
2023-07-07 16:16:08.786 worker_log:613 7373 MainThread [INFO]  All processing finished for executor task 7556
2023-07-07 16:16:08.797 worker_log:584 7373 MainThread [INFO]  Received executor task 7579
2023-07-07 16:16:23.689 worker_log:602 7373 MainThread [INFO]  Completed executor task 7579
2023-07-07 16:16:23.701 worker_log:613 7373 MainThread [INFO]  All processing finished for executor task 7579
2023-07-07 16:16:23.701 worker_log:584 7373 MainThread [INFO]  Received executor task 7585
2023-07-07 16:16:46.855 worker_log:602 7373 MainThread [INFO]  Completed executor task 7585
2023-07-07 16:16:46.856 worker_log:613 7373 MainThread [INFO]  All processing finished for executor task 7585
2023-07-07 16:16:46.867 worker_log:584 7373 MainThread [INFO]  Received executor task 7598
2023-07-07 16:17:10.862 worker_log:602 7373 MainThread [INFO]  Completed executor task 7598
2023-07-07 16:17:10.862 worker_log:613 7373 MainThread [INFO]  All processing finished for executor task 7598
2023-07-07 16:17:10.874 worker_log:584 7373 MainThread [INFO]  Received executor task 7611
2023-07-07 16:17:29.287 worker_log:602 7373 MainThread [INFO]  Completed executor task 7611
2023-07-07 16:17:29.287 worker_log:613 7373 MainThread [INFO]  All processing finished for executor task 7611
2023-07-07 16:17:29.299 worker_log:584 7373 MainThread [INFO]  Received executor task 7618
2023-07-07 16:18:17.868 worker_log:602 7373 MainThread [INFO]  Completed executor task 7618
2023-07-07 16:18:17.868 worker_log:613 7373 MainThread [INFO]  All processing finished for executor task 7618
2023-07-07 16:18:17.879 worker_log:584 7373 MainThread [INFO]  Received executor task 7638
2023-07-07 16:18:44.926 worker_log:602 7373 MainThread [INFO]  Completed executor task 7638
2023-07-07 16:18:44.926 worker_log:613 7373 MainThread [INFO]  All processing finished for executor task 7638
2023-07-07 16:18:44.937 worker_log:584 7373 MainThread [INFO]  Received executor task 7648
2023-07-07 16:19:23.767 worker_log:602 7373 MainThread [INFO]  Completed executor task 7648
2023-07-07 16:19:23.768 worker_log:613 7373 MainThread [INFO]  All processing finished for executor task 7648
2023-07-07 16:19:23.779 worker_log:584 7373 MainThread [INFO]  Received executor task 7666
2023-07-07 16:19:38.280 worker_log:602 7373 MainThread [INFO]  Completed executor task 7666
2023-07-07 16:19:38.280 worker_log:613 7373 MainThread [INFO]  All processing finished for executor task 7666
2023-07-07 16:19:38.291 worker_log:584 7373 MainThread [INFO]  Received executor task 7675
2023-07-07 16:20:13.831 worker_log:602 7373 MainThread [INFO]  Completed executor task 7675
2023-07-07 16:20:13.832 worker_log:613 7373 MainThread [INFO]  All processing finished for executor task 7675
2023-07-07 16:20:13.843 worker_log:584 7373 MainThread [INFO]  Received executor task 7691
2023-07-07 16:20:39.179 worker_log:602 7373 MainThread [INFO]  Completed executor task 7691
2023-07-07 16:20:39.179 worker_log:613 7373 MainThread [INFO]  All processing finished for executor task 7691
2023-07-07 16:20:39.190 worker_log:584 7373 MainThread [INFO]  Received executor task 7703
2023-07-07 16:22:13.289 worker_log:602 7373 MainThread [INFO]  Completed executor task 7703
2023-07-07 16:22:13.289 worker_log:613 7373 MainThread [INFO]  All processing finished for executor task 7703
2023-07-07 16:22:13.301 worker_log:584 7373 MainThread [INFO]  Received executor task 7753
2023-07-07 16:22:42.733 worker_log:602 7373 MainThread [INFO]  Completed executor task 7753
2023-07-07 16:22:42.734 worker_log:613 7373 MainThread [INFO]  All processing finished for executor task 7753
2023-07-07 16:22:42.745 worker_log:584 7373 MainThread [INFO]  Received executor task 7768
2023-07-07 16:23:12.171 worker_log:602 7373 MainThread [INFO]  Completed executor task 7768
2023-07-07 16:23:12.171 worker_log:613 7373 MainThread [INFO]  All processing finished for executor task 7768
2023-07-07 16:23:12.182 worker_log:584 7373 MainThread [INFO]  Received executor task 7784
2023-07-07 16:23:59.902 worker_log:602 7373 MainThread [INFO]  Completed executor task 7784
2023-07-07 16:23:59.902 worker_log:613 7373 MainThread [INFO]  All processing finished for executor task 7784
2023-07-07 16:23:59.913 worker_log:584 7373 MainThread [INFO]  Received executor task 7818
2023-07-07 16:24:27.097 worker_log:602 7373 MainThread [INFO]  Completed executor task 7818
2023-07-07 16:24:27.097 worker_log:613 7373 MainThread [INFO]  All processing finished for executor task 7818
2023-07-07 16:24:27.109 worker_log:584 7373 MainThread [INFO]  Received executor task 7832
2023-07-07 16:25:06.386 worker_log:602 7373 MainThread [INFO]  Completed executor task 7832
2023-07-07 16:25:06.387 worker_log:613 7373 MainThread [INFO]  All processing finished for executor task 7832
2023-07-07 16:25:06.398 worker_log:584 7373 MainThread [INFO]  Received executor task 7853
2023-07-07 16:25:27.090 worker_log:602 7373 MainThread [INFO]  Completed executor task 7853
2023-07-07 16:25:27.091 worker_log:613 7373 MainThread [INFO]  All processing finished for executor task 7853
2023-07-07 16:25:27.102 worker_log:584 7373 MainThread [INFO]  Received executor task 7860
2023-07-07 16:26:20.174 worker_log:602 7373 MainThread [INFO]  Completed executor task 7860
2023-07-07 16:26:20.174 worker_log:613 7373 MainThread [INFO]  All processing finished for executor task 7860
2023-07-07 16:26:20.186 worker_log:584 7373 MainThread [INFO]  Received executor task 7888
2023-07-07 16:27:02.496 worker_log:602 7373 MainThread [INFO]  Completed executor task 7888
2023-07-07 16:27:02.505 worker_log:613 7373 MainThread [INFO]  All processing finished for executor task 7888
2023-07-07 16:27:02.513 worker_log:584 7373 MainThread [INFO]  Received executor task 7905
2023-07-07 16:27:28.591 worker_log:602 7373 MainThread [INFO]  Completed executor task 7905
2023-07-07 16:27:28.591 worker_log:613 7373 MainThread [INFO]  All processing finished for executor task 7905
2023-07-07 16:27:28.602 worker_log:584 7373 MainThread [INFO]  Received executor task 7917
2023-07-07 16:28:02.025 worker_log:602 7373 MainThread [INFO]  Completed executor task 7917
2023-07-07 16:28:02.026 worker_log:613 7373 MainThread [INFO]  All processing finished for executor task 7917
2023-07-07 16:28:02.037 worker_log:584 7373 MainThread [INFO]  Received executor task 7929
2023-07-07 16:28:51.516 worker_log:602 7373 MainThread [INFO]  Completed executor task 7929
2023-07-07 16:28:51.517 worker_log:613 7373 MainThread [INFO]  All processing finished for executor task 7929
2023-07-07 16:28:51.528 worker_log:584 7373 MainThread [INFO]  Received executor task 7956
2023-07-07 16:29:37.983 worker_log:602 7373 MainThread [INFO]  Completed executor task 7956
2023-07-07 16:29:37.984 worker_log:613 7373 MainThread [INFO]  All processing finished for executor task 7956
2023-07-07 16:29:37.995 worker_log:584 7373 MainThread [INFO]  Received executor task 7976
2023-07-07 16:30:05.435 worker_log:602 7373 MainThread [INFO]  Completed executor task 7976
2023-07-07 16:30:05.435 worker_log:613 7373 MainThread [INFO]  All processing finished for executor task 7976
2023-07-07 16:30:05.447 worker_log:584 7373 MainThread [INFO]  Received executor task 7986
2023-07-07 16:30:53.257 worker_log:602 7373 MainThread [INFO]  Completed executor task 7986
2023-07-07 16:30:53.257 worker_log:613 7373 MainThread [INFO]  All processing finished for executor task 7986
2023-07-07 16:30:53.268 worker_log:584 7373 MainThread [INFO]  Received executor task 8011
2023-07-07 16:31:23.308 worker_log:602 7373 MainThread [INFO]  Completed executor task 8011
2023-07-07 16:31:23.309 worker_log:613 7373 MainThread [INFO]  All processing finished for executor task 8011
2023-07-07 16:31:23.320 worker_log:584 7373 MainThread [INFO]  Received executor task 8024
2023-07-07 16:31:58.735 worker_log:602 7373 MainThread [INFO]  Completed executor task 8024
2023-07-07 16:31:58.735 worker_log:613 7373 MainThread [INFO]  All processing finished for executor task 8024
2023-07-07 16:31:58.747 worker_log:584 7373 MainThread [INFO]  Received executor task 8037
2023-07-07 16:32:36.579 worker_log:602 7373 MainThread [INFO]  Completed executor task 8037
2023-07-07 16:32:36.580 worker_log:613 7373 MainThread [INFO]  All processing finished for executor task 8037
2023-07-07 16:32:36.591 worker_log:584 7373 MainThread [INFO]  Received executor task 8056
2023-07-07 16:33:04.954 worker_log:602 7373 MainThread [INFO]  Completed executor task 8056
2023-07-07 16:33:04.955 worker_log:613 7373 MainThread [INFO]  All processing finished for executor task 8056
2023-07-07 16:33:04.966 worker_log:584 7373 MainThread [INFO]  Received executor task 8067
2023-07-07 16:33:46.618 worker_log:602 7373 MainThread [INFO]  Completed executor task 8067
2023-07-07 16:33:46.618 worker_log:613 7373 MainThread [INFO]  All processing finished for executor task 8067
2023-07-07 16:33:46.629 worker_log:584 7373 MainThread [INFO]  Received executor task 8087
2023-07-07 16:34:15.594 worker_log:602 7373 MainThread [INFO]  Completed executor task 8087
2023-07-07 16:34:15.595 worker_log:613 7373 MainThread [INFO]  All processing finished for executor task 8087
2023-07-07 16:34:15.606 worker_log:584 7373 MainThread [INFO]  Received executor task 8100
2023-07-07 16:35:52.057 worker_log:602 7373 MainThread [INFO]  Completed executor task 8100
2023-07-07 16:35:52.057 worker_log:613 7373 MainThread [INFO]  All processing finished for executor task 8100
2023-07-07 16:35:52.068 worker_log:584 7373 MainThread [INFO]  Received executor task 8136
2023-07-07 16:36:28.063 worker_log:602 7373 MainThread [INFO]  Completed executor task 8136
2023-07-07 16:36:28.064 worker_log:613 7373 MainThread [INFO]  All processing finished for executor task 8136
2023-07-07 16:36:28.075 worker_log:584 7373 MainThread [INFO]  Received executor task 8147
2023-07-07 16:36:52.099 worker_log:602 7373 MainThread [INFO]  Completed executor task 8147
2023-07-07 16:36:52.111 worker_log:613 7373 MainThread [INFO]  All processing finished for executor task 8147
2023-07-07 16:36:52.111 worker_log:584 7373 MainThread [INFO]  Received executor task 8154
2023-07-07 16:37:22.861 worker_log:602 7373 MainThread [INFO]  Completed executor task 8154
2023-07-07 16:37:22.861 worker_log:613 7373 MainThread [INFO]  All processing finished for executor task 8154
2023-07-07 16:37:22.872 worker_log:584 7373 MainThread [INFO]  Received executor task 8164
2023-07-07 16:38:24.834 worker_log:602 7373 MainThread [INFO]  Completed executor task 8164
2023-07-07 16:38:24.835 worker_log:613 7373 MainThread [INFO]  All processing finished for executor task 8164
2023-07-07 16:38:24.846 worker_log:584 7373 MainThread [INFO]  Received executor task 8186
2023-07-07 16:39:35.047 worker_log:602 7373 MainThread [INFO]  Completed executor task 8186
2023-07-07 16:39:35.047 worker_log:613 7373 MainThread [INFO]  All processing finished for executor task 8186
2023-07-07 16:39:35.058 worker_log:584 7373 MainThread [INFO]  Received executor task 8207
2023-07-07 16:41:47.307 worker_log:602 7373 MainThread [INFO]  Completed executor task 8207
2023-07-07 16:41:47.307 worker_log:613 7373 MainThread [INFO]  All processing finished for executor task 8207
2023-07-07 16:41:47.319 worker_log:584 7373 MainThread [INFO]  Received executor task 8246
2023-07-07 16:42:22.547 worker_log:602 7373 MainThread [INFO]  Completed executor task 8246
2023-07-07 16:42:22.560 worker_log:613 7373 MainThread [INFO]  All processing finished for executor task 8246
2023-07-07 16:42:22.561 worker_log:584 7373 MainThread [INFO]  Received executor task 8258
2023-07-07 16:43:05.818 worker_log:602 7373 MainThread [INFO]  Completed executor task 8258
2023-07-07 16:43:05.819 worker_log:613 7373 MainThread [INFO]  All processing finished for executor task 8258
2023-07-07 16:43:05.830 worker_log:584 7373 MainThread [INFO]  Received executor task 8274
2023-07-07 16:44:26.791 worker_log:602 7373 MainThread [INFO]  Completed executor task 8274
2023-07-07 16:44:26.792 worker_log:613 7373 MainThread [INFO]  All processing finished for executor task 8274
2023-07-07 16:44:26.803 worker_log:584 7373 MainThread [INFO]  Received executor task 8296
2023-07-07 16:45:28.102 worker_log:602 7373 MainThread [INFO]  Completed executor task 8296
2023-07-07 16:45:28.103 worker_log:613 7373 MainThread [INFO]  All processing finished for executor task 8296
2023-07-07 16:45:28.114 worker_log:584 7373 MainThread [INFO]  Received executor task 8312
2023-07-07 16:46:18.379 worker_log:602 7373 MainThread [INFO]  Completed executor task 8312
2023-07-07 16:46:18.380 worker_log:613 7373 MainThread [INFO]  All processing finished for executor task 8312
2023-07-07 16:46:18.391 worker_log:584 7373 MainThread [INFO]  Received executor task 8324
2023-07-07 16:46:55.141 worker_log:602 7373 MainThread [INFO]  Completed executor task 8324
2023-07-07 16:46:55.141 worker_log:613 7373 MainThread [INFO]  All processing finished for executor task 8324
2023-07-07 16:46:55.153 worker_log:584 7373 MainThread [INFO]  Received executor task 8334
2023-07-07 16:48:38.607 worker_log:602 7373 MainThread [INFO]  Completed executor task 8334
2023-07-07 16:48:38.607 worker_log:613 7373 MainThread [INFO]  All processing finished for executor task 8334
2023-07-07 16:48:38.618 worker_log:584 7373 MainThread [INFO]  Received executor task 8354
2023-07-07 16:49:20.799 worker_log:602 7373 MainThread [INFO]  Completed executor task 8354
2023-07-07 16:49:20.799 worker_log:613 7373 MainThread [INFO]  All processing finished for executor task 8354
2023-07-07 16:49:20.814 worker_log:584 7373 MainThread [INFO]  Received executor task 8366
2023-07-07 16:50:04.078 worker_log:602 7373 MainThread [INFO]  Completed executor task 8366
2023-07-07 16:50:04.079 worker_log:613 7373 MainThread [INFO]  All processing finished for executor task 8366
2023-07-07 16:50:04.090 worker_log:584 7373 MainThread [INFO]  Received executor task 8378
2023-07-07 16:50:53.635 worker_log:602 7373 MainThread [INFO]  Completed executor task 8378
2023-07-07 16:50:53.635 worker_log:613 7373 MainThread [INFO]  All processing finished for executor task 8378
2023-07-07 16:50:53.647 worker_log:584 7373 MainThread [INFO]  Received executor task 8393
2023-07-07 16:51:44.051 worker_log:602 7373 MainThread [INFO]  Completed executor task 8393
2023-07-07 16:51:44.052 worker_log:613 7373 MainThread [INFO]  All processing finished for executor task 8393
2023-07-07 16:51:44.063 worker_log:584 7373 MainThread [INFO]  Received executor task 8409
2023-07-07 16:52:35.561 worker_log:602 7373 MainThread [INFO]  Completed executor task 8409
2023-07-07 16:52:35.561 worker_log:613 7373 MainThread [INFO]  All processing finished for executor task 8409
2023-07-07 16:52:35.573 worker_log:584 7373 MainThread [INFO]  Received executor task 8424
2023-07-07 16:53:04.936 worker_log:602 7373 MainThread [INFO]  Completed executor task 8424
2023-07-07 16:53:04.936 worker_log:613 7373 MainThread [INFO]  All processing finished for executor task 8424
2023-07-07 16:53:04.947 worker_log:584 7373 MainThread [INFO]  Received executor task 8437
2023-07-07 16:53:59.921 worker_log:602 7373 MainThread [INFO]  Completed executor task 8437
2023-07-07 16:53:59.921 worker_log:613 7373 MainThread [INFO]  All processing finished for executor task 8437
2023-07-07 16:53:59.933 worker_log:584 7373 MainThread [INFO]  Received executor task 8466
2023-07-07 16:54:29.391 worker_log:602 7373 MainThread [INFO]  Completed executor task 8466
2023-07-07 16:54:29.391 worker_log:613 7373 MainThread [INFO]  All processing finished for executor task 8466
2023-07-07 16:54:29.402 worker_log:584 7373 MainThread [INFO]  Received executor task 8480
2023-07-07 16:55:07.362 worker_log:602 7373 MainThread [INFO]  Completed executor task 8480
2023-07-07 16:55:07.363 worker_log:613 7373 MainThread [INFO]  All processing finished for executor task 8480
2023-07-07 16:55:07.374 worker_log:584 7373 MainThread [INFO]  Received executor task 8499
2023-07-07 16:55:52.765 worker_log:602 7373 MainThread [INFO]  Completed executor task 8499
2023-07-07 16:55:52.766 worker_log:613 7373 MainThread [INFO]  All processing finished for executor task 8499
2023-07-07 16:55:52.777 worker_log:584 7373 MainThread [INFO]  Received executor task 8517
2023-07-07 16:56:29.637 worker_log:602 7373 MainThread [INFO]  Completed executor task 8517
2023-07-07 16:56:29.637 worker_log:613 7373 MainThread [INFO]  All processing finished for executor task 8517
2023-07-07 16:56:29.648 worker_log:584 7373 MainThread [INFO]  Received executor task 8534
2023-07-07 16:57:06.278 worker_log:602 7373 MainThread [INFO]  Completed executor task 8534
2023-07-07 16:57:06.278 worker_log:613 7373 MainThread [INFO]  All processing finished for executor task 8534
2023-07-07 16:57:06.290 worker_log:584 7373 MainThread [INFO]  Received executor task 8554
2023-07-07 16:58:15.766 worker_log:602 7373 MainThread [INFO]  Completed executor task 8554
2023-07-07 16:58:15.767 worker_log:613 7373 MainThread [INFO]  All processing finished for executor task 8554
2023-07-07 16:58:15.778 worker_log:584 7373 MainThread [INFO]  Received executor task 8585
2023-07-07 16:58:42.446 worker_log:602 7373 MainThread [INFO]  Completed executor task 8585
2023-07-07 16:58:42.447 worker_log:613 7373 MainThread [INFO]  All processing finished for executor task 8585
2023-07-07 16:58:42.458 worker_log:584 7373 MainThread [INFO]  Received executor task 8604
2023-07-07 16:59:12.756 worker_log:602 7373 MainThread [INFO]  Completed executor task 8604
2023-07-07 16:59:12.757 worker_log:613 7373 MainThread [INFO]  All processing finished for executor task 8604
2023-07-07 16:59:12.768 worker_log:584 7373 MainThread [INFO]  Received executor task 8621
2023-07-07 16:59:38.324 worker_log:602 7373 MainThread [INFO]  Completed executor task 8621
2023-07-07 16:59:38.325 worker_log:613 7373 MainThread [INFO]  All processing finished for executor task 8621
2023-07-07 16:59:38.336 worker_log:584 7373 MainThread [INFO]  Received executor task 8635
2023-07-07 16:59:51.155 worker_log:602 7373 MainThread [INFO]  Completed executor task 8635
2023-07-07 16:59:51.155 worker_log:613 7373 MainThread [INFO]  All processing finished for executor task 8635
2023-07-07 16:59:51.167 worker_log:584 7373 MainThread [INFO]  Received executor task 8641
2023-07-07 17:00:34.325 worker_log:602 7373 MainThread [INFO]  Completed executor task 8641
2023-07-07 17:00:34.325 worker_log:613 7373 MainThread [INFO]  All processing finished for executor task 8641
2023-07-07 17:00:34.337 worker_log:584 7373 MainThread [INFO]  Received executor task 8661
2023-07-07 17:01:10.961 worker_log:602 7373 MainThread [INFO]  Completed executor task 8661
2023-07-07 17:01:10.962 worker_log:613 7373 MainThread [INFO]  All processing finished for executor task 8661
2023-07-07 17:01:10.973 worker_log:584 7373 MainThread [INFO]  Received executor task 8677
2023-07-07 17:01:38.906 worker_log:602 7373 MainThread [INFO]  Completed executor task 8677
2023-07-07 17:01:38.907 worker_log:613 7373 MainThread [INFO]  All processing finished for executor task 8677
2023-07-07 17:01:38.918 worker_log:584 7373 MainThread [INFO]  Received executor task 8691
2023-07-07 17:02:07.756 worker_log:602 7373 MainThread [INFO]  Completed executor task 8691
2023-07-07 17:02:07.756 worker_log:613 7373 MainThread [INFO]  All processing finished for executor task 8691
2023-07-07 17:02:07.768 worker_log:584 7373 MainThread [INFO]  Received executor task 8706
2023-07-07 17:02:25.699 worker_log:602 7373 MainThread [INFO]  Completed executor task 8706
2023-07-07 17:02:25.699 worker_log:613 7373 MainThread [INFO]  All processing finished for executor task 8706
2023-07-07 17:02:25.711 worker_log:584 7373 MainThread [INFO]  Received executor task 8718
2023-07-07 17:03:02.548 worker_log:602 7373 MainThread [INFO]  Completed executor task 8718
2023-07-07 17:03:02.548 worker_log:613 7373 MainThread [INFO]  All processing finished for executor task 8718
2023-07-07 17:03:02.559 worker_log:584 7373 MainThread [INFO]  Received executor task 8740
2023-07-07 17:03:24.204 worker_log:602 7373 MainThread [INFO]  Completed executor task 8740
2023-07-07 17:03:24.205 worker_log:613 7373 MainThread [INFO]  All processing finished for executor task 8740
2023-07-07 17:03:24.216 worker_log:584 7373 MainThread [INFO]  Received executor task 8755
2023-07-07 17:04:06.471 worker_log:602 7373 MainThread [INFO]  Completed executor task 8755
2023-07-07 17:04:06.472 worker_log:613 7373 MainThread [INFO]  All processing finished for executor task 8755
2023-07-07 17:04:06.484 worker_log:584 7373 MainThread [INFO]  Received executor task 8781
2023-07-07 17:04:25.614 worker_log:602 7373 MainThread [INFO]  Completed executor task 8781
2023-07-07 17:04:25.614 worker_log:613 7373 MainThread [INFO]  All processing finished for executor task 8781
2023-07-07 17:04:25.625 worker_log:584 7373 MainThread [INFO]  Received executor task 8787
2023-07-07 17:04:57.634 worker_log:602 7373 MainThread [INFO]  Completed executor task 8787
2023-07-07 17:04:57.634 worker_log:613 7373 MainThread [INFO]  All processing finished for executor task 8787
2023-07-07 17:04:57.645 worker_log:584 7373 MainThread [INFO]  Received executor task 8806
2023-07-07 17:05:20.267 worker_log:602 7373 MainThread [INFO]  Completed executor task 8806
2023-07-07 17:05:20.267 worker_log:613 7373 MainThread [INFO]  All processing finished for executor task 8806
2023-07-07 17:05:20.279 worker_log:584 7373 MainThread [INFO]  Received executor task 8820
2023-07-07 17:05:53.590 worker_log:602 7373 MainThread [INFO]  Completed executor task 8820
2023-07-07 17:05:53.591 worker_log:613 7373 MainThread [INFO]  All processing finished for executor task 8820
2023-07-07 17:05:53.602 worker_log:584 7373 MainThread [INFO]  Received executor task 8834
2023-07-07 17:06:29.891 worker_log:602 7373 MainThread [INFO]  Completed executor task 8834
2023-07-07 17:06:29.891 worker_log:613 7373 MainThread [INFO]  All processing finished for executor task 8834
2023-07-07 17:06:29.903 worker_log:584 7373 MainThread [INFO]  Received executor task 8858
2023-07-07 17:06:56.605 worker_log:602 7373 MainThread [INFO]  Completed executor task 8858
2023-07-07 17:06:56.605 worker_log:613 7373 MainThread [INFO]  All processing finished for executor task 8858
2023-07-07 17:06:56.617 worker_log:584 7373 MainThread [INFO]  Received executor task 8873
2023-07-07 17:07:21.300 worker_log:602 7373 MainThread [INFO]  Completed executor task 8873
2023-07-07 17:07:21.300 worker_log:613 7373 MainThread [INFO]  All processing finished for executor task 8873
2023-07-07 17:07:21.312 worker_log:584 7373 MainThread [INFO]  Received executor task 8883
2023-07-07 17:07:55.639 worker_log:602 7373 MainThread [INFO]  Completed executor task 8883
2023-07-07 17:07:55.651 worker_log:613 7373 MainThread [INFO]  All processing finished for executor task 8883
2023-07-07 17:07:55.663 worker_log:584 7373 MainThread [INFO]  Received executor task 8905
2023-07-07 17:08:30.039 worker_log:602 7373 MainThread [INFO]  Completed executor task 8905
2023-07-07 17:08:30.039 worker_log:613 7373 MainThread [INFO]  All processing finished for executor task 8905
2023-07-07 17:08:30.050 worker_log:584 7373 MainThread [INFO]  Received executor task 8922
2023-07-07 17:08:49.559 worker_log:602 7373 MainThread [INFO]  Completed executor task 8922
2023-07-07 17:08:49.560 worker_log:613 7373 MainThread [INFO]  All processing finished for executor task 8922
2023-07-07 17:08:49.572 worker_log:584 7373 MainThread [INFO]  Received executor task 8932
2023-07-07 17:09:04.353 worker_log:602 7373 MainThread [INFO]  Completed executor task 8932
2023-07-07 17:09:04.353 worker_log:613 7373 MainThread [INFO]  All processing finished for executor task 8932
2023-07-07 17:09:04.364 worker_log:584 7373 MainThread [INFO]  Received executor task 8942
2023-07-07 17:09:23.439 worker_log:602 7373 MainThread [INFO]  Completed executor task 8942
2023-07-07 17:09:23.439 worker_log:613 7373 MainThread [INFO]  All processing finished for executor task 8942
2023-07-07 17:09:23.451 worker_log:584 7373 MainThread [INFO]  Received executor task 8955
2023-07-07 17:09:41.634 worker_log:602 7373 MainThread [INFO]  Completed executor task 8955
2023-07-07 17:09:41.647 worker_log:613 7373 MainThread [INFO]  All processing finished for executor task 8955
2023-07-07 17:09:41.647 worker_log:584 7373 MainThread [INFO]  Received executor task 8965
2023-07-07 17:10:15.638 worker_log:602 7373 MainThread [INFO]  Completed executor task 8965
2023-07-07 17:10:15.639 worker_log:613 7373 MainThread [INFO]  All processing finished for executor task 8965
2023-07-07 17:10:15.650 worker_log:584 7373 MainThread [INFO]  Received executor task 8983
2023-07-07 17:10:57.279 worker_log:602 7373 MainThread [INFO]  Completed executor task 8983
2023-07-07 17:10:57.280 worker_log:613 7373 MainThread [INFO]  All processing finished for executor task 8983
2023-07-07 17:10:57.291 worker_log:584 7373 MainThread [INFO]  Received executor task 8998
2023-07-07 17:12:13.935 worker_log:602 7373 MainThread [INFO]  Completed executor task 8998
2023-07-07 17:12:13.936 worker_log:613 7373 MainThread [INFO]  All processing finished for executor task 8998
2023-07-07 17:12:13.947 worker_log:584 7373 MainThread [INFO]  Received executor task 9016
2023-07-07 17:12:30.425 worker_log:602 7373 MainThread [INFO]  Completed executor task 9016
2023-07-07 17:12:30.425 worker_log:613 7373 MainThread [INFO]  All processing finished for executor task 9016
2023-07-07 17:12:30.437 worker_log:584 7373 MainThread [INFO]  Received executor task 9021
2023-07-07 17:12:59.425 worker_log:602 7373 MainThread [INFO]  Completed executor task 9021
2023-07-07 17:12:59.426 worker_log:613 7373 MainThread [INFO]  All processing finished for executor task 9021
2023-07-07 17:12:59.437 worker_log:584 7373 MainThread [INFO]  Received executor task 9032
2023-07-07 17:13:26.277 worker_log:602 7373 MainThread [INFO]  Completed executor task 9032
2023-07-07 17:13:26.277 worker_log:613 7373 MainThread [INFO]  All processing finished for executor task 9032
2023-07-07 17:13:26.288 worker_log:584 7373 MainThread [INFO]  Received executor task 9047
2023-07-07 17:14:36.350 worker_log:602 7373 MainThread [INFO]  Completed executor task 9047
2023-07-07 17:14:36.350 worker_log:613 7373 MainThread [INFO]  All processing finished for executor task 9047
2023-07-07 17:14:36.361 worker_log:584 7373 MainThread [INFO]  Received executor task 9069
2023-07-07 17:15:04.662 worker_log:602 7373 MainThread [INFO]  Completed executor task 9069
2023-07-07 17:15:04.663 worker_log:613 7373 MainThread [INFO]  All processing finished for executor task 9069
2023-07-07 17:15:04.673 worker_log:584 7373 MainThread [INFO]  Received executor task 9079
2023-07-07 17:15:16.595 worker_log:602 7373 MainThread [INFO]  Completed executor task 9079
2023-07-07 17:15:16.595 worker_log:613 7373 MainThread [INFO]  All processing finished for executor task 9079
2023-07-07 17:15:16.606 worker_log:584 7373 MainThread [INFO]  Received executor task 9085
2023-07-07 17:15:44.079 worker_log:602 7373 MainThread [INFO]  Completed executor task 9085
2023-07-07 17:15:44.079 worker_log:613 7373 MainThread [INFO]  All processing finished for executor task 9085
2023-07-07 17:15:44.090 worker_log:584 7373 MainThread [INFO]  Received executor task 9094
2023-07-07 17:16:21.860 worker_log:602 7373 MainThread [INFO]  Completed executor task 9094
2023-07-07 17:16:21.860 worker_log:613 7373 MainThread [INFO]  All processing finished for executor task 9094
2023-07-07 17:16:21.871 worker_log:584 7373 MainThread [INFO]  Received executor task 9112
2023-07-07 17:16:34.841 worker_log:602 7373 MainThread [INFO]  Completed executor task 9112
2023-07-07 17:16:34.841 worker_log:613 7373 MainThread [INFO]  All processing finished for executor task 9112
2023-07-07 17:16:34.852 worker_log:584 7373 MainThread [INFO]  Received executor task 9119
2023-07-07 17:17:00.909 worker_log:602 7373 MainThread [INFO]  Completed executor task 9119
2023-07-07 17:17:00.918 worker_log:613 7373 MainThread [INFO]  All processing finished for executor task 9119
2023-07-07 17:17:00.920 worker_log:584 7373 MainThread [INFO]  Received executor task 9130
2023-07-07 17:17:45.162 worker_log:602 7373 MainThread [INFO]  Completed executor task 9130
2023-07-07 17:17:45.162 worker_log:613 7373 MainThread [INFO]  All processing finished for executor task 9130
2023-07-07 17:17:45.174 worker_log:584 7373 MainThread [INFO]  Received executor task 9148
2023-07-07 17:18:14.582 worker_log:602 7373 MainThread [INFO]  Completed executor task 9148
2023-07-07 17:18:14.582 worker_log:613 7373 MainThread [INFO]  All processing finished for executor task 9148
2023-07-07 17:18:14.593 worker_log:584 7373 MainThread [INFO]  Received executor task 9160
2023-07-07 17:18:46.250 worker_log:602 7373 MainThread [INFO]  Completed executor task 9160
2023-07-07 17:18:46.263 worker_log:613 7373 MainThread [INFO]  All processing finished for executor task 9160
2023-07-07 17:18:46.274 worker_log:584 7373 MainThread [INFO]  Received executor task 9174
2023-07-07 17:19:21.396 worker_log:602 7373 MainThread [INFO]  Completed executor task 9174
2023-07-07 17:19:21.397 worker_log:613 7373 MainThread [INFO]  All processing finished for executor task 9174
2023-07-07 17:19:21.408 worker_log:584 7373 MainThread [INFO]  Received executor task 9195
2023-07-07 17:19:51.152 worker_log:602 7373 MainThread [INFO]  Completed executor task 9195
2023-07-07 17:19:51.153 worker_log:613 7373 MainThread [INFO]  All processing finished for executor task 9195
2023-07-07 17:19:51.168 worker_log:584 7373 MainThread [INFO]  Received executor task 9206
