2023-07-07 11:59:59.653 worker_log:538 7382 MainThread [INFO]  Worker 6 started
2023-07-07 12:02:51.301 worker_log:584 7382 MainThread [INFO]  Received executor task 7
2023-07-07 12:03:18.901 worker_log:602 7382 MainThread [INFO]  Completed executor task 7
2023-07-07 12:03:18.902 worker_log:613 7382 MainThread [INFO]  All processing finished for executor task 7
2023-07-07 12:03:18.914 worker_log:584 7382 MainThread [INFO]  Received executor task 24
2023-07-07 12:03:44.707 worker_log:602 7382 MainThread [INFO]  Completed executor task 24
2023-07-07 12:03:44.708 worker_log:613 7382 MainThread [INFO]  All processing finished for executor task 24
2023-07-07 12:03:44.719 worker_log:584 7382 MainThread [INFO]  Received executor task 39
2023-07-07 12:04:01.681 worker_log:602 7382 MainThread [INFO]  Completed executor task 39
2023-07-07 12:04:01.681 worker_log:613 7382 MainThread [INFO]  All processing finished for executor task 39
2023-07-07 12:04:01.692 worker_log:584 7382 MainThread [INFO]  Received executor task 45
2023-07-07 12:04:29.992 worker_log:602 7382 MainThread [INFO]  Completed executor task 45
2023-07-07 12:04:29.993 worker_log:613 7382 MainThread [INFO]  All processing finished for executor task 45
2023-07-07 12:04:30.005 worker_log:584 7382 MainThread [INFO]  Received executor task 65
2023-07-07 12:04:54.710 worker_log:602 7382 MainThread [INFO]  Completed executor task 65
2023-07-07 12:04:54.710 worker_log:613 7382 MainThread [INFO]  All processing finished for executor task 65
2023-07-07 12:04:54.722 worker_log:584 7382 MainThread [INFO]  Received executor task 81
2023-07-07 12:05:17.090 worker_log:602 7382 MainThread [INFO]  Completed executor task 81
2023-07-07 12:05:17.091 worker_log:613 7382 MainThread [INFO]  All processing finished for executor task 81
2023-07-07 12:05:17.102 worker_log:584 7382 MainThread [INFO]  Received executor task 94
2023-07-07 12:06:08.216 worker_log:602 7382 MainThread [INFO]  Completed executor task 94
2023-07-07 12:06:08.217 worker_log:613 7382 MainThread [INFO]  All processing finished for executor task 94
2023-07-07 12:06:08.228 worker_log:584 7382 MainThread [INFO]  Received executor task 122
2023-07-07 12:06:37.922 worker_log:602 7382 MainThread [INFO]  Completed executor task 122
2023-07-07 12:06:37.922 worker_log:613 7382 MainThread [INFO]  All processing finished for executor task 122
2023-07-07 12:06:37.933 worker_log:584 7382 MainThread [INFO]  Received executor task 137
2023-07-07 12:07:02.702 worker_log:602 7382 MainThread [INFO]  Completed executor task 137
2023-07-07 12:07:02.702 worker_log:613 7382 MainThread [INFO]  All processing finished for executor task 137
2023-07-07 12:07:02.713 worker_log:584 7382 MainThread [INFO]  Received executor task 153
2023-07-07 12:07:33.981 worker_log:602 7382 MainThread [INFO]  Completed executor task 153
2023-07-07 12:07:33.982 worker_log:613 7382 MainThread [INFO]  All processing finished for executor task 153
2023-07-07 12:07:33.993 worker_log:584 7382 MainThread [INFO]  Received executor task 170
2023-07-07 12:08:04.458 worker_log:602 7382 MainThread [INFO]  Completed executor task 170
2023-07-07 12:08:04.459 worker_log:613 7382 MainThread [INFO]  All processing finished for executor task 170
2023-07-07 12:08:04.470 worker_log:584 7382 MainThread [INFO]  Received executor task 186
2023-07-07 12:08:38.461 worker_log:602 7382 MainThread [INFO]  Completed executor task 186
2023-07-07 12:08:38.462 worker_log:613 7382 MainThread [INFO]  All processing finished for executor task 186
2023-07-07 12:08:38.473 worker_log:584 7382 MainThread [INFO]  Received executor task 205
2023-07-07 12:09:07.702 worker_log:602 7382 MainThread [INFO]  Completed executor task 205
2023-07-07 12:09:07.702 worker_log:613 7382 MainThread [INFO]  All processing finished for executor task 205
2023-07-07 12:09:07.714 worker_log:584 7382 MainThread [INFO]  Received executor task 219
2023-07-07 12:09:29.010 worker_log:602 7382 MainThread [INFO]  Completed executor task 219
2023-07-07 12:09:29.010 worker_log:613 7382 MainThread [INFO]  All processing finished for executor task 219
2023-07-07 12:09:29.022 worker_log:584 7382 MainThread [INFO]  Received executor task 228
2023-07-07 12:09:37.468 worker_log:602 7382 MainThread [INFO]  Completed executor task 228
2023-07-07 12:09:37.468 worker_log:613 7382 MainThread [INFO]  All processing finished for executor task 228
2023-07-07 12:09:37.479 worker_log:584 7382 MainThread [INFO]  Received executor task 229
2023-07-07 12:09:59.508 worker_log:602 7382 MainThread [INFO]  Completed executor task 229
2023-07-07 12:09:59.509 worker_log:613 7382 MainThread [INFO]  All processing finished for executor task 229
2023-07-07 12:09:59.520 worker_log:584 7382 MainThread [INFO]  Received executor task 242
2023-07-07 12:10:14.214 worker_log:602 7382 MainThread [INFO]  Completed executor task 242
2023-07-07 12:10:14.215 worker_log:613 7382 MainThread [INFO]  All processing finished for executor task 242
2023-07-07 12:10:14.226 worker_log:584 7382 MainThread [INFO]  Received executor task 247
2023-07-07 12:11:29.258 worker_log:602 7382 MainThread [INFO]  Completed executor task 247
2023-07-07 12:11:29.258 worker_log:613 7382 MainThread [INFO]  All processing finished for executor task 247
2023-07-07 12:11:29.270 worker_log:584 7382 MainThread [INFO]  Received executor task 277
2023-07-07 12:12:00.286 worker_log:602 7382 MainThread [INFO]  Completed executor task 277
2023-07-07 12:12:00.286 worker_log:613 7382 MainThread [INFO]  All processing finished for executor task 277
2023-07-07 12:12:00.297 worker_log:584 7382 MainThread [INFO]  Received executor task 293
2023-07-07 12:12:31.808 worker_log:602 7382 MainThread [INFO]  Completed executor task 293
2023-07-07 12:12:31.808 worker_log:613 7382 MainThread [INFO]  All processing finished for executor task 293
2023-07-07 12:12:31.819 worker_log:584 7382 MainThread [INFO]  Received executor task 308
2023-07-07 12:13:01.055 worker_log:602 7382 MainThread [INFO]  Completed executor task 308
2023-07-07 12:13:01.055 worker_log:613 7382 MainThread [INFO]  All processing finished for executor task 308
2023-07-07 12:13:01.066 worker_log:584 7382 MainThread [INFO]  Received executor task 324
2023-07-07 12:13:23.743 worker_log:602 7382 MainThread [INFO]  Completed executor task 324
2023-07-07 12:13:23.743 worker_log:613 7382 MainThread [INFO]  All processing finished for executor task 324
2023-07-07 12:13:23.754 worker_log:584 7382 MainThread [INFO]  Received executor task 337
2023-07-07 12:13:52.064 worker_log:602 7382 MainThread [INFO]  Completed executor task 337
2023-07-07 12:13:52.065 worker_log:613 7382 MainThread [INFO]  All processing finished for executor task 337
2023-07-07 12:13:52.076 worker_log:584 7382 MainThread [INFO]  Received executor task 352
2023-07-07 12:14:12.171 worker_log:602 7382 MainThread [INFO]  Completed executor task 352
2023-07-07 12:14:12.172 worker_log:613 7382 MainThread [INFO]  All processing finished for executor task 352
2023-07-07 12:14:12.183 worker_log:584 7382 MainThread [INFO]  Received executor task 363
2023-07-07 12:14:55.434 worker_log:602 7382 MainThread [INFO]  Completed executor task 363
2023-07-07 12:14:55.434 worker_log:613 7382 MainThread [INFO]  All processing finished for executor task 363
2023-07-07 12:14:55.445 worker_log:584 7382 MainThread [INFO]  Received executor task 386
2023-07-07 12:15:11.643 worker_log:602 7382 MainThread [INFO]  Completed executor task 386
2023-07-07 12:15:11.643 worker_log:613 7382 MainThread [INFO]  All processing finished for executor task 386
2023-07-07 12:15:11.654 worker_log:584 7382 MainThread [INFO]  Received executor task 394
2023-07-07 12:15:52.794 worker_log:602 7382 MainThread [INFO]  Completed executor task 394
2023-07-07 12:15:52.794 worker_log:613 7382 MainThread [INFO]  All processing finished for executor task 394
2023-07-07 12:15:52.805 worker_log:584 7382 MainThread [INFO]  Received executor task 409
2023-07-07 12:16:11.704 worker_log:602 7382 MainThread [INFO]  Completed executor task 409
2023-07-07 12:16:11.704 worker_log:613 7382 MainThread [INFO]  All processing finished for executor task 409
2023-07-07 12:16:11.715 worker_log:584 7382 MainThread [INFO]  Received executor task 416
2023-07-07 12:16:29.164 worker_log:602 7382 MainThread [INFO]  Completed executor task 416
2023-07-07 12:16:29.164 worker_log:613 7382 MainThread [INFO]  All processing finished for executor task 416
2023-07-07 12:16:29.175 worker_log:584 7382 MainThread [INFO]  Received executor task 424
2023-07-07 12:16:42.489 worker_log:602 7382 MainThread [INFO]  Completed executor task 424
2023-07-07 12:16:42.490 worker_log:613 7382 MainThread [INFO]  All processing finished for executor task 424
2023-07-07 12:16:42.501 worker_log:584 7382 MainThread [INFO]  Received executor task 430
2023-07-07 12:17:06.991 worker_log:602 7382 MainThread [INFO]  Completed executor task 430
2023-07-07 12:17:06.991 worker_log:613 7382 MainThread [INFO]  All processing finished for executor task 430
2023-07-07 12:17:07.002 worker_log:584 7382 MainThread [INFO]  Received executor task 444
2023-07-07 12:17:45.971 worker_log:602 7382 MainThread [INFO]  Completed executor task 444
2023-07-07 12:17:45.971 worker_log:613 7382 MainThread [INFO]  All processing finished for executor task 444
2023-07-07 12:17:45.983 worker_log:584 7382 MainThread [INFO]  Received executor task 464
2023-07-07 12:18:24.425 worker_log:602 7382 MainThread [INFO]  Completed executor task 464
2023-07-07 12:18:24.425 worker_log:613 7382 MainThread [INFO]  All processing finished for executor task 464
2023-07-07 12:18:24.446 worker_log:584 7382 MainThread [INFO]  Received executor task 479
2023-07-07 12:19:04.085 worker_log:602 7382 MainThread [INFO]  Completed executor task 479
2023-07-07 12:19:04.086 worker_log:613 7382 MainThread [INFO]  All processing finished for executor task 479
2023-07-07 12:19:04.097 worker_log:584 7382 MainThread [INFO]  Received executor task 501
2023-07-07 12:19:39.557 worker_log:602 7382 MainThread [INFO]  Completed executor task 501
2023-07-07 12:19:39.557 worker_log:613 7382 MainThread [INFO]  All processing finished for executor task 501
2023-07-07 12:19:39.568 worker_log:584 7382 MainThread [INFO]  Received executor task 516
2023-07-07 12:19:53.521 worker_log:602 7382 MainThread [INFO]  Completed executor task 516
2023-07-07 12:19:53.521 worker_log:613 7382 MainThread [INFO]  All processing finished for executor task 516
2023-07-07 12:19:53.532 worker_log:584 7382 MainThread [INFO]  Received executor task 526
2023-07-07 12:20:15.977 worker_log:602 7382 MainThread [INFO]  Completed executor task 526
2023-07-07 12:20:15.977 worker_log:613 7382 MainThread [INFO]  All processing finished for executor task 526
2023-07-07 12:20:15.988 worker_log:584 7382 MainThread [INFO]  Received executor task 535
2023-07-07 12:20:40.665 worker_log:602 7382 MainThread [INFO]  Completed executor task 535
2023-07-07 12:20:40.665 worker_log:613 7382 MainThread [INFO]  All processing finished for executor task 535
2023-07-07 12:20:40.676 worker_log:584 7382 MainThread [INFO]  Received executor task 548
2023-07-07 12:21:13.336 worker_log:602 7382 MainThread [INFO]  Completed executor task 548
2023-07-07 12:21:13.337 worker_log:613 7382 MainThread [INFO]  All processing finished for executor task 548
2023-07-07 12:21:13.348 worker_log:584 7382 MainThread [INFO]  Received executor task 559
2023-07-07 12:21:34.531 worker_log:602 7382 MainThread [INFO]  Completed executor task 559
2023-07-07 12:21:34.532 worker_log:613 7382 MainThread [INFO]  All processing finished for executor task 559
2023-07-07 12:21:34.544 worker_log:584 7382 MainThread [INFO]  Received executor task 565
2023-07-07 12:22:11.833 worker_log:602 7382 MainThread [INFO]  Completed executor task 565
2023-07-07 12:22:11.834 worker_log:613 7382 MainThread [INFO]  All processing finished for executor task 565
2023-07-07 12:22:11.835 worker_log:584 7382 MainThread [INFO]  Received executor task 583
2023-07-07 12:22:44.343 worker_log:602 7382 MainThread [INFO]  Completed executor task 583
2023-07-07 12:22:44.344 worker_log:613 7382 MainThread [INFO]  All processing finished for executor task 583
2023-07-07 12:22:44.355 worker_log:584 7382 MainThread [INFO]  Received executor task 598
2023-07-07 12:23:12.639 worker_log:602 7382 MainThread [INFO]  Completed executor task 598
2023-07-07 12:23:12.639 worker_log:613 7382 MainThread [INFO]  All processing finished for executor task 598
2023-07-07 12:23:12.650 worker_log:584 7382 MainThread [INFO]  Received executor task 614
2023-07-07 12:23:42.407 worker_log:602 7382 MainThread [INFO]  Completed executor task 614
2023-07-07 12:23:42.408 worker_log:613 7382 MainThread [INFO]  All processing finished for executor task 614
2023-07-07 12:23:42.419 worker_log:584 7382 MainThread [INFO]  Received executor task 626
2023-07-07 12:23:58.558 worker_log:602 7382 MainThread [INFO]  Completed executor task 626
2023-07-07 12:23:58.559 worker_log:613 7382 MainThread [INFO]  All processing finished for executor task 626
2023-07-07 12:23:58.570 worker_log:584 7382 MainThread [INFO]  Received executor task 631
2023-07-07 12:24:20.906 worker_log:602 7382 MainThread [INFO]  Completed executor task 631
2023-07-07 12:24:20.919 worker_log:613 7382 MainThread [INFO]  All processing finished for executor task 631
2023-07-07 12:24:20.919 worker_log:584 7382 MainThread [INFO]  Received executor task 644
2023-07-07 12:25:05.828 worker_log:602 7382 MainThread [INFO]  Completed executor task 644
2023-07-07 12:25:05.829 worker_log:613 7382 MainThread [INFO]  All processing finished for executor task 644
2023-07-07 12:25:05.840 worker_log:584 7382 MainThread [INFO]  Received executor task 664
2023-07-07 12:25:30.922 worker_log:602 7382 MainThread [INFO]  Completed executor task 664
2023-07-07 12:25:30.922 worker_log:613 7382 MainThread [INFO]  All processing finished for executor task 664
2023-07-07 12:25:30.933 worker_log:584 7382 MainThread [INFO]  Received executor task 677
2023-07-07 12:25:51.085 worker_log:602 7382 MainThread [INFO]  Completed executor task 677
2023-07-07 12:25:51.085 worker_log:613 7382 MainThread [INFO]  All processing finished for executor task 677
2023-07-07 12:25:51.096 worker_log:584 7382 MainThread [INFO]  Received executor task 686
2023-07-07 12:26:11.518 worker_log:602 7382 MainThread [INFO]  Completed executor task 686
2023-07-07 12:26:11.518 worker_log:613 7382 MainThread [INFO]  All processing finished for executor task 686
2023-07-07 12:26:11.529 worker_log:584 7382 MainThread [INFO]  Received executor task 694
2023-07-07 12:26:34.397 worker_log:602 7382 MainThread [INFO]  Completed executor task 694
2023-07-07 12:26:34.398 worker_log:613 7382 MainThread [INFO]  All processing finished for executor task 694
2023-07-07 12:26:34.409 worker_log:584 7382 MainThread [INFO]  Received executor task 705
2023-07-07 12:26:57.665 worker_log:602 7382 MainThread [INFO]  Completed executor task 705
2023-07-07 12:26:57.666 worker_log:613 7382 MainThread [INFO]  All processing finished for executor task 705
2023-07-07 12:26:57.677 worker_log:584 7382 MainThread [INFO]  Received executor task 716
2023-07-07 12:27:05.947 worker_log:602 7382 MainThread [INFO]  Completed executor task 716
2023-07-07 12:27:05.947 worker_log:613 7382 MainThread [INFO]  All processing finished for executor task 716
2023-07-07 12:27:05.950 worker_log:584 7382 MainThread [INFO]  Received executor task 725
2023-07-07 12:27:21.404 worker_log:602 7382 MainThread [INFO]  Completed executor task 725
2023-07-07 12:27:21.404 worker_log:613 7382 MainThread [INFO]  All processing finished for executor task 725
2023-07-07 12:27:21.415 worker_log:584 7382 MainThread [INFO]  Received executor task 733
2023-07-07 12:28:04.611 worker_log:602 7382 MainThread [INFO]  Completed executor task 733
2023-07-07 12:28:04.611 worker_log:613 7382 MainThread [INFO]  All processing finished for executor task 733
2023-07-07 12:28:04.624 worker_log:584 7382 MainThread [INFO]  Received executor task 752
2023-07-07 12:28:27.548 worker_log:602 7382 MainThread [INFO]  Completed executor task 752
2023-07-07 12:28:27.557 worker_log:613 7382 MainThread [INFO]  All processing finished for executor task 752
2023-07-07 12:28:27.560 worker_log:584 7382 MainThread [INFO]  Received executor task 762
2023-07-07 12:28:43.858 worker_log:602 7382 MainThread [INFO]  Completed executor task 762
2023-07-07 12:28:43.858 worker_log:613 7382 MainThread [INFO]  All processing finished for executor task 762
2023-07-07 12:28:43.869 worker_log:584 7382 MainThread [INFO]  Received executor task 769
2023-07-07 12:29:32.636 worker_log:602 7382 MainThread [INFO]  Completed executor task 769
2023-07-07 12:29:32.637 worker_log:613 7382 MainThread [INFO]  All processing finished for executor task 769
2023-07-07 12:29:32.648 worker_log:584 7382 MainThread [INFO]  Received executor task 791
2023-07-07 12:30:20.482 worker_log:602 7382 MainThread [INFO]  Completed executor task 791
2023-07-07 12:30:20.483 worker_log:613 7382 MainThread [INFO]  All processing finished for executor task 791
2023-07-07 12:30:20.494 worker_log:584 7382 MainThread [INFO]  Received executor task 817
2023-07-07 12:30:46.780 worker_log:602 7382 MainThread [INFO]  Completed executor task 817
2023-07-07 12:30:46.780 worker_log:613 7382 MainThread [INFO]  All processing finished for executor task 817
2023-07-07 12:30:46.792 worker_log:584 7382 MainThread [INFO]  Received executor task 833
2023-07-07 12:31:11.805 worker_log:602 7382 MainThread [INFO]  Completed executor task 833
2023-07-07 12:31:11.805 worker_log:613 7382 MainThread [INFO]  All processing finished for executor task 833
2023-07-07 12:31:11.816 worker_log:584 7382 MainThread [INFO]  Received executor task 848
2023-07-07 12:31:47.872 worker_log:602 7382 MainThread [INFO]  Completed executor task 848
2023-07-07 12:31:47.873 worker_log:613 7382 MainThread [INFO]  All processing finished for executor task 848
2023-07-07 12:31:47.884 worker_log:584 7382 MainThread [INFO]  Received executor task 868
2023-07-07 12:32:20.288 worker_log:602 7382 MainThread [INFO]  Completed executor task 868
2023-07-07 12:32:20.288 worker_log:613 7382 MainThread [INFO]  All processing finished for executor task 868
2023-07-07 12:32:20.300 worker_log:584 7382 MainThread [INFO]  Received executor task 883
2023-07-07 12:32:32.407 worker_log:602 7382 MainThread [INFO]  Completed executor task 883
2023-07-07 12:32:32.408 worker_log:613 7382 MainThread [INFO]  All processing finished for executor task 883
2023-07-07 12:32:32.419 worker_log:584 7382 MainThread [INFO]  Received executor task 890
2023-07-07 12:32:49.703 worker_log:602 7382 MainThread [INFO]  Completed executor task 890
2023-07-07 12:32:49.703 worker_log:613 7382 MainThread [INFO]  All processing finished for executor task 890
2023-07-07 12:32:49.714 worker_log:584 7382 MainThread [INFO]  Received executor task 903
2023-07-07 12:32:58.263 worker_log:602 7382 MainThread [INFO]  Completed executor task 903
2023-07-07 12:32:58.263 worker_log:613 7382 MainThread [INFO]  All processing finished for executor task 903
2023-07-07 12:32:58.275 worker_log:584 7382 MainThread [INFO]  Received executor task 909
2023-07-07 12:33:08.720 worker_log:602 7382 MainThread [INFO]  Completed executor task 909
2023-07-07 12:33:08.720 worker_log:613 7382 MainThread [INFO]  All processing finished for executor task 909
2023-07-07 12:33:08.732 worker_log:584 7382 MainThread [INFO]  Received executor task 921
2023-07-07 12:33:38.915 worker_log:602 7382 MainThread [INFO]  Completed executor task 921
2023-07-07 12:33:38.915 worker_log:613 7382 MainThread [INFO]  All processing finished for executor task 921
2023-07-07 12:33:38.926 worker_log:584 7382 MainThread [INFO]  Received executor task 937
2023-07-07 12:34:01.330 worker_log:602 7382 MainThread [INFO]  Completed executor task 937
2023-07-07 12:34:01.331 worker_log:613 7382 MainThread [INFO]  All processing finished for executor task 937
2023-07-07 12:34:01.342 worker_log:584 7382 MainThread [INFO]  Received executor task 953
2023-07-07 12:34:14.205 worker_log:602 7382 MainThread [INFO]  Completed executor task 953
2023-07-07 12:34:14.205 worker_log:613 7382 MainThread [INFO]  All processing finished for executor task 953
2023-07-07 12:34:14.217 worker_log:584 7382 MainThread [INFO]  Received executor task 961
2023-07-07 12:34:41.395 worker_log:602 7382 MainThread [INFO]  Completed executor task 961
2023-07-07 12:34:41.396 worker_log:613 7382 MainThread [INFO]  All processing finished for executor task 961
2023-07-07 12:34:41.400 worker_log:584 7382 MainThread [INFO]  Received executor task 975
2023-07-07 12:34:52.624 worker_log:602 7382 MainThread [INFO]  Completed executor task 975
2023-07-07 12:34:52.633 worker_log:613 7382 MainThread [INFO]  All processing finished for executor task 975
2023-07-07 12:34:52.636 worker_log:584 7382 MainThread [INFO]  Received executor task 980
2023-07-07 12:35:04.107 worker_log:602 7382 MainThread [INFO]  Completed executor task 980
2023-07-07 12:35:04.107 worker_log:613 7382 MainThread [INFO]  All processing finished for executor task 980
2023-07-07 12:35:04.118 worker_log:584 7382 MainThread [INFO]  Received executor task 989
2023-07-07 12:35:47.887 worker_log:602 7382 MainThread [INFO]  Completed executor task 989
2023-07-07 12:35:47.888 worker_log:613 7382 MainThread [INFO]  All processing finished for executor task 989
2023-07-07 12:35:47.899 worker_log:584 7382 MainThread [INFO]  Received executor task 1014
2023-07-07 12:36:04.354 worker_log:602 7382 MainThread [INFO]  Completed executor task 1014
2023-07-07 12:36:04.354 worker_log:613 7382 MainThread [INFO]  All processing finished for executor task 1014
2023-07-07 12:36:04.366 worker_log:584 7382 MainThread [INFO]  Received executor task 1025
2023-07-07 12:36:44.501 worker_log:602 7382 MainThread [INFO]  Completed executor task 1025
2023-07-07 12:36:44.502 worker_log:613 7382 MainThread [INFO]  All processing finished for executor task 1025
2023-07-07 12:36:44.503 worker_log:584 7382 MainThread [INFO]  Received executor task 1043
2023-07-07 12:37:02.714 worker_log:602 7382 MainThread [INFO]  Completed executor task 1043
2023-07-07 12:37:02.715 worker_log:613 7382 MainThread [INFO]  All processing finished for executor task 1043
2023-07-07 12:37:02.726 worker_log:584 7382 MainThread [INFO]  Received executor task 1052
2023-07-07 12:37:24.174 worker_log:602 7382 MainThread [INFO]  Completed executor task 1052
2023-07-07 12:37:24.174 worker_log:613 7382 MainThread [INFO]  All processing finished for executor task 1052
2023-07-07 12:37:24.185 worker_log:584 7382 MainThread [INFO]  Received executor task 1062
2023-07-07 12:37:53.858 worker_log:602 7382 MainThread [INFO]  Completed executor task 1062
2023-07-07 12:37:53.858 worker_log:613 7382 MainThread [INFO]  All processing finished for executor task 1062
2023-07-07 12:37:53.869 worker_log:584 7382 MainThread [INFO]  Received executor task 1082
2023-07-07 12:38:40.251 worker_log:602 7382 MainThread [INFO]  Completed executor task 1082
2023-07-07 12:38:40.251 worker_log:613 7382 MainThread [INFO]  All processing finished for executor task 1082
2023-07-07 12:38:40.263 worker_log:584 7382 MainThread [INFO]  Received executor task 1098
2023-07-07 12:39:08.479 worker_log:602 7382 MainThread [INFO]  Completed executor task 1098
2023-07-07 12:39:08.480 worker_log:613 7382 MainThread [INFO]  All processing finished for executor task 1098
2023-07-07 12:39:08.491 worker_log:584 7382 MainThread [INFO]  Received executor task 1111
2023-07-07 12:39:38.990 worker_log:602 7382 MainThread [INFO]  Completed executor task 1111
2023-07-07 12:39:38.990 worker_log:613 7382 MainThread [INFO]  All processing finished for executor task 1111
2023-07-07 12:39:39.001 worker_log:584 7382 MainThread [INFO]  Received executor task 1127
2023-07-07 12:40:03.342 worker_log:602 7382 MainThread [INFO]  Completed executor task 1127
2023-07-07 12:40:03.343 worker_log:613 7382 MainThread [INFO]  All processing finished for executor task 1127
2023-07-07 12:40:03.355 worker_log:584 7382 MainThread [INFO]  Received executor task 1135
2023-07-07 12:40:37.102 worker_log:602 7382 MainThread [INFO]  Completed executor task 1135
2023-07-07 12:40:37.102 worker_log:613 7382 MainThread [INFO]  All processing finished for executor task 1135
2023-07-07 12:40:37.114 worker_log:584 7382 MainThread [INFO]  Received executor task 1148
2023-07-07 12:41:31.884 worker_log:602 7382 MainThread [INFO]  Completed executor task 1148
2023-07-07 12:41:31.885 worker_log:613 7382 MainThread [INFO]  All processing finished for executor task 1148
2023-07-07 12:41:31.896 worker_log:584 7382 MainThread [INFO]  Received executor task 1166
2023-07-07 12:41:54.823 worker_log:602 7382 MainThread [INFO]  Completed executor task 1166
2023-07-07 12:41:54.824 worker_log:613 7382 MainThread [INFO]  All processing finished for executor task 1166
2023-07-07 12:41:54.835 worker_log:584 7382 MainThread [INFO]  Received executor task 1182
2023-07-07 12:42:33.345 worker_log:602 7382 MainThread [INFO]  Completed executor task 1182
2023-07-07 12:42:33.346 worker_log:613 7382 MainThread [INFO]  All processing finished for executor task 1182
2023-07-07 12:42:33.357 worker_log:584 7382 MainThread [INFO]  Received executor task 1199
2023-07-07 12:42:53.293 worker_log:602 7382 MainThread [INFO]  Completed executor task 1199
2023-07-07 12:42:53.294 worker_log:613 7382 MainThread [INFO]  All processing finished for executor task 1199
2023-07-07 12:42:53.305 worker_log:584 7382 MainThread [INFO]  Received executor task 1213
2023-07-07 12:43:32.611 worker_log:602 7382 MainThread [INFO]  Completed executor task 1213
2023-07-07 12:43:32.611 worker_log:613 7382 MainThread [INFO]  All processing finished for executor task 1213
2023-07-07 12:43:32.622 worker_log:584 7382 MainThread [INFO]  Received executor task 1227
2023-07-07 12:43:53.301 worker_log:602 7382 MainThread [INFO]  Completed executor task 1227
2023-07-07 12:43:53.302 worker_log:613 7382 MainThread [INFO]  All processing finished for executor task 1227
2023-07-07 12:43:53.313 worker_log:584 7382 MainThread [INFO]  Received executor task 1241
2023-07-07 12:44:13.810 worker_log:602 7382 MainThread [INFO]  Completed executor task 1241
2023-07-07 12:44:13.810 worker_log:613 7382 MainThread [INFO]  All processing finished for executor task 1241
2023-07-07 12:44:13.821 worker_log:584 7382 MainThread [INFO]  Received executor task 1250
2023-07-07 12:44:51.679 worker_log:602 7382 MainThread [INFO]  Completed executor task 1250
2023-07-07 12:44:51.679 worker_log:613 7382 MainThread [INFO]  All processing finished for executor task 1250
2023-07-07 12:44:51.690 worker_log:584 7382 MainThread [INFO]  Received executor task 1268
2023-07-07 12:45:15.247 worker_log:602 7382 MainThread [INFO]  Completed executor task 1268
2023-07-07 12:45:15.248 worker_log:613 7382 MainThread [INFO]  All processing finished for executor task 1268
2023-07-07 12:45:15.259 worker_log:584 7382 MainThread [INFO]  Received executor task 1281
2023-07-07 12:46:12.900 worker_log:602 7382 MainThread [INFO]  Completed executor task 1281
2023-07-07 12:46:12.901 worker_log:613 7382 MainThread [INFO]  All processing finished for executor task 1281
2023-07-07 12:46:12.913 worker_log:584 7382 MainThread [INFO]  Received executor task 1309
2023-07-07 12:47:17.809 worker_log:602 7382 MainThread [INFO]  Completed executor task 1309
2023-07-07 12:47:17.809 worker_log:613 7382 MainThread [INFO]  All processing finished for executor task 1309
2023-07-07 12:47:17.810 worker_log:584 7382 MainThread [INFO]  Received executor task 1335
2023-07-07 12:47:36.965 worker_log:602 7382 MainThread [INFO]  Completed executor task 1335
2023-07-07 12:47:36.965 worker_log:613 7382 MainThread [INFO]  All processing finished for executor task 1335
2023-07-07 12:47:36.976 worker_log:584 7382 MainThread [INFO]  Received executor task 1346
2023-07-07 12:49:05.397 worker_log:602 7382 MainThread [INFO]  Completed executor task 1346
2023-07-07 12:49:05.398 worker_log:613 7382 MainThread [INFO]  All processing finished for executor task 1346
2023-07-07 12:49:05.409 worker_log:584 7382 MainThread [INFO]  Received executor task 1388
2023-07-07 12:49:16.529 worker_log:602 7382 MainThread [INFO]  Completed executor task 1388
2023-07-07 12:49:16.529 worker_log:613 7382 MainThread [INFO]  All processing finished for executor task 1388
2023-07-07 12:49:16.541 worker_log:584 7382 MainThread [INFO]  Received executor task 1392
2023-07-07 12:50:11.565 worker_log:602 7382 MainThread [INFO]  Completed executor task 1392
2023-07-07 12:50:11.565 worker_log:613 7382 MainThread [INFO]  All processing finished for executor task 1392
2023-07-07 12:50:11.566 worker_log:584 7382 MainThread [INFO]  Received executor task 1420
2023-07-07 12:50:28.470 worker_log:602 7382 MainThread [INFO]  Completed executor task 1420
2023-07-07 12:50:28.470 worker_log:613 7382 MainThread [INFO]  All processing finished for executor task 1420
2023-07-07 12:50:28.481 worker_log:584 7382 MainThread [INFO]  Received executor task 1429
2023-07-07 12:51:00.274 worker_log:602 7382 MainThread [INFO]  Completed executor task 1429
2023-07-07 12:51:00.274 worker_log:613 7382 MainThread [INFO]  All processing finished for executor task 1429
2023-07-07 12:51:00.286 worker_log:584 7382 MainThread [INFO]  Received executor task 1446
2023-07-07 12:52:10.628 worker_log:602 7382 MainThread [INFO]  Completed executor task 1446
2023-07-07 12:52:10.628 worker_log:613 7382 MainThread [INFO]  All processing finished for executor task 1446
2023-07-07 12:52:10.640 worker_log:584 7382 MainThread [INFO]  Received executor task 1480
2023-07-07 12:52:53.491 worker_log:602 7382 MainThread [INFO]  Completed executor task 1480
2023-07-07 12:52:53.491 worker_log:613 7382 MainThread [INFO]  All processing finished for executor task 1480
2023-07-07 12:52:53.502 worker_log:584 7382 MainThread [INFO]  Received executor task 1500
2023-07-07 12:53:18.287 worker_log:602 7382 MainThread [INFO]  Completed executor task 1500
2023-07-07 12:53:18.287 worker_log:613 7382 MainThread [INFO]  All processing finished for executor task 1500
2023-07-07 12:53:18.298 worker_log:584 7382 MainThread [INFO]  Received executor task 1515
2023-07-07 12:53:32.062 worker_log:602 7382 MainThread [INFO]  Completed executor task 1515
2023-07-07 12:53:32.062 worker_log:613 7382 MainThread [INFO]  All processing finished for executor task 1515
2023-07-07 12:53:32.073 worker_log:584 7382 MainThread [INFO]  Received executor task 1521
2023-07-07 12:53:59.553 worker_log:602 7382 MainThread [INFO]  Completed executor task 1521
2023-07-07 12:53:59.566 worker_log:613 7382 MainThread [INFO]  All processing finished for executor task 1521
2023-07-07 12:53:59.566 worker_log:584 7382 MainThread [INFO]  Received executor task 1538
2023-07-07 12:54:16.748 worker_log:602 7382 MainThread [INFO]  Completed executor task 1538
2023-07-07 12:54:16.760 worker_log:613 7382 MainThread [INFO]  All processing finished for executor task 1538
2023-07-07 12:54:16.760 worker_log:584 7382 MainThread [INFO]  Received executor task 1546
2023-07-07 12:54:58.067 worker_log:602 7382 MainThread [INFO]  Completed executor task 1546
2023-07-07 12:54:58.067 worker_log:613 7382 MainThread [INFO]  All processing finished for executor task 1546
2023-07-07 12:54:58.078 worker_log:584 7382 MainThread [INFO]  Received executor task 1570
2023-07-07 12:55:57.935 worker_log:602 7382 MainThread [INFO]  Completed executor task 1570
2023-07-07 12:55:57.936 worker_log:613 7382 MainThread [INFO]  All processing finished for executor task 1570
2023-07-07 12:55:57.947 worker_log:584 7382 MainThread [INFO]  Received executor task 1603
2023-07-07 12:56:11.240 worker_log:602 7382 MainThread [INFO]  Completed executor task 1603
2023-07-07 12:56:11.241 worker_log:613 7382 MainThread [INFO]  All processing finished for executor task 1603
2023-07-07 12:56:11.252 worker_log:584 7382 MainThread [INFO]  Received executor task 1609
2023-07-07 12:56:22.880 worker_log:602 7382 MainThread [INFO]  Completed executor task 1609
2023-07-07 12:56:22.881 worker_log:613 7382 MainThread [INFO]  All processing finished for executor task 1609
2023-07-07 12:56:22.892 worker_log:584 7382 MainThread [INFO]  Received executor task 1619
2023-07-07 12:56:33.139 worker_log:602 7382 MainThread [INFO]  Completed executor task 1619
2023-07-07 12:56:33.139 worker_log:613 7382 MainThread [INFO]  All processing finished for executor task 1619
2023-07-07 12:56:33.150 worker_log:584 7382 MainThread [INFO]  Received executor task 1625
2023-07-07 12:57:21.048 worker_log:602 7382 MainThread [INFO]  Completed executor task 1625
2023-07-07 12:57:21.048 worker_log:613 7382 MainThread [INFO]  All processing finished for executor task 1625
2023-07-07 12:57:21.060 worker_log:584 7382 MainThread [INFO]  Received executor task 1654
2023-07-07 12:57:53.751 worker_log:602 7382 MainThread [INFO]  Completed executor task 1654
2023-07-07 12:57:53.752 worker_log:613 7382 MainThread [INFO]  All processing finished for executor task 1654
2023-07-07 12:57:53.763 worker_log:584 7382 MainThread [INFO]  Received executor task 1670
2023-07-07 12:58:29.497 worker_log:602 7382 MainThread [INFO]  Completed executor task 1670
2023-07-07 12:58:29.498 worker_log:613 7382 MainThread [INFO]  All processing finished for executor task 1670
2023-07-07 12:58:29.509 worker_log:584 7382 MainThread [INFO]  Received executor task 1687
2023-07-07 12:58:47.302 worker_log:602 7382 MainThread [INFO]  Completed executor task 1687
2023-07-07 12:58:47.303 worker_log:613 7382 MainThread [INFO]  All processing finished for executor task 1687
2023-07-07 12:58:47.314 worker_log:584 7382 MainThread [INFO]  Received executor task 1695
2023-07-07 12:59:11.201 worker_log:602 7382 MainThread [INFO]  Completed executor task 1695
2023-07-07 12:59:11.201 worker_log:613 7382 MainThread [INFO]  All processing finished for executor task 1695
2023-07-07 12:59:11.213 worker_log:584 7382 MainThread [INFO]  Received executor task 1707
2023-07-07 12:59:23.551 worker_log:602 7382 MainThread [INFO]  Completed executor task 1707
2023-07-07 12:59:23.551 worker_log:613 7382 MainThread [INFO]  All processing finished for executor task 1707
2023-07-07 12:59:23.562 worker_log:584 7382 MainThread [INFO]  Received executor task 1721
2023-07-07 12:59:34.194 worker_log:602 7382 MainThread [INFO]  Completed executor task 1721
2023-07-07 12:59:34.194 worker_log:613 7382 MainThread [INFO]  All processing finished for executor task 1721
2023-07-07 12:59:34.205 worker_log:584 7382 MainThread [INFO]  Received executor task 1730
2023-07-07 12:59:57.374 worker_log:602 7382 MainThread [INFO]  Completed executor task 1730
2023-07-07 12:59:57.375 worker_log:613 7382 MainThread [INFO]  All processing finished for executor task 1730
2023-07-07 12:59:57.386 worker_log:584 7382 MainThread [INFO]  Received executor task 1751
2023-07-07 13:00:35.581 worker_log:602 7382 MainThread [INFO]  Completed executor task 1751
2023-07-07 13:00:35.582 worker_log:613 7382 MainThread [INFO]  All processing finished for executor task 1751
2023-07-07 13:00:35.593 worker_log:584 7382 MainThread [INFO]  Received executor task 1778
2023-07-07 13:00:56.942 worker_log:602 7382 MainThread [INFO]  Completed executor task 1778
2023-07-07 13:00:56.943 worker_log:613 7382 MainThread [INFO]  All processing finished for executor task 1778
2023-07-07 13:00:56.954 worker_log:584 7382 MainThread [INFO]  Received executor task 1789
2023-07-07 13:02:28.464 worker_log:602 7382 MainThread [INFO]  Completed executor task 1789
2023-07-07 13:02:28.464 worker_log:613 7382 MainThread [INFO]  All processing finished for executor task 1789
2023-07-07 13:02:28.475 worker_log:584 7382 MainThread [INFO]  Received executor task 1823
2023-07-07 13:02:43.792 worker_log:602 7382 MainThread [INFO]  Completed executor task 1823
2023-07-07 13:02:43.792 worker_log:613 7382 MainThread [INFO]  All processing finished for executor task 1823
2023-07-07 13:02:43.803 worker_log:584 7382 MainThread [INFO]  Received executor task 1828
2023-07-07 13:02:57.679 worker_log:602 7382 MainThread [INFO]  Completed executor task 1828
2023-07-07 13:02:57.680 worker_log:613 7382 MainThread [INFO]  All processing finished for executor task 1828
2023-07-07 13:02:57.691 worker_log:584 7382 MainThread [INFO]  Received executor task 1840
2023-07-07 13:03:21.787 worker_log:602 7382 MainThread [INFO]  Completed executor task 1840
2023-07-07 13:03:21.787 worker_log:613 7382 MainThread [INFO]  All processing finished for executor task 1840
2023-07-07 13:03:21.798 worker_log:584 7382 MainThread [INFO]  Received executor task 1850
2023-07-07 13:03:51.778 worker_log:602 7382 MainThread [INFO]  Completed executor task 1850
2023-07-07 13:03:51.779 worker_log:613 7382 MainThread [INFO]  All processing finished for executor task 1850
2023-07-07 13:03:51.790 worker_log:584 7382 MainThread [INFO]  Received executor task 1861
2023-07-07 13:04:05.162 worker_log:602 7382 MainThread [INFO]  Completed executor task 1861
2023-07-07 13:04:05.162 worker_log:613 7382 MainThread [INFO]  All processing finished for executor task 1861
2023-07-07 13:04:05.173 worker_log:584 7382 MainThread [INFO]  Received executor task 1870
2023-07-07 13:05:01.523 worker_log:602 7382 MainThread [INFO]  Completed executor task 1870
2023-07-07 13:05:01.524 worker_log:613 7382 MainThread [INFO]  All processing finished for executor task 1870
2023-07-07 13:05:01.535 worker_log:584 7382 MainThread [INFO]  Received executor task 1898
2023-07-07 13:05:18.234 worker_log:602 7382 MainThread [INFO]  Completed executor task 1898
2023-07-07 13:05:18.235 worker_log:613 7382 MainThread [INFO]  All processing finished for executor task 1898
2023-07-07 13:05:18.256 worker_log:584 7382 MainThread [INFO]  Received executor task 1908
2023-07-07 13:05:35.156 worker_log:602 7382 MainThread [INFO]  Completed executor task 1908
2023-07-07 13:05:35.156 worker_log:613 7382 MainThread [INFO]  All processing finished for executor task 1908
2023-07-07 13:05:35.167 worker_log:584 7382 MainThread [INFO]  Received executor task 1919
2023-07-07 13:06:06.858 worker_log:602 7382 MainThread [INFO]  Completed executor task 1919
2023-07-07 13:06:06.859 worker_log:613 7382 MainThread [INFO]  All processing finished for executor task 1919
2023-07-07 13:06:06.871 worker_log:584 7382 MainThread [INFO]  Received executor task 1931
2023-07-07 13:06:23.517 worker_log:602 7382 MainThread [INFO]  Completed executor task 1931
2023-07-07 13:06:23.517 worker_log:613 7382 MainThread [INFO]  All processing finished for executor task 1931
2023-07-07 13:06:23.538 worker_log:584 7382 MainThread [INFO]  Received executor task 1939
2023-07-07 13:06:47.081 worker_log:602 7382 MainThread [INFO]  Completed executor task 1939
2023-07-07 13:06:47.082 worker_log:613 7382 MainThread [INFO]  All processing finished for executor task 1939
2023-07-07 13:06:47.093 worker_log:584 7382 MainThread [INFO]  Received executor task 1954
2023-07-07 13:07:15.922 worker_log:602 7382 MainThread [INFO]  Completed executor task 1954
2023-07-07 13:07:15.923 worker_log:613 7382 MainThread [INFO]  All processing finished for executor task 1954
2023-07-07 13:07:15.934 worker_log:584 7382 MainThread [INFO]  Received executor task 1967
2023-07-07 13:07:45.841 worker_log:602 7382 MainThread [INFO]  Completed executor task 1967
2023-07-07 13:07:45.842 worker_log:613 7382 MainThread [INFO]  All processing finished for executor task 1967
2023-07-07 13:07:45.853 worker_log:584 7382 MainThread [INFO]  Received executor task 1980
2023-07-07 13:08:21.478 worker_log:602 7382 MainThread [INFO]  Completed executor task 1980
2023-07-07 13:08:21.479 worker_log:613 7382 MainThread [INFO]  All processing finished for executor task 1980
2023-07-07 13:08:21.490 worker_log:584 7382 MainThread [INFO]  Received executor task 1999
2023-07-07 13:09:05.001 worker_log:602 7382 MainThread [INFO]  Completed executor task 1999
2023-07-07 13:09:05.002 worker_log:613 7382 MainThread [INFO]  All processing finished for executor task 1999
2023-07-07 13:09:05.013 worker_log:584 7382 MainThread [INFO]  Received executor task 2019
2023-07-07 13:09:14.011 worker_log:602 7382 MainThread [INFO]  Completed executor task 2019
2023-07-07 13:09:14.011 worker_log:613 7382 MainThread [INFO]  All processing finished for executor task 2019
2023-07-07 13:09:14.022 worker_log:584 7382 MainThread [INFO]  Received executor task 2024
2023-07-07 13:09:31.577 worker_log:602 7382 MainThread [INFO]  Completed executor task 2024
2023-07-07 13:09:31.578 worker_log:613 7382 MainThread [INFO]  All processing finished for executor task 2024
2023-07-07 13:09:31.589 worker_log:584 7382 MainThread [INFO]  Received executor task 2032
2023-07-07 13:09:59.913 worker_log:602 7382 MainThread [INFO]  Completed executor task 2032
2023-07-07 13:09:59.913 worker_log:613 7382 MainThread [INFO]  All processing finished for executor task 2032
2023-07-07 13:09:59.925 worker_log:584 7382 MainThread [INFO]  Received executor task 2046
2023-07-07 13:10:29.451 worker_log:602 7382 MainThread [INFO]  Completed executor task 2046
2023-07-07 13:10:29.452 worker_log:613 7382 MainThread [INFO]  All processing finished for executor task 2046
2023-07-07 13:10:29.463 worker_log:584 7382 MainThread [INFO]  Received executor task 2061
2023-07-07 13:11:12.596 worker_log:602 7382 MainThread [INFO]  Completed executor task 2061
2023-07-07 13:11:12.596 worker_log:613 7382 MainThread [INFO]  All processing finished for executor task 2061
2023-07-07 13:11:12.607 worker_log:584 7382 MainThread [INFO]  Received executor task 2074
2023-07-07 13:11:37.125 worker_log:602 7382 MainThread [INFO]  Completed executor task 2074
2023-07-07 13:11:37.126 worker_log:613 7382 MainThread [INFO]  All processing finished for executor task 2074
2023-07-07 13:11:37.136 worker_log:584 7382 MainThread [INFO]  Received executor task 2089
2023-07-07 13:12:05.947 worker_log:602 7382 MainThread [INFO]  Completed executor task 2089
2023-07-07 13:12:05.948 worker_log:613 7382 MainThread [INFO]  All processing finished for executor task 2089
2023-07-07 13:12:05.948 worker_log:584 7382 MainThread [INFO]  Received executor task 2105
2023-07-07 13:12:30.011 worker_log:602 7382 MainThread [INFO]  Completed executor task 2105
2023-07-07 13:12:30.011 worker_log:613 7382 MainThread [INFO]  All processing finished for executor task 2105
2023-07-07 13:12:30.023 worker_log:584 7382 MainThread [INFO]  Received executor task 2119
2023-07-07 13:12:58.283 worker_log:602 7382 MainThread [INFO]  Completed executor task 2119
2023-07-07 13:12:58.283 worker_log:613 7382 MainThread [INFO]  All processing finished for executor task 2119
2023-07-07 13:12:58.294 worker_log:584 7382 MainThread [INFO]  Received executor task 2131
2023-07-07 13:13:40.717 worker_log:602 7382 MainThread [INFO]  Completed executor task 2131
2023-07-07 13:13:40.717 worker_log:613 7382 MainThread [INFO]  All processing finished for executor task 2131
2023-07-07 13:13:40.732 worker_log:584 7382 MainThread [INFO]  Received executor task 2154
2023-07-07 13:14:14.391 worker_log:602 7382 MainThread [INFO]  Completed executor task 2154
2023-07-07 13:14:14.392 worker_log:613 7382 MainThread [INFO]  All processing finished for executor task 2154
2023-07-07 13:14:14.403 worker_log:584 7382 MainThread [INFO]  Received executor task 2175
2023-07-07 13:14:43.314 worker_log:602 7382 MainThread [INFO]  Completed executor task 2175
2023-07-07 13:14:43.315 worker_log:613 7382 MainThread [INFO]  All processing finished for executor task 2175
2023-07-07 13:14:43.326 worker_log:584 7382 MainThread [INFO]  Received executor task 2192
2023-07-07 13:15:10.758 worker_log:602 7382 MainThread [INFO]  Completed executor task 2192
2023-07-07 13:15:10.759 worker_log:613 7382 MainThread [INFO]  All processing finished for executor task 2192
2023-07-07 13:15:10.770 worker_log:584 7382 MainThread [INFO]  Received executor task 2206
2023-07-07 13:15:46.470 worker_log:602 7382 MainThread [INFO]  Completed executor task 2206
2023-07-07 13:15:46.471 worker_log:613 7382 MainThread [INFO]  All processing finished for executor task 2206
2023-07-07 13:15:46.472 worker_log:584 7382 MainThread [INFO]  Received executor task 2217
2023-07-07 13:16:24.053 worker_log:602 7382 MainThread [INFO]  Completed executor task 2217
2023-07-07 13:16:24.054 worker_log:613 7382 MainThread [INFO]  All processing finished for executor task 2217
2023-07-07 13:16:24.065 worker_log:584 7382 MainThread [INFO]  Received executor task 2235
2023-07-07 13:16:49.553 worker_log:602 7382 MainThread [INFO]  Completed executor task 2235
2023-07-07 13:16:49.554 worker_log:613 7382 MainThread [INFO]  All processing finished for executor task 2235
2023-07-07 13:16:49.565 worker_log:584 7382 MainThread [INFO]  Received executor task 2249
2023-07-07 13:17:35.987 worker_log:602 7382 MainThread [INFO]  Completed executor task 2249
2023-07-07 13:17:35.987 worker_log:613 7382 MainThread [INFO]  All processing finished for executor task 2249
2023-07-07 13:17:35.998 worker_log:584 7382 MainThread [INFO]  Received executor task 2271
2023-07-07 13:18:18.321 worker_log:602 7382 MainThread [INFO]  Completed executor task 2271
2023-07-07 13:18:18.322 worker_log:613 7382 MainThread [INFO]  All processing finished for executor task 2271
2023-07-07 13:18:18.333 worker_log:584 7382 MainThread [INFO]  Received executor task 2291
2023-07-07 13:18:55.623 worker_log:602 7382 MainThread [INFO]  Completed executor task 2291
2023-07-07 13:18:55.623 worker_log:613 7382 MainThread [INFO]  All processing finished for executor task 2291
2023-07-07 13:18:55.635 worker_log:584 7382 MainThread [INFO]  Received executor task 2306
2023-07-07 13:19:32.350 worker_log:602 7382 MainThread [INFO]  Completed executor task 2306
2023-07-07 13:19:32.351 worker_log:613 7382 MainThread [INFO]  All processing finished for executor task 2306
2023-07-07 13:19:32.362 worker_log:584 7382 MainThread [INFO]  Received executor task 2322
2023-07-07 13:20:14.260 worker_log:602 7382 MainThread [INFO]  Completed executor task 2322
2023-07-07 13:20:14.260 worker_log:613 7382 MainThread [INFO]  All processing finished for executor task 2322
2023-07-07 13:20:14.271 worker_log:584 7382 MainThread [INFO]  Received executor task 2343
2023-07-07 13:20:45.682 worker_log:602 7382 MainThread [INFO]  Completed executor task 2343
2023-07-07 13:20:45.683 worker_log:613 7382 MainThread [INFO]  All processing finished for executor task 2343
2023-07-07 13:20:45.695 worker_log:584 7382 MainThread [INFO]  Received executor task 2360
2023-07-07 13:20:55.538 worker_log:602 7382 MainThread [INFO]  Completed executor task 2360
2023-07-07 13:20:55.549 worker_log:613 7382 MainThread [INFO]  All processing finished for executor task 2360
2023-07-07 13:20:55.549 worker_log:584 7382 MainThread [INFO]  Received executor task 2364
2023-07-07 13:21:58.340 worker_log:602 7382 MainThread [INFO]  Completed executor task 2364
2023-07-07 13:21:58.341 worker_log:613 7382 MainThread [INFO]  All processing finished for executor task 2364
2023-07-07 13:21:58.352 worker_log:584 7382 MainThread [INFO]  Received executor task 2396
2023-07-07 13:22:09.781 worker_log:602 7382 MainThread [INFO]  Completed executor task 2396
2023-07-07 13:22:09.782 worker_log:613 7382 MainThread [INFO]  All processing finished for executor task 2396
2023-07-07 13:22:09.793 worker_log:584 7382 MainThread [INFO]  Received executor task 2401
2023-07-07 13:22:39.429 worker_log:602 7382 MainThread [INFO]  Completed executor task 2401
2023-07-07 13:22:39.430 worker_log:613 7382 MainThread [INFO]  All processing finished for executor task 2401
2023-07-07 13:22:39.441 worker_log:584 7382 MainThread [INFO]  Received executor task 2421
2023-07-07 13:23:28.049 worker_log:602 7382 MainThread [INFO]  Completed executor task 2421
2023-07-07 13:23:28.049 worker_log:613 7382 MainThread [INFO]  All processing finished for executor task 2421
2023-07-07 13:23:28.060 worker_log:584 7382 MainThread [INFO]  Received executor task 2458
2023-07-07 13:24:06.979 worker_log:602 7382 MainThread [INFO]  Completed executor task 2458
2023-07-07 13:24:06.980 worker_log:613 7382 MainThread [INFO]  All processing finished for executor task 2458
2023-07-07 13:24:06.991 worker_log:584 7382 MainThread [INFO]  Received executor task 2475
2023-07-07 13:24:37.463 worker_log:602 7382 MainThread [INFO]  Completed executor task 2475
2023-07-07 13:24:37.463 worker_log:613 7382 MainThread [INFO]  All processing finished for executor task 2475
2023-07-07 13:24:37.475 worker_log:584 7382 MainThread [INFO]  Received executor task 2489
2023-07-07 13:25:17.305 worker_log:602 7382 MainThread [INFO]  Completed executor task 2489
2023-07-07 13:25:17.310 worker_log:613 7382 MainThread [INFO]  All processing finished for executor task 2489
2023-07-07 13:25:17.317 worker_log:584 7382 MainThread [INFO]  Received executor task 2506
2023-07-07 13:25:56.529 worker_log:602 7382 MainThread [INFO]  Completed executor task 2506
2023-07-07 13:25:56.529 worker_log:613 7382 MainThread [INFO]  All processing finished for executor task 2506
2023-07-07 13:25:56.540 worker_log:584 7382 MainThread [INFO]  Received executor task 2529
2023-07-07 13:27:59.941 worker_log:602 7382 MainThread [INFO]  Completed executor task 2529
2023-07-07 13:27:59.942 worker_log:613 7382 MainThread [INFO]  All processing finished for executor task 2529
2023-07-07 13:27:59.953 worker_log:584 7382 MainThread [INFO]  Received executor task 2584
2023-07-07 13:28:17.795 worker_log:602 7382 MainThread [INFO]  Completed executor task 2584
2023-07-07 13:28:17.795 worker_log:613 7382 MainThread [INFO]  All processing finished for executor task 2584
2023-07-07 13:28:17.806 worker_log:584 7382 MainThread [INFO]  Received executor task 2597
2023-07-07 13:28:59.187 worker_log:602 7382 MainThread [INFO]  Completed executor task 2597
2023-07-07 13:28:59.187 worker_log:613 7382 MainThread [INFO]  All processing finished for executor task 2597
2023-07-07 13:28:59.198 worker_log:584 7382 MainThread [INFO]  Received executor task 2614
2023-07-07 13:29:21.056 worker_log:602 7382 MainThread [INFO]  Completed executor task 2614
2023-07-07 13:29:21.057 worker_log:613 7382 MainThread [INFO]  All processing finished for executor task 2614
2023-07-07 13:29:21.068 worker_log:584 7382 MainThread [INFO]  Received executor task 2623
2023-07-07 13:30:18.970 worker_log:602 7382 MainThread [INFO]  Completed executor task 2623
2023-07-07 13:30:18.971 worker_log:613 7382 MainThread [INFO]  All processing finished for executor task 2623
2023-07-07 13:30:18.982 worker_log:584 7382 MainThread [INFO]  Received executor task 2649
2023-07-07 13:31:10.081 worker_log:602 7382 MainThread [INFO]  Completed executor task 2649
2023-07-07 13:31:10.081 worker_log:613 7382 MainThread [INFO]  All processing finished for executor task 2649
2023-07-07 13:31:10.093 worker_log:584 7382 MainThread [INFO]  Received executor task 2669
2023-07-07 13:31:52.683 worker_log:602 7382 MainThread [INFO]  Completed executor task 2669
2023-07-07 13:31:52.683 worker_log:613 7382 MainThread [INFO]  All processing finished for executor task 2669
2023-07-07 13:31:52.694 worker_log:584 7382 MainThread [INFO]  Received executor task 2692
2023-07-07 13:32:04.171 worker_log:602 7382 MainThread [INFO]  Completed executor task 2692
2023-07-07 13:32:04.171 worker_log:613 7382 MainThread [INFO]  All processing finished for executor task 2692
2023-07-07 13:32:04.182 worker_log:584 7382 MainThread [INFO]  Received executor task 2701
2023-07-07 13:32:31.028 worker_log:602 7382 MainThread [INFO]  Completed executor task 2701
2023-07-07 13:32:31.028 worker_log:613 7382 MainThread [INFO]  All processing finished for executor task 2701
2023-07-07 13:32:31.039 worker_log:584 7382 MainThread [INFO]  Received executor task 2710
2023-07-07 13:33:20.203 worker_log:602 7382 MainThread [INFO]  Completed executor task 2710
2023-07-07 13:33:20.203 worker_log:613 7382 MainThread [INFO]  All processing finished for executor task 2710
2023-07-07 13:33:20.215 worker_log:584 7382 MainThread [INFO]  Received executor task 2739
2023-07-07 13:33:43.650 worker_log:602 7382 MainThread [INFO]  Completed executor task 2739
2023-07-07 13:33:43.650 worker_log:613 7382 MainThread [INFO]  All processing finished for executor task 2739
2023-07-07 13:33:43.661 worker_log:584 7382 MainThread [INFO]  Received executor task 2750
2023-07-07 13:34:08.817 worker_log:602 7382 MainThread [INFO]  Completed executor task 2750
2023-07-07 13:34:08.817 worker_log:613 7382 MainThread [INFO]  All processing finished for executor task 2750
2023-07-07 13:34:08.829 worker_log:584 7382 MainThread [INFO]  Received executor task 2765
2023-07-07 13:34:48.732 worker_log:602 7382 MainThread [INFO]  Completed executor task 2765
2023-07-07 13:34:48.732 worker_log:613 7382 MainThread [INFO]  All processing finished for executor task 2765
2023-07-07 13:34:48.744 worker_log:584 7382 MainThread [INFO]  Received executor task 2787
2023-07-07 13:35:20.685 worker_log:602 7382 MainThread [INFO]  Completed executor task 2787
2023-07-07 13:35:20.686 worker_log:613 7382 MainThread [INFO]  All processing finished for executor task 2787
2023-07-07 13:35:20.697 worker_log:584 7382 MainThread [INFO]  Received executor task 2802
2023-07-07 13:35:37.243 worker_log:602 7382 MainThread [INFO]  Completed executor task 2802
2023-07-07 13:35:37.243 worker_log:613 7382 MainThread [INFO]  All processing finished for executor task 2802
2023-07-07 13:35:37.254 worker_log:584 7382 MainThread [INFO]  Received executor task 2811
2023-07-07 13:36:10.013 worker_log:602 7382 MainThread [INFO]  Completed executor task 2811
2023-07-07 13:36:10.026 worker_log:613 7382 MainThread [INFO]  All processing finished for executor task 2811
2023-07-07 13:36:10.026 worker_log:584 7382 MainThread [INFO]  Received executor task 2827
2023-07-07 13:36:31.450 worker_log:602 7382 MainThread [INFO]  Completed executor task 2827
2023-07-07 13:36:31.451 worker_log:613 7382 MainThread [INFO]  All processing finished for executor task 2827
2023-07-07 13:36:31.462 worker_log:584 7382 MainThread [INFO]  Received executor task 2839
2023-07-07 13:37:20.607 worker_log:602 7382 MainThread [INFO]  Completed executor task 2839
2023-07-07 13:37:20.612 worker_log:613 7382 MainThread [INFO]  All processing finished for executor task 2839
2023-07-07 13:37:20.618 worker_log:584 7382 MainThread [INFO]  Received executor task 2862
2023-07-07 13:37:35.875 worker_log:602 7382 MainThread [INFO]  Completed executor task 2862
2023-07-07 13:37:35.877 worker_log:613 7382 MainThread [INFO]  All processing finished for executor task 2862
2023-07-07 13:37:35.887 worker_log:584 7382 MainThread [INFO]  Received executor task 2871
2023-07-07 13:38:12.400 worker_log:602 7382 MainThread [INFO]  Completed executor task 2871
2023-07-07 13:38:12.401 worker_log:613 7382 MainThread [INFO]  All processing finished for executor task 2871
2023-07-07 13:38:12.412 worker_log:584 7382 MainThread [INFO]  Received executor task 2893
2023-07-07 13:38:34.888 worker_log:602 7382 MainThread [INFO]  Completed executor task 2893
2023-07-07 13:38:34.888 worker_log:613 7382 MainThread [INFO]  All processing finished for executor task 2893
2023-07-07 13:38:34.900 worker_log:584 7382 MainThread [INFO]  Received executor task 2910
2023-07-07 13:38:53.911 worker_log:602 7382 MainThread [INFO]  Completed executor task 2910
2023-07-07 13:38:53.911 worker_log:613 7382 MainThread [INFO]  All processing finished for executor task 2910
2023-07-07 13:38:53.922 worker_log:584 7382 MainThread [INFO]  Received executor task 2925
2023-07-07 13:39:21.472 worker_log:602 7382 MainThread [INFO]  Completed executor task 2925
2023-07-07 13:39:21.473 worker_log:613 7382 MainThread [INFO]  All processing finished for executor task 2925
2023-07-07 13:39:21.483 worker_log:584 7382 MainThread [INFO]  Received executor task 2939
2023-07-07 13:39:42.301 worker_log:602 7382 MainThread [INFO]  Completed executor task 2939
2023-07-07 13:39:42.301 worker_log:613 7382 MainThread [INFO]  All processing finished for executor task 2939
2023-07-07 13:39:42.313 worker_log:584 7382 MainThread [INFO]  Received executor task 2948
2023-07-07 13:40:16.459 worker_log:602 7382 MainThread [INFO]  Completed executor task 2948
2023-07-07 13:40:16.460 worker_log:613 7382 MainThread [INFO]  All processing finished for executor task 2948
2023-07-07 13:40:16.471 worker_log:584 7382 MainThread [INFO]  Received executor task 2967
2023-07-07 13:40:42.665 worker_log:602 7382 MainThread [INFO]  Completed executor task 2967
2023-07-07 13:40:42.666 worker_log:613 7382 MainThread [INFO]  All processing finished for executor task 2967
2023-07-07 13:40:42.677 worker_log:584 7382 MainThread [INFO]  Received executor task 2982
2023-07-07 13:41:17.991 worker_log:602 7382 MainThread [INFO]  Completed executor task 2982
2023-07-07 13:41:17.991 worker_log:613 7382 MainThread [INFO]  All processing finished for executor task 2982
2023-07-07 13:41:18.012 worker_log:584 7382 MainThread [INFO]  Received executor task 3003
2023-07-07 13:41:31.863 worker_log:602 7382 MainThread [INFO]  Completed executor task 3003
2023-07-07 13:41:31.863 worker_log:613 7382 MainThread [INFO]  All processing finished for executor task 3003
2023-07-07 13:41:31.874 worker_log:584 7382 MainThread [INFO]  Received executor task 3010
2023-07-07 13:42:26.594 worker_log:602 7382 MainThread [INFO]  Completed executor task 3010
2023-07-07 13:42:26.595 worker_log:613 7382 MainThread [INFO]  All processing finished for executor task 3010
2023-07-07 13:42:26.605 worker_log:584 7382 MainThread [INFO]  Received executor task 3036
2023-07-07 13:43:06.523 worker_log:602 7382 MainThread [INFO]  Completed executor task 3036
2023-07-07 13:43:06.524 worker_log:613 7382 MainThread [INFO]  All processing finished for executor task 3036
2023-07-07 13:43:06.535 worker_log:584 7382 MainThread [INFO]  Received executor task 3053
2023-07-07 13:43:33.895 worker_log:602 7382 MainThread [INFO]  Completed executor task 3053
2023-07-07 13:43:33.896 worker_log:613 7382 MainThread [INFO]  All processing finished for executor task 3053
2023-07-07 13:43:33.909 worker_log:584 7382 MainThread [INFO]  Received executor task 3063
2023-07-07 13:43:53.756 worker_log:602 7382 MainThread [INFO]  Completed executor task 3063
2023-07-07 13:43:53.757 worker_log:613 7382 MainThread [INFO]  All processing finished for executor task 3063
2023-07-07 13:43:53.768 worker_log:584 7382 MainThread [INFO]  Received executor task 3078
2023-07-07 13:44:30.919 worker_log:602 7382 MainThread [INFO]  Completed executor task 3078
2023-07-07 13:44:30.919 worker_log:613 7382 MainThread [INFO]  All processing finished for executor task 3078
2023-07-07 13:44:30.932 worker_log:584 7382 MainThread [INFO]  Received executor task 3092
2023-07-07 13:44:44.800 worker_log:602 7382 MainThread [INFO]  Completed executor task 3092
2023-07-07 13:44:44.801 worker_log:613 7382 MainThread [INFO]  All processing finished for executor task 3092
2023-07-07 13:44:44.812 worker_log:584 7382 MainThread [INFO]  Received executor task 3100
2023-07-07 13:44:58.627 worker_log:602 7382 MainThread [INFO]  Completed executor task 3100
2023-07-07 13:44:58.627 worker_log:613 7382 MainThread [INFO]  All processing finished for executor task 3100
2023-07-07 13:44:58.639 worker_log:584 7382 MainThread [INFO]  Received executor task 3110
2023-07-07 13:46:28.063 worker_log:602 7382 MainThread [INFO]  Completed executor task 3110
2023-07-07 13:46:28.063 worker_log:613 7382 MainThread [INFO]  All processing finished for executor task 3110
2023-07-07 13:46:28.074 worker_log:584 7382 MainThread [INFO]  Received executor task 3157
2023-07-07 13:47:05.524 worker_log:602 7382 MainThread [INFO]  Completed executor task 3157
2023-07-07 13:47:05.524 worker_log:613 7382 MainThread [INFO]  All processing finished for executor task 3157
2023-07-07 13:47:05.536 worker_log:584 7382 MainThread [INFO]  Received executor task 3176
2023-07-07 13:47:35.616 worker_log:602 7382 MainThread [INFO]  Completed executor task 3176
2023-07-07 13:47:35.617 worker_log:613 7382 MainThread [INFO]  All processing finished for executor task 3176
2023-07-07 13:47:35.628 worker_log:584 7382 MainThread [INFO]  Received executor task 3189
2023-07-07 13:48:08.196 worker_log:602 7382 MainThread [INFO]  Completed executor task 3189
2023-07-07 13:48:08.196 worker_log:613 7382 MainThread [INFO]  All processing finished for executor task 3189
2023-07-07 13:48:08.207 worker_log:584 7382 MainThread [INFO]  Received executor task 3207
2023-07-07 13:48:38.514 worker_log:602 7382 MainThread [INFO]  Completed executor task 3207
2023-07-07 13:48:38.515 worker_log:613 7382 MainThread [INFO]  All processing finished for executor task 3207
2023-07-07 13:48:38.526 worker_log:584 7382 MainThread [INFO]  Received executor task 3224
2023-07-07 13:49:45.522 worker_log:602 7382 MainThread [INFO]  Completed executor task 3224
2023-07-07 13:49:45.523 worker_log:613 7382 MainThread [INFO]  All processing finished for executor task 3224
2023-07-07 13:49:45.536 worker_log:584 7382 MainThread [INFO]  Received executor task 3259
2023-07-07 13:50:16.017 worker_log:602 7382 MainThread [INFO]  Completed executor task 3259
2023-07-07 13:50:16.017 worker_log:613 7382 MainThread [INFO]  All processing finished for executor task 3259
2023-07-07 13:50:16.028 worker_log:584 7382 MainThread [INFO]  Received executor task 3276
2023-07-07 13:50:38.274 worker_log:602 7382 MainThread [INFO]  Completed executor task 3276
2023-07-07 13:50:38.274 worker_log:613 7382 MainThread [INFO]  All processing finished for executor task 3276
2023-07-07 13:50:38.285 worker_log:584 7382 MainThread [INFO]  Received executor task 3290
2023-07-07 13:51:14.656 worker_log:602 7382 MainThread [INFO]  Completed executor task 3290
2023-07-07 13:51:14.667 worker_log:613 7382 MainThread [INFO]  All processing finished for executor task 3290
2023-07-07 13:51:14.668 worker_log:584 7382 MainThread [INFO]  Received executor task 3312
2023-07-07 13:51:29.270 worker_log:602 7382 MainThread [INFO]  Completed executor task 3312
2023-07-07 13:51:29.270 worker_log:613 7382 MainThread [INFO]  All processing finished for executor task 3312
2023-07-07 13:51:29.282 worker_log:584 7382 MainThread [INFO]  Received executor task 3321
2023-07-07 13:51:56.206 worker_log:602 7382 MainThread [INFO]  Completed executor task 3321
2023-07-07 13:51:56.218 worker_log:613 7382 MainThread [INFO]  All processing finished for executor task 3321
2023-07-07 13:51:56.218 worker_log:584 7382 MainThread [INFO]  Received executor task 3334
2023-07-07 13:52:27.743 worker_log:602 7382 MainThread [INFO]  Completed executor task 3334
2023-07-07 13:52:27.743 worker_log:613 7382 MainThread [INFO]  All processing finished for executor task 3334
2023-07-07 13:52:27.756 worker_log:584 7382 MainThread [INFO]  Received executor task 3352
2023-07-07 13:52:45.594 worker_log:602 7382 MainThread [INFO]  Completed executor task 3352
2023-07-07 13:52:45.595 worker_log:613 7382 MainThread [INFO]  All processing finished for executor task 3352
2023-07-07 13:52:45.606 worker_log:584 7382 MainThread [INFO]  Received executor task 3363
2023-07-07 13:53:20.916 worker_log:602 7382 MainThread [INFO]  Completed executor task 3363
2023-07-07 13:53:20.917 worker_log:613 7382 MainThread [INFO]  All processing finished for executor task 3363
2023-07-07 13:53:20.928 worker_log:584 7382 MainThread [INFO]  Received executor task 3385
2023-07-07 13:53:31.461 worker_log:602 7382 MainThread [INFO]  Completed executor task 3385
2023-07-07 13:53:31.462 worker_log:613 7382 MainThread [INFO]  All processing finished for executor task 3385
2023-07-07 13:53:31.473 worker_log:584 7382 MainThread [INFO]  Received executor task 3393
2023-07-07 13:54:04.276 worker_log:602 7382 MainThread [INFO]  Completed executor task 3393
2023-07-07 13:54:04.277 worker_log:613 7382 MainThread [INFO]  All processing finished for executor task 3393
2023-07-07 13:54:04.288 worker_log:584 7382 MainThread [INFO]  Received executor task 3411
2023-07-07 13:54:13.680 worker_log:602 7382 MainThread [INFO]  Completed executor task 3411
2023-07-07 13:54:13.681 worker_log:613 7382 MainThread [INFO]  All processing finished for executor task 3411
2023-07-07 13:54:13.692 worker_log:584 7382 MainThread [INFO]  Received executor task 3417
2023-07-07 13:54:46.027 worker_log:602 7382 MainThread [INFO]  Completed executor task 3417
2023-07-07 13:54:46.028 worker_log:613 7382 MainThread [INFO]  All processing finished for executor task 3417
2023-07-07 13:54:46.039 worker_log:584 7382 MainThread [INFO]  Received executor task 3434
2023-07-07 13:55:19.862 worker_log:602 7382 MainThread [INFO]  Completed executor task 3434
2023-07-07 13:55:19.862 worker_log:613 7382 MainThread [INFO]  All processing finished for executor task 3434
2023-07-07 13:55:19.873 worker_log:584 7382 MainThread [INFO]  Received executor task 3455
2023-07-07 13:55:49.083 worker_log:602 7382 MainThread [INFO]  Completed executor task 3455
2023-07-07 13:55:49.085 worker_log:613 7382 MainThread [INFO]  All processing finished for executor task 3455
2023-07-07 13:55:49.096 worker_log:584 7382 MainThread [INFO]  Received executor task 3470
2023-07-07 13:56:20.977 worker_log:602 7382 MainThread [INFO]  Completed executor task 3470
2023-07-07 13:56:20.977 worker_log:613 7382 MainThread [INFO]  All processing finished for executor task 3470
2023-07-07 13:56:20.988 worker_log:584 7382 MainThread [INFO]  Received executor task 3484
2023-07-07 13:57:46.061 worker_log:602 7382 MainThread [INFO]  Completed executor task 3484
2023-07-07 13:57:46.062 worker_log:613 7382 MainThread [INFO]  All processing finished for executor task 3484
2023-07-07 13:57:46.073 worker_log:584 7382 MainThread [INFO]  Received executor task 3515
2023-07-07 13:58:11.970 worker_log:602 7382 MainThread [INFO]  Completed executor task 3515
2023-07-07 13:58:11.983 worker_log:613 7382 MainThread [INFO]  All processing finished for executor task 3515
2023-07-07 13:58:11.983 worker_log:584 7382 MainThread [INFO]  Received executor task 3529
2023-07-07 13:58:30.711 worker_log:602 7382 MainThread [INFO]  Completed executor task 3529
2023-07-07 13:58:30.712 worker_log:613 7382 MainThread [INFO]  All processing finished for executor task 3529
2023-07-07 13:58:30.723 worker_log:584 7382 MainThread [INFO]  Received executor task 3538
2023-07-07 13:59:08.749 worker_log:602 7382 MainThread [INFO]  Completed executor task 3538
2023-07-07 13:59:08.750 worker_log:613 7382 MainThread [INFO]  All processing finished for executor task 3538
2023-07-07 13:59:08.761 worker_log:584 7382 MainThread [INFO]  Received executor task 3558
2023-07-07 14:00:10.568 worker_log:602 7382 MainThread [INFO]  Completed executor task 3558
2023-07-07 14:00:10.569 worker_log:613 7382 MainThread [INFO]  All processing finished for executor task 3558
2023-07-07 14:00:10.580 worker_log:584 7382 MainThread [INFO]  Received executor task 3588
2023-07-07 14:00:27.230 worker_log:602 7382 MainThread [INFO]  Completed executor task 3588
2023-07-07 14:00:27.231 worker_log:613 7382 MainThread [INFO]  All processing finished for executor task 3588
2023-07-07 14:00:27.242 worker_log:584 7382 MainThread [INFO]  Received executor task 3596
2023-07-07 14:00:33.287 worker_log:602 7382 MainThread [INFO]  Completed executor task 3596
2023-07-07 14:00:33.287 worker_log:613 7382 MainThread [INFO]  All processing finished for executor task 3596
2023-07-07 14:00:33.299 worker_log:584 7382 MainThread [INFO]  Received executor task 3603
2023-07-07 14:00:49.810 worker_log:602 7382 MainThread [INFO]  Completed executor task 3603
2023-07-07 14:00:49.823 worker_log:613 7382 MainThread [INFO]  All processing finished for executor task 3603
2023-07-07 14:00:49.823 worker_log:584 7382 MainThread [INFO]  Received executor task 3609
2023-07-07 14:01:47.138 worker_log:602 7382 MainThread [INFO]  Completed executor task 3609
2023-07-07 14:01:47.139 worker_log:613 7382 MainThread [INFO]  All processing finished for executor task 3609
2023-07-07 14:01:47.150 worker_log:584 7382 MainThread [INFO]  Received executor task 3647
2023-07-07 14:02:15.617 worker_log:602 7382 MainThread [INFO]  Completed executor task 3647
2023-07-07 14:02:15.618 worker_log:613 7382 MainThread [INFO]  All processing finished for executor task 3647
2023-07-07 14:02:15.629 worker_log:584 7382 MainThread [INFO]  Received executor task 3659
2023-07-07 14:02:25.942 worker_log:602 7382 MainThread [INFO]  Completed executor task 3659
2023-07-07 14:02:25.942 worker_log:613 7382 MainThread [INFO]  All processing finished for executor task 3659
2023-07-07 14:02:25.953 worker_log:584 7382 MainThread [INFO]  Received executor task 3667
2023-07-07 14:02:49.847 worker_log:602 7382 MainThread [INFO]  Completed executor task 3667
2023-07-07 14:02:49.847 worker_log:613 7382 MainThread [INFO]  All processing finished for executor task 3667
2023-07-07 14:02:49.858 worker_log:584 7382 MainThread [INFO]  Received executor task 3679
2023-07-07 14:03:20.384 worker_log:602 7382 MainThread [INFO]  Completed executor task 3679
2023-07-07 14:03:20.385 worker_log:613 7382 MainThread [INFO]  All processing finished for executor task 3679
2023-07-07 14:03:20.396 worker_log:584 7382 MainThread [INFO]  Received executor task 3696
2023-07-07 14:03:49.140 worker_log:602 7382 MainThread [INFO]  Completed executor task 3696
2023-07-07 14:03:49.141 worker_log:613 7382 MainThread [INFO]  All processing finished for executor task 3696
2023-07-07 14:03:49.152 worker_log:584 7382 MainThread [INFO]  Received executor task 3708
2023-07-07 14:04:13.840 worker_log:602 7382 MainThread [INFO]  Completed executor task 3708
2023-07-07 14:04:13.862 worker_log:613 7382 MainThread [INFO]  All processing finished for executor task 3708
2023-07-07 14:04:13.863 worker_log:584 7382 MainThread [INFO]  Received executor task 3721
2023-07-07 14:04:40.794 worker_log:602 7382 MainThread [INFO]  Completed executor task 3721
2023-07-07 14:04:40.795 worker_log:613 7382 MainThread [INFO]  All processing finished for executor task 3721
2023-07-07 14:04:40.806 worker_log:584 7382 MainThread [INFO]  Received executor task 3730
2023-07-07 14:05:04.456 worker_log:602 7382 MainThread [INFO]  Completed executor task 3730
2023-07-07 14:05:04.456 worker_log:613 7382 MainThread [INFO]  All processing finished for executor task 3730
2023-07-07 14:05:04.467 worker_log:584 7382 MainThread [INFO]  Received executor task 3742
2023-07-07 14:05:35.299 worker_log:602 7382 MainThread [INFO]  Completed executor task 3742
2023-07-07 14:05:35.300 worker_log:613 7382 MainThread [INFO]  All processing finished for executor task 3742
2023-07-07 14:05:35.311 worker_log:584 7382 MainThread [INFO]  Received executor task 3758
2023-07-07 14:06:03.006 worker_log:602 7382 MainThread [INFO]  Completed executor task 3758
2023-07-07 14:06:03.017 worker_log:613 7382 MainThread [INFO]  All processing finished for executor task 3758
2023-07-07 14:06:03.018 worker_log:584 7382 MainThread [INFO]  Received executor task 3772
2023-07-07 14:06:38.612 worker_log:602 7382 MainThread [INFO]  Completed executor task 3772
2023-07-07 14:06:38.613 worker_log:613 7382 MainThread [INFO]  All processing finished for executor task 3772
2023-07-07 14:06:38.624 worker_log:584 7382 MainThread [INFO]  Received executor task 3787
2023-07-07 14:08:24.037 worker_log:602 7382 MainThread [INFO]  Completed executor task 3787
2023-07-07 14:08:24.037 worker_log:613 7382 MainThread [INFO]  All processing finished for executor task 3787
2023-07-07 14:08:24.048 worker_log:584 7382 MainThread [INFO]  Received executor task 3837
2023-07-07 14:09:01.306 worker_log:602 7382 MainThread [INFO]  Completed executor task 3837
2023-07-07 14:09:01.307 worker_log:613 7382 MainThread [INFO]  All processing finished for executor task 3837
2023-07-07 14:09:01.319 worker_log:584 7382 MainThread [INFO]  Received executor task 3851
2023-07-07 14:09:36.703 worker_log:602 7382 MainThread [INFO]  Completed executor task 3851
2023-07-07 14:09:36.703 worker_log:613 7382 MainThread [INFO]  All processing finished for executor task 3851
2023-07-07 14:09:36.714 worker_log:584 7382 MainThread [INFO]  Received executor task 3870
2023-07-07 14:09:43.374 worker_log:602 7382 MainThread [INFO]  Completed executor task 3870
2023-07-07 14:09:43.375 worker_log:613 7382 MainThread [INFO]  All processing finished for executor task 3870
2023-07-07 14:09:43.386 worker_log:584 7382 MainThread [INFO]  Received executor task 3878
2023-07-07 14:09:55.982 worker_log:602 7382 MainThread [INFO]  Completed executor task 3878
2023-07-07 14:09:55.983 worker_log:613 7382 MainThread [INFO]  All processing finished for executor task 3878
2023-07-07 14:09:55.996 worker_log:584 7382 MainThread [INFO]  Received executor task 3888
2023-07-07 14:10:22.884 worker_log:602 7382 MainThread [INFO]  Completed executor task 3888
2023-07-07 14:10:22.885 worker_log:613 7382 MainThread [INFO]  All processing finished for executor task 3888
2023-07-07 14:10:22.897 worker_log:584 7382 MainThread [INFO]  Received executor task 3907
2023-07-07 14:10:38.620 worker_log:602 7382 MainThread [INFO]  Completed executor task 3907
2023-07-07 14:10:38.621 worker_log:613 7382 MainThread [INFO]  All processing finished for executor task 3907
2023-07-07 14:10:38.633 worker_log:584 7382 MainThread [INFO]  Received executor task 3917
2023-07-07 14:11:27.598 worker_log:602 7382 MainThread [INFO]  Completed executor task 3917
2023-07-07 14:11:27.598 worker_log:613 7382 MainThread [INFO]  All processing finished for executor task 3917
2023-07-07 14:11:27.609 worker_log:584 7382 MainThread [INFO]  Received executor task 3934
2023-07-07 14:12:16.750 worker_log:602 7382 MainThread [INFO]  Completed executor task 3934
2023-07-07 14:12:16.751 worker_log:613 7382 MainThread [INFO]  All processing finished for executor task 3934
2023-07-07 14:12:16.762 worker_log:584 7382 MainThread [INFO]  Received executor task 3955
2023-07-07 14:12:31.736 worker_log:602 7382 MainThread [INFO]  Completed executor task 3955
2023-07-07 14:12:31.737 worker_log:613 7382 MainThread [INFO]  All processing finished for executor task 3955
2023-07-07 14:12:31.748 worker_log:584 7382 MainThread [INFO]  Received executor task 3963
2023-07-07 14:13:11.228 worker_log:602 7382 MainThread [INFO]  Completed executor task 3963
2023-07-07 14:13:11.229 worker_log:613 7382 MainThread [INFO]  All processing finished for executor task 3963
2023-07-07 14:13:11.240 worker_log:584 7382 MainThread [INFO]  Received executor task 3983
2023-07-07 14:13:54.350 worker_log:602 7382 MainThread [INFO]  Completed executor task 3983
2023-07-07 14:13:54.351 worker_log:613 7382 MainThread [INFO]  All processing finished for executor task 3983
2023-07-07 14:13:54.362 worker_log:584 7382 MainThread [INFO]  Received executor task 4004
2023-07-07 14:14:12.434 worker_log:602 7382 MainThread [INFO]  Completed executor task 4004
2023-07-07 14:14:12.435 worker_log:613 7382 MainThread [INFO]  All processing finished for executor task 4004
2023-07-07 14:14:12.447 worker_log:584 7382 MainThread [INFO]  Received executor task 4015
2023-07-07 14:14:59.239 worker_log:602 7382 MainThread [INFO]  Completed executor task 4015
2023-07-07 14:14:59.239 worker_log:613 7382 MainThread [INFO]  All processing finished for executor task 4015
2023-07-07 14:14:59.251 worker_log:584 7382 MainThread [INFO]  Received executor task 4038
2023-07-07 14:15:16.738 worker_log:602 7382 MainThread [INFO]  Completed executor task 4038
2023-07-07 14:15:16.738 worker_log:613 7382 MainThread [INFO]  All processing finished for executor task 4038
2023-07-07 14:15:16.739 worker_log:584 7382 MainThread [INFO]  Received executor task 4040
2023-07-07 14:15:37.978 worker_log:602 7382 MainThread [INFO]  Completed executor task 4040
2023-07-07 14:15:37.979 worker_log:613 7382 MainThread [INFO]  All processing finished for executor task 4040
2023-07-07 14:15:37.988 worker_log:584 7382 MainThread [INFO]  Received executor task 4054
2023-07-07 14:15:53.155 worker_log:602 7382 MainThread [INFO]  Completed executor task 4054
2023-07-07 14:15:53.155 worker_log:613 7382 MainThread [INFO]  All processing finished for executor task 4054
2023-07-07 14:15:53.170 worker_log:584 7382 MainThread [INFO]  Received executor task 4058
2023-07-07 14:16:10.273 worker_log:602 7382 MainThread [INFO]  Completed executor task 4058
2023-07-07 14:16:10.274 worker_log:613 7382 MainThread [INFO]  All processing finished for executor task 4058
2023-07-07 14:16:10.285 worker_log:584 7382 MainThread [INFO]  Received executor task 4069
2023-07-07 14:16:35.007 worker_log:602 7382 MainThread [INFO]  Completed executor task 4069
2023-07-07 14:16:35.008 worker_log:613 7382 MainThread [INFO]  All processing finished for executor task 4069
2023-07-07 14:16:35.018 worker_log:584 7382 MainThread [INFO]  Received executor task 4083
2023-07-07 14:17:26.811 worker_log:602 7382 MainThread [INFO]  Completed executor task 4083
2023-07-07 14:17:26.812 worker_log:613 7382 MainThread [INFO]  All processing finished for executor task 4083
2023-07-07 14:17:26.823 worker_log:584 7382 MainThread [INFO]  Received executor task 4100
2023-07-07 14:17:59.441 worker_log:602 7382 MainThread [INFO]  Completed executor task 4100
2023-07-07 14:17:59.442 worker_log:613 7382 MainThread [INFO]  All processing finished for executor task 4100
2023-07-07 14:17:59.457 worker_log:584 7382 MainThread [INFO]  Received executor task 4116
2023-07-07 14:18:38.997 worker_log:602 7382 MainThread [INFO]  Completed executor task 4116
2023-07-07 14:18:38.997 worker_log:613 7382 MainThread [INFO]  All processing finished for executor task 4116
2023-07-07 14:18:39.008 worker_log:584 7382 MainThread [INFO]  Received executor task 4135
2023-07-07 14:19:09.684 worker_log:602 7382 MainThread [INFO]  Completed executor task 4135
2023-07-07 14:19:09.684 worker_log:613 7382 MainThread [INFO]  All processing finished for executor task 4135
2023-07-07 14:19:09.695 worker_log:584 7382 MainThread [INFO]  Received executor task 4145
2023-07-07 14:19:33.907 worker_log:602 7382 MainThread [INFO]  Completed executor task 4145
2023-07-07 14:19:33.907 worker_log:613 7382 MainThread [INFO]  All processing finished for executor task 4145
2023-07-07 14:19:33.918 worker_log:584 7382 MainThread [INFO]  Received executor task 4159
2023-07-07 14:19:52.052 worker_log:602 7382 MainThread [INFO]  Completed executor task 4159
2023-07-07 14:19:52.053 worker_log:613 7382 MainThread [INFO]  All processing finished for executor task 4159
2023-07-07 14:19:52.065 worker_log:584 7382 MainThread [INFO]  Received executor task 4173
2023-07-07 14:20:18.358 worker_log:602 7382 MainThread [INFO]  Completed executor task 4173
2023-07-07 14:20:18.358 worker_log:613 7382 MainThread [INFO]  All processing finished for executor task 4173
2023-07-07 14:20:18.369 worker_log:584 7382 MainThread [INFO]  Received executor task 4182
2023-07-07 14:21:07.469 worker_log:602 7382 MainThread [INFO]  Completed executor task 4182
2023-07-07 14:21:07.469 worker_log:613 7382 MainThread [INFO]  All processing finished for executor task 4182
2023-07-07 14:21:07.480 worker_log:584 7382 MainThread [INFO]  Received executor task 4200
2023-07-07 14:21:33.011 worker_log:602 7382 MainThread [INFO]  Completed executor task 4200
2023-07-07 14:21:33.011 worker_log:613 7382 MainThread [INFO]  All processing finished for executor task 4200
2023-07-07 14:21:33.022 worker_log:584 7382 MainThread [INFO]  Received executor task 4211
2023-07-07 14:22:24.939 worker_log:602 7382 MainThread [INFO]  Completed executor task 4211
2023-07-07 14:22:24.940 worker_log:613 7382 MainThread [INFO]  All processing finished for executor task 4211
2023-07-07 14:22:24.951 worker_log:584 7382 MainThread [INFO]  Received executor task 4236
2023-07-07 14:22:45.782 worker_log:602 7382 MainThread [INFO]  Completed executor task 4236
2023-07-07 14:22:45.783 worker_log:613 7382 MainThread [INFO]  All processing finished for executor task 4236
2023-07-07 14:22:45.794 worker_log:584 7382 MainThread [INFO]  Received executor task 4250
2023-07-07 14:23:36.443 worker_log:602 7382 MainThread [INFO]  Completed executor task 4250
2023-07-07 14:23:36.444 worker_log:613 7382 MainThread [INFO]  All processing finished for executor task 4250
2023-07-07 14:23:36.455 worker_log:584 7382 MainThread [INFO]  Received executor task 4274
2023-07-07 14:24:11.628 worker_log:602 7382 MainThread [INFO]  Completed executor task 4274
2023-07-07 14:24:11.628 worker_log:613 7382 MainThread [INFO]  All processing finished for executor task 4274
2023-07-07 14:24:11.641 worker_log:584 7382 MainThread [INFO]  Received executor task 4294
2023-07-07 14:24:52.825 worker_log:602 7382 MainThread [INFO]  Completed executor task 4294
2023-07-07 14:24:52.825 worker_log:613 7382 MainThread [INFO]  All processing finished for executor task 4294
2023-07-07 14:24:52.837 worker_log:584 7382 MainThread [INFO]  Received executor task 4317
2023-07-07 14:25:45.494 worker_log:602 7382 MainThread [INFO]  Completed executor task 4317
2023-07-07 14:25:45.494 worker_log:613 7382 MainThread [INFO]  All processing finished for executor task 4317
2023-07-07 14:25:45.505 worker_log:584 7382 MainThread [INFO]  Received executor task 4341
2023-07-07 14:26:02.267 worker_log:602 7382 MainThread [INFO]  Completed executor task 4341
2023-07-07 14:26:02.267 worker_log:613 7382 MainThread [INFO]  All processing finished for executor task 4341
2023-07-07 14:26:02.278 worker_log:584 7382 MainThread [INFO]  Received executor task 4347
2023-07-07 14:26:23.481 worker_log:602 7382 MainThread [INFO]  Completed executor task 4347
2023-07-07 14:26:23.481 worker_log:613 7382 MainThread [INFO]  All processing finished for executor task 4347
2023-07-07 14:26:23.493 worker_log:584 7382 MainThread [INFO]  Received executor task 4362
2023-07-07 14:26:39.454 worker_log:602 7382 MainThread [INFO]  Completed executor task 4362
2023-07-07 14:26:39.467 worker_log:613 7382 MainThread [INFO]  All processing finished for executor task 4362
2023-07-07 14:26:39.467 worker_log:584 7382 MainThread [INFO]  Received executor task 4374
2023-07-07 14:27:10.436 worker_log:602 7382 MainThread [INFO]  Completed executor task 4374
2023-07-07 14:27:10.436 worker_log:613 7382 MainThread [INFO]  All processing finished for executor task 4374
2023-07-07 14:27:10.448 worker_log:584 7382 MainThread [INFO]  Received executor task 4391
2023-07-07 14:27:46.797 worker_log:602 7382 MainThread [INFO]  Completed executor task 4391
2023-07-07 14:27:46.798 worker_log:613 7382 MainThread [INFO]  All processing finished for executor task 4391
2023-07-07 14:27:46.809 worker_log:584 7382 MainThread [INFO]  Received executor task 4412
2023-07-07 14:28:23.583 worker_log:602 7382 MainThread [INFO]  Completed executor task 4412
2023-07-07 14:28:23.584 worker_log:613 7382 MainThread [INFO]  All processing finished for executor task 4412
2023-07-07 14:28:23.596 worker_log:584 7382 MainThread [INFO]  Received executor task 4432
2023-07-07 14:28:38.823 worker_log:602 7382 MainThread [INFO]  Completed executor task 4432
2023-07-07 14:28:38.824 worker_log:613 7382 MainThread [INFO]  All processing finished for executor task 4432
2023-07-07 14:28:38.835 worker_log:584 7382 MainThread [INFO]  Received executor task 4444
2023-07-07 14:29:02.906 worker_log:602 7382 MainThread [INFO]  Completed executor task 4444
2023-07-07 14:29:02.906 worker_log:613 7382 MainThread [INFO]  All processing finished for executor task 4444
2023-07-07 14:29:02.920 worker_log:584 7382 MainThread [INFO]  Received executor task 4454
2023-07-07 14:29:47.557 worker_log:602 7382 MainThread [INFO]  Completed executor task 4454
2023-07-07 14:29:47.558 worker_log:613 7382 MainThread [INFO]  All processing finished for executor task 4454
2023-07-07 14:29:47.570 worker_log:584 7382 MainThread [INFO]  Received executor task 4470
2023-07-07 14:30:03.537 worker_log:602 7382 MainThread [INFO]  Completed executor task 4470
2023-07-07 14:30:03.538 worker_log:613 7382 MainThread [INFO]  All processing finished for executor task 4470
2023-07-07 14:30:03.549 worker_log:584 7382 MainThread [INFO]  Received executor task 4476
2023-07-07 14:30:21.508 worker_log:602 7382 MainThread [INFO]  Completed executor task 4476
2023-07-07 14:30:21.508 worker_log:613 7382 MainThread [INFO]  All processing finished for executor task 4476
2023-07-07 14:30:21.519 worker_log:584 7382 MainThread [INFO]  Received executor task 4487
2023-07-07 14:30:42.439 worker_log:602 7382 MainThread [INFO]  Completed executor task 4487
2023-07-07 14:30:42.440 worker_log:613 7382 MainThread [INFO]  All processing finished for executor task 4487
2023-07-07 14:30:42.451 worker_log:584 7382 MainThread [INFO]  Received executor task 4498
2023-07-07 14:31:12.021 worker_log:602 7382 MainThread [INFO]  Completed executor task 4498
2023-07-07 14:31:12.021 worker_log:613 7382 MainThread [INFO]  All processing finished for executor task 4498
2023-07-07 14:31:12.032 worker_log:584 7382 MainThread [INFO]  Received executor task 4512
2023-07-07 14:31:42.001 worker_log:602 7382 MainThread [INFO]  Completed executor task 4512
2023-07-07 14:31:42.002 worker_log:613 7382 MainThread [INFO]  All processing finished for executor task 4512
2023-07-07 14:31:42.013 worker_log:584 7382 MainThread [INFO]  Received executor task 4526
2023-07-07 14:31:58.124 worker_log:602 7382 MainThread [INFO]  Completed executor task 4526
2023-07-07 14:31:58.124 worker_log:613 7382 MainThread [INFO]  All processing finished for executor task 4526
2023-07-07 14:31:58.135 worker_log:584 7382 MainThread [INFO]  Received executor task 4536
2023-07-07 14:32:11.647 worker_log:602 7382 MainThread [INFO]  Completed executor task 4536
2023-07-07 14:32:11.647 worker_log:613 7382 MainThread [INFO]  All processing finished for executor task 4536
2023-07-07 14:32:11.658 worker_log:584 7382 MainThread [INFO]  Received executor task 4542
2023-07-07 14:32:44.146 worker_log:602 7382 MainThread [INFO]  Completed executor task 4542
2023-07-07 14:32:44.146 worker_log:613 7382 MainThread [INFO]  All processing finished for executor task 4542
2023-07-07 14:32:44.158 worker_log:584 7382 MainThread [INFO]  Received executor task 4562
2023-07-07 14:33:30.288 worker_log:602 7382 MainThread [INFO]  Completed executor task 4562
2023-07-07 14:33:30.289 worker_log:613 7382 MainThread [INFO]  All processing finished for executor task 4562
2023-07-07 14:33:30.300 worker_log:584 7382 MainThread [INFO]  Received executor task 4584
2023-07-07 14:33:38.803 worker_log:602 7382 MainThread [INFO]  Completed executor task 4584
2023-07-07 14:33:38.803 worker_log:613 7382 MainThread [INFO]  All processing finished for executor task 4584
2023-07-07 14:33:38.814 worker_log:584 7382 MainThread [INFO]  Received executor task 4589
2023-07-07 14:34:24.997 worker_log:602 7382 MainThread [INFO]  Completed executor task 4589
2023-07-07 14:34:24.997 worker_log:613 7382 MainThread [INFO]  All processing finished for executor task 4589
2023-07-07 14:34:25.008 worker_log:584 7382 MainThread [INFO]  Received executor task 4613
2023-07-07 14:35:14.479 worker_log:602 7382 MainThread [INFO]  Completed executor task 4613
2023-07-07 14:35:14.480 worker_log:613 7382 MainThread [INFO]  All processing finished for executor task 4613
2023-07-07 14:35:14.491 worker_log:584 7382 MainThread [INFO]  Received executor task 4636
2023-07-07 14:35:27.490 worker_log:602 7382 MainThread [INFO]  Completed executor task 4636
2023-07-07 14:35:27.491 worker_log:613 7382 MainThread [INFO]  All processing finished for executor task 4636
2023-07-07 14:35:27.502 worker_log:584 7382 MainThread [INFO]  Received executor task 4644
2023-07-07 14:35:47.710 worker_log:602 7382 MainThread [INFO]  Completed executor task 4644
2023-07-07 14:35:47.714 worker_log:613 7382 MainThread [INFO]  All processing finished for executor task 4644
2023-07-07 14:35:47.714 worker_log:584 7382 MainThread [INFO]  Received executor task 4660
2023-07-07 14:36:09.287 worker_log:602 7382 MainThread [INFO]  Completed executor task 4660
2023-07-07 14:36:09.288 worker_log:613 7382 MainThread [INFO]  All processing finished for executor task 4660
2023-07-07 14:36:09.299 worker_log:584 7382 MainThread [INFO]  Received executor task 4668
2023-07-07 14:36:31.063 worker_log:602 7382 MainThread [INFO]  Completed executor task 4668
2023-07-07 14:36:31.063 worker_log:613 7382 MainThread [INFO]  All processing finished for executor task 4668
2023-07-07 14:36:31.075 worker_log:584 7382 MainThread [INFO]  Received executor task 4676
2023-07-07 14:36:54.104 worker_log:602 7382 MainThread [INFO]  Completed executor task 4676
2023-07-07 14:36:54.104 worker_log:613 7382 MainThread [INFO]  All processing finished for executor task 4676
2023-07-07 14:36:54.115 worker_log:584 7382 MainThread [INFO]  Received executor task 4685
2023-07-07 14:37:38.342 worker_log:602 7382 MainThread [INFO]  Completed executor task 4685
2023-07-07 14:37:38.342 worker_log:613 7382 MainThread [INFO]  All processing finished for executor task 4685
2023-07-07 14:37:38.354 worker_log:584 7382 MainThread [INFO]  Received executor task 4705
2023-07-07 14:38:19.825 worker_log:602 7382 MainThread [INFO]  Completed executor task 4705
2023-07-07 14:38:19.826 worker_log:613 7382 MainThread [INFO]  All processing finished for executor task 4705
2023-07-07 14:38:19.837 worker_log:584 7382 MainThread [INFO]  Received executor task 4724
2023-07-07 14:39:07.107 worker_log:602 7382 MainThread [INFO]  Completed executor task 4724
2023-07-07 14:39:07.120 worker_log:613 7382 MainThread [INFO]  All processing finished for executor task 4724
2023-07-07 14:39:07.120 worker_log:584 7382 MainThread [INFO]  Received executor task 4743
2023-07-07 14:39:32.928 worker_log:602 7382 MainThread [INFO]  Completed executor task 4743
2023-07-07 14:39:32.929 worker_log:613 7382 MainThread [INFO]  All processing finished for executor task 4743
2023-07-07 14:39:32.940 worker_log:584 7382 MainThread [INFO]  Received executor task 4756
2023-07-07 14:40:11.997 worker_log:602 7382 MainThread [INFO]  Completed executor task 4756
2023-07-07 14:40:11.997 worker_log:613 7382 MainThread [INFO]  All processing finished for executor task 4756
2023-07-07 14:40:12.008 worker_log:584 7382 MainThread [INFO]  Received executor task 4774
2023-07-07 14:40:52.518 worker_log:602 7382 MainThread [INFO]  Completed executor task 4774
2023-07-07 14:40:52.518 worker_log:613 7382 MainThread [INFO]  All processing finished for executor task 4774
2023-07-07 14:40:52.530 worker_log:584 7382 MainThread [INFO]  Received executor task 4795
2023-07-07 14:41:20.909 worker_log:602 7382 MainThread [INFO]  Completed executor task 4795
2023-07-07 14:41:20.909 worker_log:613 7382 MainThread [INFO]  All processing finished for executor task 4795
2023-07-07 14:41:20.920 worker_log:584 7382 MainThread [INFO]  Received executor task 4810
2023-07-07 14:42:03.709 worker_log:602 7382 MainThread [INFO]  Completed executor task 4810
2023-07-07 14:42:03.710 worker_log:613 7382 MainThread [INFO]  All processing finished for executor task 4810
2023-07-07 14:42:03.721 worker_log:584 7382 MainThread [INFO]  Received executor task 4828
2023-07-07 14:42:42.992 worker_log:602 7382 MainThread [INFO]  Completed executor task 4828
2023-07-07 14:42:42.993 worker_log:613 7382 MainThread [INFO]  All processing finished for executor task 4828
2023-07-07 14:42:43.004 worker_log:584 7382 MainThread [INFO]  Received executor task 4848
2023-07-07 14:43:10.512 worker_log:602 7382 MainThread [INFO]  Completed executor task 4848
2023-07-07 14:43:10.512 worker_log:613 7382 MainThread [INFO]  All processing finished for executor task 4848
2023-07-07 14:43:10.524 worker_log:584 7382 MainThread [INFO]  Received executor task 4860
2023-07-07 14:43:37.066 worker_log:602 7382 MainThread [INFO]  Completed executor task 4860
2023-07-07 14:43:37.066 worker_log:613 7382 MainThread [INFO]  All processing finished for executor task 4860
2023-07-07 14:43:37.079 worker_log:584 7382 MainThread [INFO]  Received executor task 4876
2023-07-07 14:44:04.537 worker_log:602 7382 MainThread [INFO]  Completed executor task 4876
2023-07-07 14:44:04.537 worker_log:613 7382 MainThread [INFO]  All processing finished for executor task 4876
2023-07-07 14:44:04.548 worker_log:584 7382 MainThread [INFO]  Received executor task 4888
2023-07-07 14:45:18.198 worker_log:602 7382 MainThread [INFO]  Completed executor task 4888
2023-07-07 14:45:18.198 worker_log:613 7382 MainThread [INFO]  All processing finished for executor task 4888
2023-07-07 14:45:18.209 worker_log:584 7382 MainThread [INFO]  Received executor task 4921
2023-07-07 14:45:47.831 worker_log:602 7382 MainThread [INFO]  Completed executor task 4921
2023-07-07 14:45:47.832 worker_log:613 7382 MainThread [INFO]  All processing finished for executor task 4921
2023-07-07 14:45:47.843 worker_log:584 7382 MainThread [INFO]  Received executor task 4938
2023-07-07 14:46:18.360 worker_log:602 7382 MainThread [INFO]  Completed executor task 4938
2023-07-07 14:46:18.371 worker_log:613 7382 MainThread [INFO]  All processing finished for executor task 4938
2023-07-07 14:46:18.372 worker_log:584 7382 MainThread [INFO]  Received executor task 4949
2023-07-07 14:46:40.208 worker_log:602 7382 MainThread [INFO]  Completed executor task 4949
2023-07-07 14:46:40.208 worker_log:613 7382 MainThread [INFO]  All processing finished for executor task 4949
2023-07-07 14:46:40.219 worker_log:584 7382 MainThread [INFO]  Received executor task 4962
2023-07-07 14:46:50.748 worker_log:602 7382 MainThread [INFO]  Completed executor task 4962
2023-07-07 14:46:50.748 worker_log:613 7382 MainThread [INFO]  All processing finished for executor task 4962
2023-07-07 14:46:50.760 worker_log:584 7382 MainThread [INFO]  Received executor task 4968
2023-07-07 14:47:03.412 worker_log:602 7382 MainThread [INFO]  Completed executor task 4968
2023-07-07 14:47:03.413 worker_log:613 7382 MainThread [INFO]  All processing finished for executor task 4968
2023-07-07 14:47:03.424 worker_log:584 7382 MainThread [INFO]  Received executor task 4973
2023-07-07 14:47:30.786 worker_log:602 7382 MainThread [INFO]  Completed executor task 4973
2023-07-07 14:47:30.796 worker_log:613 7382 MainThread [INFO]  All processing finished for executor task 4973
2023-07-07 14:47:30.798 worker_log:584 7382 MainThread [INFO]  Received executor task 4987
2023-07-07 14:48:33.733 worker_log:602 7382 MainThread [INFO]  Completed executor task 4987
2023-07-07 14:48:33.733 worker_log:613 7382 MainThread [INFO]  All processing finished for executor task 4987
2023-07-07 14:48:33.744 worker_log:584 7382 MainThread [INFO]  Received executor task 5021
2023-07-07 14:48:51.717 worker_log:602 7382 MainThread [INFO]  Completed executor task 5021
2023-07-07 14:48:51.718 worker_log:613 7382 MainThread [INFO]  All processing finished for executor task 5021
2023-07-07 14:48:51.729 worker_log:584 7382 MainThread [INFO]  Received executor task 5030
2023-07-07 14:49:36.843 worker_log:602 7382 MainThread [INFO]  Completed executor task 5030
2023-07-07 14:49:36.844 worker_log:613 7382 MainThread [INFO]  All processing finished for executor task 5030
2023-07-07 14:49:36.855 worker_log:584 7382 MainThread [INFO]  Received executor task 5049
2023-07-07 14:50:26.744 worker_log:602 7382 MainThread [INFO]  Completed executor task 5049
2023-07-07 14:50:26.745 worker_log:613 7382 MainThread [INFO]  All processing finished for executor task 5049
2023-07-07 14:50:26.757 worker_log:584 7382 MainThread [INFO]  Received executor task 5076
2023-07-07 14:50:50.157 worker_log:602 7382 MainThread [INFO]  Completed executor task 5076
2023-07-07 14:50:50.157 worker_log:613 7382 MainThread [INFO]  All processing finished for executor task 5076
2023-07-07 14:50:50.168 worker_log:584 7382 MainThread [INFO]  Received executor task 5086
2023-07-07 14:51:15.244 worker_log:602 7382 MainThread [INFO]  Completed executor task 5086
2023-07-07 14:51:15.244 worker_log:613 7382 MainThread [INFO]  All processing finished for executor task 5086
2023-07-07 14:51:15.256 worker_log:584 7382 MainThread [INFO]  Received executor task 5098
2023-07-07 14:51:59.871 worker_log:602 7382 MainThread [INFO]  Completed executor task 5098
2023-07-07 14:51:59.872 worker_log:613 7382 MainThread [INFO]  All processing finished for executor task 5098
2023-07-07 14:51:59.883 worker_log:584 7382 MainThread [INFO]  Received executor task 5120
2023-07-07 14:52:14.380 worker_log:602 7382 MainThread [INFO]  Completed executor task 5120
2023-07-07 14:52:14.381 worker_log:613 7382 MainThread [INFO]  All processing finished for executor task 5120
2023-07-07 14:52:14.392 worker_log:584 7382 MainThread [INFO]  Received executor task 5123
2023-07-07 14:53:01.588 worker_log:602 7382 MainThread [INFO]  Completed executor task 5123
2023-07-07 14:53:01.588 worker_log:613 7382 MainThread [INFO]  All processing finished for executor task 5123
2023-07-07 14:53:01.599 worker_log:584 7382 MainThread [INFO]  Received executor task 5142
2023-07-07 14:53:34.998 worker_log:602 7382 MainThread [INFO]  Completed executor task 5142
2023-07-07 14:53:34.998 worker_log:613 7382 MainThread [INFO]  All processing finished for executor task 5142
2023-07-07 14:53:35.009 worker_log:584 7382 MainThread [INFO]  Received executor task 5162
2023-07-07 14:54:00.612 worker_log:602 7382 MainThread [INFO]  Completed executor task 5162
2023-07-07 14:54:00.612 worker_log:613 7382 MainThread [INFO]  All processing finished for executor task 5162
2023-07-07 14:54:00.624 worker_log:584 7382 MainThread [INFO]  Received executor task 5177
2023-07-07 14:54:18.381 worker_log:602 7382 MainThread [INFO]  Completed executor task 5177
2023-07-07 14:54:18.382 worker_log:613 7382 MainThread [INFO]  All processing finished for executor task 5177
2023-07-07 14:54:18.393 worker_log:584 7382 MainThread [INFO]  Received executor task 5184
2023-07-07 14:54:36.942 worker_log:602 7382 MainThread [INFO]  Completed executor task 5184
2023-07-07 14:54:36.949 worker_log:613 7382 MainThread [INFO]  All processing finished for executor task 5184
2023-07-07 14:54:36.953 worker_log:584 7382 MainThread [INFO]  Received executor task 5198
2023-07-07 14:54:52.621 worker_log:602 7382 MainThread [INFO]  Completed executor task 5198
2023-07-07 14:54:52.622 worker_log:613 7382 MainThread [INFO]  All processing finished for executor task 5198
2023-07-07 14:54:52.633 worker_log:584 7382 MainThread [INFO]  Received executor task 5206
2023-07-07 14:55:25.420 worker_log:602 7382 MainThread [INFO]  Completed executor task 5206
2023-07-07 14:55:25.421 worker_log:613 7382 MainThread [INFO]  All processing finished for executor task 5206
2023-07-07 14:55:25.432 worker_log:584 7382 MainThread [INFO]  Received executor task 5227
2023-07-07 14:55:48.018 worker_log:602 7382 MainThread [INFO]  Completed executor task 5227
2023-07-07 14:55:48.018 worker_log:613 7382 MainThread [INFO]  All processing finished for executor task 5227
2023-07-07 14:55:48.030 worker_log:584 7382 MainThread [INFO]  Received executor task 5238
2023-07-07 14:56:30.314 worker_log:602 7382 MainThread [INFO]  Completed executor task 5238
2023-07-07 14:56:30.315 worker_log:613 7382 MainThread [INFO]  All processing finished for executor task 5238
2023-07-07 14:56:30.326 worker_log:584 7382 MainThread [INFO]  Received executor task 5258
2023-07-07 14:57:07.465 worker_log:602 7382 MainThread [INFO]  Completed executor task 5258
2023-07-07 14:57:07.466 worker_log:613 7382 MainThread [INFO]  All processing finished for executor task 5258
2023-07-07 14:57:07.477 worker_log:584 7382 MainThread [INFO]  Received executor task 5273
2023-07-07 14:58:12.819 worker_log:602 7382 MainThread [INFO]  Completed executor task 5273
2023-07-07 14:58:12.820 worker_log:613 7382 MainThread [INFO]  All processing finished for executor task 5273
2023-07-07 14:58:12.831 worker_log:584 7382 MainThread [INFO]  Received executor task 5291
2023-07-07 14:58:32.098 worker_log:602 7382 MainThread [INFO]  Completed executor task 5291
2023-07-07 14:58:32.108 worker_log:613 7382 MainThread [INFO]  All processing finished for executor task 5291
2023-07-07 14:58:32.110 worker_log:584 7382 MainThread [INFO]  Received executor task 5302
2023-07-07 14:58:50.028 worker_log:602 7382 MainThread [INFO]  Completed executor task 5302
2023-07-07 14:58:50.028 worker_log:613 7382 MainThread [INFO]  All processing finished for executor task 5302
2023-07-07 14:58:50.039 worker_log:584 7382 MainThread [INFO]  Received executor task 5310
2023-07-07 14:59:44.862 worker_log:602 7382 MainThread [INFO]  Completed executor task 5310
2023-07-07 14:59:44.873 worker_log:613 7382 MainThread [INFO]  All processing finished for executor task 5310
2023-07-07 14:59:44.885 worker_log:584 7382 MainThread [INFO]  Received executor task 5334
2023-07-07 15:00:21.905 worker_log:602 7382 MainThread [INFO]  Completed executor task 5334
2023-07-07 15:00:21.918 worker_log:613 7382 MainThread [INFO]  All processing finished for executor task 5334
2023-07-07 15:00:21.918 worker_log:584 7382 MainThread [INFO]  Received executor task 5351
2023-07-07 15:01:33.668 worker_log:602 7382 MainThread [INFO]  Completed executor task 5351
2023-07-07 15:01:33.669 worker_log:613 7382 MainThread [INFO]  All processing finished for executor task 5351
2023-07-07 15:01:33.680 worker_log:584 7382 MainThread [INFO]  Received executor task 5385
2023-07-07 15:01:54.448 worker_log:602 7382 MainThread [INFO]  Completed executor task 5385
2023-07-07 15:01:54.449 worker_log:613 7382 MainThread [INFO]  All processing finished for executor task 5385
2023-07-07 15:01:54.460 worker_log:584 7382 MainThread [INFO]  Received executor task 5395
2023-07-07 15:02:23.480 worker_log:602 7382 MainThread [INFO]  Completed executor task 5395
2023-07-07 15:02:23.481 worker_log:613 7382 MainThread [INFO]  All processing finished for executor task 5395
2023-07-07 15:02:23.492 worker_log:584 7382 MainThread [INFO]  Received executor task 5408
2023-07-07 15:02:43.961 worker_log:602 7382 MainThread [INFO]  Completed executor task 5408
2023-07-07 15:02:43.961 worker_log:613 7382 MainThread [INFO]  All processing finished for executor task 5408
2023-07-07 15:02:43.972 worker_log:584 7382 MainThread [INFO]  Received executor task 5418
2023-07-07 15:03:02.329 worker_log:602 7382 MainThread [INFO]  Completed executor task 5418
2023-07-07 15:03:02.329 worker_log:613 7382 MainThread [INFO]  All processing finished for executor task 5418
2023-07-07 15:03:02.341 worker_log:584 7382 MainThread [INFO]  Received executor task 5428
2023-07-07 15:03:55.553 worker_log:602 7382 MainThread [INFO]  Completed executor task 5428
2023-07-07 15:03:55.554 worker_log:613 7382 MainThread [INFO]  All processing finished for executor task 5428
2023-07-07 15:03:55.565 worker_log:584 7382 MainThread [INFO]  Received executor task 5455
2023-07-07 15:04:24.275 worker_log:602 7382 MainThread [INFO]  Completed executor task 5455
2023-07-07 15:04:24.275 worker_log:613 7382 MainThread [INFO]  All processing finished for executor task 5455
2023-07-07 15:04:24.287 worker_log:584 7382 MainThread [INFO]  Received executor task 5470
2023-07-07 15:05:07.882 worker_log:602 7382 MainThread [INFO]  Completed executor task 5470
2023-07-07 15:05:07.883 worker_log:613 7382 MainThread [INFO]  All processing finished for executor task 5470
2023-07-07 15:05:07.894 worker_log:584 7382 MainThread [INFO]  Received executor task 5491
2023-07-07 15:05:54.695 worker_log:602 7382 MainThread [INFO]  Completed executor task 5491
2023-07-07 15:05:54.695 worker_log:613 7382 MainThread [INFO]  All processing finished for executor task 5491
2023-07-07 15:05:54.706 worker_log:584 7382 MainThread [INFO]  Received executor task 5509
2023-07-07 15:06:15.441 worker_log:602 7382 MainThread [INFO]  Completed executor task 5509
2023-07-07 15:06:15.441 worker_log:613 7382 MainThread [INFO]  All processing finished for executor task 5509
2023-07-07 15:06:15.452 worker_log:584 7382 MainThread [INFO]  Received executor task 5525
2023-07-07 15:06:29.771 worker_log:602 7382 MainThread [INFO]  Completed executor task 5525
2023-07-07 15:06:29.771 worker_log:613 7382 MainThread [INFO]  All processing finished for executor task 5525
2023-07-07 15:06:29.782 worker_log:584 7382 MainThread [INFO]  Received executor task 5529
2023-07-07 15:06:54.250 worker_log:602 7382 MainThread [INFO]  Completed executor task 5529
2023-07-07 15:06:54.250 worker_log:613 7382 MainThread [INFO]  All processing finished for executor task 5529
2023-07-07 15:06:54.261 worker_log:584 7382 MainThread [INFO]  Received executor task 5541
2023-07-07 15:07:23.490 worker_log:602 7382 MainThread [INFO]  Completed executor task 5541
2023-07-07 15:07:23.491 worker_log:613 7382 MainThread [INFO]  All processing finished for executor task 5541
2023-07-07 15:07:23.512 worker_log:584 7382 MainThread [INFO]  Received executor task 5555
2023-07-07 15:07:35.974 worker_log:602 7382 MainThread [INFO]  Completed executor task 5555
2023-07-07 15:07:35.975 worker_log:613 7382 MainThread [INFO]  All processing finished for executor task 5555
2023-07-07 15:07:35.986 worker_log:584 7382 MainThread [INFO]  Received executor task 5558
2023-07-07 15:08:09.584 worker_log:602 7382 MainThread [INFO]  Completed executor task 5558
2023-07-07 15:08:09.584 worker_log:613 7382 MainThread [INFO]  All processing finished for executor task 5558
2023-07-07 15:08:09.595 worker_log:584 7382 MainThread [INFO]  Received executor task 5576
2023-07-07 15:08:48.300 worker_log:602 7382 MainThread [INFO]  Completed executor task 5576
2023-07-07 15:08:48.301 worker_log:613 7382 MainThread [INFO]  All processing finished for executor task 5576
2023-07-07 15:08:48.313 worker_log:584 7382 MainThread [INFO]  Received executor task 5590
2023-07-07 15:09:43.853 worker_log:602 7382 MainThread [INFO]  Completed executor task 5590
2023-07-07 15:09:43.853 worker_log:613 7382 MainThread [INFO]  All processing finished for executor task 5590
2023-07-07 15:09:43.864 worker_log:584 7382 MainThread [INFO]  Received executor task 5617
2023-07-07 15:10:23.246 worker_log:602 7382 MainThread [INFO]  Completed executor task 5617
2023-07-07 15:10:23.247 worker_log:613 7382 MainThread [INFO]  All processing finished for executor task 5617
2023-07-07 15:10:23.258 worker_log:584 7382 MainThread [INFO]  Received executor task 5635
2023-07-07 15:10:33.935 worker_log:602 7382 MainThread [INFO]  Completed executor task 5635
2023-07-07 15:10:33.935 worker_log:613 7382 MainThread [INFO]  All processing finished for executor task 5635
2023-07-07 15:10:33.947 worker_log:584 7382 MainThread [INFO]  Received executor task 5641
2023-07-07 15:11:08.508 worker_log:602 7382 MainThread [INFO]  Completed executor task 5641
2023-07-07 15:11:08.508 worker_log:613 7382 MainThread [INFO]  All processing finished for executor task 5641
2023-07-07 15:11:08.532 worker_log:584 7382 MainThread [INFO]  Received executor task 5658
2023-07-07 15:11:31.911 worker_log:602 7382 MainThread [INFO]  Completed executor task 5658
2023-07-07 15:11:31.911 worker_log:613 7382 MainThread [INFO]  All processing finished for executor task 5658
2023-07-07 15:11:31.923 worker_log:584 7382 MainThread [INFO]  Received executor task 5667
2023-07-07 15:11:44.722 worker_log:602 7382 MainThread [INFO]  Completed executor task 5667
2023-07-07 15:11:44.722 worker_log:613 7382 MainThread [INFO]  All processing finished for executor task 5667
2023-07-07 15:11:44.734 worker_log:584 7382 MainThread [INFO]  Received executor task 5673
2023-07-07 15:12:33.933 worker_log:602 7382 MainThread [INFO]  Completed executor task 5673
2023-07-07 15:12:33.934 worker_log:613 7382 MainThread [INFO]  All processing finished for executor task 5673
2023-07-07 15:12:33.945 worker_log:584 7382 MainThread [INFO]  Received executor task 5699
2023-07-07 15:13:00.216 worker_log:602 7382 MainThread [INFO]  Completed executor task 5699
2023-07-07 15:13:00.217 worker_log:613 7382 MainThread [INFO]  All processing finished for executor task 5699
2023-07-07 15:13:00.228 worker_log:584 7382 MainThread [INFO]  Received executor task 5711
2023-07-07 15:13:20.690 worker_log:602 7382 MainThread [INFO]  Completed executor task 5711
2023-07-07 15:13:20.690 worker_log:613 7382 MainThread [INFO]  All processing finished for executor task 5711
2023-07-07 15:13:20.701 worker_log:584 7382 MainThread [INFO]  Received executor task 5724
2023-07-07 15:13:47.883 worker_log:602 7382 MainThread [INFO]  Completed executor task 5724
2023-07-07 15:13:47.895 worker_log:613 7382 MainThread [INFO]  All processing finished for executor task 5724
2023-07-07 15:13:47.895 worker_log:584 7382 MainThread [INFO]  Received executor task 5738
2023-07-07 15:14:11.153 worker_log:602 7382 MainThread [INFO]  Completed executor task 5738
2023-07-07 15:14:11.154 worker_log:613 7382 MainThread [INFO]  All processing finished for executor task 5738
2023-07-07 15:14:11.165 worker_log:584 7382 MainThread [INFO]  Received executor task 5748
2023-07-07 15:14:51.949 worker_log:602 7382 MainThread [INFO]  Completed executor task 5748
2023-07-07 15:14:51.949 worker_log:613 7382 MainThread [INFO]  All processing finished for executor task 5748
2023-07-07 15:14:51.962 worker_log:584 7382 MainThread [INFO]  Received executor task 5764
2023-07-07 15:15:45.909 worker_log:602 7382 MainThread [INFO]  Completed executor task 5764
2023-07-07 15:15:45.910 worker_log:613 7382 MainThread [INFO]  All processing finished for executor task 5764
2023-07-07 15:15:45.921 worker_log:584 7382 MainThread [INFO]  Received executor task 5792
2023-07-07 15:16:20.444 worker_log:602 7382 MainThread [INFO]  Completed executor task 5792
2023-07-07 15:16:20.445 worker_log:613 7382 MainThread [INFO]  All processing finished for executor task 5792
2023-07-07 15:16:20.456 worker_log:584 7382 MainThread [INFO]  Received executor task 5807
2023-07-07 15:16:42.269 worker_log:602 7382 MainThread [INFO]  Completed executor task 5807
2023-07-07 15:16:42.269 worker_log:613 7382 MainThread [INFO]  All processing finished for executor task 5807
2023-07-07 15:16:42.280 worker_log:584 7382 MainThread [INFO]  Received executor task 5819
2023-07-07 15:17:02.118 worker_log:602 7382 MainThread [INFO]  Completed executor task 5819
2023-07-07 15:17:02.118 worker_log:613 7382 MainThread [INFO]  All processing finished for executor task 5819
2023-07-07 15:17:02.130 worker_log:584 7382 MainThread [INFO]  Received executor task 5836
2023-07-07 15:17:14.479 worker_log:602 7382 MainThread [INFO]  Completed executor task 5836
2023-07-07 15:17:14.479 worker_log:613 7382 MainThread [INFO]  All processing finished for executor task 5836
2023-07-07 15:17:14.490 worker_log:584 7382 MainThread [INFO]  Received executor task 5842
2023-07-07 15:17:26.869 worker_log:602 7382 MainThread [INFO]  Completed executor task 5842
2023-07-07 15:17:26.869 worker_log:613 7382 MainThread [INFO]  All processing finished for executor task 5842
2023-07-07 15:17:26.881 worker_log:584 7382 MainThread [INFO]  Received executor task 5846
2023-07-07 15:18:04.820 worker_log:602 7382 MainThread [INFO]  Completed executor task 5846
2023-07-07 15:18:04.820 worker_log:613 7382 MainThread [INFO]  All processing finished for executor task 5846
2023-07-07 15:18:04.831 worker_log:584 7382 MainThread [INFO]  Received executor task 5874
2023-07-07 15:18:49.820 worker_log:602 7382 MainThread [INFO]  Completed executor task 5874
2023-07-07 15:18:49.820 worker_log:613 7382 MainThread [INFO]  All processing finished for executor task 5874
2023-07-07 15:18:49.831 worker_log:584 7382 MainThread [INFO]  Received executor task 5884
2023-07-07 15:19:21.393 worker_log:602 7382 MainThread [INFO]  Completed executor task 5884
2023-07-07 15:19:21.393 worker_log:613 7382 MainThread [INFO]  All processing finished for executor task 5884
2023-07-07 15:19:21.405 worker_log:584 7382 MainThread [INFO]  Received executor task 5897
2023-07-07 15:19:40.772 worker_log:602 7382 MainThread [INFO]  Completed executor task 5897
2023-07-07 15:19:40.773 worker_log:613 7382 MainThread [INFO]  All processing finished for executor task 5897
2023-07-07 15:19:40.784 worker_log:584 7382 MainThread [INFO]  Received executor task 5905
2023-07-07 15:20:06.561 worker_log:602 7382 MainThread [INFO]  Completed executor task 5905
2023-07-07 15:20:06.562 worker_log:613 7382 MainThread [INFO]  All processing finished for executor task 5905
2023-07-07 15:20:06.573 worker_log:584 7382 MainThread [INFO]  Received executor task 5923
2023-07-07 15:20:20.052 worker_log:602 7382 MainThread [INFO]  Completed executor task 5923
2023-07-07 15:20:20.052 worker_log:613 7382 MainThread [INFO]  All processing finished for executor task 5923
2023-07-07 15:20:20.063 worker_log:584 7382 MainThread [INFO]  Received executor task 5932
2023-07-07 15:20:52.142 worker_log:602 7382 MainThread [INFO]  Completed executor task 5932
2023-07-07 15:20:52.142 worker_log:613 7382 MainThread [INFO]  All processing finished for executor task 5932
2023-07-07 15:20:52.154 worker_log:584 7382 MainThread [INFO]  Received executor task 5946
2023-07-07 15:21:18.393 worker_log:602 7382 MainThread [INFO]  Completed executor task 5946
2023-07-07 15:21:18.394 worker_log:613 7382 MainThread [INFO]  All processing finished for executor task 5946
2023-07-07 15:21:18.406 worker_log:584 7382 MainThread [INFO]  Received executor task 5959
2023-07-07 15:21:43.314 worker_log:602 7382 MainThread [INFO]  Completed executor task 5959
2023-07-07 15:21:43.314 worker_log:613 7382 MainThread [INFO]  All processing finished for executor task 5959
2023-07-07 15:21:43.325 worker_log:584 7382 MainThread [INFO]  Received executor task 5969
2023-07-07 15:22:14.292 worker_log:602 7382 MainThread [INFO]  Completed executor task 5969
2023-07-07 15:22:14.292 worker_log:613 7382 MainThread [INFO]  All processing finished for executor task 5969
2023-07-07 15:22:14.303 worker_log:584 7382 MainThread [INFO]  Received executor task 5984
2023-07-07 15:22:34.120 worker_log:602 7382 MainThread [INFO]  Completed executor task 5984
2023-07-07 15:22:34.120 worker_log:613 7382 MainThread [INFO]  All processing finished for executor task 5984
2023-07-07 15:22:34.131 worker_log:584 7382 MainThread [INFO]  Received executor task 5996
2023-07-07 15:24:23.183 worker_log:602 7382 MainThread [INFO]  Completed executor task 5996
2023-07-07 15:24:23.183 worker_log:613 7382 MainThread [INFO]  All processing finished for executor task 5996
2023-07-07 15:24:23.197 worker_log:584 7382 MainThread [INFO]  Received executor task 6055
2023-07-07 15:24:58.037 worker_log:602 7382 MainThread [INFO]  Completed executor task 6055
2023-07-07 15:24:58.037 worker_log:613 7382 MainThread [INFO]  All processing finished for executor task 6055
2023-07-07 15:24:58.048 worker_log:584 7382 MainThread [INFO]  Received executor task 6076
2023-07-07 15:25:15.505 worker_log:602 7382 MainThread [INFO]  Completed executor task 6076
2023-07-07 15:25:15.505 worker_log:613 7382 MainThread [INFO]  All processing finished for executor task 6076
2023-07-07 15:25:15.516 worker_log:584 7382 MainThread [INFO]  Received executor task 6084
2023-07-07 15:25:32.398 worker_log:602 7382 MainThread [INFO]  Completed executor task 6084
2023-07-07 15:25:32.399 worker_log:613 7382 MainThread [INFO]  All processing finished for executor task 6084
2023-07-07 15:25:32.410 worker_log:584 7382 MainThread [INFO]  Received executor task 6092
2023-07-07 15:25:54.577 worker_log:602 7382 MainThread [INFO]  Completed executor task 6092
2023-07-07 15:25:54.577 worker_log:613 7382 MainThread [INFO]  All processing finished for executor task 6092
2023-07-07 15:25:54.588 worker_log:584 7382 MainThread [INFO]  Received executor task 6105
2023-07-07 15:26:07.000 worker_log:602 7382 MainThread [INFO]  Completed executor task 6105
2023-07-07 15:26:07.000 worker_log:613 7382 MainThread [INFO]  All processing finished for executor task 6105
2023-07-07 15:26:07.011 worker_log:584 7382 MainThread [INFO]  Received executor task 6111
2023-07-07 15:26:33.139 worker_log:602 7382 MainThread [INFO]  Completed executor task 6111
2023-07-07 15:26:33.139 worker_log:613 7382 MainThread [INFO]  All processing finished for executor task 6111
2023-07-07 15:26:33.151 worker_log:584 7382 MainThread [INFO]  Received executor task 6130
2023-07-07 15:26:50.561 worker_log:602 7382 MainThread [INFO]  Completed executor task 6130
2023-07-07 15:26:50.561 worker_log:613 7382 MainThread [INFO]  All processing finished for executor task 6130
2023-07-07 15:26:50.573 worker_log:584 7382 MainThread [INFO]  Received executor task 6138
2023-07-07 15:27:34.245 worker_log:602 7382 MainThread [INFO]  Completed executor task 6138
2023-07-07 15:27:34.245 worker_log:613 7382 MainThread [INFO]  All processing finished for executor task 6138
2023-07-07 15:27:34.257 worker_log:584 7382 MainThread [INFO]  Received executor task 6155
2023-07-07 15:28:16.936 worker_log:602 7382 MainThread [INFO]  Completed executor task 6155
2023-07-07 15:28:16.936 worker_log:613 7382 MainThread [INFO]  All processing finished for executor task 6155
2023-07-07 15:28:16.948 worker_log:584 7382 MainThread [INFO]  Received executor task 6184
2023-07-07 15:28:38.002 worker_log:602 7382 MainThread [INFO]  Completed executor task 6184
2023-07-07 15:28:38.002 worker_log:613 7382 MainThread [INFO]  All processing finished for executor task 6184
2023-07-07 15:28:38.014 worker_log:584 7382 MainThread [INFO]  Received executor task 6196
2023-07-07 15:28:51.095 worker_log:602 7382 MainThread [INFO]  Completed executor task 6196
2023-07-07 15:28:51.096 worker_log:613 7382 MainThread [INFO]  All processing finished for executor task 6196
2023-07-07 15:28:51.107 worker_log:584 7382 MainThread [INFO]  Received executor task 6203
2023-07-07 15:29:08.002 worker_log:602 7382 MainThread [INFO]  Completed executor task 6203
2023-07-07 15:29:08.002 worker_log:613 7382 MainThread [INFO]  All processing finished for executor task 6203
2023-07-07 15:29:08.013 worker_log:584 7382 MainThread [INFO]  Received executor task 6212
2023-07-07 15:29:46.657 worker_log:602 7382 MainThread [INFO]  Completed executor task 6212
2023-07-07 15:29:46.658 worker_log:613 7382 MainThread [INFO]  All processing finished for executor task 6212
2023-07-07 15:29:46.669 worker_log:584 7382 MainThread [INFO]  Received executor task 6233
2023-07-07 15:30:03.624 worker_log:602 7382 MainThread [INFO]  Completed executor task 6233
2023-07-07 15:30:03.625 worker_log:613 7382 MainThread [INFO]  All processing finished for executor task 6233
2023-07-07 15:30:03.629 worker_log:584 7382 MainThread [INFO]  Received executor task 6242
2023-07-07 15:30:20.480 worker_log:602 7382 MainThread [INFO]  Completed executor task 6242
2023-07-07 15:30:20.481 worker_log:613 7382 MainThread [INFO]  All processing finished for executor task 6242
2023-07-07 15:30:20.492 worker_log:584 7382 MainThread [INFO]  Received executor task 6254
2023-07-07 15:30:57.096 worker_log:602 7382 MainThread [INFO]  Completed executor task 6254
2023-07-07 15:30:57.096 worker_log:613 7382 MainThread [INFO]  All processing finished for executor task 6254
2023-07-07 15:30:57.107 worker_log:584 7382 MainThread [INFO]  Received executor task 6272
2023-07-07 15:31:51.529 worker_log:602 7382 MainThread [INFO]  Completed executor task 6272
2023-07-07 15:31:51.546 worker_log:613 7382 MainThread [INFO]  All processing finished for executor task 6272
2023-07-07 15:31:51.547 worker_log:584 7382 MainThread [INFO]  Received executor task 6303
2023-07-07 15:33:32.638 worker_log:602 7382 MainThread [INFO]  Completed executor task 6303
2023-07-07 15:33:32.638 worker_log:613 7382 MainThread [INFO]  All processing finished for executor task 6303
2023-07-07 15:33:32.649 worker_log:584 7382 MainThread [INFO]  Received executor task 6351
2023-07-07 15:33:56.447 worker_log:602 7382 MainThread [INFO]  Completed executor task 6351
2023-07-07 15:33:56.448 worker_log:613 7382 MainThread [INFO]  All processing finished for executor task 6351
2023-07-07 15:33:56.462 worker_log:584 7382 MainThread [INFO]  Received executor task 6363
2023-07-07 15:34:18.128 worker_log:602 7382 MainThread [INFO]  Completed executor task 6363
2023-07-07 15:34:18.129 worker_log:613 7382 MainThread [INFO]  All processing finished for executor task 6363
2023-07-07 15:34:18.140 worker_log:584 7382 MainThread [INFO]  Received executor task 6376
2023-07-07 15:34:47.952 worker_log:602 7382 MainThread [INFO]  Completed executor task 6376
2023-07-07 15:34:47.952 worker_log:613 7382 MainThread [INFO]  All processing finished for executor task 6376
2023-07-07 15:34:47.964 worker_log:584 7382 MainThread [INFO]  Received executor task 6386
2023-07-07 15:35:12.765 worker_log:602 7382 MainThread [INFO]  Completed executor task 6386
2023-07-07 15:35:12.766 worker_log:613 7382 MainThread [INFO]  All processing finished for executor task 6386
2023-07-07 15:35:12.787 worker_log:584 7382 MainThread [INFO]  Received executor task 6397
2023-07-07 15:35:35.678 worker_log:602 7382 MainThread [INFO]  Completed executor task 6397
2023-07-07 15:35:35.679 worker_log:613 7382 MainThread [INFO]  All processing finished for executor task 6397
2023-07-07 15:35:35.690 worker_log:584 7382 MainThread [INFO]  Received executor task 6410
2023-07-07 15:35:54.120 worker_log:602 7382 MainThread [INFO]  Completed executor task 6410
2023-07-07 15:35:54.121 worker_log:613 7382 MainThread [INFO]  All processing finished for executor task 6410
2023-07-07 15:35:54.132 worker_log:584 7382 MainThread [INFO]  Received executor task 6422
2023-07-07 15:37:07.832 worker_log:602 7382 MainThread [INFO]  Completed executor task 6422
2023-07-07 15:37:07.833 worker_log:613 7382 MainThread [INFO]  All processing finished for executor task 6422
2023-07-07 15:37:07.845 worker_log:584 7382 MainThread [INFO]  Received executor task 6450
2023-07-07 15:37:38.397 worker_log:602 7382 MainThread [INFO]  Completed executor task 6450
2023-07-07 15:37:38.404 worker_log:613 7382 MainThread [INFO]  All processing finished for executor task 6450
2023-07-07 15:37:38.409 worker_log:584 7382 MainThread [INFO]  Received executor task 6467
2023-07-07 15:38:45.467 worker_log:602 7382 MainThread [INFO]  Completed executor task 6467
2023-07-07 15:38:45.468 worker_log:613 7382 MainThread [INFO]  All processing finished for executor task 6467
2023-07-07 15:38:45.479 worker_log:584 7382 MainThread [INFO]  Received executor task 6498
2023-07-07 15:39:42.227 worker_log:602 7382 MainThread [INFO]  Completed executor task 6498
2023-07-07 15:39:42.228 worker_log:613 7382 MainThread [INFO]  All processing finished for executor task 6498
2023-07-07 15:39:42.239 worker_log:584 7382 MainThread [INFO]  Received executor task 6524
2023-07-07 15:40:04.241 worker_log:602 7382 MainThread [INFO]  Completed executor task 6524
2023-07-07 15:40:04.242 worker_log:613 7382 MainThread [INFO]  All processing finished for executor task 6524
2023-07-07 15:40:04.253 worker_log:584 7382 MainThread [INFO]  Received executor task 6532
2023-07-07 15:40:30.781 worker_log:602 7382 MainThread [INFO]  Completed executor task 6532
2023-07-07 15:40:30.782 worker_log:613 7382 MainThread [INFO]  All processing finished for executor task 6532
2023-07-07 15:40:30.793 worker_log:584 7382 MainThread [INFO]  Received executor task 6546
2023-07-07 15:40:47.363 worker_log:602 7382 MainThread [INFO]  Completed executor task 6546
2023-07-07 15:40:47.363 worker_log:613 7382 MainThread [INFO]  All processing finished for executor task 6546
2023-07-07 15:40:47.364 worker_log:584 7382 MainThread [INFO]  Received executor task 6558
2023-07-07 15:41:26.203 worker_log:602 7382 MainThread [INFO]  Completed executor task 6558
2023-07-07 15:41:26.204 worker_log:613 7382 MainThread [INFO]  All processing finished for executor task 6558
2023-07-07 15:41:26.215 worker_log:584 7382 MainThread [INFO]  Received executor task 6574
2023-07-07 15:42:00.781 worker_log:602 7382 MainThread [INFO]  Completed executor task 6574
2023-07-07 15:42:00.782 worker_log:613 7382 MainThread [INFO]  All processing finished for executor task 6574
2023-07-07 15:42:00.793 worker_log:584 7382 MainThread [INFO]  Received executor task 6596
2023-07-07 15:42:46.372 worker_log:602 7382 MainThread [INFO]  Completed executor task 6596
2023-07-07 15:42:46.372 worker_log:613 7382 MainThread [INFO]  All processing finished for executor task 6596
2023-07-07 15:42:46.383 worker_log:584 7382 MainThread [INFO]  Received executor task 6619
2023-07-07 15:43:15.590 worker_log:602 7382 MainThread [INFO]  Completed executor task 6619
2023-07-07 15:43:15.591 worker_log:613 7382 MainThread [INFO]  All processing finished for executor task 6619
2023-07-07 15:43:15.602 worker_log:584 7382 MainThread [INFO]  Received executor task 6633
2023-07-07 15:43:51.727 worker_log:602 7382 MainThread [INFO]  Completed executor task 6633
2023-07-07 15:43:51.728 worker_log:613 7382 MainThread [INFO]  All processing finished for executor task 6633
2023-07-07 15:43:51.739 worker_log:584 7382 MainThread [INFO]  Received executor task 6654
2023-07-07 15:44:10.181 worker_log:602 7382 MainThread [INFO]  Completed executor task 6654
2023-07-07 15:44:10.182 worker_log:613 7382 MainThread [INFO]  All processing finished for executor task 6654
2023-07-07 15:44:10.193 worker_log:584 7382 MainThread [INFO]  Received executor task 6665
2023-07-07 15:44:24.613 worker_log:602 7382 MainThread [INFO]  Completed executor task 6665
2023-07-07 15:44:24.613 worker_log:613 7382 MainThread [INFO]  All processing finished for executor task 6665
2023-07-07 15:44:24.625 worker_log:584 7382 MainThread [INFO]  Received executor task 6672
2023-07-07 15:45:14.983 worker_log:602 7382 MainThread [INFO]  Completed executor task 6672
2023-07-07 15:45:14.984 worker_log:613 7382 MainThread [INFO]  All processing finished for executor task 6672
2023-07-07 15:45:14.996 worker_log:584 7382 MainThread [INFO]  Received executor task 6693
2023-07-07 15:45:50.022 worker_log:602 7382 MainThread [INFO]  Completed executor task 6693
2023-07-07 15:45:50.022 worker_log:613 7382 MainThread [INFO]  All processing finished for executor task 6693
2023-07-07 15:45:50.033 worker_log:584 7382 MainThread [INFO]  Received executor task 6709
2023-07-07 15:46:09.838 worker_log:602 7382 MainThread [INFO]  Completed executor task 6709
2023-07-07 15:46:09.838 worker_log:613 7382 MainThread [INFO]  All processing finished for executor task 6709
2023-07-07 15:46:09.849 worker_log:584 7382 MainThread [INFO]  Received executor task 6717
2023-07-07 15:47:05.520 worker_log:602 7382 MainThread [INFO]  Completed executor task 6717
2023-07-07 15:47:05.520 worker_log:613 7382 MainThread [INFO]  All processing finished for executor task 6717
2023-07-07 15:47:05.531 worker_log:584 7382 MainThread [INFO]  Received executor task 6747
2023-07-07 15:47:28.982 worker_log:602 7382 MainThread [INFO]  Completed executor task 6747
2023-07-07 15:47:28.982 worker_log:613 7382 MainThread [INFO]  All processing finished for executor task 6747
2023-07-07 15:47:28.993 worker_log:584 7382 MainThread [INFO]  Received executor task 6761
2023-07-07 15:47:50.714 worker_log:602 7382 MainThread [INFO]  Completed executor task 6761
2023-07-07 15:47:50.714 worker_log:613 7382 MainThread [INFO]  All processing finished for executor task 6761
2023-07-07 15:47:50.725 worker_log:584 7382 MainThread [INFO]  Received executor task 6773
2023-07-07 15:48:07.988 worker_log:602 7382 MainThread [INFO]  Completed executor task 6773
2023-07-07 15:48:07.988 worker_log:613 7382 MainThread [INFO]  All processing finished for executor task 6773
2023-07-07 15:48:07.999 worker_log:584 7382 MainThread [INFO]  Received executor task 6785
2023-07-07 15:48:33.962 worker_log:602 7382 MainThread [INFO]  Completed executor task 6785
2023-07-07 15:48:33.963 worker_log:613 7382 MainThread [INFO]  All processing finished for executor task 6785
2023-07-07 15:48:33.974 worker_log:584 7382 MainThread [INFO]  Received executor task 6793
2023-07-07 15:49:08.017 worker_log:602 7382 MainThread [INFO]  Completed executor task 6793
2023-07-07 15:49:08.018 worker_log:613 7382 MainThread [INFO]  All processing finished for executor task 6793
2023-07-07 15:49:08.029 worker_log:584 7382 MainThread [INFO]  Received executor task 6816
2023-07-07 15:49:22.304 worker_log:602 7382 MainThread [INFO]  Completed executor task 6816
2023-07-07 15:49:22.304 worker_log:613 7382 MainThread [INFO]  All processing finished for executor task 6816
2023-07-07 15:49:22.315 worker_log:584 7382 MainThread [INFO]  Received executor task 6827
2023-07-07 15:50:00.218 worker_log:602 7382 MainThread [INFO]  Completed executor task 6827
2023-07-07 15:50:00.219 worker_log:613 7382 MainThread [INFO]  All processing finished for executor task 6827
2023-07-07 15:50:00.230 worker_log:584 7382 MainThread [INFO]  Received executor task 6849
2023-07-07 15:50:17.193 worker_log:602 7382 MainThread [INFO]  Completed executor task 6849
2023-07-07 15:50:17.193 worker_log:613 7382 MainThread [INFO]  All processing finished for executor task 6849
2023-07-07 15:50:17.204 worker_log:584 7382 MainThread [INFO]  Received executor task 6854
2023-07-07 15:50:41.819 worker_log:602 7382 MainThread [INFO]  Completed executor task 6854
2023-07-07 15:50:41.820 worker_log:613 7382 MainThread [INFO]  All processing finished for executor task 6854
2023-07-07 15:50:41.831 worker_log:584 7382 MainThread [INFO]  Received executor task 6868
2023-07-07 15:51:39.560 worker_log:602 7382 MainThread [INFO]  Completed executor task 6868
2023-07-07 15:51:39.561 worker_log:613 7382 MainThread [INFO]  All processing finished for executor task 6868
2023-07-07 15:51:39.572 worker_log:584 7382 MainThread [INFO]  Received executor task 6904
2023-07-07 15:51:50.978 worker_log:602 7382 MainThread [INFO]  Completed executor task 6904
2023-07-07 15:51:50.978 worker_log:613 7382 MainThread [INFO]  All processing finished for executor task 6904
2023-07-07 15:51:50.990 worker_log:584 7382 MainThread [INFO]  Received executor task 6909
2023-07-07 15:52:13.969 worker_log:602 7382 MainThread [INFO]  Completed executor task 6909
2023-07-07 15:52:13.970 worker_log:613 7382 MainThread [INFO]  All processing finished for executor task 6909
2023-07-07 15:52:13.981 worker_log:584 7382 MainThread [INFO]  Received executor task 6923
2023-07-07 15:52:33.720 worker_log:602 7382 MainThread [INFO]  Completed executor task 6923
2023-07-07 15:52:33.721 worker_log:613 7382 MainThread [INFO]  All processing finished for executor task 6923
2023-07-07 15:52:33.732 worker_log:584 7382 MainThread [INFO]  Received executor task 6937
2023-07-07 15:53:06.833 worker_log:602 7382 MainThread [INFO]  Completed executor task 6937
2023-07-07 15:53:06.834 worker_log:613 7382 MainThread [INFO]  All processing finished for executor task 6937
2023-07-07 15:53:06.845 worker_log:584 7382 MainThread [INFO]  Received executor task 6949
2023-07-07 15:53:31.379 worker_log:602 7382 MainThread [INFO]  Completed executor task 6949
2023-07-07 15:53:31.380 worker_log:613 7382 MainThread [INFO]  All processing finished for executor task 6949
2023-07-07 15:53:31.392 worker_log:584 7382 MainThread [INFO]  Received executor task 6958
2023-07-07 15:53:58.713 worker_log:602 7382 MainThread [INFO]  Completed executor task 6958
2023-07-07 15:53:58.713 worker_log:613 7382 MainThread [INFO]  All processing finished for executor task 6958
2023-07-07 15:53:58.724 worker_log:584 7382 MainThread [INFO]  Received executor task 6978
2023-07-07 15:54:20.752 worker_log:602 7382 MainThread [INFO]  Completed executor task 6978
2023-07-07 15:54:20.753 worker_log:613 7382 MainThread [INFO]  All processing finished for executor task 6978
2023-07-07 15:54:20.764 worker_log:584 7382 MainThread [INFO]  Received executor task 6990
2023-07-07 15:54:51.016 worker_log:602 7382 MainThread [INFO]  Completed executor task 6990
2023-07-07 15:54:51.017 worker_log:613 7382 MainThread [INFO]  All processing finished for executor task 6990
2023-07-07 15:54:51.028 worker_log:584 7382 MainThread [INFO]  Received executor task 7003
2023-07-07 15:56:03.363 worker_log:602 7382 MainThread [INFO]  Completed executor task 7003
2023-07-07 15:56:03.364 worker_log:613 7382 MainThread [INFO]  All processing finished for executor task 7003
2023-07-07 15:56:03.375 worker_log:584 7382 MainThread [INFO]  Received executor task 7037
2023-07-07 15:56:38.673 worker_log:602 7382 MainThread [INFO]  Completed executor task 7037
2023-07-07 15:56:38.674 worker_log:613 7382 MainThread [INFO]  All processing finished for executor task 7037
2023-07-07 15:56:38.685 worker_log:584 7382 MainThread [INFO]  Received executor task 7060
2023-07-07 15:57:04.321 worker_log:602 7382 MainThread [INFO]  Completed executor task 7060
2023-07-07 15:57:04.322 worker_log:613 7382 MainThread [INFO]  All processing finished for executor task 7060
2023-07-07 15:57:04.333 worker_log:584 7382 MainThread [INFO]  Received executor task 7072
2023-07-07 15:57:30.785 worker_log:602 7382 MainThread [INFO]  Completed executor task 7072
2023-07-07 15:57:30.785 worker_log:613 7382 MainThread [INFO]  All processing finished for executor task 7072
2023-07-07 15:57:30.799 worker_log:584 7382 MainThread [INFO]  Received executor task 7085
2023-07-07 15:58:08.153 worker_log:602 7382 MainThread [INFO]  Completed executor task 7085
2023-07-07 15:58:08.154 worker_log:613 7382 MainThread [INFO]  All processing finished for executor task 7085
2023-07-07 15:58:08.165 worker_log:584 7382 MainThread [INFO]  Received executor task 7105
2023-07-07 15:58:23.077 worker_log:602 7382 MainThread [INFO]  Completed executor task 7105
2023-07-07 15:58:23.078 worker_log:613 7382 MainThread [INFO]  All processing finished for executor task 7105
2023-07-07 15:58:23.089 worker_log:584 7382 MainThread [INFO]  Received executor task 7115
2023-07-07 15:58:44.659 worker_log:602 7382 MainThread [INFO]  Completed executor task 7115
2023-07-07 15:58:44.659 worker_log:613 7382 MainThread [INFO]  All processing finished for executor task 7115
2023-07-07 15:58:44.671 worker_log:584 7382 MainThread [INFO]  Received executor task 7122
2023-07-07 15:59:13.030 worker_log:602 7382 MainThread [INFO]  Completed executor task 7122
2023-07-07 15:59:13.031 worker_log:613 7382 MainThread [INFO]  All processing finished for executor task 7122
2023-07-07 15:59:13.042 worker_log:584 7382 MainThread [INFO]  Received executor task 7135
2023-07-07 15:59:21.193 worker_log:602 7382 MainThread [INFO]  Completed executor task 7135
2023-07-07 15:59:21.194 worker_log:613 7382 MainThread [INFO]  All processing finished for executor task 7135
2023-07-07 15:59:21.205 worker_log:584 7382 MainThread [INFO]  Received executor task 7143
2023-07-07 15:59:41.682 worker_log:602 7382 MainThread [INFO]  Completed executor task 7143
2023-07-07 15:59:41.683 worker_log:613 7382 MainThread [INFO]  All processing finished for executor task 7143
2023-07-07 15:59:41.694 worker_log:584 7382 MainThread [INFO]  Received executor task 7152
2023-07-07 16:00:13.634 worker_log:602 7382 MainThread [INFO]  Completed executor task 7152
2023-07-07 16:00:13.635 worker_log:613 7382 MainThread [INFO]  All processing finished for executor task 7152
2023-07-07 16:00:13.646 worker_log:584 7382 MainThread [INFO]  Received executor task 7167
2023-07-07 16:00:22.015 worker_log:602 7382 MainThread [INFO]  Completed executor task 7167
2023-07-07 16:00:22.016 worker_log:613 7382 MainThread [INFO]  All processing finished for executor task 7167
2023-07-07 16:00:22.027 worker_log:584 7382 MainThread [INFO]  Received executor task 7170
2023-07-07 16:00:34.230 worker_log:602 7382 MainThread [INFO]  Completed executor task 7170
2023-07-07 16:00:34.230 worker_log:613 7382 MainThread [INFO]  All processing finished for executor task 7170
2023-07-07 16:00:34.242 worker_log:584 7382 MainThread [INFO]  Received executor task 7176
2023-07-07 16:01:04.265 worker_log:602 7382 MainThread [INFO]  Completed executor task 7176
2023-07-07 16:01:04.266 worker_log:613 7382 MainThread [INFO]  All processing finished for executor task 7176
2023-07-07 16:01:04.277 worker_log:584 7382 MainThread [INFO]  Received executor task 7197
2023-07-07 16:02:10.564 worker_log:602 7382 MainThread [INFO]  Completed executor task 7197
2023-07-07 16:02:10.565 worker_log:613 7382 MainThread [INFO]  All processing finished for executor task 7197
2023-07-07 16:02:10.577 worker_log:584 7382 MainThread [INFO]  Received executor task 7222
2023-07-07 16:03:40.170 worker_log:602 7382 MainThread [INFO]  Completed executor task 7222
2023-07-07 16:03:40.171 worker_log:613 7382 MainThread [INFO]  All processing finished for executor task 7222
2023-07-07 16:03:40.182 worker_log:584 7382 MainThread [INFO]  Received executor task 7251
2023-07-07 16:04:37.904 worker_log:602 7382 MainThread [INFO]  Completed executor task 7251
2023-07-07 16:04:37.904 worker_log:613 7382 MainThread [INFO]  All processing finished for executor task 7251
2023-07-07 16:04:37.916 worker_log:584 7382 MainThread [INFO]  Received executor task 7270
2023-07-07 16:04:59.399 worker_log:602 7382 MainThread [INFO]  Completed executor task 7270
2023-07-07 16:04:59.399 worker_log:613 7382 MainThread [INFO]  All processing finished for executor task 7270
2023-07-07 16:04:59.410 worker_log:584 7382 MainThread [INFO]  Received executor task 7279
2023-07-07 16:06:16.135 worker_log:602 7382 MainThread [INFO]  Completed executor task 7279
2023-07-07 16:06:16.136 worker_log:613 7382 MainThread [INFO]  All processing finished for executor task 7279
2023-07-07 16:06:16.150 worker_log:584 7382 MainThread [INFO]  Received executor task 7307
2023-07-07 16:06:47.030 worker_log:602 7382 MainThread [INFO]  Completed executor task 7307
2023-07-07 16:06:47.031 worker_log:613 7382 MainThread [INFO]  All processing finished for executor task 7307
2023-07-07 16:06:47.042 worker_log:584 7382 MainThread [INFO]  Received executor task 7319
2023-07-07 16:07:30.664 worker_log:602 7382 MainThread [INFO]  Completed executor task 7319
2023-07-07 16:07:30.665 worker_log:613 7382 MainThread [INFO]  All processing finished for executor task 7319
2023-07-07 16:07:30.676 worker_log:584 7382 MainThread [INFO]  Received executor task 7339
2023-07-07 16:08:22.995 worker_log:602 7382 MainThread [INFO]  Completed executor task 7339
2023-07-07 16:08:22.996 worker_log:613 7382 MainThread [INFO]  All processing finished for executor task 7339
2023-07-07 16:08:23.007 worker_log:584 7382 MainThread [INFO]  Received executor task 7357
2023-07-07 16:08:39.719 worker_log:602 7382 MainThread [INFO]  Completed executor task 7357
2023-07-07 16:08:39.720 worker_log:613 7382 MainThread [INFO]  All processing finished for executor task 7357
2023-07-07 16:08:39.731 worker_log:584 7382 MainThread [INFO]  Received executor task 7367
2023-07-07 16:08:58.458 worker_log:602 7382 MainThread [INFO]  Completed executor task 7367
2023-07-07 16:08:58.458 worker_log:613 7382 MainThread [INFO]  All processing finished for executor task 7367
2023-07-07 16:08:58.469 worker_log:584 7382 MainThread [INFO]  Received executor task 7377
2023-07-07 16:09:26.176 worker_log:602 7382 MainThread [INFO]  Completed executor task 7377
2023-07-07 16:09:26.177 worker_log:613 7382 MainThread [INFO]  All processing finished for executor task 7377
2023-07-07 16:09:26.188 worker_log:584 7382 MainThread [INFO]  Received executor task 7390
2023-07-07 16:10:25.139 worker_log:602 7382 MainThread [INFO]  Completed executor task 7390
2023-07-07 16:10:25.139 worker_log:613 7382 MainThread [INFO]  All processing finished for executor task 7390
2023-07-07 16:10:25.150 worker_log:584 7382 MainThread [INFO]  Received executor task 7411
2023-07-07 16:10:49.374 worker_log:602 7382 MainThread [INFO]  Completed executor task 7411
2023-07-07 16:10:49.374 worker_log:613 7382 MainThread [INFO]  All processing finished for executor task 7411
2023-07-07 16:10:49.385 worker_log:584 7382 MainThread [INFO]  Received executor task 7422
2023-07-07 16:11:12.736 worker_log:602 7382 MainThread [INFO]  Completed executor task 7422
2023-07-07 16:11:12.736 worker_log:613 7382 MainThread [INFO]  All processing finished for executor task 7422
2023-07-07 16:11:12.747 worker_log:584 7382 MainThread [INFO]  Received executor task 7429
2023-07-07 16:12:04.144 worker_log:602 7382 MainThread [INFO]  Completed executor task 7429
2023-07-07 16:12:04.145 worker_log:613 7382 MainThread [INFO]  All processing finished for executor task 7429
2023-07-07 16:12:04.159 worker_log:584 7382 MainThread [INFO]  Received executor task 7449
2023-07-07 16:12:39.192 worker_log:602 7382 MainThread [INFO]  Completed executor task 7449
2023-07-07 16:12:39.192 worker_log:613 7382 MainThread [INFO]  All processing finished for executor task 7449
2023-07-07 16:12:39.206 worker_log:584 7382 MainThread [INFO]  Received executor task 7465
2023-07-07 16:13:16.823 worker_log:602 7382 MainThread [INFO]  Completed executor task 7465
2023-07-07 16:13:16.823 worker_log:613 7382 MainThread [INFO]  All processing finished for executor task 7465
2023-07-07 16:13:16.834 worker_log:584 7382 MainThread [INFO]  Received executor task 7486
2023-07-07 16:13:26.293 worker_log:602 7382 MainThread [INFO]  Completed executor task 7486
2023-07-07 16:13:26.293 worker_log:613 7382 MainThread [INFO]  All processing finished for executor task 7486
2023-07-07 16:13:26.304 worker_log:584 7382 MainThread [INFO]  Received executor task 7493
2023-07-07 16:13:41.979 worker_log:602 7382 MainThread [INFO]  Completed executor task 7493
2023-07-07 16:13:41.979 worker_log:613 7382 MainThread [INFO]  All processing finished for executor task 7493
2023-07-07 16:13:41.990 worker_log:584 7382 MainThread [INFO]  Received executor task 7501
2023-07-07 16:13:55.947 worker_log:602 7382 MainThread [INFO]  Completed executor task 7501
2023-07-07 16:13:55.947 worker_log:613 7382 MainThread [INFO]  All processing finished for executor task 7501
2023-07-07 16:13:55.959 worker_log:584 7382 MainThread [INFO]  Received executor task 7510
2023-07-07 16:14:38.588 worker_log:602 7382 MainThread [INFO]  Completed executor task 7510
2023-07-07 16:14:38.589 worker_log:613 7382 MainThread [INFO]  All processing finished for executor task 7510
2023-07-07 16:14:38.600 worker_log:584 7382 MainThread [INFO]  Received executor task 7530
2023-07-07 16:15:32.272 worker_log:602 7382 MainThread [INFO]  Completed executor task 7530
2023-07-07 16:15:32.273 worker_log:613 7382 MainThread [INFO]  All processing finished for executor task 7530
2023-07-07 16:15:32.284 worker_log:584 7382 MainThread [INFO]  Received executor task 7555
2023-07-07 16:16:10.970 worker_log:602 7382 MainThread [INFO]  Completed executor task 7555
2023-07-07 16:16:10.970 worker_log:613 7382 MainThread [INFO]  All processing finished for executor task 7555
2023-07-07 16:16:10.981 worker_log:584 7382 MainThread [INFO]  Received executor task 7580
2023-07-07 16:16:41.377 worker_log:602 7382 MainThread [INFO]  Completed executor task 7580
2023-07-07 16:16:41.377 worker_log:613 7382 MainThread [INFO]  All processing finished for executor task 7580
2023-07-07 16:16:41.388 worker_log:584 7382 MainThread [INFO]  Received executor task 7593
2023-07-07 16:17:07.709 worker_log:602 7382 MainThread [INFO]  Completed executor task 7593
2023-07-07 16:17:07.709 worker_log:613 7382 MainThread [INFO]  All processing finished for executor task 7593
2023-07-07 16:17:07.721 worker_log:584 7382 MainThread [INFO]  Received executor task 7607
2023-07-07 16:17:46.724 worker_log:602 7382 MainThread [INFO]  Completed executor task 7607
2023-07-07 16:17:46.725 worker_log:613 7382 MainThread [INFO]  All processing finished for executor task 7607
2023-07-07 16:17:46.736 worker_log:584 7382 MainThread [INFO]  Received executor task 7626
2023-07-07 16:18:58.399 worker_log:602 7382 MainThread [INFO]  Completed executor task 7626
2023-07-07 16:18:58.399 worker_log:613 7382 MainThread [INFO]  All processing finished for executor task 7626
2023-07-07 16:18:58.410 worker_log:584 7382 MainThread [INFO]  Received executor task 7652
2023-07-07 16:19:23.995 worker_log:602 7382 MainThread [INFO]  Completed executor task 7652
2023-07-07 16:19:23.995 worker_log:613 7382 MainThread [INFO]  All processing finished for executor task 7652
2023-07-07 16:19:24.007 worker_log:584 7382 MainThread [INFO]  Received executor task 7667
2023-07-07 16:19:47.467 worker_log:602 7382 MainThread [INFO]  Completed executor task 7667
2023-07-07 16:19:47.468 worker_log:613 7382 MainThread [INFO]  All processing finished for executor task 7667
2023-07-07 16:19:47.479 worker_log:584 7382 MainThread [INFO]  Received executor task 7681
2023-07-07 16:20:45.003 worker_log:602 7382 MainThread [INFO]  Completed executor task 7681
2023-07-07 16:20:45.003 worker_log:613 7382 MainThread [INFO]  All processing finished for executor task 7681
2023-07-07 16:20:45.015 worker_log:584 7382 MainThread [INFO]  Received executor task 7707
2023-07-07 16:20:53.929 worker_log:602 7382 MainThread [INFO]  Completed executor task 7707
2023-07-07 16:20:53.929 worker_log:613 7382 MainThread [INFO]  All processing finished for executor task 7707
2023-07-07 16:20:53.940 worker_log:584 7382 MainThread [INFO]  Received executor task 7714
2023-07-07 16:21:12.760 worker_log:602 7382 MainThread [INFO]  Completed executor task 7714
2023-07-07 16:21:12.761 worker_log:613 7382 MainThread [INFO]  All processing finished for executor task 7714
2023-07-07 16:21:12.772 worker_log:584 7382 MainThread [INFO]  Received executor task 7720
2023-07-07 16:21:31.261 worker_log:602 7382 MainThread [INFO]  Completed executor task 7720
2023-07-07 16:21:31.261 worker_log:613 7382 MainThread [INFO]  All processing finished for executor task 7720
2023-07-07 16:21:31.272 worker_log:584 7382 MainThread [INFO]  Received executor task 7731
2023-07-07 16:22:08.466 worker_log:602 7382 MainThread [INFO]  Completed executor task 7731
2023-07-07 16:22:08.466 worker_log:613 7382 MainThread [INFO]  All processing finished for executor task 7731
2023-07-07 16:22:08.478 worker_log:584 7382 MainThread [INFO]  Received executor task 7751
2023-07-07 16:22:34.980 worker_log:602 7382 MainThread [INFO]  Completed executor task 7751
2023-07-07 16:22:34.980 worker_log:613 7382 MainThread [INFO]  All processing finished for executor task 7751
2023-07-07 16:22:34.992 worker_log:584 7382 MainThread [INFO]  Received executor task 7762
2023-07-07 16:22:54.657 worker_log:602 7382 MainThread [INFO]  Completed executor task 7762
2023-07-07 16:22:54.657 worker_log:613 7382 MainThread [INFO]  All processing finished for executor task 7762
2023-07-07 16:22:54.669 worker_log:584 7382 MainThread [INFO]  Received executor task 7775
2023-07-07 16:23:20.512 worker_log:602 7382 MainThread [INFO]  Completed executor task 7775
2023-07-07 16:23:20.512 worker_log:613 7382 MainThread [INFO]  All processing finished for executor task 7775
2023-07-07 16:23:20.523 worker_log:584 7382 MainThread [INFO]  Received executor task 7793
2023-07-07 16:23:33.079 worker_log:602 7382 MainThread [INFO]  Completed executor task 7793
2023-07-07 16:23:33.080 worker_log:613 7382 MainThread [INFO]  All processing finished for executor task 7793
2023-07-07 16:23:33.082 worker_log:584 7382 MainThread [INFO]  Received executor task 7800
2023-07-07 16:23:50.573 worker_log:602 7382 MainThread [INFO]  Completed executor task 7800
2023-07-07 16:23:50.573 worker_log:613 7382 MainThread [INFO]  All processing finished for executor task 7800
2023-07-07 16:23:50.585 worker_log:584 7382 MainThread [INFO]  Received executor task 7811
2023-07-07 16:24:21.170 worker_log:602 7382 MainThread [INFO]  Completed executor task 7811
2023-07-07 16:24:21.171 worker_log:613 7382 MainThread [INFO]  All processing finished for executor task 7811
2023-07-07 16:24:21.182 worker_log:584 7382 MainThread [INFO]  Received executor task 7830
2023-07-07 16:24:46.552 worker_log:602 7382 MainThread [INFO]  Completed executor task 7830
2023-07-07 16:24:46.553 worker_log:613 7382 MainThread [INFO]  All processing finished for executor task 7830
2023-07-07 16:24:46.567 worker_log:584 7382 MainThread [INFO]  Received executor task 7844
2023-07-07 16:25:12.659 worker_log:602 7382 MainThread [INFO]  Completed executor task 7844
2023-07-07 16:25:12.660 worker_log:613 7382 MainThread [INFO]  All processing finished for executor task 7844
2023-07-07 16:25:12.671 worker_log:584 7382 MainThread [INFO]  Received executor task 7856
2023-07-07 16:25:35.182 worker_log:602 7382 MainThread [INFO]  Completed executor task 7856
2023-07-07 16:25:35.182 worker_log:613 7382 MainThread [INFO]  All processing finished for executor task 7856
2023-07-07 16:25:35.193 worker_log:584 7382 MainThread [INFO]  Received executor task 7865
2023-07-07 16:26:05.290 worker_log:602 7382 MainThread [INFO]  Completed executor task 7865
2023-07-07 16:26:05.290 worker_log:613 7382 MainThread [INFO]  All processing finished for executor task 7865
2023-07-07 16:26:05.301 worker_log:584 7382 MainThread [INFO]  Received executor task 7882
2023-07-07 16:26:47.223 worker_log:602 7382 MainThread [INFO]  Completed executor task 7882
2023-07-07 16:26:47.223 worker_log:613 7382 MainThread [INFO]  All processing finished for executor task 7882
2023-07-07 16:26:47.235 worker_log:584 7382 MainThread [INFO]  Received executor task 7900
2023-07-07 16:27:24.872 worker_log:602 7382 MainThread [INFO]  Completed executor task 7900
2023-07-07 16:27:24.872 worker_log:613 7382 MainThread [INFO]  All processing finished for executor task 7900
2023-07-07 16:27:24.884 worker_log:584 7382 MainThread [INFO]  Received executor task 7913
2023-07-07 16:27:45.538 worker_log:602 7382 MainThread [INFO]  Completed executor task 7913
2023-07-07 16:27:45.538 worker_log:613 7382 MainThread [INFO]  All processing finished for executor task 7913
2023-07-07 16:27:45.549 worker_log:584 7382 MainThread [INFO]  Received executor task 7924
2023-07-07 16:28:12.643 worker_log:602 7382 MainThread [INFO]  Completed executor task 7924
2023-07-07 16:28:12.643 worker_log:613 7382 MainThread [INFO]  All processing finished for executor task 7924
2023-07-07 16:28:12.655 worker_log:584 7382 MainThread [INFO]  Received executor task 7936
2023-07-07 16:28:25.558 worker_log:602 7382 MainThread [INFO]  Completed executor task 7936
2023-07-07 16:28:25.558 worker_log:613 7382 MainThread [INFO]  All processing finished for executor task 7936
2023-07-07 16:28:25.570 worker_log:584 7382 MainThread [INFO]  Received executor task 7941
2023-07-07 16:28:36.601 worker_log:602 7382 MainThread [INFO]  Completed executor task 7941
2023-07-07 16:28:36.601 worker_log:613 7382 MainThread [INFO]  All processing finished for executor task 7941
2023-07-07 16:28:36.613 worker_log:584 7382 MainThread [INFO]  Received executor task 7948
2023-07-07 16:29:28.278 worker_log:602 7382 MainThread [INFO]  Completed executor task 7948
2023-07-07 16:29:28.279 worker_log:613 7382 MainThread [INFO]  All processing finished for executor task 7948
2023-07-07 16:29:28.290 worker_log:584 7382 MainThread [INFO]  Received executor task 7971
2023-07-07 16:30:00.902 worker_log:602 7382 MainThread [INFO]  Completed executor task 7971
2023-07-07 16:30:00.902 worker_log:613 7382 MainThread [INFO]  All processing finished for executor task 7971
2023-07-07 16:30:00.913 worker_log:584 7382 MainThread [INFO]  Received executor task 7984
2023-07-07 16:30:26.122 worker_log:602 7382 MainThread [INFO]  Completed executor task 7984
2023-07-07 16:30:26.123 worker_log:613 7382 MainThread [INFO]  All processing finished for executor task 7984
2023-07-07 16:30:26.135 worker_log:584 7382 MainThread [INFO]  Received executor task 7996
2023-07-07 16:30:54.290 worker_log:602 7382 MainThread [INFO]  Completed executor task 7996
2023-07-07 16:30:54.290 worker_log:613 7382 MainThread [INFO]  All processing finished for executor task 7996
2023-07-07 16:30:54.301 worker_log:584 7382 MainThread [INFO]  Received executor task 8013
2023-07-07 16:31:28.505 worker_log:602 7382 MainThread [INFO]  Completed executor task 8013
2023-07-07 16:31:28.506 worker_log:613 7382 MainThread [INFO]  All processing finished for executor task 8013
2023-07-07 16:31:28.517 worker_log:584 7382 MainThread [INFO]  Received executor task 8028
2023-07-07 16:32:03.439 worker_log:602 7382 MainThread [INFO]  Completed executor task 8028
2023-07-07 16:32:03.439 worker_log:613 7382 MainThread [INFO]  All processing finished for executor task 8028
2023-07-07 16:32:03.451 worker_log:584 7382 MainThread [INFO]  Received executor task 8039
2023-07-07 16:32:35.541 worker_log:602 7382 MainThread [INFO]  Completed executor task 8039
2023-07-07 16:32:35.541 worker_log:613 7382 MainThread [INFO]  All processing finished for executor task 8039
2023-07-07 16:32:35.553 worker_log:584 7382 MainThread [INFO]  Received executor task 8055
2023-07-07 16:32:45.612 worker_log:602 7382 MainThread [INFO]  Completed executor task 8055
2023-07-07 16:32:45.612 worker_log:613 7382 MainThread [INFO]  All processing finished for executor task 8055
2023-07-07 16:32:45.624 worker_log:584 7382 MainThread [INFO]  Received executor task 8061
2023-07-07 16:33:09.837 worker_log:602 7382 MainThread [INFO]  Completed executor task 8061
2023-07-07 16:33:09.838 worker_log:613 7382 MainThread [INFO]  All processing finished for executor task 8061
2023-07-07 16:33:09.849 worker_log:584 7382 MainThread [INFO]  Received executor task 8070
2023-07-07 16:33:39.217 worker_log:602 7382 MainThread [INFO]  Completed executor task 8070
2023-07-07 16:33:39.217 worker_log:613 7382 MainThread [INFO]  All processing finished for executor task 8070
2023-07-07 16:33:39.228 worker_log:584 7382 MainThread [INFO]  Received executor task 8080
2023-07-07 16:34:12.979 worker_log:602 7382 MainThread [INFO]  Completed executor task 8080
2023-07-07 16:34:12.980 worker_log:613 7382 MainThread [INFO]  All processing finished for executor task 8080
2023-07-07 16:34:12.991 worker_log:584 7382 MainThread [INFO]  Received executor task 8096
2023-07-07 16:34:45.640 worker_log:602 7382 MainThread [INFO]  Completed executor task 8096
2023-07-07 16:34:45.649 worker_log:613 7382 MainThread [INFO]  All processing finished for executor task 8096
2023-07-07 16:34:45.653 worker_log:584 7382 MainThread [INFO]  Received executor task 8112
2023-07-07 16:35:16.783 worker_log:602 7382 MainThread [INFO]  Completed executor task 8112
2023-07-07 16:35:16.797 worker_log:613 7382 MainThread [INFO]  All processing finished for executor task 8112
2023-07-07 16:35:16.797 worker_log:584 7382 MainThread [INFO]  Received executor task 8123
2023-07-07 16:35:52.846 worker_log:602 7382 MainThread [INFO]  Completed executor task 8123
2023-07-07 16:35:52.847 worker_log:613 7382 MainThread [INFO]  All processing finished for executor task 8123
2023-07-07 16:35:52.859 worker_log:584 7382 MainThread [INFO]  Received executor task 8137
2023-07-07 16:36:54.099 worker_log:602 7382 MainThread [INFO]  Completed executor task 8137
2023-07-07 16:36:54.099 worker_log:613 7382 MainThread [INFO]  All processing finished for executor task 8137
2023-07-07 16:36:54.110 worker_log:584 7382 MainThread [INFO]  Received executor task 8155
2023-07-07 16:37:30.510 worker_log:602 7382 MainThread [INFO]  Completed executor task 8155
2023-07-07 16:37:30.523 worker_log:613 7382 MainThread [INFO]  All processing finished for executor task 8155
2023-07-07 16:37:30.523 worker_log:584 7382 MainThread [INFO]  Received executor task 8167
2023-07-07 16:38:20.238 worker_log:602 7382 MainThread [INFO]  Completed executor task 8167
2023-07-07 16:38:20.238 worker_log:613 7382 MainThread [INFO]  All processing finished for executor task 8167
2023-07-07 16:38:20.250 worker_log:584 7382 MainThread [INFO]  Received executor task 8183
2023-07-07 16:39:04.092 worker_log:602 7382 MainThread [INFO]  Completed executor task 8183
2023-07-07 16:39:04.092 worker_log:613 7382 MainThread [INFO]  All processing finished for executor task 8183
2023-07-07 16:39:04.103 worker_log:584 7382 MainThread [INFO]  Received executor task 8196
2023-07-07 16:40:13.555 worker_log:602 7382 MainThread [INFO]  Completed executor task 8196
2023-07-07 16:40:13.556 worker_log:613 7382 MainThread [INFO]  All processing finished for executor task 8196
2023-07-07 16:40:13.567 worker_log:584 7382 MainThread [INFO]  Received executor task 8218
2023-07-07 16:40:55.832 worker_log:602 7382 MainThread [INFO]  Completed executor task 8218
2023-07-07 16:40:55.832 worker_log:613 7382 MainThread [INFO]  All processing finished for executor task 8218
2023-07-07 16:40:55.843 worker_log:584 7382 MainThread [INFO]  Received executor task 8233
2023-07-07 16:41:34.421 worker_log:602 7382 MainThread [INFO]  Completed executor task 8233
2023-07-07 16:41:34.422 worker_log:613 7382 MainThread [INFO]  All processing finished for executor task 8233
2023-07-07 16:41:34.433 worker_log:584 7382 MainThread [INFO]  Received executor task 8244
2023-07-07 16:42:10.076 worker_log:602 7382 MainThread [INFO]  Completed executor task 8244
2023-07-07 16:42:10.076 worker_log:613 7382 MainThread [INFO]  All processing finished for executor task 8244
2023-07-07 16:42:10.088 worker_log:584 7382 MainThread [INFO]  Received executor task 8257
2023-07-07 16:42:56.498 worker_log:602 7382 MainThread [INFO]  Completed executor task 8257
2023-07-07 16:42:56.498 worker_log:613 7382 MainThread [INFO]  All processing finished for executor task 8257
2023-07-07 16:42:56.509 worker_log:584 7382 MainThread [INFO]  Received executor task 8270
2023-07-07 16:44:34.579 worker_log:602 7382 MainThread [INFO]  Completed executor task 8270
2023-07-07 16:44:34.579 worker_log:613 7382 MainThread [INFO]  All processing finished for executor task 8270
2023-07-07 16:44:34.590 worker_log:584 7382 MainThread [INFO]  Received executor task 8300
2023-07-07 16:45:41.847 worker_log:602 7382 MainThread [INFO]  Completed executor task 8300
2023-07-07 16:45:41.847 worker_log:613 7382 MainThread [INFO]  All processing finished for executor task 8300
2023-07-07 16:45:41.858 worker_log:584 7382 MainThread [INFO]  Received executor task 8314
2023-07-07 16:47:00.056 worker_log:602 7382 MainThread [INFO]  Completed executor task 8314
2023-07-07 16:47:00.060 worker_log:613 7382 MainThread [INFO]  All processing finished for executor task 8314
2023-07-07 16:47:00.071 worker_log:584 7382 MainThread [INFO]  Received executor task 8335
2023-07-07 16:47:50.414 worker_log:602 7382 MainThread [INFO]  Completed executor task 8335
2023-07-07 16:47:50.414 worker_log:613 7382 MainThread [INFO]  All processing finished for executor task 8335
2023-07-07 16:47:50.425 worker_log:584 7382 MainThread [INFO]  Received executor task 8343
2023-07-07 16:49:12.573 worker_log:602 7382 MainThread [INFO]  Completed executor task 8343
2023-07-07 16:49:12.574 worker_log:613 7382 MainThread [INFO]  All processing finished for executor task 8343
2023-07-07 16:49:12.586 worker_log:584 7382 MainThread [INFO]  Received executor task 8364
2023-07-07 16:49:51.596 worker_log:602 7382 MainThread [INFO]  Completed executor task 8364
2023-07-07 16:49:51.596 worker_log:613 7382 MainThread [INFO]  All processing finished for executor task 8364
2023-07-07 16:49:51.607 worker_log:584 7382 MainThread [INFO]  Received executor task 8373
2023-07-07 16:50:29.336 worker_log:602 7382 MainThread [INFO]  Completed executor task 8373
2023-07-07 16:50:29.336 worker_log:613 7382 MainThread [INFO]  All processing finished for executor task 8373
2023-07-07 16:50:29.347 worker_log:584 7382 MainThread [INFO]  Received executor task 8386
2023-07-07 16:51:02.227 worker_log:602 7382 MainThread [INFO]  Completed executor task 8386
2023-07-07 16:51:02.227 worker_log:613 7382 MainThread [INFO]  All processing finished for executor task 8386
2023-07-07 16:51:02.238 worker_log:584 7382 MainThread [INFO]  Received executor task 8396
2023-07-07 16:51:27.023 worker_log:602 7382 MainThread [INFO]  Completed executor task 8396
2023-07-07 16:51:27.023 worker_log:613 7382 MainThread [INFO]  All processing finished for executor task 8396
2023-07-07 16:51:27.034 worker_log:584 7382 MainThread [INFO]  Received executor task 8405
2023-07-07 16:53:17.468 worker_log:602 7382 MainThread [INFO]  Completed executor task 8405
2023-07-07 16:53:17.468 worker_log:613 7382 MainThread [INFO]  All processing finished for executor task 8405
2023-07-07 16:53:17.480 worker_log:584 7382 MainThread [INFO]  Received executor task 8440
2023-07-07 16:53:35.542 worker_log:602 7382 MainThread [INFO]  Completed executor task 8440
2023-07-07 16:53:35.543 worker_log:613 7382 MainThread [INFO]  All processing finished for executor task 8440
2023-07-07 16:53:35.554 worker_log:584 7382 MainThread [INFO]  Received executor task 8447
2023-07-07 16:53:55.921 worker_log:602 7382 MainThread [INFO]  Completed executor task 8447
2023-07-07 16:53:55.922 worker_log:613 7382 MainThread [INFO]  All processing finished for executor task 8447
2023-07-07 16:53:55.933 worker_log:584 7382 MainThread [INFO]  Received executor task 8462
2023-07-07 16:54:14.025 worker_log:602 7382 MainThread [INFO]  Completed executor task 8462
2023-07-07 16:54:14.034 worker_log:613 7382 MainThread [INFO]  All processing finished for executor task 8462
2023-07-07 16:54:14.037 worker_log:584 7382 MainThread [INFO]  Received executor task 8471
2023-07-07 16:54:52.006 worker_log:602 7382 MainThread [INFO]  Completed executor task 8471
2023-07-07 16:54:52.006 worker_log:613 7382 MainThread [INFO]  All processing finished for executor task 8471
2023-07-07 16:54:52.017 worker_log:584 7382 MainThread [INFO]  Received executor task 8490
2023-07-07 16:55:18.497 worker_log:602 7382 MainThread [INFO]  Completed executor task 8490
2023-07-07 16:55:18.498 worker_log:613 7382 MainThread [INFO]  All processing finished for executor task 8490
2023-07-07 16:55:18.498 worker_log:584 7382 MainThread [INFO]  Received executor task 8507
2023-07-07 16:55:56.419 worker_log:602 7382 MainThread [INFO]  Completed executor task 8507
2023-07-07 16:55:56.419 worker_log:613 7382 MainThread [INFO]  All processing finished for executor task 8507
2023-07-07 16:55:56.431 worker_log:584 7382 MainThread [INFO]  Received executor task 8521
2023-07-07 16:56:37.019 worker_log:602 7382 MainThread [INFO]  Completed executor task 8521
2023-07-07 16:56:37.019 worker_log:613 7382 MainThread [INFO]  All processing finished for executor task 8521
2023-07-07 16:56:37.031 worker_log:584 7382 MainThread [INFO]  Received executor task 8539
2023-07-07 16:57:19.285 worker_log:602 7382 MainThread [INFO]  Completed executor task 8539
2023-07-07 16:57:19.285 worker_log:613 7382 MainThread [INFO]  All processing finished for executor task 8539
2023-07-07 16:57:19.297 worker_log:584 7382 MainThread [INFO]  Received executor task 8561
2023-07-07 16:58:00.866 worker_log:602 7382 MainThread [INFO]  Completed executor task 8561
2023-07-07 16:58:00.867 worker_log:613 7382 MainThread [INFO]  All processing finished for executor task 8561
2023-07-07 16:58:00.879 worker_log:584 7382 MainThread [INFO]  Received executor task 8577
2023-07-07 16:58:21.642 worker_log:602 7382 MainThread [INFO]  Completed executor task 8577
2023-07-07 16:58:21.643 worker_log:613 7382 MainThread [INFO]  All processing finished for executor task 8577
2023-07-07 16:58:21.654 worker_log:584 7382 MainThread [INFO]  Received executor task 8591
2023-07-07 16:58:38.266 worker_log:602 7382 MainThread [INFO]  Completed executor task 8591
2023-07-07 16:58:38.266 worker_log:613 7382 MainThread [INFO]  All processing finished for executor task 8591
2023-07-07 16:58:38.277 worker_log:584 7382 MainThread [INFO]  Received executor task 8601
2023-07-07 16:58:44.510 worker_log:602 7382 MainThread [INFO]  Completed executor task 8601
2023-07-07 16:58:44.511 worker_log:613 7382 MainThread [INFO]  All processing finished for executor task 8601
2023-07-07 16:58:44.523 worker_log:584 7382 MainThread [INFO]  Received executor task 8606
2023-07-07 16:59:04.547 worker_log:602 7382 MainThread [INFO]  Completed executor task 8606
2023-07-07 16:59:04.547 worker_log:613 7382 MainThread [INFO]  All processing finished for executor task 8606
2023-07-07 16:59:04.558 worker_log:584 7382 MainThread [INFO]  Received executor task 8613
2023-07-07 16:59:13.550 worker_log:602 7382 MainThread [INFO]  Completed executor task 8613
2023-07-07 16:59:13.550 worker_log:613 7382 MainThread [INFO]  All processing finished for executor task 8613
2023-07-07 16:59:13.561 worker_log:584 7382 MainThread [INFO]  Received executor task 8622
2023-07-07 17:01:13.455 worker_log:602 7382 MainThread [INFO]  Completed executor task 8622
2023-07-07 17:01:13.456 worker_log:613 7382 MainThread [INFO]  All processing finished for executor task 8622
2023-07-07 17:01:13.467 worker_log:584 7382 MainThread [INFO]  Received executor task 8678
2023-07-07 17:01:45.350 worker_log:602 7382 MainThread [INFO]  Completed executor task 8678
2023-07-07 17:01:45.350 worker_log:613 7382 MainThread [INFO]  All processing finished for executor task 8678
2023-07-07 17:01:45.361 worker_log:584 7382 MainThread [INFO]  Received executor task 8695
2023-07-07 17:02:24.422 worker_log:602 7382 MainThread [INFO]  Completed executor task 8695
2023-07-07 17:02:24.434 worker_log:613 7382 MainThread [INFO]  All processing finished for executor task 8695
2023-07-07 17:02:24.434 worker_log:584 7382 MainThread [INFO]  Received executor task 8717
2023-07-07 17:02:47.289 worker_log:602 7382 MainThread [INFO]  Completed executor task 8717
2023-07-07 17:02:47.289 worker_log:613 7382 MainThread [INFO]  All processing finished for executor task 8717
2023-07-07 17:02:47.304 worker_log:584 7382 MainThread [INFO]  Received executor task 8732
2023-07-07 17:03:03.801 worker_log:602 7382 MainThread [INFO]  Completed executor task 8732
2023-07-07 17:03:03.802 worker_log:613 7382 MainThread [INFO]  All processing finished for executor task 8732
2023-07-07 17:03:03.820 worker_log:584 7382 MainThread [INFO]  Received executor task 8741
2023-07-07 17:03:32.396 worker_log:602 7382 MainThread [INFO]  Completed executor task 8741
2023-07-07 17:03:32.396 worker_log:613 7382 MainThread [INFO]  All processing finished for executor task 8741
2023-07-07 17:03:32.405 worker_log:584 7382 MainThread [INFO]  Received executor task 8760
2023-07-07 17:03:58.682 worker_log:602 7382 MainThread [INFO]  Completed executor task 8760
2023-07-07 17:03:58.682 worker_log:613 7382 MainThread [INFO]  All processing finished for executor task 8760
2023-07-07 17:03:58.694 worker_log:584 7382 MainThread [INFO]  Received executor task 8772
2023-07-07 17:04:44.413 worker_log:602 7382 MainThread [INFO]  Completed executor task 8772
2023-07-07 17:04:44.414 worker_log:613 7382 MainThread [INFO]  All processing finished for executor task 8772
2023-07-07 17:04:44.425 worker_log:584 7382 MainThread [INFO]  Received executor task 8798
2023-07-07 17:05:10.919 worker_log:602 7382 MainThread [INFO]  Completed executor task 8798
2023-07-07 17:05:10.920 worker_log:613 7382 MainThread [INFO]  All processing finished for executor task 8798
2023-07-07 17:05:10.931 worker_log:584 7382 MainThread [INFO]  Received executor task 8817
2023-07-07 17:05:39.828 worker_log:602 7382 MainThread [INFO]  Completed executor task 8817
2023-07-07 17:05:39.829 worker_log:613 7382 MainThread [INFO]  All processing finished for executor task 8817
2023-07-07 17:05:39.840 worker_log:584 7382 MainThread [INFO]  Received executor task 8829
2023-07-07 17:06:11.008 worker_log:602 7382 MainThread [INFO]  Completed executor task 8829
2023-07-07 17:06:11.009 worker_log:613 7382 MainThread [INFO]  All processing finished for executor task 8829
2023-07-07 17:06:11.020 worker_log:584 7382 MainThread [INFO]  Received executor task 8845
2023-07-07 17:07:14.555 worker_log:602 7382 MainThread [INFO]  Completed executor task 8845
2023-07-07 17:07:14.555 worker_log:613 7382 MainThread [INFO]  All processing finished for executor task 8845
2023-07-07 17:07:14.566 worker_log:584 7382 MainThread [INFO]  Received executor task 8879
2023-07-07 17:07:41.915 worker_log:602 7382 MainThread [INFO]  Completed executor task 8879
2023-07-07 17:07:41.915 worker_log:613 7382 MainThread [INFO]  All processing finished for executor task 8879
2023-07-07 17:07:41.927 worker_log:584 7382 MainThread [INFO]  Received executor task 8894
2023-07-07 17:08:05.469 worker_log:602 7382 MainThread [INFO]  Completed executor task 8894
2023-07-07 17:08:05.470 worker_log:613 7382 MainThread [INFO]  All processing finished for executor task 8894
2023-07-07 17:08:05.481 worker_log:584 7382 MainThread [INFO]  Received executor task 8911
2023-07-07 17:08:44.981 worker_log:602 7382 MainThread [INFO]  Completed executor task 8911
2023-07-07 17:08:44.981 worker_log:613 7382 MainThread [INFO]  All processing finished for executor task 8911
2023-07-07 17:08:44.994 worker_log:584 7382 MainThread [INFO]  Received executor task 8931
2023-07-07 17:09:02.999 worker_log:602 7382 MainThread [INFO]  Completed executor task 8931
2023-07-07 17:09:03.000 worker_log:613 7382 MainThread [INFO]  All processing finished for executor task 8931
2023-07-07 17:09:03.011 worker_log:584 7382 MainThread [INFO]  Received executor task 8941
2023-07-07 17:09:41.025 worker_log:602 7382 MainThread [INFO]  Completed executor task 8941
2023-07-07 17:09:41.026 worker_log:613 7382 MainThread [INFO]  All processing finished for executor task 8941
2023-07-07 17:09:41.039 worker_log:584 7382 MainThread [INFO]  Received executor task 8964
2023-07-07 17:09:45.909 worker_log:602 7382 MainThread [INFO]  Completed executor task 8964
2023-07-07 17:09:45.909 worker_log:613 7382 MainThread [INFO]  All processing finished for executor task 8964
2023-07-07 17:09:45.920 worker_log:584 7382 MainThread [INFO]  Received executor task 8970
2023-07-07 17:10:05.943 worker_log:602 7382 MainThread [INFO]  Completed executor task 8970
2023-07-07 17:10:05.968 worker_log:613 7382 MainThread [INFO]  All processing finished for executor task 8970
2023-07-07 17:10:05.970 worker_log:584 7382 MainThread [INFO]  Received executor task 8979
2023-07-07 17:10:54.151 worker_log:602 7382 MainThread [INFO]  Completed executor task 8979
2023-07-07 17:10:54.152 worker_log:613 7382 MainThread [INFO]  All processing finished for executor task 8979
2023-07-07 17:10:54.152 worker_log:584 7382 MainThread [INFO]  Received executor task 8997
2023-07-07 17:12:19.111 worker_log:602 7382 MainThread [INFO]  Completed executor task 8997
2023-07-07 17:12:19.112 worker_log:613 7382 MainThread [INFO]  All processing finished for executor task 8997
2023-07-07 17:12:19.113 worker_log:584 7382 MainThread [INFO]  Received executor task 9018
2023-07-07 17:12:53.717 worker_log:602 7382 MainThread [INFO]  Completed executor task 9018
2023-07-07 17:12:53.718 worker_log:613 7382 MainThread [INFO]  All processing finished for executor task 9018
2023-07-07 17:12:53.729 worker_log:584 7382 MainThread [INFO]  Received executor task 9030
2023-07-07 17:13:20.800 worker_log:602 7382 MainThread [INFO]  Completed executor task 9030
2023-07-07 17:13:20.801 worker_log:613 7382 MainThread [INFO]  All processing finished for executor task 9030
2023-07-07 17:13:20.812 worker_log:584 7382 MainThread [INFO]  Received executor task 9044
2023-07-07 17:14:12.715 worker_log:602 7382 MainThread [INFO]  Completed executor task 9044
2023-07-07 17:14:12.715 worker_log:613 7382 MainThread [INFO]  All processing finished for executor task 9044
2023-07-07 17:14:12.726 worker_log:584 7382 MainThread [INFO]  Received executor task 9059
2023-07-07 17:15:01.027 worker_log:602 7382 MainThread [INFO]  Completed executor task 9059
2023-07-07 17:15:01.027 worker_log:613 7382 MainThread [INFO]  All processing finished for executor task 9059
2023-07-07 17:15:01.044 worker_log:584 7382 MainThread [INFO]  Received executor task 9076
2023-07-07 17:15:21.473 worker_log:602 7382 MainThread [INFO]  Completed executor task 9076
2023-07-07 17:15:21.473 worker_log:613 7382 MainThread [INFO]  All processing finished for executor task 9076
2023-07-07 17:15:21.485 worker_log:584 7382 MainThread [INFO]  Received executor task 9088
2023-07-07 17:16:04.891 worker_log:602 7382 MainThread [INFO]  Completed executor task 9088
2023-07-07 17:16:04.891 worker_log:613 7382 MainThread [INFO]  All processing finished for executor task 9088
2023-07-07 17:16:04.905 worker_log:584 7382 MainThread [INFO]  Received executor task 9105
2023-07-07 17:16:27.634 worker_log:602 7382 MainThread [INFO]  Completed executor task 9105
2023-07-07 17:16:27.635 worker_log:613 7382 MainThread [INFO]  All processing finished for executor task 9105
2023-07-07 17:16:27.646 worker_log:584 7382 MainThread [INFO]  Received executor task 9114
2023-07-07 17:17:39.025 worker_log:602 7382 MainThread [INFO]  Completed executor task 9114
2023-07-07 17:17:39.026 worker_log:613 7382 MainThread [INFO]  All processing finished for executor task 9114
2023-07-07 17:17:39.038 worker_log:584 7382 MainThread [INFO]  Received executor task 9144
2023-07-07 17:18:20.340 worker_log:602 7382 MainThread [INFO]  Completed executor task 9144
2023-07-07 17:18:20.341 worker_log:613 7382 MainThread [INFO]  All processing finished for executor task 9144
2023-07-07 17:18:20.352 worker_log:584 7382 MainThread [INFO]  Received executor task 9164
2023-07-07 17:18:45.087 worker_log:602 7382 MainThread [INFO]  Completed executor task 9164
2023-07-07 17:18:45.091 worker_log:613 7382 MainThread [INFO]  All processing finished for executor task 9164
2023-07-07 17:18:45.103 worker_log:584 7382 MainThread [INFO]  Received executor task 9170
2023-07-07 17:19:02.493 worker_log:602 7382 MainThread [INFO]  Completed executor task 9170
2023-07-07 17:19:02.493 worker_log:613 7382 MainThread [INFO]  All processing finished for executor task 9170
2023-07-07 17:19:02.505 worker_log:584 7382 MainThread [INFO]  Received executor task 9178
2023-07-07 17:19:15.127 worker_log:602 7382 MainThread [INFO]  Completed executor task 9178
2023-07-07 17:19:15.127 worker_log:613 7382 MainThread [INFO]  All processing finished for executor task 9178
2023-07-07 17:19:15.139 worker_log:584 7382 MainThread [INFO]  Received executor task 9190
2023-07-07 17:19:35.061 worker_log:602 7382 MainThread [INFO]  Completed executor task 9190
2023-07-07 17:19:35.062 worker_log:613 7382 MainThread [INFO]  All processing finished for executor task 9190
2023-07-07 17:19:35.073 worker_log:584 7382 MainThread [INFO]  Received executor task 9199
