2023-07-07 11:59:59.660 worker_log:538 7397 MainThread [INFO]  Worker 11 started
2023-07-07 12:02:51.890 worker_log:584 7397 MainThread [INFO]  Received executor task 12
2023-07-07 12:03:30.020 worker_log:602 7397 MainThread [INFO]  Completed executor task 12
2023-07-07 12:03:30.033 worker_log:613 7397 MainThread [INFO]  All processing finished for executor task 12
2023-07-07 12:03:30.049 worker_log:584 7397 MainThread [INFO]  Received executor task 30
2023-07-07 12:04:03.540 worker_log:602 7397 MainThread [INFO]  Completed executor task 30
2023-07-07 12:04:03.540 worker_log:613 7397 MainThread [INFO]  All processing finished for executor task 30
2023-07-07 12:04:03.551 worker_log:584 7397 MainThread [INFO]  Received executor task 49
2023-07-07 12:04:16.869 worker_log:602 7397 MainThread [INFO]  Completed executor task 49
2023-07-07 12:04:16.869 worker_log:613 7397 MainThread [INFO]  All processing finished for executor task 49
2023-07-07 12:04:16.880 worker_log:584 7397 MainThread [INFO]  Received executor task 60
2023-07-07 12:04:31.112 worker_log:602 7397 MainThread [INFO]  Completed executor task 60
2023-07-07 12:04:31.112 worker_log:613 7397 MainThread [INFO]  All processing finished for executor task 60
2023-07-07 12:04:31.124 worker_log:584 7397 MainThread [INFO]  Received executor task 68
2023-07-07 12:04:54.537 worker_log:602 7397 MainThread [INFO]  Completed executor task 68
2023-07-07 12:04:54.537 worker_log:613 7397 MainThread [INFO]  All processing finished for executor task 68
2023-07-07 12:04:54.548 worker_log:584 7397 MainThread [INFO]  Received executor task 80
2023-07-07 12:05:39.352 worker_log:602 7397 MainThread [INFO]  Completed executor task 80
2023-07-07 12:05:39.353 worker_log:613 7397 MainThread [INFO]  All processing finished for executor task 80
2023-07-07 12:05:39.364 worker_log:584 7397 MainThread [INFO]  Received executor task 106
2023-07-07 12:06:05.218 worker_log:602 7397 MainThread [INFO]  Completed executor task 106
2023-07-07 12:06:05.219 worker_log:613 7397 MainThread [INFO]  All processing finished for executor task 106
2023-07-07 12:06:05.231 worker_log:584 7397 MainThread [INFO]  Received executor task 120
2023-07-07 12:06:40.880 worker_log:602 7397 MainThread [INFO]  Completed executor task 120
2023-07-07 12:06:40.880 worker_log:613 7397 MainThread [INFO]  All processing finished for executor task 120
2023-07-07 12:06:40.892 worker_log:584 7397 MainThread [INFO]  Received executor task 139
2023-07-07 12:07:00.422 worker_log:602 7397 MainThread [INFO]  Completed executor task 139
2023-07-07 12:07:00.423 worker_log:613 7397 MainThread [INFO]  All processing finished for executor task 139
2023-07-07 12:07:00.434 worker_log:584 7397 MainThread [INFO]  Received executor task 151
2023-07-07 12:07:19.742 worker_log:602 7397 MainThread [INFO]  Completed executor task 151
2023-07-07 12:07:19.743 worker_log:613 7397 MainThread [INFO]  All processing finished for executor task 151
2023-07-07 12:07:19.763 worker_log:584 7397 MainThread [INFO]  Received executor task 161
2023-07-07 12:07:51.124 worker_log:602 7397 MainThread [INFO]  Completed executor task 161
2023-07-07 12:07:51.133 worker_log:613 7397 MainThread [INFO]  All processing finished for executor task 161
2023-07-07 12:07:51.135 worker_log:584 7397 MainThread [INFO]  Received executor task 179
2023-07-07 12:08:06.741 worker_log:602 7397 MainThread [INFO]  Completed executor task 179
2023-07-07 12:08:06.741 worker_log:613 7397 MainThread [INFO]  All processing finished for executor task 179
2023-07-07 12:08:06.752 worker_log:584 7397 MainThread [INFO]  Received executor task 187
2023-07-07 12:08:42.617 worker_log:602 7397 MainThread [INFO]  Completed executor task 187
2023-07-07 12:08:42.617 worker_log:613 7397 MainThread [INFO]  All processing finished for executor task 187
2023-07-07 12:08:42.628 worker_log:584 7397 MainThread [INFO]  Received executor task 207
2023-07-07 12:09:38.577 worker_log:602 7397 MainThread [INFO]  Completed executor task 207
2023-07-07 12:09:38.590 worker_log:613 7397 MainThread [INFO]  All processing finished for executor task 207
2023-07-07 12:09:38.590 worker_log:584 7397 MainThread [INFO]  Received executor task 231
2023-07-07 12:10:16.795 worker_log:602 7397 MainThread [INFO]  Completed executor task 231
2023-07-07 12:10:16.796 worker_log:613 7397 MainThread [INFO]  All processing finished for executor task 231
2023-07-07 12:10:16.807 worker_log:584 7397 MainThread [INFO]  Received executor task 248
2023-07-07 12:11:15.878 worker_log:602 7397 MainThread [INFO]  Completed executor task 248
2023-07-07 12:11:15.889 worker_log:613 7397 MainThread [INFO]  All processing finished for executor task 248
2023-07-07 12:11:15.890 worker_log:584 7397 MainThread [INFO]  Received executor task 272
2023-07-07 12:11:44.218 worker_log:602 7397 MainThread [INFO]  Completed executor task 272
2023-07-07 12:11:44.219 worker_log:613 7397 MainThread [INFO]  All processing finished for executor task 272
2023-07-07 12:11:44.230 worker_log:584 7397 MainThread [INFO]  Received executor task 285
2023-07-07 12:12:29.741 worker_log:602 7397 MainThread [INFO]  Completed executor task 285
2023-07-07 12:12:29.742 worker_log:613 7397 MainThread [INFO]  All processing finished for executor task 285
2023-07-07 12:12:29.753 worker_log:584 7397 MainThread [INFO]  Received executor task 305
2023-07-07 12:12:49.113 worker_log:602 7397 MainThread [INFO]  Completed executor task 305
2023-07-07 12:12:49.113 worker_log:613 7397 MainThread [INFO]  All processing finished for executor task 305
2023-07-07 12:12:49.124 worker_log:584 7397 MainThread [INFO]  Received executor task 317
2023-07-07 12:13:15.316 worker_log:602 7397 MainThread [INFO]  Completed executor task 317
2023-07-07 12:13:15.316 worker_log:613 7397 MainThread [INFO]  All processing finished for executor task 317
2023-07-07 12:13:15.327 worker_log:584 7397 MainThread [INFO]  Received executor task 332
2023-07-07 12:13:57.944 worker_log:602 7397 MainThread [INFO]  Completed executor task 332
2023-07-07 12:13:57.945 worker_log:613 7397 MainThread [INFO]  All processing finished for executor task 332
2023-07-07 12:13:57.956 worker_log:584 7397 MainThread [INFO]  Received executor task 357
2023-07-07 12:14:30.203 worker_log:602 7397 MainThread [INFO]  Completed executor task 357
2023-07-07 12:14:30.210 worker_log:613 7397 MainThread [INFO]  All processing finished for executor task 357
2023-07-07 12:14:30.215 worker_log:584 7397 MainThread [INFO]  Received executor task 372
2023-07-07 12:15:13.704 worker_log:602 7397 MainThread [INFO]  Completed executor task 372
2023-07-07 12:15:13.717 worker_log:613 7397 MainThread [INFO]  All processing finished for executor task 372
2023-07-07 12:15:13.717 worker_log:584 7397 MainThread [INFO]  Received executor task 396
2023-07-07 12:15:46.453 worker_log:602 7397 MainThread [INFO]  Completed executor task 396
2023-07-07 12:15:46.453 worker_log:613 7397 MainThread [INFO]  All processing finished for executor task 396
2023-07-07 12:15:46.464 worker_log:584 7397 MainThread [INFO]  Received executor task 406
2023-07-07 12:16:19.911 worker_log:602 7397 MainThread [INFO]  Completed executor task 406
2023-07-07 12:16:19.911 worker_log:613 7397 MainThread [INFO]  All processing finished for executor task 406
2023-07-07 12:16:19.922 worker_log:584 7397 MainThread [INFO]  Received executor task 422
2023-07-07 12:17:02.621 worker_log:602 7397 MainThread [INFO]  Completed executor task 422
2023-07-07 12:17:02.622 worker_log:613 7397 MainThread [INFO]  All processing finished for executor task 422
2023-07-07 12:17:02.634 worker_log:584 7397 MainThread [INFO]  Received executor task 440
2023-07-07 12:17:32.263 worker_log:602 7397 MainThread [INFO]  Completed executor task 440
2023-07-07 12:17:32.263 worker_log:613 7397 MainThread [INFO]  All processing finished for executor task 440
2023-07-07 12:17:32.274 worker_log:584 7397 MainThread [INFO]  Received executor task 453
2023-07-07 12:18:06.508 worker_log:602 7397 MainThread [INFO]  Completed executor task 453
2023-07-07 12:18:06.508 worker_log:613 7397 MainThread [INFO]  All processing finished for executor task 453
2023-07-07 12:18:06.520 worker_log:584 7397 MainThread [INFO]  Received executor task 472
2023-07-07 12:18:48.953 worker_log:602 7397 MainThread [INFO]  Completed executor task 472
2023-07-07 12:18:48.954 worker_log:613 7397 MainThread [INFO]  All processing finished for executor task 472
2023-07-07 12:18:48.965 worker_log:584 7397 MainThread [INFO]  Received executor task 492
2023-07-07 12:19:37.403 worker_log:602 7397 MainThread [INFO]  Completed executor task 492
2023-07-07 12:19:37.404 worker_log:613 7397 MainThread [INFO]  All processing finished for executor task 492
2023-07-07 12:19:37.415 worker_log:584 7397 MainThread [INFO]  Received executor task 514
2023-07-07 12:19:53.811 worker_log:602 7397 MainThread [INFO]  Completed executor task 514
2023-07-07 12:19:53.811 worker_log:613 7397 MainThread [INFO]  All processing finished for executor task 514
2023-07-07 12:19:53.823 worker_log:584 7397 MainThread [INFO]  Received executor task 527
2023-07-07 12:20:26.303 worker_log:602 7397 MainThread [INFO]  Completed executor task 527
2023-07-07 12:20:26.303 worker_log:613 7397 MainThread [INFO]  All processing finished for executor task 527
2023-07-07 12:20:26.315 worker_log:584 7397 MainThread [INFO]  Received executor task 540
2023-07-07 12:21:43.996 worker_log:602 7397 MainThread [INFO]  Completed executor task 540
2023-07-07 12:21:43.997 worker_log:613 7397 MainThread [INFO]  All processing finished for executor task 540
2023-07-07 12:21:44.008 worker_log:584 7397 MainThread [INFO]  Received executor task 570
2023-07-07 12:23:04.771 worker_log:602 7397 MainThread [INFO]  Completed executor task 570
2023-07-07 12:23:04.772 worker_log:613 7397 MainThread [INFO]  All processing finished for executor task 570
2023-07-07 12:23:04.791 worker_log:584 7397 MainThread [INFO]  Received executor task 605
2023-07-07 12:24:09.943 worker_log:602 7397 MainThread [INFO]  Completed executor task 605
2023-07-07 12:24:09.943 worker_log:613 7397 MainThread [INFO]  All processing finished for executor task 605
2023-07-07 12:24:09.954 worker_log:584 7397 MainThread [INFO]  Received executor task 640
2023-07-07 12:24:28.523 worker_log:602 7397 MainThread [INFO]  Completed executor task 640
2023-07-07 12:24:28.524 worker_log:613 7397 MainThread [INFO]  All processing finished for executor task 640
2023-07-07 12:24:28.535 worker_log:584 7397 MainThread [INFO]  Received executor task 650
2023-07-07 12:25:14.979 worker_log:602 7397 MainThread [INFO]  Completed executor task 650
2023-07-07 12:25:14.979 worker_log:613 7397 MainThread [INFO]  All processing finished for executor task 650
2023-07-07 12:25:15.000 worker_log:584 7397 MainThread [INFO]  Received executor task 670
2023-07-07 12:26:13.311 worker_log:602 7397 MainThread [INFO]  Completed executor task 670
2023-07-07 12:26:13.311 worker_log:613 7397 MainThread [INFO]  All processing finished for executor task 670
2023-07-07 12:26:13.323 worker_log:584 7397 MainThread [INFO]  Received executor task 695
2023-07-07 12:26:35.916 worker_log:602 7397 MainThread [INFO]  Completed executor task 695
2023-07-07 12:26:35.917 worker_log:613 7397 MainThread [INFO]  All processing finished for executor task 695
2023-07-07 12:26:35.932 worker_log:584 7397 MainThread [INFO]  Received executor task 707
2023-07-07 12:27:02.903 worker_log:602 7397 MainThread [INFO]  Completed executor task 707
2023-07-07 12:27:02.904 worker_log:613 7397 MainThread [INFO]  All processing finished for executor task 707
2023-07-07 12:27:02.915 worker_log:584 7397 MainThread [INFO]  Received executor task 719
2023-07-07 12:28:01.278 worker_log:602 7397 MainThread [INFO]  Completed executor task 719
2023-07-07 12:28:01.278 worker_log:613 7397 MainThread [INFO]  All processing finished for executor task 719
2023-07-07 12:28:01.290 worker_log:584 7397 MainThread [INFO]  Received executor task 750
2023-07-07 12:28:51.127 worker_log:602 7397 MainThread [INFO]  Completed executor task 750
2023-07-07 12:28:51.128 worker_log:613 7397 MainThread [INFO]  All processing finished for executor task 750
2023-07-07 12:28:51.139 worker_log:584 7397 MainThread [INFO]  Received executor task 773
2023-07-07 12:30:10.775 worker_log:602 7397 MainThread [INFO]  Completed executor task 773
2023-07-07 12:30:10.776 worker_log:613 7397 MainThread [INFO]  All processing finished for executor task 773
2023-07-07 12:30:10.787 worker_log:584 7397 MainThread [INFO]  Received executor task 811
2023-07-07 12:30:53.153 worker_log:602 7397 MainThread [INFO]  Completed executor task 811
2023-07-07 12:30:53.154 worker_log:613 7397 MainThread [INFO]  All processing finished for executor task 811
2023-07-07 12:30:53.166 worker_log:584 7397 MainThread [INFO]  Received executor task 836
2023-07-07 12:31:28.646 worker_log:602 7397 MainThread [INFO]  Completed executor task 836
2023-07-07 12:31:28.646 worker_log:613 7397 MainThread [INFO]  All processing finished for executor task 836
2023-07-07 12:31:28.647 worker_log:584 7397 MainThread [INFO]  Received executor task 858
2023-07-07 12:32:01.893 worker_log:602 7397 MainThread [INFO]  Completed executor task 858
2023-07-07 12:32:01.893 worker_log:613 7397 MainThread [INFO]  All processing finished for executor task 858
2023-07-07 12:32:01.904 worker_log:584 7397 MainThread [INFO]  Received executor task 876
2023-07-07 12:32:30.717 worker_log:602 7397 MainThread [INFO]  Completed executor task 876
2023-07-07 12:32:30.718 worker_log:613 7397 MainThread [INFO]  All processing finished for executor task 876
2023-07-07 12:32:30.728 worker_log:584 7397 MainThread [INFO]  Received executor task 889
2023-07-07 12:32:56.292 worker_log:602 7397 MainThread [INFO]  Completed executor task 889
2023-07-07 12:32:56.292 worker_log:613 7397 MainThread [INFO]  All processing finished for executor task 889
2023-07-07 12:32:56.304 worker_log:584 7397 MainThread [INFO]  Received executor task 908
2023-07-07 12:33:07.914 worker_log:602 7397 MainThread [INFO]  Completed executor task 908
2023-07-07 12:33:07.915 worker_log:613 7397 MainThread [INFO]  All processing finished for executor task 908
2023-07-07 12:33:07.926 worker_log:584 7397 MainThread [INFO]  Received executor task 920
2023-07-07 12:33:38.947 worker_log:602 7397 MainThread [INFO]  Completed executor task 920
2023-07-07 12:33:38.947 worker_log:613 7397 MainThread [INFO]  All processing finished for executor task 920
2023-07-07 12:33:38.958 worker_log:584 7397 MainThread [INFO]  Received executor task 938
2023-07-07 12:34:18.869 worker_log:602 7397 MainThread [INFO]  Completed executor task 938
2023-07-07 12:34:18.870 worker_log:613 7397 MainThread [INFO]  All processing finished for executor task 938
2023-07-07 12:34:18.881 worker_log:584 7397 MainThread [INFO]  Received executor task 962
2023-07-07 12:35:04.423 worker_log:602 7397 MainThread [INFO]  Completed executor task 962
2023-07-07 12:35:04.423 worker_log:613 7397 MainThread [INFO]  All processing finished for executor task 962
2023-07-07 12:35:04.438 worker_log:584 7397 MainThread [INFO]  Received executor task 990
2023-07-07 12:35:31.188 worker_log:602 7397 MainThread [INFO]  Completed executor task 990
2023-07-07 12:35:31.189 worker_log:613 7397 MainThread [INFO]  All processing finished for executor task 990
2023-07-07 12:35:31.200 worker_log:584 7397 MainThread [INFO]  Received executor task 1006
2023-07-07 12:35:38.179 worker_log:602 7397 MainThread [INFO]  Completed executor task 1006
2023-07-07 12:35:38.179 worker_log:613 7397 MainThread [INFO]  All processing finished for executor task 1006
2023-07-07 12:35:38.191 worker_log:584 7397 MainThread [INFO]  Received executor task 1010
2023-07-07 12:35:59.439 worker_log:602 7397 MainThread [INFO]  Completed executor task 1010
2023-07-07 12:35:59.442 worker_log:613 7397 MainThread [INFO]  All processing finished for executor task 1010
2023-07-07 12:35:59.451 worker_log:584 7397 MainThread [INFO]  Received executor task 1023
2023-07-07 12:36:07.668 worker_log:602 7397 MainThread [INFO]  Completed executor task 1023
2023-07-07 12:36:07.668 worker_log:613 7397 MainThread [INFO]  All processing finished for executor task 1023
2023-07-07 12:36:07.680 worker_log:584 7397 MainThread [INFO]  Received executor task 1026
2023-07-07 12:36:35.551 worker_log:602 7397 MainThread [INFO]  Completed executor task 1026
2023-07-07 12:36:35.551 worker_log:613 7397 MainThread [INFO]  All processing finished for executor task 1026
2023-07-07 12:36:35.562 worker_log:584 7397 MainThread [INFO]  Received executor task 1038
2023-07-07 12:36:53.668 worker_log:602 7397 MainThread [INFO]  Completed executor task 1038
2023-07-07 12:36:53.668 worker_log:613 7397 MainThread [INFO]  All processing finished for executor task 1038
2023-07-07 12:36:53.680 worker_log:584 7397 MainThread [INFO]  Received executor task 1047
2023-07-07 12:37:35.692 worker_log:602 7397 MainThread [INFO]  Completed executor task 1047
2023-07-07 12:37:35.693 worker_log:613 7397 MainThread [INFO]  All processing finished for executor task 1047
2023-07-07 12:37:35.704 worker_log:584 7397 MainThread [INFO]  Received executor task 1071
2023-07-07 12:37:56.998 worker_log:602 7397 MainThread [INFO]  Completed executor task 1071
2023-07-07 12:37:56.998 worker_log:613 7397 MainThread [INFO]  All processing finished for executor task 1071
2023-07-07 12:37:57.010 worker_log:584 7397 MainThread [INFO]  Received executor task 1084
2023-07-07 12:38:57.925 worker_log:602 7397 MainThread [INFO]  Completed executor task 1084
2023-07-07 12:38:57.925 worker_log:613 7397 MainThread [INFO]  All processing finished for executor task 1084
2023-07-07 12:38:57.926 worker_log:584 7397 MainThread [INFO]  Received executor task 1108
2023-07-07 12:39:45.358 worker_log:602 7397 MainThread [INFO]  Completed executor task 1108
2023-07-07 12:39:45.359 worker_log:613 7397 MainThread [INFO]  All processing finished for executor task 1108
2023-07-07 12:39:45.370 worker_log:584 7397 MainThread [INFO]  Received executor task 1129
2023-07-07 12:40:26.541 worker_log:602 7397 MainThread [INFO]  Completed executor task 1129
2023-07-07 12:40:26.542 worker_log:613 7397 MainThread [INFO]  All processing finished for executor task 1129
2023-07-07 12:40:26.553 worker_log:584 7397 MainThread [INFO]  Received executor task 1141
2023-07-07 12:41:12.006 worker_log:602 7397 MainThread [INFO]  Completed executor task 1141
2023-07-07 12:41:12.007 worker_log:613 7397 MainThread [INFO]  All processing finished for executor task 1141
2023-07-07 12:41:12.018 worker_log:584 7397 MainThread [INFO]  Received executor task 1162
2023-07-07 12:41:42.852 worker_log:602 7397 MainThread [INFO]  Completed executor task 1162
2023-07-07 12:41:42.853 worker_log:613 7397 MainThread [INFO]  All processing finished for executor task 1162
2023-07-07 12:41:42.865 worker_log:584 7397 MainThread [INFO]  Received executor task 1173
2023-07-07 12:42:13.711 worker_log:602 7397 MainThread [INFO]  Completed executor task 1173
2023-07-07 12:42:13.711 worker_log:613 7397 MainThread [INFO]  All processing finished for executor task 1173
2023-07-07 12:42:13.732 worker_log:584 7397 MainThread [INFO]  Received executor task 1192
2023-07-07 12:42:48.826 worker_log:602 7397 MainThread [INFO]  Completed executor task 1192
2023-07-07 12:42:48.826 worker_log:613 7397 MainThread [INFO]  All processing finished for executor task 1192
2023-07-07 12:42:48.837 worker_log:584 7397 MainThread [INFO]  Received executor task 1206
2023-07-07 12:43:31.315 worker_log:602 7397 MainThread [INFO]  Completed executor task 1206
2023-07-07 12:43:31.315 worker_log:613 7397 MainThread [INFO]  All processing finished for executor task 1206
2023-07-07 12:43:31.326 worker_log:584 7397 MainThread [INFO]  Received executor task 1226
2023-07-07 12:44:49.567 worker_log:602 7397 MainThread [INFO]  Completed executor task 1226
2023-07-07 12:44:49.570 worker_log:613 7397 MainThread [INFO]  All processing finished for executor task 1226
2023-07-07 12:44:49.578 worker_log:584 7397 MainThread [INFO]  Received executor task 1266
2023-07-07 12:45:28.363 worker_log:602 7397 MainThread [INFO]  Completed executor task 1266
2023-07-07 12:45:28.363 worker_log:613 7397 MainThread [INFO]  All processing finished for executor task 1266
2023-07-07 12:45:28.374 worker_log:584 7397 MainThread [INFO]  Received executor task 1287
2023-07-07 12:46:11.533 worker_log:602 7397 MainThread [INFO]  Completed executor task 1287
2023-07-07 12:46:11.533 worker_log:613 7397 MainThread [INFO]  All processing finished for executor task 1287
2023-07-07 12:46:11.544 worker_log:584 7397 MainThread [INFO]  Received executor task 1308
2023-07-07 12:46:44.336 worker_log:602 7397 MainThread [INFO]  Completed executor task 1308
2023-07-07 12:46:44.337 worker_log:613 7397 MainThread [INFO]  All processing finished for executor task 1308
2023-07-07 12:46:44.348 worker_log:584 7397 MainThread [INFO]  Received executor task 1319
2023-07-07 12:47:19.748 worker_log:602 7397 MainThread [INFO]  Completed executor task 1319
2023-07-07 12:47:19.748 worker_log:613 7397 MainThread [INFO]  All processing finished for executor task 1319
2023-07-07 12:47:19.759 worker_log:584 7397 MainThread [INFO]  Received executor task 1336
2023-07-07 12:47:43.842 worker_log:602 7397 MainThread [INFO]  Completed executor task 1336
2023-07-07 12:47:43.842 worker_log:613 7397 MainThread [INFO]  All processing finished for executor task 1336
2023-07-07 12:47:43.853 worker_log:584 7397 MainThread [INFO]  Received executor task 1350
2023-07-07 12:48:05.795 worker_log:602 7397 MainThread [INFO]  Completed executor task 1350
2023-07-07 12:48:05.795 worker_log:613 7397 MainThread [INFO]  All processing finished for executor task 1350
2023-07-07 12:48:05.807 worker_log:584 7397 MainThread [INFO]  Received executor task 1359
2023-07-07 12:48:13.873 worker_log:602 7397 MainThread [INFO]  Completed executor task 1359
2023-07-07 12:48:13.873 worker_log:613 7397 MainThread [INFO]  All processing finished for executor task 1359
2023-07-07 12:48:13.884 worker_log:584 7397 MainThread [INFO]  Received executor task 1364
2023-07-07 12:48:34.823 worker_log:602 7397 MainThread [INFO]  Completed executor task 1364
2023-07-07 12:48:34.823 worker_log:613 7397 MainThread [INFO]  All processing finished for executor task 1364
2023-07-07 12:48:34.834 worker_log:584 7397 MainThread [INFO]  Received executor task 1374
2023-07-07 12:48:57.937 worker_log:602 7397 MainThread [INFO]  Completed executor task 1374
2023-07-07 12:48:57.937 worker_log:613 7397 MainThread [INFO]  All processing finished for executor task 1374
2023-07-07 12:48:57.948 worker_log:584 7397 MainThread [INFO]  Received executor task 1382
2023-07-07 12:49:26.453 worker_log:602 7397 MainThread [INFO]  Completed executor task 1382
2023-07-07 12:49:26.454 worker_log:613 7397 MainThread [INFO]  All processing finished for executor task 1382
2023-07-07 12:49:26.465 worker_log:584 7397 MainThread [INFO]  Received executor task 1397
2023-07-07 12:49:45.932 worker_log:602 7397 MainThread [INFO]  Completed executor task 1397
2023-07-07 12:49:45.932 worker_log:613 7397 MainThread [INFO]  All processing finished for executor task 1397
2023-07-07 12:49:45.943 worker_log:584 7397 MainThread [INFO]  Received executor task 1407
2023-07-07 12:50:42.870 worker_log:602 7397 MainThread [INFO]  Completed executor task 1407
2023-07-07 12:50:42.871 worker_log:613 7397 MainThread [INFO]  All processing finished for executor task 1407
2023-07-07 12:50:42.882 worker_log:584 7397 MainThread [INFO]  Received executor task 1439
2023-07-07 12:50:59.752 worker_log:602 7397 MainThread [INFO]  Completed executor task 1439
2023-07-07 12:50:59.753 worker_log:613 7397 MainThread [INFO]  All processing finished for executor task 1439
2023-07-07 12:50:59.764 worker_log:584 7397 MainThread [INFO]  Received executor task 1444
2023-07-07 12:52:01.136 worker_log:602 7397 MainThread [INFO]  Completed executor task 1444
2023-07-07 12:52:01.137 worker_log:613 7397 MainThread [INFO]  All processing finished for executor task 1444
2023-07-07 12:52:01.148 worker_log:584 7397 MainThread [INFO]  Received executor task 1471
2023-07-07 12:52:18.852 worker_log:602 7397 MainThread [INFO]  Completed executor task 1471
2023-07-07 12:52:18.852 worker_log:613 7397 MainThread [INFO]  All processing finished for executor task 1471
2023-07-07 12:52:18.863 worker_log:584 7397 MainThread [INFO]  Received executor task 1485
2023-07-07 12:52:43.217 worker_log:602 7397 MainThread [INFO]  Completed executor task 1485
2023-07-07 12:52:43.217 worker_log:613 7397 MainThread [INFO]  All processing finished for executor task 1485
2023-07-07 12:52:43.228 worker_log:584 7397 MainThread [INFO]  Received executor task 1496
2023-07-07 12:53:00.783 worker_log:602 7397 MainThread [INFO]  Completed executor task 1496
2023-07-07 12:53:00.783 worker_log:613 7397 MainThread [INFO]  All processing finished for executor task 1496
2023-07-07 12:53:00.794 worker_log:584 7397 MainThread [INFO]  Received executor task 1505
2023-07-07 12:53:32.367 worker_log:602 7397 MainThread [INFO]  Completed executor task 1505
2023-07-07 12:53:32.367 worker_log:613 7397 MainThread [INFO]  All processing finished for executor task 1505
2023-07-07 12:53:32.379 worker_log:584 7397 MainThread [INFO]  Received executor task 1523
2023-07-07 12:54:01.090 worker_log:602 7397 MainThread [INFO]  Completed executor task 1523
2023-07-07 12:54:01.091 worker_log:613 7397 MainThread [INFO]  All processing finished for executor task 1523
2023-07-07 12:54:01.102 worker_log:584 7397 MainThread [INFO]  Received executor task 1539
2023-07-07 12:54:38.392 worker_log:602 7397 MainThread [INFO]  Completed executor task 1539
2023-07-07 12:54:38.393 worker_log:613 7397 MainThread [INFO]  All processing finished for executor task 1539
2023-07-07 12:54:38.406 worker_log:584 7397 MainThread [INFO]  Received executor task 1559
2023-07-07 12:54:54.640 worker_log:602 7397 MainThread [INFO]  Completed executor task 1559
2023-07-07 12:54:54.640 worker_log:613 7397 MainThread [INFO]  All processing finished for executor task 1559
2023-07-07 12:54:54.651 worker_log:584 7397 MainThread [INFO]  Received executor task 1568
2023-07-07 12:55:17.703 worker_log:602 7397 MainThread [INFO]  Completed executor task 1568
2023-07-07 12:55:17.704 worker_log:613 7397 MainThread [INFO]  All processing finished for executor task 1568
2023-07-07 12:55:17.715 worker_log:584 7397 MainThread [INFO]  Received executor task 1582
2023-07-07 12:55:37.794 worker_log:602 7397 MainThread [INFO]  Completed executor task 1582
2023-07-07 12:55:37.795 worker_log:613 7397 MainThread [INFO]  All processing finished for executor task 1582
2023-07-07 12:55:37.807 worker_log:584 7397 MainThread [INFO]  Received executor task 1591
2023-07-07 12:56:14.156 worker_log:602 7397 MainThread [INFO]  Completed executor task 1591
2023-07-07 12:56:14.167 worker_log:613 7397 MainThread [INFO]  All processing finished for executor task 1591
2023-07-07 12:56:14.168 worker_log:584 7397 MainThread [INFO]  Received executor task 1613
2023-07-07 12:57:20.178 worker_log:602 7397 MainThread [INFO]  Completed executor task 1613
2023-07-07 12:57:20.178 worker_log:613 7397 MainThread [INFO]  All processing finished for executor task 1613
2023-07-07 12:57:20.189 worker_log:584 7397 MainThread [INFO]  Received executor task 1652
2023-07-07 12:58:27.964 worker_log:602 7397 MainThread [INFO]  Completed executor task 1652
2023-07-07 12:58:27.965 worker_log:613 7397 MainThread [INFO]  All processing finished for executor task 1652
2023-07-07 12:58:27.976 worker_log:584 7397 MainThread [INFO]  Received executor task 1686
2023-07-07 12:58:57.554 worker_log:602 7397 MainThread [INFO]  Completed executor task 1686
2023-07-07 12:58:57.555 worker_log:613 7397 MainThread [INFO]  All processing finished for executor task 1686
2023-07-07 12:58:57.566 worker_log:584 7397 MainThread [INFO]  Received executor task 1698
2023-07-07 12:59:14.977 worker_log:602 7397 MainThread [INFO]  Completed executor task 1698
2023-07-07 12:59:14.978 worker_log:613 7397 MainThread [INFO]  All processing finished for executor task 1698
2023-07-07 12:59:14.989 worker_log:584 7397 MainThread [INFO]  Received executor task 1710
2023-07-07 12:59:24.955 worker_log:602 7397 MainThread [INFO]  Completed executor task 1710
2023-07-07 12:59:24.955 worker_log:613 7397 MainThread [INFO]  All processing finished for executor task 1710
2023-07-07 12:59:24.966 worker_log:584 7397 MainThread [INFO]  Received executor task 1724
2023-07-07 12:59:53.630 worker_log:602 7397 MainThread [INFO]  Completed executor task 1724
2023-07-07 12:59:53.631 worker_log:613 7397 MainThread [INFO]  All processing finished for executor task 1724
2023-07-07 12:59:53.642 worker_log:584 7397 MainThread [INFO]  Received executor task 1747
2023-07-07 13:00:19.868 worker_log:602 7397 MainThread [INFO]  Completed executor task 1747
2023-07-07 13:00:19.868 worker_log:613 7397 MainThread [INFO]  All processing finished for executor task 1747
2023-07-07 13:00:19.881 worker_log:584 7397 MainThread [INFO]  Received executor task 1768
2023-07-07 13:01:02.684 worker_log:602 7397 MainThread [INFO]  Completed executor task 1768
2023-07-07 13:01:02.684 worker_log:613 7397 MainThread [INFO]  All processing finished for executor task 1768
2023-07-07 13:01:02.696 worker_log:584 7397 MainThread [INFO]  Received executor task 1794
2023-07-07 13:02:01.268 worker_log:602 7397 MainThread [INFO]  Completed executor task 1794
2023-07-07 13:02:01.269 worker_log:613 7397 MainThread [INFO]  All processing finished for executor task 1794
2023-07-07 13:02:01.279 worker_log:584 7397 MainThread [INFO]  Received executor task 1814
2023-07-07 13:03:08.127 worker_log:602 7397 MainThread [INFO]  Completed executor task 1814
2023-07-07 13:03:08.128 worker_log:613 7397 MainThread [INFO]  All processing finished for executor task 1814
2023-07-07 13:03:08.129 worker_log:584 7397 MainThread [INFO]  Received executor task 1843
2023-07-07 13:03:31.876 worker_log:602 7397 MainThread [INFO]  Completed executor task 1843
2023-07-07 13:03:31.877 worker_log:613 7397 MainThread [INFO]  All processing finished for executor task 1843
2023-07-07 13:03:31.888 worker_log:584 7397 MainThread [INFO]  Received executor task 1853
2023-07-07 13:04:40.160 worker_log:602 7397 MainThread [INFO]  Completed executor task 1853
2023-07-07 13:04:40.160 worker_log:613 7397 MainThread [INFO]  All processing finished for executor task 1853
2023-07-07 13:04:40.171 worker_log:584 7397 MainThread [INFO]  Received executor task 1887
2023-07-07 13:05:23.034 worker_log:602 7397 MainThread [INFO]  Completed executor task 1887
2023-07-07 13:05:23.035 worker_log:613 7397 MainThread [INFO]  All processing finished for executor task 1887
2023-07-07 13:05:23.046 worker_log:584 7397 MainThread [INFO]  Received executor task 1912
2023-07-07 13:05:50.444 worker_log:602 7397 MainThread [INFO]  Completed executor task 1912
2023-07-07 13:05:50.444 worker_log:613 7397 MainThread [INFO]  All processing finished for executor task 1912
2023-07-07 13:05:50.455 worker_log:584 7397 MainThread [INFO]  Received executor task 1922
2023-07-07 13:06:38.543 worker_log:602 7397 MainThread [INFO]  Completed executor task 1922
2023-07-07 13:06:38.544 worker_log:613 7397 MainThread [INFO]  All processing finished for executor task 1922
2023-07-07 13:06:38.556 worker_log:584 7397 MainThread [INFO]  Received executor task 1948
2023-07-07 13:07:17.502 worker_log:602 7397 MainThread [INFO]  Completed executor task 1948
2023-07-07 13:07:17.502 worker_log:613 7397 MainThread [INFO]  All processing finished for executor task 1948
2023-07-07 13:07:17.513 worker_log:584 7397 MainThread [INFO]  Received executor task 1968
2023-07-07 13:07:49.999 worker_log:602 7397 MainThread [INFO]  Completed executor task 1968
2023-07-07 13:07:49.999 worker_log:613 7397 MainThread [INFO]  All processing finished for executor task 1968
2023-07-07 13:07:50.010 worker_log:584 7397 MainThread [INFO]  Received executor task 1982
2023-07-07 13:08:18.322 worker_log:602 7397 MainThread [INFO]  Completed executor task 1982
2023-07-07 13:08:18.322 worker_log:613 7397 MainThread [INFO]  All processing finished for executor task 1982
2023-07-07 13:08:18.333 worker_log:584 7397 MainThread [INFO]  Received executor task 1994
2023-07-07 13:08:52.703 worker_log:602 7397 MainThread [INFO]  Completed executor task 1994
2023-07-07 13:08:52.703 worker_log:613 7397 MainThread [INFO]  All processing finished for executor task 1994
2023-07-07 13:08:52.714 worker_log:584 7397 MainThread [INFO]  Received executor task 2015
2023-07-07 13:09:20.592 worker_log:602 7397 MainThread [INFO]  Completed executor task 2015
2023-07-07 13:09:20.593 worker_log:613 7397 MainThread [INFO]  All processing finished for executor task 2015
2023-07-07 13:09:20.594 worker_log:584 7397 MainThread [INFO]  Received executor task 2029
2023-07-07 13:09:48.040 worker_log:602 7397 MainThread [INFO]  Completed executor task 2029
2023-07-07 13:09:48.041 worker_log:613 7397 MainThread [INFO]  All processing finished for executor task 2029
2023-07-07 13:09:48.052 worker_log:584 7397 MainThread [INFO]  Received executor task 2043
2023-07-07 13:10:11.319 worker_log:602 7397 MainThread [INFO]  Completed executor task 2043
2023-07-07 13:10:11.319 worker_log:613 7397 MainThread [INFO]  All processing finished for executor task 2043
2023-07-07 13:10:11.331 worker_log:584 7397 MainThread [INFO]  Received executor task 2055
2023-07-07 13:11:21.592 worker_log:602 7397 MainThread [INFO]  Completed executor task 2055
2023-07-07 13:11:21.593 worker_log:613 7397 MainThread [INFO]  All processing finished for executor task 2055
2023-07-07 13:11:21.604 worker_log:584 7397 MainThread [INFO]  Received executor task 2080
2023-07-07 13:11:30.875 worker_log:602 7397 MainThread [INFO]  Completed executor task 2080
2023-07-07 13:11:30.888 worker_log:613 7397 MainThread [INFO]  All processing finished for executor task 2080
2023-07-07 13:11:30.888 worker_log:584 7397 MainThread [INFO]  Received executor task 2088
2023-07-07 13:11:48.241 worker_log:602 7397 MainThread [INFO]  Completed executor task 2088
2023-07-07 13:11:48.242 worker_log:613 7397 MainThread [INFO]  All processing finished for executor task 2088
2023-07-07 13:11:48.253 worker_log:584 7397 MainThread [INFO]  Received executor task 2093
2023-07-07 13:12:07.347 worker_log:602 7397 MainThread [INFO]  Completed executor task 2093
2023-07-07 13:12:07.347 worker_log:613 7397 MainThread [INFO]  All processing finished for executor task 2093
2023-07-07 13:12:07.359 worker_log:584 7397 MainThread [INFO]  Received executor task 2107
2023-07-07 13:12:25.872 worker_log:602 7397 MainThread [INFO]  Completed executor task 2107
2023-07-07 13:12:25.872 worker_log:613 7397 MainThread [INFO]  All processing finished for executor task 2107
2023-07-07 13:12:25.883 worker_log:584 7397 MainThread [INFO]  Received executor task 2116
2023-07-07 13:12:58.376 worker_log:602 7397 MainThread [INFO]  Completed executor task 2116
2023-07-07 13:12:58.376 worker_log:613 7397 MainThread [INFO]  All processing finished for executor task 2116
2023-07-07 13:12:58.388 worker_log:584 7397 MainThread [INFO]  Received executor task 2132
2023-07-07 13:13:43.840 worker_log:602 7397 MainThread [INFO]  Completed executor task 2132
2023-07-07 13:13:43.840 worker_log:613 7397 MainThread [INFO]  All processing finished for executor task 2132
2023-07-07 13:13:43.860 worker_log:584 7397 MainThread [INFO]  Received executor task 2156
2023-07-07 13:14:03.560 worker_log:602 7397 MainThread [INFO]  Completed executor task 2156
2023-07-07 13:14:03.561 worker_log:613 7397 MainThread [INFO]  All processing finished for executor task 2156
2023-07-07 13:14:03.572 worker_log:584 7397 MainThread [INFO]  Received executor task 2168
2023-07-07 13:14:28.463 worker_log:602 7397 MainThread [INFO]  Completed executor task 2168
2023-07-07 13:14:28.464 worker_log:613 7397 MainThread [INFO]  All processing finished for executor task 2168
2023-07-07 13:14:28.475 worker_log:584 7397 MainThread [INFO]  Received executor task 2180
2023-07-07 13:14:47.483 worker_log:602 7397 MainThread [INFO]  Completed executor task 2180
2023-07-07 13:14:47.483 worker_log:613 7397 MainThread [INFO]  All processing finished for executor task 2180
2023-07-07 13:14:47.494 worker_log:584 7397 MainThread [INFO]  Received executor task 2197
2023-07-07 13:15:42.077 worker_log:602 7397 MainThread [INFO]  Completed executor task 2197
2023-07-07 13:15:42.077 worker_log:613 7397 MainThread [INFO]  All processing finished for executor task 2197
2023-07-07 13:15:42.088 worker_log:584 7397 MainThread [INFO]  Received executor task 2216
2023-07-07 13:16:25.549 worker_log:602 7397 MainThread [INFO]  Completed executor task 2216
2023-07-07 13:16:25.550 worker_log:613 7397 MainThread [INFO]  All processing finished for executor task 2216
2023-07-07 13:16:25.561 worker_log:584 7397 MainThread [INFO]  Received executor task 2237
2023-07-07 13:17:10.101 worker_log:602 7397 MainThread [INFO]  Completed executor task 2237
2023-07-07 13:17:10.102 worker_log:613 7397 MainThread [INFO]  All processing finished for executor task 2237
2023-07-07 13:17:10.113 worker_log:584 7397 MainThread [INFO]  Received executor task 2261
2023-07-07 13:17:24.734 worker_log:602 7397 MainThread [INFO]  Completed executor task 2261
2023-07-07 13:17:24.735 worker_log:613 7397 MainThread [INFO]  All processing finished for executor task 2261
2023-07-07 13:17:24.746 worker_log:584 7397 MainThread [INFO]  Received executor task 2265
2023-07-07 13:18:35.792 worker_log:602 7397 MainThread [INFO]  Completed executor task 2265
2023-07-07 13:18:35.793 worker_log:613 7397 MainThread [INFO]  All processing finished for executor task 2265
2023-07-07 13:18:35.804 worker_log:584 7397 MainThread [INFO]  Received executor task 2294
2023-07-07 13:19:05.937 worker_log:602 7397 MainThread [INFO]  Completed executor task 2294
2023-07-07 13:19:05.938 worker_log:613 7397 MainThread [INFO]  All processing finished for executor task 2294
2023-07-07 13:19:05.949 worker_log:584 7397 MainThread [INFO]  Received executor task 2309
2023-07-07 13:19:56.152 worker_log:602 7397 MainThread [INFO]  Completed executor task 2309
2023-07-07 13:19:56.153 worker_log:613 7397 MainThread [INFO]  All processing finished for executor task 2309
2023-07-07 13:19:56.164 worker_log:584 7397 MainThread [INFO]  Received executor task 2333
2023-07-07 13:20:17.392 worker_log:602 7397 MainThread [INFO]  Completed executor task 2333
2023-07-07 13:20:17.392 worker_log:613 7397 MainThread [INFO]  All processing finished for executor task 2333
2023-07-07 13:20:17.404 worker_log:584 7397 MainThread [INFO]  Received executor task 2346
2023-07-07 13:20:33.816 worker_log:602 7397 MainThread [INFO]  Completed executor task 2346
2023-07-07 13:20:33.816 worker_log:613 7397 MainThread [INFO]  All processing finished for executor task 2346
2023-07-07 13:20:33.827 worker_log:584 7397 MainThread [INFO]  Received executor task 2353
2023-07-07 13:21:16.634 worker_log:602 7397 MainThread [INFO]  Completed executor task 2353
2023-07-07 13:21:16.636 worker_log:613 7397 MainThread [INFO]  All processing finished for executor task 2353
2023-07-07 13:21:16.647 worker_log:584 7397 MainThread [INFO]  Received executor task 2374
2023-07-07 13:21:40.434 worker_log:602 7397 MainThread [INFO]  Completed executor task 2374
2023-07-07 13:21:40.447 worker_log:613 7397 MainThread [INFO]  All processing finished for executor task 2374
2023-07-07 13:21:40.447 worker_log:584 7397 MainThread [INFO]  Received executor task 2384
2023-07-07 13:22:10.294 worker_log:602 7397 MainThread [INFO]  Completed executor task 2384
2023-07-07 13:22:10.294 worker_log:613 7397 MainThread [INFO]  All processing finished for executor task 2384
2023-07-07 13:22:10.306 worker_log:584 7397 MainThread [INFO]  Received executor task 2402
2023-07-07 13:22:35.696 worker_log:602 7397 MainThread [INFO]  Completed executor task 2402
2023-07-07 13:22:35.697 worker_log:613 7397 MainThread [INFO]  All processing finished for executor task 2402
2023-07-07 13:22:35.707 worker_log:584 7397 MainThread [INFO]  Received executor task 2417
2023-07-07 13:23:11.035 worker_log:602 7397 MainThread [INFO]  Completed executor task 2417
2023-07-07 13:23:11.035 worker_log:613 7397 MainThread [INFO]  All processing finished for executor task 2417
2023-07-07 13:23:11.046 worker_log:584 7397 MainThread [INFO]  Received executor task 2445
2023-07-07 13:23:20.506 worker_log:602 7397 MainThread [INFO]  Completed executor task 2445
2023-07-07 13:23:20.506 worker_log:613 7397 MainThread [INFO]  All processing finished for executor task 2445
2023-07-07 13:23:20.517 worker_log:584 7397 MainThread [INFO]  Received executor task 2454
2023-07-07 13:23:28.193 worker_log:602 7397 MainThread [INFO]  Completed executor task 2454
2023-07-07 13:23:28.194 worker_log:613 7397 MainThread [INFO]  All processing finished for executor task 2454
2023-07-07 13:23:28.205 worker_log:584 7397 MainThread [INFO]  Received executor task 2459
2023-07-07 13:24:09.658 worker_log:602 7397 MainThread [INFO]  Completed executor task 2459
2023-07-07 13:24:09.671 worker_log:613 7397 MainThread [INFO]  All processing finished for executor task 2459
2023-07-07 13:24:09.681 worker_log:584 7397 MainThread [INFO]  Received executor task 2477
2023-07-07 13:24:40.573 worker_log:602 7397 MainThread [INFO]  Completed executor task 2477
2023-07-07 13:24:40.574 worker_log:613 7397 MainThread [INFO]  All processing finished for executor task 2477
2023-07-07 13:24:40.585 worker_log:584 7397 MainThread [INFO]  Received executor task 2492
2023-07-07 13:25:18.915 worker_log:602 7397 MainThread [INFO]  Completed executor task 2492
2023-07-07 13:25:18.916 worker_log:613 7397 MainThread [INFO]  All processing finished for executor task 2492
2023-07-07 13:25:18.927 worker_log:584 7397 MainThread [INFO]  Received executor task 2507
2023-07-07 13:25:46.904 worker_log:602 7397 MainThread [INFO]  Completed executor task 2507
2023-07-07 13:25:46.905 worker_log:613 7397 MainThread [INFO]  All processing finished for executor task 2507
2023-07-07 13:25:46.916 worker_log:584 7397 MainThread [INFO]  Received executor task 2523
2023-07-07 13:26:42.789 worker_log:602 7397 MainThread [INFO]  Completed executor task 2523
2023-07-07 13:26:42.789 worker_log:613 7397 MainThread [INFO]  All processing finished for executor task 2523
2023-07-07 13:26:42.801 worker_log:584 7397 MainThread [INFO]  Received executor task 2546
2023-07-07 13:27:16.614 worker_log:602 7397 MainThread [INFO]  Completed executor task 2546
2023-07-07 13:27:16.614 worker_log:613 7397 MainThread [INFO]  All processing finished for executor task 2546
2023-07-07 13:27:16.625 worker_log:584 7397 MainThread [INFO]  Received executor task 2566
2023-07-07 13:27:31.905 worker_log:602 7397 MainThread [INFO]  Completed executor task 2566
2023-07-07 13:27:31.905 worker_log:613 7397 MainThread [INFO]  All processing finished for executor task 2566
2023-07-07 13:27:31.916 worker_log:584 7397 MainThread [INFO]  Received executor task 2572
2023-07-07 13:28:11.337 worker_log:602 7397 MainThread [INFO]  Completed executor task 2572
2023-07-07 13:28:11.337 worker_log:613 7397 MainThread [INFO]  All processing finished for executor task 2572
2023-07-07 13:28:11.349 worker_log:584 7397 MainThread [INFO]  Received executor task 2594
2023-07-07 13:28:49.426 worker_log:602 7397 MainThread [INFO]  Completed executor task 2594
2023-07-07 13:28:49.427 worker_log:613 7397 MainThread [INFO]  All processing finished for executor task 2594
2023-07-07 13:28:49.438 worker_log:584 7397 MainThread [INFO]  Received executor task 2608
2023-07-07 13:29:06.371 worker_log:602 7397 MainThread [INFO]  Completed executor task 2608
2023-07-07 13:29:06.371 worker_log:613 7397 MainThread [INFO]  All processing finished for executor task 2608
2023-07-07 13:29:06.382 worker_log:584 7397 MainThread [INFO]  Received executor task 2619
2023-07-07 13:29:31.794 worker_log:602 7397 MainThread [INFO]  Completed executor task 2619
2023-07-07 13:29:31.794 worker_log:613 7397 MainThread [INFO]  All processing finished for executor task 2619
2023-07-07 13:29:31.805 worker_log:584 7397 MainThread [INFO]  Received executor task 2630
2023-07-07 13:30:17.453 worker_log:602 7397 MainThread [INFO]  Completed executor task 2630
2023-07-07 13:30:17.454 worker_log:613 7397 MainThread [INFO]  All processing finished for executor task 2630
2023-07-07 13:30:17.466 worker_log:584 7397 MainThread [INFO]  Received executor task 2648
2023-07-07 13:30:51.081 worker_log:602 7397 MainThread [INFO]  Completed executor task 2648
2023-07-07 13:30:51.082 worker_log:613 7397 MainThread [INFO]  All processing finished for executor task 2648
2023-07-07 13:30:51.093 worker_log:584 7397 MainThread [INFO]  Received executor task 2660
2023-07-07 13:31:16.704 worker_log:602 7397 MainThread [INFO]  Completed executor task 2660
2023-07-07 13:31:16.704 worker_log:613 7397 MainThread [INFO]  All processing finished for executor task 2660
2023-07-07 13:31:16.710 worker_log:584 7397 MainThread [INFO]  Received executor task 2677
2023-07-07 13:32:01.432 worker_log:602 7397 MainThread [INFO]  Completed executor task 2677
2023-07-07 13:32:01.432 worker_log:613 7397 MainThread [INFO]  All processing finished for executor task 2677
2023-07-07 13:32:01.443 worker_log:584 7397 MainThread [INFO]  Received executor task 2697
2023-07-07 13:32:36.383 worker_log:602 7397 MainThread [INFO]  Completed executor task 2697
2023-07-07 13:32:36.383 worker_log:613 7397 MainThread [INFO]  All processing finished for executor task 2697
2023-07-07 13:32:36.395 worker_log:584 7397 MainThread [INFO]  Received executor task 2716
2023-07-07 13:33:11.665 worker_log:602 7397 MainThread [INFO]  Completed executor task 2716
2023-07-07 13:33:11.665 worker_log:613 7397 MainThread [INFO]  All processing finished for executor task 2716
2023-07-07 13:33:11.676 worker_log:584 7397 MainThread [INFO]  Received executor task 2736
2023-07-07 13:33:36.599 worker_log:602 7397 MainThread [INFO]  Completed executor task 2736
2023-07-07 13:33:36.599 worker_log:613 7397 MainThread [INFO]  All processing finished for executor task 2736
2023-07-07 13:33:36.610 worker_log:584 7397 MainThread [INFO]  Received executor task 2745
2023-07-07 13:33:57.388 worker_log:602 7397 MainThread [INFO]  Completed executor task 2745
2023-07-07 13:33:57.389 worker_log:613 7397 MainThread [INFO]  All processing finished for executor task 2745
2023-07-07 13:33:57.400 worker_log:584 7397 MainThread [INFO]  Received executor task 2759
2023-07-07 13:34:23.749 worker_log:602 7397 MainThread [INFO]  Completed executor task 2759
2023-07-07 13:34:23.749 worker_log:613 7397 MainThread [INFO]  All processing finished for executor task 2759
2023-07-07 13:34:23.760 worker_log:584 7397 MainThread [INFO]  Received executor task 2776
2023-07-07 13:34:57.596 worker_log:602 7397 MainThread [INFO]  Completed executor task 2776
2023-07-07 13:34:57.596 worker_log:613 7397 MainThread [INFO]  All processing finished for executor task 2776
2023-07-07 13:34:57.608 worker_log:584 7397 MainThread [INFO]  Received executor task 2789
2023-07-07 13:35:35.635 worker_log:602 7397 MainThread [INFO]  Completed executor task 2789
2023-07-07 13:35:35.636 worker_log:613 7397 MainThread [INFO]  All processing finished for executor task 2789
2023-07-07 13:35:35.647 worker_log:584 7397 MainThread [INFO]  Received executor task 2810
2023-07-07 13:36:28.572 worker_log:602 7397 MainThread [INFO]  Completed executor task 2810
2023-07-07 13:36:28.572 worker_log:613 7397 MainThread [INFO]  All processing finished for executor task 2810
2023-07-07 13:36:28.583 worker_log:584 7397 MainThread [INFO]  Received executor task 2835
2023-07-07 13:36:39.462 worker_log:602 7397 MainThread [INFO]  Completed executor task 2835
2023-07-07 13:36:39.462 worker_log:613 7397 MainThread [INFO]  All processing finished for executor task 2835
2023-07-07 13:36:39.473 worker_log:584 7397 MainThread [INFO]  Received executor task 2845
2023-07-07 13:36:50.328 worker_log:602 7397 MainThread [INFO]  Completed executor task 2845
2023-07-07 13:36:50.329 worker_log:613 7397 MainThread [INFO]  All processing finished for executor task 2845
2023-07-07 13:36:50.340 worker_log:584 7397 MainThread [INFO]  Received executor task 2849
2023-07-07 13:37:40.869 worker_log:602 7397 MainThread [INFO]  Completed executor task 2849
2023-07-07 13:37:40.869 worker_log:613 7397 MainThread [INFO]  All processing finished for executor task 2849
2023-07-07 13:37:40.880 worker_log:584 7397 MainThread [INFO]  Received executor task 2874
2023-07-07 13:38:07.707 worker_log:602 7397 MainThread [INFO]  Completed executor task 2874
2023-07-07 13:38:07.707 worker_log:613 7397 MainThread [INFO]  All processing finished for executor task 2874
2023-07-07 13:38:07.720 worker_log:584 7397 MainThread [INFO]  Received executor task 2890
2023-07-07 13:38:20.909 worker_log:602 7397 MainThread [INFO]  Completed executor task 2890
2023-07-07 13:38:20.910 worker_log:613 7397 MainThread [INFO]  All processing finished for executor task 2890
2023-07-07 13:38:20.921 worker_log:584 7397 MainThread [INFO]  Received executor task 2900
2023-07-07 13:38:35.507 worker_log:602 7397 MainThread [INFO]  Completed executor task 2900
2023-07-07 13:38:35.508 worker_log:613 7397 MainThread [INFO]  All processing finished for executor task 2900
2023-07-07 13:38:35.519 worker_log:584 7397 MainThread [INFO]  Received executor task 2911
2023-07-07 13:38:57.020 worker_log:602 7397 MainThread [INFO]  Completed executor task 2911
2023-07-07 13:38:57.020 worker_log:613 7397 MainThread [INFO]  All processing finished for executor task 2911
2023-07-07 13:38:57.031 worker_log:584 7397 MainThread [INFO]  Received executor task 2927
2023-07-07 13:39:44.780 worker_log:602 7397 MainThread [INFO]  Completed executor task 2927
2023-07-07 13:39:44.780 worker_log:613 7397 MainThread [INFO]  All processing finished for executor task 2927
2023-07-07 13:39:44.791 worker_log:584 7397 MainThread [INFO]  Received executor task 2949
2023-07-07 13:40:06.765 worker_log:602 7397 MainThread [INFO]  Completed executor task 2949
2023-07-07 13:40:06.766 worker_log:613 7397 MainThread [INFO]  All processing finished for executor task 2949
2023-07-07 13:40:06.777 worker_log:584 7397 MainThread [INFO]  Received executor task 2959
2023-07-07 13:40:33.595 worker_log:602 7397 MainThread [INFO]  Completed executor task 2959
2023-07-07 13:40:33.596 worker_log:613 7397 MainThread [INFO]  All processing finished for executor task 2959
2023-07-07 13:40:33.608 worker_log:584 7397 MainThread [INFO]  Received executor task 2975
2023-07-07 13:40:43.519 worker_log:602 7397 MainThread [INFO]  Completed executor task 2975
2023-07-07 13:40:43.519 worker_log:613 7397 MainThread [INFO]  All processing finished for executor task 2975
2023-07-07 13:40:43.530 worker_log:584 7397 MainThread [INFO]  Received executor task 2984
2023-07-07 13:41:03.439 worker_log:602 7397 MainThread [INFO]  Completed executor task 2984
2023-07-07 13:41:03.440 worker_log:613 7397 MainThread [INFO]  All processing finished for executor task 2984
2023-07-07 13:41:03.451 worker_log:584 7397 MainThread [INFO]  Received executor task 2996
2023-07-07 13:41:21.842 worker_log:602 7397 MainThread [INFO]  Completed executor task 2996
2023-07-07 13:41:21.847 worker_log:613 7397 MainThread [INFO]  All processing finished for executor task 2996
2023-07-07 13:41:21.860 worker_log:584 7397 MainThread [INFO]  Received executor task 3006
2023-07-07 13:42:02.857 worker_log:602 7397 MainThread [INFO]  Completed executor task 3006
2023-07-07 13:42:02.858 worker_log:613 7397 MainThread [INFO]  All processing finished for executor task 3006
2023-07-07 13:42:02.869 worker_log:584 7397 MainThread [INFO]  Received executor task 3022
2023-07-07 13:42:38.165 worker_log:602 7397 MainThread [INFO]  Completed executor task 3022
2023-07-07 13:42:38.165 worker_log:613 7397 MainThread [INFO]  All processing finished for executor task 3022
2023-07-07 13:42:38.176 worker_log:584 7397 MainThread [INFO]  Received executor task 3038
2023-07-07 13:42:58.228 worker_log:602 7397 MainThread [INFO]  Completed executor task 3038
2023-07-07 13:42:58.228 worker_log:613 7397 MainThread [INFO]  All processing finished for executor task 3038
2023-07-07 13:42:58.239 worker_log:584 7397 MainThread [INFO]  Received executor task 3049
2023-07-07 13:43:19.208 worker_log:602 7397 MainThread [INFO]  Completed executor task 3049
2023-07-07 13:43:19.208 worker_log:613 7397 MainThread [INFO]  All processing finished for executor task 3049
2023-07-07 13:43:19.219 worker_log:584 7397 MainThread [INFO]  Received executor task 3059
2023-07-07 13:43:49.441 worker_log:602 7397 MainThread [INFO]  Completed executor task 3059
2023-07-07 13:43:49.441 worker_log:613 7397 MainThread [INFO]  All processing finished for executor task 3059
2023-07-07 13:43:49.457 worker_log:584 7397 MainThread [INFO]  Received executor task 3076
2023-07-07 13:44:22.198 worker_log:602 7397 MainThread [INFO]  Completed executor task 3076
2023-07-07 13:44:22.198 worker_log:613 7397 MainThread [INFO]  All processing finished for executor task 3076
2023-07-07 13:44:22.209 worker_log:584 7397 MainThread [INFO]  Received executor task 3088
2023-07-07 13:45:00.914 worker_log:602 7397 MainThread [INFO]  Completed executor task 3088
2023-07-07 13:45:00.915 worker_log:613 7397 MainThread [INFO]  All processing finished for executor task 3088
2023-07-07 13:45:00.926 worker_log:584 7397 MainThread [INFO]  Received executor task 3111
2023-07-07 13:45:19.066 worker_log:602 7397 MainThread [INFO]  Completed executor task 3111
2023-07-07 13:45:19.067 worker_log:613 7397 MainThread [INFO]  All processing finished for executor task 3111
2023-07-07 13:45:19.078 worker_log:584 7397 MainThread [INFO]  Received executor task 3123
2023-07-07 13:45:33.736 worker_log:602 7397 MainThread [INFO]  Completed executor task 3123
2023-07-07 13:45:33.737 worker_log:613 7397 MainThread [INFO]  All processing finished for executor task 3123
2023-07-07 13:45:33.748 worker_log:584 7397 MainThread [INFO]  Received executor task 3131
2023-07-07 13:45:52.287 worker_log:602 7397 MainThread [INFO]  Completed executor task 3131
2023-07-07 13:45:52.288 worker_log:613 7397 MainThread [INFO]  All processing finished for executor task 3131
2023-07-07 13:45:52.299 worker_log:584 7397 MainThread [INFO]  Received executor task 3142
2023-07-07 13:47:14.858 worker_log:602 7397 MainThread [INFO]  Completed executor task 3142
2023-07-07 13:47:14.859 worker_log:613 7397 MainThread [INFO]  All processing finished for executor task 3142
2023-07-07 13:47:14.870 worker_log:584 7397 MainThread [INFO]  Received executor task 3179
2023-07-07 13:47:38.897 worker_log:602 7397 MainThread [INFO]  Completed executor task 3179
2023-07-07 13:47:38.897 worker_log:613 7397 MainThread [INFO]  All processing finished for executor task 3179
2023-07-07 13:47:38.908 worker_log:584 7397 MainThread [INFO]  Received executor task 3192
2023-07-07 13:48:32.963 worker_log:602 7397 MainThread [INFO]  Completed executor task 3192
2023-07-07 13:48:32.963 worker_log:613 7397 MainThread [INFO]  All processing finished for executor task 3192
2023-07-07 13:48:32.974 worker_log:584 7397 MainThread [INFO]  Received executor task 3220
2023-07-07 13:48:51.686 worker_log:602 7397 MainThread [INFO]  Completed executor task 3220
2023-07-07 13:48:51.687 worker_log:613 7397 MainThread [INFO]  All processing finished for executor task 3220
2023-07-07 13:48:51.698 worker_log:584 7397 MainThread [INFO]  Received executor task 3230
2023-07-07 13:49:19.202 worker_log:602 7397 MainThread [INFO]  Completed executor task 3230
2023-07-07 13:49:19.202 worker_log:613 7397 MainThread [INFO]  All processing finished for executor task 3230
2023-07-07 13:49:19.213 worker_log:584 7397 MainThread [INFO]  Received executor task 3248
2023-07-07 13:49:49.585 worker_log:602 7397 MainThread [INFO]  Completed executor task 3248
2023-07-07 13:49:49.586 worker_log:613 7397 MainThread [INFO]  All processing finished for executor task 3248
2023-07-07 13:49:49.597 worker_log:584 7397 MainThread [INFO]  Received executor task 3263
2023-07-07 13:50:18.309 worker_log:602 7397 MainThread [INFO]  Completed executor task 3263
2023-07-07 13:50:18.309 worker_log:613 7397 MainThread [INFO]  All processing finished for executor task 3263
2023-07-07 13:50:18.320 worker_log:584 7397 MainThread [INFO]  Received executor task 3279
2023-07-07 13:50:47.600 worker_log:602 7397 MainThread [INFO]  Completed executor task 3279
2023-07-07 13:50:47.600 worker_log:613 7397 MainThread [INFO]  All processing finished for executor task 3279
2023-07-07 13:50:47.611 worker_log:584 7397 MainThread [INFO]  Received executor task 3298
2023-07-07 13:51:30.446 worker_log:602 7397 MainThread [INFO]  Completed executor task 3298
2023-07-07 13:51:30.447 worker_log:613 7397 MainThread [INFO]  All processing finished for executor task 3298
2023-07-07 13:51:30.458 worker_log:584 7397 MainThread [INFO]  Received executor task 3322
2023-07-07 13:51:52.394 worker_log:602 7397 MainThread [INFO]  Completed executor task 3322
2023-07-07 13:51:52.394 worker_log:613 7397 MainThread [INFO]  All processing finished for executor task 3322
2023-07-07 13:51:52.395 worker_log:584 7397 MainThread [INFO]  Received executor task 3332
2023-07-07 13:52:09.621 worker_log:602 7397 MainThread [INFO]  Completed executor task 3332
2023-07-07 13:52:09.621 worker_log:613 7397 MainThread [INFO]  All processing finished for executor task 3332
2023-07-07 13:52:09.632 worker_log:584 7397 MainThread [INFO]  Received executor task 3345
2023-07-07 13:52:30.774 worker_log:602 7397 MainThread [INFO]  Completed executor task 3345
2023-07-07 13:52:30.775 worker_log:613 7397 MainThread [INFO]  All processing finished for executor task 3345
2023-07-07 13:52:30.786 worker_log:584 7397 MainThread [INFO]  Received executor task 3354
2023-07-07 13:52:49.246 worker_log:602 7397 MainThread [INFO]  Completed executor task 3354
2023-07-07 13:52:49.246 worker_log:613 7397 MainThread [INFO]  All processing finished for executor task 3354
2023-07-07 13:52:49.258 worker_log:584 7397 MainThread [INFO]  Received executor task 3367
2023-07-07 13:53:18.640 worker_log:602 7397 MainThread [INFO]  Completed executor task 3367
2023-07-07 13:53:18.651 worker_log:613 7397 MainThread [INFO]  All processing finished for executor task 3367
2023-07-07 13:53:18.652 worker_log:584 7397 MainThread [INFO]  Received executor task 3384
2023-07-07 13:53:31.562 worker_log:602 7397 MainThread [INFO]  Completed executor task 3384
2023-07-07 13:53:31.562 worker_log:613 7397 MainThread [INFO]  All processing finished for executor task 3384
2023-07-07 13:53:31.573 worker_log:584 7397 MainThread [INFO]  Received executor task 3394
2023-07-07 13:53:58.422 worker_log:602 7397 MainThread [INFO]  Completed executor task 3394
2023-07-07 13:53:58.422 worker_log:613 7397 MainThread [INFO]  All processing finished for executor task 3394
2023-07-07 13:53:58.433 worker_log:584 7397 MainThread [INFO]  Received executor task 3408
2023-07-07 13:54:29.898 worker_log:602 7397 MainThread [INFO]  Completed executor task 3408
2023-07-07 13:54:29.898 worker_log:613 7397 MainThread [INFO]  All processing finished for executor task 3408
2023-07-07 13:54:29.909 worker_log:584 7397 MainThread [INFO]  Received executor task 3425
2023-07-07 13:54:52.694 worker_log:602 7397 MainThread [INFO]  Completed executor task 3425
2023-07-07 13:54:52.694 worker_log:613 7397 MainThread [INFO]  All processing finished for executor task 3425
2023-07-07 13:54:52.705 worker_log:584 7397 MainThread [INFO]  Received executor task 3437
2023-07-07 13:55:11.988 worker_log:602 7397 MainThread [INFO]  Completed executor task 3437
2023-07-07 13:55:11.989 worker_log:613 7397 MainThread [INFO]  All processing finished for executor task 3437
2023-07-07 13:55:12.001 worker_log:584 7397 MainThread [INFO]  Received executor task 3449
2023-07-07 13:55:51.697 worker_log:602 7397 MainThread [INFO]  Completed executor task 3449
2023-07-07 13:55:51.698 worker_log:613 7397 MainThread [INFO]  All processing finished for executor task 3449
2023-07-07 13:55:51.710 worker_log:584 7397 MainThread [INFO]  Received executor task 3472
2023-07-07 13:56:28.342 worker_log:602 7397 MainThread [INFO]  Completed executor task 3472
2023-07-07 13:56:28.343 worker_log:613 7397 MainThread [INFO]  All processing finished for executor task 3472
2023-07-07 13:56:28.354 worker_log:584 7397 MainThread [INFO]  Received executor task 3489
2023-07-07 13:57:31.478 worker_log:602 7397 MainThread [INFO]  Completed executor task 3489
2023-07-07 13:57:31.484 worker_log:613 7397 MainThread [INFO]  All processing finished for executor task 3489
2023-07-07 13:57:31.489 worker_log:584 7397 MainThread [INFO]  Received executor task 3511
2023-07-07 13:58:05.490 worker_log:602 7397 MainThread [INFO]  Completed executor task 3511
2023-07-07 13:58:05.491 worker_log:613 7397 MainThread [INFO]  All processing finished for executor task 3511
2023-07-07 13:58:05.503 worker_log:584 7397 MainThread [INFO]  Received executor task 3523
2023-07-07 13:58:34.526 worker_log:602 7397 MainThread [INFO]  Completed executor task 3523
2023-07-07 13:58:34.527 worker_log:613 7397 MainThread [INFO]  All processing finished for executor task 3523
2023-07-07 13:58:34.538 worker_log:584 7397 MainThread [INFO]  Received executor task 3541
2023-07-07 13:59:00.513 worker_log:602 7397 MainThread [INFO]  Completed executor task 3541
2023-07-07 13:59:00.514 worker_log:613 7397 MainThread [INFO]  All processing finished for executor task 3541
2023-07-07 13:59:00.525 worker_log:584 7397 MainThread [INFO]  Received executor task 3553
2023-07-07 13:59:38.960 worker_log:602 7397 MainThread [INFO]  Completed executor task 3553
2023-07-07 13:59:38.960 worker_log:613 7397 MainThread [INFO]  All processing finished for executor task 3553
2023-07-07 13:59:38.971 worker_log:584 7397 MainThread [INFO]  Received executor task 3573
2023-07-07 13:59:53.642 worker_log:602 7397 MainThread [INFO]  Completed executor task 3573
2023-07-07 13:59:53.642 worker_log:613 7397 MainThread [INFO]  All processing finished for executor task 3573
2023-07-07 13:59:53.653 worker_log:584 7397 MainThread [INFO]  Received executor task 3582
2023-07-07 14:00:18.124 worker_log:602 7397 MainThread [INFO]  Completed executor task 3582
2023-07-07 14:00:18.125 worker_log:613 7397 MainThread [INFO]  All processing finished for executor task 3582
2023-07-07 14:00:18.136 worker_log:584 7397 MainThread [INFO]  Received executor task 3592
2023-07-07 14:00:54.484 worker_log:602 7397 MainThread [INFO]  Completed executor task 3592
2023-07-07 14:00:54.484 worker_log:613 7397 MainThread [INFO]  All processing finished for executor task 3592
2023-07-07 14:00:54.496 worker_log:584 7397 MainThread [INFO]  Received executor task 3612
2023-07-07 14:01:17.324 worker_log:602 7397 MainThread [INFO]  Completed executor task 3612
2023-07-07 14:01:17.325 worker_log:613 7397 MainThread [INFO]  All processing finished for executor task 3612
2023-07-07 14:01:17.336 worker_log:584 7397 MainThread [INFO]  Received executor task 3625
2023-07-07 14:01:33.333 worker_log:602 7397 MainThread [INFO]  Completed executor task 3625
2023-07-07 14:01:33.333 worker_log:613 7397 MainThread [INFO]  All processing finished for executor task 3625
2023-07-07 14:01:33.345 worker_log:584 7397 MainThread [INFO]  Received executor task 3636
2023-07-07 14:01:52.880 worker_log:602 7397 MainThread [INFO]  Completed executor task 3636
2023-07-07 14:01:52.880 worker_log:613 7397 MainThread [INFO]  All processing finished for executor task 3636
2023-07-07 14:01:52.893 worker_log:584 7397 MainThread [INFO]  Received executor task 3649
2023-07-07 14:02:23.371 worker_log:602 7397 MainThread [INFO]  Completed executor task 3649
2023-07-07 14:02:23.372 worker_log:613 7397 MainThread [INFO]  All processing finished for executor task 3649
2023-07-07 14:02:23.383 worker_log:584 7397 MainThread [INFO]  Received executor task 3666
2023-07-07 14:02:51.514 worker_log:602 7397 MainThread [INFO]  Completed executor task 3666
2023-07-07 14:02:51.515 worker_log:613 7397 MainThread [INFO]  All processing finished for executor task 3666
2023-07-07 14:02:51.526 worker_log:584 7397 MainThread [INFO]  Received executor task 3680
2023-07-07 14:03:10.610 worker_log:602 7397 MainThread [INFO]  Completed executor task 3680
2023-07-07 14:03:10.611 worker_log:613 7397 MainThread [INFO]  All processing finished for executor task 3680
2023-07-07 14:03:10.623 worker_log:584 7397 MainThread [INFO]  Received executor task 3689
2023-07-07 14:03:51.541 worker_log:602 7397 MainThread [INFO]  Completed executor task 3689
2023-07-07 14:03:51.541 worker_log:613 7397 MainThread [INFO]  All processing finished for executor task 3689
2023-07-07 14:03:51.551 worker_log:584 7397 MainThread [INFO]  Received executor task 3709
2023-07-07 14:04:11.995 worker_log:602 7397 MainThread [INFO]  Completed executor task 3709
2023-07-07 14:04:11.995 worker_log:613 7397 MainThread [INFO]  All processing finished for executor task 3709
2023-07-07 14:04:12.006 worker_log:584 7397 MainThread [INFO]  Received executor task 3720
2023-07-07 14:04:42.756 worker_log:602 7397 MainThread [INFO]  Completed executor task 3720
2023-07-07 14:04:42.757 worker_log:613 7397 MainThread [INFO]  All processing finished for executor task 3720
2023-07-07 14:04:42.769 worker_log:584 7397 MainThread [INFO]  Received executor task 3731
2023-07-07 14:05:22.990 worker_log:602 7397 MainThread [INFO]  Completed executor task 3731
2023-07-07 14:05:22.990 worker_log:613 7397 MainThread [INFO]  All processing finished for executor task 3731
2023-07-07 14:05:23.001 worker_log:584 7397 MainThread [INFO]  Received executor task 3752
2023-07-07 14:05:45.794 worker_log:602 7397 MainThread [INFO]  Completed executor task 3752
2023-07-07 14:05:45.794 worker_log:613 7397 MainThread [INFO]  All processing finished for executor task 3752
2023-07-07 14:05:45.806 worker_log:584 7397 MainThread [INFO]  Received executor task 3766
2023-07-07 14:06:07.005 worker_log:602 7397 MainThread [INFO]  Completed executor task 3766
2023-07-07 14:06:07.005 worker_log:613 7397 MainThread [INFO]  All processing finished for executor task 3766
2023-07-07 14:06:07.016 worker_log:584 7397 MainThread [INFO]  Received executor task 3777
2023-07-07 14:06:30.812 worker_log:602 7397 MainThread [INFO]  Completed executor task 3777
2023-07-07 14:06:30.812 worker_log:613 7397 MainThread [INFO]  All processing finished for executor task 3777
2023-07-07 14:06:30.823 worker_log:584 7397 MainThread [INFO]  Received executor task 3784
2023-07-07 14:07:39.622 worker_log:602 7397 MainThread [INFO]  Completed executor task 3784
2023-07-07 14:07:39.623 worker_log:613 7397 MainThread [INFO]  All processing finished for executor task 3784
2023-07-07 14:07:39.635 worker_log:584 7397 MainThread [INFO]  Received executor task 3811
2023-07-07 14:08:15.269 worker_log:602 7397 MainThread [INFO]  Completed executor task 3811
2023-07-07 14:08:15.270 worker_log:613 7397 MainThread [INFO]  All processing finished for executor task 3811
2023-07-07 14:08:15.291 worker_log:584 7397 MainThread [INFO]  Received executor task 3832
2023-07-07 14:08:51.726 worker_log:602 7397 MainThread [INFO]  Completed executor task 3832
2023-07-07 14:08:51.726 worker_log:613 7397 MainThread [INFO]  All processing finished for executor task 3832
2023-07-07 14:08:51.737 worker_log:584 7397 MainThread [INFO]  Received executor task 3850
2023-07-07 14:09:14.912 worker_log:602 7397 MainThread [INFO]  Completed executor task 3850
2023-07-07 14:09:14.912 worker_log:613 7397 MainThread [INFO]  All processing finished for executor task 3850
2023-07-07 14:09:14.923 worker_log:584 7397 MainThread [INFO]  Received executor task 3858
2023-07-07 14:09:54.351 worker_log:602 7397 MainThread [INFO]  Completed executor task 3858
2023-07-07 14:09:54.352 worker_log:613 7397 MainThread [INFO]  All processing finished for executor task 3858
2023-07-07 14:09:54.363 worker_log:584 7397 MainThread [INFO]  Received executor task 3886
2023-07-07 14:10:15.132 worker_log:602 7397 MainThread [INFO]  Completed executor task 3886
2023-07-07 14:10:15.133 worker_log:613 7397 MainThread [INFO]  All processing finished for executor task 3886
2023-07-07 14:10:15.144 worker_log:584 7397 MainThread [INFO]  Received executor task 3903
2023-07-07 14:10:48.764 worker_log:602 7397 MainThread [INFO]  Completed executor task 3903
2023-07-07 14:10:48.764 worker_log:613 7397 MainThread [INFO]  All processing finished for executor task 3903
2023-07-07 14:10:48.775 worker_log:584 7397 MainThread [INFO]  Received executor task 3922
2023-07-07 14:11:36.302 worker_log:602 7397 MainThread [INFO]  Completed executor task 3922
2023-07-07 14:11:36.302 worker_log:613 7397 MainThread [INFO]  All processing finished for executor task 3922
2023-07-07 14:11:36.314 worker_log:584 7397 MainThread [INFO]  Received executor task 3939
2023-07-07 14:11:47.474 worker_log:602 7397 MainThread [INFO]  Completed executor task 3939
2023-07-07 14:11:47.474 worker_log:613 7397 MainThread [INFO]  All processing finished for executor task 3939
2023-07-07 14:11:47.486 worker_log:584 7397 MainThread [INFO]  Received executor task 3944
2023-07-07 14:12:05.317 worker_log:602 7397 MainThread [INFO]  Completed executor task 3944
2023-07-07 14:12:05.317 worker_log:613 7397 MainThread [INFO]  All processing finished for executor task 3944
2023-07-07 14:12:05.328 worker_log:584 7397 MainThread [INFO]  Received executor task 3951
2023-07-07 14:12:57.113 worker_log:602 7397 MainThread [INFO]  Completed executor task 3951
2023-07-07 14:12:57.114 worker_log:613 7397 MainThread [INFO]  All processing finished for executor task 3951
2023-07-07 14:12:57.125 worker_log:584 7397 MainThread [INFO]  Received executor task 3972
2023-07-07 14:13:23.861 worker_log:602 7397 MainThread [INFO]  Completed executor task 3972
2023-07-07 14:13:23.862 worker_log:613 7397 MainThread [INFO]  All processing finished for executor task 3972
2023-07-07 14:13:23.873 worker_log:584 7397 MainThread [INFO]  Received executor task 3988
2023-07-07 14:13:56.447 worker_log:602 7397 MainThread [INFO]  Completed executor task 3988
2023-07-07 14:13:56.460 worker_log:613 7397 MainThread [INFO]  All processing finished for executor task 3988
2023-07-07 14:13:56.460 worker_log:584 7397 MainThread [INFO]  Received executor task 4006
2023-07-07 14:14:28.834 worker_log:602 7397 MainThread [INFO]  Completed executor task 4006
2023-07-07 14:14:28.835 worker_log:613 7397 MainThread [INFO]  All processing finished for executor task 4006
2023-07-07 14:14:28.846 worker_log:584 7397 MainThread [INFO]  Received executor task 4024
2023-07-07 14:15:30.301 worker_log:602 7397 MainThread [INFO]  Completed executor task 4024
2023-07-07 14:15:30.302 worker_log:613 7397 MainThread [INFO]  All processing finished for executor task 4024
2023-07-07 14:15:30.313 worker_log:584 7397 MainThread [INFO]  Received executor task 4047
2023-07-07 14:15:48.058 worker_log:602 7397 MainThread [INFO]  Completed executor task 4047
2023-07-07 14:15:48.059 worker_log:613 7397 MainThread [INFO]  All processing finished for executor task 4047
2023-07-07 14:15:48.070 worker_log:584 7397 MainThread [INFO]  Received executor task 4057
2023-07-07 14:16:19.580 worker_log:602 7397 MainThread [INFO]  Completed executor task 4057
2023-07-07 14:16:19.581 worker_log:613 7397 MainThread [INFO]  All processing finished for executor task 4057
2023-07-07 14:16:19.592 worker_log:584 7397 MainThread [INFO]  Received executor task 4073
2023-07-07 14:16:44.957 worker_log:602 7397 MainThread [INFO]  Completed executor task 4073
2023-07-07 14:16:44.958 worker_log:613 7397 MainThread [INFO]  All processing finished for executor task 4073
2023-07-07 14:16:44.969 worker_log:584 7397 MainThread [INFO]  Received executor task 4085
2023-07-07 14:17:34.019 worker_log:602 7397 MainThread [INFO]  Completed executor task 4085
2023-07-07 14:17:34.019 worker_log:613 7397 MainThread [INFO]  All processing finished for executor task 4085
2023-07-07 14:17:34.030 worker_log:584 7397 MainThread [INFO]  Received executor task 4103
2023-07-07 14:17:59.014 worker_log:602 7397 MainThread [INFO]  Completed executor task 4103
2023-07-07 14:17:59.014 worker_log:613 7397 MainThread [INFO]  All processing finished for executor task 4103
2023-07-07 14:17:59.025 worker_log:584 7397 MainThread [INFO]  Received executor task 4115
2023-07-07 14:18:27.508 worker_log:602 7397 MainThread [INFO]  Completed executor task 4115
2023-07-07 14:18:27.508 worker_log:613 7397 MainThread [INFO]  All processing finished for executor task 4115
2023-07-07 14:18:27.519 worker_log:584 7397 MainThread [INFO]  Received executor task 4130
2023-07-07 14:19:13.263 worker_log:602 7397 MainThread [INFO]  Completed executor task 4130
2023-07-07 14:19:13.264 worker_log:613 7397 MainThread [INFO]  All processing finished for executor task 4130
2023-07-07 14:19:13.275 worker_log:584 7397 MainThread [INFO]  Received executor task 4147
2023-07-07 14:20:41.573 worker_log:602 7397 MainThread [INFO]  Completed executor task 4147
2023-07-07 14:20:41.574 worker_log:613 7397 MainThread [INFO]  All processing finished for executor task 4147
2023-07-07 14:20:41.587 worker_log:584 7397 MainThread [INFO]  Received executor task 4189
2023-07-07 14:21:25.332 worker_log:602 7397 MainThread [INFO]  Completed executor task 4189
2023-07-07 14:21:25.332 worker_log:613 7397 MainThread [INFO]  All processing finished for executor task 4189
2023-07-07 14:21:25.344 worker_log:584 7397 MainThread [INFO]  Received executor task 4209
2023-07-07 14:21:39.751 worker_log:602 7397 MainThread [INFO]  Completed executor task 4209
2023-07-07 14:21:39.751 worker_log:613 7397 MainThread [INFO]  All processing finished for executor task 4209
2023-07-07 14:21:39.762 worker_log:584 7397 MainThread [INFO]  Received executor task 4214
2023-07-07 14:22:06.995 worker_log:602 7397 MainThread [INFO]  Completed executor task 4214
2023-07-07 14:22:06.998 worker_log:613 7397 MainThread [INFO]  All processing finished for executor task 4214
2023-07-07 14:22:07.006 worker_log:584 7397 MainThread [INFO]  Received executor task 4226
2023-07-07 14:22:31.649 worker_log:602 7397 MainThread [INFO]  Completed executor task 4226
2023-07-07 14:22:31.649 worker_log:613 7397 MainThread [INFO]  All processing finished for executor task 4226
2023-07-07 14:22:31.660 worker_log:584 7397 MainThread [INFO]  Received executor task 4242
2023-07-07 14:23:00.817 worker_log:602 7397 MainThread [INFO]  Completed executor task 4242
2023-07-07 14:23:00.830 worker_log:613 7397 MainThread [INFO]  All processing finished for executor task 4242
2023-07-07 14:23:00.830 worker_log:584 7397 MainThread [INFO]  Received executor task 4259
2023-07-07 14:23:46.279 worker_log:602 7397 MainThread [INFO]  Completed executor task 4259
2023-07-07 14:23:46.279 worker_log:613 7397 MainThread [INFO]  All processing finished for executor task 4259
2023-07-07 14:23:46.291 worker_log:584 7397 MainThread [INFO]  Received executor task 4278
2023-07-07 14:24:15.233 worker_log:602 7397 MainThread [INFO]  Completed executor task 4278
2023-07-07 14:24:15.233 worker_log:613 7397 MainThread [INFO]  All processing finished for executor task 4278
2023-07-07 14:24:15.244 worker_log:584 7397 MainThread [INFO]  Received executor task 4298
2023-07-07 14:24:46.205 worker_log:602 7397 MainThread [INFO]  Completed executor task 4298
2023-07-07 14:24:46.205 worker_log:613 7397 MainThread [INFO]  All processing finished for executor task 4298
2023-07-07 14:24:46.216 worker_log:584 7397 MainThread [INFO]  Received executor task 4313
2023-07-07 14:25:03.292 worker_log:602 7397 MainThread [INFO]  Completed executor task 4313
2023-07-07 14:25:03.293 worker_log:613 7397 MainThread [INFO]  All processing finished for executor task 4313
2023-07-07 14:25:03.304 worker_log:584 7397 MainThread [INFO]  Received executor task 4322
2023-07-07 14:25:38.870 worker_log:602 7397 MainThread [INFO]  Completed executor task 4322
2023-07-07 14:25:38.871 worker_log:613 7397 MainThread [INFO]  All processing finished for executor task 4322
2023-07-07 14:25:38.882 worker_log:584 7397 MainThread [INFO]  Received executor task 4338
2023-07-07 14:26:13.291 worker_log:602 7397 MainThread [INFO]  Completed executor task 4338
2023-07-07 14:26:13.291 worker_log:613 7397 MainThread [INFO]  All processing finished for executor task 4338
2023-07-07 14:26:13.302 worker_log:584 7397 MainThread [INFO]  Received executor task 4355
2023-07-07 14:26:51.835 worker_log:602 7397 MainThread [INFO]  Completed executor task 4355
2023-07-07 14:26:51.835 worker_log:613 7397 MainThread [INFO]  All processing finished for executor task 4355
2023-07-07 14:26:51.847 worker_log:584 7397 MainThread [INFO]  Received executor task 4382
2023-07-07 14:27:13.025 worker_log:602 7397 MainThread [INFO]  Completed executor task 4382
2023-07-07 14:27:13.026 worker_log:613 7397 MainThread [INFO]  All processing finished for executor task 4382
2023-07-07 14:27:13.037 worker_log:584 7397 MainThread [INFO]  Received executor task 4393
2023-07-07 14:27:48.712 worker_log:602 7397 MainThread [INFO]  Completed executor task 4393
2023-07-07 14:27:48.713 worker_log:613 7397 MainThread [INFO]  All processing finished for executor task 4393
2023-07-07 14:27:48.724 worker_log:584 7397 MainThread [INFO]  Received executor task 4413
2023-07-07 14:28:03.304 worker_log:602 7397 MainThread [INFO]  Completed executor task 4413
2023-07-07 14:28:03.304 worker_log:613 7397 MainThread [INFO]  All processing finished for executor task 4413
2023-07-07 14:28:03.316 worker_log:584 7397 MainThread [INFO]  Received executor task 4421
2023-07-07 14:28:37.392 worker_log:602 7397 MainThread [INFO]  Completed executor task 4421
2023-07-07 14:28:37.392 worker_log:613 7397 MainThread [INFO]  All processing finished for executor task 4421
2023-07-07 14:28:37.404 worker_log:584 7397 MainThread [INFO]  Received executor task 4442
2023-07-07 14:29:24.898 worker_log:602 7397 MainThread [INFO]  Completed executor task 4442
2023-07-07 14:29:24.898 worker_log:613 7397 MainThread [INFO]  All processing finished for executor task 4442
2023-07-07 14:29:24.909 worker_log:584 7397 MainThread [INFO]  Received executor task 4462
2023-07-07 14:30:16.794 worker_log:602 7397 MainThread [INFO]  Completed executor task 4462
2023-07-07 14:30:16.794 worker_log:613 7397 MainThread [INFO]  All processing finished for executor task 4462
2023-07-07 14:30:16.806 worker_log:584 7397 MainThread [INFO]  Received executor task 4484
2023-07-07 14:31:03.985 worker_log:602 7397 MainThread [INFO]  Completed executor task 4484
2023-07-07 14:31:03.985 worker_log:613 7397 MainThread [INFO]  All processing finished for executor task 4484
2023-07-07 14:31:04.008 worker_log:584 7397 MainThread [INFO]  Received executor task 4506
2023-07-07 14:31:19.533 worker_log:602 7397 MainThread [INFO]  Completed executor task 4506
2023-07-07 14:31:19.533 worker_log:613 7397 MainThread [INFO]  All processing finished for executor task 4506
2023-07-07 14:31:19.545 worker_log:584 7397 MainThread [INFO]  Received executor task 4514
2023-07-07 14:32:31.599 worker_log:602 7397 MainThread [INFO]  Completed executor task 4514
2023-07-07 14:32:31.599 worker_log:613 7397 MainThread [INFO]  All processing finished for executor task 4514
2023-07-07 14:32:31.615 worker_log:584 7397 MainThread [INFO]  Received executor task 4554
2023-07-07 14:33:32.808 worker_log:602 7397 MainThread [INFO]  Completed executor task 4554
2023-07-07 14:33:32.808 worker_log:613 7397 MainThread [INFO]  All processing finished for executor task 4554
2023-07-07 14:33:32.819 worker_log:584 7397 MainThread [INFO]  Received executor task 4586
2023-07-07 14:33:46.982 worker_log:602 7397 MainThread [INFO]  Completed executor task 4586
2023-07-07 14:33:46.982 worker_log:613 7397 MainThread [INFO]  All processing finished for executor task 4586
2023-07-07 14:33:46.993 worker_log:584 7397 MainThread [INFO]  Received executor task 4595
2023-07-07 14:34:29.350 worker_log:602 7397 MainThread [INFO]  Completed executor task 4595
2023-07-07 14:34:29.351 worker_log:613 7397 MainThread [INFO]  All processing finished for executor task 4595
2023-07-07 14:34:29.362 worker_log:584 7397 MainThread [INFO]  Received executor task 4616
2023-07-07 14:35:19.471 worker_log:602 7397 MainThread [INFO]  Completed executor task 4616
2023-07-07 14:35:19.472 worker_log:613 7397 MainThread [INFO]  All processing finished for executor task 4616
2023-07-07 14:35:19.483 worker_log:584 7397 MainThread [INFO]  Received executor task 4639
2023-07-07 14:35:37.239 worker_log:602 7397 MainThread [INFO]  Completed executor task 4639
2023-07-07 14:35:37.239 worker_log:613 7397 MainThread [INFO]  All processing finished for executor task 4639
2023-07-07 14:35:37.250 worker_log:584 7397 MainThread [INFO]  Received executor task 4654
2023-07-07 14:36:24.639 worker_log:602 7397 MainThread [INFO]  Completed executor task 4654
2023-07-07 14:36:24.639 worker_log:613 7397 MainThread [INFO]  All processing finished for executor task 4654
2023-07-07 14:36:24.650 worker_log:584 7397 MainThread [INFO]  Received executor task 4672
2023-07-07 14:36:48.192 worker_log:602 7397 MainThread [INFO]  Completed executor task 4672
2023-07-07 14:36:48.193 worker_log:613 7397 MainThread [INFO]  All processing finished for executor task 4672
2023-07-07 14:36:48.210 worker_log:584 7397 MainThread [INFO]  Received executor task 4681
2023-07-07 14:37:01.877 worker_log:602 7397 MainThread [INFO]  Completed executor task 4681
2023-07-07 14:37:01.878 worker_log:613 7397 MainThread [INFO]  All processing finished for executor task 4681
2023-07-07 14:37:01.889 worker_log:584 7397 MainThread [INFO]  Received executor task 4690
2023-07-07 14:38:01.135 worker_log:602 7397 MainThread [INFO]  Completed executor task 4690
2023-07-07 14:38:01.135 worker_log:613 7397 MainThread [INFO]  All processing finished for executor task 4690
2023-07-07 14:38:01.147 worker_log:584 7397 MainThread [INFO]  Received executor task 4715
2023-07-07 14:38:49.738 worker_log:602 7397 MainThread [INFO]  Completed executor task 4715
2023-07-07 14:38:49.739 worker_log:613 7397 MainThread [INFO]  All processing finished for executor task 4715
2023-07-07 14:38:49.751 worker_log:584 7397 MainThread [INFO]  Received executor task 4740
2023-07-07 14:39:02.885 worker_log:602 7397 MainThread [INFO]  Completed executor task 4740
2023-07-07 14:39:02.885 worker_log:613 7397 MainThread [INFO]  All processing finished for executor task 4740
2023-07-07 14:39:02.896 worker_log:584 7397 MainThread [INFO]  Received executor task 4742
2023-07-07 14:39:27.889 worker_log:602 7397 MainThread [INFO]  Completed executor task 4742
2023-07-07 14:39:27.889 worker_log:613 7397 MainThread [INFO]  All processing finished for executor task 4742
2023-07-07 14:39:27.900 worker_log:584 7397 MainThread [INFO]  Received executor task 4755
2023-07-07 14:40:12.502 worker_log:602 7397 MainThread [INFO]  Completed executor task 4755
2023-07-07 14:40:12.503 worker_log:613 7397 MainThread [INFO]  All processing finished for executor task 4755
2023-07-07 14:40:12.514 worker_log:584 7397 MainThread [INFO]  Received executor task 4775
2023-07-07 14:40:50.201 worker_log:602 7397 MainThread [INFO]  Completed executor task 4775
2023-07-07 14:40:50.202 worker_log:613 7397 MainThread [INFO]  All processing finished for executor task 4775
2023-07-07 14:40:50.214 worker_log:584 7397 MainThread [INFO]  Received executor task 4792
2023-07-07 14:41:33.609 worker_log:602 7397 MainThread [INFO]  Completed executor task 4792
2023-07-07 14:41:33.610 worker_log:613 7397 MainThread [INFO]  All processing finished for executor task 4792
2023-07-07 14:41:33.622 worker_log:584 7397 MainThread [INFO]  Received executor task 4814
2023-07-07 14:42:05.739 worker_log:602 7397 MainThread [INFO]  Completed executor task 4814
2023-07-07 14:42:05.739 worker_log:613 7397 MainThread [INFO]  All processing finished for executor task 4814
2023-07-07 14:42:05.751 worker_log:584 7397 MainThread [INFO]  Received executor task 4830
2023-07-07 14:42:51.880 worker_log:602 7397 MainThread [INFO]  Completed executor task 4830
2023-07-07 14:42:51.880 worker_log:613 7397 MainThread [INFO]  All processing finished for executor task 4830
2023-07-07 14:42:51.891 worker_log:584 7397 MainThread [INFO]  Received executor task 4854
2023-07-07 14:43:40.505 worker_log:602 7397 MainThread [INFO]  Completed executor task 4854
2023-07-07 14:43:40.506 worker_log:613 7397 MainThread [INFO]  All processing finished for executor task 4854
2023-07-07 14:43:40.517 worker_log:584 7397 MainThread [INFO]  Received executor task 4877
2023-07-07 14:43:58.738 worker_log:602 7397 MainThread [INFO]  Completed executor task 4877
2023-07-07 14:43:58.739 worker_log:613 7397 MainThread [INFO]  All processing finished for executor task 4877
2023-07-07 14:43:58.750 worker_log:584 7397 MainThread [INFO]  Received executor task 4885
2023-07-07 14:44:35.771 worker_log:602 7397 MainThread [INFO]  Completed executor task 4885
2023-07-07 14:44:35.771 worker_log:613 7397 MainThread [INFO]  All processing finished for executor task 4885
2023-07-07 14:44:35.782 worker_log:584 7397 MainThread [INFO]  Received executor task 4904
2023-07-07 14:45:21.377 worker_log:602 7397 MainThread [INFO]  Completed executor task 4904
2023-07-07 14:45:21.377 worker_log:613 7397 MainThread [INFO]  All processing finished for executor task 4904
2023-07-07 14:45:21.388 worker_log:584 7397 MainThread [INFO]  Received executor task 4923
2023-07-07 14:45:44.489 worker_log:602 7397 MainThread [INFO]  Completed executor task 4923
2023-07-07 14:45:44.489 worker_log:613 7397 MainThread [INFO]  All processing finished for executor task 4923
2023-07-07 14:45:44.500 worker_log:584 7397 MainThread [INFO]  Received executor task 4935
2023-07-07 14:46:10.330 worker_log:602 7397 MainThread [INFO]  Completed executor task 4935
2023-07-07 14:46:10.330 worker_log:613 7397 MainThread [INFO]  All processing finished for executor task 4935
2023-07-07 14:46:10.341 worker_log:584 7397 MainThread [INFO]  Received executor task 4945
2023-07-07 14:46:50.528 worker_log:602 7397 MainThread [INFO]  Completed executor task 4945
2023-07-07 14:46:50.528 worker_log:613 7397 MainThread [INFO]  All processing finished for executor task 4945
2023-07-07 14:46:50.539 worker_log:584 7397 MainThread [INFO]  Received executor task 4967
2023-07-07 14:47:17.028 worker_log:602 7397 MainThread [INFO]  Completed executor task 4967
2023-07-07 14:47:17.028 worker_log:613 7397 MainThread [INFO]  All processing finished for executor task 4967
2023-07-07 14:47:17.039 worker_log:584 7397 MainThread [INFO]  Received executor task 4980
2023-07-07 14:47:52.966 worker_log:602 7397 MainThread [INFO]  Completed executor task 4980
2023-07-07 14:47:52.966 worker_log:613 7397 MainThread [INFO]  All processing finished for executor task 4980
2023-07-07 14:47:52.978 worker_log:584 7397 MainThread [INFO]  Received executor task 5001
2023-07-07 14:48:36.782 worker_log:602 7397 MainThread [INFO]  Completed executor task 5001
2023-07-07 14:48:36.783 worker_log:613 7397 MainThread [INFO]  All processing finished for executor task 5001
2023-07-07 14:48:36.794 worker_log:584 7397 MainThread [INFO]  Received executor task 5022
2023-07-07 14:48:57.990 worker_log:602 7397 MainThread [INFO]  Completed executor task 5022
2023-07-07 14:48:57.991 worker_log:613 7397 MainThread [INFO]  All processing finished for executor task 5022
2023-07-07 14:48:58.002 worker_log:584 7397 MainThread [INFO]  Received executor task 5032
2023-07-07 14:49:16.227 worker_log:602 7397 MainThread [INFO]  Completed executor task 5032
2023-07-07 14:49:16.227 worker_log:613 7397 MainThread [INFO]  All processing finished for executor task 5032
2023-07-07 14:49:16.238 worker_log:584 7397 MainThread [INFO]  Received executor task 5042
2023-07-07 14:49:47.242 worker_log:602 7397 MainThread [INFO]  Completed executor task 5042
2023-07-07 14:49:47.243 worker_log:613 7397 MainThread [INFO]  All processing finished for executor task 5042
2023-07-07 14:49:47.256 worker_log:584 7397 MainThread [INFO]  Received executor task 5059
2023-07-07 14:49:56.544 worker_log:602 7397 MainThread [INFO]  Completed executor task 5059
2023-07-07 14:49:56.544 worker_log:613 7397 MainThread [INFO]  All processing finished for executor task 5059
2023-07-07 14:49:56.555 worker_log:584 7397 MainThread [INFO]  Received executor task 5063
2023-07-07 14:50:40.134 worker_log:602 7397 MainThread [INFO]  Completed executor task 5063
2023-07-07 14:50:40.134 worker_log:613 7397 MainThread [INFO]  All processing finished for executor task 5063
2023-07-07 14:50:40.145 worker_log:584 7397 MainThread [INFO]  Received executor task 5082
2023-07-07 14:51:01.576 worker_log:602 7397 MainThread [INFO]  Completed executor task 5082
2023-07-07 14:51:01.576 worker_log:613 7397 MainThread [INFO]  All processing finished for executor task 5082
2023-07-07 14:51:01.587 worker_log:584 7397 MainThread [INFO]  Received executor task 5092
2023-07-07 14:51:52.032 worker_log:602 7397 MainThread [INFO]  Completed executor task 5092
2023-07-07 14:51:52.033 worker_log:613 7397 MainThread [INFO]  All processing finished for executor task 5092
2023-07-07 14:51:52.045 worker_log:584 7397 MainThread [INFO]  Received executor task 5116
2023-07-07 14:52:14.467 worker_log:602 7397 MainThread [INFO]  Completed executor task 5116
2023-07-07 14:52:14.468 worker_log:613 7397 MainThread [INFO]  All processing finished for executor task 5116
2023-07-07 14:52:14.479 worker_log:584 7397 MainThread [INFO]  Received executor task 5124
2023-07-07 14:52:34.980 worker_log:602 7397 MainThread [INFO]  Completed executor task 5124
2023-07-07 14:52:34.980 worker_log:613 7397 MainThread [INFO]  All processing finished for executor task 5124
2023-07-07 14:52:34.992 worker_log:584 7397 MainThread [INFO]  Received executor task 5133
2023-07-07 14:53:02.154 worker_log:602 7397 MainThread [INFO]  Completed executor task 5133
2023-07-07 14:53:02.154 worker_log:613 7397 MainThread [INFO]  All processing finished for executor task 5133
2023-07-07 14:53:02.166 worker_log:584 7397 MainThread [INFO]  Received executor task 5143
2023-07-07 14:53:41.926 worker_log:602 7397 MainThread [INFO]  Completed executor task 5143
2023-07-07 14:53:41.937 worker_log:613 7397 MainThread [INFO]  All processing finished for executor task 5143
2023-07-07 14:53:41.938 worker_log:584 7397 MainThread [INFO]  Received executor task 5166
2023-07-07 14:53:56.870 worker_log:602 7397 MainThread [INFO]  Completed executor task 5166
2023-07-07 14:53:56.870 worker_log:613 7397 MainThread [INFO]  All processing finished for executor task 5166
2023-07-07 14:53:56.871 worker_log:584 7397 MainThread [INFO]  Received executor task 5174
2023-07-07 14:54:22.200 worker_log:602 7397 MainThread [INFO]  Completed executor task 5174
2023-07-07 14:54:22.200 worker_log:613 7397 MainThread [INFO]  All processing finished for executor task 5174
2023-07-07 14:54:22.211 worker_log:584 7397 MainThread [INFO]  Received executor task 5188
2023-07-07 14:54:48.709 worker_log:602 7397 MainThread [INFO]  Completed executor task 5188
2023-07-07 14:54:48.709 worker_log:613 7397 MainThread [INFO]  All processing finished for executor task 5188
2023-07-07 14:54:48.720 worker_log:584 7397 MainThread [INFO]  Received executor task 5204
2023-07-07 14:55:19.790 worker_log:602 7397 MainThread [INFO]  Completed executor task 5204
2023-07-07 14:55:19.791 worker_log:613 7397 MainThread [INFO]  All processing finished for executor task 5204
2023-07-07 14:55:19.803 worker_log:584 7397 MainThread [INFO]  Received executor task 5220
2023-07-07 14:55:46.860 worker_log:602 7397 MainThread [INFO]  Completed executor task 5220
2023-07-07 14:55:46.861 worker_log:613 7397 MainThread [INFO]  All processing finished for executor task 5220
2023-07-07 14:55:46.873 worker_log:584 7397 MainThread [INFO]  Received executor task 5237
2023-07-07 14:56:36.246 worker_log:602 7397 MainThread [INFO]  Completed executor task 5237
2023-07-07 14:56:36.247 worker_log:613 7397 MainThread [INFO]  All processing finished for executor task 5237
2023-07-07 14:56:36.258 worker_log:584 7397 MainThread [INFO]  Received executor task 5261
2023-07-07 14:57:15.676 worker_log:602 7397 MainThread [INFO]  Completed executor task 5261
2023-07-07 14:57:15.676 worker_log:613 7397 MainThread [INFO]  All processing finished for executor task 5261
2023-07-07 14:57:15.687 worker_log:584 7397 MainThread [INFO]  Received executor task 5274
2023-07-07 14:58:39.342 worker_log:602 7397 MainThread [INFO]  Completed executor task 5274
2023-07-07 14:58:39.343 worker_log:613 7397 MainThread [INFO]  All processing finished for executor task 5274
2023-07-07 14:58:39.353 worker_log:584 7397 MainThread [INFO]  Received executor task 5304
2023-07-07 14:59:18.733 worker_log:602 7397 MainThread [INFO]  Completed executor task 5304
2023-07-07 14:59:18.733 worker_log:613 7397 MainThread [INFO]  All processing finished for executor task 5304
2023-07-07 14:59:18.744 worker_log:584 7397 MainThread [INFO]  Received executor task 5323
2023-07-07 14:59:44.433 worker_log:602 7397 MainThread [INFO]  Completed executor task 5323
2023-07-07 14:59:44.434 worker_log:613 7397 MainThread [INFO]  All processing finished for executor task 5323
2023-07-07 14:59:44.445 worker_log:584 7397 MainThread [INFO]  Received executor task 5333
2023-07-07 15:00:01.098 worker_log:602 7397 MainThread [INFO]  Completed executor task 5333
2023-07-07 15:00:01.099 worker_log:613 7397 MainThread [INFO]  All processing finished for executor task 5333
2023-07-07 15:00:01.110 worker_log:584 7397 MainThread [INFO]  Received executor task 5344
2023-07-07 15:00:49.322 worker_log:602 7397 MainThread [INFO]  Completed executor task 5344
2023-07-07 15:00:49.323 worker_log:613 7397 MainThread [INFO]  All processing finished for executor task 5344
2023-07-07 15:00:49.334 worker_log:584 7397 MainThread [INFO]  Received executor task 5368
2023-07-07 15:01:34.709 worker_log:602 7397 MainThread [INFO]  Completed executor task 5368
2023-07-07 15:01:34.710 worker_log:613 7397 MainThread [INFO]  All processing finished for executor task 5368
2023-07-07 15:01:34.721 worker_log:584 7397 MainThread [INFO]  Received executor task 5386
2023-07-07 15:02:14.053 worker_log:602 7397 MainThread [INFO]  Completed executor task 5386
2023-07-07 15:02:14.053 worker_log:613 7397 MainThread [INFO]  All processing finished for executor task 5386
2023-07-07 15:02:14.064 worker_log:584 7397 MainThread [INFO]  Received executor task 5405
2023-07-07 15:02:56.545 worker_log:602 7397 MainThread [INFO]  Completed executor task 5405
2023-07-07 15:02:56.546 worker_log:613 7397 MainThread [INFO]  All processing finished for executor task 5405
2023-07-07 15:02:56.558 worker_log:584 7397 MainThread [INFO]  Received executor task 5424
2023-07-07 15:03:21.900 worker_log:602 7397 MainThread [INFO]  Completed executor task 5424
2023-07-07 15:03:21.900 worker_log:613 7397 MainThread [INFO]  All processing finished for executor task 5424
2023-07-07 15:03:21.911 worker_log:584 7397 MainThread [INFO]  Received executor task 5439
2023-07-07 15:03:42.643 worker_log:602 7397 MainThread [INFO]  Completed executor task 5439
2023-07-07 15:03:42.643 worker_log:613 7397 MainThread [INFO]  All processing finished for executor task 5439
2023-07-07 15:03:42.655 worker_log:584 7397 MainThread [INFO]  Received executor task 5449
2023-07-07 15:04:07.306 worker_log:602 7397 MainThread [INFO]  Completed executor task 5449
2023-07-07 15:04:07.307 worker_log:613 7397 MainThread [INFO]  All processing finished for executor task 5449
2023-07-07 15:04:07.327 worker_log:584 7397 MainThread [INFO]  Received executor task 5462
2023-07-07 15:04:36.725 worker_log:602 7397 MainThread [INFO]  Completed executor task 5462
2023-07-07 15:04:36.725 worker_log:613 7397 MainThread [INFO]  All processing finished for executor task 5462
2023-07-07 15:04:36.736 worker_log:584 7397 MainThread [INFO]  Received executor task 5475
2023-07-07 15:05:35.596 worker_log:602 7397 MainThread [INFO]  Completed executor task 5475
2023-07-07 15:05:35.596 worker_log:613 7397 MainThread [INFO]  All processing finished for executor task 5475
2023-07-07 15:05:35.601 worker_log:584 7397 MainThread [INFO]  Received executor task 5501
2023-07-07 15:05:56.952 worker_log:602 7397 MainThread [INFO]  Completed executor task 5501
2023-07-07 15:05:56.952 worker_log:613 7397 MainThread [INFO]  All processing finished for executor task 5501
2023-07-07 15:05:56.963 worker_log:584 7397 MainThread [INFO]  Received executor task 5512
2023-07-07 15:06:39.516 worker_log:602 7397 MainThread [INFO]  Completed executor task 5512
2023-07-07 15:06:39.517 worker_log:613 7397 MainThread [INFO]  All processing finished for executor task 5512
2023-07-07 15:06:39.528 worker_log:584 7397 MainThread [INFO]  Received executor task 5534
2023-07-07 15:07:05.098 worker_log:602 7397 MainThread [INFO]  Completed executor task 5534
2023-07-07 15:07:05.098 worker_log:613 7397 MainThread [INFO]  All processing finished for executor task 5534
2023-07-07 15:07:05.110 worker_log:584 7397 MainThread [INFO]  Received executor task 5547
2023-07-07 15:07:50.879 worker_log:602 7397 MainThread [INFO]  Completed executor task 5547
2023-07-07 15:07:50.879 worker_log:613 7397 MainThread [INFO]  All processing finished for executor task 5547
2023-07-07 15:07:50.891 worker_log:584 7397 MainThread [INFO]  Received executor task 5562
2023-07-07 15:08:25.057 worker_log:602 7397 MainThread [INFO]  Completed executor task 5562
2023-07-07 15:08:25.057 worker_log:613 7397 MainThread [INFO]  All processing finished for executor task 5562
2023-07-07 15:08:25.075 worker_log:584 7397 MainThread [INFO]  Received executor task 5579
2023-07-07 15:08:43.444 worker_log:602 7397 MainThread [INFO]  Completed executor task 5579
2023-07-07 15:08:43.445 worker_log:613 7397 MainThread [INFO]  All processing finished for executor task 5579
2023-07-07 15:08:43.455 worker_log:584 7397 MainThread [INFO]  Received executor task 5587
2023-07-07 15:09:04.944 worker_log:602 7397 MainThread [INFO]  Completed executor task 5587
2023-07-07 15:09:04.944 worker_log:613 7397 MainThread [INFO]  All processing finished for executor task 5587
2023-07-07 15:09:04.957 worker_log:584 7397 MainThread [INFO]  Received executor task 5599
2023-07-07 15:09:37.350 worker_log:602 7397 MainThread [INFO]  Completed executor task 5599
2023-07-07 15:09:37.351 worker_log:613 7397 MainThread [INFO]  All processing finished for executor task 5599
2023-07-07 15:09:37.362 worker_log:584 7397 MainThread [INFO]  Received executor task 5614
2023-07-07 15:10:04.673 worker_log:602 7397 MainThread [INFO]  Completed executor task 5614
2023-07-07 15:10:04.674 worker_log:613 7397 MainThread [INFO]  All processing finished for executor task 5614
2023-07-07 15:10:04.685 worker_log:584 7397 MainThread [INFO]  Received executor task 5626
2023-07-07 15:10:29.571 worker_log:602 7397 MainThread [INFO]  Completed executor task 5626
2023-07-07 15:10:29.571 worker_log:613 7397 MainThread [INFO]  All processing finished for executor task 5626
2023-07-07 15:10:29.583 worker_log:584 7397 MainThread [INFO]  Received executor task 5639
2023-07-07 15:11:17.153 worker_log:602 7397 MainThread [INFO]  Completed executor task 5639
2023-07-07 15:11:17.153 worker_log:613 7397 MainThread [INFO]  All processing finished for executor task 5639
2023-07-07 15:11:17.164 worker_log:584 7397 MainThread [INFO]  Received executor task 5662
2023-07-07 15:12:10.707 worker_log:602 7397 MainThread [INFO]  Completed executor task 5662
2023-07-07 15:12:10.707 worker_log:613 7397 MainThread [INFO]  All processing finished for executor task 5662
2023-07-07 15:12:10.718 worker_log:584 7397 MainThread [INFO]  Received executor task 5688
2023-07-07 15:12:43.331 worker_log:602 7397 MainThread [INFO]  Completed executor task 5688
2023-07-07 15:12:43.332 worker_log:613 7397 MainThread [INFO]  All processing finished for executor task 5688
2023-07-07 15:12:43.343 worker_log:584 7397 MainThread [INFO]  Received executor task 5703
2023-07-07 15:13:43.106 worker_log:602 7397 MainThread [INFO]  Completed executor task 5703
2023-07-07 15:13:43.107 worker_log:613 7397 MainThread [INFO]  All processing finished for executor task 5703
2023-07-07 15:13:43.120 worker_log:584 7397 MainThread [INFO]  Received executor task 5736
2023-07-07 15:14:26.254 worker_log:602 7397 MainThread [INFO]  Completed executor task 5736
2023-07-07 15:14:26.254 worker_log:613 7397 MainThread [INFO]  All processing finished for executor task 5736
2023-07-07 15:14:26.265 worker_log:584 7397 MainThread [INFO]  Received executor task 5753
2023-07-07 15:14:52.475 worker_log:602 7397 MainThread [INFO]  Completed executor task 5753
2023-07-07 15:14:52.475 worker_log:613 7397 MainThread [INFO]  All processing finished for executor task 5753
2023-07-07 15:14:52.487 worker_log:584 7397 MainThread [INFO]  Received executor task 5765
2023-07-07 15:15:50.631 worker_log:602 7397 MainThread [INFO]  Completed executor task 5765
2023-07-07 15:15:50.631 worker_log:613 7397 MainThread [INFO]  All processing finished for executor task 5765
2023-07-07 15:15:50.642 worker_log:584 7397 MainThread [INFO]  Received executor task 5793
2023-07-07 15:16:13.485 worker_log:602 7397 MainThread [INFO]  Completed executor task 5793
2023-07-07 15:16:13.485 worker_log:613 7397 MainThread [INFO]  All processing finished for executor task 5793
2023-07-07 15:16:13.496 worker_log:584 7397 MainThread [INFO]  Received executor task 5803
2023-07-07 15:16:53.054 worker_log:602 7397 MainThread [INFO]  Completed executor task 5803
2023-07-07 15:16:53.055 worker_log:613 7397 MainThread [INFO]  All processing finished for executor task 5803
2023-07-07 15:16:53.066 worker_log:584 7397 MainThread [INFO]  Received executor task 5829
2023-07-07 15:17:29.787 worker_log:602 7397 MainThread [INFO]  Completed executor task 5829
2023-07-07 15:17:29.787 worker_log:613 7397 MainThread [INFO]  All processing finished for executor task 5829
2023-07-07 15:17:29.798 worker_log:584 7397 MainThread [INFO]  Received executor task 5849
2023-07-07 15:17:53.702 worker_log:602 7397 MainThread [INFO]  Completed executor task 5849
2023-07-07 15:17:53.703 worker_log:613 7397 MainThread [INFO]  All processing finished for executor task 5849
2023-07-07 15:17:53.714 worker_log:584 7397 MainThread [INFO]  Received executor task 5865
2023-07-07 15:18:53.008 worker_log:602 7397 MainThread [INFO]  Completed executor task 5865
2023-07-07 15:18:53.008 worker_log:613 7397 MainThread [INFO]  All processing finished for executor task 5865
2023-07-07 15:18:53.019 worker_log:584 7397 MainThread [INFO]  Received executor task 5886
2023-07-07 15:19:30.403 worker_log:602 7397 MainThread [INFO]  Completed executor task 5886
2023-07-07 15:19:30.403 worker_log:613 7397 MainThread [INFO]  All processing finished for executor task 5886
2023-07-07 15:19:30.415 worker_log:584 7397 MainThread [INFO]  Received executor task 5900
2023-07-07 15:20:01.647 worker_log:602 7397 MainThread [INFO]  Completed executor task 5900
2023-07-07 15:20:01.647 worker_log:613 7397 MainThread [INFO]  All processing finished for executor task 5900
2023-07-07 15:20:01.660 worker_log:584 7397 MainThread [INFO]  Received executor task 5918
2023-07-07 15:20:33.316 worker_log:602 7397 MainThread [INFO]  Completed executor task 5918
2023-07-07 15:20:33.316 worker_log:613 7397 MainThread [INFO]  All processing finished for executor task 5918
2023-07-07 15:20:33.327 worker_log:584 7397 MainThread [INFO]  Received executor task 5936
2023-07-07 15:20:58.436 worker_log:602 7397 MainThread [INFO]  Completed executor task 5936
2023-07-07 15:20:58.437 worker_log:613 7397 MainThread [INFO]  All processing finished for executor task 5936
2023-07-07 15:20:58.448 worker_log:584 7397 MainThread [INFO]  Received executor task 5952
2023-07-07 15:21:41.294 worker_log:602 7397 MainThread [INFO]  Completed executor task 5952
2023-07-07 15:21:41.295 worker_log:613 7397 MainThread [INFO]  All processing finished for executor task 5952
2023-07-07 15:21:41.306 worker_log:584 7397 MainThread [INFO]  Received executor task 5967
2023-07-07 15:21:56.804 worker_log:602 7397 MainThread [INFO]  Completed executor task 5967
2023-07-07 15:21:56.804 worker_log:613 7397 MainThread [INFO]  All processing finished for executor task 5967
2023-07-07 15:21:56.815 worker_log:584 7397 MainThread [INFO]  Received executor task 5978
2023-07-07 15:22:17.788 worker_log:602 7397 MainThread [INFO]  Completed executor task 5978
2023-07-07 15:22:17.789 worker_log:613 7397 MainThread [INFO]  All processing finished for executor task 5978
2023-07-07 15:22:17.800 worker_log:584 7397 MainThread [INFO]  Received executor task 5988
2023-07-07 15:22:57.688 worker_log:602 7397 MainThread [INFO]  Completed executor task 5988
2023-07-07 15:22:57.688 worker_log:613 7397 MainThread [INFO]  All processing finished for executor task 5988
2023-07-07 15:22:57.710 worker_log:584 7397 MainThread [INFO]  Received executor task 6010
2023-07-07 15:23:27.640 worker_log:602 7397 MainThread [INFO]  Completed executor task 6010
2023-07-07 15:23:27.641 worker_log:613 7397 MainThread [INFO]  All processing finished for executor task 6010
2023-07-07 15:23:27.653 worker_log:584 7397 MainThread [INFO]  Received executor task 6024
2023-07-07 15:23:57.265 worker_log:602 7397 MainThread [INFO]  Completed executor task 6024
2023-07-07 15:23:57.266 worker_log:613 7397 MainThread [INFO]  All processing finished for executor task 6024
2023-07-07 15:23:57.278 worker_log:584 7397 MainThread [INFO]  Received executor task 6039
2023-07-07 15:24:30.289 worker_log:602 7397 MainThread [INFO]  Completed executor task 6039
2023-07-07 15:24:30.289 worker_log:613 7397 MainThread [INFO]  All processing finished for executor task 6039
2023-07-07 15:24:30.300 worker_log:584 7397 MainThread [INFO]  Received executor task 6059
2023-07-07 15:24:57.728 worker_log:602 7397 MainThread [INFO]  Completed executor task 6059
2023-07-07 15:24:57.729 worker_log:613 7397 MainThread [INFO]  All processing finished for executor task 6059
2023-07-07 15:24:57.740 worker_log:584 7397 MainThread [INFO]  Received executor task 6075
2023-07-07 15:25:31.631 worker_log:602 7397 MainThread [INFO]  Completed executor task 6075
2023-07-07 15:25:31.632 worker_log:613 7397 MainThread [INFO]  All processing finished for executor task 6075
2023-07-07 15:25:31.643 worker_log:584 7397 MainThread [INFO]  Received executor task 6090
2023-07-07 15:26:01.303 worker_log:602 7397 MainThread [INFO]  Completed executor task 6090
2023-07-07 15:26:01.304 worker_log:613 7397 MainThread [INFO]  All processing finished for executor task 6090
2023-07-07 15:26:01.315 worker_log:584 7397 MainThread [INFO]  Received executor task 6110
2023-07-07 15:26:13.639 worker_log:602 7397 MainThread [INFO]  Completed executor task 6110
2023-07-07 15:26:13.639 worker_log:613 7397 MainThread [INFO]  All processing finished for executor task 6110
2023-07-07 15:26:13.650 worker_log:584 7397 MainThread [INFO]  Received executor task 6119
2023-07-07 15:27:19.877 worker_log:602 7397 MainThread [INFO]  Completed executor task 6119
2023-07-07 15:27:19.877 worker_log:613 7397 MainThread [INFO]  All processing finished for executor task 6119
2023-07-07 15:27:19.888 worker_log:584 7397 MainThread [INFO]  Received executor task 6148
2023-07-07 15:28:04.770 worker_log:602 7397 MainThread [INFO]  Completed executor task 6148
2023-07-07 15:28:04.770 worker_log:613 7397 MainThread [INFO]  All processing finished for executor task 6148
2023-07-07 15:28:04.781 worker_log:584 7397 MainThread [INFO]  Received executor task 6176
2023-07-07 15:28:28.398 worker_log:602 7397 MainThread [INFO]  Completed executor task 6176
2023-07-07 15:28:28.398 worker_log:613 7397 MainThread [INFO]  All processing finished for executor task 6176
2023-07-07 15:28:28.409 worker_log:584 7397 MainThread [INFO]  Received executor task 6191
2023-07-07 15:28:45.209 worker_log:602 7397 MainThread [INFO]  Completed executor task 6191
2023-07-07 15:28:45.209 worker_log:613 7397 MainThread [INFO]  All processing finished for executor task 6191
2023-07-07 15:28:45.220 worker_log:584 7397 MainThread [INFO]  Received executor task 6199
2023-07-07 15:29:19.799 worker_log:602 7397 MainThread [INFO]  Completed executor task 6199
2023-07-07 15:29:19.799 worker_log:613 7397 MainThread [INFO]  All processing finished for executor task 6199
2023-07-07 15:29:19.819 worker_log:584 7397 MainThread [INFO]  Received executor task 6220
2023-07-07 15:29:37.041 worker_log:602 7397 MainThread [INFO]  Completed executor task 6220
2023-07-07 15:29:37.042 worker_log:613 7397 MainThread [INFO]  All processing finished for executor task 6220
2023-07-07 15:29:37.053 worker_log:584 7397 MainThread [INFO]  Received executor task 6229
2023-07-07 15:30:19.915 worker_log:602 7397 MainThread [INFO]  Completed executor task 6229
2023-07-07 15:30:19.915 worker_log:613 7397 MainThread [INFO]  All processing finished for executor task 6229
2023-07-07 15:30:19.926 worker_log:584 7397 MainThread [INFO]  Received executor task 6253
2023-07-07 15:31:03.885 worker_log:602 7397 MainThread [INFO]  Completed executor task 6253
2023-07-07 15:31:03.897 worker_log:613 7397 MainThread [INFO]  All processing finished for executor task 6253
2023-07-07 15:31:03.897 worker_log:584 7397 MainThread [INFO]  Received executor task 6274
2023-07-07 15:31:36.027 worker_log:602 7397 MainThread [INFO]  Completed executor task 6274
2023-07-07 15:31:36.028 worker_log:613 7397 MainThread [INFO]  All processing finished for executor task 6274
2023-07-07 15:31:36.039 worker_log:584 7397 MainThread [INFO]  Received executor task 6296
2023-07-07 15:32:14.451 worker_log:602 7397 MainThread [INFO]  Completed executor task 6296
2023-07-07 15:32:14.452 worker_log:613 7397 MainThread [INFO]  All processing finished for executor task 6296
2023-07-07 15:32:14.463 worker_log:584 7397 MainThread [INFO]  Received executor task 6317
2023-07-07 15:32:34.414 worker_log:602 7397 MainThread [INFO]  Completed executor task 6317
2023-07-07 15:32:34.414 worker_log:613 7397 MainThread [INFO]  All processing finished for executor task 6317
2023-07-07 15:32:34.425 worker_log:584 7397 MainThread [INFO]  Received executor task 6324
2023-07-07 15:33:06.039 worker_log:602 7397 MainThread [INFO]  Completed executor task 6324
2023-07-07 15:33:06.039 worker_log:613 7397 MainThread [INFO]  All processing finished for executor task 6324
2023-07-07 15:33:06.050 worker_log:584 7397 MainThread [INFO]  Received executor task 6337
2023-07-07 15:33:41.407 worker_log:602 7397 MainThread [INFO]  Completed executor task 6337
2023-07-07 15:33:41.407 worker_log:613 7397 MainThread [INFO]  All processing finished for executor task 6337
2023-07-07 15:33:41.418 worker_log:584 7397 MainThread [INFO]  Received executor task 6358
2023-07-07 15:34:56.939 worker_log:602 7397 MainThread [INFO]  Completed executor task 6358
2023-07-07 15:34:56.940 worker_log:613 7397 MainThread [INFO]  All processing finished for executor task 6358
2023-07-07 15:34:56.951 worker_log:584 7397 MainThread [INFO]  Received executor task 6390
2023-07-07 15:35:25.653 worker_log:602 7397 MainThread [INFO]  Completed executor task 6390
2023-07-07 15:35:25.654 worker_log:613 7397 MainThread [INFO]  All processing finished for executor task 6390
2023-07-07 15:35:25.665 worker_log:584 7397 MainThread [INFO]  Received executor task 6404
2023-07-07 15:35:46.839 worker_log:602 7397 MainThread [INFO]  Completed executor task 6404
2023-07-07 15:35:46.840 worker_log:613 7397 MainThread [INFO]  All processing finished for executor task 6404
2023-07-07 15:35:46.852 worker_log:584 7397 MainThread [INFO]  Received executor task 6417
2023-07-07 15:36:16.945 worker_log:602 7397 MainThread [INFO]  Completed executor task 6417
2023-07-07 15:36:16.945 worker_log:613 7397 MainThread [INFO]  All processing finished for executor task 6417
2023-07-07 15:36:16.958 worker_log:584 7397 MainThread [INFO]  Received executor task 6430
2023-07-07 15:36:48.510 worker_log:602 7397 MainThread [INFO]  Completed executor task 6430
2023-07-07 15:36:48.511 worker_log:613 7397 MainThread [INFO]  All processing finished for executor task 6430
2023-07-07 15:36:48.523 worker_log:584 7397 MainThread [INFO]  Received executor task 6439
2023-07-07 15:37:35.466 worker_log:602 7397 MainThread [INFO]  Completed executor task 6439
2023-07-07 15:37:35.466 worker_log:613 7397 MainThread [INFO]  All processing finished for executor task 6439
2023-07-07 15:37:35.477 worker_log:584 7397 MainThread [INFO]  Received executor task 6465
2023-07-07 15:39:33.608 worker_log:602 7397 MainThread [INFO]  Completed executor task 6465
2023-07-07 15:39:33.609 worker_log:613 7397 MainThread [INFO]  All processing finished for executor task 6465
2023-07-07 15:39:33.625 worker_log:584 7397 MainThread [INFO]  Received executor task 6520
2023-07-07 15:40:20.302 worker_log:602 7397 MainThread [INFO]  Completed executor task 6520
2023-07-07 15:40:20.302 worker_log:613 7397 MainThread [INFO]  All processing finished for executor task 6520
2023-07-07 15:40:20.313 worker_log:584 7397 MainThread [INFO]  Received executor task 6539
2023-07-07 15:40:40.081 worker_log:602 7397 MainThread [INFO]  Completed executor task 6539
2023-07-07 15:40:40.082 worker_log:613 7397 MainThread [INFO]  All processing finished for executor task 6539
2023-07-07 15:40:40.094 worker_log:584 7397 MainThread [INFO]  Received executor task 6552
2023-07-07 15:41:16.894 worker_log:602 7397 MainThread [INFO]  Completed executor task 6552
2023-07-07 15:41:16.895 worker_log:613 7397 MainThread [INFO]  All processing finished for executor task 6552
2023-07-07 15:41:16.906 worker_log:584 7397 MainThread [INFO]  Received executor task 6566
2023-07-07 15:41:40.917 worker_log:602 7397 MainThread [INFO]  Completed executor task 6566
2023-07-07 15:41:40.917 worker_log:613 7397 MainThread [INFO]  All processing finished for executor task 6566
2023-07-07 15:41:40.929 worker_log:584 7397 MainThread [INFO]  Received executor task 6582
2023-07-07 15:41:55.919 worker_log:602 7397 MainThread [INFO]  Completed executor task 6582
2023-07-07 15:41:55.919 worker_log:613 7397 MainThread [INFO]  All processing finished for executor task 6582
2023-07-07 15:41:55.931 worker_log:584 7397 MainThread [INFO]  Received executor task 6593
2023-07-07 15:42:32.717 worker_log:602 7397 MainThread [INFO]  Completed executor task 6593
2023-07-07 15:42:32.717 worker_log:613 7397 MainThread [INFO]  All processing finished for executor task 6593
2023-07-07 15:42:32.728 worker_log:584 7397 MainThread [INFO]  Received executor task 6613
2023-07-07 15:43:45.592 worker_log:602 7397 MainThread [INFO]  Completed executor task 6613
2023-07-07 15:43:45.593 worker_log:613 7397 MainThread [INFO]  All processing finished for executor task 6613
2023-07-07 15:43:45.608 worker_log:584 7397 MainThread [INFO]  Received executor task 6650
2023-07-07 15:44:00.405 worker_log:602 7397 MainThread [INFO]  Completed executor task 6650
2023-07-07 15:44:00.405 worker_log:613 7397 MainThread [INFO]  All processing finished for executor task 6650
2023-07-07 15:44:00.417 worker_log:584 7397 MainThread [INFO]  Received executor task 6660
2023-07-07 15:44:57.170 worker_log:602 7397 MainThread [INFO]  Completed executor task 6660
2023-07-07 15:44:57.170 worker_log:613 7397 MainThread [INFO]  All processing finished for executor task 6660
2023-07-07 15:44:57.183 worker_log:584 7397 MainThread [INFO]  Received executor task 6686
2023-07-07 15:46:10.830 worker_log:602 7397 MainThread [INFO]  Completed executor task 6686
2023-07-07 15:46:10.831 worker_log:613 7397 MainThread [INFO]  All processing finished for executor task 6686
2023-07-07 15:46:10.842 worker_log:584 7397 MainThread [INFO]  Received executor task 6719
2023-07-07 15:47:00.262 worker_log:602 7397 MainThread [INFO]  Completed executor task 6719
2023-07-07 15:47:00.262 worker_log:613 7397 MainThread [INFO]  All processing finished for executor task 6719
2023-07-07 15:47:00.273 worker_log:584 7397 MainThread [INFO]  Received executor task 6743
2023-07-07 15:47:13.237 worker_log:602 7397 MainThread [INFO]  Completed executor task 6743
2023-07-07 15:47:13.238 worker_log:613 7397 MainThread [INFO]  All processing finished for executor task 6743
2023-07-07 15:47:13.249 worker_log:584 7397 MainThread [INFO]  Received executor task 6751
2023-07-07 15:47:30.006 worker_log:602 7397 MainThread [INFO]  Completed executor task 6751
2023-07-07 15:47:30.008 worker_log:613 7397 MainThread [INFO]  All processing finished for executor task 6751
2023-07-07 15:47:30.022 worker_log:584 7397 MainThread [INFO]  Received executor task 6762
2023-07-07 15:47:51.728 worker_log:602 7397 MainThread [INFO]  Completed executor task 6762
2023-07-07 15:47:51.728 worker_log:613 7397 MainThread [INFO]  All processing finished for executor task 6762
2023-07-07 15:47:51.740 worker_log:584 7397 MainThread [INFO]  Received executor task 6774
2023-07-07 15:48:46.068 worker_log:602 7397 MainThread [INFO]  Completed executor task 6774
2023-07-07 15:48:46.068 worker_log:613 7397 MainThread [INFO]  All processing finished for executor task 6774
2023-07-07 15:48:46.079 worker_log:584 7397 MainThread [INFO]  Received executor task 6801
2023-07-07 15:49:11.411 worker_log:602 7397 MainThread [INFO]  Completed executor task 6801
2023-07-07 15:49:11.411 worker_log:613 7397 MainThread [INFO]  All processing finished for executor task 6801
2023-07-07 15:49:11.424 worker_log:584 7397 MainThread [INFO]  Received executor task 6818
2023-07-07 15:49:29.480 worker_log:602 7397 MainThread [INFO]  Completed executor task 6818
2023-07-07 15:49:29.480 worker_log:613 7397 MainThread [INFO]  All processing finished for executor task 6818
2023-07-07 15:49:29.492 worker_log:584 7397 MainThread [INFO]  Received executor task 6832
2023-07-07 15:49:58.707 worker_log:602 7397 MainThread [INFO]  Completed executor task 6832
2023-07-07 15:49:58.708 worker_log:613 7397 MainThread [INFO]  All processing finished for executor task 6832
2023-07-07 15:49:58.720 worker_log:584 7397 MainThread [INFO]  Received executor task 6845
2023-07-07 15:50:17.648 worker_log:602 7397 MainThread [INFO]  Completed executor task 6845
2023-07-07 15:50:17.649 worker_log:613 7397 MainThread [INFO]  All processing finished for executor task 6845
2023-07-07 15:50:17.660 worker_log:584 7397 MainThread [INFO]  Received executor task 6855
2023-07-07 15:50:58.755 worker_log:602 7397 MainThread [INFO]  Completed executor task 6855
2023-07-07 15:50:58.755 worker_log:613 7397 MainThread [INFO]  All processing finished for executor task 6855
2023-07-07 15:50:58.767 worker_log:584 7397 MainThread [INFO]  Received executor task 6878
2023-07-07 15:51:11.312 worker_log:602 7397 MainThread [INFO]  Completed executor task 6878
2023-07-07 15:51:11.312 worker_log:613 7397 MainThread [INFO]  All processing finished for executor task 6878
2023-07-07 15:51:11.323 worker_log:584 7397 MainThread [INFO]  Received executor task 6885
2023-07-07 15:51:20.869 worker_log:602 7397 MainThread [INFO]  Completed executor task 6885
2023-07-07 15:51:20.869 worker_log:613 7397 MainThread [INFO]  All processing finished for executor task 6885
2023-07-07 15:51:20.870 worker_log:584 7397 MainThread [INFO]  Received executor task 6892
2023-07-07 15:51:41.925 worker_log:602 7397 MainThread [INFO]  Completed executor task 6892
2023-07-07 15:51:41.925 worker_log:613 7397 MainThread [INFO]  All processing finished for executor task 6892
2023-07-07 15:51:41.926 worker_log:584 7397 MainThread [INFO]  Received executor task 6905
2023-07-07 15:52:10.818 worker_log:602 7397 MainThread [INFO]  Completed executor task 6905
2023-07-07 15:52:10.819 worker_log:613 7397 MainThread [INFO]  All processing finished for executor task 6905
2023-07-07 15:52:10.830 worker_log:584 7397 MainThread [INFO]  Received executor task 6922
2023-07-07 15:52:47.278 worker_log:602 7397 MainThread [INFO]  Completed executor task 6922
2023-07-07 15:52:47.279 worker_log:613 7397 MainThread [INFO]  All processing finished for executor task 6922
2023-07-07 15:52:47.291 worker_log:584 7397 MainThread [INFO]  Received executor task 6939
2023-07-07 15:53:11.851 worker_log:602 7397 MainThread [INFO]  Completed executor task 6939
2023-07-07 15:53:11.852 worker_log:613 7397 MainThread [INFO]  All processing finished for executor task 6939
2023-07-07 15:53:11.863 worker_log:584 7397 MainThread [INFO]  Received executor task 6952
2023-07-07 15:53:45.506 worker_log:602 7397 MainThread [INFO]  Completed executor task 6952
2023-07-07 15:53:45.507 worker_log:613 7397 MainThread [INFO]  All processing finished for executor task 6952
2023-07-07 15:53:45.518 worker_log:584 7397 MainThread [INFO]  Received executor task 6970
2023-07-07 15:54:19.393 worker_log:602 7397 MainThread [INFO]  Completed executor task 6970
2023-07-07 15:54:19.394 worker_log:613 7397 MainThread [INFO]  All processing finished for executor task 6970
2023-07-07 15:54:19.405 worker_log:584 7397 MainThread [INFO]  Received executor task 6987
2023-07-07 15:54:42.370 worker_log:602 7397 MainThread [INFO]  Completed executor task 6987
2023-07-07 15:54:42.371 worker_log:613 7397 MainThread [INFO]  All processing finished for executor task 6987
2023-07-07 15:54:42.382 worker_log:584 7397 MainThread [INFO]  Received executor task 6998
2023-07-07 15:54:53.868 worker_log:602 7397 MainThread [INFO]  Completed executor task 6998
2023-07-07 15:54:53.868 worker_log:613 7397 MainThread [INFO]  All processing finished for executor task 6998
2023-07-07 15:54:53.879 worker_log:584 7397 MainThread [INFO]  Received executor task 7005
2023-07-07 15:55:19.642 worker_log:602 7397 MainThread [INFO]  Completed executor task 7005
2023-07-07 15:55:19.642 worker_log:613 7397 MainThread [INFO]  All processing finished for executor task 7005
2023-07-07 15:55:19.653 worker_log:584 7397 MainThread [INFO]  Received executor task 7018
2023-07-07 15:55:59.506 worker_log:602 7397 MainThread [INFO]  Completed executor task 7018
2023-07-07 15:55:59.515 worker_log:613 7397 MainThread [INFO]  All processing finished for executor task 7018
2023-07-07 15:55:59.518 worker_log:584 7397 MainThread [INFO]  Received executor task 7035
2023-07-07 15:56:20.023 worker_log:602 7397 MainThread [INFO]  Completed executor task 7035
2023-07-07 15:56:20.024 worker_log:613 7397 MainThread [INFO]  All processing finished for executor task 7035
2023-07-07 15:56:20.035 worker_log:584 7397 MainThread [INFO]  Received executor task 7047
2023-07-07 15:56:50.267 worker_log:602 7397 MainThread [INFO]  Completed executor task 7047
2023-07-07 15:56:50.268 worker_log:613 7397 MainThread [INFO]  All processing finished for executor task 7047
2023-07-07 15:56:50.281 worker_log:584 7397 MainThread [INFO]  Received executor task 7064
2023-07-07 15:57:08.685 worker_log:602 7397 MainThread [INFO]  Completed executor task 7064
2023-07-07 15:57:08.686 worker_log:613 7397 MainThread [INFO]  All processing finished for executor task 7064
2023-07-07 15:57:08.697 worker_log:584 7397 MainThread [INFO]  Received executor task 7076
2023-07-07 15:57:41.069 worker_log:602 7397 MainThread [INFO]  Completed executor task 7076
2023-07-07 15:57:41.069 worker_log:613 7397 MainThread [INFO]  All processing finished for executor task 7076
2023-07-07 15:57:41.082 worker_log:584 7397 MainThread [INFO]  Received executor task 7092
2023-07-07 15:58:03.770 worker_log:602 7397 MainThread [INFO]  Completed executor task 7092
2023-07-07 15:58:03.772 worker_log:613 7397 MainThread [INFO]  All processing finished for executor task 7092
2023-07-07 15:58:03.783 worker_log:584 7397 MainThread [INFO]  Received executor task 7103
2023-07-07 15:58:35.647 worker_log:602 7397 MainThread [INFO]  Completed executor task 7103
2023-07-07 15:58:35.647 worker_log:613 7397 MainThread [INFO]  All processing finished for executor task 7103
2023-07-07 15:58:35.659 worker_log:584 7397 MainThread [INFO]  Received executor task 7118
2023-07-07 15:59:01.169 worker_log:602 7397 MainThread [INFO]  Completed executor task 7118
2023-07-07 15:59:01.170 worker_log:613 7397 MainThread [INFO]  All processing finished for executor task 7118
2023-07-07 15:59:01.191 worker_log:584 7397 MainThread [INFO]  Received executor task 7132
2023-07-07 15:59:24.850 worker_log:602 7397 MainThread [INFO]  Completed executor task 7132
2023-07-07 15:59:24.851 worker_log:613 7397 MainThread [INFO]  All processing finished for executor task 7132
2023-07-07 15:59:24.862 worker_log:584 7397 MainThread [INFO]  Received executor task 7145
2023-07-07 15:59:45.113 worker_log:602 7397 MainThread [INFO]  Completed executor task 7145
2023-07-07 15:59:45.113 worker_log:613 7397 MainThread [INFO]  All processing finished for executor task 7145
2023-07-07 15:59:45.125 worker_log:584 7397 MainThread [INFO]  Received executor task 7154
2023-07-07 16:00:44.386 worker_log:602 7397 MainThread [INFO]  Completed executor task 7154
2023-07-07 16:00:44.386 worker_log:613 7397 MainThread [INFO]  All processing finished for executor task 7154
2023-07-07 16:00:44.397 worker_log:584 7397 MainThread [INFO]  Received executor task 7185
2023-07-07 16:00:54.168 worker_log:602 7397 MainThread [INFO]  Completed executor task 7185
2023-07-07 16:00:54.168 worker_log:613 7397 MainThread [INFO]  All processing finished for executor task 7185
2023-07-07 16:00:54.179 worker_log:584 7397 MainThread [INFO]  Received executor task 7190
2023-07-07 16:01:27.010 worker_log:602 7397 MainThread [INFO]  Completed executor task 7190
2023-07-07 16:01:27.010 worker_log:613 7397 MainThread [INFO]  All processing finished for executor task 7190
2023-07-07 16:01:27.021 worker_log:584 7397 MainThread [INFO]  Received executor task 7206
2023-07-07 16:02:16.081 worker_log:602 7397 MainThread [INFO]  Completed executor task 7206
2023-07-07 16:02:16.082 worker_log:613 7397 MainThread [INFO]  All processing finished for executor task 7206
2023-07-07 16:02:16.093 worker_log:584 7397 MainThread [INFO]  Received executor task 7224
2023-07-07 16:02:52.479 worker_log:602 7397 MainThread [INFO]  Completed executor task 7224
2023-07-07 16:02:52.479 worker_log:613 7397 MainThread [INFO]  All processing finished for executor task 7224
2023-07-07 16:02:52.490 worker_log:584 7397 MainThread [INFO]  Received executor task 7236
2023-07-07 16:03:34.610 worker_log:602 7397 MainThread [INFO]  Completed executor task 7236
2023-07-07 16:03:34.611 worker_log:613 7397 MainThread [INFO]  All processing finished for executor task 7236
2023-07-07 16:03:34.622 worker_log:584 7397 MainThread [INFO]  Received executor task 7248
2023-07-07 16:04:33.977 worker_log:602 7397 MainThread [INFO]  Completed executor task 7248
2023-07-07 16:04:33.977 worker_log:613 7397 MainThread [INFO]  All processing finished for executor task 7248
2023-07-07 16:04:33.989 worker_log:584 7397 MainThread [INFO]  Received executor task 7267
2023-07-07 16:05:05.427 worker_log:602 7397 MainThread [INFO]  Completed executor task 7267
2023-07-07 16:05:05.428 worker_log:613 7397 MainThread [INFO]  All processing finished for executor task 7267
2023-07-07 16:05:05.439 worker_log:584 7397 MainThread [INFO]  Received executor task 7284
2023-07-07 16:05:39.315 worker_log:602 7397 MainThread [INFO]  Completed executor task 7284
2023-07-07 16:05:39.315 worker_log:613 7397 MainThread [INFO]  All processing finished for executor task 7284
2023-07-07 16:05:39.326 worker_log:584 7397 MainThread [INFO]  Received executor task 7294
2023-07-07 16:06:13.521 worker_log:602 7397 MainThread [INFO]  Completed executor task 7294
2023-07-07 16:06:13.521 worker_log:613 7397 MainThread [INFO]  All processing finished for executor task 7294
2023-07-07 16:06:13.532 worker_log:584 7397 MainThread [INFO]  Received executor task 7305
2023-07-07 16:06:54.479 worker_log:602 7397 MainThread [INFO]  Completed executor task 7305
2023-07-07 16:06:54.479 worker_log:613 7397 MainThread [INFO]  All processing finished for executor task 7305
2023-07-07 16:06:54.491 worker_log:584 7397 MainThread [INFO]  Received executor task 7322
2023-07-07 16:07:08.775 worker_log:602 7397 MainThread [INFO]  Completed executor task 7322
2023-07-07 16:07:08.776 worker_log:613 7397 MainThread [INFO]  All processing finished for executor task 7322
2023-07-07 16:07:08.787 worker_log:584 7397 MainThread [INFO]  Received executor task 7329
2023-07-07 16:07:32.794 worker_log:602 7397 MainThread [INFO]  Completed executor task 7329
2023-07-07 16:07:32.795 worker_log:613 7397 MainThread [INFO]  All processing finished for executor task 7329
2023-07-07 16:07:32.806 worker_log:584 7397 MainThread [INFO]  Received executor task 7340
2023-07-07 16:08:36.099 worker_log:602 7397 MainThread [INFO]  Completed executor task 7340
2023-07-07 16:08:36.099 worker_log:613 7397 MainThread [INFO]  All processing finished for executor task 7340
2023-07-07 16:08:36.110 worker_log:584 7397 MainThread [INFO]  Received executor task 7364
2023-07-07 16:08:49.566 worker_log:602 7397 MainThread [INFO]  Completed executor task 7364
2023-07-07 16:08:49.567 worker_log:613 7397 MainThread [INFO]  All processing finished for executor task 7364
2023-07-07 16:08:49.578 worker_log:584 7397 MainThread [INFO]  Received executor task 7372
2023-07-07 16:09:20.539 worker_log:602 7397 MainThread [INFO]  Completed executor task 7372
2023-07-07 16:09:20.540 worker_log:613 7397 MainThread [INFO]  All processing finished for executor task 7372
2023-07-07 16:09:20.551 worker_log:584 7397 MainThread [INFO]  Received executor task 7386
2023-07-07 16:09:52.376 worker_log:602 7397 MainThread [INFO]  Completed executor task 7386
2023-07-07 16:09:52.389 worker_log:613 7397 MainThread [INFO]  All processing finished for executor task 7386
2023-07-07 16:09:52.389 worker_log:584 7397 MainThread [INFO]  Received executor task 7401
2023-07-07 16:10:49.212 worker_log:602 7397 MainThread [INFO]  Completed executor task 7401
2023-07-07 16:10:49.213 worker_log:613 7397 MainThread [INFO]  All processing finished for executor task 7401
2023-07-07 16:10:49.224 worker_log:584 7397 MainThread [INFO]  Received executor task 7421
2023-07-07 16:11:29.956 worker_log:602 7397 MainThread [INFO]  Completed executor task 7421
2023-07-07 16:11:29.956 worker_log:613 7397 MainThread [INFO]  All processing finished for executor task 7421
2023-07-07 16:11:29.968 worker_log:584 7397 MainThread [INFO]  Received executor task 7436
2023-07-07 16:11:49.541 worker_log:602 7397 MainThread [INFO]  Completed executor task 7436
2023-07-07 16:11:49.542 worker_log:613 7397 MainThread [INFO]  All processing finished for executor task 7436
2023-07-07 16:11:49.553 worker_log:584 7397 MainThread [INFO]  Received executor task 7444
2023-07-07 16:12:20.268 worker_log:602 7397 MainThread [INFO]  Completed executor task 7444
2023-07-07 16:12:20.268 worker_log:613 7397 MainThread [INFO]  All processing finished for executor task 7444
2023-07-07 16:12:20.280 worker_log:584 7397 MainThread [INFO]  Received executor task 7457
2023-07-07 16:12:53.978 worker_log:602 7397 MainThread [INFO]  Completed executor task 7457
2023-07-07 16:12:53.978 worker_log:613 7397 MainThread [INFO]  All processing finished for executor task 7457
2023-07-07 16:12:53.989 worker_log:584 7397 MainThread [INFO]  Received executor task 7473
2023-07-07 16:13:17.506 worker_log:602 7397 MainThread [INFO]  Completed executor task 7473
2023-07-07 16:13:17.507 worker_log:613 7397 MainThread [INFO]  All processing finished for executor task 7473
2023-07-07 16:13:17.518 worker_log:584 7397 MainThread [INFO]  Received executor task 7487
2023-07-07 16:13:43.147 worker_log:602 7397 MainThread [INFO]  Completed executor task 7487
2023-07-07 16:13:43.148 worker_log:613 7397 MainThread [INFO]  All processing finished for executor task 7487
2023-07-07 16:13:43.159 worker_log:584 7397 MainThread [INFO]  Received executor task 7502
2023-07-07 16:14:05.695 worker_log:602 7397 MainThread [INFO]  Completed executor task 7502
2023-07-07 16:14:05.695 worker_log:613 7397 MainThread [INFO]  All processing finished for executor task 7502
2023-07-07 16:14:05.706 worker_log:584 7397 MainThread [INFO]  Received executor task 7513
2023-07-07 16:14:24.043 worker_log:602 7397 MainThread [INFO]  Completed executor task 7513
2023-07-07 16:14:24.043 worker_log:613 7397 MainThread [INFO]  All processing finished for executor task 7513
2023-07-07 16:14:24.055 worker_log:584 7397 MainThread [INFO]  Received executor task 7519
2023-07-07 16:15:28.503 worker_log:602 7397 MainThread [INFO]  Completed executor task 7519
2023-07-07 16:15:28.505 worker_log:613 7397 MainThread [INFO]  All processing finished for executor task 7519
2023-07-07 16:15:28.514 worker_log:584 7397 MainThread [INFO]  Received executor task 7551
2023-07-07 16:16:01.754 worker_log:602 7397 MainThread [INFO]  Completed executor task 7551
2023-07-07 16:16:01.755 worker_log:613 7397 MainThread [INFO]  All processing finished for executor task 7551
2023-07-07 16:16:01.766 worker_log:584 7397 MainThread [INFO]  Received executor task 7573
2023-07-07 16:16:30.290 worker_log:602 7397 MainThread [INFO]  Completed executor task 7573
2023-07-07 16:16:30.290 worker_log:613 7397 MainThread [INFO]  All processing finished for executor task 7573
2023-07-07 16:16:30.301 worker_log:584 7397 MainThread [INFO]  Received executor task 7589
2023-07-07 16:16:59.765 worker_log:602 7397 MainThread [INFO]  Completed executor task 7589
2023-07-07 16:16:59.766 worker_log:613 7397 MainThread [INFO]  All processing finished for executor task 7589
2023-07-07 16:16:59.767 worker_log:584 7397 MainThread [INFO]  Received executor task 7603
2023-07-07 16:17:27.515 worker_log:602 7397 MainThread [INFO]  Completed executor task 7603
2023-07-07 16:17:27.516 worker_log:613 7397 MainThread [INFO]  All processing finished for executor task 7603
2023-07-07 16:17:27.538 worker_log:584 7397 MainThread [INFO]  Received executor task 7617
2023-07-07 16:18:03.929 worker_log:602 7397 MainThread [INFO]  Completed executor task 7617
2023-07-07 16:18:03.930 worker_log:613 7397 MainThread [INFO]  All processing finished for executor task 7617
2023-07-07 16:18:03.941 worker_log:584 7397 MainThread [INFO]  Received executor task 7631
2023-07-07 16:18:42.184 worker_log:602 7397 MainThread [INFO]  Completed executor task 7631
2023-07-07 16:18:42.184 worker_log:613 7397 MainThread [INFO]  All processing finished for executor task 7631
2023-07-07 16:18:42.195 worker_log:584 7397 MainThread [INFO]  Received executor task 7646
2023-07-07 16:19:37.561 worker_log:602 7397 MainThread [INFO]  Completed executor task 7646
2023-07-07 16:19:37.561 worker_log:613 7397 MainThread [INFO]  All processing finished for executor task 7646
2023-07-07 16:19:37.572 worker_log:584 7397 MainThread [INFO]  Received executor task 7674
2023-07-07 16:20:36.734 worker_log:602 7397 MainThread [INFO]  Completed executor task 7674
2023-07-07 16:20:36.734 worker_log:613 7397 MainThread [INFO]  All processing finished for executor task 7674
2023-07-07 16:20:36.745 worker_log:584 7397 MainThread [INFO]  Received executor task 7701
2023-07-07 16:20:52.898 worker_log:602 7397 MainThread [INFO]  Completed executor task 7701
2023-07-07 16:20:52.899 worker_log:613 7397 MainThread [INFO]  All processing finished for executor task 7701
2023-07-07 16:20:52.910 worker_log:584 7397 MainThread [INFO]  Received executor task 7712
2023-07-07 16:21:24.288 worker_log:602 7397 MainThread [INFO]  Completed executor task 7712
2023-07-07 16:21:24.289 worker_log:613 7397 MainThread [INFO]  All processing finished for executor task 7712
2023-07-07 16:21:24.300 worker_log:584 7397 MainThread [INFO]  Received executor task 7729
2023-07-07 16:22:21.545 worker_log:602 7397 MainThread [INFO]  Completed executor task 7729
2023-07-07 16:22:21.546 worker_log:613 7397 MainThread [INFO]  All processing finished for executor task 7729
2023-07-07 16:22:21.558 worker_log:584 7397 MainThread [INFO]  Received executor task 7756
2023-07-07 16:23:07.111 worker_log:602 7397 MainThread [INFO]  Completed executor task 7756
2023-07-07 16:23:07.112 worker_log:613 7397 MainThread [INFO]  All processing finished for executor task 7756
2023-07-07 16:23:07.123 worker_log:584 7397 MainThread [INFO]  Received executor task 7782
2023-07-07 16:23:28.383 worker_log:602 7397 MainThread [INFO]  Completed executor task 7782
2023-07-07 16:23:28.383 worker_log:613 7397 MainThread [INFO]  All processing finished for executor task 7782
2023-07-07 16:23:28.395 worker_log:584 7397 MainThread [INFO]  Received executor task 7796
2023-07-07 16:23:49.653 worker_log:602 7397 MainThread [INFO]  Completed executor task 7796
2023-07-07 16:23:49.654 worker_log:613 7397 MainThread [INFO]  All processing finished for executor task 7796
2023-07-07 16:23:49.665 worker_log:584 7397 MainThread [INFO]  Received executor task 7808
2023-07-07 16:24:30.230 worker_log:602 7397 MainThread [INFO]  Completed executor task 7808
2023-07-07 16:24:30.242 worker_log:613 7397 MainThread [INFO]  All processing finished for executor task 7808
2023-07-07 16:24:30.242 worker_log:584 7397 MainThread [INFO]  Received executor task 7834
2023-07-07 16:24:59.834 worker_log:602 7397 MainThread [INFO]  Completed executor task 7834
2023-07-07 16:24:59.834 worker_log:613 7397 MainThread [INFO]  All processing finished for executor task 7834
2023-07-07 16:24:59.845 worker_log:584 7397 MainThread [INFO]  Received executor task 7850
2023-07-07 16:25:33.858 worker_log:602 7397 MainThread [INFO]  Completed executor task 7850
2023-07-07 16:25:33.859 worker_log:613 7397 MainThread [INFO]  All processing finished for executor task 7850
2023-07-07 16:25:33.870 worker_log:584 7397 MainThread [INFO]  Received executor task 7864
2023-07-07 16:26:03.801 worker_log:602 7397 MainThread [INFO]  Completed executor task 7864
2023-07-07 16:26:03.803 worker_log:613 7397 MainThread [INFO]  All processing finished for executor task 7864
2023-07-07 16:26:03.820 worker_log:584 7397 MainThread [INFO]  Received executor task 7880
2023-07-07 16:26:49.588 worker_log:602 7397 MainThread [INFO]  Completed executor task 7880
2023-07-07 16:26:49.589 worker_log:613 7397 MainThread [INFO]  All processing finished for executor task 7880
2023-07-07 16:26:49.600 worker_log:584 7397 MainThread [INFO]  Received executor task 7902
2023-07-07 16:27:26.269 worker_log:602 7397 MainThread [INFO]  Completed executor task 7902
2023-07-07 16:27:26.269 worker_log:613 7397 MainThread [INFO]  All processing finished for executor task 7902
2023-07-07 16:27:26.280 worker_log:584 7397 MainThread [INFO]  Received executor task 7915
2023-07-07 16:27:34.476 worker_log:602 7397 MainThread [INFO]  Completed executor task 7915
2023-07-07 16:27:34.476 worker_log:613 7397 MainThread [INFO]  All processing finished for executor task 7915
2023-07-07 16:27:34.487 worker_log:584 7397 MainThread [INFO]  Received executor task 7921
2023-07-07 16:28:19.370 worker_log:602 7397 MainThread [INFO]  Completed executor task 7921
2023-07-07 16:28:19.370 worker_log:613 7397 MainThread [INFO]  All processing finished for executor task 7921
2023-07-07 16:28:19.382 worker_log:584 7397 MainThread [INFO]  Received executor task 7938
2023-07-07 16:28:43.251 worker_log:602 7397 MainThread [INFO]  Completed executor task 7938
2023-07-07 16:28:43.252 worker_log:613 7397 MainThread [INFO]  All processing finished for executor task 7938
2023-07-07 16:28:43.264 worker_log:584 7397 MainThread [INFO]  Received executor task 7951
2023-07-07 16:29:05.812 worker_log:602 7397 MainThread [INFO]  Completed executor task 7951
2023-07-07 16:29:05.812 worker_log:613 7397 MainThread [INFO]  All processing finished for executor task 7951
2023-07-07 16:29:05.825 worker_log:584 7397 MainThread [INFO]  Received executor task 7962
2023-07-07 16:29:45.072 worker_log:602 7397 MainThread [INFO]  Completed executor task 7962
2023-07-07 16:29:45.073 worker_log:613 7397 MainThread [INFO]  All processing finished for executor task 7962
2023-07-07 16:29:45.084 worker_log:584 7397 MainThread [INFO]  Received executor task 7979
2023-07-07 16:30:09.645 worker_log:602 7397 MainThread [INFO]  Completed executor task 7979
2023-07-07 16:30:09.646 worker_log:613 7397 MainThread [INFO]  All processing finished for executor task 7979
2023-07-07 16:30:09.664 worker_log:584 7397 MainThread [INFO]  Received executor task 7989
2023-07-07 16:30:41.111 worker_log:602 7397 MainThread [INFO]  Completed executor task 7989
2023-07-07 16:30:41.111 worker_log:613 7397 MainThread [INFO]  All processing finished for executor task 7989
2023-07-07 16:30:41.123 worker_log:584 7397 MainThread [INFO]  Received executor task 8004
2023-07-07 16:32:03.841 worker_log:602 7397 MainThread [INFO]  Completed executor task 8004
2023-07-07 16:32:03.843 worker_log:613 7397 MainThread [INFO]  All processing finished for executor task 8004
2023-07-07 16:32:03.855 worker_log:584 7397 MainThread [INFO]  Received executor task 8040
2023-07-07 16:32:28.806 worker_log:602 7397 MainThread [INFO]  Completed executor task 8040
2023-07-07 16:32:28.807 worker_log:613 7397 MainThread [INFO]  All processing finished for executor task 8040
2023-07-07 16:32:28.808 worker_log:584 7397 MainThread [INFO]  Received executor task 8053
2023-07-07 16:33:02.624 worker_log:602 7397 MainThread [INFO]  Completed executor task 8053
2023-07-07 16:33:02.625 worker_log:613 7397 MainThread [INFO]  All processing finished for executor task 8053
2023-07-07 16:33:02.636 worker_log:584 7397 MainThread [INFO]  Received executor task 8065
2023-07-07 16:33:29.943 worker_log:602 7397 MainThread [INFO]  Completed executor task 8065
2023-07-07 16:33:29.943 worker_log:613 7397 MainThread [INFO]  All processing finished for executor task 8065
2023-07-07 16:33:29.954 worker_log:584 7397 MainThread [INFO]  Received executor task 8077
2023-07-07 16:34:08.964 worker_log:602 7397 MainThread [INFO]  Completed executor task 8077
2023-07-07 16:34:08.965 worker_log:613 7397 MainThread [INFO]  All processing finished for executor task 8077
2023-07-07 16:34:08.976 worker_log:584 7397 MainThread [INFO]  Received executor task 8093
2023-07-07 16:34:35.204 worker_log:602 7397 MainThread [INFO]  Completed executor task 8093
2023-07-07 16:34:35.204 worker_log:613 7397 MainThread [INFO]  All processing finished for executor task 8093
2023-07-07 16:34:35.215 worker_log:584 7397 MainThread [INFO]  Received executor task 8106
2023-07-07 16:35:03.384 worker_log:602 7397 MainThread [INFO]  Completed executor task 8106
2023-07-07 16:35:03.384 worker_log:613 7397 MainThread [INFO]  All processing finished for executor task 8106
2023-07-07 16:35:03.396 worker_log:584 7397 MainThread [INFO]  Received executor task 8120
2023-07-07 16:35:55.003 worker_log:602 7397 MainThread [INFO]  Completed executor task 8120
2023-07-07 16:35:55.004 worker_log:613 7397 MainThread [INFO]  All processing finished for executor task 8120
2023-07-07 16:35:55.015 worker_log:584 7397 MainThread [INFO]  Received executor task 8138
2023-07-07 16:36:24.288 worker_log:602 7397 MainThread [INFO]  Completed executor task 8138
2023-07-07 16:36:24.294 worker_log:613 7397 MainThread [INFO]  All processing finished for executor task 8138
2023-07-07 16:36:24.300 worker_log:584 7397 MainThread [INFO]  Received executor task 8146
2023-07-07 16:37:28.569 worker_log:602 7397 MainThread [INFO]  Completed executor task 8146
2023-07-07 16:37:28.570 worker_log:613 7397 MainThread [INFO]  All processing finished for executor task 8146
2023-07-07 16:37:28.581 worker_log:584 7397 MainThread [INFO]  Received executor task 8166
2023-07-07 16:38:22.570 worker_log:602 7397 MainThread [INFO]  Completed executor task 8166
2023-07-07 16:38:22.574 worker_log:613 7397 MainThread [INFO]  All processing finished for executor task 8166
2023-07-07 16:38:22.582 worker_log:584 7397 MainThread [INFO]  Received executor task 8184
2023-07-07 16:39:03.207 worker_log:602 7397 MainThread [INFO]  Completed executor task 8184
2023-07-07 16:39:03.207 worker_log:613 7397 MainThread [INFO]  All processing finished for executor task 8184
2023-07-07 16:39:03.218 worker_log:584 7397 MainThread [INFO]  Received executor task 8195
2023-07-07 16:39:44.471 worker_log:602 7397 MainThread [INFO]  Completed executor task 8195
2023-07-07 16:39:44.472 worker_log:613 7397 MainThread [INFO]  All processing finished for executor task 8195
2023-07-07 16:39:44.483 worker_log:584 7397 MainThread [INFO]  Received executor task 8210
2023-07-07 16:40:23.141 worker_log:602 7397 MainThread [INFO]  Completed executor task 8210
2023-07-07 16:40:23.142 worker_log:613 7397 MainThread [INFO]  All processing finished for executor task 8210
2023-07-07 16:40:23.154 worker_log:584 7397 MainThread [INFO]  Received executor task 8221
2023-07-07 16:41:14.854 worker_log:602 7397 MainThread [INFO]  Completed executor task 8221
2023-07-07 16:41:14.855 worker_log:613 7397 MainThread [INFO]  All processing finished for executor task 8221
2023-07-07 16:41:14.866 worker_log:584 7397 MainThread [INFO]  Received executor task 8238
2023-07-07 16:41:49.582 worker_log:602 7397 MainThread [INFO]  Completed executor task 8238
2023-07-07 16:41:49.582 worker_log:613 7397 MainThread [INFO]  All processing finished for executor task 8238
2023-07-07 16:41:49.593 worker_log:584 7397 MainThread [INFO]  Received executor task 8248
2023-07-07 16:42:35.929 worker_log:602 7397 MainThread [INFO]  Completed executor task 8248
2023-07-07 16:42:35.929 worker_log:613 7397 MainThread [INFO]  All processing finished for executor task 8248
2023-07-07 16:42:35.940 worker_log:584 7397 MainThread [INFO]  Received executor task 8263
2023-07-07 16:43:10.717 worker_log:602 7397 MainThread [INFO]  Completed executor task 8263
2023-07-07 16:43:10.717 worker_log:613 7397 MainThread [INFO]  All processing finished for executor task 8263
2023-07-07 16:43:10.728 worker_log:584 7397 MainThread [INFO]  Received executor task 8276
2023-07-07 16:44:19.904 worker_log:602 7397 MainThread [INFO]  Completed executor task 8276
2023-07-07 16:44:19.904 worker_log:613 7397 MainThread [INFO]  All processing finished for executor task 8276
2023-07-07 16:44:19.915 worker_log:584 7397 MainThread [INFO]  Received executor task 8294
2023-07-07 16:45:12.828 worker_log:602 7397 MainThread [INFO]  Completed executor task 8294
2023-07-07 16:45:12.828 worker_log:613 7397 MainThread [INFO]  All processing finished for executor task 8294
2023-07-07 16:45:12.840 worker_log:584 7397 MainThread [INFO]  Received executor task 8307
2023-07-07 16:46:20.625 worker_log:602 7397 MainThread [INFO]  Completed executor task 8307
2023-07-07 16:46:20.626 worker_log:613 7397 MainThread [INFO]  All processing finished for executor task 8307
2023-07-07 16:46:20.637 worker_log:584 7397 MainThread [INFO]  Received executor task 8325
2023-07-07 16:47:51.158 worker_log:602 7397 MainThread [INFO]  Completed executor task 8325
2023-07-07 16:47:51.158 worker_log:613 7397 MainThread [INFO]  All processing finished for executor task 8325
2023-07-07 16:47:51.170 worker_log:584 7397 MainThread [INFO]  Received executor task 8344
2023-07-07 16:48:25.841 worker_log:602 7397 MainThread [INFO]  Completed executor task 8344
2023-07-07 16:48:25.842 worker_log:613 7397 MainThread [INFO]  All processing finished for executor task 8344
2023-07-07 16:48:25.853 worker_log:584 7397 MainThread [INFO]  Received executor task 8353
2023-07-07 16:49:12.600 worker_log:602 7397 MainThread [INFO]  Completed executor task 8353
2023-07-07 16:49:12.600 worker_log:613 7397 MainThread [INFO]  All processing finished for executor task 8353
2023-07-07 16:49:12.611 worker_log:584 7397 MainThread [INFO]  Received executor task 8365
2023-07-07 16:49:57.857 worker_log:602 7397 MainThread [INFO]  Completed executor task 8365
2023-07-07 16:49:57.857 worker_log:613 7397 MainThread [INFO]  All processing finished for executor task 8365
2023-07-07 16:49:57.868 worker_log:584 7397 MainThread [INFO]  Received executor task 8376
2023-07-07 16:51:15.302 worker_log:602 7397 MainThread [INFO]  Completed executor task 8376
2023-07-07 16:51:15.302 worker_log:613 7397 MainThread [INFO]  All processing finished for executor task 8376
2023-07-07 16:51:15.314 worker_log:584 7397 MainThread [INFO]  Received executor task 8401
2023-07-07 16:52:20.973 worker_log:602 7397 MainThread [INFO]  Completed executor task 8401
2023-07-07 16:52:20.973 worker_log:613 7397 MainThread [INFO]  All processing finished for executor task 8401
2023-07-07 16:52:20.985 worker_log:584 7397 MainThread [INFO]  Received executor task 8421
2023-07-07 16:53:00.320 worker_log:602 7397 MainThread [INFO]  Completed executor task 8421
2023-07-07 16:53:00.320 worker_log:613 7397 MainThread [INFO]  All processing finished for executor task 8421
2023-07-07 16:53:00.331 worker_log:584 7397 MainThread [INFO]  Received executor task 8435
2023-07-07 16:53:36.603 worker_log:602 7397 MainThread [INFO]  Completed executor task 8435
2023-07-07 16:53:36.604 worker_log:613 7397 MainThread [INFO]  All processing finished for executor task 8435
2023-07-07 16:53:36.615 worker_log:584 7397 MainThread [INFO]  Received executor task 8448
2023-07-07 16:54:46.619 worker_log:602 7397 MainThread [INFO]  Completed executor task 8448
2023-07-07 16:54:46.620 worker_log:613 7397 MainThread [INFO]  All processing finished for executor task 8448
2023-07-07 16:54:46.631 worker_log:584 7397 MainThread [INFO]  Received executor task 8487
2023-07-07 16:55:23.362 worker_log:602 7397 MainThread [INFO]  Completed executor task 8487
2023-07-07 16:55:23.363 worker_log:613 7397 MainThread [INFO]  All processing finished for executor task 8487
2023-07-07 16:55:23.376 worker_log:584 7397 MainThread [INFO]  Received executor task 8509
2023-07-07 16:56:17.417 worker_log:602 7397 MainThread [INFO]  Completed executor task 8509
2023-07-07 16:56:17.418 worker_log:613 7397 MainThread [INFO]  All processing finished for executor task 8509
2023-07-07 16:56:17.429 worker_log:584 7397 MainThread [INFO]  Received executor task 8531
2023-07-07 16:56:45.598 worker_log:602 7397 MainThread [INFO]  Completed executor task 8531
2023-07-07 16:56:45.599 worker_log:613 7397 MainThread [INFO]  All processing finished for executor task 8531
2023-07-07 16:56:45.610 worker_log:584 7397 MainThread [INFO]  Received executor task 8542
2023-07-07 16:57:18.476 worker_log:602 7397 MainThread [INFO]  Completed executor task 8542
2023-07-07 16:57:18.477 worker_log:613 7397 MainThread [INFO]  All processing finished for executor task 8542
2023-07-07 16:57:18.488 worker_log:584 7397 MainThread [INFO]  Received executor task 8560
2023-07-07 16:57:37.489 worker_log:602 7397 MainThread [INFO]  Completed executor task 8560
2023-07-07 16:57:37.490 worker_log:613 7397 MainThread [INFO]  All processing finished for executor task 8560
2023-07-07 16:57:37.501 worker_log:584 7397 MainThread [INFO]  Received executor task 8568
2023-07-07 16:58:22.036 worker_log:602 7397 MainThread [INFO]  Completed executor task 8568
2023-07-07 16:58:22.037 worker_log:613 7397 MainThread [INFO]  All processing finished for executor task 8568
2023-07-07 16:58:22.048 worker_log:584 7397 MainThread [INFO]  Received executor task 8592
2023-07-07 16:58:55.041 worker_log:602 7397 MainThread [INFO]  Completed executor task 8592
2023-07-07 16:58:55.042 worker_log:613 7397 MainThread [INFO]  All processing finished for executor task 8592
2023-07-07 16:58:55.053 worker_log:584 7397 MainThread [INFO]  Received executor task 8610
2023-07-07 16:59:16.500 worker_log:602 7397 MainThread [INFO]  Completed executor task 8610
2023-07-07 16:59:16.500 worker_log:613 7397 MainThread [INFO]  All processing finished for executor task 8610
2023-07-07 16:59:16.512 worker_log:584 7397 MainThread [INFO]  Received executor task 8624
2023-07-07 16:59:57.056 worker_log:602 7397 MainThread [INFO]  Completed executor task 8624
2023-07-07 16:59:57.067 worker_log:613 7397 MainThread [INFO]  All processing finished for executor task 8624
2023-07-07 16:59:57.068 worker_log:584 7397 MainThread [INFO]  Received executor task 8643
2023-07-07 17:00:48.978 worker_log:602 7397 MainThread [INFO]  Completed executor task 8643
2023-07-07 17:00:48.978 worker_log:613 7397 MainThread [INFO]  All processing finished for executor task 8643
2023-07-07 17:00:48.989 worker_log:584 7397 MainThread [INFO]  Received executor task 8669
2023-07-07 17:01:36.822 worker_log:602 7397 MainThread [INFO]  Completed executor task 8669
2023-07-07 17:01:36.822 worker_log:613 7397 MainThread [INFO]  All processing finished for executor task 8669
2023-07-07 17:01:36.834 worker_log:584 7397 MainThread [INFO]  Received executor task 8690
2023-07-07 17:01:49.393 worker_log:602 7397 MainThread [INFO]  Completed executor task 8690
2023-07-07 17:01:49.393 worker_log:613 7397 MainThread [INFO]  All processing finished for executor task 8690
2023-07-07 17:01:49.404 worker_log:584 7397 MainThread [INFO]  Received executor task 8696
2023-07-07 17:02:04.169 worker_log:602 7397 MainThread [INFO]  Completed executor task 8696
2023-07-07 17:02:04.170 worker_log:613 7397 MainThread [INFO]  All processing finished for executor task 8696
2023-07-07 17:02:04.182 worker_log:584 7397 MainThread [INFO]  Received executor task 8704
2023-07-07 17:02:17.194 worker_log:602 7397 MainThread [INFO]  Completed executor task 8704
2023-07-07 17:02:17.195 worker_log:613 7397 MainThread [INFO]  All processing finished for executor task 8704
2023-07-07 17:02:17.206 worker_log:584 7397 MainThread [INFO]  Received executor task 8713
2023-07-07 17:02:36.440 worker_log:602 7397 MainThread [INFO]  Completed executor task 8713
2023-07-07 17:02:36.440 worker_log:613 7397 MainThread [INFO]  All processing finished for executor task 8713
2023-07-07 17:02:36.451 worker_log:584 7397 MainThread [INFO]  Received executor task 8726
2023-07-07 17:03:07.592 worker_log:602 7397 MainThread [INFO]  Completed executor task 8726
2023-07-07 17:03:07.592 worker_log:613 7397 MainThread [INFO]  All processing finished for executor task 8726
2023-07-07 17:03:07.611 worker_log:584 7397 MainThread [INFO]  Received executor task 8745
2023-07-07 17:03:22.612 worker_log:602 7397 MainThread [INFO]  Completed executor task 8745
2023-07-07 17:03:22.613 worker_log:613 7397 MainThread [INFO]  All processing finished for executor task 8745
2023-07-07 17:03:22.624 worker_log:584 7397 MainThread [INFO]  Received executor task 8753
2023-07-07 17:03:59.032 worker_log:602 7397 MainThread [INFO]  Completed executor task 8753
2023-07-07 17:03:59.033 worker_log:613 7397 MainThread [INFO]  All processing finished for executor task 8753
2023-07-07 17:03:59.044 worker_log:584 7397 MainThread [INFO]  Received executor task 8773
2023-07-07 17:04:32.946 worker_log:602 7397 MainThread [INFO]  Completed executor task 8773
2023-07-07 17:04:32.946 worker_log:613 7397 MainThread [INFO]  All processing finished for executor task 8773
2023-07-07 17:04:32.957 worker_log:584 7397 MainThread [INFO]  Received executor task 8793
2023-07-07 17:04:52.254 worker_log:602 7397 MainThread [INFO]  Completed executor task 8793
2023-07-07 17:04:52.254 worker_log:613 7397 MainThread [INFO]  All processing finished for executor task 8793
2023-07-07 17:04:52.265 worker_log:584 7397 MainThread [INFO]  Received executor task 8802
2023-07-07 17:05:12.862 worker_log:602 7397 MainThread [INFO]  Completed executor task 8802
2023-07-07 17:05:12.862 worker_log:613 7397 MainThread [INFO]  All processing finished for executor task 8802
2023-07-07 17:05:12.873 worker_log:584 7397 MainThread [INFO]  Received executor task 8818
2023-07-07 17:05:58.024 worker_log:602 7397 MainThread [INFO]  Completed executor task 8818
2023-07-07 17:05:58.024 worker_log:613 7397 MainThread [INFO]  All processing finished for executor task 8818
2023-07-07 17:05:58.036 worker_log:584 7397 MainThread [INFO]  Received executor task 8839
2023-07-07 17:06:17.787 worker_log:602 7397 MainThread [INFO]  Completed executor task 8839
2023-07-07 17:06:17.787 worker_log:613 7397 MainThread [INFO]  All processing finished for executor task 8839
2023-07-07 17:06:17.798 worker_log:584 7397 MainThread [INFO]  Received executor task 8849
2023-07-07 17:06:40.008 worker_log:602 7397 MainThread [INFO]  Completed executor task 8849
2023-07-07 17:06:40.008 worker_log:613 7397 MainThread [INFO]  All processing finished for executor task 8849
2023-07-07 17:06:40.019 worker_log:584 7397 MainThread [INFO]  Received executor task 8862
2023-07-07 17:07:07.119 worker_log:602 7397 MainThread [INFO]  Completed executor task 8862
2023-07-07 17:07:07.119 worker_log:613 7397 MainThread [INFO]  All processing finished for executor task 8862
2023-07-07 17:07:07.130 worker_log:584 7397 MainThread [INFO]  Received executor task 8878
2023-07-07 17:07:51.230 worker_log:602 7397 MainThread [INFO]  Completed executor task 8878
2023-07-07 17:07:51.231 worker_log:613 7397 MainThread [INFO]  All processing finished for executor task 8878
2023-07-07 17:07:51.242 worker_log:584 7397 MainThread [INFO]  Received executor task 8901
2023-07-07 17:08:56.235 worker_log:602 7397 MainThread [INFO]  Completed executor task 8901
2023-07-07 17:08:56.236 worker_log:613 7397 MainThread [INFO]  All processing finished for executor task 8901
2023-07-07 17:08:56.247 worker_log:584 7397 MainThread [INFO]  Received executor task 8936
2023-07-07 17:09:21.218 worker_log:602 7397 MainThread [INFO]  Completed executor task 8936
2023-07-07 17:09:21.218 worker_log:613 7397 MainThread [INFO]  All processing finished for executor task 8936
2023-07-07 17:09:21.229 worker_log:584 7397 MainThread [INFO]  Received executor task 8954
2023-07-07 17:09:31.943 worker_log:602 7397 MainThread [INFO]  Completed executor task 8954
2023-07-07 17:09:31.943 worker_log:613 7397 MainThread [INFO]  All processing finished for executor task 8954
2023-07-07 17:09:31.954 worker_log:584 7397 MainThread [INFO]  Received executor task 8959
2023-07-07 17:09:41.817 worker_log:602 7397 MainThread [INFO]  Completed executor task 8959
2023-07-07 17:09:41.817 worker_log:613 7397 MainThread [INFO]  All processing finished for executor task 8959
2023-07-07 17:09:41.818 worker_log:584 7397 MainThread [INFO]  Received executor task 8966
2023-07-07 17:10:04.836 worker_log:602 7397 MainThread [INFO]  Completed executor task 8966
2023-07-07 17:10:04.837 worker_log:613 7397 MainThread [INFO]  All processing finished for executor task 8966
2023-07-07 17:10:04.848 worker_log:584 7397 MainThread [INFO]  Received executor task 8977
2023-07-07 17:11:18.946 worker_log:602 7397 MainThread [INFO]  Completed executor task 8977
2023-07-07 17:11:18.947 worker_log:613 7397 MainThread [INFO]  All processing finished for executor task 8977
2023-07-07 17:11:18.958 worker_log:584 7397 MainThread [INFO]  Received executor task 9006
2023-07-07 17:13:29.789 worker_log:602 7397 MainThread [INFO]  Completed executor task 9006
2023-07-07 17:13:29.789 worker_log:613 7397 MainThread [INFO]  All processing finished for executor task 9006
2023-07-07 17:13:29.801 worker_log:584 7397 MainThread [INFO]  Received executor task 9048
2023-07-07 17:14:30.519 worker_log:602 7397 MainThread [INFO]  Completed executor task 9048
2023-07-07 17:14:30.543 worker_log:613 7397 MainThread [INFO]  All processing finished for executor task 9048
2023-07-07 17:14:30.543 worker_log:584 7397 MainThread [INFO]  Received executor task 9066
2023-07-07 17:15:09.020 worker_log:602 7397 MainThread [INFO]  Completed executor task 9066
2023-07-07 17:15:09.020 worker_log:613 7397 MainThread [INFO]  All processing finished for executor task 9066
2023-07-07 17:15:09.031 worker_log:584 7397 MainThread [INFO]  Received executor task 9081
2023-07-07 17:16:12.823 worker_log:602 7397 MainThread [INFO]  Completed executor task 9081
2023-07-07 17:16:12.836 worker_log:613 7397 MainThread [INFO]  All processing finished for executor task 9081
2023-07-07 17:16:12.836 worker_log:584 7397 MainThread [INFO]  Received executor task 9107
2023-07-07 17:17:22.684 worker_log:602 7397 MainThread [INFO]  Completed executor task 9107
2023-07-07 17:17:22.685 worker_log:613 7397 MainThread [INFO]  All processing finished for executor task 9107
2023-07-07 17:17:22.696 worker_log:584 7397 MainThread [INFO]  Received executor task 9140
2023-07-07 17:17:57.999 worker_log:602 7397 MainThread [INFO]  Completed executor task 9140
2023-07-07 17:17:58.000 worker_log:613 7397 MainThread [INFO]  All processing finished for executor task 9140
2023-07-07 17:17:58.020 worker_log:584 7397 MainThread [INFO]  Received executor task 9152
2023-07-07 17:19:06.750 worker_log:602 7397 MainThread [INFO]  Completed executor task 9152
2023-07-07 17:19:06.751 worker_log:613 7397 MainThread [INFO]  All processing finished for executor task 9152
2023-07-07 17:19:06.762 worker_log:584 7397 MainThread [INFO]  Received executor task 9181
2023-07-07 17:19:28.719 worker_log:602 7397 MainThread [INFO]  Completed executor task 9181
2023-07-07 17:19:28.720 worker_log:613 7397 MainThread [INFO]  All processing finished for executor task 9181
2023-07-07 17:19:28.731 worker_log:584 7397 MainThread [INFO]  Received executor task 9196
2023-07-07 17:19:55.380 worker_log:602 7397 MainThread [INFO]  Completed executor task 9196
2023-07-07 17:19:55.380 worker_log:613 7397 MainThread [INFO]  All processing finished for executor task 9196
2023-07-07 17:19:55.392 worker_log:584 7397 MainThread [INFO]  Received executor task 9209
2023-07-07 17:20:07.140 worker_log:602 7397 MainThread [INFO]  Completed executor task 9209
2023-07-07 17:20:07.140 worker_log:613 7397 MainThread [INFO]  All processing finished for executor task 9209
2023-07-07 17:20:07.151 worker_log:584 7397 MainThread [INFO]  Received executor task 9215
