2023-07-07 11:59:59.663 worker_log:538 7403 MainThread [INFO]  Worker 13 started
2023-07-07 12:02:52.128 worker_log:584 7403 MainThread [INFO]  Received executor task 14
2023-07-07 12:03:27.447 worker_log:602 7403 MainThread [INFO]  Completed executor task 14
2023-07-07 12:03:27.458 worker_log:613 7403 MainThread [INFO]  All processing finished for executor task 14
2023-07-07 12:03:27.481 worker_log:584 7403 MainThread [INFO]  Received executor task 28
2023-07-07 12:04:11.899 worker_log:602 7403 MainThread [INFO]  Completed executor task 28
2023-07-07 12:04:11.912 worker_log:613 7403 MainThread [INFO]  All processing finished for executor task 28
2023-07-07 12:04:11.912 worker_log:584 7403 MainThread [INFO]  Received executor task 57
2023-07-07 12:04:30.397 worker_log:602 7403 MainThread [INFO]  Completed executor task 57
2023-07-07 12:04:30.410 worker_log:613 7403 MainThread [INFO]  All processing finished for executor task 57
2023-07-07 12:04:30.410 worker_log:584 7403 MainThread [INFO]  Received executor task 66
2023-07-07 12:04:53.971 worker_log:602 7403 MainThread [INFO]  Completed executor task 66
2023-07-07 12:04:53.977 worker_log:613 7403 MainThread [INFO]  All processing finished for executor task 66
2023-07-07 12:04:53.982 worker_log:584 7403 MainThread [INFO]  Received executor task 79
2023-07-07 12:05:12.181 worker_log:602 7403 MainThread [INFO]  Completed executor task 79
2023-07-07 12:05:12.181 worker_log:613 7403 MainThread [INFO]  All processing finished for executor task 79
2023-07-07 12:05:12.193 worker_log:584 7403 MainThread [INFO]  Received executor task 91
2023-07-07 12:05:25.824 worker_log:602 7403 MainThread [INFO]  Completed executor task 91
2023-07-07 12:05:25.825 worker_log:613 7403 MainThread [INFO]  All processing finished for executor task 91
2023-07-07 12:05:25.836 worker_log:584 7403 MainThread [INFO]  Received executor task 103
2023-07-07 12:05:42.017 worker_log:602 7403 MainThread [INFO]  Completed executor task 103
2023-07-07 12:05:42.017 worker_log:613 7403 MainThread [INFO]  All processing finished for executor task 103
2023-07-07 12:05:42.029 worker_log:584 7403 MainThread [INFO]  Received executor task 108
2023-07-07 12:06:14.092 worker_log:602 7403 MainThread [INFO]  Completed executor task 108
2023-07-07 12:06:14.092 worker_log:613 7403 MainThread [INFO]  All processing finished for executor task 108
2023-07-07 12:06:14.103 worker_log:584 7403 MainThread [INFO]  Received executor task 124
2023-07-07 12:06:37.988 worker_log:602 7403 MainThread [INFO]  Completed executor task 124
2023-07-07 12:06:37.989 worker_log:613 7403 MainThread [INFO]  All processing finished for executor task 124
2023-07-07 12:06:38.000 worker_log:584 7403 MainThread [INFO]  Received executor task 138
2023-07-07 12:07:17.881 worker_log:602 7403 MainThread [INFO]  Completed executor task 138
2023-07-07 12:07:17.882 worker_log:613 7403 MainThread [INFO]  All processing finished for executor task 138
2023-07-07 12:07:17.893 worker_log:584 7403 MainThread [INFO]  Received executor task 160
2023-07-07 12:07:50.749 worker_log:602 7403 MainThread [INFO]  Completed executor task 160
2023-07-07 12:07:50.753 worker_log:613 7403 MainThread [INFO]  All processing finished for executor task 160
2023-07-07 12:07:50.760 worker_log:584 7403 MainThread [INFO]  Received executor task 178
2023-07-07 12:08:21.308 worker_log:602 7403 MainThread [INFO]  Completed executor task 178
2023-07-07 12:08:21.309 worker_log:613 7403 MainThread [INFO]  All processing finished for executor task 178
2023-07-07 12:08:21.320 worker_log:584 7403 MainThread [INFO]  Received executor task 195
2023-07-07 12:08:34.360 worker_log:602 7403 MainThread [INFO]  Completed executor task 195
2023-07-07 12:08:34.361 worker_log:613 7403 MainThread [INFO]  All processing finished for executor task 195
2023-07-07 12:08:34.372 worker_log:584 7403 MainThread [INFO]  Received executor task 204
2023-07-07 12:08:50.204 worker_log:602 7403 MainThread [INFO]  Completed executor task 204
2023-07-07 12:08:50.204 worker_log:613 7403 MainThread [INFO]  All processing finished for executor task 204
2023-07-07 12:08:50.215 worker_log:584 7403 MainThread [INFO]  Received executor task 210
2023-07-07 12:09:43.723 worker_log:602 7403 MainThread [INFO]  Completed executor task 210
2023-07-07 12:09:43.724 worker_log:613 7403 MainThread [INFO]  All processing finished for executor task 210
2023-07-07 12:09:43.736 worker_log:584 7403 MainThread [INFO]  Received executor task 234
2023-07-07 12:10:18.227 worker_log:602 7403 MainThread [INFO]  Completed executor task 234
2023-07-07 12:10:18.228 worker_log:613 7403 MainThread [INFO]  All processing finished for executor task 234
2023-07-07 12:10:18.239 worker_log:584 7403 MainThread [INFO]  Received executor task 249
2023-07-07 12:11:07.180 worker_log:602 7403 MainThread [INFO]  Completed executor task 249
2023-07-07 12:11:07.181 worker_log:613 7403 MainThread [INFO]  All processing finished for executor task 249
2023-07-07 12:11:07.192 worker_log:584 7403 MainThread [INFO]  Received executor task 268
2023-07-07 12:11:40.806 worker_log:602 7403 MainThread [INFO]  Completed executor task 268
2023-07-07 12:11:40.806 worker_log:613 7403 MainThread [INFO]  All processing finished for executor task 268
2023-07-07 12:11:40.817 worker_log:584 7403 MainThread [INFO]  Received executor task 283
2023-07-07 12:12:29.991 worker_log:602 7403 MainThread [INFO]  Completed executor task 283
2023-07-07 12:12:29.991 worker_log:613 7403 MainThread [INFO]  All processing finished for executor task 283
2023-07-07 12:12:30.002 worker_log:584 7403 MainThread [INFO]  Received executor task 306
2023-07-07 12:12:50.926 worker_log:602 7403 MainThread [INFO]  Completed executor task 306
2023-07-07 12:12:50.926 worker_log:613 7403 MainThread [INFO]  All processing finished for executor task 306
2023-07-07 12:12:50.937 worker_log:584 7403 MainThread [INFO]  Received executor task 318
2023-07-07 12:13:18.483 worker_log:602 7403 MainThread [INFO]  Completed executor task 318
2023-07-07 12:13:18.484 worker_log:613 7403 MainThread [INFO]  All processing finished for executor task 318
2023-07-07 12:13:18.496 worker_log:584 7403 MainThread [INFO]  Received executor task 333
2023-07-07 12:14:14.732 worker_log:602 7403 MainThread [INFO]  Completed executor task 333
2023-07-07 12:14:14.732 worker_log:613 7403 MainThread [INFO]  All processing finished for executor task 333
2023-07-07 12:14:14.743 worker_log:584 7403 MainThread [INFO]  Received executor task 366
2023-07-07 12:14:46.492 worker_log:602 7403 MainThread [INFO]  Completed executor task 366
2023-07-07 12:14:46.493 worker_log:613 7403 MainThread [INFO]  All processing finished for executor task 366
2023-07-07 12:14:46.504 worker_log:584 7403 MainThread [INFO]  Received executor task 382
2023-07-07 12:15:16.014 worker_log:602 7403 MainThread [INFO]  Completed executor task 382
2023-07-07 12:15:16.015 worker_log:613 7403 MainThread [INFO]  All processing finished for executor task 382
2023-07-07 12:15:16.015 worker_log:584 7403 MainThread [INFO]  Received executor task 397
2023-07-07 12:16:05.965 worker_log:602 7403 MainThread [INFO]  Completed executor task 397
2023-07-07 12:16:05.965 worker_log:613 7403 MainThread [INFO]  All processing finished for executor task 397
2023-07-07 12:16:05.976 worker_log:584 7403 MainThread [INFO]  Received executor task 415
2023-07-07 12:16:19.894 worker_log:602 7403 MainThread [INFO]  Completed executor task 415
2023-07-07 12:16:19.894 worker_log:613 7403 MainThread [INFO]  All processing finished for executor task 415
2023-07-07 12:16:19.905 worker_log:584 7403 MainThread [INFO]  Received executor task 421
2023-07-07 12:16:58.750 worker_log:602 7403 MainThread [INFO]  Completed executor task 421
2023-07-07 12:16:58.750 worker_log:613 7403 MainThread [INFO]  All processing finished for executor task 421
2023-07-07 12:16:58.762 worker_log:584 7403 MainThread [INFO]  Received executor task 438
2023-07-07 12:17:34.969 worker_log:602 7403 MainThread [INFO]  Completed executor task 438
2023-07-07 12:17:34.969 worker_log:613 7403 MainThread [INFO]  All processing finished for executor task 438
2023-07-07 12:17:34.981 worker_log:584 7403 MainThread [INFO]  Received executor task 455
2023-07-07 12:18:43.392 worker_log:602 7403 MainThread [INFO]  Completed executor task 455
2023-07-07 12:18:43.392 worker_log:613 7403 MainThread [INFO]  All processing finished for executor task 455
2023-07-07 12:18:43.404 worker_log:584 7403 MainThread [INFO]  Received executor task 489
2023-07-07 12:19:15.844 worker_log:602 7403 MainThread [INFO]  Completed executor task 489
2023-07-07 12:19:15.844 worker_log:613 7403 MainThread [INFO]  All processing finished for executor task 489
2023-07-07 12:19:15.855 worker_log:584 7403 MainThread [INFO]  Received executor task 505
2023-07-07 12:19:39.928 worker_log:602 7403 MainThread [INFO]  Completed executor task 505
2023-07-07 12:19:39.929 worker_log:613 7403 MainThread [INFO]  All processing finished for executor task 505
2023-07-07 12:19:39.940 worker_log:584 7403 MainThread [INFO]  Received executor task 518
2023-07-07 12:20:33.402 worker_log:602 7403 MainThread [INFO]  Completed executor task 518
2023-07-07 12:20:33.403 worker_log:613 7403 MainThread [INFO]  All processing finished for executor task 518
2023-07-07 12:20:33.415 worker_log:584 7403 MainThread [INFO]  Received executor task 544
2023-07-07 12:21:06.191 worker_log:602 7403 MainThread [INFO]  Completed executor task 544
2023-07-07 12:21:06.191 worker_log:613 7403 MainThread [INFO]  All processing finished for executor task 544
2023-07-07 12:21:06.202 worker_log:584 7403 MainThread [INFO]  Received executor task 556
2023-07-07 12:21:57.114 worker_log:602 7403 MainThread [INFO]  Completed executor task 556
2023-07-07 12:21:57.115 worker_log:613 7403 MainThread [INFO]  All processing finished for executor task 556
2023-07-07 12:21:57.126 worker_log:584 7403 MainThread [INFO]  Received executor task 576
2023-07-07 12:22:30.976 worker_log:602 7403 MainThread [INFO]  Completed executor task 576
2023-07-07 12:22:30.976 worker_log:613 7403 MainThread [INFO]  All processing finished for executor task 576
2023-07-07 12:22:30.987 worker_log:584 7403 MainThread [INFO]  Received executor task 593
2023-07-07 12:23:10.446 worker_log:602 7403 MainThread [INFO]  Completed executor task 593
2023-07-07 12:23:10.446 worker_log:613 7403 MainThread [INFO]  All processing finished for executor task 593
2023-07-07 12:23:10.459 worker_log:584 7403 MainThread [INFO]  Received executor task 613
2023-07-07 12:23:33.594 worker_log:602 7403 MainThread [INFO]  Completed executor task 613
2023-07-07 12:23:33.594 worker_log:613 7403 MainThread [INFO]  All processing finished for executor task 613
2023-07-07 12:23:33.605 worker_log:584 7403 MainThread [INFO]  Received executor task 624
2023-07-07 12:24:25.715 worker_log:602 7403 MainThread [INFO]  Completed executor task 624
2023-07-07 12:24:25.716 worker_log:613 7403 MainThread [INFO]  All processing finished for executor task 624
2023-07-07 12:24:25.727 worker_log:584 7403 MainThread [INFO]  Received executor task 647
2023-07-07 12:24:49.567 worker_log:602 7403 MainThread [INFO]  Completed executor task 647
2023-07-07 12:24:49.568 worker_log:613 7403 MainThread [INFO]  All processing finished for executor task 647
2023-07-07 12:24:49.579 worker_log:584 7403 MainThread [INFO]  Received executor task 658
2023-07-07 12:25:24.874 worker_log:602 7403 MainThread [INFO]  Completed executor task 658
2023-07-07 12:25:24.874 worker_log:613 7403 MainThread [INFO]  All processing finished for executor task 658
2023-07-07 12:25:24.885 worker_log:584 7403 MainThread [INFO]  Received executor task 676
2023-07-07 12:26:08.643 worker_log:602 7403 MainThread [INFO]  Completed executor task 676
2023-07-07 12:26:08.644 worker_log:613 7403 MainThread [INFO]  All processing finished for executor task 676
2023-07-07 12:26:08.655 worker_log:584 7403 MainThread [INFO]  Received executor task 692
2023-07-07 12:27:12.368 worker_log:602 7403 MainThread [INFO]  Completed executor task 692
2023-07-07 12:27:12.368 worker_log:613 7403 MainThread [INFO]  All processing finished for executor task 692
2023-07-07 12:27:12.379 worker_log:584 7403 MainThread [INFO]  Received executor task 728
2023-07-07 12:27:53.996 worker_log:602 7403 MainThread [INFO]  Completed executor task 728
2023-07-07 12:27:53.997 worker_log:613 7403 MainThread [INFO]  All processing finished for executor task 728
2023-07-07 12:27:54.008 worker_log:584 7403 MainThread [INFO]  Received executor task 747
2023-07-07 12:28:07.360 worker_log:602 7403 MainThread [INFO]  Completed executor task 747
2023-07-07 12:28:07.361 worker_log:613 7403 MainThread [INFO]  All processing finished for executor task 747
2023-07-07 12:28:07.372 worker_log:584 7403 MainThread [INFO]  Received executor task 753
2023-07-07 12:28:24.874 worker_log:602 7403 MainThread [INFO]  Completed executor task 753
2023-07-07 12:28:24.874 worker_log:613 7403 MainThread [INFO]  All processing finished for executor task 753
2023-07-07 12:28:24.886 worker_log:584 7403 MainThread [INFO]  Received executor task 759
2023-07-07 12:29:06.034 worker_log:602 7403 MainThread [INFO]  Completed executor task 759
2023-07-07 12:29:06.046 worker_log:613 7403 MainThread [INFO]  All processing finished for executor task 759
2023-07-07 12:29:06.046 worker_log:584 7403 MainThread [INFO]  Received executor task 780
2023-07-07 12:29:40.020 worker_log:602 7403 MainThread [INFO]  Completed executor task 780
2023-07-07 12:29:40.020 worker_log:613 7403 MainThread [INFO]  All processing finished for executor task 780
2023-07-07 12:29:40.031 worker_log:584 7403 MainThread [INFO]  Received executor task 794
2023-07-07 12:30:09.926 worker_log:602 7403 MainThread [INFO]  Completed executor task 794
2023-07-07 12:30:09.927 worker_log:613 7403 MainThread [INFO]  All processing finished for executor task 794
2023-07-07 12:30:09.938 worker_log:584 7403 MainThread [INFO]  Received executor task 806
2023-07-07 12:30:27.417 worker_log:602 7403 MainThread [INFO]  Completed executor task 806
2023-07-07 12:30:27.417 worker_log:613 7403 MainThread [INFO]  All processing finished for executor task 806
2023-07-07 12:30:27.428 worker_log:584 7403 MainThread [INFO]  Received executor task 823
2023-07-07 12:30:58.359 worker_log:602 7403 MainThread [INFO]  Completed executor task 823
2023-07-07 12:30:58.359 worker_log:613 7403 MainThread [INFO]  All processing finished for executor task 823
2023-07-07 12:30:58.371 worker_log:584 7403 MainThread [INFO]  Received executor task 843
2023-07-07 12:31:11.160 worker_log:602 7403 MainThread [INFO]  Completed executor task 843
2023-07-07 12:31:11.160 worker_log:613 7403 MainThread [INFO]  All processing finished for executor task 843
2023-07-07 12:31:11.171 worker_log:584 7403 MainThread [INFO]  Received executor task 847
2023-07-07 12:31:28.881 worker_log:602 7403 MainThread [INFO]  Completed executor task 847
2023-07-07 12:31:28.881 worker_log:613 7403 MainThread [INFO]  All processing finished for executor task 847
2023-07-07 12:31:28.892 worker_log:584 7403 MainThread [INFO]  Received executor task 859
2023-07-07 12:32:16.588 worker_log:602 7403 MainThread [INFO]  Completed executor task 859
2023-07-07 12:32:16.588 worker_log:613 7403 MainThread [INFO]  All processing finished for executor task 859
2023-07-07 12:32:16.600 worker_log:584 7403 MainThread [INFO]  Received executor task 881
2023-07-07 12:32:25.743 worker_log:602 7403 MainThread [INFO]  Completed executor task 881
2023-07-07 12:32:25.743 worker_log:613 7403 MainThread [INFO]  All processing finished for executor task 881
2023-07-07 12:32:25.754 worker_log:584 7403 MainThread [INFO]  Received executor task 884
2023-07-07 12:32:36.766 worker_log:602 7403 MainThread [INFO]  Completed executor task 884
2023-07-07 12:32:36.767 worker_log:613 7403 MainThread [INFO]  All processing finished for executor task 884
2023-07-07 12:32:36.778 worker_log:584 7403 MainThread [INFO]  Received executor task 894
2023-07-07 12:33:06.080 worker_log:602 7403 MainThread [INFO]  Completed executor task 894
2023-07-07 12:33:06.081 worker_log:613 7403 MainThread [INFO]  All processing finished for executor task 894
2023-07-07 12:33:06.083 worker_log:584 7403 MainThread [INFO]  Received executor task 917
2023-07-07 12:33:52.522 worker_log:602 7403 MainThread [INFO]  Completed executor task 917
2023-07-07 12:33:52.523 worker_log:613 7403 MainThread [INFO]  All processing finished for executor task 917
2023-07-07 12:33:52.534 worker_log:584 7403 MainThread [INFO]  Received executor task 947
2023-07-07 12:34:25.151 worker_log:602 7403 MainThread [INFO]  Completed executor task 947
2023-07-07 12:34:25.151 worker_log:613 7403 MainThread [INFO]  All processing finished for executor task 947
2023-07-07 12:34:25.162 worker_log:584 7403 MainThread [INFO]  Received executor task 968
2023-07-07 12:34:31.810 worker_log:602 7403 MainThread [INFO]  Completed executor task 968
2023-07-07 12:34:31.810 worker_log:613 7403 MainThread [INFO]  All processing finished for executor task 968
2023-07-07 12:34:31.821 worker_log:584 7403 MainThread [INFO]  Received executor task 972
2023-07-07 12:34:57.029 worker_log:602 7403 MainThread [INFO]  Completed executor task 972
2023-07-07 12:34:57.029 worker_log:613 7403 MainThread [INFO]  All processing finished for executor task 972
2023-07-07 12:34:57.040 worker_log:584 7403 MainThread [INFO]  Received executor task 983
2023-07-07 12:35:23.131 worker_log:602 7403 MainThread [INFO]  Completed executor task 983
2023-07-07 12:35:23.131 worker_log:613 7403 MainThread [INFO]  All processing finished for executor task 983
2023-07-07 12:35:23.143 worker_log:584 7403 MainThread [INFO]  Received executor task 1000
2023-07-07 12:35:38.138 worker_log:602 7403 MainThread [INFO]  Completed executor task 1000
2023-07-07 12:35:38.147 worker_log:613 7403 MainThread [INFO]  All processing finished for executor task 1000
2023-07-07 12:35:38.150 worker_log:584 7403 MainThread [INFO]  Received executor task 1009
2023-07-07 12:36:12.865 worker_log:602 7403 MainThread [INFO]  Completed executor task 1009
2023-07-07 12:36:12.866 worker_log:613 7403 MainThread [INFO]  All processing finished for executor task 1009
2023-07-07 12:36:12.878 worker_log:584 7403 MainThread [INFO]  Received executor task 1030
2023-07-07 12:36:56.698 worker_log:602 7403 MainThread [INFO]  Completed executor task 1030
2023-07-07 12:36:56.698 worker_log:613 7403 MainThread [INFO]  All processing finished for executor task 1030
2023-07-07 12:36:56.709 worker_log:584 7403 MainThread [INFO]  Received executor task 1048
2023-07-07 12:37:10.682 worker_log:602 7403 MainThread [INFO]  Completed executor task 1048
2023-07-07 12:37:10.683 worker_log:613 7403 MainThread [INFO]  All processing finished for executor task 1048
2023-07-07 12:37:10.694 worker_log:584 7403 MainThread [INFO]  Received executor task 1057
2023-07-07 12:37:30.903 worker_log:602 7403 MainThread [INFO]  Completed executor task 1057
2023-07-07 12:37:30.903 worker_log:613 7403 MainThread [INFO]  All processing finished for executor task 1057
2023-07-07 12:37:30.914 worker_log:584 7403 MainThread [INFO]  Received executor task 1067
2023-07-07 12:37:52.833 worker_log:602 7403 MainThread [INFO]  Completed executor task 1067
2023-07-07 12:37:52.833 worker_log:613 7403 MainThread [INFO]  All processing finished for executor task 1067
2023-07-07 12:37:52.844 worker_log:584 7403 MainThread [INFO]  Received executor task 1080
2023-07-07 12:38:35.945 worker_log:602 7403 MainThread [INFO]  Completed executor task 1080
2023-07-07 12:38:35.954 worker_log:613 7403 MainThread [INFO]  All processing finished for executor task 1080
2023-07-07 12:38:35.957 worker_log:584 7403 MainThread [INFO]  Received executor task 1097
2023-07-07 12:38:53.921 worker_log:602 7403 MainThread [INFO]  Completed executor task 1097
2023-07-07 12:38:53.921 worker_log:613 7403 MainThread [INFO]  All processing finished for executor task 1097
2023-07-07 12:38:53.932 worker_log:584 7403 MainThread [INFO]  Received executor task 1104
2023-07-07 12:39:32.878 worker_log:602 7403 MainThread [INFO]  Completed executor task 1104
2023-07-07 12:39:32.889 worker_log:613 7403 MainThread [INFO]  All processing finished for executor task 1104
2023-07-07 12:39:32.889 worker_log:584 7403 MainThread [INFO]  Received executor task 1123
2023-07-07 12:40:26.801 worker_log:602 7403 MainThread [INFO]  Completed executor task 1123
2023-07-07 12:40:26.802 worker_log:613 7403 MainThread [INFO]  All processing finished for executor task 1123
2023-07-07 12:40:26.813 worker_log:584 7403 MainThread [INFO]  Received executor task 1142
2023-07-07 12:41:18.887 worker_log:602 7403 MainThread [INFO]  Completed executor task 1142
2023-07-07 12:41:18.887 worker_log:613 7403 MainThread [INFO]  All processing finished for executor task 1142
2023-07-07 12:41:18.899 worker_log:584 7403 MainThread [INFO]  Received executor task 1164
2023-07-07 12:41:47.641 worker_log:602 7403 MainThread [INFO]  Completed executor task 1164
2023-07-07 12:41:47.642 worker_log:613 7403 MainThread [INFO]  All processing finished for executor task 1164
2023-07-07 12:41:47.653 worker_log:584 7403 MainThread [INFO]  Received executor task 1176
2023-07-07 12:42:31.724 worker_log:602 7403 MainThread [INFO]  Completed executor task 1176
2023-07-07 12:42:31.724 worker_log:613 7403 MainThread [INFO]  All processing finished for executor task 1176
2023-07-07 12:42:31.736 worker_log:584 7403 MainThread [INFO]  Received executor task 1198
2023-07-07 12:42:50.695 worker_log:602 7403 MainThread [INFO]  Completed executor task 1198
2023-07-07 12:42:50.695 worker_log:613 7403 MainThread [INFO]  All processing finished for executor task 1198
2023-07-07 12:42:50.706 worker_log:584 7403 MainThread [INFO]  Received executor task 1207
2023-07-07 12:43:43.648 worker_log:602 7403 MainThread [INFO]  Completed executor task 1207
2023-07-07 12:43:43.649 worker_log:613 7403 MainThread [INFO]  All processing finished for executor task 1207
2023-07-07 12:43:43.660 worker_log:584 7403 MainThread [INFO]  Received executor task 1235
2023-07-07 12:44:23.579 worker_log:602 7403 MainThread [INFO]  Completed executor task 1235
2023-07-07 12:44:23.579 worker_log:613 7403 MainThread [INFO]  All processing finished for executor task 1235
2023-07-07 12:44:23.591 worker_log:584 7403 MainThread [INFO]  Received executor task 1254
2023-07-07 12:45:03.377 worker_log:602 7403 MainThread [INFO]  Completed executor task 1254
2023-07-07 12:45:03.378 worker_log:613 7403 MainThread [INFO]  All processing finished for executor task 1254
2023-07-07 12:45:03.389 worker_log:584 7403 MainThread [INFO]  Received executor task 1271
2023-07-07 12:45:36.840 worker_log:602 7403 MainThread [INFO]  Completed executor task 1271
2023-07-07 12:45:36.841 worker_log:613 7403 MainThread [INFO]  All processing finished for executor task 1271
2023-07-07 12:45:36.852 worker_log:584 7403 MainThread [INFO]  Received executor task 1291
2023-07-07 12:45:51.539 worker_log:602 7403 MainThread [INFO]  Completed executor task 1291
2023-07-07 12:45:51.539 worker_log:613 7403 MainThread [INFO]  All processing finished for executor task 1291
2023-07-07 12:45:51.551 worker_log:584 7403 MainThread [INFO]  Received executor task 1297
2023-07-07 12:46:00.960 worker_log:602 7403 MainThread [INFO]  Completed executor task 1297
2023-07-07 12:46:00.960 worker_log:613 7403 MainThread [INFO]  All processing finished for executor task 1297
2023-07-07 12:46:00.971 worker_log:584 7403 MainThread [INFO]  Received executor task 1301
2023-07-07 12:46:45.169 worker_log:602 7403 MainThread [INFO]  Completed executor task 1301
2023-07-07 12:46:45.170 worker_log:613 7403 MainThread [INFO]  All processing finished for executor task 1301
2023-07-07 12:46:45.181 worker_log:584 7403 MainThread [INFO]  Received executor task 1320
2023-07-07 12:47:08.599 worker_log:602 7403 MainThread [INFO]  Completed executor task 1320
2023-07-07 12:47:08.600 worker_log:613 7403 MainThread [INFO]  All processing finished for executor task 1320
2023-07-07 12:47:08.612 worker_log:584 7403 MainThread [INFO]  Received executor task 1332
2023-07-07 12:47:39.970 worker_log:602 7403 MainThread [INFO]  Completed executor task 1332
2023-07-07 12:47:39.970 worker_log:613 7403 MainThread [INFO]  All processing finished for executor task 1332
2023-07-07 12:47:39.981 worker_log:584 7403 MainThread [INFO]  Received executor task 1348
2023-07-07 12:48:58.159 worker_log:602 7403 MainThread [INFO]  Completed executor task 1348
2023-07-07 12:48:58.160 worker_log:613 7403 MainThread [INFO]  All processing finished for executor task 1348
2023-07-07 12:48:58.171 worker_log:584 7403 MainThread [INFO]  Received executor task 1383
2023-07-07 12:50:04.337 worker_log:602 7403 MainThread [INFO]  Completed executor task 1383
2023-07-07 12:50:04.338 worker_log:613 7403 MainThread [INFO]  All processing finished for executor task 1383
2023-07-07 12:50:04.349 worker_log:584 7403 MainThread [INFO]  Received executor task 1415
2023-07-07 12:50:31.466 worker_log:602 7403 MainThread [INFO]  Completed executor task 1415
2023-07-07 12:50:31.466 worker_log:613 7403 MainThread [INFO]  All processing finished for executor task 1415
2023-07-07 12:50:31.477 worker_log:584 7403 MainThread [INFO]  Received executor task 1431
2023-07-07 12:51:18.534 worker_log:602 7403 MainThread [INFO]  Completed executor task 1431
2023-07-07 12:51:18.535 worker_log:613 7403 MainThread [INFO]  All processing finished for executor task 1431
2023-07-07 12:51:18.546 worker_log:584 7403 MainThread [INFO]  Received executor task 1453
2023-07-07 12:51:55.912 worker_log:602 7403 MainThread [INFO]  Completed executor task 1453
2023-07-07 12:51:55.913 worker_log:613 7403 MainThread [INFO]  All processing finished for executor task 1453
2023-07-07 12:51:55.924 worker_log:584 7403 MainThread [INFO]  Received executor task 1469
2023-07-07 12:52:16.041 worker_log:602 7403 MainThread [INFO]  Completed executor task 1469
2023-07-07 12:52:16.042 worker_log:613 7403 MainThread [INFO]  All processing finished for executor task 1469
2023-07-07 12:52:16.054 worker_log:584 7403 MainThread [INFO]  Received executor task 1481
2023-07-07 12:52:33.703 worker_log:602 7403 MainThread [INFO]  Completed executor task 1481
2023-07-07 12:52:33.703 worker_log:613 7403 MainThread [INFO]  All processing finished for executor task 1481
2023-07-07 12:52:33.704 worker_log:584 7403 MainThread [INFO]  Received executor task 1490
2023-07-07 12:52:54.483 worker_log:602 7403 MainThread [INFO]  Completed executor task 1490
2023-07-07 12:52:54.483 worker_log:613 7403 MainThread [INFO]  All processing finished for executor task 1490
2023-07-07 12:52:54.494 worker_log:584 7403 MainThread [INFO]  Received executor task 1501
2023-07-07 12:53:22.380 worker_log:602 7403 MainThread [INFO]  Completed executor task 1501
2023-07-07 12:53:22.381 worker_log:613 7403 MainThread [INFO]  All processing finished for executor task 1501
2023-07-07 12:53:22.392 worker_log:584 7403 MainThread [INFO]  Received executor task 1518
2023-07-07 12:54:12.548 worker_log:602 7403 MainThread [INFO]  Completed executor task 1518
2023-07-07 12:54:12.549 worker_log:613 7403 MainThread [INFO]  All processing finished for executor task 1518
2023-07-07 12:54:12.561 worker_log:584 7403 MainThread [INFO]  Received executor task 1544
2023-07-07 12:54:52.366 worker_log:602 7403 MainThread [INFO]  Completed executor task 1544
2023-07-07 12:54:52.366 worker_log:613 7403 MainThread [INFO]  All processing finished for executor task 1544
2023-07-07 12:54:52.378 worker_log:584 7403 MainThread [INFO]  Received executor task 1566
2023-07-07 12:55:41.349 worker_log:602 7403 MainThread [INFO]  Completed executor task 1566
2023-07-07 12:55:41.350 worker_log:613 7403 MainThread [INFO]  All processing finished for executor task 1566
2023-07-07 12:55:41.361 worker_log:584 7403 MainThread [INFO]  Received executor task 1594
2023-07-07 12:56:16.117 worker_log:602 7403 MainThread [INFO]  Completed executor task 1594
2023-07-07 12:56:16.117 worker_log:613 7403 MainThread [INFO]  All processing finished for executor task 1594
2023-07-07 12:56:16.128 worker_log:584 7403 MainThread [INFO]  Received executor task 1615
2023-07-07 12:56:34.488 worker_log:602 7403 MainThread [INFO]  Completed executor task 1615
2023-07-07 12:56:34.489 worker_log:613 7403 MainThread [INFO]  All processing finished for executor task 1615
2023-07-07 12:56:34.500 worker_log:584 7403 MainThread [INFO]  Received executor task 1627
2023-07-07 12:57:14.375 worker_log:602 7403 MainThread [INFO]  Completed executor task 1627
2023-07-07 12:57:14.375 worker_log:613 7403 MainThread [INFO]  All processing finished for executor task 1627
2023-07-07 12:57:14.387 worker_log:584 7403 MainThread [INFO]  Received executor task 1648
2023-07-07 12:57:31.334 worker_log:602 7403 MainThread [INFO]  Completed executor task 1648
2023-07-07 12:57:31.334 worker_log:613 7403 MainThread [INFO]  All processing finished for executor task 1648
2023-07-07 12:57:31.345 worker_log:584 7403 MainThread [INFO]  Received executor task 1662
2023-07-07 12:58:18.669 worker_log:602 7403 MainThread [INFO]  Completed executor task 1662
2023-07-07 12:58:18.670 worker_log:613 7403 MainThread [INFO]  All processing finished for executor task 1662
2023-07-07 12:58:18.681 worker_log:584 7403 MainThread [INFO]  Received executor task 1683
2023-07-07 12:58:44.177 worker_log:602 7403 MainThread [INFO]  Completed executor task 1683
2023-07-07 12:58:44.178 worker_log:613 7403 MainThread [INFO]  All processing finished for executor task 1683
2023-07-07 12:58:44.190 worker_log:584 7403 MainThread [INFO]  Received executor task 1694
2023-07-07 12:59:20.572 worker_log:602 7403 MainThread [INFO]  Completed executor task 1694
2023-07-07 12:59:20.572 worker_log:613 7403 MainThread [INFO]  All processing finished for executor task 1694
2023-07-07 12:59:20.583 worker_log:584 7403 MainThread [INFO]  Received executor task 1715
2023-07-07 12:59:33.013 worker_log:602 7403 MainThread [INFO]  Completed executor task 1715
2023-07-07 12:59:33.013 worker_log:613 7403 MainThread [INFO]  All processing finished for executor task 1715
2023-07-07 12:59:33.025 worker_log:584 7403 MainThread [INFO]  Received executor task 1729
2023-07-07 12:59:45.391 worker_log:602 7403 MainThread [INFO]  Completed executor task 1729
2023-07-07 12:59:45.392 worker_log:613 7403 MainThread [INFO]  All processing finished for executor task 1729
2023-07-07 12:59:45.403 worker_log:584 7403 MainThread [INFO]  Received executor task 1742
2023-07-07 13:00:02.044 worker_log:602 7403 MainThread [INFO]  Completed executor task 1742
2023-07-07 13:00:02.045 worker_log:613 7403 MainThread [INFO]  All processing finished for executor task 1742
2023-07-07 13:00:02.045 worker_log:584 7403 MainThread [INFO]  Received executor task 1755
2023-07-07 13:00:18.755 worker_log:602 7403 MainThread [INFO]  Completed executor task 1755
2023-07-07 13:00:18.756 worker_log:613 7403 MainThread [INFO]  All processing finished for executor task 1755
2023-07-07 13:00:18.767 worker_log:584 7403 MainThread [INFO]  Received executor task 1767
2023-07-07 13:00:44.770 worker_log:602 7403 MainThread [INFO]  Completed executor task 1767
2023-07-07 13:00:44.770 worker_log:613 7403 MainThread [INFO]  All processing finished for executor task 1767
2023-07-07 13:00:44.782 worker_log:584 7403 MainThread [INFO]  Received executor task 1784
2023-07-07 13:01:03.960 worker_log:602 7403 MainThread [INFO]  Completed executor task 1784
2023-07-07 13:01:03.961 worker_log:613 7403 MainThread [INFO]  All processing finished for executor task 1784
2023-07-07 13:01:03.972 worker_log:584 7403 MainThread [INFO]  Received executor task 1795
2023-07-07 13:01:31.294 worker_log:602 7403 MainThread [INFO]  Completed executor task 1795
2023-07-07 13:01:31.294 worker_log:613 7403 MainThread [INFO]  All processing finished for executor task 1795
2023-07-07 13:01:31.306 worker_log:584 7403 MainThread [INFO]  Received executor task 1802
2023-07-07 13:02:34.239 worker_log:602 7403 MainThread [INFO]  Completed executor task 1802
2023-07-07 13:02:34.239 worker_log:613 7403 MainThread [INFO]  All processing finished for executor task 1802
2023-07-07 13:02:34.250 worker_log:584 7403 MainThread [INFO]  Received executor task 1826
2023-07-07 13:03:01.696 worker_log:602 7403 MainThread [INFO]  Completed executor task 1826
2023-07-07 13:03:01.696 worker_log:613 7403 MainThread [INFO]  All processing finished for executor task 1826
2023-07-07 13:03:01.707 worker_log:584 7403 MainThread [INFO]  Received executor task 1841
2023-07-07 13:03:35.910 worker_log:602 7403 MainThread [INFO]  Completed executor task 1841
2023-07-07 13:03:35.910 worker_log:613 7403 MainThread [INFO]  All processing finished for executor task 1841
2023-07-07 13:03:35.921 worker_log:584 7403 MainThread [INFO]  Received executor task 1856
2023-07-07 13:03:49.101 worker_log:602 7403 MainThread [INFO]  Completed executor task 1856
2023-07-07 13:03:49.101 worker_log:613 7403 MainThread [INFO]  All processing finished for executor task 1856
2023-07-07 13:03:49.112 worker_log:584 7403 MainThread [INFO]  Received executor task 1860
2023-07-07 13:04:34.150 worker_log:602 7403 MainThread [INFO]  Completed executor task 1860
2023-07-07 13:04:34.150 worker_log:613 7403 MainThread [INFO]  All processing finished for executor task 1860
2023-07-07 13:04:34.162 worker_log:584 7403 MainThread [INFO]  Received executor task 1882
2023-07-07 13:05:10.404 worker_log:602 7403 MainThread [INFO]  Completed executor task 1882
2023-07-07 13:05:10.405 worker_log:613 7403 MainThread [INFO]  All processing finished for executor task 1882
2023-07-07 13:05:10.417 worker_log:584 7403 MainThread [INFO]  Received executor task 1903
2023-07-07 13:05:28.501 worker_log:602 7403 MainThread [INFO]  Completed executor task 1903
2023-07-07 13:05:28.501 worker_log:613 7403 MainThread [INFO]  All processing finished for executor task 1903
2023-07-07 13:05:28.513 worker_log:584 7403 MainThread [INFO]  Received executor task 1916
2023-07-07 13:06:19.589 worker_log:602 7403 MainThread [INFO]  Completed executor task 1916
2023-07-07 13:06:19.590 worker_log:613 7403 MainThread [INFO]  All processing finished for executor task 1916
2023-07-07 13:06:19.601 worker_log:584 7403 MainThread [INFO]  Received executor task 1937
2023-07-07 13:07:04.227 worker_log:602 7403 MainThread [INFO]  Completed executor task 1937
2023-07-07 13:07:04.227 worker_log:613 7403 MainThread [INFO]  All processing finished for executor task 1937
2023-07-07 13:07:04.238 worker_log:584 7403 MainThread [INFO]  Received executor task 1960
2023-07-07 13:07:45.186 worker_log:602 7403 MainThread [INFO]  Completed executor task 1960
2023-07-07 13:07:45.196 worker_log:613 7403 MainThread [INFO]  All processing finished for executor task 1960
2023-07-07 13:07:45.197 worker_log:584 7403 MainThread [INFO]  Received executor task 1979
2023-07-07 13:08:11.882 worker_log:602 7403 MainThread [INFO]  Completed executor task 1979
2023-07-07 13:08:11.883 worker_log:613 7403 MainThread [INFO]  All processing finished for executor task 1979
2023-07-07 13:08:11.894 worker_log:584 7403 MainThread [INFO]  Received executor task 1989
2023-07-07 13:08:45.507 worker_log:602 7403 MainThread [INFO]  Completed executor task 1989
2023-07-07 13:08:45.508 worker_log:613 7403 MainThread [INFO]  All processing finished for executor task 1989
2023-07-07 13:08:45.518 worker_log:584 7403 MainThread [INFO]  Received executor task 2009
2023-07-07 13:09:29.909 worker_log:602 7403 MainThread [INFO]  Completed executor task 2009
2023-07-07 13:09:29.909 worker_log:613 7403 MainThread [INFO]  All processing finished for executor task 2009
2023-07-07 13:09:29.920 worker_log:584 7403 MainThread [INFO]  Received executor task 2030
2023-07-07 13:10:02.230 worker_log:602 7403 MainThread [INFO]  Completed executor task 2030
2023-07-07 13:10:02.231 worker_log:613 7403 MainThread [INFO]  All processing finished for executor task 2030
2023-07-07 13:10:02.242 worker_log:584 7403 MainThread [INFO]  Received executor task 2049
2023-07-07 13:10:57.677 worker_log:602 7403 MainThread [INFO]  Completed executor task 2049
2023-07-07 13:10:57.677 worker_log:613 7403 MainThread [INFO]  All processing finished for executor task 2049
2023-07-07 13:10:57.689 worker_log:584 7403 MainThread [INFO]  Received executor task 2071
2023-07-07 13:11:47.366 worker_log:602 7403 MainThread [INFO]  Completed executor task 2071
2023-07-07 13:11:47.367 worker_log:613 7403 MainThread [INFO]  All processing finished for executor task 2071
2023-07-07 13:11:47.369 worker_log:584 7403 MainThread [INFO]  Received executor task 2092
2023-07-07 13:12:08.377 worker_log:602 7403 MainThread [INFO]  Completed executor task 2092
2023-07-07 13:12:08.377 worker_log:613 7403 MainThread [INFO]  All processing finished for executor task 2092
2023-07-07 13:12:08.388 worker_log:584 7403 MainThread [INFO]  Received executor task 2109
2023-07-07 13:13:12.195 worker_log:602 7403 MainThread [INFO]  Completed executor task 2109
2023-07-07 13:13:12.195 worker_log:613 7403 MainThread [INFO]  All processing finished for executor task 2109
2023-07-07 13:13:12.207 worker_log:584 7403 MainThread [INFO]  Received executor task 2138
2023-07-07 13:13:28.668 worker_log:602 7403 MainThread [INFO]  Completed executor task 2138
2023-07-07 13:13:28.669 worker_log:613 7403 MainThread [INFO]  All processing finished for executor task 2138
2023-07-07 13:13:28.692 worker_log:584 7403 MainThread [INFO]  Received executor task 2147
2023-07-07 13:13:56.112 worker_log:602 7403 MainThread [INFO]  Completed executor task 2147
2023-07-07 13:13:56.113 worker_log:613 7403 MainThread [INFO]  All processing finished for executor task 2147
2023-07-07 13:13:56.124 worker_log:584 7403 MainThread [INFO]  Received executor task 2165
2023-07-07 13:14:05.571 worker_log:602 7403 MainThread [INFO]  Completed executor task 2165
2023-07-07 13:14:05.571 worker_log:613 7403 MainThread [INFO]  All processing finished for executor task 2165
2023-07-07 13:14:05.582 worker_log:584 7403 MainThread [INFO]  Received executor task 2170
2023-07-07 13:14:28.684 worker_log:602 7403 MainThread [INFO]  Completed executor task 2170
2023-07-07 13:14:28.684 worker_log:613 7403 MainThread [INFO]  All processing finished for executor task 2170
2023-07-07 13:14:28.695 worker_log:584 7403 MainThread [INFO]  Received executor task 2182
2023-07-07 13:14:53.329 worker_log:602 7403 MainThread [INFO]  Completed executor task 2182
2023-07-07 13:14:53.329 worker_log:613 7403 MainThread [INFO]  All processing finished for executor task 2182
2023-07-07 13:14:53.340 worker_log:584 7403 MainThread [INFO]  Received executor task 2201
2023-07-07 13:15:26.112 worker_log:602 7403 MainThread [INFO]  Completed executor task 2201
2023-07-07 13:15:26.113 worker_log:613 7403 MainThread [INFO]  All processing finished for executor task 2201
2023-07-07 13:15:26.124 worker_log:584 7403 MainThread [INFO]  Received executor task 2214
2023-07-07 13:16:04.467 worker_log:602 7403 MainThread [INFO]  Completed executor task 2214
2023-07-07 13:16:04.467 worker_log:613 7403 MainThread [INFO]  All processing finished for executor task 2214
2023-07-07 13:16:04.478 worker_log:584 7403 MainThread [INFO]  Received executor task 2228
2023-07-07 13:16:14.839 worker_log:602 7403 MainThread [INFO]  Completed executor task 2228
2023-07-07 13:16:14.839 worker_log:613 7403 MainThread [INFO]  All processing finished for executor task 2228
2023-07-07 13:16:14.851 worker_log:584 7403 MainThread [INFO]  Received executor task 2231
2023-07-07 13:16:39.315 worker_log:602 7403 MainThread [INFO]  Completed executor task 2231
2023-07-07 13:16:39.316 worker_log:613 7403 MainThread [INFO]  All processing finished for executor task 2231
2023-07-07 13:16:39.327 worker_log:584 7403 MainThread [INFO]  Received executor task 2245
2023-07-07 13:17:00.515 worker_log:602 7403 MainThread [INFO]  Completed executor task 2245
2023-07-07 13:17:00.516 worker_log:613 7403 MainThread [INFO]  All processing finished for executor task 2245
2023-07-07 13:17:00.527 worker_log:584 7403 MainThread [INFO]  Received executor task 2254
2023-07-07 13:17:27.891 worker_log:602 7403 MainThread [INFO]  Completed executor task 2254
2023-07-07 13:17:27.891 worker_log:613 7403 MainThread [INFO]  All processing finished for executor task 2254
2023-07-07 13:17:27.902 worker_log:584 7403 MainThread [INFO]  Received executor task 2267
2023-07-07 13:17:41.996 worker_log:602 7403 MainThread [INFO]  Completed executor task 2267
2023-07-07 13:17:41.996 worker_log:613 7403 MainThread [INFO]  All processing finished for executor task 2267
2023-07-07 13:17:42.007 worker_log:584 7403 MainThread [INFO]  Received executor task 2276
2023-07-07 13:18:18.292 worker_log:602 7403 MainThread [INFO]  Completed executor task 2276
2023-07-07 13:18:18.293 worker_log:613 7403 MainThread [INFO]  All processing finished for executor task 2276
2023-07-07 13:18:18.304 worker_log:584 7403 MainThread [INFO]  Received executor task 2290
2023-07-07 13:18:39.464 worker_log:602 7403 MainThread [INFO]  Completed executor task 2290
2023-07-07 13:18:39.464 worker_log:613 7403 MainThread [INFO]  All processing finished for executor task 2290
2023-07-07 13:18:39.476 worker_log:584 7403 MainThread [INFO]  Received executor task 2299
2023-07-07 13:19:05.380 worker_log:602 7403 MainThread [INFO]  Completed executor task 2299
2023-07-07 13:19:05.381 worker_log:613 7403 MainThread [INFO]  All processing finished for executor task 2299
2023-07-07 13:19:05.392 worker_log:584 7403 MainThread [INFO]  Received executor task 2308
2023-07-07 13:19:55.837 worker_log:602 7403 MainThread [INFO]  Completed executor task 2308
2023-07-07 13:19:55.838 worker_log:613 7403 MainThread [INFO]  All processing finished for executor task 2308
2023-07-07 13:19:55.850 worker_log:584 7403 MainThread [INFO]  Received executor task 2332
2023-07-07 13:20:38.379 worker_log:602 7403 MainThread [INFO]  Completed executor task 2332
2023-07-07 13:20:38.391 worker_log:613 7403 MainThread [INFO]  All processing finished for executor task 2332
2023-07-07 13:20:38.392 worker_log:584 7403 MainThread [INFO]  Received executor task 2357
2023-07-07 13:21:09.823 worker_log:602 7403 MainThread [INFO]  Completed executor task 2357
2023-07-07 13:21:09.823 worker_log:613 7403 MainThread [INFO]  All processing finished for executor task 2357
2023-07-07 13:21:09.834 worker_log:584 7403 MainThread [INFO]  Received executor task 2371
2023-07-07 13:21:22.575 worker_log:602 7403 MainThread [INFO]  Completed executor task 2371
2023-07-07 13:21:22.575 worker_log:613 7403 MainThread [INFO]  All processing finished for executor task 2371
2023-07-07 13:21:22.586 worker_log:584 7403 MainThread [INFO]  Received executor task 2379
2023-07-07 13:22:40.809 worker_log:602 7403 MainThread [INFO]  Completed executor task 2379
2023-07-07 13:22:40.809 worker_log:613 7403 MainThread [INFO]  All processing finished for executor task 2379
2023-07-07 13:22:40.820 worker_log:584 7403 MainThread [INFO]  Received executor task 2423
2023-07-07 13:22:57.135 worker_log:602 7403 MainThread [INFO]  Completed executor task 2423
2023-07-07 13:22:57.135 worker_log:613 7403 MainThread [INFO]  All processing finished for executor task 2423
2023-07-07 13:22:57.146 worker_log:584 7403 MainThread [INFO]  Received executor task 2435
2023-07-07 13:23:13.193 worker_log:602 7403 MainThread [INFO]  Completed executor task 2435
2023-07-07 13:23:13.193 worker_log:613 7403 MainThread [INFO]  All processing finished for executor task 2435
2023-07-07 13:23:13.204 worker_log:584 7403 MainThread [INFO]  Received executor task 2448
2023-07-07 13:23:49.798 worker_log:602 7403 MainThread [INFO]  Completed executor task 2448
2023-07-07 13:23:49.808 worker_log:613 7403 MainThread [INFO]  All processing finished for executor task 2448
2023-07-07 13:23:49.809 worker_log:584 7403 MainThread [INFO]  Received executor task 2470
2023-07-07 13:24:03.523 worker_log:602 7403 MainThread [INFO]  Completed executor task 2470
2023-07-07 13:24:03.523 worker_log:613 7403 MainThread [INFO]  All processing finished for executor task 2470
2023-07-07 13:24:03.534 worker_log:584 7403 MainThread [INFO]  Received executor task 2473
2023-07-07 13:24:45.503 worker_log:602 7403 MainThread [INFO]  Completed executor task 2473
2023-07-07 13:24:45.516 worker_log:613 7403 MainThread [INFO]  All processing finished for executor task 2473
2023-07-07 13:24:45.517 worker_log:584 7403 MainThread [INFO]  Received executor task 2497
2023-07-07 13:25:04.799 worker_log:602 7403 MainThread [INFO]  Completed executor task 2497
2023-07-07 13:25:04.799 worker_log:613 7403 MainThread [INFO]  All processing finished for executor task 2497
2023-07-07 13:25:04.811 worker_log:584 7403 MainThread [INFO]  Received executor task 2501
2023-07-07 13:25:23.160 worker_log:602 7403 MainThread [INFO]  Completed executor task 2501
2023-07-07 13:25:23.160 worker_log:613 7403 MainThread [INFO]  All processing finished for executor task 2501
2023-07-07 13:25:23.171 worker_log:584 7403 MainThread [INFO]  Received executor task 2509
2023-07-07 13:25:52.255 worker_log:602 7403 MainThread [INFO]  Completed executor task 2509
2023-07-07 13:25:52.255 worker_log:613 7403 MainThread [INFO]  All processing finished for executor task 2509
2023-07-07 13:25:52.266 worker_log:584 7403 MainThread [INFO]  Received executor task 2526
2023-07-07 13:26:37.276 worker_log:602 7403 MainThread [INFO]  Completed executor task 2526
2023-07-07 13:26:37.277 worker_log:613 7403 MainThread [INFO]  All processing finished for executor task 2526
2023-07-07 13:26:37.289 worker_log:584 7403 MainThread [INFO]  Received executor task 2544
2023-07-07 13:27:22.856 worker_log:602 7403 MainThread [INFO]  Completed executor task 2544
2023-07-07 13:27:22.856 worker_log:613 7403 MainThread [INFO]  All processing finished for executor task 2544
2023-07-07 13:27:22.867 worker_log:584 7403 MainThread [INFO]  Received executor task 2570
2023-07-07 13:28:02.137 worker_log:602 7403 MainThread [INFO]  Completed executor task 2570
2023-07-07 13:28:02.137 worker_log:613 7403 MainThread [INFO]  All processing finished for executor task 2570
2023-07-07 13:28:02.148 worker_log:584 7403 MainThread [INFO]  Received executor task 2588
2023-07-07 13:28:45.469 worker_log:602 7403 MainThread [INFO]  Completed executor task 2588
2023-07-07 13:28:45.469 worker_log:613 7403 MainThread [INFO]  All processing finished for executor task 2588
2023-07-07 13:28:45.481 worker_log:584 7403 MainThread [INFO]  Received executor task 2607
2023-07-07 13:29:02.515 worker_log:602 7403 MainThread [INFO]  Completed executor task 2607
2023-07-07 13:29:02.515 worker_log:613 7403 MainThread [INFO]  All processing finished for executor task 2607
2023-07-07 13:29:02.526 worker_log:584 7403 MainThread [INFO]  Received executor task 2618
2023-07-07 13:29:26.780 worker_log:602 7403 MainThread [INFO]  Completed executor task 2618
2023-07-07 13:29:26.780 worker_log:613 7403 MainThread [INFO]  All processing finished for executor task 2618
2023-07-07 13:29:26.793 worker_log:584 7403 MainThread [INFO]  Received executor task 2625
2023-07-07 13:29:38.769 worker_log:602 7403 MainThread [INFO]  Completed executor task 2625
2023-07-07 13:29:38.769 worker_log:613 7403 MainThread [INFO]  All processing finished for executor task 2625
2023-07-07 13:29:38.781 worker_log:584 7403 MainThread [INFO]  Received executor task 2632
2023-07-07 13:29:56.984 worker_log:602 7403 MainThread [INFO]  Completed executor task 2632
2023-07-07 13:29:56.984 worker_log:613 7403 MainThread [INFO]  All processing finished for executor task 2632
2023-07-07 13:29:56.995 worker_log:584 7403 MainThread [INFO]  Received executor task 2640
2023-07-07 13:30:20.853 worker_log:602 7403 MainThread [INFO]  Completed executor task 2640
2023-07-07 13:30:20.853 worker_log:613 7403 MainThread [INFO]  All processing finished for executor task 2640
2023-07-07 13:30:20.865 worker_log:584 7403 MainThread [INFO]  Received executor task 2650
2023-07-07 13:31:13.784 worker_log:602 7403 MainThread [INFO]  Completed executor task 2650
2023-07-07 13:31:13.784 worker_log:613 7403 MainThread [INFO]  All processing finished for executor task 2650
2023-07-07 13:31:13.796 worker_log:584 7403 MainThread [INFO]  Received executor task 2672
2023-07-07 13:31:23.762 worker_log:602 7403 MainThread [INFO]  Completed executor task 2672
2023-07-07 13:31:23.762 worker_log:613 7403 MainThread [INFO]  All processing finished for executor task 2672
2023-07-07 13:31:23.773 worker_log:584 7403 MainThread [INFO]  Received executor task 2681
2023-07-07 13:31:31.680 worker_log:602 7403 MainThread [INFO]  Completed executor task 2681
2023-07-07 13:31:31.681 worker_log:613 7403 MainThread [INFO]  All processing finished for executor task 2681
2023-07-07 13:31:31.693 worker_log:584 7403 MainThread [INFO]  Received executor task 2683
2023-07-07 13:31:55.318 worker_log:602 7403 MainThread [INFO]  Completed executor task 2683
2023-07-07 13:31:55.318 worker_log:613 7403 MainThread [INFO]  All processing finished for executor task 2683
2023-07-07 13:31:55.329 worker_log:584 7403 MainThread [INFO]  Received executor task 2694
2023-07-07 13:32:18.971 worker_log:602 7403 MainThread [INFO]  Completed executor task 2694
2023-07-07 13:32:18.971 worker_log:613 7403 MainThread [INFO]  All processing finished for executor task 2694
2023-07-07 13:32:18.982 worker_log:584 7403 MainThread [INFO]  Received executor task 2705
2023-07-07 13:32:31.802 worker_log:602 7403 MainThread [INFO]  Completed executor task 2705
2023-07-07 13:32:31.802 worker_log:613 7403 MainThread [INFO]  All processing finished for executor task 2705
2023-07-07 13:32:31.813 worker_log:584 7403 MainThread [INFO]  Received executor task 2712
2023-07-07 13:32:53.379 worker_log:602 7403 MainThread [INFO]  Completed executor task 2712
2023-07-07 13:32:53.380 worker_log:613 7403 MainThread [INFO]  All processing finished for executor task 2712
2023-07-07 13:32:53.391 worker_log:584 7403 MainThread [INFO]  Received executor task 2723
2023-07-07 13:33:31.347 worker_log:602 7403 MainThread [INFO]  Completed executor task 2723
2023-07-07 13:33:31.348 worker_log:613 7403 MainThread [INFO]  All processing finished for executor task 2723
2023-07-07 13:33:31.359 worker_log:584 7403 MainThread [INFO]  Received executor task 2743
2023-07-07 13:33:45.053 worker_log:602 7403 MainThread [INFO]  Completed executor task 2743
2023-07-07 13:33:45.053 worker_log:613 7403 MainThread [INFO]  All processing finished for executor task 2743
2023-07-07 13:33:45.064 worker_log:584 7403 MainThread [INFO]  Received executor task 2752
2023-07-07 13:34:12.501 worker_log:602 7403 MainThread [INFO]  Completed executor task 2752
2023-07-07 13:34:12.502 worker_log:613 7403 MainThread [INFO]  All processing finished for executor task 2752
2023-07-07 13:34:12.503 worker_log:584 7403 MainThread [INFO]  Received executor task 2770
2023-07-07 13:34:33.923 worker_log:602 7403 MainThread [INFO]  Completed executor task 2770
2023-07-07 13:34:33.923 worker_log:613 7403 MainThread [INFO]  All processing finished for executor task 2770
2023-07-07 13:34:33.933 worker_log:584 7403 MainThread [INFO]  Received executor task 2782
2023-07-07 13:35:02.869 worker_log:602 7403 MainThread [INFO]  Completed executor task 2782
2023-07-07 13:35:02.869 worker_log:613 7403 MainThread [INFO]  All processing finished for executor task 2782
2023-07-07 13:35:02.880 worker_log:584 7403 MainThread [INFO]  Received executor task 2792
2023-07-07 13:35:28.833 worker_log:602 7403 MainThread [INFO]  Completed executor task 2792
2023-07-07 13:35:28.833 worker_log:613 7403 MainThread [INFO]  All processing finished for executor task 2792
2023-07-07 13:35:28.844 worker_log:584 7403 MainThread [INFO]  Received executor task 2805
2023-07-07 13:36:02.219 worker_log:602 7403 MainThread [INFO]  Completed executor task 2805
2023-07-07 13:36:02.219 worker_log:613 7403 MainThread [INFO]  All processing finished for executor task 2805
2023-07-07 13:36:02.230 worker_log:584 7403 MainThread [INFO]  Received executor task 2822
2023-07-07 13:36:29.050 worker_log:602 7403 MainThread [INFO]  Completed executor task 2822
2023-07-07 13:36:29.050 worker_log:613 7403 MainThread [INFO]  All processing finished for executor task 2822
2023-07-07 13:36:29.062 worker_log:584 7403 MainThread [INFO]  Received executor task 2836
2023-07-07 13:37:28.725 worker_log:602 7403 MainThread [INFO]  Completed executor task 2836
2023-07-07 13:37:28.727 worker_log:613 7403 MainThread [INFO]  All processing finished for executor task 2836
2023-07-07 13:37:28.738 worker_log:584 7403 MainThread [INFO]  Received executor task 2866
2023-07-07 13:37:57.141 worker_log:602 7403 MainThread [INFO]  Completed executor task 2866
2023-07-07 13:37:57.142 worker_log:613 7403 MainThread [INFO]  All processing finished for executor task 2866
2023-07-07 13:37:57.143 worker_log:584 7403 MainThread [INFO]  Received executor task 2883
2023-07-07 13:38:33.742 worker_log:602 7403 MainThread [INFO]  Completed executor task 2883
2023-07-07 13:38:33.742 worker_log:613 7403 MainThread [INFO]  All processing finished for executor task 2883
2023-07-07 13:38:33.753 worker_log:584 7403 MainThread [INFO]  Received executor task 2908
2023-07-07 13:38:52.550 worker_log:602 7403 MainThread [INFO]  Completed executor task 2908
2023-07-07 13:38:52.551 worker_log:613 7403 MainThread [INFO]  All processing finished for executor task 2908
2023-07-07 13:38:52.562 worker_log:584 7403 MainThread [INFO]  Received executor task 2923
2023-07-07 13:39:23.081 worker_log:602 7403 MainThread [INFO]  Completed executor task 2923
2023-07-07 13:39:23.081 worker_log:613 7403 MainThread [INFO]  All processing finished for executor task 2923
2023-07-07 13:39:23.093 worker_log:584 7403 MainThread [INFO]  Received executor task 2940
2023-07-07 13:40:08.600 worker_log:602 7403 MainThread [INFO]  Completed executor task 2940
2023-07-07 13:40:08.601 worker_log:613 7403 MainThread [INFO]  All processing finished for executor task 2940
2023-07-07 13:40:08.612 worker_log:584 7403 MainThread [INFO]  Received executor task 2961
2023-07-07 13:40:35.497 worker_log:602 7403 MainThread [INFO]  Completed executor task 2961
2023-07-07 13:40:35.498 worker_log:613 7403 MainThread [INFO]  All processing finished for executor task 2961
2023-07-07 13:40:35.509 worker_log:584 7403 MainThread [INFO]  Received executor task 2976
2023-07-07 13:41:05.158 worker_log:602 7403 MainThread [INFO]  Completed executor task 2976
2023-07-07 13:41:05.171 worker_log:613 7403 MainThread [INFO]  All processing finished for executor task 2976
2023-07-07 13:41:05.171 worker_log:584 7403 MainThread [INFO]  Received executor task 2997
2023-07-07 13:41:20.560 worker_log:602 7403 MainThread [INFO]  Completed executor task 2997
2023-07-07 13:41:20.561 worker_log:613 7403 MainThread [INFO]  All processing finished for executor task 2997
2023-07-07 13:41:20.572 worker_log:584 7403 MainThread [INFO]  Received executor task 3004
2023-07-07 13:42:22.068 worker_log:602 7403 MainThread [INFO]  Completed executor task 3004
2023-07-07 13:42:22.069 worker_log:613 7403 MainThread [INFO]  All processing finished for executor task 3004
2023-07-07 13:42:22.080 worker_log:584 7403 MainThread [INFO]  Received executor task 3032
2023-07-07 13:42:52.954 worker_log:602 7403 MainThread [INFO]  Completed executor task 3032
2023-07-07 13:42:52.955 worker_log:613 7403 MainThread [INFO]  All processing finished for executor task 3032
2023-07-07 13:42:52.966 worker_log:584 7403 MainThread [INFO]  Received executor task 3047
2023-07-07 13:43:25.455 worker_log:602 7403 MainThread [INFO]  Completed executor task 3047
2023-07-07 13:43:25.456 worker_log:613 7403 MainThread [INFO]  All processing finished for executor task 3047
2023-07-07 13:43:25.467 worker_log:584 7403 MainThread [INFO]  Received executor task 3061
2023-07-07 13:44:27.058 worker_log:602 7403 MainThread [INFO]  Completed executor task 3061
2023-07-07 13:44:27.058 worker_log:613 7403 MainThread [INFO]  All processing finished for executor task 3061
2023-07-07 13:44:27.069 worker_log:584 7403 MainThread [INFO]  Received executor task 3091
2023-07-07 13:44:55.226 worker_log:602 7403 MainThread [INFO]  Completed executor task 3091
2023-07-07 13:44:55.226 worker_log:613 7403 MainThread [INFO]  All processing finished for executor task 3091
2023-07-07 13:44:55.238 worker_log:584 7403 MainThread [INFO]  Received executor task 3106
2023-07-07 13:45:29.407 worker_log:602 7403 MainThread [INFO]  Completed executor task 3106
2023-07-07 13:45:29.408 worker_log:613 7403 MainThread [INFO]  All processing finished for executor task 3106
2023-07-07 13:45:29.419 worker_log:584 7403 MainThread [INFO]  Received executor task 3126
2023-07-07 13:45:47.675 worker_log:602 7403 MainThread [INFO]  Completed executor task 3126
2023-07-07 13:45:47.675 worker_log:613 7403 MainThread [INFO]  All processing finished for executor task 3126
2023-07-07 13:45:47.687 worker_log:584 7403 MainThread [INFO]  Received executor task 3140
2023-07-07 13:46:49.488 worker_log:602 7403 MainThread [INFO]  Completed executor task 3140
2023-07-07 13:46:49.489 worker_log:613 7403 MainThread [INFO]  All processing finished for executor task 3140
2023-07-07 13:46:49.500 worker_log:584 7403 MainThread [INFO]  Received executor task 3169
2023-07-07 13:47:17.745 worker_log:602 7403 MainThread [INFO]  Completed executor task 3169
2023-07-07 13:47:17.746 worker_log:613 7403 MainThread [INFO]  All processing finished for executor task 3169
2023-07-07 13:47:17.758 worker_log:584 7403 MainThread [INFO]  Received executor task 3182
2023-07-07 13:47:41.738 worker_log:602 7403 MainThread [INFO]  Completed executor task 3182
2023-07-07 13:47:41.738 worker_log:613 7403 MainThread [INFO]  All processing finished for executor task 3182
2023-07-07 13:47:41.750 worker_log:584 7403 MainThread [INFO]  Received executor task 3193
2023-07-07 13:48:49.193 worker_log:602 7403 MainThread [INFO]  Completed executor task 3193
2023-07-07 13:48:49.193 worker_log:613 7403 MainThread [INFO]  All processing finished for executor task 3193
2023-07-07 13:48:49.204 worker_log:584 7403 MainThread [INFO]  Received executor task 3228
2023-07-07 13:49:15.876 worker_log:602 7403 MainThread [INFO]  Completed executor task 3228
2023-07-07 13:49:15.887 worker_log:613 7403 MainThread [INFO]  All processing finished for executor task 3228
2023-07-07 13:49:15.888 worker_log:584 7403 MainThread [INFO]  Received executor task 3245
2023-07-07 13:49:31.516 worker_log:602 7403 MainThread [INFO]  Completed executor task 3245
2023-07-07 13:49:31.516 worker_log:613 7403 MainThread [INFO]  All processing finished for executor task 3245
2023-07-07 13:49:31.527 worker_log:584 7403 MainThread [INFO]  Received executor task 3253
2023-07-07 13:49:55.437 worker_log:602 7403 MainThread [INFO]  Completed executor task 3253
2023-07-07 13:49:55.437 worker_log:613 7403 MainThread [INFO]  All processing finished for executor task 3253
2023-07-07 13:49:55.448 worker_log:584 7403 MainThread [INFO]  Received executor task 3266
2023-07-07 13:50:16.293 worker_log:602 7403 MainThread [INFO]  Completed executor task 3266
2023-07-07 13:50:16.293 worker_log:613 7403 MainThread [INFO]  All processing finished for executor task 3266
2023-07-07 13:50:16.304 worker_log:584 7403 MainThread [INFO]  Received executor task 3278
2023-07-07 13:50:41.510 worker_log:602 7403 MainThread [INFO]  Completed executor task 3278
2023-07-07 13:50:41.511 worker_log:613 7403 MainThread [INFO]  All processing finished for executor task 3278
2023-07-07 13:50:41.522 worker_log:584 7403 MainThread [INFO]  Received executor task 3293
2023-07-07 13:51:20.748 worker_log:602 7403 MainThread [INFO]  Completed executor task 3293
2023-07-07 13:51:20.748 worker_log:613 7403 MainThread [INFO]  All processing finished for executor task 3293
2023-07-07 13:51:20.759 worker_log:584 7403 MainThread [INFO]  Received executor task 3314
2023-07-07 13:51:48.615 worker_log:602 7403 MainThread [INFO]  Completed executor task 3314
2023-07-07 13:51:48.615 worker_log:613 7403 MainThread [INFO]  All processing finished for executor task 3314
2023-07-07 13:51:48.626 worker_log:584 7403 MainThread [INFO]  Received executor task 3331
2023-07-07 13:52:19.567 worker_log:602 7403 MainThread [INFO]  Completed executor task 3331
2023-07-07 13:52:19.568 worker_log:613 7403 MainThread [INFO]  All processing finished for executor task 3331
2023-07-07 13:52:19.581 worker_log:584 7403 MainThread [INFO]  Received executor task 3350
2023-07-07 13:52:40.140 worker_log:602 7403 MainThread [INFO]  Completed executor task 3350
2023-07-07 13:52:40.140 worker_log:613 7403 MainThread [INFO]  All processing finished for executor task 3350
2023-07-07 13:52:40.154 worker_log:584 7403 MainThread [INFO]  Received executor task 3360
2023-07-07 13:52:55.236 worker_log:602 7403 MainThread [INFO]  Completed executor task 3360
2023-07-07 13:52:55.249 worker_log:613 7403 MainThread [INFO]  All processing finished for executor task 3360
2023-07-07 13:52:55.261 worker_log:584 7403 MainThread [INFO]  Received executor task 3370
2023-07-07 13:53:17.697 worker_log:602 7403 MainThread [INFO]  Completed executor task 3370
2023-07-07 13:53:17.698 worker_log:613 7403 MainThread [INFO]  All processing finished for executor task 3370
2023-07-07 13:53:17.709 worker_log:584 7403 MainThread [INFO]  Received executor task 3383
2023-07-07 13:53:32.014 worker_log:602 7403 MainThread [INFO]  Completed executor task 3383
2023-07-07 13:53:32.014 worker_log:613 7403 MainThread [INFO]  All processing finished for executor task 3383
2023-07-07 13:53:32.025 worker_log:584 7403 MainThread [INFO]  Received executor task 3396
2023-07-07 13:54:03.397 worker_log:602 7403 MainThread [INFO]  Completed executor task 3396
2023-07-07 13:54:03.398 worker_log:613 7403 MainThread [INFO]  All processing finished for executor task 3396
2023-07-07 13:54:03.409 worker_log:584 7403 MainThread [INFO]  Received executor task 3410
2023-07-07 13:54:39.327 worker_log:602 7403 MainThread [INFO]  Completed executor task 3410
2023-07-07 13:54:39.327 worker_log:613 7403 MainThread [INFO]  All processing finished for executor task 3410
2023-07-07 13:54:39.338 worker_log:584 7403 MainThread [INFO]  Received executor task 3431
2023-07-07 13:55:03.800 worker_log:602 7403 MainThread [INFO]  Completed executor task 3431
2023-07-07 13:55:03.800 worker_log:613 7403 MainThread [INFO]  All processing finished for executor task 3431
2023-07-07 13:55:03.811 worker_log:584 7403 MainThread [INFO]  Received executor task 3446
2023-07-07 13:55:29.114 worker_log:602 7403 MainThread [INFO]  Completed executor task 3446
2023-07-07 13:55:29.114 worker_log:613 7403 MainThread [INFO]  All processing finished for executor task 3446
2023-07-07 13:55:29.125 worker_log:584 7403 MainThread [INFO]  Received executor task 3461
2023-07-07 13:55:53.836 worker_log:602 7403 MainThread [INFO]  Completed executor task 3461
2023-07-07 13:55:53.836 worker_log:613 7403 MainThread [INFO]  All processing finished for executor task 3461
2023-07-07 13:55:53.848 worker_log:584 7403 MainThread [INFO]  Received executor task 3475
2023-07-07 13:56:03.447 worker_log:602 7403 MainThread [INFO]  Completed executor task 3475
2023-07-07 13:56:03.447 worker_log:613 7403 MainThread [INFO]  All processing finished for executor task 3475
2023-07-07 13:56:03.458 worker_log:584 7403 MainThread [INFO]  Received executor task 3478
2023-07-07 13:56:28.242 worker_log:602 7403 MainThread [INFO]  Completed executor task 3478
2023-07-07 13:56:28.242 worker_log:613 7403 MainThread [INFO]  All processing finished for executor task 3478
2023-07-07 13:56:28.254 worker_log:584 7403 MainThread [INFO]  Received executor task 3488
2023-07-07 13:57:17.338 worker_log:602 7403 MainThread [INFO]  Completed executor task 3488
2023-07-07 13:57:17.338 worker_log:613 7403 MainThread [INFO]  All processing finished for executor task 3488
2023-07-07 13:57:17.349 worker_log:584 7403 MainThread [INFO]  Received executor task 3506
2023-07-07 13:58:03.850 worker_log:602 7403 MainThread [INFO]  Completed executor task 3506
2023-07-07 13:58:03.851 worker_log:613 7403 MainThread [INFO]  All processing finished for executor task 3506
2023-07-07 13:58:03.862 worker_log:584 7403 MainThread [INFO]  Received executor task 3520
2023-07-07 13:58:28.562 worker_log:602 7403 MainThread [INFO]  Completed executor task 3520
2023-07-07 13:58:28.562 worker_log:613 7403 MainThread [INFO]  All processing finished for executor task 3520
2023-07-07 13:58:28.575 worker_log:584 7403 MainThread [INFO]  Received executor task 3537
2023-07-07 13:59:22.569 worker_log:602 7403 MainThread [INFO]  Completed executor task 3537
2023-07-07 13:59:22.569 worker_log:613 7403 MainThread [INFO]  All processing finished for executor task 3537
2023-07-07 13:59:22.580 worker_log:584 7403 MainThread [INFO]  Received executor task 3566
2023-07-07 14:00:05.946 worker_log:602 7403 MainThread [INFO]  Completed executor task 3566
2023-07-07 14:00:05.946 worker_log:613 7403 MainThread [INFO]  All processing finished for executor task 3566
2023-07-07 14:00:05.957 worker_log:584 7403 MainThread [INFO]  Received executor task 3587
2023-07-07 14:00:49.330 worker_log:602 7403 MainThread [INFO]  Completed executor task 3587
2023-07-07 14:00:49.331 worker_log:613 7403 MainThread [INFO]  All processing finished for executor task 3587
2023-07-07 14:00:49.342 worker_log:584 7403 MainThread [INFO]  Received executor task 3608
2023-07-07 14:01:22.375 worker_log:602 7403 MainThread [INFO]  Completed executor task 3608
2023-07-07 14:01:22.375 worker_log:613 7403 MainThread [INFO]  All processing finished for executor task 3608
2023-07-07 14:01:22.386 worker_log:584 7403 MainThread [INFO]  Received executor task 3629
2023-07-07 14:01:43.023 worker_log:602 7403 MainThread [INFO]  Completed executor task 3629
2023-07-07 14:01:43.024 worker_log:613 7403 MainThread [INFO]  All processing finished for executor task 3629
2023-07-07 14:01:43.035 worker_log:584 7403 MainThread [INFO]  Received executor task 3644
2023-07-07 14:02:12.040 worker_log:602 7403 MainThread [INFO]  Completed executor task 3644
2023-07-07 14:02:12.040 worker_log:613 7403 MainThread [INFO]  All processing finished for executor task 3644
2023-07-07 14:02:12.052 worker_log:584 7403 MainThread [INFO]  Received executor task 3657
2023-07-07 14:02:41.130 worker_log:602 7403 MainThread [INFO]  Completed executor task 3657
2023-07-07 14:02:41.130 worker_log:613 7403 MainThread [INFO]  All processing finished for executor task 3657
2023-07-07 14:02:41.141 worker_log:584 7403 MainThread [INFO]  Received executor task 3674
2023-07-07 14:03:16.745 worker_log:602 7403 MainThread [INFO]  Completed executor task 3674
2023-07-07 14:03:16.746 worker_log:613 7403 MainThread [INFO]  All processing finished for executor task 3674
2023-07-07 14:03:16.757 worker_log:584 7403 MainThread [INFO]  Received executor task 3693
2023-07-07 14:03:35.972 worker_log:602 7403 MainThread [INFO]  Completed executor task 3693
2023-07-07 14:03:35.972 worker_log:613 7403 MainThread [INFO]  All processing finished for executor task 3693
2023-07-07 14:03:35.983 worker_log:584 7403 MainThread [INFO]  Received executor task 3704
2023-07-07 14:04:20.567 worker_log:602 7403 MainThread [INFO]  Completed executor task 3704
2023-07-07 14:04:20.567 worker_log:613 7403 MainThread [INFO]  All processing finished for executor task 3704
2023-07-07 14:04:20.580 worker_log:584 7403 MainThread [INFO]  Received executor task 3724
2023-07-07 14:05:08.173 worker_log:602 7403 MainThread [INFO]  Completed executor task 3724
2023-07-07 14:05:08.173 worker_log:613 7403 MainThread [INFO]  All processing finished for executor task 3724
2023-07-07 14:05:08.185 worker_log:584 7403 MainThread [INFO]  Received executor task 3745
2023-07-07 14:05:29.629 worker_log:602 7403 MainThread [INFO]  Completed executor task 3745
2023-07-07 14:05:29.629 worker_log:613 7403 MainThread [INFO]  All processing finished for executor task 3745
2023-07-07 14:05:29.640 worker_log:584 7403 MainThread [INFO]  Received executor task 3755
2023-07-07 14:06:02.202 worker_log:602 7403 MainThread [INFO]  Completed executor task 3755
2023-07-07 14:06:02.203 worker_log:613 7403 MainThread [INFO]  All processing finished for executor task 3755
2023-07-07 14:06:02.214 worker_log:584 7403 MainThread [INFO]  Received executor task 3771
2023-07-07 14:06:45.880 worker_log:602 7403 MainThread [INFO]  Completed executor task 3771
2023-07-07 14:06:45.880 worker_log:613 7403 MainThread [INFO]  All processing finished for executor task 3771
2023-07-07 14:06:45.892 worker_log:584 7403 MainThread [INFO]  Received executor task 3792
2023-07-07 14:07:08.042 worker_log:602 7403 MainThread [INFO]  Completed executor task 3792
2023-07-07 14:07:08.042 worker_log:613 7403 MainThread [INFO]  All processing finished for executor task 3792
2023-07-07 14:07:08.053 worker_log:584 7403 MainThread [INFO]  Received executor task 3805
2023-07-07 14:08:33.463 worker_log:602 7403 MainThread [INFO]  Completed executor task 3805
2023-07-07 14:08:33.463 worker_log:613 7403 MainThread [INFO]  All processing finished for executor task 3805
2023-07-07 14:08:33.474 worker_log:584 7403 MainThread [INFO]  Received executor task 3840
2023-07-07 14:09:01.368 worker_log:602 7403 MainThread [INFO]  Completed executor task 3840
2023-07-07 14:09:01.368 worker_log:613 7403 MainThread [INFO]  All processing finished for executor task 3840
2023-07-07 14:09:01.380 worker_log:584 7403 MainThread [INFO]  Received executor task 3852
2023-07-07 14:09:18.402 worker_log:602 7403 MainThread [INFO]  Completed executor task 3852
2023-07-07 14:09:18.402 worker_log:613 7403 MainThread [INFO]  All processing finished for executor task 3852
2023-07-07 14:09:18.413 worker_log:584 7403 MainThread [INFO]  Received executor task 3862
2023-07-07 14:09:43.060 worker_log:602 7403 MainThread [INFO]  Completed executor task 3862
2023-07-07 14:09:43.060 worker_log:613 7403 MainThread [INFO]  All processing finished for executor task 3862
2023-07-07 14:09:43.072 worker_log:584 7403 MainThread [INFO]  Received executor task 3877
2023-07-07 14:09:56.645 worker_log:602 7403 MainThread [INFO]  Completed executor task 3877
2023-07-07 14:09:56.645 worker_log:613 7403 MainThread [INFO]  All processing finished for executor task 3877
2023-07-07 14:09:56.656 worker_log:584 7403 MainThread [INFO]  Received executor task 3890
2023-07-07 14:10:34.966 worker_log:602 7403 MainThread [INFO]  Completed executor task 3890
2023-07-07 14:10:34.967 worker_log:613 7403 MainThread [INFO]  All processing finished for executor task 3890
2023-07-07 14:10:34.978 worker_log:584 7403 MainThread [INFO]  Received executor task 3914
2023-07-07 14:11:29.991 worker_log:602 7403 MainThread [INFO]  Completed executor task 3914
2023-07-07 14:11:29.991 worker_log:613 7403 MainThread [INFO]  All processing finished for executor task 3914
2023-07-07 14:11:30.002 worker_log:584 7403 MainThread [INFO]  Received executor task 3938
2023-07-07 14:12:22.244 worker_log:602 7403 MainThread [INFO]  Completed executor task 3938
2023-07-07 14:12:22.245 worker_log:613 7403 MainThread [INFO]  All processing finished for executor task 3938
2023-07-07 14:12:22.257 worker_log:584 7403 MainThread [INFO]  Received executor task 3958
2023-07-07 14:13:09.215 worker_log:602 7403 MainThread [INFO]  Completed executor task 3958
2023-07-07 14:13:09.216 worker_log:613 7403 MainThread [INFO]  All processing finished for executor task 3958
2023-07-07 14:13:09.227 worker_log:584 7403 MainThread [INFO]  Received executor task 3980
2023-07-07 14:13:36.948 worker_log:602 7403 MainThread [INFO]  Completed executor task 3980
2023-07-07 14:13:36.948 worker_log:613 7403 MainThread [INFO]  All processing finished for executor task 3980
2023-07-07 14:13:36.960 worker_log:584 7403 MainThread [INFO]  Received executor task 3996
2023-07-07 14:14:00.407 worker_log:602 7403 MainThread [INFO]  Completed executor task 3996
2023-07-07 14:14:00.407 worker_log:613 7403 MainThread [INFO]  All processing finished for executor task 3996
2023-07-07 14:14:00.419 worker_log:584 7403 MainThread [INFO]  Received executor task 4008
2023-07-07 14:14:26.680 worker_log:602 7403 MainThread [INFO]  Completed executor task 4008
2023-07-07 14:14:26.680 worker_log:613 7403 MainThread [INFO]  All processing finished for executor task 4008
2023-07-07 14:14:26.692 worker_log:584 7403 MainThread [INFO]  Received executor task 4023
2023-07-07 14:14:44.197 worker_log:602 7403 MainThread [INFO]  Completed executor task 4023
2023-07-07 14:14:44.198 worker_log:613 7403 MainThread [INFO]  All processing finished for executor task 4023
2023-07-07 14:14:44.209 worker_log:584 7403 MainThread [INFO]  Received executor task 4031
2023-07-07 14:15:33.284 worker_log:602 7403 MainThread [INFO]  Completed executor task 4031
2023-07-07 14:15:33.284 worker_log:613 7403 MainThread [INFO]  All processing finished for executor task 4031
2023-07-07 14:15:33.296 worker_log:584 7403 MainThread [INFO]  Received executor task 4050
2023-07-07 14:16:29.252 worker_log:602 7403 MainThread [INFO]  Completed executor task 4050
2023-07-07 14:16:29.252 worker_log:613 7403 MainThread [INFO]  All processing finished for executor task 4050
2023-07-07 14:16:29.263 worker_log:584 7403 MainThread [INFO]  Received executor task 4078
2023-07-07 14:17:03.969 worker_log:602 7403 MainThread [INFO]  Completed executor task 4078
2023-07-07 14:17:03.970 worker_log:613 7403 MainThread [INFO]  All processing finished for executor task 4078
2023-07-07 14:17:03.981 worker_log:584 7403 MainThread [INFO]  Received executor task 4089
2023-07-07 14:17:47.361 worker_log:602 7403 MainThread [INFO]  Completed executor task 4089
2023-07-07 14:17:47.362 worker_log:613 7403 MainThread [INFO]  All processing finished for executor task 4089
2023-07-07 14:17:47.373 worker_log:584 7403 MainThread [INFO]  Received executor task 4111
2023-07-07 14:18:17.937 worker_log:602 7403 MainThread [INFO]  Completed executor task 4111
2023-07-07 14:18:17.938 worker_log:613 7403 MainThread [INFO]  All processing finished for executor task 4111
2023-07-07 14:18:17.949 worker_log:584 7403 MainThread [INFO]  Received executor task 4125
2023-07-07 14:18:59.970 worker_log:602 7403 MainThread [INFO]  Completed executor task 4125
2023-07-07 14:18:59.971 worker_log:613 7403 MainThread [INFO]  All processing finished for executor task 4125
2023-07-07 14:18:59.982 worker_log:584 7403 MainThread [INFO]  Received executor task 4140
2023-07-07 14:19:17.188 worker_log:602 7403 MainThread [INFO]  Completed executor task 4140
2023-07-07 14:19:17.188 worker_log:613 7403 MainThread [INFO]  All processing finished for executor task 4140
2023-07-07 14:19:17.200 worker_log:584 7403 MainThread [INFO]  Received executor task 4151
2023-07-07 14:19:36.495 worker_log:602 7403 MainThread [INFO]  Completed executor task 4151
2023-07-07 14:19:36.496 worker_log:613 7403 MainThread [INFO]  All processing finished for executor task 4151
2023-07-07 14:19:36.508 worker_log:584 7403 MainThread [INFO]  Received executor task 4162
2023-07-07 14:20:28.291 worker_log:602 7403 MainThread [INFO]  Completed executor task 4162
2023-07-07 14:20:28.291 worker_log:613 7403 MainThread [INFO]  All processing finished for executor task 4162
2023-07-07 14:20:28.303 worker_log:584 7403 MainThread [INFO]  Received executor task 4184
2023-07-07 14:21:07.485 worker_log:602 7403 MainThread [INFO]  Completed executor task 4184
2023-07-07 14:21:07.486 worker_log:613 7403 MainThread [INFO]  All processing finished for executor task 4184
2023-07-07 14:21:07.497 worker_log:584 7403 MainThread [INFO]  Received executor task 4201
2023-07-07 14:21:47.995 worker_log:602 7403 MainThread [INFO]  Completed executor task 4201
2023-07-07 14:21:47.996 worker_log:613 7403 MainThread [INFO]  All processing finished for executor task 4201
2023-07-07 14:21:48.007 worker_log:584 7403 MainThread [INFO]  Received executor task 4218
2023-07-07 14:22:07.168 worker_log:602 7403 MainThread [INFO]  Completed executor task 4218
2023-07-07 14:22:07.172 worker_log:613 7403 MainThread [INFO]  All processing finished for executor task 4218
2023-07-07 14:22:07.180 worker_log:584 7403 MainThread [INFO]  Received executor task 4227
2023-07-07 14:22:29.002 worker_log:602 7403 MainThread [INFO]  Completed executor task 4227
2023-07-07 14:22:29.003 worker_log:613 7403 MainThread [INFO]  All processing finished for executor task 4227
2023-07-07 14:22:29.014 worker_log:584 7403 MainThread [INFO]  Received executor task 4239
2023-07-07 14:23:03.416 worker_log:602 7403 MainThread [INFO]  Completed executor task 4239
2023-07-07 14:23:03.416 worker_log:613 7403 MainThread [INFO]  All processing finished for executor task 4239
2023-07-07 14:23:03.417 worker_log:584 7403 MainThread [INFO]  Received executor task 4260
2023-07-07 14:23:45.103 worker_log:602 7403 MainThread [INFO]  Completed executor task 4260
2023-07-07 14:23:45.103 worker_log:613 7403 MainThread [INFO]  All processing finished for executor task 4260
2023-07-07 14:23:45.120 worker_log:584 7403 MainThread [INFO]  Received executor task 4277
2023-07-07 14:24:12.238 worker_log:602 7403 MainThread [INFO]  Completed executor task 4277
2023-07-07 14:24:12.238 worker_log:613 7403 MainThread [INFO]  All processing finished for executor task 4277
2023-07-07 14:24:12.249 worker_log:584 7403 MainThread [INFO]  Received executor task 4295
2023-07-07 14:24:26.863 worker_log:602 7403 MainThread [INFO]  Completed executor task 4295
2023-07-07 14:24:26.863 worker_log:613 7403 MainThread [INFO]  All processing finished for executor task 4295
2023-07-07 14:24:26.874 worker_log:584 7403 MainThread [INFO]  Received executor task 4304
2023-07-07 14:24:56.932 worker_log:602 7403 MainThread [INFO]  Completed executor task 4304
2023-07-07 14:24:56.932 worker_log:613 7403 MainThread [INFO]  All processing finished for executor task 4304
2023-07-07 14:24:56.944 worker_log:584 7403 MainThread [INFO]  Received executor task 4319
2023-07-07 14:25:51.932 worker_log:602 7403 MainThread [INFO]  Completed executor task 4319
2023-07-07 14:25:51.937 worker_log:613 7403 MainThread [INFO]  All processing finished for executor task 4319
2023-07-07 14:25:51.944 worker_log:584 7403 MainThread [INFO]  Received executor task 4343
2023-07-07 14:26:26.068 worker_log:602 7403 MainThread [INFO]  Completed executor task 4343
2023-07-07 14:26:26.083 worker_log:613 7403 MainThread [INFO]  All processing finished for executor task 4343
2023-07-07 14:26:26.094 worker_log:584 7403 MainThread [INFO]  Received executor task 4365
2023-07-07 14:26:57.619 worker_log:602 7403 MainThread [INFO]  Completed executor task 4365
2023-07-07 14:26:57.620 worker_log:613 7403 MainThread [INFO]  All processing finished for executor task 4365
2023-07-07 14:26:57.631 worker_log:584 7403 MainThread [INFO]  Received executor task 4383
2023-07-07 14:27:11.244 worker_log:602 7403 MainThread [INFO]  Completed executor task 4383
2023-07-07 14:27:11.244 worker_log:613 7403 MainThread [INFO]  All processing finished for executor task 4383
2023-07-07 14:27:11.256 worker_log:584 7403 MainThread [INFO]  Received executor task 4392
2023-07-07 14:27:39.882 worker_log:602 7403 MainThread [INFO]  Completed executor task 4392
2023-07-07 14:27:39.883 worker_log:613 7403 MainThread [INFO]  All processing finished for executor task 4392
2023-07-07 14:27:39.894 worker_log:584 7403 MainThread [INFO]  Received executor task 4407
2023-07-07 14:28:08.994 worker_log:602 7403 MainThread [INFO]  Completed executor task 4407
2023-07-07 14:28:08.994 worker_log:613 7403 MainThread [INFO]  All processing finished for executor task 4407
2023-07-07 14:28:09.006 worker_log:584 7403 MainThread [INFO]  Received executor task 4425
2023-07-07 14:28:24.574 worker_log:602 7403 MainThread [INFO]  Completed executor task 4425
2023-07-07 14:28:24.574 worker_log:613 7403 MainThread [INFO]  All processing finished for executor task 4425
2023-07-07 14:28:24.586 worker_log:584 7403 MainThread [INFO]  Received executor task 4433
2023-07-07 14:28:48.660 worker_log:602 7403 MainThread [INFO]  Completed executor task 4433
2023-07-07 14:28:48.660 worker_log:613 7403 MainThread [INFO]  All processing finished for executor task 4433
2023-07-07 14:28:48.671 worker_log:584 7403 MainThread [INFO]  Received executor task 4449
2023-07-07 14:29:27.268 worker_log:602 7403 MainThread [INFO]  Completed executor task 4449
2023-07-07 14:29:27.268 worker_log:613 7403 MainThread [INFO]  All processing finished for executor task 4449
2023-07-07 14:29:27.280 worker_log:584 7403 MainThread [INFO]  Received executor task 4463
2023-07-07 14:30:07.472 worker_log:602 7403 MainThread [INFO]  Completed executor task 4463
2023-07-07 14:30:07.472 worker_log:613 7403 MainThread [INFO]  All processing finished for executor task 4463
2023-07-07 14:30:07.483 worker_log:584 7403 MainThread [INFO]  Received executor task 4479
2023-07-07 14:30:34.897 worker_log:602 7403 MainThread [INFO]  Completed executor task 4479
2023-07-07 14:30:34.897 worker_log:613 7403 MainThread [INFO]  All processing finished for executor task 4479
2023-07-07 14:30:34.908 worker_log:584 7403 MainThread [INFO]  Received executor task 4494
2023-07-07 14:31:10.016 worker_log:602 7403 MainThread [INFO]  Completed executor task 4494
2023-07-07 14:31:10.017 worker_log:613 7403 MainThread [INFO]  All processing finished for executor task 4494
2023-07-07 14:31:10.029 worker_log:584 7403 MainThread [INFO]  Received executor task 4510
2023-07-07 14:31:30.217 worker_log:602 7403 MainThread [INFO]  Completed executor task 4510
2023-07-07 14:31:30.218 worker_log:613 7403 MainThread [INFO]  All processing finished for executor task 4510
2023-07-07 14:31:30.229 worker_log:584 7403 MainThread [INFO]  Received executor task 4522
2023-07-07 14:31:44.922 worker_log:602 7403 MainThread [INFO]  Completed executor task 4522
2023-07-07 14:31:44.932 worker_log:613 7403 MainThread [INFO]  All processing finished for executor task 4522
2023-07-07 14:31:44.934 worker_log:584 7403 MainThread [INFO]  Received executor task 4528
2023-07-07 14:32:19.710 worker_log:602 7403 MainThread [INFO]  Completed executor task 4528
2023-07-07 14:32:19.710 worker_log:613 7403 MainThread [INFO]  All processing finished for executor task 4528
2023-07-07 14:32:19.721 worker_log:584 7403 MainThread [INFO]  Received executor task 4549
2023-07-07 14:32:42.128 worker_log:602 7403 MainThread [INFO]  Completed executor task 4549
2023-07-07 14:32:42.128 worker_log:613 7403 MainThread [INFO]  All processing finished for executor task 4549
2023-07-07 14:32:42.140 worker_log:584 7403 MainThread [INFO]  Received executor task 4561
2023-07-07 14:33:16.311 worker_log:602 7403 MainThread [INFO]  Completed executor task 4561
2023-07-07 14:33:16.312 worker_log:613 7403 MainThread [INFO]  All processing finished for executor task 4561
2023-07-07 14:33:16.325 worker_log:584 7403 MainThread [INFO]  Received executor task 4575
2023-07-07 14:33:25.690 worker_log:602 7403 MainThread [INFO]  Completed executor task 4575
2023-07-07 14:33:25.690 worker_log:613 7403 MainThread [INFO]  All processing finished for executor task 4575
2023-07-07 14:33:25.701 worker_log:584 7403 MainThread [INFO]  Received executor task 4579
2023-07-07 14:34:00.121 worker_log:602 7403 MainThread [INFO]  Completed executor task 4579
2023-07-07 14:34:00.121 worker_log:613 7403 MainThread [INFO]  All processing finished for executor task 4579
2023-07-07 14:34:00.132 worker_log:584 7403 MainThread [INFO]  Received executor task 4601
2023-07-07 14:34:27.366 worker_log:602 7403 MainThread [INFO]  Completed executor task 4601
2023-07-07 14:34:27.367 worker_log:613 7403 MainThread [INFO]  All processing finished for executor task 4601
2023-07-07 14:34:27.368 worker_log:584 7403 MainThread [INFO]  Received executor task 4614
2023-07-07 14:35:04.417 worker_log:602 7403 MainThread [INFO]  Completed executor task 4614
2023-07-07 14:35:04.418 worker_log:613 7403 MainThread [INFO]  All processing finished for executor task 4614
2023-07-07 14:35:04.429 worker_log:584 7403 MainThread [INFO]  Received executor task 4632
2023-07-07 14:35:37.633 worker_log:602 7403 MainThread [INFO]  Completed executor task 4632
2023-07-07 14:35:37.634 worker_log:613 7403 MainThread [INFO]  All processing finished for executor task 4632
2023-07-07 14:35:37.645 worker_log:584 7403 MainThread [INFO]  Received executor task 4655
2023-07-07 14:36:09.469 worker_log:602 7403 MainThread [INFO]  Completed executor task 4655
2023-07-07 14:36:09.469 worker_log:613 7403 MainThread [INFO]  All processing finished for executor task 4655
2023-07-07 14:36:09.481 worker_log:584 7403 MainThread [INFO]  Received executor task 4669
2023-07-07 14:36:58.263 worker_log:602 7403 MainThread [INFO]  Completed executor task 4669
2023-07-07 14:36:58.264 worker_log:613 7403 MainThread [INFO]  All processing finished for executor task 4669
2023-07-07 14:36:58.264 worker_log:584 7403 MainThread [INFO]  Received executor task 4688
2023-07-07 14:37:37.408 worker_log:602 7403 MainThread [INFO]  Completed executor task 4688
2023-07-07 14:37:37.409 worker_log:613 7403 MainThread [INFO]  All processing finished for executor task 4688
2023-07-07 14:37:37.420 worker_log:584 7403 MainThread [INFO]  Received executor task 4703
2023-07-07 14:38:08.184 worker_log:602 7403 MainThread [INFO]  Completed executor task 4703
2023-07-07 14:38:08.184 worker_log:613 7403 MainThread [INFO]  All processing finished for executor task 4703
2023-07-07 14:38:08.196 worker_log:584 7403 MainThread [INFO]  Received executor task 4717
2023-07-07 14:38:47.437 worker_log:602 7403 MainThread [INFO]  Completed executor task 4717
2023-07-07 14:38:47.438 worker_log:613 7403 MainThread [INFO]  All processing finished for executor task 4717
2023-07-07 14:38:47.449 worker_log:584 7403 MainThread [INFO]  Received executor task 4737
2023-07-07 14:39:51.496 worker_log:602 7403 MainThread [INFO]  Completed executor task 4737
2023-07-07 14:39:51.497 worker_log:613 7403 MainThread [INFO]  All processing finished for executor task 4737
2023-07-07 14:39:51.509 worker_log:584 7403 MainThread [INFO]  Received executor task 4766
2023-07-07 14:40:28.913 worker_log:602 7403 MainThread [INFO]  Completed executor task 4766
2023-07-07 14:40:28.914 worker_log:613 7403 MainThread [INFO]  All processing finished for executor task 4766
2023-07-07 14:40:28.925 worker_log:584 7403 MainThread [INFO]  Received executor task 4784
2023-07-07 14:41:01.404 worker_log:602 7403 MainThread [INFO]  Completed executor task 4784
2023-07-07 14:41:01.405 worker_log:613 7403 MainThread [INFO]  All processing finished for executor task 4784
2023-07-07 14:41:01.416 worker_log:584 7403 MainThread [INFO]  Received executor task 4799
2023-07-07 14:41:45.938 worker_log:602 7403 MainThread [INFO]  Completed executor task 4799
2023-07-07 14:41:45.938 worker_log:613 7403 MainThread [INFO]  All processing finished for executor task 4799
2023-07-07 14:41:45.953 worker_log:584 7403 MainThread [INFO]  Received executor task 4820
2023-07-07 14:42:36.216 worker_log:602 7403 MainThread [INFO]  Completed executor task 4820
2023-07-07 14:42:36.216 worker_log:613 7403 MainThread [INFO]  All processing finished for executor task 4820
2023-07-07 14:42:36.227 worker_log:584 7403 MainThread [INFO]  Received executor task 4844
2023-07-07 14:43:04.374 worker_log:602 7403 MainThread [INFO]  Completed executor task 4844
2023-07-07 14:43:04.374 worker_log:613 7403 MainThread [INFO]  All processing finished for executor task 4844
2023-07-07 14:43:04.395 worker_log:584 7403 MainThread [INFO]  Received executor task 4858
2023-07-07 14:43:30.532 worker_log:602 7403 MainThread [INFO]  Completed executor task 4858
2023-07-07 14:43:30.533 worker_log:613 7403 MainThread [INFO]  All processing finished for executor task 4858
2023-07-07 14:43:30.544 worker_log:584 7403 MainThread [INFO]  Received executor task 4872
2023-07-07 14:44:04.917 worker_log:602 7403 MainThread [INFO]  Completed executor task 4872
2023-07-07 14:44:04.918 worker_log:613 7403 MainThread [INFO]  All processing finished for executor task 4872
2023-07-07 14:44:04.929 worker_log:584 7403 MainThread [INFO]  Received executor task 4889
2023-07-07 14:44:39.943 worker_log:602 7403 MainThread [INFO]  Completed executor task 4889
2023-07-07 14:44:39.943 worker_log:613 7403 MainThread [INFO]  All processing finished for executor task 4889
2023-07-07 14:44:39.954 worker_log:584 7403 MainThread [INFO]  Received executor task 4905
2023-07-07 14:45:10.698 worker_log:602 7403 MainThread [INFO]  Completed executor task 4905
2023-07-07 14:45:10.698 worker_log:613 7403 MainThread [INFO]  All processing finished for executor task 4905
2023-07-07 14:45:10.710 worker_log:584 7403 MainThread [INFO]  Received executor task 4918
2023-07-07 14:45:53.258 worker_log:602 7403 MainThread [INFO]  Completed executor task 4918
2023-07-07 14:45:53.258 worker_log:613 7403 MainThread [INFO]  All processing finished for executor task 4918
2023-07-07 14:45:53.269 worker_log:584 7403 MainThread [INFO]  Received executor task 4942
2023-07-07 14:46:27.981 worker_log:602 7403 MainThread [INFO]  Completed executor task 4942
2023-07-07 14:46:27.982 worker_log:613 7403 MainThread [INFO]  All processing finished for executor task 4942
2023-07-07 14:46:27.994 worker_log:584 7403 MainThread [INFO]  Received executor task 4955
2023-07-07 14:46:59.702 worker_log:602 7403 MainThread [INFO]  Completed executor task 4955
2023-07-07 14:46:59.702 worker_log:613 7403 MainThread [INFO]  All processing finished for executor task 4955
2023-07-07 14:46:59.713 worker_log:584 7403 MainThread [INFO]  Received executor task 4971
2023-07-07 14:47:36.529 worker_log:602 7403 MainThread [INFO]  Completed executor task 4971
2023-07-07 14:47:36.529 worker_log:613 7403 MainThread [INFO]  All processing finished for executor task 4971
2023-07-07 14:47:36.541 worker_log:584 7403 MainThread [INFO]  Received executor task 4990
2023-07-07 14:47:50.946 worker_log:602 7403 MainThread [INFO]  Completed executor task 4990
2023-07-07 14:47:50.946 worker_log:613 7403 MainThread [INFO]  All processing finished for executor task 4990
2023-07-07 14:47:50.957 worker_log:584 7403 MainThread [INFO]  Received executor task 4999
2023-07-07 14:48:26.015 worker_log:602 7403 MainThread [INFO]  Completed executor task 4999
2023-07-07 14:48:26.015 worker_log:613 7403 MainThread [INFO]  All processing finished for executor task 4999
2023-07-07 14:48:26.026 worker_log:584 7403 MainThread [INFO]  Received executor task 5016
2023-07-07 14:48:59.733 worker_log:602 7403 MainThread [INFO]  Completed executor task 5016
2023-07-07 14:48:59.734 worker_log:613 7403 MainThread [INFO]  All processing finished for executor task 5016
2023-07-07 14:48:59.745 worker_log:584 7403 MainThread [INFO]  Received executor task 5035
2023-07-07 14:49:23.677 worker_log:602 7403 MainThread [INFO]  Completed executor task 5035
2023-07-07 14:49:23.678 worker_log:613 7403 MainThread [INFO]  All processing finished for executor task 5035
2023-07-07 14:49:23.689 worker_log:584 7403 MainThread [INFO]  Received executor task 5046
2023-07-07 14:49:46.180 worker_log:602 7403 MainThread [INFO]  Completed executor task 5046
2023-07-07 14:49:46.180 worker_log:613 7403 MainThread [INFO]  All processing finished for executor task 5046
2023-07-07 14:49:46.191 worker_log:584 7403 MainThread [INFO]  Received executor task 5055
2023-07-07 14:50:21.153 worker_log:602 7403 MainThread [INFO]  Completed executor task 5055
2023-07-07 14:50:21.166 worker_log:613 7403 MainThread [INFO]  All processing finished for executor task 5055
2023-07-07 14:50:21.166 worker_log:584 7403 MainThread [INFO]  Received executor task 5073
2023-07-07 14:50:57.861 worker_log:602 7403 MainThread [INFO]  Completed executor task 5073
2023-07-07 14:50:57.861 worker_log:613 7403 MainThread [INFO]  All processing finished for executor task 5073
2023-07-07 14:50:57.872 worker_log:584 7403 MainThread [INFO]  Received executor task 5089
2023-07-07 14:51:40.584 worker_log:602 7403 MainThread [INFO]  Completed executor task 5089
2023-07-07 14:51:40.584 worker_log:613 7403 MainThread [INFO]  All processing finished for executor task 5089
2023-07-07 14:51:40.596 worker_log:584 7403 MainThread [INFO]  Received executor task 5108
2023-07-07 14:52:19.228 worker_log:602 7403 MainThread [INFO]  Completed executor task 5108
2023-07-07 14:52:19.229 worker_log:613 7403 MainThread [INFO]  All processing finished for executor task 5108
2023-07-07 14:52:19.240 worker_log:584 7403 MainThread [INFO]  Received executor task 5126
2023-07-07 14:53:09.334 worker_log:602 7403 MainThread [INFO]  Completed executor task 5126
2023-07-07 14:53:09.334 worker_log:613 7403 MainThread [INFO]  All processing finished for executor task 5126
2023-07-07 14:53:09.345 worker_log:584 7403 MainThread [INFO]  Received executor task 5148
2023-07-07 14:53:45.649 worker_log:602 7403 MainThread [INFO]  Completed executor task 5148
2023-07-07 14:53:45.649 worker_log:613 7403 MainThread [INFO]  All processing finished for executor task 5148
2023-07-07 14:53:45.660 worker_log:584 7403 MainThread [INFO]  Received executor task 5169
2023-07-07 14:54:14.356 worker_log:602 7403 MainThread [INFO]  Completed executor task 5169
2023-07-07 14:54:14.357 worker_log:613 7403 MainThread [INFO]  All processing finished for executor task 5169
2023-07-07 14:54:14.368 worker_log:584 7403 MainThread [INFO]  Received executor task 5182
2023-07-07 14:54:58.179 worker_log:602 7403 MainThread [INFO]  Completed executor task 5182
2023-07-07 14:54:58.180 worker_log:613 7403 MainThread [INFO]  All processing finished for executor task 5182
2023-07-07 14:54:58.191 worker_log:584 7403 MainThread [INFO]  Received executor task 5211
2023-07-07 14:55:16.170 worker_log:602 7403 MainThread [INFO]  Completed executor task 5211
2023-07-07 14:55:16.170 worker_log:613 7403 MainThread [INFO]  All processing finished for executor task 5211
2023-07-07 14:55:16.181 worker_log:584 7403 MainThread [INFO]  Received executor task 5219
2023-07-07 14:55:28.128 worker_log:602 7403 MainThread [INFO]  Completed executor task 5219
2023-07-07 14:55:28.129 worker_log:613 7403 MainThread [INFO]  All processing finished for executor task 5219
2023-07-07 14:55:28.140 worker_log:584 7403 MainThread [INFO]  Received executor task 5230
2023-07-07 14:56:08.160 worker_log:602 7403 MainThread [INFO]  Completed executor task 5230
2023-07-07 14:56:08.160 worker_log:613 7403 MainThread [INFO]  All processing finished for executor task 5230
2023-07-07 14:56:08.171 worker_log:584 7403 MainThread [INFO]  Received executor task 5249
2023-07-07 14:56:54.163 worker_log:602 7403 MainThread [INFO]  Completed executor task 5249
2023-07-07 14:56:54.163 worker_log:613 7403 MainThread [INFO]  All processing finished for executor task 5249
2023-07-07 14:56:54.178 worker_log:584 7403 MainThread [INFO]  Received executor task 5266
2023-07-07 14:57:44.124 worker_log:602 7403 MainThread [INFO]  Completed executor task 5266
2023-07-07 14:57:44.125 worker_log:613 7403 MainThread [INFO]  All processing finished for executor task 5266
2023-07-07 14:57:44.137 worker_log:584 7403 MainThread [INFO]  Received executor task 5281
2023-07-07 14:58:15.504 worker_log:602 7403 MainThread [INFO]  Completed executor task 5281
2023-07-07 14:58:15.504 worker_log:613 7403 MainThread [INFO]  All processing finished for executor task 5281
2023-07-07 14:58:15.515 worker_log:584 7403 MainThread [INFO]  Received executor task 5294
2023-07-07 14:59:07.593 worker_log:602 7403 MainThread [INFO]  Completed executor task 5294
2023-07-07 14:59:07.594 worker_log:613 7403 MainThread [INFO]  All processing finished for executor task 5294
2023-07-07 14:59:07.606 worker_log:584 7403 MainThread [INFO]  Received executor task 5318
2023-07-07 14:59:28.142 worker_log:602 7403 MainThread [INFO]  Completed executor task 5318
2023-07-07 14:59:28.143 worker_log:613 7403 MainThread [INFO]  All processing finished for executor task 5318
2023-07-07 14:59:28.143 worker_log:584 7403 MainThread [INFO]  Received executor task 5328
2023-07-07 15:00:00.647 worker_log:602 7403 MainThread [INFO]  Completed executor task 5328
2023-07-07 15:00:00.647 worker_log:613 7403 MainThread [INFO]  All processing finished for executor task 5328
2023-07-07 15:00:00.658 worker_log:584 7403 MainThread [INFO]  Received executor task 5343
2023-07-07 15:00:25.469 worker_log:602 7403 MainThread [INFO]  Completed executor task 5343
2023-07-07 15:00:25.480 worker_log:613 7403 MainThread [INFO]  All processing finished for executor task 5343
2023-07-07 15:00:25.481 worker_log:584 7403 MainThread [INFO]  Received executor task 5354
2023-07-07 15:00:39.245 worker_log:602 7403 MainThread [INFO]  Completed executor task 5354
2023-07-07 15:00:39.245 worker_log:613 7403 MainThread [INFO]  All processing finished for executor task 5354
2023-07-07 15:00:39.256 worker_log:584 7403 MainThread [INFO]  Received executor task 5364
2023-07-07 15:01:06.121 worker_log:602 7403 MainThread [INFO]  Completed executor task 5364
2023-07-07 15:01:06.122 worker_log:613 7403 MainThread [INFO]  All processing finished for executor task 5364
2023-07-07 15:01:06.134 worker_log:584 7403 MainThread [INFO]  Received executor task 5375
2023-07-07 15:01:59.467 worker_log:602 7403 MainThread [INFO]  Completed executor task 5375
2023-07-07 15:01:59.467 worker_log:613 7403 MainThread [INFO]  All processing finished for executor task 5375
2023-07-07 15:01:59.479 worker_log:584 7403 MainThread [INFO]  Received executor task 5398
2023-07-07 15:02:58.312 worker_log:602 7403 MainThread [INFO]  Completed executor task 5398
2023-07-07 15:02:58.312 worker_log:613 7403 MainThread [INFO]  All processing finished for executor task 5398
2023-07-07 15:02:58.323 worker_log:584 7403 MainThread [INFO]  Received executor task 5425
2023-07-07 15:03:31.464 worker_log:602 7403 MainThread [INFO]  Completed executor task 5425
2023-07-07 15:03:31.464 worker_log:613 7403 MainThread [INFO]  All processing finished for executor task 5425
2023-07-07 15:03:31.476 worker_log:584 7403 MainThread [INFO]  Received executor task 5441
2023-07-07 15:04:01.872 worker_log:602 7403 MainThread [INFO]  Completed executor task 5441
2023-07-07 15:04:01.874 worker_log:613 7403 MainThread [INFO]  All processing finished for executor task 5441
2023-07-07 15:04:01.874 worker_log:584 7403 MainThread [INFO]  Received executor task 5458
2023-07-07 15:04:50.752 worker_log:602 7403 MainThread [INFO]  Completed executor task 5458
2023-07-07 15:04:50.753 worker_log:613 7403 MainThread [INFO]  All processing finished for executor task 5458
2023-07-07 15:04:50.773 worker_log:584 7403 MainThread [INFO]  Received executor task 5484
2023-07-07 15:04:57.847 worker_log:602 7403 MainThread [INFO]  Completed executor task 5484
2023-07-07 15:04:57.848 worker_log:613 7403 MainThread [INFO]  All processing finished for executor task 5484
2023-07-07 15:04:57.859 worker_log:584 7403 MainThread [INFO]  Received executor task 5486
2023-07-07 15:05:25.962 worker_log:602 7403 MainThread [INFO]  Completed executor task 5486
2023-07-07 15:05:25.962 worker_log:613 7403 MainThread [INFO]  All processing finished for executor task 5486
2023-07-07 15:05:25.974 worker_log:584 7403 MainThread [INFO]  Received executor task 5497
2023-07-07 15:05:52.177 worker_log:602 7403 MainThread [INFO]  Completed executor task 5497
2023-07-07 15:05:52.177 worker_log:613 7403 MainThread [INFO]  All processing finished for executor task 5497
2023-07-07 15:05:52.189 worker_log:584 7403 MainThread [INFO]  Received executor task 5508
2023-07-07 15:06:06.507 worker_log:602 7403 MainThread [INFO]  Completed executor task 5508
2023-07-07 15:06:06.507 worker_log:613 7403 MainThread [INFO]  All processing finished for executor task 5508
2023-07-07 15:06:06.518 worker_log:584 7403 MainThread [INFO]  Received executor task 5518
2023-07-07 15:06:40.533 worker_log:602 7403 MainThread [INFO]  Completed executor task 5518
2023-07-07 15:06:40.535 worker_log:613 7403 MainThread [INFO]  All processing finished for executor task 5518
2023-07-07 15:06:40.546 worker_log:584 7403 MainThread [INFO]  Received executor task 5535
2023-07-07 15:07:02.692 worker_log:602 7403 MainThread [INFO]  Completed executor task 5535
2023-07-07 15:07:02.693 worker_log:613 7403 MainThread [INFO]  All processing finished for executor task 5535
2023-07-07 15:07:02.704 worker_log:584 7403 MainThread [INFO]  Received executor task 5544
2023-07-07 15:08:07.766 worker_log:602 7403 MainThread [INFO]  Completed executor task 5544
2023-07-07 15:08:07.767 worker_log:613 7403 MainThread [INFO]  All processing finished for executor task 5544
2023-07-07 15:08:07.778 worker_log:584 7403 MainThread [INFO]  Received executor task 5573
2023-07-07 15:08:32.238 worker_log:602 7403 MainThread [INFO]  Completed executor task 5573
2023-07-07 15:08:32.238 worker_log:613 7403 MainThread [INFO]  All processing finished for executor task 5573
2023-07-07 15:08:32.249 worker_log:584 7403 MainThread [INFO]  Received executor task 5582
2023-07-07 15:08:52.390 worker_log:602 7403 MainThread [INFO]  Completed executor task 5582
2023-07-07 15:08:52.391 worker_log:613 7403 MainThread [INFO]  All processing finished for executor task 5582
2023-07-07 15:08:52.402 worker_log:584 7403 MainThread [INFO]  Received executor task 5593
2023-07-07 15:10:04.587 worker_log:602 7403 MainThread [INFO]  Completed executor task 5593
2023-07-07 15:10:04.587 worker_log:613 7403 MainThread [INFO]  All processing finished for executor task 5593
2023-07-07 15:10:04.598 worker_log:584 7403 MainThread [INFO]  Received executor task 5625
2023-07-07 15:10:36.328 worker_log:602 7403 MainThread [INFO]  Completed executor task 5625
2023-07-07 15:10:36.329 worker_log:613 7403 MainThread [INFO]  All processing finished for executor task 5625
2023-07-07 15:10:36.340 worker_log:584 7403 MainThread [INFO]  Received executor task 5644
2023-07-07 15:11:06.304 worker_log:602 7403 MainThread [INFO]  Completed executor task 5644
2023-07-07 15:11:06.305 worker_log:613 7403 MainThread [INFO]  All processing finished for executor task 5644
2023-07-07 15:11:06.316 worker_log:584 7403 MainThread [INFO]  Received executor task 5657
2023-07-07 15:11:40.021 worker_log:602 7403 MainThread [INFO]  Completed executor task 5657
2023-07-07 15:11:40.024 worker_log:613 7403 MainThread [INFO]  All processing finished for executor task 5657
2023-07-07 15:11:40.024 worker_log:584 7403 MainThread [INFO]  Received executor task 5670
2023-07-07 15:12:18.220 worker_log:602 7403 MainThread [INFO]  Completed executor task 5670
2023-07-07 15:12:18.220 worker_log:613 7403 MainThread [INFO]  All processing finished for executor task 5670
2023-07-07 15:12:18.231 worker_log:584 7403 MainThread [INFO]  Received executor task 5691
2023-07-07 15:13:02.249 worker_log:602 7403 MainThread [INFO]  Completed executor task 5691
2023-07-07 15:13:02.259 worker_log:613 7403 MainThread [INFO]  All processing finished for executor task 5691
2023-07-07 15:13:02.260 worker_log:584 7403 MainThread [INFO]  Received executor task 5712
2023-07-07 15:13:31.625 worker_log:602 7403 MainThread [INFO]  Completed executor task 5712
2023-07-07 15:13:31.638 worker_log:613 7403 MainThread [INFO]  All processing finished for executor task 5712
2023-07-07 15:13:31.638 worker_log:584 7403 MainThread [INFO]  Received executor task 5731
2023-07-07 15:14:08.666 worker_log:602 7403 MainThread [INFO]  Completed executor task 5731
2023-07-07 15:14:08.667 worker_log:613 7403 MainThread [INFO]  All processing finished for executor task 5731
2023-07-07 15:14:08.667 worker_log:584 7403 MainThread [INFO]  Received executor task 5746
2023-07-07 15:14:58.160 worker_log:602 7403 MainThread [INFO]  Completed executor task 5746
2023-07-07 15:14:58.161 worker_log:613 7403 MainThread [INFO]  All processing finished for executor task 5746
2023-07-07 15:14:58.172 worker_log:584 7403 MainThread [INFO]  Received executor task 5769
2023-07-07 15:15:29.413 worker_log:602 7403 MainThread [INFO]  Completed executor task 5769
2023-07-07 15:15:29.413 worker_log:613 7403 MainThread [INFO]  All processing finished for executor task 5769
2023-07-07 15:15:29.424 worker_log:584 7403 MainThread [INFO]  Received executor task 5784
2023-07-07 15:16:30.281 worker_log:602 7403 MainThread [INFO]  Completed executor task 5784
2023-07-07 15:16:30.281 worker_log:613 7403 MainThread [INFO]  All processing finished for executor task 5784
2023-07-07 15:16:30.292 worker_log:584 7403 MainThread [INFO]  Received executor task 5812
2023-07-07 15:16:58.097 worker_log:602 7403 MainThread [INFO]  Completed executor task 5812
2023-07-07 15:16:58.098 worker_log:613 7403 MainThread [INFO]  All processing finished for executor task 5812
2023-07-07 15:16:58.109 worker_log:584 7403 MainThread [INFO]  Received executor task 5832
2023-07-07 15:17:51.220 worker_log:602 7403 MainThread [INFO]  Completed executor task 5832
2023-07-07 15:17:51.220 worker_log:613 7403 MainThread [INFO]  All processing finished for executor task 5832
2023-07-07 15:17:51.231 worker_log:584 7403 MainThread [INFO]  Received executor task 5863
2023-07-07 15:18:40.795 worker_log:602 7403 MainThread [INFO]  Completed executor task 5863
2023-07-07 15:18:40.804 worker_log:613 7403 MainThread [INFO]  All processing finished for executor task 5863
2023-07-07 15:18:40.807 worker_log:584 7403 MainThread [INFO]  Received executor task 5878
2023-07-07 15:19:41.777 worker_log:602 7403 MainThread [INFO]  Completed executor task 5878
2023-07-07 15:19:41.777 worker_log:613 7403 MainThread [INFO]  All processing finished for executor task 5878
2023-07-07 15:19:41.790 worker_log:584 7403 MainThread [INFO]  Received executor task 5907
2023-07-07 15:19:57.150 worker_log:602 7403 MainThread [INFO]  Completed executor task 5907
2023-07-07 15:19:57.150 worker_log:613 7403 MainThread [INFO]  All processing finished for executor task 5907
2023-07-07 15:19:57.163 worker_log:584 7403 MainThread [INFO]  Received executor task 5916
2023-07-07 15:20:37.814 worker_log:602 7403 MainThread [INFO]  Completed executor task 5916
2023-07-07 15:20:37.814 worker_log:613 7403 MainThread [INFO]  All processing finished for executor task 5916
2023-07-07 15:20:37.826 worker_log:584 7403 MainThread [INFO]  Received executor task 5938
2023-07-07 15:21:01.265 worker_log:602 7403 MainThread [INFO]  Completed executor task 5938
2023-07-07 15:21:01.265 worker_log:613 7403 MainThread [INFO]  All processing finished for executor task 5938
2023-07-07 15:21:01.278 worker_log:584 7403 MainThread [INFO]  Received executor task 5954
2023-07-07 15:21:26.095 worker_log:602 7403 MainThread [INFO]  Completed executor task 5954
2023-07-07 15:21:26.095 worker_log:613 7403 MainThread [INFO]  All processing finished for executor task 5954
2023-07-07 15:21:26.106 worker_log:584 7403 MainThread [INFO]  Received executor task 5963
2023-07-07 15:21:49.296 worker_log:602 7403 MainThread [INFO]  Completed executor task 5963
2023-07-07 15:21:49.297 worker_log:613 7403 MainThread [INFO]  All processing finished for executor task 5963
2023-07-07 15:21:49.308 worker_log:584 7403 MainThread [INFO]  Received executor task 5972
2023-07-07 15:22:18.999 worker_log:602 7403 MainThread [INFO]  Completed executor task 5972
2023-07-07 15:22:18.999 worker_log:613 7403 MainThread [INFO]  All processing finished for executor task 5972
2023-07-07 15:22:19.011 worker_log:584 7403 MainThread [INFO]  Received executor task 5989
2023-07-07 15:22:31.965 worker_log:602 7403 MainThread [INFO]  Completed executor task 5989
2023-07-07 15:22:31.978 worker_log:613 7403 MainThread [INFO]  All processing finished for executor task 5989
2023-07-07 15:22:31.989 worker_log:584 7403 MainThread [INFO]  Received executor task 5994
2023-07-07 15:22:50.426 worker_log:602 7403 MainThread [INFO]  Completed executor task 5994
2023-07-07 15:22:50.426 worker_log:613 7403 MainThread [INFO]  All processing finished for executor task 5994
2023-07-07 15:22:50.437 worker_log:584 7403 MainThread [INFO]  Received executor task 6004
2023-07-07 15:23:14.667 worker_log:602 7403 MainThread [INFO]  Completed executor task 6004
2023-07-07 15:23:14.667 worker_log:613 7403 MainThread [INFO]  All processing finished for executor task 6004
2023-07-07 15:23:14.682 worker_log:584 7403 MainThread [INFO]  Received executor task 6020
2023-07-07 15:23:28.377 worker_log:602 7403 MainThread [INFO]  Completed executor task 6020
2023-07-07 15:23:28.378 worker_log:613 7403 MainThread [INFO]  All processing finished for executor task 6020
2023-07-07 15:23:28.398 worker_log:584 7403 MainThread [INFO]  Received executor task 6025
2023-07-07 15:24:06.185 worker_log:602 7403 MainThread [INFO]  Completed executor task 6025
2023-07-07 15:24:06.186 worker_log:613 7403 MainThread [INFO]  All processing finished for executor task 6025
2023-07-07 15:24:06.207 worker_log:584 7403 MainThread [INFO]  Received executor task 6045
2023-07-07 15:24:37.517 worker_log:602 7403 MainThread [INFO]  Completed executor task 6045
2023-07-07 15:24:37.517 worker_log:613 7403 MainThread [INFO]  All processing finished for executor task 6045
2023-07-07 15:24:37.529 worker_log:584 7403 MainThread [INFO]  Received executor task 6061
2023-07-07 15:24:59.213 worker_log:602 7403 MainThread [INFO]  Completed executor task 6061
2023-07-07 15:24:59.213 worker_log:613 7403 MainThread [INFO]  All processing finished for executor task 6061
2023-07-07 15:24:59.214 worker_log:584 7403 MainThread [INFO]  Received executor task 6077
2023-07-07 15:25:53.619 worker_log:602 7403 MainThread [INFO]  Completed executor task 6077
2023-07-07 15:25:53.619 worker_log:613 7403 MainThread [INFO]  All processing finished for executor task 6077
2023-07-07 15:25:53.631 worker_log:584 7403 MainThread [INFO]  Received executor task 6103
2023-07-07 15:26:24.651 worker_log:602 7403 MainThread [INFO]  Completed executor task 6103
2023-07-07 15:26:24.652 worker_log:613 7403 MainThread [INFO]  All processing finished for executor task 6103
2023-07-07 15:26:24.663 worker_log:584 7403 MainThread [INFO]  Received executor task 6124
2023-07-07 15:26:53.940 worker_log:602 7403 MainThread [INFO]  Completed executor task 6124
2023-07-07 15:26:53.940 worker_log:613 7403 MainThread [INFO]  All processing finished for executor task 6124
2023-07-07 15:26:53.952 worker_log:584 7403 MainThread [INFO]  Received executor task 6139
2023-07-07 15:27:29.198 worker_log:602 7403 MainThread [INFO]  Completed executor task 6139
2023-07-07 15:27:29.198 worker_log:613 7403 MainThread [INFO]  All processing finished for executor task 6139
2023-07-07 15:27:29.209 worker_log:584 7403 MainThread [INFO]  Received executor task 6151
2023-07-07 15:27:58.577 worker_log:602 7403 MainThread [INFO]  Completed executor task 6151
2023-07-07 15:27:58.578 worker_log:613 7403 MainThread [INFO]  All processing finished for executor task 6151
2023-07-07 15:27:58.589 worker_log:584 7403 MainThread [INFO]  Received executor task 6170
2023-07-07 15:28:24.431 worker_log:602 7403 MainThread [INFO]  Completed executor task 6170
2023-07-07 15:28:24.432 worker_log:613 7403 MainThread [INFO]  All processing finished for executor task 6170
2023-07-07 15:28:24.444 worker_log:584 7403 MainThread [INFO]  Received executor task 6188
2023-07-07 15:28:42.338 worker_log:602 7403 MainThread [INFO]  Completed executor task 6188
2023-07-07 15:28:42.338 worker_log:613 7403 MainThread [INFO]  All processing finished for executor task 6188
2023-07-07 15:28:42.350 worker_log:584 7403 MainThread [INFO]  Received executor task 6198
2023-07-07 15:28:52.269 worker_log:602 7403 MainThread [INFO]  Completed executor task 6198
2023-07-07 15:28:52.270 worker_log:613 7403 MainThread [INFO]  All processing finished for executor task 6198
2023-07-07 15:28:52.281 worker_log:584 7403 MainThread [INFO]  Received executor task 6204
2023-07-07 15:29:18.086 worker_log:602 7403 MainThread [INFO]  Completed executor task 6204
2023-07-07 15:29:18.087 worker_log:613 7403 MainThread [INFO]  All processing finished for executor task 6204
2023-07-07 15:29:18.098 worker_log:584 7403 MainThread [INFO]  Received executor task 6218
2023-07-07 15:29:57.992 worker_log:602 7403 MainThread [INFO]  Completed executor task 6218
2023-07-07 15:29:57.993 worker_log:613 7403 MainThread [INFO]  All processing finished for executor task 6218
2023-07-07 15:29:58.004 worker_log:584 7403 MainThread [INFO]  Received executor task 6237
2023-07-07 15:30:46.656 worker_log:602 7403 MainThread [INFO]  Completed executor task 6237
2023-07-07 15:30:46.657 worker_log:613 7403 MainThread [INFO]  All processing finished for executor task 6237
2023-07-07 15:30:46.668 worker_log:584 7403 MainThread [INFO]  Received executor task 6266
2023-07-07 15:31:16.015 worker_log:602 7403 MainThread [INFO]  Completed executor task 6266
2023-07-07 15:31:16.015 worker_log:613 7403 MainThread [INFO]  All processing finished for executor task 6266
2023-07-07 15:31:16.026 worker_log:584 7403 MainThread [INFO]  Received executor task 6284
2023-07-07 15:31:38.837 worker_log:602 7403 MainThread [INFO]  Completed executor task 6284
2023-07-07 15:31:38.838 worker_log:613 7403 MainThread [INFO]  All processing finished for executor task 6284
2023-07-07 15:31:38.849 worker_log:584 7403 MainThread [INFO]  Received executor task 6297
2023-07-07 15:32:02.801 worker_log:602 7403 MainThread [INFO]  Completed executor task 6297
2023-07-07 15:32:02.802 worker_log:613 7403 MainThread [INFO]  All processing finished for executor task 6297
2023-07-07 15:32:02.813 worker_log:584 7403 MainThread [INFO]  Received executor task 6309
2023-07-07 15:32:27.464 worker_log:602 7403 MainThread [INFO]  Completed executor task 6309
2023-07-07 15:32:27.464 worker_log:613 7403 MainThread [INFO]  All processing finished for executor task 6309
2023-07-07 15:32:27.475 worker_log:584 7403 MainThread [INFO]  Received executor task 6321
2023-07-07 15:33:03.341 worker_log:602 7403 MainThread [INFO]  Completed executor task 6321
2023-07-07 15:33:03.342 worker_log:613 7403 MainThread [INFO]  All processing finished for executor task 6321
2023-07-07 15:33:03.353 worker_log:584 7403 MainThread [INFO]  Received executor task 6335
2023-07-07 15:33:37.775 worker_log:602 7403 MainThread [INFO]  Completed executor task 6335
2023-07-07 15:33:37.775 worker_log:613 7403 MainThread [INFO]  All processing finished for executor task 6335
2023-07-07 15:33:37.787 worker_log:584 7403 MainThread [INFO]  Received executor task 6355
2023-07-07 15:34:21.532 worker_log:602 7403 MainThread [INFO]  Completed executor task 6355
2023-07-07 15:34:21.532 worker_log:613 7403 MainThread [INFO]  All processing finished for executor task 6355
2023-07-07 15:34:21.543 worker_log:584 7403 MainThread [INFO]  Received executor task 6377
2023-07-07 15:35:34.748 worker_log:602 7403 MainThread [INFO]  Completed executor task 6377
2023-07-07 15:35:34.749 worker_log:613 7403 MainThread [INFO]  All processing finished for executor task 6377
2023-07-07 15:35:34.760 worker_log:584 7403 MainThread [INFO]  Received executor task 6408
2023-07-07 15:35:51.437 worker_log:602 7403 MainThread [INFO]  Completed executor task 6408
2023-07-07 15:35:51.437 worker_log:613 7403 MainThread [INFO]  All processing finished for executor task 6408
2023-07-07 15:35:51.448 worker_log:584 7403 MainThread [INFO]  Received executor task 6420
2023-07-07 15:36:50.822 worker_log:602 7403 MainThread [INFO]  Completed executor task 6420
2023-07-07 15:36:50.823 worker_log:613 7403 MainThread [INFO]  All processing finished for executor task 6420
2023-07-07 15:36:50.834 worker_log:584 7403 MainThread [INFO]  Received executor task 6441
2023-07-07 15:37:34.988 worker_log:602 7403 MainThread [INFO]  Completed executor task 6441
2023-07-07 15:37:34.988 worker_log:613 7403 MainThread [INFO]  All processing finished for executor task 6441
2023-07-07 15:37:34.999 worker_log:584 7403 MainThread [INFO]  Received executor task 6464
2023-07-07 15:37:57.619 worker_log:602 7403 MainThread [INFO]  Completed executor task 6464
2023-07-07 15:37:57.619 worker_log:613 7403 MainThread [INFO]  All processing finished for executor task 6464
2023-07-07 15:37:57.630 worker_log:584 7403 MainThread [INFO]  Received executor task 6474
2023-07-07 15:38:34.816 worker_log:602 7403 MainThread [INFO]  Completed executor task 6474
2023-07-07 15:38:34.817 worker_log:613 7403 MainThread [INFO]  All processing finished for executor task 6474
2023-07-07 15:38:34.829 worker_log:584 7403 MainThread [INFO]  Received executor task 6492
2023-07-07 15:39:13.264 worker_log:602 7403 MainThread [INFO]  Completed executor task 6492
2023-07-07 15:39:13.265 worker_log:613 7403 MainThread [INFO]  All processing finished for executor task 6492
2023-07-07 15:39:13.277 worker_log:584 7403 MainThread [INFO]  Received executor task 6509
2023-07-07 15:39:29.471 worker_log:602 7403 MainThread [INFO]  Completed executor task 6509
2023-07-07 15:39:29.472 worker_log:613 7403 MainThread [INFO]  All processing finished for executor task 6509
2023-07-07 15:39:29.483 worker_log:584 7403 MainThread [INFO]  Received executor task 6518
2023-07-07 15:40:24.425 worker_log:602 7403 MainThread [INFO]  Completed executor task 6518
2023-07-07 15:40:24.425 worker_log:613 7403 MainThread [INFO]  All processing finished for executor task 6518
2023-07-07 15:40:24.436 worker_log:584 7403 MainThread [INFO]  Received executor task 6542
2023-07-07 15:40:36.042 worker_log:602 7403 MainThread [INFO]  Completed executor task 6542
2023-07-07 15:40:36.043 worker_log:613 7403 MainThread [INFO]  All processing finished for executor task 6542
2023-07-07 15:40:36.054 worker_log:584 7403 MainThread [INFO]  Received executor task 6550
2023-07-07 15:41:06.139 worker_log:602 7403 MainThread [INFO]  Completed executor task 6550
2023-07-07 15:41:06.139 worker_log:613 7403 MainThread [INFO]  All processing finished for executor task 6550
2023-07-07 15:41:06.153 worker_log:584 7403 MainThread [INFO]  Received executor task 6561
2023-07-07 15:41:25.055 worker_log:602 7403 MainThread [INFO]  Completed executor task 6561
2023-07-07 15:41:25.055 worker_log:613 7403 MainThread [INFO]  All processing finished for executor task 6561
2023-07-07 15:41:25.067 worker_log:584 7403 MainThread [INFO]  Received executor task 6573
2023-07-07 15:41:43.864 worker_log:602 7403 MainThread [INFO]  Completed executor task 6573
2023-07-07 15:41:43.864 worker_log:613 7403 MainThread [INFO]  All processing finished for executor task 6573
2023-07-07 15:41:43.876 worker_log:584 7403 MainThread [INFO]  Received executor task 6583
2023-07-07 15:42:12.457 worker_log:602 7403 MainThread [INFO]  Completed executor task 6583
2023-07-07 15:42:12.457 worker_log:613 7403 MainThread [INFO]  All processing finished for executor task 6583
2023-07-07 15:42:12.469 worker_log:584 7403 MainThread [INFO]  Received executor task 6600
2023-07-07 15:42:59.922 worker_log:602 7403 MainThread [INFO]  Completed executor task 6600
2023-07-07 15:42:59.923 worker_log:613 7403 MainThread [INFO]  All processing finished for executor task 6600
2023-07-07 15:42:59.934 worker_log:584 7403 MainThread [INFO]  Received executor task 6625
2023-07-07 15:43:17.511 worker_log:602 7403 MainThread [INFO]  Completed executor task 6625
2023-07-07 15:43:17.512 worker_log:613 7403 MainThread [INFO]  All processing finished for executor task 6625
2023-07-07 15:43:17.523 worker_log:584 7403 MainThread [INFO]  Received executor task 6637
2023-07-07 15:43:46.318 worker_log:602 7403 MainThread [INFO]  Completed executor task 6637
2023-07-07 15:43:46.319 worker_log:613 7403 MainThread [INFO]  All processing finished for executor task 6637
2023-07-07 15:43:46.330 worker_log:584 7403 MainThread [INFO]  Received executor task 6651
2023-07-07 15:44:08.542 worker_log:602 7403 MainThread [INFO]  Completed executor task 6651
2023-07-07 15:44:08.543 worker_log:613 7403 MainThread [INFO]  All processing finished for executor task 6651
2023-07-07 15:44:08.554 worker_log:584 7403 MainThread [INFO]  Received executor task 6664
2023-07-07 15:44:23.100 worker_log:602 7403 MainThread [INFO]  Completed executor task 6664
2023-07-07 15:44:23.100 worker_log:613 7403 MainThread [INFO]  All processing finished for executor task 6664
2023-07-07 15:44:23.112 worker_log:584 7403 MainThread [INFO]  Received executor task 6671
2023-07-07 15:45:09.114 worker_log:602 7403 MainThread [INFO]  Completed executor task 6671
2023-07-07 15:45:09.114 worker_log:613 7403 MainThread [INFO]  All processing finished for executor task 6671
2023-07-07 15:45:09.126 worker_log:584 7403 MainThread [INFO]  Received executor task 6690
2023-07-07 15:45:35.477 worker_log:602 7403 MainThread [INFO]  Completed executor task 6690
2023-07-07 15:45:35.477 worker_log:613 7403 MainThread [INFO]  All processing finished for executor task 6690
2023-07-07 15:45:35.488 worker_log:584 7403 MainThread [INFO]  Received executor task 6702
2023-07-07 15:46:36.348 worker_log:602 7403 MainThread [INFO]  Completed executor task 6702
2023-07-07 15:46:36.349 worker_log:613 7403 MainThread [INFO]  All processing finished for executor task 6702
2023-07-07 15:46:36.360 worker_log:584 7403 MainThread [INFO]  Received executor task 6731
2023-07-07 15:46:48.748 worker_log:602 7403 MainThread [INFO]  Completed executor task 6731
2023-07-07 15:46:48.748 worker_log:613 7403 MainThread [INFO]  All processing finished for executor task 6731
2023-07-07 15:46:48.759 worker_log:584 7403 MainThread [INFO]  Received executor task 6737
2023-07-07 15:47:16.813 worker_log:602 7403 MainThread [INFO]  Completed executor task 6737
2023-07-07 15:47:16.814 worker_log:613 7403 MainThread [INFO]  All processing finished for executor task 6737
2023-07-07 15:47:16.825 worker_log:584 7403 MainThread [INFO]  Received executor task 6752
2023-07-07 15:47:49.346 worker_log:602 7403 MainThread [INFO]  Completed executor task 6752
2023-07-07 15:47:49.359 worker_log:613 7403 MainThread [INFO]  All processing finished for executor task 6752
2023-07-07 15:47:49.359 worker_log:584 7403 MainThread [INFO]  Received executor task 6771
2023-07-07 15:48:03.378 worker_log:602 7403 MainThread [INFO]  Completed executor task 6771
2023-07-07 15:48:03.379 worker_log:613 7403 MainThread [INFO]  All processing finished for executor task 6771
2023-07-07 15:48:03.391 worker_log:584 7403 MainThread [INFO]  Received executor task 6781
2023-07-07 15:48:30.664 worker_log:602 7403 MainThread [INFO]  Completed executor task 6781
2023-07-07 15:48:30.665 worker_log:613 7403 MainThread [INFO]  All processing finished for executor task 6781
2023-07-07 15:48:30.676 worker_log:584 7403 MainThread [INFO]  Received executor task 6791
2023-07-07 15:48:49.818 worker_log:602 7403 MainThread [INFO]  Completed executor task 6791
2023-07-07 15:48:49.818 worker_log:613 7403 MainThread [INFO]  All processing finished for executor task 6791
2023-07-07 15:48:49.829 worker_log:584 7403 MainThread [INFO]  Received executor task 6804
2023-07-07 15:49:09.249 worker_log:602 7403 MainThread [INFO]  Completed executor task 6804
2023-07-07 15:49:09.249 worker_log:613 7403 MainThread [INFO]  All processing finished for executor task 6804
2023-07-07 15:49:09.261 worker_log:584 7403 MainThread [INFO]  Received executor task 6817
2023-07-07 15:49:26.685 worker_log:602 7403 MainThread [INFO]  Completed executor task 6817
2023-07-07 15:49:26.686 worker_log:613 7403 MainThread [INFO]  All processing finished for executor task 6817
2023-07-07 15:49:26.697 worker_log:584 7403 MainThread [INFO]  Received executor task 6830
2023-07-07 15:49:59.968 worker_log:602 7403 MainThread [INFO]  Completed executor task 6830
2023-07-07 15:49:59.969 worker_log:613 7403 MainThread [INFO]  All processing finished for executor task 6830
2023-07-07 15:49:59.981 worker_log:584 7403 MainThread [INFO]  Received executor task 6847
2023-07-07 15:50:29.240 worker_log:602 7403 MainThread [INFO]  Completed executor task 6847
2023-07-07 15:50:29.242 worker_log:613 7403 MainThread [INFO]  All processing finished for executor task 6847
2023-07-07 15:50:29.253 worker_log:584 7403 MainThread [INFO]  Received executor task 6864
2023-07-07 15:50:43.184 worker_log:602 7403 MainThread [INFO]  Completed executor task 6864
2023-07-07 15:50:43.185 worker_log:613 7403 MainThread [INFO]  All processing finished for executor task 6864
2023-07-07 15:50:43.196 worker_log:584 7403 MainThread [INFO]  Received executor task 6869
2023-07-07 15:51:17.116 worker_log:602 7403 MainThread [INFO]  Completed executor task 6869
2023-07-07 15:51:17.116 worker_log:613 7403 MainThread [INFO]  All processing finished for executor task 6869
2023-07-07 15:51:17.128 worker_log:584 7403 MainThread [INFO]  Received executor task 6888
2023-07-07 15:51:38.590 worker_log:602 7403 MainThread [INFO]  Completed executor task 6888
2023-07-07 15:51:38.591 worker_log:613 7403 MainThread [INFO]  All processing finished for executor task 6888
2023-07-07 15:51:38.602 worker_log:584 7403 MainThread [INFO]  Received executor task 6903
2023-07-07 15:51:48.099 worker_log:602 7403 MainThread [INFO]  Completed executor task 6903
2023-07-07 15:51:48.099 worker_log:613 7403 MainThread [INFO]  All processing finished for executor task 6903
2023-07-07 15:51:48.110 worker_log:584 7403 MainThread [INFO]  Received executor task 6908
2023-07-07 15:52:07.777 worker_log:602 7403 MainThread [INFO]  Completed executor task 6908
2023-07-07 15:52:07.777 worker_log:613 7403 MainThread [INFO]  All processing finished for executor task 6908
2023-07-07 15:52:07.788 worker_log:584 7403 MainThread [INFO]  Received executor task 6920
2023-07-07 15:52:22.167 worker_log:602 7403 MainThread [INFO]  Completed executor task 6920
2023-07-07 15:52:22.168 worker_log:613 7403 MainThread [INFO]  All processing finished for executor task 6920
2023-07-07 15:52:22.179 worker_log:584 7403 MainThread [INFO]  Received executor task 6927
2023-07-07 15:53:03.967 worker_log:602 7403 MainThread [INFO]  Completed executor task 6927
2023-07-07 15:53:03.968 worker_log:613 7403 MainThread [INFO]  All processing finished for executor task 6927
2023-07-07 15:53:03.979 worker_log:584 7403 MainThread [INFO]  Received executor task 6947
2023-07-07 15:53:28.079 worker_log:602 7403 MainThread [INFO]  Completed executor task 6947
2023-07-07 15:53:28.079 worker_log:613 7403 MainThread [INFO]  All processing finished for executor task 6947
2023-07-07 15:53:28.091 worker_log:584 7403 MainThread [INFO]  Received executor task 6957
2023-07-07 15:54:13.081 worker_log:602 7403 MainThread [INFO]  Completed executor task 6957
2023-07-07 15:54:13.081 worker_log:613 7403 MainThread [INFO]  All processing finished for executor task 6957
2023-07-07 15:54:13.093 worker_log:584 7403 MainThread [INFO]  Received executor task 6984
2023-07-07 15:54:42.014 worker_log:602 7403 MainThread [INFO]  Completed executor task 6984
2023-07-07 15:54:42.014 worker_log:613 7403 MainThread [INFO]  All processing finished for executor task 6984
2023-07-07 15:54:42.025 worker_log:584 7403 MainThread [INFO]  Received executor task 6997
2023-07-07 15:55:08.718 worker_log:602 7403 MainThread [INFO]  Completed executor task 6997
2023-07-07 15:55:08.718 worker_log:613 7403 MainThread [INFO]  All processing finished for executor task 6997
2023-07-07 15:55:08.729 worker_log:584 7403 MainThread [INFO]  Received executor task 7012
2023-07-07 15:55:35.109 worker_log:602 7403 MainThread [INFO]  Completed executor task 7012
2023-07-07 15:55:35.109 worker_log:613 7403 MainThread [INFO]  All processing finished for executor task 7012
2023-07-07 15:55:35.120 worker_log:584 7403 MainThread [INFO]  Received executor task 7023
2023-07-07 15:56:28.129 worker_log:602 7403 MainThread [INFO]  Completed executor task 7023
2023-07-07 15:56:28.130 worker_log:613 7403 MainThread [INFO]  All processing finished for executor task 7023
2023-07-07 15:56:28.141 worker_log:584 7403 MainThread [INFO]  Received executor task 7053
2023-07-07 15:57:03.476 worker_log:602 7403 MainThread [INFO]  Completed executor task 7053
2023-07-07 15:57:03.476 worker_log:613 7403 MainThread [INFO]  All processing finished for executor task 7053
2023-07-07 15:57:03.488 worker_log:584 7403 MainThread [INFO]  Received executor task 7071
2023-07-07 15:57:28.736 worker_log:602 7403 MainThread [INFO]  Completed executor task 7071
2023-07-07 15:57:28.737 worker_log:613 7403 MainThread [INFO]  All processing finished for executor task 7071
2023-07-07 15:57:28.748 worker_log:584 7403 MainThread [INFO]  Received executor task 7083
2023-07-07 15:57:52.985 worker_log:602 7403 MainThread [INFO]  Completed executor task 7083
2023-07-07 15:57:52.985 worker_log:613 7403 MainThread [INFO]  All processing finished for executor task 7083
2023-07-07 15:57:52.996 worker_log:584 7403 MainThread [INFO]  Received executor task 7099
2023-07-07 15:58:18.314 worker_log:602 7403 MainThread [INFO]  Completed executor task 7099
2023-07-07 15:58:18.315 worker_log:613 7403 MainThread [INFO]  All processing finished for executor task 7099
2023-07-07 15:58:18.328 worker_log:584 7403 MainThread [INFO]  Received executor task 7111
2023-07-07 15:58:52.577 worker_log:602 7403 MainThread [INFO]  Completed executor task 7111
2023-07-07 15:58:52.578 worker_log:613 7403 MainThread [INFO]  All processing finished for executor task 7111
2023-07-07 15:58:52.589 worker_log:584 7403 MainThread [INFO]  Received executor task 7126
2023-07-07 15:59:25.623 worker_log:602 7403 MainThread [INFO]  Completed executor task 7126
2023-07-07 15:59:25.624 worker_log:613 7403 MainThread [INFO]  All processing finished for executor task 7126
2023-07-07 15:59:25.635 worker_log:584 7403 MainThread [INFO]  Received executor task 7146
2023-07-07 15:59:52.527 worker_log:602 7403 MainThread [INFO]  Completed executor task 7146
2023-07-07 15:59:52.528 worker_log:613 7403 MainThread [INFO]  All processing finished for executor task 7146
2023-07-07 15:59:52.539 worker_log:584 7403 MainThread [INFO]  Received executor task 7157
2023-07-07 16:00:25.599 worker_log:602 7403 MainThread [INFO]  Completed executor task 7157
2023-07-07 16:00:25.599 worker_log:613 7403 MainThread [INFO]  All processing finished for executor task 7157
2023-07-07 16:00:25.610 worker_log:584 7403 MainThread [INFO]  Received executor task 7171
2023-07-07 16:00:43.390 worker_log:602 7403 MainThread [INFO]  Completed executor task 7171
2023-07-07 16:00:43.390 worker_log:613 7403 MainThread [INFO]  All processing finished for executor task 7171
2023-07-07 16:00:43.401 worker_log:584 7403 MainThread [INFO]  Received executor task 7182
2023-07-07 16:01:56.417 worker_log:602 7403 MainThread [INFO]  Completed executor task 7182
2023-07-07 16:01:56.417 worker_log:613 7403 MainThread [INFO]  All processing finished for executor task 7182
2023-07-07 16:01:56.428 worker_log:584 7403 MainThread [INFO]  Received executor task 7214
2023-07-07 16:02:54.445 worker_log:602 7403 MainThread [INFO]  Completed executor task 7214
2023-07-07 16:02:54.446 worker_log:613 7403 MainThread [INFO]  All processing finished for executor task 7214
2023-07-07 16:02:54.457 worker_log:584 7403 MainThread [INFO]  Received executor task 7237
2023-07-07 16:03:54.166 worker_log:602 7403 MainThread [INFO]  Completed executor task 7237
2023-07-07 16:03:54.167 worker_log:613 7403 MainThread [INFO]  All processing finished for executor task 7237
2023-07-07 16:03:54.177 worker_log:584 7403 MainThread [INFO]  Received executor task 7257
2023-07-07 16:04:13.831 worker_log:602 7403 MainThread [INFO]  Completed executor task 7257
2023-07-07 16:04:13.831 worker_log:613 7403 MainThread [INFO]  All processing finished for executor task 7257
2023-07-07 16:04:13.843 worker_log:584 7403 MainThread [INFO]  Received executor task 7264
2023-07-07 16:05:02.931 worker_log:602 7403 MainThread [INFO]  Completed executor task 7264
2023-07-07 16:05:02.932 worker_log:613 7403 MainThread [INFO]  All processing finished for executor task 7264
2023-07-07 16:05:02.943 worker_log:584 7403 MainThread [INFO]  Received executor task 7282
2023-07-07 16:05:43.022 worker_log:602 7403 MainThread [INFO]  Completed executor task 7282
2023-07-07 16:05:43.022 worker_log:613 7403 MainThread [INFO]  All processing finished for executor task 7282
2023-07-07 16:05:43.033 worker_log:584 7403 MainThread [INFO]  Received executor task 7296
2023-07-07 16:07:20.177 worker_log:602 7403 MainThread [INFO]  Completed executor task 7296
2023-07-07 16:07:20.189 worker_log:613 7403 MainThread [INFO]  All processing finished for executor task 7296
2023-07-07 16:07:20.189 worker_log:584 7403 MainThread [INFO]  Received executor task 7334
2023-07-07 16:07:53.826 worker_log:602 7403 MainThread [INFO]  Completed executor task 7334
2023-07-07 16:07:53.826 worker_log:613 7403 MainThread [INFO]  All processing finished for executor task 7334
2023-07-07 16:07:53.837 worker_log:584 7403 MainThread [INFO]  Received executor task 7349
2023-07-07 16:08:36.283 worker_log:602 7403 MainThread [INFO]  Completed executor task 7349
2023-07-07 16:08:36.283 worker_log:613 7403 MainThread [INFO]  All processing finished for executor task 7349
2023-07-07 16:08:36.294 worker_log:584 7403 MainThread [INFO]  Received executor task 7365
2023-07-07 16:09:07.545 worker_log:602 7403 MainThread [INFO]  Completed executor task 7365
2023-07-07 16:09:07.545 worker_log:613 7403 MainThread [INFO]  All processing finished for executor task 7365
2023-07-07 16:09:07.557 worker_log:584 7403 MainThread [INFO]  Received executor task 7380
2023-07-07 16:09:31.399 worker_log:602 7403 MainThread [INFO]  Completed executor task 7380
2023-07-07 16:09:31.400 worker_log:613 7403 MainThread [INFO]  All processing finished for executor task 7380
2023-07-07 16:09:31.411 worker_log:584 7403 MainThread [INFO]  Received executor task 7395
2023-07-07 16:10:08.581 worker_log:602 7403 MainThread [INFO]  Completed executor task 7395
2023-07-07 16:10:08.581 worker_log:613 7403 MainThread [INFO]  All processing finished for executor task 7395
2023-07-07 16:10:08.592 worker_log:584 7403 MainThread [INFO]  Received executor task 7405
2023-07-07 16:11:12.076 worker_log:602 7403 MainThread [INFO]  Completed executor task 7405
2023-07-07 16:11:12.076 worker_log:613 7403 MainThread [INFO]  All processing finished for executor task 7405
2023-07-07 16:11:12.090 worker_log:584 7403 MainThread [INFO]  Received executor task 7428
2023-07-07 16:11:42.572 worker_log:602 7403 MainThread [INFO]  Completed executor task 7428
2023-07-07 16:11:42.585 worker_log:613 7403 MainThread [INFO]  All processing finished for executor task 7428
2023-07-07 16:11:42.587 worker_log:584 7403 MainThread [INFO]  Received executor task 7441
2023-07-07 16:12:18.105 worker_log:602 7403 MainThread [INFO]  Completed executor task 7441
2023-07-07 16:12:18.106 worker_log:613 7403 MainThread [INFO]  All processing finished for executor task 7441
2023-07-07 16:12:18.117 worker_log:584 7403 MainThread [INFO]  Received executor task 7456
2023-07-07 16:12:57.744 worker_log:602 7403 MainThread [INFO]  Completed executor task 7456
2023-07-07 16:12:57.744 worker_log:613 7403 MainThread [INFO]  All processing finished for executor task 7456
2023-07-07 16:12:57.755 worker_log:584 7403 MainThread [INFO]  Received executor task 7475
2023-07-07 16:13:36.107 worker_log:602 7403 MainThread [INFO]  Completed executor task 7475
2023-07-07 16:13:36.107 worker_log:613 7403 MainThread [INFO]  All processing finished for executor task 7475
2023-07-07 16:13:36.119 worker_log:584 7403 MainThread [INFO]  Received executor task 7499
2023-07-07 16:14:28.370 worker_log:602 7403 MainThread [INFO]  Completed executor task 7499
2023-07-07 16:14:28.371 worker_log:613 7403 MainThread [INFO]  All processing finished for executor task 7499
2023-07-07 16:14:28.383 worker_log:584 7403 MainThread [INFO]  Received executor task 7523
2023-07-07 16:14:54.697 worker_log:602 7403 MainThread [INFO]  Completed executor task 7523
2023-07-07 16:14:54.698 worker_log:613 7403 MainThread [INFO]  All processing finished for executor task 7523
2023-07-07 16:14:54.708 worker_log:584 7403 MainThread [INFO]  Received executor task 7535
2023-07-07 16:15:16.391 worker_log:602 7403 MainThread [INFO]  Completed executor task 7535
2023-07-07 16:15:16.391 worker_log:613 7403 MainThread [INFO]  All processing finished for executor task 7535
2023-07-07 16:15:16.403 worker_log:584 7403 MainThread [INFO]  Received executor task 7547
2023-07-07 16:15:49.231 worker_log:602 7403 MainThread [INFO]  Completed executor task 7547
2023-07-07 16:15:49.231 worker_log:613 7403 MainThread [INFO]  All processing finished for executor task 7547
2023-07-07 16:15:49.243 worker_log:584 7403 MainThread [INFO]  Received executor task 7565
2023-07-07 16:16:04.375 worker_log:602 7403 MainThread [INFO]  Completed executor task 7565
2023-07-07 16:16:04.376 worker_log:613 7403 MainThread [INFO]  All processing finished for executor task 7565
2023-07-07 16:16:04.387 worker_log:584 7403 MainThread [INFO]  Received executor task 7575
2023-07-07 16:16:24.523 worker_log:602 7403 MainThread [INFO]  Completed executor task 7575
2023-07-07 16:16:24.524 worker_log:613 7403 MainThread [INFO]  All processing finished for executor task 7575
2023-07-07 16:16:24.525 worker_log:584 7403 MainThread [INFO]  Received executor task 7586
2023-07-07 16:16:55.561 worker_log:602 7403 MainThread [INFO]  Completed executor task 7586
2023-07-07 16:16:55.561 worker_log:613 7403 MainThread [INFO]  All processing finished for executor task 7586
2023-07-07 16:16:55.574 worker_log:584 7403 MainThread [INFO]  Received executor task 7600
2023-07-07 16:17:39.169 worker_log:602 7403 MainThread [INFO]  Completed executor task 7600
2023-07-07 16:17:39.170 worker_log:613 7403 MainThread [INFO]  All processing finished for executor task 7600
2023-07-07 16:17:39.171 worker_log:584 7403 MainThread [INFO]  Received executor task 7623
2023-07-07 16:18:32.191 worker_log:602 7403 MainThread [INFO]  Completed executor task 7623
2023-07-07 16:18:32.192 worker_log:613 7403 MainThread [INFO]  All processing finished for executor task 7623
2023-07-07 16:18:32.203 worker_log:584 7403 MainThread [INFO]  Received executor task 7640
2023-07-07 16:18:49.790 worker_log:602 7403 MainThread [INFO]  Completed executor task 7640
2023-07-07 16:18:49.790 worker_log:613 7403 MainThread [INFO]  All processing finished for executor task 7640
2023-07-07 16:18:49.801 worker_log:584 7403 MainThread [INFO]  Received executor task 7650
2023-07-07 16:19:22.569 worker_log:602 7403 MainThread [INFO]  Completed executor task 7650
2023-07-07 16:19:22.570 worker_log:613 7403 MainThread [INFO]  All processing finished for executor task 7650
2023-07-07 16:19:22.581 worker_log:584 7403 MainThread [INFO]  Received executor task 7664
2023-07-07 16:19:44.603 worker_log:602 7403 MainThread [INFO]  Completed executor task 7664
2023-07-07 16:19:44.603 worker_log:613 7403 MainThread [INFO]  All processing finished for executor task 7664
2023-07-07 16:19:44.614 worker_log:584 7403 MainThread [INFO]  Received executor task 7679
2023-07-07 16:20:09.707 worker_log:602 7403 MainThread [INFO]  Completed executor task 7679
2023-07-07 16:20:09.707 worker_log:613 7403 MainThread [INFO]  All processing finished for executor task 7679
2023-07-07 16:20:09.719 worker_log:584 7403 MainThread [INFO]  Received executor task 7687
2023-07-07 16:20:44.267 worker_log:602 7403 MainThread [INFO]  Completed executor task 7687
2023-07-07 16:20:44.267 worker_log:613 7403 MainThread [INFO]  All processing finished for executor task 7687
2023-07-07 16:20:44.278 worker_log:584 7403 MainThread [INFO]  Received executor task 7706
2023-07-07 16:21:16.095 worker_log:602 7403 MainThread [INFO]  Completed executor task 7706
2023-07-07 16:21:16.096 worker_log:613 7403 MainThread [INFO]  All processing finished for executor task 7706
2023-07-07 16:21:16.107 worker_log:584 7403 MainThread [INFO]  Received executor task 7724
2023-07-07 16:21:34.242 worker_log:602 7403 MainThread [INFO]  Completed executor task 7724
2023-07-07 16:21:34.242 worker_log:613 7403 MainThread [INFO]  All processing finished for executor task 7724
2023-07-07 16:21:34.253 worker_log:584 7403 MainThread [INFO]  Received executor task 7734
2023-07-07 16:22:07.368 worker_log:602 7403 MainThread [INFO]  Completed executor task 7734
2023-07-07 16:22:07.368 worker_log:613 7403 MainThread [INFO]  All processing finished for executor task 7734
2023-07-07 16:22:07.381 worker_log:584 7403 MainThread [INFO]  Received executor task 7750
2023-07-07 16:22:42.532 worker_log:602 7403 MainThread [INFO]  Completed executor task 7750
2023-07-07 16:22:42.533 worker_log:613 7403 MainThread [INFO]  All processing finished for executor task 7750
2023-07-07 16:22:42.544 worker_log:584 7403 MainThread [INFO]  Received executor task 7767
2023-07-07 16:22:59.609 worker_log:602 7403 MainThread [INFO]  Completed executor task 7767
2023-07-07 16:22:59.610 worker_log:613 7403 MainThread [INFO]  All processing finished for executor task 7767
2023-07-07 16:22:59.622 worker_log:584 7403 MainThread [INFO]  Received executor task 7779
2023-07-07 16:23:42.085 worker_log:602 7403 MainThread [INFO]  Completed executor task 7779
2023-07-07 16:23:42.085 worker_log:613 7403 MainThread [INFO]  All processing finished for executor task 7779
2023-07-07 16:23:42.096 worker_log:584 7403 MainThread [INFO]  Received executor task 7805
2023-07-07 16:24:09.137 worker_log:602 7403 MainThread [INFO]  Completed executor task 7805
2023-07-07 16:24:09.137 worker_log:613 7403 MainThread [INFO]  All processing finished for executor task 7805
2023-07-07 16:24:09.149 worker_log:584 7403 MainThread [INFO]  Received executor task 7822
2023-07-07 16:24:40.521 worker_log:602 7403 MainThread [INFO]  Completed executor task 7822
2023-07-07 16:24:40.534 worker_log:613 7403 MainThread [INFO]  All processing finished for executor task 7822
2023-07-07 16:24:40.534 worker_log:584 7403 MainThread [INFO]  Received executor task 7840
2023-07-07 16:25:03.695 worker_log:602 7403 MainThread [INFO]  Completed executor task 7840
2023-07-07 16:25:03.695 worker_log:613 7403 MainThread [INFO]  All processing finished for executor task 7840
2023-07-07 16:25:03.706 worker_log:584 7403 MainThread [INFO]  Received executor task 7852
2023-07-07 16:25:28.252 worker_log:602 7403 MainThread [INFO]  Completed executor task 7852
2023-07-07 16:25:28.252 worker_log:613 7403 MainThread [INFO]  All processing finished for executor task 7852
2023-07-07 16:25:28.264 worker_log:584 7403 MainThread [INFO]  Received executor task 7861
2023-07-07 16:26:11.170 worker_log:602 7403 MainThread [INFO]  Completed executor task 7861
2023-07-07 16:26:11.170 worker_log:613 7403 MainThread [INFO]  All processing finished for executor task 7861
2023-07-07 16:26:11.171 worker_log:584 7403 MainThread [INFO]  Received executor task 7884
2023-07-07 16:26:35.999 worker_log:602 7403 MainThread [INFO]  Completed executor task 7884
2023-07-07 16:26:35.999 worker_log:613 7403 MainThread [INFO]  All processing finished for executor task 7884
2023-07-07 16:26:36.010 worker_log:584 7403 MainThread [INFO]  Received executor task 7897
2023-07-07 16:27:03.031 worker_log:602 7403 MainThread [INFO]  Completed executor task 7897
2023-07-07 16:27:03.032 worker_log:613 7403 MainThread [INFO]  All processing finished for executor task 7897
2023-07-07 16:27:03.043 worker_log:584 7403 MainThread [INFO]  Received executor task 7906
2023-07-07 16:27:42.290 worker_log:602 7403 MainThread [INFO]  Completed executor task 7906
2023-07-07 16:27:42.291 worker_log:613 7403 MainThread [INFO]  All processing finished for executor task 7906
2023-07-07 16:27:42.292 worker_log:584 7403 MainThread [INFO]  Received executor task 7922
2023-07-07 16:28:18.359 worker_log:602 7403 MainThread [INFO]  Completed executor task 7922
2023-07-07 16:28:18.360 worker_log:613 7403 MainThread [INFO]  All processing finished for executor task 7922
2023-07-07 16:28:18.371 worker_log:584 7403 MainThread [INFO]  Received executor task 7937
2023-07-07 16:28:28.878 worker_log:602 7403 MainThread [INFO]  Completed executor task 7937
2023-07-07 16:28:28.878 worker_log:613 7403 MainThread [INFO]  All processing finished for executor task 7937
2023-07-07 16:28:28.890 worker_log:584 7403 MainThread [INFO]  Received executor task 7945
2023-07-07 16:29:23.696 worker_log:602 7403 MainThread [INFO]  Completed executor task 7945
2023-07-07 16:29:23.697 worker_log:613 7403 MainThread [INFO]  All processing finished for executor task 7945
2023-07-07 16:29:23.708 worker_log:584 7403 MainThread [INFO]  Received executor task 7970
2023-07-07 16:30:10.272 worker_log:602 7403 MainThread [INFO]  Completed executor task 7970
2023-07-07 16:30:10.273 worker_log:613 7403 MainThread [INFO]  All processing finished for executor task 7970
2023-07-07 16:30:10.284 worker_log:584 7403 MainThread [INFO]  Received executor task 7990
2023-07-07 16:30:53.731 worker_log:602 7403 MainThread [INFO]  Completed executor task 7990
2023-07-07 16:30:53.732 worker_log:613 7403 MainThread [INFO]  All processing finished for executor task 7990
2023-07-07 16:30:53.743 worker_log:584 7403 MainThread [INFO]  Received executor task 8012
2023-07-07 16:31:22.632 worker_log:602 7403 MainThread [INFO]  Completed executor task 8012
2023-07-07 16:31:22.632 worker_log:613 7403 MainThread [INFO]  All processing finished for executor task 8012
2023-07-07 16:31:22.644 worker_log:584 7403 MainThread [INFO]  Received executor task 8023
2023-07-07 16:32:04.546 worker_log:602 7403 MainThread [INFO]  Completed executor task 8023
2023-07-07 16:32:04.557 worker_log:613 7403 MainThread [INFO]  All processing finished for executor task 8023
2023-07-07 16:32:04.558 worker_log:584 7403 MainThread [INFO]  Received executor task 8041
2023-07-07 16:32:40.601 worker_log:602 7403 MainThread [INFO]  Completed executor task 8041
2023-07-07 16:32:40.601 worker_log:613 7403 MainThread [INFO]  All processing finished for executor task 8041
2023-07-07 16:32:40.612 worker_log:584 7403 MainThread [INFO]  Received executor task 8060
2023-07-07 16:34:13.851 worker_log:602 7403 MainThread [INFO]  Completed executor task 8060
2023-07-07 16:34:13.852 worker_log:613 7403 MainThread [INFO]  All processing finished for executor task 8060
2023-07-07 16:34:13.863 worker_log:584 7403 MainThread [INFO]  Received executor task 8097
2023-07-07 16:34:45.961 worker_log:602 7403 MainThread [INFO]  Completed executor task 8097
2023-07-07 16:34:45.962 worker_log:613 7403 MainThread [INFO]  All processing finished for executor task 8097
2023-07-07 16:34:45.973 worker_log:584 7403 MainThread [INFO]  Received executor task 8113
2023-07-07 16:35:19.027 worker_log:602 7403 MainThread [INFO]  Completed executor task 8113
2023-07-07 16:35:19.028 worker_log:613 7403 MainThread [INFO]  All processing finished for executor task 8113
2023-07-07 16:35:19.039 worker_log:584 7403 MainThread [INFO]  Received executor task 8126
2023-07-07 16:35:48.243 worker_log:602 7403 MainThread [INFO]  Completed executor task 8126
2023-07-07 16:35:48.244 worker_log:613 7403 MainThread [INFO]  All processing finished for executor task 8126
2023-07-07 16:35:48.255 worker_log:584 7403 MainThread [INFO]  Received executor task 8133
2023-07-07 16:36:48.071 worker_log:602 7403 MainThread [INFO]  Completed executor task 8133
2023-07-07 16:36:48.072 worker_log:613 7403 MainThread [INFO]  All processing finished for executor task 8133
2023-07-07 16:36:48.082 worker_log:584 7403 MainThread [INFO]  Received executor task 8152
2023-07-07 16:37:18.136 worker_log:602 7403 MainThread [INFO]  Completed executor task 8152
2023-07-07 16:37:18.137 worker_log:613 7403 MainThread [INFO]  All processing finished for executor task 8152
2023-07-07 16:37:18.148 worker_log:584 7403 MainThread [INFO]  Received executor task 8163
2023-07-07 16:37:39.475 worker_log:602 7403 MainThread [INFO]  Completed executor task 8163
2023-07-07 16:37:39.485 worker_log:613 7403 MainThread [INFO]  All processing finished for executor task 8163
2023-07-07 16:37:39.486 worker_log:584 7403 MainThread [INFO]  Received executor task 8170
2023-07-07 16:38:06.692 worker_log:602 7403 MainThread [INFO]  Completed executor task 8170
2023-07-07 16:38:06.692 worker_log:613 7403 MainThread [INFO]  All processing finished for executor task 8170
2023-07-07 16:38:06.703 worker_log:584 7403 MainThread [INFO]  Received executor task 8178
2023-07-07 16:39:09.239 worker_log:602 7403 MainThread [INFO]  Completed executor task 8178
2023-07-07 16:39:09.240 worker_log:613 7403 MainThread [INFO]  All processing finished for executor task 8178
2023-07-07 16:39:09.251 worker_log:584 7403 MainThread [INFO]  Received executor task 8199
2023-07-07 16:39:53.321 worker_log:602 7403 MainThread [INFO]  Completed executor task 8199
2023-07-07 16:39:53.321 worker_log:613 7403 MainThread [INFO]  All processing finished for executor task 8199
2023-07-07 16:39:53.332 worker_log:584 7403 MainThread [INFO]  Received executor task 8213
2023-07-07 16:40:27.009 worker_log:602 7403 MainThread [INFO]  Completed executor task 8213
2023-07-07 16:40:27.009 worker_log:613 7403 MainThread [INFO]  All processing finished for executor task 8213
2023-07-07 16:40:27.020 worker_log:584 7403 MainThread [INFO]  Received executor task 8223
2023-07-07 16:41:49.224 worker_log:602 7403 MainThread [INFO]  Completed executor task 8223
2023-07-07 16:41:49.224 worker_log:613 7403 MainThread [INFO]  All processing finished for executor task 8223
2023-07-07 16:41:49.235 worker_log:584 7403 MainThread [INFO]  Received executor task 8247
2023-07-07 16:42:34.881 worker_log:602 7403 MainThread [INFO]  Completed executor task 8247
2023-07-07 16:42:34.882 worker_log:613 7403 MainThread [INFO]  All processing finished for executor task 8247
2023-07-07 16:42:34.893 worker_log:584 7403 MainThread [INFO]  Received executor task 8262
2023-07-07 16:43:18.059 worker_log:602 7403 MainThread [INFO]  Completed executor task 8262
2023-07-07 16:43:18.059 worker_log:613 7403 MainThread [INFO]  All processing finished for executor task 8262
2023-07-07 16:43:18.070 worker_log:584 7403 MainThread [INFO]  Received executor task 8282
2023-07-07 16:44:00.379 worker_log:602 7403 MainThread [INFO]  Completed executor task 8282
2023-07-07 16:44:00.390 worker_log:613 7403 MainThread [INFO]  All processing finished for executor task 8282
2023-07-07 16:44:00.391 worker_log:584 7403 MainThread [INFO]  Received executor task 8288
2023-07-07 16:45:24.641 worker_log:602 7403 MainThread [INFO]  Completed executor task 8288
2023-07-07 16:45:24.641 worker_log:613 7403 MainThread [INFO]  All processing finished for executor task 8288
2023-07-07 16:45:24.654 worker_log:584 7403 MainThread [INFO]  Received executor task 8310
2023-07-07 16:46:27.498 worker_log:602 7403 MainThread [INFO]  Completed executor task 8310
2023-07-07 16:46:27.499 worker_log:613 7403 MainThread [INFO]  All processing finished for executor task 8310
2023-07-07 16:46:27.511 worker_log:584 7403 MainThread [INFO]  Received executor task 8328
2023-07-07 16:47:50.388 worker_log:602 7403 MainThread [INFO]  Completed executor task 8328
2023-07-07 16:47:50.389 worker_log:613 7403 MainThread [INFO]  All processing finished for executor task 8328
2023-07-07 16:47:50.400 worker_log:584 7403 MainThread [INFO]  Received executor task 8342
2023-07-07 16:48:47.457 worker_log:602 7403 MainThread [INFO]  Completed executor task 8342
2023-07-07 16:48:47.457 worker_log:613 7403 MainThread [INFO]  All processing finished for executor task 8342
2023-07-07 16:48:47.468 worker_log:584 7403 MainThread [INFO]  Received executor task 8357
2023-07-07 16:49:51.781 worker_log:602 7403 MainThread [INFO]  Completed executor task 8357
2023-07-07 16:49:51.781 worker_log:613 7403 MainThread [INFO]  All processing finished for executor task 8357
2023-07-07 16:49:51.793 worker_log:584 7403 MainThread [INFO]  Received executor task 8374
2023-07-07 16:50:59.419 worker_log:602 7403 MainThread [INFO]  Completed executor task 8374
2023-07-07 16:50:59.419 worker_log:613 7403 MainThread [INFO]  All processing finished for executor task 8374
2023-07-07 16:50:59.430 worker_log:584 7403 MainThread [INFO]  Received executor task 8394
2023-07-07 16:51:57.122 worker_log:602 7403 MainThread [INFO]  Completed executor task 8394
2023-07-07 16:51:57.122 worker_log:613 7403 MainThread [INFO]  All processing finished for executor task 8394
2023-07-07 16:51:57.133 worker_log:584 7403 MainThread [INFO]  Received executor task 8413
2023-07-07 16:52:57.766 worker_log:602 7403 MainThread [INFO]  Completed executor task 8413
2023-07-07 16:52:57.767 worker_log:613 7403 MainThread [INFO]  All processing finished for executor task 8413
2023-07-07 16:52:57.778 worker_log:584 7403 MainThread [INFO]  Received executor task 8434
2023-07-07 16:53:33.373 worker_log:602 7403 MainThread [INFO]  Completed executor task 8434
2023-07-07 16:53:33.373 worker_log:613 7403 MainThread [INFO]  All processing finished for executor task 8434
2023-07-07 16:53:33.375 worker_log:584 7403 MainThread [INFO]  Received executor task 8445
2023-07-07 16:53:54.928 worker_log:602 7403 MainThread [INFO]  Completed executor task 8445
2023-07-07 16:53:54.928 worker_log:613 7403 MainThread [INFO]  All processing finished for executor task 8445
2023-07-07 16:53:54.940 worker_log:584 7403 MainThread [INFO]  Received executor task 8459
2023-07-07 16:54:30.423 worker_log:602 7403 MainThread [INFO]  Completed executor task 8459
2023-07-07 16:54:30.424 worker_log:613 7403 MainThread [INFO]  All processing finished for executor task 8459
2023-07-07 16:54:30.435 worker_log:584 7403 MainThread [INFO]  Received executor task 8481
2023-07-07 16:55:12.404 worker_log:602 7403 MainThread [INFO]  Completed executor task 8481
2023-07-07 16:55:12.405 worker_log:613 7403 MainThread [INFO]  All processing finished for executor task 8481
2023-07-07 16:55:12.416 worker_log:584 7403 MainThread [INFO]  Received executor task 8503
2023-07-07 16:55:53.149 worker_log:602 7403 MainThread [INFO]  Completed executor task 8503
2023-07-07 16:55:53.149 worker_log:613 7403 MainThread [INFO]  All processing finished for executor task 8503
2023-07-07 16:55:53.162 worker_log:584 7403 MainThread [INFO]  Received executor task 8518
2023-07-07 16:56:09.829 worker_log:602 7403 MainThread [INFO]  Completed executor task 8518
2023-07-07 16:56:09.829 worker_log:613 7403 MainThread [INFO]  All processing finished for executor task 8518
2023-07-07 16:56:09.840 worker_log:584 7403 MainThread [INFO]  Received executor task 8530
2023-07-07 16:56:46.539 worker_log:602 7403 MainThread [INFO]  Completed executor task 8530
2023-07-07 16:56:46.540 worker_log:613 7403 MainThread [INFO]  All processing finished for executor task 8530
2023-07-07 16:56:46.551 worker_log:584 7403 MainThread [INFO]  Received executor task 8544
2023-07-07 16:57:21.857 worker_log:602 7403 MainThread [INFO]  Completed executor task 8544
2023-07-07 16:57:21.857 worker_log:613 7403 MainThread [INFO]  All processing finished for executor task 8544
2023-07-07 16:57:21.868 worker_log:584 7403 MainThread [INFO]  Received executor task 8563
2023-07-07 16:57:43.963 worker_log:602 7403 MainThread [INFO]  Completed executor task 8563
2023-07-07 16:57:43.963 worker_log:613 7403 MainThread [INFO]  All processing finished for executor task 8563
2023-07-07 16:57:43.974 worker_log:584 7403 MainThread [INFO]  Received executor task 8570
2023-07-07 16:58:12.713 worker_log:602 7403 MainThread [INFO]  Completed executor task 8570
2023-07-07 16:58:12.713 worker_log:613 7403 MainThread [INFO]  All processing finished for executor task 8570
2023-07-07 16:58:12.725 worker_log:584 7403 MainThread [INFO]  Received executor task 8582
2023-07-07 16:59:05.439 worker_log:602 7403 MainThread [INFO]  Completed executor task 8582
2023-07-07 16:59:05.439 worker_log:613 7403 MainThread [INFO]  All processing finished for executor task 8582
2023-07-07 16:59:05.451 worker_log:584 7403 MainThread [INFO]  Received executor task 8616
2023-07-07 16:59:10.830 worker_log:602 7403 MainThread [INFO]  Completed executor task 8616
2023-07-07 16:59:10.830 worker_log:613 7403 MainThread [INFO]  All processing finished for executor task 8616
2023-07-07 16:59:10.841 worker_log:584 7403 MainThread [INFO]  Received executor task 8618
2023-07-07 16:59:30.677 worker_log:602 7403 MainThread [INFO]  Completed executor task 8618
2023-07-07 16:59:30.688 worker_log:613 7403 MainThread [INFO]  All processing finished for executor task 8618
2023-07-07 16:59:30.689 worker_log:584 7403 MainThread [INFO]  Received executor task 8629
2023-07-07 16:59:47.598 worker_log:602 7403 MainThread [INFO]  Completed executor task 8629
2023-07-07 16:59:47.598 worker_log:613 7403 MainThread [INFO]  All processing finished for executor task 8629
2023-07-07 16:59:47.610 worker_log:584 7403 MainThread [INFO]  Received executor task 8639
2023-07-07 17:00:31.621 worker_log:602 7403 MainThread [INFO]  Completed executor task 8639
2023-07-07 17:00:31.622 worker_log:613 7403 MainThread [INFO]  All processing finished for executor task 8639
2023-07-07 17:00:31.635 worker_log:584 7403 MainThread [INFO]  Received executor task 8659
2023-07-07 17:01:23.292 worker_log:602 7403 MainThread [INFO]  Completed executor task 8659
2023-07-07 17:01:23.303 worker_log:613 7403 MainThread [INFO]  All processing finished for executor task 8659
2023-07-07 17:01:23.303 worker_log:584 7403 MainThread [INFO]  Received executor task 8682
2023-07-07 17:02:08.200 worker_log:602 7403 MainThread [INFO]  Completed executor task 8682
2023-07-07 17:02:08.200 worker_log:613 7403 MainThread [INFO]  All processing finished for executor task 8682
2023-07-07 17:02:08.212 worker_log:584 7403 MainThread [INFO]  Received executor task 8707
2023-07-07 17:02:27.132 worker_log:602 7403 MainThread [INFO]  Completed executor task 8707
2023-07-07 17:02:27.132 worker_log:613 7403 MainThread [INFO]  All processing finished for executor task 8707
2023-07-07 17:02:27.143 worker_log:584 7403 MainThread [INFO]  Received executor task 8720
2023-07-07 17:02:38.009 worker_log:602 7403 MainThread [INFO]  Completed executor task 8720
2023-07-07 17:02:38.009 worker_log:613 7403 MainThread [INFO]  All processing finished for executor task 8720
2023-07-07 17:02:38.020 worker_log:584 7403 MainThread [INFO]  Received executor task 8728
2023-07-07 17:03:23.418 worker_log:602 7403 MainThread [INFO]  Completed executor task 8728
2023-07-07 17:03:23.418 worker_log:613 7403 MainThread [INFO]  All processing finished for executor task 8728
2023-07-07 17:03:23.429 worker_log:584 7403 MainThread [INFO]  Received executor task 8754
2023-07-07 17:03:48.185 worker_log:602 7403 MainThread [INFO]  Completed executor task 8754
2023-07-07 17:03:48.185 worker_log:613 7403 MainThread [INFO]  All processing finished for executor task 8754
2023-07-07 17:03:48.203 worker_log:584 7403 MainThread [INFO]  Received executor task 8768
2023-07-07 17:04:10.191 worker_log:602 7403 MainThread [INFO]  Completed executor task 8768
2023-07-07 17:04:10.192 worker_log:613 7403 MainThread [INFO]  All processing finished for executor task 8768
2023-07-07 17:04:10.203 worker_log:584 7403 MainThread [INFO]  Received executor task 8783
2023-07-07 17:04:29.103 worker_log:602 7403 MainThread [INFO]  Completed executor task 8783
2023-07-07 17:04:29.103 worker_log:613 7403 MainThread [INFO]  All processing finished for executor task 8783
2023-07-07 17:04:29.114 worker_log:584 7403 MainThread [INFO]  Received executor task 8790
2023-07-07 17:04:56.377 worker_log:602 7403 MainThread [INFO]  Completed executor task 8790
2023-07-07 17:04:56.378 worker_log:613 7403 MainThread [INFO]  All processing finished for executor task 8790
2023-07-07 17:04:56.389 worker_log:584 7403 MainThread [INFO]  Received executor task 8805
2023-07-07 17:05:21.996 worker_log:602 7403 MainThread [INFO]  Completed executor task 8805
2023-07-07 17:05:21.997 worker_log:613 7403 MainThread [INFO]  All processing finished for executor task 8805
2023-07-07 17:05:22.008 worker_log:584 7403 MainThread [INFO]  Received executor task 8822
2023-07-07 17:05:44.701 worker_log:602 7403 MainThread [INFO]  Completed executor task 8822
2023-07-07 17:05:44.702 worker_log:613 7403 MainThread [INFO]  All processing finished for executor task 8822
2023-07-07 17:05:44.714 worker_log:584 7403 MainThread [INFO]  Received executor task 8831
2023-07-07 17:06:15.371 worker_log:602 7403 MainThread [INFO]  Completed executor task 8831
2023-07-07 17:06:15.371 worker_log:613 7403 MainThread [INFO]  All processing finished for executor task 8831
2023-07-07 17:06:15.383 worker_log:584 7403 MainThread [INFO]  Received executor task 8846
2023-07-07 17:07:25.414 worker_log:602 7403 MainThread [INFO]  Completed executor task 8846
2023-07-07 17:07:25.415 worker_log:613 7403 MainThread [INFO]  All processing finished for executor task 8846
2023-07-07 17:07:25.426 worker_log:584 7403 MainThread [INFO]  Received executor task 8886
2023-07-07 17:07:49.730 worker_log:602 7403 MainThread [INFO]  Completed executor task 8886
2023-07-07 17:07:49.731 worker_log:613 7403 MainThread [INFO]  All processing finished for executor task 8886
2023-07-07 17:07:49.742 worker_log:584 7403 MainThread [INFO]  Received executor task 8898
2023-07-07 17:08:21.853 worker_log:602 7403 MainThread [INFO]  Completed executor task 8898
2023-07-07 17:08:21.854 worker_log:613 7403 MainThread [INFO]  All processing finished for executor task 8898
2023-07-07 17:08:21.865 worker_log:584 7403 MainThread [INFO]  Received executor task 8920
2023-07-07 17:08:59.250 worker_log:602 7403 MainThread [INFO]  Completed executor task 8920
2023-07-07 17:08:59.251 worker_log:613 7403 MainThread [INFO]  All processing finished for executor task 8920
2023-07-07 17:08:59.263 worker_log:584 7403 MainThread [INFO]  Received executor task 8938
2023-07-07 17:09:24.256 worker_log:602 7403 MainThread [INFO]  Completed executor task 8938
2023-07-07 17:09:24.257 worker_log:613 7403 MainThread [INFO]  All processing finished for executor task 8938
2023-07-07 17:09:24.268 worker_log:584 7403 MainThread [INFO]  Received executor task 8956
2023-07-07 17:09:34.491 worker_log:602 7403 MainThread [INFO]  Completed executor task 8956
2023-07-07 17:09:34.492 worker_log:613 7403 MainThread [INFO]  All processing finished for executor task 8956
2023-07-07 17:09:34.503 worker_log:584 7403 MainThread [INFO]  Received executor task 8961
2023-07-07 17:09:57.799 worker_log:602 7403 MainThread [INFO]  Completed executor task 8961
2023-07-07 17:09:57.800 worker_log:613 7403 MainThread [INFO]  All processing finished for executor task 8961
2023-07-07 17:09:57.811 worker_log:584 7403 MainThread [INFO]  Received executor task 8974
2023-07-07 17:10:07.127 worker_log:602 7403 MainThread [INFO]  Completed executor task 8974
2023-07-07 17:10:07.127 worker_log:613 7403 MainThread [INFO]  All processing finished for executor task 8974
2023-07-07 17:10:07.138 worker_log:584 7403 MainThread [INFO]  Received executor task 8980
2023-07-07 17:10:19.204 worker_log:602 7403 MainThread [INFO]  Completed executor task 8980
2023-07-07 17:10:19.205 worker_log:613 7403 MainThread [INFO]  All processing finished for executor task 8980
2023-07-07 17:10:19.216 worker_log:584 7403 MainThread [INFO]  Received executor task 8986
2023-07-07 17:10:47.611 worker_log:602 7403 MainThread [INFO]  Completed executor task 8986
2023-07-07 17:10:47.611 worker_log:613 7403 MainThread [INFO]  All processing finished for executor task 8986
2023-07-07 17:10:47.622 worker_log:584 7403 MainThread [INFO]  Received executor task 8994
2023-07-07 17:11:32.271 worker_log:602 7403 MainThread [INFO]  Completed executor task 8994
2023-07-07 17:11:32.271 worker_log:613 7403 MainThread [INFO]  All processing finished for executor task 8994
2023-07-07 17:11:32.282 worker_log:584 7403 MainThread [INFO]  Received executor task 9009
2023-07-07 17:12:55.418 worker_log:602 7403 MainThread [INFO]  Completed executor task 9009
2023-07-07 17:12:55.420 worker_log:613 7403 MainThread [INFO]  All processing finished for executor task 9009
2023-07-07 17:12:55.430 worker_log:584 7403 MainThread [INFO]  Received executor task 9031
2023-07-07 17:13:30.248 worker_log:602 7403 MainThread [INFO]  Completed executor task 9031
2023-07-07 17:13:30.248 worker_log:613 7403 MainThread [INFO]  All processing finished for executor task 9031
2023-07-07 17:13:30.259 worker_log:584 7403 MainThread [INFO]  Received executor task 9049
2023-07-07 17:14:24.960 worker_log:602 7403 MainThread [INFO]  Completed executor task 9049
2023-07-07 17:14:24.960 worker_log:613 7403 MainThread [INFO]  All processing finished for executor task 9049
2023-07-07 17:14:24.972 worker_log:584 7403 MainThread [INFO]  Received executor task 9063
2023-07-07 17:15:17.258 worker_log:602 7403 MainThread [INFO]  Completed executor task 9063
2023-07-07 17:15:17.259 worker_log:613 7403 MainThread [INFO]  All processing finished for executor task 9063
2023-07-07 17:15:17.260 worker_log:584 7403 MainThread [INFO]  Received executor task 9086
2023-07-07 17:15:46.515 worker_log:602 7403 MainThread [INFO]  Completed executor task 9086
2023-07-07 17:15:46.516 worker_log:613 7403 MainThread [INFO]  All processing finished for executor task 9086
2023-07-07 17:15:46.527 worker_log:584 7403 MainThread [INFO]  Received executor task 9096
2023-07-07 17:16:17.035 worker_log:602 7403 MainThread [INFO]  Completed executor task 9096
2023-07-07 17:16:17.036 worker_log:613 7403 MainThread [INFO]  All processing finished for executor task 9096
2023-07-07 17:16:17.049 worker_log:584 7403 MainThread [INFO]  Received executor task 9109
2023-07-07 17:16:49.542 worker_log:602 7403 MainThread [INFO]  Completed executor task 9109
2023-07-07 17:16:49.542 worker_log:613 7403 MainThread [INFO]  All processing finished for executor task 9109
2023-07-07 17:16:49.555 worker_log:584 7403 MainThread [INFO]  Received executor task 9123
2023-07-07 17:17:11.956 worker_log:602 7403 MainThread [INFO]  Completed executor task 9123
2023-07-07 17:17:11.957 worker_log:613 7403 MainThread [INFO]  All processing finished for executor task 9123
2023-07-07 17:17:11.968 worker_log:584 7403 MainThread [INFO]  Received executor task 9135
2023-07-07 17:18:05.618 worker_log:602 7403 MainThread [INFO]  Completed executor task 9135
2023-07-07 17:18:05.619 worker_log:613 7403 MainThread [INFO]  All processing finished for executor task 9135
2023-07-07 17:18:05.630 worker_log:584 7403 MainThread [INFO]  Received executor task 9154
2023-07-07 17:19:08.175 worker_log:602 7403 MainThread [INFO]  Completed executor task 9154
2023-07-07 17:19:08.176 worker_log:613 7403 MainThread [INFO]  All processing finished for executor task 9154
2023-07-07 17:19:08.187 worker_log:584 7403 MainThread [INFO]  Received executor task 9183
2023-07-07 17:20:02.169 worker_log:602 7403 MainThread [INFO]  Completed executor task 9183
2023-07-07 17:20:02.170 worker_log:613 7403 MainThread [INFO]  All processing finished for executor task 9183
2023-07-07 17:20:02.181 worker_log:584 7403 MainThread [INFO]  Received executor task 9213
