2023-07-07 11:59:59.647 worker_log:538 7371 MainThread [INFO]  Worker 2 started
2023-07-07 12:02:50.855 worker_log:584 7371 MainThread [INFO]  Received executor task 3
2023-07-07 12:03:14.136 worker_log:602 7371 MainThread [INFO]  Completed executor task 3
2023-07-07 12:03:14.137 worker_log:613 7371 MainThread [INFO]  All processing finished for executor task 3
2023-07-07 12:03:14.149 worker_log:584 7371 MainThread [INFO]  Received executor task 21
2023-07-07 12:03:43.260 worker_log:602 7371 MainThread [INFO]  Completed executor task 21
2023-07-07 12:03:43.260 worker_log:613 7371 MainThread [INFO]  All processing finished for executor task 21
2023-07-07 12:03:43.272 worker_log:584 7371 MainThread [INFO]  Received executor task 38
2023-07-07 12:04:02.055 worker_log:602 7371 MainThread [INFO]  Completed executor task 38
2023-07-07 12:04:02.056 worker_log:613 7371 MainThread [INFO]  All processing finished for executor task 38
2023-07-07 12:04:02.068 worker_log:584 7371 MainThread [INFO]  Received executor task 46
2023-07-07 12:04:14.421 worker_log:602 7371 MainThread [INFO]  Completed executor task 46
2023-07-07 12:04:14.421 worker_log:613 7371 MainThread [INFO]  All processing finished for executor task 46
2023-07-07 12:04:14.432 worker_log:584 7371 MainThread [INFO]  Received executor task 59
2023-07-07 12:04:42.109 worker_log:602 7371 MainThread [INFO]  Completed executor task 59
2023-07-07 12:04:42.110 worker_log:613 7371 MainThread [INFO]  All processing finished for executor task 59
2023-07-07 12:04:42.121 worker_log:584 7371 MainThread [INFO]  Received executor task 74
2023-07-07 12:05:00.622 worker_log:602 7371 MainThread [INFO]  Completed executor task 74
2023-07-07 12:05:00.623 worker_log:613 7371 MainThread [INFO]  All processing finished for executor task 74
2023-07-07 12:05:00.634 worker_log:584 7371 MainThread [INFO]  Received executor task 86
2023-07-07 12:05:25.067 worker_log:602 7371 MainThread [INFO]  Completed executor task 86
2023-07-07 12:05:25.067 worker_log:613 7371 MainThread [INFO]  All processing finished for executor task 86
2023-07-07 12:05:25.078 worker_log:584 7371 MainThread [INFO]  Received executor task 102
2023-07-07 12:05:42.258 worker_log:602 7371 MainThread [INFO]  Completed executor task 102
2023-07-07 12:05:42.258 worker_log:613 7371 MainThread [INFO]  All processing finished for executor task 102
2023-07-07 12:05:42.281 worker_log:584 7371 MainThread [INFO]  Received executor task 109
2023-07-07 12:06:15.191 worker_log:602 7371 MainThread [INFO]  Completed executor task 109
2023-07-07 12:06:15.192 worker_log:613 7371 MainThread [INFO]  All processing finished for executor task 109
2023-07-07 12:06:15.203 worker_log:584 7371 MainThread [INFO]  Received executor task 126
2023-07-07 12:06:47.462 worker_log:602 7371 MainThread [INFO]  Completed executor task 126
2023-07-07 12:06:47.462 worker_log:613 7371 MainThread [INFO]  All processing finished for executor task 126
2023-07-07 12:06:47.473 worker_log:584 7371 MainThread [INFO]  Received executor task 141
2023-07-07 12:07:55.886 worker_log:602 7371 MainThread [INFO]  Completed executor task 141
2023-07-07 12:07:55.887 worker_log:613 7371 MainThread [INFO]  All processing finished for executor task 141
2023-07-07 12:07:55.899 worker_log:584 7371 MainThread [INFO]  Received executor task 182
2023-07-07 12:08:18.148 worker_log:602 7371 MainThread [INFO]  Completed executor task 182
2023-07-07 12:08:18.148 worker_log:613 7371 MainThread [INFO]  All processing finished for executor task 182
2023-07-07 12:08:18.160 worker_log:584 7371 MainThread [INFO]  Received executor task 193
2023-07-07 12:08:25.711 worker_log:602 7371 MainThread [INFO]  Completed executor task 193
2023-07-07 12:08:25.712 worker_log:613 7371 MainThread [INFO]  All processing finished for executor task 193
2023-07-07 12:08:25.723 worker_log:584 7371 MainThread [INFO]  Received executor task 197
2023-07-07 12:08:57.775 worker_log:602 7371 MainThread [INFO]  Completed executor task 197
2023-07-07 12:08:57.775 worker_log:613 7371 MainThread [INFO]  All processing finished for executor task 197
2023-07-07 12:08:57.786 worker_log:584 7371 MainThread [INFO]  Received executor task 215
2023-07-07 12:09:27.400 worker_log:602 7371 MainThread [INFO]  Completed executor task 215
2023-07-07 12:09:27.400 worker_log:613 7371 MainThread [INFO]  All processing finished for executor task 215
2023-07-07 12:09:27.414 worker_log:584 7371 MainThread [INFO]  Received executor task 227
2023-07-07 12:10:20.600 worker_log:602 7371 MainThread [INFO]  Completed executor task 227
2023-07-07 12:10:20.600 worker_log:613 7371 MainThread [INFO]  All processing finished for executor task 227
2023-07-07 12:10:20.611 worker_log:584 7371 MainThread [INFO]  Received executor task 252
2023-07-07 12:11:03.119 worker_log:602 7371 MainThread [INFO]  Completed executor task 252
2023-07-07 12:11:03.120 worker_log:613 7371 MainThread [INFO]  All processing finished for executor task 252
2023-07-07 12:11:03.132 worker_log:584 7371 MainThread [INFO]  Received executor task 266
2023-07-07 12:11:32.407 worker_log:602 7371 MainThread [INFO]  Completed executor task 266
2023-07-07 12:11:32.407 worker_log:613 7371 MainThread [INFO]  All processing finished for executor task 266
2023-07-07 12:11:32.419 worker_log:584 7371 MainThread [INFO]  Received executor task 278
2023-07-07 12:11:57.850 worker_log:602 7371 MainThread [INFO]  Completed executor task 278
2023-07-07 12:11:57.851 worker_log:613 7371 MainThread [INFO]  All processing finished for executor task 278
2023-07-07 12:11:57.862 worker_log:584 7371 MainThread [INFO]  Received executor task 292
2023-07-07 12:12:18.190 worker_log:602 7371 MainThread [INFO]  Completed executor task 292
2023-07-07 12:12:18.190 worker_log:613 7371 MainThread [INFO]  All processing finished for executor task 292
2023-07-07 12:12:18.202 worker_log:584 7371 MainThread [INFO]  Received executor task 301
2023-07-07 12:12:48.970 worker_log:602 7371 MainThread [INFO]  Completed executor task 301
2023-07-07 12:12:48.970 worker_log:613 7371 MainThread [INFO]  All processing finished for executor task 301
2023-07-07 12:12:48.978 worker_log:584 7371 MainThread [INFO]  Received executor task 316
2023-07-07 12:13:04.616 worker_log:602 7371 MainThread [INFO]  Completed executor task 316
2023-07-07 12:13:04.616 worker_log:613 7371 MainThread [INFO]  All processing finished for executor task 316
2023-07-07 12:13:04.627 worker_log:584 7371 MainThread [INFO]  Received executor task 329
2023-07-07 12:13:28.474 worker_log:602 7371 MainThread [INFO]  Completed executor task 329
2023-07-07 12:13:28.475 worker_log:613 7371 MainThread [INFO]  All processing finished for executor task 329
2023-07-07 12:13:28.486 worker_log:584 7371 MainThread [INFO]  Received executor task 340
2023-07-07 12:13:52.009 worker_log:602 7371 MainThread [INFO]  Completed executor task 340
2023-07-07 12:13:52.009 worker_log:613 7371 MainThread [INFO]  All processing finished for executor task 340
2023-07-07 12:13:52.021 worker_log:584 7371 MainThread [INFO]  Received executor task 351
2023-07-07 12:14:09.289 worker_log:602 7371 MainThread [INFO]  Completed executor task 351
2023-07-07 12:14:09.290 worker_log:613 7371 MainThread [INFO]  All processing finished for executor task 351
2023-07-07 12:14:09.307 worker_log:584 7371 MainThread [INFO]  Received executor task 361
2023-07-07 12:14:54.141 worker_log:602 7371 MainThread [INFO]  Completed executor task 361
2023-07-07 12:14:54.142 worker_log:613 7371 MainThread [INFO]  All processing finished for executor task 361
2023-07-07 12:14:54.153 worker_log:584 7371 MainThread [INFO]  Received executor task 385
2023-07-07 12:15:28.914 worker_log:602 7371 MainThread [INFO]  Completed executor task 385
2023-07-07 12:15:28.914 worker_log:613 7371 MainThread [INFO]  All processing finished for executor task 385
2023-07-07 12:15:28.925 worker_log:584 7371 MainThread [INFO]  Received executor task 402
2023-07-07 12:16:42.966 worker_log:602 7371 MainThread [INFO]  Completed executor task 402
2023-07-07 12:16:42.967 worker_log:613 7371 MainThread [INFO]  All processing finished for executor task 402
2023-07-07 12:16:42.987 worker_log:584 7371 MainThread [INFO]  Received executor task 431
2023-07-07 12:17:38.008 worker_log:602 7371 MainThread [INFO]  Completed executor task 431
2023-07-07 12:17:38.009 worker_log:613 7371 MainThread [INFO]  All processing finished for executor task 431
2023-07-07 12:17:38.020 worker_log:584 7371 MainThread [INFO]  Received executor task 459
2023-07-07 12:18:08.270 worker_log:602 7371 MainThread [INFO]  Completed executor task 459
2023-07-07 12:18:08.271 worker_log:613 7371 MainThread [INFO]  All processing finished for executor task 459
2023-07-07 12:18:08.292 worker_log:584 7371 MainThread [INFO]  Received executor task 475
2023-07-07 12:18:54.621 worker_log:602 7371 MainThread [INFO]  Completed executor task 475
2023-07-07 12:18:54.621 worker_log:613 7371 MainThread [INFO]  All processing finished for executor task 475
2023-07-07 12:18:54.632 worker_log:584 7371 MainThread [INFO]  Received executor task 495
2023-07-07 12:19:32.945 worker_log:602 7371 MainThread [INFO]  Completed executor task 495
2023-07-07 12:19:32.946 worker_log:613 7371 MainThread [INFO]  All processing finished for executor task 495
2023-07-07 12:19:32.957 worker_log:584 7371 MainThread [INFO]  Received executor task 512
2023-07-07 12:19:53.097 worker_log:602 7371 MainThread [INFO]  Completed executor task 512
2023-07-07 12:19:53.098 worker_log:613 7371 MainThread [INFO]  All processing finished for executor task 512
2023-07-07 12:19:53.109 worker_log:584 7371 MainThread [INFO]  Received executor task 525
2023-07-07 12:20:40.408 worker_log:602 7371 MainThread [INFO]  Completed executor task 525
2023-07-07 12:20:40.408 worker_log:613 7371 MainThread [INFO]  All processing finished for executor task 525
2023-07-07 12:20:40.419 worker_log:584 7371 MainThread [INFO]  Received executor task 547
2023-07-07 12:21:44.395 worker_log:602 7371 MainThread [INFO]  Completed executor task 547
2023-07-07 12:21:44.396 worker_log:613 7371 MainThread [INFO]  All processing finished for executor task 547
2023-07-07 12:21:44.408 worker_log:584 7371 MainThread [INFO]  Received executor task 571
2023-07-07 12:22:05.175 worker_log:602 7371 MainThread [INFO]  Completed executor task 571
2023-07-07 12:22:05.176 worker_log:613 7371 MainThread [INFO]  All processing finished for executor task 571
2023-07-07 12:22:05.188 worker_log:584 7371 MainThread [INFO]  Received executor task 579
2023-07-07 12:23:09.226 worker_log:602 7371 MainThread [INFO]  Completed executor task 579
2023-07-07 12:23:09.226 worker_log:613 7371 MainThread [INFO]  All processing finished for executor task 579
2023-07-07 12:23:09.237 worker_log:584 7371 MainThread [INFO]  Received executor task 612
2023-07-07 12:23:44.976 worker_log:602 7371 MainThread [INFO]  Completed executor task 612
2023-07-07 12:23:44.976 worker_log:613 7371 MainThread [INFO]  All processing finished for executor task 612
2023-07-07 12:23:44.988 worker_log:584 7371 MainThread [INFO]  Received executor task 629
2023-07-07 12:24:03.347 worker_log:602 7371 MainThread [INFO]  Completed executor task 629
2023-07-07 12:24:03.348 worker_log:613 7371 MainThread [INFO]  All processing finished for executor task 629
2023-07-07 12:24:03.359 worker_log:584 7371 MainThread [INFO]  Received executor task 636
2023-07-07 12:24:58.545 worker_log:602 7371 MainThread [INFO]  Completed executor task 636
2023-07-07 12:24:58.545 worker_log:613 7371 MainThread [INFO]  All processing finished for executor task 636
2023-07-07 12:24:58.556 worker_log:584 7371 MainThread [INFO]  Received executor task 661
2023-07-07 12:25:56.236 worker_log:602 7371 MainThread [INFO]  Completed executor task 661
2023-07-07 12:25:56.237 worker_log:613 7371 MainThread [INFO]  All processing finished for executor task 661
2023-07-07 12:25:56.248 worker_log:584 7371 MainThread [INFO]  Received executor task 687
2023-07-07 12:26:40.150 worker_log:602 7371 MainThread [INFO]  Completed executor task 687
2023-07-07 12:26:40.150 worker_log:613 7371 MainThread [INFO]  All processing finished for executor task 687
2023-07-07 12:26:40.161 worker_log:584 7371 MainThread [INFO]  Received executor task 710
2023-07-07 12:27:12.850 worker_log:602 7371 MainThread [INFO]  Completed executor task 710
2023-07-07 12:27:12.850 worker_log:613 7371 MainThread [INFO]  All processing finished for executor task 710
2023-07-07 12:27:12.861 worker_log:584 7371 MainThread [INFO]  Received executor task 729
2023-07-07 12:27:37.865 worker_log:602 7371 MainThread [INFO]  Completed executor task 729
2023-07-07 12:27:37.865 worker_log:613 7371 MainThread [INFO]  All processing finished for executor task 729
2023-07-07 12:27:37.880 worker_log:584 7371 MainThread [INFO]  Received executor task 739
2023-07-07 12:28:27.305 worker_log:602 7371 MainThread [INFO]  Completed executor task 739
2023-07-07 12:28:27.306 worker_log:613 7371 MainThread [INFO]  All processing finished for executor task 739
2023-07-07 12:28:27.317 worker_log:584 7371 MainThread [INFO]  Received executor task 760
2023-07-07 12:28:45.195 worker_log:602 7371 MainThread [INFO]  Completed executor task 760
2023-07-07 12:28:45.196 worker_log:613 7371 MainThread [INFO]  All processing finished for executor task 760
2023-07-07 12:28:45.206 worker_log:584 7371 MainThread [INFO]  Received executor task 770
2023-07-07 12:29:05.986 worker_log:602 7371 MainThread [INFO]  Completed executor task 770
2023-07-07 12:29:05.987 worker_log:613 7371 MainThread [INFO]  All processing finished for executor task 770
2023-07-07 12:29:05.998 worker_log:584 7371 MainThread [INFO]  Received executor task 779
2023-07-07 12:29:34.417 worker_log:602 7371 MainThread [INFO]  Completed executor task 779
2023-07-07 12:29:34.417 worker_log:613 7371 MainThread [INFO]  All processing finished for executor task 779
2023-07-07 12:29:34.429 worker_log:584 7371 MainThread [INFO]  Received executor task 792
2023-07-07 12:30:19.519 worker_log:602 7371 MainThread [INFO]  Completed executor task 792
2023-07-07 12:30:19.519 worker_log:613 7371 MainThread [INFO]  All processing finished for executor task 792
2023-07-07 12:30:19.530 worker_log:584 7371 MainThread [INFO]  Received executor task 815
2023-07-07 12:30:39.474 worker_log:602 7371 MainThread [INFO]  Completed executor task 815
2023-07-07 12:30:39.475 worker_log:613 7371 MainThread [INFO]  All processing finished for executor task 815
2023-07-07 12:30:39.486 worker_log:584 7371 MainThread [INFO]  Received executor task 829
2023-07-07 12:30:52.938 worker_log:602 7371 MainThread [INFO]  Completed executor task 829
2023-07-07 12:30:52.939 worker_log:613 7371 MainThread [INFO]  All processing finished for executor task 829
2023-07-07 12:30:52.950 worker_log:584 7371 MainThread [INFO]  Received executor task 835
2023-07-07 12:31:16.920 worker_log:602 7371 MainThread [INFO]  Completed executor task 835
2023-07-07 12:31:16.921 worker_log:613 7371 MainThread [INFO]  All processing finished for executor task 835
2023-07-07 12:31:16.932 worker_log:584 7371 MainThread [INFO]  Received executor task 851
2023-07-07 12:31:39.154 worker_log:602 7371 MainThread [INFO]  Completed executor task 851
2023-07-07 12:31:39.154 worker_log:613 7371 MainThread [INFO]  All processing finished for executor task 851
2023-07-07 12:31:39.165 worker_log:584 7371 MainThread [INFO]  Received executor task 862
2023-07-07 12:31:59.007 worker_log:602 7371 MainThread [INFO]  Completed executor task 862
2023-07-07 12:31:59.007 worker_log:613 7371 MainThread [INFO]  All processing finished for executor task 862
2023-07-07 12:31:59.020 worker_log:584 7371 MainThread [INFO]  Received executor task 874
2023-07-07 12:32:36.340 worker_log:602 7371 MainThread [INFO]  Completed executor task 874
2023-07-07 12:32:36.341 worker_log:613 7371 MainThread [INFO]  All processing finished for executor task 874
2023-07-07 12:32:36.352 worker_log:584 7371 MainThread [INFO]  Received executor task 893
2023-07-07 12:33:17.834 worker_log:602 7371 MainThread [INFO]  Completed executor task 893
2023-07-07 12:33:17.834 worker_log:613 7371 MainThread [INFO]  All processing finished for executor task 893
2023-07-07 12:33:17.845 worker_log:584 7371 MainThread [INFO]  Received executor task 930
2023-07-07 12:33:57.240 worker_log:602 7371 MainThread [INFO]  Completed executor task 930
2023-07-07 12:33:57.241 worker_log:613 7371 MainThread [INFO]  All processing finished for executor task 930
2023-07-07 12:33:57.252 worker_log:584 7371 MainThread [INFO]  Received executor task 949
2023-07-07 12:34:24.723 worker_log:602 7371 MainThread [INFO]  Completed executor task 949
2023-07-07 12:34:24.723 worker_log:613 7371 MainThread [INFO]  All processing finished for executor task 949
2023-07-07 12:34:24.734 worker_log:584 7371 MainThread [INFO]  Received executor task 967
2023-07-07 12:34:54.570 worker_log:602 7371 MainThread [INFO]  Completed executor task 967
2023-07-07 12:34:54.570 worker_log:613 7371 MainThread [INFO]  All processing finished for executor task 967
2023-07-07 12:34:54.582 worker_log:584 7371 MainThread [INFO]  Received executor task 981
2023-07-07 12:35:05.632 worker_log:602 7371 MainThread [INFO]  Completed executor task 981
2023-07-07 12:35:05.632 worker_log:613 7371 MainThread [INFO]  All processing finished for executor task 981
2023-07-07 12:35:05.643 worker_log:584 7371 MainThread [INFO]  Received executor task 991
2023-07-07 12:35:47.559 worker_log:602 7371 MainThread [INFO]  Completed executor task 991
2023-07-07 12:35:47.560 worker_log:613 7371 MainThread [INFO]  All processing finished for executor task 991
2023-07-07 12:35:47.571 worker_log:584 7371 MainThread [INFO]  Received executor task 1012
2023-07-07 12:36:08.327 worker_log:602 7371 MainThread [INFO]  Completed executor task 1012
2023-07-07 12:36:08.327 worker_log:613 7371 MainThread [INFO]  All processing finished for executor task 1012
2023-07-07 12:36:08.340 worker_log:584 7371 MainThread [INFO]  Received executor task 1027
2023-07-07 12:36:58.444 worker_log:602 7371 MainThread [INFO]  Completed executor task 1027
2023-07-07 12:36:58.445 worker_log:613 7371 MainThread [INFO]  All processing finished for executor task 1027
2023-07-07 12:36:58.456 worker_log:584 7371 MainThread [INFO]  Received executor task 1049
2023-07-07 12:37:29.859 worker_log:602 7371 MainThread [INFO]  Completed executor task 1049
2023-07-07 12:37:29.859 worker_log:613 7371 MainThread [INFO]  All processing finished for executor task 1049
2023-07-07 12:37:29.871 worker_log:584 7371 MainThread [INFO]  Received executor task 1066
2023-07-07 12:38:00.269 worker_log:602 7371 MainThread [INFO]  Completed executor task 1066
2023-07-07 12:38:00.269 worker_log:613 7371 MainThread [INFO]  All processing finished for executor task 1066
2023-07-07 12:38:00.280 worker_log:584 7371 MainThread [INFO]  Received executor task 1086
2023-07-07 12:38:57.244 worker_log:602 7371 MainThread [INFO]  Completed executor task 1086
2023-07-07 12:38:57.244 worker_log:613 7371 MainThread [INFO]  All processing finished for executor task 1086
2023-07-07 12:38:57.255 worker_log:584 7371 MainThread [INFO]  Received executor task 1107
2023-07-07 12:39:27.140 worker_log:602 7371 MainThread [INFO]  Completed executor task 1107
2023-07-07 12:39:27.141 worker_log:613 7371 MainThread [INFO]  All processing finished for executor task 1107
2023-07-07 12:39:27.153 worker_log:584 7371 MainThread [INFO]  Received executor task 1120
2023-07-07 12:40:00.909 worker_log:602 7371 MainThread [INFO]  Completed executor task 1120
2023-07-07 12:40:00.909 worker_log:613 7371 MainThread [INFO]  All processing finished for executor task 1120
2023-07-07 12:40:00.922 worker_log:584 7371 MainThread [INFO]  Received executor task 1133
2023-07-07 12:40:34.688 worker_log:602 7371 MainThread [INFO]  Completed executor task 1133
2023-07-07 12:40:34.688 worker_log:613 7371 MainThread [INFO]  All processing finished for executor task 1133
2023-07-07 12:40:34.699 worker_log:584 7371 MainThread [INFO]  Received executor task 1146
2023-07-07 12:41:10.662 worker_log:602 7371 MainThread [INFO]  Completed executor task 1146
2023-07-07 12:41:10.662 worker_log:613 7371 MainThread [INFO]  All processing finished for executor task 1146
2023-07-07 12:41:10.673 worker_log:584 7371 MainThread [INFO]  Received executor task 1161
2023-07-07 12:41:49.412 worker_log:602 7371 MainThread [INFO]  Completed executor task 1161
2023-07-07 12:41:49.412 worker_log:613 7371 MainThread [INFO]  All processing finished for executor task 1161
2023-07-07 12:41:49.424 worker_log:584 7371 MainThread [INFO]  Received executor task 1179
2023-07-07 12:42:09.131 worker_log:602 7371 MainThread [INFO]  Completed executor task 1179
2023-07-07 12:42:09.131 worker_log:613 7371 MainThread [INFO]  All processing finished for executor task 1179
2023-07-07 12:42:09.142 worker_log:584 7371 MainThread [INFO]  Received executor task 1190
2023-07-07 12:42:40.920 worker_log:602 7371 MainThread [INFO]  Completed executor task 1190
2023-07-07 12:42:40.920 worker_log:613 7371 MainThread [INFO]  All processing finished for executor task 1190
2023-07-07 12:42:40.935 worker_log:584 7371 MainThread [INFO]  Received executor task 1202
2023-07-07 12:43:09.675 worker_log:602 7371 MainThread [INFO]  Completed executor task 1202
2023-07-07 12:43:09.675 worker_log:613 7371 MainThread [INFO]  All processing finished for executor task 1202
2023-07-07 12:43:09.687 worker_log:584 7371 MainThread [INFO]  Received executor task 1220
2023-07-07 12:43:31.254 worker_log:602 7371 MainThread [INFO]  Completed executor task 1220
2023-07-07 12:43:31.254 worker_log:613 7371 MainThread [INFO]  All processing finished for executor task 1220
2023-07-07 12:43:31.266 worker_log:584 7371 MainThread [INFO]  Received executor task 1225
2023-07-07 12:43:49.173 worker_log:602 7371 MainThread [INFO]  Completed executor task 1225
2023-07-07 12:43:49.173 worker_log:613 7371 MainThread [INFO]  All processing finished for executor task 1225
2023-07-07 12:43:49.184 worker_log:584 7371 MainThread [INFO]  Received executor task 1239
2023-07-07 12:44:01.428 worker_log:602 7371 MainThread [INFO]  Completed executor task 1239
2023-07-07 12:44:01.428 worker_log:613 7371 MainThread [INFO]  All processing finished for executor task 1239
2023-07-07 12:44:01.439 worker_log:584 7371 MainThread [INFO]  Received executor task 1246
2023-07-07 12:44:20.313 worker_log:602 7371 MainThread [INFO]  Completed executor task 1246
2023-07-07 12:44:20.313 worker_log:613 7371 MainThread [INFO]  All processing finished for executor task 1246
2023-07-07 12:44:20.325 worker_log:584 7371 MainThread [INFO]  Received executor task 1253
2023-07-07 12:44:50.557 worker_log:602 7371 MainThread [INFO]  Completed executor task 1253
2023-07-07 12:44:50.557 worker_log:613 7371 MainThread [INFO]  All processing finished for executor task 1253
2023-07-07 12:44:50.568 worker_log:584 7371 MainThread [INFO]  Received executor task 1267
2023-07-07 12:45:11.865 worker_log:602 7371 MainThread [INFO]  Completed executor task 1267
2023-07-07 12:45:11.866 worker_log:613 7371 MainThread [INFO]  All processing finished for executor task 1267
2023-07-07 12:45:11.877 worker_log:584 7371 MainThread [INFO]  Received executor task 1276
2023-07-07 12:46:03.803 worker_log:602 7371 MainThread [INFO]  Completed executor task 1276
2023-07-07 12:46:03.803 worker_log:613 7371 MainThread [INFO]  All processing finished for executor task 1276
2023-07-07 12:46:03.814 worker_log:584 7371 MainThread [INFO]  Received executor task 1303
2023-07-07 12:47:31.008 worker_log:602 7371 MainThread [INFO]  Completed executor task 1303
2023-07-07 12:47:31.009 worker_log:613 7371 MainThread [INFO]  All processing finished for executor task 1303
2023-07-07 12:47:31.020 worker_log:584 7371 MainThread [INFO]  Received executor task 1341
2023-07-07 12:47:45.570 worker_log:602 7371 MainThread [INFO]  Completed executor task 1341
2023-07-07 12:47:45.570 worker_log:613 7371 MainThread [INFO]  All processing finished for executor task 1341
2023-07-07 12:47:45.582 worker_log:584 7371 MainThread [INFO]  Received executor task 1351
2023-07-07 12:48:19.951 worker_log:602 7371 MainThread [INFO]  Completed executor task 1351
2023-07-07 12:48:19.952 worker_log:613 7371 MainThread [INFO]  All processing finished for executor task 1351
2023-07-07 12:48:19.963 worker_log:584 7371 MainThread [INFO]  Received executor task 1366
2023-07-07 12:48:51.655 worker_log:602 7371 MainThread [INFO]  Completed executor task 1366
2023-07-07 12:48:51.655 worker_log:613 7371 MainThread [INFO]  All processing finished for executor task 1366
2023-07-07 12:48:51.667 worker_log:584 7371 MainThread [INFO]  Received executor task 1380
2023-07-07 12:49:34.551 worker_log:602 7371 MainThread [INFO]  Completed executor task 1380
2023-07-07 12:49:34.551 worker_log:613 7371 MainThread [INFO]  All processing finished for executor task 1380
2023-07-07 12:49:34.562 worker_log:584 7371 MainThread [INFO]  Received executor task 1402
2023-07-07 12:49:46.237 worker_log:602 7371 MainThread [INFO]  Completed executor task 1402
2023-07-07 12:49:46.238 worker_log:613 7371 MainThread [INFO]  All processing finished for executor task 1402
2023-07-07 12:49:46.249 worker_log:584 7371 MainThread [INFO]  Received executor task 1408
2023-07-07 12:50:12.586 worker_log:602 7371 MainThread [INFO]  Completed executor task 1408
2023-07-07 12:50:12.586 worker_log:613 7371 MainThread [INFO]  All processing finished for executor task 1408
2023-07-07 12:50:12.597 worker_log:584 7371 MainThread [INFO]  Received executor task 1422
2023-07-07 12:50:40.557 worker_log:602 7371 MainThread [INFO]  Completed executor task 1422
2023-07-07 12:50:40.557 worker_log:613 7371 MainThread [INFO]  All processing finished for executor task 1422
2023-07-07 12:50:40.568 worker_log:584 7371 MainThread [INFO]  Received executor task 1437
2023-07-07 12:51:06.481 worker_log:602 7371 MainThread [INFO]  Completed executor task 1437
2023-07-07 12:51:06.482 worker_log:613 7371 MainThread [INFO]  All processing finished for executor task 1437
2023-07-07 12:51:06.494 worker_log:584 7371 MainThread [INFO]  Received executor task 1450
2023-07-07 12:51:32.667 worker_log:602 7371 MainThread [INFO]  Completed executor task 1450
2023-07-07 12:51:32.668 worker_log:613 7371 MainThread [INFO]  All processing finished for executor task 1450
2023-07-07 12:51:32.679 worker_log:584 7371 MainThread [INFO]  Received executor task 1458
2023-07-07 12:52:03.039 worker_log:602 7371 MainThread [INFO]  Completed executor task 1458
2023-07-07 12:52:03.039 worker_log:613 7371 MainThread [INFO]  All processing finished for executor task 1458
2023-07-07 12:52:03.050 worker_log:584 7371 MainThread [INFO]  Received executor task 1473
2023-07-07 12:52:32.210 worker_log:602 7371 MainThread [INFO]  Completed executor task 1473
2023-07-07 12:52:32.211 worker_log:613 7371 MainThread [INFO]  All processing finished for executor task 1473
2023-07-07 12:52:32.222 worker_log:584 7371 MainThread [INFO]  Received executor task 1488
2023-07-07 12:52:56.933 worker_log:602 7371 MainThread [INFO]  Completed executor task 1488
2023-07-07 12:52:56.934 worker_log:613 7371 MainThread [INFO]  All processing finished for executor task 1488
2023-07-07 12:52:56.945 worker_log:584 7371 MainThread [INFO]  Received executor task 1502
2023-07-07 12:53:40.535 worker_log:602 7371 MainThread [INFO]  Completed executor task 1502
2023-07-07 12:53:40.535 worker_log:613 7371 MainThread [INFO]  All processing finished for executor task 1502
2023-07-07 12:53:40.547 worker_log:584 7371 MainThread [INFO]  Received executor task 1529
2023-07-07 12:54:29.072 worker_log:602 7371 MainThread [INFO]  Completed executor task 1529
2023-07-07 12:54:29.083 worker_log:613 7371 MainThread [INFO]  All processing finished for executor task 1529
2023-07-07 12:54:29.084 worker_log:584 7371 MainThread [INFO]  Received executor task 1553
2023-07-07 12:55:06.567 worker_log:602 7371 MainThread [INFO]  Completed executor task 1553
2023-07-07 12:55:06.579 worker_log:613 7371 MainThread [INFO]  All processing finished for executor task 1553
2023-07-07 12:55:06.587 worker_log:584 7371 MainThread [INFO]  Received executor task 1576
2023-07-07 12:55:14.948 worker_log:602 7371 MainThread [INFO]  Completed executor task 1576
2023-07-07 12:55:14.948 worker_log:613 7371 MainThread [INFO]  All processing finished for executor task 1576
2023-07-07 12:55:14.959 worker_log:584 7371 MainThread [INFO]  Received executor task 1581
2023-07-07 12:55:41.084 worker_log:602 7371 MainThread [INFO]  Completed executor task 1581
2023-07-07 12:55:41.085 worker_log:613 7371 MainThread [INFO]  All processing finished for executor task 1581
2023-07-07 12:55:41.105 worker_log:584 7371 MainThread [INFO]  Received executor task 1593
2023-07-07 12:56:18.283 worker_log:602 7371 MainThread [INFO]  Completed executor task 1593
2023-07-07 12:56:18.283 worker_log:613 7371 MainThread [INFO]  All processing finished for executor task 1593
2023-07-07 12:56:18.294 worker_log:584 7371 MainThread [INFO]  Received executor task 1616
2023-07-07 12:56:37.857 worker_log:602 7371 MainThread [INFO]  Completed executor task 1616
2023-07-07 12:56:37.858 worker_log:613 7371 MainThread [INFO]  All processing finished for executor task 1616
2023-07-07 12:56:37.869 worker_log:584 7371 MainThread [INFO]  Received executor task 1630
2023-07-07 12:56:53.187 worker_log:602 7371 MainThread [INFO]  Completed executor task 1630
2023-07-07 12:56:53.188 worker_log:613 7371 MainThread [INFO]  All processing finished for executor task 1630
2023-07-07 12:56:53.199 worker_log:584 7371 MainThread [INFO]  Received executor task 1636
2023-07-07 12:57:17.848 worker_log:602 7371 MainThread [INFO]  Completed executor task 1636
2023-07-07 12:57:17.848 worker_log:613 7371 MainThread [INFO]  All processing finished for executor task 1636
2023-07-07 12:57:17.859 worker_log:584 7371 MainThread [INFO]  Received executor task 1651
2023-07-07 12:57:44.727 worker_log:602 7371 MainThread [INFO]  Completed executor task 1651
2023-07-07 12:57:44.727 worker_log:613 7371 MainThread [INFO]  All processing finished for executor task 1651
2023-07-07 12:57:44.739 worker_log:584 7371 MainThread [INFO]  Received executor task 1666
2023-07-07 12:58:06.110 worker_log:602 7371 MainThread [INFO]  Completed executor task 1666
2023-07-07 12:58:06.110 worker_log:613 7371 MainThread [INFO]  All processing finished for executor task 1666
2023-07-07 12:58:06.121 worker_log:584 7371 MainThread [INFO]  Received executor task 1675
2023-07-07 12:58:32.469 worker_log:602 7371 MainThread [INFO]  Completed executor task 1675
2023-07-07 12:58:32.469 worker_log:613 7371 MainThread [INFO]  All processing finished for executor task 1675
2023-07-07 12:58:32.480 worker_log:584 7371 MainThread [INFO]  Received executor task 1688
2023-07-07 12:58:58.383 worker_log:602 7371 MainThread [INFO]  Completed executor task 1688
2023-07-07 12:58:58.383 worker_log:613 7371 MainThread [INFO]  All processing finished for executor task 1688
2023-07-07 12:58:58.394 worker_log:584 7371 MainThread [INFO]  Received executor task 1699
2023-07-07 12:59:06.180 worker_log:602 7371 MainThread [INFO]  Completed executor task 1699
2023-07-07 12:59:06.180 worker_log:613 7371 MainThread [INFO]  All processing finished for executor task 1699
2023-07-07 12:59:06.191 worker_log:584 7371 MainThread [INFO]  Received executor task 1704
2023-07-07 12:59:43.832 worker_log:602 7371 MainThread [INFO]  Completed executor task 1704
2023-07-07 12:59:43.844 worker_log:613 7371 MainThread [INFO]  All processing finished for executor task 1704
2023-07-07 12:59:43.856 worker_log:584 7371 MainThread [INFO]  Received executor task 1740
2023-07-07 13:00:03.424 worker_log:602 7371 MainThread [INFO]  Completed executor task 1740
2023-07-07 13:00:03.424 worker_log:613 7371 MainThread [INFO]  All processing finished for executor task 1740
2023-07-07 13:00:03.436 worker_log:584 7371 MainThread [INFO]  Received executor task 1757
2023-07-07 13:00:15.225 worker_log:602 7371 MainThread [INFO]  Completed executor task 1757
2023-07-07 13:00:15.226 worker_log:613 7371 MainThread [INFO]  All processing finished for executor task 1757
2023-07-07 13:00:15.237 worker_log:584 7371 MainThread [INFO]  Received executor task 1765
2023-07-07 13:00:23.950 worker_log:602 7371 MainThread [INFO]  Completed executor task 1765
2023-07-07 13:00:23.950 worker_log:613 7371 MainThread [INFO]  All processing finished for executor task 1765
2023-07-07 13:00:23.962 worker_log:584 7371 MainThread [INFO]  Received executor task 1769
2023-07-07 13:00:34.231 worker_log:602 7371 MainThread [INFO]  Completed executor task 1769
2023-07-07 13:00:34.231 worker_log:613 7371 MainThread [INFO]  All processing finished for executor task 1769
2023-07-07 13:00:34.242 worker_log:584 7371 MainThread [INFO]  Received executor task 1777
2023-07-07 13:01:01.539 worker_log:602 7371 MainThread [INFO]  Completed executor task 1777
2023-07-07 13:01:01.539 worker_log:613 7371 MainThread [INFO]  All processing finished for executor task 1777
2023-07-07 13:01:01.551 worker_log:584 7371 MainThread [INFO]  Received executor task 1791
2023-07-07 13:01:37.234 worker_log:602 7371 MainThread [INFO]  Completed executor task 1791
2023-07-07 13:01:37.235 worker_log:613 7371 MainThread [INFO]  All processing finished for executor task 1791
2023-07-07 13:01:37.235 worker_log:584 7371 MainThread [INFO]  Received executor task 1805
2023-07-07 13:02:30.722 worker_log:602 7371 MainThread [INFO]  Completed executor task 1805
2023-07-07 13:02:30.722 worker_log:613 7371 MainThread [INFO]  All processing finished for executor task 1805
2023-07-07 13:02:30.733 worker_log:584 7371 MainThread [INFO]  Received executor task 1824
2023-07-07 13:02:57.451 worker_log:602 7371 MainThread [INFO]  Completed executor task 1824
2023-07-07 13:02:57.452 worker_log:613 7371 MainThread [INFO]  All processing finished for executor task 1824
2023-07-07 13:02:57.463 worker_log:584 7371 MainThread [INFO]  Received executor task 1839
2023-07-07 13:03:20.624 worker_log:602 7371 MainThread [INFO]  Completed executor task 1839
2023-07-07 13:03:20.624 worker_log:613 7371 MainThread [INFO]  All processing finished for executor task 1839
2023-07-07 13:03:20.635 worker_log:584 7371 MainThread [INFO]  Received executor task 1847
2023-07-07 13:03:58.054 worker_log:602 7371 MainThread [INFO]  Completed executor task 1847
2023-07-07 13:03:58.055 worker_log:613 7371 MainThread [INFO]  All processing finished for executor task 1847
2023-07-07 13:03:58.066 worker_log:584 7371 MainThread [INFO]  Received executor task 1866
2023-07-07 13:04:33.479 worker_log:602 7371 MainThread [INFO]  Completed executor task 1866
2023-07-07 13:04:33.480 worker_log:613 7371 MainThread [INFO]  All processing finished for executor task 1866
2023-07-07 13:04:33.491 worker_log:584 7371 MainThread [INFO]  Received executor task 1881
2023-07-07 13:04:48.530 worker_log:602 7371 MainThread [INFO]  Completed executor task 1881
2023-07-07 13:04:48.531 worker_log:613 7371 MainThread [INFO]  All processing finished for executor task 1881
2023-07-07 13:04:48.542 worker_log:584 7371 MainThread [INFO]  Received executor task 1892
2023-07-07 13:05:22.265 worker_log:602 7371 MainThread [INFO]  Completed executor task 1892
2023-07-07 13:05:22.265 worker_log:613 7371 MainThread [INFO]  All processing finished for executor task 1892
2023-07-07 13:05:22.277 worker_log:584 7371 MainThread [INFO]  Received executor task 1910
2023-07-07 13:06:03.254 worker_log:602 7371 MainThread [INFO]  Completed executor task 1910
2023-07-07 13:06:03.255 worker_log:613 7371 MainThread [INFO]  All processing finished for executor task 1910
2023-07-07 13:06:03.266 worker_log:584 7371 MainThread [INFO]  Received executor task 1930
2023-07-07 13:06:34.972 worker_log:602 7371 MainThread [INFO]  Completed executor task 1930
2023-07-07 13:06:34.972 worker_log:613 7371 MainThread [INFO]  All processing finished for executor task 1930
2023-07-07 13:06:34.986 worker_log:584 7371 MainThread [INFO]  Received executor task 1946
2023-07-07 13:07:01.393 worker_log:602 7371 MainThread [INFO]  Completed executor task 1946
2023-07-07 13:07:01.394 worker_log:613 7371 MainThread [INFO]  All processing finished for executor task 1946
2023-07-07 13:07:01.405 worker_log:584 7371 MainThread [INFO]  Received executor task 1959
2023-07-07 13:07:21.037 worker_log:602 7371 MainThread [INFO]  Completed executor task 1959
2023-07-07 13:07:21.038 worker_log:613 7371 MainThread [INFO]  All processing finished for executor task 1959
2023-07-07 13:07:21.050 worker_log:584 7371 MainThread [INFO]  Received executor task 1970
2023-07-07 13:07:48.086 worker_log:602 7371 MainThread [INFO]  Completed executor task 1970
2023-07-07 13:07:48.086 worker_log:613 7371 MainThread [INFO]  All processing finished for executor task 1970
2023-07-07 13:07:48.097 worker_log:584 7371 MainThread [INFO]  Received executor task 1981
2023-07-07 13:08:20.820 worker_log:602 7371 MainThread [INFO]  Completed executor task 1981
2023-07-07 13:08:20.821 worker_log:613 7371 MainThread [INFO]  All processing finished for executor task 1981
2023-07-07 13:08:20.832 worker_log:584 7371 MainThread [INFO]  Received executor task 1996
2023-07-07 13:08:52.000 worker_log:602 7371 MainThread [INFO]  Completed executor task 1996
2023-07-07 13:08:52.001 worker_log:613 7371 MainThread [INFO]  All processing finished for executor task 1996
2023-07-07 13:08:52.022 worker_log:584 7371 MainThread [INFO]  Received executor task 2013
2023-07-07 13:09:34.497 worker_log:602 7371 MainThread [INFO]  Completed executor task 2013
2023-07-07 13:09:34.497 worker_log:613 7371 MainThread [INFO]  All processing finished for executor task 2013
2023-07-07 13:09:34.509 worker_log:584 7371 MainThread [INFO]  Received executor task 2036
2023-07-07 13:10:00.870 worker_log:602 7371 MainThread [INFO]  Completed executor task 2036
2023-07-07 13:10:00.871 worker_log:613 7371 MainThread [INFO]  All processing finished for executor task 2036
2023-07-07 13:10:00.882 worker_log:584 7371 MainThread [INFO]  Received executor task 2048
2023-07-07 13:11:15.401 worker_log:602 7371 MainThread [INFO]  Completed executor task 2048
2023-07-07 13:11:15.401 worker_log:613 7371 MainThread [INFO]  All processing finished for executor task 2048
2023-07-07 13:11:15.412 worker_log:584 7371 MainThread [INFO]  Received executor task 2076
2023-07-07 13:11:56.172 worker_log:602 7371 MainThread [INFO]  Completed executor task 2076
2023-07-07 13:11:56.172 worker_log:613 7371 MainThread [INFO]  All processing finished for executor task 2076
2023-07-07 13:11:56.183 worker_log:584 7371 MainThread [INFO]  Received executor task 2098
2023-07-07 13:12:07.177 worker_log:602 7371 MainThread [INFO]  Completed executor task 2098
2023-07-07 13:12:07.177 worker_log:613 7371 MainThread [INFO]  All processing finished for executor task 2098
2023-07-07 13:12:07.188 worker_log:584 7371 MainThread [INFO]  Received executor task 2106
2023-07-07 13:12:28.146 worker_log:602 7371 MainThread [INFO]  Completed executor task 2106
2023-07-07 13:12:28.146 worker_log:613 7371 MainThread [INFO]  All processing finished for executor task 2106
2023-07-07 13:12:28.157 worker_log:584 7371 MainThread [INFO]  Received executor task 2117
2023-07-07 13:13:06.411 worker_log:602 7371 MainThread [INFO]  Completed executor task 2117
2023-07-07 13:13:06.412 worker_log:613 7371 MainThread [INFO]  All processing finished for executor task 2117
2023-07-07 13:13:06.423 worker_log:584 7371 MainThread [INFO]  Received executor task 2136
2023-07-07 13:13:17.963 worker_log:602 7371 MainThread [INFO]  Completed executor task 2136
2023-07-07 13:13:17.963 worker_log:613 7371 MainThread [INFO]  All processing finished for executor task 2136
2023-07-07 13:13:17.974 worker_log:584 7371 MainThread [INFO]  Received executor task 2141
2023-07-07 13:13:57.491 worker_log:602 7371 MainThread [INFO]  Completed executor task 2141
2023-07-07 13:13:57.492 worker_log:613 7371 MainThread [INFO]  All processing finished for executor task 2141
2023-07-07 13:13:57.503 worker_log:584 7371 MainThread [INFO]  Received executor task 2166
2023-07-07 13:14:40.213 worker_log:602 7371 MainThread [INFO]  Completed executor task 2166
2023-07-07 13:14:40.214 worker_log:613 7371 MainThread [INFO]  All processing finished for executor task 2166
2023-07-07 13:14:40.237 worker_log:584 7371 MainThread [INFO]  Received executor task 2187
2023-07-07 13:14:50.002 worker_log:602 7371 MainThread [INFO]  Completed executor task 2187
2023-07-07 13:14:50.002 worker_log:613 7371 MainThread [INFO]  All processing finished for executor task 2187
2023-07-07 13:14:50.014 worker_log:584 7371 MainThread [INFO]  Received executor task 2198
2023-07-07 13:15:49.966 worker_log:602 7371 MainThread [INFO]  Completed executor task 2198
2023-07-07 13:15:49.966 worker_log:613 7371 MainThread [INFO]  All processing finished for executor task 2198
2023-07-07 13:15:49.978 worker_log:584 7371 MainThread [INFO]  Received executor task 2220
2023-07-07 13:16:31.356 worker_log:602 7371 MainThread [INFO]  Completed executor task 2220
2023-07-07 13:16:31.357 worker_log:613 7371 MainThread [INFO]  All processing finished for executor task 2220
2023-07-07 13:16:31.368 worker_log:584 7371 MainThread [INFO]  Received executor task 2241
2023-07-07 13:16:55.812 worker_log:602 7371 MainThread [INFO]  Completed executor task 2241
2023-07-07 13:16:55.813 worker_log:613 7371 MainThread [INFO]  All processing finished for executor task 2241
2023-07-07 13:16:55.825 worker_log:584 7371 MainThread [INFO]  Received executor task 2251
2023-07-07 13:17:28.129 worker_log:602 7371 MainThread [INFO]  Completed executor task 2251
2023-07-07 13:17:28.130 worker_log:613 7371 MainThread [INFO]  All processing finished for executor task 2251
2023-07-07 13:17:28.141 worker_log:584 7371 MainThread [INFO]  Received executor task 2268
2023-07-07 13:17:46.303 worker_log:602 7371 MainThread [INFO]  Completed executor task 2268
2023-07-07 13:17:46.303 worker_log:613 7371 MainThread [INFO]  All processing finished for executor task 2268
2023-07-07 13:17:46.314 worker_log:584 7371 MainThread [INFO]  Received executor task 2278
2023-07-07 13:17:57.033 worker_log:602 7371 MainThread [INFO]  Completed executor task 2278
2023-07-07 13:17:57.034 worker_log:613 7371 MainThread [INFO]  All processing finished for executor task 2278
2023-07-07 13:17:57.045 worker_log:584 7371 MainThread [INFO]  Received executor task 2282
2023-07-07 13:18:41.949 worker_log:602 7371 MainThread [INFO]  Completed executor task 2282
2023-07-07 13:18:41.949 worker_log:613 7371 MainThread [INFO]  All processing finished for executor task 2282
2023-07-07 13:18:41.960 worker_log:584 7371 MainThread [INFO]  Received executor task 2301
2023-07-07 13:19:13.043 worker_log:602 7371 MainThread [INFO]  Completed executor task 2301
2023-07-07 13:19:13.043 worker_log:613 7371 MainThread [INFO]  All processing finished for executor task 2301
2023-07-07 13:19:13.054 worker_log:584 7371 MainThread [INFO]  Received executor task 2313
2023-07-07 13:19:42.459 worker_log:602 7371 MainThread [INFO]  Completed executor task 2313
2023-07-07 13:19:42.459 worker_log:613 7371 MainThread [INFO]  All processing finished for executor task 2313
2023-07-07 13:19:42.470 worker_log:584 7371 MainThread [INFO]  Received executor task 2328
2023-07-07 13:20:23.676 worker_log:602 7371 MainThread [INFO]  Completed executor task 2328
2023-07-07 13:20:23.676 worker_log:613 7371 MainThread [INFO]  All processing finished for executor task 2328
2023-07-07 13:20:23.687 worker_log:584 7371 MainThread [INFO]  Received executor task 2350
2023-07-07 13:21:06.088 worker_log:602 7371 MainThread [INFO]  Completed executor task 2350
2023-07-07 13:21:06.088 worker_log:613 7371 MainThread [INFO]  All processing finished for executor task 2350
2023-07-07 13:21:06.099 worker_log:584 7371 MainThread [INFO]  Received executor task 2367
2023-07-07 13:21:42.708 worker_log:602 7371 MainThread [INFO]  Completed executor task 2367
2023-07-07 13:21:42.708 worker_log:613 7371 MainThread [INFO]  All processing finished for executor task 2367
2023-07-07 13:21:42.719 worker_log:584 7371 MainThread [INFO]  Received executor task 2386
2023-07-07 13:22:02.325 worker_log:602 7371 MainThread [INFO]  Completed executor task 2386
2023-07-07 13:22:02.325 worker_log:613 7371 MainThread [INFO]  All processing finished for executor task 2386
2023-07-07 13:22:02.336 worker_log:584 7371 MainThread [INFO]  Received executor task 2399
2023-07-07 13:22:17.944 worker_log:602 7371 MainThread [INFO]  Completed executor task 2399
2023-07-07 13:22:17.945 worker_log:613 7371 MainThread [INFO]  All processing finished for executor task 2399
2023-07-07 13:22:17.956 worker_log:584 7371 MainThread [INFO]  Received executor task 2407
2023-07-07 13:22:31.880 worker_log:602 7371 MainThread [INFO]  Completed executor task 2407
2023-07-07 13:22:31.881 worker_log:613 7371 MainThread [INFO]  All processing finished for executor task 2407
2023-07-07 13:22:31.892 worker_log:584 7371 MainThread [INFO]  Received executor task 2415
2023-07-07 13:22:44.191 worker_log:602 7371 MainThread [INFO]  Completed executor task 2415
2023-07-07 13:22:44.191 worker_log:613 7371 MainThread [INFO]  All processing finished for executor task 2415
2023-07-07 13:22:44.202 worker_log:584 7371 MainThread [INFO]  Received executor task 2424
2023-07-07 13:22:53.679 worker_log:602 7371 MainThread [INFO]  Completed executor task 2424
2023-07-07 13:22:53.679 worker_log:613 7371 MainThread [INFO]  All processing finished for executor task 2424
2023-07-07 13:22:53.690 worker_log:584 7371 MainThread [INFO]  Received executor task 2432
2023-07-07 13:23:09.035 worker_log:602 7371 MainThread [INFO]  Completed executor task 2432
2023-07-07 13:23:09.035 worker_log:613 7371 MainThread [INFO]  All processing finished for executor task 2432
2023-07-07 13:23:09.046 worker_log:584 7371 MainThread [INFO]  Received executor task 2443
2023-07-07 13:23:41.197 worker_log:602 7371 MainThread [INFO]  Completed executor task 2443
2023-07-07 13:23:41.198 worker_log:613 7371 MainThread [INFO]  All processing finished for executor task 2443
2023-07-07 13:23:41.210 worker_log:584 7371 MainThread [INFO]  Received executor task 2464
2023-07-07 13:24:21.626 worker_log:602 7371 MainThread [INFO]  Completed executor task 2464
2023-07-07 13:24:21.626 worker_log:613 7371 MainThread [INFO]  All processing finished for executor task 2464
2023-07-07 13:24:21.637 worker_log:584 7371 MainThread [INFO]  Received executor task 2484
2023-07-07 13:25:41.485 worker_log:602 7371 MainThread [INFO]  Completed executor task 2484
2023-07-07 13:25:41.485 worker_log:613 7371 MainThread [INFO]  All processing finished for executor task 2484
2023-07-07 13:25:41.496 worker_log:584 7371 MainThread [INFO]  Received executor task 2520
2023-07-07 13:26:17.956 worker_log:602 7371 MainThread [INFO]  Completed executor task 2520
2023-07-07 13:26:17.956 worker_log:613 7371 MainThread [INFO]  All processing finished for executor task 2520
2023-07-07 13:26:17.967 worker_log:584 7371 MainThread [INFO]  Received executor task 2537
2023-07-07 13:27:01.399 worker_log:602 7371 MainThread [INFO]  Completed executor task 2537
2023-07-07 13:27:01.400 worker_log:613 7371 MainThread [INFO]  All processing finished for executor task 2537
2023-07-07 13:27:01.411 worker_log:584 7371 MainThread [INFO]  Received executor task 2555
2023-07-07 13:27:20.225 worker_log:602 7371 MainThread [INFO]  Completed executor task 2555
2023-07-07 13:27:20.225 worker_log:613 7371 MainThread [INFO]  All processing finished for executor task 2555
2023-07-07 13:27:20.236 worker_log:584 7371 MainThread [INFO]  Received executor task 2568
2023-07-07 13:27:46.199 worker_log:602 7371 MainThread [INFO]  Completed executor task 2568
2023-07-07 13:27:46.200 worker_log:613 7371 MainThread [INFO]  All processing finished for executor task 2568
2023-07-07 13:27:46.211 worker_log:584 7371 MainThread [INFO]  Received executor task 2580
2023-07-07 13:28:07.427 worker_log:602 7371 MainThread [INFO]  Completed executor task 2580
2023-07-07 13:28:07.427 worker_log:613 7371 MainThread [INFO]  All processing finished for executor task 2580
2023-07-07 13:28:07.438 worker_log:584 7371 MainThread [INFO]  Received executor task 2591
2023-07-07 13:28:41.293 worker_log:602 7371 MainThread [INFO]  Completed executor task 2591
2023-07-07 13:28:41.294 worker_log:613 7371 MainThread [INFO]  All processing finished for executor task 2591
2023-07-07 13:28:41.305 worker_log:584 7371 MainThread [INFO]  Received executor task 2605
2023-07-07 13:28:58.707 worker_log:602 7371 MainThread [INFO]  Completed executor task 2605
2023-07-07 13:28:58.707 worker_log:613 7371 MainThread [INFO]  All processing finished for executor task 2605
2023-07-07 13:28:58.718 worker_log:584 7371 MainThread [INFO]  Received executor task 2611
2023-07-07 13:29:30.408 worker_log:602 7371 MainThread [INFO]  Completed executor task 2611
2023-07-07 13:29:30.408 worker_log:613 7371 MainThread [INFO]  All processing finished for executor task 2611
2023-07-07 13:29:30.421 worker_log:584 7371 MainThread [INFO]  Received executor task 2628
2023-07-07 13:30:08.756 worker_log:602 7371 MainThread [INFO]  Completed executor task 2628
2023-07-07 13:30:08.757 worker_log:613 7371 MainThread [INFO]  All processing finished for executor task 2628
2023-07-07 13:30:08.769 worker_log:584 7371 MainThread [INFO]  Received executor task 2645
2023-07-07 13:31:55.187 worker_log:602 7371 MainThread [INFO]  Completed executor task 2645
2023-07-07 13:31:55.188 worker_log:613 7371 MainThread [INFO]  All processing finished for executor task 2645
2023-07-07 13:31:55.199 worker_log:584 7371 MainThread [INFO]  Received executor task 2693
2023-07-07 13:32:18.056 worker_log:602 7371 MainThread [INFO]  Completed executor task 2693
2023-07-07 13:32:18.057 worker_log:613 7371 MainThread [INFO]  All processing finished for executor task 2693
2023-07-07 13:32:18.068 worker_log:584 7371 MainThread [INFO]  Received executor task 2703
2023-07-07 13:33:06.665 worker_log:602 7371 MainThread [INFO]  Completed executor task 2703
2023-07-07 13:33:06.665 worker_log:613 7371 MainThread [INFO]  All processing finished for executor task 2703
2023-07-07 13:33:06.676 worker_log:584 7371 MainThread [INFO]  Received executor task 2732
2023-07-07 13:33:48.972 worker_log:602 7371 MainThread [INFO]  Completed executor task 2732
2023-07-07 13:33:48.972 worker_log:613 7371 MainThread [INFO]  All processing finished for executor task 2732
2023-07-07 13:33:48.983 worker_log:584 7371 MainThread [INFO]  Received executor task 2755
2023-07-07 13:33:59.826 worker_log:602 7371 MainThread [INFO]  Completed executor task 2755
2023-07-07 13:33:59.826 worker_log:613 7371 MainThread [INFO]  All processing finished for executor task 2755
2023-07-07 13:33:59.837 worker_log:584 7371 MainThread [INFO]  Received executor task 2761
2023-07-07 13:34:28.628 worker_log:602 7371 MainThread [INFO]  Completed executor task 2761
2023-07-07 13:34:28.628 worker_log:613 7371 MainThread [INFO]  All processing finished for executor task 2761
2023-07-07 13:34:28.639 worker_log:584 7371 MainThread [INFO]  Received executor task 2780
2023-07-07 13:35:18.218 worker_log:602 7371 MainThread [INFO]  Completed executor task 2780
2023-07-07 13:35:18.219 worker_log:613 7371 MainThread [INFO]  All processing finished for executor task 2780
2023-07-07 13:35:18.239 worker_log:584 7371 MainThread [INFO]  Received executor task 2800
2023-07-07 13:35:41.649 worker_log:602 7371 MainThread [INFO]  Completed executor task 2800
2023-07-07 13:35:41.650 worker_log:613 7371 MainThread [INFO]  All processing finished for executor task 2800
2023-07-07 13:35:41.661 worker_log:584 7371 MainThread [INFO]  Received executor task 2812
2023-07-07 13:35:55.330 worker_log:602 7371 MainThread [INFO]  Completed executor task 2812
2023-07-07 13:35:55.330 worker_log:613 7371 MainThread [INFO]  All processing finished for executor task 2812
2023-07-07 13:35:55.343 worker_log:584 7371 MainThread [INFO]  Received executor task 2818
2023-07-07 13:36:38.945 worker_log:602 7371 MainThread [INFO]  Completed executor task 2818
2023-07-07 13:36:38.945 worker_log:613 7371 MainThread [INFO]  All processing finished for executor task 2818
2023-07-07 13:36:38.956 worker_log:584 7371 MainThread [INFO]  Received executor task 2843
2023-07-07 13:37:06.782 worker_log:602 7371 MainThread [INFO]  Completed executor task 2843
2023-07-07 13:37:06.782 worker_log:613 7371 MainThread [INFO]  All processing finished for executor task 2843
2023-07-07 13:37:06.793 worker_log:584 7371 MainThread [INFO]  Received executor task 2855
2023-07-07 13:37:35.801 worker_log:602 7371 MainThread [INFO]  Completed executor task 2855
2023-07-07 13:37:35.801 worker_log:613 7371 MainThread [INFO]  All processing finished for executor task 2855
2023-07-07 13:37:35.812 worker_log:584 7371 MainThread [INFO]  Received executor task 2870
2023-07-07 13:38:17.889 worker_log:602 7371 MainThread [INFO]  Completed executor task 2870
2023-07-07 13:38:17.901 worker_log:613 7371 MainThread [INFO]  All processing finished for executor task 2870
2023-07-07 13:38:17.902 worker_log:584 7371 MainThread [INFO]  Received executor task 2897
2023-07-07 13:38:37.394 worker_log:602 7371 MainThread [INFO]  Completed executor task 2897
2023-07-07 13:38:37.394 worker_log:613 7371 MainThread [INFO]  All processing finished for executor task 2897
2023-07-07 13:38:37.405 worker_log:584 7371 MainThread [INFO]  Received executor task 2913
2023-07-07 13:39:07.192 worker_log:602 7371 MainThread [INFO]  Completed executor task 2913
2023-07-07 13:39:07.193 worker_log:613 7371 MainThread [INFO]  All processing finished for executor task 2913
2023-07-07 13:39:07.204 worker_log:584 7371 MainThread [INFO]  Received executor task 2932
2023-07-07 13:39:37.385 worker_log:602 7371 MainThread [INFO]  Completed executor task 2932
2023-07-07 13:39:37.385 worker_log:613 7371 MainThread [INFO]  All processing finished for executor task 2932
2023-07-07 13:39:37.397 worker_log:584 7371 MainThread [INFO]  Received executor task 2945
2023-07-07 13:40:19.739 worker_log:602 7371 MainThread [INFO]  Completed executor task 2945
2023-07-07 13:40:19.739 worker_log:613 7371 MainThread [INFO]  All processing finished for executor task 2945
2023-07-07 13:40:19.750 worker_log:584 7371 MainThread [INFO]  Received executor task 2968
2023-07-07 13:41:08.208 worker_log:602 7371 MainThread [INFO]  Completed executor task 2968
2023-07-07 13:41:08.208 worker_log:613 7371 MainThread [INFO]  All processing finished for executor task 2968
2023-07-07 13:41:08.219 worker_log:584 7371 MainThread [INFO]  Received executor task 2998
2023-07-07 13:41:53.275 worker_log:602 7371 MainThread [INFO]  Completed executor task 2998
2023-07-07 13:41:53.275 worker_log:613 7371 MainThread [INFO]  All processing finished for executor task 2998
2023-07-07 13:41:53.287 worker_log:584 7371 MainThread [INFO]  Received executor task 3018
2023-07-07 13:42:16.958 worker_log:602 7371 MainThread [INFO]  Completed executor task 3018
2023-07-07 13:42:16.958 worker_log:613 7371 MainThread [INFO]  All processing finished for executor task 3018
2023-07-07 13:42:16.969 worker_log:584 7371 MainThread [INFO]  Received executor task 3029
2023-07-07 13:43:16.856 worker_log:602 7371 MainThread [INFO]  Completed executor task 3029
2023-07-07 13:43:16.856 worker_log:613 7371 MainThread [INFO]  All processing finished for executor task 3029
2023-07-07 13:43:16.868 worker_log:584 7371 MainThread [INFO]  Received executor task 3056
2023-07-07 13:43:42.419 worker_log:602 7371 MainThread [INFO]  Completed executor task 3056
2023-07-07 13:43:42.419 worker_log:613 7371 MainThread [INFO]  All processing finished for executor task 3056
2023-07-07 13:43:42.431 worker_log:584 7371 MainThread [INFO]  Received executor task 3068
2023-07-07 13:44:11.446 worker_log:602 7371 MainThread [INFO]  Completed executor task 3068
2023-07-07 13:44:11.446 worker_log:613 7371 MainThread [INFO]  All processing finished for executor task 3068
2023-07-07 13:44:11.457 worker_log:584 7371 MainThread [INFO]  Received executor task 3082
2023-07-07 13:44:38.531 worker_log:602 7371 MainThread [INFO]  Completed executor task 3082
2023-07-07 13:44:38.532 worker_log:613 7371 MainThread [INFO]  All processing finished for executor task 3082
2023-07-07 13:44:38.543 worker_log:584 7371 MainThread [INFO]  Received executor task 3096
2023-07-07 13:45:01.784 worker_log:602 7371 MainThread [INFO]  Completed executor task 3096
2023-07-07 13:45:01.785 worker_log:613 7371 MainThread [INFO]  All processing finished for executor task 3096
2023-07-07 13:45:01.797 worker_log:584 7371 MainThread [INFO]  Received executor task 3113
2023-07-07 13:45:26.479 worker_log:602 7371 MainThread [INFO]  Completed executor task 3113
2023-07-07 13:45:26.479 worker_log:613 7371 MainThread [INFO]  All processing finished for executor task 3113
2023-07-07 13:45:26.490 worker_log:584 7371 MainThread [INFO]  Received executor task 3125
2023-07-07 13:45:49.668 worker_log:602 7371 MainThread [INFO]  Completed executor task 3125
2023-07-07 13:45:49.668 worker_log:613 7371 MainThread [INFO]  All processing finished for executor task 3125
2023-07-07 13:45:49.680 worker_log:584 7371 MainThread [INFO]  Received executor task 3141
2023-07-07 13:46:34.644 worker_log:602 7371 MainThread [INFO]  Completed executor task 3141
2023-07-07 13:46:34.644 worker_log:613 7371 MainThread [INFO]  All processing finished for executor task 3141
2023-07-07 13:46:34.656 worker_log:584 7371 MainThread [INFO]  Received executor task 3161
2023-07-07 13:47:03.482 worker_log:602 7371 MainThread [INFO]  Completed executor task 3161
2023-07-07 13:47:03.483 worker_log:613 7371 MainThread [INFO]  All processing finished for executor task 3161
2023-07-07 13:47:03.494 worker_log:584 7371 MainThread [INFO]  Received executor task 3174
2023-07-07 13:47:32.164 worker_log:602 7371 MainThread [INFO]  Completed executor task 3174
2023-07-07 13:47:32.164 worker_log:613 7371 MainThread [INFO]  All processing finished for executor task 3174
2023-07-07 13:47:32.176 worker_log:584 7371 MainThread [INFO]  Received executor task 3187
2023-07-07 13:47:54.704 worker_log:602 7371 MainThread [INFO]  Completed executor task 3187
2023-07-07 13:47:54.704 worker_log:613 7371 MainThread [INFO]  All processing finished for executor task 3187
2023-07-07 13:47:54.715 worker_log:584 7371 MainThread [INFO]  Received executor task 3202
2023-07-07 13:48:17.185 worker_log:602 7371 MainThread [INFO]  Completed executor task 3202
2023-07-07 13:48:17.185 worker_log:613 7371 MainThread [INFO]  All processing finished for executor task 3202
2023-07-07 13:48:17.196 worker_log:584 7371 MainThread [INFO]  Received executor task 3210
2023-07-07 13:48:51.803 worker_log:602 7371 MainThread [INFO]  Completed executor task 3210
2023-07-07 13:48:51.804 worker_log:613 7371 MainThread [INFO]  All processing finished for executor task 3210
2023-07-07 13:48:51.815 worker_log:584 7371 MainThread [INFO]  Received executor task 3232
2023-07-07 13:49:14.723 worker_log:602 7371 MainThread [INFO]  Completed executor task 3232
2023-07-07 13:49:14.724 worker_log:613 7371 MainThread [INFO]  All processing finished for executor task 3232
2023-07-07 13:49:14.735 worker_log:584 7371 MainThread [INFO]  Received executor task 3244
2023-07-07 13:49:51.618 worker_log:602 7371 MainThread [INFO]  Completed executor task 3244
2023-07-07 13:49:51.618 worker_log:613 7371 MainThread [INFO]  All processing finished for executor task 3244
2023-07-07 13:49:51.629 worker_log:584 7371 MainThread [INFO]  Received executor task 3264
2023-07-07 13:50:13.382 worker_log:602 7371 MainThread [INFO]  Completed executor task 3264
2023-07-07 13:50:13.382 worker_log:613 7371 MainThread [INFO]  All processing finished for executor task 3264
2023-07-07 13:50:13.394 worker_log:584 7371 MainThread [INFO]  Received executor task 3274
2023-07-07 13:50:34.208 worker_log:602 7371 MainThread [INFO]  Completed executor task 3274
2023-07-07 13:50:34.209 worker_log:613 7371 MainThread [INFO]  All processing finished for executor task 3274
2023-07-07 13:50:34.220 worker_log:584 7371 MainThread [INFO]  Received executor task 3288
2023-07-07 13:51:11.695 worker_log:602 7371 MainThread [INFO]  Completed executor task 3288
2023-07-07 13:51:11.695 worker_log:613 7371 MainThread [INFO]  All processing finished for executor task 3288
2023-07-07 13:51:11.707 worker_log:584 7371 MainThread [INFO]  Received executor task 3310
2023-07-07 13:51:37.046 worker_log:602 7371 MainThread [INFO]  Completed executor task 3310
2023-07-07 13:51:37.047 worker_log:613 7371 MainThread [INFO]  All processing finished for executor task 3310
2023-07-07 13:51:37.058 worker_log:584 7371 MainThread [INFO]  Received executor task 3328
2023-07-07 13:52:03.054 worker_log:602 7371 MainThread [INFO]  Completed executor task 3328
2023-07-07 13:52:03.054 worker_log:613 7371 MainThread [INFO]  All processing finished for executor task 3328
2023-07-07 13:52:03.074 worker_log:584 7371 MainThread [INFO]  Received executor task 3341
2023-07-07 13:53:07.859 worker_log:602 7371 MainThread [INFO]  Completed executor task 3341
2023-07-07 13:53:07.860 worker_log:613 7371 MainThread [INFO]  All processing finished for executor task 3341
2023-07-07 13:53:07.871 worker_log:584 7371 MainThread [INFO]  Received executor task 3376
2023-07-07 13:53:25.877 worker_log:602 7371 MainThread [INFO]  Completed executor task 3376
2023-07-07 13:53:25.878 worker_log:613 7371 MainThread [INFO]  All processing finished for executor task 3376
2023-07-07 13:53:25.889 worker_log:584 7371 MainThread [INFO]  Received executor task 3390
2023-07-07 13:53:48.665 worker_log:602 7371 MainThread [INFO]  Completed executor task 3390
2023-07-07 13:53:48.665 worker_log:613 7371 MainThread [INFO]  All processing finished for executor task 3390
2023-07-07 13:53:48.676 worker_log:584 7371 MainThread [INFO]  Received executor task 3404
2023-07-07 13:54:21.898 worker_log:602 7371 MainThread [INFO]  Completed executor task 3404
2023-07-07 13:54:21.898 worker_log:613 7371 MainThread [INFO]  All processing finished for executor task 3404
2023-07-07 13:54:21.910 worker_log:584 7371 MainThread [INFO]  Received executor task 3421
2023-07-07 13:54:56.305 worker_log:602 7371 MainThread [INFO]  Completed executor task 3421
2023-07-07 13:54:56.305 worker_log:613 7371 MainThread [INFO]  All processing finished for executor task 3421
2023-07-07 13:54:56.316 worker_log:584 7371 MainThread [INFO]  Received executor task 3438
2023-07-07 13:55:26.073 worker_log:602 7371 MainThread [INFO]  Completed executor task 3438
2023-07-07 13:55:26.074 worker_log:613 7371 MainThread [INFO]  All processing finished for executor task 3438
2023-07-07 13:55:26.085 worker_log:584 7371 MainThread [INFO]  Received executor task 3459
2023-07-07 13:55:53.713 worker_log:602 7371 MainThread [INFO]  Completed executor task 3459
2023-07-07 13:55:53.714 worker_log:613 7371 MainThread [INFO]  All processing finished for executor task 3459
2023-07-07 13:55:53.726 worker_log:584 7371 MainThread [INFO]  Received executor task 3474
2023-07-07 13:56:49.070 worker_log:602 7371 MainThread [INFO]  Completed executor task 3474
2023-07-07 13:56:49.071 worker_log:613 7371 MainThread [INFO]  All processing finished for executor task 3474
2023-07-07 13:56:49.082 worker_log:584 7371 MainThread [INFO]  Received executor task 3496
2023-07-07 13:57:22.874 worker_log:602 7371 MainThread [INFO]  Completed executor task 3496
2023-07-07 13:57:22.875 worker_log:613 7371 MainThread [INFO]  All processing finished for executor task 3496
2023-07-07 13:57:22.885 worker_log:584 7371 MainThread [INFO]  Received executor task 3508
2023-07-07 13:58:15.725 worker_log:602 7371 MainThread [INFO]  Completed executor task 3508
2023-07-07 13:58:15.726 worker_log:613 7371 MainThread [INFO]  All processing finished for executor task 3508
2023-07-07 13:58:15.737 worker_log:584 7371 MainThread [INFO]  Received executor task 3532
2023-07-07 13:58:39.059 worker_log:602 7371 MainThread [INFO]  Completed executor task 3532
2023-07-07 13:58:39.060 worker_log:613 7371 MainThread [INFO]  All processing finished for executor task 3532
2023-07-07 13:58:39.071 worker_log:584 7371 MainThread [INFO]  Received executor task 3543
2023-07-07 13:59:04.007 worker_log:602 7371 MainThread [INFO]  Completed executor task 3543
2023-07-07 13:59:04.008 worker_log:613 7371 MainThread [INFO]  All processing finished for executor task 3543
2023-07-07 13:59:04.019 worker_log:584 7371 MainThread [INFO]  Received executor task 3554
2023-07-07 13:59:29.040 worker_log:602 7371 MainThread [INFO]  Completed executor task 3554
2023-07-07 13:59:29.040 worker_log:613 7371 MainThread [INFO]  All processing finished for executor task 3554
2023-07-07 13:59:29.051 worker_log:584 7371 MainThread [INFO]  Received executor task 3569
2023-07-07 13:59:58.069 worker_log:602 7371 MainThread [INFO]  Completed executor task 3569
2023-07-07 13:59:58.069 worker_log:613 7371 MainThread [INFO]  All processing finished for executor task 3569
2023-07-07 13:59:58.080 worker_log:584 7371 MainThread [INFO]  Received executor task 3584
2023-07-07 14:00:13.781 worker_log:602 7371 MainThread [INFO]  Completed executor task 3584
2023-07-07 14:00:13.781 worker_log:613 7371 MainThread [INFO]  All processing finished for executor task 3584
2023-07-07 14:00:13.792 worker_log:584 7371 MainThread [INFO]  Received executor task 3590
2023-07-07 14:00:56.674 worker_log:602 7371 MainThread [INFO]  Completed executor task 3590
2023-07-07 14:00:56.674 worker_log:613 7371 MainThread [INFO]  All processing finished for executor task 3590
2023-07-07 14:00:56.685 worker_log:584 7371 MainThread [INFO]  Received executor task 3616
2023-07-07 14:01:22.245 worker_log:602 7371 MainThread [INFO]  Completed executor task 3616
2023-07-07 14:01:22.245 worker_log:613 7371 MainThread [INFO]  All processing finished for executor task 3616
2023-07-07 14:01:22.257 worker_log:584 7371 MainThread [INFO]  Received executor task 3628
2023-07-07 14:01:38.807 worker_log:602 7371 MainThread [INFO]  Completed executor task 3628
2023-07-07 14:01:38.807 worker_log:613 7371 MainThread [INFO]  All processing finished for executor task 3628
2023-07-07 14:01:38.818 worker_log:584 7371 MainThread [INFO]  Received executor task 3641
2023-07-07 14:01:55.170 worker_log:602 7371 MainThread [INFO]  Completed executor task 3641
2023-07-07 14:01:55.171 worker_log:613 7371 MainThread [INFO]  All processing finished for executor task 3641
2023-07-07 14:01:55.182 worker_log:584 7371 MainThread [INFO]  Received executor task 3650
2023-07-07 14:02:15.844 worker_log:602 7371 MainThread [INFO]  Completed executor task 3650
2023-07-07 14:02:15.844 worker_log:613 7371 MainThread [INFO]  All processing finished for executor task 3650
2023-07-07 14:02:15.856 worker_log:584 7371 MainThread [INFO]  Received executor task 3660
2023-07-07 14:02:26.369 worker_log:602 7371 MainThread [INFO]  Completed executor task 3660
2023-07-07 14:02:26.370 worker_log:613 7371 MainThread [INFO]  All processing finished for executor task 3660
2023-07-07 14:02:26.381 worker_log:584 7371 MainThread [INFO]  Received executor task 3668
2023-07-07 14:02:43.234 worker_log:602 7371 MainThread [INFO]  Completed executor task 3668
2023-07-07 14:02:43.234 worker_log:613 7371 MainThread [INFO]  All processing finished for executor task 3668
2023-07-07 14:02:43.246 worker_log:584 7371 MainThread [INFO]  Received executor task 3676
2023-07-07 14:03:07.980 worker_log:602 7371 MainThread [INFO]  Completed executor task 3676
2023-07-07 14:03:07.991 worker_log:613 7371 MainThread [INFO]  All processing finished for executor task 3676
2023-07-07 14:03:07.991 worker_log:584 7371 MainThread [INFO]  Received executor task 3688
2023-07-07 14:03:46.376 worker_log:602 7371 MainThread [INFO]  Completed executor task 3688
2023-07-07 14:03:46.376 worker_log:613 7371 MainThread [INFO]  All processing finished for executor task 3688
2023-07-07 14:03:46.388 worker_log:584 7371 MainThread [INFO]  Received executor task 3707
2023-07-07 14:04:30.526 worker_log:602 7371 MainThread [INFO]  Completed executor task 3707
2023-07-07 14:04:30.527 worker_log:613 7371 MainThread [INFO]  All processing finished for executor task 3707
2023-07-07 14:04:30.538 worker_log:584 7371 MainThread [INFO]  Received executor task 3727
2023-07-07 14:05:07.793 worker_log:602 7371 MainThread [INFO]  Completed executor task 3727
2023-07-07 14:05:07.793 worker_log:613 7371 MainThread [INFO]  All processing finished for executor task 3727
2023-07-07 14:05:07.804 worker_log:584 7371 MainThread [INFO]  Received executor task 3744
2023-07-07 14:05:28.916 worker_log:602 7371 MainThread [INFO]  Completed executor task 3744
2023-07-07 14:05:28.917 worker_log:613 7371 MainThread [INFO]  All processing finished for executor task 3744
2023-07-07 14:05:28.928 worker_log:584 7371 MainThread [INFO]  Received executor task 3753
2023-07-07 14:05:51.059 worker_log:602 7371 MainThread [INFO]  Completed executor task 3753
2023-07-07 14:05:51.060 worker_log:613 7371 MainThread [INFO]  All processing finished for executor task 3753
2023-07-07 14:05:51.071 worker_log:584 7371 MainThread [INFO]  Received executor task 3767
2023-07-07 14:06:27.914 worker_log:602 7371 MainThread [INFO]  Completed executor task 3767
2023-07-07 14:06:27.914 worker_log:613 7371 MainThread [INFO]  All processing finished for executor task 3767
2023-07-07 14:06:27.925 worker_log:584 7371 MainThread [INFO]  Received executor task 3782
2023-07-07 14:07:03.231 worker_log:602 7371 MainThread [INFO]  Completed executor task 3782
2023-07-07 14:07:03.232 worker_log:613 7371 MainThread [INFO]  All processing finished for executor task 3782
2023-07-07 14:07:03.243 worker_log:584 7371 MainThread [INFO]  Received executor task 3799
2023-07-07 14:07:49.131 worker_log:602 7371 MainThread [INFO]  Completed executor task 3799
2023-07-07 14:07:49.131 worker_log:613 7371 MainThread [INFO]  All processing finished for executor task 3799
2023-07-07 14:07:49.142 worker_log:584 7371 MainThread [INFO]  Received executor task 3818
2023-07-07 14:07:57.098 worker_log:602 7371 MainThread [INFO]  Completed executor task 3818
2023-07-07 14:07:57.098 worker_log:613 7371 MainThread [INFO]  All processing finished for executor task 3818
2023-07-07 14:07:57.110 worker_log:584 7371 MainThread [INFO]  Received executor task 3821
2023-07-07 14:08:04.568 worker_log:602 7371 MainThread [INFO]  Completed executor task 3821
2023-07-07 14:08:04.568 worker_log:613 7371 MainThread [INFO]  All processing finished for executor task 3821
2023-07-07 14:08:04.580 worker_log:584 7371 MainThread [INFO]  Received executor task 3826
2023-07-07 14:08:12.900 worker_log:602 7371 MainThread [INFO]  Completed executor task 3826
2023-07-07 14:08:12.901 worker_log:613 7371 MainThread [INFO]  All processing finished for executor task 3826
2023-07-07 14:08:12.912 worker_log:584 7371 MainThread [INFO]  Received executor task 3831
2023-07-07 14:09:09.307 worker_log:602 7371 MainThread [INFO]  Completed executor task 3831
2023-07-07 14:09:09.308 worker_log:613 7371 MainThread [INFO]  All processing finished for executor task 3831
2023-07-07 14:09:09.320 worker_log:584 7371 MainThread [INFO]  Received executor task 3856
2023-07-07 14:09:37.865 worker_log:602 7371 MainThread [INFO]  Completed executor task 3856
2023-07-07 14:09:37.865 worker_log:613 7371 MainThread [INFO]  All processing finished for executor task 3856
2023-07-07 14:09:37.877 worker_log:584 7371 MainThread [INFO]  Received executor task 3872
2023-07-07 14:09:49.646 worker_log:602 7371 MainThread [INFO]  Completed executor task 3872
2023-07-07 14:09:49.646 worker_log:613 7371 MainThread [INFO]  All processing finished for executor task 3872
2023-07-07 14:09:49.677 worker_log:584 7371 MainThread [INFO]  Received executor task 3883
2023-07-07 14:10:03.182 worker_log:602 7371 MainThread [INFO]  Completed executor task 3883
2023-07-07 14:10:03.183 worker_log:613 7371 MainThread [INFO]  All processing finished for executor task 3883
2023-07-07 14:10:03.195 worker_log:584 7371 MainThread [INFO]  Received executor task 3894
2023-07-07 14:10:26.400 worker_log:602 7371 MainThread [INFO]  Completed executor task 3894
2023-07-07 14:10:26.401 worker_log:613 7371 MainThread [INFO]  All processing finished for executor task 3894
2023-07-07 14:10:26.412 worker_log:584 7371 MainThread [INFO]  Received executor task 3908
2023-07-07 14:10:47.466 worker_log:602 7371 MainThread [INFO]  Completed executor task 3908
2023-07-07 14:10:47.467 worker_log:613 7371 MainThread [INFO]  All processing finished for executor task 3908
2023-07-07 14:10:47.496 worker_log:584 7371 MainThread [INFO]  Received executor task 3920
2023-07-07 14:11:22.885 worker_log:602 7371 MainThread [INFO]  Completed executor task 3920
2023-07-07 14:11:22.885 worker_log:613 7371 MainThread [INFO]  All processing finished for executor task 3920
2023-07-07 14:11:22.899 worker_log:584 7371 MainThread [INFO]  Received executor task 3933
2023-07-07 14:11:53.034 worker_log:602 7371 MainThread [INFO]  Completed executor task 3933
2023-07-07 14:11:53.035 worker_log:613 7371 MainThread [INFO]  All processing finished for executor task 3933
2023-07-07 14:11:53.053 worker_log:584 7371 MainThread [INFO]  Received executor task 3947
2023-07-07 14:12:50.637 worker_log:602 7371 MainThread [INFO]  Completed executor task 3947
2023-07-07 14:12:50.637 worker_log:613 7371 MainThread [INFO]  All processing finished for executor task 3947
2023-07-07 14:12:50.648 worker_log:584 7371 MainThread [INFO]  Received executor task 3971
2023-07-07 14:13:15.115 worker_log:602 7371 MainThread [INFO]  Completed executor task 3971
2023-07-07 14:13:15.116 worker_log:613 7371 MainThread [INFO]  All processing finished for executor task 3971
2023-07-07 14:13:15.127 worker_log:584 7371 MainThread [INFO]  Received executor task 3986
2023-07-07 14:13:53.714 worker_log:602 7371 MainThread [INFO]  Completed executor task 3986
2023-07-07 14:13:53.714 worker_log:613 7371 MainThread [INFO]  All processing finished for executor task 3986
2023-07-07 14:13:53.726 worker_log:584 7371 MainThread [INFO]  Received executor task 4003
2023-07-07 14:14:19.096 worker_log:602 7371 MainThread [INFO]  Completed executor task 4003
2023-07-07 14:14:19.097 worker_log:613 7371 MainThread [INFO]  All processing finished for executor task 4003
2023-07-07 14:14:19.108 worker_log:584 7371 MainThread [INFO]  Received executor task 4018
2023-07-07 14:14:53.196 worker_log:602 7371 MainThread [INFO]  Completed executor task 4018
2023-07-07 14:14:53.196 worker_log:613 7371 MainThread [INFO]  All processing finished for executor task 4018
2023-07-07 14:14:53.208 worker_log:584 7371 MainThread [INFO]  Received executor task 4036
2023-07-07 14:15:18.304 worker_log:602 7371 MainThread [INFO]  Completed executor task 4036
2023-07-07 14:15:18.304 worker_log:613 7371 MainThread [INFO]  All processing finished for executor task 4036
2023-07-07 14:15:18.324 worker_log:584 7371 MainThread [INFO]  Received executor task 4041
2023-07-07 14:15:37.987 worker_log:602 7371 MainThread [INFO]  Completed executor task 4041
2023-07-07 14:15:37.987 worker_log:613 7371 MainThread [INFO]  All processing finished for executor task 4041
2023-07-07 14:15:37.989 worker_log:584 7371 MainThread [INFO]  Received executor task 4055
2023-07-07 14:16:07.072 worker_log:602 7371 MainThread [INFO]  Completed executor task 4055
2023-07-07 14:16:07.073 worker_log:613 7371 MainThread [INFO]  All processing finished for executor task 4055
2023-07-07 14:16:07.084 worker_log:584 7371 MainThread [INFO]  Received executor task 4066
2023-07-07 14:16:31.032 worker_log:602 7371 MainThread [INFO]  Completed executor task 4066
2023-07-07 14:16:31.033 worker_log:613 7371 MainThread [INFO]  All processing finished for executor task 4066
2023-07-07 14:16:31.043 worker_log:584 7371 MainThread [INFO]  Received executor task 4079
2023-07-07 14:17:20.745 worker_log:602 7371 MainThread [INFO]  Completed executor task 4079
2023-07-07 14:17:20.754 worker_log:613 7371 MainThread [INFO]  All processing finished for executor task 4079
2023-07-07 14:17:20.756 worker_log:584 7371 MainThread [INFO]  Received executor task 4097
2023-07-07 14:17:51.514 worker_log:602 7371 MainThread [INFO]  Completed executor task 4097
2023-07-07 14:17:51.515 worker_log:613 7371 MainThread [INFO]  All processing finished for executor task 4097
2023-07-07 14:17:51.527 worker_log:584 7371 MainThread [INFO]  Received executor task 4112
2023-07-07 14:18:37.134 worker_log:602 7371 MainThread [INFO]  Completed executor task 4112
2023-07-07 14:18:37.134 worker_log:613 7371 MainThread [INFO]  All processing finished for executor task 4112
2023-07-07 14:18:37.145 worker_log:584 7371 MainThread [INFO]  Received executor task 4134
2023-07-07 14:19:10.961 worker_log:602 7371 MainThread [INFO]  Completed executor task 4134
2023-07-07 14:19:10.979 worker_log:613 7371 MainThread [INFO]  All processing finished for executor task 4134
2023-07-07 14:19:10.979 worker_log:584 7371 MainThread [INFO]  Received executor task 4146
2023-07-07 14:19:37.858 worker_log:602 7371 MainThread [INFO]  Completed executor task 4146
2023-07-07 14:19:37.859 worker_log:613 7371 MainThread [INFO]  All processing finished for executor task 4146
2023-07-07 14:19:37.870 worker_log:584 7371 MainThread [INFO]  Received executor task 4164
2023-07-07 14:20:04.295 worker_log:602 7371 MainThread [INFO]  Completed executor task 4164
2023-07-07 14:20:04.296 worker_log:613 7371 MainThread [INFO]  All processing finished for executor task 4164
2023-07-07 14:20:04.307 worker_log:584 7371 MainThread [INFO]  Received executor task 4177
2023-07-07 14:20:15.522 worker_log:602 7371 MainThread [INFO]  Completed executor task 4177
2023-07-07 14:20:15.522 worker_log:613 7371 MainThread [INFO]  All processing finished for executor task 4177
2023-07-07 14:20:15.534 worker_log:584 7371 MainThread [INFO]  Received executor task 4180
2023-07-07 14:20:49.717 worker_log:602 7371 MainThread [INFO]  Completed executor task 4180
2023-07-07 14:20:49.718 worker_log:613 7371 MainThread [INFO]  All processing finished for executor task 4180
2023-07-07 14:20:49.729 worker_log:584 7371 MainThread [INFO]  Received executor task 4191
2023-07-07 14:21:15.123 worker_log:602 7371 MainThread [INFO]  Completed executor task 4191
2023-07-07 14:21:15.123 worker_log:613 7371 MainThread [INFO]  All processing finished for executor task 4191
2023-07-07 14:21:15.134 worker_log:584 7371 MainThread [INFO]  Received executor task 4204
2023-07-07 14:21:38.441 worker_log:602 7371 MainThread [INFO]  Completed executor task 4204
2023-07-07 14:21:38.442 worker_log:613 7371 MainThread [INFO]  All processing finished for executor task 4204
2023-07-07 14:21:38.453 worker_log:584 7371 MainThread [INFO]  Received executor task 4213
2023-07-07 14:21:55.273 worker_log:602 7371 MainThread [INFO]  Completed executor task 4213
2023-07-07 14:21:55.274 worker_log:613 7371 MainThread [INFO]  All processing finished for executor task 4213
2023-07-07 14:21:55.285 worker_log:584 7371 MainThread [INFO]  Received executor task 4220
2023-07-07 14:22:47.169 worker_log:602 7371 MainThread [INFO]  Completed executor task 4220
2023-07-07 14:22:47.169 worker_log:613 7371 MainThread [INFO]  All processing finished for executor task 4220
2023-07-07 14:22:47.180 worker_log:584 7371 MainThread [INFO]  Received executor task 4252
2023-07-07 14:23:07.303 worker_log:602 7371 MainThread [INFO]  Completed executor task 4252
2023-07-07 14:23:07.304 worker_log:613 7371 MainThread [INFO]  All processing finished for executor task 4252
2023-07-07 14:23:07.315 worker_log:584 7371 MainThread [INFO]  Received executor task 4264
2023-07-07 14:23:25.874 worker_log:602 7371 MainThread [INFO]  Completed executor task 4264
2023-07-07 14:23:25.875 worker_log:613 7371 MainThread [INFO]  All processing finished for executor task 4264
2023-07-07 14:23:25.886 worker_log:584 7371 MainThread [INFO]  Received executor task 4271
2023-07-07 14:24:22.370 worker_log:602 7371 MainThread [INFO]  Completed executor task 4271
2023-07-07 14:24:22.371 worker_log:613 7371 MainThread [INFO]  All processing finished for executor task 4271
2023-07-07 14:24:22.382 worker_log:584 7371 MainThread [INFO]  Received executor task 4302
2023-07-07 14:24:38.247 worker_log:602 7371 MainThread [INFO]  Completed executor task 4302
2023-07-07 14:24:38.247 worker_log:613 7371 MainThread [INFO]  All processing finished for executor task 4302
2023-07-07 14:24:38.258 worker_log:584 7371 MainThread [INFO]  Received executor task 4311
2023-07-07 14:24:46.465 worker_log:602 7371 MainThread [INFO]  Completed executor task 4311
2023-07-07 14:24:46.466 worker_log:613 7371 MainThread [INFO]  All processing finished for executor task 4311
2023-07-07 14:24:46.477 worker_log:584 7371 MainThread [INFO]  Received executor task 4314
2023-07-07 14:25:02.065 worker_log:602 7371 MainThread [INFO]  Completed executor task 4314
2023-07-07 14:25:02.065 worker_log:613 7371 MainThread [INFO]  All processing finished for executor task 4314
2023-07-07 14:25:02.076 worker_log:584 7371 MainThread [INFO]  Received executor task 4320
2023-07-07 14:25:34.555 worker_log:602 7371 MainThread [INFO]  Completed executor task 4320
2023-07-07 14:25:34.555 worker_log:613 7371 MainThread [INFO]  All processing finished for executor task 4320
2023-07-07 14:25:34.566 worker_log:584 7371 MainThread [INFO]  Received executor task 4336
2023-07-07 14:25:48.653 worker_log:602 7371 MainThread [INFO]  Completed executor task 4336
2023-07-07 14:25:48.653 worker_log:613 7371 MainThread [INFO]  All processing finished for executor task 4336
2023-07-07 14:25:48.664 worker_log:584 7371 MainThread [INFO]  Received executor task 4342
2023-07-07 14:26:24.497 worker_log:602 7371 MainThread [INFO]  Completed executor task 4342
2023-07-07 14:26:24.498 worker_log:613 7371 MainThread [INFO]  All processing finished for executor task 4342
2023-07-07 14:26:24.509 worker_log:584 7371 MainThread [INFO]  Received executor task 4364
2023-07-07 14:26:40.734 worker_log:602 7371 MainThread [INFO]  Completed executor task 4364
2023-07-07 14:26:40.735 worker_log:613 7371 MainThread [INFO]  All processing finished for executor task 4364
2023-07-07 14:26:40.746 worker_log:584 7371 MainThread [INFO]  Received executor task 4377
2023-07-07 14:26:50.167 worker_log:602 7371 MainThread [INFO]  Completed executor task 4377
2023-07-07 14:26:50.167 worker_log:613 7371 MainThread [INFO]  All processing finished for executor task 4377
2023-07-07 14:26:50.179 worker_log:584 7371 MainThread [INFO]  Received executor task 4381
2023-07-07 14:27:44.826 worker_log:602 7371 MainThread [INFO]  Completed executor task 4381
2023-07-07 14:27:44.827 worker_log:613 7371 MainThread [INFO]  All processing finished for executor task 4381
2023-07-07 14:27:44.838 worker_log:584 7371 MainThread [INFO]  Received executor task 4411
2023-07-07 14:28:21.806 worker_log:602 7371 MainThread [INFO]  Completed executor task 4411
2023-07-07 14:28:21.806 worker_log:613 7371 MainThread [INFO]  All processing finished for executor task 4411
2023-07-07 14:28:21.817 worker_log:584 7371 MainThread [INFO]  Received executor task 4431
2023-07-07 14:28:32.209 worker_log:602 7371 MainThread [INFO]  Completed executor task 4431
2023-07-07 14:28:32.209 worker_log:613 7371 MainThread [INFO]  All processing finished for executor task 4431
2023-07-07 14:28:32.221 worker_log:584 7371 MainThread [INFO]  Received executor task 4438
2023-07-07 14:28:45.635 worker_log:602 7371 MainThread [INFO]  Completed executor task 4438
2023-07-07 14:28:45.636 worker_log:613 7371 MainThread [INFO]  All processing finished for executor task 4438
2023-07-07 14:28:45.647 worker_log:584 7371 MainThread [INFO]  Received executor task 4448
2023-07-07 14:29:44.209 worker_log:602 7371 MainThread [INFO]  Completed executor task 4448
2023-07-07 14:29:44.209 worker_log:613 7371 MainThread [INFO]  All processing finished for executor task 4448
2023-07-07 14:29:44.220 worker_log:584 7371 MainThread [INFO]  Received executor task 4468
2023-07-07 14:30:04.335 worker_log:602 7371 MainThread [INFO]  Completed executor task 4468
2023-07-07 14:30:04.336 worker_log:613 7371 MainThread [INFO]  All processing finished for executor task 4468
2023-07-07 14:30:04.347 worker_log:584 7371 MainThread [INFO]  Received executor task 4477
2023-07-07 14:30:40.676 worker_log:602 7371 MainThread [INFO]  Completed executor task 4477
2023-07-07 14:30:40.676 worker_log:613 7371 MainThread [INFO]  All processing finished for executor task 4477
2023-07-07 14:30:40.687 worker_log:584 7371 MainThread [INFO]  Received executor task 4497
2023-07-07 14:31:02.960 worker_log:602 7371 MainThread [INFO]  Completed executor task 4497
2023-07-07 14:31:02.961 worker_log:613 7371 MainThread [INFO]  All processing finished for executor task 4497
2023-07-07 14:31:02.972 worker_log:584 7371 MainThread [INFO]  Received executor task 4505
2023-07-07 14:31:25.016 worker_log:602 7371 MainThread [INFO]  Completed executor task 4505
2023-07-07 14:31:25.017 worker_log:613 7371 MainThread [INFO]  All processing finished for executor task 4505
2023-07-07 14:31:25.029 worker_log:584 7371 MainThread [INFO]  Received executor task 4516
2023-07-07 14:31:57.891 worker_log:602 7371 MainThread [INFO]  Completed executor task 4516
2023-07-07 14:31:57.891 worker_log:613 7371 MainThread [INFO]  All processing finished for executor task 4516
2023-07-07 14:31:57.902 worker_log:584 7371 MainThread [INFO]  Received executor task 4535
2023-07-07 14:32:08.631 worker_log:602 7371 MainThread [INFO]  Completed executor task 4535
2023-07-07 14:32:08.631 worker_log:613 7371 MainThread [INFO]  All processing finished for executor task 4535
2023-07-07 14:32:08.642 worker_log:584 7371 MainThread [INFO]  Received executor task 4540
2023-07-07 14:32:32.662 worker_log:602 7371 MainThread [INFO]  Completed executor task 4540
2023-07-07 14:32:32.663 worker_log:613 7371 MainThread [INFO]  All processing finished for executor task 4540
2023-07-07 14:32:32.674 worker_log:584 7371 MainThread [INFO]  Received executor task 4555
2023-07-07 14:32:51.153 worker_log:602 7371 MainThread [INFO]  Completed executor task 4555
2023-07-07 14:32:51.154 worker_log:613 7371 MainThread [INFO]  All processing finished for executor task 4555
2023-07-07 14:32:51.166 worker_log:584 7371 MainThread [INFO]  Received executor task 4564
2023-07-07 14:33:10.007 worker_log:602 7371 MainThread [INFO]  Completed executor task 4564
2023-07-07 14:33:10.008 worker_log:613 7371 MainThread [INFO]  All processing finished for executor task 4564
2023-07-07 14:33:10.019 worker_log:584 7371 MainThread [INFO]  Received executor task 4570
2023-07-07 14:33:36.853 worker_log:602 7371 MainThread [INFO]  Completed executor task 4570
2023-07-07 14:33:36.854 worker_log:613 7371 MainThread [INFO]  All processing finished for executor task 4570
2023-07-07 14:33:36.865 worker_log:584 7371 MainThread [INFO]  Received executor task 4588
2023-07-07 14:34:12.727 worker_log:602 7371 MainThread [INFO]  Completed executor task 4588
2023-07-07 14:34:12.727 worker_log:613 7371 MainThread [INFO]  All processing finished for executor task 4588
2023-07-07 14:34:12.738 worker_log:584 7371 MainThread [INFO]  Received executor task 4606
2023-07-07 14:34:29.761 worker_log:602 7371 MainThread [INFO]  Completed executor task 4606
2023-07-07 14:34:29.761 worker_log:613 7371 MainThread [INFO]  All processing finished for executor task 4606
2023-07-07 14:34:29.773 worker_log:584 7371 MainThread [INFO]  Received executor task 4617
2023-07-07 14:35:07.362 worker_log:602 7371 MainThread [INFO]  Completed executor task 4617
2023-07-07 14:35:07.362 worker_log:613 7371 MainThread [INFO]  All processing finished for executor task 4617
2023-07-07 14:35:07.373 worker_log:584 7371 MainThread [INFO]  Received executor task 4634
2023-07-07 14:35:36.086 worker_log:602 7371 MainThread [INFO]  Completed executor task 4634
2023-07-07 14:35:36.086 worker_log:613 7371 MainThread [INFO]  All processing finished for executor task 4634
2023-07-07 14:35:36.097 worker_log:584 7371 MainThread [INFO]  Received executor task 4652
2023-07-07 14:37:12.651 worker_log:602 7371 MainThread [INFO]  Completed executor task 4652
2023-07-07 14:37:12.660 worker_log:613 7371 MainThread [INFO]  All processing finished for executor task 4652
2023-07-07 14:37:12.663 worker_log:584 7371 MainThread [INFO]  Received executor task 4695
2023-07-07 14:37:33.780 worker_log:602 7371 MainThread [INFO]  Completed executor task 4695
2023-07-07 14:37:33.780 worker_log:613 7371 MainThread [INFO]  All processing finished for executor task 4695
2023-07-07 14:37:33.792 worker_log:584 7371 MainThread [INFO]  Received executor task 4701
2023-07-07 14:37:46.376 worker_log:602 7371 MainThread [INFO]  Completed executor task 4701
2023-07-07 14:37:46.377 worker_log:613 7371 MainThread [INFO]  All processing finished for executor task 4701
2023-07-07 14:37:46.388 worker_log:584 7371 MainThread [INFO]  Received executor task 4709
2023-07-07 14:38:18.520 worker_log:602 7371 MainThread [INFO]  Completed executor task 4709
2023-07-07 14:38:18.521 worker_log:613 7371 MainThread [INFO]  All processing finished for executor task 4709
2023-07-07 14:38:18.532 worker_log:584 7371 MainThread [INFO]  Received executor task 4722
2023-07-07 14:38:47.581 worker_log:602 7371 MainThread [INFO]  Completed executor task 4722
2023-07-07 14:38:47.582 worker_log:613 7371 MainThread [INFO]  All processing finished for executor task 4722
2023-07-07 14:38:47.593 worker_log:584 7371 MainThread [INFO]  Received executor task 4738
2023-07-07 14:39:10.951 worker_log:602 7371 MainThread [INFO]  Completed executor task 4738
2023-07-07 14:39:10.952 worker_log:613 7371 MainThread [INFO]  All processing finished for executor task 4738
2023-07-07 14:39:10.963 worker_log:584 7371 MainThread [INFO]  Received executor task 4744
2023-07-07 14:39:44.013 worker_log:602 7371 MainThread [INFO]  Completed executor task 4744
2023-07-07 14:39:44.014 worker_log:613 7371 MainThread [INFO]  All processing finished for executor task 4744
2023-07-07 14:39:44.025 worker_log:584 7371 MainThread [INFO]  Received executor task 4761
2023-07-07 14:40:14.400 worker_log:602 7371 MainThread [INFO]  Completed executor task 4761
2023-07-07 14:40:14.400 worker_log:613 7371 MainThread [INFO]  All processing finished for executor task 4761
2023-07-07 14:40:14.411 worker_log:584 7371 MainThread [INFO]  Received executor task 4777
2023-07-07 14:41:05.465 worker_log:602 7371 MainThread [INFO]  Completed executor task 4777
2023-07-07 14:41:05.466 worker_log:613 7371 MainThread [INFO]  All processing finished for executor task 4777
2023-07-07 14:41:05.477 worker_log:584 7371 MainThread [INFO]  Received executor task 4803
2023-07-07 14:42:01.054 worker_log:602 7371 MainThread [INFO]  Completed executor task 4803
2023-07-07 14:42:01.054 worker_log:613 7371 MainThread [INFO]  All processing finished for executor task 4803
2023-07-07 14:42:01.066 worker_log:584 7371 MainThread [INFO]  Received executor task 4827
2023-07-07 14:42:28.197 worker_log:602 7371 MainThread [INFO]  Completed executor task 4827
2023-07-07 14:42:28.197 worker_log:613 7371 MainThread [INFO]  All processing finished for executor task 4827
2023-07-07 14:42:28.208 worker_log:584 7371 MainThread [INFO]  Received executor task 4842
2023-07-07 14:42:52.232 worker_log:602 7371 MainThread [INFO]  Completed executor task 4842
2023-07-07 14:42:52.233 worker_log:613 7371 MainThread [INFO]  All processing finished for executor task 4842
2023-07-07 14:42:52.244 worker_log:584 7371 MainThread [INFO]  Received executor task 4855
2023-07-07 14:43:17.615 worker_log:602 7371 MainThread [INFO]  Completed executor task 4855
2023-07-07 14:43:17.616 worker_log:613 7371 MainThread [INFO]  All processing finished for executor task 4855
2023-07-07 14:43:17.627 worker_log:584 7371 MainThread [INFO]  Received executor task 4863
2023-07-07 14:43:48.663 worker_log:602 7371 MainThread [INFO]  Completed executor task 4863
2023-07-07 14:43:48.663 worker_log:613 7371 MainThread [INFO]  All processing finished for executor task 4863
2023-07-07 14:43:48.674 worker_log:584 7371 MainThread [INFO]  Received executor task 4880
2023-07-07 14:44:12.527 worker_log:602 7371 MainThread [INFO]  Completed executor task 4880
2023-07-07 14:44:12.528 worker_log:613 7371 MainThread [INFO]  All processing finished for executor task 4880
2023-07-07 14:44:12.539 worker_log:584 7371 MainThread [INFO]  Received executor task 4892
2023-07-07 14:44:25.788 worker_log:602 7371 MainThread [INFO]  Completed executor task 4892
2023-07-07 14:44:25.788 worker_log:613 7371 MainThread [INFO]  All processing finished for executor task 4892
2023-07-07 14:44:25.800 worker_log:584 7371 MainThread [INFO]  Received executor task 4899
2023-07-07 14:45:32.913 worker_log:602 7371 MainThread [INFO]  Completed executor task 4899
2023-07-07 14:45:32.913 worker_log:613 7371 MainThread [INFO]  All processing finished for executor task 4899
2023-07-07 14:45:32.924 worker_log:584 7371 MainThread [INFO]  Received executor task 4929
2023-07-07 14:46:14.817 worker_log:602 7371 MainThread [INFO]  Completed executor task 4929
2023-07-07 14:46:14.818 worker_log:613 7371 MainThread [INFO]  All processing finished for executor task 4929
2023-07-07 14:46:14.829 worker_log:584 7371 MainThread [INFO]  Received executor task 4947
2023-07-07 14:46:47.891 worker_log:602 7371 MainThread [INFO]  Completed executor task 4947
2023-07-07 14:46:47.891 worker_log:613 7371 MainThread [INFO]  All processing finished for executor task 4947
2023-07-07 14:46:47.903 worker_log:584 7371 MainThread [INFO]  Received executor task 4966
2023-07-07 14:47:09.250 worker_log:602 7371 MainThread [INFO]  Completed executor task 4966
2023-07-07 14:47:09.250 worker_log:613 7371 MainThread [INFO]  All processing finished for executor task 4966
2023-07-07 14:47:09.261 worker_log:584 7371 MainThread [INFO]  Received executor task 4975
2023-07-07 14:47:48.045 worker_log:602 7371 MainThread [INFO]  Completed executor task 4975
2023-07-07 14:47:48.045 worker_log:613 7371 MainThread [INFO]  All processing finished for executor task 4975
2023-07-07 14:47:48.056 worker_log:584 7371 MainThread [INFO]  Received executor task 4995
2023-07-07 14:48:13.027 worker_log:602 7371 MainThread [INFO]  Completed executor task 4995
2023-07-07 14:48:13.028 worker_log:613 7371 MainThread [INFO]  All processing finished for executor task 4995
2023-07-07 14:48:13.039 worker_log:584 7371 MainThread [INFO]  Received executor task 5009
2023-07-07 14:48:31.791 worker_log:602 7371 MainThread [INFO]  Completed executor task 5009
2023-07-07 14:48:31.791 worker_log:613 7371 MainThread [INFO]  All processing finished for executor task 5009
2023-07-07 14:48:31.803 worker_log:584 7371 MainThread [INFO]  Received executor task 5020
2023-07-07 14:48:58.583 worker_log:602 7371 MainThread [INFO]  Completed executor task 5020
2023-07-07 14:48:58.583 worker_log:613 7371 MainThread [INFO]  All processing finished for executor task 5020
2023-07-07 14:48:58.594 worker_log:584 7371 MainThread [INFO]  Received executor task 5034
2023-07-07 14:49:22.155 worker_log:602 7371 MainThread [INFO]  Completed executor task 5034
2023-07-07 14:49:22.155 worker_log:613 7371 MainThread [INFO]  All processing finished for executor task 5034
2023-07-07 14:49:22.166 worker_log:584 7371 MainThread [INFO]  Received executor task 5045
2023-07-07 14:49:29.996 worker_log:602 7371 MainThread [INFO]  Completed executor task 5045
2023-07-07 14:49:29.997 worker_log:613 7371 MainThread [INFO]  All processing finished for executor task 5045
2023-07-07 14:49:30.008 worker_log:584 7371 MainThread [INFO]  Received executor task 5048
2023-07-07 14:50:06.224 worker_log:602 7371 MainThread [INFO]  Completed executor task 5048
2023-07-07 14:50:06.224 worker_log:613 7371 MainThread [INFO]  All processing finished for executor task 5048
2023-07-07 14:50:06.235 worker_log:584 7371 MainThread [INFO]  Received executor task 5070
2023-07-07 14:50:45.289 worker_log:602 7371 MainThread [INFO]  Completed executor task 5070
2023-07-07 14:50:45.289 worker_log:613 7371 MainThread [INFO]  All processing finished for executor task 5070
2023-07-07 14:50:45.300 worker_log:584 7371 MainThread [INFO]  Received executor task 5085
2023-07-07 14:51:37.015 worker_log:602 7371 MainThread [INFO]  Completed executor task 5085
2023-07-07 14:51:37.015 worker_log:613 7371 MainThread [INFO]  All processing finished for executor task 5085
2023-07-07 14:51:37.026 worker_log:584 7371 MainThread [INFO]  Received executor task 5106
2023-07-07 14:51:55.733 worker_log:602 7371 MainThread [INFO]  Completed executor task 5106
2023-07-07 14:51:55.734 worker_log:613 7371 MainThread [INFO]  All processing finished for executor task 5106
2023-07-07 14:51:55.748 worker_log:584 7371 MainThread [INFO]  Received executor task 5118
2023-07-07 14:52:36.819 worker_log:602 7371 MainThread [INFO]  Completed executor task 5118
2023-07-07 14:52:36.820 worker_log:613 7371 MainThread [INFO]  All processing finished for executor task 5118
2023-07-07 14:52:36.831 worker_log:584 7371 MainThread [INFO]  Received executor task 5135
2023-07-07 14:53:07.421 worker_log:602 7371 MainThread [INFO]  Completed executor task 5135
2023-07-07 14:53:07.421 worker_log:613 7371 MainThread [INFO]  All processing finished for executor task 5135
2023-07-07 14:53:07.432 worker_log:584 7371 MainThread [INFO]  Received executor task 5146
2023-07-07 14:53:22.669 worker_log:602 7371 MainThread [INFO]  Completed executor task 5146
2023-07-07 14:53:22.669 worker_log:613 7371 MainThread [INFO]  All processing finished for executor task 5146
2023-07-07 14:53:22.680 worker_log:584 7371 MainThread [INFO]  Received executor task 5155
2023-07-07 14:53:49.825 worker_log:602 7371 MainThread [INFO]  Completed executor task 5155
2023-07-07 14:53:49.826 worker_log:613 7371 MainThread [INFO]  All processing finished for executor task 5155
2023-07-07 14:53:49.838 worker_log:584 7371 MainThread [INFO]  Received executor task 5172
2023-07-07 14:54:25.803 worker_log:602 7371 MainThread [INFO]  Completed executor task 5172
2023-07-07 14:54:25.804 worker_log:613 7371 MainThread [INFO]  All processing finished for executor task 5172
2023-07-07 14:54:25.815 worker_log:584 7371 MainThread [INFO]  Received executor task 5192
2023-07-07 14:56:20.038 worker_log:602 7371 MainThread [INFO]  Completed executor task 5192
2023-07-07 14:56:20.038 worker_log:613 7371 MainThread [INFO]  All processing finished for executor task 5192
2023-07-07 14:56:20.050 worker_log:584 7371 MainThread [INFO]  Received executor task 5251
2023-07-07 14:56:35.542 worker_log:602 7371 MainThread [INFO]  Completed executor task 5251
2023-07-07 14:56:35.542 worker_log:613 7371 MainThread [INFO]  All processing finished for executor task 5251
2023-07-07 14:56:35.554 worker_log:584 7371 MainThread [INFO]  Received executor task 5260
2023-07-07 14:57:03.867 worker_log:602 7371 MainThread [INFO]  Completed executor task 5260
2023-07-07 14:57:03.867 worker_log:613 7371 MainThread [INFO]  All processing finished for executor task 5260
2023-07-07 14:57:03.878 worker_log:584 7371 MainThread [INFO]  Received executor task 5271
2023-07-07 14:58:23.317 worker_log:602 7371 MainThread [INFO]  Completed executor task 5271
2023-07-07 14:58:23.318 worker_log:613 7371 MainThread [INFO]  All processing finished for executor task 5271
2023-07-07 14:58:23.329 worker_log:584 7371 MainThread [INFO]  Received executor task 5295
2023-07-07 14:58:53.367 worker_log:602 7371 MainThread [INFO]  Completed executor task 5295
2023-07-07 14:58:53.368 worker_log:613 7371 MainThread [INFO]  All processing finished for executor task 5295
2023-07-07 14:58:53.379 worker_log:584 7371 MainThread [INFO]  Received executor task 5313
2023-07-07 14:59:08.633 worker_log:602 7371 MainThread [INFO]  Completed executor task 5313
2023-07-07 14:59:08.633 worker_log:613 7371 MainThread [INFO]  All processing finished for executor task 5313
2023-07-07 14:59:08.644 worker_log:584 7371 MainThread [INFO]  Received executor task 5319
2023-07-07 14:59:20.856 worker_log:602 7371 MainThread [INFO]  Completed executor task 5319
2023-07-07 14:59:20.857 worker_log:613 7371 MainThread [INFO]  All processing finished for executor task 5319
2023-07-07 14:59:20.868 worker_log:584 7371 MainThread [INFO]  Received executor task 5324
2023-07-07 14:59:34.555 worker_log:602 7371 MainThread [INFO]  Completed executor task 5324
2023-07-07 14:59:34.555 worker_log:613 7371 MainThread [INFO]  All processing finished for executor task 5324
2023-07-07 14:59:34.566 worker_log:584 7371 MainThread [INFO]  Received executor task 5329
2023-07-07 15:00:12.635 worker_log:602 7371 MainThread [INFO]  Completed executor task 5329
2023-07-07 15:00:12.635 worker_log:613 7371 MainThread [INFO]  All processing finished for executor task 5329
2023-07-07 15:00:12.646 worker_log:584 7371 MainThread [INFO]  Received executor task 5348
2023-07-07 15:00:33.374 worker_log:602 7371 MainThread [INFO]  Completed executor task 5348
2023-07-07 15:00:33.374 worker_log:613 7371 MainThread [INFO]  All processing finished for executor task 5348
2023-07-07 15:00:33.385 worker_log:584 7371 MainThread [INFO]  Received executor task 5362
2023-07-07 15:01:01.356 worker_log:602 7371 MainThread [INFO]  Completed executor task 5362
2023-07-07 15:01:01.357 worker_log:613 7371 MainThread [INFO]  All processing finished for executor task 5362
2023-07-07 15:01:01.368 worker_log:584 7371 MainThread [INFO]  Received executor task 5373
2023-07-07 15:01:35.600 worker_log:602 7371 MainThread [INFO]  Completed executor task 5373
2023-07-07 15:01:35.600 worker_log:613 7371 MainThread [INFO]  All processing finished for executor task 5373
2023-07-07 15:01:35.612 worker_log:584 7371 MainThread [INFO]  Received executor task 5387
2023-07-07 15:02:14.819 worker_log:602 7371 MainThread [INFO]  Completed executor task 5387
2023-07-07 15:02:14.820 worker_log:613 7371 MainThread [INFO]  All processing finished for executor task 5387
2023-07-07 15:02:14.831 worker_log:584 7371 MainThread [INFO]  Received executor task 5406
2023-07-07 15:02:31.921 worker_log:602 7371 MainThread [INFO]  Completed executor task 5406
2023-07-07 15:02:31.922 worker_log:613 7371 MainThread [INFO]  All processing finished for executor task 5406
2023-07-07 15:02:31.933 worker_log:584 7371 MainThread [INFO]  Received executor task 5414
2023-07-07 15:03:16.905 worker_log:602 7371 MainThread [INFO]  Completed executor task 5414
2023-07-07 15:03:16.906 worker_log:613 7371 MainThread [INFO]  All processing finished for executor task 5414
2023-07-07 15:03:16.917 worker_log:584 7371 MainThread [INFO]  Received executor task 5436
2023-07-07 15:03:47.664 worker_log:602 7371 MainThread [INFO]  Completed executor task 5436
2023-07-07 15:03:47.665 worker_log:613 7371 MainThread [INFO]  All processing finished for executor task 5436
2023-07-07 15:03:47.676 worker_log:584 7371 MainThread [INFO]  Received executor task 5452
2023-07-07 15:04:17.926 worker_log:602 7371 MainThread [INFO]  Completed executor task 5452
2023-07-07 15:04:17.926 worker_log:613 7371 MainThread [INFO]  All processing finished for executor task 5452
2023-07-07 15:04:17.937 worker_log:584 7371 MainThread [INFO]  Received executor task 5468
2023-07-07 15:05:08.119 worker_log:602 7371 MainThread [INFO]  Completed executor task 5468
2023-07-07 15:05:08.119 worker_log:613 7371 MainThread [INFO]  All processing finished for executor task 5468
2023-07-07 15:05:08.130 worker_log:584 7371 MainThread [INFO]  Received executor task 5492
2023-07-07 15:05:58.864 worker_log:602 7371 MainThread [INFO]  Completed executor task 5492
2023-07-07 15:05:58.864 worker_log:613 7371 MainThread [INFO]  All processing finished for executor task 5492
2023-07-07 15:05:58.875 worker_log:584 7371 MainThread [INFO]  Received executor task 5514
2023-07-07 15:08:17.521 worker_log:602 7371 MainThread [INFO]  Completed executor task 5514
2023-07-07 15:08:17.522 worker_log:613 7371 MainThread [INFO]  All processing finished for executor task 5514
2023-07-07 15:08:17.533 worker_log:584 7371 MainThread [INFO]  Received executor task 5577
2023-07-07 15:08:36.378 worker_log:602 7371 MainThread [INFO]  Completed executor task 5577
2023-07-07 15:08:36.378 worker_log:613 7371 MainThread [INFO]  All processing finished for executor task 5577
2023-07-07 15:08:36.389 worker_log:584 7371 MainThread [INFO]  Received executor task 5583
2023-07-07 15:08:59.429 worker_log:602 7371 MainThread [INFO]  Completed executor task 5583
2023-07-07 15:08:59.429 worker_log:613 7371 MainThread [INFO]  All processing finished for executor task 5583
2023-07-07 15:08:59.440 worker_log:584 7371 MainThread [INFO]  Received executor task 5597
2023-07-07 15:09:31.567 worker_log:602 7371 MainThread [INFO]  Completed executor task 5597
2023-07-07 15:09:31.568 worker_log:613 7371 MainThread [INFO]  All processing finished for executor task 5597
2023-07-07 15:09:31.579 worker_log:584 7371 MainThread [INFO]  Received executor task 5611
2023-07-07 15:09:51.405 worker_log:602 7371 MainThread [INFO]  Completed executor task 5611
2023-07-07 15:09:51.405 worker_log:613 7371 MainThread [INFO]  All processing finished for executor task 5611
2023-07-07 15:09:51.416 worker_log:584 7371 MainThread [INFO]  Received executor task 5620
2023-07-07 15:10:09.568 worker_log:602 7371 MainThread [INFO]  Completed executor task 5620
2023-07-07 15:10:09.569 worker_log:613 7371 MainThread [INFO]  All processing finished for executor task 5620
2023-07-07 15:10:09.580 worker_log:584 7371 MainThread [INFO]  Received executor task 5631
2023-07-07 15:10:52.340 worker_log:602 7371 MainThread [INFO]  Completed executor task 5631
2023-07-07 15:10:52.341 worker_log:613 7371 MainThread [INFO]  All processing finished for executor task 5631
2023-07-07 15:10:52.352 worker_log:584 7371 MainThread [INFO]  Received executor task 5652
2023-07-07 15:11:06.269 worker_log:602 7371 MainThread [INFO]  Completed executor task 5652
2023-07-07 15:11:06.269 worker_log:613 7371 MainThread [INFO]  All processing finished for executor task 5652
2023-07-07 15:11:06.280 worker_log:584 7371 MainThread [INFO]  Received executor task 5656
2023-07-07 15:11:56.764 worker_log:602 7371 MainThread [INFO]  Completed executor task 5656
2023-07-07 15:11:56.764 worker_log:613 7371 MainThread [INFO]  All processing finished for executor task 5656
2023-07-07 15:11:56.776 worker_log:584 7371 MainThread [INFO]  Received executor task 5680
2023-07-07 15:12:16.529 worker_log:602 7371 MainThread [INFO]  Completed executor task 5680
2023-07-07 15:12:16.529 worker_log:613 7371 MainThread [INFO]  All processing finished for executor task 5680
2023-07-07 15:12:16.540 worker_log:584 7371 MainThread [INFO]  Received executor task 5690
2023-07-07 15:13:12.297 worker_log:602 7371 MainThread [INFO]  Completed executor task 5690
2023-07-07 15:13:12.297 worker_log:613 7371 MainThread [INFO]  All processing finished for executor task 5690
2023-07-07 15:13:12.309 worker_log:584 7371 MainThread [INFO]  Received executor task 5718
2023-07-07 15:13:39.082 worker_log:602 7371 MainThread [INFO]  Completed executor task 5718
2023-07-07 15:13:39.082 worker_log:613 7371 MainThread [INFO]  All processing finished for executor task 5718
2023-07-07 15:13:39.094 worker_log:584 7371 MainThread [INFO]  Received executor task 5734
2023-07-07 15:14:44.885 worker_log:602 7371 MainThread [INFO]  Completed executor task 5734
2023-07-07 15:14:44.886 worker_log:613 7371 MainThread [INFO]  All processing finished for executor task 5734
2023-07-07 15:14:44.897 worker_log:584 7371 MainThread [INFO]  Received executor task 5761
2023-07-07 15:15:32.021 worker_log:602 7371 MainThread [INFO]  Completed executor task 5761
2023-07-07 15:15:32.021 worker_log:613 7371 MainThread [INFO]  All processing finished for executor task 5761
2023-07-07 15:15:32.033 worker_log:584 7371 MainThread [INFO]  Received executor task 5786
2023-07-07 15:16:05.717 worker_log:602 7371 MainThread [INFO]  Completed executor task 5786
2023-07-07 15:16:05.718 worker_log:613 7371 MainThread [INFO]  All processing finished for executor task 5786
2023-07-07 15:16:05.729 worker_log:584 7371 MainThread [INFO]  Received executor task 5801
2023-07-07 15:16:35.989 worker_log:602 7371 MainThread [INFO]  Completed executor task 5801
2023-07-07 15:16:35.989 worker_log:613 7371 MainThread [INFO]  All processing finished for executor task 5801
2023-07-07 15:16:36.011 worker_log:584 7371 MainThread [INFO]  Received executor task 5815
2023-07-07 15:16:46.369 worker_log:602 7371 MainThread [INFO]  Completed executor task 5815
2023-07-07 15:16:46.369 worker_log:613 7371 MainThread [INFO]  All processing finished for executor task 5815
2023-07-07 15:16:46.380 worker_log:584 7371 MainThread [INFO]  Received executor task 5822
2023-07-07 15:17:29.037 worker_log:602 7371 MainThread [INFO]  Completed executor task 5822
2023-07-07 15:17:29.038 worker_log:613 7371 MainThread [INFO]  All processing finished for executor task 5822
2023-07-07 15:17:29.049 worker_log:584 7371 MainThread [INFO]  Received executor task 5847
2023-07-07 15:17:49.773 worker_log:602 7371 MainThread [INFO]  Completed executor task 5847
2023-07-07 15:17:49.785 worker_log:613 7371 MainThread [INFO]  All processing finished for executor task 5847
2023-07-07 15:17:49.791 worker_log:584 7371 MainThread [INFO]  Received executor task 5861
2023-07-07 15:18:23.704 worker_log:602 7371 MainThread [INFO]  Completed executor task 5861
2023-07-07 15:18:23.704 worker_log:613 7371 MainThread [INFO]  All processing finished for executor task 5861
2023-07-07 15:18:23.725 worker_log:584 7371 MainThread [INFO]  Received executor task 5876
2023-07-07 15:19:39.908 worker_log:602 7371 MainThread [INFO]  Completed executor task 5876
2023-07-07 15:19:39.908 worker_log:613 7371 MainThread [INFO]  All processing finished for executor task 5876
2023-07-07 15:19:39.920 worker_log:584 7371 MainThread [INFO]  Received executor task 5904
2023-07-07 15:20:02.792 worker_log:602 7371 MainThread [INFO]  Completed executor task 5904
2023-07-07 15:20:02.792 worker_log:613 7371 MainThread [INFO]  All processing finished for executor task 5904
2023-07-07 15:20:02.803 worker_log:584 7371 MainThread [INFO]  Received executor task 5921
2023-07-07 15:20:14.811 worker_log:602 7371 MainThread [INFO]  Completed executor task 5921
2023-07-07 15:20:14.811 worker_log:613 7371 MainThread [INFO]  All processing finished for executor task 5921
2023-07-07 15:20:14.822 worker_log:584 7371 MainThread [INFO]  Received executor task 5927
2023-07-07 15:20:25.674 worker_log:602 7371 MainThread [INFO]  Completed executor task 5927
2023-07-07 15:20:25.675 worker_log:613 7371 MainThread [INFO]  All processing finished for executor task 5927
2023-07-07 15:20:25.686 worker_log:584 7371 MainThread [INFO]  Received executor task 5934
2023-07-07 15:20:37.327 worker_log:602 7371 MainThread [INFO]  Completed executor task 5934
2023-07-07 15:20:37.332 worker_log:613 7371 MainThread [INFO]  All processing finished for executor task 5934
2023-07-07 15:20:37.343 worker_log:584 7371 MainThread [INFO]  Received executor task 5937
2023-07-07 15:21:08.849 worker_log:602 7371 MainThread [INFO]  Completed executor task 5937
2023-07-07 15:21:08.850 worker_log:613 7371 MainThread [INFO]  All processing finished for executor task 5937
2023-07-07 15:21:08.862 worker_log:584 7371 MainThread [INFO]  Received executor task 5956
2023-07-07 15:21:59.660 worker_log:602 7371 MainThread [INFO]  Completed executor task 5956
2023-07-07 15:21:59.661 worker_log:613 7371 MainThread [INFO]  All processing finished for executor task 5956
2023-07-07 15:21:59.672 worker_log:584 7371 MainThread [INFO]  Received executor task 5980
2023-07-07 15:22:44.815 worker_log:602 7371 MainThread [INFO]  Completed executor task 5980
2023-07-07 15:22:44.815 worker_log:613 7371 MainThread [INFO]  All processing finished for executor task 5980
2023-07-07 15:22:44.826 worker_log:584 7371 MainThread [INFO]  Received executor task 6000
2023-07-07 15:23:03.925 worker_log:602 7371 MainThread [INFO]  Completed executor task 6000
2023-07-07 15:23:03.925 worker_log:613 7371 MainThread [INFO]  All processing finished for executor task 6000
2023-07-07 15:23:03.936 worker_log:584 7371 MainThread [INFO]  Received executor task 6013
2023-07-07 15:23:55.181 worker_log:602 7371 MainThread [INFO]  Completed executor task 6013
2023-07-07 15:23:55.182 worker_log:613 7371 MainThread [INFO]  All processing finished for executor task 6013
2023-07-07 15:23:55.193 worker_log:584 7371 MainThread [INFO]  Received executor task 6038
2023-07-07 15:24:16.035 worker_log:602 7371 MainThread [INFO]  Completed executor task 6038
2023-07-07 15:24:16.035 worker_log:613 7371 MainThread [INFO]  All processing finished for executor task 6038
2023-07-07 15:24:16.049 worker_log:584 7371 MainThread [INFO]  Received executor task 6051
2023-07-07 15:25:06.146 worker_log:602 7371 MainThread [INFO]  Completed executor task 6051
2023-07-07 15:25:06.146 worker_log:613 7371 MainThread [INFO]  All processing finished for executor task 6051
2023-07-07 15:25:06.157 worker_log:584 7371 MainThread [INFO]  Received executor task 6079
2023-07-07 15:25:59.276 worker_log:602 7371 MainThread [INFO]  Completed executor task 6079
2023-07-07 15:25:59.277 worker_log:613 7371 MainThread [INFO]  All processing finished for executor task 6079
2023-07-07 15:25:59.289 worker_log:584 7371 MainThread [INFO]  Received executor task 6108
2023-07-07 15:26:10.012 worker_log:602 7371 MainThread [INFO]  Completed executor task 6108
2023-07-07 15:26:10.012 worker_log:613 7371 MainThread [INFO]  All processing finished for executor task 6108
2023-07-07 15:26:10.024 worker_log:584 7371 MainThread [INFO]  Received executor task 6116
2023-07-07 15:26:28.398 worker_log:602 7371 MainThread [INFO]  Completed executor task 6116
2023-07-07 15:26:28.399 worker_log:613 7371 MainThread [INFO]  All processing finished for executor task 6116
2023-07-07 15:26:28.411 worker_log:584 7371 MainThread [INFO]  Received executor task 6129
2023-07-07 15:26:55.611 worker_log:602 7371 MainThread [INFO]  Completed executor task 6129
2023-07-07 15:26:55.611 worker_log:613 7371 MainThread [INFO]  All processing finished for executor task 6129
2023-07-07 15:26:55.622 worker_log:584 7371 MainThread [INFO]  Received executor task 6140
2023-07-07 15:27:52.246 worker_log:602 7371 MainThread [INFO]  Completed executor task 6140
2023-07-07 15:27:52.246 worker_log:613 7371 MainThread [INFO]  All processing finished for executor task 6140
2023-07-07 15:27:52.266 worker_log:584 7371 MainThread [INFO]  Received executor task 6166
2023-07-07 15:28:16.689 worker_log:602 7371 MainThread [INFO]  Completed executor task 6166
2023-07-07 15:28:16.689 worker_log:613 7371 MainThread [INFO]  All processing finished for executor task 6166
2023-07-07 15:28:16.700 worker_log:584 7371 MainThread [INFO]  Received executor task 6183
2023-07-07 15:28:55.760 worker_log:602 7371 MainThread [INFO]  Completed executor task 6183
2023-07-07 15:28:55.761 worker_log:613 7371 MainThread [INFO]  All processing finished for executor task 6183
2023-07-07 15:28:55.772 worker_log:584 7371 MainThread [INFO]  Received executor task 6208
2023-07-07 15:29:27.039 worker_log:602 7371 MainThread [INFO]  Completed executor task 6208
2023-07-07 15:29:27.040 worker_log:613 7371 MainThread [INFO]  All processing finished for executor task 6208
2023-07-07 15:29:27.052 worker_log:584 7371 MainThread [INFO]  Received executor task 6223
2023-07-07 15:29:41.564 worker_log:602 7371 MainThread [INFO]  Completed executor task 6223
2023-07-07 15:29:41.565 worker_log:613 7371 MainThread [INFO]  All processing finished for executor task 6223
2023-07-07 15:29:41.576 worker_log:584 7371 MainThread [INFO]  Received executor task 6232
2023-07-07 15:30:06.279 worker_log:602 7371 MainThread [INFO]  Completed executor task 6232
2023-07-07 15:30:06.280 worker_log:613 7371 MainThread [INFO]  All processing finished for executor task 6232
2023-07-07 15:30:06.291 worker_log:584 7371 MainThread [INFO]  Received executor task 6247
2023-07-07 15:30:30.690 worker_log:602 7371 MainThread [INFO]  Completed executor task 6247
2023-07-07 15:30:30.691 worker_log:613 7371 MainThread [INFO]  All processing finished for executor task 6247
2023-07-07 15:30:30.702 worker_log:584 7371 MainThread [INFO]  Received executor task 6261
2023-07-07 15:30:48.485 worker_log:602 7371 MainThread [INFO]  Completed executor task 6261
2023-07-07 15:30:48.485 worker_log:613 7371 MainThread [INFO]  All processing finished for executor task 6261
2023-07-07 15:30:48.497 worker_log:584 7371 MainThread [INFO]  Received executor task 6267
2023-07-07 15:31:13.566 worker_log:602 7371 MainThread [INFO]  Completed executor task 6267
2023-07-07 15:31:13.566 worker_log:613 7371 MainThread [INFO]  All processing finished for executor task 6267
2023-07-07 15:31:13.577 worker_log:584 7371 MainThread [INFO]  Received executor task 6280
2023-07-07 15:31:25.168 worker_log:602 7371 MainThread [INFO]  Completed executor task 6280
2023-07-07 15:31:25.169 worker_log:613 7371 MainThread [INFO]  All processing finished for executor task 6280
2023-07-07 15:31:25.180 worker_log:584 7371 MainThread [INFO]  Received executor task 6292
2023-07-07 15:32:06.534 worker_log:602 7371 MainThread [INFO]  Completed executor task 6292
2023-07-07 15:32:06.535 worker_log:613 7371 MainThread [INFO]  All processing finished for executor task 6292
2023-07-07 15:32:06.547 worker_log:584 7371 MainThread [INFO]  Received executor task 6313
2023-07-07 15:32:38.753 worker_log:602 7371 MainThread [INFO]  Completed executor task 6313
2023-07-07 15:32:38.753 worker_log:613 7371 MainThread [INFO]  All processing finished for executor task 6313
2023-07-07 15:32:38.764 worker_log:584 7371 MainThread [INFO]  Received executor task 6326
2023-07-07 15:33:17.702 worker_log:602 7371 MainThread [INFO]  Completed executor task 6326
2023-07-07 15:33:17.702 worker_log:613 7371 MainThread [INFO]  All processing finished for executor task 6326
2023-07-07 15:33:17.713 worker_log:584 7371 MainThread [INFO]  Received executor task 6344
2023-07-07 15:33:32.167 worker_log:602 7371 MainThread [INFO]  Completed executor task 6344
2023-07-07 15:33:32.168 worker_log:613 7371 MainThread [INFO]  All processing finished for executor task 6344
2023-07-07 15:33:32.191 worker_log:584 7371 MainThread [INFO]  Received executor task 6350
2023-07-07 15:34:08.663 worker_log:602 7371 MainThread [INFO]  Completed executor task 6350
2023-07-07 15:34:08.663 worker_log:613 7371 MainThread [INFO]  All processing finished for executor task 6350
2023-07-07 15:34:08.674 worker_log:584 7371 MainThread [INFO]  Received executor task 6372
2023-07-07 15:34:44.672 worker_log:602 7371 MainThread [INFO]  Completed executor task 6372
2023-07-07 15:34:44.672 worker_log:613 7371 MainThread [INFO]  All processing finished for executor task 6372
2023-07-07 15:34:44.683 worker_log:584 7371 MainThread [INFO]  Received executor task 6385
2023-07-07 15:35:23.775 worker_log:602 7371 MainThread [INFO]  Completed executor task 6385
2023-07-07 15:35:23.775 worker_log:613 7371 MainThread [INFO]  All processing finished for executor task 6385
2023-07-07 15:35:23.786 worker_log:584 7371 MainThread [INFO]  Received executor task 6403
2023-07-07 15:36:30.070 worker_log:602 7371 MainThread [INFO]  Completed executor task 6403
2023-07-07 15:36:30.070 worker_log:613 7371 MainThread [INFO]  All processing finished for executor task 6403
2023-07-07 15:36:30.082 worker_log:584 7371 MainThread [INFO]  Received executor task 6435
2023-07-07 15:36:50.875 worker_log:602 7371 MainThread [INFO]  Completed executor task 6435
2023-07-07 15:36:50.876 worker_log:613 7371 MainThread [INFO]  All processing finished for executor task 6435
2023-07-07 15:36:50.888 worker_log:584 7371 MainThread [INFO]  Received executor task 6442
2023-07-07 15:37:24.863 worker_log:602 7371 MainThread [INFO]  Completed executor task 6442
2023-07-07 15:37:24.863 worker_log:613 7371 MainThread [INFO]  All processing finished for executor task 6442
2023-07-07 15:37:24.875 worker_log:584 7371 MainThread [INFO]  Received executor task 6457
2023-07-07 15:37:50.543 worker_log:602 7371 MainThread [INFO]  Completed executor task 6457
2023-07-07 15:37:50.543 worker_log:613 7371 MainThread [INFO]  All processing finished for executor task 6457
2023-07-07 15:37:50.555 worker_log:584 7371 MainThread [INFO]  Received executor task 6471
2023-07-07 15:38:44.088 worker_log:602 7371 MainThread [INFO]  Completed executor task 6471
2023-07-07 15:38:44.098 worker_log:613 7371 MainThread [INFO]  All processing finished for executor task 6471
2023-07-07 15:38:44.099 worker_log:584 7371 MainThread [INFO]  Received executor task 6497
2023-07-07 15:39:20.588 worker_log:602 7371 MainThread [INFO]  Completed executor task 6497
2023-07-07 15:39:20.588 worker_log:613 7371 MainThread [INFO]  All processing finished for executor task 6497
2023-07-07 15:39:20.599 worker_log:584 7371 MainThread [INFO]  Received executor task 6515
2023-07-07 15:40:44.090 worker_log:602 7371 MainThread [INFO]  Completed executor task 6515
2023-07-07 15:40:44.091 worker_log:613 7371 MainThread [INFO]  All processing finished for executor task 6515
2023-07-07 15:40:44.102 worker_log:584 7371 MainThread [INFO]  Received executor task 6556
2023-07-07 15:41:12.872 worker_log:602 7371 MainThread [INFO]  Completed executor task 6556
2023-07-07 15:41:12.873 worker_log:613 7371 MainThread [INFO]  All processing finished for executor task 6556
2023-07-07 15:41:12.885 worker_log:584 7371 MainThread [INFO]  Received executor task 6565
2023-07-07 15:41:44.003 worker_log:602 7371 MainThread [INFO]  Completed executor task 6565
2023-07-07 15:41:44.004 worker_log:613 7371 MainThread [INFO]  All processing finished for executor task 6565
2023-07-07 15:41:44.015 worker_log:584 7371 MainThread [INFO]  Received executor task 6584
2023-07-07 15:42:05.947 worker_log:602 7371 MainThread [INFO]  Completed executor task 6584
2023-07-07 15:42:05.947 worker_log:613 7371 MainThread [INFO]  All processing finished for executor task 6584
2023-07-07 15:42:05.958 worker_log:584 7371 MainThread [INFO]  Received executor task 6598
2023-07-07 15:42:47.627 worker_log:602 7371 MainThread [INFO]  Completed executor task 6598
2023-07-07 15:42:47.628 worker_log:613 7371 MainThread [INFO]  All processing finished for executor task 6598
2023-07-07 15:42:47.639 worker_log:584 7371 MainThread [INFO]  Received executor task 6620
2023-07-07 15:43:17.522 worker_log:602 7371 MainThread [INFO]  Completed executor task 6620
2023-07-07 15:43:17.522 worker_log:613 7371 MainThread [INFO]  All processing finished for executor task 6620
2023-07-07 15:43:17.533 worker_log:584 7371 MainThread [INFO]  Received executor task 6638
2023-07-07 15:44:06.511 worker_log:602 7371 MainThread [INFO]  Completed executor task 6638
2023-07-07 15:44:06.511 worker_log:613 7371 MainThread [INFO]  All processing finished for executor task 6638
2023-07-07 15:44:06.522 worker_log:584 7371 MainThread [INFO]  Received executor task 6662
2023-07-07 15:44:58.034 worker_log:602 7371 MainThread [INFO]  Completed executor task 6662
2023-07-07 15:44:58.034 worker_log:613 7371 MainThread [INFO]  All processing finished for executor task 6662
2023-07-07 15:44:58.046 worker_log:584 7371 MainThread [INFO]  Received executor task 6688
2023-07-07 15:45:45.453 worker_log:602 7371 MainThread [INFO]  Completed executor task 6688
2023-07-07 15:45:45.454 worker_log:613 7371 MainThread [INFO]  All processing finished for executor task 6688
2023-07-07 15:45:45.465 worker_log:584 7371 MainThread [INFO]  Received executor task 6706
2023-07-07 15:46:14.578 worker_log:602 7371 MainThread [INFO]  Completed executor task 6706
2023-07-07 15:46:14.579 worker_log:613 7371 MainThread [INFO]  All processing finished for executor task 6706
2023-07-07 15:46:14.590 worker_log:584 7371 MainThread [INFO]  Received executor task 6722
2023-07-07 15:46:53.203 worker_log:602 7371 MainThread [INFO]  Completed executor task 6722
2023-07-07 15:46:53.204 worker_log:613 7371 MainThread [INFO]  All processing finished for executor task 6722
2023-07-07 15:46:53.215 worker_log:584 7371 MainThread [INFO]  Received executor task 6738
2023-07-07 15:47:17.589 worker_log:602 7371 MainThread [INFO]  Completed executor task 6738
2023-07-07 15:47:17.590 worker_log:613 7371 MainThread [INFO]  All processing finished for executor task 6738
2023-07-07 15:47:17.601 worker_log:584 7371 MainThread [INFO]  Received executor task 6753
2023-07-07 15:48:20.174 worker_log:602 7371 MainThread [INFO]  Completed executor task 6753
2023-07-07 15:48:20.180 worker_log:613 7371 MainThread [INFO]  All processing finished for executor task 6753
2023-07-07 15:48:20.186 worker_log:584 7371 MainThread [INFO]  Received executor task 6789
2023-07-07 15:49:04.973 worker_log:602 7371 MainThread [INFO]  Completed executor task 6789
2023-07-07 15:49:04.973 worker_log:613 7371 MainThread [INFO]  All processing finished for executor task 6789
2023-07-07 15:49:04.985 worker_log:584 7371 MainThread [INFO]  Received executor task 6813
2023-07-07 15:49:15.657 worker_log:602 7371 MainThread [INFO]  Completed executor task 6813
2023-07-07 15:49:15.658 worker_log:613 7371 MainThread [INFO]  All processing finished for executor task 6813
2023-07-07 15:49:15.669 worker_log:584 7371 MainThread [INFO]  Received executor task 6819
2023-07-07 15:49:39.066 worker_log:602 7371 MainThread [INFO]  Completed executor task 6819
2023-07-07 15:49:39.067 worker_log:613 7371 MainThread [INFO]  All processing finished for executor task 6819
2023-07-07 15:49:39.092 worker_log:584 7371 MainThread [INFO]  Received executor task 6835
2023-07-07 15:50:00.098 worker_log:602 7371 MainThread [INFO]  Completed executor task 6835
2023-07-07 15:50:00.099 worker_log:613 7371 MainThread [INFO]  All processing finished for executor task 6835
2023-07-07 15:50:00.110 worker_log:584 7371 MainThread [INFO]  Received executor task 6848
2023-07-07 15:50:45.759 worker_log:602 7371 MainThread [INFO]  Completed executor task 6848
2023-07-07 15:50:45.760 worker_log:613 7371 MainThread [INFO]  All processing finished for executor task 6848
2023-07-07 15:50:45.771 worker_log:584 7371 MainThread [INFO]  Received executor task 6872
2023-07-07 15:51:02.817 worker_log:602 7371 MainThread [INFO]  Completed executor task 6872
2023-07-07 15:51:02.817 worker_log:613 7371 MainThread [INFO]  All processing finished for executor task 6872
2023-07-07 15:51:02.828 worker_log:584 7371 MainThread [INFO]  Received executor task 6879
2023-07-07 15:51:29.385 worker_log:602 7371 MainThread [INFO]  Completed executor task 6879
2023-07-07 15:51:29.393 worker_log:613 7371 MainThread [INFO]  All processing finished for executor task 6879
2023-07-07 15:51:29.397 worker_log:584 7371 MainThread [INFO]  Received executor task 6899
2023-07-07 15:52:00.883 worker_log:602 7371 MainThread [INFO]  Completed executor task 6899
2023-07-07 15:52:00.883 worker_log:613 7371 MainThread [INFO]  All processing finished for executor task 6899
2023-07-07 15:52:00.894 worker_log:584 7371 MainThread [INFO]  Received executor task 6917
2023-07-07 15:52:39.555 worker_log:602 7371 MainThread [INFO]  Completed executor task 6917
2023-07-07 15:52:39.556 worker_log:613 7371 MainThread [INFO]  All processing finished for executor task 6917
2023-07-07 15:52:39.567 worker_log:584 7371 MainThread [INFO]  Received executor task 6938
2023-07-07 15:53:45.861 worker_log:602 7371 MainThread [INFO]  Completed executor task 6938
2023-07-07 15:53:45.861 worker_log:613 7371 MainThread [INFO]  All processing finished for executor task 6938
2023-07-07 15:53:45.872 worker_log:584 7371 MainThread [INFO]  Received executor task 6971
2023-07-07 15:54:18.660 worker_log:602 7371 MainThread [INFO]  Completed executor task 6971
2023-07-07 15:54:18.660 worker_log:613 7371 MainThread [INFO]  All processing finished for executor task 6971
2023-07-07 15:54:18.671 worker_log:584 7371 MainThread [INFO]  Received executor task 6986
2023-07-07 15:54:34.524 worker_log:602 7371 MainThread [INFO]  Completed executor task 6986
2023-07-07 15:54:34.525 worker_log:613 7371 MainThread [INFO]  All processing finished for executor task 6986
2023-07-07 15:54:34.536 worker_log:584 7371 MainThread [INFO]  Received executor task 6995
2023-07-07 15:55:00.942 worker_log:602 7371 MainThread [INFO]  Completed executor task 6995
2023-07-07 15:55:00.943 worker_log:613 7371 MainThread [INFO]  All processing finished for executor task 6995
2023-07-07 15:55:00.954 worker_log:584 7371 MainThread [INFO]  Received executor task 7009
2023-07-07 15:55:23.443 worker_log:602 7371 MainThread [INFO]  Completed executor task 7009
2023-07-07 15:55:23.443 worker_log:613 7371 MainThread [INFO]  All processing finished for executor task 7009
2023-07-07 15:55:23.454 worker_log:584 7371 MainThread [INFO]  Received executor task 7019
2023-07-07 15:55:59.576 worker_log:602 7371 MainThread [INFO]  Completed executor task 7019
2023-07-07 15:55:59.576 worker_log:613 7371 MainThread [INFO]  All processing finished for executor task 7019
2023-07-07 15:55:59.587 worker_log:584 7371 MainThread [INFO]  Received executor task 7036
2023-07-07 15:56:18.208 worker_log:602 7371 MainThread [INFO]  Completed executor task 7036
2023-07-07 15:56:18.208 worker_log:613 7371 MainThread [INFO]  All processing finished for executor task 7036
2023-07-07 15:56:18.219 worker_log:584 7371 MainThread [INFO]  Received executor task 7045
2023-07-07 15:56:56.498 worker_log:602 7371 MainThread [INFO]  Completed executor task 7045
2023-07-07 15:56:56.502 worker_log:613 7371 MainThread [INFO]  All processing finished for executor task 7045
2023-07-07 15:56:56.513 worker_log:584 7371 MainThread [INFO]  Received executor task 7068
2023-07-07 15:57:23.069 worker_log:602 7371 MainThread [INFO]  Completed executor task 7068
2023-07-07 15:57:23.069 worker_log:613 7371 MainThread [INFO]  All processing finished for executor task 7068
2023-07-07 15:57:23.080 worker_log:584 7371 MainThread [INFO]  Received executor task 7080
2023-07-07 15:57:43.361 worker_log:602 7371 MainThread [INFO]  Completed executor task 7080
2023-07-07 15:57:43.362 worker_log:613 7371 MainThread [INFO]  All processing finished for executor task 7080
2023-07-07 15:57:43.374 worker_log:584 7371 MainThread [INFO]  Received executor task 7093
2023-07-07 15:58:16.606 worker_log:602 7371 MainThread [INFO]  Completed executor task 7093
2023-07-07 15:58:16.607 worker_log:613 7371 MainThread [INFO]  All processing finished for executor task 7093
2023-07-07 15:58:16.618 worker_log:584 7371 MainThread [INFO]  Received executor task 7110
2023-07-07 15:58:41.359 worker_log:602 7371 MainThread [INFO]  Completed executor task 7110
2023-07-07 15:58:41.360 worker_log:613 7371 MainThread [INFO]  All processing finished for executor task 7110
2023-07-07 15:58:41.371 worker_log:584 7371 MainThread [INFO]  Received executor task 7120
2023-07-07 15:59:33.968 worker_log:602 7371 MainThread [INFO]  Completed executor task 7120
2023-07-07 15:59:33.968 worker_log:613 7371 MainThread [INFO]  All processing finished for executor task 7120
2023-07-07 15:59:33.979 worker_log:584 7371 MainThread [INFO]  Received executor task 7148
2023-07-07 16:00:01.383 worker_log:602 7371 MainThread [INFO]  Completed executor task 7148
2023-07-07 16:00:01.383 worker_log:613 7371 MainThread [INFO]  All processing finished for executor task 7148
2023-07-07 16:00:01.395 worker_log:584 7371 MainThread [INFO]  Received executor task 7163
2023-07-07 16:00:37.631 worker_log:602 7371 MainThread [INFO]  Completed executor task 7163
2023-07-07 16:00:37.631 worker_log:613 7371 MainThread [INFO]  All processing finished for executor task 7163
2023-07-07 16:00:37.643 worker_log:584 7371 MainThread [INFO]  Received executor task 7179
2023-07-07 16:00:59.811 worker_log:602 7371 MainThread [INFO]  Completed executor task 7179
2023-07-07 16:00:59.812 worker_log:613 7371 MainThread [INFO]  All processing finished for executor task 7179
2023-07-07 16:00:59.823 worker_log:584 7371 MainThread [INFO]  Received executor task 7194
2023-07-07 16:02:08.629 worker_log:602 7371 MainThread [INFO]  Completed executor task 7194
2023-07-07 16:02:08.630 worker_log:613 7371 MainThread [INFO]  All processing finished for executor task 7194
2023-07-07 16:02:08.641 worker_log:584 7371 MainThread [INFO]  Received executor task 7219
2023-07-07 16:02:46.702 worker_log:602 7371 MainThread [INFO]  Completed executor task 7219
2023-07-07 16:02:46.702 worker_log:613 7371 MainThread [INFO]  All processing finished for executor task 7219
2023-07-07 16:02:46.713 worker_log:584 7371 MainThread [INFO]  Received executor task 7233
2023-07-07 16:03:21.711 worker_log:602 7371 MainThread [INFO]  Completed executor task 7233
2023-07-07 16:03:21.711 worker_log:613 7371 MainThread [INFO]  All processing finished for executor task 7233
2023-07-07 16:03:21.722 worker_log:584 7371 MainThread [INFO]  Received executor task 7245
2023-07-07 16:03:54.571 worker_log:602 7371 MainThread [INFO]  Completed executor task 7245
2023-07-07 16:03:54.572 worker_log:613 7371 MainThread [INFO]  All processing finished for executor task 7245
2023-07-07 16:03:54.583 worker_log:584 7371 MainThread [INFO]  Received executor task 7258
2023-07-07 16:04:53.889 worker_log:602 7371 MainThread [INFO]  Completed executor task 7258
2023-07-07 16:04:53.889 worker_log:613 7371 MainThread [INFO]  All processing finished for executor task 7258
2023-07-07 16:04:53.910 worker_log:584 7371 MainThread [INFO]  Received executor task 7277
2023-07-07 16:05:53.799 worker_log:602 7371 MainThread [INFO]  Completed executor task 7277
2023-07-07 16:05:53.800 worker_log:613 7371 MainThread [INFO]  All processing finished for executor task 7277
2023-07-07 16:05:53.811 worker_log:584 7371 MainThread [INFO]  Received executor task 7301
2023-07-07 16:07:08.803 worker_log:602 7371 MainThread [INFO]  Completed executor task 7301
2023-07-07 16:07:08.804 worker_log:613 7371 MainThread [INFO]  All processing finished for executor task 7301
2023-07-07 16:07:08.815 worker_log:584 7371 MainThread [INFO]  Received executor task 7330
2023-07-07 16:07:28.526 worker_log:602 7371 MainThread [INFO]  Completed executor task 7330
2023-07-07 16:07:28.526 worker_log:613 7371 MainThread [INFO]  All processing finished for executor task 7330
2023-07-07 16:07:28.547 worker_log:584 7371 MainThread [INFO]  Received executor task 7337
2023-07-07 16:07:57.699 worker_log:602 7371 MainThread [INFO]  Completed executor task 7337
2023-07-07 16:07:57.699 worker_log:613 7371 MainThread [INFO]  All processing finished for executor task 7337
2023-07-07 16:07:57.710 worker_log:584 7371 MainThread [INFO]  Received executor task 7350
2023-07-07 16:08:14.569 worker_log:602 7371 MainThread [INFO]  Completed executor task 7350
2023-07-07 16:08:14.569 worker_log:613 7371 MainThread [INFO]  All processing finished for executor task 7350
2023-07-07 16:08:14.580 worker_log:584 7371 MainThread [INFO]  Received executor task 7354
2023-07-07 16:08:34.759 worker_log:602 7371 MainThread [INFO]  Completed executor task 7354
2023-07-07 16:08:34.759 worker_log:613 7371 MainThread [INFO]  All processing finished for executor task 7354
2023-07-07 16:08:34.770 worker_log:584 7371 MainThread [INFO]  Received executor task 7362
2023-07-07 16:08:51.684 worker_log:602 7371 MainThread [INFO]  Completed executor task 7362
2023-07-07 16:08:51.684 worker_log:613 7371 MainThread [INFO]  All processing finished for executor task 7362
2023-07-07 16:08:51.696 worker_log:584 7371 MainThread [INFO]  Received executor task 7374
2023-07-07 16:09:11.729 worker_log:602 7371 MainThread [INFO]  Completed executor task 7374
2023-07-07 16:09:11.733 worker_log:613 7371 MainThread [INFO]  All processing finished for executor task 7374
2023-07-07 16:09:11.741 worker_log:584 7371 MainThread [INFO]  Received executor task 7382
2023-07-07 16:09:30.833 worker_log:602 7371 MainThread [INFO]  Completed executor task 7382
2023-07-07 16:09:30.833 worker_log:613 7371 MainThread [INFO]  All processing finished for executor task 7382
2023-07-07 16:09:30.845 worker_log:584 7371 MainThread [INFO]  Received executor task 7394
2023-07-07 16:10:32.114 worker_log:602 7371 MainThread [INFO]  Completed executor task 7394
2023-07-07 16:10:32.123 worker_log:613 7371 MainThread [INFO]  All processing finished for executor task 7394
2023-07-07 16:10:32.127 worker_log:584 7371 MainThread [INFO]  Received executor task 7414
2023-07-07 16:11:38.466 worker_log:602 7371 MainThread [INFO]  Completed executor task 7414
2023-07-07 16:11:38.467 worker_log:613 7371 MainThread [INFO]  All processing finished for executor task 7414
2023-07-07 16:11:38.478 worker_log:584 7371 MainThread [INFO]  Received executor task 7439
2023-07-07 16:12:23.128 worker_log:602 7371 MainThread [INFO]  Completed executor task 7439
2023-07-07 16:12:23.129 worker_log:613 7371 MainThread [INFO]  All processing finished for executor task 7439
2023-07-07 16:12:23.140 worker_log:584 7371 MainThread [INFO]  Received executor task 7459
2023-07-07 16:13:05.395 worker_log:602 7371 MainThread [INFO]  Completed executor task 7459
2023-07-07 16:13:05.395 worker_log:613 7371 MainThread [INFO]  All processing finished for executor task 7459
2023-07-07 16:13:05.406 worker_log:584 7371 MainThread [INFO]  Received executor task 7478
2023-07-07 16:13:21.547 worker_log:602 7371 MainThread [INFO]  Completed executor task 7478
2023-07-07 16:13:21.547 worker_log:613 7371 MainThread [INFO]  All processing finished for executor task 7478
2023-07-07 16:13:21.564 worker_log:584 7371 MainThread [INFO]  Received executor task 7490
2023-07-07 16:13:47.902 worker_log:602 7371 MainThread [INFO]  Completed executor task 7490
2023-07-07 16:13:47.903 worker_log:613 7371 MainThread [INFO]  All processing finished for executor task 7490
2023-07-07 16:13:47.915 worker_log:584 7371 MainThread [INFO]  Received executor task 7504
2023-07-07 16:14:22.481 worker_log:602 7371 MainThread [INFO]  Completed executor task 7504
2023-07-07 16:14:22.481 worker_log:613 7371 MainThread [INFO]  All processing finished for executor task 7504
2023-07-07 16:14:22.492 worker_log:584 7371 MainThread [INFO]  Received executor task 7518
2023-07-07 16:14:52.098 worker_log:602 7371 MainThread [INFO]  Completed executor task 7518
2023-07-07 16:14:52.099 worker_log:613 7371 MainThread [INFO]  All processing finished for executor task 7518
2023-07-07 16:14:52.110 worker_log:584 7371 MainThread [INFO]  Received executor task 7534
2023-07-07 16:15:11.361 worker_log:602 7371 MainThread [INFO]  Completed executor task 7534
2023-07-07 16:15:11.362 worker_log:613 7371 MainThread [INFO]  All processing finished for executor task 7534
2023-07-07 16:15:11.373 worker_log:584 7371 MainThread [INFO]  Received executor task 7545
2023-07-07 16:15:50.864 worker_log:602 7371 MainThread [INFO]  Completed executor task 7545
2023-07-07 16:15:50.864 worker_log:613 7371 MainThread [INFO]  All processing finished for executor task 7545
2023-07-07 16:15:50.875 worker_log:584 7371 MainThread [INFO]  Received executor task 7567
2023-07-07 16:15:57.849 worker_log:602 7371 MainThread [INFO]  Completed executor task 7567
2023-07-07 16:15:57.849 worker_log:613 7371 MainThread [INFO]  All processing finished for executor task 7567
2023-07-07 16:15:57.860 worker_log:584 7371 MainThread [INFO]  Received executor task 7570
2023-07-07 16:16:08.245 worker_log:602 7371 MainThread [INFO]  Completed executor task 7570
2023-07-07 16:16:08.246 worker_log:613 7371 MainThread [INFO]  All processing finished for executor task 7570
2023-07-07 16:16:08.258 worker_log:584 7371 MainThread [INFO]  Received executor task 7576
2023-07-07 16:16:49.586 worker_log:602 7371 MainThread [INFO]  Completed executor task 7576
2023-07-07 16:16:49.587 worker_log:613 7371 MainThread [INFO]  All processing finished for executor task 7576
2023-07-07 16:16:49.599 worker_log:584 7371 MainThread [INFO]  Received executor task 7599
2023-07-07 16:17:04.914 worker_log:602 7371 MainThread [INFO]  Completed executor task 7599
2023-07-07 16:17:04.914 worker_log:613 7371 MainThread [INFO]  All processing finished for executor task 7599
2023-07-07 16:17:04.926 worker_log:584 7371 MainThread [INFO]  Received executor task 7605
2023-07-07 16:17:52.837 worker_log:602 7371 MainThread [INFO]  Completed executor task 7605
2023-07-07 16:17:52.838 worker_log:613 7371 MainThread [INFO]  All processing finished for executor task 7605
2023-07-07 16:17:52.849 worker_log:584 7371 MainThread [INFO]  Received executor task 7629
2023-07-07 16:18:40.825 worker_log:602 7371 MainThread [INFO]  Completed executor task 7629
2023-07-07 16:18:40.825 worker_log:613 7371 MainThread [INFO]  All processing finished for executor task 7629
2023-07-07 16:18:40.837 worker_log:584 7371 MainThread [INFO]  Received executor task 7645
2023-07-07 16:18:55.471 worker_log:602 7371 MainThread [INFO]  Completed executor task 7645
2023-07-07 16:18:55.471 worker_log:613 7371 MainThread [INFO]  All processing finished for executor task 7645
2023-07-07 16:18:55.482 worker_log:584 7371 MainThread [INFO]  Received executor task 7651
2023-07-07 16:19:29.439 worker_log:602 7371 MainThread [INFO]  Completed executor task 7651
2023-07-07 16:19:29.439 worker_log:613 7371 MainThread [INFO]  All processing finished for executor task 7651
2023-07-07 16:19:29.450 worker_log:584 7371 MainThread [INFO]  Received executor task 7670
2023-07-07 16:20:11.689 worker_log:602 7371 MainThread [INFO]  Completed executor task 7670
2023-07-07 16:20:11.703 worker_log:613 7371 MainThread [INFO]  All processing finished for executor task 7670
2023-07-07 16:20:11.703 worker_log:584 7371 MainThread [INFO]  Received executor task 7689
2023-07-07 16:20:43.187 worker_log:602 7371 MainThread [INFO]  Completed executor task 7689
2023-07-07 16:20:43.187 worker_log:613 7371 MainThread [INFO]  All processing finished for executor task 7689
2023-07-07 16:20:43.198 worker_log:584 7371 MainThread [INFO]  Received executor task 7704
2023-07-07 16:22:28.123 worker_log:602 7371 MainThread [INFO]  Completed executor task 7704
2023-07-07 16:22:28.124 worker_log:613 7371 MainThread [INFO]  All processing finished for executor task 7704
2023-07-07 16:22:28.135 worker_log:584 7371 MainThread [INFO]  Received executor task 7760
2023-07-07 16:23:13.664 worker_log:602 7371 MainThread [INFO]  Completed executor task 7760
2023-07-07 16:23:13.664 worker_log:613 7371 MainThread [INFO]  All processing finished for executor task 7760
2023-07-07 16:23:13.675 worker_log:584 7371 MainThread [INFO]  Received executor task 7786
2023-07-07 16:23:43.175 worker_log:602 7371 MainThread [INFO]  Completed executor task 7786
2023-07-07 16:23:43.176 worker_log:613 7371 MainThread [INFO]  All processing finished for executor task 7786
2023-07-07 16:23:43.187 worker_log:584 7371 MainThread [INFO]  Received executor task 7807
2023-07-07 16:24:15.955 worker_log:602 7371 MainThread [INFO]  Completed executor task 7807
2023-07-07 16:24:15.956 worker_log:613 7371 MainThread [INFO]  All processing finished for executor task 7807
2023-07-07 16:24:15.967 worker_log:584 7371 MainThread [INFO]  Received executor task 7827
2023-07-07 16:24:39.430 worker_log:602 7371 MainThread [INFO]  Completed executor task 7827
2023-07-07 16:24:39.431 worker_log:613 7371 MainThread [INFO]  All processing finished for executor task 7827
2023-07-07 16:24:39.442 worker_log:584 7371 MainThread [INFO]  Received executor task 7838
2023-07-07 16:24:59.459 worker_log:602 7371 MainThread [INFO]  Completed executor task 7838
2023-07-07 16:24:59.459 worker_log:613 7371 MainThread [INFO]  All processing finished for executor task 7838
2023-07-07 16:24:59.470 worker_log:584 7371 MainThread [INFO]  Received executor task 7849
2023-07-07 16:25:29.592 worker_log:602 7371 MainThread [INFO]  Completed executor task 7849
2023-07-07 16:25:29.593 worker_log:613 7371 MainThread [INFO]  All processing finished for executor task 7849
2023-07-07 16:25:29.604 worker_log:584 7371 MainThread [INFO]  Received executor task 7862
2023-07-07 16:25:54.646 worker_log:602 7371 MainThread [INFO]  Completed executor task 7862
2023-07-07 16:25:54.647 worker_log:613 7371 MainThread [INFO]  All processing finished for executor task 7862
2023-07-07 16:25:54.658 worker_log:584 7371 MainThread [INFO]  Received executor task 7876
2023-07-07 16:26:13.121 worker_log:602 7371 MainThread [INFO]  Completed executor task 7876
2023-07-07 16:26:13.122 worker_log:613 7371 MainThread [INFO]  All processing finished for executor task 7876
2023-07-07 16:26:13.133 worker_log:584 7371 MainThread [INFO]  Received executor task 7886
2023-07-07 16:26:48.746 worker_log:602 7371 MainThread [INFO]  Completed executor task 7886
2023-07-07 16:26:48.746 worker_log:613 7371 MainThread [INFO]  All processing finished for executor task 7886
2023-07-07 16:26:48.757 worker_log:584 7371 MainThread [INFO]  Received executor task 7901
2023-07-07 16:27:32.845 worker_log:602 7371 MainThread [INFO]  Completed executor task 7901
2023-07-07 16:27:32.846 worker_log:613 7371 MainThread [INFO]  All processing finished for executor task 7901
2023-07-07 16:27:32.858 worker_log:584 7371 MainThread [INFO]  Received executor task 7920
2023-07-07 16:28:04.501 worker_log:602 7371 MainThread [INFO]  Completed executor task 7920
2023-07-07 16:28:04.502 worker_log:613 7371 MainThread [INFO]  All processing finished for executor task 7920
2023-07-07 16:28:04.513 worker_log:584 7371 MainThread [INFO]  Received executor task 7933
2023-07-07 16:29:01.093 worker_log:602 7371 MainThread [INFO]  Completed executor task 7933
2023-07-07 16:29:01.102 worker_log:613 7371 MainThread [INFO]  All processing finished for executor task 7933
2023-07-07 16:29:01.106 worker_log:584 7371 MainThread [INFO]  Received executor task 7961
2023-07-07 16:29:42.464 worker_log:602 7371 MainThread [INFO]  Completed executor task 7961
2023-07-07 16:29:42.465 worker_log:613 7371 MainThread [INFO]  All processing finished for executor task 7961
2023-07-07 16:29:42.477 worker_log:584 7371 MainThread [INFO]  Received executor task 7977
2023-07-07 16:30:24.888 worker_log:602 7371 MainThread [INFO]  Completed executor task 7977
2023-07-07 16:30:24.888 worker_log:613 7371 MainThread [INFO]  All processing finished for executor task 7977
2023-07-07 16:30:24.899 worker_log:584 7371 MainThread [INFO]  Received executor task 7995
2023-07-07 16:31:01.183 worker_log:602 7371 MainThread [INFO]  Completed executor task 7995
2023-07-07 16:31:01.183 worker_log:613 7371 MainThread [INFO]  All processing finished for executor task 7995
2023-07-07 16:31:01.194 worker_log:584 7371 MainThread [INFO]  Received executor task 8017
2023-07-07 16:31:58.547 worker_log:602 7371 MainThread [INFO]  Completed executor task 8017
2023-07-07 16:31:58.547 worker_log:613 7371 MainThread [INFO]  All processing finished for executor task 8017
2023-07-07 16:31:58.559 worker_log:584 7371 MainThread [INFO]  Received executor task 8036
2023-07-07 16:32:48.402 worker_log:602 7371 MainThread [INFO]  Completed executor task 8036
2023-07-07 16:32:48.402 worker_log:613 7371 MainThread [INFO]  All processing finished for executor task 8036
2023-07-07 16:32:48.413 worker_log:584 7371 MainThread [INFO]  Received executor task 8062
2023-07-07 16:33:28.032 worker_log:602 7371 MainThread [INFO]  Completed executor task 8062
2023-07-07 16:33:28.033 worker_log:613 7371 MainThread [INFO]  All processing finished for executor task 8062
2023-07-07 16:33:28.044 worker_log:584 7371 MainThread [INFO]  Received executor task 8076
2023-07-07 16:34:23.258 worker_log:602 7371 MainThread [INFO]  Completed executor task 8076
2023-07-07 16:34:23.259 worker_log:613 7371 MainThread [INFO]  All processing finished for executor task 8076
2023-07-07 16:34:23.270 worker_log:584 7371 MainThread [INFO]  Received executor task 8102
2023-07-07 16:34:54.988 worker_log:602 7371 MainThread [INFO]  Completed executor task 8102
2023-07-07 16:34:54.989 worker_log:613 7371 MainThread [INFO]  All processing finished for executor task 8102
2023-07-07 16:34:55.000 worker_log:584 7371 MainThread [INFO]  Received executor task 8116
2023-07-07 16:35:18.676 worker_log:602 7371 MainThread [INFO]  Completed executor task 8116
2023-07-07 16:35:18.676 worker_log:613 7371 MainThread [INFO]  All processing finished for executor task 8116
2023-07-07 16:35:18.687 worker_log:584 7371 MainThread [INFO]  Received executor task 8125
2023-07-07 16:35:48.734 worker_log:602 7371 MainThread [INFO]  Completed executor task 8125
2023-07-07 16:35:48.735 worker_log:613 7371 MainThread [INFO]  All processing finished for executor task 8125
2023-07-07 16:35:48.746 worker_log:584 7371 MainThread [INFO]  Received executor task 8134
2023-07-07 16:36:37.134 worker_log:602 7371 MainThread [INFO]  Completed executor task 8134
2023-07-07 16:36:37.134 worker_log:613 7371 MainThread [INFO]  All processing finished for executor task 8134
2023-07-07 16:36:37.146 worker_log:584 7371 MainThread [INFO]  Received executor task 8150
2023-07-07 16:37:09.183 worker_log:602 7371 MainThread [INFO]  Completed executor task 8150
2023-07-07 16:37:09.183 worker_log:613 7371 MainThread [INFO]  All processing finished for executor task 8150
2023-07-07 16:37:09.194 worker_log:584 7371 MainThread [INFO]  Received executor task 8162
2023-07-07 16:38:25.587 worker_log:602 7371 MainThread [INFO]  Completed executor task 8162
2023-07-07 16:38:25.587 worker_log:613 7371 MainThread [INFO]  All processing finished for executor task 8162
2023-07-07 16:38:25.591 worker_log:584 7371 MainThread [INFO]  Received executor task 8188
2023-07-07 16:39:34.342 worker_log:602 7371 MainThread [INFO]  Completed executor task 8188
2023-07-07 16:39:34.354 worker_log:613 7371 MainThread [INFO]  All processing finished for executor task 8188
2023-07-07 16:39:34.354 worker_log:584 7371 MainThread [INFO]  Received executor task 8206
2023-07-07 16:40:11.900 worker_log:602 7371 MainThread [INFO]  Completed executor task 8206
2023-07-07 16:40:11.901 worker_log:613 7371 MainThread [INFO]  All processing finished for executor task 8206
2023-07-07 16:40:11.912 worker_log:584 7371 MainThread [INFO]  Received executor task 8217
2023-07-07 16:40:54.284 worker_log:602 7371 MainThread [INFO]  Completed executor task 8217
2023-07-07 16:40:54.285 worker_log:613 7371 MainThread [INFO]  All processing finished for executor task 8217
2023-07-07 16:40:54.296 worker_log:584 7371 MainThread [INFO]  Received executor task 8232
2023-07-07 16:41:38.065 worker_log:602 7371 MainThread [INFO]  Completed executor task 8232
2023-07-07 16:41:38.065 worker_log:613 7371 MainThread [INFO]  All processing finished for executor task 8232
2023-07-07 16:41:38.076 worker_log:584 7371 MainThread [INFO]  Received executor task 8245
2023-07-07 16:42:05.398 worker_log:602 7371 MainThread [INFO]  Completed executor task 8245
2023-07-07 16:42:05.398 worker_log:613 7371 MainThread [INFO]  All processing finished for executor task 8245
2023-07-07 16:42:05.409 worker_log:584 7371 MainThread [INFO]  Received executor task 8256
2023-07-07 16:43:03.496 worker_log:602 7371 MainThread [INFO]  Completed executor task 8256
2023-07-07 16:43:03.497 worker_log:613 7371 MainThread [INFO]  All processing finished for executor task 8256
2023-07-07 16:43:03.508 worker_log:584 7371 MainThread [INFO]  Received executor task 8271
2023-07-07 16:43:48.051 worker_log:602 7371 MainThread [INFO]  Completed executor task 8271
2023-07-07 16:43:48.052 worker_log:613 7371 MainThread [INFO]  All processing finished for executor task 8271
2023-07-07 16:43:48.063 worker_log:584 7371 MainThread [INFO]  Received executor task 8285
2023-07-07 16:44:33.245 worker_log:602 7371 MainThread [INFO]  Completed executor task 8285
2023-07-07 16:44:33.246 worker_log:613 7371 MainThread [INFO]  All processing finished for executor task 8285
2023-07-07 16:44:33.247 worker_log:584 7371 MainThread [INFO]  Received executor task 8299
2023-07-07 16:45:43.801 worker_log:602 7371 MainThread [INFO]  Completed executor task 8299
2023-07-07 16:45:43.802 worker_log:613 7371 MainThread [INFO]  All processing finished for executor task 8299
2023-07-07 16:45:43.813 worker_log:584 7371 MainThread [INFO]  Received executor task 8315
2023-07-07 16:46:41.890 worker_log:602 7371 MainThread [INFO]  Completed executor task 8315
2023-07-07 16:46:41.890 worker_log:613 7371 MainThread [INFO]  All processing finished for executor task 8315
2023-07-07 16:46:41.901 worker_log:584 7371 MainThread [INFO]  Received executor task 8331
2023-07-07 16:48:10.112 worker_log:602 7371 MainThread [INFO]  Completed executor task 8331
2023-07-07 16:48:10.112 worker_log:613 7371 MainThread [INFO]  All processing finished for executor task 8331
2023-07-07 16:48:10.123 worker_log:584 7371 MainThread [INFO]  Received executor task 8349
2023-07-07 16:48:56.849 worker_log:602 7371 MainThread [INFO]  Completed executor task 8349
2023-07-07 16:48:56.850 worker_log:613 7371 MainThread [INFO]  All processing finished for executor task 8349
2023-07-07 16:48:56.861 worker_log:584 7371 MainThread [INFO]  Received executor task 8362
2023-07-07 16:50:15.977 worker_log:602 7371 MainThread [INFO]  Completed executor task 8362
2023-07-07 16:50:15.977 worker_log:613 7371 MainThread [INFO]  All processing finished for executor task 8362
2023-07-07 16:50:15.988 worker_log:584 7371 MainThread [INFO]  Received executor task 8383
2023-07-07 16:50:53.166 worker_log:602 7371 MainThread [INFO]  Completed executor task 8383
2023-07-07 16:50:53.167 worker_log:613 7371 MainThread [INFO]  All processing finished for executor task 8383
2023-07-07 16:50:53.178 worker_log:584 7371 MainThread [INFO]  Received executor task 8392
2023-07-07 16:52:09.597 worker_log:602 7371 MainThread [INFO]  Completed executor task 8392
2023-07-07 16:52:09.598 worker_log:613 7371 MainThread [INFO]  All processing finished for executor task 8392
2023-07-07 16:52:09.598 worker_log:584 7371 MainThread [INFO]  Received executor task 8418
2023-07-07 16:52:48.787 worker_log:602 7371 MainThread [INFO]  Completed executor task 8418
2023-07-07 16:52:48.788 worker_log:613 7371 MainThread [INFO]  All processing finished for executor task 8418
2023-07-07 16:52:48.799 worker_log:584 7371 MainThread [INFO]  Received executor task 8431
2023-07-07 16:53:44.665 worker_log:602 7371 MainThread [INFO]  Completed executor task 8431
2023-07-07 16:53:44.666 worker_log:613 7371 MainThread [INFO]  All processing finished for executor task 8431
2023-07-07 16:53:44.677 worker_log:584 7371 MainThread [INFO]  Received executor task 8452
2023-07-07 16:54:15.810 worker_log:602 7371 MainThread [INFO]  Completed executor task 8452
2023-07-07 16:54:15.811 worker_log:613 7371 MainThread [INFO]  All processing finished for executor task 8452
2023-07-07 16:54:15.824 worker_log:584 7371 MainThread [INFO]  Received executor task 8473
2023-07-07 16:54:52.255 worker_log:602 7371 MainThread [INFO]  Completed executor task 8473
2023-07-07 16:54:52.255 worker_log:613 7371 MainThread [INFO]  All processing finished for executor task 8473
2023-07-07 16:54:52.267 worker_log:584 7371 MainThread [INFO]  Received executor task 8491
2023-07-07 16:55:13.434 worker_log:602 7371 MainThread [INFO]  Completed executor task 8491
2023-07-07 16:55:13.434 worker_log:613 7371 MainThread [INFO]  All processing finished for executor task 8491
2023-07-07 16:55:13.445 worker_log:584 7371 MainThread [INFO]  Received executor task 8505
2023-07-07 16:55:55.270 worker_log:602 7371 MainThread [INFO]  Completed executor task 8505
2023-07-07 16:55:55.270 worker_log:613 7371 MainThread [INFO]  All processing finished for executor task 8505
2023-07-07 16:55:55.281 worker_log:584 7371 MainThread [INFO]  Received executor task 8520
2023-07-07 16:56:48.948 worker_log:602 7371 MainThread [INFO]  Completed executor task 8520
2023-07-07 16:56:48.949 worker_log:613 7371 MainThread [INFO]  All processing finished for executor task 8520
2023-07-07 16:56:48.960 worker_log:584 7371 MainThread [INFO]  Received executor task 8546
2023-07-07 16:57:07.043 worker_log:602 7371 MainThread [INFO]  Completed executor task 8546
2023-07-07 16:57:07.044 worker_log:613 7371 MainThread [INFO]  All processing finished for executor task 8546
2023-07-07 16:57:07.055 worker_log:584 7371 MainThread [INFO]  Received executor task 8555
2023-07-07 16:57:27.059 worker_log:602 7371 MainThread [INFO]  Completed executor task 8555
2023-07-07 16:57:27.060 worker_log:613 7371 MainThread [INFO]  All processing finished for executor task 8555
2023-07-07 16:57:27.072 worker_log:584 7371 MainThread [INFO]  Received executor task 8565
2023-07-07 16:58:11.211 worker_log:602 7371 MainThread [INFO]  Completed executor task 8565
2023-07-07 16:58:11.212 worker_log:613 7371 MainThread [INFO]  All processing finished for executor task 8565
2023-07-07 16:58:11.223 worker_log:584 7371 MainThread [INFO]  Received executor task 8581
2023-07-07 16:58:24.609 worker_log:602 7371 MainThread [INFO]  Completed executor task 8581
2023-07-07 16:58:24.610 worker_log:613 7371 MainThread [INFO]  All processing finished for executor task 8581
2023-07-07 16:58:24.621 worker_log:584 7371 MainThread [INFO]  Received executor task 8593
2023-07-07 16:59:16.656 worker_log:602 7371 MainThread [INFO]  Completed executor task 8593
2023-07-07 16:59:16.657 worker_log:613 7371 MainThread [INFO]  All processing finished for executor task 8593
2023-07-07 16:59:16.668 worker_log:584 7371 MainThread [INFO]  Received executor task 8625
2023-07-07 16:59:42.156 worker_log:602 7371 MainThread [INFO]  Completed executor task 8625
2023-07-07 16:59:42.156 worker_log:613 7371 MainThread [INFO]  All processing finished for executor task 8625
2023-07-07 16:59:42.167 worker_log:584 7371 MainThread [INFO]  Received executor task 8636
2023-07-07 16:59:51.785 worker_log:602 7371 MainThread [INFO]  Completed executor task 8636
2023-07-07 16:59:51.785 worker_log:613 7371 MainThread [INFO]  All processing finished for executor task 8636
2023-07-07 16:59:51.796 worker_log:584 7371 MainThread [INFO]  Received executor task 8642
2023-07-07 17:00:05.043 worker_log:602 7371 MainThread [INFO]  Completed executor task 8642
2023-07-07 17:00:05.044 worker_log:613 7371 MainThread [INFO]  All processing finished for executor task 8642
2023-07-07 17:00:05.055 worker_log:584 7371 MainThread [INFO]  Received executor task 8648
2023-07-07 17:00:27.356 worker_log:602 7371 MainThread [INFO]  Completed executor task 8648
2023-07-07 17:00:27.356 worker_log:613 7371 MainThread [INFO]  All processing finished for executor task 8648
2023-07-07 17:00:27.367 worker_log:584 7371 MainThread [INFO]  Received executor task 8655
2023-07-07 17:00:47.070 worker_log:602 7371 MainThread [INFO]  Completed executor task 8655
2023-07-07 17:00:47.070 worker_log:613 7371 MainThread [INFO]  All processing finished for executor task 8655
2023-07-07 17:00:47.081 worker_log:584 7371 MainThread [INFO]  Received executor task 8668
2023-07-07 17:01:03.863 worker_log:602 7371 MainThread [INFO]  Completed executor task 8668
2023-07-07 17:01:03.863 worker_log:613 7371 MainThread [INFO]  All processing finished for executor task 8668
2023-07-07 17:01:03.874 worker_log:584 7371 MainThread [INFO]  Received executor task 8675
2023-07-07 17:01:29.129 worker_log:602 7371 MainThread [INFO]  Completed executor task 8675
2023-07-07 17:01:29.129 worker_log:613 7371 MainThread [INFO]  All processing finished for executor task 8675
2023-07-07 17:01:29.140 worker_log:584 7371 MainThread [INFO]  Received executor task 8685
2023-07-07 17:02:04.708 worker_log:602 7371 MainThread [INFO]  Completed executor task 8685
2023-07-07 17:02:04.709 worker_log:613 7371 MainThread [INFO]  All processing finished for executor task 8685
2023-07-07 17:02:04.720 worker_log:584 7371 MainThread [INFO]  Received executor task 8705
2023-07-07 17:02:27.249 worker_log:602 7371 MainThread [INFO]  Completed executor task 8705
2023-07-07 17:02:27.250 worker_log:613 7371 MainThread [INFO]  All processing finished for executor task 8705
2023-07-07 17:02:27.262 worker_log:584 7371 MainThread [INFO]  Received executor task 8721
2023-07-07 17:03:29.818 worker_log:602 7371 MainThread [INFO]  Completed executor task 8721
2023-07-07 17:03:29.818 worker_log:613 7371 MainThread [INFO]  All processing finished for executor task 8721
2023-07-07 17:03:29.829 worker_log:584 7371 MainThread [INFO]  Received executor task 8758
2023-07-07 17:04:04.281 worker_log:602 7371 MainThread [INFO]  Completed executor task 8758
2023-07-07 17:04:04.281 worker_log:613 7371 MainThread [INFO]  All processing finished for executor task 8758
2023-07-07 17:04:04.292 worker_log:584 7371 MainThread [INFO]  Received executor task 8777
2023-07-07 17:04:46.936 worker_log:602 7371 MainThread [INFO]  Completed executor task 8777
2023-07-07 17:04:46.936 worker_log:613 7371 MainThread [INFO]  All processing finished for executor task 8777
2023-07-07 17:04:46.948 worker_log:584 7371 MainThread [INFO]  Received executor task 8799
2023-07-07 17:05:17.426 worker_log:602 7371 MainThread [INFO]  Completed executor task 8799
2023-07-07 17:05:17.426 worker_log:613 7371 MainThread [INFO]  All processing finished for executor task 8799
2023-07-07 17:05:17.438 worker_log:584 7371 MainThread [INFO]  Received executor task 8819
2023-07-07 17:05:51.451 worker_log:602 7371 MainThread [INFO]  Completed executor task 8819
2023-07-07 17:05:51.452 worker_log:613 7371 MainThread [INFO]  All processing finished for executor task 8819
2023-07-07 17:05:51.463 worker_log:584 7371 MainThread [INFO]  Received executor task 8833
2023-07-07 17:06:30.247 worker_log:602 7371 MainThread [INFO]  Completed executor task 8833
2023-07-07 17:06:30.248 worker_log:613 7371 MainThread [INFO]  All processing finished for executor task 8833
2023-07-07 17:06:30.259 worker_log:584 7371 MainThread [INFO]  Received executor task 8859
2023-07-07 17:06:49.444 worker_log:602 7371 MainThread [INFO]  Completed executor task 8859
2023-07-07 17:06:49.444 worker_log:613 7371 MainThread [INFO]  All processing finished for executor task 8859
2023-07-07 17:06:49.455 worker_log:584 7371 MainThread [INFO]  Received executor task 8868
2023-07-07 17:07:51.201 worker_log:602 7371 MainThread [INFO]  Completed executor task 8868
2023-07-07 17:07:51.202 worker_log:613 7371 MainThread [INFO]  All processing finished for executor task 8868
2023-07-07 17:07:51.213 worker_log:584 7371 MainThread [INFO]  Received executor task 8900
2023-07-07 17:08:21.568 worker_log:602 7371 MainThread [INFO]  Completed executor task 8900
2023-07-07 17:08:21.568 worker_log:613 7371 MainThread [INFO]  All processing finished for executor task 8900
2023-07-07 17:08:21.580 worker_log:584 7371 MainThread [INFO]  Received executor task 8919
2023-07-07 17:08:43.759 worker_log:602 7371 MainThread [INFO]  Completed executor task 8919
2023-07-07 17:08:43.760 worker_log:613 7371 MainThread [INFO]  All processing finished for executor task 8919
2023-07-07 17:08:43.771 worker_log:584 7371 MainThread [INFO]  Received executor task 8929
2023-07-07 17:09:15.146 worker_log:602 7371 MainThread [INFO]  Completed executor task 8929
2023-07-07 17:09:15.146 worker_log:613 7371 MainThread [INFO]  All processing finished for executor task 8929
2023-07-07 17:09:15.159 worker_log:584 7371 MainThread [INFO]  Received executor task 8948
2023-07-07 17:09:59.998 worker_log:602 7371 MainThread [INFO]  Completed executor task 8948
2023-07-07 17:09:59.999 worker_log:613 7371 MainThread [INFO]  All processing finished for executor task 8948
2023-07-07 17:10:00.010 worker_log:584 7371 MainThread [INFO]  Received executor task 8975
2023-07-07 17:10:52.459 worker_log:602 7371 MainThread [INFO]  Completed executor task 8975
2023-07-07 17:10:52.459 worker_log:613 7371 MainThread [INFO]  All processing finished for executor task 8975
2023-07-07 17:10:52.471 worker_log:584 7371 MainThread [INFO]  Received executor task 8995
2023-07-07 17:12:49.359 worker_log:602 7371 MainThread [INFO]  Completed executor task 8995
2023-07-07 17:12:49.360 worker_log:613 7371 MainThread [INFO]  All processing finished for executor task 8995
2023-07-07 17:12:49.371 worker_log:584 7371 MainThread [INFO]  Received executor task 9028
2023-07-07 17:13:09.102 worker_log:602 7371 MainThread [INFO]  Completed executor task 9028
2023-07-07 17:13:09.103 worker_log:613 7371 MainThread [INFO]  All processing finished for executor task 9028
2023-07-07 17:13:09.114 worker_log:584 7371 MainThread [INFO]  Received executor task 9038
2023-07-07 17:13:55.675 worker_log:602 7371 MainThread [INFO]  Completed executor task 9038
2023-07-07 17:13:55.675 worker_log:613 7371 MainThread [INFO]  All processing finished for executor task 9038
2023-07-07 17:13:55.686 worker_log:584 7371 MainThread [INFO]  Received executor task 9056
2023-07-07 17:14:29.991 worker_log:602 7371 MainThread [INFO]  Completed executor task 9056
2023-07-07 17:14:29.991 worker_log:613 7371 MainThread [INFO]  All processing finished for executor task 9056
2023-07-07 17:14:30.002 worker_log:584 7371 MainThread [INFO]  Received executor task 9065
2023-07-07 17:15:04.524 worker_log:602 7371 MainThread [INFO]  Completed executor task 9065
2023-07-07 17:15:04.524 worker_log:613 7371 MainThread [INFO]  All processing finished for executor task 9065
2023-07-07 17:15:04.536 worker_log:584 7371 MainThread [INFO]  Received executor task 9078
2023-07-07 17:15:49.630 worker_log:602 7371 MainThread [INFO]  Completed executor task 9078
2023-07-07 17:15:49.630 worker_log:613 7371 MainThread [INFO]  All processing finished for executor task 9078
2023-07-07 17:15:49.642 worker_log:584 7371 MainThread [INFO]  Received executor task 9097
2023-07-07 17:16:17.704 worker_log:602 7371 MainThread [INFO]  Completed executor task 9097
2023-07-07 17:16:17.705 worker_log:613 7371 MainThread [INFO]  All processing finished for executor task 9097
2023-07-07 17:16:17.716 worker_log:584 7371 MainThread [INFO]  Received executor task 9110
2023-07-07 17:16:34.997 worker_log:602 7371 MainThread [INFO]  Completed executor task 9110
2023-07-07 17:16:34.998 worker_log:613 7371 MainThread [INFO]  All processing finished for executor task 9110
2023-07-07 17:16:35.009 worker_log:584 7371 MainThread [INFO]  Received executor task 9120
2023-07-07 17:16:55.926 worker_log:602 7371 MainThread [INFO]  Completed executor task 9120
2023-07-07 17:16:55.926 worker_log:613 7371 MainThread [INFO]  All processing finished for executor task 9120
2023-07-07 17:16:55.938 worker_log:584 7371 MainThread [INFO]  Received executor task 9127
2023-07-07 17:17:20.054 worker_log:602 7371 MainThread [INFO]  Completed executor task 9127
2023-07-07 17:17:20.054 worker_log:613 7371 MainThread [INFO]  All processing finished for executor task 9127
2023-07-07 17:17:20.065 worker_log:584 7371 MainThread [INFO]  Received executor task 9139
2023-07-07 17:18:11.667 worker_log:602 7371 MainThread [INFO]  Completed executor task 9139
2023-07-07 17:18:11.667 worker_log:613 7371 MainThread [INFO]  All processing finished for executor task 9139
2023-07-07 17:18:11.679 worker_log:584 7371 MainThread [INFO]  Received executor task 9158
2023-07-07 17:18:54.230 worker_log:602 7371 MainThread [INFO]  Completed executor task 9158
2023-07-07 17:18:54.230 worker_log:613 7371 MainThread [INFO]  All processing finished for executor task 9158
2023-07-07 17:18:54.241 worker_log:584 7371 MainThread [INFO]  Received executor task 9177
2023-07-07 17:19:03.225 worker_log:602 7371 MainThread [INFO]  Completed executor task 9177
2023-07-07 17:19:03.225 worker_log:613 7371 MainThread [INFO]  All processing finished for executor task 9177
2023-07-07 17:19:03.236 worker_log:584 7371 MainThread [INFO]  Received executor task 9180
2023-07-07 17:19:29.014 worker_log:602 7371 MainThread [INFO]  Completed executor task 9180
2023-07-07 17:19:29.015 worker_log:613 7371 MainThread [INFO]  All processing finished for executor task 9180
2023-07-07 17:19:29.026 worker_log:584 7371 MainThread [INFO]  Received executor task 9197
2023-07-07 17:20:07.749 worker_log:602 7371 MainThread [INFO]  Completed executor task 9197
2023-07-07 17:20:07.749 worker_log:613 7371 MainThread [INFO]  All processing finished for executor task 9197
2023-07-07 17:20:07.750 worker_log:584 7371 MainThread [INFO]  Received executor task 9216
