ts,parallelism,vertex,subtask,metric,value
1784196587,4,"Source: Source-data -> LoadJSON, Parse, _stream_key_by_map_operator",0,busyTimeMsPerSecond,0.0
1784196587,4,"Source: Source-data -> LoadJSON, Parse, _stream_key_by_map_operator",0,numRecordsOutPerSecond,0.0
1784196587,4,"Source: Source-data -> LoadJSON, Parse, _stream_key_by_map_operator",0,idleTimeMsPerSecond,0.0
1784196587,4,"Source: Source-data -> LoadJSON, Parse, _stream_key_by_map_operator",0,numRecordsOut,5048.0
1784196587,4,"Source: Source-data -> LoadJSON, Parse, _stream_key_by_map_operator",0,numRecordsIn,5048.0
1784196587,4,"Source: Source-data -> LoadJSON, Parse, _stream_key_by_map_operator",0,numRecordsInPerSecond,0.0
1784196587,4,"Source: Source-data -> LoadJSON, Parse, _stream_key_by_map_operator",0,backPressuredTimeMsPerSecond,1000.0
1784196587,4,"Source: Source-data -> LoadJSON, Parse, _stream_key_by_map_operator",1,busyTimeMsPerSecond,0.0
1784196587,4,"Source: Source-data -> LoadJSON, Parse, _stream_key_by_map_operator",1,numRecordsOutPerSecond,0.0
1784196587,4,"Source: Source-data -> LoadJSON, Parse, _stream_key_by_map_operator",1,idleTimeMsPerSecond,0.0
1784196587,4,"Source: Source-data -> LoadJSON, Parse, _stream_key_by_map_operator",1,numRecordsOut,5537.0
1784196587,4,"Source: Source-data -> LoadJSON, Parse, _stream_key_by_map_operator",1,numRecordsIn,5537.0
1784196587,4,"Source: Source-data -> LoadJSON, Parse, _stream_key_by_map_operator",1,numRecordsInPerSecond,0.0
1784196587,4,"Source: Source-data -> LoadJSON, Parse, _stream_key_by_map_operator",1,backPressuredTimeMsPerSecond,1000.0
1784196587,4,"Source: Source-data -> LoadJSON, Parse, _stream_key_by_map_operator",2,busyTimeMsPerSecond,0.0
1784196587,4,"Source: Source-data -> LoadJSON, Parse, _stream_key_by_map_operator",2,numRecordsOutPerSecond,0.0
1784196587,4,"Source: Source-data -> LoadJSON, Parse, _stream_key_by_map_operator",2,idleTimeMsPerSecond,0.0
1784196587,4,"Source: Source-data -> LoadJSON, Parse, _stream_key_by_map_operator",2,numRecordsOut,5381.0
1784196587,4,"Source: Source-data -> LoadJSON, Parse, _stream_key_by_map_operator",2,numRecordsIn,5381.0
1784196587,4,"Source: Source-data -> LoadJSON, Parse, _stream_key_by_map_operator",2,numRecordsInPerSecond,0.0
1784196587,4,"Source: Source-data -> LoadJSON, Parse, _stream_key_by_map_operator",2,backPressuredTimeMsPerSecond,1000.0
1784196587,4,"Source: Source-data -> LoadJSON, Parse, _stream_key_by_map_operator",3,busyTimeMsPerSecond,0.0
1784196587,4,"Source: Source-data -> LoadJSON, Parse, _stream_key_by_map_operator",3,numRecordsOutPerSecond,0.0
1784196587,4,"Source: Source-data -> LoadJSON, Parse, _stream_key_by_map_operator",3,idleTimeMsPerSecond,0.0
1784196587,4,"Source: Source-data -> LoadJSON, Parse, _stream_key_by_map_operator",3,numRecordsOut,5536.0
1784196587,4,"Source: Source-data -> LoadJSON, Parse, _stream_key_by_map_operator",3,numRecordsIn,5536.0
1784196587,4,"Source: Source-data -> LoadJSON, Parse, _stream_key_by_map_operator",3,numRecordsInPerSecond,0.0
1784196587,4,"Source: Source-data -> LoadJSON, Parse, _stream_key_by_map_operator",3,backPressuredTimeMsPerSecond,1000.0
1784196587,4,"KEYED PROCESS, Parse->Train, _stream_key_by_map_operator",0,busyTimeMsPerSecond,717.0
1784196587,4,"KEYED PROCESS, Parse->Train, _stream_key_by_map_operator",0,numRecordsOutPerSecond,0.11666666666666667
1784196587,4,"KEYED PROCESS, Parse->Train, _stream_key_by_map_operator",0,idleTimeMsPerSecond,0.0
1784196587,4,"KEYED PROCESS, Parse->Train, _stream_key_by_map_operator",0,numRecordsOut,116.0
1784196587,4,"KEYED PROCESS, Parse->Train, _stream_key_by_map_operator",0,numRecordsIn,117.0
1784196587,4,"KEYED PROCESS, Parse->Train, _stream_key_by_map_operator",0,numRecordsInPerSecond,0.11666666666666667
1784196587,4,"KEYED PROCESS, Parse->Train, _stream_key_by_map_operator",0,backPressuredTimeMsPerSecond,283.0
1784196587,4,"KEYED PROCESS, Parse->Train, _stream_key_by_map_operator",1,busyTimeMsPerSecond,646.0
1784196587,4,"KEYED PROCESS, Parse->Train, _stream_key_by_map_operator",1,numRecordsOutPerSecond,0.21666666666666667
1784196587,4,"KEYED PROCESS, Parse->Train, _stream_key_by_map_operator",1,idleTimeMsPerSecond,0.0
1784196587,4,"KEYED PROCESS, Parse->Train, _stream_key_by_map_operator",1,numRecordsOut,33.0
1784196587,4,"KEYED PROCESS, Parse->Train, _stream_key_by_map_operator",1,numRecordsIn,34.0
1784196587,4,"KEYED PROCESS, Parse->Train, _stream_key_by_map_operator",1,numRecordsInPerSecond,0.21666666666666667
1784196587,4,"KEYED PROCESS, Parse->Train, _stream_key_by_map_operator",1,backPressuredTimeMsPerSecond,354.0
1784196587,4,"KEYED PROCESS, Parse->Train, _stream_key_by_map_operator",2,busyTimeMsPerSecond,734.0
1784196587,4,"KEYED PROCESS, Parse->Train, _stream_key_by_map_operator",2,numRecordsOutPerSecond,0.38333333333333336
1784196587,4,"KEYED PROCESS, Parse->Train, _stream_key_by_map_operator",2,idleTimeMsPerSecond,0.0
1784196587,4,"KEYED PROCESS, Parse->Train, _stream_key_by_map_operator",2,numRecordsOut,83.0
1784196587,4,"KEYED PROCESS, Parse->Train, _stream_key_by_map_operator",2,numRecordsIn,84.0
1784196587,4,"KEYED PROCESS, Parse->Train, _stream_key_by_map_operator",2,numRecordsInPerSecond,0.38333333333333336
1784196587,4,"KEYED PROCESS, Parse->Train, _stream_key_by_map_operator",2,backPressuredTimeMsPerSecond,266.0
1784196587,4,"KEYED PROCESS, Parse->Train, _stream_key_by_map_operator",3,busyTimeMsPerSecond,869.0
1784196587,4,"KEYED PROCESS, Parse->Train, _stream_key_by_map_operator",3,numRecordsOutPerSecond,0.2
1784196587,4,"KEYED PROCESS, Parse->Train, _stream_key_by_map_operator",3,idleTimeMsPerSecond,0.0
1784196587,4,"KEYED PROCESS, Parse->Train, _stream_key_by_map_operator",3,numRecordsOut,42.0
1784196587,4,"KEYED PROCESS, Parse->Train, _stream_key_by_map_operator",3,numRecordsIn,43.0
1784196587,4,"KEYED PROCESS, Parse->Train, _stream_key_by_map_operator",3,numRecordsInPerSecond,0.2
1784196587,4,"KEYED PROCESS, Parse->Train, _stream_key_by_map_operator",3,backPressuredTimeMsPerSecond,131.0
1784196587,4,"KEYED PROCESS, Train->Infer, _stream_key_by_map_operator",0,busyTimeMsPerSecond,862.0
1784196587,4,"KEYED PROCESS, Train->Infer, _stream_key_by_map_operator",0,numRecordsOutPerSecond,83.6
1784196587,4,"KEYED PROCESS, Train->Infer, _stream_key_by_map_operator",0,idleTimeMsPerSecond,138.0
1784196587,4,"KEYED PROCESS, Train->Infer, _stream_key_by_map_operator",0,numRecordsOut,5609.0
1784196587,4,"KEYED PROCESS, Train->Infer, _stream_key_by_map_operator",0,numRecordsIn,120.0
1784196587,4,"KEYED PROCESS, Train->Infer, _stream_key_by_map_operator",0,numRecordsInPerSecond,0.43333333333333335
1784196587,4,"KEYED PROCESS, Train->Infer, _stream_key_by_map_operator",0,backPressuredTimeMsPerSecond,0.0
1784196587,4,"KEYED PROCESS, Train->Infer, _stream_key_by_map_operator",1,busyTimeMsPerSecond,710.0
1784196587,4,"KEYED PROCESS, Train->Infer, _stream_key_by_map_operator",1,numRecordsOutPerSecond,66.66666666666667
1784196587,4,"KEYED PROCESS, Train->Infer, _stream_key_by_map_operator",1,idleTimeMsPerSecond,290.0
1784196587,4,"KEYED PROCESS, Train->Infer, _stream_key_by_map_operator",1,numRecordsOut,6015.0
1784196587,4,"KEYED PROCESS, Train->Infer, _stream_key_by_map_operator",1,numRecordsIn,27.0
1784196587,4,"KEYED PROCESS, Train->Infer, _stream_key_by_map_operator",1,numRecordsInPerSecond,0.13333333333333333
1784196587,4,"KEYED PROCESS, Train->Infer, _stream_key_by_map_operator",1,backPressuredTimeMsPerSecond,0.0
1784196587,4,"KEYED PROCESS, Train->Infer, _stream_key_by_map_operator",2,busyTimeMsPerSecond,824.0
1784196587,4,"KEYED PROCESS, Train->Infer, _stream_key_by_map_operator",2,numRecordsOutPerSecond,75.26666666666667
1784196587,4,"KEYED PROCESS, Train->Infer, _stream_key_by_map_operator",2,idleTimeMsPerSecond,98.0
1784196587,4,"KEYED PROCESS, Train->Infer, _stream_key_by_map_operator",2,numRecordsOut,6571.0
1784196587,4,"KEYED PROCESS, Train->Infer, _stream_key_by_map_operator",2,numRecordsIn,85.0
1784196587,4,"KEYED PROCESS, Train->Infer, _stream_key_by_map_operator",2,numRecordsInPerSecond,0.4
1784196587,4,"KEYED PROCESS, Train->Infer, _stream_key_by_map_operator",2,backPressuredTimeMsPerSecond,78.0
1784196587,4,"KEYED PROCESS, Train->Infer, _stream_key_by_map_operator",3,busyTimeMsPerSecond,783.0
1784196587,4,"KEYED PROCESS, Train->Infer, _stream_key_by_map_operator",3,numRecordsOutPerSecond,66.71666666666667
1784196587,4,"KEYED PROCESS, Train->Infer, _stream_key_by_map_operator",3,idleTimeMsPerSecond,217.0
1784196587,4,"KEYED PROCESS, Train->Infer, _stream_key_by_map_operator",3,numRecordsOut,5528.0
1784196587,4,"KEYED PROCESS, Train->Infer, _stream_key_by_map_operator",3,numRecordsIn,40.0
1784196587,4,"KEYED PROCESS, Train->Infer, _stream_key_by_map_operator",3,numRecordsInPerSecond,0.18333333333333332
1784196587,4,"KEYED PROCESS, Train->Infer, _stream_key_by_map_operator",3,backPressuredTimeMsPerSecond,0.0
1784196587,4,"Infer->Rank, Rank->Filter, Filter -> Sink: Writer -> Sink: Committer",0,busyTimeMsPerSecond,915.0
1784196587,4,"Infer->Rank, Rank->Filter, Filter -> Sink: Writer -> Sink: Committer",0,numRecordsOutPerSecond,39.5
1784196587,4,"Infer->Rank, Rank->Filter, Filter -> Sink: Writer -> Sink: Committer",0,idleTimeMsPerSecond,85.0
1784196587,4,"Infer->Rank, Rank->Filter, Filter -> Sink: Writer -> Sink: Committer",0,numRecordsOut,2780.0
1784196587,4,"Infer->Rank, Rank->Filter, Filter -> Sink: Writer -> Sink: Committer",0,numRecordsIn,2892.0
1784196587,4,"Infer->Rank, Rank->Filter, Filter -> Sink: Writer -> Sink: Committer",0,numRecordsInPerSecond,39.733333333333334
1784196587,4,"Infer->Rank, Rank->Filter, Filter -> Sink: Writer -> Sink: Committer",0,backPressuredTimeMsPerSecond,0.0
1784196587,4,"Infer->Rank, Rank->Filter, Filter -> Sink: Writer -> Sink: Committer",1,busyTimeMsPerSecond,1000.0
1784196587,4,"Infer->Rank, Rank->Filter, Filter -> Sink: Writer -> Sink: Committer",1,numRecordsOutPerSecond,52.666666666666664
1784196587,4,"Infer->Rank, Rank->Filter, Filter -> Sink: Writer -> Sink: Committer",1,idleTimeMsPerSecond,0.0
1784196587,4,"Infer->Rank, Rank->Filter, Filter -> Sink: Writer -> Sink: Committer",1,numRecordsOut,3940.0
1784196587,4,"Infer->Rank, Rank->Filter, Filter -> Sink: Writer -> Sink: Committer",1,numRecordsIn,3956.0
1784196587,4,"Infer->Rank, Rank->Filter, Filter -> Sink: Writer -> Sink: Committer",1,numRecordsInPerSecond,52.7
1784196587,4,"Infer->Rank, Rank->Filter, Filter -> Sink: Writer -> Sink: Committer",1,backPressuredTimeMsPerSecond,0.0
1784196587,4,"Infer->Rank, Rank->Filter, Filter -> Sink: Writer -> Sink: Committer",2,busyTimeMsPerSecond,1000.0
1784196587,4,"Infer->Rank, Rank->Filter, Filter -> Sink: Writer -> Sink: Committer",2,numRecordsOutPerSecond,42.333333333333336
1784196587,4,"Infer->Rank, Rank->Filter, Filter -> Sink: Writer -> Sink: Committer",2,idleTimeMsPerSecond,0.0
1784196587,4,"Infer->Rank, Rank->Filter, Filter -> Sink: Writer -> Sink: Committer",2,numRecordsOut,3420.0
1784196587,4,"Infer->Rank, Rank->Filter, Filter -> Sink: Writer -> Sink: Committer",2,numRecordsIn,3488.0
1784196587,4,"Infer->Rank, Rank->Filter, Filter -> Sink: Writer -> Sink: Committer",2,numRecordsInPerSecond,42.483333333333334
1784196587,4,"Infer->Rank, Rank->Filter, Filter -> Sink: Writer -> Sink: Committer",2,backPressuredTimeMsPerSecond,0.0
1784196587,4,"Infer->Rank, Rank->Filter, Filter -> Sink: Writer -> Sink: Committer",3,busyTimeMsPerSecond,1000.0
1784196587,4,"Infer->Rank, Rank->Filter, Filter -> Sink: Writer -> Sink: Committer",3,numRecordsOutPerSecond,40.0
1784196587,4,"Infer->Rank, Rank->Filter, Filter -> Sink: Writer -> Sink: Committer",3,idleTimeMsPerSecond,0.0
1784196587,4,"Infer->Rank, Rank->Filter, Filter -> Sink: Writer -> Sink: Committer",3,numRecordsOut,3190.0
1784196587,4,"Infer->Rank, Rank->Filter, Filter -> Sink: Writer -> Sink: Committer",3,numRecordsIn,3221.0
1784196587,4,"Infer->Rank, Rank->Filter, Filter -> Sink: Writer -> Sink: Committer",3,numRecordsInPerSecond,40.016666666666666
1784196587,4,"Infer->Rank, Rank->Filter, Filter -> Sink: Writer -> Sink: Committer",3,backPressuredTimeMsPerSecond,0.0
1784196602,4,"Source: Source-data -> LoadJSON, Parse, _stream_key_by_map_operator",0,busyTimeMsPerSecond,0.0
1784196602,4,"Source: Source-data -> LoadJSON, Parse, _stream_key_by_map_operator",0,numRecordsOutPerSecond,0.0
1784196602,4,"Source: Source-data -> LoadJSON, Parse, _stream_key_by_map_operator",0,idleTimeMsPerSecond,0.0
1784196602,4,"Source: Source-data -> LoadJSON, Parse, _stream_key_by_map_operator",0,numRecordsOut,5048.0
1784196602,4,"Source: Source-data -> LoadJSON, Parse, _stream_key_by_map_operator",0,numRecordsIn,5048.0
1784196602,4,"Source: Source-data -> LoadJSON, Parse, _stream_key_by_map_operator",0,numRecordsInPerSecond,0.0
1784196602,4,"Source: Source-data -> LoadJSON, Parse, _stream_key_by_map_operator",0,backPressuredTimeMsPerSecond,1000.0
1784196602,4,"Source: Source-data -> LoadJSON, Parse, _stream_key_by_map_operator",1,busyTimeMsPerSecond,0.0
1784196602,4,"Source: Source-data -> LoadJSON, Parse, _stream_key_by_map_operator",1,numRecordsOutPerSecond,0.0
1784196602,4,"Source: Source-data -> LoadJSON, Parse, _stream_key_by_map_operator",1,idleTimeMsPerSecond,0.0
1784196602,4,"Source: Source-data -> LoadJSON, Parse, _stream_key_by_map_operator",1,numRecordsOut,5537.0
1784196602,4,"Source: Source-data -> LoadJSON, Parse, _stream_key_by_map_operator",1,numRecordsIn,5537.0
1784196602,4,"Source: Source-data -> LoadJSON, Parse, _stream_key_by_map_operator",1,numRecordsInPerSecond,0.0
1784196602,4,"Source: Source-data -> LoadJSON, Parse, _stream_key_by_map_operator",1,backPressuredTimeMsPerSecond,1000.0
1784196602,4,"Source: Source-data -> LoadJSON, Parse, _stream_key_by_map_operator",2,busyTimeMsPerSecond,0.0
1784196602,4,"Source: Source-data -> LoadJSON, Parse, _stream_key_by_map_operator",2,numRecordsOutPerSecond,0.0
1784196602,4,"Source: Source-data -> LoadJSON, Parse, _stream_key_by_map_operator",2,idleTimeMsPerSecond,0.0
1784196602,4,"Source: Source-data -> LoadJSON, Parse, _stream_key_by_map_operator",2,numRecordsOut,5381.0
1784196602,4,"Source: Source-data -> LoadJSON, Parse, _stream_key_by_map_operator",2,numRecordsIn,5381.0
1784196602,4,"Source: Source-data -> LoadJSON, Parse, _stream_key_by_map_operator",2,numRecordsInPerSecond,0.0
1784196602,4,"Source: Source-data -> LoadJSON, Parse, _stream_key_by_map_operator",2,backPressuredTimeMsPerSecond,1000.0
1784196602,4,"Source: Source-data -> LoadJSON, Parse, _stream_key_by_map_operator",3,busyTimeMsPerSecond,0.0
1784196602,4,"Source: Source-data -> LoadJSON, Parse, _stream_key_by_map_operator",3,numRecordsOutPerSecond,0.0
1784196602,4,"Source: Source-data -> LoadJSON, Parse, _stream_key_by_map_operator",3,idleTimeMsPerSecond,0.0
1784196602,4,"Source: Source-data -> LoadJSON, Parse, _stream_key_by_map_operator",3,numRecordsOut,5536.0
1784196602,4,"Source: Source-data -> LoadJSON, Parse, _stream_key_by_map_operator",3,numRecordsIn,5536.0
1784196602,4,"Source: Source-data -> LoadJSON, Parse, _stream_key_by_map_operator",3,numRecordsInPerSecond,0.0
1784196602,4,"Source: Source-data -> LoadJSON, Parse, _stream_key_by_map_operator",3,backPressuredTimeMsPerSecond,1000.0
1784196602,4,"KEYED PROCESS, Parse->Train, _stream_key_by_map_operator",0,busyTimeMsPerSecond,258.0
1784196602,4,"KEYED PROCESS, Parse->Train, _stream_key_by_map_operator",0,numRecordsOutPerSecond,0.1
1784196602,4,"KEYED PROCESS, Parse->Train, _stream_key_by_map_operator",0,idleTimeMsPerSecond,0.0
1784196602,4,"KEYED PROCESS, Parse->Train, _stream_key_by_map_operator",0,numRecordsOut,188.0
1784196602,4,"KEYED PROCESS, Parse->Train, _stream_key_by_map_operator",0,numRecordsIn,189.0
1784196602,4,"KEYED PROCESS, Parse->Train, _stream_key_by_map_operator",0,numRecordsInPerSecond,0.1
1784196602,4,"KEYED PROCESS, Parse->Train, _stream_key_by_map_operator",0,backPressuredTimeMsPerSecond,742.0
1784196602,4,"KEYED PROCESS, Parse->Train, _stream_key_by_map_operator",1,busyTimeMsPerSecond,378.0
1784196602,4,"KEYED PROCESS, Parse->Train, _stream_key_by_map_operator",1,numRecordsOutPerSecond,0.15
1784196602,4,"KEYED PROCESS, Parse->Train, _stream_key_by_map_operator",1,idleTimeMsPerSecond,0.0
1784196602,4,"KEYED PROCESS, Parse->Train, _stream_key_by_map_operator",1,numRecordsOut,86.0
1784196602,4,"KEYED PROCESS, Parse->Train, _stream_key_by_map_operator",1,numRecordsIn,86.0
1784196602,4,"KEYED PROCESS, Parse->Train, _stream_key_by_map_operator",1,numRecordsInPerSecond,0.13333333333333333
1784196602,4,"KEYED PROCESS, Parse->Train, _stream_key_by_map_operator",1,backPressuredTimeMsPerSecond,622.0
1784196602,4,"KEYED PROCESS, Parse->Train, _stream_key_by_map_operator",2,busyTimeMsPerSecond,582.0
1784196602,4,"KEYED PROCESS, Parse->Train, _stream_key_by_map_operator",2,numRecordsOutPerSecond,0.18333333333333332
1784196602,4,"KEYED PROCESS, Parse->Train, _stream_key_by_map_operator",2,idleTimeMsPerSecond,0.0
1784196602,4,"KEYED PROCESS, Parse->Train, _stream_key_by_map_operator",2,numRecordsOut,141.0
1784196602,4,"KEYED PROCESS, Parse->Train, _stream_key_by_map_operator",2,numRecordsIn,142.0
1784196602,4,"KEYED PROCESS, Parse->Train, _stream_key_by_map_operator",2,numRecordsInPerSecond,0.18333333333333332
1784196602,4,"KEYED PROCESS, Parse->Train, _stream_key_by_map_operator",2,backPressuredTimeMsPerSecond,418.0
1784196602,4,"KEYED PROCESS, Parse->Train, _stream_key_by_map_operator",3,busyTimeMsPerSecond,328.0
1784196602,4,"KEYED PROCESS, Parse->Train, _stream_key_by_map_operator",3,numRecordsOutPerSecond,0.11666666666666667
1784196602,4,"KEYED PROCESS, Parse->Train, _stream_key_by_map_operator",3,idleTimeMsPerSecond,0.0
1784196602,4,"KEYED PROCESS, Parse->Train, _stream_key_by_map_operator",3,numRecordsOut,101.0
1784196602,4,"KEYED PROCESS, Parse->Train, _stream_key_by_map_operator",3,numRecordsIn,102.0
1784196602,4,"KEYED PROCESS, Parse->Train, _stream_key_by_map_operator",3,numRecordsInPerSecond,0.11666666666666667
1784196602,4,"KEYED PROCESS, Parse->Train, _stream_key_by_map_operator",3,backPressuredTimeMsPerSecond,672.0
1784196602,4,"KEYED PROCESS, Train->Infer, _stream_key_by_map_operator",0,busyTimeMsPerSecond,637.0
1784196602,4,"KEYED PROCESS, Train->Infer, _stream_key_by_map_operator",0,numRecordsOutPerSecond,66.66666666666667
1784196602,4,"KEYED PROCESS, Train->Infer, _stream_key_by_map_operator",0,idleTimeMsPerSecond,0.0
1784196602,4,"KEYED PROCESS, Train->Infer, _stream_key_by_map_operator",0,numRecordsOut,37120.0
1784196602,4,"KEYED PROCESS, Train->Infer, _stream_key_by_map_operator",0,numRecordsIn,195.0
1784196602,4,"KEYED PROCESS, Train->Infer, _stream_key_by_map_operator",0,numRecordsInPerSecond,0.15
1784196602,4,"KEYED PROCESS, Train->Infer, _stream_key_by_map_operator",0,backPressuredTimeMsPerSecond,363.0
1784196602,4,"KEYED PROCESS, Train->Infer, _stream_key_by_map_operator",1,busyTimeMsPerSecond,592.0
1784196602,4,"KEYED PROCESS, Train->Infer, _stream_key_by_map_operator",1,numRecordsOutPerSecond,66.66666666666667
1784196602,4,"KEYED PROCESS, Train->Infer, _stream_key_by_map_operator",1,idleTimeMsPerSecond,408.0
1784196602,4,"KEYED PROCESS, Train->Infer, _stream_key_by_map_operator",1,numRecordsOut,31515.0
1784196602,4,"KEYED PROCESS, Train->Infer, _stream_key_by_map_operator",1,numRecordsIn,79.0
1784196602,4,"KEYED PROCESS, Train->Infer, _stream_key_by_map_operator",1,numRecordsInPerSecond,0.13333333333333333
1784196602,4,"KEYED PROCESS, Train->Infer, _stream_key_by_map_operator",1,backPressuredTimeMsPerSecond,0.0
1784196602,4,"KEYED PROCESS, Train->Infer, _stream_key_by_map_operator",2,busyTimeMsPerSecond,806.0
1784196602,4,"KEYED PROCESS, Train->Infer, _stream_key_by_map_operator",2,numRecordsOutPerSecond,66.66666666666667
1784196602,4,"KEYED PROCESS, Train->Infer, _stream_key_by_map_operator",2,idleTimeMsPerSecond,194.0
1784196602,4,"KEYED PROCESS, Train->Infer, _stream_key_by_map_operator",2,numRecordsOut,33075.0
1784196602,4,"KEYED PROCESS, Train->Infer, _stream_key_by_map_operator",2,numRecordsIn,142.0
1784196602,4,"KEYED PROCESS, Train->Infer, _stream_key_by_map_operator",2,numRecordsInPerSecond,0.15
1784196602,4,"KEYED PROCESS, Train->Infer, _stream_key_by_map_operator",2,backPressuredTimeMsPerSecond,0.0
1784196602,4,"KEYED PROCESS, Train->Infer, _stream_key_by_map_operator",3,busyTimeMsPerSecond,324.0
1784196602,4,"KEYED PROCESS, Train->Infer, _stream_key_by_map_operator",3,numRecordsOutPerSecond,33.333333333333336
1784196602,4,"KEYED PROCESS, Train->Infer, _stream_key_by_map_operator",3,idleTimeMsPerSecond,676.0
1784196602,4,"KEYED PROCESS, Train->Infer, _stream_key_by_map_operator",3,numRecordsOut,33030.0
1784196602,4,"KEYED PROCESS, Train->Infer, _stream_key_by_map_operator",3,numRecordsIn,97.0
1784196602,4,"KEYED PROCESS, Train->Infer, _stream_key_by_map_operator",3,numRecordsInPerSecond,0.08333333333333333
1784196602,4,"KEYED PROCESS, Train->Infer, _stream_key_by_map_operator",3,backPressuredTimeMsPerSecond,0.0
1784196602,4,"Infer->Rank, Rank->Filter, Filter -> Sink: Writer -> Sink: Committer",0,busyTimeMsPerSecond,1000.0
1784196602,4,"Infer->Rank, Rank->Filter, Filter -> Sink: Writer -> Sink: Committer",0,numRecordsOutPerSecond,64.83333333333333
1784196602,4,"Infer->Rank, Rank->Filter, Filter -> Sink: Writer -> Sink: Committer",0,idleTimeMsPerSecond,0.0
1784196602,4,"Infer->Rank, Rank->Filter, Filter -> Sink: Writer -> Sink: Committer",0,numRecordsOut,33000.0
1784196602,4,"Infer->Rank, Rank->Filter, Filter -> Sink: Writer -> Sink: Committer",0,numRecordsIn,34127.0
1784196602,4,"Infer->Rank, Rank->Filter, Filter -> Sink: Writer -> Sink: Committer",0,numRecordsInPerSecond,73.18333333333334
1784196602,4,"Infer->Rank, Rank->Filter, Filter -> Sink: Writer -> Sink: Committer",0,backPressuredTimeMsPerSecond,0.0
1784196602,4,"Infer->Rank, Rank->Filter, Filter -> Sink: Writer -> Sink: Committer",1,busyTimeMsPerSecond,865.0
1784196602,4,"Infer->Rank, Rank->Filter, Filter -> Sink: Writer -> Sink: Committer",1,numRecordsOutPerSecond,65.16666666666667
1784196602,4,"Infer->Rank, Rank->Filter, Filter -> Sink: Writer -> Sink: Committer",1,idleTimeMsPerSecond,135.0
1784196602,4,"Infer->Rank, Rank->Filter, Filter -> Sink: Writer -> Sink: Committer",1,numRecordsOut,30540.0
1784196602,4,"Infer->Rank, Rank->Filter, Filter -> Sink: Writer -> Sink: Committer",1,numRecordsIn,31060.0
1784196602,4,"Infer->Rank, Rank->Filter, Filter -> Sink: Writer -> Sink: Committer",1,numRecordsInPerSecond,65.11666666666666
1784196602,4,"Infer->Rank, Rank->Filter, Filter -> Sink: Writer -> Sink: Committer",1,backPressuredTimeMsPerSecond,0.0
1784196602,4,"Infer->Rank, Rank->Filter, Filter -> Sink: Writer -> Sink: Committer",2,busyTimeMsPerSecond,979.0
1784196602,4,"Infer->Rank, Rank->Filter, Filter -> Sink: Writer -> Sink: Committer",2,numRecordsOutPerSecond,45.166666666666664
1784196602,4,"Infer->Rank, Rank->Filter, Filter -> Sink: Writer -> Sink: Committer",2,idleTimeMsPerSecond,21.0
1784196602,4,"Infer->Rank, Rank->Filter, Filter -> Sink: Writer -> Sink: Committer",2,numRecordsOut,29300.0
1784196602,4,"Infer->Rank, Rank->Filter, Filter -> Sink: Writer -> Sink: Committer",2,numRecordsIn,31382.0
1784196602,4,"Infer->Rank, Rank->Filter, Filter -> Sink: Writer -> Sink: Committer",2,numRecordsInPerSecond,45.25
1784196602,4,"Infer->Rank, Rank->Filter, Filter -> Sink: Writer -> Sink: Committer",2,backPressuredTimeMsPerSecond,0.0
1784196602,4,"Infer->Rank, Rank->Filter, Filter -> Sink: Writer -> Sink: Committer",3,busyTimeMsPerSecond,395.0
1784196602,4,"Infer->Rank, Rank->Filter, Filter -> Sink: Writer -> Sink: Committer",3,numRecordsOutPerSecond,29.0
1784196602,4,"Infer->Rank, Rank->Filter, Filter -> Sink: Writer -> Sink: Committer",3,idleTimeMsPerSecond,605.0
1784196602,4,"Infer->Rank, Rank->Filter, Filter -> Sink: Writer -> Sink: Committer",3,numRecordsOut,31250.0
1784196602,4,"Infer->Rank, Rank->Filter, Filter -> Sink: Writer -> Sink: Committer",3,numRecordsIn,32781.0
1784196602,4,"Infer->Rank, Rank->Filter, Filter -> Sink: Writer -> Sink: Committer",3,numRecordsInPerSecond,29.133333333333333
1784196602,4,"Infer->Rank, Rank->Filter, Filter -> Sink: Writer -> Sink: Committer",3,backPressuredTimeMsPerSecond,0.0
1784196617,4,"Source: Source-data -> LoadJSON, Parse, _stream_key_by_map_operator",0,busyTimeMsPerSecond,0.0
1784196617,4,"Source: Source-data -> LoadJSON, Parse, _stream_key_by_map_operator",0,numRecordsOutPerSecond,0.0
1784196617,4,"Source: Source-data -> LoadJSON, Parse, _stream_key_by_map_operator",0,idleTimeMsPerSecond,0.0
1784196617,4,"Source: Source-data -> LoadJSON, Parse, _stream_key_by_map_operator",0,numRecordsOut,5048.0
1784196617,4,"Source: Source-data -> LoadJSON, Parse, _stream_key_by_map_operator",0,numRecordsIn,5048.0
1784196617,4,"Source: Source-data -> LoadJSON, Parse, _stream_key_by_map_operator",0,numRecordsInPerSecond,0.0
1784196617,4,"Source: Source-data -> LoadJSON, Parse, _stream_key_by_map_operator",0,backPressuredTimeMsPerSecond,1000.0
1784196617,4,"Source: Source-data -> LoadJSON, Parse, _stream_key_by_map_operator",1,busyTimeMsPerSecond,0.0
1784196617,4,"Source: Source-data -> LoadJSON, Parse, _stream_key_by_map_operator",1,numRecordsOutPerSecond,0.0
1784196617,4,"Source: Source-data -> LoadJSON, Parse, _stream_key_by_map_operator",1,idleTimeMsPerSecond,0.0
1784196617,4,"Source: Source-data -> LoadJSON, Parse, _stream_key_by_map_operator",1,numRecordsOut,5537.0
1784196617,4,"Source: Source-data -> LoadJSON, Parse, _stream_key_by_map_operator",1,numRecordsIn,5537.0
1784196617,4,"Source: Source-data -> LoadJSON, Parse, _stream_key_by_map_operator",1,numRecordsInPerSecond,0.0
1784196617,4,"Source: Source-data -> LoadJSON, Parse, _stream_key_by_map_operator",1,backPressuredTimeMsPerSecond,1000.0
1784196617,4,"Source: Source-data -> LoadJSON, Parse, _stream_key_by_map_operator",2,busyTimeMsPerSecond,0.0
1784196617,4,"Source: Source-data -> LoadJSON, Parse, _stream_key_by_map_operator",2,numRecordsOutPerSecond,0.0
1784196617,4,"Source: Source-data -> LoadJSON, Parse, _stream_key_by_map_operator",2,idleTimeMsPerSecond,0.0
1784196617,4,"Source: Source-data -> LoadJSON, Parse, _stream_key_by_map_operator",2,numRecordsOut,5381.0
1784196617,4,"Source: Source-data -> LoadJSON, Parse, _stream_key_by_map_operator",2,numRecordsIn,5381.0
1784196617,4,"Source: Source-data -> LoadJSON, Parse, _stream_key_by_map_operator",2,numRecordsInPerSecond,0.0
1784196617,4,"Source: Source-data -> LoadJSON, Parse, _stream_key_by_map_operator",2,backPressuredTimeMsPerSecond,1000.0
1784196617,4,"Source: Source-data -> LoadJSON, Parse, _stream_key_by_map_operator",3,busyTimeMsPerSecond,0.0
1784196617,4,"Source: Source-data -> LoadJSON, Parse, _stream_key_by_map_operator",3,numRecordsOutPerSecond,0.0
1784196617,4,"Source: Source-data -> LoadJSON, Parse, _stream_key_by_map_operator",3,idleTimeMsPerSecond,0.0
1784196617,4,"Source: Source-data -> LoadJSON, Parse, _stream_key_by_map_operator",3,numRecordsOut,5536.0
1784196617,4,"Source: Source-data -> LoadJSON, Parse, _stream_key_by_map_operator",3,numRecordsIn,5536.0
1784196617,4,"Source: Source-data -> LoadJSON, Parse, _stream_key_by_map_operator",3,numRecordsInPerSecond,0.0
1784196617,4,"Source: Source-data -> LoadJSON, Parse, _stream_key_by_map_operator",3,backPressuredTimeMsPerSecond,1000.0
1784196617,4,"KEYED PROCESS, Parse->Train, _stream_key_by_map_operator",0,busyTimeMsPerSecond,244.0
1784196617,4,"KEYED PROCESS, Parse->Train, _stream_key_by_map_operator",0,numRecordsOutPerSecond,0.08333333333333333
1784196617,4,"KEYED PROCESS, Parse->Train, _stream_key_by_map_operator",0,idleTimeMsPerSecond,0.0
1784196617,4,"KEYED PROCESS, Parse->Train, _stream_key_by_map_operator",0,numRecordsOut,188.0
1784196617,4,"KEYED PROCESS, Parse->Train, _stream_key_by_map_operator",0,numRecordsIn,189.0
1784196617,4,"KEYED PROCESS, Parse->Train, _stream_key_by_map_operator",0,numRecordsInPerSecond,0.08333333333333333
1784196617,4,"KEYED PROCESS, Parse->Train, _stream_key_by_map_operator",0,backPressuredTimeMsPerSecond,756.0
1784196617,4,"KEYED PROCESS, Parse->Train, _stream_key_by_map_operator",1,busyTimeMsPerSecond,317.0
1784196617,4,"KEYED PROCESS, Parse->Train, _stream_key_by_map_operator",1,numRecordsOutPerSecond,0.1
1784196617,4,"KEYED PROCESS, Parse->Train, _stream_key_by_map_operator",1,idleTimeMsPerSecond,0.0
1784196617,4,"KEYED PROCESS, Parse->Train, _stream_key_by_map_operator",1,numRecordsOut,86.0
1784196617,4,"KEYED PROCESS, Parse->Train, _stream_key_by_map_operator",1,numRecordsIn,87.0
1784196617,4,"KEYED PROCESS, Parse->Train, _stream_key_by_map_operator",1,numRecordsInPerSecond,0.1
1784196617,4,"KEYED PROCESS, Parse->Train, _stream_key_by_map_operator",1,backPressuredTimeMsPerSecond,683.0
1784196617,4,"KEYED PROCESS, Parse->Train, _stream_key_by_map_operator",2,busyTimeMsPerSecond,446.0
1784196617,4,"KEYED PROCESS, Parse->Train, _stream_key_by_map_operator",2,numRecordsOutPerSecond,0.13333333333333333
1784196617,4,"KEYED PROCESS, Parse->Train, _stream_key_by_map_operator",2,idleTimeMsPerSecond,0.0
1784196617,4,"KEYED PROCESS, Parse->Train, _stream_key_by_map_operator",2,numRecordsOut,141.0
1784196617,4,"KEYED PROCESS, Parse->Train, _stream_key_by_map_operator",2,numRecordsIn,142.0
1784196617,4,"KEYED PROCESS, Parse->Train, _stream_key_by_map_operator",2,numRecordsInPerSecond,0.13333333333333333
1784196617,4,"KEYED PROCESS, Parse->Train, _stream_key_by_map_operator",2,backPressuredTimeMsPerSecond,554.0
1784196617,4,"KEYED PROCESS, Parse->Train, _stream_key_by_map_operator",3,busyTimeMsPerSecond,297.0
1784196617,4,"KEYED PROCESS, Parse->Train, _stream_key_by_map_operator",3,numRecordsOutPerSecond,0.1
1784196617,4,"KEYED PROCESS, Parse->Train, _stream_key_by_map_operator",3,idleTimeMsPerSecond,0.0
1784196617,4,"KEYED PROCESS, Parse->Train, _stream_key_by_map_operator",3,numRecordsOut,104.0
1784196617,4,"KEYED PROCESS, Parse->Train, _stream_key_by_map_operator",3,numRecordsIn,105.0
1784196617,4,"KEYED PROCESS, Parse->Train, _stream_key_by_map_operator",3,numRecordsInPerSecond,0.1
1784196617,4,"KEYED PROCESS, Parse->Train, _stream_key_by_map_operator",3,backPressuredTimeMsPerSecond,703.0
1784196617,4,"KEYED PROCESS, Train->Infer, _stream_key_by_map_operator",0,busyTimeMsPerSecond,601.0
1784196617,4,"KEYED PROCESS, Train->Infer, _stream_key_by_map_operator",0,numRecordsOutPerSecond,75.0
1784196617,4,"KEYED PROCESS, Train->Infer, _stream_key_by_map_operator",0,idleTimeMsPerSecond,0.0
1784196617,4,"KEYED PROCESS, Train->Infer, _stream_key_by_map_operator",0,numRecordsOut,39620.0
1784196617,4,"KEYED PROCESS, Train->Infer, _stream_key_by_map_operator",0,numRecordsIn,199.0
1784196617,4,"KEYED PROCESS, Train->Infer, _stream_key_by_map_operator",0,numRecordsInPerSecond,0.13333333333333333
1784196617,4,"KEYED PROCESS, Train->Infer, _stream_key_by_map_operator",0,backPressuredTimeMsPerSecond,399.0
1784196617,4,"KEYED PROCESS, Train->Infer, _stream_key_by_map_operator",1,busyTimeMsPerSecond,444.0
1784196617,4,"KEYED PROCESS, Train->Infer, _stream_key_by_map_operator",1,numRecordsOutPerSecond,50.0
1784196617,4,"KEYED PROCESS, Train->Infer, _stream_key_by_map_operator",1,idleTimeMsPerSecond,556.0
1784196617,4,"KEYED PROCESS, Train->Infer, _stream_key_by_map_operator",1,numRecordsOut,32515.0
1784196617,4,"KEYED PROCESS, Train->Infer, _stream_key_by_map_operator",1,numRecordsIn,81.0
1784196617,4,"KEYED PROCESS, Train->Infer, _stream_key_by_map_operator",1,numRecordsInPerSecond,0.1
1784196617,4,"KEYED PROCESS, Train->Infer, _stream_key_by_map_operator",1,backPressuredTimeMsPerSecond,0.0
1784196617,4,"KEYED PROCESS, Train->Infer, _stream_key_by_map_operator",2,busyTimeMsPerSecond,460.0
1784196617,4,"KEYED PROCESS, Train->Infer, _stream_key_by_map_operator",2,numRecordsOutPerSecond,50.0
1784196617,4,"KEYED PROCESS, Train->Infer, _stream_key_by_map_operator",2,idleTimeMsPerSecond,540.0
1784196617,4,"KEYED PROCESS, Train->Infer, _stream_key_by_map_operator",2,numRecordsOut,34075.0
1784196617,4,"KEYED PROCESS, Train->Infer, _stream_key_by_map_operator",2,numRecordsIn,143.0
1784196617,4,"KEYED PROCESS, Train->Infer, _stream_key_by_map_operator",2,numRecordsInPerSecond,0.08333333333333333
1784196617,4,"KEYED PROCESS, Train->Infer, _stream_key_by_map_operator",2,backPressuredTimeMsPerSecond,0.0
1784196617,4,"KEYED PROCESS, Train->Infer, _stream_key_by_map_operator",3,busyTimeMsPerSecond,396.0
1784196617,4,"KEYED PROCESS, Train->Infer, _stream_key_by_map_operator",3,numRecordsOutPerSecond,50.0
1784196617,4,"KEYED PROCESS, Train->Infer, _stream_key_by_map_operator",3,idleTimeMsPerSecond,604.0
1784196617,4,"KEYED PROCESS, Train->Infer, _stream_key_by_map_operator",3,numRecordsOut,35030.0
1784196617,4,"KEYED PROCESS, Train->Infer, _stream_key_by_map_operator",3,numRecordsIn,100.0
1784196617,4,"KEYED PROCESS, Train->Infer, _stream_key_by_map_operator",3,numRecordsInPerSecond,0.1
1784196617,4,"KEYED PROCESS, Train->Infer, _stream_key_by_map_operator",3,backPressuredTimeMsPerSecond,0.0
1784196617,4,"Infer->Rank, Rank->Filter, Filter -> Sink: Writer -> Sink: Committer",0,busyTimeMsPerSecond,1000.0
1784196617,4,"Infer->Rank, Rank->Filter, Filter -> Sink: Writer -> Sink: Committer",0,numRecordsOutPerSecond,68.66666666666667
1784196617,4,"Infer->Rank, Rank->Filter, Filter -> Sink: Writer -> Sink: Committer",0,idleTimeMsPerSecond,0.0
1784196617,4,"Infer->Rank, Rank->Filter, Filter -> Sink: Writer -> Sink: Committer",0,numRecordsOut,35080.0
1784196617,4,"Infer->Rank, Rank->Filter, Filter -> Sink: Writer -> Sink: Committer",0,numRecordsIn,36201.0
1784196617,4,"Infer->Rank, Rank->Filter, Filter -> Sink: Writer -> Sink: Committer",0,numRecordsInPerSecond,68.51666666666667
1784196617,4,"Infer->Rank, Rank->Filter, Filter -> Sink: Writer -> Sink: Committer",0,backPressuredTimeMsPerSecond,0.0
1784196617,4,"Infer->Rank, Rank->Filter, Filter -> Sink: Writer -> Sink: Committer",1,busyTimeMsPerSecond,709.0
1784196617,4,"Infer->Rank, Rank->Filter, Filter -> Sink: Writer -> Sink: Committer",1,numRecordsOutPerSecond,57.166666666666664
1784196617,4,"Infer->Rank, Rank->Filter, Filter -> Sink: Writer -> Sink: Committer",1,idleTimeMsPerSecond,291.0
1784196617,4,"Infer->Rank, Rank->Filter, Filter -> Sink: Writer -> Sink: Committer",1,numRecordsOut,31580.0
1784196617,4,"Infer->Rank, Rank->Filter, Filter -> Sink: Writer -> Sink: Committer",1,numRecordsIn,32097.0
1784196617,4,"Infer->Rank, Rank->Filter, Filter -> Sink: Writer -> Sink: Committer",1,numRecordsInPerSecond,57.11666666666667
1784196617,4,"Infer->Rank, Rank->Filter, Filter -> Sink: Writer -> Sink: Committer",1,backPressuredTimeMsPerSecond,0.0
1784196617,4,"Infer->Rank, Rank->Filter, Filter -> Sink: Writer -> Sink: Committer",2,busyTimeMsPerSecond,845.0
1784196617,4,"Infer->Rank, Rank->Filter, Filter -> Sink: Writer -> Sink: Committer",2,numRecordsOutPerSecond,67.33333333333333
1784196617,4,"Infer->Rank, Rank->Filter, Filter -> Sink: Writer -> Sink: Committer",2,idleTimeMsPerSecond,155.0
1784196617,4,"Infer->Rank, Rank->Filter, Filter -> Sink: Writer -> Sink: Committer",2,numRecordsOut,32000.0
1784196617,4,"Infer->Rank, Rank->Filter, Filter -> Sink: Writer -> Sink: Committer",2,numRecordsIn,34075.0
1784196617,4,"Infer->Rank, Rank->Filter, Filter -> Sink: Writer -> Sink: Committer",2,numRecordsInPerSecond,67.25
1784196617,4,"Infer->Rank, Rank->Filter, Filter -> Sink: Writer -> Sink: Committer",2,backPressuredTimeMsPerSecond,0.0
1784196617,4,"Infer->Rank, Rank->Filter, Filter -> Sink: Writer -> Sink: Committer",3,busyTimeMsPerSecond,421.0
1784196617,4,"Infer->Rank, Rank->Filter, Filter -> Sink: Writer -> Sink: Committer",3,numRecordsOutPerSecond,35.5
1784196617,4,"Infer->Rank, Rank->Filter, Filter -> Sink: Writer -> Sink: Committer",3,idleTimeMsPerSecond,579.0
1784196617,4,"Infer->Rank, Rank->Filter, Filter -> Sink: Writer -> Sink: Committer",3,numRecordsOut,32640.0
1784196617,4,"Infer->Rank, Rank->Filter, Filter -> Sink: Writer -> Sink: Committer",3,numRecordsIn,34180.0
1784196617,4,"Infer->Rank, Rank->Filter, Filter -> Sink: Writer -> Sink: Committer",3,numRecordsInPerSecond,35.65
1784196617,4,"Infer->Rank, Rank->Filter, Filter -> Sink: Writer -> Sink: Committer",3,backPressuredTimeMsPerSecond,0.0
1784196632,4,"Source: Source-data -> LoadJSON, Parse, _stream_key_by_map_operator",0,busyTimeMsPerSecond,0.0
1784196632,4,"Source: Source-data -> LoadJSON, Parse, _stream_key_by_map_operator",0,numRecordsOutPerSecond,0.0
1784196632,4,"Source: Source-data -> LoadJSON, Parse, _stream_key_by_map_operator",0,idleTimeMsPerSecond,0.0
1784196632,4,"Source: Source-data -> LoadJSON, Parse, _stream_key_by_map_operator",0,numRecordsOut,5048.0
1784196632,4,"Source: Source-data -> LoadJSON, Parse, _stream_key_by_map_operator",0,numRecordsIn,5048.0
1784196632,4,"Source: Source-data -> LoadJSON, Parse, _stream_key_by_map_operator",0,numRecordsInPerSecond,0.0
1784196632,4,"Source: Source-data -> LoadJSON, Parse, _stream_key_by_map_operator",0,backPressuredTimeMsPerSecond,1000.0
1784196632,4,"Source: Source-data -> LoadJSON, Parse, _stream_key_by_map_operator",1,busyTimeMsPerSecond,0.0
1784196632,4,"Source: Source-data -> LoadJSON, Parse, _stream_key_by_map_operator",1,numRecordsOutPerSecond,0.0
1784196632,4,"Source: Source-data -> LoadJSON, Parse, _stream_key_by_map_operator",1,idleTimeMsPerSecond,0.0
1784196632,4,"Source: Source-data -> LoadJSON, Parse, _stream_key_by_map_operator",1,numRecordsOut,5537.0
1784196632,4,"Source: Source-data -> LoadJSON, Parse, _stream_key_by_map_operator",1,numRecordsIn,5537.0
1784196632,4,"Source: Source-data -> LoadJSON, Parse, _stream_key_by_map_operator",1,numRecordsInPerSecond,0.0
1784196632,4,"Source: Source-data -> LoadJSON, Parse, _stream_key_by_map_operator",1,backPressuredTimeMsPerSecond,1000.0
1784196632,4,"Source: Source-data -> LoadJSON, Parse, _stream_key_by_map_operator",2,busyTimeMsPerSecond,0.0
1784196632,4,"Source: Source-data -> LoadJSON, Parse, _stream_key_by_map_operator",2,numRecordsOutPerSecond,0.0
1784196632,4,"Source: Source-data -> LoadJSON, Parse, _stream_key_by_map_operator",2,idleTimeMsPerSecond,0.0
1784196632,4,"Source: Source-data -> LoadJSON, Parse, _stream_key_by_map_operator",2,numRecordsOut,5381.0
1784196632,4,"Source: Source-data -> LoadJSON, Parse, _stream_key_by_map_operator",2,numRecordsIn,5381.0
1784196632,4,"Source: Source-data -> LoadJSON, Parse, _stream_key_by_map_operator",2,numRecordsInPerSecond,0.0
1784196632,4,"Source: Source-data -> LoadJSON, Parse, _stream_key_by_map_operator",2,backPressuredTimeMsPerSecond,1000.0
1784196632,4,"Source: Source-data -> LoadJSON, Parse, _stream_key_by_map_operator",3,busyTimeMsPerSecond,0.0
1784196632,4,"Source: Source-data -> LoadJSON, Parse, _stream_key_by_map_operator",3,numRecordsOutPerSecond,0.0
1784196632,4,"Source: Source-data -> LoadJSON, Parse, _stream_key_by_map_operator",3,idleTimeMsPerSecond,0.0
1784196632,4,"Source: Source-data -> LoadJSON, Parse, _stream_key_by_map_operator",3,numRecordsOut,5536.0
1784196632,4,"Source: Source-data -> LoadJSON, Parse, _stream_key_by_map_operator",3,numRecordsIn,5536.0
1784196632,4,"Source: Source-data -> LoadJSON, Parse, _stream_key_by_map_operator",3,numRecordsInPerSecond,0.0
1784196632,4,"Source: Source-data -> LoadJSON, Parse, _stream_key_by_map_operator",3,backPressuredTimeMsPerSecond,1000.0
1784196632,4,"KEYED PROCESS, Parse->Train, _stream_key_by_map_operator",0,busyTimeMsPerSecond,305.0
1784196632,4,"KEYED PROCESS, Parse->Train, _stream_key_by_map_operator",0,numRecordsOutPerSecond,0.1
1784196632,4,"KEYED PROCESS, Parse->Train, _stream_key_by_map_operator",0,idleTimeMsPerSecond,0.0
1784196632,4,"KEYED PROCESS, Parse->Train, _stream_key_by_map_operator",0,numRecordsOut,189.0
1784196632,4,"KEYED PROCESS, Parse->Train, _stream_key_by_map_operator",0,numRecordsIn,190.0
1784196632,4,"KEYED PROCESS, Parse->Train, _stream_key_by_map_operator",0,numRecordsInPerSecond,0.1
1784196632,4,"KEYED PROCESS, Parse->Train, _stream_key_by_map_operator",0,backPressuredTimeMsPerSecond,695.0
1784196632,4,"KEYED PROCESS, Parse->Train, _stream_key_by_map_operator",1,busyTimeMsPerSecond,399.0
1784196632,4,"KEYED PROCESS, Parse->Train, _stream_key_by_map_operator",1,numRecordsOutPerSecond,0.13333333333333333
1784196632,4,"KEYED PROCESS, Parse->Train, _stream_key_by_map_operator",1,idleTimeMsPerSecond,0.0
1784196632,4,"KEYED PROCESS, Parse->Train, _stream_key_by_map_operator",1,numRecordsOut,91.0
1784196632,4,"KEYED PROCESS, Parse->Train, _stream_key_by_map_operator",1,numRecordsIn,92.0
1784196632,4,"KEYED PROCESS, Parse->Train, _stream_key_by_map_operator",1,numRecordsInPerSecond,0.13333333333333333
1784196632,4,"KEYED PROCESS, Parse->Train, _stream_key_by_map_operator",1,backPressuredTimeMsPerSecond,601.0
1784196632,4,"KEYED PROCESS, Parse->Train, _stream_key_by_map_operator",2,busyTimeMsPerSecond,183.0
1784196632,4,"KEYED PROCESS, Parse->Train, _stream_key_by_map_operator",2,numRecordsOutPerSecond,0.06666666666666667
1784196632,4,"KEYED PROCESS, Parse->Train, _stream_key_by_map_operator",2,idleTimeMsPerSecond,0.0
1784196632,4,"KEYED PROCESS, Parse->Train, _stream_key_by_map_operator",2,numRecordsOut,143.0
1784196632,4,"KEYED PROCESS, Parse->Train, _stream_key_by_map_operator",2,numRecordsIn,144.0
1784196632,4,"KEYED PROCESS, Parse->Train, _stream_key_by_map_operator",2,numRecordsInPerSecond,0.06666666666666667
1784196632,4,"KEYED PROCESS, Parse->Train, _stream_key_by_map_operator",2,backPressuredTimeMsPerSecond,817.0
1784196632,4,"KEYED PROCESS, Parse->Train, _stream_key_by_map_operator",3,busyTimeMsPerSecond,314.0
1784196632,4,"KEYED PROCESS, Parse->Train, _stream_key_by_map_operator",3,numRecordsOutPerSecond,0.1
1784196632,4,"KEYED PROCESS, Parse->Train, _stream_key_by_map_operator",3,idleTimeMsPerSecond,0.0
1784196632,4,"KEYED PROCESS, Parse->Train, _stream_key_by_map_operator",3,numRecordsOut,106.0
1784196632,4,"KEYED PROCESS, Parse->Train, _stream_key_by_map_operator",3,numRecordsIn,107.0
1784196632,4,"KEYED PROCESS, Parse->Train, _stream_key_by_map_operator",3,numRecordsInPerSecond,0.1
1784196632,4,"KEYED PROCESS, Parse->Train, _stream_key_by_map_operator",3,backPressuredTimeMsPerSecond,686.0
1784196632,4,"KEYED PROCESS, Train->Infer, _stream_key_by_map_operator",0,busyTimeMsPerSecond,580.0
1784196632,4,"KEYED PROCESS, Train->Infer, _stream_key_by_map_operator",0,numRecordsOutPerSecond,75.0
1784196632,4,"KEYED PROCESS, Train->Infer, _stream_key_by_map_operator",0,idleTimeMsPerSecond,0.0
1784196632,4,"KEYED PROCESS, Train->Infer, _stream_key_by_map_operator",0,numRecordsOut,40620.0
1784196632,4,"KEYED PROCESS, Train->Infer, _stream_key_by_map_operator",0,numRecordsIn,202.0
1784196632,4,"KEYED PROCESS, Train->Infer, _stream_key_by_map_operator",0,numRecordsInPerSecond,0.15
1784196632,4,"KEYED PROCESS, Train->Infer, _stream_key_by_map_operator",0,backPressuredTimeMsPerSecond,420.0
1784196632,4,"KEYED PROCESS, Train->Infer, _stream_key_by_map_operator",1,busyTimeMsPerSecond,292.0
1784196632,4,"KEYED PROCESS, Train->Infer, _stream_key_by_map_operator",1,numRecordsOutPerSecond,33.333333333333336
1784196632,4,"KEYED PROCESS, Train->Infer, _stream_key_by_map_operator",1,idleTimeMsPerSecond,708.0
1784196632,4,"KEYED PROCESS, Train->Infer, _stream_key_by_map_operator",1,numRecordsOut,33015.0
1784196632,4,"KEYED PROCESS, Train->Infer, _stream_key_by_map_operator",1,numRecordsIn,81.0
1784196632,4,"KEYED PROCESS, Train->Infer, _stream_key_by_map_operator",1,numRecordsInPerSecond,0.05
1784196632,4,"KEYED PROCESS, Train->Infer, _stream_key_by_map_operator",1,backPressuredTimeMsPerSecond,0.0
1784196632,4,"KEYED PROCESS, Train->Infer, _stream_key_by_map_operator",2,busyTimeMsPerSecond,318.0
1784196632,4,"KEYED PROCESS, Train->Infer, _stream_key_by_map_operator",2,numRecordsOutPerSecond,41.666666666666664
1784196632,4,"KEYED PROCESS, Train->Infer, _stream_key_by_map_operator",2,idleTimeMsPerSecond,682.0
1784196632,4,"KEYED PROCESS, Train->Infer, _stream_key_by_map_operator",2,numRecordsOut,34575.0
1784196632,4,"KEYED PROCESS, Train->Infer, _stream_key_by_map_operator",2,numRecordsIn,144.0
1784196632,4,"KEYED PROCESS, Train->Infer, _stream_key_by_map_operator",2,numRecordsInPerSecond,0.06666666666666667
1784196632,4,"KEYED PROCESS, Train->Infer, _stream_key_by_map_operator",2,backPressuredTimeMsPerSecond,0.0
1784196632,4,"KEYED PROCESS, Train->Infer, _stream_key_by_map_operator",3,busyTimeMsPerSecond,550.0
1784196632,4,"KEYED PROCESS, Train->Infer, _stream_key_by_map_operator",3,numRecordsOutPerSecond,66.66666666666667
1784196632,4,"KEYED PROCESS, Train->Infer, _stream_key_by_map_operator",3,idleTimeMsPerSecond,450.0
1784196632,4,"KEYED PROCESS, Train->Infer, _stream_key_by_map_operator",3,numRecordsOut,36530.0
1784196632,4,"KEYED PROCESS, Train->Infer, _stream_key_by_map_operator",3,numRecordsIn,104.0
1784196632,4,"KEYED PROCESS, Train->Infer, _stream_key_by_map_operator",3,numRecordsInPerSecond,0.15
1784196632,4,"KEYED PROCESS, Train->Infer, _stream_key_by_map_operator",3,backPressuredTimeMsPerSecond,0.0
1784196632,4,"Infer->Rank, Rank->Filter, Filter -> Sink: Writer -> Sink: Committer",0,busyTimeMsPerSecond,1000.0
1784196632,4,"Infer->Rank, Rank->Filter, Filter -> Sink: Writer -> Sink: Committer",0,numRecordsOutPerSecond,70.83333333333333
1784196632,4,"Infer->Rank, Rank->Filter, Filter -> Sink: Writer -> Sink: Committer",0,idleTimeMsPerSecond,0.0
1784196632,4,"Infer->Rank, Rank->Filter, Filter -> Sink: Writer -> Sink: Committer",0,numRecordsOut,36360.0
1784196632,4,"Infer->Rank, Rank->Filter, Filter -> Sink: Writer -> Sink: Committer",0,numRecordsIn,37488.0
1784196632,4,"Infer->Rank, Rank->Filter, Filter -> Sink: Writer -> Sink: Committer",0,numRecordsInPerSecond,70.93333333333334
1784196632,4,"Infer->Rank, Rank->Filter, Filter -> Sink: Writer -> Sink: Committer",0,backPressuredTimeMsPerSecond,0.0
1784196632,4,"Infer->Rank, Rank->Filter, Filter -> Sink: Writer -> Sink: Committer",1,busyTimeMsPerSecond,683.0
1784196632,4,"Infer->Rank, Rank->Filter, Filter -> Sink: Writer -> Sink: Committer",1,numRecordsOutPerSecond,54.333333333333336
1784196632,4,"Infer->Rank, Rank->Filter, Filter -> Sink: Writer -> Sink: Committer",1,idleTimeMsPerSecond,317.0
1784196632,4,"Infer->Rank, Rank->Filter, Filter -> Sink: Writer -> Sink: Committer",1,numRecordsOut,32500.0
1784196632,4,"Infer->Rank, Rank->Filter, Filter -> Sink: Writer -> Sink: Committer",1,numRecordsIn,33015.0
1784196632,4,"Infer->Rank, Rank->Filter, Filter -> Sink: Writer -> Sink: Committer",1,numRecordsInPerSecond,54.18333333333333
1784196632,4,"Infer->Rank, Rank->Filter, Filter -> Sink: Writer -> Sink: Committer",1,backPressuredTimeMsPerSecond,0.0
1784196632,4,"Infer->Rank, Rank->Filter, Filter -> Sink: Writer -> Sink: Committer",2,busyTimeMsPerSecond,598.0
1784196632,4,"Infer->Rank, Rank->Filter, Filter -> Sink: Writer -> Sink: Committer",2,numRecordsOutPerSecond,58.5
1784196632,4,"Infer->Rank, Rank->Filter, Filter -> Sink: Writer -> Sink: Committer",2,idleTimeMsPerSecond,402.0
1784196632,4,"Infer->Rank, Rank->Filter, Filter -> Sink: Writer -> Sink: Committer",2,numRecordsOut,32000.0
1784196632,4,"Infer->Rank, Rank->Filter, Filter -> Sink: Writer -> Sink: Committer",2,numRecordsIn,34082.0
1784196632,4,"Infer->Rank, Rank->Filter, Filter -> Sink: Writer -> Sink: Committer",2,numRecordsInPerSecond,58.483333333333334
1784196632,4,"Infer->Rank, Rank->Filter, Filter -> Sink: Writer -> Sink: Committer",2,backPressuredTimeMsPerSecond,0.0
1784196632,4,"Infer->Rank, Rank->Filter, Filter -> Sink: Writer -> Sink: Committer",3,busyTimeMsPerSecond,575.0
1784196632,4,"Infer->Rank, Rank->Filter, Filter -> Sink: Writer -> Sink: Committer",3,numRecordsOutPerSecond,42.333333333333336
1784196632,4,"Infer->Rank, Rank->Filter, Filter -> Sink: Writer -> Sink: Committer",3,idleTimeMsPerSecond,425.0
1784196632,4,"Infer->Rank, Rank->Filter, Filter -> Sink: Writer -> Sink: Committer",3,numRecordsOut,33540.0
1784196632,4,"Infer->Rank, Rank->Filter, Filter -> Sink: Writer -> Sink: Committer",3,numRecordsIn,35073.0
1784196632,4,"Infer->Rank, Rank->Filter, Filter -> Sink: Writer -> Sink: Committer",3,numRecordsInPerSecond,42.38333333333333
1784196632,4,"Infer->Rank, Rank->Filter, Filter -> Sink: Writer -> Sink: Committer",3,backPressuredTimeMsPerSecond,0.0
1784196647,4,"Source: Source-data -> LoadJSON, Parse, _stream_key_by_map_operator",0,busyTimeMsPerSecond,1.0
1784196647,4,"Source: Source-data -> LoadJSON, Parse, _stream_key_by_map_operator",0,numRecordsOutPerSecond,0.0
1784196647,4,"Source: Source-data -> LoadJSON, Parse, _stream_key_by_map_operator",0,idleTimeMsPerSecond,0.0
1784196647,4,"Source: Source-data -> LoadJSON, Parse, _stream_key_by_map_operator",0,numRecordsOut,5048.0
1784196647,4,"Source: Source-data -> LoadJSON, Parse, _stream_key_by_map_operator",0,numRecordsIn,5048.0
1784196647,4,"Source: Source-data -> LoadJSON, Parse, _stream_key_by_map_operator",0,numRecordsInPerSecond,0.0
1784196647,4,"Source: Source-data -> LoadJSON, Parse, _stream_key_by_map_operator",0,backPressuredTimeMsPerSecond,999.0
1784196647,4,"Source: Source-data -> LoadJSON, Parse, _stream_key_by_map_operator",1,busyTimeMsPerSecond,0.0
1784196647,4,"Source: Source-data -> LoadJSON, Parse, _stream_key_by_map_operator",1,numRecordsOutPerSecond,0.0
1784196647,4,"Source: Source-data -> LoadJSON, Parse, _stream_key_by_map_operator",1,idleTimeMsPerSecond,0.0
1784196647,4,"Source: Source-data -> LoadJSON, Parse, _stream_key_by_map_operator",1,numRecordsOut,5537.0
1784196647,4,"Source: Source-data -> LoadJSON, Parse, _stream_key_by_map_operator",1,numRecordsIn,5537.0
1784196647,4,"Source: Source-data -> LoadJSON, Parse, _stream_key_by_map_operator",1,numRecordsInPerSecond,0.0
1784196647,4,"Source: Source-data -> LoadJSON, Parse, _stream_key_by_map_operator",1,backPressuredTimeMsPerSecond,1000.0
1784196647,4,"Source: Source-data -> LoadJSON, Parse, _stream_key_by_map_operator",2,busyTimeMsPerSecond,1.0
1784196647,4,"Source: Source-data -> LoadJSON, Parse, _stream_key_by_map_operator",2,numRecordsOutPerSecond,0.0
1784196647,4,"Source: Source-data -> LoadJSON, Parse, _stream_key_by_map_operator",2,idleTimeMsPerSecond,0.0
1784196647,4,"Source: Source-data -> LoadJSON, Parse, _stream_key_by_map_operator",2,numRecordsOut,5381.0
1784196647,4,"Source: Source-data -> LoadJSON, Parse, _stream_key_by_map_operator",2,numRecordsIn,5381.0
1784196647,4,"Source: Source-data -> LoadJSON, Parse, _stream_key_by_map_operator",2,numRecordsInPerSecond,0.0
1784196647,4,"Source: Source-data -> LoadJSON, Parse, _stream_key_by_map_operator",2,backPressuredTimeMsPerSecond,999.0
1784196647,4,"Source: Source-data -> LoadJSON, Parse, _stream_key_by_map_operator",3,busyTimeMsPerSecond,1.0
1784196647,4,"Source: Source-data -> LoadJSON, Parse, _stream_key_by_map_operator",3,numRecordsOutPerSecond,0.0
1784196647,4,"Source: Source-data -> LoadJSON, Parse, _stream_key_by_map_operator",3,idleTimeMsPerSecond,0.0
1784196647,4,"Source: Source-data -> LoadJSON, Parse, _stream_key_by_map_operator",3,numRecordsOut,5536.0
1784196647,4,"Source: Source-data -> LoadJSON, Parse, _stream_key_by_map_operator",3,numRecordsIn,5536.0
1784196647,4,"Source: Source-data -> LoadJSON, Parse, _stream_key_by_map_operator",3,numRecordsInPerSecond,0.0
1784196647,4,"Source: Source-data -> LoadJSON, Parse, _stream_key_by_map_operator",3,backPressuredTimeMsPerSecond,999.0
1784196647,4,"KEYED PROCESS, Parse->Train, _stream_key_by_map_operator",0,busyTimeMsPerSecond,295.0
1784196647,4,"KEYED PROCESS, Parse->Train, _stream_key_by_map_operator",0,numRecordsOutPerSecond,0.1
1784196647,4,"KEYED PROCESS, Parse->Train, _stream_key_by_map_operator",0,idleTimeMsPerSecond,0.0
1784196647,4,"KEYED PROCESS, Parse->Train, _stream_key_by_map_operator",0,numRecordsOut,190.0
1784196647,4,"KEYED PROCESS, Parse->Train, _stream_key_by_map_operator",0,numRecordsIn,191.0
1784196647,4,"KEYED PROCESS, Parse->Train, _stream_key_by_map_operator",0,numRecordsInPerSecond,0.1
1784196647,4,"KEYED PROCESS, Parse->Train, _stream_key_by_map_operator",0,backPressuredTimeMsPerSecond,705.0
1784196647,4,"KEYED PROCESS, Parse->Train, _stream_key_by_map_operator",1,busyTimeMsPerSecond,525.0
1784196647,4,"KEYED PROCESS, Parse->Train, _stream_key_by_map_operator",1,numRecordsOutPerSecond,0.18333333333333332
1784196647,4,"KEYED PROCESS, Parse->Train, _stream_key_by_map_operator",1,idleTimeMsPerSecond,0.0
1784196647,4,"KEYED PROCESS, Parse->Train, _stream_key_by_map_operator",1,numRecordsOut,94.0
1784196647,4,"KEYED PROCESS, Parse->Train, _stream_key_by_map_operator",1,numRecordsIn,95.0
1784196647,4,"KEYED PROCESS, Parse->Train, _stream_key_by_map_operator",1,numRecordsInPerSecond,0.18333333333333332
1784196647,4,"KEYED PROCESS, Parse->Train, _stream_key_by_map_operator",1,backPressuredTimeMsPerSecond,475.0
1784196647,4,"KEYED PROCESS, Parse->Train, _stream_key_by_map_operator",2,busyTimeMsPerSecond,183.0
1784196647,4,"KEYED PROCESS, Parse->Train, _stream_key_by_map_operator",2,numRecordsOutPerSecond,0.06666666666666667
1784196647,4,"KEYED PROCESS, Parse->Train, _stream_key_by_map_operator",2,idleTimeMsPerSecond,0.0
1784196647,4,"KEYED PROCESS, Parse->Train, _stream_key_by_map_operator",2,numRecordsOut,143.0
1784196647,4,"KEYED PROCESS, Parse->Train, _stream_key_by_map_operator",2,numRecordsIn,144.0
1784196647,4,"KEYED PROCESS, Parse->Train, _stream_key_by_map_operator",2,numRecordsInPerSecond,0.06666666666666667
1784196647,4,"KEYED PROCESS, Parse->Train, _stream_key_by_map_operator",2,backPressuredTimeMsPerSecond,817.0
1784196647,4,"KEYED PROCESS, Parse->Train, _stream_key_by_map_operator",3,busyTimeMsPerSecond,314.0
1784196647,4,"KEYED PROCESS, Parse->Train, _stream_key_by_map_operator",3,numRecordsOutPerSecond,0.1
1784196647,4,"KEYED PROCESS, Parse->Train, _stream_key_by_map_operator",3,idleTimeMsPerSecond,0.0
1784196647,4,"KEYED PROCESS, Parse->Train, _stream_key_by_map_operator",3,numRecordsOut,106.0
1784196647,4,"KEYED PROCESS, Parse->Train, _stream_key_by_map_operator",3,numRecordsIn,107.0
1784196647,4,"KEYED PROCESS, Parse->Train, _stream_key_by_map_operator",3,numRecordsInPerSecond,0.1
1784196647,4,"KEYED PROCESS, Parse->Train, _stream_key_by_map_operator",3,backPressuredTimeMsPerSecond,686.0
1784196647,4,"KEYED PROCESS, Train->Infer, _stream_key_by_map_operator",0,busyTimeMsPerSecond,604.0
1784196647,4,"KEYED PROCESS, Train->Infer, _stream_key_by_map_operator",0,numRecordsOutPerSecond,75.0
1784196647,4,"KEYED PROCESS, Train->Infer, _stream_key_by_map_operator",0,idleTimeMsPerSecond,0.0
1784196647,4,"KEYED PROCESS, Train->Infer, _stream_key_by_map_operator",0,numRecordsOut,41620.0
1784196647,4,"KEYED PROCESS, Train->Infer, _stream_key_by_map_operator",0,numRecordsIn,204.0
1784196647,4,"KEYED PROCESS, Train->Infer, _stream_key_by_map_operator",0,numRecordsInPerSecond,0.15
1784196647,4,"KEYED PROCESS, Train->Infer, _stream_key_by_map_operator",0,backPressuredTimeMsPerSecond,396.0
1784196647,4,"KEYED PROCESS, Train->Infer, _stream_key_by_map_operator",1,busyTimeMsPerSecond,325.0
1784196647,4,"KEYED PROCESS, Train->Infer, _stream_key_by_map_operator",1,numRecordsOutPerSecond,41.666666666666664
1784196647,4,"KEYED PROCESS, Train->Infer, _stream_key_by_map_operator",1,idleTimeMsPerSecond,675.0
1784196647,4,"KEYED PROCESS, Train->Infer, _stream_key_by_map_operator",1,numRecordsOut,34015.0
1784196647,4,"KEYED PROCESS, Train->Infer, _stream_key_by_map_operator",1,numRecordsIn,83.0
1784196647,4,"KEYED PROCESS, Train->Infer, _stream_key_by_map_operator",1,numRecordsInPerSecond,0.06666666666666667
1784196647,4,"KEYED PROCESS, Train->Infer, _stream_key_by_map_operator",1,backPressuredTimeMsPerSecond,0.0
1784196647,4,"KEYED PROCESS, Train->Infer, _stream_key_by_map_operator",2,busyTimeMsPerSecond,126.0
1784196647,4,"KEYED PROCESS, Train->Infer, _stream_key_by_map_operator",2,numRecordsOutPerSecond,25.0
1784196647,4,"KEYED PROCESS, Train->Infer, _stream_key_by_map_operator",2,idleTimeMsPerSecond,874.0
1784196647,4,"KEYED PROCESS, Train->Infer, _stream_key_by_map_operator",2,numRecordsOut,34575.0
1784196647,4,"KEYED PROCESS, Train->Infer, _stream_key_by_map_operator",2,numRecordsIn,144.0
1784196647,4,"KEYED PROCESS, Train->Infer, _stream_key_by_map_operator",2,numRecordsInPerSecond,0.03333333333333333
1784196647,4,"KEYED PROCESS, Train->Infer, _stream_key_by_map_operator",2,backPressuredTimeMsPerSecond,0.0
1784196647,4,"KEYED PROCESS, Train->Infer, _stream_key_by_map_operator",3,busyTimeMsPerSecond,628.0
1784196647,4,"KEYED PROCESS, Train->Infer, _stream_key_by_map_operator",3,numRecordsOutPerSecond,83.33333333333333
1784196647,4,"KEYED PROCESS, Train->Infer, _stream_key_by_map_operator",3,idleTimeMsPerSecond,372.0
1784196647,4,"KEYED PROCESS, Train->Infer, _stream_key_by_map_operator",3,numRecordsOut,38030.0
1784196647,4,"KEYED PROCESS, Train->Infer, _stream_key_by_map_operator",3,numRecordsIn,106.0
1784196647,4,"KEYED PROCESS, Train->Infer, _stream_key_by_map_operator",3,numRecordsInPerSecond,0.15
1784196647,4,"KEYED PROCESS, Train->Infer, _stream_key_by_map_operator",3,backPressuredTimeMsPerSecond,0.0
1784196647,4,"Infer->Rank, Rank->Filter, Filter -> Sink: Writer -> Sink: Committer",0,busyTimeMsPerSecond,1000.0
1784196647,4,"Infer->Rank, Rank->Filter, Filter -> Sink: Writer -> Sink: Committer",0,numRecordsOutPerSecond,75.33333333333333
1784196647,4,"Infer->Rank, Rank->Filter, Filter -> Sink: Writer -> Sink: Committer",0,idleTimeMsPerSecond,0.0
1784196647,4,"Infer->Rank, Rank->Filter, Filter -> Sink: Writer -> Sink: Committer",0,numRecordsOut,37540.0
1784196647,4,"Infer->Rank, Rank->Filter, Filter -> Sink: Writer -> Sink: Committer",0,numRecordsIn,38661.0
1784196647,4,"Infer->Rank, Rank->Filter, Filter -> Sink: Writer -> Sink: Committer",0,numRecordsInPerSecond,75.4
1784196647,4,"Infer->Rank, Rank->Filter, Filter -> Sink: Writer -> Sink: Committer",0,backPressuredTimeMsPerSecond,0.0
1784196647,4,"Infer->Rank, Rank->Filter, Filter -> Sink: Writer -> Sink: Committer",1,busyTimeMsPerSecond,522.0
1784196647,4,"Infer->Rank, Rank->Filter, Filter -> Sink: Writer -> Sink: Committer",1,numRecordsOutPerSecond,45.5
1784196647,4,"Infer->Rank, Rank->Filter, Filter -> Sink: Writer -> Sink: Committer",1,idleTimeMsPerSecond,478.0
1784196647,4,"Infer->Rank, Rank->Filter, Filter -> Sink: Writer -> Sink: Committer",1,numRecordsOut,33290.0
1784196647,4,"Infer->Rank, Rank->Filter, Filter -> Sink: Writer -> Sink: Committer",1,numRecordsIn,33808.0
1784196647,4,"Infer->Rank, Rank->Filter, Filter -> Sink: Writer -> Sink: Committer",1,numRecordsInPerSecond,45.583333333333336
1784196647,4,"Infer->Rank, Rank->Filter, Filter -> Sink: Writer -> Sink: Committer",1,backPressuredTimeMsPerSecond,0.0
1784196647,4,"Infer->Rank, Rank->Filter, Filter -> Sink: Writer -> Sink: Committer",2,busyTimeMsPerSecond,451.0
1784196647,4,"Infer->Rank, Rank->Filter, Filter -> Sink: Writer -> Sink: Committer",2,numRecordsOutPerSecond,53.333333333333336
1784196647,4,"Infer->Rank, Rank->Filter, Filter -> Sink: Writer -> Sink: Committer",2,idleTimeMsPerSecond,549.0
1784196647,4,"Infer->Rank, Rank->Filter, Filter -> Sink: Writer -> Sink: Committer",2,numRecordsOut,32500.0
1784196647,4,"Infer->Rank, Rank->Filter, Filter -> Sink: Writer -> Sink: Committer",2,numRecordsIn,34575.0
1784196647,4,"Infer->Rank, Rank->Filter, Filter -> Sink: Writer -> Sink: Committer",2,numRecordsInPerSecond,53.233333333333334
1784196647,4,"Infer->Rank, Rank->Filter, Filter -> Sink: Writer -> Sink: Committer",2,backPressuredTimeMsPerSecond,0.0
1784196647,4,"Infer->Rank, Rank->Filter, Filter -> Sink: Writer -> Sink: Committer",3,busyTimeMsPerSecond,762.0
1784196647,4,"Infer->Rank, Rank->Filter, Filter -> Sink: Writer -> Sink: Committer",3,numRecordsOutPerSecond,57.0
1784196647,4,"Infer->Rank, Rank->Filter, Filter -> Sink: Writer -> Sink: Committer",3,idleTimeMsPerSecond,238.0
1784196647,4,"Infer->Rank, Rank->Filter, Filter -> Sink: Writer -> Sink: Committer",3,numRecordsOut,34680.0
1784196647,4,"Infer->Rank, Rank->Filter, Filter -> Sink: Writer -> Sink: Committer",3,numRecordsIn,36215.0
1784196647,4,"Infer->Rank, Rank->Filter, Filter -> Sink: Writer -> Sink: Committer",3,numRecordsInPerSecond,57.016666666666666
1784196647,4,"Infer->Rank, Rank->Filter, Filter -> Sink: Writer -> Sink: Committer",3,backPressuredTimeMsPerSecond,0.0
1784196662,4,"Source: Source-data -> LoadJSON, Parse, _stream_key_by_map_operator",0,busyTimeMsPerSecond,1.0
1784196662,4,"Source: Source-data -> LoadJSON, Parse, _stream_key_by_map_operator",0,numRecordsOutPerSecond,0.0
1784196662,4,"Source: Source-data -> LoadJSON, Parse, _stream_key_by_map_operator",0,idleTimeMsPerSecond,0.0
1784196662,4,"Source: Source-data -> LoadJSON, Parse, _stream_key_by_map_operator",0,numRecordsOut,5048.0
1784196662,4,"Source: Source-data -> LoadJSON, Parse, _stream_key_by_map_operator",0,numRecordsIn,5048.0
1784196662,4,"Source: Source-data -> LoadJSON, Parse, _stream_key_by_map_operator",0,numRecordsInPerSecond,0.0
1784196662,4,"Source: Source-data -> LoadJSON, Parse, _stream_key_by_map_operator",0,backPressuredTimeMsPerSecond,999.0
1784196662,4,"Source: Source-data -> LoadJSON, Parse, _stream_key_by_map_operator",1,busyTimeMsPerSecond,0.0
1784196662,4,"Source: Source-data -> LoadJSON, Parse, _stream_key_by_map_operator",1,numRecordsOutPerSecond,0.0
1784196662,4,"Source: Source-data -> LoadJSON, Parse, _stream_key_by_map_operator",1,idleTimeMsPerSecond,0.0
1784196662,4,"Source: Source-data -> LoadJSON, Parse, _stream_key_by_map_operator",1,numRecordsOut,5537.0
1784196662,4,"Source: Source-data -> LoadJSON, Parse, _stream_key_by_map_operator",1,numRecordsIn,5537.0
1784196662,4,"Source: Source-data -> LoadJSON, Parse, _stream_key_by_map_operator",1,numRecordsInPerSecond,0.0
1784196662,4,"Source: Source-data -> LoadJSON, Parse, _stream_key_by_map_operator",1,backPressuredTimeMsPerSecond,1000.0
1784196662,4,"Source: Source-data -> LoadJSON, Parse, _stream_key_by_map_operator",2,busyTimeMsPerSecond,0.0
1784196662,4,"Source: Source-data -> LoadJSON, Parse, _stream_key_by_map_operator",2,numRecordsOutPerSecond,0.0
1784196662,4,"Source: Source-data -> LoadJSON, Parse, _stream_key_by_map_operator",2,idleTimeMsPerSecond,0.0
1784196662,4,"Source: Source-data -> LoadJSON, Parse, _stream_key_by_map_operator",2,numRecordsOut,5381.0
1784196662,4,"Source: Source-data -> LoadJSON, Parse, _stream_key_by_map_operator",2,numRecordsIn,5381.0
1784196662,4,"Source: Source-data -> LoadJSON, Parse, _stream_key_by_map_operator",2,numRecordsInPerSecond,0.0
1784196662,4,"Source: Source-data -> LoadJSON, Parse, _stream_key_by_map_operator",2,backPressuredTimeMsPerSecond,1000.0
1784196662,4,"Source: Source-data -> LoadJSON, Parse, _stream_key_by_map_operator",3,busyTimeMsPerSecond,1.0
1784196662,4,"Source: Source-data -> LoadJSON, Parse, _stream_key_by_map_operator",3,numRecordsOutPerSecond,0.0
1784196662,4,"Source: Source-data -> LoadJSON, Parse, _stream_key_by_map_operator",3,idleTimeMsPerSecond,0.0
1784196662,4,"Source: Source-data -> LoadJSON, Parse, _stream_key_by_map_operator",3,numRecordsOut,5536.0
1784196662,4,"Source: Source-data -> LoadJSON, Parse, _stream_key_by_map_operator",3,numRecordsIn,5536.0
1784196662,4,"Source: Source-data -> LoadJSON, Parse, _stream_key_by_map_operator",3,numRecordsInPerSecond,0.0
1784196662,4,"Source: Source-data -> LoadJSON, Parse, _stream_key_by_map_operator",3,backPressuredTimeMsPerSecond,999.0
1784196662,4,"KEYED PROCESS, Parse->Train, _stream_key_by_map_operator",0,busyTimeMsPerSecond,209.0
1784196662,4,"KEYED PROCESS, Parse->Train, _stream_key_by_map_operator",0,numRecordsOutPerSecond,0.05
1784196662,4,"KEYED PROCESS, Parse->Train, _stream_key_by_map_operator",0,idleTimeMsPerSecond,0.0
1784196662,4,"KEYED PROCESS, Parse->Train, _stream_key_by_map_operator",0,numRecordsOut,191.0
1784196662,4,"KEYED PROCESS, Parse->Train, _stream_key_by_map_operator",0,numRecordsIn,192.0
1784196662,4,"KEYED PROCESS, Parse->Train, _stream_key_by_map_operator",0,numRecordsInPerSecond,0.05
1784196662,4,"KEYED PROCESS, Parse->Train, _stream_key_by_map_operator",0,backPressuredTimeMsPerSecond,791.0
1784196662,4,"KEYED PROCESS, Parse->Train, _stream_key_by_map_operator",1,busyTimeMsPerSecond,462.0
1784196662,4,"KEYED PROCESS, Parse->Train, _stream_key_by_map_operator",1,numRecordsOutPerSecond,0.13333333333333333
1784196662,4,"KEYED PROCESS, Parse->Train, _stream_key_by_map_operator",1,idleTimeMsPerSecond,0.0
1784196662,4,"KEYED PROCESS, Parse->Train, _stream_key_by_map_operator",1,numRecordsOut,94.0
1784196662,4,"KEYED PROCESS, Parse->Train, _stream_key_by_map_operator",1,numRecordsIn,95.0
1784196662,4,"KEYED PROCESS, Parse->Train, _stream_key_by_map_operator",1,numRecordsInPerSecond,0.15
1784196662,4,"KEYED PROCESS, Parse->Train, _stream_key_by_map_operator",1,backPressuredTimeMsPerSecond,538.0
1784196662,4,"KEYED PROCESS, Parse->Train, _stream_key_by_map_operator",2,busyTimeMsPerSecond,211.0
1784196662,4,"KEYED PROCESS, Parse->Train, _stream_key_by_map_operator",2,numRecordsOutPerSecond,0.08333333333333333
1784196662,4,"KEYED PROCESS, Parse->Train, _stream_key_by_map_operator",2,idleTimeMsPerSecond,0.0
1784196662,4,"KEYED PROCESS, Parse->Train, _stream_key_by_map_operator",2,numRecordsOut,146.0
1784196662,4,"KEYED PROCESS, Parse->Train, _stream_key_by_map_operator",2,numRecordsIn,147.0
1784196662,4,"KEYED PROCESS, Parse->Train, _stream_key_by_map_operator",2,numRecordsInPerSecond,0.08333333333333333
1784196662,4,"KEYED PROCESS, Parse->Train, _stream_key_by_map_operator",2,backPressuredTimeMsPerSecond,789.0
1784196662,4,"KEYED PROCESS, Parse->Train, _stream_key_by_map_operator",3,busyTimeMsPerSecond,284.0
1784196662,4,"KEYED PROCESS, Parse->Train, _stream_key_by_map_operator",3,numRecordsOutPerSecond,0.08333333333333333
1784196662,4,"KEYED PROCESS, Parse->Train, _stream_key_by_map_operator",3,idleTimeMsPerSecond,0.0
1784196662,4,"KEYED PROCESS, Parse->Train, _stream_key_by_map_operator",3,numRecordsOut,106.0
1784196662,4,"KEYED PROCESS, Parse->Train, _stream_key_by_map_operator",3,numRecordsIn,107.0
1784196662,4,"KEYED PROCESS, Parse->Train, _stream_key_by_map_operator",3,numRecordsInPerSecond,0.08333333333333333
1784196662,4,"KEYED PROCESS, Parse->Train, _stream_key_by_map_operator",3,backPressuredTimeMsPerSecond,716.0
1784196662,4,"KEYED PROCESS, Train->Infer, _stream_key_by_map_operator",0,busyTimeMsPerSecond,604.0
1784196662,4,"KEYED PROCESS, Train->Infer, _stream_key_by_map_operator",0,numRecordsOutPerSecond,75.0
1784196662,4,"KEYED PROCESS, Train->Infer, _stream_key_by_map_operator",0,idleTimeMsPerSecond,0.0
1784196662,4,"KEYED PROCESS, Train->Infer, _stream_key_by_map_operator",0,numRecordsOut,41620.0
1784196662,4,"KEYED PROCESS, Train->Infer, _stream_key_by_map_operator",0,numRecordsIn,204.0
1784196662,4,"KEYED PROCESS, Train->Infer, _stream_key_by_map_operator",0,numRecordsInPerSecond,0.15
1784196662,4,"KEYED PROCESS, Train->Infer, _stream_key_by_map_operator",0,backPressuredTimeMsPerSecond,396.0
1784196662,4,"KEYED PROCESS, Train->Infer, _stream_key_by_map_operator",1,busyTimeMsPerSecond,322.0
1784196662,4,"KEYED PROCESS, Train->Infer, _stream_key_by_map_operator",1,numRecordsOutPerSecond,41.666666666666664
1784196662,4,"KEYED PROCESS, Train->Infer, _stream_key_by_map_operator",1,idleTimeMsPerSecond,678.0
1784196662,4,"KEYED PROCESS, Train->Infer, _stream_key_by_map_operator",1,numRecordsOut,34515.0
1784196662,4,"KEYED PROCESS, Train->Infer, _stream_key_by_map_operator",1,numRecordsIn,84.0
1784196662,4,"KEYED PROCESS, Train->Infer, _stream_key_by_map_operator",1,numRecordsInPerSecond,0.08333333333333333
1784196662,4,"KEYED PROCESS, Train->Infer, _stream_key_by_map_operator",1,backPressuredTimeMsPerSecond,0.0
1784196662,4,"KEYED PROCESS, Train->Infer, _stream_key_by_map_operator",2,busyTimeMsPerSecond,169.0
1784196662,4,"KEYED PROCESS, Train->Infer, _stream_key_by_map_operator",2,numRecordsOutPerSecond,25.0
1784196662,4,"KEYED PROCESS, Train->Infer, _stream_key_by_map_operator",2,idleTimeMsPerSecond,831.0
1784196662,4,"KEYED PROCESS, Train->Infer, _stream_key_by_map_operator",2,numRecordsOut,35075.0
1784196662,4,"KEYED PROCESS, Train->Infer, _stream_key_by_map_operator",2,numRecordsIn,145.0
1784196662,4,"KEYED PROCESS, Train->Infer, _stream_key_by_map_operator",2,numRecordsInPerSecond,0.05
1784196662,4,"KEYED PROCESS, Train->Infer, _stream_key_by_map_operator",2,backPressuredTimeMsPerSecond,0.0
1784196662,4,"KEYED PROCESS, Train->Infer, _stream_key_by_map_operator",3,busyTimeMsPerSecond,606.0
1784196662,4,"KEYED PROCESS, Train->Infer, _stream_key_by_map_operator",3,numRecordsOutPerSecond,66.66666666666667
1784196662,4,"KEYED PROCESS, Train->Infer, _stream_key_by_map_operator",3,idleTimeMsPerSecond,394.0
1784196662,4,"KEYED PROCESS, Train->Infer, _stream_key_by_map_operator",3,numRecordsOut,38030.0
1784196662,4,"KEYED PROCESS, Train->Infer, _stream_key_by_map_operator",3,numRecordsIn,107.0
1784196662,4,"KEYED PROCESS, Train->Infer, _stream_key_by_map_operator",3,numRecordsInPerSecond,0.15
1784196662,4,"KEYED PROCESS, Train->Infer, _stream_key_by_map_operator",3,backPressuredTimeMsPerSecond,0.0
1784196662,4,"Infer->Rank, Rank->Filter, Filter -> Sink: Writer -> Sink: Committer",0,busyTimeMsPerSecond,1000.0
1784196662,4,"Infer->Rank, Rank->Filter, Filter -> Sink: Writer -> Sink: Committer",0,numRecordsOutPerSecond,67.33333333333333
1784196662,4,"Infer->Rank, Rank->Filter, Filter -> Sink: Writer -> Sink: Committer",0,idleTimeMsPerSecond,0.0
1784196662,4,"Infer->Rank, Rank->Filter, Filter -> Sink: Writer -> Sink: Committer",0,numRecordsOut,38160.0
1784196662,4,"Infer->Rank, Rank->Filter, Filter -> Sink: Writer -> Sink: Committer",0,numRecordsIn,39789.0
1784196662,4,"Infer->Rank, Rank->Filter, Filter -> Sink: Writer -> Sink: Committer",0,numRecordsInPerSecond,75.7
1784196662,4,"Infer->Rank, Rank->Filter, Filter -> Sink: Writer -> Sink: Committer",0,backPressuredTimeMsPerSecond,0.0
1784196662,4,"Infer->Rank, Rank->Filter, Filter -> Sink: Writer -> Sink: Committer",1,busyTimeMsPerSecond,443.0
1784196662,4,"Infer->Rank, Rank->Filter, Filter -> Sink: Writer -> Sink: Committer",1,numRecordsOutPerSecond,33.333333333333336
1784196662,4,"Infer->Rank, Rank->Filter, Filter -> Sink: Writer -> Sink: Committer",1,idleTimeMsPerSecond,557.0
1784196662,4,"Infer->Rank, Rank->Filter, Filter -> Sink: Writer -> Sink: Committer",1,numRecordsOut,33500.0
1784196662,4,"Infer->Rank, Rank->Filter, Filter -> Sink: Writer -> Sink: Committer",1,numRecordsIn,34515.0
1784196662,4,"Infer->Rank, Rank->Filter, Filter -> Sink: Writer -> Sink: Committer",1,numRecordsInPerSecond,41.666666666666664
1784196662,4,"Infer->Rank, Rank->Filter, Filter -> Sink: Writer -> Sink: Committer",1,backPressuredTimeMsPerSecond,0.0
1784196662,4,"Infer->Rank, Rank->Filter, Filter -> Sink: Writer -> Sink: Committer",2,busyTimeMsPerSecond,243.0
1784196662,4,"Infer->Rank, Rank->Filter, Filter -> Sink: Writer -> Sink: Committer",2,numRecordsOutPerSecond,26.166666666666668
1784196662,4,"Infer->Rank, Rank->Filter, Filter -> Sink: Writer -> Sink: Committer",2,idleTimeMsPerSecond,757.0
1784196662,4,"Infer->Rank, Rank->Filter, Filter -> Sink: Writer -> Sink: Committer",2,numRecordsOut,32900.0
1784196662,4,"Infer->Rank, Rank->Filter, Filter -> Sink: Writer -> Sink: Committer",2,numRecordsIn,34985.0
1784196662,4,"Infer->Rank, Rank->Filter, Filter -> Sink: Writer -> Sink: Committer",2,numRecordsInPerSecond,26.066666666666666
1784196662,4,"Infer->Rank, Rank->Filter, Filter -> Sink: Writer -> Sink: Committer",2,backPressuredTimeMsPerSecond,0.0
1784196662,4,"Infer->Rank, Rank->Filter, Filter -> Sink: Writer -> Sink: Committer",3,busyTimeMsPerSecond,830.0
1784196662,4,"Infer->Rank, Rank->Filter, Filter -> Sink: Writer -> Sink: Committer",3,numRecordsOutPerSecond,51.666666666666664
1784196662,4,"Infer->Rank, Rank->Filter, Filter -> Sink: Writer -> Sink: Committer",3,idleTimeMsPerSecond,170.0
1784196662,4,"Infer->Rank, Rank->Filter, Filter -> Sink: Writer -> Sink: Committer",3,numRecordsOut,35600.0
1784196662,4,"Infer->Rank, Rank->Filter, Filter -> Sink: Writer -> Sink: Committer",3,numRecordsIn,37140.0
1784196662,4,"Infer->Rank, Rank->Filter, Filter -> Sink: Writer -> Sink: Committer",3,numRecordsInPerSecond,51.833333333333336
1784196662,4,"Infer->Rank, Rank->Filter, Filter -> Sink: Writer -> Sink: Committer",3,backPressuredTimeMsPerSecond,0.0
1784196677,4,"Source: Source-data -> LoadJSON, Parse, _stream_key_by_map_operator",0,busyTimeMsPerSecond,1.0
1784196677,4,"Source: Source-data -> LoadJSON, Parse, _stream_key_by_map_operator",0,numRecordsOutPerSecond,0.0
1784196677,4,"Source: Source-data -> LoadJSON, Parse, _stream_key_by_map_operator",0,idleTimeMsPerSecond,0.0
1784196677,4,"Source: Source-data -> LoadJSON, Parse, _stream_key_by_map_operator",0,numRecordsOut,5048.0
1784196677,4,"Source: Source-data -> LoadJSON, Parse, _stream_key_by_map_operator",0,numRecordsIn,5048.0
1784196677,4,"Source: Source-data -> LoadJSON, Parse, _stream_key_by_map_operator",0,numRecordsInPerSecond,0.0
1784196677,4,"Source: Source-data -> LoadJSON, Parse, _stream_key_by_map_operator",0,backPressuredTimeMsPerSecond,999.0
1784196677,4,"Source: Source-data -> LoadJSON, Parse, _stream_key_by_map_operator",1,busyTimeMsPerSecond,0.0
1784196677,4,"Source: Source-data -> LoadJSON, Parse, _stream_key_by_map_operator",1,numRecordsOutPerSecond,0.0
1784196677,4,"Source: Source-data -> LoadJSON, Parse, _stream_key_by_map_operator",1,idleTimeMsPerSecond,0.0
1784196677,4,"Source: Source-data -> LoadJSON, Parse, _stream_key_by_map_operator",1,numRecordsOut,5537.0
1784196677,4,"Source: Source-data -> LoadJSON, Parse, _stream_key_by_map_operator",1,numRecordsIn,5537.0
1784196677,4,"Source: Source-data -> LoadJSON, Parse, _stream_key_by_map_operator",1,numRecordsInPerSecond,0.0
1784196677,4,"Source: Source-data -> LoadJSON, Parse, _stream_key_by_map_operator",1,backPressuredTimeMsPerSecond,1000.0
1784196677,4,"Source: Source-data -> LoadJSON, Parse, _stream_key_by_map_operator",2,busyTimeMsPerSecond,1.0
1784196677,4,"Source: Source-data -> LoadJSON, Parse, _stream_key_by_map_operator",2,numRecordsOutPerSecond,0.0
1784196677,4,"Source: Source-data -> LoadJSON, Parse, _stream_key_by_map_operator",2,idleTimeMsPerSecond,0.0
1784196677,4,"Source: Source-data -> LoadJSON, Parse, _stream_key_by_map_operator",2,numRecordsOut,5381.0
1784196677,4,"Source: Source-data -> LoadJSON, Parse, _stream_key_by_map_operator",2,numRecordsIn,5381.0
1784196677,4,"Source: Source-data -> LoadJSON, Parse, _stream_key_by_map_operator",2,numRecordsInPerSecond,0.0
1784196677,4,"Source: Source-data -> LoadJSON, Parse, _stream_key_by_map_operator",2,backPressuredTimeMsPerSecond,999.0
1784196677,4,"Source: Source-data -> LoadJSON, Parse, _stream_key_by_map_operator",3,busyTimeMsPerSecond,0.0
1784196677,4,"Source: Source-data -> LoadJSON, Parse, _stream_key_by_map_operator",3,numRecordsOutPerSecond,0.0
1784196677,4,"Source: Source-data -> LoadJSON, Parse, _stream_key_by_map_operator",3,idleTimeMsPerSecond,0.0
1784196677,4,"Source: Source-data -> LoadJSON, Parse, _stream_key_by_map_operator",3,numRecordsOut,5536.0
1784196677,4,"Source: Source-data -> LoadJSON, Parse, _stream_key_by_map_operator",3,numRecordsIn,5536.0
1784196677,4,"Source: Source-data -> LoadJSON, Parse, _stream_key_by_map_operator",3,numRecordsInPerSecond,0.0
1784196677,4,"Source: Source-data -> LoadJSON, Parse, _stream_key_by_map_operator",3,backPressuredTimeMsPerSecond,1000.0
1784196677,4,"KEYED PROCESS, Parse->Train, _stream_key_by_map_operator",0,busyTimeMsPerSecond,240.0
1784196677,4,"KEYED PROCESS, Parse->Train, _stream_key_by_map_operator",0,numRecordsOutPerSecond,0.06666666666666667
1784196677,4,"KEYED PROCESS, Parse->Train, _stream_key_by_map_operator",0,idleTimeMsPerSecond,0.0
1784196677,4,"KEYED PROCESS, Parse->Train, _stream_key_by_map_operator",0,numRecordsOut,192.0
1784196677,4,"KEYED PROCESS, Parse->Train, _stream_key_by_map_operator",0,numRecordsIn,193.0
1784196677,4,"KEYED PROCESS, Parse->Train, _stream_key_by_map_operator",0,numRecordsInPerSecond,0.06666666666666667
1784196677,4,"KEYED PROCESS, Parse->Train, _stream_key_by_map_operator",0,backPressuredTimeMsPerSecond,760.0
1784196677,4,"KEYED PROCESS, Parse->Train, _stream_key_by_map_operator",1,busyTimeMsPerSecond,431.0
1784196677,4,"KEYED PROCESS, Parse->Train, _stream_key_by_map_operator",1,numRecordsOutPerSecond,0.15
1784196677,4,"KEYED PROCESS, Parse->Train, _stream_key_by_map_operator",1,idleTimeMsPerSecond,0.0
1784196677,4,"KEYED PROCESS, Parse->Train, _stream_key_by_map_operator",1,numRecordsOut,95.0
1784196677,4,"KEYED PROCESS, Parse->Train, _stream_key_by_map_operator",1,numRecordsIn,96.0
1784196677,4,"KEYED PROCESS, Parse->Train, _stream_key_by_map_operator",1,numRecordsInPerSecond,0.15
1784196677,4,"KEYED PROCESS, Parse->Train, _stream_key_by_map_operator",1,backPressuredTimeMsPerSecond,569.0
1784196677,4,"KEYED PROCESS, Parse->Train, _stream_key_by_map_operator",2,busyTimeMsPerSecond,248.0
1784196677,4,"KEYED PROCESS, Parse->Train, _stream_key_by_map_operator",2,numRecordsOutPerSecond,0.1
1784196677,4,"KEYED PROCESS, Parse->Train, _stream_key_by_map_operator",2,idleTimeMsPerSecond,0.0
1784196677,4,"KEYED PROCESS, Parse->Train, _stream_key_by_map_operator",2,numRecordsOut,147.0
1784196677,4,"KEYED PROCESS, Parse->Train, _stream_key_by_map_operator",2,numRecordsIn,148.0
1784196677,4,"KEYED PROCESS, Parse->Train, _stream_key_by_map_operator",2,numRecordsInPerSecond,0.1
1784196677,4,"KEYED PROCESS, Parse->Train, _stream_key_by_map_operator",2,backPressuredTimeMsPerSecond,752.0
1784196677,4,"KEYED PROCESS, Parse->Train, _stream_key_by_map_operator",3,busyTimeMsPerSecond,466.0
1784196677,4,"KEYED PROCESS, Parse->Train, _stream_key_by_map_operator",3,numRecordsOutPerSecond,0.16666666666666666
1784196677,4,"KEYED PROCESS, Parse->Train, _stream_key_by_map_operator",3,idleTimeMsPerSecond,0.0
1784196677,4,"KEYED PROCESS, Parse->Train, _stream_key_by_map_operator",3,numRecordsOut,111.0
1784196677,4,"KEYED PROCESS, Parse->Train, _stream_key_by_map_operator",3,numRecordsIn,112.0
1784196677,4,"KEYED PROCESS, Parse->Train, _stream_key_by_map_operator",3,numRecordsInPerSecond,0.16666666666666666
1784196677,4,"KEYED PROCESS, Parse->Train, _stream_key_by_map_operator",3,backPressuredTimeMsPerSecond,534.0
1784196677,4,"KEYED PROCESS, Train->Infer, _stream_key_by_map_operator",0,busyTimeMsPerSecond,582.0
1784196677,4,"KEYED PROCESS, Train->Infer, _stream_key_by_map_operator",0,numRecordsOutPerSecond,66.66666666666667
1784196677,4,"KEYED PROCESS, Train->Infer, _stream_key_by_map_operator",0,idleTimeMsPerSecond,0.0
1784196677,4,"KEYED PROCESS, Train->Infer, _stream_key_by_map_operator",0,numRecordsOut,42620.0
1784196677,4,"KEYED PROCESS, Train->Infer, _stream_key_by_map_operator",0,numRecordsIn,206.0
1784196677,4,"KEYED PROCESS, Train->Infer, _stream_key_by_map_operator",0,numRecordsInPerSecond,0.15
1784196677,4,"KEYED PROCESS, Train->Infer, _stream_key_by_map_operator",0,backPressuredTimeMsPerSecond,418.0
1784196677,4,"KEYED PROCESS, Train->Infer, _stream_key_by_map_operator",1,busyTimeMsPerSecond,322.0
1784196677,4,"KEYED PROCESS, Train->Infer, _stream_key_by_map_operator",1,numRecordsOutPerSecond,41.666666666666664
1784196677,4,"KEYED PROCESS, Train->Infer, _stream_key_by_map_operator",1,idleTimeMsPerSecond,678.0
1784196677,4,"KEYED PROCESS, Train->Infer, _stream_key_by_map_operator",1,numRecordsOut,34515.0
1784196677,4,"KEYED PROCESS, Train->Infer, _stream_key_by_map_operator",1,numRecordsIn,84.0
1784196677,4,"KEYED PROCESS, Train->Infer, _stream_key_by_map_operator",1,numRecordsInPerSecond,0.08333333333333333
1784196677,4,"KEYED PROCESS, Train->Infer, _stream_key_by_map_operator",1,backPressuredTimeMsPerSecond,0.0
1784196677,4,"KEYED PROCESS, Train->Infer, _stream_key_by_map_operator",2,busyTimeMsPerSecond,174.0
1784196677,4,"KEYED PROCESS, Train->Infer, _stream_key_by_map_operator",2,numRecordsOutPerSecond,25.0
1784196677,4,"KEYED PROCESS, Train->Infer, _stream_key_by_map_operator",2,idleTimeMsPerSecond,826.0
1784196677,4,"KEYED PROCESS, Train->Infer, _stream_key_by_map_operator",2,numRecordsOut,35575.0
1784196677,4,"KEYED PROCESS, Train->Infer, _stream_key_by_map_operator",2,numRecordsIn,146.0
1784196677,4,"KEYED PROCESS, Train->Infer, _stream_key_by_map_operator",2,numRecordsInPerSecond,0.05
1784196677,4,"KEYED PROCESS, Train->Infer, _stream_key_by_map_operator",2,backPressuredTimeMsPerSecond,0.0
1784196677,4,"KEYED PROCESS, Train->Infer, _stream_key_by_map_operator",3,busyTimeMsPerSecond,493.0
1784196677,4,"KEYED PROCESS, Train->Infer, _stream_key_by_map_operator",3,numRecordsOutPerSecond,58.333333333333336
1784196677,4,"KEYED PROCESS, Train->Infer, _stream_key_by_map_operator",3,idleTimeMsPerSecond,507.0
1784196677,4,"KEYED PROCESS, Train->Infer, _stream_key_by_map_operator",3,numRecordsOut,38530.0
1784196677,4,"KEYED PROCESS, Train->Infer, _stream_key_by_map_operator",3,numRecordsIn,107.0
1784196677,4,"KEYED PROCESS, Train->Infer, _stream_key_by_map_operator",3,numRecordsInPerSecond,0.11666666666666667
1784196677,4,"KEYED PROCESS, Train->Infer, _stream_key_by_map_operator",3,backPressuredTimeMsPerSecond,0.0
1784196677,4,"Infer->Rank, Rank->Filter, Filter -> Sink: Writer -> Sink: Committer",0,busyTimeMsPerSecond,1000.0
1784196677,4,"Infer->Rank, Rank->Filter, Filter -> Sink: Writer -> Sink: Committer",0,numRecordsOutPerSecond,71.33333333333333
1784196677,4,"Infer->Rank, Rank->Filter, Filter -> Sink: Writer -> Sink: Committer",0,idleTimeMsPerSecond,0.0
1784196677,4,"Infer->Rank, Rank->Filter, Filter -> Sink: Writer -> Sink: Committer",0,numRecordsOut,39360.0
1784196677,4,"Infer->Rank, Rank->Filter, Filter -> Sink: Writer -> Sink: Committer",0,numRecordsIn,40996.0
1784196677,4,"Infer->Rank, Rank->Filter, Filter -> Sink: Writer -> Sink: Committer",0,numRecordsInPerSecond,79.88333333333334
1784196677,4,"Infer->Rank, Rank->Filter, Filter -> Sink: Writer -> Sink: Committer",0,backPressuredTimeMsPerSecond,0.0
1784196677,4,"Infer->Rank, Rank->Filter, Filter -> Sink: Writer -> Sink: Committer",1,busyTimeMsPerSecond,396.0
1784196677,4,"Infer->Rank, Rank->Filter, Filter -> Sink: Writer -> Sink: Committer",1,numRecordsOutPerSecond,32.0
1784196677,4,"Infer->Rank, Rank->Filter, Filter -> Sink: Writer -> Sink: Committer",1,idleTimeMsPerSecond,604.0
1784196677,4,"Infer->Rank, Rank->Filter, Filter -> Sink: Writer -> Sink: Committer",1,numRecordsOut,33500.0
1784196677,4,"Infer->Rank, Rank->Filter, Filter -> Sink: Writer -> Sink: Committer",1,numRecordsIn,34515.0
1784196677,4,"Infer->Rank, Rank->Filter, Filter -> Sink: Writer -> Sink: Committer",1,numRecordsInPerSecond,40.3
1784196677,4,"Infer->Rank, Rank->Filter, Filter -> Sink: Writer -> Sink: Committer",1,backPressuredTimeMsPerSecond,0.0
1784196677,4,"Infer->Rank, Rank->Filter, Filter -> Sink: Writer -> Sink: Committer",2,busyTimeMsPerSecond,218.0
1784196677,4,"Infer->Rank, Rank->Filter, Filter -> Sink: Writer -> Sink: Committer",2,numRecordsOutPerSecond,25.0
1784196677,4,"Infer->Rank, Rank->Filter, Filter -> Sink: Writer -> Sink: Committer",2,idleTimeMsPerSecond,782.0
1784196677,4,"Infer->Rank, Rank->Filter, Filter -> Sink: Writer -> Sink: Committer",2,numRecordsOut,33500.0
1784196677,4,"Infer->Rank, Rank->Filter, Filter -> Sink: Writer -> Sink: Committer",2,numRecordsIn,35575.0
1784196677,4,"Infer->Rank, Rank->Filter, Filter -> Sink: Writer -> Sink: Committer",2,numRecordsInPerSecond,25.0
1784196677,4,"Infer->Rank, Rank->Filter, Filter -> Sink: Writer -> Sink: Committer",2,backPressuredTimeMsPerSecond,0.0
1784196677,4,"Infer->Rank, Rank->Filter, Filter -> Sink: Writer -> Sink: Committer",3,busyTimeMsPerSecond,990.0
1784196677,4,"Infer->Rank, Rank->Filter, Filter -> Sink: Writer -> Sink: Committer",3,numRecordsOutPerSecond,72.83333333333333
1784196677,4,"Infer->Rank, Rank->Filter, Filter -> Sink: Writer -> Sink: Committer",3,idleTimeMsPerSecond,10.0
1784196677,4,"Infer->Rank, Rank->Filter, Filter -> Sink: Writer -> Sink: Committer",3,numRecordsOut,37000.0
1784196677,4,"Infer->Rank, Rank->Filter, Filter -> Sink: Writer -> Sink: Committer",3,numRecordsIn,38530.0
1784196677,4,"Infer->Rank, Rank->Filter, Filter -> Sink: Writer -> Sink: Committer",3,numRecordsInPerSecond,72.68333333333334
1784196677,4,"Infer->Rank, Rank->Filter, Filter -> Sink: Writer -> Sink: Committer",3,backPressuredTimeMsPerSecond,0.0
1784196693,4,"Source: Source-data -> LoadJSON, Parse, _stream_key_by_map_operator",0,busyTimeMsPerSecond,1.0
1784196693,4,"Source: Source-data -> LoadJSON, Parse, _stream_key_by_map_operator",0,numRecordsOutPerSecond,0.0
1784196693,4,"Source: Source-data -> LoadJSON, Parse, _stream_key_by_map_operator",0,idleTimeMsPerSecond,0.0
1784196693,4,"Source: Source-data -> LoadJSON, Parse, _stream_key_by_map_operator",0,numRecordsOut,5048.0
1784196693,4,"Source: Source-data -> LoadJSON, Parse, _stream_key_by_map_operator",0,numRecordsIn,5048.0
1784196693,4,"Source: Source-data -> LoadJSON, Parse, _stream_key_by_map_operator",0,numRecordsInPerSecond,0.0
1784196693,4,"Source: Source-data -> LoadJSON, Parse, _stream_key_by_map_operator",0,backPressuredTimeMsPerSecond,999.0
1784196693,4,"Source: Source-data -> LoadJSON, Parse, _stream_key_by_map_operator",1,busyTimeMsPerSecond,0.0
1784196693,4,"Source: Source-data -> LoadJSON, Parse, _stream_key_by_map_operator",1,numRecordsOutPerSecond,0.0
1784196693,4,"Source: Source-data -> LoadJSON, Parse, _stream_key_by_map_operator",1,idleTimeMsPerSecond,0.0
1784196693,4,"Source: Source-data -> LoadJSON, Parse, _stream_key_by_map_operator",1,numRecordsOut,5537.0
1784196693,4,"Source: Source-data -> LoadJSON, Parse, _stream_key_by_map_operator",1,numRecordsIn,5537.0
1784196693,4,"Source: Source-data -> LoadJSON, Parse, _stream_key_by_map_operator",1,numRecordsInPerSecond,0.0
1784196693,4,"Source: Source-data -> LoadJSON, Parse, _stream_key_by_map_operator",1,backPressuredTimeMsPerSecond,1000.0
1784196693,4,"Source: Source-data -> LoadJSON, Parse, _stream_key_by_map_operator",2,busyTimeMsPerSecond,1.0
1784196693,4,"Source: Source-data -> LoadJSON, Parse, _stream_key_by_map_operator",2,numRecordsOutPerSecond,0.0
1784196693,4,"Source: Source-data -> LoadJSON, Parse, _stream_key_by_map_operator",2,idleTimeMsPerSecond,0.0
1784196693,4,"Source: Source-data -> LoadJSON, Parse, _stream_key_by_map_operator",2,numRecordsOut,5381.0
1784196693,4,"Source: Source-data -> LoadJSON, Parse, _stream_key_by_map_operator",2,numRecordsIn,5381.0
1784196693,4,"Source: Source-data -> LoadJSON, Parse, _stream_key_by_map_operator",2,numRecordsInPerSecond,0.0
1784196693,4,"Source: Source-data -> LoadJSON, Parse, _stream_key_by_map_operator",2,backPressuredTimeMsPerSecond,999.0
1784196693,4,"Source: Source-data -> LoadJSON, Parse, _stream_key_by_map_operator",3,busyTimeMsPerSecond,1.0
1784196693,4,"Source: Source-data -> LoadJSON, Parse, _stream_key_by_map_operator",3,numRecordsOutPerSecond,0.0
1784196693,4,"Source: Source-data -> LoadJSON, Parse, _stream_key_by_map_operator",3,idleTimeMsPerSecond,0.0
1784196693,4,"Source: Source-data -> LoadJSON, Parse, _stream_key_by_map_operator",3,numRecordsOut,5536.0
1784196693,4,"Source: Source-data -> LoadJSON, Parse, _stream_key_by_map_operator",3,numRecordsIn,5536.0
1784196693,4,"Source: Source-data -> LoadJSON, Parse, _stream_key_by_map_operator",3,numRecordsInPerSecond,0.0
1784196693,4,"Source: Source-data -> LoadJSON, Parse, _stream_key_by_map_operator",3,backPressuredTimeMsPerSecond,999.0
1784196693,4,"KEYED PROCESS, Parse->Train, _stream_key_by_map_operator",0,busyTimeMsPerSecond,179.0
1784196693,4,"KEYED PROCESS, Parse->Train, _stream_key_by_map_operator",0,numRecordsOutPerSecond,0.05
1784196693,4,"KEYED PROCESS, Parse->Train, _stream_key_by_map_operator",0,idleTimeMsPerSecond,0.0
1784196693,4,"KEYED PROCESS, Parse->Train, _stream_key_by_map_operator",0,numRecordsOut,192.0
1784196693,4,"KEYED PROCESS, Parse->Train, _stream_key_by_map_operator",0,numRecordsIn,193.0
1784196693,4,"KEYED PROCESS, Parse->Train, _stream_key_by_map_operator",0,numRecordsInPerSecond,0.05
1784196693,4,"KEYED PROCESS, Parse->Train, _stream_key_by_map_operator",0,backPressuredTimeMsPerSecond,821.0
1784196693,4,"KEYED PROCESS, Parse->Train, _stream_key_by_map_operator",1,busyTimeMsPerSecond,239.0
1784196693,4,"KEYED PROCESS, Parse->Train, _stream_key_by_map_operator",1,numRecordsOutPerSecond,0.08333333333333333
1784196693,4,"KEYED PROCESS, Parse->Train, _stream_key_by_map_operator",1,idleTimeMsPerSecond,0.0
1784196693,4,"KEYED PROCESS, Parse->Train, _stream_key_by_map_operator",1,numRecordsOut,95.0
1784196693,4,"KEYED PROCESS, Parse->Train, _stream_key_by_map_operator",1,numRecordsIn,96.0
1784196693,4,"KEYED PROCESS, Parse->Train, _stream_key_by_map_operator",1,numRecordsInPerSecond,0.08333333333333333
1784196693,4,"KEYED PROCESS, Parse->Train, _stream_key_by_map_operator",1,backPressuredTimeMsPerSecond,761.0
1784196693,4,"KEYED PROCESS, Parse->Train, _stream_key_by_map_operator",2,busyTimeMsPerSecond,210.0
1784196693,4,"KEYED PROCESS, Parse->Train, _stream_key_by_map_operator",2,numRecordsOutPerSecond,0.08333333333333333
1784196693,4,"KEYED PROCESS, Parse->Train, _stream_key_by_map_operator",2,idleTimeMsPerSecond,0.0
1784196693,4,"KEYED PROCESS, Parse->Train, _stream_key_by_map_operator",2,numRecordsOut,147.0
1784196693,4,"KEYED PROCESS, Parse->Train, _stream_key_by_map_operator",2,numRecordsIn,148.0
1784196693,4,"KEYED PROCESS, Parse->Train, _stream_key_by_map_operator",2,numRecordsInPerSecond,0.08333333333333333
1784196693,4,"KEYED PROCESS, Parse->Train, _stream_key_by_map_operator",2,backPressuredTimeMsPerSecond,790.0
1784196693,4,"KEYED PROCESS, Parse->Train, _stream_key_by_map_operator",3,busyTimeMsPerSecond,348.0
1784196693,4,"KEYED PROCESS, Parse->Train, _stream_key_by_map_operator",3,numRecordsOutPerSecond,0.11666666666666667
1784196693,4,"KEYED PROCESS, Parse->Train, _stream_key_by_map_operator",3,idleTimeMsPerSecond,0.0
1784196693,4,"KEYED PROCESS, Parse->Train, _stream_key_by_map_operator",3,numRecordsOut,111.0
1784196693,4,"KEYED PROCESS, Parse->Train, _stream_key_by_map_operator",3,numRecordsIn,112.0
1784196693,4,"KEYED PROCESS, Parse->Train, _stream_key_by_map_operator",3,numRecordsInPerSecond,0.11666666666666667
1784196693,4,"KEYED PROCESS, Parse->Train, _stream_key_by_map_operator",3,backPressuredTimeMsPerSecond,652.0
1784196693,4,"KEYED PROCESS, Train->Infer, _stream_key_by_map_operator",0,busyTimeMsPerSecond,571.0
1784196693,4,"KEYED PROCESS, Train->Infer, _stream_key_by_map_operator",0,numRecordsOutPerSecond,75.0
1784196693,4,"KEYED PROCESS, Train->Infer, _stream_key_by_map_operator",0,idleTimeMsPerSecond,0.0
1784196693,4,"KEYED PROCESS, Train->Infer, _stream_key_by_map_operator",0,numRecordsOut,45120.0
1784196693,4,"KEYED PROCESS, Train->Infer, _stream_key_by_map_operator",0,numRecordsIn,210.0
1784196693,4,"KEYED PROCESS, Train->Infer, _stream_key_by_map_operator",0,numRecordsInPerSecond,0.13333333333333333
1784196693,4,"KEYED PROCESS, Train->Infer, _stream_key_by_map_operator",0,backPressuredTimeMsPerSecond,429.0
1784196693,4,"KEYED PROCESS, Train->Infer, _stream_key_by_map_operator",1,busyTimeMsPerSecond,341.0
1784196693,4,"KEYED PROCESS, Train->Infer, _stream_key_by_map_operator",1,numRecordsOutPerSecond,41.666666666666664
1784196693,4,"KEYED PROCESS, Train->Infer, _stream_key_by_map_operator",1,idleTimeMsPerSecond,659.0
1784196693,4,"KEYED PROCESS, Train->Infer, _stream_key_by_map_operator",1,numRecordsOut,35515.0
1784196693,4,"KEYED PROCESS, Train->Infer, _stream_key_by_map_operator",1,numRecordsIn,87.0
1784196693,4,"KEYED PROCESS, Train->Infer, _stream_key_by_map_operator",1,numRecordsInPerSecond,0.1
1784196693,4,"KEYED PROCESS, Train->Infer, _stream_key_by_map_operator",1,backPressuredTimeMsPerSecond,0.0
1784196693,4,"KEYED PROCESS, Train->Infer, _stream_key_by_map_operator",2,busyTimeMsPerSecond,169.0
1784196693,4,"KEYED PROCESS, Train->Infer, _stream_key_by_map_operator",2,numRecordsOutPerSecond,16.666666666666668
1784196693,4,"KEYED PROCESS, Train->Infer, _stream_key_by_map_operator",2,idleTimeMsPerSecond,831.0
1784196693,4,"KEYED PROCESS, Train->Infer, _stream_key_by_map_operator",2,numRecordsOut,35575.0
1784196693,4,"KEYED PROCESS, Train->Infer, _stream_key_by_map_operator",2,numRecordsIn,147.0
1784196693,4,"KEYED PROCESS, Train->Infer, _stream_key_by_map_operator",2,numRecordsInPerSecond,0.05
1784196693,4,"KEYED PROCESS, Train->Infer, _stream_key_by_map_operator",2,backPressuredTimeMsPerSecond,0.0
1784196693,4,"KEYED PROCESS, Train->Infer, _stream_key_by_map_operator",3,busyTimeMsPerSecond,473.0
1784196693,4,"KEYED PROCESS, Train->Infer, _stream_key_by_map_operator",3,numRecordsOutPerSecond,50.0
1784196693,4,"KEYED PROCESS, Train->Infer, _stream_key_by_map_operator",3,idleTimeMsPerSecond,527.0
1784196693,4,"KEYED PROCESS, Train->Infer, _stream_key_by_map_operator",3,numRecordsOut,39530.0
1784196693,4,"KEYED PROCESS, Train->Infer, _stream_key_by_map_operator",3,numRecordsIn,110.0
1784196693,4,"KEYED PROCESS, Train->Infer, _stream_key_by_map_operator",3,numRecordsInPerSecond,0.1
1784196693,4,"KEYED PROCESS, Train->Infer, _stream_key_by_map_operator",3,backPressuredTimeMsPerSecond,0.0
1784196693,4,"Infer->Rank, Rank->Filter, Filter -> Sink: Writer -> Sink: Committer",0,busyTimeMsPerSecond,1000.0
1784196693,4,"Infer->Rank, Rank->Filter, Filter -> Sink: Writer -> Sink: Committer",0,numRecordsOutPerSecond,57.0
1784196693,4,"Infer->Rank, Rank->Filter, Filter -> Sink: Writer -> Sink: Committer",0,idleTimeMsPerSecond,0.0
1784196693,4,"Infer->Rank, Rank->Filter, Filter -> Sink: Writer -> Sink: Committer",0,numRecordsOut,39790.0
1784196693,4,"Infer->Rank, Rank->Filter, Filter -> Sink: Writer -> Sink: Committer",0,numRecordsIn,41930.0
1784196693,4,"Infer->Rank, Rank->Filter, Filter -> Sink: Writer -> Sink: Committer",0,numRecordsInPerSecond,73.85
1784196693,4,"Infer->Rank, Rank->Filter, Filter -> Sink: Writer -> Sink: Committer",0,backPressuredTimeMsPerSecond,0.0
1784196693,4,"Infer->Rank, Rank->Filter, Filter -> Sink: Writer -> Sink: Committer",1,busyTimeMsPerSecond,307.0
1784196693,4,"Infer->Rank, Rank->Filter, Filter -> Sink: Writer -> Sink: Committer",1,numRecordsOutPerSecond,21.5
1784196693,4,"Infer->Rank, Rank->Filter, Filter -> Sink: Writer -> Sink: Committer",1,idleTimeMsPerSecond,693.0
1784196693,4,"Infer->Rank, Rank->Filter, Filter -> Sink: Writer -> Sink: Committer",1,numRecordsOut,33800.0
1784196693,4,"Infer->Rank, Rank->Filter, Filter -> Sink: Writer -> Sink: Committer",1,numRecordsIn,34816.0
1784196693,4,"Infer->Rank, Rank->Filter, Filter -> Sink: Writer -> Sink: Committer",1,numRecordsInPerSecond,30.0
1784196693,4,"Infer->Rank, Rank->Filter, Filter -> Sink: Writer -> Sink: Committer",1,backPressuredTimeMsPerSecond,0.0
1784196693,4,"Infer->Rank, Rank->Filter, Filter -> Sink: Writer -> Sink: Committer",2,busyTimeMsPerSecond,215.0
1784196693,4,"Infer->Rank, Rank->Filter, Filter -> Sink: Writer -> Sink: Committer",2,numRecordsOutPerSecond,25.0
1784196693,4,"Infer->Rank, Rank->Filter, Filter -> Sink: Writer -> Sink: Committer",2,idleTimeMsPerSecond,785.0
1784196693,4,"Infer->Rank, Rank->Filter, Filter -> Sink: Writer -> Sink: Committer",2,numRecordsOut,33500.0
1784196693,4,"Infer->Rank, Rank->Filter, Filter -> Sink: Writer -> Sink: Committer",2,numRecordsIn,35575.0
1784196693,4,"Infer->Rank, Rank->Filter, Filter -> Sink: Writer -> Sink: Committer",2,numRecordsInPerSecond,24.883333333333333
1784196693,4,"Infer->Rank, Rank->Filter, Filter -> Sink: Writer -> Sink: Committer",2,backPressuredTimeMsPerSecond,0.0
1784196693,4,"Infer->Rank, Rank->Filter, Filter -> Sink: Writer -> Sink: Committer",3,busyTimeMsPerSecond,854.0
1784196693,4,"Infer->Rank, Rank->Filter, Filter -> Sink: Writer -> Sink: Committer",3,numRecordsOutPerSecond,57.666666666666664
1784196693,4,"Infer->Rank, Rank->Filter, Filter -> Sink: Writer -> Sink: Committer",3,idleTimeMsPerSecond,146.0
1784196693,4,"Infer->Rank, Rank->Filter, Filter -> Sink: Writer -> Sink: Committer",3,numRecordsOut,37000.0
1784196693,4,"Infer->Rank, Rank->Filter, Filter -> Sink: Writer -> Sink: Committer",3,numRecordsIn,38911.0
1784196693,4,"Infer->Rank, Rank->Filter, Filter -> Sink: Writer -> Sink: Committer",3,numRecordsInPerSecond,63.8
1784196693,4,"Infer->Rank, Rank->Filter, Filter -> Sink: Writer -> Sink: Committer",3,backPressuredTimeMsPerSecond,0.0
1784196708,4,"Source: Source-data -> LoadJSON, Parse, _stream_key_by_map_operator",0,busyTimeMsPerSecond,0.0
1784196708,4,"Source: Source-data -> LoadJSON, Parse, _stream_key_by_map_operator",0,numRecordsOutPerSecond,0.0
1784196708,4,"Source: Source-data -> LoadJSON, Parse, _stream_key_by_map_operator",0,idleTimeMsPerSecond,0.0
1784196708,4,"Source: Source-data -> LoadJSON, Parse, _stream_key_by_map_operator",0,numRecordsOut,5048.0
1784196708,4,"Source: Source-data -> LoadJSON, Parse, _stream_key_by_map_operator",0,numRecordsIn,5048.0
1784196708,4,"Source: Source-data -> LoadJSON, Parse, _stream_key_by_map_operator",0,numRecordsInPerSecond,0.0
1784196708,4,"Source: Source-data -> LoadJSON, Parse, _stream_key_by_map_operator",0,backPressuredTimeMsPerSecond,1000.0
1784196708,4,"Source: Source-data -> LoadJSON, Parse, _stream_key_by_map_operator",1,busyTimeMsPerSecond,0.0
1784196708,4,"Source: Source-data -> LoadJSON, Parse, _stream_key_by_map_operator",1,numRecordsOutPerSecond,0.0
1784196708,4,"Source: Source-data -> LoadJSON, Parse, _stream_key_by_map_operator",1,idleTimeMsPerSecond,0.0
1784196708,4,"Source: Source-data -> LoadJSON, Parse, _stream_key_by_map_operator",1,numRecordsOut,5537.0
1784196708,4,"Source: Source-data -> LoadJSON, Parse, _stream_key_by_map_operator",1,numRecordsIn,5537.0
1784196708,4,"Source: Source-data -> LoadJSON, Parse, _stream_key_by_map_operator",1,numRecordsInPerSecond,0.0
1784196708,4,"Source: Source-data -> LoadJSON, Parse, _stream_key_by_map_operator",1,backPressuredTimeMsPerSecond,1000.0
1784196708,4,"Source: Source-data -> LoadJSON, Parse, _stream_key_by_map_operator",2,busyTimeMsPerSecond,0.0
1784196708,4,"Source: Source-data -> LoadJSON, Parse, _stream_key_by_map_operator",2,numRecordsOutPerSecond,0.0
1784196708,4,"Source: Source-data -> LoadJSON, Parse, _stream_key_by_map_operator",2,idleTimeMsPerSecond,0.0
1784196708,4,"Source: Source-data -> LoadJSON, Parse, _stream_key_by_map_operator",2,numRecordsOut,5381.0
1784196708,4,"Source: Source-data -> LoadJSON, Parse, _stream_key_by_map_operator",2,numRecordsIn,5381.0
1784196708,4,"Source: Source-data -> LoadJSON, Parse, _stream_key_by_map_operator",2,numRecordsInPerSecond,0.0
1784196708,4,"Source: Source-data -> LoadJSON, Parse, _stream_key_by_map_operator",2,backPressuredTimeMsPerSecond,1000.0
1784196708,4,"Source: Source-data -> LoadJSON, Parse, _stream_key_by_map_operator",3,busyTimeMsPerSecond,0.0
1784196708,4,"Source: Source-data -> LoadJSON, Parse, _stream_key_by_map_operator",3,numRecordsOutPerSecond,0.0
1784196708,4,"Source: Source-data -> LoadJSON, Parse, _stream_key_by_map_operator",3,idleTimeMsPerSecond,0.0
1784196708,4,"Source: Source-data -> LoadJSON, Parse, _stream_key_by_map_operator",3,numRecordsOut,5536.0
1784196708,4,"Source: Source-data -> LoadJSON, Parse, _stream_key_by_map_operator",3,numRecordsIn,5536.0
1784196708,4,"Source: Source-data -> LoadJSON, Parse, _stream_key_by_map_operator",3,numRecordsInPerSecond,0.0
1784196708,4,"Source: Source-data -> LoadJSON, Parse, _stream_key_by_map_operator",3,backPressuredTimeMsPerSecond,1000.0
1784196708,4,"KEYED PROCESS, Parse->Train, _stream_key_by_map_operator",0,busyTimeMsPerSecond,241.0
1784196708,4,"KEYED PROCESS, Parse->Train, _stream_key_by_map_operator",0,numRecordsOutPerSecond,0.06666666666666667
1784196708,4,"KEYED PROCESS, Parse->Train, _stream_key_by_map_operator",0,idleTimeMsPerSecond,0.0
1784196708,4,"KEYED PROCESS, Parse->Train, _stream_key_by_map_operator",0,numRecordsOut,194.0
1784196708,4,"KEYED PROCESS, Parse->Train, _stream_key_by_map_operator",0,numRecordsIn,195.0
1784196708,4,"KEYED PROCESS, Parse->Train, _stream_key_by_map_operator",0,numRecordsInPerSecond,0.06666666666666667
1784196708,4,"KEYED PROCESS, Parse->Train, _stream_key_by_map_operator",0,backPressuredTimeMsPerSecond,759.0
1784196708,4,"KEYED PROCESS, Parse->Train, _stream_key_by_map_operator",1,busyTimeMsPerSecond,210.0
1784196708,4,"KEYED PROCESS, Parse->Train, _stream_key_by_map_operator",1,numRecordsOutPerSecond,0.06666666666666667
1784196708,4,"KEYED PROCESS, Parse->Train, _stream_key_by_map_operator",1,idleTimeMsPerSecond,0.0
1784196708,4,"KEYED PROCESS, Parse->Train, _stream_key_by_map_operator",1,numRecordsOut,98.0
1784196708,4,"KEYED PROCESS, Parse->Train, _stream_key_by_map_operator",1,numRecordsIn,99.0
1784196708,4,"KEYED PROCESS, Parse->Train, _stream_key_by_map_operator",1,numRecordsInPerSecond,0.06666666666666667
1784196708,4,"KEYED PROCESS, Parse->Train, _stream_key_by_map_operator",1,backPressuredTimeMsPerSecond,790.0
1784196708,4,"KEYED PROCESS, Parse->Train, _stream_key_by_map_operator",2,busyTimeMsPerSecond,312.0
1784196708,4,"KEYED PROCESS, Parse->Train, _stream_key_by_map_operator",2,numRecordsOutPerSecond,0.11666666666666667
1784196708,4,"KEYED PROCESS, Parse->Train, _stream_key_by_map_operator",2,idleTimeMsPerSecond,0.0
1784196708,4,"KEYED PROCESS, Parse->Train, _stream_key_by_map_operator",2,numRecordsOut,150.0
1784196708,4,"KEYED PROCESS, Parse->Train, _stream_key_by_map_operator",2,numRecordsIn,151.0
1784196708,4,"KEYED PROCESS, Parse->Train, _stream_key_by_map_operator",2,numRecordsInPerSecond,0.11666666666666667
1784196708,4,"KEYED PROCESS, Parse->Train, _stream_key_by_map_operator",2,backPressuredTimeMsPerSecond,688.0
1784196708,4,"KEYED PROCESS, Parse->Train, _stream_key_by_map_operator",3,busyTimeMsPerSecond,378.0
1784196708,4,"KEYED PROCESS, Parse->Train, _stream_key_by_map_operator",3,numRecordsOutPerSecond,0.13333333333333333
1784196708,4,"KEYED PROCESS, Parse->Train, _stream_key_by_map_operator",3,idleTimeMsPerSecond,0.0
1784196708,4,"KEYED PROCESS, Parse->Train, _stream_key_by_map_operator",3,numRecordsOut,114.0
1784196708,4,"KEYED PROCESS, Parse->Train, _stream_key_by_map_operator",3,numRecordsIn,115.0
1784196708,4,"KEYED PROCESS, Parse->Train, _stream_key_by_map_operator",3,numRecordsInPerSecond,0.13333333333333333
1784196708,4,"KEYED PROCESS, Parse->Train, _stream_key_by_map_operator",3,backPressuredTimeMsPerSecond,622.0
1784196708,4,"KEYED PROCESS, Train->Infer, _stream_key_by_map_operator",0,busyTimeMsPerSecond,571.0
1784196708,4,"KEYED PROCESS, Train->Infer, _stream_key_by_map_operator",0,numRecordsOutPerSecond,75.0
1784196708,4,"KEYED PROCESS, Train->Infer, _stream_key_by_map_operator",0,idleTimeMsPerSecond,0.0
1784196708,4,"KEYED PROCESS, Train->Infer, _stream_key_by_map_operator",0,numRecordsOut,45120.0
1784196708,4,"KEYED PROCESS, Train->Infer, _stream_key_by_map_operator",0,numRecordsIn,210.0
1784196708,4,"KEYED PROCESS, Train->Infer, _stream_key_by_map_operator",0,numRecordsInPerSecond,0.13333333333333333
1784196708,4,"KEYED PROCESS, Train->Infer, _stream_key_by_map_operator",0,backPressuredTimeMsPerSecond,429.0
1784196708,4,"KEYED PROCESS, Train->Infer, _stream_key_by_map_operator",1,busyTimeMsPerSecond,415.0
1784196708,4,"KEYED PROCESS, Train->Infer, _stream_key_by_map_operator",1,numRecordsOutPerSecond,50.0
1784196708,4,"KEYED PROCESS, Train->Infer, _stream_key_by_map_operator",1,idleTimeMsPerSecond,585.0
1784196708,4,"KEYED PROCESS, Train->Infer, _stream_key_by_map_operator",1,numRecordsOut,37015.0
1784196708,4,"KEYED PROCESS, Train->Infer, _stream_key_by_map_operator",1,numRecordsIn,89.0
1784196708,4,"KEYED PROCESS, Train->Infer, _stream_key_by_map_operator",1,numRecordsInPerSecond,0.1
1784196708,4,"KEYED PROCESS, Train->Infer, _stream_key_by_map_operator",1,backPressuredTimeMsPerSecond,0.0
1784196708,4,"KEYED PROCESS, Train->Infer, _stream_key_by_map_operator",2,busyTimeMsPerSecond,267.0
1784196708,4,"KEYED PROCESS, Train->Infer, _stream_key_by_map_operator",2,numRecordsOutPerSecond,33.333333333333336
1784196708,4,"KEYED PROCESS, Train->Infer, _stream_key_by_map_operator",2,idleTimeMsPerSecond,733.0
1784196708,4,"KEYED PROCESS, Train->Infer, _stream_key_by_map_operator",2,numRecordsOut,36575.0
1784196708,4,"KEYED PROCESS, Train->Infer, _stream_key_by_map_operator",2,numRecordsIn,148.0
1784196708,4,"KEYED PROCESS, Train->Infer, _stream_key_by_map_operator",2,numRecordsInPerSecond,0.06666666666666667
1784196708,4,"KEYED PROCESS, Train->Infer, _stream_key_by_map_operator",2,backPressuredTimeMsPerSecond,0.0
1784196708,4,"KEYED PROCESS, Train->Infer, _stream_key_by_map_operator",3,busyTimeMsPerSecond,390.0
1784196708,4,"KEYED PROCESS, Train->Infer, _stream_key_by_map_operator",3,numRecordsOutPerSecond,41.666666666666664
1784196708,4,"KEYED PROCESS, Train->Infer, _stream_key_by_map_operator",3,idleTimeMsPerSecond,610.0
1784196708,4,"KEYED PROCESS, Train->Infer, _stream_key_by_map_operator",3,numRecordsOut,40530.0
1784196708,4,"KEYED PROCESS, Train->Infer, _stream_key_by_map_operator",3,numRecordsIn,112.0
1784196708,4,"KEYED PROCESS, Train->Infer, _stream_key_by_map_operator",3,numRecordsInPerSecond,0.1
1784196708,4,"KEYED PROCESS, Train->Infer, _stream_key_by_map_operator",3,backPressuredTimeMsPerSecond,0.0
1784196708,4,"Infer->Rank, Rank->Filter, Filter -> Sink: Writer -> Sink: Committer",0,busyTimeMsPerSecond,1000.0
1784196708,4,"Infer->Rank, Rank->Filter, Filter -> Sink: Writer -> Sink: Committer",0,numRecordsOutPerSecond,55.333333333333336
1784196708,4,"Infer->Rank, Rank->Filter, Filter -> Sink: Writer -> Sink: Committer",0,idleTimeMsPerSecond,0.0
1784196708,4,"Infer->Rank, Rank->Filter, Filter -> Sink: Writer -> Sink: Committer",0,numRecordsOut,40840.0
1784196708,4,"Infer->Rank, Rank->Filter, Filter -> Sink: Writer -> Sink: Committer",0,numRecordsIn,42979.0
1784196708,4,"Infer->Rank, Rank->Filter, Filter -> Sink: Writer -> Sink: Committer",0,numRecordsInPerSecond,72.15
1784196708,4,"Infer->Rank, Rank->Filter, Filter -> Sink: Writer -> Sink: Committer",0,backPressuredTimeMsPerSecond,0.0
1784196708,4,"Infer->Rank, Rank->Filter, Filter -> Sink: Writer -> Sink: Committer",1,busyTimeMsPerSecond,469.0
1784196708,4,"Infer->Rank, Rank->Filter, Filter -> Sink: Writer -> Sink: Committer",1,numRecordsOutPerSecond,20.5
1784196708,4,"Infer->Rank, Rank->Filter, Filter -> Sink: Writer -> Sink: Committer",1,idleTimeMsPerSecond,531.0
1784196708,4,"Infer->Rank, Rank->Filter, Filter -> Sink: Writer -> Sink: Committer",1,numRecordsOut,34500.0
1784196708,4,"Infer->Rank, Rank->Filter, Filter -> Sink: Writer -> Sink: Committer",1,numRecordsIn,35848.0
1784196708,4,"Infer->Rank, Rank->Filter, Filter -> Sink: Writer -> Sink: Committer",1,numRecordsInPerSecond,33.86666666666667
1784196708,4,"Infer->Rank, Rank->Filter, Filter -> Sink: Writer -> Sink: Committer",1,backPressuredTimeMsPerSecond,0.0
1784196708,4,"Infer->Rank, Rank->Filter, Filter -> Sink: Writer -> Sink: Committer",2,busyTimeMsPerSecond,245.0
1784196708,4,"Infer->Rank, Rank->Filter, Filter -> Sink: Writer -> Sink: Committer",2,numRecordsOutPerSecond,26.333333333333332
1784196708,4,"Infer->Rank, Rank->Filter, Filter -> Sink: Writer -> Sink: Committer",2,idleTimeMsPerSecond,755.0
1784196708,4,"Infer->Rank, Rank->Filter, Filter -> Sink: Writer -> Sink: Committer",2,numRecordsOut,34080.0
1784196708,4,"Infer->Rank, Rank->Filter, Filter -> Sink: Writer -> Sink: Committer",2,numRecordsIn,36157.0
1784196708,4,"Infer->Rank, Rank->Filter, Filter -> Sink: Writer -> Sink: Committer",2,numRecordsInPerSecond,26.366666666666667
1784196708,4,"Infer->Rank, Rank->Filter, Filter -> Sink: Writer -> Sink: Committer",2,backPressuredTimeMsPerSecond,0.0
1784196708,4,"Infer->Rank, Rank->Filter, Filter -> Sink: Writer -> Sink: Committer",3,busyTimeMsPerSecond,854.0
1784196708,4,"Infer->Rank, Rank->Filter, Filter -> Sink: Writer -> Sink: Committer",3,numRecordsOutPerSecond,57.333333333333336
1784196708,4,"Infer->Rank, Rank->Filter, Filter -> Sink: Writer -> Sink: Committer",3,idleTimeMsPerSecond,146.0
1784196708,4,"Infer->Rank, Rank->Filter, Filter -> Sink: Writer -> Sink: Committer",3,numRecordsOut,38130.0
1784196708,4,"Infer->Rank, Rank->Filter, Filter -> Sink: Writer -> Sink: Committer",3,numRecordsIn,40161.0
1784196708,4,"Infer->Rank, Rank->Filter, Filter -> Sink: Writer -> Sink: Committer",3,numRecordsInPerSecond,65.68333333333334
1784196708,4,"Infer->Rank, Rank->Filter, Filter -> Sink: Writer -> Sink: Committer",3,backPressuredTimeMsPerSecond,0.0
1784196723,4,"Source: Source-data -> LoadJSON, Parse, _stream_key_by_map_operator",0,busyTimeMsPerSecond,0.0
1784196723,4,"Source: Source-data -> LoadJSON, Parse, _stream_key_by_map_operator",0,numRecordsOutPerSecond,0.0
1784196723,4,"Source: Source-data -> LoadJSON, Parse, _stream_key_by_map_operator",0,idleTimeMsPerSecond,0.0
1784196723,4,"Source: Source-data -> LoadJSON, Parse, _stream_key_by_map_operator",0,numRecordsOut,5048.0
1784196723,4,"Source: Source-data -> LoadJSON, Parse, _stream_key_by_map_operator",0,numRecordsIn,5048.0
1784196723,4,"Source: Source-data -> LoadJSON, Parse, _stream_key_by_map_operator",0,numRecordsInPerSecond,0.0
1784196723,4,"Source: Source-data -> LoadJSON, Parse, _stream_key_by_map_operator",0,backPressuredTimeMsPerSecond,1000.0
1784196723,4,"Source: Source-data -> LoadJSON, Parse, _stream_key_by_map_operator",1,busyTimeMsPerSecond,0.0
1784196723,4,"Source: Source-data -> LoadJSON, Parse, _stream_key_by_map_operator",1,numRecordsOutPerSecond,0.0
1784196723,4,"Source: Source-data -> LoadJSON, Parse, _stream_key_by_map_operator",1,idleTimeMsPerSecond,0.0
1784196723,4,"Source: Source-data -> LoadJSON, Parse, _stream_key_by_map_operator",1,numRecordsOut,5537.0
1784196723,4,"Source: Source-data -> LoadJSON, Parse, _stream_key_by_map_operator",1,numRecordsIn,5537.0
1784196723,4,"Source: Source-data -> LoadJSON, Parse, _stream_key_by_map_operator",1,numRecordsInPerSecond,0.0
1784196723,4,"Source: Source-data -> LoadJSON, Parse, _stream_key_by_map_operator",1,backPressuredTimeMsPerSecond,1000.0
1784196723,4,"Source: Source-data -> LoadJSON, Parse, _stream_key_by_map_operator",2,busyTimeMsPerSecond,0.0
1784196723,4,"Source: Source-data -> LoadJSON, Parse, _stream_key_by_map_operator",2,numRecordsOutPerSecond,0.0
1784196723,4,"Source: Source-data -> LoadJSON, Parse, _stream_key_by_map_operator",2,idleTimeMsPerSecond,0.0
1784196723,4,"Source: Source-data -> LoadJSON, Parse, _stream_key_by_map_operator",2,numRecordsOut,5381.0
1784196723,4,"Source: Source-data -> LoadJSON, Parse, _stream_key_by_map_operator",2,numRecordsIn,5381.0
1784196723,4,"Source: Source-data -> LoadJSON, Parse, _stream_key_by_map_operator",2,numRecordsInPerSecond,0.0
1784196723,4,"Source: Source-data -> LoadJSON, Parse, _stream_key_by_map_operator",2,backPressuredTimeMsPerSecond,1000.0
1784196723,4,"Source: Source-data -> LoadJSON, Parse, _stream_key_by_map_operator",3,busyTimeMsPerSecond,1.0
1784196723,4,"Source: Source-data -> LoadJSON, Parse, _stream_key_by_map_operator",3,numRecordsOutPerSecond,0.0
1784196723,4,"Source: Source-data -> LoadJSON, Parse, _stream_key_by_map_operator",3,idleTimeMsPerSecond,0.0
1784196723,4,"Source: Source-data -> LoadJSON, Parse, _stream_key_by_map_operator",3,numRecordsOut,5536.0
1784196723,4,"Source: Source-data -> LoadJSON, Parse, _stream_key_by_map_operator",3,numRecordsIn,5536.0
1784196723,4,"Source: Source-data -> LoadJSON, Parse, _stream_key_by_map_operator",3,numRecordsInPerSecond,0.0
1784196723,4,"Source: Source-data -> LoadJSON, Parse, _stream_key_by_map_operator",3,backPressuredTimeMsPerSecond,999.0
1784196723,4,"KEYED PROCESS, Parse->Train, _stream_key_by_map_operator",0,busyTimeMsPerSecond,201.0
1784196723,4,"KEYED PROCESS, Parse->Train, _stream_key_by_map_operator",0,numRecordsOutPerSecond,0.06666666666666667
1784196723,4,"KEYED PROCESS, Parse->Train, _stream_key_by_map_operator",0,idleTimeMsPerSecond,0.0
1784196723,4,"KEYED PROCESS, Parse->Train, _stream_key_by_map_operator",0,numRecordsOut,195.0
1784196723,4,"KEYED PROCESS, Parse->Train, _stream_key_by_map_operator",0,numRecordsIn,196.0
1784196723,4,"KEYED PROCESS, Parse->Train, _stream_key_by_map_operator",0,numRecordsInPerSecond,0.06666666666666667
1784196723,4,"KEYED PROCESS, Parse->Train, _stream_key_by_map_operator",0,backPressuredTimeMsPerSecond,799.0
1784196723,4,"KEYED PROCESS, Parse->Train, _stream_key_by_map_operator",1,busyTimeMsPerSecond,233.0
1784196723,4,"KEYED PROCESS, Parse->Train, _stream_key_by_map_operator",1,numRecordsOutPerSecond,0.08333333333333333
1784196723,4,"KEYED PROCESS, Parse->Train, _stream_key_by_map_operator",1,idleTimeMsPerSecond,0.0
1784196723,4,"KEYED PROCESS, Parse->Train, _stream_key_by_map_operator",1,numRecordsOut,99.0
1784196723,4,"KEYED PROCESS, Parse->Train, _stream_key_by_map_operator",1,numRecordsIn,100.0
1784196723,4,"KEYED PROCESS, Parse->Train, _stream_key_by_map_operator",1,numRecordsInPerSecond,0.08333333333333333
1784196723,4,"KEYED PROCESS, Parse->Train, _stream_key_by_map_operator",1,backPressuredTimeMsPerSecond,767.0
1784196723,4,"KEYED PROCESS, Parse->Train, _stream_key_by_map_operator",2,busyTimeMsPerSecond,382.0
1784196723,4,"KEYED PROCESS, Parse->Train, _stream_key_by_map_operator",2,numRecordsOutPerSecond,0.15
1784196723,4,"KEYED PROCESS, Parse->Train, _stream_key_by_map_operator",2,idleTimeMsPerSecond,0.0
1784196723,4,"KEYED PROCESS, Parse->Train, _stream_key_by_map_operator",2,numRecordsOut,155.0
1784196723,4,"KEYED PROCESS, Parse->Train, _stream_key_by_map_operator",2,numRecordsIn,156.0
1784196723,4,"KEYED PROCESS, Parse->Train, _stream_key_by_map_operator",2,numRecordsInPerSecond,0.15
1784196723,4,"KEYED PROCESS, Parse->Train, _stream_key_by_map_operator",2,backPressuredTimeMsPerSecond,618.0
1784196723,4,"KEYED PROCESS, Parse->Train, _stream_key_by_map_operator",3,busyTimeMsPerSecond,445.0
1784196723,4,"KEYED PROCESS, Parse->Train, _stream_key_by_map_operator",3,numRecordsOutPerSecond,0.15
1784196723,4,"KEYED PROCESS, Parse->Train, _stream_key_by_map_operator",3,idleTimeMsPerSecond,0.0
1784196723,4,"KEYED PROCESS, Parse->Train, _stream_key_by_map_operator",3,numRecordsOut,115.0
1784196723,4,"KEYED PROCESS, Parse->Train, _stream_key_by_map_operator",3,numRecordsIn,116.0
1784196723,4,"KEYED PROCESS, Parse->Train, _stream_key_by_map_operator",3,numRecordsInPerSecond,0.15
1784196723,4,"KEYED PROCESS, Parse->Train, _stream_key_by_map_operator",3,backPressuredTimeMsPerSecond,555.0
1784196723,4,"KEYED PROCESS, Train->Infer, _stream_key_by_map_operator",0,busyTimeMsPerSecond,590.0
1784196723,4,"KEYED PROCESS, Train->Infer, _stream_key_by_map_operator",0,numRecordsOutPerSecond,75.0
1784196723,4,"KEYED PROCESS, Train->Infer, _stream_key_by_map_operator",0,idleTimeMsPerSecond,0.0
1784196723,4,"KEYED PROCESS, Train->Infer, _stream_key_by_map_operator",0,numRecordsOut,46120.0
1784196723,4,"KEYED PROCESS, Train->Infer, _stream_key_by_map_operator",0,numRecordsIn,213.0
1784196723,4,"KEYED PROCESS, Train->Infer, _stream_key_by_map_operator",0,numRecordsInPerSecond,0.15
1784196723,4,"KEYED PROCESS, Train->Infer, _stream_key_by_map_operator",0,backPressuredTimeMsPerSecond,410.0
1784196723,4,"KEYED PROCESS, Train->Infer, _stream_key_by_map_operator",1,busyTimeMsPerSecond,415.0
1784196723,4,"KEYED PROCESS, Train->Infer, _stream_key_by_map_operator",1,numRecordsOutPerSecond,50.0
1784196723,4,"KEYED PROCESS, Train->Infer, _stream_key_by_map_operator",1,idleTimeMsPerSecond,585.0
1784196723,4,"KEYED PROCESS, Train->Infer, _stream_key_by_map_operator",1,numRecordsOut,37015.0
1784196723,4,"KEYED PROCESS, Train->Infer, _stream_key_by_map_operator",1,numRecordsIn,89.0
1784196723,4,"KEYED PROCESS, Train->Infer, _stream_key_by_map_operator",1,numRecordsInPerSecond,0.1
1784196723,4,"KEYED PROCESS, Train->Infer, _stream_key_by_map_operator",1,backPressuredTimeMsPerSecond,0.0
1784196723,4,"KEYED PROCESS, Train->Infer, _stream_key_by_map_operator",2,busyTimeMsPerSecond,267.0
1784196723,4,"KEYED PROCESS, Train->Infer, _stream_key_by_map_operator",2,numRecordsOutPerSecond,33.333333333333336
1784196723,4,"KEYED PROCESS, Train->Infer, _stream_key_by_map_operator",2,idleTimeMsPerSecond,733.0
1784196723,4,"KEYED PROCESS, Train->Infer, _stream_key_by_map_operator",2,numRecordsOut,36575.0
1784196723,4,"KEYED PROCESS, Train->Infer, _stream_key_by_map_operator",2,numRecordsIn,148.0
1784196723,4,"KEYED PROCESS, Train->Infer, _stream_key_by_map_operator",2,numRecordsInPerSecond,0.06666666666666667
1784196723,4,"KEYED PROCESS, Train->Infer, _stream_key_by_map_operator",2,backPressuredTimeMsPerSecond,0.0
1784196723,4,"KEYED PROCESS, Train->Infer, _stream_key_by_map_operator",3,busyTimeMsPerSecond,390.0
1784196723,4,"KEYED PROCESS, Train->Infer, _stream_key_by_map_operator",3,numRecordsOutPerSecond,41.666666666666664
1784196723,4,"KEYED PROCESS, Train->Infer, _stream_key_by_map_operator",3,idleTimeMsPerSecond,610.0
1784196723,4,"KEYED PROCESS, Train->Infer, _stream_key_by_map_operator",3,numRecordsOut,40530.0
1784196723,4,"KEYED PROCESS, Train->Infer, _stream_key_by_map_operator",3,numRecordsIn,112.0
1784196723,4,"KEYED PROCESS, Train->Infer, _stream_key_by_map_operator",3,numRecordsInPerSecond,0.1
1784196723,4,"KEYED PROCESS, Train->Infer, _stream_key_by_map_operator",3,backPressuredTimeMsPerSecond,0.0
1784196723,4,"Infer->Rank, Rank->Filter, Filter -> Sink: Writer -> Sink: Committer",0,busyTimeMsPerSecond,1000.0
1784196723,4,"Infer->Rank, Rank->Filter, Filter -> Sink: Writer -> Sink: Committer",0,numRecordsOutPerSecond,63.833333333333336
1784196723,4,"Infer->Rank, Rank->Filter, Filter -> Sink: Writer -> Sink: Committer",0,idleTimeMsPerSecond,0.0
1784196723,4,"Infer->Rank, Rank->Filter, Filter -> Sink: Writer -> Sink: Committer",0,numRecordsOut,41990.0
1784196723,4,"Infer->Rank, Rank->Filter, Filter -> Sink: Writer -> Sink: Committer",0,numRecordsIn,44304.0
1784196723,4,"Infer->Rank, Rank->Filter, Filter -> Sink: Writer -> Sink: Committer",0,numRecordsInPerSecond,74.98333333333333
1784196723,4,"Infer->Rank, Rank->Filter, Filter -> Sink: Writer -> Sink: Committer",0,backPressuredTimeMsPerSecond,0.0
1784196723,4,"Infer->Rank, Rank->Filter, Filter -> Sink: Writer -> Sink: Committer",1,busyTimeMsPerSecond,527.0
1784196723,4,"Infer->Rank, Rank->Filter, Filter -> Sink: Writer -> Sink: Committer",1,numRecordsOutPerSecond,33.333333333333336
1784196723,4,"Infer->Rank, Rank->Filter, Filter -> Sink: Writer -> Sink: Committer",1,idleTimeMsPerSecond,473.0
1784196723,4,"Infer->Rank, Rank->Filter, Filter -> Sink: Writer -> Sink: Committer",1,numRecordsOut,35500.0
1784196723,4,"Infer->Rank, Rank->Filter, Filter -> Sink: Writer -> Sink: Committer",1,numRecordsIn,37015.0
1784196723,4,"Infer->Rank, Rank->Filter, Filter -> Sink: Writer -> Sink: Committer",1,numRecordsInPerSecond,41.666666666666664
1784196723,4,"Infer->Rank, Rank->Filter, Filter -> Sink: Writer -> Sink: Committer",1,backPressuredTimeMsPerSecond,0.0
1784196723,4,"Infer->Rank, Rank->Filter, Filter -> Sink: Writer -> Sink: Committer",2,busyTimeMsPerSecond,278.0
1784196723,4,"Infer->Rank, Rank->Filter, Filter -> Sink: Writer -> Sink: Committer",2,numRecordsOutPerSecond,26.833333333333332
1784196723,4,"Infer->Rank, Rank->Filter, Filter -> Sink: Writer -> Sink: Committer",2,idleTimeMsPerSecond,722.0
1784196723,4,"Infer->Rank, Rank->Filter, Filter -> Sink: Writer -> Sink: Committer",2,numRecordsOut,34500.0
1784196723,4,"Infer->Rank, Rank->Filter, Filter -> Sink: Writer -> Sink: Committer",2,numRecordsIn,36575.0
1784196723,4,"Infer->Rank, Rank->Filter, Filter -> Sink: Writer -> Sink: Committer",2,numRecordsInPerSecond,26.816666666666666
1784196723,4,"Infer->Rank, Rank->Filter, Filter -> Sink: Writer -> Sink: Committer",2,backPressuredTimeMsPerSecond,0.0
1784196723,4,"Infer->Rank, Rank->Filter, Filter -> Sink: Writer -> Sink: Committer",3,busyTimeMsPerSecond,853.0
1784196723,4,"Infer->Rank, Rank->Filter, Filter -> Sink: Writer -> Sink: Committer",3,numRecordsOutPerSecond,65.0
1784196723,4,"Infer->Rank, Rank->Filter, Filter -> Sink: Writer -> Sink: Committer",3,idleTimeMsPerSecond,147.0
1784196723,4,"Infer->Rank, Rank->Filter, Filter -> Sink: Writer -> Sink: Committer",3,numRecordsOut,39500.0
1784196723,4,"Infer->Rank, Rank->Filter, Filter -> Sink: Writer -> Sink: Committer",3,numRecordsIn,41530.0
1784196723,4,"Infer->Rank, Rank->Filter, Filter -> Sink: Writer -> Sink: Committer",3,numRecordsInPerSecond,73.16666666666667
1784196723,4,"Infer->Rank, Rank->Filter, Filter -> Sink: Writer -> Sink: Committer",3,backPressuredTimeMsPerSecond,0.0
1784196738,4,"Source: Source-data -> LoadJSON, Parse, _stream_key_by_map_operator",0,busyTimeMsPerSecond,0.0
1784196738,4,"Source: Source-data -> LoadJSON, Parse, _stream_key_by_map_operator",0,numRecordsOutPerSecond,0.0
1784196738,4,"Source: Source-data -> LoadJSON, Parse, _stream_key_by_map_operator",0,idleTimeMsPerSecond,0.0
1784196738,4,"Source: Source-data -> LoadJSON, Parse, _stream_key_by_map_operator",0,numRecordsOut,5048.0
1784196738,4,"Source: Source-data -> LoadJSON, Parse, _stream_key_by_map_operator",0,numRecordsIn,5048.0
1784196738,4,"Source: Source-data -> LoadJSON, Parse, _stream_key_by_map_operator",0,numRecordsInPerSecond,0.0
1784196738,4,"Source: Source-data -> LoadJSON, Parse, _stream_key_by_map_operator",0,backPressuredTimeMsPerSecond,1000.0
1784196738,4,"Source: Source-data -> LoadJSON, Parse, _stream_key_by_map_operator",1,busyTimeMsPerSecond,0.0
1784196738,4,"Source: Source-data -> LoadJSON, Parse, _stream_key_by_map_operator",1,numRecordsOutPerSecond,0.0
1784196738,4,"Source: Source-data -> LoadJSON, Parse, _stream_key_by_map_operator",1,idleTimeMsPerSecond,0.0
1784196738,4,"Source: Source-data -> LoadJSON, Parse, _stream_key_by_map_operator",1,numRecordsOut,5537.0
1784196738,4,"Source: Source-data -> LoadJSON, Parse, _stream_key_by_map_operator",1,numRecordsIn,5537.0
1784196738,4,"Source: Source-data -> LoadJSON, Parse, _stream_key_by_map_operator",1,numRecordsInPerSecond,0.0
1784196738,4,"Source: Source-data -> LoadJSON, Parse, _stream_key_by_map_operator",1,backPressuredTimeMsPerSecond,1000.0
1784196738,4,"Source: Source-data -> LoadJSON, Parse, _stream_key_by_map_operator",2,busyTimeMsPerSecond,0.0
1784196738,4,"Source: Source-data -> LoadJSON, Parse, _stream_key_by_map_operator",2,numRecordsOutPerSecond,0.0
1784196738,4,"Source: Source-data -> LoadJSON, Parse, _stream_key_by_map_operator",2,idleTimeMsPerSecond,0.0
1784196738,4,"Source: Source-data -> LoadJSON, Parse, _stream_key_by_map_operator",2,numRecordsOut,5381.0
1784196738,4,"Source: Source-data -> LoadJSON, Parse, _stream_key_by_map_operator",2,numRecordsIn,5381.0
1784196738,4,"Source: Source-data -> LoadJSON, Parse, _stream_key_by_map_operator",2,numRecordsInPerSecond,0.0
1784196738,4,"Source: Source-data -> LoadJSON, Parse, _stream_key_by_map_operator",2,backPressuredTimeMsPerSecond,1000.0
1784196738,4,"Source: Source-data -> LoadJSON, Parse, _stream_key_by_map_operator",3,busyTimeMsPerSecond,1.0
1784196738,4,"Source: Source-data -> LoadJSON, Parse, _stream_key_by_map_operator",3,numRecordsOutPerSecond,0.0
1784196738,4,"Source: Source-data -> LoadJSON, Parse, _stream_key_by_map_operator",3,idleTimeMsPerSecond,0.0
1784196738,4,"Source: Source-data -> LoadJSON, Parse, _stream_key_by_map_operator",3,numRecordsOut,5536.0
1784196738,4,"Source: Source-data -> LoadJSON, Parse, _stream_key_by_map_operator",3,numRecordsIn,5536.0
1784196738,4,"Source: Source-data -> LoadJSON, Parse, _stream_key_by_map_operator",3,numRecordsInPerSecond,0.0
1784196738,4,"Source: Source-data -> LoadJSON, Parse, _stream_key_by_map_operator",3,backPressuredTimeMsPerSecond,999.0
1784196738,4,"KEYED PROCESS, Parse->Train, _stream_key_by_map_operator",0,busyTimeMsPerSecond,159.0
1784196738,4,"KEYED PROCESS, Parse->Train, _stream_key_by_map_operator",0,numRecordsOutPerSecond,0.05
1784196738,4,"KEYED PROCESS, Parse->Train, _stream_key_by_map_operator",0,idleTimeMsPerSecond,0.0
1784196738,4,"KEYED PROCESS, Parse->Train, _stream_key_by_map_operator",0,numRecordsOut,195.0
1784196738,4,"KEYED PROCESS, Parse->Train, _stream_key_by_map_operator",0,numRecordsIn,196.0
1784196738,4,"KEYED PROCESS, Parse->Train, _stream_key_by_map_operator",0,numRecordsInPerSecond,0.05
1784196738,4,"KEYED PROCESS, Parse->Train, _stream_key_by_map_operator",0,backPressuredTimeMsPerSecond,841.0
1784196738,4,"KEYED PROCESS, Parse->Train, _stream_key_by_map_operator",1,busyTimeMsPerSecond,196.0
1784196738,4,"KEYED PROCESS, Parse->Train, _stream_key_by_map_operator",1,numRecordsOutPerSecond,0.06666666666666667
1784196738,4,"KEYED PROCESS, Parse->Train, _stream_key_by_map_operator",1,idleTimeMsPerSecond,0.0
1784196738,4,"KEYED PROCESS, Parse->Train, _stream_key_by_map_operator",1,numRecordsOut,99.0
1784196738,4,"KEYED PROCESS, Parse->Train, _stream_key_by_map_operator",1,numRecordsIn,100.0
1784196738,4,"KEYED PROCESS, Parse->Train, _stream_key_by_map_operator",1,numRecordsInPerSecond,0.06666666666666667
1784196738,4,"KEYED PROCESS, Parse->Train, _stream_key_by_map_operator",1,backPressuredTimeMsPerSecond,804.0
1784196738,4,"KEYED PROCESS, Parse->Train, _stream_key_by_map_operator",2,busyTimeMsPerSecond,397.0
1784196738,4,"KEYED PROCESS, Parse->Train, _stream_key_by_map_operator",2,numRecordsOutPerSecond,0.15
1784196738,4,"KEYED PROCESS, Parse->Train, _stream_key_by_map_operator",2,idleTimeMsPerSecond,0.0
1784196738,4,"KEYED PROCESS, Parse->Train, _stream_key_by_map_operator",2,numRecordsOut,156.0
1784196738,4,"KEYED PROCESS, Parse->Train, _stream_key_by_map_operator",2,numRecordsIn,157.0
1784196738,4,"KEYED PROCESS, Parse->Train, _stream_key_by_map_operator",2,numRecordsInPerSecond,0.15
1784196738,4,"KEYED PROCESS, Parse->Train, _stream_key_by_map_operator",2,backPressuredTimeMsPerSecond,603.0
1784196738,4,"KEYED PROCESS, Parse->Train, _stream_key_by_map_operator",3,busyTimeMsPerSecond,266.0
1784196738,4,"KEYED PROCESS, Parse->Train, _stream_key_by_map_operator",3,numRecordsOutPerSecond,0.06666666666666667
1784196738,4,"KEYED PROCESS, Parse->Train, _stream_key_by_map_operator",3,idleTimeMsPerSecond,0.0
1784196738,4,"KEYED PROCESS, Parse->Train, _stream_key_by_map_operator",3,numRecordsOut,115.0
1784196738,4,"KEYED PROCESS, Parse->Train, _stream_key_by_map_operator",3,numRecordsIn,116.0
1784196738,4,"KEYED PROCESS, Parse->Train, _stream_key_by_map_operator",3,numRecordsInPerSecond,0.06666666666666667
1784196738,4,"KEYED PROCESS, Parse->Train, _stream_key_by_map_operator",3,backPressuredTimeMsPerSecond,734.0
1784196738,4,"KEYED PROCESS, Train->Infer, _stream_key_by_map_operator",0,busyTimeMsPerSecond,514.0
1784196738,4,"KEYED PROCESS, Train->Infer, _stream_key_by_map_operator",0,numRecordsOutPerSecond,66.66666666666667
1784196738,4,"KEYED PROCESS, Train->Infer, _stream_key_by_map_operator",0,idleTimeMsPerSecond,0.0
1784196738,4,"KEYED PROCESS, Train->Infer, _stream_key_by_map_operator",0,numRecordsOut,48120.0
1784196738,4,"KEYED PROCESS, Train->Infer, _stream_key_by_map_operator",0,numRecordsIn,217.0
1784196738,4,"KEYED PROCESS, Train->Infer, _stream_key_by_map_operator",0,numRecordsInPerSecond,0.15
1784196738,4,"KEYED PROCESS, Train->Infer, _stream_key_by_map_operator",0,backPressuredTimeMsPerSecond,486.0
1784196738,4,"KEYED PROCESS, Train->Infer, _stream_key_by_map_operator",1,busyTimeMsPerSecond,561.0
1784196738,4,"KEYED PROCESS, Train->Infer, _stream_key_by_map_operator",1,numRecordsOutPerSecond,58.333333333333336
1784196738,4,"KEYED PROCESS, Train->Infer, _stream_key_by_map_operator",1,idleTimeMsPerSecond,439.0
1784196738,4,"KEYED PROCESS, Train->Infer, _stream_key_by_map_operator",1,numRecordsOut,38015.0
1784196738,4,"KEYED PROCESS, Train->Infer, _stream_key_by_map_operator",1,numRecordsIn,92.0
1784196738,4,"KEYED PROCESS, Train->Infer, _stream_key_by_map_operator",1,numRecordsInPerSecond,0.13333333333333333
1784196738,4,"KEYED PROCESS, Train->Infer, _stream_key_by_map_operator",1,backPressuredTimeMsPerSecond,0.0
1784196738,4,"KEYED PROCESS, Train->Infer, _stream_key_by_map_operator",2,busyTimeMsPerSecond,292.0
1784196738,4,"KEYED PROCESS, Train->Infer, _stream_key_by_map_operator",2,numRecordsOutPerSecond,33.333333333333336
1784196738,4,"KEYED PROCESS, Train->Infer, _stream_key_by_map_operator",2,idleTimeMsPerSecond,708.0
1784196738,4,"KEYED PROCESS, Train->Infer, _stream_key_by_map_operator",2,numRecordsOut,37575.0
1784196738,4,"KEYED PROCESS, Train->Infer, _stream_key_by_map_operator",2,numRecordsIn,150.0
1784196738,4,"KEYED PROCESS, Train->Infer, _stream_key_by_map_operator",2,numRecordsInPerSecond,0.06666666666666667
1784196738,4,"KEYED PROCESS, Train->Infer, _stream_key_by_map_operator",2,backPressuredTimeMsPerSecond,0.0
1784196738,4,"KEYED PROCESS, Train->Infer, _stream_key_by_map_operator",3,busyTimeMsPerSecond,532.0
1784196738,4,"KEYED PROCESS, Train->Infer, _stream_key_by_map_operator",3,numRecordsOutPerSecond,66.66666666666667
1784196738,4,"KEYED PROCESS, Train->Infer, _stream_key_by_map_operator",3,idleTimeMsPerSecond,468.0
1784196738,4,"KEYED PROCESS, Train->Infer, _stream_key_by_map_operator",3,numRecordsOut,42530.0
1784196738,4,"KEYED PROCESS, Train->Infer, _stream_key_by_map_operator",3,numRecordsIn,115.0
1784196738,4,"KEYED PROCESS, Train->Infer, _stream_key_by_map_operator",3,numRecordsInPerSecond,0.13333333333333333
1784196738,4,"KEYED PROCESS, Train->Infer, _stream_key_by_map_operator",3,backPressuredTimeMsPerSecond,0.0
1784196738,4,"Infer->Rank, Rank->Filter, Filter -> Sink: Writer -> Sink: Committer",0,busyTimeMsPerSecond,1000.0
1784196738,4,"Infer->Rank, Rank->Filter, Filter -> Sink: Writer -> Sink: Committer",0,numRecordsOutPerSecond,45.166666666666664
1784196738,4,"Infer->Rank, Rank->Filter, Filter -> Sink: Writer -> Sink: Committer",0,idleTimeMsPerSecond,0.0
1784196738,4,"Infer->Rank, Rank->Filter, Filter -> Sink: Writer -> Sink: Committer",0,numRecordsOut,42080.0
1784196738,4,"Infer->Rank, Rank->Filter, Filter -> Sink: Writer -> Sink: Committer",0,numRecordsIn,45213.0
1784196738,4,"Infer->Rank, Rank->Filter, Filter -> Sink: Writer -> Sink: Committer",0,numRecordsInPerSecond,70.18333333333334
1784196738,4,"Infer->Rank, Rank->Filter, Filter -> Sink: Writer -> Sink: Committer",0,backPressuredTimeMsPerSecond,0.0
1784196738,4,"Infer->Rank, Rank->Filter, Filter -> Sink: Writer -> Sink: Committer",1,busyTimeMsPerSecond,643.0
1784196738,4,"Infer->Rank, Rank->Filter, Filter -> Sink: Writer -> Sink: Committer",1,numRecordsOutPerSecond,40.666666666666664
1784196738,4,"Infer->Rank, Rank->Filter, Filter -> Sink: Writer -> Sink: Committer",1,idleTimeMsPerSecond,357.0
1784196738,4,"Infer->Rank, Rank->Filter, Filter -> Sink: Writer -> Sink: Committer",1,numRecordsOut,35960.0
1784196738,4,"Infer->Rank, Rank->Filter, Filter -> Sink: Writer -> Sink: Committer",1,numRecordsIn,37476.0
1784196738,4,"Infer->Rank, Rank->Filter, Filter -> Sink: Writer -> Sink: Committer",1,numRecordsInPerSecond,49.15
1784196738,4,"Infer->Rank, Rank->Filter, Filter -> Sink: Writer -> Sink: Committer",1,backPressuredTimeMsPerSecond,0.0
1784196738,4,"Infer->Rank, Rank->Filter, Filter -> Sink: Writer -> Sink: Committer",2,busyTimeMsPerSecond,337.0
1784196738,4,"Infer->Rank, Rank->Filter, Filter -> Sink: Writer -> Sink: Committer",2,numRecordsOutPerSecond,22.166666666666668
1784196738,4,"Infer->Rank, Rank->Filter, Filter -> Sink: Writer -> Sink: Committer",2,idleTimeMsPerSecond,663.0
1784196738,4,"Infer->Rank, Rank->Filter, Filter -> Sink: Writer -> Sink: Committer",2,numRecordsOut,34830.0
1784196738,4,"Infer->Rank, Rank->Filter, Filter -> Sink: Writer -> Sink: Committer",2,numRecordsIn,36912.0
1784196738,4,"Infer->Rank, Rank->Filter, Filter -> Sink: Writer -> Sink: Committer",2,numRecordsInPerSecond,22.216666666666665
1784196738,4,"Infer->Rank, Rank->Filter, Filter -> Sink: Writer -> Sink: Committer",2,backPressuredTimeMsPerSecond,0.0
1784196738,4,"Infer->Rank, Rank->Filter, Filter -> Sink: Writer -> Sink: Committer",3,busyTimeMsPerSecond,748.0
1784196738,4,"Infer->Rank, Rank->Filter, Filter -> Sink: Writer -> Sink: Committer",3,numRecordsOutPerSecond,45.833333333333336
1784196738,4,"Infer->Rank, Rank->Filter, Filter -> Sink: Writer -> Sink: Committer",3,idleTimeMsPerSecond,252.0
1784196738,4,"Infer->Rank, Rank->Filter, Filter -> Sink: Writer -> Sink: Committer",3,numRecordsOut,39770.0
1784196738,4,"Infer->Rank, Rank->Filter, Filter -> Sink: Writer -> Sink: Committer",3,numRecordsIn,42310.0
1784196738,4,"Infer->Rank, Rank->Filter, Filter -> Sink: Writer -> Sink: Committer",3,numRecordsInPerSecond,62.583333333333336
1784196738,4,"Infer->Rank, Rank->Filter, Filter -> Sink: Writer -> Sink: Committer",3,backPressuredTimeMsPerSecond,0.0
1784196753,4,"Source: Source-data -> LoadJSON, Parse, _stream_key_by_map_operator",0,busyTimeMsPerSecond,0.0
1784196753,4,"Source: Source-data -> LoadJSON, Parse, _stream_key_by_map_operator",0,numRecordsOutPerSecond,0.0
1784196753,4,"Source: Source-data -> LoadJSON, Parse, _stream_key_by_map_operator",0,idleTimeMsPerSecond,0.0
1784196753,4,"Source: Source-data -> LoadJSON, Parse, _stream_key_by_map_operator",0,numRecordsOut,5048.0
1784196753,4,"Source: Source-data -> LoadJSON, Parse, _stream_key_by_map_operator",0,numRecordsIn,5048.0
1784196753,4,"Source: Source-data -> LoadJSON, Parse, _stream_key_by_map_operator",0,numRecordsInPerSecond,0.0
1784196753,4,"Source: Source-data -> LoadJSON, Parse, _stream_key_by_map_operator",0,backPressuredTimeMsPerSecond,1000.0
1784196753,4,"Source: Source-data -> LoadJSON, Parse, _stream_key_by_map_operator",1,busyTimeMsPerSecond,0.0
1784196753,4,"Source: Source-data -> LoadJSON, Parse, _stream_key_by_map_operator",1,numRecordsOutPerSecond,0.0
1784196753,4,"Source: Source-data -> LoadJSON, Parse, _stream_key_by_map_operator",1,idleTimeMsPerSecond,0.0
1784196753,4,"Source: Source-data -> LoadJSON, Parse, _stream_key_by_map_operator",1,numRecordsOut,5537.0
1784196753,4,"Source: Source-data -> LoadJSON, Parse, _stream_key_by_map_operator",1,numRecordsIn,5537.0
1784196753,4,"Source: Source-data -> LoadJSON, Parse, _stream_key_by_map_operator",1,numRecordsInPerSecond,0.0
1784196753,4,"Source: Source-data -> LoadJSON, Parse, _stream_key_by_map_operator",1,backPressuredTimeMsPerSecond,1000.0
1784196753,4,"Source: Source-data -> LoadJSON, Parse, _stream_key_by_map_operator",2,busyTimeMsPerSecond,0.0
1784196753,4,"Source: Source-data -> LoadJSON, Parse, _stream_key_by_map_operator",2,numRecordsOutPerSecond,0.0
1784196753,4,"Source: Source-data -> LoadJSON, Parse, _stream_key_by_map_operator",2,idleTimeMsPerSecond,0.0
1784196753,4,"Source: Source-data -> LoadJSON, Parse, _stream_key_by_map_operator",2,numRecordsOut,5381.0
1784196753,4,"Source: Source-data -> LoadJSON, Parse, _stream_key_by_map_operator",2,numRecordsIn,5381.0
1784196753,4,"Source: Source-data -> LoadJSON, Parse, _stream_key_by_map_operator",2,numRecordsInPerSecond,0.0
1784196753,4,"Source: Source-data -> LoadJSON, Parse, _stream_key_by_map_operator",2,backPressuredTimeMsPerSecond,1000.0
1784196753,4,"Source: Source-data -> LoadJSON, Parse, _stream_key_by_map_operator",3,busyTimeMsPerSecond,0.0
1784196753,4,"Source: Source-data -> LoadJSON, Parse, _stream_key_by_map_operator",3,numRecordsOutPerSecond,0.0
1784196753,4,"Source: Source-data -> LoadJSON, Parse, _stream_key_by_map_operator",3,idleTimeMsPerSecond,0.0
1784196753,4,"Source: Source-data -> LoadJSON, Parse, _stream_key_by_map_operator",3,numRecordsOut,5536.0
1784196753,4,"Source: Source-data -> LoadJSON, Parse, _stream_key_by_map_operator",3,numRecordsIn,5536.0
1784196753,4,"Source: Source-data -> LoadJSON, Parse, _stream_key_by_map_operator",3,numRecordsInPerSecond,0.0
1784196753,4,"Source: Source-data -> LoadJSON, Parse, _stream_key_by_map_operator",3,backPressuredTimeMsPerSecond,1000.0
1784196753,4,"KEYED PROCESS, Parse->Train, _stream_key_by_map_operator",0,busyTimeMsPerSecond,314.0
1784196753,4,"KEYED PROCESS, Parse->Train, _stream_key_by_map_operator",0,numRecordsOutPerSecond,0.1
1784196753,4,"KEYED PROCESS, Parse->Train, _stream_key_by_map_operator",0,idleTimeMsPerSecond,0.0
1784196753,4,"KEYED PROCESS, Parse->Train, _stream_key_by_map_operator",0,numRecordsOut,198.0
1784196753,4,"KEYED PROCESS, Parse->Train, _stream_key_by_map_operator",0,numRecordsIn,199.0
1784196753,4,"KEYED PROCESS, Parse->Train, _stream_key_by_map_operator",0,numRecordsInPerSecond,0.1
1784196753,4,"KEYED PROCESS, Parse->Train, _stream_key_by_map_operator",0,backPressuredTimeMsPerSecond,686.0
1784196753,4,"KEYED PROCESS, Parse->Train, _stream_key_by_map_operator",1,busyTimeMsPerSecond,298.0
1784196753,4,"KEYED PROCESS, Parse->Train, _stream_key_by_map_operator",1,numRecordsOutPerSecond,0.1
1784196753,4,"KEYED PROCESS, Parse->Train, _stream_key_by_map_operator",1,idleTimeMsPerSecond,0.0
1784196753,4,"KEYED PROCESS, Parse->Train, _stream_key_by_map_operator",1,numRecordsOut,101.0
1784196753,4,"KEYED PROCESS, Parse->Train, _stream_key_by_map_operator",1,numRecordsIn,102.0
1784196753,4,"KEYED PROCESS, Parse->Train, _stream_key_by_map_operator",1,numRecordsInPerSecond,0.1
1784196753,4,"KEYED PROCESS, Parse->Train, _stream_key_by_map_operator",1,backPressuredTimeMsPerSecond,702.0
1784196753,4,"KEYED PROCESS, Parse->Train, _stream_key_by_map_operator",2,busyTimeMsPerSecond,582.0
1784196753,4,"KEYED PROCESS, Parse->Train, _stream_key_by_map_operator",2,numRecordsOutPerSecond,0.21666666666666667
1784196753,4,"KEYED PROCESS, Parse->Train, _stream_key_by_map_operator",2,idleTimeMsPerSecond,0.0
1784196753,4,"KEYED PROCESS, Parse->Train, _stream_key_by_map_operator",2,numRecordsOut,160.0
1784196753,4,"KEYED PROCESS, Parse->Train, _stream_key_by_map_operator",2,numRecordsIn,161.0
1784196753,4,"KEYED PROCESS, Parse->Train, _stream_key_by_map_operator",2,numRecordsInPerSecond,0.21666666666666667
1784196753,4,"KEYED PROCESS, Parse->Train, _stream_key_by_map_operator",2,backPressuredTimeMsPerSecond,418.0
1784196753,4,"KEYED PROCESS, Parse->Train, _stream_key_by_map_operator",3,busyTimeMsPerSecond,305.0
1784196753,4,"KEYED PROCESS, Parse->Train, _stream_key_by_map_operator",3,numRecordsOutPerSecond,0.1
1784196753,4,"KEYED PROCESS, Parse->Train, _stream_key_by_map_operator",3,idleTimeMsPerSecond,0.0
1784196753,4,"KEYED PROCESS, Parse->Train, _stream_key_by_map_operator",3,numRecordsOut,117.0
1784196753,4,"KEYED PROCESS, Parse->Train, _stream_key_by_map_operator",3,numRecordsIn,118.0
1784196753,4,"KEYED PROCESS, Parse->Train, _stream_key_by_map_operator",3,numRecordsInPerSecond,0.1
1784196753,4,"KEYED PROCESS, Parse->Train, _stream_key_by_map_operator",3,backPressuredTimeMsPerSecond,695.0
1784196753,4,"KEYED PROCESS, Train->Infer, _stream_key_by_map_operator",0,busyTimeMsPerSecond,514.0
1784196753,4,"KEYED PROCESS, Train->Infer, _stream_key_by_map_operator",0,numRecordsOutPerSecond,66.66666666666667
1784196753,4,"KEYED PROCESS, Train->Infer, _stream_key_by_map_operator",0,idleTimeMsPerSecond,0.0
1784196753,4,"KEYED PROCESS, Train->Infer, _stream_key_by_map_operator",0,numRecordsOut,48120.0
1784196753,4,"KEYED PROCESS, Train->Infer, _stream_key_by_map_operator",0,numRecordsIn,217.0
1784196753,4,"KEYED PROCESS, Train->Infer, _stream_key_by_map_operator",0,numRecordsInPerSecond,0.15
1784196753,4,"KEYED PROCESS, Train->Infer, _stream_key_by_map_operator",0,backPressuredTimeMsPerSecond,486.0
1784196753,4,"KEYED PROCESS, Train->Infer, _stream_key_by_map_operator",1,busyTimeMsPerSecond,561.0
1784196753,4,"KEYED PROCESS, Train->Infer, _stream_key_by_map_operator",1,numRecordsOutPerSecond,58.333333333333336
1784196753,4,"KEYED PROCESS, Train->Infer, _stream_key_by_map_operator",1,idleTimeMsPerSecond,439.0
1784196753,4,"KEYED PROCESS, Train->Infer, _stream_key_by_map_operator",1,numRecordsOut,38015.0
1784196753,4,"KEYED PROCESS, Train->Infer, _stream_key_by_map_operator",1,numRecordsIn,92.0
1784196753,4,"KEYED PROCESS, Train->Infer, _stream_key_by_map_operator",1,numRecordsInPerSecond,0.13333333333333333
1784196753,4,"KEYED PROCESS, Train->Infer, _stream_key_by_map_operator",1,backPressuredTimeMsPerSecond,0.0
1784196753,4,"KEYED PROCESS, Train->Infer, _stream_key_by_map_operator",2,busyTimeMsPerSecond,292.0
1784196753,4,"KEYED PROCESS, Train->Infer, _stream_key_by_map_operator",2,numRecordsOutPerSecond,33.333333333333336
1784196753,4,"KEYED PROCESS, Train->Infer, _stream_key_by_map_operator",2,idleTimeMsPerSecond,708.0
1784196753,4,"KEYED PROCESS, Train->Infer, _stream_key_by_map_operator",2,numRecordsOut,37575.0
1784196753,4,"KEYED PROCESS, Train->Infer, _stream_key_by_map_operator",2,numRecordsIn,150.0
1784196753,4,"KEYED PROCESS, Train->Infer, _stream_key_by_map_operator",2,numRecordsInPerSecond,0.06666666666666667
1784196753,4,"KEYED PROCESS, Train->Infer, _stream_key_by_map_operator",2,backPressuredTimeMsPerSecond,0.0
1784196753,4,"KEYED PROCESS, Train->Infer, _stream_key_by_map_operator",3,busyTimeMsPerSecond,348.0
1784196753,4,"KEYED PROCESS, Train->Infer, _stream_key_by_map_operator",3,numRecordsOutPerSecond,50.0
1784196753,4,"KEYED PROCESS, Train->Infer, _stream_key_by_map_operator",3,idleTimeMsPerSecond,652.0
1784196753,4,"KEYED PROCESS, Train->Infer, _stream_key_by_map_operator",3,numRecordsOut,42530.0
1784196753,4,"KEYED PROCESS, Train->Infer, _stream_key_by_map_operator",3,numRecordsIn,115.0
1784196753,4,"KEYED PROCESS, Train->Infer, _stream_key_by_map_operator",3,numRecordsInPerSecond,0.08333333333333333
1784196753,4,"KEYED PROCESS, Train->Infer, _stream_key_by_map_operator",3,backPressuredTimeMsPerSecond,0.0
1784196753,4,"Infer->Rank, Rank->Filter, Filter -> Sink: Writer -> Sink: Committer",0,busyTimeMsPerSecond,1000.0
1784196753,4,"Infer->Rank, Rank->Filter, Filter -> Sink: Writer -> Sink: Committer",0,numRecordsOutPerSecond,47.166666666666664
1784196753,4,"Infer->Rank, Rank->Filter, Filter -> Sink: Writer -> Sink: Committer",0,idleTimeMsPerSecond,0.0
1784196753,4,"Infer->Rank, Rank->Filter, Filter -> Sink: Writer -> Sink: Committer",0,numRecordsOut,42630.0
1784196753,4,"Infer->Rank, Rank->Filter, Filter -> Sink: Writer -> Sink: Committer",0,numRecordsIn,46264.0
1784196753,4,"Infer->Rank, Rank->Filter, Filter -> Sink: Writer -> Sink: Committer",0,numRecordsInPerSecond,72.16666666666667
1784196753,4,"Infer->Rank, Rank->Filter, Filter -> Sink: Writer -> Sink: Committer",0,backPressuredTimeMsPerSecond,0.0
1784196753,4,"Infer->Rank, Rank->Filter, Filter -> Sink: Writer -> Sink: Committer",1,busyTimeMsPerSecond,644.0
1784196753,4,"Infer->Rank, Rank->Filter, Filter -> Sink: Writer -> Sink: Committer",1,numRecordsOutPerSecond,53.5
1784196753,4,"Infer->Rank, Rank->Filter, Filter -> Sink: Writer -> Sink: Committer",1,idleTimeMsPerSecond,356.0
1784196753,4,"Infer->Rank, Rank->Filter, Filter -> Sink: Writer -> Sink: Committer",1,numRecordsOut,37000.0
1784196753,4,"Infer->Rank, Rank->Filter, Filter -> Sink: Writer -> Sink: Committer",1,numRecordsIn,38515.0
1784196753,4,"Infer->Rank, Rank->Filter, Filter -> Sink: Writer -> Sink: Committer",1,numRecordsInPerSecond,61.666666666666664
1784196753,4,"Infer->Rank, Rank->Filter, Filter -> Sink: Writer -> Sink: Committer",1,backPressuredTimeMsPerSecond,0.0
1784196753,4,"Infer->Rank, Rank->Filter, Filter -> Sink: Writer -> Sink: Committer",2,busyTimeMsPerSecond,419.0
1784196753,4,"Infer->Rank, Rank->Filter, Filter -> Sink: Writer -> Sink: Committer",2,numRecordsOutPerSecond,33.333333333333336
1784196753,4,"Infer->Rank, Rank->Filter, Filter -> Sink: Writer -> Sink: Committer",2,idleTimeMsPerSecond,581.0
1784196753,4,"Infer->Rank, Rank->Filter, Filter -> Sink: Writer -> Sink: Committer",2,numRecordsOut,35500.0
1784196753,4,"Infer->Rank, Rank->Filter, Filter -> Sink: Writer -> Sink: Committer",2,numRecordsIn,37575.0
1784196753,4,"Infer->Rank, Rank->Filter, Filter -> Sink: Writer -> Sink: Committer",2,numRecordsInPerSecond,33.333333333333336
1784196753,4,"Infer->Rank, Rank->Filter, Filter -> Sink: Writer -> Sink: Committer",2,backPressuredTimeMsPerSecond,0.0
1784196753,4,"Infer->Rank, Rank->Filter, Filter -> Sink: Writer -> Sink: Committer",3,busyTimeMsPerSecond,659.0
1784196753,4,"Infer->Rank, Rank->Filter, Filter -> Sink: Writer -> Sink: Committer",3,numRecordsOutPerSecond,50.0
1784196753,4,"Infer->Rank, Rank->Filter, Filter -> Sink: Writer -> Sink: Committer",3,idleTimeMsPerSecond,341.0
1784196753,4,"Infer->Rank, Rank->Filter, Filter -> Sink: Writer -> Sink: Committer",3,numRecordsOut,40000.0
1784196753,4,"Infer->Rank, Rank->Filter, Filter -> Sink: Writer -> Sink: Committer",3,numRecordsIn,42530.0
1784196753,4,"Infer->Rank, Rank->Filter, Filter -> Sink: Writer -> Sink: Committer",3,numRecordsInPerSecond,60.483333333333334
1784196753,4,"Infer->Rank, Rank->Filter, Filter -> Sink: Writer -> Sink: Committer",3,backPressuredTimeMsPerSecond,0.0
1784196768,4,"Source: Source-data -> LoadJSON, Parse, _stream_key_by_map_operator",0,busyTimeMsPerSecond,0.0
1784196768,4,"Source: Source-data -> LoadJSON, Parse, _stream_key_by_map_operator",0,numRecordsOutPerSecond,0.0
1784196768,4,"Source: Source-data -> LoadJSON, Parse, _stream_key_by_map_operator",0,idleTimeMsPerSecond,0.0
1784196768,4,"Source: Source-data -> LoadJSON, Parse, _stream_key_by_map_operator",0,numRecordsOut,5048.0
1784196768,4,"Source: Source-data -> LoadJSON, Parse, _stream_key_by_map_operator",0,numRecordsIn,5048.0
1784196768,4,"Source: Source-data -> LoadJSON, Parse, _stream_key_by_map_operator",0,numRecordsInPerSecond,0.0
1784196768,4,"Source: Source-data -> LoadJSON, Parse, _stream_key_by_map_operator",0,backPressuredTimeMsPerSecond,1000.0
1784196768,4,"Source: Source-data -> LoadJSON, Parse, _stream_key_by_map_operator",1,busyTimeMsPerSecond,0.0
1784196768,4,"Source: Source-data -> LoadJSON, Parse, _stream_key_by_map_operator",1,numRecordsOutPerSecond,0.0
1784196768,4,"Source: Source-data -> LoadJSON, Parse, _stream_key_by_map_operator",1,idleTimeMsPerSecond,0.0
1784196768,4,"Source: Source-data -> LoadJSON, Parse, _stream_key_by_map_operator",1,numRecordsOut,5537.0
1784196768,4,"Source: Source-data -> LoadJSON, Parse, _stream_key_by_map_operator",1,numRecordsIn,5537.0
1784196768,4,"Source: Source-data -> LoadJSON, Parse, _stream_key_by_map_operator",1,numRecordsInPerSecond,0.0
1784196768,4,"Source: Source-data -> LoadJSON, Parse, _stream_key_by_map_operator",1,backPressuredTimeMsPerSecond,1000.0
1784196768,4,"Source: Source-data -> LoadJSON, Parse, _stream_key_by_map_operator",2,busyTimeMsPerSecond,0.0
1784196768,4,"Source: Source-data -> LoadJSON, Parse, _stream_key_by_map_operator",2,numRecordsOutPerSecond,0.0
1784196768,4,"Source: Source-data -> LoadJSON, Parse, _stream_key_by_map_operator",2,idleTimeMsPerSecond,0.0
1784196768,4,"Source: Source-data -> LoadJSON, Parse, _stream_key_by_map_operator",2,numRecordsOut,5381.0
1784196768,4,"Source: Source-data -> LoadJSON, Parse, _stream_key_by_map_operator",2,numRecordsIn,5381.0
1784196768,4,"Source: Source-data -> LoadJSON, Parse, _stream_key_by_map_operator",2,numRecordsInPerSecond,0.0
1784196768,4,"Source: Source-data -> LoadJSON, Parse, _stream_key_by_map_operator",2,backPressuredTimeMsPerSecond,1000.0
1784196768,4,"Source: Source-data -> LoadJSON, Parse, _stream_key_by_map_operator",3,busyTimeMsPerSecond,0.0
1784196768,4,"Source: Source-data -> LoadJSON, Parse, _stream_key_by_map_operator",3,numRecordsOutPerSecond,0.0
1784196768,4,"Source: Source-data -> LoadJSON, Parse, _stream_key_by_map_operator",3,idleTimeMsPerSecond,0.0
1784196768,4,"Source: Source-data -> LoadJSON, Parse, _stream_key_by_map_operator",3,numRecordsOut,5536.0
1784196768,4,"Source: Source-data -> LoadJSON, Parse, _stream_key_by_map_operator",3,numRecordsIn,5536.0
1784196768,4,"Source: Source-data -> LoadJSON, Parse, _stream_key_by_map_operator",3,numRecordsInPerSecond,0.0
1784196768,4,"Source: Source-data -> LoadJSON, Parse, _stream_key_by_map_operator",3,backPressuredTimeMsPerSecond,1000.0
1784196768,4,"KEYED PROCESS, Parse->Train, _stream_key_by_map_operator",0,busyTimeMsPerSecond,216.0
1784196768,4,"KEYED PROCESS, Parse->Train, _stream_key_by_map_operator",0,numRecordsOutPerSecond,0.06666666666666667
1784196768,4,"KEYED PROCESS, Parse->Train, _stream_key_by_map_operator",0,idleTimeMsPerSecond,0.0
1784196768,4,"KEYED PROCESS, Parse->Train, _stream_key_by_map_operator",0,numRecordsOut,198.0
1784196768,4,"KEYED PROCESS, Parse->Train, _stream_key_by_map_operator",0,numRecordsIn,199.0
1784196768,4,"KEYED PROCESS, Parse->Train, _stream_key_by_map_operator",0,numRecordsInPerSecond,0.06666666666666667
1784196768,4,"KEYED PROCESS, Parse->Train, _stream_key_by_map_operator",0,backPressuredTimeMsPerSecond,784.0
1784196768,4,"KEYED PROCESS, Parse->Train, _stream_key_by_map_operator",1,busyTimeMsPerSecond,148.0
1784196768,4,"KEYED PROCESS, Parse->Train, _stream_key_by_map_operator",1,numRecordsOutPerSecond,0.05
1784196768,4,"KEYED PROCESS, Parse->Train, _stream_key_by_map_operator",1,idleTimeMsPerSecond,0.0
1784196768,4,"KEYED PROCESS, Parse->Train, _stream_key_by_map_operator",1,numRecordsOut,101.0
1784196768,4,"KEYED PROCESS, Parse->Train, _stream_key_by_map_operator",1,numRecordsIn,102.0
1784196768,4,"KEYED PROCESS, Parse->Train, _stream_key_by_map_operator",1,numRecordsInPerSecond,0.05
1784196768,4,"KEYED PROCESS, Parse->Train, _stream_key_by_map_operator",1,backPressuredTimeMsPerSecond,852.0
1784196768,4,"KEYED PROCESS, Parse->Train, _stream_key_by_map_operator",2,busyTimeMsPerSecond,452.0
1784196768,4,"KEYED PROCESS, Parse->Train, _stream_key_by_map_operator",2,numRecordsOutPerSecond,0.16666666666666666
1784196768,4,"KEYED PROCESS, Parse->Train, _stream_key_by_map_operator",2,idleTimeMsPerSecond,0.0
1784196768,4,"KEYED PROCESS, Parse->Train, _stream_key_by_map_operator",2,numRecordsOut,160.0
1784196768,4,"KEYED PROCESS, Parse->Train, _stream_key_by_map_operator",2,numRecordsIn,161.0
1784196768,4,"KEYED PROCESS, Parse->Train, _stream_key_by_map_operator",2,numRecordsInPerSecond,0.16666666666666666
1784196768,4,"KEYED PROCESS, Parse->Train, _stream_key_by_map_operator",2,backPressuredTimeMsPerSecond,548.0
1784196768,4,"KEYED PROCESS, Parse->Train, _stream_key_by_map_operator",3,busyTimeMsPerSecond,179.0
1784196768,4,"KEYED PROCESS, Parse->Train, _stream_key_by_map_operator",3,numRecordsOutPerSecond,0.05
1784196768,4,"KEYED PROCESS, Parse->Train, _stream_key_by_map_operator",3,idleTimeMsPerSecond,0.0
1784196768,4,"KEYED PROCESS, Parse->Train, _stream_key_by_map_operator",3,numRecordsOut,117.0
1784196768,4,"KEYED PROCESS, Parse->Train, _stream_key_by_map_operator",3,numRecordsIn,118.0
1784196768,4,"KEYED PROCESS, Parse->Train, _stream_key_by_map_operator",3,numRecordsInPerSecond,0.05
1784196768,4,"KEYED PROCESS, Parse->Train, _stream_key_by_map_operator",3,backPressuredTimeMsPerSecond,821.0
1784196768,4,"KEYED PROCESS, Train->Infer, _stream_key_by_map_operator",0,busyTimeMsPerSecond,524.0
1784196768,4,"KEYED PROCESS, Train->Infer, _stream_key_by_map_operator",0,numRecordsOutPerSecond,75.0
1784196768,4,"KEYED PROCESS, Train->Infer, _stream_key_by_map_operator",0,idleTimeMsPerSecond,0.0
1784196768,4,"KEYED PROCESS, Train->Infer, _stream_key_by_map_operator",0,numRecordsOut,49620.0
1784196768,4,"KEYED PROCESS, Train->Infer, _stream_key_by_map_operator",0,numRecordsIn,219.0
1784196768,4,"KEYED PROCESS, Train->Infer, _stream_key_by_map_operator",0,numRecordsInPerSecond,0.15
1784196768,4,"KEYED PROCESS, Train->Infer, _stream_key_by_map_operator",0,backPressuredTimeMsPerSecond,476.0
1784196768,4,"KEYED PROCESS, Train->Infer, _stream_key_by_map_operator",1,busyTimeMsPerSecond,337.0
1784196768,4,"KEYED PROCESS, Train->Infer, _stream_key_by_map_operator",1,numRecordsOutPerSecond,41.666666666666664
1784196768,4,"KEYED PROCESS, Train->Infer, _stream_key_by_map_operator",1,idleTimeMsPerSecond,663.0
1784196768,4,"KEYED PROCESS, Train->Infer, _stream_key_by_map_operator",1,numRecordsOut,39515.0
1784196768,4,"KEYED PROCESS, Train->Infer, _stream_key_by_map_operator",1,numRecordsIn,95.0
1784196768,4,"KEYED PROCESS, Train->Infer, _stream_key_by_map_operator",1,numRecordsInPerSecond,0.1
1784196768,4,"KEYED PROCESS, Train->Infer, _stream_key_by_map_operator",1,backPressuredTimeMsPerSecond,0.0
1784196768,4,"KEYED PROCESS, Train->Infer, _stream_key_by_map_operator",2,busyTimeMsPerSecond,215.0
1784196768,4,"KEYED PROCESS, Train->Infer, _stream_key_by_map_operator",2,numRecordsOutPerSecond,25.0
1784196768,4,"KEYED PROCESS, Train->Infer, _stream_key_by_map_operator",2,idleTimeMsPerSecond,785.0
1784196768,4,"KEYED PROCESS, Train->Infer, _stream_key_by_map_operator",2,numRecordsOut,38075.0
1784196768,4,"KEYED PROCESS, Train->Infer, _stream_key_by_map_operator",2,numRecordsIn,151.0
1784196768,4,"KEYED PROCESS, Train->Infer, _stream_key_by_map_operator",2,numRecordsInPerSecond,0.05
1784196768,4,"KEYED PROCESS, Train->Infer, _stream_key_by_map_operator",2,backPressuredTimeMsPerSecond,0.0
1784196768,4,"KEYED PROCESS, Train->Infer, _stream_key_by_map_operator",3,busyTimeMsPerSecond,298.0
1784196768,4,"KEYED PROCESS, Train->Infer, _stream_key_by_map_operator",3,numRecordsOutPerSecond,41.666666666666664
1784196768,4,"KEYED PROCESS, Train->Infer, _stream_key_by_map_operator",3,idleTimeMsPerSecond,702.0
1784196768,4,"KEYED PROCESS, Train->Infer, _stream_key_by_map_operator",3,numRecordsOut,43030.0
1784196768,4,"KEYED PROCESS, Train->Infer, _stream_key_by_map_operator",3,numRecordsIn,116.0
1784196768,4,"KEYED PROCESS, Train->Infer, _stream_key_by_map_operator",3,numRecordsInPerSecond,0.06666666666666667
1784196768,4,"KEYED PROCESS, Train->Infer, _stream_key_by_map_operator",3,backPressuredTimeMsPerSecond,0.0
1784196768,4,"Infer->Rank, Rank->Filter, Filter -> Sink: Writer -> Sink: Committer",0,busyTimeMsPerSecond,1000.0
1784196768,4,"Infer->Rank, Rank->Filter, Filter -> Sink: Writer -> Sink: Committer",0,numRecordsOutPerSecond,42.833333333333336
1784196768,4,"Infer->Rank, Rank->Filter, Filter -> Sink: Writer -> Sink: Committer",0,idleTimeMsPerSecond,0.0
1784196768,4,"Infer->Rank, Rank->Filter, Filter -> Sink: Writer -> Sink: Committer",0,numRecordsOut,43410.0
1784196768,4,"Infer->Rank, Rank->Filter, Filter -> Sink: Writer -> Sink: Committer",0,numRecordsIn,47050.0
1784196768,4,"Infer->Rank, Rank->Filter, Filter -> Sink: Writer -> Sink: Committer",0,numRecordsInPerSecond,67.81666666666666
1784196768,4,"Infer->Rank, Rank->Filter, Filter -> Sink: Writer -> Sink: Committer",0,backPressuredTimeMsPerSecond,0.0
1784196768,4,"Infer->Rank, Rank->Filter, Filter -> Sink: Writer -> Sink: Committer",1,busyTimeMsPerSecond,481.0
1784196768,4,"Infer->Rank, Rank->Filter, Filter -> Sink: Writer -> Sink: Committer",1,numRecordsOutPerSecond,46.0
1784196768,4,"Infer->Rank, Rank->Filter, Filter -> Sink: Writer -> Sink: Committer",1,idleTimeMsPerSecond,519.0
1784196768,4,"Infer->Rank, Rank->Filter, Filter -> Sink: Writer -> Sink: Committer",1,numRecordsOut,37270.0
1784196768,4,"Infer->Rank, Rank->Filter, Filter -> Sink: Writer -> Sink: Committer",1,numRecordsIn,38789.0
1784196768,4,"Infer->Rank, Rank->Filter, Filter -> Sink: Writer -> Sink: Committer",1,numRecordsInPerSecond,49.3
1784196768,4,"Infer->Rank, Rank->Filter, Filter -> Sink: Writer -> Sink: Committer",1,backPressuredTimeMsPerSecond,0.0
1784196768,4,"Infer->Rank, Rank->Filter, Filter -> Sink: Writer -> Sink: Committer",2,busyTimeMsPerSecond,352.0
1784196768,4,"Infer->Rank, Rank->Filter, Filter -> Sink: Writer -> Sink: Committer",2,numRecordsOutPerSecond,30.333333333333332
1784196768,4,"Infer->Rank, Rank->Filter, Filter -> Sink: Writer -> Sink: Committer",2,idleTimeMsPerSecond,648.0
1784196768,4,"Infer->Rank, Rank->Filter, Filter -> Sink: Writer -> Sink: Committer",2,numRecordsOut,35940.0
1784196768,4,"Infer->Rank, Rank->Filter, Filter -> Sink: Writer -> Sink: Committer",2,numRecordsIn,38019.0
1784196768,4,"Infer->Rank, Rank->Filter, Filter -> Sink: Writer -> Sink: Committer",2,numRecordsInPerSecond,30.45
1784196768,4,"Infer->Rank, Rank->Filter, Filter -> Sink: Writer -> Sink: Committer",2,backPressuredTimeMsPerSecond,0.0
1784196768,4,"Infer->Rank, Rank->Filter, Filter -> Sink: Writer -> Sink: Committer",3,busyTimeMsPerSecond,466.0
1784196768,4,"Infer->Rank, Rank->Filter, Filter -> Sink: Writer -> Sink: Committer",3,numRecordsOutPerSecond,39.666666666666664
1784196768,4,"Infer->Rank, Rank->Filter, Filter -> Sink: Writer -> Sink: Committer",3,idleTimeMsPerSecond,534.0
1784196768,4,"Infer->Rank, Rank->Filter, Filter -> Sink: Writer -> Sink: Committer",3,numRecordsOut,40500.0
1784196768,4,"Infer->Rank, Rank->Filter, Filter -> Sink: Writer -> Sink: Committer",3,numRecordsIn,43030.0
1784196768,4,"Infer->Rank, Rank->Filter, Filter -> Sink: Writer -> Sink: Committer",3,numRecordsInPerSecond,47.85
1784196768,4,"Infer->Rank, Rank->Filter, Filter -> Sink: Writer -> Sink: Committer",3,backPressuredTimeMsPerSecond,0.0
1784196783,4,"Source: Source-data -> LoadJSON, Parse, _stream_key_by_map_operator",0,busyTimeMsPerSecond,0.0
1784196783,4,"Source: Source-data -> LoadJSON, Parse, _stream_key_by_map_operator",0,numRecordsOutPerSecond,0.0
1784196783,4,"Source: Source-data -> LoadJSON, Parse, _stream_key_by_map_operator",0,idleTimeMsPerSecond,0.0
1784196783,4,"Source: Source-data -> LoadJSON, Parse, _stream_key_by_map_operator",0,numRecordsOut,5048.0
1784196783,4,"Source: Source-data -> LoadJSON, Parse, _stream_key_by_map_operator",0,numRecordsIn,5048.0
1784196783,4,"Source: Source-data -> LoadJSON, Parse, _stream_key_by_map_operator",0,numRecordsInPerSecond,0.0
1784196783,4,"Source: Source-data -> LoadJSON, Parse, _stream_key_by_map_operator",0,backPressuredTimeMsPerSecond,1000.0
1784196783,4,"Source: Source-data -> LoadJSON, Parse, _stream_key_by_map_operator",1,busyTimeMsPerSecond,0.0
1784196783,4,"Source: Source-data -> LoadJSON, Parse, _stream_key_by_map_operator",1,numRecordsOutPerSecond,0.0
1784196783,4,"Source: Source-data -> LoadJSON, Parse, _stream_key_by_map_operator",1,idleTimeMsPerSecond,0.0
1784196783,4,"Source: Source-data -> LoadJSON, Parse, _stream_key_by_map_operator",1,numRecordsOut,5537.0
1784196783,4,"Source: Source-data -> LoadJSON, Parse, _stream_key_by_map_operator",1,numRecordsIn,5537.0
1784196783,4,"Source: Source-data -> LoadJSON, Parse, _stream_key_by_map_operator",1,numRecordsInPerSecond,0.0
1784196783,4,"Source: Source-data -> LoadJSON, Parse, _stream_key_by_map_operator",1,backPressuredTimeMsPerSecond,1000.0
1784196783,4,"Source: Source-data -> LoadJSON, Parse, _stream_key_by_map_operator",2,busyTimeMsPerSecond,0.0
1784196783,4,"Source: Source-data -> LoadJSON, Parse, _stream_key_by_map_operator",2,numRecordsOutPerSecond,0.0
1784196783,4,"Source: Source-data -> LoadJSON, Parse, _stream_key_by_map_operator",2,idleTimeMsPerSecond,0.0
1784196783,4,"Source: Source-data -> LoadJSON, Parse, _stream_key_by_map_operator",2,numRecordsOut,5381.0
1784196783,4,"Source: Source-data -> LoadJSON, Parse, _stream_key_by_map_operator",2,numRecordsIn,5381.0
1784196783,4,"Source: Source-data -> LoadJSON, Parse, _stream_key_by_map_operator",2,numRecordsInPerSecond,0.0
1784196783,4,"Source: Source-data -> LoadJSON, Parse, _stream_key_by_map_operator",2,backPressuredTimeMsPerSecond,1000.0
1784196783,4,"Source: Source-data -> LoadJSON, Parse, _stream_key_by_map_operator",3,busyTimeMsPerSecond,0.0
1784196783,4,"Source: Source-data -> LoadJSON, Parse, _stream_key_by_map_operator",3,numRecordsOutPerSecond,0.0
1784196783,4,"Source: Source-data -> LoadJSON, Parse, _stream_key_by_map_operator",3,idleTimeMsPerSecond,0.0
1784196783,4,"Source: Source-data -> LoadJSON, Parse, _stream_key_by_map_operator",3,numRecordsOut,5536.0
1784196783,4,"Source: Source-data -> LoadJSON, Parse, _stream_key_by_map_operator",3,numRecordsIn,5536.0
1784196783,4,"Source: Source-data -> LoadJSON, Parse, _stream_key_by_map_operator",3,numRecordsInPerSecond,0.0
1784196783,4,"Source: Source-data -> LoadJSON, Parse, _stream_key_by_map_operator",3,backPressuredTimeMsPerSecond,1000.0
1784196783,4,"KEYED PROCESS, Parse->Train, _stream_key_by_map_operator",0,busyTimeMsPerSecond,324.0
1784196783,4,"KEYED PROCESS, Parse->Train, _stream_key_by_map_operator",0,numRecordsOutPerSecond,0.1
1784196783,4,"KEYED PROCESS, Parse->Train, _stream_key_by_map_operator",0,idleTimeMsPerSecond,0.0
1784196783,4,"KEYED PROCESS, Parse->Train, _stream_key_by_map_operator",0,numRecordsOut,201.0
1784196783,4,"KEYED PROCESS, Parse->Train, _stream_key_by_map_operator",0,numRecordsIn,202.0
1784196783,4,"KEYED PROCESS, Parse->Train, _stream_key_by_map_operator",0,numRecordsInPerSecond,0.1
1784196783,4,"KEYED PROCESS, Parse->Train, _stream_key_by_map_operator",0,backPressuredTimeMsPerSecond,676.0
1784196783,4,"KEYED PROCESS, Parse->Train, _stream_key_by_map_operator",1,busyTimeMsPerSecond,140.0
1784196783,4,"KEYED PROCESS, Parse->Train, _stream_key_by_map_operator",1,numRecordsOutPerSecond,0.05
1784196783,4,"KEYED PROCESS, Parse->Train, _stream_key_by_map_operator",1,idleTimeMsPerSecond,0.0
1784196783,4,"KEYED PROCESS, Parse->Train, _stream_key_by_map_operator",1,numRecordsOut,102.0
1784196783,4,"KEYED PROCESS, Parse->Train, _stream_key_by_map_operator",1,numRecordsIn,103.0
1784196783,4,"KEYED PROCESS, Parse->Train, _stream_key_by_map_operator",1,numRecordsInPerSecond,0.05
1784196783,4,"KEYED PROCESS, Parse->Train, _stream_key_by_map_operator",1,backPressuredTimeMsPerSecond,860.0
1784196783,4,"KEYED PROCESS, Parse->Train, _stream_key_by_map_operator",2,busyTimeMsPerSecond,392.0
1784196783,4,"KEYED PROCESS, Parse->Train, _stream_key_by_map_operator",2,numRecordsOutPerSecond,0.13333333333333333
1784196783,4,"KEYED PROCESS, Parse->Train, _stream_key_by_map_operator",2,idleTimeMsPerSecond,0.0
1784196783,4,"KEYED PROCESS, Parse->Train, _stream_key_by_map_operator",2,numRecordsOut,163.0
1784196783,4,"KEYED PROCESS, Parse->Train, _stream_key_by_map_operator",2,numRecordsIn,164.0
1784196783,4,"KEYED PROCESS, Parse->Train, _stream_key_by_map_operator",2,numRecordsInPerSecond,0.13333333333333333
1784196783,4,"KEYED PROCESS, Parse->Train, _stream_key_by_map_operator",2,backPressuredTimeMsPerSecond,608.0
1784196783,4,"KEYED PROCESS, Parse->Train, _stream_key_by_map_operator",3,busyTimeMsPerSecond,179.0
1784196783,4,"KEYED PROCESS, Parse->Train, _stream_key_by_map_operator",3,numRecordsOutPerSecond,0.06666666666666667
1784196783,4,"KEYED PROCESS, Parse->Train, _stream_key_by_map_operator",3,idleTimeMsPerSecond,0.0
1784196783,4,"KEYED PROCESS, Parse->Train, _stream_key_by_map_operator",3,numRecordsOut,119.0
1784196783,4,"KEYED PROCESS, Parse->Train, _stream_key_by_map_operator",3,numRecordsIn,120.0
1784196783,4,"KEYED PROCESS, Parse->Train, _stream_key_by_map_operator",3,numRecordsInPerSecond,0.06666666666666667
1784196783,4,"KEYED PROCESS, Parse->Train, _stream_key_by_map_operator",3,backPressuredTimeMsPerSecond,821.0
1784196783,4,"KEYED PROCESS, Train->Infer, _stream_key_by_map_operator",0,busyTimeMsPerSecond,491.0
1784196783,4,"KEYED PROCESS, Train->Infer, _stream_key_by_map_operator",0,numRecordsOutPerSecond,66.66666666666667
1784196783,4,"KEYED PROCESS, Train->Infer, _stream_key_by_map_operator",0,idleTimeMsPerSecond,0.0
1784196783,4,"KEYED PROCESS, Train->Infer, _stream_key_by_map_operator",0,numRecordsOut,50120.0
1784196783,4,"KEYED PROCESS, Train->Infer, _stream_key_by_map_operator",0,numRecordsIn,221.0
1784196783,4,"KEYED PROCESS, Train->Infer, _stream_key_by_map_operator",0,numRecordsInPerSecond,0.13333333333333333
1784196783,4,"KEYED PROCESS, Train->Infer, _stream_key_by_map_operator",0,backPressuredTimeMsPerSecond,509.0
1784196783,4,"KEYED PROCESS, Train->Infer, _stream_key_by_map_operator",1,busyTimeMsPerSecond,337.0
1784196783,4,"KEYED PROCESS, Train->Infer, _stream_key_by_map_operator",1,numRecordsOutPerSecond,41.666666666666664
1784196783,4,"KEYED PROCESS, Train->Infer, _stream_key_by_map_operator",1,idleTimeMsPerSecond,663.0
1784196783,4,"KEYED PROCESS, Train->Infer, _stream_key_by_map_operator",1,numRecordsOut,39515.0
1784196783,4,"KEYED PROCESS, Train->Infer, _stream_key_by_map_operator",1,numRecordsIn,95.0
1784196783,4,"KEYED PROCESS, Train->Infer, _stream_key_by_map_operator",1,numRecordsInPerSecond,0.1
1784196783,4,"KEYED PROCESS, Train->Infer, _stream_key_by_map_operator",1,backPressuredTimeMsPerSecond,0.0
1784196783,4,"KEYED PROCESS, Train->Infer, _stream_key_by_map_operator",2,busyTimeMsPerSecond,215.0
1784196783,4,"KEYED PROCESS, Train->Infer, _stream_key_by_map_operator",2,numRecordsOutPerSecond,25.0
1784196783,4,"KEYED PROCESS, Train->Infer, _stream_key_by_map_operator",2,idleTimeMsPerSecond,785.0
1784196783,4,"KEYED PROCESS, Train->Infer, _stream_key_by_map_operator",2,numRecordsOut,38075.0
1784196783,4,"KEYED PROCESS, Train->Infer, _stream_key_by_map_operator",2,numRecordsIn,151.0
1784196783,4,"KEYED PROCESS, Train->Infer, _stream_key_by_map_operator",2,numRecordsInPerSecond,0.05
1784196783,4,"KEYED PROCESS, Train->Infer, _stream_key_by_map_operator",2,backPressuredTimeMsPerSecond,0.0
1784196783,4,"KEYED PROCESS, Train->Infer, _stream_key_by_map_operator",3,busyTimeMsPerSecond,195.0
1784196783,4,"KEYED PROCESS, Train->Infer, _stream_key_by_map_operator",3,numRecordsOutPerSecond,25.0
1784196783,4,"KEYED PROCESS, Train->Infer, _stream_key_by_map_operator",3,idleTimeMsPerSecond,805.0
1784196783,4,"KEYED PROCESS, Train->Infer, _stream_key_by_map_operator",3,numRecordsOut,43030.0
1784196783,4,"KEYED PROCESS, Train->Infer, _stream_key_by_map_operator",3,numRecordsIn,116.0
1784196783,4,"KEYED PROCESS, Train->Infer, _stream_key_by_map_operator",3,numRecordsInPerSecond,0.05
1784196783,4,"KEYED PROCESS, Train->Infer, _stream_key_by_map_operator",3,backPressuredTimeMsPerSecond,0.0
1784196783,4,"Infer->Rank, Rank->Filter, Filter -> Sink: Writer -> Sink: Committer",0,busyTimeMsPerSecond,1000.0
1784196783,4,"Infer->Rank, Rank->Filter, Filter -> Sink: Writer -> Sink: Committer",0,numRecordsOutPerSecond,42.333333333333336
1784196783,4,"Infer->Rank, Rank->Filter, Filter -> Sink: Writer -> Sink: Committer",0,idleTimeMsPerSecond,0.0
1784196783,4,"Infer->Rank, Rank->Filter, Filter -> Sink: Writer -> Sink: Committer",0,numRecordsOut,44530.0
1784196783,4,"Infer->Rank, Rank->Filter, Filter -> Sink: Writer -> Sink: Committer",0,numRecordsIn,48170.0
1784196783,4,"Infer->Rank, Rank->Filter, Filter -> Sink: Writer -> Sink: Committer",0,numRecordsInPerSecond,64.61666666666666
1784196783,4,"Infer->Rank, Rank->Filter, Filter -> Sink: Writer -> Sink: Committer",0,backPressuredTimeMsPerSecond,0.0
1784196783,4,"Infer->Rank, Rank->Filter, Filter -> Sink: Writer -> Sink: Committer",1,busyTimeMsPerSecond,539.0
1784196783,4,"Infer->Rank, Rank->Filter, Filter -> Sink: Writer -> Sink: Committer",1,numRecordsOutPerSecond,33.333333333333336
1784196783,4,"Infer->Rank, Rank->Filter, Filter -> Sink: Writer -> Sink: Committer",1,idleTimeMsPerSecond,461.0
1784196783,4,"Infer->Rank, Rank->Filter, Filter -> Sink: Writer -> Sink: Committer",1,numRecordsOut,37500.0
1784196783,4,"Infer->Rank, Rank->Filter, Filter -> Sink: Writer -> Sink: Committer",1,numRecordsIn,40015.0
1784196783,4,"Infer->Rank, Rank->Filter, Filter -> Sink: Writer -> Sink: Committer",1,numRecordsInPerSecond,50.0
1784196783,4,"Infer->Rank, Rank->Filter, Filter -> Sink: Writer -> Sink: Committer",1,backPressuredTimeMsPerSecond,0.0
1784196783,4,"Infer->Rank, Rank->Filter, Filter -> Sink: Writer -> Sink: Committer",2,busyTimeMsPerSecond,289.0
1784196783,4,"Infer->Rank, Rank->Filter, Filter -> Sink: Writer -> Sink: Committer",2,numRecordsOutPerSecond,25.0
1784196783,4,"Infer->Rank, Rank->Filter, Filter -> Sink: Writer -> Sink: Committer",2,idleTimeMsPerSecond,711.0
1784196783,4,"Infer->Rank, Rank->Filter, Filter -> Sink: Writer -> Sink: Committer",2,numRecordsOut,36000.0
1784196783,4,"Infer->Rank, Rank->Filter, Filter -> Sink: Writer -> Sink: Committer",2,numRecordsIn,38075.0
1784196783,4,"Infer->Rank, Rank->Filter, Filter -> Sink: Writer -> Sink: Committer",2,numRecordsInPerSecond,25.0
1784196783,4,"Infer->Rank, Rank->Filter, Filter -> Sink: Writer -> Sink: Committer",2,backPressuredTimeMsPerSecond,0.0
1784196783,4,"Infer->Rank, Rank->Filter, Filter -> Sink: Writer -> Sink: Committer",3,busyTimeMsPerSecond,219.0
1784196783,4,"Infer->Rank, Rank->Filter, Filter -> Sink: Writer -> Sink: Committer",3,numRecordsOutPerSecond,16.666666666666668
1784196783,4,"Infer->Rank, Rank->Filter, Filter -> Sink: Writer -> Sink: Committer",3,idleTimeMsPerSecond,781.0
1784196783,4,"Infer->Rank, Rank->Filter, Filter -> Sink: Writer -> Sink: Committer",3,numRecordsOut,40500.0
1784196783,4,"Infer->Rank, Rank->Filter, Filter -> Sink: Writer -> Sink: Committer",3,numRecordsIn,43030.0
1784196783,4,"Infer->Rank, Rank->Filter, Filter -> Sink: Writer -> Sink: Committer",3,numRecordsInPerSecond,25.0
1784196783,4,"Infer->Rank, Rank->Filter, Filter -> Sink: Writer -> Sink: Committer",3,backPressuredTimeMsPerSecond,0.0
1784196798,4,"Source: Source-data -> LoadJSON, Parse, _stream_key_by_map_operator",0,busyTimeMsPerSecond,0.0
1784196798,4,"Source: Source-data -> LoadJSON, Parse, _stream_key_by_map_operator",0,numRecordsOutPerSecond,0.0
1784196798,4,"Source: Source-data -> LoadJSON, Parse, _stream_key_by_map_operator",0,idleTimeMsPerSecond,0.0
1784196798,4,"Source: Source-data -> LoadJSON, Parse, _stream_key_by_map_operator",0,numRecordsOut,5048.0
1784196798,4,"Source: Source-data -> LoadJSON, Parse, _stream_key_by_map_operator",0,numRecordsIn,5048.0
1784196798,4,"Source: Source-data -> LoadJSON, Parse, _stream_key_by_map_operator",0,numRecordsInPerSecond,0.0
1784196798,4,"Source: Source-data -> LoadJSON, Parse, _stream_key_by_map_operator",0,backPressuredTimeMsPerSecond,1000.0
1784196798,4,"Source: Source-data -> LoadJSON, Parse, _stream_key_by_map_operator",1,busyTimeMsPerSecond,0.0
1784196798,4,"Source: Source-data -> LoadJSON, Parse, _stream_key_by_map_operator",1,numRecordsOutPerSecond,0.0
1784196798,4,"Source: Source-data -> LoadJSON, Parse, _stream_key_by_map_operator",1,idleTimeMsPerSecond,0.0
1784196798,4,"Source: Source-data -> LoadJSON, Parse, _stream_key_by_map_operator",1,numRecordsOut,5537.0
1784196798,4,"Source: Source-data -> LoadJSON, Parse, _stream_key_by_map_operator",1,numRecordsIn,5537.0
1784196798,4,"Source: Source-data -> LoadJSON, Parse, _stream_key_by_map_operator",1,numRecordsInPerSecond,0.0
1784196798,4,"Source: Source-data -> LoadJSON, Parse, _stream_key_by_map_operator",1,backPressuredTimeMsPerSecond,1000.0
1784196798,4,"Source: Source-data -> LoadJSON, Parse, _stream_key_by_map_operator",2,busyTimeMsPerSecond,0.0
1784196798,4,"Source: Source-data -> LoadJSON, Parse, _stream_key_by_map_operator",2,numRecordsOutPerSecond,0.0
1784196798,4,"Source: Source-data -> LoadJSON, Parse, _stream_key_by_map_operator",2,idleTimeMsPerSecond,0.0
1784196798,4,"Source: Source-data -> LoadJSON, Parse, _stream_key_by_map_operator",2,numRecordsOut,5381.0
1784196798,4,"Source: Source-data -> LoadJSON, Parse, _stream_key_by_map_operator",2,numRecordsIn,5381.0
1784196798,4,"Source: Source-data -> LoadJSON, Parse, _stream_key_by_map_operator",2,numRecordsInPerSecond,0.0
1784196798,4,"Source: Source-data -> LoadJSON, Parse, _stream_key_by_map_operator",2,backPressuredTimeMsPerSecond,1000.0
1784196798,4,"Source: Source-data -> LoadJSON, Parse, _stream_key_by_map_operator",3,busyTimeMsPerSecond,0.0
1784196798,4,"Source: Source-data -> LoadJSON, Parse, _stream_key_by_map_operator",3,numRecordsOutPerSecond,0.0
1784196798,4,"Source: Source-data -> LoadJSON, Parse, _stream_key_by_map_operator",3,idleTimeMsPerSecond,0.0
1784196798,4,"Source: Source-data -> LoadJSON, Parse, _stream_key_by_map_operator",3,numRecordsOut,5536.0
1784196798,4,"Source: Source-data -> LoadJSON, Parse, _stream_key_by_map_operator",3,numRecordsIn,5536.0
1784196798,4,"Source: Source-data -> LoadJSON, Parse, _stream_key_by_map_operator",3,numRecordsInPerSecond,0.0
1784196798,4,"Source: Source-data -> LoadJSON, Parse, _stream_key_by_map_operator",3,backPressuredTimeMsPerSecond,1000.0
1784196798,4,"KEYED PROCESS, Parse->Train, _stream_key_by_map_operator",0,busyTimeMsPerSecond,343.0
1784196798,4,"KEYED PROCESS, Parse->Train, _stream_key_by_map_operator",0,numRecordsOutPerSecond,0.1
1784196798,4,"KEYED PROCESS, Parse->Train, _stream_key_by_map_operator",0,idleTimeMsPerSecond,0.0
1784196798,4,"KEYED PROCESS, Parse->Train, _stream_key_by_map_operator",0,numRecordsOut,201.0
1784196798,4,"KEYED PROCESS, Parse->Train, _stream_key_by_map_operator",0,numRecordsIn,202.0
1784196798,4,"KEYED PROCESS, Parse->Train, _stream_key_by_map_operator",0,numRecordsInPerSecond,0.1
1784196798,4,"KEYED PROCESS, Parse->Train, _stream_key_by_map_operator",0,backPressuredTimeMsPerSecond,657.0
1784196798,4,"KEYED PROCESS, Parse->Train, _stream_key_by_map_operator",1,busyTimeMsPerSecond,140.0
1784196798,4,"KEYED PROCESS, Parse->Train, _stream_key_by_map_operator",1,numRecordsOutPerSecond,0.05
1784196798,4,"KEYED PROCESS, Parse->Train, _stream_key_by_map_operator",1,idleTimeMsPerSecond,0.0
1784196798,4,"KEYED PROCESS, Parse->Train, _stream_key_by_map_operator",1,numRecordsOut,102.0
1784196798,4,"KEYED PROCESS, Parse->Train, _stream_key_by_map_operator",1,numRecordsIn,103.0
1784196798,4,"KEYED PROCESS, Parse->Train, _stream_key_by_map_operator",1,numRecordsInPerSecond,0.05
1784196798,4,"KEYED PROCESS, Parse->Train, _stream_key_by_map_operator",1,backPressuredTimeMsPerSecond,860.0
1784196798,4,"KEYED PROCESS, Parse->Train, _stream_key_by_map_operator",2,busyTimeMsPerSecond,340.0
1784196798,4,"KEYED PROCESS, Parse->Train, _stream_key_by_map_operator",2,numRecordsOutPerSecond,0.11666666666666667
1784196798,4,"KEYED PROCESS, Parse->Train, _stream_key_by_map_operator",2,idleTimeMsPerSecond,0.0
1784196798,4,"KEYED PROCESS, Parse->Train, _stream_key_by_map_operator",2,numRecordsOut,163.0
1784196798,4,"KEYED PROCESS, Parse->Train, _stream_key_by_map_operator",2,numRecordsIn,164.0
1784196798,4,"KEYED PROCESS, Parse->Train, _stream_key_by_map_operator",2,numRecordsInPerSecond,0.11666666666666667
1784196798,4,"KEYED PROCESS, Parse->Train, _stream_key_by_map_operator",2,backPressuredTimeMsPerSecond,660.0
1784196798,4,"KEYED PROCESS, Parse->Train, _stream_key_by_map_operator",3,busyTimeMsPerSecond,177.0
1784196798,4,"KEYED PROCESS, Parse->Train, _stream_key_by_map_operator",3,numRecordsOutPerSecond,0.06666666666666667
1784196798,4,"KEYED PROCESS, Parse->Train, _stream_key_by_map_operator",3,idleTimeMsPerSecond,0.0
1784196798,4,"KEYED PROCESS, Parse->Train, _stream_key_by_map_operator",3,numRecordsOut,119.0
1784196798,4,"KEYED PROCESS, Parse->Train, _stream_key_by_map_operator",3,numRecordsIn,120.0
1784196798,4,"KEYED PROCESS, Parse->Train, _stream_key_by_map_operator",3,numRecordsInPerSecond,0.06666666666666667
1784196798,4,"KEYED PROCESS, Parse->Train, _stream_key_by_map_operator",3,backPressuredTimeMsPerSecond,823.0
1784196798,4,"KEYED PROCESS, Train->Infer, _stream_key_by_map_operator",0,busyTimeMsPerSecond,471.0
1784196798,4,"KEYED PROCESS, Train->Infer, _stream_key_by_map_operator",0,numRecordsOutPerSecond,58.333333333333336
1784196798,4,"KEYED PROCESS, Train->Infer, _stream_key_by_map_operator",0,idleTimeMsPerSecond,0.0
1784196798,4,"KEYED PROCESS, Train->Infer, _stream_key_by_map_operator",0,numRecordsOut,51120.0
1784196798,4,"KEYED PROCESS, Train->Infer, _stream_key_by_map_operator",0,numRecordsIn,223.0
1784196798,4,"KEYED PROCESS, Train->Infer, _stream_key_by_map_operator",0,numRecordsInPerSecond,0.13333333333333333
1784196798,4,"KEYED PROCESS, Train->Infer, _stream_key_by_map_operator",0,backPressuredTimeMsPerSecond,529.0
1784196798,4,"KEYED PROCESS, Train->Infer, _stream_key_by_map_operator",1,busyTimeMsPerSecond,357.0
1784196798,4,"KEYED PROCESS, Train->Infer, _stream_key_by_map_operator",1,numRecordsOutPerSecond,50.0
1784196798,4,"KEYED PROCESS, Train->Infer, _stream_key_by_map_operator",1,idleTimeMsPerSecond,643.0
1784196798,4,"KEYED PROCESS, Train->Infer, _stream_key_by_map_operator",1,numRecordsOut,40015.0
1784196798,4,"KEYED PROCESS, Train->Infer, _stream_key_by_map_operator",1,numRecordsIn,95.0
1784196798,4,"KEYED PROCESS, Train->Infer, _stream_key_by_map_operator",1,numRecordsInPerSecond,0.1
1784196798,4,"KEYED PROCESS, Train->Infer, _stream_key_by_map_operator",1,backPressuredTimeMsPerSecond,0.0
1784196798,4,"KEYED PROCESS, Train->Infer, _stream_key_by_map_operator",2,busyTimeMsPerSecond,215.0
1784196798,4,"KEYED PROCESS, Train->Infer, _stream_key_by_map_operator",2,numRecordsOutPerSecond,25.0
1784196798,4,"KEYED PROCESS, Train->Infer, _stream_key_by_map_operator",2,idleTimeMsPerSecond,785.0
1784196798,4,"KEYED PROCESS, Train->Infer, _stream_key_by_map_operator",2,numRecordsOut,38075.0
1784196798,4,"KEYED PROCESS, Train->Infer, _stream_key_by_map_operator",2,numRecordsIn,151.0
1784196798,4,"KEYED PROCESS, Train->Infer, _stream_key_by_map_operator",2,numRecordsInPerSecond,0.05
1784196798,4,"KEYED PROCESS, Train->Infer, _stream_key_by_map_operator",2,backPressuredTimeMsPerSecond,0.0
1784196798,4,"KEYED PROCESS, Train->Infer, _stream_key_by_map_operator",3,busyTimeMsPerSecond,181.0
1784196798,4,"KEYED PROCESS, Train->Infer, _stream_key_by_map_operator",3,numRecordsOutPerSecond,16.666666666666668
1784196798,4,"KEYED PROCESS, Train->Infer, _stream_key_by_map_operator",3,idleTimeMsPerSecond,819.0
1784196798,4,"KEYED PROCESS, Train->Infer, _stream_key_by_map_operator",3,numRecordsOut,43530.0
1784196798,4,"KEYED PROCESS, Train->Infer, _stream_key_by_map_operator",3,numRecordsIn,118.0
1784196798,4,"KEYED PROCESS, Train->Infer, _stream_key_by_map_operator",3,numRecordsInPerSecond,0.05
1784196798,4,"KEYED PROCESS, Train->Infer, _stream_key_by_map_operator",3,backPressuredTimeMsPerSecond,0.0
1784196798,4,"Infer->Rank, Rank->Filter, Filter -> Sink: Writer -> Sink: Committer",0,busyTimeMsPerSecond,1000.0
1784196798,4,"Infer->Rank, Rank->Filter, Filter -> Sink: Writer -> Sink: Committer",0,numRecordsOutPerSecond,57.166666666666664
1784196798,4,"Infer->Rank, Rank->Filter, Filter -> Sink: Writer -> Sink: Committer",0,idleTimeMsPerSecond,0.0
1784196798,4,"Infer->Rank, Rank->Filter, Filter -> Sink: Writer -> Sink: Committer",0,numRecordsOut,45490.0
1784196798,4,"Infer->Rank, Rank->Filter, Filter -> Sink: Writer -> Sink: Committer",0,numRecordsIn,49180.0
1784196798,4,"Infer->Rank, Rank->Filter, Filter -> Sink: Writer -> Sink: Committer",0,numRecordsInPerSecond,66.13333333333334
1784196798,4,"Infer->Rank, Rank->Filter, Filter -> Sink: Writer -> Sink: Committer",0,backPressuredTimeMsPerSecond,0.0
1784196798,4,"Infer->Rank, Rank->Filter, Filter -> Sink: Writer -> Sink: Committer",1,busyTimeMsPerSecond,423.0
1784196798,4,"Infer->Rank, Rank->Filter, Filter -> Sink: Writer -> Sink: Committer",1,numRecordsOutPerSecond,26.0
1784196798,4,"Infer->Rank, Rank->Filter, Filter -> Sink: Writer -> Sink: Committer",1,idleTimeMsPerSecond,577.0
1784196798,4,"Infer->Rank, Rank->Filter, Filter -> Sink: Writer -> Sink: Committer",1,numRecordsOut,37500.0
1784196798,4,"Infer->Rank, Rank->Filter, Filter -> Sink: Writer -> Sink: Committer",1,numRecordsIn,40015.0
1784196798,4,"Infer->Rank, Rank->Filter, Filter -> Sink: Writer -> Sink: Committer",1,numRecordsInPerSecond,42.516666666666666
1784196798,4,"Infer->Rank, Rank->Filter, Filter -> Sink: Writer -> Sink: Committer",1,backPressuredTimeMsPerSecond,0.0
1784196798,4,"Infer->Rank, Rank->Filter, Filter -> Sink: Writer -> Sink: Committer",2,busyTimeMsPerSecond,213.0
1784196798,4,"Infer->Rank, Rank->Filter, Filter -> Sink: Writer -> Sink: Committer",2,numRecordsOutPerSecond,20.166666666666668
1784196798,4,"Infer->Rank, Rank->Filter, Filter -> Sink: Writer -> Sink: Committer",2,idleTimeMsPerSecond,787.0
1784196798,4,"Infer->Rank, Rank->Filter, Filter -> Sink: Writer -> Sink: Committer",2,numRecordsOut,36050.0
1784196798,4,"Infer->Rank, Rank->Filter, Filter -> Sink: Writer -> Sink: Committer",2,numRecordsIn,38128.0
1784196798,4,"Infer->Rank, Rank->Filter, Filter -> Sink: Writer -> Sink: Committer",2,numRecordsInPerSecond,20.15
1784196798,4,"Infer->Rank, Rank->Filter, Filter -> Sink: Writer -> Sink: Committer",2,backPressuredTimeMsPerSecond,0.0
1784196798,4,"Infer->Rank, Rank->Filter, Filter -> Sink: Writer -> Sink: Committer",3,busyTimeMsPerSecond,118.0
1784196798,4,"Infer->Rank, Rank->Filter, Filter -> Sink: Writer -> Sink: Committer",3,numRecordsOutPerSecond,14.0
1784196798,4,"Infer->Rank, Rank->Filter, Filter -> Sink: Writer -> Sink: Committer",3,idleTimeMsPerSecond,882.0
1784196798,4,"Infer->Rank, Rank->Filter, Filter -> Sink: Writer -> Sink: Committer",3,numRecordsOut,40590.0
1784196798,4,"Infer->Rank, Rank->Filter, Filter -> Sink: Writer -> Sink: Committer",3,numRecordsIn,43125.0
1784196798,4,"Infer->Rank, Rank->Filter, Filter -> Sink: Writer -> Sink: Committer",3,numRecordsInPerSecond,13.95
1784196798,4,"Infer->Rank, Rank->Filter, Filter -> Sink: Writer -> Sink: Committer",3,backPressuredTimeMsPerSecond,0.0
1784196813,4,"Source: Source-data -> LoadJSON, Parse, _stream_key_by_map_operator",0,busyTimeMsPerSecond,0.0
1784196813,4,"Source: Source-data -> LoadJSON, Parse, _stream_key_by_map_operator",0,numRecordsOutPerSecond,0.0
1784196813,4,"Source: Source-data -> LoadJSON, Parse, _stream_key_by_map_operator",0,idleTimeMsPerSecond,0.0
1784196813,4,"Source: Source-data -> LoadJSON, Parse, _stream_key_by_map_operator",0,numRecordsOut,5048.0
1784196813,4,"Source: Source-data -> LoadJSON, Parse, _stream_key_by_map_operator",0,numRecordsIn,5048.0
1784196813,4,"Source: Source-data -> LoadJSON, Parse, _stream_key_by_map_operator",0,numRecordsInPerSecond,0.0
1784196813,4,"Source: Source-data -> LoadJSON, Parse, _stream_key_by_map_operator",0,backPressuredTimeMsPerSecond,1000.0
1784196813,4,"Source: Source-data -> LoadJSON, Parse, _stream_key_by_map_operator",1,busyTimeMsPerSecond,0.0
1784196813,4,"Source: Source-data -> LoadJSON, Parse, _stream_key_by_map_operator",1,numRecordsOutPerSecond,0.0
1784196813,4,"Source: Source-data -> LoadJSON, Parse, _stream_key_by_map_operator",1,idleTimeMsPerSecond,0.0
1784196813,4,"Source: Source-data -> LoadJSON, Parse, _stream_key_by_map_operator",1,numRecordsOut,5537.0
1784196813,4,"Source: Source-data -> LoadJSON, Parse, _stream_key_by_map_operator",1,numRecordsIn,5537.0
1784196813,4,"Source: Source-data -> LoadJSON, Parse, _stream_key_by_map_operator",1,numRecordsInPerSecond,0.0
1784196813,4,"Source: Source-data -> LoadJSON, Parse, _stream_key_by_map_operator",1,backPressuredTimeMsPerSecond,1000.0
1784196813,4,"Source: Source-data -> LoadJSON, Parse, _stream_key_by_map_operator",2,busyTimeMsPerSecond,0.0
1784196813,4,"Source: Source-data -> LoadJSON, Parse, _stream_key_by_map_operator",2,numRecordsOutPerSecond,0.0
1784196813,4,"Source: Source-data -> LoadJSON, Parse, _stream_key_by_map_operator",2,idleTimeMsPerSecond,0.0
1784196813,4,"Source: Source-data -> LoadJSON, Parse, _stream_key_by_map_operator",2,numRecordsOut,5381.0
1784196813,4,"Source: Source-data -> LoadJSON, Parse, _stream_key_by_map_operator",2,numRecordsIn,5381.0
1784196813,4,"Source: Source-data -> LoadJSON, Parse, _stream_key_by_map_operator",2,numRecordsInPerSecond,0.0
1784196813,4,"Source: Source-data -> LoadJSON, Parse, _stream_key_by_map_operator",2,backPressuredTimeMsPerSecond,1000.0
1784196813,4,"Source: Source-data -> LoadJSON, Parse, _stream_key_by_map_operator",3,busyTimeMsPerSecond,0.0
1784196813,4,"Source: Source-data -> LoadJSON, Parse, _stream_key_by_map_operator",3,numRecordsOutPerSecond,0.0
1784196813,4,"Source: Source-data -> LoadJSON, Parse, _stream_key_by_map_operator",3,idleTimeMsPerSecond,0.0
1784196813,4,"Source: Source-data -> LoadJSON, Parse, _stream_key_by_map_operator",3,numRecordsOut,5536.0
1784196813,4,"Source: Source-data -> LoadJSON, Parse, _stream_key_by_map_operator",3,numRecordsIn,5536.0
1784196813,4,"Source: Source-data -> LoadJSON, Parse, _stream_key_by_map_operator",3,numRecordsInPerSecond,0.0
1784196813,4,"Source: Source-data -> LoadJSON, Parse, _stream_key_by_map_operator",3,backPressuredTimeMsPerSecond,1000.0
1784196813,4,"KEYED PROCESS, Parse->Train, _stream_key_by_map_operator",0,busyTimeMsPerSecond,233.0
1784196813,4,"KEYED PROCESS, Parse->Train, _stream_key_by_map_operator",0,numRecordsOutPerSecond,0.06666666666666667
1784196813,4,"KEYED PROCESS, Parse->Train, _stream_key_by_map_operator",0,idleTimeMsPerSecond,0.0
1784196813,4,"KEYED PROCESS, Parse->Train, _stream_key_by_map_operator",0,numRecordsOut,202.0
1784196813,4,"KEYED PROCESS, Parse->Train, _stream_key_by_map_operator",0,numRecordsIn,203.0
1784196813,4,"KEYED PROCESS, Parse->Train, _stream_key_by_map_operator",0,numRecordsInPerSecond,0.06666666666666667
1784196813,4,"KEYED PROCESS, Parse->Train, _stream_key_by_map_operator",0,backPressuredTimeMsPerSecond,767.0
1784196813,4,"KEYED PROCESS, Parse->Train, _stream_key_by_map_operator",1,busyTimeMsPerSecond,115.0
1784196813,4,"KEYED PROCESS, Parse->Train, _stream_key_by_map_operator",1,numRecordsOutPerSecond,0.05
1784196813,4,"KEYED PROCESS, Parse->Train, _stream_key_by_map_operator",1,idleTimeMsPerSecond,0.0
1784196813,4,"KEYED PROCESS, Parse->Train, _stream_key_by_map_operator",1,numRecordsOut,104.0
1784196813,4,"KEYED PROCESS, Parse->Train, _stream_key_by_map_operator",1,numRecordsIn,105.0
1784196813,4,"KEYED PROCESS, Parse->Train, _stream_key_by_map_operator",1,numRecordsInPerSecond,0.05
1784196813,4,"KEYED PROCESS, Parse->Train, _stream_key_by_map_operator",1,backPressuredTimeMsPerSecond,885.0
1784196813,4,"KEYED PROCESS, Parse->Train, _stream_key_by_map_operator",2,busyTimeMsPerSecond,306.0
1784196813,4,"KEYED PROCESS, Parse->Train, _stream_key_by_map_operator",2,numRecordsOutPerSecond,0.1
1784196813,4,"KEYED PROCESS, Parse->Train, _stream_key_by_map_operator",2,idleTimeMsPerSecond,0.0
1784196813,4,"KEYED PROCESS, Parse->Train, _stream_key_by_map_operator",2,numRecordsOut,166.0
1784196813,4,"KEYED PROCESS, Parse->Train, _stream_key_by_map_operator",2,numRecordsIn,167.0
1784196813,4,"KEYED PROCESS, Parse->Train, _stream_key_by_map_operator",2,numRecordsInPerSecond,0.1
1784196813,4,"KEYED PROCESS, Parse->Train, _stream_key_by_map_operator",2,backPressuredTimeMsPerSecond,694.0
1784196813,4,"KEYED PROCESS, Parse->Train, _stream_key_by_map_operator",3,busyTimeMsPerSecond,213.0
1784196813,4,"KEYED PROCESS, Parse->Train, _stream_key_by_map_operator",3,numRecordsOutPerSecond,0.08333333333333333
1784196813,4,"KEYED PROCESS, Parse->Train, _stream_key_by_map_operator",3,idleTimeMsPerSecond,0.0
1784196813,4,"KEYED PROCESS, Parse->Train, _stream_key_by_map_operator",3,numRecordsOut,122.0
1784196813,4,"KEYED PROCESS, Parse->Train, _stream_key_by_map_operator",3,numRecordsIn,123.0
1784196813,4,"KEYED PROCESS, Parse->Train, _stream_key_by_map_operator",3,numRecordsInPerSecond,0.08333333333333333
1784196813,4,"KEYED PROCESS, Parse->Train, _stream_key_by_map_operator",3,backPressuredTimeMsPerSecond,787.0
1784196813,4,"KEYED PROCESS, Train->Infer, _stream_key_by_map_operator",0,busyTimeMsPerSecond,522.0
1784196813,4,"KEYED PROCESS, Train->Infer, _stream_key_by_map_operator",0,numRecordsOutPerSecond,66.66666666666667
1784196813,4,"KEYED PROCESS, Train->Infer, _stream_key_by_map_operator",0,idleTimeMsPerSecond,0.0
1784196813,4,"KEYED PROCESS, Train->Infer, _stream_key_by_map_operator",0,numRecordsOut,52120.0
1784196813,4,"KEYED PROCESS, Train->Infer, _stream_key_by_map_operator",0,numRecordsIn,224.0
1784196813,4,"KEYED PROCESS, Train->Infer, _stream_key_by_map_operator",0,numRecordsInPerSecond,0.11666666666666667
1784196813,4,"KEYED PROCESS, Train->Infer, _stream_key_by_map_operator",0,backPressuredTimeMsPerSecond,478.0
1784196813,4,"KEYED PROCESS, Train->Infer, _stream_key_by_map_operator",1,busyTimeMsPerSecond,219.0
1784196813,4,"KEYED PROCESS, Train->Infer, _stream_key_by_map_operator",1,numRecordsOutPerSecond,33.333333333333336
1784196813,4,"KEYED PROCESS, Train->Infer, _stream_key_by_map_operator",1,idleTimeMsPerSecond,781.0
1784196813,4,"KEYED PROCESS, Train->Infer, _stream_key_by_map_operator",1,numRecordsOut,40515.0
1784196813,4,"KEYED PROCESS, Train->Infer, _stream_key_by_map_operator",1,numRecordsIn,96.0
1784196813,4,"KEYED PROCESS, Train->Infer, _stream_key_by_map_operator",1,numRecordsInPerSecond,0.06666666666666667
1784196813,4,"KEYED PROCESS, Train->Infer, _stream_key_by_map_operator",1,backPressuredTimeMsPerSecond,0.0
1784196813,4,"KEYED PROCESS, Train->Infer, _stream_key_by_map_operator",2,busyTimeMsPerSecond,444.0
1784196813,4,"KEYED PROCESS, Train->Infer, _stream_key_by_map_operator",2,numRecordsOutPerSecond,41.666666666666664
1784196813,4,"KEYED PROCESS, Train->Infer, _stream_key_by_map_operator",2,idleTimeMsPerSecond,556.0
1784196813,4,"KEYED PROCESS, Train->Infer, _stream_key_by_map_operator",2,numRecordsOut,40075.0
1784196813,4,"KEYED PROCESS, Train->Infer, _stream_key_by_map_operator",2,numRecordsIn,156.0
1784196813,4,"KEYED PROCESS, Train->Infer, _stream_key_by_map_operator",2,numRecordsInPerSecond,0.1
1784196813,4,"KEYED PROCESS, Train->Infer, _stream_key_by_map_operator",2,backPressuredTimeMsPerSecond,0.0
1784196813,4,"KEYED PROCESS, Train->Infer, _stream_key_by_map_operator",3,busyTimeMsPerSecond,367.0
1784196813,4,"KEYED PROCESS, Train->Infer, _stream_key_by_map_operator",3,numRecordsOutPerSecond,41.666666666666664
1784196813,4,"KEYED PROCESS, Train->Infer, _stream_key_by_map_operator",3,idleTimeMsPerSecond,633.0
1784196813,4,"KEYED PROCESS, Train->Infer, _stream_key_by_map_operator",3,numRecordsOut,45030.0
1784196813,4,"KEYED PROCESS, Train->Infer, _stream_key_by_map_operator",3,numRecordsIn,120.0
1784196813,4,"KEYED PROCESS, Train->Infer, _stream_key_by_map_operator",3,numRecordsInPerSecond,0.08333333333333333
1784196813,4,"KEYED PROCESS, Train->Infer, _stream_key_by_map_operator",3,backPressuredTimeMsPerSecond,0.0
1784196813,4,"Infer->Rank, Rank->Filter, Filter -> Sink: Writer -> Sink: Committer",0,busyTimeMsPerSecond,1000.0
1784196813,4,"Infer->Rank, Rank->Filter, Filter -> Sink: Writer -> Sink: Committer",0,numRecordsOutPerSecond,57.833333333333336
1784196813,4,"Infer->Rank, Rank->Filter, Filter -> Sink: Writer -> Sink: Committer",0,idleTimeMsPerSecond,0.0
1784196813,4,"Infer->Rank, Rank->Filter, Filter -> Sink: Writer -> Sink: Committer",0,numRecordsOut,46110.0
1784196813,4,"Infer->Rank, Rank->Filter, Filter -> Sink: Writer -> Sink: Committer",0,numRecordsIn,50250.0
1784196813,4,"Infer->Rank, Rank->Filter, Filter -> Sink: Writer -> Sink: Committer",0,numRecordsInPerSecond,66.08333333333333
1784196813,4,"Infer->Rank, Rank->Filter, Filter -> Sink: Writer -> Sink: Committer",0,backPressuredTimeMsPerSecond,0.0
1784196813,4,"Infer->Rank, Rank->Filter, Filter -> Sink: Writer -> Sink: Committer",1,busyTimeMsPerSecond,390.0
1784196813,4,"Infer->Rank, Rank->Filter, Filter -> Sink: Writer -> Sink: Committer",1,numRecordsOutPerSecond,16.666666666666668
1784196813,4,"Infer->Rank, Rank->Filter, Filter -> Sink: Writer -> Sink: Committer",1,idleTimeMsPerSecond,610.0
1784196813,4,"Infer->Rank, Rank->Filter, Filter -> Sink: Writer -> Sink: Committer",1,numRecordsOut,38000.0
1784196813,4,"Infer->Rank, Rank->Filter, Filter -> Sink: Writer -> Sink: Committer",1,numRecordsIn,40515.0
1784196813,4,"Infer->Rank, Rank->Filter, Filter -> Sink: Writer -> Sink: Committer",1,numRecordsInPerSecond,33.333333333333336
1784196813,4,"Infer->Rank, Rank->Filter, Filter -> Sink: Writer -> Sink: Committer",1,backPressuredTimeMsPerSecond,0.0
1784196813,4,"Infer->Rank, Rank->Filter, Filter -> Sink: Writer -> Sink: Committer",2,busyTimeMsPerSecond,382.0
1784196813,4,"Infer->Rank, Rank->Filter, Filter -> Sink: Writer -> Sink: Committer",2,numRecordsOutPerSecond,16.666666666666668
1784196813,4,"Infer->Rank, Rank->Filter, Filter -> Sink: Writer -> Sink: Committer",2,idleTimeMsPerSecond,618.0
1784196813,4,"Infer->Rank, Rank->Filter, Filter -> Sink: Writer -> Sink: Committer",2,numRecordsOut,36500.0
1784196813,4,"Infer->Rank, Rank->Filter, Filter -> Sink: Writer -> Sink: Committer",2,numRecordsIn,38712.0
1784196813,4,"Infer->Rank, Rank->Filter, Filter -> Sink: Writer -> Sink: Committer",2,numRecordsInPerSecond,18.933333333333334
1784196813,4,"Infer->Rank, Rank->Filter, Filter -> Sink: Writer -> Sink: Committer",2,backPressuredTimeMsPerSecond,0.0
1784196813,4,"Infer->Rank, Rank->Filter, Filter -> Sink: Writer -> Sink: Committer",3,busyTimeMsPerSecond,344.0
1784196813,4,"Infer->Rank, Rank->Filter, Filter -> Sink: Writer -> Sink: Committer",3,numRecordsOutPerSecond,25.0
1784196813,4,"Infer->Rank, Rank->Filter, Filter -> Sink: Writer -> Sink: Committer",3,idleTimeMsPerSecond,656.0
1784196813,4,"Infer->Rank, Rank->Filter, Filter -> Sink: Writer -> Sink: Committer",3,numRecordsOut,41500.0
1784196813,4,"Infer->Rank, Rank->Filter, Filter -> Sink: Writer -> Sink: Committer",3,numRecordsIn,44229.0
1784196813,4,"Infer->Rank, Rank->Filter, Filter -> Sink: Writer -> Sink: Committer",3,numRecordsInPerSecond,27.7
1784196813,4,"Infer->Rank, Rank->Filter, Filter -> Sink: Writer -> Sink: Committer",3,backPressuredTimeMsPerSecond,0.0
1784196828,4,"Source: Source-data -> LoadJSON, Parse, _stream_key_by_map_operator",0,busyTimeMsPerSecond,0.0
1784196828,4,"Source: Source-data -> LoadJSON, Parse, _stream_key_by_map_operator",0,numRecordsOutPerSecond,0.0
1784196828,4,"Source: Source-data -> LoadJSON, Parse, _stream_key_by_map_operator",0,idleTimeMsPerSecond,0.0
1784196828,4,"Source: Source-data -> LoadJSON, Parse, _stream_key_by_map_operator",0,numRecordsOut,5048.0
1784196828,4,"Source: Source-data -> LoadJSON, Parse, _stream_key_by_map_operator",0,numRecordsIn,5048.0
1784196828,4,"Source: Source-data -> LoadJSON, Parse, _stream_key_by_map_operator",0,numRecordsInPerSecond,0.0
1784196828,4,"Source: Source-data -> LoadJSON, Parse, _stream_key_by_map_operator",0,backPressuredTimeMsPerSecond,1000.0
1784196828,4,"Source: Source-data -> LoadJSON, Parse, _stream_key_by_map_operator",1,busyTimeMsPerSecond,0.0
1784196828,4,"Source: Source-data -> LoadJSON, Parse, _stream_key_by_map_operator",1,numRecordsOutPerSecond,0.0
1784196828,4,"Source: Source-data -> LoadJSON, Parse, _stream_key_by_map_operator",1,idleTimeMsPerSecond,0.0
1784196828,4,"Source: Source-data -> LoadJSON, Parse, _stream_key_by_map_operator",1,numRecordsOut,5537.0
1784196828,4,"Source: Source-data -> LoadJSON, Parse, _stream_key_by_map_operator",1,numRecordsIn,5537.0
1784196828,4,"Source: Source-data -> LoadJSON, Parse, _stream_key_by_map_operator",1,numRecordsInPerSecond,0.0
1784196828,4,"Source: Source-data -> LoadJSON, Parse, _stream_key_by_map_operator",1,backPressuredTimeMsPerSecond,1000.0
1784196828,4,"Source: Source-data -> LoadJSON, Parse, _stream_key_by_map_operator",2,busyTimeMsPerSecond,0.0
1784196828,4,"Source: Source-data -> LoadJSON, Parse, _stream_key_by_map_operator",2,numRecordsOutPerSecond,0.0
1784196828,4,"Source: Source-data -> LoadJSON, Parse, _stream_key_by_map_operator",2,idleTimeMsPerSecond,0.0
1784196828,4,"Source: Source-data -> LoadJSON, Parse, _stream_key_by_map_operator",2,numRecordsOut,5381.0
1784196828,4,"Source: Source-data -> LoadJSON, Parse, _stream_key_by_map_operator",2,numRecordsIn,5381.0
1784196828,4,"Source: Source-data -> LoadJSON, Parse, _stream_key_by_map_operator",2,numRecordsInPerSecond,0.0
1784196828,4,"Source: Source-data -> LoadJSON, Parse, _stream_key_by_map_operator",2,backPressuredTimeMsPerSecond,1000.0
1784196828,4,"Source: Source-data -> LoadJSON, Parse, _stream_key_by_map_operator",3,busyTimeMsPerSecond,0.0
1784196828,4,"Source: Source-data -> LoadJSON, Parse, _stream_key_by_map_operator",3,numRecordsOutPerSecond,0.0
1784196828,4,"Source: Source-data -> LoadJSON, Parse, _stream_key_by_map_operator",3,idleTimeMsPerSecond,0.0
1784196828,4,"Source: Source-data -> LoadJSON, Parse, _stream_key_by_map_operator",3,numRecordsOut,5536.0
1784196828,4,"Source: Source-data -> LoadJSON, Parse, _stream_key_by_map_operator",3,numRecordsIn,5536.0
1784196828,4,"Source: Source-data -> LoadJSON, Parse, _stream_key_by_map_operator",3,numRecordsInPerSecond,0.0
1784196828,4,"Source: Source-data -> LoadJSON, Parse, _stream_key_by_map_operator",3,backPressuredTimeMsPerSecond,1000.0
1784196828,4,"KEYED PROCESS, Parse->Train, _stream_key_by_map_operator",0,busyTimeMsPerSecond,233.0
1784196828,4,"KEYED PROCESS, Parse->Train, _stream_key_by_map_operator",0,numRecordsOutPerSecond,0.06666666666666667
1784196828,4,"KEYED PROCESS, Parse->Train, _stream_key_by_map_operator",0,idleTimeMsPerSecond,0.0
1784196828,4,"KEYED PROCESS, Parse->Train, _stream_key_by_map_operator",0,numRecordsOut,202.0
1784196828,4,"KEYED PROCESS, Parse->Train, _stream_key_by_map_operator",0,numRecordsIn,203.0
1784196828,4,"KEYED PROCESS, Parse->Train, _stream_key_by_map_operator",0,numRecordsInPerSecond,0.06666666666666667
1784196828,4,"KEYED PROCESS, Parse->Train, _stream_key_by_map_operator",0,backPressuredTimeMsPerSecond,767.0
1784196828,4,"KEYED PROCESS, Parse->Train, _stream_key_by_map_operator",1,busyTimeMsPerSecond,226.0
1784196828,4,"KEYED PROCESS, Parse->Train, _stream_key_by_map_operator",1,numRecordsOutPerSecond,0.08333333333333333
1784196828,4,"KEYED PROCESS, Parse->Train, _stream_key_by_map_operator",1,idleTimeMsPerSecond,0.0
1784196828,4,"KEYED PROCESS, Parse->Train, _stream_key_by_map_operator",1,numRecordsOut,106.0
1784196828,4,"KEYED PROCESS, Parse->Train, _stream_key_by_map_operator",1,numRecordsIn,107.0
1784196828,4,"KEYED PROCESS, Parse->Train, _stream_key_by_map_operator",1,numRecordsInPerSecond,0.08333333333333333
1784196828,4,"KEYED PROCESS, Parse->Train, _stream_key_by_map_operator",1,backPressuredTimeMsPerSecond,774.0
1784196828,4,"KEYED PROCESS, Parse->Train, _stream_key_by_map_operator",2,busyTimeMsPerSecond,457.0
1784196828,4,"KEYED PROCESS, Parse->Train, _stream_key_by_map_operator",2,numRecordsOutPerSecond,0.15
1784196828,4,"KEYED PROCESS, Parse->Train, _stream_key_by_map_operator",2,idleTimeMsPerSecond,0.0
1784196828,4,"KEYED PROCESS, Parse->Train, _stream_key_by_map_operator",2,numRecordsOut,169.0
1784196828,4,"KEYED PROCESS, Parse->Train, _stream_key_by_map_operator",2,numRecordsIn,170.0
1784196828,4,"KEYED PROCESS, Parse->Train, _stream_key_by_map_operator",2,numRecordsInPerSecond,0.15
1784196828,4,"KEYED PROCESS, Parse->Train, _stream_key_by_map_operator",2,backPressuredTimeMsPerSecond,543.0
1784196828,4,"KEYED PROCESS, Parse->Train, _stream_key_by_map_operator",3,busyTimeMsPerSecond,297.0
1784196828,4,"KEYED PROCESS, Parse->Train, _stream_key_by_map_operator",3,numRecordsOutPerSecond,0.1
1784196828,4,"KEYED PROCESS, Parse->Train, _stream_key_by_map_operator",3,idleTimeMsPerSecond,0.0
1784196828,4,"KEYED PROCESS, Parse->Train, _stream_key_by_map_operator",3,numRecordsOut,125.0
1784196828,4,"KEYED PROCESS, Parse->Train, _stream_key_by_map_operator",3,numRecordsIn,126.0
1784196828,4,"KEYED PROCESS, Parse->Train, _stream_key_by_map_operator",3,numRecordsInPerSecond,0.1
1784196828,4,"KEYED PROCESS, Parse->Train, _stream_key_by_map_operator",3,backPressuredTimeMsPerSecond,703.0
1784196828,4,"KEYED PROCESS, Train->Infer, _stream_key_by_map_operator",0,busyTimeMsPerSecond,627.0
1784196828,4,"KEYED PROCESS, Train->Infer, _stream_key_by_map_operator",0,numRecordsOutPerSecond,66.66666666666667
1784196828,4,"KEYED PROCESS, Train->Infer, _stream_key_by_map_operator",0,idleTimeMsPerSecond,0.0
1784196828,4,"KEYED PROCESS, Train->Infer, _stream_key_by_map_operator",0,numRecordsOut,54120.0
1784196828,4,"KEYED PROCESS, Train->Infer, _stream_key_by_map_operator",0,numRecordsIn,229.0
1784196828,4,"KEYED PROCESS, Train->Infer, _stream_key_by_map_operator",0,numRecordsInPerSecond,0.13333333333333333
1784196828,4,"KEYED PROCESS, Train->Infer, _stream_key_by_map_operator",0,backPressuredTimeMsPerSecond,373.0
1784196828,4,"KEYED PROCESS, Train->Infer, _stream_key_by_map_operator",1,busyTimeMsPerSecond,81.0
1784196828,4,"KEYED PROCESS, Train->Infer, _stream_key_by_map_operator",1,numRecordsOutPerSecond,16.666666666666668
1784196828,4,"KEYED PROCESS, Train->Infer, _stream_key_by_map_operator",1,idleTimeMsPerSecond,919.0
1784196828,4,"KEYED PROCESS, Train->Infer, _stream_key_by_map_operator",1,numRecordsOut,40515.0
1784196828,4,"KEYED PROCESS, Train->Infer, _stream_key_by_map_operator",1,numRecordsIn,96.0
1784196828,4,"KEYED PROCESS, Train->Infer, _stream_key_by_map_operator",1,numRecordsInPerSecond,0.016666666666666666
1784196828,4,"KEYED PROCESS, Train->Infer, _stream_key_by_map_operator",1,backPressuredTimeMsPerSecond,0.0
1784196828,4,"KEYED PROCESS, Train->Infer, _stream_key_by_map_operator",2,busyTimeMsPerSecond,557.0
1784196828,4,"KEYED PROCESS, Train->Infer, _stream_key_by_map_operator",2,numRecordsOutPerSecond,58.333333333333336
1784196828,4,"KEYED PROCESS, Train->Infer, _stream_key_by_map_operator",2,idleTimeMsPerSecond,443.0
1784196828,4,"KEYED PROCESS, Train->Infer, _stream_key_by_map_operator",2,numRecordsOut,41575.0
1784196828,4,"KEYED PROCESS, Train->Infer, _stream_key_by_map_operator",2,numRecordsIn,159.0
1784196828,4,"KEYED PROCESS, Train->Infer, _stream_key_by_map_operator",2,numRecordsInPerSecond,0.13333333333333333
1784196828,4,"KEYED PROCESS, Train->Infer, _stream_key_by_map_operator",2,backPressuredTimeMsPerSecond,0.0
1784196828,4,"KEYED PROCESS, Train->Infer, _stream_key_by_map_operator",3,busyTimeMsPerSecond,453.0
1784196828,4,"KEYED PROCESS, Train->Infer, _stream_key_by_map_operator",3,numRecordsOutPerSecond,50.0
1784196828,4,"KEYED PROCESS, Train->Infer, _stream_key_by_map_operator",3,idleTimeMsPerSecond,547.0
1784196828,4,"KEYED PROCESS, Train->Infer, _stream_key_by_map_operator",3,numRecordsOut,46030.0
1784196828,4,"KEYED PROCESS, Train->Infer, _stream_key_by_map_operator",3,numRecordsIn,123.0
1784196828,4,"KEYED PROCESS, Train->Infer, _stream_key_by_map_operator",3,numRecordsInPerSecond,0.1
1784196828,4,"KEYED PROCESS, Train->Infer, _stream_key_by_map_operator",3,backPressuredTimeMsPerSecond,0.0
1784196828,4,"Infer->Rank, Rank->Filter, Filter -> Sink: Writer -> Sink: Committer",0,busyTimeMsPerSecond,1000.0
1784196828,4,"Infer->Rank, Rank->Filter, Filter -> Sink: Writer -> Sink: Committer",0,numRecordsOutPerSecond,59.333333333333336
1784196828,4,"Infer->Rank, Rank->Filter, Filter -> Sink: Writer -> Sink: Committer",0,idleTimeMsPerSecond,0.0
1784196828,4,"Infer->Rank, Rank->Filter, Filter -> Sink: Writer -> Sink: Committer",0,numRecordsOut,46970.0
1784196828,4,"Infer->Rank, Rank->Filter, Filter -> Sink: Writer -> Sink: Committer",0,numRecordsIn,51105.0
1784196828,4,"Infer->Rank, Rank->Filter, Filter -> Sink: Writer -> Sink: Committer",0,numRecordsInPerSecond,67.61666666666666
1784196828,4,"Infer->Rank, Rank->Filter, Filter -> Sink: Writer -> Sink: Committer",0,backPressuredTimeMsPerSecond,0.0
1784196828,4,"Infer->Rank, Rank->Filter, Filter -> Sink: Writer -> Sink: Committer",1,busyTimeMsPerSecond,303.0
1784196828,4,"Infer->Rank, Rank->Filter, Filter -> Sink: Writer -> Sink: Committer",1,numRecordsOutPerSecond,12.333333333333334
1784196828,4,"Infer->Rank, Rank->Filter, Filter -> Sink: Writer -> Sink: Committer",1,idleTimeMsPerSecond,697.0
1784196828,4,"Infer->Rank, Rank->Filter, Filter -> Sink: Writer -> Sink: Committer",1,numRecordsOut,38000.0
1784196828,4,"Infer->Rank, Rank->Filter, Filter -> Sink: Writer -> Sink: Committer",1,numRecordsIn,40515.0
1784196828,4,"Infer->Rank, Rank->Filter, Filter -> Sink: Writer -> Sink: Committer",1,numRecordsInPerSecond,28.883333333333333
1784196828,4,"Infer->Rank, Rank->Filter, Filter -> Sink: Writer -> Sink: Committer",1,backPressuredTimeMsPerSecond,0.0
1784196828,4,"Infer->Rank, Rank->Filter, Filter -> Sink: Writer -> Sink: Committer",2,busyTimeMsPerSecond,565.0
1784196828,4,"Infer->Rank, Rank->Filter, Filter -> Sink: Writer -> Sink: Committer",2,numRecordsOutPerSecond,19.0
1784196828,4,"Infer->Rank, Rank->Filter, Filter -> Sink: Writer -> Sink: Committer",2,idleTimeMsPerSecond,435.0
1784196828,4,"Infer->Rank, Rank->Filter, Filter -> Sink: Writer -> Sink: Committer",2,numRecordsOut,37040.0
1784196828,4,"Infer->Rank, Rank->Filter, Filter -> Sink: Writer -> Sink: Committer",2,numRecordsIn,39622.0
1784196828,4,"Infer->Rank, Rank->Filter, Filter -> Sink: Writer -> Sink: Committer",2,numRecordsInPerSecond,27.266666666666666
1784196828,4,"Infer->Rank, Rank->Filter, Filter -> Sink: Writer -> Sink: Committer",2,backPressuredTimeMsPerSecond,0.0
1784196828,4,"Infer->Rank, Rank->Filter, Filter -> Sink: Writer -> Sink: Committer",3,busyTimeMsPerSecond,537.0
1784196828,4,"Infer->Rank, Rank->Filter, Filter -> Sink: Writer -> Sink: Committer",3,numRecordsOutPerSecond,25.333333333333332
1784196828,4,"Infer->Rank, Rank->Filter, Filter -> Sink: Writer -> Sink: Committer",3,idleTimeMsPerSecond,463.0
1784196828,4,"Infer->Rank, Rank->Filter, Filter -> Sink: Writer -> Sink: Committer",3,numRecordsOut,42000.0
1784196828,4,"Infer->Rank, Rank->Filter, Filter -> Sink: Writer -> Sink: Committer",3,numRecordsIn,45098.0
1784196828,4,"Infer->Rank, Rank->Filter, Filter -> Sink: Writer -> Sink: Committer",3,numRecordsInPerSecond,34.11666666666667
1784196828,4,"Infer->Rank, Rank->Filter, Filter -> Sink: Writer -> Sink: Committer",3,backPressuredTimeMsPerSecond,0.0
1784196843,4,"Source: Source-data -> LoadJSON, Parse, _stream_key_by_map_operator",0,busyTimeMsPerSecond,0.0
1784196843,4,"Source: Source-data -> LoadJSON, Parse, _stream_key_by_map_operator",0,numRecordsOutPerSecond,0.0
1784196843,4,"Source: Source-data -> LoadJSON, Parse, _stream_key_by_map_operator",0,idleTimeMsPerSecond,0.0
1784196843,4,"Source: Source-data -> LoadJSON, Parse, _stream_key_by_map_operator",0,numRecordsOut,5048.0
1784196843,4,"Source: Source-data -> LoadJSON, Parse, _stream_key_by_map_operator",0,numRecordsIn,5048.0
1784196843,4,"Source: Source-data -> LoadJSON, Parse, _stream_key_by_map_operator",0,numRecordsInPerSecond,0.0
1784196843,4,"Source: Source-data -> LoadJSON, Parse, _stream_key_by_map_operator",0,backPressuredTimeMsPerSecond,1000.0
1784196843,4,"Source: Source-data -> LoadJSON, Parse, _stream_key_by_map_operator",1,busyTimeMsPerSecond,0.0
1784196843,4,"Source: Source-data -> LoadJSON, Parse, _stream_key_by_map_operator",1,numRecordsOutPerSecond,0.0
1784196843,4,"Source: Source-data -> LoadJSON, Parse, _stream_key_by_map_operator",1,idleTimeMsPerSecond,0.0
1784196843,4,"Source: Source-data -> LoadJSON, Parse, _stream_key_by_map_operator",1,numRecordsOut,5537.0
1784196843,4,"Source: Source-data -> LoadJSON, Parse, _stream_key_by_map_operator",1,numRecordsIn,5537.0
1784196843,4,"Source: Source-data -> LoadJSON, Parse, _stream_key_by_map_operator",1,numRecordsInPerSecond,0.0
1784196843,4,"Source: Source-data -> LoadJSON, Parse, _stream_key_by_map_operator",1,backPressuredTimeMsPerSecond,1000.0
1784196843,4,"Source: Source-data -> LoadJSON, Parse, _stream_key_by_map_operator",2,busyTimeMsPerSecond,0.0
1784196843,4,"Source: Source-data -> LoadJSON, Parse, _stream_key_by_map_operator",2,numRecordsOutPerSecond,0.0
1784196843,4,"Source: Source-data -> LoadJSON, Parse, _stream_key_by_map_operator",2,idleTimeMsPerSecond,0.0
1784196843,4,"Source: Source-data -> LoadJSON, Parse, _stream_key_by_map_operator",2,numRecordsOut,5381.0
1784196843,4,"Source: Source-data -> LoadJSON, Parse, _stream_key_by_map_operator",2,numRecordsIn,5381.0
1784196843,4,"Source: Source-data -> LoadJSON, Parse, _stream_key_by_map_operator",2,numRecordsInPerSecond,0.0
1784196843,4,"Source: Source-data -> LoadJSON, Parse, _stream_key_by_map_operator",2,backPressuredTimeMsPerSecond,1000.0
1784196843,4,"Source: Source-data -> LoadJSON, Parse, _stream_key_by_map_operator",3,busyTimeMsPerSecond,0.0
1784196843,4,"Source: Source-data -> LoadJSON, Parse, _stream_key_by_map_operator",3,numRecordsOutPerSecond,0.0
1784196843,4,"Source: Source-data -> LoadJSON, Parse, _stream_key_by_map_operator",3,idleTimeMsPerSecond,0.0
1784196843,4,"Source: Source-data -> LoadJSON, Parse, _stream_key_by_map_operator",3,numRecordsOut,5536.0
1784196843,4,"Source: Source-data -> LoadJSON, Parse, _stream_key_by_map_operator",3,numRecordsIn,5536.0
1784196843,4,"Source: Source-data -> LoadJSON, Parse, _stream_key_by_map_operator",3,numRecordsInPerSecond,0.0
1784196843,4,"Source: Source-data -> LoadJSON, Parse, _stream_key_by_map_operator",3,backPressuredTimeMsPerSecond,1000.0
1784196843,4,"KEYED PROCESS, Parse->Train, _stream_key_by_map_operator",0,busyTimeMsPerSecond,238.0
1784196843,4,"KEYED PROCESS, Parse->Train, _stream_key_by_map_operator",0,numRecordsOutPerSecond,0.08333333333333333
1784196843,4,"KEYED PROCESS, Parse->Train, _stream_key_by_map_operator",0,idleTimeMsPerSecond,0.0
1784196843,4,"KEYED PROCESS, Parse->Train, _stream_key_by_map_operator",0,numRecordsOut,206.0
1784196843,4,"KEYED PROCESS, Parse->Train, _stream_key_by_map_operator",0,numRecordsIn,207.0
1784196843,4,"KEYED PROCESS, Parse->Train, _stream_key_by_map_operator",0,numRecordsInPerSecond,0.08333333333333333
1784196843,4,"KEYED PROCESS, Parse->Train, _stream_key_by_map_operator",0,backPressuredTimeMsPerSecond,762.0
1784196843,4,"KEYED PROCESS, Parse->Train, _stream_key_by_map_operator",1,busyTimeMsPerSecond,226.0
1784196843,4,"KEYED PROCESS, Parse->Train, _stream_key_by_map_operator",1,numRecordsOutPerSecond,0.08333333333333333
1784196843,4,"KEYED PROCESS, Parse->Train, _stream_key_by_map_operator",1,idleTimeMsPerSecond,0.0
1784196843,4,"KEYED PROCESS, Parse->Train, _stream_key_by_map_operator",1,numRecordsOut,107.0
1784196843,4,"KEYED PROCESS, Parse->Train, _stream_key_by_map_operator",1,numRecordsIn,108.0
1784196843,4,"KEYED PROCESS, Parse->Train, _stream_key_by_map_operator",1,numRecordsInPerSecond,0.08333333333333333
1784196843,4,"KEYED PROCESS, Parse->Train, _stream_key_by_map_operator",1,backPressuredTimeMsPerSecond,774.0
1784196843,4,"KEYED PROCESS, Parse->Train, _stream_key_by_map_operator",2,busyTimeMsPerSecond,422.0
1784196843,4,"KEYED PROCESS, Parse->Train, _stream_key_by_map_operator",2,numRecordsOutPerSecond,0.15
1784196843,4,"KEYED PROCESS, Parse->Train, _stream_key_by_map_operator",2,idleTimeMsPerSecond,0.0
1784196843,4,"KEYED PROCESS, Parse->Train, _stream_key_by_map_operator",2,numRecordsOut,172.0
1784196843,4,"KEYED PROCESS, Parse->Train, _stream_key_by_map_operator",2,numRecordsIn,173.0
1784196843,4,"KEYED PROCESS, Parse->Train, _stream_key_by_map_operator",2,numRecordsInPerSecond,0.15
1784196843,4,"KEYED PROCESS, Parse->Train, _stream_key_by_map_operator",2,backPressuredTimeMsPerSecond,578.0
1784196843,4,"KEYED PROCESS, Parse->Train, _stream_key_by_map_operator",3,busyTimeMsPerSecond,297.0
1784196843,4,"KEYED PROCESS, Parse->Train, _stream_key_by_map_operator",3,numRecordsOutPerSecond,0.1
1784196843,4,"KEYED PROCESS, Parse->Train, _stream_key_by_map_operator",3,idleTimeMsPerSecond,0.0
1784196843,4,"KEYED PROCESS, Parse->Train, _stream_key_by_map_operator",3,numRecordsOut,125.0
1784196843,4,"KEYED PROCESS, Parse->Train, _stream_key_by_map_operator",3,numRecordsIn,126.0
1784196843,4,"KEYED PROCESS, Parse->Train, _stream_key_by_map_operator",3,numRecordsInPerSecond,0.1
1784196843,4,"KEYED PROCESS, Parse->Train, _stream_key_by_map_operator",3,backPressuredTimeMsPerSecond,703.0
1784196843,4,"KEYED PROCESS, Train->Infer, _stream_key_by_map_operator",0,busyTimeMsPerSecond,627.0
1784196843,4,"KEYED PROCESS, Train->Infer, _stream_key_by_map_operator",0,numRecordsOutPerSecond,66.66666666666667
1784196843,4,"KEYED PROCESS, Train->Infer, _stream_key_by_map_operator",0,idleTimeMsPerSecond,0.0
1784196843,4,"KEYED PROCESS, Train->Infer, _stream_key_by_map_operator",0,numRecordsOut,54120.0
1784196843,4,"KEYED PROCESS, Train->Infer, _stream_key_by_map_operator",0,numRecordsIn,229.0
1784196843,4,"KEYED PROCESS, Train->Infer, _stream_key_by_map_operator",0,numRecordsInPerSecond,0.13333333333333333
1784196843,4,"KEYED PROCESS, Train->Infer, _stream_key_by_map_operator",0,backPressuredTimeMsPerSecond,373.0
1784196843,4,"KEYED PROCESS, Train->Infer, _stream_key_by_map_operator",1,busyTimeMsPerSecond,116.0
1784196843,4,"KEYED PROCESS, Train->Infer, _stream_key_by_map_operator",1,numRecordsOutPerSecond,16.666666666666668
1784196843,4,"KEYED PROCESS, Train->Infer, _stream_key_by_map_operator",1,idleTimeMsPerSecond,884.0
1784196843,4,"KEYED PROCESS, Train->Infer, _stream_key_by_map_operator",1,numRecordsOut,41015.0
1784196843,4,"KEYED PROCESS, Train->Infer, _stream_key_by_map_operator",1,numRecordsIn,97.0
1784196843,4,"KEYED PROCESS, Train->Infer, _stream_key_by_map_operator",1,numRecordsInPerSecond,0.03333333333333333
1784196843,4,"KEYED PROCESS, Train->Infer, _stream_key_by_map_operator",1,backPressuredTimeMsPerSecond,0.0
1784196843,4,"KEYED PROCESS, Train->Infer, _stream_key_by_map_operator",2,busyTimeMsPerSecond,715.0
1784196843,4,"KEYED PROCESS, Train->Infer, _stream_key_by_map_operator",2,numRecordsOutPerSecond,75.0
1784196843,4,"KEYED PROCESS, Train->Infer, _stream_key_by_map_operator",2,idleTimeMsPerSecond,285.0
1784196843,4,"KEYED PROCESS, Train->Infer, _stream_key_by_map_operator",2,numRecordsOut,42575.0
1784196843,4,"KEYED PROCESS, Train->Infer, _stream_key_by_map_operator",2,numRecordsIn,160.0
1784196843,4,"KEYED PROCESS, Train->Infer, _stream_key_by_map_operator",2,numRecordsInPerSecond,0.15
1784196843,4,"KEYED PROCESS, Train->Infer, _stream_key_by_map_operator",2,backPressuredTimeMsPerSecond,0.0
1784196843,4,"KEYED PROCESS, Train->Infer, _stream_key_by_map_operator",3,busyTimeMsPerSecond,703.0
1784196843,4,"KEYED PROCESS, Train->Infer, _stream_key_by_map_operator",3,numRecordsOutPerSecond,75.0
1784196843,4,"KEYED PROCESS, Train->Infer, _stream_key_by_map_operator",3,idleTimeMsPerSecond,297.0
1784196843,4,"KEYED PROCESS, Train->Infer, _stream_key_by_map_operator",3,numRecordsOut,47530.0
1784196843,4,"KEYED PROCESS, Train->Infer, _stream_key_by_map_operator",3,numRecordsIn,126.0
1784196843,4,"KEYED PROCESS, Train->Infer, _stream_key_by_map_operator",3,numRecordsInPerSecond,0.16666666666666666
1784196843,4,"KEYED PROCESS, Train->Infer, _stream_key_by_map_operator",3,backPressuredTimeMsPerSecond,0.0
1784196843,4,"Infer->Rank, Rank->Filter, Filter -> Sink: Writer -> Sink: Committer",0,busyTimeMsPerSecond,1000.0
1784196843,4,"Infer->Rank, Rank->Filter, Filter -> Sink: Writer -> Sink: Committer",0,numRecordsOutPerSecond,57.666666666666664
1784196843,4,"Infer->Rank, Rank->Filter, Filter -> Sink: Writer -> Sink: Committer",0,idleTimeMsPerSecond,0.0
1784196843,4,"Infer->Rank, Rank->Filter, Filter -> Sink: Writer -> Sink: Committer",0,numRecordsOut,47990.0
1784196843,4,"Infer->Rank, Rank->Filter, Filter -> Sink: Writer -> Sink: Committer",0,numRecordsIn,52127.0
1784196843,4,"Infer->Rank, Rank->Filter, Filter -> Sink: Writer -> Sink: Committer",0,numRecordsInPerSecond,66.01666666666667
1784196843,4,"Infer->Rank, Rank->Filter, Filter -> Sink: Writer -> Sink: Committer",0,backPressuredTimeMsPerSecond,0.0
1784196843,4,"Infer->Rank, Rank->Filter, Filter -> Sink: Writer -> Sink: Committer",1,busyTimeMsPerSecond,170.0
1784196843,4,"Infer->Rank, Rank->Filter, Filter -> Sink: Writer -> Sink: Committer",1,numRecordsOutPerSecond,16.666666666666668
1784196843,4,"Infer->Rank, Rank->Filter, Filter -> Sink: Writer -> Sink: Committer",1,idleTimeMsPerSecond,830.0
1784196843,4,"Infer->Rank, Rank->Filter, Filter -> Sink: Writer -> Sink: Committer",1,numRecordsOut,38500.0
1784196843,4,"Infer->Rank, Rank->Filter, Filter -> Sink: Writer -> Sink: Committer",1,numRecordsIn,41015.0
1784196843,4,"Infer->Rank, Rank->Filter, Filter -> Sink: Writer -> Sink: Committer",1,numRecordsInPerSecond,16.666666666666668
1784196843,4,"Infer->Rank, Rank->Filter, Filter -> Sink: Writer -> Sink: Committer",1,backPressuredTimeMsPerSecond,0.0
1784196843,4,"Infer->Rank, Rank->Filter, Filter -> Sink: Writer -> Sink: Committer",2,busyTimeMsPerSecond,805.0
1784196843,4,"Infer->Rank, Rank->Filter, Filter -> Sink: Writer -> Sink: Committer",2,numRecordsOutPerSecond,33.0
1784196843,4,"Infer->Rank, Rank->Filter, Filter -> Sink: Writer -> Sink: Committer",2,idleTimeMsPerSecond,195.0
1784196843,4,"Infer->Rank, Rank->Filter, Filter -> Sink: Writer -> Sink: Committer",2,numRecordsOut,37980.0
1784196843,4,"Infer->Rank, Rank->Filter, Filter -> Sink: Writer -> Sink: Committer",2,numRecordsIn,40565.0
1784196843,4,"Infer->Rank, Rank->Filter, Filter -> Sink: Writer -> Sink: Committer",2,numRecordsInPerSecond,41.5
1784196843,4,"Infer->Rank, Rank->Filter, Filter -> Sink: Writer -> Sink: Committer",2,backPressuredTimeMsPerSecond,0.0
1784196843,4,"Infer->Rank, Rank->Filter, Filter -> Sink: Writer -> Sink: Committer",3,busyTimeMsPerSecond,785.0
1784196843,4,"Infer->Rank, Rank->Filter, Filter -> Sink: Writer -> Sink: Committer",3,numRecordsOutPerSecond,31.5
1784196843,4,"Infer->Rank, Rank->Filter, Filter -> Sink: Writer -> Sink: Committer",3,idleTimeMsPerSecond,215.0
1784196843,4,"Infer->Rank, Rank->Filter, Filter -> Sink: Writer -> Sink: Committer",3,numRecordsOut,42400.0
1784196843,4,"Infer->Rank, Rank->Filter, Filter -> Sink: Writer -> Sink: Committer",3,numRecordsIn,45937.0
1784196843,4,"Infer->Rank, Rank->Filter, Filter -> Sink: Writer -> Sink: Committer",3,numRecordsInPerSecond,48.333333333333336
1784196843,4,"Infer->Rank, Rank->Filter, Filter -> Sink: Writer -> Sink: Committer",3,backPressuredTimeMsPerSecond,0.0
1784196858,4,"Source: Source-data -> LoadJSON, Parse, _stream_key_by_map_operator",0,busyTimeMsPerSecond,0.0
1784196858,4,"Source: Source-data -> LoadJSON, Parse, _stream_key_by_map_operator",0,numRecordsOutPerSecond,0.0
1784196858,4,"Source: Source-data -> LoadJSON, Parse, _stream_key_by_map_operator",0,idleTimeMsPerSecond,0.0
1784196858,4,"Source: Source-data -> LoadJSON, Parse, _stream_key_by_map_operator",0,numRecordsOut,5048.0
1784196858,4,"Source: Source-data -> LoadJSON, Parse, _stream_key_by_map_operator",0,numRecordsIn,5048.0
1784196858,4,"Source: Source-data -> LoadJSON, Parse, _stream_key_by_map_operator",0,numRecordsInPerSecond,0.0
1784196858,4,"Source: Source-data -> LoadJSON, Parse, _stream_key_by_map_operator",0,backPressuredTimeMsPerSecond,1000.0
1784196858,4,"Source: Source-data -> LoadJSON, Parse, _stream_key_by_map_operator",1,busyTimeMsPerSecond,0.0
1784196858,4,"Source: Source-data -> LoadJSON, Parse, _stream_key_by_map_operator",1,numRecordsOutPerSecond,0.0
1784196858,4,"Source: Source-data -> LoadJSON, Parse, _stream_key_by_map_operator",1,idleTimeMsPerSecond,0.0
1784196858,4,"Source: Source-data -> LoadJSON, Parse, _stream_key_by_map_operator",1,numRecordsOut,5537.0
1784196858,4,"Source: Source-data -> LoadJSON, Parse, _stream_key_by_map_operator",1,numRecordsIn,5537.0
1784196858,4,"Source: Source-data -> LoadJSON, Parse, _stream_key_by_map_operator",1,numRecordsInPerSecond,0.0
1784196858,4,"Source: Source-data -> LoadJSON, Parse, _stream_key_by_map_operator",1,backPressuredTimeMsPerSecond,1000.0
1784196858,4,"Source: Source-data -> LoadJSON, Parse, _stream_key_by_map_operator",2,busyTimeMsPerSecond,0.0
1784196858,4,"Source: Source-data -> LoadJSON, Parse, _stream_key_by_map_operator",2,numRecordsOutPerSecond,0.0
1784196858,4,"Source: Source-data -> LoadJSON, Parse, _stream_key_by_map_operator",2,idleTimeMsPerSecond,0.0
1784196858,4,"Source: Source-data -> LoadJSON, Parse, _stream_key_by_map_operator",2,numRecordsOut,5381.0
1784196858,4,"Source: Source-data -> LoadJSON, Parse, _stream_key_by_map_operator",2,numRecordsIn,5381.0
1784196858,4,"Source: Source-data -> LoadJSON, Parse, _stream_key_by_map_operator",2,numRecordsInPerSecond,0.0
1784196858,4,"Source: Source-data -> LoadJSON, Parse, _stream_key_by_map_operator",2,backPressuredTimeMsPerSecond,1000.0
1784196858,4,"Source: Source-data -> LoadJSON, Parse, _stream_key_by_map_operator",3,busyTimeMsPerSecond,0.0
1784196858,4,"Source: Source-data -> LoadJSON, Parse, _stream_key_by_map_operator",3,numRecordsOutPerSecond,0.0
1784196858,4,"Source: Source-data -> LoadJSON, Parse, _stream_key_by_map_operator",3,idleTimeMsPerSecond,0.0
1784196858,4,"Source: Source-data -> LoadJSON, Parse, _stream_key_by_map_operator",3,numRecordsOut,5536.0
1784196858,4,"Source: Source-data -> LoadJSON, Parse, _stream_key_by_map_operator",3,numRecordsIn,5536.0
1784196858,4,"Source: Source-data -> LoadJSON, Parse, _stream_key_by_map_operator",3,numRecordsInPerSecond,0.0
1784196858,4,"Source: Source-data -> LoadJSON, Parse, _stream_key_by_map_operator",3,backPressuredTimeMsPerSecond,1000.0
1784196858,4,"KEYED PROCESS, Parse->Train, _stream_key_by_map_operator",0,busyTimeMsPerSecond,313.0
1784196858,4,"KEYED PROCESS, Parse->Train, _stream_key_by_map_operator",0,numRecordsOutPerSecond,0.1
1784196858,4,"KEYED PROCESS, Parse->Train, _stream_key_by_map_operator",0,idleTimeMsPerSecond,0.0
1784196858,4,"KEYED PROCESS, Parse->Train, _stream_key_by_map_operator",0,numRecordsOut,207.0
1784196858,4,"KEYED PROCESS, Parse->Train, _stream_key_by_map_operator",0,numRecordsIn,208.0
1784196858,4,"KEYED PROCESS, Parse->Train, _stream_key_by_map_operator",0,numRecordsInPerSecond,0.1
1784196858,4,"KEYED PROCESS, Parse->Train, _stream_key_by_map_operator",0,backPressuredTimeMsPerSecond,687.0
1784196858,4,"KEYED PROCESS, Parse->Train, _stream_key_by_map_operator",1,busyTimeMsPerSecond,226.0
1784196858,4,"KEYED PROCESS, Parse->Train, _stream_key_by_map_operator",1,numRecordsOutPerSecond,0.08333333333333333
1784196858,4,"KEYED PROCESS, Parse->Train, _stream_key_by_map_operator",1,idleTimeMsPerSecond,0.0
1784196858,4,"KEYED PROCESS, Parse->Train, _stream_key_by_map_operator",1,numRecordsOut,107.0
1784196858,4,"KEYED PROCESS, Parse->Train, _stream_key_by_map_operator",1,numRecordsIn,108.0
1784196858,4,"KEYED PROCESS, Parse->Train, _stream_key_by_map_operator",1,numRecordsInPerSecond,0.08333333333333333
1784196858,4,"KEYED PROCESS, Parse->Train, _stream_key_by_map_operator",1,backPressuredTimeMsPerSecond,774.0
1784196858,4,"KEYED PROCESS, Parse->Train, _stream_key_by_map_operator",2,busyTimeMsPerSecond,515.0
1784196858,4,"KEYED PROCESS, Parse->Train, _stream_key_by_map_operator",2,numRecordsOutPerSecond,0.18333333333333332
1784196858,4,"KEYED PROCESS, Parse->Train, _stream_key_by_map_operator",2,idleTimeMsPerSecond,0.0
1784196858,4,"KEYED PROCESS, Parse->Train, _stream_key_by_map_operator",2,numRecordsOut,174.0
1784196858,4,"KEYED PROCESS, Parse->Train, _stream_key_by_map_operator",2,numRecordsIn,175.0
1784196858,4,"KEYED PROCESS, Parse->Train, _stream_key_by_map_operator",2,numRecordsInPerSecond,0.18333333333333332
1784196858,4,"KEYED PROCESS, Parse->Train, _stream_key_by_map_operator",2,backPressuredTimeMsPerSecond,485.0
1784196858,4,"KEYED PROCESS, Parse->Train, _stream_key_by_map_operator",3,busyTimeMsPerSecond,359.0
1784196858,4,"KEYED PROCESS, Parse->Train, _stream_key_by_map_operator",3,numRecordsOutPerSecond,0.11666666666666667
1784196858,4,"KEYED PROCESS, Parse->Train, _stream_key_by_map_operator",3,idleTimeMsPerSecond,0.0
1784196858,4,"KEYED PROCESS, Parse->Train, _stream_key_by_map_operator",3,numRecordsOut,126.0
1784196858,4,"KEYED PROCESS, Parse->Train, _stream_key_by_map_operator",3,numRecordsIn,127.0
1784196858,4,"KEYED PROCESS, Parse->Train, _stream_key_by_map_operator",3,numRecordsInPerSecond,0.11666666666666667
1784196858,4,"KEYED PROCESS, Parse->Train, _stream_key_by_map_operator",3,backPressuredTimeMsPerSecond,641.0
1784196858,4,"KEYED PROCESS, Train->Infer, _stream_key_by_map_operator",0,busyTimeMsPerSecond,644.0
1784196858,4,"KEYED PROCESS, Train->Infer, _stream_key_by_map_operator",0,numRecordsOutPerSecond,66.66666666666667
1784196858,4,"KEYED PROCESS, Train->Infer, _stream_key_by_map_operator",0,idleTimeMsPerSecond,0.0
1784196858,4,"KEYED PROCESS, Train->Infer, _stream_key_by_map_operator",0,numRecordsOut,55120.0
1784196858,4,"KEYED PROCESS, Train->Infer, _stream_key_by_map_operator",0,numRecordsIn,231.0
1784196858,4,"KEYED PROCESS, Train->Infer, _stream_key_by_map_operator",0,numRecordsInPerSecond,0.13333333333333333
1784196858,4,"KEYED PROCESS, Train->Infer, _stream_key_by_map_operator",0,backPressuredTimeMsPerSecond,356.0
1784196858,4,"KEYED PROCESS, Train->Infer, _stream_key_by_map_operator",1,busyTimeMsPerSecond,193.0
1784196858,4,"KEYED PROCESS, Train->Infer, _stream_key_by_map_operator",1,numRecordsOutPerSecond,25.0
1784196858,4,"KEYED PROCESS, Train->Infer, _stream_key_by_map_operator",1,idleTimeMsPerSecond,807.0
1784196858,4,"KEYED PROCESS, Train->Infer, _stream_key_by_map_operator",1,numRecordsOut,41515.0
1784196858,4,"KEYED PROCESS, Train->Infer, _stream_key_by_map_operator",1,numRecordsIn,98.0
1784196858,4,"KEYED PROCESS, Train->Infer, _stream_key_by_map_operator",1,numRecordsInPerSecond,0.05
1784196858,4,"KEYED PROCESS, Train->Infer, _stream_key_by_map_operator",1,backPressuredTimeMsPerSecond,0.0
1784196858,4,"KEYED PROCESS, Train->Infer, _stream_key_by_map_operator",2,busyTimeMsPerSecond,796.0
1784196858,4,"KEYED PROCESS, Train->Infer, _stream_key_by_map_operator",2,numRecordsOutPerSecond,75.0
1784196858,4,"KEYED PROCESS, Train->Infer, _stream_key_by_map_operator",2,idleTimeMsPerSecond,204.0
1784196858,4,"KEYED PROCESS, Train->Infer, _stream_key_by_map_operator",2,numRecordsOut,43075.0
1784196858,4,"KEYED PROCESS, Train->Infer, _stream_key_by_map_operator",2,numRecordsIn,162.0
1784196858,4,"KEYED PROCESS, Train->Infer, _stream_key_by_map_operator",2,numRecordsInPerSecond,0.15
1784196858,4,"KEYED PROCESS, Train->Infer, _stream_key_by_map_operator",2,backPressuredTimeMsPerSecond,0.0
1784196858,4,"KEYED PROCESS, Train->Infer, _stream_key_by_map_operator",3,busyTimeMsPerSecond,746.0
1784196858,4,"KEYED PROCESS, Train->Infer, _stream_key_by_map_operator",3,numRecordsOutPerSecond,91.66666666666667
1784196858,4,"KEYED PROCESS, Train->Infer, _stream_key_by_map_operator",3,idleTimeMsPerSecond,254.0
1784196858,4,"KEYED PROCESS, Train->Infer, _stream_key_by_map_operator",3,numRecordsOut,49030.0
1784196858,4,"KEYED PROCESS, Train->Infer, _stream_key_by_map_operator",3,numRecordsIn,128.0
1784196858,4,"KEYED PROCESS, Train->Infer, _stream_key_by_map_operator",3,numRecordsInPerSecond,0.16666666666666666
1784196858,4,"KEYED PROCESS, Train->Infer, _stream_key_by_map_operator",3,backPressuredTimeMsPerSecond,0.0
1784196858,4,"Infer->Rank, Rank->Filter, Filter -> Sink: Writer -> Sink: Committer",0,busyTimeMsPerSecond,1000.0
1784196858,4,"Infer->Rank, Rank->Filter, Filter -> Sink: Writer -> Sink: Committer",0,numRecordsOutPerSecond,52.833333333333336
1784196858,4,"Infer->Rank, Rank->Filter, Filter -> Sink: Writer -> Sink: Committer",0,idleTimeMsPerSecond,0.0
1784196858,4,"Infer->Rank, Rank->Filter, Filter -> Sink: Writer -> Sink: Committer",0,numRecordsOut,48660.0
1784196858,4,"Infer->Rank, Rank->Filter, Filter -> Sink: Writer -> Sink: Committer",0,numRecordsIn,53299.0
1784196858,4,"Infer->Rank, Rank->Filter, Filter -> Sink: Writer -> Sink: Committer",0,numRecordsInPerSecond,68.88333333333334
1784196858,4,"Infer->Rank, Rank->Filter, Filter -> Sink: Writer -> Sink: Committer",0,backPressuredTimeMsPerSecond,0.0
1784196858,4,"Infer->Rank, Rank->Filter, Filter -> Sink: Writer -> Sink: Committer",1,busyTimeMsPerSecond,269.0
1784196858,4,"Infer->Rank, Rank->Filter, Filter -> Sink: Writer -> Sink: Committer",1,numRecordsOutPerSecond,16.666666666666668
1784196858,4,"Infer->Rank, Rank->Filter, Filter -> Sink: Writer -> Sink: Committer",1,idleTimeMsPerSecond,731.0
1784196858,4,"Infer->Rank, Rank->Filter, Filter -> Sink: Writer -> Sink: Committer",1,numRecordsOut,38500.0
1784196858,4,"Infer->Rank, Rank->Filter, Filter -> Sink: Writer -> Sink: Committer",1,numRecordsIn,41515.0
1784196858,4,"Infer->Rank, Rank->Filter, Filter -> Sink: Writer -> Sink: Committer",1,numRecordsInPerSecond,25.0
1784196858,4,"Infer->Rank, Rank->Filter, Filter -> Sink: Writer -> Sink: Committer",1,backPressuredTimeMsPerSecond,0.0
1784196858,4,"Infer->Rank, Rank->Filter, Filter -> Sink: Writer -> Sink: Committer",2,busyTimeMsPerSecond,1000.0
1784196858,4,"Infer->Rank, Rank->Filter, Filter -> Sink: Writer -> Sink: Committer",2,numRecordsOutPerSecond,42.833333333333336
1784196858,4,"Infer->Rank, Rank->Filter, Filter -> Sink: Writer -> Sink: Committer",2,idleTimeMsPerSecond,0.0
1784196858,4,"Infer->Rank, Rank->Filter, Filter -> Sink: Writer -> Sink: Committer",2,numRecordsOut,38630.0
1784196858,4,"Infer->Rank, Rank->Filter, Filter -> Sink: Writer -> Sink: Committer",2,numRecordsIn,41209.0
1784196858,4,"Infer->Rank, Rank->Filter, Filter -> Sink: Writer -> Sink: Committer",2,numRecordsInPerSecond,51.233333333333334
1784196858,4,"Infer->Rank, Rank->Filter, Filter -> Sink: Writer -> Sink: Committer",2,backPressuredTimeMsPerSecond,0.0
1784196858,4,"Infer->Rank, Rank->Filter, Filter -> Sink: Writer -> Sink: Committer",3,busyTimeMsPerSecond,1000.0
1784196858,4,"Infer->Rank, Rank->Filter, Filter -> Sink: Writer -> Sink: Committer",3,numRecordsOutPerSecond,47.0
1784196858,4,"Infer->Rank, Rank->Filter, Filter -> Sink: Writer -> Sink: Committer",3,idleTimeMsPerSecond,0.0
1784196858,4,"Infer->Rank, Rank->Filter, Filter -> Sink: Writer -> Sink: Committer",3,numRecordsOut,43440.0
1784196858,4,"Infer->Rank, Rank->Filter, Filter -> Sink: Writer -> Sink: Committer",3,numRecordsIn,46980.0
1784196858,4,"Infer->Rank, Rank->Filter, Filter -> Sink: Writer -> Sink: Committer",3,numRecordsInPerSecond,63.7
1784196858,4,"Infer->Rank, Rank->Filter, Filter -> Sink: Writer -> Sink: Committer",3,backPressuredTimeMsPerSecond,0.0
1784196873,4,"Source: Source-data -> LoadJSON, Parse, _stream_key_by_map_operator",0,busyTimeMsPerSecond,0.0
1784196873,4,"Source: Source-data -> LoadJSON, Parse, _stream_key_by_map_operator",0,numRecordsOutPerSecond,0.0
1784196873,4,"Source: Source-data -> LoadJSON, Parse, _stream_key_by_map_operator",0,idleTimeMsPerSecond,0.0
1784196873,4,"Source: Source-data -> LoadJSON, Parse, _stream_key_by_map_operator",0,numRecordsOut,5048.0
1784196873,4,"Source: Source-data -> LoadJSON, Parse, _stream_key_by_map_operator",0,numRecordsIn,5048.0
1784196873,4,"Source: Source-data -> LoadJSON, Parse, _stream_key_by_map_operator",0,numRecordsInPerSecond,0.0
1784196873,4,"Source: Source-data -> LoadJSON, Parse, _stream_key_by_map_operator",0,backPressuredTimeMsPerSecond,1000.0
1784196873,4,"Source: Source-data -> LoadJSON, Parse, _stream_key_by_map_operator",1,busyTimeMsPerSecond,0.0
1784196873,4,"Source: Source-data -> LoadJSON, Parse, _stream_key_by_map_operator",1,numRecordsOutPerSecond,0.0
1784196873,4,"Source: Source-data -> LoadJSON, Parse, _stream_key_by_map_operator",1,idleTimeMsPerSecond,0.0
1784196873,4,"Source: Source-data -> LoadJSON, Parse, _stream_key_by_map_operator",1,numRecordsOut,5537.0
1784196873,4,"Source: Source-data -> LoadJSON, Parse, _stream_key_by_map_operator",1,numRecordsIn,5537.0
1784196873,4,"Source: Source-data -> LoadJSON, Parse, _stream_key_by_map_operator",1,numRecordsInPerSecond,0.0
1784196873,4,"Source: Source-data -> LoadJSON, Parse, _stream_key_by_map_operator",1,backPressuredTimeMsPerSecond,1000.0
1784196873,4,"Source: Source-data -> LoadJSON, Parse, _stream_key_by_map_operator",2,busyTimeMsPerSecond,0.0
1784196873,4,"Source: Source-data -> LoadJSON, Parse, _stream_key_by_map_operator",2,numRecordsOutPerSecond,0.0
1784196873,4,"Source: Source-data -> LoadJSON, Parse, _stream_key_by_map_operator",2,idleTimeMsPerSecond,0.0
1784196873,4,"Source: Source-data -> LoadJSON, Parse, _stream_key_by_map_operator",2,numRecordsOut,5381.0
1784196873,4,"Source: Source-data -> LoadJSON, Parse, _stream_key_by_map_operator",2,numRecordsIn,5381.0
1784196873,4,"Source: Source-data -> LoadJSON, Parse, _stream_key_by_map_operator",2,numRecordsInPerSecond,0.0
1784196873,4,"Source: Source-data -> LoadJSON, Parse, _stream_key_by_map_operator",2,backPressuredTimeMsPerSecond,1000.0
1784196873,4,"Source: Source-data -> LoadJSON, Parse, _stream_key_by_map_operator",3,busyTimeMsPerSecond,0.0
1784196873,4,"Source: Source-data -> LoadJSON, Parse, _stream_key_by_map_operator",3,numRecordsOutPerSecond,0.0
1784196873,4,"Source: Source-data -> LoadJSON, Parse, _stream_key_by_map_operator",3,idleTimeMsPerSecond,0.0
1784196873,4,"Source: Source-data -> LoadJSON, Parse, _stream_key_by_map_operator",3,numRecordsOut,5536.0
1784196873,4,"Source: Source-data -> LoadJSON, Parse, _stream_key_by_map_operator",3,numRecordsIn,5536.0
1784196873,4,"Source: Source-data -> LoadJSON, Parse, _stream_key_by_map_operator",3,numRecordsInPerSecond,0.0
1784196873,4,"Source: Source-data -> LoadJSON, Parse, _stream_key_by_map_operator",3,backPressuredTimeMsPerSecond,1000.0
1784196873,4,"KEYED PROCESS, Parse->Train, _stream_key_by_map_operator",0,busyTimeMsPerSecond,322.0
1784196873,4,"KEYED PROCESS, Parse->Train, _stream_key_by_map_operator",0,numRecordsOutPerSecond,0.1
1784196873,4,"KEYED PROCESS, Parse->Train, _stream_key_by_map_operator",0,idleTimeMsPerSecond,0.0
1784196873,4,"KEYED PROCESS, Parse->Train, _stream_key_by_map_operator",0,numRecordsOut,208.0
1784196873,4,"KEYED PROCESS, Parse->Train, _stream_key_by_map_operator",0,numRecordsIn,209.0
1784196873,4,"KEYED PROCESS, Parse->Train, _stream_key_by_map_operator",0,numRecordsInPerSecond,0.1
1784196873,4,"KEYED PROCESS, Parse->Train, _stream_key_by_map_operator",0,backPressuredTimeMsPerSecond,678.0
1784196873,4,"KEYED PROCESS, Parse->Train, _stream_key_by_map_operator",1,busyTimeMsPerSecond,298.0
1784196873,4,"KEYED PROCESS, Parse->Train, _stream_key_by_map_operator",1,numRecordsOutPerSecond,0.1
1784196873,4,"KEYED PROCESS, Parse->Train, _stream_key_by_map_operator",1,idleTimeMsPerSecond,0.0
1784196873,4,"KEYED PROCESS, Parse->Train, _stream_key_by_map_operator",1,numRecordsOut,110.0
1784196873,4,"KEYED PROCESS, Parse->Train, _stream_key_by_map_operator",1,numRecordsIn,111.0
1784196873,4,"KEYED PROCESS, Parse->Train, _stream_key_by_map_operator",1,numRecordsInPerSecond,0.1
1784196873,4,"KEYED PROCESS, Parse->Train, _stream_key_by_map_operator",1,backPressuredTimeMsPerSecond,702.0
1784196873,4,"KEYED PROCESS, Parse->Train, _stream_key_by_map_operator",2,busyTimeMsPerSecond,532.0
1784196873,4,"KEYED PROCESS, Parse->Train, _stream_key_by_map_operator",2,numRecordsOutPerSecond,0.18333333333333332
1784196873,4,"KEYED PROCESS, Parse->Train, _stream_key_by_map_operator",2,idleTimeMsPerSecond,0.0
1784196873,4,"KEYED PROCESS, Parse->Train, _stream_key_by_map_operator",2,numRecordsOut,177.0
1784196873,4,"KEYED PROCESS, Parse->Train, _stream_key_by_map_operator",2,numRecordsIn,178.0
1784196873,4,"KEYED PROCESS, Parse->Train, _stream_key_by_map_operator",2,numRecordsInPerSecond,0.18333333333333332
1784196873,4,"KEYED PROCESS, Parse->Train, _stream_key_by_map_operator",2,backPressuredTimeMsPerSecond,468.0
1784196873,4,"KEYED PROCESS, Parse->Train, _stream_key_by_map_operator",3,busyTimeMsPerSecond,258.0
1784196873,4,"KEYED PROCESS, Parse->Train, _stream_key_by_map_operator",3,numRecordsOutPerSecond,0.08333333333333333
1784196873,4,"KEYED PROCESS, Parse->Train, _stream_key_by_map_operator",3,idleTimeMsPerSecond,0.0
1784196873,4,"KEYED PROCESS, Parse->Train, _stream_key_by_map_operator",3,numRecordsOut,127.0
1784196873,4,"KEYED PROCESS, Parse->Train, _stream_key_by_map_operator",3,numRecordsIn,128.0
1784196873,4,"KEYED PROCESS, Parse->Train, _stream_key_by_map_operator",3,numRecordsInPerSecond,0.08333333333333333
1784196873,4,"KEYED PROCESS, Parse->Train, _stream_key_by_map_operator",3,backPressuredTimeMsPerSecond,742.0
1784196873,4,"KEYED PROCESS, Train->Infer, _stream_key_by_map_operator",0,busyTimeMsPerSecond,645.0
1784196873,4,"KEYED PROCESS, Train->Infer, _stream_key_by_map_operator",0,numRecordsOutPerSecond,66.66666666666667
1784196873,4,"KEYED PROCESS, Train->Infer, _stream_key_by_map_operator",0,idleTimeMsPerSecond,0.0
1784196873,4,"KEYED PROCESS, Train->Infer, _stream_key_by_map_operator",0,numRecordsOut,56120.0
1784196873,4,"KEYED PROCESS, Train->Infer, _stream_key_by_map_operator",0,numRecordsIn,233.0
1784196873,4,"KEYED PROCESS, Train->Infer, _stream_key_by_map_operator",0,numRecordsInPerSecond,0.15
1784196873,4,"KEYED PROCESS, Train->Infer, _stream_key_by_map_operator",0,backPressuredTimeMsPerSecond,355.0
1784196873,4,"KEYED PROCESS, Train->Infer, _stream_key_by_map_operator",1,busyTimeMsPerSecond,191.0
1784196873,4,"KEYED PROCESS, Train->Infer, _stream_key_by_map_operator",1,numRecordsOutPerSecond,16.666666666666668
1784196873,4,"KEYED PROCESS, Train->Infer, _stream_key_by_map_operator",1,idleTimeMsPerSecond,809.0
1784196873,4,"KEYED PROCESS, Train->Infer, _stream_key_by_map_operator",1,numRecordsOut,42015.0
1784196873,4,"KEYED PROCESS, Train->Infer, _stream_key_by_map_operator",1,numRecordsIn,99.0
1784196873,4,"KEYED PROCESS, Train->Infer, _stream_key_by_map_operator",1,numRecordsInPerSecond,0.05
1784196873,4,"KEYED PROCESS, Train->Infer, _stream_key_by_map_operator",1,backPressuredTimeMsPerSecond,0.0
1784196873,4,"KEYED PROCESS, Train->Infer, _stream_key_by_map_operator",2,busyTimeMsPerSecond,787.0
1784196873,4,"KEYED PROCESS, Train->Infer, _stream_key_by_map_operator",2,numRecordsOutPerSecond,75.0
1784196873,4,"KEYED PROCESS, Train->Infer, _stream_key_by_map_operator",2,idleTimeMsPerSecond,213.0
1784196873,4,"KEYED PROCESS, Train->Infer, _stream_key_by_map_operator",2,numRecordsOut,44575.0
1784196873,4,"KEYED PROCESS, Train->Infer, _stream_key_by_map_operator",2,numRecordsIn,165.0
1784196873,4,"KEYED PROCESS, Train->Infer, _stream_key_by_map_operator",2,numRecordsInPerSecond,0.15
1784196873,4,"KEYED PROCESS, Train->Infer, _stream_key_by_map_operator",2,backPressuredTimeMsPerSecond,0.0
1784196873,4,"KEYED PROCESS, Train->Infer, _stream_key_by_map_operator",3,busyTimeMsPerSecond,646.0
1784196873,4,"KEYED PROCESS, Train->Infer, _stream_key_by_map_operator",3,numRecordsOutPerSecond,75.0
1784196873,4,"KEYED PROCESS, Train->Infer, _stream_key_by_map_operator",3,idleTimeMsPerSecond,354.0
1784196873,4,"KEYED PROCESS, Train->Infer, _stream_key_by_map_operator",3,numRecordsOut,49530.0
1784196873,4,"KEYED PROCESS, Train->Infer, _stream_key_by_map_operator",3,numRecordsIn,129.0
1784196873,4,"KEYED PROCESS, Train->Infer, _stream_key_by_map_operator",3,numRecordsInPerSecond,0.15
1784196873,4,"KEYED PROCESS, Train->Infer, _stream_key_by_map_operator",3,backPressuredTimeMsPerSecond,0.0
1784196873,4,"Infer->Rank, Rank->Filter, Filter -> Sink: Writer -> Sink: Committer",0,busyTimeMsPerSecond,1000.0
1784196873,4,"Infer->Rank, Rank->Filter, Filter -> Sink: Writer -> Sink: Committer",0,numRecordsOutPerSecond,59.5
1784196873,4,"Infer->Rank, Rank->Filter, Filter -> Sink: Writer -> Sink: Committer",0,idleTimeMsPerSecond,0.0
1784196873,4,"Infer->Rank, Rank->Filter, Filter -> Sink: Writer -> Sink: Committer",0,numRecordsOut,49700.0
1784196873,4,"Infer->Rank, Rank->Filter, Filter -> Sink: Writer -> Sink: Committer",0,numRecordsIn,54337.0
1784196873,4,"Infer->Rank, Rank->Filter, Filter -> Sink: Writer -> Sink: Committer",0,numRecordsInPerSecond,67.86666666666666
1784196873,4,"Infer->Rank, Rank->Filter, Filter -> Sink: Writer -> Sink: Committer",0,backPressuredTimeMsPerSecond,0.0
1784196873,4,"Infer->Rank, Rank->Filter, Filter -> Sink: Writer -> Sink: Committer",1,busyTimeMsPerSecond,166.0
1784196873,4,"Infer->Rank, Rank->Filter, Filter -> Sink: Writer -> Sink: Committer",1,numRecordsOutPerSecond,8.333333333333334
1784196873,4,"Infer->Rank, Rank->Filter, Filter -> Sink: Writer -> Sink: Committer",1,idleTimeMsPerSecond,834.0
1784196873,4,"Infer->Rank, Rank->Filter, Filter -> Sink: Writer -> Sink: Committer",1,numRecordsOut,38530.0
1784196873,4,"Infer->Rank, Rank->Filter, Filter -> Sink: Writer -> Sink: Committer",1,numRecordsIn,41551.0
1784196873,4,"Infer->Rank, Rank->Filter, Filter -> Sink: Writer -> Sink: Committer",1,numRecordsInPerSecond,16.666666666666668
1784196873,4,"Infer->Rank, Rank->Filter, Filter -> Sink: Writer -> Sink: Committer",1,backPressuredTimeMsPerSecond,0.0
1784196873,4,"Infer->Rank, Rank->Filter, Filter -> Sink: Writer -> Sink: Committer",2,busyTimeMsPerSecond,1000.0
1784196873,4,"Infer->Rank, Rank->Filter, Filter -> Sink: Writer -> Sink: Committer",2,numRecordsOutPerSecond,43.0
1784196873,4,"Infer->Rank, Rank->Filter, Filter -> Sink: Writer -> Sink: Committer",2,idleTimeMsPerSecond,0.0
1784196873,4,"Infer->Rank, Rank->Filter, Filter -> Sink: Writer -> Sink: Committer",2,numRecordsOut,39080.0
1784196873,4,"Infer->Rank, Rank->Filter, Filter -> Sink: Writer -> Sink: Committer",2,numRecordsIn,41656.0
1784196873,4,"Infer->Rank, Rank->Filter, Filter -> Sink: Writer -> Sink: Committer",2,numRecordsInPerSecond,49.083333333333336
1784196873,4,"Infer->Rank, Rank->Filter, Filter -> Sink: Writer -> Sink: Committer",2,backPressuredTimeMsPerSecond,0.0
1784196873,4,"Infer->Rank, Rank->Filter, Filter -> Sink: Writer -> Sink: Committer",3,busyTimeMsPerSecond,1000.0
1784196873,4,"Infer->Rank, Rank->Filter, Filter -> Sink: Writer -> Sink: Committer",3,numRecordsOutPerSecond,50.0
1784196873,4,"Infer->Rank, Rank->Filter, Filter -> Sink: Writer -> Sink: Committer",3,idleTimeMsPerSecond,0.0
1784196873,4,"Infer->Rank, Rank->Filter, Filter -> Sink: Writer -> Sink: Committer",3,numRecordsOut,44500.0
1784196873,4,"Infer->Rank, Rank->Filter, Filter -> Sink: Writer -> Sink: Committer",3,numRecordsIn,48175.0
1784196873,4,"Infer->Rank, Rank->Filter, Filter -> Sink: Writer -> Sink: Committer",3,numRecordsInPerSecond,65.58333333333333
1784196873,4,"Infer->Rank, Rank->Filter, Filter -> Sink: Writer -> Sink: Committer",3,backPressuredTimeMsPerSecond,0.0
1784196888,4,"Source: Source-data -> LoadJSON, Parse, _stream_key_by_map_operator",0,busyTimeMsPerSecond,0.0
1784196888,4,"Source: Source-data -> LoadJSON, Parse, _stream_key_by_map_operator",0,numRecordsOutPerSecond,0.0
1784196888,4,"Source: Source-data -> LoadJSON, Parse, _stream_key_by_map_operator",0,idleTimeMsPerSecond,0.0
1784196888,4,"Source: Source-data -> LoadJSON, Parse, _stream_key_by_map_operator",0,numRecordsOut,5048.0
1784196888,4,"Source: Source-data -> LoadJSON, Parse, _stream_key_by_map_operator",0,numRecordsIn,5048.0
1784196888,4,"Source: Source-data -> LoadJSON, Parse, _stream_key_by_map_operator",0,numRecordsInPerSecond,0.0
1784196888,4,"Source: Source-data -> LoadJSON, Parse, _stream_key_by_map_operator",0,backPressuredTimeMsPerSecond,1000.0
1784196888,4,"Source: Source-data -> LoadJSON, Parse, _stream_key_by_map_operator",1,busyTimeMsPerSecond,0.0
1784196888,4,"Source: Source-data -> LoadJSON, Parse, _stream_key_by_map_operator",1,numRecordsOutPerSecond,0.0
1784196888,4,"Source: Source-data -> LoadJSON, Parse, _stream_key_by_map_operator",1,idleTimeMsPerSecond,0.0
1784196888,4,"Source: Source-data -> LoadJSON, Parse, _stream_key_by_map_operator",1,numRecordsOut,5537.0
1784196888,4,"Source: Source-data -> LoadJSON, Parse, _stream_key_by_map_operator",1,numRecordsIn,5537.0
1784196888,4,"Source: Source-data -> LoadJSON, Parse, _stream_key_by_map_operator",1,numRecordsInPerSecond,0.0
1784196888,4,"Source: Source-data -> LoadJSON, Parse, _stream_key_by_map_operator",1,backPressuredTimeMsPerSecond,1000.0
1784196888,4,"Source: Source-data -> LoadJSON, Parse, _stream_key_by_map_operator",2,busyTimeMsPerSecond,0.0
1784196888,4,"Source: Source-data -> LoadJSON, Parse, _stream_key_by_map_operator",2,numRecordsOutPerSecond,0.0
1784196888,4,"Source: Source-data -> LoadJSON, Parse, _stream_key_by_map_operator",2,idleTimeMsPerSecond,0.0
1784196888,4,"Source: Source-data -> LoadJSON, Parse, _stream_key_by_map_operator",2,numRecordsOut,5381.0
1784196888,4,"Source: Source-data -> LoadJSON, Parse, _stream_key_by_map_operator",2,numRecordsIn,5381.0
1784196888,4,"Source: Source-data -> LoadJSON, Parse, _stream_key_by_map_operator",2,numRecordsInPerSecond,0.0
1784196888,4,"Source: Source-data -> LoadJSON, Parse, _stream_key_by_map_operator",2,backPressuredTimeMsPerSecond,1000.0
1784196888,4,"Source: Source-data -> LoadJSON, Parse, _stream_key_by_map_operator",3,busyTimeMsPerSecond,0.0
1784196888,4,"Source: Source-data -> LoadJSON, Parse, _stream_key_by_map_operator",3,numRecordsOutPerSecond,0.0
1784196888,4,"Source: Source-data -> LoadJSON, Parse, _stream_key_by_map_operator",3,idleTimeMsPerSecond,0.0
1784196888,4,"Source: Source-data -> LoadJSON, Parse, _stream_key_by_map_operator",3,numRecordsOut,5536.0
1784196888,4,"Source: Source-data -> LoadJSON, Parse, _stream_key_by_map_operator",3,numRecordsIn,5536.0
1784196888,4,"Source: Source-data -> LoadJSON, Parse, _stream_key_by_map_operator",3,numRecordsInPerSecond,0.0
1784196888,4,"Source: Source-data -> LoadJSON, Parse, _stream_key_by_map_operator",3,backPressuredTimeMsPerSecond,1000.0
1784196888,4,"KEYED PROCESS, Parse->Train, _stream_key_by_map_operator",0,busyTimeMsPerSecond,393.0
1784196888,4,"KEYED PROCESS, Parse->Train, _stream_key_by_map_operator",0,numRecordsOutPerSecond,0.11666666666666667
1784196888,4,"KEYED PROCESS, Parse->Train, _stream_key_by_map_operator",0,idleTimeMsPerSecond,0.0
1784196888,4,"KEYED PROCESS, Parse->Train, _stream_key_by_map_operator",0,numRecordsOut,209.0
1784196888,4,"KEYED PROCESS, Parse->Train, _stream_key_by_map_operator",0,numRecordsIn,210.0
1784196888,4,"KEYED PROCESS, Parse->Train, _stream_key_by_map_operator",0,numRecordsInPerSecond,0.11666666666666667
1784196888,4,"KEYED PROCESS, Parse->Train, _stream_key_by_map_operator",0,backPressuredTimeMsPerSecond,607.0
1784196888,4,"KEYED PROCESS, Parse->Train, _stream_key_by_map_operator",1,busyTimeMsPerSecond,227.0
1784196888,4,"KEYED PROCESS, Parse->Train, _stream_key_by_map_operator",1,numRecordsOutPerSecond,0.08333333333333333
1784196888,4,"KEYED PROCESS, Parse->Train, _stream_key_by_map_operator",1,idleTimeMsPerSecond,0.0
1784196888,4,"KEYED PROCESS, Parse->Train, _stream_key_by_map_operator",1,numRecordsOut,111.0
1784196888,4,"KEYED PROCESS, Parse->Train, _stream_key_by_map_operator",1,numRecordsIn,112.0
1784196888,4,"KEYED PROCESS, Parse->Train, _stream_key_by_map_operator",1,numRecordsInPerSecond,0.08333333333333333
1784196888,4,"KEYED PROCESS, Parse->Train, _stream_key_by_map_operator",1,backPressuredTimeMsPerSecond,773.0
1784196888,4,"KEYED PROCESS, Parse->Train, _stream_key_by_map_operator",2,busyTimeMsPerSecond,598.0
1784196888,4,"KEYED PROCESS, Parse->Train, _stream_key_by_map_operator",2,numRecordsOutPerSecond,0.2
1784196888,4,"KEYED PROCESS, Parse->Train, _stream_key_by_map_operator",2,idleTimeMsPerSecond,0.0
1784196888,4,"KEYED PROCESS, Parse->Train, _stream_key_by_map_operator",2,numRecordsOut,181.0
1784196888,4,"KEYED PROCESS, Parse->Train, _stream_key_by_map_operator",2,numRecordsIn,182.0
1784196888,4,"KEYED PROCESS, Parse->Train, _stream_key_by_map_operator",2,numRecordsInPerSecond,0.2
1784196888,4,"KEYED PROCESS, Parse->Train, _stream_key_by_map_operator",2,backPressuredTimeMsPerSecond,402.0
1784196888,4,"KEYED PROCESS, Parse->Train, _stream_key_by_map_operator",3,busyTimeMsPerSecond,358.0
1784196888,4,"KEYED PROCESS, Parse->Train, _stream_key_by_map_operator",3,numRecordsOutPerSecond,0.11666666666666667
1784196888,4,"KEYED PROCESS, Parse->Train, _stream_key_by_map_operator",3,idleTimeMsPerSecond,0.0
1784196888,4,"KEYED PROCESS, Parse->Train, _stream_key_by_map_operator",3,numRecordsOut,129.0
1784196888,4,"KEYED PROCESS, Parse->Train, _stream_key_by_map_operator",3,numRecordsIn,130.0
1784196888,4,"KEYED PROCESS, Parse->Train, _stream_key_by_map_operator",3,numRecordsInPerSecond,0.11666666666666667
1784196888,4,"KEYED PROCESS, Parse->Train, _stream_key_by_map_operator",3,backPressuredTimeMsPerSecond,642.0
1784196888,4,"KEYED PROCESS, Train->Infer, _stream_key_by_map_operator",0,busyTimeMsPerSecond,625.0
1784196888,4,"KEYED PROCESS, Train->Infer, _stream_key_by_map_operator",0,numRecordsOutPerSecond,66.66666666666667
1784196888,4,"KEYED PROCESS, Train->Infer, _stream_key_by_map_operator",0,idleTimeMsPerSecond,0.0
1784196888,4,"KEYED PROCESS, Train->Infer, _stream_key_by_map_operator",0,numRecordsOut,57620.0
1784196888,4,"KEYED PROCESS, Train->Infer, _stream_key_by_map_operator",0,numRecordsIn,235.0
1784196888,4,"KEYED PROCESS, Train->Infer, _stream_key_by_map_operator",0,numRecordsInPerSecond,0.13333333333333333
1784196888,4,"KEYED PROCESS, Train->Infer, _stream_key_by_map_operator",0,backPressuredTimeMsPerSecond,375.0
1784196888,4,"KEYED PROCESS, Train->Infer, _stream_key_by_map_operator",1,busyTimeMsPerSecond,251.0
1784196888,4,"KEYED PROCESS, Train->Infer, _stream_key_by_map_operator",1,numRecordsOutPerSecond,33.333333333333336
1784196888,4,"KEYED PROCESS, Train->Infer, _stream_key_by_map_operator",1,idleTimeMsPerSecond,749.0
1784196888,4,"KEYED PROCESS, Train->Infer, _stream_key_by_map_operator",1,numRecordsOut,42515.0
1784196888,4,"KEYED PROCESS, Train->Infer, _stream_key_by_map_operator",1,numRecordsIn,100.0
1784196888,4,"KEYED PROCESS, Train->Infer, _stream_key_by_map_operator",1,numRecordsInPerSecond,0.06666666666666667
1784196888,4,"KEYED PROCESS, Train->Infer, _stream_key_by_map_operator",1,backPressuredTimeMsPerSecond,0.0
1784196888,4,"KEYED PROCESS, Train->Infer, _stream_key_by_map_operator",2,busyTimeMsPerSecond,765.0
1784196888,4,"KEYED PROCESS, Train->Infer, _stream_key_by_map_operator",2,numRecordsOutPerSecond,66.66666666666667
1784196888,4,"KEYED PROCESS, Train->Infer, _stream_key_by_map_operator",2,idleTimeMsPerSecond,152.0
1784196888,4,"KEYED PROCESS, Train->Infer, _stream_key_by_map_operator",2,numRecordsOut,45575.0
1784196888,4,"KEYED PROCESS, Train->Infer, _stream_key_by_map_operator",2,numRecordsIn,167.0
1784196888,4,"KEYED PROCESS, Train->Infer, _stream_key_by_map_operator",2,numRecordsInPerSecond,0.13333333333333333
1784196888,4,"KEYED PROCESS, Train->Infer, _stream_key_by_map_operator",2,backPressuredTimeMsPerSecond,83.0
1784196888,4,"KEYED PROCESS, Train->Infer, _stream_key_by_map_operator",3,busyTimeMsPerSecond,632.0
1784196888,4,"KEYED PROCESS, Train->Infer, _stream_key_by_map_operator",3,numRecordsOutPerSecond,66.66666666666667
1784196888,4,"KEYED PROCESS, Train->Infer, _stream_key_by_map_operator",3,idleTimeMsPerSecond,368.0
1784196888,4,"KEYED PROCESS, Train->Infer, _stream_key_by_map_operator",3,numRecordsOut,50030.0
1784196888,4,"KEYED PROCESS, Train->Infer, _stream_key_by_map_operator",3,numRecordsIn,131.0
1784196888,4,"KEYED PROCESS, Train->Infer, _stream_key_by_map_operator",3,numRecordsInPerSecond,0.15
1784196888,4,"KEYED PROCESS, Train->Infer, _stream_key_by_map_operator",3,backPressuredTimeMsPerSecond,0.0
1784196888,4,"Infer->Rank, Rank->Filter, Filter -> Sink: Writer -> Sink: Committer",0,busyTimeMsPerSecond,1000.0
1784196888,4,"Infer->Rank, Rank->Filter, Filter -> Sink: Writer -> Sink: Committer",0,numRecordsOutPerSecond,58.666666666666664
1784196888,4,"Infer->Rank, Rank->Filter, Filter -> Sink: Writer -> Sink: Committer",0,idleTimeMsPerSecond,0.0
1784196888,4,"Infer->Rank, Rank->Filter, Filter -> Sink: Writer -> Sink: Committer",0,numRecordsOut,50490.0
1784196888,4,"Infer->Rank, Rank->Filter, Filter -> Sink: Writer -> Sink: Committer",0,numRecordsIn,55455.0
1784196888,4,"Infer->Rank, Rank->Filter, Filter -> Sink: Writer -> Sink: Committer",0,numRecordsInPerSecond,72.4
1784196888,4,"Infer->Rank, Rank->Filter, Filter -> Sink: Writer -> Sink: Committer",0,backPressuredTimeMsPerSecond,0.0
1784196888,4,"Infer->Rank, Rank->Filter, Filter -> Sink: Writer -> Sink: Committer",1,busyTimeMsPerSecond,298.0
1784196888,4,"Infer->Rank, Rank->Filter, Filter -> Sink: Writer -> Sink: Committer",1,numRecordsOutPerSecond,23.0
1784196888,4,"Infer->Rank, Rank->Filter, Filter -> Sink: Writer -> Sink: Committer",1,idleTimeMsPerSecond,702.0
1784196888,4,"Infer->Rank, Rank->Filter, Filter -> Sink: Writer -> Sink: Committer",1,numRecordsOut,39410.0
1784196888,4,"Infer->Rank, Rank->Filter, Filter -> Sink: Writer -> Sink: Committer",1,numRecordsIn,42434.0
1784196888,4,"Infer->Rank, Rank->Filter, Filter -> Sink: Writer -> Sink: Committer",1,numRecordsInPerSecond,31.466666666666665
1784196888,4,"Infer->Rank, Rank->Filter, Filter -> Sink: Writer -> Sink: Committer",1,backPressuredTimeMsPerSecond,0.0
1784196888,4,"Infer->Rank, Rank->Filter, Filter -> Sink: Writer -> Sink: Committer",2,busyTimeMsPerSecond,1000.0
1784196888,4,"Infer->Rank, Rank->Filter, Filter -> Sink: Writer -> Sink: Committer",2,numRecordsOutPerSecond,51.5
1784196888,4,"Infer->Rank, Rank->Filter, Filter -> Sink: Writer -> Sink: Committer",2,idleTimeMsPerSecond,0.0
1784196888,4,"Infer->Rank, Rank->Filter, Filter -> Sink: Writer -> Sink: Committer",2,numRecordsOut,40150.0
1784196888,4,"Infer->Rank, Rank->Filter, Filter -> Sink: Writer -> Sink: Committer",2,numRecordsIn,42734.0
1784196888,4,"Infer->Rank, Rank->Filter, Filter -> Sink: Writer -> Sink: Committer",2,numRecordsInPerSecond,51.516666666666666
1784196888,4,"Infer->Rank, Rank->Filter, Filter -> Sink: Writer -> Sink: Committer",2,backPressuredTimeMsPerSecond,0.0
1784196888,4,"Infer->Rank, Rank->Filter, Filter -> Sink: Writer -> Sink: Committer",3,busyTimeMsPerSecond,1000.0
1784196888,4,"Infer->Rank, Rank->Filter, Filter -> Sink: Writer -> Sink: Committer",3,numRecordsOutPerSecond,41.666666666666664
1784196888,4,"Infer->Rank, Rank->Filter, Filter -> Sink: Writer -> Sink: Committer",3,idleTimeMsPerSecond,0.0
1784196888,4,"Infer->Rank, Rank->Filter, Filter -> Sink: Writer -> Sink: Committer",3,numRecordsOut,44500.0
1784196888,4,"Infer->Rank, Rank->Filter, Filter -> Sink: Writer -> Sink: Committer",3,numRecordsIn,49105.0
1784196888,4,"Infer->Rank, Rank->Filter, Filter -> Sink: Writer -> Sink: Committer",3,numRecordsInPerSecond,67.33333333333333
1784196888,4,"Infer->Rank, Rank->Filter, Filter -> Sink: Writer -> Sink: Committer",3,backPressuredTimeMsPerSecond,0.0
1784196903,4,"Source: Source-data -> LoadJSON, Parse, _stream_key_by_map_operator",0,busyTimeMsPerSecond,0.0
1784196903,4,"Source: Source-data -> LoadJSON, Parse, _stream_key_by_map_operator",0,numRecordsOutPerSecond,0.0
1784196903,4,"Source: Source-data -> LoadJSON, Parse, _stream_key_by_map_operator",0,idleTimeMsPerSecond,0.0
1784196903,4,"Source: Source-data -> LoadJSON, Parse, _stream_key_by_map_operator",0,numRecordsOut,5048.0
1784196903,4,"Source: Source-data -> LoadJSON, Parse, _stream_key_by_map_operator",0,numRecordsIn,5048.0
1784196903,4,"Source: Source-data -> LoadJSON, Parse, _stream_key_by_map_operator",0,numRecordsInPerSecond,0.0
1784196903,4,"Source: Source-data -> LoadJSON, Parse, _stream_key_by_map_operator",0,backPressuredTimeMsPerSecond,1000.0
1784196903,4,"Source: Source-data -> LoadJSON, Parse, _stream_key_by_map_operator",1,busyTimeMsPerSecond,0.0
1784196903,4,"Source: Source-data -> LoadJSON, Parse, _stream_key_by_map_operator",1,numRecordsOutPerSecond,0.0
1784196903,4,"Source: Source-data -> LoadJSON, Parse, _stream_key_by_map_operator",1,idleTimeMsPerSecond,0.0
1784196903,4,"Source: Source-data -> LoadJSON, Parse, _stream_key_by_map_operator",1,numRecordsOut,5537.0
1784196903,4,"Source: Source-data -> LoadJSON, Parse, _stream_key_by_map_operator",1,numRecordsIn,5537.0
1784196903,4,"Source: Source-data -> LoadJSON, Parse, _stream_key_by_map_operator",1,numRecordsInPerSecond,0.0
1784196903,4,"Source: Source-data -> LoadJSON, Parse, _stream_key_by_map_operator",1,backPressuredTimeMsPerSecond,1000.0
1784196903,4,"Source: Source-data -> LoadJSON, Parse, _stream_key_by_map_operator",2,busyTimeMsPerSecond,0.0
1784196903,4,"Source: Source-data -> LoadJSON, Parse, _stream_key_by_map_operator",2,numRecordsOutPerSecond,0.0
1784196903,4,"Source: Source-data -> LoadJSON, Parse, _stream_key_by_map_operator",2,idleTimeMsPerSecond,0.0
1784196903,4,"Source: Source-data -> LoadJSON, Parse, _stream_key_by_map_operator",2,numRecordsOut,5381.0
1784196903,4,"Source: Source-data -> LoadJSON, Parse, _stream_key_by_map_operator",2,numRecordsIn,5381.0
1784196903,4,"Source: Source-data -> LoadJSON, Parse, _stream_key_by_map_operator",2,numRecordsInPerSecond,0.0
1784196903,4,"Source: Source-data -> LoadJSON, Parse, _stream_key_by_map_operator",2,backPressuredTimeMsPerSecond,1000.0
1784196903,4,"Source: Source-data -> LoadJSON, Parse, _stream_key_by_map_operator",3,busyTimeMsPerSecond,0.0
1784196903,4,"Source: Source-data -> LoadJSON, Parse, _stream_key_by_map_operator",3,numRecordsOutPerSecond,0.0
1784196903,4,"Source: Source-data -> LoadJSON, Parse, _stream_key_by_map_operator",3,idleTimeMsPerSecond,0.0
1784196903,4,"Source: Source-data -> LoadJSON, Parse, _stream_key_by_map_operator",3,numRecordsOut,5536.0
1784196903,4,"Source: Source-data -> LoadJSON, Parse, _stream_key_by_map_operator",3,numRecordsIn,5536.0
1784196903,4,"Source: Source-data -> LoadJSON, Parse, _stream_key_by_map_operator",3,numRecordsInPerSecond,0.0
1784196903,4,"Source: Source-data -> LoadJSON, Parse, _stream_key_by_map_operator",3,backPressuredTimeMsPerSecond,1000.0
1784196903,4,"KEYED PROCESS, Parse->Train, _stream_key_by_map_operator",0,busyTimeMsPerSecond,275.0
1784196903,4,"KEYED PROCESS, Parse->Train, _stream_key_by_map_operator",0,numRecordsOutPerSecond,0.06666666666666667
1784196903,4,"KEYED PROCESS, Parse->Train, _stream_key_by_map_operator",0,idleTimeMsPerSecond,0.0
1784196903,4,"KEYED PROCESS, Parse->Train, _stream_key_by_map_operator",0,numRecordsOut,210.0
1784196903,4,"KEYED PROCESS, Parse->Train, _stream_key_by_map_operator",0,numRecordsIn,211.0
1784196903,4,"KEYED PROCESS, Parse->Train, _stream_key_by_map_operator",0,numRecordsInPerSecond,0.06666666666666667
1784196903,4,"KEYED PROCESS, Parse->Train, _stream_key_by_map_operator",0,backPressuredTimeMsPerSecond,725.0
1784196903,4,"KEYED PROCESS, Parse->Train, _stream_key_by_map_operator",1,busyTimeMsPerSecond,228.0
1784196903,4,"KEYED PROCESS, Parse->Train, _stream_key_by_map_operator",1,numRecordsOutPerSecond,0.08333333333333333
1784196903,4,"KEYED PROCESS, Parse->Train, _stream_key_by_map_operator",1,idleTimeMsPerSecond,0.0
1784196903,4,"KEYED PROCESS, Parse->Train, _stream_key_by_map_operator",1,numRecordsOut,112.0
1784196903,4,"KEYED PROCESS, Parse->Train, _stream_key_by_map_operator",1,numRecordsIn,113.0
1784196903,4,"KEYED PROCESS, Parse->Train, _stream_key_by_map_operator",1,numRecordsInPerSecond,0.08333333333333333
1784196903,4,"KEYED PROCESS, Parse->Train, _stream_key_by_map_operator",1,backPressuredTimeMsPerSecond,772.0
1784196903,4,"KEYED PROCESS, Parse->Train, _stream_key_by_map_operator",2,busyTimeMsPerSecond,620.0
1784196903,4,"KEYED PROCESS, Parse->Train, _stream_key_by_map_operator",2,numRecordsOutPerSecond,0.18333333333333332
1784196903,4,"KEYED PROCESS, Parse->Train, _stream_key_by_map_operator",2,idleTimeMsPerSecond,0.0
1784196903,4,"KEYED PROCESS, Parse->Train, _stream_key_by_map_operator",2,numRecordsOut,183.0
1784196903,4,"KEYED PROCESS, Parse->Train, _stream_key_by_map_operator",2,numRecordsIn,184.0
1784196903,4,"KEYED PROCESS, Parse->Train, _stream_key_by_map_operator",2,numRecordsInPerSecond,0.18333333333333332
1784196903,4,"KEYED PROCESS, Parse->Train, _stream_key_by_map_operator",2,backPressuredTimeMsPerSecond,380.0
1784196903,4,"KEYED PROCESS, Parse->Train, _stream_key_by_map_operator",3,busyTimeMsPerSecond,361.0
1784196903,4,"KEYED PROCESS, Parse->Train, _stream_key_by_map_operator",3,numRecordsOutPerSecond,0.11666666666666667
1784196903,4,"KEYED PROCESS, Parse->Train, _stream_key_by_map_operator",3,idleTimeMsPerSecond,0.0
1784196903,4,"KEYED PROCESS, Parse->Train, _stream_key_by_map_operator",3,numRecordsOut,132.0
1784196903,4,"KEYED PROCESS, Parse->Train, _stream_key_by_map_operator",3,numRecordsIn,133.0
1784196903,4,"KEYED PROCESS, Parse->Train, _stream_key_by_map_operator",3,numRecordsInPerSecond,0.11666666666666667
1784196903,4,"KEYED PROCESS, Parse->Train, _stream_key_by_map_operator",3,backPressuredTimeMsPerSecond,639.0
1784196903,4,"KEYED PROCESS, Train->Infer, _stream_key_by_map_operator",0,busyTimeMsPerSecond,633.0
1784196903,4,"KEYED PROCESS, Train->Infer, _stream_key_by_map_operator",0,numRecordsOutPerSecond,75.0
1784196903,4,"KEYED PROCESS, Train->Infer, _stream_key_by_map_operator",0,idleTimeMsPerSecond,0.0
1784196903,4,"KEYED PROCESS, Train->Infer, _stream_key_by_map_operator",0,numRecordsOut,58620.0
1784196903,4,"KEYED PROCESS, Train->Infer, _stream_key_by_map_operator",0,numRecordsIn,238.0
1784196903,4,"KEYED PROCESS, Train->Infer, _stream_key_by_map_operator",0,numRecordsInPerSecond,0.15
1784196903,4,"KEYED PROCESS, Train->Infer, _stream_key_by_map_operator",0,backPressuredTimeMsPerSecond,367.0
1784196903,4,"KEYED PROCESS, Train->Infer, _stream_key_by_map_operator",1,busyTimeMsPerSecond,249.0
1784196903,4,"KEYED PROCESS, Train->Infer, _stream_key_by_map_operator",1,numRecordsOutPerSecond,33.333333333333336
1784196903,4,"KEYED PROCESS, Train->Infer, _stream_key_by_map_operator",1,idleTimeMsPerSecond,751.0
1784196903,4,"KEYED PROCESS, Train->Infer, _stream_key_by_map_operator",1,numRecordsOut,43015.0
1784196903,4,"KEYED PROCESS, Train->Infer, _stream_key_by_map_operator",1,numRecordsIn,101.0
1784196903,4,"KEYED PROCESS, Train->Infer, _stream_key_by_map_operator",1,numRecordsInPerSecond,0.06666666666666667
1784196903,4,"KEYED PROCESS, Train->Infer, _stream_key_by_map_operator",1,backPressuredTimeMsPerSecond,0.0
1784196903,4,"KEYED PROCESS, Train->Infer, _stream_key_by_map_operator",2,busyTimeMsPerSecond,784.0
1784196903,4,"KEYED PROCESS, Train->Infer, _stream_key_by_map_operator",2,numRecordsOutPerSecond,66.66666666666667
1784196903,4,"KEYED PROCESS, Train->Infer, _stream_key_by_map_operator",2,idleTimeMsPerSecond,60.0
1784196903,4,"KEYED PROCESS, Train->Infer, _stream_key_by_map_operator",2,numRecordsOut,46575.0
1784196903,4,"KEYED PROCESS, Train->Infer, _stream_key_by_map_operator",2,numRecordsIn,169.0
1784196903,4,"KEYED PROCESS, Train->Infer, _stream_key_by_map_operator",2,numRecordsInPerSecond,0.15
1784196903,4,"KEYED PROCESS, Train->Infer, _stream_key_by_map_operator",2,backPressuredTimeMsPerSecond,156.0
1784196903,4,"KEYED PROCESS, Train->Infer, _stream_key_by_map_operator",3,busyTimeMsPerSecond,554.0
1784196903,4,"KEYED PROCESS, Train->Infer, _stream_key_by_map_operator",3,numRecordsOutPerSecond,66.66666666666667
1784196903,4,"KEYED PROCESS, Train->Infer, _stream_key_by_map_operator",3,idleTimeMsPerSecond,446.0
1784196903,4,"KEYED PROCESS, Train->Infer, _stream_key_by_map_operator",3,numRecordsOut,51530.0
1784196903,4,"KEYED PROCESS, Train->Infer, _stream_key_by_map_operator",3,numRecordsIn,133.0
1784196903,4,"KEYED PROCESS, Train->Infer, _stream_key_by_map_operator",3,numRecordsInPerSecond,0.11666666666666667
1784196903,4,"KEYED PROCESS, Train->Infer, _stream_key_by_map_operator",3,backPressuredTimeMsPerSecond,0.0
1784196903,4,"Infer->Rank, Rank->Filter, Filter -> Sink: Writer -> Sink: Committer",0,busyTimeMsPerSecond,1000.0
1784196903,4,"Infer->Rank, Rank->Filter, Filter -> Sink: Writer -> Sink: Committer",0,numRecordsOutPerSecond,56.833333333333336
1784196903,4,"Infer->Rank, Rank->Filter, Filter -> Sink: Writer -> Sink: Committer",0,idleTimeMsPerSecond,0.0
1784196903,4,"Infer->Rank, Rank->Filter, Filter -> Sink: Writer -> Sink: Committer",0,numRecordsOut,51400.0
1784196903,4,"Infer->Rank, Rank->Filter, Filter -> Sink: Writer -> Sink: Committer",0,numRecordsIn,56539.0
1784196903,4,"Infer->Rank, Rank->Filter, Filter -> Sink: Writer -> Sink: Committer",0,numRecordsInPerSecond,73.55
1784196903,4,"Infer->Rank, Rank->Filter, Filter -> Sink: Writer -> Sink: Committer",0,backPressuredTimeMsPerSecond,0.0
1784196903,4,"Infer->Rank, Rank->Filter, Filter -> Sink: Writer -> Sink: Committer",1,busyTimeMsPerSecond,307.0
1784196903,4,"Infer->Rank, Rank->Filter, Filter -> Sink: Writer -> Sink: Committer",1,numRecordsOutPerSecond,25.0
1784196903,4,"Infer->Rank, Rank->Filter, Filter -> Sink: Writer -> Sink: Committer",1,idleTimeMsPerSecond,693.0
1784196903,4,"Infer->Rank, Rank->Filter, Filter -> Sink: Writer -> Sink: Committer",1,numRecordsOut,40000.0
1784196903,4,"Infer->Rank, Rank->Filter, Filter -> Sink: Writer -> Sink: Committer",1,numRecordsIn,43015.0
1784196903,4,"Infer->Rank, Rank->Filter, Filter -> Sink: Writer -> Sink: Committer",1,numRecordsInPerSecond,33.333333333333336
1784196903,4,"Infer->Rank, Rank->Filter, Filter -> Sink: Writer -> Sink: Committer",1,backPressuredTimeMsPerSecond,0.0
1784196903,4,"Infer->Rank, Rank->Filter, Filter -> Sink: Writer -> Sink: Committer",2,busyTimeMsPerSecond,1000.0
1784196903,4,"Infer->Rank, Rank->Filter, Filter -> Sink: Writer -> Sink: Committer",2,numRecordsOutPerSecond,52.333333333333336
1784196903,4,"Infer->Rank, Rank->Filter, Filter -> Sink: Writer -> Sink: Committer",2,idleTimeMsPerSecond,0.0
1784196903,4,"Infer->Rank, Rank->Filter, Filter -> Sink: Writer -> Sink: Committer",2,numRecordsOut,41120.0
1784196903,4,"Infer->Rank, Rank->Filter, Filter -> Sink: Writer -> Sink: Committer",2,numRecordsIn,43700.0
1784196903,4,"Infer->Rank, Rank->Filter, Filter -> Sink: Writer -> Sink: Committer",2,numRecordsInPerSecond,52.18333333333333
1784196903,4,"Infer->Rank, Rank->Filter, Filter -> Sink: Writer -> Sink: Committer",2,backPressuredTimeMsPerSecond,0.0
1784196903,4,"Infer->Rank, Rank->Filter, Filter -> Sink: Writer -> Sink: Committer",3,busyTimeMsPerSecond,1000.0
1784196903,4,"Infer->Rank, Rank->Filter, Filter -> Sink: Writer -> Sink: Committer",3,numRecordsOutPerSecond,46.333333333333336
1784196903,4,"Infer->Rank, Rank->Filter, Filter -> Sink: Writer -> Sink: Committer",3,idleTimeMsPerSecond,0.0
1784196903,4,"Infer->Rank, Rank->Filter, Filter -> Sink: Writer -> Sink: Committer",3,numRecordsOut,45210.0
1784196903,4,"Infer->Rank, Rank->Filter, Filter -> Sink: Writer -> Sink: Committer",3,numRecordsIn,50244.0
1784196903,4,"Infer->Rank, Rank->Filter, Filter -> Sink: Writer -> Sink: Committer",3,numRecordsInPerSecond,71.18333333333334
1784196903,4,"Infer->Rank, Rank->Filter, Filter -> Sink: Writer -> Sink: Committer",3,backPressuredTimeMsPerSecond,0.0
1784196918,4,"Source: Source-data -> LoadJSON, Parse, _stream_key_by_map_operator",0,busyTimeMsPerSecond,0.0
1784196918,4,"Source: Source-data -> LoadJSON, Parse, _stream_key_by_map_operator",0,numRecordsOutPerSecond,0.0
1784196918,4,"Source: Source-data -> LoadJSON, Parse, _stream_key_by_map_operator",0,idleTimeMsPerSecond,0.0
1784196918,4,"Source: Source-data -> LoadJSON, Parse, _stream_key_by_map_operator",0,numRecordsOut,5048.0
1784196918,4,"Source: Source-data -> LoadJSON, Parse, _stream_key_by_map_operator",0,numRecordsIn,5048.0
1784196918,4,"Source: Source-data -> LoadJSON, Parse, _stream_key_by_map_operator",0,numRecordsInPerSecond,0.0
1784196918,4,"Source: Source-data -> LoadJSON, Parse, _stream_key_by_map_operator",0,backPressuredTimeMsPerSecond,1000.0
1784196918,4,"Source: Source-data -> LoadJSON, Parse, _stream_key_by_map_operator",1,busyTimeMsPerSecond,0.0
1784196918,4,"Source: Source-data -> LoadJSON, Parse, _stream_key_by_map_operator",1,numRecordsOutPerSecond,0.0
1784196918,4,"Source: Source-data -> LoadJSON, Parse, _stream_key_by_map_operator",1,idleTimeMsPerSecond,0.0
1784196918,4,"Source: Source-data -> LoadJSON, Parse, _stream_key_by_map_operator",1,numRecordsOut,5537.0
1784196918,4,"Source: Source-data -> LoadJSON, Parse, _stream_key_by_map_operator",1,numRecordsIn,5537.0
1784196918,4,"Source: Source-data -> LoadJSON, Parse, _stream_key_by_map_operator",1,numRecordsInPerSecond,0.0
1784196918,4,"Source: Source-data -> LoadJSON, Parse, _stream_key_by_map_operator",1,backPressuredTimeMsPerSecond,1000.0
1784196918,4,"Source: Source-data -> LoadJSON, Parse, _stream_key_by_map_operator",2,busyTimeMsPerSecond,0.0
1784196918,4,"Source: Source-data -> LoadJSON, Parse, _stream_key_by_map_operator",2,numRecordsOutPerSecond,0.0
1784196918,4,"Source: Source-data -> LoadJSON, Parse, _stream_key_by_map_operator",2,idleTimeMsPerSecond,0.0
1784196918,4,"Source: Source-data -> LoadJSON, Parse, _stream_key_by_map_operator",2,numRecordsOut,5381.0
1784196918,4,"Source: Source-data -> LoadJSON, Parse, _stream_key_by_map_operator",2,numRecordsIn,5381.0
1784196918,4,"Source: Source-data -> LoadJSON, Parse, _stream_key_by_map_operator",2,numRecordsInPerSecond,0.0
1784196918,4,"Source: Source-data -> LoadJSON, Parse, _stream_key_by_map_operator",2,backPressuredTimeMsPerSecond,1000.0
1784196918,4,"Source: Source-data -> LoadJSON, Parse, _stream_key_by_map_operator",3,busyTimeMsPerSecond,0.0
1784196918,4,"Source: Source-data -> LoadJSON, Parse, _stream_key_by_map_operator",3,numRecordsOutPerSecond,0.0
1784196918,4,"Source: Source-data -> LoadJSON, Parse, _stream_key_by_map_operator",3,idleTimeMsPerSecond,0.0
1784196918,4,"Source: Source-data -> LoadJSON, Parse, _stream_key_by_map_operator",3,numRecordsOut,5536.0
1784196918,4,"Source: Source-data -> LoadJSON, Parse, _stream_key_by_map_operator",3,numRecordsIn,5536.0
1784196918,4,"Source: Source-data -> LoadJSON, Parse, _stream_key_by_map_operator",3,numRecordsInPerSecond,0.0
1784196918,4,"Source: Source-data -> LoadJSON, Parse, _stream_key_by_map_operator",3,backPressuredTimeMsPerSecond,1000.0
1784196918,4,"KEYED PROCESS, Parse->Train, _stream_key_by_map_operator",0,busyTimeMsPerSecond,235.0
1784196918,4,"KEYED PROCESS, Parse->Train, _stream_key_by_map_operator",0,numRecordsOutPerSecond,0.08333333333333333
1784196918,4,"KEYED PROCESS, Parse->Train, _stream_key_by_map_operator",0,idleTimeMsPerSecond,0.0
1784196918,4,"KEYED PROCESS, Parse->Train, _stream_key_by_map_operator",0,numRecordsOut,212.0
1784196918,4,"KEYED PROCESS, Parse->Train, _stream_key_by_map_operator",0,numRecordsIn,213.0
1784196918,4,"KEYED PROCESS, Parse->Train, _stream_key_by_map_operator",0,numRecordsInPerSecond,0.08333333333333333
1784196918,4,"KEYED PROCESS, Parse->Train, _stream_key_by_map_operator",0,backPressuredTimeMsPerSecond,765.0
1784196918,4,"KEYED PROCESS, Parse->Train, _stream_key_by_map_operator",1,busyTimeMsPerSecond,310.0
1784196918,4,"KEYED PROCESS, Parse->Train, _stream_key_by_map_operator",1,numRecordsOutPerSecond,0.11666666666666667
1784196918,4,"KEYED PROCESS, Parse->Train, _stream_key_by_map_operator",1,idleTimeMsPerSecond,0.0
1784196918,4,"KEYED PROCESS, Parse->Train, _stream_key_by_map_operator",1,numRecordsOut,114.0
1784196918,4,"KEYED PROCESS, Parse->Train, _stream_key_by_map_operator",1,numRecordsIn,115.0
1784196918,4,"KEYED PROCESS, Parse->Train, _stream_key_by_map_operator",1,numRecordsInPerSecond,0.11666666666666667
1784196918,4,"KEYED PROCESS, Parse->Train, _stream_key_by_map_operator",1,backPressuredTimeMsPerSecond,690.0
1784196918,4,"KEYED PROCESS, Parse->Train, _stream_key_by_map_operator",2,busyTimeMsPerSecond,669.0
1784196918,4,"KEYED PROCESS, Parse->Train, _stream_key_by_map_operator",2,numRecordsOutPerSecond,0.2
1784196918,4,"KEYED PROCESS, Parse->Train, _stream_key_by_map_operator",2,idleTimeMsPerSecond,0.0
1784196918,4,"KEYED PROCESS, Parse->Train, _stream_key_by_map_operator",2,numRecordsOut,186.0
1784196918,4,"KEYED PROCESS, Parse->Train, _stream_key_by_map_operator",2,numRecordsIn,187.0
1784196918,4,"KEYED PROCESS, Parse->Train, _stream_key_by_map_operator",2,numRecordsInPerSecond,0.2
1784196918,4,"KEYED PROCESS, Parse->Train, _stream_key_by_map_operator",2,backPressuredTimeMsPerSecond,331.0
1784196918,4,"KEYED PROCESS, Parse->Train, _stream_key_by_map_operator",3,busyTimeMsPerSecond,364.0
1784196918,4,"KEYED PROCESS, Parse->Train, _stream_key_by_map_operator",3,numRecordsOutPerSecond,0.11666666666666667
1784196918,4,"KEYED PROCESS, Parse->Train, _stream_key_by_map_operator",3,idleTimeMsPerSecond,0.0
1784196918,4,"KEYED PROCESS, Parse->Train, _stream_key_by_map_operator",3,numRecordsOut,133.0
1784196918,4,"KEYED PROCESS, Parse->Train, _stream_key_by_map_operator",3,numRecordsIn,134.0
1784196918,4,"KEYED PROCESS, Parse->Train, _stream_key_by_map_operator",3,numRecordsInPerSecond,0.11666666666666667
1784196918,4,"KEYED PROCESS, Parse->Train, _stream_key_by_map_operator",3,backPressuredTimeMsPerSecond,636.0
1784196918,4,"KEYED PROCESS, Train->Infer, _stream_key_by_map_operator",0,busyTimeMsPerSecond,617.0
1784196918,4,"KEYED PROCESS, Train->Infer, _stream_key_by_map_operator",0,numRecordsOutPerSecond,75.0
1784196918,4,"KEYED PROCESS, Train->Infer, _stream_key_by_map_operator",0,idleTimeMsPerSecond,0.0
1784196918,4,"KEYED PROCESS, Train->Infer, _stream_key_by_map_operator",0,numRecordsOut,59620.0
1784196918,4,"KEYED PROCESS, Train->Infer, _stream_key_by_map_operator",0,numRecordsIn,240.0
1784196918,4,"KEYED PROCESS, Train->Infer, _stream_key_by_map_operator",0,numRecordsInPerSecond,0.15
1784196918,4,"KEYED PROCESS, Train->Infer, _stream_key_by_map_operator",0,backPressuredTimeMsPerSecond,383.0
1784196918,4,"KEYED PROCESS, Train->Infer, _stream_key_by_map_operator",1,busyTimeMsPerSecond,249.0
1784196918,4,"KEYED PROCESS, Train->Infer, _stream_key_by_map_operator",1,numRecordsOutPerSecond,33.333333333333336
1784196918,4,"KEYED PROCESS, Train->Infer, _stream_key_by_map_operator",1,idleTimeMsPerSecond,751.0
1784196918,4,"KEYED PROCESS, Train->Infer, _stream_key_by_map_operator",1,numRecordsOut,43015.0
1784196918,4,"KEYED PROCESS, Train->Infer, _stream_key_by_map_operator",1,numRecordsIn,101.0
1784196918,4,"KEYED PROCESS, Train->Infer, _stream_key_by_map_operator",1,numRecordsInPerSecond,0.06666666666666667
1784196918,4,"KEYED PROCESS, Train->Infer, _stream_key_by_map_operator",1,backPressuredTimeMsPerSecond,0.0
1784196918,4,"KEYED PROCESS, Train->Infer, _stream_key_by_map_operator",2,busyTimeMsPerSecond,776.0
1784196918,4,"KEYED PROCESS, Train->Infer, _stream_key_by_map_operator",2,numRecordsOutPerSecond,75.0
1784196918,4,"KEYED PROCESS, Train->Infer, _stream_key_by_map_operator",2,idleTimeMsPerSecond,9.0
1784196918,4,"KEYED PROCESS, Train->Infer, _stream_key_by_map_operator",2,numRecordsOut,47575.0
1784196918,4,"KEYED PROCESS, Train->Infer, _stream_key_by_map_operator",2,numRecordsIn,171.0
1784196918,4,"KEYED PROCESS, Train->Infer, _stream_key_by_map_operator",2,numRecordsInPerSecond,0.15
1784196918,4,"KEYED PROCESS, Train->Infer, _stream_key_by_map_operator",2,backPressuredTimeMsPerSecond,215.0
1784196918,4,"KEYED PROCESS, Train->Infer, _stream_key_by_map_operator",3,busyTimeMsPerSecond,489.0
1784196918,4,"KEYED PROCESS, Train->Infer, _stream_key_by_map_operator",3,numRecordsOutPerSecond,50.0
1784196918,4,"KEYED PROCESS, Train->Infer, _stream_key_by_map_operator",3,idleTimeMsPerSecond,511.0
1784196918,4,"KEYED PROCESS, Train->Infer, _stream_key_by_map_operator",3,numRecordsOut,52030.0
1784196918,4,"KEYED PROCESS, Train->Infer, _stream_key_by_map_operator",3,numRecordsIn,135.0
1784196918,4,"KEYED PROCESS, Train->Infer, _stream_key_by_map_operator",3,numRecordsInPerSecond,0.11666666666666667
1784196918,4,"KEYED PROCESS, Train->Infer, _stream_key_by_map_operator",3,backPressuredTimeMsPerSecond,0.0
1784196918,4,"Infer->Rank, Rank->Filter, Filter -> Sink: Writer -> Sink: Committer",0,busyTimeMsPerSecond,1000.0
1784196918,4,"Infer->Rank, Rank->Filter, Filter -> Sink: Writer -> Sink: Committer",0,numRecordsOutPerSecond,63.833333333333336
1784196918,4,"Infer->Rank, Rank->Filter, Filter -> Sink: Writer -> Sink: Committer",0,idleTimeMsPerSecond,0.0
1784196918,4,"Infer->Rank, Rank->Filter, Filter -> Sink: Writer -> Sink: Committer",0,numRecordsOut,52490.0
1784196918,4,"Infer->Rank, Rank->Filter, Filter -> Sink: Writer -> Sink: Committer",0,numRecordsIn,57637.0
1784196918,4,"Infer->Rank, Rank->Filter, Filter -> Sink: Writer -> Sink: Committer",0,numRecordsInPerSecond,72.35
1784196918,4,"Infer->Rank, Rank->Filter, Filter -> Sink: Writer -> Sink: Committer",0,backPressuredTimeMsPerSecond,0.0
1784196918,4,"Infer->Rank, Rank->Filter, Filter -> Sink: Writer -> Sink: Committer",1,busyTimeMsPerSecond,286.0
1784196918,4,"Infer->Rank, Rank->Filter, Filter -> Sink: Writer -> Sink: Committer",1,numRecordsOutPerSecond,25.0
1784196918,4,"Infer->Rank, Rank->Filter, Filter -> Sink: Writer -> Sink: Committer",1,idleTimeMsPerSecond,714.0
1784196918,4,"Infer->Rank, Rank->Filter, Filter -> Sink: Writer -> Sink: Committer",1,numRecordsOut,40000.0
1784196918,4,"Infer->Rank, Rank->Filter, Filter -> Sink: Writer -> Sink: Committer",1,numRecordsIn,43407.0
1784196918,4,"Infer->Rank, Rank->Filter, Filter -> Sink: Writer -> Sink: Committer",1,numRecordsInPerSecond,31.183333333333334
1784196918,4,"Infer->Rank, Rank->Filter, Filter -> Sink: Writer -> Sink: Committer",1,backPressuredTimeMsPerSecond,0.0
1784196918,4,"Infer->Rank, Rank->Filter, Filter -> Sink: Writer -> Sink: Committer",2,busyTimeMsPerSecond,1000.0
1784196918,4,"Infer->Rank, Rank->Filter, Filter -> Sink: Writer -> Sink: Committer",2,numRecordsOutPerSecond,53.5
1784196918,4,"Infer->Rank, Rank->Filter, Filter -> Sink: Writer -> Sink: Committer",2,idleTimeMsPerSecond,0.0
1784196918,4,"Infer->Rank, Rank->Filter, Filter -> Sink: Writer -> Sink: Committer",2,numRecordsOut,41850.0
1784196918,4,"Infer->Rank, Rank->Filter, Filter -> Sink: Writer -> Sink: Committer",2,numRecordsIn,44426.0
1784196918,4,"Infer->Rank, Rank->Filter, Filter -> Sink: Writer -> Sink: Committer",2,numRecordsInPerSecond,53.53333333333333
1784196918,4,"Infer->Rank, Rank->Filter, Filter -> Sink: Writer -> Sink: Committer",2,backPressuredTimeMsPerSecond,0.0
1784196918,4,"Infer->Rank, Rank->Filter, Filter -> Sink: Writer -> Sink: Committer",3,busyTimeMsPerSecond,1000.0
1784196918,4,"Infer->Rank, Rank->Filter, Filter -> Sink: Writer -> Sink: Committer",3,numRecordsOutPerSecond,38.833333333333336
1784196918,4,"Infer->Rank, Rank->Filter, Filter -> Sink: Writer -> Sink: Committer",3,idleTimeMsPerSecond,0.0
1784196918,4,"Infer->Rank, Rank->Filter, Filter -> Sink: Writer -> Sink: Committer",3,numRecordsOut,45750.0
1784196918,4,"Infer->Rank, Rank->Filter, Filter -> Sink: Writer -> Sink: Committer",3,numRecordsIn,51282.0
1784196918,4,"Infer->Rank, Rank->Filter, Filter -> Sink: Writer -> Sink: Committer",3,numRecordsInPerSecond,72.2
1784196918,4,"Infer->Rank, Rank->Filter, Filter -> Sink: Writer -> Sink: Committer",3,backPressuredTimeMsPerSecond,0.0
1784196933,4,"Source: Source-data -> LoadJSON, Parse, _stream_key_by_map_operator",0,busyTimeMsPerSecond,0.0
1784196933,4,"Source: Source-data -> LoadJSON, Parse, _stream_key_by_map_operator",0,numRecordsOutPerSecond,0.0
1784196933,4,"Source: Source-data -> LoadJSON, Parse, _stream_key_by_map_operator",0,idleTimeMsPerSecond,0.0
1784196933,4,"Source: Source-data -> LoadJSON, Parse, _stream_key_by_map_operator",0,numRecordsOut,5048.0
1784196933,4,"Source: Source-data -> LoadJSON, Parse, _stream_key_by_map_operator",0,numRecordsIn,5048.0
1784196933,4,"Source: Source-data -> LoadJSON, Parse, _stream_key_by_map_operator",0,numRecordsInPerSecond,0.0
1784196933,4,"Source: Source-data -> LoadJSON, Parse, _stream_key_by_map_operator",0,backPressuredTimeMsPerSecond,1000.0
1784196933,4,"Source: Source-data -> LoadJSON, Parse, _stream_key_by_map_operator",1,busyTimeMsPerSecond,0.0
1784196933,4,"Source: Source-data -> LoadJSON, Parse, _stream_key_by_map_operator",1,numRecordsOutPerSecond,0.0
1784196933,4,"Source: Source-data -> LoadJSON, Parse, _stream_key_by_map_operator",1,idleTimeMsPerSecond,0.0
1784196933,4,"Source: Source-data -> LoadJSON, Parse, _stream_key_by_map_operator",1,numRecordsOut,5537.0
1784196933,4,"Source: Source-data -> LoadJSON, Parse, _stream_key_by_map_operator",1,numRecordsIn,5537.0
1784196933,4,"Source: Source-data -> LoadJSON, Parse, _stream_key_by_map_operator",1,numRecordsInPerSecond,0.0
1784196933,4,"Source: Source-data -> LoadJSON, Parse, _stream_key_by_map_operator",1,backPressuredTimeMsPerSecond,1000.0
1784196933,4,"Source: Source-data -> LoadJSON, Parse, _stream_key_by_map_operator",2,busyTimeMsPerSecond,0.0
1784196933,4,"Source: Source-data -> LoadJSON, Parse, _stream_key_by_map_operator",2,numRecordsOutPerSecond,0.0
1784196933,4,"Source: Source-data -> LoadJSON, Parse, _stream_key_by_map_operator",2,idleTimeMsPerSecond,0.0
1784196933,4,"Source: Source-data -> LoadJSON, Parse, _stream_key_by_map_operator",2,numRecordsOut,5381.0
1784196933,4,"Source: Source-data -> LoadJSON, Parse, _stream_key_by_map_operator",2,numRecordsIn,5381.0
1784196933,4,"Source: Source-data -> LoadJSON, Parse, _stream_key_by_map_operator",2,numRecordsInPerSecond,0.0
1784196933,4,"Source: Source-data -> LoadJSON, Parse, _stream_key_by_map_operator",2,backPressuredTimeMsPerSecond,1000.0
1784196933,4,"Source: Source-data -> LoadJSON, Parse, _stream_key_by_map_operator",3,busyTimeMsPerSecond,0.0
1784196933,4,"Source: Source-data -> LoadJSON, Parse, _stream_key_by_map_operator",3,numRecordsOutPerSecond,0.0
1784196933,4,"Source: Source-data -> LoadJSON, Parse, _stream_key_by_map_operator",3,idleTimeMsPerSecond,0.0
1784196933,4,"Source: Source-data -> LoadJSON, Parse, _stream_key_by_map_operator",3,numRecordsOut,5536.0
1784196933,4,"Source: Source-data -> LoadJSON, Parse, _stream_key_by_map_operator",3,numRecordsIn,5536.0
1784196933,4,"Source: Source-data -> LoadJSON, Parse, _stream_key_by_map_operator",3,numRecordsInPerSecond,0.0
1784196933,4,"Source: Source-data -> LoadJSON, Parse, _stream_key_by_map_operator",3,backPressuredTimeMsPerSecond,1000.0
1784196933,4,"KEYED PROCESS, Parse->Train, _stream_key_by_map_operator",0,busyTimeMsPerSecond,267.0
1784196933,4,"KEYED PROCESS, Parse->Train, _stream_key_by_map_operator",0,numRecordsOutPerSecond,0.08333333333333333
1784196933,4,"KEYED PROCESS, Parse->Train, _stream_key_by_map_operator",0,idleTimeMsPerSecond,0.0
1784196933,4,"KEYED PROCESS, Parse->Train, _stream_key_by_map_operator",0,numRecordsOut,213.0
1784196933,4,"KEYED PROCESS, Parse->Train, _stream_key_by_map_operator",0,numRecordsIn,214.0
1784196933,4,"KEYED PROCESS, Parse->Train, _stream_key_by_map_operator",0,numRecordsInPerSecond,0.08333333333333333
1784196933,4,"KEYED PROCESS, Parse->Train, _stream_key_by_map_operator",0,backPressuredTimeMsPerSecond,733.0
1784196933,4,"KEYED PROCESS, Parse->Train, _stream_key_by_map_operator",1,busyTimeMsPerSecond,298.0
1784196933,4,"KEYED PROCESS, Parse->Train, _stream_key_by_map_operator",1,numRecordsOutPerSecond,0.11666666666666667
1784196933,4,"KEYED PROCESS, Parse->Train, _stream_key_by_map_operator",1,idleTimeMsPerSecond,0.0
1784196933,4,"KEYED PROCESS, Parse->Train, _stream_key_by_map_operator",1,numRecordsOut,117.0
1784196933,4,"KEYED PROCESS, Parse->Train, _stream_key_by_map_operator",1,numRecordsIn,118.0
1784196933,4,"KEYED PROCESS, Parse->Train, _stream_key_by_map_operator",1,numRecordsInPerSecond,0.11666666666666667
1784196933,4,"KEYED PROCESS, Parse->Train, _stream_key_by_map_operator",1,backPressuredTimeMsPerSecond,702.0
1784196933,4,"KEYED PROCESS, Parse->Train, _stream_key_by_map_operator",2,busyTimeMsPerSecond,667.0
1784196933,4,"KEYED PROCESS, Parse->Train, _stream_key_by_map_operator",2,numRecordsOutPerSecond,0.2
1784196933,4,"KEYED PROCESS, Parse->Train, _stream_key_by_map_operator",2,idleTimeMsPerSecond,0.0
1784196933,4,"KEYED PROCESS, Parse->Train, _stream_key_by_map_operator",2,numRecordsOut,189.0
1784196933,4,"KEYED PROCESS, Parse->Train, _stream_key_by_map_operator",2,numRecordsIn,190.0
1784196933,4,"KEYED PROCESS, Parse->Train, _stream_key_by_map_operator",2,numRecordsInPerSecond,0.2
1784196933,4,"KEYED PROCESS, Parse->Train, _stream_key_by_map_operator",2,backPressuredTimeMsPerSecond,333.0
1784196933,4,"KEYED PROCESS, Parse->Train, _stream_key_by_map_operator",3,busyTimeMsPerSecond,418.0
1784196933,4,"KEYED PROCESS, Parse->Train, _stream_key_by_map_operator",3,numRecordsOutPerSecond,0.13333333333333333
1784196933,4,"KEYED PROCESS, Parse->Train, _stream_key_by_map_operator",3,idleTimeMsPerSecond,0.0
1784196933,4,"KEYED PROCESS, Parse->Train, _stream_key_by_map_operator",3,numRecordsOut,135.0
1784196933,4,"KEYED PROCESS, Parse->Train, _stream_key_by_map_operator",3,numRecordsIn,136.0
1784196933,4,"KEYED PROCESS, Parse->Train, _stream_key_by_map_operator",3,numRecordsInPerSecond,0.13333333333333333
1784196933,4,"KEYED PROCESS, Parse->Train, _stream_key_by_map_operator",3,backPressuredTimeMsPerSecond,582.0
1784196933,4,"KEYED PROCESS, Train->Infer, _stream_key_by_map_operator",0,busyTimeMsPerSecond,613.0
1784196933,4,"KEYED PROCESS, Train->Infer, _stream_key_by_map_operator",0,numRecordsOutPerSecond,75.0
1784196933,4,"KEYED PROCESS, Train->Infer, _stream_key_by_map_operator",0,idleTimeMsPerSecond,0.0
1784196933,4,"KEYED PROCESS, Train->Infer, _stream_key_by_map_operator",0,numRecordsOut,62120.0
1784196933,4,"KEYED PROCESS, Train->Infer, _stream_key_by_map_operator",0,numRecordsIn,245.0
1784196933,4,"KEYED PROCESS, Train->Infer, _stream_key_by_map_operator",0,numRecordsInPerSecond,0.16666666666666666
1784196933,4,"KEYED PROCESS, Train->Infer, _stream_key_by_map_operator",0,backPressuredTimeMsPerSecond,387.0
1784196933,4,"KEYED PROCESS, Train->Infer, _stream_key_by_map_operator",1,busyTimeMsPerSecond,415.0
1784196933,4,"KEYED PROCESS, Train->Infer, _stream_key_by_map_operator",1,numRecordsOutPerSecond,58.333333333333336
1784196933,4,"KEYED PROCESS, Train->Infer, _stream_key_by_map_operator",1,idleTimeMsPerSecond,585.0
1784196933,4,"KEYED PROCESS, Train->Infer, _stream_key_by_map_operator",1,numRecordsOut,45015.0
1784196933,4,"KEYED PROCESS, Train->Infer, _stream_key_by_map_operator",1,numRecordsIn,105.0
1784196933,4,"KEYED PROCESS, Train->Infer, _stream_key_by_map_operator",1,numRecordsInPerSecond,0.1
1784196933,4,"KEYED PROCESS, Train->Infer, _stream_key_by_map_operator",1,backPressuredTimeMsPerSecond,0.0
1784196933,4,"KEYED PROCESS, Train->Infer, _stream_key_by_map_operator",2,busyTimeMsPerSecond,648.0
1784196933,4,"KEYED PROCESS, Train->Infer, _stream_key_by_map_operator",2,numRecordsOutPerSecond,66.66666666666667
1784196933,4,"KEYED PROCESS, Train->Infer, _stream_key_by_map_operator",2,idleTimeMsPerSecond,0.0
1784196933,4,"KEYED PROCESS, Train->Infer, _stream_key_by_map_operator",2,numRecordsOut,48575.0
1784196933,4,"KEYED PROCESS, Train->Infer, _stream_key_by_map_operator",2,numRecordsIn,173.0
1784196933,4,"KEYED PROCESS, Train->Infer, _stream_key_by_map_operator",2,numRecordsInPerSecond,0.13333333333333333
1784196933,4,"KEYED PROCESS, Train->Infer, _stream_key_by_map_operator",2,backPressuredTimeMsPerSecond,352.0
1784196933,4,"KEYED PROCESS, Train->Infer, _stream_key_by_map_operator",3,busyTimeMsPerSecond,492.0
1784196933,4,"KEYED PROCESS, Train->Infer, _stream_key_by_map_operator",3,numRecordsOutPerSecond,58.333333333333336
1784196933,4,"KEYED PROCESS, Train->Infer, _stream_key_by_map_operator",3,idleTimeMsPerSecond,508.0
1784196933,4,"KEYED PROCESS, Train->Infer, _stream_key_by_map_operator",3,numRecordsOut,53030.0
1784196933,4,"KEYED PROCESS, Train->Infer, _stream_key_by_map_operator",3,numRecordsIn,136.0
1784196933,4,"KEYED PROCESS, Train->Infer, _stream_key_by_map_operator",3,numRecordsInPerSecond,0.11666666666666667
1784196933,4,"KEYED PROCESS, Train->Infer, _stream_key_by_map_operator",3,backPressuredTimeMsPerSecond,0.0
1784196933,4,"Infer->Rank, Rank->Filter, Filter -> Sink: Writer -> Sink: Committer",0,busyTimeMsPerSecond,1000.0
1784196933,4,"Infer->Rank, Rank->Filter, Filter -> Sink: Writer -> Sink: Committer",0,numRecordsOutPerSecond,59.333333333333336
1784196933,4,"Infer->Rank, Rank->Filter, Filter -> Sink: Writer -> Sink: Committer",0,idleTimeMsPerSecond,0.0
1784196933,4,"Infer->Rank, Rank->Filter, Filter -> Sink: Writer -> Sink: Committer",0,numRecordsOut,53270.0
1784196933,4,"Infer->Rank, Rank->Filter, Filter -> Sink: Writer -> Sink: Committer",0,numRecordsIn,58901.0
1784196933,4,"Infer->Rank, Rank->Filter, Filter -> Sink: Writer -> Sink: Committer",0,numRecordsInPerSecond,76.01666666666667
1784196933,4,"Infer->Rank, Rank->Filter, Filter -> Sink: Writer -> Sink: Committer",0,backPressuredTimeMsPerSecond,0.0
1784196933,4,"Infer->Rank, Rank->Filter, Filter -> Sink: Writer -> Sink: Committer",1,busyTimeMsPerSecond,536.0
1784196933,4,"Infer->Rank, Rank->Filter, Filter -> Sink: Writer -> Sink: Committer",1,numRecordsOutPerSecond,40.0
1784196933,4,"Infer->Rank, Rank->Filter, Filter -> Sink: Writer -> Sink: Committer",1,idleTimeMsPerSecond,464.0
1784196933,4,"Infer->Rank, Rank->Filter, Filter -> Sink: Writer -> Sink: Committer",1,numRecordsOut,40960.0
1784196933,4,"Infer->Rank, Rank->Filter, Filter -> Sink: Writer -> Sink: Committer",1,numRecordsIn,44483.0
1784196933,4,"Infer->Rank, Rank->Filter, Filter -> Sink: Writer -> Sink: Committer",1,numRecordsInPerSecond,48.483333333333334
1784196933,4,"Infer->Rank, Rank->Filter, Filter -> Sink: Writer -> Sink: Committer",1,backPressuredTimeMsPerSecond,0.0
1784196933,4,"Infer->Rank, Rank->Filter, Filter -> Sink: Writer -> Sink: Committer",2,busyTimeMsPerSecond,1000.0
1784196933,4,"Infer->Rank, Rank->Filter, Filter -> Sink: Writer -> Sink: Committer",2,numRecordsOutPerSecond,55.166666666666664
1784196933,4,"Infer->Rank, Rank->Filter, Filter -> Sink: Writer -> Sink: Committer",2,idleTimeMsPerSecond,0.0
1784196933,4,"Infer->Rank, Rank->Filter, Filter -> Sink: Writer -> Sink: Committer",2,numRecordsOut,42420.0
1784196933,4,"Infer->Rank, Rank->Filter, Filter -> Sink: Writer -> Sink: Committer",2,numRecordsIn,45501.0
1784196933,4,"Infer->Rank, Rank->Filter, Filter -> Sink: Writer -> Sink: Committer",2,numRecordsInPerSecond,63.55
1784196933,4,"Infer->Rank, Rank->Filter, Filter -> Sink: Writer -> Sink: Committer",2,backPressuredTimeMsPerSecond,0.0
1784196933,4,"Infer->Rank, Rank->Filter, Filter -> Sink: Writer -> Sink: Committer",3,busyTimeMsPerSecond,1000.0
1784196933,4,"Infer->Rank, Rank->Filter, Filter -> Sink: Writer -> Sink: Committer",3,numRecordsOutPerSecond,35.166666666666664
1784196933,4,"Infer->Rank, Rank->Filter, Filter -> Sink: Writer -> Sink: Committer",3,idleTimeMsPerSecond,0.0
1784196933,4,"Infer->Rank, Rank->Filter, Filter -> Sink: Writer -> Sink: Committer",3,numRecordsOut,46660.0
1784196933,4,"Infer->Rank, Rank->Filter, Filter -> Sink: Writer -> Sink: Committer",3,numRecordsIn,52700.0
1784196933,4,"Infer->Rank, Rank->Filter, Filter -> Sink: Writer -> Sink: Committer",3,numRecordsInPerSecond,75.23333333333333
1784196933,4,"Infer->Rank, Rank->Filter, Filter -> Sink: Writer -> Sink: Committer",3,backPressuredTimeMsPerSecond,0.0
1784196948,4,"Source: Source-data -> LoadJSON, Parse, _stream_key_by_map_operator",0,busyTimeMsPerSecond,0.0
1784196948,4,"Source: Source-data -> LoadJSON, Parse, _stream_key_by_map_operator",0,numRecordsOutPerSecond,0.0
1784196948,4,"Source: Source-data -> LoadJSON, Parse, _stream_key_by_map_operator",0,idleTimeMsPerSecond,0.0
1784196948,4,"Source: Source-data -> LoadJSON, Parse, _stream_key_by_map_operator",0,numRecordsOut,5048.0
1784196948,4,"Source: Source-data -> LoadJSON, Parse, _stream_key_by_map_operator",0,numRecordsIn,5048.0
1784196948,4,"Source: Source-data -> LoadJSON, Parse, _stream_key_by_map_operator",0,numRecordsInPerSecond,0.0
1784196948,4,"Source: Source-data -> LoadJSON, Parse, _stream_key_by_map_operator",0,backPressuredTimeMsPerSecond,1000.0
1784196948,4,"Source: Source-data -> LoadJSON, Parse, _stream_key_by_map_operator",1,busyTimeMsPerSecond,0.0
1784196948,4,"Source: Source-data -> LoadJSON, Parse, _stream_key_by_map_operator",1,numRecordsOutPerSecond,0.0
1784196948,4,"Source: Source-data -> LoadJSON, Parse, _stream_key_by_map_operator",1,idleTimeMsPerSecond,0.0
1784196948,4,"Source: Source-data -> LoadJSON, Parse, _stream_key_by_map_operator",1,numRecordsOut,5537.0
1784196948,4,"Source: Source-data -> LoadJSON, Parse, _stream_key_by_map_operator",1,numRecordsIn,5537.0
1784196948,4,"Source: Source-data -> LoadJSON, Parse, _stream_key_by_map_operator",1,numRecordsInPerSecond,0.0
1784196948,4,"Source: Source-data -> LoadJSON, Parse, _stream_key_by_map_operator",1,backPressuredTimeMsPerSecond,1000.0
1784196948,4,"Source: Source-data -> LoadJSON, Parse, _stream_key_by_map_operator",2,busyTimeMsPerSecond,0.0
1784196948,4,"Source: Source-data -> LoadJSON, Parse, _stream_key_by_map_operator",2,numRecordsOutPerSecond,0.0
1784196948,4,"Source: Source-data -> LoadJSON, Parse, _stream_key_by_map_operator",2,idleTimeMsPerSecond,0.0
1784196948,4,"Source: Source-data -> LoadJSON, Parse, _stream_key_by_map_operator",2,numRecordsOut,5381.0
1784196948,4,"Source: Source-data -> LoadJSON, Parse, _stream_key_by_map_operator",2,numRecordsIn,5381.0
1784196948,4,"Source: Source-data -> LoadJSON, Parse, _stream_key_by_map_operator",2,numRecordsInPerSecond,0.0
1784196948,4,"Source: Source-data -> LoadJSON, Parse, _stream_key_by_map_operator",2,backPressuredTimeMsPerSecond,1000.0
1784196948,4,"Source: Source-data -> LoadJSON, Parse, _stream_key_by_map_operator",3,busyTimeMsPerSecond,0.0
1784196948,4,"Source: Source-data -> LoadJSON, Parse, _stream_key_by_map_operator",3,numRecordsOutPerSecond,0.0
1784196948,4,"Source: Source-data -> LoadJSON, Parse, _stream_key_by_map_operator",3,idleTimeMsPerSecond,0.0
1784196948,4,"Source: Source-data -> LoadJSON, Parse, _stream_key_by_map_operator",3,numRecordsOut,5536.0
1784196948,4,"Source: Source-data -> LoadJSON, Parse, _stream_key_by_map_operator",3,numRecordsIn,5536.0
1784196948,4,"Source: Source-data -> LoadJSON, Parse, _stream_key_by_map_operator",3,numRecordsInPerSecond,0.0
1784196948,4,"Source: Source-data -> LoadJSON, Parse, _stream_key_by_map_operator",3,backPressuredTimeMsPerSecond,1000.0
1784196948,4,"KEYED PROCESS, Parse->Train, _stream_key_by_map_operator",0,busyTimeMsPerSecond,196.0
1784196948,4,"KEYED PROCESS, Parse->Train, _stream_key_by_map_operator",0,numRecordsOutPerSecond,0.06666666666666667
1784196948,4,"KEYED PROCESS, Parse->Train, _stream_key_by_map_operator",0,idleTimeMsPerSecond,0.0
1784196948,4,"KEYED PROCESS, Parse->Train, _stream_key_by_map_operator",0,numRecordsOut,213.0
1784196948,4,"KEYED PROCESS, Parse->Train, _stream_key_by_map_operator",0,numRecordsIn,214.0
1784196948,4,"KEYED PROCESS, Parse->Train, _stream_key_by_map_operator",0,numRecordsInPerSecond,0.06666666666666667
1784196948,4,"KEYED PROCESS, Parse->Train, _stream_key_by_map_operator",0,backPressuredTimeMsPerSecond,804.0
1784196948,4,"KEYED PROCESS, Parse->Train, _stream_key_by_map_operator",1,busyTimeMsPerSecond,338.0
1784196948,4,"KEYED PROCESS, Parse->Train, _stream_key_by_map_operator",1,numRecordsOutPerSecond,0.13333333333333333
1784196948,4,"KEYED PROCESS, Parse->Train, _stream_key_by_map_operator",1,idleTimeMsPerSecond,0.0
1784196948,4,"KEYED PROCESS, Parse->Train, _stream_key_by_map_operator",1,numRecordsOut,119.0
1784196948,4,"KEYED PROCESS, Parse->Train, _stream_key_by_map_operator",1,numRecordsIn,120.0
1784196948,4,"KEYED PROCESS, Parse->Train, _stream_key_by_map_operator",1,numRecordsInPerSecond,0.13333333333333333
1784196948,4,"KEYED PROCESS, Parse->Train, _stream_key_by_map_operator",1,backPressuredTimeMsPerSecond,662.0
1784196948,4,"KEYED PROCESS, Parse->Train, _stream_key_by_map_operator",2,busyTimeMsPerSecond,558.0
1784196948,4,"KEYED PROCESS, Parse->Train, _stream_key_by_map_operator",2,numRecordsOutPerSecond,0.16666666666666666
1784196948,4,"KEYED PROCESS, Parse->Train, _stream_key_by_map_operator",2,idleTimeMsPerSecond,0.0
1784196948,4,"KEYED PROCESS, Parse->Train, _stream_key_by_map_operator",2,numRecordsOut,191.0
1784196948,4,"KEYED PROCESS, Parse->Train, _stream_key_by_map_operator",2,numRecordsIn,192.0
1784196948,4,"KEYED PROCESS, Parse->Train, _stream_key_by_map_operator",2,numRecordsInPerSecond,0.16666666666666666
1784196948,4,"KEYED PROCESS, Parse->Train, _stream_key_by_map_operator",2,backPressuredTimeMsPerSecond,442.0
1784196948,4,"KEYED PROCESS, Parse->Train, _stream_key_by_map_operator",3,busyTimeMsPerSecond,344.0
1784196948,4,"KEYED PROCESS, Parse->Train, _stream_key_by_map_operator",3,numRecordsOutPerSecond,0.11666666666666667
1784196948,4,"KEYED PROCESS, Parse->Train, _stream_key_by_map_operator",3,idleTimeMsPerSecond,0.0
1784196948,4,"KEYED PROCESS, Parse->Train, _stream_key_by_map_operator",3,numRecordsOut,136.0
1784196948,4,"KEYED PROCESS, Parse->Train, _stream_key_by_map_operator",3,numRecordsIn,137.0
1784196948,4,"KEYED PROCESS, Parse->Train, _stream_key_by_map_operator",3,numRecordsInPerSecond,0.11666666666666667
1784196948,4,"KEYED PROCESS, Parse->Train, _stream_key_by_map_operator",3,backPressuredTimeMsPerSecond,656.0
1784196948,4,"KEYED PROCESS, Train->Infer, _stream_key_by_map_operator",0,busyTimeMsPerSecond,598.0
1784196948,4,"KEYED PROCESS, Train->Infer, _stream_key_by_map_operator",0,numRecordsOutPerSecond,75.0
1784196948,4,"KEYED PROCESS, Train->Infer, _stream_key_by_map_operator",0,idleTimeMsPerSecond,0.0
1784196948,4,"KEYED PROCESS, Train->Infer, _stream_key_by_map_operator",0,numRecordsOut,63120.0
1784196948,4,"KEYED PROCESS, Train->Infer, _stream_key_by_map_operator",0,numRecordsIn,247.0
1784196948,4,"KEYED PROCESS, Train->Infer, _stream_key_by_map_operator",0,numRecordsInPerSecond,0.15
1784196948,4,"KEYED PROCESS, Train->Infer, _stream_key_by_map_operator",0,backPressuredTimeMsPerSecond,402.0
1784196948,4,"KEYED PROCESS, Train->Infer, _stream_key_by_map_operator",1,busyTimeMsPerSecond,422.0
1784196948,4,"KEYED PROCESS, Train->Infer, _stream_key_by_map_operator",1,numRecordsOutPerSecond,50.0
1784196948,4,"KEYED PROCESS, Train->Infer, _stream_key_by_map_operator",1,idleTimeMsPerSecond,578.0
1784196948,4,"KEYED PROCESS, Train->Infer, _stream_key_by_map_operator",1,numRecordsOut,45515.0
1784196948,4,"KEYED PROCESS, Train->Infer, _stream_key_by_map_operator",1,numRecordsIn,106.0
1784196948,4,"KEYED PROCESS, Train->Infer, _stream_key_by_map_operator",1,numRecordsInPerSecond,0.1
1784196948,4,"KEYED PROCESS, Train->Infer, _stream_key_by_map_operator",1,backPressuredTimeMsPerSecond,0.0
1784196948,4,"KEYED PROCESS, Train->Infer, _stream_key_by_map_operator",2,busyTimeMsPerSecond,641.0
1784196948,4,"KEYED PROCESS, Train->Infer, _stream_key_by_map_operator",2,numRecordsOutPerSecond,66.66666666666667
1784196948,4,"KEYED PROCESS, Train->Infer, _stream_key_by_map_operator",2,idleTimeMsPerSecond,0.0
1784196948,4,"KEYED PROCESS, Train->Infer, _stream_key_by_map_operator",2,numRecordsOut,49575.0
1784196948,4,"KEYED PROCESS, Train->Infer, _stream_key_by_map_operator",2,numRecordsIn,175.0
1784196948,4,"KEYED PROCESS, Train->Infer, _stream_key_by_map_operator",2,numRecordsInPerSecond,0.13333333333333333
1784196948,4,"KEYED PROCESS, Train->Infer, _stream_key_by_map_operator",2,backPressuredTimeMsPerSecond,359.0
1784196948,4,"KEYED PROCESS, Train->Infer, _stream_key_by_map_operator",3,busyTimeMsPerSecond,436.0
1784196948,4,"KEYED PROCESS, Train->Infer, _stream_key_by_map_operator",3,numRecordsOutPerSecond,58.333333333333336
1784196948,4,"KEYED PROCESS, Train->Infer, _stream_key_by_map_operator",3,idleTimeMsPerSecond,564.0
1784196948,4,"KEYED PROCESS, Train->Infer, _stream_key_by_map_operator",3,numRecordsOut,53530.0
1784196948,4,"KEYED PROCESS, Train->Infer, _stream_key_by_map_operator",3,numRecordsIn,137.0
1784196948,4,"KEYED PROCESS, Train->Infer, _stream_key_by_map_operator",3,numRecordsInPerSecond,0.1
1784196948,4,"KEYED PROCESS, Train->Infer, _stream_key_by_map_operator",3,backPressuredTimeMsPerSecond,0.0
1784196948,4,"Infer->Rank, Rank->Filter, Filter -> Sink: Writer -> Sink: Committer",0,busyTimeMsPerSecond,1000.0
1784196948,4,"Infer->Rank, Rank->Filter, Filter -> Sink: Writer -> Sink: Committer",0,numRecordsOutPerSecond,62.666666666666664
1784196948,4,"Infer->Rank, Rank->Filter, Filter -> Sink: Writer -> Sink: Committer",0,idleTimeMsPerSecond,0.0
1784196948,4,"Infer->Rank, Rank->Filter, Filter -> Sink: Writer -> Sink: Committer",0,numRecordsOut,54250.0
1784196948,4,"Infer->Rank, Rank->Filter, Filter -> Sink: Writer -> Sink: Committer",0,numRecordsIn,59889.0
1784196948,4,"Infer->Rank, Rank->Filter, Filter -> Sink: Writer -> Sink: Committer",0,numRecordsInPerSecond,73.93333333333334
1784196948,4,"Infer->Rank, Rank->Filter, Filter -> Sink: Writer -> Sink: Committer",0,backPressuredTimeMsPerSecond,0.0
1784196948,4,"Infer->Rank, Rank->Filter, Filter -> Sink: Writer -> Sink: Committer",1,busyTimeMsPerSecond,508.0
1784196948,4,"Infer->Rank, Rank->Filter, Filter -> Sink: Writer -> Sink: Committer",1,numRecordsOutPerSecond,35.333333333333336
1784196948,4,"Infer->Rank, Rank->Filter, Filter -> Sink: Writer -> Sink: Committer",1,idleTimeMsPerSecond,492.0
1784196948,4,"Infer->Rank, Rank->Filter, Filter -> Sink: Writer -> Sink: Committer",1,numRecordsOut,41500.0
1784196948,4,"Infer->Rank, Rank->Filter, Filter -> Sink: Writer -> Sink: Committer",1,numRecordsIn,45331.0
1784196948,4,"Infer->Rank, Rank->Filter, Filter -> Sink: Writer -> Sink: Committer",1,numRecordsInPerSecond,47.766666666666666
1784196948,4,"Infer->Rank, Rank->Filter, Filter -> Sink: Writer -> Sink: Committer",1,backPressuredTimeMsPerSecond,0.0
1784196948,4,"Infer->Rank, Rank->Filter, Filter -> Sink: Writer -> Sink: Committer",2,busyTimeMsPerSecond,1000.0
1784196948,4,"Infer->Rank, Rank->Filter, Filter -> Sink: Writer -> Sink: Committer",2,numRecordsOutPerSecond,56.166666666666664
1784196948,4,"Infer->Rank, Rank->Filter, Filter -> Sink: Writer -> Sink: Committer",2,idleTimeMsPerSecond,0.0
1784196948,4,"Infer->Rank, Rank->Filter, Filter -> Sink: Writer -> Sink: Committer",2,numRecordsOut,43530.0
1784196948,4,"Infer->Rank, Rank->Filter, Filter -> Sink: Writer -> Sink: Committer",2,numRecordsIn,46607.0
1784196948,4,"Infer->Rank, Rank->Filter, Filter -> Sink: Writer -> Sink: Committer",2,numRecordsInPerSecond,64.53333333333333
1784196948,4,"Infer->Rank, Rank->Filter, Filter -> Sink: Writer -> Sink: Committer",2,backPressuredTimeMsPerSecond,0.0
1784196948,4,"Infer->Rank, Rank->Filter, Filter -> Sink: Writer -> Sink: Committer",3,busyTimeMsPerSecond,811.0
1784196948,4,"Infer->Rank, Rank->Filter, Filter -> Sink: Writer -> Sink: Committer",3,numRecordsOutPerSecond,43.0
1784196948,4,"Infer->Rank, Rank->Filter, Filter -> Sink: Writer -> Sink: Committer",3,idleTimeMsPerSecond,189.0
1784196948,4,"Infer->Rank, Rank->Filter, Filter -> Sink: Writer -> Sink: Committer",3,numRecordsOut,47140.0
1784196948,4,"Infer->Rank, Rank->Filter, Filter -> Sink: Writer -> Sink: Committer",3,numRecordsIn,53175.0
1784196948,4,"Infer->Rank, Rank->Filter, Filter -> Sink: Writer -> Sink: Committer",3,numRecordsInPerSecond,66.95
1784196948,4,"Infer->Rank, Rank->Filter, Filter -> Sink: Writer -> Sink: Committer",3,backPressuredTimeMsPerSecond,0.0
1784196963,4,"Source: Source-data -> LoadJSON, Parse, _stream_key_by_map_operator",0,busyTimeMsPerSecond,0.0
1784196963,4,"Source: Source-data -> LoadJSON, Parse, _stream_key_by_map_operator",0,numRecordsOutPerSecond,0.0
1784196963,4,"Source: Source-data -> LoadJSON, Parse, _stream_key_by_map_operator",0,idleTimeMsPerSecond,0.0
1784196963,4,"Source: Source-data -> LoadJSON, Parse, _stream_key_by_map_operator",0,numRecordsOut,5048.0
1784196963,4,"Source: Source-data -> LoadJSON, Parse, _stream_key_by_map_operator",0,numRecordsIn,5048.0
1784196963,4,"Source: Source-data -> LoadJSON, Parse, _stream_key_by_map_operator",0,numRecordsInPerSecond,0.0
1784196963,4,"Source: Source-data -> LoadJSON, Parse, _stream_key_by_map_operator",0,backPressuredTimeMsPerSecond,1000.0
1784196963,4,"Source: Source-data -> LoadJSON, Parse, _stream_key_by_map_operator",1,busyTimeMsPerSecond,0.0
1784196963,4,"Source: Source-data -> LoadJSON, Parse, _stream_key_by_map_operator",1,numRecordsOutPerSecond,0.0
1784196963,4,"Source: Source-data -> LoadJSON, Parse, _stream_key_by_map_operator",1,idleTimeMsPerSecond,0.0
1784196963,4,"Source: Source-data -> LoadJSON, Parse, _stream_key_by_map_operator",1,numRecordsOut,5537.0
1784196963,4,"Source: Source-data -> LoadJSON, Parse, _stream_key_by_map_operator",1,numRecordsIn,5537.0
1784196963,4,"Source: Source-data -> LoadJSON, Parse, _stream_key_by_map_operator",1,numRecordsInPerSecond,0.0
1784196963,4,"Source: Source-data -> LoadJSON, Parse, _stream_key_by_map_operator",1,backPressuredTimeMsPerSecond,1000.0
1784196963,4,"Source: Source-data -> LoadJSON, Parse, _stream_key_by_map_operator",2,busyTimeMsPerSecond,0.0
1784196963,4,"Source: Source-data -> LoadJSON, Parse, _stream_key_by_map_operator",2,numRecordsOutPerSecond,0.0
1784196963,4,"Source: Source-data -> LoadJSON, Parse, _stream_key_by_map_operator",2,idleTimeMsPerSecond,0.0
1784196963,4,"Source: Source-data -> LoadJSON, Parse, _stream_key_by_map_operator",2,numRecordsOut,5381.0
1784196963,4,"Source: Source-data -> LoadJSON, Parse, _stream_key_by_map_operator",2,numRecordsIn,5381.0
1784196963,4,"Source: Source-data -> LoadJSON, Parse, _stream_key_by_map_operator",2,numRecordsInPerSecond,0.0
1784196963,4,"Source: Source-data -> LoadJSON, Parse, _stream_key_by_map_operator",2,backPressuredTimeMsPerSecond,1000.0
1784196963,4,"Source: Source-data -> LoadJSON, Parse, _stream_key_by_map_operator",3,busyTimeMsPerSecond,0.0
1784196963,4,"Source: Source-data -> LoadJSON, Parse, _stream_key_by_map_operator",3,numRecordsOutPerSecond,0.0
1784196963,4,"Source: Source-data -> LoadJSON, Parse, _stream_key_by_map_operator",3,idleTimeMsPerSecond,0.0
1784196963,4,"Source: Source-data -> LoadJSON, Parse, _stream_key_by_map_operator",3,numRecordsOut,5536.0
1784196963,4,"Source: Source-data -> LoadJSON, Parse, _stream_key_by_map_operator",3,numRecordsIn,5536.0
1784196963,4,"Source: Source-data -> LoadJSON, Parse, _stream_key_by_map_operator",3,numRecordsInPerSecond,0.0
1784196963,4,"Source: Source-data -> LoadJSON, Parse, _stream_key_by_map_operator",3,backPressuredTimeMsPerSecond,1000.0
1784196963,4,"KEYED PROCESS, Parse->Train, _stream_key_by_map_operator",0,busyTimeMsPerSecond,196.0
1784196963,4,"KEYED PROCESS, Parse->Train, _stream_key_by_map_operator",0,numRecordsOutPerSecond,0.06666666666666667
1784196963,4,"KEYED PROCESS, Parse->Train, _stream_key_by_map_operator",0,idleTimeMsPerSecond,0.0
1784196963,4,"KEYED PROCESS, Parse->Train, _stream_key_by_map_operator",0,numRecordsOut,214.0
1784196963,4,"KEYED PROCESS, Parse->Train, _stream_key_by_map_operator",0,numRecordsIn,215.0
1784196963,4,"KEYED PROCESS, Parse->Train, _stream_key_by_map_operator",0,numRecordsInPerSecond,0.06666666666666667
1784196963,4,"KEYED PROCESS, Parse->Train, _stream_key_by_map_operator",0,backPressuredTimeMsPerSecond,804.0
1784196963,4,"KEYED PROCESS, Parse->Train, _stream_key_by_map_operator",1,busyTimeMsPerSecond,405.0
1784196963,4,"KEYED PROCESS, Parse->Train, _stream_key_by_map_operator",1,numRecordsOutPerSecond,0.15
1784196963,4,"KEYED PROCESS, Parse->Train, _stream_key_by_map_operator",1,idleTimeMsPerSecond,0.0
1784196963,4,"KEYED PROCESS, Parse->Train, _stream_key_by_map_operator",1,numRecordsOut,121.0
1784196963,4,"KEYED PROCESS, Parse->Train, _stream_key_by_map_operator",1,numRecordsIn,122.0
1784196963,4,"KEYED PROCESS, Parse->Train, _stream_key_by_map_operator",1,numRecordsInPerSecond,0.15
1784196963,4,"KEYED PROCESS, Parse->Train, _stream_key_by_map_operator",1,backPressuredTimeMsPerSecond,595.0
1784196963,4,"KEYED PROCESS, Parse->Train, _stream_key_by_map_operator",2,busyTimeMsPerSecond,482.0
1784196963,4,"KEYED PROCESS, Parse->Train, _stream_key_by_map_operator",2,numRecordsOutPerSecond,0.15
1784196963,4,"KEYED PROCESS, Parse->Train, _stream_key_by_map_operator",2,idleTimeMsPerSecond,0.0
1784196963,4,"KEYED PROCESS, Parse->Train, _stream_key_by_map_operator",2,numRecordsOut,192.0
1784196963,4,"KEYED PROCESS, Parse->Train, _stream_key_by_map_operator",2,numRecordsIn,193.0
1784196963,4,"KEYED PROCESS, Parse->Train, _stream_key_by_map_operator",2,numRecordsInPerSecond,0.15
1784196963,4,"KEYED PROCESS, Parse->Train, _stream_key_by_map_operator",2,backPressuredTimeMsPerSecond,518.0
1784196963,4,"KEYED PROCESS, Parse->Train, _stream_key_by_map_operator",3,busyTimeMsPerSecond,291.0
1784196963,4,"KEYED PROCESS, Parse->Train, _stream_key_by_map_operator",3,numRecordsOutPerSecond,0.1
1784196963,4,"KEYED PROCESS, Parse->Train, _stream_key_by_map_operator",3,idleTimeMsPerSecond,0.0
1784196963,4,"KEYED PROCESS, Parse->Train, _stream_key_by_map_operator",3,numRecordsOut,138.0
1784196963,4,"KEYED PROCESS, Parse->Train, _stream_key_by_map_operator",3,numRecordsIn,139.0
1784196963,4,"KEYED PROCESS, Parse->Train, _stream_key_by_map_operator",3,numRecordsInPerSecond,0.1
1784196963,4,"KEYED PROCESS, Parse->Train, _stream_key_by_map_operator",3,backPressuredTimeMsPerSecond,709.0
1784196963,4,"KEYED PROCESS, Train->Infer, _stream_key_by_map_operator",0,busyTimeMsPerSecond,598.0
1784196963,4,"KEYED PROCESS, Train->Infer, _stream_key_by_map_operator",0,numRecordsOutPerSecond,75.0
1784196963,4,"KEYED PROCESS, Train->Infer, _stream_key_by_map_operator",0,idleTimeMsPerSecond,0.0
1784196963,4,"KEYED PROCESS, Train->Infer, _stream_key_by_map_operator",0,numRecordsOut,63120.0
1784196963,4,"KEYED PROCESS, Train->Infer, _stream_key_by_map_operator",0,numRecordsIn,247.0
1784196963,4,"KEYED PROCESS, Train->Infer, _stream_key_by_map_operator",0,numRecordsInPerSecond,0.15
1784196963,4,"KEYED PROCESS, Train->Infer, _stream_key_by_map_operator",0,backPressuredTimeMsPerSecond,402.0
1784196963,4,"KEYED PROCESS, Train->Infer, _stream_key_by_map_operator",1,busyTimeMsPerSecond,451.0
1784196963,4,"KEYED PROCESS, Train->Infer, _stream_key_by_map_operator",1,numRecordsOutPerSecond,50.0
1784196963,4,"KEYED PROCESS, Train->Infer, _stream_key_by_map_operator",1,idleTimeMsPerSecond,549.0
1784196963,4,"KEYED PROCESS, Train->Infer, _stream_key_by_map_operator",1,numRecordsOut,46015.0
1784196963,4,"KEYED PROCESS, Train->Infer, _stream_key_by_map_operator",1,numRecordsIn,108.0
1784196963,4,"KEYED PROCESS, Train->Infer, _stream_key_by_map_operator",1,numRecordsInPerSecond,0.11666666666666667
1784196963,4,"KEYED PROCESS, Train->Infer, _stream_key_by_map_operator",1,backPressuredTimeMsPerSecond,0.0
1784196963,4,"KEYED PROCESS, Train->Infer, _stream_key_by_map_operator",2,busyTimeMsPerSecond,516.0
1784196963,4,"KEYED PROCESS, Train->Infer, _stream_key_by_map_operator",2,numRecordsOutPerSecond,58.333333333333336
1784196963,4,"KEYED PROCESS, Train->Infer, _stream_key_by_map_operator",2,idleTimeMsPerSecond,171.0
1784196963,4,"KEYED PROCESS, Train->Infer, _stream_key_by_map_operator",2,numRecordsOut,50075.0
1784196963,4,"KEYED PROCESS, Train->Infer, _stream_key_by_map_operator",2,numRecordsIn,176.0
1784196963,4,"KEYED PROCESS, Train->Infer, _stream_key_by_map_operator",2,numRecordsInPerSecond,0.11666666666666667
1784196963,4,"KEYED PROCESS, Train->Infer, _stream_key_by_map_operator",2,backPressuredTimeMsPerSecond,313.0
1784196963,4,"KEYED PROCESS, Train->Infer, _stream_key_by_map_operator",3,busyTimeMsPerSecond,347.0
1784196963,4,"KEYED PROCESS, Train->Infer, _stream_key_by_map_operator",3,numRecordsOutPerSecond,41.666666666666664
1784196963,4,"KEYED PROCESS, Train->Infer, _stream_key_by_map_operator",3,idleTimeMsPerSecond,653.0
1784196963,4,"KEYED PROCESS, Train->Infer, _stream_key_by_map_operator",3,numRecordsOut,54030.0
1784196963,4,"KEYED PROCESS, Train->Infer, _stream_key_by_map_operator",3,numRecordsIn,139.0
1784196963,4,"KEYED PROCESS, Train->Infer, _stream_key_by_map_operator",3,numRecordsInPerSecond,0.08333333333333333
1784196963,4,"KEYED PROCESS, Train->Infer, _stream_key_by_map_operator",3,backPressuredTimeMsPerSecond,0.0
1784196963,4,"Infer->Rank, Rank->Filter, Filter -> Sink: Writer -> Sink: Committer",0,busyTimeMsPerSecond,1000.0
1784196963,4,"Infer->Rank, Rank->Filter, Filter -> Sink: Writer -> Sink: Committer",0,numRecordsOutPerSecond,59.833333333333336
1784196963,4,"Infer->Rank, Rank->Filter, Filter -> Sink: Writer -> Sink: Committer",0,idleTimeMsPerSecond,0.0
1784196963,4,"Infer->Rank, Rank->Filter, Filter -> Sink: Writer -> Sink: Committer",0,numRecordsOut,54990.0
1784196963,4,"Infer->Rank, Rank->Filter, Filter -> Sink: Writer -> Sink: Committer",0,numRecordsIn,60924.0
1784196963,4,"Infer->Rank, Rank->Filter, Filter -> Sink: Writer -> Sink: Committer",0,numRecordsInPerSecond,72.3
1784196963,4,"Infer->Rank, Rank->Filter, Filter -> Sink: Writer -> Sink: Committer",0,backPressuredTimeMsPerSecond,0.0
1784196963,4,"Infer->Rank, Rank->Filter, Filter -> Sink: Writer -> Sink: Committer",1,busyTimeMsPerSecond,476.0
1784196963,4,"Infer->Rank, Rank->Filter, Filter -> Sink: Writer -> Sink: Committer",1,numRecordsOutPerSecond,25.0
1784196963,4,"Infer->Rank, Rank->Filter, Filter -> Sink: Writer -> Sink: Committer",1,idleTimeMsPerSecond,524.0
1784196963,4,"Infer->Rank, Rank->Filter, Filter -> Sink: Writer -> Sink: Committer",1,numRecordsOut,41500.0
1784196963,4,"Infer->Rank, Rank->Filter, Filter -> Sink: Writer -> Sink: Committer",1,numRecordsIn,45569.0
1784196963,4,"Infer->Rank, Rank->Filter, Filter -> Sink: Writer -> Sink: Committer",1,numRecordsInPerSecond,42.56666666666667
1784196963,4,"Infer->Rank, Rank->Filter, Filter -> Sink: Writer -> Sink: Committer",1,backPressuredTimeMsPerSecond,0.0
1784196963,4,"Infer->Rank, Rank->Filter, Filter -> Sink: Writer -> Sink: Committer",2,busyTimeMsPerSecond,1000.0
1784196963,4,"Infer->Rank, Rank->Filter, Filter -> Sink: Writer -> Sink: Committer",2,numRecordsOutPerSecond,63.5
1784196963,4,"Infer->Rank, Rank->Filter, Filter -> Sink: Writer -> Sink: Committer",2,idleTimeMsPerSecond,0.0
1784196963,4,"Infer->Rank, Rank->Filter, Filter -> Sink: Writer -> Sink: Committer",2,numRecordsOut,44930.0
1784196963,4,"Infer->Rank, Rank->Filter, Filter -> Sink: Writer -> Sink: Committer",2,numRecordsIn,48007.0
1784196963,4,"Infer->Rank, Rank->Filter, Filter -> Sink: Writer -> Sink: Committer",2,numRecordsInPerSecond,71.83333333333333
1784196963,4,"Infer->Rank, Rank->Filter, Filter -> Sink: Writer -> Sink: Committer",2,backPressuredTimeMsPerSecond,0.0
1784196963,4,"Infer->Rank, Rank->Filter, Filter -> Sink: Writer -> Sink: Committer",3,busyTimeMsPerSecond,620.0
1784196963,4,"Infer->Rank, Rank->Filter, Filter -> Sink: Writer -> Sink: Committer",3,numRecordsOutPerSecond,39.666666666666664
1784196963,4,"Infer->Rank, Rank->Filter, Filter -> Sink: Writer -> Sink: Committer",3,idleTimeMsPerSecond,380.0
1784196963,4,"Infer->Rank, Rank->Filter, Filter -> Sink: Writer -> Sink: Committer",3,numRecordsOut,47590.0
1784196963,4,"Infer->Rank, Rank->Filter, Filter -> Sink: Writer -> Sink: Committer",3,numRecordsIn,53624.0
1784196963,4,"Infer->Rank, Rank->Filter, Filter -> Sink: Writer -> Sink: Committer",3,numRecordsInPerSecond,56.36666666666667
1784196963,4,"Infer->Rank, Rank->Filter, Filter -> Sink: Writer -> Sink: Committer",3,backPressuredTimeMsPerSecond,0.0
1784196978,4,"Source: Source-data -> LoadJSON, Parse, _stream_key_by_map_operator",0,busyTimeMsPerSecond,0.0
1784196978,4,"Source: Source-data -> LoadJSON, Parse, _stream_key_by_map_operator",0,numRecordsOutPerSecond,0.0
1784196978,4,"Source: Source-data -> LoadJSON, Parse, _stream_key_by_map_operator",0,idleTimeMsPerSecond,0.0
1784196978,4,"Source: Source-data -> LoadJSON, Parse, _stream_key_by_map_operator",0,numRecordsOut,5048.0
1784196978,4,"Source: Source-data -> LoadJSON, Parse, _stream_key_by_map_operator",0,numRecordsIn,5048.0
1784196978,4,"Source: Source-data -> LoadJSON, Parse, _stream_key_by_map_operator",0,numRecordsInPerSecond,0.0
1784196978,4,"Source: Source-data -> LoadJSON, Parse, _stream_key_by_map_operator",0,backPressuredTimeMsPerSecond,1000.0
1784196978,4,"Source: Source-data -> LoadJSON, Parse, _stream_key_by_map_operator",1,busyTimeMsPerSecond,0.0
1784196978,4,"Source: Source-data -> LoadJSON, Parse, _stream_key_by_map_operator",1,numRecordsOutPerSecond,0.0
1784196978,4,"Source: Source-data -> LoadJSON, Parse, _stream_key_by_map_operator",1,idleTimeMsPerSecond,0.0
1784196978,4,"Source: Source-data -> LoadJSON, Parse, _stream_key_by_map_operator",1,numRecordsOut,5537.0
1784196978,4,"Source: Source-data -> LoadJSON, Parse, _stream_key_by_map_operator",1,numRecordsIn,5537.0
1784196978,4,"Source: Source-data -> LoadJSON, Parse, _stream_key_by_map_operator",1,numRecordsInPerSecond,0.0
1784196978,4,"Source: Source-data -> LoadJSON, Parse, _stream_key_by_map_operator",1,backPressuredTimeMsPerSecond,1000.0
1784196978,4,"Source: Source-data -> LoadJSON, Parse, _stream_key_by_map_operator",2,busyTimeMsPerSecond,0.0
1784196978,4,"Source: Source-data -> LoadJSON, Parse, _stream_key_by_map_operator",2,numRecordsOutPerSecond,0.0
1784196978,4,"Source: Source-data -> LoadJSON, Parse, _stream_key_by_map_operator",2,idleTimeMsPerSecond,0.0
1784196978,4,"Source: Source-data -> LoadJSON, Parse, _stream_key_by_map_operator",2,numRecordsOut,5381.0
1784196978,4,"Source: Source-data -> LoadJSON, Parse, _stream_key_by_map_operator",2,numRecordsIn,5381.0
1784196978,4,"Source: Source-data -> LoadJSON, Parse, _stream_key_by_map_operator",2,numRecordsInPerSecond,0.0
1784196978,4,"Source: Source-data -> LoadJSON, Parse, _stream_key_by_map_operator",2,backPressuredTimeMsPerSecond,1000.0
1784196978,4,"Source: Source-data -> LoadJSON, Parse, _stream_key_by_map_operator",3,busyTimeMsPerSecond,1.0
1784196978,4,"Source: Source-data -> LoadJSON, Parse, _stream_key_by_map_operator",3,numRecordsOutPerSecond,0.0
1784196978,4,"Source: Source-data -> LoadJSON, Parse, _stream_key_by_map_operator",3,idleTimeMsPerSecond,0.0
1784196978,4,"Source: Source-data -> LoadJSON, Parse, _stream_key_by_map_operator",3,numRecordsOut,5536.0
1784196978,4,"Source: Source-data -> LoadJSON, Parse, _stream_key_by_map_operator",3,numRecordsIn,5536.0
1784196978,4,"Source: Source-data -> LoadJSON, Parse, _stream_key_by_map_operator",3,numRecordsInPerSecond,0.0
1784196978,4,"Source: Source-data -> LoadJSON, Parse, _stream_key_by_map_operator",3,backPressuredTimeMsPerSecond,999.0
1784196978,4,"KEYED PROCESS, Parse->Train, _stream_key_by_map_operator",0,busyTimeMsPerSecond,190.0
1784196978,4,"KEYED PROCESS, Parse->Train, _stream_key_by_map_operator",0,numRecordsOutPerSecond,0.06666666666666667
1784196978,4,"KEYED PROCESS, Parse->Train, _stream_key_by_map_operator",0,idleTimeMsPerSecond,0.0
1784196978,4,"KEYED PROCESS, Parse->Train, _stream_key_by_map_operator",0,numRecordsOut,216.0
1784196978,4,"KEYED PROCESS, Parse->Train, _stream_key_by_map_operator",0,numRecordsIn,217.0
1784196978,4,"KEYED PROCESS, Parse->Train, _stream_key_by_map_operator",0,numRecordsInPerSecond,0.06666666666666667
1784196978,4,"KEYED PROCESS, Parse->Train, _stream_key_by_map_operator",0,backPressuredTimeMsPerSecond,810.0
1784196978,4,"KEYED PROCESS, Parse->Train, _stream_key_by_map_operator",1,busyTimeMsPerSecond,443.0
1784196978,4,"KEYED PROCESS, Parse->Train, _stream_key_by_map_operator",1,numRecordsOutPerSecond,0.16666666666666666
1784196978,4,"KEYED PROCESS, Parse->Train, _stream_key_by_map_operator",1,idleTimeMsPerSecond,0.0
1784196978,4,"KEYED PROCESS, Parse->Train, _stream_key_by_map_operator",1,numRecordsOut,124.0
1784196978,4,"KEYED PROCESS, Parse->Train, _stream_key_by_map_operator",1,numRecordsIn,125.0
1784196978,4,"KEYED PROCESS, Parse->Train, _stream_key_by_map_operator",1,numRecordsInPerSecond,0.16666666666666666
1784196978,4,"KEYED PROCESS, Parse->Train, _stream_key_by_map_operator",1,backPressuredTimeMsPerSecond,557.0
1784196978,4,"KEYED PROCESS, Parse->Train, _stream_key_by_map_operator",2,busyTimeMsPerSecond,385.0
1784196978,4,"KEYED PROCESS, Parse->Train, _stream_key_by_map_operator",2,numRecordsOutPerSecond,0.13333333333333333
1784196978,4,"KEYED PROCESS, Parse->Train, _stream_key_by_map_operator",2,idleTimeMsPerSecond,0.0
1784196978,4,"KEYED PROCESS, Parse->Train, _stream_key_by_map_operator",2,numRecordsOut,194.0
1784196978,4,"KEYED PROCESS, Parse->Train, _stream_key_by_map_operator",2,numRecordsIn,195.0
1784196978,4,"KEYED PROCESS, Parse->Train, _stream_key_by_map_operator",2,numRecordsInPerSecond,0.13333333333333333
1784196978,4,"KEYED PROCESS, Parse->Train, _stream_key_by_map_operator",2,backPressuredTimeMsPerSecond,615.0
1784196978,4,"KEYED PROCESS, Parse->Train, _stream_key_by_map_operator",3,busyTimeMsPerSecond,316.0
1784196978,4,"KEYED PROCESS, Parse->Train, _stream_key_by_map_operator",3,numRecordsOutPerSecond,0.11666666666666667
1784196978,4,"KEYED PROCESS, Parse->Train, _stream_key_by_map_operator",3,idleTimeMsPerSecond,0.0
1784196978,4,"KEYED PROCESS, Parse->Train, _stream_key_by_map_operator",3,numRecordsOut,140.0
1784196978,4,"KEYED PROCESS, Parse->Train, _stream_key_by_map_operator",3,numRecordsIn,141.0
1784196978,4,"KEYED PROCESS, Parse->Train, _stream_key_by_map_operator",3,numRecordsInPerSecond,0.11666666666666667
1784196978,4,"KEYED PROCESS, Parse->Train, _stream_key_by_map_operator",3,backPressuredTimeMsPerSecond,684.0
1784196978,4,"KEYED PROCESS, Train->Infer, _stream_key_by_map_operator",0,busyTimeMsPerSecond,631.0
1784196978,4,"KEYED PROCESS, Train->Infer, _stream_key_by_map_operator",0,numRecordsOutPerSecond,66.66666666666667
1784196978,4,"KEYED PROCESS, Train->Infer, _stream_key_by_map_operator",0,idleTimeMsPerSecond,0.0
1784196978,4,"KEYED PROCESS, Train->Infer, _stream_key_by_map_operator",0,numRecordsOut,64120.0
1784196978,4,"KEYED PROCESS, Train->Infer, _stream_key_by_map_operator",0,numRecordsIn,248.0
1784196978,4,"KEYED PROCESS, Train->Infer, _stream_key_by_map_operator",0,numRecordsInPerSecond,0.13333333333333333
1784196978,4,"KEYED PROCESS, Train->Infer, _stream_key_by_map_operator",0,backPressuredTimeMsPerSecond,369.0
1784196978,4,"KEYED PROCESS, Train->Infer, _stream_key_by_map_operator",1,busyTimeMsPerSecond,451.0
1784196978,4,"KEYED PROCESS, Train->Infer, _stream_key_by_map_operator",1,numRecordsOutPerSecond,50.0
1784196978,4,"KEYED PROCESS, Train->Infer, _stream_key_by_map_operator",1,idleTimeMsPerSecond,549.0
1784196978,4,"KEYED PROCESS, Train->Infer, _stream_key_by_map_operator",1,numRecordsOut,46015.0
1784196978,4,"KEYED PROCESS, Train->Infer, _stream_key_by_map_operator",1,numRecordsIn,108.0
1784196978,4,"KEYED PROCESS, Train->Infer, _stream_key_by_map_operator",1,numRecordsInPerSecond,0.11666666666666667
1784196978,4,"KEYED PROCESS, Train->Infer, _stream_key_by_map_operator",1,backPressuredTimeMsPerSecond,0.0
1784196978,4,"KEYED PROCESS, Train->Infer, _stream_key_by_map_operator",2,busyTimeMsPerSecond,482.0
1784196978,4,"KEYED PROCESS, Train->Infer, _stream_key_by_map_operator",2,numRecordsOutPerSecond,58.333333333333336
1784196978,4,"KEYED PROCESS, Train->Infer, _stream_key_by_map_operator",2,idleTimeMsPerSecond,265.0
1784196978,4,"KEYED PROCESS, Train->Infer, _stream_key_by_map_operator",2,numRecordsOut,51075.0
1784196978,4,"KEYED PROCESS, Train->Infer, _stream_key_by_map_operator",2,numRecordsIn,178.0
1784196978,4,"KEYED PROCESS, Train->Infer, _stream_key_by_map_operator",2,numRecordsInPerSecond,0.11666666666666667
1784196978,4,"KEYED PROCESS, Train->Infer, _stream_key_by_map_operator",2,backPressuredTimeMsPerSecond,253.0
1784196978,4,"KEYED PROCESS, Train->Infer, _stream_key_by_map_operator",3,busyTimeMsPerSecond,322.0
1784196978,4,"KEYED PROCESS, Train->Infer, _stream_key_by_map_operator",3,numRecordsOutPerSecond,41.666666666666664
1784196978,4,"KEYED PROCESS, Train->Infer, _stream_key_by_map_operator",3,idleTimeMsPerSecond,678.0
1784196978,4,"KEYED PROCESS, Train->Infer, _stream_key_by_map_operator",3,numRecordsOut,54530.0
1784196978,4,"KEYED PROCESS, Train->Infer, _stream_key_by_map_operator",3,numRecordsIn,139.0
1784196978,4,"KEYED PROCESS, Train->Infer, _stream_key_by_map_operator",3,numRecordsInPerSecond,0.06666666666666667
1784196978,4,"KEYED PROCESS, Train->Infer, _stream_key_by_map_operator",3,backPressuredTimeMsPerSecond,0.0
1784196978,4,"Infer->Rank, Rank->Filter, Filter -> Sink: Writer -> Sink: Committer",0,busyTimeMsPerSecond,1000.0
1784196978,4,"Infer->Rank, Rank->Filter, Filter -> Sink: Writer -> Sink: Committer",0,numRecordsOutPerSecond,55.5
1784196978,4,"Infer->Rank, Rank->Filter, Filter -> Sink: Writer -> Sink: Committer",0,idleTimeMsPerSecond,0.0
1784196978,4,"Infer->Rank, Rank->Filter, Filter -> Sink: Writer -> Sink: Committer",0,numRecordsOut,55850.0
1784196978,4,"Infer->Rank, Rank->Filter, Filter -> Sink: Writer -> Sink: Committer",0,numRecordsIn,61988.0
1784196978,4,"Infer->Rank, Rank->Filter, Filter -> Sink: Writer -> Sink: Committer",0,numRecordsInPerSecond,72.03333333333333
1784196978,4,"Infer->Rank, Rank->Filter, Filter -> Sink: Writer -> Sink: Committer",0,backPressuredTimeMsPerSecond,0.0
1784196978,4,"Infer->Rank, Rank->Filter, Filter -> Sink: Writer -> Sink: Committer",1,busyTimeMsPerSecond,649.0
1784196978,4,"Infer->Rank, Rank->Filter, Filter -> Sink: Writer -> Sink: Committer",1,numRecordsOutPerSecond,26.333333333333332
1784196978,4,"Infer->Rank, Rank->Filter, Filter -> Sink: Writer -> Sink: Committer",1,idleTimeMsPerSecond,351.0
1784196978,4,"Infer->Rank, Rank->Filter, Filter -> Sink: Writer -> Sink: Committer",1,numRecordsOut,41590.0
1784196978,4,"Infer->Rank, Rank->Filter, Filter -> Sink: Writer -> Sink: Committer",1,numRecordsIn,46112.0
1784196978,4,"Infer->Rank, Rank->Filter, Filter -> Sink: Writer -> Sink: Committer",1,numRecordsInPerSecond,45.3
1784196978,4,"Infer->Rank, Rank->Filter, Filter -> Sink: Writer -> Sink: Committer",1,backPressuredTimeMsPerSecond,0.0
1784196978,4,"Infer->Rank, Rank->Filter, Filter -> Sink: Writer -> Sink: Committer",2,busyTimeMsPerSecond,1000.0
1784196978,4,"Infer->Rank, Rank->Filter, Filter -> Sink: Writer -> Sink: Committer",2,numRecordsOutPerSecond,70.5
1784196978,4,"Infer->Rank, Rank->Filter, Filter -> Sink: Writer -> Sink: Committer",2,idleTimeMsPerSecond,0.0
1784196978,4,"Infer->Rank, Rank->Filter, Filter -> Sink: Writer -> Sink: Committer",2,numRecordsOut,46070.0
1784196978,4,"Infer->Rank, Rank->Filter, Filter -> Sink: Writer -> Sink: Committer",2,numRecordsIn,49155.0
1784196978,4,"Infer->Rank, Rank->Filter, Filter -> Sink: Writer -> Sink: Committer",2,numRecordsInPerSecond,78.81666666666666
1784196978,4,"Infer->Rank, Rank->Filter, Filter -> Sink: Writer -> Sink: Committer",2,backPressuredTimeMsPerSecond,0.0
1784196978,4,"Infer->Rank, Rank->Filter, Filter -> Sink: Writer -> Sink: Committer",3,busyTimeMsPerSecond,525.0
1784196978,4,"Infer->Rank, Rank->Filter, Filter -> Sink: Writer -> Sink: Committer",3,numRecordsOutPerSecond,46.0
1784196978,4,"Infer->Rank, Rank->Filter, Filter -> Sink: Writer -> Sink: Committer",3,idleTimeMsPerSecond,475.0
1784196978,4,"Infer->Rank, Rank->Filter, Filter -> Sink: Writer -> Sink: Committer",3,numRecordsOut,48500.0
1784196978,4,"Infer->Rank, Rank->Filter, Filter -> Sink: Writer -> Sink: Committer",3,numRecordsIn,54530.0
1784196978,4,"Infer->Rank, Rank->Filter, Filter -> Sink: Writer -> Sink: Committer",3,numRecordsInPerSecond,54.233333333333334
1784196978,4,"Infer->Rank, Rank->Filter, Filter -> Sink: Writer -> Sink: Committer",3,backPressuredTimeMsPerSecond,0.0
1784196993,4,"Source: Source-data -> LoadJSON, Parse, _stream_key_by_map_operator",0,busyTimeMsPerSecond,0.0
1784196993,4,"Source: Source-data -> LoadJSON, Parse, _stream_key_by_map_operator",0,numRecordsOutPerSecond,0.0
1784196993,4,"Source: Source-data -> LoadJSON, Parse, _stream_key_by_map_operator",0,idleTimeMsPerSecond,0.0
1784196993,4,"Source: Source-data -> LoadJSON, Parse, _stream_key_by_map_operator",0,numRecordsOut,5048.0
1784196993,4,"Source: Source-data -> LoadJSON, Parse, _stream_key_by_map_operator",0,numRecordsIn,5048.0
1784196993,4,"Source: Source-data -> LoadJSON, Parse, _stream_key_by_map_operator",0,numRecordsInPerSecond,0.0
1784196993,4,"Source: Source-data -> LoadJSON, Parse, _stream_key_by_map_operator",0,backPressuredTimeMsPerSecond,1000.0
1784196993,4,"Source: Source-data -> LoadJSON, Parse, _stream_key_by_map_operator",1,busyTimeMsPerSecond,0.0
1784196993,4,"Source: Source-data -> LoadJSON, Parse, _stream_key_by_map_operator",1,numRecordsOutPerSecond,0.0
1784196993,4,"Source: Source-data -> LoadJSON, Parse, _stream_key_by_map_operator",1,idleTimeMsPerSecond,0.0
1784196993,4,"Source: Source-data -> LoadJSON, Parse, _stream_key_by_map_operator",1,numRecordsOut,5537.0
1784196993,4,"Source: Source-data -> LoadJSON, Parse, _stream_key_by_map_operator",1,numRecordsIn,5537.0
1784196993,4,"Source: Source-data -> LoadJSON, Parse, _stream_key_by_map_operator",1,numRecordsInPerSecond,0.0
1784196993,4,"Source: Source-data -> LoadJSON, Parse, _stream_key_by_map_operator",1,backPressuredTimeMsPerSecond,1000.0
1784196993,4,"Source: Source-data -> LoadJSON, Parse, _stream_key_by_map_operator",2,busyTimeMsPerSecond,0.0
1784196993,4,"Source: Source-data -> LoadJSON, Parse, _stream_key_by_map_operator",2,numRecordsOutPerSecond,0.0
1784196993,4,"Source: Source-data -> LoadJSON, Parse, _stream_key_by_map_operator",2,idleTimeMsPerSecond,0.0
1784196993,4,"Source: Source-data -> LoadJSON, Parse, _stream_key_by_map_operator",2,numRecordsOut,5381.0
1784196993,4,"Source: Source-data -> LoadJSON, Parse, _stream_key_by_map_operator",2,numRecordsIn,5381.0
1784196993,4,"Source: Source-data -> LoadJSON, Parse, _stream_key_by_map_operator",2,numRecordsInPerSecond,0.0
1784196993,4,"Source: Source-data -> LoadJSON, Parse, _stream_key_by_map_operator",2,backPressuredTimeMsPerSecond,1000.0
1784196993,4,"Source: Source-data -> LoadJSON, Parse, _stream_key_by_map_operator",3,busyTimeMsPerSecond,1.0
1784196993,4,"Source: Source-data -> LoadJSON, Parse, _stream_key_by_map_operator",3,numRecordsOutPerSecond,0.0
1784196993,4,"Source: Source-data -> LoadJSON, Parse, _stream_key_by_map_operator",3,idleTimeMsPerSecond,0.0
1784196993,4,"Source: Source-data -> LoadJSON, Parse, _stream_key_by_map_operator",3,numRecordsOut,5536.0
1784196993,4,"Source: Source-data -> LoadJSON, Parse, _stream_key_by_map_operator",3,numRecordsIn,5536.0
1784196993,4,"Source: Source-data -> LoadJSON, Parse, _stream_key_by_map_operator",3,numRecordsInPerSecond,0.0
1784196993,4,"Source: Source-data -> LoadJSON, Parse, _stream_key_by_map_operator",3,backPressuredTimeMsPerSecond,999.0
1784196993,4,"KEYED PROCESS, Parse->Train, _stream_key_by_map_operator",0,busyTimeMsPerSecond,186.0
1784196993,4,"KEYED PROCESS, Parse->Train, _stream_key_by_map_operator",0,numRecordsOutPerSecond,0.06666666666666667
1784196993,4,"KEYED PROCESS, Parse->Train, _stream_key_by_map_operator",0,idleTimeMsPerSecond,0.0
1784196993,4,"KEYED PROCESS, Parse->Train, _stream_key_by_map_operator",0,numRecordsOut,217.0
1784196993,4,"KEYED PROCESS, Parse->Train, _stream_key_by_map_operator",0,numRecordsIn,218.0
1784196993,4,"KEYED PROCESS, Parse->Train, _stream_key_by_map_operator",0,numRecordsInPerSecond,0.06666666666666667
1784196993,4,"KEYED PROCESS, Parse->Train, _stream_key_by_map_operator",0,backPressuredTimeMsPerSecond,814.0
1784196993,4,"KEYED PROCESS, Parse->Train, _stream_key_by_map_operator",1,busyTimeMsPerSecond,471.0
1784196993,4,"KEYED PROCESS, Parse->Train, _stream_key_by_map_operator",1,numRecordsOutPerSecond,0.16666666666666666
1784196993,4,"KEYED PROCESS, Parse->Train, _stream_key_by_map_operator",1,idleTimeMsPerSecond,0.0
1784196993,4,"KEYED PROCESS, Parse->Train, _stream_key_by_map_operator",1,numRecordsOut,128.0
1784196993,4,"KEYED PROCESS, Parse->Train, _stream_key_by_map_operator",1,numRecordsIn,129.0
1784196993,4,"KEYED PROCESS, Parse->Train, _stream_key_by_map_operator",1,numRecordsInPerSecond,0.16666666666666666
1784196993,4,"KEYED PROCESS, Parse->Train, _stream_key_by_map_operator",1,backPressuredTimeMsPerSecond,529.0
1784196993,4,"KEYED PROCESS, Parse->Train, _stream_key_by_map_operator",2,busyTimeMsPerSecond,275.0
1784196993,4,"KEYED PROCESS, Parse->Train, _stream_key_by_map_operator",2,numRecordsOutPerSecond,0.08333333333333333
1784196993,4,"KEYED PROCESS, Parse->Train, _stream_key_by_map_operator",2,idleTimeMsPerSecond,0.0
1784196993,4,"KEYED PROCESS, Parse->Train, _stream_key_by_map_operator",2,numRecordsOut,194.0
1784196993,4,"KEYED PROCESS, Parse->Train, _stream_key_by_map_operator",2,numRecordsIn,195.0
1784196993,4,"KEYED PROCESS, Parse->Train, _stream_key_by_map_operator",2,numRecordsInPerSecond,0.08333333333333333
1784196993,4,"KEYED PROCESS, Parse->Train, _stream_key_by_map_operator",2,backPressuredTimeMsPerSecond,725.0
1784196993,4,"KEYED PROCESS, Parse->Train, _stream_key_by_map_operator",3,busyTimeMsPerSecond,224.0
1784196993,4,"KEYED PROCESS, Parse->Train, _stream_key_by_map_operator",3,numRecordsOutPerSecond,0.08333333333333333
1784196993,4,"KEYED PROCESS, Parse->Train, _stream_key_by_map_operator",3,idleTimeMsPerSecond,0.0
1784196993,4,"KEYED PROCESS, Parse->Train, _stream_key_by_map_operator",3,numRecordsOut,140.0
1784196993,4,"KEYED PROCESS, Parse->Train, _stream_key_by_map_operator",3,numRecordsIn,141.0
1784196993,4,"KEYED PROCESS, Parse->Train, _stream_key_by_map_operator",3,numRecordsInPerSecond,0.08333333333333333
1784196993,4,"KEYED PROCESS, Parse->Train, _stream_key_by_map_operator",3,backPressuredTimeMsPerSecond,776.0
1784196993,4,"KEYED PROCESS, Train->Infer, _stream_key_by_map_operator",0,busyTimeMsPerSecond,643.0
1784196993,4,"KEYED PROCESS, Train->Infer, _stream_key_by_map_operator",0,numRecordsOutPerSecond,75.0
1784196993,4,"KEYED PROCESS, Train->Infer, _stream_key_by_map_operator",0,idleTimeMsPerSecond,0.0
1784196993,4,"KEYED PROCESS, Train->Infer, _stream_key_by_map_operator",0,numRecordsOut,65120.0
1784196993,4,"KEYED PROCESS, Train->Infer, _stream_key_by_map_operator",0,numRecordsIn,250.0
1784196993,4,"KEYED PROCESS, Train->Infer, _stream_key_by_map_operator",0,numRecordsInPerSecond,0.13333333333333333
1784196993,4,"KEYED PROCESS, Train->Infer, _stream_key_by_map_operator",0,backPressuredTimeMsPerSecond,357.0
1784196993,4,"KEYED PROCESS, Train->Infer, _stream_key_by_map_operator",1,busyTimeMsPerSecond,549.0
1784196993,4,"KEYED PROCESS, Train->Infer, _stream_key_by_map_operator",1,numRecordsOutPerSecond,58.333333333333336
1784196993,4,"KEYED PROCESS, Train->Infer, _stream_key_by_map_operator",1,idleTimeMsPerSecond,451.0
1784196993,4,"KEYED PROCESS, Train->Infer, _stream_key_by_map_operator",1,numRecordsOut,47515.0
1784196993,4,"KEYED PROCESS, Train->Infer, _stream_key_by_map_operator",1,numRecordsIn,110.0
1784196993,4,"KEYED PROCESS, Train->Infer, _stream_key_by_map_operator",1,numRecordsInPerSecond,0.1
1784196993,4,"KEYED PROCESS, Train->Infer, _stream_key_by_map_operator",1,backPressuredTimeMsPerSecond,0.0
1784196993,4,"KEYED PROCESS, Train->Infer, _stream_key_by_map_operator",2,busyTimeMsPerSecond,488.0
1784196993,4,"KEYED PROCESS, Train->Infer, _stream_key_by_map_operator",2,numRecordsOutPerSecond,58.333333333333336
1784196993,4,"KEYED PROCESS, Train->Infer, _stream_key_by_map_operator",2,idleTimeMsPerSecond,396.0
1784196993,4,"KEYED PROCESS, Train->Infer, _stream_key_by_map_operator",2,numRecordsOut,52075.0
1784196993,4,"KEYED PROCESS, Train->Infer, _stream_key_by_map_operator",2,numRecordsIn,180.0
1784196993,4,"KEYED PROCESS, Train->Infer, _stream_key_by_map_operator",2,numRecordsInPerSecond,0.11666666666666667
1784196993,4,"KEYED PROCESS, Train->Infer, _stream_key_by_map_operator",2,backPressuredTimeMsPerSecond,116.0
1784196993,4,"KEYED PROCESS, Train->Infer, _stream_key_by_map_operator",3,busyTimeMsPerSecond,305.0
1784196993,4,"KEYED PROCESS, Train->Infer, _stream_key_by_map_operator",3,numRecordsOutPerSecond,33.333333333333336
1784196993,4,"KEYED PROCESS, Train->Infer, _stream_key_by_map_operator",3,idleTimeMsPerSecond,695.0
1784196993,4,"KEYED PROCESS, Train->Infer, _stream_key_by_map_operator",3,numRecordsOut,55030.0
1784196993,4,"KEYED PROCESS, Train->Infer, _stream_key_by_map_operator",3,numRecordsIn,140.0
1784196993,4,"KEYED PROCESS, Train->Infer, _stream_key_by_map_operator",3,numRecordsInPerSecond,0.06666666666666667
1784196993,4,"KEYED PROCESS, Train->Infer, _stream_key_by_map_operator",3,backPressuredTimeMsPerSecond,0.0
1784196993,4,"Infer->Rank, Rank->Filter, Filter -> Sink: Writer -> Sink: Committer",0,busyTimeMsPerSecond,1000.0
1784196993,4,"Infer->Rank, Rank->Filter, Filter -> Sink: Writer -> Sink: Committer",0,numRecordsOutPerSecond,60.0
1784196993,4,"Infer->Rank, Rank->Filter, Filter -> Sink: Writer -> Sink: Committer",0,idleTimeMsPerSecond,0.0
1784196993,4,"Infer->Rank, Rank->Filter, Filter -> Sink: Writer -> Sink: Committer",0,numRecordsOut,56840.0
1784196993,4,"Infer->Rank, Rank->Filter, Filter -> Sink: Writer -> Sink: Committer",0,numRecordsIn,62971.0
1784196993,4,"Infer->Rank, Rank->Filter, Filter -> Sink: Writer -> Sink: Committer",0,numRecordsInPerSecond,68.3
1784196993,4,"Infer->Rank, Rank->Filter, Filter -> Sink: Writer -> Sink: Committer",0,backPressuredTimeMsPerSecond,0.0
1784196993,4,"Infer->Rank, Rank->Filter, Filter -> Sink: Writer -> Sink: Committer",1,busyTimeMsPerSecond,649.0
1784196993,4,"Infer->Rank, Rank->Filter, Filter -> Sink: Writer -> Sink: Committer",1,numRecordsOutPerSecond,32.833333333333336
1784196993,4,"Infer->Rank, Rank->Filter, Filter -> Sink: Writer -> Sink: Committer",1,idleTimeMsPerSecond,351.0
1784196993,4,"Infer->Rank, Rank->Filter, Filter -> Sink: Writer -> Sink: Committer",1,numRecordsOut,42900.0
1784196993,4,"Infer->Rank, Rank->Filter, Filter -> Sink: Writer -> Sink: Committer",1,numRecordsIn,47421.0
1784196993,4,"Infer->Rank, Rank->Filter, Filter -> Sink: Writer -> Sink: Committer",1,numRecordsInPerSecond,49.483333333333334
1784196993,4,"Infer->Rank, Rank->Filter, Filter -> Sink: Writer -> Sink: Committer",1,backPressuredTimeMsPerSecond,0.0
1784196993,4,"Infer->Rank, Rank->Filter, Filter -> Sink: Writer -> Sink: Committer",2,busyTimeMsPerSecond,1000.0
1784196993,4,"Infer->Rank, Rank->Filter, Filter -> Sink: Writer -> Sink: Committer",2,numRecordsOutPerSecond,81.0
1784196993,4,"Infer->Rank, Rank->Filter, Filter -> Sink: Writer -> Sink: Committer",2,idleTimeMsPerSecond,0.0
1784196993,4,"Infer->Rank, Rank->Filter, Filter -> Sink: Writer -> Sink: Committer",2,numRecordsOut,47270.0
1784196993,4,"Infer->Rank, Rank->Filter, Filter -> Sink: Writer -> Sink: Committer",2,numRecordsIn,50348.0
1784196993,4,"Infer->Rank, Rank->Filter, Filter -> Sink: Writer -> Sink: Committer",2,numRecordsInPerSecond,81.0
1784196993,4,"Infer->Rank, Rank->Filter, Filter -> Sink: Writer -> Sink: Committer",2,backPressuredTimeMsPerSecond,0.0
1784196993,4,"Infer->Rank, Rank->Filter, Filter -> Sink: Writer -> Sink: Committer",3,busyTimeMsPerSecond,311.0
1784196993,4,"Infer->Rank, Rank->Filter, Filter -> Sink: Writer -> Sink: Committer",3,numRecordsOutPerSecond,36.0
1784196993,4,"Infer->Rank, Rank->Filter, Filter -> Sink: Writer -> Sink: Committer",3,idleTimeMsPerSecond,689.0
1784196993,4,"Infer->Rank, Rank->Filter, Filter -> Sink: Writer -> Sink: Committer",3,numRecordsOut,48800.0
1784196993,4,"Infer->Rank, Rank->Filter, Filter -> Sink: Writer -> Sink: Committer",3,numRecordsIn,54832.0
1784196993,4,"Infer->Rank, Rank->Filter, Filter -> Sink: Writer -> Sink: Committer",3,numRecordsInPerSecond,36.016666666666666
1784196993,4,"Infer->Rank, Rank->Filter, Filter -> Sink: Writer -> Sink: Committer",3,backPressuredTimeMsPerSecond,0.0
1784197008,4,"Source: Source-data -> LoadJSON, Parse, _stream_key_by_map_operator",0,busyTimeMsPerSecond,0.0
1784197008,4,"Source: Source-data -> LoadJSON, Parse, _stream_key_by_map_operator",0,numRecordsOutPerSecond,0.0
1784197008,4,"Source: Source-data -> LoadJSON, Parse, _stream_key_by_map_operator",0,idleTimeMsPerSecond,0.0
1784197008,4,"Source: Source-data -> LoadJSON, Parse, _stream_key_by_map_operator",0,numRecordsOut,5048.0
1784197008,4,"Source: Source-data -> LoadJSON, Parse, _stream_key_by_map_operator",0,numRecordsIn,5048.0
1784197008,4,"Source: Source-data -> LoadJSON, Parse, _stream_key_by_map_operator",0,numRecordsInPerSecond,0.0
1784197008,4,"Source: Source-data -> LoadJSON, Parse, _stream_key_by_map_operator",0,backPressuredTimeMsPerSecond,1000.0
1784197008,4,"Source: Source-data -> LoadJSON, Parse, _stream_key_by_map_operator",1,busyTimeMsPerSecond,0.0
1784197008,4,"Source: Source-data -> LoadJSON, Parse, _stream_key_by_map_operator",1,numRecordsOutPerSecond,0.0
1784197008,4,"Source: Source-data -> LoadJSON, Parse, _stream_key_by_map_operator",1,idleTimeMsPerSecond,0.0
1784197008,4,"Source: Source-data -> LoadJSON, Parse, _stream_key_by_map_operator",1,numRecordsOut,5537.0
1784197008,4,"Source: Source-data -> LoadJSON, Parse, _stream_key_by_map_operator",1,numRecordsIn,5537.0
1784197008,4,"Source: Source-data -> LoadJSON, Parse, _stream_key_by_map_operator",1,numRecordsInPerSecond,0.0
1784197008,4,"Source: Source-data -> LoadJSON, Parse, _stream_key_by_map_operator",1,backPressuredTimeMsPerSecond,1000.0
1784197008,4,"Source: Source-data -> LoadJSON, Parse, _stream_key_by_map_operator",2,busyTimeMsPerSecond,0.0
1784197008,4,"Source: Source-data -> LoadJSON, Parse, _stream_key_by_map_operator",2,numRecordsOutPerSecond,0.0
1784197008,4,"Source: Source-data -> LoadJSON, Parse, _stream_key_by_map_operator",2,idleTimeMsPerSecond,0.0
1784197008,4,"Source: Source-data -> LoadJSON, Parse, _stream_key_by_map_operator",2,numRecordsOut,5381.0
1784197008,4,"Source: Source-data -> LoadJSON, Parse, _stream_key_by_map_operator",2,numRecordsIn,5381.0
1784197008,4,"Source: Source-data -> LoadJSON, Parse, _stream_key_by_map_operator",2,numRecordsInPerSecond,0.0
1784197008,4,"Source: Source-data -> LoadJSON, Parse, _stream_key_by_map_operator",2,backPressuredTimeMsPerSecond,1000.0
1784197008,4,"Source: Source-data -> LoadJSON, Parse, _stream_key_by_map_operator",3,busyTimeMsPerSecond,0.0
1784197008,4,"Source: Source-data -> LoadJSON, Parse, _stream_key_by_map_operator",3,numRecordsOutPerSecond,0.0
1784197008,4,"Source: Source-data -> LoadJSON, Parse, _stream_key_by_map_operator",3,idleTimeMsPerSecond,0.0
1784197008,4,"Source: Source-data -> LoadJSON, Parse, _stream_key_by_map_operator",3,numRecordsOut,5536.0
1784197008,4,"Source: Source-data -> LoadJSON, Parse, _stream_key_by_map_operator",3,numRecordsIn,5536.0
1784197008,4,"Source: Source-data -> LoadJSON, Parse, _stream_key_by_map_operator",3,numRecordsInPerSecond,0.0
1784197008,4,"Source: Source-data -> LoadJSON, Parse, _stream_key_by_map_operator",3,backPressuredTimeMsPerSecond,1000.0
1784197008,4,"KEYED PROCESS, Parse->Train, _stream_key_by_map_operator",0,busyTimeMsPerSecond,260.0
1784197008,4,"KEYED PROCESS, Parse->Train, _stream_key_by_map_operator",0,numRecordsOutPerSecond,0.1
1784197008,4,"KEYED PROCESS, Parse->Train, _stream_key_by_map_operator",0,idleTimeMsPerSecond,0.0
1784197008,4,"KEYED PROCESS, Parse->Train, _stream_key_by_map_operator",0,numRecordsOut,219.0
1784197008,4,"KEYED PROCESS, Parse->Train, _stream_key_by_map_operator",0,numRecordsIn,220.0
1784197008,4,"KEYED PROCESS, Parse->Train, _stream_key_by_map_operator",0,numRecordsInPerSecond,0.1
1784197008,4,"KEYED PROCESS, Parse->Train, _stream_key_by_map_operator",0,backPressuredTimeMsPerSecond,740.0
1784197008,4,"KEYED PROCESS, Parse->Train, _stream_key_by_map_operator",1,busyTimeMsPerSecond,472.0
1784197008,4,"KEYED PROCESS, Parse->Train, _stream_key_by_map_operator",1,numRecordsOutPerSecond,0.16666666666666666
1784197008,4,"KEYED PROCESS, Parse->Train, _stream_key_by_map_operator",1,idleTimeMsPerSecond,0.0
1784197008,4,"KEYED PROCESS, Parse->Train, _stream_key_by_map_operator",1,numRecordsOut,129.0
1784197008,4,"KEYED PROCESS, Parse->Train, _stream_key_by_map_operator",1,numRecordsIn,130.0
1784197008,4,"KEYED PROCESS, Parse->Train, _stream_key_by_map_operator",1,numRecordsInPerSecond,0.16666666666666666
1784197008,4,"KEYED PROCESS, Parse->Train, _stream_key_by_map_operator",1,backPressuredTimeMsPerSecond,528.0
1784197008,4,"KEYED PROCESS, Parse->Train, _stream_key_by_map_operator",2,busyTimeMsPerSecond,256.0
1784197008,4,"KEYED PROCESS, Parse->Train, _stream_key_by_map_operator",2,numRecordsOutPerSecond,0.1
1784197008,4,"KEYED PROCESS, Parse->Train, _stream_key_by_map_operator",2,idleTimeMsPerSecond,0.0
1784197008,4,"KEYED PROCESS, Parse->Train, _stream_key_by_map_operator",2,numRecordsOut,197.0
1784197008,4,"KEYED PROCESS, Parse->Train, _stream_key_by_map_operator",2,numRecordsIn,198.0
1784197008,4,"KEYED PROCESS, Parse->Train, _stream_key_by_map_operator",2,numRecordsInPerSecond,0.1
1784197008,4,"KEYED PROCESS, Parse->Train, _stream_key_by_map_operator",2,backPressuredTimeMsPerSecond,744.0
1784197008,4,"KEYED PROCESS, Parse->Train, _stream_key_by_map_operator",3,busyTimeMsPerSecond,295.0
1784197008,4,"KEYED PROCESS, Parse->Train, _stream_key_by_map_operator",3,numRecordsOutPerSecond,0.1
1784197008,4,"KEYED PROCESS, Parse->Train, _stream_key_by_map_operator",3,idleTimeMsPerSecond,0.0
1784197008,4,"KEYED PROCESS, Parse->Train, _stream_key_by_map_operator",3,numRecordsOut,142.0
1784197008,4,"KEYED PROCESS, Parse->Train, _stream_key_by_map_operator",3,numRecordsIn,143.0
1784197008,4,"KEYED PROCESS, Parse->Train, _stream_key_by_map_operator",3,numRecordsInPerSecond,0.1
1784197008,4,"KEYED PROCESS, Parse->Train, _stream_key_by_map_operator",3,backPressuredTimeMsPerSecond,705.0
1784197008,4,"KEYED PROCESS, Train->Infer, _stream_key_by_map_operator",0,busyTimeMsPerSecond,584.0
1784197008,4,"KEYED PROCESS, Train->Infer, _stream_key_by_map_operator",0,numRecordsOutPerSecond,66.66666666666667
1784197008,4,"KEYED PROCESS, Train->Infer, _stream_key_by_map_operator",0,idleTimeMsPerSecond,0.0
1784197008,4,"KEYED PROCESS, Train->Infer, _stream_key_by_map_operator",0,numRecordsOut,67120.0
1784197008,4,"KEYED PROCESS, Train->Infer, _stream_key_by_map_operator",0,numRecordsIn,254.0
1784197008,4,"KEYED PROCESS, Train->Infer, _stream_key_by_map_operator",0,numRecordsInPerSecond,0.11666666666666667
1784197008,4,"KEYED PROCESS, Train->Infer, _stream_key_by_map_operator",0,backPressuredTimeMsPerSecond,416.0
1784197008,4,"KEYED PROCESS, Train->Infer, _stream_key_by_map_operator",1,busyTimeMsPerSecond,536.0
1784197008,4,"KEYED PROCESS, Train->Infer, _stream_key_by_map_operator",1,numRecordsOutPerSecond,58.333333333333336
1784197008,4,"KEYED PROCESS, Train->Infer, _stream_key_by_map_operator",1,idleTimeMsPerSecond,464.0
1784197008,4,"KEYED PROCESS, Train->Infer, _stream_key_by_map_operator",1,numRecordsOut,49015.0
1784197008,4,"KEYED PROCESS, Train->Infer, _stream_key_by_map_operator",1,numRecordsIn,114.0
1784197008,4,"KEYED PROCESS, Train->Infer, _stream_key_by_map_operator",1,numRecordsInPerSecond,0.11666666666666667
1784197008,4,"KEYED PROCESS, Train->Infer, _stream_key_by_map_operator",1,backPressuredTimeMsPerSecond,0.0
1784197008,4,"KEYED PROCESS, Train->Infer, _stream_key_by_map_operator",2,busyTimeMsPerSecond,534.0
1784197008,4,"KEYED PROCESS, Train->Infer, _stream_key_by_map_operator",2,numRecordsOutPerSecond,66.66666666666667
1784197008,4,"KEYED PROCESS, Train->Infer, _stream_key_by_map_operator",2,idleTimeMsPerSecond,441.0
1784197008,4,"KEYED PROCESS, Train->Infer, _stream_key_by_map_operator",2,numRecordsOut,53575.0
1784197008,4,"KEYED PROCESS, Train->Infer, _stream_key_by_map_operator",2,numRecordsIn,182.0
1784197008,4,"KEYED PROCESS, Train->Infer, _stream_key_by_map_operator",2,numRecordsInPerSecond,0.11666666666666667
1784197008,4,"KEYED PROCESS, Train->Infer, _stream_key_by_map_operator",2,backPressuredTimeMsPerSecond,25.0
1784197008,4,"KEYED PROCESS, Train->Infer, _stream_key_by_map_operator",3,busyTimeMsPerSecond,280.0
1784197008,4,"KEYED PROCESS, Train->Infer, _stream_key_by_map_operator",3,numRecordsOutPerSecond,33.333333333333336
1784197008,4,"KEYED PROCESS, Train->Infer, _stream_key_by_map_operator",3,idleTimeMsPerSecond,720.0
1784197008,4,"KEYED PROCESS, Train->Infer, _stream_key_by_map_operator",3,numRecordsOut,55530.0
1784197008,4,"KEYED PROCESS, Train->Infer, _stream_key_by_map_operator",3,numRecordsIn,141.0
1784197008,4,"KEYED PROCESS, Train->Infer, _stream_key_by_map_operator",3,numRecordsInPerSecond,0.06666666666666667
1784197008,4,"KEYED PROCESS, Train->Infer, _stream_key_by_map_operator",3,backPressuredTimeMsPerSecond,0.0
1784197008,4,"Infer->Rank, Rank->Filter, Filter -> Sink: Writer -> Sink: Committer",0,busyTimeMsPerSecond,1000.0
1784197008,4,"Infer->Rank, Rank->Filter, Filter -> Sink: Writer -> Sink: Committer",0,numRecordsOutPerSecond,50.0
1784197008,4,"Infer->Rank, Rank->Filter, Filter -> Sink: Writer -> Sink: Committer",0,idleTimeMsPerSecond,0.0
1784197008,4,"Infer->Rank, Rank->Filter, Filter -> Sink: Writer -> Sink: Committer",0,numRecordsOut,57310.0
1784197008,4,"Infer->Rank, Rank->Filter, Filter -> Sink: Writer -> Sink: Committer",0,numRecordsIn,63948.0
1784197008,4,"Infer->Rank, Rank->Filter, Filter -> Sink: Writer -> Sink: Committer",0,numRecordsInPerSecond,66.7
1784197008,4,"Infer->Rank, Rank->Filter, Filter -> Sink: Writer -> Sink: Committer",0,backPressuredTimeMsPerSecond,0.0
1784197008,4,"Infer->Rank, Rank->Filter, Filter -> Sink: Writer -> Sink: Committer",1,busyTimeMsPerSecond,692.0
1784197008,4,"Infer->Rank, Rank->Filter, Filter -> Sink: Writer -> Sink: Committer",1,numRecordsOutPerSecond,42.0
1784197008,4,"Infer->Rank, Rank->Filter, Filter -> Sink: Writer -> Sink: Committer",1,idleTimeMsPerSecond,308.0
1784197008,4,"Infer->Rank, Rank->Filter, Filter -> Sink: Writer -> Sink: Committer",1,numRecordsOut,44070.0
1784197008,4,"Infer->Rank, Rank->Filter, Filter -> Sink: Writer -> Sink: Committer",1,numRecordsIn,48589.0
1784197008,4,"Infer->Rank, Rank->Filter, Filter -> Sink: Writer -> Sink: Committer",1,numRecordsInPerSecond,54.583333333333336
1784197008,4,"Infer->Rank, Rank->Filter, Filter -> Sink: Writer -> Sink: Committer",1,backPressuredTimeMsPerSecond,0.0
1784197008,4,"Infer->Rank, Rank->Filter, Filter -> Sink: Writer -> Sink: Committer",2,busyTimeMsPerSecond,1000.0
1784197008,4,"Infer->Rank, Rank->Filter, Filter -> Sink: Writer -> Sink: Committer",2,numRecordsOutPerSecond,73.0
1784197008,4,"Infer->Rank, Rank->Filter, Filter -> Sink: Writer -> Sink: Committer",2,idleTimeMsPerSecond,0.0
1784197008,4,"Infer->Rank, Rank->Filter, Filter -> Sink: Writer -> Sink: Committer",2,numRecordsOut,47890.0
1784197008,4,"Infer->Rank, Rank->Filter, Filter -> Sink: Writer -> Sink: Committer",2,numRecordsIn,50974.0
1784197008,4,"Infer->Rank, Rank->Filter, Filter -> Sink: Writer -> Sink: Committer",2,numRecordsInPerSecond,73.0
1784197008,4,"Infer->Rank, Rank->Filter, Filter -> Sink: Writer -> Sink: Committer",2,backPressuredTimeMsPerSecond,0.0
1784197008,4,"Infer->Rank, Rank->Filter, Filter -> Sink: Writer -> Sink: Committer",3,busyTimeMsPerSecond,350.0
1784197008,4,"Infer->Rank, Rank->Filter, Filter -> Sink: Writer -> Sink: Committer",3,numRecordsOutPerSecond,40.333333333333336
1784197008,4,"Infer->Rank, Rank->Filter, Filter -> Sink: Writer -> Sink: Committer",3,idleTimeMsPerSecond,650.0
1784197008,4,"Infer->Rank, Rank->Filter, Filter -> Sink: Writer -> Sink: Committer",3,numRecordsOut,49500.0
1784197008,4,"Infer->Rank, Rank->Filter, Filter -> Sink: Writer -> Sink: Committer",3,numRecordsIn,55530.0
1784197008,4,"Infer->Rank, Rank->Filter, Filter -> Sink: Writer -> Sink: Committer",3,numRecordsInPerSecond,40.25
1784197008,4,"Infer->Rank, Rank->Filter, Filter -> Sink: Writer -> Sink: Committer",3,backPressuredTimeMsPerSecond,0.0
1784197023,4,"Source: Source-data -> LoadJSON, Parse, _stream_key_by_map_operator",0,busyTimeMsPerSecond,0.0
1784197023,4,"Source: Source-data -> LoadJSON, Parse, _stream_key_by_map_operator",0,numRecordsOutPerSecond,0.0
1784197023,4,"Source: Source-data -> LoadJSON, Parse, _stream_key_by_map_operator",0,idleTimeMsPerSecond,0.0
1784197023,4,"Source: Source-data -> LoadJSON, Parse, _stream_key_by_map_operator",0,numRecordsOut,5048.0
1784197023,4,"Source: Source-data -> LoadJSON, Parse, _stream_key_by_map_operator",0,numRecordsIn,5048.0
1784197023,4,"Source: Source-data -> LoadJSON, Parse, _stream_key_by_map_operator",0,numRecordsInPerSecond,0.0
1784197023,4,"Source: Source-data -> LoadJSON, Parse, _stream_key_by_map_operator",0,backPressuredTimeMsPerSecond,1000.0
1784197023,4,"Source: Source-data -> LoadJSON, Parse, _stream_key_by_map_operator",1,busyTimeMsPerSecond,0.0
1784197023,4,"Source: Source-data -> LoadJSON, Parse, _stream_key_by_map_operator",1,numRecordsOutPerSecond,0.0
1784197023,4,"Source: Source-data -> LoadJSON, Parse, _stream_key_by_map_operator",1,idleTimeMsPerSecond,0.0
1784197023,4,"Source: Source-data -> LoadJSON, Parse, _stream_key_by_map_operator",1,numRecordsOut,5537.0
1784197023,4,"Source: Source-data -> LoadJSON, Parse, _stream_key_by_map_operator",1,numRecordsIn,5537.0
1784197023,4,"Source: Source-data -> LoadJSON, Parse, _stream_key_by_map_operator",1,numRecordsInPerSecond,0.0
1784197023,4,"Source: Source-data -> LoadJSON, Parse, _stream_key_by_map_operator",1,backPressuredTimeMsPerSecond,1000.0
1784197023,4,"Source: Source-data -> LoadJSON, Parse, _stream_key_by_map_operator",2,busyTimeMsPerSecond,0.0
1784197023,4,"Source: Source-data -> LoadJSON, Parse, _stream_key_by_map_operator",2,numRecordsOutPerSecond,0.0
1784197023,4,"Source: Source-data -> LoadJSON, Parse, _stream_key_by_map_operator",2,idleTimeMsPerSecond,0.0
1784197023,4,"Source: Source-data -> LoadJSON, Parse, _stream_key_by_map_operator",2,numRecordsOut,5381.0
1784197023,4,"Source: Source-data -> LoadJSON, Parse, _stream_key_by_map_operator",2,numRecordsIn,5381.0
1784197023,4,"Source: Source-data -> LoadJSON, Parse, _stream_key_by_map_operator",2,numRecordsInPerSecond,0.0
1784197023,4,"Source: Source-data -> LoadJSON, Parse, _stream_key_by_map_operator",2,backPressuredTimeMsPerSecond,1000.0
1784197023,4,"Source: Source-data -> LoadJSON, Parse, _stream_key_by_map_operator",3,busyTimeMsPerSecond,0.0
1784197023,4,"Source: Source-data -> LoadJSON, Parse, _stream_key_by_map_operator",3,numRecordsOutPerSecond,0.0
1784197023,4,"Source: Source-data -> LoadJSON, Parse, _stream_key_by_map_operator",3,idleTimeMsPerSecond,0.0
1784197023,4,"Source: Source-data -> LoadJSON, Parse, _stream_key_by_map_operator",3,numRecordsOut,5536.0
1784197023,4,"Source: Source-data -> LoadJSON, Parse, _stream_key_by_map_operator",3,numRecordsIn,5536.0
1784197023,4,"Source: Source-data -> LoadJSON, Parse, _stream_key_by_map_operator",3,numRecordsInPerSecond,0.0
1784197023,4,"Source: Source-data -> LoadJSON, Parse, _stream_key_by_map_operator",3,backPressuredTimeMsPerSecond,1000.0
1784197023,4,"KEYED PROCESS, Parse->Train, _stream_key_by_map_operator",0,busyTimeMsPerSecond,364.0
1784197023,4,"KEYED PROCESS, Parse->Train, _stream_key_by_map_operator",0,numRecordsOutPerSecond,0.11666666666666667
1784197023,4,"KEYED PROCESS, Parse->Train, _stream_key_by_map_operator",0,idleTimeMsPerSecond,0.0
1784197023,4,"KEYED PROCESS, Parse->Train, _stream_key_by_map_operator",0,numRecordsOut,221.0
1784197023,4,"KEYED PROCESS, Parse->Train, _stream_key_by_map_operator",0,numRecordsIn,222.0
1784197023,4,"KEYED PROCESS, Parse->Train, _stream_key_by_map_operator",0,numRecordsInPerSecond,0.11666666666666667
1784197023,4,"KEYED PROCESS, Parse->Train, _stream_key_by_map_operator",0,backPressuredTimeMsPerSecond,636.0
1784197023,4,"KEYED PROCESS, Parse->Train, _stream_key_by_map_operator",1,busyTimeMsPerSecond,367.0
1784197023,4,"KEYED PROCESS, Parse->Train, _stream_key_by_map_operator",1,numRecordsOutPerSecond,0.13333333333333333
1784197023,4,"KEYED PROCESS, Parse->Train, _stream_key_by_map_operator",1,idleTimeMsPerSecond,0.0
1784197023,4,"KEYED PROCESS, Parse->Train, _stream_key_by_map_operator",1,numRecordsOut,129.0
1784197023,4,"KEYED PROCESS, Parse->Train, _stream_key_by_map_operator",1,numRecordsIn,130.0
1784197023,4,"KEYED PROCESS, Parse->Train, _stream_key_by_map_operator",1,numRecordsInPerSecond,0.13333333333333333
1784197023,4,"KEYED PROCESS, Parse->Train, _stream_key_by_map_operator",1,backPressuredTimeMsPerSecond,633.0
1784197023,4,"KEYED PROCESS, Parse->Train, _stream_key_by_map_operator",2,busyTimeMsPerSecond,365.0
1784197023,4,"KEYED PROCESS, Parse->Train, _stream_key_by_map_operator",2,numRecordsOutPerSecond,0.13333333333333333
1784197023,4,"KEYED PROCESS, Parse->Train, _stream_key_by_map_operator",2,idleTimeMsPerSecond,0.0
1784197023,4,"KEYED PROCESS, Parse->Train, _stream_key_by_map_operator",2,numRecordsOut,200.0
1784197023,4,"KEYED PROCESS, Parse->Train, _stream_key_by_map_operator",2,numRecordsIn,201.0
1784197023,4,"KEYED PROCESS, Parse->Train, _stream_key_by_map_operator",2,numRecordsInPerSecond,0.13333333333333333
1784197023,4,"KEYED PROCESS, Parse->Train, _stream_key_by_map_operator",2,backPressuredTimeMsPerSecond,635.0
1784197023,4,"KEYED PROCESS, Parse->Train, _stream_key_by_map_operator",3,busyTimeMsPerSecond,197.0
1784197023,4,"KEYED PROCESS, Parse->Train, _stream_key_by_map_operator",3,numRecordsOutPerSecond,0.06666666666666667
1784197023,4,"KEYED PROCESS, Parse->Train, _stream_key_by_map_operator",3,idleTimeMsPerSecond,0.0
1784197023,4,"KEYED PROCESS, Parse->Train, _stream_key_by_map_operator",3,numRecordsOut,142.0
1784197023,4,"KEYED PROCESS, Parse->Train, _stream_key_by_map_operator",3,numRecordsIn,143.0
1784197023,4,"KEYED PROCESS, Parse->Train, _stream_key_by_map_operator",3,numRecordsInPerSecond,0.06666666666666667
1784197023,4,"KEYED PROCESS, Parse->Train, _stream_key_by_map_operator",3,backPressuredTimeMsPerSecond,803.0
1784197023,4,"KEYED PROCESS, Train->Infer, _stream_key_by_map_operator",0,busyTimeMsPerSecond,584.0
1784197023,4,"KEYED PROCESS, Train->Infer, _stream_key_by_map_operator",0,numRecordsOutPerSecond,66.66666666666667
1784197023,4,"KEYED PROCESS, Train->Infer, _stream_key_by_map_operator",0,idleTimeMsPerSecond,0.0
1784197023,4,"KEYED PROCESS, Train->Infer, _stream_key_by_map_operator",0,numRecordsOut,67120.0
1784197023,4,"KEYED PROCESS, Train->Infer, _stream_key_by_map_operator",0,numRecordsIn,254.0
1784197023,4,"KEYED PROCESS, Train->Infer, _stream_key_by_map_operator",0,numRecordsInPerSecond,0.11666666666666667
1784197023,4,"KEYED PROCESS, Train->Infer, _stream_key_by_map_operator",0,backPressuredTimeMsPerSecond,416.0
1784197023,4,"KEYED PROCESS, Train->Infer, _stream_key_by_map_operator",1,busyTimeMsPerSecond,536.0
1784197023,4,"KEYED PROCESS, Train->Infer, _stream_key_by_map_operator",1,numRecordsOutPerSecond,58.333333333333336
1784197023,4,"KEYED PROCESS, Train->Infer, _stream_key_by_map_operator",1,idleTimeMsPerSecond,464.0
1784197023,4,"KEYED PROCESS, Train->Infer, _stream_key_by_map_operator",1,numRecordsOut,49015.0
1784197023,4,"KEYED PROCESS, Train->Infer, _stream_key_by_map_operator",1,numRecordsIn,114.0
1784197023,4,"KEYED PROCESS, Train->Infer, _stream_key_by_map_operator",1,numRecordsInPerSecond,0.11666666666666667
1784197023,4,"KEYED PROCESS, Train->Infer, _stream_key_by_map_operator",1,backPressuredTimeMsPerSecond,0.0
1784197023,4,"KEYED PROCESS, Train->Infer, _stream_key_by_map_operator",2,busyTimeMsPerSecond,534.0
1784197023,4,"KEYED PROCESS, Train->Infer, _stream_key_by_map_operator",2,numRecordsOutPerSecond,66.66666666666667
1784197023,4,"KEYED PROCESS, Train->Infer, _stream_key_by_map_operator",2,idleTimeMsPerSecond,441.0
1784197023,4,"KEYED PROCESS, Train->Infer, _stream_key_by_map_operator",2,numRecordsOut,53575.0
1784197023,4,"KEYED PROCESS, Train->Infer, _stream_key_by_map_operator",2,numRecordsIn,182.0
1784197023,4,"KEYED PROCESS, Train->Infer, _stream_key_by_map_operator",2,numRecordsInPerSecond,0.11666666666666667
1784197023,4,"KEYED PROCESS, Train->Infer, _stream_key_by_map_operator",2,backPressuredTimeMsPerSecond,25.0
1784197023,4,"KEYED PROCESS, Train->Infer, _stream_key_by_map_operator",3,busyTimeMsPerSecond,261.0
1784197023,4,"KEYED PROCESS, Train->Infer, _stream_key_by_map_operator",3,numRecordsOutPerSecond,33.333333333333336
1784197023,4,"KEYED PROCESS, Train->Infer, _stream_key_by_map_operator",3,idleTimeMsPerSecond,739.0
1784197023,4,"KEYED PROCESS, Train->Infer, _stream_key_by_map_operator",3,numRecordsOut,56030.0
1784197023,4,"KEYED PROCESS, Train->Infer, _stream_key_by_map_operator",3,numRecordsIn,142.0
1784197023,4,"KEYED PROCESS, Train->Infer, _stream_key_by_map_operator",3,numRecordsInPerSecond,0.06666666666666667
1784197023,4,"KEYED PROCESS, Train->Infer, _stream_key_by_map_operator",3,backPressuredTimeMsPerSecond,0.0
1784197023,4,"Infer->Rank, Rank->Filter, Filter -> Sink: Writer -> Sink: Committer",0,busyTimeMsPerSecond,1000.0
1784197023,4,"Infer->Rank, Rank->Filter, Filter -> Sink: Writer -> Sink: Committer",0,numRecordsOutPerSecond,55.833333333333336
1784197023,4,"Infer->Rank, Rank->Filter, Filter -> Sink: Writer -> Sink: Committer",0,idleTimeMsPerSecond,0.0
1784197023,4,"Infer->Rank, Rank->Filter, Filter -> Sink: Writer -> Sink: Committer",0,numRecordsOut,58400.0
1784197023,4,"Infer->Rank, Rank->Filter, Filter -> Sink: Writer -> Sink: Committer",0,numRecordsIn,65039.0
1784197023,4,"Infer->Rank, Rank->Filter, Filter -> Sink: Writer -> Sink: Committer",0,numRecordsInPerSecond,68.31666666666666
1784197023,4,"Infer->Rank, Rank->Filter, Filter -> Sink: Writer -> Sink: Committer",0,backPressuredTimeMsPerSecond,0.0
1784197023,4,"Infer->Rank, Rank->Filter, Filter -> Sink: Writer -> Sink: Committer",1,busyTimeMsPerSecond,898.0
1784197023,4,"Infer->Rank, Rank->Filter, Filter -> Sink: Writer -> Sink: Committer",1,numRecordsOutPerSecond,56.333333333333336
1784197023,4,"Infer->Rank, Rank->Filter, Filter -> Sink: Writer -> Sink: Committer",1,idleTimeMsPerSecond,102.0
1784197023,4,"Infer->Rank, Rank->Filter, Filter -> Sink: Writer -> Sink: Committer",1,numRecordsOut,44890.0
1784197023,4,"Infer->Rank, Rank->Filter, Filter -> Sink: Writer -> Sink: Committer",1,numRecordsIn,49408.0
1784197023,4,"Infer->Rank, Rank->Filter, Filter -> Sink: Writer -> Sink: Committer",1,numRecordsInPerSecond,63.916666666666664
1784197023,4,"Infer->Rank, Rank->Filter, Filter -> Sink: Writer -> Sink: Committer",1,backPressuredTimeMsPerSecond,0.0
1784197023,4,"Infer->Rank, Rank->Filter, Filter -> Sink: Writer -> Sink: Committer",2,busyTimeMsPerSecond,1000.0
1784197023,4,"Infer->Rank, Rank->Filter, Filter -> Sink: Writer -> Sink: Committer",2,numRecordsOutPerSecond,76.5
1784197023,4,"Infer->Rank, Rank->Filter, Filter -> Sink: Writer -> Sink: Committer",2,idleTimeMsPerSecond,0.0
1784197023,4,"Infer->Rank, Rank->Filter, Filter -> Sink: Writer -> Sink: Committer",2,numRecordsOut,49580.0
1784197023,4,"Infer->Rank, Rank->Filter, Filter -> Sink: Writer -> Sink: Committer",2,numRecordsIn,52663.0
1784197023,4,"Infer->Rank, Rank->Filter, Filter -> Sink: Writer -> Sink: Committer",2,numRecordsInPerSecond,76.55
1784197023,4,"Infer->Rank, Rank->Filter, Filter -> Sink: Writer -> Sink: Committer",2,backPressuredTimeMsPerSecond,0.0
1784197023,4,"Infer->Rank, Rank->Filter, Filter -> Sink: Writer -> Sink: Committer",3,busyTimeMsPerSecond,306.0
1784197023,4,"Infer->Rank, Rank->Filter, Filter -> Sink: Writer -> Sink: Committer",3,numRecordsOutPerSecond,32.833333333333336
1784197023,4,"Infer->Rank, Rank->Filter, Filter -> Sink: Writer -> Sink: Committer",3,idleTimeMsPerSecond,694.0
1784197023,4,"Infer->Rank, Rank->Filter, Filter -> Sink: Writer -> Sink: Committer",3,numRecordsOut,49560.0
1784197023,4,"Infer->Rank, Rank->Filter, Filter -> Sink: Writer -> Sink: Committer",3,numRecordsIn,55594.0
1784197023,4,"Infer->Rank, Rank->Filter, Filter -> Sink: Writer -> Sink: Committer",3,numRecordsInPerSecond,32.916666666666664
1784197023,4,"Infer->Rank, Rank->Filter, Filter -> Sink: Writer -> Sink: Committer",3,backPressuredTimeMsPerSecond,0.0
1784197038,4,"Source: Source-data -> LoadJSON, Parse, _stream_key_by_map_operator",0,busyTimeMsPerSecond,0.0
1784197038,4,"Source: Source-data -> LoadJSON, Parse, _stream_key_by_map_operator",0,numRecordsOutPerSecond,0.0
1784197038,4,"Source: Source-data -> LoadJSON, Parse, _stream_key_by_map_operator",0,idleTimeMsPerSecond,0.0
1784197038,4,"Source: Source-data -> LoadJSON, Parse, _stream_key_by_map_operator",0,numRecordsOut,5048.0
1784197038,4,"Source: Source-data -> LoadJSON, Parse, _stream_key_by_map_operator",0,numRecordsIn,5048.0
1784197038,4,"Source: Source-data -> LoadJSON, Parse, _stream_key_by_map_operator",0,numRecordsInPerSecond,0.0
1784197038,4,"Source: Source-data -> LoadJSON, Parse, _stream_key_by_map_operator",0,backPressuredTimeMsPerSecond,1000.0
1784197038,4,"Source: Source-data -> LoadJSON, Parse, _stream_key_by_map_operator",1,busyTimeMsPerSecond,0.0
1784197038,4,"Source: Source-data -> LoadJSON, Parse, _stream_key_by_map_operator",1,numRecordsOutPerSecond,0.0
1784197038,4,"Source: Source-data -> LoadJSON, Parse, _stream_key_by_map_operator",1,idleTimeMsPerSecond,0.0
1784197038,4,"Source: Source-data -> LoadJSON, Parse, _stream_key_by_map_operator",1,numRecordsOut,5537.0
1784197038,4,"Source: Source-data -> LoadJSON, Parse, _stream_key_by_map_operator",1,numRecordsIn,5537.0
1784197038,4,"Source: Source-data -> LoadJSON, Parse, _stream_key_by_map_operator",1,numRecordsInPerSecond,0.0
1784197038,4,"Source: Source-data -> LoadJSON, Parse, _stream_key_by_map_operator",1,backPressuredTimeMsPerSecond,1000.0
1784197038,4,"Source: Source-data -> LoadJSON, Parse, _stream_key_by_map_operator",2,busyTimeMsPerSecond,0.0
1784197038,4,"Source: Source-data -> LoadJSON, Parse, _stream_key_by_map_operator",2,numRecordsOutPerSecond,0.0
1784197038,4,"Source: Source-data -> LoadJSON, Parse, _stream_key_by_map_operator",2,idleTimeMsPerSecond,0.0
1784197038,4,"Source: Source-data -> LoadJSON, Parse, _stream_key_by_map_operator",2,numRecordsOut,5381.0
1784197038,4,"Source: Source-data -> LoadJSON, Parse, _stream_key_by_map_operator",2,numRecordsIn,5381.0
1784197038,4,"Source: Source-data -> LoadJSON, Parse, _stream_key_by_map_operator",2,numRecordsInPerSecond,0.0
1784197038,4,"Source: Source-data -> LoadJSON, Parse, _stream_key_by_map_operator",2,backPressuredTimeMsPerSecond,1000.0
1784197038,4,"Source: Source-data -> LoadJSON, Parse, _stream_key_by_map_operator",3,busyTimeMsPerSecond,0.0
1784197038,4,"Source: Source-data -> LoadJSON, Parse, _stream_key_by_map_operator",3,numRecordsOutPerSecond,0.0
1784197038,4,"Source: Source-data -> LoadJSON, Parse, _stream_key_by_map_operator",3,idleTimeMsPerSecond,0.0
1784197038,4,"Source: Source-data -> LoadJSON, Parse, _stream_key_by_map_operator",3,numRecordsOut,5536.0
1784197038,4,"Source: Source-data -> LoadJSON, Parse, _stream_key_by_map_operator",3,numRecordsIn,5536.0
1784197038,4,"Source: Source-data -> LoadJSON, Parse, _stream_key_by_map_operator",3,numRecordsInPerSecond,0.0
1784197038,4,"Source: Source-data -> LoadJSON, Parse, _stream_key_by_map_operator",3,backPressuredTimeMsPerSecond,1000.0
1784197038,4,"KEYED PROCESS, Parse->Train, _stream_key_by_map_operator",0,busyTimeMsPerSecond,387.0
1784197038,4,"KEYED PROCESS, Parse->Train, _stream_key_by_map_operator",0,numRecordsOutPerSecond,0.11666666666666667
1784197038,4,"KEYED PROCESS, Parse->Train, _stream_key_by_map_operator",0,idleTimeMsPerSecond,0.0
1784197038,4,"KEYED PROCESS, Parse->Train, _stream_key_by_map_operator",0,numRecordsOut,223.0
1784197038,4,"KEYED PROCESS, Parse->Train, _stream_key_by_map_operator",0,numRecordsIn,224.0
1784197038,4,"KEYED PROCESS, Parse->Train, _stream_key_by_map_operator",0,numRecordsInPerSecond,0.11666666666666667
1784197038,4,"KEYED PROCESS, Parse->Train, _stream_key_by_map_operator",0,backPressuredTimeMsPerSecond,613.0
1784197038,4,"KEYED PROCESS, Parse->Train, _stream_key_by_map_operator",1,busyTimeMsPerSecond,387.0
1784197038,4,"KEYED PROCESS, Parse->Train, _stream_key_by_map_operator",1,numRecordsOutPerSecond,0.13333333333333333
1784197038,4,"KEYED PROCESS, Parse->Train, _stream_key_by_map_operator",1,idleTimeMsPerSecond,0.0
1784197038,4,"KEYED PROCESS, Parse->Train, _stream_key_by_map_operator",1,numRecordsOut,132.0
1784197038,4,"KEYED PROCESS, Parse->Train, _stream_key_by_map_operator",1,numRecordsIn,133.0
1784197038,4,"KEYED PROCESS, Parse->Train, _stream_key_by_map_operator",1,numRecordsInPerSecond,0.13333333333333333
1784197038,4,"KEYED PROCESS, Parse->Train, _stream_key_by_map_operator",1,backPressuredTimeMsPerSecond,613.0
1784197038,4,"KEYED PROCESS, Parse->Train, _stream_key_by_map_operator",2,busyTimeMsPerSecond,394.0
1784197038,4,"KEYED PROCESS, Parse->Train, _stream_key_by_map_operator",2,numRecordsOutPerSecond,0.11666666666666667
1784197038,4,"KEYED PROCESS, Parse->Train, _stream_key_by_map_operator",2,idleTimeMsPerSecond,0.0
1784197038,4,"KEYED PROCESS, Parse->Train, _stream_key_by_map_operator",2,numRecordsOut,201.0
1784197038,4,"KEYED PROCESS, Parse->Train, _stream_key_by_map_operator",2,numRecordsIn,202.0
1784197038,4,"KEYED PROCESS, Parse->Train, _stream_key_by_map_operator",2,numRecordsInPerSecond,0.11666666666666667
1784197038,4,"KEYED PROCESS, Parse->Train, _stream_key_by_map_operator",2,backPressuredTimeMsPerSecond,606.0
1784197038,4,"KEYED PROCESS, Parse->Train, _stream_key_by_map_operator",3,busyTimeMsPerSecond,192.0
1784197038,4,"KEYED PROCESS, Parse->Train, _stream_key_by_map_operator",3,numRecordsOutPerSecond,0.06666666666666667
1784197038,4,"KEYED PROCESS, Parse->Train, _stream_key_by_map_operator",3,idleTimeMsPerSecond,0.0
1784197038,4,"KEYED PROCESS, Parse->Train, _stream_key_by_map_operator",3,numRecordsOut,145.0
1784197038,4,"KEYED PROCESS, Parse->Train, _stream_key_by_map_operator",3,numRecordsIn,146.0
1784197038,4,"KEYED PROCESS, Parse->Train, _stream_key_by_map_operator",3,numRecordsInPerSecond,0.06666666666666667
1784197038,4,"KEYED PROCESS, Parse->Train, _stream_key_by_map_operator",3,backPressuredTimeMsPerSecond,808.0
1784197038,4,"KEYED PROCESS, Train->Infer, _stream_key_by_map_operator",0,busyTimeMsPerSecond,567.0
1784197038,4,"KEYED PROCESS, Train->Infer, _stream_key_by_map_operator",0,numRecordsOutPerSecond,75.0
1784197038,4,"KEYED PROCESS, Train->Infer, _stream_key_by_map_operator",0,idleTimeMsPerSecond,0.0
1784197038,4,"KEYED PROCESS, Train->Infer, _stream_key_by_map_operator",0,numRecordsOut,68120.0
1784197038,4,"KEYED PROCESS, Train->Infer, _stream_key_by_map_operator",0,numRecordsIn,256.0
1784197038,4,"KEYED PROCESS, Train->Infer, _stream_key_by_map_operator",0,numRecordsInPerSecond,0.13333333333333333
1784197038,4,"KEYED PROCESS, Train->Infer, _stream_key_by_map_operator",0,backPressuredTimeMsPerSecond,433.0
1784197038,4,"KEYED PROCESS, Train->Infer, _stream_key_by_map_operator",1,busyTimeMsPerSecond,631.0
1784197038,4,"KEYED PROCESS, Train->Infer, _stream_key_by_map_operator",1,numRecordsOutPerSecond,66.66666666666667
1784197038,4,"KEYED PROCESS, Train->Infer, _stream_key_by_map_operator",1,idleTimeMsPerSecond,369.0
1784197038,4,"KEYED PROCESS, Train->Infer, _stream_key_by_map_operator",1,numRecordsOut,50015.0
1784197038,4,"KEYED PROCESS, Train->Infer, _stream_key_by_map_operator",1,numRecordsIn,116.0
1784197038,4,"KEYED PROCESS, Train->Infer, _stream_key_by_map_operator",1,numRecordsInPerSecond,0.13333333333333333
1784197038,4,"KEYED PROCESS, Train->Infer, _stream_key_by_map_operator",1,backPressuredTimeMsPerSecond,0.0
1784197038,4,"KEYED PROCESS, Train->Infer, _stream_key_by_map_operator",2,busyTimeMsPerSecond,381.0
1784197038,4,"KEYED PROCESS, Train->Infer, _stream_key_by_map_operator",2,numRecordsOutPerSecond,50.0
1784197038,4,"KEYED PROCESS, Train->Infer, _stream_key_by_map_operator",2,idleTimeMsPerSecond,619.0
1784197038,4,"KEYED PROCESS, Train->Infer, _stream_key_by_map_operator",2,numRecordsOut,54075.0
1784197038,4,"KEYED PROCESS, Train->Infer, _stream_key_by_map_operator",2,numRecordsIn,183.0
1784197038,4,"KEYED PROCESS, Train->Infer, _stream_key_by_map_operator",2,numRecordsInPerSecond,0.08333333333333333
1784197038,4,"KEYED PROCESS, Train->Infer, _stream_key_by_map_operator",2,backPressuredTimeMsPerSecond,0.0
1784197038,4,"KEYED PROCESS, Train->Infer, _stream_key_by_map_operator",3,busyTimeMsPerSecond,404.0
1784197038,4,"KEYED PROCESS, Train->Infer, _stream_key_by_map_operator",3,numRecordsOutPerSecond,41.666666666666664
1784197038,4,"KEYED PROCESS, Train->Infer, _stream_key_by_map_operator",3,idleTimeMsPerSecond,596.0
1784197038,4,"KEYED PROCESS, Train->Infer, _stream_key_by_map_operator",3,numRecordsOut,57530.0
1784197038,4,"KEYED PROCESS, Train->Infer, _stream_key_by_map_operator",3,numRecordsIn,145.0
1784197038,4,"KEYED PROCESS, Train->Infer, _stream_key_by_map_operator",3,numRecordsInPerSecond,0.1
1784197038,4,"KEYED PROCESS, Train->Infer, _stream_key_by_map_operator",3,backPressuredTimeMsPerSecond,0.0
1784197038,4,"Infer->Rank, Rank->Filter, Filter -> Sink: Writer -> Sink: Committer",0,busyTimeMsPerSecond,1000.0
1784197038,4,"Infer->Rank, Rank->Filter, Filter -> Sink: Writer -> Sink: Committer",0,numRecordsOutPerSecond,61.166666666666664
1784197038,4,"Infer->Rank, Rank->Filter, Filter -> Sink: Writer -> Sink: Committer",0,idleTimeMsPerSecond,0.0
1784197038,4,"Infer->Rank, Rank->Filter, Filter -> Sink: Writer -> Sink: Committer",0,numRecordsOut,59490.0
1784197038,4,"Infer->Rank, Rank->Filter, Filter -> Sink: Writer -> Sink: Committer",0,numRecordsIn,66287.0
1784197038,4,"Infer->Rank, Rank->Filter, Filter -> Sink: Writer -> Sink: Committer",0,numRecordsInPerSecond,71.71666666666667
1784197038,4,"Infer->Rank, Rank->Filter, Filter -> Sink: Writer -> Sink: Committer",0,backPressuredTimeMsPerSecond,0.0
1784197038,4,"Infer->Rank, Rank->Filter, Filter -> Sink: Writer -> Sink: Committer",1,busyTimeMsPerSecond,898.0
1784197038,4,"Infer->Rank, Rank->Filter, Filter -> Sink: Writer -> Sink: Committer",1,numRecordsOutPerSecond,73.66666666666667
1784197038,4,"Infer->Rank, Rank->Filter, Filter -> Sink: Writer -> Sink: Committer",1,idleTimeMsPerSecond,102.0
1784197038,4,"Infer->Rank, Rank->Filter, Filter -> Sink: Writer -> Sink: Committer",1,numRecordsOut,46000.0
1784197038,4,"Infer->Rank, Rank->Filter, Filter -> Sink: Writer -> Sink: Committer",1,numRecordsIn,51015.0
1784197038,4,"Infer->Rank, Rank->Filter, Filter -> Sink: Writer -> Sink: Committer",1,numRecordsInPerSecond,81.83333333333333
1784197038,4,"Infer->Rank, Rank->Filter, Filter -> Sink: Writer -> Sink: Committer",1,backPressuredTimeMsPerSecond,0.0
1784197038,4,"Infer->Rank, Rank->Filter, Filter -> Sink: Writer -> Sink: Committer",2,busyTimeMsPerSecond,926.0
1784197038,4,"Infer->Rank, Rank->Filter, Filter -> Sink: Writer -> Sink: Committer",2,numRecordsOutPerSecond,82.33333333333333
1784197038,4,"Infer->Rank, Rank->Filter, Filter -> Sink: Writer -> Sink: Committer",2,idleTimeMsPerSecond,74.0
1784197038,4,"Infer->Rank, Rank->Filter, Filter -> Sink: Writer -> Sink: Committer",2,numRecordsOut,51000.0
1784197038,4,"Infer->Rank, Rank->Filter, Filter -> Sink: Writer -> Sink: Committer",2,numRecordsIn,54075.0
1784197038,4,"Infer->Rank, Rank->Filter, Filter -> Sink: Writer -> Sink: Committer",2,numRecordsInPerSecond,82.25
1784197038,4,"Infer->Rank, Rank->Filter, Filter -> Sink: Writer -> Sink: Committer",2,backPressuredTimeMsPerSecond,0.0
1784197038,4,"Infer->Rank, Rank->Filter, Filter -> Sink: Writer -> Sink: Committer",3,busyTimeMsPerSecond,400.0
1784197038,4,"Infer->Rank, Rank->Filter, Filter -> Sink: Writer -> Sink: Committer",3,numRecordsOutPerSecond,24.833333333333332
1784197038,4,"Infer->Rank, Rank->Filter, Filter -> Sink: Writer -> Sink: Committer",3,idleTimeMsPerSecond,600.0
1784197038,4,"Infer->Rank, Rank->Filter, Filter -> Sink: Writer -> Sink: Committer",3,numRecordsOut,50020.0
1784197038,4,"Infer->Rank, Rank->Filter, Filter -> Sink: Writer -> Sink: Committer",3,numRecordsIn,56054.0
1784197038,4,"Infer->Rank, Rank->Filter, Filter -> Sink: Writer -> Sink: Committer",3,numRecordsInPerSecond,25.0
1784197038,4,"Infer->Rank, Rank->Filter, Filter -> Sink: Writer -> Sink: Committer",3,backPressuredTimeMsPerSecond,0.0
1784197053,4,"Source: Source-data -> LoadJSON, Parse, _stream_key_by_map_operator",0,busyTimeMsPerSecond,0.0
1784197053,4,"Source: Source-data -> LoadJSON, Parse, _stream_key_by_map_operator",0,numRecordsOutPerSecond,0.0
1784197053,4,"Source: Source-data -> LoadJSON, Parse, _stream_key_by_map_operator",0,idleTimeMsPerSecond,0.0
1784197053,4,"Source: Source-data -> LoadJSON, Parse, _stream_key_by_map_operator",0,numRecordsOut,5048.0
1784197053,4,"Source: Source-data -> LoadJSON, Parse, _stream_key_by_map_operator",0,numRecordsIn,5048.0
1784197053,4,"Source: Source-data -> LoadJSON, Parse, _stream_key_by_map_operator",0,numRecordsInPerSecond,0.0
1784197053,4,"Source: Source-data -> LoadJSON, Parse, _stream_key_by_map_operator",0,backPressuredTimeMsPerSecond,1000.0
1784197053,4,"Source: Source-data -> LoadJSON, Parse, _stream_key_by_map_operator",1,busyTimeMsPerSecond,0.0
1784197053,4,"Source: Source-data -> LoadJSON, Parse, _stream_key_by_map_operator",1,numRecordsOutPerSecond,0.0
1784197053,4,"Source: Source-data -> LoadJSON, Parse, _stream_key_by_map_operator",1,idleTimeMsPerSecond,0.0
1784197053,4,"Source: Source-data -> LoadJSON, Parse, _stream_key_by_map_operator",1,numRecordsOut,5537.0
1784197053,4,"Source: Source-data -> LoadJSON, Parse, _stream_key_by_map_operator",1,numRecordsIn,5537.0
1784197053,4,"Source: Source-data -> LoadJSON, Parse, _stream_key_by_map_operator",1,numRecordsInPerSecond,0.0
1784197053,4,"Source: Source-data -> LoadJSON, Parse, _stream_key_by_map_operator",1,backPressuredTimeMsPerSecond,1000.0
1784197053,4,"Source: Source-data -> LoadJSON, Parse, _stream_key_by_map_operator",2,busyTimeMsPerSecond,0.0
1784197053,4,"Source: Source-data -> LoadJSON, Parse, _stream_key_by_map_operator",2,numRecordsOutPerSecond,0.0
1784197053,4,"Source: Source-data -> LoadJSON, Parse, _stream_key_by_map_operator",2,idleTimeMsPerSecond,0.0
1784197053,4,"Source: Source-data -> LoadJSON, Parse, _stream_key_by_map_operator",2,numRecordsOut,5381.0
1784197053,4,"Source: Source-data -> LoadJSON, Parse, _stream_key_by_map_operator",2,numRecordsIn,5381.0
1784197053,4,"Source: Source-data -> LoadJSON, Parse, _stream_key_by_map_operator",2,numRecordsInPerSecond,0.0
1784197053,4,"Source: Source-data -> LoadJSON, Parse, _stream_key_by_map_operator",2,backPressuredTimeMsPerSecond,1000.0
1784197053,4,"Source: Source-data -> LoadJSON, Parse, _stream_key_by_map_operator",3,busyTimeMsPerSecond,0.0
1784197053,4,"Source: Source-data -> LoadJSON, Parse, _stream_key_by_map_operator",3,numRecordsOutPerSecond,0.0
1784197053,4,"Source: Source-data -> LoadJSON, Parse, _stream_key_by_map_operator",3,idleTimeMsPerSecond,0.0
1784197053,4,"Source: Source-data -> LoadJSON, Parse, _stream_key_by_map_operator",3,numRecordsOut,5536.0
1784197053,4,"Source: Source-data -> LoadJSON, Parse, _stream_key_by_map_operator",3,numRecordsIn,5536.0
1784197053,4,"Source: Source-data -> LoadJSON, Parse, _stream_key_by_map_operator",3,numRecordsInPerSecond,0.0
1784197053,4,"Source: Source-data -> LoadJSON, Parse, _stream_key_by_map_operator",3,backPressuredTimeMsPerSecond,1000.0
1784197053,4,"KEYED PROCESS, Parse->Train, _stream_key_by_map_operator",0,busyTimeMsPerSecond,307.0
1784197053,4,"KEYED PROCESS, Parse->Train, _stream_key_by_map_operator",0,numRecordsOutPerSecond,0.1
1784197053,4,"KEYED PROCESS, Parse->Train, _stream_key_by_map_operator",0,idleTimeMsPerSecond,0.0
1784197053,4,"KEYED PROCESS, Parse->Train, _stream_key_by_map_operator",0,numRecordsOut,223.0
1784197053,4,"KEYED PROCESS, Parse->Train, _stream_key_by_map_operator",0,numRecordsIn,224.0
1784197053,4,"KEYED PROCESS, Parse->Train, _stream_key_by_map_operator",0,numRecordsInPerSecond,0.1
1784197053,4,"KEYED PROCESS, Parse->Train, _stream_key_by_map_operator",0,backPressuredTimeMsPerSecond,693.0
1784197053,4,"KEYED PROCESS, Parse->Train, _stream_key_by_map_operator",1,busyTimeMsPerSecond,221.0
1784197053,4,"KEYED PROCESS, Parse->Train, _stream_key_by_map_operator",1,numRecordsOutPerSecond,0.08333333333333333
1784197053,4,"KEYED PROCESS, Parse->Train, _stream_key_by_map_operator",1,idleTimeMsPerSecond,0.0
1784197053,4,"KEYED PROCESS, Parse->Train, _stream_key_by_map_operator",1,numRecordsOut,132.0
1784197053,4,"KEYED PROCESS, Parse->Train, _stream_key_by_map_operator",1,numRecordsIn,133.0
1784197053,4,"KEYED PROCESS, Parse->Train, _stream_key_by_map_operator",1,numRecordsInPerSecond,0.08333333333333333
1784197053,4,"KEYED PROCESS, Parse->Train, _stream_key_by_map_operator",1,backPressuredTimeMsPerSecond,779.0
1784197053,4,"KEYED PROCESS, Parse->Train, _stream_key_by_map_operator",2,busyTimeMsPerSecond,339.0
1784197053,4,"KEYED PROCESS, Parse->Train, _stream_key_by_map_operator",2,numRecordsOutPerSecond,0.11666666666666667
1784197053,4,"KEYED PROCESS, Parse->Train, _stream_key_by_map_operator",2,idleTimeMsPerSecond,0.0
1784197053,4,"KEYED PROCESS, Parse->Train, _stream_key_by_map_operator",2,numRecordsOut,201.0
1784197053,4,"KEYED PROCESS, Parse->Train, _stream_key_by_map_operator",2,numRecordsIn,202.0
1784197053,4,"KEYED PROCESS, Parse->Train, _stream_key_by_map_operator",2,numRecordsInPerSecond,0.11666666666666667
1784197053,4,"KEYED PROCESS, Parse->Train, _stream_key_by_map_operator",2,backPressuredTimeMsPerSecond,661.0
1784197053,4,"KEYED PROCESS, Parse->Train, _stream_key_by_map_operator",3,busyTimeMsPerSecond,406.0
1784197053,4,"KEYED PROCESS, Parse->Train, _stream_key_by_map_operator",3,numRecordsOutPerSecond,0.13333333333333333
1784197053,4,"KEYED PROCESS, Parse->Train, _stream_key_by_map_operator",3,idleTimeMsPerSecond,0.0
1784197053,4,"KEYED PROCESS, Parse->Train, _stream_key_by_map_operator",3,numRecordsOut,148.0
1784197053,4,"KEYED PROCESS, Parse->Train, _stream_key_by_map_operator",3,numRecordsIn,149.0
1784197053,4,"KEYED PROCESS, Parse->Train, _stream_key_by_map_operator",3,numRecordsInPerSecond,0.13333333333333333
1784197053,4,"KEYED PROCESS, Parse->Train, _stream_key_by_map_operator",3,backPressuredTimeMsPerSecond,594.0
1784197053,4,"KEYED PROCESS, Train->Infer, _stream_key_by_map_operator",0,busyTimeMsPerSecond,608.0
1784197053,4,"KEYED PROCESS, Train->Infer, _stream_key_by_map_operator",0,numRecordsOutPerSecond,66.66666666666667
1784197053,4,"KEYED PROCESS, Train->Infer, _stream_key_by_map_operator",0,idleTimeMsPerSecond,0.0
1784197053,4,"KEYED PROCESS, Train->Infer, _stream_key_by_map_operator",0,numRecordsOut,69120.0
1784197053,4,"KEYED PROCESS, Train->Infer, _stream_key_by_map_operator",0,numRecordsIn,259.0
1784197053,4,"KEYED PROCESS, Train->Infer, _stream_key_by_map_operator",0,numRecordsInPerSecond,0.15
1784197053,4,"KEYED PROCESS, Train->Infer, _stream_key_by_map_operator",0,backPressuredTimeMsPerSecond,392.0
1784197053,4,"KEYED PROCESS, Train->Infer, _stream_key_by_map_operator",1,busyTimeMsPerSecond,472.0
1784197053,4,"KEYED PROCESS, Train->Infer, _stream_key_by_map_operator",1,numRecordsOutPerSecond,58.333333333333336
1784197053,4,"KEYED PROCESS, Train->Infer, _stream_key_by_map_operator",1,idleTimeMsPerSecond,528.0
1784197053,4,"KEYED PROCESS, Train->Infer, _stream_key_by_map_operator",1,numRecordsOut,51015.0
1784197053,4,"KEYED PROCESS, Train->Infer, _stream_key_by_map_operator",1,numRecordsIn,117.0
1784197053,4,"KEYED PROCESS, Train->Infer, _stream_key_by_map_operator",1,numRecordsInPerSecond,0.11666666666666667
1784197053,4,"KEYED PROCESS, Train->Infer, _stream_key_by_map_operator",1,backPressuredTimeMsPerSecond,0.0
1784197053,4,"KEYED PROCESS, Train->Infer, _stream_key_by_map_operator",2,busyTimeMsPerSecond,262.0
1784197053,4,"KEYED PROCESS, Train->Infer, _stream_key_by_map_operator",2,numRecordsOutPerSecond,33.333333333333336
1784197053,4,"KEYED PROCESS, Train->Infer, _stream_key_by_map_operator",2,idleTimeMsPerSecond,738.0
1784197053,4,"KEYED PROCESS, Train->Infer, _stream_key_by_map_operator",2,numRecordsOut,54075.0
1784197053,4,"KEYED PROCESS, Train->Infer, _stream_key_by_map_operator",2,numRecordsIn,183.0
1784197053,4,"KEYED PROCESS, Train->Infer, _stream_key_by_map_operator",2,numRecordsInPerSecond,0.05
1784197053,4,"KEYED PROCESS, Train->Infer, _stream_key_by_map_operator",2,backPressuredTimeMsPerSecond,0.0
1784197053,4,"KEYED PROCESS, Train->Infer, _stream_key_by_map_operator",3,busyTimeMsPerSecond,428.0
1784197053,4,"KEYED PROCESS, Train->Infer, _stream_key_by_map_operator",3,numRecordsOutPerSecond,50.0
1784197053,4,"KEYED PROCESS, Train->Infer, _stream_key_by_map_operator",3,idleTimeMsPerSecond,572.0
1784197053,4,"KEYED PROCESS, Train->Infer, _stream_key_by_map_operator",3,numRecordsOut,58030.0
1784197053,4,"KEYED PROCESS, Train->Infer, _stream_key_by_map_operator",3,numRecordsIn,146.0
1784197053,4,"KEYED PROCESS, Train->Infer, _stream_key_by_map_operator",3,numRecordsInPerSecond,0.1
1784197053,4,"KEYED PROCESS, Train->Infer, _stream_key_by_map_operator",3,backPressuredTimeMsPerSecond,0.0
1784197053,4,"Infer->Rank, Rank->Filter, Filter -> Sink: Writer -> Sink: Committer",0,busyTimeMsPerSecond,1000.0
1784197053,4,"Infer->Rank, Rank->Filter, Filter -> Sink: Writer -> Sink: Committer",0,numRecordsOutPerSecond,50.833333333333336
1784197053,4,"Infer->Rank, Rank->Filter, Filter -> Sink: Writer -> Sink: Committer",0,idleTimeMsPerSecond,0.0
1784197053,4,"Infer->Rank, Rank->Filter, Filter -> Sink: Writer -> Sink: Committer",0,numRecordsOut,59870.0
1784197053,4,"Infer->Rank, Rank->Filter, Filter -> Sink: Writer -> Sink: Committer",0,numRecordsIn,67002.0
1784197053,4,"Infer->Rank, Rank->Filter, Filter -> Sink: Writer -> Sink: Committer",0,numRecordsInPerSecond,67.53333333333333
1784197053,4,"Infer->Rank, Rank->Filter, Filter -> Sink: Writer -> Sink: Committer",0,backPressuredTimeMsPerSecond,0.0
1784197053,4,"Infer->Rank, Rank->Filter, Filter -> Sink: Writer -> Sink: Committer",1,busyTimeMsPerSecond,760.0
1784197053,4,"Infer->Rank, Rank->Filter, Filter -> Sink: Writer -> Sink: Committer",1,numRecordsOutPerSecond,59.166666666666664
1784197053,4,"Infer->Rank, Rank->Filter, Filter -> Sink: Writer -> Sink: Committer",1,idleTimeMsPerSecond,240.0
1784197053,4,"Infer->Rank, Rank->Filter, Filter -> Sink: Writer -> Sink: Committer",1,numRecordsOut,46450.0
1784197053,4,"Infer->Rank, Rank->Filter, Filter -> Sink: Writer -> Sink: Committer",1,numRecordsIn,51475.0
1784197053,4,"Infer->Rank, Rank->Filter, Filter -> Sink: Writer -> Sink: Committer",1,numRecordsInPerSecond,67.51666666666667
1784197053,4,"Infer->Rank, Rank->Filter, Filter -> Sink: Writer -> Sink: Committer",1,backPressuredTimeMsPerSecond,0.0
1784197053,4,"Infer->Rank, Rank->Filter, Filter -> Sink: Writer -> Sink: Committer",2,busyTimeMsPerSecond,678.0
1784197053,4,"Infer->Rank, Rank->Filter, Filter -> Sink: Writer -> Sink: Committer",2,numRecordsOutPerSecond,62.5
1784197053,4,"Infer->Rank, Rank->Filter, Filter -> Sink: Writer -> Sink: Committer",2,idleTimeMsPerSecond,322.0
1784197053,4,"Infer->Rank, Rank->Filter, Filter -> Sink: Writer -> Sink: Committer",2,numRecordsOut,51000.0
1784197053,4,"Infer->Rank, Rank->Filter, Filter -> Sink: Writer -> Sink: Committer",2,numRecordsIn,54075.0
1784197053,4,"Infer->Rank, Rank->Filter, Filter -> Sink: Writer -> Sink: Committer",2,numRecordsInPerSecond,62.43333333333333
1784197053,4,"Infer->Rank, Rank->Filter, Filter -> Sink: Writer -> Sink: Committer",2,backPressuredTimeMsPerSecond,0.0
1784197053,4,"Infer->Rank, Rank->Filter, Filter -> Sink: Writer -> Sink: Committer",3,busyTimeMsPerSecond,615.0
1784197053,4,"Infer->Rank, Rank->Filter, Filter -> Sink: Writer -> Sink: Committer",3,numRecordsOutPerSecond,41.166666666666664
1784197053,4,"Infer->Rank, Rank->Filter, Filter -> Sink: Writer -> Sink: Committer",3,idleTimeMsPerSecond,385.0
1784197053,4,"Infer->Rank, Rank->Filter, Filter -> Sink: Writer -> Sink: Committer",3,numRecordsOut,51280.0
1784197053,4,"Infer->Rank, Rank->Filter, Filter -> Sink: Writer -> Sink: Committer",3,numRecordsIn,57314.0
1784197053,4,"Infer->Rank, Rank->Filter, Filter -> Sink: Writer -> Sink: Committer",3,numRecordsInPerSecond,41.266666666666666
1784197053,4,"Infer->Rank, Rank->Filter, Filter -> Sink: Writer -> Sink: Committer",3,backPressuredTimeMsPerSecond,0.0
1784197068,4,"Source: Source-data -> LoadJSON, Parse, _stream_key_by_map_operator",0,busyTimeMsPerSecond,1.0
1784197068,4,"Source: Source-data -> LoadJSON, Parse, _stream_key_by_map_operator",0,numRecordsOutPerSecond,0.0
1784197068,4,"Source: Source-data -> LoadJSON, Parse, _stream_key_by_map_operator",0,idleTimeMsPerSecond,0.0
1784197068,4,"Source: Source-data -> LoadJSON, Parse, _stream_key_by_map_operator",0,numRecordsOut,5048.0
1784197068,4,"Source: Source-data -> LoadJSON, Parse, _stream_key_by_map_operator",0,numRecordsIn,5048.0
1784197068,4,"Source: Source-data -> LoadJSON, Parse, _stream_key_by_map_operator",0,numRecordsInPerSecond,0.0
1784197068,4,"Source: Source-data -> LoadJSON, Parse, _stream_key_by_map_operator",0,backPressuredTimeMsPerSecond,999.0
1784197068,4,"Source: Source-data -> LoadJSON, Parse, _stream_key_by_map_operator",1,busyTimeMsPerSecond,0.0
1784197068,4,"Source: Source-data -> LoadJSON, Parse, _stream_key_by_map_operator",1,numRecordsOutPerSecond,0.0
1784197068,4,"Source: Source-data -> LoadJSON, Parse, _stream_key_by_map_operator",1,idleTimeMsPerSecond,0.0
1784197068,4,"Source: Source-data -> LoadJSON, Parse, _stream_key_by_map_operator",1,numRecordsOut,5537.0
1784197068,4,"Source: Source-data -> LoadJSON, Parse, _stream_key_by_map_operator",1,numRecordsIn,5537.0
1784197068,4,"Source: Source-data -> LoadJSON, Parse, _stream_key_by_map_operator",1,numRecordsInPerSecond,0.0
1784197068,4,"Source: Source-data -> LoadJSON, Parse, _stream_key_by_map_operator",1,backPressuredTimeMsPerSecond,1000.0
1784197068,4,"Source: Source-data -> LoadJSON, Parse, _stream_key_by_map_operator",2,busyTimeMsPerSecond,0.0
1784197068,4,"Source: Source-data -> LoadJSON, Parse, _stream_key_by_map_operator",2,numRecordsOutPerSecond,0.0
1784197068,4,"Source: Source-data -> LoadJSON, Parse, _stream_key_by_map_operator",2,idleTimeMsPerSecond,0.0
1784197068,4,"Source: Source-data -> LoadJSON, Parse, _stream_key_by_map_operator",2,numRecordsOut,5381.0
1784197068,4,"Source: Source-data -> LoadJSON, Parse, _stream_key_by_map_operator",2,numRecordsIn,5381.0
1784197068,4,"Source: Source-data -> LoadJSON, Parse, _stream_key_by_map_operator",2,numRecordsInPerSecond,0.0
1784197068,4,"Source: Source-data -> LoadJSON, Parse, _stream_key_by_map_operator",2,backPressuredTimeMsPerSecond,1000.0
1784197068,4,"Source: Source-data -> LoadJSON, Parse, _stream_key_by_map_operator",3,busyTimeMsPerSecond,0.0
1784197068,4,"Source: Source-data -> LoadJSON, Parse, _stream_key_by_map_operator",3,numRecordsOutPerSecond,0.0
1784197068,4,"Source: Source-data -> LoadJSON, Parse, _stream_key_by_map_operator",3,idleTimeMsPerSecond,0.0
1784197068,4,"Source: Source-data -> LoadJSON, Parse, _stream_key_by_map_operator",3,numRecordsOut,5536.0
1784197068,4,"Source: Source-data -> LoadJSON, Parse, _stream_key_by_map_operator",3,numRecordsIn,5536.0
1784197068,4,"Source: Source-data -> LoadJSON, Parse, _stream_key_by_map_operator",3,numRecordsInPerSecond,0.0
1784197068,4,"Source: Source-data -> LoadJSON, Parse, _stream_key_by_map_operator",3,backPressuredTimeMsPerSecond,1000.0
1784197068,4,"KEYED PROCESS, Parse->Train, _stream_key_by_map_operator",0,busyTimeMsPerSecond,381.0
1784197068,4,"KEYED PROCESS, Parse->Train, _stream_key_by_map_operator",0,numRecordsOutPerSecond,0.11666666666666667
1784197068,4,"KEYED PROCESS, Parse->Train, _stream_key_by_map_operator",0,idleTimeMsPerSecond,0.0
1784197068,4,"KEYED PROCESS, Parse->Train, _stream_key_by_map_operator",0,numRecordsOut,226.0
1784197068,4,"KEYED PROCESS, Parse->Train, _stream_key_by_map_operator",0,numRecordsIn,227.0
1784197068,4,"KEYED PROCESS, Parse->Train, _stream_key_by_map_operator",0,numRecordsInPerSecond,0.11666666666666667
1784197068,4,"KEYED PROCESS, Parse->Train, _stream_key_by_map_operator",0,backPressuredTimeMsPerSecond,619.0
1784197068,4,"KEYED PROCESS, Parse->Train, _stream_key_by_map_operator",1,busyTimeMsPerSecond,177.0
1784197068,4,"KEYED PROCESS, Parse->Train, _stream_key_by_map_operator",1,numRecordsOutPerSecond,0.06666666666666667
1784197068,4,"KEYED PROCESS, Parse->Train, _stream_key_by_map_operator",1,idleTimeMsPerSecond,0.0
1784197068,4,"KEYED PROCESS, Parse->Train, _stream_key_by_map_operator",1,numRecordsOut,133.0
1784197068,4,"KEYED PROCESS, Parse->Train, _stream_key_by_map_operator",1,numRecordsIn,134.0
1784197068,4,"KEYED PROCESS, Parse->Train, _stream_key_by_map_operator",1,numRecordsInPerSecond,0.06666666666666667
1784197068,4,"KEYED PROCESS, Parse->Train, _stream_key_by_map_operator",1,backPressuredTimeMsPerSecond,823.0
1784197068,4,"KEYED PROCESS, Parse->Train, _stream_key_by_map_operator",2,busyTimeMsPerSecond,316.0
1784197068,4,"KEYED PROCESS, Parse->Train, _stream_key_by_map_operator",2,numRecordsOutPerSecond,0.1
1784197068,4,"KEYED PROCESS, Parse->Train, _stream_key_by_map_operator",2,idleTimeMsPerSecond,0.0
1784197068,4,"KEYED PROCESS, Parse->Train, _stream_key_by_map_operator",2,numRecordsOut,203.0
1784197068,4,"KEYED PROCESS, Parse->Train, _stream_key_by_map_operator",2,numRecordsIn,204.0
1784197068,4,"KEYED PROCESS, Parse->Train, _stream_key_by_map_operator",2,numRecordsInPerSecond,0.1
1784197068,4,"KEYED PROCESS, Parse->Train, _stream_key_by_map_operator",2,backPressuredTimeMsPerSecond,684.0
1784197068,4,"KEYED PROCESS, Parse->Train, _stream_key_by_map_operator",3,busyTimeMsPerSecond,414.0
1784197068,4,"KEYED PROCESS, Parse->Train, _stream_key_by_map_operator",3,numRecordsOutPerSecond,0.13333333333333333
1784197068,4,"KEYED PROCESS, Parse->Train, _stream_key_by_map_operator",3,idleTimeMsPerSecond,0.0
1784197068,4,"KEYED PROCESS, Parse->Train, _stream_key_by_map_operator",3,numRecordsOut,150.0
1784197068,4,"KEYED PROCESS, Parse->Train, _stream_key_by_map_operator",3,numRecordsIn,151.0
1784197068,4,"KEYED PROCESS, Parse->Train, _stream_key_by_map_operator",3,numRecordsInPerSecond,0.13333333333333333
1784197068,4,"KEYED PROCESS, Parse->Train, _stream_key_by_map_operator",3,backPressuredTimeMsPerSecond,586.0
1784197068,4,"KEYED PROCESS, Train->Infer, _stream_key_by_map_operator",0,busyTimeMsPerSecond,570.0
1784197068,4,"KEYED PROCESS, Train->Infer, _stream_key_by_map_operator",0,numRecordsOutPerSecond,66.66666666666667
1784197068,4,"KEYED PROCESS, Train->Infer, _stream_key_by_map_operator",0,idleTimeMsPerSecond,0.0
1784197068,4,"KEYED PROCESS, Train->Infer, _stream_key_by_map_operator",0,numRecordsOut,70120.0
1784197068,4,"KEYED PROCESS, Train->Infer, _stream_key_by_map_operator",0,numRecordsIn,261.0
1784197068,4,"KEYED PROCESS, Train->Infer, _stream_key_by_map_operator",0,numRecordsInPerSecond,0.13333333333333333
1784197068,4,"KEYED PROCESS, Train->Infer, _stream_key_by_map_operator",0,backPressuredTimeMsPerSecond,430.0
1784197068,4,"KEYED PROCESS, Train->Infer, _stream_key_by_map_operator",1,busyTimeMsPerSecond,542.0
1784197068,4,"KEYED PROCESS, Train->Infer, _stream_key_by_map_operator",1,numRecordsOutPerSecond,66.66666666666667
1784197068,4,"KEYED PROCESS, Train->Infer, _stream_key_by_map_operator",1,idleTimeMsPerSecond,458.0
1784197068,4,"KEYED PROCESS, Train->Infer, _stream_key_by_map_operator",1,numRecordsOut,52015.0
1784197068,4,"KEYED PROCESS, Train->Infer, _stream_key_by_map_operator",1,numRecordsIn,120.0
1784197068,4,"KEYED PROCESS, Train->Infer, _stream_key_by_map_operator",1,numRecordsInPerSecond,0.15
1784197068,4,"KEYED PROCESS, Train->Infer, _stream_key_by_map_operator",1,backPressuredTimeMsPerSecond,0.0
1784197068,4,"KEYED PROCESS, Train->Infer, _stream_key_by_map_operator",2,busyTimeMsPerSecond,262.0
1784197068,4,"KEYED PROCESS, Train->Infer, _stream_key_by_map_operator",2,numRecordsOutPerSecond,33.333333333333336
1784197068,4,"KEYED PROCESS, Train->Infer, _stream_key_by_map_operator",2,idleTimeMsPerSecond,738.0
1784197068,4,"KEYED PROCESS, Train->Infer, _stream_key_by_map_operator",2,numRecordsOut,54075.0
1784197068,4,"KEYED PROCESS, Train->Infer, _stream_key_by_map_operator",2,numRecordsIn,183.0
1784197068,4,"KEYED PROCESS, Train->Infer, _stream_key_by_map_operator",2,numRecordsInPerSecond,0.05
1784197068,4,"KEYED PROCESS, Train->Infer, _stream_key_by_map_operator",2,backPressuredTimeMsPerSecond,0.0
1784197068,4,"KEYED PROCESS, Train->Infer, _stream_key_by_map_operator",3,busyTimeMsPerSecond,375.0
1784197068,4,"KEYED PROCESS, Train->Infer, _stream_key_by_map_operator",3,numRecordsOutPerSecond,41.666666666666664
1784197068,4,"KEYED PROCESS, Train->Infer, _stream_key_by_map_operator",3,idleTimeMsPerSecond,625.0
1784197068,4,"KEYED PROCESS, Train->Infer, _stream_key_by_map_operator",3,numRecordsOut,58030.0
1784197068,4,"KEYED PROCESS, Train->Infer, _stream_key_by_map_operator",3,numRecordsIn,146.0
1784197068,4,"KEYED PROCESS, Train->Infer, _stream_key_by_map_operator",3,numRecordsInPerSecond,0.08333333333333333
1784197068,4,"KEYED PROCESS, Train->Infer, _stream_key_by_map_operator",3,backPressuredTimeMsPerSecond,0.0
1784197068,4,"Infer->Rank, Rank->Filter, Filter -> Sink: Writer -> Sink: Committer",0,busyTimeMsPerSecond,1000.0
1784197068,4,"Infer->Rank, Rank->Filter, Filter -> Sink: Writer -> Sink: Committer",0,numRecordsOutPerSecond,62.666666666666664
1784197068,4,"Infer->Rank, Rank->Filter, Filter -> Sink: Writer -> Sink: Committer",0,idleTimeMsPerSecond,0.0
1784197068,4,"Infer->Rank, Rank->Filter, Filter -> Sink: Writer -> Sink: Committer",0,numRecordsOut,61020.0
1784197068,4,"Infer->Rank, Rank->Filter, Filter -> Sink: Writer -> Sink: Committer",0,numRecordsIn,68157.0
1784197068,4,"Infer->Rank, Rank->Filter, Filter -> Sink: Writer -> Sink: Committer",0,numRecordsInPerSecond,70.9
1784197068,4,"Infer->Rank, Rank->Filter, Filter -> Sink: Writer -> Sink: Committer",0,backPressuredTimeMsPerSecond,0.0
1784197068,4,"Infer->Rank, Rank->Filter, Filter -> Sink: Writer -> Sink: Committer",1,busyTimeMsPerSecond,862.0
1784197068,4,"Infer->Rank, Rank->Filter, Filter -> Sink: Writer -> Sink: Committer",1,numRecordsOutPerSecond,49.666666666666664
1784197068,4,"Infer->Rank, Rank->Filter, Filter -> Sink: Writer -> Sink: Committer",1,idleTimeMsPerSecond,138.0
1784197068,4,"Infer->Rank, Rank->Filter, Filter -> Sink: Writer -> Sink: Committer",1,numRecordsOut,47000.0
1784197068,4,"Infer->Rank, Rank->Filter, Filter -> Sink: Writer -> Sink: Committer",1,numRecordsIn,52962.0
1784197068,4,"Infer->Rank, Rank->Filter, Filter -> Sink: Writer -> Sink: Committer",1,numRecordsInPerSecond,72.91666666666667
1784197068,4,"Infer->Rank, Rank->Filter, Filter -> Sink: Writer -> Sink: Committer",1,backPressuredTimeMsPerSecond,0.0
1784197068,4,"Infer->Rank, Rank->Filter, Filter -> Sink: Writer -> Sink: Committer",2,busyTimeMsPerSecond,428.0
1784197068,4,"Infer->Rank, Rank->Filter, Filter -> Sink: Writer -> Sink: Committer",2,numRecordsOutPerSecond,52.0
1784197068,4,"Infer->Rank, Rank->Filter, Filter -> Sink: Writer -> Sink: Committer",2,idleTimeMsPerSecond,572.0
1784197068,4,"Infer->Rank, Rank->Filter, Filter -> Sink: Writer -> Sink: Committer",2,numRecordsOut,51000.0
1784197068,4,"Infer->Rank, Rank->Filter, Filter -> Sink: Writer -> Sink: Committer",2,numRecordsIn,54075.0
1784197068,4,"Infer->Rank, Rank->Filter, Filter -> Sink: Writer -> Sink: Committer",2,numRecordsInPerSecond,51.86666666666667
1784197068,4,"Infer->Rank, Rank->Filter, Filter -> Sink: Writer -> Sink: Committer",2,backPressuredTimeMsPerSecond,0.0
1784197068,4,"Infer->Rank, Rank->Filter, Filter -> Sink: Writer -> Sink: Committer",3,busyTimeMsPerSecond,613.0
1784197068,4,"Infer->Rank, Rank->Filter, Filter -> Sink: Writer -> Sink: Committer",3,numRecordsOutPerSecond,41.666666666666664
1784197068,4,"Infer->Rank, Rank->Filter, Filter -> Sink: Writer -> Sink: Committer",3,idleTimeMsPerSecond,387.0
1784197068,4,"Infer->Rank, Rank->Filter, Filter -> Sink: Writer -> Sink: Committer",3,numRecordsOut,52000.0
1784197068,4,"Infer->Rank, Rank->Filter, Filter -> Sink: Writer -> Sink: Committer",3,numRecordsIn,58030.0
1784197068,4,"Infer->Rank, Rank->Filter, Filter -> Sink: Writer -> Sink: Committer",3,numRecordsInPerSecond,41.666666666666664
1784197068,4,"Infer->Rank, Rank->Filter, Filter -> Sink: Writer -> Sink: Committer",3,backPressuredTimeMsPerSecond,0.0
1784197083,4,"Source: Source-data -> LoadJSON, Parse, _stream_key_by_map_operator",0,busyTimeMsPerSecond,1.0
1784197083,4,"Source: Source-data -> LoadJSON, Parse, _stream_key_by_map_operator",0,numRecordsOutPerSecond,0.0
1784197083,4,"Source: Source-data -> LoadJSON, Parse, _stream_key_by_map_operator",0,idleTimeMsPerSecond,0.0
1784197083,4,"Source: Source-data -> LoadJSON, Parse, _stream_key_by_map_operator",0,numRecordsOut,5048.0
1784197083,4,"Source: Source-data -> LoadJSON, Parse, _stream_key_by_map_operator",0,numRecordsIn,5048.0
1784197083,4,"Source: Source-data -> LoadJSON, Parse, _stream_key_by_map_operator",0,numRecordsInPerSecond,0.0
1784197083,4,"Source: Source-data -> LoadJSON, Parse, _stream_key_by_map_operator",0,backPressuredTimeMsPerSecond,999.0
1784197083,4,"Source: Source-data -> LoadJSON, Parse, _stream_key_by_map_operator",1,busyTimeMsPerSecond,0.0
1784197083,4,"Source: Source-data -> LoadJSON, Parse, _stream_key_by_map_operator",1,numRecordsOutPerSecond,0.0
1784197083,4,"Source: Source-data -> LoadJSON, Parse, _stream_key_by_map_operator",1,idleTimeMsPerSecond,0.0
1784197083,4,"Source: Source-data -> LoadJSON, Parse, _stream_key_by_map_operator",1,numRecordsOut,5537.0
1784197083,4,"Source: Source-data -> LoadJSON, Parse, _stream_key_by_map_operator",1,numRecordsIn,5537.0
1784197083,4,"Source: Source-data -> LoadJSON, Parse, _stream_key_by_map_operator",1,numRecordsInPerSecond,0.0
1784197083,4,"Source: Source-data -> LoadJSON, Parse, _stream_key_by_map_operator",1,backPressuredTimeMsPerSecond,1000.0
1784197083,4,"Source: Source-data -> LoadJSON, Parse, _stream_key_by_map_operator",2,busyTimeMsPerSecond,0.0
1784197083,4,"Source: Source-data -> LoadJSON, Parse, _stream_key_by_map_operator",2,numRecordsOutPerSecond,0.0
1784197083,4,"Source: Source-data -> LoadJSON, Parse, _stream_key_by_map_operator",2,idleTimeMsPerSecond,0.0
1784197083,4,"Source: Source-data -> LoadJSON, Parse, _stream_key_by_map_operator",2,numRecordsOut,5381.0
1784197083,4,"Source: Source-data -> LoadJSON, Parse, _stream_key_by_map_operator",2,numRecordsIn,5381.0
1784197083,4,"Source: Source-data -> LoadJSON, Parse, _stream_key_by_map_operator",2,numRecordsInPerSecond,0.0
1784197083,4,"Source: Source-data -> LoadJSON, Parse, _stream_key_by_map_operator",2,backPressuredTimeMsPerSecond,1000.0
1784197083,4,"Source: Source-data -> LoadJSON, Parse, _stream_key_by_map_operator",3,busyTimeMsPerSecond,0.0
1784197083,4,"Source: Source-data -> LoadJSON, Parse, _stream_key_by_map_operator",3,numRecordsOutPerSecond,0.0
1784197083,4,"Source: Source-data -> LoadJSON, Parse, _stream_key_by_map_operator",3,idleTimeMsPerSecond,0.0
1784197083,4,"Source: Source-data -> LoadJSON, Parse, _stream_key_by_map_operator",3,numRecordsOut,5536.0
1784197083,4,"Source: Source-data -> LoadJSON, Parse, _stream_key_by_map_operator",3,numRecordsIn,5536.0
1784197083,4,"Source: Source-data -> LoadJSON, Parse, _stream_key_by_map_operator",3,numRecordsInPerSecond,0.0
1784197083,4,"Source: Source-data -> LoadJSON, Parse, _stream_key_by_map_operator",3,backPressuredTimeMsPerSecond,1000.0
1784197083,4,"KEYED PROCESS, Parse->Train, _stream_key_by_map_operator",0,busyTimeMsPerSecond,280.0
1784197083,4,"KEYED PROCESS, Parse->Train, _stream_key_by_map_operator",0,numRecordsOutPerSecond,0.1
1784197083,4,"KEYED PROCESS, Parse->Train, _stream_key_by_map_operator",0,idleTimeMsPerSecond,0.0
1784197083,4,"KEYED PROCESS, Parse->Train, _stream_key_by_map_operator",0,numRecordsOut,227.0
1784197083,4,"KEYED PROCESS, Parse->Train, _stream_key_by_map_operator",0,numRecordsIn,228.0
1784197083,4,"KEYED PROCESS, Parse->Train, _stream_key_by_map_operator",0,numRecordsInPerSecond,0.1
1784197083,4,"KEYED PROCESS, Parse->Train, _stream_key_by_map_operator",0,backPressuredTimeMsPerSecond,720.0
1784197083,4,"KEYED PROCESS, Parse->Train, _stream_key_by_map_operator",1,busyTimeMsPerSecond,177.0
1784197083,4,"KEYED PROCESS, Parse->Train, _stream_key_by_map_operator",1,numRecordsOutPerSecond,0.06666666666666667
1784197083,4,"KEYED PROCESS, Parse->Train, _stream_key_by_map_operator",1,idleTimeMsPerSecond,0.0
1784197083,4,"KEYED PROCESS, Parse->Train, _stream_key_by_map_operator",1,numRecordsOut,133.0
1784197083,4,"KEYED PROCESS, Parse->Train, _stream_key_by_map_operator",1,numRecordsIn,134.0
1784197083,4,"KEYED PROCESS, Parse->Train, _stream_key_by_map_operator",1,numRecordsInPerSecond,0.06666666666666667
1784197083,4,"KEYED PROCESS, Parse->Train, _stream_key_by_map_operator",1,backPressuredTimeMsPerSecond,823.0
1784197083,4,"KEYED PROCESS, Parse->Train, _stream_key_by_map_operator",2,busyTimeMsPerSecond,150.0
1784197083,4,"KEYED PROCESS, Parse->Train, _stream_key_by_map_operator",2,numRecordsOutPerSecond,0.05
1784197083,4,"KEYED PROCESS, Parse->Train, _stream_key_by_map_operator",2,idleTimeMsPerSecond,0.0
1784197083,4,"KEYED PROCESS, Parse->Train, _stream_key_by_map_operator",2,numRecordsOut,203.0
1784197083,4,"KEYED PROCESS, Parse->Train, _stream_key_by_map_operator",2,numRecordsIn,204.0
1784197083,4,"KEYED PROCESS, Parse->Train, _stream_key_by_map_operator",2,numRecordsInPerSecond,0.05
1784197083,4,"KEYED PROCESS, Parse->Train, _stream_key_by_map_operator",2,backPressuredTimeMsPerSecond,850.0
1784197083,4,"KEYED PROCESS, Parse->Train, _stream_key_by_map_operator",3,busyTimeMsPerSecond,414.0
1784197083,4,"KEYED PROCESS, Parse->Train, _stream_key_by_map_operator",3,numRecordsOutPerSecond,0.13333333333333333
1784197083,4,"KEYED PROCESS, Parse->Train, _stream_key_by_map_operator",3,idleTimeMsPerSecond,0.0
1784197083,4,"KEYED PROCESS, Parse->Train, _stream_key_by_map_operator",3,numRecordsOut,150.0
1784197083,4,"KEYED PROCESS, Parse->Train, _stream_key_by_map_operator",3,numRecordsIn,151.0
1784197083,4,"KEYED PROCESS, Parse->Train, _stream_key_by_map_operator",3,numRecordsInPerSecond,0.13333333333333333
1784197083,4,"KEYED PROCESS, Parse->Train, _stream_key_by_map_operator",3,backPressuredTimeMsPerSecond,586.0
1784197083,4,"KEYED PROCESS, Train->Infer, _stream_key_by_map_operator",0,busyTimeMsPerSecond,616.0
1784197083,4,"KEYED PROCESS, Train->Infer, _stream_key_by_map_operator",0,numRecordsOutPerSecond,66.66666666666667
1784197083,4,"KEYED PROCESS, Train->Infer, _stream_key_by_map_operator",0,idleTimeMsPerSecond,0.0
1784197083,4,"KEYED PROCESS, Train->Infer, _stream_key_by_map_operator",0,numRecordsOut,71120.0
1784197083,4,"KEYED PROCESS, Train->Infer, _stream_key_by_map_operator",0,numRecordsIn,263.0
1784197083,4,"KEYED PROCESS, Train->Infer, _stream_key_by_map_operator",0,numRecordsInPerSecond,0.15
1784197083,4,"KEYED PROCESS, Train->Infer, _stream_key_by_map_operator",0,backPressuredTimeMsPerSecond,384.0
1784197083,4,"KEYED PROCESS, Train->Infer, _stream_key_by_map_operator",1,busyTimeMsPerSecond,499.0
1784197083,4,"KEYED PROCESS, Train->Infer, _stream_key_by_map_operator",1,numRecordsOutPerSecond,66.66666666666667
1784197083,4,"KEYED PROCESS, Train->Infer, _stream_key_by_map_operator",1,idleTimeMsPerSecond,501.0
1784197083,4,"KEYED PROCESS, Train->Infer, _stream_key_by_map_operator",1,numRecordsOut,53015.0
1784197083,4,"KEYED PROCESS, Train->Infer, _stream_key_by_map_operator",1,numRecordsIn,121.0
1784197083,4,"KEYED PROCESS, Train->Infer, _stream_key_by_map_operator",1,numRecordsInPerSecond,0.13333333333333333
1784197083,4,"KEYED PROCESS, Train->Infer, _stream_key_by_map_operator",1,backPressuredTimeMsPerSecond,0.0
1784197083,4,"KEYED PROCESS, Train->Infer, _stream_key_by_map_operator",2,busyTimeMsPerSecond,58.0
1784197083,4,"KEYED PROCESS, Train->Infer, _stream_key_by_map_operator",2,numRecordsOutPerSecond,8.333333333333334
1784197083,4,"KEYED PROCESS, Train->Infer, _stream_key_by_map_operator",2,idleTimeMsPerSecond,942.0
1784197083,4,"KEYED PROCESS, Train->Infer, _stream_key_by_map_operator",2,numRecordsOut,54075.0
1784197083,4,"KEYED PROCESS, Train->Infer, _stream_key_by_map_operator",2,numRecordsIn,183.0
1784197083,4,"KEYED PROCESS, Train->Infer, _stream_key_by_map_operator",2,numRecordsInPerSecond,0.016666666666666666
1784197083,4,"KEYED PROCESS, Train->Infer, _stream_key_by_map_operator",2,backPressuredTimeMsPerSecond,0.0
1784197083,4,"KEYED PROCESS, Train->Infer, _stream_key_by_map_operator",3,busyTimeMsPerSecond,375.0
1784197083,4,"KEYED PROCESS, Train->Infer, _stream_key_by_map_operator",3,numRecordsOutPerSecond,41.666666666666664
1784197083,4,"KEYED PROCESS, Train->Infer, _stream_key_by_map_operator",3,idleTimeMsPerSecond,625.0
1784197083,4,"KEYED PROCESS, Train->Infer, _stream_key_by_map_operator",3,numRecordsOut,58030.0
1784197083,4,"KEYED PROCESS, Train->Infer, _stream_key_by_map_operator",3,numRecordsIn,146.0
1784197083,4,"KEYED PROCESS, Train->Infer, _stream_key_by_map_operator",3,numRecordsInPerSecond,0.08333333333333333
1784197083,4,"KEYED PROCESS, Train->Infer, _stream_key_by_map_operator",3,backPressuredTimeMsPerSecond,0.0
1784197083,4,"Infer->Rank, Rank->Filter, Filter -> Sink: Writer -> Sink: Committer",0,busyTimeMsPerSecond,1000.0
1784197083,4,"Infer->Rank, Rank->Filter, Filter -> Sink: Writer -> Sink: Committer",0,numRecordsOutPerSecond,61.0
1784197083,4,"Infer->Rank, Rank->Filter, Filter -> Sink: Writer -> Sink: Committer",0,idleTimeMsPerSecond,0.0
1784197083,4,"Infer->Rank, Rank->Filter, Filter -> Sink: Writer -> Sink: Committer",0,numRecordsOut,62010.0
1784197083,4,"Infer->Rank, Rank->Filter, Filter -> Sink: Writer -> Sink: Committer",0,numRecordsIn,69147.0
1784197083,4,"Infer->Rank, Rank->Filter, Filter -> Sink: Writer -> Sink: Committer",0,numRecordsInPerSecond,69.35
1784197083,4,"Infer->Rank, Rank->Filter, Filter -> Sink: Writer -> Sink: Committer",0,backPressuredTimeMsPerSecond,0.0
1784197083,4,"Infer->Rank, Rank->Filter, Filter -> Sink: Writer -> Sink: Committer",1,busyTimeMsPerSecond,644.0
1784197083,4,"Infer->Rank, Rank->Filter, Filter -> Sink: Writer -> Sink: Committer",1,numRecordsOutPerSecond,36.666666666666664
1784197083,4,"Infer->Rank, Rank->Filter, Filter -> Sink: Writer -> Sink: Committer",1,idleTimeMsPerSecond,356.0
1784197083,4,"Infer->Rank, Rank->Filter, Filter -> Sink: Writer -> Sink: Committer",1,numRecordsOut,47090.0
1784197083,4,"Infer->Rank, Rank->Filter, Filter -> Sink: Writer -> Sink: Committer",1,numRecordsIn,53112.0
1784197083,4,"Infer->Rank, Rank->Filter, Filter -> Sink: Writer -> Sink: Committer",1,numRecordsInPerSecond,61.666666666666664
1784197083,4,"Infer->Rank, Rank->Filter, Filter -> Sink: Writer -> Sink: Committer",1,backPressuredTimeMsPerSecond,0.0
1784197083,4,"Infer->Rank, Rank->Filter, Filter -> Sink: Writer -> Sink: Committer",2,busyTimeMsPerSecond,291.0
1784197083,4,"Infer->Rank, Rank->Filter, Filter -> Sink: Writer -> Sink: Committer",2,numRecordsOutPerSecond,31.333333333333332
1784197083,4,"Infer->Rank, Rank->Filter, Filter -> Sink: Writer -> Sink: Committer",2,idleTimeMsPerSecond,709.0
1784197083,4,"Infer->Rank, Rank->Filter, Filter -> Sink: Writer -> Sink: Committer",2,numRecordsOut,51430.0
1784197083,4,"Infer->Rank, Rank->Filter, Filter -> Sink: Writer -> Sink: Committer",2,numRecordsIn,54512.0
1784197083,4,"Infer->Rank, Rank->Filter, Filter -> Sink: Writer -> Sink: Committer",2,numRecordsInPerSecond,31.3
1784197083,4,"Infer->Rank, Rank->Filter, Filter -> Sink: Writer -> Sink: Committer",2,backPressuredTimeMsPerSecond,0.0
1784197083,4,"Infer->Rank, Rank->Filter, Filter -> Sink: Writer -> Sink: Committer",3,busyTimeMsPerSecond,693.0
1784197083,4,"Infer->Rank, Rank->Filter, Filter -> Sink: Writer -> Sink: Committer",3,numRecordsOutPerSecond,44.5
1784197083,4,"Infer->Rank, Rank->Filter, Filter -> Sink: Writer -> Sink: Committer",3,idleTimeMsPerSecond,307.0
1784197083,4,"Infer->Rank, Rank->Filter, Filter -> Sink: Writer -> Sink: Committer",3,numRecordsOut,52220.0
1784197083,4,"Infer->Rank, Rank->Filter, Filter -> Sink: Writer -> Sink: Committer",3,numRecordsIn,58253.0
1784197083,4,"Infer->Rank, Rank->Filter, Filter -> Sink: Writer -> Sink: Committer",3,numRecordsInPerSecond,44.516666666666666
1784197083,4,"Infer->Rank, Rank->Filter, Filter -> Sink: Writer -> Sink: Committer",3,backPressuredTimeMsPerSecond,0.0
1784197098,4,"Source: Source-data -> LoadJSON, Parse, _stream_key_by_map_operator",0,busyTimeMsPerSecond,1.0
1784197098,4,"Source: Source-data -> LoadJSON, Parse, _stream_key_by_map_operator",0,numRecordsOutPerSecond,0.0
1784197098,4,"Source: Source-data -> LoadJSON, Parse, _stream_key_by_map_operator",0,idleTimeMsPerSecond,0.0
1784197098,4,"Source: Source-data -> LoadJSON, Parse, _stream_key_by_map_operator",0,numRecordsOut,5048.0
1784197098,4,"Source: Source-data -> LoadJSON, Parse, _stream_key_by_map_operator",0,numRecordsIn,5048.0
1784197098,4,"Source: Source-data -> LoadJSON, Parse, _stream_key_by_map_operator",0,numRecordsInPerSecond,0.0
1784197098,4,"Source: Source-data -> LoadJSON, Parse, _stream_key_by_map_operator",0,backPressuredTimeMsPerSecond,999.0
1784197098,4,"Source: Source-data -> LoadJSON, Parse, _stream_key_by_map_operator",1,busyTimeMsPerSecond,0.0
1784197098,4,"Source: Source-data -> LoadJSON, Parse, _stream_key_by_map_operator",1,numRecordsOutPerSecond,0.0
1784197098,4,"Source: Source-data -> LoadJSON, Parse, _stream_key_by_map_operator",1,idleTimeMsPerSecond,0.0
1784197098,4,"Source: Source-data -> LoadJSON, Parse, _stream_key_by_map_operator",1,numRecordsOut,5537.0
1784197098,4,"Source: Source-data -> LoadJSON, Parse, _stream_key_by_map_operator",1,numRecordsIn,5537.0
1784197098,4,"Source: Source-data -> LoadJSON, Parse, _stream_key_by_map_operator",1,numRecordsInPerSecond,0.0
1784197098,4,"Source: Source-data -> LoadJSON, Parse, _stream_key_by_map_operator",1,backPressuredTimeMsPerSecond,1000.0
1784197098,4,"Source: Source-data -> LoadJSON, Parse, _stream_key_by_map_operator",2,busyTimeMsPerSecond,0.0
1784197098,4,"Source: Source-data -> LoadJSON, Parse, _stream_key_by_map_operator",2,numRecordsOutPerSecond,0.0
1784197098,4,"Source: Source-data -> LoadJSON, Parse, _stream_key_by_map_operator",2,idleTimeMsPerSecond,0.0
1784197098,4,"Source: Source-data -> LoadJSON, Parse, _stream_key_by_map_operator",2,numRecordsOut,5381.0
1784197098,4,"Source: Source-data -> LoadJSON, Parse, _stream_key_by_map_operator",2,numRecordsIn,5381.0
1784197098,4,"Source: Source-data -> LoadJSON, Parse, _stream_key_by_map_operator",2,numRecordsInPerSecond,0.0
1784197098,4,"Source: Source-data -> LoadJSON, Parse, _stream_key_by_map_operator",2,backPressuredTimeMsPerSecond,1000.0
1784197098,4,"Source: Source-data -> LoadJSON, Parse, _stream_key_by_map_operator",3,busyTimeMsPerSecond,0.0
1784197098,4,"Source: Source-data -> LoadJSON, Parse, _stream_key_by_map_operator",3,numRecordsOutPerSecond,0.0
1784197098,4,"Source: Source-data -> LoadJSON, Parse, _stream_key_by_map_operator",3,idleTimeMsPerSecond,0.0
1784197098,4,"Source: Source-data -> LoadJSON, Parse, _stream_key_by_map_operator",3,numRecordsOut,5536.0
1784197098,4,"Source: Source-data -> LoadJSON, Parse, _stream_key_by_map_operator",3,numRecordsIn,5536.0
1784197098,4,"Source: Source-data -> LoadJSON, Parse, _stream_key_by_map_operator",3,numRecordsInPerSecond,0.0
1784197098,4,"Source: Source-data -> LoadJSON, Parse, _stream_key_by_map_operator",3,backPressuredTimeMsPerSecond,1000.0
1784197098,4,"KEYED PROCESS, Parse->Train, _stream_key_by_map_operator",0,busyTimeMsPerSecond,307.0
1784197098,4,"KEYED PROCESS, Parse->Train, _stream_key_by_map_operator",0,numRecordsOutPerSecond,0.11666666666666667
1784197098,4,"KEYED PROCESS, Parse->Train, _stream_key_by_map_operator",0,idleTimeMsPerSecond,0.0
1784197098,4,"KEYED PROCESS, Parse->Train, _stream_key_by_map_operator",0,numRecordsOut,230.0
1784197098,4,"KEYED PROCESS, Parse->Train, _stream_key_by_map_operator",0,numRecordsIn,231.0
1784197098,4,"KEYED PROCESS, Parse->Train, _stream_key_by_map_operator",0,numRecordsInPerSecond,0.11666666666666667
1784197098,4,"KEYED PROCESS, Parse->Train, _stream_key_by_map_operator",0,backPressuredTimeMsPerSecond,693.0
1784197098,4,"KEYED PROCESS, Parse->Train, _stream_key_by_map_operator",1,busyTimeMsPerSecond,199.0
1784197098,4,"KEYED PROCESS, Parse->Train, _stream_key_by_map_operator",1,numRecordsOutPerSecond,0.08333333333333333
1784197098,4,"KEYED PROCESS, Parse->Train, _stream_key_by_map_operator",1,idleTimeMsPerSecond,0.0
1784197098,4,"KEYED PROCESS, Parse->Train, _stream_key_by_map_operator",1,numRecordsOut,137.0
1784197098,4,"KEYED PROCESS, Parse->Train, _stream_key_by_map_operator",1,numRecordsIn,138.0
1784197098,4,"KEYED PROCESS, Parse->Train, _stream_key_by_map_operator",1,numRecordsInPerSecond,0.08333333333333333
1784197098,4,"KEYED PROCESS, Parse->Train, _stream_key_by_map_operator",1,backPressuredTimeMsPerSecond,801.0
1784197098,4,"KEYED PROCESS, Parse->Train, _stream_key_by_map_operator",2,busyTimeMsPerSecond,112.0
1784197098,4,"KEYED PROCESS, Parse->Train, _stream_key_by_map_operator",2,numRecordsOutPerSecond,0.05
1784197098,4,"KEYED PROCESS, Parse->Train, _stream_key_by_map_operator",2,idleTimeMsPerSecond,0.0
1784197098,4,"KEYED PROCESS, Parse->Train, _stream_key_by_map_operator",2,numRecordsOut,204.0
1784197098,4,"KEYED PROCESS, Parse->Train, _stream_key_by_map_operator",2,numRecordsIn,205.0
1784197098,4,"KEYED PROCESS, Parse->Train, _stream_key_by_map_operator",2,numRecordsInPerSecond,0.05
1784197098,4,"KEYED PROCESS, Parse->Train, _stream_key_by_map_operator",2,backPressuredTimeMsPerSecond,888.0
1784197098,4,"KEYED PROCESS, Parse->Train, _stream_key_by_map_operator",3,busyTimeMsPerSecond,537.0
1784197098,4,"KEYED PROCESS, Parse->Train, _stream_key_by_map_operator",3,numRecordsOutPerSecond,0.16666666666666666
1784197098,4,"KEYED PROCESS, Parse->Train, _stream_key_by_map_operator",3,idleTimeMsPerSecond,0.0
1784197098,4,"KEYED PROCESS, Parse->Train, _stream_key_by_map_operator",3,numRecordsOut,154.0
1784197098,4,"KEYED PROCESS, Parse->Train, _stream_key_by_map_operator",3,numRecordsIn,155.0
1784197098,4,"KEYED PROCESS, Parse->Train, _stream_key_by_map_operator",3,numRecordsInPerSecond,0.16666666666666666
1784197098,4,"KEYED PROCESS, Parse->Train, _stream_key_by_map_operator",3,backPressuredTimeMsPerSecond,463.0
1784197098,4,"KEYED PROCESS, Train->Infer, _stream_key_by_map_operator",0,busyTimeMsPerSecond,581.0
1784197098,4,"KEYED PROCESS, Train->Infer, _stream_key_by_map_operator",0,numRecordsOutPerSecond,66.66666666666667
1784197098,4,"KEYED PROCESS, Train->Infer, _stream_key_by_map_operator",0,idleTimeMsPerSecond,0.0
1784197098,4,"KEYED PROCESS, Train->Infer, _stream_key_by_map_operator",0,numRecordsOut,72120.0
1784197098,4,"KEYED PROCESS, Train->Infer, _stream_key_by_map_operator",0,numRecordsIn,265.0
1784197098,4,"KEYED PROCESS, Train->Infer, _stream_key_by_map_operator",0,numRecordsInPerSecond,0.15
1784197098,4,"KEYED PROCESS, Train->Infer, _stream_key_by_map_operator",0,backPressuredTimeMsPerSecond,419.0
1784197098,4,"KEYED PROCESS, Train->Infer, _stream_key_by_map_operator",1,busyTimeMsPerSecond,323.0
1784197098,4,"KEYED PROCESS, Train->Infer, _stream_key_by_map_operator",1,numRecordsOutPerSecond,41.666666666666664
1784197098,4,"KEYED PROCESS, Train->Infer, _stream_key_by_map_operator",1,idleTimeMsPerSecond,677.0
1784197098,4,"KEYED PROCESS, Train->Infer, _stream_key_by_map_operator",1,numRecordsOut,53515.0
1784197098,4,"KEYED PROCESS, Train->Infer, _stream_key_by_map_operator",1,numRecordsIn,122.0
1784197098,4,"KEYED PROCESS, Train->Infer, _stream_key_by_map_operator",1,numRecordsInPerSecond,0.08333333333333333
1784197098,4,"KEYED PROCESS, Train->Infer, _stream_key_by_map_operator",1,backPressuredTimeMsPerSecond,0.0
1784197098,4,"KEYED PROCESS, Train->Infer, _stream_key_by_map_operator",2,busyTimeMsPerSecond,187.0
1784197098,4,"KEYED PROCESS, Train->Infer, _stream_key_by_map_operator",2,numRecordsOutPerSecond,25.0
1784197098,4,"KEYED PROCESS, Train->Infer, _stream_key_by_map_operator",2,idleTimeMsPerSecond,813.0
1784197098,4,"KEYED PROCESS, Train->Infer, _stream_key_by_map_operator",2,numRecordsOut,55575.0
1784197098,4,"KEYED PROCESS, Train->Infer, _stream_key_by_map_operator",2,numRecordsIn,186.0
1784197098,4,"KEYED PROCESS, Train->Infer, _stream_key_by_map_operator",2,numRecordsInPerSecond,0.05
1784197098,4,"KEYED PROCESS, Train->Infer, _stream_key_by_map_operator",2,backPressuredTimeMsPerSecond,0.0
1784197098,4,"KEYED PROCESS, Train->Infer, _stream_key_by_map_operator",3,busyTimeMsPerSecond,399.0
1784197098,4,"KEYED PROCESS, Train->Infer, _stream_key_by_map_operator",3,numRecordsOutPerSecond,50.0
1784197098,4,"KEYED PROCESS, Train->Infer, _stream_key_by_map_operator",3,idleTimeMsPerSecond,601.0
1784197098,4,"KEYED PROCESS, Train->Infer, _stream_key_by_map_operator",3,numRecordsOut,60030.0
1784197098,4,"KEYED PROCESS, Train->Infer, _stream_key_by_map_operator",3,numRecordsIn,150.0
1784197098,4,"KEYED PROCESS, Train->Infer, _stream_key_by_map_operator",3,numRecordsInPerSecond,0.08333333333333333
1784197098,4,"KEYED PROCESS, Train->Infer, _stream_key_by_map_operator",3,backPressuredTimeMsPerSecond,0.0
1784197098,4,"Infer->Rank, Rank->Filter, Filter -> Sink: Writer -> Sink: Committer",0,busyTimeMsPerSecond,1000.0
1784197098,4,"Infer->Rank, Rank->Filter, Filter -> Sink: Writer -> Sink: Committer",0,numRecordsOutPerSecond,58.833333333333336
1784197098,4,"Infer->Rank, Rank->Filter, Filter -> Sink: Writer -> Sink: Committer",0,idleTimeMsPerSecond,0.0
1784197098,4,"Infer->Rank, Rank->Filter, Filter -> Sink: Writer -> Sink: Committer",0,numRecordsOut,63070.0
1784197098,4,"Infer->Rank, Rank->Filter, Filter -> Sink: Writer -> Sink: Committer",0,numRecordsIn,70207.0
1784197098,4,"Infer->Rank, Rank->Filter, Filter -> Sink: Writer -> Sink: Committer",0,numRecordsInPerSecond,64.9
1784197098,4,"Infer->Rank, Rank->Filter, Filter -> Sink: Writer -> Sink: Committer",0,backPressuredTimeMsPerSecond,0.0
1784197098,4,"Infer->Rank, Rank->Filter, Filter -> Sink: Writer -> Sink: Committer",1,busyTimeMsPerSecond,457.0
1784197098,4,"Infer->Rank, Rank->Filter, Filter -> Sink: Writer -> Sink: Committer",1,numRecordsOutPerSecond,25.0
1784197098,4,"Infer->Rank, Rank->Filter, Filter -> Sink: Writer -> Sink: Committer",1,idleTimeMsPerSecond,543.0
1784197098,4,"Infer->Rank, Rank->Filter, Filter -> Sink: Writer -> Sink: Committer",1,numRecordsOut,47500.0
1784197098,4,"Infer->Rank, Rank->Filter, Filter -> Sink: Writer -> Sink: Committer",1,numRecordsIn,53515.0
1784197098,4,"Infer->Rank, Rank->Filter, Filter -> Sink: Writer -> Sink: Committer",1,numRecordsInPerSecond,41.68333333333333
1784197098,4,"Infer->Rank, Rank->Filter, Filter -> Sink: Writer -> Sink: Committer",1,backPressuredTimeMsPerSecond,0.0
1784197098,4,"Infer->Rank, Rank->Filter, Filter -> Sink: Writer -> Sink: Committer",2,busyTimeMsPerSecond,261.0
1784197098,4,"Infer->Rank, Rank->Filter, Filter -> Sink: Writer -> Sink: Committer",2,numRecordsOutPerSecond,25.166666666666668
1784197098,4,"Infer->Rank, Rank->Filter, Filter -> Sink: Writer -> Sink: Committer",2,idleTimeMsPerSecond,739.0
1784197098,4,"Infer->Rank, Rank->Filter, Filter -> Sink: Writer -> Sink: Committer",2,numRecordsOut,52500.0
1784197098,4,"Infer->Rank, Rank->Filter, Filter -> Sink: Writer -> Sink: Committer",2,numRecordsIn,55575.0
1784197098,4,"Infer->Rank, Rank->Filter, Filter -> Sink: Writer -> Sink: Committer",2,numRecordsInPerSecond,25.133333333333333
1784197098,4,"Infer->Rank, Rank->Filter, Filter -> Sink: Writer -> Sink: Committer",2,backPressuredTimeMsPerSecond,0.0
1784197098,4,"Infer->Rank, Rank->Filter, Filter -> Sink: Writer -> Sink: Committer",3,busyTimeMsPerSecond,693.0
1784197098,4,"Infer->Rank, Rank->Filter, Filter -> Sink: Writer -> Sink: Committer",3,numRecordsOutPerSecond,57.166666666666664
1784197098,4,"Infer->Rank, Rank->Filter, Filter -> Sink: Writer -> Sink: Committer",3,idleTimeMsPerSecond,307.0
1784197098,4,"Infer->Rank, Rank->Filter, Filter -> Sink: Writer -> Sink: Committer",3,numRecordsOut,53470.0
1784197098,4,"Infer->Rank, Rank->Filter, Filter -> Sink: Writer -> Sink: Committer",3,numRecordsIn,59505.0
1784197098,4,"Infer->Rank, Rank->Filter, Filter -> Sink: Writer -> Sink: Committer",3,numRecordsInPerSecond,57.03333333333333
1784197098,4,"Infer->Rank, Rank->Filter, Filter -> Sink: Writer -> Sink: Committer",3,backPressuredTimeMsPerSecond,0.0
1784197113,4,"Source: Source-data -> LoadJSON, Parse, _stream_key_by_map_operator",0,busyTimeMsPerSecond,0.0
1784197113,4,"Source: Source-data -> LoadJSON, Parse, _stream_key_by_map_operator",0,numRecordsOutPerSecond,0.0
1784197113,4,"Source: Source-data -> LoadJSON, Parse, _stream_key_by_map_operator",0,idleTimeMsPerSecond,0.0
1784197113,4,"Source: Source-data -> LoadJSON, Parse, _stream_key_by_map_operator",0,numRecordsOut,5048.0
1784197113,4,"Source: Source-data -> LoadJSON, Parse, _stream_key_by_map_operator",0,numRecordsIn,5048.0
1784197113,4,"Source: Source-data -> LoadJSON, Parse, _stream_key_by_map_operator",0,numRecordsInPerSecond,0.0
1784197113,4,"Source: Source-data -> LoadJSON, Parse, _stream_key_by_map_operator",0,backPressuredTimeMsPerSecond,1000.0
1784197113,4,"Source: Source-data -> LoadJSON, Parse, _stream_key_by_map_operator",1,busyTimeMsPerSecond,0.0
1784197113,4,"Source: Source-data -> LoadJSON, Parse, _stream_key_by_map_operator",1,numRecordsOutPerSecond,0.0
1784197113,4,"Source: Source-data -> LoadJSON, Parse, _stream_key_by_map_operator",1,idleTimeMsPerSecond,0.0
1784197113,4,"Source: Source-data -> LoadJSON, Parse, _stream_key_by_map_operator",1,numRecordsOut,5537.0
1784197113,4,"Source: Source-data -> LoadJSON, Parse, _stream_key_by_map_operator",1,numRecordsIn,5537.0
1784197113,4,"Source: Source-data -> LoadJSON, Parse, _stream_key_by_map_operator",1,numRecordsInPerSecond,0.0
1784197113,4,"Source: Source-data -> LoadJSON, Parse, _stream_key_by_map_operator",1,backPressuredTimeMsPerSecond,1000.0
1784197113,4,"Source: Source-data -> LoadJSON, Parse, _stream_key_by_map_operator",2,busyTimeMsPerSecond,0.0
1784197113,4,"Source: Source-data -> LoadJSON, Parse, _stream_key_by_map_operator",2,numRecordsOutPerSecond,0.0
1784197113,4,"Source: Source-data -> LoadJSON, Parse, _stream_key_by_map_operator",2,idleTimeMsPerSecond,0.0
1784197113,4,"Source: Source-data -> LoadJSON, Parse, _stream_key_by_map_operator",2,numRecordsOut,5381.0
1784197113,4,"Source: Source-data -> LoadJSON, Parse, _stream_key_by_map_operator",2,numRecordsIn,5381.0
1784197113,4,"Source: Source-data -> LoadJSON, Parse, _stream_key_by_map_operator",2,numRecordsInPerSecond,0.0
1784197113,4,"Source: Source-data -> LoadJSON, Parse, _stream_key_by_map_operator",2,backPressuredTimeMsPerSecond,1000.0
1784197113,4,"Source: Source-data -> LoadJSON, Parse, _stream_key_by_map_operator",3,busyTimeMsPerSecond,0.0
1784197113,4,"Source: Source-data -> LoadJSON, Parse, _stream_key_by_map_operator",3,numRecordsOutPerSecond,0.0
1784197113,4,"Source: Source-data -> LoadJSON, Parse, _stream_key_by_map_operator",3,idleTimeMsPerSecond,0.0
1784197113,4,"Source: Source-data -> LoadJSON, Parse, _stream_key_by_map_operator",3,numRecordsOut,5536.0
1784197113,4,"Source: Source-data -> LoadJSON, Parse, _stream_key_by_map_operator",3,numRecordsIn,5536.0
1784197113,4,"Source: Source-data -> LoadJSON, Parse, _stream_key_by_map_operator",3,numRecordsInPerSecond,0.0
1784197113,4,"Source: Source-data -> LoadJSON, Parse, _stream_key_by_map_operator",3,backPressuredTimeMsPerSecond,1000.0
1784197113,4,"KEYED PROCESS, Parse->Train, _stream_key_by_map_operator",0,busyTimeMsPerSecond,328.0
1784197113,4,"KEYED PROCESS, Parse->Train, _stream_key_by_map_operator",0,numRecordsOutPerSecond,0.11666666666666667
1784197113,4,"KEYED PROCESS, Parse->Train, _stream_key_by_map_operator",0,idleTimeMsPerSecond,0.0
1784197113,4,"KEYED PROCESS, Parse->Train, _stream_key_by_map_operator",0,numRecordsOut,230.0
1784197113,4,"KEYED PROCESS, Parse->Train, _stream_key_by_map_operator",0,numRecordsIn,231.0
1784197113,4,"KEYED PROCESS, Parse->Train, _stream_key_by_map_operator",0,numRecordsInPerSecond,0.11666666666666667
1784197113,4,"KEYED PROCESS, Parse->Train, _stream_key_by_map_operator",0,backPressuredTimeMsPerSecond,672.0
1784197113,4,"KEYED PROCESS, Parse->Train, _stream_key_by_map_operator",1,busyTimeMsPerSecond,217.0
1784197113,4,"KEYED PROCESS, Parse->Train, _stream_key_by_map_operator",1,numRecordsOutPerSecond,0.08333333333333333
1784197113,4,"KEYED PROCESS, Parse->Train, _stream_key_by_map_operator",1,idleTimeMsPerSecond,0.0
1784197113,4,"KEYED PROCESS, Parse->Train, _stream_key_by_map_operator",1,numRecordsOut,137.0
1784197113,4,"KEYED PROCESS, Parse->Train, _stream_key_by_map_operator",1,numRecordsIn,138.0
1784197113,4,"KEYED PROCESS, Parse->Train, _stream_key_by_map_operator",1,numRecordsInPerSecond,0.08333333333333333
1784197113,4,"KEYED PROCESS, Parse->Train, _stream_key_by_map_operator",1,backPressuredTimeMsPerSecond,783.0
1784197113,4,"KEYED PROCESS, Parse->Train, _stream_key_by_map_operator",2,busyTimeMsPerSecond,112.0
1784197113,4,"KEYED PROCESS, Parse->Train, _stream_key_by_map_operator",2,numRecordsOutPerSecond,0.05
1784197113,4,"KEYED PROCESS, Parse->Train, _stream_key_by_map_operator",2,idleTimeMsPerSecond,0.0
1784197113,4,"KEYED PROCESS, Parse->Train, _stream_key_by_map_operator",2,numRecordsOut,204.0
1784197113,4,"KEYED PROCESS, Parse->Train, _stream_key_by_map_operator",2,numRecordsIn,205.0
1784197113,4,"KEYED PROCESS, Parse->Train, _stream_key_by_map_operator",2,numRecordsInPerSecond,0.05
1784197113,4,"KEYED PROCESS, Parse->Train, _stream_key_by_map_operator",2,backPressuredTimeMsPerSecond,888.0
1784197113,4,"KEYED PROCESS, Parse->Train, _stream_key_by_map_operator",3,busyTimeMsPerSecond,330.0
1784197113,4,"KEYED PROCESS, Parse->Train, _stream_key_by_map_operator",3,numRecordsOutPerSecond,0.1
1784197113,4,"KEYED PROCESS, Parse->Train, _stream_key_by_map_operator",3,idleTimeMsPerSecond,0.0
1784197113,4,"KEYED PROCESS, Parse->Train, _stream_key_by_map_operator",3,numRecordsOut,154.0
1784197113,4,"KEYED PROCESS, Parse->Train, _stream_key_by_map_operator",3,numRecordsIn,155.0
1784197113,4,"KEYED PROCESS, Parse->Train, _stream_key_by_map_operator",3,numRecordsInPerSecond,0.1
1784197113,4,"KEYED PROCESS, Parse->Train, _stream_key_by_map_operator",3,backPressuredTimeMsPerSecond,670.0
1784197113,4,"KEYED PROCESS, Train->Infer, _stream_key_by_map_operator",0,busyTimeMsPerSecond,584.0
1784197113,4,"KEYED PROCESS, Train->Infer, _stream_key_by_map_operator",0,numRecordsOutPerSecond,75.0
1784197113,4,"KEYED PROCESS, Train->Infer, _stream_key_by_map_operator",0,idleTimeMsPerSecond,0.0
1784197113,4,"KEYED PROCESS, Train->Infer, _stream_key_by_map_operator",0,numRecordsOut,74620.0
1784197113,4,"KEYED PROCESS, Train->Infer, _stream_key_by_map_operator",0,numRecordsIn,269.0
1784197113,4,"KEYED PROCESS, Train->Infer, _stream_key_by_map_operator",0,numRecordsInPerSecond,0.13333333333333333
1784197113,4,"KEYED PROCESS, Train->Infer, _stream_key_by_map_operator",0,backPressuredTimeMsPerSecond,416.0
1784197113,4,"KEYED PROCESS, Train->Infer, _stream_key_by_map_operator",1,busyTimeMsPerSecond,303.0
1784197113,4,"KEYED PROCESS, Train->Infer, _stream_key_by_map_operator",1,numRecordsOutPerSecond,33.333333333333336
1784197113,4,"KEYED PROCESS, Train->Infer, _stream_key_by_map_operator",1,idleTimeMsPerSecond,697.0
1784197113,4,"KEYED PROCESS, Train->Infer, _stream_key_by_map_operator",1,numRecordsOut,54515.0
1784197113,4,"KEYED PROCESS, Train->Infer, _stream_key_by_map_operator",1,numRecordsIn,124.0
1784197113,4,"KEYED PROCESS, Train->Infer, _stream_key_by_map_operator",1,numRecordsInPerSecond,0.06666666666666667
1784197113,4,"KEYED PROCESS, Train->Infer, _stream_key_by_map_operator",1,backPressuredTimeMsPerSecond,0.0
1784197113,4,"KEYED PROCESS, Train->Infer, _stream_key_by_map_operator",2,busyTimeMsPerSecond,241.0
1784197113,4,"KEYED PROCESS, Train->Infer, _stream_key_by_map_operator",2,numRecordsOutPerSecond,33.333333333333336
1784197113,4,"KEYED PROCESS, Train->Infer, _stream_key_by_map_operator",2,idleTimeMsPerSecond,759.0
1784197113,4,"KEYED PROCESS, Train->Infer, _stream_key_by_map_operator",2,numRecordsOut,56075.0
1784197113,4,"KEYED PROCESS, Train->Infer, _stream_key_by_map_operator",2,numRecordsIn,187.0
1784197113,4,"KEYED PROCESS, Train->Infer, _stream_key_by_map_operator",2,numRecordsInPerSecond,0.06666666666666667
1784197113,4,"KEYED PROCESS, Train->Infer, _stream_key_by_map_operator",2,backPressuredTimeMsPerSecond,0.0
1784197113,4,"KEYED PROCESS, Train->Infer, _stream_key_by_map_operator",3,busyTimeMsPerSecond,447.0
1784197113,4,"KEYED PROCESS, Train->Infer, _stream_key_by_map_operator",3,numRecordsOutPerSecond,41.666666666666664
1784197113,4,"KEYED PROCESS, Train->Infer, _stream_key_by_map_operator",3,idleTimeMsPerSecond,553.0
1784197113,4,"KEYED PROCESS, Train->Infer, _stream_key_by_map_operator",3,numRecordsOut,60530.0
1784197113,4,"KEYED PROCESS, Train->Infer, _stream_key_by_map_operator",3,numRecordsIn,152.0
1784197113,4,"KEYED PROCESS, Train->Infer, _stream_key_by_map_operator",3,numRecordsInPerSecond,0.1
1784197113,4,"KEYED PROCESS, Train->Infer, _stream_key_by_map_operator",3,backPressuredTimeMsPerSecond,0.0
1784197113,4,"Infer->Rank, Rank->Filter, Filter -> Sink: Writer -> Sink: Committer",0,busyTimeMsPerSecond,1000.0
1784197113,4,"Infer->Rank, Rank->Filter, Filter -> Sink: Writer -> Sink: Committer",0,numRecordsOutPerSecond,68.5
1784197113,4,"Infer->Rank, Rank->Filter, Filter -> Sink: Writer -> Sink: Committer",0,idleTimeMsPerSecond,0.0
1784197113,4,"Infer->Rank, Rank->Filter, Filter -> Sink: Writer -> Sink: Committer",0,numRecordsOut,63980.0
1784197113,4,"Infer->Rank, Rank->Filter, Filter -> Sink: Writer -> Sink: Committer",0,numRecordsIn,71114.0
1784197113,4,"Infer->Rank, Rank->Filter, Filter -> Sink: Writer -> Sink: Committer",0,numRecordsInPerSecond,68.4
1784197113,4,"Infer->Rank, Rank->Filter, Filter -> Sink: Writer -> Sink: Committer",0,backPressuredTimeMsPerSecond,0.0
1784197113,4,"Infer->Rank, Rank->Filter, Filter -> Sink: Writer -> Sink: Committer",1,busyTimeMsPerSecond,425.0
1784197113,4,"Infer->Rank, Rank->Filter, Filter -> Sink: Writer -> Sink: Committer",1,numRecordsOutPerSecond,18.0
1784197113,4,"Infer->Rank, Rank->Filter, Filter -> Sink: Writer -> Sink: Committer",1,idleTimeMsPerSecond,575.0
1784197113,4,"Infer->Rank, Rank->Filter, Filter -> Sink: Writer -> Sink: Committer",1,numRecordsOut,47500.0
1784197113,4,"Infer->Rank, Rank->Filter, Filter -> Sink: Writer -> Sink: Committer",1,numRecordsIn,53756.0
1784197113,4,"Infer->Rank, Rank->Filter, Filter -> Sink: Writer -> Sink: Committer",1,numRecordsInPerSecond,37.733333333333334
1784197113,4,"Infer->Rank, Rank->Filter, Filter -> Sink: Writer -> Sink: Committer",1,backPressuredTimeMsPerSecond,0.0
1784197113,4,"Infer->Rank, Rank->Filter, Filter -> Sink: Writer -> Sink: Committer",2,busyTimeMsPerSecond,299.0
1784197113,4,"Infer->Rank, Rank->Filter, Filter -> Sink: Writer -> Sink: Committer",2,numRecordsOutPerSecond,26.833333333333332
1784197113,4,"Infer->Rank, Rank->Filter, Filter -> Sink: Writer -> Sink: Committer",2,idleTimeMsPerSecond,701.0
1784197113,4,"Infer->Rank, Rank->Filter, Filter -> Sink: Writer -> Sink: Committer",2,numRecordsOut,52640.0
1784197113,4,"Infer->Rank, Rank->Filter, Filter -> Sink: Writer -> Sink: Committer",2,numRecordsIn,55724.0
1784197113,4,"Infer->Rank, Rank->Filter, Filter -> Sink: Writer -> Sink: Committer",2,numRecordsInPerSecond,26.85
1784197113,4,"Infer->Rank, Rank->Filter, Filter -> Sink: Writer -> Sink: Committer",2,backPressuredTimeMsPerSecond,0.0
1784197113,4,"Infer->Rank, Rank->Filter, Filter -> Sink: Writer -> Sink: Committer",3,busyTimeMsPerSecond,610.0
1784197113,4,"Infer->Rank, Rank->Filter, Filter -> Sink: Writer -> Sink: Committer",3,numRecordsOutPerSecond,47.333333333333336
1784197113,4,"Infer->Rank, Rank->Filter, Filter -> Sink: Writer -> Sink: Committer",3,idleTimeMsPerSecond,390.0
1784197113,4,"Infer->Rank, Rank->Filter, Filter -> Sink: Writer -> Sink: Committer",3,numRecordsOut,54100.0
1784197113,4,"Infer->Rank, Rank->Filter, Filter -> Sink: Writer -> Sink: Committer",3,numRecordsIn,60137.0
1784197113,4,"Infer->Rank, Rank->Filter, Filter -> Sink: Writer -> Sink: Committer",3,numRecordsInPerSecond,47.3
1784197113,4,"Infer->Rank, Rank->Filter, Filter -> Sink: Writer -> Sink: Committer",3,backPressuredTimeMsPerSecond,0.0
1784197128,4,"Source: Source-data -> LoadJSON, Parse, _stream_key_by_map_operator",0,busyTimeMsPerSecond,0.0
1784197128,4,"Source: Source-data -> LoadJSON, Parse, _stream_key_by_map_operator",0,numRecordsOutPerSecond,0.0
1784197128,4,"Source: Source-data -> LoadJSON, Parse, _stream_key_by_map_operator",0,idleTimeMsPerSecond,0.0
1784197128,4,"Source: Source-data -> LoadJSON, Parse, _stream_key_by_map_operator",0,numRecordsOut,5048.0
1784197128,4,"Source: Source-data -> LoadJSON, Parse, _stream_key_by_map_operator",0,numRecordsIn,5048.0
1784197128,4,"Source: Source-data -> LoadJSON, Parse, _stream_key_by_map_operator",0,numRecordsInPerSecond,0.0
1784197128,4,"Source: Source-data -> LoadJSON, Parse, _stream_key_by_map_operator",0,backPressuredTimeMsPerSecond,1000.0
1784197128,4,"Source: Source-data -> LoadJSON, Parse, _stream_key_by_map_operator",1,busyTimeMsPerSecond,0.0
1784197128,4,"Source: Source-data -> LoadJSON, Parse, _stream_key_by_map_operator",1,numRecordsOutPerSecond,0.0
1784197128,4,"Source: Source-data -> LoadJSON, Parse, _stream_key_by_map_operator",1,idleTimeMsPerSecond,0.0
1784197128,4,"Source: Source-data -> LoadJSON, Parse, _stream_key_by_map_operator",1,numRecordsOut,5537.0
1784197128,4,"Source: Source-data -> LoadJSON, Parse, _stream_key_by_map_operator",1,numRecordsIn,5537.0
1784197128,4,"Source: Source-data -> LoadJSON, Parse, _stream_key_by_map_operator",1,numRecordsInPerSecond,0.0
1784197128,4,"Source: Source-data -> LoadJSON, Parse, _stream_key_by_map_operator",1,backPressuredTimeMsPerSecond,1000.0
1784197128,4,"Source: Source-data -> LoadJSON, Parse, _stream_key_by_map_operator",2,busyTimeMsPerSecond,0.0
1784197128,4,"Source: Source-data -> LoadJSON, Parse, _stream_key_by_map_operator",2,numRecordsOutPerSecond,0.0
1784197128,4,"Source: Source-data -> LoadJSON, Parse, _stream_key_by_map_operator",2,idleTimeMsPerSecond,0.0
1784197128,4,"Source: Source-data -> LoadJSON, Parse, _stream_key_by_map_operator",2,numRecordsOut,5381.0
1784197128,4,"Source: Source-data -> LoadJSON, Parse, _stream_key_by_map_operator",2,numRecordsIn,5381.0
1784197128,4,"Source: Source-data -> LoadJSON, Parse, _stream_key_by_map_operator",2,numRecordsInPerSecond,0.0
1784197128,4,"Source: Source-data -> LoadJSON, Parse, _stream_key_by_map_operator",2,backPressuredTimeMsPerSecond,1000.0
1784197128,4,"Source: Source-data -> LoadJSON, Parse, _stream_key_by_map_operator",3,busyTimeMsPerSecond,0.0
1784197128,4,"Source: Source-data -> LoadJSON, Parse, _stream_key_by_map_operator",3,numRecordsOutPerSecond,0.0
1784197128,4,"Source: Source-data -> LoadJSON, Parse, _stream_key_by_map_operator",3,idleTimeMsPerSecond,0.0
1784197128,4,"Source: Source-data -> LoadJSON, Parse, _stream_key_by_map_operator",3,numRecordsOut,5536.0
1784197128,4,"Source: Source-data -> LoadJSON, Parse, _stream_key_by_map_operator",3,numRecordsIn,5536.0
1784197128,4,"Source: Source-data -> LoadJSON, Parse, _stream_key_by_map_operator",3,numRecordsInPerSecond,0.0
1784197128,4,"Source: Source-data -> LoadJSON, Parse, _stream_key_by_map_operator",3,backPressuredTimeMsPerSecond,1000.0
1784197128,4,"KEYED PROCESS, Parse->Train, _stream_key_by_map_operator",0,busyTimeMsPerSecond,276.0
1784197128,4,"KEYED PROCESS, Parse->Train, _stream_key_by_map_operator",0,numRecordsOutPerSecond,0.1
1784197128,4,"KEYED PROCESS, Parse->Train, _stream_key_by_map_operator",0,idleTimeMsPerSecond,0.0
1784197128,4,"KEYED PROCESS, Parse->Train, _stream_key_by_map_operator",0,numRecordsOut,232.0
1784197128,4,"KEYED PROCESS, Parse->Train, _stream_key_by_map_operator",0,numRecordsIn,233.0
1784197128,4,"KEYED PROCESS, Parse->Train, _stream_key_by_map_operator",0,numRecordsInPerSecond,0.1
1784197128,4,"KEYED PROCESS, Parse->Train, _stream_key_by_map_operator",0,backPressuredTimeMsPerSecond,724.0
1784197128,4,"KEYED PROCESS, Parse->Train, _stream_key_by_map_operator",1,busyTimeMsPerSecond,312.0
1784197128,4,"KEYED PROCESS, Parse->Train, _stream_key_by_map_operator",1,numRecordsOutPerSecond,0.11666666666666667
1784197128,4,"KEYED PROCESS, Parse->Train, _stream_key_by_map_operator",1,idleTimeMsPerSecond,0.0
1784197128,4,"KEYED PROCESS, Parse->Train, _stream_key_by_map_operator",1,numRecordsOut,141.0
1784197128,4,"KEYED PROCESS, Parse->Train, _stream_key_by_map_operator",1,numRecordsIn,142.0
1784197128,4,"KEYED PROCESS, Parse->Train, _stream_key_by_map_operator",1,numRecordsInPerSecond,0.11666666666666667
1784197128,4,"KEYED PROCESS, Parse->Train, _stream_key_by_map_operator",1,backPressuredTimeMsPerSecond,688.0
1784197128,4,"KEYED PROCESS, Parse->Train, _stream_key_by_map_operator",2,busyTimeMsPerSecond,120.0
1784197128,4,"KEYED PROCESS, Parse->Train, _stream_key_by_map_operator",2,numRecordsOutPerSecond,0.05
1784197128,4,"KEYED PROCESS, Parse->Train, _stream_key_by_map_operator",2,idleTimeMsPerSecond,0.0
1784197128,4,"KEYED PROCESS, Parse->Train, _stream_key_by_map_operator",2,numRecordsOut,206.0
1784197128,4,"KEYED PROCESS, Parse->Train, _stream_key_by_map_operator",2,numRecordsIn,207.0
1784197128,4,"KEYED PROCESS, Parse->Train, _stream_key_by_map_operator",2,numRecordsInPerSecond,0.05
1784197128,4,"KEYED PROCESS, Parse->Train, _stream_key_by_map_operator",2,backPressuredTimeMsPerSecond,880.0
1784197128,4,"KEYED PROCESS, Parse->Train, _stream_key_by_map_operator",3,busyTimeMsPerSecond,358.0
1784197128,4,"KEYED PROCESS, Parse->Train, _stream_key_by_map_operator",3,numRecordsOutPerSecond,0.11666666666666667
1784197128,4,"KEYED PROCESS, Parse->Train, _stream_key_by_map_operator",3,idleTimeMsPerSecond,0.0
1784197128,4,"KEYED PROCESS, Parse->Train, _stream_key_by_map_operator",3,numRecordsOut,157.0
1784197128,4,"KEYED PROCESS, Parse->Train, _stream_key_by_map_operator",3,numRecordsIn,158.0
1784197128,4,"KEYED PROCESS, Parse->Train, _stream_key_by_map_operator",3,numRecordsInPerSecond,0.11666666666666667
1784197128,4,"KEYED PROCESS, Parse->Train, _stream_key_by_map_operator",3,backPressuredTimeMsPerSecond,642.0
1784197128,4,"KEYED PROCESS, Train->Infer, _stream_key_by_map_operator",0,busyTimeMsPerSecond,584.0
1784197128,4,"KEYED PROCESS, Train->Infer, _stream_key_by_map_operator",0,numRecordsOutPerSecond,75.0
1784197128,4,"KEYED PROCESS, Train->Infer, _stream_key_by_map_operator",0,idleTimeMsPerSecond,0.0
1784197128,4,"KEYED PROCESS, Train->Infer, _stream_key_by_map_operator",0,numRecordsOut,74620.0
1784197128,4,"KEYED PROCESS, Train->Infer, _stream_key_by_map_operator",0,numRecordsIn,269.0
1784197128,4,"KEYED PROCESS, Train->Infer, _stream_key_by_map_operator",0,numRecordsInPerSecond,0.13333333333333333
1784197128,4,"KEYED PROCESS, Train->Infer, _stream_key_by_map_operator",0,backPressuredTimeMsPerSecond,416.0
1784197128,4,"KEYED PROCESS, Train->Infer, _stream_key_by_map_operator",1,busyTimeMsPerSecond,484.0
1784197128,4,"KEYED PROCESS, Train->Infer, _stream_key_by_map_operator",1,numRecordsOutPerSecond,41.666666666666664
1784197128,4,"KEYED PROCESS, Train->Infer, _stream_key_by_map_operator",1,idleTimeMsPerSecond,516.0
1784197128,4,"KEYED PROCESS, Train->Infer, _stream_key_by_map_operator",1,numRecordsOut,56015.0
1784197128,4,"KEYED PROCESS, Train->Infer, _stream_key_by_map_operator",1,numRecordsIn,127.0
1784197128,4,"KEYED PROCESS, Train->Infer, _stream_key_by_map_operator",1,numRecordsInPerSecond,0.1
1784197128,4,"KEYED PROCESS, Train->Infer, _stream_key_by_map_operator",1,backPressuredTimeMsPerSecond,0.0
1784197128,4,"KEYED PROCESS, Train->Infer, _stream_key_by_map_operator",2,busyTimeMsPerSecond,241.0
1784197128,4,"KEYED PROCESS, Train->Infer, _stream_key_by_map_operator",2,numRecordsOutPerSecond,33.333333333333336
1784197128,4,"KEYED PROCESS, Train->Infer, _stream_key_by_map_operator",2,idleTimeMsPerSecond,759.0
1784197128,4,"KEYED PROCESS, Train->Infer, _stream_key_by_map_operator",2,numRecordsOut,56075.0
1784197128,4,"KEYED PROCESS, Train->Infer, _stream_key_by_map_operator",2,numRecordsIn,187.0
1784197128,4,"KEYED PROCESS, Train->Infer, _stream_key_by_map_operator",2,numRecordsInPerSecond,0.06666666666666667
1784197128,4,"KEYED PROCESS, Train->Infer, _stream_key_by_map_operator",2,backPressuredTimeMsPerSecond,0.0
1784197128,4,"KEYED PROCESS, Train->Infer, _stream_key_by_map_operator",3,busyTimeMsPerSecond,633.0
1784197128,4,"KEYED PROCESS, Train->Infer, _stream_key_by_map_operator",3,numRecordsOutPerSecond,66.66666666666667
1784197128,4,"KEYED PROCESS, Train->Infer, _stream_key_by_map_operator",3,idleTimeMsPerSecond,367.0
1784197128,4,"KEYED PROCESS, Train->Infer, _stream_key_by_map_operator",3,numRecordsOut,62030.0
1784197128,4,"KEYED PROCESS, Train->Infer, _stream_key_by_map_operator",3,numRecordsIn,154.0
1784197128,4,"KEYED PROCESS, Train->Infer, _stream_key_by_map_operator",3,numRecordsInPerSecond,0.13333333333333333
1784197128,4,"KEYED PROCESS, Train->Infer, _stream_key_by_map_operator",3,backPressuredTimeMsPerSecond,0.0
1784197128,4,"Infer->Rank, Rank->Filter, Filter -> Sink: Writer -> Sink: Committer",0,busyTimeMsPerSecond,1000.0
1784197128,4,"Infer->Rank, Rank->Filter, Filter -> Sink: Writer -> Sink: Committer",0,numRecordsOutPerSecond,67.83333333333333
1784197128,4,"Infer->Rank, Rank->Filter, Filter -> Sink: Writer -> Sink: Committer",0,idleTimeMsPerSecond,0.0
1784197128,4,"Infer->Rank, Rank->Filter, Filter -> Sink: Writer -> Sink: Committer",0,numRecordsOut,65090.0
1784197128,4,"Infer->Rank, Rank->Filter, Filter -> Sink: Writer -> Sink: Committer",0,numRecordsIn,72227.0
1784197128,4,"Infer->Rank, Rank->Filter, Filter -> Sink: Writer -> Sink: Committer",0,numRecordsInPerSecond,67.96666666666667
1784197128,4,"Infer->Rank, Rank->Filter, Filter -> Sink: Writer -> Sink: Committer",0,backPressuredTimeMsPerSecond,0.0
1784197128,4,"Infer->Rank, Rank->Filter, Filter -> Sink: Writer -> Sink: Committer",1,busyTimeMsPerSecond,425.0
1784197128,4,"Infer->Rank, Rank->Filter, Filter -> Sink: Writer -> Sink: Committer",1,numRecordsOutPerSecond,15.5
1784197128,4,"Infer->Rank, Rank->Filter, Filter -> Sink: Writer -> Sink: Committer",1,idleTimeMsPerSecond,575.0
1784197128,4,"Infer->Rank, Rank->Filter, Filter -> Sink: Writer -> Sink: Committer",1,numRecordsOut,47990.0
1784197128,4,"Infer->Rank, Rank->Filter, Filter -> Sink: Writer -> Sink: Committer",1,numRecordsIn,54512.0
1784197128,4,"Infer->Rank, Rank->Filter, Filter -> Sink: Writer -> Sink: Committer",1,numRecordsInPerSecond,25.533333333333335
1784197128,4,"Infer->Rank, Rank->Filter, Filter -> Sink: Writer -> Sink: Committer",1,backPressuredTimeMsPerSecond,0.0
1784197128,4,"Infer->Rank, Rank->Filter, Filter -> Sink: Writer -> Sink: Committer",2,busyTimeMsPerSecond,349.0
1784197128,4,"Infer->Rank, Rank->Filter, Filter -> Sink: Writer -> Sink: Committer",2,numRecordsOutPerSecond,33.333333333333336
1784197128,4,"Infer->Rank, Rank->Filter, Filter -> Sink: Writer -> Sink: Committer",2,idleTimeMsPerSecond,651.0
1784197128,4,"Infer->Rank, Rank->Filter, Filter -> Sink: Writer -> Sink: Committer",2,numRecordsOut,53000.0
1784197128,4,"Infer->Rank, Rank->Filter, Filter -> Sink: Writer -> Sink: Committer",2,numRecordsIn,56075.0
1784197128,4,"Infer->Rank, Rank->Filter, Filter -> Sink: Writer -> Sink: Committer",2,numRecordsInPerSecond,33.333333333333336
1784197128,4,"Infer->Rank, Rank->Filter, Filter -> Sink: Writer -> Sink: Committer",2,backPressuredTimeMsPerSecond,0.0
1784197128,4,"Infer->Rank, Rank->Filter, Filter -> Sink: Writer -> Sink: Committer",3,busyTimeMsPerSecond,763.0
1784197128,4,"Infer->Rank, Rank->Filter, Filter -> Sink: Writer -> Sink: Committer",3,numRecordsOutPerSecond,50.0
1784197128,4,"Infer->Rank, Rank->Filter, Filter -> Sink: Writer -> Sink: Committer",3,idleTimeMsPerSecond,237.0
1784197128,4,"Infer->Rank, Rank->Filter, Filter -> Sink: Writer -> Sink: Committer",3,numRecordsOut,55000.0
1784197128,4,"Infer->Rank, Rank->Filter, Filter -> Sink: Writer -> Sink: Committer",3,numRecordsIn,61261.0
1784197128,4,"Infer->Rank, Rank->Filter, Filter -> Sink: Writer -> Sink: Committer",3,numRecordsInPerSecond,52.55
1784197128,4,"Infer->Rank, Rank->Filter, Filter -> Sink: Writer -> Sink: Committer",3,backPressuredTimeMsPerSecond,0.0
1784197143,4,"Source: Source-data -> LoadJSON, Parse, _stream_key_by_map_operator",0,busyTimeMsPerSecond,0.0
1784197143,4,"Source: Source-data -> LoadJSON, Parse, _stream_key_by_map_operator",0,numRecordsOutPerSecond,0.0
1784197143,4,"Source: Source-data -> LoadJSON, Parse, _stream_key_by_map_operator",0,idleTimeMsPerSecond,0.0
1784197143,4,"Source: Source-data -> LoadJSON, Parse, _stream_key_by_map_operator",0,numRecordsOut,5048.0
1784197143,4,"Source: Source-data -> LoadJSON, Parse, _stream_key_by_map_operator",0,numRecordsIn,5048.0
1784197143,4,"Source: Source-data -> LoadJSON, Parse, _stream_key_by_map_operator",0,numRecordsInPerSecond,0.0
1784197143,4,"Source: Source-data -> LoadJSON, Parse, _stream_key_by_map_operator",0,backPressuredTimeMsPerSecond,1000.0
1784197143,4,"Source: Source-data -> LoadJSON, Parse, _stream_key_by_map_operator",1,busyTimeMsPerSecond,0.0
1784197143,4,"Source: Source-data -> LoadJSON, Parse, _stream_key_by_map_operator",1,numRecordsOutPerSecond,0.0
1784197143,4,"Source: Source-data -> LoadJSON, Parse, _stream_key_by_map_operator",1,idleTimeMsPerSecond,0.0
1784197143,4,"Source: Source-data -> LoadJSON, Parse, _stream_key_by_map_operator",1,numRecordsOut,5537.0
1784197143,4,"Source: Source-data -> LoadJSON, Parse, _stream_key_by_map_operator",1,numRecordsIn,5537.0
1784197143,4,"Source: Source-data -> LoadJSON, Parse, _stream_key_by_map_operator",1,numRecordsInPerSecond,0.0
1784197143,4,"Source: Source-data -> LoadJSON, Parse, _stream_key_by_map_operator",1,backPressuredTimeMsPerSecond,1000.0
1784197143,4,"Source: Source-data -> LoadJSON, Parse, _stream_key_by_map_operator",2,busyTimeMsPerSecond,0.0
1784197143,4,"Source: Source-data -> LoadJSON, Parse, _stream_key_by_map_operator",2,numRecordsOutPerSecond,0.0
1784197143,4,"Source: Source-data -> LoadJSON, Parse, _stream_key_by_map_operator",2,idleTimeMsPerSecond,0.0
1784197143,4,"Source: Source-data -> LoadJSON, Parse, _stream_key_by_map_operator",2,numRecordsOut,5381.0
1784197143,4,"Source: Source-data -> LoadJSON, Parse, _stream_key_by_map_operator",2,numRecordsIn,5381.0
1784197143,4,"Source: Source-data -> LoadJSON, Parse, _stream_key_by_map_operator",2,numRecordsInPerSecond,0.0
1784197143,4,"Source: Source-data -> LoadJSON, Parse, _stream_key_by_map_operator",2,backPressuredTimeMsPerSecond,1000.0
1784197143,4,"Source: Source-data -> LoadJSON, Parse, _stream_key_by_map_operator",3,busyTimeMsPerSecond,0.0
1784197143,4,"Source: Source-data -> LoadJSON, Parse, _stream_key_by_map_operator",3,numRecordsOutPerSecond,0.0
1784197143,4,"Source: Source-data -> LoadJSON, Parse, _stream_key_by_map_operator",3,idleTimeMsPerSecond,0.0
1784197143,4,"Source: Source-data -> LoadJSON, Parse, _stream_key_by_map_operator",3,numRecordsOut,5536.0
1784197143,4,"Source: Source-data -> LoadJSON, Parse, _stream_key_by_map_operator",3,numRecordsIn,5536.0
1784197143,4,"Source: Source-data -> LoadJSON, Parse, _stream_key_by_map_operator",3,numRecordsInPerSecond,0.0
1784197143,4,"Source: Source-data -> LoadJSON, Parse, _stream_key_by_map_operator",3,backPressuredTimeMsPerSecond,1000.0
1784197143,4,"KEYED PROCESS, Parse->Train, _stream_key_by_map_operator",0,busyTimeMsPerSecond,292.0
1784197143,4,"KEYED PROCESS, Parse->Train, _stream_key_by_map_operator",0,numRecordsOutPerSecond,0.1
1784197143,4,"KEYED PROCESS, Parse->Train, _stream_key_by_map_operator",0,idleTimeMsPerSecond,0.0
1784197143,4,"KEYED PROCESS, Parse->Train, _stream_key_by_map_operator",0,numRecordsOut,233.0
1784197143,4,"KEYED PROCESS, Parse->Train, _stream_key_by_map_operator",0,numRecordsIn,234.0
1784197143,4,"KEYED PROCESS, Parse->Train, _stream_key_by_map_operator",0,numRecordsInPerSecond,0.1
1784197143,4,"KEYED PROCESS, Parse->Train, _stream_key_by_map_operator",0,backPressuredTimeMsPerSecond,708.0
1784197143,4,"KEYED PROCESS, Parse->Train, _stream_key_by_map_operator",1,busyTimeMsPerSecond,398.0
1784197143,4,"KEYED PROCESS, Parse->Train, _stream_key_by_map_operator",1,numRecordsOutPerSecond,0.15
1784197143,4,"KEYED PROCESS, Parse->Train, _stream_key_by_map_operator",1,idleTimeMsPerSecond,0.0
1784197143,4,"KEYED PROCESS, Parse->Train, _stream_key_by_map_operator",1,numRecordsOut,142.0
1784197143,4,"KEYED PROCESS, Parse->Train, _stream_key_by_map_operator",1,numRecordsIn,143.0
1784197143,4,"KEYED PROCESS, Parse->Train, _stream_key_by_map_operator",1,numRecordsInPerSecond,0.15
1784197143,4,"KEYED PROCESS, Parse->Train, _stream_key_by_map_operator",1,backPressuredTimeMsPerSecond,602.0
1784197143,4,"KEYED PROCESS, Parse->Train, _stream_key_by_map_operator",2,busyTimeMsPerSecond,166.0
1784197143,4,"KEYED PROCESS, Parse->Train, _stream_key_by_map_operator",2,numRecordsOutPerSecond,0.06666666666666667
1784197143,4,"KEYED PROCESS, Parse->Train, _stream_key_by_map_operator",2,idleTimeMsPerSecond,0.0
1784197143,4,"KEYED PROCESS, Parse->Train, _stream_key_by_map_operator",2,numRecordsOut,207.0
1784197143,4,"KEYED PROCESS, Parse->Train, _stream_key_by_map_operator",2,numRecordsIn,208.0
1784197143,4,"KEYED PROCESS, Parse->Train, _stream_key_by_map_operator",2,numRecordsInPerSecond,0.06666666666666667
1784197143,4,"KEYED PROCESS, Parse->Train, _stream_key_by_map_operator",2,backPressuredTimeMsPerSecond,834.0
1784197143,4,"KEYED PROCESS, Parse->Train, _stream_key_by_map_operator",3,busyTimeMsPerSecond,401.0
1784197143,4,"KEYED PROCESS, Parse->Train, _stream_key_by_map_operator",3,numRecordsOutPerSecond,0.13333333333333333
1784197143,4,"KEYED PROCESS, Parse->Train, _stream_key_by_map_operator",3,idleTimeMsPerSecond,0.0
1784197143,4,"KEYED PROCESS, Parse->Train, _stream_key_by_map_operator",3,numRecordsOut,158.0
1784197143,4,"KEYED PROCESS, Parse->Train, _stream_key_by_map_operator",3,numRecordsIn,159.0
1784197143,4,"KEYED PROCESS, Parse->Train, _stream_key_by_map_operator",3,numRecordsInPerSecond,0.13333333333333333
1784197143,4,"KEYED PROCESS, Parse->Train, _stream_key_by_map_operator",3,backPressuredTimeMsPerSecond,599.0
1784197143,4,"KEYED PROCESS, Train->Infer, _stream_key_by_map_operator",0,busyTimeMsPerSecond,586.0
1784197143,4,"KEYED PROCESS, Train->Infer, _stream_key_by_map_operator",0,numRecordsOutPerSecond,66.66666666666667
1784197143,4,"KEYED PROCESS, Train->Infer, _stream_key_by_map_operator",0,idleTimeMsPerSecond,0.0
1784197143,4,"KEYED PROCESS, Train->Infer, _stream_key_by_map_operator",0,numRecordsOut,75120.0
1784197143,4,"KEYED PROCESS, Train->Infer, _stream_key_by_map_operator",0,numRecordsIn,271.0
1784197143,4,"KEYED PROCESS, Train->Infer, _stream_key_by_map_operator",0,numRecordsInPerSecond,0.13333333333333333
1784197143,4,"KEYED PROCESS, Train->Infer, _stream_key_by_map_operator",0,backPressuredTimeMsPerSecond,414.0
1784197143,4,"KEYED PROCESS, Train->Infer, _stream_key_by_map_operator",1,busyTimeMsPerSecond,484.0
1784197143,4,"KEYED PROCESS, Train->Infer, _stream_key_by_map_operator",1,numRecordsOutPerSecond,41.666666666666664
1784197143,4,"KEYED PROCESS, Train->Infer, _stream_key_by_map_operator",1,idleTimeMsPerSecond,516.0
1784197143,4,"KEYED PROCESS, Train->Infer, _stream_key_by_map_operator",1,numRecordsOut,56015.0
1784197143,4,"KEYED PROCESS, Train->Infer, _stream_key_by_map_operator",1,numRecordsIn,127.0
1784197143,4,"KEYED PROCESS, Train->Infer, _stream_key_by_map_operator",1,numRecordsInPerSecond,0.1
1784197143,4,"KEYED PROCESS, Train->Infer, _stream_key_by_map_operator",1,backPressuredTimeMsPerSecond,0.0
1784197143,4,"KEYED PROCESS, Train->Infer, _stream_key_by_map_operator",2,busyTimeMsPerSecond,241.0
1784197143,4,"KEYED PROCESS, Train->Infer, _stream_key_by_map_operator",2,numRecordsOutPerSecond,33.333333333333336
1784197143,4,"KEYED PROCESS, Train->Infer, _stream_key_by_map_operator",2,idleTimeMsPerSecond,759.0
1784197143,4,"KEYED PROCESS, Train->Infer, _stream_key_by_map_operator",2,numRecordsOut,56075.0
1784197143,4,"KEYED PROCESS, Train->Infer, _stream_key_by_map_operator",2,numRecordsIn,187.0
1784197143,4,"KEYED PROCESS, Train->Infer, _stream_key_by_map_operator",2,numRecordsInPerSecond,0.06666666666666667
1784197143,4,"KEYED PROCESS, Train->Infer, _stream_key_by_map_operator",2,backPressuredTimeMsPerSecond,0.0
1784197143,4,"KEYED PROCESS, Train->Infer, _stream_key_by_map_operator",3,busyTimeMsPerSecond,633.0
1784197143,4,"KEYED PROCESS, Train->Infer, _stream_key_by_map_operator",3,numRecordsOutPerSecond,66.66666666666667
1784197143,4,"KEYED PROCESS, Train->Infer, _stream_key_by_map_operator",3,idleTimeMsPerSecond,367.0
1784197143,4,"KEYED PROCESS, Train->Infer, _stream_key_by_map_operator",3,numRecordsOut,62030.0
1784197143,4,"KEYED PROCESS, Train->Infer, _stream_key_by_map_operator",3,numRecordsIn,154.0
1784197143,4,"KEYED PROCESS, Train->Infer, _stream_key_by_map_operator",3,numRecordsInPerSecond,0.13333333333333333
1784197143,4,"KEYED PROCESS, Train->Infer, _stream_key_by_map_operator",3,backPressuredTimeMsPerSecond,0.0
1784197143,4,"Infer->Rank, Rank->Filter, Filter -> Sink: Writer -> Sink: Committer",0,busyTimeMsPerSecond,1000.0
1784197143,4,"Infer->Rank, Rank->Filter, Filter -> Sink: Writer -> Sink: Committer",0,numRecordsOutPerSecond,66.5
1784197143,4,"Infer->Rank, Rank->Filter, Filter -> Sink: Writer -> Sink: Committer",0,idleTimeMsPerSecond,0.0
1784197143,4,"Infer->Rank, Rank->Filter, Filter -> Sink: Writer -> Sink: Committer",0,numRecordsOut,65990.0
1784197143,4,"Infer->Rank, Rank->Filter, Filter -> Sink: Writer -> Sink: Committer",0,numRecordsIn,73185.0
1784197143,4,"Infer->Rank, Rank->Filter, Filter -> Sink: Writer -> Sink: Committer",0,numRecordsInPerSecond,67.45
1784197143,4,"Infer->Rank, Rank->Filter, Filter -> Sink: Writer -> Sink: Committer",0,backPressuredTimeMsPerSecond,0.0
1784197143,4,"Infer->Rank, Rank->Filter, Filter -> Sink: Writer -> Sink: Committer",1,busyTimeMsPerSecond,643.0
1784197143,4,"Infer->Rank, Rank->Filter, Filter -> Sink: Writer -> Sink: Committer",1,numRecordsOutPerSecond,27.833333333333332
1784197143,4,"Infer->Rank, Rank->Filter, Filter -> Sink: Writer -> Sink: Committer",1,idleTimeMsPerSecond,357.0
1784197143,4,"Infer->Rank, Rank->Filter, Filter -> Sink: Writer -> Sink: Committer",1,numRecordsOut,48750.0
1784197143,4,"Infer->Rank, Rank->Filter, Filter -> Sink: Writer -> Sink: Committer",1,numRecordsIn,55274.0
1784197143,4,"Infer->Rank, Rank->Filter, Filter -> Sink: Writer -> Sink: Committer",1,numRecordsInPerSecond,36.11666666666667
1784197143,4,"Infer->Rank, Rank->Filter, Filter -> Sink: Writer -> Sink: Committer",1,backPressuredTimeMsPerSecond,0.0
1784197143,4,"Infer->Rank, Rank->Filter, Filter -> Sink: Writer -> Sink: Committer",2,busyTimeMsPerSecond,323.0
1784197143,4,"Infer->Rank, Rank->Filter, Filter -> Sink: Writer -> Sink: Committer",2,numRecordsOutPerSecond,29.833333333333332
1784197143,4,"Infer->Rank, Rank->Filter, Filter -> Sink: Writer -> Sink: Committer",2,idleTimeMsPerSecond,677.0
1784197143,4,"Infer->Rank, Rank->Filter, Filter -> Sink: Writer -> Sink: Committer",2,numRecordsOut,53230.0
1784197143,4,"Infer->Rank, Rank->Filter, Filter -> Sink: Writer -> Sink: Committer",2,numRecordsIn,56314.0
1784197143,4,"Infer->Rank, Rank->Filter, Filter -> Sink: Writer -> Sink: Committer",2,numRecordsInPerSecond,29.816666666666666
1784197143,4,"Infer->Rank, Rank->Filter, Filter -> Sink: Writer -> Sink: Committer",2,backPressuredTimeMsPerSecond,0.0
1784197143,4,"Infer->Rank, Rank->Filter, Filter -> Sink: Writer -> Sink: Committer",3,busyTimeMsPerSecond,917.0
1784197143,4,"Infer->Rank, Rank->Filter, Filter -> Sink: Writer -> Sink: Committer",3,numRecordsOutPerSecond,53.666666666666664
1784197143,4,"Infer->Rank, Rank->Filter, Filter -> Sink: Writer -> Sink: Committer",3,idleTimeMsPerSecond,83.0
1784197143,4,"Infer->Rank, Rank->Filter, Filter -> Sink: Writer -> Sink: Committer",3,numRecordsOut,55450.0
1784197143,4,"Infer->Rank, Rank->Filter, Filter -> Sink: Writer -> Sink: Committer",3,numRecordsIn,61986.0
1784197143,4,"Infer->Rank, Rank->Filter, Filter -> Sink: Writer -> Sink: Committer",3,numRecordsInPerSecond,61.916666666666664
1784197143,4,"Infer->Rank, Rank->Filter, Filter -> Sink: Writer -> Sink: Committer",3,backPressuredTimeMsPerSecond,0.0
1784197158,4,"Source: Source-data -> LoadJSON, Parse, _stream_key_by_map_operator",0,busyTimeMsPerSecond,0.0
1784197158,4,"Source: Source-data -> LoadJSON, Parse, _stream_key_by_map_operator",0,numRecordsOutPerSecond,0.0
1784197158,4,"Source: Source-data -> LoadJSON, Parse, _stream_key_by_map_operator",0,idleTimeMsPerSecond,0.0
1784197158,4,"Source: Source-data -> LoadJSON, Parse, _stream_key_by_map_operator",0,numRecordsOut,5048.0
1784197158,4,"Source: Source-data -> LoadJSON, Parse, _stream_key_by_map_operator",0,numRecordsIn,5048.0
1784197158,4,"Source: Source-data -> LoadJSON, Parse, _stream_key_by_map_operator",0,numRecordsInPerSecond,0.0
1784197158,4,"Source: Source-data -> LoadJSON, Parse, _stream_key_by_map_operator",0,backPressuredTimeMsPerSecond,1000.0
1784197158,4,"Source: Source-data -> LoadJSON, Parse, _stream_key_by_map_operator",1,busyTimeMsPerSecond,0.0
1784197158,4,"Source: Source-data -> LoadJSON, Parse, _stream_key_by_map_operator",1,numRecordsOutPerSecond,0.0
1784197158,4,"Source: Source-data -> LoadJSON, Parse, _stream_key_by_map_operator",1,idleTimeMsPerSecond,0.0
1784197158,4,"Source: Source-data -> LoadJSON, Parse, _stream_key_by_map_operator",1,numRecordsOut,5537.0
1784197158,4,"Source: Source-data -> LoadJSON, Parse, _stream_key_by_map_operator",1,numRecordsIn,5537.0
1784197158,4,"Source: Source-data -> LoadJSON, Parse, _stream_key_by_map_operator",1,numRecordsInPerSecond,0.0
1784197158,4,"Source: Source-data -> LoadJSON, Parse, _stream_key_by_map_operator",1,backPressuredTimeMsPerSecond,1000.0
1784197158,4,"Source: Source-data -> LoadJSON, Parse, _stream_key_by_map_operator",2,busyTimeMsPerSecond,0.0
1784197158,4,"Source: Source-data -> LoadJSON, Parse, _stream_key_by_map_operator",2,numRecordsOutPerSecond,0.0
1784197158,4,"Source: Source-data -> LoadJSON, Parse, _stream_key_by_map_operator",2,idleTimeMsPerSecond,0.0
1784197158,4,"Source: Source-data -> LoadJSON, Parse, _stream_key_by_map_operator",2,numRecordsOut,5381.0
1784197158,4,"Source: Source-data -> LoadJSON, Parse, _stream_key_by_map_operator",2,numRecordsIn,5381.0
1784197158,4,"Source: Source-data -> LoadJSON, Parse, _stream_key_by_map_operator",2,numRecordsInPerSecond,0.0
1784197158,4,"Source: Source-data -> LoadJSON, Parse, _stream_key_by_map_operator",2,backPressuredTimeMsPerSecond,1000.0
1784197158,4,"Source: Source-data -> LoadJSON, Parse, _stream_key_by_map_operator",3,busyTimeMsPerSecond,0.0
1784197158,4,"Source: Source-data -> LoadJSON, Parse, _stream_key_by_map_operator",3,numRecordsOutPerSecond,0.0
1784197158,4,"Source: Source-data -> LoadJSON, Parse, _stream_key_by_map_operator",3,idleTimeMsPerSecond,0.0
1784197158,4,"Source: Source-data -> LoadJSON, Parse, _stream_key_by_map_operator",3,numRecordsOut,5536.0
1784197158,4,"Source: Source-data -> LoadJSON, Parse, _stream_key_by_map_operator",3,numRecordsIn,5536.0
1784197158,4,"Source: Source-data -> LoadJSON, Parse, _stream_key_by_map_operator",3,numRecordsInPerSecond,0.0
1784197158,4,"Source: Source-data -> LoadJSON, Parse, _stream_key_by_map_operator",3,backPressuredTimeMsPerSecond,1000.0
1784197158,4,"KEYED PROCESS, Parse->Train, _stream_key_by_map_operator",0,busyTimeMsPerSecond,293.0
1784197158,4,"KEYED PROCESS, Parse->Train, _stream_key_by_map_operator",0,numRecordsOutPerSecond,0.08333333333333333
1784197158,4,"KEYED PROCESS, Parse->Train, _stream_key_by_map_operator",0,idleTimeMsPerSecond,0.0
1784197158,4,"KEYED PROCESS, Parse->Train, _stream_key_by_map_operator",0,numRecordsOut,235.0
1784197158,4,"KEYED PROCESS, Parse->Train, _stream_key_by_map_operator",0,numRecordsIn,236.0
1784197158,4,"KEYED PROCESS, Parse->Train, _stream_key_by_map_operator",0,numRecordsInPerSecond,0.08333333333333333
1784197158,4,"KEYED PROCESS, Parse->Train, _stream_key_by_map_operator",0,backPressuredTimeMsPerSecond,707.0
1784197158,4,"KEYED PROCESS, Parse->Train, _stream_key_by_map_operator",1,busyTimeMsPerSecond,300.0
1784197158,4,"KEYED PROCESS, Parse->Train, _stream_key_by_map_operator",1,numRecordsOutPerSecond,0.11666666666666667
1784197158,4,"KEYED PROCESS, Parse->Train, _stream_key_by_map_operator",1,idleTimeMsPerSecond,0.0
1784197158,4,"KEYED PROCESS, Parse->Train, _stream_key_by_map_operator",1,numRecordsOut,144.0
1784197158,4,"KEYED PROCESS, Parse->Train, _stream_key_by_map_operator",1,numRecordsIn,145.0
1784197158,4,"KEYED PROCESS, Parse->Train, _stream_key_by_map_operator",1,numRecordsInPerSecond,0.11666666666666667
1784197158,4,"KEYED PROCESS, Parse->Train, _stream_key_by_map_operator",1,backPressuredTimeMsPerSecond,700.0
1784197158,4,"KEYED PROCESS, Parse->Train, _stream_key_by_map_operator",2,busyTimeMsPerSecond,300.0
1784197158,4,"KEYED PROCESS, Parse->Train, _stream_key_by_map_operator",2,numRecordsOutPerSecond,0.1
1784197158,4,"KEYED PROCESS, Parse->Train, _stream_key_by_map_operator",2,idleTimeMsPerSecond,0.0
1784197158,4,"KEYED PROCESS, Parse->Train, _stream_key_by_map_operator",2,numRecordsOut,210.0
1784197158,4,"KEYED PROCESS, Parse->Train, _stream_key_by_map_operator",2,numRecordsIn,211.0
1784197158,4,"KEYED PROCESS, Parse->Train, _stream_key_by_map_operator",2,numRecordsInPerSecond,0.1
1784197158,4,"KEYED PROCESS, Parse->Train, _stream_key_by_map_operator",2,backPressuredTimeMsPerSecond,700.0
1784197158,4,"KEYED PROCESS, Parse->Train, _stream_key_by_map_operator",3,busyTimeMsPerSecond,344.0
1784197158,4,"KEYED PROCESS, Parse->Train, _stream_key_by_map_operator",3,numRecordsOutPerSecond,0.11666666666666667
1784197158,4,"KEYED PROCESS, Parse->Train, _stream_key_by_map_operator",3,idleTimeMsPerSecond,0.0
1784197158,4,"KEYED PROCESS, Parse->Train, _stream_key_by_map_operator",3,numRecordsOut,161.0
1784197158,4,"KEYED PROCESS, Parse->Train, _stream_key_by_map_operator",3,numRecordsIn,162.0
1784197158,4,"KEYED PROCESS, Parse->Train, _stream_key_by_map_operator",3,numRecordsInPerSecond,0.11666666666666667
1784197158,4,"KEYED PROCESS, Parse->Train, _stream_key_by_map_operator",3,backPressuredTimeMsPerSecond,656.0
1784197158,4,"KEYED PROCESS, Train->Infer, _stream_key_by_map_operator",0,busyTimeMsPerSecond,558.0
1784197158,4,"KEYED PROCESS, Train->Infer, _stream_key_by_map_operator",0,numRecordsOutPerSecond,58.333333333333336
1784197158,4,"KEYED PROCESS, Train->Infer, _stream_key_by_map_operator",0,idleTimeMsPerSecond,0.0
1784197158,4,"KEYED PROCESS, Train->Infer, _stream_key_by_map_operator",0,numRecordsOut,77120.0
1784197158,4,"KEYED PROCESS, Train->Infer, _stream_key_by_map_operator",0,numRecordsIn,274.0
1784197158,4,"KEYED PROCESS, Train->Infer, _stream_key_by_map_operator",0,numRecordsInPerSecond,0.11666666666666667
1784197158,4,"KEYED PROCESS, Train->Infer, _stream_key_by_map_operator",0,backPressuredTimeMsPerSecond,442.0
1784197158,4,"KEYED PROCESS, Train->Infer, _stream_key_by_map_operator",1,busyTimeMsPerSecond,851.0
1784197158,4,"KEYED PROCESS, Train->Infer, _stream_key_by_map_operator",1,numRecordsOutPerSecond,91.66666666666667
1784197158,4,"KEYED PROCESS, Train->Infer, _stream_key_by_map_operator",1,idleTimeMsPerSecond,149.0
1784197158,4,"KEYED PROCESS, Train->Infer, _stream_key_by_map_operator",1,numRecordsOut,59015.0
1784197158,4,"KEYED PROCESS, Train->Infer, _stream_key_by_map_operator",1,numRecordsIn,133.0
1784197158,4,"KEYED PROCESS, Train->Infer, _stream_key_by_map_operator",1,numRecordsInPerSecond,0.18333333333333332
1784197158,4,"KEYED PROCESS, Train->Infer, _stream_key_by_map_operator",1,backPressuredTimeMsPerSecond,0.0
1784197158,4,"KEYED PROCESS, Train->Infer, _stream_key_by_map_operator",2,busyTimeMsPerSecond,315.0
1784197158,4,"KEYED PROCESS, Train->Infer, _stream_key_by_map_operator",2,numRecordsOutPerSecond,33.333333333333336
1784197158,4,"KEYED PROCESS, Train->Infer, _stream_key_by_map_operator",2,idleTimeMsPerSecond,685.0
1784197158,4,"KEYED PROCESS, Train->Infer, _stream_key_by_map_operator",2,numRecordsOut,57575.0
1784197158,4,"KEYED PROCESS, Train->Infer, _stream_key_by_map_operator",2,numRecordsIn,190.0
1784197158,4,"KEYED PROCESS, Train->Infer, _stream_key_by_map_operator",2,numRecordsInPerSecond,0.06666666666666667
1784197158,4,"KEYED PROCESS, Train->Infer, _stream_key_by_map_operator",2,backPressuredTimeMsPerSecond,0.0
1784197158,4,"KEYED PROCESS, Train->Infer, _stream_key_by_map_operator",3,busyTimeMsPerSecond,709.0
1784197158,4,"KEYED PROCESS, Train->Infer, _stream_key_by_map_operator",3,numRecordsOutPerSecond,66.66666666666667
1784197158,4,"KEYED PROCESS, Train->Infer, _stream_key_by_map_operator",3,idleTimeMsPerSecond,291.0
1784197158,4,"KEYED PROCESS, Train->Infer, _stream_key_by_map_operator",3,numRecordsOut,64030.0
1784197158,4,"KEYED PROCESS, Train->Infer, _stream_key_by_map_operator",3,numRecordsIn,159.0
1784197158,4,"KEYED PROCESS, Train->Infer, _stream_key_by_map_operator",3,numRecordsInPerSecond,0.15
1784197158,4,"KEYED PROCESS, Train->Infer, _stream_key_by_map_operator",3,backPressuredTimeMsPerSecond,0.0
1784197158,4,"Infer->Rank, Rank->Filter, Filter -> Sink: Writer -> Sink: Committer",0,busyTimeMsPerSecond,1000.0
1784197158,4,"Infer->Rank, Rank->Filter, Filter -> Sink: Writer -> Sink: Committer",0,numRecordsOutPerSecond,56.666666666666664
1784197158,4,"Infer->Rank, Rank->Filter, Filter -> Sink: Writer -> Sink: Committer",0,idleTimeMsPerSecond,0.0
1784197158,4,"Infer->Rank, Rank->Filter, Filter -> Sink: Writer -> Sink: Committer",0,numRecordsOut,66490.0
1784197158,4,"Infer->Rank, Rank->Filter, Filter -> Sink: Writer -> Sink: Committer",0,numRecordsIn,74126.0
1784197158,4,"Infer->Rank, Rank->Filter, Filter -> Sink: Writer -> Sink: Committer",0,numRecordsInPerSecond,64.95
1784197158,4,"Infer->Rank, Rank->Filter, Filter -> Sink: Writer -> Sink: Committer",0,backPressuredTimeMsPerSecond,0.0
1784197158,4,"Infer->Rank, Rank->Filter, Filter -> Sink: Writer -> Sink: Committer",1,busyTimeMsPerSecond,830.0
1784197158,4,"Infer->Rank, Rank->Filter, Filter -> Sink: Writer -> Sink: Committer",1,numRecordsOutPerSecond,33.333333333333336
1784197158,4,"Infer->Rank, Rank->Filter, Filter -> Sink: Writer -> Sink: Committer",1,idleTimeMsPerSecond,170.0
1784197158,4,"Infer->Rank, Rank->Filter, Filter -> Sink: Writer -> Sink: Committer",1,numRecordsOut,49500.0
1784197158,4,"Infer->Rank, Rank->Filter, Filter -> Sink: Writer -> Sink: Committer",1,numRecordsIn,56152.0
1784197158,4,"Infer->Rank, Rank->Filter, Filter -> Sink: Writer -> Sink: Committer",1,numRecordsInPerSecond,42.71666666666667
1784197158,4,"Infer->Rank, Rank->Filter, Filter -> Sink: Writer -> Sink: Committer",1,backPressuredTimeMsPerSecond,0.0
1784197158,4,"Infer->Rank, Rank->Filter, Filter -> Sink: Writer -> Sink: Committer",2,busyTimeMsPerSecond,428.0
1784197158,4,"Infer->Rank, Rank->Filter, Filter -> Sink: Writer -> Sink: Committer",2,numRecordsOutPerSecond,31.0
1784197158,4,"Infer->Rank, Rank->Filter, Filter -> Sink: Writer -> Sink: Committer",2,idleTimeMsPerSecond,572.0
1784197158,4,"Infer->Rank, Rank->Filter, Filter -> Sink: Writer -> Sink: Committer",2,numRecordsOut,54430.0
1784197158,4,"Infer->Rank, Rank->Filter, Filter -> Sink: Writer -> Sink: Committer",2,numRecordsIn,57506.0
1784197158,4,"Infer->Rank, Rank->Filter, Filter -> Sink: Writer -> Sink: Committer",2,numRecordsInPerSecond,31.066666666666666
1784197158,4,"Infer->Rank, Rank->Filter, Filter -> Sink: Writer -> Sink: Committer",2,backPressuredTimeMsPerSecond,0.0
1784197158,4,"Infer->Rank, Rank->Filter, Filter -> Sink: Writer -> Sink: Committer",3,busyTimeMsPerSecond,917.0
1784197158,4,"Infer->Rank, Rank->Filter, Filter -> Sink: Writer -> Sink: Committer",3,numRecordsOutPerSecond,43.333333333333336
1784197158,4,"Infer->Rank, Rank->Filter, Filter -> Sink: Writer -> Sink: Committer",3,idleTimeMsPerSecond,83.0
1784197158,4,"Infer->Rank, Rank->Filter, Filter -> Sink: Writer -> Sink: Committer",3,numRecordsOut,56020.0
1784197158,4,"Infer->Rank, Rank->Filter, Filter -> Sink: Writer -> Sink: Committer",3,numRecordsIn,62560.0
1784197158,4,"Infer->Rank, Rank->Filter, Filter -> Sink: Writer -> Sink: Committer",3,numRecordsInPerSecond,51.7
1784197158,4,"Infer->Rank, Rank->Filter, Filter -> Sink: Writer -> Sink: Committer",3,backPressuredTimeMsPerSecond,0.0
1784197173,4,"Source: Source-data -> LoadJSON, Parse, _stream_key_by_map_operator",0,busyTimeMsPerSecond,0.0
1784197173,4,"Source: Source-data -> LoadJSON, Parse, _stream_key_by_map_operator",0,numRecordsOutPerSecond,0.0
1784197173,4,"Source: Source-data -> LoadJSON, Parse, _stream_key_by_map_operator",0,idleTimeMsPerSecond,0.0
1784197173,4,"Source: Source-data -> LoadJSON, Parse, _stream_key_by_map_operator",0,numRecordsOut,5048.0
1784197173,4,"Source: Source-data -> LoadJSON, Parse, _stream_key_by_map_operator",0,numRecordsIn,5048.0
1784197173,4,"Source: Source-data -> LoadJSON, Parse, _stream_key_by_map_operator",0,numRecordsInPerSecond,0.0
1784197173,4,"Source: Source-data -> LoadJSON, Parse, _stream_key_by_map_operator",0,backPressuredTimeMsPerSecond,1000.0
1784197173,4,"Source: Source-data -> LoadJSON, Parse, _stream_key_by_map_operator",1,busyTimeMsPerSecond,0.0
1784197173,4,"Source: Source-data -> LoadJSON, Parse, _stream_key_by_map_operator",1,numRecordsOutPerSecond,0.0
1784197173,4,"Source: Source-data -> LoadJSON, Parse, _stream_key_by_map_operator",1,idleTimeMsPerSecond,0.0
1784197173,4,"Source: Source-data -> LoadJSON, Parse, _stream_key_by_map_operator",1,numRecordsOut,5537.0
1784197173,4,"Source: Source-data -> LoadJSON, Parse, _stream_key_by_map_operator",1,numRecordsIn,5537.0
1784197173,4,"Source: Source-data -> LoadJSON, Parse, _stream_key_by_map_operator",1,numRecordsInPerSecond,0.0
1784197173,4,"Source: Source-data -> LoadJSON, Parse, _stream_key_by_map_operator",1,backPressuredTimeMsPerSecond,1000.0
1784197173,4,"Source: Source-data -> LoadJSON, Parse, _stream_key_by_map_operator",2,busyTimeMsPerSecond,0.0
1784197173,4,"Source: Source-data -> LoadJSON, Parse, _stream_key_by_map_operator",2,numRecordsOutPerSecond,0.0
1784197173,4,"Source: Source-data -> LoadJSON, Parse, _stream_key_by_map_operator",2,idleTimeMsPerSecond,0.0
1784197173,4,"Source: Source-data -> LoadJSON, Parse, _stream_key_by_map_operator",2,numRecordsOut,5381.0
1784197173,4,"Source: Source-data -> LoadJSON, Parse, _stream_key_by_map_operator",2,numRecordsIn,5381.0
1784197173,4,"Source: Source-data -> LoadJSON, Parse, _stream_key_by_map_operator",2,numRecordsInPerSecond,0.0
1784197173,4,"Source: Source-data -> LoadJSON, Parse, _stream_key_by_map_operator",2,backPressuredTimeMsPerSecond,1000.0
1784197173,4,"Source: Source-data -> LoadJSON, Parse, _stream_key_by_map_operator",3,busyTimeMsPerSecond,0.0
1784197173,4,"Source: Source-data -> LoadJSON, Parse, _stream_key_by_map_operator",3,numRecordsOutPerSecond,0.0
1784197173,4,"Source: Source-data -> LoadJSON, Parse, _stream_key_by_map_operator",3,idleTimeMsPerSecond,0.0
1784197173,4,"Source: Source-data -> LoadJSON, Parse, _stream_key_by_map_operator",3,numRecordsOut,5536.0
1784197173,4,"Source: Source-data -> LoadJSON, Parse, _stream_key_by_map_operator",3,numRecordsIn,5536.0
1784197173,4,"Source: Source-data -> LoadJSON, Parse, _stream_key_by_map_operator",3,numRecordsInPerSecond,0.0
1784197173,4,"Source: Source-data -> LoadJSON, Parse, _stream_key_by_map_operator",3,backPressuredTimeMsPerSecond,1000.0
1784197173,4,"KEYED PROCESS, Parse->Train, _stream_key_by_map_operator",0,busyTimeMsPerSecond,504.0
1784197173,4,"KEYED PROCESS, Parse->Train, _stream_key_by_map_operator",0,numRecordsOutPerSecond,0.16666666666666666
1784197173,4,"KEYED PROCESS, Parse->Train, _stream_key_by_map_operator",0,idleTimeMsPerSecond,0.0
1784197173,4,"KEYED PROCESS, Parse->Train, _stream_key_by_map_operator",0,numRecordsOut,242.0
1784197173,4,"KEYED PROCESS, Parse->Train, _stream_key_by_map_operator",0,numRecordsIn,243.0
1784197173,4,"KEYED PROCESS, Parse->Train, _stream_key_by_map_operator",0,numRecordsInPerSecond,0.16666666666666666
1784197173,4,"KEYED PROCESS, Parse->Train, _stream_key_by_map_operator",0,backPressuredTimeMsPerSecond,496.0
1784197173,4,"KEYED PROCESS, Parse->Train, _stream_key_by_map_operator",1,busyTimeMsPerSecond,286.0
1784197173,4,"KEYED PROCESS, Parse->Train, _stream_key_by_map_operator",1,numRecordsOutPerSecond,0.08333333333333333
1784197173,4,"KEYED PROCESS, Parse->Train, _stream_key_by_map_operator",1,idleTimeMsPerSecond,0.0
1784197173,4,"KEYED PROCESS, Parse->Train, _stream_key_by_map_operator",1,numRecordsOut,145.0
1784197173,4,"KEYED PROCESS, Parse->Train, _stream_key_by_map_operator",1,numRecordsIn,146.0
1784197173,4,"KEYED PROCESS, Parse->Train, _stream_key_by_map_operator",1,numRecordsInPerSecond,0.08333333333333333
1784197173,4,"KEYED PROCESS, Parse->Train, _stream_key_by_map_operator",1,backPressuredTimeMsPerSecond,714.0
1784197173,4,"KEYED PROCESS, Parse->Train, _stream_key_by_map_operator",2,busyTimeMsPerSecond,364.0
1784197173,4,"KEYED PROCESS, Parse->Train, _stream_key_by_map_operator",2,numRecordsOutPerSecond,0.11666666666666667
1784197173,4,"KEYED PROCESS, Parse->Train, _stream_key_by_map_operator",2,idleTimeMsPerSecond,0.0
1784197173,4,"KEYED PROCESS, Parse->Train, _stream_key_by_map_operator",2,numRecordsOut,212.0
1784197173,4,"KEYED PROCESS, Parse->Train, _stream_key_by_map_operator",2,numRecordsIn,213.0
1784197173,4,"KEYED PROCESS, Parse->Train, _stream_key_by_map_operator",2,numRecordsInPerSecond,0.11666666666666667
1784197173,4,"KEYED PROCESS, Parse->Train, _stream_key_by_map_operator",2,backPressuredTimeMsPerSecond,636.0
1784197173,4,"KEYED PROCESS, Parse->Train, _stream_key_by_map_operator",3,busyTimeMsPerSecond,418.0
1784197173,4,"KEYED PROCESS, Parse->Train, _stream_key_by_map_operator",3,numRecordsOutPerSecond,0.13333333333333333
1784197173,4,"KEYED PROCESS, Parse->Train, _stream_key_by_map_operator",3,idleTimeMsPerSecond,0.0
1784197173,4,"KEYED PROCESS, Parse->Train, _stream_key_by_map_operator",3,numRecordsOut,164.0
1784197173,4,"KEYED PROCESS, Parse->Train, _stream_key_by_map_operator",3,numRecordsIn,165.0
1784197173,4,"KEYED PROCESS, Parse->Train, _stream_key_by_map_operator",3,numRecordsInPerSecond,0.13333333333333333
1784197173,4,"KEYED PROCESS, Parse->Train, _stream_key_by_map_operator",3,backPressuredTimeMsPerSecond,582.0
1784197173,4,"KEYED PROCESS, Train->Infer, _stream_key_by_map_operator",0,busyTimeMsPerSecond,579.0
1784197173,4,"KEYED PROCESS, Train->Infer, _stream_key_by_map_operator",0,numRecordsOutPerSecond,58.333333333333336
1784197173,4,"KEYED PROCESS, Train->Infer, _stream_key_by_map_operator",0,idleTimeMsPerSecond,0.0
1784197173,4,"KEYED PROCESS, Train->Infer, _stream_key_by_map_operator",0,numRecordsOut,77620.0
1784197173,4,"KEYED PROCESS, Train->Infer, _stream_key_by_map_operator",0,numRecordsIn,276.0
1784197173,4,"KEYED PROCESS, Train->Infer, _stream_key_by_map_operator",0,numRecordsInPerSecond,0.11666666666666667
1784197173,4,"KEYED PROCESS, Train->Infer, _stream_key_by_map_operator",0,backPressuredTimeMsPerSecond,421.0
1784197173,4,"KEYED PROCESS, Train->Infer, _stream_key_by_map_operator",1,busyTimeMsPerSecond,792.0
1784197173,4,"KEYED PROCESS, Train->Infer, _stream_key_by_map_operator",1,numRecordsOutPerSecond,91.66666666666667
1784197173,4,"KEYED PROCESS, Train->Infer, _stream_key_by_map_operator",1,idleTimeMsPerSecond,208.0
1784197173,4,"KEYED PROCESS, Train->Infer, _stream_key_by_map_operator",1,numRecordsOut,59015.0
1784197173,4,"KEYED PROCESS, Train->Infer, _stream_key_by_map_operator",1,numRecordsIn,133.0
1784197173,4,"KEYED PROCESS, Train->Infer, _stream_key_by_map_operator",1,numRecordsInPerSecond,0.16666666666666666
1784197173,4,"KEYED PROCESS, Train->Infer, _stream_key_by_map_operator",1,backPressuredTimeMsPerSecond,0.0
1784197173,4,"KEYED PROCESS, Train->Infer, _stream_key_by_map_operator",2,busyTimeMsPerSecond,355.0
1784197173,4,"KEYED PROCESS, Train->Infer, _stream_key_by_map_operator",2,numRecordsOutPerSecond,41.666666666666664
1784197173,4,"KEYED PROCESS, Train->Infer, _stream_key_by_map_operator",2,idleTimeMsPerSecond,645.0
1784197173,4,"KEYED PROCESS, Train->Infer, _stream_key_by_map_operator",2,numRecordsOut,58075.0
1784197173,4,"KEYED PROCESS, Train->Infer, _stream_key_by_map_operator",2,numRecordsIn,192.0
1784197173,4,"KEYED PROCESS, Train->Infer, _stream_key_by_map_operator",2,numRecordsInPerSecond,0.06666666666666667
1784197173,4,"KEYED PROCESS, Train->Infer, _stream_key_by_map_operator",2,backPressuredTimeMsPerSecond,0.0
1784197173,4,"KEYED PROCESS, Train->Infer, _stream_key_by_map_operator",3,busyTimeMsPerSecond,768.0
1784197173,4,"KEYED PROCESS, Train->Infer, _stream_key_by_map_operator",3,numRecordsOutPerSecond,83.33333333333333
1784197173,4,"KEYED PROCESS, Train->Infer, _stream_key_by_map_operator",3,idleTimeMsPerSecond,232.0
1784197173,4,"KEYED PROCESS, Train->Infer, _stream_key_by_map_operator",3,numRecordsOut,65530.0
1784197173,4,"KEYED PROCESS, Train->Infer, _stream_key_by_map_operator",3,numRecordsIn,161.0
1784197173,4,"KEYED PROCESS, Train->Infer, _stream_key_by_map_operator",3,numRecordsInPerSecond,0.16666666666666666
1784197173,4,"KEYED PROCESS, Train->Infer, _stream_key_by_map_operator",3,backPressuredTimeMsPerSecond,0.0
1784197173,4,"Infer->Rank, Rank->Filter, Filter -> Sink: Writer -> Sink: Committer",0,busyTimeMsPerSecond,1000.0
1784197173,4,"Infer->Rank, Rank->Filter, Filter -> Sink: Writer -> Sink: Committer",0,numRecordsOutPerSecond,46.333333333333336
1784197173,4,"Infer->Rank, Rank->Filter, Filter -> Sink: Writer -> Sink: Committer",0,idleTimeMsPerSecond,0.0
1784197173,4,"Infer->Rank, Rank->Filter, Filter -> Sink: Writer -> Sink: Committer",0,numRecordsOut,66490.0
1784197173,4,"Infer->Rank, Rank->Filter, Filter -> Sink: Writer -> Sink: Committer",0,numRecordsIn,74616.0
1784197173,4,"Infer->Rank, Rank->Filter, Filter -> Sink: Writer -> Sink: Committer",0,numRecordsInPerSecond,60.7
1784197173,4,"Infer->Rank, Rank->Filter, Filter -> Sink: Writer -> Sink: Committer",0,backPressuredTimeMsPerSecond,0.0
1784197173,4,"Infer->Rank, Rank->Filter, Filter -> Sink: Writer -> Sink: Committer",1,busyTimeMsPerSecond,997.0
1784197173,4,"Infer->Rank, Rank->Filter, Filter -> Sink: Writer -> Sink: Committer",1,numRecordsOutPerSecond,49.0
1784197173,4,"Infer->Rank, Rank->Filter, Filter -> Sink: Writer -> Sink: Committer",1,idleTimeMsPerSecond,3.0
1784197173,4,"Infer->Rank, Rank->Filter, Filter -> Sink: Writer -> Sink: Committer",1,numRecordsOut,50970.0
1784197173,4,"Infer->Rank, Rank->Filter, Filter -> Sink: Writer -> Sink: Committer",1,numRecordsIn,57995.0
1784197173,4,"Infer->Rank, Rank->Filter, Filter -> Sink: Writer -> Sink: Committer",1,numRecordsInPerSecond,65.7
1784197173,4,"Infer->Rank, Rank->Filter, Filter -> Sink: Writer -> Sink: Committer",1,backPressuredTimeMsPerSecond,0.0
1784197173,4,"Infer->Rank, Rank->Filter, Filter -> Sink: Writer -> Sink: Committer",2,busyTimeMsPerSecond,510.0
1784197173,4,"Infer->Rank, Rank->Filter, Filter -> Sink: Writer -> Sink: Committer",2,numRecordsOutPerSecond,41.666666666666664
1784197173,4,"Infer->Rank, Rank->Filter, Filter -> Sink: Writer -> Sink: Committer",2,idleTimeMsPerSecond,490.0
1784197173,4,"Infer->Rank, Rank->Filter, Filter -> Sink: Writer -> Sink: Committer",2,numRecordsOut,55000.0
1784197173,4,"Infer->Rank, Rank->Filter, Filter -> Sink: Writer -> Sink: Committer",2,numRecordsIn,58075.0
1784197173,4,"Infer->Rank, Rank->Filter, Filter -> Sink: Writer -> Sink: Committer",2,numRecordsInPerSecond,41.666666666666664
1784197173,4,"Infer->Rank, Rank->Filter, Filter -> Sink: Writer -> Sink: Committer",2,backPressuredTimeMsPerSecond,0.0
1784197173,4,"Infer->Rank, Rank->Filter, Filter -> Sink: Writer -> Sink: Committer",3,busyTimeMsPerSecond,957.0
1784197173,4,"Infer->Rank, Rank->Filter, Filter -> Sink: Writer -> Sink: Committer",3,numRecordsOutPerSecond,46.833333333333336
1784197173,4,"Infer->Rank, Rank->Filter, Filter -> Sink: Writer -> Sink: Committer",3,idleTimeMsPerSecond,43.0
1784197173,4,"Infer->Rank, Rank->Filter, Filter -> Sink: Writer -> Sink: Committer",3,numRecordsOut,57280.0
1784197173,4,"Infer->Rank, Rank->Filter, Filter -> Sink: Writer -> Sink: Committer",3,numRecordsIn,63814.0
1784197173,4,"Infer->Rank, Rank->Filter, Filter -> Sink: Writer -> Sink: Committer",3,numRecordsInPerSecond,55.3
1784197173,4,"Infer->Rank, Rank->Filter, Filter -> Sink: Writer -> Sink: Committer",3,backPressuredTimeMsPerSecond,0.0
