ts,parallelism,vertex,subtask,metric,value
1784195364,2,"Source: Source-data -> LoadJSON, Parse, _stream_key_by_map_operator",0,busyTimeMsPerSecond,0.0
1784195364,2,"Source: Source-data -> LoadJSON, Parse, _stream_key_by_map_operator",0,numRecordsOutPerSecond,0.0
1784195364,2,"Source: Source-data -> LoadJSON, Parse, _stream_key_by_map_operator",0,idleTimeMsPerSecond,0.0
1784195364,2,"Source: Source-data -> LoadJSON, Parse, _stream_key_by_map_operator",0,numRecordsOut,4242.0
1784195364,2,"Source: Source-data -> LoadJSON, Parse, _stream_key_by_map_operator",0,numRecordsIn,4242.0
1784195364,2,"Source: Source-data -> LoadJSON, Parse, _stream_key_by_map_operator",0,numRecordsInPerSecond,0.0
1784195364,2,"Source: Source-data -> LoadJSON, Parse, _stream_key_by_map_operator",0,backPressuredTimeMsPerSecond,1000.0
1784195364,2,"Source: Source-data -> LoadJSON, Parse, _stream_key_by_map_operator",1,busyTimeMsPerSecond,0.0
1784195364,2,"Source: Source-data -> LoadJSON, Parse, _stream_key_by_map_operator",1,numRecordsOutPerSecond,0.0
1784195364,2,"Source: Source-data -> LoadJSON, Parse, _stream_key_by_map_operator",1,idleTimeMsPerSecond,0.0
1784195364,2,"Source: Source-data -> LoadJSON, Parse, _stream_key_by_map_operator",1,numRecordsOut,4310.0
1784195364,2,"Source: Source-data -> LoadJSON, Parse, _stream_key_by_map_operator",1,numRecordsIn,4310.0
1784195364,2,"Source: Source-data -> LoadJSON, Parse, _stream_key_by_map_operator",1,numRecordsInPerSecond,0.0
1784195364,2,"Source: Source-data -> LoadJSON, Parse, _stream_key_by_map_operator",1,backPressuredTimeMsPerSecond,1000.0
1784195364,2,"KEYED PROCESS, Parse->Train, _stream_key_by_map_operator",0,busyTimeMsPerSecond,316.0
1784195364,2,"KEYED PROCESS, Parse->Train, _stream_key_by_map_operator",0,numRecordsOutPerSecond,0.1
1784195364,2,"KEYED PROCESS, Parse->Train, _stream_key_by_map_operator",0,idleTimeMsPerSecond,0.0
1784195364,2,"KEYED PROCESS, Parse->Train, _stream_key_by_map_operator",0,numRecordsOut,200.0
1784195364,2,"KEYED PROCESS, Parse->Train, _stream_key_by_map_operator",0,numRecordsIn,201.0
1784195364,2,"KEYED PROCESS, Parse->Train, _stream_key_by_map_operator",0,numRecordsInPerSecond,0.1
1784195364,2,"KEYED PROCESS, Parse->Train, _stream_key_by_map_operator",0,backPressuredTimeMsPerSecond,684.0
1784195364,2,"KEYED PROCESS, Parse->Train, _stream_key_by_map_operator",1,busyTimeMsPerSecond,286.0
1784195364,2,"KEYED PROCESS, Parse->Train, _stream_key_by_map_operator",1,numRecordsOutPerSecond,0.11666666666666667
1784195364,2,"KEYED PROCESS, Parse->Train, _stream_key_by_map_operator",1,idleTimeMsPerSecond,0.0
1784195364,2,"KEYED PROCESS, Parse->Train, _stream_key_by_map_operator",1,numRecordsOut,170.0
1784195364,2,"KEYED PROCESS, Parse->Train, _stream_key_by_map_operator",1,numRecordsIn,171.0
1784195364,2,"KEYED PROCESS, Parse->Train, _stream_key_by_map_operator",1,numRecordsInPerSecond,0.11666666666666667
1784195364,2,"KEYED PROCESS, Parse->Train, _stream_key_by_map_operator",1,backPressuredTimeMsPerSecond,714.0
1784195364,2,"KEYED PROCESS, Train->Infer, _stream_key_by_map_operator",0,busyTimeMsPerSecond,334.0
1784195364,2,"KEYED PROCESS, Train->Infer, _stream_key_by_map_operator",0,numRecordsOutPerSecond,41.666666666666664
1784195364,2,"KEYED PROCESS, Train->Infer, _stream_key_by_map_operator",0,idleTimeMsPerSecond,666.0
1784195364,2,"KEYED PROCESS, Train->Infer, _stream_key_by_map_operator",0,numRecordsOut,33635.0
1784195364,2,"KEYED PROCESS, Train->Infer, _stream_key_by_map_operator",0,numRecordsIn,202.0
1784195364,2,"KEYED PROCESS, Train->Infer, _stream_key_by_map_operator",0,numRecordsInPerSecond,0.06666666666666667
1784195364,2,"KEYED PROCESS, Train->Infer, _stream_key_by_map_operator",0,backPressuredTimeMsPerSecond,0.0
1784195364,2,"KEYED PROCESS, Train->Infer, _stream_key_by_map_operator",1,busyTimeMsPerSecond,529.0
1784195364,2,"KEYED PROCESS, Train->Infer, _stream_key_by_map_operator",1,numRecordsOutPerSecond,66.7
1784195364,2,"KEYED PROCESS, Train->Infer, _stream_key_by_map_operator",1,idleTimeMsPerSecond,0.0
1784195364,2,"KEYED PROCESS, Train->Infer, _stream_key_by_map_operator",1,numRecordsOut,30605.0
1784195364,2,"KEYED PROCESS, Train->Infer, _stream_key_by_map_operator",1,numRecordsIn,166.0
1784195364,2,"KEYED PROCESS, Train->Infer, _stream_key_by_map_operator",1,numRecordsInPerSecond,0.16666666666666666
1784195364,2,"KEYED PROCESS, Train->Infer, _stream_key_by_map_operator",1,backPressuredTimeMsPerSecond,471.0
1784195364,2,"Infer->Rank, Rank->Filter, Filter -> Sink: Writer -> Sink: Committer",0,busyTimeMsPerSecond,681.0
1784195364,2,"Infer->Rank, Rank->Filter, Filter -> Sink: Writer -> Sink: Committer",0,numRecordsOutPerSecond,41.0
1784195364,2,"Infer->Rank, Rank->Filter, Filter -> Sink: Writer -> Sink: Committer",0,idleTimeMsPerSecond,319.0
1784195364,2,"Infer->Rank, Rank->Filter, Filter -> Sink: Writer -> Sink: Committer",0,numRecordsOut,32500.0
1784195364,2,"Infer->Rank, Rank->Filter, Filter -> Sink: Writer -> Sink: Committer",0,numRecordsIn,33635.0
1784195364,2,"Infer->Rank, Rank->Filter, Filter -> Sink: Writer -> Sink: Committer",0,numRecordsInPerSecond,49.2
1784195364,2,"Infer->Rank, Rank->Filter, Filter -> Sink: Writer -> Sink: Committer",0,backPressuredTimeMsPerSecond,0.0
1784195364,2,"Infer->Rank, Rank->Filter, Filter -> Sink: Writer -> Sink: Committer",1,busyTimeMsPerSecond,1000.0
1784195364,2,"Infer->Rank, Rank->Filter, Filter -> Sink: Writer -> Sink: Committer",1,numRecordsOutPerSecond,67.33333333333333
1784195364,2,"Infer->Rank, Rank->Filter, Filter -> Sink: Writer -> Sink: Committer",1,idleTimeMsPerSecond,0.0
1784195364,2,"Infer->Rank, Rank->Filter, Filter -> Sink: Writer -> Sink: Committer",1,numRecordsOut,27470.0
1784195364,2,"Infer->Rank, Rank->Filter, Filter -> Sink: Writer -> Sink: Committer",1,numRecordsIn,27585.0
1784195364,2,"Infer->Rank, Rank->Filter, Filter -> Sink: Writer -> Sink: Committer",1,numRecordsInPerSecond,67.36666666666666
1784195364,2,"Infer->Rank, Rank->Filter, Filter -> Sink: Writer -> Sink: Committer",1,backPressuredTimeMsPerSecond,0.0
1784195379,2,"Source: Source-data -> LoadJSON, Parse, _stream_key_by_map_operator",0,busyTimeMsPerSecond,0.0
1784195379,2,"Source: Source-data -> LoadJSON, Parse, _stream_key_by_map_operator",0,numRecordsOutPerSecond,0.0
1784195379,2,"Source: Source-data -> LoadJSON, Parse, _stream_key_by_map_operator",0,idleTimeMsPerSecond,0.0
1784195379,2,"Source: Source-data -> LoadJSON, Parse, _stream_key_by_map_operator",0,numRecordsOut,4242.0
1784195379,2,"Source: Source-data -> LoadJSON, Parse, _stream_key_by_map_operator",0,numRecordsIn,4242.0
1784195379,2,"Source: Source-data -> LoadJSON, Parse, _stream_key_by_map_operator",0,numRecordsInPerSecond,0.0
1784195379,2,"Source: Source-data -> LoadJSON, Parse, _stream_key_by_map_operator",0,backPressuredTimeMsPerSecond,1000.0
1784195379,2,"Source: Source-data -> LoadJSON, Parse, _stream_key_by_map_operator",1,busyTimeMsPerSecond,0.0
1784195379,2,"Source: Source-data -> LoadJSON, Parse, _stream_key_by_map_operator",1,numRecordsOutPerSecond,0.0
1784195379,2,"Source: Source-data -> LoadJSON, Parse, _stream_key_by_map_operator",1,idleTimeMsPerSecond,0.0
1784195379,2,"Source: Source-data -> LoadJSON, Parse, _stream_key_by_map_operator",1,numRecordsOut,4310.0
1784195379,2,"Source: Source-data -> LoadJSON, Parse, _stream_key_by_map_operator",1,numRecordsIn,4310.0
1784195379,2,"Source: Source-data -> LoadJSON, Parse, _stream_key_by_map_operator",1,numRecordsInPerSecond,0.0
1784195379,2,"Source: Source-data -> LoadJSON, Parse, _stream_key_by_map_operator",1,backPressuredTimeMsPerSecond,1000.0
1784195379,2,"KEYED PROCESS, Parse->Train, _stream_key_by_map_operator",0,busyTimeMsPerSecond,384.0
1784195379,2,"KEYED PROCESS, Parse->Train, _stream_key_by_map_operator",0,numRecordsOutPerSecond,0.15
1784195379,2,"KEYED PROCESS, Parse->Train, _stream_key_by_map_operator",0,idleTimeMsPerSecond,0.0
1784195379,2,"KEYED PROCESS, Parse->Train, _stream_key_by_map_operator",0,numRecordsOut,203.0
1784195379,2,"KEYED PROCESS, Parse->Train, _stream_key_by_map_operator",0,numRecordsIn,204.0
1784195379,2,"KEYED PROCESS, Parse->Train, _stream_key_by_map_operator",0,numRecordsInPerSecond,0.15
1784195379,2,"KEYED PROCESS, Parse->Train, _stream_key_by_map_operator",0,backPressuredTimeMsPerSecond,616.0
1784195379,2,"KEYED PROCESS, Parse->Train, _stream_key_by_map_operator",1,busyTimeMsPerSecond,335.0
1784195379,2,"KEYED PROCESS, Parse->Train, _stream_key_by_map_operator",1,numRecordsOutPerSecond,0.15
1784195379,2,"KEYED PROCESS, Parse->Train, _stream_key_by_map_operator",1,idleTimeMsPerSecond,0.0
1784195379,2,"KEYED PROCESS, Parse->Train, _stream_key_by_map_operator",1,numRecordsOut,172.0
1784195379,2,"KEYED PROCESS, Parse->Train, _stream_key_by_map_operator",1,numRecordsIn,173.0
1784195379,2,"KEYED PROCESS, Parse->Train, _stream_key_by_map_operator",1,numRecordsInPerSecond,0.15
1784195379,2,"KEYED PROCESS, Parse->Train, _stream_key_by_map_operator",1,backPressuredTimeMsPerSecond,665.0
1784195379,2,"KEYED PROCESS, Train->Infer, _stream_key_by_map_operator",0,busyTimeMsPerSecond,376.0
1784195379,2,"KEYED PROCESS, Train->Infer, _stream_key_by_map_operator",0,numRecordsOutPerSecond,50.0
1784195379,2,"KEYED PROCESS, Train->Infer, _stream_key_by_map_operator",0,idleTimeMsPerSecond,624.0
1784195379,2,"KEYED PROCESS, Train->Infer, _stream_key_by_map_operator",0,numRecordsOut,35135.0
1784195379,2,"KEYED PROCESS, Train->Infer, _stream_key_by_map_operator",0,numRecordsIn,206.0
1784195379,2,"KEYED PROCESS, Train->Infer, _stream_key_by_map_operator",0,numRecordsInPerSecond,0.1
1784195379,2,"KEYED PROCESS, Train->Infer, _stream_key_by_map_operator",0,backPressuredTimeMsPerSecond,0.0
1784195379,2,"KEYED PROCESS, Train->Infer, _stream_key_by_map_operator",1,busyTimeMsPerSecond,537.0
1784195379,2,"KEYED PROCESS, Train->Infer, _stream_key_by_map_operator",1,numRecordsOutPerSecond,66.7
1784195379,2,"KEYED PROCESS, Train->Infer, _stream_key_by_map_operator",1,idleTimeMsPerSecond,0.0
1784195379,2,"KEYED PROCESS, Train->Infer, _stream_key_by_map_operator",1,numRecordsOut,31605.0
1784195379,2,"KEYED PROCESS, Train->Infer, _stream_key_by_map_operator",1,numRecordsIn,169.0
1784195379,2,"KEYED PROCESS, Train->Infer, _stream_key_by_map_operator",1,numRecordsInPerSecond,0.18333333333333332
1784195379,2,"KEYED PROCESS, Train->Infer, _stream_key_by_map_operator",1,backPressuredTimeMsPerSecond,463.0
1784195379,2,"Infer->Rank, Rank->Filter, Filter -> Sink: Writer -> Sink: Committer",0,busyTimeMsPerSecond,555.0
1784195379,2,"Infer->Rank, Rank->Filter, Filter -> Sink: Writer -> Sink: Committer",0,numRecordsOutPerSecond,29.333333333333332
1784195379,2,"Infer->Rank, Rank->Filter, Filter -> Sink: Writer -> Sink: Committer",0,idleTimeMsPerSecond,445.0
1784195379,2,"Infer->Rank, Rank->Filter, Filter -> Sink: Writer -> Sink: Committer",0,numRecordsOut,32830.0
1784195379,2,"Infer->Rank, Rank->Filter, Filter -> Sink: Writer -> Sink: Committer",0,numRecordsIn,33975.0
1784195379,2,"Infer->Rank, Rank->Filter, Filter -> Sink: Writer -> Sink: Committer",0,numRecordsInPerSecond,37.666666666666664
1784195379,2,"Infer->Rank, Rank->Filter, Filter -> Sink: Writer -> Sink: Committer",0,backPressuredTimeMsPerSecond,0.0
1784195379,2,"Infer->Rank, Rank->Filter, Filter -> Sink: Writer -> Sink: Committer",1,busyTimeMsPerSecond,1000.0
1784195379,2,"Infer->Rank, Rank->Filter, Filter -> Sink: Writer -> Sink: Committer",1,numRecordsOutPerSecond,64.83333333333333
1784195379,2,"Infer->Rank, Rank->Filter, Filter -> Sink: Writer -> Sink: Committer",1,idleTimeMsPerSecond,0.0
1784195379,2,"Infer->Rank, Rank->Filter, Filter -> Sink: Writer -> Sink: Committer",1,numRecordsOut,28330.0
1784195379,2,"Infer->Rank, Rank->Filter, Filter -> Sink: Writer -> Sink: Committer",1,numRecordsIn,28444.0
1784195379,2,"Infer->Rank, Rank->Filter, Filter -> Sink: Writer -> Sink: Committer",1,numRecordsInPerSecond,64.95
1784195379,2,"Infer->Rank, Rank->Filter, Filter -> Sink: Writer -> Sink: Committer",1,backPressuredTimeMsPerSecond,0.0
1784195394,2,"Source: Source-data -> LoadJSON, Parse, _stream_key_by_map_operator",0,busyTimeMsPerSecond,0.0
1784195394,2,"Source: Source-data -> LoadJSON, Parse, _stream_key_by_map_operator",0,numRecordsOutPerSecond,0.0
1784195394,2,"Source: Source-data -> LoadJSON, Parse, _stream_key_by_map_operator",0,idleTimeMsPerSecond,0.0
1784195394,2,"Source: Source-data -> LoadJSON, Parse, _stream_key_by_map_operator",0,numRecordsOut,4242.0
1784195394,2,"Source: Source-data -> LoadJSON, Parse, _stream_key_by_map_operator",0,numRecordsIn,4242.0
1784195394,2,"Source: Source-data -> LoadJSON, Parse, _stream_key_by_map_operator",0,numRecordsInPerSecond,0.0
1784195394,2,"Source: Source-data -> LoadJSON, Parse, _stream_key_by_map_operator",0,backPressuredTimeMsPerSecond,1000.0
1784195394,2,"Source: Source-data -> LoadJSON, Parse, _stream_key_by_map_operator",1,busyTimeMsPerSecond,0.0
1784195394,2,"Source: Source-data -> LoadJSON, Parse, _stream_key_by_map_operator",1,numRecordsOutPerSecond,0.0
1784195394,2,"Source: Source-data -> LoadJSON, Parse, _stream_key_by_map_operator",1,idleTimeMsPerSecond,0.0
1784195394,2,"Source: Source-data -> LoadJSON, Parse, _stream_key_by_map_operator",1,numRecordsOut,4310.0
1784195394,2,"Source: Source-data -> LoadJSON, Parse, _stream_key_by_map_operator",1,numRecordsIn,4310.0
1784195394,2,"Source: Source-data -> LoadJSON, Parse, _stream_key_by_map_operator",1,numRecordsInPerSecond,0.0
1784195394,2,"Source: Source-data -> LoadJSON, Parse, _stream_key_by_map_operator",1,backPressuredTimeMsPerSecond,1000.0
1784195394,2,"KEYED PROCESS, Parse->Train, _stream_key_by_map_operator",0,busyTimeMsPerSecond,380.0
1784195394,2,"KEYED PROCESS, Parse->Train, _stream_key_by_map_operator",0,numRecordsOutPerSecond,0.13333333333333333
1784195394,2,"KEYED PROCESS, Parse->Train, _stream_key_by_map_operator",0,idleTimeMsPerSecond,0.0
1784195394,2,"KEYED PROCESS, Parse->Train, _stream_key_by_map_operator",0,numRecordsOut,206.0
1784195394,2,"KEYED PROCESS, Parse->Train, _stream_key_by_map_operator",0,numRecordsIn,207.0
1784195394,2,"KEYED PROCESS, Parse->Train, _stream_key_by_map_operator",0,numRecordsInPerSecond,0.13333333333333333
1784195394,2,"KEYED PROCESS, Parse->Train, _stream_key_by_map_operator",0,backPressuredTimeMsPerSecond,620.0
1784195394,2,"KEYED PROCESS, Parse->Train, _stream_key_by_map_operator",1,busyTimeMsPerSecond,331.0
1784195394,2,"KEYED PROCESS, Parse->Train, _stream_key_by_map_operator",1,numRecordsOutPerSecond,0.1
1784195394,2,"KEYED PROCESS, Parse->Train, _stream_key_by_map_operator",1,idleTimeMsPerSecond,0.0
1784195394,2,"KEYED PROCESS, Parse->Train, _stream_key_by_map_operator",1,numRecordsOut,174.0
1784195394,2,"KEYED PROCESS, Parse->Train, _stream_key_by_map_operator",1,numRecordsIn,175.0
1784195394,2,"KEYED PROCESS, Parse->Train, _stream_key_by_map_operator",1,numRecordsInPerSecond,0.1
1784195394,2,"KEYED PROCESS, Parse->Train, _stream_key_by_map_operator",1,backPressuredTimeMsPerSecond,669.0
1784195394,2,"KEYED PROCESS, Train->Infer, _stream_key_by_map_operator",0,busyTimeMsPerSecond,489.0
1784195394,2,"KEYED PROCESS, Train->Infer, _stream_key_by_map_operator",0,numRecordsOutPerSecond,58.333333333333336
1784195394,2,"KEYED PROCESS, Train->Infer, _stream_key_by_map_operator",0,idleTimeMsPerSecond,511.0
1784195394,2,"KEYED PROCESS, Train->Infer, _stream_key_by_map_operator",0,numRecordsOut,36635.0
1784195394,2,"KEYED PROCESS, Train->Infer, _stream_key_by_map_operator",0,numRecordsIn,209.0
1784195394,2,"KEYED PROCESS, Train->Infer, _stream_key_by_map_operator",0,numRecordsInPerSecond,0.13333333333333333
1784195394,2,"KEYED PROCESS, Train->Infer, _stream_key_by_map_operator",0,backPressuredTimeMsPerSecond,0.0
1784195394,2,"KEYED PROCESS, Train->Infer, _stream_key_by_map_operator",1,busyTimeMsPerSecond,535.0
1784195394,2,"KEYED PROCESS, Train->Infer, _stream_key_by_map_operator",1,numRecordsOutPerSecond,66.7
1784195394,2,"KEYED PROCESS, Train->Infer, _stream_key_by_map_operator",1,idleTimeMsPerSecond,0.0
1784195394,2,"KEYED PROCESS, Train->Infer, _stream_key_by_map_operator",1,numRecordsOut,32605.0
1784195394,2,"KEYED PROCESS, Train->Infer, _stream_key_by_map_operator",1,numRecordsIn,171.0
1784195394,2,"KEYED PROCESS, Train->Infer, _stream_key_by_map_operator",1,numRecordsInPerSecond,0.15
1784195394,2,"KEYED PROCESS, Train->Infer, _stream_key_by_map_operator",1,backPressuredTimeMsPerSecond,465.0
1784195394,2,"Infer->Rank, Rank->Filter, Filter -> Sink: Writer -> Sink: Committer",0,busyTimeMsPerSecond,563.0
1784195394,2,"Infer->Rank, Rank->Filter, Filter -> Sink: Writer -> Sink: Committer",0,numRecordsOutPerSecond,26.833333333333332
1784195394,2,"Infer->Rank, Rank->Filter, Filter -> Sink: Writer -> Sink: Committer",0,idleTimeMsPerSecond,437.0
1784195394,2,"Infer->Rank, Rank->Filter, Filter -> Sink: Writer -> Sink: Committer",0,numRecordsOut,33420.0
1784195394,2,"Infer->Rank, Rank->Filter, Filter -> Sink: Writer -> Sink: Committer",0,numRecordsIn,34563.0
1784195394,2,"Infer->Rank, Rank->Filter, Filter -> Sink: Writer -> Sink: Committer",0,numRecordsInPerSecond,35.11666666666667
1784195394,2,"Infer->Rank, Rank->Filter, Filter -> Sink: Writer -> Sink: Committer",0,backPressuredTimeMsPerSecond,0.0
1784195394,2,"Infer->Rank, Rank->Filter, Filter -> Sink: Writer -> Sink: Committer",1,busyTimeMsPerSecond,1000.0
1784195394,2,"Infer->Rank, Rank->Filter, Filter -> Sink: Writer -> Sink: Committer",1,numRecordsOutPerSecond,62.5
1784195394,2,"Infer->Rank, Rank->Filter, Filter -> Sink: Writer -> Sink: Committer",1,idleTimeMsPerSecond,0.0
1784195394,2,"Infer->Rank, Rank->Filter, Filter -> Sink: Writer -> Sink: Committer",1,numRecordsOut,30240.0
1784195394,2,"Infer->Rank, Rank->Filter, Filter -> Sink: Writer -> Sink: Committer",1,numRecordsIn,30361.0
1784195394,2,"Infer->Rank, Rank->Filter, Filter -> Sink: Writer -> Sink: Committer",1,numRecordsInPerSecond,62.483333333333334
1784195394,2,"Infer->Rank, Rank->Filter, Filter -> Sink: Writer -> Sink: Committer",1,backPressuredTimeMsPerSecond,0.0
1784195409,2,"Source: Source-data -> LoadJSON, Parse, _stream_key_by_map_operator",0,busyTimeMsPerSecond,1.0
1784195409,2,"Source: Source-data -> LoadJSON, Parse, _stream_key_by_map_operator",0,numRecordsOutPerSecond,0.0
1784195409,2,"Source: Source-data -> LoadJSON, Parse, _stream_key_by_map_operator",0,idleTimeMsPerSecond,0.0
1784195409,2,"Source: Source-data -> LoadJSON, Parse, _stream_key_by_map_operator",0,numRecordsOut,4242.0
1784195409,2,"Source: Source-data -> LoadJSON, Parse, _stream_key_by_map_operator",0,numRecordsIn,4242.0
1784195409,2,"Source: Source-data -> LoadJSON, Parse, _stream_key_by_map_operator",0,numRecordsInPerSecond,0.0
1784195409,2,"Source: Source-data -> LoadJSON, Parse, _stream_key_by_map_operator",0,backPressuredTimeMsPerSecond,999.0
1784195409,2,"Source: Source-data -> LoadJSON, Parse, _stream_key_by_map_operator",1,busyTimeMsPerSecond,0.0
1784195409,2,"Source: Source-data -> LoadJSON, Parse, _stream_key_by_map_operator",1,numRecordsOutPerSecond,0.0
1784195409,2,"Source: Source-data -> LoadJSON, Parse, _stream_key_by_map_operator",1,idleTimeMsPerSecond,0.0
1784195409,2,"Source: Source-data -> LoadJSON, Parse, _stream_key_by_map_operator",1,numRecordsOut,4310.0
1784195409,2,"Source: Source-data -> LoadJSON, Parse, _stream_key_by_map_operator",1,numRecordsIn,4310.0
1784195409,2,"Source: Source-data -> LoadJSON, Parse, _stream_key_by_map_operator",1,numRecordsInPerSecond,0.0
1784195409,2,"Source: Source-data -> LoadJSON, Parse, _stream_key_by_map_operator",1,backPressuredTimeMsPerSecond,1000.0
1784195409,2,"KEYED PROCESS, Parse->Train, _stream_key_by_map_operator",0,busyTimeMsPerSecond,492.0
1784195409,2,"KEYED PROCESS, Parse->Train, _stream_key_by_map_operator",0,numRecordsOutPerSecond,0.16666666666666666
1784195409,2,"KEYED PROCESS, Parse->Train, _stream_key_by_map_operator",0,idleTimeMsPerSecond,0.0
1784195409,2,"KEYED PROCESS, Parse->Train, _stream_key_by_map_operator",0,numRecordsOut,208.0
1784195409,2,"KEYED PROCESS, Parse->Train, _stream_key_by_map_operator",0,numRecordsIn,209.0
1784195409,2,"KEYED PROCESS, Parse->Train, _stream_key_by_map_operator",0,numRecordsInPerSecond,0.16666666666666666
1784195409,2,"KEYED PROCESS, Parse->Train, _stream_key_by_map_operator",0,backPressuredTimeMsPerSecond,508.0
1784195409,2,"KEYED PROCESS, Parse->Train, _stream_key_by_map_operator",1,busyTimeMsPerSecond,417.0
1784195409,2,"KEYED PROCESS, Parse->Train, _stream_key_by_map_operator",1,numRecordsOutPerSecond,0.13333333333333333
1784195409,2,"KEYED PROCESS, Parse->Train, _stream_key_by_map_operator",1,idleTimeMsPerSecond,0.0
1784195409,2,"KEYED PROCESS, Parse->Train, _stream_key_by_map_operator",1,numRecordsOut,176.0
1784195409,2,"KEYED PROCESS, Parse->Train, _stream_key_by_map_operator",1,numRecordsIn,177.0
1784195409,2,"KEYED PROCESS, Parse->Train, _stream_key_by_map_operator",1,numRecordsInPerSecond,0.13333333333333333
1784195409,2,"KEYED PROCESS, Parse->Train, _stream_key_by_map_operator",1,backPressuredTimeMsPerSecond,583.0
1784195409,2,"KEYED PROCESS, Train->Infer, _stream_key_by_map_operator",0,busyTimeMsPerSecond,611.0
1784195409,2,"KEYED PROCESS, Train->Infer, _stream_key_by_map_operator",0,numRecordsOutPerSecond,66.66666666666667
1784195409,2,"KEYED PROCESS, Train->Infer, _stream_key_by_map_operator",0,idleTimeMsPerSecond,389.0
1784195409,2,"KEYED PROCESS, Train->Infer, _stream_key_by_map_operator",0,numRecordsOut,37635.0
1784195409,2,"KEYED PROCESS, Train->Infer, _stream_key_by_map_operator",0,numRecordsIn,211.0
1784195409,2,"KEYED PROCESS, Train->Infer, _stream_key_by_map_operator",0,numRecordsInPerSecond,0.15
1784195409,2,"KEYED PROCESS, Train->Infer, _stream_key_by_map_operator",0,backPressuredTimeMsPerSecond,0.0
1784195409,2,"KEYED PROCESS, Train->Infer, _stream_key_by_map_operator",1,busyTimeMsPerSecond,577.0
1784195409,2,"KEYED PROCESS, Train->Infer, _stream_key_by_map_operator",1,numRecordsOutPerSecond,66.66666666666667
1784195409,2,"KEYED PROCESS, Train->Infer, _stream_key_by_map_operator",1,idleTimeMsPerSecond,0.0
1784195409,2,"KEYED PROCESS, Train->Infer, _stream_key_by_map_operator",1,numRecordsOut,33605.0
1784195409,2,"KEYED PROCESS, Train->Infer, _stream_key_by_map_operator",1,numRecordsIn,172.0
1784195409,2,"KEYED PROCESS, Train->Infer, _stream_key_by_map_operator",1,numRecordsInPerSecond,0.13333333333333333
1784195409,2,"KEYED PROCESS, Train->Infer, _stream_key_by_map_operator",1,backPressuredTimeMsPerSecond,423.0
1784195409,2,"Infer->Rank, Rank->Filter, Filter -> Sink: Writer -> Sink: Committer",0,busyTimeMsPerSecond,700.0
1784195409,2,"Infer->Rank, Rank->Filter, Filter -> Sink: Writer -> Sink: Committer",0,numRecordsOutPerSecond,37.5
1784195409,2,"Infer->Rank, Rank->Filter, Filter -> Sink: Writer -> Sink: Committer",0,idleTimeMsPerSecond,300.0
1784195409,2,"Infer->Rank, Rank->Filter, Filter -> Sink: Writer -> Sink: Committer",0,numRecordsOut,34480.0
1784195409,2,"Infer->Rank, Rank->Filter, Filter -> Sink: Writer -> Sink: Committer",0,numRecordsIn,35617.0
1784195409,2,"Infer->Rank, Rank->Filter, Filter -> Sink: Writer -> Sink: Committer",0,numRecordsInPerSecond,37.63333333333333
1784195409,2,"Infer->Rank, Rank->Filter, Filter -> Sink: Writer -> Sink: Committer",0,backPressuredTimeMsPerSecond,0.0
1784195409,2,"Infer->Rank, Rank->Filter, Filter -> Sink: Writer -> Sink: Committer",1,busyTimeMsPerSecond,1000.0
1784195409,2,"Infer->Rank, Rank->Filter, Filter -> Sink: Writer -> Sink: Committer",1,numRecordsOutPerSecond,60.833333333333336
1784195409,2,"Infer->Rank, Rank->Filter, Filter -> Sink: Writer -> Sink: Committer",1,idleTimeMsPerSecond,0.0
1784195409,2,"Infer->Rank, Rank->Filter, Filter -> Sink: Writer -> Sink: Committer",1,numRecordsOut,31070.0
1784195409,2,"Infer->Rank, Rank->Filter, Filter -> Sink: Writer -> Sink: Committer",1,numRecordsIn,31193.0
1784195409,2,"Infer->Rank, Rank->Filter, Filter -> Sink: Writer -> Sink: Committer",1,numRecordsInPerSecond,60.88333333333333
1784195409,2,"Infer->Rank, Rank->Filter, Filter -> Sink: Writer -> Sink: Committer",1,backPressuredTimeMsPerSecond,0.0
1784195424,2,"Source: Source-data -> LoadJSON, Parse, _stream_key_by_map_operator",0,busyTimeMsPerSecond,1.0
1784195424,2,"Source: Source-data -> LoadJSON, Parse, _stream_key_by_map_operator",0,numRecordsOutPerSecond,0.0
1784195424,2,"Source: Source-data -> LoadJSON, Parse, _stream_key_by_map_operator",0,idleTimeMsPerSecond,0.0
1784195424,2,"Source: Source-data -> LoadJSON, Parse, _stream_key_by_map_operator",0,numRecordsOut,4242.0
1784195424,2,"Source: Source-data -> LoadJSON, Parse, _stream_key_by_map_operator",0,numRecordsIn,4242.0
1784195424,2,"Source: Source-data -> LoadJSON, Parse, _stream_key_by_map_operator",0,numRecordsInPerSecond,0.0
1784195424,2,"Source: Source-data -> LoadJSON, Parse, _stream_key_by_map_operator",0,backPressuredTimeMsPerSecond,999.0
1784195424,2,"Source: Source-data -> LoadJSON, Parse, _stream_key_by_map_operator",1,busyTimeMsPerSecond,1.0
1784195424,2,"Source: Source-data -> LoadJSON, Parse, _stream_key_by_map_operator",1,numRecordsOutPerSecond,0.0
1784195424,2,"Source: Source-data -> LoadJSON, Parse, _stream_key_by_map_operator",1,idleTimeMsPerSecond,0.0
1784195424,2,"Source: Source-data -> LoadJSON, Parse, _stream_key_by_map_operator",1,numRecordsOut,4310.0
1784195424,2,"Source: Source-data -> LoadJSON, Parse, _stream_key_by_map_operator",1,numRecordsIn,4310.0
1784195424,2,"Source: Source-data -> LoadJSON, Parse, _stream_key_by_map_operator",1,numRecordsInPerSecond,0.0
1784195424,2,"Source: Source-data -> LoadJSON, Parse, _stream_key_by_map_operator",1,backPressuredTimeMsPerSecond,999.0
1784195424,2,"KEYED PROCESS, Parse->Train, _stream_key_by_map_operator",0,busyTimeMsPerSecond,495.0
1784195424,2,"KEYED PROCESS, Parse->Train, _stream_key_by_map_operator",0,numRecordsOutPerSecond,0.16666666666666666
1784195424,2,"KEYED PROCESS, Parse->Train, _stream_key_by_map_operator",0,idleTimeMsPerSecond,0.0
1784195424,2,"KEYED PROCESS, Parse->Train, _stream_key_by_map_operator",0,numRecordsOut,209.0
1784195424,2,"KEYED PROCESS, Parse->Train, _stream_key_by_map_operator",0,numRecordsIn,210.0
1784195424,2,"KEYED PROCESS, Parse->Train, _stream_key_by_map_operator",0,numRecordsInPerSecond,0.16666666666666666
1784195424,2,"KEYED PROCESS, Parse->Train, _stream_key_by_map_operator",0,backPressuredTimeMsPerSecond,505.0
1784195424,2,"KEYED PROCESS, Parse->Train, _stream_key_by_map_operator",1,busyTimeMsPerSecond,481.0
1784195424,2,"KEYED PROCESS, Parse->Train, _stream_key_by_map_operator",1,numRecordsOutPerSecond,0.16666666666666666
1784195424,2,"KEYED PROCESS, Parse->Train, _stream_key_by_map_operator",1,idleTimeMsPerSecond,0.0
1784195424,2,"KEYED PROCESS, Parse->Train, _stream_key_by_map_operator",1,numRecordsOut,179.0
1784195424,2,"KEYED PROCESS, Parse->Train, _stream_key_by_map_operator",1,numRecordsIn,180.0
1784195424,2,"KEYED PROCESS, Parse->Train, _stream_key_by_map_operator",1,numRecordsInPerSecond,0.16666666666666666
1784195424,2,"KEYED PROCESS, Parse->Train, _stream_key_by_map_operator",1,backPressuredTimeMsPerSecond,519.0
1784195424,2,"KEYED PROCESS, Train->Infer, _stream_key_by_map_operator",0,busyTimeMsPerSecond,715.0
1784195424,2,"KEYED PROCESS, Train->Infer, _stream_key_by_map_operator",0,numRecordsOutPerSecond,83.33333333333333
1784195424,2,"KEYED PROCESS, Train->Infer, _stream_key_by_map_operator",0,idleTimeMsPerSecond,285.0
1784195424,2,"KEYED PROCESS, Train->Infer, _stream_key_by_map_operator",0,numRecordsOut,38635.0
1784195424,2,"KEYED PROCESS, Train->Infer, _stream_key_by_map_operator",0,numRecordsIn,213.0
1784195424,2,"KEYED PROCESS, Train->Infer, _stream_key_by_map_operator",0,numRecordsInPerSecond,0.18333333333333332
1784195424,2,"KEYED PROCESS, Train->Infer, _stream_key_by_map_operator",0,backPressuredTimeMsPerSecond,0.0
1784195424,2,"KEYED PROCESS, Train->Infer, _stream_key_by_map_operator",1,busyTimeMsPerSecond,601.0
1784195424,2,"KEYED PROCESS, Train->Infer, _stream_key_by_map_operator",1,numRecordsOutPerSecond,58.333333333333336
1784195424,2,"KEYED PROCESS, Train->Infer, _stream_key_by_map_operator",1,idleTimeMsPerSecond,0.0
1784195424,2,"KEYED PROCESS, Train->Infer, _stream_key_by_map_operator",1,numRecordsOut,34605.0
1784195424,2,"KEYED PROCESS, Train->Infer, _stream_key_by_map_operator",1,numRecordsIn,174.0
1784195424,2,"KEYED PROCESS, Train->Infer, _stream_key_by_map_operator",1,numRecordsInPerSecond,0.13333333333333333
1784195424,2,"KEYED PROCESS, Train->Infer, _stream_key_by_map_operator",1,backPressuredTimeMsPerSecond,399.0
1784195424,2,"Infer->Rank, Rank->Filter, Filter -> Sink: Writer -> Sink: Committer",0,busyTimeMsPerSecond,874.0
1784195424,2,"Infer->Rank, Rank->Filter, Filter -> Sink: Writer -> Sink: Committer",0,numRecordsOutPerSecond,48.333333333333336
1784195424,2,"Infer->Rank, Rank->Filter, Filter -> Sink: Writer -> Sink: Committer",0,idleTimeMsPerSecond,126.0
1784195424,2,"Infer->Rank, Rank->Filter, Filter -> Sink: Writer -> Sink: Committer",0,numRecordsOut,35470.0
1784195424,2,"Infer->Rank, Rank->Filter, Filter -> Sink: Writer -> Sink: Committer",0,numRecordsIn,36609.0
1784195424,2,"Infer->Rank, Rank->Filter, Filter -> Sink: Writer -> Sink: Committer",0,numRecordsInPerSecond,48.46666666666667
1784195424,2,"Infer->Rank, Rank->Filter, Filter -> Sink: Writer -> Sink: Committer",0,backPressuredTimeMsPerSecond,0.0
1784195424,2,"Infer->Rank, Rank->Filter, Filter -> Sink: Writer -> Sink: Committer",1,busyTimeMsPerSecond,1000.0
1784195424,2,"Infer->Rank, Rank->Filter, Filter -> Sink: Writer -> Sink: Committer",1,numRecordsOutPerSecond,60.833333333333336
1784195424,2,"Infer->Rank, Rank->Filter, Filter -> Sink: Writer -> Sink: Committer",1,idleTimeMsPerSecond,0.0
1784195424,2,"Infer->Rank, Rank->Filter, Filter -> Sink: Writer -> Sink: Committer",1,numRecordsOut,31070.0
1784195424,2,"Infer->Rank, Rank->Filter, Filter -> Sink: Writer -> Sink: Committer",1,numRecordsIn,31193.0
1784195424,2,"Infer->Rank, Rank->Filter, Filter -> Sink: Writer -> Sink: Committer",1,numRecordsInPerSecond,60.88333333333333
1784195424,2,"Infer->Rank, Rank->Filter, Filter -> Sink: Writer -> Sink: Committer",1,backPressuredTimeMsPerSecond,0.0
1784195439,2,"Source: Source-data -> LoadJSON, Parse, _stream_key_by_map_operator",0,busyTimeMsPerSecond,1.0
1784195439,2,"Source: Source-data -> LoadJSON, Parse, _stream_key_by_map_operator",0,numRecordsOutPerSecond,0.0
1784195439,2,"Source: Source-data -> LoadJSON, Parse, _stream_key_by_map_operator",0,idleTimeMsPerSecond,0.0
1784195439,2,"Source: Source-data -> LoadJSON, Parse, _stream_key_by_map_operator",0,numRecordsOut,4242.0
1784195439,2,"Source: Source-data -> LoadJSON, Parse, _stream_key_by_map_operator",0,numRecordsIn,4242.0
1784195439,2,"Source: Source-data -> LoadJSON, Parse, _stream_key_by_map_operator",0,numRecordsInPerSecond,0.0
1784195439,2,"Source: Source-data -> LoadJSON, Parse, _stream_key_by_map_operator",0,backPressuredTimeMsPerSecond,999.0
1784195439,2,"Source: Source-data -> LoadJSON, Parse, _stream_key_by_map_operator",1,busyTimeMsPerSecond,1.0
1784195439,2,"Source: Source-data -> LoadJSON, Parse, _stream_key_by_map_operator",1,numRecordsOutPerSecond,0.0
1784195439,2,"Source: Source-data -> LoadJSON, Parse, _stream_key_by_map_operator",1,idleTimeMsPerSecond,0.0
1784195439,2,"Source: Source-data -> LoadJSON, Parse, _stream_key_by_map_operator",1,numRecordsOut,4310.0
1784195439,2,"Source: Source-data -> LoadJSON, Parse, _stream_key_by_map_operator",1,numRecordsIn,4310.0
1784195439,2,"Source: Source-data -> LoadJSON, Parse, _stream_key_by_map_operator",1,numRecordsInPerSecond,0.0
1784195439,2,"Source: Source-data -> LoadJSON, Parse, _stream_key_by_map_operator",1,backPressuredTimeMsPerSecond,999.0
1784195439,2,"KEYED PROCESS, Parse->Train, _stream_key_by_map_operator",0,busyTimeMsPerSecond,379.0
1784195439,2,"KEYED PROCESS, Parse->Train, _stream_key_by_map_operator",0,numRecordsOutPerSecond,0.11666666666666667
1784195439,2,"KEYED PROCESS, Parse->Train, _stream_key_by_map_operator",0,idleTimeMsPerSecond,0.0
1784195439,2,"KEYED PROCESS, Parse->Train, _stream_key_by_map_operator",0,numRecordsOut,210.0
1784195439,2,"KEYED PROCESS, Parse->Train, _stream_key_by_map_operator",0,numRecordsIn,211.0
1784195439,2,"KEYED PROCESS, Parse->Train, _stream_key_by_map_operator",0,numRecordsInPerSecond,0.11666666666666667
1784195439,2,"KEYED PROCESS, Parse->Train, _stream_key_by_map_operator",0,backPressuredTimeMsPerSecond,621.0
1784195439,2,"KEYED PROCESS, Parse->Train, _stream_key_by_map_operator",1,busyTimeMsPerSecond,441.0
1784195439,2,"KEYED PROCESS, Parse->Train, _stream_key_by_map_operator",1,numRecordsOutPerSecond,0.15
1784195439,2,"KEYED PROCESS, Parse->Train, _stream_key_by_map_operator",1,idleTimeMsPerSecond,0.0
1784195439,2,"KEYED PROCESS, Parse->Train, _stream_key_by_map_operator",1,numRecordsOut,181.0
1784195439,2,"KEYED PROCESS, Parse->Train, _stream_key_by_map_operator",1,numRecordsIn,182.0
1784195439,2,"KEYED PROCESS, Parse->Train, _stream_key_by_map_operator",1,numRecordsInPerSecond,0.15
1784195439,2,"KEYED PROCESS, Parse->Train, _stream_key_by_map_operator",1,backPressuredTimeMsPerSecond,559.0
1784195439,2,"KEYED PROCESS, Train->Infer, _stream_key_by_map_operator",0,busyTimeMsPerSecond,574.0
1784195439,2,"KEYED PROCESS, Train->Infer, _stream_key_by_map_operator",0,numRecordsOutPerSecond,66.66666666666667
1784195439,2,"KEYED PROCESS, Train->Infer, _stream_key_by_map_operator",0,idleTimeMsPerSecond,426.0
1784195439,2,"KEYED PROCESS, Train->Infer, _stream_key_by_map_operator",0,numRecordsOut,39135.0
1784195439,2,"KEYED PROCESS, Train->Infer, _stream_key_by_map_operator",0,numRecordsIn,214.0
1784195439,2,"KEYED PROCESS, Train->Infer, _stream_key_by_map_operator",0,numRecordsInPerSecond,0.15
1784195439,2,"KEYED PROCESS, Train->Infer, _stream_key_by_map_operator",0,backPressuredTimeMsPerSecond,0.0
1784195439,2,"KEYED PROCESS, Train->Infer, _stream_key_by_map_operator",1,busyTimeMsPerSecond,577.0
1784195439,2,"KEYED PROCESS, Train->Infer, _stream_key_by_map_operator",1,numRecordsOutPerSecond,58.333333333333336
1784195439,2,"KEYED PROCESS, Train->Infer, _stream_key_by_map_operator",1,idleTimeMsPerSecond,0.0
1784195439,2,"KEYED PROCESS, Train->Infer, _stream_key_by_map_operator",1,numRecordsOut,35105.0
1784195439,2,"KEYED PROCESS, Train->Infer, _stream_key_by_map_operator",1,numRecordsIn,176.0
1784195439,2,"KEYED PROCESS, Train->Infer, _stream_key_by_map_operator",1,numRecordsInPerSecond,0.11666666666666667
1784195439,2,"KEYED PROCESS, Train->Infer, _stream_key_by_map_operator",1,backPressuredTimeMsPerSecond,423.0
1784195439,2,"Infer->Rank, Rank->Filter, Filter -> Sink: Writer -> Sink: Committer",0,busyTimeMsPerSecond,1000.0
1784195439,2,"Infer->Rank, Rank->Filter, Filter -> Sink: Writer -> Sink: Committer",0,numRecordsOutPerSecond,64.83333333333333
1784195439,2,"Infer->Rank, Rank->Filter, Filter -> Sink: Writer -> Sink: Committer",0,idleTimeMsPerSecond,0.0
1784195439,2,"Infer->Rank, Rank->Filter, Filter -> Sink: Writer -> Sink: Committer",0,numRecordsOut,36740.0
1784195439,2,"Infer->Rank, Rank->Filter, Filter -> Sink: Writer -> Sink: Committer",0,numRecordsIn,37880.0
1784195439,2,"Infer->Rank, Rank->Filter, Filter -> Sink: Writer -> Sink: Committer",0,numRecordsInPerSecond,64.73333333333333
1784195439,2,"Infer->Rank, Rank->Filter, Filter -> Sink: Writer -> Sink: Committer",0,backPressuredTimeMsPerSecond,0.0
1784195439,2,"Infer->Rank, Rank->Filter, Filter -> Sink: Writer -> Sink: Committer",1,busyTimeMsPerSecond,1000.0
1784195439,2,"Infer->Rank, Rank->Filter, Filter -> Sink: Writer -> Sink: Committer",1,numRecordsOutPerSecond,60.0
1784195439,2,"Infer->Rank, Rank->Filter, Filter -> Sink: Writer -> Sink: Committer",1,idleTimeMsPerSecond,0.0
1784195439,2,"Infer->Rank, Rank->Filter, Filter -> Sink: Writer -> Sink: Committer",1,numRecordsOut,32910.0
1784195439,2,"Infer->Rank, Rank->Filter, Filter -> Sink: Writer -> Sink: Committer",1,numRecordsIn,33030.0
1784195439,2,"Infer->Rank, Rank->Filter, Filter -> Sink: Writer -> Sink: Committer",1,numRecordsInPerSecond,59.88333333333333
1784195439,2,"Infer->Rank, Rank->Filter, Filter -> Sink: Writer -> Sink: Committer",1,backPressuredTimeMsPerSecond,0.0
1784195454,2,"Source: Source-data -> LoadJSON, Parse, _stream_key_by_map_operator",0,busyTimeMsPerSecond,1.0
1784195454,2,"Source: Source-data -> LoadJSON, Parse, _stream_key_by_map_operator",0,numRecordsOutPerSecond,0.0
1784195454,2,"Source: Source-data -> LoadJSON, Parse, _stream_key_by_map_operator",0,idleTimeMsPerSecond,0.0
1784195454,2,"Source: Source-data -> LoadJSON, Parse, _stream_key_by_map_operator",0,numRecordsOut,4242.0
1784195454,2,"Source: Source-data -> LoadJSON, Parse, _stream_key_by_map_operator",0,numRecordsIn,4242.0
1784195454,2,"Source: Source-data -> LoadJSON, Parse, _stream_key_by_map_operator",0,numRecordsInPerSecond,0.0
1784195454,2,"Source: Source-data -> LoadJSON, Parse, _stream_key_by_map_operator",0,backPressuredTimeMsPerSecond,999.0
1784195454,2,"Source: Source-data -> LoadJSON, Parse, _stream_key_by_map_operator",1,busyTimeMsPerSecond,1.0
1784195454,2,"Source: Source-data -> LoadJSON, Parse, _stream_key_by_map_operator",1,numRecordsOutPerSecond,0.0
1784195454,2,"Source: Source-data -> LoadJSON, Parse, _stream_key_by_map_operator",1,idleTimeMsPerSecond,0.0
1784195454,2,"Source: Source-data -> LoadJSON, Parse, _stream_key_by_map_operator",1,numRecordsOut,4310.0
1784195454,2,"Source: Source-data -> LoadJSON, Parse, _stream_key_by_map_operator",1,numRecordsIn,4310.0
1784195454,2,"Source: Source-data -> LoadJSON, Parse, _stream_key_by_map_operator",1,numRecordsInPerSecond,0.0
1784195454,2,"Source: Source-data -> LoadJSON, Parse, _stream_key_by_map_operator",1,backPressuredTimeMsPerSecond,999.0
1784195454,2,"KEYED PROCESS, Parse->Train, _stream_key_by_map_operator",0,busyTimeMsPerSecond,235.0
1784195454,2,"KEYED PROCESS, Parse->Train, _stream_key_by_map_operator",0,numRecordsOutPerSecond,0.08333333333333333
1784195454,2,"KEYED PROCESS, Parse->Train, _stream_key_by_map_operator",0,idleTimeMsPerSecond,0.0
1784195454,2,"KEYED PROCESS, Parse->Train, _stream_key_by_map_operator",0,numRecordsOut,211.0
1784195454,2,"KEYED PROCESS, Parse->Train, _stream_key_by_map_operator",0,numRecordsIn,212.0
1784195454,2,"KEYED PROCESS, Parse->Train, _stream_key_by_map_operator",0,numRecordsInPerSecond,0.08333333333333333
1784195454,2,"KEYED PROCESS, Parse->Train, _stream_key_by_map_operator",0,backPressuredTimeMsPerSecond,765.0
1784195454,2,"KEYED PROCESS, Parse->Train, _stream_key_by_map_operator",1,busyTimeMsPerSecond,462.0
1784195454,2,"KEYED PROCESS, Parse->Train, _stream_key_by_map_operator",1,numRecordsOutPerSecond,0.16666666666666666
1784195454,2,"KEYED PROCESS, Parse->Train, _stream_key_by_map_operator",1,idleTimeMsPerSecond,0.0
1784195454,2,"KEYED PROCESS, Parse->Train, _stream_key_by_map_operator",1,numRecordsOut,183.0
1784195454,2,"KEYED PROCESS, Parse->Train, _stream_key_by_map_operator",1,numRecordsIn,184.0
1784195454,2,"KEYED PROCESS, Parse->Train, _stream_key_by_map_operator",1,numRecordsInPerSecond,0.16666666666666666
1784195454,2,"KEYED PROCESS, Parse->Train, _stream_key_by_map_operator",1,backPressuredTimeMsPerSecond,538.0
1784195454,2,"KEYED PROCESS, Train->Infer, _stream_key_by_map_operator",0,busyTimeMsPerSecond,384.0
1784195454,2,"KEYED PROCESS, Train->Infer, _stream_key_by_map_operator",0,numRecordsOutPerSecond,50.0
1784195454,2,"KEYED PROCESS, Train->Infer, _stream_key_by_map_operator",0,idleTimeMsPerSecond,616.0
1784195454,2,"KEYED PROCESS, Train->Infer, _stream_key_by_map_operator",0,numRecordsOut,39635.0
1784195454,2,"KEYED PROCESS, Train->Infer, _stream_key_by_map_operator",0,numRecordsIn,215.0
1784195454,2,"KEYED PROCESS, Train->Infer, _stream_key_by_map_operator",0,numRecordsInPerSecond,0.1
1784195454,2,"KEYED PROCESS, Train->Infer, _stream_key_by_map_operator",0,backPressuredTimeMsPerSecond,0.0
1784195454,2,"KEYED PROCESS, Train->Infer, _stream_key_by_map_operator",1,busyTimeMsPerSecond,628.0
1784195454,2,"KEYED PROCESS, Train->Infer, _stream_key_by_map_operator",1,numRecordsOutPerSecond,58.333333333333336
1784195454,2,"KEYED PROCESS, Train->Infer, _stream_key_by_map_operator",1,idleTimeMsPerSecond,0.0
1784195454,2,"KEYED PROCESS, Train->Infer, _stream_key_by_map_operator",1,numRecordsOut,36105.0
1784195454,2,"KEYED PROCESS, Train->Infer, _stream_key_by_map_operator",1,numRecordsIn,178.0
1784195454,2,"KEYED PROCESS, Train->Infer, _stream_key_by_map_operator",1,numRecordsInPerSecond,0.13333333333333333
1784195454,2,"KEYED PROCESS, Train->Infer, _stream_key_by_map_operator",1,backPressuredTimeMsPerSecond,372.0
1784195454,2,"Infer->Rank, Rank->Filter, Filter -> Sink: Writer -> Sink: Committer",0,busyTimeMsPerSecond,1000.0
1784195454,2,"Infer->Rank, Rank->Filter, Filter -> Sink: Writer -> Sink: Committer",0,numRecordsOutPerSecond,78.5
1784195454,2,"Infer->Rank, Rank->Filter, Filter -> Sink: Writer -> Sink: Committer",0,idleTimeMsPerSecond,0.0
1784195454,2,"Infer->Rank, Rank->Filter, Filter -> Sink: Writer -> Sink: Committer",0,numRecordsOut,38190.0
1784195454,2,"Infer->Rank, Rank->Filter, Filter -> Sink: Writer -> Sink: Committer",0,numRecordsIn,39332.0
1784195454,2,"Infer->Rank, Rank->Filter, Filter -> Sink: Writer -> Sink: Committer",0,numRecordsInPerSecond,78.56666666666666
1784195454,2,"Infer->Rank, Rank->Filter, Filter -> Sink: Writer -> Sink: Committer",0,backPressuredTimeMsPerSecond,0.0
1784195454,2,"Infer->Rank, Rank->Filter, Filter -> Sink: Writer -> Sink: Committer",1,busyTimeMsPerSecond,1000.0
1784195454,2,"Infer->Rank, Rank->Filter, Filter -> Sink: Writer -> Sink: Committer",1,numRecordsOutPerSecond,60.0
1784195454,2,"Infer->Rank, Rank->Filter, Filter -> Sink: Writer -> Sink: Committer",1,idleTimeMsPerSecond,0.0
1784195454,2,"Infer->Rank, Rank->Filter, Filter -> Sink: Writer -> Sink: Committer",1,numRecordsOut,32910.0
1784195454,2,"Infer->Rank, Rank->Filter, Filter -> Sink: Writer -> Sink: Committer",1,numRecordsIn,33030.0
1784195454,2,"Infer->Rank, Rank->Filter, Filter -> Sink: Writer -> Sink: Committer",1,numRecordsInPerSecond,59.88333333333333
1784195454,2,"Infer->Rank, Rank->Filter, Filter -> Sink: Writer -> Sink: Committer",1,backPressuredTimeMsPerSecond,0.0
1784195469,2,"Source: Source-data -> LoadJSON, Parse, _stream_key_by_map_operator",0,busyTimeMsPerSecond,1.0
1784195469,2,"Source: Source-data -> LoadJSON, Parse, _stream_key_by_map_operator",0,numRecordsOutPerSecond,0.0
1784195469,2,"Source: Source-data -> LoadJSON, Parse, _stream_key_by_map_operator",0,idleTimeMsPerSecond,0.0
1784195469,2,"Source: Source-data -> LoadJSON, Parse, _stream_key_by_map_operator",0,numRecordsOut,4242.0
1784195469,2,"Source: Source-data -> LoadJSON, Parse, _stream_key_by_map_operator",0,numRecordsIn,4242.0
1784195469,2,"Source: Source-data -> LoadJSON, Parse, _stream_key_by_map_operator",0,numRecordsInPerSecond,0.0
1784195469,2,"Source: Source-data -> LoadJSON, Parse, _stream_key_by_map_operator",0,backPressuredTimeMsPerSecond,999.0
1784195469,2,"Source: Source-data -> LoadJSON, Parse, _stream_key_by_map_operator",1,busyTimeMsPerSecond,1.0
1784195469,2,"Source: Source-data -> LoadJSON, Parse, _stream_key_by_map_operator",1,numRecordsOutPerSecond,0.0
1784195469,2,"Source: Source-data -> LoadJSON, Parse, _stream_key_by_map_operator",1,idleTimeMsPerSecond,0.0
1784195469,2,"Source: Source-data -> LoadJSON, Parse, _stream_key_by_map_operator",1,numRecordsOut,4310.0
1784195469,2,"Source: Source-data -> LoadJSON, Parse, _stream_key_by_map_operator",1,numRecordsIn,4310.0
1784195469,2,"Source: Source-data -> LoadJSON, Parse, _stream_key_by_map_operator",1,numRecordsInPerSecond,0.0
1784195469,2,"Source: Source-data -> LoadJSON, Parse, _stream_key_by_map_operator",1,backPressuredTimeMsPerSecond,999.0
1784195469,2,"KEYED PROCESS, Parse->Train, _stream_key_by_map_operator",0,busyTimeMsPerSecond,134.0
1784195469,2,"KEYED PROCESS, Parse->Train, _stream_key_by_map_operator",0,numRecordsOutPerSecond,0.06666666666666667
1784195469,2,"KEYED PROCESS, Parse->Train, _stream_key_by_map_operator",0,idleTimeMsPerSecond,0.0
1784195469,2,"KEYED PROCESS, Parse->Train, _stream_key_by_map_operator",0,numRecordsOut,212.0
1784195469,2,"KEYED PROCESS, Parse->Train, _stream_key_by_map_operator",0,numRecordsIn,213.0
1784195469,2,"KEYED PROCESS, Parse->Train, _stream_key_by_map_operator",0,numRecordsInPerSecond,0.06666666666666667
1784195469,2,"KEYED PROCESS, Parse->Train, _stream_key_by_map_operator",0,backPressuredTimeMsPerSecond,866.0
1784195469,2,"KEYED PROCESS, Parse->Train, _stream_key_by_map_operator",1,busyTimeMsPerSecond,401.0
1784195469,2,"KEYED PROCESS, Parse->Train, _stream_key_by_map_operator",1,numRecordsOutPerSecond,0.15
1784195469,2,"KEYED PROCESS, Parse->Train, _stream_key_by_map_operator",1,idleTimeMsPerSecond,0.0
1784195469,2,"KEYED PROCESS, Parse->Train, _stream_key_by_map_operator",1,numRecordsOut,184.0
1784195469,2,"KEYED PROCESS, Parse->Train, _stream_key_by_map_operator",1,numRecordsIn,185.0
1784195469,2,"KEYED PROCESS, Parse->Train, _stream_key_by_map_operator",1,numRecordsInPerSecond,0.15
1784195469,2,"KEYED PROCESS, Parse->Train, _stream_key_by_map_operator",1,backPressuredTimeMsPerSecond,599.0
1784195469,2,"KEYED PROCESS, Train->Infer, _stream_key_by_map_operator",0,busyTimeMsPerSecond,156.0
1784195469,2,"KEYED PROCESS, Train->Infer, _stream_key_by_map_operator",0,numRecordsOutPerSecond,25.0
1784195469,2,"KEYED PROCESS, Train->Infer, _stream_key_by_map_operator",0,idleTimeMsPerSecond,844.0
1784195469,2,"KEYED PROCESS, Train->Infer, _stream_key_by_map_operator",0,numRecordsOut,40135.0
1784195469,2,"KEYED PROCESS, Train->Infer, _stream_key_by_map_operator",0,numRecordsIn,215.0
1784195469,2,"KEYED PROCESS, Train->Infer, _stream_key_by_map_operator",0,numRecordsInPerSecond,0.03333333333333333
1784195469,2,"KEYED PROCESS, Train->Infer, _stream_key_by_map_operator",0,backPressuredTimeMsPerSecond,0.0
1784195469,2,"KEYED PROCESS, Train->Infer, _stream_key_by_map_operator",1,busyTimeMsPerSecond,581.0
1784195469,2,"KEYED PROCESS, Train->Infer, _stream_key_by_map_operator",1,numRecordsOutPerSecond,66.66666666666667
1784195469,2,"KEYED PROCESS, Train->Infer, _stream_key_by_map_operator",1,idleTimeMsPerSecond,0.0
1784195469,2,"KEYED PROCESS, Train->Infer, _stream_key_by_map_operator",1,numRecordsOut,38105.0
1784195469,2,"KEYED PROCESS, Train->Infer, _stream_key_by_map_operator",1,numRecordsIn,182.0
1784195469,2,"KEYED PROCESS, Train->Infer, _stream_key_by_map_operator",1,numRecordsInPerSecond,0.13333333333333333
1784195469,2,"KEYED PROCESS, Train->Infer, _stream_key_by_map_operator",1,backPressuredTimeMsPerSecond,419.0
1784195469,2,"Infer->Rank, Rank->Filter, Filter -> Sink: Writer -> Sink: Committer",0,busyTimeMsPerSecond,667.0
1784195469,2,"Infer->Rank, Rank->Filter, Filter -> Sink: Writer -> Sink: Committer",0,numRecordsOutPerSecond,60.0
1784195469,2,"Infer->Rank, Rank->Filter, Filter -> Sink: Writer -> Sink: Committer",0,idleTimeMsPerSecond,333.0
1784195469,2,"Infer->Rank, Rank->Filter, Filter -> Sink: Writer -> Sink: Committer",0,numRecordsOut,39000.0
1784195469,2,"Infer->Rank, Rank->Filter, Filter -> Sink: Writer -> Sink: Committer",0,numRecordsIn,40135.0
1784195469,2,"Infer->Rank, Rank->Filter, Filter -> Sink: Writer -> Sink: Committer",0,numRecordsInPerSecond,59.86666666666667
1784195469,2,"Infer->Rank, Rank->Filter, Filter -> Sink: Writer -> Sink: Committer",0,backPressuredTimeMsPerSecond,0.0
1784195469,2,"Infer->Rank, Rank->Filter, Filter -> Sink: Writer -> Sink: Committer",1,busyTimeMsPerSecond,1000.0
1784195469,2,"Infer->Rank, Rank->Filter, Filter -> Sink: Writer -> Sink: Committer",1,numRecordsOutPerSecond,66.33333333333333
1784195469,2,"Infer->Rank, Rank->Filter, Filter -> Sink: Writer -> Sink: Committer",1,idleTimeMsPerSecond,0.0
1784195469,2,"Infer->Rank, Rank->Filter, Filter -> Sink: Writer -> Sink: Committer",1,numRecordsOut,35050.0
1784195469,2,"Infer->Rank, Rank->Filter, Filter -> Sink: Writer -> Sink: Committer",1,numRecordsIn,35169.0
1784195469,2,"Infer->Rank, Rank->Filter, Filter -> Sink: Writer -> Sink: Committer",1,numRecordsInPerSecond,66.46666666666667
1784195469,2,"Infer->Rank, Rank->Filter, Filter -> Sink: Writer -> Sink: Committer",1,backPressuredTimeMsPerSecond,0.0
1784195484,2,"Source: Source-data -> LoadJSON, Parse, _stream_key_by_map_operator",0,busyTimeMsPerSecond,1.0
1784195484,2,"Source: Source-data -> LoadJSON, Parse, _stream_key_by_map_operator",0,numRecordsOutPerSecond,0.0
1784195484,2,"Source: Source-data -> LoadJSON, Parse, _stream_key_by_map_operator",0,idleTimeMsPerSecond,0.0
1784195484,2,"Source: Source-data -> LoadJSON, Parse, _stream_key_by_map_operator",0,numRecordsOut,4242.0
1784195484,2,"Source: Source-data -> LoadJSON, Parse, _stream_key_by_map_operator",0,numRecordsIn,4242.0
1784195484,2,"Source: Source-data -> LoadJSON, Parse, _stream_key_by_map_operator",0,numRecordsInPerSecond,0.0
1784195484,2,"Source: Source-data -> LoadJSON, Parse, _stream_key_by_map_operator",0,backPressuredTimeMsPerSecond,999.0
1784195484,2,"Source: Source-data -> LoadJSON, Parse, _stream_key_by_map_operator",1,busyTimeMsPerSecond,1.0
1784195484,2,"Source: Source-data -> LoadJSON, Parse, _stream_key_by_map_operator",1,numRecordsOutPerSecond,0.0
1784195484,2,"Source: Source-data -> LoadJSON, Parse, _stream_key_by_map_operator",1,idleTimeMsPerSecond,0.0
1784195484,2,"Source: Source-data -> LoadJSON, Parse, _stream_key_by_map_operator",1,numRecordsOut,4310.0
1784195484,2,"Source: Source-data -> LoadJSON, Parse, _stream_key_by_map_operator",1,numRecordsIn,4310.0
1784195484,2,"Source: Source-data -> LoadJSON, Parse, _stream_key_by_map_operator",1,numRecordsInPerSecond,0.0
1784195484,2,"Source: Source-data -> LoadJSON, Parse, _stream_key_by_map_operator",1,backPressuredTimeMsPerSecond,999.0
1784195484,2,"KEYED PROCESS, Parse->Train, _stream_key_by_map_operator",0,busyTimeMsPerSecond,116.0
1784195484,2,"KEYED PROCESS, Parse->Train, _stream_key_by_map_operator",0,numRecordsOutPerSecond,0.06666666666666667
1784195484,2,"KEYED PROCESS, Parse->Train, _stream_key_by_map_operator",0,idleTimeMsPerSecond,0.0
1784195484,2,"KEYED PROCESS, Parse->Train, _stream_key_by_map_operator",0,numRecordsOut,213.0
1784195484,2,"KEYED PROCESS, Parse->Train, _stream_key_by_map_operator",0,numRecordsIn,214.0
1784195484,2,"KEYED PROCESS, Parse->Train, _stream_key_by_map_operator",0,numRecordsInPerSecond,0.06666666666666667
1784195484,2,"KEYED PROCESS, Parse->Train, _stream_key_by_map_operator",0,backPressuredTimeMsPerSecond,884.0
1784195484,2,"KEYED PROCESS, Parse->Train, _stream_key_by_map_operator",1,busyTimeMsPerSecond,278.0
1784195484,2,"KEYED PROCESS, Parse->Train, _stream_key_by_map_operator",1,numRecordsOutPerSecond,0.1
1784195484,2,"KEYED PROCESS, Parse->Train, _stream_key_by_map_operator",1,idleTimeMsPerSecond,0.0
1784195484,2,"KEYED PROCESS, Parse->Train, _stream_key_by_map_operator",1,numRecordsOut,186.0
1784195484,2,"KEYED PROCESS, Parse->Train, _stream_key_by_map_operator",1,numRecordsIn,187.0
1784195484,2,"KEYED PROCESS, Parse->Train, _stream_key_by_map_operator",1,numRecordsInPerSecond,0.1
1784195484,2,"KEYED PROCESS, Parse->Train, _stream_key_by_map_operator",1,backPressuredTimeMsPerSecond,722.0
1784195484,2,"KEYED PROCESS, Train->Infer, _stream_key_by_map_operator",0,busyTimeMsPerSecond,156.0
1784195484,2,"KEYED PROCESS, Train->Infer, _stream_key_by_map_operator",0,numRecordsOutPerSecond,25.0
1784195484,2,"KEYED PROCESS, Train->Infer, _stream_key_by_map_operator",0,idleTimeMsPerSecond,844.0
1784195484,2,"KEYED PROCESS, Train->Infer, _stream_key_by_map_operator",0,numRecordsOut,40135.0
1784195484,2,"KEYED PROCESS, Train->Infer, _stream_key_by_map_operator",0,numRecordsIn,215.0
1784195484,2,"KEYED PROCESS, Train->Infer, _stream_key_by_map_operator",0,numRecordsInPerSecond,0.03333333333333333
1784195484,2,"KEYED PROCESS, Train->Infer, _stream_key_by_map_operator",0,backPressuredTimeMsPerSecond,0.0
1784195484,2,"KEYED PROCESS, Train->Infer, _stream_key_by_map_operator",1,busyTimeMsPerSecond,618.0
1784195484,2,"KEYED PROCESS, Train->Infer, _stream_key_by_map_operator",1,numRecordsOutPerSecond,66.66666666666667
1784195484,2,"KEYED PROCESS, Train->Infer, _stream_key_by_map_operator",1,idleTimeMsPerSecond,0.0
1784195484,2,"KEYED PROCESS, Train->Infer, _stream_key_by_map_operator",1,numRecordsOut,39105.0
1784195484,2,"KEYED PROCESS, Train->Infer, _stream_key_by_map_operator",1,numRecordsIn,183.0
1784195484,2,"KEYED PROCESS, Train->Infer, _stream_key_by_map_operator",1,numRecordsInPerSecond,0.11666666666666667
1784195484,2,"KEYED PROCESS, Train->Infer, _stream_key_by_map_operator",1,backPressuredTimeMsPerSecond,382.0
1784195484,2,"Infer->Rank, Rank->Filter, Filter -> Sink: Writer -> Sink: Committer",0,busyTimeMsPerSecond,584.0
1784195484,2,"Infer->Rank, Rank->Filter, Filter -> Sink: Writer -> Sink: Committer",0,numRecordsOutPerSecond,54.333333333333336
1784195484,2,"Infer->Rank, Rank->Filter, Filter -> Sink: Writer -> Sink: Committer",0,idleTimeMsPerSecond,416.0
1784195484,2,"Infer->Rank, Rank->Filter, Filter -> Sink: Writer -> Sink: Committer",0,numRecordsOut,40000.0
1784195484,2,"Infer->Rank, Rank->Filter, Filter -> Sink: Writer -> Sink: Committer",0,numRecordsIn,41135.0
1784195484,2,"Infer->Rank, Rank->Filter, Filter -> Sink: Writer -> Sink: Committer",0,numRecordsInPerSecond,54.35
1784195484,2,"Infer->Rank, Rank->Filter, Filter -> Sink: Writer -> Sink: Committer",0,backPressuredTimeMsPerSecond,0.0
1784195484,2,"Infer->Rank, Rank->Filter, Filter -> Sink: Writer -> Sink: Committer",1,busyTimeMsPerSecond,1000.0
1784195484,2,"Infer->Rank, Rank->Filter, Filter -> Sink: Writer -> Sink: Committer",1,numRecordsOutPerSecond,61.166666666666664
1784195484,2,"Infer->Rank, Rank->Filter, Filter -> Sink: Writer -> Sink: Committer",1,idleTimeMsPerSecond,0.0
1784195484,2,"Infer->Rank, Rank->Filter, Filter -> Sink: Writer -> Sink: Committer",1,numRecordsOut,35950.0
1784195484,2,"Infer->Rank, Rank->Filter, Filter -> Sink: Writer -> Sink: Committer",1,numRecordsIn,36072.0
1784195484,2,"Infer->Rank, Rank->Filter, Filter -> Sink: Writer -> Sink: Committer",1,numRecordsInPerSecond,61.2
1784195484,2,"Infer->Rank, Rank->Filter, Filter -> Sink: Writer -> Sink: Committer",1,backPressuredTimeMsPerSecond,0.0
1784195499,2,"Source: Source-data -> LoadJSON, Parse, _stream_key_by_map_operator",0,busyTimeMsPerSecond,1.0
1784195499,2,"Source: Source-data -> LoadJSON, Parse, _stream_key_by_map_operator",0,numRecordsOutPerSecond,0.0
1784195499,2,"Source: Source-data -> LoadJSON, Parse, _stream_key_by_map_operator",0,idleTimeMsPerSecond,0.0
1784195499,2,"Source: Source-data -> LoadJSON, Parse, _stream_key_by_map_operator",0,numRecordsOut,4242.0
1784195499,2,"Source: Source-data -> LoadJSON, Parse, _stream_key_by_map_operator",0,numRecordsIn,4242.0
1784195499,2,"Source: Source-data -> LoadJSON, Parse, _stream_key_by_map_operator",0,numRecordsInPerSecond,0.0
1784195499,2,"Source: Source-data -> LoadJSON, Parse, _stream_key_by_map_operator",0,backPressuredTimeMsPerSecond,999.0
1784195499,2,"Source: Source-data -> LoadJSON, Parse, _stream_key_by_map_operator",1,busyTimeMsPerSecond,0.0
1784195499,2,"Source: Source-data -> LoadJSON, Parse, _stream_key_by_map_operator",1,numRecordsOutPerSecond,0.0
1784195499,2,"Source: Source-data -> LoadJSON, Parse, _stream_key_by_map_operator",1,idleTimeMsPerSecond,0.0
1784195499,2,"Source: Source-data -> LoadJSON, Parse, _stream_key_by_map_operator",1,numRecordsOut,4310.0
1784195499,2,"Source: Source-data -> LoadJSON, Parse, _stream_key_by_map_operator",1,numRecordsIn,4310.0
1784195499,2,"Source: Source-data -> LoadJSON, Parse, _stream_key_by_map_operator",1,numRecordsInPerSecond,0.0
1784195499,2,"Source: Source-data -> LoadJSON, Parse, _stream_key_by_map_operator",1,backPressuredTimeMsPerSecond,1000.0
1784195499,2,"KEYED PROCESS, Parse->Train, _stream_key_by_map_operator",0,busyTimeMsPerSecond,104.0
1784195499,2,"KEYED PROCESS, Parse->Train, _stream_key_by_map_operator",0,numRecordsOutPerSecond,0.05
1784195499,2,"KEYED PROCESS, Parse->Train, _stream_key_by_map_operator",0,idleTimeMsPerSecond,0.0
1784195499,2,"KEYED PROCESS, Parse->Train, _stream_key_by_map_operator",0,numRecordsOut,213.0
1784195499,2,"KEYED PROCESS, Parse->Train, _stream_key_by_map_operator",0,numRecordsIn,214.0
1784195499,2,"KEYED PROCESS, Parse->Train, _stream_key_by_map_operator",0,numRecordsInPerSecond,0.05
1784195499,2,"KEYED PROCESS, Parse->Train, _stream_key_by_map_operator",0,backPressuredTimeMsPerSecond,896.0
1784195499,2,"KEYED PROCESS, Parse->Train, _stream_key_by_map_operator",1,busyTimeMsPerSecond,348.0
1784195499,2,"KEYED PROCESS, Parse->Train, _stream_key_by_map_operator",1,numRecordsOutPerSecond,0.1
1784195499,2,"KEYED PROCESS, Parse->Train, _stream_key_by_map_operator",1,idleTimeMsPerSecond,0.0
1784195499,2,"KEYED PROCESS, Parse->Train, _stream_key_by_map_operator",1,numRecordsOut,187.0
1784195499,2,"KEYED PROCESS, Parse->Train, _stream_key_by_map_operator",1,numRecordsIn,188.0
1784195499,2,"KEYED PROCESS, Parse->Train, _stream_key_by_map_operator",1,numRecordsInPerSecond,0.1
1784195499,2,"KEYED PROCESS, Parse->Train, _stream_key_by_map_operator",1,backPressuredTimeMsPerSecond,652.0
1784195499,2,"KEYED PROCESS, Train->Infer, _stream_key_by_map_operator",0,busyTimeMsPerSecond,232.0
1784195499,2,"KEYED PROCESS, Train->Infer, _stream_key_by_map_operator",0,numRecordsOutPerSecond,33.333333333333336
1784195499,2,"KEYED PROCESS, Train->Infer, _stream_key_by_map_operator",0,idleTimeMsPerSecond,768.0
1784195499,2,"KEYED PROCESS, Train->Infer, _stream_key_by_map_operator",0,numRecordsOut,41135.0
1784195499,2,"KEYED PROCESS, Train->Infer, _stream_key_by_map_operator",0,numRecordsIn,217.0
1784195499,2,"KEYED PROCESS, Train->Infer, _stream_key_by_map_operator",0,numRecordsInPerSecond,0.05
1784195499,2,"KEYED PROCESS, Train->Infer, _stream_key_by_map_operator",0,backPressuredTimeMsPerSecond,0.0
1784195499,2,"KEYED PROCESS, Train->Infer, _stream_key_by_map_operator",1,busyTimeMsPerSecond,618.0
1784195499,2,"KEYED PROCESS, Train->Infer, _stream_key_by_map_operator",1,numRecordsOutPerSecond,66.66666666666667
1784195499,2,"KEYED PROCESS, Train->Infer, _stream_key_by_map_operator",1,idleTimeMsPerSecond,0.0
1784195499,2,"KEYED PROCESS, Train->Infer, _stream_key_by_map_operator",1,numRecordsOut,39105.0
1784195499,2,"KEYED PROCESS, Train->Infer, _stream_key_by_map_operator",1,numRecordsIn,183.0
1784195499,2,"KEYED PROCESS, Train->Infer, _stream_key_by_map_operator",1,numRecordsInPerSecond,0.11666666666666667
1784195499,2,"KEYED PROCESS, Train->Infer, _stream_key_by_map_operator",1,backPressuredTimeMsPerSecond,382.0
1784195499,2,"Infer->Rank, Rank->Filter, Filter -> Sink: Writer -> Sink: Committer",0,busyTimeMsPerSecond,584.0
1784195499,2,"Infer->Rank, Rank->Filter, Filter -> Sink: Writer -> Sink: Committer",0,numRecordsOutPerSecond,54.333333333333336
1784195499,2,"Infer->Rank, Rank->Filter, Filter -> Sink: Writer -> Sink: Committer",0,idleTimeMsPerSecond,416.0
1784195499,2,"Infer->Rank, Rank->Filter, Filter -> Sink: Writer -> Sink: Committer",0,numRecordsOut,40000.0
1784195499,2,"Infer->Rank, Rank->Filter, Filter -> Sink: Writer -> Sink: Committer",0,numRecordsIn,41135.0
1784195499,2,"Infer->Rank, Rank->Filter, Filter -> Sink: Writer -> Sink: Committer",0,numRecordsInPerSecond,54.35
1784195499,2,"Infer->Rank, Rank->Filter, Filter -> Sink: Writer -> Sink: Committer",0,backPressuredTimeMsPerSecond,0.0
1784195499,2,"Infer->Rank, Rank->Filter, Filter -> Sink: Writer -> Sink: Committer",1,busyTimeMsPerSecond,1000.0
1784195499,2,"Infer->Rank, Rank->Filter, Filter -> Sink: Writer -> Sink: Committer",1,numRecordsOutPerSecond,61.166666666666664
1784195499,2,"Infer->Rank, Rank->Filter, Filter -> Sink: Writer -> Sink: Committer",1,idleTimeMsPerSecond,0.0
1784195499,2,"Infer->Rank, Rank->Filter, Filter -> Sink: Writer -> Sink: Committer",1,numRecordsOut,35950.0
1784195499,2,"Infer->Rank, Rank->Filter, Filter -> Sink: Writer -> Sink: Committer",1,numRecordsIn,36072.0
1784195499,2,"Infer->Rank, Rank->Filter, Filter -> Sink: Writer -> Sink: Committer",1,numRecordsInPerSecond,61.2
1784195499,2,"Infer->Rank, Rank->Filter, Filter -> Sink: Writer -> Sink: Committer",1,backPressuredTimeMsPerSecond,0.0
1784195514,2,"Source: Source-data -> LoadJSON, Parse, _stream_key_by_map_operator",0,busyTimeMsPerSecond,1.0
1784195514,2,"Source: Source-data -> LoadJSON, Parse, _stream_key_by_map_operator",0,numRecordsOutPerSecond,0.0
1784195514,2,"Source: Source-data -> LoadJSON, Parse, _stream_key_by_map_operator",0,idleTimeMsPerSecond,0.0
1784195514,2,"Source: Source-data -> LoadJSON, Parse, _stream_key_by_map_operator",0,numRecordsOut,4242.0
1784195514,2,"Source: Source-data -> LoadJSON, Parse, _stream_key_by_map_operator",0,numRecordsIn,4242.0
1784195514,2,"Source: Source-data -> LoadJSON, Parse, _stream_key_by_map_operator",0,numRecordsInPerSecond,0.0
1784195514,2,"Source: Source-data -> LoadJSON, Parse, _stream_key_by_map_operator",0,backPressuredTimeMsPerSecond,999.0
1784195514,2,"Source: Source-data -> LoadJSON, Parse, _stream_key_by_map_operator",1,busyTimeMsPerSecond,0.0
1784195514,2,"Source: Source-data -> LoadJSON, Parse, _stream_key_by_map_operator",1,numRecordsOutPerSecond,0.0
1784195514,2,"Source: Source-data -> LoadJSON, Parse, _stream_key_by_map_operator",1,idleTimeMsPerSecond,0.0
1784195514,2,"Source: Source-data -> LoadJSON, Parse, _stream_key_by_map_operator",1,numRecordsOut,4310.0
1784195514,2,"Source: Source-data -> LoadJSON, Parse, _stream_key_by_map_operator",1,numRecordsIn,4310.0
1784195514,2,"Source: Source-data -> LoadJSON, Parse, _stream_key_by_map_operator",1,numRecordsInPerSecond,0.0
1784195514,2,"Source: Source-data -> LoadJSON, Parse, _stream_key_by_map_operator",1,backPressuredTimeMsPerSecond,1000.0
1784195514,2,"KEYED PROCESS, Parse->Train, _stream_key_by_map_operator",0,busyTimeMsPerSecond,104.0
1784195514,2,"KEYED PROCESS, Parse->Train, _stream_key_by_map_operator",0,numRecordsOutPerSecond,0.05
1784195514,2,"KEYED PROCESS, Parse->Train, _stream_key_by_map_operator",0,idleTimeMsPerSecond,0.0
1784195514,2,"KEYED PROCESS, Parse->Train, _stream_key_by_map_operator",0,numRecordsOut,214.0
1784195514,2,"KEYED PROCESS, Parse->Train, _stream_key_by_map_operator",0,numRecordsIn,215.0
1784195514,2,"KEYED PROCESS, Parse->Train, _stream_key_by_map_operator",0,numRecordsInPerSecond,0.05
1784195514,2,"KEYED PROCESS, Parse->Train, _stream_key_by_map_operator",0,backPressuredTimeMsPerSecond,896.0
1784195514,2,"KEYED PROCESS, Parse->Train, _stream_key_by_map_operator",1,busyTimeMsPerSecond,343.0
1784195514,2,"KEYED PROCESS, Parse->Train, _stream_key_by_map_operator",1,numRecordsOutPerSecond,0.1
1784195514,2,"KEYED PROCESS, Parse->Train, _stream_key_by_map_operator",1,idleTimeMsPerSecond,0.0
1784195514,2,"KEYED PROCESS, Parse->Train, _stream_key_by_map_operator",1,numRecordsOut,189.0
1784195514,2,"KEYED PROCESS, Parse->Train, _stream_key_by_map_operator",1,numRecordsIn,190.0
1784195514,2,"KEYED PROCESS, Parse->Train, _stream_key_by_map_operator",1,numRecordsInPerSecond,0.1
1784195514,2,"KEYED PROCESS, Parse->Train, _stream_key_by_map_operator",1,backPressuredTimeMsPerSecond,657.0
1784195514,2,"KEYED PROCESS, Train->Infer, _stream_key_by_map_operator",0,busyTimeMsPerSecond,219.0
1784195514,2,"KEYED PROCESS, Train->Infer, _stream_key_by_map_operator",0,numRecordsOutPerSecond,33.333333333333336
1784195514,2,"KEYED PROCESS, Train->Infer, _stream_key_by_map_operator",0,idleTimeMsPerSecond,781.0
1784195514,2,"KEYED PROCESS, Train->Infer, _stream_key_by_map_operator",0,numRecordsOut,41635.0
1784195514,2,"KEYED PROCESS, Train->Infer, _stream_key_by_map_operator",0,numRecordsIn,218.0
1784195514,2,"KEYED PROCESS, Train->Infer, _stream_key_by_map_operator",0,numRecordsInPerSecond,0.05
1784195514,2,"KEYED PROCESS, Train->Infer, _stream_key_by_map_operator",0,backPressuredTimeMsPerSecond,0.0
1784195514,2,"KEYED PROCESS, Train->Infer, _stream_key_by_map_operator",1,busyTimeMsPerSecond,552.0
1784195514,2,"KEYED PROCESS, Train->Infer, _stream_key_by_map_operator",1,numRecordsOutPerSecond,66.66666666666667
1784195514,2,"KEYED PROCESS, Train->Infer, _stream_key_by_map_operator",1,idleTimeMsPerSecond,0.0
1784195514,2,"KEYED PROCESS, Train->Infer, _stream_key_by_map_operator",1,numRecordsOut,40105.0
1784195514,2,"KEYED PROCESS, Train->Infer, _stream_key_by_map_operator",1,numRecordsIn,185.0
1784195514,2,"KEYED PROCESS, Train->Infer, _stream_key_by_map_operator",1,numRecordsInPerSecond,0.11666666666666667
1784195514,2,"KEYED PROCESS, Train->Infer, _stream_key_by_map_operator",1,backPressuredTimeMsPerSecond,448.0
1784195514,2,"Infer->Rank, Rank->Filter, Filter -> Sink: Writer -> Sink: Committer",0,busyTimeMsPerSecond,425.0
1784195514,2,"Infer->Rank, Rank->Filter, Filter -> Sink: Writer -> Sink: Committer",0,numRecordsOutPerSecond,39.833333333333336
1784195514,2,"Infer->Rank, Rank->Filter, Filter -> Sink: Writer -> Sink: Committer",0,idleTimeMsPerSecond,575.0
1784195514,2,"Infer->Rank, Rank->Filter, Filter -> Sink: Writer -> Sink: Committer",0,numRecordsOut,40500.0
1784195514,2,"Infer->Rank, Rank->Filter, Filter -> Sink: Writer -> Sink: Committer",0,numRecordsIn,41635.0
1784195514,2,"Infer->Rank, Rank->Filter, Filter -> Sink: Writer -> Sink: Committer",0,numRecordsInPerSecond,39.68333333333333
1784195514,2,"Infer->Rank, Rank->Filter, Filter -> Sink: Writer -> Sink: Committer",0,backPressuredTimeMsPerSecond,0.0
1784195514,2,"Infer->Rank, Rank->Filter, Filter -> Sink: Writer -> Sink: Committer",1,busyTimeMsPerSecond,1000.0
1784195514,2,"Infer->Rank, Rank->Filter, Filter -> Sink: Writer -> Sink: Committer",1,numRecordsOutPerSecond,62.833333333333336
1784195514,2,"Infer->Rank, Rank->Filter, Filter -> Sink: Writer -> Sink: Committer",1,idleTimeMsPerSecond,0.0
1784195514,2,"Infer->Rank, Rank->Filter, Filter -> Sink: Writer -> Sink: Committer",1,numRecordsOut,36820.0
1784195514,2,"Infer->Rank, Rank->Filter, Filter -> Sink: Writer -> Sink: Committer",1,numRecordsIn,36943.0
1784195514,2,"Infer->Rank, Rank->Filter, Filter -> Sink: Writer -> Sink: Committer",1,numRecordsInPerSecond,62.96666666666667
1784195514,2,"Infer->Rank, Rank->Filter, Filter -> Sink: Writer -> Sink: Committer",1,backPressuredTimeMsPerSecond,0.0
1784195529,2,"Source: Source-data -> LoadJSON, Parse, _stream_key_by_map_operator",0,busyTimeMsPerSecond,1.0
1784195529,2,"Source: Source-data -> LoadJSON, Parse, _stream_key_by_map_operator",0,numRecordsOutPerSecond,0.0
1784195529,2,"Source: Source-data -> LoadJSON, Parse, _stream_key_by_map_operator",0,idleTimeMsPerSecond,0.0
1784195529,2,"Source: Source-data -> LoadJSON, Parse, _stream_key_by_map_operator",0,numRecordsOut,4242.0
1784195529,2,"Source: Source-data -> LoadJSON, Parse, _stream_key_by_map_operator",0,numRecordsIn,4242.0
1784195529,2,"Source: Source-data -> LoadJSON, Parse, _stream_key_by_map_operator",0,numRecordsInPerSecond,0.0
1784195529,2,"Source: Source-data -> LoadJSON, Parse, _stream_key_by_map_operator",0,backPressuredTimeMsPerSecond,999.0
1784195529,2,"Source: Source-data -> LoadJSON, Parse, _stream_key_by_map_operator",1,busyTimeMsPerSecond,0.0
1784195529,2,"Source: Source-data -> LoadJSON, Parse, _stream_key_by_map_operator",1,numRecordsOutPerSecond,0.0
1784195529,2,"Source: Source-data -> LoadJSON, Parse, _stream_key_by_map_operator",1,idleTimeMsPerSecond,0.0
1784195529,2,"Source: Source-data -> LoadJSON, Parse, _stream_key_by_map_operator",1,numRecordsOut,4310.0
1784195529,2,"Source: Source-data -> LoadJSON, Parse, _stream_key_by_map_operator",1,numRecordsIn,4310.0
1784195529,2,"Source: Source-data -> LoadJSON, Parse, _stream_key_by_map_operator",1,numRecordsInPerSecond,0.0
1784195529,2,"Source: Source-data -> LoadJSON, Parse, _stream_key_by_map_operator",1,backPressuredTimeMsPerSecond,1000.0
1784195529,2,"KEYED PROCESS, Parse->Train, _stream_key_by_map_operator",0,busyTimeMsPerSecond,114.0
1784195529,2,"KEYED PROCESS, Parse->Train, _stream_key_by_map_operator",0,numRecordsOutPerSecond,0.05
1784195529,2,"KEYED PROCESS, Parse->Train, _stream_key_by_map_operator",0,idleTimeMsPerSecond,0.0
1784195529,2,"KEYED PROCESS, Parse->Train, _stream_key_by_map_operator",0,numRecordsOut,215.0
1784195529,2,"KEYED PROCESS, Parse->Train, _stream_key_by_map_operator",0,numRecordsIn,216.0
1784195529,2,"KEYED PROCESS, Parse->Train, _stream_key_by_map_operator",0,numRecordsInPerSecond,0.05
1784195529,2,"KEYED PROCESS, Parse->Train, _stream_key_by_map_operator",0,backPressuredTimeMsPerSecond,886.0
1784195529,2,"KEYED PROCESS, Parse->Train, _stream_key_by_map_operator",1,busyTimeMsPerSecond,331.0
1784195529,2,"KEYED PROCESS, Parse->Train, _stream_key_by_map_operator",1,numRecordsOutPerSecond,0.1
1784195529,2,"KEYED PROCESS, Parse->Train, _stream_key_by_map_operator",1,idleTimeMsPerSecond,0.0
1784195529,2,"KEYED PROCESS, Parse->Train, _stream_key_by_map_operator",1,numRecordsOut,190.0
1784195529,2,"KEYED PROCESS, Parse->Train, _stream_key_by_map_operator",1,numRecordsIn,191.0
1784195529,2,"KEYED PROCESS, Parse->Train, _stream_key_by_map_operator",1,numRecordsInPerSecond,0.1
1784195529,2,"KEYED PROCESS, Parse->Train, _stream_key_by_map_operator",1,backPressuredTimeMsPerSecond,669.0
1784195529,2,"KEYED PROCESS, Train->Infer, _stream_key_by_map_operator",0,busyTimeMsPerSecond,170.0
1784195529,2,"KEYED PROCESS, Train->Infer, _stream_key_by_map_operator",0,numRecordsOutPerSecond,25.0
1784195529,2,"KEYED PROCESS, Train->Infer, _stream_key_by_map_operator",0,idleTimeMsPerSecond,830.0
1784195529,2,"KEYED PROCESS, Train->Infer, _stream_key_by_map_operator",0,numRecordsOut,41635.0
1784195529,2,"KEYED PROCESS, Train->Infer, _stream_key_by_map_operator",0,numRecordsIn,218.0
1784195529,2,"KEYED PROCESS, Train->Infer, _stream_key_by_map_operator",0,numRecordsInPerSecond,0.05
1784195529,2,"KEYED PROCESS, Train->Infer, _stream_key_by_map_operator",0,backPressuredTimeMsPerSecond,0.0
1784195529,2,"KEYED PROCESS, Train->Infer, _stream_key_by_map_operator",1,busyTimeMsPerSecond,533.0
1784195529,2,"KEYED PROCESS, Train->Infer, _stream_key_by_map_operator",1,numRecordsOutPerSecond,58.333333333333336
1784195529,2,"KEYED PROCESS, Train->Infer, _stream_key_by_map_operator",1,idleTimeMsPerSecond,0.0
1784195529,2,"KEYED PROCESS, Train->Infer, _stream_key_by_map_operator",1,numRecordsOut,41105.0
1784195529,2,"KEYED PROCESS, Train->Infer, _stream_key_by_map_operator",1,numRecordsIn,187.0
1784195529,2,"KEYED PROCESS, Train->Infer, _stream_key_by_map_operator",1,numRecordsInPerSecond,0.11666666666666667
1784195529,2,"KEYED PROCESS, Train->Infer, _stream_key_by_map_operator",1,backPressuredTimeMsPerSecond,467.0
1784195529,2,"Infer->Rank, Rank->Filter, Filter -> Sink: Writer -> Sink: Committer",0,busyTimeMsPerSecond,259.0
1784195529,2,"Infer->Rank, Rank->Filter, Filter -> Sink: Writer -> Sink: Committer",0,numRecordsOutPerSecond,25.0
1784195529,2,"Infer->Rank, Rank->Filter, Filter -> Sink: Writer -> Sink: Committer",0,idleTimeMsPerSecond,741.0
1784195529,2,"Infer->Rank, Rank->Filter, Filter -> Sink: Writer -> Sink: Committer",0,numRecordsOut,40500.0
1784195529,2,"Infer->Rank, Rank->Filter, Filter -> Sink: Writer -> Sink: Committer",0,numRecordsIn,41635.0
1784195529,2,"Infer->Rank, Rank->Filter, Filter -> Sink: Writer -> Sink: Committer",0,numRecordsInPerSecond,25.0
1784195529,2,"Infer->Rank, Rank->Filter, Filter -> Sink: Writer -> Sink: Committer",0,backPressuredTimeMsPerSecond,0.0
1784195529,2,"Infer->Rank, Rank->Filter, Filter -> Sink: Writer -> Sink: Committer",1,busyTimeMsPerSecond,1000.0
1784195529,2,"Infer->Rank, Rank->Filter, Filter -> Sink: Writer -> Sink: Committer",1,numRecordsOutPerSecond,58.333333333333336
1784195529,2,"Infer->Rank, Rank->Filter, Filter -> Sink: Writer -> Sink: Committer",1,idleTimeMsPerSecond,0.0
1784195529,2,"Infer->Rank, Rank->Filter, Filter -> Sink: Writer -> Sink: Committer",1,numRecordsOut,38640.0
1784195529,2,"Infer->Rank, Rank->Filter, Filter -> Sink: Writer -> Sink: Committer",1,numRecordsIn,38760.0
1784195529,2,"Infer->Rank, Rank->Filter, Filter -> Sink: Writer -> Sink: Committer",1,numRecordsInPerSecond,58.266666666666666
1784195529,2,"Infer->Rank, Rank->Filter, Filter -> Sink: Writer -> Sink: Committer",1,backPressuredTimeMsPerSecond,0.0
1784195544,2,"Source: Source-data -> LoadJSON, Parse, _stream_key_by_map_operator",0,busyTimeMsPerSecond,1.0
1784195544,2,"Source: Source-data -> LoadJSON, Parse, _stream_key_by_map_operator",0,numRecordsOutPerSecond,0.0
1784195544,2,"Source: Source-data -> LoadJSON, Parse, _stream_key_by_map_operator",0,idleTimeMsPerSecond,0.0
1784195544,2,"Source: Source-data -> LoadJSON, Parse, _stream_key_by_map_operator",0,numRecordsOut,4242.0
1784195544,2,"Source: Source-data -> LoadJSON, Parse, _stream_key_by_map_operator",0,numRecordsIn,4242.0
1784195544,2,"Source: Source-data -> LoadJSON, Parse, _stream_key_by_map_operator",0,numRecordsInPerSecond,0.0
1784195544,2,"Source: Source-data -> LoadJSON, Parse, _stream_key_by_map_operator",0,backPressuredTimeMsPerSecond,999.0
1784195544,2,"Source: Source-data -> LoadJSON, Parse, _stream_key_by_map_operator",1,busyTimeMsPerSecond,0.0
1784195544,2,"Source: Source-data -> LoadJSON, Parse, _stream_key_by_map_operator",1,numRecordsOutPerSecond,0.0
1784195544,2,"Source: Source-data -> LoadJSON, Parse, _stream_key_by_map_operator",1,idleTimeMsPerSecond,0.0
1784195544,2,"Source: Source-data -> LoadJSON, Parse, _stream_key_by_map_operator",1,numRecordsOut,4310.0
1784195544,2,"Source: Source-data -> LoadJSON, Parse, _stream_key_by_map_operator",1,numRecordsIn,4310.0
1784195544,2,"Source: Source-data -> LoadJSON, Parse, _stream_key_by_map_operator",1,numRecordsInPerSecond,0.0
1784195544,2,"Source: Source-data -> LoadJSON, Parse, _stream_key_by_map_operator",1,backPressuredTimeMsPerSecond,1000.0
1784195544,2,"KEYED PROCESS, Parse->Train, _stream_key_by_map_operator",0,busyTimeMsPerSecond,130.0
1784195544,2,"KEYED PROCESS, Parse->Train, _stream_key_by_map_operator",0,numRecordsOutPerSecond,0.05
1784195544,2,"KEYED PROCESS, Parse->Train, _stream_key_by_map_operator",0,idleTimeMsPerSecond,0.0
1784195544,2,"KEYED PROCESS, Parse->Train, _stream_key_by_map_operator",0,numRecordsOut,216.0
1784195544,2,"KEYED PROCESS, Parse->Train, _stream_key_by_map_operator",0,numRecordsIn,217.0
1784195544,2,"KEYED PROCESS, Parse->Train, _stream_key_by_map_operator",0,numRecordsInPerSecond,0.05
1784195544,2,"KEYED PROCESS, Parse->Train, _stream_key_by_map_operator",0,backPressuredTimeMsPerSecond,870.0
1784195544,2,"KEYED PROCESS, Parse->Train, _stream_key_by_map_operator",1,busyTimeMsPerSecond,440.0
1784195544,2,"KEYED PROCESS, Parse->Train, _stream_key_by_map_operator",1,numRecordsOutPerSecond,0.13333333333333333
1784195544,2,"KEYED PROCESS, Parse->Train, _stream_key_by_map_operator",1,idleTimeMsPerSecond,0.0
1784195544,2,"KEYED PROCESS, Parse->Train, _stream_key_by_map_operator",1,numRecordsOut,193.0
1784195544,2,"KEYED PROCESS, Parse->Train, _stream_key_by_map_operator",1,numRecordsIn,194.0
1784195544,2,"KEYED PROCESS, Parse->Train, _stream_key_by_map_operator",1,numRecordsInPerSecond,0.13333333333333333
1784195544,2,"KEYED PROCESS, Parse->Train, _stream_key_by_map_operator",1,backPressuredTimeMsPerSecond,560.0
1784195544,2,"KEYED PROCESS, Train->Infer, _stream_key_by_map_operator",0,busyTimeMsPerSecond,286.0
1784195544,2,"KEYED PROCESS, Train->Infer, _stream_key_by_map_operator",0,numRecordsOutPerSecond,41.666666666666664
1784195544,2,"KEYED PROCESS, Train->Infer, _stream_key_by_map_operator",0,idleTimeMsPerSecond,714.0
1784195544,2,"KEYED PROCESS, Train->Infer, _stream_key_by_map_operator",0,numRecordsOut,42635.0
1784195544,2,"KEYED PROCESS, Train->Infer, _stream_key_by_map_operator",0,numRecordsIn,220.0
1784195544,2,"KEYED PROCESS, Train->Infer, _stream_key_by_map_operator",0,numRecordsInPerSecond,0.08333333333333333
1784195544,2,"KEYED PROCESS, Train->Infer, _stream_key_by_map_operator",0,backPressuredTimeMsPerSecond,0.0
1784195544,2,"KEYED PROCESS, Train->Infer, _stream_key_by_map_operator",1,busyTimeMsPerSecond,516.0
1784195544,2,"KEYED PROCESS, Train->Infer, _stream_key_by_map_operator",1,numRecordsOutPerSecond,58.333333333333336
1784195544,2,"KEYED PROCESS, Train->Infer, _stream_key_by_map_operator",1,idleTimeMsPerSecond,0.0
1784195544,2,"KEYED PROCESS, Train->Infer, _stream_key_by_map_operator",1,numRecordsOut,41605.0
1784195544,2,"KEYED PROCESS, Train->Infer, _stream_key_by_map_operator",1,numRecordsIn,189.0
1784195544,2,"KEYED PROCESS, Train->Infer, _stream_key_by_map_operator",1,numRecordsInPerSecond,0.1
1784195544,2,"KEYED PROCESS, Train->Infer, _stream_key_by_map_operator",1,backPressuredTimeMsPerSecond,484.0
1784195544,2,"Infer->Rank, Rank->Filter, Filter -> Sink: Writer -> Sink: Committer",0,busyTimeMsPerSecond,364.0
1784195544,2,"Infer->Rank, Rank->Filter, Filter -> Sink: Writer -> Sink: Committer",0,numRecordsOutPerSecond,33.833333333333336
1784195544,2,"Infer->Rank, Rank->Filter, Filter -> Sink: Writer -> Sink: Committer",0,idleTimeMsPerSecond,636.0
1784195544,2,"Infer->Rank, Rank->Filter, Filter -> Sink: Writer -> Sink: Committer",0,numRecordsOut,41250.0
1784195544,2,"Infer->Rank, Rank->Filter, Filter -> Sink: Writer -> Sink: Committer",0,numRecordsIn,42391.0
1784195544,2,"Infer->Rank, Rank->Filter, Filter -> Sink: Writer -> Sink: Committer",0,numRecordsInPerSecond,33.96666666666667
1784195544,2,"Infer->Rank, Rank->Filter, Filter -> Sink: Writer -> Sink: Committer",0,backPressuredTimeMsPerSecond,0.0
1784195544,2,"Infer->Rank, Rank->Filter, Filter -> Sink: Writer -> Sink: Committer",1,busyTimeMsPerSecond,1000.0
1784195544,2,"Infer->Rank, Rank->Filter, Filter -> Sink: Writer -> Sink: Committer",1,numRecordsOutPerSecond,58.333333333333336
1784195544,2,"Infer->Rank, Rank->Filter, Filter -> Sink: Writer -> Sink: Committer",1,idleTimeMsPerSecond,0.0
1784195544,2,"Infer->Rank, Rank->Filter, Filter -> Sink: Writer -> Sink: Committer",1,numRecordsOut,38640.0
1784195544,2,"Infer->Rank, Rank->Filter, Filter -> Sink: Writer -> Sink: Committer",1,numRecordsIn,38760.0
1784195544,2,"Infer->Rank, Rank->Filter, Filter -> Sink: Writer -> Sink: Committer",1,numRecordsInPerSecond,58.266666666666666
1784195544,2,"Infer->Rank, Rank->Filter, Filter -> Sink: Writer -> Sink: Committer",1,backPressuredTimeMsPerSecond,0.0
1784195559,2,"Source: Source-data -> LoadJSON, Parse, _stream_key_by_map_operator",0,busyTimeMsPerSecond,0.0
1784195559,2,"Source: Source-data -> LoadJSON, Parse, _stream_key_by_map_operator",0,numRecordsOutPerSecond,0.0
1784195559,2,"Source: Source-data -> LoadJSON, Parse, _stream_key_by_map_operator",0,idleTimeMsPerSecond,0.0
1784195559,2,"Source: Source-data -> LoadJSON, Parse, _stream_key_by_map_operator",0,numRecordsOut,4242.0
1784195559,2,"Source: Source-data -> LoadJSON, Parse, _stream_key_by_map_operator",0,numRecordsIn,4242.0
1784195559,2,"Source: Source-data -> LoadJSON, Parse, _stream_key_by_map_operator",0,numRecordsInPerSecond,0.0
1784195559,2,"Source: Source-data -> LoadJSON, Parse, _stream_key_by_map_operator",0,backPressuredTimeMsPerSecond,1000.0
1784195559,2,"Source: Source-data -> LoadJSON, Parse, _stream_key_by_map_operator",1,busyTimeMsPerSecond,0.0
1784195559,2,"Source: Source-data -> LoadJSON, Parse, _stream_key_by_map_operator",1,numRecordsOutPerSecond,0.0
1784195559,2,"Source: Source-data -> LoadJSON, Parse, _stream_key_by_map_operator",1,idleTimeMsPerSecond,0.0
1784195559,2,"Source: Source-data -> LoadJSON, Parse, _stream_key_by_map_operator",1,numRecordsOut,4310.0
1784195559,2,"Source: Source-data -> LoadJSON, Parse, _stream_key_by_map_operator",1,numRecordsIn,4310.0
1784195559,2,"Source: Source-data -> LoadJSON, Parse, _stream_key_by_map_operator",1,numRecordsInPerSecond,0.0
1784195559,2,"Source: Source-data -> LoadJSON, Parse, _stream_key_by_map_operator",1,backPressuredTimeMsPerSecond,1000.0
1784195559,2,"KEYED PROCESS, Parse->Train, _stream_key_by_map_operator",0,busyTimeMsPerSecond,140.0
1784195559,2,"KEYED PROCESS, Parse->Train, _stream_key_by_map_operator",0,numRecordsOutPerSecond,0.06666666666666667
1784195559,2,"KEYED PROCESS, Parse->Train, _stream_key_by_map_operator",0,idleTimeMsPerSecond,0.0
1784195559,2,"KEYED PROCESS, Parse->Train, _stream_key_by_map_operator",0,numRecordsOut,217.0
1784195559,2,"KEYED PROCESS, Parse->Train, _stream_key_by_map_operator",0,numRecordsIn,218.0
1784195559,2,"KEYED PROCESS, Parse->Train, _stream_key_by_map_operator",0,numRecordsInPerSecond,0.06666666666666667
1784195559,2,"KEYED PROCESS, Parse->Train, _stream_key_by_map_operator",0,backPressuredTimeMsPerSecond,860.0
1784195559,2,"KEYED PROCESS, Parse->Train, _stream_key_by_map_operator",1,busyTimeMsPerSecond,339.0
1784195559,2,"KEYED PROCESS, Parse->Train, _stream_key_by_map_operator",1,numRecordsOutPerSecond,0.11666666666666667
1784195559,2,"KEYED PROCESS, Parse->Train, _stream_key_by_map_operator",1,idleTimeMsPerSecond,0.0
1784195559,2,"KEYED PROCESS, Parse->Train, _stream_key_by_map_operator",1,numRecordsOut,194.0
1784195559,2,"KEYED PROCESS, Parse->Train, _stream_key_by_map_operator",1,numRecordsIn,195.0
1784195559,2,"KEYED PROCESS, Parse->Train, _stream_key_by_map_operator",1,numRecordsInPerSecond,0.11666666666666667
1784195559,2,"KEYED PROCESS, Parse->Train, _stream_key_by_map_operator",1,backPressuredTimeMsPerSecond,661.0
1784195559,2,"KEYED PROCESS, Train->Infer, _stream_key_by_map_operator",0,busyTimeMsPerSecond,163.0
1784195559,2,"KEYED PROCESS, Train->Infer, _stream_key_by_map_operator",0,numRecordsOutPerSecond,25.0
1784195559,2,"KEYED PROCESS, Train->Infer, _stream_key_by_map_operator",0,idleTimeMsPerSecond,837.0
1784195559,2,"KEYED PROCESS, Train->Infer, _stream_key_by_map_operator",0,numRecordsOut,42635.0
1784195559,2,"KEYED PROCESS, Train->Infer, _stream_key_by_map_operator",0,numRecordsIn,220.0
1784195559,2,"KEYED PROCESS, Train->Infer, _stream_key_by_map_operator",0,numRecordsInPerSecond,0.05
1784195559,2,"KEYED PROCESS, Train->Infer, _stream_key_by_map_operator",0,backPressuredTimeMsPerSecond,0.0
1784195559,2,"KEYED PROCESS, Train->Infer, _stream_key_by_map_operator",1,busyTimeMsPerSecond,534.0
1784195559,2,"KEYED PROCESS, Train->Infer, _stream_key_by_map_operator",1,numRecordsOutPerSecond,58.333333333333336
1784195559,2,"KEYED PROCESS, Train->Infer, _stream_key_by_map_operator",1,idleTimeMsPerSecond,0.0
1784195559,2,"KEYED PROCESS, Train->Infer, _stream_key_by_map_operator",1,numRecordsOut,43105.0
1784195559,2,"KEYED PROCESS, Train->Infer, _stream_key_by_map_operator",1,numRecordsIn,191.0
1784195559,2,"KEYED PROCESS, Train->Infer, _stream_key_by_map_operator",1,numRecordsInPerSecond,0.13333333333333333
1784195559,2,"KEYED PROCESS, Train->Infer, _stream_key_by_map_operator",1,backPressuredTimeMsPerSecond,466.0
1784195559,2,"Infer->Rank, Rank->Filter, Filter -> Sink: Writer -> Sink: Committer",0,busyTimeMsPerSecond,271.0
1784195559,2,"Infer->Rank, Rank->Filter, Filter -> Sink: Writer -> Sink: Committer",0,numRecordsOutPerSecond,26.166666666666668
1784195559,2,"Infer->Rank, Rank->Filter, Filter -> Sink: Writer -> Sink: Committer",0,idleTimeMsPerSecond,729.0
1784195559,2,"Infer->Rank, Rank->Filter, Filter -> Sink: Writer -> Sink: Committer",0,numRecordsOut,41500.0
1784195559,2,"Infer->Rank, Rank->Filter, Filter -> Sink: Writer -> Sink: Committer",0,numRecordsIn,42635.0
1784195559,2,"Infer->Rank, Rank->Filter, Filter -> Sink: Writer -> Sink: Committer",0,numRecordsInPerSecond,26.083333333333332
1784195559,2,"Infer->Rank, Rank->Filter, Filter -> Sink: Writer -> Sink: Committer",0,backPressuredTimeMsPerSecond,0.0
1784195559,2,"Infer->Rank, Rank->Filter, Filter -> Sink: Writer -> Sink: Committer",1,busyTimeMsPerSecond,1000.0
1784195559,2,"Infer->Rank, Rank->Filter, Filter -> Sink: Writer -> Sink: Committer",1,numRecordsOutPerSecond,60.166666666666664
1784195559,2,"Infer->Rank, Rank->Filter, Filter -> Sink: Writer -> Sink: Committer",1,idleTimeMsPerSecond,0.0
1784195559,2,"Infer->Rank, Rank->Filter, Filter -> Sink: Writer -> Sink: Committer",1,numRecordsOut,39540.0
1784195559,2,"Infer->Rank, Rank->Filter, Filter -> Sink: Writer -> Sink: Committer",1,numRecordsIn,39664.0
1784195559,2,"Infer->Rank, Rank->Filter, Filter -> Sink: Writer -> Sink: Committer",1,numRecordsInPerSecond,60.15
1784195559,2,"Infer->Rank, Rank->Filter, Filter -> Sink: Writer -> Sink: Committer",1,backPressuredTimeMsPerSecond,0.0
1784195574,2,"Source: Source-data -> LoadJSON, Parse, _stream_key_by_map_operator",0,busyTimeMsPerSecond,0.0
1784195574,2,"Source: Source-data -> LoadJSON, Parse, _stream_key_by_map_operator",0,numRecordsOutPerSecond,0.0
1784195574,2,"Source: Source-data -> LoadJSON, Parse, _stream_key_by_map_operator",0,idleTimeMsPerSecond,0.0
1784195574,2,"Source: Source-data -> LoadJSON, Parse, _stream_key_by_map_operator",0,numRecordsOut,4242.0
1784195574,2,"Source: Source-data -> LoadJSON, Parse, _stream_key_by_map_operator",0,numRecordsIn,4242.0
1784195574,2,"Source: Source-data -> LoadJSON, Parse, _stream_key_by_map_operator",0,numRecordsInPerSecond,0.0
1784195574,2,"Source: Source-data -> LoadJSON, Parse, _stream_key_by_map_operator",0,backPressuredTimeMsPerSecond,1000.0
1784195574,2,"Source: Source-data -> LoadJSON, Parse, _stream_key_by_map_operator",1,busyTimeMsPerSecond,0.0
1784195574,2,"Source: Source-data -> LoadJSON, Parse, _stream_key_by_map_operator",1,numRecordsOutPerSecond,0.0
1784195574,2,"Source: Source-data -> LoadJSON, Parse, _stream_key_by_map_operator",1,idleTimeMsPerSecond,0.0
1784195574,2,"Source: Source-data -> LoadJSON, Parse, _stream_key_by_map_operator",1,numRecordsOut,4310.0
1784195574,2,"Source: Source-data -> LoadJSON, Parse, _stream_key_by_map_operator",1,numRecordsIn,4310.0
1784195574,2,"Source: Source-data -> LoadJSON, Parse, _stream_key_by_map_operator",1,numRecordsInPerSecond,0.0
1784195574,2,"Source: Source-data -> LoadJSON, Parse, _stream_key_by_map_operator",1,backPressuredTimeMsPerSecond,1000.0
1784195574,2,"KEYED PROCESS, Parse->Train, _stream_key_by_map_operator",0,busyTimeMsPerSecond,229.0
1784195574,2,"KEYED PROCESS, Parse->Train, _stream_key_by_map_operator",0,numRecordsOutPerSecond,0.1
1784195574,2,"KEYED PROCESS, Parse->Train, _stream_key_by_map_operator",0,idleTimeMsPerSecond,0.0
1784195574,2,"KEYED PROCESS, Parse->Train, _stream_key_by_map_operator",0,numRecordsOut,220.0
1784195574,2,"KEYED PROCESS, Parse->Train, _stream_key_by_map_operator",0,numRecordsIn,221.0
1784195574,2,"KEYED PROCESS, Parse->Train, _stream_key_by_map_operator",0,numRecordsInPerSecond,0.1
1784195574,2,"KEYED PROCESS, Parse->Train, _stream_key_by_map_operator",0,backPressuredTimeMsPerSecond,771.0
1784195574,2,"KEYED PROCESS, Parse->Train, _stream_key_by_map_operator",1,busyTimeMsPerSecond,313.0
1784195574,2,"KEYED PROCESS, Parse->Train, _stream_key_by_map_operator",1,numRecordsOutPerSecond,0.11666666666666667
1784195574,2,"KEYED PROCESS, Parse->Train, _stream_key_by_map_operator",1,idleTimeMsPerSecond,0.0
1784195574,2,"KEYED PROCESS, Parse->Train, _stream_key_by_map_operator",1,numRecordsOut,196.0
1784195574,2,"KEYED PROCESS, Parse->Train, _stream_key_by_map_operator",1,numRecordsIn,197.0
1784195574,2,"KEYED PROCESS, Parse->Train, _stream_key_by_map_operator",1,numRecordsInPerSecond,0.11666666666666667
1784195574,2,"KEYED PROCESS, Parse->Train, _stream_key_by_map_operator",1,backPressuredTimeMsPerSecond,687.0
1784195574,2,"KEYED PROCESS, Train->Infer, _stream_key_by_map_operator",0,busyTimeMsPerSecond,220.0
1784195574,2,"KEYED PROCESS, Train->Infer, _stream_key_by_map_operator",0,numRecordsOutPerSecond,25.0
1784195574,2,"KEYED PROCESS, Train->Infer, _stream_key_by_map_operator",0,idleTimeMsPerSecond,780.0
1784195574,2,"KEYED PROCESS, Train->Infer, _stream_key_by_map_operator",0,numRecordsOut,43135.0
1784195574,2,"KEYED PROCESS, Train->Infer, _stream_key_by_map_operator",0,numRecordsIn,222.0
1784195574,2,"KEYED PROCESS, Train->Infer, _stream_key_by_map_operator",0,numRecordsInPerSecond,0.06666666666666667
1784195574,2,"KEYED PROCESS, Train->Infer, _stream_key_by_map_operator",0,backPressuredTimeMsPerSecond,0.0
1784195574,2,"KEYED PROCESS, Train->Infer, _stream_key_by_map_operator",1,busyTimeMsPerSecond,537.0
1784195574,2,"KEYED PROCESS, Train->Infer, _stream_key_by_map_operator",1,numRecordsOutPerSecond,58.333333333333336
1784195574,2,"KEYED PROCESS, Train->Infer, _stream_key_by_map_operator",1,idleTimeMsPerSecond,0.0
1784195574,2,"KEYED PROCESS, Train->Infer, _stream_key_by_map_operator",1,numRecordsOut,43605.0
1784195574,2,"KEYED PROCESS, Train->Infer, _stream_key_by_map_operator",1,numRecordsIn,193.0
1784195574,2,"KEYED PROCESS, Train->Infer, _stream_key_by_map_operator",1,numRecordsInPerSecond,0.13333333333333333
1784195574,2,"KEYED PROCESS, Train->Infer, _stream_key_by_map_operator",1,backPressuredTimeMsPerSecond,463.0
1784195574,2,"Infer->Rank, Rank->Filter, Filter -> Sink: Writer -> Sink: Committer",0,busyTimeMsPerSecond,466.0
1784195574,2,"Infer->Rank, Rank->Filter, Filter -> Sink: Writer -> Sink: Committer",0,numRecordsOutPerSecond,33.333333333333336
1784195574,2,"Infer->Rank, Rank->Filter, Filter -> Sink: Writer -> Sink: Committer",0,idleTimeMsPerSecond,534.0
1784195574,2,"Infer->Rank, Rank->Filter, Filter -> Sink: Writer -> Sink: Committer",0,numRecordsOut,42710.0
1784195574,2,"Infer->Rank, Rank->Filter, Filter -> Sink: Writer -> Sink: Committer",0,numRecordsIn,43852.0
1784195574,2,"Infer->Rank, Rank->Filter, Filter -> Sink: Writer -> Sink: Committer",0,numRecordsInPerSecond,33.36666666666667
1784195574,2,"Infer->Rank, Rank->Filter, Filter -> Sink: Writer -> Sink: Committer",0,backPressuredTimeMsPerSecond,0.0
1784195574,2,"Infer->Rank, Rank->Filter, Filter -> Sink: Writer -> Sink: Committer",1,busyTimeMsPerSecond,1000.0
1784195574,2,"Infer->Rank, Rank->Filter, Filter -> Sink: Writer -> Sink: Committer",1,numRecordsOutPerSecond,64.16666666666667
1784195574,2,"Infer->Rank, Rank->Filter, Filter -> Sink: Writer -> Sink: Committer",1,idleTimeMsPerSecond,0.0
1784195574,2,"Infer->Rank, Rank->Filter, Filter -> Sink: Writer -> Sink: Committer",1,numRecordsOut,41580.0
1784195574,2,"Infer->Rank, Rank->Filter, Filter -> Sink: Writer -> Sink: Committer",1,numRecordsIn,41699.0
1784195574,2,"Infer->Rank, Rank->Filter, Filter -> Sink: Writer -> Sink: Committer",1,numRecordsInPerSecond,64.21666666666667
1784195574,2,"Infer->Rank, Rank->Filter, Filter -> Sink: Writer -> Sink: Committer",1,backPressuredTimeMsPerSecond,0.0
1784195589,2,"Source: Source-data -> LoadJSON, Parse, _stream_key_by_map_operator",0,busyTimeMsPerSecond,0.0
1784195589,2,"Source: Source-data -> LoadJSON, Parse, _stream_key_by_map_operator",0,numRecordsOutPerSecond,0.0
1784195589,2,"Source: Source-data -> LoadJSON, Parse, _stream_key_by_map_operator",0,idleTimeMsPerSecond,0.0
1784195589,2,"Source: Source-data -> LoadJSON, Parse, _stream_key_by_map_operator",0,numRecordsOut,4242.0
1784195589,2,"Source: Source-data -> LoadJSON, Parse, _stream_key_by_map_operator",0,numRecordsIn,4242.0
1784195589,2,"Source: Source-data -> LoadJSON, Parse, _stream_key_by_map_operator",0,numRecordsInPerSecond,0.0
1784195589,2,"Source: Source-data -> LoadJSON, Parse, _stream_key_by_map_operator",0,backPressuredTimeMsPerSecond,1000.0
1784195589,2,"Source: Source-data -> LoadJSON, Parse, _stream_key_by_map_operator",1,busyTimeMsPerSecond,0.0
1784195589,2,"Source: Source-data -> LoadJSON, Parse, _stream_key_by_map_operator",1,numRecordsOutPerSecond,0.0
1784195589,2,"Source: Source-data -> LoadJSON, Parse, _stream_key_by_map_operator",1,idleTimeMsPerSecond,0.0
1784195589,2,"Source: Source-data -> LoadJSON, Parse, _stream_key_by_map_operator",1,numRecordsOut,4310.0
1784195589,2,"Source: Source-data -> LoadJSON, Parse, _stream_key_by_map_operator",1,numRecordsIn,4310.0
1784195589,2,"Source: Source-data -> LoadJSON, Parse, _stream_key_by_map_operator",1,numRecordsInPerSecond,0.0
1784195589,2,"Source: Source-data -> LoadJSON, Parse, _stream_key_by_map_operator",1,backPressuredTimeMsPerSecond,1000.0
1784195589,2,"KEYED PROCESS, Parse->Train, _stream_key_by_map_operator",0,busyTimeMsPerSecond,244.0
1784195589,2,"KEYED PROCESS, Parse->Train, _stream_key_by_map_operator",0,numRecordsOutPerSecond,0.1
1784195589,2,"KEYED PROCESS, Parse->Train, _stream_key_by_map_operator",0,idleTimeMsPerSecond,0.0
1784195589,2,"KEYED PROCESS, Parse->Train, _stream_key_by_map_operator",0,numRecordsOut,221.0
1784195589,2,"KEYED PROCESS, Parse->Train, _stream_key_by_map_operator",0,numRecordsIn,222.0
1784195589,2,"KEYED PROCESS, Parse->Train, _stream_key_by_map_operator",0,numRecordsInPerSecond,0.1
1784195589,2,"KEYED PROCESS, Parse->Train, _stream_key_by_map_operator",0,backPressuredTimeMsPerSecond,756.0
1784195589,2,"KEYED PROCESS, Parse->Train, _stream_key_by_map_operator",1,busyTimeMsPerSecond,382.0
1784195589,2,"KEYED PROCESS, Parse->Train, _stream_key_by_map_operator",1,numRecordsOutPerSecond,0.13333333333333333
1784195589,2,"KEYED PROCESS, Parse->Train, _stream_key_by_map_operator",1,idleTimeMsPerSecond,0.0
1784195589,2,"KEYED PROCESS, Parse->Train, _stream_key_by_map_operator",1,numRecordsOut,198.0
1784195589,2,"KEYED PROCESS, Parse->Train, _stream_key_by_map_operator",1,numRecordsIn,199.0
1784195589,2,"KEYED PROCESS, Parse->Train, _stream_key_by_map_operator",1,numRecordsInPerSecond,0.13333333333333333
1784195589,2,"KEYED PROCESS, Parse->Train, _stream_key_by_map_operator",1,backPressuredTimeMsPerSecond,618.0
1784195589,2,"KEYED PROCESS, Train->Infer, _stream_key_by_map_operator",0,busyTimeMsPerSecond,373.0
1784195589,2,"KEYED PROCESS, Train->Infer, _stream_key_by_map_operator",0,numRecordsOutPerSecond,50.0
1784195589,2,"KEYED PROCESS, Train->Infer, _stream_key_by_map_operator",0,idleTimeMsPerSecond,627.0
1784195589,2,"KEYED PROCESS, Train->Infer, _stream_key_by_map_operator",0,numRecordsOut,44635.0
1784195589,2,"KEYED PROCESS, Train->Infer, _stream_key_by_map_operator",0,numRecordsIn,224.0
1784195589,2,"KEYED PROCESS, Train->Infer, _stream_key_by_map_operator",0,numRecordsInPerSecond,0.1
1784195589,2,"KEYED PROCESS, Train->Infer, _stream_key_by_map_operator",0,backPressuredTimeMsPerSecond,0.0
1784195589,2,"KEYED PROCESS, Train->Infer, _stream_key_by_map_operator",1,busyTimeMsPerSecond,531.0
1784195589,2,"KEYED PROCESS, Train->Infer, _stream_key_by_map_operator",1,numRecordsOutPerSecond,66.66666666666667
1784195589,2,"KEYED PROCESS, Train->Infer, _stream_key_by_map_operator",1,idleTimeMsPerSecond,0.0
1784195589,2,"KEYED PROCESS, Train->Infer, _stream_key_by_map_operator",1,numRecordsOut,44605.0
1784195589,2,"KEYED PROCESS, Train->Infer, _stream_key_by_map_operator",1,numRecordsIn,195.0
1784195589,2,"KEYED PROCESS, Train->Infer, _stream_key_by_map_operator",1,numRecordsInPerSecond,0.11666666666666667
1784195589,2,"KEYED PROCESS, Train->Infer, _stream_key_by_map_operator",1,backPressuredTimeMsPerSecond,469.0
1784195589,2,"Infer->Rank, Rank->Filter, Filter -> Sink: Writer -> Sink: Committer",0,busyTimeMsPerSecond,466.0
1784195589,2,"Infer->Rank, Rank->Filter, Filter -> Sink: Writer -> Sink: Committer",0,numRecordsOutPerSecond,33.333333333333336
1784195589,2,"Infer->Rank, Rank->Filter, Filter -> Sink: Writer -> Sink: Committer",0,idleTimeMsPerSecond,534.0
1784195589,2,"Infer->Rank, Rank->Filter, Filter -> Sink: Writer -> Sink: Committer",0,numRecordsOut,42710.0
1784195589,2,"Infer->Rank, Rank->Filter, Filter -> Sink: Writer -> Sink: Committer",0,numRecordsIn,43852.0
1784195589,2,"Infer->Rank, Rank->Filter, Filter -> Sink: Writer -> Sink: Committer",0,numRecordsInPerSecond,33.36666666666667
1784195589,2,"Infer->Rank, Rank->Filter, Filter -> Sink: Writer -> Sink: Committer",0,backPressuredTimeMsPerSecond,0.0
1784195589,2,"Infer->Rank, Rank->Filter, Filter -> Sink: Writer -> Sink: Committer",1,busyTimeMsPerSecond,1000.0
1784195589,2,"Infer->Rank, Rank->Filter, Filter -> Sink: Writer -> Sink: Committer",1,numRecordsOutPerSecond,64.16666666666667
1784195589,2,"Infer->Rank, Rank->Filter, Filter -> Sink: Writer -> Sink: Committer",1,idleTimeMsPerSecond,0.0
1784195589,2,"Infer->Rank, Rank->Filter, Filter -> Sink: Writer -> Sink: Committer",1,numRecordsOut,41580.0
1784195589,2,"Infer->Rank, Rank->Filter, Filter -> Sink: Writer -> Sink: Committer",1,numRecordsIn,41699.0
1784195589,2,"Infer->Rank, Rank->Filter, Filter -> Sink: Writer -> Sink: Committer",1,numRecordsInPerSecond,64.21666666666667
1784195589,2,"Infer->Rank, Rank->Filter, Filter -> Sink: Writer -> Sink: Committer",1,backPressuredTimeMsPerSecond,0.0
1784195604,2,"Source: Source-data -> LoadJSON, Parse, _stream_key_by_map_operator",0,busyTimeMsPerSecond,0.0
1784195604,2,"Source: Source-data -> LoadJSON, Parse, _stream_key_by_map_operator",0,numRecordsOutPerSecond,0.0
1784195604,2,"Source: Source-data -> LoadJSON, Parse, _stream_key_by_map_operator",0,idleTimeMsPerSecond,0.0
1784195604,2,"Source: Source-data -> LoadJSON, Parse, _stream_key_by_map_operator",0,numRecordsOut,4242.0
1784195604,2,"Source: Source-data -> LoadJSON, Parse, _stream_key_by_map_operator",0,numRecordsIn,4242.0
1784195604,2,"Source: Source-data -> LoadJSON, Parse, _stream_key_by_map_operator",0,numRecordsInPerSecond,0.0
1784195604,2,"Source: Source-data -> LoadJSON, Parse, _stream_key_by_map_operator",0,backPressuredTimeMsPerSecond,1000.0
1784195604,2,"Source: Source-data -> LoadJSON, Parse, _stream_key_by_map_operator",1,busyTimeMsPerSecond,0.0
1784195604,2,"Source: Source-data -> LoadJSON, Parse, _stream_key_by_map_operator",1,numRecordsOutPerSecond,0.0
1784195604,2,"Source: Source-data -> LoadJSON, Parse, _stream_key_by_map_operator",1,idleTimeMsPerSecond,0.0
1784195604,2,"Source: Source-data -> LoadJSON, Parse, _stream_key_by_map_operator",1,numRecordsOut,4310.0
1784195604,2,"Source: Source-data -> LoadJSON, Parse, _stream_key_by_map_operator",1,numRecordsIn,4310.0
1784195604,2,"Source: Source-data -> LoadJSON, Parse, _stream_key_by_map_operator",1,numRecordsInPerSecond,0.0
1784195604,2,"Source: Source-data -> LoadJSON, Parse, _stream_key_by_map_operator",1,backPressuredTimeMsPerSecond,1000.0
1784195604,2,"KEYED PROCESS, Parse->Train, _stream_key_by_map_operator",0,busyTimeMsPerSecond,304.0
1784195604,2,"KEYED PROCESS, Parse->Train, _stream_key_by_map_operator",0,numRecordsOutPerSecond,0.11666666666666667
1784195604,2,"KEYED PROCESS, Parse->Train, _stream_key_by_map_operator",0,idleTimeMsPerSecond,0.0
1784195604,2,"KEYED PROCESS, Parse->Train, _stream_key_by_map_operator",0,numRecordsOut,223.0
1784195604,2,"KEYED PROCESS, Parse->Train, _stream_key_by_map_operator",0,numRecordsIn,224.0
1784195604,2,"KEYED PROCESS, Parse->Train, _stream_key_by_map_operator",0,numRecordsInPerSecond,0.11666666666666667
1784195604,2,"KEYED PROCESS, Parse->Train, _stream_key_by_map_operator",0,backPressuredTimeMsPerSecond,696.0
1784195604,2,"KEYED PROCESS, Parse->Train, _stream_key_by_map_operator",1,busyTimeMsPerSecond,287.0
1784195604,2,"KEYED PROCESS, Parse->Train, _stream_key_by_map_operator",1,numRecordsOutPerSecond,0.1
1784195604,2,"KEYED PROCESS, Parse->Train, _stream_key_by_map_operator",1,idleTimeMsPerSecond,0.0
1784195604,2,"KEYED PROCESS, Parse->Train, _stream_key_by_map_operator",1,numRecordsOut,199.0
1784195604,2,"KEYED PROCESS, Parse->Train, _stream_key_by_map_operator",1,numRecordsIn,200.0
1784195604,2,"KEYED PROCESS, Parse->Train, _stream_key_by_map_operator",1,numRecordsInPerSecond,0.1
1784195604,2,"KEYED PROCESS, Parse->Train, _stream_key_by_map_operator",1,backPressuredTimeMsPerSecond,713.0
1784195604,2,"KEYED PROCESS, Train->Infer, _stream_key_by_map_operator",0,busyTimeMsPerSecond,325.0
1784195604,2,"KEYED PROCESS, Train->Infer, _stream_key_by_map_operator",0,numRecordsOutPerSecond,41.666666666666664
1784195604,2,"KEYED PROCESS, Train->Infer, _stream_key_by_map_operator",0,idleTimeMsPerSecond,675.0
1784195604,2,"KEYED PROCESS, Train->Infer, _stream_key_by_map_operator",0,numRecordsOut,45135.0
1784195604,2,"KEYED PROCESS, Train->Infer, _stream_key_by_map_operator",0,numRecordsIn,225.0
1784195604,2,"KEYED PROCESS, Train->Infer, _stream_key_by_map_operator",0,numRecordsInPerSecond,0.08333333333333333
1784195604,2,"KEYED PROCESS, Train->Infer, _stream_key_by_map_operator",0,backPressuredTimeMsPerSecond,0.0
1784195604,2,"KEYED PROCESS, Train->Infer, _stream_key_by_map_operator",1,busyTimeMsPerSecond,532.0
1784195604,2,"KEYED PROCESS, Train->Infer, _stream_key_by_map_operator",1,numRecordsOutPerSecond,66.66666666666667
1784195604,2,"KEYED PROCESS, Train->Infer, _stream_key_by_map_operator",1,idleTimeMsPerSecond,0.0
1784195604,2,"KEYED PROCESS, Train->Infer, _stream_key_by_map_operator",1,numRecordsOut,46605.0
1784195604,2,"KEYED PROCESS, Train->Infer, _stream_key_by_map_operator",1,numRecordsIn,198.0
1784195604,2,"KEYED PROCESS, Train->Infer, _stream_key_by_map_operator",1,numRecordsInPerSecond,0.11666666666666667
1784195604,2,"KEYED PROCESS, Train->Infer, _stream_key_by_map_operator",1,backPressuredTimeMsPerSecond,468.0
1784195604,2,"Infer->Rank, Rank->Filter, Filter -> Sink: Writer -> Sink: Committer",0,busyTimeMsPerSecond,587.0
1784195604,2,"Infer->Rank, Rank->Filter, Filter -> Sink: Writer -> Sink: Committer",0,numRecordsOutPerSecond,33.333333333333336
1784195604,2,"Infer->Rank, Rank->Filter, Filter -> Sink: Writer -> Sink: Committer",0,idleTimeMsPerSecond,413.0
1784195604,2,"Infer->Rank, Rank->Filter, Filter -> Sink: Writer -> Sink: Committer",0,numRecordsOut,43500.0
1784195604,2,"Infer->Rank, Rank->Filter, Filter -> Sink: Writer -> Sink: Committer",0,numRecordsIn,45135.0
1784195604,2,"Infer->Rank, Rank->Filter, Filter -> Sink: Writer -> Sink: Committer",0,numRecordsInPerSecond,41.666666666666664
1784195604,2,"Infer->Rank, Rank->Filter, Filter -> Sink: Writer -> Sink: Committer",0,backPressuredTimeMsPerSecond,0.0
1784195604,2,"Infer->Rank, Rank->Filter, Filter -> Sink: Writer -> Sink: Committer",1,busyTimeMsPerSecond,1000.0
1784195604,2,"Infer->Rank, Rank->Filter, Filter -> Sink: Writer -> Sink: Committer",1,numRecordsOutPerSecond,67.16666666666667
1784195604,2,"Infer->Rank, Rank->Filter, Filter -> Sink: Writer -> Sink: Committer",1,idleTimeMsPerSecond,0.0
1784195604,2,"Infer->Rank, Rank->Filter, Filter -> Sink: Writer -> Sink: Committer",1,numRecordsOut,43590.0
1784195604,2,"Infer->Rank, Rank->Filter, Filter -> Sink: Writer -> Sink: Committer",1,numRecordsIn,43713.0
1784195604,2,"Infer->Rank, Rank->Filter, Filter -> Sink: Writer -> Sink: Committer",1,numRecordsInPerSecond,67.25
1784195604,2,"Infer->Rank, Rank->Filter, Filter -> Sink: Writer -> Sink: Committer",1,backPressuredTimeMsPerSecond,0.0
1784195619,2,"Source: Source-data -> LoadJSON, Parse, _stream_key_by_map_operator",0,busyTimeMsPerSecond,0.0
1784195619,2,"Source: Source-data -> LoadJSON, Parse, _stream_key_by_map_operator",0,numRecordsOutPerSecond,0.0
1784195619,2,"Source: Source-data -> LoadJSON, Parse, _stream_key_by_map_operator",0,idleTimeMsPerSecond,0.0
1784195619,2,"Source: Source-data -> LoadJSON, Parse, _stream_key_by_map_operator",0,numRecordsOut,4242.0
1784195619,2,"Source: Source-data -> LoadJSON, Parse, _stream_key_by_map_operator",0,numRecordsIn,4242.0
1784195619,2,"Source: Source-data -> LoadJSON, Parse, _stream_key_by_map_operator",0,numRecordsInPerSecond,0.0
1784195619,2,"Source: Source-data -> LoadJSON, Parse, _stream_key_by_map_operator",0,backPressuredTimeMsPerSecond,1000.0
1784195619,2,"Source: Source-data -> LoadJSON, Parse, _stream_key_by_map_operator",1,busyTimeMsPerSecond,0.0
1784195619,2,"Source: Source-data -> LoadJSON, Parse, _stream_key_by_map_operator",1,numRecordsOutPerSecond,0.0
1784195619,2,"Source: Source-data -> LoadJSON, Parse, _stream_key_by_map_operator",1,idleTimeMsPerSecond,0.0
1784195619,2,"Source: Source-data -> LoadJSON, Parse, _stream_key_by_map_operator",1,numRecordsOut,4310.0
1784195619,2,"Source: Source-data -> LoadJSON, Parse, _stream_key_by_map_operator",1,numRecordsIn,4310.0
1784195619,2,"Source: Source-data -> LoadJSON, Parse, _stream_key_by_map_operator",1,numRecordsInPerSecond,0.0
1784195619,2,"Source: Source-data -> LoadJSON, Parse, _stream_key_by_map_operator",1,backPressuredTimeMsPerSecond,1000.0
1784195619,2,"KEYED PROCESS, Parse->Train, _stream_key_by_map_operator",0,busyTimeMsPerSecond,303.0
1784195619,2,"KEYED PROCESS, Parse->Train, _stream_key_by_map_operator",0,numRecordsOutPerSecond,0.11666666666666667
1784195619,2,"KEYED PROCESS, Parse->Train, _stream_key_by_map_operator",0,idleTimeMsPerSecond,0.0
1784195619,2,"KEYED PROCESS, Parse->Train, _stream_key_by_map_operator",0,numRecordsOut,224.0
1784195619,2,"KEYED PROCESS, Parse->Train, _stream_key_by_map_operator",0,numRecordsIn,225.0
1784195619,2,"KEYED PROCESS, Parse->Train, _stream_key_by_map_operator",0,numRecordsInPerSecond,0.11666666666666667
1784195619,2,"KEYED PROCESS, Parse->Train, _stream_key_by_map_operator",0,backPressuredTimeMsPerSecond,697.0
1784195619,2,"KEYED PROCESS, Parse->Train, _stream_key_by_map_operator",1,busyTimeMsPerSecond,310.0
1784195619,2,"KEYED PROCESS, Parse->Train, _stream_key_by_map_operator",1,numRecordsOutPerSecond,0.1
1784195619,2,"KEYED PROCESS, Parse->Train, _stream_key_by_map_operator",1,idleTimeMsPerSecond,0.0
1784195619,2,"KEYED PROCESS, Parse->Train, _stream_key_by_map_operator",1,numRecordsOut,200.0
1784195619,2,"KEYED PROCESS, Parse->Train, _stream_key_by_map_operator",1,numRecordsIn,201.0
1784195619,2,"KEYED PROCESS, Parse->Train, _stream_key_by_map_operator",1,numRecordsInPerSecond,0.1
1784195619,2,"KEYED PROCESS, Parse->Train, _stream_key_by_map_operator",1,backPressuredTimeMsPerSecond,690.0
1784195619,2,"KEYED PROCESS, Train->Infer, _stream_key_by_map_operator",0,busyTimeMsPerSecond,325.0
1784195619,2,"KEYED PROCESS, Train->Infer, _stream_key_by_map_operator",0,numRecordsOutPerSecond,41.666666666666664
1784195619,2,"KEYED PROCESS, Train->Infer, _stream_key_by_map_operator",0,idleTimeMsPerSecond,675.0
1784195619,2,"KEYED PROCESS, Train->Infer, _stream_key_by_map_operator",0,numRecordsOut,45135.0
1784195619,2,"KEYED PROCESS, Train->Infer, _stream_key_by_map_operator",0,numRecordsIn,225.0
1784195619,2,"KEYED PROCESS, Train->Infer, _stream_key_by_map_operator",0,numRecordsInPerSecond,0.08333333333333333
1784195619,2,"KEYED PROCESS, Train->Infer, _stream_key_by_map_operator",0,backPressuredTimeMsPerSecond,0.0
1784195619,2,"KEYED PROCESS, Train->Infer, _stream_key_by_map_operator",1,busyTimeMsPerSecond,532.0
1784195619,2,"KEYED PROCESS, Train->Infer, _stream_key_by_map_operator",1,numRecordsOutPerSecond,66.66666666666667
1784195619,2,"KEYED PROCESS, Train->Infer, _stream_key_by_map_operator",1,idleTimeMsPerSecond,0.0
1784195619,2,"KEYED PROCESS, Train->Infer, _stream_key_by_map_operator",1,numRecordsOut,46605.0
1784195619,2,"KEYED PROCESS, Train->Infer, _stream_key_by_map_operator",1,numRecordsIn,198.0
1784195619,2,"KEYED PROCESS, Train->Infer, _stream_key_by_map_operator",1,numRecordsInPerSecond,0.11666666666666667
1784195619,2,"KEYED PROCESS, Train->Infer, _stream_key_by_map_operator",1,backPressuredTimeMsPerSecond,468.0
1784195619,2,"Infer->Rank, Rank->Filter, Filter -> Sink: Writer -> Sink: Committer",0,busyTimeMsPerSecond,573.0
1784195619,2,"Infer->Rank, Rank->Filter, Filter -> Sink: Writer -> Sink: Committer",0,numRecordsOutPerSecond,33.166666666666664
1784195619,2,"Infer->Rank, Rank->Filter, Filter -> Sink: Writer -> Sink: Committer",0,idleTimeMsPerSecond,427.0
1784195619,2,"Infer->Rank, Rank->Filter, Filter -> Sink: Writer -> Sink: Committer",0,numRecordsOut,43710.0
1784195619,2,"Infer->Rank, Rank->Filter, Filter -> Sink: Writer -> Sink: Committer",0,numRecordsIn,45360.0
1784195619,2,"Infer->Rank, Rank->Filter, Filter -> Sink: Writer -> Sink: Committer",0,numRecordsInPerSecond,41.63333333333333
1784195619,2,"Infer->Rank, Rank->Filter, Filter -> Sink: Writer -> Sink: Committer",0,backPressuredTimeMsPerSecond,0.0
1784195619,2,"Infer->Rank, Rank->Filter, Filter -> Sink: Writer -> Sink: Committer",1,busyTimeMsPerSecond,1000.0
1784195619,2,"Infer->Rank, Rank->Filter, Filter -> Sink: Writer -> Sink: Committer",1,numRecordsOutPerSecond,64.0
1784195619,2,"Infer->Rank, Rank->Filter, Filter -> Sink: Writer -> Sink: Committer",1,idleTimeMsPerSecond,0.0
1784195619,2,"Infer->Rank, Rank->Filter, Filter -> Sink: Writer -> Sink: Committer",1,numRecordsOut,44400.0
1784195619,2,"Infer->Rank, Rank->Filter, Filter -> Sink: Writer -> Sink: Committer",1,numRecordsIn,44522.0
1784195619,2,"Infer->Rank, Rank->Filter, Filter -> Sink: Writer -> Sink: Committer",1,numRecordsInPerSecond,64.03333333333333
1784195619,2,"Infer->Rank, Rank->Filter, Filter -> Sink: Writer -> Sink: Committer",1,backPressuredTimeMsPerSecond,0.0
1784195634,2,"Source: Source-data -> LoadJSON, Parse, _stream_key_by_map_operator",0,busyTimeMsPerSecond,1.0
1784195634,2,"Source: Source-data -> LoadJSON, Parse, _stream_key_by_map_operator",0,numRecordsOutPerSecond,0.0
1784195634,2,"Source: Source-data -> LoadJSON, Parse, _stream_key_by_map_operator",0,idleTimeMsPerSecond,0.0
1784195634,2,"Source: Source-data -> LoadJSON, Parse, _stream_key_by_map_operator",0,numRecordsOut,4242.0
1784195634,2,"Source: Source-data -> LoadJSON, Parse, _stream_key_by_map_operator",0,numRecordsIn,4242.0
1784195634,2,"Source: Source-data -> LoadJSON, Parse, _stream_key_by_map_operator",0,numRecordsInPerSecond,0.0
1784195634,2,"Source: Source-data -> LoadJSON, Parse, _stream_key_by_map_operator",0,backPressuredTimeMsPerSecond,999.0
1784195634,2,"Source: Source-data -> LoadJSON, Parse, _stream_key_by_map_operator",1,busyTimeMsPerSecond,0.0
1784195634,2,"Source: Source-data -> LoadJSON, Parse, _stream_key_by_map_operator",1,numRecordsOutPerSecond,0.0
1784195634,2,"Source: Source-data -> LoadJSON, Parse, _stream_key_by_map_operator",1,idleTimeMsPerSecond,0.0
1784195634,2,"Source: Source-data -> LoadJSON, Parse, _stream_key_by_map_operator",1,numRecordsOut,4310.0
1784195634,2,"Source: Source-data -> LoadJSON, Parse, _stream_key_by_map_operator",1,numRecordsIn,4310.0
1784195634,2,"Source: Source-data -> LoadJSON, Parse, _stream_key_by_map_operator",1,numRecordsInPerSecond,0.0
1784195634,2,"Source: Source-data -> LoadJSON, Parse, _stream_key_by_map_operator",1,backPressuredTimeMsPerSecond,1000.0
1784195634,2,"KEYED PROCESS, Parse->Train, _stream_key_by_map_operator",0,busyTimeMsPerSecond,213.0
1784195634,2,"KEYED PROCESS, Parse->Train, _stream_key_by_map_operator",0,numRecordsOutPerSecond,0.08333333333333333
1784195634,2,"KEYED PROCESS, Parse->Train, _stream_key_by_map_operator",0,idleTimeMsPerSecond,0.0
1784195634,2,"KEYED PROCESS, Parse->Train, _stream_key_by_map_operator",0,numRecordsOut,225.0
1784195634,2,"KEYED PROCESS, Parse->Train, _stream_key_by_map_operator",0,numRecordsIn,226.0
1784195634,2,"KEYED PROCESS, Parse->Train, _stream_key_by_map_operator",0,numRecordsInPerSecond,0.08333333333333333
1784195634,2,"KEYED PROCESS, Parse->Train, _stream_key_by_map_operator",0,backPressuredTimeMsPerSecond,787.0
1784195634,2,"KEYED PROCESS, Parse->Train, _stream_key_by_map_operator",1,busyTimeMsPerSecond,364.0
1784195634,2,"KEYED PROCESS, Parse->Train, _stream_key_by_map_operator",1,numRecordsOutPerSecond,0.11666666666666667
1784195634,2,"KEYED PROCESS, Parse->Train, _stream_key_by_map_operator",1,idleTimeMsPerSecond,0.0
1784195634,2,"KEYED PROCESS, Parse->Train, _stream_key_by_map_operator",1,numRecordsOut,203.0
1784195634,2,"KEYED PROCESS, Parse->Train, _stream_key_by_map_operator",1,numRecordsIn,204.0
1784195634,2,"KEYED PROCESS, Parse->Train, _stream_key_by_map_operator",1,numRecordsInPerSecond,0.11666666666666667
1784195634,2,"KEYED PROCESS, Parse->Train, _stream_key_by_map_operator",1,backPressuredTimeMsPerSecond,636.0
1784195634,2,"KEYED PROCESS, Train->Infer, _stream_key_by_map_operator",0,busyTimeMsPerSecond,290.0
1784195634,2,"KEYED PROCESS, Train->Infer, _stream_key_by_map_operator",0,numRecordsOutPerSecond,41.666666666666664
1784195634,2,"KEYED PROCESS, Train->Infer, _stream_key_by_map_operator",0,idleTimeMsPerSecond,710.0
1784195634,2,"KEYED PROCESS, Train->Infer, _stream_key_by_map_operator",0,numRecordsOut,46135.0
1784195634,2,"KEYED PROCESS, Train->Infer, _stream_key_by_map_operator",0,numRecordsIn,227.0
1784195634,2,"KEYED PROCESS, Train->Infer, _stream_key_by_map_operator",0,numRecordsInPerSecond,0.08333333333333333
1784195634,2,"KEYED PROCESS, Train->Infer, _stream_key_by_map_operator",0,backPressuredTimeMsPerSecond,0.0
1784195634,2,"KEYED PROCESS, Train->Infer, _stream_key_by_map_operator",1,busyTimeMsPerSecond,540.0
1784195634,2,"KEYED PROCESS, Train->Infer, _stream_key_by_map_operator",1,numRecordsOutPerSecond,66.66666666666667
1784195634,2,"KEYED PROCESS, Train->Infer, _stream_key_by_map_operator",1,idleTimeMsPerSecond,0.0
1784195634,2,"KEYED PROCESS, Train->Infer, _stream_key_by_map_operator",1,numRecordsOut,47605.0
1784195634,2,"KEYED PROCESS, Train->Infer, _stream_key_by_map_operator",1,numRecordsIn,201.0
1784195634,2,"KEYED PROCESS, Train->Infer, _stream_key_by_map_operator",1,numRecordsInPerSecond,0.11666666666666667
1784195634,2,"KEYED PROCESS, Train->Infer, _stream_key_by_map_operator",1,backPressuredTimeMsPerSecond,460.0
1784195634,2,"Infer->Rank, Rank->Filter, Filter -> Sink: Writer -> Sink: Committer",0,busyTimeMsPerSecond,493.0
1784195634,2,"Infer->Rank, Rank->Filter, Filter -> Sink: Writer -> Sink: Committer",0,numRecordsOutPerSecond,33.166666666666664
1784195634,2,"Infer->Rank, Rank->Filter, Filter -> Sink: Writer -> Sink: Committer",0,idleTimeMsPerSecond,507.0
1784195634,2,"Infer->Rank, Rank->Filter, Filter -> Sink: Writer -> Sink: Committer",0,numRecordsOut,44570.0
1784195634,2,"Infer->Rank, Rank->Filter, Filter -> Sink: Writer -> Sink: Committer",0,numRecordsIn,46221.0
1784195634,2,"Infer->Rank, Rank->Filter, Filter -> Sink: Writer -> Sink: Committer",0,numRecordsInPerSecond,41.63333333333333
1784195634,2,"Infer->Rank, Rank->Filter, Filter -> Sink: Writer -> Sink: Committer",0,backPressuredTimeMsPerSecond,0.0
1784195634,2,"Infer->Rank, Rank->Filter, Filter -> Sink: Writer -> Sink: Committer",1,busyTimeMsPerSecond,1000.0
1784195634,2,"Infer->Rank, Rank->Filter, Filter -> Sink: Writer -> Sink: Committer",1,numRecordsOutPerSecond,64.0
1784195634,2,"Infer->Rank, Rank->Filter, Filter -> Sink: Writer -> Sink: Committer",1,idleTimeMsPerSecond,0.0
1784195634,2,"Infer->Rank, Rank->Filter, Filter -> Sink: Writer -> Sink: Committer",1,numRecordsOut,45480.0
1784195634,2,"Infer->Rank, Rank->Filter, Filter -> Sink: Writer -> Sink: Committer",1,numRecordsIn,45602.0
1784195634,2,"Infer->Rank, Rank->Filter, Filter -> Sink: Writer -> Sink: Committer",1,numRecordsInPerSecond,64.01666666666667
1784195634,2,"Infer->Rank, Rank->Filter, Filter -> Sink: Writer -> Sink: Committer",1,backPressuredTimeMsPerSecond,0.0
1784195649,2,"Source: Source-data -> LoadJSON, Parse, _stream_key_by_map_operator",0,busyTimeMsPerSecond,1.0
1784195649,2,"Source: Source-data -> LoadJSON, Parse, _stream_key_by_map_operator",0,numRecordsOutPerSecond,0.0
1784195649,2,"Source: Source-data -> LoadJSON, Parse, _stream_key_by_map_operator",0,idleTimeMsPerSecond,0.0
1784195649,2,"Source: Source-data -> LoadJSON, Parse, _stream_key_by_map_operator",0,numRecordsOut,4242.0
1784195649,2,"Source: Source-data -> LoadJSON, Parse, _stream_key_by_map_operator",0,numRecordsIn,4242.0
1784195649,2,"Source: Source-data -> LoadJSON, Parse, _stream_key_by_map_operator",0,numRecordsInPerSecond,0.0
1784195649,2,"Source: Source-data -> LoadJSON, Parse, _stream_key_by_map_operator",0,backPressuredTimeMsPerSecond,999.0
1784195649,2,"Source: Source-data -> LoadJSON, Parse, _stream_key_by_map_operator",1,busyTimeMsPerSecond,0.0
1784195649,2,"Source: Source-data -> LoadJSON, Parse, _stream_key_by_map_operator",1,numRecordsOutPerSecond,0.0
1784195649,2,"Source: Source-data -> LoadJSON, Parse, _stream_key_by_map_operator",1,idleTimeMsPerSecond,0.0
1784195649,2,"Source: Source-data -> LoadJSON, Parse, _stream_key_by_map_operator",1,numRecordsOut,4310.0
1784195649,2,"Source: Source-data -> LoadJSON, Parse, _stream_key_by_map_operator",1,numRecordsIn,4310.0
1784195649,2,"Source: Source-data -> LoadJSON, Parse, _stream_key_by_map_operator",1,numRecordsInPerSecond,0.0
1784195649,2,"Source: Source-data -> LoadJSON, Parse, _stream_key_by_map_operator",1,backPressuredTimeMsPerSecond,1000.0
1784195649,2,"KEYED PROCESS, Parse->Train, _stream_key_by_map_operator",0,busyTimeMsPerSecond,249.0
1784195649,2,"KEYED PROCESS, Parse->Train, _stream_key_by_map_operator",0,numRecordsOutPerSecond,0.1
1784195649,2,"KEYED PROCESS, Parse->Train, _stream_key_by_map_operator",0,idleTimeMsPerSecond,0.0
1784195649,2,"KEYED PROCESS, Parse->Train, _stream_key_by_map_operator",0,numRecordsOut,228.0
1784195649,2,"KEYED PROCESS, Parse->Train, _stream_key_by_map_operator",0,numRecordsIn,229.0
1784195649,2,"KEYED PROCESS, Parse->Train, _stream_key_by_map_operator",0,numRecordsInPerSecond,0.1
1784195649,2,"KEYED PROCESS, Parse->Train, _stream_key_by_map_operator",0,backPressuredTimeMsPerSecond,751.0
1784195649,2,"KEYED PROCESS, Parse->Train, _stream_key_by_map_operator",1,busyTimeMsPerSecond,311.0
1784195649,2,"KEYED PROCESS, Parse->Train, _stream_key_by_map_operator",1,numRecordsOutPerSecond,0.1
1784195649,2,"KEYED PROCESS, Parse->Train, _stream_key_by_map_operator",1,idleTimeMsPerSecond,0.0
1784195649,2,"KEYED PROCESS, Parse->Train, _stream_key_by_map_operator",1,numRecordsOut,204.0
1784195649,2,"KEYED PROCESS, Parse->Train, _stream_key_by_map_operator",1,numRecordsIn,205.0
1784195649,2,"KEYED PROCESS, Parse->Train, _stream_key_by_map_operator",1,numRecordsInPerSecond,0.1
1784195649,2,"KEYED PROCESS, Parse->Train, _stream_key_by_map_operator",1,backPressuredTimeMsPerSecond,689.0
1784195649,2,"KEYED PROCESS, Train->Infer, _stream_key_by_map_operator",0,busyTimeMsPerSecond,222.0
1784195649,2,"KEYED PROCESS, Train->Infer, _stream_key_by_map_operator",0,numRecordsOutPerSecond,25.0
1784195649,2,"KEYED PROCESS, Train->Infer, _stream_key_by_map_operator",0,idleTimeMsPerSecond,778.0
1784195649,2,"KEYED PROCESS, Train->Infer, _stream_key_by_map_operator",0,numRecordsOut,46635.0
1784195649,2,"KEYED PROCESS, Train->Infer, _stream_key_by_map_operator",0,numRecordsIn,229.0
1784195649,2,"KEYED PROCESS, Train->Infer, _stream_key_by_map_operator",0,numRecordsInPerSecond,0.06666666666666667
1784195649,2,"KEYED PROCESS, Train->Infer, _stream_key_by_map_operator",0,backPressuredTimeMsPerSecond,0.0
1784195649,2,"KEYED PROCESS, Train->Infer, _stream_key_by_map_operator",1,busyTimeMsPerSecond,564.0
1784195649,2,"KEYED PROCESS, Train->Infer, _stream_key_by_map_operator",1,numRecordsOutPerSecond,66.66666666666667
1784195649,2,"KEYED PROCESS, Train->Infer, _stream_key_by_map_operator",1,idleTimeMsPerSecond,0.0
1784195649,2,"KEYED PROCESS, Train->Infer, _stream_key_by_map_operator",1,numRecordsOut,48605.0
1784195649,2,"KEYED PROCESS, Train->Infer, _stream_key_by_map_operator",1,numRecordsIn,203.0
1784195649,2,"KEYED PROCESS, Train->Infer, _stream_key_by_map_operator",1,numRecordsInPerSecond,0.13333333333333333
1784195649,2,"KEYED PROCESS, Train->Infer, _stream_key_by_map_operator",1,backPressuredTimeMsPerSecond,436.0
1784195649,2,"Infer->Rank, Rank->Filter, Filter -> Sink: Writer -> Sink: Committer",0,busyTimeMsPerSecond,485.0
1784195649,2,"Infer->Rank, Rank->Filter, Filter -> Sink: Writer -> Sink: Committer",0,numRecordsOutPerSecond,25.333333333333332
1784195649,2,"Infer->Rank, Rank->Filter, Filter -> Sink: Writer -> Sink: Committer",0,idleTimeMsPerSecond,515.0
1784195649,2,"Infer->Rank, Rank->Filter, Filter -> Sink: Writer -> Sink: Committer",0,numRecordsOut,45120.0
1784195649,2,"Infer->Rank, Rank->Filter, Filter -> Sink: Writer -> Sink: Committer",0,numRecordsIn,46775.0
1784195649,2,"Infer->Rank, Rank->Filter, Filter -> Sink: Writer -> Sink: Committer",0,numRecordsInPerSecond,31.016666666666666
1784195649,2,"Infer->Rank, Rank->Filter, Filter -> Sink: Writer -> Sink: Committer",0,backPressuredTimeMsPerSecond,0.0
1784195649,2,"Infer->Rank, Rank->Filter, Filter -> Sink: Writer -> Sink: Committer",1,busyTimeMsPerSecond,1000.0
1784195649,2,"Infer->Rank, Rank->Filter, Filter -> Sink: Writer -> Sink: Committer",1,numRecordsOutPerSecond,63.833333333333336
1784195649,2,"Infer->Rank, Rank->Filter, Filter -> Sink: Writer -> Sink: Committer",1,idleTimeMsPerSecond,0.0
1784195649,2,"Infer->Rank, Rank->Filter, Filter -> Sink: Writer -> Sink: Committer",1,numRecordsOut,46540.0
1784195649,2,"Infer->Rank, Rank->Filter, Filter -> Sink: Writer -> Sink: Committer",1,numRecordsIn,46664.0
1784195649,2,"Infer->Rank, Rank->Filter, Filter -> Sink: Writer -> Sink: Committer",1,numRecordsInPerSecond,63.95
1784195649,2,"Infer->Rank, Rank->Filter, Filter -> Sink: Writer -> Sink: Committer",1,backPressuredTimeMsPerSecond,0.0
1784195664,2,"Source: Source-data -> LoadJSON, Parse, _stream_key_by_map_operator",0,busyTimeMsPerSecond,0.0
1784195664,2,"Source: Source-data -> LoadJSON, Parse, _stream_key_by_map_operator",0,numRecordsOutPerSecond,0.0
1784195664,2,"Source: Source-data -> LoadJSON, Parse, _stream_key_by_map_operator",0,idleTimeMsPerSecond,0.0
1784195664,2,"Source: Source-data -> LoadJSON, Parse, _stream_key_by_map_operator",0,numRecordsOut,4242.0
1784195664,2,"Source: Source-data -> LoadJSON, Parse, _stream_key_by_map_operator",0,numRecordsIn,4242.0
1784195664,2,"Source: Source-data -> LoadJSON, Parse, _stream_key_by_map_operator",0,numRecordsInPerSecond,0.0
1784195664,2,"Source: Source-data -> LoadJSON, Parse, _stream_key_by_map_operator",0,backPressuredTimeMsPerSecond,1000.0
1784195664,2,"Source: Source-data -> LoadJSON, Parse, _stream_key_by_map_operator",1,busyTimeMsPerSecond,1.0
1784195664,2,"Source: Source-data -> LoadJSON, Parse, _stream_key_by_map_operator",1,numRecordsOutPerSecond,0.0
1784195664,2,"Source: Source-data -> LoadJSON, Parse, _stream_key_by_map_operator",1,idleTimeMsPerSecond,0.0
1784195664,2,"Source: Source-data -> LoadJSON, Parse, _stream_key_by_map_operator",1,numRecordsOut,4310.0
1784195664,2,"Source: Source-data -> LoadJSON, Parse, _stream_key_by_map_operator",1,numRecordsIn,4310.0
1784195664,2,"Source: Source-data -> LoadJSON, Parse, _stream_key_by_map_operator",1,numRecordsInPerSecond,0.0
1784195664,2,"Source: Source-data -> LoadJSON, Parse, _stream_key_by_map_operator",1,backPressuredTimeMsPerSecond,999.0
1784195664,2,"KEYED PROCESS, Parse->Train, _stream_key_by_map_operator",0,busyTimeMsPerSecond,327.0
1784195664,2,"KEYED PROCESS, Parse->Train, _stream_key_by_map_operator",0,numRecordsOutPerSecond,0.13333333333333333
1784195664,2,"KEYED PROCESS, Parse->Train, _stream_key_by_map_operator",0,idleTimeMsPerSecond,0.0
1784195664,2,"KEYED PROCESS, Parse->Train, _stream_key_by_map_operator",0,numRecordsOut,232.0
1784195664,2,"KEYED PROCESS, Parse->Train, _stream_key_by_map_operator",0,numRecordsIn,233.0
1784195664,2,"KEYED PROCESS, Parse->Train, _stream_key_by_map_operator",0,numRecordsInPerSecond,0.13333333333333333
1784195664,2,"KEYED PROCESS, Parse->Train, _stream_key_by_map_operator",0,backPressuredTimeMsPerSecond,673.0
1784195664,2,"KEYED PROCESS, Parse->Train, _stream_key_by_map_operator",1,busyTimeMsPerSecond,314.0
1784195664,2,"KEYED PROCESS, Parse->Train, _stream_key_by_map_operator",1,numRecordsOutPerSecond,0.1
1784195664,2,"KEYED PROCESS, Parse->Train, _stream_key_by_map_operator",1,idleTimeMsPerSecond,0.0
1784195664,2,"KEYED PROCESS, Parse->Train, _stream_key_by_map_operator",1,numRecordsOut,205.0
1784195664,2,"KEYED PROCESS, Parse->Train, _stream_key_by_map_operator",1,numRecordsIn,206.0
1784195664,2,"KEYED PROCESS, Parse->Train, _stream_key_by_map_operator",1,numRecordsInPerSecond,0.1
1784195664,2,"KEYED PROCESS, Parse->Train, _stream_key_by_map_operator",1,backPressuredTimeMsPerSecond,686.0
1784195664,2,"KEYED PROCESS, Train->Infer, _stream_key_by_map_operator",0,busyTimeMsPerSecond,383.0
1784195664,2,"KEYED PROCESS, Train->Infer, _stream_key_by_map_operator",0,numRecordsOutPerSecond,41.666666666666664
1784195664,2,"KEYED PROCESS, Train->Infer, _stream_key_by_map_operator",0,idleTimeMsPerSecond,617.0
1784195664,2,"KEYED PROCESS, Train->Infer, _stream_key_by_map_operator",0,numRecordsOut,48135.0
1784195664,2,"KEYED PROCESS, Train->Infer, _stream_key_by_map_operator",0,numRecordsIn,231.0
1784195664,2,"KEYED PROCESS, Train->Infer, _stream_key_by_map_operator",0,numRecordsInPerSecond,0.1
1784195664,2,"KEYED PROCESS, Train->Infer, _stream_key_by_map_operator",0,backPressuredTimeMsPerSecond,0.0
1784195664,2,"KEYED PROCESS, Train->Infer, _stream_key_by_map_operator",1,busyTimeMsPerSecond,564.0
1784195664,2,"KEYED PROCESS, Train->Infer, _stream_key_by_map_operator",1,numRecordsOutPerSecond,66.66666666666667
1784195664,2,"KEYED PROCESS, Train->Infer, _stream_key_by_map_operator",1,idleTimeMsPerSecond,0.0
1784195664,2,"KEYED PROCESS, Train->Infer, _stream_key_by_map_operator",1,numRecordsOut,49605.0
1784195664,2,"KEYED PROCESS, Train->Infer, _stream_key_by_map_operator",1,numRecordsIn,205.0
1784195664,2,"KEYED PROCESS, Train->Infer, _stream_key_by_map_operator",1,numRecordsInPerSecond,0.13333333333333333
1784195664,2,"KEYED PROCESS, Train->Infer, _stream_key_by_map_operator",1,backPressuredTimeMsPerSecond,436.0
1784195664,2,"Infer->Rank, Rank->Filter, Filter -> Sink: Writer -> Sink: Committer",0,busyTimeMsPerSecond,684.0
1784195664,2,"Infer->Rank, Rank->Filter, Filter -> Sink: Writer -> Sink: Committer",0,numRecordsOutPerSecond,34.166666666666664
1784195664,2,"Infer->Rank, Rank->Filter, Filter -> Sink: Writer -> Sink: Committer",0,idleTimeMsPerSecond,316.0
1784195664,2,"Infer->Rank, Rank->Filter, Filter -> Sink: Writer -> Sink: Committer",0,numRecordsOut,45720.0
1784195664,2,"Infer->Rank, Rank->Filter, Filter -> Sink: Writer -> Sink: Committer",0,numRecordsIn,47369.0
1784195664,2,"Infer->Rank, Rank->Filter, Filter -> Sink: Writer -> Sink: Committer",0,numRecordsInPerSecond,34.38333333333333
1784195664,2,"Infer->Rank, Rank->Filter, Filter -> Sink: Writer -> Sink: Committer",0,backPressuredTimeMsPerSecond,0.0
1784195664,2,"Infer->Rank, Rank->Filter, Filter -> Sink: Writer -> Sink: Committer",1,busyTimeMsPerSecond,1000.0
1784195664,2,"Infer->Rank, Rank->Filter, Filter -> Sink: Writer -> Sink: Committer",1,numRecordsOutPerSecond,64.66666666666667
1784195664,2,"Infer->Rank, Rank->Filter, Filter -> Sink: Writer -> Sink: Committer",1,idleTimeMsPerSecond,0.0
1784195664,2,"Infer->Rank, Rank->Filter, Filter -> Sink: Writer -> Sink: Committer",1,numRecordsOut,47490.0
1784195664,2,"Infer->Rank, Rank->Filter, Filter -> Sink: Writer -> Sink: Committer",1,numRecordsIn,47612.0
1784195664,2,"Infer->Rank, Rank->Filter, Filter -> Sink: Writer -> Sink: Committer",1,numRecordsInPerSecond,64.6
1784195664,2,"Infer->Rank, Rank->Filter, Filter -> Sink: Writer -> Sink: Committer",1,backPressuredTimeMsPerSecond,0.0
1784195679,2,"Source: Source-data -> LoadJSON, Parse, _stream_key_by_map_operator",0,busyTimeMsPerSecond,0.0
1784195679,2,"Source: Source-data -> LoadJSON, Parse, _stream_key_by_map_operator",0,numRecordsOutPerSecond,0.0
1784195679,2,"Source: Source-data -> LoadJSON, Parse, _stream_key_by_map_operator",0,idleTimeMsPerSecond,0.0
1784195679,2,"Source: Source-data -> LoadJSON, Parse, _stream_key_by_map_operator",0,numRecordsOut,4242.0
1784195679,2,"Source: Source-data -> LoadJSON, Parse, _stream_key_by_map_operator",0,numRecordsIn,4242.0
1784195679,2,"Source: Source-data -> LoadJSON, Parse, _stream_key_by_map_operator",0,numRecordsInPerSecond,0.0
1784195679,2,"Source: Source-data -> LoadJSON, Parse, _stream_key_by_map_operator",0,backPressuredTimeMsPerSecond,1000.0
1784195679,2,"Source: Source-data -> LoadJSON, Parse, _stream_key_by_map_operator",1,busyTimeMsPerSecond,1.0
1784195679,2,"Source: Source-data -> LoadJSON, Parse, _stream_key_by_map_operator",1,numRecordsOutPerSecond,0.0
1784195679,2,"Source: Source-data -> LoadJSON, Parse, _stream_key_by_map_operator",1,idleTimeMsPerSecond,0.0
1784195679,2,"Source: Source-data -> LoadJSON, Parse, _stream_key_by_map_operator",1,numRecordsOut,4310.0
1784195679,2,"Source: Source-data -> LoadJSON, Parse, _stream_key_by_map_operator",1,numRecordsIn,4310.0
1784195679,2,"Source: Source-data -> LoadJSON, Parse, _stream_key_by_map_operator",1,numRecordsInPerSecond,0.0
1784195679,2,"Source: Source-data -> LoadJSON, Parse, _stream_key_by_map_operator",1,backPressuredTimeMsPerSecond,999.0
1784195679,2,"KEYED PROCESS, Parse->Train, _stream_key_by_map_operator",0,busyTimeMsPerSecond,436.0
1784195679,2,"KEYED PROCESS, Parse->Train, _stream_key_by_map_operator",0,numRecordsOutPerSecond,0.16666666666666666
1784195679,2,"KEYED PROCESS, Parse->Train, _stream_key_by_map_operator",0,idleTimeMsPerSecond,0.0
1784195679,2,"KEYED PROCESS, Parse->Train, _stream_key_by_map_operator",0,numRecordsOut,234.0
1784195679,2,"KEYED PROCESS, Parse->Train, _stream_key_by_map_operator",0,numRecordsIn,235.0
1784195679,2,"KEYED PROCESS, Parse->Train, _stream_key_by_map_operator",0,numRecordsInPerSecond,0.16666666666666666
1784195679,2,"KEYED PROCESS, Parse->Train, _stream_key_by_map_operator",0,backPressuredTimeMsPerSecond,564.0
1784195679,2,"KEYED PROCESS, Parse->Train, _stream_key_by_map_operator",1,busyTimeMsPerSecond,350.0
1784195679,2,"KEYED PROCESS, Parse->Train, _stream_key_by_map_operator",1,numRecordsOutPerSecond,0.11666666666666667
1784195679,2,"KEYED PROCESS, Parse->Train, _stream_key_by_map_operator",1,idleTimeMsPerSecond,0.0
1784195679,2,"KEYED PROCESS, Parse->Train, _stream_key_by_map_operator",1,numRecordsOut,207.0
1784195679,2,"KEYED PROCESS, Parse->Train, _stream_key_by_map_operator",1,numRecordsIn,208.0
1784195679,2,"KEYED PROCESS, Parse->Train, _stream_key_by_map_operator",1,numRecordsInPerSecond,0.11666666666666667
1784195679,2,"KEYED PROCESS, Parse->Train, _stream_key_by_map_operator",1,backPressuredTimeMsPerSecond,650.0
1784195679,2,"KEYED PROCESS, Train->Infer, _stream_key_by_map_operator",0,busyTimeMsPerSecond,633.0
1784195679,2,"KEYED PROCESS, Train->Infer, _stream_key_by_map_operator",0,numRecordsOutPerSecond,66.66666666666667
1784195679,2,"KEYED PROCESS, Train->Infer, _stream_key_by_map_operator",0,idleTimeMsPerSecond,367.0
1784195679,2,"KEYED PROCESS, Train->Infer, _stream_key_by_map_operator",0,numRecordsOut,49635.0
1784195679,2,"KEYED PROCESS, Train->Infer, _stream_key_by_map_operator",0,numRecordsIn,235.0
1784195679,2,"KEYED PROCESS, Train->Infer, _stream_key_by_map_operator",0,numRecordsInPerSecond,0.15
1784195679,2,"KEYED PROCESS, Train->Infer, _stream_key_by_map_operator",0,backPressuredTimeMsPerSecond,0.0
1784195679,2,"KEYED PROCESS, Train->Infer, _stream_key_by_map_operator",1,busyTimeMsPerSecond,556.0
1784195679,2,"KEYED PROCESS, Train->Infer, _stream_key_by_map_operator",1,numRecordsOutPerSecond,66.66666666666667
1784195679,2,"KEYED PROCESS, Train->Infer, _stream_key_by_map_operator",1,idleTimeMsPerSecond,0.0
1784195679,2,"KEYED PROCESS, Train->Infer, _stream_key_by_map_operator",1,numRecordsOut,50605.0
1784195679,2,"KEYED PROCESS, Train->Infer, _stream_key_by_map_operator",1,numRecordsIn,206.0
1784195679,2,"KEYED PROCESS, Train->Infer, _stream_key_by_map_operator",1,numRecordsInPerSecond,0.13333333333333333
1784195679,2,"KEYED PROCESS, Train->Infer, _stream_key_by_map_operator",1,backPressuredTimeMsPerSecond,444.0
1784195679,2,"Infer->Rank, Rank->Filter, Filter -> Sink: Writer -> Sink: Committer",0,busyTimeMsPerSecond,684.0
1784195679,2,"Infer->Rank, Rank->Filter, Filter -> Sink: Writer -> Sink: Committer",0,numRecordsOutPerSecond,34.166666666666664
1784195679,2,"Infer->Rank, Rank->Filter, Filter -> Sink: Writer -> Sink: Committer",0,idleTimeMsPerSecond,316.0
1784195679,2,"Infer->Rank, Rank->Filter, Filter -> Sink: Writer -> Sink: Committer",0,numRecordsOut,45720.0
1784195679,2,"Infer->Rank, Rank->Filter, Filter -> Sink: Writer -> Sink: Committer",0,numRecordsIn,47369.0
1784195679,2,"Infer->Rank, Rank->Filter, Filter -> Sink: Writer -> Sink: Committer",0,numRecordsInPerSecond,34.38333333333333
1784195679,2,"Infer->Rank, Rank->Filter, Filter -> Sink: Writer -> Sink: Committer",0,backPressuredTimeMsPerSecond,0.0
1784195679,2,"Infer->Rank, Rank->Filter, Filter -> Sink: Writer -> Sink: Committer",1,busyTimeMsPerSecond,1000.0
1784195679,2,"Infer->Rank, Rank->Filter, Filter -> Sink: Writer -> Sink: Committer",1,numRecordsOutPerSecond,65.33333333333333
1784195679,2,"Infer->Rank, Rank->Filter, Filter -> Sink: Writer -> Sink: Committer",1,idleTimeMsPerSecond,0.0
1784195679,2,"Infer->Rank, Rank->Filter, Filter -> Sink: Writer -> Sink: Committer",1,numRecordsOut,48300.0
1784195679,2,"Infer->Rank, Rank->Filter, Filter -> Sink: Writer -> Sink: Committer",1,numRecordsIn,48422.0
1784195679,2,"Infer->Rank, Rank->Filter, Filter -> Sink: Writer -> Sink: Committer",1,numRecordsInPerSecond,65.21666666666667
1784195679,2,"Infer->Rank, Rank->Filter, Filter -> Sink: Writer -> Sink: Committer",1,backPressuredTimeMsPerSecond,0.0
1784195694,2,"Source: Source-data -> LoadJSON, Parse, _stream_key_by_map_operator",0,busyTimeMsPerSecond,0.0
1784195694,2,"Source: Source-data -> LoadJSON, Parse, _stream_key_by_map_operator",0,numRecordsOutPerSecond,0.0
1784195694,2,"Source: Source-data -> LoadJSON, Parse, _stream_key_by_map_operator",0,idleTimeMsPerSecond,0.0
1784195694,2,"Source: Source-data -> LoadJSON, Parse, _stream_key_by_map_operator",0,numRecordsOut,4242.0
1784195694,2,"Source: Source-data -> LoadJSON, Parse, _stream_key_by_map_operator",0,numRecordsIn,4242.0
1784195694,2,"Source: Source-data -> LoadJSON, Parse, _stream_key_by_map_operator",0,numRecordsInPerSecond,0.0
1784195694,2,"Source: Source-data -> LoadJSON, Parse, _stream_key_by_map_operator",0,backPressuredTimeMsPerSecond,1000.0
1784195694,2,"Source: Source-data -> LoadJSON, Parse, _stream_key_by_map_operator",1,busyTimeMsPerSecond,1.0
1784195694,2,"Source: Source-data -> LoadJSON, Parse, _stream_key_by_map_operator",1,numRecordsOutPerSecond,0.0
1784195694,2,"Source: Source-data -> LoadJSON, Parse, _stream_key_by_map_operator",1,idleTimeMsPerSecond,0.0
1784195694,2,"Source: Source-data -> LoadJSON, Parse, _stream_key_by_map_operator",1,numRecordsOut,4310.0
1784195694,2,"Source: Source-data -> LoadJSON, Parse, _stream_key_by_map_operator",1,numRecordsIn,4310.0
1784195694,2,"Source: Source-data -> LoadJSON, Parse, _stream_key_by_map_operator",1,numRecordsInPerSecond,0.0
1784195694,2,"Source: Source-data -> LoadJSON, Parse, _stream_key_by_map_operator",1,backPressuredTimeMsPerSecond,999.0
1784195694,2,"KEYED PROCESS, Parse->Train, _stream_key_by_map_operator",0,busyTimeMsPerSecond,517.0
1784195694,2,"KEYED PROCESS, Parse->Train, _stream_key_by_map_operator",0,numRecordsOutPerSecond,0.18333333333333332
1784195694,2,"KEYED PROCESS, Parse->Train, _stream_key_by_map_operator",0,idleTimeMsPerSecond,0.0
1784195694,2,"KEYED PROCESS, Parse->Train, _stream_key_by_map_operator",0,numRecordsOut,237.0
1784195694,2,"KEYED PROCESS, Parse->Train, _stream_key_by_map_operator",0,numRecordsIn,238.0
1784195694,2,"KEYED PROCESS, Parse->Train, _stream_key_by_map_operator",0,numRecordsInPerSecond,0.18333333333333332
1784195694,2,"KEYED PROCESS, Parse->Train, _stream_key_by_map_operator",0,backPressuredTimeMsPerSecond,483.0
1784195694,2,"KEYED PROCESS, Parse->Train, _stream_key_by_map_operator",1,busyTimeMsPerSecond,329.0
1784195694,2,"KEYED PROCESS, Parse->Train, _stream_key_by_map_operator",1,numRecordsOutPerSecond,0.1
1784195694,2,"KEYED PROCESS, Parse->Train, _stream_key_by_map_operator",1,idleTimeMsPerSecond,0.0
1784195694,2,"KEYED PROCESS, Parse->Train, _stream_key_by_map_operator",1,numRecordsOut,210.0
1784195694,2,"KEYED PROCESS, Parse->Train, _stream_key_by_map_operator",1,numRecordsIn,211.0
1784195694,2,"KEYED PROCESS, Parse->Train, _stream_key_by_map_operator",1,numRecordsInPerSecond,0.1
1784195694,2,"KEYED PROCESS, Parse->Train, _stream_key_by_map_operator",1,backPressuredTimeMsPerSecond,671.0
1784195694,2,"KEYED PROCESS, Train->Infer, _stream_key_by_map_operator",0,busyTimeMsPerSecond,791.0
1784195694,2,"KEYED PROCESS, Train->Infer, _stream_key_by_map_operator",0,numRecordsOutPerSecond,91.66666666666667
1784195694,2,"KEYED PROCESS, Train->Infer, _stream_key_by_map_operator",0,idleTimeMsPerSecond,204.0
1784195694,2,"KEYED PROCESS, Train->Infer, _stream_key_by_map_operator",0,numRecordsOut,51135.0
1784195694,2,"KEYED PROCESS, Train->Infer, _stream_key_by_map_operator",0,numRecordsIn,238.0
1784195694,2,"KEYED PROCESS, Train->Infer, _stream_key_by_map_operator",0,numRecordsInPerSecond,0.16666666666666666
1784195694,2,"KEYED PROCESS, Train->Infer, _stream_key_by_map_operator",0,backPressuredTimeMsPerSecond,5.0
1784195694,2,"KEYED PROCESS, Train->Infer, _stream_key_by_map_operator",1,busyTimeMsPerSecond,552.0
1784195694,2,"KEYED PROCESS, Train->Infer, _stream_key_by_map_operator",1,numRecordsOutPerSecond,66.66666666666667
1784195694,2,"KEYED PROCESS, Train->Infer, _stream_key_by_map_operator",1,idleTimeMsPerSecond,0.0
1784195694,2,"KEYED PROCESS, Train->Infer, _stream_key_by_map_operator",1,numRecordsOut,51605.0
1784195694,2,"KEYED PROCESS, Train->Infer, _stream_key_by_map_operator",1,numRecordsIn,209.0
1784195694,2,"KEYED PROCESS, Train->Infer, _stream_key_by_map_operator",1,numRecordsInPerSecond,0.13333333333333333
1784195694,2,"KEYED PROCESS, Train->Infer, _stream_key_by_map_operator",1,backPressuredTimeMsPerSecond,448.0
1784195694,2,"Infer->Rank, Rank->Filter, Filter -> Sink: Writer -> Sink: Committer",0,busyTimeMsPerSecond,912.0
1784195694,2,"Infer->Rank, Rank->Filter, Filter -> Sink: Writer -> Sink: Committer",0,numRecordsOutPerSecond,45.833333333333336
1784195694,2,"Infer->Rank, Rank->Filter, Filter -> Sink: Writer -> Sink: Committer",0,idleTimeMsPerSecond,88.0
1784195694,2,"Infer->Rank, Rank->Filter, Filter -> Sink: Writer -> Sink: Committer",0,numRecordsOut,46500.0
1784195694,2,"Infer->Rank, Rank->Filter, Filter -> Sink: Writer -> Sink: Committer",0,numRecordsIn,48155.0
1784195694,2,"Infer->Rank, Rank->Filter, Filter -> Sink: Writer -> Sink: Committer",0,numRecordsInPerSecond,45.88333333333333
1784195694,2,"Infer->Rank, Rank->Filter, Filter -> Sink: Writer -> Sink: Committer",0,backPressuredTimeMsPerSecond,0.0
1784195694,2,"Infer->Rank, Rank->Filter, Filter -> Sink: Writer -> Sink: Committer",1,busyTimeMsPerSecond,1000.0
1784195694,2,"Infer->Rank, Rank->Filter, Filter -> Sink: Writer -> Sink: Committer",1,numRecordsOutPerSecond,63.833333333333336
1784195694,2,"Infer->Rank, Rank->Filter, Filter -> Sink: Writer -> Sink: Committer",1,idleTimeMsPerSecond,0.0
1784195694,2,"Infer->Rank, Rank->Filter, Filter -> Sink: Writer -> Sink: Committer",1,numRecordsOut,49290.0
1784195694,2,"Infer->Rank, Rank->Filter, Filter -> Sink: Writer -> Sink: Committer",1,numRecordsIn,49414.0
1784195694,2,"Infer->Rank, Rank->Filter, Filter -> Sink: Writer -> Sink: Committer",1,numRecordsInPerSecond,63.78333333333333
1784195694,2,"Infer->Rank, Rank->Filter, Filter -> Sink: Writer -> Sink: Committer",1,backPressuredTimeMsPerSecond,0.0
1784195709,2,"Source: Source-data -> LoadJSON, Parse, _stream_key_by_map_operator",0,busyTimeMsPerSecond,0.0
1784195709,2,"Source: Source-data -> LoadJSON, Parse, _stream_key_by_map_operator",0,numRecordsOutPerSecond,0.0
1784195709,2,"Source: Source-data -> LoadJSON, Parse, _stream_key_by_map_operator",0,idleTimeMsPerSecond,0.0
1784195709,2,"Source: Source-data -> LoadJSON, Parse, _stream_key_by_map_operator",0,numRecordsOut,4242.0
1784195709,2,"Source: Source-data -> LoadJSON, Parse, _stream_key_by_map_operator",0,numRecordsIn,4242.0
1784195709,2,"Source: Source-data -> LoadJSON, Parse, _stream_key_by_map_operator",0,numRecordsInPerSecond,0.0
1784195709,2,"Source: Source-data -> LoadJSON, Parse, _stream_key_by_map_operator",0,backPressuredTimeMsPerSecond,1000.0
1784195709,2,"Source: Source-data -> LoadJSON, Parse, _stream_key_by_map_operator",1,busyTimeMsPerSecond,1.0
1784195709,2,"Source: Source-data -> LoadJSON, Parse, _stream_key_by_map_operator",1,numRecordsOutPerSecond,0.0
1784195709,2,"Source: Source-data -> LoadJSON, Parse, _stream_key_by_map_operator",1,idleTimeMsPerSecond,0.0
1784195709,2,"Source: Source-data -> LoadJSON, Parse, _stream_key_by_map_operator",1,numRecordsOut,4310.0
1784195709,2,"Source: Source-data -> LoadJSON, Parse, _stream_key_by_map_operator",1,numRecordsIn,4310.0
1784195709,2,"Source: Source-data -> LoadJSON, Parse, _stream_key_by_map_operator",1,numRecordsInPerSecond,0.0
1784195709,2,"Source: Source-data -> LoadJSON, Parse, _stream_key_by_map_operator",1,backPressuredTimeMsPerSecond,999.0
1784195709,2,"KEYED PROCESS, Parse->Train, _stream_key_by_map_operator",0,busyTimeMsPerSecond,510.0
1784195709,2,"KEYED PROCESS, Parse->Train, _stream_key_by_map_operator",0,numRecordsOutPerSecond,0.18333333333333332
1784195709,2,"KEYED PROCESS, Parse->Train, _stream_key_by_map_operator",0,idleTimeMsPerSecond,0.0
1784195709,2,"KEYED PROCESS, Parse->Train, _stream_key_by_map_operator",0,numRecordsOut,238.0
1784195709,2,"KEYED PROCESS, Parse->Train, _stream_key_by_map_operator",0,numRecordsIn,239.0
1784195709,2,"KEYED PROCESS, Parse->Train, _stream_key_by_map_operator",0,numRecordsInPerSecond,0.18333333333333332
1784195709,2,"KEYED PROCESS, Parse->Train, _stream_key_by_map_operator",0,backPressuredTimeMsPerSecond,490.0
1784195709,2,"KEYED PROCESS, Parse->Train, _stream_key_by_map_operator",1,busyTimeMsPerSecond,377.0
1784195709,2,"KEYED PROCESS, Parse->Train, _stream_key_by_map_operator",1,numRecordsOutPerSecond,0.11666666666666667
1784195709,2,"KEYED PROCESS, Parse->Train, _stream_key_by_map_operator",1,idleTimeMsPerSecond,0.0
1784195709,2,"KEYED PROCESS, Parse->Train, _stream_key_by_map_operator",1,numRecordsOut,211.0
1784195709,2,"KEYED PROCESS, Parse->Train, _stream_key_by_map_operator",1,numRecordsIn,212.0
1784195709,2,"KEYED PROCESS, Parse->Train, _stream_key_by_map_operator",1,numRecordsInPerSecond,0.11666666666666667
1784195709,2,"KEYED PROCESS, Parse->Train, _stream_key_by_map_operator",1,backPressuredTimeMsPerSecond,623.0
1784195709,2,"KEYED PROCESS, Train->Infer, _stream_key_by_map_operator",0,busyTimeMsPerSecond,866.0
1784195709,2,"KEYED PROCESS, Train->Infer, _stream_key_by_map_operator",0,numRecordsOutPerSecond,100.0
1784195709,2,"KEYED PROCESS, Train->Infer, _stream_key_by_map_operator",0,idleTimeMsPerSecond,40.0
1784195709,2,"KEYED PROCESS, Train->Infer, _stream_key_by_map_operator",0,numRecordsOut,52135.0
1784195709,2,"KEYED PROCESS, Train->Infer, _stream_key_by_map_operator",0,numRecordsIn,239.0
1784195709,2,"KEYED PROCESS, Train->Infer, _stream_key_by_map_operator",0,numRecordsInPerSecond,0.18333333333333332
1784195709,2,"KEYED PROCESS, Train->Infer, _stream_key_by_map_operator",0,backPressuredTimeMsPerSecond,94.0
1784195709,2,"KEYED PROCESS, Train->Infer, _stream_key_by_map_operator",1,busyTimeMsPerSecond,568.0
1784195709,2,"KEYED PROCESS, Train->Infer, _stream_key_by_map_operator",1,numRecordsOutPerSecond,58.333333333333336
1784195709,2,"KEYED PROCESS, Train->Infer, _stream_key_by_map_operator",1,idleTimeMsPerSecond,0.0
1784195709,2,"KEYED PROCESS, Train->Infer, _stream_key_by_map_operator",1,numRecordsOut,52605.0
1784195709,2,"KEYED PROCESS, Train->Infer, _stream_key_by_map_operator",1,numRecordsIn,210.0
1784195709,2,"KEYED PROCESS, Train->Infer, _stream_key_by_map_operator",1,numRecordsInPerSecond,0.13333333333333333
1784195709,2,"KEYED PROCESS, Train->Infer, _stream_key_by_map_operator",1,backPressuredTimeMsPerSecond,432.0
1784195709,2,"Infer->Rank, Rank->Filter, Filter -> Sink: Writer -> Sink: Committer",0,busyTimeMsPerSecond,992.0
1784195709,2,"Infer->Rank, Rank->Filter, Filter -> Sink: Writer -> Sink: Committer",0,numRecordsOutPerSecond,46.166666666666664
1784195709,2,"Infer->Rank, Rank->Filter, Filter -> Sink: Writer -> Sink: Committer",0,idleTimeMsPerSecond,8.0
1784195709,2,"Infer->Rank, Rank->Filter, Filter -> Sink: Writer -> Sink: Committer",0,numRecordsOut,47480.0
1784195709,2,"Infer->Rank, Rank->Filter, Filter -> Sink: Writer -> Sink: Committer",0,numRecordsIn,49135.0
1784195709,2,"Infer->Rank, Rank->Filter, Filter -> Sink: Writer -> Sink: Committer",0,numRecordsInPerSecond,46.2
1784195709,2,"Infer->Rank, Rank->Filter, Filter -> Sink: Writer -> Sink: Committer",0,backPressuredTimeMsPerSecond,0.0
1784195709,2,"Infer->Rank, Rank->Filter, Filter -> Sink: Writer -> Sink: Committer",1,busyTimeMsPerSecond,1000.0
1784195709,2,"Infer->Rank, Rank->Filter, Filter -> Sink: Writer -> Sink: Committer",1,numRecordsOutPerSecond,60.5
1784195709,2,"Infer->Rank, Rank->Filter, Filter -> Sink: Writer -> Sink: Committer",1,idleTimeMsPerSecond,0.0
1784195709,2,"Infer->Rank, Rank->Filter, Filter -> Sink: Writer -> Sink: Committer",1,numRecordsOut,50170.0
1784195709,2,"Infer->Rank, Rank->Filter, Filter -> Sink: Writer -> Sink: Committer",1,numRecordsIn,50289.0
1784195709,2,"Infer->Rank, Rank->Filter, Filter -> Sink: Writer -> Sink: Committer",1,numRecordsInPerSecond,60.416666666666664
1784195709,2,"Infer->Rank, Rank->Filter, Filter -> Sink: Writer -> Sink: Committer",1,backPressuredTimeMsPerSecond,0.0
1784195725,2,"Source: Source-data -> LoadJSON, Parse, _stream_key_by_map_operator",0,busyTimeMsPerSecond,0.0
1784195725,2,"Source: Source-data -> LoadJSON, Parse, _stream_key_by_map_operator",0,numRecordsOutPerSecond,0.0
1784195725,2,"Source: Source-data -> LoadJSON, Parse, _stream_key_by_map_operator",0,idleTimeMsPerSecond,0.0
1784195725,2,"Source: Source-data -> LoadJSON, Parse, _stream_key_by_map_operator",0,numRecordsOut,4242.0
1784195725,2,"Source: Source-data -> LoadJSON, Parse, _stream_key_by_map_operator",0,numRecordsIn,4242.0
1784195725,2,"Source: Source-data -> LoadJSON, Parse, _stream_key_by_map_operator",0,numRecordsInPerSecond,0.0
1784195725,2,"Source: Source-data -> LoadJSON, Parse, _stream_key_by_map_operator",0,backPressuredTimeMsPerSecond,1000.0
1784195725,2,"Source: Source-data -> LoadJSON, Parse, _stream_key_by_map_operator",1,busyTimeMsPerSecond,0.0
1784195725,2,"Source: Source-data -> LoadJSON, Parse, _stream_key_by_map_operator",1,numRecordsOutPerSecond,0.0
1784195725,2,"Source: Source-data -> LoadJSON, Parse, _stream_key_by_map_operator",1,idleTimeMsPerSecond,0.0
1784195725,2,"Source: Source-data -> LoadJSON, Parse, _stream_key_by_map_operator",1,numRecordsOut,4310.0
1784195725,2,"Source: Source-data -> LoadJSON, Parse, _stream_key_by_map_operator",1,numRecordsIn,4310.0
1784195725,2,"Source: Source-data -> LoadJSON, Parse, _stream_key_by_map_operator",1,numRecordsInPerSecond,0.0
1784195725,2,"Source: Source-data -> LoadJSON, Parse, _stream_key_by_map_operator",1,backPressuredTimeMsPerSecond,1000.0
1784195725,2,"KEYED PROCESS, Parse->Train, _stream_key_by_map_operator",0,busyTimeMsPerSecond,468.0
1784195725,2,"KEYED PROCESS, Parse->Train, _stream_key_by_map_operator",0,numRecordsOutPerSecond,0.15
1784195725,2,"KEYED PROCESS, Parse->Train, _stream_key_by_map_operator",0,idleTimeMsPerSecond,0.0
1784195725,2,"KEYED PROCESS, Parse->Train, _stream_key_by_map_operator",0,numRecordsOut,241.0
1784195725,2,"KEYED PROCESS, Parse->Train, _stream_key_by_map_operator",0,numRecordsIn,242.0
1784195725,2,"KEYED PROCESS, Parse->Train, _stream_key_by_map_operator",0,numRecordsInPerSecond,0.15
1784195725,2,"KEYED PROCESS, Parse->Train, _stream_key_by_map_operator",0,backPressuredTimeMsPerSecond,532.0
1784195725,2,"KEYED PROCESS, Parse->Train, _stream_key_by_map_operator",1,busyTimeMsPerSecond,438.0
1784195725,2,"KEYED PROCESS, Parse->Train, _stream_key_by_map_operator",1,numRecordsOutPerSecond,0.13333333333333333
1784195725,2,"KEYED PROCESS, Parse->Train, _stream_key_by_map_operator",1,idleTimeMsPerSecond,0.0
1784195725,2,"KEYED PROCESS, Parse->Train, _stream_key_by_map_operator",1,numRecordsOut,214.0
1784195725,2,"KEYED PROCESS, Parse->Train, _stream_key_by_map_operator",1,numRecordsIn,215.0
1784195725,2,"KEYED PROCESS, Parse->Train, _stream_key_by_map_operator",1,numRecordsInPerSecond,0.13333333333333333
1784195725,2,"KEYED PROCESS, Parse->Train, _stream_key_by_map_operator",1,backPressuredTimeMsPerSecond,562.0
1784195725,2,"KEYED PROCESS, Train->Infer, _stream_key_by_map_operator",0,busyTimeMsPerSecond,782.0
1784195725,2,"KEYED PROCESS, Train->Infer, _stream_key_by_map_operator",0,numRecordsOutPerSecond,91.66666666666667
1784195725,2,"KEYED PROCESS, Train->Infer, _stream_key_by_map_operator",0,idleTimeMsPerSecond,19.0
1784195725,2,"KEYED PROCESS, Train->Infer, _stream_key_by_map_operator",0,numRecordsOut,53135.0
1784195725,2,"KEYED PROCESS, Train->Infer, _stream_key_by_map_operator",0,numRecordsIn,242.0
1784195725,2,"KEYED PROCESS, Train->Infer, _stream_key_by_map_operator",0,numRecordsInPerSecond,0.16666666666666666
1784195725,2,"KEYED PROCESS, Train->Infer, _stream_key_by_map_operator",0,backPressuredTimeMsPerSecond,199.0
1784195725,2,"KEYED PROCESS, Train->Infer, _stream_key_by_map_operator",1,busyTimeMsPerSecond,574.0
1784195725,2,"KEYED PROCESS, Train->Infer, _stream_key_by_map_operator",1,numRecordsOutPerSecond,66.66666666666667
1784195725,2,"KEYED PROCESS, Train->Infer, _stream_key_by_map_operator",1,idleTimeMsPerSecond,0.0
1784195725,2,"KEYED PROCESS, Train->Infer, _stream_key_by_map_operator",1,numRecordsOut,53605.0
1784195725,2,"KEYED PROCESS, Train->Infer, _stream_key_by_map_operator",1,numRecordsIn,212.0
1784195725,2,"KEYED PROCESS, Train->Infer, _stream_key_by_map_operator",1,numRecordsInPerSecond,0.13333333333333333
1784195725,2,"KEYED PROCESS, Train->Infer, _stream_key_by_map_operator",1,backPressuredTimeMsPerSecond,426.0
1784195725,2,"Infer->Rank, Rank->Filter, Filter -> Sink: Writer -> Sink: Committer",0,busyTimeMsPerSecond,1000.0
1784195725,2,"Infer->Rank, Rank->Filter, Filter -> Sink: Writer -> Sink: Committer",0,numRecordsOutPerSecond,52.0
1784195725,2,"Infer->Rank, Rank->Filter, Filter -> Sink: Writer -> Sink: Committer",0,idleTimeMsPerSecond,0.0
1784195725,2,"Infer->Rank, Rank->Filter, Filter -> Sink: Writer -> Sink: Committer",0,numRecordsOut,48300.0
1784195725,2,"Infer->Rank, Rank->Filter, Filter -> Sink: Writer -> Sink: Committer",0,numRecordsIn,49952.0
1784195725,2,"Infer->Rank, Rank->Filter, Filter -> Sink: Writer -> Sink: Committer",0,numRecordsInPerSecond,51.95
1784195725,2,"Infer->Rank, Rank->Filter, Filter -> Sink: Writer -> Sink: Committer",0,backPressuredTimeMsPerSecond,0.0
1784195725,2,"Infer->Rank, Rank->Filter, Filter -> Sink: Writer -> Sink: Committer",1,busyTimeMsPerSecond,1000.0
1784195725,2,"Infer->Rank, Rank->Filter, Filter -> Sink: Writer -> Sink: Committer",1,numRecordsOutPerSecond,60.5
1784195725,2,"Infer->Rank, Rank->Filter, Filter -> Sink: Writer -> Sink: Committer",1,idleTimeMsPerSecond,0.0
1784195725,2,"Infer->Rank, Rank->Filter, Filter -> Sink: Writer -> Sink: Committer",1,numRecordsOut,50170.0
1784195725,2,"Infer->Rank, Rank->Filter, Filter -> Sink: Writer -> Sink: Committer",1,numRecordsIn,50289.0
1784195725,2,"Infer->Rank, Rank->Filter, Filter -> Sink: Writer -> Sink: Committer",1,numRecordsInPerSecond,60.416666666666664
1784195725,2,"Infer->Rank, Rank->Filter, Filter -> Sink: Writer -> Sink: Committer",1,backPressuredTimeMsPerSecond,0.0
1784195740,2,"Source: Source-data -> LoadJSON, Parse, _stream_key_by_map_operator",0,busyTimeMsPerSecond,0.0
1784195740,2,"Source: Source-data -> LoadJSON, Parse, _stream_key_by_map_operator",0,numRecordsOutPerSecond,0.0
1784195740,2,"Source: Source-data -> LoadJSON, Parse, _stream_key_by_map_operator",0,idleTimeMsPerSecond,0.0
1784195740,2,"Source: Source-data -> LoadJSON, Parse, _stream_key_by_map_operator",0,numRecordsOut,4242.0
1784195740,2,"Source: Source-data -> LoadJSON, Parse, _stream_key_by_map_operator",0,numRecordsIn,4242.0
1784195740,2,"Source: Source-data -> LoadJSON, Parse, _stream_key_by_map_operator",0,numRecordsInPerSecond,0.0
1784195740,2,"Source: Source-data -> LoadJSON, Parse, _stream_key_by_map_operator",0,backPressuredTimeMsPerSecond,1000.0
1784195740,2,"Source: Source-data -> LoadJSON, Parse, _stream_key_by_map_operator",1,busyTimeMsPerSecond,0.0
1784195740,2,"Source: Source-data -> LoadJSON, Parse, _stream_key_by_map_operator",1,numRecordsOutPerSecond,0.0
1784195740,2,"Source: Source-data -> LoadJSON, Parse, _stream_key_by_map_operator",1,idleTimeMsPerSecond,0.0
1784195740,2,"Source: Source-data -> LoadJSON, Parse, _stream_key_by_map_operator",1,numRecordsOut,4310.0
1784195740,2,"Source: Source-data -> LoadJSON, Parse, _stream_key_by_map_operator",1,numRecordsIn,4310.0
1784195740,2,"Source: Source-data -> LoadJSON, Parse, _stream_key_by_map_operator",1,numRecordsInPerSecond,0.0
1784195740,2,"Source: Source-data -> LoadJSON, Parse, _stream_key_by_map_operator",1,backPressuredTimeMsPerSecond,1000.0
1784195740,2,"KEYED PROCESS, Parse->Train, _stream_key_by_map_operator",0,busyTimeMsPerSecond,437.0
1784195740,2,"KEYED PROCESS, Parse->Train, _stream_key_by_map_operator",0,numRecordsOutPerSecond,0.13333333333333333
1784195740,2,"KEYED PROCESS, Parse->Train, _stream_key_by_map_operator",0,idleTimeMsPerSecond,0.0
1784195740,2,"KEYED PROCESS, Parse->Train, _stream_key_by_map_operator",0,numRecordsOut,242.0
1784195740,2,"KEYED PROCESS, Parse->Train, _stream_key_by_map_operator",0,numRecordsIn,243.0
1784195740,2,"KEYED PROCESS, Parse->Train, _stream_key_by_map_operator",0,numRecordsInPerSecond,0.13333333333333333
1784195740,2,"KEYED PROCESS, Parse->Train, _stream_key_by_map_operator",0,backPressuredTimeMsPerSecond,563.0
1784195740,2,"KEYED PROCESS, Parse->Train, _stream_key_by_map_operator",1,busyTimeMsPerSecond,470.0
1784195740,2,"KEYED PROCESS, Parse->Train, _stream_key_by_map_operator",1,numRecordsOutPerSecond,0.15
1784195740,2,"KEYED PROCESS, Parse->Train, _stream_key_by_map_operator",1,idleTimeMsPerSecond,0.0
1784195740,2,"KEYED PROCESS, Parse->Train, _stream_key_by_map_operator",1,numRecordsOut,216.0
1784195740,2,"KEYED PROCESS, Parse->Train, _stream_key_by_map_operator",1,numRecordsIn,217.0
1784195740,2,"KEYED PROCESS, Parse->Train, _stream_key_by_map_operator",1,numRecordsInPerSecond,0.15
1784195740,2,"KEYED PROCESS, Parse->Train, _stream_key_by_map_operator",1,backPressuredTimeMsPerSecond,530.0
1784195740,2,"KEYED PROCESS, Train->Infer, _stream_key_by_map_operator",0,busyTimeMsPerSecond,655.0
1784195740,2,"KEYED PROCESS, Train->Infer, _stream_key_by_map_operator",0,numRecordsOutPerSecond,75.0
1784195740,2,"KEYED PROCESS, Train->Infer, _stream_key_by_map_operator",0,idleTimeMsPerSecond,19.0
1784195740,2,"KEYED PROCESS, Train->Infer, _stream_key_by_map_operator",0,numRecordsOut,54135.0
1784195740,2,"KEYED PROCESS, Train->Infer, _stream_key_by_map_operator",0,numRecordsIn,243.0
1784195740,2,"KEYED PROCESS, Train->Infer, _stream_key_by_map_operator",0,numRecordsInPerSecond,0.15
1784195740,2,"KEYED PROCESS, Train->Infer, _stream_key_by_map_operator",0,backPressuredTimeMsPerSecond,326.0
1784195740,2,"KEYED PROCESS, Train->Infer, _stream_key_by_map_operator",1,busyTimeMsPerSecond,573.0
1784195740,2,"KEYED PROCESS, Train->Infer, _stream_key_by_map_operator",1,numRecordsOutPerSecond,58.333333333333336
1784195740,2,"KEYED PROCESS, Train->Infer, _stream_key_by_map_operator",1,idleTimeMsPerSecond,0.0
1784195740,2,"KEYED PROCESS, Train->Infer, _stream_key_by_map_operator",1,numRecordsOut,54605.0
1784195740,2,"KEYED PROCESS, Train->Infer, _stream_key_by_map_operator",1,numRecordsIn,214.0
1784195740,2,"KEYED PROCESS, Train->Infer, _stream_key_by_map_operator",1,numRecordsInPerSecond,0.13333333333333333
1784195740,2,"KEYED PROCESS, Train->Infer, _stream_key_by_map_operator",1,backPressuredTimeMsPerSecond,427.0
1784195740,2,"Infer->Rank, Rank->Filter, Filter -> Sink: Writer -> Sink: Committer",0,busyTimeMsPerSecond,1000.0
1784195740,2,"Infer->Rank, Rank->Filter, Filter -> Sink: Writer -> Sink: Committer",0,numRecordsOutPerSecond,60.166666666666664
1784195740,2,"Infer->Rank, Rank->Filter, Filter -> Sink: Writer -> Sink: Committer",0,idleTimeMsPerSecond,0.0
1784195740,2,"Infer->Rank, Rank->Filter, Filter -> Sink: Writer -> Sink: Committer",0,numRecordsOut,49350.0
1784195740,2,"Infer->Rank, Rank->Filter, Filter -> Sink: Writer -> Sink: Committer",0,numRecordsIn,51001.0
1784195740,2,"Infer->Rank, Rank->Filter, Filter -> Sink: Writer -> Sink: Committer",0,numRecordsInPerSecond,60.2
1784195740,2,"Infer->Rank, Rank->Filter, Filter -> Sink: Writer -> Sink: Committer",0,backPressuredTimeMsPerSecond,0.0
1784195740,2,"Infer->Rank, Rank->Filter, Filter -> Sink: Writer -> Sink: Committer",1,busyTimeMsPerSecond,1000.0
1784195740,2,"Infer->Rank, Rank->Filter, Filter -> Sink: Writer -> Sink: Committer",1,numRecordsOutPerSecond,60.5
1784195740,2,"Infer->Rank, Rank->Filter, Filter -> Sink: Writer -> Sink: Committer",1,idleTimeMsPerSecond,0.0
1784195740,2,"Infer->Rank, Rank->Filter, Filter -> Sink: Writer -> Sink: Committer",1,numRecordsOut,51080.0
1784195740,2,"Infer->Rank, Rank->Filter, Filter -> Sink: Writer -> Sink: Committer",1,numRecordsIn,51197.0
1784195740,2,"Infer->Rank, Rank->Filter, Filter -> Sink: Writer -> Sink: Committer",1,numRecordsInPerSecond,60.516666666666666
1784195740,2,"Infer->Rank, Rank->Filter, Filter -> Sink: Writer -> Sink: Committer",1,backPressuredTimeMsPerSecond,0.0
1784195755,2,"Source: Source-data -> LoadJSON, Parse, _stream_key_by_map_operator",0,busyTimeMsPerSecond,0.0
1784195755,2,"Source: Source-data -> LoadJSON, Parse, _stream_key_by_map_operator",0,numRecordsOutPerSecond,0.0
1784195755,2,"Source: Source-data -> LoadJSON, Parse, _stream_key_by_map_operator",0,idleTimeMsPerSecond,0.0
1784195755,2,"Source: Source-data -> LoadJSON, Parse, _stream_key_by_map_operator",0,numRecordsOut,4242.0
1784195755,2,"Source: Source-data -> LoadJSON, Parse, _stream_key_by_map_operator",0,numRecordsIn,4242.0
1784195755,2,"Source: Source-data -> LoadJSON, Parse, _stream_key_by_map_operator",0,numRecordsInPerSecond,0.0
1784195755,2,"Source: Source-data -> LoadJSON, Parse, _stream_key_by_map_operator",0,backPressuredTimeMsPerSecond,1000.0
1784195755,2,"Source: Source-data -> LoadJSON, Parse, _stream_key_by_map_operator",1,busyTimeMsPerSecond,0.0
1784195755,2,"Source: Source-data -> LoadJSON, Parse, _stream_key_by_map_operator",1,numRecordsOutPerSecond,0.0
1784195755,2,"Source: Source-data -> LoadJSON, Parse, _stream_key_by_map_operator",1,idleTimeMsPerSecond,0.0
1784195755,2,"Source: Source-data -> LoadJSON, Parse, _stream_key_by_map_operator",1,numRecordsOut,4310.0
1784195755,2,"Source: Source-data -> LoadJSON, Parse, _stream_key_by_map_operator",1,numRecordsIn,4310.0
1784195755,2,"Source: Source-data -> LoadJSON, Parse, _stream_key_by_map_operator",1,numRecordsInPerSecond,0.0
1784195755,2,"Source: Source-data -> LoadJSON, Parse, _stream_key_by_map_operator",1,backPressuredTimeMsPerSecond,1000.0
1784195755,2,"KEYED PROCESS, Parse->Train, _stream_key_by_map_operator",0,busyTimeMsPerSecond,351.0
1784195755,2,"KEYED PROCESS, Parse->Train, _stream_key_by_map_operator",0,numRecordsOutPerSecond,0.11666666666666667
1784195755,2,"KEYED PROCESS, Parse->Train, _stream_key_by_map_operator",0,idleTimeMsPerSecond,0.0
1784195755,2,"KEYED PROCESS, Parse->Train, _stream_key_by_map_operator",0,numRecordsOut,244.0
1784195755,2,"KEYED PROCESS, Parse->Train, _stream_key_by_map_operator",0,numRecordsIn,245.0
1784195755,2,"KEYED PROCESS, Parse->Train, _stream_key_by_map_operator",0,numRecordsInPerSecond,0.11666666666666667
1784195755,2,"KEYED PROCESS, Parse->Train, _stream_key_by_map_operator",0,backPressuredTimeMsPerSecond,649.0
1784195755,2,"KEYED PROCESS, Parse->Train, _stream_key_by_map_operator",1,busyTimeMsPerSecond,432.0
1784195755,2,"KEYED PROCESS, Parse->Train, _stream_key_by_map_operator",1,numRecordsOutPerSecond,0.15
1784195755,2,"KEYED PROCESS, Parse->Train, _stream_key_by_map_operator",1,idleTimeMsPerSecond,0.0
1784195755,2,"KEYED PROCESS, Parse->Train, _stream_key_by_map_operator",1,numRecordsOut,218.0
1784195755,2,"KEYED PROCESS, Parse->Train, _stream_key_by_map_operator",1,numRecordsIn,219.0
1784195755,2,"KEYED PROCESS, Parse->Train, _stream_key_by_map_operator",1,numRecordsInPerSecond,0.15
1784195755,2,"KEYED PROCESS, Parse->Train, _stream_key_by_map_operator",1,backPressuredTimeMsPerSecond,568.0
1784195755,2,"KEYED PROCESS, Train->Infer, _stream_key_by_map_operator",0,busyTimeMsPerSecond,506.0
1784195755,2,"KEYED PROCESS, Train->Infer, _stream_key_by_map_operator",0,numRecordsOutPerSecond,58.333333333333336
1784195755,2,"KEYED PROCESS, Train->Infer, _stream_key_by_map_operator",0,idleTimeMsPerSecond,128.0
1784195755,2,"KEYED PROCESS, Train->Infer, _stream_key_by_map_operator",0,numRecordsOut,54635.0
1784195755,2,"KEYED PROCESS, Train->Infer, _stream_key_by_map_operator",0,numRecordsIn,245.0
1784195755,2,"KEYED PROCESS, Train->Infer, _stream_key_by_map_operator",0,numRecordsInPerSecond,0.11666666666666667
1784195755,2,"KEYED PROCESS, Train->Infer, _stream_key_by_map_operator",0,backPressuredTimeMsPerSecond,366.0
1784195755,2,"KEYED PROCESS, Train->Infer, _stream_key_by_map_operator",1,busyTimeMsPerSecond,552.0
1784195755,2,"KEYED PROCESS, Train->Infer, _stream_key_by_map_operator",1,numRecordsOutPerSecond,58.333333333333336
1784195755,2,"KEYED PROCESS, Train->Infer, _stream_key_by_map_operator",1,idleTimeMsPerSecond,0.0
1784195755,2,"KEYED PROCESS, Train->Infer, _stream_key_by_map_operator",1,numRecordsOut,55105.0
1784195755,2,"KEYED PROCESS, Train->Infer, _stream_key_by_map_operator",1,numRecordsIn,216.0
1784195755,2,"KEYED PROCESS, Train->Infer, _stream_key_by_map_operator",1,numRecordsInPerSecond,0.13333333333333333
1784195755,2,"KEYED PROCESS, Train->Infer, _stream_key_by_map_operator",1,backPressuredTimeMsPerSecond,448.0
1784195755,2,"Infer->Rank, Rank->Filter, Filter -> Sink: Writer -> Sink: Committer",0,busyTimeMsPerSecond,1000.0
1784195755,2,"Infer->Rank, Rank->Filter, Filter -> Sink: Writer -> Sink: Committer",0,numRecordsOutPerSecond,69.16666666666667
1784195755,2,"Infer->Rank, Rank->Filter, Filter -> Sink: Writer -> Sink: Committer",0,idleTimeMsPerSecond,0.0
1784195755,2,"Infer->Rank, Rank->Filter, Filter -> Sink: Writer -> Sink: Committer",0,numRecordsOut,50540.0
1784195755,2,"Infer->Rank, Rank->Filter, Filter -> Sink: Writer -> Sink: Committer",0,numRecordsIn,52191.0
1784195755,2,"Infer->Rank, Rank->Filter, Filter -> Sink: Writer -> Sink: Committer",0,numRecordsInPerSecond,69.15
1784195755,2,"Infer->Rank, Rank->Filter, Filter -> Sink: Writer -> Sink: Committer",0,backPressuredTimeMsPerSecond,0.0
1784195755,2,"Infer->Rank, Rank->Filter, Filter -> Sink: Writer -> Sink: Committer",1,busyTimeMsPerSecond,1000.0
1784195755,2,"Infer->Rank, Rank->Filter, Filter -> Sink: Writer -> Sink: Committer",1,numRecordsOutPerSecond,62.833333333333336
1784195755,2,"Infer->Rank, Rank->Filter, Filter -> Sink: Writer -> Sink: Committer",1,idleTimeMsPerSecond,0.0
1784195755,2,"Infer->Rank, Rank->Filter, Filter -> Sink: Writer -> Sink: Committer",1,numRecordsOut,52030.0
1784195755,2,"Infer->Rank, Rank->Filter, Filter -> Sink: Writer -> Sink: Committer",1,numRecordsIn,52153.0
1784195755,2,"Infer->Rank, Rank->Filter, Filter -> Sink: Writer -> Sink: Committer",1,numRecordsInPerSecond,62.916666666666664
1784195755,2,"Infer->Rank, Rank->Filter, Filter -> Sink: Writer -> Sink: Committer",1,backPressuredTimeMsPerSecond,0.0
1784195770,2,"Source: Source-data -> LoadJSON, Parse, _stream_key_by_map_operator",0,busyTimeMsPerSecond,0.0
1784195770,2,"Source: Source-data -> LoadJSON, Parse, _stream_key_by_map_operator",0,numRecordsOutPerSecond,0.0
1784195770,2,"Source: Source-data -> LoadJSON, Parse, _stream_key_by_map_operator",0,idleTimeMsPerSecond,0.0
1784195770,2,"Source: Source-data -> LoadJSON, Parse, _stream_key_by_map_operator",0,numRecordsOut,4242.0
1784195770,2,"Source: Source-data -> LoadJSON, Parse, _stream_key_by_map_operator",0,numRecordsIn,4242.0
1784195770,2,"Source: Source-data -> LoadJSON, Parse, _stream_key_by_map_operator",0,numRecordsInPerSecond,0.0
1784195770,2,"Source: Source-data -> LoadJSON, Parse, _stream_key_by_map_operator",0,backPressuredTimeMsPerSecond,1000.0
1784195770,2,"Source: Source-data -> LoadJSON, Parse, _stream_key_by_map_operator",1,busyTimeMsPerSecond,0.0
1784195770,2,"Source: Source-data -> LoadJSON, Parse, _stream_key_by_map_operator",1,numRecordsOutPerSecond,0.0
1784195770,2,"Source: Source-data -> LoadJSON, Parse, _stream_key_by_map_operator",1,idleTimeMsPerSecond,0.0
1784195770,2,"Source: Source-data -> LoadJSON, Parse, _stream_key_by_map_operator",1,numRecordsOut,4310.0
1784195770,2,"Source: Source-data -> LoadJSON, Parse, _stream_key_by_map_operator",1,numRecordsIn,4310.0
1784195770,2,"Source: Source-data -> LoadJSON, Parse, _stream_key_by_map_operator",1,numRecordsInPerSecond,0.0
1784195770,2,"Source: Source-data -> LoadJSON, Parse, _stream_key_by_map_operator",1,backPressuredTimeMsPerSecond,1000.0
1784195770,2,"KEYED PROCESS, Parse->Train, _stream_key_by_map_operator",0,busyTimeMsPerSecond,395.0
1784195770,2,"KEYED PROCESS, Parse->Train, _stream_key_by_map_operator",0,numRecordsOutPerSecond,0.13333333333333333
1784195770,2,"KEYED PROCESS, Parse->Train, _stream_key_by_map_operator",0,idleTimeMsPerSecond,0.0
1784195770,2,"KEYED PROCESS, Parse->Train, _stream_key_by_map_operator",0,numRecordsOut,246.0
1784195770,2,"KEYED PROCESS, Parse->Train, _stream_key_by_map_operator",0,numRecordsIn,247.0
1784195770,2,"KEYED PROCESS, Parse->Train, _stream_key_by_map_operator",0,numRecordsInPerSecond,0.13333333333333333
1784195770,2,"KEYED PROCESS, Parse->Train, _stream_key_by_map_operator",0,backPressuredTimeMsPerSecond,605.0
1784195770,2,"KEYED PROCESS, Parse->Train, _stream_key_by_map_operator",1,busyTimeMsPerSecond,407.0
1784195770,2,"KEYED PROCESS, Parse->Train, _stream_key_by_map_operator",1,numRecordsOutPerSecond,0.13333333333333333
1784195770,2,"KEYED PROCESS, Parse->Train, _stream_key_by_map_operator",1,idleTimeMsPerSecond,0.0
1784195770,2,"KEYED PROCESS, Parse->Train, _stream_key_by_map_operator",1,numRecordsOut,220.0
1784195770,2,"KEYED PROCESS, Parse->Train, _stream_key_by_map_operator",1,numRecordsIn,221.0
1784195770,2,"KEYED PROCESS, Parse->Train, _stream_key_by_map_operator",1,numRecordsInPerSecond,0.13333333333333333
1784195770,2,"KEYED PROCESS, Parse->Train, _stream_key_by_map_operator",1,backPressuredTimeMsPerSecond,593.0
1784195770,2,"KEYED PROCESS, Train->Infer, _stream_key_by_map_operator",0,busyTimeMsPerSecond,561.0
1784195770,2,"KEYED PROCESS, Train->Infer, _stream_key_by_map_operator",0,numRecordsOutPerSecond,66.66666666666667
1784195770,2,"KEYED PROCESS, Train->Infer, _stream_key_by_map_operator",0,idleTimeMsPerSecond,139.0
1784195770,2,"KEYED PROCESS, Train->Infer, _stream_key_by_map_operator",0,numRecordsOut,56135.0
1784195770,2,"KEYED PROCESS, Train->Infer, _stream_key_by_map_operator",0,numRecordsIn,248.0
1784195770,2,"KEYED PROCESS, Train->Infer, _stream_key_by_map_operator",0,numRecordsInPerSecond,0.13333333333333333
1784195770,2,"KEYED PROCESS, Train->Infer, _stream_key_by_map_operator",0,backPressuredTimeMsPerSecond,300.0
1784195770,2,"KEYED PROCESS, Train->Infer, _stream_key_by_map_operator",1,busyTimeMsPerSecond,519.0
1784195770,2,"KEYED PROCESS, Train->Infer, _stream_key_by_map_operator",1,numRecordsOutPerSecond,66.66666666666667
1784195770,2,"KEYED PROCESS, Train->Infer, _stream_key_by_map_operator",1,idleTimeMsPerSecond,0.0
1784195770,2,"KEYED PROCESS, Train->Infer, _stream_key_by_map_operator",1,numRecordsOut,56105.0
1784195770,2,"KEYED PROCESS, Train->Infer, _stream_key_by_map_operator",1,numRecordsIn,218.0
1784195770,2,"KEYED PROCESS, Train->Infer, _stream_key_by_map_operator",1,numRecordsInPerSecond,0.13333333333333333
1784195770,2,"KEYED PROCESS, Train->Infer, _stream_key_by_map_operator",1,backPressuredTimeMsPerSecond,481.0
1784195770,2,"Infer->Rank, Rank->Filter, Filter -> Sink: Writer -> Sink: Committer",0,busyTimeMsPerSecond,1000.0
1784195770,2,"Infer->Rank, Rank->Filter, Filter -> Sink: Writer -> Sink: Committer",0,numRecordsOutPerSecond,64.5
1784195770,2,"Infer->Rank, Rank->Filter, Filter -> Sink: Writer -> Sink: Committer",0,idleTimeMsPerSecond,0.0
1784195770,2,"Infer->Rank, Rank->Filter, Filter -> Sink: Writer -> Sink: Committer",0,numRecordsOut,51280.0
1784195770,2,"Infer->Rank, Rank->Filter, Filter -> Sink: Writer -> Sink: Committer",0,numRecordsIn,52932.0
1784195770,2,"Infer->Rank, Rank->Filter, Filter -> Sink: Writer -> Sink: Committer",0,numRecordsInPerSecond,64.63333333333334
1784195770,2,"Infer->Rank, Rank->Filter, Filter -> Sink: Writer -> Sink: Committer",0,backPressuredTimeMsPerSecond,0.0
1784195770,2,"Infer->Rank, Rank->Filter, Filter -> Sink: Writer -> Sink: Committer",1,busyTimeMsPerSecond,1000.0
1784195770,2,"Infer->Rank, Rank->Filter, Filter -> Sink: Writer -> Sink: Committer",1,numRecordsOutPerSecond,56.166666666666664
1784195770,2,"Infer->Rank, Rank->Filter, Filter -> Sink: Writer -> Sink: Committer",1,idleTimeMsPerSecond,0.0
1784195770,2,"Infer->Rank, Rank->Filter, Filter -> Sink: Writer -> Sink: Committer",1,numRecordsOut,53550.0
1784195770,2,"Infer->Rank, Rank->Filter, Filter -> Sink: Writer -> Sink: Committer",1,numRecordsIn,54174.0
1784195770,2,"Infer->Rank, Rank->Filter, Filter -> Sink: Writer -> Sink: Committer",1,numRecordsInPerSecond,64.56666666666666
1784195770,2,"Infer->Rank, Rank->Filter, Filter -> Sink: Writer -> Sink: Committer",1,backPressuredTimeMsPerSecond,0.0
1784195785,2,"Source: Source-data -> LoadJSON, Parse, _stream_key_by_map_operator",0,busyTimeMsPerSecond,0.0
1784195785,2,"Source: Source-data -> LoadJSON, Parse, _stream_key_by_map_operator",0,numRecordsOutPerSecond,0.0
1784195785,2,"Source: Source-data -> LoadJSON, Parse, _stream_key_by_map_operator",0,idleTimeMsPerSecond,0.0
1784195785,2,"Source: Source-data -> LoadJSON, Parse, _stream_key_by_map_operator",0,numRecordsOut,4242.0
1784195785,2,"Source: Source-data -> LoadJSON, Parse, _stream_key_by_map_operator",0,numRecordsIn,4242.0
1784195785,2,"Source: Source-data -> LoadJSON, Parse, _stream_key_by_map_operator",0,numRecordsInPerSecond,0.0
1784195785,2,"Source: Source-data -> LoadJSON, Parse, _stream_key_by_map_operator",0,backPressuredTimeMsPerSecond,1000.0
1784195785,2,"Source: Source-data -> LoadJSON, Parse, _stream_key_by_map_operator",1,busyTimeMsPerSecond,0.0
1784195785,2,"Source: Source-data -> LoadJSON, Parse, _stream_key_by_map_operator",1,numRecordsOutPerSecond,0.0
1784195785,2,"Source: Source-data -> LoadJSON, Parse, _stream_key_by_map_operator",1,idleTimeMsPerSecond,0.0
1784195785,2,"Source: Source-data -> LoadJSON, Parse, _stream_key_by_map_operator",1,numRecordsOut,4310.0
1784195785,2,"Source: Source-data -> LoadJSON, Parse, _stream_key_by_map_operator",1,numRecordsIn,4310.0
1784195785,2,"Source: Source-data -> LoadJSON, Parse, _stream_key_by_map_operator",1,numRecordsInPerSecond,0.0
1784195785,2,"Source: Source-data -> LoadJSON, Parse, _stream_key_by_map_operator",1,backPressuredTimeMsPerSecond,1000.0
1784195785,2,"KEYED PROCESS, Parse->Train, _stream_key_by_map_operator",0,busyTimeMsPerSecond,365.0
1784195785,2,"KEYED PROCESS, Parse->Train, _stream_key_by_map_operator",0,numRecordsOutPerSecond,0.13333333333333333
1784195785,2,"KEYED PROCESS, Parse->Train, _stream_key_by_map_operator",0,idleTimeMsPerSecond,0.0
1784195785,2,"KEYED PROCESS, Parse->Train, _stream_key_by_map_operator",0,numRecordsOut,248.0
1784195785,2,"KEYED PROCESS, Parse->Train, _stream_key_by_map_operator",0,numRecordsIn,249.0
1784195785,2,"KEYED PROCESS, Parse->Train, _stream_key_by_map_operator",0,numRecordsInPerSecond,0.13333333333333333
1784195785,2,"KEYED PROCESS, Parse->Train, _stream_key_by_map_operator",0,backPressuredTimeMsPerSecond,635.0
1784195785,2,"KEYED PROCESS, Parse->Train, _stream_key_by_map_operator",1,busyTimeMsPerSecond,394.0
1784195785,2,"KEYED PROCESS, Parse->Train, _stream_key_by_map_operator",1,numRecordsOutPerSecond,0.13333333333333333
1784195785,2,"KEYED PROCESS, Parse->Train, _stream_key_by_map_operator",1,idleTimeMsPerSecond,0.0
1784195785,2,"KEYED PROCESS, Parse->Train, _stream_key_by_map_operator",1,numRecordsOut,221.0
1784195785,2,"KEYED PROCESS, Parse->Train, _stream_key_by_map_operator",1,numRecordsIn,222.0
1784195785,2,"KEYED PROCESS, Parse->Train, _stream_key_by_map_operator",1,numRecordsInPerSecond,0.13333333333333333
1784195785,2,"KEYED PROCESS, Parse->Train, _stream_key_by_map_operator",1,backPressuredTimeMsPerSecond,606.0
1784195785,2,"KEYED PROCESS, Train->Infer, _stream_key_by_map_operator",0,busyTimeMsPerSecond,546.0
1784195785,2,"KEYED PROCESS, Train->Infer, _stream_key_by_map_operator",0,numRecordsOutPerSecond,58.333333333333336
1784195785,2,"KEYED PROCESS, Train->Infer, _stream_key_by_map_operator",0,idleTimeMsPerSecond,139.0
1784195785,2,"KEYED PROCESS, Train->Infer, _stream_key_by_map_operator",0,numRecordsOut,57135.0
1784195785,2,"KEYED PROCESS, Train->Infer, _stream_key_by_map_operator",0,numRecordsIn,249.0
1784195785,2,"KEYED PROCESS, Train->Infer, _stream_key_by_map_operator",0,numRecordsInPerSecond,0.13333333333333333
1784195785,2,"KEYED PROCESS, Train->Infer, _stream_key_by_map_operator",0,backPressuredTimeMsPerSecond,315.0
1784195785,2,"KEYED PROCESS, Train->Infer, _stream_key_by_map_operator",1,busyTimeMsPerSecond,579.0
1784195785,2,"KEYED PROCESS, Train->Infer, _stream_key_by_map_operator",1,numRecordsOutPerSecond,58.333333333333336
1784195785,2,"KEYED PROCESS, Train->Infer, _stream_key_by_map_operator",1,idleTimeMsPerSecond,0.0
1784195785,2,"KEYED PROCESS, Train->Infer, _stream_key_by_map_operator",1,numRecordsOut,57605.0
1784195785,2,"KEYED PROCESS, Train->Infer, _stream_key_by_map_operator",1,numRecordsIn,220.0
1784195785,2,"KEYED PROCESS, Train->Infer, _stream_key_by_map_operator",1,numRecordsInPerSecond,0.13333333333333333
1784195785,2,"KEYED PROCESS, Train->Infer, _stream_key_by_map_operator",1,backPressuredTimeMsPerSecond,421.0
1784195785,2,"Infer->Rank, Rank->Filter, Filter -> Sink: Writer -> Sink: Committer",0,busyTimeMsPerSecond,1000.0
1784195785,2,"Infer->Rank, Rank->Filter, Filter -> Sink: Writer -> Sink: Committer",0,numRecordsOutPerSecond,58.166666666666664
1784195785,2,"Infer->Rank, Rank->Filter, Filter -> Sink: Writer -> Sink: Committer",0,idleTimeMsPerSecond,0.0
1784195785,2,"Infer->Rank, Rank->Filter, Filter -> Sink: Writer -> Sink: Committer",0,numRecordsOut,52880.0
1784195785,2,"Infer->Rank, Rank->Filter, Filter -> Sink: Writer -> Sink: Committer",0,numRecordsIn,55035.0
1784195785,2,"Infer->Rank, Rank->Filter, Filter -> Sink: Writer -> Sink: Committer",0,numRecordsInPerSecond,66.58333333333333
1784195785,2,"Infer->Rank, Rank->Filter, Filter -> Sink: Writer -> Sink: Committer",0,backPressuredTimeMsPerSecond,0.0
1784195785,2,"Infer->Rank, Rank->Filter, Filter -> Sink: Writer -> Sink: Committer",1,busyTimeMsPerSecond,1000.0
1784195785,2,"Infer->Rank, Rank->Filter, Filter -> Sink: Writer -> Sink: Committer",1,numRecordsOutPerSecond,59.166666666666664
1784195785,2,"Infer->Rank, Rank->Filter, Filter -> Sink: Writer -> Sink: Committer",1,idleTimeMsPerSecond,0.0
1784195785,2,"Infer->Rank, Rank->Filter, Filter -> Sink: Writer -> Sink: Committer",1,numRecordsOut,54630.0
1784195785,2,"Infer->Rank, Rank->Filter, Filter -> Sink: Writer -> Sink: Committer",1,numRecordsIn,55254.0
1784195785,2,"Infer->Rank, Rank->Filter, Filter -> Sink: Writer -> Sink: Committer",1,numRecordsInPerSecond,67.5
1784195785,2,"Infer->Rank, Rank->Filter, Filter -> Sink: Writer -> Sink: Committer",1,backPressuredTimeMsPerSecond,0.0
1784195800,2,"Source: Source-data -> LoadJSON, Parse, _stream_key_by_map_operator",0,busyTimeMsPerSecond,1.0
1784195800,2,"Source: Source-data -> LoadJSON, Parse, _stream_key_by_map_operator",0,numRecordsOutPerSecond,0.0
1784195800,2,"Source: Source-data -> LoadJSON, Parse, _stream_key_by_map_operator",0,idleTimeMsPerSecond,0.0
1784195800,2,"Source: Source-data -> LoadJSON, Parse, _stream_key_by_map_operator",0,numRecordsOut,4242.0
1784195800,2,"Source: Source-data -> LoadJSON, Parse, _stream_key_by_map_operator",0,numRecordsIn,4242.0
1784195800,2,"Source: Source-data -> LoadJSON, Parse, _stream_key_by_map_operator",0,numRecordsInPerSecond,0.0
1784195800,2,"Source: Source-data -> LoadJSON, Parse, _stream_key_by_map_operator",0,backPressuredTimeMsPerSecond,999.0
1784195800,2,"Source: Source-data -> LoadJSON, Parse, _stream_key_by_map_operator",1,busyTimeMsPerSecond,0.0
1784195800,2,"Source: Source-data -> LoadJSON, Parse, _stream_key_by_map_operator",1,numRecordsOutPerSecond,0.0
1784195800,2,"Source: Source-data -> LoadJSON, Parse, _stream_key_by_map_operator",1,idleTimeMsPerSecond,0.0
1784195800,2,"Source: Source-data -> LoadJSON, Parse, _stream_key_by_map_operator",1,numRecordsOut,4310.0
1784195800,2,"Source: Source-data -> LoadJSON, Parse, _stream_key_by_map_operator",1,numRecordsIn,4310.0
1784195800,2,"Source: Source-data -> LoadJSON, Parse, _stream_key_by_map_operator",1,numRecordsInPerSecond,0.0
1784195800,2,"Source: Source-data -> LoadJSON, Parse, _stream_key_by_map_operator",1,backPressuredTimeMsPerSecond,1000.0
1784195800,2,"KEYED PROCESS, Parse->Train, _stream_key_by_map_operator",0,busyTimeMsPerSecond,351.0
1784195800,2,"KEYED PROCESS, Parse->Train, _stream_key_by_map_operator",0,numRecordsOutPerSecond,0.13333333333333333
1784195800,2,"KEYED PROCESS, Parse->Train, _stream_key_by_map_operator",0,idleTimeMsPerSecond,0.0
1784195800,2,"KEYED PROCESS, Parse->Train, _stream_key_by_map_operator",0,numRecordsOut,250.0
1784195800,2,"KEYED PROCESS, Parse->Train, _stream_key_by_map_operator",0,numRecordsIn,251.0
1784195800,2,"KEYED PROCESS, Parse->Train, _stream_key_by_map_operator",0,numRecordsInPerSecond,0.13333333333333333
1784195800,2,"KEYED PROCESS, Parse->Train, _stream_key_by_map_operator",0,backPressuredTimeMsPerSecond,649.0
1784195800,2,"KEYED PROCESS, Parse->Train, _stream_key_by_map_operator",1,busyTimeMsPerSecond,326.0
1784195800,2,"KEYED PROCESS, Parse->Train, _stream_key_by_map_operator",1,numRecordsOutPerSecond,0.1
1784195800,2,"KEYED PROCESS, Parse->Train, _stream_key_by_map_operator",1,idleTimeMsPerSecond,0.0
1784195800,2,"KEYED PROCESS, Parse->Train, _stream_key_by_map_operator",1,numRecordsOut,222.0
1784195800,2,"KEYED PROCESS, Parse->Train, _stream_key_by_map_operator",1,numRecordsIn,223.0
1784195800,2,"KEYED PROCESS, Parse->Train, _stream_key_by_map_operator",1,numRecordsInPerSecond,0.1
1784195800,2,"KEYED PROCESS, Parse->Train, _stream_key_by_map_operator",1,backPressuredTimeMsPerSecond,674.0
1784195800,2,"KEYED PROCESS, Train->Infer, _stream_key_by_map_operator",0,busyTimeMsPerSecond,524.0
1784195800,2,"KEYED PROCESS, Train->Infer, _stream_key_by_map_operator",0,numRecordsOutPerSecond,66.66666666666667
1784195800,2,"KEYED PROCESS, Train->Infer, _stream_key_by_map_operator",0,idleTimeMsPerSecond,160.0
1784195800,2,"KEYED PROCESS, Train->Infer, _stream_key_by_map_operator",0,numRecordsOut,57635.0
1784195800,2,"KEYED PROCESS, Train->Infer, _stream_key_by_map_operator",0,numRecordsIn,250.0
1784195800,2,"KEYED PROCESS, Train->Infer, _stream_key_by_map_operator",0,numRecordsInPerSecond,0.11666666666666667
1784195800,2,"KEYED PROCESS, Train->Infer, _stream_key_by_map_operator",0,backPressuredTimeMsPerSecond,316.0
1784195800,2,"KEYED PROCESS, Train->Infer, _stream_key_by_map_operator",1,busyTimeMsPerSecond,588.0
1784195800,2,"KEYED PROCESS, Train->Infer, _stream_key_by_map_operator",1,numRecordsOutPerSecond,66.66666666666667
1784195800,2,"KEYED PROCESS, Train->Infer, _stream_key_by_map_operator",1,idleTimeMsPerSecond,0.0
1784195800,2,"KEYED PROCESS, Train->Infer, _stream_key_by_map_operator",1,numRecordsOut,58605.0
1784195800,2,"KEYED PROCESS, Train->Infer, _stream_key_by_map_operator",1,numRecordsIn,222.0
1784195800,2,"KEYED PROCESS, Train->Infer, _stream_key_by_map_operator",1,numRecordsInPerSecond,0.13333333333333333
1784195800,2,"KEYED PROCESS, Train->Infer, _stream_key_by_map_operator",1,backPressuredTimeMsPerSecond,412.0
1784195800,2,"Infer->Rank, Rank->Filter, Filter -> Sink: Writer -> Sink: Committer",0,busyTimeMsPerSecond,1000.0
1784195800,2,"Infer->Rank, Rank->Filter, Filter -> Sink: Writer -> Sink: Committer",0,numRecordsOutPerSecond,57.0
1784195800,2,"Infer->Rank, Rank->Filter, Filter -> Sink: Writer -> Sink: Committer",0,idleTimeMsPerSecond,0.0
1784195800,2,"Infer->Rank, Rank->Filter, Filter -> Sink: Writer -> Sink: Committer",0,numRecordsOut,54110.0
1784195800,2,"Infer->Rank, Rank->Filter, Filter -> Sink: Writer -> Sink: Committer",0,numRecordsIn,56265.0
1784195800,2,"Infer->Rank, Rank->Filter, Filter -> Sink: Writer -> Sink: Committer",0,numRecordsInPerSecond,65.36666666666666
1784195800,2,"Infer->Rank, Rank->Filter, Filter -> Sink: Writer -> Sink: Committer",0,backPressuredTimeMsPerSecond,0.0
1784195800,2,"Infer->Rank, Rank->Filter, Filter -> Sink: Writer -> Sink: Committer",1,busyTimeMsPerSecond,1000.0
1784195800,2,"Infer->Rank, Rank->Filter, Filter -> Sink: Writer -> Sink: Committer",1,numRecordsOutPerSecond,58.5
1784195800,2,"Infer->Rank, Rank->Filter, Filter -> Sink: Writer -> Sink: Committer",1,idleTimeMsPerSecond,0.0
1784195800,2,"Infer->Rank, Rank->Filter, Filter -> Sink: Writer -> Sink: Committer",1,numRecordsOut,55580.0
1784195800,2,"Infer->Rank, Rank->Filter, Filter -> Sink: Writer -> Sink: Committer",1,numRecordsIn,56210.0
1784195800,2,"Infer->Rank, Rank->Filter, Filter -> Sink: Writer -> Sink: Committer",1,numRecordsInPerSecond,66.81666666666666
1784195800,2,"Infer->Rank, Rank->Filter, Filter -> Sink: Writer -> Sink: Committer",1,backPressuredTimeMsPerSecond,0.0
1784195815,2,"Source: Source-data -> LoadJSON, Parse, _stream_key_by_map_operator",0,busyTimeMsPerSecond,1.0
1784195815,2,"Source: Source-data -> LoadJSON, Parse, _stream_key_by_map_operator",0,numRecordsOutPerSecond,0.0
1784195815,2,"Source: Source-data -> LoadJSON, Parse, _stream_key_by_map_operator",0,idleTimeMsPerSecond,0.0
1784195815,2,"Source: Source-data -> LoadJSON, Parse, _stream_key_by_map_operator",0,numRecordsOut,4242.0
1784195815,2,"Source: Source-data -> LoadJSON, Parse, _stream_key_by_map_operator",0,numRecordsIn,4242.0
1784195815,2,"Source: Source-data -> LoadJSON, Parse, _stream_key_by_map_operator",0,numRecordsInPerSecond,0.0
1784195815,2,"Source: Source-data -> LoadJSON, Parse, _stream_key_by_map_operator",0,backPressuredTimeMsPerSecond,999.0
1784195815,2,"Source: Source-data -> LoadJSON, Parse, _stream_key_by_map_operator",1,busyTimeMsPerSecond,0.0
1784195815,2,"Source: Source-data -> LoadJSON, Parse, _stream_key_by_map_operator",1,numRecordsOutPerSecond,0.0
1784195815,2,"Source: Source-data -> LoadJSON, Parse, _stream_key_by_map_operator",1,idleTimeMsPerSecond,0.0
1784195815,2,"Source: Source-data -> LoadJSON, Parse, _stream_key_by_map_operator",1,numRecordsOut,4310.0
1784195815,2,"Source: Source-data -> LoadJSON, Parse, _stream_key_by_map_operator",1,numRecordsIn,4310.0
1784195815,2,"Source: Source-data -> LoadJSON, Parse, _stream_key_by_map_operator",1,numRecordsInPerSecond,0.0
1784195815,2,"Source: Source-data -> LoadJSON, Parse, _stream_key_by_map_operator",1,backPressuredTimeMsPerSecond,1000.0
1784195815,2,"KEYED PROCESS, Parse->Train, _stream_key_by_map_operator",0,busyTimeMsPerSecond,359.0
1784195815,2,"KEYED PROCESS, Parse->Train, _stream_key_by_map_operator",0,numRecordsOutPerSecond,0.13333333333333333
1784195815,2,"KEYED PROCESS, Parse->Train, _stream_key_by_map_operator",0,idleTimeMsPerSecond,0.0
1784195815,2,"KEYED PROCESS, Parse->Train, _stream_key_by_map_operator",0,numRecordsOut,251.0
1784195815,2,"KEYED PROCESS, Parse->Train, _stream_key_by_map_operator",0,numRecordsIn,252.0
1784195815,2,"KEYED PROCESS, Parse->Train, _stream_key_by_map_operator",0,numRecordsInPerSecond,0.13333333333333333
1784195815,2,"KEYED PROCESS, Parse->Train, _stream_key_by_map_operator",0,backPressuredTimeMsPerSecond,641.0
1784195815,2,"KEYED PROCESS, Parse->Train, _stream_key_by_map_operator",1,busyTimeMsPerSecond,364.0
1784195815,2,"KEYED PROCESS, Parse->Train, _stream_key_by_map_operator",1,numRecordsOutPerSecond,0.1
1784195815,2,"KEYED PROCESS, Parse->Train, _stream_key_by_map_operator",1,idleTimeMsPerSecond,0.0
1784195815,2,"KEYED PROCESS, Parse->Train, _stream_key_by_map_operator",1,numRecordsOut,224.0
1784195815,2,"KEYED PROCESS, Parse->Train, _stream_key_by_map_operator",1,numRecordsIn,225.0
1784195815,2,"KEYED PROCESS, Parse->Train, _stream_key_by_map_operator",1,numRecordsInPerSecond,0.1
1784195815,2,"KEYED PROCESS, Parse->Train, _stream_key_by_map_operator",1,backPressuredTimeMsPerSecond,636.0
1784195815,2,"KEYED PROCESS, Train->Infer, _stream_key_by_map_operator",0,busyTimeMsPerSecond,520.0
1784195815,2,"KEYED PROCESS, Train->Infer, _stream_key_by_map_operator",0,numRecordsOutPerSecond,58.333333333333336
1784195815,2,"KEYED PROCESS, Train->Infer, _stream_key_by_map_operator",0,idleTimeMsPerSecond,209.0
1784195815,2,"KEYED PROCESS, Train->Infer, _stream_key_by_map_operator",0,numRecordsOut,58135.0
1784195815,2,"KEYED PROCESS, Train->Infer, _stream_key_by_map_operator",0,numRecordsIn,251.0
1784195815,2,"KEYED PROCESS, Train->Infer, _stream_key_by_map_operator",0,numRecordsInPerSecond,0.11666666666666667
1784195815,2,"KEYED PROCESS, Train->Infer, _stream_key_by_map_operator",0,backPressuredTimeMsPerSecond,271.0
1784195815,2,"KEYED PROCESS, Train->Infer, _stream_key_by_map_operator",1,busyTimeMsPerSecond,613.0
1784195815,2,"KEYED PROCESS, Train->Infer, _stream_key_by_map_operator",1,numRecordsOutPerSecond,66.66666666666667
1784195815,2,"KEYED PROCESS, Train->Infer, _stream_key_by_map_operator",1,idleTimeMsPerSecond,0.0
1784195815,2,"KEYED PROCESS, Train->Infer, _stream_key_by_map_operator",1,numRecordsOut,60605.0
1784195815,2,"KEYED PROCESS, Train->Infer, _stream_key_by_map_operator",1,numRecordsIn,226.0
1784195815,2,"KEYED PROCESS, Train->Infer, _stream_key_by_map_operator",1,numRecordsInPerSecond,0.13333333333333333
1784195815,2,"KEYED PROCESS, Train->Infer, _stream_key_by_map_operator",1,backPressuredTimeMsPerSecond,387.0
1784195815,2,"Infer->Rank, Rank->Filter, Filter -> Sink: Writer -> Sink: Committer",0,busyTimeMsPerSecond,1000.0
1784195815,2,"Infer->Rank, Rank->Filter, Filter -> Sink: Writer -> Sink: Committer",0,numRecordsOutPerSecond,65.5
1784195815,2,"Infer->Rank, Rank->Filter, Filter -> Sink: Writer -> Sink: Committer",0,idleTimeMsPerSecond,0.0
1784195815,2,"Infer->Rank, Rank->Filter, Filter -> Sink: Writer -> Sink: Committer",0,numRecordsOut,55160.0
1784195815,2,"Infer->Rank, Rank->Filter, Filter -> Sink: Writer -> Sink: Committer",0,numRecordsIn,57312.0
1784195815,2,"Infer->Rank, Rank->Filter, Filter -> Sink: Writer -> Sink: Committer",0,numRecordsInPerSecond,73.75
1784195815,2,"Infer->Rank, Rank->Filter, Filter -> Sink: Writer -> Sink: Committer",0,backPressuredTimeMsPerSecond,0.0
1784195815,2,"Infer->Rank, Rank->Filter, Filter -> Sink: Writer -> Sink: Committer",1,busyTimeMsPerSecond,1000.0
1784195815,2,"Infer->Rank, Rank->Filter, Filter -> Sink: Writer -> Sink: Committer",1,numRecordsOutPerSecond,61.166666666666664
1784195815,2,"Infer->Rank, Rank->Filter, Filter -> Sink: Writer -> Sink: Committer",1,idleTimeMsPerSecond,0.0
1784195815,2,"Infer->Rank, Rank->Filter, Filter -> Sink: Writer -> Sink: Committer",1,numRecordsOut,56350.0
1784195815,2,"Infer->Rank, Rank->Filter, Filter -> Sink: Writer -> Sink: Committer",1,numRecordsIn,56982.0
1784195815,2,"Infer->Rank, Rank->Filter, Filter -> Sink: Writer -> Sink: Committer",1,numRecordsInPerSecond,61.3
1784195815,2,"Infer->Rank, Rank->Filter, Filter -> Sink: Writer -> Sink: Committer",1,backPressuredTimeMsPerSecond,0.0
1784195830,2,"Source: Source-data -> LoadJSON, Parse, _stream_key_by_map_operator",0,busyTimeMsPerSecond,1.0
1784195830,2,"Source: Source-data -> LoadJSON, Parse, _stream_key_by_map_operator",0,numRecordsOutPerSecond,0.0
1784195830,2,"Source: Source-data -> LoadJSON, Parse, _stream_key_by_map_operator",0,idleTimeMsPerSecond,0.0
1784195830,2,"Source: Source-data -> LoadJSON, Parse, _stream_key_by_map_operator",0,numRecordsOut,4242.0
1784195830,2,"Source: Source-data -> LoadJSON, Parse, _stream_key_by_map_operator",0,numRecordsIn,4242.0
1784195830,2,"Source: Source-data -> LoadJSON, Parse, _stream_key_by_map_operator",0,numRecordsInPerSecond,0.0
1784195830,2,"Source: Source-data -> LoadJSON, Parse, _stream_key_by_map_operator",0,backPressuredTimeMsPerSecond,999.0
1784195830,2,"Source: Source-data -> LoadJSON, Parse, _stream_key_by_map_operator",1,busyTimeMsPerSecond,0.0
1784195830,2,"Source: Source-data -> LoadJSON, Parse, _stream_key_by_map_operator",1,numRecordsOutPerSecond,0.0
1784195830,2,"Source: Source-data -> LoadJSON, Parse, _stream_key_by_map_operator",1,idleTimeMsPerSecond,0.0
1784195830,2,"Source: Source-data -> LoadJSON, Parse, _stream_key_by_map_operator",1,numRecordsOut,4310.0
1784195830,2,"Source: Source-data -> LoadJSON, Parse, _stream_key_by_map_operator",1,numRecordsIn,4310.0
1784195830,2,"Source: Source-data -> LoadJSON, Parse, _stream_key_by_map_operator",1,numRecordsInPerSecond,0.0
1784195830,2,"Source: Source-data -> LoadJSON, Parse, _stream_key_by_map_operator",1,backPressuredTimeMsPerSecond,1000.0
1784195830,2,"KEYED PROCESS, Parse->Train, _stream_key_by_map_operator",0,busyTimeMsPerSecond,274.0
1784195830,2,"KEYED PROCESS, Parse->Train, _stream_key_by_map_operator",0,numRecordsOutPerSecond,0.1
1784195830,2,"KEYED PROCESS, Parse->Train, _stream_key_by_map_operator",0,idleTimeMsPerSecond,0.0
1784195830,2,"KEYED PROCESS, Parse->Train, _stream_key_by_map_operator",0,numRecordsOut,252.0
1784195830,2,"KEYED PROCESS, Parse->Train, _stream_key_by_map_operator",0,numRecordsIn,253.0
1784195830,2,"KEYED PROCESS, Parse->Train, _stream_key_by_map_operator",0,numRecordsInPerSecond,0.1
1784195830,2,"KEYED PROCESS, Parse->Train, _stream_key_by_map_operator",0,backPressuredTimeMsPerSecond,726.0
1784195830,2,"KEYED PROCESS, Parse->Train, _stream_key_by_map_operator",1,busyTimeMsPerSecond,423.0
1784195830,2,"KEYED PROCESS, Parse->Train, _stream_key_by_map_operator",1,numRecordsOutPerSecond,0.13333333333333333
1784195830,2,"KEYED PROCESS, Parse->Train, _stream_key_by_map_operator",1,idleTimeMsPerSecond,0.0
1784195830,2,"KEYED PROCESS, Parse->Train, _stream_key_by_map_operator",1,numRecordsOut,228.0
1784195830,2,"KEYED PROCESS, Parse->Train, _stream_key_by_map_operator",1,numRecordsIn,229.0
1784195830,2,"KEYED PROCESS, Parse->Train, _stream_key_by_map_operator",1,numRecordsInPerSecond,0.13333333333333333
1784195830,2,"KEYED PROCESS, Parse->Train, _stream_key_by_map_operator",1,backPressuredTimeMsPerSecond,577.0
1784195830,2,"KEYED PROCESS, Train->Infer, _stream_key_by_map_operator",0,busyTimeMsPerSecond,420.0
1784195830,2,"KEYED PROCESS, Train->Infer, _stream_key_by_map_operator",0,numRecordsOutPerSecond,41.666666666666664
1784195830,2,"KEYED PROCESS, Train->Infer, _stream_key_by_map_operator",0,idleTimeMsPerSecond,333.0
1784195830,2,"KEYED PROCESS, Train->Infer, _stream_key_by_map_operator",0,numRecordsOut,59135.0
1784195830,2,"KEYED PROCESS, Train->Infer, _stream_key_by_map_operator",0,numRecordsIn,254.0
1784195830,2,"KEYED PROCESS, Train->Infer, _stream_key_by_map_operator",0,numRecordsInPerSecond,0.1
1784195830,2,"KEYED PROCESS, Train->Infer, _stream_key_by_map_operator",0,backPressuredTimeMsPerSecond,247.0
1784195830,2,"KEYED PROCESS, Train->Infer, _stream_key_by_map_operator",1,busyTimeMsPerSecond,522.0
1784195830,2,"KEYED PROCESS, Train->Infer, _stream_key_by_map_operator",1,numRecordsOutPerSecond,66.66666666666667
1784195830,2,"KEYED PROCESS, Train->Infer, _stream_key_by_map_operator",1,idleTimeMsPerSecond,0.0
1784195830,2,"KEYED PROCESS, Train->Infer, _stream_key_by_map_operator",1,numRecordsOut,61105.0
1784195830,2,"KEYED PROCESS, Train->Infer, _stream_key_by_map_operator",1,numRecordsIn,227.0
1784195830,2,"KEYED PROCESS, Train->Infer, _stream_key_by_map_operator",1,numRecordsInPerSecond,0.11666666666666667
1784195830,2,"KEYED PROCESS, Train->Infer, _stream_key_by_map_operator",1,backPressuredTimeMsPerSecond,478.0
1784195830,2,"Infer->Rank, Rank->Filter, Filter -> Sink: Writer -> Sink: Committer",0,busyTimeMsPerSecond,1000.0
1784195830,2,"Infer->Rank, Rank->Filter, Filter -> Sink: Writer -> Sink: Committer",0,numRecordsOutPerSecond,76.5
1784195830,2,"Infer->Rank, Rank->Filter, Filter -> Sink: Writer -> Sink: Committer",0,idleTimeMsPerSecond,0.0
1784195830,2,"Infer->Rank, Rank->Filter, Filter -> Sink: Writer -> Sink: Committer",0,numRecordsOut,56330.0
1784195830,2,"Infer->Rank, Rank->Filter, Filter -> Sink: Writer -> Sink: Committer",0,numRecordsIn,58478.0
1784195830,2,"Infer->Rank, Rank->Filter, Filter -> Sink: Writer -> Sink: Committer",0,numRecordsInPerSecond,76.53333333333333
1784195830,2,"Infer->Rank, Rank->Filter, Filter -> Sink: Writer -> Sink: Committer",0,backPressuredTimeMsPerSecond,0.0
1784195830,2,"Infer->Rank, Rank->Filter, Filter -> Sink: Writer -> Sink: Committer",1,busyTimeMsPerSecond,1000.0
1784195830,2,"Infer->Rank, Rank->Filter, Filter -> Sink: Writer -> Sink: Committer",1,numRecordsOutPerSecond,62.333333333333336
1784195830,2,"Infer->Rank, Rank->Filter, Filter -> Sink: Writer -> Sink: Committer",1,idleTimeMsPerSecond,0.0
1784195830,2,"Infer->Rank, Rank->Filter, Filter -> Sink: Writer -> Sink: Committer",1,numRecordsOut,57270.0
1784195830,2,"Infer->Rank, Rank->Filter, Filter -> Sink: Writer -> Sink: Committer",1,numRecordsIn,57904.0
1784195830,2,"Infer->Rank, Rank->Filter, Filter -> Sink: Writer -> Sink: Committer",1,numRecordsInPerSecond,62.4
1784195830,2,"Infer->Rank, Rank->Filter, Filter -> Sink: Writer -> Sink: Committer",1,backPressuredTimeMsPerSecond,0.0
1784195845,2,"Source: Source-data -> LoadJSON, Parse, _stream_key_by_map_operator",0,busyTimeMsPerSecond,1.0
1784195845,2,"Source: Source-data -> LoadJSON, Parse, _stream_key_by_map_operator",0,numRecordsOutPerSecond,0.0
1784195845,2,"Source: Source-data -> LoadJSON, Parse, _stream_key_by_map_operator",0,idleTimeMsPerSecond,0.0
1784195845,2,"Source: Source-data -> LoadJSON, Parse, _stream_key_by_map_operator",0,numRecordsOut,4242.0
1784195845,2,"Source: Source-data -> LoadJSON, Parse, _stream_key_by_map_operator",0,numRecordsIn,4242.0
1784195845,2,"Source: Source-data -> LoadJSON, Parse, _stream_key_by_map_operator",0,numRecordsInPerSecond,0.0
1784195845,2,"Source: Source-data -> LoadJSON, Parse, _stream_key_by_map_operator",0,backPressuredTimeMsPerSecond,999.0
1784195845,2,"Source: Source-data -> LoadJSON, Parse, _stream_key_by_map_operator",1,busyTimeMsPerSecond,0.0
1784195845,2,"Source: Source-data -> LoadJSON, Parse, _stream_key_by_map_operator",1,numRecordsOutPerSecond,0.0
1784195845,2,"Source: Source-data -> LoadJSON, Parse, _stream_key_by_map_operator",1,idleTimeMsPerSecond,0.0
1784195845,2,"Source: Source-data -> LoadJSON, Parse, _stream_key_by_map_operator",1,numRecordsOut,4310.0
1784195845,2,"Source: Source-data -> LoadJSON, Parse, _stream_key_by_map_operator",1,numRecordsIn,4310.0
1784195845,2,"Source: Source-data -> LoadJSON, Parse, _stream_key_by_map_operator",1,numRecordsInPerSecond,0.0
1784195845,2,"Source: Source-data -> LoadJSON, Parse, _stream_key_by_map_operator",1,backPressuredTimeMsPerSecond,1000.0
1784195845,2,"KEYED PROCESS, Parse->Train, _stream_key_by_map_operator",0,busyTimeMsPerSecond,211.0
1784195845,2,"KEYED PROCESS, Parse->Train, _stream_key_by_map_operator",0,numRecordsOutPerSecond,0.08333333333333333
1784195845,2,"KEYED PROCESS, Parse->Train, _stream_key_by_map_operator",0,idleTimeMsPerSecond,0.0
1784195845,2,"KEYED PROCESS, Parse->Train, _stream_key_by_map_operator",0,numRecordsOut,253.0
1784195845,2,"KEYED PROCESS, Parse->Train, _stream_key_by_map_operator",0,numRecordsIn,254.0
1784195845,2,"KEYED PROCESS, Parse->Train, _stream_key_by_map_operator",0,numRecordsInPerSecond,0.08333333333333333
1784195845,2,"KEYED PROCESS, Parse->Train, _stream_key_by_map_operator",0,backPressuredTimeMsPerSecond,789.0
1784195845,2,"KEYED PROCESS, Parse->Train, _stream_key_by_map_operator",1,busyTimeMsPerSecond,468.0
1784195845,2,"KEYED PROCESS, Parse->Train, _stream_key_by_map_operator",1,numRecordsOutPerSecond,0.15
1784195845,2,"KEYED PROCESS, Parse->Train, _stream_key_by_map_operator",1,idleTimeMsPerSecond,0.0
1784195845,2,"KEYED PROCESS, Parse->Train, _stream_key_by_map_operator",1,numRecordsOut,231.0
1784195845,2,"KEYED PROCESS, Parse->Train, _stream_key_by_map_operator",1,numRecordsIn,232.0
1784195845,2,"KEYED PROCESS, Parse->Train, _stream_key_by_map_operator",1,numRecordsInPerSecond,0.15
1784195845,2,"KEYED PROCESS, Parse->Train, _stream_key_by_map_operator",1,backPressuredTimeMsPerSecond,532.0
1784195845,2,"KEYED PROCESS, Train->Infer, _stream_key_by_map_operator",0,busyTimeMsPerSecond,400.0
1784195845,2,"KEYED PROCESS, Train->Infer, _stream_key_by_map_operator",0,numRecordsOutPerSecond,50.0
1784195845,2,"KEYED PROCESS, Train->Infer, _stream_key_by_map_operator",0,idleTimeMsPerSecond,473.0
1784195845,2,"KEYED PROCESS, Train->Infer, _stream_key_by_map_operator",0,numRecordsOut,60135.0
1784195845,2,"KEYED PROCESS, Train->Infer, _stream_key_by_map_operator",0,numRecordsIn,256.0
1784195845,2,"KEYED PROCESS, Train->Infer, _stream_key_by_map_operator",0,numRecordsInPerSecond,0.1
1784195845,2,"KEYED PROCESS, Train->Infer, _stream_key_by_map_operator",0,backPressuredTimeMsPerSecond,127.0
1784195845,2,"KEYED PROCESS, Train->Infer, _stream_key_by_map_operator",1,busyTimeMsPerSecond,522.0
1784195845,2,"KEYED PROCESS, Train->Infer, _stream_key_by_map_operator",1,numRecordsOutPerSecond,66.66666666666667
1784195845,2,"KEYED PROCESS, Train->Infer, _stream_key_by_map_operator",1,idleTimeMsPerSecond,0.0
1784195845,2,"KEYED PROCESS, Train->Infer, _stream_key_by_map_operator",1,numRecordsOut,61105.0
1784195845,2,"KEYED PROCESS, Train->Infer, _stream_key_by_map_operator",1,numRecordsIn,227.0
1784195845,2,"KEYED PROCESS, Train->Infer, _stream_key_by_map_operator",1,numRecordsInPerSecond,0.11666666666666667
1784195845,2,"KEYED PROCESS, Train->Infer, _stream_key_by_map_operator",1,backPressuredTimeMsPerSecond,478.0
1784195845,2,"Infer->Rank, Rank->Filter, Filter -> Sink: Writer -> Sink: Committer",0,busyTimeMsPerSecond,1000.0
1784195845,2,"Infer->Rank, Rank->Filter, Filter -> Sink: Writer -> Sink: Committer",0,numRecordsOutPerSecond,76.5
1784195845,2,"Infer->Rank, Rank->Filter, Filter -> Sink: Writer -> Sink: Committer",0,idleTimeMsPerSecond,0.0
1784195845,2,"Infer->Rank, Rank->Filter, Filter -> Sink: Writer -> Sink: Committer",0,numRecordsOut,56330.0
1784195845,2,"Infer->Rank, Rank->Filter, Filter -> Sink: Writer -> Sink: Committer",0,numRecordsIn,58478.0
1784195845,2,"Infer->Rank, Rank->Filter, Filter -> Sink: Writer -> Sink: Committer",0,numRecordsInPerSecond,76.53333333333333
1784195845,2,"Infer->Rank, Rank->Filter, Filter -> Sink: Writer -> Sink: Committer",0,backPressuredTimeMsPerSecond,0.0
1784195845,2,"Infer->Rank, Rank->Filter, Filter -> Sink: Writer -> Sink: Committer",1,busyTimeMsPerSecond,1000.0
1784195845,2,"Infer->Rank, Rank->Filter, Filter -> Sink: Writer -> Sink: Committer",1,numRecordsOutPerSecond,59.666666666666664
1784195845,2,"Infer->Rank, Rank->Filter, Filter -> Sink: Writer -> Sink: Committer",1,idleTimeMsPerSecond,0.0
1784195845,2,"Infer->Rank, Rank->Filter, Filter -> Sink: Writer -> Sink: Committer",1,numRecordsOut,58120.0
1784195845,2,"Infer->Rank, Rank->Filter, Filter -> Sink: Writer -> Sink: Committer",1,numRecordsIn,58749.0
1784195845,2,"Infer->Rank, Rank->Filter, Filter -> Sink: Writer -> Sink: Committer",1,numRecordsInPerSecond,59.81666666666667
1784195845,2,"Infer->Rank, Rank->Filter, Filter -> Sink: Writer -> Sink: Committer",1,backPressuredTimeMsPerSecond,0.0
1784195860,2,"Source: Source-data -> LoadJSON, Parse, _stream_key_by_map_operator",0,busyTimeMsPerSecond,1.0
1784195860,2,"Source: Source-data -> LoadJSON, Parse, _stream_key_by_map_operator",0,numRecordsOutPerSecond,0.0
1784195860,2,"Source: Source-data -> LoadJSON, Parse, _stream_key_by_map_operator",0,idleTimeMsPerSecond,0.0
1784195860,2,"Source: Source-data -> LoadJSON, Parse, _stream_key_by_map_operator",0,numRecordsOut,4242.0
1784195860,2,"Source: Source-data -> LoadJSON, Parse, _stream_key_by_map_operator",0,numRecordsIn,4242.0
1784195860,2,"Source: Source-data -> LoadJSON, Parse, _stream_key_by_map_operator",0,numRecordsInPerSecond,0.0
1784195860,2,"Source: Source-data -> LoadJSON, Parse, _stream_key_by_map_operator",0,backPressuredTimeMsPerSecond,999.0
1784195860,2,"Source: Source-data -> LoadJSON, Parse, _stream_key_by_map_operator",1,busyTimeMsPerSecond,0.0
1784195860,2,"Source: Source-data -> LoadJSON, Parse, _stream_key_by_map_operator",1,numRecordsOutPerSecond,0.0
1784195860,2,"Source: Source-data -> LoadJSON, Parse, _stream_key_by_map_operator",1,idleTimeMsPerSecond,0.0
1784195860,2,"Source: Source-data -> LoadJSON, Parse, _stream_key_by_map_operator",1,numRecordsOut,4310.0
1784195860,2,"Source: Source-data -> LoadJSON, Parse, _stream_key_by_map_operator",1,numRecordsIn,4310.0
1784195860,2,"Source: Source-data -> LoadJSON, Parse, _stream_key_by_map_operator",1,numRecordsInPerSecond,0.0
1784195860,2,"Source: Source-data -> LoadJSON, Parse, _stream_key_by_map_operator",1,backPressuredTimeMsPerSecond,1000.0
1784195860,2,"KEYED PROCESS, Parse->Train, _stream_key_by_map_operator",0,busyTimeMsPerSecond,126.0
1784195860,2,"KEYED PROCESS, Parse->Train, _stream_key_by_map_operator",0,numRecordsOutPerSecond,0.06666666666666667
1784195860,2,"KEYED PROCESS, Parse->Train, _stream_key_by_map_operator",0,idleTimeMsPerSecond,0.0
1784195860,2,"KEYED PROCESS, Parse->Train, _stream_key_by_map_operator",0,numRecordsOut,254.0
1784195860,2,"KEYED PROCESS, Parse->Train, _stream_key_by_map_operator",0,numRecordsIn,255.0
1784195860,2,"KEYED PROCESS, Parse->Train, _stream_key_by_map_operator",0,numRecordsInPerSecond,0.06666666666666667
1784195860,2,"KEYED PROCESS, Parse->Train, _stream_key_by_map_operator",0,backPressuredTimeMsPerSecond,874.0
1784195860,2,"KEYED PROCESS, Parse->Train, _stream_key_by_map_operator",1,busyTimeMsPerSecond,552.0
1784195860,2,"KEYED PROCESS, Parse->Train, _stream_key_by_map_operator",1,numRecordsOutPerSecond,0.2
1784195860,2,"KEYED PROCESS, Parse->Train, _stream_key_by_map_operator",1,idleTimeMsPerSecond,0.0
1784195860,2,"KEYED PROCESS, Parse->Train, _stream_key_by_map_operator",1,numRecordsOut,234.0
1784195860,2,"KEYED PROCESS, Parse->Train, _stream_key_by_map_operator",1,numRecordsIn,235.0
1784195860,2,"KEYED PROCESS, Parse->Train, _stream_key_by_map_operator",1,numRecordsInPerSecond,0.2
1784195860,2,"KEYED PROCESS, Parse->Train, _stream_key_by_map_operator",1,backPressuredTimeMsPerSecond,448.0
1784195860,2,"KEYED PROCESS, Train->Infer, _stream_key_by_map_operator",0,busyTimeMsPerSecond,464.0
1784195860,2,"KEYED PROCESS, Train->Infer, _stream_key_by_map_operator",0,numRecordsOutPerSecond,66.66666666666667
1784195860,2,"KEYED PROCESS, Train->Infer, _stream_key_by_map_operator",0,idleTimeMsPerSecond,536.0
1784195860,2,"KEYED PROCESS, Train->Infer, _stream_key_by_map_operator",0,numRecordsOut,61635.0
1784195860,2,"KEYED PROCESS, Train->Infer, _stream_key_by_map_operator",0,numRecordsIn,258.0
1784195860,2,"KEYED PROCESS, Train->Infer, _stream_key_by_map_operator",0,numRecordsInPerSecond,0.13333333333333333
1784195860,2,"KEYED PROCESS, Train->Infer, _stream_key_by_map_operator",0,backPressuredTimeMsPerSecond,0.0
1784195860,2,"KEYED PROCESS, Train->Infer, _stream_key_by_map_operator",1,busyTimeMsPerSecond,457.0
1784195860,2,"KEYED PROCESS, Train->Infer, _stream_key_by_map_operator",1,numRecordsOutPerSecond,58.333333333333336
1784195860,2,"KEYED PROCESS, Train->Infer, _stream_key_by_map_operator",1,idleTimeMsPerSecond,0.0
1784195860,2,"KEYED PROCESS, Train->Infer, _stream_key_by_map_operator",1,numRecordsOut,61605.0
1784195860,2,"KEYED PROCESS, Train->Infer, _stream_key_by_map_operator",1,numRecordsIn,229.0
1784195860,2,"KEYED PROCESS, Train->Infer, _stream_key_by_map_operator",1,numRecordsInPerSecond,0.11666666666666667
1784195860,2,"KEYED PROCESS, Train->Infer, _stream_key_by_map_operator",1,backPressuredTimeMsPerSecond,543.0
1784195860,2,"Infer->Rank, Rank->Filter, Filter -> Sink: Writer -> Sink: Committer",0,busyTimeMsPerSecond,1000.0
1784195860,2,"Infer->Rank, Rank->Filter, Filter -> Sink: Writer -> Sink: Committer",0,numRecordsOutPerSecond,72.33333333333333
1784195860,2,"Infer->Rank, Rank->Filter, Filter -> Sink: Writer -> Sink: Committer",0,idleTimeMsPerSecond,0.0
1784195860,2,"Infer->Rank, Rank->Filter, Filter -> Sink: Writer -> Sink: Committer",0,numRecordsOut,56990.0
1784195860,2,"Infer->Rank, Rank->Filter, Filter -> Sink: Writer -> Sink: Committer",0,numRecordsIn,59588.0
1784195860,2,"Infer->Rank, Rank->Filter, Filter -> Sink: Writer -> Sink: Committer",0,numRecordsInPerSecond,76.83333333333333
1784195860,2,"Infer->Rank, Rank->Filter, Filter -> Sink: Writer -> Sink: Committer",0,backPressuredTimeMsPerSecond,0.0
1784195860,2,"Infer->Rank, Rank->Filter, Filter -> Sink: Writer -> Sink: Committer",1,busyTimeMsPerSecond,1000.0
1784195860,2,"Infer->Rank, Rank->Filter, Filter -> Sink: Writer -> Sink: Committer",1,numRecordsOutPerSecond,50.166666666666664
1784195860,2,"Infer->Rank, Rank->Filter, Filter -> Sink: Writer -> Sink: Committer",1,idleTimeMsPerSecond,0.0
1784195860,2,"Infer->Rank, Rank->Filter, Filter -> Sink: Writer -> Sink: Committer",1,numRecordsOut,58590.0
1784195860,2,"Infer->Rank, Rank->Filter, Filter -> Sink: Writer -> Sink: Committer",1,numRecordsIn,59720.0
1784195860,2,"Infer->Rank, Rank->Filter, Filter -> Sink: Writer -> Sink: Committer",1,numRecordsInPerSecond,56.85
1784195860,2,"Infer->Rank, Rank->Filter, Filter -> Sink: Writer -> Sink: Committer",1,backPressuredTimeMsPerSecond,0.0
1784195875,2,"Source: Source-data -> LoadJSON, Parse, _stream_key_by_map_operator",0,busyTimeMsPerSecond,1.0
1784195875,2,"Source: Source-data -> LoadJSON, Parse, _stream_key_by_map_operator",0,numRecordsOutPerSecond,0.0
1784195875,2,"Source: Source-data -> LoadJSON, Parse, _stream_key_by_map_operator",0,idleTimeMsPerSecond,0.0
1784195875,2,"Source: Source-data -> LoadJSON, Parse, _stream_key_by_map_operator",0,numRecordsOut,4242.0
1784195875,2,"Source: Source-data -> LoadJSON, Parse, _stream_key_by_map_operator",0,numRecordsIn,4242.0
1784195875,2,"Source: Source-data -> LoadJSON, Parse, _stream_key_by_map_operator",0,numRecordsInPerSecond,0.0
1784195875,2,"Source: Source-data -> LoadJSON, Parse, _stream_key_by_map_operator",0,backPressuredTimeMsPerSecond,999.0
1784195875,2,"Source: Source-data -> LoadJSON, Parse, _stream_key_by_map_operator",1,busyTimeMsPerSecond,0.0
1784195875,2,"Source: Source-data -> LoadJSON, Parse, _stream_key_by_map_operator",1,numRecordsOutPerSecond,0.0
1784195875,2,"Source: Source-data -> LoadJSON, Parse, _stream_key_by_map_operator",1,idleTimeMsPerSecond,0.0
1784195875,2,"Source: Source-data -> LoadJSON, Parse, _stream_key_by_map_operator",1,numRecordsOut,4310.0
1784195875,2,"Source: Source-data -> LoadJSON, Parse, _stream_key_by_map_operator",1,numRecordsIn,4310.0
1784195875,2,"Source: Source-data -> LoadJSON, Parse, _stream_key_by_map_operator",1,numRecordsInPerSecond,0.0
1784195875,2,"Source: Source-data -> LoadJSON, Parse, _stream_key_by_map_operator",1,backPressuredTimeMsPerSecond,1000.0
1784195875,2,"KEYED PROCESS, Parse->Train, _stream_key_by_map_operator",0,busyTimeMsPerSecond,175.0
1784195875,2,"KEYED PROCESS, Parse->Train, _stream_key_by_map_operator",0,numRecordsOutPerSecond,0.08333333333333333
1784195875,2,"KEYED PROCESS, Parse->Train, _stream_key_by_map_operator",0,idleTimeMsPerSecond,0.0
1784195875,2,"KEYED PROCESS, Parse->Train, _stream_key_by_map_operator",0,numRecordsOut,256.0
1784195875,2,"KEYED PROCESS, Parse->Train, _stream_key_by_map_operator",0,numRecordsIn,257.0
1784195875,2,"KEYED PROCESS, Parse->Train, _stream_key_by_map_operator",0,numRecordsInPerSecond,0.08333333333333333
1784195875,2,"KEYED PROCESS, Parse->Train, _stream_key_by_map_operator",0,backPressuredTimeMsPerSecond,825.0
1784195875,2,"KEYED PROCESS, Parse->Train, _stream_key_by_map_operator",1,busyTimeMsPerSecond,521.0
1784195875,2,"KEYED PROCESS, Parse->Train, _stream_key_by_map_operator",1,numRecordsOutPerSecond,0.18333333333333332
1784195875,2,"KEYED PROCESS, Parse->Train, _stream_key_by_map_operator",1,idleTimeMsPerSecond,0.0
1784195875,2,"KEYED PROCESS, Parse->Train, _stream_key_by_map_operator",1,numRecordsOut,235.0
1784195875,2,"KEYED PROCESS, Parse->Train, _stream_key_by_map_operator",1,numRecordsIn,236.0
1784195875,2,"KEYED PROCESS, Parse->Train, _stream_key_by_map_operator",1,numRecordsInPerSecond,0.18333333333333332
1784195875,2,"KEYED PROCESS, Parse->Train, _stream_key_by_map_operator",1,backPressuredTimeMsPerSecond,479.0
1784195875,2,"KEYED PROCESS, Train->Infer, _stream_key_by_map_operator",0,busyTimeMsPerSecond,414.0
1784195875,2,"KEYED PROCESS, Train->Infer, _stream_key_by_map_operator",0,numRecordsOutPerSecond,58.333333333333336
1784195875,2,"KEYED PROCESS, Train->Infer, _stream_key_by_map_operator",0,idleTimeMsPerSecond,586.0
1784195875,2,"KEYED PROCESS, Train->Infer, _stream_key_by_map_operator",0,numRecordsOut,61635.0
1784195875,2,"KEYED PROCESS, Train->Infer, _stream_key_by_map_operator",0,numRecordsIn,259.0
1784195875,2,"KEYED PROCESS, Train->Infer, _stream_key_by_map_operator",0,numRecordsInPerSecond,0.13333333333333333
1784195875,2,"KEYED PROCESS, Train->Infer, _stream_key_by_map_operator",0,backPressuredTimeMsPerSecond,0.0
1784195875,2,"KEYED PROCESS, Train->Infer, _stream_key_by_map_operator",1,busyTimeMsPerSecond,524.0
1784195875,2,"KEYED PROCESS, Train->Infer, _stream_key_by_map_operator",1,numRecordsOutPerSecond,58.333333333333336
1784195875,2,"KEYED PROCESS, Train->Infer, _stream_key_by_map_operator",1,idleTimeMsPerSecond,0.0
1784195875,2,"KEYED PROCESS, Train->Infer, _stream_key_by_map_operator",1,numRecordsOut,63105.0
1784195875,2,"KEYED PROCESS, Train->Infer, _stream_key_by_map_operator",1,numRecordsIn,231.0
1784195875,2,"KEYED PROCESS, Train->Infer, _stream_key_by_map_operator",1,numRecordsInPerSecond,0.11666666666666667
1784195875,2,"KEYED PROCESS, Train->Infer, _stream_key_by_map_operator",1,backPressuredTimeMsPerSecond,476.0
1784195875,2,"Infer->Rank, Rank->Filter, Filter -> Sink: Writer -> Sink: Committer",0,busyTimeMsPerSecond,1000.0
1784195875,2,"Infer->Rank, Rank->Filter, Filter -> Sink: Writer -> Sink: Committer",0,numRecordsOutPerSecond,68.33333333333333
1784195875,2,"Infer->Rank, Rank->Filter, Filter -> Sink: Writer -> Sink: Committer",0,idleTimeMsPerSecond,0.0
1784195875,2,"Infer->Rank, Rank->Filter, Filter -> Sink: Writer -> Sink: Committer",0,numRecordsOut,57990.0
1784195875,2,"Infer->Rank, Rank->Filter, Filter -> Sink: Writer -> Sink: Committer",0,numRecordsIn,60828.0
1784195875,2,"Infer->Rank, Rank->Filter, Filter -> Sink: Writer -> Sink: Committer",0,numRecordsInPerSecond,79.41666666666667
1784195875,2,"Infer->Rank, Rank->Filter, Filter -> Sink: Writer -> Sink: Committer",0,backPressuredTimeMsPerSecond,0.0
1784195875,2,"Infer->Rank, Rank->Filter, Filter -> Sink: Writer -> Sink: Committer",1,busyTimeMsPerSecond,1000.0
1784195875,2,"Infer->Rank, Rank->Filter, Filter -> Sink: Writer -> Sink: Committer",1,numRecordsOutPerSecond,50.166666666666664
1784195875,2,"Infer->Rank, Rank->Filter, Filter -> Sink: Writer -> Sink: Committer",1,idleTimeMsPerSecond,0.0
1784195875,2,"Infer->Rank, Rank->Filter, Filter -> Sink: Writer -> Sink: Committer",1,numRecordsOut,58590.0
1784195875,2,"Infer->Rank, Rank->Filter, Filter -> Sink: Writer -> Sink: Committer",1,numRecordsIn,59720.0
1784195875,2,"Infer->Rank, Rank->Filter, Filter -> Sink: Writer -> Sink: Committer",1,numRecordsInPerSecond,56.85
1784195875,2,"Infer->Rank, Rank->Filter, Filter -> Sink: Writer -> Sink: Committer",1,backPressuredTimeMsPerSecond,0.0
1784195890,2,"Source: Source-data -> LoadJSON, Parse, _stream_key_by_map_operator",0,busyTimeMsPerSecond,0.0
1784195890,2,"Source: Source-data -> LoadJSON, Parse, _stream_key_by_map_operator",0,numRecordsOutPerSecond,0.0
1784195890,2,"Source: Source-data -> LoadJSON, Parse, _stream_key_by_map_operator",0,idleTimeMsPerSecond,0.0
1784195890,2,"Source: Source-data -> LoadJSON, Parse, _stream_key_by_map_operator",0,numRecordsOut,4242.0
1784195890,2,"Source: Source-data -> LoadJSON, Parse, _stream_key_by_map_operator",0,numRecordsIn,4242.0
1784195890,2,"Source: Source-data -> LoadJSON, Parse, _stream_key_by_map_operator",0,numRecordsInPerSecond,0.0
1784195890,2,"Source: Source-data -> LoadJSON, Parse, _stream_key_by_map_operator",0,backPressuredTimeMsPerSecond,1000.0
1784195890,2,"Source: Source-data -> LoadJSON, Parse, _stream_key_by_map_operator",1,busyTimeMsPerSecond,0.0
1784195890,2,"Source: Source-data -> LoadJSON, Parse, _stream_key_by_map_operator",1,numRecordsOutPerSecond,0.0
1784195890,2,"Source: Source-data -> LoadJSON, Parse, _stream_key_by_map_operator",1,idleTimeMsPerSecond,0.0
1784195890,2,"Source: Source-data -> LoadJSON, Parse, _stream_key_by_map_operator",1,numRecordsOut,4310.0
1784195890,2,"Source: Source-data -> LoadJSON, Parse, _stream_key_by_map_operator",1,numRecordsIn,4310.0
1784195890,2,"Source: Source-data -> LoadJSON, Parse, _stream_key_by_map_operator",1,numRecordsInPerSecond,0.0
1784195890,2,"Source: Source-data -> LoadJSON, Parse, _stream_key_by_map_operator",1,backPressuredTimeMsPerSecond,1000.0
1784195890,2,"KEYED PROCESS, Parse->Train, _stream_key_by_map_operator",0,busyTimeMsPerSecond,247.0
1784195890,2,"KEYED PROCESS, Parse->Train, _stream_key_by_map_operator",0,numRecordsOutPerSecond,0.11666666666666667
1784195890,2,"KEYED PROCESS, Parse->Train, _stream_key_by_map_operator",0,idleTimeMsPerSecond,0.0
1784195890,2,"KEYED PROCESS, Parse->Train, _stream_key_by_map_operator",0,numRecordsOut,259.0
1784195890,2,"KEYED PROCESS, Parse->Train, _stream_key_by_map_operator",0,numRecordsIn,260.0
1784195890,2,"KEYED PROCESS, Parse->Train, _stream_key_by_map_operator",0,numRecordsInPerSecond,0.11666666666666667
1784195890,2,"KEYED PROCESS, Parse->Train, _stream_key_by_map_operator",0,backPressuredTimeMsPerSecond,753.0
1784195890,2,"KEYED PROCESS, Parse->Train, _stream_key_by_map_operator",1,busyTimeMsPerSecond,456.0
1784195890,2,"KEYED PROCESS, Parse->Train, _stream_key_by_map_operator",1,numRecordsOutPerSecond,0.16666666666666666
1784195890,2,"KEYED PROCESS, Parse->Train, _stream_key_by_map_operator",1,idleTimeMsPerSecond,0.0
1784195890,2,"KEYED PROCESS, Parse->Train, _stream_key_by_map_operator",1,numRecordsOut,237.0
1784195890,2,"KEYED PROCESS, Parse->Train, _stream_key_by_map_operator",1,numRecordsIn,238.0
1784195890,2,"KEYED PROCESS, Parse->Train, _stream_key_by_map_operator",1,numRecordsInPerSecond,0.16666666666666666
1784195890,2,"KEYED PROCESS, Parse->Train, _stream_key_by_map_operator",1,backPressuredTimeMsPerSecond,544.0
1784195890,2,"KEYED PROCESS, Train->Infer, _stream_key_by_map_operator",0,busyTimeMsPerSecond,549.0
1784195890,2,"KEYED PROCESS, Train->Infer, _stream_key_by_map_operator",0,numRecordsOutPerSecond,75.0
1784195890,2,"KEYED PROCESS, Train->Infer, _stream_key_by_map_operator",0,idleTimeMsPerSecond,451.0
1784195890,2,"KEYED PROCESS, Train->Infer, _stream_key_by_map_operator",0,numRecordsOut,63635.0
1784195890,2,"KEYED PROCESS, Train->Infer, _stream_key_by_map_operator",0,numRecordsIn,263.0
1784195890,2,"KEYED PROCESS, Train->Infer, _stream_key_by_map_operator",0,numRecordsInPerSecond,0.15
1784195890,2,"KEYED PROCESS, Train->Infer, _stream_key_by_map_operator",0,backPressuredTimeMsPerSecond,0.0
1784195890,2,"KEYED PROCESS, Train->Infer, _stream_key_by_map_operator",1,busyTimeMsPerSecond,456.0
1784195890,2,"KEYED PROCESS, Train->Infer, _stream_key_by_map_operator",1,numRecordsOutPerSecond,58.333333333333336
1784195890,2,"KEYED PROCESS, Train->Infer, _stream_key_by_map_operator",1,idleTimeMsPerSecond,32.0
1784195890,2,"KEYED PROCESS, Train->Infer, _stream_key_by_map_operator",1,numRecordsOut,63605.0
1784195890,2,"KEYED PROCESS, Train->Infer, _stream_key_by_map_operator",1,numRecordsIn,233.0
1784195890,2,"KEYED PROCESS, Train->Infer, _stream_key_by_map_operator",1,numRecordsInPerSecond,0.1
1784195890,2,"KEYED PROCESS, Train->Infer, _stream_key_by_map_operator",1,backPressuredTimeMsPerSecond,512.0
1784195890,2,"Infer->Rank, Rank->Filter, Filter -> Sink: Writer -> Sink: Committer",0,busyTimeMsPerSecond,1000.0
1784195890,2,"Infer->Rank, Rank->Filter, Filter -> Sink: Writer -> Sink: Committer",0,numRecordsOutPerSecond,49.0
1784195890,2,"Infer->Rank, Rank->Filter, Filter -> Sink: Writer -> Sink: Committer",0,idleTimeMsPerSecond,0.0
1784195890,2,"Infer->Rank, Rank->Filter, Filter -> Sink: Writer -> Sink: Committer",0,numRecordsOut,59190.0
1784195890,2,"Infer->Rank, Rank->Filter, Filter -> Sink: Writer -> Sink: Committer",0,numRecordsIn,62339.0
1784195890,2,"Infer->Rank, Rank->Filter, Filter -> Sink: Writer -> Sink: Committer",0,numRecordsInPerSecond,65.55
1784195890,2,"Infer->Rank, Rank->Filter, Filter -> Sink: Writer -> Sink: Committer",0,backPressuredTimeMsPerSecond,0.0
1784195890,2,"Infer->Rank, Rank->Filter, Filter -> Sink: Writer -> Sink: Committer",1,busyTimeMsPerSecond,1000.0
1784195890,2,"Infer->Rank, Rank->Filter, Filter -> Sink: Writer -> Sink: Committer",1,numRecordsOutPerSecond,56.166666666666664
1784195890,2,"Infer->Rank, Rank->Filter, Filter -> Sink: Writer -> Sink: Committer",1,idleTimeMsPerSecond,0.0
1784195890,2,"Infer->Rank, Rank->Filter, Filter -> Sink: Writer -> Sink: Committer",1,numRecordsOut,60500.0
1784195890,2,"Infer->Rank, Rank->Filter, Filter -> Sink: Writer -> Sink: Committer",1,numRecordsIn,61628.0
1784195890,2,"Infer->Rank, Rank->Filter, Filter -> Sink: Writer -> Sink: Committer",1,numRecordsInPerSecond,64.46666666666667
1784195890,2,"Infer->Rank, Rank->Filter, Filter -> Sink: Writer -> Sink: Committer",1,backPressuredTimeMsPerSecond,0.0
1784195905,2,"Source: Source-data -> LoadJSON, Parse, _stream_key_by_map_operator",0,busyTimeMsPerSecond,0.0
1784195905,2,"Source: Source-data -> LoadJSON, Parse, _stream_key_by_map_operator",0,numRecordsOutPerSecond,0.0
1784195905,2,"Source: Source-data -> LoadJSON, Parse, _stream_key_by_map_operator",0,idleTimeMsPerSecond,0.0
1784195905,2,"Source: Source-data -> LoadJSON, Parse, _stream_key_by_map_operator",0,numRecordsOut,4242.0
1784195905,2,"Source: Source-data -> LoadJSON, Parse, _stream_key_by_map_operator",0,numRecordsIn,4242.0
1784195905,2,"Source: Source-data -> LoadJSON, Parse, _stream_key_by_map_operator",0,numRecordsInPerSecond,0.0
1784195905,2,"Source: Source-data -> LoadJSON, Parse, _stream_key_by_map_operator",0,backPressuredTimeMsPerSecond,1000.0
1784195905,2,"Source: Source-data -> LoadJSON, Parse, _stream_key_by_map_operator",1,busyTimeMsPerSecond,0.0
1784195905,2,"Source: Source-data -> LoadJSON, Parse, _stream_key_by_map_operator",1,numRecordsOutPerSecond,0.0
1784195905,2,"Source: Source-data -> LoadJSON, Parse, _stream_key_by_map_operator",1,idleTimeMsPerSecond,0.0
1784195905,2,"Source: Source-data -> LoadJSON, Parse, _stream_key_by_map_operator",1,numRecordsOut,4310.0
1784195905,2,"Source: Source-data -> LoadJSON, Parse, _stream_key_by_map_operator",1,numRecordsIn,4310.0
1784195905,2,"Source: Source-data -> LoadJSON, Parse, _stream_key_by_map_operator",1,numRecordsInPerSecond,0.0
1784195905,2,"Source: Source-data -> LoadJSON, Parse, _stream_key_by_map_operator",1,backPressuredTimeMsPerSecond,1000.0
1784195905,2,"KEYED PROCESS, Parse->Train, _stream_key_by_map_operator",0,busyTimeMsPerSecond,324.0
1784195905,2,"KEYED PROCESS, Parse->Train, _stream_key_by_map_operator",0,numRecordsOutPerSecond,0.13333333333333333
1784195905,2,"KEYED PROCESS, Parse->Train, _stream_key_by_map_operator",0,idleTimeMsPerSecond,0.0
1784195905,2,"KEYED PROCESS, Parse->Train, _stream_key_by_map_operator",0,numRecordsOut,262.0
1784195905,2,"KEYED PROCESS, Parse->Train, _stream_key_by_map_operator",0,numRecordsIn,263.0
1784195905,2,"KEYED PROCESS, Parse->Train, _stream_key_by_map_operator",0,numRecordsInPerSecond,0.13333333333333333
1784195905,2,"KEYED PROCESS, Parse->Train, _stream_key_by_map_operator",0,backPressuredTimeMsPerSecond,676.0
1784195905,2,"KEYED PROCESS, Parse->Train, _stream_key_by_map_operator",1,busyTimeMsPerSecond,377.0
1784195905,2,"KEYED PROCESS, Parse->Train, _stream_key_by_map_operator",1,numRecordsOutPerSecond,0.15
1784195905,2,"KEYED PROCESS, Parse->Train, _stream_key_by_map_operator",1,idleTimeMsPerSecond,0.0
1784195905,2,"KEYED PROCESS, Parse->Train, _stream_key_by_map_operator",1,numRecordsOut,239.0
1784195905,2,"KEYED PROCESS, Parse->Train, _stream_key_by_map_operator",1,numRecordsIn,240.0
1784195905,2,"KEYED PROCESS, Parse->Train, _stream_key_by_map_operator",1,numRecordsInPerSecond,0.15
1784195905,2,"KEYED PROCESS, Parse->Train, _stream_key_by_map_operator",1,backPressuredTimeMsPerSecond,623.0
1784195905,2,"KEYED PROCESS, Train->Infer, _stream_key_by_map_operator",0,busyTimeMsPerSecond,589.0
1784195905,2,"KEYED PROCESS, Train->Infer, _stream_key_by_map_operator",0,numRecordsOutPerSecond,83.33333333333333
1784195905,2,"KEYED PROCESS, Train->Infer, _stream_key_by_map_operator",0,idleTimeMsPerSecond,411.0
1784195905,2,"KEYED PROCESS, Train->Infer, _stream_key_by_map_operator",0,numRecordsOut,64635.0
1784195905,2,"KEYED PROCESS, Train->Infer, _stream_key_by_map_operator",0,numRecordsIn,265.0
1784195905,2,"KEYED PROCESS, Train->Infer, _stream_key_by_map_operator",0,numRecordsInPerSecond,0.15
1784195905,2,"KEYED PROCESS, Train->Infer, _stream_key_by_map_operator",0,backPressuredTimeMsPerSecond,0.0
1784195905,2,"KEYED PROCESS, Train->Infer, _stream_key_by_map_operator",1,busyTimeMsPerSecond,475.0
1784195905,2,"KEYED PROCESS, Train->Infer, _stream_key_by_map_operator",1,numRecordsOutPerSecond,58.333333333333336
1784195905,2,"KEYED PROCESS, Train->Infer, _stream_key_by_map_operator",1,idleTimeMsPerSecond,32.0
1784195905,2,"KEYED PROCESS, Train->Infer, _stream_key_by_map_operator",1,numRecordsOut,64605.0
1784195905,2,"KEYED PROCESS, Train->Infer, _stream_key_by_map_operator",1,numRecordsIn,235.0
1784195905,2,"KEYED PROCESS, Train->Infer, _stream_key_by_map_operator",1,numRecordsInPerSecond,0.13333333333333333
1784195905,2,"KEYED PROCESS, Train->Infer, _stream_key_by_map_operator",1,backPressuredTimeMsPerSecond,493.0
1784195905,2,"Infer->Rank, Rank->Filter, Filter -> Sink: Writer -> Sink: Committer",0,busyTimeMsPerSecond,1000.0
1784195905,2,"Infer->Rank, Rank->Filter, Filter -> Sink: Writer -> Sink: Committer",0,numRecordsOutPerSecond,49.0
1784195905,2,"Infer->Rank, Rank->Filter, Filter -> Sink: Writer -> Sink: Committer",0,idleTimeMsPerSecond,0.0
1784195905,2,"Infer->Rank, Rank->Filter, Filter -> Sink: Writer -> Sink: Committer",0,numRecordsOut,59190.0
1784195905,2,"Infer->Rank, Rank->Filter, Filter -> Sink: Writer -> Sink: Committer",0,numRecordsIn,62339.0
1784195905,2,"Infer->Rank, Rank->Filter, Filter -> Sink: Writer -> Sink: Committer",0,numRecordsInPerSecond,65.55
1784195905,2,"Infer->Rank, Rank->Filter, Filter -> Sink: Writer -> Sink: Committer",0,backPressuredTimeMsPerSecond,0.0
1784195905,2,"Infer->Rank, Rank->Filter, Filter -> Sink: Writer -> Sink: Committer",1,busyTimeMsPerSecond,1000.0
1784195905,2,"Infer->Rank, Rank->Filter, Filter -> Sink: Writer -> Sink: Committer",1,numRecordsOutPerSecond,56.166666666666664
1784195905,2,"Infer->Rank, Rank->Filter, Filter -> Sink: Writer -> Sink: Committer",1,idleTimeMsPerSecond,0.0
1784195905,2,"Infer->Rank, Rank->Filter, Filter -> Sink: Writer -> Sink: Committer",1,numRecordsOut,60500.0
1784195905,2,"Infer->Rank, Rank->Filter, Filter -> Sink: Writer -> Sink: Committer",1,numRecordsIn,61628.0
1784195905,2,"Infer->Rank, Rank->Filter, Filter -> Sink: Writer -> Sink: Committer",1,numRecordsInPerSecond,64.46666666666667
1784195905,2,"Infer->Rank, Rank->Filter, Filter -> Sink: Writer -> Sink: Committer",1,backPressuredTimeMsPerSecond,0.0
1784195920,2,"Source: Source-data -> LoadJSON, Parse, _stream_key_by_map_operator",0,busyTimeMsPerSecond,0.0
1784195920,2,"Source: Source-data -> LoadJSON, Parse, _stream_key_by_map_operator",0,numRecordsOutPerSecond,0.0
1784195920,2,"Source: Source-data -> LoadJSON, Parse, _stream_key_by_map_operator",0,idleTimeMsPerSecond,0.0
1784195920,2,"Source: Source-data -> LoadJSON, Parse, _stream_key_by_map_operator",0,numRecordsOut,4242.0
1784195920,2,"Source: Source-data -> LoadJSON, Parse, _stream_key_by_map_operator",0,numRecordsIn,4242.0
1784195920,2,"Source: Source-data -> LoadJSON, Parse, _stream_key_by_map_operator",0,numRecordsInPerSecond,0.0
1784195920,2,"Source: Source-data -> LoadJSON, Parse, _stream_key_by_map_operator",0,backPressuredTimeMsPerSecond,1000.0
1784195920,2,"Source: Source-data -> LoadJSON, Parse, _stream_key_by_map_operator",1,busyTimeMsPerSecond,0.0
1784195920,2,"Source: Source-data -> LoadJSON, Parse, _stream_key_by_map_operator",1,numRecordsOutPerSecond,0.0
1784195920,2,"Source: Source-data -> LoadJSON, Parse, _stream_key_by_map_operator",1,idleTimeMsPerSecond,0.0
1784195920,2,"Source: Source-data -> LoadJSON, Parse, _stream_key_by_map_operator",1,numRecordsOut,4310.0
1784195920,2,"Source: Source-data -> LoadJSON, Parse, _stream_key_by_map_operator",1,numRecordsIn,4310.0
1784195920,2,"Source: Source-data -> LoadJSON, Parse, _stream_key_by_map_operator",1,numRecordsInPerSecond,0.0
1784195920,2,"Source: Source-data -> LoadJSON, Parse, _stream_key_by_map_operator",1,backPressuredTimeMsPerSecond,1000.0
1784195920,2,"KEYED PROCESS, Parse->Train, _stream_key_by_map_operator",0,busyTimeMsPerSecond,462.0
1784195920,2,"KEYED PROCESS, Parse->Train, _stream_key_by_map_operator",0,numRecordsOutPerSecond,0.16666666666666666
1784195920,2,"KEYED PROCESS, Parse->Train, _stream_key_by_map_operator",0,idleTimeMsPerSecond,0.0
1784195920,2,"KEYED PROCESS, Parse->Train, _stream_key_by_map_operator",0,numRecordsOut,264.0
1784195920,2,"KEYED PROCESS, Parse->Train, _stream_key_by_map_operator",0,numRecordsIn,265.0
1784195920,2,"KEYED PROCESS, Parse->Train, _stream_key_by_map_operator",0,numRecordsInPerSecond,0.16666666666666666
1784195920,2,"KEYED PROCESS, Parse->Train, _stream_key_by_map_operator",0,backPressuredTimeMsPerSecond,538.0
1784195920,2,"KEYED PROCESS, Parse->Train, _stream_key_by_map_operator",1,busyTimeMsPerSecond,314.0
1784195920,2,"KEYED PROCESS, Parse->Train, _stream_key_by_map_operator",1,numRecordsOutPerSecond,0.1
1784195920,2,"KEYED PROCESS, Parse->Train, _stream_key_by_map_operator",1,idleTimeMsPerSecond,0.0
1784195920,2,"KEYED PROCESS, Parse->Train, _stream_key_by_map_operator",1,numRecordsOut,240.0
1784195920,2,"KEYED PROCESS, Parse->Train, _stream_key_by_map_operator",1,numRecordsIn,241.0
1784195920,2,"KEYED PROCESS, Parse->Train, _stream_key_by_map_operator",1,numRecordsInPerSecond,0.1
1784195920,2,"KEYED PROCESS, Parse->Train, _stream_key_by_map_operator",1,backPressuredTimeMsPerSecond,686.0
1784195920,2,"KEYED PROCESS, Train->Infer, _stream_key_by_map_operator",0,busyTimeMsPerSecond,532.0
1784195920,2,"KEYED PROCESS, Train->Infer, _stream_key_by_map_operator",0,numRecordsOutPerSecond,58.333333333333336
1784195920,2,"KEYED PROCESS, Train->Infer, _stream_key_by_map_operator",0,idleTimeMsPerSecond,468.0
1784195920,2,"KEYED PROCESS, Train->Infer, _stream_key_by_map_operator",0,numRecordsOut,65135.0
1784195920,2,"KEYED PROCESS, Train->Infer, _stream_key_by_map_operator",0,numRecordsIn,266.0
1784195920,2,"KEYED PROCESS, Train->Infer, _stream_key_by_map_operator",0,numRecordsInPerSecond,0.13333333333333333
1784195920,2,"KEYED PROCESS, Train->Infer, _stream_key_by_map_operator",0,backPressuredTimeMsPerSecond,0.0
1784195920,2,"KEYED PROCESS, Train->Infer, _stream_key_by_map_operator",1,busyTimeMsPerSecond,569.0
1784195920,2,"KEYED PROCESS, Train->Infer, _stream_key_by_map_operator",1,numRecordsOutPerSecond,66.66666666666667
1784195920,2,"KEYED PROCESS, Train->Infer, _stream_key_by_map_operator",1,idleTimeMsPerSecond,32.0
1784195920,2,"KEYED PROCESS, Train->Infer, _stream_key_by_map_operator",1,numRecordsOut,66105.0
1784195920,2,"KEYED PROCESS, Train->Infer, _stream_key_by_map_operator",1,numRecordsIn,237.0
1784195920,2,"KEYED PROCESS, Train->Infer, _stream_key_by_map_operator",1,numRecordsInPerSecond,0.13333333333333333
1784195920,2,"KEYED PROCESS, Train->Infer, _stream_key_by_map_operator",1,backPressuredTimeMsPerSecond,399.0
1784195920,2,"Infer->Rank, Rank->Filter, Filter -> Sink: Writer -> Sink: Committer",0,busyTimeMsPerSecond,1000.0
1784195920,2,"Infer->Rank, Rank->Filter, Filter -> Sink: Writer -> Sink: Committer",0,numRecordsOutPerSecond,42.666666666666664
1784195920,2,"Infer->Rank, Rank->Filter, Filter -> Sink: Writer -> Sink: Committer",0,idleTimeMsPerSecond,0.0
1784195920,2,"Infer->Rank, Rank->Filter, Filter -> Sink: Writer -> Sink: Committer",0,numRecordsOut,59640.0
1784195920,2,"Infer->Rank, Rank->Filter, Filter -> Sink: Writer -> Sink: Committer",0,numRecordsIn,63290.0
1784195920,2,"Infer->Rank, Rank->Filter, Filter -> Sink: Writer -> Sink: Committer",0,numRecordsInPerSecond,63.03333333333333
1784195920,2,"Infer->Rank, Rank->Filter, Filter -> Sink: Writer -> Sink: Committer",0,backPressuredTimeMsPerSecond,0.0
1784195920,2,"Infer->Rank, Rank->Filter, Filter -> Sink: Writer -> Sink: Committer",1,busyTimeMsPerSecond,1000.0
1784195920,2,"Infer->Rank, Rank->Filter, Filter -> Sink: Writer -> Sink: Committer",1,numRecordsOutPerSecond,63.333333333333336
1784195920,2,"Infer->Rank, Rank->Filter, Filter -> Sink: Writer -> Sink: Committer",1,idleTimeMsPerSecond,0.0
1784195920,2,"Infer->Rank, Rank->Filter, Filter -> Sink: Writer -> Sink: Committer",1,numRecordsOut,62330.0
1784195920,2,"Infer->Rank, Rank->Filter, Filter -> Sink: Writer -> Sink: Committer",1,numRecordsIn,63460.0
1784195920,2,"Infer->Rank, Rank->Filter, Filter -> Sink: Writer -> Sink: Committer",1,numRecordsInPerSecond,65.18333333333334
1784195920,2,"Infer->Rank, Rank->Filter, Filter -> Sink: Writer -> Sink: Committer",1,backPressuredTimeMsPerSecond,0.0
1784195935,2,"Source: Source-data -> LoadJSON, Parse, _stream_key_by_map_operator",0,busyTimeMsPerSecond,1.0
1784195935,2,"Source: Source-data -> LoadJSON, Parse, _stream_key_by_map_operator",0,numRecordsOutPerSecond,0.0
1784195935,2,"Source: Source-data -> LoadJSON, Parse, _stream_key_by_map_operator",0,idleTimeMsPerSecond,0.0
1784195935,2,"Source: Source-data -> LoadJSON, Parse, _stream_key_by_map_operator",0,numRecordsOut,4242.0
1784195935,2,"Source: Source-data -> LoadJSON, Parse, _stream_key_by_map_operator",0,numRecordsIn,4242.0
1784195935,2,"Source: Source-data -> LoadJSON, Parse, _stream_key_by_map_operator",0,numRecordsInPerSecond,0.0
1784195935,2,"Source: Source-data -> LoadJSON, Parse, _stream_key_by_map_operator",0,backPressuredTimeMsPerSecond,999.0
1784195935,2,"Source: Source-data -> LoadJSON, Parse, _stream_key_by_map_operator",1,busyTimeMsPerSecond,0.0
1784195935,2,"Source: Source-data -> LoadJSON, Parse, _stream_key_by_map_operator",1,numRecordsOutPerSecond,0.0
1784195935,2,"Source: Source-data -> LoadJSON, Parse, _stream_key_by_map_operator",1,idleTimeMsPerSecond,0.0
1784195935,2,"Source: Source-data -> LoadJSON, Parse, _stream_key_by_map_operator",1,numRecordsOut,4310.0
1784195935,2,"Source: Source-data -> LoadJSON, Parse, _stream_key_by_map_operator",1,numRecordsIn,4310.0
1784195935,2,"Source: Source-data -> LoadJSON, Parse, _stream_key_by_map_operator",1,numRecordsInPerSecond,0.0
1784195935,2,"Source: Source-data -> LoadJSON, Parse, _stream_key_by_map_operator",1,backPressuredTimeMsPerSecond,1000.0
1784195935,2,"KEYED PROCESS, Parse->Train, _stream_key_by_map_operator",0,busyTimeMsPerSecond,416.0
1784195935,2,"KEYED PROCESS, Parse->Train, _stream_key_by_map_operator",0,numRecordsOutPerSecond,0.15
1784195935,2,"KEYED PROCESS, Parse->Train, _stream_key_by_map_operator",0,idleTimeMsPerSecond,0.0
1784195935,2,"KEYED PROCESS, Parse->Train, _stream_key_by_map_operator",0,numRecordsOut,265.0
1784195935,2,"KEYED PROCESS, Parse->Train, _stream_key_by_map_operator",0,numRecordsIn,266.0
1784195935,2,"KEYED PROCESS, Parse->Train, _stream_key_by_map_operator",0,numRecordsInPerSecond,0.15
1784195935,2,"KEYED PROCESS, Parse->Train, _stream_key_by_map_operator",0,backPressuredTimeMsPerSecond,584.0
1784195935,2,"KEYED PROCESS, Parse->Train, _stream_key_by_map_operator",1,busyTimeMsPerSecond,358.0
1784195935,2,"KEYED PROCESS, Parse->Train, _stream_key_by_map_operator",1,numRecordsOutPerSecond,0.13333333333333333
1784195935,2,"KEYED PROCESS, Parse->Train, _stream_key_by_map_operator",1,idleTimeMsPerSecond,0.0
1784195935,2,"KEYED PROCESS, Parse->Train, _stream_key_by_map_operator",1,numRecordsOut,244.0
1784195935,2,"KEYED PROCESS, Parse->Train, _stream_key_by_map_operator",1,numRecordsIn,245.0
1784195935,2,"KEYED PROCESS, Parse->Train, _stream_key_by_map_operator",1,numRecordsInPerSecond,0.13333333333333333
1784195935,2,"KEYED PROCESS, Parse->Train, _stream_key_by_map_operator",1,backPressuredTimeMsPerSecond,642.0
1784195935,2,"KEYED PROCESS, Train->Infer, _stream_key_by_map_operator",0,busyTimeMsPerSecond,674.0
1784195935,2,"KEYED PROCESS, Train->Infer, _stream_key_by_map_operator",0,numRecordsOutPerSecond,83.33333333333333
1784195935,2,"KEYED PROCESS, Train->Infer, _stream_key_by_map_operator",0,idleTimeMsPerSecond,326.0
1784195935,2,"KEYED PROCESS, Train->Infer, _stream_key_by_map_operator",0,numRecordsOut,66635.0
1784195935,2,"KEYED PROCESS, Train->Infer, _stream_key_by_map_operator",0,numRecordsIn,269.0
1784195935,2,"KEYED PROCESS, Train->Infer, _stream_key_by_map_operator",0,numRecordsInPerSecond,0.15
1784195935,2,"KEYED PROCESS, Train->Infer, _stream_key_by_map_operator",0,backPressuredTimeMsPerSecond,0.0
1784195935,2,"KEYED PROCESS, Train->Infer, _stream_key_by_map_operator",1,busyTimeMsPerSecond,505.0
1784195935,2,"KEYED PROCESS, Train->Infer, _stream_key_by_map_operator",1,numRecordsOutPerSecond,66.66666666666667
1784195935,2,"KEYED PROCESS, Train->Infer, _stream_key_by_map_operator",1,idleTimeMsPerSecond,32.0
1784195935,2,"KEYED PROCESS, Train->Infer, _stream_key_by_map_operator",1,numRecordsOut,66605.0
1784195935,2,"KEYED PROCESS, Train->Infer, _stream_key_by_map_operator",1,numRecordsIn,239.0
1784195935,2,"KEYED PROCESS, Train->Infer, _stream_key_by_map_operator",1,numRecordsInPerSecond,0.13333333333333333
1784195935,2,"KEYED PROCESS, Train->Infer, _stream_key_by_map_operator",1,backPressuredTimeMsPerSecond,463.0
1784195935,2,"Infer->Rank, Rank->Filter, Filter -> Sink: Writer -> Sink: Committer",0,busyTimeMsPerSecond,1000.0
1784195935,2,"Infer->Rank, Rank->Filter, Filter -> Sink: Writer -> Sink: Committer",0,numRecordsOutPerSecond,41.666666666666664
1784195935,2,"Infer->Rank, Rank->Filter, Filter -> Sink: Writer -> Sink: Committer",0,idleTimeMsPerSecond,0.0
1784195935,2,"Infer->Rank, Rank->Filter, Filter -> Sink: Writer -> Sink: Committer",0,numRecordsOut,60490.0
1784195935,2,"Infer->Rank, Rank->Filter, Filter -> Sink: Writer -> Sink: Committer",0,numRecordsIn,64499.0
1784195935,2,"Infer->Rank, Rank->Filter, Filter -> Sink: Writer -> Sink: Committer",0,numRecordsInPerSecond,57.733333333333334
1784195935,2,"Infer->Rank, Rank->Filter, Filter -> Sink: Writer -> Sink: Committer",0,backPressuredTimeMsPerSecond,0.0
1784195935,2,"Infer->Rank, Rank->Filter, Filter -> Sink: Writer -> Sink: Committer",1,busyTimeMsPerSecond,1000.0
1784195935,2,"Infer->Rank, Rank->Filter, Filter -> Sink: Writer -> Sink: Committer",1,numRecordsOutPerSecond,63.333333333333336
1784195935,2,"Infer->Rank, Rank->Filter, Filter -> Sink: Writer -> Sink: Committer",1,idleTimeMsPerSecond,0.0
1784195935,2,"Infer->Rank, Rank->Filter, Filter -> Sink: Writer -> Sink: Committer",1,numRecordsOut,62330.0
1784195935,2,"Infer->Rank, Rank->Filter, Filter -> Sink: Writer -> Sink: Committer",1,numRecordsIn,63460.0
1784195935,2,"Infer->Rank, Rank->Filter, Filter -> Sink: Writer -> Sink: Committer",1,numRecordsInPerSecond,65.18333333333334
1784195935,2,"Infer->Rank, Rank->Filter, Filter -> Sink: Writer -> Sink: Committer",1,backPressuredTimeMsPerSecond,0.0
