ts,parallelism,vertex,subtask,metric,value
1784197825,8,"Source: Source-data -> LoadJSON, Parse, _stream_key_by_map_operator",0,busyTimeMsPerSecond,0.0
1784197825,8,"Source: Source-data -> LoadJSON, Parse, _stream_key_by_map_operator",0,numRecordsOutPerSecond,0.0
1784197825,8,"Source: Source-data -> LoadJSON, Parse, _stream_key_by_map_operator",0,idleTimeMsPerSecond,1000.0
1784197825,8,"Source: Source-data -> LoadJSON, Parse, _stream_key_by_map_operator",0,numRecordsOut,6125.0
1784197825,8,"Source: Source-data -> LoadJSON, Parse, _stream_key_by_map_operator",0,numRecordsIn,6125.0
1784197825,8,"Source: Source-data -> LoadJSON, Parse, _stream_key_by_map_operator",0,numRecordsInPerSecond,0.0
1784197825,8,"Source: Source-data -> LoadJSON, Parse, _stream_key_by_map_operator",0,backPressuredTimeMsPerSecond,0.0
1784197825,8,"Source: Source-data -> LoadJSON, Parse, _stream_key_by_map_operator",1,busyTimeMsPerSecond,1.0
1784197825,8,"Source: Source-data -> LoadJSON, Parse, _stream_key_by_map_operator",1,numRecordsOutPerSecond,0.03333333333333333
1784197825,8,"Source: Source-data -> LoadJSON, Parse, _stream_key_by_map_operator",1,idleTimeMsPerSecond,999.0
1784197825,8,"Source: Source-data -> LoadJSON, Parse, _stream_key_by_map_operator",1,numRecordsOut,6019.0
1784197825,8,"Source: Source-data -> LoadJSON, Parse, _stream_key_by_map_operator",1,numRecordsIn,6019.0
1784197825,8,"Source: Source-data -> LoadJSON, Parse, _stream_key_by_map_operator",1,numRecordsInPerSecond,0.03333333333333333
1784197825,8,"Source: Source-data -> LoadJSON, Parse, _stream_key_by_map_operator",1,backPressuredTimeMsPerSecond,0.0
1784197825,8,"Source: Source-data -> LoadJSON, Parse, _stream_key_by_map_operator",2,busyTimeMsPerSecond,1.0
1784197825,8,"Source: Source-data -> LoadJSON, Parse, _stream_key_by_map_operator",2,numRecordsOutPerSecond,0.016666666666666666
1784197825,8,"Source: Source-data -> LoadJSON, Parse, _stream_key_by_map_operator",2,idleTimeMsPerSecond,999.0
1784197825,8,"Source: Source-data -> LoadJSON, Parse, _stream_key_by_map_operator",2,numRecordsOut,6228.0
1784197825,8,"Source: Source-data -> LoadJSON, Parse, _stream_key_by_map_operator",2,numRecordsIn,6228.0
1784197825,8,"Source: Source-data -> LoadJSON, Parse, _stream_key_by_map_operator",2,numRecordsInPerSecond,0.016666666666666666
1784197825,8,"Source: Source-data -> LoadJSON, Parse, _stream_key_by_map_operator",2,backPressuredTimeMsPerSecond,0.0
1784197825,8,"Source: Source-data -> LoadJSON, Parse, _stream_key_by_map_operator",3,busyTimeMsPerSecond,0.0
1784197825,8,"Source: Source-data -> LoadJSON, Parse, _stream_key_by_map_operator",3,numRecordsOutPerSecond,0.0
1784197825,8,"Source: Source-data -> LoadJSON, Parse, _stream_key_by_map_operator",3,idleTimeMsPerSecond,1000.0
1784197825,8,"Source: Source-data -> LoadJSON, Parse, _stream_key_by_map_operator",3,numRecordsOut,6015.0
1784197825,8,"Source: Source-data -> LoadJSON, Parse, _stream_key_by_map_operator",3,numRecordsIn,6015.0
1784197825,8,"Source: Source-data -> LoadJSON, Parse, _stream_key_by_map_operator",3,numRecordsInPerSecond,0.0
1784197825,8,"Source: Source-data -> LoadJSON, Parse, _stream_key_by_map_operator",3,backPressuredTimeMsPerSecond,0.0
1784197825,8,"Source: Source-data -> LoadJSON, Parse, _stream_key_by_map_operator",4,busyTimeMsPerSecond,4.0
1784197825,8,"Source: Source-data -> LoadJSON, Parse, _stream_key_by_map_operator",4,numRecordsOutPerSecond,0.016666666666666666
1784197825,8,"Source: Source-data -> LoadJSON, Parse, _stream_key_by_map_operator",4,idleTimeMsPerSecond,996.0
1784197825,8,"Source: Source-data -> LoadJSON, Parse, _stream_key_by_map_operator",4,numRecordsOut,6065.0
1784197825,8,"Source: Source-data -> LoadJSON, Parse, _stream_key_by_map_operator",4,numRecordsIn,6065.0
1784197825,8,"Source: Source-data -> LoadJSON, Parse, _stream_key_by_map_operator",4,numRecordsInPerSecond,0.016666666666666666
1784197825,8,"Source: Source-data -> LoadJSON, Parse, _stream_key_by_map_operator",4,backPressuredTimeMsPerSecond,0.0
1784197825,8,"Source: Source-data -> LoadJSON, Parse, _stream_key_by_map_operator",5,busyTimeMsPerSecond,0.0
1784197825,8,"Source: Source-data -> LoadJSON, Parse, _stream_key_by_map_operator",5,numRecordsOutPerSecond,0.0
1784197825,8,"Source: Source-data -> LoadJSON, Parse, _stream_key_by_map_operator",5,idleTimeMsPerSecond,1000.0
1784197825,8,"Source: Source-data -> LoadJSON, Parse, _stream_key_by_map_operator",5,numRecordsOut,6097.0
1784197825,8,"Source: Source-data -> LoadJSON, Parse, _stream_key_by_map_operator",5,numRecordsIn,6097.0
1784197825,8,"Source: Source-data -> LoadJSON, Parse, _stream_key_by_map_operator",5,numRecordsInPerSecond,0.0
1784197825,8,"Source: Source-data -> LoadJSON, Parse, _stream_key_by_map_operator",5,backPressuredTimeMsPerSecond,0.0
1784197825,8,"Source: Source-data -> LoadJSON, Parse, _stream_key_by_map_operator",6,busyTimeMsPerSecond,0.0
1784197825,8,"Source: Source-data -> LoadJSON, Parse, _stream_key_by_map_operator",6,numRecordsOutPerSecond,0.0
1784197825,8,"Source: Source-data -> LoadJSON, Parse, _stream_key_by_map_operator",6,idleTimeMsPerSecond,1000.0
1784197825,8,"Source: Source-data -> LoadJSON, Parse, _stream_key_by_map_operator",6,numRecordsOut,6054.0
1784197825,8,"Source: Source-data -> LoadJSON, Parse, _stream_key_by_map_operator",6,numRecordsIn,6054.0
1784197825,8,"Source: Source-data -> LoadJSON, Parse, _stream_key_by_map_operator",6,numRecordsInPerSecond,0.0
1784197825,8,"Source: Source-data -> LoadJSON, Parse, _stream_key_by_map_operator",6,backPressuredTimeMsPerSecond,0.0
1784197825,8,"Source: Source-data -> LoadJSON, Parse, _stream_key_by_map_operator",7,busyTimeMsPerSecond,2.0
1784197825,8,"Source: Source-data -> LoadJSON, Parse, _stream_key_by_map_operator",7,numRecordsOutPerSecond,0.03333333333333333
1784197825,8,"Source: Source-data -> LoadJSON, Parse, _stream_key_by_map_operator",7,idleTimeMsPerSecond,998.0
1784197825,8,"Source: Source-data -> LoadJSON, Parse, _stream_key_by_map_operator",7,numRecordsOut,5964.0
1784197825,8,"Source: Source-data -> LoadJSON, Parse, _stream_key_by_map_operator",7,numRecordsIn,5964.0
1784197825,8,"Source: Source-data -> LoadJSON, Parse, _stream_key_by_map_operator",7,numRecordsInPerSecond,0.03333333333333333
1784197825,8,"Source: Source-data -> LoadJSON, Parse, _stream_key_by_map_operator",7,backPressuredTimeMsPerSecond,0.0
1784197825,8,"KEYED PROCESS, Parse->Train, _stream_key_by_map_operator",0,busyTimeMsPerSecond,527.0
1784197825,8,"KEYED PROCESS, Parse->Train, _stream_key_by_map_operator",0,numRecordsOutPerSecond,0.13333333333333333
1784197825,8,"KEYED PROCESS, Parse->Train, _stream_key_by_map_operator",0,idleTimeMsPerSecond,0.0
1784197825,8,"KEYED PROCESS, Parse->Train, _stream_key_by_map_operator",0,numRecordsOut,106.0
1784197825,8,"KEYED PROCESS, Parse->Train, _stream_key_by_map_operator",0,numRecordsIn,107.0
1784197825,8,"KEYED PROCESS, Parse->Train, _stream_key_by_map_operator",0,numRecordsInPerSecond,0.13333333333333333
1784197825,8,"KEYED PROCESS, Parse->Train, _stream_key_by_map_operator",0,backPressuredTimeMsPerSecond,473.0
1784197825,8,"KEYED PROCESS, Parse->Train, _stream_key_by_map_operator",1,busyTimeMsPerSecond,479.0
1784197825,8,"KEYED PROCESS, Parse->Train, _stream_key_by_map_operator",1,numRecordsOutPerSecond,0.15
1784197825,8,"KEYED PROCESS, Parse->Train, _stream_key_by_map_operator",1,idleTimeMsPerSecond,0.0
1784197825,8,"KEYED PROCESS, Parse->Train, _stream_key_by_map_operator",1,numRecordsOut,115.0
1784197825,8,"KEYED PROCESS, Parse->Train, _stream_key_by_map_operator",1,numRecordsIn,116.0
1784197825,8,"KEYED PROCESS, Parse->Train, _stream_key_by_map_operator",1,numRecordsInPerSecond,0.15
1784197825,8,"KEYED PROCESS, Parse->Train, _stream_key_by_map_operator",1,backPressuredTimeMsPerSecond,521.0
1784197825,8,"KEYED PROCESS, Parse->Train, _stream_key_by_map_operator",2,busyTimeMsPerSecond,847.0
1784197825,8,"KEYED PROCESS, Parse->Train, _stream_key_by_map_operator",2,numRecordsOutPerSecond,0.13333333333333333
1784197825,8,"KEYED PROCESS, Parse->Train, _stream_key_by_map_operator",2,idleTimeMsPerSecond,0.0
1784197825,8,"KEYED PROCESS, Parse->Train, _stream_key_by_map_operator",2,numRecordsOut,62.0
1784197825,8,"KEYED PROCESS, Parse->Train, _stream_key_by_map_operator",2,numRecordsIn,63.0
1784197825,8,"KEYED PROCESS, Parse->Train, _stream_key_by_map_operator",2,numRecordsInPerSecond,0.13333333333333333
1784197825,8,"KEYED PROCESS, Parse->Train, _stream_key_by_map_operator",2,backPressuredTimeMsPerSecond,153.0
1784197825,8,"KEYED PROCESS, Parse->Train, _stream_key_by_map_operator",3,busyTimeMsPerSecond,0.0
1784197825,8,"KEYED PROCESS, Parse->Train, _stream_key_by_map_operator",3,numRecordsOutPerSecond,0.0
1784197825,8,"KEYED PROCESS, Parse->Train, _stream_key_by_map_operator",3,idleTimeMsPerSecond,1000.0
1784197825,8,"KEYED PROCESS, Parse->Train, _stream_key_by_map_operator",3,numRecordsOut,0.0
1784197825,8,"KEYED PROCESS, Parse->Train, _stream_key_by_map_operator",3,numRecordsIn,0.0
1784197825,8,"KEYED PROCESS, Parse->Train, _stream_key_by_map_operator",3,numRecordsInPerSecond,0.0
1784197825,8,"KEYED PROCESS, Parse->Train, _stream_key_by_map_operator",3,backPressuredTimeMsPerSecond,0.0
1784197825,8,"KEYED PROCESS, Parse->Train, _stream_key_by_map_operator",4,busyTimeMsPerSecond,631.0
1784197825,8,"KEYED PROCESS, Parse->Train, _stream_key_by_map_operator",4,numRecordsOutPerSecond,0.16666666666666666
1784197825,8,"KEYED PROCESS, Parse->Train, _stream_key_by_map_operator",4,idleTimeMsPerSecond,0.0
1784197825,8,"KEYED PROCESS, Parse->Train, _stream_key_by_map_operator",4,numRecordsOut,131.0
1784197825,8,"KEYED PROCESS, Parse->Train, _stream_key_by_map_operator",4,numRecordsIn,132.0
1784197825,8,"KEYED PROCESS, Parse->Train, _stream_key_by_map_operator",4,numRecordsInPerSecond,0.16666666666666666
1784197825,8,"KEYED PROCESS, Parse->Train, _stream_key_by_map_operator",4,backPressuredTimeMsPerSecond,369.0
1784197825,8,"KEYED PROCESS, Parse->Train, _stream_key_by_map_operator",5,busyTimeMsPerSecond,0.0
1784197825,8,"KEYED PROCESS, Parse->Train, _stream_key_by_map_operator",5,numRecordsOutPerSecond,0.0
1784197825,8,"KEYED PROCESS, Parse->Train, _stream_key_by_map_operator",5,idleTimeMsPerSecond,1000.0
1784197825,8,"KEYED PROCESS, Parse->Train, _stream_key_by_map_operator",5,numRecordsOut,0.0
1784197825,8,"KEYED PROCESS, Parse->Train, _stream_key_by_map_operator",5,numRecordsIn,0.0
1784197825,8,"KEYED PROCESS, Parse->Train, _stream_key_by_map_operator",5,numRecordsInPerSecond,0.0
1784197825,8,"KEYED PROCESS, Parse->Train, _stream_key_by_map_operator",5,backPressuredTimeMsPerSecond,0.0
1784197825,8,"KEYED PROCESS, Parse->Train, _stream_key_by_map_operator",6,busyTimeMsPerSecond,0.0
1784197825,8,"KEYED PROCESS, Parse->Train, _stream_key_by_map_operator",6,numRecordsOutPerSecond,0.0
1784197825,8,"KEYED PROCESS, Parse->Train, _stream_key_by_map_operator",6,idleTimeMsPerSecond,1000.0
1784197825,8,"KEYED PROCESS, Parse->Train, _stream_key_by_map_operator",6,numRecordsOut,0.0
1784197825,8,"KEYED PROCESS, Parse->Train, _stream_key_by_map_operator",6,numRecordsIn,0.0
1784197825,8,"KEYED PROCESS, Parse->Train, _stream_key_by_map_operator",6,numRecordsInPerSecond,0.0
1784197825,8,"KEYED PROCESS, Parse->Train, _stream_key_by_map_operator",6,backPressuredTimeMsPerSecond,0.0
1784197825,8,"KEYED PROCESS, Parse->Train, _stream_key_by_map_operator",7,busyTimeMsPerSecond,642.0
1784197825,8,"KEYED PROCESS, Parse->Train, _stream_key_by_map_operator",7,numRecordsOutPerSecond,0.18333333333333332
1784197825,8,"KEYED PROCESS, Parse->Train, _stream_key_by_map_operator",7,idleTimeMsPerSecond,0.0
1784197825,8,"KEYED PROCESS, Parse->Train, _stream_key_by_map_operator",7,numRecordsOut,85.0
1784197825,8,"KEYED PROCESS, Parse->Train, _stream_key_by_map_operator",7,numRecordsIn,86.0
1784197825,8,"KEYED PROCESS, Parse->Train, _stream_key_by_map_operator",7,numRecordsInPerSecond,0.18333333333333332
1784197825,8,"KEYED PROCESS, Parse->Train, _stream_key_by_map_operator",7,backPressuredTimeMsPerSecond,358.0
1784197825,8,"KEYED PROCESS, Train->Infer, _stream_key_by_map_operator",0,busyTimeMsPerSecond,861.0
1784197825,8,"KEYED PROCESS, Train->Infer, _stream_key_by_map_operator",0,numRecordsOutPerSecond,66.66666666666667
1784197825,8,"KEYED PROCESS, Train->Infer, _stream_key_by_map_operator",0,idleTimeMsPerSecond,139.0
1784197825,8,"KEYED PROCESS, Train->Infer, _stream_key_by_map_operator",0,numRecordsOut,16560.0
1784197825,8,"KEYED PROCESS, Train->Infer, _stream_key_by_map_operator",0,numRecordsIn,94.0
1784197825,8,"KEYED PROCESS, Train->Infer, _stream_key_by_map_operator",0,numRecordsInPerSecond,0.13333333333333333
1784197825,8,"KEYED PROCESS, Train->Infer, _stream_key_by_map_operator",0,backPressuredTimeMsPerSecond,0.0
1784197825,8,"KEYED PROCESS, Train->Infer, _stream_key_by_map_operator",1,busyTimeMsPerSecond,370.0
1784197825,8,"KEYED PROCESS, Train->Infer, _stream_key_by_map_operator",1,numRecordsOutPerSecond,33.333333333333336
1784197825,8,"KEYED PROCESS, Train->Infer, _stream_key_by_map_operator",1,idleTimeMsPerSecond,630.0
1784197825,8,"KEYED PROCESS, Train->Infer, _stream_key_by_map_operator",1,numRecordsOut,14060.0
1784197825,8,"KEYED PROCESS, Train->Infer, _stream_key_by_map_operator",1,numRecordsIn,88.0
1784197825,8,"KEYED PROCESS, Train->Infer, _stream_key_by_map_operator",1,numRecordsInPerSecond,0.06666666666666667
1784197825,8,"KEYED PROCESS, Train->Infer, _stream_key_by_map_operator",1,backPressuredTimeMsPerSecond,0.0
1784197825,8,"KEYED PROCESS, Train->Infer, _stream_key_by_map_operator",2,busyTimeMsPerSecond,650.0
1784197825,8,"KEYED PROCESS, Train->Infer, _stream_key_by_map_operator",2,numRecordsOutPerSecond,66.66666666666667
1784197825,8,"KEYED PROCESS, Train->Infer, _stream_key_by_map_operator",2,idleTimeMsPerSecond,0.0
1784197825,8,"KEYED PROCESS, Train->Infer, _stream_key_by_map_operator",2,numRecordsOut,27015.0
1784197825,8,"KEYED PROCESS, Train->Infer, _stream_key_by_map_operator",2,numRecordsIn,70.0
1784197825,8,"KEYED PROCESS, Train->Infer, _stream_key_by_map_operator",2,numRecordsInPerSecond,0.11666666666666667
1784197825,8,"KEYED PROCESS, Train->Infer, _stream_key_by_map_operator",2,backPressuredTimeMsPerSecond,350.0
1784197825,8,"KEYED PROCESS, Train->Infer, _stream_key_by_map_operator",3,busyTimeMsPerSecond,214.0
1784197825,8,"KEYED PROCESS, Train->Infer, _stream_key_by_map_operator",3,numRecordsOutPerSecond,25.0
1784197825,8,"KEYED PROCESS, Train->Infer, _stream_key_by_map_operator",3,idleTimeMsPerSecond,786.0
1784197825,8,"KEYED PROCESS, Train->Infer, _stream_key_by_map_operator",3,numRecordsOut,27500.0
1784197825,8,"KEYED PROCESS, Train->Infer, _stream_key_by_map_operator",3,numRecordsIn,55.0
1784197825,8,"KEYED PROCESS, Train->Infer, _stream_key_by_map_operator",3,numRecordsInPerSecond,0.05
1784197825,8,"KEYED PROCESS, Train->Infer, _stream_key_by_map_operator",3,backPressuredTimeMsPerSecond,0.0
1784197825,8,"KEYED PROCESS, Train->Infer, _stream_key_by_map_operator",4,busyTimeMsPerSecond,418.0
1784197825,8,"KEYED PROCESS, Train->Infer, _stream_key_by_map_operator",4,numRecordsOutPerSecond,41.666666666666664
1784197825,8,"KEYED PROCESS, Train->Infer, _stream_key_by_map_operator",4,idleTimeMsPerSecond,582.0
1784197825,8,"KEYED PROCESS, Train->Infer, _stream_key_by_map_operator",4,numRecordsOut,19575.0
1784197825,8,"KEYED PROCESS, Train->Infer, _stream_key_by_map_operator",4,numRecordsIn,115.0
1784197825,8,"KEYED PROCESS, Train->Infer, _stream_key_by_map_operator",4,numRecordsInPerSecond,0.08333333333333333
1784197825,8,"KEYED PROCESS, Train->Infer, _stream_key_by_map_operator",4,backPressuredTimeMsPerSecond,0.0
1784197825,8,"KEYED PROCESS, Train->Infer, _stream_key_by_map_operator",5,busyTimeMsPerSecond,341.0
1784197825,8,"KEYED PROCESS, Train->Infer, _stream_key_by_map_operator",5,numRecordsOutPerSecond,41.666666666666664
1784197825,8,"KEYED PROCESS, Train->Infer, _stream_key_by_map_operator",5,idleTimeMsPerSecond,659.0
1784197825,8,"KEYED PROCESS, Train->Infer, _stream_key_by_map_operator",5,numRecordsOut,26500.0
1784197825,8,"KEYED PROCESS, Train->Infer, _stream_key_by_map_operator",5,numRecordsIn,53.0
1784197825,8,"KEYED PROCESS, Train->Infer, _stream_key_by_map_operator",5,numRecordsInPerSecond,0.06666666666666667
1784197825,8,"KEYED PROCESS, Train->Infer, _stream_key_by_map_operator",5,backPressuredTimeMsPerSecond,0.0
1784197825,8,"KEYED PROCESS, Train->Infer, _stream_key_by_map_operator",6,busyTimeMsPerSecond,266.0
1784197825,8,"KEYED PROCESS, Train->Infer, _stream_key_by_map_operator",6,numRecordsOutPerSecond,33.333333333333336
1784197825,8,"KEYED PROCESS, Train->Infer, _stream_key_by_map_operator",6,idleTimeMsPerSecond,734.0
1784197825,8,"KEYED PROCESS, Train->Infer, _stream_key_by_map_operator",6,numRecordsOut,27500.0
1784197825,8,"KEYED PROCESS, Train->Infer, _stream_key_by_map_operator",6,numRecordsIn,55.0
1784197825,8,"KEYED PROCESS, Train->Infer, _stream_key_by_map_operator",6,numRecordsInPerSecond,0.05
1784197825,8,"KEYED PROCESS, Train->Infer, _stream_key_by_map_operator",6,backPressuredTimeMsPerSecond,0.0
1784197825,8,"KEYED PROCESS, Train->Infer, _stream_key_by_map_operator",7,busyTimeMsPerSecond,626.0
1784197825,8,"KEYED PROCESS, Train->Infer, _stream_key_by_map_operator",7,numRecordsOutPerSecond,50.0
1784197825,8,"KEYED PROCESS, Train->Infer, _stream_key_by_map_operator",7,idleTimeMsPerSecond,107.0
1784197825,8,"KEYED PROCESS, Train->Infer, _stream_key_by_map_operator",7,numRecordsOut,27530.0
1784197825,8,"KEYED PROCESS, Train->Infer, _stream_key_by_map_operator",7,numRecordsIn,85.0
1784197825,8,"KEYED PROCESS, Train->Infer, _stream_key_by_map_operator",7,numRecordsInPerSecond,0.1
1784197825,8,"KEYED PROCESS, Train->Infer, _stream_key_by_map_operator",7,backPressuredTimeMsPerSecond,267.0
1784197825,8,"Infer->Rank, Rank->Filter, Filter -> Sink: Writer -> Sink: Committer",0,busyTimeMsPerSecond,1000.0
1784197825,8,"Infer->Rank, Rank->Filter, Filter -> Sink: Writer -> Sink: Committer",0,numRecordsOutPerSecond,46.0
1784197825,8,"Infer->Rank, Rank->Filter, Filter -> Sink: Writer -> Sink: Committer",0,idleTimeMsPerSecond,0.0
1784197825,8,"Infer->Rank, Rank->Filter, Filter -> Sink: Writer -> Sink: Committer",0,numRecordsOut,21634.0
1784197825,8,"Infer->Rank, Rank->Filter, Filter -> Sink: Writer -> Sink: Committer",0,numRecordsIn,24208.0
1784197825,8,"Infer->Rank, Rank->Filter, Filter -> Sink: Writer -> Sink: Committer",0,numRecordsInPerSecond,54.38333333333333
1784197825,8,"Infer->Rank, Rank->Filter, Filter -> Sink: Writer -> Sink: Committer",0,backPressuredTimeMsPerSecond,0.0
1784197825,8,"Infer->Rank, Rank->Filter, Filter -> Sink: Writer -> Sink: Committer",1,busyTimeMsPerSecond,841.0
1784197825,8,"Infer->Rank, Rank->Filter, Filter -> Sink: Writer -> Sink: Committer",1,numRecordsOutPerSecond,40.833333333333336
1784197825,8,"Infer->Rank, Rank->Filter, Filter -> Sink: Writer -> Sink: Committer",1,idleTimeMsPerSecond,159.0
1784197825,8,"Infer->Rank, Rank->Filter, Filter -> Sink: Writer -> Sink: Committer",1,numRecordsOut,21490.0
1784197825,8,"Infer->Rank, Rank->Filter, Filter -> Sink: Writer -> Sink: Committer",1,numRecordsIn,23559.0
1784197825,8,"Infer->Rank, Rank->Filter, Filter -> Sink: Writer -> Sink: Committer",1,numRecordsInPerSecond,73.86666666666666
1784197825,8,"Infer->Rank, Rank->Filter, Filter -> Sink: Writer -> Sink: Committer",1,backPressuredTimeMsPerSecond,0.0
1784197825,8,"Infer->Rank, Rank->Filter, Filter -> Sink: Writer -> Sink: Committer",2,busyTimeMsPerSecond,1000.0
1784197825,8,"Infer->Rank, Rank->Filter, Filter -> Sink: Writer -> Sink: Committer",2,numRecordsOutPerSecond,55.666666666666664
1784197825,8,"Infer->Rank, Rank->Filter, Filter -> Sink: Writer -> Sink: Committer",2,idleTimeMsPerSecond,0.0
1784197825,8,"Infer->Rank, Rank->Filter, Filter -> Sink: Writer -> Sink: Committer",2,numRecordsOut,21070.0
1784197825,8,"Infer->Rank, Rank->Filter, Filter -> Sink: Writer -> Sink: Committer",2,numRecordsIn,24094.0
1784197825,8,"Infer->Rank, Rank->Filter, Filter -> Sink: Writer -> Sink: Committer",2,numRecordsInPerSecond,62.483333333333334
1784197825,8,"Infer->Rank, Rank->Filter, Filter -> Sink: Writer -> Sink: Committer",2,backPressuredTimeMsPerSecond,0.0
1784197825,8,"Infer->Rank, Rank->Filter, Filter -> Sink: Writer -> Sink: Committer",3,busyTimeMsPerSecond,258.0
1784197825,8,"Infer->Rank, Rank->Filter, Filter -> Sink: Writer -> Sink: Committer",3,numRecordsOutPerSecond,25.0
1784197825,8,"Infer->Rank, Rank->Filter, Filter -> Sink: Writer -> Sink: Committer",3,idleTimeMsPerSecond,742.0
1784197825,8,"Infer->Rank, Rank->Filter, Filter -> Sink: Writer -> Sink: Committer",3,numRecordsOut,25000.0
1784197825,8,"Infer->Rank, Rank->Filter, Filter -> Sink: Writer -> Sink: Committer",3,numRecordsIn,27500.0
1784197825,8,"Infer->Rank, Rank->Filter, Filter -> Sink: Writer -> Sink: Committer",3,numRecordsInPerSecond,25.0
1784197825,8,"Infer->Rank, Rank->Filter, Filter -> Sink: Writer -> Sink: Committer",3,backPressuredTimeMsPerSecond,0.0
1784197825,8,"Infer->Rank, Rank->Filter, Filter -> Sink: Writer -> Sink: Committer",4,busyTimeMsPerSecond,785.0
1784197825,8,"Infer->Rank, Rank->Filter, Filter -> Sink: Writer -> Sink: Committer",4,numRecordsOutPerSecond,54.333333333333336
1784197825,8,"Infer->Rank, Rank->Filter, Filter -> Sink: Writer -> Sink: Committer",4,idleTimeMsPerSecond,215.0
1784197825,8,"Infer->Rank, Rank->Filter, Filter -> Sink: Writer -> Sink: Committer",4,numRecordsOut,18680.0
1784197825,8,"Infer->Rank, Rank->Filter, Filter -> Sink: Writer -> Sink: Committer",4,numRecordsIn,18771.0
1784197825,8,"Infer->Rank, Rank->Filter, Filter -> Sink: Writer -> Sink: Committer",4,numRecordsInPerSecond,54.333333333333336
1784197825,8,"Infer->Rank, Rank->Filter, Filter -> Sink: Writer -> Sink: Committer",4,backPressuredTimeMsPerSecond,0.0
1784197825,8,"Infer->Rank, Rank->Filter, Filter -> Sink: Writer -> Sink: Committer",5,busyTimeMsPerSecond,685.0
1784197825,8,"Infer->Rank, Rank->Filter, Filter -> Sink: Writer -> Sink: Committer",5,numRecordsOutPerSecond,58.333333333333336
1784197825,8,"Infer->Rank, Rank->Filter, Filter -> Sink: Writer -> Sink: Committer",5,idleTimeMsPerSecond,315.0
1784197825,8,"Infer->Rank, Rank->Filter, Filter -> Sink: Writer -> Sink: Committer",5,numRecordsOut,24500.0
1784197825,8,"Infer->Rank, Rank->Filter, Filter -> Sink: Writer -> Sink: Committer",5,numRecordsIn,26500.0
1784197825,8,"Infer->Rank, Rank->Filter, Filter -> Sink: Writer -> Sink: Committer",5,numRecordsInPerSecond,58.71666666666667
1784197825,8,"Infer->Rank, Rank->Filter, Filter -> Sink: Writer -> Sink: Committer",5,backPressuredTimeMsPerSecond,0.0
1784197825,8,"Infer->Rank, Rank->Filter, Filter -> Sink: Writer -> Sink: Committer",6,busyTimeMsPerSecond,338.0
1784197825,8,"Infer->Rank, Rank->Filter, Filter -> Sink: Writer -> Sink: Committer",6,numRecordsOutPerSecond,33.333333333333336
1784197825,8,"Infer->Rank, Rank->Filter, Filter -> Sink: Writer -> Sink: Committer",6,idleTimeMsPerSecond,662.0
1784197825,8,"Infer->Rank, Rank->Filter, Filter -> Sink: Writer -> Sink: Committer",6,numRecordsOut,24000.0
1784197825,8,"Infer->Rank, Rank->Filter, Filter -> Sink: Writer -> Sink: Committer",6,numRecordsIn,27500.0
1784197825,8,"Infer->Rank, Rank->Filter, Filter -> Sink: Writer -> Sink: Committer",6,numRecordsInPerSecond,33.333333333333336
1784197825,8,"Infer->Rank, Rank->Filter, Filter -> Sink: Writer -> Sink: Committer",6,backPressuredTimeMsPerSecond,0.0
1784197825,8,"Infer->Rank, Rank->Filter, Filter -> Sink: Writer -> Sink: Committer",7,busyTimeMsPerSecond,1000.0
1784197825,8,"Infer->Rank, Rank->Filter, Filter -> Sink: Writer -> Sink: Committer",7,numRecordsOutPerSecond,48.0
1784197825,8,"Infer->Rank, Rank->Filter, Filter -> Sink: Writer -> Sink: Committer",7,idleTimeMsPerSecond,0.0
1784197825,8,"Infer->Rank, Rank->Filter, Filter -> Sink: Writer -> Sink: Committer",7,numRecordsOut,24800.0
1784197825,8,"Infer->Rank, Rank->Filter, Filter -> Sink: Writer -> Sink: Committer",7,numRecordsIn,25342.0
1784197825,8,"Infer->Rank, Rank->Filter, Filter -> Sink: Writer -> Sink: Committer",7,numRecordsInPerSecond,48.0
1784197825,8,"Infer->Rank, Rank->Filter, Filter -> Sink: Writer -> Sink: Committer",7,backPressuredTimeMsPerSecond,0.0
1784197840,8,"Source: Source-data -> LoadJSON, Parse, _stream_key_by_map_operator",0,busyTimeMsPerSecond,0.0
1784197840,8,"Source: Source-data -> LoadJSON, Parse, _stream_key_by_map_operator",0,numRecordsOutPerSecond,0.0
1784197840,8,"Source: Source-data -> LoadJSON, Parse, _stream_key_by_map_operator",0,idleTimeMsPerSecond,1000.0
1784197840,8,"Source: Source-data -> LoadJSON, Parse, _stream_key_by_map_operator",0,numRecordsOut,6129.0
1784197840,8,"Source: Source-data -> LoadJSON, Parse, _stream_key_by_map_operator",0,numRecordsIn,6129.0
1784197840,8,"Source: Source-data -> LoadJSON, Parse, _stream_key_by_map_operator",0,numRecordsInPerSecond,0.0
1784197840,8,"Source: Source-data -> LoadJSON, Parse, _stream_key_by_map_operator",0,backPressuredTimeMsPerSecond,0.0
1784197840,8,"Source: Source-data -> LoadJSON, Parse, _stream_key_by_map_operator",1,busyTimeMsPerSecond,1.0
1784197840,8,"Source: Source-data -> LoadJSON, Parse, _stream_key_by_map_operator",1,numRecordsOutPerSecond,0.03333333333333333
1784197840,8,"Source: Source-data -> LoadJSON, Parse, _stream_key_by_map_operator",1,idleTimeMsPerSecond,999.0
1784197840,8,"Source: Source-data -> LoadJSON, Parse, _stream_key_by_map_operator",1,numRecordsOut,6022.0
1784197840,8,"Source: Source-data -> LoadJSON, Parse, _stream_key_by_map_operator",1,numRecordsIn,6022.0
1784197840,8,"Source: Source-data -> LoadJSON, Parse, _stream_key_by_map_operator",1,numRecordsInPerSecond,0.03333333333333333
1784197840,8,"Source: Source-data -> LoadJSON, Parse, _stream_key_by_map_operator",1,backPressuredTimeMsPerSecond,0.0
1784197840,8,"Source: Source-data -> LoadJSON, Parse, _stream_key_by_map_operator",2,busyTimeMsPerSecond,3.0
1784197840,8,"Source: Source-data -> LoadJSON, Parse, _stream_key_by_map_operator",2,numRecordsOutPerSecond,0.03333333333333333
1784197840,8,"Source: Source-data -> LoadJSON, Parse, _stream_key_by_map_operator",2,idleTimeMsPerSecond,997.0
1784197840,8,"Source: Source-data -> LoadJSON, Parse, _stream_key_by_map_operator",2,numRecordsOut,6231.0
1784197840,8,"Source: Source-data -> LoadJSON, Parse, _stream_key_by_map_operator",2,numRecordsIn,6231.0
1784197840,8,"Source: Source-data -> LoadJSON, Parse, _stream_key_by_map_operator",2,numRecordsInPerSecond,0.03333333333333333
1784197840,8,"Source: Source-data -> LoadJSON, Parse, _stream_key_by_map_operator",2,backPressuredTimeMsPerSecond,0.0
1784197840,8,"Source: Source-data -> LoadJSON, Parse, _stream_key_by_map_operator",3,busyTimeMsPerSecond,1.0
1784197840,8,"Source: Source-data -> LoadJSON, Parse, _stream_key_by_map_operator",3,numRecordsOutPerSecond,0.016666666666666666
1784197840,8,"Source: Source-data -> LoadJSON, Parse, _stream_key_by_map_operator",3,idleTimeMsPerSecond,999.0
1784197840,8,"Source: Source-data -> LoadJSON, Parse, _stream_key_by_map_operator",3,numRecordsOut,6018.0
1784197840,8,"Source: Source-data -> LoadJSON, Parse, _stream_key_by_map_operator",3,numRecordsIn,6018.0
1784197840,8,"Source: Source-data -> LoadJSON, Parse, _stream_key_by_map_operator",3,numRecordsInPerSecond,0.016666666666666666
1784197840,8,"Source: Source-data -> LoadJSON, Parse, _stream_key_by_map_operator",3,backPressuredTimeMsPerSecond,0.0
1784197840,8,"Source: Source-data -> LoadJSON, Parse, _stream_key_by_map_operator",4,busyTimeMsPerSecond,0.0
1784197840,8,"Source: Source-data -> LoadJSON, Parse, _stream_key_by_map_operator",4,numRecordsOutPerSecond,0.0
1784197840,8,"Source: Source-data -> LoadJSON, Parse, _stream_key_by_map_operator",4,idleTimeMsPerSecond,1000.0
1784197840,8,"Source: Source-data -> LoadJSON, Parse, _stream_key_by_map_operator",4,numRecordsOut,6065.0
1784197840,8,"Source: Source-data -> LoadJSON, Parse, _stream_key_by_map_operator",4,numRecordsIn,6065.0
1784197840,8,"Source: Source-data -> LoadJSON, Parse, _stream_key_by_map_operator",4,numRecordsInPerSecond,0.0
1784197840,8,"Source: Source-data -> LoadJSON, Parse, _stream_key_by_map_operator",4,backPressuredTimeMsPerSecond,0.0
1784197840,8,"Source: Source-data -> LoadJSON, Parse, _stream_key_by_map_operator",5,busyTimeMsPerSecond,0.0
1784197840,8,"Source: Source-data -> LoadJSON, Parse, _stream_key_by_map_operator",5,numRecordsOutPerSecond,0.0
1784197840,8,"Source: Source-data -> LoadJSON, Parse, _stream_key_by_map_operator",5,idleTimeMsPerSecond,1000.0
1784197840,8,"Source: Source-data -> LoadJSON, Parse, _stream_key_by_map_operator",5,numRecordsOut,6100.0
1784197840,8,"Source: Source-data -> LoadJSON, Parse, _stream_key_by_map_operator",5,numRecordsIn,6100.0
1784197840,8,"Source: Source-data -> LoadJSON, Parse, _stream_key_by_map_operator",5,numRecordsInPerSecond,0.0
1784197840,8,"Source: Source-data -> LoadJSON, Parse, _stream_key_by_map_operator",5,backPressuredTimeMsPerSecond,0.0
1784197840,8,"Source: Source-data -> LoadJSON, Parse, _stream_key_by_map_operator",6,busyTimeMsPerSecond,0.0
1784197840,8,"Source: Source-data -> LoadJSON, Parse, _stream_key_by_map_operator",6,numRecordsOutPerSecond,0.016666666666666666
1784197840,8,"Source: Source-data -> LoadJSON, Parse, _stream_key_by_map_operator",6,idleTimeMsPerSecond,1000.0
1784197840,8,"Source: Source-data -> LoadJSON, Parse, _stream_key_by_map_operator",6,numRecordsOut,6060.0
1784197840,8,"Source: Source-data -> LoadJSON, Parse, _stream_key_by_map_operator",6,numRecordsIn,6060.0
1784197840,8,"Source: Source-data -> LoadJSON, Parse, _stream_key_by_map_operator",6,numRecordsInPerSecond,0.016666666666666666
1784197840,8,"Source: Source-data -> LoadJSON, Parse, _stream_key_by_map_operator",6,backPressuredTimeMsPerSecond,0.0
1784197840,8,"Source: Source-data -> LoadJSON, Parse, _stream_key_by_map_operator",7,busyTimeMsPerSecond,5.0
1784197840,8,"Source: Source-data -> LoadJSON, Parse, _stream_key_by_map_operator",7,numRecordsOutPerSecond,0.03333333333333333
1784197840,8,"Source: Source-data -> LoadJSON, Parse, _stream_key_by_map_operator",7,idleTimeMsPerSecond,995.0
1784197840,8,"Source: Source-data -> LoadJSON, Parse, _stream_key_by_map_operator",7,numRecordsOut,5967.0
1784197840,8,"Source: Source-data -> LoadJSON, Parse, _stream_key_by_map_operator",7,numRecordsIn,5967.0
1784197840,8,"Source: Source-data -> LoadJSON, Parse, _stream_key_by_map_operator",7,numRecordsInPerSecond,0.03333333333333333
1784197840,8,"Source: Source-data -> LoadJSON, Parse, _stream_key_by_map_operator",7,backPressuredTimeMsPerSecond,0.0
1784197840,8,"KEYED PROCESS, Parse->Train, _stream_key_by_map_operator",0,busyTimeMsPerSecond,521.0
1784197840,8,"KEYED PROCESS, Parse->Train, _stream_key_by_map_operator",0,numRecordsOutPerSecond,0.16666666666666666
1784197840,8,"KEYED PROCESS, Parse->Train, _stream_key_by_map_operator",0,idleTimeMsPerSecond,0.0
1784197840,8,"KEYED PROCESS, Parse->Train, _stream_key_by_map_operator",0,numRecordsOut,139.0
1784197840,8,"KEYED PROCESS, Parse->Train, _stream_key_by_map_operator",0,numRecordsIn,140.0
1784197840,8,"KEYED PROCESS, Parse->Train, _stream_key_by_map_operator",0,numRecordsInPerSecond,0.16666666666666666
1784197840,8,"KEYED PROCESS, Parse->Train, _stream_key_by_map_operator",0,backPressuredTimeMsPerSecond,479.0
1784197840,8,"KEYED PROCESS, Parse->Train, _stream_key_by_map_operator",1,busyTimeMsPerSecond,189.0
1784197840,8,"KEYED PROCESS, Parse->Train, _stream_key_by_map_operator",1,numRecordsOutPerSecond,0.06666666666666667
1784197840,8,"KEYED PROCESS, Parse->Train, _stream_key_by_map_operator",1,idleTimeMsPerSecond,0.0
1784197840,8,"KEYED PROCESS, Parse->Train, _stream_key_by_map_operator",1,numRecordsOut,142.0
1784197840,8,"KEYED PROCESS, Parse->Train, _stream_key_by_map_operator",1,numRecordsIn,143.0
1784197840,8,"KEYED PROCESS, Parse->Train, _stream_key_by_map_operator",1,numRecordsInPerSecond,0.06666666666666667
1784197840,8,"KEYED PROCESS, Parse->Train, _stream_key_by_map_operator",1,backPressuredTimeMsPerSecond,811.0
1784197840,8,"KEYED PROCESS, Parse->Train, _stream_key_by_map_operator",2,busyTimeMsPerSecond,294.0
1784197840,8,"KEYED PROCESS, Parse->Train, _stream_key_by_map_operator",2,numRecordsOutPerSecond,0.06666666666666667
1784197840,8,"KEYED PROCESS, Parse->Train, _stream_key_by_map_operator",2,idleTimeMsPerSecond,0.0
1784197840,8,"KEYED PROCESS, Parse->Train, _stream_key_by_map_operator",2,numRecordsOut,90.0
1784197840,8,"KEYED PROCESS, Parse->Train, _stream_key_by_map_operator",2,numRecordsIn,91.0
1784197840,8,"KEYED PROCESS, Parse->Train, _stream_key_by_map_operator",2,numRecordsInPerSecond,0.06666666666666667
1784197840,8,"KEYED PROCESS, Parse->Train, _stream_key_by_map_operator",2,backPressuredTimeMsPerSecond,706.0
1784197840,8,"KEYED PROCESS, Parse->Train, _stream_key_by_map_operator",3,busyTimeMsPerSecond,0.0
1784197840,8,"KEYED PROCESS, Parse->Train, _stream_key_by_map_operator",3,numRecordsOutPerSecond,0.0
1784197840,8,"KEYED PROCESS, Parse->Train, _stream_key_by_map_operator",3,idleTimeMsPerSecond,1000.0
1784197840,8,"KEYED PROCESS, Parse->Train, _stream_key_by_map_operator",3,numRecordsOut,0.0
1784197840,8,"KEYED PROCESS, Parse->Train, _stream_key_by_map_operator",3,numRecordsIn,0.0
1784197840,8,"KEYED PROCESS, Parse->Train, _stream_key_by_map_operator",3,numRecordsInPerSecond,0.0
1784197840,8,"KEYED PROCESS, Parse->Train, _stream_key_by_map_operator",3,backPressuredTimeMsPerSecond,0.0
1784197840,8,"KEYED PROCESS, Parse->Train, _stream_key_by_map_operator",4,busyTimeMsPerSecond,465.0
1784197840,8,"KEYED PROCESS, Parse->Train, _stream_key_by_map_operator",4,numRecordsOutPerSecond,0.13333333333333333
1784197840,8,"KEYED PROCESS, Parse->Train, _stream_key_by_map_operator",4,idleTimeMsPerSecond,0.0
1784197840,8,"KEYED PROCESS, Parse->Train, _stream_key_by_map_operator",4,numRecordsOut,161.0
1784197840,8,"KEYED PROCESS, Parse->Train, _stream_key_by_map_operator",4,numRecordsIn,162.0
1784197840,8,"KEYED PROCESS, Parse->Train, _stream_key_by_map_operator",4,numRecordsInPerSecond,0.13333333333333333
1784197840,8,"KEYED PROCESS, Parse->Train, _stream_key_by_map_operator",4,backPressuredTimeMsPerSecond,535.0
1784197840,8,"KEYED PROCESS, Parse->Train, _stream_key_by_map_operator",5,busyTimeMsPerSecond,0.0
1784197840,8,"KEYED PROCESS, Parse->Train, _stream_key_by_map_operator",5,numRecordsOutPerSecond,0.0
1784197840,8,"KEYED PROCESS, Parse->Train, _stream_key_by_map_operator",5,idleTimeMsPerSecond,1000.0
1784197840,8,"KEYED PROCESS, Parse->Train, _stream_key_by_map_operator",5,numRecordsOut,0.0
1784197840,8,"KEYED PROCESS, Parse->Train, _stream_key_by_map_operator",5,numRecordsIn,0.0
1784197840,8,"KEYED PROCESS, Parse->Train, _stream_key_by_map_operator",5,numRecordsInPerSecond,0.0
1784197840,8,"KEYED PROCESS, Parse->Train, _stream_key_by_map_operator",5,backPressuredTimeMsPerSecond,0.0
1784197840,8,"KEYED PROCESS, Parse->Train, _stream_key_by_map_operator",6,busyTimeMsPerSecond,0.0
1784197840,8,"KEYED PROCESS, Parse->Train, _stream_key_by_map_operator",6,numRecordsOutPerSecond,0.0
1784197840,8,"KEYED PROCESS, Parse->Train, _stream_key_by_map_operator",6,idleTimeMsPerSecond,1000.0
1784197840,8,"KEYED PROCESS, Parse->Train, _stream_key_by_map_operator",6,numRecordsOut,0.0
1784197840,8,"KEYED PROCESS, Parse->Train, _stream_key_by_map_operator",6,numRecordsIn,0.0
1784197840,8,"KEYED PROCESS, Parse->Train, _stream_key_by_map_operator",6,numRecordsInPerSecond,0.0
1784197840,8,"KEYED PROCESS, Parse->Train, _stream_key_by_map_operator",6,backPressuredTimeMsPerSecond,0.0
1784197840,8,"KEYED PROCESS, Parse->Train, _stream_key_by_map_operator",7,busyTimeMsPerSecond,642.0
1784197840,8,"KEYED PROCESS, Parse->Train, _stream_key_by_map_operator",7,numRecordsOutPerSecond,0.18333333333333332
1784197840,8,"KEYED PROCESS, Parse->Train, _stream_key_by_map_operator",7,idleTimeMsPerSecond,0.0
1784197840,8,"KEYED PROCESS, Parse->Train, _stream_key_by_map_operator",7,numRecordsOut,121.0
1784197840,8,"KEYED PROCESS, Parse->Train, _stream_key_by_map_operator",7,numRecordsIn,122.0
1784197840,8,"KEYED PROCESS, Parse->Train, _stream_key_by_map_operator",7,numRecordsInPerSecond,0.18333333333333332
1784197840,8,"KEYED PROCESS, Parse->Train, _stream_key_by_map_operator",7,backPressuredTimeMsPerSecond,358.0
1784197840,8,"KEYED PROCESS, Train->Infer, _stream_key_by_map_operator",0,busyTimeMsPerSecond,519.0
1784197840,8,"KEYED PROCESS, Train->Infer, _stream_key_by_map_operator",0,numRecordsOutPerSecond,50.0
1784197840,8,"KEYED PROCESS, Train->Infer, _stream_key_by_map_operator",0,idleTimeMsPerSecond,481.0
1784197840,8,"KEYED PROCESS, Train->Infer, _stream_key_by_map_operator",0,numRecordsOut,25560.0
1784197840,8,"KEYED PROCESS, Train->Infer, _stream_key_by_map_operator",0,numRecordsIn,111.0
1784197840,8,"KEYED PROCESS, Train->Infer, _stream_key_by_map_operator",0,numRecordsInPerSecond,0.08333333333333333
1784197840,8,"KEYED PROCESS, Train->Infer, _stream_key_by_map_operator",0,backPressuredTimeMsPerSecond,0.0
1784197840,8,"KEYED PROCESS, Train->Infer, _stream_key_by_map_operator",1,busyTimeMsPerSecond,370.0
1784197840,8,"KEYED PROCESS, Train->Infer, _stream_key_by_map_operator",1,numRecordsOutPerSecond,41.666666666666664
1784197840,8,"KEYED PROCESS, Train->Infer, _stream_key_by_map_operator",1,idleTimeMsPerSecond,630.0
1784197840,8,"KEYED PROCESS, Train->Infer, _stream_key_by_map_operator",1,numRecordsOut,23559.0
1784197840,8,"KEYED PROCESS, Train->Infer, _stream_key_by_map_operator",1,numRecordsIn,108.0
1784197840,8,"KEYED PROCESS, Train->Infer, _stream_key_by_map_operator",1,numRecordsInPerSecond,0.06666666666666667
1784197840,8,"KEYED PROCESS, Train->Infer, _stream_key_by_map_operator",1,backPressuredTimeMsPerSecond,0.0
1784197840,8,"KEYED PROCESS, Train->Infer, _stream_key_by_map_operator",2,busyTimeMsPerSecond,650.0
1784197840,8,"KEYED PROCESS, Train->Infer, _stream_key_by_map_operator",2,numRecordsOutPerSecond,66.66666666666667
1784197840,8,"KEYED PROCESS, Train->Infer, _stream_key_by_map_operator",2,idleTimeMsPerSecond,0.0
1784197840,8,"KEYED PROCESS, Train->Infer, _stream_key_by_map_operator",2,numRecordsOut,27015.0
1784197840,8,"KEYED PROCESS, Train->Infer, _stream_key_by_map_operator",2,numRecordsIn,70.0
1784197840,8,"KEYED PROCESS, Train->Infer, _stream_key_by_map_operator",2,numRecordsInPerSecond,0.11666666666666667
1784197840,8,"KEYED PROCESS, Train->Infer, _stream_key_by_map_operator",2,backPressuredTimeMsPerSecond,350.0
1784197840,8,"KEYED PROCESS, Train->Infer, _stream_key_by_map_operator",3,busyTimeMsPerSecond,214.0
1784197840,8,"KEYED PROCESS, Train->Infer, _stream_key_by_map_operator",3,numRecordsOutPerSecond,25.0
1784197840,8,"KEYED PROCESS, Train->Infer, _stream_key_by_map_operator",3,idleTimeMsPerSecond,786.0
1784197840,8,"KEYED PROCESS, Train->Infer, _stream_key_by_map_operator",3,numRecordsOut,27500.0
1784197840,8,"KEYED PROCESS, Train->Infer, _stream_key_by_map_operator",3,numRecordsIn,55.0
1784197840,8,"KEYED PROCESS, Train->Infer, _stream_key_by_map_operator",3,numRecordsInPerSecond,0.05
1784197840,8,"KEYED PROCESS, Train->Infer, _stream_key_by_map_operator",3,backPressuredTimeMsPerSecond,0.0
1784197840,8,"KEYED PROCESS, Train->Infer, _stream_key_by_map_operator",4,busyTimeMsPerSecond,418.0
1784197840,8,"KEYED PROCESS, Train->Infer, _stream_key_by_map_operator",4,numRecordsOutPerSecond,41.666666666666664
1784197840,8,"KEYED PROCESS, Train->Infer, _stream_key_by_map_operator",4,idleTimeMsPerSecond,582.0
1784197840,8,"KEYED PROCESS, Train->Infer, _stream_key_by_map_operator",4,numRecordsOut,19575.0
1784197840,8,"KEYED PROCESS, Train->Infer, _stream_key_by_map_operator",4,numRecordsIn,115.0
1784197840,8,"KEYED PROCESS, Train->Infer, _stream_key_by_map_operator",4,numRecordsInPerSecond,0.08333333333333333
1784197840,8,"KEYED PROCESS, Train->Infer, _stream_key_by_map_operator",4,backPressuredTimeMsPerSecond,0.0
1784197840,8,"KEYED PROCESS, Train->Infer, _stream_key_by_map_operator",5,busyTimeMsPerSecond,341.0
1784197840,8,"KEYED PROCESS, Train->Infer, _stream_key_by_map_operator",5,numRecordsOutPerSecond,41.666666666666664
1784197840,8,"KEYED PROCESS, Train->Infer, _stream_key_by_map_operator",5,idleTimeMsPerSecond,659.0
1784197840,8,"KEYED PROCESS, Train->Infer, _stream_key_by_map_operator",5,numRecordsOut,26500.0
1784197840,8,"KEYED PROCESS, Train->Infer, _stream_key_by_map_operator",5,numRecordsIn,53.0
1784197840,8,"KEYED PROCESS, Train->Infer, _stream_key_by_map_operator",5,numRecordsInPerSecond,0.06666666666666667
1784197840,8,"KEYED PROCESS, Train->Infer, _stream_key_by_map_operator",5,backPressuredTimeMsPerSecond,0.0
1784197840,8,"KEYED PROCESS, Train->Infer, _stream_key_by_map_operator",6,busyTimeMsPerSecond,266.0
1784197840,8,"KEYED PROCESS, Train->Infer, _stream_key_by_map_operator",6,numRecordsOutPerSecond,33.333333333333336
1784197840,8,"KEYED PROCESS, Train->Infer, _stream_key_by_map_operator",6,idleTimeMsPerSecond,734.0
1784197840,8,"KEYED PROCESS, Train->Infer, _stream_key_by_map_operator",6,numRecordsOut,27500.0
1784197840,8,"KEYED PROCESS, Train->Infer, _stream_key_by_map_operator",6,numRecordsIn,55.0
1784197840,8,"KEYED PROCESS, Train->Infer, _stream_key_by_map_operator",6,numRecordsInPerSecond,0.05
1784197840,8,"KEYED PROCESS, Train->Infer, _stream_key_by_map_operator",6,backPressuredTimeMsPerSecond,0.0
1784197840,8,"KEYED PROCESS, Train->Infer, _stream_key_by_map_operator",7,busyTimeMsPerSecond,626.0
1784197840,8,"KEYED PROCESS, Train->Infer, _stream_key_by_map_operator",7,numRecordsOutPerSecond,50.0
1784197840,8,"KEYED PROCESS, Train->Infer, _stream_key_by_map_operator",7,idleTimeMsPerSecond,107.0
1784197840,8,"KEYED PROCESS, Train->Infer, _stream_key_by_map_operator",7,numRecordsOut,27530.0
1784197840,8,"KEYED PROCESS, Train->Infer, _stream_key_by_map_operator",7,numRecordsIn,85.0
1784197840,8,"KEYED PROCESS, Train->Infer, _stream_key_by_map_operator",7,numRecordsInPerSecond,0.1
1784197840,8,"KEYED PROCESS, Train->Infer, _stream_key_by_map_operator",7,backPressuredTimeMsPerSecond,267.0
1784197840,8,"Infer->Rank, Rank->Filter, Filter -> Sink: Writer -> Sink: Committer",0,busyTimeMsPerSecond,1000.0
1784197840,8,"Infer->Rank, Rank->Filter, Filter -> Sink: Writer -> Sink: Committer",0,numRecordsOutPerSecond,46.0
1784197840,8,"Infer->Rank, Rank->Filter, Filter -> Sink: Writer -> Sink: Committer",0,idleTimeMsPerSecond,0.0
1784197840,8,"Infer->Rank, Rank->Filter, Filter -> Sink: Writer -> Sink: Committer",0,numRecordsOut,21634.0
1784197840,8,"Infer->Rank, Rank->Filter, Filter -> Sink: Writer -> Sink: Committer",0,numRecordsIn,24208.0
1784197840,8,"Infer->Rank, Rank->Filter, Filter -> Sink: Writer -> Sink: Committer",0,numRecordsInPerSecond,54.38333333333333
1784197840,8,"Infer->Rank, Rank->Filter, Filter -> Sink: Writer -> Sink: Committer",0,backPressuredTimeMsPerSecond,0.0
1784197840,8,"Infer->Rank, Rank->Filter, Filter -> Sink: Writer -> Sink: Committer",1,busyTimeMsPerSecond,841.0
1784197840,8,"Infer->Rank, Rank->Filter, Filter -> Sink: Writer -> Sink: Committer",1,numRecordsOutPerSecond,40.833333333333336
1784197840,8,"Infer->Rank, Rank->Filter, Filter -> Sink: Writer -> Sink: Committer",1,idleTimeMsPerSecond,159.0
1784197840,8,"Infer->Rank, Rank->Filter, Filter -> Sink: Writer -> Sink: Committer",1,numRecordsOut,21490.0
1784197840,8,"Infer->Rank, Rank->Filter, Filter -> Sink: Writer -> Sink: Committer",1,numRecordsIn,23559.0
1784197840,8,"Infer->Rank, Rank->Filter, Filter -> Sink: Writer -> Sink: Committer",1,numRecordsInPerSecond,73.86666666666666
1784197840,8,"Infer->Rank, Rank->Filter, Filter -> Sink: Writer -> Sink: Committer",1,backPressuredTimeMsPerSecond,0.0
1784197840,8,"Infer->Rank, Rank->Filter, Filter -> Sink: Writer -> Sink: Committer",2,busyTimeMsPerSecond,1000.0
1784197840,8,"Infer->Rank, Rank->Filter, Filter -> Sink: Writer -> Sink: Committer",2,numRecordsOutPerSecond,55.666666666666664
1784197840,8,"Infer->Rank, Rank->Filter, Filter -> Sink: Writer -> Sink: Committer",2,idleTimeMsPerSecond,0.0
1784197840,8,"Infer->Rank, Rank->Filter, Filter -> Sink: Writer -> Sink: Committer",2,numRecordsOut,21070.0
1784197840,8,"Infer->Rank, Rank->Filter, Filter -> Sink: Writer -> Sink: Committer",2,numRecordsIn,24094.0
1784197840,8,"Infer->Rank, Rank->Filter, Filter -> Sink: Writer -> Sink: Committer",2,numRecordsInPerSecond,62.483333333333334
1784197840,8,"Infer->Rank, Rank->Filter, Filter -> Sink: Writer -> Sink: Committer",2,backPressuredTimeMsPerSecond,0.0
1784197840,8,"Infer->Rank, Rank->Filter, Filter -> Sink: Writer -> Sink: Committer",3,busyTimeMsPerSecond,258.0
1784197840,8,"Infer->Rank, Rank->Filter, Filter -> Sink: Writer -> Sink: Committer",3,numRecordsOutPerSecond,25.0
1784197840,8,"Infer->Rank, Rank->Filter, Filter -> Sink: Writer -> Sink: Committer",3,idleTimeMsPerSecond,742.0
1784197840,8,"Infer->Rank, Rank->Filter, Filter -> Sink: Writer -> Sink: Committer",3,numRecordsOut,25000.0
1784197840,8,"Infer->Rank, Rank->Filter, Filter -> Sink: Writer -> Sink: Committer",3,numRecordsIn,27500.0
1784197840,8,"Infer->Rank, Rank->Filter, Filter -> Sink: Writer -> Sink: Committer",3,numRecordsInPerSecond,25.0
1784197840,8,"Infer->Rank, Rank->Filter, Filter -> Sink: Writer -> Sink: Committer",3,backPressuredTimeMsPerSecond,0.0
1784197840,8,"Infer->Rank, Rank->Filter, Filter -> Sink: Writer -> Sink: Committer",4,busyTimeMsPerSecond,785.0
1784197840,8,"Infer->Rank, Rank->Filter, Filter -> Sink: Writer -> Sink: Committer",4,numRecordsOutPerSecond,64.33333333333333
1784197840,8,"Infer->Rank, Rank->Filter, Filter -> Sink: Writer -> Sink: Committer",4,idleTimeMsPerSecond,215.0
1784197840,8,"Infer->Rank, Rank->Filter, Filter -> Sink: Writer -> Sink: Committer",4,numRecordsOut,19990.0
1784197840,8,"Infer->Rank, Rank->Filter, Filter -> Sink: Writer -> Sink: Committer",4,numRecordsIn,20075.0
1784197840,8,"Infer->Rank, Rank->Filter, Filter -> Sink: Writer -> Sink: Committer",4,numRecordsInPerSecond,64.36666666666666
1784197840,8,"Infer->Rank, Rank->Filter, Filter -> Sink: Writer -> Sink: Committer",4,backPressuredTimeMsPerSecond,0.0
1784197840,8,"Infer->Rank, Rank->Filter, Filter -> Sink: Writer -> Sink: Committer",5,busyTimeMsPerSecond,484.0
1784197840,8,"Infer->Rank, Rank->Filter, Filter -> Sink: Writer -> Sink: Committer",5,numRecordsOutPerSecond,52.166666666666664
1784197840,8,"Infer->Rank, Rank->Filter, Filter -> Sink: Writer -> Sink: Committer",5,idleTimeMsPerSecond,516.0
1784197840,8,"Infer->Rank, Rank->Filter, Filter -> Sink: Writer -> Sink: Committer",5,numRecordsOut,25000.0
1784197840,8,"Infer->Rank, Rank->Filter, Filter -> Sink: Writer -> Sink: Committer",5,numRecordsIn,27000.0
1784197840,8,"Infer->Rank, Rank->Filter, Filter -> Sink: Writer -> Sink: Committer",5,numRecordsInPerSecond,52.13333333333333
1784197840,8,"Infer->Rank, Rank->Filter, Filter -> Sink: Writer -> Sink: Committer",5,backPressuredTimeMsPerSecond,0.0
1784197840,8,"Infer->Rank, Rank->Filter, Filter -> Sink: Writer -> Sink: Committer",6,busyTimeMsPerSecond,246.0
1784197840,8,"Infer->Rank, Rank->Filter, Filter -> Sink: Writer -> Sink: Committer",6,numRecordsOutPerSecond,25.0
1784197840,8,"Infer->Rank, Rank->Filter, Filter -> Sink: Writer -> Sink: Committer",6,idleTimeMsPerSecond,754.0
1784197840,8,"Infer->Rank, Rank->Filter, Filter -> Sink: Writer -> Sink: Committer",6,numRecordsOut,24000.0
1784197840,8,"Infer->Rank, Rank->Filter, Filter -> Sink: Writer -> Sink: Committer",6,numRecordsIn,27500.0
1784197840,8,"Infer->Rank, Rank->Filter, Filter -> Sink: Writer -> Sink: Committer",6,numRecordsInPerSecond,25.0
1784197840,8,"Infer->Rank, Rank->Filter, Filter -> Sink: Writer -> Sink: Committer",6,backPressuredTimeMsPerSecond,0.0
1784197840,8,"Infer->Rank, Rank->Filter, Filter -> Sink: Writer -> Sink: Committer",7,busyTimeMsPerSecond,1000.0
1784197840,8,"Infer->Rank, Rank->Filter, Filter -> Sink: Writer -> Sink: Committer",7,numRecordsOutPerSecond,64.0
1784197840,8,"Infer->Rank, Rank->Filter, Filter -> Sink: Writer -> Sink: Committer",7,idleTimeMsPerSecond,0.0
1784197840,8,"Infer->Rank, Rank->Filter, Filter -> Sink: Writer -> Sink: Committer",7,numRecordsOut,26110.0
1784197840,8,"Infer->Rank, Rank->Filter, Filter -> Sink: Writer -> Sink: Committer",7,numRecordsIn,26657.0
1784197840,8,"Infer->Rank, Rank->Filter, Filter -> Sink: Writer -> Sink: Committer",7,numRecordsInPerSecond,63.916666666666664
1784197840,8,"Infer->Rank, Rank->Filter, Filter -> Sink: Writer -> Sink: Committer",7,backPressuredTimeMsPerSecond,0.0
1784197855,8,"Source: Source-data -> LoadJSON, Parse, _stream_key_by_map_operator",0,busyTimeMsPerSecond,0.0
1784197855,8,"Source: Source-data -> LoadJSON, Parse, _stream_key_by_map_operator",0,numRecordsOutPerSecond,0.0
1784197855,8,"Source: Source-data -> LoadJSON, Parse, _stream_key_by_map_operator",0,idleTimeMsPerSecond,1000.0
1784197855,8,"Source: Source-data -> LoadJSON, Parse, _stream_key_by_map_operator",0,numRecordsOut,6129.0
1784197855,8,"Source: Source-data -> LoadJSON, Parse, _stream_key_by_map_operator",0,numRecordsIn,6129.0
1784197855,8,"Source: Source-data -> LoadJSON, Parse, _stream_key_by_map_operator",0,numRecordsInPerSecond,0.0
1784197855,8,"Source: Source-data -> LoadJSON, Parse, _stream_key_by_map_operator",0,backPressuredTimeMsPerSecond,0.0
1784197855,8,"Source: Source-data -> LoadJSON, Parse, _stream_key_by_map_operator",1,busyTimeMsPerSecond,1.0
1784197855,8,"Source: Source-data -> LoadJSON, Parse, _stream_key_by_map_operator",1,numRecordsOutPerSecond,0.03333333333333333
1784197855,8,"Source: Source-data -> LoadJSON, Parse, _stream_key_by_map_operator",1,idleTimeMsPerSecond,999.0
1784197855,8,"Source: Source-data -> LoadJSON, Parse, _stream_key_by_map_operator",1,numRecordsOut,6022.0
1784197855,8,"Source: Source-data -> LoadJSON, Parse, _stream_key_by_map_operator",1,numRecordsIn,6022.0
1784197855,8,"Source: Source-data -> LoadJSON, Parse, _stream_key_by_map_operator",1,numRecordsInPerSecond,0.03333333333333333
1784197855,8,"Source: Source-data -> LoadJSON, Parse, _stream_key_by_map_operator",1,backPressuredTimeMsPerSecond,0.0
1784197855,8,"Source: Source-data -> LoadJSON, Parse, _stream_key_by_map_operator",2,busyTimeMsPerSecond,1.0
1784197855,8,"Source: Source-data -> LoadJSON, Parse, _stream_key_by_map_operator",2,numRecordsOutPerSecond,0.016666666666666666
1784197855,8,"Source: Source-data -> LoadJSON, Parse, _stream_key_by_map_operator",2,idleTimeMsPerSecond,999.0
1784197855,8,"Source: Source-data -> LoadJSON, Parse, _stream_key_by_map_operator",2,numRecordsOut,6231.0
1784197855,8,"Source: Source-data -> LoadJSON, Parse, _stream_key_by_map_operator",2,numRecordsIn,6231.0
1784197855,8,"Source: Source-data -> LoadJSON, Parse, _stream_key_by_map_operator",2,numRecordsInPerSecond,0.016666666666666666
1784197855,8,"Source: Source-data -> LoadJSON, Parse, _stream_key_by_map_operator",2,backPressuredTimeMsPerSecond,0.0
1784197855,8,"Source: Source-data -> LoadJSON, Parse, _stream_key_by_map_operator",3,busyTimeMsPerSecond,1.0
1784197855,8,"Source: Source-data -> LoadJSON, Parse, _stream_key_by_map_operator",3,numRecordsOutPerSecond,0.016666666666666666
1784197855,8,"Source: Source-data -> LoadJSON, Parse, _stream_key_by_map_operator",3,idleTimeMsPerSecond,999.0
1784197855,8,"Source: Source-data -> LoadJSON, Parse, _stream_key_by_map_operator",3,numRecordsOut,6018.0
1784197855,8,"Source: Source-data -> LoadJSON, Parse, _stream_key_by_map_operator",3,numRecordsIn,6018.0
1784197855,8,"Source: Source-data -> LoadJSON, Parse, _stream_key_by_map_operator",3,numRecordsInPerSecond,0.016666666666666666
1784197855,8,"Source: Source-data -> LoadJSON, Parse, _stream_key_by_map_operator",3,backPressuredTimeMsPerSecond,0.0
1784197855,8,"Source: Source-data -> LoadJSON, Parse, _stream_key_by_map_operator",4,busyTimeMsPerSecond,0.0
1784197855,8,"Source: Source-data -> LoadJSON, Parse, _stream_key_by_map_operator",4,numRecordsOutPerSecond,0.0
1784197855,8,"Source: Source-data -> LoadJSON, Parse, _stream_key_by_map_operator",4,idleTimeMsPerSecond,1000.0
1784197855,8,"Source: Source-data -> LoadJSON, Parse, _stream_key_by_map_operator",4,numRecordsOut,6065.0
1784197855,8,"Source: Source-data -> LoadJSON, Parse, _stream_key_by_map_operator",4,numRecordsIn,6065.0
1784197855,8,"Source: Source-data -> LoadJSON, Parse, _stream_key_by_map_operator",4,numRecordsInPerSecond,0.0
1784197855,8,"Source: Source-data -> LoadJSON, Parse, _stream_key_by_map_operator",4,backPressuredTimeMsPerSecond,0.0
1784197855,8,"Source: Source-data -> LoadJSON, Parse, _stream_key_by_map_operator",5,busyTimeMsPerSecond,0.0
1784197855,8,"Source: Source-data -> LoadJSON, Parse, _stream_key_by_map_operator",5,numRecordsOutPerSecond,0.0
1784197855,8,"Source: Source-data -> LoadJSON, Parse, _stream_key_by_map_operator",5,idleTimeMsPerSecond,1000.0
1784197855,8,"Source: Source-data -> LoadJSON, Parse, _stream_key_by_map_operator",5,numRecordsOut,6100.0
1784197855,8,"Source: Source-data -> LoadJSON, Parse, _stream_key_by_map_operator",5,numRecordsIn,6100.0
1784197855,8,"Source: Source-data -> LoadJSON, Parse, _stream_key_by_map_operator",5,numRecordsInPerSecond,0.0
1784197855,8,"Source: Source-data -> LoadJSON, Parse, _stream_key_by_map_operator",5,backPressuredTimeMsPerSecond,0.0
1784197855,8,"Source: Source-data -> LoadJSON, Parse, _stream_key_by_map_operator",6,busyTimeMsPerSecond,0.0
1784197855,8,"Source: Source-data -> LoadJSON, Parse, _stream_key_by_map_operator",6,numRecordsOutPerSecond,0.0
1784197855,8,"Source: Source-data -> LoadJSON, Parse, _stream_key_by_map_operator",6,idleTimeMsPerSecond,1000.0
1784197855,8,"Source: Source-data -> LoadJSON, Parse, _stream_key_by_map_operator",6,numRecordsOut,6060.0
1784197855,8,"Source: Source-data -> LoadJSON, Parse, _stream_key_by_map_operator",6,numRecordsIn,6060.0
1784197855,8,"Source: Source-data -> LoadJSON, Parse, _stream_key_by_map_operator",6,numRecordsInPerSecond,0.0
1784197855,8,"Source: Source-data -> LoadJSON, Parse, _stream_key_by_map_operator",6,backPressuredTimeMsPerSecond,0.0
1784197855,8,"Source: Source-data -> LoadJSON, Parse, _stream_key_by_map_operator",7,busyTimeMsPerSecond,5.0
1784197855,8,"Source: Source-data -> LoadJSON, Parse, _stream_key_by_map_operator",7,numRecordsOutPerSecond,0.03333333333333333
1784197855,8,"Source: Source-data -> LoadJSON, Parse, _stream_key_by_map_operator",7,idleTimeMsPerSecond,995.0
1784197855,8,"Source: Source-data -> LoadJSON, Parse, _stream_key_by_map_operator",7,numRecordsOut,5967.0
1784197855,8,"Source: Source-data -> LoadJSON, Parse, _stream_key_by_map_operator",7,numRecordsIn,5967.0
1784197855,8,"Source: Source-data -> LoadJSON, Parse, _stream_key_by_map_operator",7,numRecordsInPerSecond,0.03333333333333333
1784197855,8,"Source: Source-data -> LoadJSON, Parse, _stream_key_by_map_operator",7,backPressuredTimeMsPerSecond,0.0
1784197855,8,"KEYED PROCESS, Parse->Train, _stream_key_by_map_operator",0,busyTimeMsPerSecond,608.0
1784197855,8,"KEYED PROCESS, Parse->Train, _stream_key_by_map_operator",0,numRecordsOutPerSecond,0.2
1784197855,8,"KEYED PROCESS, Parse->Train, _stream_key_by_map_operator",0,idleTimeMsPerSecond,0.0
1784197855,8,"KEYED PROCESS, Parse->Train, _stream_key_by_map_operator",0,numRecordsOut,143.0
1784197855,8,"KEYED PROCESS, Parse->Train, _stream_key_by_map_operator",0,numRecordsIn,144.0
1784197855,8,"KEYED PROCESS, Parse->Train, _stream_key_by_map_operator",0,numRecordsInPerSecond,0.2
1784197855,8,"KEYED PROCESS, Parse->Train, _stream_key_by_map_operator",0,backPressuredTimeMsPerSecond,392.0
1784197855,8,"KEYED PROCESS, Parse->Train, _stream_key_by_map_operator",1,busyTimeMsPerSecond,187.0
1784197855,8,"KEYED PROCESS, Parse->Train, _stream_key_by_map_operator",1,numRecordsOutPerSecond,0.06666666666666667
1784197855,8,"KEYED PROCESS, Parse->Train, _stream_key_by_map_operator",1,idleTimeMsPerSecond,0.0
1784197855,8,"KEYED PROCESS, Parse->Train, _stream_key_by_map_operator",1,numRecordsOut,144.0
1784197855,8,"KEYED PROCESS, Parse->Train, _stream_key_by_map_operator",1,numRecordsIn,145.0
1784197855,8,"KEYED PROCESS, Parse->Train, _stream_key_by_map_operator",1,numRecordsInPerSecond,0.06666666666666667
1784197855,8,"KEYED PROCESS, Parse->Train, _stream_key_by_map_operator",1,backPressuredTimeMsPerSecond,813.0
1784197855,8,"KEYED PROCESS, Parse->Train, _stream_key_by_map_operator",2,busyTimeMsPerSecond,233.0
1784197855,8,"KEYED PROCESS, Parse->Train, _stream_key_by_map_operator",2,numRecordsOutPerSecond,0.08333333333333333
1784197855,8,"KEYED PROCESS, Parse->Train, _stream_key_by_map_operator",2,idleTimeMsPerSecond,0.0
1784197855,8,"KEYED PROCESS, Parse->Train, _stream_key_by_map_operator",2,numRecordsOut,92.0
1784197855,8,"KEYED PROCESS, Parse->Train, _stream_key_by_map_operator",2,numRecordsIn,93.0
1784197855,8,"KEYED PROCESS, Parse->Train, _stream_key_by_map_operator",2,numRecordsInPerSecond,0.08333333333333333
1784197855,8,"KEYED PROCESS, Parse->Train, _stream_key_by_map_operator",2,backPressuredTimeMsPerSecond,767.0
1784197855,8,"KEYED PROCESS, Parse->Train, _stream_key_by_map_operator",3,busyTimeMsPerSecond,0.0
1784197855,8,"KEYED PROCESS, Parse->Train, _stream_key_by_map_operator",3,numRecordsOutPerSecond,0.0
1784197855,8,"KEYED PROCESS, Parse->Train, _stream_key_by_map_operator",3,idleTimeMsPerSecond,1000.0
1784197855,8,"KEYED PROCESS, Parse->Train, _stream_key_by_map_operator",3,numRecordsOut,0.0
1784197855,8,"KEYED PROCESS, Parse->Train, _stream_key_by_map_operator",3,numRecordsIn,0.0
1784197855,8,"KEYED PROCESS, Parse->Train, _stream_key_by_map_operator",3,numRecordsInPerSecond,0.0
1784197855,8,"KEYED PROCESS, Parse->Train, _stream_key_by_map_operator",3,backPressuredTimeMsPerSecond,0.0
1784197855,8,"KEYED PROCESS, Parse->Train, _stream_key_by_map_operator",4,busyTimeMsPerSecond,391.0
1784197855,8,"KEYED PROCESS, Parse->Train, _stream_key_by_map_operator",4,numRecordsOutPerSecond,0.13333333333333333
1784197855,8,"KEYED PROCESS, Parse->Train, _stream_key_by_map_operator",4,idleTimeMsPerSecond,0.0
1784197855,8,"KEYED PROCESS, Parse->Train, _stream_key_by_map_operator",4,numRecordsOut,163.0
1784197855,8,"KEYED PROCESS, Parse->Train, _stream_key_by_map_operator",4,numRecordsIn,164.0
1784197855,8,"KEYED PROCESS, Parse->Train, _stream_key_by_map_operator",4,numRecordsInPerSecond,0.13333333333333333
1784197855,8,"KEYED PROCESS, Parse->Train, _stream_key_by_map_operator",4,backPressuredTimeMsPerSecond,609.0
1784197855,8,"KEYED PROCESS, Parse->Train, _stream_key_by_map_operator",5,busyTimeMsPerSecond,0.0
1784197855,8,"KEYED PROCESS, Parse->Train, _stream_key_by_map_operator",5,numRecordsOutPerSecond,0.0
1784197855,8,"KEYED PROCESS, Parse->Train, _stream_key_by_map_operator",5,idleTimeMsPerSecond,1000.0
1784197855,8,"KEYED PROCESS, Parse->Train, _stream_key_by_map_operator",5,numRecordsOut,0.0
1784197855,8,"KEYED PROCESS, Parse->Train, _stream_key_by_map_operator",5,numRecordsIn,0.0
1784197855,8,"KEYED PROCESS, Parse->Train, _stream_key_by_map_operator",5,numRecordsInPerSecond,0.0
1784197855,8,"KEYED PROCESS, Parse->Train, _stream_key_by_map_operator",5,backPressuredTimeMsPerSecond,0.0
1784197855,8,"KEYED PROCESS, Parse->Train, _stream_key_by_map_operator",6,busyTimeMsPerSecond,0.0
1784197855,8,"KEYED PROCESS, Parse->Train, _stream_key_by_map_operator",6,numRecordsOutPerSecond,0.0
1784197855,8,"KEYED PROCESS, Parse->Train, _stream_key_by_map_operator",6,idleTimeMsPerSecond,1000.0
1784197855,8,"KEYED PROCESS, Parse->Train, _stream_key_by_map_operator",6,numRecordsOut,0.0
1784197855,8,"KEYED PROCESS, Parse->Train, _stream_key_by_map_operator",6,numRecordsIn,0.0
1784197855,8,"KEYED PROCESS, Parse->Train, _stream_key_by_map_operator",6,numRecordsInPerSecond,0.0
1784197855,8,"KEYED PROCESS, Parse->Train, _stream_key_by_map_operator",6,backPressuredTimeMsPerSecond,0.0
1784197855,8,"KEYED PROCESS, Parse->Train, _stream_key_by_map_operator",7,busyTimeMsPerSecond,286.0
1784197855,8,"KEYED PROCESS, Parse->Train, _stream_key_by_map_operator",7,numRecordsOutPerSecond,0.08333333333333333
1784197855,8,"KEYED PROCESS, Parse->Train, _stream_key_by_map_operator",7,idleTimeMsPerSecond,0.0
1784197855,8,"KEYED PROCESS, Parse->Train, _stream_key_by_map_operator",7,numRecordsOut,122.0
1784197855,8,"KEYED PROCESS, Parse->Train, _stream_key_by_map_operator",7,numRecordsIn,123.0
1784197855,8,"KEYED PROCESS, Parse->Train, _stream_key_by_map_operator",7,numRecordsInPerSecond,0.08333333333333333
1784197855,8,"KEYED PROCESS, Parse->Train, _stream_key_by_map_operator",7,backPressuredTimeMsPerSecond,714.0
1784197855,8,"KEYED PROCESS, Train->Infer, _stream_key_by_map_operator",0,busyTimeMsPerSecond,506.0
1784197855,8,"KEYED PROCESS, Train->Infer, _stream_key_by_map_operator",0,numRecordsOutPerSecond,50.0
1784197855,8,"KEYED PROCESS, Train->Infer, _stream_key_by_map_operator",0,idleTimeMsPerSecond,494.0
1784197855,8,"KEYED PROCESS, Train->Infer, _stream_key_by_map_operator",0,numRecordsOut,26560.0
1784197855,8,"KEYED PROCESS, Train->Infer, _stream_key_by_map_operator",0,numRecordsIn,114.0
1784197855,8,"KEYED PROCESS, Train->Infer, _stream_key_by_map_operator",0,numRecordsInPerSecond,0.1
1784197855,8,"KEYED PROCESS, Train->Infer, _stream_key_by_map_operator",0,backPressuredTimeMsPerSecond,0.0
1784197855,8,"KEYED PROCESS, Train->Infer, _stream_key_by_map_operator",1,busyTimeMsPerSecond,327.0
1784197855,8,"KEYED PROCESS, Train->Infer, _stream_key_by_map_operator",1,numRecordsOutPerSecond,33.333333333333336
1784197855,8,"KEYED PROCESS, Train->Infer, _stream_key_by_map_operator",1,idleTimeMsPerSecond,673.0
1784197855,8,"KEYED PROCESS, Train->Infer, _stream_key_by_map_operator",1,numRecordsOut,25059.0
1784197855,8,"KEYED PROCESS, Train->Infer, _stream_key_by_map_operator",1,numRecordsIn,110.0
1784197855,8,"KEYED PROCESS, Train->Infer, _stream_key_by_map_operator",1,numRecordsInPerSecond,0.08333333333333333
1784197855,8,"KEYED PROCESS, Train->Infer, _stream_key_by_map_operator",1,backPressuredTimeMsPerSecond,0.0
1784197855,8,"KEYED PROCESS, Train->Infer, _stream_key_by_map_operator",2,busyTimeMsPerSecond,686.0
1784197855,8,"KEYED PROCESS, Train->Infer, _stream_key_by_map_operator",2,numRecordsOutPerSecond,66.66666666666667
1784197855,8,"KEYED PROCESS, Train->Infer, _stream_key_by_map_operator",2,idleTimeMsPerSecond,0.0
1784197855,8,"KEYED PROCESS, Train->Infer, _stream_key_by_map_operator",2,numRecordsOut,29015.0
1784197855,8,"KEYED PROCESS, Train->Infer, _stream_key_by_map_operator",2,numRecordsIn,73.0
1784197855,8,"KEYED PROCESS, Train->Infer, _stream_key_by_map_operator",2,numRecordsInPerSecond,0.13333333333333333
1784197855,8,"KEYED PROCESS, Train->Infer, _stream_key_by_map_operator",2,backPressuredTimeMsPerSecond,314.0
1784197855,8,"KEYED PROCESS, Train->Infer, _stream_key_by_map_operator",3,busyTimeMsPerSecond,267.0
1784197855,8,"KEYED PROCESS, Train->Infer, _stream_key_by_map_operator",3,numRecordsOutPerSecond,33.333333333333336
1784197855,8,"KEYED PROCESS, Train->Infer, _stream_key_by_map_operator",3,idleTimeMsPerSecond,733.0
1784197855,8,"KEYED PROCESS, Train->Infer, _stream_key_by_map_operator",3,numRecordsOut,29000.0
1784197855,8,"KEYED PROCESS, Train->Infer, _stream_key_by_map_operator",3,numRecordsIn,58.0
1784197855,8,"KEYED PROCESS, Train->Infer, _stream_key_by_map_operator",3,numRecordsInPerSecond,0.05
1784197855,8,"KEYED PROCESS, Train->Infer, _stream_key_by_map_operator",3,backPressuredTimeMsPerSecond,0.0
1784197855,8,"KEYED PROCESS, Train->Infer, _stream_key_by_map_operator",4,busyTimeMsPerSecond,461.0
1784197855,8,"KEYED PROCESS, Train->Infer, _stream_key_by_map_operator",4,numRecordsOutPerSecond,50.0
1784197855,8,"KEYED PROCESS, Train->Infer, _stream_key_by_map_operator",4,idleTimeMsPerSecond,539.0
1784197855,8,"KEYED PROCESS, Train->Infer, _stream_key_by_map_operator",4,numRecordsOut,20575.0
1784197855,8,"KEYED PROCESS, Train->Infer, _stream_key_by_map_operator",4,numRecordsIn,116.0
1784197855,8,"KEYED PROCESS, Train->Infer, _stream_key_by_map_operator",4,numRecordsInPerSecond,0.1
1784197855,8,"KEYED PROCESS, Train->Infer, _stream_key_by_map_operator",4,backPressuredTimeMsPerSecond,0.0
1784197855,8,"KEYED PROCESS, Train->Infer, _stream_key_by_map_operator",5,busyTimeMsPerSecond,61.0
1784197855,8,"KEYED PROCESS, Train->Infer, _stream_key_by_map_operator",5,numRecordsOutPerSecond,8.333333333333334
1784197855,8,"KEYED PROCESS, Train->Infer, _stream_key_by_map_operator",5,idleTimeMsPerSecond,939.0
1784197855,8,"KEYED PROCESS, Train->Infer, _stream_key_by_map_operator",5,numRecordsOut,27000.0
1784197855,8,"KEYED PROCESS, Train->Infer, _stream_key_by_map_operator",5,numRecordsIn,54.0
1784197855,8,"KEYED PROCESS, Train->Infer, _stream_key_by_map_operator",5,numRecordsInPerSecond,0.016666666666666666
1784197855,8,"KEYED PROCESS, Train->Infer, _stream_key_by_map_operator",5,backPressuredTimeMsPerSecond,0.0
1784197855,8,"KEYED PROCESS, Train->Infer, _stream_key_by_map_operator",6,busyTimeMsPerSecond,339.0
1784197855,8,"KEYED PROCESS, Train->Infer, _stream_key_by_map_operator",6,numRecordsOutPerSecond,41.666666666666664
1784197855,8,"KEYED PROCESS, Train->Infer, _stream_key_by_map_operator",6,idleTimeMsPerSecond,661.0
1784197855,8,"KEYED PROCESS, Train->Infer, _stream_key_by_map_operator",6,numRecordsOut,29000.0
1784197855,8,"KEYED PROCESS, Train->Infer, _stream_key_by_map_operator",6,numRecordsIn,59.0
1784197855,8,"KEYED PROCESS, Train->Infer, _stream_key_by_map_operator",6,numRecordsInPerSecond,0.06666666666666667
1784197855,8,"KEYED PROCESS, Train->Infer, _stream_key_by_map_operator",6,backPressuredTimeMsPerSecond,0.0
1784197855,8,"KEYED PROCESS, Train->Infer, _stream_key_by_map_operator",7,busyTimeMsPerSecond,408.0
1784197855,8,"KEYED PROCESS, Train->Infer, _stream_key_by_map_operator",7,numRecordsOutPerSecond,41.666666666666664
1784197855,8,"KEYED PROCESS, Train->Infer, _stream_key_by_map_operator",7,idleTimeMsPerSecond,364.0
1784197855,8,"KEYED PROCESS, Train->Infer, _stream_key_by_map_operator",7,numRecordsOut,29030.0
1784197855,8,"KEYED PROCESS, Train->Infer, _stream_key_by_map_operator",7,numRecordsIn,89.0
1784197855,8,"KEYED PROCESS, Train->Infer, _stream_key_by_map_operator",7,numRecordsInPerSecond,0.1
1784197855,8,"KEYED PROCESS, Train->Infer, _stream_key_by_map_operator",7,backPressuredTimeMsPerSecond,228.0
1784197855,8,"Infer->Rank, Rank->Filter, Filter -> Sink: Writer -> Sink: Committer",0,busyTimeMsPerSecond,1000.0
1784197855,8,"Infer->Rank, Rank->Filter, Filter -> Sink: Writer -> Sink: Committer",0,numRecordsOutPerSecond,42.5
1784197855,8,"Infer->Rank, Rank->Filter, Filter -> Sink: Writer -> Sink: Committer",0,idleTimeMsPerSecond,0.0
1784197855,8,"Infer->Rank, Rank->Filter, Filter -> Sink: Writer -> Sink: Committer",0,numRecordsOut,22774.0
1784197855,8,"Infer->Rank, Rank->Filter, Filter -> Sink: Writer -> Sink: Committer",0,numRecordsIn,25342.0
1784197855,8,"Infer->Rank, Rank->Filter, Filter -> Sink: Writer -> Sink: Committer",0,numRecordsInPerSecond,50.71666666666667
1784197855,8,"Infer->Rank, Rank->Filter, Filter -> Sink: Writer -> Sink: Committer",0,backPressuredTimeMsPerSecond,0.0
1784197855,8,"Infer->Rank, Rank->Filter, Filter -> Sink: Writer -> Sink: Committer",1,busyTimeMsPerSecond,535.0
1784197855,8,"Infer->Rank, Rank->Filter, Filter -> Sink: Writer -> Sink: Committer",1,numRecordsOutPerSecond,41.666666666666664
1784197855,8,"Infer->Rank, Rank->Filter, Filter -> Sink: Writer -> Sink: Committer",1,idleTimeMsPerSecond,465.0
1784197855,8,"Infer->Rank, Rank->Filter, Filter -> Sink: Writer -> Sink: Committer",1,numRecordsOut,22660.0
1784197855,8,"Infer->Rank, Rank->Filter, Filter -> Sink: Writer -> Sink: Committer",1,numRecordsIn,24730.0
1784197855,8,"Infer->Rank, Rank->Filter, Filter -> Sink: Writer -> Sink: Committer",1,numRecordsInPerSecond,50.81666666666667
1784197855,8,"Infer->Rank, Rank->Filter, Filter -> Sink: Writer -> Sink: Committer",1,backPressuredTimeMsPerSecond,0.0
1784197855,8,"Infer->Rank, Rank->Filter, Filter -> Sink: Writer -> Sink: Committer",2,busyTimeMsPerSecond,1000.0
1784197855,8,"Infer->Rank, Rank->Filter, Filter -> Sink: Writer -> Sink: Committer",2,numRecordsOutPerSecond,65.66666666666667
1784197855,8,"Infer->Rank, Rank->Filter, Filter -> Sink: Writer -> Sink: Committer",2,idleTimeMsPerSecond,0.0
1784197855,8,"Infer->Rank, Rank->Filter, Filter -> Sink: Writer -> Sink: Committer",2,numRecordsOut,22500.0
1784197855,8,"Infer->Rank, Rank->Filter, Filter -> Sink: Writer -> Sink: Committer",2,numRecordsIn,25723.0
1784197855,8,"Infer->Rank, Rank->Filter, Filter -> Sink: Writer -> Sink: Committer",2,numRecordsInPerSecond,67.56666666666666
1784197855,8,"Infer->Rank, Rank->Filter, Filter -> Sink: Writer -> Sink: Committer",2,backPressuredTimeMsPerSecond,0.0
1784197855,8,"Infer->Rank, Rank->Filter, Filter -> Sink: Writer -> Sink: Committer",3,busyTimeMsPerSecond,350.0
1784197855,8,"Infer->Rank, Rank->Filter, Filter -> Sink: Writer -> Sink: Committer",3,numRecordsOutPerSecond,25.666666666666668
1784197855,8,"Infer->Rank, Rank->Filter, Filter -> Sink: Writer -> Sink: Committer",3,idleTimeMsPerSecond,650.0
1784197855,8,"Infer->Rank, Rank->Filter, Filter -> Sink: Writer -> Sink: Committer",3,numRecordsOut,25940.0
1784197855,8,"Infer->Rank, Rank->Filter, Filter -> Sink: Writer -> Sink: Committer",3,numRecordsIn,28442.0
1784197855,8,"Infer->Rank, Rank->Filter, Filter -> Sink: Writer -> Sink: Committer",3,numRecordsInPerSecond,25.683333333333334
1784197855,8,"Infer->Rank, Rank->Filter, Filter -> Sink: Writer -> Sink: Committer",3,backPressuredTimeMsPerSecond,0.0
1784197855,8,"Infer->Rank, Rank->Filter, Filter -> Sink: Writer -> Sink: Committer",4,busyTimeMsPerSecond,612.0
1784197855,8,"Infer->Rank, Rank->Filter, Filter -> Sink: Writer -> Sink: Committer",4,numRecordsOutPerSecond,46.666666666666664
1784197855,8,"Infer->Rank, Rank->Filter, Filter -> Sink: Writer -> Sink: Committer",4,idleTimeMsPerSecond,388.0
1784197855,8,"Infer->Rank, Rank->Filter, Filter -> Sink: Writer -> Sink: Committer",4,numRecordsOut,20350.0
1784197855,8,"Infer->Rank, Rank->Filter, Filter -> Sink: Writer -> Sink: Committer",4,numRecordsIn,20445.0
1784197855,8,"Infer->Rank, Rank->Filter, Filter -> Sink: Writer -> Sink: Committer",4,numRecordsInPerSecond,46.61666666666667
1784197855,8,"Infer->Rank, Rank->Filter, Filter -> Sink: Writer -> Sink: Committer",4,backPressuredTimeMsPerSecond,0.0
1784197855,8,"Infer->Rank, Rank->Filter, Filter -> Sink: Writer -> Sink: Committer",5,busyTimeMsPerSecond,256.0
1784197855,8,"Infer->Rank, Rank->Filter, Filter -> Sink: Writer -> Sink: Committer",5,numRecordsOutPerSecond,31.0
1784197855,8,"Infer->Rank, Rank->Filter, Filter -> Sink: Writer -> Sink: Committer",5,idleTimeMsPerSecond,744.0
1784197855,8,"Infer->Rank, Rank->Filter, Filter -> Sink: Writer -> Sink: Committer",5,numRecordsOut,25000.0
1784197855,8,"Infer->Rank, Rank->Filter, Filter -> Sink: Writer -> Sink: Committer",5,numRecordsIn,27000.0
1784197855,8,"Infer->Rank, Rank->Filter, Filter -> Sink: Writer -> Sink: Committer",5,numRecordsInPerSecond,30.983333333333334
1784197855,8,"Infer->Rank, Rank->Filter, Filter -> Sink: Writer -> Sink: Committer",5,backPressuredTimeMsPerSecond,0.0
1784197855,8,"Infer->Rank, Rank->Filter, Filter -> Sink: Writer -> Sink: Committer",6,busyTimeMsPerSecond,356.0
1784197855,8,"Infer->Rank, Rank->Filter, Filter -> Sink: Writer -> Sink: Committer",6,numRecordsOutPerSecond,28.5
1784197855,8,"Infer->Rank, Rank->Filter, Filter -> Sink: Writer -> Sink: Committer",6,idleTimeMsPerSecond,644.0
1784197855,8,"Infer->Rank, Rank->Filter, Filter -> Sink: Writer -> Sink: Committer",6,numRecordsOut,24790.0
1784197855,8,"Infer->Rank, Rank->Filter, Filter -> Sink: Writer -> Sink: Committer",6,numRecordsIn,28298.0
1784197855,8,"Infer->Rank, Rank->Filter, Filter -> Sink: Writer -> Sink: Committer",6,numRecordsInPerSecond,28.666666666666668
1784197855,8,"Infer->Rank, Rank->Filter, Filter -> Sink: Writer -> Sink: Committer",6,backPressuredTimeMsPerSecond,0.0
1784197855,8,"Infer->Rank, Rank->Filter, Filter -> Sink: Writer -> Sink: Committer",7,busyTimeMsPerSecond,1000.0
1784197855,8,"Infer->Rank, Rank->Filter, Filter -> Sink: Writer -> Sink: Committer",7,numRecordsOutPerSecond,73.5
1784197855,8,"Infer->Rank, Rank->Filter, Filter -> Sink: Writer -> Sink: Committer",7,idleTimeMsPerSecond,0.0
1784197855,8,"Infer->Rank, Rank->Filter, Filter -> Sink: Writer -> Sink: Committer",7,numRecordsOut,26950.0
1784197855,8,"Infer->Rank, Rank->Filter, Filter -> Sink: Writer -> Sink: Committer",7,numRecordsIn,27494.0
1784197855,8,"Infer->Rank, Rank->Filter, Filter -> Sink: Writer -> Sink: Committer",7,numRecordsInPerSecond,73.51666666666667
1784197855,8,"Infer->Rank, Rank->Filter, Filter -> Sink: Writer -> Sink: Committer",7,backPressuredTimeMsPerSecond,0.0
1784197870,8,"Source: Source-data -> LoadJSON, Parse, _stream_key_by_map_operator",0,busyTimeMsPerSecond,0.0
1784197870,8,"Source: Source-data -> LoadJSON, Parse, _stream_key_by_map_operator",0,numRecordsOutPerSecond,0.0
1784197870,8,"Source: Source-data -> LoadJSON, Parse, _stream_key_by_map_operator",0,idleTimeMsPerSecond,1000.0
1784197870,8,"Source: Source-data -> LoadJSON, Parse, _stream_key_by_map_operator",0,numRecordsOut,6129.0
1784197870,8,"Source: Source-data -> LoadJSON, Parse, _stream_key_by_map_operator",0,numRecordsIn,6129.0
1784197870,8,"Source: Source-data -> LoadJSON, Parse, _stream_key_by_map_operator",0,numRecordsInPerSecond,0.0
1784197870,8,"Source: Source-data -> LoadJSON, Parse, _stream_key_by_map_operator",0,backPressuredTimeMsPerSecond,0.0
1784197870,8,"Source: Source-data -> LoadJSON, Parse, _stream_key_by_map_operator",1,busyTimeMsPerSecond,1.0
1784197870,8,"Source: Source-data -> LoadJSON, Parse, _stream_key_by_map_operator",1,numRecordsOutPerSecond,0.03333333333333333
1784197870,8,"Source: Source-data -> LoadJSON, Parse, _stream_key_by_map_operator",1,idleTimeMsPerSecond,999.0
1784197870,8,"Source: Source-data -> LoadJSON, Parse, _stream_key_by_map_operator",1,numRecordsOut,6022.0
1784197870,8,"Source: Source-data -> LoadJSON, Parse, _stream_key_by_map_operator",1,numRecordsIn,6022.0
1784197870,8,"Source: Source-data -> LoadJSON, Parse, _stream_key_by_map_operator",1,numRecordsInPerSecond,0.03333333333333333
1784197870,8,"Source: Source-data -> LoadJSON, Parse, _stream_key_by_map_operator",1,backPressuredTimeMsPerSecond,0.0
1784197870,8,"Source: Source-data -> LoadJSON, Parse, _stream_key_by_map_operator",2,busyTimeMsPerSecond,1.0
1784197870,8,"Source: Source-data -> LoadJSON, Parse, _stream_key_by_map_operator",2,numRecordsOutPerSecond,0.016666666666666666
1784197870,8,"Source: Source-data -> LoadJSON, Parse, _stream_key_by_map_operator",2,idleTimeMsPerSecond,999.0
1784197870,8,"Source: Source-data -> LoadJSON, Parse, _stream_key_by_map_operator",2,numRecordsOut,6231.0
1784197870,8,"Source: Source-data -> LoadJSON, Parse, _stream_key_by_map_operator",2,numRecordsIn,6231.0
1784197870,8,"Source: Source-data -> LoadJSON, Parse, _stream_key_by_map_operator",2,numRecordsInPerSecond,0.016666666666666666
1784197870,8,"Source: Source-data -> LoadJSON, Parse, _stream_key_by_map_operator",2,backPressuredTimeMsPerSecond,0.0
1784197870,8,"Source: Source-data -> LoadJSON, Parse, _stream_key_by_map_operator",3,busyTimeMsPerSecond,1.0
1784197870,8,"Source: Source-data -> LoadJSON, Parse, _stream_key_by_map_operator",3,numRecordsOutPerSecond,0.016666666666666666
1784197870,8,"Source: Source-data -> LoadJSON, Parse, _stream_key_by_map_operator",3,idleTimeMsPerSecond,999.0
1784197870,8,"Source: Source-data -> LoadJSON, Parse, _stream_key_by_map_operator",3,numRecordsOut,6018.0
1784197870,8,"Source: Source-data -> LoadJSON, Parse, _stream_key_by_map_operator",3,numRecordsIn,6018.0
1784197870,8,"Source: Source-data -> LoadJSON, Parse, _stream_key_by_map_operator",3,numRecordsInPerSecond,0.016666666666666666
1784197870,8,"Source: Source-data -> LoadJSON, Parse, _stream_key_by_map_operator",3,backPressuredTimeMsPerSecond,0.0
1784197870,8,"Source: Source-data -> LoadJSON, Parse, _stream_key_by_map_operator",4,busyTimeMsPerSecond,0.0
1784197870,8,"Source: Source-data -> LoadJSON, Parse, _stream_key_by_map_operator",4,numRecordsOutPerSecond,0.0
1784197870,8,"Source: Source-data -> LoadJSON, Parse, _stream_key_by_map_operator",4,idleTimeMsPerSecond,1000.0
1784197870,8,"Source: Source-data -> LoadJSON, Parse, _stream_key_by_map_operator",4,numRecordsOut,6065.0
1784197870,8,"Source: Source-data -> LoadJSON, Parse, _stream_key_by_map_operator",4,numRecordsIn,6065.0
1784197870,8,"Source: Source-data -> LoadJSON, Parse, _stream_key_by_map_operator",4,numRecordsInPerSecond,0.0
1784197870,8,"Source: Source-data -> LoadJSON, Parse, _stream_key_by_map_operator",4,backPressuredTimeMsPerSecond,0.0
1784197870,8,"Source: Source-data -> LoadJSON, Parse, _stream_key_by_map_operator",5,busyTimeMsPerSecond,0.0
1784197870,8,"Source: Source-data -> LoadJSON, Parse, _stream_key_by_map_operator",5,numRecordsOutPerSecond,0.0
1784197870,8,"Source: Source-data -> LoadJSON, Parse, _stream_key_by_map_operator",5,idleTimeMsPerSecond,1000.0
1784197870,8,"Source: Source-data -> LoadJSON, Parse, _stream_key_by_map_operator",5,numRecordsOut,6100.0
1784197870,8,"Source: Source-data -> LoadJSON, Parse, _stream_key_by_map_operator",5,numRecordsIn,6100.0
1784197870,8,"Source: Source-data -> LoadJSON, Parse, _stream_key_by_map_operator",5,numRecordsInPerSecond,0.0
1784197870,8,"Source: Source-data -> LoadJSON, Parse, _stream_key_by_map_operator",5,backPressuredTimeMsPerSecond,0.0
1784197870,8,"Source: Source-data -> LoadJSON, Parse, _stream_key_by_map_operator",6,busyTimeMsPerSecond,1.0
1784197870,8,"Source: Source-data -> LoadJSON, Parse, _stream_key_by_map_operator",6,numRecordsOutPerSecond,0.03333333333333333
1784197870,8,"Source: Source-data -> LoadJSON, Parse, _stream_key_by_map_operator",6,idleTimeMsPerSecond,999.0
1784197870,8,"Source: Source-data -> LoadJSON, Parse, _stream_key_by_map_operator",6,numRecordsOut,6062.0
1784197870,8,"Source: Source-data -> LoadJSON, Parse, _stream_key_by_map_operator",6,numRecordsIn,6062.0
1784197870,8,"Source: Source-data -> LoadJSON, Parse, _stream_key_by_map_operator",6,numRecordsInPerSecond,0.03333333333333333
1784197870,8,"Source: Source-data -> LoadJSON, Parse, _stream_key_by_map_operator",6,backPressuredTimeMsPerSecond,0.0
1784197870,8,"Source: Source-data -> LoadJSON, Parse, _stream_key_by_map_operator",7,busyTimeMsPerSecond,5.0
1784197870,8,"Source: Source-data -> LoadJSON, Parse, _stream_key_by_map_operator",7,numRecordsOutPerSecond,0.05
1784197870,8,"Source: Source-data -> LoadJSON, Parse, _stream_key_by_map_operator",7,idleTimeMsPerSecond,995.0
1784197870,8,"Source: Source-data -> LoadJSON, Parse, _stream_key_by_map_operator",7,numRecordsOut,5968.0
1784197870,8,"Source: Source-data -> LoadJSON, Parse, _stream_key_by_map_operator",7,numRecordsIn,5968.0
1784197870,8,"Source: Source-data -> LoadJSON, Parse, _stream_key_by_map_operator",7,numRecordsInPerSecond,0.05
1784197870,8,"Source: Source-data -> LoadJSON, Parse, _stream_key_by_map_operator",7,backPressuredTimeMsPerSecond,0.0
1784197870,8,"KEYED PROCESS, Parse->Train, _stream_key_by_map_operator",0,busyTimeMsPerSecond,642.0
1784197870,8,"KEYED PROCESS, Parse->Train, _stream_key_by_map_operator",0,numRecordsOutPerSecond,0.2
1784197870,8,"KEYED PROCESS, Parse->Train, _stream_key_by_map_operator",0,idleTimeMsPerSecond,0.0
1784197870,8,"KEYED PROCESS, Parse->Train, _stream_key_by_map_operator",0,numRecordsOut,146.0
1784197870,8,"KEYED PROCESS, Parse->Train, _stream_key_by_map_operator",0,numRecordsIn,147.0
1784197870,8,"KEYED PROCESS, Parse->Train, _stream_key_by_map_operator",0,numRecordsInPerSecond,0.2
1784197870,8,"KEYED PROCESS, Parse->Train, _stream_key_by_map_operator",0,backPressuredTimeMsPerSecond,358.0
1784197870,8,"KEYED PROCESS, Parse->Train, _stream_key_by_map_operator",1,busyTimeMsPerSecond,331.0
1784197870,8,"KEYED PROCESS, Parse->Train, _stream_key_by_map_operator",1,numRecordsOutPerSecond,0.11666666666666667
1784197870,8,"KEYED PROCESS, Parse->Train, _stream_key_by_map_operator",1,idleTimeMsPerSecond,0.0
1784197870,8,"KEYED PROCESS, Parse->Train, _stream_key_by_map_operator",1,numRecordsOut,146.0
1784197870,8,"KEYED PROCESS, Parse->Train, _stream_key_by_map_operator",1,numRecordsIn,147.0
1784197870,8,"KEYED PROCESS, Parse->Train, _stream_key_by_map_operator",1,numRecordsInPerSecond,0.11666666666666667
1784197870,8,"KEYED PROCESS, Parse->Train, _stream_key_by_map_operator",1,backPressuredTimeMsPerSecond,669.0
1784197870,8,"KEYED PROCESS, Parse->Train, _stream_key_by_map_operator",2,busyTimeMsPerSecond,227.0
1784197870,8,"KEYED PROCESS, Parse->Train, _stream_key_by_map_operator",2,numRecordsOutPerSecond,0.08333333333333333
1784197870,8,"KEYED PROCESS, Parse->Train, _stream_key_by_map_operator",2,idleTimeMsPerSecond,0.0
1784197870,8,"KEYED PROCESS, Parse->Train, _stream_key_by_map_operator",2,numRecordsOut,94.0
1784197870,8,"KEYED PROCESS, Parse->Train, _stream_key_by_map_operator",2,numRecordsIn,95.0
1784197870,8,"KEYED PROCESS, Parse->Train, _stream_key_by_map_operator",2,numRecordsInPerSecond,0.08333333333333333
1784197870,8,"KEYED PROCESS, Parse->Train, _stream_key_by_map_operator",2,backPressuredTimeMsPerSecond,773.0
1784197870,8,"KEYED PROCESS, Parse->Train, _stream_key_by_map_operator",3,busyTimeMsPerSecond,0.0
1784197870,8,"KEYED PROCESS, Parse->Train, _stream_key_by_map_operator",3,numRecordsOutPerSecond,0.0
1784197870,8,"KEYED PROCESS, Parse->Train, _stream_key_by_map_operator",3,idleTimeMsPerSecond,1000.0
1784197870,8,"KEYED PROCESS, Parse->Train, _stream_key_by_map_operator",3,numRecordsOut,0.0
1784197870,8,"KEYED PROCESS, Parse->Train, _stream_key_by_map_operator",3,numRecordsIn,0.0
1784197870,8,"KEYED PROCESS, Parse->Train, _stream_key_by_map_operator",3,numRecordsInPerSecond,0.0
1784197870,8,"KEYED PROCESS, Parse->Train, _stream_key_by_map_operator",3,backPressuredTimeMsPerSecond,0.0
1784197870,8,"KEYED PROCESS, Parse->Train, _stream_key_by_map_operator",4,busyTimeMsPerSecond,504.0
1784197870,8,"KEYED PROCESS, Parse->Train, _stream_key_by_map_operator",4,numRecordsOutPerSecond,0.15
1784197870,8,"KEYED PROCESS, Parse->Train, _stream_key_by_map_operator",4,idleTimeMsPerSecond,0.0
1784197870,8,"KEYED PROCESS, Parse->Train, _stream_key_by_map_operator",4,numRecordsOut,168.0
1784197870,8,"KEYED PROCESS, Parse->Train, _stream_key_by_map_operator",4,numRecordsIn,169.0
1784197870,8,"KEYED PROCESS, Parse->Train, _stream_key_by_map_operator",4,numRecordsInPerSecond,0.15
1784197870,8,"KEYED PROCESS, Parse->Train, _stream_key_by_map_operator",4,backPressuredTimeMsPerSecond,496.0
1784197870,8,"KEYED PROCESS, Parse->Train, _stream_key_by_map_operator",5,busyTimeMsPerSecond,0.0
1784197870,8,"KEYED PROCESS, Parse->Train, _stream_key_by_map_operator",5,numRecordsOutPerSecond,0.0
1784197870,8,"KEYED PROCESS, Parse->Train, _stream_key_by_map_operator",5,idleTimeMsPerSecond,1000.0
1784197870,8,"KEYED PROCESS, Parse->Train, _stream_key_by_map_operator",5,numRecordsOut,0.0
1784197870,8,"KEYED PROCESS, Parse->Train, _stream_key_by_map_operator",5,numRecordsIn,0.0
1784197870,8,"KEYED PROCESS, Parse->Train, _stream_key_by_map_operator",5,numRecordsInPerSecond,0.0
1784197870,8,"KEYED PROCESS, Parse->Train, _stream_key_by_map_operator",5,backPressuredTimeMsPerSecond,0.0
1784197870,8,"KEYED PROCESS, Parse->Train, _stream_key_by_map_operator",6,busyTimeMsPerSecond,0.0
1784197870,8,"KEYED PROCESS, Parse->Train, _stream_key_by_map_operator",6,numRecordsOutPerSecond,0.0
1784197870,8,"KEYED PROCESS, Parse->Train, _stream_key_by_map_operator",6,idleTimeMsPerSecond,1000.0
1784197870,8,"KEYED PROCESS, Parse->Train, _stream_key_by_map_operator",6,numRecordsOut,0.0
1784197870,8,"KEYED PROCESS, Parse->Train, _stream_key_by_map_operator",6,numRecordsIn,0.0
1784197870,8,"KEYED PROCESS, Parse->Train, _stream_key_by_map_operator",6,numRecordsInPerSecond,0.0
1784197870,8,"KEYED PROCESS, Parse->Train, _stream_key_by_map_operator",6,backPressuredTimeMsPerSecond,0.0
1784197870,8,"KEYED PROCESS, Parse->Train, _stream_key_by_map_operator",7,busyTimeMsPerSecond,124.0
1784197870,8,"KEYED PROCESS, Parse->Train, _stream_key_by_map_operator",7,numRecordsOutPerSecond,0.03333333333333333
1784197870,8,"KEYED PROCESS, Parse->Train, _stream_key_by_map_operator",7,idleTimeMsPerSecond,0.0
1784197870,8,"KEYED PROCESS, Parse->Train, _stream_key_by_map_operator",7,numRecordsOut,122.0
1784197870,8,"KEYED PROCESS, Parse->Train, _stream_key_by_map_operator",7,numRecordsIn,123.0
1784197870,8,"KEYED PROCESS, Parse->Train, _stream_key_by_map_operator",7,numRecordsInPerSecond,0.03333333333333333
1784197870,8,"KEYED PROCESS, Parse->Train, _stream_key_by_map_operator",7,backPressuredTimeMsPerSecond,876.0
1784197870,8,"KEYED PROCESS, Train->Infer, _stream_key_by_map_operator",0,busyTimeMsPerSecond,652.0
1784197870,8,"KEYED PROCESS, Train->Infer, _stream_key_by_map_operator",0,numRecordsOutPerSecond,66.66666666666667
1784197870,8,"KEYED PROCESS, Train->Infer, _stream_key_by_map_operator",0,idleTimeMsPerSecond,348.0
1784197870,8,"KEYED PROCESS, Train->Infer, _stream_key_by_map_operator",0,numRecordsOut,28060.0
1784197870,8,"KEYED PROCESS, Train->Infer, _stream_key_by_map_operator",0,numRecordsIn,117.0
1784197870,8,"KEYED PROCESS, Train->Infer, _stream_key_by_map_operator",0,numRecordsInPerSecond,0.11666666666666667
1784197870,8,"KEYED PROCESS, Train->Infer, _stream_key_by_map_operator",0,backPressuredTimeMsPerSecond,0.0
1784197870,8,"KEYED PROCESS, Train->Infer, _stream_key_by_map_operator",1,busyTimeMsPerSecond,309.0
1784197870,8,"KEYED PROCESS, Train->Infer, _stream_key_by_map_operator",1,numRecordsOutPerSecond,41.666666666666664
1784197870,8,"KEYED PROCESS, Train->Infer, _stream_key_by_map_operator",1,idleTimeMsPerSecond,691.0
1784197870,8,"KEYED PROCESS, Train->Infer, _stream_key_by_map_operator",1,numRecordsOut,25059.0
1784197870,8,"KEYED PROCESS, Train->Infer, _stream_key_by_map_operator",1,numRecordsIn,110.0
1784197870,8,"KEYED PROCESS, Train->Infer, _stream_key_by_map_operator",1,numRecordsInPerSecond,0.06666666666666667
1784197870,8,"KEYED PROCESS, Train->Infer, _stream_key_by_map_operator",1,backPressuredTimeMsPerSecond,0.0
1784197870,8,"KEYED PROCESS, Train->Infer, _stream_key_by_map_operator",2,busyTimeMsPerSecond,634.0
1784197870,8,"KEYED PROCESS, Train->Infer, _stream_key_by_map_operator",2,numRecordsOutPerSecond,58.333333333333336
1784197870,8,"KEYED PROCESS, Train->Infer, _stream_key_by_map_operator",2,idleTimeMsPerSecond,0.0
1784197870,8,"KEYED PROCESS, Train->Infer, _stream_key_by_map_operator",2,numRecordsOut,29515.0
1784197870,8,"KEYED PROCESS, Train->Infer, _stream_key_by_map_operator",2,numRecordsIn,75.0
1784197870,8,"KEYED PROCESS, Train->Infer, _stream_key_by_map_operator",2,numRecordsInPerSecond,0.13333333333333333
1784197870,8,"KEYED PROCESS, Train->Infer, _stream_key_by_map_operator",2,backPressuredTimeMsPerSecond,366.0
1784197870,8,"KEYED PROCESS, Train->Infer, _stream_key_by_map_operator",3,busyTimeMsPerSecond,273.0
1784197870,8,"KEYED PROCESS, Train->Infer, _stream_key_by_map_operator",3,numRecordsOutPerSecond,33.333333333333336
1784197870,8,"KEYED PROCESS, Train->Infer, _stream_key_by_map_operator",3,idleTimeMsPerSecond,727.0
1784197870,8,"KEYED PROCESS, Train->Infer, _stream_key_by_map_operator",3,numRecordsOut,29500.0
1784197870,8,"KEYED PROCESS, Train->Infer, _stream_key_by_map_operator",3,numRecordsIn,59.0
1784197870,8,"KEYED PROCESS, Train->Infer, _stream_key_by_map_operator",3,numRecordsInPerSecond,0.06666666666666667
1784197870,8,"KEYED PROCESS, Train->Infer, _stream_key_by_map_operator",3,backPressuredTimeMsPerSecond,0.0
1784197870,8,"KEYED PROCESS, Train->Infer, _stream_key_by_map_operator",4,busyTimeMsPerSecond,401.0
1784197870,8,"KEYED PROCESS, Train->Infer, _stream_key_by_map_operator",4,numRecordsOutPerSecond,41.666666666666664
1784197870,8,"KEYED PROCESS, Train->Infer, _stream_key_by_map_operator",4,idleTimeMsPerSecond,599.0
1784197870,8,"KEYED PROCESS, Train->Infer, _stream_key_by_map_operator",4,numRecordsOut,21075.0
1784197870,8,"KEYED PROCESS, Train->Infer, _stream_key_by_map_operator",4,numRecordsIn,117.0
1784197870,8,"KEYED PROCESS, Train->Infer, _stream_key_by_map_operator",4,numRecordsInPerSecond,0.08333333333333333
1784197870,8,"KEYED PROCESS, Train->Infer, _stream_key_by_map_operator",4,backPressuredTimeMsPerSecond,0.0
1784197870,8,"KEYED PROCESS, Train->Infer, _stream_key_by_map_operator",5,busyTimeMsPerSecond,61.0
1784197870,8,"KEYED PROCESS, Train->Infer, _stream_key_by_map_operator",5,numRecordsOutPerSecond,8.333333333333334
1784197870,8,"KEYED PROCESS, Train->Infer, _stream_key_by_map_operator",5,idleTimeMsPerSecond,939.0
1784197870,8,"KEYED PROCESS, Train->Infer, _stream_key_by_map_operator",5,numRecordsOut,27000.0
1784197870,8,"KEYED PROCESS, Train->Infer, _stream_key_by_map_operator",5,numRecordsIn,54.0
1784197870,8,"KEYED PROCESS, Train->Infer, _stream_key_by_map_operator",5,numRecordsInPerSecond,0.016666666666666666
1784197870,8,"KEYED PROCESS, Train->Infer, _stream_key_by_map_operator",5,backPressuredTimeMsPerSecond,0.0
1784197870,8,"KEYED PROCESS, Train->Infer, _stream_key_by_map_operator",6,busyTimeMsPerSecond,265.0
1784197870,8,"KEYED PROCESS, Train->Infer, _stream_key_by_map_operator",6,numRecordsOutPerSecond,33.333333333333336
1784197870,8,"KEYED PROCESS, Train->Infer, _stream_key_by_map_operator",6,idleTimeMsPerSecond,735.0
1784197870,8,"KEYED PROCESS, Train->Infer, _stream_key_by_map_operator",6,numRecordsOut,29500.0
1784197870,8,"KEYED PROCESS, Train->Infer, _stream_key_by_map_operator",6,numRecordsIn,59.0
1784197870,8,"KEYED PROCESS, Train->Infer, _stream_key_by_map_operator",6,numRecordsInPerSecond,0.06666666666666667
1784197870,8,"KEYED PROCESS, Train->Infer, _stream_key_by_map_operator",6,backPressuredTimeMsPerSecond,0.0
1784197870,8,"KEYED PROCESS, Train->Infer, _stream_key_by_map_operator",7,busyTimeMsPerSecond,473.0
1784197870,8,"KEYED PROCESS, Train->Infer, _stream_key_by_map_operator",7,numRecordsOutPerSecond,50.0
1784197870,8,"KEYED PROCESS, Train->Infer, _stream_key_by_map_operator",7,idleTimeMsPerSecond,477.0
1784197870,8,"KEYED PROCESS, Train->Infer, _stream_key_by_map_operator",7,numRecordsOut,30030.0
1784197870,8,"KEYED PROCESS, Train->Infer, _stream_key_by_map_operator",7,numRecordsIn,90.0
1784197870,8,"KEYED PROCESS, Train->Infer, _stream_key_by_map_operator",7,numRecordsInPerSecond,0.1
1784197870,8,"KEYED PROCESS, Train->Infer, _stream_key_by_map_operator",7,backPressuredTimeMsPerSecond,50.0
1784197870,8,"Infer->Rank, Rank->Filter, Filter -> Sink: Writer -> Sink: Committer",0,busyTimeMsPerSecond,1000.0
1784197870,8,"Infer->Rank, Rank->Filter, Filter -> Sink: Writer -> Sink: Committer",0,numRecordsOutPerSecond,48.833333333333336
1784197870,8,"Infer->Rank, Rank->Filter, Filter -> Sink: Writer -> Sink: Committer",0,idleTimeMsPerSecond,0.0
1784197870,8,"Infer->Rank, Rank->Filter, Filter -> Sink: Writer -> Sink: Committer",0,numRecordsOut,24034.0
1784197870,8,"Infer->Rank, Rank->Filter, Filter -> Sink: Writer -> Sink: Committer",0,numRecordsIn,26610.0
1784197870,8,"Infer->Rank, Rank->Filter, Filter -> Sink: Writer -> Sink: Committer",0,numRecordsInPerSecond,48.78333333333333
1784197870,8,"Infer->Rank, Rank->Filter, Filter -> Sink: Writer -> Sink: Committer",0,backPressuredTimeMsPerSecond,0.0
1784197870,8,"Infer->Rank, Rank->Filter, Filter -> Sink: Writer -> Sink: Committer",1,busyTimeMsPerSecond,464.0
1784197870,8,"Infer->Rank, Rank->Filter, Filter -> Sink: Writer -> Sink: Committer",1,numRecordsOutPerSecond,33.333333333333336
1784197870,8,"Infer->Rank, Rank->Filter, Filter -> Sink: Writer -> Sink: Committer",1,idleTimeMsPerSecond,536.0
1784197870,8,"Infer->Rank, Rank->Filter, Filter -> Sink: Writer -> Sink: Committer",1,numRecordsOut,22990.0
1784197870,8,"Infer->Rank, Rank->Filter, Filter -> Sink: Writer -> Sink: Committer",1,numRecordsIn,25059.0
1784197870,8,"Infer->Rank, Rank->Filter, Filter -> Sink: Writer -> Sink: Committer",1,numRecordsInPerSecond,41.666666666666664
1784197870,8,"Infer->Rank, Rank->Filter, Filter -> Sink: Writer -> Sink: Committer",1,backPressuredTimeMsPerSecond,0.0
1784197870,8,"Infer->Rank, Rank->Filter, Filter -> Sink: Writer -> Sink: Committer",2,busyTimeMsPerSecond,1000.0
1784197870,8,"Infer->Rank, Rank->Filter, Filter -> Sink: Writer -> Sink: Committer",2,numRecordsOutPerSecond,51.166666666666664
1784197870,8,"Infer->Rank, Rank->Filter, Filter -> Sink: Writer -> Sink: Committer",2,idleTimeMsPerSecond,0.0
1784197870,8,"Infer->Rank, Rank->Filter, Filter -> Sink: Writer -> Sink: Committer",2,numRecordsOut,22820.0
1784197870,8,"Infer->Rank, Rank->Filter, Filter -> Sink: Writer -> Sink: Committer",2,numRecordsIn,26341.0
1784197870,8,"Infer->Rank, Rank->Filter, Filter -> Sink: Writer -> Sink: Committer",2,numRecordsInPerSecond,59.46666666666667
1784197870,8,"Infer->Rank, Rank->Filter, Filter -> Sink: Writer -> Sink: Committer",2,backPressuredTimeMsPerSecond,0.0
1784197870,8,"Infer->Rank, Rank->Filter, Filter -> Sink: Writer -> Sink: Committer",3,busyTimeMsPerSecond,341.0
1784197870,8,"Infer->Rank, Rank->Filter, Filter -> Sink: Writer -> Sink: Committer",3,numRecordsOutPerSecond,27.333333333333332
1784197870,8,"Infer->Rank, Rank->Filter, Filter -> Sink: Writer -> Sink: Committer",3,idleTimeMsPerSecond,659.0
1784197870,8,"Infer->Rank, Rank->Filter, Filter -> Sink: Writer -> Sink: Committer",3,numRecordsOut,26970.0
1784197870,8,"Infer->Rank, Rank->Filter, Filter -> Sink: Writer -> Sink: Committer",3,numRecordsIn,29477.0
1784197870,8,"Infer->Rank, Rank->Filter, Filter -> Sink: Writer -> Sink: Committer",3,numRecordsInPerSecond,27.433333333333334
1784197870,8,"Infer->Rank, Rank->Filter, Filter -> Sink: Writer -> Sink: Committer",3,backPressuredTimeMsPerSecond,0.0
1784197870,8,"Infer->Rank, Rank->Filter, Filter -> Sink: Writer -> Sink: Committer",4,busyTimeMsPerSecond,596.0
1784197870,8,"Infer->Rank, Rank->Filter, Filter -> Sink: Writer -> Sink: Committer",4,numRecordsOutPerSecond,41.666666666666664
1784197870,8,"Infer->Rank, Rank->Filter, Filter -> Sink: Writer -> Sink: Committer",4,idleTimeMsPerSecond,404.0
1784197870,8,"Infer->Rank, Rank->Filter, Filter -> Sink: Writer -> Sink: Committer",4,numRecordsOut,20590.0
1784197870,8,"Infer->Rank, Rank->Filter, Filter -> Sink: Writer -> Sink: Committer",4,numRecordsIn,20683.0
1784197870,8,"Infer->Rank, Rank->Filter, Filter -> Sink: Writer -> Sink: Committer",4,numRecordsInPerSecond,41.666666666666664
1784197870,8,"Infer->Rank, Rank->Filter, Filter -> Sink: Writer -> Sink: Committer",4,backPressuredTimeMsPerSecond,0.0
1784197870,8,"Infer->Rank, Rank->Filter, Filter -> Sink: Writer -> Sink: Committer",5,busyTimeMsPerSecond,72.0
1784197870,8,"Infer->Rank, Rank->Filter, Filter -> Sink: Writer -> Sink: Committer",5,numRecordsOutPerSecond,8.333333333333334
1784197870,8,"Infer->Rank, Rank->Filter, Filter -> Sink: Writer -> Sink: Committer",5,idleTimeMsPerSecond,928.0
1784197870,8,"Infer->Rank, Rank->Filter, Filter -> Sink: Writer -> Sink: Committer",5,numRecordsOut,25000.0
1784197870,8,"Infer->Rank, Rank->Filter, Filter -> Sink: Writer -> Sink: Committer",5,numRecordsIn,27000.0
1784197870,8,"Infer->Rank, Rank->Filter, Filter -> Sink: Writer -> Sink: Committer",5,numRecordsInPerSecond,8.333333333333334
1784197870,8,"Infer->Rank, Rank->Filter, Filter -> Sink: Writer -> Sink: Committer",5,backPressuredTimeMsPerSecond,0.0
1784197870,8,"Infer->Rank, Rank->Filter, Filter -> Sink: Writer -> Sink: Committer",6,busyTimeMsPerSecond,399.0
1784197870,8,"Infer->Rank, Rank->Filter, Filter -> Sink: Writer -> Sink: Committer",6,numRecordsOutPerSecond,25.0
1784197870,8,"Infer->Rank, Rank->Filter, Filter -> Sink: Writer -> Sink: Committer",6,idleTimeMsPerSecond,601.0
1784197870,8,"Infer->Rank, Rank->Filter, Filter -> Sink: Writer -> Sink: Committer",6,numRecordsOut,25500.0
1784197870,8,"Infer->Rank, Rank->Filter, Filter -> Sink: Writer -> Sink: Committer",6,numRecordsIn,29500.0
1784197870,8,"Infer->Rank, Rank->Filter, Filter -> Sink: Writer -> Sink: Committer",6,numRecordsInPerSecond,33.333333333333336
1784197870,8,"Infer->Rank, Rank->Filter, Filter -> Sink: Writer -> Sink: Committer",6,backPressuredTimeMsPerSecond,0.0
1784197870,8,"Infer->Rank, Rank->Filter, Filter -> Sink: Writer -> Sink: Committer",7,busyTimeMsPerSecond,1000.0
1784197870,8,"Infer->Rank, Rank->Filter, Filter -> Sink: Writer -> Sink: Committer",7,numRecordsOutPerSecond,81.33333333333333
1784197870,8,"Infer->Rank, Rank->Filter, Filter -> Sink: Writer -> Sink: Committer",7,idleTimeMsPerSecond,0.0
1784197870,8,"Infer->Rank, Rank->Filter, Filter -> Sink: Writer -> Sink: Committer",7,numRecordsOut,28550.0
1784197870,8,"Infer->Rank, Rank->Filter, Filter -> Sink: Writer -> Sink: Committer",7,numRecordsIn,29091.0
1784197870,8,"Infer->Rank, Rank->Filter, Filter -> Sink: Writer -> Sink: Committer",7,numRecordsInPerSecond,81.41666666666667
1784197870,8,"Infer->Rank, Rank->Filter, Filter -> Sink: Writer -> Sink: Committer",7,backPressuredTimeMsPerSecond,0.0
1784197885,8,"Source: Source-data -> LoadJSON, Parse, _stream_key_by_map_operator",0,busyTimeMsPerSecond,0.0
1784197885,8,"Source: Source-data -> LoadJSON, Parse, _stream_key_by_map_operator",0,numRecordsOutPerSecond,0.0
1784197885,8,"Source: Source-data -> LoadJSON, Parse, _stream_key_by_map_operator",0,idleTimeMsPerSecond,1000.0
1784197885,8,"Source: Source-data -> LoadJSON, Parse, _stream_key_by_map_operator",0,numRecordsOut,6129.0
1784197885,8,"Source: Source-data -> LoadJSON, Parse, _stream_key_by_map_operator",0,numRecordsIn,6129.0
1784197885,8,"Source: Source-data -> LoadJSON, Parse, _stream_key_by_map_operator",0,numRecordsInPerSecond,0.0
1784197885,8,"Source: Source-data -> LoadJSON, Parse, _stream_key_by_map_operator",0,backPressuredTimeMsPerSecond,0.0
1784197885,8,"Source: Source-data -> LoadJSON, Parse, _stream_key_by_map_operator",1,busyTimeMsPerSecond,1.0
1784197885,8,"Source: Source-data -> LoadJSON, Parse, _stream_key_by_map_operator",1,numRecordsOutPerSecond,0.016666666666666666
1784197885,8,"Source: Source-data -> LoadJSON, Parse, _stream_key_by_map_operator",1,idleTimeMsPerSecond,999.0
1784197885,8,"Source: Source-data -> LoadJSON, Parse, _stream_key_by_map_operator",1,numRecordsOut,6022.0
1784197885,8,"Source: Source-data -> LoadJSON, Parse, _stream_key_by_map_operator",1,numRecordsIn,6022.0
1784197885,8,"Source: Source-data -> LoadJSON, Parse, _stream_key_by_map_operator",1,numRecordsInPerSecond,0.016666666666666666
1784197885,8,"Source: Source-data -> LoadJSON, Parse, _stream_key_by_map_operator",1,backPressuredTimeMsPerSecond,0.0
1784197885,8,"Source: Source-data -> LoadJSON, Parse, _stream_key_by_map_operator",2,busyTimeMsPerSecond,0.0
1784197885,8,"Source: Source-data -> LoadJSON, Parse, _stream_key_by_map_operator",2,numRecordsOutPerSecond,0.0
1784197885,8,"Source: Source-data -> LoadJSON, Parse, _stream_key_by_map_operator",2,idleTimeMsPerSecond,1000.0
1784197885,8,"Source: Source-data -> LoadJSON, Parse, _stream_key_by_map_operator",2,numRecordsOut,6231.0
1784197885,8,"Source: Source-data -> LoadJSON, Parse, _stream_key_by_map_operator",2,numRecordsIn,6231.0
1784197885,8,"Source: Source-data -> LoadJSON, Parse, _stream_key_by_map_operator",2,numRecordsInPerSecond,0.0
1784197885,8,"Source: Source-data -> LoadJSON, Parse, _stream_key_by_map_operator",2,backPressuredTimeMsPerSecond,0.0
1784197885,8,"Source: Source-data -> LoadJSON, Parse, _stream_key_by_map_operator",3,busyTimeMsPerSecond,1.0
1784197885,8,"Source: Source-data -> LoadJSON, Parse, _stream_key_by_map_operator",3,numRecordsOutPerSecond,0.03333333333333333
1784197885,8,"Source: Source-data -> LoadJSON, Parse, _stream_key_by_map_operator",3,idleTimeMsPerSecond,999.0
1784197885,8,"Source: Source-data -> LoadJSON, Parse, _stream_key_by_map_operator",3,numRecordsOut,6019.0
1784197885,8,"Source: Source-data -> LoadJSON, Parse, _stream_key_by_map_operator",3,numRecordsIn,6019.0
1784197885,8,"Source: Source-data -> LoadJSON, Parse, _stream_key_by_map_operator",3,numRecordsInPerSecond,0.03333333333333333
1784197885,8,"Source: Source-data -> LoadJSON, Parse, _stream_key_by_map_operator",3,backPressuredTimeMsPerSecond,0.0
1784197885,8,"Source: Source-data -> LoadJSON, Parse, _stream_key_by_map_operator",4,busyTimeMsPerSecond,1.0
1784197885,8,"Source: Source-data -> LoadJSON, Parse, _stream_key_by_map_operator",4,numRecordsOutPerSecond,0.03333333333333333
1784197885,8,"Source: Source-data -> LoadJSON, Parse, _stream_key_by_map_operator",4,idleTimeMsPerSecond,999.0
1784197885,8,"Source: Source-data -> LoadJSON, Parse, _stream_key_by_map_operator",4,numRecordsOut,6067.0
1784197885,8,"Source: Source-data -> LoadJSON, Parse, _stream_key_by_map_operator",4,numRecordsIn,6067.0
1784197885,8,"Source: Source-data -> LoadJSON, Parse, _stream_key_by_map_operator",4,numRecordsInPerSecond,0.03333333333333333
1784197885,8,"Source: Source-data -> LoadJSON, Parse, _stream_key_by_map_operator",4,backPressuredTimeMsPerSecond,0.0
1784197885,8,"Source: Source-data -> LoadJSON, Parse, _stream_key_by_map_operator",5,busyTimeMsPerSecond,0.0
1784197885,8,"Source: Source-data -> LoadJSON, Parse, _stream_key_by_map_operator",5,numRecordsOutPerSecond,0.0
1784197885,8,"Source: Source-data -> LoadJSON, Parse, _stream_key_by_map_operator",5,idleTimeMsPerSecond,1000.0
1784197885,8,"Source: Source-data -> LoadJSON, Parse, _stream_key_by_map_operator",5,numRecordsOut,6100.0
1784197885,8,"Source: Source-data -> LoadJSON, Parse, _stream_key_by_map_operator",5,numRecordsIn,6100.0
1784197885,8,"Source: Source-data -> LoadJSON, Parse, _stream_key_by_map_operator",5,numRecordsInPerSecond,0.0
1784197885,8,"Source: Source-data -> LoadJSON, Parse, _stream_key_by_map_operator",5,backPressuredTimeMsPerSecond,0.0
1784197885,8,"Source: Source-data -> LoadJSON, Parse, _stream_key_by_map_operator",6,busyTimeMsPerSecond,1.0
1784197885,8,"Source: Source-data -> LoadJSON, Parse, _stream_key_by_map_operator",6,numRecordsOutPerSecond,0.03333333333333333
1784197885,8,"Source: Source-data -> LoadJSON, Parse, _stream_key_by_map_operator",6,idleTimeMsPerSecond,999.0
1784197885,8,"Source: Source-data -> LoadJSON, Parse, _stream_key_by_map_operator",6,numRecordsOut,6062.0
1784197885,8,"Source: Source-data -> LoadJSON, Parse, _stream_key_by_map_operator",6,numRecordsIn,6062.0
1784197885,8,"Source: Source-data -> LoadJSON, Parse, _stream_key_by_map_operator",6,numRecordsInPerSecond,0.03333333333333333
1784197885,8,"Source: Source-data -> LoadJSON, Parse, _stream_key_by_map_operator",6,backPressuredTimeMsPerSecond,0.0
1784197885,8,"Source: Source-data -> LoadJSON, Parse, _stream_key_by_map_operator",7,busyTimeMsPerSecond,1.0
1784197885,8,"Source: Source-data -> LoadJSON, Parse, _stream_key_by_map_operator",7,numRecordsOutPerSecond,0.03333333333333333
1784197885,8,"Source: Source-data -> LoadJSON, Parse, _stream_key_by_map_operator",7,idleTimeMsPerSecond,999.0
1784197885,8,"Source: Source-data -> LoadJSON, Parse, _stream_key_by_map_operator",7,numRecordsOut,5968.0
1784197885,8,"Source: Source-data -> LoadJSON, Parse, _stream_key_by_map_operator",7,numRecordsIn,5968.0
1784197885,8,"Source: Source-data -> LoadJSON, Parse, _stream_key_by_map_operator",7,numRecordsInPerSecond,0.03333333333333333
1784197885,8,"Source: Source-data -> LoadJSON, Parse, _stream_key_by_map_operator",7,backPressuredTimeMsPerSecond,0.0
1784197885,8,"KEYED PROCESS, Parse->Train, _stream_key_by_map_operator",0,busyTimeMsPerSecond,452.0
1784197885,8,"KEYED PROCESS, Parse->Train, _stream_key_by_map_operator",0,numRecordsOutPerSecond,0.15
1784197885,8,"KEYED PROCESS, Parse->Train, _stream_key_by_map_operator",0,idleTimeMsPerSecond,0.0
1784197885,8,"KEYED PROCESS, Parse->Train, _stream_key_by_map_operator",0,numRecordsOut,146.0
1784197885,8,"KEYED PROCESS, Parse->Train, _stream_key_by_map_operator",0,numRecordsIn,147.0
1784197885,8,"KEYED PROCESS, Parse->Train, _stream_key_by_map_operator",0,numRecordsInPerSecond,0.15
1784197885,8,"KEYED PROCESS, Parse->Train, _stream_key_by_map_operator",0,backPressuredTimeMsPerSecond,548.0
1784197885,8,"KEYED PROCESS, Parse->Train, _stream_key_by_map_operator",1,busyTimeMsPerSecond,189.0
1784197885,8,"KEYED PROCESS, Parse->Train, _stream_key_by_map_operator",1,numRecordsOutPerSecond,0.06666666666666667
1784197885,8,"KEYED PROCESS, Parse->Train, _stream_key_by_map_operator",1,idleTimeMsPerSecond,0.0
1784197885,8,"KEYED PROCESS, Parse->Train, _stream_key_by_map_operator",1,numRecordsOut,146.0
1784197885,8,"KEYED PROCESS, Parse->Train, _stream_key_by_map_operator",1,numRecordsIn,147.0
1784197885,8,"KEYED PROCESS, Parse->Train, _stream_key_by_map_operator",1,numRecordsInPerSecond,0.06666666666666667
1784197885,8,"KEYED PROCESS, Parse->Train, _stream_key_by_map_operator",1,backPressuredTimeMsPerSecond,811.0
1784197885,8,"KEYED PROCESS, Parse->Train, _stream_key_by_map_operator",2,busyTimeMsPerSecond,547.0
1784197885,8,"KEYED PROCESS, Parse->Train, _stream_key_by_map_operator",2,numRecordsOutPerSecond,0.2
1784197885,8,"KEYED PROCESS, Parse->Train, _stream_key_by_map_operator",2,idleTimeMsPerSecond,0.0
1784197885,8,"KEYED PROCESS, Parse->Train, _stream_key_by_map_operator",2,numRecordsOut,103.0
1784197885,8,"KEYED PROCESS, Parse->Train, _stream_key_by_map_operator",2,numRecordsIn,104.0
1784197885,8,"KEYED PROCESS, Parse->Train, _stream_key_by_map_operator",2,numRecordsInPerSecond,0.2
1784197885,8,"KEYED PROCESS, Parse->Train, _stream_key_by_map_operator",2,backPressuredTimeMsPerSecond,453.0
1784197885,8,"KEYED PROCESS, Parse->Train, _stream_key_by_map_operator",3,busyTimeMsPerSecond,0.0
1784197885,8,"KEYED PROCESS, Parse->Train, _stream_key_by_map_operator",3,numRecordsOutPerSecond,0.0
1784197885,8,"KEYED PROCESS, Parse->Train, _stream_key_by_map_operator",3,idleTimeMsPerSecond,1000.0
1784197885,8,"KEYED PROCESS, Parse->Train, _stream_key_by_map_operator",3,numRecordsOut,0.0
1784197885,8,"KEYED PROCESS, Parse->Train, _stream_key_by_map_operator",3,numRecordsIn,0.0
1784197885,8,"KEYED PROCESS, Parse->Train, _stream_key_by_map_operator",3,numRecordsInPerSecond,0.0
1784197885,8,"KEYED PROCESS, Parse->Train, _stream_key_by_map_operator",3,backPressuredTimeMsPerSecond,0.0
1784197885,8,"KEYED PROCESS, Parse->Train, _stream_key_by_map_operator",4,busyTimeMsPerSecond,347.0
1784197885,8,"KEYED PROCESS, Parse->Train, _stream_key_by_map_operator",4,numRecordsOutPerSecond,0.11666666666666667
1784197885,8,"KEYED PROCESS, Parse->Train, _stream_key_by_map_operator",4,idleTimeMsPerSecond,0.0
1784197885,8,"KEYED PROCESS, Parse->Train, _stream_key_by_map_operator",4,numRecordsOut,168.0
1784197885,8,"KEYED PROCESS, Parse->Train, _stream_key_by_map_operator",4,numRecordsIn,169.0
1784197885,8,"KEYED PROCESS, Parse->Train, _stream_key_by_map_operator",4,numRecordsInPerSecond,0.11666666666666667
1784197885,8,"KEYED PROCESS, Parse->Train, _stream_key_by_map_operator",4,backPressuredTimeMsPerSecond,653.0
1784197885,8,"KEYED PROCESS, Parse->Train, _stream_key_by_map_operator",5,busyTimeMsPerSecond,0.0
1784197885,8,"KEYED PROCESS, Parse->Train, _stream_key_by_map_operator",5,numRecordsOutPerSecond,0.0
1784197885,8,"KEYED PROCESS, Parse->Train, _stream_key_by_map_operator",5,idleTimeMsPerSecond,1000.0
1784197885,8,"KEYED PROCESS, Parse->Train, _stream_key_by_map_operator",5,numRecordsOut,0.0
1784197885,8,"KEYED PROCESS, Parse->Train, _stream_key_by_map_operator",5,numRecordsIn,0.0
1784197885,8,"KEYED PROCESS, Parse->Train, _stream_key_by_map_operator",5,numRecordsInPerSecond,0.0
1784197885,8,"KEYED PROCESS, Parse->Train, _stream_key_by_map_operator",5,backPressuredTimeMsPerSecond,0.0
1784197885,8,"KEYED PROCESS, Parse->Train, _stream_key_by_map_operator",6,busyTimeMsPerSecond,0.0
1784197885,8,"KEYED PROCESS, Parse->Train, _stream_key_by_map_operator",6,numRecordsOutPerSecond,0.0
1784197885,8,"KEYED PROCESS, Parse->Train, _stream_key_by_map_operator",6,idleTimeMsPerSecond,1000.0
1784197885,8,"KEYED PROCESS, Parse->Train, _stream_key_by_map_operator",6,numRecordsOut,0.0
1784197885,8,"KEYED PROCESS, Parse->Train, _stream_key_by_map_operator",6,numRecordsIn,0.0
1784197885,8,"KEYED PROCESS, Parse->Train, _stream_key_by_map_operator",6,numRecordsInPerSecond,0.0
1784197885,8,"KEYED PROCESS, Parse->Train, _stream_key_by_map_operator",6,backPressuredTimeMsPerSecond,0.0
1784197885,8,"KEYED PROCESS, Parse->Train, _stream_key_by_map_operator",7,busyTimeMsPerSecond,51.0
1784197885,8,"KEYED PROCESS, Parse->Train, _stream_key_by_map_operator",7,numRecordsOutPerSecond,0.016666666666666666
1784197885,8,"KEYED PROCESS, Parse->Train, _stream_key_by_map_operator",7,idleTimeMsPerSecond,0.0
1784197885,8,"KEYED PROCESS, Parse->Train, _stream_key_by_map_operator",7,numRecordsOut,122.0
1784197885,8,"KEYED PROCESS, Parse->Train, _stream_key_by_map_operator",7,numRecordsIn,123.0
1784197885,8,"KEYED PROCESS, Parse->Train, _stream_key_by_map_operator",7,numRecordsInPerSecond,0.016666666666666666
1784197885,8,"KEYED PROCESS, Parse->Train, _stream_key_by_map_operator",7,backPressuredTimeMsPerSecond,949.0
1784197885,8,"KEYED PROCESS, Train->Infer, _stream_key_by_map_operator",0,busyTimeMsPerSecond,535.0
1784197885,8,"KEYED PROCESS, Train->Infer, _stream_key_by_map_operator",0,numRecordsOutPerSecond,58.333333333333336
1784197885,8,"KEYED PROCESS, Train->Infer, _stream_key_by_map_operator",0,idleTimeMsPerSecond,465.0
1784197885,8,"KEYED PROCESS, Train->Infer, _stream_key_by_map_operator",0,numRecordsOut,28560.0
1784197885,8,"KEYED PROCESS, Train->Infer, _stream_key_by_map_operator",0,numRecordsIn,117.0
1784197885,8,"KEYED PROCESS, Train->Infer, _stream_key_by_map_operator",0,numRecordsInPerSecond,0.1
1784197885,8,"KEYED PROCESS, Train->Infer, _stream_key_by_map_operator",0,backPressuredTimeMsPerSecond,0.0
1784197885,8,"KEYED PROCESS, Train->Infer, _stream_key_by_map_operator",1,busyTimeMsPerSecond,209.0
1784197885,8,"KEYED PROCESS, Train->Infer, _stream_key_by_map_operator",1,numRecordsOutPerSecond,33.333333333333336
1784197885,8,"KEYED PROCESS, Train->Infer, _stream_key_by_map_operator",1,idleTimeMsPerSecond,791.0
1784197885,8,"KEYED PROCESS, Train->Infer, _stream_key_by_map_operator",1,numRecordsOut,25059.0
1784197885,8,"KEYED PROCESS, Train->Infer, _stream_key_by_map_operator",1,numRecordsIn,110.0
1784197885,8,"KEYED PROCESS, Train->Infer, _stream_key_by_map_operator",1,numRecordsInPerSecond,0.05
1784197885,8,"KEYED PROCESS, Train->Infer, _stream_key_by_map_operator",1,backPressuredTimeMsPerSecond,0.0
1784197885,8,"KEYED PROCESS, Train->Infer, _stream_key_by_map_operator",2,busyTimeMsPerSecond,610.0
1784197885,8,"KEYED PROCESS, Train->Infer, _stream_key_by_map_operator",2,numRecordsOutPerSecond,58.333333333333336
1784197885,8,"KEYED PROCESS, Train->Infer, _stream_key_by_map_operator",2,idleTimeMsPerSecond,0.0
1784197885,8,"KEYED PROCESS, Train->Infer, _stream_key_by_map_operator",2,numRecordsOut,30015.0
1784197885,8,"KEYED PROCESS, Train->Infer, _stream_key_by_map_operator",2,numRecordsIn,75.0
1784197885,8,"KEYED PROCESS, Train->Infer, _stream_key_by_map_operator",2,numRecordsInPerSecond,0.1
1784197885,8,"KEYED PROCESS, Train->Infer, _stream_key_by_map_operator",2,backPressuredTimeMsPerSecond,390.0
1784197885,8,"KEYED PROCESS, Train->Infer, _stream_key_by_map_operator",3,busyTimeMsPerSecond,273.0
1784197885,8,"KEYED PROCESS, Train->Infer, _stream_key_by_map_operator",3,numRecordsOutPerSecond,33.333333333333336
1784197885,8,"KEYED PROCESS, Train->Infer, _stream_key_by_map_operator",3,idleTimeMsPerSecond,727.0
1784197885,8,"KEYED PROCESS, Train->Infer, _stream_key_by_map_operator",3,numRecordsOut,29500.0
1784197885,8,"KEYED PROCESS, Train->Infer, _stream_key_by_map_operator",3,numRecordsIn,59.0
1784197885,8,"KEYED PROCESS, Train->Infer, _stream_key_by_map_operator",3,numRecordsInPerSecond,0.06666666666666667
1784197885,8,"KEYED PROCESS, Train->Infer, _stream_key_by_map_operator",3,backPressuredTimeMsPerSecond,0.0
1784197885,8,"KEYED PROCESS, Train->Infer, _stream_key_by_map_operator",4,busyTimeMsPerSecond,311.0
1784197885,8,"KEYED PROCESS, Train->Infer, _stream_key_by_map_operator",4,numRecordsOutPerSecond,41.666666666666664
1784197885,8,"KEYED PROCESS, Train->Infer, _stream_key_by_map_operator",4,idleTimeMsPerSecond,689.0
1784197885,8,"KEYED PROCESS, Train->Infer, _stream_key_by_map_operator",4,numRecordsOut,22075.0
1784197885,8,"KEYED PROCESS, Train->Infer, _stream_key_by_map_operator",4,numRecordsIn,120.0
1784197885,8,"KEYED PROCESS, Train->Infer, _stream_key_by_map_operator",4,numRecordsInPerSecond,0.06666666666666667
1784197885,8,"KEYED PROCESS, Train->Infer, _stream_key_by_map_operator",4,backPressuredTimeMsPerSecond,0.0
1784197885,8,"KEYED PROCESS, Train->Infer, _stream_key_by_map_operator",5,busyTimeMsPerSecond,61.0
1784197885,8,"KEYED PROCESS, Train->Infer, _stream_key_by_map_operator",5,numRecordsOutPerSecond,8.333333333333334
1784197885,8,"KEYED PROCESS, Train->Infer, _stream_key_by_map_operator",5,idleTimeMsPerSecond,939.0
1784197885,8,"KEYED PROCESS, Train->Infer, _stream_key_by_map_operator",5,numRecordsOut,27000.0
1784197885,8,"KEYED PROCESS, Train->Infer, _stream_key_by_map_operator",5,numRecordsIn,54.0
1784197885,8,"KEYED PROCESS, Train->Infer, _stream_key_by_map_operator",5,numRecordsInPerSecond,0.016666666666666666
1784197885,8,"KEYED PROCESS, Train->Infer, _stream_key_by_map_operator",5,backPressuredTimeMsPerSecond,0.0
1784197885,8,"KEYED PROCESS, Train->Infer, _stream_key_by_map_operator",6,busyTimeMsPerSecond,305.0
1784197885,8,"KEYED PROCESS, Train->Infer, _stream_key_by_map_operator",6,numRecordsOutPerSecond,33.333333333333336
1784197885,8,"KEYED PROCESS, Train->Infer, _stream_key_by_map_operator",6,idleTimeMsPerSecond,695.0
1784197885,8,"KEYED PROCESS, Train->Infer, _stream_key_by_map_operator",6,numRecordsOut,30000.0
1784197885,8,"KEYED PROCESS, Train->Infer, _stream_key_by_map_operator",6,numRecordsIn,60.0
1784197885,8,"KEYED PROCESS, Train->Infer, _stream_key_by_map_operator",6,numRecordsInPerSecond,0.08333333333333333
1784197885,8,"KEYED PROCESS, Train->Infer, _stream_key_by_map_operator",6,backPressuredTimeMsPerSecond,0.0
1784197885,8,"KEYED PROCESS, Train->Infer, _stream_key_by_map_operator",7,busyTimeMsPerSecond,380.0
1784197885,8,"KEYED PROCESS, Train->Infer, _stream_key_by_map_operator",7,numRecordsOutPerSecond,41.666666666666664
1784197885,8,"KEYED PROCESS, Train->Infer, _stream_key_by_map_operator",7,idleTimeMsPerSecond,620.0
1784197885,8,"KEYED PROCESS, Train->Infer, _stream_key_by_map_operator",7,numRecordsOut,30030.0
1784197885,8,"KEYED PROCESS, Train->Infer, _stream_key_by_map_operator",7,numRecordsIn,90.0
1784197885,8,"KEYED PROCESS, Train->Infer, _stream_key_by_map_operator",7,numRecordsInPerSecond,0.08333333333333333
1784197885,8,"KEYED PROCESS, Train->Infer, _stream_key_by_map_operator",7,backPressuredTimeMsPerSecond,0.0
1784197885,8,"Infer->Rank, Rank->Filter, Filter -> Sink: Writer -> Sink: Committer",0,busyTimeMsPerSecond,1000.0
1784197885,8,"Infer->Rank, Rank->Filter, Filter -> Sink: Writer -> Sink: Committer",0,numRecordsOutPerSecond,53.333333333333336
1784197885,8,"Infer->Rank, Rank->Filter, Filter -> Sink: Writer -> Sink: Committer",0,idleTimeMsPerSecond,0.0
1784197885,8,"Infer->Rank, Rank->Filter, Filter -> Sink: Writer -> Sink: Committer",0,numRecordsOut,24994.0
1784197885,8,"Infer->Rank, Rank->Filter, Filter -> Sink: Writer -> Sink: Committer",0,numRecordsIn,28170.0
1784197885,8,"Infer->Rank, Rank->Filter, Filter -> Sink: Writer -> Sink: Committer",0,numRecordsInPerSecond,60.483333333333334
1784197885,8,"Infer->Rank, Rank->Filter, Filter -> Sink: Writer -> Sink: Committer",0,backPressuredTimeMsPerSecond,0.0
1784197885,8,"Infer->Rank, Rank->Filter, Filter -> Sink: Writer -> Sink: Committer",1,busyTimeMsPerSecond,339.0
1784197885,8,"Infer->Rank, Rank->Filter, Filter -> Sink: Writer -> Sink: Committer",1,numRecordsOutPerSecond,33.333333333333336
1784197885,8,"Infer->Rank, Rank->Filter, Filter -> Sink: Writer -> Sink: Committer",1,idleTimeMsPerSecond,661.0
1784197885,8,"Infer->Rank, Rank->Filter, Filter -> Sink: Writer -> Sink: Committer",1,numRecordsOut,22990.0
1784197885,8,"Infer->Rank, Rank->Filter, Filter -> Sink: Writer -> Sink: Committer",1,numRecordsIn,25059.0
1784197885,8,"Infer->Rank, Rank->Filter, Filter -> Sink: Writer -> Sink: Committer",1,numRecordsInPerSecond,33.61666666666667
1784197885,8,"Infer->Rank, Rank->Filter, Filter -> Sink: Writer -> Sink: Committer",1,backPressuredTimeMsPerSecond,0.0
1784197885,8,"Infer->Rank, Rank->Filter, Filter -> Sink: Writer -> Sink: Committer",2,busyTimeMsPerSecond,1000.0
1784197885,8,"Infer->Rank, Rank->Filter, Filter -> Sink: Writer -> Sink: Committer",2,numRecordsOutPerSecond,43.833333333333336
1784197885,8,"Infer->Rank, Rank->Filter, Filter -> Sink: Writer -> Sink: Committer",2,idleTimeMsPerSecond,0.0
1784197885,8,"Infer->Rank, Rank->Filter, Filter -> Sink: Writer -> Sink: Committer",2,numRecordsOut,23410.0
1784197885,8,"Infer->Rank, Rank->Filter, Filter -> Sink: Writer -> Sink: Committer",2,numRecordsIn,26927.0
1784197885,8,"Infer->Rank, Rank->Filter, Filter -> Sink: Writer -> Sink: Committer",2,numRecordsInPerSecond,52.05
1784197885,8,"Infer->Rank, Rank->Filter, Filter -> Sink: Writer -> Sink: Committer",2,backPressuredTimeMsPerSecond,0.0
1784197885,8,"Infer->Rank, Rank->Filter, Filter -> Sink: Writer -> Sink: Committer",3,busyTimeMsPerSecond,383.0
1784197885,8,"Infer->Rank, Rank->Filter, Filter -> Sink: Writer -> Sink: Committer",3,numRecordsOutPerSecond,33.333333333333336
1784197885,8,"Infer->Rank, Rank->Filter, Filter -> Sink: Writer -> Sink: Committer",3,idleTimeMsPerSecond,617.0
1784197885,8,"Infer->Rank, Rank->Filter, Filter -> Sink: Writer -> Sink: Committer",3,numRecordsOut,27000.0
1784197885,8,"Infer->Rank, Rank->Filter, Filter -> Sink: Writer -> Sink: Committer",3,numRecordsIn,29500.0
1784197885,8,"Infer->Rank, Rank->Filter, Filter -> Sink: Writer -> Sink: Committer",3,numRecordsInPerSecond,33.333333333333336
1784197885,8,"Infer->Rank, Rank->Filter, Filter -> Sink: Writer -> Sink: Committer",3,backPressuredTimeMsPerSecond,0.0
1784197885,8,"Infer->Rank, Rank->Filter, Filter -> Sink: Writer -> Sink: Committer",4,busyTimeMsPerSecond,576.0
1784197885,8,"Infer->Rank, Rank->Filter, Filter -> Sink: Writer -> Sink: Committer",4,numRecordsOutPerSecond,51.166666666666664
1784197885,8,"Infer->Rank, Rank->Filter, Filter -> Sink: Writer -> Sink: Committer",4,idleTimeMsPerSecond,424.0
1784197885,8,"Infer->Rank, Rank->Filter, Filter -> Sink: Writer -> Sink: Committer",4,numRecordsOut,21490.0
1784197885,8,"Infer->Rank, Rank->Filter, Filter -> Sink: Writer -> Sink: Committer",4,numRecordsIn,21692.0
1784197885,8,"Infer->Rank, Rank->Filter, Filter -> Sink: Writer -> Sink: Committer",4,numRecordsInPerSecond,51.016666666666666
1784197885,8,"Infer->Rank, Rank->Filter, Filter -> Sink: Writer -> Sink: Committer",4,backPressuredTimeMsPerSecond,0.0
1784197885,8,"Infer->Rank, Rank->Filter, Filter -> Sink: Writer -> Sink: Committer",5,busyTimeMsPerSecond,72.0
1784197885,8,"Infer->Rank, Rank->Filter, Filter -> Sink: Writer -> Sink: Committer",5,numRecordsOutPerSecond,8.333333333333334
1784197885,8,"Infer->Rank, Rank->Filter, Filter -> Sink: Writer -> Sink: Committer",5,idleTimeMsPerSecond,928.0
1784197885,8,"Infer->Rank, Rank->Filter, Filter -> Sink: Writer -> Sink: Committer",5,numRecordsOut,25000.0
1784197885,8,"Infer->Rank, Rank->Filter, Filter -> Sink: Writer -> Sink: Committer",5,numRecordsIn,27000.0
1784197885,8,"Infer->Rank, Rank->Filter, Filter -> Sink: Writer -> Sink: Committer",5,numRecordsInPerSecond,8.333333333333334
1784197885,8,"Infer->Rank, Rank->Filter, Filter -> Sink: Writer -> Sink: Committer",5,backPressuredTimeMsPerSecond,0.0
1784197885,8,"Infer->Rank, Rank->Filter, Filter -> Sink: Writer -> Sink: Committer",6,busyTimeMsPerSecond,399.0
1784197885,8,"Infer->Rank, Rank->Filter, Filter -> Sink: Writer -> Sink: Committer",6,numRecordsOutPerSecond,25.0
1784197885,8,"Infer->Rank, Rank->Filter, Filter -> Sink: Writer -> Sink: Committer",6,idleTimeMsPerSecond,601.0
1784197885,8,"Infer->Rank, Rank->Filter, Filter -> Sink: Writer -> Sink: Committer",6,numRecordsOut,25500.0
1784197885,8,"Infer->Rank, Rank->Filter, Filter -> Sink: Writer -> Sink: Committer",6,numRecordsIn,30000.0
1784197885,8,"Infer->Rank, Rank->Filter, Filter -> Sink: Writer -> Sink: Committer",6,numRecordsInPerSecond,33.333333333333336
1784197885,8,"Infer->Rank, Rank->Filter, Filter -> Sink: Writer -> Sink: Committer",6,backPressuredTimeMsPerSecond,0.0
1784197885,8,"Infer->Rank, Rank->Filter, Filter -> Sink: Writer -> Sink: Committer",7,busyTimeMsPerSecond,989.0
1784197885,8,"Infer->Rank, Rank->Filter, Filter -> Sink: Writer -> Sink: Committer",7,numRecordsOutPerSecond,92.83333333333333
1784197885,8,"Infer->Rank, Rank->Filter, Filter -> Sink: Writer -> Sink: Committer",7,idleTimeMsPerSecond,11.0
1784197885,8,"Infer->Rank, Rank->Filter, Filter -> Sink: Writer -> Sink: Committer",7,numRecordsOut,29490.0
1784197885,8,"Infer->Rank, Rank->Filter, Filter -> Sink: Writer -> Sink: Committer",7,numRecordsIn,30030.0
1784197885,8,"Infer->Rank, Rank->Filter, Filter -> Sink: Writer -> Sink: Committer",7,numRecordsInPerSecond,92.81666666666666
1784197885,8,"Infer->Rank, Rank->Filter, Filter -> Sink: Writer -> Sink: Committer",7,backPressuredTimeMsPerSecond,0.0
1784197900,8,"Source: Source-data -> LoadJSON, Parse, _stream_key_by_map_operator",0,busyTimeMsPerSecond,0.0
1784197900,8,"Source: Source-data -> LoadJSON, Parse, _stream_key_by_map_operator",0,numRecordsOutPerSecond,0.0
1784197900,8,"Source: Source-data -> LoadJSON, Parse, _stream_key_by_map_operator",0,idleTimeMsPerSecond,1000.0
1784197900,8,"Source: Source-data -> LoadJSON, Parse, _stream_key_by_map_operator",0,numRecordsOut,6129.0
1784197900,8,"Source: Source-data -> LoadJSON, Parse, _stream_key_by_map_operator",0,numRecordsIn,6129.0
1784197900,8,"Source: Source-data -> LoadJSON, Parse, _stream_key_by_map_operator",0,numRecordsInPerSecond,0.0
1784197900,8,"Source: Source-data -> LoadJSON, Parse, _stream_key_by_map_operator",0,backPressuredTimeMsPerSecond,0.0
1784197900,8,"Source: Source-data -> LoadJSON, Parse, _stream_key_by_map_operator",1,busyTimeMsPerSecond,0.0
1784197900,8,"Source: Source-data -> LoadJSON, Parse, _stream_key_by_map_operator",1,numRecordsOutPerSecond,0.0
1784197900,8,"Source: Source-data -> LoadJSON, Parse, _stream_key_by_map_operator",1,idleTimeMsPerSecond,1000.0
1784197900,8,"Source: Source-data -> LoadJSON, Parse, _stream_key_by_map_operator",1,numRecordsOut,6022.0
1784197900,8,"Source: Source-data -> LoadJSON, Parse, _stream_key_by_map_operator",1,numRecordsIn,6022.0
1784197900,8,"Source: Source-data -> LoadJSON, Parse, _stream_key_by_map_operator",1,numRecordsInPerSecond,0.0
1784197900,8,"Source: Source-data -> LoadJSON, Parse, _stream_key_by_map_operator",1,backPressuredTimeMsPerSecond,0.0
1784197900,8,"Source: Source-data -> LoadJSON, Parse, _stream_key_by_map_operator",2,busyTimeMsPerSecond,0.0
1784197900,8,"Source: Source-data -> LoadJSON, Parse, _stream_key_by_map_operator",2,numRecordsOutPerSecond,0.0
1784197900,8,"Source: Source-data -> LoadJSON, Parse, _stream_key_by_map_operator",2,idleTimeMsPerSecond,1000.0
1784197900,8,"Source: Source-data -> LoadJSON, Parse, _stream_key_by_map_operator",2,numRecordsOut,6231.0
1784197900,8,"Source: Source-data -> LoadJSON, Parse, _stream_key_by_map_operator",2,numRecordsIn,6231.0
1784197900,8,"Source: Source-data -> LoadJSON, Parse, _stream_key_by_map_operator",2,numRecordsInPerSecond,0.0
1784197900,8,"Source: Source-data -> LoadJSON, Parse, _stream_key_by_map_operator",2,backPressuredTimeMsPerSecond,0.0
1784197900,8,"Source: Source-data -> LoadJSON, Parse, _stream_key_by_map_operator",3,busyTimeMsPerSecond,1.0
1784197900,8,"Source: Source-data -> LoadJSON, Parse, _stream_key_by_map_operator",3,numRecordsOutPerSecond,0.016666666666666666
1784197900,8,"Source: Source-data -> LoadJSON, Parse, _stream_key_by_map_operator",3,idleTimeMsPerSecond,999.0
1784197900,8,"Source: Source-data -> LoadJSON, Parse, _stream_key_by_map_operator",3,numRecordsOut,6019.0
1784197900,8,"Source: Source-data -> LoadJSON, Parse, _stream_key_by_map_operator",3,numRecordsIn,6019.0
1784197900,8,"Source: Source-data -> LoadJSON, Parse, _stream_key_by_map_operator",3,numRecordsInPerSecond,0.016666666666666666
1784197900,8,"Source: Source-data -> LoadJSON, Parse, _stream_key_by_map_operator",3,backPressuredTimeMsPerSecond,0.0
1784197900,8,"Source: Source-data -> LoadJSON, Parse, _stream_key_by_map_operator",4,busyTimeMsPerSecond,1.0
1784197900,8,"Source: Source-data -> LoadJSON, Parse, _stream_key_by_map_operator",4,numRecordsOutPerSecond,0.03333333333333333
1784197900,8,"Source: Source-data -> LoadJSON, Parse, _stream_key_by_map_operator",4,idleTimeMsPerSecond,999.0
1784197900,8,"Source: Source-data -> LoadJSON, Parse, _stream_key_by_map_operator",4,numRecordsOut,6067.0
1784197900,8,"Source: Source-data -> LoadJSON, Parse, _stream_key_by_map_operator",4,numRecordsIn,6067.0
1784197900,8,"Source: Source-data -> LoadJSON, Parse, _stream_key_by_map_operator",4,numRecordsInPerSecond,0.03333333333333333
1784197900,8,"Source: Source-data -> LoadJSON, Parse, _stream_key_by_map_operator",4,backPressuredTimeMsPerSecond,0.0
1784197900,8,"Source: Source-data -> LoadJSON, Parse, _stream_key_by_map_operator",5,busyTimeMsPerSecond,0.0
1784197900,8,"Source: Source-data -> LoadJSON, Parse, _stream_key_by_map_operator",5,numRecordsOutPerSecond,0.0
1784197900,8,"Source: Source-data -> LoadJSON, Parse, _stream_key_by_map_operator",5,idleTimeMsPerSecond,1000.0
1784197900,8,"Source: Source-data -> LoadJSON, Parse, _stream_key_by_map_operator",5,numRecordsOut,6100.0
1784197900,8,"Source: Source-data -> LoadJSON, Parse, _stream_key_by_map_operator",5,numRecordsIn,6100.0
1784197900,8,"Source: Source-data -> LoadJSON, Parse, _stream_key_by_map_operator",5,numRecordsInPerSecond,0.0
1784197900,8,"Source: Source-data -> LoadJSON, Parse, _stream_key_by_map_operator",5,backPressuredTimeMsPerSecond,0.0
1784197900,8,"Source: Source-data -> LoadJSON, Parse, _stream_key_by_map_operator",6,busyTimeMsPerSecond,1.0
1784197900,8,"Source: Source-data -> LoadJSON, Parse, _stream_key_by_map_operator",6,numRecordsOutPerSecond,0.03333333333333333
1784197900,8,"Source: Source-data -> LoadJSON, Parse, _stream_key_by_map_operator",6,idleTimeMsPerSecond,999.0
1784197900,8,"Source: Source-data -> LoadJSON, Parse, _stream_key_by_map_operator",6,numRecordsOut,6062.0
1784197900,8,"Source: Source-data -> LoadJSON, Parse, _stream_key_by_map_operator",6,numRecordsIn,6062.0
1784197900,8,"Source: Source-data -> LoadJSON, Parse, _stream_key_by_map_operator",6,numRecordsInPerSecond,0.03333333333333333
1784197900,8,"Source: Source-data -> LoadJSON, Parse, _stream_key_by_map_operator",6,backPressuredTimeMsPerSecond,0.0
1784197900,8,"Source: Source-data -> LoadJSON, Parse, _stream_key_by_map_operator",7,busyTimeMsPerSecond,1.0
1784197900,8,"Source: Source-data -> LoadJSON, Parse, _stream_key_by_map_operator",7,numRecordsOutPerSecond,0.016666666666666666
1784197900,8,"Source: Source-data -> LoadJSON, Parse, _stream_key_by_map_operator",7,idleTimeMsPerSecond,999.0
1784197900,8,"Source: Source-data -> LoadJSON, Parse, _stream_key_by_map_operator",7,numRecordsOut,5968.0
1784197900,8,"Source: Source-data -> LoadJSON, Parse, _stream_key_by_map_operator",7,numRecordsIn,5968.0
1784197900,8,"Source: Source-data -> LoadJSON, Parse, _stream_key_by_map_operator",7,numRecordsInPerSecond,0.016666666666666666
1784197900,8,"Source: Source-data -> LoadJSON, Parse, _stream_key_by_map_operator",7,backPressuredTimeMsPerSecond,0.0
1784197900,8,"KEYED PROCESS, Parse->Train, _stream_key_by_map_operator",0,busyTimeMsPerSecond,345.0
1784197900,8,"KEYED PROCESS, Parse->Train, _stream_key_by_map_operator",0,numRecordsOutPerSecond,0.11666666666666667
1784197900,8,"KEYED PROCESS, Parse->Train, _stream_key_by_map_operator",0,idleTimeMsPerSecond,0.0
1784197900,8,"KEYED PROCESS, Parse->Train, _stream_key_by_map_operator",0,numRecordsOut,149.0
1784197900,8,"KEYED PROCESS, Parse->Train, _stream_key_by_map_operator",0,numRecordsIn,150.0
1784197900,8,"KEYED PROCESS, Parse->Train, _stream_key_by_map_operator",0,numRecordsInPerSecond,0.11666666666666667
1784197900,8,"KEYED PROCESS, Parse->Train, _stream_key_by_map_operator",0,backPressuredTimeMsPerSecond,655.0
1784197900,8,"KEYED PROCESS, Parse->Train, _stream_key_by_map_operator",1,busyTimeMsPerSecond,305.0
1784197900,8,"KEYED PROCESS, Parse->Train, _stream_key_by_map_operator",1,numRecordsOutPerSecond,0.11666666666666667
1784197900,8,"KEYED PROCESS, Parse->Train, _stream_key_by_map_operator",1,idleTimeMsPerSecond,0.0
1784197900,8,"KEYED PROCESS, Parse->Train, _stream_key_by_map_operator",1,numRecordsOut,149.0
1784197900,8,"KEYED PROCESS, Parse->Train, _stream_key_by_map_operator",1,numRecordsIn,150.0
1784197900,8,"KEYED PROCESS, Parse->Train, _stream_key_by_map_operator",1,numRecordsInPerSecond,0.11666666666666667
1784197900,8,"KEYED PROCESS, Parse->Train, _stream_key_by_map_operator",1,backPressuredTimeMsPerSecond,695.0
1784197900,8,"KEYED PROCESS, Parse->Train, _stream_key_by_map_operator",2,busyTimeMsPerSecond,758.0
1784197900,8,"KEYED PROCESS, Parse->Train, _stream_key_by_map_operator",2,numRecordsOutPerSecond,0.25
1784197900,8,"KEYED PROCESS, Parse->Train, _stream_key_by_map_operator",2,idleTimeMsPerSecond,0.0
1784197900,8,"KEYED PROCESS, Parse->Train, _stream_key_by_map_operator",2,numRecordsOut,105.0
1784197900,8,"KEYED PROCESS, Parse->Train, _stream_key_by_map_operator",2,numRecordsIn,106.0
1784197900,8,"KEYED PROCESS, Parse->Train, _stream_key_by_map_operator",2,numRecordsInPerSecond,0.25
1784197900,8,"KEYED PROCESS, Parse->Train, _stream_key_by_map_operator",2,backPressuredTimeMsPerSecond,242.0
1784197900,8,"KEYED PROCESS, Parse->Train, _stream_key_by_map_operator",3,busyTimeMsPerSecond,0.0
1784197900,8,"KEYED PROCESS, Parse->Train, _stream_key_by_map_operator",3,numRecordsOutPerSecond,0.0
1784197900,8,"KEYED PROCESS, Parse->Train, _stream_key_by_map_operator",3,idleTimeMsPerSecond,1000.0
1784197900,8,"KEYED PROCESS, Parse->Train, _stream_key_by_map_operator",3,numRecordsOut,0.0
1784197900,8,"KEYED PROCESS, Parse->Train, _stream_key_by_map_operator",3,numRecordsIn,0.0
1784197900,8,"KEYED PROCESS, Parse->Train, _stream_key_by_map_operator",3,numRecordsInPerSecond,0.0
1784197900,8,"KEYED PROCESS, Parse->Train, _stream_key_by_map_operator",3,backPressuredTimeMsPerSecond,0.0
1784197900,8,"KEYED PROCESS, Parse->Train, _stream_key_by_map_operator",4,busyTimeMsPerSecond,496.0
1784197900,8,"KEYED PROCESS, Parse->Train, _stream_key_by_map_operator",4,numRecordsOutPerSecond,0.16666666666666666
1784197900,8,"KEYED PROCESS, Parse->Train, _stream_key_by_map_operator",4,idleTimeMsPerSecond,0.0
1784197900,8,"KEYED PROCESS, Parse->Train, _stream_key_by_map_operator",4,numRecordsOut,171.0
1784197900,8,"KEYED PROCESS, Parse->Train, _stream_key_by_map_operator",4,numRecordsIn,172.0
1784197900,8,"KEYED PROCESS, Parse->Train, _stream_key_by_map_operator",4,numRecordsInPerSecond,0.16666666666666666
1784197900,8,"KEYED PROCESS, Parse->Train, _stream_key_by_map_operator",4,backPressuredTimeMsPerSecond,504.0
1784197900,8,"KEYED PROCESS, Parse->Train, _stream_key_by_map_operator",5,busyTimeMsPerSecond,0.0
1784197900,8,"KEYED PROCESS, Parse->Train, _stream_key_by_map_operator",5,numRecordsOutPerSecond,0.0
1784197900,8,"KEYED PROCESS, Parse->Train, _stream_key_by_map_operator",5,idleTimeMsPerSecond,1000.0
1784197900,8,"KEYED PROCESS, Parse->Train, _stream_key_by_map_operator",5,numRecordsOut,0.0
1784197900,8,"KEYED PROCESS, Parse->Train, _stream_key_by_map_operator",5,numRecordsIn,0.0
1784197900,8,"KEYED PROCESS, Parse->Train, _stream_key_by_map_operator",5,numRecordsInPerSecond,0.0
1784197900,8,"KEYED PROCESS, Parse->Train, _stream_key_by_map_operator",5,backPressuredTimeMsPerSecond,0.0
1784197900,8,"KEYED PROCESS, Parse->Train, _stream_key_by_map_operator",6,busyTimeMsPerSecond,0.0
1784197900,8,"KEYED PROCESS, Parse->Train, _stream_key_by_map_operator",6,numRecordsOutPerSecond,0.0
1784197900,8,"KEYED PROCESS, Parse->Train, _stream_key_by_map_operator",6,idleTimeMsPerSecond,1000.0
1784197900,8,"KEYED PROCESS, Parse->Train, _stream_key_by_map_operator",6,numRecordsOut,0.0
1784197900,8,"KEYED PROCESS, Parse->Train, _stream_key_by_map_operator",6,numRecordsIn,0.0
1784197900,8,"KEYED PROCESS, Parse->Train, _stream_key_by_map_operator",6,numRecordsInPerSecond,0.0
1784197900,8,"KEYED PROCESS, Parse->Train, _stream_key_by_map_operator",6,backPressuredTimeMsPerSecond,0.0
1784197900,8,"KEYED PROCESS, Parse->Train, _stream_key_by_map_operator",7,busyTimeMsPerSecond,98.0
1784197900,8,"KEYED PROCESS, Parse->Train, _stream_key_by_map_operator",7,numRecordsOutPerSecond,0.03333333333333333
1784197900,8,"KEYED PROCESS, Parse->Train, _stream_key_by_map_operator",7,idleTimeMsPerSecond,0.0
1784197900,8,"KEYED PROCESS, Parse->Train, _stream_key_by_map_operator",7,numRecordsOut,123.0
1784197900,8,"KEYED PROCESS, Parse->Train, _stream_key_by_map_operator",7,numRecordsIn,124.0
1784197900,8,"KEYED PROCESS, Parse->Train, _stream_key_by_map_operator",7,numRecordsInPerSecond,0.03333333333333333
1784197900,8,"KEYED PROCESS, Parse->Train, _stream_key_by_map_operator",7,backPressuredTimeMsPerSecond,902.0
1784197900,8,"KEYED PROCESS, Train->Infer, _stream_key_by_map_operator",0,busyTimeMsPerSecond,566.0
1784197900,8,"KEYED PROCESS, Train->Infer, _stream_key_by_map_operator",0,numRecordsOutPerSecond,58.333333333333336
1784197900,8,"KEYED PROCESS, Train->Infer, _stream_key_by_map_operator",0,idleTimeMsPerSecond,434.0
1784197900,8,"KEYED PROCESS, Train->Infer, _stream_key_by_map_operator",0,numRecordsOut,29060.0
1784197900,8,"KEYED PROCESS, Train->Infer, _stream_key_by_map_operator",0,numRecordsIn,118.0
1784197900,8,"KEYED PROCESS, Train->Infer, _stream_key_by_map_operator",0,numRecordsInPerSecond,0.11666666666666667
1784197900,8,"KEYED PROCESS, Train->Infer, _stream_key_by_map_operator",0,backPressuredTimeMsPerSecond,0.0
1784197900,8,"KEYED PROCESS, Train->Infer, _stream_key_by_map_operator",1,busyTimeMsPerSecond,190.0
1784197900,8,"KEYED PROCESS, Train->Infer, _stream_key_by_map_operator",1,numRecordsOutPerSecond,25.0
1784197900,8,"KEYED PROCESS, Train->Infer, _stream_key_by_map_operator",1,idleTimeMsPerSecond,810.0
1784197900,8,"KEYED PROCESS, Train->Infer, _stream_key_by_map_operator",1,numRecordsOut,25559.0
1784197900,8,"KEYED PROCESS, Train->Infer, _stream_key_by_map_operator",1,numRecordsIn,112.0
1784197900,8,"KEYED PROCESS, Train->Infer, _stream_key_by_map_operator",1,numRecordsInPerSecond,0.05
1784197900,8,"KEYED PROCESS, Train->Infer, _stream_key_by_map_operator",1,backPressuredTimeMsPerSecond,0.0
1784197900,8,"KEYED PROCESS, Train->Infer, _stream_key_by_map_operator",2,busyTimeMsPerSecond,549.0
1784197900,8,"KEYED PROCESS, Train->Infer, _stream_key_by_map_operator",2,numRecordsOutPerSecond,50.0
1784197900,8,"KEYED PROCESS, Train->Infer, _stream_key_by_map_operator",2,idleTimeMsPerSecond,0.0
1784197900,8,"KEYED PROCESS, Train->Infer, _stream_key_by_map_operator",2,numRecordsOut,30515.0
1784197900,8,"KEYED PROCESS, Train->Infer, _stream_key_by_map_operator",2,numRecordsIn,77.0
1784197900,8,"KEYED PROCESS, Train->Infer, _stream_key_by_map_operator",2,numRecordsInPerSecond,0.08333333333333333
1784197900,8,"KEYED PROCESS, Train->Infer, _stream_key_by_map_operator",2,backPressuredTimeMsPerSecond,451.0
1784197900,8,"KEYED PROCESS, Train->Infer, _stream_key_by_map_operator",3,busyTimeMsPerSecond,273.0
1784197900,8,"KEYED PROCESS, Train->Infer, _stream_key_by_map_operator",3,numRecordsOutPerSecond,33.333333333333336
1784197900,8,"KEYED PROCESS, Train->Infer, _stream_key_by_map_operator",3,idleTimeMsPerSecond,727.0
1784197900,8,"KEYED PROCESS, Train->Infer, _stream_key_by_map_operator",3,numRecordsOut,29500.0
1784197900,8,"KEYED PROCESS, Train->Infer, _stream_key_by_map_operator",3,numRecordsIn,60.0
1784197900,8,"KEYED PROCESS, Train->Infer, _stream_key_by_map_operator",3,numRecordsInPerSecond,0.06666666666666667
1784197900,8,"KEYED PROCESS, Train->Infer, _stream_key_by_map_operator",3,backPressuredTimeMsPerSecond,0.0
1784197900,8,"KEYED PROCESS, Train->Infer, _stream_key_by_map_operator",4,busyTimeMsPerSecond,311.0
1784197900,8,"KEYED PROCESS, Train->Infer, _stream_key_by_map_operator",4,numRecordsOutPerSecond,41.666666666666664
1784197900,8,"KEYED PROCESS, Train->Infer, _stream_key_by_map_operator",4,idleTimeMsPerSecond,689.0
1784197900,8,"KEYED PROCESS, Train->Infer, _stream_key_by_map_operator",4,numRecordsOut,22575.0
1784197900,8,"KEYED PROCESS, Train->Infer, _stream_key_by_map_operator",4,numRecordsIn,120.0
1784197900,8,"KEYED PROCESS, Train->Infer, _stream_key_by_map_operator",4,numRecordsInPerSecond,0.08333333333333333
1784197900,8,"KEYED PROCESS, Train->Infer, _stream_key_by_map_operator",4,backPressuredTimeMsPerSecond,0.0
1784197900,8,"KEYED PROCESS, Train->Infer, _stream_key_by_map_operator",5,busyTimeMsPerSecond,98.0
1784197900,8,"KEYED PROCESS, Train->Infer, _stream_key_by_map_operator",5,numRecordsOutPerSecond,16.666666666666668
1784197900,8,"KEYED PROCESS, Train->Infer, _stream_key_by_map_operator",5,idleTimeMsPerSecond,902.0
1784197900,8,"KEYED PROCESS, Train->Infer, _stream_key_by_map_operator",5,numRecordsOut,27500.0
1784197900,8,"KEYED PROCESS, Train->Infer, _stream_key_by_map_operator",5,numRecordsIn,55.0
1784197900,8,"KEYED PROCESS, Train->Infer, _stream_key_by_map_operator",5,numRecordsInPerSecond,0.016666666666666666
1784197900,8,"KEYED PROCESS, Train->Infer, _stream_key_by_map_operator",5,backPressuredTimeMsPerSecond,0.0
1784197900,8,"KEYED PROCESS, Train->Infer, _stream_key_by_map_operator",6,busyTimeMsPerSecond,441.0
1784197900,8,"KEYED PROCESS, Train->Infer, _stream_key_by_map_operator",6,numRecordsOutPerSecond,50.0
1784197900,8,"KEYED PROCESS, Train->Infer, _stream_key_by_map_operator",6,idleTimeMsPerSecond,559.0
1784197900,8,"KEYED PROCESS, Train->Infer, _stream_key_by_map_operator",6,numRecordsOut,31000.0
1784197900,8,"KEYED PROCESS, Train->Infer, _stream_key_by_map_operator",6,numRecordsIn,62.0
1784197900,8,"KEYED PROCESS, Train->Infer, _stream_key_by_map_operator",6,numRecordsInPerSecond,0.11666666666666667
1784197900,8,"KEYED PROCESS, Train->Infer, _stream_key_by_map_operator",6,backPressuredTimeMsPerSecond,0.0
1784197900,8,"KEYED PROCESS, Train->Infer, _stream_key_by_map_operator",7,busyTimeMsPerSecond,309.0
1784197900,8,"KEYED PROCESS, Train->Infer, _stream_key_by_map_operator",7,numRecordsOutPerSecond,33.333333333333336
1784197900,8,"KEYED PROCESS, Train->Infer, _stream_key_by_map_operator",7,idleTimeMsPerSecond,691.0
1784197900,8,"KEYED PROCESS, Train->Infer, _stream_key_by_map_operator",7,numRecordsOut,30030.0
1784197900,8,"KEYED PROCESS, Train->Infer, _stream_key_by_map_operator",7,numRecordsIn,90.0
1784197900,8,"KEYED PROCESS, Train->Infer, _stream_key_by_map_operator",7,numRecordsInPerSecond,0.06666666666666667
1784197900,8,"KEYED PROCESS, Train->Infer, _stream_key_by_map_operator",7,backPressuredTimeMsPerSecond,0.0
1784197900,8,"Infer->Rank, Rank->Filter, Filter -> Sink: Writer -> Sink: Committer",0,busyTimeMsPerSecond,1000.0
1784197900,8,"Infer->Rank, Rank->Filter, Filter -> Sink: Writer -> Sink: Committer",0,numRecordsOutPerSecond,52.166666666666664
1784197900,8,"Infer->Rank, Rank->Filter, Filter -> Sink: Writer -> Sink: Committer",0,idleTimeMsPerSecond,0.0
1784197900,8,"Infer->Rank, Rank->Filter, Filter -> Sink: Writer -> Sink: Committer",0,numRecordsOut,25194.0
1784197900,8,"Infer->Rank, Rank->Filter, Filter -> Sink: Writer -> Sink: Committer",0,numRecordsIn,28761.0
1784197900,8,"Infer->Rank, Rank->Filter, Filter -> Sink: Writer -> Sink: Committer",0,numRecordsInPerSecond,68.9
1784197900,8,"Infer->Rank, Rank->Filter, Filter -> Sink: Writer -> Sink: Committer",0,backPressuredTimeMsPerSecond,0.0
1784197900,8,"Infer->Rank, Rank->Filter, Filter -> Sink: Writer -> Sink: Committer",1,busyTimeMsPerSecond,203.0
1784197900,8,"Infer->Rank, Rank->Filter, Filter -> Sink: Writer -> Sink: Committer",1,numRecordsOutPerSecond,18.0
1784197900,8,"Infer->Rank, Rank->Filter, Filter -> Sink: Writer -> Sink: Committer",1,idleTimeMsPerSecond,797.0
1784197900,8,"Infer->Rank, Rank->Filter, Filter -> Sink: Writer -> Sink: Committer",1,numRecordsOut,23130.0
1784197900,8,"Infer->Rank, Rank->Filter, Filter -> Sink: Writer -> Sink: Committer",1,numRecordsIn,25208.0
1784197900,8,"Infer->Rank, Rank->Filter, Filter -> Sink: Writer -> Sink: Committer",1,numRecordsInPerSecond,18.166666666666668
1784197900,8,"Infer->Rank, Rank->Filter, Filter -> Sink: Writer -> Sink: Committer",1,backPressuredTimeMsPerSecond,0.0
1784197900,8,"Infer->Rank, Rank->Filter, Filter -> Sink: Writer -> Sink: Committer",2,busyTimeMsPerSecond,1000.0
1784197900,8,"Infer->Rank, Rank->Filter, Filter -> Sink: Writer -> Sink: Committer",2,numRecordsOutPerSecond,38.5
1784197900,8,"Infer->Rank, Rank->Filter, Filter -> Sink: Writer -> Sink: Committer",2,idleTimeMsPerSecond,0.0
1784197900,8,"Infer->Rank, Rank->Filter, Filter -> Sink: Writer -> Sink: Committer",2,numRecordsOut,23890.0
1784197900,8,"Infer->Rank, Rank->Filter, Filter -> Sink: Writer -> Sink: Committer",2,numRecordsIn,27410.0
1784197900,8,"Infer->Rank, Rank->Filter, Filter -> Sink: Writer -> Sink: Committer",2,numRecordsInPerSecond,46.833333333333336
1784197900,8,"Infer->Rank, Rank->Filter, Filter -> Sink: Writer -> Sink: Committer",2,backPressuredTimeMsPerSecond,0.0
1784197900,8,"Infer->Rank, Rank->Filter, Filter -> Sink: Writer -> Sink: Committer",3,busyTimeMsPerSecond,384.0
1784197900,8,"Infer->Rank, Rank->Filter, Filter -> Sink: Writer -> Sink: Committer",3,numRecordsOutPerSecond,33.333333333333336
1784197900,8,"Infer->Rank, Rank->Filter, Filter -> Sink: Writer -> Sink: Committer",3,idleTimeMsPerSecond,616.0
1784197900,8,"Infer->Rank, Rank->Filter, Filter -> Sink: Writer -> Sink: Committer",3,numRecordsOut,27000.0
1784197900,8,"Infer->Rank, Rank->Filter, Filter -> Sink: Writer -> Sink: Committer",3,numRecordsIn,29500.0
1784197900,8,"Infer->Rank, Rank->Filter, Filter -> Sink: Writer -> Sink: Committer",3,numRecordsInPerSecond,33.333333333333336
1784197900,8,"Infer->Rank, Rank->Filter, Filter -> Sink: Writer -> Sink: Committer",3,backPressuredTimeMsPerSecond,0.0
1784197900,8,"Infer->Rank, Rank->Filter, Filter -> Sink: Writer -> Sink: Committer",4,busyTimeMsPerSecond,576.0
1784197900,8,"Infer->Rank, Rank->Filter, Filter -> Sink: Writer -> Sink: Committer",4,numRecordsOutPerSecond,32.833333333333336
1784197900,8,"Infer->Rank, Rank->Filter, Filter -> Sink: Writer -> Sink: Committer",4,idleTimeMsPerSecond,424.0
1784197900,8,"Infer->Rank, Rank->Filter, Filter -> Sink: Writer -> Sink: Committer",4,numRecordsOut,21710.0
1784197900,8,"Infer->Rank, Rank->Filter, Filter -> Sink: Writer -> Sink: Committer",4,numRecordsIn,22299.0
1784197900,8,"Infer->Rank, Rank->Filter, Filter -> Sink: Writer -> Sink: Committer",4,numRecordsInPerSecond,41.166666666666664
1784197900,8,"Infer->Rank, Rank->Filter, Filter -> Sink: Writer -> Sink: Committer",4,backPressuredTimeMsPerSecond,0.0
1784197900,8,"Infer->Rank, Rank->Filter, Filter -> Sink: Writer -> Sink: Committer",5,busyTimeMsPerSecond,118.0
1784197900,8,"Infer->Rank, Rank->Filter, Filter -> Sink: Writer -> Sink: Committer",5,numRecordsOutPerSecond,8.333333333333334
1784197900,8,"Infer->Rank, Rank->Filter, Filter -> Sink: Writer -> Sink: Committer",5,idleTimeMsPerSecond,882.0
1784197900,8,"Infer->Rank, Rank->Filter, Filter -> Sink: Writer -> Sink: Committer",5,numRecordsOut,25000.0
1784197900,8,"Infer->Rank, Rank->Filter, Filter -> Sink: Writer -> Sink: Committer",5,numRecordsIn,27500.0
1784197900,8,"Infer->Rank, Rank->Filter, Filter -> Sink: Writer -> Sink: Committer",5,numRecordsInPerSecond,14.6
1784197900,8,"Infer->Rank, Rank->Filter, Filter -> Sink: Writer -> Sink: Committer",5,backPressuredTimeMsPerSecond,0.0
1784197900,8,"Infer->Rank, Rank->Filter, Filter -> Sink: Writer -> Sink: Committer",6,busyTimeMsPerSecond,500.0
1784197900,8,"Infer->Rank, Rank->Filter, Filter -> Sink: Writer -> Sink: Committer",6,numRecordsOutPerSecond,27.5
1784197900,8,"Infer->Rank, Rank->Filter, Filter -> Sink: Writer -> Sink: Committer",6,idleTimeMsPerSecond,500.0
1784197900,8,"Infer->Rank, Rank->Filter, Filter -> Sink: Writer -> Sink: Committer",6,numRecordsOut,25780.0
1784197900,8,"Infer->Rank, Rank->Filter, Filter -> Sink: Writer -> Sink: Committer",6,numRecordsIn,30285.0
1784197900,8,"Infer->Rank, Rank->Filter, Filter -> Sink: Writer -> Sink: Committer",6,numRecordsInPerSecond,44.21666666666667
1784197900,8,"Infer->Rank, Rank->Filter, Filter -> Sink: Writer -> Sink: Committer",6,backPressuredTimeMsPerSecond,0.0
1784197900,8,"Infer->Rank, Rank->Filter, Filter -> Sink: Writer -> Sink: Committer",7,busyTimeMsPerSecond,739.0
1784197900,8,"Infer->Rank, Rank->Filter, Filter -> Sink: Writer -> Sink: Committer",7,numRecordsOutPerSecond,67.0
1784197900,8,"Infer->Rank, Rank->Filter, Filter -> Sink: Writer -> Sink: Committer",7,idleTimeMsPerSecond,261.0
1784197900,8,"Infer->Rank, Rank->Filter, Filter -> Sink: Writer -> Sink: Committer",7,numRecordsOut,29490.0
1784197900,8,"Infer->Rank, Rank->Filter, Filter -> Sink: Writer -> Sink: Committer",7,numRecordsIn,30030.0
1784197900,8,"Infer->Rank, Rank->Filter, Filter -> Sink: Writer -> Sink: Committer",7,numRecordsInPerSecond,66.9
1784197900,8,"Infer->Rank, Rank->Filter, Filter -> Sink: Writer -> Sink: Committer",7,backPressuredTimeMsPerSecond,0.0
1784197915,8,"Source: Source-data -> LoadJSON, Parse, _stream_key_by_map_operator",0,busyTimeMsPerSecond,1.0
1784197915,8,"Source: Source-data -> LoadJSON, Parse, _stream_key_by_map_operator",0,numRecordsOutPerSecond,0.0
1784197915,8,"Source: Source-data -> LoadJSON, Parse, _stream_key_by_map_operator",0,idleTimeMsPerSecond,999.0
1784197915,8,"Source: Source-data -> LoadJSON, Parse, _stream_key_by_map_operator",0,numRecordsOut,6129.0
1784197915,8,"Source: Source-data -> LoadJSON, Parse, _stream_key_by_map_operator",0,numRecordsIn,6129.0
1784197915,8,"Source: Source-data -> LoadJSON, Parse, _stream_key_by_map_operator",0,numRecordsInPerSecond,0.0
1784197915,8,"Source: Source-data -> LoadJSON, Parse, _stream_key_by_map_operator",0,backPressuredTimeMsPerSecond,0.0
1784197915,8,"Source: Source-data -> LoadJSON, Parse, _stream_key_by_map_operator",1,busyTimeMsPerSecond,1.0
1784197915,8,"Source: Source-data -> LoadJSON, Parse, _stream_key_by_map_operator",1,numRecordsOutPerSecond,0.016666666666666666
1784197915,8,"Source: Source-data -> LoadJSON, Parse, _stream_key_by_map_operator",1,idleTimeMsPerSecond,999.0
1784197915,8,"Source: Source-data -> LoadJSON, Parse, _stream_key_by_map_operator",1,numRecordsOut,6023.0
1784197915,8,"Source: Source-data -> LoadJSON, Parse, _stream_key_by_map_operator",1,numRecordsIn,6023.0
1784197915,8,"Source: Source-data -> LoadJSON, Parse, _stream_key_by_map_operator",1,numRecordsInPerSecond,0.016666666666666666
1784197915,8,"Source: Source-data -> LoadJSON, Parse, _stream_key_by_map_operator",1,backPressuredTimeMsPerSecond,0.0
1784197915,8,"Source: Source-data -> LoadJSON, Parse, _stream_key_by_map_operator",2,busyTimeMsPerSecond,0.0
1784197915,8,"Source: Source-data -> LoadJSON, Parse, _stream_key_by_map_operator",2,numRecordsOutPerSecond,0.0
1784197915,8,"Source: Source-data -> LoadJSON, Parse, _stream_key_by_map_operator",2,idleTimeMsPerSecond,1000.0
1784197915,8,"Source: Source-data -> LoadJSON, Parse, _stream_key_by_map_operator",2,numRecordsOut,6231.0
1784197915,8,"Source: Source-data -> LoadJSON, Parse, _stream_key_by_map_operator",2,numRecordsIn,6231.0
1784197915,8,"Source: Source-data -> LoadJSON, Parse, _stream_key_by_map_operator",2,numRecordsInPerSecond,0.0
1784197915,8,"Source: Source-data -> LoadJSON, Parse, _stream_key_by_map_operator",2,backPressuredTimeMsPerSecond,0.0
1784197915,8,"Source: Source-data -> LoadJSON, Parse, _stream_key_by_map_operator",3,busyTimeMsPerSecond,1.0
1784197915,8,"Source: Source-data -> LoadJSON, Parse, _stream_key_by_map_operator",3,numRecordsOutPerSecond,0.03333333333333333
1784197915,8,"Source: Source-data -> LoadJSON, Parse, _stream_key_by_map_operator",3,idleTimeMsPerSecond,999.0
1784197915,8,"Source: Source-data -> LoadJSON, Parse, _stream_key_by_map_operator",3,numRecordsOut,6020.0
1784197915,8,"Source: Source-data -> LoadJSON, Parse, _stream_key_by_map_operator",3,numRecordsIn,6020.0
1784197915,8,"Source: Source-data -> LoadJSON, Parse, _stream_key_by_map_operator",3,numRecordsInPerSecond,0.03333333333333333
1784197915,8,"Source: Source-data -> LoadJSON, Parse, _stream_key_by_map_operator",3,backPressuredTimeMsPerSecond,0.0
1784197915,8,"Source: Source-data -> LoadJSON, Parse, _stream_key_by_map_operator",4,busyTimeMsPerSecond,1.0
1784197915,8,"Source: Source-data -> LoadJSON, Parse, _stream_key_by_map_operator",4,numRecordsOutPerSecond,0.03333333333333333
1784197915,8,"Source: Source-data -> LoadJSON, Parse, _stream_key_by_map_operator",4,idleTimeMsPerSecond,999.0
1784197915,8,"Source: Source-data -> LoadJSON, Parse, _stream_key_by_map_operator",4,numRecordsOut,6067.0
1784197915,8,"Source: Source-data -> LoadJSON, Parse, _stream_key_by_map_operator",4,numRecordsIn,6067.0
1784197915,8,"Source: Source-data -> LoadJSON, Parse, _stream_key_by_map_operator",4,numRecordsInPerSecond,0.03333333333333333
1784197915,8,"Source: Source-data -> LoadJSON, Parse, _stream_key_by_map_operator",4,backPressuredTimeMsPerSecond,0.0
1784197915,8,"Source: Source-data -> LoadJSON, Parse, _stream_key_by_map_operator",5,busyTimeMsPerSecond,0.0
1784197915,8,"Source: Source-data -> LoadJSON, Parse, _stream_key_by_map_operator",5,numRecordsOutPerSecond,0.0
1784197915,8,"Source: Source-data -> LoadJSON, Parse, _stream_key_by_map_operator",5,idleTimeMsPerSecond,1000.0
1784197915,8,"Source: Source-data -> LoadJSON, Parse, _stream_key_by_map_operator",5,numRecordsOut,6100.0
1784197915,8,"Source: Source-data -> LoadJSON, Parse, _stream_key_by_map_operator",5,numRecordsIn,6100.0
1784197915,8,"Source: Source-data -> LoadJSON, Parse, _stream_key_by_map_operator",5,numRecordsInPerSecond,0.0
1784197915,8,"Source: Source-data -> LoadJSON, Parse, _stream_key_by_map_operator",5,backPressuredTimeMsPerSecond,0.0
1784197915,8,"Source: Source-data -> LoadJSON, Parse, _stream_key_by_map_operator",6,busyTimeMsPerSecond,2.0
1784197915,8,"Source: Source-data -> LoadJSON, Parse, _stream_key_by_map_operator",6,numRecordsOutPerSecond,0.05
1784197915,8,"Source: Source-data -> LoadJSON, Parse, _stream_key_by_map_operator",6,idleTimeMsPerSecond,998.0
1784197915,8,"Source: Source-data -> LoadJSON, Parse, _stream_key_by_map_operator",6,numRecordsOut,6063.0
1784197915,8,"Source: Source-data -> LoadJSON, Parse, _stream_key_by_map_operator",6,numRecordsIn,6063.0
1784197915,8,"Source: Source-data -> LoadJSON, Parse, _stream_key_by_map_operator",6,numRecordsInPerSecond,0.05
1784197915,8,"Source: Source-data -> LoadJSON, Parse, _stream_key_by_map_operator",6,backPressuredTimeMsPerSecond,0.0
1784197915,8,"Source: Source-data -> LoadJSON, Parse, _stream_key_by_map_operator",7,busyTimeMsPerSecond,1.0
1784197915,8,"Source: Source-data -> LoadJSON, Parse, _stream_key_by_map_operator",7,numRecordsOutPerSecond,0.016666666666666666
1784197915,8,"Source: Source-data -> LoadJSON, Parse, _stream_key_by_map_operator",7,idleTimeMsPerSecond,999.0
1784197915,8,"Source: Source-data -> LoadJSON, Parse, _stream_key_by_map_operator",7,numRecordsOut,5968.0
1784197915,8,"Source: Source-data -> LoadJSON, Parse, _stream_key_by_map_operator",7,numRecordsIn,5968.0
1784197915,8,"Source: Source-data -> LoadJSON, Parse, _stream_key_by_map_operator",7,numRecordsInPerSecond,0.016666666666666666
1784197915,8,"Source: Source-data -> LoadJSON, Parse, _stream_key_by_map_operator",7,backPressuredTimeMsPerSecond,0.0
1784197915,8,"KEYED PROCESS, Parse->Train, _stream_key_by_map_operator",0,busyTimeMsPerSecond,267.0
1784197915,8,"KEYED PROCESS, Parse->Train, _stream_key_by_map_operator",0,numRecordsOutPerSecond,0.08333333333333333
1784197915,8,"KEYED PROCESS, Parse->Train, _stream_key_by_map_operator",0,idleTimeMsPerSecond,0.0
1784197915,8,"KEYED PROCESS, Parse->Train, _stream_key_by_map_operator",0,numRecordsOut,149.0
1784197915,8,"KEYED PROCESS, Parse->Train, _stream_key_by_map_operator",0,numRecordsIn,150.0
1784197915,8,"KEYED PROCESS, Parse->Train, _stream_key_by_map_operator",0,numRecordsInPerSecond,0.08333333333333333
1784197915,8,"KEYED PROCESS, Parse->Train, _stream_key_by_map_operator",0,backPressuredTimeMsPerSecond,733.0
1784197915,8,"KEYED PROCESS, Parse->Train, _stream_key_by_map_operator",1,busyTimeMsPerSecond,197.0
1784197915,8,"KEYED PROCESS, Parse->Train, _stream_key_by_map_operator",1,numRecordsOutPerSecond,0.06666666666666667
1784197915,8,"KEYED PROCESS, Parse->Train, _stream_key_by_map_operator",1,idleTimeMsPerSecond,0.0
1784197915,8,"KEYED PROCESS, Parse->Train, _stream_key_by_map_operator",1,numRecordsOut,149.0
1784197915,8,"KEYED PROCESS, Parse->Train, _stream_key_by_map_operator",1,numRecordsIn,150.0
1784197915,8,"KEYED PROCESS, Parse->Train, _stream_key_by_map_operator",1,numRecordsInPerSecond,0.06666666666666667
1784197915,8,"KEYED PROCESS, Parse->Train, _stream_key_by_map_operator",1,backPressuredTimeMsPerSecond,803.0
1784197915,8,"KEYED PROCESS, Parse->Train, _stream_key_by_map_operator",2,busyTimeMsPerSecond,708.0
1784197915,8,"KEYED PROCESS, Parse->Train, _stream_key_by_map_operator",2,numRecordsOutPerSecond,0.23333333333333334
1784197915,8,"KEYED PROCESS, Parse->Train, _stream_key_by_map_operator",2,idleTimeMsPerSecond,0.0
1784197915,8,"KEYED PROCESS, Parse->Train, _stream_key_by_map_operator",2,numRecordsOut,106.0
1784197915,8,"KEYED PROCESS, Parse->Train, _stream_key_by_map_operator",2,numRecordsIn,107.0
1784197915,8,"KEYED PROCESS, Parse->Train, _stream_key_by_map_operator",2,numRecordsInPerSecond,0.23333333333333334
1784197915,8,"KEYED PROCESS, Parse->Train, _stream_key_by_map_operator",2,backPressuredTimeMsPerSecond,292.0
1784197915,8,"KEYED PROCESS, Parse->Train, _stream_key_by_map_operator",3,busyTimeMsPerSecond,0.0
1784197915,8,"KEYED PROCESS, Parse->Train, _stream_key_by_map_operator",3,numRecordsOutPerSecond,0.0
1784197915,8,"KEYED PROCESS, Parse->Train, _stream_key_by_map_operator",3,idleTimeMsPerSecond,1000.0
1784197915,8,"KEYED PROCESS, Parse->Train, _stream_key_by_map_operator",3,numRecordsOut,0.0
1784197915,8,"KEYED PROCESS, Parse->Train, _stream_key_by_map_operator",3,numRecordsIn,0.0
1784197915,8,"KEYED PROCESS, Parse->Train, _stream_key_by_map_operator",3,numRecordsInPerSecond,0.0
1784197915,8,"KEYED PROCESS, Parse->Train, _stream_key_by_map_operator",3,backPressuredTimeMsPerSecond,0.0
1784197915,8,"KEYED PROCESS, Parse->Train, _stream_key_by_map_operator",4,busyTimeMsPerSecond,440.0
1784197915,8,"KEYED PROCESS, Parse->Train, _stream_key_by_map_operator",4,numRecordsOutPerSecond,0.15
1784197915,8,"KEYED PROCESS, Parse->Train, _stream_key_by_map_operator",4,idleTimeMsPerSecond,0.0
1784197915,8,"KEYED PROCESS, Parse->Train, _stream_key_by_map_operator",4,numRecordsOut,173.0
1784197915,8,"KEYED PROCESS, Parse->Train, _stream_key_by_map_operator",4,numRecordsIn,174.0
1784197915,8,"KEYED PROCESS, Parse->Train, _stream_key_by_map_operator",4,numRecordsInPerSecond,0.15
1784197915,8,"KEYED PROCESS, Parse->Train, _stream_key_by_map_operator",4,backPressuredTimeMsPerSecond,560.0
1784197915,8,"KEYED PROCESS, Parse->Train, _stream_key_by_map_operator",5,busyTimeMsPerSecond,0.0
1784197915,8,"KEYED PROCESS, Parse->Train, _stream_key_by_map_operator",5,numRecordsOutPerSecond,0.0
1784197915,8,"KEYED PROCESS, Parse->Train, _stream_key_by_map_operator",5,idleTimeMsPerSecond,1000.0
1784197915,8,"KEYED PROCESS, Parse->Train, _stream_key_by_map_operator",5,numRecordsOut,0.0
1784197915,8,"KEYED PROCESS, Parse->Train, _stream_key_by_map_operator",5,numRecordsIn,0.0
1784197915,8,"KEYED PROCESS, Parse->Train, _stream_key_by_map_operator",5,numRecordsInPerSecond,0.0
1784197915,8,"KEYED PROCESS, Parse->Train, _stream_key_by_map_operator",5,backPressuredTimeMsPerSecond,0.0
1784197915,8,"KEYED PROCESS, Parse->Train, _stream_key_by_map_operator",6,busyTimeMsPerSecond,0.0
1784197915,8,"KEYED PROCESS, Parse->Train, _stream_key_by_map_operator",6,numRecordsOutPerSecond,0.0
1784197915,8,"KEYED PROCESS, Parse->Train, _stream_key_by_map_operator",6,idleTimeMsPerSecond,1000.0
1784197915,8,"KEYED PROCESS, Parse->Train, _stream_key_by_map_operator",6,numRecordsOut,0.0
1784197915,8,"KEYED PROCESS, Parse->Train, _stream_key_by_map_operator",6,numRecordsIn,0.0
1784197915,8,"KEYED PROCESS, Parse->Train, _stream_key_by_map_operator",6,numRecordsInPerSecond,0.0
1784197915,8,"KEYED PROCESS, Parse->Train, _stream_key_by_map_operator",6,backPressuredTimeMsPerSecond,0.0
1784197915,8,"KEYED PROCESS, Parse->Train, _stream_key_by_map_operator",7,busyTimeMsPerSecond,47.0
1784197915,8,"KEYED PROCESS, Parse->Train, _stream_key_by_map_operator",7,numRecordsOutPerSecond,0.016666666666666666
1784197915,8,"KEYED PROCESS, Parse->Train, _stream_key_by_map_operator",7,idleTimeMsPerSecond,0.0
1784197915,8,"KEYED PROCESS, Parse->Train, _stream_key_by_map_operator",7,numRecordsOut,123.0
1784197915,8,"KEYED PROCESS, Parse->Train, _stream_key_by_map_operator",7,numRecordsIn,124.0
1784197915,8,"KEYED PROCESS, Parse->Train, _stream_key_by_map_operator",7,numRecordsInPerSecond,0.016666666666666666
1784197915,8,"KEYED PROCESS, Parse->Train, _stream_key_by_map_operator",7,backPressuredTimeMsPerSecond,953.0
1784197915,8,"KEYED PROCESS, Train->Infer, _stream_key_by_map_operator",0,busyTimeMsPerSecond,421.0
1784197915,8,"KEYED PROCESS, Train->Infer, _stream_key_by_map_operator",0,numRecordsOutPerSecond,50.0
1784197915,8,"KEYED PROCESS, Train->Infer, _stream_key_by_map_operator",0,idleTimeMsPerSecond,579.0
1784197915,8,"KEYED PROCESS, Train->Infer, _stream_key_by_map_operator",0,numRecordsOut,29060.0
1784197915,8,"KEYED PROCESS, Train->Infer, _stream_key_by_map_operator",0,numRecordsIn,118.0
1784197915,8,"KEYED PROCESS, Train->Infer, _stream_key_by_map_operator",0,numRecordsInPerSecond,0.08333333333333333
1784197915,8,"KEYED PROCESS, Train->Infer, _stream_key_by_map_operator",0,backPressuredTimeMsPerSecond,0.0
1784197915,8,"KEYED PROCESS, Train->Infer, _stream_key_by_map_operator",1,busyTimeMsPerSecond,245.0
1784197915,8,"KEYED PROCESS, Train->Infer, _stream_key_by_map_operator",1,numRecordsOutPerSecond,25.0
1784197915,8,"KEYED PROCESS, Train->Infer, _stream_key_by_map_operator",1,idleTimeMsPerSecond,755.0
1784197915,8,"KEYED PROCESS, Train->Infer, _stream_key_by_map_operator",1,numRecordsOut,26059.0
1784197915,8,"KEYED PROCESS, Train->Infer, _stream_key_by_map_operator",1,numRecordsIn,112.0
1784197915,8,"KEYED PROCESS, Train->Infer, _stream_key_by_map_operator",1,numRecordsInPerSecond,0.05
1784197915,8,"KEYED PROCESS, Train->Infer, _stream_key_by_map_operator",1,backPressuredTimeMsPerSecond,0.0
1784197915,8,"KEYED PROCESS, Train->Infer, _stream_key_by_map_operator",2,busyTimeMsPerSecond,554.0
1784197915,8,"KEYED PROCESS, Train->Infer, _stream_key_by_map_operator",2,numRecordsOutPerSecond,41.666666666666664
1784197915,8,"KEYED PROCESS, Train->Infer, _stream_key_by_map_operator",2,idleTimeMsPerSecond,0.0
1784197915,8,"KEYED PROCESS, Train->Infer, _stream_key_by_map_operator",2,numRecordsOut,31515.0
1784197915,8,"KEYED PROCESS, Train->Infer, _stream_key_by_map_operator",2,numRecordsIn,78.0
1784197915,8,"KEYED PROCESS, Train->Infer, _stream_key_by_map_operator",2,numRecordsInPerSecond,0.1
1784197915,8,"KEYED PROCESS, Train->Infer, _stream_key_by_map_operator",2,backPressuredTimeMsPerSecond,446.0
1784197915,8,"KEYED PROCESS, Train->Infer, _stream_key_by_map_operator",3,busyTimeMsPerSecond,307.0
1784197915,8,"KEYED PROCESS, Train->Infer, _stream_key_by_map_operator",3,numRecordsOutPerSecond,41.666666666666664
1784197915,8,"KEYED PROCESS, Train->Infer, _stream_key_by_map_operator",3,idleTimeMsPerSecond,693.0
1784197915,8,"KEYED PROCESS, Train->Infer, _stream_key_by_map_operator",3,numRecordsOut,30500.0
1784197915,8,"KEYED PROCESS, Train->Infer, _stream_key_by_map_operator",3,numRecordsIn,61.0
1784197915,8,"KEYED PROCESS, Train->Infer, _stream_key_by_map_operator",3,numRecordsInPerSecond,0.06666666666666667
1784197915,8,"KEYED PROCESS, Train->Infer, _stream_key_by_map_operator",3,backPressuredTimeMsPerSecond,0.0
1784197915,8,"KEYED PROCESS, Train->Infer, _stream_key_by_map_operator",4,busyTimeMsPerSecond,311.0
1784197915,8,"KEYED PROCESS, Train->Infer, _stream_key_by_map_operator",4,numRecordsOutPerSecond,41.666666666666664
1784197915,8,"KEYED PROCESS, Train->Infer, _stream_key_by_map_operator",4,idleTimeMsPerSecond,689.0
1784197915,8,"KEYED PROCESS, Train->Infer, _stream_key_by_map_operator",4,numRecordsOut,22575.0
1784197915,8,"KEYED PROCESS, Train->Infer, _stream_key_by_map_operator",4,numRecordsIn,120.0
1784197915,8,"KEYED PROCESS, Train->Infer, _stream_key_by_map_operator",4,numRecordsInPerSecond,0.08333333333333333
1784197915,8,"KEYED PROCESS, Train->Infer, _stream_key_by_map_operator",4,backPressuredTimeMsPerSecond,0.0
1784197915,8,"KEYED PROCESS, Train->Infer, _stream_key_by_map_operator",5,busyTimeMsPerSecond,64.0
1784197915,8,"KEYED PROCESS, Train->Infer, _stream_key_by_map_operator",5,numRecordsOutPerSecond,8.333333333333334
1784197915,8,"KEYED PROCESS, Train->Infer, _stream_key_by_map_operator",5,idleTimeMsPerSecond,936.0
1784197915,8,"KEYED PROCESS, Train->Infer, _stream_key_by_map_operator",5,numRecordsOut,27500.0
1784197915,8,"KEYED PROCESS, Train->Infer, _stream_key_by_map_operator",5,numRecordsIn,55.0
1784197915,8,"KEYED PROCESS, Train->Infer, _stream_key_by_map_operator",5,numRecordsInPerSecond,0.016666666666666666
1784197915,8,"KEYED PROCESS, Train->Infer, _stream_key_by_map_operator",5,backPressuredTimeMsPerSecond,0.0
1784197915,8,"KEYED PROCESS, Train->Infer, _stream_key_by_map_operator",6,busyTimeMsPerSecond,521.0
1784197915,8,"KEYED PROCESS, Train->Infer, _stream_key_by_map_operator",6,numRecordsOutPerSecond,66.66666666666667
1784197915,8,"KEYED PROCESS, Train->Infer, _stream_key_by_map_operator",6,idleTimeMsPerSecond,479.0
1784197915,8,"KEYED PROCESS, Train->Infer, _stream_key_by_map_operator",6,numRecordsOut,32500.0
1784197915,8,"KEYED PROCESS, Train->Infer, _stream_key_by_map_operator",6,numRecordsIn,65.0
1784197915,8,"KEYED PROCESS, Train->Infer, _stream_key_by_map_operator",6,numRecordsInPerSecond,0.13333333333333333
1784197915,8,"KEYED PROCESS, Train->Infer, _stream_key_by_map_operator",6,backPressuredTimeMsPerSecond,0.0
1784197915,8,"KEYED PROCESS, Train->Infer, _stream_key_by_map_operator",7,busyTimeMsPerSecond,303.0
1784197915,8,"KEYED PROCESS, Train->Infer, _stream_key_by_map_operator",7,numRecordsOutPerSecond,33.333333333333336
1784197915,8,"KEYED PROCESS, Train->Infer, _stream_key_by_map_operator",7,idleTimeMsPerSecond,697.0
1784197915,8,"KEYED PROCESS, Train->Infer, _stream_key_by_map_operator",7,numRecordsOut,30030.0
1784197915,8,"KEYED PROCESS, Train->Infer, _stream_key_by_map_operator",7,numRecordsIn,90.0
1784197915,8,"KEYED PROCESS, Train->Infer, _stream_key_by_map_operator",7,numRecordsInPerSecond,0.06666666666666667
1784197915,8,"KEYED PROCESS, Train->Infer, _stream_key_by_map_operator",7,backPressuredTimeMsPerSecond,0.0
1784197915,8,"Infer->Rank, Rank->Filter, Filter -> Sink: Writer -> Sink: Committer",0,busyTimeMsPerSecond,921.0
1784197915,8,"Infer->Rank, Rank->Filter, Filter -> Sink: Writer -> Sink: Committer",0,numRecordsOutPerSecond,52.833333333333336
1784197915,8,"Infer->Rank, Rank->Filter, Filter -> Sink: Writer -> Sink: Committer",0,idleTimeMsPerSecond,79.0
1784197915,8,"Infer->Rank, Rank->Filter, Filter -> Sink: Writer -> Sink: Committer",0,numRecordsOut,25494.0
1784197915,8,"Infer->Rank, Rank->Filter, Filter -> Sink: Writer -> Sink: Committer",0,numRecordsIn,29060.0
1784197915,8,"Infer->Rank, Rank->Filter, Filter -> Sink: Writer -> Sink: Committer",0,numRecordsInPerSecond,69.33333333333333
1784197915,8,"Infer->Rank, Rank->Filter, Filter -> Sink: Writer -> Sink: Committer",0,backPressuredTimeMsPerSecond,0.0
1784197915,8,"Infer->Rank, Rank->Filter, Filter -> Sink: Writer -> Sink: Committer",1,busyTimeMsPerSecond,264.0
1784197915,8,"Infer->Rank, Rank->Filter, Filter -> Sink: Writer -> Sink: Committer",1,numRecordsOutPerSecond,25.0
1784197915,8,"Infer->Rank, Rank->Filter, Filter -> Sink: Writer -> Sink: Committer",1,idleTimeMsPerSecond,736.0
1784197915,8,"Infer->Rank, Rank->Filter, Filter -> Sink: Writer -> Sink: Committer",1,numRecordsOut,23990.0
1784197915,8,"Infer->Rank, Rank->Filter, Filter -> Sink: Writer -> Sink: Committer",1,numRecordsIn,26059.0
1784197915,8,"Infer->Rank, Rank->Filter, Filter -> Sink: Writer -> Sink: Committer",1,numRecordsInPerSecond,25.0
1784197915,8,"Infer->Rank, Rank->Filter, Filter -> Sink: Writer -> Sink: Committer",1,backPressuredTimeMsPerSecond,0.0
1784197915,8,"Infer->Rank, Rank->Filter, Filter -> Sink: Writer -> Sink: Committer",2,busyTimeMsPerSecond,1000.0
1784197915,8,"Infer->Rank, Rank->Filter, Filter -> Sink: Writer -> Sink: Committer",2,numRecordsOutPerSecond,33.166666666666664
1784197915,8,"Infer->Rank, Rank->Filter, Filter -> Sink: Writer -> Sink: Committer",2,idleTimeMsPerSecond,0.0
1784197915,8,"Infer->Rank, Rank->Filter, Filter -> Sink: Writer -> Sink: Committer",2,numRecordsOut,24280.0
1784197915,8,"Infer->Rank, Rank->Filter, Filter -> Sink: Writer -> Sink: Committer",2,numRecordsIn,28303.0
1784197915,8,"Infer->Rank, Rank->Filter, Filter -> Sink: Writer -> Sink: Committer",2,numRecordsInPerSecond,46.516666666666666
1784197915,8,"Infer->Rank, Rank->Filter, Filter -> Sink: Writer -> Sink: Committer",2,backPressuredTimeMsPerSecond,0.0
1784197915,8,"Infer->Rank, Rank->Filter, Filter -> Sink: Writer -> Sink: Committer",3,busyTimeMsPerSecond,448.0
1784197915,8,"Infer->Rank, Rank->Filter, Filter -> Sink: Writer -> Sink: Committer",3,numRecordsOutPerSecond,40.333333333333336
1784197915,8,"Infer->Rank, Rank->Filter, Filter -> Sink: Writer -> Sink: Committer",3,idleTimeMsPerSecond,552.0
1784197915,8,"Infer->Rank, Rank->Filter, Filter -> Sink: Writer -> Sink: Committer",3,numRecordsOut,28000.0
1784197915,8,"Infer->Rank, Rank->Filter, Filter -> Sink: Writer -> Sink: Committer",3,numRecordsIn,30500.0
1784197915,8,"Infer->Rank, Rank->Filter, Filter -> Sink: Writer -> Sink: Committer",3,numRecordsInPerSecond,40.266666666666666
1784197915,8,"Infer->Rank, Rank->Filter, Filter -> Sink: Writer -> Sink: Committer",3,backPressuredTimeMsPerSecond,0.0
1784197915,8,"Infer->Rank, Rank->Filter, Filter -> Sink: Writer -> Sink: Committer",4,busyTimeMsPerSecond,568.0
1784197915,8,"Infer->Rank, Rank->Filter, Filter -> Sink: Writer -> Sink: Committer",4,numRecordsOutPerSecond,33.333333333333336
1784197915,8,"Infer->Rank, Rank->Filter, Filter -> Sink: Writer -> Sink: Committer",4,idleTimeMsPerSecond,432.0
1784197915,8,"Infer->Rank, Rank->Filter, Filter -> Sink: Writer -> Sink: Committer",4,numRecordsOut,21990.0
1784197915,8,"Infer->Rank, Rank->Filter, Filter -> Sink: Writer -> Sink: Committer",4,numRecordsIn,22575.0
1784197915,8,"Infer->Rank, Rank->Filter, Filter -> Sink: Writer -> Sink: Committer",4,numRecordsInPerSecond,41.666666666666664
1784197915,8,"Infer->Rank, Rank->Filter, Filter -> Sink: Writer -> Sink: Committer",4,backPressuredTimeMsPerSecond,0.0
1784197915,8,"Infer->Rank, Rank->Filter, Filter -> Sink: Writer -> Sink: Committer",5,busyTimeMsPerSecond,65.0
1784197915,8,"Infer->Rank, Rank->Filter, Filter -> Sink: Writer -> Sink: Committer",5,numRecordsOutPerSecond,0.0
1784197915,8,"Infer->Rank, Rank->Filter, Filter -> Sink: Writer -> Sink: Committer",5,idleTimeMsPerSecond,935.0
1784197915,8,"Infer->Rank, Rank->Filter, Filter -> Sink: Writer -> Sink: Committer",5,numRecordsOut,25000.0
1784197915,8,"Infer->Rank, Rank->Filter, Filter -> Sink: Writer -> Sink: Committer",5,numRecordsIn,27500.0
1784197915,8,"Infer->Rank, Rank->Filter, Filter -> Sink: Writer -> Sink: Committer",5,numRecordsInPerSecond,8.333333333333334
1784197915,8,"Infer->Rank, Rank->Filter, Filter -> Sink: Writer -> Sink: Committer",5,backPressuredTimeMsPerSecond,0.0
1784197915,8,"Infer->Rank, Rank->Filter, Filter -> Sink: Writer -> Sink: Committer",6,busyTimeMsPerSecond,641.0
1784197915,8,"Infer->Rank, Rank->Filter, Filter -> Sink: Writer -> Sink: Committer",6,numRecordsOutPerSecond,36.666666666666664
1784197915,8,"Infer->Rank, Rank->Filter, Filter -> Sink: Writer -> Sink: Committer",6,idleTimeMsPerSecond,359.0
1784197915,8,"Infer->Rank, Rank->Filter, Filter -> Sink: Writer -> Sink: Committer",6,numRecordsOut,26550.0
1784197915,8,"Infer->Rank, Rank->Filter, Filter -> Sink: Writer -> Sink: Committer",6,numRecordsIn,31060.0
1784197915,8,"Infer->Rank, Rank->Filter, Filter -> Sink: Writer -> Sink: Committer",6,numRecordsInPerSecond,53.31666666666667
1784197915,8,"Infer->Rank, Rank->Filter, Filter -> Sink: Writer -> Sink: Committer",6,backPressuredTimeMsPerSecond,0.0
1784197915,8,"Infer->Rank, Rank->Filter, Filter -> Sink: Writer -> Sink: Committer",7,busyTimeMsPerSecond,573.0
1784197915,8,"Infer->Rank, Rank->Filter, Filter -> Sink: Writer -> Sink: Committer",7,numRecordsOutPerSecond,52.333333333333336
1784197915,8,"Infer->Rank, Rank->Filter, Filter -> Sink: Writer -> Sink: Committer",7,idleTimeMsPerSecond,427.0
1784197915,8,"Infer->Rank, Rank->Filter, Filter -> Sink: Writer -> Sink: Committer",7,numRecordsOut,29490.0
1784197915,8,"Infer->Rank, Rank->Filter, Filter -> Sink: Writer -> Sink: Committer",7,numRecordsIn,30030.0
1784197915,8,"Infer->Rank, Rank->Filter, Filter -> Sink: Writer -> Sink: Committer",7,numRecordsInPerSecond,52.2
1784197915,8,"Infer->Rank, Rank->Filter, Filter -> Sink: Writer -> Sink: Committer",7,backPressuredTimeMsPerSecond,0.0
1784197930,8,"Source: Source-data -> LoadJSON, Parse, _stream_key_by_map_operator",0,busyTimeMsPerSecond,0.0
1784197930,8,"Source: Source-data -> LoadJSON, Parse, _stream_key_by_map_operator",0,numRecordsOutPerSecond,0.0
1784197930,8,"Source: Source-data -> LoadJSON, Parse, _stream_key_by_map_operator",0,idleTimeMsPerSecond,1000.0
1784197930,8,"Source: Source-data -> LoadJSON, Parse, _stream_key_by_map_operator",0,numRecordsOut,6129.0
1784197930,8,"Source: Source-data -> LoadJSON, Parse, _stream_key_by_map_operator",0,numRecordsIn,6129.0
1784197930,8,"Source: Source-data -> LoadJSON, Parse, _stream_key_by_map_operator",0,numRecordsInPerSecond,0.0
1784197930,8,"Source: Source-data -> LoadJSON, Parse, _stream_key_by_map_operator",0,backPressuredTimeMsPerSecond,0.0
1784197930,8,"Source: Source-data -> LoadJSON, Parse, _stream_key_by_map_operator",1,busyTimeMsPerSecond,1.0
1784197930,8,"Source: Source-data -> LoadJSON, Parse, _stream_key_by_map_operator",1,numRecordsOutPerSecond,0.016666666666666666
1784197930,8,"Source: Source-data -> LoadJSON, Parse, _stream_key_by_map_operator",1,idleTimeMsPerSecond,999.0
1784197930,8,"Source: Source-data -> LoadJSON, Parse, _stream_key_by_map_operator",1,numRecordsOut,6023.0
1784197930,8,"Source: Source-data -> LoadJSON, Parse, _stream_key_by_map_operator",1,numRecordsIn,6023.0
1784197930,8,"Source: Source-data -> LoadJSON, Parse, _stream_key_by_map_operator",1,numRecordsInPerSecond,0.016666666666666666
1784197930,8,"Source: Source-data -> LoadJSON, Parse, _stream_key_by_map_operator",1,backPressuredTimeMsPerSecond,0.0
1784197930,8,"Source: Source-data -> LoadJSON, Parse, _stream_key_by_map_operator",2,busyTimeMsPerSecond,0.0
1784197930,8,"Source: Source-data -> LoadJSON, Parse, _stream_key_by_map_operator",2,numRecordsOutPerSecond,0.0
1784197930,8,"Source: Source-data -> LoadJSON, Parse, _stream_key_by_map_operator",2,idleTimeMsPerSecond,1000.0
1784197930,8,"Source: Source-data -> LoadJSON, Parse, _stream_key_by_map_operator",2,numRecordsOut,6231.0
1784197930,8,"Source: Source-data -> LoadJSON, Parse, _stream_key_by_map_operator",2,numRecordsIn,6231.0
1784197930,8,"Source: Source-data -> LoadJSON, Parse, _stream_key_by_map_operator",2,numRecordsInPerSecond,0.0
1784197930,8,"Source: Source-data -> LoadJSON, Parse, _stream_key_by_map_operator",2,backPressuredTimeMsPerSecond,0.0
1784197930,8,"Source: Source-data -> LoadJSON, Parse, _stream_key_by_map_operator",3,busyTimeMsPerSecond,1.0
1784197930,8,"Source: Source-data -> LoadJSON, Parse, _stream_key_by_map_operator",3,numRecordsOutPerSecond,0.03333333333333333
1784197930,8,"Source: Source-data -> LoadJSON, Parse, _stream_key_by_map_operator",3,idleTimeMsPerSecond,999.0
1784197930,8,"Source: Source-data -> LoadJSON, Parse, _stream_key_by_map_operator",3,numRecordsOut,6020.0
1784197930,8,"Source: Source-data -> LoadJSON, Parse, _stream_key_by_map_operator",3,numRecordsIn,6020.0
1784197930,8,"Source: Source-data -> LoadJSON, Parse, _stream_key_by_map_operator",3,numRecordsInPerSecond,0.03333333333333333
1784197930,8,"Source: Source-data -> LoadJSON, Parse, _stream_key_by_map_operator",3,backPressuredTimeMsPerSecond,0.0
1784197930,8,"Source: Source-data -> LoadJSON, Parse, _stream_key_by_map_operator",4,busyTimeMsPerSecond,1.0
1784197930,8,"Source: Source-data -> LoadJSON, Parse, _stream_key_by_map_operator",4,numRecordsOutPerSecond,0.03333333333333333
1784197930,8,"Source: Source-data -> LoadJSON, Parse, _stream_key_by_map_operator",4,idleTimeMsPerSecond,999.0
1784197930,8,"Source: Source-data -> LoadJSON, Parse, _stream_key_by_map_operator",4,numRecordsOut,6067.0
1784197930,8,"Source: Source-data -> LoadJSON, Parse, _stream_key_by_map_operator",4,numRecordsIn,6067.0
1784197930,8,"Source: Source-data -> LoadJSON, Parse, _stream_key_by_map_operator",4,numRecordsInPerSecond,0.03333333333333333
1784197930,8,"Source: Source-data -> LoadJSON, Parse, _stream_key_by_map_operator",4,backPressuredTimeMsPerSecond,0.0
1784197930,8,"Source: Source-data -> LoadJSON, Parse, _stream_key_by_map_operator",5,busyTimeMsPerSecond,0.0
1784197930,8,"Source: Source-data -> LoadJSON, Parse, _stream_key_by_map_operator",5,numRecordsOutPerSecond,0.0
1784197930,8,"Source: Source-data -> LoadJSON, Parse, _stream_key_by_map_operator",5,idleTimeMsPerSecond,1000.0
1784197930,8,"Source: Source-data -> LoadJSON, Parse, _stream_key_by_map_operator",5,numRecordsOut,6100.0
1784197930,8,"Source: Source-data -> LoadJSON, Parse, _stream_key_by_map_operator",5,numRecordsIn,6100.0
1784197930,8,"Source: Source-data -> LoadJSON, Parse, _stream_key_by_map_operator",5,numRecordsInPerSecond,0.0
1784197930,8,"Source: Source-data -> LoadJSON, Parse, _stream_key_by_map_operator",5,backPressuredTimeMsPerSecond,0.0
1784197930,8,"Source: Source-data -> LoadJSON, Parse, _stream_key_by_map_operator",6,busyTimeMsPerSecond,1.0
1784197930,8,"Source: Source-data -> LoadJSON, Parse, _stream_key_by_map_operator",6,numRecordsOutPerSecond,0.016666666666666666
1784197930,8,"Source: Source-data -> LoadJSON, Parse, _stream_key_by_map_operator",6,idleTimeMsPerSecond,999.0
1784197930,8,"Source: Source-data -> LoadJSON, Parse, _stream_key_by_map_operator",6,numRecordsOut,6063.0
1784197930,8,"Source: Source-data -> LoadJSON, Parse, _stream_key_by_map_operator",6,numRecordsIn,6063.0
1784197930,8,"Source: Source-data -> LoadJSON, Parse, _stream_key_by_map_operator",6,numRecordsInPerSecond,0.016666666666666666
1784197930,8,"Source: Source-data -> LoadJSON, Parse, _stream_key_by_map_operator",6,backPressuredTimeMsPerSecond,0.0
1784197930,8,"Source: Source-data -> LoadJSON, Parse, _stream_key_by_map_operator",7,busyTimeMsPerSecond,0.0
1784197930,8,"Source: Source-data -> LoadJSON, Parse, _stream_key_by_map_operator",7,numRecordsOutPerSecond,0.0
1784197930,8,"Source: Source-data -> LoadJSON, Parse, _stream_key_by_map_operator",7,idleTimeMsPerSecond,1000.0
1784197930,8,"Source: Source-data -> LoadJSON, Parse, _stream_key_by_map_operator",7,numRecordsOut,5968.0
1784197930,8,"Source: Source-data -> LoadJSON, Parse, _stream_key_by_map_operator",7,numRecordsIn,5968.0
1784197930,8,"Source: Source-data -> LoadJSON, Parse, _stream_key_by_map_operator",7,numRecordsInPerSecond,0.0
1784197930,8,"Source: Source-data -> LoadJSON, Parse, _stream_key_by_map_operator",7,backPressuredTimeMsPerSecond,0.0
1784197930,8,"KEYED PROCESS, Parse->Train, _stream_key_by_map_operator",0,busyTimeMsPerSecond,207.0
1784197930,8,"KEYED PROCESS, Parse->Train, _stream_key_by_map_operator",0,numRecordsOutPerSecond,0.08333333333333333
1784197930,8,"KEYED PROCESS, Parse->Train, _stream_key_by_map_operator",0,idleTimeMsPerSecond,0.0
1784197930,8,"KEYED PROCESS, Parse->Train, _stream_key_by_map_operator",0,numRecordsOut,151.0
1784197930,8,"KEYED PROCESS, Parse->Train, _stream_key_by_map_operator",0,numRecordsIn,152.0
1784197930,8,"KEYED PROCESS, Parse->Train, _stream_key_by_map_operator",0,numRecordsInPerSecond,0.08333333333333333
1784197930,8,"KEYED PROCESS, Parse->Train, _stream_key_by_map_operator",0,backPressuredTimeMsPerSecond,793.0
1784197930,8,"KEYED PROCESS, Parse->Train, _stream_key_by_map_operator",1,busyTimeMsPerSecond,191.0
1784197930,8,"KEYED PROCESS, Parse->Train, _stream_key_by_map_operator",1,numRecordsOutPerSecond,0.08333333333333333
1784197930,8,"KEYED PROCESS, Parse->Train, _stream_key_by_map_operator",1,idleTimeMsPerSecond,0.0
1784197930,8,"KEYED PROCESS, Parse->Train, _stream_key_by_map_operator",1,numRecordsOut,151.0
1784197930,8,"KEYED PROCESS, Parse->Train, _stream_key_by_map_operator",1,numRecordsIn,152.0
1784197930,8,"KEYED PROCESS, Parse->Train, _stream_key_by_map_operator",1,numRecordsInPerSecond,0.08333333333333333
1784197930,8,"KEYED PROCESS, Parse->Train, _stream_key_by_map_operator",1,backPressuredTimeMsPerSecond,809.0
1784197930,8,"KEYED PROCESS, Parse->Train, _stream_key_by_map_operator",2,busyTimeMsPerSecond,659.0
1784197930,8,"KEYED PROCESS, Parse->Train, _stream_key_by_map_operator",2,numRecordsOutPerSecond,0.21666666666666667
1784197930,8,"KEYED PROCESS, Parse->Train, _stream_key_by_map_operator",2,idleTimeMsPerSecond,0.0
1784197930,8,"KEYED PROCESS, Parse->Train, _stream_key_by_map_operator",2,numRecordsOut,108.0
1784197930,8,"KEYED PROCESS, Parse->Train, _stream_key_by_map_operator",2,numRecordsIn,109.0
1784197930,8,"KEYED PROCESS, Parse->Train, _stream_key_by_map_operator",2,numRecordsInPerSecond,0.21666666666666667
1784197930,8,"KEYED PROCESS, Parse->Train, _stream_key_by_map_operator",2,backPressuredTimeMsPerSecond,341.0
1784197930,8,"KEYED PROCESS, Parse->Train, _stream_key_by_map_operator",3,busyTimeMsPerSecond,0.0
1784197930,8,"KEYED PROCESS, Parse->Train, _stream_key_by_map_operator",3,numRecordsOutPerSecond,0.0
1784197930,8,"KEYED PROCESS, Parse->Train, _stream_key_by_map_operator",3,idleTimeMsPerSecond,1000.0
1784197930,8,"KEYED PROCESS, Parse->Train, _stream_key_by_map_operator",3,numRecordsOut,0.0
1784197930,8,"KEYED PROCESS, Parse->Train, _stream_key_by_map_operator",3,numRecordsIn,0.0
1784197930,8,"KEYED PROCESS, Parse->Train, _stream_key_by_map_operator",3,numRecordsInPerSecond,0.0
1784197930,8,"KEYED PROCESS, Parse->Train, _stream_key_by_map_operator",3,backPressuredTimeMsPerSecond,0.0
1784197930,8,"KEYED PROCESS, Parse->Train, _stream_key_by_map_operator",4,busyTimeMsPerSecond,462.0
1784197930,8,"KEYED PROCESS, Parse->Train, _stream_key_by_map_operator",4,numRecordsOutPerSecond,0.16666666666666666
1784197930,8,"KEYED PROCESS, Parse->Train, _stream_key_by_map_operator",4,idleTimeMsPerSecond,0.0
1784197930,8,"KEYED PROCESS, Parse->Train, _stream_key_by_map_operator",4,numRecordsOut,179.0
1784197930,8,"KEYED PROCESS, Parse->Train, _stream_key_by_map_operator",4,numRecordsIn,180.0
1784197930,8,"KEYED PROCESS, Parse->Train, _stream_key_by_map_operator",4,numRecordsInPerSecond,0.16666666666666666
1784197930,8,"KEYED PROCESS, Parse->Train, _stream_key_by_map_operator",4,backPressuredTimeMsPerSecond,538.0
1784197930,8,"KEYED PROCESS, Parse->Train, _stream_key_by_map_operator",5,busyTimeMsPerSecond,0.0
1784197930,8,"KEYED PROCESS, Parse->Train, _stream_key_by_map_operator",5,numRecordsOutPerSecond,0.0
1784197930,8,"KEYED PROCESS, Parse->Train, _stream_key_by_map_operator",5,idleTimeMsPerSecond,1000.0
1784197930,8,"KEYED PROCESS, Parse->Train, _stream_key_by_map_operator",5,numRecordsOut,0.0
1784197930,8,"KEYED PROCESS, Parse->Train, _stream_key_by_map_operator",5,numRecordsIn,0.0
1784197930,8,"KEYED PROCESS, Parse->Train, _stream_key_by_map_operator",5,numRecordsInPerSecond,0.0
1784197930,8,"KEYED PROCESS, Parse->Train, _stream_key_by_map_operator",5,backPressuredTimeMsPerSecond,0.0
1784197930,8,"KEYED PROCESS, Parse->Train, _stream_key_by_map_operator",6,busyTimeMsPerSecond,0.0
1784197930,8,"KEYED PROCESS, Parse->Train, _stream_key_by_map_operator",6,numRecordsOutPerSecond,0.0
1784197930,8,"KEYED PROCESS, Parse->Train, _stream_key_by_map_operator",6,idleTimeMsPerSecond,1000.0
1784197930,8,"KEYED PROCESS, Parse->Train, _stream_key_by_map_operator",6,numRecordsOut,0.0
1784197930,8,"KEYED PROCESS, Parse->Train, _stream_key_by_map_operator",6,numRecordsIn,0.0
1784197930,8,"KEYED PROCESS, Parse->Train, _stream_key_by_map_operator",6,numRecordsInPerSecond,0.0
1784197930,8,"KEYED PROCESS, Parse->Train, _stream_key_by_map_operator",6,backPressuredTimeMsPerSecond,0.0
1784197930,8,"KEYED PROCESS, Parse->Train, _stream_key_by_map_operator",7,busyTimeMsPerSecond,132.0
1784197930,8,"KEYED PROCESS, Parse->Train, _stream_key_by_map_operator",7,numRecordsOutPerSecond,0.05
1784197930,8,"KEYED PROCESS, Parse->Train, _stream_key_by_map_operator",7,idleTimeMsPerSecond,0.0
1784197930,8,"KEYED PROCESS, Parse->Train, _stream_key_by_map_operator",7,numRecordsOut,125.0
1784197930,8,"KEYED PROCESS, Parse->Train, _stream_key_by_map_operator",7,numRecordsIn,126.0
1784197930,8,"KEYED PROCESS, Parse->Train, _stream_key_by_map_operator",7,numRecordsInPerSecond,0.05
1784197930,8,"KEYED PROCESS, Parse->Train, _stream_key_by_map_operator",7,backPressuredTimeMsPerSecond,868.0
1784197930,8,"KEYED PROCESS, Train->Infer, _stream_key_by_map_operator",0,busyTimeMsPerSecond,346.0
1784197930,8,"KEYED PROCESS, Train->Infer, _stream_key_by_map_operator",0,numRecordsOutPerSecond,25.0
1784197930,8,"KEYED PROCESS, Train->Infer, _stream_key_by_map_operator",0,idleTimeMsPerSecond,654.0
1784197930,8,"KEYED PROCESS, Train->Infer, _stream_key_by_map_operator",0,numRecordsOut,30060.0
1784197930,8,"KEYED PROCESS, Train->Infer, _stream_key_by_map_operator",0,numRecordsIn,121.0
1784197930,8,"KEYED PROCESS, Train->Infer, _stream_key_by_map_operator",0,numRecordsInPerSecond,0.06666666666666667
1784197930,8,"KEYED PROCESS, Train->Infer, _stream_key_by_map_operator",0,backPressuredTimeMsPerSecond,0.0
1784197930,8,"KEYED PROCESS, Train->Infer, _stream_key_by_map_operator",1,busyTimeMsPerSecond,380.0
1784197930,8,"KEYED PROCESS, Train->Infer, _stream_key_by_map_operator",1,numRecordsOutPerSecond,25.0
1784197930,8,"KEYED PROCESS, Train->Infer, _stream_key_by_map_operator",1,idleTimeMsPerSecond,620.0
1784197930,8,"KEYED PROCESS, Train->Infer, _stream_key_by_map_operator",1,numRecordsOut,27059.0
1784197930,8,"KEYED PROCESS, Train->Infer, _stream_key_by_map_operator",1,numRecordsIn,114.0
1784197930,8,"KEYED PROCESS, Train->Infer, _stream_key_by_map_operator",1,numRecordsInPerSecond,0.06666666666666667
1784197930,8,"KEYED PROCESS, Train->Infer, _stream_key_by_map_operator",1,backPressuredTimeMsPerSecond,0.0
1784197930,8,"KEYED PROCESS, Train->Infer, _stream_key_by_map_operator",2,busyTimeMsPerSecond,575.0
1784197930,8,"KEYED PROCESS, Train->Infer, _stream_key_by_map_operator",2,numRecordsOutPerSecond,58.333333333333336
1784197930,8,"KEYED PROCESS, Train->Infer, _stream_key_by_map_operator",2,idleTimeMsPerSecond,0.0
1784197930,8,"KEYED PROCESS, Train->Infer, _stream_key_by_map_operator",2,numRecordsOut,33015.0
1784197930,8,"KEYED PROCESS, Train->Infer, _stream_key_by_map_operator",2,numRecordsIn,81.0
1784197930,8,"KEYED PROCESS, Train->Infer, _stream_key_by_map_operator",2,numRecordsInPerSecond,0.1
1784197930,8,"KEYED PROCESS, Train->Infer, _stream_key_by_map_operator",2,backPressuredTimeMsPerSecond,425.0
1784197930,8,"KEYED PROCESS, Train->Infer, _stream_key_by_map_operator",3,busyTimeMsPerSecond,187.0
1784197930,8,"KEYED PROCESS, Train->Infer, _stream_key_by_map_operator",3,numRecordsOutPerSecond,25.0
1784197930,8,"KEYED PROCESS, Train->Infer, _stream_key_by_map_operator",3,idleTimeMsPerSecond,813.0
1784197930,8,"KEYED PROCESS, Train->Infer, _stream_key_by_map_operator",3,numRecordsOut,31000.0
1784197930,8,"KEYED PROCESS, Train->Infer, _stream_key_by_map_operator",3,numRecordsIn,62.0
1784197930,8,"KEYED PROCESS, Train->Infer, _stream_key_by_map_operator",3,numRecordsInPerSecond,0.05
1784197930,8,"KEYED PROCESS, Train->Infer, _stream_key_by_map_operator",3,backPressuredTimeMsPerSecond,0.0
1784197930,8,"KEYED PROCESS, Train->Infer, _stream_key_by_map_operator",4,busyTimeMsPerSecond,201.0
1784197930,8,"KEYED PROCESS, Train->Infer, _stream_key_by_map_operator",4,numRecordsOutPerSecond,33.333333333333336
1784197930,8,"KEYED PROCESS, Train->Infer, _stream_key_by_map_operator",4,idleTimeMsPerSecond,799.0
1784197930,8,"KEYED PROCESS, Train->Infer, _stream_key_by_map_operator",4,numRecordsOut,22575.0
1784197930,8,"KEYED PROCESS, Train->Infer, _stream_key_by_map_operator",4,numRecordsIn,120.0
1784197930,8,"KEYED PROCESS, Train->Infer, _stream_key_by_map_operator",4,numRecordsInPerSecond,0.05
1784197930,8,"KEYED PROCESS, Train->Infer, _stream_key_by_map_operator",4,backPressuredTimeMsPerSecond,0.0
1784197930,8,"KEYED PROCESS, Train->Infer, _stream_key_by_map_operator",5,busyTimeMsPerSecond,180.0
1784197930,8,"KEYED PROCESS, Train->Infer, _stream_key_by_map_operator",5,numRecordsOutPerSecond,16.666666666666668
1784197930,8,"KEYED PROCESS, Train->Infer, _stream_key_by_map_operator",5,idleTimeMsPerSecond,820.0
1784197930,8,"KEYED PROCESS, Train->Infer, _stream_key_by_map_operator",5,numRecordsOut,28500.0
1784197930,8,"KEYED PROCESS, Train->Infer, _stream_key_by_map_operator",5,numRecordsIn,58.0
1784197930,8,"KEYED PROCESS, Train->Infer, _stream_key_by_map_operator",5,numRecordsInPerSecond,0.05
1784197930,8,"KEYED PROCESS, Train->Infer, _stream_key_by_map_operator",5,backPressuredTimeMsPerSecond,0.0
1784197930,8,"KEYED PROCESS, Train->Infer, _stream_key_by_map_operator",6,busyTimeMsPerSecond,540.0
1784197930,8,"KEYED PROCESS, Train->Infer, _stream_key_by_map_operator",6,numRecordsOutPerSecond,66.66666666666667
1784197930,8,"KEYED PROCESS, Train->Infer, _stream_key_by_map_operator",6,idleTimeMsPerSecond,460.0
1784197930,8,"KEYED PROCESS, Train->Infer, _stream_key_by_map_operator",6,numRecordsOut,33500.0
1784197930,8,"KEYED PROCESS, Train->Infer, _stream_key_by_map_operator",6,numRecordsIn,68.0
1784197930,8,"KEYED PROCESS, Train->Infer, _stream_key_by_map_operator",6,numRecordsInPerSecond,0.15
1784197930,8,"KEYED PROCESS, Train->Infer, _stream_key_by_map_operator",6,backPressuredTimeMsPerSecond,0.0
1784197930,8,"KEYED PROCESS, Train->Infer, _stream_key_by_map_operator",7,busyTimeMsPerSecond,89.0
1784197930,8,"KEYED PROCESS, Train->Infer, _stream_key_by_map_operator",7,numRecordsOutPerSecond,8.333333333333334
1784197930,8,"KEYED PROCESS, Train->Infer, _stream_key_by_map_operator",7,idleTimeMsPerSecond,911.0
1784197930,8,"KEYED PROCESS, Train->Infer, _stream_key_by_map_operator",7,numRecordsOut,30530.0
1784197930,8,"KEYED PROCESS, Train->Infer, _stream_key_by_map_operator",7,numRecordsIn,91.0
1784197930,8,"KEYED PROCESS, Train->Infer, _stream_key_by_map_operator",7,numRecordsInPerSecond,0.016666666666666666
1784197930,8,"KEYED PROCESS, Train->Infer, _stream_key_by_map_operator",7,backPressuredTimeMsPerSecond,0.0
1784197930,8,"Infer->Rank, Rank->Filter, Filter -> Sink: Writer -> Sink: Committer",0,busyTimeMsPerSecond,588.0
1784197930,8,"Infer->Rank, Rank->Filter, Filter -> Sink: Writer -> Sink: Committer",0,numRecordsOutPerSecond,31.0
1784197930,8,"Infer->Rank, Rank->Filter, Filter -> Sink: Writer -> Sink: Committer",0,idleTimeMsPerSecond,412.0
1784197930,8,"Infer->Rank, Rank->Filter, Filter -> Sink: Writer -> Sink: Committer",0,numRecordsOut,25744.0
1784197930,8,"Infer->Rank, Rank->Filter, Filter -> Sink: Writer -> Sink: Committer",0,numRecordsIn,29315.0
1784197930,8,"Infer->Rank, Rank->Filter, Filter -> Sink: Writer -> Sink: Committer",0,numRecordsInPerSecond,47.666666666666664
1784197930,8,"Infer->Rank, Rank->Filter, Filter -> Sink: Writer -> Sink: Committer",0,backPressuredTimeMsPerSecond,0.0
1784197930,8,"Infer->Rank, Rank->Filter, Filter -> Sink: Writer -> Sink: Committer",1,busyTimeMsPerSecond,269.0
1784197930,8,"Infer->Rank, Rank->Filter, Filter -> Sink: Writer -> Sink: Committer",1,numRecordsOutPerSecond,18.833333333333332
1784197930,8,"Infer->Rank, Rank->Filter, Filter -> Sink: Writer -> Sink: Committer",1,idleTimeMsPerSecond,731.0
1784197930,8,"Infer->Rank, Rank->Filter, Filter -> Sink: Writer -> Sink: Committer",1,numRecordsOut,24240.0
1784197930,8,"Infer->Rank, Rank->Filter, Filter -> Sink: Writer -> Sink: Committer",1,numRecordsIn,26314.0
1784197930,8,"Infer->Rank, Rank->Filter, Filter -> Sink: Writer -> Sink: Committer",1,numRecordsInPerSecond,18.933333333333334
1784197930,8,"Infer->Rank, Rank->Filter, Filter -> Sink: Writer -> Sink: Committer",1,backPressuredTimeMsPerSecond,0.0
1784197930,8,"Infer->Rank, Rank->Filter, Filter -> Sink: Writer -> Sink: Committer",2,busyTimeMsPerSecond,1000.0
1784197930,8,"Infer->Rank, Rank->Filter, Filter -> Sink: Writer -> Sink: Committer",2,numRecordsOutPerSecond,46.166666666666664
1784197930,8,"Infer->Rank, Rank->Filter, Filter -> Sink: Writer -> Sink: Committer",2,idleTimeMsPerSecond,0.0
1784197930,8,"Infer->Rank, Rank->Filter, Filter -> Sink: Writer -> Sink: Committer",2,numRecordsOut,25730.0
1784197930,8,"Infer->Rank, Rank->Filter, Filter -> Sink: Writer -> Sink: Committer",2,numRecordsIn,29747.0
1784197930,8,"Infer->Rank, Rank->Filter, Filter -> Sink: Writer -> Sink: Committer",2,numRecordsInPerSecond,54.583333333333336
1784197930,8,"Infer->Rank, Rank->Filter, Filter -> Sink: Writer -> Sink: Committer",2,backPressuredTimeMsPerSecond,0.0
1784197930,8,"Infer->Rank, Rank->Filter, Filter -> Sink: Writer -> Sink: Committer",3,busyTimeMsPerSecond,290.0
1784197930,8,"Infer->Rank, Rank->Filter, Filter -> Sink: Writer -> Sink: Committer",3,numRecordsOutPerSecond,22.666666666666668
1784197930,8,"Infer->Rank, Rank->Filter, Filter -> Sink: Writer -> Sink: Committer",3,idleTimeMsPerSecond,710.0
1784197930,8,"Infer->Rank, Rank->Filter, Filter -> Sink: Writer -> Sink: Committer",3,numRecordsOut,28000.0
1784197930,8,"Infer->Rank, Rank->Filter, Filter -> Sink: Writer -> Sink: Committer",3,numRecordsIn,31000.0
1784197930,8,"Infer->Rank, Rank->Filter, Filter -> Sink: Writer -> Sink: Committer",3,numRecordsInPerSecond,30.9
1784197930,8,"Infer->Rank, Rank->Filter, Filter -> Sink: Writer -> Sink: Committer",3,backPressuredTimeMsPerSecond,0.0
1784197930,8,"Infer->Rank, Rank->Filter, Filter -> Sink: Writer -> Sink: Committer",4,busyTimeMsPerSecond,435.0
1784197930,8,"Infer->Rank, Rank->Filter, Filter -> Sink: Writer -> Sink: Committer",4,numRecordsOutPerSecond,25.0
1784197930,8,"Infer->Rank, Rank->Filter, Filter -> Sink: Writer -> Sink: Committer",4,idleTimeMsPerSecond,565.0
1784197930,8,"Infer->Rank, Rank->Filter, Filter -> Sink: Writer -> Sink: Committer",4,numRecordsOut,21990.0
1784197930,8,"Infer->Rank, Rank->Filter, Filter -> Sink: Writer -> Sink: Committer",4,numRecordsIn,22575.0
1784197930,8,"Infer->Rank, Rank->Filter, Filter -> Sink: Writer -> Sink: Committer",4,numRecordsInPerSecond,33.333333333333336
1784197930,8,"Infer->Rank, Rank->Filter, Filter -> Sink: Writer -> Sink: Committer",4,backPressuredTimeMsPerSecond,0.0
1784197930,8,"Infer->Rank, Rank->Filter, Filter -> Sink: Writer -> Sink: Committer",5,busyTimeMsPerSecond,149.0
1784197930,8,"Infer->Rank, Rank->Filter, Filter -> Sink: Writer -> Sink: Committer",5,numRecordsOutPerSecond,8.333333333333334
1784197930,8,"Infer->Rank, Rank->Filter, Filter -> Sink: Writer -> Sink: Committer",5,idleTimeMsPerSecond,851.0
1784197930,8,"Infer->Rank, Rank->Filter, Filter -> Sink: Writer -> Sink: Committer",5,numRecordsOut,25540.0
1784197930,8,"Infer->Rank, Rank->Filter, Filter -> Sink: Writer -> Sink: Committer",5,numRecordsIn,28046.0
1784197930,8,"Infer->Rank, Rank->Filter, Filter -> Sink: Writer -> Sink: Committer",5,numRecordsInPerSecond,16.666666666666668
1784197930,8,"Infer->Rank, Rank->Filter, Filter -> Sink: Writer -> Sink: Committer",5,backPressuredTimeMsPerSecond,0.0
1784197930,8,"Infer->Rank, Rank->Filter, Filter -> Sink: Writer -> Sink: Committer",6,busyTimeMsPerSecond,640.0
1784197930,8,"Infer->Rank, Rank->Filter, Filter -> Sink: Writer -> Sink: Committer",6,numRecordsOutPerSecond,38.5
1784197930,8,"Infer->Rank, Rank->Filter, Filter -> Sink: Writer -> Sink: Committer",6,idleTimeMsPerSecond,360.0
1784197930,8,"Infer->Rank, Rank->Filter, Filter -> Sink: Writer -> Sink: Committer",6,numRecordsOut,27860.0
1784197930,8,"Infer->Rank, Rank->Filter, Filter -> Sink: Writer -> Sink: Committer",6,numRecordsIn,32862.0
1784197930,8,"Infer->Rank, Rank->Filter, Filter -> Sink: Writer -> Sink: Committer",6,numRecordsInPerSecond,55.25
1784197930,8,"Infer->Rank, Rank->Filter, Filter -> Sink: Writer -> Sink: Committer",6,backPressuredTimeMsPerSecond,0.0
1784197930,8,"Infer->Rank, Rank->Filter, Filter -> Sink: Writer -> Sink: Committer",7,busyTimeMsPerSecond,232.0
1784197930,8,"Infer->Rank, Rank->Filter, Filter -> Sink: Writer -> Sink: Committer",7,numRecordsOutPerSecond,29.666666666666668
1784197930,8,"Infer->Rank, Rank->Filter, Filter -> Sink: Writer -> Sink: Committer",7,idleTimeMsPerSecond,768.0
1784197930,8,"Infer->Rank, Rank->Filter, Filter -> Sink: Writer -> Sink: Committer",7,numRecordsOut,29990.0
1784197930,8,"Infer->Rank, Rank->Filter, Filter -> Sink: Writer -> Sink: Committer",7,numRecordsIn,30530.0
1784197930,8,"Infer->Rank, Rank->Filter, Filter -> Sink: Writer -> Sink: Committer",7,numRecordsInPerSecond,29.533333333333335
1784197930,8,"Infer->Rank, Rank->Filter, Filter -> Sink: Writer -> Sink: Committer",7,backPressuredTimeMsPerSecond,0.0
1784197945,8,"Source: Source-data -> LoadJSON, Parse, _stream_key_by_map_operator",0,busyTimeMsPerSecond,0.0
1784197945,8,"Source: Source-data -> LoadJSON, Parse, _stream_key_by_map_operator",0,numRecordsOutPerSecond,0.0
1784197945,8,"Source: Source-data -> LoadJSON, Parse, _stream_key_by_map_operator",0,idleTimeMsPerSecond,1000.0
1784197945,8,"Source: Source-data -> LoadJSON, Parse, _stream_key_by_map_operator",0,numRecordsOut,6129.0
1784197945,8,"Source: Source-data -> LoadJSON, Parse, _stream_key_by_map_operator",0,numRecordsIn,6129.0
1784197945,8,"Source: Source-data -> LoadJSON, Parse, _stream_key_by_map_operator",0,numRecordsInPerSecond,0.0
1784197945,8,"Source: Source-data -> LoadJSON, Parse, _stream_key_by_map_operator",0,backPressuredTimeMsPerSecond,0.0
1784197945,8,"Source: Source-data -> LoadJSON, Parse, _stream_key_by_map_operator",1,busyTimeMsPerSecond,1.0
1784197945,8,"Source: Source-data -> LoadJSON, Parse, _stream_key_by_map_operator",1,numRecordsOutPerSecond,0.016666666666666666
1784197945,8,"Source: Source-data -> LoadJSON, Parse, _stream_key_by_map_operator",1,idleTimeMsPerSecond,999.0
1784197945,8,"Source: Source-data -> LoadJSON, Parse, _stream_key_by_map_operator",1,numRecordsOut,6023.0
1784197945,8,"Source: Source-data -> LoadJSON, Parse, _stream_key_by_map_operator",1,numRecordsIn,6023.0
1784197945,8,"Source: Source-data -> LoadJSON, Parse, _stream_key_by_map_operator",1,numRecordsInPerSecond,0.016666666666666666
1784197945,8,"Source: Source-data -> LoadJSON, Parse, _stream_key_by_map_operator",1,backPressuredTimeMsPerSecond,0.0
1784197945,8,"Source: Source-data -> LoadJSON, Parse, _stream_key_by_map_operator",2,busyTimeMsPerSecond,0.0
1784197945,8,"Source: Source-data -> LoadJSON, Parse, _stream_key_by_map_operator",2,numRecordsOutPerSecond,0.0
1784197945,8,"Source: Source-data -> LoadJSON, Parse, _stream_key_by_map_operator",2,idleTimeMsPerSecond,1000.0
1784197945,8,"Source: Source-data -> LoadJSON, Parse, _stream_key_by_map_operator",2,numRecordsOut,6231.0
1784197945,8,"Source: Source-data -> LoadJSON, Parse, _stream_key_by_map_operator",2,numRecordsIn,6231.0
1784197945,8,"Source: Source-data -> LoadJSON, Parse, _stream_key_by_map_operator",2,numRecordsInPerSecond,0.0
1784197945,8,"Source: Source-data -> LoadJSON, Parse, _stream_key_by_map_operator",2,backPressuredTimeMsPerSecond,0.0
1784197945,8,"Source: Source-data -> LoadJSON, Parse, _stream_key_by_map_operator",3,busyTimeMsPerSecond,1.0
1784197945,8,"Source: Source-data -> LoadJSON, Parse, _stream_key_by_map_operator",3,numRecordsOutPerSecond,0.03333333333333333
1784197945,8,"Source: Source-data -> LoadJSON, Parse, _stream_key_by_map_operator",3,idleTimeMsPerSecond,741.0
1784197945,8,"Source: Source-data -> LoadJSON, Parse, _stream_key_by_map_operator",3,numRecordsOut,6021.0
1784197945,8,"Source: Source-data -> LoadJSON, Parse, _stream_key_by_map_operator",3,numRecordsIn,6021.0
1784197945,8,"Source: Source-data -> LoadJSON, Parse, _stream_key_by_map_operator",3,numRecordsInPerSecond,0.03333333333333333
1784197945,8,"Source: Source-data -> LoadJSON, Parse, _stream_key_by_map_operator",3,backPressuredTimeMsPerSecond,258.0
1784197945,8,"Source: Source-data -> LoadJSON, Parse, _stream_key_by_map_operator",4,busyTimeMsPerSecond,7.0
1784197945,8,"Source: Source-data -> LoadJSON, Parse, _stream_key_by_map_operator",4,numRecordsOutPerSecond,0.016666666666666666
1784197945,8,"Source: Source-data -> LoadJSON, Parse, _stream_key_by_map_operator",4,idleTimeMsPerSecond,712.0
1784197945,8,"Source: Source-data -> LoadJSON, Parse, _stream_key_by_map_operator",4,numRecordsOut,6068.0
1784197945,8,"Source: Source-data -> LoadJSON, Parse, _stream_key_by_map_operator",4,numRecordsIn,6068.0
1784197945,8,"Source: Source-data -> LoadJSON, Parse, _stream_key_by_map_operator",4,numRecordsInPerSecond,0.016666666666666666
1784197945,8,"Source: Source-data -> LoadJSON, Parse, _stream_key_by_map_operator",4,backPressuredTimeMsPerSecond,281.0
1784197945,8,"Source: Source-data -> LoadJSON, Parse, _stream_key_by_map_operator",5,busyTimeMsPerSecond,0.0
1784197945,8,"Source: Source-data -> LoadJSON, Parse, _stream_key_by_map_operator",5,numRecordsOutPerSecond,0.0
1784197945,8,"Source: Source-data -> LoadJSON, Parse, _stream_key_by_map_operator",5,idleTimeMsPerSecond,1000.0
1784197945,8,"Source: Source-data -> LoadJSON, Parse, _stream_key_by_map_operator",5,numRecordsOut,6100.0
1784197945,8,"Source: Source-data -> LoadJSON, Parse, _stream_key_by_map_operator",5,numRecordsIn,6100.0
1784197945,8,"Source: Source-data -> LoadJSON, Parse, _stream_key_by_map_operator",5,numRecordsInPerSecond,0.0
1784197945,8,"Source: Source-data -> LoadJSON, Parse, _stream_key_by_map_operator",5,backPressuredTimeMsPerSecond,0.0
1784197945,8,"Source: Source-data -> LoadJSON, Parse, _stream_key_by_map_operator",6,busyTimeMsPerSecond,1.0
1784197945,8,"Source: Source-data -> LoadJSON, Parse, _stream_key_by_map_operator",6,numRecordsOutPerSecond,0.016666666666666666
1784197945,8,"Source: Source-data -> LoadJSON, Parse, _stream_key_by_map_operator",6,idleTimeMsPerSecond,999.0
1784197945,8,"Source: Source-data -> LoadJSON, Parse, _stream_key_by_map_operator",6,numRecordsOut,6063.0
1784197945,8,"Source: Source-data -> LoadJSON, Parse, _stream_key_by_map_operator",6,numRecordsIn,6063.0
1784197945,8,"Source: Source-data -> LoadJSON, Parse, _stream_key_by_map_operator",6,numRecordsInPerSecond,0.016666666666666666
1784197945,8,"Source: Source-data -> LoadJSON, Parse, _stream_key_by_map_operator",6,backPressuredTimeMsPerSecond,0.0
1784197945,8,"Source: Source-data -> LoadJSON, Parse, _stream_key_by_map_operator",7,busyTimeMsPerSecond,1.0
1784197945,8,"Source: Source-data -> LoadJSON, Parse, _stream_key_by_map_operator",7,numRecordsOutPerSecond,0.016666666666666666
1784197945,8,"Source: Source-data -> LoadJSON, Parse, _stream_key_by_map_operator",7,idleTimeMsPerSecond,999.0
1784197945,8,"Source: Source-data -> LoadJSON, Parse, _stream_key_by_map_operator",7,numRecordsOut,5969.0
1784197945,8,"Source: Source-data -> LoadJSON, Parse, _stream_key_by_map_operator",7,numRecordsIn,5969.0
1784197945,8,"Source: Source-data -> LoadJSON, Parse, _stream_key_by_map_operator",7,numRecordsInPerSecond,0.016666666666666666
1784197945,8,"Source: Source-data -> LoadJSON, Parse, _stream_key_by_map_operator",7,backPressuredTimeMsPerSecond,0.0
1784197945,8,"KEYED PROCESS, Parse->Train, _stream_key_by_map_operator",0,busyTimeMsPerSecond,441.0
1784197945,8,"KEYED PROCESS, Parse->Train, _stream_key_by_map_operator",0,numRecordsOutPerSecond,0.13333333333333333
1784197945,8,"KEYED PROCESS, Parse->Train, _stream_key_by_map_operator",0,idleTimeMsPerSecond,0.0
1784197945,8,"KEYED PROCESS, Parse->Train, _stream_key_by_map_operator",0,numRecordsOut,154.0
1784197945,8,"KEYED PROCESS, Parse->Train, _stream_key_by_map_operator",0,numRecordsIn,155.0
1784197945,8,"KEYED PROCESS, Parse->Train, _stream_key_by_map_operator",0,numRecordsInPerSecond,0.13333333333333333
1784197945,8,"KEYED PROCESS, Parse->Train, _stream_key_by_map_operator",0,backPressuredTimeMsPerSecond,559.0
1784197945,8,"KEYED PROCESS, Parse->Train, _stream_key_by_map_operator",1,busyTimeMsPerSecond,400.0
1784197945,8,"KEYED PROCESS, Parse->Train, _stream_key_by_map_operator",1,numRecordsOutPerSecond,0.15
1784197945,8,"KEYED PROCESS, Parse->Train, _stream_key_by_map_operator",1,idleTimeMsPerSecond,0.0
1784197945,8,"KEYED PROCESS, Parse->Train, _stream_key_by_map_operator",1,numRecordsOut,156.0
1784197945,8,"KEYED PROCESS, Parse->Train, _stream_key_by_map_operator",1,numRecordsIn,157.0
1784197945,8,"KEYED PROCESS, Parse->Train, _stream_key_by_map_operator",1,numRecordsInPerSecond,0.15
1784197945,8,"KEYED PROCESS, Parse->Train, _stream_key_by_map_operator",1,backPressuredTimeMsPerSecond,600.0
1784197945,8,"KEYED PROCESS, Parse->Train, _stream_key_by_map_operator",2,busyTimeMsPerSecond,390.0
1784197945,8,"KEYED PROCESS, Parse->Train, _stream_key_by_map_operator",2,numRecordsOutPerSecond,0.1
1784197945,8,"KEYED PROCESS, Parse->Train, _stream_key_by_map_operator",2,idleTimeMsPerSecond,0.0
1784197945,8,"KEYED PROCESS, Parse->Train, _stream_key_by_map_operator",2,numRecordsOut,108.0
1784197945,8,"KEYED PROCESS, Parse->Train, _stream_key_by_map_operator",2,numRecordsIn,109.0
1784197945,8,"KEYED PROCESS, Parse->Train, _stream_key_by_map_operator",2,numRecordsInPerSecond,0.1
1784197945,8,"KEYED PROCESS, Parse->Train, _stream_key_by_map_operator",2,backPressuredTimeMsPerSecond,610.0
1784197945,8,"KEYED PROCESS, Parse->Train, _stream_key_by_map_operator",3,busyTimeMsPerSecond,0.0
1784197945,8,"KEYED PROCESS, Parse->Train, _stream_key_by_map_operator",3,numRecordsOutPerSecond,0.0
1784197945,8,"KEYED PROCESS, Parse->Train, _stream_key_by_map_operator",3,idleTimeMsPerSecond,1000.0
1784197945,8,"KEYED PROCESS, Parse->Train, _stream_key_by_map_operator",3,numRecordsOut,0.0
1784197945,8,"KEYED PROCESS, Parse->Train, _stream_key_by_map_operator",3,numRecordsIn,0.0
1784197945,8,"KEYED PROCESS, Parse->Train, _stream_key_by_map_operator",3,numRecordsInPerSecond,0.0
1784197945,8,"KEYED PROCESS, Parse->Train, _stream_key_by_map_operator",3,backPressuredTimeMsPerSecond,0.0
1784197945,8,"KEYED PROCESS, Parse->Train, _stream_key_by_map_operator",4,busyTimeMsPerSecond,521.0
1784197945,8,"KEYED PROCESS, Parse->Train, _stream_key_by_map_operator",4,numRecordsOutPerSecond,0.2
1784197945,8,"KEYED PROCESS, Parse->Train, _stream_key_by_map_operator",4,idleTimeMsPerSecond,0.0
1784197945,8,"KEYED PROCESS, Parse->Train, _stream_key_by_map_operator",4,numRecordsOut,181.0
1784197945,8,"KEYED PROCESS, Parse->Train, _stream_key_by_map_operator",4,numRecordsIn,182.0
1784197945,8,"KEYED PROCESS, Parse->Train, _stream_key_by_map_operator",4,numRecordsInPerSecond,0.2
1784197945,8,"KEYED PROCESS, Parse->Train, _stream_key_by_map_operator",4,backPressuredTimeMsPerSecond,479.0
1784197945,8,"KEYED PROCESS, Parse->Train, _stream_key_by_map_operator",5,busyTimeMsPerSecond,0.0
1784197945,8,"KEYED PROCESS, Parse->Train, _stream_key_by_map_operator",5,numRecordsOutPerSecond,0.0
1784197945,8,"KEYED PROCESS, Parse->Train, _stream_key_by_map_operator",5,idleTimeMsPerSecond,1000.0
1784197945,8,"KEYED PROCESS, Parse->Train, _stream_key_by_map_operator",5,numRecordsOut,0.0
1784197945,8,"KEYED PROCESS, Parse->Train, _stream_key_by_map_operator",5,numRecordsIn,0.0
1784197945,8,"KEYED PROCESS, Parse->Train, _stream_key_by_map_operator",5,numRecordsInPerSecond,0.0
1784197945,8,"KEYED PROCESS, Parse->Train, _stream_key_by_map_operator",5,backPressuredTimeMsPerSecond,0.0
1784197945,8,"KEYED PROCESS, Parse->Train, _stream_key_by_map_operator",6,busyTimeMsPerSecond,0.0
1784197945,8,"KEYED PROCESS, Parse->Train, _stream_key_by_map_operator",6,numRecordsOutPerSecond,0.0
1784197945,8,"KEYED PROCESS, Parse->Train, _stream_key_by_map_operator",6,idleTimeMsPerSecond,1000.0
1784197945,8,"KEYED PROCESS, Parse->Train, _stream_key_by_map_operator",6,numRecordsOut,0.0
1784197945,8,"KEYED PROCESS, Parse->Train, _stream_key_by_map_operator",6,numRecordsIn,0.0
1784197945,8,"KEYED PROCESS, Parse->Train, _stream_key_by_map_operator",6,numRecordsInPerSecond,0.0
1784197945,8,"KEYED PROCESS, Parse->Train, _stream_key_by_map_operator",6,backPressuredTimeMsPerSecond,0.0
1784197945,8,"KEYED PROCESS, Parse->Train, _stream_key_by_map_operator",7,busyTimeMsPerSecond,132.0
1784197945,8,"KEYED PROCESS, Parse->Train, _stream_key_by_map_operator",7,numRecordsOutPerSecond,0.05
1784197945,8,"KEYED PROCESS, Parse->Train, _stream_key_by_map_operator",7,idleTimeMsPerSecond,0.0
1784197945,8,"KEYED PROCESS, Parse->Train, _stream_key_by_map_operator",7,numRecordsOut,125.0
1784197945,8,"KEYED PROCESS, Parse->Train, _stream_key_by_map_operator",7,numRecordsIn,126.0
1784197945,8,"KEYED PROCESS, Parse->Train, _stream_key_by_map_operator",7,numRecordsInPerSecond,0.05
1784197945,8,"KEYED PROCESS, Parse->Train, _stream_key_by_map_operator",7,backPressuredTimeMsPerSecond,868.0
1784197945,8,"KEYED PROCESS, Train->Infer, _stream_key_by_map_operator",0,busyTimeMsPerSecond,463.0
1784197945,8,"KEYED PROCESS, Train->Infer, _stream_key_by_map_operator",0,numRecordsOutPerSecond,33.333333333333336
1784197945,8,"KEYED PROCESS, Train->Infer, _stream_key_by_map_operator",0,idleTimeMsPerSecond,537.0
1784197945,8,"KEYED PROCESS, Train->Infer, _stream_key_by_map_operator",0,numRecordsOut,31060.0
1784197945,8,"KEYED PROCESS, Train->Infer, _stream_key_by_map_operator",0,numRecordsIn,122.0
1784197945,8,"KEYED PROCESS, Train->Infer, _stream_key_by_map_operator",0,numRecordsInPerSecond,0.08333333333333333
1784197945,8,"KEYED PROCESS, Train->Infer, _stream_key_by_map_operator",0,backPressuredTimeMsPerSecond,0.0
1784197945,8,"KEYED PROCESS, Train->Infer, _stream_key_by_map_operator",1,busyTimeMsPerSecond,416.0
1784197945,8,"KEYED PROCESS, Train->Infer, _stream_key_by_map_operator",1,numRecordsOutPerSecond,33.333333333333336
1784197945,8,"KEYED PROCESS, Train->Infer, _stream_key_by_map_operator",1,idleTimeMsPerSecond,584.0
1784197945,8,"KEYED PROCESS, Train->Infer, _stream_key_by_map_operator",1,numRecordsOut,27059.0
1784197945,8,"KEYED PROCESS, Train->Infer, _stream_key_by_map_operator",1,numRecordsIn,114.0
1784197945,8,"KEYED PROCESS, Train->Infer, _stream_key_by_map_operator",1,numRecordsInPerSecond,0.06666666666666667
1784197945,8,"KEYED PROCESS, Train->Infer, _stream_key_by_map_operator",1,backPressuredTimeMsPerSecond,0.0
1784197945,8,"KEYED PROCESS, Train->Infer, _stream_key_by_map_operator",2,busyTimeMsPerSecond,557.0
1784197945,8,"KEYED PROCESS, Train->Infer, _stream_key_by_map_operator",2,numRecordsOutPerSecond,58.333333333333336
1784197945,8,"KEYED PROCESS, Train->Infer, _stream_key_by_map_operator",2,idleTimeMsPerSecond,0.0
1784197945,8,"KEYED PROCESS, Train->Infer, _stream_key_by_map_operator",2,numRecordsOut,34015.0
1784197945,8,"KEYED PROCESS, Train->Infer, _stream_key_by_map_operator",2,numRecordsIn,83.0
1784197945,8,"KEYED PROCESS, Train->Infer, _stream_key_by_map_operator",2,numRecordsInPerSecond,0.13333333333333333
1784197945,8,"KEYED PROCESS, Train->Infer, _stream_key_by_map_operator",2,backPressuredTimeMsPerSecond,443.0
1784197945,8,"KEYED PROCESS, Train->Infer, _stream_key_by_map_operator",3,busyTimeMsPerSecond,278.0
1784197945,8,"KEYED PROCESS, Train->Infer, _stream_key_by_map_operator",3,numRecordsOutPerSecond,33.333333333333336
1784197945,8,"KEYED PROCESS, Train->Infer, _stream_key_by_map_operator",3,idleTimeMsPerSecond,722.0
1784197945,8,"KEYED PROCESS, Train->Infer, _stream_key_by_map_operator",3,numRecordsOut,32000.0
1784197945,8,"KEYED PROCESS, Train->Infer, _stream_key_by_map_operator",3,numRecordsIn,65.0
1784197945,8,"KEYED PROCESS, Train->Infer, _stream_key_by_map_operator",3,numRecordsInPerSecond,0.08333333333333333
1784197945,8,"KEYED PROCESS, Train->Infer, _stream_key_by_map_operator",3,backPressuredTimeMsPerSecond,0.0
1784197945,8,"KEYED PROCESS, Train->Infer, _stream_key_by_map_operator",4,busyTimeMsPerSecond,123.0
1784197945,8,"KEYED PROCESS, Train->Infer, _stream_key_by_map_operator",4,numRecordsOutPerSecond,16.666666666666668
1784197945,8,"KEYED PROCESS, Train->Infer, _stream_key_by_map_operator",4,idleTimeMsPerSecond,877.0
1784197945,8,"KEYED PROCESS, Train->Infer, _stream_key_by_map_operator",4,numRecordsOut,22575.0
1784197945,8,"KEYED PROCESS, Train->Infer, _stream_key_by_map_operator",4,numRecordsIn,120.0
1784197945,8,"KEYED PROCESS, Train->Infer, _stream_key_by_map_operator",4,numRecordsInPerSecond,0.03333333333333333
1784197945,8,"KEYED PROCESS, Train->Infer, _stream_key_by_map_operator",4,backPressuredTimeMsPerSecond,0.0
1784197945,8,"KEYED PROCESS, Train->Infer, _stream_key_by_map_operator",5,busyTimeMsPerSecond,257.0
1784197945,8,"KEYED PROCESS, Train->Infer, _stream_key_by_map_operator",5,numRecordsOutPerSecond,33.333333333333336
1784197945,8,"KEYED PROCESS, Train->Infer, _stream_key_by_map_operator",5,idleTimeMsPerSecond,743.0
1784197945,8,"KEYED PROCESS, Train->Infer, _stream_key_by_map_operator",5,numRecordsOut,29000.0
1784197945,8,"KEYED PROCESS, Train->Infer, _stream_key_by_map_operator",5,numRecordsIn,58.0
1784197945,8,"KEYED PROCESS, Train->Infer, _stream_key_by_map_operator",5,numRecordsInPerSecond,0.06666666666666667
1784197945,8,"KEYED PROCESS, Train->Infer, _stream_key_by_map_operator",5,backPressuredTimeMsPerSecond,0.0
1784197945,8,"KEYED PROCESS, Train->Infer, _stream_key_by_map_operator",6,busyTimeMsPerSecond,612.0
1784197945,8,"KEYED PROCESS, Train->Infer, _stream_key_by_map_operator",6,numRecordsOutPerSecond,75.0
1784197945,8,"KEYED PROCESS, Train->Infer, _stream_key_by_map_operator",6,idleTimeMsPerSecond,388.0
1784197945,8,"KEYED PROCESS, Train->Infer, _stream_key_by_map_operator",6,numRecordsOut,34500.0
1784197945,8,"KEYED PROCESS, Train->Infer, _stream_key_by_map_operator",6,numRecordsIn,69.0
1784197945,8,"KEYED PROCESS, Train->Infer, _stream_key_by_map_operator",6,numRecordsInPerSecond,0.15
1784197945,8,"KEYED PROCESS, Train->Infer, _stream_key_by_map_operator",6,backPressuredTimeMsPerSecond,0.0
1784197945,8,"KEYED PROCESS, Train->Infer, _stream_key_by_map_operator",7,busyTimeMsPerSecond,89.0
1784197945,8,"KEYED PROCESS, Train->Infer, _stream_key_by_map_operator",7,numRecordsOutPerSecond,8.333333333333334
1784197945,8,"KEYED PROCESS, Train->Infer, _stream_key_by_map_operator",7,idleTimeMsPerSecond,911.0
1784197945,8,"KEYED PROCESS, Train->Infer, _stream_key_by_map_operator",7,numRecordsOut,30530.0
1784197945,8,"KEYED PROCESS, Train->Infer, _stream_key_by_map_operator",7,numRecordsIn,91.0
1784197945,8,"KEYED PROCESS, Train->Infer, _stream_key_by_map_operator",7,numRecordsInPerSecond,0.016666666666666666
1784197945,8,"KEYED PROCESS, Train->Infer, _stream_key_by_map_operator",7,backPressuredTimeMsPerSecond,0.0
1784197945,8,"Infer->Rank, Rank->Filter, Filter -> Sink: Writer -> Sink: Committer",0,busyTimeMsPerSecond,588.0
1784197945,8,"Infer->Rank, Rank->Filter, Filter -> Sink: Writer -> Sink: Committer",0,numRecordsOutPerSecond,24.833333333333332
1784197945,8,"Infer->Rank, Rank->Filter, Filter -> Sink: Writer -> Sink: Committer",0,idleTimeMsPerSecond,412.0
1784197945,8,"Infer->Rank, Rank->Filter, Filter -> Sink: Writer -> Sink: Committer",0,numRecordsOut,26374.0
1784197945,8,"Infer->Rank, Rank->Filter, Filter -> Sink: Writer -> Sink: Committer",0,numRecordsIn,29948.0
1784197945,8,"Infer->Rank, Rank->Filter, Filter -> Sink: Writer -> Sink: Committer",0,numRecordsInPerSecond,34.45
1784197945,8,"Infer->Rank, Rank->Filter, Filter -> Sink: Writer -> Sink: Committer",0,backPressuredTimeMsPerSecond,0.0
1784197945,8,"Infer->Rank, Rank->Filter, Filter -> Sink: Writer -> Sink: Committer",1,busyTimeMsPerSecond,435.0
1784197945,8,"Infer->Rank, Rank->Filter, Filter -> Sink: Writer -> Sink: Committer",1,numRecordsOutPerSecond,27.0
1784197945,8,"Infer->Rank, Rank->Filter, Filter -> Sink: Writer -> Sink: Committer",1,idleTimeMsPerSecond,565.0
1784197945,8,"Infer->Rank, Rank->Filter, Filter -> Sink: Writer -> Sink: Committer",1,numRecordsOut,24990.0
1784197945,8,"Infer->Rank, Rank->Filter, Filter -> Sink: Writer -> Sink: Committer",1,numRecordsIn,27059.0
1784197945,8,"Infer->Rank, Rank->Filter, Filter -> Sink: Writer -> Sink: Committer",1,numRecordsInPerSecond,27.05
1784197945,8,"Infer->Rank, Rank->Filter, Filter -> Sink: Writer -> Sink: Committer",1,backPressuredTimeMsPerSecond,0.0
1784197945,8,"Infer->Rank, Rank->Filter, Filter -> Sink: Writer -> Sink: Committer",2,busyTimeMsPerSecond,1000.0
1784197945,8,"Infer->Rank, Rank->Filter, Filter -> Sink: Writer -> Sink: Committer",2,numRecordsOutPerSecond,53.666666666666664
1784197945,8,"Infer->Rank, Rank->Filter, Filter -> Sink: Writer -> Sink: Committer",2,idleTimeMsPerSecond,0.0
1784197945,8,"Infer->Rank, Rank->Filter, Filter -> Sink: Writer -> Sink: Committer",2,numRecordsOut,26500.0
1784197945,8,"Infer->Rank, Rank->Filter, Filter -> Sink: Writer -> Sink: Committer",2,numRecordsIn,30657.0
1784197945,8,"Infer->Rank, Rank->Filter, Filter -> Sink: Writer -> Sink: Committer",2,numRecordsInPerSecond,62.083333333333336
1784197945,8,"Infer->Rank, Rank->Filter, Filter -> Sink: Writer -> Sink: Committer",2,backPressuredTimeMsPerSecond,0.0
1784197945,8,"Infer->Rank, Rank->Filter, Filter -> Sink: Writer -> Sink: Committer",3,busyTimeMsPerSecond,255.0
1784197945,8,"Infer->Rank, Rank->Filter, Filter -> Sink: Writer -> Sink: Committer",3,numRecordsOutPerSecond,17.666666666666668
1784197945,8,"Infer->Rank, Rank->Filter, Filter -> Sink: Writer -> Sink: Committer",3,idleTimeMsPerSecond,745.0
1784197945,8,"Infer->Rank, Rank->Filter, Filter -> Sink: Writer -> Sink: Committer",3,numRecordsOut,28350.0
1784197945,8,"Infer->Rank, Rank->Filter, Filter -> Sink: Writer -> Sink: Committer",3,numRecordsIn,31358.0
1784197945,8,"Infer->Rank, Rank->Filter, Filter -> Sink: Writer -> Sink: Committer",3,numRecordsInPerSecond,26.116666666666667
1784197945,8,"Infer->Rank, Rank->Filter, Filter -> Sink: Writer -> Sink: Committer",3,backPressuredTimeMsPerSecond,0.0
1784197945,8,"Infer->Rank, Rank->Filter, Filter -> Sink: Writer -> Sink: Committer",4,busyTimeMsPerSecond,337.0
1784197945,8,"Infer->Rank, Rank->Filter, Filter -> Sink: Writer -> Sink: Committer",4,numRecordsOutPerSecond,11.333333333333334
1784197945,8,"Infer->Rank, Rank->Filter, Filter -> Sink: Writer -> Sink: Committer",4,idleTimeMsPerSecond,663.0
1784197945,8,"Infer->Rank, Rank->Filter, Filter -> Sink: Writer -> Sink: Committer",4,numRecordsOut,21990.0
1784197945,8,"Infer->Rank, Rank->Filter, Filter -> Sink: Writer -> Sink: Committer",4,numRecordsIn,22575.0
1784197945,8,"Infer->Rank, Rank->Filter, Filter -> Sink: Writer -> Sink: Committer",4,numRecordsInPerSecond,19.65
1784197945,8,"Infer->Rank, Rank->Filter, Filter -> Sink: Writer -> Sink: Committer",4,backPressuredTimeMsPerSecond,0.0
1784197945,8,"Infer->Rank, Rank->Filter, Filter -> Sink: Writer -> Sink: Committer",5,busyTimeMsPerSecond,297.0
1784197945,8,"Infer->Rank, Rank->Filter, Filter -> Sink: Writer -> Sink: Committer",5,numRecordsOutPerSecond,16.666666666666668
1784197945,8,"Infer->Rank, Rank->Filter, Filter -> Sink: Writer -> Sink: Committer",5,idleTimeMsPerSecond,703.0
1784197945,8,"Infer->Rank, Rank->Filter, Filter -> Sink: Writer -> Sink: Committer",5,numRecordsOut,26000.0
1784197945,8,"Infer->Rank, Rank->Filter, Filter -> Sink: Writer -> Sink: Committer",5,numRecordsIn,29000.0
1784197945,8,"Infer->Rank, Rank->Filter, Filter -> Sink: Writer -> Sink: Committer",5,numRecordsInPerSecond,30.25
1784197945,8,"Infer->Rank, Rank->Filter, Filter -> Sink: Writer -> Sink: Committer",5,backPressuredTimeMsPerSecond,0.0
1784197945,8,"Infer->Rank, Rank->Filter, Filter -> Sink: Writer -> Sink: Committer",6,busyTimeMsPerSecond,807.0
1784197945,8,"Infer->Rank, Rank->Filter, Filter -> Sink: Writer -> Sink: Committer",6,numRecordsOutPerSecond,49.833333333333336
1784197945,8,"Infer->Rank, Rank->Filter, Filter -> Sink: Writer -> Sink: Committer",6,idleTimeMsPerSecond,193.0
1784197945,8,"Infer->Rank, Rank->Filter, Filter -> Sink: Writer -> Sink: Committer",6,numRecordsOut,28980.0
1784197945,8,"Infer->Rank, Rank->Filter, Filter -> Sink: Writer -> Sink: Committer",6,numRecordsIn,33990.0
1784197945,8,"Infer->Rank, Rank->Filter, Filter -> Sink: Writer -> Sink: Committer",6,numRecordsInPerSecond,66.66666666666667
1784197945,8,"Infer->Rank, Rank->Filter, Filter -> Sink: Writer -> Sink: Committer",6,backPressuredTimeMsPerSecond,0.0
1784197945,8,"Infer->Rank, Rank->Filter, Filter -> Sink: Writer -> Sink: Committer",7,busyTimeMsPerSecond,76.0
1784197945,8,"Infer->Rank, Rank->Filter, Filter -> Sink: Writer -> Sink: Committer",7,numRecordsOutPerSecond,8.333333333333334
1784197945,8,"Infer->Rank, Rank->Filter, Filter -> Sink: Writer -> Sink: Committer",7,idleTimeMsPerSecond,924.0
1784197945,8,"Infer->Rank, Rank->Filter, Filter -> Sink: Writer -> Sink: Committer",7,numRecordsOut,29990.0
1784197945,8,"Infer->Rank, Rank->Filter, Filter -> Sink: Writer -> Sink: Committer",7,numRecordsIn,30530.0
1784197945,8,"Infer->Rank, Rank->Filter, Filter -> Sink: Writer -> Sink: Committer",7,numRecordsInPerSecond,8.333333333333334
1784197945,8,"Infer->Rank, Rank->Filter, Filter -> Sink: Writer -> Sink: Committer",7,backPressuredTimeMsPerSecond,0.0
1784197960,8,"Source: Source-data -> LoadJSON, Parse, _stream_key_by_map_operator",0,busyTimeMsPerSecond,0.0
1784197960,8,"Source: Source-data -> LoadJSON, Parse, _stream_key_by_map_operator",0,numRecordsOutPerSecond,0.016666666666666666
1784197960,8,"Source: Source-data -> LoadJSON, Parse, _stream_key_by_map_operator",0,idleTimeMsPerSecond,1000.0
1784197960,8,"Source: Source-data -> LoadJSON, Parse, _stream_key_by_map_operator",0,numRecordsOut,6130.0
1784197960,8,"Source: Source-data -> LoadJSON, Parse, _stream_key_by_map_operator",0,numRecordsIn,6130.0
1784197960,8,"Source: Source-data -> LoadJSON, Parse, _stream_key_by_map_operator",0,numRecordsInPerSecond,0.016666666666666666
1784197960,8,"Source: Source-data -> LoadJSON, Parse, _stream_key_by_map_operator",0,backPressuredTimeMsPerSecond,0.0
1784197960,8,"Source: Source-data -> LoadJSON, Parse, _stream_key_by_map_operator",1,busyTimeMsPerSecond,7.0
1784197960,8,"Source: Source-data -> LoadJSON, Parse, _stream_key_by_map_operator",1,numRecordsOutPerSecond,0.03333333333333333
1784197960,8,"Source: Source-data -> LoadJSON, Parse, _stream_key_by_map_operator",1,idleTimeMsPerSecond,993.0
1784197960,8,"Source: Source-data -> LoadJSON, Parse, _stream_key_by_map_operator",1,numRecordsOut,6024.0
1784197960,8,"Source: Source-data -> LoadJSON, Parse, _stream_key_by_map_operator",1,numRecordsIn,6024.0
1784197960,8,"Source: Source-data -> LoadJSON, Parse, _stream_key_by_map_operator",1,numRecordsInPerSecond,0.03333333333333333
1784197960,8,"Source: Source-data -> LoadJSON, Parse, _stream_key_by_map_operator",1,backPressuredTimeMsPerSecond,0.0
1784197960,8,"Source: Source-data -> LoadJSON, Parse, _stream_key_by_map_operator",2,busyTimeMsPerSecond,0.0
1784197960,8,"Source: Source-data -> LoadJSON, Parse, _stream_key_by_map_operator",2,numRecordsOutPerSecond,0.0
1784197960,8,"Source: Source-data -> LoadJSON, Parse, _stream_key_by_map_operator",2,idleTimeMsPerSecond,1000.0
1784197960,8,"Source: Source-data -> LoadJSON, Parse, _stream_key_by_map_operator",2,numRecordsOut,6231.0
1784197960,8,"Source: Source-data -> LoadJSON, Parse, _stream_key_by_map_operator",2,numRecordsIn,6231.0
1784197960,8,"Source: Source-data -> LoadJSON, Parse, _stream_key_by_map_operator",2,numRecordsInPerSecond,0.0
1784197960,8,"Source: Source-data -> LoadJSON, Parse, _stream_key_by_map_operator",2,backPressuredTimeMsPerSecond,0.0
1784197960,8,"Source: Source-data -> LoadJSON, Parse, _stream_key_by_map_operator",3,busyTimeMsPerSecond,1.0
1784197960,8,"Source: Source-data -> LoadJSON, Parse, _stream_key_by_map_operator",3,numRecordsOutPerSecond,0.03333333333333333
1784197960,8,"Source: Source-data -> LoadJSON, Parse, _stream_key_by_map_operator",3,idleTimeMsPerSecond,491.0
1784197960,8,"Source: Source-data -> LoadJSON, Parse, _stream_key_by_map_operator",3,numRecordsOut,6021.0
1784197960,8,"Source: Source-data -> LoadJSON, Parse, _stream_key_by_map_operator",3,numRecordsIn,6021.0
1784197960,8,"Source: Source-data -> LoadJSON, Parse, _stream_key_by_map_operator",3,numRecordsInPerSecond,0.03333333333333333
1784197960,8,"Source: Source-data -> LoadJSON, Parse, _stream_key_by_map_operator",3,backPressuredTimeMsPerSecond,508.0
1784197960,8,"Source: Source-data -> LoadJSON, Parse, _stream_key_by_map_operator",4,busyTimeMsPerSecond,7.0
1784197960,8,"Source: Source-data -> LoadJSON, Parse, _stream_key_by_map_operator",4,numRecordsOutPerSecond,0.016666666666666666
1784197960,8,"Source: Source-data -> LoadJSON, Parse, _stream_key_by_map_operator",4,idleTimeMsPerSecond,462.0
1784197960,8,"Source: Source-data -> LoadJSON, Parse, _stream_key_by_map_operator",4,numRecordsOut,6068.0
1784197960,8,"Source: Source-data -> LoadJSON, Parse, _stream_key_by_map_operator",4,numRecordsIn,6068.0
1784197960,8,"Source: Source-data -> LoadJSON, Parse, _stream_key_by_map_operator",4,numRecordsInPerSecond,0.016666666666666666
1784197960,8,"Source: Source-data -> LoadJSON, Parse, _stream_key_by_map_operator",4,backPressuredTimeMsPerSecond,531.0
1784197960,8,"Source: Source-data -> LoadJSON, Parse, _stream_key_by_map_operator",5,busyTimeMsPerSecond,0.0
1784197960,8,"Source: Source-data -> LoadJSON, Parse, _stream_key_by_map_operator",5,numRecordsOutPerSecond,0.0
1784197960,8,"Source: Source-data -> LoadJSON, Parse, _stream_key_by_map_operator",5,idleTimeMsPerSecond,1000.0
1784197960,8,"Source: Source-data -> LoadJSON, Parse, _stream_key_by_map_operator",5,numRecordsOut,6100.0
1784197960,8,"Source: Source-data -> LoadJSON, Parse, _stream_key_by_map_operator",5,numRecordsIn,6100.0
1784197960,8,"Source: Source-data -> LoadJSON, Parse, _stream_key_by_map_operator",5,numRecordsInPerSecond,0.0
1784197960,8,"Source: Source-data -> LoadJSON, Parse, _stream_key_by_map_operator",5,backPressuredTimeMsPerSecond,0.0
1784197960,8,"Source: Source-data -> LoadJSON, Parse, _stream_key_by_map_operator",6,busyTimeMsPerSecond,1.0
1784197960,8,"Source: Source-data -> LoadJSON, Parse, _stream_key_by_map_operator",6,numRecordsOutPerSecond,0.016666666666666666
1784197960,8,"Source: Source-data -> LoadJSON, Parse, _stream_key_by_map_operator",6,idleTimeMsPerSecond,999.0
1784197960,8,"Source: Source-data -> LoadJSON, Parse, _stream_key_by_map_operator",6,numRecordsOut,6063.0
1784197960,8,"Source: Source-data -> LoadJSON, Parse, _stream_key_by_map_operator",6,numRecordsIn,6063.0
1784197960,8,"Source: Source-data -> LoadJSON, Parse, _stream_key_by_map_operator",6,numRecordsInPerSecond,0.016666666666666666
1784197960,8,"Source: Source-data -> LoadJSON, Parse, _stream_key_by_map_operator",6,backPressuredTimeMsPerSecond,0.0
1784197960,8,"Source: Source-data -> LoadJSON, Parse, _stream_key_by_map_operator",7,busyTimeMsPerSecond,0.0
1784197960,8,"Source: Source-data -> LoadJSON, Parse, _stream_key_by_map_operator",7,numRecordsOutPerSecond,0.016666666666666666
1784197960,8,"Source: Source-data -> LoadJSON, Parse, _stream_key_by_map_operator",7,idleTimeMsPerSecond,1000.0
1784197960,8,"Source: Source-data -> LoadJSON, Parse, _stream_key_by_map_operator",7,numRecordsOut,5969.0
1784197960,8,"Source: Source-data -> LoadJSON, Parse, _stream_key_by_map_operator",7,numRecordsIn,5969.0
1784197960,8,"Source: Source-data -> LoadJSON, Parse, _stream_key_by_map_operator",7,numRecordsInPerSecond,0.016666666666666666
1784197960,8,"Source: Source-data -> LoadJSON, Parse, _stream_key_by_map_operator",7,backPressuredTimeMsPerSecond,0.0
1784197960,8,"KEYED PROCESS, Parse->Train, _stream_key_by_map_operator",0,busyTimeMsPerSecond,429.0
1784197960,8,"KEYED PROCESS, Parse->Train, _stream_key_by_map_operator",0,numRecordsOutPerSecond,0.11666666666666667
1784197960,8,"KEYED PROCESS, Parse->Train, _stream_key_by_map_operator",0,idleTimeMsPerSecond,0.0
1784197960,8,"KEYED PROCESS, Parse->Train, _stream_key_by_map_operator",0,numRecordsOut,157.0
1784197960,8,"KEYED PROCESS, Parse->Train, _stream_key_by_map_operator",0,numRecordsIn,158.0
1784197960,8,"KEYED PROCESS, Parse->Train, _stream_key_by_map_operator",0,numRecordsInPerSecond,0.11666666666666667
1784197960,8,"KEYED PROCESS, Parse->Train, _stream_key_by_map_operator",0,backPressuredTimeMsPerSecond,571.0
1784197960,8,"KEYED PROCESS, Parse->Train, _stream_key_by_map_operator",1,busyTimeMsPerSecond,442.0
1784197960,8,"KEYED PROCESS, Parse->Train, _stream_key_by_map_operator",1,numRecordsOutPerSecond,0.16666666666666666
1784197960,8,"KEYED PROCESS, Parse->Train, _stream_key_by_map_operator",1,idleTimeMsPerSecond,0.0
1784197960,8,"KEYED PROCESS, Parse->Train, _stream_key_by_map_operator",1,numRecordsOut,159.0
1784197960,8,"KEYED PROCESS, Parse->Train, _stream_key_by_map_operator",1,numRecordsIn,160.0
1784197960,8,"KEYED PROCESS, Parse->Train, _stream_key_by_map_operator",1,numRecordsInPerSecond,0.16666666666666666
1784197960,8,"KEYED PROCESS, Parse->Train, _stream_key_by_map_operator",1,backPressuredTimeMsPerSecond,558.0
1784197960,8,"KEYED PROCESS, Parse->Train, _stream_key_by_map_operator",2,busyTimeMsPerSecond,253.0
1784197960,8,"KEYED PROCESS, Parse->Train, _stream_key_by_map_operator",2,numRecordsOutPerSecond,0.06666666666666667
1784197960,8,"KEYED PROCESS, Parse->Train, _stream_key_by_map_operator",2,idleTimeMsPerSecond,0.0
1784197960,8,"KEYED PROCESS, Parse->Train, _stream_key_by_map_operator",2,numRecordsOut,109.0
1784197960,8,"KEYED PROCESS, Parse->Train, _stream_key_by_map_operator",2,numRecordsIn,110.0
1784197960,8,"KEYED PROCESS, Parse->Train, _stream_key_by_map_operator",2,numRecordsInPerSecond,0.06666666666666667
1784197960,8,"KEYED PROCESS, Parse->Train, _stream_key_by_map_operator",2,backPressuredTimeMsPerSecond,747.0
1784197960,8,"KEYED PROCESS, Parse->Train, _stream_key_by_map_operator",3,busyTimeMsPerSecond,0.0
1784197960,8,"KEYED PROCESS, Parse->Train, _stream_key_by_map_operator",3,numRecordsOutPerSecond,0.0
1784197960,8,"KEYED PROCESS, Parse->Train, _stream_key_by_map_operator",3,idleTimeMsPerSecond,1000.0
1784197960,8,"KEYED PROCESS, Parse->Train, _stream_key_by_map_operator",3,numRecordsOut,0.0
1784197960,8,"KEYED PROCESS, Parse->Train, _stream_key_by_map_operator",3,numRecordsIn,0.0
1784197960,8,"KEYED PROCESS, Parse->Train, _stream_key_by_map_operator",3,numRecordsInPerSecond,0.0
1784197960,8,"KEYED PROCESS, Parse->Train, _stream_key_by_map_operator",3,backPressuredTimeMsPerSecond,0.0
1784197960,8,"KEYED PROCESS, Parse->Train, _stream_key_by_map_operator",4,busyTimeMsPerSecond,551.0
1784197960,8,"KEYED PROCESS, Parse->Train, _stream_key_by_map_operator",4,numRecordsOutPerSecond,0.2
1784197960,8,"KEYED PROCESS, Parse->Train, _stream_key_by_map_operator",4,idleTimeMsPerSecond,0.0
1784197960,8,"KEYED PROCESS, Parse->Train, _stream_key_by_map_operator",4,numRecordsOut,183.0
1784197960,8,"KEYED PROCESS, Parse->Train, _stream_key_by_map_operator",4,numRecordsIn,184.0
1784197960,8,"KEYED PROCESS, Parse->Train, _stream_key_by_map_operator",4,numRecordsInPerSecond,0.2
1784197960,8,"KEYED PROCESS, Parse->Train, _stream_key_by_map_operator",4,backPressuredTimeMsPerSecond,449.0
1784197960,8,"KEYED PROCESS, Parse->Train, _stream_key_by_map_operator",5,busyTimeMsPerSecond,0.0
1784197960,8,"KEYED PROCESS, Parse->Train, _stream_key_by_map_operator",5,numRecordsOutPerSecond,0.0
1784197960,8,"KEYED PROCESS, Parse->Train, _stream_key_by_map_operator",5,idleTimeMsPerSecond,1000.0
1784197960,8,"KEYED PROCESS, Parse->Train, _stream_key_by_map_operator",5,numRecordsOut,0.0
1784197960,8,"KEYED PROCESS, Parse->Train, _stream_key_by_map_operator",5,numRecordsIn,0.0
1784197960,8,"KEYED PROCESS, Parse->Train, _stream_key_by_map_operator",5,numRecordsInPerSecond,0.0
1784197960,8,"KEYED PROCESS, Parse->Train, _stream_key_by_map_operator",5,backPressuredTimeMsPerSecond,0.0
1784197960,8,"KEYED PROCESS, Parse->Train, _stream_key_by_map_operator",6,busyTimeMsPerSecond,0.0
1784197960,8,"KEYED PROCESS, Parse->Train, _stream_key_by_map_operator",6,numRecordsOutPerSecond,0.0
1784197960,8,"KEYED PROCESS, Parse->Train, _stream_key_by_map_operator",6,idleTimeMsPerSecond,1000.0
1784197960,8,"KEYED PROCESS, Parse->Train, _stream_key_by_map_operator",6,numRecordsOut,0.0
1784197960,8,"KEYED PROCESS, Parse->Train, _stream_key_by_map_operator",6,numRecordsIn,0.0
1784197960,8,"KEYED PROCESS, Parse->Train, _stream_key_by_map_operator",6,numRecordsInPerSecond,0.0
1784197960,8,"KEYED PROCESS, Parse->Train, _stream_key_by_map_operator",6,backPressuredTimeMsPerSecond,0.0
1784197960,8,"KEYED PROCESS, Parse->Train, _stream_key_by_map_operator",7,busyTimeMsPerSecond,162.0
1784197960,8,"KEYED PROCESS, Parse->Train, _stream_key_by_map_operator",7,numRecordsOutPerSecond,0.06666666666666667
1784197960,8,"KEYED PROCESS, Parse->Train, _stream_key_by_map_operator",7,idleTimeMsPerSecond,0.0
1784197960,8,"KEYED PROCESS, Parse->Train, _stream_key_by_map_operator",7,numRecordsOut,127.0
1784197960,8,"KEYED PROCESS, Parse->Train, _stream_key_by_map_operator",7,numRecordsIn,128.0
1784197960,8,"KEYED PROCESS, Parse->Train, _stream_key_by_map_operator",7,numRecordsInPerSecond,0.06666666666666667
1784197960,8,"KEYED PROCESS, Parse->Train, _stream_key_by_map_operator",7,backPressuredTimeMsPerSecond,838.0
1784197960,8,"KEYED PROCESS, Train->Infer, _stream_key_by_map_operator",0,busyTimeMsPerSecond,410.0
1784197960,8,"KEYED PROCESS, Train->Infer, _stream_key_by_map_operator",0,numRecordsOutPerSecond,33.333333333333336
1784197960,8,"KEYED PROCESS, Train->Infer, _stream_key_by_map_operator",0,idleTimeMsPerSecond,590.0
1784197960,8,"KEYED PROCESS, Train->Infer, _stream_key_by_map_operator",0,numRecordsOut,31060.0
1784197960,8,"KEYED PROCESS, Train->Infer, _stream_key_by_map_operator",0,numRecordsIn,122.0
1784197960,8,"KEYED PROCESS, Train->Infer, _stream_key_by_map_operator",0,numRecordsInPerSecond,0.06666666666666667
1784197960,8,"KEYED PROCESS, Train->Infer, _stream_key_by_map_operator",0,backPressuredTimeMsPerSecond,0.0
1784197960,8,"KEYED PROCESS, Train->Infer, _stream_key_by_map_operator",1,busyTimeMsPerSecond,326.0
1784197960,8,"KEYED PROCESS, Train->Infer, _stream_key_by_map_operator",1,numRecordsOutPerSecond,25.0
1784197960,8,"KEYED PROCESS, Train->Infer, _stream_key_by_map_operator",1,idleTimeMsPerSecond,674.0
1784197960,8,"KEYED PROCESS, Train->Infer, _stream_key_by_map_operator",1,numRecordsOut,27059.0
1784197960,8,"KEYED PROCESS, Train->Infer, _stream_key_by_map_operator",1,numRecordsIn,115.0
1784197960,8,"KEYED PROCESS, Train->Infer, _stream_key_by_map_operator",1,numRecordsInPerSecond,0.05
1784197960,8,"KEYED PROCESS, Train->Infer, _stream_key_by_map_operator",1,backPressuredTimeMsPerSecond,0.0
1784197960,8,"KEYED PROCESS, Train->Infer, _stream_key_by_map_operator",2,busyTimeMsPerSecond,634.0
1784197960,8,"KEYED PROCESS, Train->Infer, _stream_key_by_map_operator",2,numRecordsOutPerSecond,66.66666666666667
1784197960,8,"KEYED PROCESS, Train->Infer, _stream_key_by_map_operator",2,idleTimeMsPerSecond,0.0
1784197960,8,"KEYED PROCESS, Train->Infer, _stream_key_by_map_operator",2,numRecordsOut,34515.0
1784197960,8,"KEYED PROCESS, Train->Infer, _stream_key_by_map_operator",2,numRecordsIn,85.0
1784197960,8,"KEYED PROCESS, Train->Infer, _stream_key_by_map_operator",2,numRecordsInPerSecond,0.15
1784197960,8,"KEYED PROCESS, Train->Infer, _stream_key_by_map_operator",2,backPressuredTimeMsPerSecond,366.0
1784197960,8,"KEYED PROCESS, Train->Infer, _stream_key_by_map_operator",3,busyTimeMsPerSecond,509.0
1784197960,8,"KEYED PROCESS, Train->Infer, _stream_key_by_map_operator",3,numRecordsOutPerSecond,58.333333333333336
1784197960,8,"KEYED PROCESS, Train->Infer, _stream_key_by_map_operator",3,idleTimeMsPerSecond,491.0
1784197960,8,"KEYED PROCESS, Train->Infer, _stream_key_by_map_operator",3,numRecordsOut,33000.0
1784197960,8,"KEYED PROCESS, Train->Infer, _stream_key_by_map_operator",3,numRecordsIn,67.0
1784197960,8,"KEYED PROCESS, Train->Infer, _stream_key_by_map_operator",3,numRecordsInPerSecond,0.13333333333333333
1784197960,8,"KEYED PROCESS, Train->Infer, _stream_key_by_map_operator",3,backPressuredTimeMsPerSecond,0.0
1784197960,8,"KEYED PROCESS, Train->Infer, _stream_key_by_map_operator",4,busyTimeMsPerSecond,150.0
1784197960,8,"KEYED PROCESS, Train->Infer, _stream_key_by_map_operator",4,numRecordsOutPerSecond,8.333333333333334
1784197960,8,"KEYED PROCESS, Train->Infer, _stream_key_by_map_operator",4,idleTimeMsPerSecond,850.0
1784197960,8,"KEYED PROCESS, Train->Infer, _stream_key_by_map_operator",4,numRecordsOut,23575.0
1784197960,8,"KEYED PROCESS, Train->Infer, _stream_key_by_map_operator",4,numRecordsIn,122.0
1784197960,8,"KEYED PROCESS, Train->Infer, _stream_key_by_map_operator",4,numRecordsInPerSecond,0.03333333333333333
1784197960,8,"KEYED PROCESS, Train->Infer, _stream_key_by_map_operator",4,backPressuredTimeMsPerSecond,0.0
1784197960,8,"KEYED PROCESS, Train->Infer, _stream_key_by_map_operator",5,busyTimeMsPerSecond,299.0
1784197960,8,"KEYED PROCESS, Train->Infer, _stream_key_by_map_operator",5,numRecordsOutPerSecond,33.333333333333336
1784197960,8,"KEYED PROCESS, Train->Infer, _stream_key_by_map_operator",5,idleTimeMsPerSecond,701.0
1784197960,8,"KEYED PROCESS, Train->Infer, _stream_key_by_map_operator",5,numRecordsOut,29500.0
1784197960,8,"KEYED PROCESS, Train->Infer, _stream_key_by_map_operator",5,numRecordsIn,60.0
1784197960,8,"KEYED PROCESS, Train->Infer, _stream_key_by_map_operator",5,numRecordsInPerSecond,0.08333333333333333
1784197960,8,"KEYED PROCESS, Train->Infer, _stream_key_by_map_operator",5,backPressuredTimeMsPerSecond,0.0
1784197960,8,"KEYED PROCESS, Train->Infer, _stream_key_by_map_operator",6,busyTimeMsPerSecond,495.0
1784197960,8,"KEYED PROCESS, Train->Infer, _stream_key_by_map_operator",6,numRecordsOutPerSecond,66.66666666666667
1784197960,8,"KEYED PROCESS, Train->Infer, _stream_key_by_map_operator",6,idleTimeMsPerSecond,505.0
1784197960,8,"KEYED PROCESS, Train->Infer, _stream_key_by_map_operator",6,numRecordsOut,34500.0
1784197960,8,"KEYED PROCESS, Train->Infer, _stream_key_by_map_operator",6,numRecordsIn,69.0
1784197960,8,"KEYED PROCESS, Train->Infer, _stream_key_by_map_operator",6,numRecordsInPerSecond,0.11666666666666667
1784197960,8,"KEYED PROCESS, Train->Infer, _stream_key_by_map_operator",6,backPressuredTimeMsPerSecond,0.0
1784197960,8,"KEYED PROCESS, Train->Infer, _stream_key_by_map_operator",7,busyTimeMsPerSecond,89.0
1784197960,8,"KEYED PROCESS, Train->Infer, _stream_key_by_map_operator",7,numRecordsOutPerSecond,8.333333333333334
1784197960,8,"KEYED PROCESS, Train->Infer, _stream_key_by_map_operator",7,idleTimeMsPerSecond,911.0
1784197960,8,"KEYED PROCESS, Train->Infer, _stream_key_by_map_operator",7,numRecordsOut,30530.0
1784197960,8,"KEYED PROCESS, Train->Infer, _stream_key_by_map_operator",7,numRecordsIn,91.0
1784197960,8,"KEYED PROCESS, Train->Infer, _stream_key_by_map_operator",7,numRecordsInPerSecond,0.016666666666666666
1784197960,8,"KEYED PROCESS, Train->Infer, _stream_key_by_map_operator",7,backPressuredTimeMsPerSecond,0.0
1784197960,8,"Infer->Rank, Rank->Filter, Filter -> Sink: Writer -> Sink: Committer",0,busyTimeMsPerSecond,588.0
1784197960,8,"Infer->Rank, Rank->Filter, Filter -> Sink: Writer -> Sink: Committer",0,numRecordsOutPerSecond,36.666666666666664
1784197960,8,"Infer->Rank, Rank->Filter, Filter -> Sink: Writer -> Sink: Committer",0,idleTimeMsPerSecond,412.0
1784197960,8,"Infer->Rank, Rank->Filter, Filter -> Sink: Writer -> Sink: Committer",0,numRecordsOut,27314.0
1784197960,8,"Infer->Rank, Rank->Filter, Filter -> Sink: Writer -> Sink: Committer",0,numRecordsIn,30886.0
1784197960,8,"Infer->Rank, Rank->Filter, Filter -> Sink: Writer -> Sink: Committer",0,numRecordsInPerSecond,36.6
1784197960,8,"Infer->Rank, Rank->Filter, Filter -> Sink: Writer -> Sink: Committer",0,backPressuredTimeMsPerSecond,0.0
1784197960,8,"Infer->Rank, Rank->Filter, Filter -> Sink: Writer -> Sink: Committer",1,busyTimeMsPerSecond,468.0
1784197960,8,"Infer->Rank, Rank->Filter, Filter -> Sink: Writer -> Sink: Committer",1,numRecordsOutPerSecond,32.0
1784197960,8,"Infer->Rank, Rank->Filter, Filter -> Sink: Writer -> Sink: Committer",1,idleTimeMsPerSecond,532.0
1784197960,8,"Infer->Rank, Rank->Filter, Filter -> Sink: Writer -> Sink: Committer",1,numRecordsOut,24990.0
1784197960,8,"Infer->Rank, Rank->Filter, Filter -> Sink: Writer -> Sink: Committer",1,numRecordsIn,27059.0
1784197960,8,"Infer->Rank, Rank->Filter, Filter -> Sink: Writer -> Sink: Committer",1,numRecordsInPerSecond,31.833333333333332
1784197960,8,"Infer->Rank, Rank->Filter, Filter -> Sink: Writer -> Sink: Committer",1,backPressuredTimeMsPerSecond,0.0
1784197960,8,"Infer->Rank, Rank->Filter, Filter -> Sink: Writer -> Sink: Committer",2,busyTimeMsPerSecond,1000.0
1784197960,8,"Infer->Rank, Rank->Filter, Filter -> Sink: Writer -> Sink: Committer",2,numRecordsOutPerSecond,44.0
1784197960,8,"Infer->Rank, Rank->Filter, Filter -> Sink: Writer -> Sink: Committer",2,idleTimeMsPerSecond,0.0
1784197960,8,"Infer->Rank, Rank->Filter, Filter -> Sink: Writer -> Sink: Committer",2,numRecordsOut,26500.0
1784197960,8,"Infer->Rank, Rank->Filter, Filter -> Sink: Writer -> Sink: Committer",2,numRecordsIn,31227.0
1784197960,8,"Infer->Rank, Rank->Filter, Filter -> Sink: Writer -> Sink: Committer",2,numRecordsInPerSecond,63.35
1784197960,8,"Infer->Rank, Rank->Filter, Filter -> Sink: Writer -> Sink: Committer",2,backPressuredTimeMsPerSecond,0.0
1784197960,8,"Infer->Rank, Rank->Filter, Filter -> Sink: Writer -> Sink: Committer",3,busyTimeMsPerSecond,505.0
1784197960,8,"Infer->Rank, Rank->Filter, Filter -> Sink: Writer -> Sink: Committer",3,numRecordsOutPerSecond,34.5
1784197960,8,"Infer->Rank, Rank->Filter, Filter -> Sink: Writer -> Sink: Committer",3,idleTimeMsPerSecond,495.0
1784197960,8,"Infer->Rank, Rank->Filter, Filter -> Sink: Writer -> Sink: Committer",3,numRecordsOut,29090.0
1784197960,8,"Infer->Rank, Rank->Filter, Filter -> Sink: Writer -> Sink: Committer",3,numRecordsIn,32095.0
1784197960,8,"Infer->Rank, Rank->Filter, Filter -> Sink: Writer -> Sink: Committer",3,numRecordsInPerSecond,42.916666666666664
1784197960,8,"Infer->Rank, Rank->Filter, Filter -> Sink: Writer -> Sink: Committer",3,backPressuredTimeMsPerSecond,0.0
1784197960,8,"Infer->Rank, Rank->Filter, Filter -> Sink: Writer -> Sink: Committer",4,busyTimeMsPerSecond,157.0
1784197960,8,"Infer->Rank, Rank->Filter, Filter -> Sink: Writer -> Sink: Committer",4,numRecordsOutPerSecond,8.666666666666666
1784197960,8,"Infer->Rank, Rank->Filter, Filter -> Sink: Writer -> Sink: Committer",4,idleTimeMsPerSecond,843.0
1784197960,8,"Infer->Rank, Rank->Filter, Filter -> Sink: Writer -> Sink: Committer",4,numRecordsOut,22210.0
1784197960,8,"Infer->Rank, Rank->Filter, Filter -> Sink: Writer -> Sink: Committer",4,numRecordsIn,22797.0
1784197960,8,"Infer->Rank, Rank->Filter, Filter -> Sink: Writer -> Sink: Committer",4,numRecordsInPerSecond,8.6
1784197960,8,"Infer->Rank, Rank->Filter, Filter -> Sink: Writer -> Sink: Committer",4,backPressuredTimeMsPerSecond,0.0
1784197960,8,"Infer->Rank, Rank->Filter, Filter -> Sink: Writer -> Sink: Committer",5,busyTimeMsPerSecond,318.0
1784197960,8,"Infer->Rank, Rank->Filter, Filter -> Sink: Writer -> Sink: Committer",5,numRecordsOutPerSecond,19.166666666666668
1784197960,8,"Infer->Rank, Rank->Filter, Filter -> Sink: Writer -> Sink: Committer",5,idleTimeMsPerSecond,682.0
1784197960,8,"Infer->Rank, Rank->Filter, Filter -> Sink: Writer -> Sink: Committer",5,numRecordsOut,26240.0
1784197960,8,"Infer->Rank, Rank->Filter, Filter -> Sink: Writer -> Sink: Committer",5,numRecordsIn,29248.0
1784197960,8,"Infer->Rank, Rank->Filter, Filter -> Sink: Writer -> Sink: Committer",5,numRecordsInPerSecond,29.7
1784197960,8,"Infer->Rank, Rank->Filter, Filter -> Sink: Writer -> Sink: Committer",5,backPressuredTimeMsPerSecond,0.0
1784197960,8,"Infer->Rank, Rank->Filter, Filter -> Sink: Writer -> Sink: Committer",6,busyTimeMsPerSecond,853.0
1784197960,8,"Infer->Rank, Rank->Filter, Filter -> Sink: Writer -> Sink: Committer",6,numRecordsOutPerSecond,64.16666666666667
1784197960,8,"Infer->Rank, Rank->Filter, Filter -> Sink: Writer -> Sink: Committer",6,idleTimeMsPerSecond,147.0
1784197960,8,"Infer->Rank, Rank->Filter, Filter -> Sink: Writer -> Sink: Committer",6,numRecordsOut,29500.0
1784197960,8,"Infer->Rank, Rank->Filter, Filter -> Sink: Writer -> Sink: Committer",6,numRecordsIn,34500.0
1784197960,8,"Infer->Rank, Rank->Filter, Filter -> Sink: Writer -> Sink: Committer",6,numRecordsInPerSecond,72.45
1784197960,8,"Infer->Rank, Rank->Filter, Filter -> Sink: Writer -> Sink: Committer",6,backPressuredTimeMsPerSecond,0.0
1784197960,8,"Infer->Rank, Rank->Filter, Filter -> Sink: Writer -> Sink: Committer",7,busyTimeMsPerSecond,76.0
1784197960,8,"Infer->Rank, Rank->Filter, Filter -> Sink: Writer -> Sink: Committer",7,numRecordsOutPerSecond,8.333333333333334
1784197960,8,"Infer->Rank, Rank->Filter, Filter -> Sink: Writer -> Sink: Committer",7,idleTimeMsPerSecond,924.0
1784197960,8,"Infer->Rank, Rank->Filter, Filter -> Sink: Writer -> Sink: Committer",7,numRecordsOut,29990.0
1784197960,8,"Infer->Rank, Rank->Filter, Filter -> Sink: Writer -> Sink: Committer",7,numRecordsIn,30530.0
1784197960,8,"Infer->Rank, Rank->Filter, Filter -> Sink: Writer -> Sink: Committer",7,numRecordsInPerSecond,8.333333333333334
1784197960,8,"Infer->Rank, Rank->Filter, Filter -> Sink: Writer -> Sink: Committer",7,backPressuredTimeMsPerSecond,0.0
1784197975,8,"Source: Source-data -> LoadJSON, Parse, _stream_key_by_map_operator",0,busyTimeMsPerSecond,0.0
1784197975,8,"Source: Source-data -> LoadJSON, Parse, _stream_key_by_map_operator",0,numRecordsOutPerSecond,0.016666666666666666
1784197975,8,"Source: Source-data -> LoadJSON, Parse, _stream_key_by_map_operator",0,idleTimeMsPerSecond,1000.0
1784197975,8,"Source: Source-data -> LoadJSON, Parse, _stream_key_by_map_operator",0,numRecordsOut,6130.0
1784197975,8,"Source: Source-data -> LoadJSON, Parse, _stream_key_by_map_operator",0,numRecordsIn,6130.0
1784197975,8,"Source: Source-data -> LoadJSON, Parse, _stream_key_by_map_operator",0,numRecordsInPerSecond,0.016666666666666666
1784197975,8,"Source: Source-data -> LoadJSON, Parse, _stream_key_by_map_operator",0,backPressuredTimeMsPerSecond,0.0
1784197975,8,"Source: Source-data -> LoadJSON, Parse, _stream_key_by_map_operator",1,busyTimeMsPerSecond,7.0
1784197975,8,"Source: Source-data -> LoadJSON, Parse, _stream_key_by_map_operator",1,numRecordsOutPerSecond,0.016666666666666666
1784197975,8,"Source: Source-data -> LoadJSON, Parse, _stream_key_by_map_operator",1,idleTimeMsPerSecond,993.0
1784197975,8,"Source: Source-data -> LoadJSON, Parse, _stream_key_by_map_operator",1,numRecordsOut,6024.0
1784197975,8,"Source: Source-data -> LoadJSON, Parse, _stream_key_by_map_operator",1,numRecordsIn,6024.0
1784197975,8,"Source: Source-data -> LoadJSON, Parse, _stream_key_by_map_operator",1,numRecordsInPerSecond,0.016666666666666666
1784197975,8,"Source: Source-data -> LoadJSON, Parse, _stream_key_by_map_operator",1,backPressuredTimeMsPerSecond,0.0
1784197975,8,"Source: Source-data -> LoadJSON, Parse, _stream_key_by_map_operator",2,busyTimeMsPerSecond,0.0
1784197975,8,"Source: Source-data -> LoadJSON, Parse, _stream_key_by_map_operator",2,numRecordsOutPerSecond,0.0
1784197975,8,"Source: Source-data -> LoadJSON, Parse, _stream_key_by_map_operator",2,idleTimeMsPerSecond,1000.0
1784197975,8,"Source: Source-data -> LoadJSON, Parse, _stream_key_by_map_operator",2,numRecordsOut,6231.0
1784197975,8,"Source: Source-data -> LoadJSON, Parse, _stream_key_by_map_operator",2,numRecordsIn,6231.0
1784197975,8,"Source: Source-data -> LoadJSON, Parse, _stream_key_by_map_operator",2,numRecordsInPerSecond,0.0
1784197975,8,"Source: Source-data -> LoadJSON, Parse, _stream_key_by_map_operator",2,backPressuredTimeMsPerSecond,0.0
1784197975,8,"Source: Source-data -> LoadJSON, Parse, _stream_key_by_map_operator",3,busyTimeMsPerSecond,1.0
1784197975,8,"Source: Source-data -> LoadJSON, Parse, _stream_key_by_map_operator",3,numRecordsOutPerSecond,0.016666666666666666
1784197975,8,"Source: Source-data -> LoadJSON, Parse, _stream_key_by_map_operator",3,idleTimeMsPerSecond,241.0
1784197975,8,"Source: Source-data -> LoadJSON, Parse, _stream_key_by_map_operator",3,numRecordsOut,6021.0
1784197975,8,"Source: Source-data -> LoadJSON, Parse, _stream_key_by_map_operator",3,numRecordsIn,6021.0
1784197975,8,"Source: Source-data -> LoadJSON, Parse, _stream_key_by_map_operator",3,numRecordsInPerSecond,0.016666666666666666
1784197975,8,"Source: Source-data -> LoadJSON, Parse, _stream_key_by_map_operator",3,backPressuredTimeMsPerSecond,758.0
1784197975,8,"Source: Source-data -> LoadJSON, Parse, _stream_key_by_map_operator",4,busyTimeMsPerSecond,7.0
1784197975,8,"Source: Source-data -> LoadJSON, Parse, _stream_key_by_map_operator",4,numRecordsOutPerSecond,0.016666666666666666
1784197975,8,"Source: Source-data -> LoadJSON, Parse, _stream_key_by_map_operator",4,idleTimeMsPerSecond,212.0
1784197975,8,"Source: Source-data -> LoadJSON, Parse, _stream_key_by_map_operator",4,numRecordsOut,6068.0
1784197975,8,"Source: Source-data -> LoadJSON, Parse, _stream_key_by_map_operator",4,numRecordsIn,6068.0
1784197975,8,"Source: Source-data -> LoadJSON, Parse, _stream_key_by_map_operator",4,numRecordsInPerSecond,0.016666666666666666
1784197975,8,"Source: Source-data -> LoadJSON, Parse, _stream_key_by_map_operator",4,backPressuredTimeMsPerSecond,781.0
1784197975,8,"Source: Source-data -> LoadJSON, Parse, _stream_key_by_map_operator",5,busyTimeMsPerSecond,0.0
1784197975,8,"Source: Source-data -> LoadJSON, Parse, _stream_key_by_map_operator",5,numRecordsOutPerSecond,0.0
1784197975,8,"Source: Source-data -> LoadJSON, Parse, _stream_key_by_map_operator",5,idleTimeMsPerSecond,1000.0
1784197975,8,"Source: Source-data -> LoadJSON, Parse, _stream_key_by_map_operator",5,numRecordsOut,6100.0
1784197975,8,"Source: Source-data -> LoadJSON, Parse, _stream_key_by_map_operator",5,numRecordsIn,6100.0
1784197975,8,"Source: Source-data -> LoadJSON, Parse, _stream_key_by_map_operator",5,numRecordsInPerSecond,0.0
1784197975,8,"Source: Source-data -> LoadJSON, Parse, _stream_key_by_map_operator",5,backPressuredTimeMsPerSecond,0.0
1784197975,8,"Source: Source-data -> LoadJSON, Parse, _stream_key_by_map_operator",6,busyTimeMsPerSecond,0.0
1784197975,8,"Source: Source-data -> LoadJSON, Parse, _stream_key_by_map_operator",6,numRecordsOutPerSecond,0.0
1784197975,8,"Source: Source-data -> LoadJSON, Parse, _stream_key_by_map_operator",6,idleTimeMsPerSecond,1000.0
1784197975,8,"Source: Source-data -> LoadJSON, Parse, _stream_key_by_map_operator",6,numRecordsOut,6063.0
1784197975,8,"Source: Source-data -> LoadJSON, Parse, _stream_key_by_map_operator",6,numRecordsIn,6063.0
1784197975,8,"Source: Source-data -> LoadJSON, Parse, _stream_key_by_map_operator",6,numRecordsInPerSecond,0.0
1784197975,8,"Source: Source-data -> LoadJSON, Parse, _stream_key_by_map_operator",6,backPressuredTimeMsPerSecond,0.0
1784197975,8,"Source: Source-data -> LoadJSON, Parse, _stream_key_by_map_operator",7,busyTimeMsPerSecond,1.0
1784197975,8,"Source: Source-data -> LoadJSON, Parse, _stream_key_by_map_operator",7,numRecordsOutPerSecond,0.016666666666666666
1784197975,8,"Source: Source-data -> LoadJSON, Parse, _stream_key_by_map_operator",7,idleTimeMsPerSecond,999.0
1784197975,8,"Source: Source-data -> LoadJSON, Parse, _stream_key_by_map_operator",7,numRecordsOut,5969.0
1784197975,8,"Source: Source-data -> LoadJSON, Parse, _stream_key_by_map_operator",7,numRecordsIn,5969.0
1784197975,8,"Source: Source-data -> LoadJSON, Parse, _stream_key_by_map_operator",7,numRecordsInPerSecond,0.016666666666666666
1784197975,8,"Source: Source-data -> LoadJSON, Parse, _stream_key_by_map_operator",7,backPressuredTimeMsPerSecond,0.0
1784197975,8,"KEYED PROCESS, Parse->Train, _stream_key_by_map_operator",0,busyTimeMsPerSecond,493.0
1784197975,8,"KEYED PROCESS, Parse->Train, _stream_key_by_map_operator",0,numRecordsOutPerSecond,0.15
1784197975,8,"KEYED PROCESS, Parse->Train, _stream_key_by_map_operator",0,idleTimeMsPerSecond,0.0
1784197975,8,"KEYED PROCESS, Parse->Train, _stream_key_by_map_operator",0,numRecordsOut,158.0
1784197975,8,"KEYED PROCESS, Parse->Train, _stream_key_by_map_operator",0,numRecordsIn,159.0
1784197975,8,"KEYED PROCESS, Parse->Train, _stream_key_by_map_operator",0,numRecordsInPerSecond,0.15
1784197975,8,"KEYED PROCESS, Parse->Train, _stream_key_by_map_operator",0,backPressuredTimeMsPerSecond,507.0
1784197975,8,"KEYED PROCESS, Parse->Train, _stream_key_by_map_operator",1,busyTimeMsPerSecond,580.0
1784197975,8,"KEYED PROCESS, Parse->Train, _stream_key_by_map_operator",1,numRecordsOutPerSecond,0.21666666666666667
1784197975,8,"KEYED PROCESS, Parse->Train, _stream_key_by_map_operator",1,idleTimeMsPerSecond,0.0
1784197975,8,"KEYED PROCESS, Parse->Train, _stream_key_by_map_operator",1,numRecordsOut,162.0
1784197975,8,"KEYED PROCESS, Parse->Train, _stream_key_by_map_operator",1,numRecordsIn,163.0
1784197975,8,"KEYED PROCESS, Parse->Train, _stream_key_by_map_operator",1,numRecordsInPerSecond,0.21666666666666667
1784197975,8,"KEYED PROCESS, Parse->Train, _stream_key_by_map_operator",1,backPressuredTimeMsPerSecond,420.0
1784197975,8,"KEYED PROCESS, Parse->Train, _stream_key_by_map_operator",2,busyTimeMsPerSecond,365.0
1784197975,8,"KEYED PROCESS, Parse->Train, _stream_key_by_map_operator",2,numRecordsOutPerSecond,0.11666666666666667
1784197975,8,"KEYED PROCESS, Parse->Train, _stream_key_by_map_operator",2,idleTimeMsPerSecond,0.0
1784197975,8,"KEYED PROCESS, Parse->Train, _stream_key_by_map_operator",2,numRecordsOut,114.0
1784197975,8,"KEYED PROCESS, Parse->Train, _stream_key_by_map_operator",2,numRecordsIn,115.0
1784197975,8,"KEYED PROCESS, Parse->Train, _stream_key_by_map_operator",2,numRecordsInPerSecond,0.11666666666666667
1784197975,8,"KEYED PROCESS, Parse->Train, _stream_key_by_map_operator",2,backPressuredTimeMsPerSecond,635.0
1784197975,8,"KEYED PROCESS, Parse->Train, _stream_key_by_map_operator",3,busyTimeMsPerSecond,0.0
1784197975,8,"KEYED PROCESS, Parse->Train, _stream_key_by_map_operator",3,numRecordsOutPerSecond,0.0
1784197975,8,"KEYED PROCESS, Parse->Train, _stream_key_by_map_operator",3,idleTimeMsPerSecond,1000.0
1784197975,8,"KEYED PROCESS, Parse->Train, _stream_key_by_map_operator",3,numRecordsOut,0.0
1784197975,8,"KEYED PROCESS, Parse->Train, _stream_key_by_map_operator",3,numRecordsIn,0.0
1784197975,8,"KEYED PROCESS, Parse->Train, _stream_key_by_map_operator",3,numRecordsInPerSecond,0.0
1784197975,8,"KEYED PROCESS, Parse->Train, _stream_key_by_map_operator",3,backPressuredTimeMsPerSecond,0.0
1784197975,8,"KEYED PROCESS, Parse->Train, _stream_key_by_map_operator",4,busyTimeMsPerSecond,583.0
1784197975,8,"KEYED PROCESS, Parse->Train, _stream_key_by_map_operator",4,numRecordsOutPerSecond,0.21666666666666667
1784197975,8,"KEYED PROCESS, Parse->Train, _stream_key_by_map_operator",4,idleTimeMsPerSecond,0.0
1784197975,8,"KEYED PROCESS, Parse->Train, _stream_key_by_map_operator",4,numRecordsOut,186.0
1784197975,8,"KEYED PROCESS, Parse->Train, _stream_key_by_map_operator",4,numRecordsIn,187.0
1784197975,8,"KEYED PROCESS, Parse->Train, _stream_key_by_map_operator",4,numRecordsInPerSecond,0.21666666666666667
1784197975,8,"KEYED PROCESS, Parse->Train, _stream_key_by_map_operator",4,backPressuredTimeMsPerSecond,417.0
1784197975,8,"KEYED PROCESS, Parse->Train, _stream_key_by_map_operator",5,busyTimeMsPerSecond,0.0
1784197975,8,"KEYED PROCESS, Parse->Train, _stream_key_by_map_operator",5,numRecordsOutPerSecond,0.0
1784197975,8,"KEYED PROCESS, Parse->Train, _stream_key_by_map_operator",5,idleTimeMsPerSecond,1000.0
1784197975,8,"KEYED PROCESS, Parse->Train, _stream_key_by_map_operator",5,numRecordsOut,0.0
1784197975,8,"KEYED PROCESS, Parse->Train, _stream_key_by_map_operator",5,numRecordsIn,0.0
1784197975,8,"KEYED PROCESS, Parse->Train, _stream_key_by_map_operator",5,numRecordsInPerSecond,0.0
1784197975,8,"KEYED PROCESS, Parse->Train, _stream_key_by_map_operator",5,backPressuredTimeMsPerSecond,0.0
1784197975,8,"KEYED PROCESS, Parse->Train, _stream_key_by_map_operator",6,busyTimeMsPerSecond,0.0
1784197975,8,"KEYED PROCESS, Parse->Train, _stream_key_by_map_operator",6,numRecordsOutPerSecond,0.0
1784197975,8,"KEYED PROCESS, Parse->Train, _stream_key_by_map_operator",6,idleTimeMsPerSecond,1000.0
1784197975,8,"KEYED PROCESS, Parse->Train, _stream_key_by_map_operator",6,numRecordsOut,0.0
1784197975,8,"KEYED PROCESS, Parse->Train, _stream_key_by_map_operator",6,numRecordsIn,0.0
1784197975,8,"KEYED PROCESS, Parse->Train, _stream_key_by_map_operator",6,numRecordsInPerSecond,0.0
1784197975,8,"KEYED PROCESS, Parse->Train, _stream_key_by_map_operator",6,backPressuredTimeMsPerSecond,0.0
1784197975,8,"KEYED PROCESS, Parse->Train, _stream_key_by_map_operator",7,busyTimeMsPerSecond,178.0
1784197975,8,"KEYED PROCESS, Parse->Train, _stream_key_by_map_operator",7,numRecordsOutPerSecond,0.06666666666666667
1784197975,8,"KEYED PROCESS, Parse->Train, _stream_key_by_map_operator",7,idleTimeMsPerSecond,0.0
1784197975,8,"KEYED PROCESS, Parse->Train, _stream_key_by_map_operator",7,numRecordsOut,127.0
1784197975,8,"KEYED PROCESS, Parse->Train, _stream_key_by_map_operator",7,numRecordsIn,128.0
1784197975,8,"KEYED PROCESS, Parse->Train, _stream_key_by_map_operator",7,numRecordsInPerSecond,0.06666666666666667
1784197975,8,"KEYED PROCESS, Parse->Train, _stream_key_by_map_operator",7,backPressuredTimeMsPerSecond,822.0
1784197975,8,"KEYED PROCESS, Train->Infer, _stream_key_by_map_operator",0,busyTimeMsPerSecond,598.0
1784197975,8,"KEYED PROCESS, Train->Infer, _stream_key_by_map_operator",0,numRecordsOutPerSecond,50.0
1784197975,8,"KEYED PROCESS, Train->Infer, _stream_key_by_map_operator",0,idleTimeMsPerSecond,402.0
1784197975,8,"KEYED PROCESS, Train->Infer, _stream_key_by_map_operator",0,numRecordsOut,32060.0
1784197975,8,"KEYED PROCESS, Train->Infer, _stream_key_by_map_operator",0,numRecordsIn,124.0
1784197975,8,"KEYED PROCESS, Train->Infer, _stream_key_by_map_operator",0,numRecordsInPerSecond,0.1
1784197975,8,"KEYED PROCESS, Train->Infer, _stream_key_by_map_operator",0,backPressuredTimeMsPerSecond,0.0
1784197975,8,"KEYED PROCESS, Train->Infer, _stream_key_by_map_operator",1,busyTimeMsPerSecond,516.0
1784197975,8,"KEYED PROCESS, Train->Infer, _stream_key_by_map_operator",1,numRecordsOutPerSecond,41.666666666666664
1784197975,8,"KEYED PROCESS, Train->Infer, _stream_key_by_map_operator",1,idleTimeMsPerSecond,484.0
1784197975,8,"KEYED PROCESS, Train->Infer, _stream_key_by_map_operator",1,numRecordsOut,28559.0
1784197975,8,"KEYED PROCESS, Train->Infer, _stream_key_by_map_operator",1,numRecordsIn,118.0
1784197975,8,"KEYED PROCESS, Train->Infer, _stream_key_by_map_operator",1,numRecordsInPerSecond,0.08333333333333333
1784197975,8,"KEYED PROCESS, Train->Infer, _stream_key_by_map_operator",1,backPressuredTimeMsPerSecond,0.0
1784197975,8,"KEYED PROCESS, Train->Infer, _stream_key_by_map_operator",2,busyTimeMsPerSecond,538.0
1784197975,8,"KEYED PROCESS, Train->Infer, _stream_key_by_map_operator",2,numRecordsOutPerSecond,58.333333333333336
1784197975,8,"KEYED PROCESS, Train->Infer, _stream_key_by_map_operator",2,idleTimeMsPerSecond,0.0
1784197975,8,"KEYED PROCESS, Train->Infer, _stream_key_by_map_operator",2,numRecordsOut,35015.0
1784197975,8,"KEYED PROCESS, Train->Infer, _stream_key_by_map_operator",2,numRecordsIn,86.0
1784197975,8,"KEYED PROCESS, Train->Infer, _stream_key_by_map_operator",2,numRecordsInPerSecond,0.13333333333333333
1784197975,8,"KEYED PROCESS, Train->Infer, _stream_key_by_map_operator",2,backPressuredTimeMsPerSecond,462.0
1784197975,8,"KEYED PROCESS, Train->Infer, _stream_key_by_map_operator",3,busyTimeMsPerSecond,520.0
1784197975,8,"KEYED PROCESS, Train->Infer, _stream_key_by_map_operator",3,numRecordsOutPerSecond,58.333333333333336
1784197975,8,"KEYED PROCESS, Train->Infer, _stream_key_by_map_operator",3,idleTimeMsPerSecond,480.0
1784197975,8,"KEYED PROCESS, Train->Infer, _stream_key_by_map_operator",3,numRecordsOut,34000.0
1784197975,8,"KEYED PROCESS, Train->Infer, _stream_key_by_map_operator",3,numRecordsIn,68.0
1784197975,8,"KEYED PROCESS, Train->Infer, _stream_key_by_map_operator",3,numRecordsInPerSecond,0.11666666666666667
1784197975,8,"KEYED PROCESS, Train->Infer, _stream_key_by_map_operator",3,backPressuredTimeMsPerSecond,0.0
1784197975,8,"KEYED PROCESS, Train->Infer, _stream_key_by_map_operator",4,busyTimeMsPerSecond,171.0
1784197975,8,"KEYED PROCESS, Train->Infer, _stream_key_by_map_operator",4,numRecordsOutPerSecond,16.666666666666668
1784197975,8,"KEYED PROCESS, Train->Infer, _stream_key_by_map_operator",4,idleTimeMsPerSecond,829.0
1784197975,8,"KEYED PROCESS, Train->Infer, _stream_key_by_map_operator",4,numRecordsOut,23575.0
1784197975,8,"KEYED PROCESS, Train->Infer, _stream_key_by_map_operator",4,numRecordsIn,122.0
1784197975,8,"KEYED PROCESS, Train->Infer, _stream_key_by_map_operator",4,numRecordsInPerSecond,0.03333333333333333
1784197975,8,"KEYED PROCESS, Train->Infer, _stream_key_by_map_operator",4,backPressuredTimeMsPerSecond,0.0
1784197975,8,"KEYED PROCESS, Train->Infer, _stream_key_by_map_operator",5,busyTimeMsPerSecond,473.0
1784197975,8,"KEYED PROCESS, Train->Infer, _stream_key_by_map_operator",5,numRecordsOutPerSecond,58.333333333333336
1784197975,8,"KEYED PROCESS, Train->Infer, _stream_key_by_map_operator",5,idleTimeMsPerSecond,527.0
1784197975,8,"KEYED PROCESS, Train->Infer, _stream_key_by_map_operator",5,numRecordsOut,31000.0
1784197975,8,"KEYED PROCESS, Train->Infer, _stream_key_by_map_operator",5,numRecordsIn,62.0
1784197975,8,"KEYED PROCESS, Train->Infer, _stream_key_by_map_operator",5,numRecordsInPerSecond,0.11666666666666667
1784197975,8,"KEYED PROCESS, Train->Infer, _stream_key_by_map_operator",5,backPressuredTimeMsPerSecond,0.0
1784197975,8,"KEYED PROCESS, Train->Infer, _stream_key_by_map_operator",6,busyTimeMsPerSecond,311.0
1784197975,8,"KEYED PROCESS, Train->Infer, _stream_key_by_map_operator",6,numRecordsOutPerSecond,33.333333333333336
1784197975,8,"KEYED PROCESS, Train->Infer, _stream_key_by_map_operator",6,idleTimeMsPerSecond,689.0
1784197975,8,"KEYED PROCESS, Train->Infer, _stream_key_by_map_operator",6,numRecordsOut,34500.0
1784197975,8,"KEYED PROCESS, Train->Infer, _stream_key_by_map_operator",6,numRecordsIn,70.0
1784197975,8,"KEYED PROCESS, Train->Infer, _stream_key_by_map_operator",6,numRecordsInPerSecond,0.08333333333333333
1784197975,8,"KEYED PROCESS, Train->Infer, _stream_key_by_map_operator",6,backPressuredTimeMsPerSecond,0.0
1784197975,8,"KEYED PROCESS, Train->Infer, _stream_key_by_map_operator",7,busyTimeMsPerSecond,150.0
1784197975,8,"KEYED PROCESS, Train->Infer, _stream_key_by_map_operator",7,numRecordsOutPerSecond,16.666666666666668
1784197975,8,"KEYED PROCESS, Train->Infer, _stream_key_by_map_operator",7,idleTimeMsPerSecond,850.0
1784197975,8,"KEYED PROCESS, Train->Infer, _stream_key_by_map_operator",7,numRecordsOut,31030.0
1784197975,8,"KEYED PROCESS, Train->Infer, _stream_key_by_map_operator",7,numRecordsIn,92.0
1784197975,8,"KEYED PROCESS, Train->Infer, _stream_key_by_map_operator",7,numRecordsInPerSecond,0.03333333333333333
1784197975,8,"KEYED PROCESS, Train->Infer, _stream_key_by_map_operator",7,backPressuredTimeMsPerSecond,0.0
1784197975,8,"Infer->Rank, Rank->Filter, Filter -> Sink: Writer -> Sink: Committer",0,busyTimeMsPerSecond,751.0
1784197975,8,"Infer->Rank, Rank->Filter, Filter -> Sink: Writer -> Sink: Committer",0,numRecordsOutPerSecond,40.166666666666664
1784197975,8,"Infer->Rank, Rank->Filter, Filter -> Sink: Writer -> Sink: Committer",0,idleTimeMsPerSecond,249.0
1784197975,8,"Infer->Rank, Rank->Filter, Filter -> Sink: Writer -> Sink: Committer",0,numRecordsOut,27994.0
1784197975,8,"Infer->Rank, Rank->Filter, Filter -> Sink: Writer -> Sink: Committer",0,numRecordsIn,31561.0
1784197975,8,"Infer->Rank, Rank->Filter, Filter -> Sink: Writer -> Sink: Committer",0,numRecordsInPerSecond,40.28333333333333
1784197975,8,"Infer->Rank, Rank->Filter, Filter -> Sink: Writer -> Sink: Committer",0,backPressuredTimeMsPerSecond,0.0
1784197975,8,"Infer->Rank, Rank->Filter, Filter -> Sink: Writer -> Sink: Committer",1,busyTimeMsPerSecond,511.0
1784197975,8,"Infer->Rank, Rank->Filter, Filter -> Sink: Writer -> Sink: Committer",1,numRecordsOutPerSecond,23.166666666666668
1784197975,8,"Infer->Rank, Rank->Filter, Filter -> Sink: Writer -> Sink: Committer",1,idleTimeMsPerSecond,489.0
1784197975,8,"Infer->Rank, Rank->Filter, Filter -> Sink: Writer -> Sink: Committer",1,numRecordsOut,25400.0
1784197975,8,"Infer->Rank, Rank->Filter, Filter -> Sink: Writer -> Sink: Committer",1,numRecordsIn,27478.0
1784197975,8,"Infer->Rank, Rank->Filter, Filter -> Sink: Writer -> Sink: Committer",1,numRecordsInPerSecond,23.3
1784197975,8,"Infer->Rank, Rank->Filter, Filter -> Sink: Writer -> Sink: Committer",1,backPressuredTimeMsPerSecond,0.0
1784197975,8,"Infer->Rank, Rank->Filter, Filter -> Sink: Writer -> Sink: Committer",2,busyTimeMsPerSecond,1000.0
1784197975,8,"Infer->Rank, Rank->Filter, Filter -> Sink: Writer -> Sink: Committer",2,numRecordsOutPerSecond,40.333333333333336
1784197975,8,"Infer->Rank, Rank->Filter, Filter -> Sink: Writer -> Sink: Committer",2,idleTimeMsPerSecond,0.0
1784197975,8,"Infer->Rank, Rank->Filter, Filter -> Sink: Writer -> Sink: Committer",2,numRecordsOut,26850.0
1784197975,8,"Infer->Rank, Rank->Filter, Filter -> Sink: Writer -> Sink: Committer",2,numRecordsIn,31868.0
1784197975,8,"Infer->Rank, Rank->Filter, Filter -> Sink: Writer -> Sink: Committer",2,numRecordsInPerSecond,57.083333333333336
1784197975,8,"Infer->Rank, Rank->Filter, Filter -> Sink: Writer -> Sink: Committer",2,backPressuredTimeMsPerSecond,0.0
1784197975,8,"Infer->Rank, Rank->Filter, Filter -> Sink: Writer -> Sink: Committer",3,busyTimeMsPerSecond,594.0
1784197975,8,"Infer->Rank, Rank->Filter, Filter -> Sink: Writer -> Sink: Committer",3,numRecordsOutPerSecond,36.5
1784197975,8,"Infer->Rank, Rank->Filter, Filter -> Sink: Writer -> Sink: Committer",3,idleTimeMsPerSecond,406.0
1784197975,8,"Infer->Rank, Rank->Filter, Filter -> Sink: Writer -> Sink: Committer",3,numRecordsOut,30320.0
1784197975,8,"Infer->Rank, Rank->Filter, Filter -> Sink: Writer -> Sink: Committer",3,numRecordsIn,33323.0
1784197975,8,"Infer->Rank, Rank->Filter, Filter -> Sink: Writer -> Sink: Committer",3,numRecordsInPerSecond,44.9
1784197975,8,"Infer->Rank, Rank->Filter, Filter -> Sink: Writer -> Sink: Committer",3,backPressuredTimeMsPerSecond,0.0
1784197975,8,"Infer->Rank, Rank->Filter, Filter -> Sink: Writer -> Sink: Committer",4,busyTimeMsPerSecond,292.0
1784197975,8,"Infer->Rank, Rank->Filter, Filter -> Sink: Writer -> Sink: Committer",4,numRecordsOutPerSecond,16.666666666666668
1784197975,8,"Infer->Rank, Rank->Filter, Filter -> Sink: Writer -> Sink: Committer",4,idleTimeMsPerSecond,708.0
1784197975,8,"Infer->Rank, Rank->Filter, Filter -> Sink: Writer -> Sink: Committer",4,numRecordsOut,22990.0
1784197975,8,"Infer->Rank, Rank->Filter, Filter -> Sink: Writer -> Sink: Committer",4,numRecordsIn,23575.0
1784197975,8,"Infer->Rank, Rank->Filter, Filter -> Sink: Writer -> Sink: Committer",4,numRecordsInPerSecond,16.666666666666668
1784197975,8,"Infer->Rank, Rank->Filter, Filter -> Sink: Writer -> Sink: Committer",4,backPressuredTimeMsPerSecond,0.0
1784197975,8,"Infer->Rank, Rank->Filter, Filter -> Sink: Writer -> Sink: Committer",5,busyTimeMsPerSecond,550.0
1784197975,8,"Infer->Rank, Rank->Filter, Filter -> Sink: Writer -> Sink: Committer",5,numRecordsOutPerSecond,35.333333333333336
1784197975,8,"Infer->Rank, Rank->Filter, Filter -> Sink: Writer -> Sink: Committer",5,idleTimeMsPerSecond,450.0
1784197975,8,"Infer->Rank, Rank->Filter, Filter -> Sink: Writer -> Sink: Committer",5,numRecordsOut,27240.0
1784197975,8,"Infer->Rank, Rank->Filter, Filter -> Sink: Writer -> Sink: Committer",5,numRecordsIn,30247.0
1784197975,8,"Infer->Rank, Rank->Filter, Filter -> Sink: Writer -> Sink: Committer",5,numRecordsInPerSecond,43.71666666666667
1784197975,8,"Infer->Rank, Rank->Filter, Filter -> Sink: Writer -> Sink: Committer",5,backPressuredTimeMsPerSecond,0.0
1784197975,8,"Infer->Rank, Rank->Filter, Filter -> Sink: Writer -> Sink: Committer",6,busyTimeMsPerSecond,603.0
1784197975,8,"Infer->Rank, Rank->Filter, Filter -> Sink: Writer -> Sink: Committer",6,numRecordsOutPerSecond,46.833333333333336
1784197975,8,"Infer->Rank, Rank->Filter, Filter -> Sink: Writer -> Sink: Committer",6,idleTimeMsPerSecond,397.0
1784197975,8,"Infer->Rank, Rank->Filter, Filter -> Sink: Writer -> Sink: Committer",6,numRecordsOut,29500.0
1784197975,8,"Infer->Rank, Rank->Filter, Filter -> Sink: Writer -> Sink: Committer",6,numRecordsIn,34500.0
1784197975,8,"Infer->Rank, Rank->Filter, Filter -> Sink: Writer -> Sink: Committer",6,numRecordsInPerSecond,55.016666666666666
1784197975,8,"Infer->Rank, Rank->Filter, Filter -> Sink: Writer -> Sink: Committer",6,backPressuredTimeMsPerSecond,0.0
1784197975,8,"Infer->Rank, Rank->Filter, Filter -> Sink: Writer -> Sink: Committer",7,busyTimeMsPerSecond,92.0
1784197975,8,"Infer->Rank, Rank->Filter, Filter -> Sink: Writer -> Sink: Committer",7,numRecordsOutPerSecond,10.0
1784197975,8,"Infer->Rank, Rank->Filter, Filter -> Sink: Writer -> Sink: Committer",7,idleTimeMsPerSecond,908.0
1784197975,8,"Infer->Rank, Rank->Filter, Filter -> Sink: Writer -> Sink: Committer",7,numRecordsOut,30210.0
1784197975,8,"Infer->Rank, Rank->Filter, Filter -> Sink: Writer -> Sink: Committer",7,numRecordsIn,30755.0
1784197975,8,"Infer->Rank, Rank->Filter, Filter -> Sink: Writer -> Sink: Committer",7,numRecordsInPerSecond,10.116666666666667
1784197975,8,"Infer->Rank, Rank->Filter, Filter -> Sink: Writer -> Sink: Committer",7,backPressuredTimeMsPerSecond,0.0
1784197990,8,"Source: Source-data -> LoadJSON, Parse, _stream_key_by_map_operator",0,busyTimeMsPerSecond,0.0
1784197990,8,"Source: Source-data -> LoadJSON, Parse, _stream_key_by_map_operator",0,numRecordsOutPerSecond,0.016666666666666666
1784197990,8,"Source: Source-data -> LoadJSON, Parse, _stream_key_by_map_operator",0,idleTimeMsPerSecond,1000.0
1784197990,8,"Source: Source-data -> LoadJSON, Parse, _stream_key_by_map_operator",0,numRecordsOut,6130.0
1784197990,8,"Source: Source-data -> LoadJSON, Parse, _stream_key_by_map_operator",0,numRecordsIn,6130.0
1784197990,8,"Source: Source-data -> LoadJSON, Parse, _stream_key_by_map_operator",0,numRecordsInPerSecond,0.016666666666666666
1784197990,8,"Source: Source-data -> LoadJSON, Parse, _stream_key_by_map_operator",0,backPressuredTimeMsPerSecond,0.0
1784197990,8,"Source: Source-data -> LoadJSON, Parse, _stream_key_by_map_operator",1,busyTimeMsPerSecond,7.0
1784197990,8,"Source: Source-data -> LoadJSON, Parse, _stream_key_by_map_operator",1,numRecordsOutPerSecond,0.016666666666666666
1784197990,8,"Source: Source-data -> LoadJSON, Parse, _stream_key_by_map_operator",1,idleTimeMsPerSecond,993.0
1784197990,8,"Source: Source-data -> LoadJSON, Parse, _stream_key_by_map_operator",1,numRecordsOut,6024.0
1784197990,8,"Source: Source-data -> LoadJSON, Parse, _stream_key_by_map_operator",1,numRecordsIn,6024.0
1784197990,8,"Source: Source-data -> LoadJSON, Parse, _stream_key_by_map_operator",1,numRecordsInPerSecond,0.016666666666666666
1784197990,8,"Source: Source-data -> LoadJSON, Parse, _stream_key_by_map_operator",1,backPressuredTimeMsPerSecond,0.0
1784197990,8,"Source: Source-data -> LoadJSON, Parse, _stream_key_by_map_operator",2,busyTimeMsPerSecond,0.0
1784197990,8,"Source: Source-data -> LoadJSON, Parse, _stream_key_by_map_operator",2,numRecordsOutPerSecond,0.0
1784197990,8,"Source: Source-data -> LoadJSON, Parse, _stream_key_by_map_operator",2,idleTimeMsPerSecond,1000.0
1784197990,8,"Source: Source-data -> LoadJSON, Parse, _stream_key_by_map_operator",2,numRecordsOut,6231.0
1784197990,8,"Source: Source-data -> LoadJSON, Parse, _stream_key_by_map_operator",2,numRecordsIn,6231.0
1784197990,8,"Source: Source-data -> LoadJSON, Parse, _stream_key_by_map_operator",2,numRecordsInPerSecond,0.0
1784197990,8,"Source: Source-data -> LoadJSON, Parse, _stream_key_by_map_operator",2,backPressuredTimeMsPerSecond,0.0
1784197990,8,"Source: Source-data -> LoadJSON, Parse, _stream_key_by_map_operator",3,busyTimeMsPerSecond,1.0
1784197990,8,"Source: Source-data -> LoadJSON, Parse, _stream_key_by_map_operator",3,numRecordsOutPerSecond,0.016666666666666666
1784197990,8,"Source: Source-data -> LoadJSON, Parse, _stream_key_by_map_operator",3,idleTimeMsPerSecond,241.0
1784197990,8,"Source: Source-data -> LoadJSON, Parse, _stream_key_by_map_operator",3,numRecordsOut,6021.0
1784197990,8,"Source: Source-data -> LoadJSON, Parse, _stream_key_by_map_operator",3,numRecordsIn,6021.0
1784197990,8,"Source: Source-data -> LoadJSON, Parse, _stream_key_by_map_operator",3,numRecordsInPerSecond,0.016666666666666666
1784197990,8,"Source: Source-data -> LoadJSON, Parse, _stream_key_by_map_operator",3,backPressuredTimeMsPerSecond,758.0
1784197990,8,"Source: Source-data -> LoadJSON, Parse, _stream_key_by_map_operator",4,busyTimeMsPerSecond,7.0
1784197990,8,"Source: Source-data -> LoadJSON, Parse, _stream_key_by_map_operator",4,numRecordsOutPerSecond,0.016666666666666666
1784197990,8,"Source: Source-data -> LoadJSON, Parse, _stream_key_by_map_operator",4,idleTimeMsPerSecond,212.0
1784197990,8,"Source: Source-data -> LoadJSON, Parse, _stream_key_by_map_operator",4,numRecordsOut,6068.0
1784197990,8,"Source: Source-data -> LoadJSON, Parse, _stream_key_by_map_operator",4,numRecordsIn,6068.0
1784197990,8,"Source: Source-data -> LoadJSON, Parse, _stream_key_by_map_operator",4,numRecordsInPerSecond,0.016666666666666666
1784197990,8,"Source: Source-data -> LoadJSON, Parse, _stream_key_by_map_operator",4,backPressuredTimeMsPerSecond,781.0
1784197990,8,"Source: Source-data -> LoadJSON, Parse, _stream_key_by_map_operator",5,busyTimeMsPerSecond,0.0
1784197990,8,"Source: Source-data -> LoadJSON, Parse, _stream_key_by_map_operator",5,numRecordsOutPerSecond,0.0
1784197990,8,"Source: Source-data -> LoadJSON, Parse, _stream_key_by_map_operator",5,idleTimeMsPerSecond,1000.0
1784197990,8,"Source: Source-data -> LoadJSON, Parse, _stream_key_by_map_operator",5,numRecordsOut,6100.0
1784197990,8,"Source: Source-data -> LoadJSON, Parse, _stream_key_by_map_operator",5,numRecordsIn,6100.0
1784197990,8,"Source: Source-data -> LoadJSON, Parse, _stream_key_by_map_operator",5,numRecordsInPerSecond,0.0
1784197990,8,"Source: Source-data -> LoadJSON, Parse, _stream_key_by_map_operator",5,backPressuredTimeMsPerSecond,0.0
1784197990,8,"Source: Source-data -> LoadJSON, Parse, _stream_key_by_map_operator",6,busyTimeMsPerSecond,0.0
1784197990,8,"Source: Source-data -> LoadJSON, Parse, _stream_key_by_map_operator",6,numRecordsOutPerSecond,0.0
1784197990,8,"Source: Source-data -> LoadJSON, Parse, _stream_key_by_map_operator",6,idleTimeMsPerSecond,1000.0
1784197990,8,"Source: Source-data -> LoadJSON, Parse, _stream_key_by_map_operator",6,numRecordsOut,6063.0
1784197990,8,"Source: Source-data -> LoadJSON, Parse, _stream_key_by_map_operator",6,numRecordsIn,6063.0
1784197990,8,"Source: Source-data -> LoadJSON, Parse, _stream_key_by_map_operator",6,numRecordsInPerSecond,0.0
1784197990,8,"Source: Source-data -> LoadJSON, Parse, _stream_key_by_map_operator",6,backPressuredTimeMsPerSecond,0.0
1784197990,8,"Source: Source-data -> LoadJSON, Parse, _stream_key_by_map_operator",7,busyTimeMsPerSecond,1.0
1784197990,8,"Source: Source-data -> LoadJSON, Parse, _stream_key_by_map_operator",7,numRecordsOutPerSecond,0.016666666666666666
1784197990,8,"Source: Source-data -> LoadJSON, Parse, _stream_key_by_map_operator",7,idleTimeMsPerSecond,999.0
1784197990,8,"Source: Source-data -> LoadJSON, Parse, _stream_key_by_map_operator",7,numRecordsOut,5969.0
1784197990,8,"Source: Source-data -> LoadJSON, Parse, _stream_key_by_map_operator",7,numRecordsIn,5969.0
1784197990,8,"Source: Source-data -> LoadJSON, Parse, _stream_key_by_map_operator",7,numRecordsInPerSecond,0.016666666666666666
1784197990,8,"Source: Source-data -> LoadJSON, Parse, _stream_key_by_map_operator",7,backPressuredTimeMsPerSecond,0.0
1784197990,8,"KEYED PROCESS, Parse->Train, _stream_key_by_map_operator",0,busyTimeMsPerSecond,493.0
1784197990,8,"KEYED PROCESS, Parse->Train, _stream_key_by_map_operator",0,numRecordsOutPerSecond,0.15
1784197990,8,"KEYED PROCESS, Parse->Train, _stream_key_by_map_operator",0,idleTimeMsPerSecond,0.0
1784197990,8,"KEYED PROCESS, Parse->Train, _stream_key_by_map_operator",0,numRecordsOut,158.0
1784197990,8,"KEYED PROCESS, Parse->Train, _stream_key_by_map_operator",0,numRecordsIn,159.0
1784197990,8,"KEYED PROCESS, Parse->Train, _stream_key_by_map_operator",0,numRecordsInPerSecond,0.15
1784197990,8,"KEYED PROCESS, Parse->Train, _stream_key_by_map_operator",0,backPressuredTimeMsPerSecond,507.0
1784197990,8,"KEYED PROCESS, Parse->Train, _stream_key_by_map_operator",1,busyTimeMsPerSecond,580.0
1784197990,8,"KEYED PROCESS, Parse->Train, _stream_key_by_map_operator",1,numRecordsOutPerSecond,0.21666666666666667
1784197990,8,"KEYED PROCESS, Parse->Train, _stream_key_by_map_operator",1,idleTimeMsPerSecond,0.0
1784197990,8,"KEYED PROCESS, Parse->Train, _stream_key_by_map_operator",1,numRecordsOut,162.0
1784197990,8,"KEYED PROCESS, Parse->Train, _stream_key_by_map_operator",1,numRecordsIn,163.0
1784197990,8,"KEYED PROCESS, Parse->Train, _stream_key_by_map_operator",1,numRecordsInPerSecond,0.21666666666666667
1784197990,8,"KEYED PROCESS, Parse->Train, _stream_key_by_map_operator",1,backPressuredTimeMsPerSecond,420.0
1784197990,8,"KEYED PROCESS, Parse->Train, _stream_key_by_map_operator",2,busyTimeMsPerSecond,365.0
1784197990,8,"KEYED PROCESS, Parse->Train, _stream_key_by_map_operator",2,numRecordsOutPerSecond,0.11666666666666667
1784197990,8,"KEYED PROCESS, Parse->Train, _stream_key_by_map_operator",2,idleTimeMsPerSecond,0.0
1784197990,8,"KEYED PROCESS, Parse->Train, _stream_key_by_map_operator",2,numRecordsOut,114.0
1784197990,8,"KEYED PROCESS, Parse->Train, _stream_key_by_map_operator",2,numRecordsIn,115.0
1784197990,8,"KEYED PROCESS, Parse->Train, _stream_key_by_map_operator",2,numRecordsInPerSecond,0.11666666666666667
1784197990,8,"KEYED PROCESS, Parse->Train, _stream_key_by_map_operator",2,backPressuredTimeMsPerSecond,635.0
1784197990,8,"KEYED PROCESS, Parse->Train, _stream_key_by_map_operator",3,busyTimeMsPerSecond,0.0
1784197990,8,"KEYED PROCESS, Parse->Train, _stream_key_by_map_operator",3,numRecordsOutPerSecond,0.0
1784197990,8,"KEYED PROCESS, Parse->Train, _stream_key_by_map_operator",3,idleTimeMsPerSecond,1000.0
1784197990,8,"KEYED PROCESS, Parse->Train, _stream_key_by_map_operator",3,numRecordsOut,0.0
1784197990,8,"KEYED PROCESS, Parse->Train, _stream_key_by_map_operator",3,numRecordsIn,0.0
1784197990,8,"KEYED PROCESS, Parse->Train, _stream_key_by_map_operator",3,numRecordsInPerSecond,0.0
1784197990,8,"KEYED PROCESS, Parse->Train, _stream_key_by_map_operator",3,backPressuredTimeMsPerSecond,0.0
1784197990,8,"KEYED PROCESS, Parse->Train, _stream_key_by_map_operator",4,busyTimeMsPerSecond,583.0
1784197990,8,"KEYED PROCESS, Parse->Train, _stream_key_by_map_operator",4,numRecordsOutPerSecond,0.21666666666666667
1784197990,8,"KEYED PROCESS, Parse->Train, _stream_key_by_map_operator",4,idleTimeMsPerSecond,0.0
1784197990,8,"KEYED PROCESS, Parse->Train, _stream_key_by_map_operator",4,numRecordsOut,186.0
1784197990,8,"KEYED PROCESS, Parse->Train, _stream_key_by_map_operator",4,numRecordsIn,187.0
1784197990,8,"KEYED PROCESS, Parse->Train, _stream_key_by_map_operator",4,numRecordsInPerSecond,0.21666666666666667
1784197990,8,"KEYED PROCESS, Parse->Train, _stream_key_by_map_operator",4,backPressuredTimeMsPerSecond,417.0
1784197990,8,"KEYED PROCESS, Parse->Train, _stream_key_by_map_operator",5,busyTimeMsPerSecond,0.0
1784197990,8,"KEYED PROCESS, Parse->Train, _stream_key_by_map_operator",5,numRecordsOutPerSecond,0.0
1784197990,8,"KEYED PROCESS, Parse->Train, _stream_key_by_map_operator",5,idleTimeMsPerSecond,1000.0
1784197990,8,"KEYED PROCESS, Parse->Train, _stream_key_by_map_operator",5,numRecordsOut,0.0
1784197990,8,"KEYED PROCESS, Parse->Train, _stream_key_by_map_operator",5,numRecordsIn,0.0
1784197990,8,"KEYED PROCESS, Parse->Train, _stream_key_by_map_operator",5,numRecordsInPerSecond,0.0
1784197990,8,"KEYED PROCESS, Parse->Train, _stream_key_by_map_operator",5,backPressuredTimeMsPerSecond,0.0
1784197990,8,"KEYED PROCESS, Parse->Train, _stream_key_by_map_operator",6,busyTimeMsPerSecond,0.0
1784197990,8,"KEYED PROCESS, Parse->Train, _stream_key_by_map_operator",6,numRecordsOutPerSecond,0.0
1784197990,8,"KEYED PROCESS, Parse->Train, _stream_key_by_map_operator",6,idleTimeMsPerSecond,1000.0
1784197990,8,"KEYED PROCESS, Parse->Train, _stream_key_by_map_operator",6,numRecordsOut,0.0
1784197990,8,"KEYED PROCESS, Parse->Train, _stream_key_by_map_operator",6,numRecordsIn,0.0
1784197990,8,"KEYED PROCESS, Parse->Train, _stream_key_by_map_operator",6,numRecordsInPerSecond,0.0
1784197990,8,"KEYED PROCESS, Parse->Train, _stream_key_by_map_operator",6,backPressuredTimeMsPerSecond,0.0
1784197990,8,"KEYED PROCESS, Parse->Train, _stream_key_by_map_operator",7,busyTimeMsPerSecond,178.0
1784197990,8,"KEYED PROCESS, Parse->Train, _stream_key_by_map_operator",7,numRecordsOutPerSecond,0.06666666666666667
1784197990,8,"KEYED PROCESS, Parse->Train, _stream_key_by_map_operator",7,idleTimeMsPerSecond,0.0
1784197990,8,"KEYED PROCESS, Parse->Train, _stream_key_by_map_operator",7,numRecordsOut,127.0
1784197990,8,"KEYED PROCESS, Parse->Train, _stream_key_by_map_operator",7,numRecordsIn,128.0
1784197990,8,"KEYED PROCESS, Parse->Train, _stream_key_by_map_operator",7,numRecordsInPerSecond,0.06666666666666667
1784197990,8,"KEYED PROCESS, Parse->Train, _stream_key_by_map_operator",7,backPressuredTimeMsPerSecond,822.0
1784197990,8,"KEYED PROCESS, Train->Infer, _stream_key_by_map_operator",0,busyTimeMsPerSecond,550.0
1784197990,8,"KEYED PROCESS, Train->Infer, _stream_key_by_map_operator",0,numRecordsOutPerSecond,58.333333333333336
1784197990,8,"KEYED PROCESS, Train->Infer, _stream_key_by_map_operator",0,idleTimeMsPerSecond,450.0
1784197990,8,"KEYED PROCESS, Train->Infer, _stream_key_by_map_operator",0,numRecordsOut,33060.0
1784197990,8,"KEYED PROCESS, Train->Infer, _stream_key_by_map_operator",0,numRecordsIn,126.0
1784197990,8,"KEYED PROCESS, Train->Infer, _stream_key_by_map_operator",0,numRecordsInPerSecond,0.1
1784197990,8,"KEYED PROCESS, Train->Infer, _stream_key_by_map_operator",0,backPressuredTimeMsPerSecond,0.0
1784197990,8,"KEYED PROCESS, Train->Infer, _stream_key_by_map_operator",1,busyTimeMsPerSecond,646.0
1784197990,8,"KEYED PROCESS, Train->Infer, _stream_key_by_map_operator",1,numRecordsOutPerSecond,66.66666666666667
1784197990,8,"KEYED PROCESS, Train->Infer, _stream_key_by_map_operator",1,idleTimeMsPerSecond,354.0
1784197990,8,"KEYED PROCESS, Train->Infer, _stream_key_by_map_operator",1,numRecordsOut,31059.0
1784197990,8,"KEYED PROCESS, Train->Infer, _stream_key_by_map_operator",1,numRecordsIn,122.0
1784197990,8,"KEYED PROCESS, Train->Infer, _stream_key_by_map_operator",1,numRecordsInPerSecond,0.13333333333333333
1784197990,8,"KEYED PROCESS, Train->Infer, _stream_key_by_map_operator",1,backPressuredTimeMsPerSecond,0.0
1784197990,8,"KEYED PROCESS, Train->Infer, _stream_key_by_map_operator",2,busyTimeMsPerSecond,528.0
1784197990,8,"KEYED PROCESS, Train->Infer, _stream_key_by_map_operator",2,numRecordsOutPerSecond,50.0
1784197990,8,"KEYED PROCESS, Train->Infer, _stream_key_by_map_operator",2,idleTimeMsPerSecond,0.0
1784197990,8,"KEYED PROCESS, Train->Infer, _stream_key_by_map_operator",2,numRecordsOut,36015.0
1784197990,8,"KEYED PROCESS, Train->Infer, _stream_key_by_map_operator",2,numRecordsIn,87.0
1784197990,8,"KEYED PROCESS, Train->Infer, _stream_key_by_map_operator",2,numRecordsInPerSecond,0.1
1784197990,8,"KEYED PROCESS, Train->Infer, _stream_key_by_map_operator",2,backPressuredTimeMsPerSecond,472.0
1784197990,8,"KEYED PROCESS, Train->Infer, _stream_key_by_map_operator",3,busyTimeMsPerSecond,546.0
1784197990,8,"KEYED PROCESS, Train->Infer, _stream_key_by_map_operator",3,numRecordsOutPerSecond,58.333333333333336
1784197990,8,"KEYED PROCESS, Train->Infer, _stream_key_by_map_operator",3,idleTimeMsPerSecond,454.0
1784197990,8,"KEYED PROCESS, Train->Infer, _stream_key_by_map_operator",3,numRecordsOut,34500.0
1784197990,8,"KEYED PROCESS, Train->Infer, _stream_key_by_map_operator",3,numRecordsIn,69.0
1784197990,8,"KEYED PROCESS, Train->Infer, _stream_key_by_map_operator",3,numRecordsInPerSecond,0.11666666666666667
1784197990,8,"KEYED PROCESS, Train->Infer, _stream_key_by_map_operator",3,backPressuredTimeMsPerSecond,0.0
1784197990,8,"KEYED PROCESS, Train->Infer, _stream_key_by_map_operator",4,busyTimeMsPerSecond,253.0
1784197990,8,"KEYED PROCESS, Train->Infer, _stream_key_by_map_operator",4,numRecordsOutPerSecond,25.0
1784197990,8,"KEYED PROCESS, Train->Infer, _stream_key_by_map_operator",4,idleTimeMsPerSecond,747.0
1784197990,8,"KEYED PROCESS, Train->Infer, _stream_key_by_map_operator",4,numRecordsOut,24075.0
1784197990,8,"KEYED PROCESS, Train->Infer, _stream_key_by_map_operator",4,numRecordsIn,124.0
1784197990,8,"KEYED PROCESS, Train->Infer, _stream_key_by_map_operator",4,numRecordsInPerSecond,0.05
1784197990,8,"KEYED PROCESS, Train->Infer, _stream_key_by_map_operator",4,backPressuredTimeMsPerSecond,0.0
1784197990,8,"KEYED PROCESS, Train->Infer, _stream_key_by_map_operator",5,busyTimeMsPerSecond,412.0
1784197990,8,"KEYED PROCESS, Train->Infer, _stream_key_by_map_operator",5,numRecordsOutPerSecond,58.333333333333336
1784197990,8,"KEYED PROCESS, Train->Infer, _stream_key_by_map_operator",5,idleTimeMsPerSecond,588.0
1784197990,8,"KEYED PROCESS, Train->Infer, _stream_key_by_map_operator",5,numRecordsOut,31500.0
1784197990,8,"KEYED PROCESS, Train->Infer, _stream_key_by_map_operator",5,numRecordsIn,63.0
1784197990,8,"KEYED PROCESS, Train->Infer, _stream_key_by_map_operator",5,numRecordsInPerSecond,0.1
1784197990,8,"KEYED PROCESS, Train->Infer, _stream_key_by_map_operator",5,backPressuredTimeMsPerSecond,0.0
1784197990,8,"KEYED PROCESS, Train->Infer, _stream_key_by_map_operator",6,busyTimeMsPerSecond,246.0
1784197990,8,"KEYED PROCESS, Train->Infer, _stream_key_by_map_operator",6,numRecordsOutPerSecond,33.333333333333336
1784197990,8,"KEYED PROCESS, Train->Infer, _stream_key_by_map_operator",6,idleTimeMsPerSecond,754.0
1784197990,8,"KEYED PROCESS, Train->Infer, _stream_key_by_map_operator",6,numRecordsOut,35500.0
1784197990,8,"KEYED PROCESS, Train->Infer, _stream_key_by_map_operator",6,numRecordsIn,71.0
1784197990,8,"KEYED PROCESS, Train->Infer, _stream_key_by_map_operator",6,numRecordsInPerSecond,0.05
1784197990,8,"KEYED PROCESS, Train->Infer, _stream_key_by_map_operator",6,backPressuredTimeMsPerSecond,0.0
1784197990,8,"KEYED PROCESS, Train->Infer, _stream_key_by_map_operator",7,busyTimeMsPerSecond,62.0
1784197990,8,"KEYED PROCESS, Train->Infer, _stream_key_by_map_operator",7,numRecordsOutPerSecond,8.333333333333334
1784197990,8,"KEYED PROCESS, Train->Infer, _stream_key_by_map_operator",7,idleTimeMsPerSecond,938.0
1784197990,8,"KEYED PROCESS, Train->Infer, _stream_key_by_map_operator",7,numRecordsOut,31030.0
1784197990,8,"KEYED PROCESS, Train->Infer, _stream_key_by_map_operator",7,numRecordsIn,92.0
1784197990,8,"KEYED PROCESS, Train->Infer, _stream_key_by_map_operator",7,numRecordsInPerSecond,0.016666666666666666
1784197990,8,"KEYED PROCESS, Train->Infer, _stream_key_by_map_operator",7,backPressuredTimeMsPerSecond,0.0
1784197990,8,"Infer->Rank, Rank->Filter, Filter -> Sink: Writer -> Sink: Committer",0,busyTimeMsPerSecond,1000.0
1784197990,8,"Infer->Rank, Rank->Filter, Filter -> Sink: Writer -> Sink: Committer",0,numRecordsOutPerSecond,56.0
1784197990,8,"Infer->Rank, Rank->Filter, Filter -> Sink: Writer -> Sink: Committer",0,idleTimeMsPerSecond,0.0
1784197990,8,"Infer->Rank, Rank->Filter, Filter -> Sink: Writer -> Sink: Committer",0,numRecordsOut,28994.0
1784197990,8,"Infer->Rank, Rank->Filter, Filter -> Sink: Writer -> Sink: Committer",0,numRecordsIn,33060.0
1784197990,8,"Infer->Rank, Rank->Filter, Filter -> Sink: Writer -> Sink: Committer",0,numRecordsInPerSecond,62.88333333333333
1784197990,8,"Infer->Rank, Rank->Filter, Filter -> Sink: Writer -> Sink: Committer",0,backPressuredTimeMsPerSecond,0.0
1784197990,8,"Infer->Rank, Rank->Filter, Filter -> Sink: Writer -> Sink: Committer",1,busyTimeMsPerSecond,763.0
1784197990,8,"Infer->Rank, Rank->Filter, Filter -> Sink: Writer -> Sink: Committer",1,numRecordsOutPerSecond,37.666666666666664
1784197990,8,"Infer->Rank, Rank->Filter, Filter -> Sink: Writer -> Sink: Committer",1,idleTimeMsPerSecond,237.0
1784197990,8,"Infer->Rank, Rank->Filter, Filter -> Sink: Writer -> Sink: Committer",1,numRecordsOut,26570.0
1784197990,8,"Infer->Rank, Rank->Filter, Filter -> Sink: Writer -> Sink: Committer",1,numRecordsIn,28649.0
1784197990,8,"Infer->Rank, Rank->Filter, Filter -> Sink: Writer -> Sink: Committer",1,numRecordsInPerSecond,37.583333333333336
1784197990,8,"Infer->Rank, Rank->Filter, Filter -> Sink: Writer -> Sink: Committer",1,backPressuredTimeMsPerSecond,0.0
1784197990,8,"Infer->Rank, Rank->Filter, Filter -> Sink: Writer -> Sink: Committer",2,busyTimeMsPerSecond,1000.0
1784197990,8,"Infer->Rank, Rank->Filter, Filter -> Sink: Writer -> Sink: Committer",2,numRecordsOutPerSecond,36.166666666666664
1784197990,8,"Infer->Rank, Rank->Filter, Filter -> Sink: Writer -> Sink: Committer",2,idleTimeMsPerSecond,0.0
1784197990,8,"Infer->Rank, Rank->Filter, Filter -> Sink: Writer -> Sink: Committer",2,numRecordsOut,27800.0
1784197990,8,"Infer->Rank, Rank->Filter, Filter -> Sink: Writer -> Sink: Committer",2,numRecordsIn,32817.0
1784197990,8,"Infer->Rank, Rank->Filter, Filter -> Sink: Writer -> Sink: Committer",2,numRecordsInPerSecond,52.733333333333334
1784197990,8,"Infer->Rank, Rank->Filter, Filter -> Sink: Writer -> Sink: Committer",2,backPressuredTimeMsPerSecond,0.0
1784197990,8,"Infer->Rank, Rank->Filter, Filter -> Sink: Writer -> Sink: Committer",3,busyTimeMsPerSecond,733.0
1784197990,8,"Infer->Rank, Rank->Filter, Filter -> Sink: Writer -> Sink: Committer",3,numRecordsOutPerSecond,50.0
1784197990,8,"Infer->Rank, Rank->Filter, Filter -> Sink: Writer -> Sink: Committer",3,idleTimeMsPerSecond,267.0
1784197990,8,"Infer->Rank, Rank->Filter, Filter -> Sink: Writer -> Sink: Committer",3,numRecordsOut,31000.0
1784197990,8,"Infer->Rank, Rank->Filter, Filter -> Sink: Writer -> Sink: Committer",3,numRecordsIn,34500.0
1784197990,8,"Infer->Rank, Rank->Filter, Filter -> Sink: Writer -> Sink: Committer",3,numRecordsInPerSecond,58.333333333333336
1784197990,8,"Infer->Rank, Rank->Filter, Filter -> Sink: Writer -> Sink: Committer",3,backPressuredTimeMsPerSecond,0.0
1784197990,8,"Infer->Rank, Rank->Filter, Filter -> Sink: Writer -> Sink: Committer",4,busyTimeMsPerSecond,361.0
1784197990,8,"Infer->Rank, Rank->Filter, Filter -> Sink: Writer -> Sink: Committer",4,numRecordsOutPerSecond,25.0
1784197990,8,"Infer->Rank, Rank->Filter, Filter -> Sink: Writer -> Sink: Committer",4,idleTimeMsPerSecond,639.0
1784197990,8,"Infer->Rank, Rank->Filter, Filter -> Sink: Writer -> Sink: Committer",4,numRecordsOut,23490.0
1784197990,8,"Infer->Rank, Rank->Filter, Filter -> Sink: Writer -> Sink: Committer",4,numRecordsIn,24075.0
1784197990,8,"Infer->Rank, Rank->Filter, Filter -> Sink: Writer -> Sink: Committer",4,numRecordsInPerSecond,25.0
1784197990,8,"Infer->Rank, Rank->Filter, Filter -> Sink: Writer -> Sink: Committer",4,backPressuredTimeMsPerSecond,0.0
1784197990,8,"Infer->Rank, Rank->Filter, Filter -> Sink: Writer -> Sink: Committer",5,busyTimeMsPerSecond,708.0
1784197990,8,"Infer->Rank, Rank->Filter, Filter -> Sink: Writer -> Sink: Committer",5,numRecordsOutPerSecond,50.0
1784197990,8,"Infer->Rank, Rank->Filter, Filter -> Sink: Writer -> Sink: Committer",5,idleTimeMsPerSecond,292.0
1784197990,8,"Infer->Rank, Rank->Filter, Filter -> Sink: Writer -> Sink: Committer",5,numRecordsOut,28500.0
1784197990,8,"Infer->Rank, Rank->Filter, Filter -> Sink: Writer -> Sink: Committer",5,numRecordsIn,31500.0
1784197990,8,"Infer->Rank, Rank->Filter, Filter -> Sink: Writer -> Sink: Committer",5,numRecordsInPerSecond,58.333333333333336
1784197990,8,"Infer->Rank, Rank->Filter, Filter -> Sink: Writer -> Sink: Committer",5,backPressuredTimeMsPerSecond,0.0
1784197990,8,"Infer->Rank, Rank->Filter, Filter -> Sink: Writer -> Sink: Committer",6,busyTimeMsPerSecond,387.0
1784197990,8,"Infer->Rank, Rank->Filter, Filter -> Sink: Writer -> Sink: Committer",6,numRecordsOutPerSecond,36.5
1784197990,8,"Infer->Rank, Rank->Filter, Filter -> Sink: Writer -> Sink: Committer",6,idleTimeMsPerSecond,613.0
1784197990,8,"Infer->Rank, Rank->Filter, Filter -> Sink: Writer -> Sink: Committer",6,numRecordsOut,30320.0
1784197990,8,"Infer->Rank, Rank->Filter, Filter -> Sink: Writer -> Sink: Committer",6,numRecordsIn,35330.0
1784197990,8,"Infer->Rank, Rank->Filter, Filter -> Sink: Writer -> Sink: Committer",6,numRecordsInPerSecond,36.56666666666667
1784197990,8,"Infer->Rank, Rank->Filter, Filter -> Sink: Writer -> Sink: Committer",6,backPressuredTimeMsPerSecond,0.0
1784197990,8,"Infer->Rank, Rank->Filter, Filter -> Sink: Writer -> Sink: Committer",7,busyTimeMsPerSecond,72.0
1784197990,8,"Infer->Rank, Rank->Filter, Filter -> Sink: Writer -> Sink: Committer",7,numRecordsOutPerSecond,8.333333333333334
1784197990,8,"Infer->Rank, Rank->Filter, Filter -> Sink: Writer -> Sink: Committer",7,idleTimeMsPerSecond,928.0
1784197990,8,"Infer->Rank, Rank->Filter, Filter -> Sink: Writer -> Sink: Committer",7,numRecordsOut,30490.0
1784197990,8,"Infer->Rank, Rank->Filter, Filter -> Sink: Writer -> Sink: Committer",7,numRecordsIn,31030.0
1784197990,8,"Infer->Rank, Rank->Filter, Filter -> Sink: Writer -> Sink: Committer",7,numRecordsInPerSecond,8.333333333333334
1784197990,8,"Infer->Rank, Rank->Filter, Filter -> Sink: Writer -> Sink: Committer",7,backPressuredTimeMsPerSecond,0.0
1784198005,8,"Source: Source-data -> LoadJSON, Parse, _stream_key_by_map_operator",0,busyTimeMsPerSecond,0.0
1784198005,8,"Source: Source-data -> LoadJSON, Parse, _stream_key_by_map_operator",0,numRecordsOutPerSecond,0.016666666666666666
1784198005,8,"Source: Source-data -> LoadJSON, Parse, _stream_key_by_map_operator",0,idleTimeMsPerSecond,1000.0
1784198005,8,"Source: Source-data -> LoadJSON, Parse, _stream_key_by_map_operator",0,numRecordsOut,6130.0
1784198005,8,"Source: Source-data -> LoadJSON, Parse, _stream_key_by_map_operator",0,numRecordsIn,6130.0
1784198005,8,"Source: Source-data -> LoadJSON, Parse, _stream_key_by_map_operator",0,numRecordsInPerSecond,0.016666666666666666
1784198005,8,"Source: Source-data -> LoadJSON, Parse, _stream_key_by_map_operator",0,backPressuredTimeMsPerSecond,0.0
1784198005,8,"Source: Source-data -> LoadJSON, Parse, _stream_key_by_map_operator",1,busyTimeMsPerSecond,14.0
1784198005,8,"Source: Source-data -> LoadJSON, Parse, _stream_key_by_map_operator",1,numRecordsOutPerSecond,0.05
1784198005,8,"Source: Source-data -> LoadJSON, Parse, _stream_key_by_map_operator",1,idleTimeMsPerSecond,986.0
1784198005,8,"Source: Source-data -> LoadJSON, Parse, _stream_key_by_map_operator",1,numRecordsOut,6026.0
1784198005,8,"Source: Source-data -> LoadJSON, Parse, _stream_key_by_map_operator",1,numRecordsIn,6026.0
1784198005,8,"Source: Source-data -> LoadJSON, Parse, _stream_key_by_map_operator",1,numRecordsInPerSecond,0.05
1784198005,8,"Source: Source-data -> LoadJSON, Parse, _stream_key_by_map_operator",1,backPressuredTimeMsPerSecond,0.0
1784198005,8,"Source: Source-data -> LoadJSON, Parse, _stream_key_by_map_operator",2,busyTimeMsPerSecond,1.0
1784198005,8,"Source: Source-data -> LoadJSON, Parse, _stream_key_by_map_operator",2,numRecordsOutPerSecond,0.016666666666666666
1784198005,8,"Source: Source-data -> LoadJSON, Parse, _stream_key_by_map_operator",2,idleTimeMsPerSecond,999.0
1784198005,8,"Source: Source-data -> LoadJSON, Parse, _stream_key_by_map_operator",2,numRecordsOut,6232.0
1784198005,8,"Source: Source-data -> LoadJSON, Parse, _stream_key_by_map_operator",2,numRecordsIn,6232.0
1784198005,8,"Source: Source-data -> LoadJSON, Parse, _stream_key_by_map_operator",2,numRecordsInPerSecond,0.016666666666666666
1784198005,8,"Source: Source-data -> LoadJSON, Parse, _stream_key_by_map_operator",2,backPressuredTimeMsPerSecond,0.0
1784198005,8,"Source: Source-data -> LoadJSON, Parse, _stream_key_by_map_operator",3,busyTimeMsPerSecond,0.0
1784198005,8,"Source: Source-data -> LoadJSON, Parse, _stream_key_by_map_operator",3,numRecordsOutPerSecond,0.0
1784198005,8,"Source: Source-data -> LoadJSON, Parse, _stream_key_by_map_operator",3,idleTimeMsPerSecond,0.0
1784198005,8,"Source: Source-data -> LoadJSON, Parse, _stream_key_by_map_operator",3,numRecordsOut,6021.0
1784198005,8,"Source: Source-data -> LoadJSON, Parse, _stream_key_by_map_operator",3,numRecordsIn,6021.0
1784198005,8,"Source: Source-data -> LoadJSON, Parse, _stream_key_by_map_operator",3,numRecordsInPerSecond,0.0
1784198005,8,"Source: Source-data -> LoadJSON, Parse, _stream_key_by_map_operator",3,backPressuredTimeMsPerSecond,1000.0
1784198005,8,"Source: Source-data -> LoadJSON, Parse, _stream_key_by_map_operator",4,busyTimeMsPerSecond,0.0
1784198005,8,"Source: Source-data -> LoadJSON, Parse, _stream_key_by_map_operator",4,numRecordsOutPerSecond,0.0
1784198005,8,"Source: Source-data -> LoadJSON, Parse, _stream_key_by_map_operator",4,idleTimeMsPerSecond,0.0
1784198005,8,"Source: Source-data -> LoadJSON, Parse, _stream_key_by_map_operator",4,numRecordsOut,6068.0
1784198005,8,"Source: Source-data -> LoadJSON, Parse, _stream_key_by_map_operator",4,numRecordsIn,6068.0
1784198005,8,"Source: Source-data -> LoadJSON, Parse, _stream_key_by_map_operator",4,numRecordsInPerSecond,0.0
1784198005,8,"Source: Source-data -> LoadJSON, Parse, _stream_key_by_map_operator",4,backPressuredTimeMsPerSecond,1000.0
1784198005,8,"Source: Source-data -> LoadJSON, Parse, _stream_key_by_map_operator",5,busyTimeMsPerSecond,0.0
1784198005,8,"Source: Source-data -> LoadJSON, Parse, _stream_key_by_map_operator",5,numRecordsOutPerSecond,0.0
1784198005,8,"Source: Source-data -> LoadJSON, Parse, _stream_key_by_map_operator",5,idleTimeMsPerSecond,1000.0
1784198005,8,"Source: Source-data -> LoadJSON, Parse, _stream_key_by_map_operator",5,numRecordsOut,6100.0
1784198005,8,"Source: Source-data -> LoadJSON, Parse, _stream_key_by_map_operator",5,numRecordsIn,6100.0
1784198005,8,"Source: Source-data -> LoadJSON, Parse, _stream_key_by_map_operator",5,numRecordsInPerSecond,0.0
1784198005,8,"Source: Source-data -> LoadJSON, Parse, _stream_key_by_map_operator",5,backPressuredTimeMsPerSecond,0.0
1784198005,8,"Source: Source-data -> LoadJSON, Parse, _stream_key_by_map_operator",6,busyTimeMsPerSecond,0.0
1784198005,8,"Source: Source-data -> LoadJSON, Parse, _stream_key_by_map_operator",6,numRecordsOutPerSecond,0.0
1784198005,8,"Source: Source-data -> LoadJSON, Parse, _stream_key_by_map_operator",6,idleTimeMsPerSecond,1000.0
1784198005,8,"Source: Source-data -> LoadJSON, Parse, _stream_key_by_map_operator",6,numRecordsOut,6063.0
1784198005,8,"Source: Source-data -> LoadJSON, Parse, _stream_key_by_map_operator",6,numRecordsIn,6063.0
1784198005,8,"Source: Source-data -> LoadJSON, Parse, _stream_key_by_map_operator",6,numRecordsInPerSecond,0.0
1784198005,8,"Source: Source-data -> LoadJSON, Parse, _stream_key_by_map_operator",6,backPressuredTimeMsPerSecond,0.0
1784198005,8,"Source: Source-data -> LoadJSON, Parse, _stream_key_by_map_operator",7,busyTimeMsPerSecond,0.0
1784198005,8,"Source: Source-data -> LoadJSON, Parse, _stream_key_by_map_operator",7,numRecordsOutPerSecond,0.0
1784198005,8,"Source: Source-data -> LoadJSON, Parse, _stream_key_by_map_operator",7,idleTimeMsPerSecond,1000.0
1784198005,8,"Source: Source-data -> LoadJSON, Parse, _stream_key_by_map_operator",7,numRecordsOut,5969.0
1784198005,8,"Source: Source-data -> LoadJSON, Parse, _stream_key_by_map_operator",7,numRecordsIn,5969.0
1784198005,8,"Source: Source-data -> LoadJSON, Parse, _stream_key_by_map_operator",7,numRecordsInPerSecond,0.0
1784198005,8,"Source: Source-data -> LoadJSON, Parse, _stream_key_by_map_operator",7,backPressuredTimeMsPerSecond,0.0
1784198005,8,"KEYED PROCESS, Parse->Train, _stream_key_by_map_operator",0,busyTimeMsPerSecond,407.0
1784198005,8,"KEYED PROCESS, Parse->Train, _stream_key_by_map_operator",0,numRecordsOutPerSecond,0.1
1784198005,8,"KEYED PROCESS, Parse->Train, _stream_key_by_map_operator",0,idleTimeMsPerSecond,0.0
1784198005,8,"KEYED PROCESS, Parse->Train, _stream_key_by_map_operator",0,numRecordsOut,159.0
1784198005,8,"KEYED PROCESS, Parse->Train, _stream_key_by_map_operator",0,numRecordsIn,160.0
1784198005,8,"KEYED PROCESS, Parse->Train, _stream_key_by_map_operator",0,numRecordsInPerSecond,0.1
1784198005,8,"KEYED PROCESS, Parse->Train, _stream_key_by_map_operator",0,backPressuredTimeMsPerSecond,593.0
1784198005,8,"KEYED PROCESS, Parse->Train, _stream_key_by_map_operator",1,busyTimeMsPerSecond,492.0
1784198005,8,"KEYED PROCESS, Parse->Train, _stream_key_by_map_operator",1,numRecordsOutPerSecond,0.16666666666666666
1784198005,8,"KEYED PROCESS, Parse->Train, _stream_key_by_map_operator",1,idleTimeMsPerSecond,0.0
1784198005,8,"KEYED PROCESS, Parse->Train, _stream_key_by_map_operator",1,numRecordsOut,162.0
1784198005,8,"KEYED PROCESS, Parse->Train, _stream_key_by_map_operator",1,numRecordsIn,163.0
1784198005,8,"KEYED PROCESS, Parse->Train, _stream_key_by_map_operator",1,numRecordsInPerSecond,0.16666666666666666
1784198005,8,"KEYED PROCESS, Parse->Train, _stream_key_by_map_operator",1,backPressuredTimeMsPerSecond,508.0
1784198005,8,"KEYED PROCESS, Parse->Train, _stream_key_by_map_operator",2,busyTimeMsPerSecond,476.0
1784198005,8,"KEYED PROCESS, Parse->Train, _stream_key_by_map_operator",2,numRecordsOutPerSecond,0.16666666666666666
1784198005,8,"KEYED PROCESS, Parse->Train, _stream_key_by_map_operator",2,idleTimeMsPerSecond,0.0
1784198005,8,"KEYED PROCESS, Parse->Train, _stream_key_by_map_operator",2,numRecordsOut,118.0
1784198005,8,"KEYED PROCESS, Parse->Train, _stream_key_by_map_operator",2,numRecordsIn,119.0
1784198005,8,"KEYED PROCESS, Parse->Train, _stream_key_by_map_operator",2,numRecordsInPerSecond,0.16666666666666666
1784198005,8,"KEYED PROCESS, Parse->Train, _stream_key_by_map_operator",2,backPressuredTimeMsPerSecond,524.0
1784198005,8,"KEYED PROCESS, Parse->Train, _stream_key_by_map_operator",3,busyTimeMsPerSecond,0.0
1784198005,8,"KEYED PROCESS, Parse->Train, _stream_key_by_map_operator",3,numRecordsOutPerSecond,0.0
1784198005,8,"KEYED PROCESS, Parse->Train, _stream_key_by_map_operator",3,idleTimeMsPerSecond,1000.0
1784198005,8,"KEYED PROCESS, Parse->Train, _stream_key_by_map_operator",3,numRecordsOut,0.0
1784198005,8,"KEYED PROCESS, Parse->Train, _stream_key_by_map_operator",3,numRecordsIn,0.0
1784198005,8,"KEYED PROCESS, Parse->Train, _stream_key_by_map_operator",3,numRecordsInPerSecond,0.0
1784198005,8,"KEYED PROCESS, Parse->Train, _stream_key_by_map_operator",3,backPressuredTimeMsPerSecond,0.0
1784198005,8,"KEYED PROCESS, Parse->Train, _stream_key_by_map_operator",4,busyTimeMsPerSecond,446.0
1784198005,8,"KEYED PROCESS, Parse->Train, _stream_key_by_map_operator",4,numRecordsOutPerSecond,0.13333333333333333
1784198005,8,"KEYED PROCESS, Parse->Train, _stream_key_by_map_operator",4,idleTimeMsPerSecond,0.0
1784198005,8,"KEYED PROCESS, Parse->Train, _stream_key_by_map_operator",4,numRecordsOut,190.0
1784198005,8,"KEYED PROCESS, Parse->Train, _stream_key_by_map_operator",4,numRecordsIn,191.0
1784198005,8,"KEYED PROCESS, Parse->Train, _stream_key_by_map_operator",4,numRecordsInPerSecond,0.13333333333333333
1784198005,8,"KEYED PROCESS, Parse->Train, _stream_key_by_map_operator",4,backPressuredTimeMsPerSecond,554.0
1784198005,8,"KEYED PROCESS, Parse->Train, _stream_key_by_map_operator",5,busyTimeMsPerSecond,0.0
1784198005,8,"KEYED PROCESS, Parse->Train, _stream_key_by_map_operator",5,numRecordsOutPerSecond,0.0
1784198005,8,"KEYED PROCESS, Parse->Train, _stream_key_by_map_operator",5,idleTimeMsPerSecond,1000.0
1784198005,8,"KEYED PROCESS, Parse->Train, _stream_key_by_map_operator",5,numRecordsOut,0.0
1784198005,8,"KEYED PROCESS, Parse->Train, _stream_key_by_map_operator",5,numRecordsIn,0.0
1784198005,8,"KEYED PROCESS, Parse->Train, _stream_key_by_map_operator",5,numRecordsInPerSecond,0.0
1784198005,8,"KEYED PROCESS, Parse->Train, _stream_key_by_map_operator",5,backPressuredTimeMsPerSecond,0.0
1784198005,8,"KEYED PROCESS, Parse->Train, _stream_key_by_map_operator",6,busyTimeMsPerSecond,0.0
1784198005,8,"KEYED PROCESS, Parse->Train, _stream_key_by_map_operator",6,numRecordsOutPerSecond,0.0
1784198005,8,"KEYED PROCESS, Parse->Train, _stream_key_by_map_operator",6,idleTimeMsPerSecond,1000.0
1784198005,8,"KEYED PROCESS, Parse->Train, _stream_key_by_map_operator",6,numRecordsOut,0.0
1784198005,8,"KEYED PROCESS, Parse->Train, _stream_key_by_map_operator",6,numRecordsIn,0.0
1784198005,8,"KEYED PROCESS, Parse->Train, _stream_key_by_map_operator",6,numRecordsInPerSecond,0.0
1784198005,8,"KEYED PROCESS, Parse->Train, _stream_key_by_map_operator",6,backPressuredTimeMsPerSecond,0.0
1784198005,8,"KEYED PROCESS, Parse->Train, _stream_key_by_map_operator",7,busyTimeMsPerSecond,93.0
1784198005,8,"KEYED PROCESS, Parse->Train, _stream_key_by_map_operator",7,numRecordsOutPerSecond,0.03333333333333333
1784198005,8,"KEYED PROCESS, Parse->Train, _stream_key_by_map_operator",7,idleTimeMsPerSecond,0.0
1784198005,8,"KEYED PROCESS, Parse->Train, _stream_key_by_map_operator",7,numRecordsOut,128.0
1784198005,8,"KEYED PROCESS, Parse->Train, _stream_key_by_map_operator",7,numRecordsIn,129.0
1784198005,8,"KEYED PROCESS, Parse->Train, _stream_key_by_map_operator",7,numRecordsInPerSecond,0.03333333333333333
1784198005,8,"KEYED PROCESS, Parse->Train, _stream_key_by_map_operator",7,backPressuredTimeMsPerSecond,907.0
1784198005,8,"KEYED PROCESS, Train->Infer, _stream_key_by_map_operator",0,busyTimeMsPerSecond,344.0
1784198005,8,"KEYED PROCESS, Train->Infer, _stream_key_by_map_operator",0,numRecordsOutPerSecond,33.333333333333336
1784198005,8,"KEYED PROCESS, Train->Infer, _stream_key_by_map_operator",0,idleTimeMsPerSecond,656.0
1784198005,8,"KEYED PROCESS, Train->Infer, _stream_key_by_map_operator",0,numRecordsOut,33060.0
1784198005,8,"KEYED PROCESS, Train->Infer, _stream_key_by_map_operator",0,numRecordsIn,126.0
1784198005,8,"KEYED PROCESS, Train->Infer, _stream_key_by_map_operator",0,numRecordsInPerSecond,0.06666666666666667
1784198005,8,"KEYED PROCESS, Train->Infer, _stream_key_by_map_operator",0,backPressuredTimeMsPerSecond,0.0
1784198005,8,"KEYED PROCESS, Train->Infer, _stream_key_by_map_operator",1,busyTimeMsPerSecond,704.0
1784198005,8,"KEYED PROCESS, Train->Infer, _stream_key_by_map_operator",1,numRecordsOutPerSecond,75.0
1784198005,8,"KEYED PROCESS, Train->Infer, _stream_key_by_map_operator",1,idleTimeMsPerSecond,296.0
1784198005,8,"KEYED PROCESS, Train->Infer, _stream_key_by_map_operator",1,numRecordsOut,31559.0
1784198005,8,"KEYED PROCESS, Train->Infer, _stream_key_by_map_operator",1,numRecordsIn,123.0
1784198005,8,"KEYED PROCESS, Train->Infer, _stream_key_by_map_operator",1,numRecordsInPerSecond,0.15
1784198005,8,"KEYED PROCESS, Train->Infer, _stream_key_by_map_operator",1,backPressuredTimeMsPerSecond,0.0
1784198005,8,"KEYED PROCESS, Train->Infer, _stream_key_by_map_operator",2,busyTimeMsPerSecond,485.0
1784198005,8,"KEYED PROCESS, Train->Infer, _stream_key_by_map_operator",2,numRecordsOutPerSecond,41.666666666666664
1784198005,8,"KEYED PROCESS, Train->Infer, _stream_key_by_map_operator",2,idleTimeMsPerSecond,0.0
1784198005,8,"KEYED PROCESS, Train->Infer, _stream_key_by_map_operator",2,numRecordsOut,36515.0
1784198005,8,"KEYED PROCESS, Train->Infer, _stream_key_by_map_operator",2,numRecordsIn,89.0
1784198005,8,"KEYED PROCESS, Train->Infer, _stream_key_by_map_operator",2,numRecordsInPerSecond,0.08333333333333333
1784198005,8,"KEYED PROCESS, Train->Infer, _stream_key_by_map_operator",2,backPressuredTimeMsPerSecond,515.0
1784198005,8,"KEYED PROCESS, Train->Infer, _stream_key_by_map_operator",3,busyTimeMsPerSecond,419.0
1784198005,8,"KEYED PROCESS, Train->Infer, _stream_key_by_map_operator",3,numRecordsOutPerSecond,50.0
1784198005,8,"KEYED PROCESS, Train->Infer, _stream_key_by_map_operator",3,idleTimeMsPerSecond,581.0
1784198005,8,"KEYED PROCESS, Train->Infer, _stream_key_by_map_operator",3,numRecordsOut,35000.0
1784198005,8,"KEYED PROCESS, Train->Infer, _stream_key_by_map_operator",3,numRecordsIn,70.0
1784198005,8,"KEYED PROCESS, Train->Infer, _stream_key_by_map_operator",3,numRecordsInPerSecond,0.08333333333333333
1784198005,8,"KEYED PROCESS, Train->Infer, _stream_key_by_map_operator",3,backPressuredTimeMsPerSecond,0.0
1784198005,8,"KEYED PROCESS, Train->Infer, _stream_key_by_map_operator",4,busyTimeMsPerSecond,308.0
1784198005,8,"KEYED PROCESS, Train->Infer, _stream_key_by_map_operator",4,numRecordsOutPerSecond,33.333333333333336
1784198005,8,"KEYED PROCESS, Train->Infer, _stream_key_by_map_operator",4,idleTimeMsPerSecond,692.0
1784198005,8,"KEYED PROCESS, Train->Infer, _stream_key_by_map_operator",4,numRecordsOut,24575.0
1784198005,8,"KEYED PROCESS, Train->Infer, _stream_key_by_map_operator",4,numRecordsIn,124.0
1784198005,8,"KEYED PROCESS, Train->Infer, _stream_key_by_map_operator",4,numRecordsInPerSecond,0.06666666666666667
1784198005,8,"KEYED PROCESS, Train->Infer, _stream_key_by_map_operator",4,backPressuredTimeMsPerSecond,0.0
1784198005,8,"KEYED PROCESS, Train->Infer, _stream_key_by_map_operator",5,busyTimeMsPerSecond,382.0
1784198005,8,"KEYED PROCESS, Train->Infer, _stream_key_by_map_operator",5,numRecordsOutPerSecond,50.0
1784198005,8,"KEYED PROCESS, Train->Infer, _stream_key_by_map_operator",5,idleTimeMsPerSecond,618.0
1784198005,8,"KEYED PROCESS, Train->Infer, _stream_key_by_map_operator",5,numRecordsOut,32000.0
1784198005,8,"KEYED PROCESS, Train->Infer, _stream_key_by_map_operator",5,numRecordsIn,64.0
1784198005,8,"KEYED PROCESS, Train->Infer, _stream_key_by_map_operator",5,numRecordsInPerSecond,0.1
1784198005,8,"KEYED PROCESS, Train->Infer, _stream_key_by_map_operator",5,backPressuredTimeMsPerSecond,0.0
1784198005,8,"KEYED PROCESS, Train->Infer, _stream_key_by_map_operator",6,busyTimeMsPerSecond,166.0
1784198005,8,"KEYED PROCESS, Train->Infer, _stream_key_by_map_operator",6,numRecordsOutPerSecond,25.0
1784198005,8,"KEYED PROCESS, Train->Infer, _stream_key_by_map_operator",6,idleTimeMsPerSecond,834.0
1784198005,8,"KEYED PROCESS, Train->Infer, _stream_key_by_map_operator",6,numRecordsOut,36000.0
1784198005,8,"KEYED PROCESS, Train->Infer, _stream_key_by_map_operator",6,numRecordsIn,73.0
1784198005,8,"KEYED PROCESS, Train->Infer, _stream_key_by_map_operator",6,numRecordsInPerSecond,0.05
1784198005,8,"KEYED PROCESS, Train->Infer, _stream_key_by_map_operator",6,backPressuredTimeMsPerSecond,0.0
1784198005,8,"KEYED PROCESS, Train->Infer, _stream_key_by_map_operator",7,busyTimeMsPerSecond,82.0
1784198005,8,"KEYED PROCESS, Train->Infer, _stream_key_by_map_operator",7,numRecordsOutPerSecond,8.333333333333334
1784198005,8,"KEYED PROCESS, Train->Infer, _stream_key_by_map_operator",7,idleTimeMsPerSecond,918.0
1784198005,8,"KEYED PROCESS, Train->Infer, _stream_key_by_map_operator",7,numRecordsOut,31530.0
1784198005,8,"KEYED PROCESS, Train->Infer, _stream_key_by_map_operator",7,numRecordsIn,93.0
1784198005,8,"KEYED PROCESS, Train->Infer, _stream_key_by_map_operator",7,numRecordsInPerSecond,0.03333333333333333
1784198005,8,"KEYED PROCESS, Train->Infer, _stream_key_by_map_operator",7,backPressuredTimeMsPerSecond,0.0
1784198005,8,"Infer->Rank, Rank->Filter, Filter -> Sink: Writer -> Sink: Committer",0,busyTimeMsPerSecond,759.0
1784198005,8,"Infer->Rank, Rank->Filter, Filter -> Sink: Writer -> Sink: Committer",0,numRecordsOutPerSecond,43.0
1784198005,8,"Infer->Rank, Rank->Filter, Filter -> Sink: Writer -> Sink: Committer",0,idleTimeMsPerSecond,241.0
1784198005,8,"Infer->Rank, Rank->Filter, Filter -> Sink: Writer -> Sink: Committer",0,numRecordsOut,28994.0
1784198005,8,"Infer->Rank, Rank->Filter, Filter -> Sink: Writer -> Sink: Committer",0,numRecordsIn,33060.0
1784198005,8,"Infer->Rank, Rank->Filter, Filter -> Sink: Writer -> Sink: Committer",0,numRecordsInPerSecond,51.28333333333333
1784198005,8,"Infer->Rank, Rank->Filter, Filter -> Sink: Writer -> Sink: Committer",0,backPressuredTimeMsPerSecond,0.0
1784198005,8,"Infer->Rank, Rank->Filter, Filter -> Sink: Writer -> Sink: Committer",1,busyTimeMsPerSecond,783.0
1784198005,8,"Infer->Rank, Rank->Filter, Filter -> Sink: Writer -> Sink: Committer",1,numRecordsOutPerSecond,49.833333333333336
1784198005,8,"Infer->Rank, Rank->Filter, Filter -> Sink: Writer -> Sink: Committer",1,idleTimeMsPerSecond,217.0
1784198005,8,"Infer->Rank, Rank->Filter, Filter -> Sink: Writer -> Sink: Committer",1,numRecordsOut,28270.0
1784198005,8,"Infer->Rank, Rank->Filter, Filter -> Sink: Writer -> Sink: Committer",1,numRecordsIn,30345.0
1784198005,8,"Infer->Rank, Rank->Filter, Filter -> Sink: Writer -> Sink: Committer",1,numRecordsInPerSecond,49.916666666666664
1784198005,8,"Infer->Rank, Rank->Filter, Filter -> Sink: Writer -> Sink: Committer",1,backPressuredTimeMsPerSecond,0.0
1784198005,8,"Infer->Rank, Rank->Filter, Filter -> Sink: Writer -> Sink: Committer",2,busyTimeMsPerSecond,1000.0
1784198005,8,"Infer->Rank, Rank->Filter, Filter -> Sink: Writer -> Sink: Committer",2,numRecordsOutPerSecond,29.833333333333332
1784198005,8,"Infer->Rank, Rank->Filter, Filter -> Sink: Writer -> Sink: Committer",2,idleTimeMsPerSecond,0.0
1784198005,8,"Infer->Rank, Rank->Filter, Filter -> Sink: Writer -> Sink: Committer",2,numRecordsOut,28420.0
1784198005,8,"Infer->Rank, Rank->Filter, Filter -> Sink: Writer -> Sink: Committer",2,numRecordsIn,33437.0
1784198005,8,"Infer->Rank, Rank->Filter, Filter -> Sink: Writer -> Sink: Committer",2,numRecordsInPerSecond,43.63333333333333
1784198005,8,"Infer->Rank, Rank->Filter, Filter -> Sink: Writer -> Sink: Committer",2,backPressuredTimeMsPerSecond,0.0
1784198005,8,"Infer->Rank, Rank->Filter, Filter -> Sink: Writer -> Sink: Committer",3,busyTimeMsPerSecond,661.0
1784198005,8,"Infer->Rank, Rank->Filter, Filter -> Sink: Writer -> Sink: Committer",3,numRecordsOutPerSecond,43.666666666666664
1784198005,8,"Infer->Rank, Rank->Filter, Filter -> Sink: Writer -> Sink: Committer",3,idleTimeMsPerSecond,339.0
1784198005,8,"Infer->Rank, Rank->Filter, Filter -> Sink: Writer -> Sink: Committer",3,numRecordsOut,31000.0
1784198005,8,"Infer->Rank, Rank->Filter, Filter -> Sink: Writer -> Sink: Committer",3,numRecordsIn,35000.0
1784198005,8,"Infer->Rank, Rank->Filter, Filter -> Sink: Writer -> Sink: Committer",3,numRecordsInPerSecond,54.916666666666664
1784198005,8,"Infer->Rank, Rank->Filter, Filter -> Sink: Writer -> Sink: Committer",3,backPressuredTimeMsPerSecond,0.0
1784198005,8,"Infer->Rank, Rank->Filter, Filter -> Sink: Writer -> Sink: Committer",4,busyTimeMsPerSecond,421.0
1784198005,8,"Infer->Rank, Rank->Filter, Filter -> Sink: Writer -> Sink: Committer",4,numRecordsOutPerSecond,33.166666666666664
1784198005,8,"Infer->Rank, Rank->Filter, Filter -> Sink: Writer -> Sink: Committer",4,idleTimeMsPerSecond,579.0
1784198005,8,"Infer->Rank, Rank->Filter, Filter -> Sink: Writer -> Sink: Committer",4,numRecordsOut,23980.0
1784198005,8,"Infer->Rank, Rank->Filter, Filter -> Sink: Writer -> Sink: Committer",4,numRecordsIn,24575.0
1784198005,8,"Infer->Rank, Rank->Filter, Filter -> Sink: Writer -> Sink: Committer",4,numRecordsInPerSecond,33.333333333333336
1784198005,8,"Infer->Rank, Rank->Filter, Filter -> Sink: Writer -> Sink: Committer",4,backPressuredTimeMsPerSecond,0.0
1784198005,8,"Infer->Rank, Rank->Filter, Filter -> Sink: Writer -> Sink: Committer",5,busyTimeMsPerSecond,593.0
1784198005,8,"Infer->Rank, Rank->Filter, Filter -> Sink: Writer -> Sink: Committer",5,numRecordsOutPerSecond,50.0
1784198005,8,"Infer->Rank, Rank->Filter, Filter -> Sink: Writer -> Sink: Committer",5,idleTimeMsPerSecond,407.0
1784198005,8,"Infer->Rank, Rank->Filter, Filter -> Sink: Writer -> Sink: Committer",5,numRecordsOut,29000.0
1784198005,8,"Infer->Rank, Rank->Filter, Filter -> Sink: Writer -> Sink: Committer",5,numRecordsIn,32000.0
1784198005,8,"Infer->Rank, Rank->Filter, Filter -> Sink: Writer -> Sink: Committer",5,numRecordsInPerSecond,50.0
1784198005,8,"Infer->Rank, Rank->Filter, Filter -> Sink: Writer -> Sink: Committer",5,backPressuredTimeMsPerSecond,0.0
1784198005,8,"Infer->Rank, Rank->Filter, Filter -> Sink: Writer -> Sink: Committer",6,busyTimeMsPerSecond,265.0
1784198005,8,"Infer->Rank, Rank->Filter, Filter -> Sink: Writer -> Sink: Committer",6,numRecordsOutPerSecond,33.0
1784198005,8,"Infer->Rank, Rank->Filter, Filter -> Sink: Writer -> Sink: Committer",6,idleTimeMsPerSecond,735.0
1784198005,8,"Infer->Rank, Rank->Filter, Filter -> Sink: Writer -> Sink: Committer",6,numRecordsOut,31000.0
1784198005,8,"Infer->Rank, Rank->Filter, Filter -> Sink: Writer -> Sink: Committer",6,numRecordsIn,36000.0
1784198005,8,"Infer->Rank, Rank->Filter, Filter -> Sink: Writer -> Sink: Committer",6,numRecordsInPerSecond,32.833333333333336
1784198005,8,"Infer->Rank, Rank->Filter, Filter -> Sink: Writer -> Sink: Committer",6,backPressuredTimeMsPerSecond,0.0
1784198005,8,"Infer->Rank, Rank->Filter, Filter -> Sink: Writer -> Sink: Committer",7,busyTimeMsPerSecond,72.0
1784198005,8,"Infer->Rank, Rank->Filter, Filter -> Sink: Writer -> Sink: Committer",7,numRecordsOutPerSecond,8.333333333333334
1784198005,8,"Infer->Rank, Rank->Filter, Filter -> Sink: Writer -> Sink: Committer",7,idleTimeMsPerSecond,928.0
1784198005,8,"Infer->Rank, Rank->Filter, Filter -> Sink: Writer -> Sink: Committer",7,numRecordsOut,30540.0
1784198005,8,"Infer->Rank, Rank->Filter, Filter -> Sink: Writer -> Sink: Committer",7,numRecordsIn,31086.0
1784198005,8,"Infer->Rank, Rank->Filter, Filter -> Sink: Writer -> Sink: Committer",7,numRecordsInPerSecond,8.333333333333334
1784198005,8,"Infer->Rank, Rank->Filter, Filter -> Sink: Writer -> Sink: Committer",7,backPressuredTimeMsPerSecond,0.0
1784198020,8,"Source: Source-data -> LoadJSON, Parse, _stream_key_by_map_operator",0,busyTimeMsPerSecond,1.0
1784198020,8,"Source: Source-data -> LoadJSON, Parse, _stream_key_by_map_operator",0,numRecordsOutPerSecond,0.016666666666666666
1784198020,8,"Source: Source-data -> LoadJSON, Parse, _stream_key_by_map_operator",0,idleTimeMsPerSecond,999.0
1784198020,8,"Source: Source-data -> LoadJSON, Parse, _stream_key_by_map_operator",0,numRecordsOut,6130.0
1784198020,8,"Source: Source-data -> LoadJSON, Parse, _stream_key_by_map_operator",0,numRecordsIn,6130.0
1784198020,8,"Source: Source-data -> LoadJSON, Parse, _stream_key_by_map_operator",0,numRecordsInPerSecond,0.016666666666666666
1784198020,8,"Source: Source-data -> LoadJSON, Parse, _stream_key_by_map_operator",0,backPressuredTimeMsPerSecond,0.0
1784198020,8,"Source: Source-data -> LoadJSON, Parse, _stream_key_by_map_operator",1,busyTimeMsPerSecond,14.0
1784198020,8,"Source: Source-data -> LoadJSON, Parse, _stream_key_by_map_operator",1,numRecordsOutPerSecond,0.06666666666666667
1784198020,8,"Source: Source-data -> LoadJSON, Parse, _stream_key_by_map_operator",1,idleTimeMsPerSecond,986.0
1784198020,8,"Source: Source-data -> LoadJSON, Parse, _stream_key_by_map_operator",1,numRecordsOut,6027.0
1784198020,8,"Source: Source-data -> LoadJSON, Parse, _stream_key_by_map_operator",1,numRecordsIn,6027.0
1784198020,8,"Source: Source-data -> LoadJSON, Parse, _stream_key_by_map_operator",1,numRecordsInPerSecond,0.06666666666666667
1784198020,8,"Source: Source-data -> LoadJSON, Parse, _stream_key_by_map_operator",1,backPressuredTimeMsPerSecond,0.0
1784198020,8,"Source: Source-data -> LoadJSON, Parse, _stream_key_by_map_operator",2,busyTimeMsPerSecond,2.0
1784198020,8,"Source: Source-data -> LoadJSON, Parse, _stream_key_by_map_operator",2,numRecordsOutPerSecond,0.03333333333333333
1784198020,8,"Source: Source-data -> LoadJSON, Parse, _stream_key_by_map_operator",2,idleTimeMsPerSecond,998.0
1784198020,8,"Source: Source-data -> LoadJSON, Parse, _stream_key_by_map_operator",2,numRecordsOut,6233.0
1784198020,8,"Source: Source-data -> LoadJSON, Parse, _stream_key_by_map_operator",2,numRecordsIn,6233.0
1784198020,8,"Source: Source-data -> LoadJSON, Parse, _stream_key_by_map_operator",2,numRecordsInPerSecond,0.03333333333333333
1784198020,8,"Source: Source-data -> LoadJSON, Parse, _stream_key_by_map_operator",2,backPressuredTimeMsPerSecond,0.0
1784198020,8,"Source: Source-data -> LoadJSON, Parse, _stream_key_by_map_operator",3,busyTimeMsPerSecond,0.0
1784198020,8,"Source: Source-data -> LoadJSON, Parse, _stream_key_by_map_operator",3,numRecordsOutPerSecond,0.0
1784198020,8,"Source: Source-data -> LoadJSON, Parse, _stream_key_by_map_operator",3,idleTimeMsPerSecond,0.0
1784198020,8,"Source: Source-data -> LoadJSON, Parse, _stream_key_by_map_operator",3,numRecordsOut,6021.0
1784198020,8,"Source: Source-data -> LoadJSON, Parse, _stream_key_by_map_operator",3,numRecordsIn,6021.0
1784198020,8,"Source: Source-data -> LoadJSON, Parse, _stream_key_by_map_operator",3,numRecordsInPerSecond,0.0
1784198020,8,"Source: Source-data -> LoadJSON, Parse, _stream_key_by_map_operator",3,backPressuredTimeMsPerSecond,1000.0
1784198020,8,"Source: Source-data -> LoadJSON, Parse, _stream_key_by_map_operator",4,busyTimeMsPerSecond,0.0
1784198020,8,"Source: Source-data -> LoadJSON, Parse, _stream_key_by_map_operator",4,numRecordsOutPerSecond,0.0
1784198020,8,"Source: Source-data -> LoadJSON, Parse, _stream_key_by_map_operator",4,idleTimeMsPerSecond,0.0
1784198020,8,"Source: Source-data -> LoadJSON, Parse, _stream_key_by_map_operator",4,numRecordsOut,6068.0
1784198020,8,"Source: Source-data -> LoadJSON, Parse, _stream_key_by_map_operator",4,numRecordsIn,6068.0
1784198020,8,"Source: Source-data -> LoadJSON, Parse, _stream_key_by_map_operator",4,numRecordsInPerSecond,0.0
1784198020,8,"Source: Source-data -> LoadJSON, Parse, _stream_key_by_map_operator",4,backPressuredTimeMsPerSecond,1000.0
1784198020,8,"Source: Source-data -> LoadJSON, Parse, _stream_key_by_map_operator",5,busyTimeMsPerSecond,0.0
1784198020,8,"Source: Source-data -> LoadJSON, Parse, _stream_key_by_map_operator",5,numRecordsOutPerSecond,0.0
1784198020,8,"Source: Source-data -> LoadJSON, Parse, _stream_key_by_map_operator",5,idleTimeMsPerSecond,1000.0
1784198020,8,"Source: Source-data -> LoadJSON, Parse, _stream_key_by_map_operator",5,numRecordsOut,6100.0
1784198020,8,"Source: Source-data -> LoadJSON, Parse, _stream_key_by_map_operator",5,numRecordsIn,6100.0
1784198020,8,"Source: Source-data -> LoadJSON, Parse, _stream_key_by_map_operator",5,numRecordsInPerSecond,0.0
1784198020,8,"Source: Source-data -> LoadJSON, Parse, _stream_key_by_map_operator",5,backPressuredTimeMsPerSecond,0.0
1784198020,8,"Source: Source-data -> LoadJSON, Parse, _stream_key_by_map_operator",6,busyTimeMsPerSecond,0.0
1784198020,8,"Source: Source-data -> LoadJSON, Parse, _stream_key_by_map_operator",6,numRecordsOutPerSecond,0.0
1784198020,8,"Source: Source-data -> LoadJSON, Parse, _stream_key_by_map_operator",6,idleTimeMsPerSecond,1000.0
1784198020,8,"Source: Source-data -> LoadJSON, Parse, _stream_key_by_map_operator",6,numRecordsOut,6063.0
1784198020,8,"Source: Source-data -> LoadJSON, Parse, _stream_key_by_map_operator",6,numRecordsIn,6063.0
1784198020,8,"Source: Source-data -> LoadJSON, Parse, _stream_key_by_map_operator",6,numRecordsInPerSecond,0.0
1784198020,8,"Source: Source-data -> LoadJSON, Parse, _stream_key_by_map_operator",6,backPressuredTimeMsPerSecond,0.0
1784198020,8,"Source: Source-data -> LoadJSON, Parse, _stream_key_by_map_operator",7,busyTimeMsPerSecond,1.0
1784198020,8,"Source: Source-data -> LoadJSON, Parse, _stream_key_by_map_operator",7,numRecordsOutPerSecond,0.0
1784198020,8,"Source: Source-data -> LoadJSON, Parse, _stream_key_by_map_operator",7,idleTimeMsPerSecond,999.0
1784198020,8,"Source: Source-data -> LoadJSON, Parse, _stream_key_by_map_operator",7,numRecordsOut,5969.0
1784198020,8,"Source: Source-data -> LoadJSON, Parse, _stream_key_by_map_operator",7,numRecordsIn,5969.0
1784198020,8,"Source: Source-data -> LoadJSON, Parse, _stream_key_by_map_operator",7,numRecordsInPerSecond,0.0
1784198020,8,"Source: Source-data -> LoadJSON, Parse, _stream_key_by_map_operator",7,backPressuredTimeMsPerSecond,0.0
1784198020,8,"KEYED PROCESS, Parse->Train, _stream_key_by_map_operator",0,busyTimeMsPerSecond,291.0
1784198020,8,"KEYED PROCESS, Parse->Train, _stream_key_by_map_operator",0,numRecordsOutPerSecond,0.08333333333333333
1784198020,8,"KEYED PROCESS, Parse->Train, _stream_key_by_map_operator",0,idleTimeMsPerSecond,0.0
1784198020,8,"KEYED PROCESS, Parse->Train, _stream_key_by_map_operator",0,numRecordsOut,160.0
1784198020,8,"KEYED PROCESS, Parse->Train, _stream_key_by_map_operator",0,numRecordsIn,161.0
1784198020,8,"KEYED PROCESS, Parse->Train, _stream_key_by_map_operator",0,numRecordsInPerSecond,0.08333333333333333
1784198020,8,"KEYED PROCESS, Parse->Train, _stream_key_by_map_operator",0,backPressuredTimeMsPerSecond,709.0
1784198020,8,"KEYED PROCESS, Parse->Train, _stream_key_by_map_operator",1,busyTimeMsPerSecond,323.0
1784198020,8,"KEYED PROCESS, Parse->Train, _stream_key_by_map_operator",1,numRecordsOutPerSecond,0.1
1784198020,8,"KEYED PROCESS, Parse->Train, _stream_key_by_map_operator",1,idleTimeMsPerSecond,0.0
1784198020,8,"KEYED PROCESS, Parse->Train, _stream_key_by_map_operator",1,numRecordsOut,163.0
1784198020,8,"KEYED PROCESS, Parse->Train, _stream_key_by_map_operator",1,numRecordsIn,164.0
1784198020,8,"KEYED PROCESS, Parse->Train, _stream_key_by_map_operator",1,numRecordsInPerSecond,0.1
1784198020,8,"KEYED PROCESS, Parse->Train, _stream_key_by_map_operator",1,backPressuredTimeMsPerSecond,677.0
1784198020,8,"KEYED PROCESS, Parse->Train, _stream_key_by_map_operator",2,busyTimeMsPerSecond,724.0
1784198020,8,"KEYED PROCESS, Parse->Train, _stream_key_by_map_operator",2,numRecordsOutPerSecond,0.25
1784198020,8,"KEYED PROCESS, Parse->Train, _stream_key_by_map_operator",2,idleTimeMsPerSecond,0.0
1784198020,8,"KEYED PROCESS, Parse->Train, _stream_key_by_map_operator",2,numRecordsOut,124.0
1784198020,8,"KEYED PROCESS, Parse->Train, _stream_key_by_map_operator",2,numRecordsIn,125.0
1784198020,8,"KEYED PROCESS, Parse->Train, _stream_key_by_map_operator",2,numRecordsInPerSecond,0.25
1784198020,8,"KEYED PROCESS, Parse->Train, _stream_key_by_map_operator",2,backPressuredTimeMsPerSecond,276.0
1784198020,8,"KEYED PROCESS, Parse->Train, _stream_key_by_map_operator",3,busyTimeMsPerSecond,0.0
1784198020,8,"KEYED PROCESS, Parse->Train, _stream_key_by_map_operator",3,numRecordsOutPerSecond,0.0
1784198020,8,"KEYED PROCESS, Parse->Train, _stream_key_by_map_operator",3,idleTimeMsPerSecond,1000.0
1784198020,8,"KEYED PROCESS, Parse->Train, _stream_key_by_map_operator",3,numRecordsOut,0.0
1784198020,8,"KEYED PROCESS, Parse->Train, _stream_key_by_map_operator",3,numRecordsIn,0.0
1784198020,8,"KEYED PROCESS, Parse->Train, _stream_key_by_map_operator",3,numRecordsInPerSecond,0.0
1784198020,8,"KEYED PROCESS, Parse->Train, _stream_key_by_map_operator",3,backPressuredTimeMsPerSecond,0.0
1784198020,8,"KEYED PROCESS, Parse->Train, _stream_key_by_map_operator",4,busyTimeMsPerSecond,446.0
1784198020,8,"KEYED PROCESS, Parse->Train, _stream_key_by_map_operator",4,numRecordsOutPerSecond,0.13333333333333333
1784198020,8,"KEYED PROCESS, Parse->Train, _stream_key_by_map_operator",4,idleTimeMsPerSecond,0.0
1784198020,8,"KEYED PROCESS, Parse->Train, _stream_key_by_map_operator",4,numRecordsOut,190.0
1784198020,8,"KEYED PROCESS, Parse->Train, _stream_key_by_map_operator",4,numRecordsIn,191.0
1784198020,8,"KEYED PROCESS, Parse->Train, _stream_key_by_map_operator",4,numRecordsInPerSecond,0.13333333333333333
1784198020,8,"KEYED PROCESS, Parse->Train, _stream_key_by_map_operator",4,backPressuredTimeMsPerSecond,554.0
1784198020,8,"KEYED PROCESS, Parse->Train, _stream_key_by_map_operator",5,busyTimeMsPerSecond,0.0
1784198020,8,"KEYED PROCESS, Parse->Train, _stream_key_by_map_operator",5,numRecordsOutPerSecond,0.0
1784198020,8,"KEYED PROCESS, Parse->Train, _stream_key_by_map_operator",5,idleTimeMsPerSecond,1000.0
1784198020,8,"KEYED PROCESS, Parse->Train, _stream_key_by_map_operator",5,numRecordsOut,0.0
1784198020,8,"KEYED PROCESS, Parse->Train, _stream_key_by_map_operator",5,numRecordsIn,0.0
1784198020,8,"KEYED PROCESS, Parse->Train, _stream_key_by_map_operator",5,numRecordsInPerSecond,0.0
1784198020,8,"KEYED PROCESS, Parse->Train, _stream_key_by_map_operator",5,backPressuredTimeMsPerSecond,0.0
1784198020,8,"KEYED PROCESS, Parse->Train, _stream_key_by_map_operator",6,busyTimeMsPerSecond,0.0
1784198020,8,"KEYED PROCESS, Parse->Train, _stream_key_by_map_operator",6,numRecordsOutPerSecond,0.0
1784198020,8,"KEYED PROCESS, Parse->Train, _stream_key_by_map_operator",6,idleTimeMsPerSecond,1000.0
1784198020,8,"KEYED PROCESS, Parse->Train, _stream_key_by_map_operator",6,numRecordsOut,0.0
1784198020,8,"KEYED PROCESS, Parse->Train, _stream_key_by_map_operator",6,numRecordsIn,0.0
1784198020,8,"KEYED PROCESS, Parse->Train, _stream_key_by_map_operator",6,numRecordsInPerSecond,0.0
1784198020,8,"KEYED PROCESS, Parse->Train, _stream_key_by_map_operator",6,backPressuredTimeMsPerSecond,0.0
1784198020,8,"KEYED PROCESS, Parse->Train, _stream_key_by_map_operator",7,busyTimeMsPerSecond,93.0
1784198020,8,"KEYED PROCESS, Parse->Train, _stream_key_by_map_operator",7,numRecordsOutPerSecond,0.03333333333333333
1784198020,8,"KEYED PROCESS, Parse->Train, _stream_key_by_map_operator",7,idleTimeMsPerSecond,0.0
1784198020,8,"KEYED PROCESS, Parse->Train, _stream_key_by_map_operator",7,numRecordsOut,128.0
1784198020,8,"KEYED PROCESS, Parse->Train, _stream_key_by_map_operator",7,numRecordsIn,129.0
1784198020,8,"KEYED PROCESS, Parse->Train, _stream_key_by_map_operator",7,numRecordsInPerSecond,0.03333333333333333
1784198020,8,"KEYED PROCESS, Parse->Train, _stream_key_by_map_operator",7,backPressuredTimeMsPerSecond,907.0
1784198020,8,"KEYED PROCESS, Train->Infer, _stream_key_by_map_operator",0,busyTimeMsPerSecond,344.0
1784198020,8,"KEYED PROCESS, Train->Infer, _stream_key_by_map_operator",0,numRecordsOutPerSecond,33.333333333333336
1784198020,8,"KEYED PROCESS, Train->Infer, _stream_key_by_map_operator",0,idleTimeMsPerSecond,656.0
1784198020,8,"KEYED PROCESS, Train->Infer, _stream_key_by_map_operator",0,numRecordsOut,33060.0
1784198020,8,"KEYED PROCESS, Train->Infer, _stream_key_by_map_operator",0,numRecordsIn,126.0
1784198020,8,"KEYED PROCESS, Train->Infer, _stream_key_by_map_operator",0,numRecordsInPerSecond,0.06666666666666667
1784198020,8,"KEYED PROCESS, Train->Infer, _stream_key_by_map_operator",0,backPressuredTimeMsPerSecond,0.0
1784198020,8,"KEYED PROCESS, Train->Infer, _stream_key_by_map_operator",1,busyTimeMsPerSecond,595.0
1784198020,8,"KEYED PROCESS, Train->Infer, _stream_key_by_map_operator",1,numRecordsOutPerSecond,66.66666666666667
1784198020,8,"KEYED PROCESS, Train->Infer, _stream_key_by_map_operator",1,idleTimeMsPerSecond,405.0
1784198020,8,"KEYED PROCESS, Train->Infer, _stream_key_by_map_operator",1,numRecordsOut,31559.0
1784198020,8,"KEYED PROCESS, Train->Infer, _stream_key_by_map_operator",1,numRecordsIn,123.0
1784198020,8,"KEYED PROCESS, Train->Infer, _stream_key_by_map_operator",1,numRecordsInPerSecond,0.11666666666666667
1784198020,8,"KEYED PROCESS, Train->Infer, _stream_key_by_map_operator",1,backPressuredTimeMsPerSecond,0.0
1784198020,8,"KEYED PROCESS, Train->Infer, _stream_key_by_map_operator",2,busyTimeMsPerSecond,458.0
1784198020,8,"KEYED PROCESS, Train->Infer, _stream_key_by_map_operator",2,numRecordsOutPerSecond,33.333333333333336
1784198020,8,"KEYED PROCESS, Train->Infer, _stream_key_by_map_operator",2,idleTimeMsPerSecond,0.0
1784198020,8,"KEYED PROCESS, Train->Infer, _stream_key_by_map_operator",2,numRecordsOut,37015.0
1784198020,8,"KEYED PROCESS, Train->Infer, _stream_key_by_map_operator",2,numRecordsIn,90.0
1784198020,8,"KEYED PROCESS, Train->Infer, _stream_key_by_map_operator",2,numRecordsInPerSecond,0.08333333333333333
1784198020,8,"KEYED PROCESS, Train->Infer, _stream_key_by_map_operator",2,backPressuredTimeMsPerSecond,542.0
1784198020,8,"KEYED PROCESS, Train->Infer, _stream_key_by_map_operator",3,busyTimeMsPerSecond,372.0
1784198020,8,"KEYED PROCESS, Train->Infer, _stream_key_by_map_operator",3,numRecordsOutPerSecond,41.666666666666664
1784198020,8,"KEYED PROCESS, Train->Infer, _stream_key_by_map_operator",3,idleTimeMsPerSecond,628.0
1784198020,8,"KEYED PROCESS, Train->Infer, _stream_key_by_map_operator",3,numRecordsOut,36000.0
1784198020,8,"KEYED PROCESS, Train->Infer, _stream_key_by_map_operator",3,numRecordsIn,73.0
1784198020,8,"KEYED PROCESS, Train->Infer, _stream_key_by_map_operator",3,numRecordsInPerSecond,0.1
1784198020,8,"KEYED PROCESS, Train->Infer, _stream_key_by_map_operator",3,backPressuredTimeMsPerSecond,0.0
1784198020,8,"KEYED PROCESS, Train->Infer, _stream_key_by_map_operator",4,busyTimeMsPerSecond,264.0
1784198020,8,"KEYED PROCESS, Train->Infer, _stream_key_by_map_operator",4,numRecordsOutPerSecond,25.0
1784198020,8,"KEYED PROCESS, Train->Infer, _stream_key_by_map_operator",4,idleTimeMsPerSecond,736.0
1784198020,8,"KEYED PROCESS, Train->Infer, _stream_key_by_map_operator",4,numRecordsOut,25075.0
1784198020,8,"KEYED PROCESS, Train->Infer, _stream_key_by_map_operator",4,numRecordsIn,126.0
1784198020,8,"KEYED PROCESS, Train->Infer, _stream_key_by_map_operator",4,numRecordsInPerSecond,0.06666666666666667
1784198020,8,"KEYED PROCESS, Train->Infer, _stream_key_by_map_operator",4,backPressuredTimeMsPerSecond,0.0
1784198020,8,"KEYED PROCESS, Train->Infer, _stream_key_by_map_operator",5,busyTimeMsPerSecond,364.0
1784198020,8,"KEYED PROCESS, Train->Infer, _stream_key_by_map_operator",5,numRecordsOutPerSecond,50.0
1784198020,8,"KEYED PROCESS, Train->Infer, _stream_key_by_map_operator",5,idleTimeMsPerSecond,636.0
1784198020,8,"KEYED PROCESS, Train->Infer, _stream_key_by_map_operator",5,numRecordsOut,33000.0
1784198020,8,"KEYED PROCESS, Train->Infer, _stream_key_by_map_operator",5,numRecordsIn,67.0
1784198020,8,"KEYED PROCESS, Train->Infer, _stream_key_by_map_operator",5,numRecordsInPerSecond,0.1
1784198020,8,"KEYED PROCESS, Train->Infer, _stream_key_by_map_operator",5,backPressuredTimeMsPerSecond,0.0
1784198020,8,"KEYED PROCESS, Train->Infer, _stream_key_by_map_operator",6,busyTimeMsPerSecond,219.0
1784198020,8,"KEYED PROCESS, Train->Infer, _stream_key_by_map_operator",6,numRecordsOutPerSecond,33.333333333333336
1784198020,8,"KEYED PROCESS, Train->Infer, _stream_key_by_map_operator",6,idleTimeMsPerSecond,781.0
1784198020,8,"KEYED PROCESS, Train->Infer, _stream_key_by_map_operator",6,numRecordsOut,36500.0
1784198020,8,"KEYED PROCESS, Train->Infer, _stream_key_by_map_operator",6,numRecordsIn,73.0
1784198020,8,"KEYED PROCESS, Train->Infer, _stream_key_by_map_operator",6,numRecordsInPerSecond,0.06666666666666667
1784198020,8,"KEYED PROCESS, Train->Infer, _stream_key_by_map_operator",6,backPressuredTimeMsPerSecond,0.0
1784198020,8,"KEYED PROCESS, Train->Infer, _stream_key_by_map_operator",7,busyTimeMsPerSecond,171.0
1784198020,8,"KEYED PROCESS, Train->Infer, _stream_key_by_map_operator",7,numRecordsOutPerSecond,16.666666666666668
1784198020,8,"KEYED PROCESS, Train->Infer, _stream_key_by_map_operator",7,idleTimeMsPerSecond,829.0
1784198020,8,"KEYED PROCESS, Train->Infer, _stream_key_by_map_operator",7,numRecordsOut,32030.0
1784198020,8,"KEYED PROCESS, Train->Infer, _stream_key_by_map_operator",7,numRecordsIn,95.0
1784198020,8,"KEYED PROCESS, Train->Infer, _stream_key_by_map_operator",7,numRecordsInPerSecond,0.05
1784198020,8,"KEYED PROCESS, Train->Infer, _stream_key_by_map_operator",7,backPressuredTimeMsPerSecond,0.0
1784198020,8,"Infer->Rank, Rank->Filter, Filter -> Sink: Writer -> Sink: Committer",0,busyTimeMsPerSecond,597.0
1784198020,8,"Infer->Rank, Rank->Filter, Filter -> Sink: Writer -> Sink: Committer",0,numRecordsOutPerSecond,32.833333333333336
1784198020,8,"Infer->Rank, Rank->Filter, Filter -> Sink: Writer -> Sink: Committer",0,idleTimeMsPerSecond,403.0
1784198020,8,"Infer->Rank, Rank->Filter, Filter -> Sink: Writer -> Sink: Committer",0,numRecordsOut,29384.0
1784198020,8,"Infer->Rank, Rank->Filter, Filter -> Sink: Writer -> Sink: Committer",0,numRecordsIn,33457.0
1784198020,8,"Infer->Rank, Rank->Filter, Filter -> Sink: Writer -> Sink: Committer",0,numRecordsInPerSecond,41.21666666666667
1784198020,8,"Infer->Rank, Rank->Filter, Filter -> Sink: Writer -> Sink: Committer",0,backPressuredTimeMsPerSecond,0.0
1784198020,8,"Infer->Rank, Rank->Filter, Filter -> Sink: Writer -> Sink: Committer",1,busyTimeMsPerSecond,1000.0
1784198020,8,"Infer->Rank, Rank->Filter, Filter -> Sink: Writer -> Sink: Committer",1,numRecordsOutPerSecond,58.833333333333336
1784198020,8,"Infer->Rank, Rank->Filter, Filter -> Sink: Writer -> Sink: Committer",1,idleTimeMsPerSecond,0.0
1784198020,8,"Infer->Rank, Rank->Filter, Filter -> Sink: Writer -> Sink: Committer",1,numRecordsOut,28740.0
1784198020,8,"Infer->Rank, Rank->Filter, Filter -> Sink: Writer -> Sink: Committer",1,numRecordsIn,31319.0
1784198020,8,"Infer->Rank, Rank->Filter, Filter -> Sink: Writer -> Sink: Committer",1,numRecordsInPerSecond,67.21666666666667
1784198020,8,"Infer->Rank, Rank->Filter, Filter -> Sink: Writer -> Sink: Committer",1,backPressuredTimeMsPerSecond,0.0
1784198020,8,"Infer->Rank, Rank->Filter, Filter -> Sink: Writer -> Sink: Committer",2,busyTimeMsPerSecond,1000.0
1784198020,8,"Infer->Rank, Rank->Filter, Filter -> Sink: Writer -> Sink: Committer",2,numRecordsOutPerSecond,38.833333333333336
1784198020,8,"Infer->Rank, Rank->Filter, Filter -> Sink: Writer -> Sink: Committer",2,idleTimeMsPerSecond,0.0
1784198020,8,"Infer->Rank, Rank->Filter, Filter -> Sink: Writer -> Sink: Committer",2,numRecordsOut,28880.0
1784198020,8,"Infer->Rank, Rank->Filter, Filter -> Sink: Writer -> Sink: Committer",2,numRecordsIn,33901.0
1784198020,8,"Infer->Rank, Rank->Filter, Filter -> Sink: Writer -> Sink: Committer",2,numRecordsInPerSecond,40.833333333333336
1784198020,8,"Infer->Rank, Rank->Filter, Filter -> Sink: Writer -> Sink: Committer",2,backPressuredTimeMsPerSecond,0.0
1784198020,8,"Infer->Rank, Rank->Filter, Filter -> Sink: Writer -> Sink: Committer",3,busyTimeMsPerSecond,561.0
1784198020,8,"Infer->Rank, Rank->Filter, Filter -> Sink: Writer -> Sink: Committer",3,numRecordsOutPerSecond,32.333333333333336
1784198020,8,"Infer->Rank, Rank->Filter, Filter -> Sink: Writer -> Sink: Committer",3,idleTimeMsPerSecond,439.0
1784198020,8,"Infer->Rank, Rank->Filter, Filter -> Sink: Writer -> Sink: Committer",3,numRecordsOut,31430.0
1784198020,8,"Infer->Rank, Rank->Filter, Filter -> Sink: Writer -> Sink: Committer",3,numRecordsIn,35440.0
1784198020,8,"Infer->Rank, Rank->Filter, Filter -> Sink: Writer -> Sink: Committer",3,numRecordsInPerSecond,48.95
1784198020,8,"Infer->Rank, Rank->Filter, Filter -> Sink: Writer -> Sink: Committer",3,backPressuredTimeMsPerSecond,0.0
1784198020,8,"Infer->Rank, Rank->Filter, Filter -> Sink: Writer -> Sink: Committer",4,busyTimeMsPerSecond,300.0
1784198020,8,"Infer->Rank, Rank->Filter, Filter -> Sink: Writer -> Sink: Committer",4,numRecordsOutPerSecond,30.166666666666668
1784198020,8,"Infer->Rank, Rank->Filter, Filter -> Sink: Writer -> Sink: Committer",4,idleTimeMsPerSecond,700.0
1784198020,8,"Infer->Rank, Rank->Filter, Filter -> Sink: Writer -> Sink: Committer",4,numRecordsOut,24190.0
1784198020,8,"Infer->Rank, Rank->Filter, Filter -> Sink: Writer -> Sink: Committer",4,numRecordsIn,24792.0
1784198020,8,"Infer->Rank, Rank->Filter, Filter -> Sink: Writer -> Sink: Committer",4,numRecordsInPerSecond,30.35
1784198020,8,"Infer->Rank, Rank->Filter, Filter -> Sink: Writer -> Sink: Committer",4,backPressuredTimeMsPerSecond,0.0
1784198020,8,"Infer->Rank, Rank->Filter, Filter -> Sink: Writer -> Sink: Committer",5,busyTimeMsPerSecond,578.0
1784198020,8,"Infer->Rank, Rank->Filter, Filter -> Sink: Writer -> Sink: Committer",5,numRecordsOutPerSecond,44.333333333333336
1784198020,8,"Infer->Rank, Rank->Filter, Filter -> Sink: Writer -> Sink: Committer",5,idleTimeMsPerSecond,422.0
1784198020,8,"Infer->Rank, Rank->Filter, Filter -> Sink: Writer -> Sink: Committer",5,numRecordsOut,29000.0
1784198020,8,"Infer->Rank, Rank->Filter, Filter -> Sink: Writer -> Sink: Committer",5,numRecordsIn,32413.0
1784198020,8,"Infer->Rank, Rank->Filter, Filter -> Sink: Writer -> Sink: Committer",5,numRecordsInPerSecond,50.15
1784198020,8,"Infer->Rank, Rank->Filter, Filter -> Sink: Writer -> Sink: Committer",5,backPressuredTimeMsPerSecond,0.0
1784198020,8,"Infer->Rank, Rank->Filter, Filter -> Sink: Writer -> Sink: Committer",6,busyTimeMsPerSecond,292.0
1784198020,8,"Infer->Rank, Rank->Filter, Filter -> Sink: Writer -> Sink: Committer",6,numRecordsOutPerSecond,33.333333333333336
1784198020,8,"Infer->Rank, Rank->Filter, Filter -> Sink: Writer -> Sink: Committer",6,idleTimeMsPerSecond,708.0
1784198020,8,"Infer->Rank, Rank->Filter, Filter -> Sink: Writer -> Sink: Committer",6,numRecordsOut,31500.0
1784198020,8,"Infer->Rank, Rank->Filter, Filter -> Sink: Writer -> Sink: Committer",6,numRecordsIn,36500.0
1784198020,8,"Infer->Rank, Rank->Filter, Filter -> Sink: Writer -> Sink: Committer",6,numRecordsInPerSecond,33.333333333333336
1784198020,8,"Infer->Rank, Rank->Filter, Filter -> Sink: Writer -> Sink: Committer",6,backPressuredTimeMsPerSecond,0.0
1784198020,8,"Infer->Rank, Rank->Filter, Filter -> Sink: Writer -> Sink: Committer",7,busyTimeMsPerSecond,282.0
1784198020,8,"Infer->Rank, Rank->Filter, Filter -> Sink: Writer -> Sink: Committer",7,numRecordsOutPerSecond,16.666666666666668
1784198020,8,"Infer->Rank, Rank->Filter, Filter -> Sink: Writer -> Sink: Committer",7,idleTimeMsPerSecond,718.0
1784198020,8,"Infer->Rank, Rank->Filter, Filter -> Sink: Writer -> Sink: Committer",7,numRecordsOut,31020.0
1784198020,8,"Infer->Rank, Rank->Filter, Filter -> Sink: Writer -> Sink: Committer",7,numRecordsIn,31562.0
1784198020,8,"Infer->Rank, Rank->Filter, Filter -> Sink: Writer -> Sink: Committer",7,numRecordsInPerSecond,16.666666666666668
1784198020,8,"Infer->Rank, Rank->Filter, Filter -> Sink: Writer -> Sink: Committer",7,backPressuredTimeMsPerSecond,0.0
1784198035,8,"Source: Source-data -> LoadJSON, Parse, _stream_key_by_map_operator",0,busyTimeMsPerSecond,0.0
1784198035,8,"Source: Source-data -> LoadJSON, Parse, _stream_key_by_map_operator",0,numRecordsOutPerSecond,0.0
1784198035,8,"Source: Source-data -> LoadJSON, Parse, _stream_key_by_map_operator",0,idleTimeMsPerSecond,1000.0
1784198035,8,"Source: Source-data -> LoadJSON, Parse, _stream_key_by_map_operator",0,numRecordsOut,6130.0
1784198035,8,"Source: Source-data -> LoadJSON, Parse, _stream_key_by_map_operator",0,numRecordsIn,6130.0
1784198035,8,"Source: Source-data -> LoadJSON, Parse, _stream_key_by_map_operator",0,numRecordsInPerSecond,0.0
1784198035,8,"Source: Source-data -> LoadJSON, Parse, _stream_key_by_map_operator",0,backPressuredTimeMsPerSecond,0.0
1784198035,8,"Source: Source-data -> LoadJSON, Parse, _stream_key_by_map_operator",1,busyTimeMsPerSecond,8.0
1784198035,8,"Source: Source-data -> LoadJSON, Parse, _stream_key_by_map_operator",1,numRecordsOutPerSecond,0.05
1784198035,8,"Source: Source-data -> LoadJSON, Parse, _stream_key_by_map_operator",1,idleTimeMsPerSecond,992.0
1784198035,8,"Source: Source-data -> LoadJSON, Parse, _stream_key_by_map_operator",1,numRecordsOut,6027.0
1784198035,8,"Source: Source-data -> LoadJSON, Parse, _stream_key_by_map_operator",1,numRecordsIn,6027.0
1784198035,8,"Source: Source-data -> LoadJSON, Parse, _stream_key_by_map_operator",1,numRecordsInPerSecond,0.05
1784198035,8,"Source: Source-data -> LoadJSON, Parse, _stream_key_by_map_operator",1,backPressuredTimeMsPerSecond,0.0
1784198035,8,"Source: Source-data -> LoadJSON, Parse, _stream_key_by_map_operator",2,busyTimeMsPerSecond,2.0
1784198035,8,"Source: Source-data -> LoadJSON, Parse, _stream_key_by_map_operator",2,numRecordsOutPerSecond,0.03333333333333333
1784198035,8,"Source: Source-data -> LoadJSON, Parse, _stream_key_by_map_operator",2,idleTimeMsPerSecond,998.0
1784198035,8,"Source: Source-data -> LoadJSON, Parse, _stream_key_by_map_operator",2,numRecordsOut,6233.0
1784198035,8,"Source: Source-data -> LoadJSON, Parse, _stream_key_by_map_operator",2,numRecordsIn,6233.0
1784198035,8,"Source: Source-data -> LoadJSON, Parse, _stream_key_by_map_operator",2,numRecordsInPerSecond,0.03333333333333333
1784198035,8,"Source: Source-data -> LoadJSON, Parse, _stream_key_by_map_operator",2,backPressuredTimeMsPerSecond,0.0
1784198035,8,"Source: Source-data -> LoadJSON, Parse, _stream_key_by_map_operator",3,busyTimeMsPerSecond,0.0
1784198035,8,"Source: Source-data -> LoadJSON, Parse, _stream_key_by_map_operator",3,numRecordsOutPerSecond,0.0
1784198035,8,"Source: Source-data -> LoadJSON, Parse, _stream_key_by_map_operator",3,idleTimeMsPerSecond,0.0
1784198035,8,"Source: Source-data -> LoadJSON, Parse, _stream_key_by_map_operator",3,numRecordsOut,6021.0
1784198035,8,"Source: Source-data -> LoadJSON, Parse, _stream_key_by_map_operator",3,numRecordsIn,6021.0
1784198035,8,"Source: Source-data -> LoadJSON, Parse, _stream_key_by_map_operator",3,numRecordsInPerSecond,0.0
1784198035,8,"Source: Source-data -> LoadJSON, Parse, _stream_key_by_map_operator",3,backPressuredTimeMsPerSecond,1000.0
1784198035,8,"Source: Source-data -> LoadJSON, Parse, _stream_key_by_map_operator",4,busyTimeMsPerSecond,0.0
1784198035,8,"Source: Source-data -> LoadJSON, Parse, _stream_key_by_map_operator",4,numRecordsOutPerSecond,0.0
1784198035,8,"Source: Source-data -> LoadJSON, Parse, _stream_key_by_map_operator",4,idleTimeMsPerSecond,0.0
1784198035,8,"Source: Source-data -> LoadJSON, Parse, _stream_key_by_map_operator",4,numRecordsOut,6068.0
1784198035,8,"Source: Source-data -> LoadJSON, Parse, _stream_key_by_map_operator",4,numRecordsIn,6068.0
1784198035,8,"Source: Source-data -> LoadJSON, Parse, _stream_key_by_map_operator",4,numRecordsInPerSecond,0.0
1784198035,8,"Source: Source-data -> LoadJSON, Parse, _stream_key_by_map_operator",4,backPressuredTimeMsPerSecond,1000.0
1784198035,8,"Source: Source-data -> LoadJSON, Parse, _stream_key_by_map_operator",5,busyTimeMsPerSecond,0.0
1784198035,8,"Source: Source-data -> LoadJSON, Parse, _stream_key_by_map_operator",5,numRecordsOutPerSecond,0.0
1784198035,8,"Source: Source-data -> LoadJSON, Parse, _stream_key_by_map_operator",5,idleTimeMsPerSecond,1000.0
1784198035,8,"Source: Source-data -> LoadJSON, Parse, _stream_key_by_map_operator",5,numRecordsOut,6100.0
1784198035,8,"Source: Source-data -> LoadJSON, Parse, _stream_key_by_map_operator",5,numRecordsIn,6100.0
1784198035,8,"Source: Source-data -> LoadJSON, Parse, _stream_key_by_map_operator",5,numRecordsInPerSecond,0.0
1784198035,8,"Source: Source-data -> LoadJSON, Parse, _stream_key_by_map_operator",5,backPressuredTimeMsPerSecond,0.0
1784198035,8,"Source: Source-data -> LoadJSON, Parse, _stream_key_by_map_operator",6,busyTimeMsPerSecond,0.0
1784198035,8,"Source: Source-data -> LoadJSON, Parse, _stream_key_by_map_operator",6,numRecordsOutPerSecond,0.0
1784198035,8,"Source: Source-data -> LoadJSON, Parse, _stream_key_by_map_operator",6,idleTimeMsPerSecond,1000.0
1784198035,8,"Source: Source-data -> LoadJSON, Parse, _stream_key_by_map_operator",6,numRecordsOut,6063.0
1784198035,8,"Source: Source-data -> LoadJSON, Parse, _stream_key_by_map_operator",6,numRecordsIn,6063.0
1784198035,8,"Source: Source-data -> LoadJSON, Parse, _stream_key_by_map_operator",6,numRecordsInPerSecond,0.0
1784198035,8,"Source: Source-data -> LoadJSON, Parse, _stream_key_by_map_operator",6,backPressuredTimeMsPerSecond,0.0
1784198035,8,"Source: Source-data -> LoadJSON, Parse, _stream_key_by_map_operator",7,busyTimeMsPerSecond,1.0
1784198035,8,"Source: Source-data -> LoadJSON, Parse, _stream_key_by_map_operator",7,numRecordsOutPerSecond,0.0
1784198035,8,"Source: Source-data -> LoadJSON, Parse, _stream_key_by_map_operator",7,idleTimeMsPerSecond,999.0
1784198035,8,"Source: Source-data -> LoadJSON, Parse, _stream_key_by_map_operator",7,numRecordsOut,5969.0
1784198035,8,"Source: Source-data -> LoadJSON, Parse, _stream_key_by_map_operator",7,numRecordsIn,5969.0
1784198035,8,"Source: Source-data -> LoadJSON, Parse, _stream_key_by_map_operator",7,numRecordsInPerSecond,0.0
1784198035,8,"Source: Source-data -> LoadJSON, Parse, _stream_key_by_map_operator",7,backPressuredTimeMsPerSecond,0.0
1784198035,8,"KEYED PROCESS, Parse->Train, _stream_key_by_map_operator",0,busyTimeMsPerSecond,269.0
1784198035,8,"KEYED PROCESS, Parse->Train, _stream_key_by_map_operator",0,numRecordsOutPerSecond,0.08333333333333333
1784198035,8,"KEYED PROCESS, Parse->Train, _stream_key_by_map_operator",0,idleTimeMsPerSecond,0.0
1784198035,8,"KEYED PROCESS, Parse->Train, _stream_key_by_map_operator",0,numRecordsOut,162.0
1784198035,8,"KEYED PROCESS, Parse->Train, _stream_key_by_map_operator",0,numRecordsIn,163.0
1784198035,8,"KEYED PROCESS, Parse->Train, _stream_key_by_map_operator",0,numRecordsInPerSecond,0.08333333333333333
1784198035,8,"KEYED PROCESS, Parse->Train, _stream_key_by_map_operator",0,backPressuredTimeMsPerSecond,731.0
1784198035,8,"KEYED PROCESS, Parse->Train, _stream_key_by_map_operator",1,busyTimeMsPerSecond,279.0
1784198035,8,"KEYED PROCESS, Parse->Train, _stream_key_by_map_operator",1,numRecordsOutPerSecond,0.08333333333333333
1784198035,8,"KEYED PROCESS, Parse->Train, _stream_key_by_map_operator",1,idleTimeMsPerSecond,0.0
1784198035,8,"KEYED PROCESS, Parse->Train, _stream_key_by_map_operator",1,numRecordsOut,165.0
1784198035,8,"KEYED PROCESS, Parse->Train, _stream_key_by_map_operator",1,numRecordsIn,166.0
1784198035,8,"KEYED PROCESS, Parse->Train, _stream_key_by_map_operator",1,numRecordsInPerSecond,0.08333333333333333
1784198035,8,"KEYED PROCESS, Parse->Train, _stream_key_by_map_operator",1,backPressuredTimeMsPerSecond,721.0
1784198035,8,"KEYED PROCESS, Parse->Train, _stream_key_by_map_operator",2,busyTimeMsPerSecond,811.0
1784198035,8,"KEYED PROCESS, Parse->Train, _stream_key_by_map_operator",2,numRecordsOutPerSecond,0.26666666666666666
1784198035,8,"KEYED PROCESS, Parse->Train, _stream_key_by_map_operator",2,idleTimeMsPerSecond,0.0
1784198035,8,"KEYED PROCESS, Parse->Train, _stream_key_by_map_operator",2,numRecordsOut,127.0
1784198035,8,"KEYED PROCESS, Parse->Train, _stream_key_by_map_operator",2,numRecordsIn,128.0
1784198035,8,"KEYED PROCESS, Parse->Train, _stream_key_by_map_operator",2,numRecordsInPerSecond,0.26666666666666666
1784198035,8,"KEYED PROCESS, Parse->Train, _stream_key_by_map_operator",2,backPressuredTimeMsPerSecond,189.0
1784198035,8,"KEYED PROCESS, Parse->Train, _stream_key_by_map_operator",3,busyTimeMsPerSecond,0.0
1784198035,8,"KEYED PROCESS, Parse->Train, _stream_key_by_map_operator",3,numRecordsOutPerSecond,0.0
1784198035,8,"KEYED PROCESS, Parse->Train, _stream_key_by_map_operator",3,idleTimeMsPerSecond,1000.0
1784198035,8,"KEYED PROCESS, Parse->Train, _stream_key_by_map_operator",3,numRecordsOut,0.0
1784198035,8,"KEYED PROCESS, Parse->Train, _stream_key_by_map_operator",3,numRecordsIn,0.0
1784198035,8,"KEYED PROCESS, Parse->Train, _stream_key_by_map_operator",3,numRecordsInPerSecond,0.0
1784198035,8,"KEYED PROCESS, Parse->Train, _stream_key_by_map_operator",3,backPressuredTimeMsPerSecond,0.0
1784198035,8,"KEYED PROCESS, Parse->Train, _stream_key_by_map_operator",4,busyTimeMsPerSecond,456.0
1784198035,8,"KEYED PROCESS, Parse->Train, _stream_key_by_map_operator",4,numRecordsOutPerSecond,0.15
1784198035,8,"KEYED PROCESS, Parse->Train, _stream_key_by_map_operator",4,idleTimeMsPerSecond,0.0
1784198035,8,"KEYED PROCESS, Parse->Train, _stream_key_by_map_operator",4,numRecordsOut,195.0
1784198035,8,"KEYED PROCESS, Parse->Train, _stream_key_by_map_operator",4,numRecordsIn,196.0
1784198035,8,"KEYED PROCESS, Parse->Train, _stream_key_by_map_operator",4,numRecordsInPerSecond,0.15
1784198035,8,"KEYED PROCESS, Parse->Train, _stream_key_by_map_operator",4,backPressuredTimeMsPerSecond,544.0
1784198035,8,"KEYED PROCESS, Parse->Train, _stream_key_by_map_operator",5,busyTimeMsPerSecond,0.0
1784198035,8,"KEYED PROCESS, Parse->Train, _stream_key_by_map_operator",5,numRecordsOutPerSecond,0.0
1784198035,8,"KEYED PROCESS, Parse->Train, _stream_key_by_map_operator",5,idleTimeMsPerSecond,1000.0
1784198035,8,"KEYED PROCESS, Parse->Train, _stream_key_by_map_operator",5,numRecordsOut,0.0
1784198035,8,"KEYED PROCESS, Parse->Train, _stream_key_by_map_operator",5,numRecordsIn,0.0
1784198035,8,"KEYED PROCESS, Parse->Train, _stream_key_by_map_operator",5,numRecordsInPerSecond,0.0
1784198035,8,"KEYED PROCESS, Parse->Train, _stream_key_by_map_operator",5,backPressuredTimeMsPerSecond,0.0
1784198035,8,"KEYED PROCESS, Parse->Train, _stream_key_by_map_operator",6,busyTimeMsPerSecond,0.0
1784198035,8,"KEYED PROCESS, Parse->Train, _stream_key_by_map_operator",6,numRecordsOutPerSecond,0.0
1784198035,8,"KEYED PROCESS, Parse->Train, _stream_key_by_map_operator",6,idleTimeMsPerSecond,1000.0
1784198035,8,"KEYED PROCESS, Parse->Train, _stream_key_by_map_operator",6,numRecordsOut,0.0
1784198035,8,"KEYED PROCESS, Parse->Train, _stream_key_by_map_operator",6,numRecordsIn,0.0
1784198035,8,"KEYED PROCESS, Parse->Train, _stream_key_by_map_operator",6,numRecordsInPerSecond,0.0
1784198035,8,"KEYED PROCESS, Parse->Train, _stream_key_by_map_operator",6,backPressuredTimeMsPerSecond,0.0
1784198035,8,"KEYED PROCESS, Parse->Train, _stream_key_by_map_operator",7,busyTimeMsPerSecond,348.0
1784198035,8,"KEYED PROCESS, Parse->Train, _stream_key_by_map_operator",7,numRecordsOutPerSecond,0.1
1784198035,8,"KEYED PROCESS, Parse->Train, _stream_key_by_map_operator",7,idleTimeMsPerSecond,0.0
1784198035,8,"KEYED PROCESS, Parse->Train, _stream_key_by_map_operator",7,numRecordsOut,134.0
1784198035,8,"KEYED PROCESS, Parse->Train, _stream_key_by_map_operator",7,numRecordsIn,135.0
1784198035,8,"KEYED PROCESS, Parse->Train, _stream_key_by_map_operator",7,numRecordsInPerSecond,0.1
1784198035,8,"KEYED PROCESS, Parse->Train, _stream_key_by_map_operator",7,backPressuredTimeMsPerSecond,652.0
1784198035,8,"KEYED PROCESS, Train->Infer, _stream_key_by_map_operator",0,busyTimeMsPerSecond,502.0
1784198035,8,"KEYED PROCESS, Train->Infer, _stream_key_by_map_operator",0,numRecordsOutPerSecond,47.016666666666666
1784198035,8,"KEYED PROCESS, Train->Infer, _stream_key_by_map_operator",0,idleTimeMsPerSecond,498.0
1784198035,8,"KEYED PROCESS, Train->Infer, _stream_key_by_map_operator",0,numRecordsOut,34881.0
1784198035,8,"KEYED PROCESS, Train->Infer, _stream_key_by_map_operator",0,numRecordsIn,131.0
1784198035,8,"KEYED PROCESS, Train->Infer, _stream_key_by_map_operator",0,numRecordsInPerSecond,0.08333333333333333
1784198035,8,"KEYED PROCESS, Train->Infer, _stream_key_by_map_operator",0,backPressuredTimeMsPerSecond,0.0
1784198035,8,"KEYED PROCESS, Train->Infer, _stream_key_by_map_operator",1,busyTimeMsPerSecond,344.0
1784198035,8,"KEYED PROCESS, Train->Infer, _stream_key_by_map_operator",1,numRecordsOutPerSecond,50.0
1784198035,8,"KEYED PROCESS, Train->Infer, _stream_key_by_map_operator",1,idleTimeMsPerSecond,656.0
1784198035,8,"KEYED PROCESS, Train->Infer, _stream_key_by_map_operator",1,numRecordsOut,31559.0
1784198035,8,"KEYED PROCESS, Train->Infer, _stream_key_by_map_operator",1,numRecordsIn,123.0
1784198035,8,"KEYED PROCESS, Train->Infer, _stream_key_by_map_operator",1,numRecordsInPerSecond,0.08333333333333333
1784198035,8,"KEYED PROCESS, Train->Infer, _stream_key_by_map_operator",1,backPressuredTimeMsPerSecond,0.0
1784198035,8,"KEYED PROCESS, Train->Infer, _stream_key_by_map_operator",2,busyTimeMsPerSecond,466.0
1784198035,8,"KEYED PROCESS, Train->Infer, _stream_key_by_map_operator",2,numRecordsOutPerSecond,41.666666666666664
1784198035,8,"KEYED PROCESS, Train->Infer, _stream_key_by_map_operator",2,idleTimeMsPerSecond,0.0
1784198035,8,"KEYED PROCESS, Train->Infer, _stream_key_by_map_operator",2,numRecordsOut,38015.0
1784198035,8,"KEYED PROCESS, Train->Infer, _stream_key_by_map_operator",2,numRecordsIn,91.0
1784198035,8,"KEYED PROCESS, Train->Infer, _stream_key_by_map_operator",2,numRecordsInPerSecond,0.08333333333333333
1784198035,8,"KEYED PROCESS, Train->Infer, _stream_key_by_map_operator",2,backPressuredTimeMsPerSecond,534.0
1784198035,8,"KEYED PROCESS, Train->Infer, _stream_key_by_map_operator",3,busyTimeMsPerSecond,553.0
1784198035,8,"KEYED PROCESS, Train->Infer, _stream_key_by_map_operator",3,numRecordsOutPerSecond,58.333333333333336
1784198035,8,"KEYED PROCESS, Train->Infer, _stream_key_by_map_operator",3,idleTimeMsPerSecond,447.0
1784198035,8,"KEYED PROCESS, Train->Infer, _stream_key_by_map_operator",3,numRecordsOut,38000.0
1784198035,8,"KEYED PROCESS, Train->Infer, _stream_key_by_map_operator",3,numRecordsIn,76.0
1784198035,8,"KEYED PROCESS, Train->Infer, _stream_key_by_map_operator",3,numRecordsInPerSecond,0.13333333333333333
1784198035,8,"KEYED PROCESS, Train->Infer, _stream_key_by_map_operator",3,backPressuredTimeMsPerSecond,0.0
1784198035,8,"KEYED PROCESS, Train->Infer, _stream_key_by_map_operator",4,busyTimeMsPerSecond,335.0
1784198035,8,"KEYED PROCESS, Train->Infer, _stream_key_by_map_operator",4,numRecordsOutPerSecond,33.333333333333336
1784198035,8,"KEYED PROCESS, Train->Infer, _stream_key_by_map_operator",4,idleTimeMsPerSecond,665.0
1784198035,8,"KEYED PROCESS, Train->Infer, _stream_key_by_map_operator",4,numRecordsOut,25575.0
1784198035,8,"KEYED PROCESS, Train->Infer, _stream_key_by_map_operator",4,numRecordsIn,126.0
1784198035,8,"KEYED PROCESS, Train->Infer, _stream_key_by_map_operator",4,numRecordsInPerSecond,0.06666666666666667
1784198035,8,"KEYED PROCESS, Train->Infer, _stream_key_by_map_operator",4,backPressuredTimeMsPerSecond,0.0
1784198035,8,"KEYED PROCESS, Train->Infer, _stream_key_by_map_operator",5,busyTimeMsPerSecond,424.0
1784198035,8,"KEYED PROCESS, Train->Infer, _stream_key_by_map_operator",5,numRecordsOutPerSecond,41.666666666666664
1784198035,8,"KEYED PROCESS, Train->Infer, _stream_key_by_map_operator",5,idleTimeMsPerSecond,576.0
1784198035,8,"KEYED PROCESS, Train->Infer, _stream_key_by_map_operator",5,numRecordsOut,34500.0
1784198035,8,"KEYED PROCESS, Train->Infer, _stream_key_by_map_operator",5,numRecordsIn,70.0
1784198035,8,"KEYED PROCESS, Train->Infer, _stream_key_by_map_operator",5,numRecordsInPerSecond,0.1
1784198035,8,"KEYED PROCESS, Train->Infer, _stream_key_by_map_operator",5,backPressuredTimeMsPerSecond,0.0
1784198035,8,"KEYED PROCESS, Train->Infer, _stream_key_by_map_operator",6,busyTimeMsPerSecond,158.0
1784198035,8,"KEYED PROCESS, Train->Infer, _stream_key_by_map_operator",6,numRecordsOutPerSecond,25.0
1784198035,8,"KEYED PROCESS, Train->Infer, _stream_key_by_map_operator",6,idleTimeMsPerSecond,842.0
1784198035,8,"KEYED PROCESS, Train->Infer, _stream_key_by_map_operator",6,numRecordsOut,36500.0
1784198035,8,"KEYED PROCESS, Train->Infer, _stream_key_by_map_operator",6,numRecordsIn,73.0
1784198035,8,"KEYED PROCESS, Train->Infer, _stream_key_by_map_operator",6,numRecordsInPerSecond,0.05
1784198035,8,"KEYED PROCESS, Train->Infer, _stream_key_by_map_operator",6,backPressuredTimeMsPerSecond,0.0
1784198035,8,"KEYED PROCESS, Train->Infer, _stream_key_by_map_operator",7,busyTimeMsPerSecond,359.0
1784198035,8,"KEYED PROCESS, Train->Infer, _stream_key_by_map_operator",7,numRecordsOutPerSecond,33.333333333333336
1784198035,8,"KEYED PROCESS, Train->Infer, _stream_key_by_map_operator",7,idleTimeMsPerSecond,641.0
1784198035,8,"KEYED PROCESS, Train->Infer, _stream_key_by_map_operator",7,numRecordsOut,33030.0
1784198035,8,"KEYED PROCESS, Train->Infer, _stream_key_by_map_operator",7,numRecordsIn,97.0
1784198035,8,"KEYED PROCESS, Train->Infer, _stream_key_by_map_operator",7,numRecordsInPerSecond,0.08333333333333333
1784198035,8,"KEYED PROCESS, Train->Infer, _stream_key_by_map_operator",7,backPressuredTimeMsPerSecond,0.0
1784198035,8,"Infer->Rank, Rank->Filter, Filter -> Sink: Writer -> Sink: Committer",0,busyTimeMsPerSecond,597.0
1784198035,8,"Infer->Rank, Rank->Filter, Filter -> Sink: Writer -> Sink: Committer",0,numRecordsOutPerSecond,30.333333333333332
1784198035,8,"Infer->Rank, Rank->Filter, Filter -> Sink: Writer -> Sink: Committer",0,idleTimeMsPerSecond,403.0
1784198035,8,"Infer->Rank, Rank->Filter, Filter -> Sink: Writer -> Sink: Committer",0,numRecordsOut,29974.0
1784198035,8,"Infer->Rank, Rank->Filter, Filter -> Sink: Writer -> Sink: Committer",0,numRecordsIn,34048.0
1784198035,8,"Infer->Rank, Rank->Filter, Filter -> Sink: Writer -> Sink: Committer",0,numRecordsInPerSecond,38.65
1784198035,8,"Infer->Rank, Rank->Filter, Filter -> Sink: Writer -> Sink: Committer",0,backPressuredTimeMsPerSecond,0.0
1784198035,8,"Infer->Rank, Rank->Filter, Filter -> Sink: Writer -> Sink: Committer",1,busyTimeMsPerSecond,888.0
1784198035,8,"Infer->Rank, Rank->Filter, Filter -> Sink: Writer -> Sink: Committer",1,numRecordsOutPerSecond,58.0
1784198035,8,"Infer->Rank, Rank->Filter, Filter -> Sink: Writer -> Sink: Committer",1,idleTimeMsPerSecond,112.0
1784198035,8,"Infer->Rank, Rank->Filter, Filter -> Sink: Writer -> Sink: Committer",1,numRecordsOut,28990.0
1784198035,8,"Infer->Rank, Rank->Filter, Filter -> Sink: Writer -> Sink: Committer",1,numRecordsIn,31559.0
1784198035,8,"Infer->Rank, Rank->Filter, Filter -> Sink: Writer -> Sink: Committer",1,numRecordsInPerSecond,66.31666666666666
1784198035,8,"Infer->Rank, Rank->Filter, Filter -> Sink: Writer -> Sink: Committer",1,backPressuredTimeMsPerSecond,0.0
1784198035,8,"Infer->Rank, Rank->Filter, Filter -> Sink: Writer -> Sink: Committer",2,busyTimeMsPerSecond,1000.0
1784198035,8,"Infer->Rank, Rank->Filter, Filter -> Sink: Writer -> Sink: Committer",2,numRecordsOutPerSecond,44.833333333333336
1784198035,8,"Infer->Rank, Rank->Filter, Filter -> Sink: Writer -> Sink: Committer",2,idleTimeMsPerSecond,0.0
1784198035,8,"Infer->Rank, Rank->Filter, Filter -> Sink: Writer -> Sink: Committer",2,numRecordsOut,29770.0
1784198035,8,"Infer->Rank, Rank->Filter, Filter -> Sink: Writer -> Sink: Committer",2,numRecordsIn,34793.0
1784198035,8,"Infer->Rank, Rank->Filter, Filter -> Sink: Writer -> Sink: Committer",2,numRecordsInPerSecond,44.85
1784198035,8,"Infer->Rank, Rank->Filter, Filter -> Sink: Writer -> Sink: Committer",2,backPressuredTimeMsPerSecond,0.0
1784198035,8,"Infer->Rank, Rank->Filter, Filter -> Sink: Writer -> Sink: Committer",3,busyTimeMsPerSecond,561.0
1784198035,8,"Infer->Rank, Rank->Filter, Filter -> Sink: Writer -> Sink: Committer",3,numRecordsOutPerSecond,17.166666666666668
1784198035,8,"Infer->Rank, Rank->Filter, Filter -> Sink: Writer -> Sink: Committer",3,idleTimeMsPerSecond,439.0
1784198035,8,"Infer->Rank, Rank->Filter, Filter -> Sink: Writer -> Sink: Committer",3,numRecordsOut,31720.0
1784198035,8,"Infer->Rank, Rank->Filter, Filter -> Sink: Writer -> Sink: Committer",3,numRecordsIn,36228.0
1784198035,8,"Infer->Rank, Rank->Filter, Filter -> Sink: Writer -> Sink: Committer",3,numRecordsInPerSecond,37.38333333333333
1784198035,8,"Infer->Rank, Rank->Filter, Filter -> Sink: Writer -> Sink: Committer",3,backPressuredTimeMsPerSecond,0.0
1784198035,8,"Infer->Rank, Rank->Filter, Filter -> Sink: Writer -> Sink: Committer",4,busyTimeMsPerSecond,412.0
1784198035,8,"Infer->Rank, Rank->Filter, Filter -> Sink: Writer -> Sink: Committer",4,numRecordsOutPerSecond,30.833333333333332
1784198035,8,"Infer->Rank, Rank->Filter, Filter -> Sink: Writer -> Sink: Committer",4,idleTimeMsPerSecond,588.0
1784198035,8,"Infer->Rank, Rank->Filter, Filter -> Sink: Writer -> Sink: Committer",4,numRecordsOut,24980.0
1784198035,8,"Infer->Rank, Rank->Filter, Filter -> Sink: Writer -> Sink: Committer",4,numRecordsIn,25575.0
1784198035,8,"Infer->Rank, Rank->Filter, Filter -> Sink: Writer -> Sink: Committer",4,numRecordsInPerSecond,31.166666666666668
1784198035,8,"Infer->Rank, Rank->Filter, Filter -> Sink: Writer -> Sink: Committer",4,backPressuredTimeMsPerSecond,0.0
1784198035,8,"Infer->Rank, Rank->Filter, Filter -> Sink: Writer -> Sink: Committer",5,busyTimeMsPerSecond,578.0
1784198035,8,"Infer->Rank, Rank->Filter, Filter -> Sink: Writer -> Sink: Committer",5,numRecordsOutPerSecond,38.333333333333336
1784198035,8,"Infer->Rank, Rank->Filter, Filter -> Sink: Writer -> Sink: Committer",5,idleTimeMsPerSecond,422.0
1784198035,8,"Infer->Rank, Rank->Filter, Filter -> Sink: Writer -> Sink: Committer",5,numRecordsOut,29920.0
1784198035,8,"Infer->Rank, Rank->Filter, Filter -> Sink: Writer -> Sink: Committer",5,numRecordsIn,33423.0
1784198035,8,"Infer->Rank, Rank->Filter, Filter -> Sink: Writer -> Sink: Committer",5,numRecordsInPerSecond,46.583333333333336
1784198035,8,"Infer->Rank, Rank->Filter, Filter -> Sink: Writer -> Sink: Committer",5,backPressuredTimeMsPerSecond,0.0
1784198035,8,"Infer->Rank, Rank->Filter, Filter -> Sink: Writer -> Sink: Committer",6,busyTimeMsPerSecond,241.0
1784198035,8,"Infer->Rank, Rank->Filter, Filter -> Sink: Writer -> Sink: Committer",6,numRecordsOutPerSecond,26.833333333333332
1784198035,8,"Infer->Rank, Rank->Filter, Filter -> Sink: Writer -> Sink: Committer",6,idleTimeMsPerSecond,759.0
1784198035,8,"Infer->Rank, Rank->Filter, Filter -> Sink: Writer -> Sink: Committer",6,numRecordsOut,31500.0
1784198035,8,"Infer->Rank, Rank->Filter, Filter -> Sink: Writer -> Sink: Committer",6,numRecordsIn,36500.0
1784198035,8,"Infer->Rank, Rank->Filter, Filter -> Sink: Writer -> Sink: Committer",6,numRecordsInPerSecond,26.7
1784198035,8,"Infer->Rank, Rank->Filter, Filter -> Sink: Writer -> Sink: Committer",6,backPressuredTimeMsPerSecond,0.0
1784198035,8,"Infer->Rank, Rank->Filter, Filter -> Sink: Writer -> Sink: Committer",7,busyTimeMsPerSecond,429.0
1784198035,8,"Infer->Rank, Rank->Filter, Filter -> Sink: Writer -> Sink: Committer",7,numRecordsOutPerSecond,16.333333333333332
1784198035,8,"Infer->Rank, Rank->Filter, Filter -> Sink: Writer -> Sink: Committer",7,idleTimeMsPerSecond,571.0
1784198035,8,"Infer->Rank, Rank->Filter, Filter -> Sink: Writer -> Sink: Committer",7,numRecordsOut,31490.0
1784198035,8,"Infer->Rank, Rank->Filter, Filter -> Sink: Writer -> Sink: Committer",7,numRecordsIn,32035.0
1784198035,8,"Infer->Rank, Rank->Filter, Filter -> Sink: Writer -> Sink: Committer",7,numRecordsInPerSecond,16.433333333333334
1784198035,8,"Infer->Rank, Rank->Filter, Filter -> Sink: Writer -> Sink: Committer",7,backPressuredTimeMsPerSecond,0.0
1784198050,8,"Source: Source-data -> LoadJSON, Parse, _stream_key_by_map_operator",0,busyTimeMsPerSecond,0.0
1784198050,8,"Source: Source-data -> LoadJSON, Parse, _stream_key_by_map_operator",0,numRecordsOutPerSecond,0.0
1784198050,8,"Source: Source-data -> LoadJSON, Parse, _stream_key_by_map_operator",0,idleTimeMsPerSecond,1000.0
1784198050,8,"Source: Source-data -> LoadJSON, Parse, _stream_key_by_map_operator",0,numRecordsOut,6130.0
1784198050,8,"Source: Source-data -> LoadJSON, Parse, _stream_key_by_map_operator",0,numRecordsIn,6130.0
1784198050,8,"Source: Source-data -> LoadJSON, Parse, _stream_key_by_map_operator",0,numRecordsInPerSecond,0.0
1784198050,8,"Source: Source-data -> LoadJSON, Parse, _stream_key_by_map_operator",0,backPressuredTimeMsPerSecond,0.0
1784198050,8,"Source: Source-data -> LoadJSON, Parse, _stream_key_by_map_operator",1,busyTimeMsPerSecond,9.0
1784198050,8,"Source: Source-data -> LoadJSON, Parse, _stream_key_by_map_operator",1,numRecordsOutPerSecond,0.05
1784198050,8,"Source: Source-data -> LoadJSON, Parse, _stream_key_by_map_operator",1,idleTimeMsPerSecond,790.0
1784198050,8,"Source: Source-data -> LoadJSON, Parse, _stream_key_by_map_operator",1,numRecordsOut,6028.0
1784198050,8,"Source: Source-data -> LoadJSON, Parse, _stream_key_by_map_operator",1,numRecordsIn,6028.0
1784198050,8,"Source: Source-data -> LoadJSON, Parse, _stream_key_by_map_operator",1,numRecordsInPerSecond,0.05
1784198050,8,"Source: Source-data -> LoadJSON, Parse, _stream_key_by_map_operator",1,backPressuredTimeMsPerSecond,201.0
1784198050,8,"Source: Source-data -> LoadJSON, Parse, _stream_key_by_map_operator",2,busyTimeMsPerSecond,1.0
1784198050,8,"Source: Source-data -> LoadJSON, Parse, _stream_key_by_map_operator",2,numRecordsOutPerSecond,0.016666666666666666
1784198050,8,"Source: Source-data -> LoadJSON, Parse, _stream_key_by_map_operator",2,idleTimeMsPerSecond,999.0
1784198050,8,"Source: Source-data -> LoadJSON, Parse, _stream_key_by_map_operator",2,numRecordsOut,6233.0
1784198050,8,"Source: Source-data -> LoadJSON, Parse, _stream_key_by_map_operator",2,numRecordsIn,6233.0
1784198050,8,"Source: Source-data -> LoadJSON, Parse, _stream_key_by_map_operator",2,numRecordsInPerSecond,0.016666666666666666
1784198050,8,"Source: Source-data -> LoadJSON, Parse, _stream_key_by_map_operator",2,backPressuredTimeMsPerSecond,0.0
1784198050,8,"Source: Source-data -> LoadJSON, Parse, _stream_key_by_map_operator",3,busyTimeMsPerSecond,0.0
1784198050,8,"Source: Source-data -> LoadJSON, Parse, _stream_key_by_map_operator",3,numRecordsOutPerSecond,0.0
1784198050,8,"Source: Source-data -> LoadJSON, Parse, _stream_key_by_map_operator",3,idleTimeMsPerSecond,0.0
1784198050,8,"Source: Source-data -> LoadJSON, Parse, _stream_key_by_map_operator",3,numRecordsOut,6021.0
1784198050,8,"Source: Source-data -> LoadJSON, Parse, _stream_key_by_map_operator",3,numRecordsIn,6021.0
1784198050,8,"Source: Source-data -> LoadJSON, Parse, _stream_key_by_map_operator",3,numRecordsInPerSecond,0.0
1784198050,8,"Source: Source-data -> LoadJSON, Parse, _stream_key_by_map_operator",3,backPressuredTimeMsPerSecond,1000.0
1784198050,8,"Source: Source-data -> LoadJSON, Parse, _stream_key_by_map_operator",4,busyTimeMsPerSecond,0.0
1784198050,8,"Source: Source-data -> LoadJSON, Parse, _stream_key_by_map_operator",4,numRecordsOutPerSecond,0.0
1784198050,8,"Source: Source-data -> LoadJSON, Parse, _stream_key_by_map_operator",4,idleTimeMsPerSecond,0.0
1784198050,8,"Source: Source-data -> LoadJSON, Parse, _stream_key_by_map_operator",4,numRecordsOut,6068.0
1784198050,8,"Source: Source-data -> LoadJSON, Parse, _stream_key_by_map_operator",4,numRecordsIn,6068.0
1784198050,8,"Source: Source-data -> LoadJSON, Parse, _stream_key_by_map_operator",4,numRecordsInPerSecond,0.0
1784198050,8,"Source: Source-data -> LoadJSON, Parse, _stream_key_by_map_operator",4,backPressuredTimeMsPerSecond,1000.0
1784198050,8,"Source: Source-data -> LoadJSON, Parse, _stream_key_by_map_operator",5,busyTimeMsPerSecond,0.0
1784198050,8,"Source: Source-data -> LoadJSON, Parse, _stream_key_by_map_operator",5,numRecordsOutPerSecond,0.0
1784198050,8,"Source: Source-data -> LoadJSON, Parse, _stream_key_by_map_operator",5,idleTimeMsPerSecond,1000.0
1784198050,8,"Source: Source-data -> LoadJSON, Parse, _stream_key_by_map_operator",5,numRecordsOut,6100.0
1784198050,8,"Source: Source-data -> LoadJSON, Parse, _stream_key_by_map_operator",5,numRecordsIn,6100.0
1784198050,8,"Source: Source-data -> LoadJSON, Parse, _stream_key_by_map_operator",5,numRecordsInPerSecond,0.0
1784198050,8,"Source: Source-data -> LoadJSON, Parse, _stream_key_by_map_operator",5,backPressuredTimeMsPerSecond,0.0
1784198050,8,"Source: Source-data -> LoadJSON, Parse, _stream_key_by_map_operator",6,busyTimeMsPerSecond,0.0
1784198050,8,"Source: Source-data -> LoadJSON, Parse, _stream_key_by_map_operator",6,numRecordsOutPerSecond,0.0
1784198050,8,"Source: Source-data -> LoadJSON, Parse, _stream_key_by_map_operator",6,idleTimeMsPerSecond,1000.0
1784198050,8,"Source: Source-data -> LoadJSON, Parse, _stream_key_by_map_operator",6,numRecordsOut,6063.0
1784198050,8,"Source: Source-data -> LoadJSON, Parse, _stream_key_by_map_operator",6,numRecordsIn,6063.0
1784198050,8,"Source: Source-data -> LoadJSON, Parse, _stream_key_by_map_operator",6,numRecordsInPerSecond,0.0
1784198050,8,"Source: Source-data -> LoadJSON, Parse, _stream_key_by_map_operator",6,backPressuredTimeMsPerSecond,0.0
1784198050,8,"Source: Source-data -> LoadJSON, Parse, _stream_key_by_map_operator",7,busyTimeMsPerSecond,0.0
1784198050,8,"Source: Source-data -> LoadJSON, Parse, _stream_key_by_map_operator",7,numRecordsOutPerSecond,0.0
1784198050,8,"Source: Source-data -> LoadJSON, Parse, _stream_key_by_map_operator",7,idleTimeMsPerSecond,1000.0
1784198050,8,"Source: Source-data -> LoadJSON, Parse, _stream_key_by_map_operator",7,numRecordsOut,5969.0
1784198050,8,"Source: Source-data -> LoadJSON, Parse, _stream_key_by_map_operator",7,numRecordsIn,5969.0
1784198050,8,"Source: Source-data -> LoadJSON, Parse, _stream_key_by_map_operator",7,numRecordsInPerSecond,0.0
1784198050,8,"Source: Source-data -> LoadJSON, Parse, _stream_key_by_map_operator",7,backPressuredTimeMsPerSecond,0.0
1784198050,8,"KEYED PROCESS, Parse->Train, _stream_key_by_map_operator",0,busyTimeMsPerSecond,264.0
1784198050,8,"KEYED PROCESS, Parse->Train, _stream_key_by_map_operator",0,numRecordsOutPerSecond,0.06666666666666667
1784198050,8,"KEYED PROCESS, Parse->Train, _stream_key_by_map_operator",0,idleTimeMsPerSecond,0.0
1784198050,8,"KEYED PROCESS, Parse->Train, _stream_key_by_map_operator",0,numRecordsOut,164.0
1784198050,8,"KEYED PROCESS, Parse->Train, _stream_key_by_map_operator",0,numRecordsIn,165.0
1784198050,8,"KEYED PROCESS, Parse->Train, _stream_key_by_map_operator",0,numRecordsInPerSecond,0.06666666666666667
1784198050,8,"KEYED PROCESS, Parse->Train, _stream_key_by_map_operator",0,backPressuredTimeMsPerSecond,736.0
1784198050,8,"KEYED PROCESS, Parse->Train, _stream_key_by_map_operator",1,busyTimeMsPerSecond,248.0
1784198050,8,"KEYED PROCESS, Parse->Train, _stream_key_by_map_operator",1,numRecordsOutPerSecond,0.1
1784198050,8,"KEYED PROCESS, Parse->Train, _stream_key_by_map_operator",1,idleTimeMsPerSecond,0.0
1784198050,8,"KEYED PROCESS, Parse->Train, _stream_key_by_map_operator",1,numRecordsOut,168.0
1784198050,8,"KEYED PROCESS, Parse->Train, _stream_key_by_map_operator",1,numRecordsIn,169.0
1784198050,8,"KEYED PROCESS, Parse->Train, _stream_key_by_map_operator",1,numRecordsInPerSecond,0.1
1784198050,8,"KEYED PROCESS, Parse->Train, _stream_key_by_map_operator",1,backPressuredTimeMsPerSecond,752.0
1784198050,8,"KEYED PROCESS, Parse->Train, _stream_key_by_map_operator",2,busyTimeMsPerSecond,733.0
1784198050,8,"KEYED PROCESS, Parse->Train, _stream_key_by_map_operator",2,numRecordsOutPerSecond,0.21666666666666667
1784198050,8,"KEYED PROCESS, Parse->Train, _stream_key_by_map_operator",2,idleTimeMsPerSecond,0.0
1784198050,8,"KEYED PROCESS, Parse->Train, _stream_key_by_map_operator",2,numRecordsOut,128.0
1784198050,8,"KEYED PROCESS, Parse->Train, _stream_key_by_map_operator",2,numRecordsIn,129.0
1784198050,8,"KEYED PROCESS, Parse->Train, _stream_key_by_map_operator",2,numRecordsInPerSecond,0.21666666666666667
1784198050,8,"KEYED PROCESS, Parse->Train, _stream_key_by_map_operator",2,backPressuredTimeMsPerSecond,267.0
1784198050,8,"KEYED PROCESS, Parse->Train, _stream_key_by_map_operator",3,busyTimeMsPerSecond,0.0
1784198050,8,"KEYED PROCESS, Parse->Train, _stream_key_by_map_operator",3,numRecordsOutPerSecond,0.0
1784198050,8,"KEYED PROCESS, Parse->Train, _stream_key_by_map_operator",3,idleTimeMsPerSecond,1000.0
1784198050,8,"KEYED PROCESS, Parse->Train, _stream_key_by_map_operator",3,numRecordsOut,0.0
1784198050,8,"KEYED PROCESS, Parse->Train, _stream_key_by_map_operator",3,numRecordsIn,0.0
1784198050,8,"KEYED PROCESS, Parse->Train, _stream_key_by_map_operator",3,numRecordsInPerSecond,0.0
1784198050,8,"KEYED PROCESS, Parse->Train, _stream_key_by_map_operator",3,backPressuredTimeMsPerSecond,0.0
1784198050,8,"KEYED PROCESS, Parse->Train, _stream_key_by_map_operator",4,busyTimeMsPerSecond,456.0
1784198050,8,"KEYED PROCESS, Parse->Train, _stream_key_by_map_operator",4,numRecordsOutPerSecond,0.15
1784198050,8,"KEYED PROCESS, Parse->Train, _stream_key_by_map_operator",4,idleTimeMsPerSecond,0.0
1784198050,8,"KEYED PROCESS, Parse->Train, _stream_key_by_map_operator",4,numRecordsOut,195.0
1784198050,8,"KEYED PROCESS, Parse->Train, _stream_key_by_map_operator",4,numRecordsIn,196.0
1784198050,8,"KEYED PROCESS, Parse->Train, _stream_key_by_map_operator",4,numRecordsInPerSecond,0.15
1784198050,8,"KEYED PROCESS, Parse->Train, _stream_key_by_map_operator",4,backPressuredTimeMsPerSecond,544.0
1784198050,8,"KEYED PROCESS, Parse->Train, _stream_key_by_map_operator",5,busyTimeMsPerSecond,0.0
1784198050,8,"KEYED PROCESS, Parse->Train, _stream_key_by_map_operator",5,numRecordsOutPerSecond,0.0
1784198050,8,"KEYED PROCESS, Parse->Train, _stream_key_by_map_operator",5,idleTimeMsPerSecond,1000.0
1784198050,8,"KEYED PROCESS, Parse->Train, _stream_key_by_map_operator",5,numRecordsOut,0.0
1784198050,8,"KEYED PROCESS, Parse->Train, _stream_key_by_map_operator",5,numRecordsIn,0.0
1784198050,8,"KEYED PROCESS, Parse->Train, _stream_key_by_map_operator",5,numRecordsInPerSecond,0.0
1784198050,8,"KEYED PROCESS, Parse->Train, _stream_key_by_map_operator",5,backPressuredTimeMsPerSecond,0.0
1784198050,8,"KEYED PROCESS, Parse->Train, _stream_key_by_map_operator",6,busyTimeMsPerSecond,0.0
1784198050,8,"KEYED PROCESS, Parse->Train, _stream_key_by_map_operator",6,numRecordsOutPerSecond,0.0
1784198050,8,"KEYED PROCESS, Parse->Train, _stream_key_by_map_operator",6,idleTimeMsPerSecond,1000.0
1784198050,8,"KEYED PROCESS, Parse->Train, _stream_key_by_map_operator",6,numRecordsOut,0.0
1784198050,8,"KEYED PROCESS, Parse->Train, _stream_key_by_map_operator",6,numRecordsIn,0.0
1784198050,8,"KEYED PROCESS, Parse->Train, _stream_key_by_map_operator",6,numRecordsInPerSecond,0.0
1784198050,8,"KEYED PROCESS, Parse->Train, _stream_key_by_map_operator",6,backPressuredTimeMsPerSecond,0.0
1784198050,8,"KEYED PROCESS, Parse->Train, _stream_key_by_map_operator",7,busyTimeMsPerSecond,348.0
1784198050,8,"KEYED PROCESS, Parse->Train, _stream_key_by_map_operator",7,numRecordsOutPerSecond,0.1
1784198050,8,"KEYED PROCESS, Parse->Train, _stream_key_by_map_operator",7,idleTimeMsPerSecond,0.0
1784198050,8,"KEYED PROCESS, Parse->Train, _stream_key_by_map_operator",7,numRecordsOut,134.0
1784198050,8,"KEYED PROCESS, Parse->Train, _stream_key_by_map_operator",7,numRecordsIn,135.0
1784198050,8,"KEYED PROCESS, Parse->Train, _stream_key_by_map_operator",7,numRecordsInPerSecond,0.1
1784198050,8,"KEYED PROCESS, Parse->Train, _stream_key_by_map_operator",7,backPressuredTimeMsPerSecond,652.0
1784198050,8,"KEYED PROCESS, Train->Infer, _stream_key_by_map_operator",0,busyTimeMsPerSecond,502.0
1784198050,8,"KEYED PROCESS, Train->Infer, _stream_key_by_map_operator",0,numRecordsOutPerSecond,47.016666666666666
1784198050,8,"KEYED PROCESS, Train->Infer, _stream_key_by_map_operator",0,idleTimeMsPerSecond,498.0
1784198050,8,"KEYED PROCESS, Train->Infer, _stream_key_by_map_operator",0,numRecordsOut,34881.0
1784198050,8,"KEYED PROCESS, Train->Infer, _stream_key_by_map_operator",0,numRecordsIn,131.0
1784198050,8,"KEYED PROCESS, Train->Infer, _stream_key_by_map_operator",0,numRecordsInPerSecond,0.08333333333333333
1784198050,8,"KEYED PROCESS, Train->Infer, _stream_key_by_map_operator",0,backPressuredTimeMsPerSecond,0.0
1784198050,8,"KEYED PROCESS, Train->Infer, _stream_key_by_map_operator",1,busyTimeMsPerSecond,344.0
1784198050,8,"KEYED PROCESS, Train->Infer, _stream_key_by_map_operator",1,numRecordsOutPerSecond,50.0
1784198050,8,"KEYED PROCESS, Train->Infer, _stream_key_by_map_operator",1,idleTimeMsPerSecond,656.0
1784198050,8,"KEYED PROCESS, Train->Infer, _stream_key_by_map_operator",1,numRecordsOut,31559.0
1784198050,8,"KEYED PROCESS, Train->Infer, _stream_key_by_map_operator",1,numRecordsIn,123.0
1784198050,8,"KEYED PROCESS, Train->Infer, _stream_key_by_map_operator",1,numRecordsInPerSecond,0.08333333333333333
1784198050,8,"KEYED PROCESS, Train->Infer, _stream_key_by_map_operator",1,backPressuredTimeMsPerSecond,0.0
1784198050,8,"KEYED PROCESS, Train->Infer, _stream_key_by_map_operator",2,busyTimeMsPerSecond,466.0
1784198050,8,"KEYED PROCESS, Train->Infer, _stream_key_by_map_operator",2,numRecordsOutPerSecond,41.666666666666664
1784198050,8,"KEYED PROCESS, Train->Infer, _stream_key_by_map_operator",2,idleTimeMsPerSecond,0.0
1784198050,8,"KEYED PROCESS, Train->Infer, _stream_key_by_map_operator",2,numRecordsOut,38015.0
1784198050,8,"KEYED PROCESS, Train->Infer, _stream_key_by_map_operator",2,numRecordsIn,91.0
1784198050,8,"KEYED PROCESS, Train->Infer, _stream_key_by_map_operator",2,numRecordsInPerSecond,0.08333333333333333
1784198050,8,"KEYED PROCESS, Train->Infer, _stream_key_by_map_operator",2,backPressuredTimeMsPerSecond,534.0
1784198050,8,"KEYED PROCESS, Train->Infer, _stream_key_by_map_operator",3,busyTimeMsPerSecond,553.0
1784198050,8,"KEYED PROCESS, Train->Infer, _stream_key_by_map_operator",3,numRecordsOutPerSecond,58.333333333333336
1784198050,8,"KEYED PROCESS, Train->Infer, _stream_key_by_map_operator",3,idleTimeMsPerSecond,447.0
1784198050,8,"KEYED PROCESS, Train->Infer, _stream_key_by_map_operator",3,numRecordsOut,38000.0
1784198050,8,"KEYED PROCESS, Train->Infer, _stream_key_by_map_operator",3,numRecordsIn,76.0
1784198050,8,"KEYED PROCESS, Train->Infer, _stream_key_by_map_operator",3,numRecordsInPerSecond,0.13333333333333333
1784198050,8,"KEYED PROCESS, Train->Infer, _stream_key_by_map_operator",3,backPressuredTimeMsPerSecond,0.0
1784198050,8,"KEYED PROCESS, Train->Infer, _stream_key_by_map_operator",4,busyTimeMsPerSecond,335.0
1784198050,8,"KEYED PROCESS, Train->Infer, _stream_key_by_map_operator",4,numRecordsOutPerSecond,33.333333333333336
1784198050,8,"KEYED PROCESS, Train->Infer, _stream_key_by_map_operator",4,idleTimeMsPerSecond,665.0
1784198050,8,"KEYED PROCESS, Train->Infer, _stream_key_by_map_operator",4,numRecordsOut,25575.0
1784198050,8,"KEYED PROCESS, Train->Infer, _stream_key_by_map_operator",4,numRecordsIn,126.0
1784198050,8,"KEYED PROCESS, Train->Infer, _stream_key_by_map_operator",4,numRecordsInPerSecond,0.06666666666666667
1784198050,8,"KEYED PROCESS, Train->Infer, _stream_key_by_map_operator",4,backPressuredTimeMsPerSecond,0.0
1784198050,8,"KEYED PROCESS, Train->Infer, _stream_key_by_map_operator",5,busyTimeMsPerSecond,424.0
1784198050,8,"KEYED PROCESS, Train->Infer, _stream_key_by_map_operator",5,numRecordsOutPerSecond,41.666666666666664
1784198050,8,"KEYED PROCESS, Train->Infer, _stream_key_by_map_operator",5,idleTimeMsPerSecond,576.0
1784198050,8,"KEYED PROCESS, Train->Infer, _stream_key_by_map_operator",5,numRecordsOut,34500.0
1784198050,8,"KEYED PROCESS, Train->Infer, _stream_key_by_map_operator",5,numRecordsIn,70.0
1784198050,8,"KEYED PROCESS, Train->Infer, _stream_key_by_map_operator",5,numRecordsInPerSecond,0.1
1784198050,8,"KEYED PROCESS, Train->Infer, _stream_key_by_map_operator",5,backPressuredTimeMsPerSecond,0.0
1784198050,8,"KEYED PROCESS, Train->Infer, _stream_key_by_map_operator",6,busyTimeMsPerSecond,158.0
1784198050,8,"KEYED PROCESS, Train->Infer, _stream_key_by_map_operator",6,numRecordsOutPerSecond,25.0
1784198050,8,"KEYED PROCESS, Train->Infer, _stream_key_by_map_operator",6,idleTimeMsPerSecond,842.0
1784198050,8,"KEYED PROCESS, Train->Infer, _stream_key_by_map_operator",6,numRecordsOut,36500.0
1784198050,8,"KEYED PROCESS, Train->Infer, _stream_key_by_map_operator",6,numRecordsIn,73.0
1784198050,8,"KEYED PROCESS, Train->Infer, _stream_key_by_map_operator",6,numRecordsInPerSecond,0.05
1784198050,8,"KEYED PROCESS, Train->Infer, _stream_key_by_map_operator",6,backPressuredTimeMsPerSecond,0.0
1784198050,8,"KEYED PROCESS, Train->Infer, _stream_key_by_map_operator",7,busyTimeMsPerSecond,359.0
1784198050,8,"KEYED PROCESS, Train->Infer, _stream_key_by_map_operator",7,numRecordsOutPerSecond,33.333333333333336
1784198050,8,"KEYED PROCESS, Train->Infer, _stream_key_by_map_operator",7,idleTimeMsPerSecond,641.0
1784198050,8,"KEYED PROCESS, Train->Infer, _stream_key_by_map_operator",7,numRecordsOut,33030.0
1784198050,8,"KEYED PROCESS, Train->Infer, _stream_key_by_map_operator",7,numRecordsIn,97.0
1784198050,8,"KEYED PROCESS, Train->Infer, _stream_key_by_map_operator",7,numRecordsInPerSecond,0.08333333333333333
1784198050,8,"KEYED PROCESS, Train->Infer, _stream_key_by_map_operator",7,backPressuredTimeMsPerSecond,0.0
1784198050,8,"Infer->Rank, Rank->Filter, Filter -> Sink: Writer -> Sink: Committer",0,busyTimeMsPerSecond,597.0
1784198050,8,"Infer->Rank, Rank->Filter, Filter -> Sink: Writer -> Sink: Committer",0,numRecordsOutPerSecond,30.333333333333332
1784198050,8,"Infer->Rank, Rank->Filter, Filter -> Sink: Writer -> Sink: Committer",0,idleTimeMsPerSecond,403.0
1784198050,8,"Infer->Rank, Rank->Filter, Filter -> Sink: Writer -> Sink: Committer",0,numRecordsOut,29974.0
1784198050,8,"Infer->Rank, Rank->Filter, Filter -> Sink: Writer -> Sink: Committer",0,numRecordsIn,34048.0
1784198050,8,"Infer->Rank, Rank->Filter, Filter -> Sink: Writer -> Sink: Committer",0,numRecordsInPerSecond,38.65
1784198050,8,"Infer->Rank, Rank->Filter, Filter -> Sink: Writer -> Sink: Committer",0,backPressuredTimeMsPerSecond,0.0
1784198050,8,"Infer->Rank, Rank->Filter, Filter -> Sink: Writer -> Sink: Committer",1,busyTimeMsPerSecond,888.0
1784198050,8,"Infer->Rank, Rank->Filter, Filter -> Sink: Writer -> Sink: Committer",1,numRecordsOutPerSecond,58.0
1784198050,8,"Infer->Rank, Rank->Filter, Filter -> Sink: Writer -> Sink: Committer",1,idleTimeMsPerSecond,112.0
1784198050,8,"Infer->Rank, Rank->Filter, Filter -> Sink: Writer -> Sink: Committer",1,numRecordsOut,28990.0
1784198050,8,"Infer->Rank, Rank->Filter, Filter -> Sink: Writer -> Sink: Committer",1,numRecordsIn,31559.0
1784198050,8,"Infer->Rank, Rank->Filter, Filter -> Sink: Writer -> Sink: Committer",1,numRecordsInPerSecond,66.31666666666666
1784198050,8,"Infer->Rank, Rank->Filter, Filter -> Sink: Writer -> Sink: Committer",1,backPressuredTimeMsPerSecond,0.0
1784198050,8,"Infer->Rank, Rank->Filter, Filter -> Sink: Writer -> Sink: Committer",2,busyTimeMsPerSecond,1000.0
1784198050,8,"Infer->Rank, Rank->Filter, Filter -> Sink: Writer -> Sink: Committer",2,numRecordsOutPerSecond,44.833333333333336
1784198050,8,"Infer->Rank, Rank->Filter, Filter -> Sink: Writer -> Sink: Committer",2,idleTimeMsPerSecond,0.0
1784198050,8,"Infer->Rank, Rank->Filter, Filter -> Sink: Writer -> Sink: Committer",2,numRecordsOut,29770.0
1784198050,8,"Infer->Rank, Rank->Filter, Filter -> Sink: Writer -> Sink: Committer",2,numRecordsIn,34793.0
1784198050,8,"Infer->Rank, Rank->Filter, Filter -> Sink: Writer -> Sink: Committer",2,numRecordsInPerSecond,44.85
1784198050,8,"Infer->Rank, Rank->Filter, Filter -> Sink: Writer -> Sink: Committer",2,backPressuredTimeMsPerSecond,0.0
1784198050,8,"Infer->Rank, Rank->Filter, Filter -> Sink: Writer -> Sink: Committer",3,busyTimeMsPerSecond,669.0
1784198050,8,"Infer->Rank, Rank->Filter, Filter -> Sink: Writer -> Sink: Committer",3,numRecordsOutPerSecond,22.833333333333332
1784198050,8,"Infer->Rank, Rank->Filter, Filter -> Sink: Writer -> Sink: Committer",3,idleTimeMsPerSecond,331.0
1784198050,8,"Infer->Rank, Rank->Filter, Filter -> Sink: Writer -> Sink: Committer",3,numRecordsOut,32480.0
1784198050,8,"Infer->Rank, Rank->Filter, Filter -> Sink: Writer -> Sink: Committer",3,numRecordsIn,36986.0
1784198050,8,"Infer->Rank, Rank->Filter, Filter -> Sink: Writer -> Sink: Committer",3,numRecordsInPerSecond,39.6
1784198050,8,"Infer->Rank, Rank->Filter, Filter -> Sink: Writer -> Sink: Committer",3,backPressuredTimeMsPerSecond,0.0
1784198050,8,"Infer->Rank, Rank->Filter, Filter -> Sink: Writer -> Sink: Committer",4,busyTimeMsPerSecond,466.0
1784198050,8,"Infer->Rank, Rank->Filter, Filter -> Sink: Writer -> Sink: Committer",4,numRecordsOutPerSecond,24.833333333333332
1784198050,8,"Infer->Rank, Rank->Filter, Filter -> Sink: Writer -> Sink: Committer",4,idleTimeMsPerSecond,534.0
1784198050,8,"Infer->Rank, Rank->Filter, Filter -> Sink: Writer -> Sink: Committer",4,numRecordsOut,24980.0
1784198050,8,"Infer->Rank, Rank->Filter, Filter -> Sink: Writer -> Sink: Committer",4,numRecordsIn,26009.0
1784198050,8,"Infer->Rank, Rank->Filter, Filter -> Sink: Writer -> Sink: Committer",4,numRecordsInPerSecond,30.583333333333332
1784198050,8,"Infer->Rank, Rank->Filter, Filter -> Sink: Writer -> Sink: Committer",4,backPressuredTimeMsPerSecond,0.0
1784198050,8,"Infer->Rank, Rank->Filter, Filter -> Sink: Writer -> Sink: Committer",5,busyTimeMsPerSecond,670.0
1784198050,8,"Infer->Rank, Rank->Filter, Filter -> Sink: Writer -> Sink: Committer",5,numRecordsOutPerSecond,40.0
1784198050,8,"Infer->Rank, Rank->Filter, Filter -> Sink: Writer -> Sink: Committer",5,idleTimeMsPerSecond,330.0
1784198050,8,"Infer->Rank, Rank->Filter, Filter -> Sink: Writer -> Sink: Committer",5,numRecordsOut,31000.0
1784198050,8,"Infer->Rank, Rank->Filter, Filter -> Sink: Writer -> Sink: Committer",5,numRecordsIn,34575.0
1784198050,8,"Infer->Rank, Rank->Filter, Filter -> Sink: Writer -> Sink: Committer",5,numRecordsInPerSecond,48.416666666666664
1784198050,8,"Infer->Rank, Rank->Filter, Filter -> Sink: Writer -> Sink: Committer",5,backPressuredTimeMsPerSecond,0.0
1784198050,8,"Infer->Rank, Rank->Filter, Filter -> Sink: Writer -> Sink: Committer",6,busyTimeMsPerSecond,318.0
1784198050,8,"Infer->Rank, Rank->Filter, Filter -> Sink: Writer -> Sink: Committer",6,numRecordsOutPerSecond,33.333333333333336
1784198050,8,"Infer->Rank, Rank->Filter, Filter -> Sink: Writer -> Sink: Committer",6,idleTimeMsPerSecond,682.0
1784198050,8,"Infer->Rank, Rank->Filter, Filter -> Sink: Writer -> Sink: Committer",6,numRecordsOut,32000.0
1784198050,8,"Infer->Rank, Rank->Filter, Filter -> Sink: Writer -> Sink: Committer",6,numRecordsIn,37000.0
1784198050,8,"Infer->Rank, Rank->Filter, Filter -> Sink: Writer -> Sink: Committer",6,numRecordsInPerSecond,33.18333333333333
1784198050,8,"Infer->Rank, Rank->Filter, Filter -> Sink: Writer -> Sink: Committer",6,backPressuredTimeMsPerSecond,0.0
1784198050,8,"Infer->Rank, Rank->Filter, Filter -> Sink: Writer -> Sink: Committer",7,busyTimeMsPerSecond,679.0
1784198050,8,"Infer->Rank, Rank->Filter, Filter -> Sink: Writer -> Sink: Committer",7,numRecordsOutPerSecond,25.333333333333332
1784198050,8,"Infer->Rank, Rank->Filter, Filter -> Sink: Writer -> Sink: Committer",7,idleTimeMsPerSecond,321.0
1784198050,8,"Infer->Rank, Rank->Filter, Filter -> Sink: Writer -> Sink: Committer",7,numRecordsOut,32150.0
1784198050,8,"Infer->Rank, Rank->Filter, Filter -> Sink: Writer -> Sink: Committer",7,numRecordsIn,32693.0
1784198050,8,"Infer->Rank, Rank->Filter, Filter -> Sink: Writer -> Sink: Committer",7,numRecordsInPerSecond,25.35
1784198050,8,"Infer->Rank, Rank->Filter, Filter -> Sink: Writer -> Sink: Committer",7,backPressuredTimeMsPerSecond,0.0
1784198065,8,"Source: Source-data -> LoadJSON, Parse, _stream_key_by_map_operator",0,busyTimeMsPerSecond,0.0
1784198065,8,"Source: Source-data -> LoadJSON, Parse, _stream_key_by_map_operator",0,numRecordsOutPerSecond,0.0
1784198065,8,"Source: Source-data -> LoadJSON, Parse, _stream_key_by_map_operator",0,idleTimeMsPerSecond,1000.0
1784198065,8,"Source: Source-data -> LoadJSON, Parse, _stream_key_by_map_operator",0,numRecordsOut,6130.0
1784198065,8,"Source: Source-data -> LoadJSON, Parse, _stream_key_by_map_operator",0,numRecordsIn,6130.0
1784198065,8,"Source: Source-data -> LoadJSON, Parse, _stream_key_by_map_operator",0,numRecordsInPerSecond,0.0
1784198065,8,"Source: Source-data -> LoadJSON, Parse, _stream_key_by_map_operator",0,backPressuredTimeMsPerSecond,0.0
1784198065,8,"Source: Source-data -> LoadJSON, Parse, _stream_key_by_map_operator",1,busyTimeMsPerSecond,1.0
1784198065,8,"Source: Source-data -> LoadJSON, Parse, _stream_key_by_map_operator",1,numRecordsOutPerSecond,0.03333333333333333
1784198065,8,"Source: Source-data -> LoadJSON, Parse, _stream_key_by_map_operator",1,idleTimeMsPerSecond,547.0
1784198065,8,"Source: Source-data -> LoadJSON, Parse, _stream_key_by_map_operator",1,numRecordsOut,6028.0
1784198065,8,"Source: Source-data -> LoadJSON, Parse, _stream_key_by_map_operator",1,numRecordsIn,6028.0
1784198065,8,"Source: Source-data -> LoadJSON, Parse, _stream_key_by_map_operator",1,numRecordsInPerSecond,0.03333333333333333
1784198065,8,"Source: Source-data -> LoadJSON, Parse, _stream_key_by_map_operator",1,backPressuredTimeMsPerSecond,452.0
1784198065,8,"Source: Source-data -> LoadJSON, Parse, _stream_key_by_map_operator",2,busyTimeMsPerSecond,1.0
1784198065,8,"Source: Source-data -> LoadJSON, Parse, _stream_key_by_map_operator",2,numRecordsOutPerSecond,0.016666666666666666
1784198065,8,"Source: Source-data -> LoadJSON, Parse, _stream_key_by_map_operator",2,idleTimeMsPerSecond,999.0
1784198065,8,"Source: Source-data -> LoadJSON, Parse, _stream_key_by_map_operator",2,numRecordsOut,6233.0
1784198065,8,"Source: Source-data -> LoadJSON, Parse, _stream_key_by_map_operator",2,numRecordsIn,6233.0
1784198065,8,"Source: Source-data -> LoadJSON, Parse, _stream_key_by_map_operator",2,numRecordsInPerSecond,0.016666666666666666
1784198065,8,"Source: Source-data -> LoadJSON, Parse, _stream_key_by_map_operator",2,backPressuredTimeMsPerSecond,0.0
1784198065,8,"Source: Source-data -> LoadJSON, Parse, _stream_key_by_map_operator",3,busyTimeMsPerSecond,0.0
1784198065,8,"Source: Source-data -> LoadJSON, Parse, _stream_key_by_map_operator",3,numRecordsOutPerSecond,0.0
1784198065,8,"Source: Source-data -> LoadJSON, Parse, _stream_key_by_map_operator",3,idleTimeMsPerSecond,0.0
1784198065,8,"Source: Source-data -> LoadJSON, Parse, _stream_key_by_map_operator",3,numRecordsOut,6021.0
1784198065,8,"Source: Source-data -> LoadJSON, Parse, _stream_key_by_map_operator",3,numRecordsIn,6021.0
1784198065,8,"Source: Source-data -> LoadJSON, Parse, _stream_key_by_map_operator",3,numRecordsInPerSecond,0.0
1784198065,8,"Source: Source-data -> LoadJSON, Parse, _stream_key_by_map_operator",3,backPressuredTimeMsPerSecond,1000.0
1784198065,8,"Source: Source-data -> LoadJSON, Parse, _stream_key_by_map_operator",4,busyTimeMsPerSecond,0.0
1784198065,8,"Source: Source-data -> LoadJSON, Parse, _stream_key_by_map_operator",4,numRecordsOutPerSecond,0.0
1784198065,8,"Source: Source-data -> LoadJSON, Parse, _stream_key_by_map_operator",4,idleTimeMsPerSecond,0.0
1784198065,8,"Source: Source-data -> LoadJSON, Parse, _stream_key_by_map_operator",4,numRecordsOut,6068.0
1784198065,8,"Source: Source-data -> LoadJSON, Parse, _stream_key_by_map_operator",4,numRecordsIn,6068.0
1784198065,8,"Source: Source-data -> LoadJSON, Parse, _stream_key_by_map_operator",4,numRecordsInPerSecond,0.0
1784198065,8,"Source: Source-data -> LoadJSON, Parse, _stream_key_by_map_operator",4,backPressuredTimeMsPerSecond,1000.0
1784198065,8,"Source: Source-data -> LoadJSON, Parse, _stream_key_by_map_operator",5,busyTimeMsPerSecond,0.0
1784198065,8,"Source: Source-data -> LoadJSON, Parse, _stream_key_by_map_operator",5,numRecordsOutPerSecond,0.0
1784198065,8,"Source: Source-data -> LoadJSON, Parse, _stream_key_by_map_operator",5,idleTimeMsPerSecond,1000.0
1784198065,8,"Source: Source-data -> LoadJSON, Parse, _stream_key_by_map_operator",5,numRecordsOut,6100.0
1784198065,8,"Source: Source-data -> LoadJSON, Parse, _stream_key_by_map_operator",5,numRecordsIn,6100.0
1784198065,8,"Source: Source-data -> LoadJSON, Parse, _stream_key_by_map_operator",5,numRecordsInPerSecond,0.0
1784198065,8,"Source: Source-data -> LoadJSON, Parse, _stream_key_by_map_operator",5,backPressuredTimeMsPerSecond,0.0
1784198065,8,"Source: Source-data -> LoadJSON, Parse, _stream_key_by_map_operator",6,busyTimeMsPerSecond,0.0
1784198065,8,"Source: Source-data -> LoadJSON, Parse, _stream_key_by_map_operator",6,numRecordsOutPerSecond,0.016666666666666666
1784198065,8,"Source: Source-data -> LoadJSON, Parse, _stream_key_by_map_operator",6,idleTimeMsPerSecond,1000.0
1784198065,8,"Source: Source-data -> LoadJSON, Parse, _stream_key_by_map_operator",6,numRecordsOut,6064.0
1784198065,8,"Source: Source-data -> LoadJSON, Parse, _stream_key_by_map_operator",6,numRecordsIn,6064.0
1784198065,8,"Source: Source-data -> LoadJSON, Parse, _stream_key_by_map_operator",6,numRecordsInPerSecond,0.016666666666666666
1784198065,8,"Source: Source-data -> LoadJSON, Parse, _stream_key_by_map_operator",6,backPressuredTimeMsPerSecond,0.0
1784198065,8,"Source: Source-data -> LoadJSON, Parse, _stream_key_by_map_operator",7,busyTimeMsPerSecond,0.0
1784198065,8,"Source: Source-data -> LoadJSON, Parse, _stream_key_by_map_operator",7,numRecordsOutPerSecond,0.0
1784198065,8,"Source: Source-data -> LoadJSON, Parse, _stream_key_by_map_operator",7,idleTimeMsPerSecond,1000.0
1784198065,8,"Source: Source-data -> LoadJSON, Parse, _stream_key_by_map_operator",7,numRecordsOut,5969.0
1784198065,8,"Source: Source-data -> LoadJSON, Parse, _stream_key_by_map_operator",7,numRecordsIn,5969.0
1784198065,8,"Source: Source-data -> LoadJSON, Parse, _stream_key_by_map_operator",7,numRecordsInPerSecond,0.0
1784198065,8,"Source: Source-data -> LoadJSON, Parse, _stream_key_by_map_operator",7,backPressuredTimeMsPerSecond,0.0
1784198065,8,"KEYED PROCESS, Parse->Train, _stream_key_by_map_operator",0,busyTimeMsPerSecond,411.0
1784198065,8,"KEYED PROCESS, Parse->Train, _stream_key_by_map_operator",0,numRecordsOutPerSecond,0.11666666666666667
1784198065,8,"KEYED PROCESS, Parse->Train, _stream_key_by_map_operator",0,idleTimeMsPerSecond,0.0
1784198065,8,"KEYED PROCESS, Parse->Train, _stream_key_by_map_operator",0,numRecordsOut,167.0
1784198065,8,"KEYED PROCESS, Parse->Train, _stream_key_by_map_operator",0,numRecordsIn,168.0
1784198065,8,"KEYED PROCESS, Parse->Train, _stream_key_by_map_operator",0,numRecordsInPerSecond,0.11666666666666667
1784198065,8,"KEYED PROCESS, Parse->Train, _stream_key_by_map_operator",0,backPressuredTimeMsPerSecond,589.0
1784198065,8,"KEYED PROCESS, Parse->Train, _stream_key_by_map_operator",1,busyTimeMsPerSecond,477.0
1784198065,8,"KEYED PROCESS, Parse->Train, _stream_key_by_map_operator",1,numRecordsOutPerSecond,0.15
1784198065,8,"KEYED PROCESS, Parse->Train, _stream_key_by_map_operator",1,idleTimeMsPerSecond,0.0
1784198065,8,"KEYED PROCESS, Parse->Train, _stream_key_by_map_operator",1,numRecordsOut,172.0
1784198065,8,"KEYED PROCESS, Parse->Train, _stream_key_by_map_operator",1,numRecordsIn,173.0
1784198065,8,"KEYED PROCESS, Parse->Train, _stream_key_by_map_operator",1,numRecordsInPerSecond,0.15
1784198065,8,"KEYED PROCESS, Parse->Train, _stream_key_by_map_operator",1,backPressuredTimeMsPerSecond,523.0
1784198065,8,"KEYED PROCESS, Parse->Train, _stream_key_by_map_operator",2,busyTimeMsPerSecond,724.0
1784198065,8,"KEYED PROCESS, Parse->Train, _stream_key_by_map_operator",2,numRecordsOutPerSecond,0.2
1784198065,8,"KEYED PROCESS, Parse->Train, _stream_key_by_map_operator",2,idleTimeMsPerSecond,0.0
1784198065,8,"KEYED PROCESS, Parse->Train, _stream_key_by_map_operator",2,numRecordsOut,130.0
1784198065,8,"KEYED PROCESS, Parse->Train, _stream_key_by_map_operator",2,numRecordsIn,131.0
1784198065,8,"KEYED PROCESS, Parse->Train, _stream_key_by_map_operator",2,numRecordsInPerSecond,0.2
1784198065,8,"KEYED PROCESS, Parse->Train, _stream_key_by_map_operator",2,backPressuredTimeMsPerSecond,276.0
1784198065,8,"KEYED PROCESS, Parse->Train, _stream_key_by_map_operator",3,busyTimeMsPerSecond,0.0
1784198065,8,"KEYED PROCESS, Parse->Train, _stream_key_by_map_operator",3,numRecordsOutPerSecond,0.0
1784198065,8,"KEYED PROCESS, Parse->Train, _stream_key_by_map_operator",3,idleTimeMsPerSecond,1000.0
1784198065,8,"KEYED PROCESS, Parse->Train, _stream_key_by_map_operator",3,numRecordsOut,0.0
1784198065,8,"KEYED PROCESS, Parse->Train, _stream_key_by_map_operator",3,numRecordsIn,0.0
1784198065,8,"KEYED PROCESS, Parse->Train, _stream_key_by_map_operator",3,numRecordsInPerSecond,0.0
1784198065,8,"KEYED PROCESS, Parse->Train, _stream_key_by_map_operator",3,backPressuredTimeMsPerSecond,0.0
1784198065,8,"KEYED PROCESS, Parse->Train, _stream_key_by_map_operator",4,busyTimeMsPerSecond,615.0
1784198065,8,"KEYED PROCESS, Parse->Train, _stream_key_by_map_operator",4,numRecordsOutPerSecond,0.2
1784198065,8,"KEYED PROCESS, Parse->Train, _stream_key_by_map_operator",4,idleTimeMsPerSecond,0.0
1784198065,8,"KEYED PROCESS, Parse->Train, _stream_key_by_map_operator",4,numRecordsOut,201.0
1784198065,8,"KEYED PROCESS, Parse->Train, _stream_key_by_map_operator",4,numRecordsIn,202.0
1784198065,8,"KEYED PROCESS, Parse->Train, _stream_key_by_map_operator",4,numRecordsInPerSecond,0.2
1784198065,8,"KEYED PROCESS, Parse->Train, _stream_key_by_map_operator",4,backPressuredTimeMsPerSecond,385.0
1784198065,8,"KEYED PROCESS, Parse->Train, _stream_key_by_map_operator",5,busyTimeMsPerSecond,0.0
1784198065,8,"KEYED PROCESS, Parse->Train, _stream_key_by_map_operator",5,numRecordsOutPerSecond,0.0
1784198065,8,"KEYED PROCESS, Parse->Train, _stream_key_by_map_operator",5,idleTimeMsPerSecond,1000.0
1784198065,8,"KEYED PROCESS, Parse->Train, _stream_key_by_map_operator",5,numRecordsOut,0.0
1784198065,8,"KEYED PROCESS, Parse->Train, _stream_key_by_map_operator",5,numRecordsIn,0.0
1784198065,8,"KEYED PROCESS, Parse->Train, _stream_key_by_map_operator",5,numRecordsInPerSecond,0.0
1784198065,8,"KEYED PROCESS, Parse->Train, _stream_key_by_map_operator",5,backPressuredTimeMsPerSecond,0.0
1784198065,8,"KEYED PROCESS, Parse->Train, _stream_key_by_map_operator",6,busyTimeMsPerSecond,0.0
1784198065,8,"KEYED PROCESS, Parse->Train, _stream_key_by_map_operator",6,numRecordsOutPerSecond,0.0
1784198065,8,"KEYED PROCESS, Parse->Train, _stream_key_by_map_operator",6,idleTimeMsPerSecond,1000.0
1784198065,8,"KEYED PROCESS, Parse->Train, _stream_key_by_map_operator",6,numRecordsOut,0.0
1784198065,8,"KEYED PROCESS, Parse->Train, _stream_key_by_map_operator",6,numRecordsIn,0.0
1784198065,8,"KEYED PROCESS, Parse->Train, _stream_key_by_map_operator",6,numRecordsInPerSecond,0.0
1784198065,8,"KEYED PROCESS, Parse->Train, _stream_key_by_map_operator",6,backPressuredTimeMsPerSecond,0.0
1784198065,8,"KEYED PROCESS, Parse->Train, _stream_key_by_map_operator",7,busyTimeMsPerSecond,609.0
1784198065,8,"KEYED PROCESS, Parse->Train, _stream_key_by_map_operator",7,numRecordsOutPerSecond,0.16666666666666666
1784198065,8,"KEYED PROCESS, Parse->Train, _stream_key_by_map_operator",7,idleTimeMsPerSecond,0.0
1784198065,8,"KEYED PROCESS, Parse->Train, _stream_key_by_map_operator",7,numRecordsOut,137.0
1784198065,8,"KEYED PROCESS, Parse->Train, _stream_key_by_map_operator",7,numRecordsIn,138.0
1784198065,8,"KEYED PROCESS, Parse->Train, _stream_key_by_map_operator",7,numRecordsInPerSecond,0.16666666666666666
1784198065,8,"KEYED PROCESS, Parse->Train, _stream_key_by_map_operator",7,backPressuredTimeMsPerSecond,391.0
1784198065,8,"KEYED PROCESS, Train->Infer, _stream_key_by_map_operator",0,busyTimeMsPerSecond,713.0
1784198065,8,"KEYED PROCESS, Train->Infer, _stream_key_by_map_operator",0,numRecordsOutPerSecond,55.35
1784198065,8,"KEYED PROCESS, Train->Infer, _stream_key_by_map_operator",0,idleTimeMsPerSecond,287.0
1784198065,8,"KEYED PROCESS, Train->Infer, _stream_key_by_map_operator",0,numRecordsOut,36381.0
1784198065,8,"KEYED PROCESS, Train->Infer, _stream_key_by_map_operator",0,numRecordsIn,133.0
1784198065,8,"KEYED PROCESS, Train->Infer, _stream_key_by_map_operator",0,numRecordsInPerSecond,0.11666666666666667
1784198065,8,"KEYED PROCESS, Train->Infer, _stream_key_by_map_operator",0,backPressuredTimeMsPerSecond,0.0
1784198065,8,"KEYED PROCESS, Train->Infer, _stream_key_by_map_operator",1,busyTimeMsPerSecond,384.0
1784198065,8,"KEYED PROCESS, Train->Infer, _stream_key_by_map_operator",1,numRecordsOutPerSecond,25.0
1784198065,8,"KEYED PROCESS, Train->Infer, _stream_key_by_map_operator",1,idleTimeMsPerSecond,616.0
1784198065,8,"KEYED PROCESS, Train->Infer, _stream_key_by_map_operator",1,numRecordsOut,33559.0
1784198065,8,"KEYED PROCESS, Train->Infer, _stream_key_by_map_operator",1,numRecordsIn,128.0
1784198065,8,"KEYED PROCESS, Train->Infer, _stream_key_by_map_operator",1,numRecordsInPerSecond,0.06666666666666667
1784198065,8,"KEYED PROCESS, Train->Infer, _stream_key_by_map_operator",1,backPressuredTimeMsPerSecond,0.0
1784198065,8,"KEYED PROCESS, Train->Infer, _stream_key_by_map_operator",2,busyTimeMsPerSecond,595.0
1784198065,8,"KEYED PROCESS, Train->Infer, _stream_key_by_map_operator",2,numRecordsOutPerSecond,41.666666666666664
1784198065,8,"KEYED PROCESS, Train->Infer, _stream_key_by_map_operator",2,idleTimeMsPerSecond,0.0
1784198065,8,"KEYED PROCESS, Train->Infer, _stream_key_by_map_operator",2,numRecordsOut,39515.0
1784198065,8,"KEYED PROCESS, Train->Infer, _stream_key_by_map_operator",2,numRecordsIn,94.0
1784198065,8,"KEYED PROCESS, Train->Infer, _stream_key_by_map_operator",2,numRecordsInPerSecond,0.1
1784198065,8,"KEYED PROCESS, Train->Infer, _stream_key_by_map_operator",2,backPressuredTimeMsPerSecond,405.0
1784198065,8,"KEYED PROCESS, Train->Infer, _stream_key_by_map_operator",3,busyTimeMsPerSecond,714.0
1784198065,8,"KEYED PROCESS, Train->Infer, _stream_key_by_map_operator",3,numRecordsOutPerSecond,75.0
1784198065,8,"KEYED PROCESS, Train->Infer, _stream_key_by_map_operator",3,idleTimeMsPerSecond,286.0
1784198065,8,"KEYED PROCESS, Train->Infer, _stream_key_by_map_operator",3,numRecordsOut,39500.0
1784198065,8,"KEYED PROCESS, Train->Infer, _stream_key_by_map_operator",3,numRecordsIn,79.0
1784198065,8,"KEYED PROCESS, Train->Infer, _stream_key_by_map_operator",3,numRecordsInPerSecond,0.15
1784198065,8,"KEYED PROCESS, Train->Infer, _stream_key_by_map_operator",3,backPressuredTimeMsPerSecond,0.0
1784198065,8,"KEYED PROCESS, Train->Infer, _stream_key_by_map_operator",4,busyTimeMsPerSecond,355.0
1784198065,8,"KEYED PROCESS, Train->Infer, _stream_key_by_map_operator",4,numRecordsOutPerSecond,33.333333333333336
1784198065,8,"KEYED PROCESS, Train->Infer, _stream_key_by_map_operator",4,idleTimeMsPerSecond,645.0
1784198065,8,"KEYED PROCESS, Train->Infer, _stream_key_by_map_operator",4,numRecordsOut,26575.0
1784198065,8,"KEYED PROCESS, Train->Infer, _stream_key_by_map_operator",4,numRecordsIn,129.0
1784198065,8,"KEYED PROCESS, Train->Infer, _stream_key_by_map_operator",4,numRecordsInPerSecond,0.08333333333333333
1784198065,8,"KEYED PROCESS, Train->Infer, _stream_key_by_map_operator",4,backPressuredTimeMsPerSecond,0.0
1784198065,8,"KEYED PROCESS, Train->Infer, _stream_key_by_map_operator",5,busyTimeMsPerSecond,654.0
1784198065,8,"KEYED PROCESS, Train->Infer, _stream_key_by_map_operator",5,numRecordsOutPerSecond,66.66666666666667
1784198065,8,"KEYED PROCESS, Train->Infer, _stream_key_by_map_operator",5,idleTimeMsPerSecond,346.0
1784198065,8,"KEYED PROCESS, Train->Infer, _stream_key_by_map_operator",5,numRecordsOut,36000.0
1784198065,8,"KEYED PROCESS, Train->Infer, _stream_key_by_map_operator",5,numRecordsIn,72.0
1784198065,8,"KEYED PROCESS, Train->Infer, _stream_key_by_map_operator",5,numRecordsInPerSecond,0.13333333333333333
1784198065,8,"KEYED PROCESS, Train->Infer, _stream_key_by_map_operator",5,backPressuredTimeMsPerSecond,0.0
1784198065,8,"KEYED PROCESS, Train->Infer, _stream_key_by_map_operator",6,busyTimeMsPerSecond,222.0
1784198065,8,"KEYED PROCESS, Train->Infer, _stream_key_by_map_operator",6,numRecordsOutPerSecond,25.0
1784198065,8,"KEYED PROCESS, Train->Infer, _stream_key_by_map_operator",6,idleTimeMsPerSecond,778.0
1784198065,8,"KEYED PROCESS, Train->Infer, _stream_key_by_map_operator",6,numRecordsOut,38000.0
1784198065,8,"KEYED PROCESS, Train->Infer, _stream_key_by_map_operator",6,numRecordsIn,76.0
1784198065,8,"KEYED PROCESS, Train->Infer, _stream_key_by_map_operator",6,numRecordsInPerSecond,0.06666666666666667
1784198065,8,"KEYED PROCESS, Train->Infer, _stream_key_by_map_operator",6,backPressuredTimeMsPerSecond,0.0
1784198065,8,"KEYED PROCESS, Train->Infer, _stream_key_by_map_operator",7,busyTimeMsPerSecond,743.0
1784198065,8,"KEYED PROCESS, Train->Infer, _stream_key_by_map_operator",7,numRecordsOutPerSecond,66.66666666666667
1784198065,8,"KEYED PROCESS, Train->Infer, _stream_key_by_map_operator",7,idleTimeMsPerSecond,257.0
1784198065,8,"KEYED PROCESS, Train->Infer, _stream_key_by_map_operator",7,numRecordsOut,35030.0
1784198065,8,"KEYED PROCESS, Train->Infer, _stream_key_by_map_operator",7,numRecordsIn,101.0
1784198065,8,"KEYED PROCESS, Train->Infer, _stream_key_by_map_operator",7,numRecordsInPerSecond,0.13333333333333333
1784198065,8,"KEYED PROCESS, Train->Infer, _stream_key_by_map_operator",7,backPressuredTimeMsPerSecond,0.0
1784198065,8,"Infer->Rank, Rank->Filter, Filter -> Sink: Writer -> Sink: Committer",0,busyTimeMsPerSecond,838.0
1784198065,8,"Infer->Rank, Rank->Filter, Filter -> Sink: Writer -> Sink: Committer",0,numRecordsOutPerSecond,30.833333333333332
1784198065,8,"Infer->Rank, Rank->Filter, Filter -> Sink: Writer -> Sink: Committer",0,idleTimeMsPerSecond,162.0
1784198065,8,"Infer->Rank, Rank->Filter, Filter -> Sink: Writer -> Sink: Committer",0,numRecordsOut,30934.0
1784198065,8,"Infer->Rank, Rank->Filter, Filter -> Sink: Writer -> Sink: Committer",0,numRecordsIn,35007.0
1784198065,8,"Infer->Rank, Rank->Filter, Filter -> Sink: Writer -> Sink: Committer",0,numRecordsInPerSecond,31.016666666666666
1784198065,8,"Infer->Rank, Rank->Filter, Filter -> Sink: Writer -> Sink: Committer",0,backPressuredTimeMsPerSecond,0.0
1784198065,8,"Infer->Rank, Rank->Filter, Filter -> Sink: Writer -> Sink: Committer",1,busyTimeMsPerSecond,689.0
1784198065,8,"Infer->Rank, Rank->Filter, Filter -> Sink: Writer -> Sink: Committer",1,numRecordsOutPerSecond,26.166666666666668
1784198065,8,"Infer->Rank, Rank->Filter, Filter -> Sink: Writer -> Sink: Committer",1,idleTimeMsPerSecond,311.0
1784198065,8,"Infer->Rank, Rank->Filter, Filter -> Sink: Writer -> Sink: Committer",1,numRecordsOut,29720.0
1784198065,8,"Infer->Rank, Rank->Filter, Filter -> Sink: Writer -> Sink: Committer",1,numRecordsIn,32298.0
1784198065,8,"Infer->Rank, Rank->Filter, Filter -> Sink: Writer -> Sink: Committer",1,numRecordsInPerSecond,34.45
1784198065,8,"Infer->Rank, Rank->Filter, Filter -> Sink: Writer -> Sink: Committer",1,backPressuredTimeMsPerSecond,0.0
1784198065,8,"Infer->Rank, Rank->Filter, Filter -> Sink: Writer -> Sink: Committer",2,busyTimeMsPerSecond,1000.0
1784198065,8,"Infer->Rank, Rank->Filter, Filter -> Sink: Writer -> Sink: Committer",2,numRecordsOutPerSecond,47.333333333333336
1784198065,8,"Infer->Rank, Rank->Filter, Filter -> Sink: Writer -> Sink: Committer",2,idleTimeMsPerSecond,0.0
1784198065,8,"Infer->Rank, Rank->Filter, Filter -> Sink: Writer -> Sink: Committer",2,numRecordsOut,31240.0
1784198065,8,"Infer->Rank, Rank->Filter, Filter -> Sink: Writer -> Sink: Committer",2,numRecordsIn,36265.0
1784198065,8,"Infer->Rank, Rank->Filter, Filter -> Sink: Writer -> Sink: Committer",2,numRecordsInPerSecond,47.31666666666667
1784198065,8,"Infer->Rank, Rank->Filter, Filter -> Sink: Writer -> Sink: Committer",2,backPressuredTimeMsPerSecond,0.0
1784198065,8,"Infer->Rank, Rank->Filter, Filter -> Sink: Writer -> Sink: Committer",3,busyTimeMsPerSecond,900.0
1784198065,8,"Infer->Rank, Rank->Filter, Filter -> Sink: Writer -> Sink: Committer",3,numRecordsOutPerSecond,43.5
1784198065,8,"Infer->Rank, Rank->Filter, Filter -> Sink: Writer -> Sink: Committer",3,idleTimeMsPerSecond,100.0
1784198065,8,"Infer->Rank, Rank->Filter, Filter -> Sink: Writer -> Sink: Committer",3,numRecordsOut,33840.0
1784198065,8,"Infer->Rank, Rank->Filter, Filter -> Sink: Writer -> Sink: Committer",3,numRecordsIn,38342.0
1784198065,8,"Infer->Rank, Rank->Filter, Filter -> Sink: Writer -> Sink: Committer",3,numRecordsInPerSecond,57.31666666666667
1784198065,8,"Infer->Rank, Rank->Filter, Filter -> Sink: Writer -> Sink: Committer",3,backPressuredTimeMsPerSecond,0.0
1784198065,8,"Infer->Rank, Rank->Filter, Filter -> Sink: Writer -> Sink: Committer",4,busyTimeMsPerSecond,491.0
1784198065,8,"Infer->Rank, Rank->Filter, Filter -> Sink: Writer -> Sink: Committer",4,numRecordsOutPerSecond,17.333333333333332
1784198065,8,"Infer->Rank, Rank->Filter, Filter -> Sink: Writer -> Sink: Committer",4,idleTimeMsPerSecond,509.0
1784198065,8,"Infer->Rank, Rank->Filter, Filter -> Sink: Writer -> Sink: Committer",4,numRecordsOut,25030.0
1784198065,8,"Infer->Rank, Rank->Filter, Filter -> Sink: Writer -> Sink: Committer",4,numRecordsIn,26134.0
1784198065,8,"Infer->Rank, Rank->Filter, Filter -> Sink: Writer -> Sink: Committer",4,numRecordsInPerSecond,25.733333333333334
1784198065,8,"Infer->Rank, Rank->Filter, Filter -> Sink: Writer -> Sink: Committer",4,backPressuredTimeMsPerSecond,0.0
1784198065,8,"Infer->Rank, Rank->Filter, Filter -> Sink: Writer -> Sink: Committer",5,busyTimeMsPerSecond,858.0
1784198065,8,"Infer->Rank, Rank->Filter, Filter -> Sink: Writer -> Sink: Committer",5,numRecordsOutPerSecond,38.833333333333336
1784198065,8,"Infer->Rank, Rank->Filter, Filter -> Sink: Writer -> Sink: Committer",5,idleTimeMsPerSecond,142.0
1784198065,8,"Infer->Rank, Rank->Filter, Filter -> Sink: Writer -> Sink: Committer",5,numRecordsOut,31500.0
1784198065,8,"Infer->Rank, Rank->Filter, Filter -> Sink: Writer -> Sink: Committer",5,numRecordsIn,35567.0
1784198065,8,"Infer->Rank, Rank->Filter, Filter -> Sink: Writer -> Sink: Committer",5,numRecordsInPerSecond,55.583333333333336
1784198065,8,"Infer->Rank, Rank->Filter, Filter -> Sink: Writer -> Sink: Committer",5,backPressuredTimeMsPerSecond,0.0
1784198065,8,"Infer->Rank, Rank->Filter, Filter -> Sink: Writer -> Sink: Committer",6,busyTimeMsPerSecond,278.0
1784198065,8,"Infer->Rank, Rank->Filter, Filter -> Sink: Writer -> Sink: Committer",6,numRecordsOutPerSecond,25.0
1784198065,8,"Infer->Rank, Rank->Filter, Filter -> Sink: Writer -> Sink: Committer",6,idleTimeMsPerSecond,722.0
1784198065,8,"Infer->Rank, Rank->Filter, Filter -> Sink: Writer -> Sink: Committer",6,numRecordsOut,32550.0
1784198065,8,"Infer->Rank, Rank->Filter, Filter -> Sink: Writer -> Sink: Committer",6,numRecordsIn,37556.0
1784198065,8,"Infer->Rank, Rank->Filter, Filter -> Sink: Writer -> Sink: Committer",6,numRecordsInPerSecond,25.0
1784198065,8,"Infer->Rank, Rank->Filter, Filter -> Sink: Writer -> Sink: Committer",6,backPressuredTimeMsPerSecond,0.0
1784198065,8,"Infer->Rank, Rank->Filter, Filter -> Sink: Writer -> Sink: Committer",7,busyTimeMsPerSecond,929.0
1784198065,8,"Infer->Rank, Rank->Filter, Filter -> Sink: Writer -> Sink: Committer",7,numRecordsOutPerSecond,37.5
1784198065,8,"Infer->Rank, Rank->Filter, Filter -> Sink: Writer -> Sink: Committer",7,idleTimeMsPerSecond,71.0
1784198065,8,"Infer->Rank, Rank->Filter, Filter -> Sink: Writer -> Sink: Committer",7,numRecordsOut,32800.0
1784198065,8,"Infer->Rank, Rank->Filter, Filter -> Sink: Writer -> Sink: Committer",7,numRecordsIn,33341.0
1784198065,8,"Infer->Rank, Rank->Filter, Filter -> Sink: Writer -> Sink: Committer",7,numRecordsInPerSecond,37.65
1784198065,8,"Infer->Rank, Rank->Filter, Filter -> Sink: Writer -> Sink: Committer",7,backPressuredTimeMsPerSecond,0.0
1784198080,8,"Source: Source-data -> LoadJSON, Parse, _stream_key_by_map_operator",0,busyTimeMsPerSecond,0.0
1784198080,8,"Source: Source-data -> LoadJSON, Parse, _stream_key_by_map_operator",0,numRecordsOutPerSecond,0.0
1784198080,8,"Source: Source-data -> LoadJSON, Parse, _stream_key_by_map_operator",0,idleTimeMsPerSecond,1000.0
1784198080,8,"Source: Source-data -> LoadJSON, Parse, _stream_key_by_map_operator",0,numRecordsOut,6130.0
1784198080,8,"Source: Source-data -> LoadJSON, Parse, _stream_key_by_map_operator",0,numRecordsIn,6130.0
1784198080,8,"Source: Source-data -> LoadJSON, Parse, _stream_key_by_map_operator",0,numRecordsInPerSecond,0.0
1784198080,8,"Source: Source-data -> LoadJSON, Parse, _stream_key_by_map_operator",0,backPressuredTimeMsPerSecond,0.0
1784198080,8,"Source: Source-data -> LoadJSON, Parse, _stream_key_by_map_operator",1,busyTimeMsPerSecond,1.0
1784198080,8,"Source: Source-data -> LoadJSON, Parse, _stream_key_by_map_operator",1,numRecordsOutPerSecond,0.016666666666666666
1784198080,8,"Source: Source-data -> LoadJSON, Parse, _stream_key_by_map_operator",1,idleTimeMsPerSecond,297.0
1784198080,8,"Source: Source-data -> LoadJSON, Parse, _stream_key_by_map_operator",1,numRecordsOut,6028.0
1784198080,8,"Source: Source-data -> LoadJSON, Parse, _stream_key_by_map_operator",1,numRecordsIn,6028.0
1784198080,8,"Source: Source-data -> LoadJSON, Parse, _stream_key_by_map_operator",1,numRecordsInPerSecond,0.016666666666666666
1784198080,8,"Source: Source-data -> LoadJSON, Parse, _stream_key_by_map_operator",1,backPressuredTimeMsPerSecond,702.0
1784198080,8,"Source: Source-data -> LoadJSON, Parse, _stream_key_by_map_operator",2,busyTimeMsPerSecond,0.0
1784198080,8,"Source: Source-data -> LoadJSON, Parse, _stream_key_by_map_operator",2,numRecordsOutPerSecond,0.0
1784198080,8,"Source: Source-data -> LoadJSON, Parse, _stream_key_by_map_operator",2,idleTimeMsPerSecond,1000.0
1784198080,8,"Source: Source-data -> LoadJSON, Parse, _stream_key_by_map_operator",2,numRecordsOut,6233.0
1784198080,8,"Source: Source-data -> LoadJSON, Parse, _stream_key_by_map_operator",2,numRecordsIn,6233.0
1784198080,8,"Source: Source-data -> LoadJSON, Parse, _stream_key_by_map_operator",2,numRecordsInPerSecond,0.0
1784198080,8,"Source: Source-data -> LoadJSON, Parse, _stream_key_by_map_operator",2,backPressuredTimeMsPerSecond,0.0
1784198080,8,"Source: Source-data -> LoadJSON, Parse, _stream_key_by_map_operator",3,busyTimeMsPerSecond,0.0
1784198080,8,"Source: Source-data -> LoadJSON, Parse, _stream_key_by_map_operator",3,numRecordsOutPerSecond,0.0
1784198080,8,"Source: Source-data -> LoadJSON, Parse, _stream_key_by_map_operator",3,idleTimeMsPerSecond,0.0
1784198080,8,"Source: Source-data -> LoadJSON, Parse, _stream_key_by_map_operator",3,numRecordsOut,6021.0
1784198080,8,"Source: Source-data -> LoadJSON, Parse, _stream_key_by_map_operator",3,numRecordsIn,6021.0
1784198080,8,"Source: Source-data -> LoadJSON, Parse, _stream_key_by_map_operator",3,numRecordsInPerSecond,0.0
1784198080,8,"Source: Source-data -> LoadJSON, Parse, _stream_key_by_map_operator",3,backPressuredTimeMsPerSecond,1000.0
1784198080,8,"Source: Source-data -> LoadJSON, Parse, _stream_key_by_map_operator",4,busyTimeMsPerSecond,0.0
1784198080,8,"Source: Source-data -> LoadJSON, Parse, _stream_key_by_map_operator",4,numRecordsOutPerSecond,0.0
1784198080,8,"Source: Source-data -> LoadJSON, Parse, _stream_key_by_map_operator",4,idleTimeMsPerSecond,0.0
1784198080,8,"Source: Source-data -> LoadJSON, Parse, _stream_key_by_map_operator",4,numRecordsOut,6068.0
1784198080,8,"Source: Source-data -> LoadJSON, Parse, _stream_key_by_map_operator",4,numRecordsIn,6068.0
1784198080,8,"Source: Source-data -> LoadJSON, Parse, _stream_key_by_map_operator",4,numRecordsInPerSecond,0.0
1784198080,8,"Source: Source-data -> LoadJSON, Parse, _stream_key_by_map_operator",4,backPressuredTimeMsPerSecond,1000.0
1784198080,8,"Source: Source-data -> LoadJSON, Parse, _stream_key_by_map_operator",5,busyTimeMsPerSecond,0.0
1784198080,8,"Source: Source-data -> LoadJSON, Parse, _stream_key_by_map_operator",5,numRecordsOutPerSecond,0.0
1784198080,8,"Source: Source-data -> LoadJSON, Parse, _stream_key_by_map_operator",5,idleTimeMsPerSecond,1000.0
1784198080,8,"Source: Source-data -> LoadJSON, Parse, _stream_key_by_map_operator",5,numRecordsOut,6100.0
1784198080,8,"Source: Source-data -> LoadJSON, Parse, _stream_key_by_map_operator",5,numRecordsIn,6100.0
1784198080,8,"Source: Source-data -> LoadJSON, Parse, _stream_key_by_map_operator",5,numRecordsInPerSecond,0.0
1784198080,8,"Source: Source-data -> LoadJSON, Parse, _stream_key_by_map_operator",5,backPressuredTimeMsPerSecond,0.0
1784198080,8,"Source: Source-data -> LoadJSON, Parse, _stream_key_by_map_operator",6,busyTimeMsPerSecond,0.0
1784198080,8,"Source: Source-data -> LoadJSON, Parse, _stream_key_by_map_operator",6,numRecordsOutPerSecond,0.016666666666666666
1784198080,8,"Source: Source-data -> LoadJSON, Parse, _stream_key_by_map_operator",6,idleTimeMsPerSecond,1000.0
1784198080,8,"Source: Source-data -> LoadJSON, Parse, _stream_key_by_map_operator",6,numRecordsOut,6064.0
1784198080,8,"Source: Source-data -> LoadJSON, Parse, _stream_key_by_map_operator",6,numRecordsIn,6064.0
1784198080,8,"Source: Source-data -> LoadJSON, Parse, _stream_key_by_map_operator",6,numRecordsInPerSecond,0.016666666666666666
1784198080,8,"Source: Source-data -> LoadJSON, Parse, _stream_key_by_map_operator",6,backPressuredTimeMsPerSecond,0.0
1784198080,8,"Source: Source-data -> LoadJSON, Parse, _stream_key_by_map_operator",7,busyTimeMsPerSecond,0.0
1784198080,8,"Source: Source-data -> LoadJSON, Parse, _stream_key_by_map_operator",7,numRecordsOutPerSecond,0.0
1784198080,8,"Source: Source-data -> LoadJSON, Parse, _stream_key_by_map_operator",7,idleTimeMsPerSecond,1000.0
1784198080,8,"Source: Source-data -> LoadJSON, Parse, _stream_key_by_map_operator",7,numRecordsOut,5969.0
1784198080,8,"Source: Source-data -> LoadJSON, Parse, _stream_key_by_map_operator",7,numRecordsIn,5969.0
1784198080,8,"Source: Source-data -> LoadJSON, Parse, _stream_key_by_map_operator",7,numRecordsInPerSecond,0.0
1784198080,8,"Source: Source-data -> LoadJSON, Parse, _stream_key_by_map_operator",7,backPressuredTimeMsPerSecond,0.0
1784198080,8,"KEYED PROCESS, Parse->Train, _stream_key_by_map_operator",0,busyTimeMsPerSecond,632.0
1784198080,8,"KEYED PROCESS, Parse->Train, _stream_key_by_map_operator",0,numRecordsOutPerSecond,0.18333333333333332
1784198080,8,"KEYED PROCESS, Parse->Train, _stream_key_by_map_operator",0,idleTimeMsPerSecond,0.0
1784198080,8,"KEYED PROCESS, Parse->Train, _stream_key_by_map_operator",0,numRecordsOut,170.0
1784198080,8,"KEYED PROCESS, Parse->Train, _stream_key_by_map_operator",0,numRecordsIn,171.0
1784198080,8,"KEYED PROCESS, Parse->Train, _stream_key_by_map_operator",0,numRecordsInPerSecond,0.18333333333333332
1784198080,8,"KEYED PROCESS, Parse->Train, _stream_key_by_map_operator",0,backPressuredTimeMsPerSecond,368.0
1784198080,8,"KEYED PROCESS, Parse->Train, _stream_key_by_map_operator",1,busyTimeMsPerSecond,605.0
1784198080,8,"KEYED PROCESS, Parse->Train, _stream_key_by_map_operator",1,numRecordsOutPerSecond,0.18333333333333332
1784198080,8,"KEYED PROCESS, Parse->Train, _stream_key_by_map_operator",1,idleTimeMsPerSecond,0.0
1784198080,8,"KEYED PROCESS, Parse->Train, _stream_key_by_map_operator",1,numRecordsOut,173.0
1784198080,8,"KEYED PROCESS, Parse->Train, _stream_key_by_map_operator",1,numRecordsIn,174.0
1784198080,8,"KEYED PROCESS, Parse->Train, _stream_key_by_map_operator",1,numRecordsInPerSecond,0.18333333333333332
1784198080,8,"KEYED PROCESS, Parse->Train, _stream_key_by_map_operator",1,backPressuredTimeMsPerSecond,395.0
1784198080,8,"KEYED PROCESS, Parse->Train, _stream_key_by_map_operator",2,busyTimeMsPerSecond,548.0
1784198080,8,"KEYED PROCESS, Parse->Train, _stream_key_by_map_operator",2,numRecordsOutPerSecond,0.13333333333333333
1784198080,8,"KEYED PROCESS, Parse->Train, _stream_key_by_map_operator",2,idleTimeMsPerSecond,0.0
1784198080,8,"KEYED PROCESS, Parse->Train, _stream_key_by_map_operator",2,numRecordsOut,132.0
1784198080,8,"KEYED PROCESS, Parse->Train, _stream_key_by_map_operator",2,numRecordsIn,133.0
1784198080,8,"KEYED PROCESS, Parse->Train, _stream_key_by_map_operator",2,numRecordsInPerSecond,0.13333333333333333
1784198080,8,"KEYED PROCESS, Parse->Train, _stream_key_by_map_operator",2,backPressuredTimeMsPerSecond,452.0
1784198080,8,"KEYED PROCESS, Parse->Train, _stream_key_by_map_operator",3,busyTimeMsPerSecond,0.0
1784198080,8,"KEYED PROCESS, Parse->Train, _stream_key_by_map_operator",3,numRecordsOutPerSecond,0.0
1784198080,8,"KEYED PROCESS, Parse->Train, _stream_key_by_map_operator",3,idleTimeMsPerSecond,1000.0
1784198080,8,"KEYED PROCESS, Parse->Train, _stream_key_by_map_operator",3,numRecordsOut,0.0
1784198080,8,"KEYED PROCESS, Parse->Train, _stream_key_by_map_operator",3,numRecordsIn,0.0
1784198080,8,"KEYED PROCESS, Parse->Train, _stream_key_by_map_operator",3,numRecordsInPerSecond,0.0
1784198080,8,"KEYED PROCESS, Parse->Train, _stream_key_by_map_operator",3,backPressuredTimeMsPerSecond,0.0
1784198080,8,"KEYED PROCESS, Parse->Train, _stream_key_by_map_operator",4,busyTimeMsPerSecond,615.0
1784198080,8,"KEYED PROCESS, Parse->Train, _stream_key_by_map_operator",4,numRecordsOutPerSecond,0.2
1784198080,8,"KEYED PROCESS, Parse->Train, _stream_key_by_map_operator",4,idleTimeMsPerSecond,0.0
1784198080,8,"KEYED PROCESS, Parse->Train, _stream_key_by_map_operator",4,numRecordsOut,201.0
1784198080,8,"KEYED PROCESS, Parse->Train, _stream_key_by_map_operator",4,numRecordsIn,202.0
1784198080,8,"KEYED PROCESS, Parse->Train, _stream_key_by_map_operator",4,numRecordsInPerSecond,0.2
1784198080,8,"KEYED PROCESS, Parse->Train, _stream_key_by_map_operator",4,backPressuredTimeMsPerSecond,385.0
1784198080,8,"KEYED PROCESS, Parse->Train, _stream_key_by_map_operator",5,busyTimeMsPerSecond,0.0
1784198080,8,"KEYED PROCESS, Parse->Train, _stream_key_by_map_operator",5,numRecordsOutPerSecond,0.0
1784198080,8,"KEYED PROCESS, Parse->Train, _stream_key_by_map_operator",5,idleTimeMsPerSecond,1000.0
1784198080,8,"KEYED PROCESS, Parse->Train, _stream_key_by_map_operator",5,numRecordsOut,0.0
1784198080,8,"KEYED PROCESS, Parse->Train, _stream_key_by_map_operator",5,numRecordsIn,0.0
1784198080,8,"KEYED PROCESS, Parse->Train, _stream_key_by_map_operator",5,numRecordsInPerSecond,0.0
1784198080,8,"KEYED PROCESS, Parse->Train, _stream_key_by_map_operator",5,backPressuredTimeMsPerSecond,0.0
1784198080,8,"KEYED PROCESS, Parse->Train, _stream_key_by_map_operator",6,busyTimeMsPerSecond,0.0
1784198080,8,"KEYED PROCESS, Parse->Train, _stream_key_by_map_operator",6,numRecordsOutPerSecond,0.0
1784198080,8,"KEYED PROCESS, Parse->Train, _stream_key_by_map_operator",6,idleTimeMsPerSecond,1000.0
1784198080,8,"KEYED PROCESS, Parse->Train, _stream_key_by_map_operator",6,numRecordsOut,0.0
1784198080,8,"KEYED PROCESS, Parse->Train, _stream_key_by_map_operator",6,numRecordsIn,0.0
1784198080,8,"KEYED PROCESS, Parse->Train, _stream_key_by_map_operator",6,numRecordsInPerSecond,0.0
1784198080,8,"KEYED PROCESS, Parse->Train, _stream_key_by_map_operator",6,backPressuredTimeMsPerSecond,0.0
1784198080,8,"KEYED PROCESS, Parse->Train, _stream_key_by_map_operator",7,busyTimeMsPerSecond,647.0
1784198080,8,"KEYED PROCESS, Parse->Train, _stream_key_by_map_operator",7,numRecordsOutPerSecond,0.15
1784198080,8,"KEYED PROCESS, Parse->Train, _stream_key_by_map_operator",7,idleTimeMsPerSecond,0.0
1784198080,8,"KEYED PROCESS, Parse->Train, _stream_key_by_map_operator",7,numRecordsOut,140.0
1784198080,8,"KEYED PROCESS, Parse->Train, _stream_key_by_map_operator",7,numRecordsIn,141.0
1784198080,8,"KEYED PROCESS, Parse->Train, _stream_key_by_map_operator",7,numRecordsInPerSecond,0.15
1784198080,8,"KEYED PROCESS, Parse->Train, _stream_key_by_map_operator",7,backPressuredTimeMsPerSecond,353.0
1784198080,8,"KEYED PROCESS, Train->Infer, _stream_key_by_map_operator",0,busyTimeMsPerSecond,767.0
1784198080,8,"KEYED PROCESS, Train->Infer, _stream_key_by_map_operator",0,numRecordsOutPerSecond,55.35
1784198080,8,"KEYED PROCESS, Train->Infer, _stream_key_by_map_operator",0,idleTimeMsPerSecond,233.0
1784198080,8,"KEYED PROCESS, Train->Infer, _stream_key_by_map_operator",0,numRecordsOut,37381.0
1784198080,8,"KEYED PROCESS, Train->Infer, _stream_key_by_map_operator",0,numRecordsIn,135.0
1784198080,8,"KEYED PROCESS, Train->Infer, _stream_key_by_map_operator",0,numRecordsInPerSecond,0.11666666666666667
1784198080,8,"KEYED PROCESS, Train->Infer, _stream_key_by_map_operator",0,backPressuredTimeMsPerSecond,0.0
1784198080,8,"KEYED PROCESS, Train->Infer, _stream_key_by_map_operator",1,busyTimeMsPerSecond,561.0
1784198080,8,"KEYED PROCESS, Train->Infer, _stream_key_by_map_operator",1,numRecordsOutPerSecond,50.0
1784198080,8,"KEYED PROCESS, Train->Infer, _stream_key_by_map_operator",1,idleTimeMsPerSecond,439.0
1784198080,8,"KEYED PROCESS, Train->Infer, _stream_key_by_map_operator",1,numRecordsOut,34559.0
1784198080,8,"KEYED PROCESS, Train->Infer, _stream_key_by_map_operator",1,numRecordsIn,130.0
1784198080,8,"KEYED PROCESS, Train->Infer, _stream_key_by_map_operator",1,numRecordsInPerSecond,0.1
1784198080,8,"KEYED PROCESS, Train->Infer, _stream_key_by_map_operator",1,backPressuredTimeMsPerSecond,0.0
1784198080,8,"KEYED PROCESS, Train->Infer, _stream_key_by_map_operator",2,busyTimeMsPerSecond,621.0
1784198080,8,"KEYED PROCESS, Train->Infer, _stream_key_by_map_operator",2,numRecordsOutPerSecond,50.0
1784198080,8,"KEYED PROCESS, Train->Infer, _stream_key_by_map_operator",2,idleTimeMsPerSecond,0.0
1784198080,8,"KEYED PROCESS, Train->Infer, _stream_key_by_map_operator",2,numRecordsOut,40015.0
1784198080,8,"KEYED PROCESS, Train->Infer, _stream_key_by_map_operator",2,numRecordsIn,96.0
1784198080,8,"KEYED PROCESS, Train->Infer, _stream_key_by_map_operator",2,numRecordsInPerSecond,0.1
1784198080,8,"KEYED PROCESS, Train->Infer, _stream_key_by_map_operator",2,backPressuredTimeMsPerSecond,379.0
1784198080,8,"KEYED PROCESS, Train->Infer, _stream_key_by_map_operator",3,busyTimeMsPerSecond,624.0
1784198080,8,"KEYED PROCESS, Train->Infer, _stream_key_by_map_operator",3,numRecordsOutPerSecond,66.66666666666667
1784198080,8,"KEYED PROCESS, Train->Infer, _stream_key_by_map_operator",3,idleTimeMsPerSecond,376.0
1784198080,8,"KEYED PROCESS, Train->Infer, _stream_key_by_map_operator",3,numRecordsOut,40000.0
1784198080,8,"KEYED PROCESS, Train->Infer, _stream_key_by_map_operator",3,numRecordsIn,80.0
1784198080,8,"KEYED PROCESS, Train->Infer, _stream_key_by_map_operator",3,numRecordsInPerSecond,0.11666666666666667
1784198080,8,"KEYED PROCESS, Train->Infer, _stream_key_by_map_operator",3,backPressuredTimeMsPerSecond,0.0
1784198080,8,"KEYED PROCESS, Train->Infer, _stream_key_by_map_operator",4,busyTimeMsPerSecond,398.0
1784198080,8,"KEYED PROCESS, Train->Infer, _stream_key_by_map_operator",4,numRecordsOutPerSecond,41.666666666666664
1784198080,8,"KEYED PROCESS, Train->Infer, _stream_key_by_map_operator",4,idleTimeMsPerSecond,602.0
1784198080,8,"KEYED PROCESS, Train->Infer, _stream_key_by_map_operator",4,numRecordsOut,27575.0
1784198080,8,"KEYED PROCESS, Train->Infer, _stream_key_by_map_operator",4,numRecordsIn,131.0
1784198080,8,"KEYED PROCESS, Train->Infer, _stream_key_by_map_operator",4,numRecordsInPerSecond,0.06666666666666667
1784198080,8,"KEYED PROCESS, Train->Infer, _stream_key_by_map_operator",4,backPressuredTimeMsPerSecond,0.0
1784198080,8,"KEYED PROCESS, Train->Infer, _stream_key_by_map_operator",5,busyTimeMsPerSecond,534.0
1784198080,8,"KEYED PROCESS, Train->Infer, _stream_key_by_map_operator",5,numRecordsOutPerSecond,50.0
1784198080,8,"KEYED PROCESS, Train->Infer, _stream_key_by_map_operator",5,idleTimeMsPerSecond,466.0
1784198080,8,"KEYED PROCESS, Train->Infer, _stream_key_by_map_operator",5,numRecordsOut,36500.0
1784198080,8,"KEYED PROCESS, Train->Infer, _stream_key_by_map_operator",5,numRecordsIn,74.0
1784198080,8,"KEYED PROCESS, Train->Infer, _stream_key_by_map_operator",5,numRecordsInPerSecond,0.1
1784198080,8,"KEYED PROCESS, Train->Infer, _stream_key_by_map_operator",5,backPressuredTimeMsPerSecond,0.0
1784198080,8,"KEYED PROCESS, Train->Infer, _stream_key_by_map_operator",6,busyTimeMsPerSecond,202.0
1784198080,8,"KEYED PROCESS, Train->Infer, _stream_key_by_map_operator",6,numRecordsOutPerSecond,25.0
1784198080,8,"KEYED PROCESS, Train->Infer, _stream_key_by_map_operator",6,idleTimeMsPerSecond,798.0
1784198080,8,"KEYED PROCESS, Train->Infer, _stream_key_by_map_operator",6,numRecordsOut,38000.0
1784198080,8,"KEYED PROCESS, Train->Infer, _stream_key_by_map_operator",6,numRecordsIn,76.0
1784198080,8,"KEYED PROCESS, Train->Infer, _stream_key_by_map_operator",6,numRecordsInPerSecond,0.05
1784198080,8,"KEYED PROCESS, Train->Infer, _stream_key_by_map_operator",6,backPressuredTimeMsPerSecond,0.0
1784198080,8,"KEYED PROCESS, Train->Infer, _stream_key_by_map_operator",7,busyTimeMsPerSecond,793.0
1784198080,8,"KEYED PROCESS, Train->Infer, _stream_key_by_map_operator",7,numRecordsOutPerSecond,66.66666666666667
1784198080,8,"KEYED PROCESS, Train->Infer, _stream_key_by_map_operator",7,idleTimeMsPerSecond,207.0
1784198080,8,"KEYED PROCESS, Train->Infer, _stream_key_by_map_operator",7,numRecordsOut,35530.0
1784198080,8,"KEYED PROCESS, Train->Infer, _stream_key_by_map_operator",7,numRecordsIn,102.0
1784198080,8,"KEYED PROCESS, Train->Infer, _stream_key_by_map_operator",7,numRecordsInPerSecond,0.13333333333333333
1784198080,8,"KEYED PROCESS, Train->Infer, _stream_key_by_map_operator",7,backPressuredTimeMsPerSecond,0.0
1784198080,8,"Infer->Rank, Rank->Filter, Filter -> Sink: Writer -> Sink: Committer",0,busyTimeMsPerSecond,1000.0
1784198080,8,"Infer->Rank, Rank->Filter, Filter -> Sink: Writer -> Sink: Committer",0,numRecordsOutPerSecond,32.833333333333336
1784198080,8,"Infer->Rank, Rank->Filter, Filter -> Sink: Writer -> Sink: Committer",0,idleTimeMsPerSecond,0.0
1784198080,8,"Infer->Rank, Rank->Filter, Filter -> Sink: Writer -> Sink: Committer",0,numRecordsOut,31424.0
1784198080,8,"Infer->Rank, Rank->Filter, Filter -> Sink: Writer -> Sink: Committer",0,numRecordsIn,35500.0
1784198080,8,"Infer->Rank, Rank->Filter, Filter -> Sink: Writer -> Sink: Committer",0,numRecordsInPerSecond,32.78333333333333
1784198080,8,"Infer->Rank, Rank->Filter, Filter -> Sink: Writer -> Sink: Committer",0,backPressuredTimeMsPerSecond,0.0
1784198080,8,"Infer->Rank, Rank->Filter, Filter -> Sink: Writer -> Sink: Committer",1,busyTimeMsPerSecond,689.0
1784198080,8,"Infer->Rank, Rank->Filter, Filter -> Sink: Writer -> Sink: Committer",1,numRecordsOutPerSecond,23.333333333333332
1784198080,8,"Infer->Rank, Rank->Filter, Filter -> Sink: Writer -> Sink: Committer",1,idleTimeMsPerSecond,311.0
1784198080,8,"Infer->Rank, Rank->Filter, Filter -> Sink: Writer -> Sink: Committer",1,numRecordsOut,29990.0
1784198080,8,"Infer->Rank, Rank->Filter, Filter -> Sink: Writer -> Sink: Committer",1,numRecordsIn,33023.0
1784198080,8,"Infer->Rank, Rank->Filter, Filter -> Sink: Writer -> Sink: Committer",1,numRecordsInPerSecond,29.15
1784198080,8,"Infer->Rank, Rank->Filter, Filter -> Sink: Writer -> Sink: Committer",1,backPressuredTimeMsPerSecond,0.0
1784198080,8,"Infer->Rank, Rank->Filter, Filter -> Sink: Writer -> Sink: Committer",2,busyTimeMsPerSecond,1000.0
1784198080,8,"Infer->Rank, Rank->Filter, Filter -> Sink: Writer -> Sink: Committer",2,numRecordsOutPerSecond,49.166666666666664
1784198080,8,"Infer->Rank, Rank->Filter, Filter -> Sink: Writer -> Sink: Committer",2,idleTimeMsPerSecond,0.0
1784198080,8,"Infer->Rank, Rank->Filter, Filter -> Sink: Writer -> Sink: Committer",2,numRecordsOut,31830.0
1784198080,8,"Infer->Rank, Rank->Filter, Filter -> Sink: Writer -> Sink: Committer",2,numRecordsIn,36849.0
1784198080,8,"Infer->Rank, Rank->Filter, Filter -> Sink: Writer -> Sink: Committer",2,numRecordsInPerSecond,49.06666666666667
1784198080,8,"Infer->Rank, Rank->Filter, Filter -> Sink: Writer -> Sink: Committer",2,backPressuredTimeMsPerSecond,0.0
1784198080,8,"Infer->Rank, Rank->Filter, Filter -> Sink: Writer -> Sink: Committer",3,busyTimeMsPerSecond,1000.0
1784198080,8,"Infer->Rank, Rank->Filter, Filter -> Sink: Writer -> Sink: Committer",3,numRecordsOutPerSecond,51.666666666666664
1784198080,8,"Infer->Rank, Rank->Filter, Filter -> Sink: Writer -> Sink: Committer",3,idleTimeMsPerSecond,0.0
1784198080,8,"Infer->Rank, Rank->Filter, Filter -> Sink: Writer -> Sink: Committer",3,numRecordsOut,34610.0
1784198080,8,"Infer->Rank, Rank->Filter, Filter -> Sink: Writer -> Sink: Committer",3,numRecordsIn,39620.0
1784198080,8,"Infer->Rank, Rank->Filter, Filter -> Sink: Writer -> Sink: Committer",3,numRecordsInPerSecond,68.35
1784198080,8,"Infer->Rank, Rank->Filter, Filter -> Sink: Writer -> Sink: Committer",3,backPressuredTimeMsPerSecond,0.0
1784198080,8,"Infer->Rank, Rank->Filter, Filter -> Sink: Writer -> Sink: Committer",4,busyTimeMsPerSecond,709.0
1784198080,8,"Infer->Rank, Rank->Filter, Filter -> Sink: Writer -> Sink: Committer",4,numRecordsOutPerSecond,21.333333333333332
1784198080,8,"Infer->Rank, Rank->Filter, Filter -> Sink: Writer -> Sink: Committer",4,idleTimeMsPerSecond,291.0
1784198080,8,"Infer->Rank, Rank->Filter, Filter -> Sink: Writer -> Sink: Committer",4,numRecordsOut,25480.0
1784198080,8,"Infer->Rank, Rank->Filter, Filter -> Sink: Writer -> Sink: Committer",4,numRecordsIn,26663.0
1784198080,8,"Infer->Rank, Rank->Filter, Filter -> Sink: Writer -> Sink: Committer",4,numRecordsInPerSecond,29.683333333333334
1784198080,8,"Infer->Rank, Rank->Filter, Filter -> Sink: Writer -> Sink: Committer",4,backPressuredTimeMsPerSecond,0.0
1784198080,8,"Infer->Rank, Rank->Filter, Filter -> Sink: Writer -> Sink: Committer",5,busyTimeMsPerSecond,862.0
1784198080,8,"Infer->Rank, Rank->Filter, Filter -> Sink: Writer -> Sink: Committer",5,numRecordsOutPerSecond,41.666666666666664
1784198080,8,"Infer->Rank, Rank->Filter, Filter -> Sink: Writer -> Sink: Committer",5,idleTimeMsPerSecond,138.0
1784198080,8,"Infer->Rank, Rank->Filter, Filter -> Sink: Writer -> Sink: Committer",5,numRecordsOut,31600.0
1784198080,8,"Infer->Rank, Rank->Filter, Filter -> Sink: Writer -> Sink: Committer",5,numRecordsIn,36106.0
1784198080,8,"Infer->Rank, Rank->Filter, Filter -> Sink: Writer -> Sink: Committer",5,numRecordsInPerSecond,60.81666666666667
1784198080,8,"Infer->Rank, Rank->Filter, Filter -> Sink: Writer -> Sink: Committer",5,backPressuredTimeMsPerSecond,0.0
1784198080,8,"Infer->Rank, Rank->Filter, Filter -> Sink: Writer -> Sink: Committer",6,busyTimeMsPerSecond,267.0
1784198080,8,"Infer->Rank, Rank->Filter, Filter -> Sink: Writer -> Sink: Committer",6,numRecordsOutPerSecond,25.0
1784198080,8,"Infer->Rank, Rank->Filter, Filter -> Sink: Writer -> Sink: Committer",6,idleTimeMsPerSecond,733.0
1784198080,8,"Infer->Rank, Rank->Filter, Filter -> Sink: Writer -> Sink: Committer",6,numRecordsOut,33000.0
1784198080,8,"Infer->Rank, Rank->Filter, Filter -> Sink: Writer -> Sink: Committer",6,numRecordsIn,38000.0
1784198080,8,"Infer->Rank, Rank->Filter, Filter -> Sink: Writer -> Sink: Committer",6,numRecordsInPerSecond,25.0
1784198080,8,"Infer->Rank, Rank->Filter, Filter -> Sink: Writer -> Sink: Committer",6,backPressuredTimeMsPerSecond,0.0
1784198080,8,"Infer->Rank, Rank->Filter, Filter -> Sink: Writer -> Sink: Committer",7,busyTimeMsPerSecond,969.0
1784198080,8,"Infer->Rank, Rank->Filter, Filter -> Sink: Writer -> Sink: Committer",7,numRecordsOutPerSecond,36.5
1784198080,8,"Infer->Rank, Rank->Filter, Filter -> Sink: Writer -> Sink: Committer",7,idleTimeMsPerSecond,31.0
1784198080,8,"Infer->Rank, Rank->Filter, Filter -> Sink: Writer -> Sink: Committer",7,numRecordsOut,33290.0
1784198080,8,"Infer->Rank, Rank->Filter, Filter -> Sink: Writer -> Sink: Committer",7,numRecordsIn,33839.0
1784198080,8,"Infer->Rank, Rank->Filter, Filter -> Sink: Writer -> Sink: Committer",7,numRecordsInPerSecond,36.65
1784198080,8,"Infer->Rank, Rank->Filter, Filter -> Sink: Writer -> Sink: Committer",7,backPressuredTimeMsPerSecond,0.0
1784198095,8,"Source: Source-data -> LoadJSON, Parse, _stream_key_by_map_operator",0,busyTimeMsPerSecond,0.0
1784198095,8,"Source: Source-data -> LoadJSON, Parse, _stream_key_by_map_operator",0,numRecordsOutPerSecond,0.0
1784198095,8,"Source: Source-data -> LoadJSON, Parse, _stream_key_by_map_operator",0,idleTimeMsPerSecond,1000.0
1784198095,8,"Source: Source-data -> LoadJSON, Parse, _stream_key_by_map_operator",0,numRecordsOut,6130.0
1784198095,8,"Source: Source-data -> LoadJSON, Parse, _stream_key_by_map_operator",0,numRecordsIn,6130.0
1784198095,8,"Source: Source-data -> LoadJSON, Parse, _stream_key_by_map_operator",0,numRecordsInPerSecond,0.0
1784198095,8,"Source: Source-data -> LoadJSON, Parse, _stream_key_by_map_operator",0,backPressuredTimeMsPerSecond,0.0
1784198095,8,"Source: Source-data -> LoadJSON, Parse, _stream_key_by_map_operator",1,busyTimeMsPerSecond,1.0
1784198095,8,"Source: Source-data -> LoadJSON, Parse, _stream_key_by_map_operator",1,numRecordsOutPerSecond,0.016666666666666666
1784198095,8,"Source: Source-data -> LoadJSON, Parse, _stream_key_by_map_operator",1,idleTimeMsPerSecond,47.0
1784198095,8,"Source: Source-data -> LoadJSON, Parse, _stream_key_by_map_operator",1,numRecordsOut,6028.0
1784198095,8,"Source: Source-data -> LoadJSON, Parse, _stream_key_by_map_operator",1,numRecordsIn,6028.0
1784198095,8,"Source: Source-data -> LoadJSON, Parse, _stream_key_by_map_operator",1,numRecordsInPerSecond,0.016666666666666666
1784198095,8,"Source: Source-data -> LoadJSON, Parse, _stream_key_by_map_operator",1,backPressuredTimeMsPerSecond,952.0
1784198095,8,"Source: Source-data -> LoadJSON, Parse, _stream_key_by_map_operator",2,busyTimeMsPerSecond,0.0
1784198095,8,"Source: Source-data -> LoadJSON, Parse, _stream_key_by_map_operator",2,numRecordsOutPerSecond,0.0
1784198095,8,"Source: Source-data -> LoadJSON, Parse, _stream_key_by_map_operator",2,idleTimeMsPerSecond,1000.0
1784198095,8,"Source: Source-data -> LoadJSON, Parse, _stream_key_by_map_operator",2,numRecordsOut,6233.0
1784198095,8,"Source: Source-data -> LoadJSON, Parse, _stream_key_by_map_operator",2,numRecordsIn,6233.0
1784198095,8,"Source: Source-data -> LoadJSON, Parse, _stream_key_by_map_operator",2,numRecordsInPerSecond,0.0
1784198095,8,"Source: Source-data -> LoadJSON, Parse, _stream_key_by_map_operator",2,backPressuredTimeMsPerSecond,0.0
1784198095,8,"Source: Source-data -> LoadJSON, Parse, _stream_key_by_map_operator",3,busyTimeMsPerSecond,0.0
1784198095,8,"Source: Source-data -> LoadJSON, Parse, _stream_key_by_map_operator",3,numRecordsOutPerSecond,0.0
1784198095,8,"Source: Source-data -> LoadJSON, Parse, _stream_key_by_map_operator",3,idleTimeMsPerSecond,0.0
1784198095,8,"Source: Source-data -> LoadJSON, Parse, _stream_key_by_map_operator",3,numRecordsOut,6021.0
1784198095,8,"Source: Source-data -> LoadJSON, Parse, _stream_key_by_map_operator",3,numRecordsIn,6021.0
1784198095,8,"Source: Source-data -> LoadJSON, Parse, _stream_key_by_map_operator",3,numRecordsInPerSecond,0.0
1784198095,8,"Source: Source-data -> LoadJSON, Parse, _stream_key_by_map_operator",3,backPressuredTimeMsPerSecond,1000.0
1784198095,8,"Source: Source-data -> LoadJSON, Parse, _stream_key_by_map_operator",4,busyTimeMsPerSecond,0.0
1784198095,8,"Source: Source-data -> LoadJSON, Parse, _stream_key_by_map_operator",4,numRecordsOutPerSecond,0.0
1784198095,8,"Source: Source-data -> LoadJSON, Parse, _stream_key_by_map_operator",4,idleTimeMsPerSecond,0.0
1784198095,8,"Source: Source-data -> LoadJSON, Parse, _stream_key_by_map_operator",4,numRecordsOut,6068.0
1784198095,8,"Source: Source-data -> LoadJSON, Parse, _stream_key_by_map_operator",4,numRecordsIn,6068.0
1784198095,8,"Source: Source-data -> LoadJSON, Parse, _stream_key_by_map_operator",4,numRecordsInPerSecond,0.0
1784198095,8,"Source: Source-data -> LoadJSON, Parse, _stream_key_by_map_operator",4,backPressuredTimeMsPerSecond,1000.0
1784198095,8,"Source: Source-data -> LoadJSON, Parse, _stream_key_by_map_operator",5,busyTimeMsPerSecond,0.0
1784198095,8,"Source: Source-data -> LoadJSON, Parse, _stream_key_by_map_operator",5,numRecordsOutPerSecond,0.0
1784198095,8,"Source: Source-data -> LoadJSON, Parse, _stream_key_by_map_operator",5,idleTimeMsPerSecond,1000.0
1784198095,8,"Source: Source-data -> LoadJSON, Parse, _stream_key_by_map_operator",5,numRecordsOut,6100.0
1784198095,8,"Source: Source-data -> LoadJSON, Parse, _stream_key_by_map_operator",5,numRecordsIn,6100.0
1784198095,8,"Source: Source-data -> LoadJSON, Parse, _stream_key_by_map_operator",5,numRecordsInPerSecond,0.0
1784198095,8,"Source: Source-data -> LoadJSON, Parse, _stream_key_by_map_operator",5,backPressuredTimeMsPerSecond,0.0
1784198095,8,"Source: Source-data -> LoadJSON, Parse, _stream_key_by_map_operator",6,busyTimeMsPerSecond,1.0
1784198095,8,"Source: Source-data -> LoadJSON, Parse, _stream_key_by_map_operator",6,numRecordsOutPerSecond,0.03333333333333333
1784198095,8,"Source: Source-data -> LoadJSON, Parse, _stream_key_by_map_operator",6,idleTimeMsPerSecond,952.0
1784198095,8,"Source: Source-data -> LoadJSON, Parse, _stream_key_by_map_operator",6,numRecordsOut,6065.0
1784198095,8,"Source: Source-data -> LoadJSON, Parse, _stream_key_by_map_operator",6,numRecordsIn,6065.0
1784198095,8,"Source: Source-data -> LoadJSON, Parse, _stream_key_by_map_operator",6,numRecordsInPerSecond,0.03333333333333333
1784198095,8,"Source: Source-data -> LoadJSON, Parse, _stream_key_by_map_operator",6,backPressuredTimeMsPerSecond,47.0
1784198095,8,"Source: Source-data -> LoadJSON, Parse, _stream_key_by_map_operator",7,busyTimeMsPerSecond,0.0
1784198095,8,"Source: Source-data -> LoadJSON, Parse, _stream_key_by_map_operator",7,numRecordsOutPerSecond,0.016666666666666666
1784198095,8,"Source: Source-data -> LoadJSON, Parse, _stream_key_by_map_operator",7,idleTimeMsPerSecond,1000.0
1784198095,8,"Source: Source-data -> LoadJSON, Parse, _stream_key_by_map_operator",7,numRecordsOut,5970.0
1784198095,8,"Source: Source-data -> LoadJSON, Parse, _stream_key_by_map_operator",7,numRecordsIn,5970.0
1784198095,8,"Source: Source-data -> LoadJSON, Parse, _stream_key_by_map_operator",7,numRecordsInPerSecond,0.016666666666666666
1784198095,8,"Source: Source-data -> LoadJSON, Parse, _stream_key_by_map_operator",7,backPressuredTimeMsPerSecond,0.0
1784198095,8,"KEYED PROCESS, Parse->Train, _stream_key_by_map_operator",0,busyTimeMsPerSecond,678.0
1784198095,8,"KEYED PROCESS, Parse->Train, _stream_key_by_map_operator",0,numRecordsOutPerSecond,0.16666666666666666
1784198095,8,"KEYED PROCESS, Parse->Train, _stream_key_by_map_operator",0,idleTimeMsPerSecond,0.0
1784198095,8,"KEYED PROCESS, Parse->Train, _stream_key_by_map_operator",0,numRecordsOut,173.0
1784198095,8,"KEYED PROCESS, Parse->Train, _stream_key_by_map_operator",0,numRecordsIn,174.0
1784198095,8,"KEYED PROCESS, Parse->Train, _stream_key_by_map_operator",0,numRecordsInPerSecond,0.16666666666666666
1784198095,8,"KEYED PROCESS, Parse->Train, _stream_key_by_map_operator",0,backPressuredTimeMsPerSecond,322.0
1784198095,8,"KEYED PROCESS, Parse->Train, _stream_key_by_map_operator",1,busyTimeMsPerSecond,533.0
1784198095,8,"KEYED PROCESS, Parse->Train, _stream_key_by_map_operator",1,numRecordsOutPerSecond,0.15
1784198095,8,"KEYED PROCESS, Parse->Train, _stream_key_by_map_operator",1,idleTimeMsPerSecond,0.0
1784198095,8,"KEYED PROCESS, Parse->Train, _stream_key_by_map_operator",1,numRecordsOut,175.0
1784198095,8,"KEYED PROCESS, Parse->Train, _stream_key_by_map_operator",1,numRecordsIn,176.0
1784198095,8,"KEYED PROCESS, Parse->Train, _stream_key_by_map_operator",1,numRecordsInPerSecond,0.15
1784198095,8,"KEYED PROCESS, Parse->Train, _stream_key_by_map_operator",1,backPressuredTimeMsPerSecond,467.0
1784198095,8,"KEYED PROCESS, Parse->Train, _stream_key_by_map_operator",2,busyTimeMsPerSecond,498.0
1784198095,8,"KEYED PROCESS, Parse->Train, _stream_key_by_map_operator",2,numRecordsOutPerSecond,0.13333333333333333
1784198095,8,"KEYED PROCESS, Parse->Train, _stream_key_by_map_operator",2,idleTimeMsPerSecond,0.0
1784198095,8,"KEYED PROCESS, Parse->Train, _stream_key_by_map_operator",2,numRecordsOut,134.0
1784198095,8,"KEYED PROCESS, Parse->Train, _stream_key_by_map_operator",2,numRecordsIn,135.0
1784198095,8,"KEYED PROCESS, Parse->Train, _stream_key_by_map_operator",2,numRecordsInPerSecond,0.13333333333333333
1784198095,8,"KEYED PROCESS, Parse->Train, _stream_key_by_map_operator",2,backPressuredTimeMsPerSecond,502.0
1784198095,8,"KEYED PROCESS, Parse->Train, _stream_key_by_map_operator",3,busyTimeMsPerSecond,0.0
1784198095,8,"KEYED PROCESS, Parse->Train, _stream_key_by_map_operator",3,numRecordsOutPerSecond,0.0
1784198095,8,"KEYED PROCESS, Parse->Train, _stream_key_by_map_operator",3,idleTimeMsPerSecond,1000.0
1784198095,8,"KEYED PROCESS, Parse->Train, _stream_key_by_map_operator",3,numRecordsOut,0.0
1784198095,8,"KEYED PROCESS, Parse->Train, _stream_key_by_map_operator",3,numRecordsIn,0.0
1784198095,8,"KEYED PROCESS, Parse->Train, _stream_key_by_map_operator",3,numRecordsInPerSecond,0.0
1784198095,8,"KEYED PROCESS, Parse->Train, _stream_key_by_map_operator",3,backPressuredTimeMsPerSecond,0.0
1784198095,8,"KEYED PROCESS, Parse->Train, _stream_key_by_map_operator",4,busyTimeMsPerSecond,683.0
1784198095,8,"KEYED PROCESS, Parse->Train, _stream_key_by_map_operator",4,numRecordsOutPerSecond,0.2
1784198095,8,"KEYED PROCESS, Parse->Train, _stream_key_by_map_operator",4,idleTimeMsPerSecond,0.0
1784198095,8,"KEYED PROCESS, Parse->Train, _stream_key_by_map_operator",4,numRecordsOut,204.0
1784198095,8,"KEYED PROCESS, Parse->Train, _stream_key_by_map_operator",4,numRecordsIn,205.0
1784198095,8,"KEYED PROCESS, Parse->Train, _stream_key_by_map_operator",4,numRecordsInPerSecond,0.2
1784198095,8,"KEYED PROCESS, Parse->Train, _stream_key_by_map_operator",4,backPressuredTimeMsPerSecond,317.0
1784198095,8,"KEYED PROCESS, Parse->Train, _stream_key_by_map_operator",5,busyTimeMsPerSecond,0.0
1784198095,8,"KEYED PROCESS, Parse->Train, _stream_key_by_map_operator",5,numRecordsOutPerSecond,0.0
1784198095,8,"KEYED PROCESS, Parse->Train, _stream_key_by_map_operator",5,idleTimeMsPerSecond,1000.0
1784198095,8,"KEYED PROCESS, Parse->Train, _stream_key_by_map_operator",5,numRecordsOut,0.0
1784198095,8,"KEYED PROCESS, Parse->Train, _stream_key_by_map_operator",5,numRecordsIn,0.0
1784198095,8,"KEYED PROCESS, Parse->Train, _stream_key_by_map_operator",5,numRecordsInPerSecond,0.0
1784198095,8,"KEYED PROCESS, Parse->Train, _stream_key_by_map_operator",5,backPressuredTimeMsPerSecond,0.0
1784198095,8,"KEYED PROCESS, Parse->Train, _stream_key_by_map_operator",6,busyTimeMsPerSecond,0.0
1784198095,8,"KEYED PROCESS, Parse->Train, _stream_key_by_map_operator",6,numRecordsOutPerSecond,0.0
1784198095,8,"KEYED PROCESS, Parse->Train, _stream_key_by_map_operator",6,idleTimeMsPerSecond,1000.0
1784198095,8,"KEYED PROCESS, Parse->Train, _stream_key_by_map_operator",6,numRecordsOut,0.0
1784198095,8,"KEYED PROCESS, Parse->Train, _stream_key_by_map_operator",6,numRecordsIn,0.0
1784198095,8,"KEYED PROCESS, Parse->Train, _stream_key_by_map_operator",6,numRecordsInPerSecond,0.0
1784198095,8,"KEYED PROCESS, Parse->Train, _stream_key_by_map_operator",6,backPressuredTimeMsPerSecond,0.0
1784198095,8,"KEYED PROCESS, Parse->Train, _stream_key_by_map_operator",7,busyTimeMsPerSecond,647.0
1784198095,8,"KEYED PROCESS, Parse->Train, _stream_key_by_map_operator",7,numRecordsOutPerSecond,0.15
1784198095,8,"KEYED PROCESS, Parse->Train, _stream_key_by_map_operator",7,idleTimeMsPerSecond,0.0
1784198095,8,"KEYED PROCESS, Parse->Train, _stream_key_by_map_operator",7,numRecordsOut,140.0
1784198095,8,"KEYED PROCESS, Parse->Train, _stream_key_by_map_operator",7,numRecordsIn,141.0
1784198095,8,"KEYED PROCESS, Parse->Train, _stream_key_by_map_operator",7,numRecordsInPerSecond,0.15
1784198095,8,"KEYED PROCESS, Parse->Train, _stream_key_by_map_operator",7,backPressuredTimeMsPerSecond,353.0
1784198095,8,"KEYED PROCESS, Train->Infer, _stream_key_by_map_operator",0,busyTimeMsPerSecond,767.0
1784198095,8,"KEYED PROCESS, Train->Infer, _stream_key_by_map_operator",0,numRecordsOutPerSecond,55.35
1784198095,8,"KEYED PROCESS, Train->Infer, _stream_key_by_map_operator",0,idleTimeMsPerSecond,233.0
1784198095,8,"KEYED PROCESS, Train->Infer, _stream_key_by_map_operator",0,numRecordsOut,37381.0
1784198095,8,"KEYED PROCESS, Train->Infer, _stream_key_by_map_operator",0,numRecordsIn,135.0
1784198095,8,"KEYED PROCESS, Train->Infer, _stream_key_by_map_operator",0,numRecordsInPerSecond,0.11666666666666667
1784198095,8,"KEYED PROCESS, Train->Infer, _stream_key_by_map_operator",0,backPressuredTimeMsPerSecond,0.0
1784198095,8,"KEYED PROCESS, Train->Infer, _stream_key_by_map_operator",1,busyTimeMsPerSecond,561.0
1784198095,8,"KEYED PROCESS, Train->Infer, _stream_key_by_map_operator",1,numRecordsOutPerSecond,50.0
1784198095,8,"KEYED PROCESS, Train->Infer, _stream_key_by_map_operator",1,idleTimeMsPerSecond,439.0
1784198095,8,"KEYED PROCESS, Train->Infer, _stream_key_by_map_operator",1,numRecordsOut,34559.0
1784198095,8,"KEYED PROCESS, Train->Infer, _stream_key_by_map_operator",1,numRecordsIn,130.0
1784198095,8,"KEYED PROCESS, Train->Infer, _stream_key_by_map_operator",1,numRecordsInPerSecond,0.1
1784198095,8,"KEYED PROCESS, Train->Infer, _stream_key_by_map_operator",1,backPressuredTimeMsPerSecond,0.0
1784198095,8,"KEYED PROCESS, Train->Infer, _stream_key_by_map_operator",2,busyTimeMsPerSecond,621.0
1784198095,8,"KEYED PROCESS, Train->Infer, _stream_key_by_map_operator",2,numRecordsOutPerSecond,50.0
1784198095,8,"KEYED PROCESS, Train->Infer, _stream_key_by_map_operator",2,idleTimeMsPerSecond,0.0
1784198095,8,"KEYED PROCESS, Train->Infer, _stream_key_by_map_operator",2,numRecordsOut,40015.0
1784198095,8,"KEYED PROCESS, Train->Infer, _stream_key_by_map_operator",2,numRecordsIn,96.0
1784198095,8,"KEYED PROCESS, Train->Infer, _stream_key_by_map_operator",2,numRecordsInPerSecond,0.1
1784198095,8,"KEYED PROCESS, Train->Infer, _stream_key_by_map_operator",2,backPressuredTimeMsPerSecond,379.0
1784198095,8,"KEYED PROCESS, Train->Infer, _stream_key_by_map_operator",3,busyTimeMsPerSecond,624.0
1784198095,8,"KEYED PROCESS, Train->Infer, _stream_key_by_map_operator",3,numRecordsOutPerSecond,66.66666666666667
1784198095,8,"KEYED PROCESS, Train->Infer, _stream_key_by_map_operator",3,idleTimeMsPerSecond,376.0
1784198095,8,"KEYED PROCESS, Train->Infer, _stream_key_by_map_operator",3,numRecordsOut,40000.0
1784198095,8,"KEYED PROCESS, Train->Infer, _stream_key_by_map_operator",3,numRecordsIn,80.0
1784198095,8,"KEYED PROCESS, Train->Infer, _stream_key_by_map_operator",3,numRecordsInPerSecond,0.11666666666666667
1784198095,8,"KEYED PROCESS, Train->Infer, _stream_key_by_map_operator",3,backPressuredTimeMsPerSecond,0.0
1784198095,8,"KEYED PROCESS, Train->Infer, _stream_key_by_map_operator",4,busyTimeMsPerSecond,398.0
1784198095,8,"KEYED PROCESS, Train->Infer, _stream_key_by_map_operator",4,numRecordsOutPerSecond,41.666666666666664
1784198095,8,"KEYED PROCESS, Train->Infer, _stream_key_by_map_operator",4,idleTimeMsPerSecond,602.0
1784198095,8,"KEYED PROCESS, Train->Infer, _stream_key_by_map_operator",4,numRecordsOut,27575.0
1784198095,8,"KEYED PROCESS, Train->Infer, _stream_key_by_map_operator",4,numRecordsIn,131.0
1784198095,8,"KEYED PROCESS, Train->Infer, _stream_key_by_map_operator",4,numRecordsInPerSecond,0.06666666666666667
1784198095,8,"KEYED PROCESS, Train->Infer, _stream_key_by_map_operator",4,backPressuredTimeMsPerSecond,0.0
1784198095,8,"KEYED PROCESS, Train->Infer, _stream_key_by_map_operator",5,busyTimeMsPerSecond,534.0
1784198095,8,"KEYED PROCESS, Train->Infer, _stream_key_by_map_operator",5,numRecordsOutPerSecond,50.0
1784198095,8,"KEYED PROCESS, Train->Infer, _stream_key_by_map_operator",5,idleTimeMsPerSecond,466.0
1784198095,8,"KEYED PROCESS, Train->Infer, _stream_key_by_map_operator",5,numRecordsOut,36500.0
1784198095,8,"KEYED PROCESS, Train->Infer, _stream_key_by_map_operator",5,numRecordsIn,74.0
1784198095,8,"KEYED PROCESS, Train->Infer, _stream_key_by_map_operator",5,numRecordsInPerSecond,0.1
1784198095,8,"KEYED PROCESS, Train->Infer, _stream_key_by_map_operator",5,backPressuredTimeMsPerSecond,0.0
1784198095,8,"KEYED PROCESS, Train->Infer, _stream_key_by_map_operator",6,busyTimeMsPerSecond,202.0
1784198095,8,"KEYED PROCESS, Train->Infer, _stream_key_by_map_operator",6,numRecordsOutPerSecond,25.0
1784198095,8,"KEYED PROCESS, Train->Infer, _stream_key_by_map_operator",6,idleTimeMsPerSecond,798.0
1784198095,8,"KEYED PROCESS, Train->Infer, _stream_key_by_map_operator",6,numRecordsOut,38000.0
1784198095,8,"KEYED PROCESS, Train->Infer, _stream_key_by_map_operator",6,numRecordsIn,76.0
1784198095,8,"KEYED PROCESS, Train->Infer, _stream_key_by_map_operator",6,numRecordsInPerSecond,0.05
1784198095,8,"KEYED PROCESS, Train->Infer, _stream_key_by_map_operator",6,backPressuredTimeMsPerSecond,0.0
1784198095,8,"KEYED PROCESS, Train->Infer, _stream_key_by_map_operator",7,busyTimeMsPerSecond,793.0
1784198095,8,"KEYED PROCESS, Train->Infer, _stream_key_by_map_operator",7,numRecordsOutPerSecond,66.66666666666667
1784198095,8,"KEYED PROCESS, Train->Infer, _stream_key_by_map_operator",7,idleTimeMsPerSecond,207.0
1784198095,8,"KEYED PROCESS, Train->Infer, _stream_key_by_map_operator",7,numRecordsOut,35530.0
1784198095,8,"KEYED PROCESS, Train->Infer, _stream_key_by_map_operator",7,numRecordsIn,102.0
1784198095,8,"KEYED PROCESS, Train->Infer, _stream_key_by_map_operator",7,numRecordsInPerSecond,0.13333333333333333
1784198095,8,"KEYED PROCESS, Train->Infer, _stream_key_by_map_operator",7,backPressuredTimeMsPerSecond,0.0
1784198095,8,"Infer->Rank, Rank->Filter, Filter -> Sink: Writer -> Sink: Committer",0,busyTimeMsPerSecond,1000.0
1784198095,8,"Infer->Rank, Rank->Filter, Filter -> Sink: Writer -> Sink: Committer",0,numRecordsOutPerSecond,32.833333333333336
1784198095,8,"Infer->Rank, Rank->Filter, Filter -> Sink: Writer -> Sink: Committer",0,idleTimeMsPerSecond,0.0
1784198095,8,"Infer->Rank, Rank->Filter, Filter -> Sink: Writer -> Sink: Committer",0,numRecordsOut,31424.0
1784198095,8,"Infer->Rank, Rank->Filter, Filter -> Sink: Writer -> Sink: Committer",0,numRecordsIn,35500.0
1784198095,8,"Infer->Rank, Rank->Filter, Filter -> Sink: Writer -> Sink: Committer",0,numRecordsInPerSecond,32.78333333333333
1784198095,8,"Infer->Rank, Rank->Filter, Filter -> Sink: Writer -> Sink: Committer",0,backPressuredTimeMsPerSecond,0.0
1784198095,8,"Infer->Rank, Rank->Filter, Filter -> Sink: Writer -> Sink: Committer",1,busyTimeMsPerSecond,689.0
1784198095,8,"Infer->Rank, Rank->Filter, Filter -> Sink: Writer -> Sink: Committer",1,numRecordsOutPerSecond,23.333333333333332
1784198095,8,"Infer->Rank, Rank->Filter, Filter -> Sink: Writer -> Sink: Committer",1,idleTimeMsPerSecond,311.0
1784198095,8,"Infer->Rank, Rank->Filter, Filter -> Sink: Writer -> Sink: Committer",1,numRecordsOut,29990.0
1784198095,8,"Infer->Rank, Rank->Filter, Filter -> Sink: Writer -> Sink: Committer",1,numRecordsIn,33023.0
1784198095,8,"Infer->Rank, Rank->Filter, Filter -> Sink: Writer -> Sink: Committer",1,numRecordsInPerSecond,29.15
1784198095,8,"Infer->Rank, Rank->Filter, Filter -> Sink: Writer -> Sink: Committer",1,backPressuredTimeMsPerSecond,0.0
1784198095,8,"Infer->Rank, Rank->Filter, Filter -> Sink: Writer -> Sink: Committer",2,busyTimeMsPerSecond,1000.0
1784198095,8,"Infer->Rank, Rank->Filter, Filter -> Sink: Writer -> Sink: Committer",2,numRecordsOutPerSecond,49.166666666666664
1784198095,8,"Infer->Rank, Rank->Filter, Filter -> Sink: Writer -> Sink: Committer",2,idleTimeMsPerSecond,0.0
1784198095,8,"Infer->Rank, Rank->Filter, Filter -> Sink: Writer -> Sink: Committer",2,numRecordsOut,31830.0
1784198095,8,"Infer->Rank, Rank->Filter, Filter -> Sink: Writer -> Sink: Committer",2,numRecordsIn,36849.0
1784198095,8,"Infer->Rank, Rank->Filter, Filter -> Sink: Writer -> Sink: Committer",2,numRecordsInPerSecond,49.06666666666667
1784198095,8,"Infer->Rank, Rank->Filter, Filter -> Sink: Writer -> Sink: Committer",2,backPressuredTimeMsPerSecond,0.0
1784198095,8,"Infer->Rank, Rank->Filter, Filter -> Sink: Writer -> Sink: Committer",3,busyTimeMsPerSecond,1000.0
1784198095,8,"Infer->Rank, Rank->Filter, Filter -> Sink: Writer -> Sink: Committer",3,numRecordsOutPerSecond,51.666666666666664
1784198095,8,"Infer->Rank, Rank->Filter, Filter -> Sink: Writer -> Sink: Committer",3,idleTimeMsPerSecond,0.0
1784198095,8,"Infer->Rank, Rank->Filter, Filter -> Sink: Writer -> Sink: Committer",3,numRecordsOut,34610.0
1784198095,8,"Infer->Rank, Rank->Filter, Filter -> Sink: Writer -> Sink: Committer",3,numRecordsIn,39620.0
1784198095,8,"Infer->Rank, Rank->Filter, Filter -> Sink: Writer -> Sink: Committer",3,numRecordsInPerSecond,68.35
1784198095,8,"Infer->Rank, Rank->Filter, Filter -> Sink: Writer -> Sink: Committer",3,backPressuredTimeMsPerSecond,0.0
1784198095,8,"Infer->Rank, Rank->Filter, Filter -> Sink: Writer -> Sink: Committer",4,busyTimeMsPerSecond,709.0
1784198095,8,"Infer->Rank, Rank->Filter, Filter -> Sink: Writer -> Sink: Committer",4,numRecordsOutPerSecond,21.333333333333332
1784198095,8,"Infer->Rank, Rank->Filter, Filter -> Sink: Writer -> Sink: Committer",4,idleTimeMsPerSecond,291.0
1784198095,8,"Infer->Rank, Rank->Filter, Filter -> Sink: Writer -> Sink: Committer",4,numRecordsOut,25480.0
1784198095,8,"Infer->Rank, Rank->Filter, Filter -> Sink: Writer -> Sink: Committer",4,numRecordsIn,26663.0
1784198095,8,"Infer->Rank, Rank->Filter, Filter -> Sink: Writer -> Sink: Committer",4,numRecordsInPerSecond,29.683333333333334
1784198095,8,"Infer->Rank, Rank->Filter, Filter -> Sink: Writer -> Sink: Committer",4,backPressuredTimeMsPerSecond,0.0
1784198095,8,"Infer->Rank, Rank->Filter, Filter -> Sink: Writer -> Sink: Committer",5,busyTimeMsPerSecond,862.0
1784198095,8,"Infer->Rank, Rank->Filter, Filter -> Sink: Writer -> Sink: Committer",5,numRecordsOutPerSecond,41.666666666666664
1784198095,8,"Infer->Rank, Rank->Filter, Filter -> Sink: Writer -> Sink: Committer",5,idleTimeMsPerSecond,138.0
1784198095,8,"Infer->Rank, Rank->Filter, Filter -> Sink: Writer -> Sink: Committer",5,numRecordsOut,31600.0
1784198095,8,"Infer->Rank, Rank->Filter, Filter -> Sink: Writer -> Sink: Committer",5,numRecordsIn,36106.0
1784198095,8,"Infer->Rank, Rank->Filter, Filter -> Sink: Writer -> Sink: Committer",5,numRecordsInPerSecond,60.81666666666667
1784198095,8,"Infer->Rank, Rank->Filter, Filter -> Sink: Writer -> Sink: Committer",5,backPressuredTimeMsPerSecond,0.0
1784198095,8,"Infer->Rank, Rank->Filter, Filter -> Sink: Writer -> Sink: Committer",6,busyTimeMsPerSecond,267.0
1784198095,8,"Infer->Rank, Rank->Filter, Filter -> Sink: Writer -> Sink: Committer",6,numRecordsOutPerSecond,25.0
1784198095,8,"Infer->Rank, Rank->Filter, Filter -> Sink: Writer -> Sink: Committer",6,idleTimeMsPerSecond,733.0
1784198095,8,"Infer->Rank, Rank->Filter, Filter -> Sink: Writer -> Sink: Committer",6,numRecordsOut,33000.0
1784198095,8,"Infer->Rank, Rank->Filter, Filter -> Sink: Writer -> Sink: Committer",6,numRecordsIn,38000.0
1784198095,8,"Infer->Rank, Rank->Filter, Filter -> Sink: Writer -> Sink: Committer",6,numRecordsInPerSecond,25.0
1784198095,8,"Infer->Rank, Rank->Filter, Filter -> Sink: Writer -> Sink: Committer",6,backPressuredTimeMsPerSecond,0.0
1784198095,8,"Infer->Rank, Rank->Filter, Filter -> Sink: Writer -> Sink: Committer",7,busyTimeMsPerSecond,1000.0
1784198095,8,"Infer->Rank, Rank->Filter, Filter -> Sink: Writer -> Sink: Committer",7,numRecordsOutPerSecond,33.666666666666664
1784198095,8,"Infer->Rank, Rank->Filter, Filter -> Sink: Writer -> Sink: Committer",7,idleTimeMsPerSecond,0.0
1784198095,8,"Infer->Rank, Rank->Filter, Filter -> Sink: Writer -> Sink: Committer",7,numRecordsOut,33490.0
1784198095,8,"Infer->Rank, Rank->Filter, Filter -> Sink: Writer -> Sink: Committer",7,numRecordsIn,34476.0
1784198095,8,"Infer->Rank, Rank->Filter, Filter -> Sink: Writer -> Sink: Committer",7,numRecordsInPerSecond,40.05
1784198095,8,"Infer->Rank, Rank->Filter, Filter -> Sink: Writer -> Sink: Committer",7,backPressuredTimeMsPerSecond,0.0
1784198110,8,"Source: Source-data -> LoadJSON, Parse, _stream_key_by_map_operator",0,busyTimeMsPerSecond,0.0
1784198110,8,"Source: Source-data -> LoadJSON, Parse, _stream_key_by_map_operator",0,numRecordsOutPerSecond,0.0
1784198110,8,"Source: Source-data -> LoadJSON, Parse, _stream_key_by_map_operator",0,idleTimeMsPerSecond,1000.0
1784198110,8,"Source: Source-data -> LoadJSON, Parse, _stream_key_by_map_operator",0,numRecordsOut,6130.0
1784198110,8,"Source: Source-data -> LoadJSON, Parse, _stream_key_by_map_operator",0,numRecordsIn,6130.0
1784198110,8,"Source: Source-data -> LoadJSON, Parse, _stream_key_by_map_operator",0,numRecordsInPerSecond,0.0
1784198110,8,"Source: Source-data -> LoadJSON, Parse, _stream_key_by_map_operator",0,backPressuredTimeMsPerSecond,0.0
1784198110,8,"Source: Source-data -> LoadJSON, Parse, _stream_key_by_map_operator",1,busyTimeMsPerSecond,0.0
1784198110,8,"Source: Source-data -> LoadJSON, Parse, _stream_key_by_map_operator",1,numRecordsOutPerSecond,0.0
1784198110,8,"Source: Source-data -> LoadJSON, Parse, _stream_key_by_map_operator",1,idleTimeMsPerSecond,0.0
1784198110,8,"Source: Source-data -> LoadJSON, Parse, _stream_key_by_map_operator",1,numRecordsOut,6028.0
1784198110,8,"Source: Source-data -> LoadJSON, Parse, _stream_key_by_map_operator",1,numRecordsIn,6028.0
1784198110,8,"Source: Source-data -> LoadJSON, Parse, _stream_key_by_map_operator",1,numRecordsInPerSecond,0.0
1784198110,8,"Source: Source-data -> LoadJSON, Parse, _stream_key_by_map_operator",1,backPressuredTimeMsPerSecond,1000.0
1784198110,8,"Source: Source-data -> LoadJSON, Parse, _stream_key_by_map_operator",2,busyTimeMsPerSecond,0.0
1784198110,8,"Source: Source-data -> LoadJSON, Parse, _stream_key_by_map_operator",2,numRecordsOutPerSecond,0.0
1784198110,8,"Source: Source-data -> LoadJSON, Parse, _stream_key_by_map_operator",2,idleTimeMsPerSecond,1000.0
1784198110,8,"Source: Source-data -> LoadJSON, Parse, _stream_key_by_map_operator",2,numRecordsOut,6233.0
1784198110,8,"Source: Source-data -> LoadJSON, Parse, _stream_key_by_map_operator",2,numRecordsIn,6233.0
1784198110,8,"Source: Source-data -> LoadJSON, Parse, _stream_key_by_map_operator",2,numRecordsInPerSecond,0.0
1784198110,8,"Source: Source-data -> LoadJSON, Parse, _stream_key_by_map_operator",2,backPressuredTimeMsPerSecond,0.0
1784198110,8,"Source: Source-data -> LoadJSON, Parse, _stream_key_by_map_operator",3,busyTimeMsPerSecond,0.0
1784198110,8,"Source: Source-data -> LoadJSON, Parse, _stream_key_by_map_operator",3,numRecordsOutPerSecond,0.0
1784198110,8,"Source: Source-data -> LoadJSON, Parse, _stream_key_by_map_operator",3,idleTimeMsPerSecond,0.0
1784198110,8,"Source: Source-data -> LoadJSON, Parse, _stream_key_by_map_operator",3,numRecordsOut,6021.0
1784198110,8,"Source: Source-data -> LoadJSON, Parse, _stream_key_by_map_operator",3,numRecordsIn,6021.0
1784198110,8,"Source: Source-data -> LoadJSON, Parse, _stream_key_by_map_operator",3,numRecordsInPerSecond,0.0
1784198110,8,"Source: Source-data -> LoadJSON, Parse, _stream_key_by_map_operator",3,backPressuredTimeMsPerSecond,1000.0
1784198110,8,"Source: Source-data -> LoadJSON, Parse, _stream_key_by_map_operator",4,busyTimeMsPerSecond,0.0
1784198110,8,"Source: Source-data -> LoadJSON, Parse, _stream_key_by_map_operator",4,numRecordsOutPerSecond,0.0
1784198110,8,"Source: Source-data -> LoadJSON, Parse, _stream_key_by_map_operator",4,idleTimeMsPerSecond,0.0
1784198110,8,"Source: Source-data -> LoadJSON, Parse, _stream_key_by_map_operator",4,numRecordsOut,6068.0
1784198110,8,"Source: Source-data -> LoadJSON, Parse, _stream_key_by_map_operator",4,numRecordsIn,6068.0
1784198110,8,"Source: Source-data -> LoadJSON, Parse, _stream_key_by_map_operator",4,numRecordsInPerSecond,0.0
1784198110,8,"Source: Source-data -> LoadJSON, Parse, _stream_key_by_map_operator",4,backPressuredTimeMsPerSecond,1000.0
1784198110,8,"Source: Source-data -> LoadJSON, Parse, _stream_key_by_map_operator",5,busyTimeMsPerSecond,0.0
1784198110,8,"Source: Source-data -> LoadJSON, Parse, _stream_key_by_map_operator",5,numRecordsOutPerSecond,0.0
1784198110,8,"Source: Source-data -> LoadJSON, Parse, _stream_key_by_map_operator",5,idleTimeMsPerSecond,1000.0
1784198110,8,"Source: Source-data -> LoadJSON, Parse, _stream_key_by_map_operator",5,numRecordsOut,6100.0
1784198110,8,"Source: Source-data -> LoadJSON, Parse, _stream_key_by_map_operator",5,numRecordsIn,6100.0
1784198110,8,"Source: Source-data -> LoadJSON, Parse, _stream_key_by_map_operator",5,numRecordsInPerSecond,0.0
1784198110,8,"Source: Source-data -> LoadJSON, Parse, _stream_key_by_map_operator",5,backPressuredTimeMsPerSecond,0.0
1784198110,8,"Source: Source-data -> LoadJSON, Parse, _stream_key_by_map_operator",6,busyTimeMsPerSecond,1.0
1784198110,8,"Source: Source-data -> LoadJSON, Parse, _stream_key_by_map_operator",6,numRecordsOutPerSecond,0.03333333333333333
1784198110,8,"Source: Source-data -> LoadJSON, Parse, _stream_key_by_map_operator",6,idleTimeMsPerSecond,702.0
1784198110,8,"Source: Source-data -> LoadJSON, Parse, _stream_key_by_map_operator",6,numRecordsOut,6065.0
1784198110,8,"Source: Source-data -> LoadJSON, Parse, _stream_key_by_map_operator",6,numRecordsIn,6065.0
1784198110,8,"Source: Source-data -> LoadJSON, Parse, _stream_key_by_map_operator",6,numRecordsInPerSecond,0.03333333333333333
1784198110,8,"Source: Source-data -> LoadJSON, Parse, _stream_key_by_map_operator",6,backPressuredTimeMsPerSecond,297.0
1784198110,8,"Source: Source-data -> LoadJSON, Parse, _stream_key_by_map_operator",7,busyTimeMsPerSecond,0.0
1784198110,8,"Source: Source-data -> LoadJSON, Parse, _stream_key_by_map_operator",7,numRecordsOutPerSecond,0.016666666666666666
1784198110,8,"Source: Source-data -> LoadJSON, Parse, _stream_key_by_map_operator",7,idleTimeMsPerSecond,1000.0
1784198110,8,"Source: Source-data -> LoadJSON, Parse, _stream_key_by_map_operator",7,numRecordsOut,5970.0
1784198110,8,"Source: Source-data -> LoadJSON, Parse, _stream_key_by_map_operator",7,numRecordsIn,5970.0
1784198110,8,"Source: Source-data -> LoadJSON, Parse, _stream_key_by_map_operator",7,numRecordsInPerSecond,0.016666666666666666
1784198110,8,"Source: Source-data -> LoadJSON, Parse, _stream_key_by_map_operator",7,backPressuredTimeMsPerSecond,0.0
1784198110,8,"KEYED PROCESS, Parse->Train, _stream_key_by_map_operator",0,busyTimeMsPerSecond,776.0
1784198110,8,"KEYED PROCESS, Parse->Train, _stream_key_by_map_operator",0,numRecordsOutPerSecond,0.2
1784198110,8,"KEYED PROCESS, Parse->Train, _stream_key_by_map_operator",0,idleTimeMsPerSecond,0.0
1784198110,8,"KEYED PROCESS, Parse->Train, _stream_key_by_map_operator",0,numRecordsOut,176.0
1784198110,8,"KEYED PROCESS, Parse->Train, _stream_key_by_map_operator",0,numRecordsIn,177.0
1784198110,8,"KEYED PROCESS, Parse->Train, _stream_key_by_map_operator",0,numRecordsInPerSecond,0.2
1784198110,8,"KEYED PROCESS, Parse->Train, _stream_key_by_map_operator",0,backPressuredTimeMsPerSecond,224.0
1784198110,8,"KEYED PROCESS, Parse->Train, _stream_key_by_map_operator",1,busyTimeMsPerSecond,652.0
1784198110,8,"KEYED PROCESS, Parse->Train, _stream_key_by_map_operator",1,numRecordsOutPerSecond,0.16666666666666666
1784198110,8,"KEYED PROCESS, Parse->Train, _stream_key_by_map_operator",1,idleTimeMsPerSecond,0.0
1784198110,8,"KEYED PROCESS, Parse->Train, _stream_key_by_map_operator",1,numRecordsOut,179.0
1784198110,8,"KEYED PROCESS, Parse->Train, _stream_key_by_map_operator",1,numRecordsIn,180.0
1784198110,8,"KEYED PROCESS, Parse->Train, _stream_key_by_map_operator",1,numRecordsInPerSecond,0.16666666666666666
1784198110,8,"KEYED PROCESS, Parse->Train, _stream_key_by_map_operator",1,backPressuredTimeMsPerSecond,348.0
1784198110,8,"KEYED PROCESS, Parse->Train, _stream_key_by_map_operator",2,busyTimeMsPerSecond,494.0
1784198110,8,"KEYED PROCESS, Parse->Train, _stream_key_by_map_operator",2,numRecordsOutPerSecond,0.13333333333333333
1784198110,8,"KEYED PROCESS, Parse->Train, _stream_key_by_map_operator",2,idleTimeMsPerSecond,0.0
1784198110,8,"KEYED PROCESS, Parse->Train, _stream_key_by_map_operator",2,numRecordsOut,136.0
1784198110,8,"KEYED PROCESS, Parse->Train, _stream_key_by_map_operator",2,numRecordsIn,137.0
1784198110,8,"KEYED PROCESS, Parse->Train, _stream_key_by_map_operator",2,numRecordsInPerSecond,0.13333333333333333
1784198110,8,"KEYED PROCESS, Parse->Train, _stream_key_by_map_operator",2,backPressuredTimeMsPerSecond,506.0
1784198110,8,"KEYED PROCESS, Parse->Train, _stream_key_by_map_operator",3,busyTimeMsPerSecond,0.0
1784198110,8,"KEYED PROCESS, Parse->Train, _stream_key_by_map_operator",3,numRecordsOutPerSecond,0.0
1784198110,8,"KEYED PROCESS, Parse->Train, _stream_key_by_map_operator",3,idleTimeMsPerSecond,1000.0
1784198110,8,"KEYED PROCESS, Parse->Train, _stream_key_by_map_operator",3,numRecordsOut,0.0
1784198110,8,"KEYED PROCESS, Parse->Train, _stream_key_by_map_operator",3,numRecordsIn,0.0
1784198110,8,"KEYED PROCESS, Parse->Train, _stream_key_by_map_operator",3,numRecordsInPerSecond,0.0
1784198110,8,"KEYED PROCESS, Parse->Train, _stream_key_by_map_operator",3,backPressuredTimeMsPerSecond,0.0
1784198110,8,"KEYED PROCESS, Parse->Train, _stream_key_by_map_operator",4,busyTimeMsPerSecond,543.0
1784198110,8,"KEYED PROCESS, Parse->Train, _stream_key_by_map_operator",4,numRecordsOutPerSecond,0.15
1784198110,8,"KEYED PROCESS, Parse->Train, _stream_key_by_map_operator",4,idleTimeMsPerSecond,0.0
1784198110,8,"KEYED PROCESS, Parse->Train, _stream_key_by_map_operator",4,numRecordsOut,204.0
1784198110,8,"KEYED PROCESS, Parse->Train, _stream_key_by_map_operator",4,numRecordsIn,205.0
1784198110,8,"KEYED PROCESS, Parse->Train, _stream_key_by_map_operator",4,numRecordsInPerSecond,0.15
1784198110,8,"KEYED PROCESS, Parse->Train, _stream_key_by_map_operator",4,backPressuredTimeMsPerSecond,457.0
1784198110,8,"KEYED PROCESS, Parse->Train, _stream_key_by_map_operator",5,busyTimeMsPerSecond,0.0
1784198110,8,"KEYED PROCESS, Parse->Train, _stream_key_by_map_operator",5,numRecordsOutPerSecond,0.0
1784198110,8,"KEYED PROCESS, Parse->Train, _stream_key_by_map_operator",5,idleTimeMsPerSecond,1000.0
1784198110,8,"KEYED PROCESS, Parse->Train, _stream_key_by_map_operator",5,numRecordsOut,0.0
1784198110,8,"KEYED PROCESS, Parse->Train, _stream_key_by_map_operator",5,numRecordsIn,0.0
1784198110,8,"KEYED PROCESS, Parse->Train, _stream_key_by_map_operator",5,numRecordsInPerSecond,0.0
1784198110,8,"KEYED PROCESS, Parse->Train, _stream_key_by_map_operator",5,backPressuredTimeMsPerSecond,0.0
1784198110,8,"KEYED PROCESS, Parse->Train, _stream_key_by_map_operator",6,busyTimeMsPerSecond,0.0
1784198110,8,"KEYED PROCESS, Parse->Train, _stream_key_by_map_operator",6,numRecordsOutPerSecond,0.0
1784198110,8,"KEYED PROCESS, Parse->Train, _stream_key_by_map_operator",6,idleTimeMsPerSecond,1000.0
1784198110,8,"KEYED PROCESS, Parse->Train, _stream_key_by_map_operator",6,numRecordsOut,0.0
1784198110,8,"KEYED PROCESS, Parse->Train, _stream_key_by_map_operator",6,numRecordsIn,0.0
1784198110,8,"KEYED PROCESS, Parse->Train, _stream_key_by_map_operator",6,numRecordsInPerSecond,0.0
1784198110,8,"KEYED PROCESS, Parse->Train, _stream_key_by_map_operator",6,backPressuredTimeMsPerSecond,0.0
1784198110,8,"KEYED PROCESS, Parse->Train, _stream_key_by_map_operator",7,busyTimeMsPerSecond,642.0
1784198110,8,"KEYED PROCESS, Parse->Train, _stream_key_by_map_operator",7,numRecordsOutPerSecond,0.16666666666666666
1784198110,8,"KEYED PROCESS, Parse->Train, _stream_key_by_map_operator",7,idleTimeMsPerSecond,0.0
1784198110,8,"KEYED PROCESS, Parse->Train, _stream_key_by_map_operator",7,numRecordsOut,146.0
1784198110,8,"KEYED PROCESS, Parse->Train, _stream_key_by_map_operator",7,numRecordsIn,147.0
1784198110,8,"KEYED PROCESS, Parse->Train, _stream_key_by_map_operator",7,numRecordsInPerSecond,0.16666666666666666
1784198110,8,"KEYED PROCESS, Parse->Train, _stream_key_by_map_operator",7,backPressuredTimeMsPerSecond,358.0
1784198110,8,"KEYED PROCESS, Train->Infer, _stream_key_by_map_operator",0,busyTimeMsPerSecond,708.0
1784198110,8,"KEYED PROCESS, Train->Infer, _stream_key_by_map_operator",0,numRecordsOutPerSecond,50.0
1784198110,8,"KEYED PROCESS, Train->Infer, _stream_key_by_map_operator",0,idleTimeMsPerSecond,292.0
1784198110,8,"KEYED PROCESS, Train->Infer, _stream_key_by_map_operator",0,numRecordsOut,38881.0
1784198110,8,"KEYED PROCESS, Train->Infer, _stream_key_by_map_operator",0,numRecordsIn,138.0
1784198110,8,"KEYED PROCESS, Train->Infer, _stream_key_by_map_operator",0,numRecordsInPerSecond,0.11666666666666667
1784198110,8,"KEYED PROCESS, Train->Infer, _stream_key_by_map_operator",0,backPressuredTimeMsPerSecond,0.0
1784198110,8,"KEYED PROCESS, Train->Infer, _stream_key_by_map_operator",1,busyTimeMsPerSecond,760.0
1784198110,8,"KEYED PROCESS, Train->Infer, _stream_key_by_map_operator",1,numRecordsOutPerSecond,58.333333333333336
1784198110,8,"KEYED PROCESS, Train->Infer, _stream_key_by_map_operator",1,idleTimeMsPerSecond,240.0
1784198110,8,"KEYED PROCESS, Train->Infer, _stream_key_by_map_operator",1,numRecordsOut,36059.0
1784198110,8,"KEYED PROCESS, Train->Infer, _stream_key_by_map_operator",1,numRecordsIn,133.0
1784198110,8,"KEYED PROCESS, Train->Infer, _stream_key_by_map_operator",1,numRecordsInPerSecond,0.11666666666666667
1784198110,8,"KEYED PROCESS, Train->Infer, _stream_key_by_map_operator",1,backPressuredTimeMsPerSecond,0.0
1784198110,8,"KEYED PROCESS, Train->Infer, _stream_key_by_map_operator",2,busyTimeMsPerSecond,634.0
1784198110,8,"KEYED PROCESS, Train->Infer, _stream_key_by_map_operator",2,numRecordsOutPerSecond,41.666666666666664
1784198110,8,"KEYED PROCESS, Train->Infer, _stream_key_by_map_operator",2,idleTimeMsPerSecond,0.0
1784198110,8,"KEYED PROCESS, Train->Infer, _stream_key_by_map_operator",2,numRecordsOut,41015.0
1784198110,8,"KEYED PROCESS, Train->Infer, _stream_key_by_map_operator",2,numRecordsIn,98.0
1784198110,8,"KEYED PROCESS, Train->Infer, _stream_key_by_map_operator",2,numRecordsInPerSecond,0.08333333333333333
1784198110,8,"KEYED PROCESS, Train->Infer, _stream_key_by_map_operator",2,backPressuredTimeMsPerSecond,366.0
1784198110,8,"KEYED PROCESS, Train->Infer, _stream_key_by_map_operator",3,busyTimeMsPerSecond,392.0
1784198110,8,"KEYED PROCESS, Train->Infer, _stream_key_by_map_operator",3,numRecordsOutPerSecond,41.666666666666664
1784198110,8,"KEYED PROCESS, Train->Infer, _stream_key_by_map_operator",3,idleTimeMsPerSecond,608.0
1784198110,8,"KEYED PROCESS, Train->Infer, _stream_key_by_map_operator",3,numRecordsOut,41500.0
1784198110,8,"KEYED PROCESS, Train->Infer, _stream_key_by_map_operator",3,numRecordsIn,83.0
1784198110,8,"KEYED PROCESS, Train->Infer, _stream_key_by_map_operator",3,numRecordsInPerSecond,0.06666666666666667
1784198110,8,"KEYED PROCESS, Train->Infer, _stream_key_by_map_operator",3,backPressuredTimeMsPerSecond,0.0
1784198110,8,"KEYED PROCESS, Train->Infer, _stream_key_by_map_operator",4,busyTimeMsPerSecond,624.0
1784198110,8,"KEYED PROCESS, Train->Infer, _stream_key_by_map_operator",4,numRecordsOutPerSecond,58.333333333333336
1784198110,8,"KEYED PROCESS, Train->Infer, _stream_key_by_map_operator",4,idleTimeMsPerSecond,376.0
1784198110,8,"KEYED PROCESS, Train->Infer, _stream_key_by_map_operator",4,numRecordsOut,29575.0
1784198110,8,"KEYED PROCESS, Train->Infer, _stream_key_by_map_operator",4,numRecordsIn,134.0
1784198110,8,"KEYED PROCESS, Train->Infer, _stream_key_by_map_operator",4,numRecordsInPerSecond,0.11666666666666667
1784198110,8,"KEYED PROCESS, Train->Infer, _stream_key_by_map_operator",4,backPressuredTimeMsPerSecond,0.0
1784198110,8,"KEYED PROCESS, Train->Infer, _stream_key_by_map_operator",5,busyTimeMsPerSecond,609.0
1784198110,8,"KEYED PROCESS, Train->Infer, _stream_key_by_map_operator",5,numRecordsOutPerSecond,58.333333333333336
1784198110,8,"KEYED PROCESS, Train->Infer, _stream_key_by_map_operator",5,idleTimeMsPerSecond,391.0
1784198110,8,"KEYED PROCESS, Train->Infer, _stream_key_by_map_operator",5,numRecordsOut,38500.0
1784198110,8,"KEYED PROCESS, Train->Infer, _stream_key_by_map_operator",5,numRecordsIn,78.0
1784198110,8,"KEYED PROCESS, Train->Infer, _stream_key_by_map_operator",5,numRecordsInPerSecond,0.13333333333333333
1784198110,8,"KEYED PROCESS, Train->Infer, _stream_key_by_map_operator",5,backPressuredTimeMsPerSecond,0.0
1784198110,8,"KEYED PROCESS, Train->Infer, _stream_key_by_map_operator",6,busyTimeMsPerSecond,346.0
1784198110,8,"KEYED PROCESS, Train->Infer, _stream_key_by_map_operator",6,numRecordsOutPerSecond,41.666666666666664
1784198110,8,"KEYED PROCESS, Train->Infer, _stream_key_by_map_operator",6,idleTimeMsPerSecond,654.0
1784198110,8,"KEYED PROCESS, Train->Infer, _stream_key_by_map_operator",6,numRecordsOut,39500.0
1784198110,8,"KEYED PROCESS, Train->Infer, _stream_key_by_map_operator",6,numRecordsIn,80.0
1784198110,8,"KEYED PROCESS, Train->Infer, _stream_key_by_map_operator",6,numRecordsInPerSecond,0.08333333333333333
1784198110,8,"KEYED PROCESS, Train->Infer, _stream_key_by_map_operator",6,backPressuredTimeMsPerSecond,0.0
1784198110,8,"KEYED PROCESS, Train->Infer, _stream_key_by_map_operator",7,busyTimeMsPerSecond,715.0
1784198110,8,"KEYED PROCESS, Train->Infer, _stream_key_by_map_operator",7,numRecordsOutPerSecond,58.333333333333336
1784198110,8,"KEYED PROCESS, Train->Infer, _stream_key_by_map_operator",7,idleTimeMsPerSecond,285.0
1784198110,8,"KEYED PROCESS, Train->Infer, _stream_key_by_map_operator",7,numRecordsOut,37530.0
1784198110,8,"KEYED PROCESS, Train->Infer, _stream_key_by_map_operator",7,numRecordsIn,105.0
1784198110,8,"KEYED PROCESS, Train->Infer, _stream_key_by_map_operator",7,numRecordsInPerSecond,0.11666666666666667
1784198110,8,"KEYED PROCESS, Train->Infer, _stream_key_by_map_operator",7,backPressuredTimeMsPerSecond,0.0
1784198110,8,"Infer->Rank, Rank->Filter, Filter -> Sink: Writer -> Sink: Committer",0,busyTimeMsPerSecond,1000.0
1784198110,8,"Infer->Rank, Rank->Filter, Filter -> Sink: Writer -> Sink: Committer",0,numRecordsOutPerSecond,30.166666666666668
1784198110,8,"Infer->Rank, Rank->Filter, Filter -> Sink: Writer -> Sink: Committer",0,idleTimeMsPerSecond,0.0
1784198110,8,"Infer->Rank, Rank->Filter, Filter -> Sink: Writer -> Sink: Committer",0,numRecordsOut,32444.0
1784198110,8,"Infer->Rank, Rank->Filter, Filter -> Sink: Writer -> Sink: Committer",0,numRecordsIn,36513.0
1784198110,8,"Infer->Rank, Rank->Filter, Filter -> Sink: Writer -> Sink: Committer",0,numRecordsInPerSecond,30.2
1784198110,8,"Infer->Rank, Rank->Filter, Filter -> Sink: Writer -> Sink: Committer",0,backPressuredTimeMsPerSecond,0.0
1784198110,8,"Infer->Rank, Rank->Filter, Filter -> Sink: Writer -> Sink: Committer",1,busyTimeMsPerSecond,1000.0
1784198110,8,"Infer->Rank, Rank->Filter, Filter -> Sink: Writer -> Sink: Committer",1,numRecordsOutPerSecond,28.0
1784198110,8,"Infer->Rank, Rank->Filter, Filter -> Sink: Writer -> Sink: Committer",1,idleTimeMsPerSecond,0.0
1784198110,8,"Infer->Rank, Rank->Filter, Filter -> Sink: Writer -> Sink: Committer",1,numRecordsOut,30840.0
1784198110,8,"Infer->Rank, Rank->Filter, Filter -> Sink: Writer -> Sink: Committer",1,numRecordsIn,33919.0
1784198110,8,"Infer->Rank, Rank->Filter, Filter -> Sink: Writer -> Sink: Committer",1,numRecordsInPerSecond,36.35
1784198110,8,"Infer->Rank, Rank->Filter, Filter -> Sink: Writer -> Sink: Committer",1,backPressuredTimeMsPerSecond,0.0
1784198110,8,"Infer->Rank, Rank->Filter, Filter -> Sink: Writer -> Sink: Committer",2,busyTimeMsPerSecond,1000.0
1784198110,8,"Infer->Rank, Rank->Filter, Filter -> Sink: Writer -> Sink: Committer",2,numRecordsOutPerSecond,43.5
1784198110,8,"Infer->Rank, Rank->Filter, Filter -> Sink: Writer -> Sink: Committer",2,idleTimeMsPerSecond,0.0
1784198110,8,"Infer->Rank, Rank->Filter, Filter -> Sink: Writer -> Sink: Committer",2,numRecordsOut,32990.0
1784198110,8,"Infer->Rank, Rank->Filter, Filter -> Sink: Writer -> Sink: Committer",2,numRecordsIn,38014.0
1784198110,8,"Infer->Rank, Rank->Filter, Filter -> Sink: Writer -> Sink: Committer",2,numRecordsInPerSecond,43.56666666666667
1784198110,8,"Infer->Rank, Rank->Filter, Filter -> Sink: Writer -> Sink: Committer",2,backPressuredTimeMsPerSecond,0.0
1784198110,8,"Infer->Rank, Rank->Filter, Filter -> Sink: Writer -> Sink: Committer",3,busyTimeMsPerSecond,877.0
1784198110,8,"Infer->Rank, Rank->Filter, Filter -> Sink: Writer -> Sink: Committer",3,numRecordsOutPerSecond,54.333333333333336
1784198110,8,"Infer->Rank, Rank->Filter, Filter -> Sink: Writer -> Sink: Committer",3,idleTimeMsPerSecond,123.0
1784198110,8,"Infer->Rank, Rank->Filter, Filter -> Sink: Writer -> Sink: Committer",3,numRecordsOut,35830.0
1784198110,8,"Infer->Rank, Rank->Filter, Filter -> Sink: Writer -> Sink: Committer",3,numRecordsIn,41335.0
1784198110,8,"Infer->Rank, Rank->Filter, Filter -> Sink: Writer -> Sink: Committer",3,numRecordsInPerSecond,70.95
1784198110,8,"Infer->Rank, Rank->Filter, Filter -> Sink: Writer -> Sink: Committer",3,backPressuredTimeMsPerSecond,0.0
1784198110,8,"Infer->Rank, Rank->Filter, Filter -> Sink: Writer -> Sink: Committer",4,busyTimeMsPerSecond,835.0
1784198110,8,"Infer->Rank, Rank->Filter, Filter -> Sink: Writer -> Sink: Committer",4,numRecordsOutPerSecond,31.166666666666668
1784198110,8,"Infer->Rank, Rank->Filter, Filter -> Sink: Writer -> Sink: Committer",4,idleTimeMsPerSecond,165.0
1784198110,8,"Infer->Rank, Rank->Filter, Filter -> Sink: Writer -> Sink: Committer",4,numRecordsOut,27050.0
1784198110,8,"Infer->Rank, Rank->Filter, Filter -> Sink: Writer -> Sink: Committer",4,numRecordsIn,28653.0
1784198110,8,"Infer->Rank, Rank->Filter, Filter -> Sink: Writer -> Sink: Committer",4,numRecordsInPerSecond,42.266666666666666
1784198110,8,"Infer->Rank, Rank->Filter, Filter -> Sink: Writer -> Sink: Committer",4,backPressuredTimeMsPerSecond,0.0
1784198110,8,"Infer->Rank, Rank->Filter, Filter -> Sink: Writer -> Sink: Committer",5,busyTimeMsPerSecond,852.0
1784198110,8,"Infer->Rank, Rank->Filter, Filter -> Sink: Writer -> Sink: Committer",5,numRecordsOutPerSecond,40.333333333333336
1784198110,8,"Infer->Rank, Rank->Filter, Filter -> Sink: Writer -> Sink: Committer",5,idleTimeMsPerSecond,148.0
1784198110,8,"Infer->Rank, Rank->Filter, Filter -> Sink: Writer -> Sink: Committer",5,numRecordsOut,33350.0
1784198110,8,"Infer->Rank, Rank->Filter, Filter -> Sink: Writer -> Sink: Committer",5,numRecordsIn,37859.0
1784198110,8,"Infer->Rank, Rank->Filter, Filter -> Sink: Writer -> Sink: Committer",5,numRecordsInPerSecond,56.95
1784198110,8,"Infer->Rank, Rank->Filter, Filter -> Sink: Writer -> Sink: Committer",5,backPressuredTimeMsPerSecond,0.0
1784198110,8,"Infer->Rank, Rank->Filter, Filter -> Sink: Writer -> Sink: Committer",6,busyTimeMsPerSecond,338.0
1784198110,8,"Infer->Rank, Rank->Filter, Filter -> Sink: Writer -> Sink: Committer",6,numRecordsOutPerSecond,30.333333333333332
1784198110,8,"Infer->Rank, Rank->Filter, Filter -> Sink: Writer -> Sink: Committer",6,idleTimeMsPerSecond,662.0
1784198110,8,"Infer->Rank, Rank->Filter, Filter -> Sink: Writer -> Sink: Committer",6,numRecordsOut,33930.0
1784198110,8,"Infer->Rank, Rank->Filter, Filter -> Sink: Writer -> Sink: Committer",6,numRecordsIn,38940.0
1784198110,8,"Infer->Rank, Rank->Filter, Filter -> Sink: Writer -> Sink: Committer",6,numRecordsInPerSecond,30.366666666666667
1784198110,8,"Infer->Rank, Rank->Filter, Filter -> Sink: Writer -> Sink: Committer",6,backPressuredTimeMsPerSecond,0.0
1784198110,8,"Infer->Rank, Rank->Filter, Filter -> Sink: Writer -> Sink: Committer",7,busyTimeMsPerSecond,1000.0
1784198110,8,"Infer->Rank, Rank->Filter, Filter -> Sink: Writer -> Sink: Committer",7,numRecordsOutPerSecond,29.5
1784198110,8,"Infer->Rank, Rank->Filter, Filter -> Sink: Writer -> Sink: Committer",7,idleTimeMsPerSecond,0.0
1784198110,8,"Infer->Rank, Rank->Filter, Filter -> Sink: Writer -> Sink: Committer",7,numRecordsOut,33890.0
1784198110,8,"Infer->Rank, Rank->Filter, Filter -> Sink: Writer -> Sink: Committer",7,numRecordsIn,34939.0
1784198110,8,"Infer->Rank, Rank->Filter, Filter -> Sink: Writer -> Sink: Committer",7,numRecordsInPerSecond,37.86666666666667
1784198110,8,"Infer->Rank, Rank->Filter, Filter -> Sink: Writer -> Sink: Committer",7,backPressuredTimeMsPerSecond,0.0
1784198125,8,"Source: Source-data -> LoadJSON, Parse, _stream_key_by_map_operator",0,busyTimeMsPerSecond,0.0
1784198125,8,"Source: Source-data -> LoadJSON, Parse, _stream_key_by_map_operator",0,numRecordsOutPerSecond,0.0
1784198125,8,"Source: Source-data -> LoadJSON, Parse, _stream_key_by_map_operator",0,idleTimeMsPerSecond,1000.0
1784198125,8,"Source: Source-data -> LoadJSON, Parse, _stream_key_by_map_operator",0,numRecordsOut,6130.0
1784198125,8,"Source: Source-data -> LoadJSON, Parse, _stream_key_by_map_operator",0,numRecordsIn,6130.0
1784198125,8,"Source: Source-data -> LoadJSON, Parse, _stream_key_by_map_operator",0,numRecordsInPerSecond,0.0
1784198125,8,"Source: Source-data -> LoadJSON, Parse, _stream_key_by_map_operator",0,backPressuredTimeMsPerSecond,0.0
1784198125,8,"Source: Source-data -> LoadJSON, Parse, _stream_key_by_map_operator",1,busyTimeMsPerSecond,0.0
1784198125,8,"Source: Source-data -> LoadJSON, Parse, _stream_key_by_map_operator",1,numRecordsOutPerSecond,0.0
1784198125,8,"Source: Source-data -> LoadJSON, Parse, _stream_key_by_map_operator",1,idleTimeMsPerSecond,0.0
1784198125,8,"Source: Source-data -> LoadJSON, Parse, _stream_key_by_map_operator",1,numRecordsOut,6028.0
1784198125,8,"Source: Source-data -> LoadJSON, Parse, _stream_key_by_map_operator",1,numRecordsIn,6028.0
1784198125,8,"Source: Source-data -> LoadJSON, Parse, _stream_key_by_map_operator",1,numRecordsInPerSecond,0.0
1784198125,8,"Source: Source-data -> LoadJSON, Parse, _stream_key_by_map_operator",1,backPressuredTimeMsPerSecond,1000.0
1784198125,8,"Source: Source-data -> LoadJSON, Parse, _stream_key_by_map_operator",2,busyTimeMsPerSecond,18.0
1784198125,8,"Source: Source-data -> LoadJSON, Parse, _stream_key_by_map_operator",2,numRecordsOutPerSecond,0.016666666666666666
1784198125,8,"Source: Source-data -> LoadJSON, Parse, _stream_key_by_map_operator",2,idleTimeMsPerSecond,799.0
1784198125,8,"Source: Source-data -> LoadJSON, Parse, _stream_key_by_map_operator",2,numRecordsOut,6234.0
1784198125,8,"Source: Source-data -> LoadJSON, Parse, _stream_key_by_map_operator",2,numRecordsIn,6234.0
1784198125,8,"Source: Source-data -> LoadJSON, Parse, _stream_key_by_map_operator",2,numRecordsInPerSecond,0.016666666666666666
1784198125,8,"Source: Source-data -> LoadJSON, Parse, _stream_key_by_map_operator",2,backPressuredTimeMsPerSecond,183.0
1784198125,8,"Source: Source-data -> LoadJSON, Parse, _stream_key_by_map_operator",3,busyTimeMsPerSecond,0.0
1784198125,8,"Source: Source-data -> LoadJSON, Parse, _stream_key_by_map_operator",3,numRecordsOutPerSecond,0.0
1784198125,8,"Source: Source-data -> LoadJSON, Parse, _stream_key_by_map_operator",3,idleTimeMsPerSecond,0.0
1784198125,8,"Source: Source-data -> LoadJSON, Parse, _stream_key_by_map_operator",3,numRecordsOut,6021.0
1784198125,8,"Source: Source-data -> LoadJSON, Parse, _stream_key_by_map_operator",3,numRecordsIn,6021.0
1784198125,8,"Source: Source-data -> LoadJSON, Parse, _stream_key_by_map_operator",3,numRecordsInPerSecond,0.0
1784198125,8,"Source: Source-data -> LoadJSON, Parse, _stream_key_by_map_operator",3,backPressuredTimeMsPerSecond,1000.0
1784198125,8,"Source: Source-data -> LoadJSON, Parse, _stream_key_by_map_operator",4,busyTimeMsPerSecond,0.0
1784198125,8,"Source: Source-data -> LoadJSON, Parse, _stream_key_by_map_operator",4,numRecordsOutPerSecond,0.0
1784198125,8,"Source: Source-data -> LoadJSON, Parse, _stream_key_by_map_operator",4,idleTimeMsPerSecond,0.0
1784198125,8,"Source: Source-data -> LoadJSON, Parse, _stream_key_by_map_operator",4,numRecordsOut,6068.0
1784198125,8,"Source: Source-data -> LoadJSON, Parse, _stream_key_by_map_operator",4,numRecordsIn,6068.0
1784198125,8,"Source: Source-data -> LoadJSON, Parse, _stream_key_by_map_operator",4,numRecordsInPerSecond,0.0
1784198125,8,"Source: Source-data -> LoadJSON, Parse, _stream_key_by_map_operator",4,backPressuredTimeMsPerSecond,1000.0
1784198125,8,"Source: Source-data -> LoadJSON, Parse, _stream_key_by_map_operator",5,busyTimeMsPerSecond,0.0
1784198125,8,"Source: Source-data -> LoadJSON, Parse, _stream_key_by_map_operator",5,numRecordsOutPerSecond,0.0
1784198125,8,"Source: Source-data -> LoadJSON, Parse, _stream_key_by_map_operator",5,idleTimeMsPerSecond,1000.0
1784198125,8,"Source: Source-data -> LoadJSON, Parse, _stream_key_by_map_operator",5,numRecordsOut,6100.0
1784198125,8,"Source: Source-data -> LoadJSON, Parse, _stream_key_by_map_operator",5,numRecordsIn,6100.0
1784198125,8,"Source: Source-data -> LoadJSON, Parse, _stream_key_by_map_operator",5,numRecordsInPerSecond,0.0
1784198125,8,"Source: Source-data -> LoadJSON, Parse, _stream_key_by_map_operator",5,backPressuredTimeMsPerSecond,0.0
1784198125,8,"Source: Source-data -> LoadJSON, Parse, _stream_key_by_map_operator",6,busyTimeMsPerSecond,1.0
1784198125,8,"Source: Source-data -> LoadJSON, Parse, _stream_key_by_map_operator",6,numRecordsOutPerSecond,0.016666666666666666
1784198125,8,"Source: Source-data -> LoadJSON, Parse, _stream_key_by_map_operator",6,idleTimeMsPerSecond,452.0
1784198125,8,"Source: Source-data -> LoadJSON, Parse, _stream_key_by_map_operator",6,numRecordsOut,6065.0
1784198125,8,"Source: Source-data -> LoadJSON, Parse, _stream_key_by_map_operator",6,numRecordsIn,6065.0
1784198125,8,"Source: Source-data -> LoadJSON, Parse, _stream_key_by_map_operator",6,numRecordsInPerSecond,0.016666666666666666
1784198125,8,"Source: Source-data -> LoadJSON, Parse, _stream_key_by_map_operator",6,backPressuredTimeMsPerSecond,547.0
1784198125,8,"Source: Source-data -> LoadJSON, Parse, _stream_key_by_map_operator",7,busyTimeMsPerSecond,1.0
1784198125,8,"Source: Source-data -> LoadJSON, Parse, _stream_key_by_map_operator",7,numRecordsOutPerSecond,0.016666666666666666
1784198125,8,"Source: Source-data -> LoadJSON, Parse, _stream_key_by_map_operator",7,idleTimeMsPerSecond,999.0
1784198125,8,"Source: Source-data -> LoadJSON, Parse, _stream_key_by_map_operator",7,numRecordsOut,5970.0
1784198125,8,"Source: Source-data -> LoadJSON, Parse, _stream_key_by_map_operator",7,numRecordsIn,5970.0
1784198125,8,"Source: Source-data -> LoadJSON, Parse, _stream_key_by_map_operator",7,numRecordsInPerSecond,0.016666666666666666
1784198125,8,"Source: Source-data -> LoadJSON, Parse, _stream_key_by_map_operator",7,backPressuredTimeMsPerSecond,0.0
1784198125,8,"KEYED PROCESS, Parse->Train, _stream_key_by_map_operator",0,busyTimeMsPerSecond,793.0
1784198125,8,"KEYED PROCESS, Parse->Train, _stream_key_by_map_operator",0,numRecordsOutPerSecond,0.2
1784198125,8,"KEYED PROCESS, Parse->Train, _stream_key_by_map_operator",0,idleTimeMsPerSecond,0.0
1784198125,8,"KEYED PROCESS, Parse->Train, _stream_key_by_map_operator",0,numRecordsOut,178.0
1784198125,8,"KEYED PROCESS, Parse->Train, _stream_key_by_map_operator",0,numRecordsIn,179.0
1784198125,8,"KEYED PROCESS, Parse->Train, _stream_key_by_map_operator",0,numRecordsInPerSecond,0.2
1784198125,8,"KEYED PROCESS, Parse->Train, _stream_key_by_map_operator",0,backPressuredTimeMsPerSecond,207.0
1784198125,8,"KEYED PROCESS, Parse->Train, _stream_key_by_map_operator",1,busyTimeMsPerSecond,642.0
1784198125,8,"KEYED PROCESS, Parse->Train, _stream_key_by_map_operator",1,numRecordsOutPerSecond,0.16666666666666666
1784198125,8,"KEYED PROCESS, Parse->Train, _stream_key_by_map_operator",1,idleTimeMsPerSecond,0.0
1784198125,8,"KEYED PROCESS, Parse->Train, _stream_key_by_map_operator",1,numRecordsOut,182.0
1784198125,8,"KEYED PROCESS, Parse->Train, _stream_key_by_map_operator",1,numRecordsIn,183.0
1784198125,8,"KEYED PROCESS, Parse->Train, _stream_key_by_map_operator",1,numRecordsInPerSecond,0.16666666666666666
1784198125,8,"KEYED PROCESS, Parse->Train, _stream_key_by_map_operator",1,backPressuredTimeMsPerSecond,358.0
1784198125,8,"KEYED PROCESS, Parse->Train, _stream_key_by_map_operator",2,busyTimeMsPerSecond,583.0
1784198125,8,"KEYED PROCESS, Parse->Train, _stream_key_by_map_operator",2,numRecordsOutPerSecond,0.15
1784198125,8,"KEYED PROCESS, Parse->Train, _stream_key_by_map_operator",2,idleTimeMsPerSecond,0.0
1784198125,8,"KEYED PROCESS, Parse->Train, _stream_key_by_map_operator",2,numRecordsOut,139.0
1784198125,8,"KEYED PROCESS, Parse->Train, _stream_key_by_map_operator",2,numRecordsIn,140.0
1784198125,8,"KEYED PROCESS, Parse->Train, _stream_key_by_map_operator",2,numRecordsInPerSecond,0.15
1784198125,8,"KEYED PROCESS, Parse->Train, _stream_key_by_map_operator",2,backPressuredTimeMsPerSecond,417.0
1784198125,8,"KEYED PROCESS, Parse->Train, _stream_key_by_map_operator",3,busyTimeMsPerSecond,0.0
1784198125,8,"KEYED PROCESS, Parse->Train, _stream_key_by_map_operator",3,numRecordsOutPerSecond,0.0
1784198125,8,"KEYED PROCESS, Parse->Train, _stream_key_by_map_operator",3,idleTimeMsPerSecond,1000.0
1784198125,8,"KEYED PROCESS, Parse->Train, _stream_key_by_map_operator",3,numRecordsOut,0.0
1784198125,8,"KEYED PROCESS, Parse->Train, _stream_key_by_map_operator",3,numRecordsIn,0.0
1784198125,8,"KEYED PROCESS, Parse->Train, _stream_key_by_map_operator",3,numRecordsInPerSecond,0.0
1784198125,8,"KEYED PROCESS, Parse->Train, _stream_key_by_map_operator",3,backPressuredTimeMsPerSecond,0.0
1784198125,8,"KEYED PROCESS, Parse->Train, _stream_key_by_map_operator",4,busyTimeMsPerSecond,476.0
1784198125,8,"KEYED PROCESS, Parse->Train, _stream_key_by_map_operator",4,numRecordsOutPerSecond,0.11666666666666667
1784198125,8,"KEYED PROCESS, Parse->Train, _stream_key_by_map_operator",4,idleTimeMsPerSecond,0.0
1784198125,8,"KEYED PROCESS, Parse->Train, _stream_key_by_map_operator",4,numRecordsOut,204.0
1784198125,8,"KEYED PROCESS, Parse->Train, _stream_key_by_map_operator",4,numRecordsIn,205.0
1784198125,8,"KEYED PROCESS, Parse->Train, _stream_key_by_map_operator",4,numRecordsInPerSecond,0.11666666666666667
1784198125,8,"KEYED PROCESS, Parse->Train, _stream_key_by_map_operator",4,backPressuredTimeMsPerSecond,524.0
1784198125,8,"KEYED PROCESS, Parse->Train, _stream_key_by_map_operator",5,busyTimeMsPerSecond,0.0
1784198125,8,"KEYED PROCESS, Parse->Train, _stream_key_by_map_operator",5,numRecordsOutPerSecond,0.0
1784198125,8,"KEYED PROCESS, Parse->Train, _stream_key_by_map_operator",5,idleTimeMsPerSecond,1000.0
1784198125,8,"KEYED PROCESS, Parse->Train, _stream_key_by_map_operator",5,numRecordsOut,0.0
1784198125,8,"KEYED PROCESS, Parse->Train, _stream_key_by_map_operator",5,numRecordsIn,0.0
1784198125,8,"KEYED PROCESS, Parse->Train, _stream_key_by_map_operator",5,numRecordsInPerSecond,0.0
1784198125,8,"KEYED PROCESS, Parse->Train, _stream_key_by_map_operator",5,backPressuredTimeMsPerSecond,0.0
1784198125,8,"KEYED PROCESS, Parse->Train, _stream_key_by_map_operator",6,busyTimeMsPerSecond,0.0
1784198125,8,"KEYED PROCESS, Parse->Train, _stream_key_by_map_operator",6,numRecordsOutPerSecond,0.0
1784198125,8,"KEYED PROCESS, Parse->Train, _stream_key_by_map_operator",6,idleTimeMsPerSecond,1000.0
1784198125,8,"KEYED PROCESS, Parse->Train, _stream_key_by_map_operator",6,numRecordsOut,0.0
1784198125,8,"KEYED PROCESS, Parse->Train, _stream_key_by_map_operator",6,numRecordsIn,0.0
1784198125,8,"KEYED PROCESS, Parse->Train, _stream_key_by_map_operator",6,numRecordsInPerSecond,0.0
1784198125,8,"KEYED PROCESS, Parse->Train, _stream_key_by_map_operator",6,backPressuredTimeMsPerSecond,0.0
1784198125,8,"KEYED PROCESS, Parse->Train, _stream_key_by_map_operator",7,busyTimeMsPerSecond,642.0
1784198125,8,"KEYED PROCESS, Parse->Train, _stream_key_by_map_operator",7,numRecordsOutPerSecond,0.16666666666666666
1784198125,8,"KEYED PROCESS, Parse->Train, _stream_key_by_map_operator",7,idleTimeMsPerSecond,0.0
1784198125,8,"KEYED PROCESS, Parse->Train, _stream_key_by_map_operator",7,numRecordsOut,146.0
1784198125,8,"KEYED PROCESS, Parse->Train, _stream_key_by_map_operator",7,numRecordsIn,147.0
1784198125,8,"KEYED PROCESS, Parse->Train, _stream_key_by_map_operator",7,numRecordsInPerSecond,0.16666666666666666
1784198125,8,"KEYED PROCESS, Parse->Train, _stream_key_by_map_operator",7,backPressuredTimeMsPerSecond,358.0
1784198125,8,"KEYED PROCESS, Train->Infer, _stream_key_by_map_operator",0,busyTimeMsPerSecond,708.0
1784198125,8,"KEYED PROCESS, Train->Infer, _stream_key_by_map_operator",0,numRecordsOutPerSecond,50.0
1784198125,8,"KEYED PROCESS, Train->Infer, _stream_key_by_map_operator",0,idleTimeMsPerSecond,292.0
1784198125,8,"KEYED PROCESS, Train->Infer, _stream_key_by_map_operator",0,numRecordsOut,38881.0
1784198125,8,"KEYED PROCESS, Train->Infer, _stream_key_by_map_operator",0,numRecordsIn,138.0
1784198125,8,"KEYED PROCESS, Train->Infer, _stream_key_by_map_operator",0,numRecordsInPerSecond,0.11666666666666667
1784198125,8,"KEYED PROCESS, Train->Infer, _stream_key_by_map_operator",0,backPressuredTimeMsPerSecond,0.0
1784198125,8,"KEYED PROCESS, Train->Infer, _stream_key_by_map_operator",1,busyTimeMsPerSecond,760.0
1784198125,8,"KEYED PROCESS, Train->Infer, _stream_key_by_map_operator",1,numRecordsOutPerSecond,58.333333333333336
1784198125,8,"KEYED PROCESS, Train->Infer, _stream_key_by_map_operator",1,idleTimeMsPerSecond,240.0
1784198125,8,"KEYED PROCESS, Train->Infer, _stream_key_by_map_operator",1,numRecordsOut,36059.0
1784198125,8,"KEYED PROCESS, Train->Infer, _stream_key_by_map_operator",1,numRecordsIn,133.0
1784198125,8,"KEYED PROCESS, Train->Infer, _stream_key_by_map_operator",1,numRecordsInPerSecond,0.11666666666666667
1784198125,8,"KEYED PROCESS, Train->Infer, _stream_key_by_map_operator",1,backPressuredTimeMsPerSecond,0.0
1784198125,8,"KEYED PROCESS, Train->Infer, _stream_key_by_map_operator",2,busyTimeMsPerSecond,634.0
1784198125,8,"KEYED PROCESS, Train->Infer, _stream_key_by_map_operator",2,numRecordsOutPerSecond,41.666666666666664
1784198125,8,"KEYED PROCESS, Train->Infer, _stream_key_by_map_operator",2,idleTimeMsPerSecond,0.0
1784198125,8,"KEYED PROCESS, Train->Infer, _stream_key_by_map_operator",2,numRecordsOut,41015.0
1784198125,8,"KEYED PROCESS, Train->Infer, _stream_key_by_map_operator",2,numRecordsIn,98.0
1784198125,8,"KEYED PROCESS, Train->Infer, _stream_key_by_map_operator",2,numRecordsInPerSecond,0.08333333333333333
1784198125,8,"KEYED PROCESS, Train->Infer, _stream_key_by_map_operator",2,backPressuredTimeMsPerSecond,366.0
1784198125,8,"KEYED PROCESS, Train->Infer, _stream_key_by_map_operator",3,busyTimeMsPerSecond,392.0
1784198125,8,"KEYED PROCESS, Train->Infer, _stream_key_by_map_operator",3,numRecordsOutPerSecond,41.666666666666664
1784198125,8,"KEYED PROCESS, Train->Infer, _stream_key_by_map_operator",3,idleTimeMsPerSecond,608.0
1784198125,8,"KEYED PROCESS, Train->Infer, _stream_key_by_map_operator",3,numRecordsOut,41500.0
1784198125,8,"KEYED PROCESS, Train->Infer, _stream_key_by_map_operator",3,numRecordsIn,83.0
1784198125,8,"KEYED PROCESS, Train->Infer, _stream_key_by_map_operator",3,numRecordsInPerSecond,0.06666666666666667
1784198125,8,"KEYED PROCESS, Train->Infer, _stream_key_by_map_operator",3,backPressuredTimeMsPerSecond,0.0
1784198125,8,"KEYED PROCESS, Train->Infer, _stream_key_by_map_operator",4,busyTimeMsPerSecond,624.0
1784198125,8,"KEYED PROCESS, Train->Infer, _stream_key_by_map_operator",4,numRecordsOutPerSecond,58.333333333333336
1784198125,8,"KEYED PROCESS, Train->Infer, _stream_key_by_map_operator",4,idleTimeMsPerSecond,376.0
1784198125,8,"KEYED PROCESS, Train->Infer, _stream_key_by_map_operator",4,numRecordsOut,29575.0
1784198125,8,"KEYED PROCESS, Train->Infer, _stream_key_by_map_operator",4,numRecordsIn,134.0
1784198125,8,"KEYED PROCESS, Train->Infer, _stream_key_by_map_operator",4,numRecordsInPerSecond,0.11666666666666667
1784198125,8,"KEYED PROCESS, Train->Infer, _stream_key_by_map_operator",4,backPressuredTimeMsPerSecond,0.0
1784198125,8,"KEYED PROCESS, Train->Infer, _stream_key_by_map_operator",5,busyTimeMsPerSecond,609.0
1784198125,8,"KEYED PROCESS, Train->Infer, _stream_key_by_map_operator",5,numRecordsOutPerSecond,58.333333333333336
1784198125,8,"KEYED PROCESS, Train->Infer, _stream_key_by_map_operator",5,idleTimeMsPerSecond,391.0
1784198125,8,"KEYED PROCESS, Train->Infer, _stream_key_by_map_operator",5,numRecordsOut,38500.0
1784198125,8,"KEYED PROCESS, Train->Infer, _stream_key_by_map_operator",5,numRecordsIn,78.0
1784198125,8,"KEYED PROCESS, Train->Infer, _stream_key_by_map_operator",5,numRecordsInPerSecond,0.13333333333333333
1784198125,8,"KEYED PROCESS, Train->Infer, _stream_key_by_map_operator",5,backPressuredTimeMsPerSecond,0.0
1784198125,8,"KEYED PROCESS, Train->Infer, _stream_key_by_map_operator",6,busyTimeMsPerSecond,346.0
1784198125,8,"KEYED PROCESS, Train->Infer, _stream_key_by_map_operator",6,numRecordsOutPerSecond,41.666666666666664
1784198125,8,"KEYED PROCESS, Train->Infer, _stream_key_by_map_operator",6,idleTimeMsPerSecond,654.0
1784198125,8,"KEYED PROCESS, Train->Infer, _stream_key_by_map_operator",6,numRecordsOut,39500.0
1784198125,8,"KEYED PROCESS, Train->Infer, _stream_key_by_map_operator",6,numRecordsIn,80.0
1784198125,8,"KEYED PROCESS, Train->Infer, _stream_key_by_map_operator",6,numRecordsInPerSecond,0.08333333333333333
1784198125,8,"KEYED PROCESS, Train->Infer, _stream_key_by_map_operator",6,backPressuredTimeMsPerSecond,0.0
1784198125,8,"KEYED PROCESS, Train->Infer, _stream_key_by_map_operator",7,busyTimeMsPerSecond,715.0
1784198125,8,"KEYED PROCESS, Train->Infer, _stream_key_by_map_operator",7,numRecordsOutPerSecond,58.333333333333336
1784198125,8,"KEYED PROCESS, Train->Infer, _stream_key_by_map_operator",7,idleTimeMsPerSecond,285.0
1784198125,8,"KEYED PROCESS, Train->Infer, _stream_key_by_map_operator",7,numRecordsOut,37530.0
1784198125,8,"KEYED PROCESS, Train->Infer, _stream_key_by_map_operator",7,numRecordsIn,105.0
1784198125,8,"KEYED PROCESS, Train->Infer, _stream_key_by_map_operator",7,numRecordsInPerSecond,0.11666666666666667
1784198125,8,"KEYED PROCESS, Train->Infer, _stream_key_by_map_operator",7,backPressuredTimeMsPerSecond,0.0
1784198125,8,"Infer->Rank, Rank->Filter, Filter -> Sink: Writer -> Sink: Committer",0,busyTimeMsPerSecond,1000.0
1784198125,8,"Infer->Rank, Rank->Filter, Filter -> Sink: Writer -> Sink: Committer",0,numRecordsOutPerSecond,30.166666666666668
1784198125,8,"Infer->Rank, Rank->Filter, Filter -> Sink: Writer -> Sink: Committer",0,idleTimeMsPerSecond,0.0
1784198125,8,"Infer->Rank, Rank->Filter, Filter -> Sink: Writer -> Sink: Committer",0,numRecordsOut,32444.0
1784198125,8,"Infer->Rank, Rank->Filter, Filter -> Sink: Writer -> Sink: Committer",0,numRecordsIn,36513.0
1784198125,8,"Infer->Rank, Rank->Filter, Filter -> Sink: Writer -> Sink: Committer",0,numRecordsInPerSecond,30.2
1784198125,8,"Infer->Rank, Rank->Filter, Filter -> Sink: Writer -> Sink: Committer",0,backPressuredTimeMsPerSecond,0.0
1784198125,8,"Infer->Rank, Rank->Filter, Filter -> Sink: Writer -> Sink: Committer",1,busyTimeMsPerSecond,1000.0
1784198125,8,"Infer->Rank, Rank->Filter, Filter -> Sink: Writer -> Sink: Committer",1,numRecordsOutPerSecond,28.0
1784198125,8,"Infer->Rank, Rank->Filter, Filter -> Sink: Writer -> Sink: Committer",1,idleTimeMsPerSecond,0.0
1784198125,8,"Infer->Rank, Rank->Filter, Filter -> Sink: Writer -> Sink: Committer",1,numRecordsOut,30840.0
1784198125,8,"Infer->Rank, Rank->Filter, Filter -> Sink: Writer -> Sink: Committer",1,numRecordsIn,33919.0
1784198125,8,"Infer->Rank, Rank->Filter, Filter -> Sink: Writer -> Sink: Committer",1,numRecordsInPerSecond,36.35
1784198125,8,"Infer->Rank, Rank->Filter, Filter -> Sink: Writer -> Sink: Committer",1,backPressuredTimeMsPerSecond,0.0
1784198125,8,"Infer->Rank, Rank->Filter, Filter -> Sink: Writer -> Sink: Committer",2,busyTimeMsPerSecond,1000.0
1784198125,8,"Infer->Rank, Rank->Filter, Filter -> Sink: Writer -> Sink: Committer",2,numRecordsOutPerSecond,43.5
1784198125,8,"Infer->Rank, Rank->Filter, Filter -> Sink: Writer -> Sink: Committer",2,idleTimeMsPerSecond,0.0
1784198125,8,"Infer->Rank, Rank->Filter, Filter -> Sink: Writer -> Sink: Committer",2,numRecordsOut,32990.0
1784198125,8,"Infer->Rank, Rank->Filter, Filter -> Sink: Writer -> Sink: Committer",2,numRecordsIn,38014.0
1784198125,8,"Infer->Rank, Rank->Filter, Filter -> Sink: Writer -> Sink: Committer",2,numRecordsInPerSecond,43.56666666666667
1784198125,8,"Infer->Rank, Rank->Filter, Filter -> Sink: Writer -> Sink: Committer",2,backPressuredTimeMsPerSecond,0.0
1784198125,8,"Infer->Rank, Rank->Filter, Filter -> Sink: Writer -> Sink: Committer",3,busyTimeMsPerSecond,877.0
1784198125,8,"Infer->Rank, Rank->Filter, Filter -> Sink: Writer -> Sink: Committer",3,numRecordsOutPerSecond,54.333333333333336
1784198125,8,"Infer->Rank, Rank->Filter, Filter -> Sink: Writer -> Sink: Committer",3,idleTimeMsPerSecond,123.0
1784198125,8,"Infer->Rank, Rank->Filter, Filter -> Sink: Writer -> Sink: Committer",3,numRecordsOut,35830.0
1784198125,8,"Infer->Rank, Rank->Filter, Filter -> Sink: Writer -> Sink: Committer",3,numRecordsIn,41335.0
1784198125,8,"Infer->Rank, Rank->Filter, Filter -> Sink: Writer -> Sink: Committer",3,numRecordsInPerSecond,70.95
1784198125,8,"Infer->Rank, Rank->Filter, Filter -> Sink: Writer -> Sink: Committer",3,backPressuredTimeMsPerSecond,0.0
1784198125,8,"Infer->Rank, Rank->Filter, Filter -> Sink: Writer -> Sink: Committer",4,busyTimeMsPerSecond,835.0
1784198125,8,"Infer->Rank, Rank->Filter, Filter -> Sink: Writer -> Sink: Committer",4,numRecordsOutPerSecond,31.166666666666668
1784198125,8,"Infer->Rank, Rank->Filter, Filter -> Sink: Writer -> Sink: Committer",4,idleTimeMsPerSecond,165.0
1784198125,8,"Infer->Rank, Rank->Filter, Filter -> Sink: Writer -> Sink: Committer",4,numRecordsOut,27050.0
1784198125,8,"Infer->Rank, Rank->Filter, Filter -> Sink: Writer -> Sink: Committer",4,numRecordsIn,28653.0
1784198125,8,"Infer->Rank, Rank->Filter, Filter -> Sink: Writer -> Sink: Committer",4,numRecordsInPerSecond,42.266666666666666
1784198125,8,"Infer->Rank, Rank->Filter, Filter -> Sink: Writer -> Sink: Committer",4,backPressuredTimeMsPerSecond,0.0
1784198125,8,"Infer->Rank, Rank->Filter, Filter -> Sink: Writer -> Sink: Committer",5,busyTimeMsPerSecond,852.0
1784198125,8,"Infer->Rank, Rank->Filter, Filter -> Sink: Writer -> Sink: Committer",5,numRecordsOutPerSecond,40.333333333333336
1784198125,8,"Infer->Rank, Rank->Filter, Filter -> Sink: Writer -> Sink: Committer",5,idleTimeMsPerSecond,148.0
1784198125,8,"Infer->Rank, Rank->Filter, Filter -> Sink: Writer -> Sink: Committer",5,numRecordsOut,33350.0
1784198125,8,"Infer->Rank, Rank->Filter, Filter -> Sink: Writer -> Sink: Committer",5,numRecordsIn,37859.0
1784198125,8,"Infer->Rank, Rank->Filter, Filter -> Sink: Writer -> Sink: Committer",5,numRecordsInPerSecond,56.95
1784198125,8,"Infer->Rank, Rank->Filter, Filter -> Sink: Writer -> Sink: Committer",5,backPressuredTimeMsPerSecond,0.0
1784198125,8,"Infer->Rank, Rank->Filter, Filter -> Sink: Writer -> Sink: Committer",6,busyTimeMsPerSecond,338.0
1784198125,8,"Infer->Rank, Rank->Filter, Filter -> Sink: Writer -> Sink: Committer",6,numRecordsOutPerSecond,30.333333333333332
1784198125,8,"Infer->Rank, Rank->Filter, Filter -> Sink: Writer -> Sink: Committer",6,idleTimeMsPerSecond,662.0
1784198125,8,"Infer->Rank, Rank->Filter, Filter -> Sink: Writer -> Sink: Committer",6,numRecordsOut,33930.0
1784198125,8,"Infer->Rank, Rank->Filter, Filter -> Sink: Writer -> Sink: Committer",6,numRecordsIn,38940.0
1784198125,8,"Infer->Rank, Rank->Filter, Filter -> Sink: Writer -> Sink: Committer",6,numRecordsInPerSecond,30.366666666666667
1784198125,8,"Infer->Rank, Rank->Filter, Filter -> Sink: Writer -> Sink: Committer",6,backPressuredTimeMsPerSecond,0.0
1784198125,8,"Infer->Rank, Rank->Filter, Filter -> Sink: Writer -> Sink: Committer",7,busyTimeMsPerSecond,1000.0
1784198125,8,"Infer->Rank, Rank->Filter, Filter -> Sink: Writer -> Sink: Committer",7,numRecordsOutPerSecond,29.5
1784198125,8,"Infer->Rank, Rank->Filter, Filter -> Sink: Writer -> Sink: Committer",7,idleTimeMsPerSecond,0.0
1784198125,8,"Infer->Rank, Rank->Filter, Filter -> Sink: Writer -> Sink: Committer",7,numRecordsOut,33890.0
1784198125,8,"Infer->Rank, Rank->Filter, Filter -> Sink: Writer -> Sink: Committer",7,numRecordsIn,34939.0
1784198125,8,"Infer->Rank, Rank->Filter, Filter -> Sink: Writer -> Sink: Committer",7,numRecordsInPerSecond,37.86666666666667
1784198125,8,"Infer->Rank, Rank->Filter, Filter -> Sink: Writer -> Sink: Committer",7,backPressuredTimeMsPerSecond,0.0
1784198140,8,"Source: Source-data -> LoadJSON, Parse, _stream_key_by_map_operator",0,busyTimeMsPerSecond,0.0
1784198140,8,"Source: Source-data -> LoadJSON, Parse, _stream_key_by_map_operator",0,numRecordsOutPerSecond,0.0
1784198140,8,"Source: Source-data -> LoadJSON, Parse, _stream_key_by_map_operator",0,idleTimeMsPerSecond,1000.0
1784198140,8,"Source: Source-data -> LoadJSON, Parse, _stream_key_by_map_operator",0,numRecordsOut,6130.0
1784198140,8,"Source: Source-data -> LoadJSON, Parse, _stream_key_by_map_operator",0,numRecordsIn,6130.0
1784198140,8,"Source: Source-data -> LoadJSON, Parse, _stream_key_by_map_operator",0,numRecordsInPerSecond,0.0
1784198140,8,"Source: Source-data -> LoadJSON, Parse, _stream_key_by_map_operator",0,backPressuredTimeMsPerSecond,0.0
1784198140,8,"Source: Source-data -> LoadJSON, Parse, _stream_key_by_map_operator",1,busyTimeMsPerSecond,0.0
1784198140,8,"Source: Source-data -> LoadJSON, Parse, _stream_key_by_map_operator",1,numRecordsOutPerSecond,0.0
1784198140,8,"Source: Source-data -> LoadJSON, Parse, _stream_key_by_map_operator",1,idleTimeMsPerSecond,0.0
1784198140,8,"Source: Source-data -> LoadJSON, Parse, _stream_key_by_map_operator",1,numRecordsOut,6028.0
1784198140,8,"Source: Source-data -> LoadJSON, Parse, _stream_key_by_map_operator",1,numRecordsIn,6028.0
1784198140,8,"Source: Source-data -> LoadJSON, Parse, _stream_key_by_map_operator",1,numRecordsInPerSecond,0.0
1784198140,8,"Source: Source-data -> LoadJSON, Parse, _stream_key_by_map_operator",1,backPressuredTimeMsPerSecond,1000.0
1784198140,8,"Source: Source-data -> LoadJSON, Parse, _stream_key_by_map_operator",2,busyTimeMsPerSecond,18.0
1784198140,8,"Source: Source-data -> LoadJSON, Parse, _stream_key_by_map_operator",2,numRecordsOutPerSecond,0.016666666666666666
1784198140,8,"Source: Source-data -> LoadJSON, Parse, _stream_key_by_map_operator",2,idleTimeMsPerSecond,549.0
1784198140,8,"Source: Source-data -> LoadJSON, Parse, _stream_key_by_map_operator",2,numRecordsOut,6234.0
1784198140,8,"Source: Source-data -> LoadJSON, Parse, _stream_key_by_map_operator",2,numRecordsIn,6234.0
1784198140,8,"Source: Source-data -> LoadJSON, Parse, _stream_key_by_map_operator",2,numRecordsInPerSecond,0.016666666666666666
1784198140,8,"Source: Source-data -> LoadJSON, Parse, _stream_key_by_map_operator",2,backPressuredTimeMsPerSecond,433.0
1784198140,8,"Source: Source-data -> LoadJSON, Parse, _stream_key_by_map_operator",3,busyTimeMsPerSecond,0.0
1784198140,8,"Source: Source-data -> LoadJSON, Parse, _stream_key_by_map_operator",3,numRecordsOutPerSecond,0.0
1784198140,8,"Source: Source-data -> LoadJSON, Parse, _stream_key_by_map_operator",3,idleTimeMsPerSecond,0.0
1784198140,8,"Source: Source-data -> LoadJSON, Parse, _stream_key_by_map_operator",3,numRecordsOut,6021.0
1784198140,8,"Source: Source-data -> LoadJSON, Parse, _stream_key_by_map_operator",3,numRecordsIn,6021.0
1784198140,8,"Source: Source-data -> LoadJSON, Parse, _stream_key_by_map_operator",3,numRecordsInPerSecond,0.0
1784198140,8,"Source: Source-data -> LoadJSON, Parse, _stream_key_by_map_operator",3,backPressuredTimeMsPerSecond,1000.0
1784198140,8,"Source: Source-data -> LoadJSON, Parse, _stream_key_by_map_operator",4,busyTimeMsPerSecond,0.0
1784198140,8,"Source: Source-data -> LoadJSON, Parse, _stream_key_by_map_operator",4,numRecordsOutPerSecond,0.0
1784198140,8,"Source: Source-data -> LoadJSON, Parse, _stream_key_by_map_operator",4,idleTimeMsPerSecond,0.0
1784198140,8,"Source: Source-data -> LoadJSON, Parse, _stream_key_by_map_operator",4,numRecordsOut,6068.0
1784198140,8,"Source: Source-data -> LoadJSON, Parse, _stream_key_by_map_operator",4,numRecordsIn,6068.0
1784198140,8,"Source: Source-data -> LoadJSON, Parse, _stream_key_by_map_operator",4,numRecordsInPerSecond,0.0
1784198140,8,"Source: Source-data -> LoadJSON, Parse, _stream_key_by_map_operator",4,backPressuredTimeMsPerSecond,1000.0
1784198140,8,"Source: Source-data -> LoadJSON, Parse, _stream_key_by_map_operator",5,busyTimeMsPerSecond,0.0
1784198140,8,"Source: Source-data -> LoadJSON, Parse, _stream_key_by_map_operator",5,numRecordsOutPerSecond,0.0
1784198140,8,"Source: Source-data -> LoadJSON, Parse, _stream_key_by_map_operator",5,idleTimeMsPerSecond,1000.0
1784198140,8,"Source: Source-data -> LoadJSON, Parse, _stream_key_by_map_operator",5,numRecordsOut,6100.0
1784198140,8,"Source: Source-data -> LoadJSON, Parse, _stream_key_by_map_operator",5,numRecordsIn,6100.0
1784198140,8,"Source: Source-data -> LoadJSON, Parse, _stream_key_by_map_operator",5,numRecordsInPerSecond,0.0
1784198140,8,"Source: Source-data -> LoadJSON, Parse, _stream_key_by_map_operator",5,backPressuredTimeMsPerSecond,0.0
1784198140,8,"Source: Source-data -> LoadJSON, Parse, _stream_key_by_map_operator",6,busyTimeMsPerSecond,1.0
1784198140,8,"Source: Source-data -> LoadJSON, Parse, _stream_key_by_map_operator",6,numRecordsOutPerSecond,0.016666666666666666
1784198140,8,"Source: Source-data -> LoadJSON, Parse, _stream_key_by_map_operator",6,idleTimeMsPerSecond,202.0
1784198140,8,"Source: Source-data -> LoadJSON, Parse, _stream_key_by_map_operator",6,numRecordsOut,6065.0
1784198140,8,"Source: Source-data -> LoadJSON, Parse, _stream_key_by_map_operator",6,numRecordsIn,6065.0
1784198140,8,"Source: Source-data -> LoadJSON, Parse, _stream_key_by_map_operator",6,numRecordsInPerSecond,0.016666666666666666
1784198140,8,"Source: Source-data -> LoadJSON, Parse, _stream_key_by_map_operator",6,backPressuredTimeMsPerSecond,797.0
1784198140,8,"Source: Source-data -> LoadJSON, Parse, _stream_key_by_map_operator",7,busyTimeMsPerSecond,1.0
1784198140,8,"Source: Source-data -> LoadJSON, Parse, _stream_key_by_map_operator",7,numRecordsOutPerSecond,0.016666666666666666
1784198140,8,"Source: Source-data -> LoadJSON, Parse, _stream_key_by_map_operator",7,idleTimeMsPerSecond,999.0
1784198140,8,"Source: Source-data -> LoadJSON, Parse, _stream_key_by_map_operator",7,numRecordsOut,5970.0
1784198140,8,"Source: Source-data -> LoadJSON, Parse, _stream_key_by_map_operator",7,numRecordsIn,5970.0
1784198140,8,"Source: Source-data -> LoadJSON, Parse, _stream_key_by_map_operator",7,numRecordsInPerSecond,0.016666666666666666
1784198140,8,"Source: Source-data -> LoadJSON, Parse, _stream_key_by_map_operator",7,backPressuredTimeMsPerSecond,0.0
1784198140,8,"KEYED PROCESS, Parse->Train, _stream_key_by_map_operator",0,busyTimeMsPerSecond,622.0
1784198140,8,"KEYED PROCESS, Parse->Train, _stream_key_by_map_operator",0,numRecordsOutPerSecond,0.15
1784198140,8,"KEYED PROCESS, Parse->Train, _stream_key_by_map_operator",0,idleTimeMsPerSecond,0.0
1784198140,8,"KEYED PROCESS, Parse->Train, _stream_key_by_map_operator",0,numRecordsOut,180.0
1784198140,8,"KEYED PROCESS, Parse->Train, _stream_key_by_map_operator",0,numRecordsIn,181.0
1784198140,8,"KEYED PROCESS, Parse->Train, _stream_key_by_map_operator",0,numRecordsInPerSecond,0.15
1784198140,8,"KEYED PROCESS, Parse->Train, _stream_key_by_map_operator",0,backPressuredTimeMsPerSecond,378.0
1784198140,8,"KEYED PROCESS, Parse->Train, _stream_key_by_map_operator",1,busyTimeMsPerSecond,711.0
1784198140,8,"KEYED PROCESS, Parse->Train, _stream_key_by_map_operator",1,numRecordsOutPerSecond,0.2
1784198140,8,"KEYED PROCESS, Parse->Train, _stream_key_by_map_operator",1,idleTimeMsPerSecond,0.0
1784198140,8,"KEYED PROCESS, Parse->Train, _stream_key_by_map_operator",1,numRecordsOut,185.0
1784198140,8,"KEYED PROCESS, Parse->Train, _stream_key_by_map_operator",1,numRecordsIn,186.0
1784198140,8,"KEYED PROCESS, Parse->Train, _stream_key_by_map_operator",1,numRecordsInPerSecond,0.2
1784198140,8,"KEYED PROCESS, Parse->Train, _stream_key_by_map_operator",1,backPressuredTimeMsPerSecond,289.0
1784198140,8,"KEYED PROCESS, Parse->Train, _stream_key_by_map_operator",2,busyTimeMsPerSecond,594.0
1784198140,8,"KEYED PROCESS, Parse->Train, _stream_key_by_map_operator",2,numRecordsOutPerSecond,0.13333333333333333
1784198140,8,"KEYED PROCESS, Parse->Train, _stream_key_by_map_operator",2,idleTimeMsPerSecond,0.0
1784198140,8,"KEYED PROCESS, Parse->Train, _stream_key_by_map_operator",2,numRecordsOut,142.0
1784198140,8,"KEYED PROCESS, Parse->Train, _stream_key_by_map_operator",2,numRecordsIn,143.0
1784198140,8,"KEYED PROCESS, Parse->Train, _stream_key_by_map_operator",2,numRecordsInPerSecond,0.13333333333333333
1784198140,8,"KEYED PROCESS, Parse->Train, _stream_key_by_map_operator",2,backPressuredTimeMsPerSecond,406.0
1784198140,8,"KEYED PROCESS, Parse->Train, _stream_key_by_map_operator",3,busyTimeMsPerSecond,0.0
1784198140,8,"KEYED PROCESS, Parse->Train, _stream_key_by_map_operator",3,numRecordsOutPerSecond,0.0
1784198140,8,"KEYED PROCESS, Parse->Train, _stream_key_by_map_operator",3,idleTimeMsPerSecond,1000.0
1784198140,8,"KEYED PROCESS, Parse->Train, _stream_key_by_map_operator",3,numRecordsOut,0.0
1784198140,8,"KEYED PROCESS, Parse->Train, _stream_key_by_map_operator",3,numRecordsIn,0.0
1784198140,8,"KEYED PROCESS, Parse->Train, _stream_key_by_map_operator",3,numRecordsInPerSecond,0.0
1784198140,8,"KEYED PROCESS, Parse->Train, _stream_key_by_map_operator",3,backPressuredTimeMsPerSecond,0.0
1784198140,8,"KEYED PROCESS, Parse->Train, _stream_key_by_map_operator",4,busyTimeMsPerSecond,300.0
1784198140,8,"KEYED PROCESS, Parse->Train, _stream_key_by_map_operator",4,numRecordsOutPerSecond,0.1
1784198140,8,"KEYED PROCESS, Parse->Train, _stream_key_by_map_operator",4,idleTimeMsPerSecond,0.0
1784198140,8,"KEYED PROCESS, Parse->Train, _stream_key_by_map_operator",4,numRecordsOut,210.0
1784198140,8,"KEYED PROCESS, Parse->Train, _stream_key_by_map_operator",4,numRecordsIn,211.0
1784198140,8,"KEYED PROCESS, Parse->Train, _stream_key_by_map_operator",4,numRecordsInPerSecond,0.1
1784198140,8,"KEYED PROCESS, Parse->Train, _stream_key_by_map_operator",4,backPressuredTimeMsPerSecond,700.0
1784198140,8,"KEYED PROCESS, Parse->Train, _stream_key_by_map_operator",5,busyTimeMsPerSecond,0.0
1784198140,8,"KEYED PROCESS, Parse->Train, _stream_key_by_map_operator",5,numRecordsOutPerSecond,0.0
1784198140,8,"KEYED PROCESS, Parse->Train, _stream_key_by_map_operator",5,idleTimeMsPerSecond,1000.0
1784198140,8,"KEYED PROCESS, Parse->Train, _stream_key_by_map_operator",5,numRecordsOut,0.0
1784198140,8,"KEYED PROCESS, Parse->Train, _stream_key_by_map_operator",5,numRecordsIn,0.0
1784198140,8,"KEYED PROCESS, Parse->Train, _stream_key_by_map_operator",5,numRecordsInPerSecond,0.0
1784198140,8,"KEYED PROCESS, Parse->Train, _stream_key_by_map_operator",5,backPressuredTimeMsPerSecond,0.0
1784198140,8,"KEYED PROCESS, Parse->Train, _stream_key_by_map_operator",6,busyTimeMsPerSecond,0.0
1784198140,8,"KEYED PROCESS, Parse->Train, _stream_key_by_map_operator",6,numRecordsOutPerSecond,0.0
1784198140,8,"KEYED PROCESS, Parse->Train, _stream_key_by_map_operator",6,idleTimeMsPerSecond,1000.0
1784198140,8,"KEYED PROCESS, Parse->Train, _stream_key_by_map_operator",6,numRecordsOut,0.0
1784198140,8,"KEYED PROCESS, Parse->Train, _stream_key_by_map_operator",6,numRecordsIn,0.0
1784198140,8,"KEYED PROCESS, Parse->Train, _stream_key_by_map_operator",6,numRecordsInPerSecond,0.0
1784198140,8,"KEYED PROCESS, Parse->Train, _stream_key_by_map_operator",6,backPressuredTimeMsPerSecond,0.0
1784198140,8,"KEYED PROCESS, Parse->Train, _stream_key_by_map_operator",7,busyTimeMsPerSecond,683.0
1784198140,8,"KEYED PROCESS, Parse->Train, _stream_key_by_map_operator",7,numRecordsOutPerSecond,0.16666666666666666
1784198140,8,"KEYED PROCESS, Parse->Train, _stream_key_by_map_operator",7,idleTimeMsPerSecond,0.0
1784198140,8,"KEYED PROCESS, Parse->Train, _stream_key_by_map_operator",7,numRecordsOut,150.0
1784198140,8,"KEYED PROCESS, Parse->Train, _stream_key_by_map_operator",7,numRecordsIn,151.0
1784198140,8,"KEYED PROCESS, Parse->Train, _stream_key_by_map_operator",7,numRecordsInPerSecond,0.16666666666666666
1784198140,8,"KEYED PROCESS, Parse->Train, _stream_key_by_map_operator",7,backPressuredTimeMsPerSecond,317.0
1784198140,8,"KEYED PROCESS, Train->Infer, _stream_key_by_map_operator",0,busyTimeMsPerSecond,499.0
1784198140,8,"KEYED PROCESS, Train->Infer, _stream_key_by_map_operator",0,numRecordsOutPerSecond,50.0
1784198140,8,"KEYED PROCESS, Train->Infer, _stream_key_by_map_operator",0,idleTimeMsPerSecond,501.0
1784198140,8,"KEYED PROCESS, Train->Infer, _stream_key_by_map_operator",0,numRecordsOut,39881.0
1784198140,8,"KEYED PROCESS, Train->Infer, _stream_key_by_map_operator",0,numRecordsIn,140.0
1784198140,8,"KEYED PROCESS, Train->Infer, _stream_key_by_map_operator",0,numRecordsInPerSecond,0.08333333333333333
1784198140,8,"KEYED PROCESS, Train->Infer, _stream_key_by_map_operator",0,backPressuredTimeMsPerSecond,0.0
1784198140,8,"KEYED PROCESS, Train->Infer, _stream_key_by_map_operator",1,busyTimeMsPerSecond,833.0
1784198140,8,"KEYED PROCESS, Train->Infer, _stream_key_by_map_operator",1,numRecordsOutPerSecond,50.0
1784198140,8,"KEYED PROCESS, Train->Infer, _stream_key_by_map_operator",1,idleTimeMsPerSecond,167.0
1784198140,8,"KEYED PROCESS, Train->Infer, _stream_key_by_map_operator",1,numRecordsOut,37559.0
1784198140,8,"KEYED PROCESS, Train->Infer, _stream_key_by_map_operator",1,numRecordsIn,136.0
1784198140,8,"KEYED PROCESS, Train->Infer, _stream_key_by_map_operator",1,numRecordsInPerSecond,0.11666666666666667
1784198140,8,"KEYED PROCESS, Train->Infer, _stream_key_by_map_operator",1,backPressuredTimeMsPerSecond,0.0
1784198140,8,"KEYED PROCESS, Train->Infer, _stream_key_by_map_operator",2,busyTimeMsPerSecond,632.0
1784198140,8,"KEYED PROCESS, Train->Infer, _stream_key_by_map_operator",2,numRecordsOutPerSecond,41.666666666666664
1784198140,8,"KEYED PROCESS, Train->Infer, _stream_key_by_map_operator",2,idleTimeMsPerSecond,0.0
1784198140,8,"KEYED PROCESS, Train->Infer, _stream_key_by_map_operator",2,numRecordsOut,43015.0
1784198140,8,"KEYED PROCESS, Train->Infer, _stream_key_by_map_operator",2,numRecordsIn,101.0
1784198140,8,"KEYED PROCESS, Train->Infer, _stream_key_by_map_operator",2,numRecordsInPerSecond,0.08333333333333333
1784198140,8,"KEYED PROCESS, Train->Infer, _stream_key_by_map_operator",2,backPressuredTimeMsPerSecond,368.0
1784198140,8,"KEYED PROCESS, Train->Infer, _stream_key_by_map_operator",3,busyTimeMsPerSecond,398.0
1784198140,8,"KEYED PROCESS, Train->Infer, _stream_key_by_map_operator",3,numRecordsOutPerSecond,41.666666666666664
1784198140,8,"KEYED PROCESS, Train->Infer, _stream_key_by_map_operator",3,idleTimeMsPerSecond,602.0
1784198140,8,"KEYED PROCESS, Train->Infer, _stream_key_by_map_operator",3,numRecordsOut,42500.0
1784198140,8,"KEYED PROCESS, Train->Infer, _stream_key_by_map_operator",3,numRecordsIn,85.0
1784198140,8,"KEYED PROCESS, Train->Infer, _stream_key_by_map_operator",3,numRecordsInPerSecond,0.08333333333333333
1784198140,8,"KEYED PROCESS, Train->Infer, _stream_key_by_map_operator",3,backPressuredTimeMsPerSecond,0.0
1784198140,8,"KEYED PROCESS, Train->Infer, _stream_key_by_map_operator",4,busyTimeMsPerSecond,536.0
1784198140,8,"KEYED PROCESS, Train->Infer, _stream_key_by_map_operator",4,numRecordsOutPerSecond,41.666666666666664
1784198140,8,"KEYED PROCESS, Train->Infer, _stream_key_by_map_operator",4,idleTimeMsPerSecond,464.0
1784198140,8,"KEYED PROCESS, Train->Infer, _stream_key_by_map_operator",4,numRecordsOut,30075.0
1784198140,8,"KEYED PROCESS, Train->Infer, _stream_key_by_map_operator",4,numRecordsIn,136.0
1784198140,8,"KEYED PROCESS, Train->Infer, _stream_key_by_map_operator",4,numRecordsInPerSecond,0.1
1784198140,8,"KEYED PROCESS, Train->Infer, _stream_key_by_map_operator",4,backPressuredTimeMsPerSecond,0.0
1784198140,8,"KEYED PROCESS, Train->Infer, _stream_key_by_map_operator",5,busyTimeMsPerSecond,627.0
1784198140,8,"KEYED PROCESS, Train->Infer, _stream_key_by_map_operator",5,numRecordsOutPerSecond,66.66666666666667
1784198140,8,"KEYED PROCESS, Train->Infer, _stream_key_by_map_operator",5,idleTimeMsPerSecond,373.0
1784198140,8,"KEYED PROCESS, Train->Infer, _stream_key_by_map_operator",5,numRecordsOut,40000.0
1784198140,8,"KEYED PROCESS, Train->Infer, _stream_key_by_map_operator",5,numRecordsIn,80.0
1784198140,8,"KEYED PROCESS, Train->Infer, _stream_key_by_map_operator",5,numRecordsInPerSecond,0.11666666666666667
1784198140,8,"KEYED PROCESS, Train->Infer, _stream_key_by_map_operator",5,backPressuredTimeMsPerSecond,0.0
1784198140,8,"KEYED PROCESS, Train->Infer, _stream_key_by_map_operator",6,busyTimeMsPerSecond,499.0
1784198140,8,"KEYED PROCESS, Train->Infer, _stream_key_by_map_operator",6,numRecordsOutPerSecond,50.0
1784198140,8,"KEYED PROCESS, Train->Infer, _stream_key_by_map_operator",6,idleTimeMsPerSecond,501.0
1784198140,8,"KEYED PROCESS, Train->Infer, _stream_key_by_map_operator",6,numRecordsOut,41500.0
1784198140,8,"KEYED PROCESS, Train->Infer, _stream_key_by_map_operator",6,numRecordsIn,83.0
1784198140,8,"KEYED PROCESS, Train->Infer, _stream_key_by_map_operator",6,numRecordsInPerSecond,0.11666666666666667
1784198140,8,"KEYED PROCESS, Train->Infer, _stream_key_by_map_operator",6,backPressuredTimeMsPerSecond,0.0
1784198140,8,"KEYED PROCESS, Train->Infer, _stream_key_by_map_operator",7,busyTimeMsPerSecond,723.0
1784198140,8,"KEYED PROCESS, Train->Infer, _stream_key_by_map_operator",7,numRecordsOutPerSecond,58.333333333333336
1784198140,8,"KEYED PROCESS, Train->Infer, _stream_key_by_map_operator",7,idleTimeMsPerSecond,238.0
1784198140,8,"KEYED PROCESS, Train->Infer, _stream_key_by_map_operator",7,numRecordsOut,39030.0
1784198140,8,"KEYED PROCESS, Train->Infer, _stream_key_by_map_operator",7,numRecordsIn,109.0
1784198140,8,"KEYED PROCESS, Train->Infer, _stream_key_by_map_operator",7,numRecordsInPerSecond,0.11666666666666667
1784198140,8,"KEYED PROCESS, Train->Infer, _stream_key_by_map_operator",7,backPressuredTimeMsPerSecond,39.0
1784198140,8,"Infer->Rank, Rank->Filter, Filter -> Sink: Writer -> Sink: Committer",0,busyTimeMsPerSecond,1000.0
1784198140,8,"Infer->Rank, Rank->Filter, Filter -> Sink: Writer -> Sink: Committer",0,numRecordsOutPerSecond,45.833333333333336
1784198140,8,"Infer->Rank, Rank->Filter, Filter -> Sink: Writer -> Sink: Committer",0,idleTimeMsPerSecond,0.0
1784198140,8,"Infer->Rank, Rank->Filter, Filter -> Sink: Writer -> Sink: Committer",0,numRecordsOut,34254.0
1784198140,8,"Infer->Rank, Rank->Filter, Filter -> Sink: Writer -> Sink: Committer",0,numRecordsIn,38328.0
1784198140,8,"Infer->Rank, Rank->Filter, Filter -> Sink: Writer -> Sink: Committer",0,numRecordsInPerSecond,45.78333333333333
1784198140,8,"Infer->Rank, Rank->Filter, Filter -> Sink: Writer -> Sink: Committer",0,backPressuredTimeMsPerSecond,0.0
1784198140,8,"Infer->Rank, Rank->Filter, Filter -> Sink: Writer -> Sink: Committer",1,busyTimeMsPerSecond,1000.0
1784198140,8,"Infer->Rank, Rank->Filter, Filter -> Sink: Writer -> Sink: Committer",1,numRecordsOutPerSecond,20.666666666666668
1784198140,8,"Infer->Rank, Rank->Filter, Filter -> Sink: Writer -> Sink: Committer",1,idleTimeMsPerSecond,0.0
1784198140,8,"Infer->Rank, Rank->Filter, Filter -> Sink: Writer -> Sink: Committer",1,numRecordsOut,31290.0
1784198140,8,"Infer->Rank, Rank->Filter, Filter -> Sink: Writer -> Sink: Committer",1,numRecordsIn,34865.0
1784198140,8,"Infer->Rank, Rank->Filter, Filter -> Sink: Writer -> Sink: Committer",1,numRecordsInPerSecond,31.45
1784198140,8,"Infer->Rank, Rank->Filter, Filter -> Sink: Writer -> Sink: Committer",1,backPressuredTimeMsPerSecond,0.0
1784198140,8,"Infer->Rank, Rank->Filter, Filter -> Sink: Writer -> Sink: Committer",2,busyTimeMsPerSecond,1000.0
1784198140,8,"Infer->Rank, Rank->Filter, Filter -> Sink: Writer -> Sink: Committer",2,numRecordsOutPerSecond,36.166666666666664
1784198140,8,"Infer->Rank, Rank->Filter, Filter -> Sink: Writer -> Sink: Committer",2,idleTimeMsPerSecond,0.0
1784198140,8,"Infer->Rank, Rank->Filter, Filter -> Sink: Writer -> Sink: Committer",2,numRecordsOut,34140.0
1784198140,8,"Infer->Rank, Rank->Filter, Filter -> Sink: Writer -> Sink: Committer",2,numRecordsIn,39659.0
1784198140,8,"Infer->Rank, Rank->Filter, Filter -> Sink: Writer -> Sink: Committer",2,numRecordsInPerSecond,44.65
1784198140,8,"Infer->Rank, Rank->Filter, Filter -> Sink: Writer -> Sink: Committer",2,backPressuredTimeMsPerSecond,0.0
1784198140,8,"Infer->Rank, Rank->Filter, Filter -> Sink: Writer -> Sink: Committer",3,busyTimeMsPerSecond,657.0
1784198140,8,"Infer->Rank, Rank->Filter, Filter -> Sink: Writer -> Sink: Committer",3,numRecordsOutPerSecond,44.166666666666664
1784198140,8,"Infer->Rank, Rank->Filter, Filter -> Sink: Writer -> Sink: Committer",3,idleTimeMsPerSecond,343.0
1784198140,8,"Infer->Rank, Rank->Filter, Filter -> Sink: Writer -> Sink: Committer",3,numRecordsOut,37000.0
1784198140,8,"Infer->Rank, Rank->Filter, Filter -> Sink: Writer -> Sink: Committer",3,numRecordsIn,42500.0
1784198140,8,"Infer->Rank, Rank->Filter, Filter -> Sink: Writer -> Sink: Committer",3,numRecordsInPerSecond,52.36666666666667
1784198140,8,"Infer->Rank, Rank->Filter, Filter -> Sink: Writer -> Sink: Committer",3,backPressuredTimeMsPerSecond,0.0
1784198140,8,"Infer->Rank, Rank->Filter, Filter -> Sink: Writer -> Sink: Committer",4,busyTimeMsPerSecond,805.0
1784198140,8,"Infer->Rank, Rank->Filter, Filter -> Sink: Writer -> Sink: Committer",4,numRecordsOutPerSecond,45.5
1784198140,8,"Infer->Rank, Rank->Filter, Filter -> Sink: Writer -> Sink: Committer",4,idleTimeMsPerSecond,195.0
1784198140,8,"Infer->Rank, Rank->Filter, Filter -> Sink: Writer -> Sink: Committer",4,numRecordsOut,28190.0
1784198140,8,"Infer->Rank, Rank->Filter, Filter -> Sink: Writer -> Sink: Committer",4,numRecordsIn,29795.0
1784198140,8,"Infer->Rank, Rank->Filter, Filter -> Sink: Writer -> Sink: Committer",4,numRecordsInPerSecond,53.75
1784198140,8,"Infer->Rank, Rank->Filter, Filter -> Sink: Writer -> Sink: Committer",4,backPressuredTimeMsPerSecond,0.0
1784198140,8,"Infer->Rank, Rank->Filter, Filter -> Sink: Writer -> Sink: Committer",5,busyTimeMsPerSecond,969.0
1784198140,8,"Infer->Rank, Rank->Filter, Filter -> Sink: Writer -> Sink: Committer",5,numRecordsOutPerSecond,66.66666666666667
1784198140,8,"Infer->Rank, Rank->Filter, Filter -> Sink: Writer -> Sink: Committer",5,idleTimeMsPerSecond,31.0
1784198140,8,"Infer->Rank, Rank->Filter, Filter -> Sink: Writer -> Sink: Committer",5,numRecordsOut,35500.0
1784198140,8,"Infer->Rank, Rank->Filter, Filter -> Sink: Writer -> Sink: Committer",5,numRecordsIn,40000.0
1784198140,8,"Infer->Rank, Rank->Filter, Filter -> Sink: Writer -> Sink: Committer",5,numRecordsInPerSecond,66.66666666666667
1784198140,8,"Infer->Rank, Rank->Filter, Filter -> Sink: Writer -> Sink: Committer",5,backPressuredTimeMsPerSecond,0.0
1784198140,8,"Infer->Rank, Rank->Filter, Filter -> Sink: Writer -> Sink: Committer",6,busyTimeMsPerSecond,569.0
1784198140,8,"Infer->Rank, Rank->Filter, Filter -> Sink: Writer -> Sink: Committer",6,numRecordsOutPerSecond,41.666666666666664
1784198140,8,"Infer->Rank, Rank->Filter, Filter -> Sink: Writer -> Sink: Committer",6,idleTimeMsPerSecond,431.0
1784198140,8,"Infer->Rank, Rank->Filter, Filter -> Sink: Writer -> Sink: Committer",6,numRecordsOut,35500.0
1784198140,8,"Infer->Rank, Rank->Filter, Filter -> Sink: Writer -> Sink: Committer",6,numRecordsIn,40837.0
1784198140,8,"Infer->Rank, Rank->Filter, Filter -> Sink: Writer -> Sink: Committer",6,numRecordsInPerSecond,44.15
1784198140,8,"Infer->Rank, Rank->Filter, Filter -> Sink: Writer -> Sink: Committer",6,backPressuredTimeMsPerSecond,0.0
1784198140,8,"Infer->Rank, Rank->Filter, Filter -> Sink: Writer -> Sink: Committer",7,busyTimeMsPerSecond,1000.0
1784198140,8,"Infer->Rank, Rank->Filter, Filter -> Sink: Writer -> Sink: Committer",7,numRecordsOutPerSecond,30.333333333333332
1784198140,8,"Infer->Rank, Rank->Filter, Filter -> Sink: Writer -> Sink: Committer",7,idleTimeMsPerSecond,0.0
1784198140,8,"Infer->Rank, Rank->Filter, Filter -> Sink: Writer -> Sink: Committer",7,numRecordsOut,35110.0
1784198140,8,"Infer->Rank, Rank->Filter, Filter -> Sink: Writer -> Sink: Committer",7,numRecordsIn,36158.0
1784198140,8,"Infer->Rank, Rank->Filter, Filter -> Sink: Writer -> Sink: Committer",7,numRecordsInPerSecond,38.63333333333333
1784198140,8,"Infer->Rank, Rank->Filter, Filter -> Sink: Writer -> Sink: Committer",7,backPressuredTimeMsPerSecond,0.0
1784198155,8,"Source: Source-data -> LoadJSON, Parse, _stream_key_by_map_operator",0,busyTimeMsPerSecond,0.0
1784198155,8,"Source: Source-data -> LoadJSON, Parse, _stream_key_by_map_operator",0,numRecordsOutPerSecond,0.0
1784198155,8,"Source: Source-data -> LoadJSON, Parse, _stream_key_by_map_operator",0,idleTimeMsPerSecond,1000.0
1784198155,8,"Source: Source-data -> LoadJSON, Parse, _stream_key_by_map_operator",0,numRecordsOut,6130.0
1784198155,8,"Source: Source-data -> LoadJSON, Parse, _stream_key_by_map_operator",0,numRecordsIn,6130.0
1784198155,8,"Source: Source-data -> LoadJSON, Parse, _stream_key_by_map_operator",0,numRecordsInPerSecond,0.0
1784198155,8,"Source: Source-data -> LoadJSON, Parse, _stream_key_by_map_operator",0,backPressuredTimeMsPerSecond,0.0
1784198155,8,"Source: Source-data -> LoadJSON, Parse, _stream_key_by_map_operator",1,busyTimeMsPerSecond,0.0
1784198155,8,"Source: Source-data -> LoadJSON, Parse, _stream_key_by_map_operator",1,numRecordsOutPerSecond,0.0
1784198155,8,"Source: Source-data -> LoadJSON, Parse, _stream_key_by_map_operator",1,idleTimeMsPerSecond,0.0
1784198155,8,"Source: Source-data -> LoadJSON, Parse, _stream_key_by_map_operator",1,numRecordsOut,6028.0
1784198155,8,"Source: Source-data -> LoadJSON, Parse, _stream_key_by_map_operator",1,numRecordsIn,6028.0
1784198155,8,"Source: Source-data -> LoadJSON, Parse, _stream_key_by_map_operator",1,numRecordsInPerSecond,0.0
1784198155,8,"Source: Source-data -> LoadJSON, Parse, _stream_key_by_map_operator",1,backPressuredTimeMsPerSecond,1000.0
1784198155,8,"Source: Source-data -> LoadJSON, Parse, _stream_key_by_map_operator",2,busyTimeMsPerSecond,18.0
1784198155,8,"Source: Source-data -> LoadJSON, Parse, _stream_key_by_map_operator",2,numRecordsOutPerSecond,0.016666666666666666
1784198155,8,"Source: Source-data -> LoadJSON, Parse, _stream_key_by_map_operator",2,idleTimeMsPerSecond,299.0
1784198155,8,"Source: Source-data -> LoadJSON, Parse, _stream_key_by_map_operator",2,numRecordsOut,6234.0
1784198155,8,"Source: Source-data -> LoadJSON, Parse, _stream_key_by_map_operator",2,numRecordsIn,6234.0
1784198155,8,"Source: Source-data -> LoadJSON, Parse, _stream_key_by_map_operator",2,numRecordsInPerSecond,0.016666666666666666
1784198155,8,"Source: Source-data -> LoadJSON, Parse, _stream_key_by_map_operator",2,backPressuredTimeMsPerSecond,683.0
1784198155,8,"Source: Source-data -> LoadJSON, Parse, _stream_key_by_map_operator",3,busyTimeMsPerSecond,0.0
1784198155,8,"Source: Source-data -> LoadJSON, Parse, _stream_key_by_map_operator",3,numRecordsOutPerSecond,0.0
1784198155,8,"Source: Source-data -> LoadJSON, Parse, _stream_key_by_map_operator",3,idleTimeMsPerSecond,0.0
1784198155,8,"Source: Source-data -> LoadJSON, Parse, _stream_key_by_map_operator",3,numRecordsOut,6021.0
1784198155,8,"Source: Source-data -> LoadJSON, Parse, _stream_key_by_map_operator",3,numRecordsIn,6021.0
1784198155,8,"Source: Source-data -> LoadJSON, Parse, _stream_key_by_map_operator",3,numRecordsInPerSecond,0.0
1784198155,8,"Source: Source-data -> LoadJSON, Parse, _stream_key_by_map_operator",3,backPressuredTimeMsPerSecond,1000.0
1784198155,8,"Source: Source-data -> LoadJSON, Parse, _stream_key_by_map_operator",4,busyTimeMsPerSecond,0.0
1784198155,8,"Source: Source-data -> LoadJSON, Parse, _stream_key_by_map_operator",4,numRecordsOutPerSecond,0.0
1784198155,8,"Source: Source-data -> LoadJSON, Parse, _stream_key_by_map_operator",4,idleTimeMsPerSecond,0.0
1784198155,8,"Source: Source-data -> LoadJSON, Parse, _stream_key_by_map_operator",4,numRecordsOut,6068.0
1784198155,8,"Source: Source-data -> LoadJSON, Parse, _stream_key_by_map_operator",4,numRecordsIn,6068.0
1784198155,8,"Source: Source-data -> LoadJSON, Parse, _stream_key_by_map_operator",4,numRecordsInPerSecond,0.0
1784198155,8,"Source: Source-data -> LoadJSON, Parse, _stream_key_by_map_operator",4,backPressuredTimeMsPerSecond,1000.0
1784198155,8,"Source: Source-data -> LoadJSON, Parse, _stream_key_by_map_operator",5,busyTimeMsPerSecond,0.0
1784198155,8,"Source: Source-data -> LoadJSON, Parse, _stream_key_by_map_operator",5,numRecordsOutPerSecond,0.0
1784198155,8,"Source: Source-data -> LoadJSON, Parse, _stream_key_by_map_operator",5,idleTimeMsPerSecond,1000.0
1784198155,8,"Source: Source-data -> LoadJSON, Parse, _stream_key_by_map_operator",5,numRecordsOut,6100.0
1784198155,8,"Source: Source-data -> LoadJSON, Parse, _stream_key_by_map_operator",5,numRecordsIn,6100.0
1784198155,8,"Source: Source-data -> LoadJSON, Parse, _stream_key_by_map_operator",5,numRecordsInPerSecond,0.0
1784198155,8,"Source: Source-data -> LoadJSON, Parse, _stream_key_by_map_operator",5,backPressuredTimeMsPerSecond,0.0
1784198155,8,"Source: Source-data -> LoadJSON, Parse, _stream_key_by_map_operator",6,busyTimeMsPerSecond,0.0
1784198155,8,"Source: Source-data -> LoadJSON, Parse, _stream_key_by_map_operator",6,numRecordsOutPerSecond,0.0
1784198155,8,"Source: Source-data -> LoadJSON, Parse, _stream_key_by_map_operator",6,idleTimeMsPerSecond,0.0
1784198155,8,"Source: Source-data -> LoadJSON, Parse, _stream_key_by_map_operator",6,numRecordsOut,6065.0
1784198155,8,"Source: Source-data -> LoadJSON, Parse, _stream_key_by_map_operator",6,numRecordsIn,6065.0
1784198155,8,"Source: Source-data -> LoadJSON, Parse, _stream_key_by_map_operator",6,numRecordsInPerSecond,0.0
1784198155,8,"Source: Source-data -> LoadJSON, Parse, _stream_key_by_map_operator",6,backPressuredTimeMsPerSecond,1000.0
1784198155,8,"Source: Source-data -> LoadJSON, Parse, _stream_key_by_map_operator",7,busyTimeMsPerSecond,0.0
1784198155,8,"Source: Source-data -> LoadJSON, Parse, _stream_key_by_map_operator",7,numRecordsOutPerSecond,0.0
1784198155,8,"Source: Source-data -> LoadJSON, Parse, _stream_key_by_map_operator",7,idleTimeMsPerSecond,1000.0
1784198155,8,"Source: Source-data -> LoadJSON, Parse, _stream_key_by_map_operator",7,numRecordsOut,5970.0
1784198155,8,"Source: Source-data -> LoadJSON, Parse, _stream_key_by_map_operator",7,numRecordsIn,5970.0
1784198155,8,"Source: Source-data -> LoadJSON, Parse, _stream_key_by_map_operator",7,numRecordsInPerSecond,0.0
1784198155,8,"Source: Source-data -> LoadJSON, Parse, _stream_key_by_map_operator",7,backPressuredTimeMsPerSecond,0.0
1784198155,8,"KEYED PROCESS, Parse->Train, _stream_key_by_map_operator",0,busyTimeMsPerSecond,605.0
1784198155,8,"KEYED PROCESS, Parse->Train, _stream_key_by_map_operator",0,numRecordsOutPerSecond,0.16666666666666666
1784198155,8,"KEYED PROCESS, Parse->Train, _stream_key_by_map_operator",0,idleTimeMsPerSecond,0.0
1784198155,8,"KEYED PROCESS, Parse->Train, _stream_key_by_map_operator",0,numRecordsOut,182.0
1784198155,8,"KEYED PROCESS, Parse->Train, _stream_key_by_map_operator",0,numRecordsIn,183.0
1784198155,8,"KEYED PROCESS, Parse->Train, _stream_key_by_map_operator",0,numRecordsInPerSecond,0.16666666666666666
1784198155,8,"KEYED PROCESS, Parse->Train, _stream_key_by_map_operator",0,backPressuredTimeMsPerSecond,395.0
1784198155,8,"KEYED PROCESS, Parse->Train, _stream_key_by_map_operator",1,busyTimeMsPerSecond,763.0
1784198155,8,"KEYED PROCESS, Parse->Train, _stream_key_by_map_operator",1,numRecordsOutPerSecond,0.2
1784198155,8,"KEYED PROCESS, Parse->Train, _stream_key_by_map_operator",1,idleTimeMsPerSecond,0.0
1784198155,8,"KEYED PROCESS, Parse->Train, _stream_key_by_map_operator",1,numRecordsOut,186.0
1784198155,8,"KEYED PROCESS, Parse->Train, _stream_key_by_map_operator",1,numRecordsIn,187.0
1784198155,8,"KEYED PROCESS, Parse->Train, _stream_key_by_map_operator",1,numRecordsInPerSecond,0.2
1784198155,8,"KEYED PROCESS, Parse->Train, _stream_key_by_map_operator",1,backPressuredTimeMsPerSecond,237.0
1784198155,8,"KEYED PROCESS, Parse->Train, _stream_key_by_map_operator",2,busyTimeMsPerSecond,594.0
1784198155,8,"KEYED PROCESS, Parse->Train, _stream_key_by_map_operator",2,numRecordsOutPerSecond,0.13333333333333333
1784198155,8,"KEYED PROCESS, Parse->Train, _stream_key_by_map_operator",2,idleTimeMsPerSecond,0.0
1784198155,8,"KEYED PROCESS, Parse->Train, _stream_key_by_map_operator",2,numRecordsOut,142.0
1784198155,8,"KEYED PROCESS, Parse->Train, _stream_key_by_map_operator",2,numRecordsIn,143.0
1784198155,8,"KEYED PROCESS, Parse->Train, _stream_key_by_map_operator",2,numRecordsInPerSecond,0.13333333333333333
1784198155,8,"KEYED PROCESS, Parse->Train, _stream_key_by_map_operator",2,backPressuredTimeMsPerSecond,406.0
1784198155,8,"KEYED PROCESS, Parse->Train, _stream_key_by_map_operator",3,busyTimeMsPerSecond,0.0
1784198155,8,"KEYED PROCESS, Parse->Train, _stream_key_by_map_operator",3,numRecordsOutPerSecond,0.0
1784198155,8,"KEYED PROCESS, Parse->Train, _stream_key_by_map_operator",3,idleTimeMsPerSecond,1000.0
1784198155,8,"KEYED PROCESS, Parse->Train, _stream_key_by_map_operator",3,numRecordsOut,0.0
1784198155,8,"KEYED PROCESS, Parse->Train, _stream_key_by_map_operator",3,numRecordsIn,0.0
1784198155,8,"KEYED PROCESS, Parse->Train, _stream_key_by_map_operator",3,numRecordsInPerSecond,0.0
1784198155,8,"KEYED PROCESS, Parse->Train, _stream_key_by_map_operator",3,backPressuredTimeMsPerSecond,0.0
1784198155,8,"KEYED PROCESS, Parse->Train, _stream_key_by_map_operator",4,busyTimeMsPerSecond,300.0
1784198155,8,"KEYED PROCESS, Parse->Train, _stream_key_by_map_operator",4,numRecordsOutPerSecond,0.1
1784198155,8,"KEYED PROCESS, Parse->Train, _stream_key_by_map_operator",4,idleTimeMsPerSecond,0.0
1784198155,8,"KEYED PROCESS, Parse->Train, _stream_key_by_map_operator",4,numRecordsOut,210.0
1784198155,8,"KEYED PROCESS, Parse->Train, _stream_key_by_map_operator",4,numRecordsIn,211.0
1784198155,8,"KEYED PROCESS, Parse->Train, _stream_key_by_map_operator",4,numRecordsInPerSecond,0.1
1784198155,8,"KEYED PROCESS, Parse->Train, _stream_key_by_map_operator",4,backPressuredTimeMsPerSecond,700.0
1784198155,8,"KEYED PROCESS, Parse->Train, _stream_key_by_map_operator",5,busyTimeMsPerSecond,0.0
1784198155,8,"KEYED PROCESS, Parse->Train, _stream_key_by_map_operator",5,numRecordsOutPerSecond,0.0
1784198155,8,"KEYED PROCESS, Parse->Train, _stream_key_by_map_operator",5,idleTimeMsPerSecond,1000.0
1784198155,8,"KEYED PROCESS, Parse->Train, _stream_key_by_map_operator",5,numRecordsOut,0.0
1784198155,8,"KEYED PROCESS, Parse->Train, _stream_key_by_map_operator",5,numRecordsIn,0.0
1784198155,8,"KEYED PROCESS, Parse->Train, _stream_key_by_map_operator",5,numRecordsInPerSecond,0.0
1784198155,8,"KEYED PROCESS, Parse->Train, _stream_key_by_map_operator",5,backPressuredTimeMsPerSecond,0.0
1784198155,8,"KEYED PROCESS, Parse->Train, _stream_key_by_map_operator",6,busyTimeMsPerSecond,0.0
1784198155,8,"KEYED PROCESS, Parse->Train, _stream_key_by_map_operator",6,numRecordsOutPerSecond,0.0
1784198155,8,"KEYED PROCESS, Parse->Train, _stream_key_by_map_operator",6,idleTimeMsPerSecond,1000.0
1784198155,8,"KEYED PROCESS, Parse->Train, _stream_key_by_map_operator",6,numRecordsOut,0.0
1784198155,8,"KEYED PROCESS, Parse->Train, _stream_key_by_map_operator",6,numRecordsIn,0.0
1784198155,8,"KEYED PROCESS, Parse->Train, _stream_key_by_map_operator",6,numRecordsInPerSecond,0.0
1784198155,8,"KEYED PROCESS, Parse->Train, _stream_key_by_map_operator",6,backPressuredTimeMsPerSecond,0.0
1784198155,8,"KEYED PROCESS, Parse->Train, _stream_key_by_map_operator",7,busyTimeMsPerSecond,671.0
1784198155,8,"KEYED PROCESS, Parse->Train, _stream_key_by_map_operator",7,numRecordsOutPerSecond,0.16666666666666666
1784198155,8,"KEYED PROCESS, Parse->Train, _stream_key_by_map_operator",7,idleTimeMsPerSecond,0.0
1784198155,8,"KEYED PROCESS, Parse->Train, _stream_key_by_map_operator",7,numRecordsOut,153.0
1784198155,8,"KEYED PROCESS, Parse->Train, _stream_key_by_map_operator",7,numRecordsIn,154.0
1784198155,8,"KEYED PROCESS, Parse->Train, _stream_key_by_map_operator",7,numRecordsInPerSecond,0.16666666666666666
1784198155,8,"KEYED PROCESS, Parse->Train, _stream_key_by_map_operator",7,backPressuredTimeMsPerSecond,329.0
1784198155,8,"KEYED PROCESS, Train->Infer, _stream_key_by_map_operator",0,busyTimeMsPerSecond,426.0
1784198155,8,"KEYED PROCESS, Train->Infer, _stream_key_by_map_operator",0,numRecordsOutPerSecond,41.666666666666664
1784198155,8,"KEYED PROCESS, Train->Infer, _stream_key_by_map_operator",0,idleTimeMsPerSecond,574.0
1784198155,8,"KEYED PROCESS, Train->Infer, _stream_key_by_map_operator",0,numRecordsOut,40881.0
1784198155,8,"KEYED PROCESS, Train->Infer, _stream_key_by_map_operator",0,numRecordsIn,143.0
1784198155,8,"KEYED PROCESS, Train->Infer, _stream_key_by_map_operator",0,numRecordsInPerSecond,0.08333333333333333
1784198155,8,"KEYED PROCESS, Train->Infer, _stream_key_by_map_operator",0,backPressuredTimeMsPerSecond,0.0
1784198155,8,"KEYED PROCESS, Train->Infer, _stream_key_by_map_operator",1,busyTimeMsPerSecond,797.0
1784198155,8,"KEYED PROCESS, Train->Infer, _stream_key_by_map_operator",1,numRecordsOutPerSecond,58.333333333333336
1784198155,8,"KEYED PROCESS, Train->Infer, _stream_key_by_map_operator",1,idleTimeMsPerSecond,203.0
1784198155,8,"KEYED PROCESS, Train->Infer, _stream_key_by_map_operator",1,numRecordsOut,38559.0
1784198155,8,"KEYED PROCESS, Train->Infer, _stream_key_by_map_operator",1,numRecordsIn,138.0
1784198155,8,"KEYED PROCESS, Train->Infer, _stream_key_by_map_operator",1,numRecordsInPerSecond,0.11666666666666667
1784198155,8,"KEYED PROCESS, Train->Infer, _stream_key_by_map_operator",1,backPressuredTimeMsPerSecond,0.0
1784198155,8,"KEYED PROCESS, Train->Infer, _stream_key_by_map_operator",2,busyTimeMsPerSecond,649.0
1784198155,8,"KEYED PROCESS, Train->Infer, _stream_key_by_map_operator",2,numRecordsOutPerSecond,50.0
1784198155,8,"KEYED PROCESS, Train->Infer, _stream_key_by_map_operator",2,idleTimeMsPerSecond,0.0
1784198155,8,"KEYED PROCESS, Train->Infer, _stream_key_by_map_operator",2,numRecordsOut,43515.0
1784198155,8,"KEYED PROCESS, Train->Infer, _stream_key_by_map_operator",2,numRecordsIn,103.0
1784198155,8,"KEYED PROCESS, Train->Infer, _stream_key_by_map_operator",2,numRecordsInPerSecond,0.1
1784198155,8,"KEYED PROCESS, Train->Infer, _stream_key_by_map_operator",2,backPressuredTimeMsPerSecond,351.0
1784198155,8,"KEYED PROCESS, Train->Infer, _stream_key_by_map_operator",3,busyTimeMsPerSecond,280.0
1784198155,8,"KEYED PROCESS, Train->Infer, _stream_key_by_map_operator",3,numRecordsOutPerSecond,33.333333333333336
1784198155,8,"KEYED PROCESS, Train->Infer, _stream_key_by_map_operator",3,idleTimeMsPerSecond,720.0
1784198155,8,"KEYED PROCESS, Train->Infer, _stream_key_by_map_operator",3,numRecordsOut,42500.0
1784198155,8,"KEYED PROCESS, Train->Infer, _stream_key_by_map_operator",3,numRecordsIn,85.0
1784198155,8,"KEYED PROCESS, Train->Infer, _stream_key_by_map_operator",3,numRecordsInPerSecond,0.05
1784198155,8,"KEYED PROCESS, Train->Infer, _stream_key_by_map_operator",3,backPressuredTimeMsPerSecond,0.0
1784198155,8,"KEYED PROCESS, Train->Infer, _stream_key_by_map_operator",4,busyTimeMsPerSecond,416.0
1784198155,8,"KEYED PROCESS, Train->Infer, _stream_key_by_map_operator",4,numRecordsOutPerSecond,33.333333333333336
1784198155,8,"KEYED PROCESS, Train->Infer, _stream_key_by_map_operator",4,idleTimeMsPerSecond,584.0
1784198155,8,"KEYED PROCESS, Train->Infer, _stream_key_by_map_operator",4,numRecordsOut,30575.0
1784198155,8,"KEYED PROCESS, Train->Infer, _stream_key_by_map_operator",4,numRecordsIn,136.0
1784198155,8,"KEYED PROCESS, Train->Infer, _stream_key_by_map_operator",4,numRecordsInPerSecond,0.06666666666666667
1784198155,8,"KEYED PROCESS, Train->Infer, _stream_key_by_map_operator",4,backPressuredTimeMsPerSecond,0.0
1784198155,8,"KEYED PROCESS, Train->Infer, _stream_key_by_map_operator",5,busyTimeMsPerSecond,469.0
1784198155,8,"KEYED PROCESS, Train->Infer, _stream_key_by_map_operator",5,numRecordsOutPerSecond,41.666666666666664
1784198155,8,"KEYED PROCESS, Train->Infer, _stream_key_by_map_operator",5,idleTimeMsPerSecond,531.0
1784198155,8,"KEYED PROCESS, Train->Infer, _stream_key_by_map_operator",5,numRecordsOut,40000.0
1784198155,8,"KEYED PROCESS, Train->Infer, _stream_key_by_map_operator",5,numRecordsIn,80.0
1784198155,8,"KEYED PROCESS, Train->Infer, _stream_key_by_map_operator",5,numRecordsInPerSecond,0.06666666666666667
1784198155,8,"KEYED PROCESS, Train->Infer, _stream_key_by_map_operator",5,backPressuredTimeMsPerSecond,0.0
1784198155,8,"KEYED PROCESS, Train->Infer, _stream_key_by_map_operator",6,busyTimeMsPerSecond,591.0
1784198155,8,"KEYED PROCESS, Train->Infer, _stream_key_by_map_operator",6,numRecordsOutPerSecond,66.66666666666667
1784198155,8,"KEYED PROCESS, Train->Infer, _stream_key_by_map_operator",6,idleTimeMsPerSecond,409.0
1784198155,8,"KEYED PROCESS, Train->Infer, _stream_key_by_map_operator",6,numRecordsOut,42500.0
1784198155,8,"KEYED PROCESS, Train->Infer, _stream_key_by_map_operator",6,numRecordsIn,85.0
1784198155,8,"KEYED PROCESS, Train->Infer, _stream_key_by_map_operator",6,numRecordsInPerSecond,0.13333333333333333
1784198155,8,"KEYED PROCESS, Train->Infer, _stream_key_by_map_operator",6,backPressuredTimeMsPerSecond,0.0
1784198155,8,"KEYED PROCESS, Train->Infer, _stream_key_by_map_operator",7,busyTimeMsPerSecond,700.0
1784198155,8,"KEYED PROCESS, Train->Infer, _stream_key_by_map_operator",7,numRecordsOutPerSecond,66.66666666666667
1784198155,8,"KEYED PROCESS, Train->Infer, _stream_key_by_map_operator",7,idleTimeMsPerSecond,138.0
1784198155,8,"KEYED PROCESS, Train->Infer, _stream_key_by_map_operator",7,numRecordsOut,40030.0
1784198155,8,"KEYED PROCESS, Train->Infer, _stream_key_by_map_operator",7,numRecordsIn,111.0
1784198155,8,"KEYED PROCESS, Train->Infer, _stream_key_by_map_operator",7,numRecordsInPerSecond,0.11666666666666667
1784198155,8,"KEYED PROCESS, Train->Infer, _stream_key_by_map_operator",7,backPressuredTimeMsPerSecond,162.0
1784198155,8,"Infer->Rank, Rank->Filter, Filter -> Sink: Writer -> Sink: Committer",0,busyTimeMsPerSecond,1000.0
1784198155,8,"Infer->Rank, Rank->Filter, Filter -> Sink: Writer -> Sink: Committer",0,numRecordsOutPerSecond,50.5
1784198155,8,"Infer->Rank, Rank->Filter, Filter -> Sink: Writer -> Sink: Committer",0,idleTimeMsPerSecond,0.0
1784198155,8,"Infer->Rank, Rank->Filter, Filter -> Sink: Writer -> Sink: Committer",0,numRecordsOut,34814.0
1784198155,8,"Infer->Rank, Rank->Filter, Filter -> Sink: Writer -> Sink: Committer",0,numRecordsIn,39310.0
1784198155,8,"Infer->Rank, Rank->Filter, Filter -> Sink: Writer -> Sink: Committer",0,numRecordsInPerSecond,54.166666666666664
1784198155,8,"Infer->Rank, Rank->Filter, Filter -> Sink: Writer -> Sink: Committer",0,backPressuredTimeMsPerSecond,0.0
1784198155,8,"Infer->Rank, Rank->Filter, Filter -> Sink: Writer -> Sink: Committer",1,busyTimeMsPerSecond,1000.0
1784198155,8,"Infer->Rank, Rank->Filter, Filter -> Sink: Writer -> Sink: Committer",1,numRecordsOutPerSecond,34.0
1784198155,8,"Infer->Rank, Rank->Filter, Filter -> Sink: Writer -> Sink: Committer",1,idleTimeMsPerSecond,0.0
1784198155,8,"Infer->Rank, Rank->Filter, Filter -> Sink: Writer -> Sink: Committer",1,numRecordsOut,32460.0
1784198155,8,"Infer->Rank, Rank->Filter, Filter -> Sink: Writer -> Sink: Committer",1,numRecordsIn,36034.0
1784198155,8,"Infer->Rank, Rank->Filter, Filter -> Sink: Writer -> Sink: Committer",1,numRecordsInPerSecond,42.4
1784198155,8,"Infer->Rank, Rank->Filter, Filter -> Sink: Writer -> Sink: Committer",1,backPressuredTimeMsPerSecond,0.0
1784198155,8,"Infer->Rank, Rank->Filter, Filter -> Sink: Writer -> Sink: Committer",2,busyTimeMsPerSecond,1000.0
1784198155,8,"Infer->Rank, Rank->Filter, Filter -> Sink: Writer -> Sink: Committer",2,numRecordsOutPerSecond,40.5
1784198155,8,"Infer->Rank, Rank->Filter, Filter -> Sink: Writer -> Sink: Committer",2,idleTimeMsPerSecond,0.0
1784198155,8,"Infer->Rank, Rank->Filter, Filter -> Sink: Writer -> Sink: Committer",2,numRecordsOut,35020.0
1784198155,8,"Infer->Rank, Rank->Filter, Filter -> Sink: Writer -> Sink: Committer",2,numRecordsIn,40538.0
1784198155,8,"Infer->Rank, Rank->Filter, Filter -> Sink: Writer -> Sink: Committer",2,numRecordsInPerSecond,48.86666666666667
1784198155,8,"Infer->Rank, Rank->Filter, Filter -> Sink: Writer -> Sink: Committer",2,backPressuredTimeMsPerSecond,0.0
1784198155,8,"Infer->Rank, Rank->Filter, Filter -> Sink: Writer -> Sink: Committer",3,busyTimeMsPerSecond,530.0
1784198155,8,"Infer->Rank, Rank->Filter, Filter -> Sink: Writer -> Sink: Committer",3,numRecordsOutPerSecond,32.0
1784198155,8,"Infer->Rank, Rank->Filter, Filter -> Sink: Writer -> Sink: Committer",3,idleTimeMsPerSecond,470.0
1784198155,8,"Infer->Rank, Rank->Filter, Filter -> Sink: Writer -> Sink: Committer",3,numRecordsOut,37000.0
1784198155,8,"Infer->Rank, Rank->Filter, Filter -> Sink: Writer -> Sink: Committer",3,numRecordsIn,42500.0
1784198155,8,"Infer->Rank, Rank->Filter, Filter -> Sink: Writer -> Sink: Committer",3,numRecordsInPerSecond,40.21666666666667
1784198155,8,"Infer->Rank, Rank->Filter, Filter -> Sink: Writer -> Sink: Committer",3,backPressuredTimeMsPerSecond,0.0
1784198155,8,"Infer->Rank, Rank->Filter, Filter -> Sink: Writer -> Sink: Committer",4,busyTimeMsPerSecond,805.0
1784198155,8,"Infer->Rank, Rank->Filter, Filter -> Sink: Writer -> Sink: Committer",4,numRecordsOutPerSecond,49.166666666666664
1784198155,8,"Infer->Rank, Rank->Filter, Filter -> Sink: Writer -> Sink: Committer",4,idleTimeMsPerSecond,195.0
1784198155,8,"Infer->Rank, Rank->Filter, Filter -> Sink: Writer -> Sink: Committer",4,numRecordsOut,28980.0
1784198155,8,"Infer->Rank, Rank->Filter, Filter -> Sink: Writer -> Sink: Committer",4,numRecordsIn,30575.0
1784198155,8,"Infer->Rank, Rank->Filter, Filter -> Sink: Writer -> Sink: Committer",4,numRecordsInPerSecond,49.05
1784198155,8,"Infer->Rank, Rank->Filter, Filter -> Sink: Writer -> Sink: Committer",4,backPressuredTimeMsPerSecond,0.0
1784198155,8,"Infer->Rank, Rank->Filter, Filter -> Sink: Writer -> Sink: Committer",5,busyTimeMsPerSecond,729.0
1784198155,8,"Infer->Rank, Rank->Filter, Filter -> Sink: Writer -> Sink: Committer",5,numRecordsOutPerSecond,50.166666666666664
1784198155,8,"Infer->Rank, Rank->Filter, Filter -> Sink: Writer -> Sink: Committer",5,idleTimeMsPerSecond,271.0
1784198155,8,"Infer->Rank, Rank->Filter, Filter -> Sink: Writer -> Sink: Committer",5,numRecordsOut,35500.0
1784198155,8,"Infer->Rank, Rank->Filter, Filter -> Sink: Writer -> Sink: Committer",5,numRecordsIn,40000.0
1784198155,8,"Infer->Rank, Rank->Filter, Filter -> Sink: Writer -> Sink: Committer",5,numRecordsInPerSecond,50.016666666666666
1784198155,8,"Infer->Rank, Rank->Filter, Filter -> Sink: Writer -> Sink: Committer",5,backPressuredTimeMsPerSecond,0.0
1784198155,8,"Infer->Rank, Rank->Filter, Filter -> Sink: Writer -> Sink: Committer",6,busyTimeMsPerSecond,779.0
1784198155,8,"Infer->Rank, Rank->Filter, Filter -> Sink: Writer -> Sink: Committer",6,numRecordsOutPerSecond,50.333333333333336
1784198155,8,"Infer->Rank, Rank->Filter, Filter -> Sink: Writer -> Sink: Committer",6,idleTimeMsPerSecond,221.0
1784198155,8,"Infer->Rank, Rank->Filter, Filter -> Sink: Writer -> Sink: Committer",6,numRecordsOut,36640.0
1784198155,8,"Infer->Rank, Rank->Filter, Filter -> Sink: Writer -> Sink: Committer",6,numRecordsIn,42142.0
1784198155,8,"Infer->Rank, Rank->Filter, Filter -> Sink: Writer -> Sink: Committer",6,numRecordsInPerSecond,58.63333333333333
1784198155,8,"Infer->Rank, Rank->Filter, Filter -> Sink: Writer -> Sink: Committer",6,backPressuredTimeMsPerSecond,0.0
1784198155,8,"Infer->Rank, Rank->Filter, Filter -> Sink: Writer -> Sink: Committer",7,busyTimeMsPerSecond,1000.0
1784198155,8,"Infer->Rank, Rank->Filter, Filter -> Sink: Writer -> Sink: Committer",7,numRecordsOutPerSecond,38.666666666666664
1784198155,8,"Infer->Rank, Rank->Filter, Filter -> Sink: Writer -> Sink: Committer",7,idleTimeMsPerSecond,0.0
1784198155,8,"Infer->Rank, Rank->Filter, Filter -> Sink: Writer -> Sink: Committer",7,numRecordsOut,36110.0
1784198155,8,"Infer->Rank, Rank->Filter, Filter -> Sink: Writer -> Sink: Committer",7,numRecordsIn,37159.0
1784198155,8,"Infer->Rank, Rank->Filter, Filter -> Sink: Writer -> Sink: Committer",7,numRecordsInPerSecond,40.56666666666667
1784198155,8,"Infer->Rank, Rank->Filter, Filter -> Sink: Writer -> Sink: Committer",7,backPressuredTimeMsPerSecond,0.0
1784198170,8,"Source: Source-data -> LoadJSON, Parse, _stream_key_by_map_operator",0,busyTimeMsPerSecond,0.0
1784198170,8,"Source: Source-data -> LoadJSON, Parse, _stream_key_by_map_operator",0,numRecordsOutPerSecond,0.0
1784198170,8,"Source: Source-data -> LoadJSON, Parse, _stream_key_by_map_operator",0,idleTimeMsPerSecond,1000.0
1784198170,8,"Source: Source-data -> LoadJSON, Parse, _stream_key_by_map_operator",0,numRecordsOut,6130.0
1784198170,8,"Source: Source-data -> LoadJSON, Parse, _stream_key_by_map_operator",0,numRecordsIn,6130.0
1784198170,8,"Source: Source-data -> LoadJSON, Parse, _stream_key_by_map_operator",0,numRecordsInPerSecond,0.0
1784198170,8,"Source: Source-data -> LoadJSON, Parse, _stream_key_by_map_operator",0,backPressuredTimeMsPerSecond,0.0
1784198170,8,"Source: Source-data -> LoadJSON, Parse, _stream_key_by_map_operator",1,busyTimeMsPerSecond,0.0
1784198170,8,"Source: Source-data -> LoadJSON, Parse, _stream_key_by_map_operator",1,numRecordsOutPerSecond,0.0
1784198170,8,"Source: Source-data -> LoadJSON, Parse, _stream_key_by_map_operator",1,idleTimeMsPerSecond,0.0
1784198170,8,"Source: Source-data -> LoadJSON, Parse, _stream_key_by_map_operator",1,numRecordsOut,6028.0
1784198170,8,"Source: Source-data -> LoadJSON, Parse, _stream_key_by_map_operator",1,numRecordsIn,6028.0
1784198170,8,"Source: Source-data -> LoadJSON, Parse, _stream_key_by_map_operator",1,numRecordsInPerSecond,0.0
1784198170,8,"Source: Source-data -> LoadJSON, Parse, _stream_key_by_map_operator",1,backPressuredTimeMsPerSecond,1000.0
1784198170,8,"Source: Source-data -> LoadJSON, Parse, _stream_key_by_map_operator",2,busyTimeMsPerSecond,18.0
1784198170,8,"Source: Source-data -> LoadJSON, Parse, _stream_key_by_map_operator",2,numRecordsOutPerSecond,0.016666666666666666
1784198170,8,"Source: Source-data -> LoadJSON, Parse, _stream_key_by_map_operator",2,idleTimeMsPerSecond,49.0
1784198170,8,"Source: Source-data -> LoadJSON, Parse, _stream_key_by_map_operator",2,numRecordsOut,6234.0
1784198170,8,"Source: Source-data -> LoadJSON, Parse, _stream_key_by_map_operator",2,numRecordsIn,6234.0
1784198170,8,"Source: Source-data -> LoadJSON, Parse, _stream_key_by_map_operator",2,numRecordsInPerSecond,0.016666666666666666
1784198170,8,"Source: Source-data -> LoadJSON, Parse, _stream_key_by_map_operator",2,backPressuredTimeMsPerSecond,933.0
1784198170,8,"Source: Source-data -> LoadJSON, Parse, _stream_key_by_map_operator",3,busyTimeMsPerSecond,0.0
1784198170,8,"Source: Source-data -> LoadJSON, Parse, _stream_key_by_map_operator",3,numRecordsOutPerSecond,0.0
1784198170,8,"Source: Source-data -> LoadJSON, Parse, _stream_key_by_map_operator",3,idleTimeMsPerSecond,0.0
1784198170,8,"Source: Source-data -> LoadJSON, Parse, _stream_key_by_map_operator",3,numRecordsOut,6021.0
1784198170,8,"Source: Source-data -> LoadJSON, Parse, _stream_key_by_map_operator",3,numRecordsIn,6021.0
1784198170,8,"Source: Source-data -> LoadJSON, Parse, _stream_key_by_map_operator",3,numRecordsInPerSecond,0.0
1784198170,8,"Source: Source-data -> LoadJSON, Parse, _stream_key_by_map_operator",3,backPressuredTimeMsPerSecond,1000.0
1784198170,8,"Source: Source-data -> LoadJSON, Parse, _stream_key_by_map_operator",4,busyTimeMsPerSecond,0.0
1784198170,8,"Source: Source-data -> LoadJSON, Parse, _stream_key_by_map_operator",4,numRecordsOutPerSecond,0.0
1784198170,8,"Source: Source-data -> LoadJSON, Parse, _stream_key_by_map_operator",4,idleTimeMsPerSecond,0.0
1784198170,8,"Source: Source-data -> LoadJSON, Parse, _stream_key_by_map_operator",4,numRecordsOut,6068.0
1784198170,8,"Source: Source-data -> LoadJSON, Parse, _stream_key_by_map_operator",4,numRecordsIn,6068.0
1784198170,8,"Source: Source-data -> LoadJSON, Parse, _stream_key_by_map_operator",4,numRecordsInPerSecond,0.0
1784198170,8,"Source: Source-data -> LoadJSON, Parse, _stream_key_by_map_operator",4,backPressuredTimeMsPerSecond,1000.0
1784198170,8,"Source: Source-data -> LoadJSON, Parse, _stream_key_by_map_operator",5,busyTimeMsPerSecond,0.0
1784198170,8,"Source: Source-data -> LoadJSON, Parse, _stream_key_by_map_operator",5,numRecordsOutPerSecond,0.0
1784198170,8,"Source: Source-data -> LoadJSON, Parse, _stream_key_by_map_operator",5,idleTimeMsPerSecond,1000.0
1784198170,8,"Source: Source-data -> LoadJSON, Parse, _stream_key_by_map_operator",5,numRecordsOut,6100.0
1784198170,8,"Source: Source-data -> LoadJSON, Parse, _stream_key_by_map_operator",5,numRecordsIn,6100.0
1784198170,8,"Source: Source-data -> LoadJSON, Parse, _stream_key_by_map_operator",5,numRecordsInPerSecond,0.0
1784198170,8,"Source: Source-data -> LoadJSON, Parse, _stream_key_by_map_operator",5,backPressuredTimeMsPerSecond,0.0
1784198170,8,"Source: Source-data -> LoadJSON, Parse, _stream_key_by_map_operator",6,busyTimeMsPerSecond,0.0
1784198170,8,"Source: Source-data -> LoadJSON, Parse, _stream_key_by_map_operator",6,numRecordsOutPerSecond,0.0
1784198170,8,"Source: Source-data -> LoadJSON, Parse, _stream_key_by_map_operator",6,idleTimeMsPerSecond,0.0
1784198170,8,"Source: Source-data -> LoadJSON, Parse, _stream_key_by_map_operator",6,numRecordsOut,6065.0
1784198170,8,"Source: Source-data -> LoadJSON, Parse, _stream_key_by_map_operator",6,numRecordsIn,6065.0
1784198170,8,"Source: Source-data -> LoadJSON, Parse, _stream_key_by_map_operator",6,numRecordsInPerSecond,0.0
1784198170,8,"Source: Source-data -> LoadJSON, Parse, _stream_key_by_map_operator",6,backPressuredTimeMsPerSecond,1000.0
1784198170,8,"Source: Source-data -> LoadJSON, Parse, _stream_key_by_map_operator",7,busyTimeMsPerSecond,10.0
1784198170,8,"Source: Source-data -> LoadJSON, Parse, _stream_key_by_map_operator",7,numRecordsOutPerSecond,0.016666666666666666
1784198170,8,"Source: Source-data -> LoadJSON, Parse, _stream_key_by_map_operator",7,idleTimeMsPerSecond,990.0
1784198170,8,"Source: Source-data -> LoadJSON, Parse, _stream_key_by_map_operator",7,numRecordsOut,5971.0
1784198170,8,"Source: Source-data -> LoadJSON, Parse, _stream_key_by_map_operator",7,numRecordsIn,5971.0
1784198170,8,"Source: Source-data -> LoadJSON, Parse, _stream_key_by_map_operator",7,numRecordsInPerSecond,0.016666666666666666
1784198170,8,"Source: Source-data -> LoadJSON, Parse, _stream_key_by_map_operator",7,backPressuredTimeMsPerSecond,0.0
1784198170,8,"KEYED PROCESS, Parse->Train, _stream_key_by_map_operator",0,busyTimeMsPerSecond,445.0
1784198170,8,"KEYED PROCESS, Parse->Train, _stream_key_by_map_operator",0,numRecordsOutPerSecond,0.13333333333333333
1784198170,8,"KEYED PROCESS, Parse->Train, _stream_key_by_map_operator",0,idleTimeMsPerSecond,0.0
1784198170,8,"KEYED PROCESS, Parse->Train, _stream_key_by_map_operator",0,numRecordsOut,183.0
1784198170,8,"KEYED PROCESS, Parse->Train, _stream_key_by_map_operator",0,numRecordsIn,184.0
1784198170,8,"KEYED PROCESS, Parse->Train, _stream_key_by_map_operator",0,numRecordsInPerSecond,0.13333333333333333
1784198170,8,"KEYED PROCESS, Parse->Train, _stream_key_by_map_operator",0,backPressuredTimeMsPerSecond,555.0
1784198170,8,"KEYED PROCESS, Parse->Train, _stream_key_by_map_operator",1,busyTimeMsPerSecond,566.0
1784198170,8,"KEYED PROCESS, Parse->Train, _stream_key_by_map_operator",1,numRecordsOutPerSecond,0.15
1784198170,8,"KEYED PROCESS, Parse->Train, _stream_key_by_map_operator",1,idleTimeMsPerSecond,0.0
1784198170,8,"KEYED PROCESS, Parse->Train, _stream_key_by_map_operator",1,numRecordsOut,187.0
1784198170,8,"KEYED PROCESS, Parse->Train, _stream_key_by_map_operator",1,numRecordsIn,188.0
1784198170,8,"KEYED PROCESS, Parse->Train, _stream_key_by_map_operator",1,numRecordsInPerSecond,0.15
1784198170,8,"KEYED PROCESS, Parse->Train, _stream_key_by_map_operator",1,backPressuredTimeMsPerSecond,434.0
1784198170,8,"KEYED PROCESS, Parse->Train, _stream_key_by_map_operator",2,busyTimeMsPerSecond,549.0
1784198170,8,"KEYED PROCESS, Parse->Train, _stream_key_by_map_operator",2,numRecordsOutPerSecond,0.13333333333333333
1784198170,8,"KEYED PROCESS, Parse->Train, _stream_key_by_map_operator",2,idleTimeMsPerSecond,0.0
1784198170,8,"KEYED PROCESS, Parse->Train, _stream_key_by_map_operator",2,numRecordsOut,144.0
1784198170,8,"KEYED PROCESS, Parse->Train, _stream_key_by_map_operator",2,numRecordsIn,145.0
1784198170,8,"KEYED PROCESS, Parse->Train, _stream_key_by_map_operator",2,numRecordsInPerSecond,0.13333333333333333
1784198170,8,"KEYED PROCESS, Parse->Train, _stream_key_by_map_operator",2,backPressuredTimeMsPerSecond,451.0
1784198170,8,"KEYED PROCESS, Parse->Train, _stream_key_by_map_operator",3,busyTimeMsPerSecond,0.0
1784198170,8,"KEYED PROCESS, Parse->Train, _stream_key_by_map_operator",3,numRecordsOutPerSecond,0.0
1784198170,8,"KEYED PROCESS, Parse->Train, _stream_key_by_map_operator",3,idleTimeMsPerSecond,1000.0
1784198170,8,"KEYED PROCESS, Parse->Train, _stream_key_by_map_operator",3,numRecordsOut,0.0
1784198170,8,"KEYED PROCESS, Parse->Train, _stream_key_by_map_operator",3,numRecordsIn,0.0
1784198170,8,"KEYED PROCESS, Parse->Train, _stream_key_by_map_operator",3,numRecordsInPerSecond,0.0
1784198170,8,"KEYED PROCESS, Parse->Train, _stream_key_by_map_operator",3,backPressuredTimeMsPerSecond,0.0
1784198170,8,"KEYED PROCESS, Parse->Train, _stream_key_by_map_operator",4,busyTimeMsPerSecond,493.0
1784198170,8,"KEYED PROCESS, Parse->Train, _stream_key_by_map_operator",4,numRecordsOutPerSecond,0.16666666666666666
1784198170,8,"KEYED PROCESS, Parse->Train, _stream_key_by_map_operator",4,idleTimeMsPerSecond,0.0
1784198170,8,"KEYED PROCESS, Parse->Train, _stream_key_by_map_operator",4,numRecordsOut,214.0
1784198170,8,"KEYED PROCESS, Parse->Train, _stream_key_by_map_operator",4,numRecordsIn,215.0
1784198170,8,"KEYED PROCESS, Parse->Train, _stream_key_by_map_operator",4,numRecordsInPerSecond,0.16666666666666666
1784198170,8,"KEYED PROCESS, Parse->Train, _stream_key_by_map_operator",4,backPressuredTimeMsPerSecond,507.0
1784198170,8,"KEYED PROCESS, Parse->Train, _stream_key_by_map_operator",5,busyTimeMsPerSecond,0.0
1784198170,8,"KEYED PROCESS, Parse->Train, _stream_key_by_map_operator",5,numRecordsOutPerSecond,0.0
1784198170,8,"KEYED PROCESS, Parse->Train, _stream_key_by_map_operator",5,idleTimeMsPerSecond,1000.0
1784198170,8,"KEYED PROCESS, Parse->Train, _stream_key_by_map_operator",5,numRecordsOut,0.0
1784198170,8,"KEYED PROCESS, Parse->Train, _stream_key_by_map_operator",5,numRecordsIn,0.0
1784198170,8,"KEYED PROCESS, Parse->Train, _stream_key_by_map_operator",5,numRecordsInPerSecond,0.0
1784198170,8,"KEYED PROCESS, Parse->Train, _stream_key_by_map_operator",5,backPressuredTimeMsPerSecond,0.0
1784198170,8,"KEYED PROCESS, Parse->Train, _stream_key_by_map_operator",6,busyTimeMsPerSecond,0.0
1784198170,8,"KEYED PROCESS, Parse->Train, _stream_key_by_map_operator",6,numRecordsOutPerSecond,0.0
1784198170,8,"KEYED PROCESS, Parse->Train, _stream_key_by_map_operator",6,idleTimeMsPerSecond,1000.0
1784198170,8,"KEYED PROCESS, Parse->Train, _stream_key_by_map_operator",6,numRecordsOut,0.0
1784198170,8,"KEYED PROCESS, Parse->Train, _stream_key_by_map_operator",6,numRecordsIn,0.0
1784198170,8,"KEYED PROCESS, Parse->Train, _stream_key_by_map_operator",6,numRecordsInPerSecond,0.0
1784198170,8,"KEYED PROCESS, Parse->Train, _stream_key_by_map_operator",6,backPressuredTimeMsPerSecond,0.0
1784198170,8,"KEYED PROCESS, Parse->Train, _stream_key_by_map_operator",7,busyTimeMsPerSecond,588.0
1784198170,8,"KEYED PROCESS, Parse->Train, _stream_key_by_map_operator",7,numRecordsOutPerSecond,0.16666666666666666
1784198170,8,"KEYED PROCESS, Parse->Train, _stream_key_by_map_operator",7,idleTimeMsPerSecond,0.0
1784198170,8,"KEYED PROCESS, Parse->Train, _stream_key_by_map_operator",7,numRecordsOut,156.0
1784198170,8,"KEYED PROCESS, Parse->Train, _stream_key_by_map_operator",7,numRecordsIn,157.0
1784198170,8,"KEYED PROCESS, Parse->Train, _stream_key_by_map_operator",7,numRecordsInPerSecond,0.16666666666666666
1784198170,8,"KEYED PROCESS, Parse->Train, _stream_key_by_map_operator",7,backPressuredTimeMsPerSecond,412.0
1784198170,8,"KEYED PROCESS, Train->Infer, _stream_key_by_map_operator",0,busyTimeMsPerSecond,493.0
1784198170,8,"KEYED PROCESS, Train->Infer, _stream_key_by_map_operator",0,numRecordsOutPerSecond,50.0
1784198170,8,"KEYED PROCESS, Train->Infer, _stream_key_by_map_operator",0,idleTimeMsPerSecond,507.0
1784198170,8,"KEYED PROCESS, Train->Infer, _stream_key_by_map_operator",0,numRecordsOut,41881.0
1784198170,8,"KEYED PROCESS, Train->Infer, _stream_key_by_map_operator",0,numRecordsIn,145.0
1784198170,8,"KEYED PROCESS, Train->Infer, _stream_key_by_map_operator",0,numRecordsInPerSecond,0.1
1784198170,8,"KEYED PROCESS, Train->Infer, _stream_key_by_map_operator",0,backPressuredTimeMsPerSecond,0.0
1784198170,8,"KEYED PROCESS, Train->Infer, _stream_key_by_map_operator",1,busyTimeMsPerSecond,762.0
1784198170,8,"KEYED PROCESS, Train->Infer, _stream_key_by_map_operator",1,numRecordsOutPerSecond,66.66666666666667
1784198170,8,"KEYED PROCESS, Train->Infer, _stream_key_by_map_operator",1,idleTimeMsPerSecond,116.0
1784198170,8,"KEYED PROCESS, Train->Infer, _stream_key_by_map_operator",1,numRecordsOut,39559.0
1784198170,8,"KEYED PROCESS, Train->Infer, _stream_key_by_map_operator",1,numRecordsIn,140.0
1784198170,8,"KEYED PROCESS, Train->Infer, _stream_key_by_map_operator",1,numRecordsInPerSecond,0.11666666666666667
1784198170,8,"KEYED PROCESS, Train->Infer, _stream_key_by_map_operator",1,backPressuredTimeMsPerSecond,122.0
1784198170,8,"KEYED PROCESS, Train->Infer, _stream_key_by_map_operator",2,busyTimeMsPerSecond,633.0
1784198170,8,"KEYED PROCESS, Train->Infer, _stream_key_by_map_operator",2,numRecordsOutPerSecond,58.333333333333336
1784198170,8,"KEYED PROCESS, Train->Infer, _stream_key_by_map_operator",2,idleTimeMsPerSecond,0.0
1784198170,8,"KEYED PROCESS, Train->Infer, _stream_key_by_map_operator",2,numRecordsOut,44515.0
1784198170,8,"KEYED PROCESS, Train->Infer, _stream_key_by_map_operator",2,numRecordsIn,104.0
1784198170,8,"KEYED PROCESS, Train->Infer, _stream_key_by_map_operator",2,numRecordsInPerSecond,0.1
1784198170,8,"KEYED PROCESS, Train->Infer, _stream_key_by_map_operator",2,backPressuredTimeMsPerSecond,367.0
1784198170,8,"KEYED PROCESS, Train->Infer, _stream_key_by_map_operator",3,busyTimeMsPerSecond,239.0
1784198170,8,"KEYED PROCESS, Train->Infer, _stream_key_by_map_operator",3,numRecordsOutPerSecond,25.0
1784198170,8,"KEYED PROCESS, Train->Infer, _stream_key_by_map_operator",3,idleTimeMsPerSecond,761.0
1784198170,8,"KEYED PROCESS, Train->Infer, _stream_key_by_map_operator",3,numRecordsOut,43000.0
1784198170,8,"KEYED PROCESS, Train->Infer, _stream_key_by_map_operator",3,numRecordsIn,87.0
1784198170,8,"KEYED PROCESS, Train->Infer, _stream_key_by_map_operator",3,numRecordsInPerSecond,0.06666666666666667
1784198170,8,"KEYED PROCESS, Train->Infer, _stream_key_by_map_operator",3,backPressuredTimeMsPerSecond,0.0
1784198170,8,"KEYED PROCESS, Train->Infer, _stream_key_by_map_operator",4,busyTimeMsPerSecond,232.0
1784198170,8,"KEYED PROCESS, Train->Infer, _stream_key_by_map_operator",4,numRecordsOutPerSecond,16.666666666666668
1784198170,8,"KEYED PROCESS, Train->Infer, _stream_key_by_map_operator",4,idleTimeMsPerSecond,768.0
1784198170,8,"KEYED PROCESS, Train->Infer, _stream_key_by_map_operator",4,numRecordsOut,30575.0
1784198170,8,"KEYED PROCESS, Train->Infer, _stream_key_by_map_operator",4,numRecordsIn,136.0
1784198170,8,"KEYED PROCESS, Train->Infer, _stream_key_by_map_operator",4,numRecordsInPerSecond,0.03333333333333333
1784198170,8,"KEYED PROCESS, Train->Infer, _stream_key_by_map_operator",4,backPressuredTimeMsPerSecond,0.0
1784198170,8,"KEYED PROCESS, Train->Infer, _stream_key_by_map_operator",5,busyTimeMsPerSecond,314.0
1784198170,8,"KEYED PROCESS, Train->Infer, _stream_key_by_map_operator",5,numRecordsOutPerSecond,33.333333333333336
1784198170,8,"KEYED PROCESS, Train->Infer, _stream_key_by_map_operator",5,idleTimeMsPerSecond,686.0
1784198170,8,"KEYED PROCESS, Train->Infer, _stream_key_by_map_operator",5,numRecordsOut,40500.0
1784198170,8,"KEYED PROCESS, Train->Infer, _stream_key_by_map_operator",5,numRecordsIn,81.0
1784198170,8,"KEYED PROCESS, Train->Infer, _stream_key_by_map_operator",5,numRecordsInPerSecond,0.05
1784198170,8,"KEYED PROCESS, Train->Infer, _stream_key_by_map_operator",5,backPressuredTimeMsPerSecond,0.0
1784198170,8,"KEYED PROCESS, Train->Infer, _stream_key_by_map_operator",6,busyTimeMsPerSecond,518.0
1784198170,8,"KEYED PROCESS, Train->Infer, _stream_key_by_map_operator",6,numRecordsOutPerSecond,58.333333333333336
1784198170,8,"KEYED PROCESS, Train->Infer, _stream_key_by_map_operator",6,idleTimeMsPerSecond,482.0
1784198170,8,"KEYED PROCESS, Train->Infer, _stream_key_by_map_operator",6,numRecordsOut,43000.0
1784198170,8,"KEYED PROCESS, Train->Infer, _stream_key_by_map_operator",6,numRecordsIn,87.0
1784198170,8,"KEYED PROCESS, Train->Infer, _stream_key_by_map_operator",6,numRecordsInPerSecond,0.11666666666666667
1784198170,8,"KEYED PROCESS, Train->Infer, _stream_key_by_map_operator",6,backPressuredTimeMsPerSecond,0.0
1784198170,8,"KEYED PROCESS, Train->Infer, _stream_key_by_map_operator",7,busyTimeMsPerSecond,622.0
1784198170,8,"KEYED PROCESS, Train->Infer, _stream_key_by_map_operator",7,numRecordsOutPerSecond,58.333333333333336
1784198170,8,"KEYED PROCESS, Train->Infer, _stream_key_by_map_operator",7,idleTimeMsPerSecond,125.0
1784198170,8,"KEYED PROCESS, Train->Infer, _stream_key_by_map_operator",7,numRecordsOut,41030.0
1784198170,8,"KEYED PROCESS, Train->Infer, _stream_key_by_map_operator",7,numRecordsIn,112.0
1784198170,8,"KEYED PROCESS, Train->Infer, _stream_key_by_map_operator",7,numRecordsInPerSecond,0.11666666666666667
1784198170,8,"KEYED PROCESS, Train->Infer, _stream_key_by_map_operator",7,backPressuredTimeMsPerSecond,253.0
1784198170,8,"Infer->Rank, Rank->Filter, Filter -> Sink: Writer -> Sink: Committer",0,busyTimeMsPerSecond,1000.0
1784198170,8,"Infer->Rank, Rank->Filter, Filter -> Sink: Writer -> Sink: Committer",0,numRecordsOutPerSecond,42.333333333333336
1784198170,8,"Infer->Rank, Rank->Filter, Filter -> Sink: Writer -> Sink: Committer",0,idleTimeMsPerSecond,0.0
1784198170,8,"Infer->Rank, Rank->Filter, Filter -> Sink: Writer -> Sink: Committer",0,numRecordsOut,35054.0
1784198170,8,"Infer->Rank, Rank->Filter, Filter -> Sink: Writer -> Sink: Committer",0,numRecordsIn,40130.0
1784198170,8,"Infer->Rank, Rank->Filter, Filter -> Sink: Writer -> Sink: Committer",0,numRecordsInPerSecond,58.666666666666664
1784198170,8,"Infer->Rank, Rank->Filter, Filter -> Sink: Writer -> Sink: Committer",0,backPressuredTimeMsPerSecond,0.0
1784198170,8,"Infer->Rank, Rank->Filter, Filter -> Sink: Writer -> Sink: Committer",1,busyTimeMsPerSecond,1000.0
1784198170,8,"Infer->Rank, Rank->Filter, Filter -> Sink: Writer -> Sink: Committer",1,numRecordsOutPerSecond,37.5
1784198170,8,"Infer->Rank, Rank->Filter, Filter -> Sink: Writer -> Sink: Committer",1,idleTimeMsPerSecond,0.0
1784198170,8,"Infer->Rank, Rank->Filter, Filter -> Sink: Writer -> Sink: Committer",1,numRecordsOut,32990.0
1784198170,8,"Infer->Rank, Rank->Filter, Filter -> Sink: Writer -> Sink: Committer",1,numRecordsIn,36697.0
1784198170,8,"Infer->Rank, Rank->Filter, Filter -> Sink: Writer -> Sink: Committer",1,numRecordsInPerSecond,46.78333333333333
1784198170,8,"Infer->Rank, Rank->Filter, Filter -> Sink: Writer -> Sink: Committer",1,backPressuredTimeMsPerSecond,0.0
1784198170,8,"Infer->Rank, Rank->Filter, Filter -> Sink: Writer -> Sink: Committer",2,busyTimeMsPerSecond,1000.0
1784198170,8,"Infer->Rank, Rank->Filter, Filter -> Sink: Writer -> Sink: Committer",2,numRecordsOutPerSecond,41.833333333333336
1784198170,8,"Infer->Rank, Rank->Filter, Filter -> Sink: Writer -> Sink: Committer",2,idleTimeMsPerSecond,0.0
1784198170,8,"Infer->Rank, Rank->Filter, Filter -> Sink: Writer -> Sink: Committer",2,numRecordsOut,35760.0
1784198170,8,"Infer->Rank, Rank->Filter, Filter -> Sink: Writer -> Sink: Committer",2,numRecordsIn,41277.0
1784198170,8,"Infer->Rank, Rank->Filter, Filter -> Sink: Writer -> Sink: Committer",2,numRecordsInPerSecond,50.15
1784198170,8,"Infer->Rank, Rank->Filter, Filter -> Sink: Writer -> Sink: Committer",2,backPressuredTimeMsPerSecond,0.0
1784198170,8,"Infer->Rank, Rank->Filter, Filter -> Sink: Writer -> Sink: Committer",3,busyTimeMsPerSecond,307.0
1784198170,8,"Infer->Rank, Rank->Filter, Filter -> Sink: Writer -> Sink: Committer",3,numRecordsOutPerSecond,24.333333333333332
1784198170,8,"Infer->Rank, Rank->Filter, Filter -> Sink: Writer -> Sink: Committer",3,idleTimeMsPerSecond,693.0
1784198170,8,"Infer->Rank, Rank->Filter, Filter -> Sink: Writer -> Sink: Committer",3,numRecordsOut,37180.0
1784198170,8,"Infer->Rank, Rank->Filter, Filter -> Sink: Writer -> Sink: Committer",3,numRecordsIn,42688.0
1784198170,8,"Infer->Rank, Rank->Filter, Filter -> Sink: Writer -> Sink: Committer",3,numRecordsInPerSecond,24.333333333333332
1784198170,8,"Infer->Rank, Rank->Filter, Filter -> Sink: Writer -> Sink: Committer",3,backPressuredTimeMsPerSecond,0.0
1784198170,8,"Infer->Rank, Rank->Filter, Filter -> Sink: Writer -> Sink: Committer",4,busyTimeMsPerSecond,591.0
1784198170,8,"Infer->Rank, Rank->Filter, Filter -> Sink: Writer -> Sink: Committer",4,numRecordsOutPerSecond,35.5
1784198170,8,"Infer->Rank, Rank->Filter, Filter -> Sink: Writer -> Sink: Committer",4,idleTimeMsPerSecond,409.0
1784198170,8,"Infer->Rank, Rank->Filter, Filter -> Sink: Writer -> Sink: Committer",4,numRecordsOut,28980.0
1784198170,8,"Infer->Rank, Rank->Filter, Filter -> Sink: Writer -> Sink: Committer",4,numRecordsIn,30575.0
1784198170,8,"Infer->Rank, Rank->Filter, Filter -> Sink: Writer -> Sink: Committer",4,numRecordsInPerSecond,35.483333333333334
1784198170,8,"Infer->Rank, Rank->Filter, Filter -> Sink: Writer -> Sink: Committer",4,backPressuredTimeMsPerSecond,0.0
1784198170,8,"Infer->Rank, Rank->Filter, Filter -> Sink: Writer -> Sink: Committer",5,busyTimeMsPerSecond,484.0
1784198170,8,"Infer->Rank, Rank->Filter, Filter -> Sink: Writer -> Sink: Committer",5,numRecordsOutPerSecond,36.666666666666664
1784198170,8,"Infer->Rank, Rank->Filter, Filter -> Sink: Writer -> Sink: Committer",5,idleTimeMsPerSecond,516.0
1784198170,8,"Infer->Rank, Rank->Filter, Filter -> Sink: Writer -> Sink: Committer",5,numRecordsOut,35820.0
1784198170,8,"Infer->Rank, Rank->Filter, Filter -> Sink: Writer -> Sink: Committer",5,numRecordsIn,40329.0
1784198170,8,"Infer->Rank, Rank->Filter, Filter -> Sink: Writer -> Sink: Committer",5,numRecordsInPerSecond,36.78333333333333
1784198170,8,"Infer->Rank, Rank->Filter, Filter -> Sink: Writer -> Sink: Committer",5,backPressuredTimeMsPerSecond,0.0
1784198170,8,"Infer->Rank, Rank->Filter, Filter -> Sink: Writer -> Sink: Committer",6,busyTimeMsPerSecond,751.0
1784198170,8,"Infer->Rank, Rank->Filter, Filter -> Sink: Writer -> Sink: Committer",6,numRecordsOutPerSecond,53.166666666666664
1784198170,8,"Infer->Rank, Rank->Filter, Filter -> Sink: Writer -> Sink: Committer",6,idleTimeMsPerSecond,249.0
1784198170,8,"Infer->Rank, Rank->Filter, Filter -> Sink: Writer -> Sink: Committer",6,numRecordsOut,37290.0
1784198170,8,"Infer->Rank, Rank->Filter, Filter -> Sink: Writer -> Sink: Committer",6,numRecordsIn,42798.0
1784198170,8,"Infer->Rank, Rank->Filter, Filter -> Sink: Writer -> Sink: Committer",6,numRecordsInPerSecond,61.483333333333334
1784198170,8,"Infer->Rank, Rank->Filter, Filter -> Sink: Writer -> Sink: Committer",6,backPressuredTimeMsPerSecond,0.0
1784198170,8,"Infer->Rank, Rank->Filter, Filter -> Sink: Writer -> Sink: Committer",7,busyTimeMsPerSecond,1000.0
1784198170,8,"Infer->Rank, Rank->Filter, Filter -> Sink: Writer -> Sink: Committer",7,numRecordsOutPerSecond,47.833333333333336
1784198170,8,"Infer->Rank, Rank->Filter, Filter -> Sink: Writer -> Sink: Committer",7,idleTimeMsPerSecond,0.0
1784198170,8,"Infer->Rank, Rank->Filter, Filter -> Sink: Writer -> Sink: Committer",7,numRecordsOut,36750.0
1784198170,8,"Infer->Rank, Rank->Filter, Filter -> Sink: Writer -> Sink: Committer",7,numRecordsIn,37792.0
1784198170,8,"Infer->Rank, Rank->Filter, Filter -> Sink: Writer -> Sink: Committer",7,numRecordsInPerSecond,47.95
1784198170,8,"Infer->Rank, Rank->Filter, Filter -> Sink: Writer -> Sink: Committer",7,backPressuredTimeMsPerSecond,0.0
1784198185,8,"Source: Source-data -> LoadJSON, Parse, _stream_key_by_map_operator",0,busyTimeMsPerSecond,0.0
1784198185,8,"Source: Source-data -> LoadJSON, Parse, _stream_key_by_map_operator",0,numRecordsOutPerSecond,0.0
1784198185,8,"Source: Source-data -> LoadJSON, Parse, _stream_key_by_map_operator",0,idleTimeMsPerSecond,1000.0
1784198185,8,"Source: Source-data -> LoadJSON, Parse, _stream_key_by_map_operator",0,numRecordsOut,6130.0
1784198185,8,"Source: Source-data -> LoadJSON, Parse, _stream_key_by_map_operator",0,numRecordsIn,6130.0
1784198185,8,"Source: Source-data -> LoadJSON, Parse, _stream_key_by_map_operator",0,numRecordsInPerSecond,0.0
1784198185,8,"Source: Source-data -> LoadJSON, Parse, _stream_key_by_map_operator",0,backPressuredTimeMsPerSecond,0.0
1784198185,8,"Source: Source-data -> LoadJSON, Parse, _stream_key_by_map_operator",1,busyTimeMsPerSecond,0.0
1784198185,8,"Source: Source-data -> LoadJSON, Parse, _stream_key_by_map_operator",1,numRecordsOutPerSecond,0.0
1784198185,8,"Source: Source-data -> LoadJSON, Parse, _stream_key_by_map_operator",1,idleTimeMsPerSecond,0.0
1784198185,8,"Source: Source-data -> LoadJSON, Parse, _stream_key_by_map_operator",1,numRecordsOut,6028.0
1784198185,8,"Source: Source-data -> LoadJSON, Parse, _stream_key_by_map_operator",1,numRecordsIn,6028.0
1784198185,8,"Source: Source-data -> LoadJSON, Parse, _stream_key_by_map_operator",1,numRecordsInPerSecond,0.0
1784198185,8,"Source: Source-data -> LoadJSON, Parse, _stream_key_by_map_operator",1,backPressuredTimeMsPerSecond,1000.0
1784198185,8,"Source: Source-data -> LoadJSON, Parse, _stream_key_by_map_operator",2,busyTimeMsPerSecond,0.0
1784198185,8,"Source: Source-data -> LoadJSON, Parse, _stream_key_by_map_operator",2,numRecordsOutPerSecond,0.0
1784198185,8,"Source: Source-data -> LoadJSON, Parse, _stream_key_by_map_operator",2,idleTimeMsPerSecond,0.0
1784198185,8,"Source: Source-data -> LoadJSON, Parse, _stream_key_by_map_operator",2,numRecordsOut,6234.0
1784198185,8,"Source: Source-data -> LoadJSON, Parse, _stream_key_by_map_operator",2,numRecordsIn,6234.0
1784198185,8,"Source: Source-data -> LoadJSON, Parse, _stream_key_by_map_operator",2,numRecordsInPerSecond,0.0
1784198185,8,"Source: Source-data -> LoadJSON, Parse, _stream_key_by_map_operator",2,backPressuredTimeMsPerSecond,1000.0
1784198185,8,"Source: Source-data -> LoadJSON, Parse, _stream_key_by_map_operator",3,busyTimeMsPerSecond,0.0
1784198185,8,"Source: Source-data -> LoadJSON, Parse, _stream_key_by_map_operator",3,numRecordsOutPerSecond,0.0
1784198185,8,"Source: Source-data -> LoadJSON, Parse, _stream_key_by_map_operator",3,idleTimeMsPerSecond,0.0
1784198185,8,"Source: Source-data -> LoadJSON, Parse, _stream_key_by_map_operator",3,numRecordsOut,6021.0
1784198185,8,"Source: Source-data -> LoadJSON, Parse, _stream_key_by_map_operator",3,numRecordsIn,6021.0
1784198185,8,"Source: Source-data -> LoadJSON, Parse, _stream_key_by_map_operator",3,numRecordsInPerSecond,0.0
1784198185,8,"Source: Source-data -> LoadJSON, Parse, _stream_key_by_map_operator",3,backPressuredTimeMsPerSecond,1000.0
1784198185,8,"Source: Source-data -> LoadJSON, Parse, _stream_key_by_map_operator",4,busyTimeMsPerSecond,0.0
1784198185,8,"Source: Source-data -> LoadJSON, Parse, _stream_key_by_map_operator",4,numRecordsOutPerSecond,0.0
1784198185,8,"Source: Source-data -> LoadJSON, Parse, _stream_key_by_map_operator",4,idleTimeMsPerSecond,0.0
1784198185,8,"Source: Source-data -> LoadJSON, Parse, _stream_key_by_map_operator",4,numRecordsOut,6068.0
1784198185,8,"Source: Source-data -> LoadJSON, Parse, _stream_key_by_map_operator",4,numRecordsIn,6068.0
1784198185,8,"Source: Source-data -> LoadJSON, Parse, _stream_key_by_map_operator",4,numRecordsInPerSecond,0.0
1784198185,8,"Source: Source-data -> LoadJSON, Parse, _stream_key_by_map_operator",4,backPressuredTimeMsPerSecond,1000.0
1784198185,8,"Source: Source-data -> LoadJSON, Parse, _stream_key_by_map_operator",5,busyTimeMsPerSecond,0.0
1784198185,8,"Source: Source-data -> LoadJSON, Parse, _stream_key_by_map_operator",5,numRecordsOutPerSecond,0.0
1784198185,8,"Source: Source-data -> LoadJSON, Parse, _stream_key_by_map_operator",5,idleTimeMsPerSecond,1000.0
1784198185,8,"Source: Source-data -> LoadJSON, Parse, _stream_key_by_map_operator",5,numRecordsOut,6100.0
1784198185,8,"Source: Source-data -> LoadJSON, Parse, _stream_key_by_map_operator",5,numRecordsIn,6100.0
1784198185,8,"Source: Source-data -> LoadJSON, Parse, _stream_key_by_map_operator",5,numRecordsInPerSecond,0.0
1784198185,8,"Source: Source-data -> LoadJSON, Parse, _stream_key_by_map_operator",5,backPressuredTimeMsPerSecond,0.0
1784198185,8,"Source: Source-data -> LoadJSON, Parse, _stream_key_by_map_operator",6,busyTimeMsPerSecond,0.0
1784198185,8,"Source: Source-data -> LoadJSON, Parse, _stream_key_by_map_operator",6,numRecordsOutPerSecond,0.0
1784198185,8,"Source: Source-data -> LoadJSON, Parse, _stream_key_by_map_operator",6,idleTimeMsPerSecond,0.0
1784198185,8,"Source: Source-data -> LoadJSON, Parse, _stream_key_by_map_operator",6,numRecordsOut,6065.0
1784198185,8,"Source: Source-data -> LoadJSON, Parse, _stream_key_by_map_operator",6,numRecordsIn,6065.0
1784198185,8,"Source: Source-data -> LoadJSON, Parse, _stream_key_by_map_operator",6,numRecordsInPerSecond,0.0
1784198185,8,"Source: Source-data -> LoadJSON, Parse, _stream_key_by_map_operator",6,backPressuredTimeMsPerSecond,1000.0
1784198185,8,"Source: Source-data -> LoadJSON, Parse, _stream_key_by_map_operator",7,busyTimeMsPerSecond,10.0
1784198185,8,"Source: Source-data -> LoadJSON, Parse, _stream_key_by_map_operator",7,numRecordsOutPerSecond,0.016666666666666666
1784198185,8,"Source: Source-data -> LoadJSON, Parse, _stream_key_by_map_operator",7,idleTimeMsPerSecond,990.0
1784198185,8,"Source: Source-data -> LoadJSON, Parse, _stream_key_by_map_operator",7,numRecordsOut,5971.0
1784198185,8,"Source: Source-data -> LoadJSON, Parse, _stream_key_by_map_operator",7,numRecordsIn,5971.0
1784198185,8,"Source: Source-data -> LoadJSON, Parse, _stream_key_by_map_operator",7,numRecordsInPerSecond,0.016666666666666666
1784198185,8,"Source: Source-data -> LoadJSON, Parse, _stream_key_by_map_operator",7,backPressuredTimeMsPerSecond,0.0
1784198185,8,"KEYED PROCESS, Parse->Train, _stream_key_by_map_operator",0,busyTimeMsPerSecond,370.0
1784198185,8,"KEYED PROCESS, Parse->Train, _stream_key_by_map_operator",0,numRecordsOutPerSecond,0.11666666666666667
1784198185,8,"KEYED PROCESS, Parse->Train, _stream_key_by_map_operator",0,idleTimeMsPerSecond,0.0
1784198185,8,"KEYED PROCESS, Parse->Train, _stream_key_by_map_operator",0,numRecordsOut,185.0
1784198185,8,"KEYED PROCESS, Parse->Train, _stream_key_by_map_operator",0,numRecordsIn,186.0
1784198185,8,"KEYED PROCESS, Parse->Train, _stream_key_by_map_operator",0,numRecordsInPerSecond,0.11666666666666667
1784198185,8,"KEYED PROCESS, Parse->Train, _stream_key_by_map_operator",0,backPressuredTimeMsPerSecond,630.0
1784198185,8,"KEYED PROCESS, Parse->Train, _stream_key_by_map_operator",1,busyTimeMsPerSecond,468.0
1784198185,8,"KEYED PROCESS, Parse->Train, _stream_key_by_map_operator",1,numRecordsOutPerSecond,0.15
1784198185,8,"KEYED PROCESS, Parse->Train, _stream_key_by_map_operator",1,idleTimeMsPerSecond,0.0
1784198185,8,"KEYED PROCESS, Parse->Train, _stream_key_by_map_operator",1,numRecordsOut,191.0
1784198185,8,"KEYED PROCESS, Parse->Train, _stream_key_by_map_operator",1,numRecordsIn,192.0
1784198185,8,"KEYED PROCESS, Parse->Train, _stream_key_by_map_operator",1,numRecordsInPerSecond,0.15
1784198185,8,"KEYED PROCESS, Parse->Train, _stream_key_by_map_operator",1,backPressuredTimeMsPerSecond,532.0
1784198185,8,"KEYED PROCESS, Parse->Train, _stream_key_by_map_operator",2,busyTimeMsPerSecond,501.0
1784198185,8,"KEYED PROCESS, Parse->Train, _stream_key_by_map_operator",2,numRecordsOutPerSecond,0.13333333333333333
1784198185,8,"KEYED PROCESS, Parse->Train, _stream_key_by_map_operator",2,idleTimeMsPerSecond,0.0
1784198185,8,"KEYED PROCESS, Parse->Train, _stream_key_by_map_operator",2,numRecordsOut,147.0
1784198185,8,"KEYED PROCESS, Parse->Train, _stream_key_by_map_operator",2,numRecordsIn,148.0
1784198185,8,"KEYED PROCESS, Parse->Train, _stream_key_by_map_operator",2,numRecordsInPerSecond,0.13333333333333333
1784198185,8,"KEYED PROCESS, Parse->Train, _stream_key_by_map_operator",2,backPressuredTimeMsPerSecond,499.0
1784198185,8,"KEYED PROCESS, Parse->Train, _stream_key_by_map_operator",3,busyTimeMsPerSecond,0.0
1784198185,8,"KEYED PROCESS, Parse->Train, _stream_key_by_map_operator",3,numRecordsOutPerSecond,0.0
1784198185,8,"KEYED PROCESS, Parse->Train, _stream_key_by_map_operator",3,idleTimeMsPerSecond,1000.0
1784198185,8,"KEYED PROCESS, Parse->Train, _stream_key_by_map_operator",3,numRecordsOut,0.0
1784198185,8,"KEYED PROCESS, Parse->Train, _stream_key_by_map_operator",3,numRecordsIn,0.0
1784198185,8,"KEYED PROCESS, Parse->Train, _stream_key_by_map_operator",3,numRecordsInPerSecond,0.0
1784198185,8,"KEYED PROCESS, Parse->Train, _stream_key_by_map_operator",3,backPressuredTimeMsPerSecond,0.0
1784198185,8,"KEYED PROCESS, Parse->Train, _stream_key_by_map_operator",4,busyTimeMsPerSecond,620.0
1784198185,8,"KEYED PROCESS, Parse->Train, _stream_key_by_map_operator",4,numRecordsOutPerSecond,0.21666666666666667
1784198185,8,"KEYED PROCESS, Parse->Train, _stream_key_by_map_operator",4,idleTimeMsPerSecond,0.0
1784198185,8,"KEYED PROCESS, Parse->Train, _stream_key_by_map_operator",4,numRecordsOut,217.0
1784198185,8,"KEYED PROCESS, Parse->Train, _stream_key_by_map_operator",4,numRecordsIn,218.0
1784198185,8,"KEYED PROCESS, Parse->Train, _stream_key_by_map_operator",4,numRecordsInPerSecond,0.21666666666666667
1784198185,8,"KEYED PROCESS, Parse->Train, _stream_key_by_map_operator",4,backPressuredTimeMsPerSecond,380.0
1784198185,8,"KEYED PROCESS, Parse->Train, _stream_key_by_map_operator",5,busyTimeMsPerSecond,0.0
1784198185,8,"KEYED PROCESS, Parse->Train, _stream_key_by_map_operator",5,numRecordsOutPerSecond,0.0
1784198185,8,"KEYED PROCESS, Parse->Train, _stream_key_by_map_operator",5,idleTimeMsPerSecond,1000.0
1784198185,8,"KEYED PROCESS, Parse->Train, _stream_key_by_map_operator",5,numRecordsOut,0.0
1784198185,8,"KEYED PROCESS, Parse->Train, _stream_key_by_map_operator",5,numRecordsIn,0.0
1784198185,8,"KEYED PROCESS, Parse->Train, _stream_key_by_map_operator",5,numRecordsInPerSecond,0.0
1784198185,8,"KEYED PROCESS, Parse->Train, _stream_key_by_map_operator",5,backPressuredTimeMsPerSecond,0.0
1784198185,8,"KEYED PROCESS, Parse->Train, _stream_key_by_map_operator",6,busyTimeMsPerSecond,0.0
1784198185,8,"KEYED PROCESS, Parse->Train, _stream_key_by_map_operator",6,numRecordsOutPerSecond,0.0
1784198185,8,"KEYED PROCESS, Parse->Train, _stream_key_by_map_operator",6,idleTimeMsPerSecond,1000.0
1784198185,8,"KEYED PROCESS, Parse->Train, _stream_key_by_map_operator",6,numRecordsOut,0.0
1784198185,8,"KEYED PROCESS, Parse->Train, _stream_key_by_map_operator",6,numRecordsIn,0.0
1784198185,8,"KEYED PROCESS, Parse->Train, _stream_key_by_map_operator",6,numRecordsInPerSecond,0.0
1784198185,8,"KEYED PROCESS, Parse->Train, _stream_key_by_map_operator",6,backPressuredTimeMsPerSecond,0.0
1784198185,8,"KEYED PROCESS, Parse->Train, _stream_key_by_map_operator",7,busyTimeMsPerSecond,588.0
1784198185,8,"KEYED PROCESS, Parse->Train, _stream_key_by_map_operator",7,numRecordsOutPerSecond,0.15
1784198185,8,"KEYED PROCESS, Parse->Train, _stream_key_by_map_operator",7,idleTimeMsPerSecond,0.0
1784198185,8,"KEYED PROCESS, Parse->Train, _stream_key_by_map_operator",7,numRecordsOut,158.0
1784198185,8,"KEYED PROCESS, Parse->Train, _stream_key_by_map_operator",7,numRecordsIn,159.0
1784198185,8,"KEYED PROCESS, Parse->Train, _stream_key_by_map_operator",7,numRecordsInPerSecond,0.15
1784198185,8,"KEYED PROCESS, Parse->Train, _stream_key_by_map_operator",7,backPressuredTimeMsPerSecond,412.0
1784198185,8,"KEYED PROCESS, Train->Infer, _stream_key_by_map_operator",0,busyTimeMsPerSecond,643.0
1784198185,8,"KEYED PROCESS, Train->Infer, _stream_key_by_map_operator",0,numRecordsOutPerSecond,66.66666666666667
1784198185,8,"KEYED PROCESS, Train->Infer, _stream_key_by_map_operator",0,idleTimeMsPerSecond,357.0
1784198185,8,"KEYED PROCESS, Train->Infer, _stream_key_by_map_operator",0,numRecordsOut,42881.0
1784198185,8,"KEYED PROCESS, Train->Infer, _stream_key_by_map_operator",0,numRecordsIn,146.0
1784198185,8,"KEYED PROCESS, Train->Infer, _stream_key_by_map_operator",0,numRecordsInPerSecond,0.13333333333333333
1784198185,8,"KEYED PROCESS, Train->Infer, _stream_key_by_map_operator",0,backPressuredTimeMsPerSecond,0.0
1784198185,8,"KEYED PROCESS, Train->Infer, _stream_key_by_map_operator",1,busyTimeMsPerSecond,627.0
1784198185,8,"KEYED PROCESS, Train->Infer, _stream_key_by_map_operator",1,numRecordsOutPerSecond,50.0
1784198185,8,"KEYED PROCESS, Train->Infer, _stream_key_by_map_operator",1,idleTimeMsPerSecond,204.0
1784198185,8,"KEYED PROCESS, Train->Infer, _stream_key_by_map_operator",1,numRecordsOut,40059.0
1784198185,8,"KEYED PROCESS, Train->Infer, _stream_key_by_map_operator",1,numRecordsIn,140.0
1784198185,8,"KEYED PROCESS, Train->Infer, _stream_key_by_map_operator",1,numRecordsInPerSecond,0.08333333333333333
1784198185,8,"KEYED PROCESS, Train->Infer, _stream_key_by_map_operator",1,backPressuredTimeMsPerSecond,169.0
1784198185,8,"KEYED PROCESS, Train->Infer, _stream_key_by_map_operator",2,busyTimeMsPerSecond,660.0
1784198185,8,"KEYED PROCESS, Train->Infer, _stream_key_by_map_operator",2,numRecordsOutPerSecond,66.66666666666667
1784198185,8,"KEYED PROCESS, Train->Infer, _stream_key_by_map_operator",2,idleTimeMsPerSecond,0.0
1784198185,8,"KEYED PROCESS, Train->Infer, _stream_key_by_map_operator",2,numRecordsOut,45515.0
1784198185,8,"KEYED PROCESS, Train->Infer, _stream_key_by_map_operator",2,numRecordsIn,107.0
1784198185,8,"KEYED PROCESS, Train->Infer, _stream_key_by_map_operator",2,numRecordsInPerSecond,0.11666666666666667
1784198185,8,"KEYED PROCESS, Train->Infer, _stream_key_by_map_operator",2,backPressuredTimeMsPerSecond,340.0
1784198185,8,"KEYED PROCESS, Train->Infer, _stream_key_by_map_operator",3,busyTimeMsPerSecond,302.0
1784198185,8,"KEYED PROCESS, Train->Infer, _stream_key_by_map_operator",3,numRecordsOutPerSecond,33.333333333333336
1784198185,8,"KEYED PROCESS, Train->Infer, _stream_key_by_map_operator",3,idleTimeMsPerSecond,698.0
1784198185,8,"KEYED PROCESS, Train->Infer, _stream_key_by_map_operator",3,numRecordsOut,44500.0
1784198185,8,"KEYED PROCESS, Train->Infer, _stream_key_by_map_operator",3,numRecordsIn,89.0
1784198185,8,"KEYED PROCESS, Train->Infer, _stream_key_by_map_operator",3,numRecordsInPerSecond,0.06666666666666667
1784198185,8,"KEYED PROCESS, Train->Infer, _stream_key_by_map_operator",3,backPressuredTimeMsPerSecond,0.0
1784198185,8,"KEYED PROCESS, Train->Infer, _stream_key_by_map_operator",4,busyTimeMsPerSecond,232.0
1784198185,8,"KEYED PROCESS, Train->Infer, _stream_key_by_map_operator",4,numRecordsOutPerSecond,16.666666666666668
1784198185,8,"KEYED PROCESS, Train->Infer, _stream_key_by_map_operator",4,idleTimeMsPerSecond,768.0
1784198185,8,"KEYED PROCESS, Train->Infer, _stream_key_by_map_operator",4,numRecordsOut,30575.0
1784198185,8,"KEYED PROCESS, Train->Infer, _stream_key_by_map_operator",4,numRecordsIn,136.0
1784198185,8,"KEYED PROCESS, Train->Infer, _stream_key_by_map_operator",4,numRecordsInPerSecond,0.03333333333333333
1784198185,8,"KEYED PROCESS, Train->Infer, _stream_key_by_map_operator",4,backPressuredTimeMsPerSecond,0.0
1784198185,8,"KEYED PROCESS, Train->Infer, _stream_key_by_map_operator",5,busyTimeMsPerSecond,238.0
1784198185,8,"KEYED PROCESS, Train->Infer, _stream_key_by_map_operator",5,numRecordsOutPerSecond,25.0
1784198185,8,"KEYED PROCESS, Train->Infer, _stream_key_by_map_operator",5,idleTimeMsPerSecond,762.0
1784198185,8,"KEYED PROCESS, Train->Infer, _stream_key_by_map_operator",5,numRecordsOut,41000.0
1784198185,8,"KEYED PROCESS, Train->Infer, _stream_key_by_map_operator",5,numRecordsIn,82.0
1784198185,8,"KEYED PROCESS, Train->Infer, _stream_key_by_map_operator",5,numRecordsInPerSecond,0.05
1784198185,8,"KEYED PROCESS, Train->Infer, _stream_key_by_map_operator",5,backPressuredTimeMsPerSecond,0.0
1784198185,8,"KEYED PROCESS, Train->Infer, _stream_key_by_map_operator",6,busyTimeMsPerSecond,642.0
1784198185,8,"KEYED PROCESS, Train->Infer, _stream_key_by_map_operator",6,numRecordsOutPerSecond,66.66666666666667
1784198185,8,"KEYED PROCESS, Train->Infer, _stream_key_by_map_operator",6,idleTimeMsPerSecond,358.0
1784198185,8,"KEYED PROCESS, Train->Infer, _stream_key_by_map_operator",6,numRecordsOut,44000.0
1784198185,8,"KEYED PROCESS, Train->Infer, _stream_key_by_map_operator",6,numRecordsIn,89.0
1784198185,8,"KEYED PROCESS, Train->Infer, _stream_key_by_map_operator",6,numRecordsInPerSecond,0.15
1784198185,8,"KEYED PROCESS, Train->Infer, _stream_key_by_map_operator",6,backPressuredTimeMsPerSecond,0.0
1784198185,8,"KEYED PROCESS, Train->Infer, _stream_key_by_map_operator",7,busyTimeMsPerSecond,618.0
1784198185,8,"KEYED PROCESS, Train->Infer, _stream_key_by_map_operator",7,numRecordsOutPerSecond,58.333333333333336
1784198185,8,"KEYED PROCESS, Train->Infer, _stream_key_by_map_operator",7,idleTimeMsPerSecond,0.0
1784198185,8,"KEYED PROCESS, Train->Infer, _stream_key_by_map_operator",7,numRecordsOut,41530.0
1784198185,8,"KEYED PROCESS, Train->Infer, _stream_key_by_map_operator",7,numRecordsIn,114.0
1784198185,8,"KEYED PROCESS, Train->Infer, _stream_key_by_map_operator",7,numRecordsInPerSecond,0.1
1784198185,8,"KEYED PROCESS, Train->Infer, _stream_key_by_map_operator",7,backPressuredTimeMsPerSecond,382.0
1784198185,8,"Infer->Rank, Rank->Filter, Filter -> Sink: Writer -> Sink: Committer",0,busyTimeMsPerSecond,1000.0
1784198185,8,"Infer->Rank, Rank->Filter, Filter -> Sink: Writer -> Sink: Committer",0,numRecordsOutPerSecond,29.833333333333332
1784198185,8,"Infer->Rank, Rank->Filter, Filter -> Sink: Writer -> Sink: Committer",0,idleTimeMsPerSecond,0.0
1784198185,8,"Infer->Rank, Rank->Filter, Filter -> Sink: Writer -> Sink: Committer",0,numRecordsOut,35494.0
1784198185,8,"Infer->Rank, Rank->Filter, Filter -> Sink: Writer -> Sink: Committer",0,numRecordsIn,41065.0
1784198185,8,"Infer->Rank, Rank->Filter, Filter -> Sink: Writer -> Sink: Committer",0,numRecordsInPerSecond,54.95
1784198185,8,"Infer->Rank, Rank->Filter, Filter -> Sink: Writer -> Sink: Committer",0,backPressuredTimeMsPerSecond,0.0
1784198185,8,"Infer->Rank, Rank->Filter, Filter -> Sink: Writer -> Sink: Committer",1,busyTimeMsPerSecond,1000.0
1784198185,8,"Infer->Rank, Rank->Filter, Filter -> Sink: Writer -> Sink: Committer",1,numRecordsOutPerSecond,38.666666666666664
1784198185,8,"Infer->Rank, Rank->Filter, Filter -> Sink: Writer -> Sink: Committer",1,idleTimeMsPerSecond,0.0
1784198185,8,"Infer->Rank, Rank->Filter, Filter -> Sink: Writer -> Sink: Committer",1,numRecordsOut,33520.0
1784198185,8,"Infer->Rank, Rank->Filter, Filter -> Sink: Writer -> Sink: Committer",1,numRecordsIn,37596.0
1784198185,8,"Infer->Rank, Rank->Filter, Filter -> Sink: Writer -> Sink: Committer",1,numRecordsInPerSecond,52.86666666666667
1784198185,8,"Infer->Rank, Rank->Filter, Filter -> Sink: Writer -> Sink: Committer",1,backPressuredTimeMsPerSecond,0.0
1784198185,8,"Infer->Rank, Rank->Filter, Filter -> Sink: Writer -> Sink: Committer",2,busyTimeMsPerSecond,1000.0
1784198185,8,"Infer->Rank, Rank->Filter, Filter -> Sink: Writer -> Sink: Committer",2,numRecordsOutPerSecond,49.0
1784198185,8,"Infer->Rank, Rank->Filter, Filter -> Sink: Writer -> Sink: Committer",2,idleTimeMsPerSecond,0.0
1784198185,8,"Infer->Rank, Rank->Filter, Filter -> Sink: Writer -> Sink: Committer",2,numRecordsOut,36230.0
1784198185,8,"Infer->Rank, Rank->Filter, Filter -> Sink: Writer -> Sink: Committer",2,numRecordsIn,42250.0
1784198185,8,"Infer->Rank, Rank->Filter, Filter -> Sink: Writer -> Sink: Committer",2,numRecordsInPerSecond,57.38333333333333
1784198185,8,"Infer->Rank, Rank->Filter, Filter -> Sink: Writer -> Sink: Committer",2,backPressuredTimeMsPerSecond,0.0
1784198185,8,"Infer->Rank, Rank->Filter, Filter -> Sink: Writer -> Sink: Committer",3,busyTimeMsPerSecond,354.0
1784198185,8,"Infer->Rank, Rank->Filter, Filter -> Sink: Writer -> Sink: Committer",3,numRecordsOutPerSecond,22.166666666666668
1784198185,8,"Infer->Rank, Rank->Filter, Filter -> Sink: Writer -> Sink: Committer",3,idleTimeMsPerSecond,646.0
1784198185,8,"Infer->Rank, Rank->Filter, Filter -> Sink: Writer -> Sink: Committer",3,numRecordsOut,38000.0
1784198185,8,"Infer->Rank, Rank->Filter, Filter -> Sink: Writer -> Sink: Committer",3,numRecordsIn,43754.0
1784198185,8,"Infer->Rank, Rank->Filter, Filter -> Sink: Writer -> Sink: Committer",3,numRecordsInPerSecond,22.216666666666665
1784198185,8,"Infer->Rank, Rank->Filter, Filter -> Sink: Writer -> Sink: Committer",3,backPressuredTimeMsPerSecond,0.0
1784198185,8,"Infer->Rank, Rank->Filter, Filter -> Sink: Writer -> Sink: Committer",4,busyTimeMsPerSecond,403.0
1784198185,8,"Infer->Rank, Rank->Filter, Filter -> Sink: Writer -> Sink: Committer",4,numRecordsOutPerSecond,16.666666666666668
1784198185,8,"Infer->Rank, Rank->Filter, Filter -> Sink: Writer -> Sink: Committer",4,idleTimeMsPerSecond,597.0
1784198185,8,"Infer->Rank, Rank->Filter, Filter -> Sink: Writer -> Sink: Committer",4,numRecordsOut,28980.0
1784198185,8,"Infer->Rank, Rank->Filter, Filter -> Sink: Writer -> Sink: Committer",4,numRecordsIn,30575.0
1784198185,8,"Infer->Rank, Rank->Filter, Filter -> Sink: Writer -> Sink: Committer",4,numRecordsInPerSecond,16.666666666666668
1784198185,8,"Infer->Rank, Rank->Filter, Filter -> Sink: Writer -> Sink: Committer",4,backPressuredTimeMsPerSecond,0.0
1784198185,8,"Infer->Rank, Rank->Filter, Filter -> Sink: Writer -> Sink: Committer",5,busyTimeMsPerSecond,310.0
1784198185,8,"Infer->Rank, Rank->Filter, Filter -> Sink: Writer -> Sink: Committer",5,numRecordsOutPerSecond,27.333333333333332
1784198185,8,"Infer->Rank, Rank->Filter, Filter -> Sink: Writer -> Sink: Committer",5,idleTimeMsPerSecond,690.0
1784198185,8,"Infer->Rank, Rank->Filter, Filter -> Sink: Writer -> Sink: Committer",5,numRecordsOut,36380.0
1784198185,8,"Infer->Rank, Rank->Filter, Filter -> Sink: Writer -> Sink: Committer",5,numRecordsIn,40885.0
1784198185,8,"Infer->Rank, Rank->Filter, Filter -> Sink: Writer -> Sink: Committer",5,numRecordsInPerSecond,27.3
1784198185,8,"Infer->Rank, Rank->Filter, Filter -> Sink: Writer -> Sink: Committer",5,backPressuredTimeMsPerSecond,0.0
1784198185,8,"Infer->Rank, Rank->Filter, Filter -> Sink: Writer -> Sink: Committer",6,busyTimeMsPerSecond,773.0
1784198185,8,"Infer->Rank, Rank->Filter, Filter -> Sink: Writer -> Sink: Committer",6,numRecordsOutPerSecond,48.833333333333336
1784198185,8,"Infer->Rank, Rank->Filter, Filter -> Sink: Writer -> Sink: Committer",6,idleTimeMsPerSecond,227.0
1784198185,8,"Infer->Rank, Rank->Filter, Filter -> Sink: Writer -> Sink: Committer",6,numRecordsOut,38070.0
1784198185,8,"Infer->Rank, Rank->Filter, Filter -> Sink: Writer -> Sink: Committer",6,numRecordsIn,43576.0
1784198185,8,"Infer->Rank, Rank->Filter, Filter -> Sink: Writer -> Sink: Committer",6,numRecordsInPerSecond,57.28333333333333
1784198185,8,"Infer->Rank, Rank->Filter, Filter -> Sink: Writer -> Sink: Committer",6,backPressuredTimeMsPerSecond,0.0
1784198185,8,"Infer->Rank, Rank->Filter, Filter -> Sink: Writer -> Sink: Committer",7,busyTimeMsPerSecond,1000.0
1784198185,8,"Infer->Rank, Rank->Filter, Filter -> Sink: Writer -> Sink: Committer",7,numRecordsOutPerSecond,41.666666666666664
1784198185,8,"Infer->Rank, Rank->Filter, Filter -> Sink: Writer -> Sink: Committer",7,idleTimeMsPerSecond,0.0
1784198185,8,"Infer->Rank, Rank->Filter, Filter -> Sink: Writer -> Sink: Committer",7,numRecordsOut,37070.0
1784198185,8,"Infer->Rank, Rank->Filter, Filter -> Sink: Writer -> Sink: Committer",7,numRecordsIn,38611.0
1784198185,8,"Infer->Rank, Rank->Filter, Filter -> Sink: Writer -> Sink: Committer",7,numRecordsInPerSecond,48.266666666666666
1784198185,8,"Infer->Rank, Rank->Filter, Filter -> Sink: Writer -> Sink: Committer",7,backPressuredTimeMsPerSecond,0.0
1784198200,8,"Source: Source-data -> LoadJSON, Parse, _stream_key_by_map_operator",0,busyTimeMsPerSecond,3.0
1784198200,8,"Source: Source-data -> LoadJSON, Parse, _stream_key_by_map_operator",0,numRecordsOutPerSecond,0.016666666666666666
1784198200,8,"Source: Source-data -> LoadJSON, Parse, _stream_key_by_map_operator",0,idleTimeMsPerSecond,997.0
1784198200,8,"Source: Source-data -> LoadJSON, Parse, _stream_key_by_map_operator",0,numRecordsOut,6131.0
1784198200,8,"Source: Source-data -> LoadJSON, Parse, _stream_key_by_map_operator",0,numRecordsIn,6131.0
1784198200,8,"Source: Source-data -> LoadJSON, Parse, _stream_key_by_map_operator",0,numRecordsInPerSecond,0.016666666666666666
1784198200,8,"Source: Source-data -> LoadJSON, Parse, _stream_key_by_map_operator",0,backPressuredTimeMsPerSecond,0.0
1784198200,8,"Source: Source-data -> LoadJSON, Parse, _stream_key_by_map_operator",1,busyTimeMsPerSecond,0.0
1784198200,8,"Source: Source-data -> LoadJSON, Parse, _stream_key_by_map_operator",1,numRecordsOutPerSecond,0.0
1784198200,8,"Source: Source-data -> LoadJSON, Parse, _stream_key_by_map_operator",1,idleTimeMsPerSecond,0.0
1784198200,8,"Source: Source-data -> LoadJSON, Parse, _stream_key_by_map_operator",1,numRecordsOut,6028.0
1784198200,8,"Source: Source-data -> LoadJSON, Parse, _stream_key_by_map_operator",1,numRecordsIn,6028.0
1784198200,8,"Source: Source-data -> LoadJSON, Parse, _stream_key_by_map_operator",1,numRecordsInPerSecond,0.0
1784198200,8,"Source: Source-data -> LoadJSON, Parse, _stream_key_by_map_operator",1,backPressuredTimeMsPerSecond,1000.0
1784198200,8,"Source: Source-data -> LoadJSON, Parse, _stream_key_by_map_operator",2,busyTimeMsPerSecond,0.0
1784198200,8,"Source: Source-data -> LoadJSON, Parse, _stream_key_by_map_operator",2,numRecordsOutPerSecond,0.0
1784198200,8,"Source: Source-data -> LoadJSON, Parse, _stream_key_by_map_operator",2,idleTimeMsPerSecond,0.0
1784198200,8,"Source: Source-data -> LoadJSON, Parse, _stream_key_by_map_operator",2,numRecordsOut,6234.0
1784198200,8,"Source: Source-data -> LoadJSON, Parse, _stream_key_by_map_operator",2,numRecordsIn,6234.0
1784198200,8,"Source: Source-data -> LoadJSON, Parse, _stream_key_by_map_operator",2,numRecordsInPerSecond,0.0
1784198200,8,"Source: Source-data -> LoadJSON, Parse, _stream_key_by_map_operator",2,backPressuredTimeMsPerSecond,1000.0
1784198200,8,"Source: Source-data -> LoadJSON, Parse, _stream_key_by_map_operator",3,busyTimeMsPerSecond,0.0
1784198200,8,"Source: Source-data -> LoadJSON, Parse, _stream_key_by_map_operator",3,numRecordsOutPerSecond,0.0
1784198200,8,"Source: Source-data -> LoadJSON, Parse, _stream_key_by_map_operator",3,idleTimeMsPerSecond,0.0
1784198200,8,"Source: Source-data -> LoadJSON, Parse, _stream_key_by_map_operator",3,numRecordsOut,6021.0
1784198200,8,"Source: Source-data -> LoadJSON, Parse, _stream_key_by_map_operator",3,numRecordsIn,6021.0
1784198200,8,"Source: Source-data -> LoadJSON, Parse, _stream_key_by_map_operator",3,numRecordsInPerSecond,0.0
1784198200,8,"Source: Source-data -> LoadJSON, Parse, _stream_key_by_map_operator",3,backPressuredTimeMsPerSecond,1000.0
1784198200,8,"Source: Source-data -> LoadJSON, Parse, _stream_key_by_map_operator",4,busyTimeMsPerSecond,0.0
1784198200,8,"Source: Source-data -> LoadJSON, Parse, _stream_key_by_map_operator",4,numRecordsOutPerSecond,0.0
1784198200,8,"Source: Source-data -> LoadJSON, Parse, _stream_key_by_map_operator",4,idleTimeMsPerSecond,0.0
1784198200,8,"Source: Source-data -> LoadJSON, Parse, _stream_key_by_map_operator",4,numRecordsOut,6068.0
1784198200,8,"Source: Source-data -> LoadJSON, Parse, _stream_key_by_map_operator",4,numRecordsIn,6068.0
1784198200,8,"Source: Source-data -> LoadJSON, Parse, _stream_key_by_map_operator",4,numRecordsInPerSecond,0.0
1784198200,8,"Source: Source-data -> LoadJSON, Parse, _stream_key_by_map_operator",4,backPressuredTimeMsPerSecond,1000.0
1784198200,8,"Source: Source-data -> LoadJSON, Parse, _stream_key_by_map_operator",5,busyTimeMsPerSecond,0.0
1784198200,8,"Source: Source-data -> LoadJSON, Parse, _stream_key_by_map_operator",5,numRecordsOutPerSecond,0.0
1784198200,8,"Source: Source-data -> LoadJSON, Parse, _stream_key_by_map_operator",5,idleTimeMsPerSecond,1000.0
1784198200,8,"Source: Source-data -> LoadJSON, Parse, _stream_key_by_map_operator",5,numRecordsOut,6100.0
1784198200,8,"Source: Source-data -> LoadJSON, Parse, _stream_key_by_map_operator",5,numRecordsIn,6100.0
1784198200,8,"Source: Source-data -> LoadJSON, Parse, _stream_key_by_map_operator",5,numRecordsInPerSecond,0.0
1784198200,8,"Source: Source-data -> LoadJSON, Parse, _stream_key_by_map_operator",5,backPressuredTimeMsPerSecond,0.0
1784198200,8,"Source: Source-data -> LoadJSON, Parse, _stream_key_by_map_operator",6,busyTimeMsPerSecond,0.0
1784198200,8,"Source: Source-data -> LoadJSON, Parse, _stream_key_by_map_operator",6,numRecordsOutPerSecond,0.0
1784198200,8,"Source: Source-data -> LoadJSON, Parse, _stream_key_by_map_operator",6,idleTimeMsPerSecond,0.0
1784198200,8,"Source: Source-data -> LoadJSON, Parse, _stream_key_by_map_operator",6,numRecordsOut,6065.0
1784198200,8,"Source: Source-data -> LoadJSON, Parse, _stream_key_by_map_operator",6,numRecordsIn,6065.0
1784198200,8,"Source: Source-data -> LoadJSON, Parse, _stream_key_by_map_operator",6,numRecordsInPerSecond,0.0
1784198200,8,"Source: Source-data -> LoadJSON, Parse, _stream_key_by_map_operator",6,backPressuredTimeMsPerSecond,1000.0
1784198200,8,"Source: Source-data -> LoadJSON, Parse, _stream_key_by_map_operator",7,busyTimeMsPerSecond,10.0
1784198200,8,"Source: Source-data -> LoadJSON, Parse, _stream_key_by_map_operator",7,numRecordsOutPerSecond,0.016666666666666666
1784198200,8,"Source: Source-data -> LoadJSON, Parse, _stream_key_by_map_operator",7,idleTimeMsPerSecond,990.0
1784198200,8,"Source: Source-data -> LoadJSON, Parse, _stream_key_by_map_operator",7,numRecordsOut,5971.0
1784198200,8,"Source: Source-data -> LoadJSON, Parse, _stream_key_by_map_operator",7,numRecordsIn,5971.0
1784198200,8,"Source: Source-data -> LoadJSON, Parse, _stream_key_by_map_operator",7,numRecordsInPerSecond,0.016666666666666666
1784198200,8,"Source: Source-data -> LoadJSON, Parse, _stream_key_by_map_operator",7,backPressuredTimeMsPerSecond,0.0
1784198200,8,"KEYED PROCESS, Parse->Train, _stream_key_by_map_operator",0,busyTimeMsPerSecond,320.0
1784198200,8,"KEYED PROCESS, Parse->Train, _stream_key_by_map_operator",0,numRecordsOutPerSecond,0.1
1784198200,8,"KEYED PROCESS, Parse->Train, _stream_key_by_map_operator",0,idleTimeMsPerSecond,0.0
1784198200,8,"KEYED PROCESS, Parse->Train, _stream_key_by_map_operator",0,numRecordsOut,186.0
1784198200,8,"KEYED PROCESS, Parse->Train, _stream_key_by_map_operator",0,numRecordsIn,187.0
1784198200,8,"KEYED PROCESS, Parse->Train, _stream_key_by_map_operator",0,numRecordsInPerSecond,0.1
1784198200,8,"KEYED PROCESS, Parse->Train, _stream_key_by_map_operator",0,backPressuredTimeMsPerSecond,680.0
1784198200,8,"KEYED PROCESS, Parse->Train, _stream_key_by_map_operator",1,busyTimeMsPerSecond,419.0
1784198200,8,"KEYED PROCESS, Parse->Train, _stream_key_by_map_operator",1,numRecordsOutPerSecond,0.11666666666666667
1784198200,8,"KEYED PROCESS, Parse->Train, _stream_key_by_map_operator",1,idleTimeMsPerSecond,0.0
1784198200,8,"KEYED PROCESS, Parse->Train, _stream_key_by_map_operator",1,numRecordsOut,193.0
1784198200,8,"KEYED PROCESS, Parse->Train, _stream_key_by_map_operator",1,numRecordsIn,194.0
1784198200,8,"KEYED PROCESS, Parse->Train, _stream_key_by_map_operator",1,numRecordsInPerSecond,0.11666666666666667
1784198200,8,"KEYED PROCESS, Parse->Train, _stream_key_by_map_operator",1,backPressuredTimeMsPerSecond,581.0
1784198200,8,"KEYED PROCESS, Parse->Train, _stream_key_by_map_operator",2,busyTimeMsPerSecond,294.0
1784198200,8,"KEYED PROCESS, Parse->Train, _stream_key_by_map_operator",2,numRecordsOutPerSecond,0.08333333333333333
1784198200,8,"KEYED PROCESS, Parse->Train, _stream_key_by_map_operator",2,idleTimeMsPerSecond,0.0
1784198200,8,"KEYED PROCESS, Parse->Train, _stream_key_by_map_operator",2,numRecordsOut,148.0
1784198200,8,"KEYED PROCESS, Parse->Train, _stream_key_by_map_operator",2,numRecordsIn,149.0
1784198200,8,"KEYED PROCESS, Parse->Train, _stream_key_by_map_operator",2,numRecordsInPerSecond,0.08333333333333333
1784198200,8,"KEYED PROCESS, Parse->Train, _stream_key_by_map_operator",2,backPressuredTimeMsPerSecond,706.0
1784198200,8,"KEYED PROCESS, Parse->Train, _stream_key_by_map_operator",3,busyTimeMsPerSecond,0.0
1784198200,8,"KEYED PROCESS, Parse->Train, _stream_key_by_map_operator",3,numRecordsOutPerSecond,0.0
1784198200,8,"KEYED PROCESS, Parse->Train, _stream_key_by_map_operator",3,idleTimeMsPerSecond,1000.0
1784198200,8,"KEYED PROCESS, Parse->Train, _stream_key_by_map_operator",3,numRecordsOut,0.0
1784198200,8,"KEYED PROCESS, Parse->Train, _stream_key_by_map_operator",3,numRecordsIn,0.0
1784198200,8,"KEYED PROCESS, Parse->Train, _stream_key_by_map_operator",3,numRecordsInPerSecond,0.0
1784198200,8,"KEYED PROCESS, Parse->Train, _stream_key_by_map_operator",3,backPressuredTimeMsPerSecond,0.0
1784198200,8,"KEYED PROCESS, Parse->Train, _stream_key_by_map_operator",4,busyTimeMsPerSecond,623.0
1784198200,8,"KEYED PROCESS, Parse->Train, _stream_key_by_map_operator",4,numRecordsOutPerSecond,0.21666666666666667
1784198200,8,"KEYED PROCESS, Parse->Train, _stream_key_by_map_operator",4,idleTimeMsPerSecond,0.0
1784198200,8,"KEYED PROCESS, Parse->Train, _stream_key_by_map_operator",4,numRecordsOut,224.0
1784198200,8,"KEYED PROCESS, Parse->Train, _stream_key_by_map_operator",4,numRecordsIn,225.0
1784198200,8,"KEYED PROCESS, Parse->Train, _stream_key_by_map_operator",4,numRecordsInPerSecond,0.21666666666666667
1784198200,8,"KEYED PROCESS, Parse->Train, _stream_key_by_map_operator",4,backPressuredTimeMsPerSecond,377.0
1784198200,8,"KEYED PROCESS, Parse->Train, _stream_key_by_map_operator",5,busyTimeMsPerSecond,0.0
1784198200,8,"KEYED PROCESS, Parse->Train, _stream_key_by_map_operator",5,numRecordsOutPerSecond,0.0
1784198200,8,"KEYED PROCESS, Parse->Train, _stream_key_by_map_operator",5,idleTimeMsPerSecond,1000.0
1784198200,8,"KEYED PROCESS, Parse->Train, _stream_key_by_map_operator",5,numRecordsOut,0.0
1784198200,8,"KEYED PROCESS, Parse->Train, _stream_key_by_map_operator",5,numRecordsIn,0.0
1784198200,8,"KEYED PROCESS, Parse->Train, _stream_key_by_map_operator",5,numRecordsInPerSecond,0.0
1784198200,8,"KEYED PROCESS, Parse->Train, _stream_key_by_map_operator",5,backPressuredTimeMsPerSecond,0.0
1784198200,8,"KEYED PROCESS, Parse->Train, _stream_key_by_map_operator",6,busyTimeMsPerSecond,0.0
1784198200,8,"KEYED PROCESS, Parse->Train, _stream_key_by_map_operator",6,numRecordsOutPerSecond,0.0
1784198200,8,"KEYED PROCESS, Parse->Train, _stream_key_by_map_operator",6,idleTimeMsPerSecond,1000.0
1784198200,8,"KEYED PROCESS, Parse->Train, _stream_key_by_map_operator",6,numRecordsOut,0.0
1784198200,8,"KEYED PROCESS, Parse->Train, _stream_key_by_map_operator",6,numRecordsIn,0.0
1784198200,8,"KEYED PROCESS, Parse->Train, _stream_key_by_map_operator",6,numRecordsInPerSecond,0.0
1784198200,8,"KEYED PROCESS, Parse->Train, _stream_key_by_map_operator",6,backPressuredTimeMsPerSecond,0.0
1784198200,8,"KEYED PROCESS, Parse->Train, _stream_key_by_map_operator",7,busyTimeMsPerSecond,544.0
1784198200,8,"KEYED PROCESS, Parse->Train, _stream_key_by_map_operator",7,numRecordsOutPerSecond,0.15
1784198200,8,"KEYED PROCESS, Parse->Train, _stream_key_by_map_operator",7,idleTimeMsPerSecond,0.0
1784198200,8,"KEYED PROCESS, Parse->Train, _stream_key_by_map_operator",7,numRecordsOut,159.0
1784198200,8,"KEYED PROCESS, Parse->Train, _stream_key_by_map_operator",7,numRecordsIn,160.0
1784198200,8,"KEYED PROCESS, Parse->Train, _stream_key_by_map_operator",7,numRecordsInPerSecond,0.15
1784198200,8,"KEYED PROCESS, Parse->Train, _stream_key_by_map_operator",7,backPressuredTimeMsPerSecond,456.0
1784198200,8,"KEYED PROCESS, Train->Infer, _stream_key_by_map_operator",0,busyTimeMsPerSecond,578.0
1784198200,8,"KEYED PROCESS, Train->Infer, _stream_key_by_map_operator",0,numRecordsOutPerSecond,58.333333333333336
1784198200,8,"KEYED PROCESS, Train->Infer, _stream_key_by_map_operator",0,idleTimeMsPerSecond,422.0
1784198200,8,"KEYED PROCESS, Train->Infer, _stream_key_by_map_operator",0,numRecordsOut,43381.0
1784198200,8,"KEYED PROCESS, Train->Infer, _stream_key_by_map_operator",0,numRecordsIn,148.0
1784198200,8,"KEYED PROCESS, Train->Infer, _stream_key_by_map_operator",0,numRecordsInPerSecond,0.11666666666666667
1784198200,8,"KEYED PROCESS, Train->Infer, _stream_key_by_map_operator",0,backPressuredTimeMsPerSecond,0.0
1784198200,8,"KEYED PROCESS, Train->Infer, _stream_key_by_map_operator",1,busyTimeMsPerSecond,455.0
1784198200,8,"KEYED PROCESS, Train->Infer, _stream_key_by_map_operator",1,numRecordsOutPerSecond,50.0
1784198200,8,"KEYED PROCESS, Train->Infer, _stream_key_by_map_operator",1,idleTimeMsPerSecond,376.0
1784198200,8,"KEYED PROCESS, Train->Infer, _stream_key_by_map_operator",1,numRecordsOut,40559.0
1784198200,8,"KEYED PROCESS, Train->Infer, _stream_key_by_map_operator",1,numRecordsIn,141.0
1784198200,8,"KEYED PROCESS, Train->Infer, _stream_key_by_map_operator",1,numRecordsInPerSecond,0.08333333333333333
1784198200,8,"KEYED PROCESS, Train->Infer, _stream_key_by_map_operator",1,backPressuredTimeMsPerSecond,169.0
1784198200,8,"KEYED PROCESS, Train->Infer, _stream_key_by_map_operator",2,busyTimeMsPerSecond,622.0
1784198200,8,"KEYED PROCESS, Train->Infer, _stream_key_by_map_operator",2,numRecordsOutPerSecond,58.333333333333336
1784198200,8,"KEYED PROCESS, Train->Infer, _stream_key_by_map_operator",2,idleTimeMsPerSecond,0.0
1784198200,8,"KEYED PROCESS, Train->Infer, _stream_key_by_map_operator",2,numRecordsOut,46515.0
1784198200,8,"KEYED PROCESS, Train->Infer, _stream_key_by_map_operator",2,numRecordsIn,108.0
1784198200,8,"KEYED PROCESS, Train->Infer, _stream_key_by_map_operator",2,numRecordsInPerSecond,0.11666666666666667
1784198200,8,"KEYED PROCESS, Train->Infer, _stream_key_by_map_operator",2,backPressuredTimeMsPerSecond,378.0
1784198200,8,"KEYED PROCESS, Train->Infer, _stream_key_by_map_operator",3,busyTimeMsPerSecond,375.0
1784198200,8,"KEYED PROCESS, Train->Infer, _stream_key_by_map_operator",3,numRecordsOutPerSecond,41.666666666666664
1784198200,8,"KEYED PROCESS, Train->Infer, _stream_key_by_map_operator",3,idleTimeMsPerSecond,625.0
1784198200,8,"KEYED PROCESS, Train->Infer, _stream_key_by_map_operator",3,numRecordsOut,45000.0
1784198200,8,"KEYED PROCESS, Train->Infer, _stream_key_by_map_operator",3,numRecordsIn,90.0
1784198200,8,"KEYED PROCESS, Train->Infer, _stream_key_by_map_operator",3,numRecordsInPerSecond,0.08333333333333333
1784198200,8,"KEYED PROCESS, Train->Infer, _stream_key_by_map_operator",3,backPressuredTimeMsPerSecond,0.0
1784198200,8,"KEYED PROCESS, Train->Infer, _stream_key_by_map_operator",4,busyTimeMsPerSecond,118.0
1784198200,8,"KEYED PROCESS, Train->Infer, _stream_key_by_map_operator",4,numRecordsOutPerSecond,16.666666666666668
1784198200,8,"KEYED PROCESS, Train->Infer, _stream_key_by_map_operator",4,idleTimeMsPerSecond,882.0
1784198200,8,"KEYED PROCESS, Train->Infer, _stream_key_by_map_operator",4,numRecordsOut,31075.0
1784198200,8,"KEYED PROCESS, Train->Infer, _stream_key_by_map_operator",4,numRecordsIn,137.0
1784198200,8,"KEYED PROCESS, Train->Infer, _stream_key_by_map_operator",4,numRecordsInPerSecond,0.016666666666666666
1784198200,8,"KEYED PROCESS, Train->Infer, _stream_key_by_map_operator",4,backPressuredTimeMsPerSecond,0.0
1784198200,8,"KEYED PROCESS, Train->Infer, _stream_key_by_map_operator",5,busyTimeMsPerSecond,145.0
1784198200,8,"KEYED PROCESS, Train->Infer, _stream_key_by_map_operator",5,numRecordsOutPerSecond,16.666666666666668
1784198200,8,"KEYED PROCESS, Train->Infer, _stream_key_by_map_operator",5,idleTimeMsPerSecond,855.0
1784198200,8,"KEYED PROCESS, Train->Infer, _stream_key_by_map_operator",5,numRecordsOut,41000.0
1784198200,8,"KEYED PROCESS, Train->Infer, _stream_key_by_map_operator",5,numRecordsIn,82.0
1784198200,8,"KEYED PROCESS, Train->Infer, _stream_key_by_map_operator",5,numRecordsInPerSecond,0.03333333333333333
1784198200,8,"KEYED PROCESS, Train->Infer, _stream_key_by_map_operator",5,backPressuredTimeMsPerSecond,0.0
1784198200,8,"KEYED PROCESS, Train->Infer, _stream_key_by_map_operator",6,busyTimeMsPerSecond,689.0
1784198200,8,"KEYED PROCESS, Train->Infer, _stream_key_by_map_operator",6,numRecordsOutPerSecond,75.0
1784198200,8,"KEYED PROCESS, Train->Infer, _stream_key_by_map_operator",6,idleTimeMsPerSecond,311.0
1784198200,8,"KEYED PROCESS, Train->Infer, _stream_key_by_map_operator",6,numRecordsOut,45500.0
1784198200,8,"KEYED PROCESS, Train->Infer, _stream_key_by_map_operator",6,numRecordsIn,92.0
1784198200,8,"KEYED PROCESS, Train->Infer, _stream_key_by_map_operator",6,numRecordsInPerSecond,0.15
1784198200,8,"KEYED PROCESS, Train->Infer, _stream_key_by_map_operator",6,backPressuredTimeMsPerSecond,0.0
1784198200,8,"KEYED PROCESS, Train->Infer, _stream_key_by_map_operator",7,busyTimeMsPerSecond,525.0
1784198200,8,"KEYED PROCESS, Train->Infer, _stream_key_by_map_operator",7,numRecordsOutPerSecond,50.0
1784198200,8,"KEYED PROCESS, Train->Infer, _stream_key_by_map_operator",7,idleTimeMsPerSecond,70.0
1784198200,8,"KEYED PROCESS, Train->Infer, _stream_key_by_map_operator",7,numRecordsOut,42030.0
1784198200,8,"KEYED PROCESS, Train->Infer, _stream_key_by_map_operator",7,numRecordsIn,115.0
1784198200,8,"KEYED PROCESS, Train->Infer, _stream_key_by_map_operator",7,numRecordsInPerSecond,0.1
1784198200,8,"KEYED PROCESS, Train->Infer, _stream_key_by_map_operator",7,backPressuredTimeMsPerSecond,405.0
1784198200,8,"Infer->Rank, Rank->Filter, Filter -> Sink: Writer -> Sink: Committer",0,busyTimeMsPerSecond,1000.0
1784198200,8,"Infer->Rank, Rank->Filter, Filter -> Sink: Writer -> Sink: Committer",0,numRecordsOutPerSecond,31.0
1784198200,8,"Infer->Rank, Rank->Filter, Filter -> Sink: Writer -> Sink: Committer",0,idleTimeMsPerSecond,0.0
1784198200,8,"Infer->Rank, Rank->Filter, Filter -> Sink: Writer -> Sink: Committer",0,numRecordsOut,36014.0
1784198200,8,"Infer->Rank, Rank->Filter, Filter -> Sink: Writer -> Sink: Committer",0,numRecordsIn,41588.0
1784198200,8,"Infer->Rank, Rank->Filter, Filter -> Sink: Writer -> Sink: Committer",0,numRecordsInPerSecond,56.11666666666667
1784198200,8,"Infer->Rank, Rank->Filter, Filter -> Sink: Writer -> Sink: Committer",0,backPressuredTimeMsPerSecond,0.0
1784198200,8,"Infer->Rank, Rank->Filter, Filter -> Sink: Writer -> Sink: Committer",1,busyTimeMsPerSecond,1000.0
1784198200,8,"Infer->Rank, Rank->Filter, Filter -> Sink: Writer -> Sink: Committer",1,numRecordsOutPerSecond,47.833333333333336
1784198200,8,"Infer->Rank, Rank->Filter, Filter -> Sink: Writer -> Sink: Committer",1,idleTimeMsPerSecond,0.0
1784198200,8,"Infer->Rank, Rank->Filter, Filter -> Sink: Writer -> Sink: Committer",1,numRecordsOut,34390.0
1784198200,8,"Infer->Rank, Rank->Filter, Filter -> Sink: Writer -> Sink: Committer",1,numRecordsIn,38960.0
1784198200,8,"Infer->Rank, Rank->Filter, Filter -> Sink: Writer -> Sink: Committer",1,numRecordsInPerSecond,64.53333333333333
1784198200,8,"Infer->Rank, Rank->Filter, Filter -> Sink: Writer -> Sink: Committer",1,backPressuredTimeMsPerSecond,0.0
1784198200,8,"Infer->Rank, Rank->Filter, Filter -> Sink: Writer -> Sink: Committer",2,busyTimeMsPerSecond,1000.0
1784198200,8,"Infer->Rank, Rank->Filter, Filter -> Sink: Writer -> Sink: Committer",2,numRecordsOutPerSecond,51.5
1784198200,8,"Infer->Rank, Rank->Filter, Filter -> Sink: Writer -> Sink: Committer",2,idleTimeMsPerSecond,0.0
1784198200,8,"Infer->Rank, Rank->Filter, Filter -> Sink: Writer -> Sink: Committer",2,numRecordsOut,37270.0
1784198200,8,"Infer->Rank, Rank->Filter, Filter -> Sink: Writer -> Sink: Committer",2,numRecordsIn,43290.0
1784198200,8,"Infer->Rank, Rank->Filter, Filter -> Sink: Writer -> Sink: Committer",2,numRecordsInPerSecond,59.75
1784198200,8,"Infer->Rank, Rank->Filter, Filter -> Sink: Writer -> Sink: Committer",2,backPressuredTimeMsPerSecond,0.0
1784198200,8,"Infer->Rank, Rank->Filter, Filter -> Sink: Writer -> Sink: Committer",3,busyTimeMsPerSecond,527.0
1784198200,8,"Infer->Rank, Rank->Filter, Filter -> Sink: Writer -> Sink: Committer",3,numRecordsOutPerSecond,25.0
1784198200,8,"Infer->Rank, Rank->Filter, Filter -> Sink: Writer -> Sink: Committer",3,idleTimeMsPerSecond,473.0
1784198200,8,"Infer->Rank, Rank->Filter, Filter -> Sink: Writer -> Sink: Committer",3,numRecordsOut,38500.0
1784198200,8,"Infer->Rank, Rank->Filter, Filter -> Sink: Writer -> Sink: Committer",3,numRecordsIn,45000.0
1784198200,8,"Infer->Rank, Rank->Filter, Filter -> Sink: Writer -> Sink: Committer",3,numRecordsInPerSecond,39.38333333333333
1784198200,8,"Infer->Rank, Rank->Filter, Filter -> Sink: Writer -> Sink: Committer",3,backPressuredTimeMsPerSecond,0.0
1784198200,8,"Infer->Rank, Rank->Filter, Filter -> Sink: Writer -> Sink: Committer",4,busyTimeMsPerSecond,293.0
1784198200,8,"Infer->Rank, Rank->Filter, Filter -> Sink: Writer -> Sink: Committer",4,numRecordsOutPerSecond,13.833333333333334
1784198200,8,"Infer->Rank, Rank->Filter, Filter -> Sink: Writer -> Sink: Committer",4,idleTimeMsPerSecond,707.0
1784198200,8,"Infer->Rank, Rank->Filter, Filter -> Sink: Writer -> Sink: Committer",4,numRecordsOut,29090.0
1784198200,8,"Infer->Rank, Rank->Filter, Filter -> Sink: Writer -> Sink: Committer",4,numRecordsIn,30696.0
1784198200,8,"Infer->Rank, Rank->Filter, Filter -> Sink: Writer -> Sink: Committer",4,numRecordsInPerSecond,13.983333333333333
1784198200,8,"Infer->Rank, Rank->Filter, Filter -> Sink: Writer -> Sink: Committer",4,backPressuredTimeMsPerSecond,0.0
1784198200,8,"Infer->Rank, Rank->Filter, Filter -> Sink: Writer -> Sink: Committer",5,busyTimeMsPerSecond,141.0
1784198200,8,"Infer->Rank, Rank->Filter, Filter -> Sink: Writer -> Sink: Committer",5,numRecordsOutPerSecond,16.666666666666668
1784198200,8,"Infer->Rank, Rank->Filter, Filter -> Sink: Writer -> Sink: Committer",5,idleTimeMsPerSecond,859.0
1784198200,8,"Infer->Rank, Rank->Filter, Filter -> Sink: Writer -> Sink: Committer",5,numRecordsOut,36500.0
1784198200,8,"Infer->Rank, Rank->Filter, Filter -> Sink: Writer -> Sink: Committer",5,numRecordsIn,41000.0
1784198200,8,"Infer->Rank, Rank->Filter, Filter -> Sink: Writer -> Sink: Committer",5,numRecordsInPerSecond,16.666666666666668
1784198200,8,"Infer->Rank, Rank->Filter, Filter -> Sink: Writer -> Sink: Committer",5,backPressuredTimeMsPerSecond,0.0
1784198200,8,"Infer->Rank, Rank->Filter, Filter -> Sink: Writer -> Sink: Committer",6,busyTimeMsPerSecond,841.0
1784198200,8,"Infer->Rank, Rank->Filter, Filter -> Sink: Writer -> Sink: Committer",6,numRecordsOutPerSecond,54.166666666666664
1784198200,8,"Infer->Rank, Rank->Filter, Filter -> Sink: Writer -> Sink: Committer",6,idleTimeMsPerSecond,159.0
1784198200,8,"Infer->Rank, Rank->Filter, Filter -> Sink: Writer -> Sink: Committer",6,numRecordsOut,39000.0
1784198200,8,"Infer->Rank, Rank->Filter, Filter -> Sink: Writer -> Sink: Committer",6,numRecordsIn,44503.0
1784198200,8,"Infer->Rank, Rank->Filter, Filter -> Sink: Writer -> Sink: Committer",6,numRecordsInPerSecond,60.13333333333333
1784198200,8,"Infer->Rank, Rank->Filter, Filter -> Sink: Writer -> Sink: Committer",6,backPressuredTimeMsPerSecond,0.0
1784198200,8,"Infer->Rank, Rank->Filter, Filter -> Sink: Writer -> Sink: Committer",7,busyTimeMsPerSecond,1000.0
1784198200,8,"Infer->Rank, Rank->Filter, Filter -> Sink: Writer -> Sink: Committer",7,numRecordsOutPerSecond,48.666666666666664
1784198200,8,"Infer->Rank, Rank->Filter, Filter -> Sink: Writer -> Sink: Committer",7,idleTimeMsPerSecond,0.0
1784198200,8,"Infer->Rank, Rank->Filter, Filter -> Sink: Writer -> Sink: Committer",7,numRecordsOut,37990.0
1784198200,8,"Infer->Rank, Rank->Filter, Filter -> Sink: Writer -> Sink: Committer",7,numRecordsIn,39531.0
1784198200,8,"Infer->Rank, Rank->Filter, Filter -> Sink: Writer -> Sink: Committer",7,numRecordsInPerSecond,57.0
1784198200,8,"Infer->Rank, Rank->Filter, Filter -> Sink: Writer -> Sink: Committer",7,backPressuredTimeMsPerSecond,0.0
1784198215,8,"Source: Source-data -> LoadJSON, Parse, _stream_key_by_map_operator",0,busyTimeMsPerSecond,3.0
1784198215,8,"Source: Source-data -> LoadJSON, Parse, _stream_key_by_map_operator",0,numRecordsOutPerSecond,0.016666666666666666
1784198215,8,"Source: Source-data -> LoadJSON, Parse, _stream_key_by_map_operator",0,idleTimeMsPerSecond,997.0
1784198215,8,"Source: Source-data -> LoadJSON, Parse, _stream_key_by_map_operator",0,numRecordsOut,6131.0
1784198215,8,"Source: Source-data -> LoadJSON, Parse, _stream_key_by_map_operator",0,numRecordsIn,6131.0
1784198215,8,"Source: Source-data -> LoadJSON, Parse, _stream_key_by_map_operator",0,numRecordsInPerSecond,0.016666666666666666
1784198215,8,"Source: Source-data -> LoadJSON, Parse, _stream_key_by_map_operator",0,backPressuredTimeMsPerSecond,0.0
1784198215,8,"Source: Source-data -> LoadJSON, Parse, _stream_key_by_map_operator",1,busyTimeMsPerSecond,0.0
1784198215,8,"Source: Source-data -> LoadJSON, Parse, _stream_key_by_map_operator",1,numRecordsOutPerSecond,0.0
1784198215,8,"Source: Source-data -> LoadJSON, Parse, _stream_key_by_map_operator",1,idleTimeMsPerSecond,0.0
1784198215,8,"Source: Source-data -> LoadJSON, Parse, _stream_key_by_map_operator",1,numRecordsOut,6028.0
1784198215,8,"Source: Source-data -> LoadJSON, Parse, _stream_key_by_map_operator",1,numRecordsIn,6028.0
1784198215,8,"Source: Source-data -> LoadJSON, Parse, _stream_key_by_map_operator",1,numRecordsInPerSecond,0.0
1784198215,8,"Source: Source-data -> LoadJSON, Parse, _stream_key_by_map_operator",1,backPressuredTimeMsPerSecond,1000.0
1784198215,8,"Source: Source-data -> LoadJSON, Parse, _stream_key_by_map_operator",2,busyTimeMsPerSecond,0.0
1784198215,8,"Source: Source-data -> LoadJSON, Parse, _stream_key_by_map_operator",2,numRecordsOutPerSecond,0.0
1784198215,8,"Source: Source-data -> LoadJSON, Parse, _stream_key_by_map_operator",2,idleTimeMsPerSecond,0.0
1784198215,8,"Source: Source-data -> LoadJSON, Parse, _stream_key_by_map_operator",2,numRecordsOut,6234.0
1784198215,8,"Source: Source-data -> LoadJSON, Parse, _stream_key_by_map_operator",2,numRecordsIn,6234.0
1784198215,8,"Source: Source-data -> LoadJSON, Parse, _stream_key_by_map_operator",2,numRecordsInPerSecond,0.0
1784198215,8,"Source: Source-data -> LoadJSON, Parse, _stream_key_by_map_operator",2,backPressuredTimeMsPerSecond,1000.0
1784198215,8,"Source: Source-data -> LoadJSON, Parse, _stream_key_by_map_operator",3,busyTimeMsPerSecond,0.0
1784198215,8,"Source: Source-data -> LoadJSON, Parse, _stream_key_by_map_operator",3,numRecordsOutPerSecond,0.0
1784198215,8,"Source: Source-data -> LoadJSON, Parse, _stream_key_by_map_operator",3,idleTimeMsPerSecond,0.0
1784198215,8,"Source: Source-data -> LoadJSON, Parse, _stream_key_by_map_operator",3,numRecordsOut,6021.0
1784198215,8,"Source: Source-data -> LoadJSON, Parse, _stream_key_by_map_operator",3,numRecordsIn,6021.0
1784198215,8,"Source: Source-data -> LoadJSON, Parse, _stream_key_by_map_operator",3,numRecordsInPerSecond,0.0
1784198215,8,"Source: Source-data -> LoadJSON, Parse, _stream_key_by_map_operator",3,backPressuredTimeMsPerSecond,1000.0
1784198215,8,"Source: Source-data -> LoadJSON, Parse, _stream_key_by_map_operator",4,busyTimeMsPerSecond,0.0
1784198215,8,"Source: Source-data -> LoadJSON, Parse, _stream_key_by_map_operator",4,numRecordsOutPerSecond,0.0
1784198215,8,"Source: Source-data -> LoadJSON, Parse, _stream_key_by_map_operator",4,idleTimeMsPerSecond,0.0
1784198215,8,"Source: Source-data -> LoadJSON, Parse, _stream_key_by_map_operator",4,numRecordsOut,6068.0
1784198215,8,"Source: Source-data -> LoadJSON, Parse, _stream_key_by_map_operator",4,numRecordsIn,6068.0
1784198215,8,"Source: Source-data -> LoadJSON, Parse, _stream_key_by_map_operator",4,numRecordsInPerSecond,0.0
1784198215,8,"Source: Source-data -> LoadJSON, Parse, _stream_key_by_map_operator",4,backPressuredTimeMsPerSecond,1000.0
1784198215,8,"Source: Source-data -> LoadJSON, Parse, _stream_key_by_map_operator",5,busyTimeMsPerSecond,1.0
1784198215,8,"Source: Source-data -> LoadJSON, Parse, _stream_key_by_map_operator",5,numRecordsOutPerSecond,0.016666666666666666
1784198215,8,"Source: Source-data -> LoadJSON, Parse, _stream_key_by_map_operator",5,idleTimeMsPerSecond,999.0
1784198215,8,"Source: Source-data -> LoadJSON, Parse, _stream_key_by_map_operator",5,numRecordsOut,6101.0
1784198215,8,"Source: Source-data -> LoadJSON, Parse, _stream_key_by_map_operator",5,numRecordsIn,6101.0
1784198215,8,"Source: Source-data -> LoadJSON, Parse, _stream_key_by_map_operator",5,numRecordsInPerSecond,0.016666666666666666
1784198215,8,"Source: Source-data -> LoadJSON, Parse, _stream_key_by_map_operator",5,backPressuredTimeMsPerSecond,0.0
1784198215,8,"Source: Source-data -> LoadJSON, Parse, _stream_key_by_map_operator",6,busyTimeMsPerSecond,0.0
1784198215,8,"Source: Source-data -> LoadJSON, Parse, _stream_key_by_map_operator",6,numRecordsOutPerSecond,0.0
1784198215,8,"Source: Source-data -> LoadJSON, Parse, _stream_key_by_map_operator",6,idleTimeMsPerSecond,0.0
1784198215,8,"Source: Source-data -> LoadJSON, Parse, _stream_key_by_map_operator",6,numRecordsOut,6065.0
1784198215,8,"Source: Source-data -> LoadJSON, Parse, _stream_key_by_map_operator",6,numRecordsIn,6065.0
1784198215,8,"Source: Source-data -> LoadJSON, Parse, _stream_key_by_map_operator",6,numRecordsInPerSecond,0.0
1784198215,8,"Source: Source-data -> LoadJSON, Parse, _stream_key_by_map_operator",6,backPressuredTimeMsPerSecond,1000.0
1784198215,8,"Source: Source-data -> LoadJSON, Parse, _stream_key_by_map_operator",7,busyTimeMsPerSecond,10.0
1784198215,8,"Source: Source-data -> LoadJSON, Parse, _stream_key_by_map_operator",7,numRecordsOutPerSecond,0.016666666666666666
1784198215,8,"Source: Source-data -> LoadJSON, Parse, _stream_key_by_map_operator",7,idleTimeMsPerSecond,990.0
1784198215,8,"Source: Source-data -> LoadJSON, Parse, _stream_key_by_map_operator",7,numRecordsOut,5971.0
1784198215,8,"Source: Source-data -> LoadJSON, Parse, _stream_key_by_map_operator",7,numRecordsIn,5971.0
1784198215,8,"Source: Source-data -> LoadJSON, Parse, _stream_key_by_map_operator",7,numRecordsInPerSecond,0.016666666666666666
1784198215,8,"Source: Source-data -> LoadJSON, Parse, _stream_key_by_map_operator",7,backPressuredTimeMsPerSecond,0.0
1784198215,8,"KEYED PROCESS, Parse->Train, _stream_key_by_map_operator",0,busyTimeMsPerSecond,393.0
1784198215,8,"KEYED PROCESS, Parse->Train, _stream_key_by_map_operator",0,numRecordsOutPerSecond,0.13333333333333333
1784198215,8,"KEYED PROCESS, Parse->Train, _stream_key_by_map_operator",0,idleTimeMsPerSecond,0.0
1784198215,8,"KEYED PROCESS, Parse->Train, _stream_key_by_map_operator",0,numRecordsOut,191.0
1784198215,8,"KEYED PROCESS, Parse->Train, _stream_key_by_map_operator",0,numRecordsIn,192.0
1784198215,8,"KEYED PROCESS, Parse->Train, _stream_key_by_map_operator",0,numRecordsInPerSecond,0.13333333333333333
1784198215,8,"KEYED PROCESS, Parse->Train, _stream_key_by_map_operator",0,backPressuredTimeMsPerSecond,607.0
1784198215,8,"KEYED PROCESS, Parse->Train, _stream_key_by_map_operator",1,busyTimeMsPerSecond,357.0
1784198215,8,"KEYED PROCESS, Parse->Train, _stream_key_by_map_operator",1,numRecordsOutPerSecond,0.11666666666666667
1784198215,8,"KEYED PROCESS, Parse->Train, _stream_key_by_map_operator",1,idleTimeMsPerSecond,0.0
1784198215,8,"KEYED PROCESS, Parse->Train, _stream_key_by_map_operator",1,numRecordsOut,193.0
1784198215,8,"KEYED PROCESS, Parse->Train, _stream_key_by_map_operator",1,numRecordsIn,194.0
1784198215,8,"KEYED PROCESS, Parse->Train, _stream_key_by_map_operator",1,numRecordsInPerSecond,0.11666666666666667
1784198215,8,"KEYED PROCESS, Parse->Train, _stream_key_by_map_operator",1,backPressuredTimeMsPerSecond,643.0
1784198215,8,"KEYED PROCESS, Parse->Train, _stream_key_by_map_operator",2,busyTimeMsPerSecond,343.0
1784198215,8,"KEYED PROCESS, Parse->Train, _stream_key_by_map_operator",2,numRecordsOutPerSecond,0.1
1784198215,8,"KEYED PROCESS, Parse->Train, _stream_key_by_map_operator",2,idleTimeMsPerSecond,0.0
1784198215,8,"KEYED PROCESS, Parse->Train, _stream_key_by_map_operator",2,numRecordsOut,148.0
1784198215,8,"KEYED PROCESS, Parse->Train, _stream_key_by_map_operator",2,numRecordsIn,149.0
1784198215,8,"KEYED PROCESS, Parse->Train, _stream_key_by_map_operator",2,numRecordsInPerSecond,0.1
1784198215,8,"KEYED PROCESS, Parse->Train, _stream_key_by_map_operator",2,backPressuredTimeMsPerSecond,657.0
1784198215,8,"KEYED PROCESS, Parse->Train, _stream_key_by_map_operator",3,busyTimeMsPerSecond,0.0
1784198215,8,"KEYED PROCESS, Parse->Train, _stream_key_by_map_operator",3,numRecordsOutPerSecond,0.0
1784198215,8,"KEYED PROCESS, Parse->Train, _stream_key_by_map_operator",3,idleTimeMsPerSecond,1000.0
1784198215,8,"KEYED PROCESS, Parse->Train, _stream_key_by_map_operator",3,numRecordsOut,0.0
1784198215,8,"KEYED PROCESS, Parse->Train, _stream_key_by_map_operator",3,numRecordsIn,0.0
1784198215,8,"KEYED PROCESS, Parse->Train, _stream_key_by_map_operator",3,numRecordsInPerSecond,0.0
1784198215,8,"KEYED PROCESS, Parse->Train, _stream_key_by_map_operator",3,backPressuredTimeMsPerSecond,0.0
1784198215,8,"KEYED PROCESS, Parse->Train, _stream_key_by_map_operator",4,busyTimeMsPerSecond,623.0
1784198215,8,"KEYED PROCESS, Parse->Train, _stream_key_by_map_operator",4,numRecordsOutPerSecond,0.21666666666666667
1784198215,8,"KEYED PROCESS, Parse->Train, _stream_key_by_map_operator",4,idleTimeMsPerSecond,0.0
1784198215,8,"KEYED PROCESS, Parse->Train, _stream_key_by_map_operator",4,numRecordsOut,224.0
1784198215,8,"KEYED PROCESS, Parse->Train, _stream_key_by_map_operator",4,numRecordsIn,225.0
1784198215,8,"KEYED PROCESS, Parse->Train, _stream_key_by_map_operator",4,numRecordsInPerSecond,0.21666666666666667
1784198215,8,"KEYED PROCESS, Parse->Train, _stream_key_by_map_operator",4,backPressuredTimeMsPerSecond,377.0
1784198215,8,"KEYED PROCESS, Parse->Train, _stream_key_by_map_operator",5,busyTimeMsPerSecond,0.0
1784198215,8,"KEYED PROCESS, Parse->Train, _stream_key_by_map_operator",5,numRecordsOutPerSecond,0.0
1784198215,8,"KEYED PROCESS, Parse->Train, _stream_key_by_map_operator",5,idleTimeMsPerSecond,1000.0
1784198215,8,"KEYED PROCESS, Parse->Train, _stream_key_by_map_operator",5,numRecordsOut,0.0
1784198215,8,"KEYED PROCESS, Parse->Train, _stream_key_by_map_operator",5,numRecordsIn,0.0
1784198215,8,"KEYED PROCESS, Parse->Train, _stream_key_by_map_operator",5,numRecordsInPerSecond,0.0
1784198215,8,"KEYED PROCESS, Parse->Train, _stream_key_by_map_operator",5,backPressuredTimeMsPerSecond,0.0
1784198215,8,"KEYED PROCESS, Parse->Train, _stream_key_by_map_operator",6,busyTimeMsPerSecond,0.0
1784198215,8,"KEYED PROCESS, Parse->Train, _stream_key_by_map_operator",6,numRecordsOutPerSecond,0.0
1784198215,8,"KEYED PROCESS, Parse->Train, _stream_key_by_map_operator",6,idleTimeMsPerSecond,1000.0
1784198215,8,"KEYED PROCESS, Parse->Train, _stream_key_by_map_operator",6,numRecordsOut,0.0
1784198215,8,"KEYED PROCESS, Parse->Train, _stream_key_by_map_operator",6,numRecordsIn,0.0
1784198215,8,"KEYED PROCESS, Parse->Train, _stream_key_by_map_operator",6,numRecordsInPerSecond,0.0
1784198215,8,"KEYED PROCESS, Parse->Train, _stream_key_by_map_operator",6,backPressuredTimeMsPerSecond,0.0
1784198215,8,"KEYED PROCESS, Parse->Train, _stream_key_by_map_operator",7,busyTimeMsPerSecond,466.0
1784198215,8,"KEYED PROCESS, Parse->Train, _stream_key_by_map_operator",7,numRecordsOutPerSecond,0.13333333333333333
1784198215,8,"KEYED PROCESS, Parse->Train, _stream_key_by_map_operator",7,idleTimeMsPerSecond,0.0
1784198215,8,"KEYED PROCESS, Parse->Train, _stream_key_by_map_operator",7,numRecordsOut,162.0
1784198215,8,"KEYED PROCESS, Parse->Train, _stream_key_by_map_operator",7,numRecordsIn,163.0
1784198215,8,"KEYED PROCESS, Parse->Train, _stream_key_by_map_operator",7,numRecordsInPerSecond,0.13333333333333333
1784198215,8,"KEYED PROCESS, Parse->Train, _stream_key_by_map_operator",7,backPressuredTimeMsPerSecond,534.0
1784198215,8,"KEYED PROCESS, Train->Infer, _stream_key_by_map_operator",0,busyTimeMsPerSecond,556.0
1784198215,8,"KEYED PROCESS, Train->Infer, _stream_key_by_map_operator",0,numRecordsOutPerSecond,58.333333333333336
1784198215,8,"KEYED PROCESS, Train->Infer, _stream_key_by_map_operator",0,idleTimeMsPerSecond,444.0
1784198215,8,"KEYED PROCESS, Train->Infer, _stream_key_by_map_operator",0,numRecordsOut,43881.0
1784198215,8,"KEYED PROCESS, Train->Infer, _stream_key_by_map_operator",0,numRecordsIn,148.0
1784198215,8,"KEYED PROCESS, Train->Infer, _stream_key_by_map_operator",0,numRecordsInPerSecond,0.1
1784198215,8,"KEYED PROCESS, Train->Infer, _stream_key_by_map_operator",0,backPressuredTimeMsPerSecond,0.0
1784198215,8,"KEYED PROCESS, Train->Infer, _stream_key_by_map_operator",1,busyTimeMsPerSecond,322.0
1784198215,8,"KEYED PROCESS, Train->Infer, _stream_key_by_map_operator",1,numRecordsOutPerSecond,33.333333333333336
1784198215,8,"KEYED PROCESS, Train->Infer, _stream_key_by_map_operator",1,idleTimeMsPerSecond,509.0
1784198215,8,"KEYED PROCESS, Train->Infer, _stream_key_by_map_operator",1,numRecordsOut,40559.0
1784198215,8,"KEYED PROCESS, Train->Infer, _stream_key_by_map_operator",1,numRecordsIn,142.0
1784198215,8,"KEYED PROCESS, Train->Infer, _stream_key_by_map_operator",1,numRecordsInPerSecond,0.05
1784198215,8,"KEYED PROCESS, Train->Infer, _stream_key_by_map_operator",1,backPressuredTimeMsPerSecond,169.0
1784198215,8,"KEYED PROCESS, Train->Infer, _stream_key_by_map_operator",2,busyTimeMsPerSecond,635.0
1784198215,8,"KEYED PROCESS, Train->Infer, _stream_key_by_map_operator",2,numRecordsOutPerSecond,58.333333333333336
1784198215,8,"KEYED PROCESS, Train->Infer, _stream_key_by_map_operator",2,idleTimeMsPerSecond,0.0
1784198215,8,"KEYED PROCESS, Train->Infer, _stream_key_by_map_operator",2,numRecordsOut,47515.0
1784198215,8,"KEYED PROCESS, Train->Infer, _stream_key_by_map_operator",2,numRecordsIn,110.0
1784198215,8,"KEYED PROCESS, Train->Infer, _stream_key_by_map_operator",2,numRecordsInPerSecond,0.11666666666666667
1784198215,8,"KEYED PROCESS, Train->Infer, _stream_key_by_map_operator",2,backPressuredTimeMsPerSecond,365.0
1784198215,8,"KEYED PROCESS, Train->Infer, _stream_key_by_map_operator",3,busyTimeMsPerSecond,580.0
1784198215,8,"KEYED PROCESS, Train->Infer, _stream_key_by_map_operator",3,numRecordsOutPerSecond,66.66666666666667
1784198215,8,"KEYED PROCESS, Train->Infer, _stream_key_by_map_operator",3,idleTimeMsPerSecond,420.0
1784198215,8,"KEYED PROCESS, Train->Infer, _stream_key_by_map_operator",3,numRecordsOut,46500.0
1784198215,8,"KEYED PROCESS, Train->Infer, _stream_key_by_map_operator",3,numRecordsIn,94.0
1784198215,8,"KEYED PROCESS, Train->Infer, _stream_key_by_map_operator",3,numRecordsInPerSecond,0.15
1784198215,8,"KEYED PROCESS, Train->Infer, _stream_key_by_map_operator",3,backPressuredTimeMsPerSecond,0.0
1784198215,8,"KEYED PROCESS, Train->Infer, _stream_key_by_map_operator",4,busyTimeMsPerSecond,197.0
1784198215,8,"KEYED PROCESS, Train->Infer, _stream_key_by_map_operator",4,numRecordsOutPerSecond,16.666666666666668
1784198215,8,"KEYED PROCESS, Train->Infer, _stream_key_by_map_operator",4,idleTimeMsPerSecond,803.0
1784198215,8,"KEYED PROCESS, Train->Infer, _stream_key_by_map_operator",4,numRecordsOut,31575.0
1784198215,8,"KEYED PROCESS, Train->Infer, _stream_key_by_map_operator",4,numRecordsIn,139.0
1784198215,8,"KEYED PROCESS, Train->Infer, _stream_key_by_map_operator",4,numRecordsInPerSecond,0.05
1784198215,8,"KEYED PROCESS, Train->Infer, _stream_key_by_map_operator",4,backPressuredTimeMsPerSecond,0.0
1784198215,8,"KEYED PROCESS, Train->Infer, _stream_key_by_map_operator",5,busyTimeMsPerSecond,166.0
1784198215,8,"KEYED PROCESS, Train->Infer, _stream_key_by_map_operator",5,numRecordsOutPerSecond,16.666666666666668
1784198215,8,"KEYED PROCESS, Train->Infer, _stream_key_by_map_operator",5,idleTimeMsPerSecond,834.0
1784198215,8,"KEYED PROCESS, Train->Infer, _stream_key_by_map_operator",5,numRecordsOut,41500.0
1784198215,8,"KEYED PROCESS, Train->Infer, _stream_key_by_map_operator",5,numRecordsIn,83.0
1784198215,8,"KEYED PROCESS, Train->Infer, _stream_key_by_map_operator",5,numRecordsInPerSecond,0.05
1784198215,8,"KEYED PROCESS, Train->Infer, _stream_key_by_map_operator",5,backPressuredTimeMsPerSecond,0.0
1784198215,8,"KEYED PROCESS, Train->Infer, _stream_key_by_map_operator",6,busyTimeMsPerSecond,571.0
1784198215,8,"KEYED PROCESS, Train->Infer, _stream_key_by_map_operator",6,numRecordsOutPerSecond,58.333333333333336
1784198215,8,"KEYED PROCESS, Train->Infer, _stream_key_by_map_operator",6,idleTimeMsPerSecond,429.0
1784198215,8,"KEYED PROCESS, Train->Infer, _stream_key_by_map_operator",6,numRecordsOut,46000.0
1784198215,8,"KEYED PROCESS, Train->Infer, _stream_key_by_map_operator",6,numRecordsIn,92.0
1784198215,8,"KEYED PROCESS, Train->Infer, _stream_key_by_map_operator",6,numRecordsInPerSecond,0.11666666666666667
1784198215,8,"KEYED PROCESS, Train->Infer, _stream_key_by_map_operator",6,backPressuredTimeMsPerSecond,0.0
1784198215,8,"KEYED PROCESS, Train->Infer, _stream_key_by_map_operator",7,busyTimeMsPerSecond,457.0
1784198215,8,"KEYED PROCESS, Train->Infer, _stream_key_by_map_operator",7,numRecordsOutPerSecond,41.666666666666664
1784198215,8,"KEYED PROCESS, Train->Infer, _stream_key_by_map_operator",7,idleTimeMsPerSecond,262.0
1784198215,8,"KEYED PROCESS, Train->Infer, _stream_key_by_map_operator",7,numRecordsOut,42530.0
1784198215,8,"KEYED PROCESS, Train->Infer, _stream_key_by_map_operator",7,numRecordsIn,116.0
1784198215,8,"KEYED PROCESS, Train->Infer, _stream_key_by_map_operator",7,numRecordsInPerSecond,0.08333333333333333
1784198215,8,"KEYED PROCESS, Train->Infer, _stream_key_by_map_operator",7,backPressuredTimeMsPerSecond,281.0
1784198215,8,"Infer->Rank, Rank->Filter, Filter -> Sink: Writer -> Sink: Committer",0,busyTimeMsPerSecond,1000.0
1784198215,8,"Infer->Rank, Rank->Filter, Filter -> Sink: Writer -> Sink: Committer",0,numRecordsOutPerSecond,33.5
1784198215,8,"Infer->Rank, Rank->Filter, Filter -> Sink: Writer -> Sink: Committer",0,idleTimeMsPerSecond,0.0
1784198215,8,"Infer->Rank, Rank->Filter, Filter -> Sink: Writer -> Sink: Committer",0,numRecordsOut,36904.0
1784198215,8,"Infer->Rank, Rank->Filter, Filter -> Sink: Writer -> Sink: Committer",0,numRecordsIn,42474.0
1784198215,8,"Infer->Rank, Rank->Filter, Filter -> Sink: Writer -> Sink: Committer",0,numRecordsInPerSecond,54.86666666666667
1784198215,8,"Infer->Rank, Rank->Filter, Filter -> Sink: Writer -> Sink: Committer",0,backPressuredTimeMsPerSecond,0.0
1784198215,8,"Infer->Rank, Rank->Filter, Filter -> Sink: Writer -> Sink: Committer",1,busyTimeMsPerSecond,1000.0
1784198215,8,"Infer->Rank, Rank->Filter, Filter -> Sink: Writer -> Sink: Committer",1,numRecordsOutPerSecond,53.333333333333336
1784198215,8,"Infer->Rank, Rank->Filter, Filter -> Sink: Writer -> Sink: Committer",1,idleTimeMsPerSecond,0.0
1784198215,8,"Infer->Rank, Rank->Filter, Filter -> Sink: Writer -> Sink: Committer",1,numRecordsOut,35670.0
1784198215,8,"Infer->Rank, Rank->Filter, Filter -> Sink: Writer -> Sink: Committer",1,numRecordsIn,40246.0
1784198215,8,"Infer->Rank, Rank->Filter, Filter -> Sink: Writer -> Sink: Committer",1,numRecordsInPerSecond,70.01666666666667
1784198215,8,"Infer->Rank, Rank->Filter, Filter -> Sink: Writer -> Sink: Committer",1,backPressuredTimeMsPerSecond,0.0
1784198215,8,"Infer->Rank, Rank->Filter, Filter -> Sink: Writer -> Sink: Committer",2,busyTimeMsPerSecond,1000.0
1784198215,8,"Infer->Rank, Rank->Filter, Filter -> Sink: Writer -> Sink: Committer",2,numRecordsOutPerSecond,50.5
1784198215,8,"Infer->Rank, Rank->Filter, Filter -> Sink: Writer -> Sink: Committer",2,idleTimeMsPerSecond,0.0
1784198215,8,"Infer->Rank, Rank->Filter, Filter -> Sink: Writer -> Sink: Committer",2,numRecordsOut,38000.0
1784198215,8,"Infer->Rank, Rank->Filter, Filter -> Sink: Writer -> Sink: Committer",2,numRecordsIn,44259.0
1784198215,8,"Infer->Rank, Rank->Filter, Filter -> Sink: Writer -> Sink: Committer",2,numRecordsInPerSecond,60.46666666666667
1784198215,8,"Infer->Rank, Rank->Filter, Filter -> Sink: Writer -> Sink: Committer",2,backPressuredTimeMsPerSecond,0.0
1784198215,8,"Infer->Rank, Rank->Filter, Filter -> Sink: Writer -> Sink: Committer",3,busyTimeMsPerSecond,706.0
1784198215,8,"Infer->Rank, Rank->Filter, Filter -> Sink: Writer -> Sink: Committer",3,numRecordsOutPerSecond,33.333333333333336
1784198215,8,"Infer->Rank, Rank->Filter, Filter -> Sink: Writer -> Sink: Committer",3,idleTimeMsPerSecond,294.0
1784198215,8,"Infer->Rank, Rank->Filter, Filter -> Sink: Writer -> Sink: Committer",3,numRecordsOut,39000.0
1784198215,8,"Infer->Rank, Rank->Filter, Filter -> Sink: Writer -> Sink: Committer",3,numRecordsIn,45718.0
1784198215,8,"Infer->Rank, Rank->Filter, Filter -> Sink: Writer -> Sink: Committer",3,numRecordsInPerSecond,52.233333333333334
1784198215,8,"Infer->Rank, Rank->Filter, Filter -> Sink: Writer -> Sink: Committer",3,backPressuredTimeMsPerSecond,0.0
1784198215,8,"Infer->Rank, Rank->Filter, Filter -> Sink: Writer -> Sink: Committer",4,busyTimeMsPerSecond,256.0
1784198215,8,"Infer->Rank, Rank->Filter, Filter -> Sink: Writer -> Sink: Committer",4,numRecordsOutPerSecond,10.0
1784198215,8,"Infer->Rank, Rank->Filter, Filter -> Sink: Writer -> Sink: Committer",4,idleTimeMsPerSecond,744.0
1784198215,8,"Infer->Rank, Rank->Filter, Filter -> Sink: Writer -> Sink: Committer",4,numRecordsOut,29470.0
1784198215,8,"Infer->Rank, Rank->Filter, Filter -> Sink: Writer -> Sink: Committer",4,numRecordsIn,31177.0
1784198215,8,"Infer->Rank, Rank->Filter, Filter -> Sink: Writer -> Sink: Committer",4,numRecordsInPerSecond,10.866666666666667
1784198215,8,"Infer->Rank, Rank->Filter, Filter -> Sink: Writer -> Sink: Committer",4,backPressuredTimeMsPerSecond,0.0
1784198215,8,"Infer->Rank, Rank->Filter, Filter -> Sink: Writer -> Sink: Committer",5,busyTimeMsPerSecond,141.0
1784198215,8,"Infer->Rank, Rank->Filter, Filter -> Sink: Writer -> Sink: Committer",5,numRecordsOutPerSecond,16.666666666666668
1784198215,8,"Infer->Rank, Rank->Filter, Filter -> Sink: Writer -> Sink: Committer",5,idleTimeMsPerSecond,859.0
1784198215,8,"Infer->Rank, Rank->Filter, Filter -> Sink: Writer -> Sink: Committer",5,numRecordsOut,36510.0
1784198215,8,"Infer->Rank, Rank->Filter, Filter -> Sink: Writer -> Sink: Committer",5,numRecordsIn,41018.0
1784198215,8,"Infer->Rank, Rank->Filter, Filter -> Sink: Writer -> Sink: Committer",5,numRecordsInPerSecond,16.666666666666668
1784198215,8,"Infer->Rank, Rank->Filter, Filter -> Sink: Writer -> Sink: Committer",5,backPressuredTimeMsPerSecond,0.0
1784198215,8,"Infer->Rank, Rank->Filter, Filter -> Sink: Writer -> Sink: Committer",6,busyTimeMsPerSecond,841.0
1784198215,8,"Infer->Rank, Rank->Filter, Filter -> Sink: Writer -> Sink: Committer",6,numRecordsOutPerSecond,61.666666666666664
1784198215,8,"Infer->Rank, Rank->Filter, Filter -> Sink: Writer -> Sink: Committer",6,idleTimeMsPerSecond,159.0
1784198215,8,"Infer->Rank, Rank->Filter, Filter -> Sink: Writer -> Sink: Committer",6,numRecordsOut,40000.0
1784198215,8,"Infer->Rank, Rank->Filter, Filter -> Sink: Writer -> Sink: Committer",6,numRecordsIn,46000.0
1784198215,8,"Infer->Rank, Rank->Filter, Filter -> Sink: Writer -> Sink: Committer",6,numRecordsInPerSecond,69.18333333333334
1784198215,8,"Infer->Rank, Rank->Filter, Filter -> Sink: Writer -> Sink: Committer",6,backPressuredTimeMsPerSecond,0.0
1784198215,8,"Infer->Rank, Rank->Filter, Filter -> Sink: Writer -> Sink: Committer",7,busyTimeMsPerSecond,1000.0
1784198215,8,"Infer->Rank, Rank->Filter, Filter -> Sink: Writer -> Sink: Committer",7,numRecordsOutPerSecond,55.333333333333336
1784198215,8,"Infer->Rank, Rank->Filter, Filter -> Sink: Writer -> Sink: Committer",7,idleTimeMsPerSecond,0.0
1784198215,8,"Infer->Rank, Rank->Filter, Filter -> Sink: Writer -> Sink: Committer",7,numRecordsOut,39180.0
1784198215,8,"Infer->Rank, Rank->Filter, Filter -> Sink: Writer -> Sink: Committer",7,numRecordsIn,40722.0
1784198215,8,"Infer->Rank, Rank->Filter, Filter -> Sink: Writer -> Sink: Committer",7,numRecordsInPerSecond,63.63333333333333
1784198215,8,"Infer->Rank, Rank->Filter, Filter -> Sink: Writer -> Sink: Committer",7,backPressuredTimeMsPerSecond,0.0
1784198230,8,"Source: Source-data -> LoadJSON, Parse, _stream_key_by_map_operator",0,busyTimeMsPerSecond,3.0
1784198230,8,"Source: Source-data -> LoadJSON, Parse, _stream_key_by_map_operator",0,numRecordsOutPerSecond,0.016666666666666666
1784198230,8,"Source: Source-data -> LoadJSON, Parse, _stream_key_by_map_operator",0,idleTimeMsPerSecond,997.0
1784198230,8,"Source: Source-data -> LoadJSON, Parse, _stream_key_by_map_operator",0,numRecordsOut,6131.0
1784198230,8,"Source: Source-data -> LoadJSON, Parse, _stream_key_by_map_operator",0,numRecordsIn,6131.0
1784198230,8,"Source: Source-data -> LoadJSON, Parse, _stream_key_by_map_operator",0,numRecordsInPerSecond,0.016666666666666666
1784198230,8,"Source: Source-data -> LoadJSON, Parse, _stream_key_by_map_operator",0,backPressuredTimeMsPerSecond,0.0
1784198230,8,"Source: Source-data -> LoadJSON, Parse, _stream_key_by_map_operator",1,busyTimeMsPerSecond,0.0
1784198230,8,"Source: Source-data -> LoadJSON, Parse, _stream_key_by_map_operator",1,numRecordsOutPerSecond,0.0
1784198230,8,"Source: Source-data -> LoadJSON, Parse, _stream_key_by_map_operator",1,idleTimeMsPerSecond,0.0
1784198230,8,"Source: Source-data -> LoadJSON, Parse, _stream_key_by_map_operator",1,numRecordsOut,6028.0
1784198230,8,"Source: Source-data -> LoadJSON, Parse, _stream_key_by_map_operator",1,numRecordsIn,6028.0
1784198230,8,"Source: Source-data -> LoadJSON, Parse, _stream_key_by_map_operator",1,numRecordsInPerSecond,0.0
1784198230,8,"Source: Source-data -> LoadJSON, Parse, _stream_key_by_map_operator",1,backPressuredTimeMsPerSecond,1000.0
1784198230,8,"Source: Source-data -> LoadJSON, Parse, _stream_key_by_map_operator",2,busyTimeMsPerSecond,0.0
1784198230,8,"Source: Source-data -> LoadJSON, Parse, _stream_key_by_map_operator",2,numRecordsOutPerSecond,0.0
1784198230,8,"Source: Source-data -> LoadJSON, Parse, _stream_key_by_map_operator",2,idleTimeMsPerSecond,0.0
1784198230,8,"Source: Source-data -> LoadJSON, Parse, _stream_key_by_map_operator",2,numRecordsOut,6234.0
1784198230,8,"Source: Source-data -> LoadJSON, Parse, _stream_key_by_map_operator",2,numRecordsIn,6234.0
1784198230,8,"Source: Source-data -> LoadJSON, Parse, _stream_key_by_map_operator",2,numRecordsInPerSecond,0.0
1784198230,8,"Source: Source-data -> LoadJSON, Parse, _stream_key_by_map_operator",2,backPressuredTimeMsPerSecond,1000.0
1784198230,8,"Source: Source-data -> LoadJSON, Parse, _stream_key_by_map_operator",3,busyTimeMsPerSecond,0.0
1784198230,8,"Source: Source-data -> LoadJSON, Parse, _stream_key_by_map_operator",3,numRecordsOutPerSecond,0.0
1784198230,8,"Source: Source-data -> LoadJSON, Parse, _stream_key_by_map_operator",3,idleTimeMsPerSecond,0.0
1784198230,8,"Source: Source-data -> LoadJSON, Parse, _stream_key_by_map_operator",3,numRecordsOut,6021.0
1784198230,8,"Source: Source-data -> LoadJSON, Parse, _stream_key_by_map_operator",3,numRecordsIn,6021.0
1784198230,8,"Source: Source-data -> LoadJSON, Parse, _stream_key_by_map_operator",3,numRecordsInPerSecond,0.0
1784198230,8,"Source: Source-data -> LoadJSON, Parse, _stream_key_by_map_operator",3,backPressuredTimeMsPerSecond,1000.0
1784198230,8,"Source: Source-data -> LoadJSON, Parse, _stream_key_by_map_operator",4,busyTimeMsPerSecond,0.0
1784198230,8,"Source: Source-data -> LoadJSON, Parse, _stream_key_by_map_operator",4,numRecordsOutPerSecond,0.0
1784198230,8,"Source: Source-data -> LoadJSON, Parse, _stream_key_by_map_operator",4,idleTimeMsPerSecond,0.0
1784198230,8,"Source: Source-data -> LoadJSON, Parse, _stream_key_by_map_operator",4,numRecordsOut,6068.0
1784198230,8,"Source: Source-data -> LoadJSON, Parse, _stream_key_by_map_operator",4,numRecordsIn,6068.0
1784198230,8,"Source: Source-data -> LoadJSON, Parse, _stream_key_by_map_operator",4,numRecordsInPerSecond,0.0
1784198230,8,"Source: Source-data -> LoadJSON, Parse, _stream_key_by_map_operator",4,backPressuredTimeMsPerSecond,1000.0
1784198230,8,"Source: Source-data -> LoadJSON, Parse, _stream_key_by_map_operator",5,busyTimeMsPerSecond,1.0
1784198230,8,"Source: Source-data -> LoadJSON, Parse, _stream_key_by_map_operator",5,numRecordsOutPerSecond,0.016666666666666666
1784198230,8,"Source: Source-data -> LoadJSON, Parse, _stream_key_by_map_operator",5,idleTimeMsPerSecond,999.0
1784198230,8,"Source: Source-data -> LoadJSON, Parse, _stream_key_by_map_operator",5,numRecordsOut,6101.0
1784198230,8,"Source: Source-data -> LoadJSON, Parse, _stream_key_by_map_operator",5,numRecordsIn,6101.0
1784198230,8,"Source: Source-data -> LoadJSON, Parse, _stream_key_by_map_operator",5,numRecordsInPerSecond,0.016666666666666666
1784198230,8,"Source: Source-data -> LoadJSON, Parse, _stream_key_by_map_operator",5,backPressuredTimeMsPerSecond,0.0
1784198230,8,"Source: Source-data -> LoadJSON, Parse, _stream_key_by_map_operator",6,busyTimeMsPerSecond,0.0
1784198230,8,"Source: Source-data -> LoadJSON, Parse, _stream_key_by_map_operator",6,numRecordsOutPerSecond,0.0
1784198230,8,"Source: Source-data -> LoadJSON, Parse, _stream_key_by_map_operator",6,idleTimeMsPerSecond,0.0
1784198230,8,"Source: Source-data -> LoadJSON, Parse, _stream_key_by_map_operator",6,numRecordsOut,6065.0
1784198230,8,"Source: Source-data -> LoadJSON, Parse, _stream_key_by_map_operator",6,numRecordsIn,6065.0
1784198230,8,"Source: Source-data -> LoadJSON, Parse, _stream_key_by_map_operator",6,numRecordsInPerSecond,0.0
1784198230,8,"Source: Source-data -> LoadJSON, Parse, _stream_key_by_map_operator",6,backPressuredTimeMsPerSecond,1000.0
1784198230,8,"Source: Source-data -> LoadJSON, Parse, _stream_key_by_map_operator",7,busyTimeMsPerSecond,0.0
1784198230,8,"Source: Source-data -> LoadJSON, Parse, _stream_key_by_map_operator",7,numRecordsOutPerSecond,0.0
1784198230,8,"Source: Source-data -> LoadJSON, Parse, _stream_key_by_map_operator",7,idleTimeMsPerSecond,1000.0
1784198230,8,"Source: Source-data -> LoadJSON, Parse, _stream_key_by_map_operator",7,numRecordsOut,5971.0
1784198230,8,"Source: Source-data -> LoadJSON, Parse, _stream_key_by_map_operator",7,numRecordsIn,5971.0
1784198230,8,"Source: Source-data -> LoadJSON, Parse, _stream_key_by_map_operator",7,numRecordsInPerSecond,0.0
1784198230,8,"Source: Source-data -> LoadJSON, Parse, _stream_key_by_map_operator",7,backPressuredTimeMsPerSecond,0.0
1784198230,8,"KEYED PROCESS, Parse->Train, _stream_key_by_map_operator",0,busyTimeMsPerSecond,532.0
1784198230,8,"KEYED PROCESS, Parse->Train, _stream_key_by_map_operator",0,numRecordsOutPerSecond,0.16666666666666666
1784198230,8,"KEYED PROCESS, Parse->Train, _stream_key_by_map_operator",0,idleTimeMsPerSecond,0.0
1784198230,8,"KEYED PROCESS, Parse->Train, _stream_key_by_map_operator",0,numRecordsOut,194.0
1784198230,8,"KEYED PROCESS, Parse->Train, _stream_key_by_map_operator",0,numRecordsIn,195.0
1784198230,8,"KEYED PROCESS, Parse->Train, _stream_key_by_map_operator",0,numRecordsInPerSecond,0.16666666666666666
1784198230,8,"KEYED PROCESS, Parse->Train, _stream_key_by_map_operator",0,backPressuredTimeMsPerSecond,468.0
1784198230,8,"KEYED PROCESS, Parse->Train, _stream_key_by_map_operator",1,busyTimeMsPerSecond,388.0
1784198230,8,"KEYED PROCESS, Parse->Train, _stream_key_by_map_operator",1,numRecordsOutPerSecond,0.13333333333333333
1784198230,8,"KEYED PROCESS, Parse->Train, _stream_key_by_map_operator",1,idleTimeMsPerSecond,0.0
1784198230,8,"KEYED PROCESS, Parse->Train, _stream_key_by_map_operator",1,numRecordsOut,195.0
1784198230,8,"KEYED PROCESS, Parse->Train, _stream_key_by_map_operator",1,numRecordsIn,196.0
1784198230,8,"KEYED PROCESS, Parse->Train, _stream_key_by_map_operator",1,numRecordsInPerSecond,0.13333333333333333
1784198230,8,"KEYED PROCESS, Parse->Train, _stream_key_by_map_operator",1,backPressuredTimeMsPerSecond,612.0
1784198230,8,"KEYED PROCESS, Parse->Train, _stream_key_by_map_operator",2,busyTimeMsPerSecond,297.0
1784198230,8,"KEYED PROCESS, Parse->Train, _stream_key_by_map_operator",2,numRecordsOutPerSecond,0.08333333333333333
1784198230,8,"KEYED PROCESS, Parse->Train, _stream_key_by_map_operator",2,idleTimeMsPerSecond,0.0
1784198230,8,"KEYED PROCESS, Parse->Train, _stream_key_by_map_operator",2,numRecordsOut,152.0
1784198230,8,"KEYED PROCESS, Parse->Train, _stream_key_by_map_operator",2,numRecordsIn,153.0
1784198230,8,"KEYED PROCESS, Parse->Train, _stream_key_by_map_operator",2,numRecordsInPerSecond,0.08333333333333333
1784198230,8,"KEYED PROCESS, Parse->Train, _stream_key_by_map_operator",2,backPressuredTimeMsPerSecond,703.0
1784198230,8,"KEYED PROCESS, Parse->Train, _stream_key_by_map_operator",3,busyTimeMsPerSecond,0.0
1784198230,8,"KEYED PROCESS, Parse->Train, _stream_key_by_map_operator",3,numRecordsOutPerSecond,0.0
1784198230,8,"KEYED PROCESS, Parse->Train, _stream_key_by_map_operator",3,idleTimeMsPerSecond,1000.0
1784198230,8,"KEYED PROCESS, Parse->Train, _stream_key_by_map_operator",3,numRecordsOut,0.0
1784198230,8,"KEYED PROCESS, Parse->Train, _stream_key_by_map_operator",3,numRecordsIn,0.0
1784198230,8,"KEYED PROCESS, Parse->Train, _stream_key_by_map_operator",3,numRecordsInPerSecond,0.0
1784198230,8,"KEYED PROCESS, Parse->Train, _stream_key_by_map_operator",3,backPressuredTimeMsPerSecond,0.0
1784198230,8,"KEYED PROCESS, Parse->Train, _stream_key_by_map_operator",4,busyTimeMsPerSecond,537.0
1784198230,8,"KEYED PROCESS, Parse->Train, _stream_key_by_map_operator",4,numRecordsOutPerSecond,0.16666666666666666
1784198230,8,"KEYED PROCESS, Parse->Train, _stream_key_by_map_operator",4,idleTimeMsPerSecond,0.0
1784198230,8,"KEYED PROCESS, Parse->Train, _stream_key_by_map_operator",4,numRecordsOut,227.0
1784198230,8,"KEYED PROCESS, Parse->Train, _stream_key_by_map_operator",4,numRecordsIn,228.0
1784198230,8,"KEYED PROCESS, Parse->Train, _stream_key_by_map_operator",4,numRecordsInPerSecond,0.16666666666666666
1784198230,8,"KEYED PROCESS, Parse->Train, _stream_key_by_map_operator",4,backPressuredTimeMsPerSecond,463.0
1784198230,8,"KEYED PROCESS, Parse->Train, _stream_key_by_map_operator",5,busyTimeMsPerSecond,0.0
1784198230,8,"KEYED PROCESS, Parse->Train, _stream_key_by_map_operator",5,numRecordsOutPerSecond,0.0
1784198230,8,"KEYED PROCESS, Parse->Train, _stream_key_by_map_operator",5,idleTimeMsPerSecond,1000.0
1784198230,8,"KEYED PROCESS, Parse->Train, _stream_key_by_map_operator",5,numRecordsOut,0.0
1784198230,8,"KEYED PROCESS, Parse->Train, _stream_key_by_map_operator",5,numRecordsIn,0.0
1784198230,8,"KEYED PROCESS, Parse->Train, _stream_key_by_map_operator",5,numRecordsInPerSecond,0.0
1784198230,8,"KEYED PROCESS, Parse->Train, _stream_key_by_map_operator",5,backPressuredTimeMsPerSecond,0.0
1784198230,8,"KEYED PROCESS, Parse->Train, _stream_key_by_map_operator",6,busyTimeMsPerSecond,0.0
1784198230,8,"KEYED PROCESS, Parse->Train, _stream_key_by_map_operator",6,numRecordsOutPerSecond,0.0
1784198230,8,"KEYED PROCESS, Parse->Train, _stream_key_by_map_operator",6,idleTimeMsPerSecond,1000.0
1784198230,8,"KEYED PROCESS, Parse->Train, _stream_key_by_map_operator",6,numRecordsOut,0.0
1784198230,8,"KEYED PROCESS, Parse->Train, _stream_key_by_map_operator",6,numRecordsIn,0.0
1784198230,8,"KEYED PROCESS, Parse->Train, _stream_key_by_map_operator",6,numRecordsInPerSecond,0.0
1784198230,8,"KEYED PROCESS, Parse->Train, _stream_key_by_map_operator",6,backPressuredTimeMsPerSecond,0.0
1784198230,8,"KEYED PROCESS, Parse->Train, _stream_key_by_map_operator",7,busyTimeMsPerSecond,551.0
1784198230,8,"KEYED PROCESS, Parse->Train, _stream_key_by_map_operator",7,numRecordsOutPerSecond,0.13333333333333333
1784198230,8,"KEYED PROCESS, Parse->Train, _stream_key_by_map_operator",7,idleTimeMsPerSecond,0.0
1784198230,8,"KEYED PROCESS, Parse->Train, _stream_key_by_map_operator",7,numRecordsOut,163.0
1784198230,8,"KEYED PROCESS, Parse->Train, _stream_key_by_map_operator",7,numRecordsIn,164.0
1784198230,8,"KEYED PROCESS, Parse->Train, _stream_key_by_map_operator",7,numRecordsInPerSecond,0.13333333333333333
1784198230,8,"KEYED PROCESS, Parse->Train, _stream_key_by_map_operator",7,backPressuredTimeMsPerSecond,449.0
1784198230,8,"KEYED PROCESS, Train->Infer, _stream_key_by_map_operator",0,busyTimeMsPerSecond,375.0
1784198230,8,"KEYED PROCESS, Train->Infer, _stream_key_by_map_operator",0,numRecordsOutPerSecond,41.666666666666664
1784198230,8,"KEYED PROCESS, Train->Infer, _stream_key_by_map_operator",0,idleTimeMsPerSecond,625.0
1784198230,8,"KEYED PROCESS, Train->Infer, _stream_key_by_map_operator",0,numRecordsOut,43881.0
1784198230,8,"KEYED PROCESS, Train->Infer, _stream_key_by_map_operator",0,numRecordsIn,149.0
1784198230,8,"KEYED PROCESS, Train->Infer, _stream_key_by_map_operator",0,numRecordsInPerSecond,0.06666666666666667
1784198230,8,"KEYED PROCESS, Train->Infer, _stream_key_by_map_operator",0,backPressuredTimeMsPerSecond,0.0
1784198230,8,"KEYED PROCESS, Train->Infer, _stream_key_by_map_operator",1,busyTimeMsPerSecond,268.0
1784198230,8,"KEYED PROCESS, Train->Infer, _stream_key_by_map_operator",1,numRecordsOutPerSecond,25.0
1784198230,8,"KEYED PROCESS, Train->Infer, _stream_key_by_map_operator",1,idleTimeMsPerSecond,685.0
1784198230,8,"KEYED PROCESS, Train->Infer, _stream_key_by_map_operator",1,numRecordsOut,41059.0
1784198230,8,"KEYED PROCESS, Train->Infer, _stream_key_by_map_operator",1,numRecordsIn,142.0
1784198230,8,"KEYED PROCESS, Train->Infer, _stream_key_by_map_operator",1,numRecordsInPerSecond,0.05
1784198230,8,"KEYED PROCESS, Train->Infer, _stream_key_by_map_operator",1,backPressuredTimeMsPerSecond,47.0
1784198230,8,"KEYED PROCESS, Train->Infer, _stream_key_by_map_operator",2,busyTimeMsPerSecond,627.0
1784198230,8,"KEYED PROCESS, Train->Infer, _stream_key_by_map_operator",2,numRecordsOutPerSecond,58.333333333333336
1784198230,8,"KEYED PROCESS, Train->Infer, _stream_key_by_map_operator",2,idleTimeMsPerSecond,0.0
1784198230,8,"KEYED PROCESS, Train->Infer, _stream_key_by_map_operator",2,numRecordsOut,48015.0
1784198230,8,"KEYED PROCESS, Train->Infer, _stream_key_by_map_operator",2,numRecordsIn,112.0
1784198230,8,"KEYED PROCESS, Train->Infer, _stream_key_by_map_operator",2,numRecordsInPerSecond,0.13333333333333333
1784198230,8,"KEYED PROCESS, Train->Infer, _stream_key_by_map_operator",2,backPressuredTimeMsPerSecond,373.0
1784198230,8,"KEYED PROCESS, Train->Infer, _stream_key_by_map_operator",3,busyTimeMsPerSecond,740.0
1784198230,8,"KEYED PROCESS, Train->Infer, _stream_key_by_map_operator",3,numRecordsOutPerSecond,83.33333333333333
1784198230,8,"KEYED PROCESS, Train->Infer, _stream_key_by_map_operator",3,idleTimeMsPerSecond,260.0
1784198230,8,"KEYED PROCESS, Train->Infer, _stream_key_by_map_operator",3,numRecordsOut,48500.0
1784198230,8,"KEYED PROCESS, Train->Infer, _stream_key_by_map_operator",3,numRecordsIn,98.0
1784198230,8,"KEYED PROCESS, Train->Infer, _stream_key_by_map_operator",3,numRecordsInPerSecond,0.16666666666666666
1784198230,8,"KEYED PROCESS, Train->Infer, _stream_key_by_map_operator",3,backPressuredTimeMsPerSecond,0.0
1784198230,8,"KEYED PROCESS, Train->Infer, _stream_key_by_map_operator",4,busyTimeMsPerSecond,301.0
1784198230,8,"KEYED PROCESS, Train->Infer, _stream_key_by_map_operator",4,numRecordsOutPerSecond,25.0
1784198230,8,"KEYED PROCESS, Train->Infer, _stream_key_by_map_operator",4,idleTimeMsPerSecond,699.0
1784198230,8,"KEYED PROCESS, Train->Infer, _stream_key_by_map_operator",4,numRecordsOut,32075.0
1784198230,8,"KEYED PROCESS, Train->Infer, _stream_key_by_map_operator",4,numRecordsIn,139.0
1784198230,8,"KEYED PROCESS, Train->Infer, _stream_key_by_map_operator",4,numRecordsInPerSecond,0.05
1784198230,8,"KEYED PROCESS, Train->Infer, _stream_key_by_map_operator",4,backPressuredTimeMsPerSecond,0.0
1784198230,8,"KEYED PROCESS, Train->Infer, _stream_key_by_map_operator",5,busyTimeMsPerSecond,232.0
1784198230,8,"KEYED PROCESS, Train->Infer, _stream_key_by_map_operator",5,numRecordsOutPerSecond,25.0
1784198230,8,"KEYED PROCESS, Train->Infer, _stream_key_by_map_operator",5,idleTimeMsPerSecond,768.0
1784198230,8,"KEYED PROCESS, Train->Infer, _stream_key_by_map_operator",5,numRecordsOut,42000.0
1784198230,8,"KEYED PROCESS, Train->Infer, _stream_key_by_map_operator",5,numRecordsIn,84.0
1784198230,8,"KEYED PROCESS, Train->Infer, _stream_key_by_map_operator",5,numRecordsInPerSecond,0.05
1784198230,8,"KEYED PROCESS, Train->Infer, _stream_key_by_map_operator",5,backPressuredTimeMsPerSecond,0.0
1784198230,8,"KEYED PROCESS, Train->Infer, _stream_key_by_map_operator",6,busyTimeMsPerSecond,553.0
1784198230,8,"KEYED PROCESS, Train->Infer, _stream_key_by_map_operator",6,numRecordsOutPerSecond,50.0
1784198230,8,"KEYED PROCESS, Train->Infer, _stream_key_by_map_operator",6,idleTimeMsPerSecond,447.0
1784198230,8,"KEYED PROCESS, Train->Infer, _stream_key_by_map_operator",6,numRecordsOut,46500.0
1784198230,8,"KEYED PROCESS, Train->Infer, _stream_key_by_map_operator",6,numRecordsIn,94.0
1784198230,8,"KEYED PROCESS, Train->Infer, _stream_key_by_map_operator",6,numRecordsInPerSecond,0.11666666666666667
1784198230,8,"KEYED PROCESS, Train->Infer, _stream_key_by_map_operator",6,backPressuredTimeMsPerSecond,0.0
1784198230,8,"KEYED PROCESS, Train->Infer, _stream_key_by_map_operator",7,busyTimeMsPerSecond,541.0
1784198230,8,"KEYED PROCESS, Train->Infer, _stream_key_by_map_operator",7,numRecordsOutPerSecond,41.666666666666664
1784198230,8,"KEYED PROCESS, Train->Infer, _stream_key_by_map_operator",7,idleTimeMsPerSecond,268.0
1784198230,8,"KEYED PROCESS, Train->Infer, _stream_key_by_map_operator",7,numRecordsOut,43530.0
1784198230,8,"KEYED PROCESS, Train->Infer, _stream_key_by_map_operator",7,numRecordsIn,118.0
1784198230,8,"KEYED PROCESS, Train->Infer, _stream_key_by_map_operator",7,numRecordsInPerSecond,0.1
1784198230,8,"KEYED PROCESS, Train->Infer, _stream_key_by_map_operator",7,backPressuredTimeMsPerSecond,191.0
1784198230,8,"Infer->Rank, Rank->Filter, Filter -> Sink: Writer -> Sink: Committer",0,busyTimeMsPerSecond,1000.0
1784198230,8,"Infer->Rank, Rank->Filter, Filter -> Sink: Writer -> Sink: Committer",0,numRecordsOutPerSecond,41.666666666666664
1784198230,8,"Infer->Rank, Rank->Filter, Filter -> Sink: Writer -> Sink: Committer",0,idleTimeMsPerSecond,0.0
1784198230,8,"Infer->Rank, Rank->Filter, Filter -> Sink: Writer -> Sink: Committer",0,numRecordsOut,37314.0
1784198230,8,"Infer->Rank, Rank->Filter, Filter -> Sink: Writer -> Sink: Committer",0,numRecordsIn,43340.0
1784198230,8,"Infer->Rank, Rank->Filter, Filter -> Sink: Writer -> Sink: Committer",0,numRecordsInPerSecond,55.63333333333333
1784198230,8,"Infer->Rank, Rank->Filter, Filter -> Sink: Writer -> Sink: Committer",0,backPressuredTimeMsPerSecond,0.0
1784198230,8,"Infer->Rank, Rank->Filter, Filter -> Sink: Writer -> Sink: Committer",1,busyTimeMsPerSecond,1000.0
1784198230,8,"Infer->Rank, Rank->Filter, Filter -> Sink: Writer -> Sink: Committer",1,numRecordsOutPerSecond,56.0
1784198230,8,"Infer->Rank, Rank->Filter, Filter -> Sink: Writer -> Sink: Committer",1,idleTimeMsPerSecond,0.0
1784198230,8,"Infer->Rank, Rank->Filter, Filter -> Sink: Writer -> Sink: Committer",1,numRecordsOut,36470.0
1784198230,8,"Infer->Rank, Rank->Filter, Filter -> Sink: Writer -> Sink: Committer",1,numRecordsIn,41042.0
1784198230,8,"Infer->Rank, Rank->Filter, Filter -> Sink: Writer -> Sink: Committer",1,numRecordsInPerSecond,71.56666666666666
1784198230,8,"Infer->Rank, Rank->Filter, Filter -> Sink: Writer -> Sink: Committer",1,backPressuredTimeMsPerSecond,0.0
1784198230,8,"Infer->Rank, Rank->Filter, Filter -> Sink: Writer -> Sink: Committer",2,busyTimeMsPerSecond,1000.0
1784198230,8,"Infer->Rank, Rank->Filter, Filter -> Sink: Writer -> Sink: Committer",2,numRecordsOutPerSecond,47.666666666666664
1784198230,8,"Infer->Rank, Rank->Filter, Filter -> Sink: Writer -> Sink: Committer",2,idleTimeMsPerSecond,0.0
1784198230,8,"Infer->Rank, Rank->Filter, Filter -> Sink: Writer -> Sink: Committer",2,numRecordsOut,38430.0
1784198230,8,"Infer->Rank, Rank->Filter, Filter -> Sink: Writer -> Sink: Committer",2,numRecordsIn,44946.0
1784198230,8,"Infer->Rank, Rank->Filter, Filter -> Sink: Writer -> Sink: Committer",2,numRecordsInPerSecond,64.21666666666667
1784198230,8,"Infer->Rank, Rank->Filter, Filter -> Sink: Writer -> Sink: Committer",2,backPressuredTimeMsPerSecond,0.0
1784198230,8,"Infer->Rank, Rank->Filter, Filter -> Sink: Writer -> Sink: Committer",3,busyTimeMsPerSecond,929.0
1784198230,8,"Infer->Rank, Rank->Filter, Filter -> Sink: Writer -> Sink: Committer",3,numRecordsOutPerSecond,37.666666666666664
1784198230,8,"Infer->Rank, Rank->Filter, Filter -> Sink: Writer -> Sink: Committer",3,idleTimeMsPerSecond,71.0
1784198230,8,"Infer->Rank, Rank->Filter, Filter -> Sink: Writer -> Sink: Committer",3,numRecordsOut,39510.0
1784198230,8,"Infer->Rank, Rank->Filter, Filter -> Sink: Writer -> Sink: Committer",3,numRecordsIn,46512.0
1784198230,8,"Infer->Rank, Rank->Filter, Filter -> Sink: Writer -> Sink: Committer",3,numRecordsInPerSecond,62.666666666666664
1784198230,8,"Infer->Rank, Rank->Filter, Filter -> Sink: Writer -> Sink: Committer",3,backPressuredTimeMsPerSecond,0.0
1784198230,8,"Infer->Rank, Rank->Filter, Filter -> Sink: Writer -> Sink: Committer",4,busyTimeMsPerSecond,445.0
1784198230,8,"Infer->Rank, Rank->Filter, Filter -> Sink: Writer -> Sink: Committer",4,numRecordsOutPerSecond,16.5
1784198230,8,"Infer->Rank, Rank->Filter, Filter -> Sink: Writer -> Sink: Committer",4,idleTimeMsPerSecond,555.0
1784198230,8,"Infer->Rank, Rank->Filter, Filter -> Sink: Writer -> Sink: Committer",4,numRecordsOut,29970.0
1784198230,8,"Infer->Rank, Rank->Filter, Filter -> Sink: Writer -> Sink: Committer",4,numRecordsIn,32075.0
1784198230,8,"Infer->Rank, Rank->Filter, Filter -> Sink: Writer -> Sink: Committer",4,numRecordsInPerSecond,25.0
1784198230,8,"Infer->Rank, Rank->Filter, Filter -> Sink: Writer -> Sink: Committer",4,backPressuredTimeMsPerSecond,0.0
1784198230,8,"Infer->Rank, Rank->Filter, Filter -> Sink: Writer -> Sink: Committer",5,busyTimeMsPerSecond,342.0
1784198230,8,"Infer->Rank, Rank->Filter, Filter -> Sink: Writer -> Sink: Committer",5,numRecordsOutPerSecond,33.0
1784198230,8,"Infer->Rank, Rank->Filter, Filter -> Sink: Writer -> Sink: Committer",5,idleTimeMsPerSecond,658.0
1784198230,8,"Infer->Rank, Rank->Filter, Filter -> Sink: Writer -> Sink: Committer",5,numRecordsOut,37500.0
1784198230,8,"Infer->Rank, Rank->Filter, Filter -> Sink: Writer -> Sink: Committer",5,numRecordsIn,42000.0
1784198230,8,"Infer->Rank, Rank->Filter, Filter -> Sink: Writer -> Sink: Committer",5,numRecordsInPerSecond,32.85
1784198230,8,"Infer->Rank, Rank->Filter, Filter -> Sink: Writer -> Sink: Committer",5,backPressuredTimeMsPerSecond,0.0
1784198230,8,"Infer->Rank, Rank->Filter, Filter -> Sink: Writer -> Sink: Committer",6,busyTimeMsPerSecond,749.0
1784198230,8,"Infer->Rank, Rank->Filter, Filter -> Sink: Writer -> Sink: Committer",6,numRecordsOutPerSecond,49.833333333333336
1784198230,8,"Infer->Rank, Rank->Filter, Filter -> Sink: Writer -> Sink: Committer",6,idleTimeMsPerSecond,251.0
1784198230,8,"Infer->Rank, Rank->Filter, Filter -> Sink: Writer -> Sink: Committer",6,numRecordsOut,40090.0
1784198230,8,"Infer->Rank, Rank->Filter, Filter -> Sink: Writer -> Sink: Committer",6,numRecordsIn,46092.0
1784198230,8,"Infer->Rank, Rank->Filter, Filter -> Sink: Writer -> Sink: Committer",6,numRecordsInPerSecond,58.15
1784198230,8,"Infer->Rank, Rank->Filter, Filter -> Sink: Writer -> Sink: Committer",6,backPressuredTimeMsPerSecond,0.0
1784198230,8,"Infer->Rank, Rank->Filter, Filter -> Sink: Writer -> Sink: Committer",7,busyTimeMsPerSecond,1000.0
1784198230,8,"Infer->Rank, Rank->Filter, Filter -> Sink: Writer -> Sink: Committer",7,numRecordsOutPerSecond,48.833333333333336
1784198230,8,"Infer->Rank, Rank->Filter, Filter -> Sink: Writer -> Sink: Committer",7,idleTimeMsPerSecond,0.0
1784198230,8,"Infer->Rank, Rank->Filter, Filter -> Sink: Writer -> Sink: Committer",7,numRecordsOut,39700.0
1784198230,8,"Infer->Rank, Rank->Filter, Filter -> Sink: Writer -> Sink: Committer",7,numRecordsIn,41250.0
1784198230,8,"Infer->Rank, Rank->Filter, Filter -> Sink: Writer -> Sink: Committer",7,numRecordsInPerSecond,57.03333333333333
1784198230,8,"Infer->Rank, Rank->Filter, Filter -> Sink: Writer -> Sink: Committer",7,backPressuredTimeMsPerSecond,0.0
1784198245,8,"Source: Source-data -> LoadJSON, Parse, _stream_key_by_map_operator",0,busyTimeMsPerSecond,3.0
1784198245,8,"Source: Source-data -> LoadJSON, Parse, _stream_key_by_map_operator",0,numRecordsOutPerSecond,0.016666666666666666
1784198245,8,"Source: Source-data -> LoadJSON, Parse, _stream_key_by_map_operator",0,idleTimeMsPerSecond,997.0
1784198245,8,"Source: Source-data -> LoadJSON, Parse, _stream_key_by_map_operator",0,numRecordsOut,6131.0
1784198245,8,"Source: Source-data -> LoadJSON, Parse, _stream_key_by_map_operator",0,numRecordsIn,6131.0
1784198245,8,"Source: Source-data -> LoadJSON, Parse, _stream_key_by_map_operator",0,numRecordsInPerSecond,0.016666666666666666
1784198245,8,"Source: Source-data -> LoadJSON, Parse, _stream_key_by_map_operator",0,backPressuredTimeMsPerSecond,0.0
1784198245,8,"Source: Source-data -> LoadJSON, Parse, _stream_key_by_map_operator",1,busyTimeMsPerSecond,0.0
1784198245,8,"Source: Source-data -> LoadJSON, Parse, _stream_key_by_map_operator",1,numRecordsOutPerSecond,0.0
1784198245,8,"Source: Source-data -> LoadJSON, Parse, _stream_key_by_map_operator",1,idleTimeMsPerSecond,0.0
1784198245,8,"Source: Source-data -> LoadJSON, Parse, _stream_key_by_map_operator",1,numRecordsOut,6028.0
1784198245,8,"Source: Source-data -> LoadJSON, Parse, _stream_key_by_map_operator",1,numRecordsIn,6028.0
1784198245,8,"Source: Source-data -> LoadJSON, Parse, _stream_key_by_map_operator",1,numRecordsInPerSecond,0.0
1784198245,8,"Source: Source-data -> LoadJSON, Parse, _stream_key_by_map_operator",1,backPressuredTimeMsPerSecond,1000.0
1784198245,8,"Source: Source-data -> LoadJSON, Parse, _stream_key_by_map_operator",2,busyTimeMsPerSecond,0.0
1784198245,8,"Source: Source-data -> LoadJSON, Parse, _stream_key_by_map_operator",2,numRecordsOutPerSecond,0.0
1784198245,8,"Source: Source-data -> LoadJSON, Parse, _stream_key_by_map_operator",2,idleTimeMsPerSecond,0.0
1784198245,8,"Source: Source-data -> LoadJSON, Parse, _stream_key_by_map_operator",2,numRecordsOut,6234.0
1784198245,8,"Source: Source-data -> LoadJSON, Parse, _stream_key_by_map_operator",2,numRecordsIn,6234.0
1784198245,8,"Source: Source-data -> LoadJSON, Parse, _stream_key_by_map_operator",2,numRecordsInPerSecond,0.0
1784198245,8,"Source: Source-data -> LoadJSON, Parse, _stream_key_by_map_operator",2,backPressuredTimeMsPerSecond,1000.0
1784198245,8,"Source: Source-data -> LoadJSON, Parse, _stream_key_by_map_operator",3,busyTimeMsPerSecond,0.0
1784198245,8,"Source: Source-data -> LoadJSON, Parse, _stream_key_by_map_operator",3,numRecordsOutPerSecond,0.0
1784198245,8,"Source: Source-data -> LoadJSON, Parse, _stream_key_by_map_operator",3,idleTimeMsPerSecond,0.0
1784198245,8,"Source: Source-data -> LoadJSON, Parse, _stream_key_by_map_operator",3,numRecordsOut,6021.0
1784198245,8,"Source: Source-data -> LoadJSON, Parse, _stream_key_by_map_operator",3,numRecordsIn,6021.0
1784198245,8,"Source: Source-data -> LoadJSON, Parse, _stream_key_by_map_operator",3,numRecordsInPerSecond,0.0
1784198245,8,"Source: Source-data -> LoadJSON, Parse, _stream_key_by_map_operator",3,backPressuredTimeMsPerSecond,1000.0
1784198245,8,"Source: Source-data -> LoadJSON, Parse, _stream_key_by_map_operator",4,busyTimeMsPerSecond,0.0
1784198245,8,"Source: Source-data -> LoadJSON, Parse, _stream_key_by_map_operator",4,numRecordsOutPerSecond,0.0
1784198245,8,"Source: Source-data -> LoadJSON, Parse, _stream_key_by_map_operator",4,idleTimeMsPerSecond,0.0
1784198245,8,"Source: Source-data -> LoadJSON, Parse, _stream_key_by_map_operator",4,numRecordsOut,6068.0
1784198245,8,"Source: Source-data -> LoadJSON, Parse, _stream_key_by_map_operator",4,numRecordsIn,6068.0
1784198245,8,"Source: Source-data -> LoadJSON, Parse, _stream_key_by_map_operator",4,numRecordsInPerSecond,0.0
1784198245,8,"Source: Source-data -> LoadJSON, Parse, _stream_key_by_map_operator",4,backPressuredTimeMsPerSecond,1000.0
1784198245,8,"Source: Source-data -> LoadJSON, Parse, _stream_key_by_map_operator",5,busyTimeMsPerSecond,0.0
1784198245,8,"Source: Source-data -> LoadJSON, Parse, _stream_key_by_map_operator",5,numRecordsOutPerSecond,0.016666666666666666
1784198245,8,"Source: Source-data -> LoadJSON, Parse, _stream_key_by_map_operator",5,idleTimeMsPerSecond,1000.0
1784198245,8,"Source: Source-data -> LoadJSON, Parse, _stream_key_by_map_operator",5,numRecordsOut,6101.0
1784198245,8,"Source: Source-data -> LoadJSON, Parse, _stream_key_by_map_operator",5,numRecordsIn,6101.0
1784198245,8,"Source: Source-data -> LoadJSON, Parse, _stream_key_by_map_operator",5,numRecordsInPerSecond,0.016666666666666666
1784198245,8,"Source: Source-data -> LoadJSON, Parse, _stream_key_by_map_operator",5,backPressuredTimeMsPerSecond,0.0
1784198245,8,"Source: Source-data -> LoadJSON, Parse, _stream_key_by_map_operator",6,busyTimeMsPerSecond,0.0
1784198245,8,"Source: Source-data -> LoadJSON, Parse, _stream_key_by_map_operator",6,numRecordsOutPerSecond,0.0
1784198245,8,"Source: Source-data -> LoadJSON, Parse, _stream_key_by_map_operator",6,idleTimeMsPerSecond,0.0
1784198245,8,"Source: Source-data -> LoadJSON, Parse, _stream_key_by_map_operator",6,numRecordsOut,6065.0
1784198245,8,"Source: Source-data -> LoadJSON, Parse, _stream_key_by_map_operator",6,numRecordsIn,6065.0
1784198245,8,"Source: Source-data -> LoadJSON, Parse, _stream_key_by_map_operator",6,numRecordsInPerSecond,0.0
1784198245,8,"Source: Source-data -> LoadJSON, Parse, _stream_key_by_map_operator",6,backPressuredTimeMsPerSecond,1000.0
1784198245,8,"Source: Source-data -> LoadJSON, Parse, _stream_key_by_map_operator",7,busyTimeMsPerSecond,2.0
1784198245,8,"Source: Source-data -> LoadJSON, Parse, _stream_key_by_map_operator",7,numRecordsOutPerSecond,0.016666666666666666
1784198245,8,"Source: Source-data -> LoadJSON, Parse, _stream_key_by_map_operator",7,idleTimeMsPerSecond,884.0
1784198245,8,"Source: Source-data -> LoadJSON, Parse, _stream_key_by_map_operator",7,numRecordsOut,5972.0
1784198245,8,"Source: Source-data -> LoadJSON, Parse, _stream_key_by_map_operator",7,numRecordsIn,5972.0
1784198245,8,"Source: Source-data -> LoadJSON, Parse, _stream_key_by_map_operator",7,numRecordsInPerSecond,0.016666666666666666
1784198245,8,"Source: Source-data -> LoadJSON, Parse, _stream_key_by_map_operator",7,backPressuredTimeMsPerSecond,114.0
1784198245,8,"KEYED PROCESS, Parse->Train, _stream_key_by_map_operator",0,busyTimeMsPerSecond,592.0
1784198245,8,"KEYED PROCESS, Parse->Train, _stream_key_by_map_operator",0,numRecordsOutPerSecond,0.18333333333333332
1784198245,8,"KEYED PROCESS, Parse->Train, _stream_key_by_map_operator",0,idleTimeMsPerSecond,0.0
1784198245,8,"KEYED PROCESS, Parse->Train, _stream_key_by_map_operator",0,numRecordsOut,197.0
1784198245,8,"KEYED PROCESS, Parse->Train, _stream_key_by_map_operator",0,numRecordsIn,198.0
1784198245,8,"KEYED PROCESS, Parse->Train, _stream_key_by_map_operator",0,numRecordsInPerSecond,0.18333333333333332
1784198245,8,"KEYED PROCESS, Parse->Train, _stream_key_by_map_operator",0,backPressuredTimeMsPerSecond,408.0
1784198245,8,"KEYED PROCESS, Parse->Train, _stream_key_by_map_operator",1,busyTimeMsPerSecond,362.0
1784198245,8,"KEYED PROCESS, Parse->Train, _stream_key_by_map_operator",1,numRecordsOutPerSecond,0.11666666666666667
1784198245,8,"KEYED PROCESS, Parse->Train, _stream_key_by_map_operator",1,idleTimeMsPerSecond,0.0
1784198245,8,"KEYED PROCESS, Parse->Train, _stream_key_by_map_operator",1,numRecordsOut,199.0
1784198245,8,"KEYED PROCESS, Parse->Train, _stream_key_by_map_operator",1,numRecordsIn,200.0
1784198245,8,"KEYED PROCESS, Parse->Train, _stream_key_by_map_operator",1,numRecordsInPerSecond,0.11666666666666667
1784198245,8,"KEYED PROCESS, Parse->Train, _stream_key_by_map_operator",1,backPressuredTimeMsPerSecond,638.0
1784198245,8,"KEYED PROCESS, Parse->Train, _stream_key_by_map_operator",2,busyTimeMsPerSecond,407.0
1784198245,8,"KEYED PROCESS, Parse->Train, _stream_key_by_map_operator",2,numRecordsOutPerSecond,0.11666666666666667
1784198245,8,"KEYED PROCESS, Parse->Train, _stream_key_by_map_operator",2,idleTimeMsPerSecond,0.0
1784198245,8,"KEYED PROCESS, Parse->Train, _stream_key_by_map_operator",2,numRecordsOut,155.0
1784198245,8,"KEYED PROCESS, Parse->Train, _stream_key_by_map_operator",2,numRecordsIn,156.0
1784198245,8,"KEYED PROCESS, Parse->Train, _stream_key_by_map_operator",2,numRecordsInPerSecond,0.11666666666666667
1784198245,8,"KEYED PROCESS, Parse->Train, _stream_key_by_map_operator",2,backPressuredTimeMsPerSecond,593.0
1784198245,8,"KEYED PROCESS, Parse->Train, _stream_key_by_map_operator",3,busyTimeMsPerSecond,0.0
1784198245,8,"KEYED PROCESS, Parse->Train, _stream_key_by_map_operator",3,numRecordsOutPerSecond,0.0
1784198245,8,"KEYED PROCESS, Parse->Train, _stream_key_by_map_operator",3,idleTimeMsPerSecond,1000.0
1784198245,8,"KEYED PROCESS, Parse->Train, _stream_key_by_map_operator",3,numRecordsOut,0.0
1784198245,8,"KEYED PROCESS, Parse->Train, _stream_key_by_map_operator",3,numRecordsIn,0.0
1784198245,8,"KEYED PROCESS, Parse->Train, _stream_key_by_map_operator",3,numRecordsInPerSecond,0.0
1784198245,8,"KEYED PROCESS, Parse->Train, _stream_key_by_map_operator",3,backPressuredTimeMsPerSecond,0.0
1784198245,8,"KEYED PROCESS, Parse->Train, _stream_key_by_map_operator",4,busyTimeMsPerSecond,419.0
1784198245,8,"KEYED PROCESS, Parse->Train, _stream_key_by_map_operator",4,numRecordsOutPerSecond,0.13333333333333333
1784198245,8,"KEYED PROCESS, Parse->Train, _stream_key_by_map_operator",4,idleTimeMsPerSecond,0.0
1784198245,8,"KEYED PROCESS, Parse->Train, _stream_key_by_map_operator",4,numRecordsOut,229.0
1784198245,8,"KEYED PROCESS, Parse->Train, _stream_key_by_map_operator",4,numRecordsIn,230.0
1784198245,8,"KEYED PROCESS, Parse->Train, _stream_key_by_map_operator",4,numRecordsInPerSecond,0.13333333333333333
1784198245,8,"KEYED PROCESS, Parse->Train, _stream_key_by_map_operator",4,backPressuredTimeMsPerSecond,581.0
1784198245,8,"KEYED PROCESS, Parse->Train, _stream_key_by_map_operator",5,busyTimeMsPerSecond,0.0
1784198245,8,"KEYED PROCESS, Parse->Train, _stream_key_by_map_operator",5,numRecordsOutPerSecond,0.0
1784198245,8,"KEYED PROCESS, Parse->Train, _stream_key_by_map_operator",5,idleTimeMsPerSecond,1000.0
1784198245,8,"KEYED PROCESS, Parse->Train, _stream_key_by_map_operator",5,numRecordsOut,0.0
1784198245,8,"KEYED PROCESS, Parse->Train, _stream_key_by_map_operator",5,numRecordsIn,0.0
1784198245,8,"KEYED PROCESS, Parse->Train, _stream_key_by_map_operator",5,numRecordsInPerSecond,0.0
1784198245,8,"KEYED PROCESS, Parse->Train, _stream_key_by_map_operator",5,backPressuredTimeMsPerSecond,0.0
1784198245,8,"KEYED PROCESS, Parse->Train, _stream_key_by_map_operator",6,busyTimeMsPerSecond,0.0
1784198245,8,"KEYED PROCESS, Parse->Train, _stream_key_by_map_operator",6,numRecordsOutPerSecond,0.0
1784198245,8,"KEYED PROCESS, Parse->Train, _stream_key_by_map_operator",6,idleTimeMsPerSecond,1000.0
1784198245,8,"KEYED PROCESS, Parse->Train, _stream_key_by_map_operator",6,numRecordsOut,0.0
1784198245,8,"KEYED PROCESS, Parse->Train, _stream_key_by_map_operator",6,numRecordsIn,0.0
1784198245,8,"KEYED PROCESS, Parse->Train, _stream_key_by_map_operator",6,numRecordsInPerSecond,0.0
1784198245,8,"KEYED PROCESS, Parse->Train, _stream_key_by_map_operator",6,backPressuredTimeMsPerSecond,0.0
1784198245,8,"KEYED PROCESS, Parse->Train, _stream_key_by_map_operator",7,busyTimeMsPerSecond,484.0
1784198245,8,"KEYED PROCESS, Parse->Train, _stream_key_by_map_operator",7,numRecordsOutPerSecond,0.13333333333333333
1784198245,8,"KEYED PROCESS, Parse->Train, _stream_key_by_map_operator",7,idleTimeMsPerSecond,0.0
1784198245,8,"KEYED PROCESS, Parse->Train, _stream_key_by_map_operator",7,numRecordsOut,165.0
1784198245,8,"KEYED PROCESS, Parse->Train, _stream_key_by_map_operator",7,numRecordsIn,166.0
1784198245,8,"KEYED PROCESS, Parse->Train, _stream_key_by_map_operator",7,numRecordsInPerSecond,0.13333333333333333
1784198245,8,"KEYED PROCESS, Parse->Train, _stream_key_by_map_operator",7,backPressuredTimeMsPerSecond,516.0
1784198245,8,"KEYED PROCESS, Train->Infer, _stream_key_by_map_operator",0,busyTimeMsPerSecond,445.0
1784198245,8,"KEYED PROCESS, Train->Infer, _stream_key_by_map_operator",0,numRecordsOutPerSecond,33.333333333333336
1784198245,8,"KEYED PROCESS, Train->Infer, _stream_key_by_map_operator",0,idleTimeMsPerSecond,555.0
1784198245,8,"KEYED PROCESS, Train->Infer, _stream_key_by_map_operator",0,numRecordsOut,45381.0
1784198245,8,"KEYED PROCESS, Train->Infer, _stream_key_by_map_operator",0,numRecordsIn,152.0
1784198245,8,"KEYED PROCESS, Train->Infer, _stream_key_by_map_operator",0,numRecordsInPerSecond,0.08333333333333333
1784198245,8,"KEYED PROCESS, Train->Infer, _stream_key_by_map_operator",0,backPressuredTimeMsPerSecond,0.0
1784198245,8,"KEYED PROCESS, Train->Infer, _stream_key_by_map_operator",1,busyTimeMsPerSecond,219.0
1784198245,8,"KEYED PROCESS, Train->Infer, _stream_key_by_map_operator",1,numRecordsOutPerSecond,25.0
1784198245,8,"KEYED PROCESS, Train->Infer, _stream_key_by_map_operator",1,idleTimeMsPerSecond,781.0
1784198245,8,"KEYED PROCESS, Train->Infer, _stream_key_by_map_operator",1,numRecordsOut,41559.0
1784198245,8,"KEYED PROCESS, Train->Infer, _stream_key_by_map_operator",1,numRecordsIn,143.0
1784198245,8,"KEYED PROCESS, Train->Infer, _stream_key_by_map_operator",1,numRecordsInPerSecond,0.05
1784198245,8,"KEYED PROCESS, Train->Infer, _stream_key_by_map_operator",1,backPressuredTimeMsPerSecond,0.0
1784198245,8,"KEYED PROCESS, Train->Infer, _stream_key_by_map_operator",2,busyTimeMsPerSecond,622.0
1784198245,8,"KEYED PROCESS, Train->Infer, _stream_key_by_map_operator",2,numRecordsOutPerSecond,50.0
1784198245,8,"KEYED PROCESS, Train->Infer, _stream_key_by_map_operator",2,idleTimeMsPerSecond,0.0
1784198245,8,"KEYED PROCESS, Train->Infer, _stream_key_by_map_operator",2,numRecordsOut,49015.0
1784198245,8,"KEYED PROCESS, Train->Infer, _stream_key_by_map_operator",2,numRecordsIn,113.0
1784198245,8,"KEYED PROCESS, Train->Infer, _stream_key_by_map_operator",2,numRecordsInPerSecond,0.11666666666666667
1784198245,8,"KEYED PROCESS, Train->Infer, _stream_key_by_map_operator",2,backPressuredTimeMsPerSecond,378.0
1784198245,8,"KEYED PROCESS, Train->Infer, _stream_key_by_map_operator",3,busyTimeMsPerSecond,636.0
1784198245,8,"KEYED PROCESS, Train->Infer, _stream_key_by_map_operator",3,numRecordsOutPerSecond,75.0
1784198245,8,"KEYED PROCESS, Train->Infer, _stream_key_by_map_operator",3,idleTimeMsPerSecond,364.0
1784198245,8,"KEYED PROCESS, Train->Infer, _stream_key_by_map_operator",3,numRecordsOut,49000.0
1784198245,8,"KEYED PROCESS, Train->Infer, _stream_key_by_map_operator",3,numRecordsIn,98.0
1784198245,8,"KEYED PROCESS, Train->Infer, _stream_key_by_map_operator",3,numRecordsInPerSecond,0.15
1784198245,8,"KEYED PROCESS, Train->Infer, _stream_key_by_map_operator",3,backPressuredTimeMsPerSecond,0.0
1784198245,8,"KEYED PROCESS, Train->Infer, _stream_key_by_map_operator",4,busyTimeMsPerSecond,301.0
1784198245,8,"KEYED PROCESS, Train->Infer, _stream_key_by_map_operator",4,numRecordsOutPerSecond,25.0
1784198245,8,"KEYED PROCESS, Train->Infer, _stream_key_by_map_operator",4,idleTimeMsPerSecond,699.0
1784198245,8,"KEYED PROCESS, Train->Infer, _stream_key_by_map_operator",4,numRecordsOut,32075.0
1784198245,8,"KEYED PROCESS, Train->Infer, _stream_key_by_map_operator",4,numRecordsIn,139.0
1784198245,8,"KEYED PROCESS, Train->Infer, _stream_key_by_map_operator",4,numRecordsInPerSecond,0.05
1784198245,8,"KEYED PROCESS, Train->Infer, _stream_key_by_map_operator",4,backPressuredTimeMsPerSecond,0.0
1784198245,8,"KEYED PROCESS, Train->Infer, _stream_key_by_map_operator",5,busyTimeMsPerSecond,165.0
1784198245,8,"KEYED PROCESS, Train->Infer, _stream_key_by_map_operator",5,numRecordsOutPerSecond,16.666666666666668
1784198245,8,"KEYED PROCESS, Train->Infer, _stream_key_by_map_operator",5,idleTimeMsPerSecond,835.0
1784198245,8,"KEYED PROCESS, Train->Infer, _stream_key_by_map_operator",5,numRecordsOut,42000.0
1784198245,8,"KEYED PROCESS, Train->Infer, _stream_key_by_map_operator",5,numRecordsIn,84.0
1784198245,8,"KEYED PROCESS, Train->Infer, _stream_key_by_map_operator",5,numRecordsInPerSecond,0.03333333333333333
1784198245,8,"KEYED PROCESS, Train->Infer, _stream_key_by_map_operator",5,backPressuredTimeMsPerSecond,0.0
1784198245,8,"KEYED PROCESS, Train->Infer, _stream_key_by_map_operator",6,busyTimeMsPerSecond,429.0
1784198245,8,"KEYED PROCESS, Train->Infer, _stream_key_by_map_operator",6,numRecordsOutPerSecond,50.0
1784198245,8,"KEYED PROCESS, Train->Infer, _stream_key_by_map_operator",6,idleTimeMsPerSecond,571.0
1784198245,8,"KEYED PROCESS, Train->Infer, _stream_key_by_map_operator",6,numRecordsOut,47000.0
1784198245,8,"KEYED PROCESS, Train->Infer, _stream_key_by_map_operator",6,numRecordsIn,94.0
1784198245,8,"KEYED PROCESS, Train->Infer, _stream_key_by_map_operator",6,numRecordsInPerSecond,0.08333333333333333
1784198245,8,"KEYED PROCESS, Train->Infer, _stream_key_by_map_operator",6,backPressuredTimeMsPerSecond,0.0
1784198245,8,"KEYED PROCESS, Train->Infer, _stream_key_by_map_operator",7,busyTimeMsPerSecond,665.0
1784198245,8,"KEYED PROCESS, Train->Infer, _stream_key_by_map_operator",7,numRecordsOutPerSecond,58.333333333333336
1784198245,8,"KEYED PROCESS, Train->Infer, _stream_key_by_map_operator",7,idleTimeMsPerSecond,268.0
1784198245,8,"KEYED PROCESS, Train->Infer, _stream_key_by_map_operator",7,numRecordsOut,45030.0
1784198245,8,"KEYED PROCESS, Train->Infer, _stream_key_by_map_operator",7,numRecordsIn,121.0
1784198245,8,"KEYED PROCESS, Train->Infer, _stream_key_by_map_operator",7,numRecordsInPerSecond,0.11666666666666667
1784198245,8,"KEYED PROCESS, Train->Infer, _stream_key_by_map_operator",7,backPressuredTimeMsPerSecond,67.0
1784198245,8,"Infer->Rank, Rank->Filter, Filter -> Sink: Writer -> Sink: Committer",0,busyTimeMsPerSecond,1000.0
1784198245,8,"Infer->Rank, Rank->Filter, Filter -> Sink: Writer -> Sink: Committer",0,numRecordsOutPerSecond,41.333333333333336
1784198245,8,"Infer->Rank, Rank->Filter, Filter -> Sink: Writer -> Sink: Committer",0,idleTimeMsPerSecond,0.0
1784198245,8,"Infer->Rank, Rank->Filter, Filter -> Sink: Writer -> Sink: Committer",0,numRecordsOut,37884.0
1784198245,8,"Infer->Rank, Rank->Filter, Filter -> Sink: Writer -> Sink: Committer",0,numRecordsIn,43961.0
1784198245,8,"Infer->Rank, Rank->Filter, Filter -> Sink: Writer -> Sink: Committer",0,numRecordsInPerSecond,49.666666666666664
1784198245,8,"Infer->Rank, Rank->Filter, Filter -> Sink: Writer -> Sink: Committer",0,backPressuredTimeMsPerSecond,0.0
1784198245,8,"Infer->Rank, Rank->Filter, Filter -> Sink: Writer -> Sink: Committer",1,busyTimeMsPerSecond,819.0
1784198245,8,"Infer->Rank, Rank->Filter, Filter -> Sink: Writer -> Sink: Committer",1,numRecordsOutPerSecond,53.0
1784198245,8,"Infer->Rank, Rank->Filter, Filter -> Sink: Writer -> Sink: Committer",1,idleTimeMsPerSecond,181.0
1784198245,8,"Infer->Rank, Rank->Filter, Filter -> Sink: Writer -> Sink: Committer",1,numRecordsOut,36780.0
1784198245,8,"Infer->Rank, Rank->Filter, Filter -> Sink: Writer -> Sink: Committer",1,numRecordsIn,41357.0
1784198245,8,"Infer->Rank, Rank->Filter, Filter -> Sink: Writer -> Sink: Committer",1,numRecordsInPerSecond,61.38333333333333
1784198245,8,"Infer->Rank, Rank->Filter, Filter -> Sink: Writer -> Sink: Committer",1,backPressuredTimeMsPerSecond,0.0
1784198245,8,"Infer->Rank, Rank->Filter, Filter -> Sink: Writer -> Sink: Committer",2,busyTimeMsPerSecond,1000.0
1784198245,8,"Infer->Rank, Rank->Filter, Filter -> Sink: Writer -> Sink: Committer",2,numRecordsOutPerSecond,41.833333333333336
1784198245,8,"Infer->Rank, Rank->Filter, Filter -> Sink: Writer -> Sink: Committer",2,idleTimeMsPerSecond,0.0
1784198245,8,"Infer->Rank, Rank->Filter, Filter -> Sink: Writer -> Sink: Committer",2,numRecordsOut,38710.0
1784198245,8,"Infer->Rank, Rank->Filter, Filter -> Sink: Writer -> Sink: Committer",2,numRecordsIn,45732.0
1784198245,8,"Infer->Rank, Rank->Filter, Filter -> Sink: Writer -> Sink: Committer",2,numRecordsInPerSecond,58.416666666666664
1784198245,8,"Infer->Rank, Rank->Filter, Filter -> Sink: Writer -> Sink: Committer",2,backPressuredTimeMsPerSecond,0.0
1784198245,8,"Infer->Rank, Rank->Filter, Filter -> Sink: Writer -> Sink: Committer",3,busyTimeMsPerSecond,929.0
1784198245,8,"Infer->Rank, Rank->Filter, Filter -> Sink: Writer -> Sink: Committer",3,numRecordsOutPerSecond,45.5
1784198245,8,"Infer->Rank, Rank->Filter, Filter -> Sink: Writer -> Sink: Committer",3,idleTimeMsPerSecond,71.0
1784198245,8,"Infer->Rank, Rank->Filter, Filter -> Sink: Writer -> Sink: Committer",3,numRecordsOut,40970.0
1784198245,8,"Infer->Rank, Rank->Filter, Filter -> Sink: Writer -> Sink: Committer",3,numRecordsIn,47975.0
1784198245,8,"Infer->Rank, Rank->Filter, Filter -> Sink: Writer -> Sink: Committer",3,numRecordsInPerSecond,70.45
1784198245,8,"Infer->Rank, Rank->Filter, Filter -> Sink: Writer -> Sink: Committer",3,backPressuredTimeMsPerSecond,0.0
1784198245,8,"Infer->Rank, Rank->Filter, Filter -> Sink: Writer -> Sink: Committer",4,busyTimeMsPerSecond,445.0
1784198245,8,"Infer->Rank, Rank->Filter, Filter -> Sink: Writer -> Sink: Committer",4,numRecordsOutPerSecond,16.5
1784198245,8,"Infer->Rank, Rank->Filter, Filter -> Sink: Writer -> Sink: Committer",4,idleTimeMsPerSecond,555.0
1784198245,8,"Infer->Rank, Rank->Filter, Filter -> Sink: Writer -> Sink: Committer",4,numRecordsOut,29970.0
1784198245,8,"Infer->Rank, Rank->Filter, Filter -> Sink: Writer -> Sink: Committer",4,numRecordsIn,32075.0
1784198245,8,"Infer->Rank, Rank->Filter, Filter -> Sink: Writer -> Sink: Committer",4,numRecordsInPerSecond,25.0
1784198245,8,"Infer->Rank, Rank->Filter, Filter -> Sink: Writer -> Sink: Committer",4,backPressuredTimeMsPerSecond,0.0
1784198245,8,"Infer->Rank, Rank->Filter, Filter -> Sink: Writer -> Sink: Committer",5,busyTimeMsPerSecond,266.0
1784198245,8,"Infer->Rank, Rank->Filter, Filter -> Sink: Writer -> Sink: Committer",5,numRecordsOutPerSecond,24.166666666666668
1784198245,8,"Infer->Rank, Rank->Filter, Filter -> Sink: Writer -> Sink: Committer",5,idleTimeMsPerSecond,734.0
1784198245,8,"Infer->Rank, Rank->Filter, Filter -> Sink: Writer -> Sink: Committer",5,numRecordsOut,37500.0
1784198245,8,"Infer->Rank, Rank->Filter, Filter -> Sink: Writer -> Sink: Committer",5,numRecordsIn,42000.0
1784198245,8,"Infer->Rank, Rank->Filter, Filter -> Sink: Writer -> Sink: Committer",5,numRecordsInPerSecond,24.083333333333332
1784198245,8,"Infer->Rank, Rank->Filter, Filter -> Sink: Writer -> Sink: Committer",5,backPressuredTimeMsPerSecond,0.0
1784198245,8,"Infer->Rank, Rank->Filter, Filter -> Sink: Writer -> Sink: Committer",6,busyTimeMsPerSecond,698.0
1784198245,8,"Infer->Rank, Rank->Filter, Filter -> Sink: Writer -> Sink: Committer",6,numRecordsOutPerSecond,42.833333333333336
1784198245,8,"Infer->Rank, Rank->Filter, Filter -> Sink: Writer -> Sink: Committer",6,idleTimeMsPerSecond,302.0
1784198245,8,"Infer->Rank, Rank->Filter, Filter -> Sink: Writer -> Sink: Committer",6,numRecordsOut,40500.0
1784198245,8,"Infer->Rank, Rank->Filter, Filter -> Sink: Writer -> Sink: Committer",6,numRecordsIn,47000.0
1784198245,8,"Infer->Rank, Rank->Filter, Filter -> Sink: Writer -> Sink: Committer",6,numRecordsInPerSecond,59.38333333333333
1784198245,8,"Infer->Rank, Rank->Filter, Filter -> Sink: Writer -> Sink: Committer",6,backPressuredTimeMsPerSecond,0.0
1784198245,8,"Infer->Rank, Rank->Filter, Filter -> Sink: Writer -> Sink: Committer",7,busyTimeMsPerSecond,1000.0
1784198245,8,"Infer->Rank, Rank->Filter, Filter -> Sink: Writer -> Sink: Committer",7,numRecordsOutPerSecond,53.833333333333336
1784198245,8,"Infer->Rank, Rank->Filter, Filter -> Sink: Writer -> Sink: Committer",7,idleTimeMsPerSecond,0.0
1784198245,8,"Infer->Rank, Rank->Filter, Filter -> Sink: Writer -> Sink: Committer",7,numRecordsOut,40370.0
1784198245,8,"Infer->Rank, Rank->Filter, Filter -> Sink: Writer -> Sink: Committer",7,numRecordsIn,41912.0
1784198245,8,"Infer->Rank, Rank->Filter, Filter -> Sink: Writer -> Sink: Committer",7,numRecordsInPerSecond,55.45
1784198245,8,"Infer->Rank, Rank->Filter, Filter -> Sink: Writer -> Sink: Committer",7,backPressuredTimeMsPerSecond,0.0
1784198260,8,"Source: Source-data -> LoadJSON, Parse, _stream_key_by_map_operator",0,busyTimeMsPerSecond,0.0
1784198260,8,"Source: Source-data -> LoadJSON, Parse, _stream_key_by_map_operator",0,numRecordsOutPerSecond,0.0
1784198260,8,"Source: Source-data -> LoadJSON, Parse, _stream_key_by_map_operator",0,idleTimeMsPerSecond,1000.0
1784198260,8,"Source: Source-data -> LoadJSON, Parse, _stream_key_by_map_operator",0,numRecordsOut,6131.0
1784198260,8,"Source: Source-data -> LoadJSON, Parse, _stream_key_by_map_operator",0,numRecordsIn,6131.0
1784198260,8,"Source: Source-data -> LoadJSON, Parse, _stream_key_by_map_operator",0,numRecordsInPerSecond,0.0
1784198260,8,"Source: Source-data -> LoadJSON, Parse, _stream_key_by_map_operator",0,backPressuredTimeMsPerSecond,0.0
1784198260,8,"Source: Source-data -> LoadJSON, Parse, _stream_key_by_map_operator",1,busyTimeMsPerSecond,0.0
1784198260,8,"Source: Source-data -> LoadJSON, Parse, _stream_key_by_map_operator",1,numRecordsOutPerSecond,0.0
1784198260,8,"Source: Source-data -> LoadJSON, Parse, _stream_key_by_map_operator",1,idleTimeMsPerSecond,0.0
1784198260,8,"Source: Source-data -> LoadJSON, Parse, _stream_key_by_map_operator",1,numRecordsOut,6028.0
1784198260,8,"Source: Source-data -> LoadJSON, Parse, _stream_key_by_map_operator",1,numRecordsIn,6028.0
1784198260,8,"Source: Source-data -> LoadJSON, Parse, _stream_key_by_map_operator",1,numRecordsInPerSecond,0.0
1784198260,8,"Source: Source-data -> LoadJSON, Parse, _stream_key_by_map_operator",1,backPressuredTimeMsPerSecond,1000.0
1784198260,8,"Source: Source-data -> LoadJSON, Parse, _stream_key_by_map_operator",2,busyTimeMsPerSecond,0.0
1784198260,8,"Source: Source-data -> LoadJSON, Parse, _stream_key_by_map_operator",2,numRecordsOutPerSecond,0.0
1784198260,8,"Source: Source-data -> LoadJSON, Parse, _stream_key_by_map_operator",2,idleTimeMsPerSecond,0.0
1784198260,8,"Source: Source-data -> LoadJSON, Parse, _stream_key_by_map_operator",2,numRecordsOut,6234.0
1784198260,8,"Source: Source-data -> LoadJSON, Parse, _stream_key_by_map_operator",2,numRecordsIn,6234.0
1784198260,8,"Source: Source-data -> LoadJSON, Parse, _stream_key_by_map_operator",2,numRecordsInPerSecond,0.0
1784198260,8,"Source: Source-data -> LoadJSON, Parse, _stream_key_by_map_operator",2,backPressuredTimeMsPerSecond,1000.0
1784198260,8,"Source: Source-data -> LoadJSON, Parse, _stream_key_by_map_operator",3,busyTimeMsPerSecond,0.0
1784198260,8,"Source: Source-data -> LoadJSON, Parse, _stream_key_by_map_operator",3,numRecordsOutPerSecond,0.0
1784198260,8,"Source: Source-data -> LoadJSON, Parse, _stream_key_by_map_operator",3,idleTimeMsPerSecond,0.0
1784198260,8,"Source: Source-data -> LoadJSON, Parse, _stream_key_by_map_operator",3,numRecordsOut,6021.0
1784198260,8,"Source: Source-data -> LoadJSON, Parse, _stream_key_by_map_operator",3,numRecordsIn,6021.0
1784198260,8,"Source: Source-data -> LoadJSON, Parse, _stream_key_by_map_operator",3,numRecordsInPerSecond,0.0
1784198260,8,"Source: Source-data -> LoadJSON, Parse, _stream_key_by_map_operator",3,backPressuredTimeMsPerSecond,1000.0
1784198260,8,"Source: Source-data -> LoadJSON, Parse, _stream_key_by_map_operator",4,busyTimeMsPerSecond,0.0
1784198260,8,"Source: Source-data -> LoadJSON, Parse, _stream_key_by_map_operator",4,numRecordsOutPerSecond,0.0
1784198260,8,"Source: Source-data -> LoadJSON, Parse, _stream_key_by_map_operator",4,idleTimeMsPerSecond,0.0
1784198260,8,"Source: Source-data -> LoadJSON, Parse, _stream_key_by_map_operator",4,numRecordsOut,6068.0
1784198260,8,"Source: Source-data -> LoadJSON, Parse, _stream_key_by_map_operator",4,numRecordsIn,6068.0
1784198260,8,"Source: Source-data -> LoadJSON, Parse, _stream_key_by_map_operator",4,numRecordsInPerSecond,0.0
1784198260,8,"Source: Source-data -> LoadJSON, Parse, _stream_key_by_map_operator",4,backPressuredTimeMsPerSecond,1000.0
1784198260,8,"Source: Source-data -> LoadJSON, Parse, _stream_key_by_map_operator",5,busyTimeMsPerSecond,0.0
1784198260,8,"Source: Source-data -> LoadJSON, Parse, _stream_key_by_map_operator",5,numRecordsOutPerSecond,0.016666666666666666
1784198260,8,"Source: Source-data -> LoadJSON, Parse, _stream_key_by_map_operator",5,idleTimeMsPerSecond,1000.0
1784198260,8,"Source: Source-data -> LoadJSON, Parse, _stream_key_by_map_operator",5,numRecordsOut,6101.0
1784198260,8,"Source: Source-data -> LoadJSON, Parse, _stream_key_by_map_operator",5,numRecordsIn,6101.0
1784198260,8,"Source: Source-data -> LoadJSON, Parse, _stream_key_by_map_operator",5,numRecordsInPerSecond,0.016666666666666666
1784198260,8,"Source: Source-data -> LoadJSON, Parse, _stream_key_by_map_operator",5,backPressuredTimeMsPerSecond,0.0
1784198260,8,"Source: Source-data -> LoadJSON, Parse, _stream_key_by_map_operator",6,busyTimeMsPerSecond,0.0
1784198260,8,"Source: Source-data -> LoadJSON, Parse, _stream_key_by_map_operator",6,numRecordsOutPerSecond,0.0
1784198260,8,"Source: Source-data -> LoadJSON, Parse, _stream_key_by_map_operator",6,idleTimeMsPerSecond,0.0
1784198260,8,"Source: Source-data -> LoadJSON, Parse, _stream_key_by_map_operator",6,numRecordsOut,6065.0
1784198260,8,"Source: Source-data -> LoadJSON, Parse, _stream_key_by_map_operator",6,numRecordsIn,6065.0
1784198260,8,"Source: Source-data -> LoadJSON, Parse, _stream_key_by_map_operator",6,numRecordsInPerSecond,0.0
1784198260,8,"Source: Source-data -> LoadJSON, Parse, _stream_key_by_map_operator",6,backPressuredTimeMsPerSecond,1000.0
1784198260,8,"Source: Source-data -> LoadJSON, Parse, _stream_key_by_map_operator",7,busyTimeMsPerSecond,2.0
1784198260,8,"Source: Source-data -> LoadJSON, Parse, _stream_key_by_map_operator",7,numRecordsOutPerSecond,0.016666666666666666
1784198260,8,"Source: Source-data -> LoadJSON, Parse, _stream_key_by_map_operator",7,idleTimeMsPerSecond,634.0
1784198260,8,"Source: Source-data -> LoadJSON, Parse, _stream_key_by_map_operator",7,numRecordsOut,5972.0
1784198260,8,"Source: Source-data -> LoadJSON, Parse, _stream_key_by_map_operator",7,numRecordsIn,5972.0
1784198260,8,"Source: Source-data -> LoadJSON, Parse, _stream_key_by_map_operator",7,numRecordsInPerSecond,0.016666666666666666
1784198260,8,"Source: Source-data -> LoadJSON, Parse, _stream_key_by_map_operator",7,backPressuredTimeMsPerSecond,364.0
1784198260,8,"KEYED PROCESS, Parse->Train, _stream_key_by_map_operator",0,busyTimeMsPerSecond,648.0
1784198260,8,"KEYED PROCESS, Parse->Train, _stream_key_by_map_operator",0,numRecordsOutPerSecond,0.21666666666666667
1784198260,8,"KEYED PROCESS, Parse->Train, _stream_key_by_map_operator",0,idleTimeMsPerSecond,0.0
1784198260,8,"KEYED PROCESS, Parse->Train, _stream_key_by_map_operator",0,numRecordsOut,198.0
1784198260,8,"KEYED PROCESS, Parse->Train, _stream_key_by_map_operator",0,numRecordsIn,199.0
1784198260,8,"KEYED PROCESS, Parse->Train, _stream_key_by_map_operator",0,numRecordsInPerSecond,0.21666666666666667
1784198260,8,"KEYED PROCESS, Parse->Train, _stream_key_by_map_operator",0,backPressuredTimeMsPerSecond,352.0
1784198260,8,"KEYED PROCESS, Parse->Train, _stream_key_by_map_operator",1,busyTimeMsPerSecond,362.0
1784198260,8,"KEYED PROCESS, Parse->Train, _stream_key_by_map_operator",1,numRecordsOutPerSecond,0.11666666666666667
1784198260,8,"KEYED PROCESS, Parse->Train, _stream_key_by_map_operator",1,idleTimeMsPerSecond,0.0
1784198260,8,"KEYED PROCESS, Parse->Train, _stream_key_by_map_operator",1,numRecordsOut,199.0
1784198260,8,"KEYED PROCESS, Parse->Train, _stream_key_by_map_operator",1,numRecordsIn,200.0
1784198260,8,"KEYED PROCESS, Parse->Train, _stream_key_by_map_operator",1,numRecordsInPerSecond,0.11666666666666667
1784198260,8,"KEYED PROCESS, Parse->Train, _stream_key_by_map_operator",1,backPressuredTimeMsPerSecond,638.0
1784198260,8,"KEYED PROCESS, Parse->Train, _stream_key_by_map_operator",2,busyTimeMsPerSecond,407.0
1784198260,8,"KEYED PROCESS, Parse->Train, _stream_key_by_map_operator",2,numRecordsOutPerSecond,0.11666666666666667
1784198260,8,"KEYED PROCESS, Parse->Train, _stream_key_by_map_operator",2,idleTimeMsPerSecond,0.0
1784198260,8,"KEYED PROCESS, Parse->Train, _stream_key_by_map_operator",2,numRecordsOut,155.0
1784198260,8,"KEYED PROCESS, Parse->Train, _stream_key_by_map_operator",2,numRecordsIn,156.0
1784198260,8,"KEYED PROCESS, Parse->Train, _stream_key_by_map_operator",2,numRecordsInPerSecond,0.11666666666666667
1784198260,8,"KEYED PROCESS, Parse->Train, _stream_key_by_map_operator",2,backPressuredTimeMsPerSecond,593.0
1784198260,8,"KEYED PROCESS, Parse->Train, _stream_key_by_map_operator",3,busyTimeMsPerSecond,0.0
1784198260,8,"KEYED PROCESS, Parse->Train, _stream_key_by_map_operator",3,numRecordsOutPerSecond,0.0
1784198260,8,"KEYED PROCESS, Parse->Train, _stream_key_by_map_operator",3,idleTimeMsPerSecond,1000.0
1784198260,8,"KEYED PROCESS, Parse->Train, _stream_key_by_map_operator",3,numRecordsOut,0.0
1784198260,8,"KEYED PROCESS, Parse->Train, _stream_key_by_map_operator",3,numRecordsIn,0.0
1784198260,8,"KEYED PROCESS, Parse->Train, _stream_key_by_map_operator",3,numRecordsInPerSecond,0.0
1784198260,8,"KEYED PROCESS, Parse->Train, _stream_key_by_map_operator",3,backPressuredTimeMsPerSecond,0.0
1784198260,8,"KEYED PROCESS, Parse->Train, _stream_key_by_map_operator",4,busyTimeMsPerSecond,453.0
1784198260,8,"KEYED PROCESS, Parse->Train, _stream_key_by_map_operator",4,numRecordsOutPerSecond,0.13333333333333333
1784198260,8,"KEYED PROCESS, Parse->Train, _stream_key_by_map_operator",4,idleTimeMsPerSecond,0.0
1784198260,8,"KEYED PROCESS, Parse->Train, _stream_key_by_map_operator",4,numRecordsOut,231.0
1784198260,8,"KEYED PROCESS, Parse->Train, _stream_key_by_map_operator",4,numRecordsIn,232.0
1784198260,8,"KEYED PROCESS, Parse->Train, _stream_key_by_map_operator",4,numRecordsInPerSecond,0.13333333333333333
1784198260,8,"KEYED PROCESS, Parse->Train, _stream_key_by_map_operator",4,backPressuredTimeMsPerSecond,547.0
1784198260,8,"KEYED PROCESS, Parse->Train, _stream_key_by_map_operator",5,busyTimeMsPerSecond,0.0
1784198260,8,"KEYED PROCESS, Parse->Train, _stream_key_by_map_operator",5,numRecordsOutPerSecond,0.0
1784198260,8,"KEYED PROCESS, Parse->Train, _stream_key_by_map_operator",5,idleTimeMsPerSecond,1000.0
1784198260,8,"KEYED PROCESS, Parse->Train, _stream_key_by_map_operator",5,numRecordsOut,0.0
1784198260,8,"KEYED PROCESS, Parse->Train, _stream_key_by_map_operator",5,numRecordsIn,0.0
1784198260,8,"KEYED PROCESS, Parse->Train, _stream_key_by_map_operator",5,numRecordsInPerSecond,0.0
1784198260,8,"KEYED PROCESS, Parse->Train, _stream_key_by_map_operator",5,backPressuredTimeMsPerSecond,0.0
1784198260,8,"KEYED PROCESS, Parse->Train, _stream_key_by_map_operator",6,busyTimeMsPerSecond,0.0
1784198260,8,"KEYED PROCESS, Parse->Train, _stream_key_by_map_operator",6,numRecordsOutPerSecond,0.0
1784198260,8,"KEYED PROCESS, Parse->Train, _stream_key_by_map_operator",6,idleTimeMsPerSecond,1000.0
1784198260,8,"KEYED PROCESS, Parse->Train, _stream_key_by_map_operator",6,numRecordsOut,0.0
1784198260,8,"KEYED PROCESS, Parse->Train, _stream_key_by_map_operator",6,numRecordsIn,0.0
1784198260,8,"KEYED PROCESS, Parse->Train, _stream_key_by_map_operator",6,numRecordsInPerSecond,0.0
1784198260,8,"KEYED PROCESS, Parse->Train, _stream_key_by_map_operator",6,backPressuredTimeMsPerSecond,0.0
1784198260,8,"KEYED PROCESS, Parse->Train, _stream_key_by_map_operator",7,busyTimeMsPerSecond,442.0
1784198260,8,"KEYED PROCESS, Parse->Train, _stream_key_by_map_operator",7,numRecordsOutPerSecond,0.11666666666666667
1784198260,8,"KEYED PROCESS, Parse->Train, _stream_key_by_map_operator",7,idleTimeMsPerSecond,0.0
1784198260,8,"KEYED PROCESS, Parse->Train, _stream_key_by_map_operator",7,numRecordsOut,166.0
1784198260,8,"KEYED PROCESS, Parse->Train, _stream_key_by_map_operator",7,numRecordsIn,167.0
1784198260,8,"KEYED PROCESS, Parse->Train, _stream_key_by_map_operator",7,numRecordsInPerSecond,0.11666666666666667
1784198260,8,"KEYED PROCESS, Parse->Train, _stream_key_by_map_operator",7,backPressuredTimeMsPerSecond,558.0
1784198260,8,"KEYED PROCESS, Train->Infer, _stream_key_by_map_operator",0,busyTimeMsPerSecond,598.0
1784198260,8,"KEYED PROCESS, Train->Infer, _stream_key_by_map_operator",0,numRecordsOutPerSecond,58.333333333333336
1784198260,8,"KEYED PROCESS, Train->Infer, _stream_key_by_map_operator",0,idleTimeMsPerSecond,402.0
1784198260,8,"KEYED PROCESS, Train->Infer, _stream_key_by_map_operator",0,numRecordsOut,46881.0
1784198260,8,"KEYED PROCESS, Train->Infer, _stream_key_by_map_operator",0,numRecordsIn,155.0
1784198260,8,"KEYED PROCESS, Train->Infer, _stream_key_by_map_operator",0,numRecordsInPerSecond,0.13333333333333333
1784198260,8,"KEYED PROCESS, Train->Infer, _stream_key_by_map_operator",0,backPressuredTimeMsPerSecond,0.0
1784198260,8,"KEYED PROCESS, Train->Infer, _stream_key_by_map_operator",1,busyTimeMsPerSecond,145.0
1784198260,8,"KEYED PROCESS, Train->Infer, _stream_key_by_map_operator",1,numRecordsOutPerSecond,16.666666666666668
1784198260,8,"KEYED PROCESS, Train->Infer, _stream_key_by_map_operator",1,idleTimeMsPerSecond,855.0
1784198260,8,"KEYED PROCESS, Train->Infer, _stream_key_by_map_operator",1,numRecordsOut,41559.0
1784198260,8,"KEYED PROCESS, Train->Infer, _stream_key_by_map_operator",1,numRecordsIn,144.0
1784198260,8,"KEYED PROCESS, Train->Infer, _stream_key_by_map_operator",1,numRecordsInPerSecond,0.03333333333333333
1784198260,8,"KEYED PROCESS, Train->Infer, _stream_key_by_map_operator",1,backPressuredTimeMsPerSecond,0.0
1784198260,8,"KEYED PROCESS, Train->Infer, _stream_key_by_map_operator",2,busyTimeMsPerSecond,660.0
1784198260,8,"KEYED PROCESS, Train->Infer, _stream_key_by_map_operator",2,numRecordsOutPerSecond,58.333333333333336
1784198260,8,"KEYED PROCESS, Train->Infer, _stream_key_by_map_operator",2,idleTimeMsPerSecond,0.0
1784198260,8,"KEYED PROCESS, Train->Infer, _stream_key_by_map_operator",2,numRecordsOut,50015.0
1784198260,8,"KEYED PROCESS, Train->Infer, _stream_key_by_map_operator",2,numRecordsIn,115.0
1784198260,8,"KEYED PROCESS, Train->Infer, _stream_key_by_map_operator",2,numRecordsInPerSecond,0.11666666666666667
1784198260,8,"KEYED PROCESS, Train->Infer, _stream_key_by_map_operator",2,backPressuredTimeMsPerSecond,340.0
1784198260,8,"KEYED PROCESS, Train->Infer, _stream_key_by_map_operator",3,busyTimeMsPerSecond,563.0
1784198260,8,"KEYED PROCESS, Train->Infer, _stream_key_by_map_operator",3,numRecordsOutPerSecond,66.66666666666667
1784198260,8,"KEYED PROCESS, Train->Infer, _stream_key_by_map_operator",3,idleTimeMsPerSecond,437.0
1784198260,8,"KEYED PROCESS, Train->Infer, _stream_key_by_map_operator",3,numRecordsOut,49000.0
1784198260,8,"KEYED PROCESS, Train->Infer, _stream_key_by_map_operator",3,numRecordsIn,98.0
1784198260,8,"KEYED PROCESS, Train->Infer, _stream_key_by_map_operator",3,numRecordsInPerSecond,0.13333333333333333
1784198260,8,"KEYED PROCESS, Train->Infer, _stream_key_by_map_operator",3,backPressuredTimeMsPerSecond,0.0
1784198260,8,"KEYED PROCESS, Train->Infer, _stream_key_by_map_operator",4,busyTimeMsPerSecond,429.0
1784198260,8,"KEYED PROCESS, Train->Infer, _stream_key_by_map_operator",4,numRecordsOutPerSecond,33.333333333333336
1784198260,8,"KEYED PROCESS, Train->Infer, _stream_key_by_map_operator",4,idleTimeMsPerSecond,571.0
1784198260,8,"KEYED PROCESS, Train->Infer, _stream_key_by_map_operator",4,numRecordsOut,33575.0
1784198260,8,"KEYED PROCESS, Train->Infer, _stream_key_by_map_operator",4,numRecordsIn,143.0
1784198260,8,"KEYED PROCESS, Train->Infer, _stream_key_by_map_operator",4,numRecordsInPerSecond,0.08333333333333333
1784198260,8,"KEYED PROCESS, Train->Infer, _stream_key_by_map_operator",4,backPressuredTimeMsPerSecond,0.0
1784198260,8,"KEYED PROCESS, Train->Infer, _stream_key_by_map_operator",5,busyTimeMsPerSecond,165.0
1784198260,8,"KEYED PROCESS, Train->Infer, _stream_key_by_map_operator",5,numRecordsOutPerSecond,16.666666666666668
1784198260,8,"KEYED PROCESS, Train->Infer, _stream_key_by_map_operator",5,idleTimeMsPerSecond,835.0
1784198260,8,"KEYED PROCESS, Train->Infer, _stream_key_by_map_operator",5,numRecordsOut,42000.0
1784198260,8,"KEYED PROCESS, Train->Infer, _stream_key_by_map_operator",5,numRecordsIn,84.0
1784198260,8,"KEYED PROCESS, Train->Infer, _stream_key_by_map_operator",5,numRecordsInPerSecond,0.03333333333333333
1784198260,8,"KEYED PROCESS, Train->Infer, _stream_key_by_map_operator",5,backPressuredTimeMsPerSecond,0.0
1784198260,8,"KEYED PROCESS, Train->Infer, _stream_key_by_map_operator",6,busyTimeMsPerSecond,179.0
1784198260,8,"KEYED PROCESS, Train->Infer, _stream_key_by_map_operator",6,numRecordsOutPerSecond,25.0
1784198260,8,"KEYED PROCESS, Train->Infer, _stream_key_by_map_operator",6,idleTimeMsPerSecond,821.0
1784198260,8,"KEYED PROCESS, Train->Infer, _stream_key_by_map_operator",6,numRecordsOut,47000.0
1784198260,8,"KEYED PROCESS, Train->Infer, _stream_key_by_map_operator",6,numRecordsIn,94.0
1784198260,8,"KEYED PROCESS, Train->Infer, _stream_key_by_map_operator",6,numRecordsInPerSecond,0.03333333333333333
1784198260,8,"KEYED PROCESS, Train->Infer, _stream_key_by_map_operator",6,backPressuredTimeMsPerSecond,0.0
1784198260,8,"KEYED PROCESS, Train->Infer, _stream_key_by_map_operator",7,busyTimeMsPerSecond,729.0
1784198260,8,"KEYED PROCESS, Train->Infer, _stream_key_by_map_operator",7,numRecordsOutPerSecond,66.66666666666667
1784198260,8,"KEYED PROCESS, Train->Infer, _stream_key_by_map_operator",7,idleTimeMsPerSecond,198.0
1784198260,8,"KEYED PROCESS, Train->Infer, _stream_key_by_map_operator",7,numRecordsOut,46030.0
1784198260,8,"KEYED PROCESS, Train->Infer, _stream_key_by_map_operator",7,numRecordsIn,122.0
1784198260,8,"KEYED PROCESS, Train->Infer, _stream_key_by_map_operator",7,numRecordsInPerSecond,0.11666666666666667
1784198260,8,"KEYED PROCESS, Train->Infer, _stream_key_by_map_operator",7,backPressuredTimeMsPerSecond,73.0
1784198260,8,"Infer->Rank, Rank->Filter, Filter -> Sink: Writer -> Sink: Committer",0,busyTimeMsPerSecond,1000.0
1784198260,8,"Infer->Rank, Rank->Filter, Filter -> Sink: Writer -> Sink: Committer",0,numRecordsOutPerSecond,41.0
1784198260,8,"Infer->Rank, Rank->Filter, Filter -> Sink: Writer -> Sink: Committer",0,idleTimeMsPerSecond,0.0
1784198260,8,"Infer->Rank, Rank->Filter, Filter -> Sink: Writer -> Sink: Committer",0,numRecordsOut,38434.0
1784198260,8,"Infer->Rank, Rank->Filter, Filter -> Sink: Writer -> Sink: Committer",0,numRecordsIn,44505.0
1784198260,8,"Infer->Rank, Rank->Filter, Filter -> Sink: Writer -> Sink: Committer",0,numRecordsInPerSecond,49.333333333333336
1784198260,8,"Infer->Rank, Rank->Filter, Filter -> Sink: Writer -> Sink: Committer",0,backPressuredTimeMsPerSecond,0.0
1784198260,8,"Infer->Rank, Rank->Filter, Filter -> Sink: Writer -> Sink: Committer",1,busyTimeMsPerSecond,635.0
1784198260,8,"Infer->Rank, Rank->Filter, Filter -> Sink: Writer -> Sink: Committer",1,numRecordsOutPerSecond,48.166666666666664
1784198260,8,"Infer->Rank, Rank->Filter, Filter -> Sink: Writer -> Sink: Committer",1,idleTimeMsPerSecond,365.0
1784198260,8,"Infer->Rank, Rank->Filter, Filter -> Sink: Writer -> Sink: Committer",1,numRecordsOut,36990.0
1784198260,8,"Infer->Rank, Rank->Filter, Filter -> Sink: Writer -> Sink: Committer",1,numRecordsIn,41559.0
1784198260,8,"Infer->Rank, Rank->Filter, Filter -> Sink: Writer -> Sink: Committer",1,numRecordsInPerSecond,48.1
1784198260,8,"Infer->Rank, Rank->Filter, Filter -> Sink: Writer -> Sink: Committer",1,backPressuredTimeMsPerSecond,0.0
1784198260,8,"Infer->Rank, Rank->Filter, Filter -> Sink: Writer -> Sink: Committer",2,busyTimeMsPerSecond,1000.0
1784198260,8,"Infer->Rank, Rank->Filter, Filter -> Sink: Writer -> Sink: Committer",2,numRecordsOutPerSecond,38.833333333333336
1784198260,8,"Infer->Rank, Rank->Filter, Filter -> Sink: Writer -> Sink: Committer",2,idleTimeMsPerSecond,0.0
1784198260,8,"Infer->Rank, Rank->Filter, Filter -> Sink: Writer -> Sink: Committer",2,numRecordsOut,39580.0
1784198260,8,"Infer->Rank, Rank->Filter, Filter -> Sink: Writer -> Sink: Committer",2,numRecordsIn,46604.0
1784198260,8,"Infer->Rank, Rank->Filter, Filter -> Sink: Writer -> Sink: Committer",2,numRecordsInPerSecond,55.46666666666667
1784198260,8,"Infer->Rank, Rank->Filter, Filter -> Sink: Writer -> Sink: Committer",2,backPressuredTimeMsPerSecond,0.0
1784198260,8,"Infer->Rank, Rank->Filter, Filter -> Sink: Writer -> Sink: Committer",3,busyTimeMsPerSecond,863.0
1784198260,8,"Infer->Rank, Rank->Filter, Filter -> Sink: Writer -> Sink: Committer",3,numRecordsOutPerSecond,50.0
1784198260,8,"Infer->Rank, Rank->Filter, Filter -> Sink: Writer -> Sink: Committer",3,idleTimeMsPerSecond,137.0
1784198260,8,"Infer->Rank, Rank->Filter, Filter -> Sink: Writer -> Sink: Committer",3,numRecordsOut,41500.0
1784198260,8,"Infer->Rank, Rank->Filter, Filter -> Sink: Writer -> Sink: Committer",3,numRecordsIn,49000.0
1784198260,8,"Infer->Rank, Rank->Filter, Filter -> Sink: Writer -> Sink: Committer",3,numRecordsInPerSecond,68.95
1784198260,8,"Infer->Rank, Rank->Filter, Filter -> Sink: Writer -> Sink: Committer",3,backPressuredTimeMsPerSecond,0.0
1784198260,8,"Infer->Rank, Rank->Filter, Filter -> Sink: Writer -> Sink: Committer",4,busyTimeMsPerSecond,557.0
1784198260,8,"Infer->Rank, Rank->Filter, Filter -> Sink: Writer -> Sink: Committer",4,numRecordsOutPerSecond,20.0
1784198260,8,"Infer->Rank, Rank->Filter, Filter -> Sink: Writer -> Sink: Committer",4,idleTimeMsPerSecond,443.0
1784198260,8,"Infer->Rank, Rank->Filter, Filter -> Sink: Writer -> Sink: Committer",4,numRecordsOut,30410.0
1784198260,8,"Infer->Rank, Rank->Filter, Filter -> Sink: Writer -> Sink: Committer",4,numRecordsIn,32515.0
1784198260,8,"Infer->Rank, Rank->Filter, Filter -> Sink: Writer -> Sink: Committer",4,numRecordsInPerSecond,28.316666666666666
1784198260,8,"Infer->Rank, Rank->Filter, Filter -> Sink: Writer -> Sink: Committer",4,backPressuredTimeMsPerSecond,0.0
1784198260,8,"Infer->Rank, Rank->Filter, Filter -> Sink: Writer -> Sink: Committer",5,busyTimeMsPerSecond,206.0
1784198260,8,"Infer->Rank, Rank->Filter, Filter -> Sink: Writer -> Sink: Committer",5,numRecordsOutPerSecond,16.666666666666668
1784198260,8,"Infer->Rank, Rank->Filter, Filter -> Sink: Writer -> Sink: Committer",5,idleTimeMsPerSecond,794.0
1784198260,8,"Infer->Rank, Rank->Filter, Filter -> Sink: Writer -> Sink: Committer",5,numRecordsOut,37500.0
1784198260,8,"Infer->Rank, Rank->Filter, Filter -> Sink: Writer -> Sink: Committer",5,numRecordsIn,42000.0
1784198260,8,"Infer->Rank, Rank->Filter, Filter -> Sink: Writer -> Sink: Committer",5,numRecordsInPerSecond,16.666666666666668
1784198260,8,"Infer->Rank, Rank->Filter, Filter -> Sink: Writer -> Sink: Committer",5,backPressuredTimeMsPerSecond,0.0
1784198260,8,"Infer->Rank, Rank->Filter, Filter -> Sink: Writer -> Sink: Committer",6,busyTimeMsPerSecond,448.0
1784198260,8,"Infer->Rank, Rank->Filter, Filter -> Sink: Writer -> Sink: Committer",6,numRecordsOutPerSecond,29.166666666666668
1784198260,8,"Infer->Rank, Rank->Filter, Filter -> Sink: Writer -> Sink: Committer",6,idleTimeMsPerSecond,552.0
1784198260,8,"Infer->Rank, Rank->Filter, Filter -> Sink: Writer -> Sink: Committer",6,numRecordsOut,40500.0
1784198260,8,"Infer->Rank, Rank->Filter, Filter -> Sink: Writer -> Sink: Committer",6,numRecordsIn,47000.0
1784198260,8,"Infer->Rank, Rank->Filter, Filter -> Sink: Writer -> Sink: Committer",6,numRecordsInPerSecond,45.71666666666667
1784198260,8,"Infer->Rank, Rank->Filter, Filter -> Sink: Writer -> Sink: Committer",6,backPressuredTimeMsPerSecond,0.0
1784198260,8,"Infer->Rank, Rank->Filter, Filter -> Sink: Writer -> Sink: Committer",7,busyTimeMsPerSecond,1000.0
1784198260,8,"Infer->Rank, Rank->Filter, Filter -> Sink: Writer -> Sink: Committer",7,numRecordsOutPerSecond,51.166666666666664
1784198260,8,"Infer->Rank, Rank->Filter, Filter -> Sink: Writer -> Sink: Committer",7,idleTimeMsPerSecond,0.0
1784198260,8,"Infer->Rank, Rank->Filter, Filter -> Sink: Writer -> Sink: Committer",7,numRecordsOut,40990.0
1784198260,8,"Infer->Rank, Rank->Filter, Filter -> Sink: Writer -> Sink: Committer",7,numRecordsIn,42787.0
1784198260,8,"Infer->Rank, Rank->Filter, Filter -> Sink: Writer -> Sink: Committer",7,numRecordsInPerSecond,53.3
1784198260,8,"Infer->Rank, Rank->Filter, Filter -> Sink: Writer -> Sink: Committer",7,backPressuredTimeMsPerSecond,0.0
1784198275,8,"Source: Source-data -> LoadJSON, Parse, _stream_key_by_map_operator",0,busyTimeMsPerSecond,0.0
1784198275,8,"Source: Source-data -> LoadJSON, Parse, _stream_key_by_map_operator",0,numRecordsOutPerSecond,0.0
1784198275,8,"Source: Source-data -> LoadJSON, Parse, _stream_key_by_map_operator",0,idleTimeMsPerSecond,1000.0
1784198275,8,"Source: Source-data -> LoadJSON, Parse, _stream_key_by_map_operator",0,numRecordsOut,6131.0
1784198275,8,"Source: Source-data -> LoadJSON, Parse, _stream_key_by_map_operator",0,numRecordsIn,6131.0
1784198275,8,"Source: Source-data -> LoadJSON, Parse, _stream_key_by_map_operator",0,numRecordsInPerSecond,0.0
1784198275,8,"Source: Source-data -> LoadJSON, Parse, _stream_key_by_map_operator",0,backPressuredTimeMsPerSecond,0.0
1784198275,8,"Source: Source-data -> LoadJSON, Parse, _stream_key_by_map_operator",1,busyTimeMsPerSecond,0.0
1784198275,8,"Source: Source-data -> LoadJSON, Parse, _stream_key_by_map_operator",1,numRecordsOutPerSecond,0.0
1784198275,8,"Source: Source-data -> LoadJSON, Parse, _stream_key_by_map_operator",1,idleTimeMsPerSecond,0.0
1784198275,8,"Source: Source-data -> LoadJSON, Parse, _stream_key_by_map_operator",1,numRecordsOut,6028.0
1784198275,8,"Source: Source-data -> LoadJSON, Parse, _stream_key_by_map_operator",1,numRecordsIn,6028.0
1784198275,8,"Source: Source-data -> LoadJSON, Parse, _stream_key_by_map_operator",1,numRecordsInPerSecond,0.0
1784198275,8,"Source: Source-data -> LoadJSON, Parse, _stream_key_by_map_operator",1,backPressuredTimeMsPerSecond,1000.0
1784198275,8,"Source: Source-data -> LoadJSON, Parse, _stream_key_by_map_operator",2,busyTimeMsPerSecond,0.0
1784198275,8,"Source: Source-data -> LoadJSON, Parse, _stream_key_by_map_operator",2,numRecordsOutPerSecond,0.0
1784198275,8,"Source: Source-data -> LoadJSON, Parse, _stream_key_by_map_operator",2,idleTimeMsPerSecond,0.0
1784198275,8,"Source: Source-data -> LoadJSON, Parse, _stream_key_by_map_operator",2,numRecordsOut,6234.0
1784198275,8,"Source: Source-data -> LoadJSON, Parse, _stream_key_by_map_operator",2,numRecordsIn,6234.0
1784198275,8,"Source: Source-data -> LoadJSON, Parse, _stream_key_by_map_operator",2,numRecordsInPerSecond,0.0
1784198275,8,"Source: Source-data -> LoadJSON, Parse, _stream_key_by_map_operator",2,backPressuredTimeMsPerSecond,1000.0
1784198275,8,"Source: Source-data -> LoadJSON, Parse, _stream_key_by_map_operator",3,busyTimeMsPerSecond,0.0
1784198275,8,"Source: Source-data -> LoadJSON, Parse, _stream_key_by_map_operator",3,numRecordsOutPerSecond,0.0
1784198275,8,"Source: Source-data -> LoadJSON, Parse, _stream_key_by_map_operator",3,idleTimeMsPerSecond,0.0
1784198275,8,"Source: Source-data -> LoadJSON, Parse, _stream_key_by_map_operator",3,numRecordsOut,6021.0
1784198275,8,"Source: Source-data -> LoadJSON, Parse, _stream_key_by_map_operator",3,numRecordsIn,6021.0
1784198275,8,"Source: Source-data -> LoadJSON, Parse, _stream_key_by_map_operator",3,numRecordsInPerSecond,0.0
1784198275,8,"Source: Source-data -> LoadJSON, Parse, _stream_key_by_map_operator",3,backPressuredTimeMsPerSecond,1000.0
1784198275,8,"Source: Source-data -> LoadJSON, Parse, _stream_key_by_map_operator",4,busyTimeMsPerSecond,0.0
1784198275,8,"Source: Source-data -> LoadJSON, Parse, _stream_key_by_map_operator",4,numRecordsOutPerSecond,0.0
1784198275,8,"Source: Source-data -> LoadJSON, Parse, _stream_key_by_map_operator",4,idleTimeMsPerSecond,0.0
1784198275,8,"Source: Source-data -> LoadJSON, Parse, _stream_key_by_map_operator",4,numRecordsOut,6068.0
1784198275,8,"Source: Source-data -> LoadJSON, Parse, _stream_key_by_map_operator",4,numRecordsIn,6068.0
1784198275,8,"Source: Source-data -> LoadJSON, Parse, _stream_key_by_map_operator",4,numRecordsInPerSecond,0.0
1784198275,8,"Source: Source-data -> LoadJSON, Parse, _stream_key_by_map_operator",4,backPressuredTimeMsPerSecond,1000.0
1784198275,8,"Source: Source-data -> LoadJSON, Parse, _stream_key_by_map_operator",5,busyTimeMsPerSecond,0.0
1784198275,8,"Source: Source-data -> LoadJSON, Parse, _stream_key_by_map_operator",5,numRecordsOutPerSecond,0.0
1784198275,8,"Source: Source-data -> LoadJSON, Parse, _stream_key_by_map_operator",5,idleTimeMsPerSecond,1000.0
1784198275,8,"Source: Source-data -> LoadJSON, Parse, _stream_key_by_map_operator",5,numRecordsOut,6101.0
1784198275,8,"Source: Source-data -> LoadJSON, Parse, _stream_key_by_map_operator",5,numRecordsIn,6101.0
1784198275,8,"Source: Source-data -> LoadJSON, Parse, _stream_key_by_map_operator",5,numRecordsInPerSecond,0.0
1784198275,8,"Source: Source-data -> LoadJSON, Parse, _stream_key_by_map_operator",5,backPressuredTimeMsPerSecond,0.0
1784198275,8,"Source: Source-data -> LoadJSON, Parse, _stream_key_by_map_operator",6,busyTimeMsPerSecond,0.0
1784198275,8,"Source: Source-data -> LoadJSON, Parse, _stream_key_by_map_operator",6,numRecordsOutPerSecond,0.0
1784198275,8,"Source: Source-data -> LoadJSON, Parse, _stream_key_by_map_operator",6,idleTimeMsPerSecond,0.0
1784198275,8,"Source: Source-data -> LoadJSON, Parse, _stream_key_by_map_operator",6,numRecordsOut,6065.0
1784198275,8,"Source: Source-data -> LoadJSON, Parse, _stream_key_by_map_operator",6,numRecordsIn,6065.0
1784198275,8,"Source: Source-data -> LoadJSON, Parse, _stream_key_by_map_operator",6,numRecordsInPerSecond,0.0
1784198275,8,"Source: Source-data -> LoadJSON, Parse, _stream_key_by_map_operator",6,backPressuredTimeMsPerSecond,1000.0
1784198275,8,"Source: Source-data -> LoadJSON, Parse, _stream_key_by_map_operator",7,busyTimeMsPerSecond,2.0
1784198275,8,"Source: Source-data -> LoadJSON, Parse, _stream_key_by_map_operator",7,numRecordsOutPerSecond,0.016666666666666666
1784198275,8,"Source: Source-data -> LoadJSON, Parse, _stream_key_by_map_operator",7,idleTimeMsPerSecond,384.0
1784198275,8,"Source: Source-data -> LoadJSON, Parse, _stream_key_by_map_operator",7,numRecordsOut,5972.0
1784198275,8,"Source: Source-data -> LoadJSON, Parse, _stream_key_by_map_operator",7,numRecordsIn,5972.0
1784198275,8,"Source: Source-data -> LoadJSON, Parse, _stream_key_by_map_operator",7,numRecordsInPerSecond,0.016666666666666666
1784198275,8,"Source: Source-data -> LoadJSON, Parse, _stream_key_by_map_operator",7,backPressuredTimeMsPerSecond,614.0
1784198275,8,"KEYED PROCESS, Parse->Train, _stream_key_by_map_operator",0,busyTimeMsPerSecond,537.0
1784198275,8,"KEYED PROCESS, Parse->Train, _stream_key_by_map_operator",0,numRecordsOutPerSecond,0.16666666666666666
1784198275,8,"KEYED PROCESS, Parse->Train, _stream_key_by_map_operator",0,idleTimeMsPerSecond,0.0
1784198275,8,"KEYED PROCESS, Parse->Train, _stream_key_by_map_operator",0,numRecordsOut,200.0
1784198275,8,"KEYED PROCESS, Parse->Train, _stream_key_by_map_operator",0,numRecordsIn,201.0
1784198275,8,"KEYED PROCESS, Parse->Train, _stream_key_by_map_operator",0,numRecordsInPerSecond,0.16666666666666666
1784198275,8,"KEYED PROCESS, Parse->Train, _stream_key_by_map_operator",0,backPressuredTimeMsPerSecond,463.0
1784198275,8,"KEYED PROCESS, Parse->Train, _stream_key_by_map_operator",1,busyTimeMsPerSecond,368.0
1784198275,8,"KEYED PROCESS, Parse->Train, _stream_key_by_map_operator",1,numRecordsOutPerSecond,0.13333333333333333
1784198275,8,"KEYED PROCESS, Parse->Train, _stream_key_by_map_operator",1,idleTimeMsPerSecond,0.0
1784198275,8,"KEYED PROCESS, Parse->Train, _stream_key_by_map_operator",1,numRecordsOut,201.0
1784198275,8,"KEYED PROCESS, Parse->Train, _stream_key_by_map_operator",1,numRecordsIn,202.0
1784198275,8,"KEYED PROCESS, Parse->Train, _stream_key_by_map_operator",1,numRecordsInPerSecond,0.13333333333333333
1784198275,8,"KEYED PROCESS, Parse->Train, _stream_key_by_map_operator",1,backPressuredTimeMsPerSecond,632.0
1784198275,8,"KEYED PROCESS, Parse->Train, _stream_key_by_map_operator",2,busyTimeMsPerSecond,442.0
1784198275,8,"KEYED PROCESS, Parse->Train, _stream_key_by_map_operator",2,numRecordsOutPerSecond,0.13333333333333333
1784198275,8,"KEYED PROCESS, Parse->Train, _stream_key_by_map_operator",2,idleTimeMsPerSecond,0.0
1784198275,8,"KEYED PROCESS, Parse->Train, _stream_key_by_map_operator",2,numRecordsOut,157.0
1784198275,8,"KEYED PROCESS, Parse->Train, _stream_key_by_map_operator",2,numRecordsIn,158.0
1784198275,8,"KEYED PROCESS, Parse->Train, _stream_key_by_map_operator",2,numRecordsInPerSecond,0.13333333333333333
1784198275,8,"KEYED PROCESS, Parse->Train, _stream_key_by_map_operator",2,backPressuredTimeMsPerSecond,558.0
1784198275,8,"KEYED PROCESS, Parse->Train, _stream_key_by_map_operator",3,busyTimeMsPerSecond,0.0
1784198275,8,"KEYED PROCESS, Parse->Train, _stream_key_by_map_operator",3,numRecordsOutPerSecond,0.0
1784198275,8,"KEYED PROCESS, Parse->Train, _stream_key_by_map_operator",3,idleTimeMsPerSecond,1000.0
1784198275,8,"KEYED PROCESS, Parse->Train, _stream_key_by_map_operator",3,numRecordsOut,0.0
1784198275,8,"KEYED PROCESS, Parse->Train, _stream_key_by_map_operator",3,numRecordsIn,0.0
1784198275,8,"KEYED PROCESS, Parse->Train, _stream_key_by_map_operator",3,numRecordsInPerSecond,0.0
1784198275,8,"KEYED PROCESS, Parse->Train, _stream_key_by_map_operator",3,backPressuredTimeMsPerSecond,0.0
1784198275,8,"KEYED PROCESS, Parse->Train, _stream_key_by_map_operator",4,busyTimeMsPerSecond,453.0
1784198275,8,"KEYED PROCESS, Parse->Train, _stream_key_by_map_operator",4,numRecordsOutPerSecond,0.13333333333333333
1784198275,8,"KEYED PROCESS, Parse->Train, _stream_key_by_map_operator",4,idleTimeMsPerSecond,0.0
1784198275,8,"KEYED PROCESS, Parse->Train, _stream_key_by_map_operator",4,numRecordsOut,231.0
1784198275,8,"KEYED PROCESS, Parse->Train, _stream_key_by_map_operator",4,numRecordsIn,232.0
1784198275,8,"KEYED PROCESS, Parse->Train, _stream_key_by_map_operator",4,numRecordsInPerSecond,0.13333333333333333
1784198275,8,"KEYED PROCESS, Parse->Train, _stream_key_by_map_operator",4,backPressuredTimeMsPerSecond,547.0
1784198275,8,"KEYED PROCESS, Parse->Train, _stream_key_by_map_operator",5,busyTimeMsPerSecond,0.0
1784198275,8,"KEYED PROCESS, Parse->Train, _stream_key_by_map_operator",5,numRecordsOutPerSecond,0.0
1784198275,8,"KEYED PROCESS, Parse->Train, _stream_key_by_map_operator",5,idleTimeMsPerSecond,1000.0
1784198275,8,"KEYED PROCESS, Parse->Train, _stream_key_by_map_operator",5,numRecordsOut,0.0
1784198275,8,"KEYED PROCESS, Parse->Train, _stream_key_by_map_operator",5,numRecordsIn,0.0
1784198275,8,"KEYED PROCESS, Parse->Train, _stream_key_by_map_operator",5,numRecordsInPerSecond,0.0
1784198275,8,"KEYED PROCESS, Parse->Train, _stream_key_by_map_operator",5,backPressuredTimeMsPerSecond,0.0
1784198275,8,"KEYED PROCESS, Parse->Train, _stream_key_by_map_operator",6,busyTimeMsPerSecond,0.0
1784198275,8,"KEYED PROCESS, Parse->Train, _stream_key_by_map_operator",6,numRecordsOutPerSecond,0.0
1784198275,8,"KEYED PROCESS, Parse->Train, _stream_key_by_map_operator",6,idleTimeMsPerSecond,1000.0
1784198275,8,"KEYED PROCESS, Parse->Train, _stream_key_by_map_operator",6,numRecordsOut,0.0
1784198275,8,"KEYED PROCESS, Parse->Train, _stream_key_by_map_operator",6,numRecordsIn,0.0
1784198275,8,"KEYED PROCESS, Parse->Train, _stream_key_by_map_operator",6,numRecordsInPerSecond,0.0
1784198275,8,"KEYED PROCESS, Parse->Train, _stream_key_by_map_operator",6,backPressuredTimeMsPerSecond,0.0
1784198275,8,"KEYED PROCESS, Parse->Train, _stream_key_by_map_operator",7,busyTimeMsPerSecond,442.0
1784198275,8,"KEYED PROCESS, Parse->Train, _stream_key_by_map_operator",7,numRecordsOutPerSecond,0.11666666666666667
1784198275,8,"KEYED PROCESS, Parse->Train, _stream_key_by_map_operator",7,idleTimeMsPerSecond,0.0
1784198275,8,"KEYED PROCESS, Parse->Train, _stream_key_by_map_operator",7,numRecordsOut,166.0
1784198275,8,"KEYED PROCESS, Parse->Train, _stream_key_by_map_operator",7,numRecordsIn,167.0
1784198275,8,"KEYED PROCESS, Parse->Train, _stream_key_by_map_operator",7,numRecordsInPerSecond,0.11666666666666667
1784198275,8,"KEYED PROCESS, Parse->Train, _stream_key_by_map_operator",7,backPressuredTimeMsPerSecond,558.0
1784198275,8,"KEYED PROCESS, Train->Infer, _stream_key_by_map_operator",0,busyTimeMsPerSecond,598.0
1784198275,8,"KEYED PROCESS, Train->Infer, _stream_key_by_map_operator",0,numRecordsOutPerSecond,58.333333333333336
1784198275,8,"KEYED PROCESS, Train->Infer, _stream_key_by_map_operator",0,idleTimeMsPerSecond,402.0
1784198275,8,"KEYED PROCESS, Train->Infer, _stream_key_by_map_operator",0,numRecordsOut,46881.0
1784198275,8,"KEYED PROCESS, Train->Infer, _stream_key_by_map_operator",0,numRecordsIn,155.0
1784198275,8,"KEYED PROCESS, Train->Infer, _stream_key_by_map_operator",0,numRecordsInPerSecond,0.13333333333333333
1784198275,8,"KEYED PROCESS, Train->Infer, _stream_key_by_map_operator",0,backPressuredTimeMsPerSecond,0.0
1784198275,8,"KEYED PROCESS, Train->Infer, _stream_key_by_map_operator",1,busyTimeMsPerSecond,145.0
1784198275,8,"KEYED PROCESS, Train->Infer, _stream_key_by_map_operator",1,numRecordsOutPerSecond,16.666666666666668
1784198275,8,"KEYED PROCESS, Train->Infer, _stream_key_by_map_operator",1,idleTimeMsPerSecond,855.0
1784198275,8,"KEYED PROCESS, Train->Infer, _stream_key_by_map_operator",1,numRecordsOut,41559.0
1784198275,8,"KEYED PROCESS, Train->Infer, _stream_key_by_map_operator",1,numRecordsIn,144.0
1784198275,8,"KEYED PROCESS, Train->Infer, _stream_key_by_map_operator",1,numRecordsInPerSecond,0.03333333333333333
1784198275,8,"KEYED PROCESS, Train->Infer, _stream_key_by_map_operator",1,backPressuredTimeMsPerSecond,0.0
1784198275,8,"KEYED PROCESS, Train->Infer, _stream_key_by_map_operator",2,busyTimeMsPerSecond,519.0
1784198275,8,"KEYED PROCESS, Train->Infer, _stream_key_by_map_operator",2,numRecordsOutPerSecond,50.0
1784198275,8,"KEYED PROCESS, Train->Infer, _stream_key_by_map_operator",2,idleTimeMsPerSecond,0.0
1784198275,8,"KEYED PROCESS, Train->Infer, _stream_key_by_map_operator",2,numRecordsOut,50515.0
1784198275,8,"KEYED PROCESS, Train->Infer, _stream_key_by_map_operator",2,numRecordsIn,116.0
1784198275,8,"KEYED PROCESS, Train->Infer, _stream_key_by_map_operator",2,numRecordsInPerSecond,0.1
1784198275,8,"KEYED PROCESS, Train->Infer, _stream_key_by_map_operator",2,backPressuredTimeMsPerSecond,481.0
1784198275,8,"KEYED PROCESS, Train->Infer, _stream_key_by_map_operator",3,busyTimeMsPerSecond,433.0
1784198275,8,"KEYED PROCESS, Train->Infer, _stream_key_by_map_operator",3,numRecordsOutPerSecond,50.0
1784198275,8,"KEYED PROCESS, Train->Infer, _stream_key_by_map_operator",3,idleTimeMsPerSecond,567.0
1784198275,8,"KEYED PROCESS, Train->Infer, _stream_key_by_map_operator",3,numRecordsOut,49500.0
1784198275,8,"KEYED PROCESS, Train->Infer, _stream_key_by_map_operator",3,numRecordsIn,99.0
1784198275,8,"KEYED PROCESS, Train->Infer, _stream_key_by_map_operator",3,numRecordsInPerSecond,0.08333333333333333
1784198275,8,"KEYED PROCESS, Train->Infer, _stream_key_by_map_operator",3,backPressuredTimeMsPerSecond,0.0
1784198275,8,"KEYED PROCESS, Train->Infer, _stream_key_by_map_operator",4,busyTimeMsPerSecond,547.0
1784198275,8,"KEYED PROCESS, Train->Infer, _stream_key_by_map_operator",4,numRecordsOutPerSecond,41.666666666666664
1784198275,8,"KEYED PROCESS, Train->Infer, _stream_key_by_map_operator",4,idleTimeMsPerSecond,453.0
1784198275,8,"KEYED PROCESS, Train->Infer, _stream_key_by_map_operator",4,numRecordsOut,34575.0
1784198275,8,"KEYED PROCESS, Train->Infer, _stream_key_by_map_operator",4,numRecordsIn,144.0
1784198275,8,"KEYED PROCESS, Train->Infer, _stream_key_by_map_operator",4,numRecordsInPerSecond,0.08333333333333333
1784198275,8,"KEYED PROCESS, Train->Infer, _stream_key_by_map_operator",4,backPressuredTimeMsPerSecond,0.0
1784198275,8,"KEYED PROCESS, Train->Infer, _stream_key_by_map_operator",5,busyTimeMsPerSecond,289.0
1784198275,8,"KEYED PROCESS, Train->Infer, _stream_key_by_map_operator",5,numRecordsOutPerSecond,33.333333333333336
1784198275,8,"KEYED PROCESS, Train->Infer, _stream_key_by_map_operator",5,idleTimeMsPerSecond,711.0
1784198275,8,"KEYED PROCESS, Train->Infer, _stream_key_by_map_operator",5,numRecordsOut,43000.0
1784198275,8,"KEYED PROCESS, Train->Infer, _stream_key_by_map_operator",5,numRecordsIn,87.0
1784198275,8,"KEYED PROCESS, Train->Infer, _stream_key_by_map_operator",5,numRecordsInPerSecond,0.05
1784198275,8,"KEYED PROCESS, Train->Infer, _stream_key_by_map_operator",5,backPressuredTimeMsPerSecond,0.0
1784198275,8,"KEYED PROCESS, Train->Infer, _stream_key_by_map_operator",6,busyTimeMsPerSecond,210.0
1784198275,8,"KEYED PROCESS, Train->Infer, _stream_key_by_map_operator",6,numRecordsOutPerSecond,25.0
1784198275,8,"KEYED PROCESS, Train->Infer, _stream_key_by_map_operator",6,idleTimeMsPerSecond,790.0
1784198275,8,"KEYED PROCESS, Train->Infer, _stream_key_by_map_operator",6,numRecordsOut,47500.0
1784198275,8,"KEYED PROCESS, Train->Infer, _stream_key_by_map_operator",6,numRecordsIn,95.0
1784198275,8,"KEYED PROCESS, Train->Infer, _stream_key_by_map_operator",6,numRecordsInPerSecond,0.05
1784198275,8,"KEYED PROCESS, Train->Infer, _stream_key_by_map_operator",6,backPressuredTimeMsPerSecond,0.0
1784198275,8,"KEYED PROCESS, Train->Infer, _stream_key_by_map_operator",7,busyTimeMsPerSecond,799.0
1784198275,8,"KEYED PROCESS, Train->Infer, _stream_key_by_map_operator",7,numRecordsOutPerSecond,66.66666666666667
1784198275,8,"KEYED PROCESS, Train->Infer, _stream_key_by_map_operator",7,idleTimeMsPerSecond,6.0
1784198275,8,"KEYED PROCESS, Train->Infer, _stream_key_by_map_operator",7,numRecordsOut,46530.0
1784198275,8,"KEYED PROCESS, Train->Infer, _stream_key_by_map_operator",7,numRecordsIn,123.0
1784198275,8,"KEYED PROCESS, Train->Infer, _stream_key_by_map_operator",7,numRecordsInPerSecond,0.13333333333333333
1784198275,8,"KEYED PROCESS, Train->Infer, _stream_key_by_map_operator",7,backPressuredTimeMsPerSecond,195.0
1784198275,8,"Infer->Rank, Rank->Filter, Filter -> Sink: Writer -> Sink: Committer",0,busyTimeMsPerSecond,1000.0
1784198275,8,"Infer->Rank, Rank->Filter, Filter -> Sink: Writer -> Sink: Committer",0,numRecordsOutPerSecond,34.333333333333336
1784198275,8,"Infer->Rank, Rank->Filter, Filter -> Sink: Writer -> Sink: Committer",0,idleTimeMsPerSecond,0.0
1784198275,8,"Infer->Rank, Rank->Filter, Filter -> Sink: Writer -> Sink: Committer",0,numRecordsOut,38934.0
1784198275,8,"Infer->Rank, Rank->Filter, Filter -> Sink: Writer -> Sink: Committer",0,numRecordsIn,45007.0
1784198275,8,"Infer->Rank, Rank->Filter, Filter -> Sink: Writer -> Sink: Committer",0,numRecordsInPerSecond,42.61666666666667
1784198275,8,"Infer->Rank, Rank->Filter, Filter -> Sink: Writer -> Sink: Committer",0,backPressuredTimeMsPerSecond,0.0
1784198275,8,"Infer->Rank, Rank->Filter, Filter -> Sink: Writer -> Sink: Committer",1,busyTimeMsPerSecond,554.0
1784198275,8,"Infer->Rank, Rank->Filter, Filter -> Sink: Writer -> Sink: Committer",1,numRecordsOutPerSecond,31.0
1784198275,8,"Infer->Rank, Rank->Filter, Filter -> Sink: Writer -> Sink: Committer",1,idleTimeMsPerSecond,446.0
1784198275,8,"Infer->Rank, Rank->Filter, Filter -> Sink: Writer -> Sink: Committer",1,numRecordsOut,37460.0
1784198275,8,"Infer->Rank, Rank->Filter, Filter -> Sink: Writer -> Sink: Committer",1,numRecordsIn,42037.0
1784198275,8,"Infer->Rank, Rank->Filter, Filter -> Sink: Writer -> Sink: Committer",1,numRecordsInPerSecond,31.05
1784198275,8,"Infer->Rank, Rank->Filter, Filter -> Sink: Writer -> Sink: Committer",1,backPressuredTimeMsPerSecond,0.0
1784198275,8,"Infer->Rank, Rank->Filter, Filter -> Sink: Writer -> Sink: Committer",2,busyTimeMsPerSecond,1000.0
1784198275,8,"Infer->Rank, Rank->Filter, Filter -> Sink: Writer -> Sink: Committer",2,numRecordsOutPerSecond,34.0
1784198275,8,"Infer->Rank, Rank->Filter, Filter -> Sink: Writer -> Sink: Committer",2,idleTimeMsPerSecond,0.0
1784198275,8,"Infer->Rank, Rank->Filter, Filter -> Sink: Writer -> Sink: Committer",2,numRecordsOut,40160.0
1784198275,8,"Infer->Rank, Rank->Filter, Filter -> Sink: Writer -> Sink: Committer",2,numRecordsIn,47183.0
1784198275,8,"Infer->Rank, Rank->Filter, Filter -> Sink: Writer -> Sink: Committer",2,numRecordsInPerSecond,48.93333333333333
1784198275,8,"Infer->Rank, Rank->Filter, Filter -> Sink: Writer -> Sink: Committer",2,backPressuredTimeMsPerSecond,0.0
1784198275,8,"Infer->Rank, Rank->Filter, Filter -> Sink: Writer -> Sink: Committer",3,busyTimeMsPerSecond,765.0
1784198275,8,"Infer->Rank, Rank->Filter, Filter -> Sink: Writer -> Sink: Committer",3,numRecordsOutPerSecond,50.0
1784198275,8,"Infer->Rank, Rank->Filter, Filter -> Sink: Writer -> Sink: Committer",3,idleTimeMsPerSecond,235.0
1784198275,8,"Infer->Rank, Rank->Filter, Filter -> Sink: Writer -> Sink: Committer",3,numRecordsOut,42000.0
1784198275,8,"Infer->Rank, Rank->Filter, Filter -> Sink: Writer -> Sink: Committer",3,numRecordsIn,49500.0
1784198275,8,"Infer->Rank, Rank->Filter, Filter -> Sink: Writer -> Sink: Committer",3,numRecordsInPerSecond,64.43333333333334
1784198275,8,"Infer->Rank, Rank->Filter, Filter -> Sink: Writer -> Sink: Committer",3,backPressuredTimeMsPerSecond,0.0
1784198275,8,"Infer->Rank, Rank->Filter, Filter -> Sink: Writer -> Sink: Committer",4,busyTimeMsPerSecond,594.0
1784198275,8,"Infer->Rank, Rank->Filter, Filter -> Sink: Writer -> Sink: Committer",4,numRecordsOutPerSecond,20.5
1784198275,8,"Infer->Rank, Rank->Filter, Filter -> Sink: Writer -> Sink: Committer",4,idleTimeMsPerSecond,406.0
1784198275,8,"Infer->Rank, Rank->Filter, Filter -> Sink: Writer -> Sink: Committer",4,numRecordsOut,30990.0
1784198275,8,"Infer->Rank, Rank->Filter, Filter -> Sink: Writer -> Sink: Committer",4,numRecordsIn,33098.0
1784198275,8,"Infer->Rank, Rank->Filter, Filter -> Sink: Writer -> Sink: Committer",4,numRecordsInPerSecond,28.266666666666666
1784198275,8,"Infer->Rank, Rank->Filter, Filter -> Sink: Writer -> Sink: Committer",4,backPressuredTimeMsPerSecond,0.0
1784198275,8,"Infer->Rank, Rank->Filter, Filter -> Sink: Writer -> Sink: Committer",5,busyTimeMsPerSecond,309.0
1784198275,8,"Infer->Rank, Rank->Filter, Filter -> Sink: Writer -> Sink: Committer",5,numRecordsOutPerSecond,23.833333333333332
1784198275,8,"Infer->Rank, Rank->Filter, Filter -> Sink: Writer -> Sink: Committer",5,idleTimeMsPerSecond,691.0
1784198275,8,"Infer->Rank, Rank->Filter, Filter -> Sink: Writer -> Sink: Committer",5,numRecordsOut,38000.0
1784198275,8,"Infer->Rank, Rank->Filter, Filter -> Sink: Writer -> Sink: Committer",5,numRecordsIn,42599.0
1784198275,8,"Infer->Rank, Rank->Filter, Filter -> Sink: Writer -> Sink: Committer",5,numRecordsInPerSecond,23.95
1784198275,8,"Infer->Rank, Rank->Filter, Filter -> Sink: Writer -> Sink: Committer",5,backPressuredTimeMsPerSecond,0.0
1784198275,8,"Infer->Rank, Rank->Filter, Filter -> Sink: Writer -> Sink: Committer",6,busyTimeMsPerSecond,281.0
1784198275,8,"Infer->Rank, Rank->Filter, Filter -> Sink: Writer -> Sink: Committer",6,numRecordsOutPerSecond,16.666666666666668
1784198275,8,"Infer->Rank, Rank->Filter, Filter -> Sink: Writer -> Sink: Committer",6,idleTimeMsPerSecond,719.0
1784198275,8,"Infer->Rank, Rank->Filter, Filter -> Sink: Writer -> Sink: Committer",6,numRecordsOut,41000.0
1784198275,8,"Infer->Rank, Rank->Filter, Filter -> Sink: Writer -> Sink: Committer",6,numRecordsIn,47500.0
1784198275,8,"Infer->Rank, Rank->Filter, Filter -> Sink: Writer -> Sink: Committer",6,numRecordsInPerSecond,25.683333333333334
1784198275,8,"Infer->Rank, Rank->Filter, Filter -> Sink: Writer -> Sink: Committer",6,backPressuredTimeMsPerSecond,0.0
1784198275,8,"Infer->Rank, Rank->Filter, Filter -> Sink: Writer -> Sink: Committer",7,busyTimeMsPerSecond,1000.0
1784198275,8,"Infer->Rank, Rank->Filter, Filter -> Sink: Writer -> Sink: Committer",7,numRecordsOutPerSecond,32.166666666666664
1784198275,8,"Infer->Rank, Rank->Filter, Filter -> Sink: Writer -> Sink: Committer",7,idleTimeMsPerSecond,0.0
1784198275,8,"Infer->Rank, Rank->Filter, Filter -> Sink: Writer -> Sink: Committer",7,numRecordsOut,41120.0
1784198275,8,"Infer->Rank, Rank->Filter, Filter -> Sink: Writer -> Sink: Committer",7,numRecordsIn,43164.0
1784198275,8,"Infer->Rank, Rank->Filter, Filter -> Sink: Writer -> Sink: Committer",7,numRecordsInPerSecond,40.61666666666667
1784198275,8,"Infer->Rank, Rank->Filter, Filter -> Sink: Writer -> Sink: Committer",7,backPressuredTimeMsPerSecond,0.0
1784198290,8,"Source: Source-data -> LoadJSON, Parse, _stream_key_by_map_operator",0,busyTimeMsPerSecond,0.0
1784198290,8,"Source: Source-data -> LoadJSON, Parse, _stream_key_by_map_operator",0,numRecordsOutPerSecond,0.0
1784198290,8,"Source: Source-data -> LoadJSON, Parse, _stream_key_by_map_operator",0,idleTimeMsPerSecond,1000.0
1784198290,8,"Source: Source-data -> LoadJSON, Parse, _stream_key_by_map_operator",0,numRecordsOut,6131.0
1784198290,8,"Source: Source-data -> LoadJSON, Parse, _stream_key_by_map_operator",0,numRecordsIn,6131.0
1784198290,8,"Source: Source-data -> LoadJSON, Parse, _stream_key_by_map_operator",0,numRecordsInPerSecond,0.0
1784198290,8,"Source: Source-data -> LoadJSON, Parse, _stream_key_by_map_operator",0,backPressuredTimeMsPerSecond,0.0
1784198290,8,"Source: Source-data -> LoadJSON, Parse, _stream_key_by_map_operator",1,busyTimeMsPerSecond,0.0
1784198290,8,"Source: Source-data -> LoadJSON, Parse, _stream_key_by_map_operator",1,numRecordsOutPerSecond,0.0
1784198290,8,"Source: Source-data -> LoadJSON, Parse, _stream_key_by_map_operator",1,idleTimeMsPerSecond,0.0
1784198290,8,"Source: Source-data -> LoadJSON, Parse, _stream_key_by_map_operator",1,numRecordsOut,6028.0
1784198290,8,"Source: Source-data -> LoadJSON, Parse, _stream_key_by_map_operator",1,numRecordsIn,6028.0
1784198290,8,"Source: Source-data -> LoadJSON, Parse, _stream_key_by_map_operator",1,numRecordsInPerSecond,0.0
1784198290,8,"Source: Source-data -> LoadJSON, Parse, _stream_key_by_map_operator",1,backPressuredTimeMsPerSecond,1000.0
1784198290,8,"Source: Source-data -> LoadJSON, Parse, _stream_key_by_map_operator",2,busyTimeMsPerSecond,0.0
1784198290,8,"Source: Source-data -> LoadJSON, Parse, _stream_key_by_map_operator",2,numRecordsOutPerSecond,0.0
1784198290,8,"Source: Source-data -> LoadJSON, Parse, _stream_key_by_map_operator",2,idleTimeMsPerSecond,0.0
1784198290,8,"Source: Source-data -> LoadJSON, Parse, _stream_key_by_map_operator",2,numRecordsOut,6234.0
1784198290,8,"Source: Source-data -> LoadJSON, Parse, _stream_key_by_map_operator",2,numRecordsIn,6234.0
1784198290,8,"Source: Source-data -> LoadJSON, Parse, _stream_key_by_map_operator",2,numRecordsInPerSecond,0.0
1784198290,8,"Source: Source-data -> LoadJSON, Parse, _stream_key_by_map_operator",2,backPressuredTimeMsPerSecond,1000.0
1784198290,8,"Source: Source-data -> LoadJSON, Parse, _stream_key_by_map_operator",3,busyTimeMsPerSecond,0.0
1784198290,8,"Source: Source-data -> LoadJSON, Parse, _stream_key_by_map_operator",3,numRecordsOutPerSecond,0.0
1784198290,8,"Source: Source-data -> LoadJSON, Parse, _stream_key_by_map_operator",3,idleTimeMsPerSecond,0.0
1784198290,8,"Source: Source-data -> LoadJSON, Parse, _stream_key_by_map_operator",3,numRecordsOut,6021.0
1784198290,8,"Source: Source-data -> LoadJSON, Parse, _stream_key_by_map_operator",3,numRecordsIn,6021.0
1784198290,8,"Source: Source-data -> LoadJSON, Parse, _stream_key_by_map_operator",3,numRecordsInPerSecond,0.0
1784198290,8,"Source: Source-data -> LoadJSON, Parse, _stream_key_by_map_operator",3,backPressuredTimeMsPerSecond,1000.0
1784198290,8,"Source: Source-data -> LoadJSON, Parse, _stream_key_by_map_operator",4,busyTimeMsPerSecond,0.0
1784198290,8,"Source: Source-data -> LoadJSON, Parse, _stream_key_by_map_operator",4,numRecordsOutPerSecond,0.0
1784198290,8,"Source: Source-data -> LoadJSON, Parse, _stream_key_by_map_operator",4,idleTimeMsPerSecond,0.0
1784198290,8,"Source: Source-data -> LoadJSON, Parse, _stream_key_by_map_operator",4,numRecordsOut,6068.0
1784198290,8,"Source: Source-data -> LoadJSON, Parse, _stream_key_by_map_operator",4,numRecordsIn,6068.0
1784198290,8,"Source: Source-data -> LoadJSON, Parse, _stream_key_by_map_operator",4,numRecordsInPerSecond,0.0
1784198290,8,"Source: Source-data -> LoadJSON, Parse, _stream_key_by_map_operator",4,backPressuredTimeMsPerSecond,1000.0
1784198290,8,"Source: Source-data -> LoadJSON, Parse, _stream_key_by_map_operator",5,busyTimeMsPerSecond,1.0
1784198290,8,"Source: Source-data -> LoadJSON, Parse, _stream_key_by_map_operator",5,numRecordsOutPerSecond,0.016666666666666666
1784198290,8,"Source: Source-data -> LoadJSON, Parse, _stream_key_by_map_operator",5,idleTimeMsPerSecond,999.0
1784198290,8,"Source: Source-data -> LoadJSON, Parse, _stream_key_by_map_operator",5,numRecordsOut,6103.0
1784198290,8,"Source: Source-data -> LoadJSON, Parse, _stream_key_by_map_operator",5,numRecordsIn,6103.0
1784198290,8,"Source: Source-data -> LoadJSON, Parse, _stream_key_by_map_operator",5,numRecordsInPerSecond,0.016666666666666666
1784198290,8,"Source: Source-data -> LoadJSON, Parse, _stream_key_by_map_operator",5,backPressuredTimeMsPerSecond,0.0
1784198290,8,"Source: Source-data -> LoadJSON, Parse, _stream_key_by_map_operator",6,busyTimeMsPerSecond,0.0
1784198290,8,"Source: Source-data -> LoadJSON, Parse, _stream_key_by_map_operator",6,numRecordsOutPerSecond,0.0
1784198290,8,"Source: Source-data -> LoadJSON, Parse, _stream_key_by_map_operator",6,idleTimeMsPerSecond,0.0
1784198290,8,"Source: Source-data -> LoadJSON, Parse, _stream_key_by_map_operator",6,numRecordsOut,6065.0
1784198290,8,"Source: Source-data -> LoadJSON, Parse, _stream_key_by_map_operator",6,numRecordsIn,6065.0
1784198290,8,"Source: Source-data -> LoadJSON, Parse, _stream_key_by_map_operator",6,numRecordsInPerSecond,0.0
1784198290,8,"Source: Source-data -> LoadJSON, Parse, _stream_key_by_map_operator",6,backPressuredTimeMsPerSecond,1000.0
1784198290,8,"Source: Source-data -> LoadJSON, Parse, _stream_key_by_map_operator",7,busyTimeMsPerSecond,2.0
1784198290,8,"Source: Source-data -> LoadJSON, Parse, _stream_key_by_map_operator",7,numRecordsOutPerSecond,0.016666666666666666
1784198290,8,"Source: Source-data -> LoadJSON, Parse, _stream_key_by_map_operator",7,idleTimeMsPerSecond,134.0
1784198290,8,"Source: Source-data -> LoadJSON, Parse, _stream_key_by_map_operator",7,numRecordsOut,5972.0
1784198290,8,"Source: Source-data -> LoadJSON, Parse, _stream_key_by_map_operator",7,numRecordsIn,5972.0
1784198290,8,"Source: Source-data -> LoadJSON, Parse, _stream_key_by_map_operator",7,numRecordsInPerSecond,0.016666666666666666
1784198290,8,"Source: Source-data -> LoadJSON, Parse, _stream_key_by_map_operator",7,backPressuredTimeMsPerSecond,864.0
1784198290,8,"KEYED PROCESS, Parse->Train, _stream_key_by_map_operator",0,busyTimeMsPerSecond,511.0
1784198290,8,"KEYED PROCESS, Parse->Train, _stream_key_by_map_operator",0,numRecordsOutPerSecond,0.15
1784198290,8,"KEYED PROCESS, Parse->Train, _stream_key_by_map_operator",0,idleTimeMsPerSecond,0.0
1784198290,8,"KEYED PROCESS, Parse->Train, _stream_key_by_map_operator",0,numRecordsOut,203.0
1784198290,8,"KEYED PROCESS, Parse->Train, _stream_key_by_map_operator",0,numRecordsIn,204.0
1784198290,8,"KEYED PROCESS, Parse->Train, _stream_key_by_map_operator",0,numRecordsInPerSecond,0.15
1784198290,8,"KEYED PROCESS, Parse->Train, _stream_key_by_map_operator",0,backPressuredTimeMsPerSecond,489.0
1784198290,8,"KEYED PROCESS, Parse->Train, _stream_key_by_map_operator",1,busyTimeMsPerSecond,500.0
1784198290,8,"KEYED PROCESS, Parse->Train, _stream_key_by_map_operator",1,numRecordsOutPerSecond,0.15
1784198290,8,"KEYED PROCESS, Parse->Train, _stream_key_by_map_operator",1,idleTimeMsPerSecond,0.0
1784198290,8,"KEYED PROCESS, Parse->Train, _stream_key_by_map_operator",1,numRecordsOut,205.0
1784198290,8,"KEYED PROCESS, Parse->Train, _stream_key_by_map_operator",1,numRecordsIn,206.0
1784198290,8,"KEYED PROCESS, Parse->Train, _stream_key_by_map_operator",1,numRecordsInPerSecond,0.15
1784198290,8,"KEYED PROCESS, Parse->Train, _stream_key_by_map_operator",1,backPressuredTimeMsPerSecond,500.0
1784198290,8,"KEYED PROCESS, Parse->Train, _stream_key_by_map_operator",2,busyTimeMsPerSecond,562.0
1784198290,8,"KEYED PROCESS, Parse->Train, _stream_key_by_map_operator",2,numRecordsOutPerSecond,0.18333333333333332
1784198290,8,"KEYED PROCESS, Parse->Train, _stream_key_by_map_operator",2,idleTimeMsPerSecond,0.0
1784198290,8,"KEYED PROCESS, Parse->Train, _stream_key_by_map_operator",2,numRecordsOut,160.0
1784198290,8,"KEYED PROCESS, Parse->Train, _stream_key_by_map_operator",2,numRecordsIn,161.0
1784198290,8,"KEYED PROCESS, Parse->Train, _stream_key_by_map_operator",2,numRecordsInPerSecond,0.18333333333333332
1784198290,8,"KEYED PROCESS, Parse->Train, _stream_key_by_map_operator",2,backPressuredTimeMsPerSecond,438.0
1784198290,8,"KEYED PROCESS, Parse->Train, _stream_key_by_map_operator",3,busyTimeMsPerSecond,0.0
1784198290,8,"KEYED PROCESS, Parse->Train, _stream_key_by_map_operator",3,numRecordsOutPerSecond,0.0
1784198290,8,"KEYED PROCESS, Parse->Train, _stream_key_by_map_operator",3,idleTimeMsPerSecond,1000.0
1784198290,8,"KEYED PROCESS, Parse->Train, _stream_key_by_map_operator",3,numRecordsOut,0.0
1784198290,8,"KEYED PROCESS, Parse->Train, _stream_key_by_map_operator",3,numRecordsIn,0.0
1784198290,8,"KEYED PROCESS, Parse->Train, _stream_key_by_map_operator",3,numRecordsInPerSecond,0.0
1784198290,8,"KEYED PROCESS, Parse->Train, _stream_key_by_map_operator",3,backPressuredTimeMsPerSecond,0.0
1784198290,8,"KEYED PROCESS, Parse->Train, _stream_key_by_map_operator",4,busyTimeMsPerSecond,382.0
1784198290,8,"KEYED PROCESS, Parse->Train, _stream_key_by_map_operator",4,numRecordsOutPerSecond,0.1
1784198290,8,"KEYED PROCESS, Parse->Train, _stream_key_by_map_operator",4,idleTimeMsPerSecond,0.0
1784198290,8,"KEYED PROCESS, Parse->Train, _stream_key_by_map_operator",4,numRecordsOut,233.0
1784198290,8,"KEYED PROCESS, Parse->Train, _stream_key_by_map_operator",4,numRecordsIn,234.0
1784198290,8,"KEYED PROCESS, Parse->Train, _stream_key_by_map_operator",4,numRecordsInPerSecond,0.1
1784198290,8,"KEYED PROCESS, Parse->Train, _stream_key_by_map_operator",4,backPressuredTimeMsPerSecond,618.0
1784198290,8,"KEYED PROCESS, Parse->Train, _stream_key_by_map_operator",5,busyTimeMsPerSecond,0.0
1784198290,8,"KEYED PROCESS, Parse->Train, _stream_key_by_map_operator",5,numRecordsOutPerSecond,0.0
1784198290,8,"KEYED PROCESS, Parse->Train, _stream_key_by_map_operator",5,idleTimeMsPerSecond,1000.0
1784198290,8,"KEYED PROCESS, Parse->Train, _stream_key_by_map_operator",5,numRecordsOut,0.0
1784198290,8,"KEYED PROCESS, Parse->Train, _stream_key_by_map_operator",5,numRecordsIn,0.0
1784198290,8,"KEYED PROCESS, Parse->Train, _stream_key_by_map_operator",5,numRecordsInPerSecond,0.0
1784198290,8,"KEYED PROCESS, Parse->Train, _stream_key_by_map_operator",5,backPressuredTimeMsPerSecond,0.0
1784198290,8,"KEYED PROCESS, Parse->Train, _stream_key_by_map_operator",6,busyTimeMsPerSecond,0.0
1784198290,8,"KEYED PROCESS, Parse->Train, _stream_key_by_map_operator",6,numRecordsOutPerSecond,0.0
1784198290,8,"KEYED PROCESS, Parse->Train, _stream_key_by_map_operator",6,idleTimeMsPerSecond,1000.0
1784198290,8,"KEYED PROCESS, Parse->Train, _stream_key_by_map_operator",6,numRecordsOut,0.0
1784198290,8,"KEYED PROCESS, Parse->Train, _stream_key_by_map_operator",6,numRecordsIn,0.0
1784198290,8,"KEYED PROCESS, Parse->Train, _stream_key_by_map_operator",6,numRecordsInPerSecond,0.0
1784198290,8,"KEYED PROCESS, Parse->Train, _stream_key_by_map_operator",6,backPressuredTimeMsPerSecond,0.0
1784198290,8,"KEYED PROCESS, Parse->Train, _stream_key_by_map_operator",7,busyTimeMsPerSecond,622.0
1784198290,8,"KEYED PROCESS, Parse->Train, _stream_key_by_map_operator",7,numRecordsOutPerSecond,0.08333333333333333
1784198290,8,"KEYED PROCESS, Parse->Train, _stream_key_by_map_operator",7,idleTimeMsPerSecond,0.0
1784198290,8,"KEYED PROCESS, Parse->Train, _stream_key_by_map_operator",7,numRecordsOut,166.0
1784198290,8,"KEYED PROCESS, Parse->Train, _stream_key_by_map_operator",7,numRecordsIn,167.0
1784198290,8,"KEYED PROCESS, Parse->Train, _stream_key_by_map_operator",7,numRecordsInPerSecond,0.08333333333333333
1784198290,8,"KEYED PROCESS, Parse->Train, _stream_key_by_map_operator",7,backPressuredTimeMsPerSecond,378.0
1784198290,8,"KEYED PROCESS, Train->Infer, _stream_key_by_map_operator",0,busyTimeMsPerSecond,860.0
1784198290,8,"KEYED PROCESS, Train->Infer, _stream_key_by_map_operator",0,numRecordsOutPerSecond,83.33333333333333
1784198290,8,"KEYED PROCESS, Train->Infer, _stream_key_by_map_operator",0,idleTimeMsPerSecond,44.0
1784198290,8,"KEYED PROCESS, Train->Infer, _stream_key_by_map_operator",0,numRecordsOut,48881.0
1784198290,8,"KEYED PROCESS, Train->Infer, _stream_key_by_map_operator",0,numRecordsIn,158.0
1784198290,8,"KEYED PROCESS, Train->Infer, _stream_key_by_map_operator",0,numRecordsInPerSecond,0.16666666666666666
1784198290,8,"KEYED PROCESS, Train->Infer, _stream_key_by_map_operator",0,backPressuredTimeMsPerSecond,96.0
1784198290,8,"KEYED PROCESS, Train->Infer, _stream_key_by_map_operator",1,busyTimeMsPerSecond,454.0
1784198290,8,"KEYED PROCESS, Train->Infer, _stream_key_by_map_operator",1,numRecordsOutPerSecond,33.333333333333336
1784198290,8,"KEYED PROCESS, Train->Infer, _stream_key_by_map_operator",1,idleTimeMsPerSecond,546.0
1784198290,8,"KEYED PROCESS, Train->Infer, _stream_key_by_map_operator",1,numRecordsOut,43559.0
1784198290,8,"KEYED PROCESS, Train->Infer, _stream_key_by_map_operator",1,numRecordsIn,148.0
1784198290,8,"KEYED PROCESS, Train->Infer, _stream_key_by_map_operator",1,numRecordsInPerSecond,0.08333333333333333
1784198290,8,"KEYED PROCESS, Train->Infer, _stream_key_by_map_operator",1,backPressuredTimeMsPerSecond,0.0
1784198290,8,"KEYED PROCESS, Train->Infer, _stream_key_by_map_operator",2,busyTimeMsPerSecond,531.0
1784198290,8,"KEYED PROCESS, Train->Infer, _stream_key_by_map_operator",2,numRecordsOutPerSecond,50.0
1784198290,8,"KEYED PROCESS, Train->Infer, _stream_key_by_map_operator",2,idleTimeMsPerSecond,0.0
1784198290,8,"KEYED PROCESS, Train->Infer, _stream_key_by_map_operator",2,numRecordsOut,51015.0
1784198290,8,"KEYED PROCESS, Train->Infer, _stream_key_by_map_operator",2,numRecordsIn,118.0
1784198290,8,"KEYED PROCESS, Train->Infer, _stream_key_by_map_operator",2,numRecordsInPerSecond,0.08333333333333333
1784198290,8,"KEYED PROCESS, Train->Infer, _stream_key_by_map_operator",2,backPressuredTimeMsPerSecond,469.0
1784198290,8,"KEYED PROCESS, Train->Infer, _stream_key_by_map_operator",3,busyTimeMsPerSecond,245.0
1784198290,8,"KEYED PROCESS, Train->Infer, _stream_key_by_map_operator",3,numRecordsOutPerSecond,33.333333333333336
1784198290,8,"KEYED PROCESS, Train->Infer, _stream_key_by_map_operator",3,idleTimeMsPerSecond,755.0
1784198290,8,"KEYED PROCESS, Train->Infer, _stream_key_by_map_operator",3,numRecordsOut,50000.0
1784198290,8,"KEYED PROCESS, Train->Infer, _stream_key_by_map_operator",3,numRecordsIn,101.0
1784198290,8,"KEYED PROCESS, Train->Infer, _stream_key_by_map_operator",3,numRecordsInPerSecond,0.05
1784198290,8,"KEYED PROCESS, Train->Infer, _stream_key_by_map_operator",3,backPressuredTimeMsPerSecond,0.0
1784198290,8,"KEYED PROCESS, Train->Infer, _stream_key_by_map_operator",4,busyTimeMsPerSecond,523.0
1784198290,8,"KEYED PROCESS, Train->Infer, _stream_key_by_map_operator",4,numRecordsOutPerSecond,50.0
1784198290,8,"KEYED PROCESS, Train->Infer, _stream_key_by_map_operator",4,idleTimeMsPerSecond,477.0
1784198290,8,"KEYED PROCESS, Train->Infer, _stream_key_by_map_operator",4,numRecordsOut,35075.0
1784198290,8,"KEYED PROCESS, Train->Infer, _stream_key_by_map_operator",4,numRecordsIn,145.0
1784198290,8,"KEYED PROCESS, Train->Infer, _stream_key_by_map_operator",4,numRecordsInPerSecond,0.1
1784198290,8,"KEYED PROCESS, Train->Infer, _stream_key_by_map_operator",4,backPressuredTimeMsPerSecond,0.0
1784198290,8,"KEYED PROCESS, Train->Infer, _stream_key_by_map_operator",5,busyTimeMsPerSecond,314.0
1784198290,8,"KEYED PROCESS, Train->Infer, _stream_key_by_map_operator",5,numRecordsOutPerSecond,33.333333333333336
1784198290,8,"KEYED PROCESS, Train->Infer, _stream_key_by_map_operator",5,idleTimeMsPerSecond,686.0
1784198290,8,"KEYED PROCESS, Train->Infer, _stream_key_by_map_operator",5,numRecordsOut,44000.0
1784198290,8,"KEYED PROCESS, Train->Infer, _stream_key_by_map_operator",5,numRecordsIn,88.0
1784198290,8,"KEYED PROCESS, Train->Infer, _stream_key_by_map_operator",5,numRecordsInPerSecond,0.06666666666666667
1784198290,8,"KEYED PROCESS, Train->Infer, _stream_key_by_map_operator",5,backPressuredTimeMsPerSecond,0.0
1784198290,8,"KEYED PROCESS, Train->Infer, _stream_key_by_map_operator",6,busyTimeMsPerSecond,213.0
1784198290,8,"KEYED PROCESS, Train->Infer, _stream_key_by_map_operator",6,numRecordsOutPerSecond,33.333333333333336
1784198290,8,"KEYED PROCESS, Train->Infer, _stream_key_by_map_operator",6,idleTimeMsPerSecond,787.0
1784198290,8,"KEYED PROCESS, Train->Infer, _stream_key_by_map_operator",6,numRecordsOut,48000.0
1784198290,8,"KEYED PROCESS, Train->Infer, _stream_key_by_map_operator",6,numRecordsIn,96.0
1784198290,8,"KEYED PROCESS, Train->Infer, _stream_key_by_map_operator",6,numRecordsInPerSecond,0.05
1784198290,8,"KEYED PROCESS, Train->Infer, _stream_key_by_map_operator",6,backPressuredTimeMsPerSecond,0.0
1784198290,8,"KEYED PROCESS, Train->Infer, _stream_key_by_map_operator",7,busyTimeMsPerSecond,555.0
1784198290,8,"KEYED PROCESS, Train->Infer, _stream_key_by_map_operator",7,numRecordsOutPerSecond,50.0
1784198290,8,"KEYED PROCESS, Train->Infer, _stream_key_by_map_operator",7,idleTimeMsPerSecond,183.0
1784198290,8,"KEYED PROCESS, Train->Infer, _stream_key_by_map_operator",7,numRecordsOut,46530.0
1784198290,8,"KEYED PROCESS, Train->Infer, _stream_key_by_map_operator",7,numRecordsIn,123.0
1784198290,8,"KEYED PROCESS, Train->Infer, _stream_key_by_map_operator",7,numRecordsInPerSecond,0.08333333333333333
1784198290,8,"KEYED PROCESS, Train->Infer, _stream_key_by_map_operator",7,backPressuredTimeMsPerSecond,262.0
1784198290,8,"Infer->Rank, Rank->Filter, Filter -> Sink: Writer -> Sink: Committer",0,busyTimeMsPerSecond,1000.0
1784198290,8,"Infer->Rank, Rank->Filter, Filter -> Sink: Writer -> Sink: Committer",0,numRecordsOutPerSecond,34.5
1784198290,8,"Infer->Rank, Rank->Filter, Filter -> Sink: Writer -> Sink: Committer",0,idleTimeMsPerSecond,0.0
1784198290,8,"Infer->Rank, Rank->Filter, Filter -> Sink: Writer -> Sink: Committer",0,numRecordsOut,39534.0
1784198290,8,"Infer->Rank, Rank->Filter, Filter -> Sink: Writer -> Sink: Committer",0,numRecordsIn,45608.0
1784198290,8,"Infer->Rank, Rank->Filter, Filter -> Sink: Writer -> Sink: Committer",0,numRecordsInPerSecond,37.46666666666667
1784198290,8,"Infer->Rank, Rank->Filter, Filter -> Sink: Writer -> Sink: Committer",0,backPressuredTimeMsPerSecond,0.0
1784198290,8,"Infer->Rank, Rank->Filter, Filter -> Sink: Writer -> Sink: Committer",1,busyTimeMsPerSecond,548.0
1784198290,8,"Infer->Rank, Rank->Filter, Filter -> Sink: Writer -> Sink: Committer",1,numRecordsOutPerSecond,23.5
1784198290,8,"Infer->Rank, Rank->Filter, Filter -> Sink: Writer -> Sink: Committer",1,idleTimeMsPerSecond,452.0
1784198290,8,"Infer->Rank, Rank->Filter, Filter -> Sink: Writer -> Sink: Committer",1,numRecordsOut,37830.0
1784198290,8,"Infer->Rank, Rank->Filter, Filter -> Sink: Writer -> Sink: Committer",1,numRecordsIn,42405.0
1784198290,8,"Infer->Rank, Rank->Filter, Filter -> Sink: Writer -> Sink: Committer",1,numRecordsInPerSecond,23.55
1784198290,8,"Infer->Rank, Rank->Filter, Filter -> Sink: Writer -> Sink: Committer",1,backPressuredTimeMsPerSecond,0.0
1784198290,8,"Infer->Rank, Rank->Filter, Filter -> Sink: Writer -> Sink: Committer",2,busyTimeMsPerSecond,1000.0
1784198290,8,"Infer->Rank, Rank->Filter, Filter -> Sink: Writer -> Sink: Committer",2,numRecordsOutPerSecond,42.666666666666664
1784198290,8,"Infer->Rank, Rank->Filter, Filter -> Sink: Writer -> Sink: Committer",2,idleTimeMsPerSecond,0.0
1784198290,8,"Infer->Rank, Rank->Filter, Filter -> Sink: Writer -> Sink: Committer",2,numRecordsOut,41130.0
1784198290,8,"Infer->Rank, Rank->Filter, Filter -> Sink: Writer -> Sink: Committer",2,numRecordsIn,48155.0
1784198290,8,"Infer->Rank, Rank->Filter, Filter -> Sink: Writer -> Sink: Committer",2,numRecordsInPerSecond,51.05
1784198290,8,"Infer->Rank, Rank->Filter, Filter -> Sink: Writer -> Sink: Committer",2,backPressuredTimeMsPerSecond,0.0
1784198290,8,"Infer->Rank, Rank->Filter, Filter -> Sink: Writer -> Sink: Committer",3,busyTimeMsPerSecond,600.0
1784198290,8,"Infer->Rank, Rank->Filter, Filter -> Sink: Writer -> Sink: Committer",3,numRecordsOutPerSecond,52.5
1784198290,8,"Infer->Rank, Rank->Filter, Filter -> Sink: Writer -> Sink: Committer",3,idleTimeMsPerSecond,400.0
1784198290,8,"Infer->Rank, Rank->Filter, Filter -> Sink: Writer -> Sink: Committer",3,numRecordsOut,42500.0
1784198290,8,"Infer->Rank, Rank->Filter, Filter -> Sink: Writer -> Sink: Committer",3,numRecordsIn,50000.0
1784198290,8,"Infer->Rank, Rank->Filter, Filter -> Sink: Writer -> Sink: Committer",3,numRecordsInPerSecond,60.78333333333333
1784198290,8,"Infer->Rank, Rank->Filter, Filter -> Sink: Writer -> Sink: Committer",3,backPressuredTimeMsPerSecond,0.0
1784198290,8,"Infer->Rank, Rank->Filter, Filter -> Sink: Writer -> Sink: Committer",4,busyTimeMsPerSecond,619.0
1784198290,8,"Infer->Rank, Rank->Filter, Filter -> Sink: Writer -> Sink: Committer",4,numRecordsOutPerSecond,27.333333333333332
1784198290,8,"Infer->Rank, Rank->Filter, Filter -> Sink: Writer -> Sink: Committer",4,idleTimeMsPerSecond,381.0
1784198290,8,"Infer->Rank, Rank->Filter, Filter -> Sink: Writer -> Sink: Committer",4,numRecordsOut,31890.0
1784198290,8,"Infer->Rank, Rank->Filter, Filter -> Sink: Writer -> Sink: Committer",4,numRecordsIn,33999.0
1784198290,8,"Infer->Rank, Rank->Filter, Filter -> Sink: Writer -> Sink: Committer",4,numRecordsInPerSecond,27.483333333333334
1784198290,8,"Infer->Rank, Rank->Filter, Filter -> Sink: Writer -> Sink: Committer",4,backPressuredTimeMsPerSecond,0.0
1784198290,8,"Infer->Rank, Rank->Filter, Filter -> Sink: Writer -> Sink: Committer",5,busyTimeMsPerSecond,353.0
1784198290,8,"Infer->Rank, Rank->Filter, Filter -> Sink: Writer -> Sink: Committer",5,numRecordsOutPerSecond,8.333333333333334
1784198290,8,"Infer->Rank, Rank->Filter, Filter -> Sink: Writer -> Sink: Committer",5,idleTimeMsPerSecond,647.0
1784198290,8,"Infer->Rank, Rank->Filter, Filter -> Sink: Writer -> Sink: Committer",5,numRecordsOut,38250.0
1784198290,8,"Infer->Rank, Rank->Filter, Filter -> Sink: Writer -> Sink: Committer",5,numRecordsIn,43759.0
1784198290,8,"Infer->Rank, Rank->Filter, Filter -> Sink: Writer -> Sink: Committer",5,numRecordsInPerSecond,23.533333333333335
1784198290,8,"Infer->Rank, Rank->Filter, Filter -> Sink: Writer -> Sink: Committer",5,backPressuredTimeMsPerSecond,0.0
1784198290,8,"Infer->Rank, Rank->Filter, Filter -> Sink: Writer -> Sink: Committer",6,busyTimeMsPerSecond,350.0
1784198290,8,"Infer->Rank, Rank->Filter, Filter -> Sink: Writer -> Sink: Committer",6,numRecordsOutPerSecond,16.666666666666668
1784198290,8,"Infer->Rank, Rank->Filter, Filter -> Sink: Writer -> Sink: Committer",6,idleTimeMsPerSecond,650.0
1784198290,8,"Infer->Rank, Rank->Filter, Filter -> Sink: Writer -> Sink: Committer",6,numRecordsOut,41000.0
1784198290,8,"Infer->Rank, Rank->Filter, Filter -> Sink: Writer -> Sink: Committer",6,numRecordsIn,48000.0
1784198290,8,"Infer->Rank, Rank->Filter, Filter -> Sink: Writer -> Sink: Committer",6,numRecordsInPerSecond,33.333333333333336
1784198290,8,"Infer->Rank, Rank->Filter, Filter -> Sink: Writer -> Sink: Committer",6,backPressuredTimeMsPerSecond,0.0
1784198290,8,"Infer->Rank, Rank->Filter, Filter -> Sink: Writer -> Sink: Committer",7,busyTimeMsPerSecond,1000.0
1784198290,8,"Infer->Rank, Rank->Filter, Filter -> Sink: Writer -> Sink: Committer",7,numRecordsOutPerSecond,39.833333333333336
1784198290,8,"Infer->Rank, Rank->Filter, Filter -> Sink: Writer -> Sink: Committer",7,idleTimeMsPerSecond,0.0
1784198290,8,"Infer->Rank, Rank->Filter, Filter -> Sink: Writer -> Sink: Committer",7,numRecordsOut,42120.0
1784198290,8,"Infer->Rank, Rank->Filter, Filter -> Sink: Writer -> Sink: Committer",7,numRecordsIn,44166.0
1784198290,8,"Infer->Rank, Rank->Filter, Filter -> Sink: Writer -> Sink: Committer",7,numRecordsInPerSecond,48.3
1784198290,8,"Infer->Rank, Rank->Filter, Filter -> Sink: Writer -> Sink: Committer",7,backPressuredTimeMsPerSecond,0.0
1784198305,8,"Source: Source-data -> LoadJSON, Parse, _stream_key_by_map_operator",0,busyTimeMsPerSecond,0.0
1784198305,8,"Source: Source-data -> LoadJSON, Parse, _stream_key_by_map_operator",0,numRecordsOutPerSecond,0.0
1784198305,8,"Source: Source-data -> LoadJSON, Parse, _stream_key_by_map_operator",0,idleTimeMsPerSecond,1000.0
1784198305,8,"Source: Source-data -> LoadJSON, Parse, _stream_key_by_map_operator",0,numRecordsOut,6131.0
1784198305,8,"Source: Source-data -> LoadJSON, Parse, _stream_key_by_map_operator",0,numRecordsIn,6131.0
1784198305,8,"Source: Source-data -> LoadJSON, Parse, _stream_key_by_map_operator",0,numRecordsInPerSecond,0.0
1784198305,8,"Source: Source-data -> LoadJSON, Parse, _stream_key_by_map_operator",0,backPressuredTimeMsPerSecond,0.0
1784198305,8,"Source: Source-data -> LoadJSON, Parse, _stream_key_by_map_operator",1,busyTimeMsPerSecond,0.0
1784198305,8,"Source: Source-data -> LoadJSON, Parse, _stream_key_by_map_operator",1,numRecordsOutPerSecond,0.0
1784198305,8,"Source: Source-data -> LoadJSON, Parse, _stream_key_by_map_operator",1,idleTimeMsPerSecond,0.0
1784198305,8,"Source: Source-data -> LoadJSON, Parse, _stream_key_by_map_operator",1,numRecordsOut,6028.0
1784198305,8,"Source: Source-data -> LoadJSON, Parse, _stream_key_by_map_operator",1,numRecordsIn,6028.0
1784198305,8,"Source: Source-data -> LoadJSON, Parse, _stream_key_by_map_operator",1,numRecordsInPerSecond,0.0
1784198305,8,"Source: Source-data -> LoadJSON, Parse, _stream_key_by_map_operator",1,backPressuredTimeMsPerSecond,1000.0
1784198305,8,"Source: Source-data -> LoadJSON, Parse, _stream_key_by_map_operator",2,busyTimeMsPerSecond,0.0
1784198305,8,"Source: Source-data -> LoadJSON, Parse, _stream_key_by_map_operator",2,numRecordsOutPerSecond,0.0
1784198305,8,"Source: Source-data -> LoadJSON, Parse, _stream_key_by_map_operator",2,idleTimeMsPerSecond,0.0
1784198305,8,"Source: Source-data -> LoadJSON, Parse, _stream_key_by_map_operator",2,numRecordsOut,6234.0
1784198305,8,"Source: Source-data -> LoadJSON, Parse, _stream_key_by_map_operator",2,numRecordsIn,6234.0
1784198305,8,"Source: Source-data -> LoadJSON, Parse, _stream_key_by_map_operator",2,numRecordsInPerSecond,0.0
1784198305,8,"Source: Source-data -> LoadJSON, Parse, _stream_key_by_map_operator",2,backPressuredTimeMsPerSecond,1000.0
1784198305,8,"Source: Source-data -> LoadJSON, Parse, _stream_key_by_map_operator",3,busyTimeMsPerSecond,0.0
1784198305,8,"Source: Source-data -> LoadJSON, Parse, _stream_key_by_map_operator",3,numRecordsOutPerSecond,0.0
1784198305,8,"Source: Source-data -> LoadJSON, Parse, _stream_key_by_map_operator",3,idleTimeMsPerSecond,0.0
1784198305,8,"Source: Source-data -> LoadJSON, Parse, _stream_key_by_map_operator",3,numRecordsOut,6021.0
1784198305,8,"Source: Source-data -> LoadJSON, Parse, _stream_key_by_map_operator",3,numRecordsIn,6021.0
1784198305,8,"Source: Source-data -> LoadJSON, Parse, _stream_key_by_map_operator",3,numRecordsInPerSecond,0.0
1784198305,8,"Source: Source-data -> LoadJSON, Parse, _stream_key_by_map_operator",3,backPressuredTimeMsPerSecond,1000.0
1784198305,8,"Source: Source-data -> LoadJSON, Parse, _stream_key_by_map_operator",4,busyTimeMsPerSecond,0.0
1784198305,8,"Source: Source-data -> LoadJSON, Parse, _stream_key_by_map_operator",4,numRecordsOutPerSecond,0.0
1784198305,8,"Source: Source-data -> LoadJSON, Parse, _stream_key_by_map_operator",4,idleTimeMsPerSecond,0.0
1784198305,8,"Source: Source-data -> LoadJSON, Parse, _stream_key_by_map_operator",4,numRecordsOut,6068.0
1784198305,8,"Source: Source-data -> LoadJSON, Parse, _stream_key_by_map_operator",4,numRecordsIn,6068.0
1784198305,8,"Source: Source-data -> LoadJSON, Parse, _stream_key_by_map_operator",4,numRecordsInPerSecond,0.0
1784198305,8,"Source: Source-data -> LoadJSON, Parse, _stream_key_by_map_operator",4,backPressuredTimeMsPerSecond,1000.0
1784198305,8,"Source: Source-data -> LoadJSON, Parse, _stream_key_by_map_operator",5,busyTimeMsPerSecond,1.0
1784198305,8,"Source: Source-data -> LoadJSON, Parse, _stream_key_by_map_operator",5,numRecordsOutPerSecond,0.03333333333333333
1784198305,8,"Source: Source-data -> LoadJSON, Parse, _stream_key_by_map_operator",5,idleTimeMsPerSecond,999.0
1784198305,8,"Source: Source-data -> LoadJSON, Parse, _stream_key_by_map_operator",5,numRecordsOut,6103.0
1784198305,8,"Source: Source-data -> LoadJSON, Parse, _stream_key_by_map_operator",5,numRecordsIn,6103.0
1784198305,8,"Source: Source-data -> LoadJSON, Parse, _stream_key_by_map_operator",5,numRecordsInPerSecond,0.03333333333333333
1784198305,8,"Source: Source-data -> LoadJSON, Parse, _stream_key_by_map_operator",5,backPressuredTimeMsPerSecond,0.0
1784198305,8,"Source: Source-data -> LoadJSON, Parse, _stream_key_by_map_operator",6,busyTimeMsPerSecond,0.0
1784198305,8,"Source: Source-data -> LoadJSON, Parse, _stream_key_by_map_operator",6,numRecordsOutPerSecond,0.0
1784198305,8,"Source: Source-data -> LoadJSON, Parse, _stream_key_by_map_operator",6,idleTimeMsPerSecond,0.0
1784198305,8,"Source: Source-data -> LoadJSON, Parse, _stream_key_by_map_operator",6,numRecordsOut,6065.0
1784198305,8,"Source: Source-data -> LoadJSON, Parse, _stream_key_by_map_operator",6,numRecordsIn,6065.0
1784198305,8,"Source: Source-data -> LoadJSON, Parse, _stream_key_by_map_operator",6,numRecordsInPerSecond,0.0
1784198305,8,"Source: Source-data -> LoadJSON, Parse, _stream_key_by_map_operator",6,backPressuredTimeMsPerSecond,1000.0
1784198305,8,"Source: Source-data -> LoadJSON, Parse, _stream_key_by_map_operator",7,busyTimeMsPerSecond,0.0
1784198305,8,"Source: Source-data -> LoadJSON, Parse, _stream_key_by_map_operator",7,numRecordsOutPerSecond,0.0
1784198305,8,"Source: Source-data -> LoadJSON, Parse, _stream_key_by_map_operator",7,idleTimeMsPerSecond,0.0
1784198305,8,"Source: Source-data -> LoadJSON, Parse, _stream_key_by_map_operator",7,numRecordsOut,5972.0
1784198305,8,"Source: Source-data -> LoadJSON, Parse, _stream_key_by_map_operator",7,numRecordsIn,5972.0
1784198305,8,"Source: Source-data -> LoadJSON, Parse, _stream_key_by_map_operator",7,numRecordsInPerSecond,0.0
1784198305,8,"Source: Source-data -> LoadJSON, Parse, _stream_key_by_map_operator",7,backPressuredTimeMsPerSecond,1000.0
1784198305,8,"KEYED PROCESS, Parse->Train, _stream_key_by_map_operator",0,busyTimeMsPerSecond,567.0
1784198305,8,"KEYED PROCESS, Parse->Train, _stream_key_by_map_operator",0,numRecordsOutPerSecond,0.15
1784198305,8,"KEYED PROCESS, Parse->Train, _stream_key_by_map_operator",0,idleTimeMsPerSecond,0.0
1784198305,8,"KEYED PROCESS, Parse->Train, _stream_key_by_map_operator",0,numRecordsOut,206.0
1784198305,8,"KEYED PROCESS, Parse->Train, _stream_key_by_map_operator",0,numRecordsIn,207.0
1784198305,8,"KEYED PROCESS, Parse->Train, _stream_key_by_map_operator",0,numRecordsInPerSecond,0.15
1784198305,8,"KEYED PROCESS, Parse->Train, _stream_key_by_map_operator",0,backPressuredTimeMsPerSecond,433.0
1784198305,8,"KEYED PROCESS, Parse->Train, _stream_key_by_map_operator",1,busyTimeMsPerSecond,584.0
1784198305,8,"KEYED PROCESS, Parse->Train, _stream_key_by_map_operator",1,numRecordsOutPerSecond,0.16666666666666666
1784198305,8,"KEYED PROCESS, Parse->Train, _stream_key_by_map_operator",1,idleTimeMsPerSecond,0.0
1784198305,8,"KEYED PROCESS, Parse->Train, _stream_key_by_map_operator",1,numRecordsOut,208.0
1784198305,8,"KEYED PROCESS, Parse->Train, _stream_key_by_map_operator",1,numRecordsIn,209.0
1784198305,8,"KEYED PROCESS, Parse->Train, _stream_key_by_map_operator",1,numRecordsInPerSecond,0.16666666666666666
1784198305,8,"KEYED PROCESS, Parse->Train, _stream_key_by_map_operator",1,backPressuredTimeMsPerSecond,416.0
1784198305,8,"KEYED PROCESS, Parse->Train, _stream_key_by_map_operator",2,busyTimeMsPerSecond,459.0
1784198305,8,"KEYED PROCESS, Parse->Train, _stream_key_by_map_operator",2,numRecordsOutPerSecond,0.15
1784198305,8,"KEYED PROCESS, Parse->Train, _stream_key_by_map_operator",2,idleTimeMsPerSecond,0.0
1784198305,8,"KEYED PROCESS, Parse->Train, _stream_key_by_map_operator",2,numRecordsOut,162.0
1784198305,8,"KEYED PROCESS, Parse->Train, _stream_key_by_map_operator",2,numRecordsIn,163.0
1784198305,8,"KEYED PROCESS, Parse->Train, _stream_key_by_map_operator",2,numRecordsInPerSecond,0.15
1784198305,8,"KEYED PROCESS, Parse->Train, _stream_key_by_map_operator",2,backPressuredTimeMsPerSecond,541.0
1784198305,8,"KEYED PROCESS, Parse->Train, _stream_key_by_map_operator",3,busyTimeMsPerSecond,0.0
1784198305,8,"KEYED PROCESS, Parse->Train, _stream_key_by_map_operator",3,numRecordsOutPerSecond,0.0
1784198305,8,"KEYED PROCESS, Parse->Train, _stream_key_by_map_operator",3,idleTimeMsPerSecond,1000.0
1784198305,8,"KEYED PROCESS, Parse->Train, _stream_key_by_map_operator",3,numRecordsOut,0.0
1784198305,8,"KEYED PROCESS, Parse->Train, _stream_key_by_map_operator",3,numRecordsIn,0.0
1784198305,8,"KEYED PROCESS, Parse->Train, _stream_key_by_map_operator",3,numRecordsInPerSecond,0.0
1784198305,8,"KEYED PROCESS, Parse->Train, _stream_key_by_map_operator",3,backPressuredTimeMsPerSecond,0.0
1784198305,8,"KEYED PROCESS, Parse->Train, _stream_key_by_map_operator",4,busyTimeMsPerSecond,575.0
1784198305,8,"KEYED PROCESS, Parse->Train, _stream_key_by_map_operator",4,numRecordsOutPerSecond,0.16666666666666666
1784198305,8,"KEYED PROCESS, Parse->Train, _stream_key_by_map_operator",4,idleTimeMsPerSecond,0.0
1784198305,8,"KEYED PROCESS, Parse->Train, _stream_key_by_map_operator",4,numRecordsOut,238.0
1784198305,8,"KEYED PROCESS, Parse->Train, _stream_key_by_map_operator",4,numRecordsIn,239.0
1784198305,8,"KEYED PROCESS, Parse->Train, _stream_key_by_map_operator",4,numRecordsInPerSecond,0.16666666666666666
1784198305,8,"KEYED PROCESS, Parse->Train, _stream_key_by_map_operator",4,backPressuredTimeMsPerSecond,425.0
1784198305,8,"KEYED PROCESS, Parse->Train, _stream_key_by_map_operator",5,busyTimeMsPerSecond,0.0
1784198305,8,"KEYED PROCESS, Parse->Train, _stream_key_by_map_operator",5,numRecordsOutPerSecond,0.0
1784198305,8,"KEYED PROCESS, Parse->Train, _stream_key_by_map_operator",5,idleTimeMsPerSecond,1000.0
1784198305,8,"KEYED PROCESS, Parse->Train, _stream_key_by_map_operator",5,numRecordsOut,0.0
1784198305,8,"KEYED PROCESS, Parse->Train, _stream_key_by_map_operator",5,numRecordsIn,0.0
1784198305,8,"KEYED PROCESS, Parse->Train, _stream_key_by_map_operator",5,numRecordsInPerSecond,0.0
1784198305,8,"KEYED PROCESS, Parse->Train, _stream_key_by_map_operator",5,backPressuredTimeMsPerSecond,0.0
1784198305,8,"KEYED PROCESS, Parse->Train, _stream_key_by_map_operator",6,busyTimeMsPerSecond,0.0
1784198305,8,"KEYED PROCESS, Parse->Train, _stream_key_by_map_operator",6,numRecordsOutPerSecond,0.0
1784198305,8,"KEYED PROCESS, Parse->Train, _stream_key_by_map_operator",6,idleTimeMsPerSecond,1000.0
1784198305,8,"KEYED PROCESS, Parse->Train, _stream_key_by_map_operator",6,numRecordsOut,0.0
1784198305,8,"KEYED PROCESS, Parse->Train, _stream_key_by_map_operator",6,numRecordsIn,0.0
1784198305,8,"KEYED PROCESS, Parse->Train, _stream_key_by_map_operator",6,numRecordsInPerSecond,0.0
1784198305,8,"KEYED PROCESS, Parse->Train, _stream_key_by_map_operator",6,backPressuredTimeMsPerSecond,0.0
1784198305,8,"KEYED PROCESS, Parse->Train, _stream_key_by_map_operator",7,busyTimeMsPerSecond,779.0
1784198305,8,"KEYED PROCESS, Parse->Train, _stream_key_by_map_operator",7,numRecordsOutPerSecond,0.06666666666666667
1784198305,8,"KEYED PROCESS, Parse->Train, _stream_key_by_map_operator",7,idleTimeMsPerSecond,0.0
1784198305,8,"KEYED PROCESS, Parse->Train, _stream_key_by_map_operator",7,numRecordsOut,169.0
1784198305,8,"KEYED PROCESS, Parse->Train, _stream_key_by_map_operator",7,numRecordsIn,170.0
1784198305,8,"KEYED PROCESS, Parse->Train, _stream_key_by_map_operator",7,numRecordsInPerSecond,0.06666666666666667
1784198305,8,"KEYED PROCESS, Parse->Train, _stream_key_by_map_operator",7,backPressuredTimeMsPerSecond,221.0
1784198305,8,"KEYED PROCESS, Train->Infer, _stream_key_by_map_operator",0,busyTimeMsPerSecond,743.0
1784198305,8,"KEYED PROCESS, Train->Infer, _stream_key_by_map_operator",0,numRecordsOutPerSecond,75.0
1784198305,8,"KEYED PROCESS, Train->Infer, _stream_key_by_map_operator",0,idleTimeMsPerSecond,41.0
1784198305,8,"KEYED PROCESS, Train->Infer, _stream_key_by_map_operator",0,numRecordsOut,49381.0
1784198305,8,"KEYED PROCESS, Train->Infer, _stream_key_by_map_operator",0,numRecordsIn,160.0
1784198305,8,"KEYED PROCESS, Train->Infer, _stream_key_by_map_operator",0,numRecordsInPerSecond,0.15
1784198305,8,"KEYED PROCESS, Train->Infer, _stream_key_by_map_operator",0,backPressuredTimeMsPerSecond,216.0
1784198305,8,"KEYED PROCESS, Train->Infer, _stream_key_by_map_operator",1,busyTimeMsPerSecond,637.0
1784198305,8,"KEYED PROCESS, Train->Infer, _stream_key_by_map_operator",1,numRecordsOutPerSecond,50.0
1784198305,8,"KEYED PROCESS, Train->Infer, _stream_key_by_map_operator",1,idleTimeMsPerSecond,363.0
1784198305,8,"KEYED PROCESS, Train->Infer, _stream_key_by_map_operator",1,numRecordsOut,45059.0
1784198305,8,"KEYED PROCESS, Train->Infer, _stream_key_by_map_operator",1,numRecordsIn,151.0
1784198305,8,"KEYED PROCESS, Train->Infer, _stream_key_by_map_operator",1,numRecordsInPerSecond,0.11666666666666667
1784198305,8,"KEYED PROCESS, Train->Infer, _stream_key_by_map_operator",1,backPressuredTimeMsPerSecond,0.0
1784198305,8,"KEYED PROCESS, Train->Infer, _stream_key_by_map_operator",2,busyTimeMsPerSecond,540.0
1784198305,8,"KEYED PROCESS, Train->Infer, _stream_key_by_map_operator",2,numRecordsOutPerSecond,50.0
1784198305,8,"KEYED PROCESS, Train->Infer, _stream_key_by_map_operator",2,idleTimeMsPerSecond,0.0
1784198305,8,"KEYED PROCESS, Train->Infer, _stream_key_by_map_operator",2,numRecordsOut,52015.0
1784198305,8,"KEYED PROCESS, Train->Infer, _stream_key_by_map_operator",2,numRecordsIn,119.0
1784198305,8,"KEYED PROCESS, Train->Infer, _stream_key_by_map_operator",2,numRecordsInPerSecond,0.1
1784198305,8,"KEYED PROCESS, Train->Infer, _stream_key_by_map_operator",2,backPressuredTimeMsPerSecond,460.0
1784198305,8,"KEYED PROCESS, Train->Infer, _stream_key_by_map_operator",3,busyTimeMsPerSecond,195.0
1784198305,8,"KEYED PROCESS, Train->Infer, _stream_key_by_map_operator",3,numRecordsOutPerSecond,25.0
1784198305,8,"KEYED PROCESS, Train->Infer, _stream_key_by_map_operator",3,idleTimeMsPerSecond,805.0
1784198305,8,"KEYED PROCESS, Train->Infer, _stream_key_by_map_operator",3,numRecordsOut,50500.0
1784198305,8,"KEYED PROCESS, Train->Infer, _stream_key_by_map_operator",3,numRecordsIn,101.0
1784198305,8,"KEYED PROCESS, Train->Infer, _stream_key_by_map_operator",3,numRecordsInPerSecond,0.05
1784198305,8,"KEYED PROCESS, Train->Infer, _stream_key_by_map_operator",3,backPressuredTimeMsPerSecond,0.0
1784198305,8,"KEYED PROCESS, Train->Infer, _stream_key_by_map_operator",4,busyTimeMsPerSecond,593.0
1784198305,8,"KEYED PROCESS, Train->Infer, _stream_key_by_map_operator",4,numRecordsOutPerSecond,58.333333333333336
1784198305,8,"KEYED PROCESS, Train->Infer, _stream_key_by_map_operator",4,idleTimeMsPerSecond,407.0
1784198305,8,"KEYED PROCESS, Train->Infer, _stream_key_by_map_operator",4,numRecordsOut,35575.0
1784198305,8,"KEYED PROCESS, Train->Infer, _stream_key_by_map_operator",4,numRecordsIn,146.0
1784198305,8,"KEYED PROCESS, Train->Infer, _stream_key_by_map_operator",4,numRecordsInPerSecond,0.11666666666666667
1784198305,8,"KEYED PROCESS, Train->Infer, _stream_key_by_map_operator",4,backPressuredTimeMsPerSecond,0.0
1784198305,8,"KEYED PROCESS, Train->Infer, _stream_key_by_map_operator",5,busyTimeMsPerSecond,377.0
1784198305,8,"KEYED PROCESS, Train->Infer, _stream_key_by_map_operator",5,numRecordsOutPerSecond,41.666666666666664
1784198305,8,"KEYED PROCESS, Train->Infer, _stream_key_by_map_operator",5,idleTimeMsPerSecond,623.0
1784198305,8,"KEYED PROCESS, Train->Infer, _stream_key_by_map_operator",5,numRecordsOut,44500.0
1784198305,8,"KEYED PROCESS, Train->Infer, _stream_key_by_map_operator",5,numRecordsIn,89.0
1784198305,8,"KEYED PROCESS, Train->Infer, _stream_key_by_map_operator",5,numRecordsInPerSecond,0.08333333333333333
1784198305,8,"KEYED PROCESS, Train->Infer, _stream_key_by_map_operator",5,backPressuredTimeMsPerSecond,0.0
1784198305,8,"KEYED PROCESS, Train->Infer, _stream_key_by_map_operator",6,busyTimeMsPerSecond,137.0
1784198305,8,"KEYED PROCESS, Train->Infer, _stream_key_by_map_operator",6,numRecordsOutPerSecond,16.666666666666668
1784198305,8,"KEYED PROCESS, Train->Infer, _stream_key_by_map_operator",6,idleTimeMsPerSecond,863.0
1784198305,8,"KEYED PROCESS, Train->Infer, _stream_key_by_map_operator",6,numRecordsOut,48000.0
1784198305,8,"KEYED PROCESS, Train->Infer, _stream_key_by_map_operator",6,numRecordsIn,96.0
1784198305,8,"KEYED PROCESS, Train->Infer, _stream_key_by_map_operator",6,numRecordsInPerSecond,0.03333333333333333
1784198305,8,"KEYED PROCESS, Train->Infer, _stream_key_by_map_operator",6,backPressuredTimeMsPerSecond,0.0
1784198305,8,"KEYED PROCESS, Train->Infer, _stream_key_by_map_operator",7,busyTimeMsPerSecond,399.0
1784198305,8,"KEYED PROCESS, Train->Infer, _stream_key_by_map_operator",7,numRecordsOutPerSecond,25.0
1784198305,8,"KEYED PROCESS, Train->Infer, _stream_key_by_map_operator",7,idleTimeMsPerSecond,345.0
1784198305,8,"KEYED PROCESS, Train->Infer, _stream_key_by_map_operator",7,numRecordsOut,47030.0
1784198305,8,"KEYED PROCESS, Train->Infer, _stream_key_by_map_operator",7,numRecordsIn,124.0
1784198305,8,"KEYED PROCESS, Train->Infer, _stream_key_by_map_operator",7,numRecordsInPerSecond,0.06666666666666667
1784198305,8,"KEYED PROCESS, Train->Infer, _stream_key_by_map_operator",7,backPressuredTimeMsPerSecond,256.0
1784198305,8,"Infer->Rank, Rank->Filter, Filter -> Sink: Writer -> Sink: Committer",0,busyTimeMsPerSecond,1000.0
1784198305,8,"Infer->Rank, Rank->Filter, Filter -> Sink: Writer -> Sink: Committer",0,numRecordsOutPerSecond,41.5
1784198305,8,"Infer->Rank, Rank->Filter, Filter -> Sink: Writer -> Sink: Committer",0,idleTimeMsPerSecond,0.0
1784198305,8,"Infer->Rank, Rank->Filter, Filter -> Sink: Writer -> Sink: Committer",0,numRecordsOut,40314.0
1784198305,8,"Infer->Rank, Rank->Filter, Filter -> Sink: Writer -> Sink: Committer",0,numRecordsIn,46477.0
1784198305,8,"Infer->Rank, Rank->Filter, Filter -> Sink: Writer -> Sink: Committer",0,numRecordsInPerSecond,41.5
1784198305,8,"Infer->Rank, Rank->Filter, Filter -> Sink: Writer -> Sink: Committer",0,backPressuredTimeMsPerSecond,0.0
1784198305,8,"Infer->Rank, Rank->Filter, Filter -> Sink: Writer -> Sink: Committer",1,busyTimeMsPerSecond,729.0
1784198305,8,"Infer->Rank, Rank->Filter, Filter -> Sink: Writer -> Sink: Committer",1,numRecordsOutPerSecond,29.666666666666668
1784198305,8,"Infer->Rank, Rank->Filter, Filter -> Sink: Writer -> Sink: Committer",1,idleTimeMsPerSecond,271.0
1784198305,8,"Infer->Rank, Rank->Filter, Filter -> Sink: Writer -> Sink: Committer",1,numRecordsOut,38380.0
1784198305,8,"Infer->Rank, Rank->Filter, Filter -> Sink: Writer -> Sink: Committer",1,numRecordsIn,42953.0
1784198305,8,"Infer->Rank, Rank->Filter, Filter -> Sink: Writer -> Sink: Committer",1,numRecordsInPerSecond,29.6
1784198305,8,"Infer->Rank, Rank->Filter, Filter -> Sink: Writer -> Sink: Committer",1,backPressuredTimeMsPerSecond,0.0
1784198305,8,"Infer->Rank, Rank->Filter, Filter -> Sink: Writer -> Sink: Committer",2,busyTimeMsPerSecond,1000.0
1784198305,8,"Infer->Rank, Rank->Filter, Filter -> Sink: Writer -> Sink: Committer",2,numRecordsOutPerSecond,49.0
1784198305,8,"Infer->Rank, Rank->Filter, Filter -> Sink: Writer -> Sink: Committer",2,idleTimeMsPerSecond,0.0
1784198305,8,"Infer->Rank, Rank->Filter, Filter -> Sink: Writer -> Sink: Committer",2,numRecordsOut,41500.0
1784198305,8,"Infer->Rank, Rank->Filter, Filter -> Sink: Writer -> Sink: Committer",2,numRecordsIn,48777.0
1784198305,8,"Infer->Rank, Rank->Filter, Filter -> Sink: Writer -> Sink: Committer",2,numRecordsInPerSecond,50.15
1784198305,8,"Infer->Rank, Rank->Filter, Filter -> Sink: Writer -> Sink: Committer",2,backPressuredTimeMsPerSecond,0.0
1784198305,8,"Infer->Rank, Rank->Filter, Filter -> Sink: Writer -> Sink: Committer",3,busyTimeMsPerSecond,418.0
1784198305,8,"Infer->Rank, Rank->Filter, Filter -> Sink: Writer -> Sink: Committer",3,numRecordsOutPerSecond,31.0
1784198305,8,"Infer->Rank, Rank->Filter, Filter -> Sink: Writer -> Sink: Committer",3,idleTimeMsPerSecond,582.0
1784198305,8,"Infer->Rank, Rank->Filter, Filter -> Sink: Writer -> Sink: Committer",3,numRecordsOut,42500.0
1784198305,8,"Infer->Rank, Rank->Filter, Filter -> Sink: Writer -> Sink: Committer",3,numRecordsIn,50500.0
1784198305,8,"Infer->Rank, Rank->Filter, Filter -> Sink: Writer -> Sink: Committer",3,numRecordsInPerSecond,47.6
1784198305,8,"Infer->Rank, Rank->Filter, Filter -> Sink: Writer -> Sink: Committer",3,backPressuredTimeMsPerSecond,0.0
1784198305,8,"Infer->Rank, Rank->Filter, Filter -> Sink: Writer -> Sink: Committer",4,busyTimeMsPerSecond,869.0
1784198305,8,"Infer->Rank, Rank->Filter, Filter -> Sink: Writer -> Sink: Committer",4,numRecordsOutPerSecond,41.666666666666664
1784198305,8,"Infer->Rank, Rank->Filter, Filter -> Sink: Writer -> Sink: Committer",4,idleTimeMsPerSecond,131.0
1784198305,8,"Infer->Rank, Rank->Filter, Filter -> Sink: Writer -> Sink: Committer",4,numRecordsOut,32780.0
1784198305,8,"Infer->Rank, Rank->Filter, Filter -> Sink: Writer -> Sink: Committer",4,numRecordsIn,34889.0
1784198305,8,"Infer->Rank, Rank->Filter, Filter -> Sink: Writer -> Sink: Committer",4,numRecordsInPerSecond,41.71666666666667
1784198305,8,"Infer->Rank, Rank->Filter, Filter -> Sink: Writer -> Sink: Committer",4,backPressuredTimeMsPerSecond,0.0
1784198305,8,"Infer->Rank, Rank->Filter, Filter -> Sink: Writer -> Sink: Committer",5,busyTimeMsPerSecond,467.0
1784198305,8,"Infer->Rank, Rank->Filter, Filter -> Sink: Writer -> Sink: Committer",5,numRecordsOutPerSecond,19.0
1784198305,8,"Infer->Rank, Rank->Filter, Filter -> Sink: Writer -> Sink: Committer",5,idleTimeMsPerSecond,533.0
1784198305,8,"Infer->Rank, Rank->Filter, Filter -> Sink: Writer -> Sink: Committer",5,numRecordsOut,38940.0
1784198305,8,"Infer->Rank, Rank->Filter, Filter -> Sink: Writer -> Sink: Committer",5,numRecordsIn,44444.0
1784198305,8,"Infer->Rank, Rank->Filter, Filter -> Sink: Writer -> Sink: Committer",5,numRecordsInPerSecond,35.7
1784198305,8,"Infer->Rank, Rank->Filter, Filter -> Sink: Writer -> Sink: Committer",5,backPressuredTimeMsPerSecond,0.0
1784198305,8,"Infer->Rank, Rank->Filter, Filter -> Sink: Writer -> Sink: Committer",6,busyTimeMsPerSecond,162.0
1784198305,8,"Infer->Rank, Rank->Filter, Filter -> Sink: Writer -> Sink: Committer",6,numRecordsOutPerSecond,8.333333333333334
1784198305,8,"Infer->Rank, Rank->Filter, Filter -> Sink: Writer -> Sink: Committer",6,idleTimeMsPerSecond,838.0
1784198305,8,"Infer->Rank, Rank->Filter, Filter -> Sink: Writer -> Sink: Committer",6,numRecordsOut,41000.0
1784198305,8,"Infer->Rank, Rank->Filter, Filter -> Sink: Writer -> Sink: Committer",6,numRecordsIn,48000.0
1784198305,8,"Infer->Rank, Rank->Filter, Filter -> Sink: Writer -> Sink: Committer",6,numRecordsInPerSecond,16.666666666666668
1784198305,8,"Infer->Rank, Rank->Filter, Filter -> Sink: Writer -> Sink: Committer",6,backPressuredTimeMsPerSecond,0.0
1784198305,8,"Infer->Rank, Rank->Filter, Filter -> Sink: Writer -> Sink: Committer",7,busyTimeMsPerSecond,1000.0
1784198305,8,"Infer->Rank, Rank->Filter, Filter -> Sink: Writer -> Sink: Committer",7,numRecordsOutPerSecond,41.833333333333336
1784198305,8,"Infer->Rank, Rank->Filter, Filter -> Sink: Writer -> Sink: Committer",7,idleTimeMsPerSecond,0.0
1784198305,8,"Infer->Rank, Rank->Filter, Filter -> Sink: Writer -> Sink: Committer",7,numRecordsOut,43010.0
1784198305,8,"Infer->Rank, Rank->Filter, Filter -> Sink: Writer -> Sink: Committer",7,numRecordsIn,45059.0
1784198305,8,"Infer->Rank, Rank->Filter, Filter -> Sink: Writer -> Sink: Committer",7,numRecordsInPerSecond,50.13333333333333
1784198305,8,"Infer->Rank, Rank->Filter, Filter -> Sink: Writer -> Sink: Committer",7,backPressuredTimeMsPerSecond,0.0
1784198320,8,"Source: Source-data -> LoadJSON, Parse, _stream_key_by_map_operator",0,busyTimeMsPerSecond,0.0
1784198320,8,"Source: Source-data -> LoadJSON, Parse, _stream_key_by_map_operator",0,numRecordsOutPerSecond,0.0
1784198320,8,"Source: Source-data -> LoadJSON, Parse, _stream_key_by_map_operator",0,idleTimeMsPerSecond,1000.0
1784198320,8,"Source: Source-data -> LoadJSON, Parse, _stream_key_by_map_operator",0,numRecordsOut,6131.0
1784198320,8,"Source: Source-data -> LoadJSON, Parse, _stream_key_by_map_operator",0,numRecordsIn,6131.0
1784198320,8,"Source: Source-data -> LoadJSON, Parse, _stream_key_by_map_operator",0,numRecordsInPerSecond,0.0
1784198320,8,"Source: Source-data -> LoadJSON, Parse, _stream_key_by_map_operator",0,backPressuredTimeMsPerSecond,0.0
1784198320,8,"Source: Source-data -> LoadJSON, Parse, _stream_key_by_map_operator",1,busyTimeMsPerSecond,0.0
1784198320,8,"Source: Source-data -> LoadJSON, Parse, _stream_key_by_map_operator",1,numRecordsOutPerSecond,0.0
1784198320,8,"Source: Source-data -> LoadJSON, Parse, _stream_key_by_map_operator",1,idleTimeMsPerSecond,0.0
1784198320,8,"Source: Source-data -> LoadJSON, Parse, _stream_key_by_map_operator",1,numRecordsOut,6028.0
1784198320,8,"Source: Source-data -> LoadJSON, Parse, _stream_key_by_map_operator",1,numRecordsIn,6028.0
1784198320,8,"Source: Source-data -> LoadJSON, Parse, _stream_key_by_map_operator",1,numRecordsInPerSecond,0.0
1784198320,8,"Source: Source-data -> LoadJSON, Parse, _stream_key_by_map_operator",1,backPressuredTimeMsPerSecond,1000.0
1784198320,8,"Source: Source-data -> LoadJSON, Parse, _stream_key_by_map_operator",2,busyTimeMsPerSecond,0.0
1784198320,8,"Source: Source-data -> LoadJSON, Parse, _stream_key_by_map_operator",2,numRecordsOutPerSecond,0.0
1784198320,8,"Source: Source-data -> LoadJSON, Parse, _stream_key_by_map_operator",2,idleTimeMsPerSecond,0.0
1784198320,8,"Source: Source-data -> LoadJSON, Parse, _stream_key_by_map_operator",2,numRecordsOut,6234.0
1784198320,8,"Source: Source-data -> LoadJSON, Parse, _stream_key_by_map_operator",2,numRecordsIn,6234.0
1784198320,8,"Source: Source-data -> LoadJSON, Parse, _stream_key_by_map_operator",2,numRecordsInPerSecond,0.0
1784198320,8,"Source: Source-data -> LoadJSON, Parse, _stream_key_by_map_operator",2,backPressuredTimeMsPerSecond,1000.0
1784198320,8,"Source: Source-data -> LoadJSON, Parse, _stream_key_by_map_operator",3,busyTimeMsPerSecond,0.0
1784198320,8,"Source: Source-data -> LoadJSON, Parse, _stream_key_by_map_operator",3,numRecordsOutPerSecond,0.0
1784198320,8,"Source: Source-data -> LoadJSON, Parse, _stream_key_by_map_operator",3,idleTimeMsPerSecond,0.0
1784198320,8,"Source: Source-data -> LoadJSON, Parse, _stream_key_by_map_operator",3,numRecordsOut,6021.0
1784198320,8,"Source: Source-data -> LoadJSON, Parse, _stream_key_by_map_operator",3,numRecordsIn,6021.0
1784198320,8,"Source: Source-data -> LoadJSON, Parse, _stream_key_by_map_operator",3,numRecordsInPerSecond,0.0
1784198320,8,"Source: Source-data -> LoadJSON, Parse, _stream_key_by_map_operator",3,backPressuredTimeMsPerSecond,1000.0
1784198320,8,"Source: Source-data -> LoadJSON, Parse, _stream_key_by_map_operator",4,busyTimeMsPerSecond,0.0
1784198320,8,"Source: Source-data -> LoadJSON, Parse, _stream_key_by_map_operator",4,numRecordsOutPerSecond,0.0
1784198320,8,"Source: Source-data -> LoadJSON, Parse, _stream_key_by_map_operator",4,idleTimeMsPerSecond,0.0
1784198320,8,"Source: Source-data -> LoadJSON, Parse, _stream_key_by_map_operator",4,numRecordsOut,6068.0
1784198320,8,"Source: Source-data -> LoadJSON, Parse, _stream_key_by_map_operator",4,numRecordsIn,6068.0
1784198320,8,"Source: Source-data -> LoadJSON, Parse, _stream_key_by_map_operator",4,numRecordsInPerSecond,0.0
1784198320,8,"Source: Source-data -> LoadJSON, Parse, _stream_key_by_map_operator",4,backPressuredTimeMsPerSecond,1000.0
1784198320,8,"Source: Source-data -> LoadJSON, Parse, _stream_key_by_map_operator",5,busyTimeMsPerSecond,1.0
1784198320,8,"Source: Source-data -> LoadJSON, Parse, _stream_key_by_map_operator",5,numRecordsOutPerSecond,0.03333333333333333
1784198320,8,"Source: Source-data -> LoadJSON, Parse, _stream_key_by_map_operator",5,idleTimeMsPerSecond,999.0
1784198320,8,"Source: Source-data -> LoadJSON, Parse, _stream_key_by_map_operator",5,numRecordsOut,6103.0
1784198320,8,"Source: Source-data -> LoadJSON, Parse, _stream_key_by_map_operator",5,numRecordsIn,6103.0
1784198320,8,"Source: Source-data -> LoadJSON, Parse, _stream_key_by_map_operator",5,numRecordsInPerSecond,0.03333333333333333
1784198320,8,"Source: Source-data -> LoadJSON, Parse, _stream_key_by_map_operator",5,backPressuredTimeMsPerSecond,0.0
1784198320,8,"Source: Source-data -> LoadJSON, Parse, _stream_key_by_map_operator",6,busyTimeMsPerSecond,0.0
1784198320,8,"Source: Source-data -> LoadJSON, Parse, _stream_key_by_map_operator",6,numRecordsOutPerSecond,0.0
1784198320,8,"Source: Source-data -> LoadJSON, Parse, _stream_key_by_map_operator",6,idleTimeMsPerSecond,0.0
1784198320,8,"Source: Source-data -> LoadJSON, Parse, _stream_key_by_map_operator",6,numRecordsOut,6065.0
1784198320,8,"Source: Source-data -> LoadJSON, Parse, _stream_key_by_map_operator",6,numRecordsIn,6065.0
1784198320,8,"Source: Source-data -> LoadJSON, Parse, _stream_key_by_map_operator",6,numRecordsInPerSecond,0.0
1784198320,8,"Source: Source-data -> LoadJSON, Parse, _stream_key_by_map_operator",6,backPressuredTimeMsPerSecond,1000.0
1784198320,8,"Source: Source-data -> LoadJSON, Parse, _stream_key_by_map_operator",7,busyTimeMsPerSecond,0.0
1784198320,8,"Source: Source-data -> LoadJSON, Parse, _stream_key_by_map_operator",7,numRecordsOutPerSecond,0.0
1784198320,8,"Source: Source-data -> LoadJSON, Parse, _stream_key_by_map_operator",7,idleTimeMsPerSecond,0.0
1784198320,8,"Source: Source-data -> LoadJSON, Parse, _stream_key_by_map_operator",7,numRecordsOut,5972.0
1784198320,8,"Source: Source-data -> LoadJSON, Parse, _stream_key_by_map_operator",7,numRecordsIn,5972.0
1784198320,8,"Source: Source-data -> LoadJSON, Parse, _stream_key_by_map_operator",7,numRecordsInPerSecond,0.0
1784198320,8,"Source: Source-data -> LoadJSON, Parse, _stream_key_by_map_operator",7,backPressuredTimeMsPerSecond,1000.0
1784198320,8,"KEYED PROCESS, Parse->Train, _stream_key_by_map_operator",0,busyTimeMsPerSecond,604.0
1784198320,8,"KEYED PROCESS, Parse->Train, _stream_key_by_map_operator",0,numRecordsOutPerSecond,0.15
1784198320,8,"KEYED PROCESS, Parse->Train, _stream_key_by_map_operator",0,idleTimeMsPerSecond,0.0
1784198320,8,"KEYED PROCESS, Parse->Train, _stream_key_by_map_operator",0,numRecordsOut,207.0
1784198320,8,"KEYED PROCESS, Parse->Train, _stream_key_by_map_operator",0,numRecordsIn,208.0
1784198320,8,"KEYED PROCESS, Parse->Train, _stream_key_by_map_operator",0,numRecordsInPerSecond,0.15
1784198320,8,"KEYED PROCESS, Parse->Train, _stream_key_by_map_operator",0,backPressuredTimeMsPerSecond,396.0
1784198320,8,"KEYED PROCESS, Parse->Train, _stream_key_by_map_operator",1,busyTimeMsPerSecond,593.0
1784198320,8,"KEYED PROCESS, Parse->Train, _stream_key_by_map_operator",1,numRecordsOutPerSecond,0.16666666666666666
1784198320,8,"KEYED PROCESS, Parse->Train, _stream_key_by_map_operator",1,idleTimeMsPerSecond,0.0
1784198320,8,"KEYED PROCESS, Parse->Train, _stream_key_by_map_operator",1,numRecordsOut,209.0
1784198320,8,"KEYED PROCESS, Parse->Train, _stream_key_by_map_operator",1,numRecordsIn,210.0
1784198320,8,"KEYED PROCESS, Parse->Train, _stream_key_by_map_operator",1,numRecordsInPerSecond,0.16666666666666666
1784198320,8,"KEYED PROCESS, Parse->Train, _stream_key_by_map_operator",1,backPressuredTimeMsPerSecond,407.0
1784198320,8,"KEYED PROCESS, Parse->Train, _stream_key_by_map_operator",2,busyTimeMsPerSecond,411.0
1784198320,8,"KEYED PROCESS, Parse->Train, _stream_key_by_map_operator",2,numRecordsOutPerSecond,0.13333333333333333
1784198320,8,"KEYED PROCESS, Parse->Train, _stream_key_by_map_operator",2,idleTimeMsPerSecond,0.0
1784198320,8,"KEYED PROCESS, Parse->Train, _stream_key_by_map_operator",2,numRecordsOut,165.0
1784198320,8,"KEYED PROCESS, Parse->Train, _stream_key_by_map_operator",2,numRecordsIn,166.0
1784198320,8,"KEYED PROCESS, Parse->Train, _stream_key_by_map_operator",2,numRecordsInPerSecond,0.13333333333333333
1784198320,8,"KEYED PROCESS, Parse->Train, _stream_key_by_map_operator",2,backPressuredTimeMsPerSecond,589.0
1784198320,8,"KEYED PROCESS, Parse->Train, _stream_key_by_map_operator",3,busyTimeMsPerSecond,0.0
1784198320,8,"KEYED PROCESS, Parse->Train, _stream_key_by_map_operator",3,numRecordsOutPerSecond,0.0
1784198320,8,"KEYED PROCESS, Parse->Train, _stream_key_by_map_operator",3,idleTimeMsPerSecond,1000.0
1784198320,8,"KEYED PROCESS, Parse->Train, _stream_key_by_map_operator",3,numRecordsOut,0.0
1784198320,8,"KEYED PROCESS, Parse->Train, _stream_key_by_map_operator",3,numRecordsIn,0.0
1784198320,8,"KEYED PROCESS, Parse->Train, _stream_key_by_map_operator",3,numRecordsInPerSecond,0.0
1784198320,8,"KEYED PROCESS, Parse->Train, _stream_key_by_map_operator",3,backPressuredTimeMsPerSecond,0.0
1784198320,8,"KEYED PROCESS, Parse->Train, _stream_key_by_map_operator",4,busyTimeMsPerSecond,458.0
1784198320,8,"KEYED PROCESS, Parse->Train, _stream_key_by_map_operator",4,numRecordsOutPerSecond,0.13333333333333333
1784198320,8,"KEYED PROCESS, Parse->Train, _stream_key_by_map_operator",4,idleTimeMsPerSecond,0.0
1784198320,8,"KEYED PROCESS, Parse->Train, _stream_key_by_map_operator",4,numRecordsOut,240.0
1784198320,8,"KEYED PROCESS, Parse->Train, _stream_key_by_map_operator",4,numRecordsIn,241.0
1784198320,8,"KEYED PROCESS, Parse->Train, _stream_key_by_map_operator",4,numRecordsInPerSecond,0.13333333333333333
1784198320,8,"KEYED PROCESS, Parse->Train, _stream_key_by_map_operator",4,backPressuredTimeMsPerSecond,542.0
1784198320,8,"KEYED PROCESS, Parse->Train, _stream_key_by_map_operator",5,busyTimeMsPerSecond,0.0
1784198320,8,"KEYED PROCESS, Parse->Train, _stream_key_by_map_operator",5,numRecordsOutPerSecond,0.0
1784198320,8,"KEYED PROCESS, Parse->Train, _stream_key_by_map_operator",5,idleTimeMsPerSecond,1000.0
1784198320,8,"KEYED PROCESS, Parse->Train, _stream_key_by_map_operator",5,numRecordsOut,0.0
1784198320,8,"KEYED PROCESS, Parse->Train, _stream_key_by_map_operator",5,numRecordsIn,0.0
1784198320,8,"KEYED PROCESS, Parse->Train, _stream_key_by_map_operator",5,numRecordsInPerSecond,0.0
1784198320,8,"KEYED PROCESS, Parse->Train, _stream_key_by_map_operator",5,backPressuredTimeMsPerSecond,0.0
1784198320,8,"KEYED PROCESS, Parse->Train, _stream_key_by_map_operator",6,busyTimeMsPerSecond,0.0
1784198320,8,"KEYED PROCESS, Parse->Train, _stream_key_by_map_operator",6,numRecordsOutPerSecond,0.0
1784198320,8,"KEYED PROCESS, Parse->Train, _stream_key_by_map_operator",6,idleTimeMsPerSecond,1000.0
1784198320,8,"KEYED PROCESS, Parse->Train, _stream_key_by_map_operator",6,numRecordsOut,0.0
1784198320,8,"KEYED PROCESS, Parse->Train, _stream_key_by_map_operator",6,numRecordsIn,0.0
1784198320,8,"KEYED PROCESS, Parse->Train, _stream_key_by_map_operator",6,numRecordsInPerSecond,0.0
1784198320,8,"KEYED PROCESS, Parse->Train, _stream_key_by_map_operator",6,backPressuredTimeMsPerSecond,0.0
1784198320,8,"KEYED PROCESS, Parse->Train, _stream_key_by_map_operator",7,busyTimeMsPerSecond,841.0
1784198320,8,"KEYED PROCESS, Parse->Train, _stream_key_by_map_operator",7,numRecordsOutPerSecond,0.11666666666666667
1784198320,8,"KEYED PROCESS, Parse->Train, _stream_key_by_map_operator",7,idleTimeMsPerSecond,0.0
1784198320,8,"KEYED PROCESS, Parse->Train, _stream_key_by_map_operator",7,numRecordsOut,173.0
1784198320,8,"KEYED PROCESS, Parse->Train, _stream_key_by_map_operator",7,numRecordsIn,174.0
1784198320,8,"KEYED PROCESS, Parse->Train, _stream_key_by_map_operator",7,numRecordsInPerSecond,0.11666666666666667
1784198320,8,"KEYED PROCESS, Parse->Train, _stream_key_by_map_operator",7,backPressuredTimeMsPerSecond,159.0
1784198320,8,"KEYED PROCESS, Train->Infer, _stream_key_by_map_operator",0,busyTimeMsPerSecond,631.0
1784198320,8,"KEYED PROCESS, Train->Infer, _stream_key_by_map_operator",0,numRecordsOutPerSecond,58.333333333333336
1784198320,8,"KEYED PROCESS, Train->Infer, _stream_key_by_map_operator",0,idleTimeMsPerSecond,41.0
1784198320,8,"KEYED PROCESS, Train->Infer, _stream_key_by_map_operator",0,numRecordsOut,50381.0
1784198320,8,"KEYED PROCESS, Train->Infer, _stream_key_by_map_operator",0,numRecordsIn,162.0
1784198320,8,"KEYED PROCESS, Train->Infer, _stream_key_by_map_operator",0,numRecordsInPerSecond,0.1
1784198320,8,"KEYED PROCESS, Train->Infer, _stream_key_by_map_operator",0,backPressuredTimeMsPerSecond,328.0
1784198320,8,"KEYED PROCESS, Train->Infer, _stream_key_by_map_operator",1,busyTimeMsPerSecond,883.0
1784198320,8,"KEYED PROCESS, Train->Infer, _stream_key_by_map_operator",1,numRecordsOutPerSecond,83.33333333333333
1784198320,8,"KEYED PROCESS, Train->Infer, _stream_key_by_map_operator",1,idleTimeMsPerSecond,117.0
1784198320,8,"KEYED PROCESS, Train->Infer, _stream_key_by_map_operator",1,numRecordsOut,47059.0
1784198320,8,"KEYED PROCESS, Train->Infer, _stream_key_by_map_operator",1,numRecordsIn,154.0
1784198320,8,"KEYED PROCESS, Train->Infer, _stream_key_by_map_operator",1,numRecordsInPerSecond,0.18333333333333332
1784198320,8,"KEYED PROCESS, Train->Infer, _stream_key_by_map_operator",1,backPressuredTimeMsPerSecond,0.0
1784198320,8,"KEYED PROCESS, Train->Infer, _stream_key_by_map_operator",2,busyTimeMsPerSecond,503.0
1784198320,8,"KEYED PROCESS, Train->Infer, _stream_key_by_map_operator",2,numRecordsOutPerSecond,50.0
1784198320,8,"KEYED PROCESS, Train->Infer, _stream_key_by_map_operator",2,idleTimeMsPerSecond,0.0
1784198320,8,"KEYED PROCESS, Train->Infer, _stream_key_by_map_operator",2,numRecordsOut,53015.0
1784198320,8,"KEYED PROCESS, Train->Infer, _stream_key_by_map_operator",2,numRecordsIn,121.0
1784198320,8,"KEYED PROCESS, Train->Infer, _stream_key_by_map_operator",2,numRecordsInPerSecond,0.1
1784198320,8,"KEYED PROCESS, Train->Infer, _stream_key_by_map_operator",2,backPressuredTimeMsPerSecond,497.0
1784198320,8,"KEYED PROCESS, Train->Infer, _stream_key_by_map_operator",3,busyTimeMsPerSecond,195.0
1784198320,8,"KEYED PROCESS, Train->Infer, _stream_key_by_map_operator",3,numRecordsOutPerSecond,25.0
1784198320,8,"KEYED PROCESS, Train->Infer, _stream_key_by_map_operator",3,idleTimeMsPerSecond,805.0
1784198320,8,"KEYED PROCESS, Train->Infer, _stream_key_by_map_operator",3,numRecordsOut,50500.0
1784198320,8,"KEYED PROCESS, Train->Infer, _stream_key_by_map_operator",3,numRecordsIn,101.0
1784198320,8,"KEYED PROCESS, Train->Infer, _stream_key_by_map_operator",3,numRecordsInPerSecond,0.05
1784198320,8,"KEYED PROCESS, Train->Infer, _stream_key_by_map_operator",3,backPressuredTimeMsPerSecond,0.0
1784198320,8,"KEYED PROCESS, Train->Infer, _stream_key_by_map_operator",4,busyTimeMsPerSecond,452.0
1784198320,8,"KEYED PROCESS, Train->Infer, _stream_key_by_map_operator",4,numRecordsOutPerSecond,50.0
1784198320,8,"KEYED PROCESS, Train->Infer, _stream_key_by_map_operator",4,idleTimeMsPerSecond,548.0
1784198320,8,"KEYED PROCESS, Train->Infer, _stream_key_by_map_operator",4,numRecordsOut,36075.0
1784198320,8,"KEYED PROCESS, Train->Infer, _stream_key_by_map_operator",4,numRecordsIn,147.0
1784198320,8,"KEYED PROCESS, Train->Infer, _stream_key_by_map_operator",4,numRecordsInPerSecond,0.08333333333333333
1784198320,8,"KEYED PROCESS, Train->Infer, _stream_key_by_map_operator",4,backPressuredTimeMsPerSecond,0.0
1784198320,8,"KEYED PROCESS, Train->Infer, _stream_key_by_map_operator",5,busyTimeMsPerSecond,399.0
1784198320,8,"KEYED PROCESS, Train->Infer, _stream_key_by_map_operator",5,numRecordsOutPerSecond,41.666666666666664
1784198320,8,"KEYED PROCESS, Train->Infer, _stream_key_by_map_operator",5,idleTimeMsPerSecond,601.0
1784198320,8,"KEYED PROCESS, Train->Infer, _stream_key_by_map_operator",5,numRecordsOut,45000.0
1784198320,8,"KEYED PROCESS, Train->Infer, _stream_key_by_map_operator",5,numRecordsIn,90.0
1784198320,8,"KEYED PROCESS, Train->Infer, _stream_key_by_map_operator",5,numRecordsInPerSecond,0.1
1784198320,8,"KEYED PROCESS, Train->Infer, _stream_key_by_map_operator",5,backPressuredTimeMsPerSecond,0.0
1784198320,8,"KEYED PROCESS, Train->Infer, _stream_key_by_map_operator",6,busyTimeMsPerSecond,137.0
1784198320,8,"KEYED PROCESS, Train->Infer, _stream_key_by_map_operator",6,numRecordsOutPerSecond,16.666666666666668
1784198320,8,"KEYED PROCESS, Train->Infer, _stream_key_by_map_operator",6,idleTimeMsPerSecond,863.0
1784198320,8,"KEYED PROCESS, Train->Infer, _stream_key_by_map_operator",6,numRecordsOut,48000.0
1784198320,8,"KEYED PROCESS, Train->Infer, _stream_key_by_map_operator",6,numRecordsIn,96.0
1784198320,8,"KEYED PROCESS, Train->Infer, _stream_key_by_map_operator",6,numRecordsInPerSecond,0.03333333333333333
1784198320,8,"KEYED PROCESS, Train->Infer, _stream_key_by_map_operator",6,backPressuredTimeMsPerSecond,0.0
1784198320,8,"KEYED PROCESS, Train->Infer, _stream_key_by_map_operator",7,busyTimeMsPerSecond,223.0
1784198320,8,"KEYED PROCESS, Train->Infer, _stream_key_by_map_operator",7,numRecordsOutPerSecond,16.666666666666668
1784198320,8,"KEYED PROCESS, Train->Infer, _stream_key_by_map_operator",7,idleTimeMsPerSecond,589.0
1784198320,8,"KEYED PROCESS, Train->Infer, _stream_key_by_map_operator",7,numRecordsOut,47030.0
1784198320,8,"KEYED PROCESS, Train->Infer, _stream_key_by_map_operator",7,numRecordsIn,124.0
1784198320,8,"KEYED PROCESS, Train->Infer, _stream_key_by_map_operator",7,numRecordsInPerSecond,0.03333333333333333
1784198320,8,"KEYED PROCESS, Train->Infer, _stream_key_by_map_operator",7,backPressuredTimeMsPerSecond,188.0
1784198320,8,"Infer->Rank, Rank->Filter, Filter -> Sink: Writer -> Sink: Committer",0,busyTimeMsPerSecond,1000.0
1784198320,8,"Infer->Rank, Rank->Filter, Filter -> Sink: Writer -> Sink: Committer",0,numRecordsOutPerSecond,38.0
1784198320,8,"Infer->Rank, Rank->Filter, Filter -> Sink: Writer -> Sink: Committer",0,idleTimeMsPerSecond,0.0
1784198320,8,"Infer->Rank, Rank->Filter, Filter -> Sink: Writer -> Sink: Committer",0,numRecordsOut,40814.0
1784198320,8,"Infer->Rank, Rank->Filter, Filter -> Sink: Writer -> Sink: Committer",0,numRecordsIn,47438.0
1784198320,8,"Infer->Rank, Rank->Filter, Filter -> Sink: Writer -> Sink: Committer",0,numRecordsInPerSecond,46.333333333333336
1784198320,8,"Infer->Rank, Rank->Filter, Filter -> Sink: Writer -> Sink: Committer",0,backPressuredTimeMsPerSecond,0.0
1784198320,8,"Infer->Rank, Rank->Filter, Filter -> Sink: Writer -> Sink: Committer",1,busyTimeMsPerSecond,914.0
1784198320,8,"Infer->Rank, Rank->Filter, Filter -> Sink: Writer -> Sink: Committer",1,numRecordsOutPerSecond,33.333333333333336
1784198320,8,"Infer->Rank, Rank->Filter, Filter -> Sink: Writer -> Sink: Committer",1,idleTimeMsPerSecond,86.0
1784198320,8,"Infer->Rank, Rank->Filter, Filter -> Sink: Writer -> Sink: Committer",1,numRecordsOut,38990.0
1784198320,8,"Infer->Rank, Rank->Filter, Filter -> Sink: Writer -> Sink: Committer",1,numRecordsIn,43922.0
1784198320,8,"Infer->Rank, Rank->Filter, Filter -> Sink: Writer -> Sink: Committer",1,numRecordsInPerSecond,35.85
1784198320,8,"Infer->Rank, Rank->Filter, Filter -> Sink: Writer -> Sink: Committer",1,backPressuredTimeMsPerSecond,0.0
1784198320,8,"Infer->Rank, Rank->Filter, Filter -> Sink: Writer -> Sink: Committer",2,busyTimeMsPerSecond,1000.0
1784198320,8,"Infer->Rank, Rank->Filter, Filter -> Sink: Writer -> Sink: Committer",2,numRecordsOutPerSecond,43.833333333333336
1784198320,8,"Infer->Rank, Rank->Filter, Filter -> Sink: Writer -> Sink: Committer",2,idleTimeMsPerSecond,0.0
1784198320,8,"Infer->Rank, Rank->Filter, Filter -> Sink: Writer -> Sink: Committer",2,numRecordsOut,42000.0
1784198320,8,"Infer->Rank, Rank->Filter, Filter -> Sink: Writer -> Sink: Committer",2,numRecordsIn,49915.0
1784198320,8,"Infer->Rank, Rank->Filter, Filter -> Sink: Writer -> Sink: Committer",2,numRecordsInPerSecond,55.333333333333336
1784198320,8,"Infer->Rank, Rank->Filter, Filter -> Sink: Writer -> Sink: Committer",2,backPressuredTimeMsPerSecond,0.0
1784198320,8,"Infer->Rank, Rank->Filter, Filter -> Sink: Writer -> Sink: Committer",3,busyTimeMsPerSecond,235.0
1784198320,8,"Infer->Rank, Rank->Filter, Filter -> Sink: Writer -> Sink: Committer",3,numRecordsOutPerSecond,16.666666666666668
1784198320,8,"Infer->Rank, Rank->Filter, Filter -> Sink: Writer -> Sink: Committer",3,idleTimeMsPerSecond,765.0
1784198320,8,"Infer->Rank, Rank->Filter, Filter -> Sink: Writer -> Sink: Committer",3,numRecordsOut,42500.0
1784198320,8,"Infer->Rank, Rank->Filter, Filter -> Sink: Writer -> Sink: Committer",3,numRecordsIn,50500.0
1784198320,8,"Infer->Rank, Rank->Filter, Filter -> Sink: Writer -> Sink: Committer",3,numRecordsInPerSecond,25.0
1784198320,8,"Infer->Rank, Rank->Filter, Filter -> Sink: Writer -> Sink: Committer",3,backPressuredTimeMsPerSecond,0.0
1784198320,8,"Infer->Rank, Rank->Filter, Filter -> Sink: Writer -> Sink: Committer",4,busyTimeMsPerSecond,939.0
1784198320,8,"Infer->Rank, Rank->Filter, Filter -> Sink: Writer -> Sink: Committer",4,numRecordsOutPerSecond,48.0
1784198320,8,"Infer->Rank, Rank->Filter, Filter -> Sink: Writer -> Sink: Committer",4,idleTimeMsPerSecond,61.0
1784198320,8,"Infer->Rank, Rank->Filter, Filter -> Sink: Writer -> Sink: Committer",4,numRecordsOut,33360.0
1784198320,8,"Infer->Rank, Rank->Filter, Filter -> Sink: Writer -> Sink: Committer",4,numRecordsIn,35972.0
1784198320,8,"Infer->Rank, Rank->Filter, Filter -> Sink: Writer -> Sink: Committer",4,numRecordsInPerSecond,56.333333333333336
1784198320,8,"Infer->Rank, Rank->Filter, Filter -> Sink: Writer -> Sink: Committer",4,backPressuredTimeMsPerSecond,0.0
1784198320,8,"Infer->Rank, Rank->Filter, Filter -> Sink: Writer -> Sink: Committer",5,busyTimeMsPerSecond,521.0
1784198320,8,"Infer->Rank, Rank->Filter, Filter -> Sink: Writer -> Sink: Committer",5,numRecordsOutPerSecond,25.0
1784198320,8,"Infer->Rank, Rank->Filter, Filter -> Sink: Writer -> Sink: Committer",5,idleTimeMsPerSecond,479.0
1784198320,8,"Infer->Rank, Rank->Filter, Filter -> Sink: Writer -> Sink: Committer",5,numRecordsOut,39000.0
1784198320,8,"Infer->Rank, Rank->Filter, Filter -> Sink: Writer -> Sink: Committer",5,numRecordsIn,44567.0
1784198320,8,"Infer->Rank, Rank->Filter, Filter -> Sink: Writer -> Sink: Committer",5,numRecordsInPerSecond,41.666666666666664
1784198320,8,"Infer->Rank, Rank->Filter, Filter -> Sink: Writer -> Sink: Committer",5,backPressuredTimeMsPerSecond,0.0
1784198320,8,"Infer->Rank, Rank->Filter, Filter -> Sink: Writer -> Sink: Committer",6,busyTimeMsPerSecond,162.0
1784198320,8,"Infer->Rank, Rank->Filter, Filter -> Sink: Writer -> Sink: Committer",6,numRecordsOutPerSecond,8.333333333333334
1784198320,8,"Infer->Rank, Rank->Filter, Filter -> Sink: Writer -> Sink: Committer",6,idleTimeMsPerSecond,838.0
1784198320,8,"Infer->Rank, Rank->Filter, Filter -> Sink: Writer -> Sink: Committer",6,numRecordsOut,41000.0
1784198320,8,"Infer->Rank, Rank->Filter, Filter -> Sink: Writer -> Sink: Committer",6,numRecordsIn,48000.0
1784198320,8,"Infer->Rank, Rank->Filter, Filter -> Sink: Writer -> Sink: Committer",6,numRecordsInPerSecond,16.666666666666668
1784198320,8,"Infer->Rank, Rank->Filter, Filter -> Sink: Writer -> Sink: Committer",6,backPressuredTimeMsPerSecond,0.0
1784198320,8,"Infer->Rank, Rank->Filter, Filter -> Sink: Writer -> Sink: Committer",7,busyTimeMsPerSecond,1000.0
1784198320,8,"Infer->Rank, Rank->Filter, Filter -> Sink: Writer -> Sink: Committer",7,numRecordsOutPerSecond,46.0
1784198320,8,"Infer->Rank, Rank->Filter, Filter -> Sink: Writer -> Sink: Committer",7,idleTimeMsPerSecond,0.0
1784198320,8,"Infer->Rank, Rank->Filter, Filter -> Sink: Writer -> Sink: Committer",7,numRecordsOut,43960.0
1784198320,8,"Infer->Rank, Rank->Filter, Filter -> Sink: Writer -> Sink: Committer",7,numRecordsIn,46002.0
1784198320,8,"Infer->Rank, Rank->Filter, Filter -> Sink: Writer -> Sink: Committer",7,numRecordsInPerSecond,52.166666666666664
1784198320,8,"Infer->Rank, Rank->Filter, Filter -> Sink: Writer -> Sink: Committer",7,backPressuredTimeMsPerSecond,0.0
1784198335,8,"Source: Source-data -> LoadJSON, Parse, _stream_key_by_map_operator",0,busyTimeMsPerSecond,0.0
1784198335,8,"Source: Source-data -> LoadJSON, Parse, _stream_key_by_map_operator",0,numRecordsOutPerSecond,0.0
1784198335,8,"Source: Source-data -> LoadJSON, Parse, _stream_key_by_map_operator",0,idleTimeMsPerSecond,1000.0
1784198335,8,"Source: Source-data -> LoadJSON, Parse, _stream_key_by_map_operator",0,numRecordsOut,6131.0
1784198335,8,"Source: Source-data -> LoadJSON, Parse, _stream_key_by_map_operator",0,numRecordsIn,6131.0
1784198335,8,"Source: Source-data -> LoadJSON, Parse, _stream_key_by_map_operator",0,numRecordsInPerSecond,0.0
1784198335,8,"Source: Source-data -> LoadJSON, Parse, _stream_key_by_map_operator",0,backPressuredTimeMsPerSecond,0.0
1784198335,8,"Source: Source-data -> LoadJSON, Parse, _stream_key_by_map_operator",1,busyTimeMsPerSecond,0.0
1784198335,8,"Source: Source-data -> LoadJSON, Parse, _stream_key_by_map_operator",1,numRecordsOutPerSecond,0.0
1784198335,8,"Source: Source-data -> LoadJSON, Parse, _stream_key_by_map_operator",1,idleTimeMsPerSecond,0.0
1784198335,8,"Source: Source-data -> LoadJSON, Parse, _stream_key_by_map_operator",1,numRecordsOut,6028.0
1784198335,8,"Source: Source-data -> LoadJSON, Parse, _stream_key_by_map_operator",1,numRecordsIn,6028.0
1784198335,8,"Source: Source-data -> LoadJSON, Parse, _stream_key_by_map_operator",1,numRecordsInPerSecond,0.0
1784198335,8,"Source: Source-data -> LoadJSON, Parse, _stream_key_by_map_operator",1,backPressuredTimeMsPerSecond,1000.0
1784198335,8,"Source: Source-data -> LoadJSON, Parse, _stream_key_by_map_operator",2,busyTimeMsPerSecond,0.0
1784198335,8,"Source: Source-data -> LoadJSON, Parse, _stream_key_by_map_operator",2,numRecordsOutPerSecond,0.0
1784198335,8,"Source: Source-data -> LoadJSON, Parse, _stream_key_by_map_operator",2,idleTimeMsPerSecond,0.0
1784198335,8,"Source: Source-data -> LoadJSON, Parse, _stream_key_by_map_operator",2,numRecordsOut,6234.0
1784198335,8,"Source: Source-data -> LoadJSON, Parse, _stream_key_by_map_operator",2,numRecordsIn,6234.0
1784198335,8,"Source: Source-data -> LoadJSON, Parse, _stream_key_by_map_operator",2,numRecordsInPerSecond,0.0
1784198335,8,"Source: Source-data -> LoadJSON, Parse, _stream_key_by_map_operator",2,backPressuredTimeMsPerSecond,1000.0
1784198335,8,"Source: Source-data -> LoadJSON, Parse, _stream_key_by_map_operator",3,busyTimeMsPerSecond,0.0
1784198335,8,"Source: Source-data -> LoadJSON, Parse, _stream_key_by_map_operator",3,numRecordsOutPerSecond,0.0
1784198335,8,"Source: Source-data -> LoadJSON, Parse, _stream_key_by_map_operator",3,idleTimeMsPerSecond,0.0
1784198335,8,"Source: Source-data -> LoadJSON, Parse, _stream_key_by_map_operator",3,numRecordsOut,6021.0
1784198335,8,"Source: Source-data -> LoadJSON, Parse, _stream_key_by_map_operator",3,numRecordsIn,6021.0
1784198335,8,"Source: Source-data -> LoadJSON, Parse, _stream_key_by_map_operator",3,numRecordsInPerSecond,0.0
1784198335,8,"Source: Source-data -> LoadJSON, Parse, _stream_key_by_map_operator",3,backPressuredTimeMsPerSecond,1000.0
1784198335,8,"Source: Source-data -> LoadJSON, Parse, _stream_key_by_map_operator",4,busyTimeMsPerSecond,0.0
1784198335,8,"Source: Source-data -> LoadJSON, Parse, _stream_key_by_map_operator",4,numRecordsOutPerSecond,0.0
1784198335,8,"Source: Source-data -> LoadJSON, Parse, _stream_key_by_map_operator",4,idleTimeMsPerSecond,0.0
1784198335,8,"Source: Source-data -> LoadJSON, Parse, _stream_key_by_map_operator",4,numRecordsOut,6068.0
1784198335,8,"Source: Source-data -> LoadJSON, Parse, _stream_key_by_map_operator",4,numRecordsIn,6068.0
1784198335,8,"Source: Source-data -> LoadJSON, Parse, _stream_key_by_map_operator",4,numRecordsInPerSecond,0.0
1784198335,8,"Source: Source-data -> LoadJSON, Parse, _stream_key_by_map_operator",4,backPressuredTimeMsPerSecond,1000.0
1784198335,8,"Source: Source-data -> LoadJSON, Parse, _stream_key_by_map_operator",5,busyTimeMsPerSecond,1.0
1784198335,8,"Source: Source-data -> LoadJSON, Parse, _stream_key_by_map_operator",5,numRecordsOutPerSecond,0.03333333333333333
1784198335,8,"Source: Source-data -> LoadJSON, Parse, _stream_key_by_map_operator",5,idleTimeMsPerSecond,999.0
1784198335,8,"Source: Source-data -> LoadJSON, Parse, _stream_key_by_map_operator",5,numRecordsOut,6103.0
1784198335,8,"Source: Source-data -> LoadJSON, Parse, _stream_key_by_map_operator",5,numRecordsIn,6103.0
1784198335,8,"Source: Source-data -> LoadJSON, Parse, _stream_key_by_map_operator",5,numRecordsInPerSecond,0.03333333333333333
1784198335,8,"Source: Source-data -> LoadJSON, Parse, _stream_key_by_map_operator",5,backPressuredTimeMsPerSecond,0.0
1784198335,8,"Source: Source-data -> LoadJSON, Parse, _stream_key_by_map_operator",6,busyTimeMsPerSecond,0.0
1784198335,8,"Source: Source-data -> LoadJSON, Parse, _stream_key_by_map_operator",6,numRecordsOutPerSecond,0.0
1784198335,8,"Source: Source-data -> LoadJSON, Parse, _stream_key_by_map_operator",6,idleTimeMsPerSecond,0.0
1784198335,8,"Source: Source-data -> LoadJSON, Parse, _stream_key_by_map_operator",6,numRecordsOut,6065.0
1784198335,8,"Source: Source-data -> LoadJSON, Parse, _stream_key_by_map_operator",6,numRecordsIn,6065.0
1784198335,8,"Source: Source-data -> LoadJSON, Parse, _stream_key_by_map_operator",6,numRecordsInPerSecond,0.0
1784198335,8,"Source: Source-data -> LoadJSON, Parse, _stream_key_by_map_operator",6,backPressuredTimeMsPerSecond,1000.0
1784198335,8,"Source: Source-data -> LoadJSON, Parse, _stream_key_by_map_operator",7,busyTimeMsPerSecond,0.0
1784198335,8,"Source: Source-data -> LoadJSON, Parse, _stream_key_by_map_operator",7,numRecordsOutPerSecond,0.0
1784198335,8,"Source: Source-data -> LoadJSON, Parse, _stream_key_by_map_operator",7,idleTimeMsPerSecond,0.0
1784198335,8,"Source: Source-data -> LoadJSON, Parse, _stream_key_by_map_operator",7,numRecordsOut,5972.0
1784198335,8,"Source: Source-data -> LoadJSON, Parse, _stream_key_by_map_operator",7,numRecordsIn,5972.0
1784198335,8,"Source: Source-data -> LoadJSON, Parse, _stream_key_by_map_operator",7,numRecordsInPerSecond,0.0
1784198335,8,"Source: Source-data -> LoadJSON, Parse, _stream_key_by_map_operator",7,backPressuredTimeMsPerSecond,1000.0
1784198335,8,"KEYED PROCESS, Parse->Train, _stream_key_by_map_operator",0,busyTimeMsPerSecond,557.0
1784198335,8,"KEYED PROCESS, Parse->Train, _stream_key_by_map_operator",0,numRecordsOutPerSecond,0.15
1784198335,8,"KEYED PROCESS, Parse->Train, _stream_key_by_map_operator",0,idleTimeMsPerSecond,0.0
1784198335,8,"KEYED PROCESS, Parse->Train, _stream_key_by_map_operator",0,numRecordsOut,210.0
1784198335,8,"KEYED PROCESS, Parse->Train, _stream_key_by_map_operator",0,numRecordsIn,211.0
1784198335,8,"KEYED PROCESS, Parse->Train, _stream_key_by_map_operator",0,numRecordsInPerSecond,0.15
1784198335,8,"KEYED PROCESS, Parse->Train, _stream_key_by_map_operator",0,backPressuredTimeMsPerSecond,443.0
1784198335,8,"KEYED PROCESS, Parse->Train, _stream_key_by_map_operator",1,busyTimeMsPerSecond,548.0
1784198335,8,"KEYED PROCESS, Parse->Train, _stream_key_by_map_operator",1,numRecordsOutPerSecond,0.13333333333333333
1784198335,8,"KEYED PROCESS, Parse->Train, _stream_key_by_map_operator",1,idleTimeMsPerSecond,0.0
1784198335,8,"KEYED PROCESS, Parse->Train, _stream_key_by_map_operator",1,numRecordsOut,210.0
1784198335,8,"KEYED PROCESS, Parse->Train, _stream_key_by_map_operator",1,numRecordsIn,211.0
1784198335,8,"KEYED PROCESS, Parse->Train, _stream_key_by_map_operator",1,numRecordsInPerSecond,0.13333333333333333
1784198335,8,"KEYED PROCESS, Parse->Train, _stream_key_by_map_operator",1,backPressuredTimeMsPerSecond,452.0
1784198335,8,"KEYED PROCESS, Parse->Train, _stream_key_by_map_operator",2,busyTimeMsPerSecond,451.0
1784198335,8,"KEYED PROCESS, Parse->Train, _stream_key_by_map_operator",2,numRecordsOutPerSecond,0.13333333333333333
1784198335,8,"KEYED PROCESS, Parse->Train, _stream_key_by_map_operator",2,idleTimeMsPerSecond,0.0
1784198335,8,"KEYED PROCESS, Parse->Train, _stream_key_by_map_operator",2,numRecordsOut,169.0
1784198335,8,"KEYED PROCESS, Parse->Train, _stream_key_by_map_operator",2,numRecordsIn,170.0
1784198335,8,"KEYED PROCESS, Parse->Train, _stream_key_by_map_operator",2,numRecordsInPerSecond,0.13333333333333333
1784198335,8,"KEYED PROCESS, Parse->Train, _stream_key_by_map_operator",2,backPressuredTimeMsPerSecond,549.0
1784198335,8,"KEYED PROCESS, Parse->Train, _stream_key_by_map_operator",3,busyTimeMsPerSecond,0.0
1784198335,8,"KEYED PROCESS, Parse->Train, _stream_key_by_map_operator",3,numRecordsOutPerSecond,0.0
1784198335,8,"KEYED PROCESS, Parse->Train, _stream_key_by_map_operator",3,idleTimeMsPerSecond,1000.0
1784198335,8,"KEYED PROCESS, Parse->Train, _stream_key_by_map_operator",3,numRecordsOut,0.0
1784198335,8,"KEYED PROCESS, Parse->Train, _stream_key_by_map_operator",3,numRecordsIn,0.0
1784198335,8,"KEYED PROCESS, Parse->Train, _stream_key_by_map_operator",3,numRecordsInPerSecond,0.0
1784198335,8,"KEYED PROCESS, Parse->Train, _stream_key_by_map_operator",3,backPressuredTimeMsPerSecond,0.0
1784198335,8,"KEYED PROCESS, Parse->Train, _stream_key_by_map_operator",4,busyTimeMsPerSecond,403.0
1784198335,8,"KEYED PROCESS, Parse->Train, _stream_key_by_map_operator",4,numRecordsOutPerSecond,0.13333333333333333
1784198335,8,"KEYED PROCESS, Parse->Train, _stream_key_by_map_operator",4,idleTimeMsPerSecond,0.0
1784198335,8,"KEYED PROCESS, Parse->Train, _stream_key_by_map_operator",4,numRecordsOut,241.0
1784198335,8,"KEYED PROCESS, Parse->Train, _stream_key_by_map_operator",4,numRecordsIn,242.0
1784198335,8,"KEYED PROCESS, Parse->Train, _stream_key_by_map_operator",4,numRecordsInPerSecond,0.13333333333333333
1784198335,8,"KEYED PROCESS, Parse->Train, _stream_key_by_map_operator",4,backPressuredTimeMsPerSecond,597.0
1784198335,8,"KEYED PROCESS, Parse->Train, _stream_key_by_map_operator",5,busyTimeMsPerSecond,0.0
1784198335,8,"KEYED PROCESS, Parse->Train, _stream_key_by_map_operator",5,numRecordsOutPerSecond,0.0
1784198335,8,"KEYED PROCESS, Parse->Train, _stream_key_by_map_operator",5,idleTimeMsPerSecond,1000.0
1784198335,8,"KEYED PROCESS, Parse->Train, _stream_key_by_map_operator",5,numRecordsOut,0.0
1784198335,8,"KEYED PROCESS, Parse->Train, _stream_key_by_map_operator",5,numRecordsIn,0.0
1784198335,8,"KEYED PROCESS, Parse->Train, _stream_key_by_map_operator",5,numRecordsInPerSecond,0.0
1784198335,8,"KEYED PROCESS, Parse->Train, _stream_key_by_map_operator",5,backPressuredTimeMsPerSecond,0.0
1784198335,8,"KEYED PROCESS, Parse->Train, _stream_key_by_map_operator",6,busyTimeMsPerSecond,0.0
1784198335,8,"KEYED PROCESS, Parse->Train, _stream_key_by_map_operator",6,numRecordsOutPerSecond,0.0
1784198335,8,"KEYED PROCESS, Parse->Train, _stream_key_by_map_operator",6,idleTimeMsPerSecond,1000.0
1784198335,8,"KEYED PROCESS, Parse->Train, _stream_key_by_map_operator",6,numRecordsOut,0.0
1784198335,8,"KEYED PROCESS, Parse->Train, _stream_key_by_map_operator",6,numRecordsIn,0.0
1784198335,8,"KEYED PROCESS, Parse->Train, _stream_key_by_map_operator",6,numRecordsInPerSecond,0.0
1784198335,8,"KEYED PROCESS, Parse->Train, _stream_key_by_map_operator",6,backPressuredTimeMsPerSecond,0.0
1784198335,8,"KEYED PROCESS, Parse->Train, _stream_key_by_map_operator",7,busyTimeMsPerSecond,621.0
1784198335,8,"KEYED PROCESS, Parse->Train, _stream_key_by_map_operator",7,numRecordsOutPerSecond,0.11666666666666667
1784198335,8,"KEYED PROCESS, Parse->Train, _stream_key_by_map_operator",7,idleTimeMsPerSecond,0.0
1784198335,8,"KEYED PROCESS, Parse->Train, _stream_key_by_map_operator",7,numRecordsOut,173.0
1784198335,8,"KEYED PROCESS, Parse->Train, _stream_key_by_map_operator",7,numRecordsIn,174.0
1784198335,8,"KEYED PROCESS, Parse->Train, _stream_key_by_map_operator",7,numRecordsInPerSecond,0.11666666666666667
1784198335,8,"KEYED PROCESS, Parse->Train, _stream_key_by_map_operator",7,backPressuredTimeMsPerSecond,379.0
1784198335,8,"KEYED PROCESS, Train->Infer, _stream_key_by_map_operator",0,busyTimeMsPerSecond,588.0
1784198335,8,"KEYED PROCESS, Train->Infer, _stream_key_by_map_operator",0,numRecordsOutPerSecond,50.0
1784198335,8,"KEYED PROCESS, Train->Infer, _stream_key_by_map_operator",0,idleTimeMsPerSecond,0.0
1784198335,8,"KEYED PROCESS, Train->Infer, _stream_key_by_map_operator",0,numRecordsOut,51381.0
1784198335,8,"KEYED PROCESS, Train->Infer, _stream_key_by_map_operator",0,numRecordsIn,163.0
1784198335,8,"KEYED PROCESS, Train->Infer, _stream_key_by_map_operator",0,numRecordsInPerSecond,0.1
1784198335,8,"KEYED PROCESS, Train->Infer, _stream_key_by_map_operator",0,backPressuredTimeMsPerSecond,412.0
1784198335,8,"KEYED PROCESS, Train->Infer, _stream_key_by_map_operator",1,busyTimeMsPerSecond,851.0
1784198335,8,"KEYED PROCESS, Train->Infer, _stream_key_by_map_operator",1,numRecordsOutPerSecond,91.66666666666667
1784198335,8,"KEYED PROCESS, Train->Infer, _stream_key_by_map_operator",1,idleTimeMsPerSecond,96.0
1784198335,8,"KEYED PROCESS, Train->Infer, _stream_key_by_map_operator",1,numRecordsOut,47559.0
1784198335,8,"KEYED PROCESS, Train->Infer, _stream_key_by_map_operator",1,numRecordsIn,156.0
1784198335,8,"KEYED PROCESS, Train->Infer, _stream_key_by_map_operator",1,numRecordsInPerSecond,0.16666666666666666
1784198335,8,"KEYED PROCESS, Train->Infer, _stream_key_by_map_operator",1,backPressuredTimeMsPerSecond,53.0
1784198335,8,"KEYED PROCESS, Train->Infer, _stream_key_by_map_operator",2,busyTimeMsPerSecond,595.0
1784198335,8,"KEYED PROCESS, Train->Infer, _stream_key_by_map_operator",2,numRecordsOutPerSecond,58.333333333333336
1784198335,8,"KEYED PROCESS, Train->Infer, _stream_key_by_map_operator",2,idleTimeMsPerSecond,0.0
1784198335,8,"KEYED PROCESS, Train->Infer, _stream_key_by_map_operator",2,numRecordsOut,53515.0
1784198335,8,"KEYED PROCESS, Train->Infer, _stream_key_by_map_operator",2,numRecordsIn,123.0
1784198335,8,"KEYED PROCESS, Train->Infer, _stream_key_by_map_operator",2,numRecordsInPerSecond,0.11666666666666667
1784198335,8,"KEYED PROCESS, Train->Infer, _stream_key_by_map_operator",2,backPressuredTimeMsPerSecond,405.0
1784198335,8,"KEYED PROCESS, Train->Infer, _stream_key_by_map_operator",3,busyTimeMsPerSecond,136.0
1784198335,8,"KEYED PROCESS, Train->Infer, _stream_key_by_map_operator",3,numRecordsOutPerSecond,16.666666666666668
1784198335,8,"KEYED PROCESS, Train->Infer, _stream_key_by_map_operator",3,idleTimeMsPerSecond,864.0
1784198335,8,"KEYED PROCESS, Train->Infer, _stream_key_by_map_operator",3,numRecordsOut,51000.0
1784198335,8,"KEYED PROCESS, Train->Infer, _stream_key_by_map_operator",3,numRecordsIn,102.0
1784198335,8,"KEYED PROCESS, Train->Infer, _stream_key_by_map_operator",3,numRecordsInPerSecond,0.05
1784198335,8,"KEYED PROCESS, Train->Infer, _stream_key_by_map_operator",3,backPressuredTimeMsPerSecond,0.0
1784198335,8,"KEYED PROCESS, Train->Infer, _stream_key_by_map_operator",4,busyTimeMsPerSecond,290.0
1784198335,8,"KEYED PROCESS, Train->Infer, _stream_key_by_map_operator",4,numRecordsOutPerSecond,33.333333333333336
1784198335,8,"KEYED PROCESS, Train->Infer, _stream_key_by_map_operator",4,idleTimeMsPerSecond,710.0
1784198335,8,"KEYED PROCESS, Train->Infer, _stream_key_by_map_operator",4,numRecordsOut,36575.0
1784198335,8,"KEYED PROCESS, Train->Infer, _stream_key_by_map_operator",4,numRecordsIn,148.0
1784198335,8,"KEYED PROCESS, Train->Infer, _stream_key_by_map_operator",4,numRecordsInPerSecond,0.06666666666666667
1784198335,8,"KEYED PROCESS, Train->Infer, _stream_key_by_map_operator",4,backPressuredTimeMsPerSecond,0.0
1784198335,8,"KEYED PROCESS, Train->Infer, _stream_key_by_map_operator",5,busyTimeMsPerSecond,443.0
1784198335,8,"KEYED PROCESS, Train->Infer, _stream_key_by_map_operator",5,numRecordsOutPerSecond,50.0
1784198335,8,"KEYED PROCESS, Train->Infer, _stream_key_by_map_operator",5,idleTimeMsPerSecond,557.0
1784198335,8,"KEYED PROCESS, Train->Infer, _stream_key_by_map_operator",5,numRecordsOut,46000.0
1784198335,8,"KEYED PROCESS, Train->Infer, _stream_key_by_map_operator",5,numRecordsIn,93.0
1784198335,8,"KEYED PROCESS, Train->Infer, _stream_key_by_map_operator",5,numRecordsInPerSecond,0.11666666666666667
1784198335,8,"KEYED PROCESS, Train->Infer, _stream_key_by_map_operator",5,backPressuredTimeMsPerSecond,0.0
1784198335,8,"KEYED PROCESS, Train->Infer, _stream_key_by_map_operator",6,busyTimeMsPerSecond,60.0
1784198335,8,"KEYED PROCESS, Train->Infer, _stream_key_by_map_operator",6,numRecordsOutPerSecond,8.333333333333334
1784198335,8,"KEYED PROCESS, Train->Infer, _stream_key_by_map_operator",6,idleTimeMsPerSecond,940.0
1784198335,8,"KEYED PROCESS, Train->Infer, _stream_key_by_map_operator",6,numRecordsOut,48000.0
1784198335,8,"KEYED PROCESS, Train->Infer, _stream_key_by_map_operator",6,numRecordsIn,96.0
1784198335,8,"KEYED PROCESS, Train->Infer, _stream_key_by_map_operator",6,numRecordsInPerSecond,0.016666666666666666
1784198335,8,"KEYED PROCESS, Train->Infer, _stream_key_by_map_operator",6,backPressuredTimeMsPerSecond,0.0
1784198335,8,"KEYED PROCESS, Train->Infer, _stream_key_by_map_operator",7,busyTimeMsPerSecond,242.0
1784198335,8,"KEYED PROCESS, Train->Infer, _stream_key_by_map_operator",7,numRecordsOutPerSecond,25.0
1784198335,8,"KEYED PROCESS, Train->Infer, _stream_key_by_map_operator",7,idleTimeMsPerSecond,692.0
1784198335,8,"KEYED PROCESS, Train->Infer, _stream_key_by_map_operator",7,numRecordsOut,48030.0
1784198335,8,"KEYED PROCESS, Train->Infer, _stream_key_by_map_operator",7,numRecordsIn,126.0
1784198335,8,"KEYED PROCESS, Train->Infer, _stream_key_by_map_operator",7,numRecordsInPerSecond,0.05
1784198335,8,"KEYED PROCESS, Train->Infer, _stream_key_by_map_operator",7,backPressuredTimeMsPerSecond,66.0
1784198335,8,"Infer->Rank, Rank->Filter, Filter -> Sink: Writer -> Sink: Committer",0,busyTimeMsPerSecond,1000.0
1784198335,8,"Infer->Rank, Rank->Filter, Filter -> Sink: Writer -> Sink: Committer",0,numRecordsOutPerSecond,32.166666666666664
1784198335,8,"Infer->Rank, Rank->Filter, Filter -> Sink: Writer -> Sink: Committer",0,idleTimeMsPerSecond,0.0
1784198335,8,"Infer->Rank, Rank->Filter, Filter -> Sink: Writer -> Sink: Committer",0,numRecordsOut,40814.0
1784198335,8,"Infer->Rank, Rank->Filter, Filter -> Sink: Writer -> Sink: Committer",0,numRecordsIn,47886.0
1784198335,8,"Infer->Rank, Rank->Filter, Filter -> Sink: Writer -> Sink: Committer",0,numRecordsInPerSecond,46.96666666666667
1784198335,8,"Infer->Rank, Rank->Filter, Filter -> Sink: Writer -> Sink: Committer",0,backPressuredTimeMsPerSecond,0.0
1784198335,8,"Infer->Rank, Rank->Filter, Filter -> Sink: Writer -> Sink: Committer",1,busyTimeMsPerSecond,994.0
1784198335,8,"Infer->Rank, Rank->Filter, Filter -> Sink: Writer -> Sink: Committer",1,numRecordsOutPerSecond,33.333333333333336
1784198335,8,"Infer->Rank, Rank->Filter, Filter -> Sink: Writer -> Sink: Committer",1,idleTimeMsPerSecond,6.0
1784198335,8,"Infer->Rank, Rank->Filter, Filter -> Sink: Writer -> Sink: Committer",1,numRecordsOut,39560.0
1784198335,8,"Infer->Rank, Rank->Filter, Filter -> Sink: Writer -> Sink: Committer",1,numRecordsIn,44631.0
1784198335,8,"Infer->Rank, Rank->Filter, Filter -> Sink: Writer -> Sink: Committer",1,numRecordsInPerSecond,41.55
1784198335,8,"Infer->Rank, Rank->Filter, Filter -> Sink: Writer -> Sink: Committer",1,backPressuredTimeMsPerSecond,0.0
1784198335,8,"Infer->Rank, Rank->Filter, Filter -> Sink: Writer -> Sink: Committer",2,busyTimeMsPerSecond,1000.0
1784198335,8,"Infer->Rank, Rank->Filter, Filter -> Sink: Writer -> Sink: Committer",2,numRecordsOutPerSecond,32.666666666666664
1784198335,8,"Infer->Rank, Rank->Filter, Filter -> Sink: Writer -> Sink: Committer",2,idleTimeMsPerSecond,0.0
1784198335,8,"Infer->Rank, Rank->Filter, Filter -> Sink: Writer -> Sink: Committer",2,numRecordsOut,42000.0
1784198335,8,"Infer->Rank, Rank->Filter, Filter -> Sink: Writer -> Sink: Committer",2,numRecordsIn,50334.0
1784198335,8,"Infer->Rank, Rank->Filter, Filter -> Sink: Writer -> Sink: Committer",2,numRecordsInPerSecond,54.2
1784198335,8,"Infer->Rank, Rank->Filter, Filter -> Sink: Writer -> Sink: Committer",2,backPressuredTimeMsPerSecond,0.0
1784198335,8,"Infer->Rank, Rank->Filter, Filter -> Sink: Writer -> Sink: Committer",3,busyTimeMsPerSecond,154.0
1784198335,8,"Infer->Rank, Rank->Filter, Filter -> Sink: Writer -> Sink: Committer",3,numRecordsOutPerSecond,8.333333333333334
1784198335,8,"Infer->Rank, Rank->Filter, Filter -> Sink: Writer -> Sink: Committer",3,idleTimeMsPerSecond,846.0
1784198335,8,"Infer->Rank, Rank->Filter, Filter -> Sink: Writer -> Sink: Committer",3,numRecordsOut,42500.0
1784198335,8,"Infer->Rank, Rank->Filter, Filter -> Sink: Writer -> Sink: Committer",3,numRecordsIn,50538.0
1784198335,8,"Infer->Rank, Rank->Filter, Filter -> Sink: Writer -> Sink: Committer",3,numRecordsInPerSecond,16.666666666666668
1784198335,8,"Infer->Rank, Rank->Filter, Filter -> Sink: Writer -> Sink: Committer",3,backPressuredTimeMsPerSecond,0.0
1784198335,8,"Infer->Rank, Rank->Filter, Filter -> Sink: Writer -> Sink: Committer",4,busyTimeMsPerSecond,773.0
1784198335,8,"Infer->Rank, Rank->Filter, Filter -> Sink: Writer -> Sink: Committer",4,numRecordsOutPerSecond,46.166666666666664
1784198335,8,"Infer->Rank, Rank->Filter, Filter -> Sink: Writer -> Sink: Committer",4,idleTimeMsPerSecond,227.0
1784198335,8,"Infer->Rank, Rank->Filter, Filter -> Sink: Writer -> Sink: Committer",4,numRecordsOut,33680.0
1784198335,8,"Infer->Rank, Rank->Filter, Filter -> Sink: Writer -> Sink: Committer",4,numRecordsIn,36289.0
1784198335,8,"Infer->Rank, Rank->Filter, Filter -> Sink: Writer -> Sink: Committer",4,numRecordsInPerSecond,54.333333333333336
1784198335,8,"Infer->Rank, Rank->Filter, Filter -> Sink: Writer -> Sink: Committer",4,backPressuredTimeMsPerSecond,0.0
1784198335,8,"Infer->Rank, Rank->Filter, Filter -> Sink: Writer -> Sink: Committer",5,busyTimeMsPerSecond,631.0
1784198335,8,"Infer->Rank, Rank->Filter, Filter -> Sink: Writer -> Sink: Committer",5,numRecordsOutPerSecond,24.166666666666668
1784198335,8,"Infer->Rank, Rank->Filter, Filter -> Sink: Writer -> Sink: Committer",5,idleTimeMsPerSecond,369.0
1784198335,8,"Infer->Rank, Rank->Filter, Filter -> Sink: Writer -> Sink: Committer",5,numRecordsOut,39480.0
1784198335,8,"Infer->Rank, Rank->Filter, Filter -> Sink: Writer -> Sink: Committer",5,numRecordsIn,45484.0
1784198335,8,"Infer->Rank, Rank->Filter, Filter -> Sink: Writer -> Sink: Committer",5,numRecordsInPerSecond,49.1
1784198335,8,"Infer->Rank, Rank->Filter, Filter -> Sink: Writer -> Sink: Committer",5,backPressuredTimeMsPerSecond,0.0
1784198335,8,"Infer->Rank, Rank->Filter, Filter -> Sink: Writer -> Sink: Committer",6,busyTimeMsPerSecond,79.0
1784198335,8,"Infer->Rank, Rank->Filter, Filter -> Sink: Writer -> Sink: Committer",6,numRecordsOutPerSecond,0.0
1784198335,8,"Infer->Rank, Rank->Filter, Filter -> Sink: Writer -> Sink: Committer",6,idleTimeMsPerSecond,921.0
1784198335,8,"Infer->Rank, Rank->Filter, Filter -> Sink: Writer -> Sink: Committer",6,numRecordsOut,41000.0
1784198335,8,"Infer->Rank, Rank->Filter, Filter -> Sink: Writer -> Sink: Committer",6,numRecordsIn,48000.0
1784198335,8,"Infer->Rank, Rank->Filter, Filter -> Sink: Writer -> Sink: Committer",6,numRecordsInPerSecond,8.333333333333334
1784198335,8,"Infer->Rank, Rank->Filter, Filter -> Sink: Writer -> Sink: Committer",6,backPressuredTimeMsPerSecond,0.0
1784198335,8,"Infer->Rank, Rank->Filter, Filter -> Sink: Writer -> Sink: Committer",7,busyTimeMsPerSecond,1000.0
1784198335,8,"Infer->Rank, Rank->Filter, Filter -> Sink: Writer -> Sink: Committer",7,numRecordsOutPerSecond,63.5
1784198335,8,"Infer->Rank, Rank->Filter, Filter -> Sink: Writer -> Sink: Committer",7,idleTimeMsPerSecond,0.0
1784198335,8,"Infer->Rank, Rank->Filter, Filter -> Sink: Writer -> Sink: Committer",7,numRecordsOut,45080.0
1784198335,8,"Infer->Rank, Rank->Filter, Filter -> Sink: Writer -> Sink: Committer",7,numRecordsIn,47124.0
1784198335,8,"Infer->Rank, Rank->Filter, Filter -> Sink: Writer -> Sink: Committer",7,numRecordsInPerSecond,63.483333333333334
1784198335,8,"Infer->Rank, Rank->Filter, Filter -> Sink: Writer -> Sink: Committer",7,backPressuredTimeMsPerSecond,0.0
1784198350,8,"Source: Source-data -> LoadJSON, Parse, _stream_key_by_map_operator",0,busyTimeMsPerSecond,1.0
1784198350,8,"Source: Source-data -> LoadJSON, Parse, _stream_key_by_map_operator",0,numRecordsOutPerSecond,0.016666666666666666
1784198350,8,"Source: Source-data -> LoadJSON, Parse, _stream_key_by_map_operator",0,idleTimeMsPerSecond,873.0
1784198350,8,"Source: Source-data -> LoadJSON, Parse, _stream_key_by_map_operator",0,numRecordsOut,6132.0
1784198350,8,"Source: Source-data -> LoadJSON, Parse, _stream_key_by_map_operator",0,numRecordsIn,6132.0
1784198350,8,"Source: Source-data -> LoadJSON, Parse, _stream_key_by_map_operator",0,numRecordsInPerSecond,0.016666666666666666
1784198350,8,"Source: Source-data -> LoadJSON, Parse, _stream_key_by_map_operator",0,backPressuredTimeMsPerSecond,126.0
1784198350,8,"Source: Source-data -> LoadJSON, Parse, _stream_key_by_map_operator",1,busyTimeMsPerSecond,0.0
1784198350,8,"Source: Source-data -> LoadJSON, Parse, _stream_key_by_map_operator",1,numRecordsOutPerSecond,0.0
1784198350,8,"Source: Source-data -> LoadJSON, Parse, _stream_key_by_map_operator",1,idleTimeMsPerSecond,0.0
1784198350,8,"Source: Source-data -> LoadJSON, Parse, _stream_key_by_map_operator",1,numRecordsOut,6028.0
1784198350,8,"Source: Source-data -> LoadJSON, Parse, _stream_key_by_map_operator",1,numRecordsIn,6028.0
1784198350,8,"Source: Source-data -> LoadJSON, Parse, _stream_key_by_map_operator",1,numRecordsInPerSecond,0.0
1784198350,8,"Source: Source-data -> LoadJSON, Parse, _stream_key_by_map_operator",1,backPressuredTimeMsPerSecond,1000.0
1784198350,8,"Source: Source-data -> LoadJSON, Parse, _stream_key_by_map_operator",2,busyTimeMsPerSecond,0.0
1784198350,8,"Source: Source-data -> LoadJSON, Parse, _stream_key_by_map_operator",2,numRecordsOutPerSecond,0.0
1784198350,8,"Source: Source-data -> LoadJSON, Parse, _stream_key_by_map_operator",2,idleTimeMsPerSecond,0.0
1784198350,8,"Source: Source-data -> LoadJSON, Parse, _stream_key_by_map_operator",2,numRecordsOut,6234.0
1784198350,8,"Source: Source-data -> LoadJSON, Parse, _stream_key_by_map_operator",2,numRecordsIn,6234.0
1784198350,8,"Source: Source-data -> LoadJSON, Parse, _stream_key_by_map_operator",2,numRecordsInPerSecond,0.0
1784198350,8,"Source: Source-data -> LoadJSON, Parse, _stream_key_by_map_operator",2,backPressuredTimeMsPerSecond,1000.0
1784198350,8,"Source: Source-data -> LoadJSON, Parse, _stream_key_by_map_operator",3,busyTimeMsPerSecond,0.0
1784198350,8,"Source: Source-data -> LoadJSON, Parse, _stream_key_by_map_operator",3,numRecordsOutPerSecond,0.0
1784198350,8,"Source: Source-data -> LoadJSON, Parse, _stream_key_by_map_operator",3,idleTimeMsPerSecond,0.0
1784198350,8,"Source: Source-data -> LoadJSON, Parse, _stream_key_by_map_operator",3,numRecordsOut,6021.0
1784198350,8,"Source: Source-data -> LoadJSON, Parse, _stream_key_by_map_operator",3,numRecordsIn,6021.0
1784198350,8,"Source: Source-data -> LoadJSON, Parse, _stream_key_by_map_operator",3,numRecordsInPerSecond,0.0
1784198350,8,"Source: Source-data -> LoadJSON, Parse, _stream_key_by_map_operator",3,backPressuredTimeMsPerSecond,1000.0
1784198350,8,"Source: Source-data -> LoadJSON, Parse, _stream_key_by_map_operator",4,busyTimeMsPerSecond,0.0
1784198350,8,"Source: Source-data -> LoadJSON, Parse, _stream_key_by_map_operator",4,numRecordsOutPerSecond,0.0
1784198350,8,"Source: Source-data -> LoadJSON, Parse, _stream_key_by_map_operator",4,idleTimeMsPerSecond,0.0
1784198350,8,"Source: Source-data -> LoadJSON, Parse, _stream_key_by_map_operator",4,numRecordsOut,6068.0
1784198350,8,"Source: Source-data -> LoadJSON, Parse, _stream_key_by_map_operator",4,numRecordsIn,6068.0
1784198350,8,"Source: Source-data -> LoadJSON, Parse, _stream_key_by_map_operator",4,numRecordsInPerSecond,0.0
1784198350,8,"Source: Source-data -> LoadJSON, Parse, _stream_key_by_map_operator",4,backPressuredTimeMsPerSecond,1000.0
1784198350,8,"Source: Source-data -> LoadJSON, Parse, _stream_key_by_map_operator",5,busyTimeMsPerSecond,1.0
1784198350,8,"Source: Source-data -> LoadJSON, Parse, _stream_key_by_map_operator",5,numRecordsOutPerSecond,0.016666666666666666
1784198350,8,"Source: Source-data -> LoadJSON, Parse, _stream_key_by_map_operator",5,idleTimeMsPerSecond,999.0
1784198350,8,"Source: Source-data -> LoadJSON, Parse, _stream_key_by_map_operator",5,numRecordsOut,6103.0
1784198350,8,"Source: Source-data -> LoadJSON, Parse, _stream_key_by_map_operator",5,numRecordsIn,6103.0
1784198350,8,"Source: Source-data -> LoadJSON, Parse, _stream_key_by_map_operator",5,numRecordsInPerSecond,0.016666666666666666
1784198350,8,"Source: Source-data -> LoadJSON, Parse, _stream_key_by_map_operator",5,backPressuredTimeMsPerSecond,0.0
1784198350,8,"Source: Source-data -> LoadJSON, Parse, _stream_key_by_map_operator",6,busyTimeMsPerSecond,0.0
1784198350,8,"Source: Source-data -> LoadJSON, Parse, _stream_key_by_map_operator",6,numRecordsOutPerSecond,0.0
1784198350,8,"Source: Source-data -> LoadJSON, Parse, _stream_key_by_map_operator",6,idleTimeMsPerSecond,0.0
1784198350,8,"Source: Source-data -> LoadJSON, Parse, _stream_key_by_map_operator",6,numRecordsOut,6065.0
1784198350,8,"Source: Source-data -> LoadJSON, Parse, _stream_key_by_map_operator",6,numRecordsIn,6065.0
1784198350,8,"Source: Source-data -> LoadJSON, Parse, _stream_key_by_map_operator",6,numRecordsInPerSecond,0.0
1784198350,8,"Source: Source-data -> LoadJSON, Parse, _stream_key_by_map_operator",6,backPressuredTimeMsPerSecond,1000.0
1784198350,8,"Source: Source-data -> LoadJSON, Parse, _stream_key_by_map_operator",7,busyTimeMsPerSecond,0.0
1784198350,8,"Source: Source-data -> LoadJSON, Parse, _stream_key_by_map_operator",7,numRecordsOutPerSecond,0.0
1784198350,8,"Source: Source-data -> LoadJSON, Parse, _stream_key_by_map_operator",7,idleTimeMsPerSecond,0.0
1784198350,8,"Source: Source-data -> LoadJSON, Parse, _stream_key_by_map_operator",7,numRecordsOut,5972.0
1784198350,8,"Source: Source-data -> LoadJSON, Parse, _stream_key_by_map_operator",7,numRecordsIn,5972.0
1784198350,8,"Source: Source-data -> LoadJSON, Parse, _stream_key_by_map_operator",7,numRecordsInPerSecond,0.0
1784198350,8,"Source: Source-data -> LoadJSON, Parse, _stream_key_by_map_operator",7,backPressuredTimeMsPerSecond,1000.0
1784198350,8,"KEYED PROCESS, Parse->Train, _stream_key_by_map_operator",0,busyTimeMsPerSecond,609.0
1784198350,8,"KEYED PROCESS, Parse->Train, _stream_key_by_map_operator",0,numRecordsOutPerSecond,0.18333333333333332
1784198350,8,"KEYED PROCESS, Parse->Train, _stream_key_by_map_operator",0,idleTimeMsPerSecond,0.0
1784198350,8,"KEYED PROCESS, Parse->Train, _stream_key_by_map_operator",0,numRecordsOut,213.0
1784198350,8,"KEYED PROCESS, Parse->Train, _stream_key_by_map_operator",0,numRecordsIn,214.0
1784198350,8,"KEYED PROCESS, Parse->Train, _stream_key_by_map_operator",0,numRecordsInPerSecond,0.18333333333333332
1784198350,8,"KEYED PROCESS, Parse->Train, _stream_key_by_map_operator",0,backPressuredTimeMsPerSecond,391.0
1784198350,8,"KEYED PROCESS, Parse->Train, _stream_key_by_map_operator",1,busyTimeMsPerSecond,496.0
1784198350,8,"KEYED PROCESS, Parse->Train, _stream_key_by_map_operator",1,numRecordsOutPerSecond,0.13333333333333333
1784198350,8,"KEYED PROCESS, Parse->Train, _stream_key_by_map_operator",1,idleTimeMsPerSecond,0.0
1784198350,8,"KEYED PROCESS, Parse->Train, _stream_key_by_map_operator",1,numRecordsOut,212.0
1784198350,8,"KEYED PROCESS, Parse->Train, _stream_key_by_map_operator",1,numRecordsIn,213.0
1784198350,8,"KEYED PROCESS, Parse->Train, _stream_key_by_map_operator",1,numRecordsInPerSecond,0.13333333333333333
1784198350,8,"KEYED PROCESS, Parse->Train, _stream_key_by_map_operator",1,backPressuredTimeMsPerSecond,504.0
1784198350,8,"KEYED PROCESS, Parse->Train, _stream_key_by_map_operator",2,busyTimeMsPerSecond,451.0
1784198350,8,"KEYED PROCESS, Parse->Train, _stream_key_by_map_operator",2,numRecordsOutPerSecond,0.13333333333333333
1784198350,8,"KEYED PROCESS, Parse->Train, _stream_key_by_map_operator",2,idleTimeMsPerSecond,0.0
1784198350,8,"KEYED PROCESS, Parse->Train, _stream_key_by_map_operator",2,numRecordsOut,169.0
1784198350,8,"KEYED PROCESS, Parse->Train, _stream_key_by_map_operator",2,numRecordsIn,170.0
1784198350,8,"KEYED PROCESS, Parse->Train, _stream_key_by_map_operator",2,numRecordsInPerSecond,0.13333333333333333
1784198350,8,"KEYED PROCESS, Parse->Train, _stream_key_by_map_operator",2,backPressuredTimeMsPerSecond,549.0
1784198350,8,"KEYED PROCESS, Parse->Train, _stream_key_by_map_operator",3,busyTimeMsPerSecond,0.0
1784198350,8,"KEYED PROCESS, Parse->Train, _stream_key_by_map_operator",3,numRecordsOutPerSecond,0.0
1784198350,8,"KEYED PROCESS, Parse->Train, _stream_key_by_map_operator",3,idleTimeMsPerSecond,1000.0
1784198350,8,"KEYED PROCESS, Parse->Train, _stream_key_by_map_operator",3,numRecordsOut,0.0
1784198350,8,"KEYED PROCESS, Parse->Train, _stream_key_by_map_operator",3,numRecordsIn,0.0
1784198350,8,"KEYED PROCESS, Parse->Train, _stream_key_by_map_operator",3,numRecordsInPerSecond,0.0
1784198350,8,"KEYED PROCESS, Parse->Train, _stream_key_by_map_operator",3,backPressuredTimeMsPerSecond,0.0
1784198350,8,"KEYED PROCESS, Parse->Train, _stream_key_by_map_operator",4,busyTimeMsPerSecond,403.0
1784198350,8,"KEYED PROCESS, Parse->Train, _stream_key_by_map_operator",4,numRecordsOutPerSecond,0.13333333333333333
1784198350,8,"KEYED PROCESS, Parse->Train, _stream_key_by_map_operator",4,idleTimeMsPerSecond,0.0
1784198350,8,"KEYED PROCESS, Parse->Train, _stream_key_by_map_operator",4,numRecordsOut,241.0
1784198350,8,"KEYED PROCESS, Parse->Train, _stream_key_by_map_operator",4,numRecordsIn,242.0
1784198350,8,"KEYED PROCESS, Parse->Train, _stream_key_by_map_operator",4,numRecordsInPerSecond,0.13333333333333333
1784198350,8,"KEYED PROCESS, Parse->Train, _stream_key_by_map_operator",4,backPressuredTimeMsPerSecond,597.0
1784198350,8,"KEYED PROCESS, Parse->Train, _stream_key_by_map_operator",5,busyTimeMsPerSecond,0.0
1784198350,8,"KEYED PROCESS, Parse->Train, _stream_key_by_map_operator",5,numRecordsOutPerSecond,0.0
1784198350,8,"KEYED PROCESS, Parse->Train, _stream_key_by_map_operator",5,idleTimeMsPerSecond,1000.0
1784198350,8,"KEYED PROCESS, Parse->Train, _stream_key_by_map_operator",5,numRecordsOut,0.0
1784198350,8,"KEYED PROCESS, Parse->Train, _stream_key_by_map_operator",5,numRecordsIn,0.0
1784198350,8,"KEYED PROCESS, Parse->Train, _stream_key_by_map_operator",5,numRecordsInPerSecond,0.0
1784198350,8,"KEYED PROCESS, Parse->Train, _stream_key_by_map_operator",5,backPressuredTimeMsPerSecond,0.0
1784198350,8,"KEYED PROCESS, Parse->Train, _stream_key_by_map_operator",6,busyTimeMsPerSecond,0.0
1784198350,8,"KEYED PROCESS, Parse->Train, _stream_key_by_map_operator",6,numRecordsOutPerSecond,0.0
1784198350,8,"KEYED PROCESS, Parse->Train, _stream_key_by_map_operator",6,idleTimeMsPerSecond,1000.0
1784198350,8,"KEYED PROCESS, Parse->Train, _stream_key_by_map_operator",6,numRecordsOut,0.0
1784198350,8,"KEYED PROCESS, Parse->Train, _stream_key_by_map_operator",6,numRecordsIn,0.0
1784198350,8,"KEYED PROCESS, Parse->Train, _stream_key_by_map_operator",6,numRecordsInPerSecond,0.0
1784198350,8,"KEYED PROCESS, Parse->Train, _stream_key_by_map_operator",6,backPressuredTimeMsPerSecond,0.0
1784198350,8,"KEYED PROCESS, Parse->Train, _stream_key_by_map_operator",7,busyTimeMsPerSecond,442.0
1784198350,8,"KEYED PROCESS, Parse->Train, _stream_key_by_map_operator",7,numRecordsOutPerSecond,0.15
1784198350,8,"KEYED PROCESS, Parse->Train, _stream_key_by_map_operator",7,idleTimeMsPerSecond,0.0
1784198350,8,"KEYED PROCESS, Parse->Train, _stream_key_by_map_operator",7,numRecordsOut,175.0
1784198350,8,"KEYED PROCESS, Parse->Train, _stream_key_by_map_operator",7,numRecordsIn,176.0
1784198350,8,"KEYED PROCESS, Parse->Train, _stream_key_by_map_operator",7,numRecordsInPerSecond,0.15
1784198350,8,"KEYED PROCESS, Parse->Train, _stream_key_by_map_operator",7,backPressuredTimeMsPerSecond,558.0
1784198350,8,"KEYED PROCESS, Train->Infer, _stream_key_by_map_operator",0,busyTimeMsPerSecond,574.0
1784198350,8,"KEYED PROCESS, Train->Infer, _stream_key_by_map_operator",0,numRecordsOutPerSecond,50.0
1784198350,8,"KEYED PROCESS, Train->Infer, _stream_key_by_map_operator",0,idleTimeMsPerSecond,0.0
1784198350,8,"KEYED PROCESS, Train->Infer, _stream_key_by_map_operator",0,numRecordsOut,51881.0
1784198350,8,"KEYED PROCESS, Train->Infer, _stream_key_by_map_operator",0,numRecordsIn,165.0
1784198350,8,"KEYED PROCESS, Train->Infer, _stream_key_by_map_operator",0,numRecordsInPerSecond,0.1
1784198350,8,"KEYED PROCESS, Train->Infer, _stream_key_by_map_operator",0,backPressuredTimeMsPerSecond,426.0
1784198350,8,"KEYED PROCESS, Train->Infer, _stream_key_by_map_operator",1,busyTimeMsPerSecond,825.0
1784198350,8,"KEYED PROCESS, Train->Infer, _stream_key_by_map_operator",1,numRecordsOutPerSecond,91.66666666666667
1784198350,8,"KEYED PROCESS, Train->Infer, _stream_key_by_map_operator",1,idleTimeMsPerSecond,67.0
1784198350,8,"KEYED PROCESS, Train->Infer, _stream_key_by_map_operator",1,numRecordsOut,48559.0
1784198350,8,"KEYED PROCESS, Train->Infer, _stream_key_by_map_operator",1,numRecordsIn,158.0
1784198350,8,"KEYED PROCESS, Train->Infer, _stream_key_by_map_operator",1,numRecordsInPerSecond,0.18333333333333332
1784198350,8,"KEYED PROCESS, Train->Infer, _stream_key_by_map_operator",1,backPressuredTimeMsPerSecond,108.0
1784198350,8,"KEYED PROCESS, Train->Infer, _stream_key_by_map_operator",2,busyTimeMsPerSecond,522.0
1784198350,8,"KEYED PROCESS, Train->Infer, _stream_key_by_map_operator",2,numRecordsOutPerSecond,50.0
1784198350,8,"KEYED PROCESS, Train->Infer, _stream_key_by_map_operator",2,idleTimeMsPerSecond,0.0
1784198350,8,"KEYED PROCESS, Train->Infer, _stream_key_by_map_operator",2,numRecordsOut,54015.0
1784198350,8,"KEYED PROCESS, Train->Infer, _stream_key_by_map_operator",2,numRecordsIn,124.0
1784198350,8,"KEYED PROCESS, Train->Infer, _stream_key_by_map_operator",2,numRecordsInPerSecond,0.11666666666666667
1784198350,8,"KEYED PROCESS, Train->Infer, _stream_key_by_map_operator",2,backPressuredTimeMsPerSecond,478.0
1784198350,8,"KEYED PROCESS, Train->Infer, _stream_key_by_map_operator",3,busyTimeMsPerSecond,194.0
1784198350,8,"KEYED PROCESS, Train->Infer, _stream_key_by_map_operator",3,numRecordsOutPerSecond,25.0
1784198350,8,"KEYED PROCESS, Train->Infer, _stream_key_by_map_operator",3,idleTimeMsPerSecond,806.0
1784198350,8,"KEYED PROCESS, Train->Infer, _stream_key_by_map_operator",3,numRecordsOut,51500.0
1784198350,8,"KEYED PROCESS, Train->Infer, _stream_key_by_map_operator",3,numRecordsIn,103.0
1784198350,8,"KEYED PROCESS, Train->Infer, _stream_key_by_map_operator",3,numRecordsInPerSecond,0.05
1784198350,8,"KEYED PROCESS, Train->Infer, _stream_key_by_map_operator",3,backPressuredTimeMsPerSecond,0.0
1784198350,8,"KEYED PROCESS, Train->Infer, _stream_key_by_map_operator",4,busyTimeMsPerSecond,209.0
1784198350,8,"KEYED PROCESS, Train->Infer, _stream_key_by_map_operator",4,numRecordsOutPerSecond,25.0
1784198350,8,"KEYED PROCESS, Train->Infer, _stream_key_by_map_operator",4,idleTimeMsPerSecond,791.0
1784198350,8,"KEYED PROCESS, Train->Infer, _stream_key_by_map_operator",4,numRecordsOut,36575.0
1784198350,8,"KEYED PROCESS, Train->Infer, _stream_key_by_map_operator",4,numRecordsIn,148.0
1784198350,8,"KEYED PROCESS, Train->Infer, _stream_key_by_map_operator",4,numRecordsInPerSecond,0.05
1784198350,8,"KEYED PROCESS, Train->Infer, _stream_key_by_map_operator",4,backPressuredTimeMsPerSecond,0.0
1784198350,8,"KEYED PROCESS, Train->Infer, _stream_key_by_map_operator",5,busyTimeMsPerSecond,396.0
1784198350,8,"KEYED PROCESS, Train->Infer, _stream_key_by_map_operator",5,numRecordsOutPerSecond,50.0
1784198350,8,"KEYED PROCESS, Train->Infer, _stream_key_by_map_operator",5,idleTimeMsPerSecond,604.0
1784198350,8,"KEYED PROCESS, Train->Infer, _stream_key_by_map_operator",5,numRecordsOut,47000.0
1784198350,8,"KEYED PROCESS, Train->Infer, _stream_key_by_map_operator",5,numRecordsIn,95.0
1784198350,8,"KEYED PROCESS, Train->Infer, _stream_key_by_map_operator",5,numRecordsInPerSecond,0.1
1784198350,8,"KEYED PROCESS, Train->Infer, _stream_key_by_map_operator",5,backPressuredTimeMsPerSecond,0.0
1784198350,8,"KEYED PROCESS, Train->Infer, _stream_key_by_map_operator",6,busyTimeMsPerSecond,0.0
1784198350,8,"KEYED PROCESS, Train->Infer, _stream_key_by_map_operator",6,numRecordsOutPerSecond,0.0
1784198350,8,"KEYED PROCESS, Train->Infer, _stream_key_by_map_operator",6,idleTimeMsPerSecond,1000.0
1784198350,8,"KEYED PROCESS, Train->Infer, _stream_key_by_map_operator",6,numRecordsOut,48000.0
1784198350,8,"KEYED PROCESS, Train->Infer, _stream_key_by_map_operator",6,numRecordsIn,96.0
1784198350,8,"KEYED PROCESS, Train->Infer, _stream_key_by_map_operator",6,numRecordsInPerSecond,0.0
1784198350,8,"KEYED PROCESS, Train->Infer, _stream_key_by_map_operator",6,backPressuredTimeMsPerSecond,0.0
1784198350,8,"KEYED PROCESS, Train->Infer, _stream_key_by_map_operator",7,busyTimeMsPerSecond,400.0
1784198350,8,"KEYED PROCESS, Train->Infer, _stream_key_by_map_operator",7,numRecordsOutPerSecond,41.666666666666664
1784198350,8,"KEYED PROCESS, Train->Infer, _stream_key_by_map_operator",7,idleTimeMsPerSecond,600.0
1784198350,8,"KEYED PROCESS, Train->Infer, _stream_key_by_map_operator",7,numRecordsOut,49030.0
1784198350,8,"KEYED PROCESS, Train->Infer, _stream_key_by_map_operator",7,numRecordsIn,129.0
1784198350,8,"KEYED PROCESS, Train->Infer, _stream_key_by_map_operator",7,numRecordsInPerSecond,0.1
1784198350,8,"KEYED PROCESS, Train->Infer, _stream_key_by_map_operator",7,backPressuredTimeMsPerSecond,0.0
1784198350,8,"Infer->Rank, Rank->Filter, Filter -> Sink: Writer -> Sink: Committer",0,busyTimeMsPerSecond,1000.0
1784198350,8,"Infer->Rank, Rank->Filter, Filter -> Sink: Writer -> Sink: Committer",0,numRecordsOutPerSecond,32.166666666666664
1784198350,8,"Infer->Rank, Rank->Filter, Filter -> Sink: Writer -> Sink: Committer",0,idleTimeMsPerSecond,0.0
1784198350,8,"Infer->Rank, Rank->Filter, Filter -> Sink: Writer -> Sink: Committer",0,numRecordsOut,41314.0
1784198350,8,"Infer->Rank, Rank->Filter, Filter -> Sink: Writer -> Sink: Committer",0,numRecordsIn,48836.0
1784198350,8,"Infer->Rank, Rank->Filter, Filter -> Sink: Writer -> Sink: Committer",0,numRecordsInPerSecond,51.95
1784198350,8,"Infer->Rank, Rank->Filter, Filter -> Sink: Writer -> Sink: Committer",0,backPressuredTimeMsPerSecond,0.0
1784198350,8,"Infer->Rank, Rank->Filter, Filter -> Sink: Writer -> Sink: Committer",1,busyTimeMsPerSecond,1000.0
1784198350,8,"Infer->Rank, Rank->Filter, Filter -> Sink: Writer -> Sink: Committer",1,numRecordsOutPerSecond,43.5
1784198350,8,"Infer->Rank, Rank->Filter, Filter -> Sink: Writer -> Sink: Committer",1,idleTimeMsPerSecond,0.0
1784198350,8,"Infer->Rank, Rank->Filter, Filter -> Sink: Writer -> Sink: Committer",1,numRecordsOut,40460.0
1784198350,8,"Infer->Rank, Rank->Filter, Filter -> Sink: Writer -> Sink: Committer",1,numRecordsIn,45539.0
1784198350,8,"Infer->Rank, Rank->Filter, Filter -> Sink: Writer -> Sink: Committer",1,numRecordsInPerSecond,51.8
1784198350,8,"Infer->Rank, Rank->Filter, Filter -> Sink: Writer -> Sink: Committer",1,backPressuredTimeMsPerSecond,0.0
1784198350,8,"Infer->Rank, Rank->Filter, Filter -> Sink: Writer -> Sink: Committer",2,busyTimeMsPerSecond,1000.0
1784198350,8,"Infer->Rank, Rank->Filter, Filter -> Sink: Writer -> Sink: Committer",2,numRecordsOutPerSecond,27.5
1784198350,8,"Infer->Rank, Rank->Filter, Filter -> Sink: Writer -> Sink: Committer",2,idleTimeMsPerSecond,0.0
1784198350,8,"Infer->Rank, Rank->Filter, Filter -> Sink: Writer -> Sink: Committer",2,numRecordsOut,42580.0
1784198350,8,"Infer->Rank, Rank->Filter, Filter -> Sink: Writer -> Sink: Committer",2,numRecordsIn,51104.0
1784198350,8,"Infer->Rank, Rank->Filter, Filter -> Sink: Writer -> Sink: Committer",2,numRecordsInPerSecond,52.483333333333334
1784198350,8,"Infer->Rank, Rank->Filter, Filter -> Sink: Writer -> Sink: Committer",2,backPressuredTimeMsPerSecond,0.0
1784198350,8,"Infer->Rank, Rank->Filter, Filter -> Sink: Writer -> Sink: Committer",3,busyTimeMsPerSecond,157.0
1784198350,8,"Infer->Rank, Rank->Filter, Filter -> Sink: Writer -> Sink: Committer",3,numRecordsOutPerSecond,1.3333333333333333
1784198350,8,"Infer->Rank, Rank->Filter, Filter -> Sink: Writer -> Sink: Committer",3,idleTimeMsPerSecond,843.0
1784198350,8,"Infer->Rank, Rank->Filter, Filter -> Sink: Writer -> Sink: Committer",3,numRecordsOut,42870.0
1784198350,8,"Infer->Rank, Rank->Filter, Filter -> Sink: Writer -> Sink: Committer",3,numRecordsIn,51373.0
1784198350,8,"Infer->Rank, Rank->Filter, Filter -> Sink: Writer -> Sink: Committer",3,numRecordsInPerSecond,18.066666666666666
1784198350,8,"Infer->Rank, Rank->Filter, Filter -> Sink: Writer -> Sink: Committer",3,backPressuredTimeMsPerSecond,0.0
1784198350,8,"Infer->Rank, Rank->Filter, Filter -> Sink: Writer -> Sink: Committer",4,busyTimeMsPerSecond,614.0
1784198350,8,"Infer->Rank, Rank->Filter, Filter -> Sink: Writer -> Sink: Committer",4,numRecordsOutPerSecond,39.333333333333336
1784198350,8,"Infer->Rank, Rank->Filter, Filter -> Sink: Writer -> Sink: Committer",4,idleTimeMsPerSecond,386.0
1784198350,8,"Infer->Rank, Rank->Filter, Filter -> Sink: Writer -> Sink: Committer",4,numRecordsOut,33970.0
1784198350,8,"Infer->Rank, Rank->Filter, Filter -> Sink: Writer -> Sink: Committer",4,numRecordsIn,36575.0
1784198350,8,"Infer->Rank, Rank->Filter, Filter -> Sink: Writer -> Sink: Committer",4,numRecordsInPerSecond,47.516666666666666
1784198350,8,"Infer->Rank, Rank->Filter, Filter -> Sink: Writer -> Sink: Committer",4,backPressuredTimeMsPerSecond,0.0
1784198350,8,"Infer->Rank, Rank->Filter, Filter -> Sink: Writer -> Sink: Committer",5,busyTimeMsPerSecond,609.0
1784198350,8,"Infer->Rank, Rank->Filter, Filter -> Sink: Writer -> Sink: Committer",5,numRecordsOutPerSecond,33.333333333333336
1784198350,8,"Infer->Rank, Rank->Filter, Filter -> Sink: Writer -> Sink: Committer",5,idleTimeMsPerSecond,391.0
1784198350,8,"Infer->Rank, Rank->Filter, Filter -> Sink: Writer -> Sink: Committer",5,numRecordsOut,40000.0
1784198350,8,"Infer->Rank, Rank->Filter, Filter -> Sink: Writer -> Sink: Committer",5,numRecordsIn,46670.0
1784198350,8,"Infer->Rank, Rank->Filter, Filter -> Sink: Writer -> Sink: Committer",5,numRecordsInPerSecond,51.71666666666667
1784198350,8,"Infer->Rank, Rank->Filter, Filter -> Sink: Writer -> Sink: Committer",5,backPressuredTimeMsPerSecond,0.0
1784198350,8,"Infer->Rank, Rank->Filter, Filter -> Sink: Writer -> Sink: Committer",6,busyTimeMsPerSecond,0.0
1784198350,8,"Infer->Rank, Rank->Filter, Filter -> Sink: Writer -> Sink: Committer",6,numRecordsOutPerSecond,0.0
1784198350,8,"Infer->Rank, Rank->Filter, Filter -> Sink: Writer -> Sink: Committer",6,idleTimeMsPerSecond,1000.0
1784198350,8,"Infer->Rank, Rank->Filter, Filter -> Sink: Writer -> Sink: Committer",6,numRecordsOut,41000.0
1784198350,8,"Infer->Rank, Rank->Filter, Filter -> Sink: Writer -> Sink: Committer",6,numRecordsIn,48000.0
1784198350,8,"Infer->Rank, Rank->Filter, Filter -> Sink: Writer -> Sink: Committer",6,numRecordsInPerSecond,0.0
1784198350,8,"Infer->Rank, Rank->Filter, Filter -> Sink: Writer -> Sink: Committer",6,backPressuredTimeMsPerSecond,0.0
1784198350,8,"Infer->Rank, Rank->Filter, Filter -> Sink: Writer -> Sink: Committer",7,busyTimeMsPerSecond,1000.0
1784198350,8,"Infer->Rank, Rank->Filter, Filter -> Sink: Writer -> Sink: Committer",7,numRecordsOutPerSecond,58.666666666666664
1784198350,8,"Infer->Rank, Rank->Filter, Filter -> Sink: Writer -> Sink: Committer",7,idleTimeMsPerSecond,0.0
1784198350,8,"Infer->Rank, Rank->Filter, Filter -> Sink: Writer -> Sink: Committer",7,numRecordsOut,45490.0
1784198350,8,"Infer->Rank, Rank->Filter, Filter -> Sink: Writer -> Sink: Committer",7,numRecordsIn,47814.0
1784198350,8,"Infer->Rank, Rank->Filter, Filter -> Sink: Writer -> Sink: Committer",7,numRecordsInPerSecond,62.11666666666667
1784198350,8,"Infer->Rank, Rank->Filter, Filter -> Sink: Writer -> Sink: Committer",7,backPressuredTimeMsPerSecond,0.0
1784198365,8,"Source: Source-data -> LoadJSON, Parse, _stream_key_by_map_operator",0,busyTimeMsPerSecond,1.0
1784198365,8,"Source: Source-data -> LoadJSON, Parse, _stream_key_by_map_operator",0,numRecordsOutPerSecond,0.016666666666666666
1784198365,8,"Source: Source-data -> LoadJSON, Parse, _stream_key_by_map_operator",0,idleTimeMsPerSecond,623.0
1784198365,8,"Source: Source-data -> LoadJSON, Parse, _stream_key_by_map_operator",0,numRecordsOut,6132.0
1784198365,8,"Source: Source-data -> LoadJSON, Parse, _stream_key_by_map_operator",0,numRecordsIn,6132.0
1784198365,8,"Source: Source-data -> LoadJSON, Parse, _stream_key_by_map_operator",0,numRecordsInPerSecond,0.016666666666666666
1784198365,8,"Source: Source-data -> LoadJSON, Parse, _stream_key_by_map_operator",0,backPressuredTimeMsPerSecond,376.0
1784198365,8,"Source: Source-data -> LoadJSON, Parse, _stream_key_by_map_operator",1,busyTimeMsPerSecond,0.0
1784198365,8,"Source: Source-data -> LoadJSON, Parse, _stream_key_by_map_operator",1,numRecordsOutPerSecond,0.0
1784198365,8,"Source: Source-data -> LoadJSON, Parse, _stream_key_by_map_operator",1,idleTimeMsPerSecond,0.0
1784198365,8,"Source: Source-data -> LoadJSON, Parse, _stream_key_by_map_operator",1,numRecordsOut,6028.0
1784198365,8,"Source: Source-data -> LoadJSON, Parse, _stream_key_by_map_operator",1,numRecordsIn,6028.0
1784198365,8,"Source: Source-data -> LoadJSON, Parse, _stream_key_by_map_operator",1,numRecordsInPerSecond,0.0
1784198365,8,"Source: Source-data -> LoadJSON, Parse, _stream_key_by_map_operator",1,backPressuredTimeMsPerSecond,1000.0
1784198365,8,"Source: Source-data -> LoadJSON, Parse, _stream_key_by_map_operator",2,busyTimeMsPerSecond,0.0
1784198365,8,"Source: Source-data -> LoadJSON, Parse, _stream_key_by_map_operator",2,numRecordsOutPerSecond,0.0
1784198365,8,"Source: Source-data -> LoadJSON, Parse, _stream_key_by_map_operator",2,idleTimeMsPerSecond,0.0
1784198365,8,"Source: Source-data -> LoadJSON, Parse, _stream_key_by_map_operator",2,numRecordsOut,6234.0
1784198365,8,"Source: Source-data -> LoadJSON, Parse, _stream_key_by_map_operator",2,numRecordsIn,6234.0
1784198365,8,"Source: Source-data -> LoadJSON, Parse, _stream_key_by_map_operator",2,numRecordsInPerSecond,0.0
1784198365,8,"Source: Source-data -> LoadJSON, Parse, _stream_key_by_map_operator",2,backPressuredTimeMsPerSecond,1000.0
1784198365,8,"Source: Source-data -> LoadJSON, Parse, _stream_key_by_map_operator",3,busyTimeMsPerSecond,0.0
1784198365,8,"Source: Source-data -> LoadJSON, Parse, _stream_key_by_map_operator",3,numRecordsOutPerSecond,0.0
1784198365,8,"Source: Source-data -> LoadJSON, Parse, _stream_key_by_map_operator",3,idleTimeMsPerSecond,0.0
1784198365,8,"Source: Source-data -> LoadJSON, Parse, _stream_key_by_map_operator",3,numRecordsOut,6021.0
1784198365,8,"Source: Source-data -> LoadJSON, Parse, _stream_key_by_map_operator",3,numRecordsIn,6021.0
1784198365,8,"Source: Source-data -> LoadJSON, Parse, _stream_key_by_map_operator",3,numRecordsInPerSecond,0.0
1784198365,8,"Source: Source-data -> LoadJSON, Parse, _stream_key_by_map_operator",3,backPressuredTimeMsPerSecond,1000.0
1784198365,8,"Source: Source-data -> LoadJSON, Parse, _stream_key_by_map_operator",4,busyTimeMsPerSecond,0.0
1784198365,8,"Source: Source-data -> LoadJSON, Parse, _stream_key_by_map_operator",4,numRecordsOutPerSecond,0.0
1784198365,8,"Source: Source-data -> LoadJSON, Parse, _stream_key_by_map_operator",4,idleTimeMsPerSecond,0.0
1784198365,8,"Source: Source-data -> LoadJSON, Parse, _stream_key_by_map_operator",4,numRecordsOut,6068.0
1784198365,8,"Source: Source-data -> LoadJSON, Parse, _stream_key_by_map_operator",4,numRecordsIn,6068.0
1784198365,8,"Source: Source-data -> LoadJSON, Parse, _stream_key_by_map_operator",4,numRecordsInPerSecond,0.0
1784198365,8,"Source: Source-data -> LoadJSON, Parse, _stream_key_by_map_operator",4,backPressuredTimeMsPerSecond,1000.0
1784198365,8,"Source: Source-data -> LoadJSON, Parse, _stream_key_by_map_operator",5,busyTimeMsPerSecond,0.0
1784198365,8,"Source: Source-data -> LoadJSON, Parse, _stream_key_by_map_operator",5,numRecordsOutPerSecond,0.0
1784198365,8,"Source: Source-data -> LoadJSON, Parse, _stream_key_by_map_operator",5,idleTimeMsPerSecond,1000.0
1784198365,8,"Source: Source-data -> LoadJSON, Parse, _stream_key_by_map_operator",5,numRecordsOut,6103.0
1784198365,8,"Source: Source-data -> LoadJSON, Parse, _stream_key_by_map_operator",5,numRecordsIn,6103.0
1784198365,8,"Source: Source-data -> LoadJSON, Parse, _stream_key_by_map_operator",5,numRecordsInPerSecond,0.0
1784198365,8,"Source: Source-data -> LoadJSON, Parse, _stream_key_by_map_operator",5,backPressuredTimeMsPerSecond,0.0
1784198365,8,"Source: Source-data -> LoadJSON, Parse, _stream_key_by_map_operator",6,busyTimeMsPerSecond,0.0
1784198365,8,"Source: Source-data -> LoadJSON, Parse, _stream_key_by_map_operator",6,numRecordsOutPerSecond,0.0
1784198365,8,"Source: Source-data -> LoadJSON, Parse, _stream_key_by_map_operator",6,idleTimeMsPerSecond,0.0
1784198365,8,"Source: Source-data -> LoadJSON, Parse, _stream_key_by_map_operator",6,numRecordsOut,6065.0
1784198365,8,"Source: Source-data -> LoadJSON, Parse, _stream_key_by_map_operator",6,numRecordsIn,6065.0
1784198365,8,"Source: Source-data -> LoadJSON, Parse, _stream_key_by_map_operator",6,numRecordsInPerSecond,0.0
1784198365,8,"Source: Source-data -> LoadJSON, Parse, _stream_key_by_map_operator",6,backPressuredTimeMsPerSecond,1000.0
1784198365,8,"Source: Source-data -> LoadJSON, Parse, _stream_key_by_map_operator",7,busyTimeMsPerSecond,0.0
1784198365,8,"Source: Source-data -> LoadJSON, Parse, _stream_key_by_map_operator",7,numRecordsOutPerSecond,0.0
1784198365,8,"Source: Source-data -> LoadJSON, Parse, _stream_key_by_map_operator",7,idleTimeMsPerSecond,0.0
1784198365,8,"Source: Source-data -> LoadJSON, Parse, _stream_key_by_map_operator",7,numRecordsOut,5972.0
1784198365,8,"Source: Source-data -> LoadJSON, Parse, _stream_key_by_map_operator",7,numRecordsIn,5972.0
1784198365,8,"Source: Source-data -> LoadJSON, Parse, _stream_key_by_map_operator",7,numRecordsInPerSecond,0.0
1784198365,8,"Source: Source-data -> LoadJSON, Parse, _stream_key_by_map_operator",7,backPressuredTimeMsPerSecond,1000.0
1784198365,8,"KEYED PROCESS, Parse->Train, _stream_key_by_map_operator",0,busyTimeMsPerSecond,553.0
1784198365,8,"KEYED PROCESS, Parse->Train, _stream_key_by_map_operator",0,numRecordsOutPerSecond,0.16666666666666666
1784198365,8,"KEYED PROCESS, Parse->Train, _stream_key_by_map_operator",0,idleTimeMsPerSecond,0.0
1784198365,8,"KEYED PROCESS, Parse->Train, _stream_key_by_map_operator",0,numRecordsOut,215.0
1784198365,8,"KEYED PROCESS, Parse->Train, _stream_key_by_map_operator",0,numRecordsIn,216.0
1784198365,8,"KEYED PROCESS, Parse->Train, _stream_key_by_map_operator",0,numRecordsInPerSecond,0.16666666666666666
1784198365,8,"KEYED PROCESS, Parse->Train, _stream_key_by_map_operator",0,backPressuredTimeMsPerSecond,447.0
1784198365,8,"KEYED PROCESS, Parse->Train, _stream_key_by_map_operator",1,busyTimeMsPerSecond,299.0
1784198365,8,"KEYED PROCESS, Parse->Train, _stream_key_by_map_operator",1,numRecordsOutPerSecond,0.1
1784198365,8,"KEYED PROCESS, Parse->Train, _stream_key_by_map_operator",1,idleTimeMsPerSecond,0.0
1784198365,8,"KEYED PROCESS, Parse->Train, _stream_key_by_map_operator",1,numRecordsOut,213.0
1784198365,8,"KEYED PROCESS, Parse->Train, _stream_key_by_map_operator",1,numRecordsIn,214.0
1784198365,8,"KEYED PROCESS, Parse->Train, _stream_key_by_map_operator",1,numRecordsInPerSecond,0.1
1784198365,8,"KEYED PROCESS, Parse->Train, _stream_key_by_map_operator",1,backPressuredTimeMsPerSecond,701.0
1784198365,8,"KEYED PROCESS, Parse->Train, _stream_key_by_map_operator",2,busyTimeMsPerSecond,585.0
1784198365,8,"KEYED PROCESS, Parse->Train, _stream_key_by_map_operator",2,numRecordsOutPerSecond,0.18333333333333332
1784198365,8,"KEYED PROCESS, Parse->Train, _stream_key_by_map_operator",2,idleTimeMsPerSecond,0.0
1784198365,8,"KEYED PROCESS, Parse->Train, _stream_key_by_map_operator",2,numRecordsOut,172.0
1784198365,8,"KEYED PROCESS, Parse->Train, _stream_key_by_map_operator",2,numRecordsIn,173.0
1784198365,8,"KEYED PROCESS, Parse->Train, _stream_key_by_map_operator",2,numRecordsInPerSecond,0.18333333333333332
1784198365,8,"KEYED PROCESS, Parse->Train, _stream_key_by_map_operator",2,backPressuredTimeMsPerSecond,415.0
1784198365,8,"KEYED PROCESS, Parse->Train, _stream_key_by_map_operator",3,busyTimeMsPerSecond,0.0
1784198365,8,"KEYED PROCESS, Parse->Train, _stream_key_by_map_operator",3,numRecordsOutPerSecond,0.0
1784198365,8,"KEYED PROCESS, Parse->Train, _stream_key_by_map_operator",3,idleTimeMsPerSecond,1000.0
1784198365,8,"KEYED PROCESS, Parse->Train, _stream_key_by_map_operator",3,numRecordsOut,0.0
1784198365,8,"KEYED PROCESS, Parse->Train, _stream_key_by_map_operator",3,numRecordsIn,0.0
1784198365,8,"KEYED PROCESS, Parse->Train, _stream_key_by_map_operator",3,numRecordsInPerSecond,0.0
1784198365,8,"KEYED PROCESS, Parse->Train, _stream_key_by_map_operator",3,backPressuredTimeMsPerSecond,0.0
1784198365,8,"KEYED PROCESS, Parse->Train, _stream_key_by_map_operator",4,busyTimeMsPerSecond,382.0
1784198365,8,"KEYED PROCESS, Parse->Train, _stream_key_by_map_operator",4,numRecordsOutPerSecond,0.15
1784198365,8,"KEYED PROCESS, Parse->Train, _stream_key_by_map_operator",4,idleTimeMsPerSecond,0.0
1784198365,8,"KEYED PROCESS, Parse->Train, _stream_key_by_map_operator",4,numRecordsOut,245.0
1784198365,8,"KEYED PROCESS, Parse->Train, _stream_key_by_map_operator",4,numRecordsIn,246.0
1784198365,8,"KEYED PROCESS, Parse->Train, _stream_key_by_map_operator",4,numRecordsInPerSecond,0.15
1784198365,8,"KEYED PROCESS, Parse->Train, _stream_key_by_map_operator",4,backPressuredTimeMsPerSecond,618.0
1784198365,8,"KEYED PROCESS, Parse->Train, _stream_key_by_map_operator",5,busyTimeMsPerSecond,0.0
1784198365,8,"KEYED PROCESS, Parse->Train, _stream_key_by_map_operator",5,numRecordsOutPerSecond,0.0
1784198365,8,"KEYED PROCESS, Parse->Train, _stream_key_by_map_operator",5,idleTimeMsPerSecond,1000.0
1784198365,8,"KEYED PROCESS, Parse->Train, _stream_key_by_map_operator",5,numRecordsOut,0.0
1784198365,8,"KEYED PROCESS, Parse->Train, _stream_key_by_map_operator",5,numRecordsIn,0.0
1784198365,8,"KEYED PROCESS, Parse->Train, _stream_key_by_map_operator",5,numRecordsInPerSecond,0.0
1784198365,8,"KEYED PROCESS, Parse->Train, _stream_key_by_map_operator",5,backPressuredTimeMsPerSecond,0.0
1784198365,8,"KEYED PROCESS, Parse->Train, _stream_key_by_map_operator",6,busyTimeMsPerSecond,0.0
1784198365,8,"KEYED PROCESS, Parse->Train, _stream_key_by_map_operator",6,numRecordsOutPerSecond,0.0
1784198365,8,"KEYED PROCESS, Parse->Train, _stream_key_by_map_operator",6,idleTimeMsPerSecond,1000.0
1784198365,8,"KEYED PROCESS, Parse->Train, _stream_key_by_map_operator",6,numRecordsOut,0.0
1784198365,8,"KEYED PROCESS, Parse->Train, _stream_key_by_map_operator",6,numRecordsIn,0.0
1784198365,8,"KEYED PROCESS, Parse->Train, _stream_key_by_map_operator",6,numRecordsInPerSecond,0.0
1784198365,8,"KEYED PROCESS, Parse->Train, _stream_key_by_map_operator",6,backPressuredTimeMsPerSecond,0.0
1784198365,8,"KEYED PROCESS, Parse->Train, _stream_key_by_map_operator",7,busyTimeMsPerSecond,462.0
1784198365,8,"KEYED PROCESS, Parse->Train, _stream_key_by_map_operator",7,numRecordsOutPerSecond,0.13333333333333333
1784198365,8,"KEYED PROCESS, Parse->Train, _stream_key_by_map_operator",7,idleTimeMsPerSecond,0.0
1784198365,8,"KEYED PROCESS, Parse->Train, _stream_key_by_map_operator",7,numRecordsOut,177.0
1784198365,8,"KEYED PROCESS, Parse->Train, _stream_key_by_map_operator",7,numRecordsIn,178.0
1784198365,8,"KEYED PROCESS, Parse->Train, _stream_key_by_map_operator",7,numRecordsInPerSecond,0.13333333333333333
1784198365,8,"KEYED PROCESS, Parse->Train, _stream_key_by_map_operator",7,backPressuredTimeMsPerSecond,538.0
1784198365,8,"KEYED PROCESS, Train->Infer, _stream_key_by_map_operator",0,busyTimeMsPerSecond,619.0
1784198365,8,"KEYED PROCESS, Train->Infer, _stream_key_by_map_operator",0,numRecordsOutPerSecond,58.333333333333336
1784198365,8,"KEYED PROCESS, Train->Infer, _stream_key_by_map_operator",0,idleTimeMsPerSecond,0.0
1784198365,8,"KEYED PROCESS, Train->Infer, _stream_key_by_map_operator",0,numRecordsOut,52881.0
1784198365,8,"KEYED PROCESS, Train->Infer, _stream_key_by_map_operator",0,numRecordsIn,166.0
1784198365,8,"KEYED PROCESS, Train->Infer, _stream_key_by_map_operator",0,numRecordsInPerSecond,0.1
1784198365,8,"KEYED PROCESS, Train->Infer, _stream_key_by_map_operator",0,backPressuredTimeMsPerSecond,381.0
1784198365,8,"KEYED PROCESS, Train->Infer, _stream_key_by_map_operator",1,busyTimeMsPerSecond,634.0
1784198365,8,"KEYED PROCESS, Train->Infer, _stream_key_by_map_operator",1,numRecordsOutPerSecond,75.0
1784198365,8,"KEYED PROCESS, Train->Infer, _stream_key_by_map_operator",1,idleTimeMsPerSecond,126.0
1784198365,8,"KEYED PROCESS, Train->Infer, _stream_key_by_map_operator",1,numRecordsOut,49059.0
1784198365,8,"KEYED PROCESS, Train->Infer, _stream_key_by_map_operator",1,numRecordsIn,158.0
1784198365,8,"KEYED PROCESS, Train->Infer, _stream_key_by_map_operator",1,numRecordsInPerSecond,0.13333333333333333
1784198365,8,"KEYED PROCESS, Train->Infer, _stream_key_by_map_operator",1,backPressuredTimeMsPerSecond,240.0
1784198365,8,"KEYED PROCESS, Train->Infer, _stream_key_by_map_operator",2,busyTimeMsPerSecond,591.0
1784198365,8,"KEYED PROCESS, Train->Infer, _stream_key_by_map_operator",2,numRecordsOutPerSecond,50.0
1784198365,8,"KEYED PROCESS, Train->Infer, _stream_key_by_map_operator",2,idleTimeMsPerSecond,0.0
1784198365,8,"KEYED PROCESS, Train->Infer, _stream_key_by_map_operator",2,numRecordsOut,55015.0
1784198365,8,"KEYED PROCESS, Train->Infer, _stream_key_by_map_operator",2,numRecordsIn,125.0
1784198365,8,"KEYED PROCESS, Train->Infer, _stream_key_by_map_operator",2,numRecordsInPerSecond,0.1
1784198365,8,"KEYED PROCESS, Train->Infer, _stream_key_by_map_operator",2,backPressuredTimeMsPerSecond,409.0
1784198365,8,"KEYED PROCESS, Train->Infer, _stream_key_by_map_operator",3,busyTimeMsPerSecond,258.0
1784198365,8,"KEYED PROCESS, Train->Infer, _stream_key_by_map_operator",3,numRecordsOutPerSecond,25.0
1784198365,8,"KEYED PROCESS, Train->Infer, _stream_key_by_map_operator",3,idleTimeMsPerSecond,742.0
1784198365,8,"KEYED PROCESS, Train->Infer, _stream_key_by_map_operator",3,numRecordsOut,52500.0
1784198365,8,"KEYED PROCESS, Train->Infer, _stream_key_by_map_operator",3,numRecordsIn,105.0
1784198365,8,"KEYED PROCESS, Train->Infer, _stream_key_by_map_operator",3,numRecordsInPerSecond,0.06666666666666667
1784198365,8,"KEYED PROCESS, Train->Infer, _stream_key_by_map_operator",3,backPressuredTimeMsPerSecond,0.0
1784198365,8,"KEYED PROCESS, Train->Infer, _stream_key_by_map_operator",4,busyTimeMsPerSecond,320.0
1784198365,8,"KEYED PROCESS, Train->Infer, _stream_key_by_map_operator",4,numRecordsOutPerSecond,33.333333333333336
1784198365,8,"KEYED PROCESS, Train->Infer, _stream_key_by_map_operator",4,idleTimeMsPerSecond,680.0
1784198365,8,"KEYED PROCESS, Train->Infer, _stream_key_by_map_operator",4,numRecordsOut,37575.0
1784198365,8,"KEYED PROCESS, Train->Infer, _stream_key_by_map_operator",4,numRecordsIn,150.0
1784198365,8,"KEYED PROCESS, Train->Infer, _stream_key_by_map_operator",4,numRecordsInPerSecond,0.06666666666666667
1784198365,8,"KEYED PROCESS, Train->Infer, _stream_key_by_map_operator",4,backPressuredTimeMsPerSecond,0.0
1784198365,8,"KEYED PROCESS, Train->Infer, _stream_key_by_map_operator",5,busyTimeMsPerSecond,487.0
1784198365,8,"KEYED PROCESS, Train->Infer, _stream_key_by_map_operator",5,numRecordsOutPerSecond,58.333333333333336
1784198365,8,"KEYED PROCESS, Train->Infer, _stream_key_by_map_operator",5,idleTimeMsPerSecond,513.0
1784198365,8,"KEYED PROCESS, Train->Infer, _stream_key_by_map_operator",5,numRecordsOut,48000.0
1784198365,8,"KEYED PROCESS, Train->Infer, _stream_key_by_map_operator",5,numRecordsIn,96.0
1784198365,8,"KEYED PROCESS, Train->Infer, _stream_key_by_map_operator",5,numRecordsInPerSecond,0.11666666666666667
1784198365,8,"KEYED PROCESS, Train->Infer, _stream_key_by_map_operator",5,backPressuredTimeMsPerSecond,0.0
1784198365,8,"KEYED PROCESS, Train->Infer, _stream_key_by_map_operator",6,busyTimeMsPerSecond,68.0
1784198365,8,"KEYED PROCESS, Train->Infer, _stream_key_by_map_operator",6,numRecordsOutPerSecond,8.333333333333334
1784198365,8,"KEYED PROCESS, Train->Infer, _stream_key_by_map_operator",6,idleTimeMsPerSecond,932.0
1784198365,8,"KEYED PROCESS, Train->Infer, _stream_key_by_map_operator",6,numRecordsOut,48500.0
1784198365,8,"KEYED PROCESS, Train->Infer, _stream_key_by_map_operator",6,numRecordsIn,97.0
1784198365,8,"KEYED PROCESS, Train->Infer, _stream_key_by_map_operator",6,numRecordsInPerSecond,0.016666666666666666
1784198365,8,"KEYED PROCESS, Train->Infer, _stream_key_by_map_operator",6,backPressuredTimeMsPerSecond,0.0
1784198365,8,"KEYED PROCESS, Train->Infer, _stream_key_by_map_operator",7,busyTimeMsPerSecond,563.0
1784198365,8,"KEYED PROCESS, Train->Infer, _stream_key_by_map_operator",7,numRecordsOutPerSecond,58.333333333333336
1784198365,8,"KEYED PROCESS, Train->Infer, _stream_key_by_map_operator",7,idleTimeMsPerSecond,437.0
1784198365,8,"KEYED PROCESS, Train->Infer, _stream_key_by_map_operator",7,numRecordsOut,50030.0
1784198365,8,"KEYED PROCESS, Train->Infer, _stream_key_by_map_operator",7,numRecordsIn,131.0
1784198365,8,"KEYED PROCESS, Train->Infer, _stream_key_by_map_operator",7,numRecordsInPerSecond,0.11666666666666667
1784198365,8,"KEYED PROCESS, Train->Infer, _stream_key_by_map_operator",7,backPressuredTimeMsPerSecond,0.0
1784198365,8,"Infer->Rank, Rank->Filter, Filter -> Sink: Writer -> Sink: Committer",0,busyTimeMsPerSecond,1000.0
1784198365,8,"Infer->Rank, Rank->Filter, Filter -> Sink: Writer -> Sink: Committer",0,numRecordsOutPerSecond,24.666666666666668
1784198365,8,"Infer->Rank, Rank->Filter, Filter -> Sink: Writer -> Sink: Committer",0,idleTimeMsPerSecond,0.0
1784198365,8,"Infer->Rank, Rank->Filter, Filter -> Sink: Writer -> Sink: Committer",0,numRecordsOut,42064.0
1784198365,8,"Infer->Rank, Rank->Filter, Filter -> Sink: Writer -> Sink: Committer",0,numRecordsIn,49641.0
1784198365,8,"Infer->Rank, Rank->Filter, Filter -> Sink: Writer -> Sink: Committer",0,numRecordsInPerSecond,49.7
1784198365,8,"Infer->Rank, Rank->Filter, Filter -> Sink: Writer -> Sink: Committer",0,backPressuredTimeMsPerSecond,0.0
1784198365,8,"Infer->Rank, Rank->Filter, Filter -> Sink: Writer -> Sink: Committer",1,busyTimeMsPerSecond,1000.0
1784198365,8,"Infer->Rank, Rank->Filter, Filter -> Sink: Writer -> Sink: Committer",1,numRecordsOutPerSecond,45.333333333333336
1784198365,8,"Infer->Rank, Rank->Filter, Filter -> Sink: Writer -> Sink: Committer",1,idleTimeMsPerSecond,0.0
1784198365,8,"Infer->Rank, Rank->Filter, Filter -> Sink: Writer -> Sink: Committer",1,numRecordsOut,40990.0
1784198365,8,"Infer->Rank, Rank->Filter, Filter -> Sink: Writer -> Sink: Committer",1,numRecordsIn,46536.0
1784198365,8,"Infer->Rank, Rank->Filter, Filter -> Sink: Writer -> Sink: Committer",1,numRecordsInPerSecond,56.516666666666666
1784198365,8,"Infer->Rank, Rank->Filter, Filter -> Sink: Writer -> Sink: Committer",1,backPressuredTimeMsPerSecond,0.0
1784198365,8,"Infer->Rank, Rank->Filter, Filter -> Sink: Writer -> Sink: Committer",2,busyTimeMsPerSecond,1000.0
1784198365,8,"Infer->Rank, Rank->Filter, Filter -> Sink: Writer -> Sink: Committer",2,numRecordsOutPerSecond,24.5
1784198365,8,"Infer->Rank, Rank->Filter, Filter -> Sink: Writer -> Sink: Committer",2,idleTimeMsPerSecond,0.0
1784198365,8,"Infer->Rank, Rank->Filter, Filter -> Sink: Writer -> Sink: Committer",2,numRecordsOut,43140.0
1784198365,8,"Infer->Rank, Rank->Filter, Filter -> Sink: Writer -> Sink: Committer",2,numRecordsIn,51658.0
1784198365,8,"Infer->Rank, Rank->Filter, Filter -> Sink: Writer -> Sink: Committer",2,numRecordsInPerSecond,48.45
1784198365,8,"Infer->Rank, Rank->Filter, Filter -> Sink: Writer -> Sink: Committer",2,backPressuredTimeMsPerSecond,0.0
1784198365,8,"Infer->Rank, Rank->Filter, Filter -> Sink: Writer -> Sink: Committer",3,busyTimeMsPerSecond,283.0
1784198365,8,"Infer->Rank, Rank->Filter, Filter -> Sink: Writer -> Sink: Committer",3,numRecordsOutPerSecond,8.333333333333334
1784198365,8,"Infer->Rank, Rank->Filter, Filter -> Sink: Writer -> Sink: Committer",3,idleTimeMsPerSecond,717.0
1784198365,8,"Infer->Rank, Rank->Filter, Filter -> Sink: Writer -> Sink: Committer",3,numRecordsOut,43170.0
1784198365,8,"Infer->Rank, Rank->Filter, Filter -> Sink: Writer -> Sink: Committer",3,numRecordsIn,52178.0
1784198365,8,"Infer->Rank, Rank->Filter, Filter -> Sink: Writer -> Sink: Committer",3,numRecordsInPerSecond,25.0
1784198365,8,"Infer->Rank, Rank->Filter, Filter -> Sink: Writer -> Sink: Committer",3,backPressuredTimeMsPerSecond,0.0
1784198365,8,"Infer->Rank, Rank->Filter, Filter -> Sink: Writer -> Sink: Committer",4,busyTimeMsPerSecond,475.0
1784198365,8,"Infer->Rank, Rank->Filter, Filter -> Sink: Writer -> Sink: Committer",4,numRecordsOutPerSecond,28.166666666666668
1784198365,8,"Infer->Rank, Rank->Filter, Filter -> Sink: Writer -> Sink: Committer",4,idleTimeMsPerSecond,525.0
1784198365,8,"Infer->Rank, Rank->Filter, Filter -> Sink: Writer -> Sink: Committer",4,numRecordsOut,34450.0
1784198365,8,"Infer->Rank, Rank->Filter, Filter -> Sink: Writer -> Sink: Committer",4,numRecordsIn,37060.0
1784198365,8,"Infer->Rank, Rank->Filter, Filter -> Sink: Writer -> Sink: Committer",4,numRecordsInPerSecond,36.56666666666667
1784198365,8,"Infer->Rank, Rank->Filter, Filter -> Sink: Writer -> Sink: Committer",4,backPressuredTimeMsPerSecond,0.0
1784198365,8,"Infer->Rank, Rank->Filter, Filter -> Sink: Writer -> Sink: Committer",5,busyTimeMsPerSecond,745.0
1784198365,8,"Infer->Rank, Rank->Filter, Filter -> Sink: Writer -> Sink: Committer",5,numRecordsOutPerSecond,30.333333333333332
1784198365,8,"Infer->Rank, Rank->Filter, Filter -> Sink: Writer -> Sink: Committer",5,idleTimeMsPerSecond,255.0
1784198365,8,"Infer->Rank, Rank->Filter, Filter -> Sink: Writer -> Sink: Committer",5,numRecordsOut,40500.0
1784198365,8,"Infer->Rank, Rank->Filter, Filter -> Sink: Writer -> Sink: Committer",5,numRecordsIn,47778.0
1784198365,8,"Infer->Rank, Rank->Filter, Filter -> Sink: Writer -> Sink: Committer",5,numRecordsInPerSecond,55.31666666666667
1784198365,8,"Infer->Rank, Rank->Filter, Filter -> Sink: Writer -> Sink: Committer",5,backPressuredTimeMsPerSecond,0.0
1784198365,8,"Infer->Rank, Rank->Filter, Filter -> Sink: Writer -> Sink: Committer",6,busyTimeMsPerSecond,61.0
1784198365,8,"Infer->Rank, Rank->Filter, Filter -> Sink: Writer -> Sink: Committer",6,numRecordsOutPerSecond,5.666666666666667
1784198365,8,"Infer->Rank, Rank->Filter, Filter -> Sink: Writer -> Sink: Committer",6,idleTimeMsPerSecond,939.0
1784198365,8,"Infer->Rank, Rank->Filter, Filter -> Sink: Writer -> Sink: Committer",6,numRecordsOut,41500.0
1784198365,8,"Infer->Rank, Rank->Filter, Filter -> Sink: Writer -> Sink: Committer",6,numRecordsIn,48500.0
1784198365,8,"Infer->Rank, Rank->Filter, Filter -> Sink: Writer -> Sink: Committer",6,numRecordsInPerSecond,5.766666666666667
1784198365,8,"Infer->Rank, Rank->Filter, Filter -> Sink: Writer -> Sink: Committer",6,backPressuredTimeMsPerSecond,0.0
1784198365,8,"Infer->Rank, Rank->Filter, Filter -> Sink: Writer -> Sink: Committer",7,busyTimeMsPerSecond,1000.0
1784198365,8,"Infer->Rank, Rank->Filter, Filter -> Sink: Writer -> Sink: Committer",7,numRecordsOutPerSecond,46.0
1784198365,8,"Infer->Rank, Rank->Filter, Filter -> Sink: Writer -> Sink: Committer",7,idleTimeMsPerSecond,0.0
1784198365,8,"Infer->Rank, Rank->Filter, Filter -> Sink: Writer -> Sink: Committer",7,numRecordsOut,45490.0
1784198365,8,"Infer->Rank, Rank->Filter, Filter -> Sink: Writer -> Sink: Committer",7,numRecordsIn,48341.0
1784198365,8,"Infer->Rank, Rank->Filter, Filter -> Sink: Writer -> Sink: Committer",7,numRecordsInPerSecond,57.483333333333334
1784198365,8,"Infer->Rank, Rank->Filter, Filter -> Sink: Writer -> Sink: Committer",7,backPressuredTimeMsPerSecond,0.0
1784198380,8,"Source: Source-data -> LoadJSON, Parse, _stream_key_by_map_operator",0,busyTimeMsPerSecond,1.0
1784198380,8,"Source: Source-data -> LoadJSON, Parse, _stream_key_by_map_operator",0,numRecordsOutPerSecond,0.016666666666666666
1784198380,8,"Source: Source-data -> LoadJSON, Parse, _stream_key_by_map_operator",0,idleTimeMsPerSecond,373.0
1784198380,8,"Source: Source-data -> LoadJSON, Parse, _stream_key_by_map_operator",0,numRecordsOut,6132.0
1784198380,8,"Source: Source-data -> LoadJSON, Parse, _stream_key_by_map_operator",0,numRecordsIn,6132.0
1784198380,8,"Source: Source-data -> LoadJSON, Parse, _stream_key_by_map_operator",0,numRecordsInPerSecond,0.016666666666666666
1784198380,8,"Source: Source-data -> LoadJSON, Parse, _stream_key_by_map_operator",0,backPressuredTimeMsPerSecond,626.0
1784198380,8,"Source: Source-data -> LoadJSON, Parse, _stream_key_by_map_operator",1,busyTimeMsPerSecond,0.0
1784198380,8,"Source: Source-data -> LoadJSON, Parse, _stream_key_by_map_operator",1,numRecordsOutPerSecond,0.0
1784198380,8,"Source: Source-data -> LoadJSON, Parse, _stream_key_by_map_operator",1,idleTimeMsPerSecond,0.0
1784198380,8,"Source: Source-data -> LoadJSON, Parse, _stream_key_by_map_operator",1,numRecordsOut,6028.0
1784198380,8,"Source: Source-data -> LoadJSON, Parse, _stream_key_by_map_operator",1,numRecordsIn,6028.0
1784198380,8,"Source: Source-data -> LoadJSON, Parse, _stream_key_by_map_operator",1,numRecordsInPerSecond,0.0
1784198380,8,"Source: Source-data -> LoadJSON, Parse, _stream_key_by_map_operator",1,backPressuredTimeMsPerSecond,1000.0
1784198380,8,"Source: Source-data -> LoadJSON, Parse, _stream_key_by_map_operator",2,busyTimeMsPerSecond,0.0
1784198380,8,"Source: Source-data -> LoadJSON, Parse, _stream_key_by_map_operator",2,numRecordsOutPerSecond,0.0
1784198380,8,"Source: Source-data -> LoadJSON, Parse, _stream_key_by_map_operator",2,idleTimeMsPerSecond,0.0
1784198380,8,"Source: Source-data -> LoadJSON, Parse, _stream_key_by_map_operator",2,numRecordsOut,6234.0
1784198380,8,"Source: Source-data -> LoadJSON, Parse, _stream_key_by_map_operator",2,numRecordsIn,6234.0
1784198380,8,"Source: Source-data -> LoadJSON, Parse, _stream_key_by_map_operator",2,numRecordsInPerSecond,0.0
1784198380,8,"Source: Source-data -> LoadJSON, Parse, _stream_key_by_map_operator",2,backPressuredTimeMsPerSecond,1000.0
1784198380,8,"Source: Source-data -> LoadJSON, Parse, _stream_key_by_map_operator",3,busyTimeMsPerSecond,0.0
1784198380,8,"Source: Source-data -> LoadJSON, Parse, _stream_key_by_map_operator",3,numRecordsOutPerSecond,0.0
1784198380,8,"Source: Source-data -> LoadJSON, Parse, _stream_key_by_map_operator",3,idleTimeMsPerSecond,0.0
1784198380,8,"Source: Source-data -> LoadJSON, Parse, _stream_key_by_map_operator",3,numRecordsOut,6021.0
1784198380,8,"Source: Source-data -> LoadJSON, Parse, _stream_key_by_map_operator",3,numRecordsIn,6021.0
1784198380,8,"Source: Source-data -> LoadJSON, Parse, _stream_key_by_map_operator",3,numRecordsInPerSecond,0.0
1784198380,8,"Source: Source-data -> LoadJSON, Parse, _stream_key_by_map_operator",3,backPressuredTimeMsPerSecond,1000.0
1784198380,8,"Source: Source-data -> LoadJSON, Parse, _stream_key_by_map_operator",4,busyTimeMsPerSecond,0.0
1784198380,8,"Source: Source-data -> LoadJSON, Parse, _stream_key_by_map_operator",4,numRecordsOutPerSecond,0.0
1784198380,8,"Source: Source-data -> LoadJSON, Parse, _stream_key_by_map_operator",4,idleTimeMsPerSecond,0.0
1784198380,8,"Source: Source-data -> LoadJSON, Parse, _stream_key_by_map_operator",4,numRecordsOut,6068.0
1784198380,8,"Source: Source-data -> LoadJSON, Parse, _stream_key_by_map_operator",4,numRecordsIn,6068.0
1784198380,8,"Source: Source-data -> LoadJSON, Parse, _stream_key_by_map_operator",4,numRecordsInPerSecond,0.0
1784198380,8,"Source: Source-data -> LoadJSON, Parse, _stream_key_by_map_operator",4,backPressuredTimeMsPerSecond,1000.0
1784198380,8,"Source: Source-data -> LoadJSON, Parse, _stream_key_by_map_operator",5,busyTimeMsPerSecond,0.0
1784198380,8,"Source: Source-data -> LoadJSON, Parse, _stream_key_by_map_operator",5,numRecordsOutPerSecond,0.0
1784198380,8,"Source: Source-data -> LoadJSON, Parse, _stream_key_by_map_operator",5,idleTimeMsPerSecond,1000.0
1784198380,8,"Source: Source-data -> LoadJSON, Parse, _stream_key_by_map_operator",5,numRecordsOut,6103.0
1784198380,8,"Source: Source-data -> LoadJSON, Parse, _stream_key_by_map_operator",5,numRecordsIn,6103.0
1784198380,8,"Source: Source-data -> LoadJSON, Parse, _stream_key_by_map_operator",5,numRecordsInPerSecond,0.0
1784198380,8,"Source: Source-data -> LoadJSON, Parse, _stream_key_by_map_operator",5,backPressuredTimeMsPerSecond,0.0
1784198380,8,"Source: Source-data -> LoadJSON, Parse, _stream_key_by_map_operator",6,busyTimeMsPerSecond,0.0
1784198380,8,"Source: Source-data -> LoadJSON, Parse, _stream_key_by_map_operator",6,numRecordsOutPerSecond,0.0
1784198380,8,"Source: Source-data -> LoadJSON, Parse, _stream_key_by_map_operator",6,idleTimeMsPerSecond,0.0
1784198380,8,"Source: Source-data -> LoadJSON, Parse, _stream_key_by_map_operator",6,numRecordsOut,6065.0
1784198380,8,"Source: Source-data -> LoadJSON, Parse, _stream_key_by_map_operator",6,numRecordsIn,6065.0
1784198380,8,"Source: Source-data -> LoadJSON, Parse, _stream_key_by_map_operator",6,numRecordsInPerSecond,0.0
1784198380,8,"Source: Source-data -> LoadJSON, Parse, _stream_key_by_map_operator",6,backPressuredTimeMsPerSecond,1000.0
1784198380,8,"Source: Source-data -> LoadJSON, Parse, _stream_key_by_map_operator",7,busyTimeMsPerSecond,0.0
1784198380,8,"Source: Source-data -> LoadJSON, Parse, _stream_key_by_map_operator",7,numRecordsOutPerSecond,0.0
1784198380,8,"Source: Source-data -> LoadJSON, Parse, _stream_key_by_map_operator",7,idleTimeMsPerSecond,0.0
1784198380,8,"Source: Source-data -> LoadJSON, Parse, _stream_key_by_map_operator",7,numRecordsOut,5972.0
1784198380,8,"Source: Source-data -> LoadJSON, Parse, _stream_key_by_map_operator",7,numRecordsIn,5972.0
1784198380,8,"Source: Source-data -> LoadJSON, Parse, _stream_key_by_map_operator",7,numRecordsInPerSecond,0.0
1784198380,8,"Source: Source-data -> LoadJSON, Parse, _stream_key_by_map_operator",7,backPressuredTimeMsPerSecond,1000.0
1784198380,8,"KEYED PROCESS, Parse->Train, _stream_key_by_map_operator",0,busyTimeMsPerSecond,533.0
1784198380,8,"KEYED PROCESS, Parse->Train, _stream_key_by_map_operator",0,numRecordsOutPerSecond,0.15
1784198380,8,"KEYED PROCESS, Parse->Train, _stream_key_by_map_operator",0,idleTimeMsPerSecond,0.0
1784198380,8,"KEYED PROCESS, Parse->Train, _stream_key_by_map_operator",0,numRecordsOut,216.0
1784198380,8,"KEYED PROCESS, Parse->Train, _stream_key_by_map_operator",0,numRecordsIn,217.0
1784198380,8,"KEYED PROCESS, Parse->Train, _stream_key_by_map_operator",0,numRecordsInPerSecond,0.15
1784198380,8,"KEYED PROCESS, Parse->Train, _stream_key_by_map_operator",0,backPressuredTimeMsPerSecond,467.0
1784198380,8,"KEYED PROCESS, Parse->Train, _stream_key_by_map_operator",1,busyTimeMsPerSecond,334.0
1784198380,8,"KEYED PROCESS, Parse->Train, _stream_key_by_map_operator",1,numRecordsOutPerSecond,0.1
1784198380,8,"KEYED PROCESS, Parse->Train, _stream_key_by_map_operator",1,idleTimeMsPerSecond,0.0
1784198380,8,"KEYED PROCESS, Parse->Train, _stream_key_by_map_operator",1,numRecordsOut,215.0
1784198380,8,"KEYED PROCESS, Parse->Train, _stream_key_by_map_operator",1,numRecordsIn,216.0
1784198380,8,"KEYED PROCESS, Parse->Train, _stream_key_by_map_operator",1,numRecordsInPerSecond,0.1
1784198380,8,"KEYED PROCESS, Parse->Train, _stream_key_by_map_operator",1,backPressuredTimeMsPerSecond,666.0
1784198380,8,"KEYED PROCESS, Parse->Train, _stream_key_by_map_operator",2,busyTimeMsPerSecond,612.0
1784198380,8,"KEYED PROCESS, Parse->Train, _stream_key_by_map_operator",2,numRecordsOutPerSecond,0.16666666666666666
1784198380,8,"KEYED PROCESS, Parse->Train, _stream_key_by_map_operator",2,idleTimeMsPerSecond,0.0
1784198380,8,"KEYED PROCESS, Parse->Train, _stream_key_by_map_operator",2,numRecordsOut,174.0
1784198380,8,"KEYED PROCESS, Parse->Train, _stream_key_by_map_operator",2,numRecordsIn,175.0
1784198380,8,"KEYED PROCESS, Parse->Train, _stream_key_by_map_operator",2,numRecordsInPerSecond,0.16666666666666666
1784198380,8,"KEYED PROCESS, Parse->Train, _stream_key_by_map_operator",2,backPressuredTimeMsPerSecond,388.0
1784198380,8,"KEYED PROCESS, Parse->Train, _stream_key_by_map_operator",3,busyTimeMsPerSecond,0.0
1784198380,8,"KEYED PROCESS, Parse->Train, _stream_key_by_map_operator",3,numRecordsOutPerSecond,0.0
1784198380,8,"KEYED PROCESS, Parse->Train, _stream_key_by_map_operator",3,idleTimeMsPerSecond,1000.0
1784198380,8,"KEYED PROCESS, Parse->Train, _stream_key_by_map_operator",3,numRecordsOut,0.0
1784198380,8,"KEYED PROCESS, Parse->Train, _stream_key_by_map_operator",3,numRecordsIn,0.0
1784198380,8,"KEYED PROCESS, Parse->Train, _stream_key_by_map_operator",3,numRecordsInPerSecond,0.0
1784198380,8,"KEYED PROCESS, Parse->Train, _stream_key_by_map_operator",3,backPressuredTimeMsPerSecond,0.0
1784198380,8,"KEYED PROCESS, Parse->Train, _stream_key_by_map_operator",4,busyTimeMsPerSecond,432.0
1784198380,8,"KEYED PROCESS, Parse->Train, _stream_key_by_map_operator",4,numRecordsOutPerSecond,0.15
1784198380,8,"KEYED PROCESS, Parse->Train, _stream_key_by_map_operator",4,idleTimeMsPerSecond,0.0
1784198380,8,"KEYED PROCESS, Parse->Train, _stream_key_by_map_operator",4,numRecordsOut,248.0
1784198380,8,"KEYED PROCESS, Parse->Train, _stream_key_by_map_operator",4,numRecordsIn,249.0
1784198380,8,"KEYED PROCESS, Parse->Train, _stream_key_by_map_operator",4,numRecordsInPerSecond,0.15
1784198380,8,"KEYED PROCESS, Parse->Train, _stream_key_by_map_operator",4,backPressuredTimeMsPerSecond,568.0
1784198380,8,"KEYED PROCESS, Parse->Train, _stream_key_by_map_operator",5,busyTimeMsPerSecond,0.0
1784198380,8,"KEYED PROCESS, Parse->Train, _stream_key_by_map_operator",5,numRecordsOutPerSecond,0.0
1784198380,8,"KEYED PROCESS, Parse->Train, _stream_key_by_map_operator",5,idleTimeMsPerSecond,1000.0
1784198380,8,"KEYED PROCESS, Parse->Train, _stream_key_by_map_operator",5,numRecordsOut,0.0
1784198380,8,"KEYED PROCESS, Parse->Train, _stream_key_by_map_operator",5,numRecordsIn,0.0
1784198380,8,"KEYED PROCESS, Parse->Train, _stream_key_by_map_operator",5,numRecordsInPerSecond,0.0
1784198380,8,"KEYED PROCESS, Parse->Train, _stream_key_by_map_operator",5,backPressuredTimeMsPerSecond,0.0
1784198380,8,"KEYED PROCESS, Parse->Train, _stream_key_by_map_operator",6,busyTimeMsPerSecond,0.0
1784198380,8,"KEYED PROCESS, Parse->Train, _stream_key_by_map_operator",6,numRecordsOutPerSecond,0.0
1784198380,8,"KEYED PROCESS, Parse->Train, _stream_key_by_map_operator",6,idleTimeMsPerSecond,1000.0
1784198380,8,"KEYED PROCESS, Parse->Train, _stream_key_by_map_operator",6,numRecordsOut,0.0
1784198380,8,"KEYED PROCESS, Parse->Train, _stream_key_by_map_operator",6,numRecordsIn,0.0
1784198380,8,"KEYED PROCESS, Parse->Train, _stream_key_by_map_operator",6,numRecordsInPerSecond,0.0
1784198380,8,"KEYED PROCESS, Parse->Train, _stream_key_by_map_operator",6,backPressuredTimeMsPerSecond,0.0
1784198380,8,"KEYED PROCESS, Parse->Train, _stream_key_by_map_operator",7,busyTimeMsPerSecond,380.0
1784198380,8,"KEYED PROCESS, Parse->Train, _stream_key_by_map_operator",7,numRecordsOutPerSecond,0.08333333333333333
1784198380,8,"KEYED PROCESS, Parse->Train, _stream_key_by_map_operator",7,idleTimeMsPerSecond,0.0
1784198380,8,"KEYED PROCESS, Parse->Train, _stream_key_by_map_operator",7,numRecordsOut,178.0
1784198380,8,"KEYED PROCESS, Parse->Train, _stream_key_by_map_operator",7,numRecordsIn,179.0
1784198380,8,"KEYED PROCESS, Parse->Train, _stream_key_by_map_operator",7,numRecordsInPerSecond,0.08333333333333333
1784198380,8,"KEYED PROCESS, Parse->Train, _stream_key_by_map_operator",7,backPressuredTimeMsPerSecond,620.0
1784198380,8,"KEYED PROCESS, Train->Infer, _stream_key_by_map_operator",0,busyTimeMsPerSecond,581.0
1784198380,8,"KEYED PROCESS, Train->Infer, _stream_key_by_map_operator",0,numRecordsOutPerSecond,50.0
1784198380,8,"KEYED PROCESS, Train->Infer, _stream_key_by_map_operator",0,idleTimeMsPerSecond,0.0
1784198380,8,"KEYED PROCESS, Train->Infer, _stream_key_by_map_operator",0,numRecordsOut,53381.0
1784198380,8,"KEYED PROCESS, Train->Infer, _stream_key_by_map_operator",0,numRecordsIn,167.0
1784198380,8,"KEYED PROCESS, Train->Infer, _stream_key_by_map_operator",0,numRecordsInPerSecond,0.1
1784198380,8,"KEYED PROCESS, Train->Infer, _stream_key_by_map_operator",0,backPressuredTimeMsPerSecond,419.0
1784198380,8,"KEYED PROCESS, Train->Infer, _stream_key_by_map_operator",1,busyTimeMsPerSecond,464.0
1784198380,8,"KEYED PROCESS, Train->Infer, _stream_key_by_map_operator",1,numRecordsOutPerSecond,50.0
1784198380,8,"KEYED PROCESS, Train->Infer, _stream_key_by_map_operator",1,idleTimeMsPerSecond,296.0
1784198380,8,"KEYED PROCESS, Train->Infer, _stream_key_by_map_operator",1,numRecordsOut,49559.0
1784198380,8,"KEYED PROCESS, Train->Infer, _stream_key_by_map_operator",1,numRecordsIn,159.0
1784198380,8,"KEYED PROCESS, Train->Infer, _stream_key_by_map_operator",1,numRecordsInPerSecond,0.08333333333333333
1784198380,8,"KEYED PROCESS, Train->Infer, _stream_key_by_map_operator",1,backPressuredTimeMsPerSecond,240.0
1784198380,8,"KEYED PROCESS, Train->Infer, _stream_key_by_map_operator",2,busyTimeMsPerSecond,554.0
1784198380,8,"KEYED PROCESS, Train->Infer, _stream_key_by_map_operator",2,numRecordsOutPerSecond,50.0
1784198380,8,"KEYED PROCESS, Train->Infer, _stream_key_by_map_operator",2,idleTimeMsPerSecond,0.0
1784198380,8,"KEYED PROCESS, Train->Infer, _stream_key_by_map_operator",2,numRecordsOut,55515.0
1784198380,8,"KEYED PROCESS, Train->Infer, _stream_key_by_map_operator",2,numRecordsIn,126.0
1784198380,8,"KEYED PROCESS, Train->Infer, _stream_key_by_map_operator",2,numRecordsInPerSecond,0.08333333333333333
1784198380,8,"KEYED PROCESS, Train->Infer, _stream_key_by_map_operator",2,backPressuredTimeMsPerSecond,446.0
1784198380,8,"KEYED PROCESS, Train->Infer, _stream_key_by_map_operator",3,busyTimeMsPerSecond,279.0
1784198380,8,"KEYED PROCESS, Train->Infer, _stream_key_by_map_operator",3,numRecordsOutPerSecond,33.333333333333336
1784198380,8,"KEYED PROCESS, Train->Infer, _stream_key_by_map_operator",3,idleTimeMsPerSecond,721.0
1784198380,8,"KEYED PROCESS, Train->Infer, _stream_key_by_map_operator",3,numRecordsOut,52500.0
1784198380,8,"KEYED PROCESS, Train->Infer, _stream_key_by_map_operator",3,numRecordsIn,105.0
1784198380,8,"KEYED PROCESS, Train->Infer, _stream_key_by_map_operator",3,numRecordsInPerSecond,0.06666666666666667
1784198380,8,"KEYED PROCESS, Train->Infer, _stream_key_by_map_operator",3,backPressuredTimeMsPerSecond,0.0
1784198380,8,"KEYED PROCESS, Train->Infer, _stream_key_by_map_operator",4,busyTimeMsPerSecond,426.0
1784198380,8,"KEYED PROCESS, Train->Infer, _stream_key_by_map_operator",4,numRecordsOutPerSecond,33.333333333333336
1784198380,8,"KEYED PROCESS, Train->Infer, _stream_key_by_map_operator",4,idleTimeMsPerSecond,574.0
1784198380,8,"KEYED PROCESS, Train->Infer, _stream_key_by_map_operator",4,numRecordsOut,38575.0
1784198380,8,"KEYED PROCESS, Train->Infer, _stream_key_by_map_operator",4,numRecordsIn,153.0
1784198380,8,"KEYED PROCESS, Train->Infer, _stream_key_by_map_operator",4,numRecordsInPerSecond,0.08333333333333333
1784198380,8,"KEYED PROCESS, Train->Infer, _stream_key_by_map_operator",4,backPressuredTimeMsPerSecond,0.0
1784198380,8,"KEYED PROCESS, Train->Infer, _stream_key_by_map_operator",5,busyTimeMsPerSecond,529.0
1784198380,8,"KEYED PROCESS, Train->Infer, _stream_key_by_map_operator",5,numRecordsOutPerSecond,66.66666666666667
1784198380,8,"KEYED PROCESS, Train->Infer, _stream_key_by_map_operator",5,idleTimeMsPerSecond,471.0
1784198380,8,"KEYED PROCESS, Train->Infer, _stream_key_by_map_operator",5,numRecordsOut,48500.0
1784198380,8,"KEYED PROCESS, Train->Infer, _stream_key_by_map_operator",5,numRecordsIn,97.0
1784198380,8,"KEYED PROCESS, Train->Infer, _stream_key_by_map_operator",5,numRecordsInPerSecond,0.11666666666666667
1784198380,8,"KEYED PROCESS, Train->Infer, _stream_key_by_map_operator",5,backPressuredTimeMsPerSecond,0.0
1784198380,8,"KEYED PROCESS, Train->Infer, _stream_key_by_map_operator",6,busyTimeMsPerSecond,217.0
1784198380,8,"KEYED PROCESS, Train->Infer, _stream_key_by_map_operator",6,numRecordsOutPerSecond,16.666666666666668
1784198380,8,"KEYED PROCESS, Train->Infer, _stream_key_by_map_operator",6,idleTimeMsPerSecond,783.0
1784198380,8,"KEYED PROCESS, Train->Infer, _stream_key_by_map_operator",6,numRecordsOut,49500.0
1784198380,8,"KEYED PROCESS, Train->Infer, _stream_key_by_map_operator",6,numRecordsIn,100.0
1784198380,8,"KEYED PROCESS, Train->Infer, _stream_key_by_map_operator",6,numRecordsInPerSecond,0.05
1784198380,8,"KEYED PROCESS, Train->Infer, _stream_key_by_map_operator",6,backPressuredTimeMsPerSecond,0.0
1784198380,8,"KEYED PROCESS, Train->Infer, _stream_key_by_map_operator",7,busyTimeMsPerSecond,757.0
1784198380,8,"KEYED PROCESS, Train->Infer, _stream_key_by_map_operator",7,numRecordsOutPerSecond,75.0
1784198380,8,"KEYED PROCESS, Train->Infer, _stream_key_by_map_operator",7,idleTimeMsPerSecond,243.0
1784198380,8,"KEYED PROCESS, Train->Infer, _stream_key_by_map_operator",7,numRecordsOut,51530.0
1784198380,8,"KEYED PROCESS, Train->Infer, _stream_key_by_map_operator",7,numRecordsIn,133.0
1784198380,8,"KEYED PROCESS, Train->Infer, _stream_key_by_map_operator",7,numRecordsInPerSecond,0.15
1784198380,8,"KEYED PROCESS, Train->Infer, _stream_key_by_map_operator",7,backPressuredTimeMsPerSecond,0.0
1784198380,8,"Infer->Rank, Rank->Filter, Filter -> Sink: Writer -> Sink: Committer",0,busyTimeMsPerSecond,1000.0
1784198380,8,"Infer->Rank, Rank->Filter, Filter -> Sink: Writer -> Sink: Committer",0,numRecordsOutPerSecond,30.333333333333332
1784198380,8,"Infer->Rank, Rank->Filter, Filter -> Sink: Writer -> Sink: Committer",0,idleTimeMsPerSecond,0.0
1784198380,8,"Infer->Rank, Rank->Filter, Filter -> Sink: Writer -> Sink: Committer",0,numRecordsOut,42604.0
1784198380,8,"Infer->Rank, Rank->Filter, Filter -> Sink: Writer -> Sink: Committer",0,numRecordsIn,50172.0
1784198380,8,"Infer->Rank, Rank->Filter, Filter -> Sink: Writer -> Sink: Committer",0,numRecordsInPerSecond,46.96666666666667
1784198380,8,"Infer->Rank, Rank->Filter, Filter -> Sink: Writer -> Sink: Committer",0,backPressuredTimeMsPerSecond,0.0
1784198380,8,"Infer->Rank, Rank->Filter, Filter -> Sink: Writer -> Sink: Committer",1,busyTimeMsPerSecond,1000.0
1784198380,8,"Infer->Rank, Rank->Filter, Filter -> Sink: Writer -> Sink: Committer",1,numRecordsOutPerSecond,37.333333333333336
1784198380,8,"Infer->Rank, Rank->Filter, Filter -> Sink: Writer -> Sink: Committer",1,idleTimeMsPerSecond,0.0
1784198380,8,"Infer->Rank, Rank->Filter, Filter -> Sink: Writer -> Sink: Committer",1,numRecordsOut,41480.0
1784198380,8,"Infer->Rank, Rank->Filter, Filter -> Sink: Writer -> Sink: Committer",1,numRecordsIn,47556.0
1784198380,8,"Infer->Rank, Rank->Filter, Filter -> Sink: Writer -> Sink: Committer",1,numRecordsInPerSecond,59.916666666666664
1784198380,8,"Infer->Rank, Rank->Filter, Filter -> Sink: Writer -> Sink: Committer",1,backPressuredTimeMsPerSecond,0.0
1784198380,8,"Infer->Rank, Rank->Filter, Filter -> Sink: Writer -> Sink: Committer",2,busyTimeMsPerSecond,1000.0
1784198380,8,"Infer->Rank, Rank->Filter, Filter -> Sink: Writer -> Sink: Committer",2,numRecordsOutPerSecond,25.0
1784198380,8,"Infer->Rank, Rank->Filter, Filter -> Sink: Writer -> Sink: Committer",2,idleTimeMsPerSecond,0.0
1784198380,8,"Infer->Rank, Rank->Filter, Filter -> Sink: Writer -> Sink: Committer",2,numRecordsOut,43500.0
1784198380,8,"Infer->Rank, Rank->Filter, Filter -> Sink: Writer -> Sink: Committer",2,numRecordsIn,52369.0
1784198380,8,"Infer->Rank, Rank->Filter, Filter -> Sink: Writer -> Sink: Committer",2,numRecordsInPerSecond,40.31666666666667
1784198380,8,"Infer->Rank, Rank->Filter, Filter -> Sink: Writer -> Sink: Committer",2,backPressuredTimeMsPerSecond,0.0
1784198380,8,"Infer->Rank, Rank->Filter, Filter -> Sink: Writer -> Sink: Committer",3,busyTimeMsPerSecond,351.0
1784198380,8,"Infer->Rank, Rank->Filter, Filter -> Sink: Writer -> Sink: Committer",3,numRecordsOutPerSecond,16.666666666666668
1784198380,8,"Infer->Rank, Rank->Filter, Filter -> Sink: Writer -> Sink: Committer",3,idleTimeMsPerSecond,649.0
1784198380,8,"Infer->Rank, Rank->Filter, Filter -> Sink: Writer -> Sink: Committer",3,numRecordsOut,43500.0
1784198380,8,"Infer->Rank, Rank->Filter, Filter -> Sink: Writer -> Sink: Committer",3,numRecordsIn,52500.0
1784198380,8,"Infer->Rank, Rank->Filter, Filter -> Sink: Writer -> Sink: Committer",3,numRecordsInPerSecond,33.333333333333336
1784198380,8,"Infer->Rank, Rank->Filter, Filter -> Sink: Writer -> Sink: Committer",3,backPressuredTimeMsPerSecond,0.0
1784198380,8,"Infer->Rank, Rank->Filter, Filter -> Sink: Writer -> Sink: Committer",4,busyTimeMsPerSecond,536.0
1784198380,8,"Infer->Rank, Rank->Filter, Filter -> Sink: Writer -> Sink: Committer",4,numRecordsOutPerSecond,31.166666666666668
1784198380,8,"Infer->Rank, Rank->Filter, Filter -> Sink: Writer -> Sink: Committer",4,idleTimeMsPerSecond,464.0
1784198380,8,"Infer->Rank, Rank->Filter, Filter -> Sink: Writer -> Sink: Committer",4,numRecordsOut,35170.0
1784198380,8,"Infer->Rank, Rank->Filter, Filter -> Sink: Writer -> Sink: Committer",4,numRecordsIn,37779.0
1784198380,8,"Infer->Rank, Rank->Filter, Filter -> Sink: Writer -> Sink: Committer",4,numRecordsInPerSecond,31.283333333333335
1784198380,8,"Infer->Rank, Rank->Filter, Filter -> Sink: Writer -> Sink: Committer",4,backPressuredTimeMsPerSecond,0.0
1784198380,8,"Infer->Rank, Rank->Filter, Filter -> Sink: Writer -> Sink: Committer",5,busyTimeMsPerSecond,773.0
1784198380,8,"Infer->Rank, Rank->Filter, Filter -> Sink: Writer -> Sink: Committer",5,numRecordsOutPerSecond,25.5
1784198380,8,"Infer->Rank, Rank->Filter, Filter -> Sink: Writer -> Sink: Committer",5,idleTimeMsPerSecond,227.0
1784198380,8,"Infer->Rank, Rank->Filter, Filter -> Sink: Writer -> Sink: Committer",5,numRecordsOut,40910.0
1784198380,8,"Infer->Rank, Rank->Filter, Filter -> Sink: Writer -> Sink: Committer",5,numRecordsIn,48412.0
1784198380,8,"Infer->Rank, Rank->Filter, Filter -> Sink: Writer -> Sink: Committer",5,numRecordsInPerSecond,58.85
1784198380,8,"Infer->Rank, Rank->Filter, Filter -> Sink: Writer -> Sink: Committer",5,backPressuredTimeMsPerSecond,0.0
1784198380,8,"Infer->Rank, Rank->Filter, Filter -> Sink: Writer -> Sink: Committer",6,busyTimeMsPerSecond,174.0
1784198380,8,"Infer->Rank, Rank->Filter, Filter -> Sink: Writer -> Sink: Committer",6,numRecordsOutPerSecond,13.5
1784198380,8,"Infer->Rank, Rank->Filter, Filter -> Sink: Writer -> Sink: Committer",6,idleTimeMsPerSecond,826.0
1784198380,8,"Infer->Rank, Rank->Filter, Filter -> Sink: Writer -> Sink: Committer",6,numRecordsOut,41980.0
1784198380,8,"Infer->Rank, Rank->Filter, Filter -> Sink: Writer -> Sink: Committer",6,numRecordsIn,48985.0
1784198380,8,"Infer->Rank, Rank->Filter, Filter -> Sink: Writer -> Sink: Committer",6,numRecordsInPerSecond,13.583333333333334
1784198380,8,"Infer->Rank, Rank->Filter, Filter -> Sink: Writer -> Sink: Committer",6,backPressuredTimeMsPerSecond,0.0
1784198380,8,"Infer->Rank, Rank->Filter, Filter -> Sink: Writer -> Sink: Committer",7,busyTimeMsPerSecond,1000.0
1784198380,8,"Infer->Rank, Rank->Filter, Filter -> Sink: Writer -> Sink: Committer",7,numRecordsOutPerSecond,34.833333333333336
1784198380,8,"Infer->Rank, Rank->Filter, Filter -> Sink: Writer -> Sink: Committer",7,idleTimeMsPerSecond,0.0
1784198380,8,"Infer->Rank, Rank->Filter, Filter -> Sink: Writer -> Sink: Committer",7,numRecordsOut,45990.0
1784198380,8,"Infer->Rank, Rank->Filter, Filter -> Sink: Writer -> Sink: Committer",7,numRecordsIn,49243.0
1784198380,8,"Infer->Rank, Rank->Filter, Filter -> Sink: Writer -> Sink: Committer",7,numRecordsInPerSecond,51.55
1784198380,8,"Infer->Rank, Rank->Filter, Filter -> Sink: Writer -> Sink: Committer",7,backPressuredTimeMsPerSecond,0.0
1784198395,8,"Source: Source-data -> LoadJSON, Parse, _stream_key_by_map_operator",0,busyTimeMsPerSecond,1.0
1784198395,8,"Source: Source-data -> LoadJSON, Parse, _stream_key_by_map_operator",0,numRecordsOutPerSecond,0.016666666666666666
1784198395,8,"Source: Source-data -> LoadJSON, Parse, _stream_key_by_map_operator",0,idleTimeMsPerSecond,123.0
1784198395,8,"Source: Source-data -> LoadJSON, Parse, _stream_key_by_map_operator",0,numRecordsOut,6132.0
1784198395,8,"Source: Source-data -> LoadJSON, Parse, _stream_key_by_map_operator",0,numRecordsIn,6132.0
1784198395,8,"Source: Source-data -> LoadJSON, Parse, _stream_key_by_map_operator",0,numRecordsInPerSecond,0.016666666666666666
1784198395,8,"Source: Source-data -> LoadJSON, Parse, _stream_key_by_map_operator",0,backPressuredTimeMsPerSecond,876.0
1784198395,8,"Source: Source-data -> LoadJSON, Parse, _stream_key_by_map_operator",1,busyTimeMsPerSecond,0.0
1784198395,8,"Source: Source-data -> LoadJSON, Parse, _stream_key_by_map_operator",1,numRecordsOutPerSecond,0.0
1784198395,8,"Source: Source-data -> LoadJSON, Parse, _stream_key_by_map_operator",1,idleTimeMsPerSecond,0.0
1784198395,8,"Source: Source-data -> LoadJSON, Parse, _stream_key_by_map_operator",1,numRecordsOut,6028.0
1784198395,8,"Source: Source-data -> LoadJSON, Parse, _stream_key_by_map_operator",1,numRecordsIn,6028.0
1784198395,8,"Source: Source-data -> LoadJSON, Parse, _stream_key_by_map_operator",1,numRecordsInPerSecond,0.0
1784198395,8,"Source: Source-data -> LoadJSON, Parse, _stream_key_by_map_operator",1,backPressuredTimeMsPerSecond,1000.0
1784198395,8,"Source: Source-data -> LoadJSON, Parse, _stream_key_by_map_operator",2,busyTimeMsPerSecond,0.0
1784198395,8,"Source: Source-data -> LoadJSON, Parse, _stream_key_by_map_operator",2,numRecordsOutPerSecond,0.0
1784198395,8,"Source: Source-data -> LoadJSON, Parse, _stream_key_by_map_operator",2,idleTimeMsPerSecond,0.0
1784198395,8,"Source: Source-data -> LoadJSON, Parse, _stream_key_by_map_operator",2,numRecordsOut,6234.0
1784198395,8,"Source: Source-data -> LoadJSON, Parse, _stream_key_by_map_operator",2,numRecordsIn,6234.0
1784198395,8,"Source: Source-data -> LoadJSON, Parse, _stream_key_by_map_operator",2,numRecordsInPerSecond,0.0
1784198395,8,"Source: Source-data -> LoadJSON, Parse, _stream_key_by_map_operator",2,backPressuredTimeMsPerSecond,1000.0
1784198395,8,"Source: Source-data -> LoadJSON, Parse, _stream_key_by_map_operator",3,busyTimeMsPerSecond,0.0
1784198395,8,"Source: Source-data -> LoadJSON, Parse, _stream_key_by_map_operator",3,numRecordsOutPerSecond,0.0
1784198395,8,"Source: Source-data -> LoadJSON, Parse, _stream_key_by_map_operator",3,idleTimeMsPerSecond,0.0
1784198395,8,"Source: Source-data -> LoadJSON, Parse, _stream_key_by_map_operator",3,numRecordsOut,6021.0
1784198395,8,"Source: Source-data -> LoadJSON, Parse, _stream_key_by_map_operator",3,numRecordsIn,6021.0
1784198395,8,"Source: Source-data -> LoadJSON, Parse, _stream_key_by_map_operator",3,numRecordsInPerSecond,0.0
1784198395,8,"Source: Source-data -> LoadJSON, Parse, _stream_key_by_map_operator",3,backPressuredTimeMsPerSecond,1000.0
1784198395,8,"Source: Source-data -> LoadJSON, Parse, _stream_key_by_map_operator",4,busyTimeMsPerSecond,0.0
1784198395,8,"Source: Source-data -> LoadJSON, Parse, _stream_key_by_map_operator",4,numRecordsOutPerSecond,0.0
1784198395,8,"Source: Source-data -> LoadJSON, Parse, _stream_key_by_map_operator",4,idleTimeMsPerSecond,0.0
1784198395,8,"Source: Source-data -> LoadJSON, Parse, _stream_key_by_map_operator",4,numRecordsOut,6068.0
1784198395,8,"Source: Source-data -> LoadJSON, Parse, _stream_key_by_map_operator",4,numRecordsIn,6068.0
1784198395,8,"Source: Source-data -> LoadJSON, Parse, _stream_key_by_map_operator",4,numRecordsInPerSecond,0.0
1784198395,8,"Source: Source-data -> LoadJSON, Parse, _stream_key_by_map_operator",4,backPressuredTimeMsPerSecond,1000.0
1784198395,8,"Source: Source-data -> LoadJSON, Parse, _stream_key_by_map_operator",5,busyTimeMsPerSecond,0.0
1784198395,8,"Source: Source-data -> LoadJSON, Parse, _stream_key_by_map_operator",5,numRecordsOutPerSecond,0.0
1784198395,8,"Source: Source-data -> LoadJSON, Parse, _stream_key_by_map_operator",5,idleTimeMsPerSecond,1000.0
1784198395,8,"Source: Source-data -> LoadJSON, Parse, _stream_key_by_map_operator",5,numRecordsOut,6103.0
1784198395,8,"Source: Source-data -> LoadJSON, Parse, _stream_key_by_map_operator",5,numRecordsIn,6103.0
1784198395,8,"Source: Source-data -> LoadJSON, Parse, _stream_key_by_map_operator",5,numRecordsInPerSecond,0.0
1784198395,8,"Source: Source-data -> LoadJSON, Parse, _stream_key_by_map_operator",5,backPressuredTimeMsPerSecond,0.0
1784198395,8,"Source: Source-data -> LoadJSON, Parse, _stream_key_by_map_operator",6,busyTimeMsPerSecond,0.0
1784198395,8,"Source: Source-data -> LoadJSON, Parse, _stream_key_by_map_operator",6,numRecordsOutPerSecond,0.0
1784198395,8,"Source: Source-data -> LoadJSON, Parse, _stream_key_by_map_operator",6,idleTimeMsPerSecond,0.0
1784198395,8,"Source: Source-data -> LoadJSON, Parse, _stream_key_by_map_operator",6,numRecordsOut,6065.0
1784198395,8,"Source: Source-data -> LoadJSON, Parse, _stream_key_by_map_operator",6,numRecordsIn,6065.0
1784198395,8,"Source: Source-data -> LoadJSON, Parse, _stream_key_by_map_operator",6,numRecordsInPerSecond,0.0
1784198395,8,"Source: Source-data -> LoadJSON, Parse, _stream_key_by_map_operator",6,backPressuredTimeMsPerSecond,1000.0
1784198395,8,"Source: Source-data -> LoadJSON, Parse, _stream_key_by_map_operator",7,busyTimeMsPerSecond,0.0
1784198395,8,"Source: Source-data -> LoadJSON, Parse, _stream_key_by_map_operator",7,numRecordsOutPerSecond,0.0
1784198395,8,"Source: Source-data -> LoadJSON, Parse, _stream_key_by_map_operator",7,idleTimeMsPerSecond,0.0
1784198395,8,"Source: Source-data -> LoadJSON, Parse, _stream_key_by_map_operator",7,numRecordsOut,5972.0
1784198395,8,"Source: Source-data -> LoadJSON, Parse, _stream_key_by_map_operator",7,numRecordsIn,5972.0
1784198395,8,"Source: Source-data -> LoadJSON, Parse, _stream_key_by_map_operator",7,numRecordsInPerSecond,0.0
1784198395,8,"Source: Source-data -> LoadJSON, Parse, _stream_key_by_map_operator",7,backPressuredTimeMsPerSecond,1000.0
1784198395,8,"KEYED PROCESS, Parse->Train, _stream_key_by_map_operator",0,busyTimeMsPerSecond,634.0
1784198395,8,"KEYED PROCESS, Parse->Train, _stream_key_by_map_operator",0,numRecordsOutPerSecond,0.16666666666666666
1784198395,8,"KEYED PROCESS, Parse->Train, _stream_key_by_map_operator",0,idleTimeMsPerSecond,0.0
1784198395,8,"KEYED PROCESS, Parse->Train, _stream_key_by_map_operator",0,numRecordsOut,221.0
1784198395,8,"KEYED PROCESS, Parse->Train, _stream_key_by_map_operator",0,numRecordsIn,222.0
1784198395,8,"KEYED PROCESS, Parse->Train, _stream_key_by_map_operator",0,numRecordsInPerSecond,0.16666666666666666
1784198395,8,"KEYED PROCESS, Parse->Train, _stream_key_by_map_operator",0,backPressuredTimeMsPerSecond,366.0
1784198395,8,"KEYED PROCESS, Parse->Train, _stream_key_by_map_operator",1,busyTimeMsPerSecond,421.0
1784198395,8,"KEYED PROCESS, Parse->Train, _stream_key_by_map_operator",1,numRecordsOutPerSecond,0.13333333333333333
1784198395,8,"KEYED PROCESS, Parse->Train, _stream_key_by_map_operator",1,idleTimeMsPerSecond,0.0
1784198395,8,"KEYED PROCESS, Parse->Train, _stream_key_by_map_operator",1,numRecordsOut,217.0
1784198395,8,"KEYED PROCESS, Parse->Train, _stream_key_by_map_operator",1,numRecordsIn,218.0
1784198395,8,"KEYED PROCESS, Parse->Train, _stream_key_by_map_operator",1,numRecordsInPerSecond,0.13333333333333333
1784198395,8,"KEYED PROCESS, Parse->Train, _stream_key_by_map_operator",1,backPressuredTimeMsPerSecond,579.0
1784198395,8,"KEYED PROCESS, Parse->Train, _stream_key_by_map_operator",2,busyTimeMsPerSecond,838.0
1784198395,8,"KEYED PROCESS, Parse->Train, _stream_key_by_map_operator",2,numRecordsOutPerSecond,0.21666666666666667
1784198395,8,"KEYED PROCESS, Parse->Train, _stream_key_by_map_operator",2,idleTimeMsPerSecond,0.0
1784198395,8,"KEYED PROCESS, Parse->Train, _stream_key_by_map_operator",2,numRecordsOut,178.0
1784198395,8,"KEYED PROCESS, Parse->Train, _stream_key_by_map_operator",2,numRecordsIn,179.0
1784198395,8,"KEYED PROCESS, Parse->Train, _stream_key_by_map_operator",2,numRecordsInPerSecond,0.21666666666666667
1784198395,8,"KEYED PROCESS, Parse->Train, _stream_key_by_map_operator",2,backPressuredTimeMsPerSecond,162.0
1784198395,8,"KEYED PROCESS, Parse->Train, _stream_key_by_map_operator",3,busyTimeMsPerSecond,0.0
1784198395,8,"KEYED PROCESS, Parse->Train, _stream_key_by_map_operator",3,numRecordsOutPerSecond,0.0
1784198395,8,"KEYED PROCESS, Parse->Train, _stream_key_by_map_operator",3,idleTimeMsPerSecond,1000.0
1784198395,8,"KEYED PROCESS, Parse->Train, _stream_key_by_map_operator",3,numRecordsOut,0.0
1784198395,8,"KEYED PROCESS, Parse->Train, _stream_key_by_map_operator",3,numRecordsIn,0.0
1784198395,8,"KEYED PROCESS, Parse->Train, _stream_key_by_map_operator",3,numRecordsInPerSecond,0.0
1784198395,8,"KEYED PROCESS, Parse->Train, _stream_key_by_map_operator",3,backPressuredTimeMsPerSecond,0.0
1784198395,8,"KEYED PROCESS, Parse->Train, _stream_key_by_map_operator",4,busyTimeMsPerSecond,432.0
1784198395,8,"KEYED PROCESS, Parse->Train, _stream_key_by_map_operator",4,numRecordsOutPerSecond,0.15
1784198395,8,"KEYED PROCESS, Parse->Train, _stream_key_by_map_operator",4,idleTimeMsPerSecond,0.0
1784198395,8,"KEYED PROCESS, Parse->Train, _stream_key_by_map_operator",4,numRecordsOut,248.0
1784198395,8,"KEYED PROCESS, Parse->Train, _stream_key_by_map_operator",4,numRecordsIn,249.0
1784198395,8,"KEYED PROCESS, Parse->Train, _stream_key_by_map_operator",4,numRecordsInPerSecond,0.15
1784198395,8,"KEYED PROCESS, Parse->Train, _stream_key_by_map_operator",4,backPressuredTimeMsPerSecond,568.0
1784198395,8,"KEYED PROCESS, Parse->Train, _stream_key_by_map_operator",5,busyTimeMsPerSecond,0.0
1784198395,8,"KEYED PROCESS, Parse->Train, _stream_key_by_map_operator",5,numRecordsOutPerSecond,0.0
1784198395,8,"KEYED PROCESS, Parse->Train, _stream_key_by_map_operator",5,idleTimeMsPerSecond,1000.0
1784198395,8,"KEYED PROCESS, Parse->Train, _stream_key_by_map_operator",5,numRecordsOut,0.0
1784198395,8,"KEYED PROCESS, Parse->Train, _stream_key_by_map_operator",5,numRecordsIn,0.0
1784198395,8,"KEYED PROCESS, Parse->Train, _stream_key_by_map_operator",5,numRecordsInPerSecond,0.0
1784198395,8,"KEYED PROCESS, Parse->Train, _stream_key_by_map_operator",5,backPressuredTimeMsPerSecond,0.0
1784198395,8,"KEYED PROCESS, Parse->Train, _stream_key_by_map_operator",6,busyTimeMsPerSecond,0.0
1784198395,8,"KEYED PROCESS, Parse->Train, _stream_key_by_map_operator",6,numRecordsOutPerSecond,0.0
1784198395,8,"KEYED PROCESS, Parse->Train, _stream_key_by_map_operator",6,idleTimeMsPerSecond,1000.0
1784198395,8,"KEYED PROCESS, Parse->Train, _stream_key_by_map_operator",6,numRecordsOut,0.0
1784198395,8,"KEYED PROCESS, Parse->Train, _stream_key_by_map_operator",6,numRecordsIn,0.0
1784198395,8,"KEYED PROCESS, Parse->Train, _stream_key_by_map_operator",6,numRecordsInPerSecond,0.0
1784198395,8,"KEYED PROCESS, Parse->Train, _stream_key_by_map_operator",6,backPressuredTimeMsPerSecond,0.0
1784198395,8,"KEYED PROCESS, Parse->Train, _stream_key_by_map_operator",7,busyTimeMsPerSecond,413.0
1784198395,8,"KEYED PROCESS, Parse->Train, _stream_key_by_map_operator",7,numRecordsOutPerSecond,0.11666666666666667
1784198395,8,"KEYED PROCESS, Parse->Train, _stream_key_by_map_operator",7,idleTimeMsPerSecond,0.0
1784198395,8,"KEYED PROCESS, Parse->Train, _stream_key_by_map_operator",7,numRecordsOut,180.0
1784198395,8,"KEYED PROCESS, Parse->Train, _stream_key_by_map_operator",7,numRecordsIn,181.0
1784198395,8,"KEYED PROCESS, Parse->Train, _stream_key_by_map_operator",7,numRecordsInPerSecond,0.11666666666666667
1784198395,8,"KEYED PROCESS, Parse->Train, _stream_key_by_map_operator",7,backPressuredTimeMsPerSecond,587.0
1784198395,8,"KEYED PROCESS, Train->Infer, _stream_key_by_map_operator",0,busyTimeMsPerSecond,542.0
1784198395,8,"KEYED PROCESS, Train->Infer, _stream_key_by_map_operator",0,numRecordsOutPerSecond,50.0
1784198395,8,"KEYED PROCESS, Train->Infer, _stream_key_by_map_operator",0,idleTimeMsPerSecond,0.0
1784198395,8,"KEYED PROCESS, Train->Infer, _stream_key_by_map_operator",0,numRecordsOut,53881.0
1784198395,8,"KEYED PROCESS, Train->Infer, _stream_key_by_map_operator",0,numRecordsIn,169.0
1784198395,8,"KEYED PROCESS, Train->Infer, _stream_key_by_map_operator",0,numRecordsInPerSecond,0.08333333333333333
1784198395,8,"KEYED PROCESS, Train->Infer, _stream_key_by_map_operator",0,backPressuredTimeMsPerSecond,458.0
1784198395,8,"KEYED PROCESS, Train->Infer, _stream_key_by_map_operator",1,busyTimeMsPerSecond,462.0
1784198395,8,"KEYED PROCESS, Train->Infer, _stream_key_by_map_operator",1,numRecordsOutPerSecond,41.666666666666664
1784198395,8,"KEYED PROCESS, Train->Infer, _stream_key_by_map_operator",1,idleTimeMsPerSecond,351.0
1784198395,8,"KEYED PROCESS, Train->Infer, _stream_key_by_map_operator",1,numRecordsOut,50059.0
1784198395,8,"KEYED PROCESS, Train->Infer, _stream_key_by_map_operator",1,numRecordsIn,161.0
1784198395,8,"KEYED PROCESS, Train->Infer, _stream_key_by_map_operator",1,numRecordsInPerSecond,0.08333333333333333
1784198395,8,"KEYED PROCESS, Train->Infer, _stream_key_by_map_operator",1,backPressuredTimeMsPerSecond,187.0
1784198395,8,"KEYED PROCESS, Train->Infer, _stream_key_by_map_operator",2,busyTimeMsPerSecond,566.0
1784198395,8,"KEYED PROCESS, Train->Infer, _stream_key_by_map_operator",2,numRecordsOutPerSecond,41.666666666666664
1784198395,8,"KEYED PROCESS, Train->Infer, _stream_key_by_map_operator",2,idleTimeMsPerSecond,1.0
1784198395,8,"KEYED PROCESS, Train->Infer, _stream_key_by_map_operator",2,numRecordsOut,56015.0
1784198395,8,"KEYED PROCESS, Train->Infer, _stream_key_by_map_operator",2,numRecordsIn,128.0
1784198395,8,"KEYED PROCESS, Train->Infer, _stream_key_by_map_operator",2,numRecordsInPerSecond,0.08333333333333333
1784198395,8,"KEYED PROCESS, Train->Infer, _stream_key_by_map_operator",2,backPressuredTimeMsPerSecond,433.0
1784198395,8,"KEYED PROCESS, Train->Infer, _stream_key_by_map_operator",3,busyTimeMsPerSecond,432.0
1784198395,8,"KEYED PROCESS, Train->Infer, _stream_key_by_map_operator",3,numRecordsOutPerSecond,50.0
1784198395,8,"KEYED PROCESS, Train->Infer, _stream_key_by_map_operator",3,idleTimeMsPerSecond,568.0
1784198395,8,"KEYED PROCESS, Train->Infer, _stream_key_by_map_operator",3,numRecordsOut,53500.0
1784198395,8,"KEYED PROCESS, Train->Infer, _stream_key_by_map_operator",3,numRecordsIn,108.0
1784198395,8,"KEYED PROCESS, Train->Infer, _stream_key_by_map_operator",3,numRecordsInPerSecond,0.1
1784198395,8,"KEYED PROCESS, Train->Infer, _stream_key_by_map_operator",3,backPressuredTimeMsPerSecond,0.0
1784198395,8,"KEYED PROCESS, Train->Infer, _stream_key_by_map_operator",4,busyTimeMsPerSecond,575.0
1784198395,8,"KEYED PROCESS, Train->Infer, _stream_key_by_map_operator",4,numRecordsOutPerSecond,50.0
1784198395,8,"KEYED PROCESS, Train->Infer, _stream_key_by_map_operator",4,idleTimeMsPerSecond,425.0
1784198395,8,"KEYED PROCESS, Train->Infer, _stream_key_by_map_operator",4,numRecordsOut,39575.0
1784198395,8,"KEYED PROCESS, Train->Infer, _stream_key_by_map_operator",4,numRecordsIn,154.0
1784198395,8,"KEYED PROCESS, Train->Infer, _stream_key_by_map_operator",4,numRecordsInPerSecond,0.1
1784198395,8,"KEYED PROCESS, Train->Infer, _stream_key_by_map_operator",4,backPressuredTimeMsPerSecond,0.0
1784198395,8,"KEYED PROCESS, Train->Infer, _stream_key_by_map_operator",5,busyTimeMsPerSecond,399.0
1784198395,8,"KEYED PROCESS, Train->Infer, _stream_key_by_map_operator",5,numRecordsOutPerSecond,50.0
1784198395,8,"KEYED PROCESS, Train->Infer, _stream_key_by_map_operator",5,idleTimeMsPerSecond,601.0
1784198395,8,"KEYED PROCESS, Train->Infer, _stream_key_by_map_operator",5,numRecordsOut,49000.0
1784198395,8,"KEYED PROCESS, Train->Infer, _stream_key_by_map_operator",5,numRecordsIn,99.0
1784198395,8,"KEYED PROCESS, Train->Infer, _stream_key_by_map_operator",5,numRecordsInPerSecond,0.08333333333333333
1784198395,8,"KEYED PROCESS, Train->Infer, _stream_key_by_map_operator",5,backPressuredTimeMsPerSecond,0.0
1784198395,8,"KEYED PROCESS, Train->Infer, _stream_key_by_map_operator",6,busyTimeMsPerSecond,391.0
1784198395,8,"KEYED PROCESS, Train->Infer, _stream_key_by_map_operator",6,numRecordsOutPerSecond,41.666666666666664
1784198395,8,"KEYED PROCESS, Train->Infer, _stream_key_by_map_operator",6,idleTimeMsPerSecond,609.0
1784198395,8,"KEYED PROCESS, Train->Infer, _stream_key_by_map_operator",6,numRecordsOut,51000.0
1784198395,8,"KEYED PROCESS, Train->Infer, _stream_key_by_map_operator",6,numRecordsIn,102.0
1784198395,8,"KEYED PROCESS, Train->Infer, _stream_key_by_map_operator",6,numRecordsInPerSecond,0.1
1784198395,8,"KEYED PROCESS, Train->Infer, _stream_key_by_map_operator",6,backPressuredTimeMsPerSecond,0.0
1784198395,8,"KEYED PROCESS, Train->Infer, _stream_key_by_map_operator",7,busyTimeMsPerSecond,698.0
1784198395,8,"KEYED PROCESS, Train->Infer, _stream_key_by_map_operator",7,numRecordsOutPerSecond,66.66666666666667
1784198395,8,"KEYED PROCESS, Train->Infer, _stream_key_by_map_operator",7,idleTimeMsPerSecond,302.0
1784198395,8,"KEYED PROCESS, Train->Infer, _stream_key_by_map_operator",7,numRecordsOut,52030.0
1784198395,8,"KEYED PROCESS, Train->Infer, _stream_key_by_map_operator",7,numRecordsIn,134.0
1784198395,8,"KEYED PROCESS, Train->Infer, _stream_key_by_map_operator",7,numRecordsInPerSecond,0.13333333333333333
1784198395,8,"KEYED PROCESS, Train->Infer, _stream_key_by_map_operator",7,backPressuredTimeMsPerSecond,0.0
1784198395,8,"Infer->Rank, Rank->Filter, Filter -> Sink: Writer -> Sink: Committer",0,busyTimeMsPerSecond,1000.0
1784198395,8,"Infer->Rank, Rank->Filter, Filter -> Sink: Writer -> Sink: Committer",0,numRecordsOutPerSecond,36.0
1784198395,8,"Infer->Rank, Rank->Filter, Filter -> Sink: Writer -> Sink: Committer",0,idleTimeMsPerSecond,0.0
1784198395,8,"Infer->Rank, Rank->Filter, Filter -> Sink: Writer -> Sink: Committer",0,numRecordsOut,43064.0
1784198395,8,"Infer->Rank, Rank->Filter, Filter -> Sink: Writer -> Sink: Committer",0,numRecordsIn,50637.0
1784198395,8,"Infer->Rank, Rank->Filter, Filter -> Sink: Writer -> Sink: Committer",0,numRecordsInPerSecond,46.25
1784198395,8,"Infer->Rank, Rank->Filter, Filter -> Sink: Writer -> Sink: Committer",0,backPressuredTimeMsPerSecond,0.0
1784198395,8,"Infer->Rank, Rank->Filter, Filter -> Sink: Writer -> Sink: Committer",1,busyTimeMsPerSecond,1000.0
1784198395,8,"Infer->Rank, Rank->Filter, Filter -> Sink: Writer -> Sink: Committer",1,numRecordsOutPerSecond,35.0
1784198395,8,"Infer->Rank, Rank->Filter, Filter -> Sink: Writer -> Sink: Committer",1,idleTimeMsPerSecond,0.0
1784198395,8,"Infer->Rank, Rank->Filter, Filter -> Sink: Writer -> Sink: Committer",1,numRecordsOut,41690.0
1784198395,8,"Infer->Rank, Rank->Filter, Filter -> Sink: Writer -> Sink: Committer",1,numRecordsIn,48264.0
1784198395,8,"Infer->Rank, Rank->Filter, Filter -> Sink: Writer -> Sink: Committer",1,numRecordsInPerSecond,60.05
1784198395,8,"Infer->Rank, Rank->Filter, Filter -> Sink: Writer -> Sink: Committer",1,backPressuredTimeMsPerSecond,0.0
1784198395,8,"Infer->Rank, Rank->Filter, Filter -> Sink: Writer -> Sink: Committer",2,busyTimeMsPerSecond,1000.0
1784198395,8,"Infer->Rank, Rank->Filter, Filter -> Sink: Writer -> Sink: Committer",2,numRecordsOutPerSecond,25.0
1784198395,8,"Infer->Rank, Rank->Filter, Filter -> Sink: Writer -> Sink: Committer",2,idleTimeMsPerSecond,0.0
1784198395,8,"Infer->Rank, Rank->Filter, Filter -> Sink: Writer -> Sink: Committer",2,numRecordsOut,43500.0
1784198395,8,"Infer->Rank, Rank->Filter, Filter -> Sink: Writer -> Sink: Committer",2,numRecordsIn,52903.0
1784198395,8,"Infer->Rank, Rank->Filter, Filter -> Sink: Writer -> Sink: Committer",2,numRecordsInPerSecond,42.733333333333334
1784198395,8,"Infer->Rank, Rank->Filter, Filter -> Sink: Writer -> Sink: Committer",2,backPressuredTimeMsPerSecond,0.0
1784198395,8,"Infer->Rank, Rank->Filter, Filter -> Sink: Writer -> Sink: Committer",3,busyTimeMsPerSecond,459.0
1784198395,8,"Infer->Rank, Rank->Filter, Filter -> Sink: Writer -> Sink: Committer",3,numRecordsOutPerSecond,22.166666666666668
1784198395,8,"Infer->Rank, Rank->Filter, Filter -> Sink: Writer -> Sink: Committer",3,idleTimeMsPerSecond,541.0
1784198395,8,"Infer->Rank, Rank->Filter, Filter -> Sink: Writer -> Sink: Committer",3,numRecordsOut,43920.0
1784198395,8,"Infer->Rank, Rank->Filter, Filter -> Sink: Writer -> Sink: Committer",3,numRecordsIn,52923.0
1784198395,8,"Infer->Rank, Rank->Filter, Filter -> Sink: Writer -> Sink: Committer",3,numRecordsInPerSecond,38.93333333333333
1784198395,8,"Infer->Rank, Rank->Filter, Filter -> Sink: Writer -> Sink: Committer",3,backPressuredTimeMsPerSecond,0.0
1784198395,8,"Infer->Rank, Rank->Filter, Filter -> Sink: Writer -> Sink: Committer",4,busyTimeMsPerSecond,702.0
1784198395,8,"Infer->Rank, Rank->Filter, Filter -> Sink: Writer -> Sink: Committer",4,numRecordsOutPerSecond,33.333333333333336
1784198395,8,"Infer->Rank, Rank->Filter, Filter -> Sink: Writer -> Sink: Committer",4,idleTimeMsPerSecond,298.0
1784198395,8,"Infer->Rank, Rank->Filter, Filter -> Sink: Writer -> Sink: Committer",4,numRecordsOut,35470.0
1784198395,8,"Infer->Rank, Rank->Filter, Filter -> Sink: Writer -> Sink: Committer",4,numRecordsIn,38157.0
1784198395,8,"Infer->Rank, Rank->Filter, Filter -> Sink: Writer -> Sink: Committer",4,numRecordsInPerSecond,33.56666666666667
1784198395,8,"Infer->Rank, Rank->Filter, Filter -> Sink: Writer -> Sink: Committer",4,backPressuredTimeMsPerSecond,0.0
1784198395,8,"Infer->Rank, Rank->Filter, Filter -> Sink: Writer -> Sink: Committer",5,busyTimeMsPerSecond,618.0
1784198395,8,"Infer->Rank, Rank->Filter, Filter -> Sink: Writer -> Sink: Committer",5,numRecordsOutPerSecond,27.0
1784198395,8,"Infer->Rank, Rank->Filter, Filter -> Sink: Writer -> Sink: Committer",5,idleTimeMsPerSecond,382.0
1784198395,8,"Infer->Rank, Rank->Filter, Filter -> Sink: Writer -> Sink: Committer",5,numRecordsOut,41000.0
1784198395,8,"Infer->Rank, Rank->Filter, Filter -> Sink: Writer -> Sink: Committer",5,numRecordsIn,48636.0
1784198395,8,"Infer->Rank, Rank->Filter, Filter -> Sink: Writer -> Sink: Committer",5,numRecordsInPerSecond,52.18333333333333
1784198395,8,"Infer->Rank, Rank->Filter, Filter -> Sink: Writer -> Sink: Committer",5,backPressuredTimeMsPerSecond,0.0
1784198395,8,"Infer->Rank, Rank->Filter, Filter -> Sink: Writer -> Sink: Committer",6,busyTimeMsPerSecond,424.0
1784198395,8,"Infer->Rank, Rank->Filter, Filter -> Sink: Writer -> Sink: Committer",6,numRecordsOutPerSecond,29.0
1784198395,8,"Infer->Rank, Rank->Filter, Filter -> Sink: Writer -> Sink: Committer",6,idleTimeMsPerSecond,576.0
1784198395,8,"Infer->Rank, Rank->Filter, Filter -> Sink: Writer -> Sink: Committer",6,numRecordsOut,42870.0
1784198395,8,"Infer->Rank, Rank->Filter, Filter -> Sink: Writer -> Sink: Committer",6,numRecordsIn,49871.0
1784198395,8,"Infer->Rank, Rank->Filter, Filter -> Sink: Writer -> Sink: Committer",6,numRecordsInPerSecond,29.066666666666666
1784198395,8,"Infer->Rank, Rank->Filter, Filter -> Sink: Writer -> Sink: Committer",6,backPressuredTimeMsPerSecond,0.0
1784198395,8,"Infer->Rank, Rank->Filter, Filter -> Sink: Writer -> Sink: Committer",7,busyTimeMsPerSecond,1000.0
1784198395,8,"Infer->Rank, Rank->Filter, Filter -> Sink: Writer -> Sink: Committer",7,numRecordsOutPerSecond,25.333333333333332
1784198395,8,"Infer->Rank, Rank->Filter, Filter -> Sink: Writer -> Sink: Committer",7,idleTimeMsPerSecond,0.0
1784198395,8,"Infer->Rank, Rank->Filter, Filter -> Sink: Writer -> Sink: Committer",7,numRecordsOut,46520.0
1784198395,8,"Infer->Rank, Rank->Filter, Filter -> Sink: Writer -> Sink: Committer",7,numRecordsIn,50062.0
1784198395,8,"Infer->Rank, Rank->Filter, Filter -> Sink: Writer -> Sink: Committer",7,numRecordsInPerSecond,50.3
1784198395,8,"Infer->Rank, Rank->Filter, Filter -> Sink: Writer -> Sink: Committer",7,backPressuredTimeMsPerSecond,0.0
1784198410,8,"Source: Source-data -> LoadJSON, Parse, _stream_key_by_map_operator",0,busyTimeMsPerSecond,0.0
1784198410,8,"Source: Source-data -> LoadJSON, Parse, _stream_key_by_map_operator",0,numRecordsOutPerSecond,0.0
1784198410,8,"Source: Source-data -> LoadJSON, Parse, _stream_key_by_map_operator",0,idleTimeMsPerSecond,0.0
1784198410,8,"Source: Source-data -> LoadJSON, Parse, _stream_key_by_map_operator",0,numRecordsOut,6132.0
1784198410,8,"Source: Source-data -> LoadJSON, Parse, _stream_key_by_map_operator",0,numRecordsIn,6132.0
1784198410,8,"Source: Source-data -> LoadJSON, Parse, _stream_key_by_map_operator",0,numRecordsInPerSecond,0.0
1784198410,8,"Source: Source-data -> LoadJSON, Parse, _stream_key_by_map_operator",0,backPressuredTimeMsPerSecond,1000.0
1784198410,8,"Source: Source-data -> LoadJSON, Parse, _stream_key_by_map_operator",1,busyTimeMsPerSecond,0.0
1784198410,8,"Source: Source-data -> LoadJSON, Parse, _stream_key_by_map_operator",1,numRecordsOutPerSecond,0.0
1784198410,8,"Source: Source-data -> LoadJSON, Parse, _stream_key_by_map_operator",1,idleTimeMsPerSecond,0.0
1784198410,8,"Source: Source-data -> LoadJSON, Parse, _stream_key_by_map_operator",1,numRecordsOut,6028.0
1784198410,8,"Source: Source-data -> LoadJSON, Parse, _stream_key_by_map_operator",1,numRecordsIn,6028.0
1784198410,8,"Source: Source-data -> LoadJSON, Parse, _stream_key_by_map_operator",1,numRecordsInPerSecond,0.0
1784198410,8,"Source: Source-data -> LoadJSON, Parse, _stream_key_by_map_operator",1,backPressuredTimeMsPerSecond,1000.0
1784198410,8,"Source: Source-data -> LoadJSON, Parse, _stream_key_by_map_operator",2,busyTimeMsPerSecond,0.0
1784198410,8,"Source: Source-data -> LoadJSON, Parse, _stream_key_by_map_operator",2,numRecordsOutPerSecond,0.0
1784198410,8,"Source: Source-data -> LoadJSON, Parse, _stream_key_by_map_operator",2,idleTimeMsPerSecond,0.0
1784198410,8,"Source: Source-data -> LoadJSON, Parse, _stream_key_by_map_operator",2,numRecordsOut,6234.0
1784198410,8,"Source: Source-data -> LoadJSON, Parse, _stream_key_by_map_operator",2,numRecordsIn,6234.0
1784198410,8,"Source: Source-data -> LoadJSON, Parse, _stream_key_by_map_operator",2,numRecordsInPerSecond,0.0
1784198410,8,"Source: Source-data -> LoadJSON, Parse, _stream_key_by_map_operator",2,backPressuredTimeMsPerSecond,1000.0
1784198410,8,"Source: Source-data -> LoadJSON, Parse, _stream_key_by_map_operator",3,busyTimeMsPerSecond,0.0
1784198410,8,"Source: Source-data -> LoadJSON, Parse, _stream_key_by_map_operator",3,numRecordsOutPerSecond,0.0
1784198410,8,"Source: Source-data -> LoadJSON, Parse, _stream_key_by_map_operator",3,idleTimeMsPerSecond,0.0
1784198410,8,"Source: Source-data -> LoadJSON, Parse, _stream_key_by_map_operator",3,numRecordsOut,6021.0
1784198410,8,"Source: Source-data -> LoadJSON, Parse, _stream_key_by_map_operator",3,numRecordsIn,6021.0
1784198410,8,"Source: Source-data -> LoadJSON, Parse, _stream_key_by_map_operator",3,numRecordsInPerSecond,0.0
1784198410,8,"Source: Source-data -> LoadJSON, Parse, _stream_key_by_map_operator",3,backPressuredTimeMsPerSecond,1000.0
1784198410,8,"Source: Source-data -> LoadJSON, Parse, _stream_key_by_map_operator",4,busyTimeMsPerSecond,0.0
1784198410,8,"Source: Source-data -> LoadJSON, Parse, _stream_key_by_map_operator",4,numRecordsOutPerSecond,0.0
1784198410,8,"Source: Source-data -> LoadJSON, Parse, _stream_key_by_map_operator",4,idleTimeMsPerSecond,0.0
1784198410,8,"Source: Source-data -> LoadJSON, Parse, _stream_key_by_map_operator",4,numRecordsOut,6068.0
1784198410,8,"Source: Source-data -> LoadJSON, Parse, _stream_key_by_map_operator",4,numRecordsIn,6068.0
1784198410,8,"Source: Source-data -> LoadJSON, Parse, _stream_key_by_map_operator",4,numRecordsInPerSecond,0.0
1784198410,8,"Source: Source-data -> LoadJSON, Parse, _stream_key_by_map_operator",4,backPressuredTimeMsPerSecond,1000.0
1784198410,8,"Source: Source-data -> LoadJSON, Parse, _stream_key_by_map_operator",5,busyTimeMsPerSecond,0.0
1784198410,8,"Source: Source-data -> LoadJSON, Parse, _stream_key_by_map_operator",5,numRecordsOutPerSecond,0.0
1784198410,8,"Source: Source-data -> LoadJSON, Parse, _stream_key_by_map_operator",5,idleTimeMsPerSecond,1000.0
1784198410,8,"Source: Source-data -> LoadJSON, Parse, _stream_key_by_map_operator",5,numRecordsOut,6103.0
1784198410,8,"Source: Source-data -> LoadJSON, Parse, _stream_key_by_map_operator",5,numRecordsIn,6103.0
1784198410,8,"Source: Source-data -> LoadJSON, Parse, _stream_key_by_map_operator",5,numRecordsInPerSecond,0.0
1784198410,8,"Source: Source-data -> LoadJSON, Parse, _stream_key_by_map_operator",5,backPressuredTimeMsPerSecond,0.0
1784198410,8,"Source: Source-data -> LoadJSON, Parse, _stream_key_by_map_operator",6,busyTimeMsPerSecond,0.0
1784198410,8,"Source: Source-data -> LoadJSON, Parse, _stream_key_by_map_operator",6,numRecordsOutPerSecond,0.0
1784198410,8,"Source: Source-data -> LoadJSON, Parse, _stream_key_by_map_operator",6,idleTimeMsPerSecond,0.0
1784198410,8,"Source: Source-data -> LoadJSON, Parse, _stream_key_by_map_operator",6,numRecordsOut,6065.0
1784198410,8,"Source: Source-data -> LoadJSON, Parse, _stream_key_by_map_operator",6,numRecordsIn,6065.0
1784198410,8,"Source: Source-data -> LoadJSON, Parse, _stream_key_by_map_operator",6,numRecordsInPerSecond,0.0
1784198410,8,"Source: Source-data -> LoadJSON, Parse, _stream_key_by_map_operator",6,backPressuredTimeMsPerSecond,1000.0
1784198410,8,"Source: Source-data -> LoadJSON, Parse, _stream_key_by_map_operator",7,busyTimeMsPerSecond,0.0
1784198410,8,"Source: Source-data -> LoadJSON, Parse, _stream_key_by_map_operator",7,numRecordsOutPerSecond,0.0
1784198410,8,"Source: Source-data -> LoadJSON, Parse, _stream_key_by_map_operator",7,idleTimeMsPerSecond,0.0
1784198410,8,"Source: Source-data -> LoadJSON, Parse, _stream_key_by_map_operator",7,numRecordsOut,5972.0
1784198410,8,"Source: Source-data -> LoadJSON, Parse, _stream_key_by_map_operator",7,numRecordsIn,5972.0
1784198410,8,"Source: Source-data -> LoadJSON, Parse, _stream_key_by_map_operator",7,numRecordsInPerSecond,0.0
1784198410,8,"Source: Source-data -> LoadJSON, Parse, _stream_key_by_map_operator",7,backPressuredTimeMsPerSecond,1000.0
1784198410,8,"KEYED PROCESS, Parse->Train, _stream_key_by_map_operator",0,busyTimeMsPerSecond,663.0
1784198410,8,"KEYED PROCESS, Parse->Train, _stream_key_by_map_operator",0,numRecordsOutPerSecond,0.18333333333333332
1784198410,8,"KEYED PROCESS, Parse->Train, _stream_key_by_map_operator",0,idleTimeMsPerSecond,0.0
1784198410,8,"KEYED PROCESS, Parse->Train, _stream_key_by_map_operator",0,numRecordsOut,224.0
1784198410,8,"KEYED PROCESS, Parse->Train, _stream_key_by_map_operator",0,numRecordsIn,225.0
1784198410,8,"KEYED PROCESS, Parse->Train, _stream_key_by_map_operator",0,numRecordsInPerSecond,0.18333333333333332
1784198410,8,"KEYED PROCESS, Parse->Train, _stream_key_by_map_operator",0,backPressuredTimeMsPerSecond,337.0
1784198410,8,"KEYED PROCESS, Parse->Train, _stream_key_by_map_operator",1,busyTimeMsPerSecond,427.0
1784198410,8,"KEYED PROCESS, Parse->Train, _stream_key_by_map_operator",1,numRecordsOutPerSecond,0.11666666666666667
1784198410,8,"KEYED PROCESS, Parse->Train, _stream_key_by_map_operator",1,idleTimeMsPerSecond,0.0
1784198410,8,"KEYED PROCESS, Parse->Train, _stream_key_by_map_operator",1,numRecordsOut,220.0
1784198410,8,"KEYED PROCESS, Parse->Train, _stream_key_by_map_operator",1,numRecordsIn,221.0
1784198410,8,"KEYED PROCESS, Parse->Train, _stream_key_by_map_operator",1,numRecordsInPerSecond,0.11666666666666667
1784198410,8,"KEYED PROCESS, Parse->Train, _stream_key_by_map_operator",1,backPressuredTimeMsPerSecond,573.0
1784198410,8,"KEYED PROCESS, Parse->Train, _stream_key_by_map_operator",2,busyTimeMsPerSecond,757.0
1784198410,8,"KEYED PROCESS, Parse->Train, _stream_key_by_map_operator",2,numRecordsOutPerSecond,0.2
1784198410,8,"KEYED PROCESS, Parse->Train, _stream_key_by_map_operator",2,idleTimeMsPerSecond,0.0
1784198410,8,"KEYED PROCESS, Parse->Train, _stream_key_by_map_operator",2,numRecordsOut,181.0
1784198410,8,"KEYED PROCESS, Parse->Train, _stream_key_by_map_operator",2,numRecordsIn,182.0
1784198410,8,"KEYED PROCESS, Parse->Train, _stream_key_by_map_operator",2,numRecordsInPerSecond,0.2
1784198410,8,"KEYED PROCESS, Parse->Train, _stream_key_by_map_operator",2,backPressuredTimeMsPerSecond,243.0
1784198410,8,"KEYED PROCESS, Parse->Train, _stream_key_by_map_operator",3,busyTimeMsPerSecond,0.0
1784198410,8,"KEYED PROCESS, Parse->Train, _stream_key_by_map_operator",3,numRecordsOutPerSecond,0.0
1784198410,8,"KEYED PROCESS, Parse->Train, _stream_key_by_map_operator",3,idleTimeMsPerSecond,1000.0
1784198410,8,"KEYED PROCESS, Parse->Train, _stream_key_by_map_operator",3,numRecordsOut,0.0
1784198410,8,"KEYED PROCESS, Parse->Train, _stream_key_by_map_operator",3,numRecordsIn,0.0
1784198410,8,"KEYED PROCESS, Parse->Train, _stream_key_by_map_operator",3,numRecordsInPerSecond,0.0
1784198410,8,"KEYED PROCESS, Parse->Train, _stream_key_by_map_operator",3,backPressuredTimeMsPerSecond,0.0
1784198410,8,"KEYED PROCESS, Parse->Train, _stream_key_by_map_operator",4,busyTimeMsPerSecond,539.0
1784198410,8,"KEYED PROCESS, Parse->Train, _stream_key_by_map_operator",4,numRecordsOutPerSecond,0.13333333333333333
1784198410,8,"KEYED PROCESS, Parse->Train, _stream_key_by_map_operator",4,idleTimeMsPerSecond,0.0
1784198410,8,"KEYED PROCESS, Parse->Train, _stream_key_by_map_operator",4,numRecordsOut,253.0
1784198410,8,"KEYED PROCESS, Parse->Train, _stream_key_by_map_operator",4,numRecordsIn,254.0
1784198410,8,"KEYED PROCESS, Parse->Train, _stream_key_by_map_operator",4,numRecordsInPerSecond,0.13333333333333333
1784198410,8,"KEYED PROCESS, Parse->Train, _stream_key_by_map_operator",4,backPressuredTimeMsPerSecond,461.0
1784198410,8,"KEYED PROCESS, Parse->Train, _stream_key_by_map_operator",5,busyTimeMsPerSecond,0.0
1784198410,8,"KEYED PROCESS, Parse->Train, _stream_key_by_map_operator",5,numRecordsOutPerSecond,0.0
1784198410,8,"KEYED PROCESS, Parse->Train, _stream_key_by_map_operator",5,idleTimeMsPerSecond,1000.0
1784198410,8,"KEYED PROCESS, Parse->Train, _stream_key_by_map_operator",5,numRecordsOut,0.0
1784198410,8,"KEYED PROCESS, Parse->Train, _stream_key_by_map_operator",5,numRecordsIn,0.0
1784198410,8,"KEYED PROCESS, Parse->Train, _stream_key_by_map_operator",5,numRecordsInPerSecond,0.0
1784198410,8,"KEYED PROCESS, Parse->Train, _stream_key_by_map_operator",5,backPressuredTimeMsPerSecond,0.0
1784198410,8,"KEYED PROCESS, Parse->Train, _stream_key_by_map_operator",6,busyTimeMsPerSecond,0.0
1784198410,8,"KEYED PROCESS, Parse->Train, _stream_key_by_map_operator",6,numRecordsOutPerSecond,0.0
1784198410,8,"KEYED PROCESS, Parse->Train, _stream_key_by_map_operator",6,idleTimeMsPerSecond,1000.0
1784198410,8,"KEYED PROCESS, Parse->Train, _stream_key_by_map_operator",6,numRecordsOut,0.0
1784198410,8,"KEYED PROCESS, Parse->Train, _stream_key_by_map_operator",6,numRecordsIn,0.0
1784198410,8,"KEYED PROCESS, Parse->Train, _stream_key_by_map_operator",6,numRecordsInPerSecond,0.0
1784198410,8,"KEYED PROCESS, Parse->Train, _stream_key_by_map_operator",6,backPressuredTimeMsPerSecond,0.0
1784198410,8,"KEYED PROCESS, Parse->Train, _stream_key_by_map_operator",7,busyTimeMsPerSecond,489.0
1784198410,8,"KEYED PROCESS, Parse->Train, _stream_key_by_map_operator",7,numRecordsOutPerSecond,0.13333333333333333
1784198410,8,"KEYED PROCESS, Parse->Train, _stream_key_by_map_operator",7,idleTimeMsPerSecond,0.0
1784198410,8,"KEYED PROCESS, Parse->Train, _stream_key_by_map_operator",7,numRecordsOut,183.0
1784198410,8,"KEYED PROCESS, Parse->Train, _stream_key_by_map_operator",7,numRecordsIn,184.0
1784198410,8,"KEYED PROCESS, Parse->Train, _stream_key_by_map_operator",7,numRecordsInPerSecond,0.13333333333333333
1784198410,8,"KEYED PROCESS, Parse->Train, _stream_key_by_map_operator",7,backPressuredTimeMsPerSecond,511.0
1784198410,8,"KEYED PROCESS, Train->Infer, _stream_key_by_map_operator",0,busyTimeMsPerSecond,543.0
1784198410,8,"KEYED PROCESS, Train->Infer, _stream_key_by_map_operator",0,numRecordsOutPerSecond,41.666666666666664
1784198410,8,"KEYED PROCESS, Train->Infer, _stream_key_by_map_operator",0,idleTimeMsPerSecond,0.0
1784198410,8,"KEYED PROCESS, Train->Infer, _stream_key_by_map_operator",0,numRecordsOut,54381.0
1784198410,8,"KEYED PROCESS, Train->Infer, _stream_key_by_map_operator",0,numRecordsIn,170.0
1784198410,8,"KEYED PROCESS, Train->Infer, _stream_key_by_map_operator",0,numRecordsInPerSecond,0.1
1784198410,8,"KEYED PROCESS, Train->Infer, _stream_key_by_map_operator",0,backPressuredTimeMsPerSecond,457.0
1784198410,8,"KEYED PROCESS, Train->Infer, _stream_key_by_map_operator",1,busyTimeMsPerSecond,500.0
1784198410,8,"KEYED PROCESS, Train->Infer, _stream_key_by_map_operator",1,numRecordsOutPerSecond,33.333333333333336
1784198410,8,"KEYED PROCESS, Train->Infer, _stream_key_by_map_operator",1,idleTimeMsPerSecond,369.0
1784198410,8,"KEYED PROCESS, Train->Infer, _stream_key_by_map_operator",1,numRecordsOut,51059.0
1784198410,8,"KEYED PROCESS, Train->Infer, _stream_key_by_map_operator",1,numRecordsIn,163.0
1784198410,8,"KEYED PROCESS, Train->Infer, _stream_key_by_map_operator",1,numRecordsInPerSecond,0.06666666666666667
1784198410,8,"KEYED PROCESS, Train->Infer, _stream_key_by_map_operator",1,backPressuredTimeMsPerSecond,131.0
1784198410,8,"KEYED PROCESS, Train->Infer, _stream_key_by_map_operator",2,busyTimeMsPerSecond,604.0
1784198410,8,"KEYED PROCESS, Train->Infer, _stream_key_by_map_operator",2,numRecordsOutPerSecond,41.666666666666664
1784198410,8,"KEYED PROCESS, Train->Infer, _stream_key_by_map_operator",2,idleTimeMsPerSecond,1.0
1784198410,8,"KEYED PROCESS, Train->Infer, _stream_key_by_map_operator",2,numRecordsOut,56515.0
1784198410,8,"KEYED PROCESS, Train->Infer, _stream_key_by_map_operator",2,numRecordsIn,129.0
1784198410,8,"KEYED PROCESS, Train->Infer, _stream_key_by_map_operator",2,numRecordsInPerSecond,0.06666666666666667
1784198410,8,"KEYED PROCESS, Train->Infer, _stream_key_by_map_operator",2,backPressuredTimeMsPerSecond,395.0
1784198410,8,"KEYED PROCESS, Train->Infer, _stream_key_by_map_operator",3,busyTimeMsPerSecond,507.0
1784198410,8,"KEYED PROCESS, Train->Infer, _stream_key_by_map_operator",3,numRecordsOutPerSecond,50.0
1784198410,8,"KEYED PROCESS, Train->Infer, _stream_key_by_map_operator",3,idleTimeMsPerSecond,493.0
1784198410,8,"KEYED PROCESS, Train->Infer, _stream_key_by_map_operator",3,numRecordsOut,55000.0
1784198410,8,"KEYED PROCESS, Train->Infer, _stream_key_by_map_operator",3,numRecordsIn,110.0
1784198410,8,"KEYED PROCESS, Train->Infer, _stream_key_by_map_operator",3,numRecordsInPerSecond,0.11666666666666667
1784198410,8,"KEYED PROCESS, Train->Infer, _stream_key_by_map_operator",3,backPressuredTimeMsPerSecond,0.0
1784198410,8,"KEYED PROCESS, Train->Infer, _stream_key_by_map_operator",4,busyTimeMsPerSecond,801.0
1784198410,8,"KEYED PROCESS, Train->Infer, _stream_key_by_map_operator",4,numRecordsOutPerSecond,66.66666666666667
1784198410,8,"KEYED PROCESS, Train->Infer, _stream_key_by_map_operator",4,idleTimeMsPerSecond,199.0
1784198410,8,"KEYED PROCESS, Train->Infer, _stream_key_by_map_operator",4,numRecordsOut,40575.0
1784198410,8,"KEYED PROCESS, Train->Infer, _stream_key_by_map_operator",4,numRecordsIn,156.0
1784198410,8,"KEYED PROCESS, Train->Infer, _stream_key_by_map_operator",4,numRecordsInPerSecond,0.13333333333333333
1784198410,8,"KEYED PROCESS, Train->Infer, _stream_key_by_map_operator",4,backPressuredTimeMsPerSecond,0.0
1784198410,8,"KEYED PROCESS, Train->Infer, _stream_key_by_map_operator",5,busyTimeMsPerSecond,365.0
1784198410,8,"KEYED PROCESS, Train->Infer, _stream_key_by_map_operator",5,numRecordsOutPerSecond,41.666666666666664
1784198410,8,"KEYED PROCESS, Train->Infer, _stream_key_by_map_operator",5,idleTimeMsPerSecond,635.0
1784198410,8,"KEYED PROCESS, Train->Infer, _stream_key_by_map_operator",5,numRecordsOut,49500.0
1784198410,8,"KEYED PROCESS, Train->Infer, _stream_key_by_map_operator",5,numRecordsIn,100.0
1784198410,8,"KEYED PROCESS, Train->Infer, _stream_key_by_map_operator",5,numRecordsInPerSecond,0.08333333333333333
1784198410,8,"KEYED PROCESS, Train->Infer, _stream_key_by_map_operator",5,backPressuredTimeMsPerSecond,0.0
1784198410,8,"KEYED PROCESS, Train->Infer, _stream_key_by_map_operator",6,busyTimeMsPerSecond,502.0
1784198410,8,"KEYED PROCESS, Train->Infer, _stream_key_by_map_operator",6,numRecordsOutPerSecond,58.333333333333336
1784198410,8,"KEYED PROCESS, Train->Infer, _stream_key_by_map_operator",6,idleTimeMsPerSecond,498.0
1784198410,8,"KEYED PROCESS, Train->Infer, _stream_key_by_map_operator",6,numRecordsOut,51500.0
1784198410,8,"KEYED PROCESS, Train->Infer, _stream_key_by_map_operator",6,numRecordsIn,104.0
1784198410,8,"KEYED PROCESS, Train->Infer, _stream_key_by_map_operator",6,numRecordsInPerSecond,0.11666666666666667
1784198410,8,"KEYED PROCESS, Train->Infer, _stream_key_by_map_operator",6,backPressuredTimeMsPerSecond,0.0
1784198410,8,"KEYED PROCESS, Train->Infer, _stream_key_by_map_operator",7,busyTimeMsPerSecond,547.0
1784198410,8,"KEYED PROCESS, Train->Infer, _stream_key_by_map_operator",7,numRecordsOutPerSecond,50.0
1784198410,8,"KEYED PROCESS, Train->Infer, _stream_key_by_map_operator",7,idleTimeMsPerSecond,453.0
1784198410,8,"KEYED PROCESS, Train->Infer, _stream_key_by_map_operator",7,numRecordsOut,52030.0
1784198410,8,"KEYED PROCESS, Train->Infer, _stream_key_by_map_operator",7,numRecordsIn,135.0
1784198410,8,"KEYED PROCESS, Train->Infer, _stream_key_by_map_operator",7,numRecordsInPerSecond,0.08333333333333333
1784198410,8,"KEYED PROCESS, Train->Infer, _stream_key_by_map_operator",7,backPressuredTimeMsPerSecond,0.0
1784198410,8,"Infer->Rank, Rank->Filter, Filter -> Sink: Writer -> Sink: Committer",0,busyTimeMsPerSecond,1000.0
1784198410,8,"Infer->Rank, Rank->Filter, Filter -> Sink: Writer -> Sink: Committer",0,numRecordsOutPerSecond,33.833333333333336
1784198410,8,"Infer->Rank, Rank->Filter, Filter -> Sink: Writer -> Sink: Committer",0,idleTimeMsPerSecond,0.0
1784198410,8,"Infer->Rank, Rank->Filter, Filter -> Sink: Writer -> Sink: Committer",0,numRecordsOut,43404.0
1784198410,8,"Infer->Rank, Rank->Filter, Filter -> Sink: Writer -> Sink: Committer",0,numRecordsIn,51472.0
1784198410,8,"Infer->Rank, Rank->Filter, Filter -> Sink: Writer -> Sink: Committer",0,numRecordsInPerSecond,47.5
1784198410,8,"Infer->Rank, Rank->Filter, Filter -> Sink: Writer -> Sink: Committer",0,backPressuredTimeMsPerSecond,0.0
1784198410,8,"Infer->Rank, Rank->Filter, Filter -> Sink: Writer -> Sink: Committer",1,busyTimeMsPerSecond,1000.0
1784198410,8,"Infer->Rank, Rank->Filter, Filter -> Sink: Writer -> Sink: Committer",1,numRecordsOutPerSecond,25.833333333333332
1784198410,8,"Infer->Rank, Rank->Filter, Filter -> Sink: Writer -> Sink: Committer",1,idleTimeMsPerSecond,0.0
1784198410,8,"Infer->Rank, Rank->Filter, Filter -> Sink: Writer -> Sink: Committer",1,numRecordsOut,42010.0
1784198410,8,"Infer->Rank, Rank->Filter, Filter -> Sink: Writer -> Sink: Committer",1,numRecordsIn,48581.0
1784198410,8,"Infer->Rank, Rank->Filter, Filter -> Sink: Writer -> Sink: Committer",1,numRecordsInPerSecond,50.88333333333333
1784198410,8,"Infer->Rank, Rank->Filter, Filter -> Sink: Writer -> Sink: Committer",1,backPressuredTimeMsPerSecond,0.0
1784198410,8,"Infer->Rank, Rank->Filter, Filter -> Sink: Writer -> Sink: Committer",2,busyTimeMsPerSecond,1000.0
1784198410,8,"Infer->Rank, Rank->Filter, Filter -> Sink: Writer -> Sink: Committer",2,numRecordsOutPerSecond,16.333333333333332
1784198410,8,"Infer->Rank, Rank->Filter, Filter -> Sink: Writer -> Sink: Committer",2,idleTimeMsPerSecond,0.0
1784198410,8,"Infer->Rank, Rank->Filter, Filter -> Sink: Writer -> Sink: Committer",2,numRecordsOut,43540.0
1784198410,8,"Infer->Rank, Rank->Filter, Filter -> Sink: Writer -> Sink: Committer",2,numRecordsIn,53559.0
1784198410,8,"Infer->Rank, Rank->Filter, Filter -> Sink: Writer -> Sink: Committer",2,numRecordsInPerSecond,40.266666666666666
1784198410,8,"Infer->Rank, Rank->Filter, Filter -> Sink: Writer -> Sink: Committer",2,backPressuredTimeMsPerSecond,0.0
1784198410,8,"Infer->Rank, Rank->Filter, Filter -> Sink: Writer -> Sink: Committer",3,busyTimeMsPerSecond,621.0
1784198410,8,"Infer->Rank, Rank->Filter, Filter -> Sink: Writer -> Sink: Committer",3,numRecordsOutPerSecond,25.666666666666668
1784198410,8,"Infer->Rank, Rank->Filter, Filter -> Sink: Writer -> Sink: Committer",3,idleTimeMsPerSecond,379.0
1784198410,8,"Infer->Rank, Rank->Filter, Filter -> Sink: Writer -> Sink: Committer",3,numRecordsOut,44320.0
1784198410,8,"Infer->Rank, Rank->Filter, Filter -> Sink: Writer -> Sink: Committer",3,numRecordsIn,53829.0
1784198410,8,"Infer->Rank, Rank->Filter, Filter -> Sink: Writer -> Sink: Committer",3,numRecordsInPerSecond,42.43333333333333
1784198410,8,"Infer->Rank, Rank->Filter, Filter -> Sink: Writer -> Sink: Committer",3,backPressuredTimeMsPerSecond,0.0
1784198410,8,"Infer->Rank, Rank->Filter, Filter -> Sink: Writer -> Sink: Committer",4,busyTimeMsPerSecond,861.0
1784198410,8,"Infer->Rank, Rank->Filter, Filter -> Sink: Writer -> Sink: Committer",4,numRecordsOutPerSecond,27.5
1784198410,8,"Infer->Rank, Rank->Filter, Filter -> Sink: Writer -> Sink: Committer",4,idleTimeMsPerSecond,139.0
1784198410,8,"Infer->Rank, Rank->Filter, Filter -> Sink: Writer -> Sink: Committer",4,numRecordsOut,35800.0
1784198410,8,"Infer->Rank, Rank->Filter, Filter -> Sink: Writer -> Sink: Committer",4,numRecordsIn,38907.0
1784198410,8,"Infer->Rank, Rank->Filter, Filter -> Sink: Writer -> Sink: Committer",4,numRecordsInPerSecond,35.95
1784198410,8,"Infer->Rank, Rank->Filter, Filter -> Sink: Writer -> Sink: Committer",4,backPressuredTimeMsPerSecond,0.0
1784198410,8,"Infer->Rank, Rank->Filter, Filter -> Sink: Writer -> Sink: Committer",5,busyTimeMsPerSecond,607.0
1784198410,8,"Infer->Rank, Rank->Filter, Filter -> Sink: Writer -> Sink: Committer",5,numRecordsOutPerSecond,25.0
1784198410,8,"Infer->Rank, Rank->Filter, Filter -> Sink: Writer -> Sink: Committer",5,idleTimeMsPerSecond,393.0
1784198410,8,"Infer->Rank, Rank->Filter, Filter -> Sink: Writer -> Sink: Committer",5,numRecordsOut,41500.0
1784198410,8,"Infer->Rank, Rank->Filter, Filter -> Sink: Writer -> Sink: Committer",5,numRecordsIn,49500.0
1784198410,8,"Infer->Rank, Rank->Filter, Filter -> Sink: Writer -> Sink: Committer",5,numRecordsInPerSecond,49.75
1784198410,8,"Infer->Rank, Rank->Filter, Filter -> Sink: Writer -> Sink: Committer",5,backPressuredTimeMsPerSecond,0.0
1784198410,8,"Infer->Rank, Rank->Filter, Filter -> Sink: Writer -> Sink: Committer",6,busyTimeMsPerSecond,674.0
1784198410,8,"Infer->Rank, Rank->Filter, Filter -> Sink: Writer -> Sink: Committer",6,numRecordsOutPerSecond,38.333333333333336
1784198410,8,"Infer->Rank, Rank->Filter, Filter -> Sink: Writer -> Sink: Committer",6,idleTimeMsPerSecond,326.0
1784198410,8,"Infer->Rank, Rank->Filter, Filter -> Sink: Writer -> Sink: Committer",6,numRecordsOut,43400.0
1784198410,8,"Infer->Rank, Rank->Filter, Filter -> Sink: Writer -> Sink: Committer",6,numRecordsIn,50910.0
1784198410,8,"Infer->Rank, Rank->Filter, Filter -> Sink: Writer -> Sink: Committer",6,numRecordsInPerSecond,46.8
1784198410,8,"Infer->Rank, Rank->Filter, Filter -> Sink: Writer -> Sink: Committer",6,backPressuredTimeMsPerSecond,0.0
1784198410,8,"Infer->Rank, Rank->Filter, Filter -> Sink: Writer -> Sink: Committer",7,busyTimeMsPerSecond,1000.0
1784198410,8,"Infer->Rank, Rank->Filter, Filter -> Sink: Writer -> Sink: Committer",7,numRecordsOutPerSecond,25.0
1784198410,8,"Infer->Rank, Rank->Filter, Filter -> Sink: Writer -> Sink: Committer",7,idleTimeMsPerSecond,0.0
1784198410,8,"Infer->Rank, Rank->Filter, Filter -> Sink: Writer -> Sink: Committer",7,numRecordsOut,46990.0
1784198410,8,"Infer->Rank, Rank->Filter, Filter -> Sink: Writer -> Sink: Committer",7,numRecordsIn,50845.0
1784198410,8,"Infer->Rank, Rank->Filter, Filter -> Sink: Writer -> Sink: Committer",7,numRecordsInPerSecond,51.05
1784198410,8,"Infer->Rank, Rank->Filter, Filter -> Sink: Writer -> Sink: Committer",7,backPressuredTimeMsPerSecond,0.0
