emit_ts_ms,src_ts_ms,latency_ms
1784094944173,1784094937552,6621
1784094944173,1784094937552,6621
1784094944173,1784094937552,6621
1784094944173,1784094937552,6621
1784094944173,1784094937552,6621
1784094944173,1784094937552,6621
1784094944173,1784094937552,6621
1784094944173,1784094937552,6621
1784094944173,1784094937552,6621
1784094944173,1784094937552,6621
1784094944234,1784094937552,6682
1784094944234,1784094937552,6682
1784094944234,1784094937552,6682
1784094944234,1784094937552,6682
1784094944234,1784094937552,6682
1784094944234,1784094937552,6682
1784094944234,1784094937552,6682
1784094944234,1784094937552,6682
1784094944234,1784094937552,6682
1784094944234,1784094937552,6682
1784094944292,1784094937552,6740
1784094944292,1784094937552,6740
1784094944292,1784094937552,6740
1784094944292,1784094937552,6740
1784094944292,1784094937552,6740
1784094944292,1784094937552,6740
1784094944292,1784094937552,6740
1784094944292,1784094937552,6740
1784094944292,1784094937552,6740
1784094944292,1784094937552,6740
1784094944351,1784094937552,6799
1784094944351,1784094937552,6799
1784094944351,1784094937552,6799
1784094944351,1784094937552,6799
1784094944351,1784094937552,6799
1784094944351,1784094937552,6799
1784094944351,1784094937552,6799
1784094944351,1784094937552,6799
1784094944351,1784094937552,6799
1784094944351,1784094937552,6799
1784094944412,1784094937552,6860
1784094944412,1784094937552,6860
1784094944412,1784094937552,6860
1784094944412,1784094937552,6860
1784094944412,1784094937552,6860
1784094944412,1784094937552,6860
1784094944412,1784094937552,6860
1784094944412,1784094937552,6860
1784094944412,1784094937552,6860
1784094944412,1784094937552,6860
1784094944510,1784094937552,6958
1784094944510,1784094937552,6958
1784094944510,1784094937552,6958
1784094944510,1784094937552,6958
1784094944510,1784094937552,6958
1784094944510,1784094937552,6958
1784094944510,1784094937552,6958
1784094944510,1784094937552,6958
1784094944510,1784094937552,6958
1784094944510,1784094937552,6958
1784094944570,1784094937552,7018
1784094944570,1784094937552,7018
1784094944570,1784094937552,7018
1784094944570,1784094937552,7018
1784094944570,1784094937552,7018
1784094944570,1784094937552,7018
1784094944570,1784094937552,7018
1784094944570,1784094937552,7018
1784094944570,1784094937552,7018
1784094944570,1784094937552,7018
1784094944627,1784094937552,7075
1784094944627,1784094937552,7075
1784094944627,1784094937552,7075
1784094944627,1784094937552,7075
1784094944627,1784094937552,7075
1784094944627,1784094937552,7075
1784094944627,1784094937552,7075
1784094944627,1784094937552,7075
1784094944627,1784094937552,7075
1784094944627,1784094937552,7075
1784094944684,1784094937552,7132
1784094944684,1784094937552,7132
1784094944684,1784094937552,7132
1784094944684,1784094937552,7132
1784094944684,1784094937552,7132
1784094944684,1784094937552,7132
1784094944684,1784094937552,7132
1784094944684,1784094937552,7132
1784094944684,1784094937552,7132
1784094944684,1784094937552,7132
1784094944742,1784094937552,7190
1784094944742,1784094937552,7190
1784094944742,1784094937552,7190
1784094944742,1784094937552,7190
1784094944742,1784094937552,7190
1784094944742,1784094937552,7190
1784094944742,1784094937552,7190
1784094944742,1784094937552,7190
1784094944742,1784094937552,7190
1784094944742,1784094937552,7190
1784094944800,1784094937552,7248
1784094944800,1784094937552,7248
1784094944800,1784094937552,7248
1784094944800,1784094937552,7248
1784094944800,1784094937552,7248
1784094944800,1784094937552,7248
1784094944800,1784094937552,7248
1784094944800,1784094937552,7248
1784094944800,1784094937552,7248
1784094944800,1784094937552,7248
1784094944857,1784094937552,7305
1784094944857,1784094937552,7305
1784094944857,1784094937552,7305
1784094944857,1784094937552,7305
1784094944857,1784094937552,7305
1784094944857,1784094937552,7305
1784094944857,1784094937552,7305
1784094944857,1784094937552,7305
1784094944857,1784094937552,7305
1784094944857,1784094937552,7305
1784094944915,1784094937552,7363
1784094944915,1784094937552,7363
1784094944915,1784094937552,7363
1784094944915,1784094937552,7363
1784094944915,1784094937552,7363
1784094944915,1784094937552,7363
1784094944915,1784094937552,7363
1784094944915,1784094937552,7363
1784094944915,1784094937552,7363
1784094944915,1784094937552,7363
1784094944975,1784094937552,7423
1784094944975,1784094937552,7423
1784094944975,1784094937552,7423
1784094944975,1784094937552,7423
1784094944975,1784094937552,7423
1784094944975,1784094937552,7423
1784094944975,1784094937552,7423
1784094944975,1784094937552,7423
1784094944975,1784094937552,7423
1784094944975,1784094937552,7423
1784094945046,1784094937552,7494
1784094945046,1784094937552,7494
1784094945046,1784094937552,7494
1784094945046,1784094937552,7494
1784094945046,1784094937552,7494
1784094945046,1784094937552,7494
1784094945046,1784094937552,7494
1784094945046,1784094937552,7494
1784094945046,1784094937552,7494
1784094945046,1784094937552,7494
1784094945147,1784094937552,7595
1784094945147,1784094937552,7595
1784094945147,1784094937552,7595
1784094945147,1784094937552,7595
1784094945147,1784094937552,7595
1784094945147,1784094937552,7595
1784094945147,1784094937552,7595
1784094945147,1784094937552,7595
1784094945147,1784094937552,7595
1784094945147,1784094937552,7595
1784094945237,1784094937552,7685
1784094945237,1784094937552,7685
1784094945237,1784094937552,7685
1784094945237,1784094937552,7685
1784094945237,1784094937552,7685
1784094945237,1784094937552,7685
1784094945237,1784094937552,7685
1784094945237,1784094937552,7685
1784094945237,1784094937552,7685
1784094945237,1784094937552,7685
1784094945330,1784094937552,7778
1784094945330,1784094937552,7778
1784094945330,1784094937552,7778
1784094945330,1784094937552,7778
1784094945330,1784094937552,7778
1784094945330,1784094937552,7778
1784094945330,1784094937552,7778
1784094945330,1784094937552,7778
1784094945330,1784094937552,7778
1784094945330,1784094937552,7778
1784094945416,1784094937552,7864
1784094945416,1784094937552,7864
1784094945416,1784094937552,7864
1784094945416,1784094937552,7864
1784094945416,1784094937552,7864
1784094945416,1784094937552,7864
1784094945416,1784094937552,7864
1784094945416,1784094937552,7864
1784094945416,1784094937552,7864
1784094945416,1784094937552,7864
1784094945531,1784094937552,7979
1784094945531,1784094937552,7979
1784094945531,1784094937552,7979
1784094945531,1784094937552,7979
1784094945531,1784094937552,7979
1784094945531,1784094937552,7979
1784094945531,1784094937552,7979
1784094945531,1784094937552,7979
1784094945531,1784094937552,7979
1784094945531,1784094937552,7979
1784094945611,1784094937552,8059
1784094945611,1784094937552,8059
1784094945611,1784094937552,8059
1784094945611,1784094937552,8059
1784094945611,1784094937552,8059
1784094945611,1784094937552,8059
1784094945611,1784094937552,8059
1784094945611,1784094937552,8059
1784094945611,1784094937552,8059
1784094945611,1784094937552,8059
1784094945673,1784094937552,8121
1784094945673,1784094937552,8121
1784094945673,1784094937552,8121
1784094945673,1784094937552,8121
1784094945673,1784094937552,8121
1784094945673,1784094937552,8121
1784094945673,1784094937552,8121
1784094945673,1784094937552,8121
1784094945673,1784094937552,8121
1784094945673,1784094937552,8121
1784094945740,1784094937552,8188
1784094945740,1784094937552,8188
1784094945740,1784094937552,8188
1784094945740,1784094937552,8188
1784094945740,1784094937552,8188
1784094945740,1784094937552,8188
1784094945740,1784094937552,8188
1784094945740,1784094937552,8188
1784094945740,1784094937552,8188
1784094945740,1784094937552,8188
1784094945816,1784094937552,8264
1784094945816,1784094937552,8264
1784094945816,1784094937552,8264
1784094945816,1784094937552,8264
1784094945816,1784094937552,8264
1784094945816,1784094937552,8264
1784094945816,1784094937552,8264
1784094945816,1784094937552,8264
1784094945816,1784094937552,8264
1784094945816,1784094937552,8264
1784094945909,1784094937552,8357
1784094945909,1784094937552,8357
1784094945909,1784094937552,8357
1784094945909,1784094937552,8357
1784094945909,1784094937552,8357
1784094945909,1784094937552,8357
1784094945909,1784094937552,8357
1784094945909,1784094937552,8357
1784094945909,1784094937552,8357
1784094945909,1784094937552,8357
1784094945982,1784094937552,8430
1784094945982,1784094937552,8430
1784094945982,1784094937552,8430
1784094945982,1784094937552,8430
1784094945982,1784094937552,8430
1784094945982,1784094937552,8430
1784094945982,1784094937552,8430
1784094945982,1784094937552,8430
1784094945982,1784094937552,8430
1784094945982,1784094937552,8430
1784094946051,1784094937552,8499
1784094946051,1784094937552,8499
1784094946051,1784094937552,8499
1784094946051,1784094937552,8499
1784094946051,1784094937552,8499
1784094946051,1784094937552,8499
1784094946051,1784094937552,8499
1784094946051,1784094937552,8499
1784094946051,1784094937552,8499
1784094946051,1784094937552,8499
1784094946109,1784094937552,8557
1784094946109,1784094937552,8557
1784094946109,1784094937552,8557
1784094946109,1784094937552,8557
1784094946109,1784094937552,8557
1784094946109,1784094937552,8557
1784094946109,1784094937552,8557
1784094946109,1784094937552,8557
1784094946109,1784094937552,8557
1784094946109,1784094937552,8557
1784094946167,1784094937552,8615
1784094946167,1784094937552,8615
1784094946167,1784094937552,8615
1784094946167,1784094937552,8615
1784094946167,1784094937552,8615
1784094946167,1784094937552,8615
1784094946167,1784094937552,8615
1784094946167,1784094937552,8615
1784094946167,1784094937552,8615
1784094946167,1784094937552,8615
1784094946226,1784094937552,8674
1784094946226,1784094937552,8674
1784094946226,1784094937552,8674
1784094946226,1784094937552,8674
1784094946226,1784094937552,8674
1784094946226,1784094937552,8674
1784094946226,1784094937552,8674
1784094946226,1784094937552,8674
1784094946226,1784094937552,8674
1784094946226,1784094937552,8674
1784094946284,1784094937552,8732
1784094946284,1784094937552,8732
1784094946284,1784094937552,8732
1784094946284,1784094937552,8732
1784094946284,1784094937552,8732
1784094946284,1784094937552,8732
1784094946284,1784094937552,8732
1784094946284,1784094937552,8732
1784094946284,1784094937552,8732
1784094946284,1784094937552,8732
1784094946342,1784094937552,8790
1784094946342,1784094937552,8790
1784094946342,1784094937552,8790
1784094946342,1784094937552,8790
1784094946342,1784094937552,8790
1784094946342,1784094937552,8790
1784094946342,1784094937552,8790
1784094946342,1784094937552,8790
1784094946342,1784094937552,8790
1784094946342,1784094937552,8790
1784094946400,1784094937552,8848
1784094946400,1784094937552,8848
1784094946400,1784094937552,8848
1784094946400,1784094937552,8848
1784094946400,1784094937552,8848
1784094946400,1784094937552,8848
1784094946400,1784094937552,8848
1784094946400,1784094937552,8848
1784094946400,1784094937552,8848
1784094946400,1784094937552,8848
1784094946459,1784094937552,8907
1784094946459,1784094937552,8907
1784094946459,1784094937552,8907
1784094946459,1784094937552,8907
1784094946459,1784094937552,8907
1784094946459,1784094937552,8907
1784094946459,1784094937552,8907
1784094946459,1784094937552,8907
1784094946459,1784094937552,8907
1784094946459,1784094937552,8907
1784094946517,1784094937552,8965
1784094946517,1784094937552,8965
1784094946517,1784094937552,8965
1784094946517,1784094937552,8965
1784094946517,1784094937552,8965
1784094946517,1784094937552,8965
1784094946517,1784094937552,8965
1784094946517,1784094937552,8965
1784094946517,1784094937552,8965
1784094946517,1784094937552,8965
1784094946574,1784094937552,9022
1784094946574,1784094937552,9022
1784094946574,1784094937552,9022
1784094946574,1784094937552,9022
1784094946574,1784094937552,9022
1784094946574,1784094937552,9022
1784094946574,1784094937552,9022
1784094946574,1784094937552,9022
1784094946574,1784094937552,9022
1784094946574,1784094937552,9022
1784094946633,1784094937552,9081
1784094946633,1784094937552,9081
1784094946633,1784094937552,9081
1784094946633,1784094937552,9081
1784094946633,1784094937552,9081
1784094946633,1784094937552,9081
1784094946633,1784094937552,9081
1784094946633,1784094937552,9081
1784094946633,1784094937552,9081
1784094946633,1784094937552,9081
1784094946691,1784094937552,9139
1784094946691,1784094937552,9139
1784094946691,1784094937552,9139
1784094946691,1784094937552,9139
1784094946691,1784094937552,9139
1784094946691,1784094937552,9139
1784094946691,1784094937552,9139
1784094946691,1784094937552,9139
1784094946691,1784094937552,9139
1784094946691,1784094937552,9139
1784094946748,1784094937552,9196
1784094946748,1784094937552,9196
1784094946748,1784094937552,9196
1784094946748,1784094937552,9196
1784094946748,1784094937552,9196
1784094946748,1784094937552,9196
1784094946748,1784094937552,9196
1784094946748,1784094937552,9196
1784094946748,1784094937552,9196
1784094946748,1784094937552,9196
1784094946807,1784094937552,9255
1784094946807,1784094937552,9255
1784094946807,1784094937552,9255
1784094946807,1784094937552,9255
1784094946807,1784094937552,9255
1784094946807,1784094937552,9255
1784094946807,1784094937552,9255
1784094946807,1784094937552,9255
1784094946807,1784094937552,9255
1784094946807,1784094937552,9255
1784094946865,1784094937552,9313
1784094946865,1784094937552,9313
1784094946865,1784094937552,9313
1784094946865,1784094937552,9313
1784094946865,1784094937552,9313
1784094946865,1784094937552,9313
1784094946865,1784094937552,9313
1784094946865,1784094937552,9313
1784094946865,1784094937552,9313
1784094946865,1784094937552,9313
1784094946926,1784094937552,9374
1784094946926,1784094937552,9374
1784094946926,1784094937552,9374
1784094946926,1784094937552,9374
1784094946926,1784094937552,9374
1784094946926,1784094937552,9374
1784094946926,1784094937552,9374
1784094946926,1784094937552,9374
1784094946926,1784094937552,9374
1784094946926,1784094937552,9374
1784094946984,1784094937552,9432
1784094946984,1784094937552,9432
1784094946984,1784094937552,9432
1784094946984,1784094937552,9432
1784094946984,1784094937552,9432
1784094946984,1784094937552,9432
1784094946984,1784094937552,9432
1784094946984,1784094937552,9432
1784094946984,1784094937552,9432
1784094946984,1784094937552,9432
1784094947041,1784094937552,9489
1784094947041,1784094937552,9489
1784094947041,1784094937552,9489
1784094947041,1784094937552,9489
1784094947041,1784094937552,9489
1784094947041,1784094937552,9489
1784094947041,1784094937552,9489
1784094947041,1784094937552,9489
1784094947041,1784094937552,9489
1784094947041,1784094937552,9489
1784094947098,1784094937552,9546
1784094947098,1784094937552,9546
1784094947098,1784094937552,9546
1784094947098,1784094937552,9546
1784094947098,1784094937552,9546
1784094947098,1784094937552,9546
1784094947098,1784094937552,9546
1784094947098,1784094937552,9546
1784094947098,1784094937552,9546
1784094947098,1784094937552,9546
1784094947184,1784094937552,9632
1784094947184,1784094937552,9632
1784094947184,1784094937552,9632
1784094947184,1784094937552,9632
1784094947184,1784094937552,9632
1784094947184,1784094937552,9632
1784094947184,1784094937552,9632
1784094947184,1784094937552,9632
1784094947184,1784094937552,9632
1784094947184,1784094937552,9632
1784094947286,1784094937552,9734
1784094947286,1784094937552,9734
1784094947286,1784094937552,9734
1784094947286,1784094937552,9734
1784094947286,1784094937552,9734
1784094947286,1784094937552,9734
1784094947286,1784094937552,9734
1784094947286,1784094937552,9734
1784094947286,1784094937552,9734
1784094947286,1784094937552,9734
1784094947374,1784094937552,9822
1784094947374,1784094937552,9822
1784094947374,1784094937552,9822
1784094947374,1784094937552,9822
1784094947374,1784094937552,9822
1784094947374,1784094937552,9822
1784094947374,1784094937552,9822
1784094947374,1784094937552,9822
1784094947374,1784094937552,9822
1784094947374,1784094937552,9822
1784094947477,1784094937552,9925
1784094947477,1784094937552,9925
1784094947477,1784094937552,9925
1784094947477,1784094937552,9925
1784094947477,1784094937552,9925
1784094947477,1784094937552,9925
1784094947477,1784094937552,9925
1784094947477,1784094937552,9925
1784094947477,1784094937552,9925
1784094947477,1784094937552,9925
1784094947593,1784094937552,10041
1784094947593,1784094937552,10041
1784094947593,1784094937552,10041
1784094947593,1784094937552,10041
1784094947593,1784094937552,10041
1784094947593,1784094937552,10041
1784094947593,1784094937552,10041
1784094947593,1784094937552,10041
1784094947593,1784094937552,10041
1784094947593,1784094937552,10041
1784094994264,1784094987610,6654
1784094994264,1784094987610,6654
1784094994264,1784094987610,6654
1784094994264,1784094987610,6654
1784094994264,1784094987610,6654
1784094994264,1784094987610,6654
1784094994264,1784094987610,6654
1784094994264,1784094987610,6654
1784094994264,1784094987610,6654
1784094994264,1784094987610,6654
1784094994329,1784094987610,6719
1784094994329,1784094987610,6719
1784094994329,1784094987610,6719
1784094994329,1784094987610,6719
1784094994329,1784094987610,6719
1784094994329,1784094987610,6719
1784094994329,1784094987610,6719
1784094994329,1784094987610,6719
1784094994329,1784094987610,6719
1784094994329,1784094987610,6719
1784094994399,1784094987610,6789
1784094994399,1784094987610,6789
1784094994399,1784094987610,6789
1784094994399,1784094987610,6789
1784094994399,1784094987610,6789
1784094994399,1784094987610,6789
1784094994399,1784094987610,6789
1784094994399,1784094987610,6789
1784094994399,1784094987610,6789
1784094994399,1784094987610,6789
1784094994472,1784094987610,6862
1784094994472,1784094987610,6862
1784094994472,1784094987610,6862
1784094994472,1784094987610,6862
1784094994472,1784094987610,6862
1784094994472,1784094987610,6862
1784094994472,1784094987610,6862
1784094994472,1784094987610,6862
1784094994472,1784094987610,6862
1784094994472,1784094987610,6862
1784094994540,1784094987610,6930
1784094994540,1784094987610,6930
1784094994540,1784094987610,6930
1784094994540,1784094987610,6930
1784094994540,1784094987610,6930
1784094994540,1784094987610,6930
1784094994540,1784094987610,6930
1784094994540,1784094987610,6930
1784094994540,1784094987610,6930
1784094994540,1784094987610,6930
1784094994611,1784094987610,7001
1784094994611,1784094987610,7001
1784094994611,1784094987610,7001
1784094994611,1784094987610,7001
1784094994611,1784094987610,7001
1784094994611,1784094987610,7001
1784094994611,1784094987610,7001
1784094994611,1784094987610,7001
1784094994611,1784094987610,7001
1784094994611,1784094987610,7001
1784094994681,1784094987610,7071
1784094994681,1784094987610,7071
1784094994681,1784094987610,7071
1784094994681,1784094987610,7071
1784094994681,1784094987610,7071
1784094994681,1784094987610,7071
1784094994681,1784094987610,7071
1784094994681,1784094987610,7071
1784094994681,1784094987610,7071
1784094994681,1784094987610,7071
1784094994746,1784094987610,7136
1784094994746,1784094987610,7136
1784094994746,1784094987610,7136
1784094994746,1784094987610,7136
1784094994746,1784094987610,7136
1784094994746,1784094987610,7136
1784094994746,1784094987610,7136
1784094994746,1784094987610,7136
1784094994746,1784094987610,7136
1784094994746,1784094987610,7136
1784094995613,1784094987610,8003
1784094995613,1784094987610,8003
1784094995613,1784094987610,8003
1784094995613,1784094987610,8003
1784094995613,1784094987610,8003
1784094995613,1784094987610,8003
1784094995613,1784094987610,8003
1784094995613,1784094987610,8003
1784094995613,1784094987610,8003
1784094995613,1784094987610,8003
1784094995733,1784094987610,8123
1784094995733,1784094987610,8123
1784094995733,1784094987610,8123
1784094995733,1784094987610,8123
1784094995733,1784094987610,8123
1784094995733,1784094987610,8123
1784094995733,1784094987610,8123
1784094995733,1784094987610,8123
1784094995733,1784094987610,8123
1784094995733,1784094987610,8123
1784094995798,1784094987610,8188
1784094995798,1784094987610,8188
1784094995798,1784094987610,8188
1784094995798,1784094987610,8188
1784094995798,1784094987610,8188
1784094995798,1784094987610,8188
1784094995798,1784094987610,8188
1784094995798,1784094987610,8188
1784094995798,1784094987610,8188
1784094995798,1784094987610,8188
1784094995881,1784094987610,8271
1784094995881,1784094987610,8271
1784094995881,1784094987610,8271
1784094995881,1784094987610,8271
1784094995881,1784094987610,8271
1784094995881,1784094987610,8271
1784094995881,1784094987610,8271
1784094995881,1784094987610,8271
1784094995881,1784094987610,8271
1784094995881,1784094987610,8271
1784094995986,1784094987610,8376
1784094995986,1784094987610,8376
1784094995986,1784094987610,8376
1784094995986,1784094987610,8376
1784094995986,1784094987610,8376
1784094995986,1784094987610,8376
1784094995986,1784094987610,8376
1784094995986,1784094987610,8376
1784094995986,1784094987610,8376
1784094995986,1784094987610,8376
1784094996086,1784094987610,8476
1784094996086,1784094987610,8476
1784094996086,1784094987610,8476
1784094996086,1784094987610,8476
1784094996086,1784094987610,8476
1784094996086,1784094987610,8476
1784094996086,1784094987610,8476
1784094996086,1784094987610,8476
1784094996086,1784094987610,8476
1784094996086,1784094987610,8476
1784094996181,1784094987610,8571
1784094996181,1784094987610,8571
1784094996181,1784094987610,8571
1784094996181,1784094987610,8571
1784094996181,1784094987610,8571
1784094996181,1784094987610,8571
1784094996181,1784094987610,8571
1784094996181,1784094987610,8571
1784094996181,1784094987610,8571
1784094996181,1784094987610,8571
1784094996255,1784094987610,8645
1784094996255,1784094987610,8645
1784094996255,1784094987610,8645
1784094996255,1784094987610,8645
1784094996255,1784094987610,8645
1784094996255,1784094987610,8645
1784094996255,1784094987610,8645
1784094996255,1784094987610,8645
1784094996255,1784094987610,8645
1784094996255,1784094987610,8645
1784094996317,1784094987610,8707
1784094996317,1784094987610,8707
1784094996317,1784094987610,8707
1784094996317,1784094987610,8707
1784094996317,1784094987610,8707
1784094996317,1784094987610,8707
1784094996317,1784094987610,8707
1784094996317,1784094987610,8707
1784094996317,1784094987610,8707
1784094996317,1784094987610,8707
1784094996375,1784094987610,8765
1784094996375,1784094987610,8765
1784094996375,1784094987610,8765
1784094996375,1784094987610,8765
1784094996375,1784094987610,8765
1784094996375,1784094987610,8765
1784094996375,1784094987610,8765
1784094996375,1784094987610,8765
1784094996375,1784094987610,8765
1784094996375,1784094987610,8765
1784094996433,1784094987610,8823
1784094996433,1784094987610,8823
1784094996433,1784094987610,8823
1784094996433,1784094987610,8823
1784094996433,1784094987610,8823
1784094996433,1784094987610,8823
1784094996433,1784094987610,8823
1784094996433,1784094987610,8823
1784094996433,1784094987610,8823
1784094996433,1784094987610,8823
1784094996491,1784094987610,8881
1784094996491,1784094987610,8881
1784094996491,1784094987610,8881
1784094996491,1784094987610,8881
1784094996491,1784094987610,8881
1784094996491,1784094987610,8881
1784094996491,1784094987610,8881
1784094996491,1784094987610,8881
1784094996491,1784094987610,8881
1784094996491,1784094987610,8881
1784094996549,1784094987610,8939
1784094996549,1784094987610,8939
1784094996549,1784094987610,8939
1784094996549,1784094987610,8939
1784094996549,1784094987610,8939
1784094996549,1784094987610,8939
1784094996549,1784094987610,8939
1784094996549,1784094987610,8939
1784094996549,1784094987610,8939
1784094996549,1784094987610,8939
1784094996615,1784094987610,9005
1784094996615,1784094987610,9005
1784094996615,1784094987610,9005
1784094996615,1784094987610,9005
1784094996615,1784094987610,9005
1784094996615,1784094987610,9005
1784094996615,1784094987610,9005
1784094996615,1784094987610,9005
1784094996615,1784094987610,9005
1784094996615,1784094987610,9005
1784094996676,1784094987610,9066
1784094996676,1784094987610,9066
1784094996676,1784094987610,9066
1784094996676,1784094987610,9066
1784094996676,1784094987610,9066
1784094996676,1784094987610,9066
1784094996676,1784094987610,9066
1784094996676,1784094987610,9066
1784094996676,1784094987610,9066
1784094996676,1784094987610,9066
1784094996733,1784094987610,9123
1784094996733,1784094987610,9123
1784094996733,1784094987610,9123
1784094996733,1784094987610,9123
1784094996733,1784094987610,9123
1784094996733,1784094987610,9123
1784094996733,1784094987610,9123
1784094996733,1784094987610,9123
1784094996733,1784094987610,9123
1784094996733,1784094987610,9123
1784094996795,1784094987610,9185
1784094996795,1784094987610,9185
1784094996795,1784094987610,9185
1784094996795,1784094987610,9185
1784094996795,1784094987610,9185
1784094996795,1784094987610,9185
1784094996795,1784094987610,9185
1784094996795,1784094987610,9185
1784094996795,1784094987610,9185
1784094996795,1784094987610,9185
1784094996856,1784094987610,9246
1784094996856,1784094987610,9246
1784094996856,1784094987610,9246
1784094996856,1784094987610,9246
1784094996856,1784094987610,9246
1784094996856,1784094987610,9246
1784094996856,1784094987610,9246
1784094996856,1784094987610,9246
1784094996856,1784094987610,9246
1784094996856,1784094987610,9246
1784094996914,1784094987610,9304
1784094996914,1784094987610,9304
1784094996914,1784094987610,9304
1784094996914,1784094987610,9304
1784094996914,1784094987610,9304
1784094996914,1784094987610,9304
1784094996914,1784094987610,9304
1784094996914,1784094987610,9304
1784094996914,1784094987610,9304
1784094996914,1784094987610,9304
1784094996975,1784094987610,9365
1784094996975,1784094987610,9365
1784094996975,1784094987610,9365
1784094996975,1784094987610,9365
1784094996975,1784094987610,9365
1784094996975,1784094987610,9365
1784094996975,1784094987610,9365
1784094996975,1784094987610,9365
1784094996975,1784094987610,9365
1784094996975,1784094987610,9365
1784094997033,1784094987610,9423
1784094997033,1784094987610,9423
1784094997033,1784094987610,9423
1784094997033,1784094987610,9423
1784094997033,1784094987610,9423
1784094997033,1784094987610,9423
1784094997033,1784094987610,9423
1784094997033,1784094987610,9423
1784094997033,1784094987610,9423
1784094997033,1784094987610,9423
1784094997091,1784094987610,9481
1784094997091,1784094987610,9481
1784094997091,1784094987610,9481
1784094997091,1784094987610,9481
1784094997091,1784094987610,9481
1784094997091,1784094987610,9481
1784094997091,1784094987610,9481
1784094997091,1784094987610,9481
1784094997091,1784094987610,9481
1784094997091,1784094987610,9481
1784094997152,1784094987610,9542
1784094997152,1784094987610,9542
1784094997152,1784094987610,9542
1784094997152,1784094987610,9542
1784094997152,1784094987610,9542
1784094997152,1784094987610,9542
1784094997152,1784094987610,9542
1784094997152,1784094987610,9542
1784094997152,1784094987610,9542
1784094997152,1784094987610,9542
1784094997210,1784094987610,9600
1784094997210,1784094987610,9600
1784094997210,1784094987610,9600
1784094997210,1784094987610,9600
1784094997210,1784094987610,9600
1784094997210,1784094987610,9600
1784094997210,1784094987610,9600
1784094997210,1784094987610,9600
1784094997210,1784094987610,9600
1784094997210,1784094987610,9600
1784094997268,1784094987610,9658
1784094997268,1784094987610,9658
1784094997268,1784094987610,9658
1784094997268,1784094987610,9658
1784094997268,1784094987610,9658
1784094997268,1784094987610,9658
1784094997268,1784094987610,9658
1784094997268,1784094987610,9658
1784094997268,1784094987610,9658
1784094997268,1784094987610,9658
1784094997329,1784094987610,9719
1784094997329,1784094987610,9719
1784094997329,1784094987610,9719
1784094997329,1784094987610,9719
1784094997329,1784094987610,9719
1784094997329,1784094987610,9719
1784094997329,1784094987610,9719
1784094997329,1784094987610,9719
1784094997329,1784094987610,9719
1784094997329,1784094987610,9719
1784094997387,1784094987610,9777
1784094997387,1784094987610,9777
1784094997387,1784094987610,9777
1784094997387,1784094987610,9777
1784094997387,1784094987610,9777
1784094997387,1784094987610,9777
1784094997387,1784094987610,9777
1784094997387,1784094987610,9777
1784094997387,1784094987610,9777
1784094997387,1784094987610,9777
1784094997445,1784094987610,9835
1784094997445,1784094987610,9835
1784094997445,1784094987610,9835
1784094997445,1784094987610,9835
1784094997445,1784094987610,9835
1784094997445,1784094987610,9835
1784094997445,1784094987610,9835
1784094997445,1784094987610,9835
1784094997445,1784094987610,9835
1784094997445,1784094987610,9835
1784094997503,1784094987610,9893
1784094997503,1784094987610,9893
1784094997503,1784094987610,9893
1784094997503,1784094987610,9893
1784094997503,1784094987610,9893
1784094997503,1784094987610,9893
1784094997503,1784094987610,9893
1784094997503,1784094987610,9893
1784094997503,1784094987610,9893
1784094997503,1784094987610,9893
1784094997562,1784094987610,9952
1784094997562,1784094987610,9952
1784094997562,1784094987610,9952
1784094997562,1784094987610,9952
1784094997562,1784094987610,9952
1784094997562,1784094987610,9952
1784094997562,1784094987610,9952
1784094997562,1784094987610,9952
1784094997562,1784094987610,9952
1784094997562,1784094987610,9952
1784094997621,1784094987610,10011
1784094997621,1784094987610,10011
1784094997621,1784094987610,10011
1784094997621,1784094987610,10011
1784094997621,1784094987610,10011
1784094997621,1784094987610,10011
1784094997621,1784094987610,10011
1784094997621,1784094987610,10011
1784094997621,1784094987610,10011
1784094997621,1784094987610,10011
1784094997735,1784094987610,10125
1784094997735,1784094987610,10125
1784094997735,1784094987610,10125
1784094997735,1784094987610,10125
1784094997735,1784094987610,10125
1784094997735,1784094987610,10125
1784094997735,1784094987610,10125
1784094997735,1784094987610,10125
1784094997735,1784094987610,10125
1784094997735,1784094987610,10125
1784094997903,1784094987610,10293
1784094997903,1784094987610,10293
1784094997903,1784094987610,10293
1784094997903,1784094987610,10293
1784094997903,1784094987610,10293
1784094997903,1784094987610,10293
1784094997903,1784094987610,10293
1784094997903,1784094987610,10293
1784094997903,1784094987610,10293
1784094997903,1784094987610,10293
1784094998065,1784094987610,10455
1784094998065,1784094987610,10455
1784094998065,1784094987610,10455
1784094998065,1784094987610,10455
1784094998065,1784094987610,10455
1784094998065,1784094987610,10455
1784094998065,1784094987610,10455
1784094998065,1784094987610,10455
1784094998065,1784094987610,10455
1784094998065,1784094987610,10455
1784094998218,1784094987610,10608
1784094998218,1784094987610,10608
1784094998218,1784094987610,10608
1784094998218,1784094987610,10608
1784094998218,1784094987610,10608
1784094998218,1784094987610,10608
1784094998218,1784094987610,10608
1784094998218,1784094987610,10608
1784094998218,1784094987610,10608
1784094998218,1784094987610,10608
1784094998323,1784094987610,10713
1784094998323,1784094987610,10713
1784094998323,1784094987610,10713
1784094998323,1784094987610,10713
1784094998323,1784094987610,10713
1784094998323,1784094987610,10713
1784094998323,1784094987610,10713
1784094998323,1784094987610,10713
1784094998323,1784094987610,10713
1784094998323,1784094987610,10713
1784094998390,1784094987610,10780
1784094998390,1784094987610,10780
1784094998390,1784094987610,10780
1784094998390,1784094987610,10780
1784094998390,1784094987610,10780
1784094998390,1784094987610,10780
1784094998390,1784094987610,10780
1784094998390,1784094987610,10780
1784094998390,1784094987610,10780
1784094998390,1784094987610,10780
1784094998517,1784094987610,10907
1784094998517,1784094987610,10907
1784094998517,1784094987610,10907
1784094998517,1784094987610,10907
1784094998517,1784094987610,10907
1784094998517,1784094987610,10907
1784094998517,1784094987610,10907
1784094998517,1784094987610,10907
1784094998517,1784094987610,10907
1784094998517,1784094987610,10907
1784094998563,1784094993198,5365
1784094998563,1784094993198,5365
1784094998563,1784094993198,5365
1784094998563,1784094993198,5365
1784094998563,1784094993198,5365
1784094998563,1784094993198,5365
1784094998563,1784094993198,5365
1784094998563,1784094993198,5365
1784094998563,1784094993198,5365
1784094998563,1784094993198,5365
1784094998630,1784094987610,11020
1784094998630,1784094987610,11020
1784094998630,1784094987610,11020
1784094998630,1784094987610,11020
1784094998630,1784094987610,11020
1784094998630,1784094987610,11020
1784094998632,1784094993198,5434
1784094998632,1784094993198,5434
1784094998632,1784094993198,5434
1784094998632,1784094993198,5434
1784094998632,1784094993198,5434
1784094998632,1784094993198,5434
1784094998632,1784094993198,5434
1784094998632,1784094993198,5434
1784094998632,1784094993198,5434
1784094998632,1784094993198,5434
1784094998630,1784094987610,11020
1784094998630,1784094987610,11020
1784094998630,1784094987610,11020
1784094998630,1784094987610,11020
1784094998734,1784094987610,11124
1784094998734,1784094987610,11124
1784094998734,1784094987610,11124
1784094998734,1784094987610,11124
1784094998734,1784094987610,11124
1784094998734,1784094987610,11124
1784094998734,1784094987610,11124
1784094998734,1784094987610,11124
1784094998734,1784094987610,11124
1784094998734,1784094987610,11124
1784094998754,1784094993198,5556
1784094998754,1784094993198,5556
1784094998754,1784094993198,5556
1784094998754,1784094993198,5556
1784094998754,1784094993198,5556
1784094998754,1784094993198,5556
1784094998754,1784094993198,5556
1784094998754,1784094993198,5556
1784094998754,1784094993198,5556
1784094998754,1784094993198,5556
1784094998824,1784094993198,5626
1784094998824,1784094993198,5626
1784094998824,1784094993198,5626
1784094998824,1784094993198,5626
1784094998824,1784094993198,5626
1784094998824,1784094993198,5626
1784094998824,1784094993198,5626
1784094998824,1784094993198,5626
1784094998824,1784094993198,5626
1784094998824,1784094993198,5626
1784094998843,1784094987610,11233
1784094998843,1784094987610,11233
1784094998843,1784094987610,11233
1784094998843,1784094987610,11233
1784094998843,1784094987610,11233
1784094998843,1784094987610,11233
1784094998843,1784094987610,11233
1784094998843,1784094987610,11233
1784094998843,1784094987610,11233
1784094998843,1784094987610,11233
1784094998916,1784094993198,5718
1784094998916,1784094993198,5718
1784094998916,1784094993198,5718
1784094998916,1784094993198,5718
1784094998916,1784094993198,5718
1784094998916,1784094993198,5718
1784094998916,1784094993198,5718
1784094998916,1784094993198,5718
1784094998916,1784094993198,5718
1784094998916,1784094993198,5718
1784094998951,1784094987610,11341
1784094998951,1784094987610,11341
1784094998951,1784094987610,11341
1784094998951,1784094987610,11341
1784094998951,1784094987610,11341
1784094998951,1784094987610,11341
1784094998951,1784094987610,11341
1784094998951,1784094987610,11341
1784094998951,1784094987610,11341
1784094998951,1784094987610,11341
1784094999003,1784094993198,5805
1784094999003,1784094993198,5805
1784094999003,1784094993198,5805
1784094999003,1784094993198,5805
1784094999003,1784094993198,5805
1784094999003,1784094993198,5805
1784094999003,1784094993198,5805
1784094999003,1784094993198,5805
1784094999003,1784094993198,5805
1784094999003,1784094993198,5805
1784094999108,1784094993198,5910
1784094999108,1784094993198,5910
1784094999108,1784094993198,5910
1784094999108,1784094993198,5910
1784094999108,1784094993198,5910
1784094999108,1784094993198,5910
1784094999108,1784094993198,5910
1784094999108,1784094993198,5910
1784094999108,1784094993198,5910
1784094999108,1784094993198,5910
1784094999214,1784094993198,6016
1784094999214,1784094993198,6016
1784094999214,1784094993198,6016
1784094999214,1784094993198,6016
1784094999214,1784094993198,6016
1784094999214,1784094993198,6016
1784094999214,1784094993198,6016
1784094999214,1784094993198,6016
1784094999214,1784094993198,6016
1784094999214,1784094993198,6016
1784094999321,1784094993198,6123
1784094999321,1784094993198,6123
1784094999321,1784094993198,6123
1784094999321,1784094993198,6123
1784094999321,1784094993198,6123
1784094999321,1784094993198,6123
1784094999321,1784094993198,6123
1784094999321,1784094993198,6123
1784094999321,1784094993198,6123
1784094999321,1784094993198,6123
1784094999428,1784094993198,6230
1784094999428,1784094993198,6230
1784094999428,1784094993198,6230
1784094999428,1784094993198,6230
1784094999428,1784094993198,6230
1784094999428,1784094993198,6230
1784094999428,1784094993198,6230
1784094999428,1784094993198,6230
1784094999428,1784094993198,6230
1784094999428,1784094993198,6230
1784094999537,1784094993198,6339
1784094999537,1784094993198,6339
1784094999537,1784094993198,6339
1784094999537,1784094993198,6339
1784094999537,1784094993198,6339
1784094999537,1784094993198,6339
1784094999537,1784094993198,6339
1784094999537,1784094993198,6339
1784094999537,1784094993198,6339
1784094999537,1784094993198,6339
1784094999644,1784094993198,6446
1784094999644,1784094993198,6446
1784094999644,1784094993198,6446
1784094999644,1784094993198,6446
1784094999644,1784094993198,6446
1784094999644,1784094993198,6446
1784094999644,1784094993198,6446
1784094999644,1784094993198,6446
1784094999644,1784094993198,6446
1784094999644,1784094993198,6446
1784094999755,1784094993198,6557
1784094999755,1784094993198,6557
1784094999755,1784094993198,6557
1784094999755,1784094993198,6557
1784094999755,1784094993198,6557
1784094999755,1784094993198,6557
1784094999755,1784094993198,6557
1784094999755,1784094993198,6557
1784094999755,1784094993198,6557
1784094999755,1784094993198,6557
1784094999867,1784094993198,6669
1784094999867,1784094993198,6669
1784094999867,1784094993198,6669
1784094999867,1784094993198,6669
1784094999867,1784094993198,6669
1784094999867,1784094993198,6669
1784094999867,1784094993198,6669
1784094999867,1784094993198,6669
1784094999867,1784094993198,6669
1784094999867,1784094993198,6669
1784094999977,1784094993198,6779
1784094999977,1784094993198,6779
1784094999977,1784094993198,6779
1784094999977,1784094993198,6779
1784094999977,1784094993198,6779
1784094999977,1784094993198,6779
1784094999977,1784094993198,6779
1784094999977,1784094993198,6779
1784094999977,1784094993198,6779
1784094999977,1784094993198,6779
1784095000085,1784094993198,6887
1784095000085,1784094993198,6887
1784095000085,1784094993198,6887
1784095000085,1784094993198,6887
1784095000085,1784094993198,6887
1784095000085,1784094993198,6887
1784095000085,1784094993198,6887
1784095000085,1784094993198,6887
1784095000085,1784094993198,6887
1784095000085,1784094993198,6887
1784095000192,1784094993198,6994
1784095000192,1784094993198,6994
1784095000192,1784094993198,6994
1784095000192,1784094993198,6994
1784095000192,1784094993198,6994
1784095000192,1784094993198,6994
1784095000192,1784094993198,6994
1784095000192,1784094993198,6994
1784095000192,1784094993198,6994
1784095000192,1784094993198,6994
1784095000299,1784094993198,7101
1784095000299,1784094993198,7101
1784095000299,1784094993198,7101
1784095000299,1784094993198,7101
1784095000299,1784094993198,7101
1784095000299,1784094993198,7101
1784095000299,1784094993198,7101
1784095000299,1784094993198,7101
1784095000299,1784094993198,7101
1784095000299,1784094993198,7101
1784095000411,1784094993198,7213
1784095000411,1784094993198,7213
1784095000411,1784094993198,7213
1784095000411,1784094993198,7213
1784095000411,1784094993198,7213
1784095000411,1784094993198,7213
1784095000411,1784094993198,7213
1784095000411,1784094993198,7213
1784095000411,1784094993198,7213
1784095000411,1784094993198,7213
1784095000523,1784094993198,7325
1784095000523,1784094993198,7325
1784095000523,1784094993198,7325
1784095000523,1784094993198,7325
1784095000523,1784094993198,7325
1784095000523,1784094993198,7325
1784095000523,1784094993198,7325
1784095000523,1784094993198,7325
1784095000523,1784094993198,7325
1784095000523,1784094993198,7325
1784095000633,1784094993198,7435
1784095000633,1784094993198,7435
1784095000633,1784094993198,7435
1784095000633,1784094993198,7435
1784095000633,1784094993198,7435
1784095000633,1784094993198,7435
1784095000633,1784094993198,7435
1784095000633,1784094993198,7435
1784095000633,1784094993198,7435
1784095000633,1784094993198,7435
1784095000739,1784094993198,7541
1784095000739,1784094993198,7541
1784095000739,1784094993198,7541
1784095000739,1784094993198,7541
1784095000739,1784094993198,7541
1784095000739,1784094993198,7541
1784095000739,1784094993198,7541
1784095000739,1784094993198,7541
1784095000739,1784094993198,7541
1784095000739,1784094993198,7541
1784095000834,1784094993198,7636
1784095000834,1784094993198,7636
1784095000834,1784094993198,7636
1784095000834,1784094993198,7636
1784095000834,1784094993198,7636
1784095000834,1784094993198,7636
1784095000834,1784094993198,7636
1784095000834,1784094993198,7636
1784095000834,1784094993198,7636
1784095000834,1784094993198,7636
1784095000943,1784094993198,7745
1784095000943,1784094993198,7745
1784095000943,1784094993198,7745
1784095000943,1784094993198,7745
1784095000943,1784094993198,7745
1784095000943,1784094993198,7745
1784095000943,1784094993198,7745
1784095000943,1784094993198,7745
1784095000943,1784094993198,7745
1784095000943,1784094993198,7745
1784095001050,1784094993198,7852
1784095001050,1784094993198,7852
1784095001050,1784094993198,7852
1784095001050,1784094993198,7852
1784095001050,1784094993198,7852
1784095001050,1784094993198,7852
1784095001050,1784094993198,7852
1784095001050,1784094993198,7852
1784095001050,1784094993198,7852
1784095001050,1784094993198,7852
1784095001155,1784094993198,7957
1784095001155,1784094993198,7957
1784095001155,1784094993198,7957
1784095001155,1784094993198,7957
1784095001155,1784094993198,7957
1784095001155,1784094993198,7957
1784095001155,1784094993198,7957
1784095001155,1784094993198,7957
1784095001155,1784094993198,7957
1784095001155,1784094993198,7957
1784095001261,1784094993198,8063
1784095001261,1784094993198,8063
1784095001261,1784094993198,8063
1784095001261,1784094993198,8063
1784095001261,1784094993198,8063
1784095001261,1784094993198,8063
1784095001261,1784094993198,8063
1784095001261,1784094993198,8063
1784095001261,1784094993198,8063
1784095001261,1784094993198,8063
1784095001369,1784094993198,8171
1784095001369,1784094993198,8171
1784095001369,1784094993198,8171
1784095001369,1784094993198,8171
1784095001369,1784094993198,8171
1784095001369,1784094993198,8171
1784095001369,1784094993198,8171
1784095001369,1784094993198,8171
1784095001369,1784094993198,8171
1784095001369,1784094993198,8171
1784095001477,1784094993198,8279
1784095001477,1784094993198,8279
1784095001477,1784094993198,8279
1784095001477,1784094993198,8279
1784095001477,1784094993198,8279
1784095001477,1784094993198,8279
1784095001477,1784094993198,8279
1784095001477,1784094993198,8279
1784095001477,1784094993198,8279
1784095001477,1784094993198,8279
1784095001584,1784094993198,8386
1784095001584,1784094993198,8386
1784095001584,1784094993198,8386
1784095001584,1784094993198,8386
1784095001584,1784094993198,8386
1784095001584,1784094993198,8386
1784095001584,1784094993198,8386
1784095001584,1784094993198,8386
1784095001584,1784094993198,8386
1784095001584,1784094993198,8386
1784095001691,1784094993198,8493
1784095001691,1784094993198,8493
1784095001691,1784094993198,8493
1784095001691,1784094993198,8493
1784095001691,1784094993198,8493
1784095001691,1784094993198,8493
1784095001691,1784094993198,8493
1784095001691,1784094993198,8493
1784095001691,1784094993198,8493
1784095001691,1784094993198,8493
1784095001797,1784094993198,8599
1784095001797,1784094993198,8599
1784095001797,1784094993198,8599
1784095001797,1784094993198,8599
1784095001797,1784094993198,8599
1784095001797,1784094993198,8599
1784095001797,1784094993198,8599
1784095001797,1784094993198,8599
1784095001797,1784094993198,8599
1784095001797,1784094993198,8599
1784095001902,1784094993198,8704
1784095001902,1784094993198,8704
1784095001902,1784094993198,8704
1784095001902,1784094993198,8704
1784095001902,1784094993198,8704
1784095001902,1784094993198,8704
1784095001902,1784094993198,8704
1784095001902,1784094993198,8704
1784095001902,1784094993198,8704
1784095001902,1784094993198,8704
1784095002006,1784094993198,8808
1784095002006,1784094993198,8808
1784095002006,1784094993198,8808
1784095002006,1784094993198,8808
1784095002006,1784094993198,8808
1784095002006,1784094993198,8808
1784095002006,1784094993198,8808
1784095002006,1784094993198,8808
1784095002006,1784094993198,8808
1784095002006,1784094993198,8808
1784095002110,1784094993198,8912
1784095002110,1784094993198,8912
1784095002110,1784094993198,8912
1784095002110,1784094993198,8912
1784095002110,1784094993198,8912
1784095002110,1784094993198,8912
1784095002110,1784094993198,8912
1784095002110,1784094993198,8912
1784095002110,1784094993198,8912
1784095002110,1784094993198,8912
1784095002209,1784094993198,9011
1784095002209,1784094993198,9011
1784095002209,1784094993198,9011
1784095002209,1784094993198,9011
1784095002209,1784094993198,9011
1784095002209,1784094993198,9011
1784095002209,1784094993198,9011
1784095002209,1784094993198,9011
1784095002209,1784094993198,9011
1784095002209,1784094993198,9011
1784095002315,1784094993198,9117
1784095002315,1784094993198,9117
1784095002315,1784094993198,9117
1784095002315,1784094993198,9117
1784095002315,1784094993198,9117
1784095002315,1784094993198,9117
1784095002315,1784094993198,9117
1784095002315,1784094993198,9117
1784095002315,1784094993198,9117
1784095002315,1784094993198,9117
1784095002415,1784094993198,9217
1784095002415,1784094993198,9217
1784095002415,1784094993198,9217
1784095002415,1784094993198,9217
1784095002415,1784094993198,9217
1784095002415,1784094993198,9217
1784095002415,1784094993198,9217
1784095002415,1784094993198,9217
1784095002415,1784094993198,9217
1784095002415,1784094993198,9217
1784095002519,1784094993198,9321
1784095002519,1784094993198,9321
1784095002519,1784094993198,9321
1784095002519,1784094993198,9321
1784095002519,1784094993198,9321
1784095002519,1784094993198,9321
1784095002519,1784094993198,9321
1784095002519,1784094993198,9321
1784095002519,1784094993198,9321
1784095002519,1784094993198,9321
1784095002616,1784094993198,9418
1784095002616,1784094993198,9418
1784095002616,1784094993198,9418
1784095002616,1784094993198,9418
1784095002616,1784094993198,9418
1784095002616,1784094993198,9418
1784095002616,1784094993198,9418
1784095002616,1784094993198,9418
1784095002616,1784094993198,9418
1784095002616,1784094993198,9418
1784095002718,1784094993198,9520
1784095002718,1784094993198,9520
1784095002718,1784094993198,9520
1784095002718,1784094993198,9520
1784095002718,1784094993198,9520
1784095002718,1784094993198,9520
1784095002718,1784094993198,9520
1784095002718,1784094993198,9520
1784095002718,1784094993198,9520
1784095002718,1784094993198,9520
1784095002822,1784094993198,9624
1784095002822,1784094993198,9624
1784095002822,1784094993198,9624
1784095002822,1784094993198,9624
1784095002822,1784094993198,9624
1784095002822,1784094993198,9624
1784095002822,1784094993198,9624
1784095002822,1784094993198,9624
1784095002822,1784094993198,9624
1784095002822,1784094993198,9624
1784095002927,1784094993198,9729
1784095002927,1784094993198,9729
1784095002927,1784094993198,9729
1784095002927,1784094993198,9729
1784095002927,1784094993198,9729
1784095002927,1784094993198,9729
1784095002927,1784094993198,9729
1784095002927,1784094993198,9729
1784095002927,1784094993198,9729
1784095002927,1784094993198,9729
1784095003036,1784094993198,9838
1784095003036,1784094993198,9838
1784095003036,1784094993198,9838
1784095003036,1784094993198,9838
1784095003036,1784094993198,9838
1784095003036,1784094993198,9838
1784095003036,1784094993198,9838
1784095003036,1784094993198,9838
1784095003036,1784094993198,9838
1784095003036,1784094993198,9838
1784095003137,1784094993198,9939
1784095003137,1784094993198,9939
1784095003137,1784094993198,9939
1784095003137,1784094993198,9939
1784095003137,1784094993198,9939
1784095003137,1784094993198,9939
1784095003137,1784094993198,9939
1784095003137,1784094993198,9939
1784095003137,1784094993198,9939
1784095003137,1784094993198,9939
1784095003245,1784094993198,10047
1784095003245,1784094993198,10047
1784095003245,1784094993198,10047
1784095003245,1784094993198,10047
1784095003245,1784094993198,10047
1784095003245,1784094993198,10047
1784095003245,1784094993198,10047
1784095003245,1784094993198,10047
1784095003245,1784094993198,10047
1784095003245,1784094993198,10047
1784095003354,1784094993198,10156
1784095003354,1784094993198,10156
1784095003354,1784094993198,10156
1784095003354,1784094993198,10156
1784095003354,1784094993198,10156
1784095003354,1784094993198,10156
1784095003354,1784094993198,10156
1784095003354,1784094993198,10156
1784095003354,1784094993198,10156
1784095003354,1784094993198,10156
1784095003463,1784094993198,10265
1784095003463,1784094993198,10265
1784095003463,1784094993198,10265
1784095003463,1784094993198,10265
1784095003463,1784094993198,10265
1784095003463,1784094993198,10265
1784095003463,1784094993198,10265
1784095003463,1784094993198,10265
1784095003463,1784094993198,10265
1784095003463,1784094993198,10265
1784095003574,1784094993198,10376
1784095003574,1784094993198,10376
1784095003574,1784094993198,10376
1784095003574,1784094993198,10376
1784095003574,1784094993198,10376
1784095003574,1784094993198,10376
1784095003574,1784094993198,10376
1784095003574,1784094993198,10376
1784095003574,1784094993198,10376
1784095003574,1784094993198,10376
1784095003684,1784094993198,10486
1784095003684,1784094993198,10486
1784095003684,1784094993198,10486
1784095003684,1784094993198,10486
1784095003684,1784094993198,10486
1784095003684,1784094993198,10486
1784095003684,1784094993198,10486
1784095003684,1784094993198,10486
1784095003684,1784094993198,10486
1784095003684,1784094993198,10486
1784095016408,1784095011042,5366
1784095016408,1784095011042,5366
1784095016408,1784095011042,5366
1784095016408,1784095011042,5366
1784095016408,1784095011042,5366
1784095016408,1784095011042,5366
1784095016408,1784095011042,5366
1784095016408,1784095011042,5366
1784095016408,1784095011042,5366
1784095016408,1784095011042,5366
1784095016471,1784095011042,5429
1784095016471,1784095011042,5429
1784095016471,1784095011042,5429
1784095016471,1784095011042,5429
1784095016471,1784095011042,5429
1784095016471,1784095011042,5429
1784095016471,1784095011042,5429
1784095016471,1784095011042,5429
1784095016471,1784095011042,5429
1784095016471,1784095011042,5429
1784095016532,1784095011042,5490
1784095016532,1784095011042,5490
1784095016532,1784095011042,5490
1784095016532,1784095011042,5490
1784095016532,1784095011042,5490
1784095016532,1784095011042,5490
1784095016532,1784095011042,5490
1784095016532,1784095011042,5490
1784095016532,1784095011042,5490
1784095016532,1784095011042,5490
1784095016591,1784095011042,5549
1784095016591,1784095011042,5549
1784095016591,1784095011042,5549
1784095016591,1784095011042,5549
1784095016591,1784095011042,5549
1784095016591,1784095011042,5549
1784095016591,1784095011042,5549
1784095016591,1784095011042,5549
1784095016591,1784095011042,5549
1784095016591,1784095011042,5549
1784095016651,1784095011042,5609
1784095016651,1784095011042,5609
1784095016651,1784095011042,5609
1784095016651,1784095011042,5609
1784095016651,1784095011042,5609
1784095016651,1784095011042,5609
1784095016651,1784095011042,5609
1784095016651,1784095011042,5609
1784095016651,1784095011042,5609
1784095016651,1784095011042,5609
1784095016716,1784095011042,5674
1784095016716,1784095011042,5674
1784095016716,1784095011042,5674
1784095016716,1784095011042,5674
1784095016716,1784095011042,5674
1784095016716,1784095011042,5674
1784095016716,1784095011042,5674
1784095016716,1784095011042,5674
1784095016716,1784095011042,5674
1784095016716,1784095011042,5674
1784095017261,1784095011042,6219
1784095017261,1784095011042,6219
1784095017261,1784095011042,6219
1784095017261,1784095011042,6219
1784095017261,1784095011042,6219
1784095017261,1784095011042,6219
1784095017261,1784095011042,6219
1784095017261,1784095011042,6219
1784095017261,1784095011042,6219
1784095017261,1784095011042,6219
1784095018098,1784095011042,7056
1784095018098,1784095011042,7056
1784095018098,1784095011042,7056
1784095018098,1784095011042,7056
1784095018098,1784095011042,7056
1784095018098,1784095011042,7056
1784095018098,1784095011042,7056
1784095018098,1784095011042,7056
1784095018098,1784095011042,7056
1784095018098,1784095011042,7056
1784095018222,1784095011042,7180
1784095018222,1784095011042,7180
1784095018222,1784095011042,7180
1784095018222,1784095011042,7180
1784095018222,1784095011042,7180
1784095018222,1784095011042,7180
1784095018222,1784095011042,7180
1784095018222,1784095011042,7180
1784095018222,1784095011042,7180
1784095018222,1784095011042,7180
1784095018371,1784095011042,7329
1784095018371,1784095011042,7329
1784095018371,1784095011042,7329
1784095018371,1784095011042,7329
1784095018371,1784095011042,7329
1784095018371,1784095011042,7329
1784095018371,1784095011042,7329
1784095018371,1784095011042,7329
1784095018371,1784095011042,7329
1784095018371,1784095011042,7329
1784095018490,1784095011042,7448
1784095018490,1784095011042,7448
1784095018490,1784095011042,7448
1784095018490,1784095011042,7448
1784095018490,1784095011042,7448
1784095018490,1784095011042,7448
1784095018490,1784095011042,7448
1784095018490,1784095011042,7448
1784095018490,1784095011042,7448
1784095018490,1784095011042,7448
1784095018604,1784095011042,7562
1784095018604,1784095011042,7562
1784095018604,1784095011042,7562
1784095018604,1784095011042,7562
1784095018604,1784095011042,7562
1784095018604,1784095011042,7562
1784095018604,1784095011042,7562
1784095018604,1784095011042,7562
1784095018604,1784095011042,7562
1784095018604,1784095011042,7562
1784095018703,1784095011042,7661
1784095018703,1784095011042,7661
1784095018703,1784095011042,7661
1784095018703,1784095011042,7661
1784095018703,1784095011042,7661
1784095018703,1784095011042,7661
1784095018703,1784095011042,7661
1784095018703,1784095011042,7661
1784095018703,1784095011042,7661
1784095018703,1784095011042,7661
1784095018812,1784095011042,7770
1784095018812,1784095011042,7770
1784095018812,1784095011042,7770
1784095018812,1784095011042,7770
1784095018812,1784095011042,7770
1784095018812,1784095011042,7770
1784095018812,1784095011042,7770
1784095018812,1784095011042,7770
1784095018812,1784095011042,7770
1784095018812,1784095011042,7770
1784095018964,1784095011042,7922
1784095018964,1784095011042,7922
1784095018964,1784095011042,7922
1784095018964,1784095011042,7922
1784095018964,1784095011042,7922
1784095018964,1784095011042,7922
1784095018964,1784095011042,7922
1784095018964,1784095011042,7922
1784095018964,1784095011042,7922
1784095018964,1784095011042,7922
1784095019022,1784095011042,7980
1784095019022,1784095011042,7980
1784095019022,1784095011042,7980
1784095019022,1784095011042,7980
1784095019022,1784095011042,7980
1784095019022,1784095011042,7980
1784095019022,1784095011042,7980
1784095019022,1784095011042,7980
1784095019022,1784095011042,7980
1784095019022,1784095011042,7980
1784095019081,1784095011042,8039
1784095019081,1784095011042,8039
1784095019081,1784095011042,8039
1784095019081,1784095011042,8039
1784095019081,1784095011042,8039
1784095019081,1784095011042,8039
1784095019081,1784095011042,8039
1784095019081,1784095011042,8039
1784095019081,1784095011042,8039
1784095019081,1784095011042,8039
1784095019178,1784095011042,8136
1784095019178,1784095011042,8136
1784095019178,1784095011042,8136
1784095019178,1784095011042,8136
1784095019178,1784095011042,8136
1784095019178,1784095011042,8136
1784095019178,1784095011042,8136
1784095019178,1784095011042,8136
1784095019178,1784095011042,8136
1784095019178,1784095011042,8136
1784095019242,1784095011042,8200
1784095019242,1784095011042,8200
1784095019242,1784095011042,8200
1784095019242,1784095011042,8200
1784095019242,1784095011042,8200
1784095019242,1784095011042,8200
1784095019242,1784095011042,8200
1784095019242,1784095011042,8200
1784095019242,1784095011042,8200
1784095019242,1784095011042,8200
1784095019304,1784095011042,8262
1784095019304,1784095011042,8262
1784095019304,1784095011042,8262
1784095019304,1784095011042,8262
1784095019304,1784095011042,8262
1784095019304,1784095011042,8262
1784095019304,1784095011042,8262
1784095019304,1784095011042,8262
1784095019304,1784095011042,8262
1784095019304,1784095011042,8262
1784095019368,1784095011042,8326
1784095019368,1784095011042,8326
1784095019368,1784095011042,8326
1784095019368,1784095011042,8326
1784095019368,1784095011042,8326
1784095019368,1784095011042,8326
1784095019368,1784095011042,8326
1784095019368,1784095011042,8326
1784095019368,1784095011042,8326
1784095019368,1784095011042,8326
1784095019431,1784095011042,8389
1784095019431,1784095011042,8389
1784095019431,1784095011042,8389
1784095019431,1784095011042,8389
1784095019431,1784095011042,8389
1784095019431,1784095011042,8389
1784095019431,1784095011042,8389
1784095019431,1784095011042,8389
1784095019431,1784095011042,8389
1784095019431,1784095011042,8389
1784095019493,1784095011042,8451
1784095019493,1784095011042,8451
1784095019493,1784095011042,8451
1784095019493,1784095011042,8451
1784095019493,1784095011042,8451
1784095019493,1784095011042,8451
1784095019493,1784095011042,8451
1784095019493,1784095011042,8451
1784095019493,1784095011042,8451
1784095019493,1784095011042,8451
1784095019555,1784095011042,8513
1784095019555,1784095011042,8513
1784095019555,1784095011042,8513
1784095019555,1784095011042,8513
1784095019555,1784095011042,8513
1784095019555,1784095011042,8513
1784095019555,1784095011042,8513
1784095019555,1784095011042,8513
1784095019555,1784095011042,8513
1784095019555,1784095011042,8513
1784095019617,1784095011042,8575
1784095019617,1784095011042,8575
1784095019617,1784095011042,8575
1784095019617,1784095011042,8575
1784095019617,1784095011042,8575
1784095019617,1784095011042,8575
1784095019617,1784095011042,8575
1784095019617,1784095011042,8575
1784095019617,1784095011042,8575
1784095019617,1784095011042,8575
1784095019679,1784095011042,8637
1784095019679,1784095011042,8637
1784095019679,1784095011042,8637
1784095019679,1784095011042,8637
1784095019679,1784095011042,8637
1784095019679,1784095011042,8637
1784095019679,1784095011042,8637
1784095019679,1784095011042,8637
1784095019679,1784095011042,8637
1784095019679,1784095011042,8637
1784095019738,1784095011042,8696
1784095019738,1784095011042,8696
1784095019738,1784095011042,8696
1784095019738,1784095011042,8696
1784095019738,1784095011042,8696
1784095019738,1784095011042,8696
1784095019738,1784095011042,8696
1784095019738,1784095011042,8696
1784095019738,1784095011042,8696
1784095019738,1784095011042,8696
1784095019797,1784095011042,8755
1784095019797,1784095011042,8755
1784095019797,1784095011042,8755
1784095019797,1784095011042,8755
1784095019797,1784095011042,8755
1784095019797,1784095011042,8755
1784095019797,1784095011042,8755
1784095019797,1784095011042,8755
1784095019797,1784095011042,8755
1784095019797,1784095011042,8755
1784095019858,1784095011042,8816
1784095019858,1784095011042,8816
1784095019858,1784095011042,8816
1784095019858,1784095011042,8816
1784095019858,1784095011042,8816
1784095019858,1784095011042,8816
1784095019858,1784095011042,8816
1784095019858,1784095011042,8816
1784095019858,1784095011042,8816
1784095019858,1784095011042,8816
1784095019922,1784095011042,8880
1784095019922,1784095011042,8880
1784095019922,1784095011042,8880
1784095019922,1784095011042,8880
1784095019922,1784095011042,8880
1784095019922,1784095011042,8880
1784095019922,1784095011042,8880
1784095019922,1784095011042,8880
1784095019922,1784095011042,8880
1784095019922,1784095011042,8880
1784095019981,1784095011042,8939
1784095019981,1784095011042,8939
1784095019981,1784095011042,8939
1784095019981,1784095011042,8939
1784095019981,1784095011042,8939
1784095019981,1784095011042,8939
1784095019981,1784095011042,8939
1784095019981,1784095011042,8939
1784095019981,1784095011042,8939
1784095019981,1784095011042,8939
1784095020039,1784095011042,8997
1784095020039,1784095011042,8997
1784095020039,1784095011042,8997
1784095020039,1784095011042,8997
1784095020039,1784095011042,8997
1784095020039,1784095011042,8997
1784095020039,1784095011042,8997
1784095020039,1784095011042,8997
1784095020039,1784095011042,8997
1784095020039,1784095011042,8997
1784095020096,1784095011042,9054
1784095020096,1784095011042,9054
1784095020096,1784095011042,9054
1784095020096,1784095011042,9054
1784095020096,1784095011042,9054
1784095020096,1784095011042,9054
1784095020096,1784095011042,9054
1784095020096,1784095011042,9054
1784095020096,1784095011042,9054
1784095020096,1784095011042,9054
1784095020155,1784095011042,9113
1784095020155,1784095011042,9113
1784095020155,1784095011042,9113
1784095020155,1784095011042,9113
1784095020155,1784095011042,9113
1784095020155,1784095011042,9113
1784095020155,1784095011042,9113
1784095020155,1784095011042,9113
1784095020155,1784095011042,9113
1784095020155,1784095011042,9113
1784095020212,1784095011042,9170
1784095020212,1784095011042,9170
1784095020212,1784095011042,9170
1784095020212,1784095011042,9170
1784095020212,1784095011042,9170
1784095020212,1784095011042,9170
1784095020212,1784095011042,9170
1784095020212,1784095011042,9170
1784095020212,1784095011042,9170
1784095020212,1784095011042,9170
1784095020270,1784095011042,9228
1784095020270,1784095011042,9228
1784095020270,1784095011042,9228
1784095020270,1784095011042,9228
1784095020270,1784095011042,9228
1784095020270,1784095011042,9228
1784095020270,1784095011042,9228
1784095020270,1784095011042,9228
1784095020270,1784095011042,9228
1784095020270,1784095011042,9228
1784095020328,1784095011042,9286
1784095020328,1784095011042,9286
1784095020328,1784095011042,9286
1784095020328,1784095011042,9286
1784095020328,1784095011042,9286
1784095020328,1784095011042,9286
1784095020328,1784095011042,9286
1784095020328,1784095011042,9286
1784095020328,1784095011042,9286
1784095020328,1784095011042,9286
1784095020388,1784095011042,9346
1784095020388,1784095011042,9346
1784095020388,1784095011042,9346
1784095020388,1784095011042,9346
1784095020388,1784095011042,9346
1784095020388,1784095011042,9346
1784095020388,1784095011042,9346
1784095020388,1784095011042,9346
1784095020388,1784095011042,9346
1784095020388,1784095011042,9346
1784095020450,1784095011042,9408
1784095020450,1784095011042,9408
1784095020450,1784095011042,9408
1784095020450,1784095011042,9408
1784095020450,1784095011042,9408
1784095020450,1784095011042,9408
1784095020450,1784095011042,9408
1784095020450,1784095011042,9408
1784095020450,1784095011042,9408
1784095020450,1784095011042,9408
1784095020513,1784095011042,9471
1784095020513,1784095011042,9471
1784095020513,1784095011042,9471
1784095020513,1784095011042,9471
1784095020513,1784095011042,9471
1784095020513,1784095011042,9471
1784095020513,1784095011042,9471
1784095020513,1784095011042,9471
1784095020513,1784095011042,9471
1784095020513,1784095011042,9471
1784095020591,1784095011042,9549
1784095020591,1784095011042,9549
1784095020591,1784095011042,9549
1784095020591,1784095011042,9549
1784095020591,1784095011042,9549
1784095020591,1784095011042,9549
1784095020591,1784095011042,9549
1784095020591,1784095011042,9549
1784095020591,1784095011042,9549
1784095020591,1784095011042,9549
1784095020681,1784095011042,9639
1784095020681,1784095011042,9639
1784095020681,1784095011042,9639
1784095020681,1784095011042,9639
1784095020681,1784095011042,9639
1784095020681,1784095011042,9639
1784095020681,1784095011042,9639
1784095020681,1784095011042,9639
1784095020681,1784095011042,9639
1784095020681,1784095011042,9639
1784095020743,1784095011042,9701
1784095020743,1784095011042,9701
1784095020743,1784095011042,9701
1784095020743,1784095011042,9701
1784095020743,1784095011042,9701
1784095020743,1784095011042,9701
1784095020743,1784095011042,9701
1784095020743,1784095011042,9701
1784095020743,1784095011042,9701
1784095020743,1784095011042,9701
1784095020814,1784095011042,9772
1784095020814,1784095011042,9772
1784095020814,1784095011042,9772
1784095020814,1784095011042,9772
1784095020814,1784095011042,9772
1784095020814,1784095011042,9772
1784095020814,1784095011042,9772
1784095020814,1784095011042,9772
1784095020814,1784095011042,9772
1784095020814,1784095011042,9772
1784095020875,1784095011042,9833
1784095020875,1784095011042,9833
1784095020875,1784095011042,9833
1784095020875,1784095011042,9833
1784095020875,1784095011042,9833
1784095020875,1784095011042,9833
1784095020875,1784095011042,9833
1784095020875,1784095011042,9833
1784095020875,1784095011042,9833
1784095020875,1784095011042,9833
1784095020933,1784095011042,9891
1784095020933,1784095011042,9891
1784095020933,1784095011042,9891
1784095020933,1784095011042,9891
1784095020933,1784095011042,9891
1784095020933,1784095011042,9891
1784095020933,1784095011042,9891
1784095020933,1784095011042,9891
1784095020933,1784095011042,9891
1784095020933,1784095011042,9891
1784095020991,1784095011042,9949
1784095020991,1784095011042,9949
1784095020991,1784095011042,9949
1784095020991,1784095011042,9949
1784095020991,1784095011042,9949
1784095020991,1784095011042,9949
1784095020991,1784095011042,9949
1784095020991,1784095011042,9949
1784095020991,1784095011042,9949
1784095020991,1784095011042,9949
1784095021049,1784095011042,10007
1784095021049,1784095011042,10007
1784095021049,1784095011042,10007
1784095021049,1784095011042,10007
1784095021049,1784095011042,10007
1784095021049,1784095011042,10007
1784095021049,1784095011042,10007
1784095021049,1784095011042,10007
1784095021049,1784095011042,10007
1784095021049,1784095011042,10007
1784095021107,1784095011042,10065
1784095021107,1784095011042,10065
1784095021107,1784095011042,10065
1784095021107,1784095011042,10065
1784095021107,1784095011042,10065
1784095021107,1784095011042,10065
1784095021107,1784095011042,10065
1784095021107,1784095011042,10065
1784095021107,1784095011042,10065
1784095021107,1784095011042,10065
1784095021166,1784095011042,10124
1784095021166,1784095011042,10124
1784095021166,1784095011042,10124
1784095021166,1784095011042,10124
1784095021166,1784095011042,10124
1784095021166,1784095011042,10124
1784095021166,1784095011042,10124
1784095021166,1784095011042,10124
1784095021166,1784095011042,10124
1784095021166,1784095011042,10124
1784095023417,1784095018227,5190
1784095023417,1784095018227,5190
1784095023417,1784095018227,5190
1784095023417,1784095018227,5190
1784095023417,1784095018227,5190
1784095023417,1784095018227,5190
1784095023417,1784095018227,5190
1784095023417,1784095018227,5190
1784095023417,1784095018227,5190
1784095023417,1784095018227,5190
1784095023483,1784095018227,5256
1784095023483,1784095018227,5256
1784095023483,1784095018227,5256
1784095023483,1784095018227,5256
1784095023483,1784095018227,5256
1784095023483,1784095018227,5256
1784095023483,1784095018227,5256
1784095023483,1784095018227,5256
1784095023483,1784095018227,5256
1784095023483,1784095018227,5256
1784095023549,1784095018227,5322
1784095023549,1784095018227,5322
1784095023549,1784095018227,5322
1784095023549,1784095018227,5322
1784095023549,1784095018227,5322
1784095023549,1784095018227,5322
1784095023549,1784095018227,5322
1784095023549,1784095018227,5322
1784095023549,1784095018227,5322
1784095023549,1784095018227,5322
1784095023649,1784095018227,5422
1784095023649,1784095018227,5422
1784095023649,1784095018227,5422
1784095023649,1784095018227,5422
1784095023649,1784095018227,5422
1784095023649,1784095018227,5422
1784095023649,1784095018227,5422
1784095023649,1784095018227,5422
1784095023649,1784095018227,5422
1784095023649,1784095018227,5422
1784095023709,1784095018227,5482
1784095023709,1784095018227,5482
1784095023709,1784095018227,5482
1784095023709,1784095018227,5482
1784095023709,1784095018227,5482
1784095023709,1784095018227,5482
1784095023709,1784095018227,5482
1784095023709,1784095018227,5482
1784095023709,1784095018227,5482
1784095023709,1784095018227,5482
1784095023770,1784095018227,5543
1784095023770,1784095018227,5543
1784095023770,1784095018227,5543
1784095023770,1784095018227,5543
1784095023770,1784095018227,5543
1784095023770,1784095018227,5543
1784095023770,1784095018227,5543
1784095023770,1784095018227,5543
1784095023770,1784095018227,5543
1784095023770,1784095018227,5543
1784095023833,1784095018227,5606
1784095023833,1784095018227,5606
1784095023833,1784095018227,5606
1784095023833,1784095018227,5606
1784095023833,1784095018227,5606
1784095023833,1784095018227,5606
1784095023833,1784095018227,5606
1784095023833,1784095018227,5606
1784095023833,1784095018227,5606
1784095023833,1784095018227,5606
1784095023895,1784095018227,5668
1784095023895,1784095018227,5668
1784095023895,1784095018227,5668
1784095023895,1784095018227,5668
1784095023895,1784095018227,5668
1784095023895,1784095018227,5668
1784095023895,1784095018227,5668
1784095023895,1784095018227,5668
1784095023895,1784095018227,5668
1784095023895,1784095018227,5668
1784095023955,1784095018227,5728
1784095023955,1784095018227,5728
1784095023955,1784095018227,5728
1784095023955,1784095018227,5728
1784095023955,1784095018227,5728
1784095023955,1784095018227,5728
1784095023955,1784095018227,5728
1784095023955,1784095018227,5728
1784095023955,1784095018227,5728
1784095023955,1784095018227,5728
1784095024023,1784095018227,5796
1784095024023,1784095018227,5796
1784095024023,1784095018227,5796
1784095024023,1784095018227,5796
1784095024023,1784095018227,5796
1784095024023,1784095018227,5796
1784095024023,1784095018227,5796
1784095024023,1784095018227,5796
1784095024023,1784095018227,5796
1784095024023,1784095018227,5796
1784095024116,1784095018227,5889
1784095024116,1784095018227,5889
1784095024116,1784095018227,5889
1784095024116,1784095018227,5889
1784095024116,1784095018227,5889
1784095024116,1784095018227,5889
1784095024116,1784095018227,5889
1784095024116,1784095018227,5889
1784095024116,1784095018227,5889
1784095024116,1784095018227,5889
1784095024183,1784095018227,5956
1784095024183,1784095018227,5956
1784095024183,1784095018227,5956
1784095024183,1784095018227,5956
1784095024183,1784095018227,5956
1784095024183,1784095018227,5956
1784095024183,1784095018227,5956
1784095024183,1784095018227,5956
1784095024183,1784095018227,5956
1784095024183,1784095018227,5956
1784095024247,1784095018227,6020
1784095024247,1784095018227,6020
1784095024247,1784095018227,6020
1784095024247,1784095018227,6020
1784095024247,1784095018227,6020
1784095024247,1784095018227,6020
1784095024247,1784095018227,6020
1784095024247,1784095018227,6020
1784095024247,1784095018227,6020
1784095024247,1784095018227,6020
1784095024318,1784095018227,6091
1784095024318,1784095018227,6091
1784095024318,1784095018227,6091
1784095024318,1784095018227,6091
1784095024318,1784095018227,6091
1784095024318,1784095018227,6091
1784095024318,1784095018227,6091
1784095024318,1784095018227,6091
1784095024318,1784095018227,6091
1784095024318,1784095018227,6091
1784095024402,1784095018227,6175
1784095024402,1784095018227,6175
1784095024402,1784095018227,6175
1784095024402,1784095018227,6175
1784095024402,1784095018227,6175
1784095024402,1784095018227,6175
1784095024402,1784095018227,6175
1784095024402,1784095018227,6175
1784095024402,1784095018227,6175
1784095024402,1784095018227,6175
1784095024493,1784095018227,6266
1784095024493,1784095018227,6266
1784095024493,1784095018227,6266
1784095024493,1784095018227,6266
1784095024493,1784095018227,6266
1784095024493,1784095018227,6266
1784095024493,1784095018227,6266
1784095024493,1784095018227,6266
1784095024493,1784095018227,6266
1784095024493,1784095018227,6266
1784095024558,1784095018227,6331
1784095024558,1784095018227,6331
1784095024558,1784095018227,6331
1784095024558,1784095018227,6331
1784095024558,1784095018227,6331
1784095024558,1784095018227,6331
1784095024558,1784095018227,6331
1784095024558,1784095018227,6331
1784095024558,1784095018227,6331
1784095024558,1784095018227,6331
1784095024622,1784095018227,6395
1784095024622,1784095018227,6395
1784095024622,1784095018227,6395
1784095024622,1784095018227,6395
1784095024622,1784095018227,6395
1784095024622,1784095018227,6395
1784095024622,1784095018227,6395
1784095024622,1784095018227,6395
1784095024622,1784095018227,6395
1784095024622,1784095018227,6395
1784095024696,1784095018227,6469
1784095024696,1784095018227,6469
1784095024696,1784095018227,6469
1784095024696,1784095018227,6469
1784095024696,1784095018227,6469
1784095024696,1784095018227,6469
1784095024696,1784095018227,6469
1784095024696,1784095018227,6469
1784095024696,1784095018227,6469
1784095024696,1784095018227,6469
1784095024760,1784095018227,6533
1784095024760,1784095018227,6533
1784095024760,1784095018227,6533
1784095024760,1784095018227,6533
1784095024760,1784095018227,6533
1784095024760,1784095018227,6533
1784095024760,1784095018227,6533
1784095024760,1784095018227,6533
1784095024760,1784095018227,6533
1784095024760,1784095018227,6533
1784095024825,1784095018227,6598
1784095024825,1784095018227,6598
1784095024825,1784095018227,6598
1784095024825,1784095018227,6598
1784095024825,1784095018227,6598
1784095024825,1784095018227,6598
1784095024825,1784095018227,6598
1784095024825,1784095018227,6598
1784095024825,1784095018227,6598
1784095024825,1784095018227,6598
1784095024888,1784095018227,6661
1784095024888,1784095018227,6661
1784095024888,1784095018227,6661
1784095024888,1784095018227,6661
1784095024888,1784095018227,6661
1784095024888,1784095018227,6661
1784095024888,1784095018227,6661
1784095024888,1784095018227,6661
1784095024888,1784095018227,6661
1784095024888,1784095018227,6661
1784095024952,1784095018227,6725
1784095024952,1784095018227,6725
1784095024952,1784095018227,6725
1784095024952,1784095018227,6725
1784095024952,1784095018227,6725
1784095024952,1784095018227,6725
1784095024952,1784095018227,6725
1784095024952,1784095018227,6725
1784095024952,1784095018227,6725
1784095024952,1784095018227,6725
1784095025017,1784095018227,6790
1784095025017,1784095018227,6790
1784095025017,1784095018227,6790
1784095025017,1784095018227,6790
1784095025017,1784095018227,6790
1784095025017,1784095018227,6790
1784095025017,1784095018227,6790
1784095025017,1784095018227,6790
1784095025017,1784095018227,6790
1784095025017,1784095018227,6790
1784095025078,1784095018227,6851
1784095025078,1784095018227,6851
1784095025078,1784095018227,6851
1784095025078,1784095018227,6851
1784095025078,1784095018227,6851
1784095025078,1784095018227,6851
1784095025078,1784095018227,6851
1784095025078,1784095018227,6851
1784095025078,1784095018227,6851
1784095025078,1784095018227,6851
1784095025157,1784095018227,6930
1784095025157,1784095018227,6930
1784095025157,1784095018227,6930
1784095025157,1784095018227,6930
1784095025157,1784095018227,6930
1784095025157,1784095018227,6930
1784095025157,1784095018227,6930
1784095025157,1784095018227,6930
1784095025157,1784095018227,6930
1784095025157,1784095018227,6930
1784095025257,1784095018227,7030
1784095025257,1784095018227,7030
1784095025257,1784095018227,7030
1784095025257,1784095018227,7030
1784095025257,1784095018227,7030
1784095025257,1784095018227,7030
1784095025257,1784095018227,7030
1784095025257,1784095018227,7030
1784095025257,1784095018227,7030
1784095025257,1784095018227,7030
1784095025383,1784095018227,7156
1784095025383,1784095018227,7156
1784095025383,1784095018227,7156
1784095025383,1784095018227,7156
1784095025383,1784095018227,7156
1784095025383,1784095018227,7156
1784095025383,1784095018227,7156
1784095025383,1784095018227,7156
1784095025383,1784095018227,7156
1784095025383,1784095018227,7156
1784095025490,1784095018227,7263
1784095025490,1784095018227,7263
1784095025490,1784095018227,7263
1784095025490,1784095018227,7263
1784095025490,1784095018227,7263
1784095025490,1784095018227,7263
1784095025490,1784095018227,7263
1784095025490,1784095018227,7263
1784095025490,1784095018227,7263
1784095025490,1784095018227,7263
1784095025601,1784095018227,7374
1784095025601,1784095018227,7374
1784095025601,1784095018227,7374
1784095025601,1784095018227,7374
1784095025601,1784095018227,7374
1784095025601,1784095018227,7374
1784095025601,1784095018227,7374
1784095025601,1784095018227,7374
1784095025601,1784095018227,7374
1784095025601,1784095018227,7374
1784095025709,1784095018227,7482
1784095025709,1784095018227,7482
1784095025709,1784095018227,7482
1784095025709,1784095018227,7482
1784095025709,1784095018227,7482
1784095025709,1784095018227,7482
1784095025709,1784095018227,7482
1784095025709,1784095018227,7482
1784095025709,1784095018227,7482
1784095025709,1784095018227,7482
1784095025821,1784095018227,7594
1784095025821,1784095018227,7594
1784095025821,1784095018227,7594
1784095025821,1784095018227,7594
1784095025821,1784095018227,7594
1784095025821,1784095018227,7594
1784095025821,1784095018227,7594
1784095025821,1784095018227,7594
1784095025821,1784095018227,7594
1784095025821,1784095018227,7594
1784095025927,1784095018227,7700
1784095025927,1784095018227,7700
1784095025927,1784095018227,7700
1784095025927,1784095018227,7700
1784095025927,1784095018227,7700
1784095025927,1784095018227,7700
1784095025927,1784095018227,7700
1784095025927,1784095018227,7700
1784095025927,1784095018227,7700
1784095025927,1784095018227,7700
1784095026030,1784095018227,7803
1784095026030,1784095018227,7803
1784095026030,1784095018227,7803
1784095026030,1784095018227,7803
1784095026030,1784095018227,7803
1784095026030,1784095018227,7803
1784095026030,1784095018227,7803
1784095026030,1784095018227,7803
1784095026030,1784095018227,7803
1784095026030,1784095018227,7803
1784095026135,1784095018227,7908
1784095026135,1784095018227,7908
1784095026135,1784095018227,7908
1784095026135,1784095018227,7908
1784095026135,1784095018227,7908
1784095026135,1784095018227,7908
1784095026135,1784095018227,7908
1784095026135,1784095018227,7908
1784095026135,1784095018227,7908
1784095026135,1784095018227,7908
1784095026239,1784095018227,8012
1784095026239,1784095018227,8012
1784095026239,1784095018227,8012
1784095026239,1784095018227,8012
1784095026239,1784095018227,8012
1784095026239,1784095018227,8012
1784095026239,1784095018227,8012
1784095026239,1784095018227,8012
1784095026239,1784095018227,8012
1784095026239,1784095018227,8012
1784095026348,1784095018227,8121
1784095026348,1784095018227,8121
1784095026348,1784095018227,8121
1784095026348,1784095018227,8121
1784095026348,1784095018227,8121
1784095026348,1784095018227,8121
1784095026348,1784095018227,8121
1784095026348,1784095018227,8121
1784095026348,1784095018227,8121
1784095026348,1784095018227,8121
1784095026445,1784095018227,8218
1784095026445,1784095018227,8218
1784095026445,1784095018227,8218
1784095026445,1784095018227,8218
1784095026445,1784095018227,8218
1784095026445,1784095018227,8218
1784095026445,1784095018227,8218
1784095026445,1784095018227,8218
1784095026445,1784095018227,8218
1784095026445,1784095018227,8218
1784095026546,1784095018227,8319
1784095026546,1784095018227,8319
1784095026546,1784095018227,8319
1784095026546,1784095018227,8319
1784095026546,1784095018227,8319
1784095026546,1784095018227,8319
1784095026546,1784095018227,8319
1784095026546,1784095018227,8319
1784095026546,1784095018227,8319
1784095026546,1784095018227,8319
1784095026650,1784095018227,8423
1784095026650,1784095018227,8423
1784095026650,1784095018227,8423
1784095026650,1784095018227,8423
1784095026650,1784095018227,8423
1784095026650,1784095018227,8423
1784095026650,1784095018227,8423
1784095026650,1784095018227,8423
1784095026650,1784095018227,8423
1784095026650,1784095018227,8423
1784095026755,1784095018227,8528
1784095026755,1784095018227,8528
1784095026755,1784095018227,8528
1784095026755,1784095018227,8528
1784095026755,1784095018227,8528
1784095026755,1784095018227,8528
1784095026755,1784095018227,8528
1784095026755,1784095018227,8528
1784095026755,1784095018227,8528
1784095026755,1784095018227,8528
1784095026865,1784095018227,8638
1784095026865,1784095018227,8638
1784095026865,1784095018227,8638
1784095026865,1784095018227,8638
1784095026865,1784095018227,8638
1784095026865,1784095018227,8638
1784095026865,1784095018227,8638
1784095026865,1784095018227,8638
1784095026865,1784095018227,8638
1784095026865,1784095018227,8638
1784095026974,1784095018227,8747
1784095026974,1784095018227,8747
1784095026974,1784095018227,8747
1784095026974,1784095018227,8747
1784095026974,1784095018227,8747
1784095026974,1784095018227,8747
1784095026974,1784095018227,8747
1784095026974,1784095018227,8747
1784095026974,1784095018227,8747
1784095026974,1784095018227,8747
1784095027077,1784095018227,8850
1784095027077,1784095018227,8850
1784095027077,1784095018227,8850
1784095027077,1784095018227,8850
1784095027077,1784095018227,8850
1784095027077,1784095018227,8850
1784095027077,1784095018227,8850
1784095027077,1784095018227,8850
1784095027077,1784095018227,8850
1784095027077,1784095018227,8850
1784095027180,1784095018227,8953
1784095027180,1784095018227,8953
1784095027180,1784095018227,8953
1784095027180,1784095018227,8953
1784095027180,1784095018227,8953
1784095027180,1784095018227,8953
1784095027180,1784095018227,8953
1784095027180,1784095018227,8953
1784095027180,1784095018227,8953
1784095027180,1784095018227,8953
1784095027287,1784095018227,9060
1784095027287,1784095018227,9060
1784095027287,1784095018227,9060
1784095027287,1784095018227,9060
1784095027287,1784095018227,9060
1784095027287,1784095018227,9060
1784095027287,1784095018227,9060
1784095027287,1784095018227,9060
1784095027287,1784095018227,9060
1784095027287,1784095018227,9060
1784095027398,1784095018227,9171
1784095027398,1784095018227,9171
1784095027398,1784095018227,9171
1784095027398,1784095018227,9171
1784095027398,1784095018227,9171
1784095027398,1784095018227,9171
1784095027398,1784095018227,9171
1784095027398,1784095018227,9171
1784095027398,1784095018227,9171
1784095027398,1784095018227,9171
1784095027503,1784095018227,9276
1784095027503,1784095018227,9276
1784095027503,1784095018227,9276
1784095027503,1784095018227,9276
1784095027503,1784095018227,9276
1784095027503,1784095018227,9276
1784095027503,1784095018227,9276
1784095027503,1784095018227,9276
1784095027503,1784095018227,9276
1784095027503,1784095018227,9276
1784095027598,1784095018227,9371
1784095027598,1784095018227,9371
1784095027598,1784095018227,9371
1784095027598,1784095018227,9371
1784095027598,1784095018227,9371
1784095027598,1784095018227,9371
1784095027598,1784095018227,9371
1784095027598,1784095018227,9371
1784095027598,1784095018227,9371
1784095027598,1784095018227,9371
1784095027705,1784095018227,9478
1784095027705,1784095018227,9478
1784095027705,1784095018227,9478
1784095027705,1784095018227,9478
1784095027705,1784095018227,9478
1784095027705,1784095018227,9478
1784095027705,1784095018227,9478
1784095027705,1784095018227,9478
1784095027705,1784095018227,9478
1784095027705,1784095018227,9478
1784095043798,1784095037660,6138
1784095043798,1784095037660,6138
1784095043798,1784095037660,6138
1784095043798,1784095037660,6138
1784095043798,1784095037660,6138
1784095043798,1784095037660,6138
1784095043798,1784095037660,6138
1784095043798,1784095037660,6138
1784095043798,1784095037660,6138
1784095043798,1784095037660,6138
1784095043862,1784095037660,6202
1784095043862,1784095037660,6202
1784095043862,1784095037660,6202
1784095043862,1784095037660,6202
1784095043862,1784095037660,6202
1784095043862,1784095037660,6202
1784095043862,1784095037660,6202
1784095043862,1784095037660,6202
1784095043862,1784095037660,6202
1784095043862,1784095037660,6202
1784095043924,1784095037660,6264
1784095043924,1784095037660,6264
1784095043924,1784095037660,6264
1784095043924,1784095037660,6264
1784095043924,1784095037660,6264
1784095043924,1784095037660,6264
1784095043924,1784095037660,6264
1784095043924,1784095037660,6264
1784095043924,1784095037660,6264
1784095043924,1784095037660,6264
1784095043987,1784095037660,6327
1784095043987,1784095037660,6327
1784095043987,1784095037660,6327
1784095043987,1784095037660,6327
1784095043987,1784095037660,6327
1784095043987,1784095037660,6327
1784095043987,1784095037660,6327
1784095043987,1784095037660,6327
1784095043987,1784095037660,6327
1784095043987,1784095037660,6327
1784095044110,1784095037660,6450
1784095044110,1784095037660,6450
1784095044110,1784095037660,6450
1784095044110,1784095037660,6450
1784095044110,1784095037660,6450
1784095044110,1784095037660,6450
1784095044110,1784095037660,6450
1784095044110,1784095037660,6450
1784095044110,1784095037660,6450
1784095044110,1784095037660,6450
1784095044172,1784095037660,6512
1784095044172,1784095037660,6512
1784095044172,1784095037660,6512
1784095044172,1784095037660,6512
1784095044172,1784095037660,6512
1784095044172,1784095037660,6512
1784095044172,1784095037660,6512
1784095044172,1784095037660,6512
1784095044172,1784095037660,6512
1784095044172,1784095037660,6512
1784095044236,1784095037660,6576
1784095044236,1784095037660,6576
1784095044236,1784095037660,6576
1784095044236,1784095037660,6576
1784095044236,1784095037660,6576
1784095044236,1784095037660,6576
1784095044236,1784095037660,6576
1784095044236,1784095037660,6576
1784095044236,1784095037660,6576
1784095044236,1784095037660,6576
1784095044296,1784095037660,6636
1784095044296,1784095037660,6636
1784095044296,1784095037660,6636
1784095044296,1784095037660,6636
1784095044296,1784095037660,6636
1784095044296,1784095037660,6636
1784095044296,1784095037660,6636
1784095044296,1784095037660,6636
1784095044296,1784095037660,6636
1784095044296,1784095037660,6636
1784095044353,1784095037660,6693
1784095044353,1784095037660,6693
1784095044353,1784095037660,6693
1784095044353,1784095037660,6693
1784095044353,1784095037660,6693
1784095044353,1784095037660,6693
1784095044353,1784095037660,6693
1784095044353,1784095037660,6693
1784095044353,1784095037660,6693
1784095044353,1784095037660,6693
1784095044411,1784095037660,6751
1784095044411,1784095037660,6751
1784095044411,1784095037660,6751
1784095044411,1784095037660,6751
1784095044411,1784095037660,6751
1784095044411,1784095037660,6751
1784095044411,1784095037660,6751
1784095044411,1784095037660,6751
1784095044411,1784095037660,6751
1784095044411,1784095037660,6751
1784095044470,1784095037660,6810
1784095044470,1784095037660,6810
1784095044470,1784095037660,6810
1784095044470,1784095037660,6810
1784095044470,1784095037660,6810
1784095044470,1784095037660,6810
1784095044470,1784095037660,6810
1784095044470,1784095037660,6810
1784095044470,1784095037660,6810
1784095044470,1784095037660,6810
1784095044528,1784095037660,6868
1784095044528,1784095037660,6868
1784095044528,1784095037660,6868
1784095044528,1784095037660,6868
1784095044528,1784095037660,6868
1784095044528,1784095037660,6868
1784095044528,1784095037660,6868
1784095044528,1784095037660,6868
1784095044528,1784095037660,6868
1784095044528,1784095037660,6868
1784095044591,1784095037660,6931
1784095044591,1784095037660,6931
1784095044591,1784095037660,6931
1784095044591,1784095037660,6931
1784095044591,1784095037660,6931
1784095044591,1784095037660,6931
1784095044591,1784095037660,6931
1784095044591,1784095037660,6931
1784095044591,1784095037660,6931
1784095044591,1784095037660,6931
1784095044653,1784095037660,6993
1784095044653,1784095037660,6993
1784095044653,1784095037660,6993
1784095044653,1784095037660,6993
1784095044653,1784095037660,6993
1784095044653,1784095037660,6993
1784095044653,1784095037660,6993
1784095044653,1784095037660,6993
1784095044653,1784095037660,6993
1784095044653,1784095037660,6993
1784095044717,1784095037660,7057
1784095044717,1784095037660,7057
1784095044717,1784095037660,7057
1784095044717,1784095037660,7057
1784095044717,1784095037660,7057
1784095044717,1784095037660,7057
1784095044717,1784095037660,7057
1784095044717,1784095037660,7057
1784095044717,1784095037660,7057
1784095044717,1784095037660,7057
1784095044783,1784095037660,7123
1784095044783,1784095037660,7123
1784095044783,1784095037660,7123
1784095044783,1784095037660,7123
1784095044783,1784095037660,7123
1784095044783,1784095037660,7123
1784095044783,1784095037660,7123
1784095044783,1784095037660,7123
1784095044783,1784095037660,7123
1784095044783,1784095037660,7123
1784095044855,1784095037660,7195
1784095044855,1784095037660,7195
1784095044855,1784095037660,7195
1784095044855,1784095037660,7195
1784095044855,1784095037660,7195
1784095044855,1784095037660,7195
1784095044855,1784095037660,7195
1784095044855,1784095037660,7195
1784095044855,1784095037660,7195
1784095044855,1784095037660,7195
1784095044920,1784095037660,7260
1784095044920,1784095037660,7260
1784095044920,1784095037660,7260
1784095044920,1784095037660,7260
1784095044920,1784095037660,7260
1784095044920,1784095037660,7260
1784095044920,1784095037660,7260
1784095044920,1784095037660,7260
1784095044920,1784095037660,7260
1784095044920,1784095037660,7260
1784095044984,1784095037660,7324
1784095044984,1784095037660,7324
1784095044984,1784095037660,7324
1784095044984,1784095037660,7324
1784095044984,1784095037660,7324
1784095044984,1784095037660,7324
1784095044984,1784095037660,7324
1784095044984,1784095037660,7324
1784095044984,1784095037660,7324
1784095044984,1784095037660,7324
1784095045049,1784095037660,7389
1784095045049,1784095037660,7389
1784095045049,1784095037660,7389
1784095045049,1784095037660,7389
1784095045049,1784095037660,7389
1784095045049,1784095037660,7389
1784095045049,1784095037660,7389
1784095045049,1784095037660,7389
1784095045049,1784095037660,7389
1784095045049,1784095037660,7389
1784095045120,1784095037660,7460
1784095045120,1784095037660,7460
1784095045120,1784095037660,7460
1784095045120,1784095037660,7460
1784095045120,1784095037660,7460
1784095045120,1784095037660,7460
1784095045120,1784095037660,7460
1784095045120,1784095037660,7460
1784095045120,1784095037660,7460
1784095045120,1784095037660,7460
1784095045192,1784095037660,7532
1784095045192,1784095037660,7532
1784095045192,1784095037660,7532
1784095045192,1784095037660,7532
1784095045192,1784095037660,7532
1784095045192,1784095037660,7532
1784095045192,1784095037660,7532
1784095045192,1784095037660,7532
1784095045192,1784095037660,7532
1784095045192,1784095037660,7532
1784095045264,1784095037660,7604
1784095045264,1784095037660,7604
1784095045264,1784095037660,7604
1784095045264,1784095037660,7604
1784095045264,1784095037660,7604
1784095045264,1784095037660,7604
1784095045264,1784095037660,7604
1784095045264,1784095037660,7604
1784095045264,1784095037660,7604
1784095045264,1784095037660,7604
1784095045335,1784095037660,7675
1784095045335,1784095037660,7675
1784095045335,1784095037660,7675
1784095045335,1784095037660,7675
1784095045335,1784095037660,7675
1784095045335,1784095037660,7675
1784095045335,1784095037660,7675
1784095045335,1784095037660,7675
1784095045335,1784095037660,7675
1784095045335,1784095037660,7675
1784095045403,1784095037660,7743
1784095045403,1784095037660,7743
1784095045403,1784095037660,7743
1784095045403,1784095037660,7743
1784095045403,1784095037660,7743
1784095045403,1784095037660,7743
1784095045403,1784095037660,7743
1784095045403,1784095037660,7743
1784095045403,1784095037660,7743
1784095045403,1784095037660,7743
1784095045468,1784095037660,7808
1784095045468,1784095037660,7808
1784095045468,1784095037660,7808
1784095045468,1784095037660,7808
1784095045468,1784095037660,7808
1784095045468,1784095037660,7808
1784095045468,1784095037660,7808
1784095045468,1784095037660,7808
1784095045468,1784095037660,7808
1784095045468,1784095037660,7808
1784095045529,1784095037660,7869
1784095045529,1784095037660,7869
1784095045529,1784095037660,7869
1784095045529,1784095037660,7869
1784095045529,1784095037660,7869
1784095045529,1784095037660,7869
1784095045529,1784095037660,7869
1784095045529,1784095037660,7869
1784095045529,1784095037660,7869
1784095045529,1784095037660,7869
1784095045587,1784095037660,7927
1784095045587,1784095037660,7927
1784095045587,1784095037660,7927
1784095045587,1784095037660,7927
1784095045587,1784095037660,7927
1784095045587,1784095037660,7927
1784095045587,1784095037660,7927
1784095045587,1784095037660,7927
1784095045587,1784095037660,7927
1784095045587,1784095037660,7927
1784095045649,1784095037660,7989
1784095045649,1784095037660,7989
1784095045649,1784095037660,7989
1784095045649,1784095037660,7989
1784095045649,1784095037660,7989
1784095045649,1784095037660,7989
1784095045649,1784095037660,7989
1784095045649,1784095037660,7989
1784095045649,1784095037660,7989
1784095045649,1784095037660,7989
1784095045708,1784095037660,8048
1784095045708,1784095037660,8048
1784095045708,1784095037660,8048
1784095045708,1784095037660,8048
1784095045708,1784095037660,8048
1784095045708,1784095037660,8048
1784095045708,1784095037660,8048
1784095045708,1784095037660,8048
1784095045708,1784095037660,8048
1784095045708,1784095037660,8048
1784095045767,1784095037660,8107
1784095045767,1784095037660,8107
1784095045767,1784095037660,8107
1784095045767,1784095037660,8107
1784095045767,1784095037660,8107
1784095045767,1784095037660,8107
1784095045767,1784095037660,8107
1784095045767,1784095037660,8107
1784095045767,1784095037660,8107
1784095045767,1784095037660,8107
1784095045829,1784095037660,8169
1784095045829,1784095037660,8169
1784095045829,1784095037660,8169
1784095045829,1784095037660,8169
1784095045829,1784095037660,8169
1784095045829,1784095037660,8169
1784095045829,1784095037660,8169
1784095045829,1784095037660,8169
1784095045829,1784095037660,8169
1784095045829,1784095037660,8169
1784095045906,1784095037660,8246
1784095045906,1784095037660,8246
1784095045906,1784095037660,8246
1784095045906,1784095037660,8246
1784095045906,1784095037660,8246
1784095045906,1784095037660,8246
1784095045906,1784095037660,8246
1784095045906,1784095037660,8246
1784095045906,1784095037660,8246
1784095045906,1784095037660,8246
1784095046007,1784095037660,8347
1784095046007,1784095037660,8347
1784095046007,1784095037660,8347
1784095046007,1784095037660,8347
1784095046007,1784095037660,8347
1784095046007,1784095037660,8347
1784095046007,1784095037660,8347
1784095046007,1784095037660,8347
1784095046007,1784095037660,8347
1784095046007,1784095037660,8347
1784095046107,1784095037660,8447
1784095046107,1784095037660,8447
1784095046107,1784095037660,8447
1784095046107,1784095037660,8447
1784095046107,1784095037660,8447
1784095046107,1784095037660,8447
1784095046107,1784095037660,8447
1784095046107,1784095037660,8447
1784095046107,1784095037660,8447
1784095046107,1784095037660,8447
1784095046209,1784095037660,8549
1784095046209,1784095037660,8549
1784095046209,1784095037660,8549
1784095046209,1784095037660,8549
1784095046209,1784095037660,8549
1784095046209,1784095037660,8549
1784095046209,1784095037660,8549
1784095046209,1784095037660,8549
1784095046209,1784095037660,8549
1784095046209,1784095037660,8549
1784095046313,1784095037660,8653
1784095046313,1784095037660,8653
1784095046313,1784095037660,8653
1784095046313,1784095037660,8653
1784095046313,1784095037660,8653
1784095046313,1784095037660,8653
1784095046313,1784095037660,8653
1784095046313,1784095037660,8653
1784095046313,1784095037660,8653
1784095046313,1784095037660,8653
1784095046409,1784095037660,8749
1784095046409,1784095037660,8749
1784095046409,1784095037660,8749
1784095046409,1784095037660,8749
1784095046409,1784095037660,8749
1784095046409,1784095037660,8749
1784095046409,1784095037660,8749
1784095046409,1784095037660,8749
1784095046409,1784095037660,8749
1784095046409,1784095037660,8749
1784095046509,1784095037660,8849
1784095046509,1784095037660,8849
1784095046509,1784095037660,8849
1784095046509,1784095037660,8849
1784095046509,1784095037660,8849
1784095046509,1784095037660,8849
1784095046509,1784095037660,8849
1784095046509,1784095037660,8849
1784095046509,1784095037660,8849
1784095046509,1784095037660,8849
1784095046619,1784095037660,8959
1784095046619,1784095037660,8959
1784095046619,1784095037660,8959
1784095046619,1784095037660,8959
1784095046619,1784095037660,8959
1784095046619,1784095037660,8959
1784095046619,1784095037660,8959
1784095046619,1784095037660,8959
1784095046619,1784095037660,8959
1784095046619,1784095037660,8959
1784095046719,1784095037660,9059
1784095046719,1784095037660,9059
1784095046719,1784095037660,9059
1784095046719,1784095037660,9059
1784095046719,1784095037660,9059
1784095046719,1784095037660,9059
1784095046719,1784095037660,9059
1784095046719,1784095037660,9059
1784095046719,1784095037660,9059
1784095046719,1784095037660,9059
1784095046826,1784095037660,9166
1784095046826,1784095037660,9166
1784095046826,1784095037660,9166
1784095046826,1784095037660,9166
1784095046826,1784095037660,9166
1784095046826,1784095037660,9166
1784095046826,1784095037660,9166
1784095046826,1784095037660,9166
1784095046826,1784095037660,9166
1784095046826,1784095037660,9166
1784095046933,1784095037660,9273
1784095046933,1784095037660,9273
1784095046933,1784095037660,9273
1784095046933,1784095037660,9273
1784095046933,1784095037660,9273
1784095046933,1784095037660,9273
1784095046933,1784095037660,9273
1784095046933,1784095037660,9273
1784095046933,1784095037660,9273
1784095046933,1784095037660,9273
1784095047038,1784095037660,9378
1784095047038,1784095037660,9378
1784095047038,1784095037660,9378
1784095047038,1784095037660,9378
1784095047038,1784095037660,9378
1784095047038,1784095037660,9378
1784095047038,1784095037660,9378
1784095047038,1784095037660,9378
1784095047038,1784095037660,9378
1784095047038,1784095037660,9378
1784095047143,1784095037660,9483
1784095047143,1784095037660,9483
1784095047143,1784095037660,9483
1784095047143,1784095037660,9483
1784095047143,1784095037660,9483
1784095047143,1784095037660,9483
1784095047143,1784095037660,9483
1784095047143,1784095037660,9483
1784095047143,1784095037660,9483
1784095047143,1784095037660,9483
1784095047247,1784095037660,9587
1784095047247,1784095037660,9587
1784095047247,1784095037660,9587
1784095047247,1784095037660,9587
1784095047247,1784095037660,9587
1784095047247,1784095037660,9587
1784095047247,1784095037660,9587
1784095047247,1784095037660,9587
1784095047247,1784095037660,9587
1784095047247,1784095037660,9587
1784095047348,1784095037660,9688
1784095047348,1784095037660,9688
1784095047348,1784095037660,9688
1784095047348,1784095037660,9688
1784095047348,1784095037660,9688
1784095047348,1784095037660,9688
1784095047348,1784095037660,9688
1784095047348,1784095037660,9688
1784095047348,1784095037660,9688
1784095047348,1784095037660,9688
1784095047453,1784095037660,9793
1784095047453,1784095037660,9793
1784095047453,1784095037660,9793
1784095047453,1784095037660,9793
1784095047453,1784095037660,9793
1784095047453,1784095037660,9793
1784095047453,1784095037660,9793
1784095047453,1784095037660,9793
1784095047453,1784095037660,9793
1784095047453,1784095037660,9793
1784095047557,1784095037660,9897
1784095047557,1784095037660,9897
1784095047557,1784095037660,9897
1784095047557,1784095037660,9897
1784095047557,1784095037660,9897
1784095047557,1784095037660,9897
1784095047557,1784095037660,9897
1784095047557,1784095037660,9897
1784095047557,1784095037660,9897
1784095047557,1784095037660,9897
1784095047678,1784095037660,10018
1784095047678,1784095037660,10018
1784095047678,1784095037660,10018
1784095047678,1784095037660,10018
1784095047678,1784095037660,10018
1784095047678,1784095037660,10018
1784095047678,1784095037660,10018
1784095047678,1784095037660,10018
1784095047678,1784095037660,10018
1784095047678,1784095037660,10018
1784095048240,1784095043256,4984
1784095048240,1784095043256,4984
1784095048240,1784095043256,4984
1784095048240,1784095043256,4984
1784095048240,1784095043256,4984
1784095048240,1784095043256,4984
1784095048240,1784095043256,4984
1784095048240,1784095043256,4984
1784095048240,1784095043256,4984
1784095048240,1784095043256,4984
1784095048348,1784095043256,5092
1784095048348,1784095043256,5092
1784095048348,1784095043256,5092
1784095048348,1784095043256,5092
1784095048348,1784095043256,5092
1784095048348,1784095043256,5092
1784095048348,1784095043256,5092
1784095048348,1784095043256,5092
1784095048348,1784095043256,5092
1784095048348,1784095043256,5092
1784095048453,1784095043256,5197
1784095048453,1784095043256,5197
1784095048453,1784095043256,5197
1784095048453,1784095043256,5197
1784095048453,1784095043256,5197
1784095048453,1784095043256,5197
1784095048453,1784095043256,5197
1784095048453,1784095043256,5197
1784095048453,1784095043256,5197
1784095048453,1784095043256,5197
1784095048560,1784095043256,5304
1784095048560,1784095043256,5304
1784095048560,1784095043256,5304
1784095048560,1784095043256,5304
1784095048560,1784095043256,5304
1784095048560,1784095043256,5304
1784095048560,1784095043256,5304
1784095048560,1784095043256,5304
1784095048560,1784095043256,5304
1784095048560,1784095043256,5304
1784095048671,1784095043256,5415
1784095048671,1784095043256,5415
1784095048671,1784095043256,5415
1784095048671,1784095043256,5415
1784095048671,1784095043256,5415
1784095048671,1784095043256,5415
1784095048671,1784095043256,5415
1784095048671,1784095043256,5415
1784095048671,1784095043256,5415
1784095048671,1784095043256,5415
1784095048777,1784095043256,5521
1784095048777,1784095043256,5521
1784095048777,1784095043256,5521
1784095048777,1784095043256,5521
1784095048777,1784095043256,5521
1784095048777,1784095043256,5521
1784095048777,1784095043256,5521
1784095048777,1784095043256,5521
1784095048777,1784095043256,5521
1784095048777,1784095043256,5521
1784095048883,1784095043256,5627
1784095048883,1784095043256,5627
1784095048883,1784095043256,5627
1784095048883,1784095043256,5627
1784095048883,1784095043256,5627
1784095048883,1784095043256,5627
1784095048883,1784095043256,5627
1784095048883,1784095043256,5627
1784095048883,1784095043256,5627
1784095048883,1784095043256,5627
1784095048992,1784095043256,5736
1784095048992,1784095043256,5736
1784095048992,1784095043256,5736
1784095048992,1784095043256,5736
1784095048992,1784095043256,5736
1784095048992,1784095043256,5736
1784095048992,1784095043256,5736
1784095048992,1784095043256,5736
1784095048992,1784095043256,5736
1784095048992,1784095043256,5736
1784095049097,1784095043256,5841
1784095049097,1784095043256,5841
1784095049097,1784095043256,5841
1784095049097,1784095043256,5841
1784095049097,1784095043256,5841
1784095049097,1784095043256,5841
1784095049097,1784095043256,5841
1784095049097,1784095043256,5841
1784095049097,1784095043256,5841
1784095049097,1784095043256,5841
1784095049199,1784095043256,5943
1784095049199,1784095043256,5943
1784095049199,1784095043256,5943
1784095049199,1784095043256,5943
1784095049199,1784095043256,5943
1784095049199,1784095043256,5943
1784095049199,1784095043256,5943
1784095049199,1784095043256,5943
1784095049199,1784095043256,5943
1784095049199,1784095043256,5943
1784095049360,1784095043256,6104
1784095049360,1784095043256,6104
1784095049360,1784095043256,6104
1784095049360,1784095043256,6104
1784095049360,1784095043256,6104
1784095049360,1784095043256,6104
1784095049360,1784095043256,6104
1784095049360,1784095043256,6104
1784095049360,1784095043256,6104
1784095049360,1784095043256,6104
1784095049460,1784095043256,6204
1784095049460,1784095043256,6204
1784095049460,1784095043256,6204
1784095049460,1784095043256,6204
1784095049460,1784095043256,6204
1784095049460,1784095043256,6204
1784095049460,1784095043256,6204
1784095049460,1784095043256,6204
1784095049460,1784095043256,6204
1784095049460,1784095043256,6204
1784095049566,1784095043256,6310
1784095049566,1784095043256,6310
1784095049566,1784095043256,6310
1784095049566,1784095043256,6310
1784095049566,1784095043256,6310
1784095049566,1784095043256,6310
1784095049566,1784095043256,6310
1784095049566,1784095043256,6310
1784095049566,1784095043256,6310
1784095049566,1784095043256,6310
1784095049677,1784095043256,6421
1784095049677,1784095043256,6421
1784095049677,1784095043256,6421
1784095049677,1784095043256,6421
1784095049677,1784095043256,6421
1784095049677,1784095043256,6421
1784095049677,1784095043256,6421
1784095049677,1784095043256,6421
1784095049677,1784095043256,6421
1784095049677,1784095043256,6421
1784095049762,1784095043256,6506
1784095049762,1784095043256,6506
1784095049762,1784095043256,6506
1784095049762,1784095043256,6506
1784095049762,1784095043256,6506
1784095049762,1784095043256,6506
1784095049762,1784095043256,6506
1784095049762,1784095043256,6506
1784095049762,1784095043256,6506
1784095049762,1784095043256,6506
1784095049862,1784095043256,6606
1784095049862,1784095043256,6606
1784095049862,1784095043256,6606
1784095049862,1784095043256,6606
1784095049862,1784095043256,6606
1784095049862,1784095043256,6606
1784095049862,1784095043256,6606
1784095049862,1784095043256,6606
1784095049862,1784095043256,6606
1784095049862,1784095043256,6606
1784095049965,1784095043256,6709
1784095049965,1784095043256,6709
1784095049965,1784095043256,6709
1784095049965,1784095043256,6709
1784095049965,1784095043256,6709
1784095049965,1784095043256,6709
1784095049965,1784095043256,6709
1784095049965,1784095043256,6709
1784095049965,1784095043256,6709
1784095049965,1784095043256,6709
1784095050051,1784095043256,6795
1784095050051,1784095043256,6795
1784095050051,1784095043256,6795
1784095050051,1784095043256,6795
1784095050051,1784095043256,6795
1784095050051,1784095043256,6795
1784095050051,1784095043256,6795
1784095050051,1784095043256,6795
1784095050051,1784095043256,6795
1784095050051,1784095043256,6795
1784095050160,1784095043256,6904
1784095050160,1784095043256,6904
1784095050160,1784095043256,6904
1784095050160,1784095043256,6904
1784095050160,1784095043256,6904
1784095050160,1784095043256,6904
1784095050160,1784095043256,6904
1784095050160,1784095043256,6904
1784095050160,1784095043256,6904
1784095050160,1784095043256,6904
1784095050267,1784095043256,7011
1784095050267,1784095043256,7011
1784095050267,1784095043256,7011
1784095050267,1784095043256,7011
1784095050267,1784095043256,7011
1784095050267,1784095043256,7011
1784095050267,1784095043256,7011
1784095050267,1784095043256,7011
1784095050267,1784095043256,7011
1784095050267,1784095043256,7011
1784095050377,1784095043256,7121
1784095050377,1784095043256,7121
1784095050377,1784095043256,7121
1784095050377,1784095043256,7121
1784095050377,1784095043256,7121
1784095050377,1784095043256,7121
1784095050377,1784095043256,7121
1784095050377,1784095043256,7121
1784095050377,1784095043256,7121
1784095050377,1784095043256,7121
1784095050478,1784095043256,7222
1784095050478,1784095043256,7222
1784095050478,1784095043256,7222
1784095050478,1784095043256,7222
1784095050478,1784095043256,7222
1784095050478,1784095043256,7222
1784095050478,1784095043256,7222
1784095050478,1784095043256,7222
1784095050478,1784095043256,7222
1784095050478,1784095043256,7222
1784095050594,1784095043256,7338
1784095050594,1784095043256,7338
1784095050594,1784095043256,7338
1784095050594,1784095043256,7338
1784095050594,1784095043256,7338
1784095050594,1784095043256,7338
1784095050594,1784095043256,7338
1784095050594,1784095043256,7338
1784095050594,1784095043256,7338
1784095050594,1784095043256,7338
1784095050702,1784095043256,7446
1784095050702,1784095043256,7446
1784095050702,1784095043256,7446
1784095050702,1784095043256,7446
1784095050702,1784095043256,7446
1784095050702,1784095043256,7446
1784095050702,1784095043256,7446
1784095050702,1784095043256,7446
1784095050702,1784095043256,7446
1784095050702,1784095043256,7446
1784095050801,1784095043256,7545
1784095050801,1784095043256,7545
1784095050801,1784095043256,7545
1784095050801,1784095043256,7545
1784095050801,1784095043256,7545
1784095050801,1784095043256,7545
1784095050801,1784095043256,7545
1784095050801,1784095043256,7545
1784095050801,1784095043256,7545
1784095050801,1784095043256,7545
1784095050905,1784095043256,7649
1784095050905,1784095043256,7649
1784095050905,1784095043256,7649
1784095050905,1784095043256,7649
1784095050905,1784095043256,7649
1784095050905,1784095043256,7649
1784095050905,1784095043256,7649
1784095050905,1784095043256,7649
1784095050905,1784095043256,7649
1784095050905,1784095043256,7649
1784095050999,1784095043256,7743
1784095050999,1784095043256,7743
1784095050999,1784095043256,7743
1784095050999,1784095043256,7743
1784095050999,1784095043256,7743
1784095050999,1784095043256,7743
1784095050999,1784095043256,7743
1784095050999,1784095043256,7743
1784095050999,1784095043256,7743
1784095050999,1784095043256,7743
1784095051086,1784095043256,7830
1784095051086,1784095043256,7830
1784095051086,1784095043256,7830
1784095051086,1784095043256,7830
1784095051086,1784095043256,7830
1784095051086,1784095043256,7830
1784095051086,1784095043256,7830
1784095051086,1784095043256,7830
1784095051086,1784095043256,7830
1784095051086,1784095043256,7830
1784095051182,1784095043256,7926
1784095051182,1784095043256,7926
1784095051182,1784095043256,7926
1784095051182,1784095043256,7926
1784095051182,1784095043256,7926
1784095051182,1784095043256,7926
1784095051182,1784095043256,7926
1784095051182,1784095043256,7926
1784095051182,1784095043256,7926
1784095051182,1784095043256,7926
1784095051269,1784095043256,8013
1784095051269,1784095043256,8013
1784095051269,1784095043256,8013
1784095051269,1784095043256,8013
1784095051269,1784095043256,8013
1784095051269,1784095043256,8013
1784095051269,1784095043256,8013
1784095051269,1784095043256,8013
1784095051269,1784095043256,8013
1784095051269,1784095043256,8013
1784095051356,1784095043256,8100
1784095051356,1784095043256,8100
1784095051356,1784095043256,8100
1784095051356,1784095043256,8100
1784095051356,1784095043256,8100
1784095051356,1784095043256,8100
1784095051356,1784095043256,8100
1784095051356,1784095043256,8100
1784095051356,1784095043256,8100
1784095051356,1784095043256,8100
1784095051449,1784095043256,8193
1784095051449,1784095043256,8193
1784095051449,1784095043256,8193
1784095051449,1784095043256,8193
1784095051449,1784095043256,8193
1784095051449,1784095043256,8193
1784095051449,1784095043256,8193
1784095051449,1784095043256,8193
1784095051449,1784095043256,8193
1784095051449,1784095043256,8193
1784095051542,1784095043256,8286
1784095051542,1784095043256,8286
1784095051542,1784095043256,8286
1784095051542,1784095043256,8286
1784095051542,1784095043256,8286
1784095051542,1784095043256,8286
1784095051542,1784095043256,8286
1784095051542,1784095043256,8286
1784095051542,1784095043256,8286
1784095051542,1784095043256,8286
1784095051638,1784095043256,8382
1784095051638,1784095043256,8382
1784095051638,1784095043256,8382
1784095051638,1784095043256,8382
1784095051638,1784095043256,8382
1784095051638,1784095043256,8382
1784095051638,1784095043256,8382
1784095051638,1784095043256,8382
1784095051638,1784095043256,8382
1784095051638,1784095043256,8382
1784095051745,1784095043256,8489
1784095051745,1784095043256,8489
1784095051745,1784095043256,8489
1784095051745,1784095043256,8489
1784095051745,1784095043256,8489
1784095051745,1784095043256,8489
1784095051745,1784095043256,8489
1784095051745,1784095043256,8489
1784095051745,1784095043256,8489
1784095051745,1784095043256,8489
1784095051840,1784095043256,8584
1784095051840,1784095043256,8584
1784095051840,1784095043256,8584
1784095051840,1784095043256,8584
1784095051840,1784095043256,8584
1784095051840,1784095043256,8584
1784095051840,1784095043256,8584
1784095051840,1784095043256,8584
1784095051840,1784095043256,8584
1784095051840,1784095043256,8584
1784095051918,1784095043256,8662
1784095051918,1784095043256,8662
1784095051918,1784095043256,8662
1784095051918,1784095043256,8662
1784095051918,1784095043256,8662
1784095051918,1784095043256,8662
1784095051918,1784095043256,8662
1784095051918,1784095043256,8662
1784095051918,1784095043256,8662
1784095051918,1784095043256,8662
1784095052015,1784095043256,8759
1784095052015,1784095043256,8759
1784095052015,1784095043256,8759
1784095052015,1784095043256,8759
1784095052015,1784095043256,8759
1784095052015,1784095043256,8759
1784095052015,1784095043256,8759
1784095052015,1784095043256,8759
1784095052015,1784095043256,8759
1784095052015,1784095043256,8759
1784095052111,1784095043256,8855
1784095052111,1784095043256,8855
1784095052111,1784095043256,8855
1784095052111,1784095043256,8855
1784095052111,1784095043256,8855
1784095052111,1784095043256,8855
1784095052111,1784095043256,8855
1784095052111,1784095043256,8855
1784095052111,1784095043256,8855
1784095052111,1784095043256,8855
1784095052218,1784095043256,8962
1784095052218,1784095043256,8962
1784095052218,1784095043256,8962
1784095052218,1784095043256,8962
1784095052218,1784095043256,8962
1784095052218,1784095043256,8962
1784095052218,1784095043256,8962
1784095052218,1784095043256,8962
1784095052218,1784095043256,8962
1784095052218,1784095043256,8962
1784095052322,1784095043256,9066
1784095052322,1784095043256,9066
1784095052322,1784095043256,9066
1784095052322,1784095043256,9066
1784095052322,1784095043256,9066
1784095052322,1784095043256,9066
1784095052322,1784095043256,9066
1784095052322,1784095043256,9066
1784095052322,1784095043256,9066
1784095052322,1784095043256,9066
1784095052425,1784095043256,9169
1784095052425,1784095043256,9169
1784095052425,1784095043256,9169
1784095052425,1784095043256,9169
1784095052425,1784095043256,9169
1784095052425,1784095043256,9169
1784095052425,1784095043256,9169
1784095052425,1784095043256,9169
1784095052425,1784095043256,9169
1784095052425,1784095043256,9169
1784095052531,1784095043256,9275
1784095052531,1784095043256,9275
1784095052531,1784095043256,9275
1784095052531,1784095043256,9275
1784095052531,1784095043256,9275
1784095052531,1784095043256,9275
1784095052531,1784095043256,9275
1784095052531,1784095043256,9275
1784095052531,1784095043256,9275
1784095052531,1784095043256,9275
1784095052636,1784095043256,9380
1784095052636,1784095043256,9380
1784095052636,1784095043256,9380
1784095052636,1784095043256,9380
1784095052636,1784095043256,9380
1784095052636,1784095043256,9380
1784095052636,1784095043256,9380
1784095052636,1784095043256,9380
1784095052636,1784095043256,9380
1784095052636,1784095043256,9380
1784095052741,1784095043256,9485
1784095052741,1784095043256,9485
1784095052741,1784095043256,9485
1784095052741,1784095043256,9485
1784095052741,1784095043256,9485
1784095052741,1784095043256,9485
1784095052741,1784095043256,9485
1784095052741,1784095043256,9485
1784095052741,1784095043256,9485
1784095052741,1784095043256,9485
1784095052852,1784095043256,9596
1784095052852,1784095043256,9596
1784095052852,1784095043256,9596
1784095052852,1784095043256,9596
1784095052852,1784095043256,9596
1784095052852,1784095043256,9596
1784095052852,1784095043256,9596
1784095052852,1784095043256,9596
1784095052852,1784095043256,9596
1784095052852,1784095043256,9596
1784095052958,1784095043256,9702
1784095052958,1784095043256,9702
1784095052958,1784095043256,9702
1784095052958,1784095043256,9702
1784095052958,1784095043256,9702
1784095052958,1784095043256,9702
1784095052958,1784095043256,9702
1784095052958,1784095043256,9702
1784095052958,1784095043256,9702
1784095052958,1784095043256,9702
1784095053054,1784095043256,9798
1784095053054,1784095043256,9798
1784095053054,1784095043256,9798
1784095053054,1784095043256,9798
1784095053054,1784095043256,9798
1784095053054,1784095043256,9798
1784095053054,1784095043256,9798
1784095053054,1784095043256,9798
1784095053054,1784095043256,9798
1784095053054,1784095043256,9798
1784095053157,1784095043256,9901
1784095053157,1784095043256,9901
1784095053157,1784095043256,9901
1784095053157,1784095043256,9901
1784095053157,1784095043256,9901
1784095053157,1784095043256,9901
1784095053157,1784095043256,9901
1784095053157,1784095043256,9901
1784095053157,1784095043256,9901
1784095053157,1784095043256,9901
1784095053265,1784095043256,10009
1784095053265,1784095043256,10009
1784095053265,1784095043256,10009
1784095053265,1784095043256,10009
1784095053265,1784095043256,10009
1784095053265,1784095043256,10009
1784095053265,1784095043256,10009
1784095053265,1784095043256,10009
1784095053265,1784095043256,10009
1784095053265,1784095043256,10009
1784095069966,1784095062689,7277
1784095069966,1784095062689,7277
1784095069966,1784095062689,7277
1784095069966,1784095062689,7277
1784095069966,1784095062689,7277
1784095069966,1784095062689,7277
1784095069966,1784095062689,7277
1784095069966,1784095062689,7277
1784095069966,1784095062689,7277
1784095069966,1784095062689,7277
1784095070836,1784095062689,8147
1784095070836,1784095062689,8147
1784095070836,1784095062689,8147
1784095070836,1784095062689,8147
1784095070836,1784095062689,8147
1784095070836,1784095062689,8147
1784095070836,1784095062689,8147
1784095070836,1784095062689,8147
1784095070836,1784095062689,8147
1784095070836,1784095062689,8147
1784095070940,1784095062689,8251
1784095070940,1784095062689,8251
1784095070940,1784095062689,8251
1784095070940,1784095062689,8251
1784095070940,1784095062689,8251
1784095070940,1784095062689,8251
1784095070940,1784095062689,8251
1784095070940,1784095062689,8251
1784095070940,1784095062689,8251
1784095070940,1784095062689,8251
1784095071049,1784095062689,8360
1784095071049,1784095062689,8360
1784095071049,1784095062689,8360
1784095071049,1784095062689,8360
1784095071049,1784095062689,8360
1784095071049,1784095062689,8360
1784095071049,1784095062689,8360
1784095071049,1784095062689,8360
1784095071049,1784095062689,8360
1784095071049,1784095062689,8360
1784095071241,1784095062689,8552
1784095071241,1784095062689,8552
1784095071241,1784095062689,8552
1784095071241,1784095062689,8552
1784095071241,1784095062689,8552
1784095071241,1784095062689,8552
1784095071241,1784095062689,8552
1784095071241,1784095062689,8552
1784095071241,1784095062689,8552
1784095071241,1784095062689,8552
1784095071345,1784095062689,8656
1784095071345,1784095062689,8656
1784095071345,1784095062689,8656
1784095071345,1784095062689,8656
1784095071345,1784095062689,8656
1784095071345,1784095062689,8656
1784095071345,1784095062689,8656
1784095071345,1784095062689,8656
1784095071345,1784095062689,8656
1784095071345,1784095062689,8656
1784095071439,1784095062689,8750
1784095071439,1784095062689,8750
1784095071439,1784095062689,8750
1784095071439,1784095062689,8750
1784095071439,1784095062689,8750
1784095071439,1784095062689,8750
1784095071439,1784095062689,8750
1784095071439,1784095062689,8750
1784095071439,1784095062689,8750
1784095071439,1784095062689,8750
1784095071536,1784095062689,8847
1784095071536,1784095062689,8847
1784095071536,1784095062689,8847
1784095071536,1784095062689,8847
1784095071536,1784095062689,8847
1784095071536,1784095062689,8847
1784095071536,1784095062689,8847
1784095071536,1784095062689,8847
1784095071536,1784095062689,8847
1784095071536,1784095062689,8847
1784095071610,1784095062689,8921
1784095071610,1784095062689,8921
1784095071610,1784095062689,8921
1784095071610,1784095062689,8921
1784095071610,1784095062689,8921
1784095071610,1784095062689,8921
1784095071610,1784095062689,8921
1784095071610,1784095062689,8921
1784095071610,1784095062689,8921
1784095071610,1784095062689,8921
1784095071687,1784095062689,8998
1784095071687,1784095062689,8998
1784095071687,1784095062689,8998
1784095071687,1784095062689,8998
1784095071687,1784095062689,8998
1784095071687,1784095062689,8998
1784095071687,1784095062689,8998
1784095071687,1784095062689,8998
1784095071687,1784095062689,8998
1784095071687,1784095062689,8998
1784095071766,1784095062689,9077
1784095071766,1784095062689,9077
1784095071766,1784095062689,9077
1784095071766,1784095062689,9077
1784095071766,1784095062689,9077
1784095071766,1784095062689,9077
1784095071766,1784095062689,9077
1784095071766,1784095062689,9077
1784095071766,1784095062689,9077
1784095071766,1784095062689,9077
1784095071841,1784095062689,9152
1784095071841,1784095062689,9152
1784095071841,1784095062689,9152
1784095071841,1784095062689,9152
1784095071841,1784095062689,9152
1784095071841,1784095062689,9152
1784095071841,1784095062689,9152
1784095071841,1784095062689,9152
1784095071841,1784095062689,9152
1784095071841,1784095062689,9152
1784095071924,1784095062689,9235
1784095071924,1784095062689,9235
1784095071924,1784095062689,9235
1784095071924,1784095062689,9235
1784095071924,1784095062689,9235
1784095071924,1784095062689,9235
1784095071924,1784095062689,9235
1784095071924,1784095062689,9235
1784095071924,1784095062689,9235
1784095071924,1784095062689,9235
1784095072001,1784095062689,9312
1784095072001,1784095062689,9312
1784095072001,1784095062689,9312
1784095072001,1784095062689,9312
1784095072001,1784095062689,9312
1784095072001,1784095062689,9312
1784095072001,1784095062689,9312
1784095072001,1784095062689,9312
1784095072001,1784095062689,9312
1784095072001,1784095062689,9312
1784095072074,1784095062689,9385
1784095072074,1784095062689,9385
1784095072074,1784095062689,9385
1784095072074,1784095062689,9385
1784095072074,1784095062689,9385
1784095072074,1784095062689,9385
1784095072074,1784095062689,9385
1784095072074,1784095062689,9385
1784095072074,1784095062689,9385
1784095072074,1784095062689,9385
1784095072153,1784095062689,9464
1784095072153,1784095062689,9464
1784095072153,1784095062689,9464
1784095072153,1784095062689,9464
1784095072153,1784095062689,9464
1784095072153,1784095062689,9464
1784095072153,1784095062689,9464
1784095072153,1784095062689,9464
1784095072153,1784095062689,9464
1784095072153,1784095062689,9464
1784095072242,1784095062689,9553
1784095072242,1784095062689,9553
1784095072242,1784095062689,9553
1784095072242,1784095062689,9553
1784095072242,1784095062689,9553
1784095072242,1784095062689,9553
1784095072242,1784095062689,9553
1784095072242,1784095062689,9553
1784095072242,1784095062689,9553
1784095072242,1784095062689,9553
1784095072323,1784095062689,9634
1784095072323,1784095062689,9634
1784095072323,1784095062689,9634
1784095072323,1784095062689,9634
1784095072323,1784095062689,9634
1784095072323,1784095062689,9634
1784095072323,1784095062689,9634
1784095072323,1784095062689,9634
1784095072323,1784095062689,9634
1784095072323,1784095062689,9634
1784095072409,1784095062689,9720
1784095072409,1784095062689,9720
1784095072409,1784095062689,9720
1784095072409,1784095062689,9720
1784095072409,1784095062689,9720
1784095072409,1784095062689,9720
1784095072409,1784095062689,9720
1784095072409,1784095062689,9720
1784095072409,1784095062689,9720
1784095072409,1784095062689,9720
1784095072496,1784095062689,9807
1784095072496,1784095062689,9807
1784095072496,1784095062689,9807
1784095072496,1784095062689,9807
1784095072496,1784095062689,9807
1784095072496,1784095062689,9807
1784095072496,1784095062689,9807
1784095072496,1784095062689,9807
1784095072496,1784095062689,9807
1784095072496,1784095062689,9807
1784095072581,1784095062689,9892
1784095072581,1784095062689,9892
1784095072581,1784095062689,9892
1784095072581,1784095062689,9892
1784095072581,1784095062689,9892
1784095072581,1784095062689,9892
1784095072581,1784095062689,9892
1784095072581,1784095062689,9892
1784095072581,1784095062689,9892
1784095072581,1784095062689,9892
1784095072666,1784095062689,9977
1784095072666,1784095062689,9977
1784095072666,1784095062689,9977
1784095072666,1784095062689,9977
1784095072666,1784095062689,9977
1784095072666,1784095062689,9977
1784095072666,1784095062689,9977
1784095072666,1784095062689,9977
1784095072666,1784095062689,9977
1784095072666,1784095062689,9977
1784095072780,1784095062689,10091
1784095072780,1784095062689,10091
1784095072780,1784095062689,10091
1784095072780,1784095062689,10091
1784095072780,1784095062689,10091
1784095072780,1784095062689,10091
1784095072780,1784095062689,10091
1784095072780,1784095062689,10091
1784095072780,1784095062689,10091
1784095072780,1784095062689,10091
1784095072938,1784095062689,10249
1784095072938,1784095062689,10249
1784095072938,1784095062689,10249
1784095072938,1784095062689,10249
1784095072938,1784095062689,10249
1784095072938,1784095062689,10249
1784095072938,1784095062689,10249
1784095072938,1784095062689,10249
1784095072938,1784095062689,10249
1784095072938,1784095062689,10249
1784095073082,1784095062689,10393
1784095073082,1784095062689,10393
1784095073082,1784095062689,10393
1784095073082,1784095062689,10393
1784095073082,1784095062689,10393
1784095073082,1784095062689,10393
1784095073082,1784095062689,10393
1784095073082,1784095062689,10393
1784095073082,1784095062689,10393
1784095073082,1784095062689,10393
1784095073191,1784095062689,10502
1784095073191,1784095062689,10502
1784095073191,1784095062689,10502
1784095073191,1784095062689,10502
1784095073191,1784095062689,10502
1784095073191,1784095062689,10502
1784095073191,1784095062689,10502
1784095073191,1784095062689,10502
1784095073191,1784095062689,10502
1784095073191,1784095062689,10502
1784095073321,1784095062689,10632
1784095073321,1784095062689,10632
1784095073321,1784095062689,10632
1784095073321,1784095062689,10632
1784095073321,1784095062689,10632
1784095073321,1784095062689,10632
1784095073321,1784095062689,10632
1784095073321,1784095062689,10632
1784095073321,1784095062689,10632
1784095073321,1784095062689,10632
1784095073412,1784095062689,10723
1784095073412,1784095062689,10723
1784095073412,1784095062689,10723
1784095073412,1784095062689,10723
1784095073412,1784095062689,10723
1784095073412,1784095062689,10723
1784095073412,1784095062689,10723
1784095073412,1784095062689,10723
1784095073412,1784095062689,10723
1784095073412,1784095062689,10723
1784095073471,1784095062689,10782
1784095073471,1784095062689,10782
1784095073471,1784095062689,10782
1784095073471,1784095062689,10782
1784095073471,1784095062689,10782
1784095073471,1784095062689,10782
1784095073471,1784095062689,10782
1784095073471,1784095062689,10782
1784095073471,1784095062689,10782
1784095073471,1784095062689,10782
1784095073533,1784095062689,10844
1784095073533,1784095062689,10844
1784095073533,1784095062689,10844
1784095073533,1784095062689,10844
1784095073533,1784095062689,10844
1784095073533,1784095062689,10844
1784095073533,1784095062689,10844
1784095073533,1784095062689,10844
1784095073533,1784095062689,10844
1784095073533,1784095062689,10844
1784095073595,1784095062689,10906
1784095073595,1784095062689,10906
1784095073595,1784095062689,10906
1784095073595,1784095062689,10906
1784095073595,1784095062689,10906
1784095073595,1784095062689,10906
1784095073595,1784095062689,10906
1784095073595,1784095062689,10906
1784095073595,1784095062689,10906
1784095073595,1784095062689,10906
1784095073661,1784095062689,10972
1784095073661,1784095062689,10972
1784095073661,1784095062689,10972
1784095073661,1784095062689,10972
1784095073661,1784095062689,10972
1784095073661,1784095062689,10972
1784095073661,1784095062689,10972
1784095073661,1784095062689,10972
1784095073661,1784095062689,10972
1784095073661,1784095062689,10972
1784095073755,1784095062689,11066
1784095073755,1784095062689,11066
1784095073755,1784095062689,11066
1784095073755,1784095062689,11066
1784095073755,1784095062689,11066
1784095073755,1784095062689,11066
1784095073755,1784095062689,11066
1784095073755,1784095062689,11066
1784095073755,1784095062689,11066
1784095073755,1784095062689,11066
1784095073844,1784095062689,11155
1784095073844,1784095062689,11155
1784095073844,1784095062689,11155
1784095073844,1784095062689,11155
1784095073844,1784095062689,11155
1784095073844,1784095062689,11155
1784095073844,1784095062689,11155
1784095073844,1784095062689,11155
1784095073844,1784095062689,11155
1784095073844,1784095062689,11155
1784095073936,1784095062689,11247
1784095073936,1784095062689,11247
1784095073936,1784095062689,11247
1784095073936,1784095062689,11247
1784095073936,1784095062689,11247
1784095073936,1784095062689,11247
1784095073936,1784095062689,11247
1784095073936,1784095062689,11247
1784095073936,1784095062689,11247
1784095073936,1784095062689,11247
1784095074039,1784095062689,11350
1784095074039,1784095062689,11350
1784095074039,1784095062689,11350
1784095074039,1784095062689,11350
1784095074039,1784095062689,11350
1784095074039,1784095062689,11350
1784095074039,1784095062689,11350
1784095074039,1784095062689,11350
1784095074039,1784095062689,11350
1784095074039,1784095062689,11350
1784095074142,1784095062689,11453
1784095074142,1784095062689,11453
1784095074142,1784095062689,11453
1784095074142,1784095062689,11453
1784095074142,1784095062689,11453
1784095074142,1784095062689,11453
1784095074142,1784095062689,11453
1784095074142,1784095062689,11453
1784095074142,1784095062689,11453
1784095074142,1784095062689,11453
1784095074244,1784095062689,11555
1784095074244,1784095062689,11555
1784095074244,1784095062689,11555
1784095074244,1784095062689,11555
1784095074244,1784095062689,11555
1784095074244,1784095062689,11555
1784095074244,1784095062689,11555
1784095074244,1784095062689,11555
1784095074244,1784095062689,11555
1784095074244,1784095062689,11555
1784095074346,1784095062689,11657
1784095074346,1784095062689,11657
1784095074346,1784095062689,11657
1784095074346,1784095062689,11657
1784095074346,1784095062689,11657
1784095074346,1784095062689,11657
1784095074346,1784095062689,11657
1784095074346,1784095062689,11657
1784095074346,1784095062689,11657
1784095074346,1784095062689,11657
1784095074454,1784095062689,11765
1784095074454,1784095062689,11765
1784095074454,1784095062689,11765
1784095074454,1784095062689,11765
1784095074454,1784095062689,11765
1784095074454,1784095062689,11765
1784095074454,1784095062689,11765
1784095074454,1784095062689,11765
1784095074454,1784095062689,11765
1784095074454,1784095062689,11765
1784095074555,1784095062689,11866
1784095074555,1784095062689,11866
1784095074555,1784095062689,11866
1784095074555,1784095062689,11866
1784095074555,1784095062689,11866
1784095074555,1784095062689,11866
1784095074555,1784095062689,11866
1784095074555,1784095062689,11866
1784095074555,1784095062689,11866
1784095074555,1784095062689,11866
1784095074656,1784095062689,11967
1784095074656,1784095062689,11967
1784095074656,1784095062689,11967
1784095074656,1784095062689,11967
1784095074656,1784095062689,11967
1784095074656,1784095062689,11967
1784095074656,1784095062689,11967
1784095074656,1784095062689,11967
1784095074656,1784095062689,11967
1784095074656,1784095062689,11967
1784095074760,1784095062689,12071
1784095074760,1784095062689,12071
1784095074760,1784095062689,12071
1784095074760,1784095062689,12071
1784095074760,1784095062689,12071
1784095074760,1784095062689,12071
1784095074760,1784095062689,12071
1784095074760,1784095062689,12071
1784095074760,1784095062689,12071
1784095074760,1784095062689,12071
1784095074866,1784095062689,12177
1784095074866,1784095062689,12177
1784095074866,1784095062689,12177
1784095074866,1784095062689,12177
1784095074866,1784095062689,12177
1784095074866,1784095062689,12177
1784095074866,1784095062689,12177
1784095074866,1784095062689,12177
1784095074866,1784095062689,12177
1784095074866,1784095062689,12177
1784095074972,1784095062689,12283
1784095074972,1784095062689,12283
1784095074972,1784095062689,12283
1784095074972,1784095062689,12283
1784095074972,1784095062689,12283
1784095074972,1784095062689,12283
1784095074972,1784095062689,12283
1784095074972,1784095062689,12283
1784095074972,1784095062689,12283
1784095074972,1784095062689,12283
1784095075070,1784095062689,12381
1784095075070,1784095062689,12381
1784095075070,1784095062689,12381
1784095075070,1784095062689,12381
1784095075070,1784095062689,12381
1784095075070,1784095062689,12381
1784095075070,1784095062689,12381
1784095075070,1784095062689,12381
1784095075070,1784095062689,12381
1784095075070,1784095062689,12381
1784095075156,1784095062689,12467
1784095075156,1784095062689,12467
1784095075156,1784095062689,12467
1784095075156,1784095062689,12467
1784095075156,1784095062689,12467
1784095075156,1784095062689,12467
1784095075156,1784095062689,12467
1784095075156,1784095062689,12467
1784095075156,1784095062689,12467
1784095075156,1784095062689,12467
1784095075258,1784095062689,12569
1784095075258,1784095062689,12569
1784095075258,1784095062689,12569
1784095075258,1784095062689,12569
1784095075258,1784095062689,12569
1784095075258,1784095062689,12569
1784095075258,1784095062689,12569
1784095075258,1784095062689,12569
1784095075258,1784095062689,12569
1784095075258,1784095062689,12569
1784095075352,1784095062689,12663
1784095075352,1784095062689,12663
1784095075352,1784095062689,12663
1784095075352,1784095062689,12663
1784095075352,1784095062689,12663
1784095075352,1784095062689,12663
1784095075352,1784095062689,12663
1784095075352,1784095062689,12663
1784095075352,1784095062689,12663
1784095075352,1784095062689,12663
1784095075445,1784095062689,12756
1784095075445,1784095062689,12756
1784095075445,1784095062689,12756
1784095075445,1784095062689,12756
1784095075445,1784095062689,12756
1784095075445,1784095062689,12756
1784095075445,1784095062689,12756
1784095075445,1784095062689,12756
1784095075445,1784095062689,12756
1784095075445,1784095062689,12756
1784095091765,1784095086129,5636
1784095091765,1784095086129,5636
1784095091765,1784095086129,5636
1784095091765,1784095086129,5636
1784095091765,1784095086129,5636
1784095091765,1784095086129,5636
1784095091765,1784095086129,5636
1784095091765,1784095086129,5636
1784095091765,1784095086129,5636
1784095091765,1784095086129,5636
1784095091869,1784095086129,5740
1784095091869,1784095086129,5740
1784095091869,1784095086129,5740
1784095091869,1784095086129,5740
1784095091869,1784095086129,5740
1784095091869,1784095086129,5740
1784095091869,1784095086129,5740
1784095091869,1784095086129,5740
1784095091869,1784095086129,5740
1784095091869,1784095086129,5740
1784095091973,1784095086129,5844
1784095091973,1784095086129,5844
1784095091973,1784095086129,5844
1784095091973,1784095086129,5844
1784095091973,1784095086129,5844
1784095091973,1784095086129,5844
1784095091973,1784095086129,5844
1784095091973,1784095086129,5844
1784095091973,1784095086129,5844
1784095091973,1784095086129,5844
1784095092076,1784095086129,5947
1784095092076,1784095086129,5947
1784095092076,1784095086129,5947
1784095092076,1784095086129,5947
1784095092076,1784095086129,5947
1784095092076,1784095086129,5947
1784095092076,1784095086129,5947
1784095092076,1784095086129,5947
1784095092076,1784095086129,5947
1784095092076,1784095086129,5947
1784095092235,1784095086129,6106
1784095092235,1784095086129,6106
1784095092235,1784095086129,6106
1784095092235,1784095086129,6106
1784095092235,1784095086129,6106
1784095092235,1784095086129,6106
1784095092235,1784095086129,6106
1784095092235,1784095086129,6106
1784095092235,1784095086129,6106
1784095092235,1784095086129,6106
1784095092340,1784095086129,6211
1784095092340,1784095086129,6211
1784095092340,1784095086129,6211
1784095092340,1784095086129,6211
1784095092340,1784095086129,6211
1784095092340,1784095086129,6211
1784095092340,1784095086129,6211
1784095092340,1784095086129,6211
1784095092340,1784095086129,6211
1784095092340,1784095086129,6211
1784095092444,1784095086129,6315
1784095092444,1784095086129,6315
1784095092444,1784095086129,6315
1784095092444,1784095086129,6315
1784095092444,1784095086129,6315
1784095092444,1784095086129,6315
1784095092444,1784095086129,6315
1784095092444,1784095086129,6315
1784095092444,1784095086129,6315
1784095092444,1784095086129,6315
1784095092548,1784095086129,6419
1784095092548,1784095086129,6419
1784095092548,1784095086129,6419
1784095092548,1784095086129,6419
1784095092548,1784095086129,6419
1784095092548,1784095086129,6419
1784095092548,1784095086129,6419
1784095092548,1784095086129,6419
1784095092548,1784095086129,6419
1784095092548,1784095086129,6419
1784095092653,1784095086129,6524
1784095092653,1784095086129,6524
1784095092653,1784095086129,6524
1784095092653,1784095086129,6524
1784095092653,1784095086129,6524
1784095092653,1784095086129,6524
1784095092653,1784095086129,6524
1784095092653,1784095086129,6524
1784095092653,1784095086129,6524
1784095092653,1784095086129,6524
1784095092757,1784095086129,6628
1784095092757,1784095086129,6628
1784095092757,1784095086129,6628
1784095092757,1784095086129,6628
1784095092757,1784095086129,6628
1784095092757,1784095086129,6628
1784095092757,1784095086129,6628
1784095092757,1784095086129,6628
1784095092757,1784095086129,6628
1784095092757,1784095086129,6628
1784095092858,1784095086129,6729
1784095092858,1784095086129,6729
1784095092858,1784095086129,6729
1784095092858,1784095086129,6729
1784095092858,1784095086129,6729
1784095092858,1784095086129,6729
1784095092858,1784095086129,6729
1784095092858,1784095086129,6729
1784095092858,1784095086129,6729
1784095092858,1784095086129,6729
1784095092973,1784095086129,6844
1784095092973,1784095086129,6844
1784095092973,1784095086129,6844
1784095092973,1784095086129,6844
1784095092973,1784095086129,6844
1784095092973,1784095086129,6844
1784095092973,1784095086129,6844
1784095092973,1784095086129,6844
1784095092973,1784095086129,6844
1784095092973,1784095086129,6844
1784095093082,1784095086129,6953
1784095093082,1784095086129,6953
1784095093082,1784095086129,6953
1784095093082,1784095086129,6953
1784095093082,1784095086129,6953
1784095093082,1784095086129,6953
1784095093082,1784095086129,6953
1784095093082,1784095086129,6953
1784095093082,1784095086129,6953
1784095093082,1784095086129,6953
1784095093177,1784095086129,7048
1784095093177,1784095086129,7048
1784095093177,1784095086129,7048
1784095093177,1784095086129,7048
1784095093177,1784095086129,7048
1784095093177,1784095086129,7048
1784095093177,1784095086129,7048
1784095093177,1784095086129,7048
1784095093177,1784095086129,7048
1784095093177,1784095086129,7048
1784095093299,1784095086129,7170
1784095093299,1784095086129,7170
1784095093299,1784095086129,7170
1784095093299,1784095086129,7170
1784095093299,1784095086129,7170
1784095093299,1784095086129,7170
1784095093299,1784095086129,7170
1784095093299,1784095086129,7170
1784095093299,1784095086129,7170
1784095093299,1784095086129,7170
1784095093403,1784095086129,7274
1784095093403,1784095086129,7274
1784095093403,1784095086129,7274
1784095093403,1784095086129,7274
1784095093403,1784095086129,7274
1784095093403,1784095086129,7274
1784095093403,1784095086129,7274
1784095093403,1784095086129,7274
1784095093403,1784095086129,7274
1784095093403,1784095086129,7274
1784095093507,1784095086129,7378
1784095093507,1784095086129,7378
1784095093507,1784095086129,7378
1784095093507,1784095086129,7378
1784095093507,1784095086129,7378
1784095093507,1784095086129,7378
1784095093507,1784095086129,7378
1784095093507,1784095086129,7378
1784095093507,1784095086129,7378
1784095093507,1784095086129,7378
1784095093577,1784095086129,7448
1784095093577,1784095086129,7448
1784095093577,1784095086129,7448
1784095093577,1784095086129,7448
1784095093577,1784095086129,7448
1784095093577,1784095086129,7448
1784095093577,1784095086129,7448
1784095093577,1784095086129,7448
1784095093577,1784095086129,7448
1784095093577,1784095086129,7448
1784095093639,1784095086129,7510
1784095093639,1784095086129,7510
1784095093639,1784095086129,7510
1784095093639,1784095086129,7510
1784095093639,1784095086129,7510
1784095093639,1784095086129,7510
1784095093639,1784095086129,7510
1784095093639,1784095086129,7510
1784095093639,1784095086129,7510
1784095093639,1784095086129,7510
1784095093699,1784095086129,7570
1784095093699,1784095086129,7570
1784095093699,1784095086129,7570
1784095093699,1784095086129,7570
1784095093699,1784095086129,7570
1784095093699,1784095086129,7570
1784095093699,1784095086129,7570
1784095093699,1784095086129,7570
1784095093699,1784095086129,7570
1784095093699,1784095086129,7570
1784095093768,1784095086129,7639
1784095093768,1784095086129,7639
1784095093768,1784095086129,7639
1784095093768,1784095086129,7639
1784095093768,1784095086129,7639
1784095093768,1784095086129,7639
1784095093768,1784095086129,7639
1784095093768,1784095086129,7639
1784095093768,1784095086129,7639
1784095093768,1784095086129,7639
1784095093855,1784095086129,7726
1784095093855,1784095086129,7726
1784095093855,1784095086129,7726
1784095093855,1784095086129,7726
1784095093855,1784095086129,7726
1784095093855,1784095086129,7726
1784095093855,1784095086129,7726
1784095093855,1784095086129,7726
1784095093855,1784095086129,7726
1784095093855,1784095086129,7726
1784095093943,1784095086129,7814
1784095093943,1784095086129,7814
1784095093943,1784095086129,7814
1784095093943,1784095086129,7814
1784095093943,1784095086129,7814
1784095093943,1784095086129,7814
1784095093943,1784095086129,7814
1784095093943,1784095086129,7814
1784095093943,1784095086129,7814
1784095093943,1784095086129,7814
1784095094015,1784095086129,7886
1784095094015,1784095086129,7886
1784095094015,1784095086129,7886
1784095094015,1784095086129,7886
1784095094015,1784095086129,7886
1784095094015,1784095086129,7886
1784095094015,1784095086129,7886
1784095094015,1784095086129,7886
1784095094015,1784095086129,7886
1784095094015,1784095086129,7886
1784095094083,1784095086129,7954
1784095094083,1784095086129,7954
1784095094083,1784095086129,7954
1784095094083,1784095086129,7954
1784095094083,1784095086129,7954
1784095094083,1784095086129,7954
1784095094083,1784095086129,7954
1784095094083,1784095086129,7954
1784095094083,1784095086129,7954
1784095094083,1784095086129,7954
1784095094150,1784095086129,8021
1784095094150,1784095086129,8021
1784095094150,1784095086129,8021
1784095094150,1784095086129,8021
1784095094150,1784095086129,8021
1784095094150,1784095086129,8021
1784095094150,1784095086129,8021
1784095094150,1784095086129,8021
1784095094150,1784095086129,8021
1784095094150,1784095086129,8021
1784095094213,1784095086129,8084
1784095094213,1784095086129,8084
1784095094213,1784095086129,8084
1784095094213,1784095086129,8084
1784095094213,1784095086129,8084
1784095094213,1784095086129,8084
1784095094213,1784095086129,8084
1784095094213,1784095086129,8084
1784095094213,1784095086129,8084
1784095094213,1784095086129,8084
1784095094282,1784095086129,8153
1784095094282,1784095086129,8153
1784095094282,1784095086129,8153
1784095094282,1784095086129,8153
1784095094282,1784095086129,8153
1784095094282,1784095086129,8153
1784095094282,1784095086129,8153
1784095094282,1784095086129,8153
1784095094282,1784095086129,8153
1784095094282,1784095086129,8153
1784095094345,1784095086129,8216
1784095094345,1784095086129,8216
1784095094345,1784095086129,8216
1784095094345,1784095086129,8216
1784095094345,1784095086129,8216
1784095094345,1784095086129,8216
1784095094345,1784095086129,8216
1784095094345,1784095086129,8216
1784095094345,1784095086129,8216
1784095094345,1784095086129,8216
1784095094412,1784095086129,8283
1784095094412,1784095086129,8283
1784095094412,1784095086129,8283
1784095094412,1784095086129,8283
1784095094412,1784095086129,8283
1784095094412,1784095086129,8283
1784095094412,1784095086129,8283
1784095094412,1784095086129,8283
1784095094412,1784095086129,8283
1784095094412,1784095086129,8283
1784095094480,1784095086129,8351
1784095094480,1784095086129,8351
1784095094480,1784095086129,8351
1784095094480,1784095086129,8351
1784095094480,1784095086129,8351
1784095094480,1784095086129,8351
1784095094480,1784095086129,8351
1784095094480,1784095086129,8351
1784095094480,1784095086129,8351
1784095094480,1784095086129,8351
1784095094539,1784095086129,8410
1784095094539,1784095086129,8410
1784095094539,1784095086129,8410
1784095094539,1784095086129,8410
1784095094539,1784095086129,8410
1784095094539,1784095086129,8410
1784095094539,1784095086129,8410
1784095094539,1784095086129,8410
1784095094539,1784095086129,8410
1784095094539,1784095086129,8410
1784095094597,1784095086129,8468
1784095094597,1784095086129,8468
1784095094597,1784095086129,8468
1784095094597,1784095086129,8468
1784095094597,1784095086129,8468
1784095094597,1784095086129,8468
1784095094597,1784095086129,8468
1784095094597,1784095086129,8468
1784095094597,1784095086129,8468
1784095094597,1784095086129,8468
1784095094665,1784095086129,8536
1784095094665,1784095086129,8536
1784095094665,1784095086129,8536
1784095094665,1784095086129,8536
1784095094665,1784095086129,8536
1784095094665,1784095086129,8536
1784095094665,1784095086129,8536
1784095094665,1784095086129,8536
1784095094665,1784095086129,8536
1784095094665,1784095086129,8536
1784095094768,1784095086129,8639
1784095094768,1784095086129,8639
1784095094768,1784095086129,8639
1784095094768,1784095086129,8639
1784095094768,1784095086129,8639
1784095094768,1784095086129,8639
1784095094768,1784095086129,8639
1784095094768,1784095086129,8639
1784095094768,1784095086129,8639
1784095094768,1784095086129,8639
1784095094864,1784095086129,8735
1784095094864,1784095086129,8735
1784095094864,1784095086129,8735
1784095094864,1784095086129,8735
1784095094864,1784095086129,8735
1784095094864,1784095086129,8735
1784095094864,1784095086129,8735
1784095094864,1784095086129,8735
1784095094864,1784095086129,8735
1784095094864,1784095086129,8735
1784095094964,1784095086129,8835
1784095094964,1784095086129,8835
1784095094964,1784095086129,8835
1784095094964,1784095086129,8835
1784095094964,1784095086129,8835
1784095094964,1784095086129,8835
1784095094964,1784095086129,8835
1784095094964,1784095086129,8835
1784095094964,1784095086129,8835
1784095094964,1784095086129,8835
1784095095056,1784095086129,8927
1784095095056,1784095086129,8927
1784095095056,1784095086129,8927
1784095095056,1784095086129,8927
1784095095056,1784095086129,8927
1784095095056,1784095086129,8927
1784095095056,1784095086129,8927
1784095095056,1784095086129,8927
1784095095056,1784095086129,8927
1784095095056,1784095086129,8927
1784095095135,1784095086129,9006
1784095095135,1784095086129,9006
1784095095135,1784095086129,9006
1784095095135,1784095086129,9006
1784095095135,1784095086129,9006
1784095095135,1784095086129,9006
1784095095135,1784095086129,9006
1784095095135,1784095086129,9006
1784095095135,1784095086129,9006
1784095095135,1784095086129,9006
1784095095217,1784095086129,9088
1784095095217,1784095086129,9088
1784095095217,1784095086129,9088
1784095095217,1784095086129,9088
1784095095217,1784095086129,9088
1784095095217,1784095086129,9088
1784095095217,1784095086129,9088
1784095095217,1784095086129,9088
1784095095217,1784095086129,9088
1784095095217,1784095086129,9088
1784095095317,1784095086129,9188
1784095095317,1784095086129,9188
1784095095317,1784095086129,9188
1784095095317,1784095086129,9188
1784095095317,1784095086129,9188
1784095095317,1784095086129,9188
1784095095317,1784095086129,9188
1784095095317,1784095086129,9188
1784095095317,1784095086129,9188
1784095095317,1784095086129,9188
1784095095419,1784095086129,9290
1784095095419,1784095086129,9290
1784095095419,1784095086129,9290
1784095095419,1784095086129,9290
1784095095419,1784095086129,9290
1784095095419,1784095086129,9290
1784095095419,1784095086129,9290
1784095095419,1784095086129,9290
1784095095419,1784095086129,9290
1784095095419,1784095086129,9290
1784095095508,1784095086129,9379
1784095095508,1784095086129,9379
1784095095508,1784095086129,9379
1784095095508,1784095086129,9379
1784095095508,1784095086129,9379
1784095095508,1784095086129,9379
1784095095508,1784095086129,9379
1784095095508,1784095086129,9379
1784095095508,1784095086129,9379
1784095095508,1784095086129,9379
1784095095576,1784095086129,9447
1784095095576,1784095086129,9447
1784095095576,1784095086129,9447
1784095095576,1784095086129,9447
1784095095576,1784095086129,9447
1784095095576,1784095086129,9447
1784095095576,1784095086129,9447
1784095095576,1784095086129,9447
1784095095576,1784095086129,9447
1784095095576,1784095086129,9447
1784095095643,1784095086129,9514
1784095095643,1784095086129,9514
1784095095643,1784095086129,9514
1784095095643,1784095086129,9514
1784095095643,1784095086129,9514
1784095095643,1784095086129,9514
1784095095643,1784095086129,9514
1784095095643,1784095086129,9514
1784095095643,1784095086129,9514
1784095095643,1784095086129,9514
1784095095703,1784095086129,9574
1784095095703,1784095086129,9574
1784095095703,1784095086129,9574
1784095095703,1784095086129,9574
1784095095703,1784095086129,9574
1784095095703,1784095086129,9574
1784095095703,1784095086129,9574
1784095095703,1784095086129,9574
1784095095703,1784095086129,9574
1784095095703,1784095086129,9574
1784095095763,1784095086129,9634
1784095095763,1784095086129,9634
1784095095763,1784095086129,9634
1784095095763,1784095086129,9634
1784095095763,1784095086129,9634
1784095095763,1784095086129,9634
1784095095763,1784095086129,9634
1784095095763,1784095086129,9634
1784095095763,1784095086129,9634
1784095095763,1784095086129,9634
1784095095823,1784095086129,9694
1784095095823,1784095086129,9694
1784095095823,1784095086129,9694
1784095095823,1784095086129,9694
1784095095823,1784095086129,9694
1784095095823,1784095086129,9694
1784095095823,1784095086129,9694
1784095095823,1784095086129,9694
1784095095823,1784095086129,9694
1784095095823,1784095086129,9694
1784095095892,1784095086129,9763
1784095095892,1784095086129,9763
1784095095892,1784095086129,9763
1784095095892,1784095086129,9763
1784095095892,1784095086129,9763
1784095095892,1784095086129,9763
1784095095892,1784095086129,9763
1784095095892,1784095086129,9763
1784095095892,1784095086129,9763
1784095095892,1784095086129,9763
1784095095997,1784095086129,9868
1784095095997,1784095086129,9868
1784095095997,1784095086129,9868
1784095095997,1784095086129,9868
1784095095997,1784095086129,9868
1784095095997,1784095086129,9868
1784095095997,1784095086129,9868
1784095095997,1784095086129,9868
1784095095997,1784095086129,9868
1784095095997,1784095086129,9868
1784095117627,1784095111158,6469
1784095117627,1784095111158,6469
1784095117627,1784095111158,6469
1784095117627,1784095111158,6469
1784095117627,1784095111158,6469
1784095117627,1784095111158,6469
1784095117627,1784095111158,6469
1784095117627,1784095111158,6469
1784095117627,1784095111158,6469
1784095117627,1784095111158,6469
1784095117740,1784095111158,6582
1784095117740,1784095111158,6582
1784095117740,1784095111158,6582
1784095117740,1784095111158,6582
1784095117740,1784095111158,6582
1784095117740,1784095111158,6582
1784095117740,1784095111158,6582
1784095117740,1784095111158,6582
1784095117740,1784095111158,6582
1784095117740,1784095111158,6582
1784095117841,1784095111158,6683
1784095117841,1784095111158,6683
1784095117841,1784095111158,6683
1784095117841,1784095111158,6683
1784095117841,1784095111158,6683
1784095117841,1784095111158,6683
1784095117841,1784095111158,6683
1784095117841,1784095111158,6683
1784095117841,1784095111158,6683
1784095117841,1784095111158,6683
1784095117947,1784095111158,6789
1784095117947,1784095111158,6789
1784095117947,1784095111158,6789
1784095117947,1784095111158,6789
1784095117947,1784095111158,6789
1784095117947,1784095111158,6789
1784095117947,1784095111158,6789
1784095117947,1784095111158,6789
1784095117947,1784095111158,6789
1784095117947,1784095111158,6789
1784095118050,1784095111158,6892
1784095118050,1784095111158,6892
1784095118050,1784095111158,6892
1784095118050,1784095111158,6892
1784095118050,1784095111158,6892
1784095118050,1784095111158,6892
1784095118050,1784095111158,6892
1784095118050,1784095111158,6892
1784095118050,1784095111158,6892
1784095118050,1784095111158,6892
1784095118154,1784095111158,6996
1784095118154,1784095111158,6996
1784095118154,1784095111158,6996
1784095118154,1784095111158,6996
1784095118154,1784095111158,6996
1784095118154,1784095111158,6996
1784095118154,1784095111158,6996
1784095118154,1784095111158,6996
1784095118154,1784095111158,6996
1784095118154,1784095111158,6996
1784095118254,1784095111158,7096
1784095118254,1784095111158,7096
1784095118254,1784095111158,7096
1784095118254,1784095111158,7096
1784095118254,1784095111158,7096
1784095118254,1784095111158,7096
1784095118254,1784095111158,7096
1784095118254,1784095111158,7096
1784095118254,1784095111158,7096
1784095118254,1784095111158,7096
1784095118383,1784095111158,7225
1784095118383,1784095111158,7225
1784095118383,1784095111158,7225
1784095118383,1784095111158,7225
1784095118383,1784095111158,7225
1784095118383,1784095111158,7225
1784095118383,1784095111158,7225
1784095118383,1784095111158,7225
1784095118383,1784095111158,7225
1784095118383,1784095111158,7225
1784095119576,1784095111158,8418
1784095119576,1784095111158,8418
1784095119576,1784095111158,8418
1784095119576,1784095111158,8418
1784095119576,1784095111158,8418
1784095119576,1784095111158,8418
1784095119576,1784095111158,8418
1784095119576,1784095111158,8418
1784095119576,1784095111158,8418
1784095119576,1784095111158,8418
1784095119742,1784095111158,8584
1784095119742,1784095111158,8584
1784095119742,1784095111158,8584
1784095119742,1784095111158,8584
1784095119742,1784095111158,8584
1784095119742,1784095111158,8584
1784095119742,1784095111158,8584
1784095119742,1784095111158,8584
1784095119742,1784095111158,8584
1784095119742,1784095111158,8584
1784095120024,1784095111158,8866
1784095120024,1784095111158,8866
1784095120024,1784095111158,8866
1784095120024,1784095111158,8866
1784095120024,1784095111158,8866
1784095120024,1784095111158,8866
1784095120024,1784095111158,8866
1784095120024,1784095111158,8866
1784095120024,1784095111158,8866
1784095120024,1784095111158,8866
1784095120191,1784095111158,9033
1784095120191,1784095111158,9033
1784095120191,1784095111158,9033
1784095120191,1784095111158,9033
1784095120191,1784095111158,9033
1784095120191,1784095111158,9033
1784095120191,1784095111158,9033
1784095120191,1784095111158,9033
1784095120191,1784095111158,9033
1784095120191,1784095111158,9033
1784095120326,1784095111158,9168
1784095120326,1784095111158,9168
1784095120326,1784095111158,9168
1784095120326,1784095111158,9168
1784095120326,1784095111158,9168
1784095120326,1784095111158,9168
1784095120326,1784095111158,9168
1784095120326,1784095111158,9168
1784095120326,1784095111158,9168
1784095120326,1784095111158,9168
1784095120407,1784095111158,9249
1784095120407,1784095111158,9249
1784095120407,1784095111158,9249
1784095120407,1784095111158,9249
1784095120407,1784095111158,9249
1784095120407,1784095111158,9249
1784095120407,1784095111158,9249
1784095120407,1784095111158,9249
1784095120407,1784095111158,9249
1784095120407,1784095111158,9249
1784095121345,1784095111158,10187
1784095121345,1784095111158,10187
1784095121345,1784095111158,10187
1784095121345,1784095111158,10187
1784095121345,1784095111158,10187
1784095121345,1784095111158,10187
1784095121345,1784095111158,10187
1784095121345,1784095111158,10187
1784095121345,1784095111158,10187
1784095121345,1784095111158,10187
1784095121435,1784095111158,10277
1784095121435,1784095111158,10277
1784095121435,1784095111158,10277
1784095121435,1784095111158,10277
1784095121435,1784095111158,10277
1784095121435,1784095111158,10277
1784095121435,1784095111158,10277
1784095121435,1784095111158,10277
1784095121435,1784095111158,10277
1784095121435,1784095111158,10277
1784095121530,1784095111158,10372
1784095121530,1784095111158,10372
1784095121530,1784095111158,10372
1784095121530,1784095111158,10372
1784095121530,1784095111158,10372
1784095121530,1784095111158,10372
1784095121530,1784095111158,10372
1784095121530,1784095111158,10372
1784095121530,1784095111158,10372
1784095121530,1784095111158,10372
1784095121592,1784095111158,10434
1784095121592,1784095111158,10434
1784095121592,1784095111158,10434
1784095121592,1784095111158,10434
1784095121592,1784095111158,10434
1784095121592,1784095111158,10434
1784095121592,1784095111158,10434
1784095121592,1784095111158,10434
1784095121592,1784095111158,10434
1784095121592,1784095111158,10434
1784095121667,1784095111158,10509
1784095121667,1784095111158,10509
1784095121667,1784095111158,10509
1784095121667,1784095111158,10509
1784095121667,1784095111158,10509
1784095121667,1784095111158,10509
1784095121667,1784095111158,10509
1784095121667,1784095111158,10509
1784095121667,1784095111158,10509
1784095121667,1784095111158,10509
1784095121738,1784095111158,10580
1784095121738,1784095111158,10580
1784095121738,1784095111158,10580
1784095121738,1784095111158,10580
1784095121738,1784095111158,10580
1784095121738,1784095111158,10580
1784095121738,1784095111158,10580
1784095121738,1784095111158,10580
1784095121738,1784095111158,10580
1784095121738,1784095111158,10580
1784095121803,1784095111158,10645
1784095121803,1784095111158,10645
1784095121803,1784095111158,10645
1784095121803,1784095111158,10645
1784095121803,1784095111158,10645
1784095121803,1784095111158,10645
1784095121803,1784095111158,10645
1784095121803,1784095111158,10645
1784095121803,1784095111158,10645
1784095121803,1784095111158,10645
1784095121875,1784095111158,10717
1784095121875,1784095111158,10717
1784095121875,1784095111158,10717
1784095121875,1784095111158,10717
1784095121875,1784095111158,10717
1784095121875,1784095111158,10717
1784095121875,1784095111158,10717
1784095121875,1784095111158,10717
1784095121875,1784095111158,10717
1784095121875,1784095111158,10717
1784095121986,1784095111158,10828
1784095121986,1784095111158,10828
1784095121986,1784095111158,10828
1784095121986,1784095111158,10828
1784095121986,1784095111158,10828
1784095121986,1784095111158,10828
1784095121986,1784095111158,10828
1784095121986,1784095111158,10828
1784095121986,1784095111158,10828
1784095121986,1784095111158,10828
1784095122060,1784095111158,10902
1784095122060,1784095111158,10902
1784095122060,1784095111158,10902
1784095122060,1784095111158,10902
1784095122060,1784095111158,10902
1784095122060,1784095111158,10902
1784095122060,1784095111158,10902
1784095122060,1784095111158,10902
1784095122060,1784095111158,10902
1784095122060,1784095111158,10902
1784095122132,1784095111158,10974
1784095122132,1784095111158,10974
1784095122132,1784095111158,10974
1784095122132,1784095111158,10974
1784095122132,1784095111158,10974
1784095122132,1784095111158,10974
1784095122132,1784095111158,10974
1784095122132,1784095111158,10974
1784095122132,1784095111158,10974
1784095122132,1784095111158,10974
1784095122205,1784095111158,11047
1784095122205,1784095111158,11047
1784095122205,1784095111158,11047
1784095122205,1784095111158,11047
1784095122205,1784095111158,11047
1784095122205,1784095111158,11047
1784095122205,1784095111158,11047
1784095122205,1784095111158,11047
1784095122205,1784095111158,11047
1784095122205,1784095111158,11047
1784095122277,1784095111158,11119
1784095122277,1784095111158,11119
1784095122277,1784095111158,11119
1784095122277,1784095111158,11119
1784095122277,1784095111158,11119
1784095122277,1784095111158,11119
1784095122277,1784095111158,11119
1784095122277,1784095111158,11119
1784095122277,1784095111158,11119
1784095122277,1784095111158,11119
1784095122357,1784095111158,11199
1784095122357,1784095111158,11199
1784095122357,1784095111158,11199
1784095122357,1784095111158,11199
1784095122357,1784095111158,11199
1784095122357,1784095111158,11199
1784095122357,1784095111158,11199
1784095122357,1784095111158,11199
1784095122357,1784095111158,11199
1784095122357,1784095111158,11199
1784095122430,1784095111158,11272
1784095122430,1784095111158,11272
1784095122430,1784095111158,11272
1784095122430,1784095111158,11272
1784095122430,1784095111158,11272
1784095122430,1784095111158,11272
1784095122430,1784095111158,11272
1784095122430,1784095111158,11272
1784095122430,1784095111158,11272
1784095122430,1784095111158,11272
1784095122492,1784095111158,11334
1784095122492,1784095111158,11334
1784095122492,1784095111158,11334
1784095122492,1784095111158,11334
1784095122492,1784095111158,11334
1784095122492,1784095111158,11334
1784095122492,1784095111158,11334
1784095122492,1784095111158,11334
1784095122492,1784095111158,11334
1784095122492,1784095111158,11334
1784095122555,1784095111158,11397
1784095122555,1784095111158,11397
1784095122555,1784095111158,11397
1784095122555,1784095111158,11397
1784095122555,1784095111158,11397
1784095122555,1784095111158,11397
1784095122555,1784095111158,11397
1784095122555,1784095111158,11397
1784095122555,1784095111158,11397
1784095122555,1784095111158,11397
1784095122620,1784095111158,11462
1784095122620,1784095111158,11462
1784095122620,1784095111158,11462
1784095122620,1784095111158,11462
1784095122620,1784095111158,11462
1784095122620,1784095111158,11462
1784095122620,1784095111158,11462
1784095122620,1784095111158,11462
1784095122620,1784095111158,11462
1784095122620,1784095111158,11462
1784095122685,1784095111158,11527
1784095122685,1784095111158,11527
1784095122685,1784095111158,11527
1784095122685,1784095111158,11527
1784095122685,1784095111158,11527
1784095122685,1784095111158,11527
1784095122685,1784095111158,11527
1784095122685,1784095111158,11527
1784095122685,1784095111158,11527
1784095122685,1784095111158,11527
1784095122748,1784095111158,11590
1784095122748,1784095111158,11590
1784095122748,1784095111158,11590
1784095122748,1784095111158,11590
1784095122748,1784095111158,11590
1784095122748,1784095111158,11590
1784095122748,1784095111158,11590
1784095122748,1784095111158,11590
1784095122748,1784095111158,11590
1784095122748,1784095111158,11590
1784095122818,1784095111158,11660
1784095122818,1784095111158,11660
1784095122818,1784095111158,11660
1784095122818,1784095111158,11660
1784095122818,1784095111158,11660
1784095122818,1784095111158,11660
1784095122818,1784095111158,11660
1784095122818,1784095111158,11660
1784095122818,1784095111158,11660
1784095122818,1784095111158,11660
1784095122883,1784095111158,11725
1784095122883,1784095111158,11725
1784095122883,1784095111158,11725
1784095122883,1784095111158,11725
1784095122883,1784095111158,11725
1784095122883,1784095111158,11725
1784095122883,1784095111158,11725
1784095122883,1784095111158,11725
1784095122883,1784095111158,11725
1784095122883,1784095111158,11725
1784095122957,1784095111158,11799
1784095122957,1784095111158,11799
1784095122957,1784095111158,11799
1784095122957,1784095111158,11799
1784095122957,1784095111158,11799
1784095122957,1784095111158,11799
1784095122957,1784095111158,11799
1784095122957,1784095111158,11799
1784095122957,1784095111158,11799
1784095122957,1784095111158,11799
1784095123025,1784095111158,11867
1784095123025,1784095111158,11867
1784095123025,1784095111158,11867
1784095123025,1784095111158,11867
1784095123025,1784095111158,11867
1784095123025,1784095111158,11867
1784095123025,1784095111158,11867
1784095123025,1784095111158,11867
1784095123025,1784095111158,11867
1784095123025,1784095111158,11867
1784095123110,1784095111158,11952
1784095123110,1784095111158,11952
1784095123110,1784095111158,11952
1784095123110,1784095111158,11952
1784095123110,1784095111158,11952
1784095123110,1784095111158,11952
1784095123110,1784095111158,11952
1784095123110,1784095111158,11952
1784095123110,1784095111158,11952
1784095123110,1784095111158,11952
1784095123191,1784095111158,12033
1784095123191,1784095111158,12033
1784095123191,1784095111158,12033
1784095123191,1784095111158,12033
1784095123191,1784095111158,12033
1784095123191,1784095111158,12033
1784095123191,1784095111158,12033
1784095123191,1784095111158,12033
1784095123191,1784095111158,12033
1784095123191,1784095111158,12033
1784095123288,1784095111158,12130
1784095123288,1784095111158,12130
1784095123288,1784095111158,12130
1784095123288,1784095111158,12130
1784095123288,1784095111158,12130
1784095123288,1784095111158,12130
1784095123288,1784095111158,12130
1784095123288,1784095111158,12130
1784095123288,1784095111158,12130
1784095123288,1784095111158,12130
1784095123421,1784095111158,12263
1784095123421,1784095111158,12263
1784095123421,1784095111158,12263
1784095123421,1784095111158,12263
1784095123421,1784095111158,12263
1784095123421,1784095111158,12263
1784095123421,1784095111158,12263
1784095123421,1784095111158,12263
1784095123421,1784095111158,12263
1784095123421,1784095111158,12263
1784095123556,1784095111158,12398
1784095123556,1784095111158,12398
1784095123556,1784095111158,12398
1784095123556,1784095111158,12398
1784095123556,1784095111158,12398
1784095123556,1784095111158,12398
1784095123556,1784095111158,12398
1784095123556,1784095111158,12398
1784095123556,1784095111158,12398
1784095123556,1784095111158,12398
1784095123668,1784095111158,12510
1784095123668,1784095111158,12510
1784095123668,1784095111158,12510
1784095123668,1784095111158,12510
1784095123668,1784095111158,12510
1784095123668,1784095111158,12510
1784095123668,1784095111158,12510
1784095123668,1784095111158,12510
1784095123668,1784095111158,12510
1784095123668,1784095111158,12510
1784095123776,1784095111158,12618
1784095123776,1784095111158,12618
1784095123776,1784095111158,12618
1784095123776,1784095111158,12618
1784095123776,1784095111158,12618
1784095123776,1784095111158,12618
1784095123776,1784095111158,12618
1784095123776,1784095111158,12618
1784095123776,1784095111158,12618
1784095123776,1784095111158,12618
1784095123892,1784095111158,12734
1784095123892,1784095111158,12734
1784095123892,1784095111158,12734
1784095123892,1784095111158,12734
1784095123892,1784095111158,12734
1784095123892,1784095111158,12734
1784095123892,1784095111158,12734
1784095123892,1784095111158,12734
1784095123892,1784095111158,12734
1784095123892,1784095111158,12734
1784095123970,1784095111158,12812
1784095123970,1784095111158,12812
1784095123970,1784095111158,12812
1784095123970,1784095111158,12812
1784095123970,1784095111158,12812
1784095123970,1784095111158,12812
1784095123970,1784095111158,12812
1784095123970,1784095111158,12812
1784095123970,1784095111158,12812
1784095123970,1784095111158,12812
1784095124035,1784095111158,12877
1784095124035,1784095111158,12877
1784095124035,1784095111158,12877
1784095124035,1784095111158,12877
1784095124035,1784095111158,12877
1784095124035,1784095111158,12877
1784095124035,1784095111158,12877
1784095124035,1784095111158,12877
1784095124035,1784095111158,12877
1784095124035,1784095111158,12877
1784095124107,1784095111158,12949
1784095124107,1784095111158,12949
1784095124107,1784095111158,12949
1784095124107,1784095111158,12949
1784095124107,1784095111158,12949
1784095124107,1784095111158,12949
1784095124107,1784095111158,12949
1784095124107,1784095111158,12949
1784095124107,1784095111158,12949
1784095124107,1784095111158,12949
1784095124171,1784095111158,13013
1784095124171,1784095111158,13013
1784095124171,1784095111158,13013
1784095124171,1784095111158,13013
1784095124171,1784095111158,13013
1784095124171,1784095111158,13013
1784095124171,1784095111158,13013
1784095124171,1784095111158,13013
1784095124171,1784095111158,13013
1784095124171,1784095111158,13013
1784095141658,1784095136187,5471
1784095141658,1784095136187,5471
1784095141658,1784095136187,5471
1784095141658,1784095136187,5471
1784095141658,1784095136187,5471
1784095141658,1784095136187,5471
1784095141658,1784095136187,5471
1784095141658,1784095136187,5471
1784095141658,1784095136187,5471
1784095141658,1784095136187,5471
1784095141749,1784095136187,5562
1784095141749,1784095136187,5562
1784095141749,1784095136187,5562
1784095141749,1784095136187,5562
1784095141749,1784095136187,5562
1784095141749,1784095136187,5562
1784095141749,1784095136187,5562
1784095141749,1784095136187,5562
1784095141749,1784095136187,5562
1784095141749,1784095136187,5562
1784095141840,1784095136187,5653
1784095141840,1784095136187,5653
1784095141840,1784095136187,5653
1784095141840,1784095136187,5653
1784095141840,1784095136187,5653
1784095141840,1784095136187,5653
1784095141840,1784095136187,5653
1784095141840,1784095136187,5653
1784095141840,1784095136187,5653
1784095141840,1784095136187,5653
1784095141946,1784095136187,5759
1784095141946,1784095136187,5759
1784095141946,1784095136187,5759
1784095141946,1784095136187,5759
1784095141946,1784095136187,5759
1784095141946,1784095136187,5759
1784095141946,1784095136187,5759
1784095141946,1784095136187,5759
1784095141946,1784095136187,5759
1784095141946,1784095136187,5759
1784095142096,1784095136187,5909
1784095142096,1784095136187,5909
1784095142096,1784095136187,5909
1784095142096,1784095136187,5909
1784095142096,1784095136187,5909
1784095142096,1784095136187,5909
1784095142096,1784095136187,5909
1784095142096,1784095136187,5909
1784095142096,1784095136187,5909
1784095142096,1784095136187,5909
1784095142179,1784095136187,5992
1784095142179,1784095136187,5992
1784095142179,1784095136187,5992
1784095142179,1784095136187,5992
1784095142179,1784095136187,5992
1784095142179,1784095136187,5992
1784095142179,1784095136187,5992
1784095142179,1784095136187,5992
1784095142179,1784095136187,5992
1784095142179,1784095136187,5992
1784095142284,1784095136187,6097
1784095142284,1784095136187,6097
1784095142284,1784095136187,6097
1784095142284,1784095136187,6097
1784095142284,1784095136187,6097
1784095142284,1784095136187,6097
1784095142284,1784095136187,6097
1784095142284,1784095136187,6097
1784095142284,1784095136187,6097
1784095142284,1784095136187,6097
1784095142390,1784095136187,6203
1784095142390,1784095136187,6203
1784095142390,1784095136187,6203
1784095142390,1784095136187,6203
1784095142390,1784095136187,6203
1784095142390,1784095136187,6203
1784095142390,1784095136187,6203
1784095142390,1784095136187,6203
1784095142390,1784095136187,6203
1784095142390,1784095136187,6203
1784095142493,1784095136187,6306
1784095142493,1784095136187,6306
1784095142493,1784095136187,6306
1784095142493,1784095136187,6306
1784095142493,1784095136187,6306
1784095142493,1784095136187,6306
1784095142493,1784095136187,6306
1784095142493,1784095136187,6306
1784095142493,1784095136187,6306
1784095142493,1784095136187,6306
1784095142594,1784095136187,6407
1784095142594,1784095136187,6407
1784095142594,1784095136187,6407
1784095142594,1784095136187,6407
1784095142594,1784095136187,6407
1784095142594,1784095136187,6407
1784095142594,1784095136187,6407
1784095142594,1784095136187,6407
1784095142594,1784095136187,6407
1784095142594,1784095136187,6407
1784095142715,1784095136187,6528
1784095142715,1784095136187,6528
1784095142715,1784095136187,6528
1784095142715,1784095136187,6528
1784095142715,1784095136187,6528
1784095142715,1784095136187,6528
1784095142715,1784095136187,6528
1784095142715,1784095136187,6528
1784095142715,1784095136187,6528
1784095142715,1784095136187,6528
1784095142830,1784095136187,6643
1784095142830,1784095136187,6643
1784095142830,1784095136187,6643
1784095142830,1784095136187,6643
1784095142830,1784095136187,6643
1784095142830,1784095136187,6643
1784095142830,1784095136187,6643
1784095142830,1784095136187,6643
1784095142830,1784095136187,6643
1784095142830,1784095136187,6643
1784095142948,1784095136187,6761
1784095142948,1784095136187,6761
1784095142948,1784095136187,6761
1784095142948,1784095136187,6761
1784095142948,1784095136187,6761
1784095142948,1784095136187,6761
1784095142948,1784095136187,6761
1784095142948,1784095136187,6761
1784095142948,1784095136187,6761
1784095142948,1784095136187,6761
1784095143051,1784095136187,6864
1784095143051,1784095136187,6864
1784095143051,1784095136187,6864
1784095143051,1784095136187,6864
1784095143051,1784095136187,6864
1784095143051,1784095136187,6864
1784095143051,1784095136187,6864
1784095143051,1784095136187,6864
1784095143051,1784095136187,6864
1784095143051,1784095136187,6864
1784095143162,1784095136187,6975
1784095143162,1784095136187,6975
1784095143162,1784095136187,6975
1784095143162,1784095136187,6975
1784095143162,1784095136187,6975
1784095143162,1784095136187,6975
1784095143162,1784095136187,6975
1784095143162,1784095136187,6975
1784095143162,1784095136187,6975
1784095143162,1784095136187,6975
1784095143246,1784095136187,7059
1784095143246,1784095136187,7059
1784095143246,1784095136187,7059
1784095143246,1784095136187,7059
1784095143246,1784095136187,7059
1784095143246,1784095136187,7059
1784095143246,1784095136187,7059
1784095143246,1784095136187,7059
1784095143246,1784095136187,7059
1784095143246,1784095136187,7059
1784095143312,1784095136187,7125
1784095143312,1784095136187,7125
1784095143312,1784095136187,7125
1784095143312,1784095136187,7125
1784095143312,1784095136187,7125
1784095143312,1784095136187,7125
1784095143312,1784095136187,7125
1784095143312,1784095136187,7125
1784095143312,1784095136187,7125
1784095143312,1784095136187,7125
1784095143381,1784095136187,7194
1784095143381,1784095136187,7194
1784095143381,1784095136187,7194
1784095143381,1784095136187,7194
1784095143381,1784095136187,7194
1784095143381,1784095136187,7194
1784095143381,1784095136187,7194
1784095143381,1784095136187,7194
1784095143381,1784095136187,7194
1784095143381,1784095136187,7194
1784095143444,1784095136187,7257
1784095143444,1784095136187,7257
1784095143444,1784095136187,7257
1784095143444,1784095136187,7257
1784095143444,1784095136187,7257
1784095143444,1784095136187,7257
1784095143444,1784095136187,7257
1784095143444,1784095136187,7257
1784095143444,1784095136187,7257
1784095143444,1784095136187,7257
1784095143503,1784095136187,7316
1784095143503,1784095136187,7316
1784095143503,1784095136187,7316
1784095143503,1784095136187,7316
1784095143503,1784095136187,7316
1784095143503,1784095136187,7316
1784095143503,1784095136187,7316
1784095143503,1784095136187,7316
1784095143503,1784095136187,7316
1784095143503,1784095136187,7316
1784095143564,1784095136187,7377
1784095143564,1784095136187,7377
1784095143564,1784095136187,7377
1784095143564,1784095136187,7377
1784095143564,1784095136187,7377
1784095143564,1784095136187,7377
1784095143564,1784095136187,7377
1784095143564,1784095136187,7377
1784095143564,1784095136187,7377
1784095143564,1784095136187,7377
1784095143623,1784095136187,7436
1784095143623,1784095136187,7436
1784095143623,1784095136187,7436
1784095143623,1784095136187,7436
1784095143623,1784095136187,7436
1784095143623,1784095136187,7436
1784095143623,1784095136187,7436
1784095143623,1784095136187,7436
1784095143623,1784095136187,7436
1784095143623,1784095136187,7436
1784095143681,1784095136187,7494
1784095143681,1784095136187,7494
1784095143681,1784095136187,7494
1784095143681,1784095136187,7494
1784095143681,1784095136187,7494
1784095143681,1784095136187,7494
1784095143681,1784095136187,7494
1784095143681,1784095136187,7494
1784095143681,1784095136187,7494
1784095143681,1784095136187,7494
1784095143739,1784095136187,7552
1784095143739,1784095136187,7552
1784095143739,1784095136187,7552
1784095143739,1784095136187,7552
1784095143739,1784095136187,7552
1784095143739,1784095136187,7552
1784095143739,1784095136187,7552
1784095143739,1784095136187,7552
1784095143739,1784095136187,7552
1784095143739,1784095136187,7552
1784095143798,1784095136187,7611
1784095143798,1784095136187,7611
1784095143798,1784095136187,7611
1784095143798,1784095136187,7611
1784095143798,1784095136187,7611
1784095143798,1784095136187,7611
1784095143798,1784095136187,7611
1784095143798,1784095136187,7611
1784095143798,1784095136187,7611
1784095143798,1784095136187,7611
1784095143860,1784095136187,7673
1784095143860,1784095136187,7673
1784095143860,1784095136187,7673
1784095143860,1784095136187,7673
1784095143860,1784095136187,7673
1784095143860,1784095136187,7673
1784095143860,1784095136187,7673
1784095143860,1784095136187,7673
1784095143860,1784095136187,7673
1784095143860,1784095136187,7673
1784095143919,1784095136187,7732
1784095143919,1784095136187,7732
1784095143919,1784095136187,7732
1784095143919,1784095136187,7732
1784095143919,1784095136187,7732
1784095143919,1784095136187,7732
1784095143919,1784095136187,7732
1784095143919,1784095136187,7732
1784095143919,1784095136187,7732
1784095143919,1784095136187,7732
1784095143979,1784095136187,7792
1784095143979,1784095136187,7792
1784095143979,1784095136187,7792
1784095143979,1784095136187,7792
1784095143979,1784095136187,7792
1784095143979,1784095136187,7792
1784095143979,1784095136187,7792
1784095143979,1784095136187,7792
1784095143979,1784095136187,7792
1784095143979,1784095136187,7792
1784095144052,1784095136187,7865
1784095144052,1784095136187,7865
1784095144052,1784095136187,7865
1784095144052,1784095136187,7865
1784095144052,1784095136187,7865
1784095144052,1784095136187,7865
1784095144052,1784095136187,7865
1784095144052,1784095136187,7865
1784095144052,1784095136187,7865
1784095144052,1784095136187,7865
1784095144114,1784095136187,7927
1784095144114,1784095136187,7927
1784095144114,1784095136187,7927
1784095144114,1784095136187,7927
1784095144114,1784095136187,7927
1784095144114,1784095136187,7927
1784095144114,1784095136187,7927
1784095144114,1784095136187,7927
1784095144114,1784095136187,7927
1784095144114,1784095136187,7927
1784095144178,1784095136187,7991
1784095144178,1784095136187,7991
1784095144178,1784095136187,7991
1784095144178,1784095136187,7991
1784095144178,1784095136187,7991
1784095144178,1784095136187,7991
1784095144178,1784095136187,7991
1784095144178,1784095136187,7991
1784095144178,1784095136187,7991
1784095144178,1784095136187,7991
1784095144248,1784095136187,8061
1784095144248,1784095136187,8061
1784095144248,1784095136187,8061
1784095144248,1784095136187,8061
1784095144248,1784095136187,8061
1784095144248,1784095136187,8061
1784095144248,1784095136187,8061
1784095144248,1784095136187,8061
1784095144248,1784095136187,8061
1784095144248,1784095136187,8061
1784095144327,1784095136187,8140
1784095144327,1784095136187,8140
1784095144327,1784095136187,8140
1784095144327,1784095136187,8140
1784095144327,1784095136187,8140
1784095144327,1784095136187,8140
1784095144327,1784095136187,8140
1784095144327,1784095136187,8140
1784095144327,1784095136187,8140
1784095144327,1784095136187,8140
1784095144391,1784095136187,8204
1784095144391,1784095136187,8204
1784095144391,1784095136187,8204
1784095144391,1784095136187,8204
1784095144391,1784095136187,8204
1784095144391,1784095136187,8204
1784095144391,1784095136187,8204
1784095144391,1784095136187,8204
1784095144391,1784095136187,8204
1784095144391,1784095136187,8204
1784095144449,1784095136187,8262
1784095144449,1784095136187,8262
1784095144449,1784095136187,8262
1784095144449,1784095136187,8262
1784095144449,1784095136187,8262
1784095144449,1784095136187,8262
1784095144449,1784095136187,8262
1784095144449,1784095136187,8262
1784095144449,1784095136187,8262
1784095144449,1784095136187,8262
1784095144508,1784095136187,8321
1784095144508,1784095136187,8321
1784095144508,1784095136187,8321
1784095144508,1784095136187,8321
1784095144508,1784095136187,8321
1784095144508,1784095136187,8321
1784095144508,1784095136187,8321
1784095144508,1784095136187,8321
1784095144508,1784095136187,8321
1784095144508,1784095136187,8321
1784095144572,1784095136187,8385
1784095144572,1784095136187,8385
1784095144572,1784095136187,8385
1784095144572,1784095136187,8385
1784095144572,1784095136187,8385
1784095144572,1784095136187,8385
1784095144572,1784095136187,8385
1784095144572,1784095136187,8385
1784095144572,1784095136187,8385
1784095144572,1784095136187,8385
1784095144634,1784095136187,8447
1784095144634,1784095136187,8447
1784095144634,1784095136187,8447
1784095144634,1784095136187,8447
1784095144634,1784095136187,8447
1784095144634,1784095136187,8447
1784095144634,1784095136187,8447
1784095144634,1784095136187,8447
1784095144634,1784095136187,8447
1784095144634,1784095136187,8447
1784095144700,1784095136187,8513
1784095144700,1784095136187,8513
1784095144700,1784095136187,8513
1784095144700,1784095136187,8513
1784095144700,1784095136187,8513
1784095144700,1784095136187,8513
1784095144700,1784095136187,8513
1784095144700,1784095136187,8513
1784095144700,1784095136187,8513
1784095144700,1784095136187,8513
1784095144764,1784095136187,8577
1784095144764,1784095136187,8577
1784095144764,1784095136187,8577
1784095144764,1784095136187,8577
1784095144764,1784095136187,8577
1784095144764,1784095136187,8577
1784095144764,1784095136187,8577
1784095144764,1784095136187,8577
1784095144764,1784095136187,8577
1784095144764,1784095136187,8577
1784095144833,1784095136187,8646
1784095144833,1784095136187,8646
1784095144833,1784095136187,8646
1784095144833,1784095136187,8646
1784095144833,1784095136187,8646
1784095144833,1784095136187,8646
1784095144833,1784095136187,8646
1784095144833,1784095136187,8646
1784095144833,1784095136187,8646
1784095144833,1784095136187,8646
1784095144895,1784095136187,8708
1784095144895,1784095136187,8708
1784095144895,1784095136187,8708
1784095144895,1784095136187,8708
1784095144895,1784095136187,8708
1784095144895,1784095136187,8708
1784095144895,1784095136187,8708
1784095144895,1784095136187,8708
1784095144895,1784095136187,8708
1784095144895,1784095136187,8708
1784095144958,1784095136187,8771
1784095144958,1784095136187,8771
1784095144958,1784095136187,8771
1784095144958,1784095136187,8771
1784095144958,1784095136187,8771
1784095144958,1784095136187,8771
1784095144958,1784095136187,8771
1784095144958,1784095136187,8771
1784095144958,1784095136187,8771
1784095144958,1784095136187,8771
1784095145017,1784095136187,8830
1784095145017,1784095136187,8830
1784095145017,1784095136187,8830
1784095145017,1784095136187,8830
1784095145017,1784095136187,8830
1784095145017,1784095136187,8830
1784095145017,1784095136187,8830
1784095145017,1784095136187,8830
1784095145017,1784095136187,8830
1784095145017,1784095136187,8830
1784095145077,1784095136187,8890
1784095145077,1784095136187,8890
1784095145077,1784095136187,8890
1784095145077,1784095136187,8890
1784095145077,1784095136187,8890
1784095145077,1784095136187,8890
1784095145077,1784095136187,8890
1784095145077,1784095136187,8890
1784095145077,1784095136187,8890
1784095145077,1784095136187,8890
1784095145136,1784095136187,8949
1784095145136,1784095136187,8949
1784095145136,1784095136187,8949
1784095145136,1784095136187,8949
1784095145136,1784095136187,8949
1784095145136,1784095136187,8949
1784095145136,1784095136187,8949
1784095145136,1784095136187,8949
1784095145136,1784095136187,8949
1784095145136,1784095136187,8949
1784095145196,1784095136187,9009
1784095145196,1784095136187,9009
1784095145196,1784095136187,9009
1784095145196,1784095136187,9009
1784095145196,1784095136187,9009
1784095145196,1784095136187,9009
1784095145196,1784095136187,9009
1784095145196,1784095136187,9009
1784095145196,1784095136187,9009
1784095145196,1784095136187,9009
1784095145255,1784095136187,9068
1784095145255,1784095136187,9068
1784095145255,1784095136187,9068
1784095145255,1784095136187,9068
1784095145255,1784095136187,9068
1784095145255,1784095136187,9068
1784095145255,1784095136187,9068
1784095145255,1784095136187,9068
1784095145255,1784095136187,9068
1784095145255,1784095136187,9068
1784095145315,1784095136187,9128
1784095145315,1784095136187,9128
1784095145315,1784095136187,9128
1784095145315,1784095136187,9128
1784095145315,1784095136187,9128
1784095145315,1784095136187,9128
1784095145315,1784095136187,9128
1784095145315,1784095136187,9128
1784095145315,1784095136187,9128
1784095145315,1784095136187,9128
1784095145375,1784095136187,9188
1784095145375,1784095136187,9188
1784095145375,1784095136187,9188
1784095145375,1784095136187,9188
1784095145375,1784095136187,9188
1784095145375,1784095136187,9188
1784095145375,1784095136187,9188
1784095145375,1784095136187,9188
1784095145375,1784095136187,9188
1784095145375,1784095136187,9188
1784095148975,1784095143372,5603
1784095148975,1784095143372,5603
1784095148975,1784095143372,5603
1784095148975,1784095143372,5603
1784095148975,1784095143372,5603
1784095148975,1784095143372,5603
1784095148975,1784095143372,5603
1784095148975,1784095143372,5603
1784095148975,1784095143372,5603
1784095148975,1784095143372,5603
1784095149168,1784095143372,5796
1784095149168,1784095143372,5796
1784095149168,1784095143372,5796
1784095149168,1784095143372,5796
1784095149168,1784095143372,5796
1784095149168,1784095143372,5796
1784095149168,1784095143372,5796
1784095149168,1784095143372,5796
1784095149168,1784095143372,5796
1784095149168,1784095143372,5796
1784095149255,1784095143372,5883
1784095149255,1784095143372,5883
1784095149255,1784095143372,5883
1784095149255,1784095143372,5883
1784095149255,1784095143372,5883
1784095149255,1784095143372,5883
1784095149255,1784095143372,5883
1784095149255,1784095143372,5883
1784095149255,1784095143372,5883
1784095149255,1784095143372,5883
1784095149357,1784095143372,5985
1784095149357,1784095143372,5985
1784095149357,1784095143372,5985
1784095149357,1784095143372,5985
1784095149357,1784095143372,5985
1784095149357,1784095143372,5985
1784095149357,1784095143372,5985
1784095149357,1784095143372,5985
1784095149357,1784095143372,5985
1784095149357,1784095143372,5985
1784095149459,1784095143372,6087
1784095149459,1784095143372,6087
1784095149459,1784095143372,6087
1784095149459,1784095143372,6087
1784095149459,1784095143372,6087
1784095149459,1784095143372,6087
1784095149459,1784095143372,6087
1784095149459,1784095143372,6087
1784095149459,1784095143372,6087
1784095149459,1784095143372,6087
1784095149568,1784095143372,6196
1784095149568,1784095143372,6196
1784095149568,1784095143372,6196
1784095149568,1784095143372,6196
1784095149568,1784095143372,6196
1784095149568,1784095143372,6196
1784095149568,1784095143372,6196
1784095149568,1784095143372,6196
1784095149568,1784095143372,6196
1784095149568,1784095143372,6196
1784095149676,1784095143372,6304
1784095149676,1784095143372,6304
1784095149676,1784095143372,6304
1784095149676,1784095143372,6304
1784095149676,1784095143372,6304
1784095149676,1784095143372,6304
1784095149676,1784095143372,6304
1784095149676,1784095143372,6304
1784095149676,1784095143372,6304
1784095149676,1784095143372,6304
1784095149785,1784095143372,6413
1784095149785,1784095143372,6413
1784095149785,1784095143372,6413
1784095149785,1784095143372,6413
1784095149785,1784095143372,6413
1784095149785,1784095143372,6413
1784095149785,1784095143372,6413
1784095149785,1784095143372,6413
1784095149785,1784095143372,6413
1784095149785,1784095143372,6413
1784095149895,1784095143372,6523
1784095149895,1784095143372,6523
1784095149895,1784095143372,6523
1784095149895,1784095143372,6523
1784095149895,1784095143372,6523
1784095149895,1784095143372,6523
1784095149895,1784095143372,6523
1784095149895,1784095143372,6523
1784095149895,1784095143372,6523
1784095149895,1784095143372,6523
1784095150002,1784095143372,6630
1784095150002,1784095143372,6630
1784095150002,1784095143372,6630
1784095150002,1784095143372,6630
1784095150002,1784095143372,6630
1784095150002,1784095143372,6630
1784095150002,1784095143372,6630
1784095150002,1784095143372,6630
1784095150002,1784095143372,6630
1784095150002,1784095143372,6630
1784095150108,1784095143372,6736
1784095150108,1784095143372,6736
1784095150108,1784095143372,6736
1784095150108,1784095143372,6736
1784095150108,1784095143372,6736
1784095150108,1784095143372,6736
1784095150108,1784095143372,6736
1784095150108,1784095143372,6736
1784095150108,1784095143372,6736
1784095150108,1784095143372,6736
1784095150215,1784095143372,6843
1784095150215,1784095143372,6843
1784095150215,1784095143372,6843
1784095150215,1784095143372,6843
1784095150215,1784095143372,6843
1784095150215,1784095143372,6843
1784095150215,1784095143372,6843
1784095150215,1784095143372,6843
1784095150215,1784095143372,6843
1784095150215,1784095143372,6843
1784095150326,1784095143372,6954
1784095150326,1784095143372,6954
1784095150326,1784095143372,6954
1784095150326,1784095143372,6954
1784095150326,1784095143372,6954
1784095150326,1784095143372,6954
1784095150326,1784095143372,6954
1784095150326,1784095143372,6954
1784095150326,1784095143372,6954
1784095150326,1784095143372,6954
1784095150440,1784095143372,7068
1784095150440,1784095143372,7068
1784095150440,1784095143372,7068
1784095150440,1784095143372,7068
1784095150440,1784095143372,7068
1784095150440,1784095143372,7068
1784095150440,1784095143372,7068
1784095150440,1784095143372,7068
1784095150440,1784095143372,7068
1784095150440,1784095143372,7068
1784095150529,1784095143372,7157
1784095150529,1784095143372,7157
1784095150529,1784095143372,7157
1784095150529,1784095143372,7157
1784095150529,1784095143372,7157
1784095150529,1784095143372,7157
1784095150529,1784095143372,7157
1784095150529,1784095143372,7157
1784095150529,1784095143372,7157
1784095150529,1784095143372,7157
1784095150613,1784095143372,7241
1784095150613,1784095143372,7241
1784095150613,1784095143372,7241
1784095150613,1784095143372,7241
1784095150613,1784095143372,7241
1784095150613,1784095143372,7241
1784095150613,1784095143372,7241
1784095150613,1784095143372,7241
1784095150613,1784095143372,7241
1784095150613,1784095143372,7241
1784095150717,1784095143372,7345
1784095150717,1784095143372,7345
1784095150717,1784095143372,7345
1784095150717,1784095143372,7345
1784095150717,1784095143372,7345
1784095150717,1784095143372,7345
1784095150717,1784095143372,7345
1784095150717,1784095143372,7345
1784095150717,1784095143372,7345
1784095150717,1784095143372,7345
1784095150811,1784095143372,7439
1784095150811,1784095143372,7439
1784095150811,1784095143372,7439
1784095150811,1784095143372,7439
1784095150811,1784095143372,7439
1784095150811,1784095143372,7439
1784095150811,1784095143372,7439
1784095150811,1784095143372,7439
1784095150811,1784095143372,7439
1784095150811,1784095143372,7439
1784095150905,1784095143372,7533
1784095150905,1784095143372,7533
1784095150905,1784095143372,7533
1784095150905,1784095143372,7533
1784095150905,1784095143372,7533
1784095150905,1784095143372,7533
1784095150905,1784095143372,7533
1784095150905,1784095143372,7533
1784095150905,1784095143372,7533
1784095150905,1784095143372,7533
1784095151010,1784095143372,7638
1784095151010,1784095143372,7638
1784095151010,1784095143372,7638
1784095151010,1784095143372,7638
1784095151010,1784095143372,7638
1784095151010,1784095143372,7638
1784095151010,1784095143372,7638
1784095151010,1784095143372,7638
1784095151010,1784095143372,7638
1784095151010,1784095143372,7638
1784095151110,1784095143372,7738
1784095151110,1784095143372,7738
1784095151110,1784095143372,7738
1784095151110,1784095143372,7738
1784095151110,1784095143372,7738
1784095151110,1784095143372,7738
1784095151110,1784095143372,7738
1784095151110,1784095143372,7738
1784095151110,1784095143372,7738
1784095151110,1784095143372,7738
1784095151221,1784095143372,7849
1784095151221,1784095143372,7849
1784095151221,1784095143372,7849
1784095151221,1784095143372,7849
1784095151221,1784095143372,7849
1784095151221,1784095143372,7849
1784095151221,1784095143372,7849
1784095151221,1784095143372,7849
1784095151221,1784095143372,7849
1784095151221,1784095143372,7849
1784095151326,1784095143372,7954
1784095151326,1784095143372,7954
1784095151326,1784095143372,7954
1784095151326,1784095143372,7954
1784095151326,1784095143372,7954
1784095151326,1784095143372,7954
1784095151326,1784095143372,7954
1784095151326,1784095143372,7954
1784095151326,1784095143372,7954
1784095151326,1784095143372,7954
1784095151434,1784095143372,8062
1784095151434,1784095143372,8062
1784095151434,1784095143372,8062
1784095151434,1784095143372,8062
1784095151434,1784095143372,8062
1784095151434,1784095143372,8062
1784095151434,1784095143372,8062
1784095151434,1784095143372,8062
1784095151434,1784095143372,8062
1784095151434,1784095143372,8062
1784095151543,1784095143372,8171
1784095151543,1784095143372,8171
1784095151543,1784095143372,8171
1784095151543,1784095143372,8171
1784095151543,1784095143372,8171
1784095151543,1784095143372,8171
1784095151543,1784095143372,8171
1784095151543,1784095143372,8171
1784095151543,1784095143372,8171
1784095151543,1784095143372,8171
1784095151658,1784095143372,8286
1784095151658,1784095143372,8286
1784095151658,1784095143372,8286
1784095151658,1784095143372,8286
1784095151658,1784095143372,8286
1784095151658,1784095143372,8286
1784095151658,1784095143372,8286
1784095151658,1784095143372,8286
1784095151658,1784095143372,8286
1784095151658,1784095143372,8286
1784095151766,1784095143372,8394
1784095151766,1784095143372,8394
1784095151766,1784095143372,8394
1784095151766,1784095143372,8394
1784095151766,1784095143372,8394
1784095151766,1784095143372,8394
1784095151766,1784095143372,8394
1784095151766,1784095143372,8394
1784095151766,1784095143372,8394
1784095151766,1784095143372,8394
1784095151877,1784095143372,8505
1784095151877,1784095143372,8505
1784095151877,1784095143372,8505
1784095151877,1784095143372,8505
1784095151877,1784095143372,8505
1784095151877,1784095143372,8505
1784095151877,1784095143372,8505
1784095151877,1784095143372,8505
1784095151877,1784095143372,8505
1784095151877,1784095143372,8505
1784095151984,1784095143372,8612
1784095151984,1784095143372,8612
1784095151984,1784095143372,8612
1784095151984,1784095143372,8612
1784095151984,1784095143372,8612
1784095151984,1784095143372,8612
1784095151984,1784095143372,8612
1784095151984,1784095143372,8612
1784095151984,1784095143372,8612
1784095151984,1784095143372,8612
1784095152090,1784095143372,8718
1784095152090,1784095143372,8718
1784095152090,1784095143372,8718
1784095152090,1784095143372,8718
1784095152090,1784095143372,8718
1784095152090,1784095143372,8718
1784095152090,1784095143372,8718
1784095152090,1784095143372,8718
1784095152090,1784095143372,8718
1784095152090,1784095143372,8718
1784095152198,1784095143372,8826
1784095152198,1784095143372,8826
1784095152198,1784095143372,8826
1784095152198,1784095143372,8826
1784095152198,1784095143372,8826
1784095152198,1784095143372,8826
1784095152198,1784095143372,8826
1784095152198,1784095143372,8826
1784095152198,1784095143372,8826
1784095152198,1784095143372,8826
1784095152303,1784095143372,8931
1784095152303,1784095143372,8931
1784095152303,1784095143372,8931
1784095152303,1784095143372,8931
1784095152303,1784095143372,8931
1784095152303,1784095143372,8931
1784095152303,1784095143372,8931
1784095152303,1784095143372,8931
1784095152303,1784095143372,8931
1784095152303,1784095143372,8931
1784095152406,1784095143372,9034
1784095152406,1784095143372,9034
1784095152406,1784095143372,9034
1784095152406,1784095143372,9034
1784095152406,1784095143372,9034
1784095152406,1784095143372,9034
1784095152406,1784095143372,9034
1784095152406,1784095143372,9034
1784095152406,1784095143372,9034
1784095152406,1784095143372,9034
1784095152508,1784095143372,9136
1784095152508,1784095143372,9136
1784095152508,1784095143372,9136
1784095152508,1784095143372,9136
1784095152508,1784095143372,9136
1784095152508,1784095143372,9136
1784095152508,1784095143372,9136
1784095152508,1784095143372,9136
1784095152508,1784095143372,9136
1784095152508,1784095143372,9136
1784095152609,1784095143372,9237
1784095152609,1784095143372,9237
1784095152609,1784095143372,9237
1784095152609,1784095143372,9237
1784095152609,1784095143372,9237
1784095152609,1784095143372,9237
1784095152609,1784095143372,9237
1784095152609,1784095143372,9237
1784095152609,1784095143372,9237
1784095152609,1784095143372,9237
1784095152717,1784095143372,9345
1784095152717,1784095143372,9345
1784095152717,1784095143372,9345
1784095152717,1784095143372,9345
1784095152717,1784095143372,9345
1784095152717,1784095143372,9345
1784095152717,1784095143372,9345
1784095152717,1784095143372,9345
1784095152717,1784095143372,9345
1784095152717,1784095143372,9345
1784095152814,1784095143372,9442
1784095152814,1784095143372,9442
1784095152814,1784095143372,9442
1784095152814,1784095143372,9442
1784095152814,1784095143372,9442
1784095152814,1784095143372,9442
1784095152814,1784095143372,9442
1784095152814,1784095143372,9442
1784095152814,1784095143372,9442
1784095152814,1784095143372,9442
1784095152919,1784095143372,9547
1784095152919,1784095143372,9547
1784095152919,1784095143372,9547
1784095152919,1784095143372,9547
1784095152919,1784095143372,9547
1784095152919,1784095143372,9547
1784095152919,1784095143372,9547
1784095152919,1784095143372,9547
1784095152919,1784095143372,9547
1784095152919,1784095143372,9547
1784095153009,1784095143372,9637
1784095153009,1784095143372,9637
1784095153009,1784095143372,9637
1784095153009,1784095143372,9637
1784095153009,1784095143372,9637
1784095153009,1784095143372,9637
1784095153009,1784095143372,9637
1784095153009,1784095143372,9637
1784095153009,1784095143372,9637
1784095153009,1784095143372,9637
1784095153116,1784095143372,9744
1784095153116,1784095143372,9744
1784095153116,1784095143372,9744
1784095153116,1784095143372,9744
1784095153116,1784095143372,9744
1784095153116,1784095143372,9744
1784095153116,1784095143372,9744
1784095153116,1784095143372,9744
1784095153116,1784095143372,9744
1784095153116,1784095143372,9744
1784095153213,1784095143372,9841
1784095153213,1784095143372,9841
1784095153213,1784095143372,9841
1784095153213,1784095143372,9841
1784095153213,1784095143372,9841
1784095153213,1784095143372,9841
1784095153213,1784095143372,9841
1784095153213,1784095143372,9841
1784095153213,1784095143372,9841
1784095153213,1784095143372,9841
1784095153319,1784095143372,9947
1784095153319,1784095143372,9947
1784095153319,1784095143372,9947
1784095153319,1784095143372,9947
1784095153319,1784095143372,9947
1784095153319,1784095143372,9947
1784095153319,1784095143372,9947
1784095153319,1784095143372,9947
1784095153319,1784095143372,9947
1784095153319,1784095143372,9947
1784095153431,1784095143372,10059
1784095153431,1784095143372,10059
1784095153431,1784095143372,10059
1784095153431,1784095143372,10059
1784095153431,1784095143372,10059
1784095153431,1784095143372,10059
1784095153431,1784095143372,10059
1784095153431,1784095143372,10059
1784095153431,1784095143372,10059
1784095153431,1784095143372,10059
1784095153539,1784095143372,10167
1784095153539,1784095143372,10167
1784095153539,1784095143372,10167
1784095153539,1784095143372,10167
1784095153539,1784095143372,10167
1784095153539,1784095143372,10167
1784095153539,1784095143372,10167
1784095153539,1784095143372,10167
1784095153539,1784095143372,10167
1784095153539,1784095143372,10167
1784095153649,1784095143372,10277
1784095153649,1784095143372,10277
1784095153649,1784095143372,10277
1784095153649,1784095143372,10277
1784095153649,1784095143372,10277
1784095153649,1784095143372,10277
1784095153649,1784095143372,10277
1784095153649,1784095143372,10277
1784095153649,1784095143372,10277
1784095153649,1784095143372,10277
1784095153759,1784095143372,10387
1784095153759,1784095143372,10387
1784095153759,1784095143372,10387
1784095153759,1784095143372,10387
1784095153759,1784095143372,10387
1784095153759,1784095143372,10387
1784095153759,1784095143372,10387
1784095153759,1784095143372,10387
1784095153759,1784095143372,10387
1784095153759,1784095143372,10387
1784095153869,1784095143372,10497
1784095153869,1784095143372,10497
1784095153869,1784095143372,10497
1784095153869,1784095143372,10497
1784095153869,1784095143372,10497
1784095153869,1784095143372,10497
1784095153869,1784095143372,10497
1784095153869,1784095143372,10497
1784095153869,1784095143372,10497
1784095153869,1784095143372,10497
1784095153976,1784095143372,10604
1784095153976,1784095143372,10604
1784095153976,1784095143372,10604
1784095153976,1784095143372,10604
1784095153976,1784095143372,10604
1784095153976,1784095143372,10604
1784095153976,1784095143372,10604
1784095153976,1784095143372,10604
1784095153976,1784095143372,10604
1784095153976,1784095143372,10604
1784095154088,1784095143372,10716
1784095154088,1784095143372,10716
1784095154088,1784095143372,10716
1784095154088,1784095143372,10716
1784095154088,1784095143372,10716
1784095154088,1784095143372,10716
1784095154088,1784095143372,10716
1784095154088,1784095143372,10716
1784095154088,1784095143372,10716
1784095154088,1784095143372,10716
1784095154180,1784095143372,10808
1784095154180,1784095143372,10808
1784095154180,1784095143372,10808
1784095154180,1784095143372,10808
1784095154180,1784095143372,10808
1784095154180,1784095143372,10808
1784095154180,1784095143372,10808
1784095154180,1784095143372,10808
1784095154180,1784095143372,10808
1784095154180,1784095143372,10808
1784095167271,1784095161216,6055
1784095167271,1784095161216,6055
1784095167271,1784095161216,6055
1784095167271,1784095161216,6055
1784095167271,1784095161216,6055
1784095167271,1784095161216,6055
1784095167271,1784095161216,6055
1784095167271,1784095161216,6055
1784095167271,1784095161216,6055
1784095167271,1784095161216,6055
1784095167374,1784095161216,6158
1784095167374,1784095161216,6158
1784095167374,1784095161216,6158
1784095167374,1784095161216,6158
1784095167374,1784095161216,6158
1784095167374,1784095161216,6158
1784095167374,1784095161216,6158
1784095167374,1784095161216,6158
1784095167374,1784095161216,6158
1784095167374,1784095161216,6158
1784095167470,1784095161216,6254
1784095167470,1784095161216,6254
1784095167470,1784095161216,6254
1784095167470,1784095161216,6254
1784095167470,1784095161216,6254
1784095167470,1784095161216,6254
1784095167470,1784095161216,6254
1784095167470,1784095161216,6254
1784095167470,1784095161216,6254
1784095167470,1784095161216,6254
1784095167544,1784095161216,6328
1784095167544,1784095161216,6328
1784095167544,1784095161216,6328
1784095167544,1784095161216,6328
1784095167544,1784095161216,6328
1784095167544,1784095161216,6328
1784095167544,1784095161216,6328
1784095167544,1784095161216,6328
1784095167544,1784095161216,6328
1784095167544,1784095161216,6328
1784095167612,1784095161216,6396
1784095167612,1784095161216,6396
1784095167612,1784095161216,6396
1784095167612,1784095161216,6396
1784095167612,1784095161216,6396
1784095167612,1784095161216,6396
1784095167612,1784095161216,6396
1784095167612,1784095161216,6396
1784095167612,1784095161216,6396
1784095167612,1784095161216,6396
1784095167702,1784095161216,6486
1784095167702,1784095161216,6486
1784095167702,1784095161216,6486
1784095167702,1784095161216,6486
1784095167702,1784095161216,6486
1784095167702,1784095161216,6486
1784095167702,1784095161216,6486
1784095167702,1784095161216,6486
1784095167702,1784095161216,6486
1784095167702,1784095161216,6486
1784095167788,1784095161216,6572
1784095167788,1784095161216,6572
1784095167788,1784095161216,6572
1784095167788,1784095161216,6572
1784095167788,1784095161216,6572
1784095167788,1784095161216,6572
1784095167788,1784095161216,6572
1784095167788,1784095161216,6572
1784095167788,1784095161216,6572
1784095167788,1784095161216,6572
1784095167892,1784095161216,6676
1784095167892,1784095161216,6676
1784095167892,1784095161216,6676
1784095167892,1784095161216,6676
1784095167892,1784095161216,6676
1784095167892,1784095161216,6676
1784095167892,1784095161216,6676
1784095167892,1784095161216,6676
1784095167892,1784095161216,6676
1784095167892,1784095161216,6676
1784095167998,1784095161216,6782
1784095167998,1784095161216,6782
1784095167998,1784095161216,6782
1784095167998,1784095161216,6782
1784095167998,1784095161216,6782
1784095167998,1784095161216,6782
1784095167998,1784095161216,6782
1784095167998,1784095161216,6782
1784095167998,1784095161216,6782
1784095167998,1784095161216,6782
1784095168100,1784095161216,6884
1784095168100,1784095161216,6884
1784095168100,1784095161216,6884
1784095168100,1784095161216,6884
1784095168100,1784095161216,6884
1784095168100,1784095161216,6884
1784095168100,1784095161216,6884
1784095168100,1784095161216,6884
1784095168100,1784095161216,6884
1784095168100,1784095161216,6884
1784095168251,1784095161216,7035
1784095168251,1784095161216,7035
1784095168251,1784095161216,7035
1784095168251,1784095161216,7035
1784095168251,1784095161216,7035
1784095168251,1784095161216,7035
1784095168251,1784095161216,7035
1784095168251,1784095161216,7035
1784095168251,1784095161216,7035
1784095168251,1784095161216,7035
1784095168346,1784095161216,7130
1784095168346,1784095161216,7130
1784095168346,1784095161216,7130
1784095168346,1784095161216,7130
1784095168346,1784095161216,7130
1784095168346,1784095161216,7130
1784095168346,1784095161216,7130
1784095168346,1784095161216,7130
1784095168346,1784095161216,7130
1784095168346,1784095161216,7130
1784095168412,1784095161216,7196
1784095168412,1784095161216,7196
1784095168412,1784095161216,7196
1784095168412,1784095161216,7196
1784095168412,1784095161216,7196
1784095168412,1784095161216,7196
1784095168412,1784095161216,7196
1784095168412,1784095161216,7196
1784095168412,1784095161216,7196
1784095168412,1784095161216,7196
1784095168511,1784095161216,7295
1784095168511,1784095161216,7295
1784095168511,1784095161216,7295
1784095168511,1784095161216,7295
1784095168511,1784095161216,7295
1784095168511,1784095161216,7295
1784095168511,1784095161216,7295
1784095168511,1784095161216,7295
1784095168511,1784095161216,7295
1784095168511,1784095161216,7295
1784095168609,1784095161216,7393
1784095168609,1784095161216,7393
1784095168609,1784095161216,7393
1784095168609,1784095161216,7393
1784095168609,1784095161216,7393
1784095168609,1784095161216,7393
1784095168609,1784095161216,7393
1784095168609,1784095161216,7393
1784095168609,1784095161216,7393
1784095168609,1784095161216,7393
1784095168709,1784095161216,7493
1784095168709,1784095161216,7493
1784095168709,1784095161216,7493
1784095168709,1784095161216,7493
1784095168709,1784095161216,7493
1784095168709,1784095161216,7493
1784095168709,1784095161216,7493
1784095168709,1784095161216,7493
1784095168709,1784095161216,7493
1784095168709,1784095161216,7493
1784095168811,1784095161216,7595
1784095168811,1784095161216,7595
1784095168811,1784095161216,7595
1784095168811,1784095161216,7595
1784095168811,1784095161216,7595
1784095168811,1784095161216,7595
1784095168811,1784095161216,7595
1784095168811,1784095161216,7595
1784095168811,1784095161216,7595
1784095168811,1784095161216,7595
1784095168926,1784095161216,7710
1784095168926,1784095161216,7710
1784095168926,1784095161216,7710
1784095168926,1784095161216,7710
1784095168926,1784095161216,7710
1784095168926,1784095161216,7710
1784095168926,1784095161216,7710
1784095168926,1784095161216,7710
1784095168926,1784095161216,7710
1784095168926,1784095161216,7710
1784095169027,1784095161216,7811
1784095169027,1784095161216,7811
1784095169027,1784095161216,7811
1784095169027,1784095161216,7811
1784095169027,1784095161216,7811
1784095169027,1784095161216,7811
1784095169027,1784095161216,7811
1784095169027,1784095161216,7811
1784095169027,1784095161216,7811
1784095169027,1784095161216,7811
1784095169119,1784095161216,7903
1784095169119,1784095161216,7903
1784095169119,1784095161216,7903
1784095169119,1784095161216,7903
1784095169119,1784095161216,7903
1784095169119,1784095161216,7903
1784095169119,1784095161216,7903
1784095169119,1784095161216,7903
1784095169119,1784095161216,7903
1784095169119,1784095161216,7903
1784095169185,1784095161216,7969
1784095169185,1784095161216,7969
1784095169185,1784095161216,7969
1784095169185,1784095161216,7969
1784095169185,1784095161216,7969
1784095169185,1784095161216,7969
1784095169185,1784095161216,7969
1784095169185,1784095161216,7969
1784095169185,1784095161216,7969
1784095169185,1784095161216,7969
1784095169246,1784095161216,8030
1784095169246,1784095161216,8030
1784095169246,1784095161216,8030
1784095169246,1784095161216,8030
1784095169246,1784095161216,8030
1784095169246,1784095161216,8030
1784095169246,1784095161216,8030
1784095169246,1784095161216,8030
1784095169246,1784095161216,8030
1784095169246,1784095161216,8030
1784095169316,1784095161216,8100
1784095169316,1784095161216,8100
1784095169316,1784095161216,8100
1784095169316,1784095161216,8100
1784095169316,1784095161216,8100
1784095169316,1784095161216,8100
1784095169316,1784095161216,8100
1784095169316,1784095161216,8100
1784095169316,1784095161216,8100
1784095169316,1784095161216,8100
1784095169379,1784095161216,8163
1784095169379,1784095161216,8163
1784095169379,1784095161216,8163
1784095169379,1784095161216,8163
1784095169379,1784095161216,8163
1784095169379,1784095161216,8163
1784095169379,1784095161216,8163
1784095169379,1784095161216,8163
1784095169379,1784095161216,8163
1784095169379,1784095161216,8163
1784095169414,1784095162805,6609
1784095169414,1784095162805,6609
1784095169414,1784095162805,6609
1784095169414,1784095162805,6609
1784095169414,1784095162805,6609
1784095169414,1784095162805,6609
1784095169414,1784095162805,6609
1784095169414,1784095162805,6609
1784095169414,1784095162805,6609
1784095169414,1784095162805,6609
1784095169453,1784095161216,8237
1784095169453,1784095161216,8237
1784095169453,1784095161216,8237
1784095169453,1784095161216,8237
1784095169453,1784095161216,8237
1784095169453,1784095161216,8237
1784095169453,1784095161216,8237
1784095169453,1784095161216,8237
1784095169453,1784095161216,8237
1784095169453,1784095161216,8237
1784095169478,1784095162805,6673
1784095169478,1784095162805,6673
1784095169478,1784095162805,6673
1784095169478,1784095162805,6673
1784095169478,1784095162805,6673
1784095169478,1784095162805,6673
1784095169478,1784095162805,6673
1784095169478,1784095162805,6673
1784095169478,1784095162805,6673
1784095169478,1784095162805,6673
1784095169527,1784095161216,8311
1784095169527,1784095161216,8311
1784095169527,1784095161216,8311
1784095169527,1784095161216,8311
1784095169527,1784095161216,8311
1784095169527,1784095161216,8311
1784095169527,1784095161216,8311
1784095169527,1784095161216,8311
1784095169527,1784095161216,8311
1784095169527,1784095161216,8311
1784095169543,1784095162805,6738
1784095169543,1784095162805,6738
1784095169543,1784095162805,6738
1784095169543,1784095162805,6738
1784095169543,1784095162805,6738
1784095169543,1784095162805,6738
1784095169543,1784095162805,6738
1784095169543,1784095162805,6738
1784095169543,1784095162805,6738
1784095169543,1784095162805,6738
1784095169594,1784095161216,8378
1784095169594,1784095161216,8378
1784095169594,1784095161216,8378
1784095169594,1784095161216,8378
1784095169594,1784095161216,8378
1784095169594,1784095161216,8378
1784095169594,1784095161216,8378
1784095169594,1784095161216,8378
1784095169594,1784095161216,8378
1784095169594,1784095161216,8378
1784095169610,1784095162805,6805
1784095169610,1784095162805,6805
1784095169610,1784095162805,6805
1784095169610,1784095162805,6805
1784095169610,1784095162805,6805
1784095169610,1784095162805,6805
1784095169610,1784095162805,6805
1784095169610,1784095162805,6805
1784095169610,1784095162805,6805
1784095169610,1784095162805,6805
1784095169660,1784095161216,8444
1784095169660,1784095161216,8444
1784095169660,1784095161216,8444
1784095169660,1784095161216,8444
1784095169660,1784095161216,8444
1784095169660,1784095161216,8444
1784095169660,1784095161216,8444
1784095169660,1784095161216,8444
1784095169660,1784095161216,8444
1784095169660,1784095161216,8444
1784095169672,1784095162805,6867
1784095169672,1784095162805,6867
1784095169672,1784095162805,6867
1784095169672,1784095162805,6867
1784095169672,1784095162805,6867
1784095169672,1784095162805,6867
1784095169672,1784095162805,6867
1784095169672,1784095162805,6867
1784095169672,1784095162805,6867
1784095169672,1784095162805,6867
1784095169722,1784095161216,8506
1784095169722,1784095161216,8506
1784095169722,1784095161216,8506
1784095169722,1784095161216,8506
1784095169722,1784095161216,8506
1784095169722,1784095161216,8506
1784095169722,1784095161216,8506
1784095169722,1784095161216,8506
1784095169722,1784095161216,8506
1784095169722,1784095161216,8506
1784095169731,1784095162805,6926
1784095169731,1784095162805,6926
1784095169731,1784095162805,6926
1784095169731,1784095162805,6926
1784095169731,1784095162805,6926
1784095169731,1784095162805,6926
1784095169731,1784095162805,6926
1784095169731,1784095162805,6926
1784095169731,1784095162805,6926
1784095169731,1784095162805,6926
1784095169781,1784095161216,8565
1784095169781,1784095161216,8565
1784095169781,1784095161216,8565
1784095169781,1784095161216,8565
1784095169781,1784095161216,8565
1784095169781,1784095161216,8565
1784095169781,1784095161216,8565
1784095169781,1784095161216,8565
1784095169781,1784095161216,8565
1784095169781,1784095161216,8565
1784095169789,1784095162805,6984
1784095169789,1784095162805,6984
1784095169789,1784095162805,6984
1784095169789,1784095162805,6984
1784095169789,1784095162805,6984
1784095169789,1784095162805,6984
1784095169789,1784095162805,6984
1784095169789,1784095162805,6984
1784095169789,1784095162805,6984
1784095169789,1784095162805,6984
1784095169842,1784095161216,8626
1784095169842,1784095161216,8626
1784095169842,1784095161216,8626
1784095169842,1784095161216,8626
1784095169842,1784095161216,8626
1784095169842,1784095161216,8626
1784095169842,1784095161216,8626
1784095169842,1784095161216,8626
1784095169842,1784095161216,8626
1784095169842,1784095161216,8626
1784095169846,1784095162805,7041
1784095169846,1784095162805,7041
1784095169846,1784095162805,7041
1784095169846,1784095162805,7041
1784095169846,1784095162805,7041
1784095169846,1784095162805,7041
1784095169846,1784095162805,7041
1784095169846,1784095162805,7041
1784095169846,1784095162805,7041
1784095169846,1784095162805,7041
1784095169902,1784095161216,8686
1784095169902,1784095161216,8686
1784095169902,1784095161216,8686
1784095169902,1784095161216,8686
1784095169902,1784095161216,8686
1784095169902,1784095161216,8686
1784095169902,1784095161216,8686
1784095169902,1784095161216,8686
1784095169902,1784095161216,8686
1784095169902,1784095161216,8686
1784095169905,1784095162805,7100
1784095169905,1784095162805,7100
1784095169905,1784095162805,7100
1784095169905,1784095162805,7100
1784095169905,1784095162805,7100
1784095169905,1784095162805,7100
1784095169905,1784095162805,7100
1784095169905,1784095162805,7100
1784095169905,1784095162805,7100
1784095169905,1784095162805,7100
1784095169964,1784095161216,8748
1784095169964,1784095161216,8748
1784095169964,1784095161216,8748
1784095169964,1784095161216,8748
1784095169964,1784095161216,8748
1784095169964,1784095161216,8748
1784095169964,1784095161216,8748
1784095169964,1784095161216,8748
1784095169964,1784095161216,8748
1784095169964,1784095161216,8748
1784095169966,1784095162805,7161
1784095169966,1784095162805,7161
1784095169966,1784095162805,7161
1784095169966,1784095162805,7161
1784095169966,1784095162805,7161
1784095169966,1784095162805,7161
1784095169966,1784095162805,7161
1784095169966,1784095162805,7161
1784095169966,1784095162805,7161
1784095169966,1784095162805,7161
1784095170027,1784095162805,7222
1784095170027,1784095162805,7222
1784095170027,1784095162805,7222
1784095170027,1784095162805,7222
1784095170027,1784095162805,7222
1784095170027,1784095162805,7222
1784095170027,1784095162805,7222
1784095170027,1784095162805,7222
1784095170027,1784095162805,7222
1784095170027,1784095162805,7222
1784095170029,1784095161216,8813
1784095170029,1784095161216,8813
1784095170029,1784095161216,8813
1784095170029,1784095161216,8813
1784095170029,1784095161216,8813
1784095170029,1784095161216,8813
1784095170029,1784095161216,8813
1784095170029,1784095161216,8813
1784095170029,1784095161216,8813
1784095170029,1784095161216,8813
1784095170094,1784095161216,8878
1784095170094,1784095161216,8878
1784095170094,1784095161216,8878
1784095170094,1784095161216,8878
1784095170094,1784095161216,8878
1784095170094,1784095161216,8878
1784095170094,1784095161216,8878
1784095170094,1784095161216,8878
1784095170094,1784095161216,8878
1784095170094,1784095161216,8878
1784095170130,1784095162805,7325
1784095170130,1784095162805,7325
1784095170130,1784095162805,7325
1784095170130,1784095162805,7325
1784095170130,1784095162805,7325
1784095170130,1784095162805,7325
1784095170130,1784095162805,7325
1784095170130,1784095162805,7325
1784095170130,1784095162805,7325
1784095170130,1784095162805,7325
1784095170157,1784095161216,8941
1784095170157,1784095161216,8941
1784095170157,1784095161216,8941
1784095170157,1784095161216,8941
1784095170157,1784095161216,8941
1784095170157,1784095161216,8941
1784095170157,1784095161216,8941
1784095170157,1784095161216,8941
1784095170157,1784095161216,8941
1784095170157,1784095161216,8941
1784095170193,1784095162805,7388
1784095170193,1784095162805,7388
1784095170193,1784095162805,7388
1784095170193,1784095162805,7388
1784095170193,1784095162805,7388
1784095170193,1784095162805,7388
1784095170193,1784095162805,7388
1784095170193,1784095162805,7388
1784095170193,1784095162805,7388
1784095170193,1784095162805,7388
1784095170216,1784095161216,9000
1784095170216,1784095161216,9000
1784095170216,1784095161216,9000
1784095170216,1784095161216,9000
1784095170216,1784095161216,9000
1784095170216,1784095161216,9000
1784095170216,1784095161216,9000
1784095170216,1784095161216,9000
1784095170216,1784095161216,9000
1784095170216,1784095161216,9000
1784095170254,1784095162805,7449
1784095170254,1784095162805,7449
1784095170254,1784095162805,7449
1784095170254,1784095162805,7449
1784095170254,1784095162805,7449
1784095170254,1784095162805,7449
1784095170254,1784095162805,7449
1784095170254,1784095162805,7449
1784095170254,1784095162805,7449
1784095170254,1784095162805,7449
1784095170278,1784095161216,9062
1784095170278,1784095161216,9062
1784095170278,1784095161216,9062
1784095170278,1784095161216,9062
1784095170278,1784095161216,9062
1784095170278,1784095161216,9062
1784095170278,1784095161216,9062
1784095170278,1784095161216,9062
1784095170278,1784095161216,9062
1784095170278,1784095161216,9062
1784095170318,1784095162805,7513
1784095170318,1784095162805,7513
1784095170318,1784095162805,7513
1784095170318,1784095162805,7513
1784095170318,1784095162805,7513
1784095170318,1784095162805,7513
1784095170318,1784095162805,7513
1784095170318,1784095162805,7513
1784095170318,1784095162805,7513
1784095170318,1784095162805,7513
1784095170341,1784095161216,9125
1784095170341,1784095161216,9125
1784095170341,1784095161216,9125
1784095170341,1784095161216,9125
1784095170341,1784095161216,9125
1784095170341,1784095161216,9125
1784095170341,1784095161216,9125
1784095170341,1784095161216,9125
1784095170341,1784095161216,9125
1784095170341,1784095161216,9125
1784095170387,1784095162805,7582
1784095170387,1784095162805,7582
1784095170387,1784095162805,7582
1784095170387,1784095162805,7582
1784095170387,1784095162805,7582
1784095170387,1784095162805,7582
1784095170387,1784095162805,7582
1784095170387,1784095162805,7582
1784095170387,1784095162805,7582
1784095170387,1784095162805,7582
1784095170414,1784095161216,9198
1784095170414,1784095161216,9198
1784095170414,1784095161216,9198
1784095170414,1784095161216,9198
1784095170414,1784095161216,9198
1784095170414,1784095161216,9198
1784095170414,1784095161216,9198
1784095170414,1784095161216,9198
1784095170414,1784095161216,9198
1784095170414,1784095161216,9198
1784095170471,1784095162805,7666
1784095170471,1784095162805,7666
1784095170471,1784095162805,7666
1784095170471,1784095162805,7666
1784095170471,1784095162805,7666
1784095170471,1784095162805,7666
1784095170471,1784095162805,7666
1784095170471,1784095162805,7666
1784095170471,1784095162805,7666
1784095170471,1784095162805,7666
1784095170492,1784095161216,9276
1784095170492,1784095161216,9276
1784095170492,1784095161216,9276
1784095170492,1784095161216,9276
1784095170492,1784095161216,9276
1784095170492,1784095161216,9276
1784095170492,1784095161216,9276
1784095170492,1784095161216,9276
1784095170492,1784095161216,9276
1784095170492,1784095161216,9276
1784095170561,1784095162805,7756
1784095170561,1784095162805,7756
1784095170561,1784095162805,7756
1784095170561,1784095162805,7756
1784095170561,1784095162805,7756
1784095170561,1784095162805,7756
1784095170561,1784095162805,7756
1784095170561,1784095162805,7756
1784095170561,1784095162805,7756
1784095170561,1784095162805,7756
1784095170574,1784095161216,9358
1784095170574,1784095161216,9358
1784095170574,1784095161216,9358
1784095170574,1784095161216,9358
1784095170574,1784095161216,9358
1784095170574,1784095161216,9358
1784095170574,1784095161216,9358
1784095170574,1784095161216,9358
1784095170574,1784095161216,9358
1784095170574,1784095161216,9358
1784095170636,1784095162805,7831
1784095170636,1784095162805,7831
1784095170636,1784095162805,7831
1784095170636,1784095162805,7831
1784095170636,1784095162805,7831
1784095170636,1784095162805,7831
1784095170636,1784095162805,7831
1784095170636,1784095162805,7831
1784095170636,1784095162805,7831
1784095170636,1784095162805,7831
1784095170674,1784095161216,9458
1784095170674,1784095161216,9458
1784095170674,1784095161216,9458
1784095170674,1784095161216,9458
1784095170674,1784095161216,9458
1784095170674,1784095161216,9458
1784095170674,1784095161216,9458
1784095170674,1784095161216,9458
1784095170674,1784095161216,9458
1784095170674,1784095161216,9458
1784095170708,1784095162805,7903
1784095170708,1784095162805,7903
1784095170708,1784095162805,7903
1784095170708,1784095162805,7903
1784095170708,1784095162805,7903
1784095170708,1784095162805,7903
1784095170708,1784095162805,7903
1784095170708,1784095162805,7903
1784095170708,1784095162805,7903
1784095170708,1784095162805,7903
1784095170735,1784095161216,9519
1784095170735,1784095161216,9519
1784095170735,1784095161216,9519
1784095170735,1784095161216,9519
1784095170735,1784095161216,9519
1784095170735,1784095161216,9519
1784095170735,1784095161216,9519
1784095170735,1784095161216,9519
1784095170735,1784095161216,9519
1784095170735,1784095161216,9519
1784095170769,1784095162805,7964
1784095170769,1784095162805,7964
1784095170769,1784095162805,7964
1784095170769,1784095162805,7964
1784095170769,1784095162805,7964
1784095170769,1784095162805,7964
1784095170769,1784095162805,7964
1784095170769,1784095162805,7964
1784095170769,1784095162805,7964
1784095170769,1784095162805,7964
1784095170801,1784095161216,9585
1784095170801,1784095161216,9585
1784095170801,1784095161216,9585
1784095170801,1784095161216,9585
1784095170801,1784095161216,9585
1784095170801,1784095161216,9585
1784095170801,1784095161216,9585
1784095170801,1784095161216,9585
1784095170801,1784095161216,9585
1784095170801,1784095161216,9585
1784095170832,1784095162805,8027
1784095170832,1784095162805,8027
1784095170832,1784095162805,8027
1784095170832,1784095162805,8027
1784095170832,1784095162805,8027
1784095170832,1784095162805,8027
1784095170832,1784095162805,8027
1784095170832,1784095162805,8027
1784095170832,1784095162805,8027
1784095170832,1784095162805,8027
1784095170898,1784095161216,9682
1784095170898,1784095161216,9682
1784095170898,1784095161216,9682
1784095170898,1784095161216,9682
1784095170898,1784095161216,9682
1784095170898,1784095161216,9682
1784095170898,1784095161216,9682
1784095170898,1784095161216,9682
1784095170898,1784095161216,9682
1784095170898,1784095161216,9682
1784095170924,1784095162805,8119
1784095170924,1784095162805,8119
1784095170924,1784095162805,8119
1784095170924,1784095162805,8119
1784095170924,1784095162805,8119
1784095170924,1784095162805,8119
1784095170924,1784095162805,8119
1784095170924,1784095162805,8119
1784095170924,1784095162805,8119
1784095170924,1784095162805,8119
1784095170986,1784095161216,9770
1784095170986,1784095161216,9770
1784095170986,1784095161216,9770
1784095170986,1784095161216,9770
1784095170986,1784095161216,9770
1784095170986,1784095161216,9770
1784095170986,1784095161216,9770
1784095170986,1784095161216,9770
1784095170986,1784095161216,9770
1784095170986,1784095161216,9770
1784095171008,1784095162805,8203
1784095171008,1784095162805,8203
1784095171008,1784095162805,8203
1784095171008,1784095162805,8203
1784095171008,1784095162805,8203
1784095171008,1784095162805,8203
1784095171008,1784095162805,8203
1784095171008,1784095162805,8203
1784095171008,1784095162805,8203
1784095171008,1784095162805,8203
1784095171055,1784095161216,9839
1784095171055,1784095161216,9839
1784095171055,1784095161216,9839
1784095171055,1784095161216,9839
1784095171055,1784095161216,9839
1784095171055,1784095161216,9839
1784095171055,1784095161216,9839
1784095171055,1784095161216,9839
1784095171055,1784095161216,9839
1784095171055,1784095161216,9839
1784095171076,1784095162805,8271
1784095171076,1784095162805,8271
1784095171076,1784095162805,8271
1784095171076,1784095162805,8271
1784095171076,1784095162805,8271
1784095171076,1784095162805,8271
1784095171076,1784095162805,8271
1784095171076,1784095162805,8271
1784095171076,1784095162805,8271
1784095171076,1784095162805,8271
1784095171113,1784095161216,9897
1784095171113,1784095161216,9897
1784095171113,1784095161216,9897
1784095171113,1784095161216,9897
1784095171113,1784095161216,9897
1784095171113,1784095161216,9897
1784095171113,1784095161216,9897
1784095171113,1784095161216,9897
1784095171113,1784095161216,9897
1784095171113,1784095161216,9897
1784095171146,1784095162805,8341
1784095171146,1784095162805,8341
1784095171146,1784095162805,8341
1784095171146,1784095162805,8341
1784095171146,1784095162805,8341
1784095171146,1784095162805,8341
1784095171146,1784095162805,8341
1784095171146,1784095162805,8341
1784095171146,1784095162805,8341
1784095171146,1784095162805,8341
1784095171171,1784095161216,9955
1784095171171,1784095161216,9955
1784095171171,1784095161216,9955
1784095171171,1784095161216,9955
1784095171171,1784095161216,9955
1784095171171,1784095161216,9955
1784095171171,1784095161216,9955
1784095171171,1784095161216,9955
1784095171171,1784095161216,9955
1784095171171,1784095161216,9955
1784095171230,1784095162805,8425
1784095171230,1784095162805,8425
1784095171230,1784095162805,8425
1784095171230,1784095162805,8425
1784095171230,1784095162805,8425
1784095171230,1784095162805,8425
1784095171230,1784095162805,8425
1784095171230,1784095162805,8425
1784095171230,1784095162805,8425
1784095171230,1784095162805,8425
1784095171331,1784095162805,8526
1784095171331,1784095162805,8526
1784095171331,1784095162805,8526
1784095171331,1784095162805,8526
1784095171331,1784095162805,8526
1784095171331,1784095162805,8526
1784095171331,1784095162805,8526
1784095171331,1784095162805,8526
1784095171331,1784095162805,8526
1784095171331,1784095162805,8526
1784095171421,1784095162805,8616
1784095171421,1784095162805,8616
1784095171421,1784095162805,8616
1784095171421,1784095162805,8616
1784095171421,1784095162805,8616
1784095171421,1784095162805,8616
1784095171421,1784095162805,8616
1784095171421,1784095162805,8616
1784095171421,1784095162805,8616
1784095171421,1784095162805,8616
1784095171537,1784095162805,8732
1784095171537,1784095162805,8732
1784095171537,1784095162805,8732
1784095171537,1784095162805,8732
1784095171537,1784095162805,8732
1784095171537,1784095162805,8732
1784095171537,1784095162805,8732
1784095171537,1784095162805,8732
1784095171537,1784095162805,8732
1784095171537,1784095162805,8732
1784095171603,1784095162805,8798
1784095171603,1784095162805,8798
1784095171603,1784095162805,8798
1784095171603,1784095162805,8798
1784095171603,1784095162805,8798
1784095171603,1784095162805,8798
1784095171603,1784095162805,8798
1784095171603,1784095162805,8798
1784095171603,1784095162805,8798
1784095171603,1784095162805,8798
1784095171664,1784095162805,8859
1784095171664,1784095162805,8859
1784095171664,1784095162805,8859
1784095171664,1784095162805,8859
1784095171664,1784095162805,8859
1784095171664,1784095162805,8859
1784095171664,1784095162805,8859
1784095171664,1784095162805,8859
1784095171664,1784095162805,8859
1784095171664,1784095162805,8859
1784095171722,1784095162805,8917
1784095171722,1784095162805,8917
1784095171722,1784095162805,8917
1784095171722,1784095162805,8917
1784095171722,1784095162805,8917
1784095171722,1784095162805,8917
1784095171722,1784095162805,8917
1784095171722,1784095162805,8917
1784095171722,1784095162805,8917
1784095171722,1784095162805,8917
1784095171780,1784095162805,8975
1784095171780,1784095162805,8975
1784095171780,1784095162805,8975
1784095171780,1784095162805,8975
1784095171780,1784095162805,8975
1784095171780,1784095162805,8975
1784095171780,1784095162805,8975
1784095171780,1784095162805,8975
1784095171780,1784095162805,8975
1784095171780,1784095162805,8975
1784095171838,1784095162805,9033
1784095171838,1784095162805,9033
1784095171838,1784095162805,9033
1784095171838,1784095162805,9033
1784095171838,1784095162805,9033
1784095171838,1784095162805,9033
1784095171838,1784095162805,9033
1784095171838,1784095162805,9033
1784095171838,1784095162805,9033
1784095171838,1784095162805,9033
1784095171899,1784095162805,9094
1784095171899,1784095162805,9094
1784095171899,1784095162805,9094
1784095171899,1784095162805,9094
1784095171899,1784095162805,9094
1784095171899,1784095162805,9094
1784095171899,1784095162805,9094
1784095171899,1784095162805,9094
1784095171899,1784095162805,9094
1784095171899,1784095162805,9094
1784095171957,1784095162805,9152
1784095171957,1784095162805,9152
1784095171957,1784095162805,9152
1784095171957,1784095162805,9152
1784095171957,1784095162805,9152
1784095171957,1784095162805,9152
1784095171957,1784095162805,9152
1784095171957,1784095162805,9152
1784095171957,1784095162805,9152
1784095171957,1784095162805,9152
1784095172015,1784095162805,9210
1784095172015,1784095162805,9210
1784095172015,1784095162805,9210
1784095172015,1784095162805,9210
1784095172015,1784095162805,9210
1784095172015,1784095162805,9210
1784095172015,1784095162805,9210
1784095172015,1784095162805,9210
1784095172015,1784095162805,9210
1784095172015,1784095162805,9210
1784095172074,1784095162805,9269
1784095172074,1784095162805,9269
1784095172074,1784095162805,9269
1784095172074,1784095162805,9269
1784095172074,1784095162805,9269
1784095172074,1784095162805,9269
1784095172074,1784095162805,9269
1784095172074,1784095162805,9269
1784095172074,1784095162805,9269
1784095172074,1784095162805,9269
1784095172132,1784095162805,9327
1784095172132,1784095162805,9327
1784095172132,1784095162805,9327
1784095172132,1784095162805,9327
1784095172132,1784095162805,9327
1784095172132,1784095162805,9327
1784095172132,1784095162805,9327
1784095172132,1784095162805,9327
1784095172132,1784095162805,9327
1784095172132,1784095162805,9327
1784095172190,1784095162805,9385
1784095172190,1784095162805,9385
1784095172190,1784095162805,9385
1784095172190,1784095162805,9385
1784095172190,1784095162805,9385
1784095172190,1784095162805,9385
1784095172190,1784095162805,9385
1784095172190,1784095162805,9385
1784095172190,1784095162805,9385
1784095172190,1784095162805,9385
1784095172249,1784095162805,9444
1784095172249,1784095162805,9444
1784095172249,1784095162805,9444
1784095172249,1784095162805,9444
1784095172249,1784095162805,9444
1784095172249,1784095162805,9444
1784095172249,1784095162805,9444
1784095172249,1784095162805,9444
1784095172249,1784095162805,9444
1784095172249,1784095162805,9444
1784095172307,1784095162805,9502
1784095172307,1784095162805,9502
1784095172307,1784095162805,9502
1784095172307,1784095162805,9502
1784095172307,1784095162805,9502
1784095172307,1784095162805,9502
1784095172307,1784095162805,9502
1784095172307,1784095162805,9502
1784095172307,1784095162805,9502
1784095172307,1784095162805,9502
1784095172365,1784095162805,9560
1784095172365,1784095162805,9560
1784095172365,1784095162805,9560
1784095172365,1784095162805,9560
1784095172365,1784095162805,9560
1784095172365,1784095162805,9560
1784095172365,1784095162805,9560
1784095172365,1784095162805,9560
1784095172365,1784095162805,9560
1784095172365,1784095162805,9560
1784095172423,1784095162805,9618
1784095172423,1784095162805,9618
1784095172423,1784095162805,9618
1784095172423,1784095162805,9618
1784095172423,1784095162805,9618
1784095172423,1784095162805,9618
1784095172423,1784095162805,9618
1784095172423,1784095162805,9618
1784095172423,1784095162805,9618
1784095172423,1784095162805,9618
1784095172482,1784095162805,9677
1784095172482,1784095162805,9677
1784095172482,1784095162805,9677
1784095172482,1784095162805,9677
1784095172482,1784095162805,9677
1784095172482,1784095162805,9677
1784095172482,1784095162805,9677
1784095172482,1784095162805,9677
1784095172482,1784095162805,9677
1784095172482,1784095162805,9677
1784095172540,1784095162805,9735
1784095172540,1784095162805,9735
1784095172540,1784095162805,9735
1784095172540,1784095162805,9735
1784095172540,1784095162805,9735
1784095172540,1784095162805,9735
1784095172540,1784095162805,9735
1784095172540,1784095162805,9735
1784095172540,1784095162805,9735
1784095172540,1784095162805,9735
1784095172599,1784095162805,9794
1784095172599,1784095162805,9794
1784095172599,1784095162805,9794
1784095172599,1784095162805,9794
1784095172599,1784095162805,9794
1784095172599,1784095162805,9794
1784095172599,1784095162805,9794
1784095172599,1784095162805,9794
1784095172599,1784095162805,9794
1784095172599,1784095162805,9794
1784095172656,1784095162805,9851
1784095172656,1784095162805,9851
1784095172656,1784095162805,9851
1784095172656,1784095162805,9851
1784095172656,1784095162805,9851
1784095172656,1784095162805,9851
1784095172656,1784095162805,9851
1784095172656,1784095162805,9851
1784095172656,1784095162805,9851
1784095172656,1784095162805,9851
1784095172714,1784095162805,9909
1784095172714,1784095162805,9909
1784095172714,1784095162805,9909
1784095172714,1784095162805,9909
1784095172714,1784095162805,9909
1784095172714,1784095162805,9909
1784095172714,1784095162805,9909
1784095172714,1784095162805,9909
1784095172714,1784095162805,9909
1784095172714,1784095162805,9909
1784095191964,1784095186245,5719
1784095191964,1784095186245,5719
1784095191964,1784095186245,5719
1784095191964,1784095186245,5719
1784095191964,1784095186245,5719
1784095191964,1784095186245,5719
1784095191964,1784095186245,5719
1784095191964,1784095186245,5719
1784095191964,1784095186245,5719
1784095191964,1784095186245,5719
1784095192069,1784095186245,5824
1784095192069,1784095186245,5824
1784095192069,1784095186245,5824
1784095192069,1784095186245,5824
1784095192069,1784095186245,5824
1784095192069,1784095186245,5824
1784095192069,1784095186245,5824
1784095192069,1784095186245,5824
1784095192069,1784095186245,5824
1784095192069,1784095186245,5824
1784095192172,1784095186245,5927
1784095192172,1784095186245,5927
1784095192172,1784095186245,5927
1784095192172,1784095186245,5927
1784095192172,1784095186245,5927
1784095192172,1784095186245,5927
1784095192172,1784095186245,5927
1784095192172,1784095186245,5927
1784095192172,1784095186245,5927
1784095192172,1784095186245,5927
1784095192276,1784095186245,6031
1784095192276,1784095186245,6031
1784095192276,1784095186245,6031
1784095192276,1784095186245,6031
1784095192276,1784095186245,6031
1784095192276,1784095186245,6031
1784095192276,1784095186245,6031
1784095192276,1784095186245,6031
1784095192276,1784095186245,6031
1784095192276,1784095186245,6031
1784095192378,1784095186245,6133
1784095192378,1784095186245,6133
1784095192378,1784095186245,6133
1784095192378,1784095186245,6133
1784095192378,1784095186245,6133
1784095192378,1784095186245,6133
1784095192378,1784095186245,6133
1784095192378,1784095186245,6133
1784095192378,1784095186245,6133
1784095192378,1784095186245,6133
1784095192477,1784095186245,6232
1784095192477,1784095186245,6232
1784095192477,1784095186245,6232
1784095192477,1784095186245,6232
1784095192477,1784095186245,6232
1784095192477,1784095186245,6232
1784095192477,1784095186245,6232
1784095192477,1784095186245,6232
1784095192477,1784095186245,6232
1784095192477,1784095186245,6232
1784095192569,1784095186245,6324
1784095192569,1784095186245,6324
1784095192569,1784095186245,6324
1784095192569,1784095186245,6324
1784095192569,1784095186245,6324
1784095192569,1784095186245,6324
1784095192569,1784095186245,6324
1784095192569,1784095186245,6324
1784095192569,1784095186245,6324
1784095192569,1784095186245,6324
1784095192709,1784095186245,6464
1784095192709,1784095186245,6464
1784095192709,1784095186245,6464
1784095192709,1784095186245,6464
1784095192709,1784095186245,6464
1784095192709,1784095186245,6464
1784095192709,1784095186245,6464
1784095192709,1784095186245,6464
1784095192709,1784095186245,6464
1784095192709,1784095186245,6464
1784095192821,1784095186245,6576
1784095192821,1784095186245,6576
1784095192821,1784095186245,6576
1784095192821,1784095186245,6576
1784095192821,1784095186245,6576
1784095192821,1784095186245,6576
1784095192821,1784095186245,6576
1784095192821,1784095186245,6576
1784095192821,1784095186245,6576
1784095192821,1784095186245,6576
1784095192927,1784095186245,6682
1784095192927,1784095186245,6682
1784095192927,1784095186245,6682
1784095192927,1784095186245,6682
1784095192927,1784095186245,6682
1784095192927,1784095186245,6682
1784095192927,1784095186245,6682
1784095192927,1784095186245,6682
1784095192927,1784095186245,6682
1784095192927,1784095186245,6682
1784095193039,1784095186245,6794
1784095193039,1784095186245,6794
1784095193039,1784095186245,6794
1784095193039,1784095186245,6794
1784095193039,1784095186245,6794
1784095193039,1784095186245,6794
1784095193039,1784095186245,6794
1784095193039,1784095186245,6794
1784095193039,1784095186245,6794
1784095193039,1784095186245,6794
1784095193146,1784095186245,6901
1784095193146,1784095186245,6901
1784095193146,1784095186245,6901
1784095193146,1784095186245,6901
1784095193146,1784095186245,6901
1784095193146,1784095186245,6901
1784095193146,1784095186245,6901
1784095193146,1784095186245,6901
1784095193146,1784095186245,6901
1784095193146,1784095186245,6901
1784095193258,1784095186245,7013
1784095193258,1784095186245,7013
1784095193258,1784095186245,7013
1784095193258,1784095186245,7013
1784095193258,1784095186245,7013
1784095193258,1784095186245,7013
1784095193258,1784095186245,7013
1784095193258,1784095186245,7013
1784095193258,1784095186245,7013
1784095193258,1784095186245,7013
1784095193363,1784095186245,7118
1784095193363,1784095186245,7118
1784095193363,1784095186245,7118
1784095193363,1784095186245,7118
1784095193363,1784095186245,7118
1784095193363,1784095186245,7118
1784095193363,1784095186245,7118
1784095193363,1784095186245,7118
1784095193363,1784095186245,7118
1784095193363,1784095186245,7118
1784095193466,1784095186245,7221
1784095193466,1784095186245,7221
1784095193466,1784095186245,7221
1784095193466,1784095186245,7221
1784095193466,1784095186245,7221
1784095193466,1784095186245,7221
1784095193466,1784095186245,7221
1784095193466,1784095186245,7221
1784095193466,1784095186245,7221
1784095193466,1784095186245,7221
1784095193525,1784095186245,7280
1784095193525,1784095186245,7280
1784095193525,1784095186245,7280
1784095193525,1784095186245,7280
1784095193525,1784095186245,7280
1784095193525,1784095186245,7280
1784095193525,1784095186245,7280
1784095193525,1784095186245,7280
1784095193525,1784095186245,7280
1784095193525,1784095186245,7280
1784095193587,1784095186245,7342
1784095193587,1784095186245,7342
1784095193587,1784095186245,7342
1784095193587,1784095186245,7342
1784095193587,1784095186245,7342
1784095193587,1784095186245,7342
1784095193587,1784095186245,7342
1784095193587,1784095186245,7342
1784095193587,1784095186245,7342
1784095193587,1784095186245,7342
1784095193656,1784095186245,7411
1784095193656,1784095186245,7411
1784095193656,1784095186245,7411
1784095193656,1784095186245,7411
1784095193656,1784095186245,7411
1784095193656,1784095186245,7411
1784095193656,1784095186245,7411
1784095193656,1784095186245,7411
1784095193656,1784095186245,7411
1784095193656,1784095186245,7411
1784095193748,1784095186245,7503
1784095193748,1784095186245,7503
1784095193748,1784095186245,7503
1784095193748,1784095186245,7503
1784095193748,1784095186245,7503
1784095193748,1784095186245,7503
1784095193748,1784095186245,7503
1784095193748,1784095186245,7503
1784095193748,1784095186245,7503
1784095193748,1784095186245,7503
1784095193848,1784095186245,7603
1784095193848,1784095186245,7603
1784095193848,1784095186245,7603
1784095193848,1784095186245,7603
1784095193848,1784095186245,7603
1784095193848,1784095186245,7603
1784095193848,1784095186245,7603
1784095193848,1784095186245,7603
1784095193848,1784095186245,7603
1784095193848,1784095186245,7603
1784095193952,1784095186245,7707
1784095193952,1784095186245,7707
1784095193952,1784095186245,7707
1784095193952,1784095186245,7707
1784095193952,1784095186245,7707
1784095193952,1784095186245,7707
1784095193952,1784095186245,7707
1784095193952,1784095186245,7707
1784095193952,1784095186245,7707
1784095193952,1784095186245,7707
1784095194032,1784095186245,7787
1784095194032,1784095186245,7787
1784095194032,1784095186245,7787
1784095194032,1784095186245,7787
1784095194032,1784095186245,7787
1784095194032,1784095186245,7787
1784095194032,1784095186245,7787
1784095194032,1784095186245,7787
1784095194032,1784095186245,7787
1784095194032,1784095186245,7787
1784095194129,1784095186245,7884
1784095194129,1784095186245,7884
1784095194129,1784095186245,7884
1784095194129,1784095186245,7884
1784095194129,1784095186245,7884
1784095194129,1784095186245,7884
1784095194129,1784095186245,7884
1784095194129,1784095186245,7884
1784095194129,1784095186245,7884
1784095194129,1784095186245,7884
1784095194211,1784095186245,7966
1784095194211,1784095186245,7966
1784095194211,1784095186245,7966
1784095194211,1784095186245,7966
1784095194211,1784095186245,7966
1784095194211,1784095186245,7966
1784095194211,1784095186245,7966
1784095194211,1784095186245,7966
1784095194211,1784095186245,7966
1784095194211,1784095186245,7966
1784095194276,1784095186245,8031
1784095194276,1784095186245,8031
1784095194276,1784095186245,8031
1784095194276,1784095186245,8031
1784095194276,1784095186245,8031
1784095194276,1784095186245,8031
1784095194276,1784095186245,8031
1784095194276,1784095186245,8031
1784095194276,1784095186245,8031
1784095194276,1784095186245,8031
1784095194338,1784095186245,8093
1784095194338,1784095186245,8093
1784095194338,1784095186245,8093
1784095194338,1784095186245,8093
1784095194338,1784095186245,8093
1784095194338,1784095186245,8093
1784095194338,1784095186245,8093
1784095194338,1784095186245,8093
1784095194338,1784095186245,8093
1784095194338,1784095186245,8093
1784095194401,1784095186245,8156
1784095194401,1784095186245,8156
1784095194401,1784095186245,8156
1784095194401,1784095186245,8156
1784095194401,1784095186245,8156
1784095194401,1784095186245,8156
1784095194401,1784095186245,8156
1784095194401,1784095186245,8156
1784095194401,1784095186245,8156
1784095194401,1784095186245,8156
1784095194463,1784095186245,8218
1784095194463,1784095186245,8218
1784095194463,1784095186245,8218
1784095194463,1784095186245,8218
1784095194463,1784095186245,8218
1784095194463,1784095186245,8218
1784095194463,1784095186245,8218
1784095194463,1784095186245,8218
1784095194463,1784095186245,8218
1784095194463,1784095186245,8218
1784095194527,1784095186245,8282
1784095194527,1784095186245,8282
1784095194527,1784095186245,8282
1784095194527,1784095186245,8282
1784095194527,1784095186245,8282
1784095194527,1784095186245,8282
1784095194527,1784095186245,8282
1784095194527,1784095186245,8282
1784095194527,1784095186245,8282
1784095194527,1784095186245,8282
1784095194590,1784095186245,8345
1784095194590,1784095186245,8345
1784095194590,1784095186245,8345
1784095194590,1784095186245,8345
1784095194590,1784095186245,8345
1784095194590,1784095186245,8345
1784095194590,1784095186245,8345
1784095194590,1784095186245,8345
1784095194590,1784095186245,8345
1784095194590,1784095186245,8345
1784095194653,1784095186245,8408
1784095194653,1784095186245,8408
1784095194653,1784095186245,8408
1784095194653,1784095186245,8408
1784095194653,1784095186245,8408
1784095194653,1784095186245,8408
1784095194653,1784095186245,8408
1784095194653,1784095186245,8408
1784095194653,1784095186245,8408
1784095194653,1784095186245,8408
1784095194744,1784095186245,8499
1784095194744,1784095186245,8499
1784095194744,1784095186245,8499
1784095194744,1784095186245,8499
1784095194744,1784095186245,8499
1784095194744,1784095186245,8499
1784095194744,1784095186245,8499
1784095194744,1784095186245,8499
1784095194744,1784095186245,8499
1784095194744,1784095186245,8499
1784095194821,1784095186245,8576
1784095194821,1784095186245,8576
1784095194821,1784095186245,8576
1784095194821,1784095186245,8576
1784095194821,1784095186245,8576
1784095194821,1784095186245,8576
1784095194821,1784095186245,8576
1784095194821,1784095186245,8576
1784095194821,1784095186245,8576
1784095194821,1784095186245,8576
1784095194921,1784095186245,8676
1784095194921,1784095186245,8676
1784095194921,1784095186245,8676
1784095194921,1784095186245,8676
1784095194921,1784095186245,8676
1784095194921,1784095186245,8676
1784095194921,1784095186245,8676
1784095194921,1784095186245,8676
1784095194921,1784095186245,8676
1784095194921,1784095186245,8676
1784095195024,1784095186245,8779
1784095195024,1784095186245,8779
1784095195024,1784095186245,8779
1784095195024,1784095186245,8779
1784095195024,1784095186245,8779
1784095195024,1784095186245,8779
1784095195024,1784095186245,8779
1784095195024,1784095186245,8779
1784095195024,1784095186245,8779
1784095195024,1784095186245,8779
1784095195127,1784095186245,8882
1784095195127,1784095186245,8882
1784095195127,1784095186245,8882
1784095195127,1784095186245,8882
1784095195127,1784095186245,8882
1784095195127,1784095186245,8882
1784095195127,1784095186245,8882
1784095195127,1784095186245,8882
1784095195127,1784095186245,8882
1784095195127,1784095186245,8882
1784095195226,1784095186245,8981
1784095195226,1784095186245,8981
1784095195226,1784095186245,8981
1784095195226,1784095186245,8981
1784095195226,1784095186245,8981
1784095195226,1784095186245,8981
1784095195226,1784095186245,8981
1784095195226,1784095186245,8981
1784095195226,1784095186245,8981
1784095195226,1784095186245,8981
1784095195331,1784095186245,9086
1784095195331,1784095186245,9086
1784095195331,1784095186245,9086
1784095195331,1784095186245,9086
1784095195331,1784095186245,9086
1784095195331,1784095186245,9086
1784095195331,1784095186245,9086
1784095195331,1784095186245,9086
1784095195331,1784095186245,9086
1784095195331,1784095186245,9086
1784095195440,1784095186245,9195
1784095195440,1784095186245,9195
1784095195440,1784095186245,9195
1784095195440,1784095186245,9195
1784095195440,1784095186245,9195
1784095195440,1784095186245,9195
1784095195440,1784095186245,9195
1784095195440,1784095186245,9195
1784095195440,1784095186245,9195
1784095195440,1784095186245,9195
1784095195531,1784095186245,9286
1784095195531,1784095186245,9286
1784095195531,1784095186245,9286
1784095195531,1784095186245,9286
1784095195531,1784095186245,9286
1784095195531,1784095186245,9286
1784095195531,1784095186245,9286
1784095195531,1784095186245,9286
1784095195531,1784095186245,9286
1784095195531,1784095186245,9286
1784095195600,1784095186245,9355
1784095195600,1784095186245,9355
1784095195600,1784095186245,9355
1784095195600,1784095186245,9355
1784095195600,1784095186245,9355
1784095195600,1784095186245,9355
1784095195600,1784095186245,9355
1784095195600,1784095186245,9355
1784095195600,1784095186245,9355
1784095195600,1784095186245,9355
1784095195664,1784095186245,9419
1784095195664,1784095186245,9419
1784095195664,1784095186245,9419
1784095195664,1784095186245,9419
1784095195664,1784095186245,9419
1784095195664,1784095186245,9419
1784095195664,1784095186245,9419
1784095195664,1784095186245,9419
1784095195664,1784095186245,9419
1784095195664,1784095186245,9419
1784095195771,1784095186245,9526
1784095195771,1784095186245,9526
1784095195771,1784095186245,9526
1784095195771,1784095186245,9526
1784095195771,1784095186245,9526
1784095195771,1784095186245,9526
1784095195771,1784095186245,9526
1784095195771,1784095186245,9526
1784095195771,1784095186245,9526
1784095195771,1784095186245,9526
1784095195869,1784095186245,9624
1784095195869,1784095186245,9624
1784095195869,1784095186245,9624
1784095195869,1784095186245,9624
1784095195869,1784095186245,9624
1784095195869,1784095186245,9624
1784095195869,1784095186245,9624
1784095195869,1784095186245,9624
1784095195869,1784095186245,9624
1784095195869,1784095186245,9624
1784095195939,1784095186245,9694
1784095195939,1784095186245,9694
1784095195939,1784095186245,9694
1784095195939,1784095186245,9694
1784095195939,1784095186245,9694
1784095195939,1784095186245,9694
1784095195939,1784095186245,9694
1784095195939,1784095186245,9694
1784095195939,1784095186245,9694
1784095195939,1784095186245,9694
1784095196000,1784095186245,9755
1784095196000,1784095186245,9755
1784095196000,1784095186245,9755
1784095196000,1784095186245,9755
1784095196000,1784095186245,9755
1784095196000,1784095186245,9755
1784095196000,1784095186245,9755
1784095196000,1784095186245,9755
1784095196000,1784095186245,9755
1784095196000,1784095186245,9755
1784095196060,1784095186245,9815
1784095196060,1784095186245,9815
1784095196060,1784095186245,9815
1784095196060,1784095186245,9815
1784095196060,1784095186245,9815
1784095196060,1784095186245,9815
1784095196060,1784095186245,9815
1784095196060,1784095186245,9815
1784095196060,1784095186245,9815
1784095196060,1784095186245,9815
1784095196119,1784095186245,9874
1784095196119,1784095186245,9874
1784095196119,1784095186245,9874
1784095196119,1784095186245,9874
1784095196119,1784095186245,9874
1784095196119,1784095186245,9874
1784095196119,1784095186245,9874
1784095196119,1784095186245,9874
1784095196119,1784095186245,9874
1784095196119,1784095186245,9874
1784095196181,1784095186245,9936
1784095196181,1784095186245,9936
1784095196181,1784095186245,9936
1784095196181,1784095186245,9936
1784095196181,1784095186245,9936
1784095196181,1784095186245,9936
1784095196181,1784095186245,9936
1784095196181,1784095186245,9936
1784095196181,1784095186245,9936
1784095196181,1784095186245,9936
1784095196241,1784095186245,9996
1784095196241,1784095186245,9996
1784095196241,1784095186245,9996
1784095196241,1784095186245,9996
1784095196241,1784095186245,9996
1784095196241,1784095186245,9996
1784095196241,1784095186245,9996
1784095196241,1784095186245,9996
1784095196241,1784095186245,9996
1784095196241,1784095186245,9996
1784095198931,1784095193430,5501
1784095198931,1784095193430,5501
1784095198931,1784095193430,5501
1784095198931,1784095193430,5501
1784095198931,1784095193430,5501
1784095198931,1784095193430,5501
1784095198931,1784095193430,5501
1784095198931,1784095193430,5501
1784095198931,1784095193430,5501
1784095198931,1784095193430,5501
1784095199035,1784095193430,5605
1784095199035,1784095193430,5605
1784095199035,1784095193430,5605
1784095199035,1784095193430,5605
1784095199035,1784095193430,5605
1784095199035,1784095193430,5605
1784095199035,1784095193430,5605
1784095199035,1784095193430,5605
1784095199035,1784095193430,5605
1784095199035,1784095193430,5605
1784095199142,1784095193430,5712
1784095199142,1784095193430,5712
1784095199142,1784095193430,5712
1784095199142,1784095193430,5712
1784095199142,1784095193430,5712
1784095199142,1784095193430,5712
1784095199142,1784095193430,5712
1784095199142,1784095193430,5712
1784095199142,1784095193430,5712
1784095199142,1784095193430,5712
1784095199240,1784095193430,5810
1784095199240,1784095193430,5810
1784095199240,1784095193430,5810
1784095199240,1784095193430,5810
1784095199240,1784095193430,5810
1784095199240,1784095193430,5810
1784095199240,1784095193430,5810
1784095199240,1784095193430,5810
1784095199240,1784095193430,5810
1784095199240,1784095193430,5810
1784095199346,1784095193430,5916
1784095199346,1784095193430,5916
1784095199346,1784095193430,5916
1784095199346,1784095193430,5916
1784095199346,1784095193430,5916
1784095199346,1784095193430,5916
1784095199346,1784095193430,5916
1784095199346,1784095193430,5916
1784095199346,1784095193430,5916
1784095199346,1784095193430,5916
1784095199441,1784095193430,6011
1784095199441,1784095193430,6011
1784095199441,1784095193430,6011
1784095199441,1784095193430,6011
1784095199441,1784095193430,6011
1784095199441,1784095193430,6011
1784095199441,1784095193430,6011
1784095199441,1784095193430,6011
1784095199441,1784095193430,6011
1784095199441,1784095193430,6011
1784095199530,1784095193430,6100
1784095199530,1784095193430,6100
1784095199530,1784095193430,6100
1784095199530,1784095193430,6100
1784095199530,1784095193430,6100
1784095199530,1784095193430,6100
1784095199530,1784095193430,6100
1784095199530,1784095193430,6100
1784095199530,1784095193430,6100
1784095199530,1784095193430,6100
1784095199612,1784095193430,6182
1784095199612,1784095193430,6182
1784095199612,1784095193430,6182
1784095199612,1784095193430,6182
1784095199612,1784095193430,6182
1784095199612,1784095193430,6182
1784095199612,1784095193430,6182
1784095199612,1784095193430,6182
1784095199612,1784095193430,6182
1784095199612,1784095193430,6182
1784095199751,1784095193430,6321
1784095199751,1784095193430,6321
1784095199751,1784095193430,6321
1784095199751,1784095193430,6321
1784095199751,1784095193430,6321
1784095199751,1784095193430,6321
1784095199751,1784095193430,6321
1784095199751,1784095193430,6321
1784095199751,1784095193430,6321
1784095199751,1784095193430,6321
1784095199846,1784095193430,6416
1784095199846,1784095193430,6416
1784095199846,1784095193430,6416
1784095199846,1784095193430,6416
1784095199846,1784095193430,6416
1784095199846,1784095193430,6416
1784095199846,1784095193430,6416
1784095199846,1784095193430,6416
1784095199846,1784095193430,6416
1784095199846,1784095193430,6416
1784095199922,1784095193430,6492
1784095199922,1784095193430,6492
1784095199922,1784095193430,6492
1784095199922,1784095193430,6492
1784095199922,1784095193430,6492
1784095199922,1784095193430,6492
1784095199922,1784095193430,6492
1784095199922,1784095193430,6492
1784095199922,1784095193430,6492
1784095199922,1784095193430,6492
1784095200020,1784095193430,6590
1784095200020,1784095193430,6590
1784095200020,1784095193430,6590
1784095200020,1784095193430,6590
1784095200020,1784095193430,6590
1784095200020,1784095193430,6590
1784095200020,1784095193430,6590
1784095200020,1784095193430,6590
1784095200020,1784095193430,6590
1784095200020,1784095193430,6590
1784095200111,1784095193430,6681
1784095200111,1784095193430,6681
1784095200111,1784095193430,6681
1784095200111,1784095193430,6681
1784095200111,1784095193430,6681
1784095200111,1784095193430,6681
1784095200111,1784095193430,6681
1784095200111,1784095193430,6681
1784095200111,1784095193430,6681
1784095200111,1784095193430,6681
1784095200191,1784095193430,6761
1784095200191,1784095193430,6761
1784095200191,1784095193430,6761
1784095200191,1784095193430,6761
1784095200191,1784095193430,6761
1784095200191,1784095193430,6761
1784095200191,1784095193430,6761
1784095200191,1784095193430,6761
1784095200191,1784095193430,6761
1784095200191,1784095193430,6761
1784095200297,1784095193430,6867
1784095200297,1784095193430,6867
1784095200297,1784095193430,6867
1784095200297,1784095193430,6867
1784095200297,1784095193430,6867
1784095200297,1784095193430,6867
1784095200297,1784095193430,6867
1784095200297,1784095193430,6867
1784095200297,1784095193430,6867
1784095200297,1784095193430,6867
1784095200398,1784095193430,6968
1784095200398,1784095193430,6968
1784095200398,1784095193430,6968
1784095200398,1784095193430,6968
1784095200398,1784095193430,6968
1784095200398,1784095193430,6968
1784095200398,1784095193430,6968
1784095200398,1784095193430,6968
1784095200398,1784095193430,6968
1784095200398,1784095193430,6968
1784095200505,1784095193430,7075
1784095200505,1784095193430,7075
1784095200505,1784095193430,7075
1784095200505,1784095193430,7075
1784095200505,1784095193430,7075
1784095200505,1784095193430,7075
1784095200505,1784095193430,7075
1784095200505,1784095193430,7075
1784095200505,1784095193430,7075
1784095200505,1784095193430,7075
1784095200611,1784095193430,7181
1784095200611,1784095193430,7181
1784095200611,1784095193430,7181
1784095200611,1784095193430,7181
1784095200611,1784095193430,7181
1784095200611,1784095193430,7181
1784095200611,1784095193430,7181
1784095200611,1784095193430,7181
1784095200611,1784095193430,7181
1784095200611,1784095193430,7181
1784095200717,1784095193430,7287
1784095200717,1784095193430,7287
1784095200717,1784095193430,7287
1784095200717,1784095193430,7287
1784095200717,1784095193430,7287
1784095200717,1784095193430,7287
1784095200717,1784095193430,7287
1784095200717,1784095193430,7287
1784095200717,1784095193430,7287
1784095200717,1784095193430,7287
1784095200832,1784095193430,7402
1784095200832,1784095193430,7402
1784095200832,1784095193430,7402
1784095200832,1784095193430,7402
1784095200832,1784095193430,7402
1784095200832,1784095193430,7402
1784095200832,1784095193430,7402
1784095200832,1784095193430,7402
1784095200832,1784095193430,7402
1784095200832,1784095193430,7402
1784095200915,1784095193430,7485
1784095200915,1784095193430,7485
1784095200915,1784095193430,7485
1784095200915,1784095193430,7485
1784095200915,1784095193430,7485
1784095200915,1784095193430,7485
1784095200915,1784095193430,7485
1784095200915,1784095193430,7485
1784095200915,1784095193430,7485
1784095200915,1784095193430,7485
1784095201022,1784095193430,7592
1784095201022,1784095193430,7592
1784095201022,1784095193430,7592
1784095201022,1784095193430,7592
1784095201022,1784095193430,7592
1784095201022,1784095193430,7592
1784095201022,1784095193430,7592
1784095201022,1784095193430,7592
1784095201022,1784095193430,7592
1784095201022,1784095193430,7592
1784095201127,1784095193430,7697
1784095201127,1784095193430,7697
1784095201127,1784095193430,7697
1784095201127,1784095193430,7697
1784095201127,1784095193430,7697
1784095201127,1784095193430,7697
1784095201127,1784095193430,7697
1784095201127,1784095193430,7697
1784095201127,1784095193430,7697
1784095201127,1784095193430,7697
1784095201242,1784095193430,7812
1784095201242,1784095193430,7812
1784095201242,1784095193430,7812
1784095201242,1784095193430,7812
1784095201242,1784095193430,7812
1784095201242,1784095193430,7812
1784095201242,1784095193430,7812
1784095201242,1784095193430,7812
1784095201242,1784095193430,7812
1784095201242,1784095193430,7812
1784095201350,1784095193430,7920
1784095201350,1784095193430,7920
1784095201350,1784095193430,7920
1784095201350,1784095193430,7920
1784095201350,1784095193430,7920
1784095201350,1784095193430,7920
1784095201350,1784095193430,7920
1784095201350,1784095193430,7920
1784095201350,1784095193430,7920
1784095201350,1784095193430,7920
1784095201457,1784095193430,8027
1784095201457,1784095193430,8027
1784095201457,1784095193430,8027
1784095201457,1784095193430,8027
1784095201457,1784095193430,8027
1784095201457,1784095193430,8027
1784095201457,1784095193430,8027
1784095201457,1784095193430,8027
1784095201457,1784095193430,8027
1784095201457,1784095193430,8027
1784095201548,1784095193430,8118
1784095201548,1784095193430,8118
1784095201548,1784095193430,8118
1784095201548,1784095193430,8118
1784095201548,1784095193430,8118
1784095201548,1784095193430,8118
1784095201548,1784095193430,8118
1784095201548,1784095193430,8118
1784095201548,1784095193430,8118
1784095201548,1784095193430,8118
1784095201649,1784095193430,8219
1784095201649,1784095193430,8219
1784095201649,1784095193430,8219
1784095201649,1784095193430,8219
1784095201649,1784095193430,8219
1784095201649,1784095193430,8219
1784095201649,1784095193430,8219
1784095201649,1784095193430,8219
1784095201649,1784095193430,8219
1784095201649,1784095193430,8219
1784095201753,1784095193430,8323
1784095201753,1784095193430,8323
1784095201753,1784095193430,8323
1784095201753,1784095193430,8323
1784095201753,1784095193430,8323
1784095201753,1784095193430,8323
1784095201753,1784095193430,8323
1784095201753,1784095193430,8323
1784095201753,1784095193430,8323
1784095201753,1784095193430,8323
1784095201858,1784095193430,8428
1784095201858,1784095193430,8428
1784095201858,1784095193430,8428
1784095201858,1784095193430,8428
1784095201858,1784095193430,8428
1784095201858,1784095193430,8428
1784095201858,1784095193430,8428
1784095201858,1784095193430,8428
1784095201858,1784095193430,8428
1784095201858,1784095193430,8428
1784095201961,1784095193430,8531
1784095201961,1784095193430,8531
1784095201961,1784095193430,8531
1784095201961,1784095193430,8531
1784095201961,1784095193430,8531
1784095201961,1784095193430,8531
1784095201961,1784095193430,8531
1784095201961,1784095193430,8531
1784095201961,1784095193430,8531
1784095201961,1784095193430,8531
1784095202071,1784095193430,8641
1784095202071,1784095193430,8641
1784095202071,1784095193430,8641
1784095202071,1784095193430,8641
1784095202071,1784095193430,8641
1784095202071,1784095193430,8641
1784095202071,1784095193430,8641
1784095202071,1784095193430,8641
1784095202071,1784095193430,8641
1784095202071,1784095193430,8641
1784095202176,1784095193430,8746
1784095202176,1784095193430,8746
1784095202176,1784095193430,8746
1784095202176,1784095193430,8746
1784095202176,1784095193430,8746
1784095202176,1784095193430,8746
1784095202176,1784095193430,8746
1784095202176,1784095193430,8746
1784095202176,1784095193430,8746
1784095202176,1784095193430,8746
1784095202282,1784095193430,8852
1784095202282,1784095193430,8852
1784095202282,1784095193430,8852
1784095202282,1784095193430,8852
1784095202282,1784095193430,8852
1784095202282,1784095193430,8852
1784095202282,1784095193430,8852
1784095202282,1784095193430,8852
1784095202282,1784095193430,8852
1784095202282,1784095193430,8852
1784095202386,1784095193430,8956
1784095202386,1784095193430,8956
1784095202386,1784095193430,8956
1784095202386,1784095193430,8956
1784095202386,1784095193430,8956
1784095202386,1784095193430,8956
1784095202386,1784095193430,8956
1784095202386,1784095193430,8956
1784095202386,1784095193430,8956
1784095202386,1784095193430,8956
1784095202490,1784095193430,9060
1784095202490,1784095193430,9060
1784095202490,1784095193430,9060
1784095202490,1784095193430,9060
1784095202490,1784095193430,9060
1784095202490,1784095193430,9060
1784095202490,1784095193430,9060
1784095202490,1784095193430,9060
1784095202490,1784095193430,9060
1784095202490,1784095193430,9060
1784095202579,1784095193430,9149
1784095202579,1784095193430,9149
1784095202579,1784095193430,9149
1784095202579,1784095193430,9149
1784095202579,1784095193430,9149
1784095202579,1784095193430,9149
1784095202579,1784095193430,9149
1784095202579,1784095193430,9149
1784095202579,1784095193430,9149
1784095202579,1784095193430,9149
1784095202685,1784095193430,9255
1784095202685,1784095193430,9255
1784095202685,1784095193430,9255
1784095202685,1784095193430,9255
1784095202685,1784095193430,9255
1784095202685,1784095193430,9255
1784095202685,1784095193430,9255
1784095202685,1784095193430,9255
1784095202685,1784095193430,9255
1784095202685,1784095193430,9255
1784095202790,1784095193430,9360
1784095202790,1784095193430,9360
1784095202790,1784095193430,9360
1784095202790,1784095193430,9360
1784095202790,1784095193430,9360
1784095202790,1784095193430,9360
1784095202790,1784095193430,9360
1784095202790,1784095193430,9360
1784095202790,1784095193430,9360
1784095202790,1784095193430,9360
1784095202895,1784095193430,9465
1784095202895,1784095193430,9465
1784095202895,1784095193430,9465
1784095202895,1784095193430,9465
1784095202895,1784095193430,9465
1784095202895,1784095193430,9465
1784095202895,1784095193430,9465
1784095202895,1784095193430,9465
1784095202895,1784095193430,9465
1784095202895,1784095193430,9465
1784095202994,1784095193430,9564
1784095202994,1784095193430,9564
1784095202994,1784095193430,9564
1784095202994,1784095193430,9564
1784095202994,1784095193430,9564
1784095202994,1784095193430,9564
1784095202994,1784095193430,9564
1784095202994,1784095193430,9564
1784095202994,1784095193430,9564
1784095202994,1784095193430,9564
1784095203097,1784095193430,9667
1784095203097,1784095193430,9667
1784095203097,1784095193430,9667
1784095203097,1784095193430,9667
1784095203097,1784095193430,9667
1784095203097,1784095193430,9667
1784095203097,1784095193430,9667
1784095203097,1784095193430,9667
1784095203097,1784095193430,9667
1784095203097,1784095193430,9667
1784095203201,1784095193430,9771
1784095203201,1784095193430,9771
1784095203201,1784095193430,9771
1784095203201,1784095193430,9771
1784095203201,1784095193430,9771
1784095203201,1784095193430,9771
1784095203201,1784095193430,9771
1784095203201,1784095193430,9771
1784095203201,1784095193430,9771
1784095203201,1784095193430,9771
1784095203307,1784095193430,9877
1784095203307,1784095193430,9877
1784095203307,1784095193430,9877
1784095203307,1784095193430,9877
1784095203307,1784095193430,9877
1784095203307,1784095193430,9877
1784095203307,1784095193430,9877
1784095203307,1784095193430,9877
1784095203307,1784095193430,9877
1784095203307,1784095193430,9877
1784095203411,1784095193430,9981
1784095203411,1784095193430,9981
1784095203411,1784095193430,9981
1784095203411,1784095193430,9981
1784095203411,1784095193430,9981
1784095203411,1784095193430,9981
1784095203411,1784095193430,9981
1784095203411,1784095193430,9981
1784095203411,1784095193430,9981
1784095203411,1784095193430,9981
1784095203508,1784095193430,10078
1784095203508,1784095193430,10078
1784095203508,1784095193430,10078
1784095203508,1784095193430,10078
1784095203508,1784095193430,10078
1784095203508,1784095193430,10078
1784095203508,1784095193430,10078
1784095203508,1784095193430,10078
1784095203508,1784095193430,10078
1784095203508,1784095193430,10078
1784095203615,1784095193430,10185
1784095203615,1784095193430,10185
1784095203615,1784095193430,10185
1784095203615,1784095193430,10185
1784095203615,1784095193430,10185
1784095203615,1784095193430,10185
1784095203615,1784095193430,10185
1784095203615,1784095193430,10185
1784095203615,1784095193430,10185
1784095203615,1784095193430,10185
1784095203717,1784095193430,10287
1784095203717,1784095193430,10287
1784095203717,1784095193430,10287
1784095203717,1784095193430,10287
1784095203717,1784095193430,10287
1784095203717,1784095193430,10287
1784095203717,1784095193430,10287
1784095203717,1784095193430,10287
1784095203717,1784095193430,10287
1784095203717,1784095193430,10287
1784095203816,1784095193430,10386
1784095203816,1784095193430,10386
1784095203816,1784095193430,10386
1784095203816,1784095193430,10386
1784095203816,1784095193430,10386
1784095203816,1784095193430,10386
1784095203816,1784095193430,10386
1784095203816,1784095193430,10386
1784095203816,1784095193430,10386
1784095203816,1784095193430,10386
1784095203913,1784095193430,10483
1784095203913,1784095193430,10483
1784095203913,1784095193430,10483
1784095203913,1784095193430,10483
1784095203913,1784095193430,10483
1784095203913,1784095193430,10483
1784095203913,1784095193430,10483
1784095203913,1784095193430,10483
1784095203913,1784095193430,10483
1784095203913,1784095193430,10483
1784095216996,1784095211274,5722
1784095216996,1784095211274,5722
1784095216996,1784095211274,5722
1784095216996,1784095211274,5722
1784095216996,1784095211274,5722
1784095216996,1784095211274,5722
1784095216996,1784095211274,5722
1784095216996,1784095211274,5722
1784095216996,1784095211274,5722
1784095216996,1784095211274,5722
1784095217098,1784095211274,5824
1784095217098,1784095211274,5824
1784095217098,1784095211274,5824
1784095217098,1784095211274,5824
1784095217098,1784095211274,5824
1784095217098,1784095211274,5824
1784095217098,1784095211274,5824
1784095217098,1784095211274,5824
1784095217098,1784095211274,5824
1784095217098,1784095211274,5824
1784095217200,1784095211274,5926
1784095217200,1784095211274,5926
1784095217200,1784095211274,5926
1784095217200,1784095211274,5926
1784095217200,1784095211274,5926
1784095217200,1784095211274,5926
1784095217200,1784095211274,5926
1784095217200,1784095211274,5926
1784095217200,1784095211274,5926
1784095217200,1784095211274,5926
1784095217305,1784095211274,6031
1784095217305,1784095211274,6031
1784095217305,1784095211274,6031
1784095217305,1784095211274,6031
1784095217305,1784095211274,6031
1784095217305,1784095211274,6031
1784095217305,1784095211274,6031
1784095217305,1784095211274,6031
1784095217305,1784095211274,6031
1784095217305,1784095211274,6031
1784095217406,1784095211274,6132
1784095217406,1784095211274,6132
1784095217406,1784095211274,6132
1784095217406,1784095211274,6132
1784095217406,1784095211274,6132
1784095217406,1784095211274,6132
1784095217406,1784095211274,6132
1784095217406,1784095211274,6132
1784095217406,1784095211274,6132
1784095217406,1784095211274,6132
1784095217509,1784095211274,6235
1784095217509,1784095211274,6235
1784095217509,1784095211274,6235
1784095217509,1784095211274,6235
1784095217509,1784095211274,6235
1784095217509,1784095211274,6235
1784095217509,1784095211274,6235
1784095217509,1784095211274,6235
1784095217509,1784095211274,6235
1784095217509,1784095211274,6235
1784095217663,1784095211274,6389
1784095217663,1784095211274,6389
1784095217663,1784095211274,6389
1784095217663,1784095211274,6389
1784095217663,1784095211274,6389
1784095217663,1784095211274,6389
1784095217663,1784095211274,6389
1784095217663,1784095211274,6389
1784095217663,1784095211274,6389
1784095217663,1784095211274,6389
1784095217768,1784095211274,6494
1784095217768,1784095211274,6494
1784095217768,1784095211274,6494
1784095217768,1784095211274,6494
1784095217768,1784095211274,6494
1784095217768,1784095211274,6494
1784095217768,1784095211274,6494
1784095217768,1784095211274,6494
1784095217768,1784095211274,6494
1784095217768,1784095211274,6494
1784095217871,1784095211274,6597
1784095217871,1784095211274,6597
1784095217871,1784095211274,6597
1784095217871,1784095211274,6597
1784095217871,1784095211274,6597
1784095217871,1784095211274,6597
1784095217871,1784095211274,6597
1784095217871,1784095211274,6597
1784095217871,1784095211274,6597
1784095217871,1784095211274,6597
1784095217969,1784095211274,6695
1784095217969,1784095211274,6695
1784095217969,1784095211274,6695
1784095217969,1784095211274,6695
1784095217969,1784095211274,6695
1784095217969,1784095211274,6695
1784095217969,1784095211274,6695
1784095217969,1784095211274,6695
1784095217969,1784095211274,6695
1784095217969,1784095211274,6695
1784095218091,1784095211274,6817
1784095218091,1784095211274,6817
1784095218091,1784095211274,6817
1784095218091,1784095211274,6817
1784095218091,1784095211274,6817
1784095218091,1784095211274,6817
1784095218091,1784095211274,6817
1784095218091,1784095211274,6817
1784095218091,1784095211274,6817
1784095218091,1784095211274,6817
1784095218261,1784095211274,6987
1784095218261,1784095211274,6987
1784095218261,1784095211274,6987
1784095218261,1784095211274,6987
1784095218261,1784095211274,6987
1784095218261,1784095211274,6987
1784095218261,1784095211274,6987
1784095218261,1784095211274,6987
1784095218261,1784095211274,6987
1784095218261,1784095211274,6987
1784095218395,1784095211274,7121
1784095218395,1784095211274,7121
1784095218395,1784095211274,7121
1784095218395,1784095211274,7121
1784095218395,1784095211274,7121
1784095218395,1784095211274,7121
1784095218395,1784095211274,7121
1784095218395,1784095211274,7121
1784095218395,1784095211274,7121
1784095218395,1784095211274,7121
1784095218562,1784095211274,7288
1784095218562,1784095211274,7288
1784095218562,1784095211274,7288
1784095218562,1784095211274,7288
1784095218562,1784095211274,7288
1784095218562,1784095211274,7288
1784095218562,1784095211274,7288
1784095218562,1784095211274,7288
1784095218562,1784095211274,7288
1784095218562,1784095211274,7288
1784095218702,1784095211274,7428
1784095218702,1784095211274,7428
1784095218702,1784095211274,7428
1784095218702,1784095211274,7428
1784095218702,1784095211274,7428
1784095218702,1784095211274,7428
1784095218702,1784095211274,7428
1784095218702,1784095211274,7428
1784095218702,1784095211274,7428
1784095218702,1784095211274,7428
1784095218772,1784095211274,7498
1784095218772,1784095211274,7498
1784095218772,1784095211274,7498
1784095218772,1784095211274,7498
1784095218772,1784095211274,7498
1784095218772,1784095211274,7498
1784095218772,1784095211274,7498
1784095218772,1784095211274,7498
1784095218772,1784095211274,7498
1784095218772,1784095211274,7498
1784095218844,1784095211274,7570
1784095218844,1784095211274,7570
1784095218844,1784095211274,7570
1784095218844,1784095211274,7570
1784095218844,1784095211274,7570
1784095218844,1784095211274,7570
1784095218844,1784095211274,7570
1784095218844,1784095211274,7570
1784095218844,1784095211274,7570
1784095218844,1784095211274,7570
1784095218929,1784095211274,7655
1784095218929,1784095211274,7655
1784095218929,1784095211274,7655
1784095218929,1784095211274,7655
1784095218929,1784095211274,7655
1784095218929,1784095211274,7655
1784095218929,1784095211274,7655
1784095218929,1784095211274,7655
1784095218929,1784095211274,7655
1784095218929,1784095211274,7655
1784095219029,1784095211274,7755
1784095219029,1784095211274,7755
1784095219029,1784095211274,7755
1784095219029,1784095211274,7755
1784095219029,1784095211274,7755
1784095219029,1784095211274,7755
1784095219029,1784095211274,7755
1784095219029,1784095211274,7755
1784095219029,1784095211274,7755
1784095219029,1784095211274,7755
1784095219133,1784095211274,7859
1784095219133,1784095211274,7859
1784095219133,1784095211274,7859
1784095219133,1784095211274,7859
1784095219133,1784095211274,7859
1784095219133,1784095211274,7859
1784095219133,1784095211274,7859
1784095219133,1784095211274,7859
1784095219133,1784095211274,7859
1784095219133,1784095211274,7859
1784095219232,1784095211274,7958
1784095219232,1784095211274,7958
1784095219232,1784095211274,7958
1784095219232,1784095211274,7958
1784095219232,1784095211274,7958
1784095219232,1784095211274,7958
1784095219232,1784095211274,7958
1784095219232,1784095211274,7958
1784095219232,1784095211274,7958
1784095219232,1784095211274,7958
1784095219326,1784095211274,8052
1784095219326,1784095211274,8052
1784095219326,1784095211274,8052
1784095219326,1784095211274,8052
1784095219326,1784095211274,8052
1784095219326,1784095211274,8052
1784095219326,1784095211274,8052
1784095219326,1784095211274,8052
1784095219326,1784095211274,8052
1784095219326,1784095211274,8052
1784095219362,1784095212863,6499
1784095219362,1784095212863,6499
1784095219362,1784095212863,6499
1784095219362,1784095212863,6499
1784095219362,1784095212863,6499
1784095219362,1784095212863,6499
1784095219362,1784095212863,6499
1784095219362,1784095212863,6499
1784095219362,1784095212863,6499
1784095219362,1784095212863,6499
1784095219393,1784095211274,8119
1784095219393,1784095211274,8119
1784095219393,1784095211274,8119
1784095219393,1784095211274,8119
1784095219393,1784095211274,8119
1784095219393,1784095211274,8119
1784095219393,1784095211274,8119
1784095219393,1784095211274,8119
1784095219393,1784095211274,8119
1784095219393,1784095211274,8119
1784095219428,1784095212863,6565
1784095219428,1784095212863,6565
1784095219428,1784095212863,6565
1784095219428,1784095212863,6565
1784095219428,1784095212863,6565
1784095219428,1784095212863,6565
1784095219428,1784095212863,6565
1784095219428,1784095212863,6565
1784095219428,1784095212863,6565
1784095219428,1784095212863,6565
1784095219457,1784095211274,8183
1784095219457,1784095211274,8183
1784095219457,1784095211274,8183
1784095219457,1784095211274,8183
1784095219457,1784095211274,8183
1784095219457,1784095211274,8183
1784095219457,1784095211274,8183
1784095219457,1784095211274,8183
1784095219457,1784095211274,8183
1784095219457,1784095211274,8183
1784095219499,1784095212863,6636
1784095219499,1784095212863,6636
1784095219499,1784095212863,6636
1784095219499,1784095212863,6636
1784095219499,1784095212863,6636
1784095219499,1784095212863,6636
1784095219499,1784095212863,6636
1784095219499,1784095212863,6636
1784095219499,1784095212863,6636
1784095219499,1784095212863,6636
1784095219520,1784095211274,8246
1784095219520,1784095211274,8246
1784095219520,1784095211274,8246
1784095219520,1784095211274,8246
1784095219520,1784095211274,8246
1784095219520,1784095211274,8246
1784095219520,1784095211274,8246
1784095219520,1784095211274,8246
1784095219520,1784095211274,8246
1784095219520,1784095211274,8246
1784095219571,1784095212863,6708
1784095219571,1784095212863,6708
1784095219571,1784095212863,6708
1784095219571,1784095212863,6708
1784095219571,1784095212863,6708
1784095219571,1784095212863,6708
1784095219571,1784095212863,6708
1784095219571,1784095212863,6708
1784095219571,1784095212863,6708
1784095219571,1784095212863,6708
1784095219587,1784095211274,8313
1784095219587,1784095211274,8313
1784095219587,1784095211274,8313
1784095219587,1784095211274,8313
1784095219587,1784095211274,8313
1784095219587,1784095211274,8313
1784095219587,1784095211274,8313
1784095219587,1784095211274,8313
1784095219587,1784095211274,8313
1784095219587,1784095211274,8313
1784095219638,1784095212863,6775
1784095219638,1784095212863,6775
1784095219638,1784095212863,6775
1784095219638,1784095212863,6775
1784095219638,1784095212863,6775
1784095219638,1784095212863,6775
1784095219638,1784095212863,6775
1784095219638,1784095212863,6775
1784095219638,1784095212863,6775
1784095219638,1784095212863,6775
1784095219653,1784095211274,8379
1784095219653,1784095211274,8379
1784095219653,1784095211274,8379
1784095219653,1784095211274,8379
1784095219653,1784095211274,8379
1784095219653,1784095211274,8379
1784095219653,1784095211274,8379
1784095219653,1784095211274,8379
1784095219653,1784095211274,8379
1784095219653,1784095211274,8379
1784095219707,1784095212863,6844
1784095219707,1784095212863,6844
1784095219707,1784095212863,6844
1784095219707,1784095212863,6844
1784095219707,1784095212863,6844
1784095219707,1784095212863,6844
1784095219707,1784095212863,6844
1784095219707,1784095212863,6844
1784095219707,1784095212863,6844
1784095219707,1784095212863,6844
1784095219719,1784095211274,8445
1784095219719,1784095211274,8445
1784095219719,1784095211274,8445
1784095219719,1784095211274,8445
1784095219719,1784095211274,8445
1784095219719,1784095211274,8445
1784095219719,1784095211274,8445
1784095219719,1784095211274,8445
1784095219719,1784095211274,8445
1784095219719,1784095211274,8445
1784095219774,1784095212863,6911
1784095219774,1784095212863,6911
1784095219774,1784095212863,6911
1784095219774,1784095212863,6911
1784095219774,1784095212863,6911
1784095219774,1784095212863,6911
1784095219774,1784095212863,6911
1784095219774,1784095212863,6911
1784095219774,1784095212863,6911
1784095219774,1784095212863,6911
1784095219780,1784095211274,8506
1784095219780,1784095211274,8506
1784095219780,1784095211274,8506
1784095219780,1784095211274,8506
1784095219780,1784095211274,8506
1784095219780,1784095211274,8506
1784095219780,1784095211274,8506
1784095219780,1784095211274,8506
1784095219780,1784095211274,8506
1784095219780,1784095211274,8506
1784095219878,1784095211274,8604
1784095219878,1784095211274,8604
1784095219878,1784095211274,8604
1784095219878,1784095211274,8604
1784095219878,1784095211274,8604
1784095219878,1784095211274,8604
1784095219878,1784095211274,8604
1784095219878,1784095211274,8604
1784095219878,1784095211274,8604
1784095219878,1784095211274,8604
1784095219983,1784095211274,8709
1784095219983,1784095211274,8709
1784095219983,1784095211274,8709
1784095219983,1784095211274,8709
1784095219983,1784095211274,8709
1784095219983,1784095211274,8709
1784095219983,1784095211274,8709
1784095219983,1784095211274,8709
1784095219983,1784095211274,8709
1784095219983,1784095211274,8709
1784095220081,1784095211274,8807
1784095220081,1784095211274,8807
1784095220081,1784095211274,8807
1784095220081,1784095211274,8807
1784095220081,1784095211274,8807
1784095220081,1784095211274,8807
1784095220081,1784095211274,8807
1784095220081,1784095211274,8807
1784095220081,1784095211274,8807
1784095220081,1784095211274,8807
1784095220184,1784095211274,8910
1784095220184,1784095211274,8910
1784095220184,1784095211274,8910
1784095220184,1784095211274,8910
1784095220184,1784095211274,8910
1784095220184,1784095211274,8910
1784095220184,1784095211274,8910
1784095220184,1784095211274,8910
1784095220184,1784095211274,8910
1784095220184,1784095211274,8910
1784095220287,1784095211274,9013
1784095220287,1784095211274,9013
1784095220287,1784095211274,9013
1784095220287,1784095211274,9013
1784095220287,1784095211274,9013
1784095220287,1784095211274,9013
1784095220287,1784095211274,9013
1784095220287,1784095211274,9013
1784095220287,1784095211274,9013
1784095220287,1784095211274,9013
1784095220394,1784095211274,9120
1784095220394,1784095211274,9120
1784095220394,1784095211274,9120
1784095220394,1784095211274,9120
1784095220394,1784095211274,9120
1784095220394,1784095211274,9120
1784095220394,1784095211274,9120
1784095220394,1784095211274,9120
1784095220394,1784095211274,9120
1784095220394,1784095211274,9120
1784095220503,1784095211274,9229
1784095220503,1784095211274,9229
1784095220503,1784095211274,9229
1784095220503,1784095211274,9229
1784095220503,1784095211274,9229
1784095220503,1784095211274,9229
1784095220503,1784095211274,9229
1784095220503,1784095211274,9229
1784095220503,1784095211274,9229
1784095220503,1784095211274,9229
1784095220622,1784095212863,7759
1784095220622,1784095212863,7759
1784095220622,1784095212863,7759
1784095220622,1784095212863,7759
1784095220622,1784095212863,7759
1784095220622,1784095212863,7759
1784095220622,1784095212863,7759
1784095220622,1784095212863,7759
1784095220622,1784095212863,7759
1784095220622,1784095212863,7759
1784095220620,1784095211274,9346
1784095220620,1784095211274,9346
1784095220620,1784095211274,9346
1784095220620,1784095211274,9346
1784095220620,1784095211274,9346
1784095220620,1784095211274,9346
1784095220620,1784095211274,9346
1784095220620,1784095211274,9346
1784095220620,1784095211274,9346
1784095220620,1784095211274,9346
1784095220705,1784095212863,7842
1784095220705,1784095212863,7842
1784095220705,1784095212863,7842
1784095220705,1784095212863,7842
1784095220705,1784095212863,7842
1784095220705,1784095212863,7842
1784095220705,1784095212863,7842
1784095220705,1784095212863,7842
1784095220705,1784095212863,7842
1784095220705,1784095212863,7842
1784095220721,1784095211274,9447
1784095220721,1784095211274,9447
1784095220721,1784095211274,9447
1784095220721,1784095211274,9447
1784095220721,1784095211274,9447
1784095220721,1784095211274,9447
1784095220721,1784095211274,9447
1784095220721,1784095211274,9447
1784095220721,1784095211274,9447
1784095220721,1784095211274,9447
1784095220821,1784095211274,9547
1784095220821,1784095211274,9547
1784095220821,1784095211274,9547
1784095220821,1784095211274,9547
1784095220821,1784095211274,9547
1784095220821,1784095211274,9547
1784095220821,1784095211274,9547
1784095220821,1784095211274,9547
1784095220821,1784095211274,9547
1784095220821,1784095211274,9547
1784095220852,1784095212863,7989
1784095220852,1784095212863,7989
1784095220852,1784095212863,7989
1784095220852,1784095212863,7989
1784095220852,1784095212863,7989
1784095220852,1784095212863,7989
1784095220852,1784095212863,7989
1784095220852,1784095212863,7989
1784095220852,1784095212863,7989
1784095220852,1784095212863,7989
1784095220904,1784095211274,9630
1784095220904,1784095211274,9630
1784095220904,1784095211274,9630
1784095220904,1784095211274,9630
1784095220904,1784095211274,9630
1784095220904,1784095211274,9630
1784095220904,1784095211274,9630
1784095220904,1784095211274,9630
1784095220904,1784095211274,9630
1784095220904,1784095211274,9630
1784095220921,1784095212863,8058
1784095220921,1784095212863,8058
1784095220921,1784095212863,8058
1784095220921,1784095212863,8058
1784095220921,1784095212863,8058
1784095220921,1784095212863,8058
1784095220921,1784095212863,8058
1784095220921,1784095212863,8058
1784095220921,1784095212863,8058
1784095220921,1784095212863,8058
1784095220968,1784095211274,9694
1784095220968,1784095211274,9694
1784095220968,1784095211274,9694
1784095220968,1784095211274,9694
1784095220968,1784095211274,9694
1784095220968,1784095211274,9694
1784095220968,1784095211274,9694
1784095220968,1784095211274,9694
1784095220968,1784095211274,9694
1784095220968,1784095211274,9694
1784095220983,1784095212863,8120
1784095220983,1784095212863,8120
1784095220983,1784095212863,8120
1784095220983,1784095212863,8120
1784095220983,1784095212863,8120
1784095220983,1784095212863,8120
1784095220983,1784095212863,8120
1784095220983,1784095212863,8120
1784095220983,1784095212863,8120
1784095220983,1784095212863,8120
1784095221046,1784095212863,8183
1784095221046,1784095212863,8183
1784095221046,1784095212863,8183
1784095221046,1784095212863,8183
1784095221046,1784095212863,8183
1784095221046,1784095212863,8183
1784095221046,1784095212863,8183
1784095221046,1784095212863,8183
1784095221046,1784095212863,8183
1784095221046,1784095212863,8183
1784095221054,1784095211274,9780
1784095221054,1784095211274,9780
1784095221054,1784095211274,9780
1784095221054,1784095211274,9780
1784095221054,1784095211274,9780
1784095221054,1784095211274,9780
1784095221054,1784095211274,9780
1784095221054,1784095211274,9780
1784095221054,1784095211274,9780
1784095221054,1784095211274,9780
1784095221109,1784095212863,8246
1784095221109,1784095212863,8246
1784095221109,1784095212863,8246
1784095221109,1784095212863,8246
1784095221109,1784095212863,8246
1784095221109,1784095212863,8246
1784095221109,1784095212863,8246
1784095221109,1784095212863,8246
1784095221109,1784095212863,8246
1784095221109,1784095212863,8246
1784095221142,1784095211274,9868
1784095221142,1784095211274,9868
1784095221142,1784095211274,9868
1784095221142,1784095211274,9868
1784095221142,1784095211274,9868
1784095221142,1784095211274,9868
1784095221142,1784095211274,9868
1784095221142,1784095211274,9868
1784095221142,1784095211274,9868
1784095221142,1784095211274,9868
1784095221180,1784095212863,8317
1784095221180,1784095212863,8317
1784095221180,1784095212863,8317
1784095221180,1784095212863,8317
1784095221180,1784095212863,8317
1784095221180,1784095212863,8317
1784095221180,1784095212863,8317
1784095221180,1784095212863,8317
1784095221180,1784095212863,8317
1784095221180,1784095212863,8317
1784095221222,1784095211274,9948
1784095221222,1784095211274,9948
1784095221222,1784095211274,9948
1784095221222,1784095211274,9948
1784095221222,1784095211274,9948
1784095221222,1784095211274,9948
1784095221222,1784095211274,9948
1784095221222,1784095211274,9948
1784095221222,1784095211274,9948
1784095221222,1784095211274,9948
1784095221266,1784095212863,8403
1784095221266,1784095212863,8403
1784095221266,1784095212863,8403
1784095221266,1784095212863,8403
1784095221266,1784095212863,8403
1784095221266,1784095212863,8403
1784095221266,1784095212863,8403
1784095221266,1784095212863,8403
1784095221266,1784095212863,8403
1784095221266,1784095212863,8403
1784095221294,1784095211274,10020
1784095221294,1784095211274,10020
1784095221294,1784095211274,10020
1784095221294,1784095211274,10020
1784095221294,1784095211274,10020
1784095221294,1784095211274,10020
1784095221294,1784095211274,10020
1784095221294,1784095211274,10020
1784095221294,1784095211274,10020
1784095221294,1784095211274,10020
1784095221335,1784095212863,8472
1784095221335,1784095212863,8472
1784095221335,1784095212863,8472
1784095221335,1784095212863,8472
1784095221335,1784095212863,8472
1784095221335,1784095212863,8472
1784095221335,1784095212863,8472
1784095221335,1784095212863,8472
1784095221335,1784095212863,8472
1784095221335,1784095212863,8472
1784095221354,1784095211274,10080
1784095221354,1784095211274,10080
1784095221354,1784095211274,10080
1784095221354,1784095211274,10080
1784095221354,1784095211274,10080
1784095221354,1784095211274,10080
1784095221354,1784095211274,10080
1784095221354,1784095211274,10080
1784095221354,1784095211274,10080
1784095221354,1784095211274,10080
1784095221400,1784095212863,8537
1784095221400,1784095212863,8537
1784095221400,1784095212863,8537
1784095221400,1784095212863,8537
1784095221400,1784095212863,8537
1784095221400,1784095212863,8537
1784095221400,1784095212863,8537
1784095221400,1784095212863,8537
1784095221400,1784095212863,8537
1784095221400,1784095212863,8537
1784095221412,1784095211274,10138
1784095221412,1784095211274,10138
1784095221412,1784095211274,10138
1784095221412,1784095211274,10138
1784095221412,1784095211274,10138
1784095221412,1784095211274,10138
1784095221412,1784095211274,10138
1784095221412,1784095211274,10138
1784095221412,1784095211274,10138
1784095221412,1784095211274,10138
1784095221467,1784095212863,8604
1784095221467,1784095212863,8604
1784095221467,1784095212863,8604
1784095221467,1784095212863,8604
1784095221467,1784095212863,8604
1784095221467,1784095212863,8604
1784095221467,1784095212863,8604
1784095221467,1784095212863,8604
1784095221467,1784095212863,8604
1784095221467,1784095212863,8604
1784095221479,1784095211274,10205
1784095221479,1784095211274,10205
1784095221479,1784095211274,10205
1784095221479,1784095211274,10205
1784095221479,1784095211274,10205
1784095221479,1784095211274,10205
1784095221479,1784095211274,10205
1784095221479,1784095211274,10205
1784095221479,1784095211274,10205
1784095221479,1784095211274,10205
1784095221549,1784095212863,8686
1784095221549,1784095212863,8686
1784095221549,1784095212863,8686
1784095221549,1784095212863,8686
1784095221549,1784095212863,8686
1784095221549,1784095212863,8686
1784095221549,1784095212863,8686
1784095221549,1784095212863,8686
1784095221549,1784095212863,8686
1784095221549,1784095212863,8686
1784095221551,1784095211274,10277
1784095221551,1784095211274,10277
1784095221551,1784095211274,10277
1784095221551,1784095211274,10277
1784095221551,1784095211274,10277
1784095221551,1784095211274,10277
1784095221551,1784095211274,10277
1784095221551,1784095211274,10277
1784095221551,1784095211274,10277
1784095221551,1784095211274,10277
1784095221633,1784095212863,8770
1784095221633,1784095212863,8770
1784095221633,1784095212863,8770
1784095221633,1784095212863,8770
1784095221633,1784095212863,8770
1784095221633,1784095212863,8770
1784095221633,1784095212863,8770
1784095221633,1784095212863,8770
1784095221633,1784095212863,8770
1784095221633,1784095212863,8770
1784095221745,1784095212863,8882
1784095221745,1784095212863,8882
1784095221745,1784095212863,8882
1784095221745,1784095212863,8882
1784095221745,1784095212863,8882
1784095221745,1784095212863,8882
1784095221745,1784095212863,8882
1784095221745,1784095212863,8882
1784095221745,1784095212863,8882
1784095221745,1784095212863,8882
1784095221846,1784095212863,8983
1784095221846,1784095212863,8983
1784095221846,1784095212863,8983
1784095221846,1784095212863,8983
1784095221846,1784095212863,8983
1784095221846,1784095212863,8983
1784095221846,1784095212863,8983
1784095221846,1784095212863,8983
1784095221846,1784095212863,8983
1784095221846,1784095212863,8983
1784095221951,1784095212863,9088
1784095221951,1784095212863,9088
1784095221951,1784095212863,9088
1784095221951,1784095212863,9088
1784095221951,1784095212863,9088
1784095221951,1784095212863,9088
1784095221951,1784095212863,9088
1784095221951,1784095212863,9088
1784095221951,1784095212863,9088
1784095221951,1784095212863,9088
1784095222042,1784095212863,9179
1784095222042,1784095212863,9179
1784095222042,1784095212863,9179
1784095222042,1784095212863,9179
1784095222042,1784095212863,9179
1784095222042,1784095212863,9179
1784095222042,1784095212863,9179
1784095222042,1784095212863,9179
1784095222042,1784095212863,9179
1784095222042,1784095212863,9179
1784095222148,1784095212863,9285
1784095222148,1784095212863,9285
1784095222148,1784095212863,9285
1784095222148,1784095212863,9285
1784095222148,1784095212863,9285
1784095222148,1784095212863,9285
1784095222148,1784095212863,9285
1784095222148,1784095212863,9285
1784095222148,1784095212863,9285
1784095222148,1784095212863,9285
1784095222253,1784095212863,9390
1784095222253,1784095212863,9390
1784095222253,1784095212863,9390
1784095222253,1784095212863,9390
1784095222253,1784095212863,9390
1784095222253,1784095212863,9390
1784095222253,1784095212863,9390
1784095222253,1784095212863,9390
1784095222253,1784095212863,9390
1784095222253,1784095212863,9390
1784095222356,1784095212863,9493
1784095222356,1784095212863,9493
1784095222356,1784095212863,9493
1784095222356,1784095212863,9493
1784095222356,1784095212863,9493
1784095222356,1784095212863,9493
1784095222356,1784095212863,9493
1784095222356,1784095212863,9493
1784095222356,1784095212863,9493
1784095222356,1784095212863,9493
1784095222467,1784095212863,9604
1784095222467,1784095212863,9604
1784095222467,1784095212863,9604
1784095222467,1784095212863,9604
1784095222467,1784095212863,9604
1784095222467,1784095212863,9604
1784095222467,1784095212863,9604
1784095222467,1784095212863,9604
1784095222467,1784095212863,9604
1784095222467,1784095212863,9604
1784095222581,1784095212863,9718
1784095222581,1784095212863,9718
1784095222581,1784095212863,9718
1784095222581,1784095212863,9718
1784095222581,1784095212863,9718
1784095222581,1784095212863,9718
1784095222581,1784095212863,9718
1784095222581,1784095212863,9718
1784095222581,1784095212863,9718
1784095222581,1784095212863,9718
1784095222685,1784095212863,9822
1784095222685,1784095212863,9822
1784095222685,1784095212863,9822
1784095222685,1784095212863,9822
1784095222685,1784095212863,9822
1784095222685,1784095212863,9822
1784095222685,1784095212863,9822
1784095222685,1784095212863,9822
1784095222685,1784095212863,9822
1784095222685,1784095212863,9822
1784095222793,1784095212863,9930
1784095222793,1784095212863,9930
1784095222793,1784095212863,9930
1784095222793,1784095212863,9930
1784095222793,1784095212863,9930
1784095222793,1784095212863,9930
1784095222793,1784095212863,9930
1784095222793,1784095212863,9930
1784095222793,1784095212863,9930
1784095222793,1784095212863,9930
1784095222900,1784095212863,10037
1784095222900,1784095212863,10037
1784095222900,1784095212863,10037
1784095222900,1784095212863,10037
1784095222900,1784095212863,10037
1784095222900,1784095212863,10037
1784095222900,1784095212863,10037
1784095222900,1784095212863,10037
1784095222900,1784095212863,10037
1784095222900,1784095212863,10037
1784095223013,1784095212863,10150
1784095223013,1784095212863,10150
1784095223013,1784095212863,10150
1784095223013,1784095212863,10150
1784095223013,1784095212863,10150
1784095223013,1784095212863,10150
1784095223013,1784095212863,10150
1784095223013,1784095212863,10150
1784095223013,1784095212863,10150
1784095223013,1784095212863,10150
1784095223082,1784095212863,10219
1784095223082,1784095212863,10219
1784095223082,1784095212863,10219
1784095223082,1784095212863,10219
1784095223082,1784095212863,10219
1784095223082,1784095212863,10219
1784095223082,1784095212863,10219
1784095223082,1784095212863,10219
1784095223082,1784095212863,10219
1784095223082,1784095212863,10219
1784095223139,1784095212863,10276
1784095223139,1784095212863,10276
1784095223139,1784095212863,10276
1784095223139,1784095212863,10276
1784095223139,1784095212863,10276
1784095223139,1784095212863,10276
1784095223139,1784095212863,10276
1784095223139,1784095212863,10276
1784095223139,1784095212863,10276
1784095223139,1784095212863,10276
1784095223196,1784095212863,10333
1784095223196,1784095212863,10333
1784095223196,1784095212863,10333
1784095223196,1784095212863,10333
1784095223196,1784095212863,10333
1784095223196,1784095212863,10333
1784095223196,1784095212863,10333
1784095223196,1784095212863,10333
1784095223196,1784095212863,10333
1784095223196,1784095212863,10333
1784095223256,1784095212863,10393
1784095223256,1784095212863,10393
1784095223256,1784095212863,10393
1784095223256,1784095212863,10393
1784095223256,1784095212863,10393
1784095223256,1784095212863,10393
1784095223256,1784095212863,10393
1784095223256,1784095212863,10393
1784095223256,1784095212863,10393
1784095223256,1784095212863,10393
1784095223347,1784095212863,10484
1784095223347,1784095212863,10484
1784095223347,1784095212863,10484
1784095223347,1784095212863,10484
1784095223347,1784095212863,10484
1784095223347,1784095212863,10484
1784095223347,1784095212863,10484
1784095223347,1784095212863,10484
1784095223347,1784095212863,10484
1784095223347,1784095212863,10484
1784095223449,1784095212863,10586
1784095223449,1784095212863,10586
1784095223449,1784095212863,10586
1784095223449,1784095212863,10586
1784095223449,1784095212863,10586
1784095223449,1784095212863,10586
1784095223449,1784095212863,10586
1784095223449,1784095212863,10586
1784095223449,1784095212863,10586
1784095223449,1784095212863,10586
1784095223552,1784095212863,10689
1784095223552,1784095212863,10689
1784095223552,1784095212863,10689
1784095223552,1784095212863,10689
1784095223552,1784095212863,10689
1784095223552,1784095212863,10689
1784095223552,1784095212863,10689
1784095223552,1784095212863,10689
1784095223552,1784095212863,10689
1784095223552,1784095212863,10689
1784095223658,1784095212863,10795
1784095223658,1784095212863,10795
1784095223658,1784095212863,10795
1784095223658,1784095212863,10795
1784095223658,1784095212863,10795
1784095223658,1784095212863,10795
1784095223658,1784095212863,10795
1784095223658,1784095212863,10795
1784095223658,1784095212863,10795
1784095223658,1784095212863,10795
1784095223751,1784095212863,10888
1784095223751,1784095212863,10888
1784095223751,1784095212863,10888
1784095223751,1784095212863,10888
1784095223751,1784095212863,10888
1784095223751,1784095212863,10888
1784095223751,1784095212863,10888
1784095223751,1784095212863,10888
1784095223751,1784095212863,10888
1784095223751,1784095212863,10888
1784095223856,1784095212863,10993
1784095223856,1784095212863,10993
1784095223856,1784095212863,10993
1784095223856,1784095212863,10993
1784095223856,1784095212863,10993
1784095223856,1784095212863,10993
1784095223856,1784095212863,10993
1784095223856,1784095212863,10993
1784095223856,1784095212863,10993
1784095223856,1784095212863,10993
1784095223963,1784095212863,11100
1784095223963,1784095212863,11100
1784095223963,1784095212863,11100
1784095223963,1784095212863,11100
1784095223963,1784095212863,11100
1784095223963,1784095212863,11100
1784095223963,1784095212863,11100
1784095223963,1784095212863,11100
1784095223963,1784095212863,11100
1784095223963,1784095212863,11100
1784095224075,1784095212863,11212
1784095224075,1784095212863,11212
1784095224075,1784095212863,11212
1784095224075,1784095212863,11212
1784095224075,1784095212863,11212
1784095224075,1784095212863,11212
1784095224075,1784095212863,11212
1784095224075,1784095212863,11212
1784095224075,1784095212863,11212
1784095224075,1784095212863,11212
1784095224178,1784095212863,11315
1784095224178,1784095212863,11315
1784095224178,1784095212863,11315
1784095224178,1784095212863,11315
1784095224178,1784095212863,11315
1784095224178,1784095212863,11315
1784095224178,1784095212863,11315
1784095224178,1784095212863,11315
1784095224178,1784095212863,11315
1784095224178,1784095212863,11315
1784095224256,1784095212863,11393
1784095224256,1784095212863,11393
1784095224256,1784095212863,11393
1784095224256,1784095212863,11393
1784095224256,1784095212863,11393
1784095224256,1784095212863,11393
1784095224256,1784095212863,11393
1784095224256,1784095212863,11393
1784095224256,1784095212863,11393
1784095224256,1784095212863,11393
1784095224342,1784095212863,11479
1784095224342,1784095212863,11479
1784095224342,1784095212863,11479
1784095224342,1784095212863,11479
1784095224342,1784095212863,11479
1784095224342,1784095212863,11479
1784095224342,1784095212863,11479
1784095224342,1784095212863,11479
1784095224342,1784095212863,11479
1784095224342,1784095212863,11479
1784095224423,1784095212863,11560
1784095224423,1784095212863,11560
1784095224423,1784095212863,11560
1784095224423,1784095212863,11560
1784095224423,1784095212863,11560
1784095224423,1784095212863,11560
1784095224423,1784095212863,11560
1784095224423,1784095212863,11560
1784095224423,1784095212863,11560
1784095224423,1784095212863,11560
1784095244149,1784095237892,6257
1784095244149,1784095237892,6257
1784095244149,1784095237892,6257
1784095244149,1784095237892,6257
1784095244149,1784095237892,6257
1784095244149,1784095237892,6257
1784095244149,1784095237892,6257
1784095244149,1784095237892,6257
1784095244149,1784095237892,6257
1784095244149,1784095237892,6257
1784095244239,1784095237892,6347
1784095244239,1784095237892,6347
1784095244239,1784095237892,6347
1784095244239,1784095237892,6347
1784095244239,1784095237892,6347
1784095244239,1784095237892,6347
1784095244239,1784095237892,6347
1784095244239,1784095237892,6347
1784095244239,1784095237892,6347
1784095244239,1784095237892,6347
1784095244300,1784095237892,6408
1784095244300,1784095237892,6408
1784095244300,1784095237892,6408
1784095244300,1784095237892,6408
1784095244300,1784095237892,6408
1784095244300,1784095237892,6408
1784095244300,1784095237892,6408
1784095244300,1784095237892,6408
1784095244300,1784095237892,6408
1784095244300,1784095237892,6408
1784095244358,1784095237892,6466
1784095244358,1784095237892,6466
1784095244358,1784095237892,6466
1784095244358,1784095237892,6466
1784095244358,1784095237892,6466
1784095244358,1784095237892,6466
1784095244358,1784095237892,6466
1784095244358,1784095237892,6466
1784095244358,1784095237892,6466
1784095244358,1784095237892,6466
1784095244420,1784095237892,6528
1784095244420,1784095237892,6528
1784095244420,1784095237892,6528
1784095244420,1784095237892,6528
1784095244420,1784095237892,6528
1784095244420,1784095237892,6528
1784095244420,1784095237892,6528
1784095244420,1784095237892,6528
1784095244420,1784095237892,6528
1784095244420,1784095237892,6528
1784095244480,1784095237892,6588
1784095244480,1784095237892,6588
1784095244480,1784095237892,6588
1784095244480,1784095237892,6588
1784095244480,1784095237892,6588
1784095244480,1784095237892,6588
1784095244480,1784095237892,6588
1784095244480,1784095237892,6588
1784095244480,1784095237892,6588
1784095244480,1784095237892,6588
1784095244540,1784095237892,6648
1784095244540,1784095237892,6648
1784095244540,1784095237892,6648
1784095244540,1784095237892,6648
1784095244540,1784095237892,6648
1784095244540,1784095237892,6648
1784095244540,1784095237892,6648
1784095244540,1784095237892,6648
1784095244540,1784095237892,6648
1784095244540,1784095237892,6648
1784095244599,1784095237892,6707
1784095244599,1784095237892,6707
1784095244599,1784095237892,6707
1784095244599,1784095237892,6707
1784095244599,1784095237892,6707
1784095244599,1784095237892,6707
1784095244599,1784095237892,6707
1784095244599,1784095237892,6707
1784095244599,1784095237892,6707
1784095244599,1784095237892,6707
1784095244660,1784095237892,6768
1784095244660,1784095237892,6768
1784095244660,1784095237892,6768
1784095244660,1784095237892,6768
1784095244660,1784095237892,6768
1784095244660,1784095237892,6768
1784095244660,1784095237892,6768
1784095244660,1784095237892,6768
1784095244660,1784095237892,6768
1784095244660,1784095237892,6768
1784095244718,1784095237892,6826
1784095244718,1784095237892,6826
1784095244718,1784095237892,6826
1784095244718,1784095237892,6826
1784095244718,1784095237892,6826
1784095244718,1784095237892,6826
1784095244718,1784095237892,6826
1784095244718,1784095237892,6826
1784095244718,1784095237892,6826
1784095244718,1784095237892,6826
1784095244779,1784095237892,6887
1784095244779,1784095237892,6887
1784095244779,1784095237892,6887
1784095244779,1784095237892,6887
1784095244779,1784095237892,6887
1784095244779,1784095237892,6887
1784095244779,1784095237892,6887
1784095244779,1784095237892,6887
1784095244779,1784095237892,6887
1784095244779,1784095237892,6887
1784095244840,1784095237892,6948
1784095244840,1784095237892,6948
1784095244840,1784095237892,6948
1784095244840,1784095237892,6948
1784095244840,1784095237892,6948
1784095244840,1784095237892,6948
1784095244840,1784095237892,6948
1784095244840,1784095237892,6948
1784095244840,1784095237892,6948
1784095244840,1784095237892,6948
1784095244896,1784095237892,7004
1784095244896,1784095237892,7004
1784095244896,1784095237892,7004
1784095244896,1784095237892,7004
1784095244896,1784095237892,7004
1784095244896,1784095237892,7004
1784095244896,1784095237892,7004
1784095244896,1784095237892,7004
1784095244896,1784095237892,7004
1784095244896,1784095237892,7004
1784095244957,1784095237892,7065
1784095244957,1784095237892,7065
1784095244957,1784095237892,7065
1784095244957,1784095237892,7065
1784095244957,1784095237892,7065
1784095244957,1784095237892,7065
1784095244957,1784095237892,7065
1784095244957,1784095237892,7065
1784095244957,1784095237892,7065
1784095244957,1784095237892,7065
1784095245014,1784095237892,7122
1784095245014,1784095237892,7122
1784095245014,1784095237892,7122
1784095245014,1784095237892,7122
1784095245014,1784095237892,7122
1784095245014,1784095237892,7122
1784095245014,1784095237892,7122
1784095245014,1784095237892,7122
1784095245014,1784095237892,7122
1784095245014,1784095237892,7122
1784095245072,1784095237892,7180
1784095245072,1784095237892,7180
1784095245072,1784095237892,7180
1784095245072,1784095237892,7180
1784095245072,1784095237892,7180
1784095245072,1784095237892,7180
1784095245072,1784095237892,7180
1784095245072,1784095237892,7180
1784095245072,1784095237892,7180
1784095245072,1784095237892,7180
1784095245131,1784095237892,7239
1784095245131,1784095237892,7239
1784095245131,1784095237892,7239
1784095245131,1784095237892,7239
1784095245131,1784095237892,7239
1784095245131,1784095237892,7239
1784095245131,1784095237892,7239
1784095245131,1784095237892,7239
1784095245131,1784095237892,7239
1784095245131,1784095237892,7239
1784095245196,1784095237892,7304
1784095245196,1784095237892,7304
1784095245196,1784095237892,7304
1784095245196,1784095237892,7304
1784095245196,1784095237892,7304
1784095245196,1784095237892,7304
1784095245196,1784095237892,7304
1784095245196,1784095237892,7304
1784095245196,1784095237892,7304
1784095245196,1784095237892,7304
1784095245259,1784095237892,7367
1784095245259,1784095237892,7367
1784095245259,1784095237892,7367
1784095245259,1784095237892,7367
1784095245259,1784095237892,7367
1784095245259,1784095237892,7367
1784095245259,1784095237892,7367
1784095245259,1784095237892,7367
1784095245259,1784095237892,7367
1784095245259,1784095237892,7367
1784095245321,1784095237892,7429
1784095245321,1784095237892,7429
1784095245321,1784095237892,7429
1784095245321,1784095237892,7429
1784095245321,1784095237892,7429
1784095245321,1784095237892,7429
1784095245321,1784095237892,7429
1784095245321,1784095237892,7429
1784095245321,1784095237892,7429
1784095245321,1784095237892,7429
1784095245402,1784095237892,7510
1784095245402,1784095237892,7510
1784095245402,1784095237892,7510
1784095245402,1784095237892,7510
1784095245402,1784095237892,7510
1784095245402,1784095237892,7510
1784095245402,1784095237892,7510
1784095245402,1784095237892,7510
1784095245402,1784095237892,7510
1784095245402,1784095237892,7510
1784095245501,1784095237892,7609
1784095245501,1784095237892,7609
1784095245501,1784095237892,7609
1784095245501,1784095237892,7609
1784095245501,1784095237892,7609
1784095245501,1784095237892,7609
1784095245501,1784095237892,7609
1784095245501,1784095237892,7609
1784095245501,1784095237892,7609
1784095245501,1784095237892,7609
1784095245584,1784095237892,7692
1784095245584,1784095237892,7692
1784095245584,1784095237892,7692
1784095245584,1784095237892,7692
1784095245584,1784095237892,7692
1784095245584,1784095237892,7692
1784095245584,1784095237892,7692
1784095245584,1784095237892,7692
1784095245584,1784095237892,7692
1784095245584,1784095237892,7692
1784095245659,1784095237892,7767
1784095245659,1784095237892,7767
1784095245659,1784095237892,7767
1784095245659,1784095237892,7767
1784095245659,1784095237892,7767
1784095245659,1784095237892,7767
1784095245659,1784095237892,7767
1784095245659,1784095237892,7767
1784095245659,1784095237892,7767
1784095245659,1784095237892,7767
1784095245762,1784095237892,7870
1784095245762,1784095237892,7870
1784095245762,1784095237892,7870
1784095245762,1784095237892,7870
1784095245762,1784095237892,7870
1784095245762,1784095237892,7870
1784095245762,1784095237892,7870
1784095245762,1784095237892,7870
1784095245762,1784095237892,7870
1784095245762,1784095237892,7870
1784095245879,1784095237892,7987
1784095245879,1784095237892,7987
1784095245879,1784095237892,7987
1784095245879,1784095237892,7987
1784095245879,1784095237892,7987
1784095245879,1784095237892,7987
1784095245879,1784095237892,7987
1784095245879,1784095237892,7987
1784095245879,1784095237892,7987
1784095245879,1784095237892,7987
1784095245973,1784095237892,8081
1784095245973,1784095237892,8081
1784095245973,1784095237892,8081
1784095245973,1784095237892,8081
1784095245973,1784095237892,8081
1784095245973,1784095237892,8081
1784095245973,1784095237892,8081
1784095245973,1784095237892,8081
1784095245973,1784095237892,8081
1784095245973,1784095237892,8081
1784095246054,1784095237892,8162
1784095246054,1784095237892,8162
1784095246054,1784095237892,8162
1784095246054,1784095237892,8162
1784095246054,1784095237892,8162
1784095246054,1784095237892,8162
1784095246054,1784095237892,8162
1784095246054,1784095237892,8162
1784095246054,1784095237892,8162
1784095246054,1784095237892,8162
1784095246151,1784095237892,8259
1784095246151,1784095237892,8259
1784095246151,1784095237892,8259
1784095246151,1784095237892,8259
1784095246151,1784095237892,8259
1784095246151,1784095237892,8259
1784095246151,1784095237892,8259
1784095246151,1784095237892,8259
1784095246151,1784095237892,8259
1784095246151,1784095237892,8259
1784095246256,1784095237892,8364
1784095246256,1784095237892,8364
1784095246256,1784095237892,8364
1784095246256,1784095237892,8364
1784095246256,1784095237892,8364
1784095246256,1784095237892,8364
1784095246256,1784095237892,8364
1784095246256,1784095237892,8364
1784095246256,1784095237892,8364
1784095246256,1784095237892,8364
1784095246359,1784095237892,8467
1784095246359,1784095237892,8467
1784095246359,1784095237892,8467
1784095246359,1784095237892,8467
1784095246359,1784095237892,8467
1784095246359,1784095237892,8467
1784095246359,1784095237892,8467
1784095246359,1784095237892,8467
1784095246359,1784095237892,8467
1784095246359,1784095237892,8467
1784095246464,1784095237892,8572
1784095246464,1784095237892,8572
1784095246464,1784095237892,8572
1784095246464,1784095237892,8572
1784095246464,1784095237892,8572
1784095246464,1784095237892,8572
1784095246464,1784095237892,8572
1784095246464,1784095237892,8572
1784095246464,1784095237892,8572
1784095246464,1784095237892,8572
1784095246552,1784095237892,8660
1784095246552,1784095237892,8660
1784095246552,1784095237892,8660
1784095246552,1784095237892,8660
1784095246552,1784095237892,8660
1784095246552,1784095237892,8660
1784095246552,1784095237892,8660
1784095246552,1784095237892,8660
1784095246552,1784095237892,8660
1784095246552,1784095237892,8660
1784095246647,1784095237892,8755
1784095246647,1784095237892,8755
1784095246647,1784095237892,8755
1784095246647,1784095237892,8755
1784095246647,1784095237892,8755
1784095246647,1784095237892,8755
1784095246647,1784095237892,8755
1784095246647,1784095237892,8755
1784095246647,1784095237892,8755
1784095246647,1784095237892,8755
1784095246749,1784095237892,8857
1784095246749,1784095237892,8857
1784095246749,1784095237892,8857
1784095246749,1784095237892,8857
1784095246749,1784095237892,8857
1784095246749,1784095237892,8857
1784095246749,1784095237892,8857
1784095246749,1784095237892,8857
1784095246749,1784095237892,8857
1784095246749,1784095237892,8857
1784095246849,1784095237892,8957
1784095246849,1784095237892,8957
1784095246849,1784095237892,8957
1784095246849,1784095237892,8957
1784095246849,1784095237892,8957
1784095246849,1784095237892,8957
1784095246849,1784095237892,8957
1784095246849,1784095237892,8957
1784095246849,1784095237892,8957
1784095246849,1784095237892,8957
1784095246956,1784095237892,9064
1784095246956,1784095237892,9064
1784095246956,1784095237892,9064
1784095246956,1784095237892,9064
1784095246956,1784095237892,9064
1784095246956,1784095237892,9064
1784095246956,1784095237892,9064
1784095246956,1784095237892,9064
1784095246956,1784095237892,9064
1784095246956,1784095237892,9064
1784095247062,1784095237892,9170
1784095247062,1784095237892,9170
1784095247062,1784095237892,9170
1784095247062,1784095237892,9170
1784095247062,1784095237892,9170
1784095247062,1784095237892,9170
1784095247062,1784095237892,9170
1784095247062,1784095237892,9170
1784095247062,1784095237892,9170
1784095247062,1784095237892,9170
1784095247166,1784095237892,9274
1784095247166,1784095237892,9274
1784095247166,1784095237892,9274
1784095247166,1784095237892,9274
1784095247166,1784095237892,9274
1784095247166,1784095237892,9274
1784095247166,1784095237892,9274
1784095247166,1784095237892,9274
1784095247166,1784095237892,9274
1784095247166,1784095237892,9274
1784095247269,1784095237892,9377
1784095247269,1784095237892,9377
1784095247269,1784095237892,9377
1784095247269,1784095237892,9377
1784095247269,1784095237892,9377
1784095247269,1784095237892,9377
1784095247269,1784095237892,9377
1784095247269,1784095237892,9377
1784095247269,1784095237892,9377
1784095247269,1784095237892,9377
1784095247365,1784095237892,9473
1784095247365,1784095237892,9473
1784095247365,1784095237892,9473
1784095247365,1784095237892,9473
1784095247365,1784095237892,9473
1784095247365,1784095237892,9473
1784095247365,1784095237892,9473
1784095247365,1784095237892,9473
1784095247365,1784095237892,9473
1784095247365,1784095237892,9473
1784095247466,1784095237892,9574
1784095247466,1784095237892,9574
1784095247466,1784095237892,9574
1784095247466,1784095237892,9574
1784095247466,1784095237892,9574
1784095247466,1784095237892,9574
1784095247466,1784095237892,9574
1784095247466,1784095237892,9574
1784095247466,1784095237892,9574
1784095247466,1784095237892,9574
1784095247584,1784095237892,9692
1784095247584,1784095237892,9692
1784095247584,1784095237892,9692
1784095247584,1784095237892,9692
1784095247584,1784095237892,9692
1784095247584,1784095237892,9692
1784095247584,1784095237892,9692
1784095247584,1784095237892,9692
1784095247584,1784095237892,9692
1784095247584,1784095237892,9692
1784095247690,1784095237892,9798
1784095247690,1784095237892,9798
1784095247690,1784095237892,9798
1784095247690,1784095237892,9798
1784095247690,1784095237892,9798
1784095247690,1784095237892,9798
1784095247690,1784095237892,9798
1784095247690,1784095237892,9798
1784095247690,1784095237892,9798
1784095247690,1784095237892,9798
1784095247812,1784095237892,9920
1784095247812,1784095237892,9920
1784095247812,1784095237892,9920
1784095247812,1784095237892,9920
1784095247812,1784095237892,9920
1784095247812,1784095237892,9920
1784095247812,1784095237892,9920
1784095247812,1784095237892,9920
1784095247812,1784095237892,9920
1784095247812,1784095237892,9920
1784095247915,1784095237892,10023
1784095247915,1784095237892,10023
1784095247915,1784095237892,10023
1784095247915,1784095237892,10023
1784095247915,1784095237892,10023
1784095247915,1784095237892,10023
1784095247915,1784095237892,10023
1784095247915,1784095237892,10023
1784095247915,1784095237892,10023
1784095247915,1784095237892,10023
1784095248029,1784095237892,10137
1784095248029,1784095237892,10137
1784095248029,1784095237892,10137
1784095248029,1784095237892,10137
1784095248029,1784095237892,10137
1784095248029,1784095237892,10137
1784095248029,1784095237892,10137
1784095248029,1784095237892,10137
1784095248029,1784095237892,10137
1784095248029,1784095237892,10137
1784095248138,1784095237892,10246
1784095248138,1784095237892,10246
1784095248138,1784095237892,10246
1784095248138,1784095237892,10246
1784095248138,1784095237892,10246
1784095248138,1784095237892,10246
1784095248138,1784095237892,10246
1784095248138,1784095237892,10246
1784095248138,1784095237892,10246
1784095248138,1784095237892,10246
1784095248211,1784095237892,10319
1784095248211,1784095237892,10319
1784095248211,1784095237892,10319
1784095248211,1784095237892,10319
1784095248211,1784095237892,10319
1784095248211,1784095237892,10319
1784095248211,1784095237892,10319
1784095248211,1784095237892,10319
1784095248211,1784095237892,10319
1784095248211,1784095237892,10319
1784095248277,1784095237892,10385
1784095248277,1784095237892,10385
1784095248277,1784095237892,10385
1784095248277,1784095237892,10385
1784095248277,1784095237892,10385
1784095248277,1784095237892,10385
1784095248277,1784095237892,10385
1784095248277,1784095237892,10385
1784095248277,1784095237892,10385
1784095248277,1784095237892,10385
1784095274357,1784095268517,5840
1784095274357,1784095268517,5840
1784095274357,1784095268517,5840
1784095274357,1784095268517,5840
1784095274357,1784095268517,5840
1784095274357,1784095268517,5840
1784095274357,1784095268517,5840
1784095274357,1784095268517,5840
1784095274357,1784095268517,5840
1784095274357,1784095268517,5840
1784095274505,1784095268517,5988
1784095274505,1784095268517,5988
1784095274505,1784095268517,5988
1784095274505,1784095268517,5988
1784095274505,1784095268517,5988
1784095274505,1784095268517,5988
1784095274505,1784095268517,5988
1784095274505,1784095268517,5988
1784095274505,1784095268517,5988
1784095274505,1784095268517,5988
1784095274618,1784095268517,6101
1784095274618,1784095268517,6101
1784095274618,1784095268517,6101
1784095274618,1784095268517,6101
1784095274618,1784095268517,6101
1784095274618,1784095268517,6101
1784095274618,1784095268517,6101
1784095274618,1784095268517,6101
1784095274618,1784095268517,6101
1784095274618,1784095268517,6101
1784095274731,1784095268517,6214
1784095274731,1784095268517,6214
1784095274731,1784095268517,6214
1784095274731,1784095268517,6214
1784095274731,1784095268517,6214
1784095274731,1784095268517,6214
1784095274731,1784095268517,6214
1784095274731,1784095268517,6214
1784095274731,1784095268517,6214
1784095274731,1784095268517,6214
1784095274848,1784095268517,6331
1784095274848,1784095268517,6331
1784095274848,1784095268517,6331
1784095274848,1784095268517,6331
1784095274848,1784095268517,6331
1784095274848,1784095268517,6331
1784095274848,1784095268517,6331
1784095274848,1784095268517,6331
1784095274848,1784095268517,6331
1784095274848,1784095268517,6331
1784095274964,1784095268517,6447
1784095274964,1784095268517,6447
1784095274964,1784095268517,6447
1784095274964,1784095268517,6447
1784095274964,1784095268517,6447
1784095274964,1784095268517,6447
1784095274964,1784095268517,6447
1784095274964,1784095268517,6447
1784095274964,1784095268517,6447
1784095274964,1784095268517,6447
1784095275084,1784095268517,6567
1784095275084,1784095268517,6567
1784095275084,1784095268517,6567
1784095275084,1784095268517,6567
1784095275084,1784095268517,6567
1784095275084,1784095268517,6567
1784095275084,1784095268517,6567
1784095275084,1784095268517,6567
1784095275084,1784095268517,6567
1784095275084,1784095268517,6567
1784095275203,1784095268517,6686
1784095275203,1784095268517,6686
1784095275203,1784095268517,6686
1784095275203,1784095268517,6686
1784095275203,1784095268517,6686
1784095275203,1784095268517,6686
1784095275203,1784095268517,6686
1784095275203,1784095268517,6686
1784095275203,1784095268517,6686
1784095275203,1784095268517,6686
1784095275317,1784095268517,6800
1784095275317,1784095268517,6800
1784095275317,1784095268517,6800
1784095275317,1784095268517,6800
1784095275317,1784095268517,6800
1784095275317,1784095268517,6800
1784095275317,1784095268517,6800
1784095275317,1784095268517,6800
1784095275317,1784095268517,6800
1784095275317,1784095268517,6800
1784095275432,1784095268517,6915
1784095275432,1784095268517,6915
1784095275432,1784095268517,6915
1784095275432,1784095268517,6915
1784095275432,1784095268517,6915
1784095275432,1784095268517,6915
1784095275432,1784095268517,6915
1784095275432,1784095268517,6915
1784095275432,1784095268517,6915
1784095275432,1784095268517,6915
1784095275543,1784095268517,7026
1784095275543,1784095268517,7026
1784095275543,1784095268517,7026
1784095275543,1784095268517,7026
1784095275543,1784095268517,7026
1784095275543,1784095268517,7026
1784095275543,1784095268517,7026
1784095275543,1784095268517,7026
1784095275543,1784095268517,7026
1784095275543,1784095268517,7026
1784095275637,1784095268517,7120
1784095275637,1784095268517,7120
1784095275637,1784095268517,7120
1784095275637,1784095268517,7120
1784095275637,1784095268517,7120
1784095275637,1784095268517,7120
1784095275637,1784095268517,7120
1784095275637,1784095268517,7120
1784095275637,1784095268517,7120
1784095275637,1784095268517,7120
1784095275734,1784095268517,7217
1784095275734,1784095268517,7217
1784095275734,1784095268517,7217
1784095275734,1784095268517,7217
1784095275734,1784095268517,7217
1784095275734,1784095268517,7217
1784095275734,1784095268517,7217
1784095275734,1784095268517,7217
1784095275734,1784095268517,7217
1784095275734,1784095268517,7217
1784095275841,1784095268517,7324
1784095275841,1784095268517,7324
1784095275841,1784095268517,7324
1784095275841,1784095268517,7324
1784095275841,1784095268517,7324
1784095275841,1784095268517,7324
1784095275841,1784095268517,7324
1784095275841,1784095268517,7324
1784095275841,1784095268517,7324
1784095275841,1784095268517,7324
1784095275940,1784095268517,7423
1784095275940,1784095268517,7423
1784095275940,1784095268517,7423
1784095275940,1784095268517,7423
1784095275940,1784095268517,7423
1784095275940,1784095268517,7423
1784095275940,1784095268517,7423
1784095275940,1784095268517,7423
1784095275940,1784095268517,7423
1784095275940,1784095268517,7423
1784095276044,1784095268517,7527
1784095276044,1784095268517,7527
1784095276044,1784095268517,7527
1784095276044,1784095268517,7527
1784095276044,1784095268517,7527
1784095276044,1784095268517,7527
1784095276044,1784095268517,7527
1784095276044,1784095268517,7527
1784095276044,1784095268517,7527
1784095276044,1784095268517,7527
1784095276156,1784095268517,7639
1784095276156,1784095268517,7639
1784095276156,1784095268517,7639
1784095276156,1784095268517,7639
1784095276156,1784095268517,7639
1784095276156,1784095268517,7639
1784095276156,1784095268517,7639
1784095276156,1784095268517,7639
1784095276156,1784095268517,7639
1784095276156,1784095268517,7639
1784095276253,1784095268517,7736
1784095276253,1784095268517,7736
1784095276253,1784095268517,7736
1784095276253,1784095268517,7736
1784095276253,1784095268517,7736
1784095276253,1784095268517,7736
1784095276253,1784095268517,7736
1784095276253,1784095268517,7736
1784095276253,1784095268517,7736
1784095276253,1784095268517,7736
1784095276370,1784095268517,7853
1784095276370,1784095268517,7853
1784095276370,1784095268517,7853
1784095276370,1784095268517,7853
1784095276370,1784095268517,7853
1784095276370,1784095268517,7853
1784095276370,1784095268517,7853
1784095276370,1784095268517,7853
1784095276370,1784095268517,7853
1784095276370,1784095268517,7853
1784095276494,1784095268517,7977
1784095276494,1784095268517,7977
1784095276494,1784095268517,7977
1784095276494,1784095268517,7977
1784095276494,1784095268517,7977
1784095276494,1784095268517,7977
1784095276494,1784095268517,7977
1784095276494,1784095268517,7977
1784095276494,1784095268517,7977
1784095276494,1784095268517,7977
1784095276609,1784095268517,8092
1784095276609,1784095268517,8092
1784095276609,1784095268517,8092
1784095276609,1784095268517,8092
1784095276609,1784095268517,8092
1784095276609,1784095268517,8092
1784095276609,1784095268517,8092
1784095276609,1784095268517,8092
1784095276609,1784095268517,8092
1784095276609,1784095268517,8092
1784095276726,1784095268517,8209
1784095276726,1784095268517,8209
1784095276726,1784095268517,8209
1784095276726,1784095268517,8209
1784095276726,1784095268517,8209
1784095276726,1784095268517,8209
1784095276726,1784095268517,8209
1784095276726,1784095268517,8209
1784095276726,1784095268517,8209
1784095276726,1784095268517,8209
1784095276833,1784095268517,8316
1784095276833,1784095268517,8316
1784095276833,1784095268517,8316
1784095276833,1784095268517,8316
1784095276833,1784095268517,8316
1784095276833,1784095268517,8316
1784095276833,1784095268517,8316
1784095276833,1784095268517,8316
1784095276833,1784095268517,8316
1784095276833,1784095268517,8316
1784095276937,1784095268517,8420
1784095276937,1784095268517,8420
1784095276937,1784095268517,8420
1784095276937,1784095268517,8420
1784095276937,1784095268517,8420
1784095276937,1784095268517,8420
1784095276937,1784095268517,8420
1784095276937,1784095268517,8420
1784095276937,1784095268517,8420
1784095276937,1784095268517,8420
1784095277056,1784095268517,8539
1784095277056,1784095268517,8539
1784095277056,1784095268517,8539
1784095277056,1784095268517,8539
1784095277056,1784095268517,8539
1784095277056,1784095268517,8539
1784095277056,1784095268517,8539
1784095277056,1784095268517,8539
1784095277056,1784095268517,8539
1784095277056,1784095268517,8539
1784095277185,1784095268517,8668
1784095277185,1784095268517,8668
1784095277185,1784095268517,8668
1784095277185,1784095268517,8668
1784095277185,1784095268517,8668
1784095277185,1784095268517,8668
1784095277185,1784095268517,8668
1784095277185,1784095268517,8668
1784095277185,1784095268517,8668
1784095277185,1784095268517,8668
1784095277313,1784095268517,8796
1784095277313,1784095268517,8796
1784095277313,1784095268517,8796
1784095277313,1784095268517,8796
1784095277313,1784095268517,8796
1784095277313,1784095268517,8796
1784095277313,1784095268517,8796
1784095277313,1784095268517,8796
1784095277313,1784095268517,8796
1784095277313,1784095268517,8796
1784095277432,1784095268517,8915
1784095277432,1784095268517,8915
1784095277432,1784095268517,8915
1784095277432,1784095268517,8915
1784095277432,1784095268517,8915
1784095277432,1784095268517,8915
1784095277432,1784095268517,8915
1784095277432,1784095268517,8915
1784095277432,1784095268517,8915
1784095277432,1784095268517,8915
1784095277553,1784095268517,9036
1784095277553,1784095268517,9036
1784095277553,1784095268517,9036
1784095277553,1784095268517,9036
1784095277553,1784095268517,9036
1784095277553,1784095268517,9036
1784095277553,1784095268517,9036
1784095277553,1784095268517,9036
1784095277553,1784095268517,9036
1784095277553,1784095268517,9036
1784095277673,1784095268517,9156
1784095277673,1784095268517,9156
1784095277673,1784095268517,9156
1784095277673,1784095268517,9156
1784095277673,1784095268517,9156
1784095277673,1784095268517,9156
1784095277673,1784095268517,9156
1784095277673,1784095268517,9156
1784095277673,1784095268517,9156
1784095277673,1784095268517,9156
1784095277794,1784095268517,9277
1784095277794,1784095268517,9277
1784095277794,1784095268517,9277
1784095277794,1784095268517,9277
1784095277794,1784095268517,9277
1784095277794,1784095268517,9277
1784095277794,1784095268517,9277
1784095277794,1784095268517,9277
1784095277794,1784095268517,9277
1784095277794,1784095268517,9277
1784095277918,1784095268517,9401
1784095277918,1784095268517,9401
1784095277918,1784095268517,9401
1784095277918,1784095268517,9401
1784095277918,1784095268517,9401
1784095277918,1784095268517,9401
1784095277918,1784095268517,9401
1784095277918,1784095268517,9401
1784095277918,1784095268517,9401
1784095277918,1784095268517,9401
1784095278041,1784095268517,9524
1784095278041,1784095268517,9524
1784095278041,1784095268517,9524
1784095278041,1784095268517,9524
1784095278041,1784095268517,9524
1784095278041,1784095268517,9524
1784095278041,1784095268517,9524
1784095278041,1784095268517,9524
1784095278041,1784095268517,9524
1784095278041,1784095268517,9524
1784095278158,1784095268517,9641
1784095278158,1784095268517,9641
1784095278158,1784095268517,9641
1784095278158,1784095268517,9641
1784095278158,1784095268517,9641
1784095278158,1784095268517,9641
1784095278158,1784095268517,9641
1784095278158,1784095268517,9641
1784095278158,1784095268517,9641
1784095278158,1784095268517,9641
1784095278273,1784095268517,9756
1784095278273,1784095268517,9756
1784095278273,1784095268517,9756
1784095278273,1784095268517,9756
1784095278273,1784095268517,9756
1784095278273,1784095268517,9756
1784095278273,1784095268517,9756
1784095278273,1784095268517,9756
1784095278273,1784095268517,9756
1784095278273,1784095268517,9756
1784095278382,1784095268517,9865
1784095278382,1784095268517,9865
1784095278382,1784095268517,9865
1784095278382,1784095268517,9865
1784095278382,1784095268517,9865
1784095278382,1784095268517,9865
1784095278382,1784095268517,9865
1784095278382,1784095268517,9865
1784095278382,1784095268517,9865
1784095278382,1784095268517,9865
1784095278506,1784095268517,9989
1784095278506,1784095268517,9989
1784095278506,1784095268517,9989
1784095278506,1784095268517,9989
1784095278506,1784095268517,9989
1784095278506,1784095268517,9989
1784095278506,1784095268517,9989
1784095278506,1784095268517,9989
1784095278506,1784095268517,9989
1784095278506,1784095268517,9989
1784095278622,1784095268517,10105
1784095278622,1784095268517,10105
1784095278622,1784095268517,10105
1784095278622,1784095268517,10105
1784095278622,1784095268517,10105
1784095278622,1784095268517,10105
1784095278622,1784095268517,10105
1784095278622,1784095268517,10105
1784095278622,1784095268517,10105
1784095278622,1784095268517,10105
1784095278746,1784095268517,10229
1784095278746,1784095268517,10229
1784095278746,1784095268517,10229
1784095278746,1784095268517,10229
1784095278746,1784095268517,10229
1784095278746,1784095268517,10229
1784095278746,1784095268517,10229
1784095278746,1784095268517,10229
1784095278746,1784095268517,10229
1784095278746,1784095268517,10229
1784095278862,1784095268517,10345
1784095278862,1784095268517,10345
1784095278862,1784095268517,10345
1784095278862,1784095268517,10345
1784095278862,1784095268517,10345
1784095278862,1784095268517,10345
1784095278862,1784095268517,10345
1784095278862,1784095268517,10345
1784095278862,1784095268517,10345
1784095278862,1784095268517,10345
1784095278964,1784095268517,10447
1784095278964,1784095268517,10447
1784095278964,1784095268517,10447
1784095278964,1784095268517,10447
1784095278964,1784095268517,10447
1784095278964,1784095268517,10447
1784095278964,1784095268517,10447
1784095278964,1784095268517,10447
1784095278964,1784095268517,10447
1784095278964,1784095268517,10447
1784095279079,1784095268517,10562
1784095279079,1784095268517,10562
1784095279079,1784095268517,10562
1784095279079,1784095268517,10562
1784095279079,1784095268517,10562
1784095279079,1784095268517,10562
1784095279079,1784095268517,10562
1784095279079,1784095268517,10562
1784095279079,1784095268517,10562
1784095279079,1784095268517,10562
1784095279188,1784095268517,10671
1784095279188,1784095268517,10671
1784095279188,1784095268517,10671
1784095279188,1784095268517,10671
1784095279188,1784095268517,10671
1784095279188,1784095268517,10671
1784095279188,1784095268517,10671
1784095279188,1784095268517,10671
1784095279188,1784095268517,10671
1784095279188,1784095268517,10671
1784095279299,1784095268517,10782
1784095279299,1784095268517,10782
1784095279299,1784095268517,10782
1784095279299,1784095268517,10782
1784095279299,1784095268517,10782
1784095279299,1784095268517,10782
1784095279299,1784095268517,10782
1784095279299,1784095268517,10782
1784095279299,1784095268517,10782
1784095279299,1784095268517,10782
1784095279410,1784095268517,10893
1784095279410,1784095268517,10893
1784095279410,1784095268517,10893
1784095279410,1784095268517,10893
1784095279410,1784095268517,10893
1784095279410,1784095268517,10893
1784095279410,1784095268517,10893
1784095279410,1784095268517,10893
1784095279410,1784095268517,10893
1784095279410,1784095268517,10893
1784095279527,1784095268517,11010
1784095279527,1784095268517,11010
1784095279527,1784095268517,11010
1784095279527,1784095268517,11010
1784095279527,1784095268517,11010
1784095279527,1784095268517,11010
1784095279527,1784095268517,11010
1784095279527,1784095268517,11010
1784095279527,1784095268517,11010
1784095279527,1784095268517,11010
1784095279643,1784095268517,11126
1784095279643,1784095268517,11126
1784095279643,1784095268517,11126
1784095279643,1784095268517,11126
1784095279643,1784095268517,11126
1784095279643,1784095268517,11126
1784095279643,1784095268517,11126
1784095279643,1784095268517,11126
1784095279643,1784095268517,11126
1784095279643,1784095268517,11126
1784095279758,1784095268517,11241
1784095279758,1784095268517,11241
1784095279758,1784095268517,11241
1784095279758,1784095268517,11241
1784095279758,1784095268517,11241
1784095279758,1784095268517,11241
1784095279758,1784095268517,11241
1784095279758,1784095268517,11241
1784095279758,1784095268517,11241
1784095279758,1784095268517,11241
1784095279886,1784095268517,11369
1784095279886,1784095268517,11369
1784095279886,1784095268517,11369
1784095279886,1784095268517,11369
1784095279886,1784095268517,11369
1784095279886,1784095268517,11369
1784095279886,1784095268517,11369
1784095279886,1784095268517,11369
1784095279886,1784095268517,11369
1784095279886,1784095268517,11369
1784095279997,1784095268517,11480
1784095279997,1784095268517,11480
1784095279997,1784095268517,11480
1784095279997,1784095268517,11480
1784095279997,1784095268517,11480
1784095279997,1784095268517,11480
1784095279997,1784095268517,11480
1784095279997,1784095268517,11480
1784095279997,1784095268517,11480
1784095279997,1784095268517,11480
1784095291924,1784095286340,5584
1784095291924,1784095286340,5584
1784095291924,1784095286340,5584
1784095291924,1784095286340,5584
1784095291924,1784095286340,5584
1784095291924,1784095286340,5584
1784095291924,1784095286340,5584
1784095291924,1784095286340,5584
1784095291924,1784095286340,5584
1784095291924,1784095286340,5584
1784095292028,1784095286340,5688
1784095292028,1784095286340,5688
1784095292028,1784095286340,5688
1784095292028,1784095286340,5688
1784095292028,1784095286340,5688
1784095292028,1784095286340,5688
1784095292028,1784095286340,5688
1784095292028,1784095286340,5688
1784095292028,1784095286340,5688
1784095292028,1784095286340,5688
1784095292124,1784095286340,5784
1784095292124,1784095286340,5784
1784095292124,1784095286340,5784
1784095292124,1784095286340,5784
1784095292124,1784095286340,5784
1784095292124,1784095286340,5784
1784095292124,1784095286340,5784
1784095292124,1784095286340,5784
1784095292124,1784095286340,5784
1784095292124,1784095286340,5784
1784095292226,1784095286340,5886
1784095292226,1784095286340,5886
1784095292226,1784095286340,5886
1784095292226,1784095286340,5886
1784095292226,1784095286340,5886
1784095292226,1784095286340,5886
1784095292226,1784095286340,5886
1784095292226,1784095286340,5886
1784095292226,1784095286340,5886
1784095292226,1784095286340,5886
1784095292329,1784095286340,5989
1784095292329,1784095286340,5989
1784095292329,1784095286340,5989
1784095292329,1784095286340,5989
1784095292329,1784095286340,5989
1784095292329,1784095286340,5989
1784095292329,1784095286340,5989
1784095292329,1784095286340,5989
1784095292329,1784095286340,5989
1784095292329,1784095286340,5989
1784095292428,1784095286340,6088
1784095292428,1784095286340,6088
1784095292428,1784095286340,6088
1784095292428,1784095286340,6088
1784095292428,1784095286340,6088
1784095292428,1784095286340,6088
1784095292428,1784095286340,6088
1784095292428,1784095286340,6088
1784095292428,1784095286340,6088
1784095292428,1784095286340,6088
1784095292581,1784095286340,6241
1784095292581,1784095286340,6241
1784095292581,1784095286340,6241
1784095292581,1784095286340,6241
1784095292581,1784095286340,6241
1784095292581,1784095286340,6241
1784095292581,1784095286340,6241
1784095292581,1784095286340,6241
1784095292581,1784095286340,6241
1784095292581,1784095286340,6241
1784095292686,1784095286340,6346
1784095292686,1784095286340,6346
1784095292686,1784095286340,6346
1784095292686,1784095286340,6346
1784095292686,1784095286340,6346
1784095292686,1784095286340,6346
1784095292686,1784095286340,6346
1784095292686,1784095286340,6346
1784095292686,1784095286340,6346
1784095292686,1784095286340,6346
1784095292777,1784095286340,6437
1784095292777,1784095286340,6437
1784095292777,1784095286340,6437
1784095292777,1784095286340,6437
1784095292777,1784095286340,6437
1784095292777,1784095286340,6437
1784095292777,1784095286340,6437
1784095292777,1784095286340,6437
1784095292777,1784095286340,6437
1784095292777,1784095286340,6437
1784095292871,1784095286340,6531
1784095292871,1784095286340,6531
1784095292871,1784095286340,6531
1784095292871,1784095286340,6531
1784095292871,1784095286340,6531
1784095292871,1784095286340,6531
1784095292871,1784095286340,6531
1784095292871,1784095286340,6531
1784095292871,1784095286340,6531
1784095292871,1784095286340,6531
1784095292975,1784095286340,6635
1784095292975,1784095286340,6635
1784095292975,1784095286340,6635
1784095292975,1784095286340,6635
1784095292975,1784095286340,6635
1784095292975,1784095286340,6635
1784095292975,1784095286340,6635
1784095292975,1784095286340,6635
1784095292975,1784095286340,6635
1784095292975,1784095286340,6635
1784095293064,1784095286340,6724
1784095293064,1784095286340,6724
1784095293064,1784095286340,6724
1784095293064,1784095286340,6724
1784095293064,1784095286340,6724
1784095293064,1784095286340,6724
1784095293064,1784095286340,6724
1784095293064,1784095286340,6724
1784095293064,1784095286340,6724
1784095293064,1784095286340,6724
1784095293190,1784095286340,6850
1784095293190,1784095286340,6850
1784095293190,1784095286340,6850
1784095293190,1784095286340,6850
1784095293190,1784095286340,6850
1784095293190,1784095286340,6850
1784095293190,1784095286340,6850
1784095293190,1784095286340,6850
1784095293190,1784095286340,6850
1784095293190,1784095286340,6850
1784095293301,1784095286340,6961
1784095293301,1784095286340,6961
1784095293301,1784095286340,6961
1784095293301,1784095286340,6961
1784095293301,1784095286340,6961
1784095293301,1784095286340,6961
1784095293301,1784095286340,6961
1784095293301,1784095286340,6961
1784095293301,1784095286340,6961
1784095293301,1784095286340,6961
1784095293420,1784095286340,7080
1784095293420,1784095286340,7080
1784095293420,1784095286340,7080
1784095293420,1784095286340,7080
1784095293420,1784095286340,7080
1784095293420,1784095286340,7080
1784095293420,1784095286340,7080
1784095293420,1784095286340,7080
1784095293420,1784095286340,7080
1784095293420,1784095286340,7080
1784095293531,1784095286340,7191
1784095293531,1784095286340,7191
1784095293531,1784095286340,7191
1784095293531,1784095286340,7191
1784095293531,1784095286340,7191
1784095293531,1784095286340,7191
1784095293531,1784095286340,7191
1784095293531,1784095286340,7191
1784095293531,1784095286340,7191
1784095293531,1784095286340,7191
1784095293645,1784095286340,7305
1784095293645,1784095286340,7305
1784095293645,1784095286340,7305
1784095293645,1784095286340,7305
1784095293645,1784095286340,7305
1784095293645,1784095286340,7305
1784095293645,1784095286340,7305
1784095293645,1784095286340,7305
1784095293645,1784095286340,7305
1784095293645,1784095286340,7305
1784095293756,1784095286340,7416
1784095293756,1784095286340,7416
1784095293756,1784095286340,7416
1784095293756,1784095286340,7416
1784095293756,1784095286340,7416
1784095293756,1784095286340,7416
1784095293756,1784095286340,7416
1784095293756,1784095286340,7416
1784095293756,1784095286340,7416
1784095293756,1784095286340,7416
1784095293818,1784095286340,7478
1784095293818,1784095286340,7478
1784095293818,1784095286340,7478
1784095293818,1784095286340,7478
1784095293818,1784095286340,7478
1784095293818,1784095286340,7478
1784095293818,1784095286340,7478
1784095293818,1784095286340,7478
1784095293818,1784095286340,7478
1784095293818,1784095286340,7478
1784095293876,1784095286340,7536
1784095293876,1784095286340,7536
1784095293876,1784095286340,7536
1784095293876,1784095286340,7536
1784095293876,1784095286340,7536
1784095293876,1784095286340,7536
1784095293876,1784095286340,7536
1784095293876,1784095286340,7536
1784095293876,1784095286340,7536
1784095293876,1784095286340,7536
1784095293936,1784095286340,7596
1784095293936,1784095286340,7596
1784095293936,1784095286340,7596
1784095293936,1784095286340,7596
1784095293936,1784095286340,7596
1784095293936,1784095286340,7596
1784095293936,1784095286340,7596
1784095293936,1784095286340,7596
1784095293936,1784095286340,7596
1784095293936,1784095286340,7596
1784095293995,1784095286340,7655
1784095293995,1784095286340,7655
1784095293995,1784095286340,7655
1784095293995,1784095286340,7655
1784095293995,1784095286340,7655
1784095293995,1784095286340,7655
1784095293995,1784095286340,7655
1784095293995,1784095286340,7655
1784095293995,1784095286340,7655
1784095293995,1784095286340,7655
1784095294041,1784095287950,6091
1784095294041,1784095287950,6091
1784095294041,1784095287950,6091
1784095294041,1784095287950,6091
1784095294041,1784095287950,6091
1784095294041,1784095287950,6091
1784095294041,1784095287950,6091
1784095294041,1784095287950,6091
1784095294041,1784095287950,6091
1784095294041,1784095287950,6091
1784095294056,1784095286340,7716
1784095294056,1784095286340,7716
1784095294056,1784095286340,7716
1784095294056,1784095286340,7716
1784095294056,1784095286340,7716
1784095294056,1784095286340,7716
1784095294056,1784095286340,7716
1784095294056,1784095286340,7716
1784095294056,1784095286340,7716
1784095294056,1784095286340,7716
1784095294118,1784095286340,7778
1784095294118,1784095286340,7778
1784095294118,1784095286340,7778
1784095294118,1784095286340,7778
1784095294118,1784095286340,7778
1784095294118,1784095286340,7778
1784095294118,1784095286340,7778
1784095294118,1784095286340,7778
1784095294118,1784095286340,7778
1784095294118,1784095286340,7778
1784095294123,1784095287950,6173
1784095294123,1784095287950,6173
1784095294123,1784095287950,6173
1784095294123,1784095287950,6173
1784095294123,1784095287950,6173
1784095294123,1784095287950,6173
1784095294123,1784095287950,6173
1784095294123,1784095287950,6173
1784095294123,1784095287950,6173
1784095294123,1784095287950,6173
1784095294177,1784095286340,7837
1784095294177,1784095286340,7837
1784095294177,1784095286340,7837
1784095294177,1784095286340,7837
1784095294177,1784095286340,7837
1784095294177,1784095286340,7837
1784095294177,1784095286340,7837
1784095294177,1784095286340,7837
1784095294177,1784095286340,7837
1784095294177,1784095286340,7837
1784095294199,1784095287950,6249
1784095294199,1784095287950,6249
1784095294199,1784095287950,6249
1784095294199,1784095287950,6249
1784095294199,1784095287950,6249
1784095294199,1784095287950,6249
1784095294199,1784095287950,6249
1784095294199,1784095287950,6249
1784095294199,1784095287950,6249
1784095294199,1784095287950,6249
1784095294237,1784095286340,7897
1784095294237,1784095286340,7897
1784095294237,1784095286340,7897
1784095294237,1784095286340,7897
1784095294237,1784095286340,7897
1784095294237,1784095286340,7897
1784095294237,1784095286340,7897
1784095294237,1784095286340,7897
1784095294237,1784095286340,7897
1784095294237,1784095286340,7897
1784095294273,1784095287950,6323
1784095294273,1784095287950,6323
1784095294273,1784095287950,6323
1784095294273,1784095287950,6323
1784095294273,1784095287950,6323
1784095294273,1784095287950,6323
1784095294273,1784095287950,6323
1784095294273,1784095287950,6323
1784095294273,1784095287950,6323
1784095294273,1784095287950,6323
1784095294303,1784095286340,7963
1784095294303,1784095286340,7963
1784095294303,1784095286340,7963
1784095294303,1784095286340,7963
1784095294303,1784095286340,7963
1784095294303,1784095286340,7963
1784095294303,1784095286340,7963
1784095294303,1784095286340,7963
1784095294303,1784095286340,7963
1784095294303,1784095286340,7963
1784095294336,1784095287950,6386
1784095294336,1784095287950,6386
1784095294336,1784095287950,6386
1784095294336,1784095287950,6386
1784095294336,1784095287950,6386
1784095294336,1784095287950,6386
1784095294336,1784095287950,6386
1784095294336,1784095287950,6386
1784095294336,1784095287950,6386
1784095294336,1784095287950,6386
1784095294366,1784095286340,8026
1784095294366,1784095286340,8026
1784095294366,1784095286340,8026
1784095294366,1784095286340,8026
1784095294366,1784095286340,8026
1784095294366,1784095286340,8026
1784095294366,1784095286340,8026
1784095294366,1784095286340,8026
1784095294366,1784095286340,8026
1784095294366,1784095286340,8026
1784095294399,1784095287950,6449
1784095294399,1784095287950,6449
1784095294399,1784095287950,6449
1784095294399,1784095287950,6449
1784095294399,1784095287950,6449
1784095294399,1784095287950,6449
1784095294399,1784095287950,6449
1784095294399,1784095287950,6449
1784095294399,1784095287950,6449
1784095294399,1784095287950,6449
1784095294428,1784095286340,8088
1784095294428,1784095286340,8088
1784095294428,1784095286340,8088
1784095294428,1784095286340,8088
1784095294428,1784095286340,8088
1784095294428,1784095286340,8088
1784095294428,1784095286340,8088
1784095294428,1784095286340,8088
1784095294428,1784095286340,8088
1784095294428,1784095286340,8088
1784095294462,1784095287950,6512
1784095294462,1784095287950,6512
1784095294462,1784095287950,6512
1784095294462,1784095287950,6512
1784095294462,1784095287950,6512
1784095294462,1784095287950,6512
1784095294462,1784095287950,6512
1784095294462,1784095287950,6512
1784095294462,1784095287950,6512
1784095294462,1784095287950,6512
1784095294490,1784095286340,8150
1784095294490,1784095286340,8150
1784095294490,1784095286340,8150
1784095294490,1784095286340,8150
1784095294490,1784095286340,8150
1784095294490,1784095286340,8150
1784095294490,1784095286340,8150
1784095294490,1784095286340,8150
1784095294490,1784095286340,8150
1784095294490,1784095286340,8150
1784095294524,1784095287950,6574
1784095294524,1784095287950,6574
1784095294524,1784095287950,6574
1784095294524,1784095287950,6574
1784095294524,1784095287950,6574
1784095294524,1784095287950,6574
1784095294524,1784095287950,6574
1784095294524,1784095287950,6574
1784095294524,1784095287950,6574
1784095294524,1784095287950,6574
1784095294558,1784095286340,8218
1784095294558,1784095286340,8218
1784095294558,1784095286340,8218
1784095294558,1784095286340,8218
1784095294558,1784095286340,8218
1784095294558,1784095286340,8218
1784095294558,1784095286340,8218
1784095294558,1784095286340,8218
1784095294558,1784095286340,8218
1784095294558,1784095286340,8218
1784095294619,1784095286340,8279
1784095294619,1784095286340,8279
1784095294619,1784095286340,8279
1784095294619,1784095286340,8279
1784095294619,1784095286340,8279
1784095294619,1784095286340,8279
1784095294619,1784095286340,8279
1784095294619,1784095286340,8279
1784095294619,1784095286340,8279
1784095294619,1784095286340,8279
1784095294648,1784095287950,6698
1784095294648,1784095287950,6698
1784095294648,1784095287950,6698
1784095294648,1784095287950,6698
1784095294648,1784095287950,6698
1784095294648,1784095287950,6698
1784095294648,1784095287950,6698
1784095294648,1784095287950,6698
1784095294648,1784095287950,6698
1784095294648,1784095287950,6698
1784095294677,1784095286340,8337
1784095294677,1784095286340,8337
1784095294677,1784095286340,8337
1784095294677,1784095286340,8337
1784095294677,1784095286340,8337
1784095294677,1784095286340,8337
1784095294677,1784095286340,8337
1784095294677,1784095286340,8337
1784095294677,1784095286340,8337
1784095294677,1784095286340,8337
1784095294711,1784095287950,6761
1784095294711,1784095287950,6761
1784095294711,1784095287950,6761
1784095294711,1784095287950,6761
1784095294711,1784095287950,6761
1784095294711,1784095287950,6761
1784095294711,1784095287950,6761
1784095294711,1784095287950,6761
1784095294711,1784095287950,6761
1784095294711,1784095287950,6761
1784095294737,1784095286340,8397
1784095294737,1784095286340,8397
1784095294737,1784095286340,8397
1784095294737,1784095286340,8397
1784095294737,1784095286340,8397
1784095294737,1784095286340,8397
1784095294737,1784095286340,8397
1784095294737,1784095286340,8397
1784095294737,1784095286340,8397
1784095294737,1784095286340,8397
1784095294786,1784095287950,6836
1784095294786,1784095287950,6836
1784095294786,1784095287950,6836
1784095294786,1784095287950,6836
1784095294786,1784095287950,6836
1784095294786,1784095287950,6836
1784095294786,1784095287950,6836
1784095294786,1784095287950,6836
1784095294786,1784095287950,6836
1784095294786,1784095287950,6836
1784095294796,1784095286340,8456
1784095294796,1784095286340,8456
1784095294796,1784095286340,8456
1784095294796,1784095286340,8456
1784095294796,1784095286340,8456
1784095294796,1784095286340,8456
1784095294796,1784095286340,8456
1784095294796,1784095286340,8456
1784095294796,1784095286340,8456
1784095294796,1784095286340,8456
1784095294855,1784095286340,8515
1784095294855,1784095286340,8515
1784095294855,1784095286340,8515
1784095294855,1784095286340,8515
1784095294855,1784095286340,8515
1784095294855,1784095286340,8515
1784095294855,1784095286340,8515
1784095294855,1784095286340,8515
1784095294855,1784095286340,8515
1784095294855,1784095286340,8515
1784095294891,1784095287950,6941
1784095294891,1784095287950,6941
1784095294891,1784095287950,6941
1784095294891,1784095287950,6941
1784095294891,1784095287950,6941
1784095294891,1784095287950,6941
1784095294891,1784095287950,6941
1784095294891,1784095287950,6941
1784095294891,1784095287950,6941
1784095294891,1784095287950,6941
1784095294916,1784095286340,8576
1784095294916,1784095286340,8576
1784095294916,1784095286340,8576
1784095294916,1784095286340,8576
1784095294916,1784095286340,8576
1784095294916,1784095286340,8576
1784095294916,1784095286340,8576
1784095294916,1784095286340,8576
1784095294916,1784095286340,8576
1784095294916,1784095286340,8576
1784095294978,1784095286340,8638
1784095294978,1784095286340,8638
1784095294978,1784095286340,8638
1784095294978,1784095286340,8638
1784095294978,1784095286340,8638
1784095294978,1784095286340,8638
1784095294978,1784095286340,8638
1784095294978,1784095286340,8638
1784095294978,1784095286340,8638
1784095294978,1784095286340,8638
1784095294992,1784095287950,7042
1784095294992,1784095287950,7042
1784095294992,1784095287950,7042
1784095294992,1784095287950,7042
1784095294992,1784095287950,7042
1784095294992,1784095287950,7042
1784095294992,1784095287950,7042
1784095294992,1784095287950,7042
1784095294992,1784095287950,7042
1784095294992,1784095287950,7042
1784095295037,1784095286340,8697
1784095295037,1784095286340,8697
1784095295037,1784095286340,8697
1784095295037,1784095286340,8697
1784095295037,1784095286340,8697
1784095295037,1784095286340,8697
1784095295037,1784095286340,8697
1784095295037,1784095286340,8697
1784095295037,1784095286340,8697
1784095295037,1784095286340,8697
1784095295084,1784095287950,7134
1784095295084,1784095287950,7134
1784095295084,1784095287950,7134
1784095295084,1784095287950,7134
1784095295084,1784095287950,7134
1784095295084,1784095287950,7134
1784095295084,1784095287950,7134
1784095295084,1784095287950,7134
1784095295084,1784095287950,7134
1784095295084,1784095287950,7134
1784095295095,1784095286340,8755
1784095295095,1784095286340,8755
1784095295095,1784095286340,8755
1784095295095,1784095286340,8755
1784095295095,1784095286340,8755
1784095295095,1784095286340,8755
1784095295095,1784095286340,8755
1784095295095,1784095286340,8755
1784095295095,1784095286340,8755
1784095295095,1784095286340,8755
1784095295146,1784095287950,7196
1784095295146,1784095287950,7196
1784095295146,1784095287950,7196
1784095295146,1784095287950,7196
1784095295146,1784095287950,7196
1784095295146,1784095287950,7196
1784095295146,1784095287950,7196
1784095295146,1784095287950,7196
1784095295146,1784095287950,7196
1784095295146,1784095287950,7196
1784095295154,1784095286340,8814
1784095295154,1784095286340,8814
1784095295154,1784095286340,8814
1784095295154,1784095286340,8814
1784095295154,1784095286340,8814
1784095295154,1784095286340,8814
1784095295154,1784095286340,8814
1784095295154,1784095286340,8814
1784095295154,1784095286340,8814
1784095295154,1784095286340,8814
1784095295204,1784095287950,7254
1784095295204,1784095287950,7254
1784095295204,1784095287950,7254
1784095295204,1784095287950,7254
1784095295204,1784095287950,7254
1784095295204,1784095287950,7254
1784095295204,1784095287950,7254
1784095295204,1784095287950,7254
1784095295204,1784095287950,7254
1784095295204,1784095287950,7254
1784095295212,1784095286340,8872
1784095295212,1784095286340,8872
1784095295212,1784095286340,8872
1784095295212,1784095286340,8872
1784095295212,1784095286340,8872
1784095295212,1784095286340,8872
1784095295212,1784095286340,8872
1784095295212,1784095286340,8872
1784095295212,1784095286340,8872
1784095295212,1784095286340,8872
1784095295265,1784095287950,7315
1784095295265,1784095287950,7315
1784095295265,1784095287950,7315
1784095295265,1784095287950,7315
1784095295265,1784095287950,7315
1784095295265,1784095287950,7315
1784095295265,1784095287950,7315
1784095295265,1784095287950,7315
1784095295265,1784095287950,7315
1784095295265,1784095287950,7315
1784095295276,1784095286340,8936
1784095295276,1784095286340,8936
1784095295276,1784095286340,8936
1784095295276,1784095286340,8936
1784095295276,1784095286340,8936
1784095295276,1784095286340,8936
1784095295276,1784095286340,8936
1784095295276,1784095286340,8936
1784095295276,1784095286340,8936
1784095295276,1784095286340,8936
1784095295325,1784095287950,7375
1784095295325,1784095287950,7375
1784095295325,1784095287950,7375
1784095295325,1784095287950,7375
1784095295325,1784095287950,7375
1784095295325,1784095287950,7375
1784095295325,1784095287950,7375
1784095295325,1784095287950,7375
1784095295325,1784095287950,7375
1784095295325,1784095287950,7375
1784095295339,1784095286340,8999
1784095295339,1784095286340,8999
1784095295339,1784095286340,8999
1784095295339,1784095286340,8999
1784095295339,1784095286340,8999
1784095295339,1784095286340,8999
1784095295339,1784095286340,8999
1784095295339,1784095286340,8999
1784095295339,1784095286340,8999
1784095295339,1784095286340,8999
1784095295388,1784095287950,7438
1784095295388,1784095287950,7438
1784095295388,1784095287950,7438
1784095295388,1784095287950,7438
1784095295388,1784095287950,7438
1784095295388,1784095287950,7438
1784095295388,1784095287950,7438
1784095295388,1784095287950,7438
1784095295388,1784095287950,7438
1784095295388,1784095287950,7438
1784095295402,1784095286340,9062
1784095295402,1784095286340,9062
1784095295402,1784095286340,9062
1784095295402,1784095286340,9062
1784095295402,1784095286340,9062
1784095295402,1784095286340,9062
1784095295402,1784095286340,9062
1784095295402,1784095286340,9062
1784095295402,1784095286340,9062
1784095295402,1784095286340,9062
1784095295449,1784095287950,7499
1784095295449,1784095287950,7499
1784095295449,1784095287950,7499
1784095295449,1784095287950,7499
1784095295449,1784095287950,7499
1784095295449,1784095287950,7499
1784095295449,1784095287950,7499
1784095295449,1784095287950,7499
1784095295449,1784095287950,7499
1784095295449,1784095287950,7499
1784095295470,1784095286340,9130
1784095295470,1784095286340,9130
1784095295470,1784095286340,9130
1784095295470,1784095286340,9130
1784095295470,1784095286340,9130
1784095295470,1784095286340,9130
1784095295470,1784095286340,9130
1784095295470,1784095286340,9130
1784095295470,1784095286340,9130
1784095295470,1784095286340,9130
1784095295539,1784095287950,7589
1784095295539,1784095287950,7589
1784095295539,1784095287950,7589
1784095295539,1784095287950,7589
1784095295539,1784095287950,7589
1784095295539,1784095287950,7589
1784095295539,1784095287950,7589
1784095295539,1784095287950,7589
1784095295539,1784095287950,7589
1784095295539,1784095287950,7589
1784095295571,1784095286340,9231
1784095295571,1784095286340,9231
1784095295571,1784095286340,9231
1784095295571,1784095286340,9231
1784095295571,1784095286340,9231
1784095295571,1784095286340,9231
1784095295571,1784095286340,9231
1784095295571,1784095286340,9231
1784095295571,1784095286340,9231
1784095295571,1784095286340,9231
1784095295640,1784095286340,9300
1784095295640,1784095286340,9300
1784095295640,1784095286340,9300
1784095295640,1784095286340,9300
1784095295640,1784095286340,9300
1784095295640,1784095286340,9300
1784095295640,1784095286340,9300
1784095295640,1784095286340,9300
1784095295640,1784095286340,9300
1784095295640,1784095286340,9300
1784095295644,1784095287950,7694
1784095295644,1784095287950,7694
1784095295644,1784095287950,7694
1784095295644,1784095287950,7694
1784095295644,1784095287950,7694
1784095295644,1784095287950,7694
1784095295644,1784095287950,7694
1784095295644,1784095287950,7694
1784095295644,1784095287950,7694
1784095295644,1784095287950,7694
1784095295726,1784095286340,9386
1784095295726,1784095286340,9386
1784095295726,1784095286340,9386
1784095295726,1784095286340,9386
1784095295726,1784095286340,9386
1784095295726,1784095286340,9386
1784095295726,1784095286340,9386
1784095295726,1784095286340,9386
1784095295726,1784095286340,9386
1784095295726,1784095286340,9386
1784095295753,1784095287950,7803
1784095295753,1784095287950,7803
1784095295753,1784095287950,7803
1784095295753,1784095287950,7803
1784095295753,1784095287950,7803
1784095295753,1784095287950,7803
1784095295753,1784095287950,7803
1784095295753,1784095287950,7803
1784095295753,1784095287950,7803
1784095295753,1784095287950,7803
1784095295795,1784095286340,9455
1784095295795,1784095286340,9455
1784095295795,1784095286340,9455
1784095295795,1784095286340,9455
1784095295795,1784095286340,9455
1784095295795,1784095286340,9455
1784095295795,1784095286340,9455
1784095295795,1784095286340,9455
1784095295795,1784095286340,9455
1784095295795,1784095286340,9455
1784095295844,1784095287950,7894
1784095295844,1784095287950,7894
1784095295844,1784095287950,7894
1784095295844,1784095287950,7894
1784095295844,1784095287950,7894
1784095295844,1784095287950,7894
1784095295844,1784095287950,7894
1784095295844,1784095287950,7894
1784095295844,1784095287950,7894
1784095295844,1784095287950,7894
1784095295936,1784095287950,7986
1784095295936,1784095287950,7986
1784095295936,1784095287950,7986
1784095295936,1784095287950,7986
1784095295936,1784095287950,7986
1784095295936,1784095287950,7986
1784095295936,1784095287950,7986
1784095295936,1784095287950,7986
1784095295936,1784095287950,7986
1784095295936,1784095287950,7986
1784095296042,1784095287950,8092
1784095296042,1784095287950,8092
1784095296042,1784095287950,8092
1784095296042,1784095287950,8092
1784095296042,1784095287950,8092
1784095296042,1784095287950,8092
1784095296042,1784095287950,8092
1784095296042,1784095287950,8092
1784095296042,1784095287950,8092
1784095296042,1784095287950,8092
1784095296146,1784095287950,8196
1784095296146,1784095287950,8196
1784095296146,1784095287950,8196
1784095296146,1784095287950,8196
1784095296146,1784095287950,8196
1784095296146,1784095287950,8196
1784095296146,1784095287950,8196
1784095296146,1784095287950,8196
1784095296146,1784095287950,8196
1784095296146,1784095287950,8196
1784095296233,1784095287950,8283
1784095296233,1784095287950,8283
1784095296233,1784095287950,8283
1784095296233,1784095287950,8283
1784095296233,1784095287950,8283
1784095296233,1784095287950,8283
1784095296233,1784095287950,8283
1784095296233,1784095287950,8283
1784095296233,1784095287950,8283
1784095296233,1784095287950,8283
1784095296295,1784095287950,8345
1784095296295,1784095287950,8345
1784095296295,1784095287950,8345
1784095296295,1784095287950,8345
1784095296295,1784095287950,8345
1784095296295,1784095287950,8345
1784095296295,1784095287950,8345
1784095296295,1784095287950,8345
1784095296295,1784095287950,8345
1784095296295,1784095287950,8345
1784095296354,1784095287950,8404
1784095296354,1784095287950,8404
1784095296354,1784095287950,8404
1784095296354,1784095287950,8404
1784095296354,1784095287950,8404
1784095296354,1784095287950,8404
1784095296354,1784095287950,8404
1784095296354,1784095287950,8404
1784095296354,1784095287950,8404
1784095296354,1784095287950,8404
1784095296413,1784095287950,8463
1784095296413,1784095287950,8463
1784095296413,1784095287950,8463
1784095296413,1784095287950,8463
1784095296413,1784095287950,8463
1784095296413,1784095287950,8463
1784095296413,1784095287950,8463
1784095296413,1784095287950,8463
1784095296413,1784095287950,8463
1784095296413,1784095287950,8463
1784095296471,1784095287950,8521
1784095296471,1784095287950,8521
1784095296471,1784095287950,8521
1784095296471,1784095287950,8521
1784095296471,1784095287950,8521
1784095296471,1784095287950,8521
1784095296471,1784095287950,8521
1784095296471,1784095287950,8521
1784095296471,1784095287950,8521
1784095296471,1784095287950,8521
1784095296537,1784095287950,8587
1784095296537,1784095287950,8587
1784095296537,1784095287950,8587
1784095296537,1784095287950,8587
1784095296537,1784095287950,8587
1784095296537,1784095287950,8587
1784095296537,1784095287950,8587
1784095296537,1784095287950,8587
1784095296537,1784095287950,8587
1784095296537,1784095287950,8587
1784095296595,1784095287950,8645
1784095296595,1784095287950,8645
1784095296595,1784095287950,8645
1784095296595,1784095287950,8645
1784095296595,1784095287950,8645
1784095296595,1784095287950,8645
1784095296595,1784095287950,8645
1784095296595,1784095287950,8645
1784095296595,1784095287950,8645
1784095296595,1784095287950,8645
1784095296655,1784095287950,8705
1784095296655,1784095287950,8705
1784095296655,1784095287950,8705
1784095296655,1784095287950,8705
1784095296655,1784095287950,8705
1784095296655,1784095287950,8705
1784095296655,1784095287950,8705
1784095296655,1784095287950,8705
1784095296655,1784095287950,8705
1784095296655,1784095287950,8705
1784095296713,1784095287950,8763
1784095296713,1784095287950,8763
1784095296713,1784095287950,8763
1784095296713,1784095287950,8763
1784095296713,1784095287950,8763
1784095296713,1784095287950,8763
1784095296713,1784095287950,8763
1784095296713,1784095287950,8763
1784095296713,1784095287950,8763
1784095296713,1784095287950,8763
1784095296771,1784095287950,8821
1784095296771,1784095287950,8821
1784095296771,1784095287950,8821
1784095296771,1784095287950,8821
1784095296771,1784095287950,8821
1784095296771,1784095287950,8821
1784095296771,1784095287950,8821
1784095296771,1784095287950,8821
1784095296771,1784095287950,8821
1784095296771,1784095287950,8821
1784095296830,1784095287950,8880
1784095296830,1784095287950,8880
1784095296830,1784095287950,8880
1784095296830,1784095287950,8880
1784095296830,1784095287950,8880
1784095296830,1784095287950,8880
1784095296830,1784095287950,8880
1784095296830,1784095287950,8880
1784095296830,1784095287950,8880
1784095296830,1784095287950,8880
1784095296888,1784095287950,8938
1784095296888,1784095287950,8938
1784095296888,1784095287950,8938
1784095296888,1784095287950,8938
1784095296888,1784095287950,8938
1784095296888,1784095287950,8938
1784095296888,1784095287950,8938
1784095296888,1784095287950,8938
1784095296888,1784095287950,8938
1784095296888,1784095287950,8938
1784095296946,1784095287950,8996
1784095296946,1784095287950,8996
1784095296946,1784095287950,8996
1784095296946,1784095287950,8996
1784095296946,1784095287950,8996
1784095296946,1784095287950,8996
1784095296946,1784095287950,8996
1784095296946,1784095287950,8996
1784095296946,1784095287950,8996
1784095296946,1784095287950,8996
1784095297004,1784095287950,9054
1784095297004,1784095287950,9054
1784095297004,1784095287950,9054
1784095297004,1784095287950,9054
1784095297004,1784095287950,9054
1784095297004,1784095287950,9054
1784095297004,1784095287950,9054
1784095297004,1784095287950,9054
1784095297004,1784095287950,9054
1784095297004,1784095287950,9054
1784095297062,1784095287950,9112
1784095297062,1784095287950,9112
1784095297062,1784095287950,9112
1784095297062,1784095287950,9112
1784095297062,1784095287950,9112
1784095297062,1784095287950,9112
1784095297062,1784095287950,9112
1784095297062,1784095287950,9112
1784095297062,1784095287950,9112
1784095297062,1784095287950,9112
1784095297120,1784095287950,9170
1784095297120,1784095287950,9170
1784095297120,1784095287950,9170
1784095297120,1784095287950,9170
1784095297120,1784095287950,9170
1784095297120,1784095287950,9170
1784095297120,1784095287950,9170
1784095297120,1784095287950,9170
1784095297120,1784095287950,9170
1784095297120,1784095287950,9170
1784095297182,1784095287950,9232
1784095297182,1784095287950,9232
1784095297182,1784095287950,9232
1784095297182,1784095287950,9232
1784095297182,1784095287950,9232
1784095297182,1784095287950,9232
1784095297182,1784095287950,9232
1784095297182,1784095287950,9232
1784095297182,1784095287950,9232
1784095297182,1784095287950,9232
1784095297239,1784095287950,9289
1784095297239,1784095287950,9289
1784095297239,1784095287950,9289
1784095297239,1784095287950,9289
1784095297239,1784095287950,9289
1784095297239,1784095287950,9289
1784095297239,1784095287950,9289
1784095297239,1784095287950,9289
1784095297239,1784095287950,9289
1784095297239,1784095287950,9289
1784095297296,1784095287950,9346
1784095297296,1784095287950,9346
1784095297296,1784095287950,9346
1784095297296,1784095287950,9346
1784095297296,1784095287950,9346
1784095297296,1784095287950,9346
1784095297296,1784095287950,9346
1784095297296,1784095287950,9346
1784095297296,1784095287950,9346
1784095297296,1784095287950,9346
1784095297354,1784095287950,9404
1784095297354,1784095287950,9404
1784095297354,1784095287950,9404
1784095297354,1784095287950,9404
1784095297354,1784095287950,9404
1784095297354,1784095287950,9404
1784095297354,1784095287950,9404
1784095297354,1784095287950,9404
1784095297354,1784095287950,9404
1784095297354,1784095287950,9404
1784095297411,1784095287950,9461
1784095297411,1784095287950,9461
1784095297411,1784095287950,9461
1784095297411,1784095287950,9461
1784095297411,1784095287950,9461
1784095297411,1784095287950,9461
1784095297411,1784095287950,9461
1784095297411,1784095287950,9461
1784095297411,1784095287950,9461
1784095297411,1784095287950,9461
1784095297492,1784095287950,9542
1784095297492,1784095287950,9542
1784095297492,1784095287950,9542
1784095297492,1784095287950,9542
1784095297492,1784095287950,9542
1784095297492,1784095287950,9542
1784095297492,1784095287950,9542
1784095297492,1784095287950,9542
1784095297492,1784095287950,9542
1784095297492,1784095287950,9542
1784095297601,1784095287950,9651
1784095297601,1784095287950,9651
1784095297601,1784095287950,9651
1784095297601,1784095287950,9651
1784095297601,1784095287950,9651
1784095297601,1784095287950,9651
1784095297601,1784095287950,9651
1784095297601,1784095287950,9651
1784095297601,1784095287950,9651
1784095297601,1784095287950,9651
1784095316706,1784095311369,5337
1784095316706,1784095311369,5337
1784095316706,1784095311369,5337
1784095316706,1784095311369,5337
1784095316706,1784095311369,5337
1784095316706,1784095311369,5337
1784095316706,1784095311369,5337
1784095316706,1784095311369,5337
1784095316706,1784095311369,5337
1784095316706,1784095311369,5337
1784095316772,1784095311369,5403
1784095316772,1784095311369,5403
1784095316772,1784095311369,5403
1784095316772,1784095311369,5403
1784095316772,1784095311369,5403
1784095316772,1784095311369,5403
1784095316772,1784095311369,5403
1784095316772,1784095311369,5403
1784095316772,1784095311369,5403
1784095316772,1784095311369,5403
1784095316836,1784095311369,5467
1784095316836,1784095311369,5467
1784095316836,1784095311369,5467
1784095316836,1784095311369,5467
1784095316836,1784095311369,5467
1784095316836,1784095311369,5467
1784095316836,1784095311369,5467
1784095316836,1784095311369,5467
1784095316836,1784095311369,5467
1784095316836,1784095311369,5467
1784095316899,1784095311369,5530
1784095316899,1784095311369,5530
1784095316899,1784095311369,5530
1784095316899,1784095311369,5530
1784095316899,1784095311369,5530
1784095316899,1784095311369,5530
1784095316899,1784095311369,5530
1784095316899,1784095311369,5530
1784095316899,1784095311369,5530
1784095316899,1784095311369,5530
1784095316963,1784095311369,5594
1784095316963,1784095311369,5594
1784095316963,1784095311369,5594
1784095316963,1784095311369,5594
1784095316963,1784095311369,5594
1784095316963,1784095311369,5594
1784095316963,1784095311369,5594
1784095316963,1784095311369,5594
1784095316963,1784095311369,5594
1784095316963,1784095311369,5594
1784095317027,1784095311369,5658
1784095317027,1784095311369,5658
1784095317027,1784095311369,5658
1784095317027,1784095311369,5658
1784095317027,1784095311369,5658
1784095317027,1784095311369,5658
1784095317027,1784095311369,5658
1784095317027,1784095311369,5658
1784095317027,1784095311369,5658
1784095317027,1784095311369,5658
1784095317091,1784095311369,5722
1784095317091,1784095311369,5722
1784095317091,1784095311369,5722
1784095317091,1784095311369,5722
1784095317091,1784095311369,5722
1784095317091,1784095311369,5722
1784095317091,1784095311369,5722
1784095317091,1784095311369,5722
1784095317091,1784095311369,5722
1784095317091,1784095311369,5722
1784095317156,1784095311369,5787
1784095317156,1784095311369,5787
1784095317156,1784095311369,5787
1784095317156,1784095311369,5787
1784095317156,1784095311369,5787
1784095317156,1784095311369,5787
1784095317156,1784095311369,5787
1784095317156,1784095311369,5787
1784095317156,1784095311369,5787
1784095317156,1784095311369,5787
1784095317219,1784095311369,5850
1784095317219,1784095311369,5850
1784095317219,1784095311369,5850
1784095317219,1784095311369,5850
1784095317219,1784095311369,5850
1784095317219,1784095311369,5850
1784095317219,1784095311369,5850
1784095317219,1784095311369,5850
1784095317219,1784095311369,5850
1784095317219,1784095311369,5850
1784095317321,1784095311369,5952
1784095317321,1784095311369,5952
1784095317321,1784095311369,5952
1784095317321,1784095311369,5952
1784095317321,1784095311369,5952
1784095317321,1784095311369,5952
1784095317321,1784095311369,5952
1784095317321,1784095311369,5952
1784095317321,1784095311369,5952
1784095317321,1784095311369,5952
1784095317384,1784095311369,6015
1784095317384,1784095311369,6015
1784095317384,1784095311369,6015
1784095317384,1784095311369,6015
1784095317384,1784095311369,6015
1784095317384,1784095311369,6015
1784095317384,1784095311369,6015
1784095317384,1784095311369,6015
1784095317384,1784095311369,6015
1784095317384,1784095311369,6015
1784095317444,1784095311369,6075
1784095317444,1784095311369,6075
1784095317444,1784095311369,6075
1784095317444,1784095311369,6075
1784095317444,1784095311369,6075
1784095317444,1784095311369,6075
1784095317444,1784095311369,6075
1784095317444,1784095311369,6075
1784095317444,1784095311369,6075
1784095317444,1784095311369,6075
1784095317507,1784095311369,6138
1784095317507,1784095311369,6138
1784095317507,1784095311369,6138
1784095317507,1784095311369,6138
1784095317507,1784095311369,6138
1784095317507,1784095311369,6138
1784095317507,1784095311369,6138
1784095317507,1784095311369,6138
1784095317507,1784095311369,6138
1784095317507,1784095311369,6138
1784095317570,1784095311369,6201
1784095317570,1784095311369,6201
1784095317570,1784095311369,6201
1784095317570,1784095311369,6201
1784095317570,1784095311369,6201
1784095317570,1784095311369,6201
1784095317570,1784095311369,6201
1784095317570,1784095311369,6201
1784095317570,1784095311369,6201
1784095317570,1784095311369,6201
1784095317629,1784095311369,6260
1784095317629,1784095311369,6260
1784095317629,1784095311369,6260
1784095317629,1784095311369,6260
1784095317629,1784095311369,6260
1784095317629,1784095311369,6260
1784095317629,1784095311369,6260
1784095317629,1784095311369,6260
1784095317629,1784095311369,6260
1784095317629,1784095311369,6260
1784095317688,1784095311369,6319
1784095317688,1784095311369,6319
1784095317688,1784095311369,6319
1784095317688,1784095311369,6319
1784095317688,1784095311369,6319
1784095317688,1784095311369,6319
1784095317688,1784095311369,6319
1784095317688,1784095311369,6319
1784095317688,1784095311369,6319
1784095317688,1784095311369,6319
1784095317747,1784095311369,6378
1784095317747,1784095311369,6378
1784095317747,1784095311369,6378
1784095317747,1784095311369,6378
1784095317747,1784095311369,6378
1784095317747,1784095311369,6378
1784095317747,1784095311369,6378
1784095317747,1784095311369,6378
1784095317747,1784095311369,6378
1784095317747,1784095311369,6378
1784095317806,1784095311369,6437
1784095317806,1784095311369,6437
1784095317806,1784095311369,6437
1784095317806,1784095311369,6437
1784095317806,1784095311369,6437
1784095317806,1784095311369,6437
1784095317806,1784095311369,6437
1784095317806,1784095311369,6437
1784095317806,1784095311369,6437
1784095317806,1784095311369,6437
1784095317866,1784095311369,6497
1784095317866,1784095311369,6497
1784095317866,1784095311369,6497
1784095317866,1784095311369,6497
1784095317866,1784095311369,6497
1784095317866,1784095311369,6497
1784095317866,1784095311369,6497
1784095317866,1784095311369,6497
1784095317866,1784095311369,6497
1784095317866,1784095311369,6497
1784095317927,1784095311369,6558
1784095317927,1784095311369,6558
1784095317927,1784095311369,6558
1784095317927,1784095311369,6558
1784095317927,1784095311369,6558
1784095317927,1784095311369,6558
1784095317927,1784095311369,6558
1784095317927,1784095311369,6558
1784095317927,1784095311369,6558
1784095317927,1784095311369,6558
1784095317987,1784095311369,6618
1784095317987,1784095311369,6618
1784095317987,1784095311369,6618
1784095317987,1784095311369,6618
1784095317987,1784095311369,6618
1784095317987,1784095311369,6618
1784095317987,1784095311369,6618
1784095317987,1784095311369,6618
1784095317987,1784095311369,6618
1784095317987,1784095311369,6618
1784095318141,1784095311369,6772
1784095318141,1784095311369,6772
1784095318141,1784095311369,6772
1784095318141,1784095311369,6772
1784095318141,1784095311369,6772
1784095318141,1784095311369,6772
1784095318141,1784095311369,6772
1784095318141,1784095311369,6772
1784095318141,1784095311369,6772
1784095318141,1784095311369,6772
1784095318270,1784095311369,6901
1784095318270,1784095311369,6901
1784095318270,1784095311369,6901
1784095318270,1784095311369,6901
1784095318270,1784095311369,6901
1784095318270,1784095311369,6901
1784095318270,1784095311369,6901
1784095318270,1784095311369,6901
1784095318270,1784095311369,6901
1784095318270,1784095311369,6901
1784095318379,1784095311369,7010
1784095318379,1784095311369,7010
1784095318379,1784095311369,7010
1784095318379,1784095311369,7010
1784095318379,1784095311369,7010
1784095318379,1784095311369,7010
1784095318379,1784095311369,7010
1784095318379,1784095311369,7010
1784095318379,1784095311369,7010
1784095318379,1784095311369,7010
1784095318490,1784095311369,7121
1784095318490,1784095311369,7121
1784095318490,1784095311369,7121
1784095318490,1784095311369,7121
1784095318490,1784095311369,7121
1784095318490,1784095311369,7121
1784095318490,1784095311369,7121
1784095318490,1784095311369,7121
1784095318490,1784095311369,7121
1784095318490,1784095311369,7121
1784095318620,1784095311369,7251
1784095318620,1784095311369,7251
1784095318620,1784095311369,7251
1784095318620,1784095311369,7251
1784095318620,1784095311369,7251
1784095318620,1784095311369,7251
1784095318620,1784095311369,7251
1784095318620,1784095311369,7251
1784095318620,1784095311369,7251
1784095318620,1784095311369,7251
1784095318700,1784095311369,7331
1784095318700,1784095311369,7331
1784095318700,1784095311369,7331
1784095318700,1784095311369,7331
1784095318700,1784095311369,7331
1784095318700,1784095311369,7331
1784095318700,1784095311369,7331
1784095318700,1784095311369,7331
1784095318700,1784095311369,7331
1784095318700,1784095311369,7331
1784095318759,1784095311369,7390
1784095318759,1784095311369,7390
1784095318759,1784095311369,7390
1784095318759,1784095311369,7390
1784095318759,1784095311369,7390
1784095318759,1784095311369,7390
1784095318759,1784095311369,7390
1784095318759,1784095311369,7390
1784095318759,1784095311369,7390
1784095318759,1784095311369,7390
1784095318824,1784095311369,7455
1784095318824,1784095311369,7455
1784095318824,1784095311369,7455
1784095318824,1784095311369,7455
1784095318824,1784095311369,7455
1784095318824,1784095311369,7455
1784095318824,1784095311369,7455
1784095318824,1784095311369,7455
1784095318824,1784095311369,7455
1784095318824,1784095311369,7455
1784095318888,1784095311369,7519
1784095318888,1784095311369,7519
1784095318888,1784095311369,7519
1784095318888,1784095311369,7519
1784095318888,1784095311369,7519
1784095318888,1784095311369,7519
1784095318888,1784095311369,7519
1784095318888,1784095311369,7519
1784095318888,1784095311369,7519
1784095318888,1784095311369,7519
1784095318951,1784095311369,7582
1784095318951,1784095311369,7582
1784095318951,1784095311369,7582
1784095318951,1784095311369,7582
1784095318951,1784095311369,7582
1784095318951,1784095311369,7582
1784095318951,1784095311369,7582
1784095318951,1784095311369,7582
1784095318951,1784095311369,7582
1784095318951,1784095311369,7582
1784095319015,1784095311369,7646
1784095319015,1784095311369,7646
1784095319015,1784095311369,7646
1784095319015,1784095311369,7646
1784095319015,1784095311369,7646
1784095319015,1784095311369,7646
1784095319015,1784095311369,7646
1784095319015,1784095311369,7646
1784095319015,1784095311369,7646
1784095319015,1784095311369,7646
1784095319074,1784095311369,7705
1784095319074,1784095311369,7705
1784095319074,1784095311369,7705
1784095319074,1784095311369,7705
1784095319074,1784095311369,7705
1784095319074,1784095311369,7705
1784095319074,1784095311369,7705
1784095319074,1784095311369,7705
1784095319074,1784095311369,7705
1784095319074,1784095311369,7705
1784095319139,1784095311369,7770
1784095319139,1784095311369,7770
1784095319139,1784095311369,7770
1784095319139,1784095311369,7770
1784095319139,1784095311369,7770
1784095319139,1784095311369,7770
1784095319139,1784095311369,7770
1784095319139,1784095311369,7770
1784095319139,1784095311369,7770
1784095319139,1784095311369,7770
1784095319198,1784095311369,7829
1784095319198,1784095311369,7829
1784095319198,1784095311369,7829
1784095319198,1784095311369,7829
1784095319198,1784095311369,7829
1784095319198,1784095311369,7829
1784095319198,1784095311369,7829
1784095319198,1784095311369,7829
1784095319198,1784095311369,7829
1784095319198,1784095311369,7829
1784095319260,1784095311369,7891
1784095319260,1784095311369,7891
1784095319260,1784095311369,7891
1784095319260,1784095311369,7891
1784095319260,1784095311369,7891
1784095319260,1784095311369,7891
1784095319260,1784095311369,7891
1784095319260,1784095311369,7891
1784095319260,1784095311369,7891
1784095319260,1784095311369,7891
1784095319322,1784095311369,7953
1784095319322,1784095311369,7953
1784095319322,1784095311369,7953
1784095319322,1784095311369,7953
1784095319322,1784095311369,7953
1784095319322,1784095311369,7953
1784095319322,1784095311369,7953
1784095319322,1784095311369,7953
1784095319322,1784095311369,7953
1784095319322,1784095311369,7953
1784095319384,1784095311369,8015
1784095319384,1784095311369,8015
1784095319384,1784095311369,8015
1784095319384,1784095311369,8015
1784095319384,1784095311369,8015
1784095319384,1784095311369,8015
1784095319384,1784095311369,8015
1784095319384,1784095311369,8015
1784095319384,1784095311369,8015
1784095319384,1784095311369,8015
1784095319446,1784095311369,8077
1784095319446,1784095311369,8077
1784095319446,1784095311369,8077
1784095319446,1784095311369,8077
1784095319446,1784095311369,8077
1784095319446,1784095311369,8077
1784095319446,1784095311369,8077
1784095319446,1784095311369,8077
1784095319446,1784095311369,8077
1784095319446,1784095311369,8077
1784095319515,1784095311369,8146
1784095319515,1784095311369,8146
1784095319515,1784095311369,8146
1784095319515,1784095311369,8146
1784095319515,1784095311369,8146
1784095319515,1784095311369,8146
1784095319515,1784095311369,8146
1784095319515,1784095311369,8146
1784095319515,1784095311369,8146
1784095319515,1784095311369,8146
1784095319576,1784095311369,8207
1784095319576,1784095311369,8207
1784095319576,1784095311369,8207
1784095319576,1784095311369,8207
1784095319576,1784095311369,8207
1784095319576,1784095311369,8207
1784095319576,1784095311369,8207
1784095319576,1784095311369,8207
1784095319576,1784095311369,8207
1784095319576,1784095311369,8207
1784095319633,1784095311369,8264
1784095319633,1784095311369,8264
1784095319633,1784095311369,8264
1784095319633,1784095311369,8264
1784095319633,1784095311369,8264
1784095319633,1784095311369,8264
1784095319633,1784095311369,8264
1784095319633,1784095311369,8264
1784095319633,1784095311369,8264
1784095319633,1784095311369,8264
1784095319690,1784095311369,8321
1784095319690,1784095311369,8321
1784095319690,1784095311369,8321
1784095319690,1784095311369,8321
1784095319690,1784095311369,8321
1784095319690,1784095311369,8321
1784095319690,1784095311369,8321
1784095319690,1784095311369,8321
1784095319690,1784095311369,8321
1784095319690,1784095311369,8321
1784095319749,1784095311369,8380
1784095319749,1784095311369,8380
1784095319749,1784095311369,8380
1784095319749,1784095311369,8380
1784095319749,1784095311369,8380
1784095319749,1784095311369,8380
1784095319749,1784095311369,8380
1784095319749,1784095311369,8380
1784095319749,1784095311369,8380
1784095319749,1784095311369,8380
1784095319807,1784095311369,8438
1784095319807,1784095311369,8438
1784095319807,1784095311369,8438
1784095319807,1784095311369,8438
1784095319807,1784095311369,8438
1784095319807,1784095311369,8438
1784095319807,1784095311369,8438
1784095319807,1784095311369,8438
1784095319807,1784095311369,8438
1784095319807,1784095311369,8438
1784095319868,1784095311369,8499
1784095319868,1784095311369,8499
1784095319868,1784095311369,8499
1784095319868,1784095311369,8499
1784095319868,1784095311369,8499
1784095319868,1784095311369,8499
1784095319868,1784095311369,8499
1784095319868,1784095311369,8499
1784095319868,1784095311369,8499
1784095319868,1784095311369,8499
1784095319927,1784095311369,8558
1784095319927,1784095311369,8558
1784095319927,1784095311369,8558
1784095319927,1784095311369,8558
1784095319927,1784095311369,8558
1784095319927,1784095311369,8558
1784095319927,1784095311369,8558
1784095319927,1784095311369,8558
1784095319927,1784095311369,8558
1784095319927,1784095311369,8558
1784095319989,1784095311369,8620
1784095319989,1784095311369,8620
1784095319989,1784095311369,8620
1784095319989,1784095311369,8620
1784095319989,1784095311369,8620
1784095319989,1784095311369,8620
1784095319989,1784095311369,8620
1784095319989,1784095311369,8620
1784095319989,1784095311369,8620
1784095319989,1784095311369,8620
1784095320047,1784095311369,8678
1784095320047,1784095311369,8678
1784095320047,1784095311369,8678
1784095320047,1784095311369,8678
1784095320047,1784095311369,8678
1784095320047,1784095311369,8678
1784095320047,1784095311369,8678
1784095320047,1784095311369,8678
1784095320047,1784095311369,8678
1784095320047,1784095311369,8678
1784095320108,1784095311369,8739
1784095320108,1784095311369,8739
1784095320108,1784095311369,8739
1784095320108,1784095311369,8739
1784095320108,1784095311369,8739
1784095320108,1784095311369,8739
1784095320108,1784095311369,8739
1784095320108,1784095311369,8739
1784095320108,1784095311369,8739
1784095320108,1784095311369,8739
1784095323540,1784095318575,4965
1784095323540,1784095318575,4965
1784095323540,1784095318575,4965
1784095323540,1784095318575,4965
1784095323540,1784095318575,4965
1784095323540,1784095318575,4965
1784095323540,1784095318575,4965
1784095323540,1784095318575,4965
1784095323540,1784095318575,4965
1784095323540,1784095318575,4965
1784095323640,1784095318575,5065
1784095323640,1784095318575,5065
1784095323640,1784095318575,5065
1784095323640,1784095318575,5065
1784095323640,1784095318575,5065
1784095323640,1784095318575,5065
1784095323640,1784095318575,5065
1784095323640,1784095318575,5065
1784095323640,1784095318575,5065
1784095323640,1784095318575,5065
1784095323748,1784095318575,5173
1784095323748,1784095318575,5173
1784095323748,1784095318575,5173
1784095323748,1784095318575,5173
1784095323748,1784095318575,5173
1784095323748,1784095318575,5173
1784095323748,1784095318575,5173
1784095323748,1784095318575,5173
1784095323748,1784095318575,5173
1784095323748,1784095318575,5173
1784095323857,1784095318575,5282
1784095323857,1784095318575,5282
1784095323857,1784095318575,5282
1784095323857,1784095318575,5282
1784095323857,1784095318575,5282
1784095323857,1784095318575,5282
1784095323857,1784095318575,5282
1784095323857,1784095318575,5282
1784095323857,1784095318575,5282
1784095323857,1784095318575,5282
1784095323966,1784095318575,5391
1784095323966,1784095318575,5391
1784095323966,1784095318575,5391
1784095323966,1784095318575,5391
1784095323966,1784095318575,5391
1784095323966,1784095318575,5391
1784095323966,1784095318575,5391
1784095323966,1784095318575,5391
1784095323966,1784095318575,5391
1784095323966,1784095318575,5391
1784095324074,1784095318575,5499
1784095324074,1784095318575,5499
1784095324074,1784095318575,5499
1784095324074,1784095318575,5499
1784095324074,1784095318575,5499
1784095324074,1784095318575,5499
1784095324074,1784095318575,5499
1784095324074,1784095318575,5499
1784095324074,1784095318575,5499
1784095324074,1784095318575,5499
1784095324231,1784095318575,5656
1784095324231,1784095318575,5656
1784095324231,1784095318575,5656
1784095324231,1784095318575,5656
1784095324231,1784095318575,5656
1784095324231,1784095318575,5656
1784095324231,1784095318575,5656
1784095324231,1784095318575,5656
1784095324231,1784095318575,5656
1784095324231,1784095318575,5656
1784095324338,1784095318575,5763
1784095324338,1784095318575,5763
1784095324338,1784095318575,5763
1784095324338,1784095318575,5763
1784095324338,1784095318575,5763
1784095324338,1784095318575,5763
1784095324338,1784095318575,5763
1784095324338,1784095318575,5763
1784095324338,1784095318575,5763
1784095324338,1784095318575,5763
1784095324444,1784095318575,5869
1784095324444,1784095318575,5869
1784095324444,1784095318575,5869
1784095324444,1784095318575,5869
1784095324444,1784095318575,5869
1784095324444,1784095318575,5869
1784095324444,1784095318575,5869
1784095324444,1784095318575,5869
1784095324444,1784095318575,5869
1784095324444,1784095318575,5869
1784095324541,1784095318575,5966
1784095324541,1784095318575,5966
1784095324541,1784095318575,5966
1784095324541,1784095318575,5966
1784095324541,1784095318575,5966
1784095324541,1784095318575,5966
1784095324541,1784095318575,5966
1784095324541,1784095318575,5966
1784095324541,1784095318575,5966
1784095324541,1784095318575,5966
1784095324651,1784095318575,6076
1784095324651,1784095318575,6076
1784095324651,1784095318575,6076
1784095324651,1784095318575,6076
1784095324651,1784095318575,6076
1784095324651,1784095318575,6076
1784095324651,1784095318575,6076
1784095324651,1784095318575,6076
1784095324651,1784095318575,6076
1784095324651,1784095318575,6076
1784095324760,1784095318575,6185
1784095324760,1784095318575,6185
1784095324760,1784095318575,6185
1784095324760,1784095318575,6185
1784095324760,1784095318575,6185
1784095324760,1784095318575,6185
1784095324760,1784095318575,6185
1784095324760,1784095318575,6185
1784095324760,1784095318575,6185
1784095324760,1784095318575,6185
1784095324873,1784095318575,6298
1784095324873,1784095318575,6298
1784095324873,1784095318575,6298
1784095324873,1784095318575,6298
1784095324873,1784095318575,6298
1784095324873,1784095318575,6298
1784095324873,1784095318575,6298
1784095324873,1784095318575,6298
1784095324873,1784095318575,6298
1784095324873,1784095318575,6298
1784095324980,1784095318575,6405
1784095324980,1784095318575,6405
1784095324980,1784095318575,6405
1784095324980,1784095318575,6405
1784095324980,1784095318575,6405
1784095324980,1784095318575,6405
1784095324980,1784095318575,6405
1784095324980,1784095318575,6405
1784095324980,1784095318575,6405
1784095324980,1784095318575,6405
1784095325090,1784095318575,6515
1784095325090,1784095318575,6515
1784095325090,1784095318575,6515
1784095325090,1784095318575,6515
1784095325090,1784095318575,6515
1784095325090,1784095318575,6515
1784095325090,1784095318575,6515
1784095325090,1784095318575,6515
1784095325090,1784095318575,6515
1784095325090,1784095318575,6515
1784095325195,1784095318575,6620
1784095325195,1784095318575,6620
1784095325195,1784095318575,6620
1784095325195,1784095318575,6620
1784095325195,1784095318575,6620
1784095325195,1784095318575,6620
1784095325195,1784095318575,6620
1784095325195,1784095318575,6620
1784095325195,1784095318575,6620
1784095325195,1784095318575,6620
1784095325276,1784095318575,6701
1784095325276,1784095318575,6701
1784095325276,1784095318575,6701
1784095325276,1784095318575,6701
1784095325276,1784095318575,6701
1784095325276,1784095318575,6701
1784095325276,1784095318575,6701
1784095325276,1784095318575,6701
1784095325276,1784095318575,6701
1784095325276,1784095318575,6701
1784095325343,1784095318575,6768
1784095325343,1784095318575,6768
1784095325343,1784095318575,6768
1784095325343,1784095318575,6768
1784095325343,1784095318575,6768
1784095325343,1784095318575,6768
1784095325343,1784095318575,6768
1784095325343,1784095318575,6768
1784095325343,1784095318575,6768
1784095325343,1784095318575,6768
1784095325406,1784095318575,6831
1784095325406,1784095318575,6831
1784095325406,1784095318575,6831
1784095325406,1784095318575,6831
1784095325406,1784095318575,6831
1784095325406,1784095318575,6831
1784095325406,1784095318575,6831
1784095325406,1784095318575,6831
1784095325406,1784095318575,6831
1784095325406,1784095318575,6831
1784095325470,1784095318575,6895
1784095325470,1784095318575,6895
1784095325470,1784095318575,6895
1784095325470,1784095318575,6895
1784095325470,1784095318575,6895
1784095325470,1784095318575,6895
1784095325470,1784095318575,6895
1784095325470,1784095318575,6895
1784095325470,1784095318575,6895
1784095325470,1784095318575,6895
1784095325565,1784095318575,6990
1784095325565,1784095318575,6990
1784095325565,1784095318575,6990
1784095325565,1784095318575,6990
1784095325565,1784095318575,6990
1784095325565,1784095318575,6990
1784095325565,1784095318575,6990
1784095325565,1784095318575,6990
1784095325565,1784095318575,6990
1784095325565,1784095318575,6990
1784095325670,1784095318575,7095
1784095325670,1784095318575,7095
1784095325670,1784095318575,7095
1784095325670,1784095318575,7095
1784095325670,1784095318575,7095
1784095325670,1784095318575,7095
1784095325670,1784095318575,7095
1784095325670,1784095318575,7095
1784095325670,1784095318575,7095
1784095325670,1784095318575,7095
1784095325764,1784095318575,7189
1784095325764,1784095318575,7189
1784095325764,1784095318575,7189
1784095325764,1784095318575,7189
1784095325764,1784095318575,7189
1784095325764,1784095318575,7189
1784095325764,1784095318575,7189
1784095325764,1784095318575,7189
1784095325764,1784095318575,7189
1784095325764,1784095318575,7189
1784095325870,1784095318575,7295
1784095325870,1784095318575,7295
1784095325870,1784095318575,7295
1784095325870,1784095318575,7295
1784095325870,1784095318575,7295
1784095325870,1784095318575,7295
1784095325870,1784095318575,7295
1784095325870,1784095318575,7295
1784095325870,1784095318575,7295
1784095325870,1784095318575,7295
1784095325975,1784095318575,7400
1784095325975,1784095318575,7400
1784095325975,1784095318575,7400
1784095325975,1784095318575,7400
1784095325975,1784095318575,7400
1784095325975,1784095318575,7400
1784095325975,1784095318575,7400
1784095325975,1784095318575,7400
1784095325975,1784095318575,7400
1784095325975,1784095318575,7400
1784095326080,1784095318575,7505
1784095326080,1784095318575,7505
1784095326080,1784095318575,7505
1784095326080,1784095318575,7505
1784095326080,1784095318575,7505
1784095326080,1784095318575,7505
1784095326080,1784095318575,7505
1784095326080,1784095318575,7505
1784095326080,1784095318575,7505
1784095326080,1784095318575,7505
1784095326187,1784095318575,7612
1784095326187,1784095318575,7612
1784095326187,1784095318575,7612
1784095326187,1784095318575,7612
1784095326187,1784095318575,7612
1784095326187,1784095318575,7612
1784095326187,1784095318575,7612
1784095326187,1784095318575,7612
1784095326187,1784095318575,7612
1784095326187,1784095318575,7612
1784095326296,1784095318575,7721
1784095326296,1784095318575,7721
1784095326296,1784095318575,7721
1784095326296,1784095318575,7721
1784095326296,1784095318575,7721
1784095326296,1784095318575,7721
1784095326296,1784095318575,7721
1784095326296,1784095318575,7721
1784095326296,1784095318575,7721
1784095326296,1784095318575,7721
1784095326405,1784095318575,7830
1784095326405,1784095318575,7830
1784095326405,1784095318575,7830
1784095326405,1784095318575,7830
1784095326405,1784095318575,7830
1784095326405,1784095318575,7830
1784095326405,1784095318575,7830
1784095326405,1784095318575,7830
1784095326405,1784095318575,7830
1784095326405,1784095318575,7830
1784095326517,1784095318575,7942
1784095326517,1784095318575,7942
1784095326517,1784095318575,7942
1784095326517,1784095318575,7942
1784095326517,1784095318575,7942
1784095326517,1784095318575,7942
1784095326517,1784095318575,7942
1784095326517,1784095318575,7942
1784095326517,1784095318575,7942
1784095326517,1784095318575,7942
1784095326624,1784095318575,8049
1784095326624,1784095318575,8049
1784095326624,1784095318575,8049
1784095326624,1784095318575,8049
1784095326624,1784095318575,8049
1784095326624,1784095318575,8049
1784095326624,1784095318575,8049
1784095326624,1784095318575,8049
1784095326624,1784095318575,8049
1784095326624,1784095318575,8049
1784095326729,1784095318575,8154
1784095326729,1784095318575,8154
1784095326729,1784095318575,8154
1784095326729,1784095318575,8154
1784095326729,1784095318575,8154
1784095326729,1784095318575,8154
1784095326729,1784095318575,8154
1784095326729,1784095318575,8154
1784095326729,1784095318575,8154
1784095326729,1784095318575,8154
1784095326834,1784095318575,8259
1784095326834,1784095318575,8259
1784095326834,1784095318575,8259
1784095326834,1784095318575,8259
1784095326834,1784095318575,8259
1784095326834,1784095318575,8259
1784095326834,1784095318575,8259
1784095326834,1784095318575,8259
1784095326834,1784095318575,8259
1784095326834,1784095318575,8259
1784095326926,1784095318575,8351
1784095326926,1784095318575,8351
1784095326926,1784095318575,8351
1784095326926,1784095318575,8351
1784095326926,1784095318575,8351
1784095326926,1784095318575,8351
1784095326926,1784095318575,8351
1784095326926,1784095318575,8351
1784095326926,1784095318575,8351
1784095326926,1784095318575,8351
1784095327034,1784095318575,8459
1784095327034,1784095318575,8459
1784095327034,1784095318575,8459
1784095327034,1784095318575,8459
1784095327034,1784095318575,8459
1784095327034,1784095318575,8459
1784095327034,1784095318575,8459
1784095327034,1784095318575,8459
1784095327034,1784095318575,8459
1784095327034,1784095318575,8459
1784095327141,1784095318575,8566
1784095327141,1784095318575,8566
1784095327141,1784095318575,8566
1784095327141,1784095318575,8566
1784095327141,1784095318575,8566
1784095327141,1784095318575,8566
1784095327141,1784095318575,8566
1784095327141,1784095318575,8566
1784095327141,1784095318575,8566
1784095327141,1784095318575,8566
1784095327224,1784095318575,8649
1784095327224,1784095318575,8649
1784095327224,1784095318575,8649
1784095327224,1784095318575,8649
1784095327224,1784095318575,8649
1784095327224,1784095318575,8649
1784095327224,1784095318575,8649
1784095327224,1784095318575,8649
1784095327224,1784095318575,8649
1784095327224,1784095318575,8649
1784095327331,1784095318575,8756
1784095327331,1784095318575,8756
1784095327331,1784095318575,8756
1784095327331,1784095318575,8756
1784095327331,1784095318575,8756
1784095327331,1784095318575,8756
1784095327331,1784095318575,8756
1784095327331,1784095318575,8756
1784095327331,1784095318575,8756
1784095327331,1784095318575,8756
1784095327435,1784095318575,8860
1784095327435,1784095318575,8860
1784095327435,1784095318575,8860
1784095327435,1784095318575,8860
1784095327435,1784095318575,8860
1784095327435,1784095318575,8860
1784095327435,1784095318575,8860
1784095327435,1784095318575,8860
1784095327435,1784095318575,8860
1784095327435,1784095318575,8860
1784095327520,1784095318575,8945
1784095327520,1784095318575,8945
1784095327520,1784095318575,8945
1784095327520,1784095318575,8945
1784095327520,1784095318575,8945
1784095327520,1784095318575,8945
1784095327520,1784095318575,8945
1784095327520,1784095318575,8945
1784095327520,1784095318575,8945
1784095327520,1784095318575,8945
1784095327598,1784095318575,9023
1784095327598,1784095318575,9023
1784095327598,1784095318575,9023
1784095327598,1784095318575,9023
1784095327598,1784095318575,9023
1784095327598,1784095318575,9023
1784095327598,1784095318575,9023
1784095327598,1784095318575,9023
1784095327598,1784095318575,9023
1784095327598,1784095318575,9023
1784095327698,1784095318575,9123
1784095327698,1784095318575,9123
1784095327698,1784095318575,9123
1784095327698,1784095318575,9123
1784095327698,1784095318575,9123
1784095327698,1784095318575,9123
1784095327698,1784095318575,9123
1784095327698,1784095318575,9123
1784095327698,1784095318575,9123
1784095327698,1784095318575,9123
1784095327788,1784095318575,9213
1784095327788,1784095318575,9213
1784095327788,1784095318575,9213
1784095327788,1784095318575,9213
1784095327788,1784095318575,9213
1784095327788,1784095318575,9213
1784095327788,1784095318575,9213
1784095327788,1784095318575,9213
1784095327788,1784095318575,9213
1784095327788,1784095318575,9213
1784095327864,1784095318575,9289
1784095327864,1784095318575,9289
1784095327864,1784095318575,9289
1784095327864,1784095318575,9289
1784095327864,1784095318575,9289
1784095327864,1784095318575,9289
1784095327864,1784095318575,9289
1784095327864,1784095318575,9289
1784095327864,1784095318575,9289
1784095327864,1784095318575,9289
1784095327941,1784095318575,9366
1784095327941,1784095318575,9366
1784095327941,1784095318575,9366
1784095327941,1784095318575,9366
1784095327941,1784095318575,9366
1784095327941,1784095318575,9366
1784095327941,1784095318575,9366
1784095327941,1784095318575,9366
1784095327941,1784095318575,9366
1784095327941,1784095318575,9366
1784095328045,1784095318575,9470
1784095328045,1784095318575,9470
1784095328045,1784095318575,9470
1784095328045,1784095318575,9470
1784095328045,1784095318575,9470
1784095328045,1784095318575,9470
1784095328045,1784095318575,9470
1784095328045,1784095318575,9470
1784095328045,1784095318575,9470
1784095328045,1784095318575,9470
1784095328153,1784095318575,9578
1784095328153,1784095318575,9578
1784095328153,1784095318575,9578
1784095328153,1784095318575,9578
1784095328153,1784095318575,9578
1784095328153,1784095318575,9578
1784095328153,1784095318575,9578
1784095328153,1784095318575,9578
1784095328153,1784095318575,9578
1784095328153,1784095318575,9578
1784095328248,1784095318575,9673
1784095328248,1784095318575,9673
1784095328248,1784095318575,9673
1784095328248,1784095318575,9673
1784095328248,1784095318575,9673
1784095328248,1784095318575,9673
1784095328248,1784095318575,9673
1784095328248,1784095318575,9673
1784095328248,1784095318575,9673
1784095328248,1784095318575,9673
1784095328348,1784095318575,9773
1784095328348,1784095318575,9773
1784095328348,1784095318575,9773
1784095328348,1784095318575,9773
1784095328348,1784095318575,9773
1784095328348,1784095318575,9773
1784095328348,1784095318575,9773
1784095328348,1784095318575,9773
1784095328348,1784095318575,9773
1784095328348,1784095318575,9773
1784095328455,1784095318575,9880
1784095328455,1784095318575,9880
1784095328455,1784095318575,9880
1784095328455,1784095318575,9880
1784095328455,1784095318575,9880
1784095328455,1784095318575,9880
1784095328455,1784095318575,9880
1784095328455,1784095318575,9880
1784095328455,1784095318575,9880
1784095328455,1784095318575,9880
1784095348828,1784095343604,5224
1784095348828,1784095343604,5224
1784095348828,1784095343604,5224
1784095348828,1784095343604,5224
1784095348828,1784095343604,5224
1784095348828,1784095343604,5224
1784095348828,1784095343604,5224
1784095348828,1784095343604,5224
1784095348828,1784095343604,5224
1784095348828,1784095343604,5224
1784095348907,1784095343604,5303
1784095348907,1784095343604,5303
1784095348907,1784095343604,5303
1784095348907,1784095343604,5303
1784095348907,1784095343604,5303
1784095348907,1784095343604,5303
1784095348907,1784095343604,5303
1784095348907,1784095343604,5303
1784095348907,1784095343604,5303
1784095348907,1784095343604,5303
1784095348997,1784095343604,5393
1784095348997,1784095343604,5393
1784095348997,1784095343604,5393
1784095348997,1784095343604,5393
1784095348997,1784095343604,5393
1784095348997,1784095343604,5393
1784095348997,1784095343604,5393
1784095348997,1784095343604,5393
1784095348997,1784095343604,5393
1784095348997,1784095343604,5393
1784095349097,1784095343604,5493
1784095349097,1784095343604,5493
1784095349097,1784095343604,5493
1784095349097,1784095343604,5493
1784095349097,1784095343604,5493
1784095349097,1784095343604,5493
1784095349097,1784095343604,5493
1784095349097,1784095343604,5493
1784095349097,1784095343604,5493
1784095349097,1784095343604,5493
1784095349198,1784095343604,5594
1784095349198,1784095343604,5594
1784095349198,1784095343604,5594
1784095349198,1784095343604,5594
1784095349198,1784095343604,5594
1784095349198,1784095343604,5594
1784095349198,1784095343604,5594
1784095349198,1784095343604,5594
1784095349198,1784095343604,5594
1784095349198,1784095343604,5594
1784095349303,1784095343604,5699
1784095349303,1784095343604,5699
1784095349303,1784095343604,5699
1784095349303,1784095343604,5699
1784095349303,1784095343604,5699
1784095349303,1784095343604,5699
1784095349303,1784095343604,5699
1784095349303,1784095343604,5699
1784095349303,1784095343604,5699
1784095349303,1784095343604,5699
1784095349406,1784095343604,5802
1784095349406,1784095343604,5802
1784095349406,1784095343604,5802
1784095349406,1784095343604,5802
1784095349406,1784095343604,5802
1784095349406,1784095343604,5802
1784095349406,1784095343604,5802
1784095349406,1784095343604,5802
1784095349406,1784095343604,5802
1784095349406,1784095343604,5802
1784095349512,1784095343604,5908
1784095349512,1784095343604,5908
1784095349512,1784095343604,5908
1784095349512,1784095343604,5908
1784095349512,1784095343604,5908
1784095349512,1784095343604,5908
1784095349512,1784095343604,5908
1784095349512,1784095343604,5908
1784095349512,1784095343604,5908
1784095349512,1784095343604,5908
1784095349614,1784095343604,6010
1784095349614,1784095343604,6010
1784095349614,1784095343604,6010
1784095349614,1784095343604,6010
1784095349614,1784095343604,6010
1784095349614,1784095343604,6010
1784095349614,1784095343604,6010
1784095349614,1784095343604,6010
1784095349614,1784095343604,6010
1784095349614,1784095343604,6010
1784095349794,1784095343604,6190
1784095349794,1784095343604,6190
1784095349794,1784095343604,6190
1784095349794,1784095343604,6190
1784095349794,1784095343604,6190
1784095349794,1784095343604,6190
1784095349794,1784095343604,6190
1784095349794,1784095343604,6190
1784095349794,1784095343604,6190
1784095349794,1784095343604,6190
1784095349900,1784095343604,6296
1784095349900,1784095343604,6296
1784095349900,1784095343604,6296
1784095349900,1784095343604,6296
1784095349900,1784095343604,6296
1784095349900,1784095343604,6296
1784095349900,1784095343604,6296
1784095349900,1784095343604,6296
1784095349900,1784095343604,6296
1784095349900,1784095343604,6296
1784095350004,1784095343604,6400
1784095350004,1784095343604,6400
1784095350004,1784095343604,6400
1784095350004,1784095343604,6400
1784095350004,1784095343604,6400
1784095350004,1784095343604,6400
1784095350004,1784095343604,6400
1784095350004,1784095343604,6400
1784095350004,1784095343604,6400
1784095350004,1784095343604,6400
1784095350096,1784095343604,6492
1784095350096,1784095343604,6492
1784095350096,1784095343604,6492
1784095350096,1784095343604,6492
1784095350096,1784095343604,6492
1784095350096,1784095343604,6492
1784095350096,1784095343604,6492
1784095350096,1784095343604,6492
1784095350096,1784095343604,6492
1784095350096,1784095343604,6492
1784095350206,1784095343604,6602
1784095350206,1784095343604,6602
1784095350206,1784095343604,6602
1784095350206,1784095343604,6602
1784095350206,1784095343604,6602
1784095350206,1784095343604,6602
1784095350206,1784095343604,6602
1784095350206,1784095343604,6602
1784095350206,1784095343604,6602
1784095350206,1784095343604,6602
1784095350320,1784095343604,6716
1784095350320,1784095343604,6716
1784095350320,1784095343604,6716
1784095350320,1784095343604,6716
1784095350320,1784095343604,6716
1784095350320,1784095343604,6716
1784095350320,1784095343604,6716
1784095350320,1784095343604,6716
1784095350320,1784095343604,6716
1784095350320,1784095343604,6716
1784095350429,1784095343604,6825
1784095350429,1784095343604,6825
1784095350429,1784095343604,6825
1784095350429,1784095343604,6825
1784095350429,1784095343604,6825
1784095350429,1784095343604,6825
1784095350429,1784095343604,6825
1784095350429,1784095343604,6825
1784095350429,1784095343604,6825
1784095350429,1784095343604,6825
1784095350539,1784095343604,6935
1784095350539,1784095343604,6935
1784095350539,1784095343604,6935
1784095350539,1784095343604,6935
1784095350539,1784095343604,6935
1784095350539,1784095343604,6935
1784095350539,1784095343604,6935
1784095350539,1784095343604,6935
1784095350539,1784095343604,6935
1784095350539,1784095343604,6935
1784095350645,1784095343604,7041
1784095350645,1784095343604,7041
1784095350645,1784095343604,7041
1784095350645,1784095343604,7041
1784095350645,1784095343604,7041
1784095350645,1784095343604,7041
1784095350645,1784095343604,7041
1784095350645,1784095343604,7041
1784095350645,1784095343604,7041
1784095350645,1784095343604,7041
1784095350752,1784095343604,7148
1784095350752,1784095343604,7148
1784095350752,1784095343604,7148
1784095350752,1784095343604,7148
1784095350752,1784095343604,7148
1784095350752,1784095343604,7148
1784095350752,1784095343604,7148
1784095350752,1784095343604,7148
1784095350752,1784095343604,7148
1784095350752,1784095343604,7148
1784095350860,1784095343604,7256
1784095350860,1784095343604,7256
1784095350860,1784095343604,7256
1784095350860,1784095343604,7256
1784095350860,1784095343604,7256
1784095350860,1784095343604,7256
1784095350860,1784095343604,7256
1784095350860,1784095343604,7256
1784095350860,1784095343604,7256
1784095350860,1784095343604,7256
1784095350975,1784095343604,7371
1784095350975,1784095343604,7371
1784095350975,1784095343604,7371
1784095350975,1784095343604,7371
1784095350975,1784095343604,7371
1784095350975,1784095343604,7371
1784095350975,1784095343604,7371
1784095350975,1784095343604,7371
1784095350975,1784095343604,7371
1784095350975,1784095343604,7371
1784095351084,1784095343604,7480
1784095351084,1784095343604,7480
1784095351084,1784095343604,7480
1784095351084,1784095343604,7480
1784095351084,1784095343604,7480
1784095351084,1784095343604,7480
1784095351084,1784095343604,7480
1784095351084,1784095343604,7480
1784095351084,1784095343604,7480
1784095351084,1784095343604,7480
1784095351195,1784095343604,7591
1784095351195,1784095343604,7591
1784095351195,1784095343604,7591
1784095351195,1784095343604,7591
1784095351195,1784095343604,7591
1784095351195,1784095343604,7591
1784095351195,1784095343604,7591
1784095351195,1784095343604,7591
1784095351195,1784095343604,7591
1784095351195,1784095343604,7591
1784095351303,1784095343604,7699
1784095351303,1784095343604,7699
1784095351303,1784095343604,7699
1784095351303,1784095343604,7699
1784095351303,1784095343604,7699
1784095351303,1784095343604,7699
1784095351303,1784095343604,7699
1784095351303,1784095343604,7699
1784095351303,1784095343604,7699
1784095351303,1784095343604,7699
1784095351409,1784095343604,7805
1784095351409,1784095343604,7805
1784095351409,1784095343604,7805
1784095351409,1784095343604,7805
1784095351409,1784095343604,7805
1784095351409,1784095343604,7805
1784095351409,1784095343604,7805
1784095351409,1784095343604,7805
1784095351409,1784095343604,7805
1784095351409,1784095343604,7805
1784095351516,1784095343604,7912
1784095351516,1784095343604,7912
1784095351516,1784095343604,7912
1784095351516,1784095343604,7912
1784095351516,1784095343604,7912
1784095351516,1784095343604,7912
1784095351516,1784095343604,7912
1784095351516,1784095343604,7912
1784095351516,1784095343604,7912
1784095351516,1784095343604,7912
1784095351624,1784095343604,8020
1784095351624,1784095343604,8020
1784095351624,1784095343604,8020
1784095351624,1784095343604,8020
1784095351624,1784095343604,8020
1784095351624,1784095343604,8020
1784095351624,1784095343604,8020
1784095351624,1784095343604,8020
1784095351624,1784095343604,8020
1784095351624,1784095343604,8020
1784095351731,1784095343604,8127
1784095351731,1784095343604,8127
1784095351731,1784095343604,8127
1784095351731,1784095343604,8127
1784095351731,1784095343604,8127
1784095351731,1784095343604,8127
1784095351731,1784095343604,8127
1784095351731,1784095343604,8127
1784095351731,1784095343604,8127
1784095351731,1784095343604,8127
1784095351839,1784095343604,8235
1784095351839,1784095343604,8235
1784095351839,1784095343604,8235
1784095351839,1784095343604,8235
1784095351839,1784095343604,8235
1784095351839,1784095343604,8235
1784095351839,1784095343604,8235
1784095351839,1784095343604,8235
1784095351839,1784095343604,8235
1784095351839,1784095343604,8235
1784095351942,1784095343604,8338
1784095351942,1784095343604,8338
1784095351942,1784095343604,8338
1784095351942,1784095343604,8338
1784095351942,1784095343604,8338
1784095351942,1784095343604,8338
1784095351942,1784095343604,8338
1784095351942,1784095343604,8338
1784095351942,1784095343604,8338
1784095351942,1784095343604,8338
1784095352050,1784095343604,8446
1784095352050,1784095343604,8446
1784095352050,1784095343604,8446
1784095352050,1784095343604,8446
1784095352050,1784095343604,8446
1784095352050,1784095343604,8446
1784095352050,1784095343604,8446
1784095352050,1784095343604,8446
1784095352050,1784095343604,8446
1784095352050,1784095343604,8446
1784095352161,1784095343604,8557
1784095352161,1784095343604,8557
1784095352161,1784095343604,8557
1784095352161,1784095343604,8557
1784095352161,1784095343604,8557
1784095352161,1784095343604,8557
1784095352161,1784095343604,8557
1784095352161,1784095343604,8557
1784095352161,1784095343604,8557
1784095352161,1784095343604,8557
1784095352275,1784095343604,8671
1784095352275,1784095343604,8671
1784095352275,1784095343604,8671
1784095352275,1784095343604,8671
1784095352275,1784095343604,8671
1784095352275,1784095343604,8671
1784095352275,1784095343604,8671
1784095352275,1784095343604,8671
1784095352275,1784095343604,8671
1784095352275,1784095343604,8671
1784095352390,1784095343604,8786
1784095352390,1784095343604,8786
1784095352390,1784095343604,8786
1784095352390,1784095343604,8786
1784095352390,1784095343604,8786
1784095352390,1784095343604,8786
1784095352390,1784095343604,8786
1784095352390,1784095343604,8786
1784095352390,1784095343604,8786
1784095352390,1784095343604,8786
1784095352495,1784095343604,8891
1784095352495,1784095343604,8891
1784095352495,1784095343604,8891
1784095352495,1784095343604,8891
1784095352495,1784095343604,8891
1784095352495,1784095343604,8891
1784095352495,1784095343604,8891
1784095352495,1784095343604,8891
1784095352495,1784095343604,8891
1784095352495,1784095343604,8891
1784095352597,1784095343604,8993
1784095352597,1784095343604,8993
1784095352597,1784095343604,8993
1784095352597,1784095343604,8993
1784095352597,1784095343604,8993
1784095352597,1784095343604,8993
1784095352597,1784095343604,8993
1784095352597,1784095343604,8993
1784095352597,1784095343604,8993
1784095352597,1784095343604,8993
1784095352701,1784095343604,9097
1784095352701,1784095343604,9097
1784095352701,1784095343604,9097
1784095352701,1784095343604,9097
1784095352701,1784095343604,9097
1784095352701,1784095343604,9097
1784095352701,1784095343604,9097
1784095352701,1784095343604,9097
1784095352701,1784095343604,9097
1784095352701,1784095343604,9097
1784095352802,1784095343604,9198
1784095352802,1784095343604,9198
1784095352802,1784095343604,9198
1784095352802,1784095343604,9198
1784095352802,1784095343604,9198
1784095352802,1784095343604,9198
1784095352802,1784095343604,9198
1784095352802,1784095343604,9198
1784095352802,1784095343604,9198
1784095352802,1784095343604,9198
1784095352892,1784095343604,9288
1784095352892,1784095343604,9288
1784095352892,1784095343604,9288
1784095352892,1784095343604,9288
1784095352892,1784095343604,9288
1784095352892,1784095343604,9288
1784095352892,1784095343604,9288
1784095352892,1784095343604,9288
1784095352892,1784095343604,9288
1784095352892,1784095343604,9288
1784095352996,1784095343604,9392
1784095352996,1784095343604,9392
1784095352996,1784095343604,9392
1784095352996,1784095343604,9392
1784095352996,1784095343604,9392
1784095352996,1784095343604,9392
1784095352996,1784095343604,9392
1784095352996,1784095343604,9392
1784095352996,1784095343604,9392
1784095352996,1784095343604,9392
1784095353099,1784095343604,9495
1784095353099,1784095343604,9495
1784095353099,1784095343604,9495
1784095353099,1784095343604,9495
1784095353099,1784095343604,9495
1784095353099,1784095343604,9495
1784095353099,1784095343604,9495
1784095353099,1784095343604,9495
1784095353099,1784095343604,9495
1784095353099,1784095343604,9495
1784095353206,1784095343604,9602
1784095353206,1784095343604,9602
1784095353206,1784095343604,9602
1784095353206,1784095343604,9602
1784095353206,1784095343604,9602
1784095353206,1784095343604,9602
1784095353206,1784095343604,9602
1784095353206,1784095343604,9602
1784095353206,1784095343604,9602
1784095353206,1784095343604,9602
1784095353314,1784095343604,9710
1784095353314,1784095343604,9710
1784095353314,1784095343604,9710
1784095353314,1784095343604,9710
1784095353314,1784095343604,9710
1784095353314,1784095343604,9710
1784095353314,1784095343604,9710
1784095353314,1784095343604,9710
1784095353314,1784095343604,9710
1784095353314,1784095343604,9710
1784095353425,1784095343604,9821
1784095353425,1784095343604,9821
1784095353425,1784095343604,9821
1784095353425,1784095343604,9821
1784095353425,1784095343604,9821
1784095353425,1784095343604,9821
1784095353425,1784095343604,9821
1784095353425,1784095343604,9821
1784095353425,1784095343604,9821
1784095353425,1784095343604,9821
1784095353528,1784095343604,9924
1784095353528,1784095343604,9924
1784095353528,1784095343604,9924
1784095353528,1784095343604,9924
1784095353528,1784095343604,9924
1784095353528,1784095343604,9924
1784095353528,1784095343604,9924
1784095353528,1784095343604,9924
1784095353528,1784095343604,9924
1784095353528,1784095343604,9924
1784095353622,1784095343604,10018
1784095353622,1784095343604,10018
1784095353622,1784095343604,10018
1784095353622,1784095343604,10018
1784095353622,1784095343604,10018
1784095353622,1784095343604,10018
1784095353622,1784095343604,10018
1784095353622,1784095343604,10018
1784095353622,1784095343604,10018
1784095353622,1784095343604,10018
1784095353733,1784095343604,10129
1784095353733,1784095343604,10129
1784095353733,1784095343604,10129
1784095353733,1784095343604,10129
1784095353733,1784095343604,10129
1784095353733,1784095343604,10129
1784095353733,1784095343604,10129
1784095353733,1784095343604,10129
1784095353733,1784095343604,10129
1784095353733,1784095343604,10129
1784095353841,1784095343604,10237
1784095353841,1784095343604,10237
1784095353841,1784095343604,10237
1784095353841,1784095343604,10237
1784095353841,1784095343604,10237
1784095353841,1784095343604,10237
1784095353841,1784095343604,10237
1784095353841,1784095343604,10237
1784095353841,1784095343604,10237
1784095353841,1784095343604,10237
1784095353948,1784095343604,10344
1784095353948,1784095343604,10344
1784095353948,1784095343604,10344
1784095353948,1784095343604,10344
1784095353948,1784095343604,10344
1784095353948,1784095343604,10344
1784095353948,1784095343604,10344
1784095353948,1784095343604,10344
1784095353948,1784095343604,10344
1784095353948,1784095343604,10344
1784095354053,1784095343604,10449
1784095354053,1784095343604,10449
1784095354053,1784095343604,10449
1784095354053,1784095343604,10449
1784095354053,1784095343604,10449
1784095354053,1784095343604,10449
1784095354053,1784095343604,10449
1784095354053,1784095343604,10449
1784095354053,1784095343604,10449
1784095354053,1784095343604,10449
1784095367070,1784095361427,5643
1784095367070,1784095361427,5643
1784095367070,1784095361427,5643
1784095367070,1784095361427,5643
1784095367070,1784095361427,5643
1784095367070,1784095361427,5643
1784095367070,1784095361427,5643
1784095367070,1784095361427,5643
1784095367070,1784095361427,5643
1784095367070,1784095361427,5643
1784095367132,1784095361427,5705
1784095367132,1784095361427,5705
1784095367132,1784095361427,5705
1784095367132,1784095361427,5705
1784095367132,1784095361427,5705
1784095367132,1784095361427,5705
1784095367132,1784095361427,5705
1784095367132,1784095361427,5705
1784095367132,1784095361427,5705
1784095367132,1784095361427,5705
1784095367196,1784095361427,5769
1784095367196,1784095361427,5769
1784095367196,1784095361427,5769
1784095367196,1784095361427,5769
1784095367196,1784095361427,5769
1784095367196,1784095361427,5769
1784095367196,1784095361427,5769
1784095367196,1784095361427,5769
1784095367196,1784095361427,5769
1784095367196,1784095361427,5769
1784095367297,1784095361427,5870
1784095367297,1784095361427,5870
1784095367297,1784095361427,5870
1784095367297,1784095361427,5870
1784095367297,1784095361427,5870
1784095367297,1784095361427,5870
1784095367297,1784095361427,5870
1784095367297,1784095361427,5870
1784095367297,1784095361427,5870
1784095367297,1784095361427,5870
1784095367359,1784095361427,5932
1784095367359,1784095361427,5932
1784095367359,1784095361427,5932
1784095367359,1784095361427,5932
1784095367359,1784095361427,5932
1784095367359,1784095361427,5932
1784095367359,1784095361427,5932
1784095367359,1784095361427,5932
1784095367359,1784095361427,5932
1784095367359,1784095361427,5932
1784095367421,1784095361427,5994
1784095367421,1784095361427,5994
1784095367421,1784095361427,5994
1784095367421,1784095361427,5994
1784095367421,1784095361427,5994
1784095367421,1784095361427,5994
1784095367421,1784095361427,5994
1784095367421,1784095361427,5994
1784095367421,1784095361427,5994
1784095367421,1784095361427,5994
1784095367484,1784095361427,6057
1784095367484,1784095361427,6057
1784095367484,1784095361427,6057
1784095367484,1784095361427,6057
1784095367484,1784095361427,6057
1784095367484,1784095361427,6057
1784095367484,1784095361427,6057
1784095367484,1784095361427,6057
1784095367484,1784095361427,6057
1784095367484,1784095361427,6057
1784095367544,1784095361427,6117
1784095367544,1784095361427,6117
1784095367544,1784095361427,6117
1784095367544,1784095361427,6117
1784095367544,1784095361427,6117
1784095367544,1784095361427,6117
1784095367544,1784095361427,6117
1784095367544,1784095361427,6117
1784095367544,1784095361427,6117
1784095367544,1784095361427,6117
1784095367604,1784095361427,6177
1784095367604,1784095361427,6177
1784095367604,1784095361427,6177
1784095367604,1784095361427,6177
1784095367604,1784095361427,6177
1784095367604,1784095361427,6177
1784095367604,1784095361427,6177
1784095367604,1784095361427,6177
1784095367604,1784095361427,6177
1784095367604,1784095361427,6177
1784095367663,1784095361427,6236
1784095367663,1784095361427,6236
1784095367663,1784095361427,6236
1784095367663,1784095361427,6236
1784095367663,1784095361427,6236
1784095367663,1784095361427,6236
1784095367663,1784095361427,6236
1784095367663,1784095361427,6236
1784095367663,1784095361427,6236
1784095367663,1784095361427,6236
1784095367723,1784095361427,6296
1784095367723,1784095361427,6296
1784095367723,1784095361427,6296
1784095367723,1784095361427,6296
1784095367723,1784095361427,6296
1784095367723,1784095361427,6296
1784095367723,1784095361427,6296
1784095367723,1784095361427,6296
1784095367723,1784095361427,6296
1784095367723,1784095361427,6296
1784095367783,1784095361427,6356
1784095367783,1784095361427,6356
1784095367783,1784095361427,6356
1784095367783,1784095361427,6356
1784095367783,1784095361427,6356
1784095367783,1784095361427,6356
1784095367783,1784095361427,6356
1784095367783,1784095361427,6356
1784095367783,1784095361427,6356
1784095367783,1784095361427,6356
1784095367842,1784095361427,6415
1784095367842,1784095361427,6415
1784095367842,1784095361427,6415
1784095367842,1784095361427,6415
1784095367842,1784095361427,6415
1784095367842,1784095361427,6415
1784095367842,1784095361427,6415
1784095367842,1784095361427,6415
1784095367842,1784095361427,6415
1784095367842,1784095361427,6415
1784095367901,1784095361427,6474
1784095367901,1784095361427,6474
1784095367901,1784095361427,6474
1784095367901,1784095361427,6474
1784095367901,1784095361427,6474
1784095367901,1784095361427,6474
1784095367901,1784095361427,6474
1784095367901,1784095361427,6474
1784095367901,1784095361427,6474
1784095367901,1784095361427,6474
1784095367961,1784095361427,6534
1784095367961,1784095361427,6534
1784095367961,1784095361427,6534
1784095367961,1784095361427,6534
1784095367961,1784095361427,6534
1784095367961,1784095361427,6534
1784095367961,1784095361427,6534
1784095367961,1784095361427,6534
1784095367961,1784095361427,6534
1784095367961,1784095361427,6534
1784095368024,1784095361427,6597
1784095368024,1784095361427,6597
1784095368024,1784095361427,6597
1784095368024,1784095361427,6597
1784095368024,1784095361427,6597
1784095368024,1784095361427,6597
1784095368024,1784095361427,6597
1784095368024,1784095361427,6597
1784095368024,1784095361427,6597
1784095368024,1784095361427,6597
1784095368083,1784095361427,6656
1784095368083,1784095361427,6656
1784095368083,1784095361427,6656
1784095368083,1784095361427,6656
1784095368083,1784095361427,6656
1784095368083,1784095361427,6656
1784095368083,1784095361427,6656
1784095368083,1784095361427,6656
1784095368083,1784095361427,6656
1784095368083,1784095361427,6656
1784095368143,1784095361427,6716
1784095368143,1784095361427,6716
1784095368143,1784095361427,6716
1784095368143,1784095361427,6716
1784095368143,1784095361427,6716
1784095368143,1784095361427,6716
1784095368143,1784095361427,6716
1784095368143,1784095361427,6716
1784095368143,1784095361427,6716
1784095368143,1784095361427,6716
1784095368203,1784095361427,6776
1784095368203,1784095361427,6776
1784095368203,1784095361427,6776
1784095368203,1784095361427,6776
1784095368203,1784095361427,6776
1784095368203,1784095361427,6776
1784095368203,1784095361427,6776
1784095368203,1784095361427,6776
1784095368203,1784095361427,6776
1784095368203,1784095361427,6776
1784095368263,1784095361427,6836
1784095368263,1784095361427,6836
1784095368263,1784095361427,6836
1784095368263,1784095361427,6836
1784095368263,1784095361427,6836
1784095368263,1784095361427,6836
1784095368263,1784095361427,6836
1784095368263,1784095361427,6836
1784095368263,1784095361427,6836
1784095368263,1784095361427,6836
1784095368359,1784095361427,6932
1784095368359,1784095361427,6932
1784095368359,1784095361427,6932
1784095368359,1784095361427,6932
1784095368359,1784095361427,6932
1784095368359,1784095361427,6932
1784095368359,1784095361427,6932
1784095368359,1784095361427,6932
1784095368359,1784095361427,6932
1784095368359,1784095361427,6932
1784095368481,1784095361427,7054
1784095368481,1784095361427,7054
1784095368481,1784095361427,7054
1784095368481,1784095361427,7054
1784095368481,1784095361427,7054
1784095368481,1784095361427,7054
1784095368481,1784095361427,7054
1784095368481,1784095361427,7054
1784095368481,1784095361427,7054
1784095368481,1784095361427,7054
1784095368624,1784095361427,7197
1784095368624,1784095361427,7197
1784095368624,1784095361427,7197
1784095368624,1784095361427,7197
1784095368624,1784095361427,7197
1784095368624,1784095361427,7197
1784095368624,1784095361427,7197
1784095368624,1784095361427,7197
1784095368624,1784095361427,7197
1784095368624,1784095361427,7197
1784095368733,1784095361427,7306
1784095368733,1784095361427,7306
1784095368733,1784095361427,7306
1784095368733,1784095361427,7306
1784095368733,1784095361427,7306
1784095368733,1784095361427,7306
1784095368733,1784095361427,7306
1784095368733,1784095361427,7306
1784095368733,1784095361427,7306
1784095368733,1784095361427,7306
1784095368861,1784095361427,7434
1784095368861,1784095361427,7434
1784095368861,1784095361427,7434
1784095368861,1784095361427,7434
1784095368861,1784095361427,7434
1784095368861,1784095361427,7434
1784095368861,1784095361427,7434
1784095368861,1784095361427,7434
1784095368861,1784095361427,7434
1784095368861,1784095361427,7434
1784095368982,1784095361427,7555
1784095368982,1784095361427,7555
1784095368982,1784095361427,7555
1784095368982,1784095361427,7555
1784095368982,1784095361427,7555
1784095368982,1784095361427,7555
1784095368982,1784095361427,7555
1784095368982,1784095361427,7555
1784095368982,1784095361427,7555
1784095368982,1784095361427,7555
1784095369049,1784095361427,7622
1784095369049,1784095361427,7622
1784095369049,1784095361427,7622
1784095369049,1784095361427,7622
1784095369049,1784095361427,7622
1784095369049,1784095361427,7622
1784095369049,1784095361427,7622
1784095369049,1784095361427,7622
1784095369049,1784095361427,7622
1784095369049,1784095361427,7622
1784095369109,1784095361427,7682
1784095369109,1784095361427,7682
1784095369109,1784095361427,7682
1784095369109,1784095361427,7682
1784095369109,1784095361427,7682
1784095369109,1784095361427,7682
1784095369109,1784095361427,7682
1784095369109,1784095361427,7682
1784095369109,1784095361427,7682
1784095369109,1784095361427,7682
1784095369167,1784095361427,7740
1784095369167,1784095361427,7740
1784095369167,1784095361427,7740
1784095369167,1784095361427,7740
1784095369167,1784095361427,7740
1784095369167,1784095361427,7740
1784095369167,1784095361427,7740
1784095369167,1784095361427,7740
1784095369167,1784095361427,7740
1784095369167,1784095361427,7740
1784095369224,1784095361427,7797
1784095369224,1784095361427,7797
1784095369224,1784095361427,7797
1784095369224,1784095361427,7797
1784095369224,1784095361427,7797
1784095369224,1784095361427,7797
1784095369224,1784095361427,7797
1784095369224,1784095361427,7797
1784095369224,1784095361427,7797
1784095369224,1784095361427,7797
1784095369287,1784095361427,7860
1784095369287,1784095361427,7860
1784095369287,1784095361427,7860
1784095369287,1784095361427,7860
1784095369287,1784095361427,7860
1784095369287,1784095361427,7860
1784095369287,1784095361427,7860
1784095369287,1784095361427,7860
1784095369287,1784095361427,7860
1784095369287,1784095361427,7860
1784095369314,1784095363037,6277
1784095369314,1784095363037,6277
1784095369314,1784095363037,6277
1784095369314,1784095363037,6277
1784095369314,1784095363037,6277
1784095369314,1784095363037,6277
1784095369314,1784095363037,6277
1784095369348,1784095361427,7921
1784095369348,1784095361427,7921
1784095369348,1784095361427,7921
1784095369348,1784095361427,7921
1784095369348,1784095361427,7921
1784095369348,1784095361427,7921
1784095369348,1784095361427,7921
1784095369348,1784095361427,7921
1784095369348,1784095361427,7921
1784095369348,1784095361427,7921
1784095369314,1784095363037,6277
1784095369314,1784095363037,6277
1784095369314,1784095363037,6277
1784095369404,1784095363037,6367
1784095369404,1784095363037,6367
1784095369404,1784095363037,6367
1784095369404,1784095363037,6367
1784095369404,1784095363037,6367
1784095369404,1784095363037,6367
1784095369404,1784095363037,6367
1784095369404,1784095363037,6367
1784095369404,1784095363037,6367
1784095369404,1784095363037,6367
1784095369408,1784095361427,7981
1784095369408,1784095361427,7981
1784095369408,1784095361427,7981
1784095369408,1784095361427,7981
1784095369408,1784095361427,7981
1784095369408,1784095361427,7981
1784095369408,1784095361427,7981
1784095369408,1784095361427,7981
1784095369408,1784095361427,7981
1784095369408,1784095361427,7981
1784095369465,1784095363037,6428
1784095369465,1784095363037,6428
1784095369465,1784095363037,6428
1784095369465,1784095363037,6428
1784095369465,1784095363037,6428
1784095369465,1784095363037,6428
1784095369465,1784095363037,6428
1784095369465,1784095363037,6428
1784095369465,1784095363037,6428
1784095369465,1784095363037,6428
1784095369470,1784095361427,8043
1784095369470,1784095361427,8043
1784095369470,1784095361427,8043
1784095369470,1784095361427,8043
1784095369470,1784095361427,8043
1784095369470,1784095361427,8043
1784095369470,1784095361427,8043
1784095369470,1784095361427,8043
1784095369470,1784095361427,8043
1784095369470,1784095361427,8043
1784095369523,1784095363037,6486
1784095369523,1784095363037,6486
1784095369523,1784095363037,6486
1784095369523,1784095363037,6486
1784095369523,1784095363037,6486
1784095369523,1784095363037,6486
1784095369523,1784095363037,6486
1784095369523,1784095363037,6486
1784095369523,1784095363037,6486
1784095369523,1784095363037,6486
1784095369532,1784095361427,8105
1784095369532,1784095361427,8105
1784095369532,1784095361427,8105
1784095369532,1784095361427,8105
1784095369532,1784095361427,8105
1784095369532,1784095361427,8105
1784095369532,1784095361427,8105
1784095369532,1784095361427,8105
1784095369532,1784095361427,8105
1784095369532,1784095361427,8105
1784095369586,1784095363037,6549
1784095369586,1784095363037,6549
1784095369586,1784095363037,6549
1784095369586,1784095363037,6549
1784095369586,1784095363037,6549
1784095369586,1784095363037,6549
1784095369586,1784095363037,6549
1784095369586,1784095363037,6549
1784095369586,1784095363037,6549
1784095369586,1784095363037,6549
1784095369594,1784095361427,8167
1784095369594,1784095361427,8167
1784095369594,1784095361427,8167
1784095369594,1784095361427,8167
1784095369594,1784095361427,8167
1784095369594,1784095361427,8167
1784095369594,1784095361427,8167
1784095369594,1784095361427,8167
1784095369594,1784095361427,8167
1784095369594,1784095361427,8167
1784095369647,1784095363037,6610
1784095369647,1784095363037,6610
1784095369647,1784095363037,6610
1784095369647,1784095363037,6610
1784095369647,1784095363037,6610
1784095369647,1784095363037,6610
1784095369647,1784095363037,6610
1784095369647,1784095363037,6610
1784095369647,1784095363037,6610
1784095369647,1784095363037,6610
1784095369656,1784095361427,8229
1784095369656,1784095361427,8229
1784095369656,1784095361427,8229
1784095369656,1784095361427,8229
1784095369656,1784095361427,8229
1784095369656,1784095361427,8229
1784095369656,1784095361427,8229
1784095369656,1784095361427,8229
1784095369656,1784095361427,8229
1784095369656,1784095361427,8229
1784095369708,1784095363037,6671
1784095369708,1784095363037,6671
1784095369708,1784095363037,6671
1784095369708,1784095363037,6671
1784095369708,1784095363037,6671
1784095369708,1784095363037,6671
1784095369708,1784095363037,6671
1784095369708,1784095363037,6671
1784095369708,1784095363037,6671
1784095369708,1784095363037,6671
1784095369714,1784095361427,8287
1784095369714,1784095361427,8287
1784095369714,1784095361427,8287
1784095369714,1784095361427,8287
1784095369714,1784095361427,8287
1784095369714,1784095361427,8287
1784095369714,1784095361427,8287
1784095369714,1784095361427,8287
1784095369714,1784095361427,8287
1784095369714,1784095361427,8287
1784095369770,1784095363037,6733
1784095369770,1784095363037,6733
1784095369770,1784095363037,6733
1784095369770,1784095363037,6733
1784095369770,1784095363037,6733
1784095369770,1784095363037,6733
1784095369770,1784095363037,6733
1784095369770,1784095363037,6733
1784095369770,1784095363037,6733
1784095369770,1784095363037,6733
1784095369776,1784095361427,8349
1784095369776,1784095361427,8349
1784095369776,1784095361427,8349
1784095369776,1784095361427,8349
1784095369776,1784095361427,8349
1784095369776,1784095361427,8349
1784095369776,1784095361427,8349
1784095369776,1784095361427,8349
1784095369776,1784095361427,8349
1784095369776,1784095361427,8349
1784095369828,1784095363037,6791
1784095369828,1784095363037,6791
1784095369828,1784095363037,6791
1784095369828,1784095363037,6791
1784095369828,1784095363037,6791
1784095369828,1784095363037,6791
1784095369828,1784095363037,6791
1784095369828,1784095363037,6791
1784095369828,1784095363037,6791
1784095369828,1784095363037,6791
1784095369833,1784095361427,8406
1784095369833,1784095361427,8406
1784095369833,1784095361427,8406
1784095369833,1784095361427,8406
1784095369833,1784095361427,8406
1784095369833,1784095361427,8406
1784095369833,1784095361427,8406
1784095369833,1784095361427,8406
1784095369833,1784095361427,8406
1784095369833,1784095361427,8406
1784095369885,1784095363037,6848
1784095369885,1784095363037,6848
1784095369885,1784095363037,6848
1784095369885,1784095363037,6848
1784095369885,1784095363037,6848
1784095369885,1784095363037,6848
1784095369885,1784095363037,6848
1784095369885,1784095363037,6848
1784095369885,1784095363037,6848
1784095369885,1784095363037,6848
1784095369889,1784095361427,8462
1784095369889,1784095361427,8462
1784095369889,1784095361427,8462
1784095369889,1784095361427,8462
1784095369889,1784095361427,8462
1784095369889,1784095361427,8462
1784095369889,1784095361427,8462
1784095369889,1784095361427,8462
1784095369889,1784095361427,8462
1784095369889,1784095361427,8462
1784095369942,1784095363037,6905
1784095369942,1784095363037,6905
1784095369942,1784095363037,6905
1784095369942,1784095363037,6905
1784095369942,1784095363037,6905
1784095369942,1784095363037,6905
1784095369942,1784095363037,6905
1784095369942,1784095363037,6905
1784095369942,1784095363037,6905
1784095369942,1784095363037,6905
1784095369946,1784095361427,8519
1784095369946,1784095361427,8519
1784095369946,1784095361427,8519
1784095369946,1784095361427,8519
1784095369946,1784095361427,8519
1784095369946,1784095361427,8519
1784095369946,1784095361427,8519
1784095369946,1784095361427,8519
1784095369946,1784095361427,8519
1784095369946,1784095361427,8519
1784095370000,1784095363037,6963
1784095370000,1784095363037,6963
1784095370000,1784095363037,6963
1784095370000,1784095363037,6963
1784095370000,1784095363037,6963
1784095370000,1784095363037,6963
1784095370000,1784095363037,6963
1784095370000,1784095363037,6963
1784095370000,1784095363037,6963
1784095370000,1784095363037,6963
1784095370003,1784095361427,8576
1784095370003,1784095361427,8576
1784095370003,1784095361427,8576
1784095370003,1784095361427,8576
1784095370003,1784095361427,8576
1784095370003,1784095361427,8576
1784095370003,1784095361427,8576
1784095370003,1784095361427,8576
1784095370003,1784095361427,8576
1784095370003,1784095361427,8576
1784095370061,1784095363037,7024
1784095370061,1784095363037,7024
1784095370061,1784095363037,7024
1784095370061,1784095363037,7024
1784095370061,1784095363037,7024
1784095370061,1784095363037,7024
1784095370061,1784095363037,7024
1784095370061,1784095363037,7024
1784095370061,1784095363037,7024
1784095370061,1784095363037,7024
1784095370062,1784095361427,8635
1784095370062,1784095361427,8635
1784095370062,1784095361427,8635
1784095370062,1784095361427,8635
1784095370062,1784095361427,8635
1784095370062,1784095361427,8635
1784095370062,1784095361427,8635
1784095370062,1784095361427,8635
1784095370062,1784095361427,8635
1784095370062,1784095361427,8635
1784095370123,1784095363037,7086
1784095370123,1784095363037,7086
1784095370123,1784095363037,7086
1784095370123,1784095363037,7086
1784095370123,1784095363037,7086
1784095370123,1784095363037,7086
1784095370123,1784095363037,7086
1784095370123,1784095363037,7086
1784095370123,1784095363037,7086
1784095370123,1784095363037,7086
1784095370123,1784095361427,8696
1784095370123,1784095361427,8696
1784095370123,1784095361427,8696
1784095370123,1784095361427,8696
1784095370123,1784095361427,8696
1784095370123,1784095361427,8696
1784095370123,1784095361427,8696
1784095370123,1784095361427,8696
1784095370123,1784095361427,8696
1784095370123,1784095361427,8696
1784095370184,1784095363037,7147
1784095370184,1784095363037,7147
1784095370184,1784095363037,7147
1784095370184,1784095363037,7147
1784095370184,1784095363037,7147
1784095370184,1784095363037,7147
1784095370184,1784095363037,7147
1784095370184,1784095363037,7147
1784095370184,1784095363037,7147
1784095370184,1784095363037,7147
1784095370184,1784095361427,8757
1784095370184,1784095361427,8757
1784095370184,1784095361427,8757
1784095370184,1784095361427,8757
1784095370184,1784095361427,8757
1784095370184,1784095361427,8757
1784095370184,1784095361427,8757
1784095370184,1784095361427,8757
1784095370184,1784095361427,8757
1784095370184,1784095361427,8757
1784095370241,1784095363037,7204
1784095370241,1784095363037,7204
1784095370241,1784095363037,7204
1784095370241,1784095363037,7204
1784095370241,1784095363037,7204
1784095370241,1784095363037,7204
1784095370241,1784095363037,7204
1784095370241,1784095363037,7204
1784095370241,1784095363037,7204
1784095370241,1784095361427,8814
1784095370241,1784095361427,8814
1784095370241,1784095361427,8814
1784095370241,1784095361427,8814
1784095370241,1784095361427,8814
1784095370241,1784095361427,8814
1784095370241,1784095361427,8814
1784095370241,1784095361427,8814
1784095370241,1784095361427,8814
1784095370241,1784095361427,8814
1784095370241,1784095363037,7204
1784095370299,1784095363037,7262
1784095370299,1784095363037,7262
1784095370299,1784095363037,7262
1784095370299,1784095363037,7262
1784095370299,1784095363037,7262
1784095370299,1784095363037,7262
1784095370299,1784095363037,7262
1784095370299,1784095363037,7262
1784095370299,1784095363037,7262
1784095370299,1784095363037,7262
1784095370299,1784095361427,8872
1784095370299,1784095361427,8872
1784095370299,1784095361427,8872
1784095370299,1784095361427,8872
1784095370299,1784095361427,8872
1784095370299,1784095361427,8872
1784095370299,1784095361427,8872
1784095370299,1784095361427,8872
1784095370299,1784095361427,8872
1784095370299,1784095361427,8872
1784095370356,1784095363037,7319
1784095370356,1784095363037,7319
1784095370356,1784095363037,7319
1784095370356,1784095363037,7319
1784095370356,1784095363037,7319
1784095370356,1784095363037,7319
1784095370356,1784095363037,7319
1784095370356,1784095363037,7319
1784095370356,1784095363037,7319
1784095370356,1784095363037,7319
1784095370360,1784095361427,8933
1784095370360,1784095361427,8933
1784095370360,1784095361427,8933
1784095370360,1784095361427,8933
1784095370360,1784095361427,8933
1784095370360,1784095361427,8933
1784095370360,1784095361427,8933
1784095370360,1784095361427,8933
1784095370360,1784095361427,8933
1784095370360,1784095361427,8933
1784095370414,1784095363037,7377
1784095370414,1784095363037,7377
1784095370414,1784095363037,7377
1784095370414,1784095363037,7377
1784095370414,1784095363037,7377
1784095370414,1784095363037,7377
1784095370414,1784095363037,7377
1784095370414,1784095363037,7377
1784095370414,1784095363037,7377
1784095370414,1784095363037,7377
1784095370417,1784095361427,8990
1784095370417,1784095361427,8990
1784095370417,1784095361427,8990
1784095370417,1784095361427,8990
1784095370417,1784095361427,8990
1784095370417,1784095361427,8990
1784095370417,1784095361427,8990
1784095370417,1784095361427,8990
1784095370417,1784095361427,8990
1784095370417,1784095361427,8990
1784095370473,1784095363037,7436
1784095370473,1784095363037,7436
1784095370473,1784095363037,7436
1784095370473,1784095363037,7436
1784095370473,1784095363037,7436
1784095370473,1784095363037,7436
1784095370473,1784095363037,7436
1784095370473,1784095363037,7436
1784095370473,1784095363037,7436
1784095370473,1784095363037,7436
1784095370553,1784095363037,7516
1784095370553,1784095363037,7516
1784095370553,1784095363037,7516
1784095370553,1784095363037,7516
1784095370553,1784095363037,7516
1784095370553,1784095363037,7516
1784095370553,1784095363037,7516
1784095370553,1784095363037,7516
1784095370553,1784095363037,7516
1784095370553,1784095363037,7516
1784095370643,1784095363037,7606
1784095370643,1784095363037,7606
1784095370643,1784095363037,7606
1784095370643,1784095363037,7606
1784095370643,1784095363037,7606
1784095370643,1784095363037,7606
1784095370643,1784095363037,7606
1784095370643,1784095363037,7606
1784095370643,1784095363037,7606
1784095370643,1784095363037,7606
1784095370724,1784095363037,7687
1784095370724,1784095363037,7687
1784095370724,1784095363037,7687
1784095370724,1784095363037,7687
1784095370724,1784095363037,7687
1784095370724,1784095363037,7687
1784095370724,1784095363037,7687
1784095370724,1784095363037,7687
1784095370724,1784095363037,7687
1784095370724,1784095363037,7687
1784095370801,1784095363037,7764
1784095370801,1784095363037,7764
1784095370801,1784095363037,7764
1784095370801,1784095363037,7764
1784095370801,1784095363037,7764
1784095370801,1784095363037,7764
1784095370801,1784095363037,7764
1784095370801,1784095363037,7764
1784095370801,1784095363037,7764
1784095370801,1784095363037,7764
1784095370874,1784095363037,7837
1784095370874,1784095363037,7837
1784095370874,1784095363037,7837
1784095370874,1784095363037,7837
1784095370874,1784095363037,7837
1784095370874,1784095363037,7837
1784095370874,1784095363037,7837
1784095370874,1784095363037,7837
1784095370874,1784095363037,7837
1784095370874,1784095363037,7837
1784095370932,1784095363037,7895
1784095370932,1784095363037,7895
1784095370932,1784095363037,7895
1784095370932,1784095363037,7895
1784095370932,1784095363037,7895
1784095370932,1784095363037,7895
1784095370932,1784095363037,7895
1784095370932,1784095363037,7895
1784095370932,1784095363037,7895
1784095370932,1784095363037,7895
1784095370990,1784095363037,7953
1784095370990,1784095363037,7953
1784095370990,1784095363037,7953
1784095370990,1784095363037,7953
1784095370990,1784095363037,7953
1784095370990,1784095363037,7953
1784095370990,1784095363037,7953
1784095370990,1784095363037,7953
1784095370990,1784095363037,7953
1784095370990,1784095363037,7953
1784095371047,1784095363037,8010
1784095371047,1784095363037,8010
1784095371047,1784095363037,8010
1784095371047,1784095363037,8010
1784095371047,1784095363037,8010
1784095371047,1784095363037,8010
1784095371047,1784095363037,8010
1784095371047,1784095363037,8010
1784095371047,1784095363037,8010
1784095371047,1784095363037,8010
1784095371108,1784095363037,8071
1784095371108,1784095363037,8071
1784095371108,1784095363037,8071
1784095371108,1784095363037,8071
1784095371108,1784095363037,8071
1784095371108,1784095363037,8071
1784095371108,1784095363037,8071
1784095371108,1784095363037,8071
1784095371108,1784095363037,8071
1784095371108,1784095363037,8071
1784095371166,1784095363037,8129
1784095371166,1784095363037,8129
1784095371166,1784095363037,8129
1784095371166,1784095363037,8129
1784095371166,1784095363037,8129
1784095371166,1784095363037,8129
1784095371166,1784095363037,8129
1784095371166,1784095363037,8129
1784095371166,1784095363037,8129
1784095371166,1784095363037,8129
1784095371225,1784095363037,8188
1784095371225,1784095363037,8188
1784095371225,1784095363037,8188
1784095371225,1784095363037,8188
1784095371225,1784095363037,8188
1784095371225,1784095363037,8188
1784095371225,1784095363037,8188
1784095371225,1784095363037,8188
1784095371225,1784095363037,8188
1784095371225,1784095363037,8188
1784095371290,1784095363037,8253
1784095371290,1784095363037,8253
1784095371290,1784095363037,8253
1784095371290,1784095363037,8253
1784095371290,1784095363037,8253
1784095371290,1784095363037,8253
1784095371290,1784095363037,8253
1784095371290,1784095363037,8253
1784095371290,1784095363037,8253
1784095371290,1784095363037,8253
1784095371392,1784095363037,8355
1784095371392,1784095363037,8355
1784095371392,1784095363037,8355
1784095371392,1784095363037,8355
1784095371392,1784095363037,8355
1784095371392,1784095363037,8355
1784095371392,1784095363037,8355
1784095371392,1784095363037,8355
1784095371392,1784095363037,8355
1784095371392,1784095363037,8355
1784095371490,1784095363037,8453
1784095371490,1784095363037,8453
1784095371490,1784095363037,8453
1784095371490,1784095363037,8453
1784095371490,1784095363037,8453
1784095371490,1784095363037,8453
1784095371490,1784095363037,8453
1784095371490,1784095363037,8453
1784095371490,1784095363037,8453
1784095371490,1784095363037,8453
1784095371595,1784095363037,8558
1784095371595,1784095363037,8558
1784095371595,1784095363037,8558
1784095371595,1784095363037,8558
1784095371595,1784095363037,8558
1784095371595,1784095363037,8558
1784095371595,1784095363037,8558
1784095371595,1784095363037,8558
1784095371595,1784095363037,8558
1784095371595,1784095363037,8558
1784095371683,1784095363037,8646
1784095371683,1784095363037,8646
1784095371683,1784095363037,8646
1784095371683,1784095363037,8646
1784095371683,1784095363037,8646
1784095371683,1784095363037,8646
1784095371683,1784095363037,8646
1784095371683,1784095363037,8646
1784095371683,1784095363037,8646
1784095371683,1784095363037,8646
1784095371759,1784095363037,8722
1784095371759,1784095363037,8722
1784095371759,1784095363037,8722
1784095371759,1784095363037,8722
1784095371759,1784095363037,8722
1784095371759,1784095363037,8722
1784095371759,1784095363037,8722
1784095371759,1784095363037,8722
1784095371759,1784095363037,8722
1784095371759,1784095363037,8722
1784095371862,1784095363037,8825
1784095371862,1784095363037,8825
1784095371862,1784095363037,8825
1784095371862,1784095363037,8825
1784095371862,1784095363037,8825
1784095371862,1784095363037,8825
1784095371862,1784095363037,8825
1784095371862,1784095363037,8825
1784095371862,1784095363037,8825
1784095371862,1784095363037,8825
1784095371959,1784095363037,8922
1784095371959,1784095363037,8922
1784095371959,1784095363037,8922
1784095371959,1784095363037,8922
1784095371959,1784095363037,8922
1784095371959,1784095363037,8922
1784095371959,1784095363037,8922
1784095371959,1784095363037,8922
1784095371959,1784095363037,8922
1784095371959,1784095363037,8922
1784095372059,1784095363037,9022
1784095372059,1784095363037,9022
1784095372059,1784095363037,9022
1784095372059,1784095363037,9022
1784095372059,1784095363037,9022
1784095372059,1784095363037,9022
1784095372059,1784095363037,9022
1784095372059,1784095363037,9022
1784095372059,1784095363037,9022
1784095372059,1784095363037,9022
1784095372161,1784095363037,9124
1784095372161,1784095363037,9124
1784095372161,1784095363037,9124
1784095372161,1784095363037,9124
1784095372161,1784095363037,9124
1784095372161,1784095363037,9124
1784095372161,1784095363037,9124
1784095372161,1784095363037,9124
1784095372161,1784095363037,9124
1784095372161,1784095363037,9124
1784095372266,1784095363037,9229
1784095372266,1784095363037,9229
1784095372266,1784095363037,9229
1784095372266,1784095363037,9229
1784095372266,1784095363037,9229
1784095372266,1784095363037,9229
1784095372266,1784095363037,9229
1784095372266,1784095363037,9229
1784095372266,1784095363037,9229
1784095372266,1784095363037,9229
1784095372369,1784095363037,9332
1784095372369,1784095363037,9332
1784095372369,1784095363037,9332
1784095372369,1784095363037,9332
1784095372369,1784095363037,9332
1784095372369,1784095363037,9332
1784095372369,1784095363037,9332
1784095372369,1784095363037,9332
1784095372369,1784095363037,9332
1784095372369,1784095363037,9332
1784095372471,1784095363037,9434
1784095372471,1784095363037,9434
1784095372471,1784095363037,9434
1784095372471,1784095363037,9434
1784095372471,1784095363037,9434
1784095372471,1784095363037,9434
1784095372471,1784095363037,9434
1784095372471,1784095363037,9434
1784095372471,1784095363037,9434
1784095372471,1784095363037,9434
1784095372557,1784095363037,9520
1784095372557,1784095363037,9520
1784095372557,1784095363037,9520
1784095372557,1784095363037,9520
1784095372557,1784095363037,9520
1784095372557,1784095363037,9520
1784095372557,1784095363037,9520
1784095372557,1784095363037,9520
1784095372557,1784095363037,9520
1784095372557,1784095363037,9520
1784095372636,1784095363037,9599
1784095372636,1784095363037,9599
1784095372636,1784095363037,9599
1784095372636,1784095363037,9599
1784095372636,1784095363037,9599
1784095372636,1784095363037,9599
1784095372636,1784095363037,9599
1784095372636,1784095363037,9599
1784095372636,1784095363037,9599
1784095372636,1784095363037,9599
1784095372706,1784095363037,9669
1784095372706,1784095363037,9669
1784095372706,1784095363037,9669
1784095372706,1784095363037,9669
1784095372706,1784095363037,9669
1784095372706,1784095363037,9669
1784095372706,1784095363037,9669
1784095372706,1784095363037,9669
1784095372706,1784095363037,9669
1784095372706,1784095363037,9669
1784095372795,1784095363037,9758
1784095372795,1784095363037,9758
1784095372795,1784095363037,9758
1784095372795,1784095363037,9758
1784095372795,1784095363037,9758
1784095372795,1784095363037,9758
1784095372795,1784095363037,9758
1784095372795,1784095363037,9758
1784095372795,1784095363037,9758
1784095372795,1784095363037,9758
1784095372916,1784095363037,9879
1784095372916,1784095363037,9879
1784095372916,1784095363037,9879
1784095372916,1784095363037,9879
1784095372916,1784095363037,9879
1784095372916,1784095363037,9879
1784095372916,1784095363037,9879
1784095372916,1784095363037,9879
1784095372916,1784095363037,9879
1784095372916,1784095363037,9879
1784095373022,1784095363037,9985
1784095373022,1784095363037,9985
1784095373022,1784095363037,9985
1784095373022,1784095363037,9985
1784095373022,1784095363037,9985
1784095373022,1784095363037,9985
1784095373022,1784095363037,9985
1784095373022,1784095363037,9985
1784095373022,1784095363037,9985
1784095373022,1784095363037,9985
1784095373677,1784095368633,5044
1784095373677,1784095368633,5044
1784095373677,1784095368633,5044
1784095373677,1784095368633,5044
1784095373677,1784095368633,5044
1784095373677,1784095368633,5044
1784095373677,1784095368633,5044
1784095373677,1784095368633,5044
1784095373677,1784095368633,5044
1784095373677,1784095368633,5044
1784095373762,1784095368633,5129
1784095373762,1784095368633,5129
1784095373762,1784095368633,5129
1784095373762,1784095368633,5129
1784095373762,1784095368633,5129
1784095373762,1784095368633,5129
1784095373762,1784095368633,5129
1784095373762,1784095368633,5129
1784095373762,1784095368633,5129
1784095373762,1784095368633,5129
1784095373866,1784095368633,5233
1784095373866,1784095368633,5233
1784095373866,1784095368633,5233
1784095373866,1784095368633,5233
1784095373866,1784095368633,5233
1784095373866,1784095368633,5233
1784095373866,1784095368633,5233
1784095373866,1784095368633,5233
1784095373866,1784095368633,5233
1784095373866,1784095368633,5233
1784095373971,1784095368633,5338
1784095373971,1784095368633,5338
1784095373971,1784095368633,5338
1784095373971,1784095368633,5338
1784095373971,1784095368633,5338
1784095373971,1784095368633,5338
1784095373971,1784095368633,5338
1784095373971,1784095368633,5338
1784095373971,1784095368633,5338
1784095373971,1784095368633,5338
1784095374077,1784095368633,5444
1784095374077,1784095368633,5444
1784095374077,1784095368633,5444
1784095374077,1784095368633,5444
1784095374077,1784095368633,5444
1784095374077,1784095368633,5444
1784095374077,1784095368633,5444
1784095374077,1784095368633,5444
1784095374077,1784095368633,5444
1784095374077,1784095368633,5444
1784095374182,1784095368633,5549
1784095374182,1784095368633,5549
1784095374182,1784095368633,5549
1784095374182,1784095368633,5549
1784095374182,1784095368633,5549
1784095374182,1784095368633,5549
1784095374182,1784095368633,5549
1784095374182,1784095368633,5549
1784095374182,1784095368633,5549
1784095374182,1784095368633,5549
1784095374286,1784095368633,5653
1784095374286,1784095368633,5653
1784095374286,1784095368633,5653
1784095374286,1784095368633,5653
1784095374286,1784095368633,5653
1784095374286,1784095368633,5653
1784095374286,1784095368633,5653
1784095374286,1784095368633,5653
1784095374286,1784095368633,5653
1784095374286,1784095368633,5653
1784095374384,1784095368633,5751
1784095374384,1784095368633,5751
1784095374384,1784095368633,5751
1784095374384,1784095368633,5751
1784095374384,1784095368633,5751
1784095374384,1784095368633,5751
1784095374384,1784095368633,5751
1784095374384,1784095368633,5751
1784095374384,1784095368633,5751
1784095374384,1784095368633,5751
1784095374488,1784095368633,5855
1784095374488,1784095368633,5855
1784095374488,1784095368633,5855
1784095374488,1784095368633,5855
1784095374488,1784095368633,5855
1784095374488,1784095368633,5855
1784095374488,1784095368633,5855
1784095374488,1784095368633,5855
1784095374488,1784095368633,5855
1784095374488,1784095368633,5855
1784095374593,1784095368633,5960
1784095374593,1784095368633,5960
1784095374593,1784095368633,5960
1784095374593,1784095368633,5960
1784095374593,1784095368633,5960
1784095374593,1784095368633,5960
1784095374593,1784095368633,5960
1784095374593,1784095368633,5960
1784095374593,1784095368633,5960
1784095374593,1784095368633,5960
1784095374760,1784095368633,6127
1784095374760,1784095368633,6127
1784095374760,1784095368633,6127
1784095374760,1784095368633,6127
1784095374760,1784095368633,6127
1784095374760,1784095368633,6127
1784095374760,1784095368633,6127
1784095374760,1784095368633,6127
1784095374760,1784095368633,6127
1784095374760,1784095368633,6127
1784095374862,1784095368633,6229
1784095374862,1784095368633,6229
1784095374862,1784095368633,6229
1784095374862,1784095368633,6229
1784095374862,1784095368633,6229
1784095374862,1784095368633,6229
1784095374862,1784095368633,6229
1784095374862,1784095368633,6229
1784095374862,1784095368633,6229
1784095374862,1784095368633,6229
1784095374971,1784095368633,6338
1784095374971,1784095368633,6338
1784095374971,1784095368633,6338
1784095374971,1784095368633,6338
1784095374971,1784095368633,6338
1784095374971,1784095368633,6338
1784095374971,1784095368633,6338
1784095374971,1784095368633,6338
1784095374971,1784095368633,6338
1784095374971,1784095368633,6338
1784095375075,1784095368633,6442
1784095375075,1784095368633,6442
1784095375075,1784095368633,6442
1784095375075,1784095368633,6442
1784095375075,1784095368633,6442
1784095375075,1784095368633,6442
1784095375075,1784095368633,6442
1784095375075,1784095368633,6442
1784095375075,1784095368633,6442
1784095375075,1784095368633,6442
1784095375175,1784095368633,6542
1784095375175,1784095368633,6542
1784095375175,1784095368633,6542
1784095375175,1784095368633,6542
1784095375175,1784095368633,6542
1784095375175,1784095368633,6542
1784095375175,1784095368633,6542
1784095375175,1784095368633,6542
1784095375175,1784095368633,6542
1784095375175,1784095368633,6542
1784095375281,1784095368633,6648
1784095375281,1784095368633,6648
1784095375281,1784095368633,6648
1784095375281,1784095368633,6648
1784095375281,1784095368633,6648
1784095375281,1784095368633,6648
1784095375281,1784095368633,6648
1784095375281,1784095368633,6648
1784095375281,1784095368633,6648
1784095375281,1784095368633,6648
1784095375388,1784095368633,6755
1784095375388,1784095368633,6755
1784095375388,1784095368633,6755
1784095375388,1784095368633,6755
1784095375388,1784095368633,6755
1784095375388,1784095368633,6755
1784095375388,1784095368633,6755
1784095375388,1784095368633,6755
1784095375388,1784095368633,6755
1784095375388,1784095368633,6755
1784095375495,1784095368633,6862
1784095375495,1784095368633,6862
1784095375495,1784095368633,6862
1784095375495,1784095368633,6862
1784095375495,1784095368633,6862
1784095375495,1784095368633,6862
1784095375495,1784095368633,6862
1784095375495,1784095368633,6862
1784095375495,1784095368633,6862
1784095375495,1784095368633,6862
1784095375600,1784095368633,6967
1784095375600,1784095368633,6967
1784095375600,1784095368633,6967
1784095375600,1784095368633,6967
1784095375600,1784095368633,6967
1784095375600,1784095368633,6967
1784095375600,1784095368633,6967
1784095375600,1784095368633,6967
1784095375600,1784095368633,6967
1784095375600,1784095368633,6967
1784095375706,1784095368633,7073
1784095375706,1784095368633,7073
1784095375706,1784095368633,7073
1784095375706,1784095368633,7073
1784095375706,1784095368633,7073
1784095375706,1784095368633,7073
1784095375706,1784095368633,7073
1784095375706,1784095368633,7073
1784095375706,1784095368633,7073
1784095375706,1784095368633,7073
1784095375805,1784095368633,7172
1784095375805,1784095368633,7172
1784095375805,1784095368633,7172
1784095375805,1784095368633,7172
1784095375805,1784095368633,7172
1784095375805,1784095368633,7172
1784095375805,1784095368633,7172
1784095375805,1784095368633,7172
1784095375805,1784095368633,7172
1784095375805,1784095368633,7172
1784095375913,1784095368633,7280
1784095375913,1784095368633,7280
1784095375913,1784095368633,7280
1784095375913,1784095368633,7280
1784095375913,1784095368633,7280
1784095375913,1784095368633,7280
1784095375913,1784095368633,7280
1784095375913,1784095368633,7280
1784095375913,1784095368633,7280
1784095375913,1784095368633,7280
1784095376021,1784095368633,7388
1784095376021,1784095368633,7388
1784095376021,1784095368633,7388
1784095376021,1784095368633,7388
1784095376021,1784095368633,7388
1784095376021,1784095368633,7388
1784095376021,1784095368633,7388
1784095376021,1784095368633,7388
1784095376021,1784095368633,7388
1784095376021,1784095368633,7388
1784095376124,1784095368633,7491
1784095376124,1784095368633,7491
1784095376124,1784095368633,7491
1784095376124,1784095368633,7491
1784095376124,1784095368633,7491
1784095376124,1784095368633,7491
1784095376124,1784095368633,7491
1784095376124,1784095368633,7491
1784095376124,1784095368633,7491
1784095376124,1784095368633,7491
1784095376230,1784095368633,7597
1784095376230,1784095368633,7597
1784095376230,1784095368633,7597
1784095376230,1784095368633,7597
1784095376230,1784095368633,7597
1784095376230,1784095368633,7597
1784095376230,1784095368633,7597
1784095376230,1784095368633,7597
1784095376230,1784095368633,7597
1784095376230,1784095368633,7597
1784095376335,1784095368633,7702
1784095376335,1784095368633,7702
1784095376335,1784095368633,7702
1784095376335,1784095368633,7702
1784095376335,1784095368633,7702
1784095376335,1784095368633,7702
1784095376335,1784095368633,7702
1784095376335,1784095368633,7702
1784095376335,1784095368633,7702
1784095376335,1784095368633,7702
1784095376443,1784095368633,7810
1784095376443,1784095368633,7810
1784095376443,1784095368633,7810
1784095376443,1784095368633,7810
1784095376443,1784095368633,7810
1784095376443,1784095368633,7810
1784095376443,1784095368633,7810
1784095376443,1784095368633,7810
1784095376443,1784095368633,7810
1784095376443,1784095368633,7810
1784095376545,1784095368633,7912
1784095376545,1784095368633,7912
1784095376545,1784095368633,7912
1784095376545,1784095368633,7912
1784095376545,1784095368633,7912
1784095376545,1784095368633,7912
1784095376545,1784095368633,7912
1784095376545,1784095368633,7912
1784095376545,1784095368633,7912
1784095376545,1784095368633,7912
1784095376651,1784095368633,8018
1784095376651,1784095368633,8018
1784095376651,1784095368633,8018
1784095376651,1784095368633,8018
1784095376651,1784095368633,8018
1784095376651,1784095368633,8018
1784095376651,1784095368633,8018
1784095376651,1784095368633,8018
1784095376651,1784095368633,8018
1784095376651,1784095368633,8018
1784095376757,1784095368633,8124
1784095376757,1784095368633,8124
1784095376757,1784095368633,8124
1784095376757,1784095368633,8124
1784095376757,1784095368633,8124
1784095376757,1784095368633,8124
1784095376757,1784095368633,8124
1784095376757,1784095368633,8124
1784095376757,1784095368633,8124
1784095376757,1784095368633,8124
1784095376864,1784095368633,8231
1784095376864,1784095368633,8231
1784095376864,1784095368633,8231
1784095376864,1784095368633,8231
1784095376864,1784095368633,8231
1784095376864,1784095368633,8231
1784095376864,1784095368633,8231
1784095376864,1784095368633,8231
1784095376864,1784095368633,8231
1784095376864,1784095368633,8231
1784095376977,1784095368633,8344
1784095376977,1784095368633,8344
1784095376977,1784095368633,8344
1784095376977,1784095368633,8344
1784095376977,1784095368633,8344
1784095376977,1784095368633,8344
1784095376977,1784095368633,8344
1784095376977,1784095368633,8344
1784095376977,1784095368633,8344
1784095376977,1784095368633,8344
1784095377083,1784095368633,8450
1784095377083,1784095368633,8450
1784095377083,1784095368633,8450
1784095377083,1784095368633,8450
1784095377083,1784095368633,8450
1784095377083,1784095368633,8450
1784095377083,1784095368633,8450
1784095377083,1784095368633,8450
1784095377083,1784095368633,8450
1784095377083,1784095368633,8450
1784095377190,1784095368633,8557
1784095377190,1784095368633,8557
1784095377190,1784095368633,8557
1784095377190,1784095368633,8557
1784095377190,1784095368633,8557
1784095377190,1784095368633,8557
1784095377190,1784095368633,8557
1784095377190,1784095368633,8557
1784095377190,1784095368633,8557
1784095377190,1784095368633,8557
1784095377305,1784095368633,8672
1784095377305,1784095368633,8672
1784095377305,1784095368633,8672
1784095377305,1784095368633,8672
1784095377305,1784095368633,8672
1784095377305,1784095368633,8672
1784095377305,1784095368633,8672
1784095377305,1784095368633,8672
1784095377305,1784095368633,8672
1784095377305,1784095368633,8672
1784095377414,1784095368633,8781
1784095377414,1784095368633,8781
1784095377414,1784095368633,8781
1784095377414,1784095368633,8781
1784095377414,1784095368633,8781
1784095377414,1784095368633,8781
1784095377414,1784095368633,8781
1784095377414,1784095368633,8781
1784095377414,1784095368633,8781
1784095377414,1784095368633,8781
1784095377520,1784095368633,8887
1784095377520,1784095368633,8887
1784095377520,1784095368633,8887
1784095377520,1784095368633,8887
1784095377520,1784095368633,8887
1784095377520,1784095368633,8887
1784095377520,1784095368633,8887
1784095377520,1784095368633,8887
1784095377520,1784095368633,8887
1784095377520,1784095368633,8887
1784095377610,1784095368633,8977
1784095377610,1784095368633,8977
1784095377610,1784095368633,8977
1784095377610,1784095368633,8977
1784095377610,1784095368633,8977
1784095377610,1784095368633,8977
1784095377610,1784095368633,8977
1784095377610,1784095368633,8977
1784095377610,1784095368633,8977
1784095377610,1784095368633,8977
1784095377699,1784095368633,9066
1784095377699,1784095368633,9066
1784095377699,1784095368633,9066
1784095377699,1784095368633,9066
1784095377699,1784095368633,9066
1784095377699,1784095368633,9066
1784095377699,1784095368633,9066
1784095377699,1784095368633,9066
1784095377699,1784095368633,9066
1784095377699,1784095368633,9066
1784095377809,1784095368633,9176
1784095377809,1784095368633,9176
1784095377809,1784095368633,9176
1784095377809,1784095368633,9176
1784095377809,1784095368633,9176
1784095377809,1784095368633,9176
1784095377809,1784095368633,9176
1784095377809,1784095368633,9176
1784095377809,1784095368633,9176
1784095377809,1784095368633,9176
1784095377909,1784095368633,9276
1784095377909,1784095368633,9276
1784095377909,1784095368633,9276
1784095377909,1784095368633,9276
1784095377909,1784095368633,9276
1784095377909,1784095368633,9276
1784095377909,1784095368633,9276
1784095377909,1784095368633,9276
1784095377909,1784095368633,9276
1784095377909,1784095368633,9276
1784095378010,1784095368633,9377
1784095378010,1784095368633,9377
1784095378010,1784095368633,9377
1784095378010,1784095368633,9377
1784095378010,1784095368633,9377
1784095378010,1784095368633,9377
1784095378010,1784095368633,9377
1784095378010,1784095368633,9377
1784095378010,1784095368633,9377
1784095378010,1784095368633,9377
1784095378075,1784095368633,9442
1784095378075,1784095368633,9442
1784095378075,1784095368633,9442
1784095378075,1784095368633,9442
1784095378075,1784095368633,9442
1784095378075,1784095368633,9442
1784095378075,1784095368633,9442
1784095378075,1784095368633,9442
1784095378075,1784095368633,9442
1784095378075,1784095368633,9442
1784095378147,1784095368633,9514
1784095378147,1784095368633,9514
1784095378147,1784095368633,9514
1784095378147,1784095368633,9514
1784095378147,1784095368633,9514
1784095378147,1784095368633,9514
1784095378147,1784095368633,9514
1784095378147,1784095368633,9514
1784095378147,1784095368633,9514
1784095378147,1784095368633,9514
1784095378236,1784095368633,9603
1784095378236,1784095368633,9603
1784095378236,1784095368633,9603
1784095378236,1784095368633,9603
1784095378236,1784095368633,9603
1784095378236,1784095368633,9603
1784095378236,1784095368633,9603
1784095378236,1784095368633,9603
1784095378236,1784095368633,9603
1784095378236,1784095368633,9603
1784095378333,1784095368633,9700
1784095378333,1784095368633,9700
1784095378333,1784095368633,9700
1784095378333,1784095368633,9700
1784095378333,1784095368633,9700
1784095378333,1784095368633,9700
1784095378333,1784095368633,9700
1784095378333,1784095368633,9700
1784095378333,1784095368633,9700
1784095378333,1784095368633,9700
1784095378436,1784095368633,9803
1784095378436,1784095368633,9803
1784095378436,1784095368633,9803
1784095378436,1784095368633,9803
1784095378436,1784095368633,9803
1784095378436,1784095368633,9803
1784095378436,1784095368633,9803
1784095378436,1784095368633,9803
1784095378436,1784095368633,9803
1784095378436,1784095368633,9803
1784095378539,1784095368633,9906
1784095378539,1784095368633,9906
1784095378539,1784095368633,9906
1784095378539,1784095368633,9906
1784095378539,1784095368633,9906
1784095378539,1784095368633,9906
1784095378539,1784095368633,9906
1784095378539,1784095368633,9906
1784095378539,1784095368633,9906
1784095378539,1784095368633,9906
1784095378645,1784095368633,10012
1784095378645,1784095368633,10012
1784095378645,1784095368633,10012
1784095378645,1784095368633,10012
1784095378645,1784095368633,10012
1784095378645,1784095368633,10012
1784095378645,1784095368633,10012
1784095378645,1784095368633,10012
1784095378645,1784095368633,10012
1784095378645,1784095368633,10012
1784095378718,1784095368633,10085
1784095378718,1784095368633,10085
1784095378718,1784095368633,10085
1784095378718,1784095368633,10085
1784095378718,1784095368633,10085
1784095378718,1784095368633,10085
1784095378718,1784095368633,10085
1784095378718,1784095368633,10085
1784095378718,1784095368633,10085
1784095378718,1784095368633,10085
1784095394625,1784095388066,6559
1784095394625,1784095388066,6559
1784095394625,1784095388066,6559
1784095394625,1784095388066,6559
1784095394625,1784095388066,6559
1784095394625,1784095388066,6559
1784095394625,1784095388066,6559
1784095394625,1784095388066,6559
1784095394625,1784095388066,6559
1784095394625,1784095388066,6559
1784095394689,1784095388066,6623
1784095394689,1784095388066,6623
1784095394689,1784095388066,6623
1784095394689,1784095388066,6623
1784095394689,1784095388066,6623
1784095394689,1784095388066,6623
1784095394689,1784095388066,6623
1784095394689,1784095388066,6623
1784095394689,1784095388066,6623
1784095394689,1784095388066,6623
1784095394757,1784095388066,6691
1784095394757,1784095388066,6691
1784095394757,1784095388066,6691
1784095394757,1784095388066,6691
1784095394757,1784095388066,6691
1784095394757,1784095388066,6691
1784095394757,1784095388066,6691
1784095394757,1784095388066,6691
1784095394757,1784095388066,6691
1784095394757,1784095388066,6691
1784095394862,1784095388066,6796
1784095394862,1784095388066,6796
1784095394862,1784095388066,6796
1784095394862,1784095388066,6796
1784095394862,1784095388066,6796
1784095394862,1784095388066,6796
1784095394862,1784095388066,6796
1784095394862,1784095388066,6796
1784095394862,1784095388066,6796
1784095394862,1784095388066,6796
1784095394931,1784095388066,6865
1784095394931,1784095388066,6865
1784095394931,1784095388066,6865
1784095394931,1784095388066,6865
1784095394931,1784095388066,6865
1784095394931,1784095388066,6865
1784095394931,1784095388066,6865
1784095394931,1784095388066,6865
1784095394931,1784095388066,6865
1784095394931,1784095388066,6865
1784095394993,1784095388066,6927
1784095394993,1784095388066,6927
1784095394993,1784095388066,6927
1784095394993,1784095388066,6927
1784095394993,1784095388066,6927
1784095394993,1784095388066,6927
1784095394993,1784095388066,6927
1784095394993,1784095388066,6927
1784095394993,1784095388066,6927
1784095394993,1784095388066,6927
1784095395052,1784095388066,6986
1784095395052,1784095388066,6986
1784095395052,1784095388066,6986
1784095395052,1784095388066,6986
1784095395052,1784095388066,6986
1784095395052,1784095388066,6986
1784095395052,1784095388066,6986
1784095395052,1784095388066,6986
1784095395052,1784095388066,6986
1784095395052,1784095388066,6986
1784095395111,1784095388066,7045
1784095395111,1784095388066,7045
1784095395111,1784095388066,7045
1784095395111,1784095388066,7045
1784095395111,1784095388066,7045
1784095395111,1784095388066,7045
1784095395111,1784095388066,7045
1784095395111,1784095388066,7045
1784095395111,1784095388066,7045
1784095395111,1784095388066,7045
1784095395170,1784095388066,7104
1784095395170,1784095388066,7104
1784095395170,1784095388066,7104
1784095395170,1784095388066,7104
1784095395170,1784095388066,7104
1784095395170,1784095388066,7104
1784095395170,1784095388066,7104
1784095395170,1784095388066,7104
1784095395170,1784095388066,7104
1784095395170,1784095388066,7104
1784095395232,1784095388066,7166
1784095395232,1784095388066,7166
1784095395232,1784095388066,7166
1784095395232,1784095388066,7166
1784095395232,1784095388066,7166
1784095395232,1784095388066,7166
1784095395232,1784095388066,7166
1784095395232,1784095388066,7166
1784095395232,1784095388066,7166
1784095395232,1784095388066,7166
1784095395291,1784095388066,7225
1784095395291,1784095388066,7225
1784095395291,1784095388066,7225
1784095395291,1784095388066,7225
1784095395291,1784095388066,7225
1784095395291,1784095388066,7225
1784095395291,1784095388066,7225
1784095395291,1784095388066,7225
1784095395291,1784095388066,7225
1784095395291,1784095388066,7225
1784095395350,1784095388066,7284
1784095395350,1784095388066,7284
1784095395350,1784095388066,7284
1784095395350,1784095388066,7284
1784095395350,1784095388066,7284
1784095395350,1784095388066,7284
1784095395350,1784095388066,7284
1784095395350,1784095388066,7284
1784095395350,1784095388066,7284
1784095395350,1784095388066,7284
1784095395412,1784095388066,7346
1784095395412,1784095388066,7346
1784095395412,1784095388066,7346
1784095395412,1784095388066,7346
1784095395412,1784095388066,7346
1784095395412,1784095388066,7346
1784095395412,1784095388066,7346
1784095395412,1784095388066,7346
1784095395412,1784095388066,7346
1784095395412,1784095388066,7346
1784095395472,1784095388066,7406
1784095395472,1784095388066,7406
1784095395472,1784095388066,7406
1784095395472,1784095388066,7406
1784095395472,1784095388066,7406
1784095395472,1784095388066,7406
1784095395472,1784095388066,7406
1784095395472,1784095388066,7406
1784095395472,1784095388066,7406
1784095395472,1784095388066,7406
1784095395535,1784095388066,7469
1784095395535,1784095388066,7469
1784095395535,1784095388066,7469
1784095395535,1784095388066,7469
1784095395535,1784095388066,7469
1784095395535,1784095388066,7469
1784095395535,1784095388066,7469
1784095395535,1784095388066,7469
1784095395535,1784095388066,7469
1784095395535,1784095388066,7469
1784095395597,1784095388066,7531
1784095395597,1784095388066,7531
1784095395597,1784095388066,7531
1784095395597,1784095388066,7531
1784095395597,1784095388066,7531
1784095395597,1784095388066,7531
1784095395597,1784095388066,7531
1784095395597,1784095388066,7531
1784095395597,1784095388066,7531
1784095395597,1784095388066,7531
1784095395659,1784095388066,7593
1784095395659,1784095388066,7593
1784095395659,1784095388066,7593
1784095395659,1784095388066,7593
1784095395659,1784095388066,7593
1784095395659,1784095388066,7593
1784095395659,1784095388066,7593
1784095395659,1784095388066,7593
1784095395659,1784095388066,7593
1784095395659,1784095388066,7593
1784095395723,1784095388066,7657
1784095395723,1784095388066,7657
1784095395723,1784095388066,7657
1784095395723,1784095388066,7657
1784095395723,1784095388066,7657
1784095395723,1784095388066,7657
1784095395723,1784095388066,7657
1784095395723,1784095388066,7657
1784095395723,1784095388066,7657
1784095395723,1784095388066,7657
1784095395790,1784095388066,7724
1784095395790,1784095388066,7724
1784095395790,1784095388066,7724
1784095395790,1784095388066,7724
1784095395790,1784095388066,7724
1784095395790,1784095388066,7724
1784095395790,1784095388066,7724
1784095395790,1784095388066,7724
1784095395790,1784095388066,7724
1784095395790,1784095388066,7724
1784095395864,1784095388066,7798
1784095395864,1784095388066,7798
1784095395864,1784095388066,7798
1784095395864,1784095388066,7798
1784095395864,1784095388066,7798
1784095395864,1784095388066,7798
1784095395864,1784095388066,7798
1784095395864,1784095388066,7798
1784095395864,1784095388066,7798
1784095395864,1784095388066,7798
1784095395972,1784095388066,7906
1784095395972,1784095388066,7906
1784095395972,1784095388066,7906
1784095395972,1784095388066,7906
1784095395972,1784095388066,7906
1784095395972,1784095388066,7906
1784095395972,1784095388066,7906
1784095395972,1784095388066,7906
1784095395972,1784095388066,7906
1784095395972,1784095388066,7906
1784095396077,1784095388066,8011
1784095396077,1784095388066,8011
1784095396077,1784095388066,8011
1784095396077,1784095388066,8011
1784095396077,1784095388066,8011
1784095396077,1784095388066,8011
1784095396077,1784095388066,8011
1784095396077,1784095388066,8011
1784095396077,1784095388066,8011
1784095396077,1784095388066,8011
1784095396149,1784095388066,8083
1784095396149,1784095388066,8083
1784095396149,1784095388066,8083
1784095396149,1784095388066,8083
1784095396149,1784095388066,8083
1784095396149,1784095388066,8083
1784095396149,1784095388066,8083
1784095396149,1784095388066,8083
1784095396149,1784095388066,8083
1784095396149,1784095388066,8083
1784095396214,1784095388066,8148
1784095396214,1784095388066,8148
1784095396214,1784095388066,8148
1784095396214,1784095388066,8148
1784095396214,1784095388066,8148
1784095396214,1784095388066,8148
1784095396214,1784095388066,8148
1784095396214,1784095388066,8148
1784095396214,1784095388066,8148
1784095396214,1784095388066,8148
1784095396282,1784095388066,8216
1784095396282,1784095388066,8216
1784095396282,1784095388066,8216
1784095396282,1784095388066,8216
1784095396282,1784095388066,8216
1784095396282,1784095388066,8216
1784095396282,1784095388066,8216
1784095396282,1784095388066,8216
1784095396282,1784095388066,8216
1784095396282,1784095388066,8216
1784095396364,1784095388066,8298
1784095396364,1784095388066,8298
1784095396364,1784095388066,8298
1784095396364,1784095388066,8298
1784095396364,1784095388066,8298
1784095396364,1784095388066,8298
1784095396364,1784095388066,8298
1784095396364,1784095388066,8298
1784095396364,1784095388066,8298
1784095396364,1784095388066,8298
1784095396478,1784095388066,8412
1784095396478,1784095388066,8412
1784095396478,1784095388066,8412
1784095396478,1784095388066,8412
1784095396478,1784095388066,8412
1784095396478,1784095388066,8412
1784095396478,1784095388066,8412
1784095396478,1784095388066,8412
1784095396478,1784095388066,8412
1784095396478,1784095388066,8412
1784095396580,1784095388066,8514
1784095396580,1784095388066,8514
1784095396580,1784095388066,8514
1784095396580,1784095388066,8514
1784095396580,1784095388066,8514
1784095396580,1784095388066,8514
1784095396580,1784095388066,8514
1784095396580,1784095388066,8514
1784095396580,1784095388066,8514
1784095396580,1784095388066,8514
1784095396664,1784095388066,8598
1784095396664,1784095388066,8598
1784095396664,1784095388066,8598
1784095396664,1784095388066,8598
1784095396664,1784095388066,8598
1784095396664,1784095388066,8598
1784095396664,1784095388066,8598
1784095396664,1784095388066,8598
1784095396664,1784095388066,8598
1784095396664,1784095388066,8598
1784095396731,1784095388066,8665
1784095396731,1784095388066,8665
1784095396731,1784095388066,8665
1784095396731,1784095388066,8665
1784095396731,1784095388066,8665
1784095396731,1784095388066,8665
1784095396731,1784095388066,8665
1784095396731,1784095388066,8665
1784095396731,1784095388066,8665
1784095396731,1784095388066,8665
1784095396796,1784095388066,8730
1784095396796,1784095388066,8730
1784095396796,1784095388066,8730
1784095396796,1784095388066,8730
1784095396796,1784095388066,8730
1784095396796,1784095388066,8730
1784095396796,1784095388066,8730
1784095396796,1784095388066,8730
1784095396796,1784095388066,8730
1784095396796,1784095388066,8730
1784095396861,1784095388066,8795
1784095396861,1784095388066,8795
1784095396861,1784095388066,8795
1784095396861,1784095388066,8795
1784095396861,1784095388066,8795
1784095396861,1784095388066,8795
1784095396861,1784095388066,8795
1784095396861,1784095388066,8795
1784095396861,1784095388066,8795
1784095396861,1784095388066,8795
1784095396925,1784095388066,8859
1784095396925,1784095388066,8859
1784095396925,1784095388066,8859
1784095396925,1784095388066,8859
1784095396925,1784095388066,8859
1784095396925,1784095388066,8859
1784095396925,1784095388066,8859
1784095396925,1784095388066,8859
1784095396925,1784095388066,8859
1784095396925,1784095388066,8859
1784095396989,1784095388066,8923
1784095396989,1784095388066,8923
1784095396989,1784095388066,8923
1784095396989,1784095388066,8923
1784095396989,1784095388066,8923
1784095396989,1784095388066,8923
1784095396989,1784095388066,8923
1784095396989,1784095388066,8923
1784095396989,1784095388066,8923
1784095396989,1784095388066,8923
1784095397053,1784095388066,8987
1784095397053,1784095388066,8987
1784095397053,1784095388066,8987
1784095397053,1784095388066,8987
1784095397053,1784095388066,8987
1784095397053,1784095388066,8987
1784095397053,1784095388066,8987
1784095397053,1784095388066,8987
1784095397053,1784095388066,8987
1784095397053,1784095388066,8987
1784095397118,1784095388066,9052
1784095397118,1784095388066,9052
1784095397118,1784095388066,9052
1784095397118,1784095388066,9052
1784095397118,1784095388066,9052
1784095397118,1784095388066,9052
1784095397118,1784095388066,9052
1784095397118,1784095388066,9052
1784095397118,1784095388066,9052
1784095397118,1784095388066,9052
1784095397182,1784095388066,9116
1784095397182,1784095388066,9116
1784095397182,1784095388066,9116
1784095397182,1784095388066,9116
1784095397182,1784095388066,9116
1784095397182,1784095388066,9116
1784095397182,1784095388066,9116
1784095397182,1784095388066,9116
1784095397182,1784095388066,9116
1784095397182,1784095388066,9116
1784095397243,1784095388066,9177
1784095397243,1784095388066,9177
1784095397243,1784095388066,9177
1784095397243,1784095388066,9177
1784095397243,1784095388066,9177
1784095397243,1784095388066,9177
1784095397243,1784095388066,9177
1784095397243,1784095388066,9177
1784095397243,1784095388066,9177
1784095397243,1784095388066,9177
1784095397312,1784095388066,9246
1784095397312,1784095388066,9246
1784095397312,1784095388066,9246
1784095397312,1784095388066,9246
1784095397312,1784095388066,9246
1784095397312,1784095388066,9246
1784095397312,1784095388066,9246
1784095397312,1784095388066,9246
1784095397312,1784095388066,9246
1784095397312,1784095388066,9246
1784095397374,1784095388066,9308
1784095397374,1784095388066,9308
1784095397374,1784095388066,9308
1784095397374,1784095388066,9308
1784095397374,1784095388066,9308
1784095397374,1784095388066,9308
1784095397374,1784095388066,9308
1784095397374,1784095388066,9308
1784095397374,1784095388066,9308
1784095397374,1784095388066,9308
1784095397434,1784095388066,9368
1784095397434,1784095388066,9368
1784095397434,1784095388066,9368
1784095397434,1784095388066,9368
1784095397434,1784095388066,9368
1784095397434,1784095388066,9368
1784095397434,1784095388066,9368
1784095397434,1784095388066,9368
1784095397434,1784095388066,9368
1784095397434,1784095388066,9368
1784095397495,1784095388066,9429
1784095397495,1784095388066,9429
1784095397495,1784095388066,9429
1784095397495,1784095388066,9429
1784095397495,1784095388066,9429
1784095397495,1784095388066,9429
1784095397495,1784095388066,9429
1784095397495,1784095388066,9429
1784095397495,1784095388066,9429
1784095397495,1784095388066,9429
1784095397559,1784095388066,9493
1784095397559,1784095388066,9493
1784095397559,1784095388066,9493
1784095397559,1784095388066,9493
1784095397559,1784095388066,9493
1784095397559,1784095388066,9493
1784095397559,1784095388066,9493
1784095397559,1784095388066,9493
1784095397559,1784095388066,9493
1784095397559,1784095388066,9493
1784095397621,1784095388066,9555
1784095397621,1784095388066,9555
1784095397621,1784095388066,9555
1784095397621,1784095388066,9555
1784095397621,1784095388066,9555
1784095397621,1784095388066,9555
1784095397621,1784095388066,9555
1784095397621,1784095388066,9555
1784095397621,1784095388066,9555
1784095397621,1784095388066,9555
1784095397685,1784095388066,9619
1784095397685,1784095388066,9619
1784095397685,1784095388066,9619
1784095397685,1784095388066,9619
1784095397685,1784095388066,9619
1784095397685,1784095388066,9619
1784095397685,1784095388066,9619
1784095397685,1784095388066,9619
1784095397685,1784095388066,9619
1784095397685,1784095388066,9619
1784095397747,1784095388066,9681
1784095397747,1784095388066,9681
1784095397747,1784095388066,9681
1784095397747,1784095388066,9681
1784095397747,1784095388066,9681
1784095397747,1784095388066,9681
1784095397747,1784095388066,9681
1784095397747,1784095388066,9681
1784095397747,1784095388066,9681
1784095397747,1784095388066,9681
1784095397808,1784095388066,9742
1784095397808,1784095388066,9742
1784095397808,1784095388066,9742
1784095397808,1784095388066,9742
1784095397808,1784095388066,9742
1784095397808,1784095388066,9742
1784095397808,1784095388066,9742
1784095397808,1784095388066,9742
1784095397808,1784095388066,9742
1784095397808,1784095388066,9742
1784095397871,1784095388066,9805
1784095397871,1784095388066,9805
1784095397871,1784095388066,9805
1784095397871,1784095388066,9805
1784095397871,1784095388066,9805
1784095397871,1784095388066,9805
1784095397871,1784095388066,9805
1784095397871,1784095388066,9805
1784095397871,1784095388066,9805
1784095397871,1784095388066,9805
1784095397943,1784095388066,9877
1784095397943,1784095388066,9877
1784095397943,1784095388066,9877
1784095397943,1784095388066,9877
1784095397943,1784095388066,9877
1784095397943,1784095388066,9877
1784095397943,1784095388066,9877
1784095397943,1784095388066,9877
1784095397943,1784095388066,9877
1784095397943,1784095388066,9877
1784095398047,1784095388066,9981
1784095398047,1784095388066,9981
1784095398047,1784095388066,9981
1784095398047,1784095388066,9981
1784095398047,1784095388066,9981
1784095398047,1784095388066,9981
1784095398047,1784095388066,9981
1784095398047,1784095388066,9981
1784095398047,1784095388066,9981
1784095398047,1784095388066,9981
1784095419047,1784095413095,5952
1784095419047,1784095413095,5952
1784095419047,1784095413095,5952
1784095419047,1784095413095,5952
1784095419047,1784095413095,5952
1784095419047,1784095413095,5952
1784095419047,1784095413095,5952
1784095419047,1784095413095,5952
1784095419047,1784095413095,5952
1784095419047,1784095413095,5952
1784095419108,1784095413095,6013
1784095419108,1784095413095,6013
1784095419108,1784095413095,6013
1784095419108,1784095413095,6013
1784095419108,1784095413095,6013
1784095419108,1784095413095,6013
1784095419108,1784095413095,6013
1784095419108,1784095413095,6013
1784095419108,1784095413095,6013
1784095419108,1784095413095,6013
1784095419166,1784095413095,6071
1784095419166,1784095413095,6071
1784095419166,1784095413095,6071
1784095419166,1784095413095,6071
1784095419166,1784095413095,6071
1784095419166,1784095413095,6071
1784095419166,1784095413095,6071
1784095419166,1784095413095,6071
1784095419166,1784095413095,6071
1784095419166,1784095413095,6071
1784095419224,1784095413095,6129
1784095419224,1784095413095,6129
1784095419224,1784095413095,6129
1784095419224,1784095413095,6129
1784095419224,1784095413095,6129
1784095419224,1784095413095,6129
1784095419224,1784095413095,6129
1784095419224,1784095413095,6129
1784095419224,1784095413095,6129
1784095419224,1784095413095,6129
1784095419284,1784095413095,6189
1784095419284,1784095413095,6189
1784095419284,1784095413095,6189
1784095419284,1784095413095,6189
1784095419284,1784095413095,6189
1784095419284,1784095413095,6189
1784095419284,1784095413095,6189
1784095419284,1784095413095,6189
1784095419284,1784095413095,6189
1784095419284,1784095413095,6189
1784095419342,1784095413095,6247
1784095419342,1784095413095,6247
1784095419342,1784095413095,6247
1784095419342,1784095413095,6247
1784095419342,1784095413095,6247
1784095419342,1784095413095,6247
1784095419342,1784095413095,6247
1784095419342,1784095413095,6247
1784095419342,1784095413095,6247
1784095419342,1784095413095,6247
1784095419402,1784095413095,6307
1784095419402,1784095413095,6307
1784095419402,1784095413095,6307
1784095419402,1784095413095,6307
1784095419402,1784095413095,6307
1784095419402,1784095413095,6307
1784095419402,1784095413095,6307
1784095419402,1784095413095,6307
1784095419402,1784095413095,6307
1784095419402,1784095413095,6307
1784095419465,1784095413095,6370
1784095419465,1784095413095,6370
1784095419465,1784095413095,6370
1784095419465,1784095413095,6370
1784095419465,1784095413095,6370
1784095419465,1784095413095,6370
1784095419465,1784095413095,6370
1784095419465,1784095413095,6370
1784095419465,1784095413095,6370
1784095419465,1784095413095,6370
1784095419527,1784095413095,6432
1784095419527,1784095413095,6432
1784095419527,1784095413095,6432
1784095419527,1784095413095,6432
1784095419527,1784095413095,6432
1784095419527,1784095413095,6432
1784095419527,1784095413095,6432
1784095419527,1784095413095,6432
1784095419527,1784095413095,6432
1784095419527,1784095413095,6432
1784095419589,1784095413095,6494
1784095419589,1784095413095,6494
1784095419589,1784095413095,6494
1784095419589,1784095413095,6494
1784095419589,1784095413095,6494
1784095419589,1784095413095,6494
1784095419589,1784095413095,6494
1784095419589,1784095413095,6494
1784095419589,1784095413095,6494
1784095419589,1784095413095,6494
1784095419655,1784095413095,6560
1784095419655,1784095413095,6560
1784095419655,1784095413095,6560
1784095419655,1784095413095,6560
1784095419655,1784095413095,6560
1784095419655,1784095413095,6560
1784095419655,1784095413095,6560
1784095419655,1784095413095,6560
1784095419655,1784095413095,6560
1784095419655,1784095413095,6560
1784095419755,1784095413095,6660
1784095419755,1784095413095,6660
1784095419755,1784095413095,6660
1784095419755,1784095413095,6660
1784095419755,1784095413095,6660
1784095419755,1784095413095,6660
1784095419755,1784095413095,6660
1784095419755,1784095413095,6660
1784095419755,1784095413095,6660
1784095419755,1784095413095,6660
1784095419816,1784095413095,6721
1784095419816,1784095413095,6721
1784095419816,1784095413095,6721
1784095419816,1784095413095,6721
1784095419816,1784095413095,6721
1784095419816,1784095413095,6721
1784095419816,1784095413095,6721
1784095419816,1784095413095,6721
1784095419816,1784095413095,6721
1784095419816,1784095413095,6721
1784095419875,1784095413095,6780
1784095419875,1784095413095,6780
1784095419875,1784095413095,6780
1784095419875,1784095413095,6780
1784095419875,1784095413095,6780
1784095419875,1784095413095,6780
1784095419875,1784095413095,6780
1784095419875,1784095413095,6780
1784095419875,1784095413095,6780
1784095419875,1784095413095,6780
1784095419936,1784095413095,6841
1784095419936,1784095413095,6841
1784095419936,1784095413095,6841
1784095419936,1784095413095,6841
1784095419936,1784095413095,6841
1784095419936,1784095413095,6841
1784095419936,1784095413095,6841
1784095419936,1784095413095,6841
1784095419936,1784095413095,6841
1784095419936,1784095413095,6841
1784095419995,1784095413095,6900
1784095419995,1784095413095,6900
1784095419995,1784095413095,6900
1784095419995,1784095413095,6900
1784095419995,1784095413095,6900
1784095419995,1784095413095,6900
1784095419995,1784095413095,6900
1784095419995,1784095413095,6900
1784095419995,1784095413095,6900
1784095419995,1784095413095,6900
1784095420055,1784095413095,6960
1784095420055,1784095413095,6960
1784095420055,1784095413095,6960
1784095420055,1784095413095,6960
1784095420055,1784095413095,6960
1784095420055,1784095413095,6960
1784095420055,1784095413095,6960
1784095420055,1784095413095,6960
1784095420055,1784095413095,6960
1784095420055,1784095413095,6960
1784095420114,1784095413095,7019
1784095420114,1784095413095,7019
1784095420114,1784095413095,7019
1784095420114,1784095413095,7019
1784095420114,1784095413095,7019
1784095420114,1784095413095,7019
1784095420114,1784095413095,7019
1784095420114,1784095413095,7019
1784095420114,1784095413095,7019
1784095420114,1784095413095,7019
1784095420172,1784095413095,7077
1784095420172,1784095413095,7077
1784095420172,1784095413095,7077
1784095420172,1784095413095,7077
1784095420172,1784095413095,7077
1784095420172,1784095413095,7077
1784095420172,1784095413095,7077
1784095420172,1784095413095,7077
1784095420172,1784095413095,7077
1784095420172,1784095413095,7077
1784095420231,1784095413095,7136
1784095420231,1784095413095,7136
1784095420231,1784095413095,7136
1784095420231,1784095413095,7136
1784095420231,1784095413095,7136
1784095420231,1784095413095,7136
1784095420231,1784095413095,7136
1784095420231,1784095413095,7136
1784095420231,1784095413095,7136
1784095420231,1784095413095,7136
1784095420290,1784095413095,7195
1784095420290,1784095413095,7195
1784095420290,1784095413095,7195
1784095420290,1784095413095,7195
1784095420290,1784095413095,7195
1784095420290,1784095413095,7195
1784095420290,1784095413095,7195
1784095420290,1784095413095,7195
1784095420290,1784095413095,7195
1784095420290,1784095413095,7195
1784095420353,1784095413095,7258
1784095420353,1784095413095,7258
1784095420353,1784095413095,7258
1784095420353,1784095413095,7258
1784095420353,1784095413095,7258
1784095420353,1784095413095,7258
1784095420353,1784095413095,7258
1784095420353,1784095413095,7258
1784095420353,1784095413095,7258
1784095420353,1784095413095,7258
1784095420412,1784095413095,7317
1784095420412,1784095413095,7317
1784095420412,1784095413095,7317
1784095420412,1784095413095,7317
1784095420412,1784095413095,7317
1784095420412,1784095413095,7317
1784095420412,1784095413095,7317
1784095420412,1784095413095,7317
1784095420412,1784095413095,7317
1784095420412,1784095413095,7317
1784095420479,1784095413095,7384
1784095420479,1784095413095,7384
1784095420479,1784095413095,7384
1784095420479,1784095413095,7384
1784095420479,1784095413095,7384
1784095420479,1784095413095,7384
1784095420479,1784095413095,7384
1784095420479,1784095413095,7384
1784095420479,1784095413095,7384
1784095420479,1784095413095,7384
1784095420543,1784095413095,7448
1784095420543,1784095413095,7448
1784095420543,1784095413095,7448
1784095420543,1784095413095,7448
1784095420543,1784095413095,7448
1784095420543,1784095413095,7448
1784095420543,1784095413095,7448
1784095420543,1784095413095,7448
1784095420543,1784095413095,7448
1784095420543,1784095413095,7448
1784095420615,1784095413095,7520
1784095420615,1784095413095,7520
1784095420615,1784095413095,7520
1784095420615,1784095413095,7520
1784095420615,1784095413095,7520
1784095420615,1784095413095,7520
1784095420615,1784095413095,7520
1784095420615,1784095413095,7520
1784095420615,1784095413095,7520
1784095420615,1784095413095,7520
1784095420679,1784095413095,7584
1784095420679,1784095413095,7584
1784095420679,1784095413095,7584
1784095420679,1784095413095,7584
1784095420679,1784095413095,7584
1784095420679,1784095413095,7584
1784095420679,1784095413095,7584
1784095420679,1784095413095,7584
1784095420679,1784095413095,7584
1784095420679,1784095413095,7584
1784095420744,1784095413095,7649
1784095420744,1784095413095,7649
1784095420744,1784095413095,7649
1784095420744,1784095413095,7649
1784095420744,1784095413095,7649
1784095420744,1784095413095,7649
1784095420744,1784095413095,7649
1784095420744,1784095413095,7649
1784095420744,1784095413095,7649
1784095420744,1784095413095,7649
1784095420825,1784095413095,7730
1784095420825,1784095413095,7730
1784095420825,1784095413095,7730
1784095420825,1784095413095,7730
1784095420825,1784095413095,7730
1784095420825,1784095413095,7730
1784095420825,1784095413095,7730
1784095420825,1784095413095,7730
1784095420825,1784095413095,7730
1784095420825,1784095413095,7730
1784095420899,1784095413095,7804
1784095420899,1784095413095,7804
1784095420899,1784095413095,7804
1784095420899,1784095413095,7804
1784095420899,1784095413095,7804
1784095420899,1784095413095,7804
1784095420899,1784095413095,7804
1784095420899,1784095413095,7804
1784095420899,1784095413095,7804
1784095420899,1784095413095,7804
1784095420961,1784095413095,7866
1784095420961,1784095413095,7866
1784095420961,1784095413095,7866
1784095420961,1784095413095,7866
1784095420961,1784095413095,7866
1784095420961,1784095413095,7866
1784095420961,1784095413095,7866
1784095420961,1784095413095,7866
1784095420961,1784095413095,7866
1784095420961,1784095413095,7866
1784095421021,1784095413095,7926
1784095421021,1784095413095,7926
1784095421021,1784095413095,7926
1784095421021,1784095413095,7926
1784095421021,1784095413095,7926
1784095421021,1784095413095,7926
1784095421021,1784095413095,7926
1784095421021,1784095413095,7926
1784095421021,1784095413095,7926
1784095421021,1784095413095,7926
1784095421082,1784095413095,7987
1784095421082,1784095413095,7987
1784095421082,1784095413095,7987
1784095421082,1784095413095,7987
1784095421082,1784095413095,7987
1784095421082,1784095413095,7987
1784095421082,1784095413095,7987
1784095421082,1784095413095,7987
1784095421082,1784095413095,7987
1784095421082,1784095413095,7987
1784095421146,1784095413095,8051
1784095421146,1784095413095,8051
1784095421146,1784095413095,8051
1784095421146,1784095413095,8051
1784095421146,1784095413095,8051
1784095421146,1784095413095,8051
1784095421146,1784095413095,8051
1784095421146,1784095413095,8051
1784095421146,1784095413095,8051
1784095421146,1784095413095,8051
1784095421212,1784095413095,8117
1784095421212,1784095413095,8117
1784095421212,1784095413095,8117
1784095421212,1784095413095,8117
1784095421212,1784095413095,8117
1784095421212,1784095413095,8117
1784095421212,1784095413095,8117
1784095421212,1784095413095,8117
1784095421212,1784095413095,8117
1784095421212,1784095413095,8117
1784095421280,1784095413095,8185
1784095421280,1784095413095,8185
1784095421280,1784095413095,8185
1784095421280,1784095413095,8185
1784095421280,1784095413095,8185
1784095421280,1784095413095,8185
1784095421280,1784095413095,8185
1784095421280,1784095413095,8185
1784095421280,1784095413095,8185
1784095421280,1784095413095,8185
1784095421354,1784095413095,8259
1784095421354,1784095413095,8259
1784095421354,1784095413095,8259
1784095421354,1784095413095,8259
1784095421354,1784095413095,8259
1784095421354,1784095413095,8259
1784095421354,1784095413095,8259
1784095421354,1784095413095,8259
1784095421354,1784095413095,8259
1784095421354,1784095413095,8259
1784095421418,1784095413095,8323
1784095421418,1784095413095,8323
1784095421418,1784095413095,8323
1784095421418,1784095413095,8323
1784095421418,1784095413095,8323
1784095421418,1784095413095,8323
1784095421418,1784095413095,8323
1784095421418,1784095413095,8323
1784095421418,1784095413095,8323
1784095421418,1784095413095,8323
1784095421506,1784095413095,8411
1784095421506,1784095413095,8411
1784095421506,1784095413095,8411
1784095421506,1784095413095,8411
1784095421506,1784095413095,8411
1784095421506,1784095413095,8411
1784095421506,1784095413095,8411
1784095421506,1784095413095,8411
1784095421506,1784095413095,8411
1784095421506,1784095413095,8411
1784095421607,1784095413095,8512
1784095421607,1784095413095,8512
1784095421607,1784095413095,8512
1784095421607,1784095413095,8512
1784095421607,1784095413095,8512
1784095421607,1784095413095,8512
1784095421607,1784095413095,8512
1784095421607,1784095413095,8512
1784095421607,1784095413095,8512
1784095421607,1784095413095,8512
1784095421709,1784095413095,8614
1784095421709,1784095413095,8614
1784095421709,1784095413095,8614
1784095421709,1784095413095,8614
1784095421709,1784095413095,8614
1784095421709,1784095413095,8614
1784095421709,1784095413095,8614
1784095421709,1784095413095,8614
1784095421709,1784095413095,8614
1784095421709,1784095413095,8614
1784095421788,1784095413095,8693
1784095421788,1784095413095,8693
1784095421788,1784095413095,8693
1784095421788,1784095413095,8693
1784095421788,1784095413095,8693
1784095421788,1784095413095,8693
1784095421788,1784095413095,8693
1784095421788,1784095413095,8693
1784095421788,1784095413095,8693
1784095421788,1784095413095,8693
1784095421853,1784095413095,8758
1784095421853,1784095413095,8758
1784095421853,1784095413095,8758
1784095421853,1784095413095,8758
1784095421853,1784095413095,8758
1784095421853,1784095413095,8758
1784095421853,1784095413095,8758
1784095421853,1784095413095,8758
1784095421853,1784095413095,8758
1784095421853,1784095413095,8758
1784095421945,1784095413095,8850
1784095421945,1784095413095,8850
1784095421945,1784095413095,8850
1784095421945,1784095413095,8850
1784095421945,1784095413095,8850
1784095421945,1784095413095,8850
1784095421945,1784095413095,8850
1784095421945,1784095413095,8850
1784095421945,1784095413095,8850
1784095421945,1784095413095,8850
1784095422051,1784095413095,8956
1784095422051,1784095413095,8956
1784095422051,1784095413095,8956
1784095422051,1784095413095,8956
1784095422051,1784095413095,8956
1784095422051,1784095413095,8956
1784095422051,1784095413095,8956
1784095422051,1784095413095,8956
1784095422051,1784095413095,8956
1784095422051,1784095413095,8956
1784095422157,1784095413095,9062
1784095422157,1784095413095,9062
1784095422157,1784095413095,9062
1784095422157,1784095413095,9062
1784095422157,1784095413095,9062
1784095422157,1784095413095,9062
1784095422157,1784095413095,9062
1784095422157,1784095413095,9062
1784095422157,1784095413095,9062
1784095422157,1784095413095,9062
1784095422266,1784095413095,9171
1784095422266,1784095413095,9171
1784095422266,1784095413095,9171
1784095422266,1784095413095,9171
1784095422266,1784095413095,9171
1784095422266,1784095413095,9171
1784095422266,1784095413095,9171
1784095422266,1784095413095,9171
1784095422266,1784095413095,9171
1784095422266,1784095413095,9171
1784095422368,1784095413095,9273
1784095422368,1784095413095,9273
1784095422368,1784095413095,9273
1784095422368,1784095413095,9273
1784095422368,1784095413095,9273
1784095422368,1784095413095,9273
1784095422368,1784095413095,9273
1784095422368,1784095413095,9273
1784095422368,1784095413095,9273
1784095422368,1784095413095,9273
1784095422474,1784095413095,9379
1784095422474,1784095413095,9379
1784095422474,1784095413095,9379
1784095422474,1784095413095,9379
1784095422474,1784095413095,9379
1784095422474,1784095413095,9379
1784095422474,1784095413095,9379
1784095422474,1784095413095,9379
1784095422474,1784095413095,9379
1784095422474,1784095413095,9379
1784095422583,1784095413095,9488
1784095422583,1784095413095,9488
1784095422583,1784095413095,9488
1784095422583,1784095413095,9488
1784095422583,1784095413095,9488
1784095422583,1784095413095,9488
1784095422583,1784095413095,9488
1784095422583,1784095413095,9488
1784095422583,1784095413095,9488
1784095422583,1784095413095,9488
1784095423544,1784095418691,4853
1784095423544,1784095418691,4853
1784095423544,1784095418691,4853
1784095423544,1784095418691,4853
1784095423544,1784095418691,4853
1784095423544,1784095418691,4853
1784095423544,1784095418691,4853
1784095423544,1784095418691,4853
1784095423544,1784095418691,4853
1784095423544,1784095418691,4853
1784095423638,1784095418691,4947
1784095423638,1784095418691,4947
1784095423638,1784095418691,4947
1784095423638,1784095418691,4947
1784095423638,1784095418691,4947
1784095423638,1784095418691,4947
1784095423638,1784095418691,4947
1784095423638,1784095418691,4947
1784095423638,1784095418691,4947
1784095423638,1784095418691,4947
1784095423740,1784095418691,5049
1784095423740,1784095418691,5049
1784095423740,1784095418691,5049
1784095423740,1784095418691,5049
1784095423740,1784095418691,5049
1784095423740,1784095418691,5049
1784095423740,1784095418691,5049
1784095423740,1784095418691,5049
1784095423740,1784095418691,5049
1784095423740,1784095418691,5049
1784095423845,1784095418691,5154
1784095423845,1784095418691,5154
1784095423845,1784095418691,5154
1784095423845,1784095418691,5154
1784095423845,1784095418691,5154
1784095423845,1784095418691,5154
1784095423845,1784095418691,5154
1784095423845,1784095418691,5154
1784095423845,1784095418691,5154
1784095423845,1784095418691,5154
1784095423951,1784095418691,5260
1784095423951,1784095418691,5260
1784095423951,1784095418691,5260
1784095423951,1784095418691,5260
1784095423951,1784095418691,5260
1784095423951,1784095418691,5260
1784095423951,1784095418691,5260
1784095423951,1784095418691,5260
1784095423951,1784095418691,5260
1784095423951,1784095418691,5260
1784095424142,1784095418691,5451
1784095424142,1784095418691,5451
1784095424142,1784095418691,5451
1784095424142,1784095418691,5451
1784095424142,1784095418691,5451
1784095424142,1784095418691,5451
1784095424142,1784095418691,5451
1784095424142,1784095418691,5451
1784095424142,1784095418691,5451
1784095424142,1784095418691,5451
1784095424240,1784095418691,5549
1784095424240,1784095418691,5549
1784095424240,1784095418691,5549
1784095424240,1784095418691,5549
1784095424240,1784095418691,5549
1784095424240,1784095418691,5549
1784095424240,1784095418691,5549
1784095424240,1784095418691,5549
1784095424240,1784095418691,5549
1784095424240,1784095418691,5549
1784095424341,1784095418691,5650
1784095424341,1784095418691,5650
1784095424341,1784095418691,5650
1784095424341,1784095418691,5650
1784095424341,1784095418691,5650
1784095424341,1784095418691,5650
1784095424341,1784095418691,5650
1784095424341,1784095418691,5650
1784095424341,1784095418691,5650
1784095424341,1784095418691,5650
1784095424442,1784095418691,5751
1784095424442,1784095418691,5751
1784095424442,1784095418691,5751
1784095424442,1784095418691,5751
1784095424442,1784095418691,5751
1784095424442,1784095418691,5751
1784095424442,1784095418691,5751
1784095424442,1784095418691,5751
1784095424442,1784095418691,5751
1784095424442,1784095418691,5751
1784095424549,1784095418691,5858
1784095424549,1784095418691,5858
1784095424549,1784095418691,5858
1784095424549,1784095418691,5858
1784095424549,1784095418691,5858
1784095424549,1784095418691,5858
1784095424549,1784095418691,5858
1784095424549,1784095418691,5858
1784095424549,1784095418691,5858
1784095424549,1784095418691,5858
1784095424654,1784095418691,5963
1784095424654,1784095418691,5963
1784095424654,1784095418691,5963
1784095424654,1784095418691,5963
1784095424654,1784095418691,5963
1784095424654,1784095418691,5963
1784095424654,1784095418691,5963
1784095424654,1784095418691,5963
1784095424654,1784095418691,5963
1784095424654,1784095418691,5963
1784095424753,1784095418691,6062
1784095424753,1784095418691,6062
1784095424753,1784095418691,6062
1784095424753,1784095418691,6062
1784095424753,1784095418691,6062
1784095424753,1784095418691,6062
1784095424753,1784095418691,6062
1784095424753,1784095418691,6062
1784095424753,1784095418691,6062
1784095424753,1784095418691,6062
1784095424850,1784095418691,6159
1784095424850,1784095418691,6159
1784095424850,1784095418691,6159
1784095424850,1784095418691,6159
1784095424850,1784095418691,6159
1784095424850,1784095418691,6159
1784095424850,1784095418691,6159
1784095424850,1784095418691,6159
1784095424850,1784095418691,6159
1784095424850,1784095418691,6159
1784095424952,1784095418691,6261
1784095424952,1784095418691,6261
1784095424952,1784095418691,6261
1784095424952,1784095418691,6261
1784095424952,1784095418691,6261
1784095424952,1784095418691,6261
1784095424952,1784095418691,6261
1784095424952,1784095418691,6261
1784095424952,1784095418691,6261
1784095424952,1784095418691,6261
1784095425048,1784095418691,6357
1784095425048,1784095418691,6357
1784095425048,1784095418691,6357
1784095425048,1784095418691,6357
1784095425048,1784095418691,6357
1784095425048,1784095418691,6357
1784095425048,1784095418691,6357
1784095425048,1784095418691,6357
1784095425048,1784095418691,6357
1784095425048,1784095418691,6357
1784095425154,1784095418691,6463
1784095425154,1784095418691,6463
1784095425154,1784095418691,6463
1784095425154,1784095418691,6463
1784095425154,1784095418691,6463
1784095425154,1784095418691,6463
1784095425154,1784095418691,6463
1784095425154,1784095418691,6463
1784095425154,1784095418691,6463
1784095425154,1784095418691,6463
1784095425261,1784095418691,6570
1784095425261,1784095418691,6570
1784095425261,1784095418691,6570
1784095425261,1784095418691,6570
1784095425261,1784095418691,6570
1784095425261,1784095418691,6570
1784095425261,1784095418691,6570
1784095425261,1784095418691,6570
1784095425261,1784095418691,6570
1784095425261,1784095418691,6570
1784095425381,1784095418691,6690
1784095425381,1784095418691,6690
1784095425381,1784095418691,6690
1784095425381,1784095418691,6690
1784095425381,1784095418691,6690
1784095425381,1784095418691,6690
1784095425381,1784095418691,6690
1784095425381,1784095418691,6690
1784095425381,1784095418691,6690
1784095425381,1784095418691,6690
1784095425481,1784095418691,6790
1784095425481,1784095418691,6790
1784095425481,1784095418691,6790
1784095425481,1784095418691,6790
1784095425481,1784095418691,6790
1784095425481,1784095418691,6790
1784095425481,1784095418691,6790
1784095425481,1784095418691,6790
1784095425481,1784095418691,6790
1784095425481,1784095418691,6790
1784095425587,1784095418691,6896
1784095425587,1784095418691,6896
1784095425587,1784095418691,6896
1784095425587,1784095418691,6896
1784095425587,1784095418691,6896
1784095425587,1784095418691,6896
1784095425587,1784095418691,6896
1784095425587,1784095418691,6896
1784095425587,1784095418691,6896
1784095425587,1784095418691,6896
1784095425695,1784095418691,7004
1784095425695,1784095418691,7004
1784095425695,1784095418691,7004
1784095425695,1784095418691,7004
1784095425695,1784095418691,7004
1784095425695,1784095418691,7004
1784095425695,1784095418691,7004
1784095425695,1784095418691,7004
1784095425695,1784095418691,7004
1784095425695,1784095418691,7004
1784095425807,1784095418691,7116
1784095425807,1784095418691,7116
1784095425807,1784095418691,7116
1784095425807,1784095418691,7116
1784095425807,1784095418691,7116
1784095425807,1784095418691,7116
1784095425807,1784095418691,7116
1784095425807,1784095418691,7116
1784095425807,1784095418691,7116
1784095425807,1784095418691,7116
1784095425903,1784095418691,7212
1784095425903,1784095418691,7212
1784095425903,1784095418691,7212
1784095425903,1784095418691,7212
1784095425903,1784095418691,7212
1784095425903,1784095418691,7212
1784095425903,1784095418691,7212
1784095425903,1784095418691,7212
1784095425903,1784095418691,7212
1784095425903,1784095418691,7212
1784095425999,1784095418691,7308
1784095425999,1784095418691,7308
1784095425999,1784095418691,7308
1784095425999,1784095418691,7308
1784095425999,1784095418691,7308
1784095425999,1784095418691,7308
1784095425999,1784095418691,7308
1784095425999,1784095418691,7308
1784095425999,1784095418691,7308
1784095425999,1784095418691,7308
1784095426104,1784095418691,7413
1784095426104,1784095418691,7413
1784095426104,1784095418691,7413
1784095426104,1784095418691,7413
1784095426104,1784095418691,7413
1784095426104,1784095418691,7413
1784095426104,1784095418691,7413
1784095426104,1784095418691,7413
1784095426104,1784095418691,7413
1784095426104,1784095418691,7413
1784095426210,1784095418691,7519
1784095426210,1784095418691,7519
1784095426210,1784095418691,7519
1784095426210,1784095418691,7519
1784095426210,1784095418691,7519
1784095426210,1784095418691,7519
1784095426210,1784095418691,7519
1784095426210,1784095418691,7519
1784095426210,1784095418691,7519
1784095426210,1784095418691,7519
1784095426316,1784095418691,7625
1784095426316,1784095418691,7625
1784095426316,1784095418691,7625
1784095426316,1784095418691,7625
1784095426316,1784095418691,7625
1784095426316,1784095418691,7625
1784095426316,1784095418691,7625
1784095426316,1784095418691,7625
1784095426316,1784095418691,7625
1784095426316,1784095418691,7625
1784095426421,1784095418691,7730
1784095426421,1784095418691,7730
1784095426421,1784095418691,7730
1784095426421,1784095418691,7730
1784095426421,1784095418691,7730
1784095426421,1784095418691,7730
1784095426421,1784095418691,7730
1784095426421,1784095418691,7730
1784095426421,1784095418691,7730
1784095426421,1784095418691,7730
1784095426535,1784095418691,7844
1784095426535,1784095418691,7844
1784095426535,1784095418691,7844
1784095426535,1784095418691,7844
1784095426535,1784095418691,7844
1784095426535,1784095418691,7844
1784095426535,1784095418691,7844
1784095426535,1784095418691,7844
1784095426535,1784095418691,7844
1784095426535,1784095418691,7844
1784095426643,1784095418691,7952
1784095426643,1784095418691,7952
1784095426643,1784095418691,7952
1784095426643,1784095418691,7952
1784095426643,1784095418691,7952
1784095426643,1784095418691,7952
1784095426643,1784095418691,7952
1784095426643,1784095418691,7952
1784095426643,1784095418691,7952
1784095426643,1784095418691,7952
1784095426744,1784095418691,8053
1784095426744,1784095418691,8053
1784095426744,1784095418691,8053
1784095426744,1784095418691,8053
1784095426744,1784095418691,8053
1784095426744,1784095418691,8053
1784095426744,1784095418691,8053
1784095426744,1784095418691,8053
1784095426744,1784095418691,8053
1784095426744,1784095418691,8053
1784095426846,1784095418691,8155
1784095426846,1784095418691,8155
1784095426846,1784095418691,8155
1784095426846,1784095418691,8155
1784095426846,1784095418691,8155
1784095426846,1784095418691,8155
1784095426846,1784095418691,8155
1784095426846,1784095418691,8155
1784095426846,1784095418691,8155
1784095426846,1784095418691,8155
1784095426946,1784095418691,8255
1784095426946,1784095418691,8255
1784095426946,1784095418691,8255
1784095426946,1784095418691,8255
1784095426946,1784095418691,8255
1784095426946,1784095418691,8255
1784095426946,1784095418691,8255
1784095426946,1784095418691,8255
1784095426946,1784095418691,8255
1784095426946,1784095418691,8255
1784095427051,1784095418691,8360
1784095427051,1784095418691,8360
1784095427051,1784095418691,8360
1784095427051,1784095418691,8360
1784095427051,1784095418691,8360
1784095427051,1784095418691,8360
1784095427051,1784095418691,8360
1784095427051,1784095418691,8360
1784095427051,1784095418691,8360
1784095427051,1784095418691,8360
1784095427157,1784095418691,8466
1784095427157,1784095418691,8466
1784095427157,1784095418691,8466
1784095427157,1784095418691,8466
1784095427157,1784095418691,8466
1784095427157,1784095418691,8466
1784095427157,1784095418691,8466
1784095427157,1784095418691,8466
1784095427157,1784095418691,8466
1784095427157,1784095418691,8466
1784095427247,1784095418691,8556
1784095427247,1784095418691,8556
1784095427247,1784095418691,8556
1784095427247,1784095418691,8556
1784095427247,1784095418691,8556
1784095427247,1784095418691,8556
1784095427247,1784095418691,8556
1784095427247,1784095418691,8556
1784095427247,1784095418691,8556
1784095427247,1784095418691,8556
1784095427339,1784095418691,8648
1784095427339,1784095418691,8648
1784095427339,1784095418691,8648
1784095427339,1784095418691,8648
1784095427339,1784095418691,8648
1784095427339,1784095418691,8648
1784095427339,1784095418691,8648
1784095427339,1784095418691,8648
1784095427339,1784095418691,8648
1784095427339,1784095418691,8648
1784095427444,1784095418691,8753
1784095427444,1784095418691,8753
1784095427444,1784095418691,8753
1784095427444,1784095418691,8753
1784095427444,1784095418691,8753
1784095427444,1784095418691,8753
1784095427444,1784095418691,8753
1784095427444,1784095418691,8753
1784095427444,1784095418691,8753
1784095427444,1784095418691,8753
1784095427544,1784095418691,8853
1784095427544,1784095418691,8853
1784095427544,1784095418691,8853
1784095427544,1784095418691,8853
1784095427544,1784095418691,8853
1784095427544,1784095418691,8853
1784095427544,1784095418691,8853
1784095427544,1784095418691,8853
1784095427544,1784095418691,8853
1784095427544,1784095418691,8853
1784095427648,1784095418691,8957
1784095427648,1784095418691,8957
1784095427648,1784095418691,8957
1784095427648,1784095418691,8957
1784095427648,1784095418691,8957
1784095427648,1784095418691,8957
1784095427648,1784095418691,8957
1784095427648,1784095418691,8957
1784095427648,1784095418691,8957
1784095427648,1784095418691,8957
1784095427756,1784095418691,9065
1784095427756,1784095418691,9065
1784095427756,1784095418691,9065
1784095427756,1784095418691,9065
1784095427756,1784095418691,9065
1784095427756,1784095418691,9065
1784095427756,1784095418691,9065
1784095427756,1784095418691,9065
1784095427756,1784095418691,9065
1784095427756,1784095418691,9065
1784095427857,1784095418691,9166
1784095427857,1784095418691,9166
1784095427857,1784095418691,9166
1784095427857,1784095418691,9166
1784095427857,1784095418691,9166
1784095427857,1784095418691,9166
1784095427857,1784095418691,9166
1784095427857,1784095418691,9166
1784095427857,1784095418691,9166
1784095427857,1784095418691,9166
1784095427960,1784095418691,9269
1784095427960,1784095418691,9269
1784095427960,1784095418691,9269
1784095427960,1784095418691,9269
1784095427960,1784095418691,9269
1784095427960,1784095418691,9269
1784095427960,1784095418691,9269
1784095427960,1784095418691,9269
1784095427960,1784095418691,9269
1784095427960,1784095418691,9269
1784095428033,1784095418691,9342
1784095428033,1784095418691,9342
1784095428033,1784095418691,9342
1784095428033,1784095418691,9342
1784095428033,1784095418691,9342
1784095428033,1784095418691,9342
1784095428033,1784095418691,9342
1784095428033,1784095418691,9342
1784095428033,1784095418691,9342
1784095428033,1784095418691,9342
1784095428136,1784095418691,9445
1784095428136,1784095418691,9445
1784095428136,1784095418691,9445
1784095428136,1784095418691,9445
1784095428136,1784095418691,9445
1784095428136,1784095418691,9445
1784095428136,1784095418691,9445
1784095428136,1784095418691,9445
1784095428136,1784095418691,9445
1784095428136,1784095418691,9445
1784095428228,1784095418691,9537
1784095428228,1784095418691,9537
1784095428228,1784095418691,9537
1784095428228,1784095418691,9537
1784095428228,1784095418691,9537
1784095428228,1784095418691,9537
1784095428228,1784095418691,9537
1784095428228,1784095418691,9537
1784095428228,1784095418691,9537
1784095428228,1784095418691,9537
1784095428324,1784095418691,9633
1784095428324,1784095418691,9633
1784095428324,1784095418691,9633
1784095428324,1784095418691,9633
1784095428324,1784095418691,9633
1784095428324,1784095418691,9633
1784095428324,1784095418691,9633
1784095428324,1784095418691,9633
1784095428324,1784095418691,9633
1784095428324,1784095418691,9633
1784095428418,1784095418691,9727
1784095428418,1784095418691,9727
1784095428418,1784095418691,9727
1784095428418,1784095418691,9727
1784095428418,1784095418691,9727
1784095428418,1784095418691,9727
1784095428418,1784095418691,9727
1784095428418,1784095418691,9727
1784095428418,1784095418691,9727
1784095428418,1784095418691,9727
1784095428512,1784095418691,9821
1784095428512,1784095418691,9821
1784095428512,1784095418691,9821
1784095428512,1784095418691,9821
1784095428512,1784095418691,9821
1784095428512,1784095418691,9821
1784095428512,1784095418691,9821
1784095428512,1784095418691,9821
1784095428512,1784095418691,9821
1784095428512,1784095418691,9821
1784095428618,1784095418691,9927
1784095428618,1784095418691,9927
1784095428618,1784095418691,9927
1784095428618,1784095418691,9927
1784095428618,1784095418691,9927
1784095428618,1784095418691,9927
1784095428618,1784095418691,9927
1784095428618,1784095418691,9927
1784095428618,1784095418691,9927
1784095428618,1784095418691,9927
1784095444303,1784095438124,6179
1784095444303,1784095438124,6179
1784095444303,1784095438124,6179
1784095444303,1784095438124,6179
1784095444303,1784095438124,6179
1784095444303,1784095438124,6179
1784095444303,1784095438124,6179
1784095444303,1784095438124,6179
1784095444303,1784095438124,6179
1784095444303,1784095438124,6179
1784095444364,1784095438124,6240
1784095444364,1784095438124,6240
1784095444364,1784095438124,6240
1784095444364,1784095438124,6240
1784095444364,1784095438124,6240
1784095444364,1784095438124,6240
1784095444364,1784095438124,6240
1784095444364,1784095438124,6240
1784095444364,1784095438124,6240
1784095444364,1784095438124,6240
1784095444422,1784095438124,6298
1784095444422,1784095438124,6298
1784095444422,1784095438124,6298
1784095444422,1784095438124,6298
1784095444422,1784095438124,6298
1784095444422,1784095438124,6298
1784095444422,1784095438124,6298
1784095444422,1784095438124,6298
1784095444422,1784095438124,6298
1784095444422,1784095438124,6298
1784095444479,1784095438124,6355
1784095444479,1784095438124,6355
1784095444479,1784095438124,6355
1784095444479,1784095438124,6355
1784095444479,1784095438124,6355
1784095444479,1784095438124,6355
1784095444479,1784095438124,6355
1784095444479,1784095438124,6355
1784095444479,1784095438124,6355
1784095444479,1784095438124,6355
1784095444542,1784095438124,6418
1784095444542,1784095438124,6418
1784095444542,1784095438124,6418
1784095444542,1784095438124,6418
1784095444542,1784095438124,6418
1784095444542,1784095438124,6418
1784095444542,1784095438124,6418
1784095444542,1784095438124,6418
1784095444542,1784095438124,6418
1784095444542,1784095438124,6418
1784095444601,1784095438124,6477
1784095444601,1784095438124,6477
1784095444601,1784095438124,6477
1784095444601,1784095438124,6477
1784095444601,1784095438124,6477
1784095444601,1784095438124,6477
1784095444601,1784095438124,6477
1784095444601,1784095438124,6477
1784095444601,1784095438124,6477
1784095444601,1784095438124,6477
1784095444666,1784095438124,6542
1784095444666,1784095438124,6542
1784095444666,1784095438124,6542
1784095444666,1784095438124,6542
1784095444666,1784095438124,6542
1784095444666,1784095438124,6542
1784095444666,1784095438124,6542
1784095444666,1784095438124,6542
1784095444666,1784095438124,6542
1784095444666,1784095438124,6542
1784095444729,1784095438124,6605
1784095444729,1784095438124,6605
1784095444729,1784095438124,6605
1784095444729,1784095438124,6605
1784095444729,1784095438124,6605
1784095444729,1784095438124,6605
1784095444729,1784095438124,6605
1784095444729,1784095438124,6605
1784095444729,1784095438124,6605
1784095444729,1784095438124,6605
1784095444791,1784095438124,6667
1784095444791,1784095438124,6667
1784095444791,1784095438124,6667
1784095444791,1784095438124,6667
1784095444791,1784095438124,6667
1784095444791,1784095438124,6667
1784095444791,1784095438124,6667
1784095444791,1784095438124,6667
1784095444791,1784095438124,6667
1784095444791,1784095438124,6667
1784095444854,1784095438124,6730
1784095444854,1784095438124,6730
1784095444854,1784095438124,6730
1784095444854,1784095438124,6730
1784095444854,1784095438124,6730
1784095444854,1784095438124,6730
1784095444854,1784095438124,6730
1784095444854,1784095438124,6730
1784095444854,1784095438124,6730
1784095444854,1784095438124,6730
1784095444915,1784095438124,6791
1784095444915,1784095438124,6791
1784095444915,1784095438124,6791
1784095444915,1784095438124,6791
1784095444915,1784095438124,6791
1784095444915,1784095438124,6791
1784095444915,1784095438124,6791
1784095444915,1784095438124,6791
1784095444915,1784095438124,6791
1784095444915,1784095438124,6791
1784095445012,1784095438124,6888
1784095445012,1784095438124,6888
1784095445012,1784095438124,6888
1784095445012,1784095438124,6888
1784095445012,1784095438124,6888
1784095445012,1784095438124,6888
1784095445012,1784095438124,6888
1784095445012,1784095438124,6888
1784095445012,1784095438124,6888
1784095445012,1784095438124,6888
1784095445069,1784095438124,6945
1784095445069,1784095438124,6945
1784095445069,1784095438124,6945
1784095445069,1784095438124,6945
1784095445069,1784095438124,6945
1784095445069,1784095438124,6945
1784095445069,1784095438124,6945
1784095445069,1784095438124,6945
1784095445069,1784095438124,6945
1784095445069,1784095438124,6945
1784095445126,1784095438124,7002
1784095445126,1784095438124,7002
1784095445126,1784095438124,7002
1784095445126,1784095438124,7002
1784095445126,1784095438124,7002
1784095445126,1784095438124,7002
1784095445126,1784095438124,7002
1784095445126,1784095438124,7002
1784095445126,1784095438124,7002
1784095445126,1784095438124,7002
1784095445185,1784095438124,7061
1784095445185,1784095438124,7061
1784095445185,1784095438124,7061
1784095445185,1784095438124,7061
1784095445185,1784095438124,7061
1784095445185,1784095438124,7061
1784095445185,1784095438124,7061
1784095445185,1784095438124,7061
1784095445185,1784095438124,7061
1784095445185,1784095438124,7061
1784095445248,1784095438124,7124
1784095445248,1784095438124,7124
1784095445248,1784095438124,7124
1784095445248,1784095438124,7124
1784095445248,1784095438124,7124
1784095445248,1784095438124,7124
1784095445248,1784095438124,7124
1784095445248,1784095438124,7124
1784095445248,1784095438124,7124
1784095445248,1784095438124,7124
1784095445320,1784095438124,7196
1784095445320,1784095438124,7196
1784095445320,1784095438124,7196
1784095445320,1784095438124,7196
1784095445320,1784095438124,7196
1784095445320,1784095438124,7196
1784095445320,1784095438124,7196
1784095445320,1784095438124,7196
1784095445320,1784095438124,7196
1784095445320,1784095438124,7196
1784095445424,1784095438124,7300
1784095445424,1784095438124,7300
1784095445424,1784095438124,7300
1784095445424,1784095438124,7300
1784095445424,1784095438124,7300
1784095445424,1784095438124,7300
1784095445424,1784095438124,7300
1784095445424,1784095438124,7300
1784095445424,1784095438124,7300
1784095445424,1784095438124,7300
1784095445528,1784095438124,7404
1784095445528,1784095438124,7404
1784095445528,1784095438124,7404
1784095445528,1784095438124,7404
1784095445528,1784095438124,7404
1784095445528,1784095438124,7404
1784095445528,1784095438124,7404
1784095445528,1784095438124,7404
1784095445528,1784095438124,7404
1784095445528,1784095438124,7404
1784095445632,1784095438124,7508
1784095445632,1784095438124,7508
1784095445632,1784095438124,7508
1784095445632,1784095438124,7508
1784095445632,1784095438124,7508
1784095445632,1784095438124,7508
1784095445632,1784095438124,7508
1784095445632,1784095438124,7508
1784095445632,1784095438124,7508
1784095445632,1784095438124,7508
1784095445745,1784095438124,7621
1784095445745,1784095438124,7621
1784095445745,1784095438124,7621
1784095445745,1784095438124,7621
1784095445745,1784095438124,7621
1784095445745,1784095438124,7621
1784095445745,1784095438124,7621
1784095445745,1784095438124,7621
1784095445745,1784095438124,7621
1784095445745,1784095438124,7621
1784095445848,1784095438124,7724
1784095445848,1784095438124,7724
1784095445848,1784095438124,7724
1784095445848,1784095438124,7724
1784095445848,1784095438124,7724
1784095445848,1784095438124,7724
1784095445848,1784095438124,7724
1784095445848,1784095438124,7724
1784095445848,1784095438124,7724
1784095445848,1784095438124,7724
1784095445938,1784095438124,7814
1784095445938,1784095438124,7814
1784095445938,1784095438124,7814
1784095445938,1784095438124,7814
1784095445938,1784095438124,7814
1784095445938,1784095438124,7814
1784095445938,1784095438124,7814
1784095445938,1784095438124,7814
1784095445938,1784095438124,7814
1784095445938,1784095438124,7814
1784095446003,1784095438124,7879
1784095446003,1784095438124,7879
1784095446003,1784095438124,7879
1784095446003,1784095438124,7879
1784095446003,1784095438124,7879
1784095446003,1784095438124,7879
1784095446003,1784095438124,7879
1784095446003,1784095438124,7879
1784095446003,1784095438124,7879
1784095446003,1784095438124,7879
1784095446062,1784095438124,7938
1784095446062,1784095438124,7938
1784095446062,1784095438124,7938
1784095446062,1784095438124,7938
1784095446062,1784095438124,7938
1784095446062,1784095438124,7938
1784095446062,1784095438124,7938
1784095446062,1784095438124,7938
1784095446062,1784095438124,7938
1784095446062,1784095438124,7938
1784095446120,1784095438124,7996
1784095446120,1784095438124,7996
1784095446120,1784095438124,7996
1784095446120,1784095438124,7996
1784095446120,1784095438124,7996
1784095446120,1784095438124,7996
1784095446120,1784095438124,7996
1784095446120,1784095438124,7996
1784095446120,1784095438124,7996
1784095446120,1784095438124,7996
1784095446179,1784095438124,8055
1784095446179,1784095438124,8055
1784095446179,1784095438124,8055
1784095446179,1784095438124,8055
1784095446179,1784095438124,8055
1784095446179,1784095438124,8055
1784095446179,1784095438124,8055
1784095446179,1784095438124,8055
1784095446179,1784095438124,8055
1784095446179,1784095438124,8055
1784095446237,1784095438124,8113
1784095446237,1784095438124,8113
1784095446237,1784095438124,8113
1784095446237,1784095438124,8113
1784095446237,1784095438124,8113
1784095446237,1784095438124,8113
1784095446237,1784095438124,8113
1784095446237,1784095438124,8113
1784095446237,1784095438124,8113
1784095446237,1784095438124,8113
1784095446297,1784095438124,8173
1784095446297,1784095438124,8173
1784095446297,1784095438124,8173
1784095446297,1784095438124,8173
1784095446297,1784095438124,8173
1784095446297,1784095438124,8173
1784095446297,1784095438124,8173
1784095446297,1784095438124,8173
1784095446297,1784095438124,8173
1784095446297,1784095438124,8173
1784095446368,1784095438124,8244
1784095446368,1784095438124,8244
1784095446368,1784095438124,8244
1784095446368,1784095438124,8244
1784095446368,1784095438124,8244
1784095446368,1784095438124,8244
1784095446368,1784095438124,8244
1784095446368,1784095438124,8244
1784095446368,1784095438124,8244
1784095446368,1784095438124,8244
1784095446445,1784095438124,8321
1784095446445,1784095438124,8321
1784095446445,1784095438124,8321
1784095446445,1784095438124,8321
1784095446445,1784095438124,8321
1784095446445,1784095438124,8321
1784095446445,1784095438124,8321
1784095446445,1784095438124,8321
1784095446445,1784095438124,8321
1784095446445,1784095438124,8321
1784095446541,1784095438124,8417
1784095446541,1784095438124,8417
1784095446541,1784095438124,8417
1784095446541,1784095438124,8417
1784095446541,1784095438124,8417
1784095446541,1784095438124,8417
1784095446541,1784095438124,8417
1784095446541,1784095438124,8417
1784095446541,1784095438124,8417
1784095446541,1784095438124,8417
1784095446645,1784095438124,8521
1784095446645,1784095438124,8521
1784095446645,1784095438124,8521
1784095446645,1784095438124,8521
1784095446645,1784095438124,8521
1784095446645,1784095438124,8521
1784095446645,1784095438124,8521
1784095446645,1784095438124,8521
1784095446645,1784095438124,8521
1784095446645,1784095438124,8521
1784095446728,1784095438124,8604
1784095446728,1784095438124,8604
1784095446728,1784095438124,8604
1784095446728,1784095438124,8604
1784095446728,1784095438124,8604
1784095446728,1784095438124,8604
1784095446728,1784095438124,8604
1784095446728,1784095438124,8604
1784095446728,1784095438124,8604
1784095446728,1784095438124,8604
1784095446827,1784095438124,8703
1784095446827,1784095438124,8703
1784095446827,1784095438124,8703
1784095446827,1784095438124,8703
1784095446827,1784095438124,8703
1784095446827,1784095438124,8703
1784095446827,1784095438124,8703
1784095446827,1784095438124,8703
1784095446827,1784095438124,8703
1784095446827,1784095438124,8703
1784095446926,1784095438124,8802
1784095446926,1784095438124,8802
1784095446926,1784095438124,8802
1784095446926,1784095438124,8802
1784095446926,1784095438124,8802
1784095446926,1784095438124,8802
1784095446926,1784095438124,8802
1784095446926,1784095438124,8802
1784095446926,1784095438124,8802
1784095446926,1784095438124,8802
1784095447025,1784095438124,8901
1784095447025,1784095438124,8901
1784095447025,1784095438124,8901
1784095447025,1784095438124,8901
1784095447025,1784095438124,8901
1784095447025,1784095438124,8901
1784095447025,1784095438124,8901
1784095447025,1784095438124,8901
1784095447025,1784095438124,8901
1784095447025,1784095438124,8901
1784095447125,1784095438124,9001
1784095447125,1784095438124,9001
1784095447125,1784095438124,9001
1784095447125,1784095438124,9001
1784095447125,1784095438124,9001
1784095447125,1784095438124,9001
1784095447125,1784095438124,9001
1784095447125,1784095438124,9001
1784095447125,1784095438124,9001
1784095447125,1784095438124,9001
1784095447218,1784095438124,9094
1784095447218,1784095438124,9094
1784095447218,1784095438124,9094
1784095447218,1784095438124,9094
1784095447218,1784095438124,9094
1784095447218,1784095438124,9094
1784095447218,1784095438124,9094
1784095447218,1784095438124,9094
1784095447218,1784095438124,9094
1784095447218,1784095438124,9094
1784095447317,1784095438124,9193
1784095447317,1784095438124,9193
1784095447317,1784095438124,9193
1784095447317,1784095438124,9193
1784095447317,1784095438124,9193
1784095447317,1784095438124,9193
1784095447317,1784095438124,9193
1784095447317,1784095438124,9193
1784095447317,1784095438124,9193
1784095447317,1784095438124,9193
1784095447422,1784095438124,9298
1784095447422,1784095438124,9298
1784095447422,1784095438124,9298
1784095447422,1784095438124,9298
1784095447422,1784095438124,9298
1784095447422,1784095438124,9298
1784095447422,1784095438124,9298
1784095447422,1784095438124,9298
1784095447422,1784095438124,9298
1784095447422,1784095438124,9298
1784095447528,1784095438124,9404
1784095447528,1784095438124,9404
1784095447528,1784095438124,9404
1784095447528,1784095438124,9404
1784095447528,1784095438124,9404
1784095447528,1784095438124,9404
1784095447528,1784095438124,9404
1784095447528,1784095438124,9404
1784095447528,1784095438124,9404
1784095447528,1784095438124,9404
1784095447647,1784095438124,9523
1784095447647,1784095438124,9523
1784095447647,1784095438124,9523
1784095447647,1784095438124,9523
1784095447647,1784095438124,9523
1784095447647,1784095438124,9523
1784095447647,1784095438124,9523
1784095447647,1784095438124,9523
1784095447647,1784095438124,9523
1784095447647,1784095438124,9523
1784095447754,1784095438124,9630
1784095447754,1784095438124,9630
1784095447754,1784095438124,9630
1784095447754,1784095438124,9630
1784095447754,1784095438124,9630
1784095447754,1784095438124,9630
1784095447754,1784095438124,9630
1784095447754,1784095438124,9630
1784095447754,1784095438124,9630
1784095447754,1784095438124,9630
1784095447863,1784095438124,9739
1784095447863,1784095438124,9739
1784095447863,1784095438124,9739
1784095447863,1784095438124,9739
1784095447863,1784095438124,9739
1784095447863,1784095438124,9739
1784095447863,1784095438124,9739
1784095447863,1784095438124,9739
1784095447863,1784095438124,9739
1784095447863,1784095438124,9739
1784095447964,1784095438124,9840
1784095447964,1784095438124,9840
1784095447964,1784095438124,9840
1784095447964,1784095438124,9840
1784095447964,1784095438124,9840
1784095447964,1784095438124,9840
1784095447964,1784095438124,9840
1784095447964,1784095438124,9840
1784095447964,1784095438124,9840
1784095447964,1784095438124,9840
1784095448085,1784095438124,9961
1784095448085,1784095438124,9961
1784095448085,1784095438124,9961
1784095448085,1784095438124,9961
1784095448085,1784095438124,9961
1784095448085,1784095438124,9961
1784095448085,1784095438124,9961
1784095448085,1784095438124,9961
1784095448085,1784095438124,9961
1784095448085,1784095438124,9961
1784095448213,1784095438124,10089
1784095448213,1784095438124,10089
1784095448213,1784095438124,10089
1784095448213,1784095438124,10089
1784095448213,1784095438124,10089
1784095448213,1784095438124,10089
1784095448213,1784095438124,10089
1784095448213,1784095438124,10089
1784095448213,1784095438124,10089
1784095448213,1784095438124,10089
1784095448292,1784095438124,10168
1784095448292,1784095438124,10168
1784095448292,1784095438124,10168
1784095448292,1784095438124,10168
1784095448292,1784095438124,10168
1784095448292,1784095438124,10168
1784095448292,1784095438124,10168
1784095448292,1784095438124,10168
1784095448292,1784095438124,10168
1784095448292,1784095438124,10168
1784095448353,1784095438124,10229
1784095448353,1784095438124,10229
1784095448353,1784095438124,10229
1784095448353,1784095438124,10229
1784095448353,1784095438124,10229
1784095448353,1784095438124,10229
1784095448353,1784095438124,10229
1784095448353,1784095438124,10229
1784095448353,1784095438124,10229
1784095448353,1784095438124,10229
1784095467534,1784095461543,5991
1784095467534,1784095461543,5991
1784095467534,1784095461543,5991
1784095467534,1784095461543,5991
1784095467534,1784095461543,5991
1784095467534,1784095461543,5991
1784095467534,1784095461543,5991
1784095467534,1784095461543,5991
1784095467534,1784095461543,5991
1784095467534,1784095461543,5991
1784095467622,1784095461543,6079
1784095467622,1784095461543,6079
1784095467622,1784095461543,6079
1784095467622,1784095461543,6079
1784095467622,1784095461543,6079
1784095467622,1784095461543,6079
1784095467622,1784095461543,6079
1784095467622,1784095461543,6079
1784095467622,1784095461543,6079
1784095467622,1784095461543,6079
1784095467756,1784095461543,6213
1784095467756,1784095461543,6213
1784095467756,1784095461543,6213
1784095467756,1784095461543,6213
1784095467756,1784095461543,6213
1784095467756,1784095461543,6213
1784095467756,1784095461543,6213
1784095467756,1784095461543,6213
1784095467756,1784095461543,6213
1784095467756,1784095461543,6213
1784095467857,1784095461543,6314
1784095467857,1784095461543,6314
1784095467857,1784095461543,6314
1784095467857,1784095461543,6314
1784095467857,1784095461543,6314
1784095467857,1784095461543,6314
1784095467857,1784095461543,6314
1784095467857,1784095461543,6314
1784095467857,1784095461543,6314
1784095467857,1784095461543,6314
1784095467959,1784095461543,6416
1784095467959,1784095461543,6416
1784095467959,1784095461543,6416
1784095467959,1784095461543,6416
1784095467959,1784095461543,6416
1784095467959,1784095461543,6416
1784095467959,1784095461543,6416
1784095467959,1784095461543,6416
1784095467959,1784095461543,6416
1784095467959,1784095461543,6416
1784095468052,1784095461543,6509
1784095468052,1784095461543,6509
1784095468052,1784095461543,6509
1784095468052,1784095461543,6509
1784095468052,1784095461543,6509
1784095468052,1784095461543,6509
1784095468052,1784095461543,6509
1784095468052,1784095461543,6509
1784095468052,1784095461543,6509
1784095468052,1784095461543,6509
1784095468156,1784095461543,6613
1784095468156,1784095461543,6613
1784095468156,1784095461543,6613
1784095468156,1784095461543,6613
1784095468156,1784095461543,6613
1784095468156,1784095461543,6613
1784095468156,1784095461543,6613
1784095468156,1784095461543,6613
1784095468156,1784095461543,6613
1784095468156,1784095461543,6613
1784095468269,1784095461543,6726
1784095468269,1784095461543,6726
1784095468269,1784095461543,6726
1784095468269,1784095461543,6726
1784095468269,1784095461543,6726
1784095468269,1784095461543,6726
1784095468269,1784095461543,6726
1784095468269,1784095461543,6726
1784095468269,1784095461543,6726
1784095468269,1784095461543,6726
1784095468374,1784095461543,6831
1784095468374,1784095461543,6831
1784095468374,1784095461543,6831
1784095468374,1784095461543,6831
1784095468374,1784095461543,6831
1784095468374,1784095461543,6831
1784095468374,1784095461543,6831
1784095468374,1784095461543,6831
1784095468374,1784095461543,6831
1784095468374,1784095461543,6831
1784095468479,1784095461543,6936
1784095468479,1784095461543,6936
1784095468479,1784095461543,6936
1784095468479,1784095461543,6936
1784095468479,1784095461543,6936
1784095468479,1784095461543,6936
1784095468479,1784095461543,6936
1784095468479,1784095461543,6936
1784095468479,1784095461543,6936
1784095468479,1784095461543,6936
1784095468583,1784095461543,7040
1784095468583,1784095461543,7040
1784095468583,1784095461543,7040
1784095468583,1784095461543,7040
1784095468583,1784095461543,7040
1784095468583,1784095461543,7040
1784095468583,1784095461543,7040
1784095468583,1784095461543,7040
1784095468583,1784095461543,7040
1784095468583,1784095461543,7040
1784095468697,1784095461543,7154
1784095468697,1784095461543,7154
1784095468697,1784095461543,7154
1784095468697,1784095461543,7154
1784095468697,1784095461543,7154
1784095468697,1784095461543,7154
1784095468697,1784095461543,7154
1784095468697,1784095461543,7154
1784095468697,1784095461543,7154
1784095468697,1784095461543,7154
1784095468810,1784095461543,7267
1784095468810,1784095461543,7267
1784095468810,1784095461543,7267
1784095468810,1784095461543,7267
1784095468810,1784095461543,7267
1784095468810,1784095461543,7267
1784095468810,1784095461543,7267
1784095468810,1784095461543,7267
1784095468810,1784095461543,7267
1784095468810,1784095461543,7267
1784095468909,1784095461543,7366
1784095468909,1784095461543,7366
1784095468909,1784095461543,7366
1784095468909,1784095461543,7366
1784095468909,1784095461543,7366
1784095468909,1784095461543,7366
1784095468909,1784095461543,7366
1784095468909,1784095461543,7366
1784095468909,1784095461543,7366
1784095468909,1784095461543,7366
1784095469034,1784095461543,7491
1784095469034,1784095461543,7491
1784095469034,1784095461543,7491
1784095469034,1784095461543,7491
1784095469034,1784095461543,7491
1784095469034,1784095461543,7491
1784095469034,1784095461543,7491
1784095469034,1784095461543,7491
1784095469034,1784095461543,7491
1784095469034,1784095461543,7491
1784095469143,1784095461543,7600
1784095469143,1784095461543,7600
1784095469143,1784095461543,7600
1784095469143,1784095461543,7600
1784095469143,1784095461543,7600
1784095469143,1784095461543,7600
1784095469143,1784095461543,7600
1784095469143,1784095461543,7600
1784095469143,1784095461543,7600
1784095469143,1784095461543,7600
1784095469264,1784095461543,7721
1784095469264,1784095461543,7721
1784095469264,1784095461543,7721
1784095469264,1784095461543,7721
1784095469264,1784095461543,7721
1784095469264,1784095461543,7721
1784095469264,1784095461543,7721
1784095469264,1784095461543,7721
1784095469264,1784095461543,7721
1784095469264,1784095461543,7721
1784095469326,1784095461543,7783
1784095469326,1784095461543,7783
1784095469326,1784095461543,7783
1784095469326,1784095461543,7783
1784095469326,1784095461543,7783
1784095469326,1784095461543,7783
1784095469326,1784095461543,7783
1784095469326,1784095461543,7783
1784095469326,1784095461543,7783
1784095469326,1784095461543,7783
1784095469384,1784095461543,7841
1784095469384,1784095461543,7841
1784095469384,1784095461543,7841
1784095469384,1784095461543,7841
1784095469384,1784095461543,7841
1784095469384,1784095461543,7841
1784095469384,1784095461543,7841
1784095469384,1784095461543,7841
1784095469384,1784095461543,7841
1784095469384,1784095461543,7841
1784095469401,1784095463153,6248
1784095469401,1784095463153,6248
1784095469401,1784095463153,6248
1784095469401,1784095463153,6248
1784095469401,1784095463153,6248
1784095469401,1784095463153,6248
1784095469401,1784095463153,6248
1784095469401,1784095463153,6248
1784095469401,1784095463153,6248
1784095469401,1784095463153,6248
1784095469446,1784095461543,7903
1784095469446,1784095461543,7903
1784095469446,1784095461543,7903
1784095469446,1784095461543,7903
1784095469446,1784095461543,7903
1784095469446,1784095461543,7903
1784095469446,1784095461543,7903
1784095469446,1784095461543,7903
1784095469446,1784095461543,7903
1784095469446,1784095461543,7903
1784095469465,1784095463153,6312
1784095469465,1784095463153,6312
1784095469465,1784095463153,6312
1784095469465,1784095463153,6312
1784095469465,1784095463153,6312
1784095469465,1784095463153,6312
1784095469465,1784095463153,6312
1784095469465,1784095463153,6312
1784095469465,1784095463153,6312
1784095469465,1784095463153,6312
1784095469508,1784095461543,7965
1784095469508,1784095461543,7965
1784095469508,1784095461543,7965
1784095469508,1784095461543,7965
1784095469508,1784095461543,7965
1784095469508,1784095461543,7965
1784095469508,1784095461543,7965
1784095469508,1784095461543,7965
1784095469508,1784095461543,7965
1784095469508,1784095461543,7965
1784095469528,1784095463153,6375
1784095469528,1784095463153,6375
1784095469528,1784095463153,6375
1784095469528,1784095463153,6375
1784095469528,1784095463153,6375
1784095469528,1784095463153,6375
1784095469528,1784095463153,6375
1784095469528,1784095463153,6375
1784095469528,1784095463153,6375
1784095469528,1784095463153,6375
1784095469571,1784095461543,8028
1784095469571,1784095461543,8028
1784095469571,1784095461543,8028
1784095469571,1784095461543,8028
1784095469571,1784095461543,8028
1784095469571,1784095461543,8028
1784095469571,1784095461543,8028
1784095469571,1784095461543,8028
1784095469571,1784095461543,8028
1784095469571,1784095461543,8028
1784095469587,1784095463153,6434
1784095469587,1784095463153,6434
1784095469587,1784095463153,6434
1784095469587,1784095463153,6434
1784095469587,1784095463153,6434
1784095469587,1784095463153,6434
1784095469587,1784095463153,6434
1784095469587,1784095463153,6434
1784095469587,1784095463153,6434
1784095469587,1784095463153,6434
1784095469635,1784095461543,8092
1784095469635,1784095461543,8092
1784095469635,1784095461543,8092
1784095469635,1784095461543,8092
1784095469635,1784095461543,8092
1784095469635,1784095461543,8092
1784095469635,1784095461543,8092
1784095469635,1784095461543,8092
1784095469635,1784095461543,8092
1784095469635,1784095461543,8092
1784095469651,1784095463153,6498
1784095469651,1784095463153,6498
1784095469651,1784095463153,6498
1784095469651,1784095463153,6498
1784095469651,1784095463153,6498
1784095469651,1784095463153,6498
1784095469651,1784095463153,6498
1784095469651,1784095463153,6498
1784095469651,1784095463153,6498
1784095469651,1784095463153,6498
1784095469710,1784095461543,8167
1784095469710,1784095461543,8167
1784095469710,1784095461543,8167
1784095469710,1784095461543,8167
1784095469710,1784095461543,8167
1784095469710,1784095461543,8167
1784095469710,1784095461543,8167
1784095469710,1784095461543,8167
1784095469710,1784095461543,8167
1784095469710,1784095461543,8167
1784095469713,1784095463153,6560
1784095469713,1784095463153,6560
1784095469713,1784095463153,6560
1784095469713,1784095463153,6560
1784095469713,1784095463153,6560
1784095469713,1784095463153,6560
1784095469713,1784095463153,6560
1784095469713,1784095463153,6560
1784095469713,1784095463153,6560
1784095469713,1784095463153,6560
1784095469774,1784095463153,6621
1784095469774,1784095463153,6621
1784095469774,1784095463153,6621
1784095469774,1784095463153,6621
1784095469774,1784095463153,6621
1784095469774,1784095463153,6621
1784095469774,1784095463153,6621
1784095469774,1784095463153,6621
1784095469774,1784095463153,6621
1784095469774,1784095463153,6621
1784095469780,1784095461543,8237
1784095469780,1784095461543,8237
1784095469780,1784095461543,8237
1784095469780,1784095461543,8237
1784095469780,1784095461543,8237
1784095469780,1784095461543,8237
1784095469780,1784095461543,8237
1784095469780,1784095461543,8237
1784095469780,1784095461543,8237
1784095469780,1784095461543,8237
1784095469854,1784095461543,8311
1784095469854,1784095461543,8311
1784095469854,1784095461543,8311
1784095469854,1784095461543,8311
1784095469854,1784095461543,8311
1784095469854,1784095461543,8311
1784095469854,1784095461543,8311
1784095469854,1784095461543,8311
1784095469854,1784095461543,8311
1784095469854,1784095461543,8311
1784095469871,1784095463153,6718
1784095469871,1784095463153,6718
1784095469871,1784095463153,6718
1784095469871,1784095463153,6718
1784095469871,1784095463153,6718
1784095469871,1784095463153,6718
1784095469871,1784095463153,6718
1784095469871,1784095463153,6718
1784095469871,1784095463153,6718
1784095469871,1784095463153,6718
1784095469928,1784095461543,8385
1784095469928,1784095461543,8385
1784095469928,1784095461543,8385
1784095469928,1784095461543,8385
1784095469928,1784095461543,8385
1784095469928,1784095461543,8385
1784095469928,1784095461543,8385
1784095469928,1784095461543,8385
1784095469928,1784095461543,8385
1784095469928,1784095461543,8385
1784095469933,1784095463153,6780
1784095469933,1784095463153,6780
1784095469933,1784095463153,6780
1784095469933,1784095463153,6780
1784095469933,1784095463153,6780
1784095469933,1784095463153,6780
1784095469933,1784095463153,6780
1784095469933,1784095463153,6780
1784095469933,1784095463153,6780
1784095469933,1784095463153,6780
1784095469995,1784095461543,8452
1784095469995,1784095461543,8452
1784095469995,1784095461543,8452
1784095469995,1784095461543,8452
1784095469995,1784095461543,8452
1784095469995,1784095461543,8452
1784095469995,1784095461543,8452
1784095469995,1784095461543,8452
1784095469995,1784095461543,8452
1784095469995,1784095461543,8452
1784095469999,1784095463153,6846
1784095469999,1784095463153,6846
1784095469999,1784095463153,6846
1784095469999,1784095463153,6846
1784095469999,1784095463153,6846
1784095469999,1784095463153,6846
1784095469999,1784095463153,6846
1784095469999,1784095463153,6846
1784095469999,1784095463153,6846
1784095469999,1784095463153,6846
1784095470053,1784095461543,8510
1784095470053,1784095461543,8510
1784095470053,1784095461543,8510
1784095470053,1784095461543,8510
1784095470053,1784095461543,8510
1784095470053,1784095461543,8510
1784095470053,1784095461543,8510
1784095470053,1784095461543,8510
1784095470053,1784095461543,8510
1784095470053,1784095461543,8510
1784095470057,1784095463153,6904
1784095470057,1784095463153,6904
1784095470057,1784095463153,6904
1784095470057,1784095463153,6904
1784095470057,1784095463153,6904
1784095470057,1784095463153,6904
1784095470057,1784095463153,6904
1784095470057,1784095463153,6904
1784095470057,1784095463153,6904
1784095470057,1784095463153,6904
1784095470113,1784095461543,8570
1784095470113,1784095461543,8570
1784095470113,1784095461543,8570
1784095470113,1784095461543,8570
1784095470113,1784095461543,8570
1784095470113,1784095461543,8570
1784095470113,1784095461543,8570
1784095470113,1784095461543,8570
1784095470113,1784095461543,8570
1784095470113,1784095461543,8570
1784095470117,1784095463153,6964
1784095470117,1784095463153,6964
1784095470117,1784095463153,6964
1784095470117,1784095463153,6964
1784095470117,1784095463153,6964
1784095470117,1784095463153,6964
1784095470117,1784095463153,6964
1784095470117,1784095463153,6964
1784095470117,1784095463153,6964
1784095470117,1784095463153,6964
1784095470173,1784095461543,8630
1784095470173,1784095461543,8630
1784095470173,1784095461543,8630
1784095470173,1784095461543,8630
1784095470173,1784095461543,8630
1784095470173,1784095461543,8630
1784095470173,1784095461543,8630
1784095470173,1784095461543,8630
1784095470173,1784095461543,8630
1784095470173,1784095461543,8630
1784095470192,1784095463153,7039
1784095470192,1784095463153,7039
1784095470192,1784095463153,7039
1784095470192,1784095463153,7039
1784095470192,1784095463153,7039
1784095470192,1784095463153,7039
1784095470192,1784095463153,7039
1784095470192,1784095463153,7039
1784095470192,1784095463153,7039
1784095470192,1784095463153,7039
1784095470232,1784095461543,8689
1784095470232,1784095461543,8689
1784095470232,1784095461543,8689
1784095470232,1784095461543,8689
1784095470232,1784095461543,8689
1784095470232,1784095461543,8689
1784095470232,1784095461543,8689
1784095470232,1784095461543,8689
1784095470232,1784095461543,8689
1784095470232,1784095461543,8689
1784095470270,1784095463153,7117
1784095470270,1784095463153,7117
1784095470270,1784095463153,7117
1784095470270,1784095463153,7117
1784095470270,1784095463153,7117
1784095470270,1784095463153,7117
1784095470270,1784095463153,7117
1784095470270,1784095463153,7117
1784095470270,1784095463153,7117
1784095470270,1784095463153,7117
1784095470292,1784095461543,8749
1784095470292,1784095461543,8749
1784095470292,1784095461543,8749
1784095470292,1784095461543,8749
1784095470292,1784095461543,8749
1784095470292,1784095461543,8749
1784095470292,1784095461543,8749
1784095470292,1784095461543,8749
1784095470292,1784095461543,8749
1784095470292,1784095461543,8749
1784095470356,1784095461543,8813
1784095470356,1784095461543,8813
1784095470356,1784095461543,8813
1784095470356,1784095461543,8813
1784095470356,1784095461543,8813
1784095470356,1784095461543,8813
1784095470356,1784095461543,8813
1784095470356,1784095461543,8813
1784095470356,1784095461543,8813
1784095470356,1784095461543,8813
1784095470355,1784095463153,7202
1784095470355,1784095463153,7202
1784095470355,1784095463153,7202
1784095470355,1784095463153,7202
1784095470355,1784095463153,7202
1784095470355,1784095463153,7202
1784095470355,1784095463153,7202
1784095470355,1784095463153,7202
1784095470355,1784095463153,7202
1784095470355,1784095463153,7202
1784095470416,1784095461543,8873
1784095470416,1784095461543,8873
1784095470416,1784095461543,8873
1784095470416,1784095461543,8873
1784095470416,1784095461543,8873
1784095470416,1784095461543,8873
1784095470416,1784095461543,8873
1784095470416,1784095461543,8873
1784095470416,1784095461543,8873
1784095470416,1784095461543,8873
1784095470457,1784095463153,7304
1784095470457,1784095463153,7304
1784095470457,1784095463153,7304
1784095470457,1784095463153,7304
1784095470457,1784095463153,7304
1784095470457,1784095463153,7304
1784095470457,1784095463153,7304
1784095470457,1784095463153,7304
1784095470457,1784095463153,7304
1784095470457,1784095463153,7304
1784095470477,1784095461543,8934
1784095470477,1784095461543,8934
1784095470477,1784095461543,8934
1784095470477,1784095461543,8934
1784095470477,1784095461543,8934
1784095470477,1784095461543,8934
1784095470477,1784095461543,8934
1784095470477,1784095461543,8934
1784095470477,1784095461543,8934
1784095470477,1784095461543,8934
1784095470536,1784095461543,8993
1784095470536,1784095461543,8993
1784095470536,1784095461543,8993
1784095470536,1784095461543,8993
1784095470536,1784095461543,8993
1784095470536,1784095461543,8993
1784095470536,1784095461543,8993
1784095470536,1784095461543,8993
1784095470536,1784095461543,8993
1784095470536,1784095461543,8993
1784095470536,1784095463153,7383
1784095470536,1784095463153,7383
1784095470536,1784095463153,7383
1784095470536,1784095463153,7383
1784095470536,1784095463153,7383
1784095470536,1784095463153,7383
1784095470536,1784095463153,7383
1784095470536,1784095463153,7383
1784095470536,1784095463153,7383
1784095470536,1784095463153,7383
1784095470597,1784095461543,9054
1784095470597,1784095461543,9054
1784095470597,1784095461543,9054
1784095470597,1784095461543,9054
1784095470597,1784095461543,9054
1784095470597,1784095461543,9054
1784095470597,1784095461543,9054
1784095470597,1784095461543,9054
1784095470597,1784095461543,9054
1784095470597,1784095461543,9054
1784095470600,1784095463153,7447
1784095470600,1784095463153,7447
1784095470600,1784095463153,7447
1784095470600,1784095463153,7447
1784095470600,1784095463153,7447
1784095470600,1784095463153,7447
1784095470600,1784095463153,7447
1784095470600,1784095463153,7447
1784095470600,1784095463153,7447
1784095470600,1784095463153,7447
1784095470658,1784095461543,9115
1784095470658,1784095461543,9115
1784095470658,1784095461543,9115
1784095470658,1784095461543,9115
1784095470658,1784095461543,9115
1784095470658,1784095461543,9115
1784095470658,1784095461543,9115
1784095470658,1784095461543,9115
1784095470658,1784095461543,9115
1784095470658,1784095461543,9115
1784095470672,1784095463153,7519
1784095470672,1784095463153,7519
1784095470672,1784095463153,7519
1784095470672,1784095463153,7519
1784095470672,1784095463153,7519
1784095470672,1784095463153,7519
1784095470672,1784095463153,7519
1784095470672,1784095463153,7519
1784095470672,1784095463153,7519
1784095470672,1784095463153,7519
1784095470722,1784095461543,9179
1784095470722,1784095461543,9179
1784095470722,1784095461543,9179
1784095470722,1784095461543,9179
1784095470722,1784095461543,9179
1784095470722,1784095461543,9179
1784095470722,1784095461543,9179
1784095470722,1784095461543,9179
1784095470722,1784095461543,9179
1784095470722,1784095461543,9179
1784095470777,1784095463153,7624
1784095470777,1784095463153,7624
1784095470777,1784095463153,7624
1784095470777,1784095463153,7624
1784095470777,1784095463153,7624
1784095470777,1784095463153,7624
1784095470777,1784095463153,7624
1784095470777,1784095463153,7624
1784095470777,1784095463153,7624
1784095470777,1784095463153,7624
1784095470795,1784095461543,9252
1784095470795,1784095461543,9252
1784095470795,1784095461543,9252
1784095470795,1784095461543,9252
1784095470795,1784095461543,9252
1784095470795,1784095461543,9252
1784095470795,1784095461543,9252
1784095470795,1784095461543,9252
1784095470795,1784095461543,9252
1784095470795,1784095461543,9252
1784095470868,1784095463153,7715
1784095470868,1784095463153,7715
1784095470868,1784095463153,7715
1784095470868,1784095463153,7715
1784095470868,1784095463153,7715
1784095470868,1784095463153,7715
1784095470868,1784095463153,7715
1784095470868,1784095463153,7715
1784095470868,1784095463153,7715
1784095470868,1784095463153,7715
1784095470869,1784095461543,9326
1784095470869,1784095461543,9326
1784095470869,1784095461543,9326
1784095470869,1784095461543,9326
1784095470869,1784095461543,9326
1784095470869,1784095461543,9326
1784095470869,1784095461543,9326
1784095470869,1784095461543,9326
1784095470869,1784095461543,9326
1784095470869,1784095461543,9326
1784095470937,1784095463153,7784
1784095470937,1784095463153,7784
1784095470937,1784095463153,7784
1784095470937,1784095463153,7784
1784095470937,1784095463153,7784
1784095470937,1784095463153,7784
1784095470937,1784095463153,7784
1784095470937,1784095463153,7784
1784095470937,1784095463153,7784
1784095470937,1784095463153,7784
1784095470957,1784095461543,9414
1784095470957,1784095461543,9414
1784095470957,1784095461543,9414
1784095470957,1784095461543,9414
1784095470957,1784095461543,9414
1784095470957,1784095461543,9414
1784095470957,1784095461543,9414
1784095470957,1784095461543,9414
1784095470957,1784095461543,9414
1784095470957,1784095461543,9414
1784095471033,1784095463153,7880
1784095471033,1784095463153,7880
1784095471033,1784095463153,7880
1784095471033,1784095463153,7880
1784095471033,1784095463153,7880
1784095471033,1784095463153,7880
1784095471033,1784095463153,7880
1784095471033,1784095463153,7880
1784095471033,1784095463153,7880
1784095471033,1784095463153,7880
1784095471086,1784095461543,9543
1784095471086,1784095461543,9543
1784095471086,1784095461543,9543
1784095471086,1784095461543,9543
1784095471086,1784095461543,9543
1784095471086,1784095461543,9543
1784095471086,1784095461543,9543
1784095471086,1784095461543,9543
1784095471086,1784095461543,9543
1784095471086,1784095461543,9543
1784095471109,1784095463153,7956
1784095471109,1784095463153,7956
1784095471109,1784095463153,7956
1784095471109,1784095463153,7956
1784095471109,1784095463153,7956
1784095471109,1784095463153,7956
1784095471109,1784095463153,7956
1784095471109,1784095463153,7956
1784095471109,1784095463153,7956
1784095471109,1784095463153,7956
1784095471179,1784095463153,8026
1784095471179,1784095463153,8026
1784095471179,1784095463153,8026
1784095471179,1784095463153,8026
1784095471179,1784095463153,8026
1784095471179,1784095463153,8026
1784095471179,1784095463153,8026
1784095471179,1784095463153,8026
1784095471179,1784095463153,8026
1784095471179,1784095463153,8026
1784095471184,1784095461543,9641
1784095471184,1784095461543,9641
1784095471184,1784095461543,9641
1784095471184,1784095461543,9641
1784095471184,1784095461543,9641
1784095471184,1784095461543,9641
1784095471184,1784095461543,9641
1784095471184,1784095461543,9641
1784095471184,1784095461543,9641
1784095471184,1784095461543,9641
1784095471256,1784095463153,8103
1784095471256,1784095463153,8103
1784095471256,1784095463153,8103
1784095471256,1784095463153,8103
1784095471256,1784095463153,8103
1784095471256,1784095463153,8103
1784095471256,1784095463153,8103
1784095471256,1784095463153,8103
1784095471256,1784095463153,8103
1784095471256,1784095463153,8103
1784095471289,1784095461543,9746
1784095471289,1784095461543,9746
1784095471289,1784095461543,9746
1784095471289,1784095461543,9746
1784095471289,1784095461543,9746
1784095471289,1784095461543,9746
1784095471289,1784095461543,9746
1784095471289,1784095461543,9746
1784095471289,1784095461543,9746
1784095471289,1784095461543,9746
1784095471315,1784095463153,8162
1784095471315,1784095463153,8162
1784095471315,1784095463153,8162
1784095471315,1784095463153,8162
1784095471315,1784095463153,8162
1784095471315,1784095463153,8162
1784095471315,1784095463153,8162
1784095471315,1784095463153,8162
1784095471315,1784095463153,8162
1784095471315,1784095463153,8162
1784095471375,1784095463153,8222
1784095471375,1784095463153,8222
1784095471375,1784095463153,8222
1784095471375,1784095463153,8222
1784095471375,1784095463153,8222
1784095471375,1784095463153,8222
1784095471375,1784095463153,8222
1784095471375,1784095463153,8222
1784095471375,1784095463153,8222
1784095471375,1784095463153,8222
1784095471388,1784095461543,9845
1784095471388,1784095461543,9845
1784095471388,1784095461543,9845
1784095471388,1784095461543,9845
1784095471388,1784095461543,9845
1784095471388,1784095461543,9845
1784095471388,1784095461543,9845
1784095471388,1784095461543,9845
1784095471388,1784095461543,9845
1784095471388,1784095461543,9845
1784095471436,1784095463153,8283
1784095471436,1784095463153,8283
1784095471436,1784095463153,8283
1784095471436,1784095463153,8283
1784095471436,1784095463153,8283
1784095471436,1784095463153,8283
1784095471436,1784095463153,8283
1784095471436,1784095463153,8283
1784095471436,1784095463153,8283
1784095471436,1784095463153,8283
1784095471496,1784095463153,8343
1784095471496,1784095463153,8343
1784095471496,1784095463153,8343
1784095471496,1784095463153,8343
1784095471496,1784095463153,8343
1784095471496,1784095463153,8343
1784095471496,1784095463153,8343
1784095471496,1784095463153,8343
1784095471496,1784095463153,8343
1784095471496,1784095463153,8343
1784095471493,1784095461543,9950
1784095471493,1784095461543,9950
1784095471493,1784095461543,9950
1784095471493,1784095461543,9950
1784095471493,1784095461543,9950
1784095471493,1784095461543,9950
1784095471493,1784095461543,9950
1784095471493,1784095461543,9950
1784095471493,1784095461543,9950
1784095471493,1784095461543,9950
1784095471572,1784095463153,8419
1784095471572,1784095463153,8419
1784095471572,1784095463153,8419
1784095471572,1784095463153,8419
1784095471572,1784095463153,8419
1784095471572,1784095463153,8419
1784095471572,1784095463153,8419
1784095471572,1784095463153,8419
1784095471572,1784095463153,8419
1784095471572,1784095463153,8419
1784095471596,1784095461543,10053
1784095471596,1784095461543,10053
1784095471596,1784095461543,10053
1784095471596,1784095461543,10053
1784095471596,1784095461543,10053
1784095471596,1784095461543,10053
1784095471596,1784095461543,10053
1784095471596,1784095461543,10053
1784095471596,1784095461543,10053
1784095471596,1784095461543,10053
1784095471661,1784095463153,8508
1784095471661,1784095463153,8508
1784095471661,1784095463153,8508
1784095471661,1784095463153,8508
1784095471661,1784095463153,8508
1784095471661,1784095463153,8508
1784095471661,1784095463153,8508
1784095471661,1784095463153,8508
1784095471661,1784095463153,8508
1784095471661,1784095463153,8508
1784095471681,1784095461543,10138
1784095471681,1784095461543,10138
1784095471681,1784095461543,10138
1784095471681,1784095461543,10138
1784095471681,1784095461543,10138
1784095471681,1784095461543,10138
1784095471681,1784095461543,10138
1784095471681,1784095461543,10138
1784095471681,1784095461543,10138
1784095471681,1784095461543,10138
1784095471728,1784095463153,8575
1784095471728,1784095463153,8575
1784095471728,1784095463153,8575
1784095471728,1784095463153,8575
1784095471728,1784095463153,8575
1784095471728,1784095463153,8575
1784095471728,1784095463153,8575
1784095471728,1784095463153,8575
1784095471728,1784095463153,8575
1784095471728,1784095463153,8575
1784095471793,1784095463153,8640
1784095471793,1784095463153,8640
1784095471793,1784095463153,8640
1784095471793,1784095463153,8640
1784095471793,1784095463153,8640
1784095471793,1784095463153,8640
1784095471793,1784095463153,8640
1784095471793,1784095463153,8640
1784095471793,1784095463153,8640
1784095471793,1784095463153,8640
1784095471858,1784095463153,8705
1784095471858,1784095463153,8705
1784095471858,1784095463153,8705
1784095471858,1784095463153,8705
1784095471858,1784095463153,8705
1784095471858,1784095463153,8705
1784095471858,1784095463153,8705
1784095471858,1784095463153,8705
1784095471858,1784095463153,8705
1784095471858,1784095463153,8705
1784095471923,1784095463153,8770
1784095471923,1784095463153,8770
1784095471923,1784095463153,8770
1784095471923,1784095463153,8770
1784095471923,1784095463153,8770
1784095471923,1784095463153,8770
1784095471923,1784095463153,8770
1784095471923,1784095463153,8770
1784095471923,1784095463153,8770
1784095471923,1784095463153,8770
1784095471988,1784095463153,8835
1784095471988,1784095463153,8835
1784095471988,1784095463153,8835
1784095471988,1784095463153,8835
1784095471988,1784095463153,8835
1784095471988,1784095463153,8835
1784095471988,1784095463153,8835
1784095471988,1784095463153,8835
1784095471988,1784095463153,8835
1784095471988,1784095463153,8835
1784095472053,1784095463153,8900
1784095472053,1784095463153,8900
1784095472053,1784095463153,8900
1784095472053,1784095463153,8900
1784095472053,1784095463153,8900
1784095472053,1784095463153,8900
1784095472053,1784095463153,8900
1784095472053,1784095463153,8900
1784095472053,1784095463153,8900
1784095472053,1784095463153,8900
1784095472117,1784095463153,8964
1784095472117,1784095463153,8964
1784095472117,1784095463153,8964
1784095472117,1784095463153,8964
1784095472117,1784095463153,8964
1784095472117,1784095463153,8964
1784095472117,1784095463153,8964
1784095472117,1784095463153,8964
1784095472117,1784095463153,8964
1784095472117,1784095463153,8964
1784095472180,1784095463153,9027
1784095472180,1784095463153,9027
1784095472180,1784095463153,9027
1784095472180,1784095463153,9027
1784095472180,1784095463153,9027
1784095472180,1784095463153,9027
1784095472180,1784095463153,9027
1784095472180,1784095463153,9027
1784095472180,1784095463153,9027
1784095472180,1784095463153,9027
1784095472243,1784095463153,9090
1784095472243,1784095463153,9090
1784095472243,1784095463153,9090
1784095472243,1784095463153,9090
1784095472243,1784095463153,9090
1784095472243,1784095463153,9090
1784095472243,1784095463153,9090
1784095472243,1784095463153,9090
1784095472243,1784095463153,9090
1784095472243,1784095463153,9090
1784095472307,1784095463153,9154
1784095472307,1784095463153,9154
1784095472307,1784095463153,9154
1784095472307,1784095463153,9154
1784095472307,1784095463153,9154
1784095472307,1784095463153,9154
1784095472307,1784095463153,9154
1784095472307,1784095463153,9154
1784095472307,1784095463153,9154
1784095472307,1784095463153,9154
1784095472371,1784095463153,9218
1784095472371,1784095463153,9218
1784095472371,1784095463153,9218
1784095472371,1784095463153,9218
1784095472371,1784095463153,9218
1784095472371,1784095463153,9218
1784095472371,1784095463153,9218
1784095472371,1784095463153,9218
1784095472371,1784095463153,9218
1784095472371,1784095463153,9218
1784095472437,1784095463153,9284
1784095472437,1784095463153,9284
1784095472437,1784095463153,9284
1784095472437,1784095463153,9284
1784095472437,1784095463153,9284
1784095472437,1784095463153,9284
1784095472437,1784095463153,9284
1784095472437,1784095463153,9284
1784095472437,1784095463153,9284
1784095472437,1784095463153,9284
1784095472500,1784095463153,9347
1784095472500,1784095463153,9347
1784095472500,1784095463153,9347
1784095472500,1784095463153,9347
1784095472500,1784095463153,9347
1784095472500,1784095463153,9347
1784095472500,1784095463153,9347
1784095472500,1784095463153,9347
1784095472500,1784095463153,9347
1784095472500,1784095463153,9347
1784095472564,1784095463153,9411
1784095472564,1784095463153,9411
1784095472564,1784095463153,9411
1784095472564,1784095463153,9411
1784095472564,1784095463153,9411
1784095472564,1784095463153,9411
1784095472564,1784095463153,9411
1784095472564,1784095463153,9411
1784095472564,1784095463153,9411
1784095472564,1784095463153,9411
1784095472628,1784095463153,9475
1784095472628,1784095463153,9475
1784095472628,1784095463153,9475
1784095472628,1784095463153,9475
1784095472628,1784095463153,9475
1784095472628,1784095463153,9475
1784095472628,1784095463153,9475
1784095472628,1784095463153,9475
1784095472628,1784095463153,9475
1784095472628,1784095463153,9475
1784095472692,1784095463153,9539
1784095472692,1784095463153,9539
1784095472692,1784095463153,9539
1784095472692,1784095463153,9539
1784095472692,1784095463153,9539
1784095472692,1784095463153,9539
1784095472692,1784095463153,9539
1784095472692,1784095463153,9539
1784095472692,1784095463153,9539
1784095472692,1784095463153,9539
1784095472757,1784095463153,9604
1784095472757,1784095463153,9604
1784095472757,1784095463153,9604
1784095472757,1784095463153,9604
1784095472757,1784095463153,9604
1784095472757,1784095463153,9604
1784095472757,1784095463153,9604
1784095472757,1784095463153,9604
1784095472757,1784095463153,9604
1784095472757,1784095463153,9604
1784095472821,1784095463153,9668
1784095472821,1784095463153,9668
1784095472821,1784095463153,9668
1784095472821,1784095463153,9668
1784095472821,1784095463153,9668
1784095472821,1784095463153,9668
1784095472821,1784095463153,9668
1784095472821,1784095463153,9668
1784095472821,1784095463153,9668
1784095472821,1784095463153,9668
1784095494661,1784095488182,6479
1784095494661,1784095488182,6479
1784095494661,1784095488182,6479
1784095494661,1784095488182,6479
1784095494661,1784095488182,6479
1784095494661,1784095488182,6479
1784095494661,1784095488182,6479
1784095494661,1784095488182,6479
1784095494661,1784095488182,6479
1784095494661,1784095488182,6479
1784095494738,1784095488182,6556
1784095494738,1784095488182,6556
1784095494738,1784095488182,6556
1784095494738,1784095488182,6556
1784095494738,1784095488182,6556
1784095494738,1784095488182,6556
1784095494738,1784095488182,6556
1784095494738,1784095488182,6556
1784095494738,1784095488182,6556
1784095494738,1784095488182,6556
1784095494878,1784095488182,6696
1784095494878,1784095488182,6696
1784095494878,1784095488182,6696
1784095494878,1784095488182,6696
1784095494878,1784095488182,6696
1784095494878,1784095488182,6696
1784095494878,1784095488182,6696
1784095494878,1784095488182,6696
1784095494878,1784095488182,6696
1784095494878,1784095488182,6696
1784095494967,1784095488182,6785
1784095494967,1784095488182,6785
1784095494967,1784095488182,6785
1784095494967,1784095488182,6785
1784095494967,1784095488182,6785
1784095494967,1784095488182,6785
1784095494967,1784095488182,6785
1784095494967,1784095488182,6785
1784095494967,1784095488182,6785
1784095494967,1784095488182,6785
1784095495041,1784095488182,6859
1784095495041,1784095488182,6859
1784095495041,1784095488182,6859
1784095495041,1784095488182,6859
1784095495041,1784095488182,6859
1784095495041,1784095488182,6859
1784095495041,1784095488182,6859
1784095495041,1784095488182,6859
1784095495041,1784095488182,6859
1784095495041,1784095488182,6859
1784095495113,1784095488182,6931
1784095495113,1784095488182,6931
1784095495113,1784095488182,6931
1784095495113,1784095488182,6931
1784095495113,1784095488182,6931
1784095495113,1784095488182,6931
1784095495113,1784095488182,6931
1784095495113,1784095488182,6931
1784095495113,1784095488182,6931
1784095495113,1784095488182,6931
1784095495192,1784095488182,7010
1784095495192,1784095488182,7010
1784095495192,1784095488182,7010
1784095495192,1784095488182,7010
1784095495192,1784095488182,7010
1784095495192,1784095488182,7010
1784095495192,1784095488182,7010
1784095495192,1784095488182,7010
1784095495192,1784095488182,7010
1784095495192,1784095488182,7010
1784095496144,1784095488182,7962
1784095496144,1784095488182,7962
1784095496144,1784095488182,7962
1784095496144,1784095488182,7962
1784095496144,1784095488182,7962
1784095496144,1784095488182,7962
1784095496144,1784095488182,7962
1784095496144,1784095488182,7962
1784095496144,1784095488182,7962
1784095496144,1784095488182,7962
1784095496258,1784095488182,8076
1784095496258,1784095488182,8076
1784095496258,1784095488182,8076
1784095496258,1784095488182,8076
1784095496258,1784095488182,8076
1784095496258,1784095488182,8076
1784095496258,1784095488182,8076
1784095496258,1784095488182,8076
1784095496258,1784095488182,8076
1784095496258,1784095488182,8076
1784095496406,1784095488182,8224
1784095496406,1784095488182,8224
1784095496406,1784095488182,8224
1784095496406,1784095488182,8224
1784095496406,1784095488182,8224
1784095496406,1784095488182,8224
1784095496406,1784095488182,8224
1784095496406,1784095488182,8224
1784095496406,1784095488182,8224
1784095496406,1784095488182,8224
1784095496516,1784095488182,8334
1784095496516,1784095488182,8334
1784095496516,1784095488182,8334
1784095496516,1784095488182,8334
1784095496516,1784095488182,8334
1784095496516,1784095488182,8334
1784095496516,1784095488182,8334
1784095496516,1784095488182,8334
1784095496516,1784095488182,8334
1784095496516,1784095488182,8334
1784095496594,1784095488182,8412
1784095496594,1784095488182,8412
1784095496594,1784095488182,8412
1784095496594,1784095488182,8412
1784095496594,1784095488182,8412
1784095496594,1784095488182,8412
1784095496594,1784095488182,8412
1784095496594,1784095488182,8412
1784095496594,1784095488182,8412
1784095496594,1784095488182,8412
1784095496665,1784095488182,8483
1784095496665,1784095488182,8483
1784095496665,1784095488182,8483
1784095496665,1784095488182,8483
1784095496665,1784095488182,8483
1784095496665,1784095488182,8483
1784095496665,1784095488182,8483
1784095496665,1784095488182,8483
1784095496665,1784095488182,8483
1784095496665,1784095488182,8483
1784095496732,1784095488182,8550
1784095496732,1784095488182,8550
1784095496732,1784095488182,8550
1784095496732,1784095488182,8550
1784095496732,1784095488182,8550
1784095496732,1784095488182,8550
1784095496732,1784095488182,8550
1784095496732,1784095488182,8550
1784095496732,1784095488182,8550
1784095496732,1784095488182,8550
1784095496832,1784095488182,8650
1784095496832,1784095488182,8650
1784095496832,1784095488182,8650
1784095496832,1784095488182,8650
1784095496832,1784095488182,8650
1784095496832,1784095488182,8650
1784095496832,1784095488182,8650
1784095496832,1784095488182,8650
1784095496832,1784095488182,8650
1784095496832,1784095488182,8650
1784095496925,1784095488182,8743
1784095496925,1784095488182,8743
1784095496925,1784095488182,8743
1784095496925,1784095488182,8743
1784095496925,1784095488182,8743
1784095496925,1784095488182,8743
1784095496925,1784095488182,8743
1784095496925,1784095488182,8743
1784095496925,1784095488182,8743
1784095496925,1784095488182,8743
1784095497004,1784095488182,8822
1784095497004,1784095488182,8822
1784095497004,1784095488182,8822
1784095497004,1784095488182,8822
1784095497004,1784095488182,8822
1784095497004,1784095488182,8822
1784095497004,1784095488182,8822
1784095497004,1784095488182,8822
1784095497004,1784095488182,8822
1784095497004,1784095488182,8822
1784095497062,1784095488182,8880
1784095497062,1784095488182,8880
1784095497062,1784095488182,8880
1784095497062,1784095488182,8880
1784095497062,1784095488182,8880
1784095497062,1784095488182,8880
1784095497062,1784095488182,8880
1784095497062,1784095488182,8880
1784095497062,1784095488182,8880
1784095497062,1784095488182,8880
1784095497124,1784095488182,8942
1784095497124,1784095488182,8942
1784095497124,1784095488182,8942
1784095497124,1784095488182,8942
1784095497124,1784095488182,8942
1784095497124,1784095488182,8942
1784095497124,1784095488182,8942
1784095497124,1784095488182,8942
1784095497124,1784095488182,8942
1784095497124,1784095488182,8942
1784095497185,1784095488182,9003
1784095497185,1784095488182,9003
1784095497185,1784095488182,9003
1784095497185,1784095488182,9003
1784095497185,1784095488182,9003
1784095497185,1784095488182,9003
1784095497185,1784095488182,9003
1784095497185,1784095488182,9003
1784095497185,1784095488182,9003
1784095497185,1784095488182,9003
1784095497244,1784095488182,9062
1784095497244,1784095488182,9062
1784095497244,1784095488182,9062
1784095497244,1784095488182,9062
1784095497244,1784095488182,9062
1784095497244,1784095488182,9062
1784095497244,1784095488182,9062
1784095497244,1784095488182,9062
1784095497244,1784095488182,9062
1784095497244,1784095488182,9062
1784095497302,1784095488182,9120
1784095497302,1784095488182,9120
1784095497302,1784095488182,9120
1784095497302,1784095488182,9120
1784095497302,1784095488182,9120
1784095497302,1784095488182,9120
1784095497302,1784095488182,9120
1784095497302,1784095488182,9120
1784095497302,1784095488182,9120
1784095497302,1784095488182,9120
1784095497364,1784095488182,9182
1784095497364,1784095488182,9182
1784095497364,1784095488182,9182
1784095497364,1784095488182,9182
1784095497364,1784095488182,9182
1784095497364,1784095488182,9182
1784095497364,1784095488182,9182
1784095497364,1784095488182,9182
1784095497364,1784095488182,9182
1784095497364,1784095488182,9182
1784095497423,1784095488182,9241
1784095497423,1784095488182,9241
1784095497423,1784095488182,9241
1784095497423,1784095488182,9241
1784095497423,1784095488182,9241
1784095497423,1784095488182,9241
1784095497423,1784095488182,9241
1784095497423,1784095488182,9241
1784095497423,1784095488182,9241
1784095497423,1784095488182,9241
1784095497483,1784095488182,9301
1784095497483,1784095488182,9301
1784095497483,1784095488182,9301
1784095497483,1784095488182,9301
1784095497483,1784095488182,9301
1784095497483,1784095488182,9301
1784095497483,1784095488182,9301
1784095497483,1784095488182,9301
1784095497483,1784095488182,9301
1784095497483,1784095488182,9301
1784095497543,1784095488182,9361
1784095497543,1784095488182,9361
1784095497543,1784095488182,9361
1784095497543,1784095488182,9361
1784095497543,1784095488182,9361
1784095497543,1784095488182,9361
1784095497543,1784095488182,9361
1784095497543,1784095488182,9361
1784095497543,1784095488182,9361
1784095497543,1784095488182,9361
1784095497606,1784095488182,9424
1784095497606,1784095488182,9424
1784095497606,1784095488182,9424
1784095497606,1784095488182,9424
1784095497606,1784095488182,9424
1784095497606,1784095488182,9424
1784095497606,1784095488182,9424
1784095497606,1784095488182,9424
1784095497606,1784095488182,9424
1784095497606,1784095488182,9424
1784095497667,1784095488182,9485
1784095497667,1784095488182,9485
1784095497667,1784095488182,9485
1784095497667,1784095488182,9485
1784095497667,1784095488182,9485
1784095497667,1784095488182,9485
1784095497667,1784095488182,9485
1784095497667,1784095488182,9485
1784095497667,1784095488182,9485
1784095497667,1784095488182,9485
1784095497727,1784095488182,9545
1784095497727,1784095488182,9545
1784095497727,1784095488182,9545
1784095497727,1784095488182,9545
1784095497727,1784095488182,9545
1784095497727,1784095488182,9545
1784095497727,1784095488182,9545
1784095497727,1784095488182,9545
1784095497727,1784095488182,9545
1784095497727,1784095488182,9545
1784095497785,1784095488182,9603
1784095497785,1784095488182,9603
1784095497785,1784095488182,9603
1784095497785,1784095488182,9603
1784095497785,1784095488182,9603
1784095497785,1784095488182,9603
1784095497785,1784095488182,9603
1784095497785,1784095488182,9603
1784095497785,1784095488182,9603
1784095497785,1784095488182,9603
1784095497843,1784095488182,9661
1784095497843,1784095488182,9661
1784095497843,1784095488182,9661
1784095497843,1784095488182,9661
1784095497843,1784095488182,9661
1784095497843,1784095488182,9661
1784095497843,1784095488182,9661
1784095497843,1784095488182,9661
1784095497843,1784095488182,9661
1784095497843,1784095488182,9661
1784095497901,1784095488182,9719
1784095497901,1784095488182,9719
1784095497901,1784095488182,9719
1784095497901,1784095488182,9719
1784095497901,1784095488182,9719
1784095497901,1784095488182,9719
1784095497901,1784095488182,9719
1784095497901,1784095488182,9719
1784095497901,1784095488182,9719
1784095497901,1784095488182,9719
1784095497960,1784095488182,9778
1784095497960,1784095488182,9778
1784095497960,1784095488182,9778
1784095497960,1784095488182,9778
1784095497960,1784095488182,9778
1784095497960,1784095488182,9778
1784095497960,1784095488182,9778
1784095497960,1784095488182,9778
1784095497960,1784095488182,9778
1784095497960,1784095488182,9778
1784095498019,1784095488182,9837
1784095498019,1784095488182,9837
1784095498019,1784095488182,9837
1784095498019,1784095488182,9837
1784095498019,1784095488182,9837
1784095498019,1784095488182,9837
1784095498019,1784095488182,9837
1784095498019,1784095488182,9837
1784095498019,1784095488182,9837
1784095498019,1784095488182,9837
1784095498077,1784095488182,9895
1784095498077,1784095488182,9895
1784095498077,1784095488182,9895
1784095498077,1784095488182,9895
1784095498077,1784095488182,9895
1784095498077,1784095488182,9895
1784095498077,1784095488182,9895
1784095498077,1784095488182,9895
1784095498077,1784095488182,9895
1784095498077,1784095488182,9895
1784095498136,1784095488182,9954
1784095498136,1784095488182,9954
1784095498136,1784095488182,9954
1784095498136,1784095488182,9954
1784095498136,1784095488182,9954
1784095498136,1784095488182,9954
1784095498136,1784095488182,9954
1784095498136,1784095488182,9954
1784095498136,1784095488182,9954
1784095498136,1784095488182,9954
1784095498228,1784095488182,10046
1784095498228,1784095488182,10046
1784095498228,1784095488182,10046
1784095498228,1784095488182,10046
1784095498228,1784095488182,10046
1784095498228,1784095488182,10046
1784095498228,1784095488182,10046
1784095498228,1784095488182,10046
1784095498228,1784095488182,10046
1784095498228,1784095488182,10046
1784095498381,1784095488182,10199
1784095498381,1784095488182,10199
1784095498381,1784095488182,10199
1784095498381,1784095488182,10199
1784095498381,1784095488182,10199
1784095498381,1784095488182,10199
1784095498381,1784095488182,10199
1784095498381,1784095488182,10199
1784095498381,1784095488182,10199
1784095498381,1784095488182,10199
1784095498536,1784095488182,10354
1784095498536,1784095488182,10354
1784095498536,1784095488182,10354
1784095498536,1784095488182,10354
1784095498536,1784095488182,10354
1784095498536,1784095488182,10354
1784095498536,1784095488182,10354
1784095498536,1784095488182,10354
1784095498536,1784095488182,10354
1784095498536,1784095488182,10354
1784095498705,1784095488182,10523
1784095498705,1784095488182,10523
1784095498705,1784095488182,10523
1784095498705,1784095488182,10523
1784095498705,1784095488182,10523
1784095498705,1784095488182,10523
1784095498705,1784095488182,10523
1784095498705,1784095488182,10523
1784095498705,1784095488182,10523
1784095498705,1784095488182,10523
1784095498822,1784095488182,10640
1784095498822,1784095488182,10640
1784095498822,1784095488182,10640
1784095498822,1784095488182,10640
1784095498822,1784095488182,10640
1784095498822,1784095488182,10640
1784095498822,1784095488182,10640
1784095498822,1784095488182,10640
1784095498822,1784095488182,10640
1784095498822,1784095488182,10640
1784095498891,1784095488182,10709
1784095498891,1784095488182,10709
1784095498891,1784095488182,10709
1784095498891,1784095488182,10709
1784095498891,1784095488182,10709
1784095498891,1784095488182,10709
1784095498891,1784095488182,10709
1784095498891,1784095488182,10709
1784095498891,1784095488182,10709
1784095498891,1784095488182,10709
1784095498951,1784095488182,10769
1784095498951,1784095488182,10769
1784095498951,1784095488182,10769
1784095498951,1784095488182,10769
1784095498951,1784095488182,10769
1784095498951,1784095488182,10769
1784095498951,1784095488182,10769
1784095498951,1784095488182,10769
1784095498951,1784095488182,10769
1784095498951,1784095488182,10769
1784095499013,1784095488182,10831
1784095499013,1784095488182,10831
1784095499013,1784095488182,10831
1784095499013,1784095488182,10831
1784095499013,1784095488182,10831
1784095499013,1784095488182,10831
1784095499013,1784095488182,10831
1784095499013,1784095488182,10831
1784095499013,1784095488182,10831
1784095499013,1784095488182,10831
1784095499066,1784095493778,5288
1784095499066,1784095493778,5288
1784095499066,1784095493778,5288
1784095499066,1784095493778,5288
1784095499066,1784095493778,5288
1784095499066,1784095493778,5288
1784095499066,1784095493778,5288
1784095499066,1784095493778,5288
1784095499066,1784095493778,5288
1784095499066,1784095493778,5288
1784095499076,1784095488182,10894
1784095499076,1784095488182,10894
1784095499076,1784095488182,10894
1784095499076,1784095488182,10894
1784095499076,1784095488182,10894
1784095499076,1784095488182,10894
1784095499076,1784095488182,10894
1784095499076,1784095488182,10894
1784095499076,1784095488182,10894
1784095499076,1784095488182,10894
1784095499130,1784095493778,5352
1784095499130,1784095493778,5352
1784095499130,1784095493778,5352
1784095499130,1784095493778,5352
1784095499130,1784095493778,5352
1784095499130,1784095493778,5352
1784095499130,1784095493778,5352
1784095499130,1784095493778,5352
1784095499130,1784095493778,5352
1784095499130,1784095493778,5352
1784095499136,1784095488182,10954
1784095499136,1784095488182,10954
1784095499136,1784095488182,10954
1784095499136,1784095488182,10954
1784095499136,1784095488182,10954
1784095499136,1784095488182,10954
1784095499136,1784095488182,10954
1784095499136,1784095488182,10954
1784095499136,1784095488182,10954
1784095499136,1784095488182,10954
1784095499193,1784095493778,5415
1784095499193,1784095493778,5415
1784095499193,1784095493778,5415
1784095499193,1784095493778,5415
1784095499193,1784095493778,5415
1784095499193,1784095493778,5415
1784095499193,1784095493778,5415
1784095499193,1784095493778,5415
1784095499199,1784095488182,11017
1784095499199,1784095488182,11017
1784095499199,1784095488182,11017
1784095499199,1784095488182,11017
1784095499199,1784095488182,11017
1784095499199,1784095488182,11017
1784095499199,1784095488182,11017
1784095499199,1784095488182,11017
1784095499199,1784095488182,11017
1784095499199,1784095488182,11017
1784095499193,1784095493778,5415
1784095499193,1784095493778,5415
1784095499256,1784095493778,5478
1784095499256,1784095493778,5478
1784095499256,1784095493778,5478
1784095499256,1784095493778,5478
1784095499256,1784095493778,5478
1784095499256,1784095493778,5478
1784095499256,1784095493778,5478
1784095499256,1784095493778,5478
1784095499256,1784095493778,5478
1784095499256,1784095493778,5478
1784095499261,1784095488182,11079
1784095499261,1784095488182,11079
1784095499261,1784095488182,11079
1784095499261,1784095488182,11079
1784095499261,1784095488182,11079
1784095499261,1784095488182,11079
1784095499261,1784095488182,11079
1784095499261,1784095488182,11079
1784095499261,1784095488182,11079
1784095499261,1784095488182,11079
1784095499321,1784095488182,11139
1784095499321,1784095488182,11139
1784095499321,1784095488182,11139
1784095499321,1784095488182,11139
1784095499321,1784095488182,11139
1784095499321,1784095488182,11139
1784095499321,1784095488182,11139
1784095499321,1784095488182,11139
1784095499321,1784095488182,11139
1784095499321,1784095488182,11139
1784095499371,1784095493778,5593
1784095499371,1784095493778,5593
1784095499371,1784095493778,5593
1784095499371,1784095493778,5593
1784095499371,1784095493778,5593
1784095499371,1784095493778,5593
1784095499371,1784095493778,5593
1784095499371,1784095493778,5593
1784095499371,1784095493778,5593
1784095499371,1784095493778,5593
1784095499384,1784095488182,11202
1784095499384,1784095488182,11202
1784095499384,1784095488182,11202
1784095499384,1784095488182,11202
1784095499384,1784095488182,11202
1784095499384,1784095488182,11202
1784095499384,1784095488182,11202
1784095499384,1784095488182,11202
1784095499384,1784095488182,11202
1784095499384,1784095488182,11202
1784095499448,1784095493778,5670
1784095499448,1784095493778,5670
1784095499448,1784095493778,5670
1784095499448,1784095493778,5670
1784095499448,1784095493778,5670
1784095499448,1784095493778,5670
1784095499448,1784095493778,5670
1784095499448,1784095493778,5670
1784095499448,1784095493778,5670
1784095499448,1784095493778,5670
1784095499552,1784095493778,5774
1784095499552,1784095493778,5774
1784095499552,1784095493778,5774
1784095499552,1784095493778,5774
1784095499552,1784095493778,5774
1784095499552,1784095493778,5774
1784095499552,1784095493778,5774
1784095499552,1784095493778,5774
1784095499552,1784095493778,5774
1784095499552,1784095493778,5774
1784095499657,1784095493778,5879
1784095499657,1784095493778,5879
1784095499657,1784095493778,5879
1784095499657,1784095493778,5879
1784095499657,1784095493778,5879
1784095499657,1784095493778,5879
1784095499657,1784095493778,5879
1784095499657,1784095493778,5879
1784095499657,1784095493778,5879
1784095499657,1784095493778,5879
1784095499765,1784095493778,5987
1784095499765,1784095493778,5987
1784095499765,1784095493778,5987
1784095499765,1784095493778,5987
1784095499765,1784095493778,5987
1784095499765,1784095493778,5987
1784095499765,1784095493778,5987
1784095499765,1784095493778,5987
1784095499765,1784095493778,5987
1784095499765,1784095493778,5987
1784095499879,1784095493778,6101
1784095499879,1784095493778,6101
1784095499879,1784095493778,6101
1784095499879,1784095493778,6101
1784095499879,1784095493778,6101
1784095499879,1784095493778,6101
1784095499879,1784095493778,6101
1784095499879,1784095493778,6101
1784095499879,1784095493778,6101
1784095499879,1784095493778,6101
1784095499987,1784095493778,6209
1784095499987,1784095493778,6209
1784095499987,1784095493778,6209
1784095499987,1784095493778,6209
1784095499987,1784095493778,6209
1784095499987,1784095493778,6209
1784095499987,1784095493778,6209
1784095499987,1784095493778,6209
1784095499987,1784095493778,6209
1784095499987,1784095493778,6209
1784095500100,1784095493778,6322
1784095500100,1784095493778,6322
1784095500100,1784095493778,6322
1784095500100,1784095493778,6322
1784095500100,1784095493778,6322
1784095500100,1784095493778,6322
1784095500100,1784095493778,6322
1784095500100,1784095493778,6322
1784095500100,1784095493778,6322
1784095500100,1784095493778,6322
1784095500211,1784095493778,6433
1784095500211,1784095493778,6433
1784095500211,1784095493778,6433
1784095500211,1784095493778,6433
1784095500211,1784095493778,6433
1784095500211,1784095493778,6433
1784095500211,1784095493778,6433
1784095500211,1784095493778,6433
1784095500211,1784095493778,6433
1784095500211,1784095493778,6433
1784095500319,1784095493778,6541
1784095500319,1784095493778,6541
1784095500319,1784095493778,6541
1784095500319,1784095493778,6541
1784095500319,1784095493778,6541
1784095500319,1784095493778,6541
1784095500319,1784095493778,6541
1784095500319,1784095493778,6541
1784095500319,1784095493778,6541
1784095500319,1784095493778,6541
1784095500427,1784095493778,6649
1784095500427,1784095493778,6649
1784095500427,1784095493778,6649
1784095500427,1784095493778,6649
1784095500427,1784095493778,6649
1784095500427,1784095493778,6649
1784095500427,1784095493778,6649
1784095500427,1784095493778,6649
1784095500427,1784095493778,6649
1784095500427,1784095493778,6649
1784095500538,1784095493778,6760
1784095500538,1784095493778,6760
1784095500538,1784095493778,6760
1784095500538,1784095493778,6760
1784095500538,1784095493778,6760
1784095500538,1784095493778,6760
1784095500538,1784095493778,6760
1784095500538,1784095493778,6760
1784095500538,1784095493778,6760
1784095500538,1784095493778,6760
1784095500653,1784095493778,6875
1784095500653,1784095493778,6875
1784095500653,1784095493778,6875
1784095500653,1784095493778,6875
1784095500653,1784095493778,6875
1784095500653,1784095493778,6875
1784095500653,1784095493778,6875
1784095500653,1784095493778,6875
1784095500653,1784095493778,6875
1784095500653,1784095493778,6875
1784095500765,1784095493778,6987
1784095500765,1784095493778,6987
1784095500765,1784095493778,6987
1784095500765,1784095493778,6987
1784095500765,1784095493778,6987
1784095500765,1784095493778,6987
1784095500765,1784095493778,6987
1784095500765,1784095493778,6987
1784095500765,1784095493778,6987
1784095500765,1784095493778,6987
1784095500877,1784095493778,7099
1784095500877,1784095493778,7099
1784095500877,1784095493778,7099
1784095500877,1784095493778,7099
1784095500877,1784095493778,7099
1784095500877,1784095493778,7099
1784095500877,1784095493778,7099
1784095500877,1784095493778,7099
1784095500877,1784095493778,7099
1784095500877,1784095493778,7099
1784095500983,1784095493778,7205
1784095500983,1784095493778,7205
1784095500983,1784095493778,7205
1784095500983,1784095493778,7205
1784095500983,1784095493778,7205
1784095500983,1784095493778,7205
1784095500983,1784095493778,7205
1784095500983,1784095493778,7205
1784095500983,1784095493778,7205
1784095500983,1784095493778,7205
1784095501093,1784095493778,7315
1784095501093,1784095493778,7315
1784095501093,1784095493778,7315
1784095501093,1784095493778,7315
1784095501093,1784095493778,7315
1784095501093,1784095493778,7315
1784095501093,1784095493778,7315
1784095501093,1784095493778,7315
1784095501093,1784095493778,7315
1784095501093,1784095493778,7315
1784095501204,1784095493778,7426
1784095501204,1784095493778,7426
1784095501204,1784095493778,7426
1784095501204,1784095493778,7426
1784095501204,1784095493778,7426
1784095501204,1784095493778,7426
1784095501204,1784095493778,7426
1784095501204,1784095493778,7426
1784095501204,1784095493778,7426
1784095501204,1784095493778,7426
1784095501314,1784095493778,7536
1784095501314,1784095493778,7536
1784095501314,1784095493778,7536
1784095501314,1784095493778,7536
1784095501314,1784095493778,7536
1784095501314,1784095493778,7536
1784095501314,1784095493778,7536
1784095501314,1784095493778,7536
1784095501314,1784095493778,7536
1784095501314,1784095493778,7536
1784095501416,1784095493778,7638
1784095501416,1784095493778,7638
1784095501416,1784095493778,7638
1784095501416,1784095493778,7638
1784095501416,1784095493778,7638
1784095501416,1784095493778,7638
1784095501416,1784095493778,7638
1784095501416,1784095493778,7638
1784095501416,1784095493778,7638
1784095501416,1784095493778,7638
1784095501524,1784095493778,7746
1784095501524,1784095493778,7746
1784095501524,1784095493778,7746
1784095501524,1784095493778,7746
1784095501524,1784095493778,7746
1784095501524,1784095493778,7746
1784095501524,1784095493778,7746
1784095501524,1784095493778,7746
1784095501524,1784095493778,7746
1784095501524,1784095493778,7746
1784095501632,1784095493778,7854
1784095501632,1784095493778,7854
1784095501632,1784095493778,7854
1784095501632,1784095493778,7854
1784095501632,1784095493778,7854
1784095501632,1784095493778,7854
1784095501632,1784095493778,7854
1784095501632,1784095493778,7854
1784095501632,1784095493778,7854
1784095501632,1784095493778,7854
1784095501740,1784095493778,7962
1784095501740,1784095493778,7962
1784095501740,1784095493778,7962
1784095501740,1784095493778,7962
1784095501740,1784095493778,7962
1784095501740,1784095493778,7962
1784095501740,1784095493778,7962
1784095501740,1784095493778,7962
1784095501740,1784095493778,7962
1784095501740,1784095493778,7962
1784095501852,1784095493778,8074
1784095501852,1784095493778,8074
1784095501852,1784095493778,8074
1784095501852,1784095493778,8074
1784095501852,1784095493778,8074
1784095501852,1784095493778,8074
1784095501852,1784095493778,8074
1784095501852,1784095493778,8074
1784095501852,1784095493778,8074
1784095501852,1784095493778,8074
1784095501963,1784095493778,8185
1784095501963,1784095493778,8185
1784095501963,1784095493778,8185
1784095501963,1784095493778,8185
1784095501963,1784095493778,8185
1784095501963,1784095493778,8185
1784095501963,1784095493778,8185
1784095501963,1784095493778,8185
1784095501963,1784095493778,8185
1784095501963,1784095493778,8185
1784095502071,1784095493778,8293
1784095502071,1784095493778,8293
1784095502071,1784095493778,8293
1784095502071,1784095493778,8293
1784095502071,1784095493778,8293
1784095502071,1784095493778,8293
1784095502071,1784095493778,8293
1784095502071,1784095493778,8293
1784095502071,1784095493778,8293
1784095502071,1784095493778,8293
1784095502163,1784095493778,8385
1784095502163,1784095493778,8385
1784095502163,1784095493778,8385
1784095502163,1784095493778,8385
1784095502163,1784095493778,8385
1784095502163,1784095493778,8385
1784095502163,1784095493778,8385
1784095502163,1784095493778,8385
1784095502163,1784095493778,8385
1784095502163,1784095493778,8385
1784095502271,1784095493778,8493
1784095502271,1784095493778,8493
1784095502271,1784095493778,8493
1784095502271,1784095493778,8493
1784095502271,1784095493778,8493
1784095502271,1784095493778,8493
1784095502271,1784095493778,8493
1784095502271,1784095493778,8493
1784095502271,1784095493778,8493
1784095502271,1784095493778,8493
1784095502384,1784095493778,8606
1784095502384,1784095493778,8606
1784095502384,1784095493778,8606
1784095502384,1784095493778,8606
1784095502384,1784095493778,8606
1784095502384,1784095493778,8606
1784095502384,1784095493778,8606
1784095502384,1784095493778,8606
1784095502384,1784095493778,8606
1784095502384,1784095493778,8606
1784095502495,1784095493778,8717
1784095502495,1784095493778,8717
1784095502495,1784095493778,8717
1784095502495,1784095493778,8717
1784095502495,1784095493778,8717
1784095502495,1784095493778,8717
1784095502495,1784095493778,8717
1784095502495,1784095493778,8717
1784095502495,1784095493778,8717
1784095502495,1784095493778,8717
1784095502606,1784095493778,8828
1784095502606,1784095493778,8828
1784095502606,1784095493778,8828
1784095502606,1784095493778,8828
1784095502606,1784095493778,8828
1784095502606,1784095493778,8828
1784095502606,1784095493778,8828
1784095502606,1784095493778,8828
1784095502606,1784095493778,8828
1784095502606,1784095493778,8828
1784095502716,1784095493778,8938
1784095502716,1784095493778,8938
1784095502716,1784095493778,8938
1784095502716,1784095493778,8938
1784095502716,1784095493778,8938
1784095502716,1784095493778,8938
1784095502716,1784095493778,8938
1784095502716,1784095493778,8938
1784095502716,1784095493778,8938
1784095502716,1784095493778,8938
1784095502826,1784095493778,9048
1784095502826,1784095493778,9048
1784095502826,1784095493778,9048
1784095502826,1784095493778,9048
1784095502826,1784095493778,9048
1784095502826,1784095493778,9048
1784095502826,1784095493778,9048
1784095502826,1784095493778,9048
1784095502826,1784095493778,9048
1784095502826,1784095493778,9048
1784095502934,1784095493778,9156
1784095502934,1784095493778,9156
1784095502934,1784095493778,9156
1784095502934,1784095493778,9156
1784095502934,1784095493778,9156
1784095502934,1784095493778,9156
1784095502934,1784095493778,9156
1784095502934,1784095493778,9156
1784095502934,1784095493778,9156
1784095502934,1784095493778,9156
1784095503046,1784095493778,9268
1784095503046,1784095493778,9268
1784095503046,1784095493778,9268
1784095503046,1784095493778,9268
1784095503046,1784095493778,9268
1784095503046,1784095493778,9268
1784095503046,1784095493778,9268
1784095503046,1784095493778,9268
1784095503046,1784095493778,9268
1784095503046,1784095493778,9268
1784095503157,1784095493778,9379
1784095503157,1784095493778,9379
1784095503157,1784095493778,9379
1784095503157,1784095493778,9379
1784095503157,1784095493778,9379
1784095503157,1784095493778,9379
1784095503157,1784095493778,9379
1784095503157,1784095493778,9379
1784095503157,1784095493778,9379
1784095503157,1784095493778,9379
1784095503264,1784095493778,9486
1784095503264,1784095493778,9486
1784095503264,1784095493778,9486
1784095503264,1784095493778,9486
1784095503264,1784095493778,9486
1784095503264,1784095493778,9486
1784095503264,1784095493778,9486
1784095503264,1784095493778,9486
1784095503264,1784095493778,9486
1784095503264,1784095493778,9486
1784095503373,1784095493778,9595
1784095503373,1784095493778,9595
1784095503373,1784095493778,9595
1784095503373,1784095493778,9595
1784095503373,1784095493778,9595
1784095503373,1784095493778,9595
1784095503373,1784095493778,9595
1784095503373,1784095493778,9595
1784095503373,1784095493778,9595
1784095503373,1784095493778,9595
1784095503482,1784095493778,9704
1784095503482,1784095493778,9704
1784095503482,1784095493778,9704
1784095503482,1784095493778,9704
1784095503482,1784095493778,9704
1784095503482,1784095493778,9704
1784095503482,1784095493778,9704
1784095503482,1784095493778,9704
1784095503482,1784095493778,9704
1784095503482,1784095493778,9704
1784095503586,1784095493778,9808
1784095503586,1784095493778,9808
1784095503586,1784095493778,9808
1784095503586,1784095493778,9808
1784095503586,1784095493778,9808
1784095503586,1784095493778,9808
1784095503586,1784095493778,9808
1784095503586,1784095493778,9808
1784095503586,1784095493778,9808
1784095503586,1784095493778,9808
1784095503699,1784095493778,9921
1784095503699,1784095493778,9921
1784095503699,1784095493778,9921
1784095503699,1784095493778,9921
1784095503699,1784095493778,9921
1784095503699,1784095493778,9921
1784095503699,1784095493778,9921
1784095503699,1784095493778,9921
1784095503699,1784095493778,9921
1784095503699,1784095493778,9921
1784095503805,1784095493778,10027
1784095503805,1784095493778,10027
1784095503805,1784095493778,10027
1784095503805,1784095493778,10027
1784095503805,1784095493778,10027
1784095503805,1784095493778,10027
1784095503805,1784095493778,10027
1784095503805,1784095493778,10027
1784095503805,1784095493778,10027
1784095503805,1784095493778,10027
1784095503913,1784095493778,10135
1784095503913,1784095493778,10135
1784095503913,1784095493778,10135
1784095503913,1784095493778,10135
1784095503913,1784095493778,10135
1784095503913,1784095493778,10135
1784095503913,1784095493778,10135
1784095503913,1784095493778,10135
1784095503913,1784095493778,10135
1784095503913,1784095493778,10135
1784095504020,1784095493778,10242
1784095504020,1784095493778,10242
1784095504020,1784095493778,10242
1784095504020,1784095493778,10242
1784095504020,1784095493778,10242
1784095504020,1784095493778,10242
1784095504020,1784095493778,10242
1784095504020,1784095493778,10242
1784095504020,1784095493778,10242
1784095504020,1784095493778,10242
1784095504131,1784095493778,10353
1784095504131,1784095493778,10353
1784095504131,1784095493778,10353
1784095504131,1784095493778,10353
1784095504131,1784095493778,10353
1784095504131,1784095493778,10353
1784095504131,1784095493778,10353
1784095504131,1784095493778,10353
1784095504131,1784095493778,10353
1784095504131,1784095493778,10353
1784095504240,1784095493778,10462
1784095504240,1784095493778,10462
1784095504240,1784095493778,10462
1784095504240,1784095493778,10462
1784095504240,1784095493778,10462
1784095504240,1784095493778,10462
1784095504240,1784095493778,10462
1784095504240,1784095493778,10462
1784095504240,1784095493778,10462
1784095504240,1784095493778,10462
1784095541971,1784095536630,5341
1784095541971,1784095536630,5341
1784095541971,1784095536630,5341
1784095541971,1784095536630,5341
1784095541971,1784095536630,5341
1784095541971,1784095536630,5341
1784095541971,1784095536630,5341
1784095541971,1784095536630,5341
1784095541971,1784095536630,5341
1784095541971,1784095536630,5341
1784095542036,1784095536630,5406
1784095542036,1784095536630,5406
1784095542036,1784095536630,5406
1784095542036,1784095536630,5406
1784095542036,1784095536630,5406
1784095542036,1784095536630,5406
1784095542036,1784095536630,5406
1784095542036,1784095536630,5406
1784095542036,1784095536630,5406
1784095542036,1784095536630,5406
1784095542101,1784095536630,5471
1784095542101,1784095536630,5471
1784095542101,1784095536630,5471
1784095542101,1784095536630,5471
1784095542101,1784095536630,5471
1784095542101,1784095536630,5471
1784095542101,1784095536630,5471
1784095542101,1784095536630,5471
1784095542101,1784095536630,5471
1784095542101,1784095536630,5471
1784095542165,1784095536630,5535
1784095542165,1784095536630,5535
1784095542165,1784095536630,5535
1784095542165,1784095536630,5535
1784095542165,1784095536630,5535
1784095542165,1784095536630,5535
1784095542165,1784095536630,5535
1784095542165,1784095536630,5535
1784095542165,1784095536630,5535
1784095542165,1784095536630,5535
1784095542230,1784095536630,5600
1784095542230,1784095536630,5600
1784095542230,1784095536630,5600
1784095542230,1784095536630,5600
1784095542230,1784095536630,5600
1784095542230,1784095536630,5600
1784095542230,1784095536630,5600
1784095542230,1784095536630,5600
1784095542230,1784095536630,5600
1784095542230,1784095536630,5600
1784095542293,1784095536630,5663
1784095542293,1784095536630,5663
1784095542293,1784095536630,5663
1784095542293,1784095536630,5663
1784095542293,1784095536630,5663
1784095542293,1784095536630,5663
1784095542293,1784095536630,5663
1784095542293,1784095536630,5663
1784095542293,1784095536630,5663
1784095542293,1784095536630,5663
1784095542358,1784095536630,5728
1784095542358,1784095536630,5728
1784095542358,1784095536630,5728
1784095542358,1784095536630,5728
1784095542358,1784095536630,5728
1784095542358,1784095536630,5728
1784095542358,1784095536630,5728
1784095542358,1784095536630,5728
1784095542358,1784095536630,5728
1784095542358,1784095536630,5728
1784095542422,1784095536630,5792
1784095542422,1784095536630,5792
1784095542422,1784095536630,5792
1784095542422,1784095536630,5792
1784095542422,1784095536630,5792
1784095542422,1784095536630,5792
1784095542422,1784095536630,5792
1784095542422,1784095536630,5792
1784095542422,1784095536630,5792
1784095542422,1784095536630,5792
1784095542486,1784095536630,5856
1784095542486,1784095536630,5856
1784095542486,1784095536630,5856
1784095542486,1784095536630,5856
1784095542486,1784095536630,5856
1784095542486,1784095536630,5856
1784095542486,1784095536630,5856
1784095542486,1784095536630,5856
1784095542486,1784095536630,5856
1784095542486,1784095536630,5856
1784095542549,1784095536630,5919
1784095542549,1784095536630,5919
1784095542549,1784095536630,5919
1784095542549,1784095536630,5919
1784095542549,1784095536630,5919
1784095542549,1784095536630,5919
1784095542549,1784095536630,5919
1784095542549,1784095536630,5919
1784095542549,1784095536630,5919
1784095542549,1784095536630,5919
1784095542647,1784095536630,6017
1784095542647,1784095536630,6017
1784095542647,1784095536630,6017
1784095542647,1784095536630,6017
1784095542647,1784095536630,6017
1784095542647,1784095536630,6017
1784095542647,1784095536630,6017
1784095542647,1784095536630,6017
1784095542647,1784095536630,6017
1784095542647,1784095536630,6017
1784095542706,1784095536630,6076
1784095542706,1784095536630,6076
1784095542706,1784095536630,6076
1784095542706,1784095536630,6076
1784095542706,1784095536630,6076
1784095542706,1784095536630,6076
1784095542706,1784095536630,6076
1784095542706,1784095536630,6076
1784095542706,1784095536630,6076
1784095542706,1784095536630,6076
1784095542770,1784095536630,6140
1784095542770,1784095536630,6140
1784095542770,1784095536630,6140
1784095542770,1784095536630,6140
1784095542770,1784095536630,6140
1784095542770,1784095536630,6140
1784095542770,1784095536630,6140
1784095542770,1784095536630,6140
1784095542770,1784095536630,6140
1784095542770,1784095536630,6140
1784095542829,1784095536630,6199
1784095542829,1784095536630,6199
1784095542829,1784095536630,6199
1784095542829,1784095536630,6199
1784095542829,1784095536630,6199
1784095542829,1784095536630,6199
1784095542829,1784095536630,6199
1784095542829,1784095536630,6199
1784095542829,1784095536630,6199
1784095542829,1784095536630,6199
1784095542893,1784095536630,6263
1784095542893,1784095536630,6263
1784095542893,1784095536630,6263
1784095542893,1784095536630,6263
1784095542893,1784095536630,6263
1784095542893,1784095536630,6263
1784095542893,1784095536630,6263
1784095542893,1784095536630,6263
1784095542893,1784095536630,6263
1784095542893,1784095536630,6263
1784095542952,1784095536630,6322
1784095542952,1784095536630,6322
1784095542952,1784095536630,6322
1784095542952,1784095536630,6322
1784095542952,1784095536630,6322
1784095542952,1784095536630,6322
1784095542952,1784095536630,6322
1784095542952,1784095536630,6322
1784095542952,1784095536630,6322
1784095542952,1784095536630,6322
1784095543012,1784095536630,6382
1784095543012,1784095536630,6382
1784095543012,1784095536630,6382
1784095543012,1784095536630,6382
1784095543012,1784095536630,6382
1784095543012,1784095536630,6382
1784095543012,1784095536630,6382
1784095543012,1784095536630,6382
1784095543012,1784095536630,6382
1784095543012,1784095536630,6382
1784095543072,1784095536630,6442
1784095543072,1784095536630,6442
1784095543072,1784095536630,6442
1784095543072,1784095536630,6442
1784095543072,1784095536630,6442
1784095543072,1784095536630,6442
1784095543072,1784095536630,6442
1784095543072,1784095536630,6442
1784095543072,1784095536630,6442
1784095543072,1784095536630,6442
1784095543132,1784095536630,6502
1784095543132,1784095536630,6502
1784095543132,1784095536630,6502
1784095543132,1784095536630,6502
1784095543132,1784095536630,6502
1784095543132,1784095536630,6502
1784095543132,1784095536630,6502
1784095543132,1784095536630,6502
1784095543132,1784095536630,6502
1784095543132,1784095536630,6502
1784095543191,1784095536630,6561
1784095543191,1784095536630,6561
1784095543191,1784095536630,6561
1784095543191,1784095536630,6561
1784095543191,1784095536630,6561
1784095543191,1784095536630,6561
1784095543191,1784095536630,6561
1784095543191,1784095536630,6561
1784095543191,1784095536630,6561
1784095543191,1784095536630,6561
1784095543250,1784095536630,6620
1784095543250,1784095536630,6620
1784095543250,1784095536630,6620
1784095543250,1784095536630,6620
1784095543250,1784095536630,6620
1784095543250,1784095536630,6620
1784095543250,1784095536630,6620
1784095543250,1784095536630,6620
1784095543250,1784095536630,6620
1784095543250,1784095536630,6620
1784095543310,1784095536630,6680
1784095543310,1784095536630,6680
1784095543310,1784095536630,6680
1784095543310,1784095536630,6680
1784095543310,1784095536630,6680
1784095543310,1784095536630,6680
1784095543310,1784095536630,6680
1784095543310,1784095536630,6680
1784095543310,1784095536630,6680
1784095543310,1784095536630,6680
1784095543372,1784095536630,6742
1784095543372,1784095536630,6742
1784095543372,1784095536630,6742
1784095543372,1784095536630,6742
1784095543372,1784095536630,6742
1784095543372,1784095536630,6742
1784095543372,1784095536630,6742
1784095543372,1784095536630,6742
1784095543372,1784095536630,6742
1784095543372,1784095536630,6742
1784095543432,1784095536630,6802
1784095543432,1784095536630,6802
1784095543432,1784095536630,6802
1784095543432,1784095536630,6802
1784095543432,1784095536630,6802
1784095543432,1784095536630,6802
1784095543432,1784095536630,6802
1784095543432,1784095536630,6802
1784095543432,1784095536630,6802
1784095543432,1784095536630,6802
1784095543491,1784095536630,6861
1784095543491,1784095536630,6861
1784095543491,1784095536630,6861
1784095543491,1784095536630,6861
1784095543491,1784095536630,6861
1784095543491,1784095536630,6861
1784095543491,1784095536630,6861
1784095543491,1784095536630,6861
1784095543491,1784095536630,6861
1784095543491,1784095536630,6861
1784095543550,1784095536630,6920
1784095543550,1784095536630,6920
1784095543550,1784095536630,6920
1784095543550,1784095536630,6920
1784095543550,1784095536630,6920
1784095543550,1784095536630,6920
1784095543550,1784095536630,6920
1784095543550,1784095536630,6920
1784095543550,1784095536630,6920
1784095543550,1784095536630,6920
1784095543608,1784095536630,6978
1784095543608,1784095536630,6978
1784095543608,1784095536630,6978
1784095543608,1784095536630,6978
1784095543608,1784095536630,6978
1784095543608,1784095536630,6978
1784095543608,1784095536630,6978
1784095543608,1784095536630,6978
1784095543608,1784095536630,6978
1784095543608,1784095536630,6978
1784095543689,1784095536630,7059
1784095543689,1784095536630,7059
1784095543689,1784095536630,7059
1784095543689,1784095536630,7059
1784095543689,1784095536630,7059
1784095543689,1784095536630,7059
1784095543689,1784095536630,7059
1784095543689,1784095536630,7059
1784095543689,1784095536630,7059
1784095543689,1784095536630,7059
1784095543811,1784095536630,7181
1784095543811,1784095536630,7181
1784095543811,1784095536630,7181
1784095543811,1784095536630,7181
1784095543811,1784095536630,7181
1784095543811,1784095536630,7181
1784095543811,1784095536630,7181
1784095543811,1784095536630,7181
1784095543811,1784095536630,7181
1784095543811,1784095536630,7181
1784095543931,1784095536630,7301
1784095543931,1784095536630,7301
1784095543931,1784095536630,7301
1784095543931,1784095536630,7301
1784095543931,1784095536630,7301
1784095543931,1784095536630,7301
1784095543931,1784095536630,7301
1784095543931,1784095536630,7301
1784095543931,1784095536630,7301
1784095543931,1784095536630,7301
1784095544047,1784095536630,7417
1784095544047,1784095536630,7417
1784095544047,1784095536630,7417
1784095544047,1784095536630,7417
1784095544047,1784095536630,7417
1784095544047,1784095536630,7417
1784095544047,1784095536630,7417
1784095544047,1784095536630,7417
1784095544047,1784095536630,7417
1784095544047,1784095536630,7417
1784095544161,1784095536630,7531
1784095544161,1784095536630,7531
1784095544161,1784095536630,7531
1784095544161,1784095536630,7531
1784095544161,1784095536630,7531
1784095544161,1784095536630,7531
1784095544161,1784095536630,7531
1784095544161,1784095536630,7531
1784095544161,1784095536630,7531
1784095544161,1784095536630,7531
1784095544282,1784095536630,7652
1784095544282,1784095536630,7652
1784095544282,1784095536630,7652
1784095544282,1784095536630,7652
1784095544282,1784095536630,7652
1784095544282,1784095536630,7652
1784095544282,1784095536630,7652
1784095544282,1784095536630,7652
1784095544282,1784095536630,7652
1784095544282,1784095536630,7652
1784095544347,1784095536630,7717
1784095544347,1784095536630,7717
1784095544347,1784095536630,7717
1784095544347,1784095536630,7717
1784095544347,1784095536630,7717
1784095544347,1784095536630,7717
1784095544347,1784095536630,7717
1784095544347,1784095536630,7717
1784095544347,1784095536630,7717
1784095544347,1784095536630,7717
1784095544410,1784095536630,7780
1784095544410,1784095536630,7780
1784095544410,1784095536630,7780
1784095544410,1784095536630,7780
1784095544410,1784095536630,7780
1784095544410,1784095536630,7780
1784095544410,1784095536630,7780
1784095544410,1784095536630,7780
1784095544410,1784095536630,7780
1784095544410,1784095536630,7780
1784095544472,1784095536630,7842
1784095544472,1784095536630,7842
1784095544472,1784095536630,7842
1784095544472,1784095536630,7842
1784095544472,1784095536630,7842
1784095544472,1784095536630,7842
1784095544472,1784095536630,7842
1784095544472,1784095536630,7842
1784095544472,1784095536630,7842
1784095544472,1784095536630,7842
1784095544538,1784095536630,7908
1784095544538,1784095536630,7908
1784095544538,1784095536630,7908
1784095544538,1784095536630,7908
1784095544538,1784095536630,7908
1784095544538,1784095536630,7908
1784095544538,1784095536630,7908
1784095544538,1784095536630,7908
1784095544538,1784095536630,7908
1784095544538,1784095536630,7908
1784095544606,1784095536630,7976
1784095544606,1784095536630,7976
1784095544606,1784095536630,7976
1784095544606,1784095536630,7976
1784095544606,1784095536630,7976
1784095544606,1784095536630,7976
1784095544606,1784095536630,7976
1784095544606,1784095536630,7976
1784095544606,1784095536630,7976
1784095544606,1784095536630,7976
1784095544678,1784095536630,8048
1784095544678,1784095536630,8048
1784095544678,1784095536630,8048
1784095544678,1784095536630,8048
1784095544678,1784095536630,8048
1784095544678,1784095536630,8048
1784095544678,1784095536630,8048
1784095544678,1784095536630,8048
1784095544678,1784095536630,8048
1784095544678,1784095536630,8048
1784095544748,1784095536630,8118
1784095544748,1784095536630,8118
1784095544748,1784095536630,8118
1784095544748,1784095536630,8118
1784095544748,1784095536630,8118
1784095544748,1784095536630,8118
1784095544748,1784095536630,8118
1784095544748,1784095536630,8118
1784095544748,1784095536630,8118
1784095544748,1784095536630,8118
1784095544825,1784095536630,8195
1784095544825,1784095536630,8195
1784095544825,1784095536630,8195
1784095544825,1784095536630,8195
1784095544825,1784095536630,8195
1784095544825,1784095536630,8195
1784095544825,1784095536630,8195
1784095544825,1784095536630,8195
1784095544825,1784095536630,8195
1784095544825,1784095536630,8195
1784095544906,1784095536630,8276
1784095544906,1784095536630,8276
1784095544906,1784095536630,8276
1784095544906,1784095536630,8276
1784095544906,1784095536630,8276
1784095544906,1784095536630,8276
1784095544906,1784095536630,8276
1784095544906,1784095536630,8276
1784095544906,1784095536630,8276
1784095544906,1784095536630,8276
1784095544972,1784095536630,8342
1784095544972,1784095536630,8342
1784095544972,1784095536630,8342
1784095544972,1784095536630,8342
1784095544972,1784095536630,8342
1784095544972,1784095536630,8342
1784095544972,1784095536630,8342
1784095544972,1784095536630,8342
1784095544972,1784095536630,8342
1784095544972,1784095536630,8342
1784095545031,1784095536630,8401
1784095545031,1784095536630,8401
1784095545031,1784095536630,8401
1784095545031,1784095536630,8401
1784095545031,1784095536630,8401
1784095545031,1784095536630,8401
1784095545031,1784095536630,8401
1784095545031,1784095536630,8401
1784095545031,1784095536630,8401
1784095545031,1784095536630,8401
1784095545092,1784095536630,8462
1784095545092,1784095536630,8462
1784095545092,1784095536630,8462
1784095545092,1784095536630,8462
1784095545092,1784095536630,8462
1784095545092,1784095536630,8462
1784095545092,1784095536630,8462
1784095545092,1784095536630,8462
1784095545092,1784095536630,8462
1784095545092,1784095536630,8462
1784095545153,1784095536630,8523
1784095545153,1784095536630,8523
1784095545153,1784095536630,8523
1784095545153,1784095536630,8523
1784095545153,1784095536630,8523
1784095545153,1784095536630,8523
1784095545153,1784095536630,8523
1784095545153,1784095536630,8523
1784095545153,1784095536630,8523
1784095545153,1784095536630,8523
1784095545215,1784095536630,8585
1784095545215,1784095536630,8585
1784095545215,1784095536630,8585
1784095545215,1784095536630,8585
1784095545215,1784095536630,8585
1784095545215,1784095536630,8585
1784095545215,1784095536630,8585
1784095545215,1784095536630,8585
1784095545215,1784095536630,8585
1784095545215,1784095536630,8585
1784095545275,1784095536630,8645
1784095545275,1784095536630,8645
1784095545275,1784095536630,8645
1784095545275,1784095536630,8645
1784095545275,1784095536630,8645
1784095545275,1784095536630,8645
1784095545275,1784095536630,8645
1784095545275,1784095536630,8645
1784095545275,1784095536630,8645
1784095545275,1784095536630,8645
1784095545332,1784095536630,8702
1784095545332,1784095536630,8702
1784095545332,1784095536630,8702
1784095545332,1784095536630,8702
1784095545332,1784095536630,8702
1784095545332,1784095536630,8702
1784095545332,1784095536630,8702
1784095545332,1784095536630,8702
1784095545332,1784095536630,8702
1784095545332,1784095536630,8702
1784095545390,1784095536630,8760
1784095545390,1784095536630,8760
1784095545390,1784095536630,8760
1784095545390,1784095536630,8760
1784095545390,1784095536630,8760
1784095545390,1784095536630,8760
1784095545390,1784095536630,8760
1784095545390,1784095536630,8760
1784095545390,1784095536630,8760
1784095545390,1784095536630,8760
1784095567338,1784095561659,5679
1784095567338,1784095561659,5679
1784095567338,1784095561659,5679
1784095567338,1784095561659,5679
1784095567338,1784095561659,5679
1784095567338,1784095561659,5679
1784095567338,1784095561659,5679
1784095567338,1784095561659,5679
1784095567338,1784095561659,5679
1784095567338,1784095561659,5679
1784095567405,1784095561659,5746
1784095567405,1784095561659,5746
1784095567405,1784095561659,5746
1784095567405,1784095561659,5746
1784095567405,1784095561659,5746
1784095567405,1784095561659,5746
1784095567405,1784095561659,5746
1784095567405,1784095561659,5746
1784095567405,1784095561659,5746
1784095567405,1784095561659,5746
1784095567484,1784095561659,5825
1784095567484,1784095561659,5825
1784095567484,1784095561659,5825
1784095567484,1784095561659,5825
1784095567484,1784095561659,5825
1784095567484,1784095561659,5825
1784095567484,1784095561659,5825
1784095567484,1784095561659,5825
1784095567484,1784095561659,5825
1784095567484,1784095561659,5825
1784095567619,1784095561659,5960
1784095567619,1784095561659,5960
1784095567619,1784095561659,5960
1784095567619,1784095561659,5960
1784095567619,1784095561659,5960
1784095567619,1784095561659,5960
1784095567619,1784095561659,5960
1784095567619,1784095561659,5960
1784095567619,1784095561659,5960
1784095567619,1784095561659,5960
1784095567682,1784095561659,6023
1784095567682,1784095561659,6023
1784095567682,1784095561659,6023
1784095567682,1784095561659,6023
1784095567682,1784095561659,6023
1784095567682,1784095561659,6023
1784095567682,1784095561659,6023
1784095567682,1784095561659,6023
1784095567682,1784095561659,6023
1784095567682,1784095561659,6023
1784095567744,1784095561659,6085
1784095567744,1784095561659,6085
1784095567744,1784095561659,6085
1784095567744,1784095561659,6085
1784095567744,1784095561659,6085
1784095567744,1784095561659,6085
1784095567744,1784095561659,6085
1784095567744,1784095561659,6085
1784095567744,1784095561659,6085
1784095567744,1784095561659,6085
1784095567805,1784095561659,6146
1784095567805,1784095561659,6146
1784095567805,1784095561659,6146
1784095567805,1784095561659,6146
1784095567805,1784095561659,6146
1784095567805,1784095561659,6146
1784095567805,1784095561659,6146
1784095567805,1784095561659,6146
1784095567805,1784095561659,6146
1784095567805,1784095561659,6146
1784095567867,1784095561659,6208
1784095567867,1784095561659,6208
1784095567867,1784095561659,6208
1784095567867,1784095561659,6208
1784095567867,1784095561659,6208
1784095567867,1784095561659,6208
1784095567867,1784095561659,6208
1784095567867,1784095561659,6208
1784095567867,1784095561659,6208
1784095567867,1784095561659,6208
1784095567929,1784095561659,6270
1784095567929,1784095561659,6270
1784095567929,1784095561659,6270
1784095567929,1784095561659,6270
1784095567929,1784095561659,6270
1784095567929,1784095561659,6270
1784095567929,1784095561659,6270
1784095567929,1784095561659,6270
1784095567929,1784095561659,6270
1784095567929,1784095561659,6270
1784095567991,1784095561659,6332
1784095567991,1784095561659,6332
1784095567991,1784095561659,6332
1784095567991,1784095561659,6332
1784095567991,1784095561659,6332
1784095567991,1784095561659,6332
1784095567991,1784095561659,6332
1784095567991,1784095561659,6332
1784095567991,1784095561659,6332
1784095567991,1784095561659,6332
1784095568053,1784095561659,6394
1784095568053,1784095561659,6394
1784095568053,1784095561659,6394
1784095568053,1784095561659,6394
1784095568053,1784095561659,6394
1784095568053,1784095561659,6394
1784095568053,1784095561659,6394
1784095568053,1784095561659,6394
1784095568053,1784095561659,6394
1784095568053,1784095561659,6394
1784095568115,1784095561659,6456
1784095568115,1784095561659,6456
1784095568115,1784095561659,6456
1784095568115,1784095561659,6456
1784095568115,1784095561659,6456
1784095568115,1784095561659,6456
1784095568115,1784095561659,6456
1784095568115,1784095561659,6456
1784095568115,1784095561659,6456
1784095568115,1784095561659,6456
1784095568177,1784095561659,6518
1784095568177,1784095561659,6518
1784095568177,1784095561659,6518
1784095568177,1784095561659,6518
1784095568177,1784095561659,6518
1784095568177,1784095561659,6518
1784095568177,1784095561659,6518
1784095568177,1784095561659,6518
1784095568177,1784095561659,6518
1784095568177,1784095561659,6518
1784095568242,1784095561659,6583
1784095568242,1784095561659,6583
1784095568242,1784095561659,6583
1784095568242,1784095561659,6583
1784095568242,1784095561659,6583
1784095568242,1784095561659,6583
1784095568242,1784095561659,6583
1784095568242,1784095561659,6583
1784095568242,1784095561659,6583
1784095568242,1784095561659,6583
1784095568302,1784095561659,6643
1784095568302,1784095561659,6643
1784095568302,1784095561659,6643
1784095568302,1784095561659,6643
1784095568302,1784095561659,6643
1784095568302,1784095561659,6643
1784095568302,1784095561659,6643
1784095568302,1784095561659,6643
1784095568302,1784095561659,6643
1784095568302,1784095561659,6643
1784095568366,1784095561659,6707
1784095568366,1784095561659,6707
1784095568366,1784095561659,6707
1784095568366,1784095561659,6707
1784095568366,1784095561659,6707
1784095568366,1784095561659,6707
1784095568366,1784095561659,6707
1784095568366,1784095561659,6707
1784095568366,1784095561659,6707
1784095568366,1784095561659,6707
1784095568426,1784095561659,6767
1784095568426,1784095561659,6767
1784095568426,1784095561659,6767
1784095568426,1784095561659,6767
1784095568426,1784095561659,6767
1784095568426,1784095561659,6767
1784095568426,1784095561659,6767
1784095568426,1784095561659,6767
1784095568426,1784095561659,6767
1784095568426,1784095561659,6767
1784095568485,1784095561659,6826
1784095568485,1784095561659,6826
1784095568485,1784095561659,6826
1784095568485,1784095561659,6826
1784095568485,1784095561659,6826
1784095568485,1784095561659,6826
1784095568485,1784095561659,6826
1784095568485,1784095561659,6826
1784095568485,1784095561659,6826
1784095568485,1784095561659,6826
1784095568574,1784095561659,6915
1784095568574,1784095561659,6915
1784095568574,1784095561659,6915
1784095568574,1784095561659,6915
1784095568574,1784095561659,6915
1784095568574,1784095561659,6915
1784095568574,1784095561659,6915
1784095568574,1784095561659,6915
1784095568574,1784095561659,6915
1784095568574,1784095561659,6915
1784095568679,1784095561659,7020
1784095568679,1784095561659,7020
1784095568679,1784095561659,7020
1784095568679,1784095561659,7020
1784095568679,1784095561659,7020
1784095568679,1784095561659,7020
1784095568679,1784095561659,7020
1784095568679,1784095561659,7020
1784095568679,1784095561659,7020
1784095568679,1784095561659,7020
1784095568776,1784095561659,7117
1784095568776,1784095561659,7117
1784095568776,1784095561659,7117
1784095568776,1784095561659,7117
1784095568776,1784095561659,7117
1784095568776,1784095561659,7117
1784095568776,1784095561659,7117
1784095568776,1784095561659,7117
1784095568776,1784095561659,7117
1784095568776,1784095561659,7117
1784095568895,1784095561659,7236
1784095568895,1784095561659,7236
1784095568895,1784095561659,7236
1784095568895,1784095561659,7236
1784095568895,1784095561659,7236
1784095568895,1784095561659,7236
1784095568895,1784095561659,7236
1784095568895,1784095561659,7236
1784095568895,1784095561659,7236
1784095568895,1784095561659,7236
1784095568999,1784095561659,7340
1784095568999,1784095561659,7340
1784095568999,1784095561659,7340
1784095568999,1784095561659,7340
1784095568999,1784095561659,7340
1784095568999,1784095561659,7340
1784095568999,1784095561659,7340
1784095568999,1784095561659,7340
1784095568999,1784095561659,7340
1784095568999,1784095561659,7340
1784095569155,1784095561659,7496
1784095569155,1784095561659,7496
1784095569155,1784095561659,7496
1784095569155,1784095561659,7496
1784095569155,1784095561659,7496
1784095569155,1784095561659,7496
1784095569155,1784095561659,7496
1784095569155,1784095561659,7496
1784095569155,1784095561659,7496
1784095569155,1784095561659,7496
1784095569228,1784095561659,7569
1784095569228,1784095561659,7569
1784095569228,1784095561659,7569
1784095569228,1784095561659,7569
1784095569228,1784095561659,7569
1784095569228,1784095561659,7569
1784095569228,1784095561659,7569
1784095569228,1784095561659,7569
1784095569228,1784095561659,7569
1784095569228,1784095561659,7569
1784095569292,1784095561659,7633
1784095569292,1784095561659,7633
1784095569292,1784095561659,7633
1784095569292,1784095561659,7633
1784095569292,1784095561659,7633
1784095569292,1784095561659,7633
1784095569292,1784095561659,7633
1784095569292,1784095561659,7633
1784095569292,1784095561659,7633
1784095569292,1784095561659,7633
1784095569382,1784095561659,7723
1784095569382,1784095561659,7723
1784095569382,1784095561659,7723
1784095569382,1784095561659,7723
1784095569382,1784095561659,7723
1784095569382,1784095561659,7723
1784095569382,1784095561659,7723
1784095569382,1784095561659,7723
1784095569382,1784095561659,7723
1784095569382,1784095561659,7723
1784095569478,1784095561659,7819
1784095569478,1784095561659,7819
1784095569478,1784095561659,7819
1784095569478,1784095561659,7819
1784095569478,1784095561659,7819
1784095569478,1784095561659,7819
1784095569478,1784095561659,7819
1784095569478,1784095561659,7819
1784095569478,1784095561659,7819
1784095569478,1784095561659,7819
1784095569541,1784095561659,7882
1784095569541,1784095561659,7882
1784095569541,1784095561659,7882
1784095569541,1784095561659,7882
1784095569541,1784095561659,7882
1784095569541,1784095561659,7882
1784095569541,1784095561659,7882
1784095569541,1784095561659,7882
1784095569541,1784095561659,7882
1784095569541,1784095561659,7882
1784095569609,1784095561659,7950
1784095569609,1784095561659,7950
1784095569609,1784095561659,7950
1784095569609,1784095561659,7950
1784095569609,1784095561659,7950
1784095569609,1784095561659,7950
1784095569609,1784095561659,7950
1784095569609,1784095561659,7950
1784095569609,1784095561659,7950
1784095569609,1784095561659,7950
1784095569680,1784095561659,8021
1784095569680,1784095561659,8021
1784095569680,1784095561659,8021
1784095569680,1784095561659,8021
1784095569680,1784095561659,8021
1784095569680,1784095561659,8021
1784095569680,1784095561659,8021
1784095569680,1784095561659,8021
1784095569680,1784095561659,8021
1784095569680,1784095561659,8021
1784095569742,1784095561659,8083
1784095569742,1784095561659,8083
1784095569742,1784095561659,8083
1784095569742,1784095561659,8083
1784095569742,1784095561659,8083
1784095569742,1784095561659,8083
1784095569742,1784095561659,8083
1784095569742,1784095561659,8083
1784095569742,1784095561659,8083
1784095569742,1784095561659,8083
1784095569804,1784095561659,8145
1784095569804,1784095561659,8145
1784095569804,1784095561659,8145
1784095569804,1784095561659,8145
1784095569804,1784095561659,8145
1784095569804,1784095561659,8145
1784095569804,1784095561659,8145
1784095569804,1784095561659,8145
1784095569804,1784095561659,8145
1784095569804,1784095561659,8145
1784095569867,1784095561659,8208
1784095569867,1784095561659,8208
1784095569867,1784095561659,8208
1784095569867,1784095561659,8208
1784095569867,1784095561659,8208
1784095569867,1784095561659,8208
1784095569867,1784095561659,8208
1784095569867,1784095561659,8208
1784095569867,1784095561659,8208
1784095569867,1784095561659,8208
1784095569929,1784095561659,8270
1784095569929,1784095561659,8270
1784095569929,1784095561659,8270
1784095569929,1784095561659,8270
1784095569929,1784095561659,8270
1784095569929,1784095561659,8270
1784095569929,1784095561659,8270
1784095569929,1784095561659,8270
1784095569929,1784095561659,8270
1784095569929,1784095561659,8270
1784095569991,1784095561659,8332
1784095569991,1784095561659,8332
1784095569991,1784095561659,8332
1784095569991,1784095561659,8332
1784095569991,1784095561659,8332
1784095569991,1784095561659,8332
1784095569991,1784095561659,8332
1784095569991,1784095561659,8332
1784095569991,1784095561659,8332
1784095569991,1784095561659,8332
1784095570047,1784095561659,8388
1784095570047,1784095561659,8388
1784095570047,1784095561659,8388
1784095570047,1784095561659,8388
1784095570047,1784095561659,8388
1784095570047,1784095561659,8388
1784095570047,1784095561659,8388
1784095570047,1784095561659,8388
1784095570047,1784095561659,8388
1784095570047,1784095561659,8388
1784095570105,1784095561659,8446
1784095570105,1784095561659,8446
1784095570105,1784095561659,8446
1784095570105,1784095561659,8446
1784095570105,1784095561659,8446
1784095570105,1784095561659,8446
1784095570105,1784095561659,8446
1784095570105,1784095561659,8446
1784095570105,1784095561659,8446
1784095570105,1784095561659,8446
1784095570163,1784095561659,8504
1784095570163,1784095561659,8504
1784095570163,1784095561659,8504
1784095570163,1784095561659,8504
1784095570163,1784095561659,8504
1784095570163,1784095561659,8504
1784095570163,1784095561659,8504
1784095570163,1784095561659,8504
1784095570163,1784095561659,8504
1784095570163,1784095561659,8504
1784095570225,1784095561659,8566
1784095570225,1784095561659,8566
1784095570225,1784095561659,8566
1784095570225,1784095561659,8566
1784095570225,1784095561659,8566
1784095570225,1784095561659,8566
1784095570225,1784095561659,8566
1784095570225,1784095561659,8566
1784095570225,1784095561659,8566
1784095570225,1784095561659,8566
1784095570283,1784095561659,8624
1784095570283,1784095561659,8624
1784095570283,1784095561659,8624
1784095570283,1784095561659,8624
1784095570283,1784095561659,8624
1784095570283,1784095561659,8624
1784095570283,1784095561659,8624
1784095570283,1784095561659,8624
1784095570283,1784095561659,8624
1784095570283,1784095561659,8624
1784095570340,1784095561659,8681
1784095570340,1784095561659,8681
1784095570340,1784095561659,8681
1784095570340,1784095561659,8681
1784095570340,1784095561659,8681
1784095570340,1784095561659,8681
1784095570340,1784095561659,8681
1784095570340,1784095561659,8681
1784095570340,1784095561659,8681
1784095570340,1784095561659,8681
1784095570398,1784095561659,8739
1784095570398,1784095561659,8739
1784095570398,1784095561659,8739
1784095570398,1784095561659,8739
1784095570398,1784095561659,8739
1784095570398,1784095561659,8739
1784095570398,1784095561659,8739
1784095570398,1784095561659,8739
1784095570398,1784095561659,8739
1784095570398,1784095561659,8739
1784095570456,1784095561659,8797
1784095570456,1784095561659,8797
1784095570456,1784095561659,8797
1784095570456,1784095561659,8797
1784095570456,1784095561659,8797
1784095570456,1784095561659,8797
1784095570456,1784095561659,8797
1784095570456,1784095561659,8797
1784095570456,1784095561659,8797
1784095570456,1784095561659,8797
1784095570514,1784095561659,8855
1784095570514,1784095561659,8855
1784095570514,1784095561659,8855
1784095570514,1784095561659,8855
1784095570514,1784095561659,8855
1784095570514,1784095561659,8855
1784095570514,1784095561659,8855
1784095570514,1784095561659,8855
1784095570514,1784095561659,8855
1784095570514,1784095561659,8855
1784095570572,1784095561659,8913
1784095570572,1784095561659,8913
1784095570572,1784095561659,8913
1784095570572,1784095561659,8913
1784095570572,1784095561659,8913
1784095570572,1784095561659,8913
1784095570572,1784095561659,8913
1784095570572,1784095561659,8913
1784095570572,1784095561659,8913
1784095570572,1784095561659,8913
1784095570630,1784095561659,8971
1784095570630,1784095561659,8971
1784095570630,1784095561659,8971
1784095570630,1784095561659,8971
1784095570630,1784095561659,8971
1784095570630,1784095561659,8971
1784095570630,1784095561659,8971
1784095570630,1784095561659,8971
1784095570630,1784095561659,8971
1784095570630,1784095561659,8971
1784095570688,1784095561659,9029
1784095570688,1784095561659,9029
1784095570688,1784095561659,9029
1784095570688,1784095561659,9029
1784095570688,1784095561659,9029
1784095570688,1784095561659,9029
1784095570688,1784095561659,9029
1784095570688,1784095561659,9029
1784095570688,1784095561659,9029
1784095570688,1784095561659,9029
1784095570744,1784095561659,9085
1784095570744,1784095561659,9085
1784095570744,1784095561659,9085
1784095570744,1784095561659,9085
1784095570744,1784095561659,9085
1784095570744,1784095561659,9085
1784095570744,1784095561659,9085
1784095570744,1784095561659,9085
1784095570744,1784095561659,9085
1784095570744,1784095561659,9085
1784095570803,1784095561659,9144
1784095570803,1784095561659,9144
1784095570803,1784095561659,9144
1784095570803,1784095561659,9144
1784095570803,1784095561659,9144
1784095570803,1784095561659,9144
1784095570803,1784095561659,9144
1784095570803,1784095561659,9144
1784095570803,1784095561659,9144
1784095570803,1784095561659,9144
1784095573632,1784095568865,4767
1784095573632,1784095568865,4767
1784095573632,1784095568865,4767
1784095573632,1784095568865,4767
1784095573632,1784095568865,4767
1784095573632,1784095568865,4767
1784095573632,1784095568865,4767
1784095573632,1784095568865,4767
1784095573632,1784095568865,4767
1784095573632,1784095568865,4767
1784095573744,1784095568865,4879
1784095573744,1784095568865,4879
1784095573744,1784095568865,4879
1784095573744,1784095568865,4879
1784095573744,1784095568865,4879
1784095573744,1784095568865,4879
1784095573744,1784095568865,4879
1784095573744,1784095568865,4879
1784095573744,1784095568865,4879
1784095573744,1784095568865,4879
1784095573855,1784095568865,4990
1784095573855,1784095568865,4990
1784095573855,1784095568865,4990
1784095573855,1784095568865,4990
1784095573855,1784095568865,4990
1784095573855,1784095568865,4990
1784095573855,1784095568865,4990
1784095573855,1784095568865,4990
1784095573855,1784095568865,4990
1784095573855,1784095568865,4990
1784095573963,1784095568865,5098
1784095573963,1784095568865,5098
1784095573963,1784095568865,5098
1784095573963,1784095568865,5098
1784095573963,1784095568865,5098
1784095573963,1784095568865,5098
1784095573963,1784095568865,5098
1784095573963,1784095568865,5098
1784095573963,1784095568865,5098
1784095573963,1784095568865,5098
1784095574069,1784095568865,5204
1784095574069,1784095568865,5204
1784095574069,1784095568865,5204
1784095574069,1784095568865,5204
1784095574069,1784095568865,5204
1784095574069,1784095568865,5204
1784095574069,1784095568865,5204
1784095574069,1784095568865,5204
1784095574069,1784095568865,5204
1784095574069,1784095568865,5204
1784095574166,1784095568865,5301
1784095574166,1784095568865,5301
1784095574166,1784095568865,5301
1784095574166,1784095568865,5301
1784095574166,1784095568865,5301
1784095574166,1784095568865,5301
1784095574166,1784095568865,5301
1784095574166,1784095568865,5301
1784095574166,1784095568865,5301
1784095574166,1784095568865,5301
1784095574350,1784095568865,5485
1784095574350,1784095568865,5485
1784095574350,1784095568865,5485
1784095574350,1784095568865,5485
1784095574350,1784095568865,5485
1784095574350,1784095568865,5485
1784095574350,1784095568865,5485
1784095574350,1784095568865,5485
1784095574350,1784095568865,5485
1784095574350,1784095568865,5485
1784095574457,1784095568865,5592
1784095574457,1784095568865,5592
1784095574457,1784095568865,5592
1784095574457,1784095568865,5592
1784095574457,1784095568865,5592
1784095574457,1784095568865,5592
1784095574457,1784095568865,5592
1784095574457,1784095568865,5592
1784095574457,1784095568865,5592
1784095574457,1784095568865,5592
1784095574568,1784095568865,5703
1784095574568,1784095568865,5703
1784095574568,1784095568865,5703
1784095574568,1784095568865,5703
1784095574568,1784095568865,5703
1784095574568,1784095568865,5703
1784095574568,1784095568865,5703
1784095574568,1784095568865,5703
1784095574568,1784095568865,5703
1784095574568,1784095568865,5703
1784095574675,1784095568865,5810
1784095574675,1784095568865,5810
1784095574675,1784095568865,5810
1784095574675,1784095568865,5810
1784095574675,1784095568865,5810
1784095574675,1784095568865,5810
1784095574675,1784095568865,5810
1784095574675,1784095568865,5810
1784095574675,1784095568865,5810
1784095574675,1784095568865,5810
1784095574778,1784095568865,5913
1784095574778,1784095568865,5913
1784095574778,1784095568865,5913
1784095574778,1784095568865,5913
1784095574778,1784095568865,5913
1784095574778,1784095568865,5913
1784095574778,1784095568865,5913
1784095574778,1784095568865,5913
1784095574778,1784095568865,5913
1784095574778,1784095568865,5913
1784095574884,1784095568865,6019
1784095574884,1784095568865,6019
1784095574884,1784095568865,6019
1784095574884,1784095568865,6019
1784095574884,1784095568865,6019
1784095574884,1784095568865,6019
1784095574884,1784095568865,6019
1784095574884,1784095568865,6019
1784095574884,1784095568865,6019
1784095574884,1784095568865,6019
1784095574992,1784095568865,6127
1784095574992,1784095568865,6127
1784095574992,1784095568865,6127
1784095574992,1784095568865,6127
1784095574992,1784095568865,6127
1784095574992,1784095568865,6127
1784095574992,1784095568865,6127
1784095574992,1784095568865,6127
1784095574992,1784095568865,6127
1784095574992,1784095568865,6127
1784095575102,1784095568865,6237
1784095575102,1784095568865,6237
1784095575102,1784095568865,6237
1784095575102,1784095568865,6237
1784095575102,1784095568865,6237
1784095575102,1784095568865,6237
1784095575102,1784095568865,6237
1784095575102,1784095568865,6237
1784095575102,1784095568865,6237
1784095575102,1784095568865,6237
1784095575209,1784095568865,6344
1784095575209,1784095568865,6344
1784095575209,1784095568865,6344
1784095575209,1784095568865,6344
1784095575209,1784095568865,6344
1784095575209,1784095568865,6344
1784095575209,1784095568865,6344
1784095575209,1784095568865,6344
1784095575209,1784095568865,6344
1784095575209,1784095568865,6344
1784095575318,1784095568865,6453
1784095575318,1784095568865,6453
1784095575318,1784095568865,6453
1784095575318,1784095568865,6453
1784095575318,1784095568865,6453
1784095575318,1784095568865,6453
1784095575318,1784095568865,6453
1784095575318,1784095568865,6453
1784095575318,1784095568865,6453
1784095575318,1784095568865,6453
1784095575429,1784095568865,6564
1784095575429,1784095568865,6564
1784095575429,1784095568865,6564
1784095575429,1784095568865,6564
1784095575429,1784095568865,6564
1784095575429,1784095568865,6564
1784095575429,1784095568865,6564
1784095575429,1784095568865,6564
1784095575429,1784095568865,6564
1784095575429,1784095568865,6564
1784095575528,1784095568865,6663
1784095575528,1784095568865,6663
1784095575528,1784095568865,6663
1784095575528,1784095568865,6663
1784095575528,1784095568865,6663
1784095575528,1784095568865,6663
1784095575528,1784095568865,6663
1784095575528,1784095568865,6663
1784095575528,1784095568865,6663
1784095575528,1784095568865,6663
1784095575604,1784095568865,6739
1784095575604,1784095568865,6739
1784095575604,1784095568865,6739
1784095575604,1784095568865,6739
1784095575604,1784095568865,6739
1784095575604,1784095568865,6739
1784095575604,1784095568865,6739
1784095575604,1784095568865,6739
1784095575604,1784095568865,6739
1784095575604,1784095568865,6739
1784095575675,1784095568865,6810
1784095575675,1784095568865,6810
1784095575675,1784095568865,6810
1784095575675,1784095568865,6810
1784095575675,1784095568865,6810
1784095575675,1784095568865,6810
1784095575675,1784095568865,6810
1784095575675,1784095568865,6810
1784095575675,1784095568865,6810
1784095575675,1784095568865,6810
1784095575767,1784095568865,6902
1784095575767,1784095568865,6902
1784095575767,1784095568865,6902
1784095575767,1784095568865,6902
1784095575767,1784095568865,6902
1784095575767,1784095568865,6902
1784095575767,1784095568865,6902
1784095575767,1784095568865,6902
1784095575767,1784095568865,6902
1784095575767,1784095568865,6902
1784095575843,1784095568865,6978
1784095575843,1784095568865,6978
1784095575843,1784095568865,6978
1784095575843,1784095568865,6978
1784095575843,1784095568865,6978
1784095575843,1784095568865,6978
1784095575843,1784095568865,6978
1784095575843,1784095568865,6978
1784095575843,1784095568865,6978
1784095575843,1784095568865,6978
1784095575932,1784095568865,7067
1784095575932,1784095568865,7067
1784095575932,1784095568865,7067
1784095575932,1784095568865,7067
1784095575932,1784095568865,7067
1784095575932,1784095568865,7067
1784095575932,1784095568865,7067
1784095575932,1784095568865,7067
1784095575932,1784095568865,7067
1784095575932,1784095568865,7067
1784095576033,1784095568865,7168
1784095576033,1784095568865,7168
1784095576033,1784095568865,7168
1784095576033,1784095568865,7168
1784095576033,1784095568865,7168
1784095576033,1784095568865,7168
1784095576033,1784095568865,7168
1784095576033,1784095568865,7168
1784095576033,1784095568865,7168
1784095576033,1784095568865,7168
1784095576125,1784095568865,7260
1784095576125,1784095568865,7260
1784095576125,1784095568865,7260
1784095576125,1784095568865,7260
1784095576125,1784095568865,7260
1784095576125,1784095568865,7260
1784095576125,1784095568865,7260
1784095576125,1784095568865,7260
1784095576125,1784095568865,7260
1784095576125,1784095568865,7260
1784095576226,1784095568865,7361
1784095576226,1784095568865,7361
1784095576226,1784095568865,7361
1784095576226,1784095568865,7361
1784095576226,1784095568865,7361
1784095576226,1784095568865,7361
1784095576226,1784095568865,7361
1784095576226,1784095568865,7361
1784095576226,1784095568865,7361
1784095576226,1784095568865,7361
1784095576327,1784095568865,7462
1784095576327,1784095568865,7462
1784095576327,1784095568865,7462
1784095576327,1784095568865,7462
1784095576327,1784095568865,7462
1784095576327,1784095568865,7462
1784095576327,1784095568865,7462
1784095576327,1784095568865,7462
1784095576327,1784095568865,7462
1784095576327,1784095568865,7462
1784095576432,1784095568865,7567
1784095576432,1784095568865,7567
1784095576432,1784095568865,7567
1784095576432,1784095568865,7567
1784095576432,1784095568865,7567
1784095576432,1784095568865,7567
1784095576432,1784095568865,7567
1784095576432,1784095568865,7567
1784095576432,1784095568865,7567
1784095576432,1784095568865,7567
1784095576535,1784095568865,7670
1784095576535,1784095568865,7670
1784095576535,1784095568865,7670
1784095576535,1784095568865,7670
1784095576535,1784095568865,7670
1784095576535,1784095568865,7670
1784095576535,1784095568865,7670
1784095576535,1784095568865,7670
1784095576535,1784095568865,7670
1784095576535,1784095568865,7670
1784095576637,1784095568865,7772
1784095576637,1784095568865,7772
1784095576637,1784095568865,7772
1784095576637,1784095568865,7772
1784095576637,1784095568865,7772
1784095576637,1784095568865,7772
1784095576637,1784095568865,7772
1784095576637,1784095568865,7772
1784095576637,1784095568865,7772
1784095576637,1784095568865,7772
1784095576744,1784095568865,7879
1784095576744,1784095568865,7879
1784095576744,1784095568865,7879
1784095576744,1784095568865,7879
1784095576744,1784095568865,7879
1784095576744,1784095568865,7879
1784095576744,1784095568865,7879
1784095576744,1784095568865,7879
1784095576744,1784095568865,7879
1784095576744,1784095568865,7879
1784095576850,1784095568865,7985
1784095576850,1784095568865,7985
1784095576850,1784095568865,7985
1784095576850,1784095568865,7985
1784095576850,1784095568865,7985
1784095576850,1784095568865,7985
1784095576850,1784095568865,7985
1784095576850,1784095568865,7985
1784095576850,1784095568865,7985
1784095576850,1784095568865,7985
1784095576959,1784095568865,8094
1784095576959,1784095568865,8094
1784095576959,1784095568865,8094
1784095576959,1784095568865,8094
1784095576959,1784095568865,8094
1784095576959,1784095568865,8094
1784095576959,1784095568865,8094
1784095576959,1784095568865,8094
1784095576959,1784095568865,8094
1784095576959,1784095568865,8094
1784095577068,1784095568865,8203
1784095577068,1784095568865,8203
1784095577068,1784095568865,8203
1784095577068,1784095568865,8203
1784095577068,1784095568865,8203
1784095577068,1784095568865,8203
1784095577068,1784095568865,8203
1784095577068,1784095568865,8203
1784095577068,1784095568865,8203
1784095577068,1784095568865,8203
1784095577179,1784095568865,8314
1784095577179,1784095568865,8314
1784095577179,1784095568865,8314
1784095577179,1784095568865,8314
1784095577179,1784095568865,8314
1784095577179,1784095568865,8314
1784095577179,1784095568865,8314
1784095577179,1784095568865,8314
1784095577179,1784095568865,8314
1784095577179,1784095568865,8314
1784095577291,1784095568865,8426
1784095577291,1784095568865,8426
1784095577291,1784095568865,8426
1784095577291,1784095568865,8426
1784095577291,1784095568865,8426
1784095577291,1784095568865,8426
1784095577291,1784095568865,8426
1784095577291,1784095568865,8426
1784095577291,1784095568865,8426
1784095577291,1784095568865,8426
1784095577404,1784095568865,8539
1784095577404,1784095568865,8539
1784095577404,1784095568865,8539
1784095577404,1784095568865,8539
1784095577404,1784095568865,8539
1784095577404,1784095568865,8539
1784095577404,1784095568865,8539
1784095577404,1784095568865,8539
1784095577404,1784095568865,8539
1784095577404,1784095568865,8539
1784095577513,1784095568865,8648
1784095577513,1784095568865,8648
1784095577513,1784095568865,8648
1784095577513,1784095568865,8648
1784095577513,1784095568865,8648
1784095577513,1784095568865,8648
1784095577513,1784095568865,8648
1784095577513,1784095568865,8648
1784095577513,1784095568865,8648
1784095577513,1784095568865,8648
1784095577620,1784095568865,8755
1784095577620,1784095568865,8755
1784095577620,1784095568865,8755
1784095577620,1784095568865,8755
1784095577620,1784095568865,8755
1784095577620,1784095568865,8755
1784095577620,1784095568865,8755
1784095577620,1784095568865,8755
1784095577620,1784095568865,8755
1784095577620,1784095568865,8755
1784095577723,1784095568865,8858
1784095577723,1784095568865,8858
1784095577723,1784095568865,8858
1784095577723,1784095568865,8858
1784095577723,1784095568865,8858
1784095577723,1784095568865,8858
1784095577723,1784095568865,8858
1784095577723,1784095568865,8858
1784095577723,1784095568865,8858
1784095577723,1784095568865,8858
1784095577821,1784095568865,8956
1784095577821,1784095568865,8956
1784095577821,1784095568865,8956
1784095577821,1784095568865,8956
1784095577821,1784095568865,8956
1784095577821,1784095568865,8956
1784095577821,1784095568865,8956
1784095577821,1784095568865,8956
1784095577821,1784095568865,8956
1784095577821,1784095568865,8956
1784095577935,1784095568865,9070
1784095577935,1784095568865,9070
1784095577935,1784095568865,9070
1784095577935,1784095568865,9070
1784095577935,1784095568865,9070
1784095577935,1784095568865,9070
1784095577935,1784095568865,9070
1784095577935,1784095568865,9070
1784095577935,1784095568865,9070
1784095577935,1784095568865,9070
1784095578042,1784095568865,9177
1784095578042,1784095568865,9177
1784095578042,1784095568865,9177
1784095578042,1784095568865,9177
1784095578042,1784095568865,9177
1784095578042,1784095568865,9177
1784095578042,1784095568865,9177
1784095578042,1784095568865,9177
1784095578042,1784095568865,9177
1784095578042,1784095568865,9177
1784095578149,1784095568865,9284
1784095578149,1784095568865,9284
1784095578149,1784095568865,9284
1784095578149,1784095568865,9284
1784095578149,1784095568865,9284
1784095578149,1784095568865,9284
1784095578149,1784095568865,9284
1784095578149,1784095568865,9284
1784095578149,1784095568865,9284
1784095578149,1784095568865,9284
1784095578255,1784095568865,9390
1784095578255,1784095568865,9390
1784095578255,1784095568865,9390
1784095578255,1784095568865,9390
1784095578255,1784095568865,9390
1784095578255,1784095568865,9390
1784095578255,1784095568865,9390
1784095578255,1784095568865,9390
1784095578255,1784095568865,9390
1784095578255,1784095568865,9390
1784095578346,1784095568865,9481
1784095578346,1784095568865,9481
1784095578346,1784095568865,9481
1784095578346,1784095568865,9481
1784095578346,1784095568865,9481
1784095578346,1784095568865,9481
1784095578346,1784095568865,9481
1784095578346,1784095568865,9481
1784095578346,1784095568865,9481
1784095578346,1784095568865,9481
1784095578453,1784095568865,9588
1784095578453,1784095568865,9588
1784095578453,1784095568865,9588
1784095578453,1784095568865,9588
1784095578453,1784095568865,9588
1784095578453,1784095568865,9588
1784095578453,1784095568865,9588
1784095578453,1784095568865,9588
1784095578453,1784095568865,9588
1784095578453,1784095568865,9588
1784095578561,1784095568865,9696
1784095578561,1784095568865,9696
1784095578561,1784095568865,9696
1784095578561,1784095568865,9696
1784095578561,1784095568865,9696
1784095578561,1784095568865,9696
1784095578561,1784095568865,9696
1784095578561,1784095568865,9696
1784095578561,1784095568865,9696
1784095578561,1784095568865,9696
1784095578671,1784095568865,9806
1784095578671,1784095568865,9806
1784095578671,1784095568865,9806
1784095578671,1784095568865,9806
1784095578671,1784095568865,9806
1784095578671,1784095568865,9806
1784095578671,1784095568865,9806
1784095578671,1784095568865,9806
1784095578671,1784095568865,9806
1784095578671,1784095568865,9806
1784095578781,1784095568865,9916
1784095578781,1784095568865,9916
1784095578781,1784095568865,9916
1784095578781,1784095568865,9916
1784095578781,1784095568865,9916
1784095578781,1784095568865,9916
1784095578781,1784095568865,9916
1784095578781,1784095568865,9916
1784095578781,1784095568865,9916
1784095578781,1784095568865,9916
