2026-07-14 00:33:50  pid=302271  rss=7605MB  jvm_heap=3051/3200MB  direct=1140/1140MB  py_workers=0x0MB  loss=51.41(avg16=115.91)  mae=8.49  sys_used=8.2Gi/62Gi
2026-07-14 00:34:20  pid=302271  rss=7605MB  jvm_heap=931/3200MB  direct=1132/1132MB  py_workers=0x0MB  loss=51.41(avg16=115.91)  mae=8.49  sys_used=8.2Gi/62Gi
2026-07-14 00:34:51  pid=302271  rss=7605MB  jvm_heap=931/3200MB  direct=1132/1132MB  py_workers=0x0MB  loss=51.41(avg16=115.91)  mae=8.49  sys_used=8.2Gi/62Gi
2026-07-14 00:35:21  pid=302271  rss=7637MB  jvm_heap=933/3200MB  direct=1132/1132MB  py_workers=16x467MB  loss=51.41(avg16=115.91)  mae=8.49  sys_used=8.5Gi/62Gi
2026-07-14 00:35:51  [WARN] TM process not found
2026-07-14 00:36:21  [WARN] TM process not found
2026-07-14 00:36:51  [WARN] TM process not found
2026-07-14 00:37:21  [WARN] TM process not found
2026-07-14 00:37:51  [WARN] TM process not found
2026-07-14 00:38:21  pid=2886499  rss=1449MB  jvm_heap=0/0MB  direct=0/0MB  py_workers=18x3428MB  loss=n/a(avg16=n/a)  mae=n/a  sys_used=3.9Gi/62Gi
2026-07-14 00:38:51  pid=2886499  rss=1558MB  jvm_heap=369/3200MB  direct=653/653MB  py_workers=18x3428MB  loss=n/a(avg16=n/a)  mae=n/a  sys_used=4.0Gi/62Gi
2026-07-14 00:39:21  pid=2886499  rss=1557MB  jvm_heap=107/3200MB  direct=653/653MB  py_workers=18x3428MB  loss=n/a(avg16=n/a)  mae=n/a  sys_used=4.0Gi/62Gi
2026-07-14 00:39:52  pid=2886499  rss=1580MB  jvm_heap=135/3200MB  direct=653/653MB  py_workers=18x3430MB  loss=n/a(avg16=n/a)  mae=n/a  sys_used=4.0Gi/62Gi
2026-07-14 00:40:22  pid=2886499  rss=1579MB  jvm_heap=165/3200MB  direct=653/653MB  py_workers=18x3861MB  loss=n/a(avg16=n/a)  mae=n/a  sys_used=4.2Gi/62Gi
2026-07-14 00:40:52  pid=2886499  rss=1580MB  jvm_heap=181/3200MB  direct=653/653MB  py_workers=18x3861MB  loss=n/a(avg16=n/a)  mae=n/a  sys_used=4.2Gi/62Gi
2026-07-14 00:41:22  pid=2886499  rss=1581MB  jvm_heap=211/3200MB  direct=653/653MB  py_workers=18x3861MB  loss=n/a(avg16=n/a)  mae=n/a  sys_used=4.2Gi/62Gi
2026-07-14 00:41:52  pid=2886499  rss=1581MB  jvm_heap=227/3200MB  direct=653/653MB  py_workers=18x3862MB  loss=n/a(avg16=n/a)  mae=n/a  sys_used=4.2Gi/62Gi
2026-07-14 00:42:22  pid=2886499  rss=1583MB  jvm_heap=255/3200MB  direct=653/653MB  py_workers=18x3862MB  loss=n/a(avg16=n/a)  mae=n/a  sys_used=4.2Gi/62Gi
2026-07-14 00:42:52  pid=2886499  rss=1584MB  jvm_heap=271/3200MB  direct=653/653MB  py_workers=18x3861MB  loss=n/a(avg16=n/a)  mae=n/a  sys_used=4.2Gi/62Gi
2026-07-14 00:43:23  pid=2886499  rss=1588MB  jvm_heap=299/3200MB  direct=653/653MB  py_workers=18x3861MB  loss=n/a(avg16=n/a)  mae=n/a  sys_used=4.2Gi/62Gi
2026-07-14 00:43:53  pid=2886499  rss=1601MB  jvm_heap=317/3200MB  direct=653/653MB  py_workers=18x3861MB  loss=n/a(avg16=n/a)  mae=n/a  sys_used=4.2Gi/62Gi
2026-07-14 00:44:23  pid=2886499  rss=1603MB  jvm_heap=345/3200MB  direct=653/653MB  py_workers=18x3861MB  loss=n/a(avg16=n/a)  mae=n/a  sys_used=4.2Gi/62Gi
2026-07-14 00:44:53  pid=2886499  rss=1613MB  jvm_heap=361/3200MB  direct=653/653MB  py_workers=18x3862MB  loss=n/a(avg16=n/a)  mae=n/a  sys_used=4.2Gi/62Gi
2026-07-14 00:45:23  pid=2886499  rss=1630MB  jvm_heap=391/3200MB  direct=653/653MB  py_workers=18x3862MB  loss=n/a(avg16=n/a)  mae=n/a  sys_used=4.2Gi/62Gi
2026-07-14 00:45:53  pid=2886499  rss=1633MB  jvm_heap=111/3200MB  direct=653/653MB  py_workers=18x3862MB  loss=n/a(avg16=n/a)  mae=n/a  sys_used=4.2Gi/62Gi
2026-07-14 00:46:24  pid=2886499  rss=1634MB  jvm_heap=139/3200MB  direct=653/653MB  py_workers=18x3862MB  loss=n/a(avg16=n/a)  mae=n/a  sys_used=4.2Gi/62Gi
2026-07-14 00:46:54  pid=2886499  rss=1637MB  jvm_heap=153/3200MB  direct=653/653MB  py_workers=18x3861MB  loss=n/a(avg16=n/a)  mae=n/a  sys_used=4.2Gi/62Gi
2026-07-14 00:47:24  pid=2886499  rss=1638MB  jvm_heap=181/3200MB  direct=653/653MB  py_workers=18x3861MB  loss=n/a(avg16=n/a)  mae=n/a  sys_used=4.2Gi/62Gi
2026-07-14 00:47:54  pid=2886499  rss=1638MB  jvm_heap=197/3200MB  direct=653/653MB  py_workers=18x3862MB  loss=n/a(avg16=n/a)  mae=n/a  sys_used=4.2Gi/62Gi
2026-07-14 00:48:24  pid=2886499  rss=1638MB  jvm_heap=227/3200MB  direct=653/653MB  py_workers=18x3862MB  loss=n/a(avg16=n/a)  mae=n/a  sys_used=4.2Gi/62Gi
2026-07-14 00:48:54  pid=2886499  rss=1640MB  jvm_heap=243/3200MB  direct=653/653MB  py_workers=18x3862MB  loss=n/a(avg16=n/a)  mae=n/a  sys_used=4.2Gi/62Gi
2026-07-14 00:49:25  pid=2886499  rss=1641MB  jvm_heap=269/3200MB  direct=653/653MB  py_workers=18x3862MB  loss=n/a(avg16=n/a)  mae=n/a  sys_used=4.2Gi/62Gi
2026-07-14 00:49:55  pid=2886499  rss=1641MB  jvm_heap=285/3200MB  direct=653/653MB  py_workers=18x3862MB  loss=n/a(avg16=n/a)  mae=n/a  sys_used=4.2Gi/62Gi
2026-07-14 00:50:25  pid=2886499  rss=1642MB  jvm_heap=315/3200MB  direct=653/653MB  py_workers=18x3862MB  loss=n/a(avg16=n/a)  mae=n/a  sys_used=4.2Gi/62Gi
2026-07-14 00:50:55  pid=2886499  rss=1644MB  jvm_heap=331/3200MB  direct=653/653MB  py_workers=18x3862MB  loss=n/a(avg16=n/a)  mae=n/a  sys_used=4.2Gi/62Gi
2026-07-14 00:51:25  pid=2886499  rss=1645MB  jvm_heap=373/3200MB  direct=653/653MB  py_workers=18x3862MB  loss=n/a(avg16=n/a)  mae=n/a  sys_used=4.2Gi/62Gi
2026-07-14 00:51:55  pid=2886499  rss=1649MB  jvm_heap=383/3200MB  direct=653/653MB  py_workers=18x3862MB  loss=n/a(avg16=n/a)  mae=n/a  sys_used=4.2Gi/62Gi
2026-07-14 00:52:25  pid=2886499  rss=1650MB  jvm_heap=411/3200MB  direct=653/653MB  py_workers=18x3862MB  loss=n/a(avg16=n/a)  mae=n/a  sys_used=4.2Gi/62Gi
2026-07-14 00:52:56  pid=2886499  rss=1676MB  jvm_heap=435/3200MB  direct=653/653MB  py_workers=18x3863MB  loss=n/a(avg16=n/a)  mae=n/a  sys_used=4.3Gi/62Gi
2026-07-14 00:53:26  pid=2886499  rss=1691MB  jvm_heap=459/3200MB  direct=653/653MB  py_workers=18x3863MB  loss=n/a(avg16=n/a)  mae=n/a  sys_used=4.3Gi/62Gi
2026-07-14 00:53:56  pid=2886499  rss=1731MB  jvm_heap=485/3200MB  direct=653/653MB  py_workers=18x3863MB  loss=n/a(avg16=n/a)  mae=n/a  sys_used=4.3Gi/62Gi
2026-07-14 00:54:26  pid=2886499  rss=1746MB  jvm_heap=509/3200MB  direct=653/653MB  py_workers=18x3863MB  loss=n/a(avg16=n/a)  mae=n/a  sys_used=4.3Gi/62Gi
2026-07-14 00:54:56  pid=2886499  rss=1780MB  jvm_heap=537/3200MB  direct=653/653MB  py_workers=18x3863MB  loss=n/a(avg16=n/a)  mae=n/a  sys_used=4.3Gi/62Gi
2026-07-14 00:55:26  pid=2886499  rss=1796MB  jvm_heap=563/3200MB  direct=653/653MB  py_workers=18x3864MB  loss=n/a(avg16=n/a)  mae=n/a  sys_used=4.3Gi/62Gi
2026-07-14 00:55:57  pid=2886499  rss=1878MB  jvm_heap=587/3200MB  direct=653/653MB  py_workers=18x3864MB  loss=n/a(avg16=n/a)  mae=n/a  sys_used=4.4Gi/62Gi
2026-07-14 00:56:27  pid=2886499  rss=1879MB  jvm_heap=134/3200MB  direct=653/653MB  py_workers=18x3864MB  loss=n/a(avg16=n/a)  mae=n/a  sys_used=4.4Gi/62Gi
2026-07-14 00:56:57  pid=2886499  rss=1881MB  jvm_heap=174/3200MB  direct=653/653MB  py_workers=18x3864MB  loss=n/a(avg16=n/a)  mae=n/a  sys_used=4.4Gi/62Gi
2026-07-14 00:57:27  pid=2886499  rss=1882MB  jvm_heap=198/3200MB  direct=653/653MB  py_workers=18x3865MB  loss=n/a(avg16=n/a)  mae=n/a  sys_used=4.4Gi/62Gi
2026-07-14 00:57:57  pid=2886499  rss=1887MB  jvm_heap=224/3200MB  direct=653/653MB  py_workers=18x3865MB  loss=n/a(avg16=n/a)  mae=n/a  sys_used=4.4Gi/62Gi
2026-07-14 00:58:27  pid=2886499  rss=1879MB  jvm_heap=250/3200MB  direct=653/653MB  py_workers=18x3866MB  loss=n/a(avg16=n/a)  mae=n/a  sys_used=4.4Gi/62Gi
2026-07-14 00:58:57  pid=2886499  rss=1880MB  jvm_heap=276/3200MB  direct=653/653MB  py_workers=18x3866MB  loss=n/a(avg16=n/a)  mae=n/a  sys_used=4.5Gi/62Gi
2026-07-14 00:59:28  pid=2886499  rss=1883MB  jvm_heap=298/3200MB  direct=653/653MB  py_workers=18x3866MB  loss=n/a(avg16=n/a)  mae=n/a  sys_used=4.5Gi/62Gi
2026-07-14 00:59:58  pid=2886499  rss=1884MB  jvm_heap=322/3200MB  direct=653/653MB  py_workers=18x3866MB  loss=n/a(avg16=n/a)  mae=n/a  sys_used=4.5Gi/62Gi
2026-07-14 01:00:28  pid=2886499  rss=1884MB  jvm_heap=344/3200MB  direct=653/653MB  py_workers=18x3866MB  loss=n/a(avg16=n/a)  mae=n/a  sys_used=4.5Gi/62Gi
2026-07-14 01:00:58  pid=2886499  rss=1883MB  jvm_heap=390/3200MB  direct=653/653MB  py_workers=18x3866MB  loss=n/a(avg16=n/a)  mae=n/a  sys_used=4.5Gi/62Gi
2026-07-14 01:01:28  pid=2886499  rss=1883MB  jvm_heap=400/3200MB  direct=653/653MB  py_workers=18x3866MB  loss=n/a(avg16=n/a)  mae=n/a  sys_used=4.5Gi/62Gi
2026-07-14 01:01:58  pid=2886499  rss=1883MB  jvm_heap=438/3200MB  direct=653/653MB  py_workers=18x3867MB  loss=n/a(avg16=n/a)  mae=n/a  sys_used=4.5Gi/62Gi
2026-07-14 01:02:29  pid=2886499  rss=1886MB  jvm_heap=448/3200MB  direct=653/653MB  py_workers=18x3867MB  loss=n/a(avg16=n/a)  mae=n/a  sys_used=4.5Gi/62Gi
2026-07-14 01:02:59  pid=2886499  rss=1887MB  jvm_heap=488/3200MB  direct=653/653MB  py_workers=18x3867MB  loss=n/a(avg16=n/a)  mae=n/a  sys_used=4.5Gi/62Gi
2026-07-14 01:03:29  pid=2886499  rss=1888MB  jvm_heap=488/3200MB  direct=653/653MB  py_workers=18x3867MB  loss=n/a(avg16=n/a)  mae=n/a  sys_used=4.5Gi/62Gi
2026-07-14 01:03:59  pid=2886499  rss=1890MB  jvm_heap=532/3200MB  direct=653/653MB  py_workers=18x3867MB  loss=n/a(avg16=n/a)  mae=n/a  sys_used=4.5Gi/62Gi
2026-07-14 01:04:29  pid=2886499  rss=1890MB  jvm_heap=532/3200MB  direct=653/653MB  py_workers=18x3867MB  loss=n/a(avg16=n/a)  mae=n/a  sys_used=4.5Gi/62Gi
2026-07-14 01:04:59  pid=2886499  rss=1895MB  jvm_heap=578/3200MB  direct=653/653MB  py_workers=18x3867MB  loss=n/a(avg16=n/a)  mae=n/a  sys_used=4.5Gi/62Gi
2026-07-14 01:05:29  pid=2886499  rss=1897MB  jvm_heap=578/3200MB  direct=653/653MB  py_workers=18x3867MB  loss=n/a(avg16=n/a)  mae=n/a  sys_used=4.5Gi/62Gi
2026-07-14 01:06:00  pid=2886499  rss=1901MB  jvm_heap=622/3200MB  direct=653/653MB  py_workers=18x3867MB  loss=n/a(avg16=n/a)  mae=n/a  sys_used=4.5Gi/62Gi
2026-07-14 01:06:30  pid=2886499  rss=1905MB  jvm_heap=622/3200MB  direct=653/653MB  py_workers=18x3867MB  loss=n/a(avg16=n/a)  mae=n/a  sys_used=4.5Gi/62Gi
2026-07-14 01:07:00  pid=2886499  rss=1938MB  jvm_heap=664/3200MB  direct=653/653MB  py_workers=18x3867MB  loss=n/a(avg16=n/a)  mae=n/a  sys_used=4.5Gi/62Gi
2026-07-14 01:07:30  pid=2886499  rss=1951MB  jvm_heap=676/3200MB  direct=653/653MB  py_workers=18x3867MB  loss=n/a(avg16=n/a)  mae=n/a  sys_used=4.5Gi/62Gi
2026-07-14 01:08:00  pid=2886499  rss=1979MB  jvm_heap=692/3200MB  direct=653/653MB  py_workers=18x3868MB  loss=n/a(avg16=n/a)  mae=n/a  sys_used=4.5Gi/62Gi
2026-07-14 01:08:30  pid=2886499  rss=1994MB  jvm_heap=720/3200MB  direct=653/653MB  py_workers=18x3868MB  loss=n/a(avg16=n/a)  mae=n/a  sys_used=4.6Gi/62Gi
2026-07-14 01:09:01  pid=2886499  rss=2019MB  jvm_heap=734/3200MB  direct=653/653MB  py_workers=18x4172MB  loss=n/a(avg16=n/a)  mae=n/a  sys_used=4.9Gi/62Gi
2026-07-14 01:09:31  pid=2886499  rss=3409MB  jvm_heap=1144/3200MB  direct=655/655MB  py_workers=18x5962MB  loss=9.73(avg16=29.65)  mae=4.51  sys_used=7.8Gi/62Gi
2026-07-14 01:10:01  pid=2886499  rss=3711MB  jvm_heap=2298/3200MB  direct=657/657MB  py_workers=18x7949MB  loss=17.49(avg16=32.79)  mae=4.76  sys_used=9.7Gi/62Gi
2026-07-14 01:10:31  pid=2886499  rss=3712MB  jvm_heap=1263/3200MB  direct=657/657MB  py_workers=18x8536MB  loss=40.67(avg16=33.50)  mae=4.81  sys_used=10Gi/62Gi
2026-07-14 01:11:01  pid=2886499  rss=3757MB  jvm_heap=1275/3200MB  direct=669/669MB  py_workers=18x9852MB  loss=39.20(avg16=34.51)  mae=4.88  sys_used=11Gi/62Gi
2026-07-14 01:11:31  pid=2886499  rss=3765MB  jvm_heap=984/3200MB  direct=657/657MB  py_workers=18x11292MB  loss=54.05(avg16=35.10)  mae=4.93  sys_used=12Gi/62Gi
2026-07-14 01:12:01  pid=2886499  rss=3782MB  jvm_heap=1490/3200MB  direct=657/657MB  py_workers=18x11130MB  loss=20.01(avg16=33.40)  mae=4.75  sys_used=12Gi/62Gi
2026-07-14 01:12:32  pid=2886499  rss=3812MB  jvm_heap=796/3200MB  direct=661/661MB  py_workers=18x11623MB  loss=25.40(avg16=34.65)  mae=4.84  sys_used=13Gi/62Gi
2026-07-14 01:13:02  pid=2886499  rss=3813MB  jvm_heap=833/3200MB  direct=663/663MB  py_workers=18x12323MB  loss=19.61(avg16=34.35)  mae=4.84  sys_used=13Gi/62Gi
2026-07-14 01:13:32  pid=2886499  rss=3804MB  jvm_heap=1060/3200MB  direct=661/661MB  py_workers=18x12448MB  loss=9.87(avg16=33.57)  mae=4.73  sys_used=13Gi/62Gi
2026-07-14 01:14:02  pid=2886499  rss=3809MB  jvm_heap=1706/3200MB  direct=661/661MB  py_workers=18x13274MB  loss=20.41(avg16=34.55)  mae=4.71  sys_used=14Gi/62Gi
2026-07-14 01:14:32  pid=2886499  rss=3832MB  jvm_heap=1264/3200MB  direct=665/665MB  py_workers=18x13739MB  loss=57.69(avg16=37.86)  mae=4.82  sys_used=15Gi/62Gi
2026-07-14 01:15:02  pid=2886499  rss=3831MB  jvm_heap=1663/3200MB  direct=665/665MB  py_workers=18x13806MB  loss=4.44(avg16=32.66)  mae=4.27  sys_used=15Gi/62Gi
2026-07-14 01:15:32  pid=2886499  rss=3823MB  jvm_heap=1558/3200MB  direct=667/667MB  py_workers=18x14193MB  loss=4.11(avg16=31.17)  mae=4.13  sys_used=15Gi/62Gi
2026-07-14 01:16:03  pid=2886499  rss=3853MB  jvm_heap=769/3200MB  direct=663/663MB  py_workers=18x14458MB  loss=3.68(avg16=28.86)  mae=3.96  sys_used=15Gi/62Gi
2026-07-14 01:16:33  pid=2886499  rss=3853MB  jvm_heap=845/3200MB  direct=665/665MB  py_workers=18x14161MB  loss=2.36(avg16=25.51)  mae=3.69  sys_used=15Gi/62Gi
2026-07-14 01:17:03  pid=2886499  rss=3854MB  jvm_heap=889/3200MB  direct=665/665MB  py_workers=18x14148MB  loss=42.48(avg16=25.19)  mae=3.78  sys_used=15Gi/62Gi
2026-07-14 01:17:33  pid=2886499  rss=3855MB  jvm_heap=1608/3200MB  direct=665/665MB  py_workers=18x14820MB  loss=6.97(avg16=25.63)  mae=3.85  sys_used=16Gi/62Gi
2026-07-14 01:18:03  pid=2886499  rss=3845MB  jvm_heap=954/3200MB  direct=665/665MB  py_workers=18x14523MB  loss=7.60(avg16=26.27)  mae=3.93  sys_used=16Gi/62Gi
2026-07-14 01:18:33  pid=2886499  rss=3859MB  jvm_heap=1025/3200MB  direct=663/663MB  py_workers=18x14534MB  loss=9.66(avg16=26.50)  mae=4.01  sys_used=16Gi/62Gi
2026-07-14 01:19:04  pid=2886499  rss=3830MB  jvm_heap=1090/3200MB  direct=665/665MB  py_workers=18x14710MB  loss=18.35(avg16=29.65)  mae=4.26  sys_used=16Gi/62Gi
2026-07-14 01:19:34  pid=2886499  rss=3844MB  jvm_heap=1199/3200MB  direct=661/661MB  py_workers=18x14875MB  loss=53.08(avg16=32.25)  mae=4.50  sys_used=16Gi/62Gi
2026-07-14 01:20:04  pid=2886499  rss=3846MB  jvm_heap=1635/3200MB  direct=663/663MB  py_workers=18x15188MB  loss=20.16(avg16=31.77)  mae=4.38  sys_used=16Gi/62Gi
2026-07-14 01:20:34  pid=2886499  rss=3830MB  jvm_heap=1635/3200MB  direct=663/663MB  py_workers=18x15136MB  loss=15.75(avg16=34.00)  mae=4.47  sys_used=16Gi/62Gi
2026-07-14 01:21:04  pid=2886499  rss=3829MB  jvm_heap=1330/3200MB  direct=663/663MB  py_workers=18x15531MB  loss=23.15(avg16=32.58)  mae=4.35  sys_used=16Gi/62Gi
2026-07-14 01:21:34  pid=2886499  rss=3843MB  jvm_heap=1476/3200MB  direct=663/663MB  py_workers=18x15621MB  loss=52.67(avg16=36.21)  mae=4.54  sys_used=17Gi/62Gi
2026-07-14 01:22:04  pid=2886499  rss=3844MB  jvm_heap=1482/3200MB  direct=663/663MB  py_workers=18x16087MB  loss=30.91(avg16=36.93)  mae=4.53  sys_used=17Gi/62Gi
2026-07-14 01:22:35  pid=2886499  rss=3858MB  jvm_heap=1213/3200MB  direct=663/663MB  py_workers=18x15830MB  loss=36.58(avg16=37.12)  mae=4.52  sys_used=17Gi/62Gi
2026-07-14 01:23:05  pid=2886499  rss=3844MB  jvm_heap=777/3200MB  direct=665/665MB  py_workers=18x15918MB  loss=18.64(avg16=38.60)  mae=4.55  sys_used=17Gi/62Gi
2026-07-14 01:23:35  pid=2886499  rss=3844MB  jvm_heap=857/3200MB  direct=663/663MB  py_workers=18x16039MB  loss=20.93(avg16=37.89)  mae=4.50  sys_used=17Gi/62Gi
2026-07-14 01:24:05  pid=2886499  rss=3858MB  jvm_heap=934/3200MB  direct=663/663MB  py_workers=18x16163MB  loss=40.80(avg16=40.02)  mae=4.68  sys_used=17Gi/62Gi
2026-07-14 01:24:35  pid=2886499  rss=3857MB  jvm_heap=1240/3200MB  direct=665/665MB  py_workers=18x16877MB  loss=38.52(avg16=39.51)  mae=4.69  sys_used=18Gi/62Gi
2026-07-14 01:25:05  pid=2886499  rss=3844MB  jvm_heap=764/3200MB  direct=665/665MB  py_workers=18x16457MB  loss=10.70(avg16=37.33)  mae=4.59  sys_used=17Gi/62Gi
2026-07-14 01:25:36  pid=2886499  rss=3830MB  jvm_heap=1154/3200MB  direct=663/663MB  py_workers=18x16444MB  loss=50.42(avg16=40.64)  mae=4.87  sys_used=17Gi/62Gi
2026-07-14 01:26:06  pid=2886499  rss=3853MB  jvm_heap=1214/3200MB  direct=659/659MB  py_workers=18x16580MB  loss=22.38(avg16=38.11)  mae=4.77  sys_used=18Gi/62Gi
2026-07-14 01:26:36  pid=2886499  rss=3859MB  jvm_heap=1373/3200MB  direct=661/661MB  py_workers=18x16875MB  loss=45.99(avg16=40.09)  mae=4.91  sys_used=18Gi/62Gi
2026-07-14 01:27:06  pid=2886499  rss=3850MB  jvm_heap=753/3200MB  direct=661/661MB  py_workers=18x16663MB  loss=39.50(avg16=40.01)  mae=4.69  sys_used=18Gi/62Gi
2026-07-14 01:27:36  pid=2886499  rss=3851MB  jvm_heap=1199/3200MB  direct=661/661MB  py_workers=18x16593MB  loss=37.84(avg16=42.25)  mae=4.75  sys_used=18Gi/62Gi
2026-07-14 01:28:06  pid=2886499  rss=3865MB  jvm_heap=872/3200MB  direct=661/661MB  py_workers=18x16621MB  loss=53.70(avg16=45.81)  mae=4.87  sys_used=18Gi/62Gi
2026-07-14 01:28:37  pid=2886499  rss=3879MB  jvm_heap=1006/3200MB  direct=663/663MB  py_workers=18x16929MB  loss=51.84(avg16=49.39)  mae=5.04  sys_used=18Gi/62Gi
2026-07-14 01:29:07  pid=2886499  rss=3864MB  jvm_heap=1604/3200MB  direct=663/663MB  py_workers=18x17156MB  loss=35.27(avg16=53.26)  mae=5.38  sys_used=18Gi/62Gi
2026-07-14 01:29:37  pid=2886499  rss=3894MB  jvm_heap=1299/3200MB  direct=663/663MB  py_workers=18x17273MB  loss=58.51(avg16=53.93)  mae=5.34  sys_used=18Gi/62Gi
2026-07-14 01:30:07  pid=2886499  rss=3880MB  jvm_heap=1233/3200MB  direct=665/665MB  py_workers=18x17095MB  loss=57.13(avg16=52.61)  mae=5.29  sys_used=18Gi/62Gi
2026-07-14 01:30:37  pid=2886499  rss=3894MB  jvm_heap=1527/3200MB  direct=663/663MB  py_workers=18x16926MB  loss=62.22(avg16=52.25)  mae=5.31  sys_used=18Gi/62Gi
2026-07-14 01:31:07  pid=2886499  rss=3866MB  jvm_heap=897/3200MB  direct=665/665MB  py_workers=18x16857MB  loss=54.04(avg16=54.06)  mae=5.38  sys_used=18Gi/62Gi
2026-07-14 01:31:38  pid=2886499  rss=3887MB  jvm_heap=1026/3200MB  direct=661/661MB  py_workers=18x17637MB  loss=72.78(avg16=61.35)  mae=5.86  sys_used=19Gi/62Gi
2026-07-14 01:32:08  pid=2886499  rss=3888MB  jvm_heap=1374/3200MB  direct=667/667MB  py_workers=18x17363MB  loss=46.65(avg16=63.04)  mae=6.06  sys_used=18Gi/62Gi
2026-07-14 01:32:38  pid=2886499  rss=3889MB  jvm_heap=1310/3200MB  direct=667/667MB  py_workers=18x17248MB  loss=50.34(avg16=62.82)  mae=6.19  sys_used=18Gi/62Gi
2026-07-14 01:33:08  pid=2886499  rss=3876MB  jvm_heap=1490/3200MB  direct=665/665MB  py_workers=18x17311MB  loss=84.40(avg16=62.00)  mae=6.21  sys_used=18Gi/62Gi
2026-07-14 01:33:38  pid=2886499  rss=3876MB  jvm_heap=897/3200MB  direct=663/663MB  py_workers=18x17588MB  loss=59.06(avg16=63.18)  mae=6.26  sys_used=19Gi/62Gi
2026-07-14 01:34:08  pid=2886499  rss=3862MB  jvm_heap=1005/3200MB  direct=663/663MB  py_workers=18x17926MB  loss=49.06(avg16=62.62)  mae=6.16  sys_used=19Gi/62Gi
2026-07-14 01:34:38  pid=2886499  rss=3879MB  jvm_heap=1554/3200MB  direct=661/661MB  py_workers=18x17843MB  loss=83.29(avg16=66.12)  mae=6.26  sys_used=19Gi/62Gi
2026-07-14 01:35:09  pid=2886499  rss=3869MB  jvm_heap=1306/3200MB  direct=663/663MB  py_workers=18x17265MB  loss=67.77(avg16=69.20)  mae=6.43  sys_used=18Gi/62Gi
2026-07-14 01:35:39  pid=2886499  rss=3855MB  jvm_heap=922/3200MB  direct=661/661MB  py_workers=18x17385MB  loss=92.38(avg16=69.30)  mae=6.44  sys_used=18Gi/62Gi
2026-07-14 01:36:09  pid=2886499  rss=3869MB  jvm_heap=1078/3200MB  direct=659/659MB  py_workers=18x17599MB  loss=94.60(avg16=72.15)  mae=6.60  sys_used=19Gi/62Gi
2026-07-14 01:36:39  pid=2886499  rss=3869MB  jvm_heap=1294/3200MB  direct=661/661MB  py_workers=18x17895MB  loss=65.64(avg16=76.19)  mae=6.87  sys_used=19Gi/62Gi
2026-07-14 01:37:09  pid=2886499  rss=3871MB  jvm_heap=1217/3200MB  direct=661/661MB  py_workers=18x17314MB  loss=84.64(avg16=80.01)  mae=7.17  sys_used=18Gi/62Gi
2026-07-14 01:37:39  pid=2886499  rss=3871MB  jvm_heap=987/3200MB  direct=663/663MB  py_workers=18x16981MB  loss=80.77(avg16=83.38)  mae=7.47  sys_used=18Gi/62Gi
2026-07-14 01:38:10  pid=2886499  rss=3875MB  jvm_heap=1177/3200MB  direct=663/663MB  py_workers=18x17067MB  loss=112.26(avg16=86.63)  mae=7.75  sys_used=18Gi/62Gi
2026-07-14 01:38:40  pid=2886499  rss=3889MB  jvm_heap=1426/3200MB  direct=663/663MB  py_workers=18x17136MB  loss=77.94(avg16=86.64)  mae=7.89  sys_used=18Gi/62Gi
2026-07-14 01:39:10  pid=2886499  rss=3883MB  jvm_heap=1612/3200MB  direct=665/665MB  py_workers=18x17367MB  loss=90.33(avg16=85.28)  mae=8.02  sys_used=18Gi/62Gi
2026-07-14 01:39:40  pid=2886499  rss=3897MB  jvm_heap=1444/3200MB  direct=669/669MB  py_workers=18x17292MB  loss=83.75(avg16=87.12)  mae=8.13  sys_used=18Gi/62Gi
2026-07-14 01:40:10  pid=2886499  rss=3897MB  jvm_heap=1407/3200MB  direct=671/671MB  py_workers=18x17143MB  loss=72.45(avg16=85.98)  mae=8.03  sys_used=18Gi/62Gi
2026-07-14 01:40:40  pid=2886499  rss=3897MB  jvm_heap=1001/3200MB  direct=671/671MB  py_workers=18x16996MB  loss=76.96(avg16=89.07)  mae=8.16  sys_used=18Gi/62Gi
2026-07-14 01:41:11  pid=2886499  rss=3883MB  jvm_heap=1177/3200MB  direct=671/671MB  py_workers=18x16845MB  loss=122.64(avg16=95.43)  mae=8.50  sys_used=18Gi/62Gi
2026-07-14 01:41:41  pid=2886499  rss=3897MB  jvm_heap=1489/3200MB  direct=669/669MB  py_workers=18x17156MB  loss=87.51(avg16=96.11)  mae=8.56  sys_used=18Gi/62Gi
2026-07-14 01:42:11  pid=2886499  rss=3889MB  jvm_heap=1582/3200MB  direct=671/671MB  py_workers=18x17400MB  loss=113.37(avg16=97.83)  mae=8.74  sys_used=18Gi/62Gi
2026-07-14 01:42:41  pid=2886499  rss=3885MB  jvm_heap=1510/3200MB  direct=669/669MB  py_workers=18x17221MB  loss=125.30(avg16=97.00)  mae=8.73  sys_used=18Gi/62Gi
2026-07-14 01:43:11  pid=2886499  rss=3899MB  jvm_heap=1049/3200MB  direct=669/669MB  py_workers=18x17556MB  loss=124.69(avg16=99.16)  mae=8.89  sys_used=19Gi/62Gi
2026-07-14 01:43:41  pid=2886499  rss=3900MB  jvm_heap=1411/3200MB  direct=671/671MB  py_workers=18x17086MB  loss=115.96(avg16=98.38)  mae=8.86  sys_used=18Gi/62Gi
2026-07-14 01:44:12  pid=2886499  rss=3899MB  jvm_heap=1007/3200MB  direct=671/671MB  py_workers=18x17661MB  loss=95.45(avg16=96.53)  mae=8.85  sys_used=19Gi/62Gi
2026-07-14 01:44:42  pid=2886499  rss=3881MB  jvm_heap=1123/3200MB  direct=671/671MB  py_workers=18x17541MB  loss=88.14(avg16=99.69)  mae=9.08  sys_used=18Gi/62Gi
2026-07-14 01:45:12  pid=2886499  rss=3894MB  jvm_heap=1021/3200MB  direct=665/665MB  py_workers=18x17409MB  loss=103.03(avg16=99.13)  mae=9.12  sys_used=18Gi/62Gi
2026-07-14 01:45:42  pid=2886499  rss=3882MB  jvm_heap=1512/3200MB  direct=665/665MB  py_workers=18x17666MB  loss=102.07(avg16=100.04)  mae=9.21  sys_used=19Gi/62Gi
2026-07-14 01:46:12  pid=2886499  rss=3914MB  jvm_heap=1124/3200MB  direct=665/665MB  py_workers=18x17771MB  loss=101.01(avg16=99.47)  mae=9.12  sys_used=19Gi/62Gi
2026-07-14 01:46:42  pid=2886499  rss=3900MB  jvm_heap=1254/3200MB  direct=669/669MB  py_workers=18x17277MB  loss=116.21(avg16=99.94)  mae=9.14  sys_used=18Gi/62Gi
2026-07-14 01:47:12  pid=2886499  rss=3887MB  jvm_heap=1200/3200MB  direct=667/667MB  py_workers=18x17472MB  loss=88.54(avg16=97.96)  mae=9.01  sys_used=18Gi/62Gi
2026-07-14 01:47:43  pid=2886499  rss=3887MB  jvm_heap=1190/3200MB  direct=665/665MB  py_workers=18x17772MB  loss=97.35(avg16=96.90)  mae=8.94  sys_used=19Gi/62Gi
2026-07-14 01:48:13  pid=2886499  rss=3901MB  jvm_heap=1190/3200MB  direct=665/665MB  py_workers=18x17615MB  loss=96.85(avg16=99.90)  mae=9.16  sys_used=19Gi/62Gi
2026-07-14 01:48:43  pid=2886499  rss=3918MB  jvm_heap=1100/3200MB  direct=671/671MB  py_workers=18x18251MB  loss=128.51(avg16=103.60)  mae=9.41  sys_used=19Gi/62Gi
2026-07-14 01:49:13  pid=2886499  rss=3919MB  jvm_heap=998/3200MB  direct=669/669MB  py_workers=18x18265MB  loss=112.47(avg16=106.18)  mae=9.64  sys_used=19Gi/62Gi
2026-07-14 01:49:43  pid=2886499  rss=3903MB  jvm_heap=1110/3200MB  direct=671/671MB  py_workers=18x18107MB  loss=103.08(avg16=111.22)  mae=10.01  sys_used=19Gi/62Gi
2026-07-14 01:50:13  pid=2886499  rss=3903MB  jvm_heap=1221/3200MB  direct=669/669MB  py_workers=18x18084MB  loss=103.65(avg16=110.39)  mae=9.96  sys_used=19Gi/62Gi
2026-07-14 01:50:44  pid=2886499  rss=3903MB  jvm_heap=1473/3200MB  direct=669/669MB  py_workers=18x18134MB  loss=100.19(avg16=111.46)  mae=10.01  sys_used=19Gi/62Gi
2026-07-14 01:51:14  pid=2886499  rss=3917MB  jvm_heap=1479/3200MB  direct=669/669MB  py_workers=18x18511MB  loss=120.55(avg16=113.49)  mae=10.09  sys_used=20Gi/62Gi
2026-07-14 01:51:44  pid=2886499  rss=3952MB  jvm_heap=1345/3200MB  direct=669/669MB  py_workers=18x18502MB  loss=98.23(avg16=107.22)  mae=9.71  sys_used=20Gi/62Gi
2026-07-14 01:52:14  pid=2886499  rss=3964MB  jvm_heap=1066/3200MB  direct=667/667MB  py_workers=18x17981MB  loss=81.76(avg16=106.20)  mae=9.63  sys_used=19Gi/62Gi
2026-07-14 01:52:44  pid=2886499  rss=3976MB  jvm_heap=1068/3200MB  direct=671/671MB  py_workers=18x18032MB  loss=88.21(avg16=106.02)  mae=9.64  sys_used=19Gi/62Gi
2026-07-14 01:53:14  pid=2886499  rss=3976MB  jvm_heap=995/3200MB  direct=673/673MB  py_workers=18x18140MB  loss=93.77(avg16=105.16)  mae=9.62  sys_used=19Gi/62Gi
2026-07-14 01:53:44  pid=2886499  rss=3962MB  jvm_heap=1397/3200MB  direct=673/673MB  py_workers=18x18686MB  loss=135.58(avg16=106.65)  mae=9.68  sys_used=20Gi/62Gi
2026-07-14 01:54:15  pid=2886499  rss=3964MB  jvm_heap=1397/3200MB  direct=671/671MB  py_workers=18x18298MB  loss=86.27(avg16=107.25)  mae=9.77  sys_used=19Gi/62Gi
2026-07-14 01:54:45  pid=2886499  rss=3990MB  jvm_heap=1021/3200MB  direct=671/671MB  py_workers=18x18396MB  loss=104.11(avg16=108.26)  mae=9.82  sys_used=19Gi/62Gi
2026-07-14 01:55:15  pid=2886499  rss=3990MB  jvm_heap=1138/3200MB  direct=673/673MB  py_workers=18x18648MB  loss=119.31(avg16=109.50)  mae=9.90  sys_used=20Gi/62Gi
2026-07-14 01:55:45  pid=2886499  rss=3976MB  jvm_heap=1548/3200MB  direct=673/673MB  py_workers=18x18476MB  loss=100.85(avg16=111.84)  mae=10.03  sys_used=20Gi/62Gi
2026-07-14 01:56:15  pid=2886499  rss=3966MB  jvm_heap=1080/3200MB  direct=671/671MB  py_workers=18x18541MB  loss=118.93(avg16=112.50)  mae=10.10  sys_used=20Gi/62Gi
2026-07-14 01:56:45  pid=2886499  rss=3954MB  jvm_heap=1217/3200MB  direct=667/667MB  py_workers=18x18150MB  loss=95.70(avg16=114.63)  mae=10.22  sys_used=19Gi/62Gi
2026-07-14 01:57:16  pid=2886499  rss=3954MB  jvm_heap=1160/3200MB  direct=665/665MB  py_workers=18x18234MB  loss=77.37(avg16=116.43)  mae=10.27  sys_used=19Gi/62Gi
2026-07-14 01:57:46  pid=2886499  rss=3968MB  jvm_heap=1283/3200MB  direct=665/665MB  py_workers=18x18428MB  loss=76.92(avg16=114.13)  mae=10.12  sys_used=19Gi/62Gi
2026-07-14 01:58:16  pid=2886499  rss=3968MB  jvm_heap=1616/3200MB  direct=667/667MB  py_workers=18x18688MB  loss=111.32(avg16=118.43)  mae=10.29  sys_used=20Gi/62Gi
2026-07-14 01:58:46  pid=2886499  rss=3967MB  jvm_heap=1354/3200MB  direct=667/667MB  py_workers=18x19008MB  loss=104.36(avg16=117.08)  mae=10.14  sys_used=20Gi/62Gi
2026-07-14 01:59:16  pid=2886499  rss=3977MB  jvm_heap=1130/3200MB  direct=667/667MB  py_workers=18x18401MB  loss=81.82(avg16=114.75)  mae=10.01  sys_used=20Gi/62Gi
2026-07-14 01:59:46  pid=2886499  rss=3972MB  jvm_heap=1428/3200MB  direct=669/669MB  py_workers=18x18455MB  loss=88.60(avg16=113.41)  mae=9.94  sys_used=19Gi/62Gi
2026-07-14 02:00:17  pid=2886499  rss=3965MB  jvm_heap=1151/3200MB  direct=665/665MB  py_workers=18x18831MB  loss=81.88(avg16=110.67)  mae=9.83  sys_used=20Gi/62Gi
2026-07-14 02:00:47  pid=2886499  rss=3965MB  jvm_heap=1187/3200MB  direct=665/665MB  py_workers=18x19220MB  loss=84.20(avg16=109.35)  mae=9.80  sys_used=20Gi/62Gi
2026-07-14 02:01:17  pid=2886499  rss=3965MB  jvm_heap=1097/3200MB  direct=665/665MB  py_workers=18x19281MB  loss=101.51(avg16=110.96)  mae=9.91  sys_used=20Gi/62Gi
2026-07-14 02:01:47  pid=2886499  rss=3991MB  jvm_heap=1340/3200MB  direct=665/665MB  py_workers=18x19132MB  loss=89.88(avg16=108.71)  mae=9.78  sys_used=20Gi/62Gi
2026-07-14 02:02:17  pid=2886499  rss=3977MB  jvm_heap=1154/3200MB  direct=669/669MB  py_workers=18x18668MB  loss=89.84(avg16=109.19)  mae=9.80  sys_used=20Gi/62Gi
2026-07-14 02:02:47  pid=2886499  rss=3992MB  jvm_heap=1342/3200MB  direct=667/667MB  py_workers=18x18819MB  loss=120.64(avg16=111.36)  mae=9.90  sys_used=20Gi/62Gi
2026-07-14 02:03:17  pid=2886499  rss=3980MB  jvm_heap=1405/3200MB  direct=669/669MB  py_workers=18x18839MB  loss=163.87(avg16=115.69)  mae=10.12  sys_used=20Gi/62Gi
2026-07-14 02:03:48  pid=2886499  rss=3966MB  jvm_heap=1157/3200MB  direct=667/667MB  py_workers=18x19132MB  loss=96.11(avg16=113.12)  mae=9.98  sys_used=20Gi/62Gi
2026-07-14 02:04:18  pid=2886499  rss=3992MB  jvm_heap=1248/3200MB  direct=665/665MB  py_workers=18x18948MB  loss=112.35(avg16=112.58)  mae=9.86  sys_used=20Gi/62Gi
2026-07-14 02:04:48  pid=2886499  rss=3986MB  jvm_heap=1316/3200MB  direct=667/667MB  py_workers=18x18691MB  loss=71.66(avg16=112.87)  mae=9.84  sys_used=20Gi/62Gi
2026-07-14 02:05:18  pid=2886499  rss=3986MB  jvm_heap=1164/3200MB  direct=667/667MB  py_workers=18x18717MB  loss=88.77(avg16=111.34)  mae=9.72  sys_used=20Gi/62Gi
2026-07-14 02:05:48  pid=2886499  rss=4008MB  jvm_heap=1396/3200MB  direct=667/667MB  py_workers=18x18864MB  loss=148.31(avg16=112.35)  mae=9.70  sys_used=20Gi/62Gi
2026-07-14 02:06:18  pid=2886499  rss=3996MB  jvm_heap=1463/3200MB  direct=669/669MB  py_workers=18x19290MB  loss=123.93(avg16=111.26)  mae=9.64  sys_used=20Gi/62Gi
2026-07-14 02:06:48  pid=2886499  rss=3997MB  jvm_heap=1295/3200MB  direct=667/667MB  py_workers=18x18650MB  loss=54.08(avg16=106.90)  mae=9.39  sys_used=20Gi/62Gi
2026-07-14 02:07:19  pid=2886499  rss=3996MB  jvm_heap=1247/3200MB  direct=667/667MB  py_workers=18x18591MB  loss=74.55(avg16=107.24)  mae=9.42  sys_used=20Gi/62Gi
2026-07-14 02:07:49  pid=2886499  rss=3981MB  jvm_heap=1402/3200MB  direct=667/667MB  py_workers=18x18834MB  loss=63.01(avg16=106.23)  mae=9.35  sys_used=20Gi/62Gi
2026-07-14 02:08:19  pid=2886499  rss=4003MB  jvm_heap=1244/3200MB  direct=665/665MB  py_workers=18x19082MB  loss=133.62(avg16=109.66)  mae=9.55  sys_used=20Gi/62Gi
2026-07-14 02:08:49  pid=2886499  rss=4016MB  jvm_heap=1335/3200MB  direct=667/667MB  py_workers=18x19595MB  loss=107.07(avg16=103.77)  mae=9.29  sys_used=21Gi/62Gi
2026-07-14 02:09:19  pid=2886499  rss=3993MB  jvm_heap=1371/3200MB  direct=669/669MB  py_workers=18x19459MB  loss=84.37(avg16=103.26)  mae=9.26  sys_used=21Gi/62Gi
2026-07-14 02:09:49  pid=2886499  rss=3975MB  jvm_heap=1424/3200MB  direct=665/665MB  py_workers=18x19367MB  loss=68.76(avg16=102.92)  mae=9.24  sys_used=20Gi/62Gi
2026-07-14 02:10:20  pid=2886499  rss=3975MB  jvm_heap=1512/3200MB  direct=663/663MB  py_workers=18x19483MB  loss=77.60(avg16=106.99)  mae=9.46  sys_used=20Gi/62Gi
2026-07-14 02:10:50  pid=2886499  rss=4003MB  jvm_heap=1530/3200MB  direct=663/663MB  py_workers=18x19640MB  loss=147.03(avg16=107.77)  mae=9.50  sys_used=21Gi/62Gi
2026-07-14 02:11:20  pid=2886499  rss=4031MB  jvm_heap=1439/3200MB  direct=667/667MB  py_workers=18x19409MB  loss=71.65(avg16=105.49)  mae=9.39  sys_used=20Gi/62Gi
2026-07-14 02:11:50  pid=2886499  rss=4601MB  jvm_heap=1340/3200MB  direct=665/665MB  py_workers=18x19425MB  loss=67.42(avg16=104.15)  mae=9.32  sys_used=21Gi/62Gi
2026-07-14 02:12:20  pid=2886499  rss=4608MB  jvm_heap=2938/3200MB  direct=665/665MB  py_workers=18x19392MB  loss=61.99(avg16=101.25)  mae=9.18  sys_used=21Gi/62Gi
2026-07-14 02:12:50  pid=2886499  rss=4610MB  jvm_heap=1496/3200MB  direct=665/665MB  py_workers=18x19342MB  loss=70.68(avg16=103.93)  mae=9.31  sys_used=21Gi/62Gi
2026-07-14 02:13:20  pid=2886499  rss=4610MB  jvm_heap=1300/3200MB  direct=665/665MB  py_workers=18x20208MB  loss=138.51(avg16=103.99)  mae=9.36  sys_used=22Gi/62Gi
2026-07-14 02:13:51  pid=2886499  rss=4610MB  jvm_heap=1041/3200MB  direct=665/665MB  py_workers=18x19998MB  loss=66.62(avg16=97.23)  mae=9.00  sys_used=22Gi/62Gi
2026-07-14 02:14:21  pid=2886499  rss=4597MB  jvm_heap=1233/3200MB  direct=665/665MB  py_workers=18x19571MB  loss=70.55(avg16=95.91)  mae=8.97  sys_used=21Gi/62Gi
2026-07-14 02:14:51  pid=2886499  rss=4610MB  jvm_heap=1517/3200MB  direct=663/663MB  py_workers=18x19631MB  loss=81.39(avg16=96.79)  mae=9.04  sys_used=21Gi/62Gi
2026-07-14 02:15:21  pid=2886499  rss=4611MB  jvm_heap=1168/3200MB  direct=665/665MB  py_workers=18x19834MB  loss=73.42(avg16=97.14)  mae=9.09  sys_used=21Gi/62Gi
2026-07-14 02:15:51  pid=2886499  rss=4611MB  jvm_heap=1465/3200MB  direct=665/665MB  py_workers=18x19396MB  loss=91.54(avg16=96.60)  mae=9.08  sys_used=21Gi/62Gi
2026-07-14 02:16:21  pid=2886499  rss=4612MB  jvm_heap=1404/3200MB  direct=665/665MB  py_workers=18x19232MB  loss=69.31(avg16=96.70)  mae=9.04  sys_used=21Gi/62Gi
2026-07-14 02:16:52  pid=2886499  rss=4613MB  jvm_heap=1482/3200MB  direct=665/665MB  py_workers=18x19298MB  loss=69.28(avg16=97.02)  mae=9.05  sys_used=21Gi/62Gi
2026-07-14 02:17:22  pid=2886499  rss=4613MB  jvm_heap=1309/3200MB  direct=665/665MB  py_workers=18x19213MB  loss=71.54(avg16=96.20)  mae=8.99  sys_used=21Gi/62Gi
2026-07-14 02:17:52  pid=2886499  rss=4613MB  jvm_heap=1093/3200MB  direct=665/665MB  py_workers=18x19243MB  loss=69.37(avg16=96.71)  mae=9.03  sys_used=21Gi/62Gi
2026-07-14 02:18:22  pid=2886499  rss=4623MB  jvm_heap=1435/3200MB  direct=665/665MB  py_workers=18x19613MB  loss=129.51(avg16=98.27)  mae=9.06  sys_used=21Gi/62Gi
2026-07-14 02:18:52  pid=2886499  rss=4612MB  jvm_heap=1469/3200MB  direct=667/667MB  py_workers=18x19722MB  loss=63.29(avg16=93.07)  mae=8.73  sys_used=21Gi/62Gi
2026-07-14 02:19:22  pid=2886499  rss=4626MB  jvm_heap=1306/3200MB  direct=665/665MB  py_workers=18x19579MB  loss=66.35(avg16=92.78)  mae=8.69  sys_used=21Gi/62Gi
2026-07-14 02:19:53  pid=2886499  rss=4630MB  jvm_heap=1144/3200MB  direct=667/667MB  py_workers=18x19379MB  loss=74.67(avg16=93.81)  mae=8.73  sys_used=21Gi/62Gi
2026-07-14 02:20:23  pid=2886499  rss=4630MB  jvm_heap=1061/3200MB  direct=667/667MB  py_workers=18x19495MB  loss=70.57(avg16=94.53)  mae=8.77  sys_used=21Gi/62Gi
2026-07-14 02:20:53  pid=2886499  rss=4616MB  jvm_heap=1499/3200MB  direct=667/667MB  py_workers=18x19727MB  loss=90.58(avg16=92.44)  mae=8.76  sys_used=21Gi/62Gi
2026-07-14 02:21:23  pid=2886499  rss=4630MB  jvm_heap=1091/3200MB  direct=665/665MB  py_workers=18x19369MB  loss=73.65(avg16=90.05)  mae=8.65  sys_used=21Gi/62Gi
2026-07-14 02:21:53  pid=2886499  rss=4644MB  jvm_heap=1495/3200MB  direct=667/667MB  py_workers=18x19067MB  loss=80.60(avg16=88.81)  mae=8.64  sys_used=21Gi/62Gi
2026-07-14 02:22:23  pid=2886499  rss=4630MB  jvm_heap=1162/3200MB  direct=669/669MB  py_workers=18x19197MB  loss=61.89(avg16=87.69)  mae=8.56  sys_used=21Gi/62Gi
2026-07-14 02:22:54  pid=2886499  rss=4616MB  jvm_heap=1134/3200MB  direct=667/667MB  py_workers=18x19347MB  loss=91.43(avg16=89.91)  mae=8.68  sys_used=21Gi/62Gi
2026-07-14 02:23:24  pid=2886499  rss=4630MB  jvm_heap=1226/3200MB  direct=665/665MB  py_workers=18x19486MB  loss=81.11(avg16=89.27)  mae=8.65  sys_used=21Gi/62Gi
2026-07-14 02:23:54  pid=2886499  rss=4630MB  jvm_heap=1297/3200MB  direct=667/667MB  py_workers=18x19683MB  loss=76.33(avg16=86.65)  mae=8.38  sys_used=21Gi/62Gi
2026-07-14 02:24:24  pid=2886499  rss=4630MB  jvm_heap=1253/3200MB  direct=667/667MB  py_workers=18x19544MB  loss=52.68(avg16=83.91)  mae=8.21  sys_used=21Gi/62Gi
2026-07-14 02:24:54  pid=2886499  rss=4617MB  jvm_heap=1277/3200MB  direct=667/667MB  py_workers=18x19197MB  loss=59.80(avg16=84.80)  mae=8.29  sys_used=21Gi/62Gi
2026-07-14 02:25:24  pid=2886499  rss=4608MB  jvm_heap=1176/3200MB  direct=665/665MB  py_workers=18x19299MB  loss=110.66(avg16=85.41)  mae=8.25  sys_used=21Gi/62Gi
2026-07-14 02:25:54  pid=2886499  rss=4609MB  jvm_heap=1456/3200MB  direct=663/663MB  py_workers=18x19459MB  loss=72.34(avg16=81.57)  mae=8.03  sys_used=21Gi/62Gi
2026-07-14 02:26:25  pid=2886499  rss=4634MB  jvm_heap=1284/3200MB  direct=663/663MB  py_workers=18x19468MB  loss=65.80(avg16=81.47)  mae=7.99  sys_used=21Gi/62Gi
2026-07-14 02:26:55  pid=2886499  rss=4634MB  jvm_heap=1241/3200MB  direct=667/667MB  py_workers=18x19408MB  loss=76.72(avg16=79.33)  mae=7.83  sys_used=21Gi/62Gi
2026-07-14 02:27:25  pid=2886499  rss=4608MB  jvm_heap=1375/3200MB  direct=667/667MB  py_workers=18x19524MB  loss=43.76(avg16=78.64)  mae=7.78  sys_used=21Gi/62Gi
2026-07-14 02:27:55  pid=2886499  rss=4622MB  jvm_heap=1179/3200MB  direct=663/663MB  py_workers=18x19800MB  loss=78.04(avg16=77.90)  mae=7.74  sys_used=21Gi/62Gi
2026-07-14 02:28:25  pid=2886499  rss=4622MB  jvm_heap=1326/3200MB  direct=665/665MB  py_workers=18x19835MB  loss=64.81(avg16=72.84)  mae=7.50  sys_used=21Gi/62Gi
2026-07-14 02:28:55  pid=2886499  rss=4607MB  jvm_heap=1492/3200MB  direct=665/665MB  py_workers=18x19222MB  loss=59.18(avg16=72.32)  mae=7.44  sys_used=21Gi/62Gi
2026-07-14 02:29:25  pid=2886499  rss=4620MB  jvm_heap=1367/3200MB  direct=661/661MB  py_workers=18x19216MB  loss=55.55(avg16=70.37)  mae=7.35  sys_used=21Gi/62Gi
2026-07-14 02:29:56  pid=2886499  rss=4620MB  jvm_heap=1381/3200MB  direct=663/663MB  py_workers=18x19139MB  loss=58.67(avg16=72.57)  mae=7.51  sys_used=21Gi/62Gi
2026-07-14 02:30:26  pid=2886499  rss=4620MB  jvm_heap=1313/3200MB  direct=663/663MB  py_workers=18x19458MB  loss=73.10(avg16=73.70)  mae=7.60  sys_used=21Gi/62Gi
2026-07-14 02:30:56  pid=2886499  rss=4634MB  jvm_heap=1470/3200MB  direct=663/663MB  py_workers=18x19969MB  loss=48.35(avg16=71.45)  mae=7.50  sys_used=22Gi/62Gi
2026-07-14 02:31:26  pid=2886499  rss=4617MB  jvm_heap=1312/3200MB  direct=665/665MB  py_workers=18x19754MB  loss=53.91(avg16=70.30)  mae=7.43  sys_used=21Gi/62Gi
2026-07-14 02:31:56  pid=2886499  rss=4631MB  jvm_heap=1433/3200MB  direct=663/663MB  py_workers=18x19582MB  loss=46.79(avg16=66.36)  mae=7.10  sys_used=21Gi/62Gi
2026-07-14 02:32:26  pid=2886499  rss=4617MB  jvm_heap=1400/3200MB  direct=665/665MB  py_workers=18x19867MB  loss=39.07(avg16=63.00)  mae=6.79  sys_used=22Gi/62Gi
2026-07-14 02:32:57  pid=2886499  rss=4645MB  jvm_heap=1496/3200MB  direct=663/663MB  py_workers=18x20161MB  loss=64.93(avg16=64.66)  mae=6.78  sys_used=22Gi/62Gi
2026-07-14 02:33:27  pid=2886499  rss=4646MB  jvm_heap=1463/3200MB  direct=667/667MB  py_workers=18x20044MB  loss=58.67(avg16=63.92)  mae=6.73  sys_used=22Gi/62Gi
2026-07-14 02:33:57  pid=2886499  rss=4681MB  jvm_heap=1355/3200MB  direct=667/667MB  py_workers=18x19951MB  loss=44.47(avg16=64.82)  mae=6.83  sys_used=22Gi/62Gi
2026-07-14 02:34:27  pid=2886499  rss=4667MB  jvm_heap=784/3200MB  direct=667/667MB  py_workers=18x19703MB  loss=48.09(avg16=65.04)  mae=6.92  sys_used=21Gi/62Gi
2026-07-14 02:34:57  pid=2886499  rss=4667MB  jvm_heap=765/3200MB  direct=665/665MB  py_workers=18x19666MB  loss=48.42(avg16=63.21)  mae=6.85  sys_used=21Gi/62Gi
2026-07-14 02:35:27  pid=2886499  rss=4667MB  jvm_heap=976/3200MB  direct=665/665MB  py_workers=18x20102MB  loss=65.30(avg16=62.84)  mae=6.91  sys_used=22Gi/62Gi
2026-07-14 02:35:57  pid=2886499  rss=4681MB  jvm_heap=1542/3200MB  direct=665/665MB  py_workers=18x20063MB  loss=43.22(avg16=58.13)  mae=6.58  sys_used=22Gi/62Gi
2026-07-14 02:36:28  pid=2886499  rss=4657MB  jvm_heap=1252/3200MB  direct=667/667MB  py_workers=18x19932MB  loss=48.04(avg16=58.16)  mae=6.55  sys_used=22Gi/62Gi
2026-07-14 02:36:58  pid=2886499  rss=4661MB  jvm_heap=1485/3200MB  direct=665/665MB  py_workers=18x19682MB  loss=42.04(avg16=58.54)  mae=6.61  sys_used=21Gi/62Gi
2026-07-14 02:37:28  pid=2886499  rss=4661MB  jvm_heap=1335/3200MB  direct=665/665MB  py_workers=18x19980MB  loss=37.21(avg16=57.29)  mae=6.54  sys_used=22Gi/62Gi
2026-07-14 02:37:58  pid=2886499  rss=4675MB  jvm_heap=953/3200MB  direct=665/665MB  py_workers=18x20306MB  loss=67.71(avg16=56.87)  mae=6.53  sys_used=22Gi/62Gi
2026-07-14 02:38:28  pid=2886499  rss=4665MB  jvm_heap=1263/3200MB  direct=665/665MB  py_workers=18x20122MB  loss=21.72(avg16=53.32)  mae=6.23  sys_used=22Gi/62Gi
2026-07-14 02:38:58  pid=2886499  rss=4665MB  jvm_heap=1402/3200MB  direct=665/665MB  py_workers=18x20214MB  loss=32.58(avg16=51.45)  mae=6.06  sys_used=22Gi/62Gi
2026-07-14 02:39:29  pid=2886499  rss=4651MB  jvm_heap=1486/3200MB  direct=665/665MB  py_workers=18x19871MB  loss=18.92(avg16=50.75)  mae=5.96  sys_used=22Gi/62Gi
2026-07-14 02:39:59  pid=2886499  rss=4667MB  jvm_heap=1158/3200MB  direct=663/663MB  py_workers=18x19813MB  loss=28.21(avg16=50.26)  mae=5.88  sys_used=22Gi/62Gi
2026-07-14 02:40:29  pid=2886499  rss=4669MB  jvm_heap=1097/3200MB  direct=665/665MB  py_workers=18x20194MB  loss=68.93(avg16=50.34)  mae=5.89  sys_used=22Gi/62Gi
2026-07-14 02:40:59  pid=2886499  rss=4653MB  jvm_heap=1423/3200MB  direct=665/665MB  py_workers=18x20198MB  loss=28.09(avg16=48.23)  mae=5.80  sys_used=22Gi/62Gi
2026-07-14 02:41:29  pid=2886499  rss=4669MB  jvm_heap=1429/3200MB  direct=663/663MB  py_workers=18x19976MB  loss=22.20(avg16=46.07)  mae=5.64  sys_used=22Gi/62Gi
2026-07-14 02:41:59  pid=2886499  rss=4665MB  jvm_heap=1278/3200MB  direct=667/667MB  py_workers=18x20356MB  loss=21.54(avg16=44.30)  mae=5.52  sys_used=22Gi/62Gi
2026-07-14 02:42:30  pid=2886499  rss=4658MB  jvm_heap=1522/3200MB  direct=667/667MB  py_workers=18x20136MB  loss=25.37(avg16=45.05)  mae=5.60  sys_used=22Gi/62Gi
2026-07-14 02:43:00  pid=2886499  rss=4675MB  jvm_heap=1442/3200MB  direct=665/665MB  py_workers=18x20654MB  loss=66.59(avg16=47.58)  mae=5.83  sys_used=22Gi/62Gi
2026-07-14 02:43:30  pid=2886499  rss=4675MB  jvm_heap=1183/3200MB  direct=667/667MB  py_workers=18x20389MB  loss=29.17(avg16=45.45)  mae=5.68  sys_used=22Gi/62Gi
2026-07-14 02:44:00  pid=2886499  rss=4675MB  jvm_heap=1403/3200MB  direct=667/667MB  py_workers=18x19852MB  loss=24.95(avg16=46.46)  mae=5.73  sys_used=22Gi/62Gi
2026-07-14 02:44:30  pid=2886499  rss=4675MB  jvm_heap=1257/3200MB  direct=665/665MB  py_workers=18x19863MB  loss=24.37(avg16=45.84)  mae=5.72  sys_used=22Gi/62Gi
2026-07-14 02:45:00  pid=2886499  rss=4681MB  jvm_heap=1152/3200MB  direct=665/665MB  py_workers=18x20124MB  loss=36.65(avg16=45.10)  mae=5.63  sys_used=22Gi/62Gi
2026-07-14 02:45:30  pid=2886499  rss=4681MB  jvm_heap=1344/3200MB  direct=669/669MB  py_workers=18x19935MB  loss=44.51(avg16=42.60)  mae=5.48  sys_used=22Gi/62Gi
2026-07-14 02:46:01  pid=2886499  rss=4681MB  jvm_heap=1303/3200MB  direct=669/669MB  py_workers=18x19969MB  loss=13.28(avg16=36.28)  mae=4.94  sys_used=22Gi/62Gi
2026-07-14 02:46:31  pid=2886499  rss=4682MB  jvm_heap=1211/3200MB  direct=669/669MB  py_workers=18x20240MB  loss=12.49(avg16=34.03)  mae=4.72  sys_used=22Gi/62Gi
2026-07-14 02:47:01  pid=2886499  rss=4668MB  jvm_heap=1227/3200MB  direct=669/669MB  py_workers=18x20357MB  loss=15.60(avg16=32.93)  mae=4.61  sys_used=22Gi/62Gi
2026-07-14 02:47:31  pid=2886499  rss=4669MB  jvm_heap=1379/3200MB  direct=667/667MB  py_workers=18x20437MB  loss=46.94(avg16=34.77)  mae=4.65  sys_used=22Gi/62Gi
2026-07-14 02:48:01  pid=2886499  rss=4681MB  jvm_heap=1453/3200MB  direct=667/667MB  py_workers=18x20667MB  loss=42.51(avg16=35.24)  mae=4.74  sys_used=22Gi/62Gi
2026-07-14 02:48:31  pid=2886499  rss=4696MB  jvm_heap=1464/3200MB  direct=669/669MB  py_workers=18x20302MB  loss=15.94(avg16=33.66)  mae=4.65  sys_used=22Gi/62Gi
2026-07-14 02:49:02  pid=2886499  rss=4682MB  jvm_heap=1332/3200MB  direct=671/671MB  py_workers=18x20008MB  loss=14.30(avg16=33.90)  mae=4.70  sys_used=22Gi/62Gi
2026-07-14 02:49:32  pid=2886499  rss=4681MB  jvm_heap=1499/3200MB  direct=669/669MB  py_workers=18x20007MB  loss=11.88(avg16=33.40)  mae=4.67  sys_used=22Gi/62Gi
2026-07-14 02:50:02  pid=2886499  rss=4695MB  jvm_heap=1525/3200MB  direct=669/669MB  py_workers=18x20184MB  loss=43.74(avg16=35.76)  mae=4.83  sys_used=22Gi/62Gi
2026-07-14 02:50:32  pid=2886499  rss=4681MB  jvm_heap=1458/3200MB  direct=671/671MB  py_workers=18x20737MB  loss=12.44(avg16=34.22)  mae=4.72  sys_used=22Gi/62Gi
2026-07-14 02:51:02  pid=2886499  rss=4667MB  jvm_heap=1246/3200MB  direct=669/669MB  py_workers=18x20088MB  loss=12.82(avg16=34.20)  mae=4.72  sys_used=22Gi/62Gi
2026-07-14 02:51:32  pid=2886499  rss=4678MB  jvm_heap=1400/3200MB  direct=665/665MB  py_workers=18x20057MB  loss=14.61(avg16=33.42)  mae=4.68  sys_used=22Gi/62Gi
2026-07-14 02:52:03  pid=2886499  rss=4678MB  jvm_heap=1447/3200MB  direct=669/669MB  py_workers=18x20240MB  loss=13.79(avg16=30.25)  mae=4.47  sys_used=22Gi/62Gi
2026-07-14 02:52:33  pid=2886499  rss=4668MB  jvm_heap=1481/3200MB  direct=669/669MB  py_workers=18x20634MB  loss=29.27(avg16=30.47)  mae=4.41  sys_used=22Gi/62Gi
2026-07-14 02:53:03  pid=2886499  rss=4695MB  jvm_heap=1456/3200MB  direct=667/667MB  py_workers=18x20785MB  loss=9.88(avg16=25.27)  mae=4.02  sys_used=22Gi/62Gi
2026-07-14 02:53:33  pid=2886499  rss=4709MB  jvm_heap=2537/3200MB  direct=667/667MB  py_workers=18x20387MB  loss=11.96(avg16=24.43)  mae=3.93  sys_used=22Gi/62Gi
2026-07-14 02:54:03  pid=2886499  rss=4711MB  jvm_heap=1255/3200MB  direct=669/669MB  py_workers=18x20591MB  loss=9.94(avg16=27.00)  mae=4.04  sys_used=22Gi/62Gi
2026-07-14 02:54:33  pid=2886499  rss=4711MB  jvm_heap=2378/3200MB  direct=669/669MB  py_workers=18x20532MB  loss=10.82(avg16=27.25)  mae=4.02  sys_used=22Gi/62Gi
2026-07-14 02:55:03  pid=2886499  rss=4726MB  jvm_heap=954/3200MB  direct=669/669MB  py_workers=18x21083MB  loss=27.57(avg16=29.05)  mae=4.13  sys_used=23Gi/62Gi
2026-07-14 02:55:34  pid=2886499  rss=4712MB  jvm_heap=2429/3200MB  direct=671/671MB  py_workers=18x21245MB  loss=9.49(avg16=27.29)  mae=4.01  sys_used=23Gi/62Gi
2026-07-14 02:56:04  pid=2886499  rss=4699MB  jvm_heap=1221/3200MB  direct=669/669MB  py_workers=18x19976MB  loss=10.94(avg16=25.28)  mae=3.93  sys_used=22Gi/62Gi
2026-07-14 02:56:34  pid=2886499  rss=4713MB  jvm_heap=2585/3200MB  direct=667/667MB  py_workers=18x20339MB  loss=8.68(avg16=24.90)  mae=3.91  sys_used=22Gi/62Gi
2026-07-14 02:57:04  pid=2886499  rss=4699MB  jvm_heap=1116/3200MB  direct=669/669MB  py_workers=18x20146MB  loss=15.45(avg16=24.45)  mae=3.94  sys_used=22Gi/62Gi
2026-07-14 02:57:34  pid=2886499  rss=4727MB  jvm_heap=2261/3200MB  direct=667/667MB  py_workers=18x20757MB  loss=40.93(avg16=26.56)  mae=4.09  sys_used=22Gi/62Gi
2026-07-14 02:58:04  pid=2886499  rss=4713MB  jvm_heap=1139/3200MB  direct=671/671MB  py_workers=18x20629MB  loss=10.71(avg16=23.51)  mae=3.90  sys_used=22Gi/62Gi
2026-07-14 02:58:35  pid=2886499  rss=4727MB  jvm_heap=2614/3200MB  direct=669/669MB  py_workers=18x20510MB  loss=12.54(avg16=21.47)  mae=3.76  sys_used=22Gi/62Gi
2026-07-14 02:59:05  pid=2886499  rss=4713MB  jvm_heap=1223/3200MB  direct=669/669MB  py_workers=18x20428MB  loss=7.20(avg16=19.80)  mae=3.53  sys_used=22Gi/62Gi
2026-07-14 02:59:35  pid=2886499  rss=4713MB  jvm_heap=2429/3200MB  direct=667/667MB  py_workers=18x20738MB  loss=8.28(avg16=17.93)  mae=3.32  sys_used=22Gi/62Gi
2026-07-14 03:00:05  pid=2886499  rss=4715MB  jvm_heap=948/3200MB  direct=667/667MB  py_workers=18x20855MB  loss=14.40(avg16=15.40)  mae=3.00  sys_used=23Gi/62Gi
2026-07-14 03:00:35  pid=2886499  rss=4699MB  jvm_heap=2436/3200MB  direct=667/667MB  py_workers=18x20823MB  loss=5.50(avg16=13.73)  mae=2.72  sys_used=23Gi/62Gi
2026-07-14 03:01:05  pid=2886499  rss=4699MB  jvm_heap=1442/3200MB  direct=665/665MB  py_workers=18x20611MB  loss=5.64(avg16=14.25)  mae=2.70  sys_used=22Gi/62Gi
2026-07-14 03:01:35  pid=2886499  rss=4699MB  jvm_heap=2755/3200MB  direct=665/665MB  py_workers=18x20166MB  loss=6.35(avg16=15.30)  mae=2.76  sys_used=22Gi/62Gi
2026-07-14 03:02:06  pid=2886499  rss=4713MB  jvm_heap=1344/3200MB  direct=665/665MB  py_workers=18x20315MB  loss=9.17(avg16=15.50)  mae=2.80  sys_used=22Gi/62Gi
2026-07-14 03:02:36  pid=2886499  rss=4727MB  jvm_heap=2275/3200MB  direct=667/667MB  py_workers=18x20655MB  loss=18.06(avg16=16.84)  mae=2.92  sys_used=22Gi/62Gi
2026-07-14 03:03:06  pid=2886499  rss=4728MB  jvm_heap=1434/3200MB  direct=669/669MB  py_workers=18x21011MB  loss=8.64(avg16=15.60)  mae=2.88  sys_used=23Gi/62Gi
2026-07-14 03:03:36  pid=2886499  rss=4713MB  jvm_heap=2790/3200MB  direct=669/669MB  py_workers=18x20363MB  loss=20.10(avg16=16.12)  mae=3.03  sys_used=22Gi/62Gi
2026-07-14 03:04:06  pid=2886499  rss=4700MB  jvm_heap=1348/3200MB  direct=667/667MB  py_workers=18x19919MB  loss=10.51(avg16=16.59)  mae=3.07  sys_used=22Gi/62Gi
2026-07-14 03:04:36  pid=2886499  rss=4699MB  jvm_heap=2743/3200MB  direct=665/665MB  py_workers=18x20445MB  loss=15.86(avg16=17.99)  mae=3.18  sys_used=22Gi/62Gi
2026-07-14 03:05:07  pid=2886499  rss=4713MB  jvm_heap=1310/3200MB  direct=665/665MB  py_workers=18x20364MB  loss=3.74(avg16=16.42)  mae=3.01  sys_used=22Gi/62Gi
2026-07-14 03:05:37  pid=2886499  rss=4721MB  jvm_heap=2816/3200MB  direct=667/667MB  py_workers=18x20504MB  loss=9.00(avg16=13.61)  mae=2.69  sys_used=22Gi/62Gi
2026-07-14 03:06:07  pid=2886499  rss=4735MB  jvm_heap=1622/3200MB  direct=667/667MB  py_workers=18x20673MB  loss=9.93(avg16=11.17)  mae=2.43  sys_used=22Gi/62Gi
2026-07-14 03:06:37  pid=2886499  rss=4735MB  jvm_heap=2705/3200MB  direct=669/669MB  py_workers=18x20553MB  loss=9.10(avg16=8.65)  mae=2.10  sys_used=22Gi/62Gi
2026-07-14 03:07:07  pid=2886499  rss=4723MB  jvm_heap=1209/3200MB  direct=669/669MB  py_workers=18x21049MB  loss=3.00(avg16=6.35)  mae=1.80  sys_used=23Gi/62Gi
2026-07-14 03:07:37  pid=2886499  rss=4707MB  jvm_heap=2603/3200MB  direct=681/681MB  py_workers=18x20909MB  loss=2.16(avg16=5.48)  mae=1.66  sys_used=23Gi/62Gi
2026-07-14 03:08:07  pid=2886499  rss=4717MB  jvm_heap=1471/3200MB  direct=665/665MB  py_workers=18x20771MB  loss=8.44(avg16=5.37)  mae=1.64  sys_used=23Gi/62Gi
2026-07-14 03:08:38  pid=2886499  rss=4713MB  jvm_heap=1519/3200MB  direct=667/667MB  py_workers=18x20685MB  loss=9.65(avg16=5.39)  mae=1.63  sys_used=22Gi/62Gi
2026-07-14 03:09:08  pid=2886499  rss=4723MB  jvm_heap=2493/3200MB  direct=669/669MB  py_workers=18x20928MB  loss=9.47(avg16=5.44)  mae=1.64  sys_used=23Gi/62Gi
2026-07-14 03:09:38  pid=2886499  rss=4737MB  jvm_heap=767/3200MB  direct=669/669MB  py_workers=18x20948MB  loss=4.63(avg16=5.58)  mae=1.65  sys_used=23Gi/62Gi
2026-07-14 03:10:08  pid=2886499  rss=4726MB  jvm_heap=860/3200MB  direct=671/671MB  py_workers=18x20705MB  loss=22.23(avg16=7.39)  mae=1.94  sys_used=22Gi/62Gi
2026-07-14 03:10:38  pid=2886499  rss=4714MB  jvm_heap=815/3200MB  direct=669/669MB  py_workers=18x20761MB  loss=11.42(avg16=8.63)  mae=2.18  sys_used=22Gi/62Gi
2026-07-14 03:11:08  pid=2886499  rss=4727MB  jvm_heap=1038/3200MB  direct=667/667MB  py_workers=18x20629MB  loss=10.13(avg16=8.71)  mae=2.22  sys_used=22Gi/62Gi
2026-07-14 03:11:38  pid=2886499  rss=4727MB  jvm_heap=3138/3200MB  direct=669/669MB  py_workers=18x20308MB  loss=11.37(avg16=8.93)  mae=2.26  sys_used=22Gi/62Gi
2026-07-14 03:12:09  pid=2886499  rss=4739MB  jvm_heap=1658/3200MB  direct=669/669MB  py_workers=18x20852MB  loss=6.23(avg16=8.66)  mae=2.20  sys_used=23Gi/62Gi
2026-07-14 03:12:39  pid=2886499  rss=4737MB  jvm_heap=2873/3200MB  direct=671/671MB  py_workers=18x20373MB  loss=9.93(avg16=7.10)  mae=2.00  sys_used=22Gi/62Gi
2026-07-14 03:13:09  pid=2886499  rss=4740MB  jvm_heap=1787/3200MB  direct=671/671MB  py_workers=18x20227MB  loss=8.68(avg16=6.97)  mae=1.96  sys_used=22Gi/62Gi
2026-07-14 03:13:39  pid=2886499  rss=4740MB  jvm_heap=890/3200MB  direct=671/671MB  py_workers=18x20511MB  loss=6.72(avg16=6.73)  mae=1.89  sys_used=22Gi/62Gi
2026-07-14 03:14:09  pid=2886499  rss=4726MB  jvm_heap=1844/3200MB  direct=671/671MB  py_workers=18x20558MB  loss=10.57(avg16=6.59)  mae=1.84  sys_used=22Gi/62Gi
2026-07-14 03:14:39  pid=2886499  rss=4728MB  jvm_heap=1426/3200MB  direct=669/669MB  py_workers=18x20676MB  loss=4.13(avg16=6.14)  mae=1.69  sys_used=22Gi/62Gi
2026-07-14 03:15:10  pid=2886499  rss=4728MB  jvm_heap=866/3200MB  direct=669/669MB  py_workers=18x20364MB  loss=9.55(avg16=6.29)  mae=1.72  sys_used=22Gi/62Gi
2026-07-14 03:15:40  pid=2886499  rss=4726MB  jvm_heap=745/3200MB  direct=669/669MB  py_workers=18x20072MB  loss=8.88(avg16=6.51)  mae=1.77  sys_used=22Gi/62Gi
2026-07-14 03:16:10  pid=2886499  rss=4728MB  jvm_heap=889/3200MB  direct=669/669MB  py_workers=18x19978MB  loss=10.53(avg16=7.16)  mae=1.95  sys_used=22Gi/62Gi
2026-07-14 03:16:40  pid=2886499  rss=4714MB  jvm_heap=1566/3200MB  direct=669/669MB  py_workers=18x20065MB  loss=10.47(avg16=7.25)  mae=2.05  sys_used=22Gi/62Gi
2026-07-14 03:17:10  pid=2886499  rss=4727MB  jvm_heap=2512/3200MB  direct=667/667MB  py_workers=18x20632MB  loss=6.00(avg16=7.98)  mae=2.21  sys_used=22Gi/62Gi
2026-07-14 03:17:40  pid=2886499  rss=4741MB  jvm_heap=868/3200MB  direct=669/669MB  py_workers=18x20718MB  loss=9.82(avg16=8.63)  mae=2.35  sys_used=22Gi/62Gi
2026-07-14 03:18:11  pid=2886499  rss=4741MB  jvm_heap=864/3200MB  direct=671/671MB  py_workers=18x20459MB  loss=11.59(avg16=9.05)  mae=2.39  sys_used=22Gi/62Gi
2026-07-14 03:18:41  pid=2886499  rss=4741MB  jvm_heap=2970/3200MB  direct=673/673MB  py_workers=18x20554MB  loss=9.54(avg16=9.36)  mae=2.40  sys_used=22Gi/62Gi
2026-07-14 03:19:11  pid=2886499  rss=4729MB  jvm_heap=1529/3200MB  direct=673/673MB  py_workers=18x20585MB  loss=7.74(avg16=8.78)  mae=2.29  sys_used=22Gi/62Gi
2026-07-14 03:19:41  pid=2886499  rss=4729MB  jvm_heap=1367/3200MB  direct=671/671MB  py_workers=18x20983MB  loss=6.53(avg16=8.67)  mae=2.25  sys_used=23Gi/62Gi
2026-07-14 03:20:11  pid=2886499  rss=4715MB  jvm_heap=2599/3200MB  direct=671/671MB  py_workers=18x20301MB  loss=9.14(avg16=8.47)  mae=2.21  sys_used=22Gi/62Gi
2026-07-14 03:20:41  pid=2886499  rss=4715MB  jvm_heap=1319/3200MB  direct=669/669MB  py_workers=18x20587MB  loss=7.54(avg16=7.90)  mae=2.12  sys_used=22Gi/62Gi
2026-07-14 03:21:12  pid=2886499  rss=4715MB  jvm_heap=2303/3200MB  direct=669/669MB  py_workers=18x20700MB  loss=6.35(avg16=7.48)  mae=2.05  sys_used=22Gi/62Gi
2026-07-14 03:21:42  pid=2886499  rss=4729MB  jvm_heap=786/3200MB  direct=669/669MB  py_workers=18x20605MB  loss=7.61(avg16=7.46)  mae=2.03  sys_used=22Gi/62Gi
2026-07-14 03:22:12  pid=2886499  rss=4717MB  jvm_heap=920/3200MB  direct=671/671MB  py_workers=18x20874MB  loss=7.48(avg16=7.24)  mae=1.94  sys_used=23Gi/62Gi
2026-07-14 03:22:42  pid=2886499  rss=4715MB  jvm_heap=856/3200MB  direct=669/669MB  py_workers=18x21056MB  loss=11.58(avg16=8.06)  mae=2.08  sys_used=23Gi/62Gi
2026-07-14 03:23:12  pid=2886499  rss=4727MB  jvm_heap=891/3200MB  direct=669/669MB  py_workers=18x20930MB  loss=10.28(avg16=8.54)  mae=2.17  sys_used=23Gi/62Gi
2026-07-14 03:23:42  pid=2886499  rss=4727MB  jvm_heap=907/3200MB  direct=671/671MB  py_workers=18x21024MB  loss=18.73(avg16=10.18)  mae=2.40  sys_used=23Gi/62Gi
2026-07-14 03:24:12  pid=2886499  rss=4716MB  jvm_heap=913/3200MB  direct=671/671MB  py_workers=18x21068MB  loss=10.82(avg16=10.48)  mae=2.47  sys_used=23Gi/62Gi
2026-07-14 03:24:43  pid=2886499  rss=4730MB  jvm_heap=1522/3200MB  direct=669/669MB  py_workers=18x21787MB  loss=12.59(avg16=11.47)  mae=2.60  sys_used=24Gi/62Gi
2026-07-14 03:25:13  pid=2886499  rss=4730MB  jvm_heap=2750/3200MB  direct=671/671MB  py_workers=18x21187MB  loss=15.58(avg16=11.82)  mae=2.63  sys_used=23Gi/62Gi
2026-07-14 03:25:43  pid=2886499  rss=4716MB  jvm_heap=888/3200MB  direct=671/671MB  py_workers=18x20927MB  loss=10.95(avg16=11.27)  mae=2.55  sys_used=23Gi/62Gi
2026-07-14 03:26:13  pid=2886499  rss=4727MB  jvm_heap=753/3200MB  direct=669/669MB  py_workers=18x20847MB  loss=15.81(avg16=16.73)  mae=2.73  sys_used=23Gi/62Gi
2026-07-14 03:26:43  pid=2886499  rss=4727MB  jvm_heap=1519/3200MB  direct=671/671MB  py_workers=18x20905MB  loss=6.50(avg16=16.11)  mae=2.63  sys_used=23Gi/62Gi
2026-07-14 03:27:13  pid=2886499  rss=4728MB  jvm_heap=2939/3200MB  direct=671/671MB  py_workers=18x21476MB  loss=10.24(avg16=15.78)  mae=2.60  sys_used=23Gi/62Gi
2026-07-14 03:27:44  pid=2886499  rss=4717MB  jvm_heap=1301/3200MB  direct=671/671MB  py_workers=18x20645MB  loss=9.50(avg16=15.29)  mae=2.58  sys_used=22Gi/62Gi
2026-07-14 03:28:14  pid=2886499  rss=4731MB  jvm_heap=1316/3200MB  direct=669/669MB  py_workers=18x20657MB  loss=8.95(avg16=9.30)  mae=2.34  sys_used=22Gi/62Gi
2026-07-14 03:28:44  pid=2886499  rss=4743MB  jvm_heap=915/3200MB  direct=671/671MB  py_workers=18x20674MB  loss=19.63(avg16=11.05)  mae=2.37  sys_used=22Gi/62Gi
2026-07-14 03:29:14  pid=2886499  rss=4743MB  jvm_heap=845/3200MB  direct=673/673MB  py_workers=18x20799MB  loss=11.87(avg16=11.91)  mae=2.42  sys_used=23Gi/62Gi
2026-07-14 03:29:44  pid=2886499  rss=4742MB  jvm_heap=2071/3200MB  direct=673/673MB  py_workers=18x21143MB  loss=13.86(avg16=13.60)  mae=2.65  sys_used=23Gi/62Gi
2026-07-14 03:30:14  pid=2886499  rss=4729MB  jvm_heap=970/3200MB  direct=673/673MB  py_workers=18x21055MB  loss=15.91(avg16=15.28)  mae=2.87  sys_used=23Gi/62Gi
2026-07-14 03:30:45  pid=2886499  rss=4729MB  jvm_heap=882/3200MB  direct=671/671MB  py_workers=18x21101MB  loss=12.63(avg16=14.31)  mae=2.95  sys_used=23Gi/62Gi
2026-07-14 03:31:15  pid=2886499  rss=4743MB  jvm_heap=770/3200MB  direct=671/671MB  py_workers=18x21414MB  loss=19.42(avg16=14.21)  mae=3.00  sys_used=23Gi/62Gi
2026-07-14 03:31:45  pid=2886499  rss=4731MB  jvm_heap=924/3200MB  direct=673/673MB  py_workers=18x21093MB  loss=11.03(avg16=13.82)  mae=2.97  sys_used=23Gi/62Gi
2026-07-14 03:32:15  pid=2886499  rss=4717MB  jvm_heap=1872/3200MB  direct=671/671MB  py_workers=18x21382MB  loss=11.58(avg16=13.77)  mae=3.04  sys_used=23Gi/62Gi
2026-07-14 03:32:45  pid=2886499  rss=4729MB  jvm_heap=1578/3200MB  direct=669/669MB  py_workers=18x21286MB  loss=276.41(avg16=46.24)  mae=3.84  sys_used=23Gi/62Gi
2026-07-14 03:33:15  pid=2886499  rss=4731MB  jvm_heap=844/3200MB  direct=671/671MB  py_workers=18x21249MB  loss=19.70(avg16=46.84)  mae=3.91  sys_used=23Gi/62Gi
2026-07-14 03:33:45  pid=2886499  rss=4717MB  jvm_heap=1765/3200MB  direct=671/671MB  py_workers=18x21368MB  loss=18.44(avg16=47.07)  mae=3.93  sys_used=23Gi/62Gi
2026-07-14 03:34:16  pid=2886499  rss=4717MB  jvm_heap=1859/3200MB  direct=669/669MB  py_workers=18x21848MB  loss=6.96(avg16=46.38)  mae=3.84  sys_used=24Gi/62Gi
2026-07-14 03:34:46  pid=2886499  rss=4731MB  jvm_heap=877/3200MB  direct=669/669MB  py_workers=18x20909MB  loss=11.08(avg16=30.53)  mae=3.44  sys_used=23Gi/62Gi
2026-07-14 03:35:16  pid=2886499  rss=4742MB  jvm_heap=850/3200MB  direct=671/671MB  py_workers=18x21165MB  loss=18.89(avg16=15.63)  mae=3.01  sys_used=23Gi/62Gi
2026-07-14 03:35:46  pid=2886499  rss=4743MB  jvm_heap=1640/3200MB  direct=673/673MB  py_workers=18x20927MB  loss=18.28(avg16=15.06)  mae=2.94  sys_used=23Gi/62Gi
2026-07-14 03:36:16  pid=2886499  rss=4717MB  jvm_heap=1749/3200MB  direct=673/673MB  py_workers=18x20461MB  loss=16.10(avg16=16.03)  mae=3.02  sys_used=22Gi/62Gi
2026-07-14 03:36:46  pid=2886499  rss=4729MB  jvm_heap=808/3200MB  direct=669/669MB  py_workers=18x21130MB  loss=16.18(avg16=15.50)  mae=2.97  sys_used=23Gi/62Gi
2026-07-14 03:37:16  pid=2886499  rss=4729MB  jvm_heap=1302/3200MB  direct=671/671MB  py_workers=18x21178MB  loss=14.56(avg16=15.10)  mae=3.10  sys_used=23Gi/62Gi
2026-07-14 03:37:47  pid=2886499  rss=4732MB  jvm_heap=1334/3200MB  direct=671/671MB  py_workers=18x20587MB  loss=13.64(avg16=15.31)  mae=3.19  sys_used=22Gi/62Gi
2026-07-14 03:38:17  pid=2886499  rss=4732MB  jvm_heap=2375/3200MB  direct=671/671MB  py_workers=18x20564MB  loss=11.93(avg16=14.57)  mae=3.16  sys_used=22Gi/62Gi
2026-07-14 03:38:47  pid=2886499  rss=4732MB  jvm_heap=941/3200MB  direct=673/673MB  py_workers=18x20858MB  loss=10.70(avg16=15.72)  mae=3.27  sys_used=23Gi/62Gi
2026-07-14 03:39:17  pid=2886499  rss=4730MB  jvm_heap=848/3200MB  direct=673/673MB  py_workers=18x21457MB  loss=196.11(avg16=36.35)  mae=3.71  sys_used=23Gi/62Gi
2026-07-14 03:39:47  pid=2886499  rss=4749MB  jvm_heap=764/3200MB  direct=671/671MB  py_workers=18x20888MB  loss=14.60(avg16=52.51)  mae=4.09  sys_used=23Gi/62Gi
2026-07-14 03:40:17  pid=2886499  rss=4749MB  jvm_heap=2470/3200MB  direct=673/673MB  py_workers=18x21121MB  loss=17.91(avg16=52.47)  mae=4.11  sys_used=23Gi/62Gi
2026-07-14 03:40:47  pid=2886499  rss=4749MB  jvm_heap=1080/3200MB  direct=673/673MB  py_workers=18x21179MB  loss=14.29(avg16=51.04)  mae=3.99  sys_used=23Gi/62Gi
2026-07-14 03:41:18  pid=2886499  rss=4737MB  jvm_heap=1854/3200MB  direct=673/673MB  py_workers=18x20835MB  loss=19.81(avg16=52.03)  mae=4.09  sys_used=23Gi/62Gi
2026-07-14 03:41:48  pid=2886499  rss=4748MB  jvm_heap=2798/3200MB  direct=671/671MB  py_workers=18x21445MB  loss=39.82(avg16=17.45)  mae=3.29  sys_used=23Gi/62Gi
2026-07-14 03:42:18  pid=2886499  rss=4734MB  jvm_heap=760/3200MB  direct=673/673MB  py_workers=18x21347MB  loss=13.58(avg16=17.04)  mae=3.18  sys_used=23Gi/62Gi
2026-07-14 03:42:48  pid=2886499  rss=4736MB  jvm_heap=889/3200MB  direct=671/671MB  py_workers=18x20587MB  loss=15.27(avg16=18.99)  mae=3.30  sys_used=22Gi/62Gi
2026-07-14 03:43:18  pid=2886499  rss=4734MB  jvm_heap=820/3200MB  direct=671/671MB  py_workers=18x20583MB  loss=11.61(avg16=19.29)  mae=3.33  sys_used=22Gi/62Gi
2026-07-14 03:43:48  pid=2886499  rss=4723MB  jvm_heap=1528/3200MB  direct=671/671MB  py_workers=18x20826MB  loss=18.24(avg16=19.67)  mae=3.36  sys_used=23Gi/62Gi
2026-07-14 03:44:19  pid=2886499  rss=4748MB  jvm_heap=1470/3200MB  direct=669/669MB  py_workers=18x20979MB  loss=11.36(avg16=16.95)  mae=3.27  sys_used=23Gi/62Gi
2026-07-14 03:44:49  pid=2886499  rss=4748MB  jvm_heap=884/3200MB  direct=673/673MB  py_workers=18x20774MB  loss=15.48(avg16=15.47)  mae=3.22  sys_used=23Gi/62Gi
2026-07-14 03:45:19  pid=2886499  rss=4749MB  jvm_heap=2734/3200MB  direct=673/673MB  py_workers=18x20552MB  loss=28.31(avg16=16.74)  mae=3.35  sys_used=22Gi/62Gi
2026-07-14 03:45:49  pid=2886499  rss=4735MB  jvm_heap=1310/3200MB  direct=673/673MB  py_workers=18x20966MB  loss=18.84(avg16=17.36)  mae=3.42  sys_used=23Gi/62Gi
2026-07-14 03:46:19  pid=2886499  rss=4735MB  jvm_heap=2413/3200MB  direct=671/671MB  py_workers=18x21041MB  loss=12.60(avg16=20.73)  mae=3.53  sys_used=23Gi/62Gi
2026-07-14 03:46:49  pid=2886499  rss=4749MB  jvm_heap=949/3200MB  direct=671/671MB  py_workers=18x21168MB  loss=27.28(avg16=22.45)  mae=3.77  sys_used=23Gi/62Gi
2026-07-14 03:47:20  pid=2886499  rss=4723MB  jvm_heap=883/3200MB  direct=673/673MB  py_workers=18x20702MB  loss=12.24(avg16=21.29)  mae=3.68  sys_used=22Gi/62Gi
2026-07-14 03:47:50  pid=2886499  rss=4723MB  jvm_heap=889/3200MB  direct=669/669MB  py_workers=18x20594MB  loss=18.80(avg16=20.08)  mae=3.56  sys_used=22Gi/62Gi
2026-07-14 03:48:20  pid=2886499  rss=4723MB  jvm_heap=1890/3200MB  direct=669/669MB  py_workers=18x20928MB  loss=25.67(avg16=17.03)  mae=3.40  sys_used=23Gi/62Gi
2026-07-14 03:48:50  pid=2886499  rss=4735MB  jvm_heap=2832/3200MB  direct=669/669MB  py_workers=18x21057MB  loss=18.22(avg16=19.96)  mae=3.47  sys_used=23Gi/62Gi
2026-07-14 03:49:20  pid=2886499  rss=4737MB  jvm_heap=756/3200MB  direct=671/671MB  py_workers=18x21030MB  loss=32.54(avg16=21.42)  mae=3.54  sys_used=23Gi/62Gi
2026-07-14 03:49:50  pid=2886499  rss=4749MB  jvm_heap=1316/3200MB  direct=671/671MB  py_workers=18x20896MB  loss=18.70(avg16=22.94)  mae=3.64  sys_used=23Gi/62Gi
2026-07-14 03:50:20  pid=2886499  rss=4723MB  jvm_heap=1458/3200MB  direct=673/673MB  py_workers=18x20632MB  loss=20.47(avg16=24.16)  mae=3.73  sys_used=22Gi/62Gi
2026-07-14 03:50:51  pid=2886499  rss=4735MB  jvm_heap=953/3200MB  direct=669/669MB  py_workers=18x20742MB  loss=13.30(avg16=20.73)  mae=3.58  sys_used=22Gi/62Gi
2026-07-14 03:51:21  pid=2886499  rss=4735MB  jvm_heap=775/3200MB  direct=671/671MB  py_workers=18x21224MB  loss=11.80(avg16=20.29)  mae=3.57  sys_used=23Gi/62Gi
2026-07-14 03:51:51  pid=2886499  rss=4737MB  jvm_heap=1220/3200MB  direct=671/671MB  py_workers=18x21309MB  loss=24.95(avg16=19.12)  mae=3.51  sys_used=23Gi/62Gi
2026-07-14 03:52:21  pid=2886499  rss=4723MB  jvm_heap=1216/3200MB  direct=671/671MB  py_workers=18x21043MB  loss=22.44(avg16=19.27)  mae=3.48  sys_used=23Gi/62Gi
2026-07-14 03:52:51  pid=2886499  rss=4735MB  jvm_heap=912/3200MB  direct=669/669MB  py_workers=18x21492MB  loss=33.43(avg16=41.35)  mae=4.12  sys_used=23Gi/62Gi
2026-07-14 03:53:21  pid=2886499  rss=4749MB  jvm_heap=1744/3200MB  direct=671/671MB  py_workers=18x20560MB  loss=20.93(avg16=42.43)  mae=4.25  sys_used=22Gi/62Gi
2026-07-14 03:53:51  pid=2886499  rss=4737MB  jvm_heap=2686/3200MB  direct=673/673MB  py_workers=18x20484MB  loss=12.63(avg16=44.31)  mae=4.42  sys_used=22Gi/62Gi
2026-07-14 03:54:22  pid=2886499  rss=4724MB  jvm_heap=875/3200MB  direct=671/671MB  py_workers=18x20713MB  loss=15.60(avg16=43.66)  mae=4.40  sys_used=22Gi/62Gi
2026-07-14 03:54:52  pid=2886499  rss=4749MB  jvm_heap=872/3200MB  direct=669/669MB  py_workers=18x20651MB  loss=18.56(avg16=22.58)  mae=3.84  sys_used=22Gi/62Gi
2026-07-14 03:55:22  pid=2886499  rss=4749MB  jvm_heap=1752/3200MB  direct=673/673MB  py_workers=18x20903MB  loss=22.54(avg16=22.28)  mae=3.70  sys_used=23Gi/62Gi
2026-07-14 03:55:52  pid=2886499  rss=4736MB  jvm_heap=2718/3200MB  direct=673/673MB  py_workers=18x20595MB  loss=10.84(avg16=20.37)  mae=3.43  sys_used=22Gi/62Gi
2026-07-14 03:56:22  pid=2886499  rss=4736MB  jvm_heap=798/3200MB  direct=671/671MB  py_workers=18x21157MB  loss=12.59(avg16=21.10)  mae=3.43  sys_used=23Gi/62Gi
2026-07-14 03:56:52  pid=2886499  rss=4736MB  jvm_heap=884/3200MB  direct=671/671MB  py_workers=18x20753MB  loss=11.65(avg16=22.21)  mae=3.55  sys_used=23Gi/62Gi
2026-07-14 03:57:23  pid=2886499  rss=4736MB  jvm_heap=911/3200MB  direct=671/671MB  py_workers=18x20782MB  loss=12.28(avg16=20.71)  mae=3.52  sys_used=23Gi/62Gi
2026-07-14 03:57:53  pid=2886499  rss=4749MB  jvm_heap=886/3200MB  direct=671/671MB  py_workers=18x20998MB  loss=13.47(avg16=20.70)  mae=3.59  sys_used=23Gi/62Gi
2026-07-14 03:58:23  pid=2886499  rss=4738MB  jvm_heap=1129/3200MB  direct=673/673MB  py_workers=18x20786MB  loss=16.33(avg16=19.51)  mae=3.51  sys_used=23Gi/62Gi
2026-07-14 03:58:53  pid=2886499  rss=4738MB  jvm_heap=1537/3200MB  direct=671/671MB  py_workers=18x20912MB  loss=18.71(avg16=18.94)  mae=3.45  sys_used=23Gi/62Gi
2026-07-14 03:59:23  pid=2886499  rss=4724MB  jvm_heap=1390/3200MB  direct=671/671MB  py_workers=18x21384MB  loss=20.12(avg16=30.09)  mae=3.79  sys_used=23Gi/62Gi
2026-07-14 03:59:53  pid=2886499  rss=4738MB  jvm_heap=1624/3200MB  direct=669/669MB  py_workers=18x20818MB  loss=18.11(avg16=30.83)  mae=3.89  sys_used=23Gi/62Gi
2026-07-14 04:00:24  pid=2886499  rss=4724MB  jvm_heap=1010/3200MB  direct=671/671MB  py_workers=18x20848MB  loss=22.14(avg16=33.14)  mae=4.13  sys_used=23Gi/62Gi
2026-07-14 04:00:54  pid=2886499  rss=4724MB  jvm_heap=815/3200MB  direct=669/669MB  py_workers=18x20813MB  loss=105.11(avg16=38.06)  mae=4.30  sys_used=23Gi/62Gi
2026-07-14 04:01:24  pid=2886499  rss=4739MB  jvm_heap=2678/3200MB  direct=669/669MB  py_workers=18x20880MB  loss=20.14(avg16=34.77)  mae=4.27  sys_used=23Gi/62Gi
2026-07-14 04:01:54  pid=2886499  rss=4749MB  jvm_heap=1688/3200MB  direct=671/671MB  py_workers=18x21245MB  loss=21.79(avg16=30.47)  mae=3.89  sys_used=23Gi/62Gi
2026-07-14 04:02:24  pid=2886499  rss=4750MB  jvm_heap=1480/3200MB  direct=673/673MB  py_workers=18x20969MB  loss=14.48(avg16=28.67)  mae=3.59  sys_used=23Gi/62Gi
2026-07-14 04:02:54  pid=2886499  rss=4736MB  jvm_heap=2462/3200MB  direct=673/673MB  py_workers=18x20589MB  loss=11.93(avg16=27.89)  mae=3.41  sys_used=22Gi/62Gi
2026-07-14 04:03:25  pid=2886499  rss=4736MB  jvm_heap=789/3200MB  direct=671/671MB  py_workers=18x20642MB  loss=20.91(avg16=23.15)  mae=3.25  sys_used=22Gi/62Gi
2026-07-14 04:03:55  pid=2886499  rss=4736MB  jvm_heap=825/3200MB  direct=671/671MB  py_workers=18x20947MB  loss=21.65(avg16=19.66)  mae=3.27  sys_used=23Gi/62Gi
2026-07-14 04:04:25  pid=2886499  rss=4738MB  jvm_heap=1426/3200MB  direct=671/671MB  py_workers=18x21072MB  loss=12.02(avg16=18.43)  mae=3.20  sys_used=23Gi/62Gi
2026-07-14 04:04:55  pid=2886499  rss=4738MB  jvm_heap=2686/3200MB  direct=671/671MB  py_workers=18x20984MB  loss=17.63(avg16=18.46)  mae=3.28  sys_used=23Gi/62Gi
2026-07-14 04:05:25  pid=2886499  rss=4724MB  jvm_heap=810/3200MB  direct=671/671MB  py_workers=18x20751MB  loss=26.70(avg16=19.02)  mae=3.37  sys_used=22Gi/62Gi
2026-07-14 04:05:55  pid=2886499  rss=4725MB  jvm_heap=938/3200MB  direct=669/669MB  py_workers=18x20509MB  loss=26.29(avg16=20.23)  mae=3.46  sys_used=22Gi/62Gi
2026-07-14 04:06:25  pid=2886499  rss=4738MB  jvm_heap=856/3200MB  direct=669/669MB  py_workers=18x21232MB  loss=32.97(avg16=23.00)  mae=3.71  sys_used=23Gi/62Gi
2026-07-14 04:06:56  pid=2886499  rss=4724MB  jvm_heap=768/3200MB  direct=671/671MB  py_workers=18x21126MB  loss=17.67(avg16=24.14)  mae=3.82  sys_used=23Gi/62Gi
2026-07-14 04:07:26  pid=2886499  rss=4726MB  jvm_heap=2560/3200MB  direct=669/669MB  py_workers=18x20829MB  loss=123.04(avg16=34.29)  mae=4.19  sys_used=23Gi/62Gi
2026-07-14 04:07:56  pid=2886499  rss=4727MB  jvm_heap=1163/3200MB  direct=669/669MB  py_workers=18x21175MB  loss=129.23(avg16=42.44)  mae=4.40  sys_used=23Gi/62Gi
2026-07-14 04:08:26  pid=2886499  rss=4753MB  jvm_heap=1928/3200MB  direct=669/669MB  py_workers=18x21104MB  loss=12.32(avg16=39.94)  mae=4.14  sys_used=23Gi/62Gi
2026-07-14 04:08:56  pid=2886499  rss=4739MB  jvm_heap=3012/3200MB  direct=673/673MB  py_workers=18x21167MB  loss=19.33(avg16=38.64)  mae=3.95  sys_used=23Gi/62Gi
2026-07-14 04:09:27  pid=2886499  rss=4741MB  jvm_heap=904/3200MB  direct=671/671MB  py_workers=18x20900MB  loss=18.78(avg16=34.88)  mae=3.70  sys_used=23Gi/62Gi
2026-07-14 04:09:57  pid=2886499  rss=4752MB  jvm_heap=911/3200MB  direct=671/671MB  py_workers=18x21017MB  loss=19.12(avg16=25.41)  mae=3.36  sys_used=23Gi/62Gi
2026-07-14 04:10:27  pid=2886499  rss=4740MB  jvm_heap=2249/3200MB  direct=673/673MB  py_workers=18x21167MB  loss=12.58(avg16=18.45)  mae=3.17  sys_used=23Gi/62Gi
2026-07-14 04:10:57  pid=2886499  rss=4752MB  jvm_heap=784/3200MB  direct=671/671MB  py_workers=18x21176MB  loss=20.48(avg16=19.14)  mae=3.32  sys_used=23Gi/62Gi
2026-07-14 04:11:27  pid=2886499  rss=4753MB  jvm_heap=2097/3200MB  direct=673/673MB  py_workers=18x21619MB  loss=30.24(avg16=18.50)  mae=3.29  sys_used=23Gi/62Gi
2026-07-14 04:11:57  pid=2886499  rss=4741MB  jvm_heap=970/3200MB  direct=673/673MB  py_workers=18x21135MB  loss=12.91(avg16=19.05)  mae=3.36  sys_used=23Gi/62Gi
2026-07-14 04:12:27  pid=2886499  rss=4727MB  jvm_heap=2641/3200MB  direct=671/671MB  py_workers=18x20939MB  loss=21.48(avg16=20.62)  mae=3.45  sys_used=23Gi/62Gi
2026-07-14 04:12:58  pid=2886499  rss=4739MB  jvm_heap=1204/3200MB  direct=671/671MB  py_workers=18x20934MB  loss=16.91(avg16=21.76)  mae=3.53  sys_used=23Gi/62Gi
2026-07-14 04:13:28  pid=2886499  rss=4727MB  jvm_heap=890/3200MB  direct=673/673MB  py_workers=18x21118MB  loss=27.51(avg16=24.50)  mae=3.73  sys_used=23Gi/62Gi
2026-07-14 04:13:58  pid=2886499  rss=4725MB  jvm_heap=1032/3200MB  direct=671/671MB  py_workers=18x20627MB  loss=132.02(avg16=40.27)  mae=4.32  sys_used=22Gi/62Gi
2026-07-14 04:14:28  pid=2886499  rss=4725MB  jvm_heap=3136/3200MB  direct=671/671MB  py_workers=18x20934MB  loss=54.43(avg16=55.19)  mae=4.71  sys_used=23Gi/62Gi
2026-07-14 04:14:58  pid=2886499  rss=4739MB  jvm_heap=901/3200MB  direct=671/671MB  py_workers=18x21253MB  loss=17.58(avg16=52.99)  mae=4.45  sys_used=23Gi/62Gi
2026-07-14 04:15:28  pid=2886499  rss=4751MB  jvm_heap=933/3200MB  direct=673/673MB  py_workers=18x21261MB  loss=16.21(avg16=52.25)  mae=4.33  sys_used=23Gi/62Gi
2026-07-14 04:15:59  pid=2886499  rss=4739MB  jvm_heap=942/3200MB  direct=675/675MB  py_workers=18x21258MB  loss=21.21(avg16=49.81)  mae=4.03  sys_used=23Gi/62Gi
2026-07-14 04:16:29  pid=2886499  rss=4737MB  jvm_heap=2632/3200MB  direct=673/673MB  py_workers=18x21113MB  loss=10.32(avg16=21.19)  mae=3.13  sys_used=23Gi/62Gi
2026-07-14 04:16:59  pid=2886499  rss=4737MB  jvm_heap=1580/3200MB  direct=673/673MB  py_workers=18x21022MB  loss=9.70(avg16=19.69)  mae=3.23  sys_used=23Gi/62Gi
2026-07-14 04:17:29  pid=2886499  rss=4738MB  jvm_heap=922/3200MB  direct=673/673MB  py_workers=18x20827MB  loss=162.77(avg16=28.52)  mae=3.52  sys_used=23Gi/62Gi
2026-07-14 04:17:59  pid=2886499  rss=4753MB  jvm_heap=955/3200MB  direct=673/673MB  py_workers=18x21003MB  loss=14.54(avg16=29.19)  mae=3.65  sys_used=23Gi/62Gi
2026-07-14 04:18:29  pid=2886499  rss=4755MB  jvm_heap=2329/3200MB  direct=673/673MB  py_workers=18x21415MB  loss=15.31(avg16=29.82)  mae=3.76  sys_used=23Gi/62Gi
2026-07-14 04:19:00  pid=2886499  rss=4751MB  jvm_heap=1167/3200MB  direct=673/673MB  py_workers=18x20926MB  loss=14.32(avg16=29.73)  mae=3.76  sys_used=23Gi/62Gi
2026-07-14 04:19:30  pid=2886499  rss=4755MB  jvm_heap=2469/3200MB  direct=673/673MB  py_workers=18x20537MB  loss=16.08(avg16=31.60)  mae=3.90  sys_used=22Gi/62Gi
2026-07-14 04:20:00  pid=2886499  rss=4743MB  jvm_heap=1050/3200MB  direct=673/673MB  py_workers=18x20938MB  loss=21.18(avg16=23.64)  mae=3.74  sys_used=23Gi/62Gi
2026-07-14 04:20:30  pid=2886499  rss=4743MB  jvm_heap=941/3200MB  direct=671/671MB  py_workers=18x21131MB  loss=22.80(avg16=23.36)  mae=3.72  sys_used=23Gi/62Gi
2026-07-14 04:21:00  pid=2886499  rss=4743MB  jvm_heap=966/3200MB  direct=671/671MB  py_workers=18x21673MB  loss=32.02(avg16=37.98)  mae=4.22  sys_used=23Gi/62Gi
2026-07-14 04:21:30  pid=2886499  rss=4755MB  jvm_heap=2564/3200MB  direct=671/671MB  py_workers=18x21264MB  loss=30.28(avg16=46.48)  mae=4.43  sys_used=23Gi/62Gi
2026-07-14 04:22:01  pid=2886499  rss=4755MB  jvm_heap=1662/3200MB  direct=673/673MB  py_workers=18x21457MB  loss=21.80(avg16=45.86)  mae=4.31  sys_used=23Gi/62Gi
2026-07-14 04:22:31  pid=2886499  rss=4755MB  jvm_heap=951/3200MB  direct=673/673MB  py_workers=18x21333MB  loss=29.71(avg16=46.12)  mae=4.35  sys_used=23Gi/62Gi
2026-07-14 04:23:01  pid=2886499  rss=4756MB  jvm_heap=935/3200MB  direct=671/671MB  py_workers=18x21587MB  loss=18.61(avg16=33.22)  mae=3.88  sys_used=23Gi/62Gi
2026-07-14 04:23:31  pid=2886499  rss=4756MB  jvm_heap=1020/3200MB  direct=671/671MB  py_workers=18x21395MB  loss=23.19(avg16=22.02)  mae=3.53  sys_used=23Gi/62Gi
2026-07-14 04:24:01  pid=2886499  rss=4754MB  jvm_heap=1963/3200MB  direct=671/671MB  py_workers=18x21687MB  loss=197.50(avg16=36.04)  mae=3.87  sys_used=23Gi/62Gi
2026-07-14 04:24:31  pid=2886499  rss=4768MB  jvm_heap=1557/3200MB  direct=671/671MB  py_workers=18x21273MB  loss=15.44(avg16=35.56)  mae=3.85  sys_used=23Gi/62Gi
2026-07-14 04:25:02  pid=2886499  rss=4755MB  jvm_heap=954/3200MB  direct=673/673MB  py_workers=18x21006MB  loss=27.07(avg16=36.53)  mae=3.95  sys_used=23Gi/62Gi
2026-07-14 04:25:32  pid=2886499  rss=4755MB  jvm_heap=1866/3200MB  direct=671/671MB  py_workers=18x21148MB  loss=25.51(avg16=38.27)  mae=4.16  sys_used=23Gi/62Gi
2026-07-14 04:26:02  pid=2886499  rss=4753MB  jvm_heap=2806/3200MB  direct=671/671MB  py_workers=18x21472MB  loss=32.93(avg16=40.50)  mae=4.29  sys_used=23Gi/62Gi
2026-07-14 04:26:32  pid=2886499  rss=4753MB  jvm_heap=905/3200MB  direct=671/671MB  py_workers=18x21613MB  loss=18.95(avg16=25.02)  mae=3.84  sys_used=23Gi/62Gi
2026-07-14 04:27:02  pid=2886499  rss=4753MB  jvm_heap=1991/3200MB  direct=671/671MB  py_workers=18x21589MB  loss=10.63(avg16=24.43)  mae=3.81  sys_used=23Gi/62Gi
2026-07-14 04:27:32  pid=2886499  rss=4753MB  jvm_heap=1403/3200MB  direct=671/671MB  py_workers=18x21681MB  loss=123.78(avg16=31.56)  mae=3.91  sys_used=23Gi/62Gi
2026-07-14 04:28:02  pid=2886499  rss=4769MB  jvm_heap=961/3200MB  direct=671/671MB  py_workers=18x21570MB  loss=16.26(avg16=37.30)  mae=4.06  sys_used=23Gi/62Gi
2026-07-14 04:28:33  pid=2886499  rss=4768MB  jvm_heap=778/3200MB  direct=673/673MB  py_workers=18x21746MB  loss=21.88(avg16=35.46)  mae=3.90  sys_used=24Gi/62Gi
2026-07-14 04:29:03  pid=2886499  rss=4757MB  jvm_heap=1659/3200MB  direct=673/673MB  py_workers=18x22044MB  loss=23.48(avg16=34.47)  mae=3.77  sys_used=24Gi/62Gi
2026-07-14 04:29:33  pid=2886499  rss=4768MB  jvm_heap=1287/3200MB  direct=671/671MB  py_workers=18x21483MB  loss=13.22(avg16=32.36)  mae=3.74  sys_used=23Gi/62Gi
2026-07-14 04:30:03  pid=2886499  rss=4754MB  jvm_heap=967/3200MB  direct=673/673MB  py_workers=18x21312MB  loss=12.52(avg16=22.16)  mae=3.41  sys_used=23Gi/62Gi
2026-07-14 04:30:33  pid=2886499  rss=4754MB  jvm_heap=1259/3200MB  direct=671/671MB  py_workers=18x21515MB  loss=61.81(avg16=20.61)  mae=3.42  sys_used=23Gi/62Gi
2026-07-14 04:31:03  pid=2886499  rss=4756MB  jvm_heap=2483/3200MB  direct=671/671MB  py_workers=18x21653MB  loss=21.27(avg16=32.77)  mae=3.81  sys_used=23Gi/62Gi
2026-07-14 04:31:34  pid=2886499  rss=4742MB  jvm_heap=2146/3200MB  direct=671/671MB  py_workers=18x21666MB  loss=19.16(avg16=31.49)  mae=3.67  sys_used=23Gi/62Gi
2026-07-14 04:32:04  pid=2886499  rss=4742MB  jvm_heap=1986/3200MB  direct=669/669MB  py_workers=18x21028MB  loss=13.68(avg16=31.41)  mae=3.69  sys_used=23Gi/62Gi
2026-07-14 04:32:34  pid=2886499  rss=4742MB  jvm_heap=1392/3200MB  direct=669/669MB  py_workers=18x21004MB  loss=18.68(avg16=32.26)  mae=3.81  sys_used=23Gi/62Gi
2026-07-14 04:33:04  pid=2886499  rss=4767MB  jvm_heap=952/3200MB  direct=671/671MB  py_workers=18x21635MB  loss=23.60(avg16=19.27)  mae=3.56  sys_used=23Gi/62Gi
2026-07-14 04:33:34  pid=2886499  rss=4756MB  jvm_heap=1356/3200MB  direct=675/675MB  py_workers=18x21603MB  loss=15.90(avg16=19.84)  mae=3.61  sys_used=23Gi/62Gi
2026-07-14 04:34:04  pid=2886499  rss=4742MB  jvm_heap=2588/3200MB  direct=673/673MB  py_workers=18x21453MB  loss=64.51(avg16=30.64)  mae=3.76  sys_used=23Gi/62Gi
2026-07-14 04:34:35  pid=2886499  rss=4742MB  jvm_heap=899/3200MB  direct=669/669MB  py_workers=18x21488MB  loss=99.31(avg16=38.40)  mae=3.95  sys_used=23Gi/62Gi
2026-07-14 04:35:05  pid=2886499  rss=4754MB  jvm_heap=953/3200MB  direct=669/669MB  py_workers=18x21548MB  loss=11.83(avg16=37.10)  mae=3.77  sys_used=23Gi/62Gi
2026-07-14 04:35:35  pid=2886499  rss=4766MB  jvm_heap=964/3200MB  direct=671/671MB  py_workers=18x22020MB  loss=18.72(avg16=36.57)  mae=3.73  sys_used=24Gi/62Gi
2026-07-14 04:36:05  pid=2886499  rss=4756MB  jvm_heap=1688/3200MB  direct=673/673MB  py_workers=18x21970MB  loss=16.45(avg16=27.93)  mae=3.53  sys_used=24Gi/62Gi
2026-07-14 04:36:35  pid=2886499  rss=4754MB  jvm_heap=1451/3200MB  direct=671/671MB  py_workers=18x21091MB  loss=9.51(avg16=20.82)  mae=3.25  sys_used=23Gi/62Gi
2026-07-14 04:37:05  pid=2886499  rss=4755MB  jvm_heap=1084/3200MB  direct=671/671MB  py_workers=18x21223MB  loss=11.94(avg16=14.83)  mae=3.06  sys_used=23Gi/62Gi
2026-07-14 04:37:36  pid=2886499  rss=4755MB  jvm_heap=2936/3200MB  direct=671/671MB  py_workers=18x21244MB  loss=38.89(avg16=28.25)  mae=3.56  sys_used=23Gi/62Gi
2026-07-14 04:38:06  pid=2886499  rss=4768MB  jvm_heap=1457/3200MB  direct=671/671MB  py_workers=18x22039MB  loss=19.68(avg16=28.59)  mae=3.63  sys_used=24Gi/62Gi
2026-07-14 04:38:36  pid=2886499  rss=4768MB  jvm_heap=2087/3200MB  direct=673/673MB  py_workers=18x21691MB  loss=9.99(avg16=30.12)  mae=3.79  sys_used=23Gi/62Gi
2026-07-14 04:39:06  pid=2886499  rss=4769MB  jvm_heap=1243/3200MB  direct=673/673MB  py_workers=18x21649MB  loss=10.45(avg16=31.00)  mae=3.88  sys_used=23Gi/62Gi
2026-07-14 04:39:36  pid=2886499  rss=4755MB  jvm_heap=2247/3200MB  direct=673/673MB  py_workers=18x21424MB  loss=7.93(avg16=19.20)  mae=3.46  sys_used=23Gi/62Gi
2026-07-14 04:40:06  pid=2886499  rss=4769MB  jvm_heap=757/3200MB  direct=671/671MB  py_workers=18x21478MB  loss=9.22(avg16=16.94)  mae=3.35  sys_used=23Gi/62Gi
2026-07-14 04:40:37  pid=2886499  rss=4743MB  jvm_heap=965/3200MB  direct=673/673MB  py_workers=18x21230MB  loss=18.77(avg16=16.71)  mae=3.38  sys_used=23Gi/62Gi
2026-07-14 04:41:07  pid=2886499  rss=4746MB  jvm_heap=878/3200MB  direct=669/669MB  py_workers=18x21350MB  loss=6.50(avg16=14.47)  mae=3.18  sys_used=23Gi/62Gi
2026-07-14 04:41:37  pid=2886499  rss=4745MB  jvm_heap=2590/3200MB  direct=669/669MB  py_workers=18x21559MB  loss=17.50(avg16=15.88)  mae=3.31  sys_used=23Gi/62Gi
2026-07-14 04:42:07  pid=2886499  rss=4757MB  jvm_heap=1200/3200MB  direct=669/669MB  py_workers=18x21560MB  loss=10.27(avg16=15.99)  mae=3.37  sys_used=23Gi/62Gi
2026-07-14 04:42:37  pid=2886499  rss=4757MB  jvm_heap=950/3200MB  direct=671/671MB  py_workers=18x21476MB  loss=13.13(avg16=17.26)  mae=3.53  sys_used=23Gi/62Gi
2026-07-14 04:43:07  pid=2886499  rss=4773MB  jvm_heap=1685/3200MB  direct=671/671MB  py_workers=18x21899MB  loss=15.17(avg16=17.77)  mae=3.54  sys_used=24Gi/62Gi
2026-07-14 04:43:38  pid=2886499  rss=4759MB  jvm_heap=1482/3200MB  direct=673/673MB  py_workers=18x22167MB  loss=12.12(avg16=15.78)  mae=3.35  sys_used=24Gi/62Gi
2026-07-14 04:44:08  pid=2886499  rss=4759MB  jvm_heap=917/3200MB  direct=671/671MB  py_workers=18x21308MB  loss=65.01(avg16=20.13)  mae=3.26  sys_used=23Gi/62Gi
2026-07-14 04:44:38  pid=2886499  rss=4745MB  jvm_heap=940/3200MB  direct=669/669MB  py_workers=18x21688MB  loss=8.86(avg16=18.86)  mae=3.10  sys_used=23Gi/62Gi
2026-07-14 04:45:08  pid=2886499  rss=4745MB  jvm_heap=1694/3200MB  direct=667/667MB  py_workers=18x21475MB  loss=6.91(avg16=18.33)  mae=3.06  sys_used=23Gi/62Gi
2026-07-14 04:45:38  pid=2886499  rss=4759MB  jvm_heap=1114/3200MB  direct=669/669MB  py_workers=18x22058MB  loss=19.63(avg16=19.97)  mae=3.21  sys_used=24Gi/62Gi
2026-07-14 04:46:08  pid=2886499  rss=4759MB  jvm_heap=881/3200MB  direct=671/671MB  py_workers=18x21891MB  loss=7.35(avg16=18.07)  mae=3.24  sys_used=24Gi/62Gi
2026-07-14 04:46:38  pid=2886499  rss=4759MB  jvm_heap=923/3200MB  direct=669/669MB  py_workers=18x21663MB  loss=8.68(avg16=14.60)  mae=3.17  sys_used=23Gi/62Gi
2026-07-14 04:47:09  pid=2886499  rss=4759MB  jvm_heap=1697/3200MB  direct=669/669MB  py_workers=18x21880MB  loss=9.66(avg16=14.71)  mae=3.18  sys_used=24Gi/62Gi
2026-07-14 04:47:39  pid=2886499  rss=4771MB  jvm_heap=1181/3200MB  direct=669/669MB  py_workers=18x22276MB  loss=18.57(avg16=14.11)  mae=3.14  sys_used=24Gi/62Gi
2026-07-14 04:48:09  pid=2886499  rss=4756MB  jvm_heap=932/3200MB  direct=671/671MB  py_workers=18x22231MB  loss=19.57(avg16=13.48)  mae=3.11  sys_used=24Gi/62Gi
2026-07-14 04:48:39  pid=2886499  rss=4770MB  jvm_heap=3120/3200MB  direct=669/669MB  py_workers=18x21831MB  loss=13.49(avg16=13.31)  mae=3.13  sys_used=24Gi/62Gi
2026-07-14 04:49:09  pid=2886499  rss=4770MB  jvm_heap=1056/3200MB  direct=671/671MB  py_workers=18x22143MB  loss=11.66(avg16=12.86)  mae=3.12  sys_used=24Gi/62Gi
2026-07-14 04:49:39  pid=2886499  rss=4770MB  jvm_heap=2886/3200MB  direct=671/671MB  py_workers=18x22075MB  loss=11.27(avg16=13.02)  mae=3.16  sys_used=24Gi/62Gi
2026-07-14 04:50:10  pid=2886499  rss=4783MB  jvm_heap=1448/3200MB  direct=671/671MB  py_workers=18x22484MB  loss=5.24(avg16=11.68)  mae=2.97  sys_used=24Gi/62Gi
2026-07-14 04:50:40  pid=2886499  rss=4769MB  jvm_heap=894/3200MB  direct=673/673MB  py_workers=18x22199MB  loss=37.82(avg16=12.14)  mae=2.80  sys_used=24Gi/62Gi
2026-07-14 04:51:10  pid=2886499  rss=4783MB  jvm_heap=1697/3200MB  direct=671/671MB  py_workers=18x21514MB  loss=9.33(avg16=16.69)  mae=2.91  sys_used=23Gi/62Gi
2026-07-14 04:51:40  pid=2886499  rss=4781MB  jvm_heap=1469/3200MB  direct=673/673MB  py_workers=18x21785MB  loss=10.08(avg16=18.23)  mae=3.00  sys_used=24Gi/62Gi
2026-07-14 04:52:10  pid=2886499  rss=4770MB  jvm_heap=1107/3200MB  direct=675/675MB  py_workers=18x21779MB  loss=11.46(avg16=20.01)  mae=3.17  sys_used=24Gi/62Gi
2026-07-14 04:52:40  pid=2886499  rss=4758MB  jvm_heap=2881/3200MB  direct=673/673MB  py_workers=18x21600MB  loss=14.73(avg16=23.00)  mae=3.30  sys_used=23Gi/62Gi
2026-07-14 04:53:11  pid=2886499  rss=4772MB  jvm_heap=1690/3200MB  direct=671/671MB  py_workers=18x21619MB  loss=21.89(avg16=21.30)  mae=3.47  sys_used=23Gi/62Gi
2026-07-14 04:53:41  pid=2886499  rss=4772MB  jvm_heap=2604/3200MB  direct=673/673MB  py_workers=18x21563MB  loss=9.65(avg16=15.48)  mae=3.15  sys_used=23Gi/62Gi
2026-07-14 04:54:11  pid=2886499  rss=4759MB  jvm_heap=1538/3200MB  direct=673/673MB  py_workers=18x21545MB  loss=9.51(avg16=13.83)  mae=3.02  sys_used=23Gi/62Gi
2026-07-14 04:54:41  pid=2886499  rss=4759MB  jvm_heap=958/3200MB  direct=671/671MB  py_workers=18x21528MB  loss=9.50(avg16=10.94)  mae=2.93  sys_used=23Gi/62Gi
2026-07-14 04:55:11  pid=2886499  rss=4784MB  jvm_heap=979/3200MB  direct=671/671MB  py_workers=18x21749MB  loss=5.05(avg16=10.37)  mae=2.88  sys_used=24Gi/62Gi
2026-07-14 04:55:41  pid=2886499  rss=4770MB  jvm_heap=2807/3200MB  direct=675/675MB  py_workers=18x21444MB  loss=16.06(avg16=14.26)  mae=3.15  sys_used=23Gi/62Gi
2026-07-14 04:56:11  pid=2886499  rss=4756MB  jvm_heap=1935/3200MB  direct=673/673MB  py_workers=18x21806MB  loss=13.17(avg16=14.74)  mae=3.21  sys_used=24Gi/62Gi
2026-07-14 04:56:42  pid=2886499  rss=4731MB  jvm_heap=2595/3200MB  direct=673/673MB  py_workers=18x22156MB  loss=10.44(avg16=15.80)  mae=3.24  sys_used=24Gi/62Gi
2026-07-14 04:57:12  pid=2886499  rss=4731MB  jvm_heap=1165/3200MB  direct=669/669MB  py_workers=18x21948MB  loss=13.21(avg16=19.11)  mae=3.44  sys_used=24Gi/62Gi
2026-07-14 04:57:42  pid=2886499  rss=4756MB  jvm_heap=2220/3200MB  direct=669/669MB  py_workers=18x22467MB  loss=34.86(avg16=24.38)  mae=3.73  sys_used=24Gi/62Gi
2026-07-14 04:58:12  pid=2886499  rss=4732MB  jvm_heap=1045/3200MB  direct=673/673MB  py_workers=18x21913MB  loss=33.47(avg16=31.03)  mae=4.08  sys_used=24Gi/62Gi
2026-07-14 04:58:42  pid=2886499  rss=4732MB  jvm_heap=1984/3200MB  direct=669/669MB  py_workers=18x21582MB  loss=46.90(avg16=35.50)  mae=4.32  sys_used=23Gi/62Gi
2026-07-14 04:59:12  pid=2886499  rss=4733MB  jvm_heap=2964/3200MB  direct=669/669MB  py_workers=18x21260MB  loss=33.05(avg16=35.50)  mae=4.30  sys_used=23Gi/62Gi
2026-07-14 04:59:43  pid=2886499  rss=4732MB  jvm_heap=830/3200MB  direct=669/669MB  py_workers=18x21448MB  loss=23.42(avg16=37.64)  mae=4.38  sys_used=23Gi/62Gi
2026-07-14 05:00:13  pid=2886499  rss=4746MB  jvm_heap=964/3200MB  direct=669/669MB  py_workers=18x22466MB  loss=18.24(avg16=40.05)  mae=4.45  sys_used=24Gi/62Gi
2026-07-14 05:00:43  pid=2886499  rss=4746MB  jvm_heap=1969/3200MB  direct=671/671MB  py_workers=18x22293MB  loss=12.78(avg16=33.83)  mae=4.18  sys_used=24Gi/62Gi
2026-07-14 05:01:13  pid=2886499  rss=4747MB  jvm_heap=1804/3200MB  direct=671/671MB  py_workers=18x22302MB  loss=13.28(avg16=31.35)  mae=4.10  sys_used=24Gi/62Gi
2026-07-14 05:01:43  pid=2886499  rss=4761MB  jvm_heap=845/3200MB  direct=671/671MB  py_workers=18x21914MB  loss=19.95(avg16=25.52)  mae=3.86  sys_used=24Gi/62Gi
2026-07-14 05:02:13  pid=2886499  rss=4773MB  jvm_heap=1624/3200MB  direct=673/673MB  py_workers=18x21819MB  loss=16.71(avg16=19.92)  mae=3.64  sys_used=24Gi/62Gi
2026-07-14 05:02:43  pid=2886499  rss=4772MB  jvm_heap=2566/3200MB  direct=675/675MB  py_workers=18x22245MB  loss=28.58(avg16=25.47)  mae=3.99  sys_used=24Gi/62Gi
2026-07-14 05:03:14  pid=2886499  rss=4746MB  jvm_heap=818/3200MB  direct=675/675MB  py_workers=18x22694MB  loss=60.50(avg16=29.59)  mae=4.24  sys_used=24Gi/62Gi
2026-07-14 05:03:44  pid=2886499  rss=4747MB  jvm_heap=2204/3200MB  direct=671/671MB  py_workers=18x22014MB  loss=30.47(avg16=33.14)  mae=4.43  sys_used=24Gi/62Gi
2026-07-14 05:04:14  pid=2886499  rss=4758MB  jvm_heap=1673/3200MB  direct=671/671MB  py_workers=18x22070MB  loss=56.94(avg16=38.46)  mae=4.75  sys_used=24Gi/62Gi
2026-07-14 05:04:44  pid=2886499  rss=4758MB  jvm_heap=983/3200MB  direct=673/673MB  py_workers=18x22009MB  loss=34.03(avg16=41.27)  mae=4.86  sys_used=24Gi/62Gi
2026-07-14 05:05:14  pid=2886499  rss=4772MB  jvm_heap=969/3200MB  direct=673/673MB  py_workers=18x21937MB  loss=84.03(avg16=46.78)  mae=5.11  sys_used=24Gi/62Gi
2026-07-14 05:05:44  pid=2886499  rss=4758MB  jvm_heap=920/3200MB  direct=675/675MB  py_workers=18x22267MB  loss=43.12(avg16=50.66)  mae=5.14  sys_used=24Gi/62Gi
2026-07-14 05:06:15  pid=2886499  rss=4747MB  jvm_heap=2300/3200MB  direct=673/673MB  py_workers=18x22297MB  loss=87.08(avg16=54.71)  mae=5.30  sys_used=24Gi/62Gi
2026-07-14 05:06:45  pid=2886499  rss=4771MB  jvm_heap=1171/3200MB  direct=671/671MB  py_workers=18x21942MB  loss=46.30(avg16=55.11)  mae=5.29  sys_used=24Gi/62Gi
2026-07-14 05:07:15  pid=2886499  rss=4771MB  jvm_heap=819/3200MB  direct=673/673MB  py_workers=18x22164MB  loss=39.57(avg16=53.72)  mae=5.30  sys_used=24Gi/62Gi
2026-07-14 05:07:45  pid=2886499  rss=4745MB  jvm_heap=789/3200MB  direct=671/671MB  py_workers=18x22170MB  loss=32.33(avg16=47.26)  mae=4.99  sys_used=24Gi/62Gi
2026-07-14 05:08:15  pid=2886499  rss=4759MB  jvm_heap=1703/3200MB  direct=669/669MB  py_workers=18x21465MB  loss=38.12(avg16=42.67)  mae=4.72  sys_used=23Gi/62Gi
2026-07-14 05:08:45  pid=2886499  rss=4759MB  jvm_heap=3185/3200MB  direct=671/671MB  py_workers=18x21599MB  loss=17.82(avg16=35.10)  mae=4.34  sys_used=23Gi/62Gi
2026-07-14 05:09:16  pid=2886499  rss=4759MB  jvm_heap=1649/3200MB  direct=671/671MB  py_workers=18x21895MB  loss=37.75(avg16=36.35)  mae=4.33  sys_used=24Gi/62Gi
2026-07-14 05:09:46  pid=2886499  rss=4772MB  jvm_heap=2591/3200MB  direct=671/671MB  py_workers=18x22176MB  loss=49.41(avg16=38.69)  mae=4.48  sys_used=24Gi/62Gi
2026-07-14 05:10:16  pid=2886499  rss=4770MB  jvm_heap=1976/3200MB  direct=673/673MB  py_workers=18x22473MB  loss=50.82(avg16=45.14)  mae=4.85  sys_used=24Gi/62Gi
2026-07-14 05:10:46  pid=2886499  rss=4757MB  jvm_heap=930/3200MB  direct=673/673MB  py_workers=18x21746MB  loss=64.12(avg16=48.73)  mae=5.18  sys_used=23Gi/62Gi
2026-07-14 05:11:16  pid=2886499  rss=4757MB  jvm_heap=2536/3200MB  direct=671/671MB  py_workers=18x21980MB  loss=26.90(avg16=49.86)  mae=5.29  sys_used=24Gi/62Gi
2026-07-14 05:11:46  pid=2886499  rss=4757MB  jvm_heap=1153/3200MB  direct=671/671MB  py_workers=18x22006MB  loss=37.76(avg16=52.29)  mae=5.46  sys_used=24Gi/62Gi
2026-07-14 05:12:17  pid=2886499  rss=4745MB  jvm_heap=820/3200MB  direct=671/671MB  py_workers=18x21990MB  loss=54.48(avg16=54.60)  mae=5.70  sys_used=24Gi/62Gi
2026-07-14 05:12:47  pid=2886499  rss=4756MB  jvm_heap=918/3200MB  direct=669/669MB  py_workers=18x22182MB  loss=39.70(avg16=53.62)  mae=5.66  sys_used=24Gi/62Gi
2026-07-14 05:13:17  pid=2886499  rss=4758MB  jvm_heap=2059/3200MB  direct=671/671MB  py_workers=18x21657MB  loss=33.71(avg16=53.29)  mae=5.73  sys_used=23Gi/62Gi
2026-07-14 05:13:47  pid=2886499  rss=4745MB  jvm_heap=1027/3200MB  direct=671/671MB  py_workers=18x21959MB  loss=42.51(avg16=53.20)  mae=5.79  sys_used=24Gi/62Gi
2026-07-14 05:14:17  pid=2886499  rss=4745MB  jvm_heap=835/3200MB  direct=669/669MB  py_workers=18x22008MB  loss=42.36(avg16=49.62)  mae=5.64  sys_used=24Gi/62Gi
2026-07-14 05:14:47  pid=2886499  rss=4759MB  jvm_heap=962/3200MB  direct=669/669MB  py_workers=18x22135MB  loss=67.96(avg16=50.02)  mae=5.79  sys_used=24Gi/62Gi
2026-07-14 05:15:17  pid=2886499  rss=4771MB  jvm_heap=2835/3200MB  direct=671/671MB  py_workers=18x22504MB  loss=28.17(avg16=48.38)  mae=5.53  sys_used=24Gi/62Gi
2026-07-14 05:15:48  pid=2886499  rss=4745MB  jvm_heap=1801/3200MB  direct=673/673MB  py_workers=18x21832MB  loss=33.00(avg16=48.26)  mae=5.51  sys_used=24Gi/62Gi
2026-07-14 05:16:18  pid=2886499  rss=4745MB  jvm_heap=1482/3200MB  direct=669/669MB  py_workers=18x21815MB  loss=65.25(avg16=50.77)  mae=5.73  sys_used=24Gi/62Gi
2026-07-14 05:16:48  pid=2886499  rss=4757MB  jvm_heap=2434/3200MB  direct=669/669MB  py_workers=18x21938MB  loss=63.59(avg16=54.98)  mae=5.96  sys_used=24Gi/62Gi
2026-07-14 05:17:18  pid=2886499  rss=4745MB  jvm_heap=1762/3200MB  direct=671/671MB  py_workers=18x22747MB  loss=75.05(avg16=55.35)  mae=6.10  sys_used=24Gi/62Gi
2026-07-14 05:17:48  pid=2886499  rss=4759MB  jvm_heap=1984/3200MB  direct=669/669MB  py_workers=18x22290MB  loss=46.30(avg16=56.05)  mae=6.32  sys_used=24Gi/62Gi
2026-07-14 05:18:18  pid=2886499  rss=4745MB  jvm_heap=2088/3200MB  direct=671/671MB  py_workers=18x21949MB  loss=49.50(avg16=58.62)  mae=6.57  sys_used=24Gi/62Gi
2026-07-14 05:18:49  pid=2886499  rss=4759MB  jvm_heap=1696/3200MB  direct=669/669MB  py_workers=18x21976MB  loss=41.46(avg16=56.45)  mae=6.42  sys_used=24Gi/62Gi
2026-07-14 05:19:19  pid=2886499  rss=4759MB  jvm_heap=1199/3200MB  direct=671/671MB  py_workers=18x21923MB  loss=68.09(avg16=59.09)  mae=6.59  sys_used=24Gi/62Gi
2026-07-14 05:19:49  pid=2886499  rss=4758MB  jvm_heap=821/3200MB  direct=671/671MB  py_workers=18x22413MB  loss=54.47(avg16=62.61)  mae=6.86  sys_used=24Gi/62Gi
2026-07-14 05:20:19  pid=2886499  rss=4753MB  jvm_heap=929/3200MB  direct=671/671MB  py_workers=18x22258MB  loss=49.06(avg16=60.70)  mae=6.80  sys_used=24Gi/62Gi
2026-07-14 05:20:49  pid=2886499  rss=4753MB  jvm_heap=921/3200MB  direct=669/669MB  py_workers=18x22269MB  loss=54.55(avg16=61.60)  mae=6.88  sys_used=24Gi/62Gi
2026-07-14 05:21:19  pid=2886499  rss=4745MB  jvm_heap=1413/3200MB  direct=669/669MB  py_workers=18x22448MB  loss=42.74(avg16=58.77)  mae=6.74  sys_used=24Gi/62Gi
2026-07-14 05:21:50  pid=2886499  rss=4771MB  jvm_heap=2359/3200MB  direct=669/669MB  py_workers=18x22322MB  loss=50.42(avg16=56.51)  mae=6.64  sys_used=24Gi/62Gi
2026-07-14 05:22:20  pid=2886499  rss=4759MB  jvm_heap=806/3200MB  direct=673/673MB  py_workers=18x22647MB  loss=58.20(avg16=56.12)  mae=6.59  sys_used=24Gi/62Gi
2026-07-14 05:22:50  pid=2886499  rss=4757MB  jvm_heap=2190/3200MB  direct=671/671MB  py_workers=18x22724MB  loss=64.19(avg16=57.18)  mae=6.71  sys_used=24Gi/62Gi
2026-07-14 05:23:20  pid=2886499  rss=4765MB  jvm_heap=2186/3200MB  direct=671/671MB  py_workers=18x22467MB  loss=91.26(avg16=61.53)  mae=7.00  sys_used=24Gi/62Gi
2026-07-14 05:23:50  pid=2886499  rss=4765MB  jvm_heap=977/3200MB  direct=671/671MB  py_workers=18x22689MB  loss=49.83(avg16=60.35)  mae=6.95  sys_used=24Gi/62Gi
2026-07-14 05:24:20  pid=2886499  rss=4765MB  jvm_heap=920/3200MB  direct=671/671MB  py_workers=18x22746MB  loss=53.62(avg16=61.14)  mae=7.09  sys_used=24Gi/62Gi
2026-07-14 05:24:50  pid=2886499  rss=4768MB  jvm_heap=969/3200MB  direct=673/673MB  py_workers=18x22262MB  loss=49.56(avg16=59.21)  mae=6.98  sys_used=24Gi/62Gi
2026-07-14 05:25:21  pid=2886499  rss=4780MB  jvm_heap=2926/3200MB  direct=675/671MB  py_workers=18x22444MB  loss=47.98(avg16=57.41)  mae=6.91  sys_used=24Gi/62Gi
2026-07-14 05:25:51  pid=2886499  rss=4766MB  jvm_heap=897/3200MB  direct=673/673MB  py_workers=18x22067MB  loss=41.49(avg16=55.58)  mae=6.85  sys_used=24Gi/62Gi
2026-07-14 05:26:21  pid=2886499  rss=4766MB  jvm_heap=2706/3200MB  direct=671/671MB  py_workers=18x22408MB  loss=55.51(avg16=54.31)  mae=6.71  sys_used=24Gi/62Gi
2026-07-14 05:26:51  pid=2886499  rss=4772MB  jvm_heap=1292/3200MB  direct=673/673MB  py_workers=18x22739MB  loss=65.00(avg16=54.47)  mae=6.70  sys_used=25Gi/62Gi
2026-07-14 05:27:21  pid=2886499  rss=4758MB  jvm_heap=949/3200MB  direct=673/673MB  py_workers=18x22157MB  loss=44.74(avg16=51.45)  mae=6.49  sys_used=24Gi/62Gi
2026-07-14 05:27:51  pid=2886499  rss=4746MB  jvm_heap=1367/3200MB  direct=671/671MB  py_workers=18x22509MB  loss=50.83(avg16=50.55)  mae=6.43  sys_used=24Gi/62Gi
2026-07-14 05:28:22  pid=2886499  rss=4760MB  jvm_heap=1131/3200MB  direct=669/669MB  py_workers=18x22334MB  loss=60.86(avg16=52.99)  mae=6.57  sys_used=24Gi/62Gi
2026-07-14 05:28:52  pid=2886499  rss=4758MB  jvm_heap=1108/3200MB  direct=671/671MB  py_workers=18x21899MB  loss=45.48(avg16=51.59)  mae=6.49  sys_used=24Gi/62Gi
2026-07-14 05:29:22  pid=2886499  rss=4772MB  jvm_heap=2970/3200MB  direct=671/671MB  py_workers=18x22075MB  loss=61.06(avg16=53.92)  mae=6.68  sys_used=24Gi/62Gi
2026-07-14 05:29:52  pid=2886499  rss=4772MB  jvm_heap=1797/3200MB  direct=673/673MB  py_workers=18x22394MB  loss=43.34(avg16=53.20)  mae=6.63  sys_used=24Gi/62Gi
2026-07-14 05:30:22  pid=2886499  rss=4746MB  jvm_heap=3033/3200MB  direct=673/673MB  py_workers=18x21620MB  loss=40.98(avg16=52.37)  mae=6.66  sys_used=23Gi/62Gi
2026-07-14 05:30:53  pid=2886499  rss=4758MB  jvm_heap=810/3200MB  direct=669/669MB  py_workers=18x21986MB  loss=53.06(avg16=51.90)  mae=6.67  sys_used=24Gi/62Gi
2026-07-14 05:31:23  pid=2886499  rss=4772MB  jvm_heap=1096/3200MB  direct=671/671MB  py_workers=18x22183MB  loss=51.78(avg16=51.50)  mae=6.66  sys_used=24Gi/62Gi
2026-07-14 05:31:53  pid=2886499  rss=4773MB  jvm_heap=1122/3200MB  direct=673/673MB  py_workers=18x22303MB  loss=53.29(avg16=52.66)  mae=6.78  sys_used=24Gi/62Gi
2026-07-14 05:32:23  pid=2886499  rss=4773MB  jvm_heap=889/3200MB  direct=673/673MB  py_workers=18x21932MB  loss=37.35(avg16=49.01)  mae=6.56  sys_used=24Gi/62Gi
2026-07-14 05:32:53  pid=2886499  rss=4747MB  jvm_heap=935/3200MB  direct=673/673MB  py_workers=18x21589MB  loss=39.56(avg16=48.65)  mae=6.47  sys_used=23Gi/62Gi
2026-07-14 05:33:23  pid=2886499  rss=4761MB  jvm_heap=2685/3200MB  direct=669/669MB  py_workers=18x21557MB  loss=45.92(avg16=46.84)  mae=6.33  sys_used=23Gi/62Gi
2026-07-14 05:33:53  pid=2886499  rss=4747MB  jvm_heap=1335/3200MB  direct=671/671MB  py_workers=18x21780MB  loss=41.37(avg16=45.43)  mae=6.22  sys_used=24Gi/62Gi
2026-07-14 05:34:24  pid=2886499  rss=4746MB  jvm_heap=956/3200MB  direct=669/669MB  py_workers=18x22153MB  loss=56.67(avg16=46.73)  mae=6.31  sys_used=24Gi/62Gi
2026-07-14 05:34:54  pid=2886499  rss=4761MB  jvm_heap=1052/3200MB  direct=669/669MB  py_workers=18x21961MB  loss=45.73(avg16=46.28)  mae=6.28  sys_used=23Gi/62Gi
2026-07-14 05:35:24  pid=2886499  rss=4747MB  jvm_heap=1016/3200MB  direct=671/671MB  py_workers=18x21632MB  loss=40.74(avg16=47.15)  mae=6.35  sys_used=23Gi/62Gi
2026-07-14 05:35:54  pid=2886499  rss=4747MB  jvm_heap=828/3200MB  direct=669/669MB  py_workers=18x21589MB  loss=42.66(avg16=47.39)  mae=6.37  sys_used=23Gi/62Gi
2026-07-14 05:36:24  pid=2886499  rss=4761MB  jvm_heap=2522/3200MB  direct=671/671MB  py_workers=18x21908MB  loss=37.93(avg16=47.52)  mae=6.36  sys_used=24Gi/62Gi
2026-07-14 05:36:54  pid=2886499  rss=4773MB  jvm_heap=1117/3200MB  direct=673/673MB  py_workers=18x22326MB  loss=52.42(avg16=49.12)  mae=6.49  sys_used=24Gi/62Gi
2026-07-14 05:37:25  pid=2886499  rss=4759MB  jvm_heap=937/3200MB  direct=675/675MB  py_workers=18x22301MB  loss=35.54(avg16=47.58)  mae=6.49  sys_used=24Gi/62Gi
2026-07-14 05:37:55  pid=2886499  rss=4773MB  jvm_heap=927/3200MB  direct=675/675MB  py_workers=18x22375MB  loss=31.73(avg16=45.80)  mae=6.40  sys_used=24Gi/62Gi
2026-07-14 05:38:25  pid=2886499  rss=4759MB  jvm_heap=1420/3200MB  direct=677/677MB  py_workers=18x22273MB  loss=33.15(avg16=44.75)  mae=6.34  sys_used=24Gi/62Gi
2026-07-14 05:38:55  pid=2886499  rss=4759MB  jvm_heap=2370/3200MB  direct=675/675MB  py_workers=18x22409MB  loss=37.18(avg16=42.40)  mae=6.14  sys_used=24Gi/62Gi
2026-07-14 05:39:25  pid=2886499  rss=4747MB  jvm_heap=1950/3200MB  direct=675/675MB  py_workers=18x22601MB  loss=39.02(avg16=40.35)  mae=5.94  sys_used=24Gi/62Gi
2026-07-14 05:39:55  pid=2886499  rss=4761MB  jvm_heap=1720/3200MB  direct=673/673MB  py_workers=18x22097MB  loss=32.01(avg16=38.83)  mae=5.80  sys_used=24Gi/62Gi
2026-07-14 05:40:26  pid=2886499  rss=4747MB  jvm_heap=1749/3200MB  direct=675/675MB  py_workers=18x22045MB  loss=35.73(avg16=39.05)  mae=5.83  sys_used=24Gi/62Gi
2026-07-14 05:40:56  pid=2886499  rss=4761MB  jvm_heap=1424/3200MB  direct=673/673MB  py_workers=18x22344MB  loss=34.78(avg16=39.71)  mae=5.94  sys_used=24Gi/62Gi
2026-07-14 05:41:26  pid=2886499  rss=4761MB  jvm_heap=963/3200MB  direct=673/673MB  py_workers=18x22068MB  loss=32.42(avg16=38.79)  mae=5.90  sys_used=24Gi/62Gi
2026-07-14 05:41:56  pid=2886499  rss=4773MB  jvm_heap=861/3200MB  direct=673/673MB  py_workers=18x22227MB  loss=47.07(avg16=39.49)  mae=5.91  sys_used=24Gi/62Gi
2026-07-14 05:42:26  pid=2886499  rss=4773MB  jvm_heap=939/3200MB  direct=675/675MB  py_workers=18x22426MB  loss=29.74(avg16=39.62)  mae=5.92  sys_used=24Gi/62Gi
2026-07-14 05:42:56  pid=2886499  rss=4761MB  jvm_heap=946/3200MB  direct=675/675MB  py_workers=18x21563MB  loss=37.56(avg16=41.33)  mae=5.99  sys_used=23Gi/62Gi
2026-07-14 05:43:27  pid=2886499  rss=4773MB  jvm_heap=1825/3200MB  direct=673/673MB  py_workers=18x21814MB  loss=38.76(avg16=44.58)  mae=6.16  sys_used=24Gi/62Gi
2026-07-14 05:43:57  pid=2886499  rss=4773MB  jvm_heap=2771/3200MB  direct=675/675MB  py_workers=18x22030MB  loss=40.86(avg16=45.49)  mae=6.27  sys_used=24Gi/62Gi
2026-07-14 05:44:27  pid=2886499  rss=4789MB  jvm_heap=854/3200MB  direct=675/675MB  py_workers=18x22671MB  loss=39.95(avg16=44.92)  mae=6.28  sys_used=24Gi/62Gi
2026-07-14 05:44:57  pid=2886499  rss=4773MB  jvm_heap=814/3200MB  direct=677/677MB  py_workers=18x22531MB  loss=30.32(avg16=42.18)  mae=6.10  sys_used=24Gi/62Gi
2026-07-14 05:45:27  pid=2886499  rss=4787MB  jvm_heap=2005/3200MB  direct=675/675MB  py_workers=18x22210MB  loss=34.55(avg16=39.08)  mae=5.90  sys_used=24Gi/62Gi
2026-07-14 05:45:57  pid=2886499  rss=4787MB  jvm_heap=2973/3200MB  direct=677/677MB  py_workers=18x22224MB  loss=29.25(avg16=37.83)  mae=5.78  sys_used=24Gi/62Gi
2026-07-14 05:46:27  pid=2886499  rss=4787MB  jvm_heap=1093/3200MB  direct=677/677MB  py_workers=18x22426MB  loss=47.34(avg16=37.68)  mae=5.74  sys_used=24Gi/62Gi
2026-07-14 05:46:58  pid=2886499  rss=4775MB  jvm_heap=2033/3200MB  direct=677/677MB  py_workers=18x22959MB  loss=37.41(avg16=37.64)  mae=5.70  sys_used=25Gi/62Gi
2026-07-14 05:47:28  pid=2886499  rss=4748MB  jvm_heap=2109/3200MB  direct=675/675MB  py_workers=18x22238MB  loss=31.17(avg16=36.93)  mae=5.61  sys_used=24Gi/62Gi
2026-07-14 05:47:58  pid=2886499  rss=4748MB  jvm_heap=956/3200MB  direct=671/671MB  py_workers=18x22171MB  loss=33.56(avg16=36.66)  mae=5.61  sys_used=24Gi/62Gi
2026-07-14 05:48:28  pid=2886499  rss=4748MB  jvm_heap=2637/3200MB  direct=671/671MB  py_workers=18x22024MB  loss=42.13(avg16=38.26)  mae=5.74  sys_used=24Gi/62Gi
2026-07-14 05:48:58  pid=2886499  rss=4761MB  jvm_heap=1243/3200MB  direct=671/671MB  py_workers=18x22338MB  loss=39.93(avg16=38.68)  mae=5.76  sys_used=24Gi/62Gi
2026-07-14 05:49:28  pid=2886499  rss=4759MB  jvm_heap=815/3200MB  direct=673/673MB  py_workers=18x22812MB  loss=43.24(avg16=39.26)  mae=5.81  sys_used=24Gi/62Gi
2026-07-14 05:49:59  pid=2886499  rss=4759MB  jvm_heap=953/3200MB  direct=673/673MB  py_workers=18x22736MB  loss=39.04(avg16=39.72)  mae=5.83  sys_used=24Gi/62Gi
2026-07-14 05:50:29  pid=2886499  rss=4759MB  jvm_heap=1266/3200MB  direct=673/673MB  py_workers=18x22594MB  loss=32.90(avg16=39.66)  mae=5.82  sys_used=24Gi/62Gi
2026-07-14 05:50:59  pid=2886499  rss=4760MB  jvm_heap=2240/3200MB  direct=673/673MB  py_workers=18x22506MB  loss=34.26(avg16=40.48)  mae=5.87  sys_used=24Gi/62Gi
2026-07-14 05:51:29  pid=2886499  rss=4760MB  jvm_heap=1899/3200MB  direct=673/673MB  py_workers=18x22745MB  loss=38.64(avg16=41.08)  mae=5.94  sys_used=24Gi/62Gi
2026-07-14 05:51:59  pid=2886499  rss=4748MB  jvm_heap=936/3200MB  direct=673/673MB  py_workers=18x22549MB  loss=34.40(avg16=41.19)  mae=5.95  sys_used=24Gi/62Gi
2026-07-14 05:52:29  pid=2886499  rss=4748MB  jvm_heap=2713/3200MB  direct=671/671MB  py_workers=18x21914MB  loss=42.51(avg16=41.67)  mae=6.02  sys_used=24Gi/62Gi
2026-07-14 05:53:00  pid=2886499  rss=4760MB  jvm_heap=1635/3200MB  direct=669/669MB  py_workers=18x21843MB  loss=36.50(avg16=40.10)  mae=5.92  sys_used=24Gi/62Gi
2026-07-14 05:53:30  pid=2886499  rss=4773MB  jvm_heap=2019/3200MB  direct=671/671MB  py_workers=18x21610MB  loss=42.66(avg16=40.34)  mae=5.91  sys_used=23Gi/62Gi
2026-07-14 05:54:00  pid=2886499  rss=4761MB  jvm_heap=2961/3200MB  direct=673/673MB  py_workers=18x21986MB  loss=38.49(avg16=40.18)  mae=5.90  sys_used=24Gi/62Gi
2026-07-14 05:54:30  pid=2886499  rss=4775MB  jvm_heap=941/3200MB  direct=671/671MB  py_workers=18x22050MB  loss=40.46(avg16=39.17)  mae=5.81  sys_used=24Gi/62Gi
2026-07-14 05:55:00  pid=2886499  rss=4762MB  jvm_heap=831/3200MB  direct=673/673MB  py_workers=18x21930MB  loss=40.23(avg16=39.34)  mae=5.80  sys_used=24Gi/62Gi
2026-07-14 05:55:30  pid=2886499  rss=4762MB  jvm_heap=1112/3200MB  direct=671/671MB  py_workers=18x22231MB  loss=35.12(avg16=39.65)  mae=5.82  sys_used=24Gi/62Gi
2026-07-14 05:56:01  pid=2886499  rss=4762MB  jvm_heap=2070/3200MB  direct=671/671MB  py_workers=18x22453MB  loss=37.10(avg16=41.27)  mae=5.94  sys_used=24Gi/62Gi
2026-07-14 05:56:31  pid=2886499  rss=4774MB  jvm_heap=1539/3200MB  direct=671/671MB  py_workers=18x22702MB  loss=51.01(avg16=42.68)  mae=6.01  sys_used=25Gi/62Gi
2026-07-14 05:57:01  pid=2886499  rss=4776MB  jvm_heap=944/3200MB  direct=673/673MB  py_workers=18x22362MB  loss=39.47(avg16=42.82)  mae=5.87  sys_used=24Gi/62Gi
2026-07-14 05:57:31  pid=2886499  rss=4774MB  jvm_heap=1853/3200MB  direct=673/673MB  py_workers=18x22305MB  loss=33.58(avg16=43.19)  mae=5.84  sys_used=24Gi/62Gi
2026-07-14 05:58:01  pid=2886499  rss=4788MB  jvm_heap=2951/3200MB  direct=673/673MB  py_workers=18x22578MB  loss=48.59(avg16=42.49)  mae=5.72  sys_used=24Gi/62Gi
2026-07-14 05:58:31  pid=2886499  rss=4788MB  jvm_heap=942/3200MB  direct=675/675MB  py_workers=18x22789MB  loss=40.16(avg16=42.53)  mae=5.66  sys_used=25Gi/62Gi
2026-07-14 05:59:02  pid=2886499  rss=4762MB  jvm_heap=1011/3200MB  direct=675/675MB  py_workers=18x23285MB  loss=32.19(avg16=41.47)  mae=5.58  sys_used=25Gi/62Gi
2026-07-14 05:59:32  pid=2886499  rss=4774MB  jvm_heap=1472/3200MB  direct=671/671MB  py_workers=18x22474MB  loss=37.31(avg16=42.17)  mae=5.62  sys_used=24Gi/62Gi
2026-07-14 06:00:02  pid=2886499  rss=4788MB  jvm_heap=2992/3200MB  direct=673/673MB  py_workers=18x22418MB  loss=43.20(avg16=44.39)  mae=5.82  sys_used=24Gi/62Gi
2026-07-14 06:00:32  pid=2886499  rss=4776MB  jvm_heap=856/3200MB  direct=675/675MB  py_workers=18x22595MB  loss=44.24(avg16=44.23)  mae=5.85  sys_used=24Gi/62Gi
2026-07-14 06:01:02  pid=2886499  rss=4752MB  jvm_heap=1005/3200MB  direct=673/673MB  py_workers=18x22661MB  loss=41.07(avg16=43.68)  mae=5.81  sys_used=24Gi/62Gi
2026-07-14 06:01:32  pid=2886499  rss=4766MB  jvm_heap=1704/3200MB  direct=669/669MB  py_workers=18x23273MB  loss=44.69(avg16=43.50)  mae=5.82  sys_used=25Gi/62Gi
2026-07-14 06:02:03  pid=2886499  rss=4764MB  jvm_heap=2930/3200MB  direct=671/671MB  py_workers=18x22805MB  loss=46.23(avg16=40.71)  mae=5.49  sys_used=25Gi/62Gi
2026-07-14 06:02:33  pid=2886499  rss=4764MB  jvm_heap=2319/3200MB  direct=673/673MB  py_workers=18x22630MB  loss=42.04(avg16=40.55)  mae=5.43  sys_used=24Gi/62Gi
2026-07-14 06:03:03  pid=2886499  rss=4760MB  jvm_heap=987/3200MB  direct=671/671MB  py_workers=18x22554MB  loss=40.23(avg16=40.67)  mae=5.41  sys_used=24Gi/62Gi
2026-07-14 06:03:33  pid=2886499  rss=4760MB  jvm_heap=1762/3200MB  direct=669/669MB  py_workers=18x22650MB  loss=37.71(avg16=42.17)  mae=5.49  sys_used=24Gi/62Gi
2026-07-14 06:04:03  pid=2886499  rss=4764MB  jvm_heap=2706/3200MB  direct=669/669MB  py_workers=18x22617MB  loss=52.95(avg16=45.61)  mae=5.74  sys_used=24Gi/62Gi
2026-07-14 06:04:33  pid=2886499  rss=4752MB  jvm_heap=822/3200MB  direct=671/671MB  py_workers=18x22920MB  loss=38.06(avg16=45.89)  mae=5.79  sys_used=25Gi/62Gi
2026-07-14 06:05:04  pid=2886499  rss=4752MB  jvm_heap=908/3200MB  direct=669/669MB  py_workers=18x22280MB  loss=30.13(avg16=45.14)  mae=5.75  sys_used=24Gi/62Gi
2026-07-14 06:05:34  pid=2886499  rss=4767MB  jvm_heap=2822/3200MB  direct=669/669MB  py_workers=18x22550MB  loss=31.85(avg16=43.00)  mae=5.61  sys_used=24Gi/62Gi
2026-07-14 06:06:04  pid=2886499  rss=4753MB  jvm_heap=1491/3200MB  direct=671/671MB  py_workers=18x22983MB  loss=44.78(avg16=41.86)  mae=5.56  sys_used=25Gi/62Gi
2026-07-14 06:06:34  pid=2886499  rss=4765MB  jvm_heap=895/3200MB  direct=669/669MB  py_workers=18x23198MB  loss=35.22(avg16=38.28)  mae=5.34  sys_used=25Gi/62Gi
2026-07-14 06:07:04  pid=2886499  rss=4767MB  jvm_heap=2175/3200MB  direct=671/671MB  py_workers=18x23272MB  loss=50.09(avg16=40.17)  mae=5.47  sys_used=25Gi/62Gi
2026-07-14 06:07:34  pid=2886499  rss=4765MB  jvm_heap=2046/3200MB  direct=671/671MB  py_workers=18x22965MB  loss=32.76(avg16=40.08)  mae=5.44  sys_used=25Gi/62Gi
2026-07-14 06:08:04  pid=2886499  rss=4763MB  jvm_heap=972/3200MB  direct=673/673MB  py_workers=18x23232MB  loss=52.19(avg16=42.52)  mae=5.63  sys_used=25Gi/62Gi
2026-07-14 06:08:35  pid=2886499  rss=4776MB  jvm_heap=1302/3200MB  direct=671/671MB  py_workers=18x23500MB  loss=50.76(avg16=44.12)  mae=5.74  sys_used=25Gi/62Gi
2026-07-14 06:09:05  pid=2886499  rss=4748MB  jvm_heap=2414/3200MB  direct=673/673MB  py_workers=18x23254MB  loss=25.31(avg16=39.95)  mae=5.39  sys_used=25Gi/62Gi
2026-07-14 06:09:35  pid=2886499  rss=4763MB  jvm_heap=806/3200MB  direct=669/669MB  py_workers=18x22580MB  loss=31.65(avg16=40.62)  mae=5.49  sys_used=24Gi/62Gi
2026-07-14 06:10:05  pid=2886499  rss=4763MB  jvm_heap=997/3200MB  direct=671/671MB  py_workers=18x22867MB  loss=28.70(avg16=39.42)  mae=5.45  sys_used=25Gi/62Gi
2026-07-14 06:10:35  pid=2886499  rss=4749MB  jvm_heap=1139/3200MB  direct=671/671MB  py_workers=18x23078MB  loss=35.82(avg16=36.38)  mae=5.27  sys_used=25Gi/62Gi
2026-07-14 06:11:05  pid=2886499  rss=4762MB  jvm_heap=2075/3200MB  direct=669/669MB  py_workers=18x23385MB  loss=50.70(avg16=36.74)  mae=5.39  sys_used=25Gi/62Gi
2026-07-14 06:11:36  pid=2886499  rss=4757MB  jvm_heap=1895/3200MB  direct=671/671MB  py_workers=18x23719MB  loss=15.30(avg16=32.63)  mae=5.10  sys_used=26Gi/62Gi
2026-07-14 06:12:06  pid=2886499  rss=4757MB  jvm_heap=2040/3200MB  direct=669/669MB  py_workers=18x23127MB  loss=38.59(avg16=32.07)  mae=5.05  sys_used=25Gi/62Gi
2026-07-14 06:12:36  pid=2886499  rss=4749MB  jvm_heap=2006/3200MB  direct=669/669MB  py_workers=18x23250MB  loss=49.60(avg16=34.07)  mae=5.14  sys_used=25Gi/62Gi
2026-07-14 06:13:06  pid=2886499  rss=4760MB  jvm_heap=1738/3200MB  direct=669/669MB  py_workers=18x23232MB  loss=27.88(avg16=33.55)  mae=5.09  sys_used=25Gi/62Gi
2026-07-14 06:13:36  pid=2886499  rss=4774MB  jvm_heap=1412/3200MB  direct=671/671MB  py_workers=18x23537MB  loss=42.73(avg16=33.60)  mae=5.09  sys_used=25Gi/62Gi
2026-07-14 06:14:06  pid=2886499  rss=4788MB  jvm_heap=952/3200MB  direct=673/673MB  py_workers=18x23819MB  loss=36.12(avg16=33.71)  mae=5.03  sys_used=26Gi/62Gi
2026-07-14 06:14:37  pid=2886499  rss=4775MB  jvm_heap=2904/3200MB  direct=675/675MB  py_workers=18x23118MB  loss=26.20(avg16=32.58)  mae=4.95  sys_used=25Gi/62Gi
2026-07-14 06:15:07  pid=2886499  rss=4763MB  jvm_heap=1729/3200MB  direct=673/673MB  py_workers=18x23110MB  loss=36.13(avg16=31.12)  mae=4.82  sys_used=25Gi/62Gi
2026-07-14 06:15:37  pid=2886499  rss=4775MB  jvm_heap=2881/3200MB  direct=671/671MB  py_workers=18x22957MB  loss=25.29(avg16=31.01)  mae=4.79  sys_used=25Gi/62Gi
2026-07-14 06:16:07  pid=2886499  rss=4777MB  jvm_heap=1531/3200MB  direct=673/673MB  py_workers=18x23199MB  loss=52.68(avg16=32.11)  mae=4.92  sys_used=25Gi/62Gi
2026-07-14 06:16:37  pid=2886499  rss=4775MB  jvm_heap=2641/3200MB  direct=673/673MB  py_workers=18x22856MB  loss=16.77(avg16=29.34)  mae=4.70  sys_used=25Gi/62Gi
2026-07-14 06:17:07  pid=2886499  rss=4775MB  jvm_heap=805/3200MB  direct=673/673MB  py_workers=18x22440MB  loss=35.90(avg16=30.10)  mae=4.75  sys_used=24Gi/62Gi
2026-07-14 06:17:38  pid=2886499  rss=4775MB  jvm_heap=978/3200MB  direct=673/673MB  py_workers=18x22710MB  loss=26.50(avg16=29.23)  mae=4.70  sys_used=24Gi/62Gi
2026-07-14 06:18:08  pid=2886499  rss=4777MB  jvm_heap=1430/3200MB  direct=673/673MB  py_workers=18x22710MB  loss=18.87(avg16=27.85)  mae=4.61  sys_used=24Gi/62Gi
2026-07-14 06:18:38  pid=2886499  rss=4777MB  jvm_heap=996/3200MB  direct=673/673MB  py_workers=18x23199MB  loss=12.58(avg16=25.52)  mae=4.39  sys_used=25Gi/62Gi
2026-07-14 06:19:08  pid=2886499  rss=4777MB  jvm_heap=958/3200MB  direct=673/673MB  py_workers=18x22442MB  loss=21.19(avg16=24.79)  mae=4.27  sys_used=24Gi/62Gi
2026-07-14 06:19:38  pid=2886499  rss=4775MB  jvm_heap=1109/3200MB  direct=673/673MB  py_workers=18x22449MB  loss=17.67(avg16=23.11)  mae=4.09  sys_used=24Gi/62Gi
2026-07-14 06:20:08  pid=2886499  rss=4789MB  jvm_heap=2083/3200MB  direct=673/673MB  py_workers=18x22644MB  loss=31.39(avg16=24.28)  mae=4.10  sys_used=24Gi/62Gi
2026-07-14 06:20:39  pid=2886499  rss=4789MB  jvm_heap=1751/3200MB  direct=675/675MB  py_workers=18x22894MB  loss=33.22(avg16=23.64)  mae=3.96  sys_used=25Gi/62Gi
2026-07-14 06:21:09  pid=2886499  rss=4763MB  jvm_heap=1454/3200MB  direct=675/675MB  py_workers=18x23181MB  loss=32.60(avg16=24.76)  mae=3.97  sys_used=25Gi/62Gi
2026-07-14 06:21:39  pid=2886499  rss=4774MB  jvm_heap=1610/3200MB  direct=671/671MB  py_workers=18x23281MB  loss=28.20(avg16=27.73)  mae=4.21  sys_used=25Gi/62Gi
2026-07-14 06:22:09  pid=2886499  rss=4774MB  jvm_heap=962/3200MB  direct=673/673MB  py_workers=18x23211MB  loss=21.53(avg16=28.32)  mae=4.28  sys_used=25Gi/62Gi
2026-07-14 06:22:39  pid=2886499  rss=4775MB  jvm_heap=1727/3200MB  direct=673/673MB  py_workers=18x23078MB  loss=24.77(avg16=29.98)  mae=4.41  sys_used=25Gi/62Gi
2026-07-14 06:23:09  pid=2886499  rss=4775MB  jvm_heap=2671/3200MB  direct=673/673MB  py_workers=18x23078MB  loss=32.74(avg16=31.69)  mae=4.55  sys_used=25Gi/62Gi
2026-07-14 06:23:39  pid=2886499  rss=4761MB  jvm_heap=963/3200MB  direct=673/673MB  py_workers=18x22897MB  loss=49.43(avg16=28.90)  mae=4.31  sys_used=25Gi/62Gi
2026-07-14 06:24:10  pid=2886499  rss=4761MB  jvm_heap=2321/3200MB  direct=671/671MB  py_workers=18x23275MB  loss=15.54(avg16=28.28)  mae=4.21  sys_used=25Gi/62Gi
2026-07-14 06:24:40  pid=2886499  rss=4775MB  jvm_heap=971/3200MB  direct=671/671MB  py_workers=18x23318MB  loss=12.14(avg16=27.70)  mae=4.11  sys_used=25Gi/62Gi
2026-07-14 06:25:10  pid=2886499  rss=4749MB  jvm_heap=997/3200MB  direct=673/673MB  py_workers=18x22837MB  loss=16.37(avg16=26.01)  mae=3.97  sys_used=25Gi/62Gi
2026-07-14 06:25:40  pid=2886499  rss=4763MB  jvm_heap=898/3200MB  direct=669/669MB  py_workers=18x22969MB  loss=27.52(avg16=27.15)  mae=4.03  sys_used=25Gi/62Gi
2026-07-14 06:26:10  pid=2886499  rss=4762MB  jvm_heap=1732/3200MB  direct=671/671MB  py_workers=18x23010MB  loss=45.06(avg16=26.67)  mae=3.93  sys_used=25Gi/62Gi
2026-07-14 06:26:40  pid=2886499  rss=4764MB  jvm_heap=1961/3200MB  direct=671/671MB  py_workers=18x23041MB  loss=12.92(avg16=24.79)  mae=3.82  sys_used=25Gi/62Gi
2026-07-14 06:27:11  pid=2886499  rss=4750MB  jvm_heap=2032/3200MB  direct=671/671MB  py_workers=18x23187MB  loss=16.83(avg16=25.56)  mae=3.85  sys_used=25Gi/62Gi
2026-07-14 06:27:41  pid=2886499  rss=4750MB  jvm_heap=1656/3200MB  direct=669/669MB  py_workers=18x23090MB  loss=15.04(avg16=25.76)  mae=3.82  sys_used=25Gi/62Gi
2026-07-14 06:28:11  pid=2886499  rss=4763MB  jvm_heap=1018/3200MB  direct=669/669MB  py_workers=18x23438MB  loss=42.17(avg16=31.00)  mae=4.08  sys_used=25Gi/62Gi
2026-07-14 06:28:41  pid=2886499  rss=4775MB  jvm_heap=833/3200MB  direct=671/671MB  py_workers=18x23838MB  loss=73.07(avg16=41.14)  mae=4.68  sys_used=26Gi/62Gi
2026-07-14 06:29:11  pid=2886499  rss=4775MB  jvm_heap=970/3200MB  direct=673/673MB  py_workers=18x23476MB  loss=34.94(avg16=47.42)  mae=5.06  sys_used=25Gi/62Gi
2026-07-14 06:29:41  pid=2886499  rss=4776MB  jvm_heap=1586/3200MB  direct=673/673MB  py_workers=18x23639MB  loss=30.22(avg16=49.00)  mae=5.15  sys_used=25Gi/62Gi
2026-07-14 06:30:12  pid=2886499  rss=4775MB  jvm_heap=2546/3200MB  direct=673/673MB  py_workers=18x23483MB  loss=34.13(avg16=49.93)  mae=5.14  sys_used=25Gi/62Gi
2026-07-14 06:30:42  pid=2886499  rss=4750MB  jvm_heap=860/3200MB  direct=673/673MB  py_workers=18x23273MB  loss=25.23(avg16=45.81)  mae=4.95  sys_used=25Gi/62Gi
2026-07-14 06:31:12  pid=2886499  rss=4775MB  jvm_heap=960/3200MB  direct=669/669MB  py_workers=18x23634MB  loss=52.50(avg16=42.91)  mae=4.73  sys_used=25Gi/62Gi
2026-07-14 06:31:42  pid=2886499  rss=4771MB  jvm_heap=937/3200MB  direct=673/673MB  py_workers=18x23015MB  loss=50.63(avg16=39.58)  mae=4.60  sys_used=25Gi/62Gi
2026-07-14 06:32:12  pid=2886499  rss=4795MB  jvm_heap=1133/3200MB  direct=673/673MB  py_workers=18x23074MB  loss=35.62(avg16=41.18)  mae=4.67  sys_used=25Gi/62Gi
2026-07-14 06:32:42  pid=2886499  rss=4786MB  jvm_heap=837/3200MB  direct=677/677MB  py_workers=18x22810MB  loss=30.55(avg16=42.68)  mae=4.69  sys_used=25Gi/62Gi
2026-07-14 06:33:12  pid=2886499  rss=4787MB  jvm_heap=835/3200MB  direct=675/675MB  py_workers=18x22947MB  loss=30.04(avg16=43.16)  mae=4.57  sys_used=25Gi/62Gi
2026-07-14 06:33:43  pid=2886499  rss=4776MB  jvm_heap=963/3200MB  direct=675/675MB  py_workers=18x23525MB  loss=65.63(avg16=47.12)  mae=4.70  sys_used=25Gi/62Gi
2026-07-14 06:34:13  pid=2886499  rss=4764MB  jvm_heap=894/3200MB  direct=673/673MB  py_workers=18x23144MB  loss=27.60(avg16=43.41)  mae=4.46  sys_used=25Gi/62Gi
2026-07-14 06:34:43  pid=2886499  rss=4764MB  jvm_heap=3026/3200MB  direct=671/671MB  py_workers=18x22780MB  loss=51.84(avg16=45.96)  mae=4.65  sys_used=25Gi/62Gi
2026-07-14 06:35:13  pid=2886499  rss=4776MB  jvm_heap=1909/3200MB  direct=671/671MB  py_workers=18x22687MB  loss=72.24(avg16=49.01)  mae=4.96  sys_used=24Gi/62Gi
2026-07-14 06:35:43  pid=2886499  rss=4776MB  jvm_heap=2853/3200MB  direct=673/673MB  py_workers=18x23430MB  loss=56.67(avg16=51.97)  mae=5.26  sys_used=25Gi/62Gi
2026-07-14 06:36:13  pid=2886499  rss=4764MB  jvm_heap=1764/3200MB  direct=673/673MB  py_workers=18x22938MB  loss=76.17(avg16=59.97)  mae=5.89  sys_used=25Gi/62Gi
2026-07-14 06:36:44  pid=2886499  rss=4764MB  jvm_heap=837/3200MB  direct=671/671MB  py_workers=18x22858MB  loss=41.55(avg16=61.96)  mae=6.05  sys_used=25Gi/62Gi
2026-07-14 06:37:14  pid=2886499  rss=4764MB  jvm_heap=874/3200MB  direct=673/673MB  py_workers=18x22874MB  loss=53.73(avg16=64.69)  mae=6.19  sys_used=25Gi/62Gi
2026-07-14 06:37:44  pid=2886499  rss=4776MB  jvm_heap=1164/3200MB  direct=673/673MB  py_workers=18x22972MB  loss=78.09(avg16=67.27)  mae=6.38  sys_used=25Gi/62Gi
2026-07-14 06:38:14  pid=2886499  rss=4776MB  jvm_heap=1006/3200MB  direct=673/673MB  py_workers=18x23916MB  loss=47.81(avg16=61.29)  mae=5.99  sys_used=26Gi/62Gi
2026-07-14 06:38:44  pid=2886499  rss=4776MB  jvm_heap=1104/3200MB  direct=683/679MB  py_workers=18x23370MB  loss=42.06(avg16=57.44)  mae=5.79  sys_used=25Gi/62Gi
2026-07-14 06:39:15  pid=2886499  rss=4776MB  jvm_heap=1151/3200MB  direct=673/673MB  py_workers=18x23194MB  loss=73.13(avg16=56.40)  mae=5.65  sys_used=25Gi/62Gi
2026-07-14 06:39:45  pid=2886499  rss=4776MB  jvm_heap=1154/3200MB  direct=673/673MB  py_workers=18x22760MB  loss=36.44(avg16=55.90)  mae=5.57  sys_used=25Gi/62Gi
2026-07-14 06:40:15  pid=2886499  rss=4776MB  jvm_heap=3096/3200MB  direct=673/673MB  py_workers=18x23029MB  loss=59.66(avg16=53.49)  mae=5.41  sys_used=25Gi/62Gi
2026-07-14 06:40:45  pid=2886499  rss=4776MB  jvm_heap=1702/3200MB  direct=673/673MB  py_workers=18x23523MB  loss=69.74(avg16=58.32)  mae=5.57  sys_used=25Gi/62Gi
2026-07-14 06:41:15  pid=2886499  rss=4764MB  jvm_heap=953/3200MB  direct=673/673MB  py_workers=18x23068MB  loss=51.63(avg16=62.36)  mae=5.90  sys_used=25Gi/62Gi
2026-07-14 06:41:45  pid=2886499  rss=4777MB  jvm_heap=1715/3200MB  direct=671/671MB  py_workers=18x22497MB  loss=47.76(avg16=62.69)  mae=5.99  sys_used=24Gi/62Gi
2026-07-14 06:42:15  pid=2886499  rss=4788MB  jvm_heap=1613/3200MB  direct=673/673MB  py_workers=18x22894MB  loss=75.32(avg16=68.72)  mae=6.42  sys_used=25Gi/62Gi
2026-07-14 06:42:46  pid=2886499  rss=4776MB  jvm_heap=1034/3200MB  direct=675/675MB  py_workers=18x23108MB  loss=59.59(avg16=70.50)  mae=6.68  sys_used=25Gi/62Gi
2026-07-14 06:43:16  pid=2886499  rss=4788MB  jvm_heap=2878/3200MB  direct=673/673MB  py_workers=18x23273MB  loss=74.53(avg16=68.53)  mae=6.75  sys_used=25Gi/62Gi
2026-07-14 06:43:46  pid=2886499  rss=4776MB  jvm_heap=852/3200MB  direct=675/675MB  py_workers=18x23725MB  loss=56.56(avg16=69.18)  mae=6.81  sys_used=25Gi/62Gi
2026-07-14 06:44:16  pid=2886499  rss=4776MB  jvm_heap=2790/3200MB  direct=673/673MB  py_workers=18x22572MB  loss=80.59(avg16=73.30)  mae=7.10  sys_used=24Gi/62Gi
2026-07-14 06:44:46  pid=2886499  rss=4788MB  jvm_heap=1746/3200MB  direct=673/673MB  py_workers=18x22623MB  loss=49.55(avg16=71.86)  mae=7.01  sys_used=24Gi/62Gi
2026-07-14 06:45:16  pid=2886499  rss=4788MB  jvm_heap=2644/3200MB  direct=675/675MB  py_workers=18x22933MB  loss=80.87(avg16=77.73)  mae=7.36  sys_used=25Gi/62Gi
2026-07-14 06:45:47  pid=2886499  rss=4776MB  jvm_heap=1240/3200MB  direct=675/675MB  py_workers=18x23168MB  loss=84.70(avg16=79.11)  mae=7.48  sys_used=25Gi/62Gi
2026-07-14 06:46:17  pid=2886499  rss=4765MB  jvm_heap=960/3200MB  direct=673/673MB  py_workers=18x23388MB  loss=67.16(avg16=75.07)  mae=7.29  sys_used=25Gi/62Gi
2026-07-14 06:46:47  pid=2886499  rss=4777MB  jvm_heap=1721/3200MB  direct=671/671MB  py_workers=18x22888MB  loss=52.57(avg16=74.93)  mae=7.27  sys_used=25Gi/62Gi
2026-07-14 06:47:17  pid=2886499  rss=4777MB  jvm_heap=1678/3200MB  direct=673/673MB  py_workers=18x23149MB  loss=58.61(avg16=74.19)  mae=7.23  sys_used=25Gi/62Gi
2026-07-14 06:47:47  pid=2886499  rss=4791MB  jvm_heap=1022/3200MB  direct=673/673MB  py_workers=18x22915MB  loss=108.55(avg16=77.72)  mae=7.49  sys_used=25Gi/62Gi
2026-07-14 06:48:17  pid=2886499  rss=4791MB  jvm_heap=3068/3200MB  direct=675/675MB  py_workers=18x23543MB  loss=100.83(avg16=81.60)  mae=7.81  sys_used=25Gi/62Gi
2026-07-14 06:48:48  pid=2886499  rss=4779MB  jvm_heap=919/3200MB  direct=675/675MB  py_workers=18x23114MB  loss=65.22(avg16=80.26)  mae=7.82  sys_used=25Gi/62Gi
2026-07-14 06:49:18  pid=2886499  rss=4778MB  jvm_heap=1016/3200MB  direct=673/673MB  py_workers=18x23281MB  loss=78.09(avg16=82.85)  mae=8.04  sys_used=25Gi/62Gi
2026-07-14 06:49:48  pid=2886499  rss=4790MB  jvm_heap=880/3200MB  direct=673/673MB  py_workers=18x23346MB  loss=69.87(avg16=82.47)  mae=8.04  sys_used=25Gi/62Gi
2026-07-14 06:50:18  pid=2886499  rss=4791MB  jvm_heap=1169/3200MB  direct=675/675MB  py_workers=18x23117MB  loss=114.51(avg16=89.47)  mae=8.26  sys_used=25Gi/62Gi
2026-07-14 06:50:48  pid=2886499  rss=4791MB  jvm_heap=2397/3200MB  direct=675/675MB  py_workers=18x23717MB  loss=93.74(avg16=88.11)  mae=8.17  sys_used=25Gi/62Gi
2026-07-14 06:51:18  pid=2886499  rss=4789MB  jvm_heap=2417/3200MB  direct=675/675MB  py_workers=18x23347MB  loss=54.52(avg16=89.13)  mae=8.18  sys_used=25Gi/62Gi
2026-07-14 06:51:49  pid=2886499  rss=4789MB  jvm_heap=979/3200MB  direct=675/675MB  py_workers=18x23376MB  loss=60.83(avg16=89.43)  mae=8.20  sys_used=25Gi/62Gi
2026-07-14 06:52:19  pid=2886499  rss=4777MB  jvm_heap=899/3200MB  direct=677/677MB  py_workers=18x23474MB  loss=71.01(avg16=85.54)  mae=8.05  sys_used=25Gi/62Gi
2026-07-14 06:52:49  pid=2886499  rss=4777MB  jvm_heap=1756/3200MB  direct=675/675MB  py_workers=18x23772MB  loss=86.50(avg16=82.53)  mae=7.98  sys_used=26Gi/62Gi
2026-07-14 06:53:19  pid=2886499  rss=4789MB  jvm_heap=1806/3200MB  direct=675/675MB  py_workers=18x24157MB  loss=51.45(avg16=76.61)  mae=7.64  sys_used=26Gi/62Gi
2026-07-14 06:53:49  pid=2886499  rss=4777MB  jvm_heap=960/3200MB  direct=677/677MB  py_workers=18x23307MB  loss=54.63(avg16=76.18)  mae=7.62  sys_used=25Gi/62Gi
2026-07-14 06:54:19  pid=2886499  rss=4765MB  jvm_heap=2522/3200MB  direct=675/675MB  py_workers=18x23290MB  loss=92.54(avg16=79.37)  mae=7.86  sys_used=25Gi/62Gi
2026-07-14 06:54:50  pid=2886499  rss=4765MB  jvm_heap=1205/3200MB  direct=673/673MB  py_workers=18x23539MB  loss=56.67(avg16=79.03)  mae=7.85  sys_used=25Gi/62Gi
2026-07-14 06:55:20  pid=2886499  rss=4777MB  jvm_heap=884/3200MB  direct=673/673MB  py_workers=18x24016MB  loss=115.40(avg16=84.99)  mae=8.20  sys_used=26Gi/62Gi
2026-07-14 06:55:50  pid=2886499  rss=4765MB  jvm_heap=971/3200MB  direct=675/675MB  py_workers=18x23113MB  loss=62.28(avg16=87.27)  mae=8.32  sys_used=25Gi/62Gi
2026-07-14 06:56:20  pid=2886499  rss=4777MB  jvm_heap=1358/3200MB  direct=673/673MB  py_workers=18x22773MB  loss=54.20(avg16=84.95)  mae=8.15  sys_used=25Gi/62Gi
2026-07-14 06:56:50  pid=2886499  rss=4765MB  jvm_heap=1148/3200MB  direct=675/675MB  py_workers=18x22752MB  loss=112.07(avg16=89.94)  mae=8.22  sys_used=24Gi/62Gi
2026-07-14 06:57:21  pid=2886499  rss=4765MB  jvm_heap=1001/3200MB  direct=673/673MB  py_workers=18x23100MB  loss=73.71(avg16=90.98)  mae=8.26  sys_used=25Gi/62Gi
2026-07-14 06:57:51  pid=2886499  rss=4777MB  jvm_heap=894/3200MB  direct=673/673MB  py_workers=18x23662MB  loss=114.87(avg16=90.38)  mae=8.15  sys_used=25Gi/62Gi
2026-07-14 06:58:21  pid=2886499  rss=4777MB  jvm_heap=1169/3200MB  direct=675/675MB  py_workers=18x23679MB  loss=71.25(avg16=90.16)  mae=8.11  sys_used=25Gi/62Gi
2026-07-14 06:58:51  pid=2886499  rss=4777MB  jvm_heap=2715/3200MB  direct=673/673MB  py_workers=18x23406MB  loss=53.31(avg16=83.75)  mae=7.81  sys_used=25Gi/62Gi
2026-07-14 06:59:21  pid=2886499  rss=4777MB  jvm_heap=1074/3200MB  direct=673/673MB  py_workers=18x23588MB  loss=67.73(avg16=80.15)  mae=7.64  sys_used=25Gi/62Gi
2026-07-14 06:59:51  pid=2886499  rss=4777MB  jvm_heap=1015/3200MB  direct=675/675MB  py_workers=18x23635MB  loss=84.42(avg16=81.94)  mae=7.75  sys_used=25Gi/62Gi
2026-07-14 07:00:21  pid=2886499  rss=4777MB  jvm_heap=996/3200MB  direct=675/675MB  py_workers=18x23961MB  loss=85.54(avg16=80.75)  mae=7.78  sys_used=26Gi/62Gi
2026-07-14 07:00:52  pid=2886499  rss=4791MB  jvm_heap=1152/3200MB  direct=675/675MB  py_workers=18x24465MB  loss=62.87(avg16=81.46)  mae=7.82  sys_used=26Gi/62Gi
2026-07-14 07:01:22  pid=2886499  rss=4779MB  jvm_heap=1286/3200MB  direct=677/677MB  py_workers=18x23385MB  loss=66.02(avg16=82.91)  mae=7.90  sys_used=25Gi/62Gi
2026-07-14 07:01:52  pid=2886499  rss=4791MB  jvm_heap=1016/3200MB  direct=675/675MB  py_workers=18x23177MB  loss=76.56(avg16=82.53)  mae=7.87  sys_used=25Gi/62Gi
2026-07-14 07:02:22  pid=2886499  rss=4791MB  jvm_heap=2066/3200MB  direct=677/677MB  py_workers=18x23476MB  loss=66.12(avg16=83.08)  mae=7.90  sys_used=25Gi/62Gi
2026-07-14 07:02:52  pid=2886499  rss=4791MB  jvm_heap=3006/3200MB  direct=677/677MB  py_workers=18x23818MB  loss=74.82(avg16=82.19)  mae=7.79  sys_used=26Gi/62Gi
2026-07-14 07:03:22  pid=2886499  rss=4791MB  jvm_heap=971/3200MB  direct=677/677MB  py_workers=18x23528MB  loss=76.72(avg16=86.54)  mae=7.88  sys_used=25Gi/62Gi
2026-07-14 07:03:53  pid=2886499  rss=4791MB  jvm_heap=981/3200MB  direct=679/679MB  py_workers=18x23561MB  loss=71.37(avg16=86.57)  mae=7.87  sys_used=25Gi/62Gi
2026-07-14 07:04:23  pid=2886499  rss=4790MB  jvm_heap=1243/3200MB  direct=679/679MB  py_workers=18x23615MB  loss=60.25(avg16=83.13)  mae=7.56  sys_used=25Gi/62Gi
2026-07-14 07:04:53  pid=2886499  rss=4803MB  jvm_heap=1161/3200MB  direct=679/679MB  py_workers=18x24097MB  loss=77.59(avg16=81.62)  mae=7.47  sys_used=26Gi/62Gi
2026-07-14 07:05:23  pid=2886499  rss=4791MB  jvm_heap=1037/3200MB  direct=681/681MB  py_workers=18x24263MB  loss=68.01(avg16=75.02)  mae=7.19  sys_used=26Gi/62Gi
2026-07-14 07:05:53  pid=2886499  rss=4789MB  jvm_heap=970/3200MB  direct=679/679MB  py_workers=18x24541MB  loss=42.26(avg16=63.94)  mae=6.58  sys_used=26Gi/62Gi
2026-07-14 07:06:23  pid=2886499  rss=4777MB  jvm_heap=2269/3200MB  direct=679/679MB  py_workers=18x23510MB  loss=72.63(avg16=62.43)  mae=6.54  sys_used=25Gi/62Gi
2026-07-14 07:06:53  pid=2886499  rss=4777MB  jvm_heap=943/3200MB  direct=677/677MB  py_workers=18x23417MB  loss=38.69(avg16=60.85)  mae=6.52  sys_used=25Gi/62Gi
2026-07-14 07:07:24  pid=2886499  rss=4777MB  jvm_heap=2099/3200MB  direct=677/677MB  py_workers=18x23858MB  loss=81.51(avg16=63.97)  mae=6.66  sys_used=26Gi/62Gi
2026-07-14 07:07:54  pid=2886499  rss=4750MB  jvm_heap=917/3200MB  direct=675/675MB  py_workers=18x24261MB  loss=85.67(avg16=67.47)  mae=6.78  sys_used=26Gi/62Gi
2026-07-14 07:08:24  pid=2886499  rss=4762MB  jvm_heap=978/3200MB  direct=675/675MB  py_workers=18x23910MB  loss=58.91(avg16=71.20)  mae=7.01  sys_used=26Gi/62Gi
2026-07-14 07:08:54  pid=2886499  rss=4762MB  jvm_heap=1017/3200MB  direct=677/677MB  py_workers=18x23919MB  loss=65.01(avg16=71.64)  mae=6.97  sys_used=26Gi/62Gi
2026-07-14 07:09:24  pid=2886499  rss=4750MB  jvm_heap=1952/3200MB  direct=677/677MB  py_workers=18x23601MB  loss=48.58(avg16=72.82)  mae=6.99  sys_used=25Gi/62Gi
2026-07-14 07:09:54  pid=2886499  rss=4750MB  jvm_heap=2892/3200MB  direct=675/675MB  py_workers=18x23869MB  loss=71.70(avg16=73.75)  mae=7.05  sys_used=26Gi/62Gi
2026-07-14 07:10:25  pid=2886499  rss=4750MB  jvm_heap=1917/3200MB  direct=675/675MB  py_workers=18x24267MB  loss=75.12(avg16=70.79)  mae=6.80  sys_used=26Gi/62Gi
2026-07-14 07:10:55  pid=2886499  rss=4762MB  jvm_heap=3165/3200MB  direct=675/675MB  py_workers=18x23733MB  loss=49.15(avg16=65.42)  mae=6.43  sys_used=25Gi/62Gi
2026-07-14 07:11:25  pid=2886499  rss=4774MB  jvm_heap=1000/3200MB  direct=677/677MB  py_workers=18x24049MB  loss=40.94(avg16=63.27)  mae=6.29  sys_used=26Gi/62Gi
2026-07-14 07:11:55  pid=2886499  rss=4774MB  jvm_heap=1018/3200MB  direct=679/679MB  py_workers=18x23941MB  loss=35.85(avg16=61.28)  mae=6.17  sys_used=26Gi/62Gi
2026-07-14 07:12:25  pid=2886499  rss=4762MB  jvm_heap=2026/3200MB  direct=681/681MB  py_workers=18x24281MB  loss=61.65(avg16=59.47)  mae=6.27  sys_used=26Gi/62Gi
2026-07-14 07:12:55  pid=2886499  rss=4751MB  jvm_heap=967/3200MB  direct=679/679MB  py_workers=18x24251MB  loss=31.12(avg16=59.73)  mae=6.33  sys_used=26Gi/62Gi
2026-07-14 07:13:26  pid=2886499  rss=4750MB  jvm_heap=2641/3200MB  direct=683/681MB  py_workers=18x23598MB  loss=28.77(avg16=57.01)  mae=6.19  sys_used=25Gi/62Gi
2026-07-14 07:13:56  pid=2886499  rss=4750MB  jvm_heap=1626/3200MB  direct=677/677MB  py_workers=18x23776MB  loss=26.57(avg16=55.58)  mae=6.10  sys_used=25Gi/62Gi
2026-07-14 07:14:26  pid=2886499  rss=4736MB  jvm_heap=1022/3200MB  direct=677/677MB  py_workers=18x23876MB  loss=47.00(avg16=56.38)  mae=6.05  sys_used=26Gi/62Gi
2026-07-14 07:14:56  pid=2886499  rss=4748MB  jvm_heap=1186/3200MB  direct=675/675MB  py_workers=18x23948MB  loss=72.63(avg16=57.71)  mae=6.09  sys_used=26Gi/62Gi
2026-07-14 07:15:26  pid=2886499  rss=4762MB  jvm_heap=1070/3200MB  direct=677/677MB  py_workers=18x23872MB  loss=28.36(avg16=64.03)  mae=6.26  sys_used=26Gi/62Gi
2026-07-14 07:15:56  pid=2886499  rss=4761MB  jvm_heap=866/3200MB  direct=679/679MB  py_workers=18x24112MB  loss=26.44(avg16=63.08)  mae=6.16  sys_used=26Gi/62Gi
2026-07-14 07:16:27  pid=2886499  rss=4762MB  jvm_heap=1469/3200MB  direct=679/679MB  py_workers=18x24039MB  loss=27.74(avg16=61.85)  mae=6.14  sys_used=26Gi/62Gi
2026-07-14 07:16:57  pid=2886499  rss=4761MB  jvm_heap=2419/3200MB  direct=679/679MB  py_workers=18x23792MB  loss=51.11(avg16=60.96)  mae=6.01  sys_used=26Gi/62Gi
2026-07-14 07:17:27  pid=2886499  rss=4762MB  jvm_heap=2140/3200MB  direct=679/679MB  py_workers=18x24252MB  loss=83.34(avg16=51.78)  mae=5.60  sys_used=26Gi/62Gi
2026-07-14 07:17:57  pid=2886499  rss=4762MB  jvm_heap=2055/3200MB  direct=679/679MB  py_workers=18x24318MB  loss=40.69(avg16=50.84)  mae=5.49  sys_used=26Gi/62Gi
2026-07-14 07:18:27  pid=2886499  rss=4750MB  jvm_heap=2467/3200MB  direct=679/679MB  py_workers=18x23995MB  loss=43.37(avg16=52.06)  mae=5.50  sys_used=26Gi/62Gi
2026-07-14 07:18:57  pid=2886499  rss=4758MB  jvm_heap=1756/3200MB  direct=677/677MB  py_workers=18x24098MB  loss=31.50(avg16=51.22)  mae=5.51  sys_used=26Gi/62Gi
2026-07-14 07:19:28  pid=2886499  rss=4758MB  jvm_heap=1398/3200MB  direct=677/677MB  py_workers=18x23997MB  loss=17.58(avg16=48.87)  mae=5.40  sys_used=26Gi/62Gi
2026-07-14 07:19:58  pid=2886499  rss=4771MB  jvm_heap=956/3200MB  direct=677/677MB  py_workers=18x24330MB  loss=48.11(avg16=44.78)  mae=5.27  sys_used=26Gi/62Gi
2026-07-14 07:20:28  pid=2886499  rss=4769MB  jvm_heap=862/3200MB  direct=679/679MB  py_workers=18x24144MB  loss=12.22(avg16=38.36)  mae=4.84  sys_used=26Gi/62Gi
2026-07-14 07:20:58  pid=2886499  rss=4758MB  jvm_heap=1721/3200MB  direct=679/679MB  py_workers=18x23734MB  loss=15.18(avg16=36.29)  mae=4.67  sys_used=25Gi/62Gi
2026-07-14 07:21:28  pid=2886499  rss=4738MB  jvm_heap=1545/3200MB  direct=677/677MB  py_workers=18x23453MB  loss=31.65(avg16=37.77)  mae=4.76  sys_used=25Gi/62Gi
2026-07-14 07:21:58  pid=2886499  rss=4750MB  jvm_heap=1167/3200MB  direct=675/675MB  py_workers=18x23602MB  loss=153.20(avg16=57.06)  mae=5.33  sys_used=25Gi/62Gi
2026-07-14 07:22:28  pid=2886499  rss=4750MB  jvm_heap=1082/3200MB  direct=675/675MB  py_workers=18x23664MB  loss=62.85(avg16=60.92)  mae=5.62  sys_used=25Gi/62Gi
2026-07-14 07:22:59  pid=2886499  rss=4762MB  jvm_heap=981/3200MB  direct=675/675MB  py_workers=18x24378MB  loss=17.65(avg16=59.22)  mae=5.52  sys_used=26Gi/62Gi
2026-07-14 07:23:29  pid=2886499  rss=4750MB  jvm_heap=1000/3200MB  direct=677/677MB  py_workers=18x23938MB  loss=18.74(avg16=57.27)  mae=5.42  sys_used=26Gi/62Gi
2026-07-14 07:23:59  pid=2886499  rss=4750MB  jvm_heap=1628/3200MB  direct=675/675MB  py_workers=18x23921MB  loss=6.02(avg16=44.50)  mae=4.86  sys_used=26Gi/62Gi
2026-07-14 07:24:29  pid=2886499  rss=4762MB  jvm_heap=1317/3200MB  direct=675/675MB  py_workers=18x23798MB  loss=45.73(avg16=35.65)  mae=4.55  sys_used=26Gi/62Gi
2026-07-14 07:24:59  pid=2886499  rss=4738MB  jvm_heap=1032/3200MB  direct=677/677MB  py_workers=18x23890MB  loss=57.01(avg16=34.66)  mae=4.48  sys_used=26Gi/62Gi
2026-07-14 07:25:29  pid=2886499  rss=4750MB  jvm_heap=2698/3200MB  direct=673/673MB  py_workers=18x23683MB  loss=12.96(avg16=33.08)  mae=4.35  sys_used=25Gi/62Gi
2026-07-14 07:26:00  pid=2886499  rss=4738MB  jvm_heap=1693/3200MB  direct=675/675MB  py_workers=18x23649MB  loss=12.50(avg16=32.76)  mae=4.34  sys_used=25Gi/62Gi
2026-07-14 07:26:30  pid=2886499  rss=4750MB  jvm_heap=2870/3200MB  direct=673/673MB  py_workers=18x23650MB  loss=11.68(avg16=33.39)  mae=4.42  sys_used=25Gi/62Gi
2026-07-14 07:27:00  pid=2886499  rss=4750MB  jvm_heap=1573/3200MB  direct=675/675MB  py_workers=18x24077MB  loss=34.36(avg16=32.80)  mae=4.40  sys_used=26Gi/62Gi
2026-07-14 07:27:30  pid=2886499  rss=4738MB  jvm_heap=2647/3200MB  direct=675/675MB  py_workers=18x24116MB  loss=39.27(avg16=32.03)  mae=4.39  sys_used=26Gi/62Gi
2026-07-14 07:28:00  pid=2886499  rss=4738MB  jvm_heap=1893/3200MB  direct=673/673MB  py_workers=18x23376MB  loss=13.79(avg16=30.11)  mae=4.24  sys_used=25Gi/62Gi
2026-07-14 07:28:30  pid=2886499  rss=4750MB  jvm_heap=1008/3200MB  direct=673/673MB  py_workers=18x23692MB  loss=220.41(avg16=50.37)  mae=4.80  sys_used=25Gi/62Gi
2026-07-14 07:29:01  pid=2886499  rss=4770MB  jvm_heap=1770/3200MB  direct=675/675MB  py_workers=18x23634MB  loss=7.94(avg16=50.71)  mae=4.82  sys_used=25Gi/62Gi
2026-07-14 07:29:31  pid=2886499  rss=4770MB  jvm_heap=1448/3200MB  direct=677/677MB  py_workers=18x24209MB  loss=45.11(avg16=54.57)  mae=5.07  sys_used=26Gi/62Gi
2026-07-14 07:30:01  pid=2886499  rss=4770MB  jvm_heap=978/3200MB  direct=677/677MB  py_workers=18x24515MB  loss=32.93(avg16=54.61)  mae=5.11  sys_used=26Gi/62Gi
2026-07-14 07:30:31  pid=2886499  rss=4758MB  jvm_heap=2987/3200MB  direct=677/677MB  py_workers=18x23951MB  loss=13.71(avg16=44.86)  mae=4.65  sys_used=26Gi/62Gi
2026-07-14 07:31:01  pid=2886499  rss=4750MB  jvm_heap=873/3200MB  direct=675/675MB  py_workers=18x23712MB  loss=13.54(avg16=33.98)  mae=4.57  sys_used=25Gi/62Gi
2026-07-14 07:31:31  pid=2886499  rss=4762MB  jvm_heap=1033/3200MB  direct=675/675MB  py_workers=18x23744MB  loss=11.88(avg16=35.14)  mae=4.67  sys_used=25Gi/62Gi
2026-07-14 07:32:02  pid=2886499  rss=4751MB  jvm_heap=1044/3200MB  direct=677/677MB  py_workers=18x23614MB  loss=23.96(avg16=35.38)  mae=4.69  sys_used=25Gi/62Gi
2026-07-14 07:32:32  pid=2886499  rss=4751MB  jvm_heap=1000/3200MB  direct=675/675MB  py_workers=18x23894MB  loss=8.32(avg16=33.80)  mae=4.59  sys_used=26Gi/62Gi
2026-07-14 07:33:02  pid=2886499  rss=4751MB  jvm_heap=914/3200MB  direct=675/675MB  py_workers=18x23577MB  loss=8.19(avg16=31.74)  mae=4.37  sys_used=25Gi/62Gi
2026-07-14 07:33:32  pid=2886499  rss=4763MB  jvm_heap=1608/3200MB  direct=675/675MB  py_workers=18x23760MB  loss=8.75(avg16=28.93)  mae=4.14  sys_used=25Gi/62Gi
2026-07-14 07:34:02  pid=2886499  rss=4752MB  jvm_heap=2576/3200MB  direct=677/677MB  py_workers=18x23652MB  loss=5.07(avg16=25.37)  mae=3.81  sys_used=25Gi/62Gi
2026-07-14 07:34:32  pid=2886499  rss=4752MB  jvm_heap=947/3200MB  direct=675/675MB  py_workers=18x24186MB  loss=43.35(avg16=25.69)  mae=3.81  sys_used=26Gi/62Gi
2026-07-14 07:35:03  pid=2886499  rss=4764MB  jvm_heap=991/3200MB  direct=675/675MB  py_workers=18x23961MB  loss=9.82(avg16=40.54)  mae=4.02  sys_used=26Gi/62Gi
2026-07-14 07:35:33  pid=2886499  rss=4763MB  jvm_heap=984/3200MB  direct=677/677MB  py_workers=18x24147MB  loss=10.27(avg16=39.27)  mae=3.90  sys_used=26Gi/62Gi
2026-07-14 07:36:03  pid=2886499  rss=4750MB  jvm_heap=1762/3200MB  direct=677/677MB  py_workers=18x23697MB  loss=7.48(avg16=39.43)  mae=3.92  sys_used=25Gi/62Gi
2026-07-14 07:36:33  pid=2886499  rss=4750MB  jvm_heap=1573/3200MB  direct=675/675MB  py_workers=18x23873MB  loss=13.32(avg16=40.27)  mae=4.01  sys_used=26Gi/62Gi
2026-07-14 07:37:03  pid=2886499  rss=4751MB  jvm_heap=1046/3200MB  direct=675/675MB  py_workers=18x24132MB  loss=22.21(avg16=29.37)  mae=3.78  sys_used=26Gi/62Gi
2026-07-14 07:37:33  pid=2886499  rss=4751MB  jvm_heap=2258/3200MB  direct=675/675MB  py_workers=18x24091MB  loss=13.72(avg16=24.18)  mae=3.63  sys_used=26Gi/62Gi
2026-07-14 07:38:04  pid=2886499  rss=4763MB  jvm_heap=1509/3200MB  direct=675/675MB  py_workers=18x24162MB  loss=16.03(avg16=26.64)  mae=3.74  sys_used=26Gi/62Gi
2026-07-14 07:38:34  pid=2886499  rss=4751MB  jvm_heap=2821/3200MB  direct=677/677MB  py_workers=18x24415MB  loss=27.99(avg16=31.93)  mae=4.01  sys_used=26Gi/62Gi
2026-07-14 07:39:04  pid=2886499  rss=4739MB  jvm_heap=1508/3200MB  direct=675/675MB  py_workers=18x24152MB  loss=7.45(avg16=31.37)  mae=3.92  sys_used=26Gi/62Gi
2026-07-14 07:39:34  pid=2886499  rss=4751MB  jvm_heap=2429/3200MB  direct=673/673MB  py_workers=18x23813MB  loss=24.07(avg16=32.45)  mae=4.03  sys_used=26Gi/62Gi
2026-07-14 07:40:04  pid=2886499  rss=4751MB  jvm_heap=1381/3200MB  direct=675/675MB  py_workers=18x24157MB  loss=9.23(avg16=28.26)  mae=3.60  sys_used=26Gi/62Gi
2026-07-14 07:40:34  pid=2886499  rss=4739MB  jvm_heap=1002/3200MB  direct=675/675MB  py_workers=18x23638MB  loss=12.35(avg16=22.03)  mae=3.28  sys_used=25Gi/62Gi
2026-07-14 07:41:05  pid=2886499  rss=4739MB  jvm_heap=1628/3200MB  direct=673/673MB  py_workers=18x23964MB  loss=8.02(avg16=17.75)  mae=2.99  sys_used=26Gi/62Gi
2026-07-14 07:41:35  pid=2886499  rss=4739MB  jvm_heap=1392/3200MB  direct=673/673MB  py_workers=18x23800MB  loss=6.32(avg16=18.93)  mae=3.02  sys_used=25Gi/62Gi
2026-07-14 07:42:05  pid=2886499  rss=4763MB  jvm_heap=1036/3200MB  direct=673/673MB  py_workers=18x24223MB  loss=7.20(avg16=36.95)  mae=3.57  sys_used=26Gi/62Gi
2026-07-14 07:42:35  pid=2886499  rss=4751MB  jvm_heap=1425/3200MB  direct=677/677MB  py_workers=18x24253MB  loss=9.10(avg16=34.02)  mae=3.34  sys_used=26Gi/62Gi
2026-07-14 07:43:05  pid=2886499  rss=4763MB  jvm_heap=2679/3200MB  direct=673/673MB  py_workers=18x23902MB  loss=10.83(avg16=33.89)  mae=3.32  sys_used=26Gi/62Gi
2026-07-14 07:43:35  pid=2886499  rss=4763MB  jvm_heap=941/3200MB  direct=675/675MB  py_workers=18x23920MB  loss=7.86(avg16=31.06)  mae=3.17  sys_used=26Gi/62Gi
2026-07-14 07:44:06  pid=2886499  rss=4751MB  jvm_heap=1775/3200MB  direct=675/675MB  py_workers=18x23936MB  loss=7.66(avg16=11.10)  mae=2.56  sys_used=26Gi/62Gi
2026-07-14 07:44:36  pid=2886499  rss=4763MB  jvm_heap=1534/3200MB  direct=673/673MB  py_workers=18x24205MB  loss=13.91(avg16=18.06)  mae=3.02  sys_used=26Gi/62Gi
2026-07-14 07:45:06  pid=2886499  rss=4751MB  jvm_heap=997/3200MB  direct=675/675MB  py_workers=18x24830MB  loss=15.35(avg16=24.32)  mae=3.26  sys_used=27Gi/62Gi
2026-07-14 07:45:36  pid=2886499  rss=4753MB  jvm_heap=1738/3200MB  direct=673/673MB  py_workers=18x24176MB  loss=8.96(avg16=23.55)  mae=3.17  sys_used=26Gi/62Gi
2026-07-14 07:46:06  pid=2886499  rss=4765MB  jvm_heap=2714/3200MB  direct=673/673MB  py_workers=18x24108MB  loss=4.88(avg16=23.04)  mae=3.14  sys_used=26Gi/62Gi
2026-07-14 07:46:36  pid=2886499  rss=4765MB  jvm_heap=896/3200MB  direct=677/677MB  py_workers=18x24590MB  loss=42.01(avg16=18.89)  mae=2.81  sys_used=26Gi/62Gi
2026-07-14 07:47:06  pid=2886499  rss=4765MB  jvm_heap=961/3200MB  direct=677/677MB  py_workers=18x24893MB  loss=10.48(avg16=15.74)  mae=2.65  sys_used=27Gi/62Gi
2026-07-14 07:47:37  pid=2886499  rss=4765MB  jvm_heap=2757/3200MB  direct=677/677MB  py_workers=18x24779MB  loss=3.38(avg16=12.61)  mae=2.51  sys_used=26Gi/62Gi
2026-07-14 07:48:07  pid=2886499  rss=4765MB  jvm_heap=1751/3200MB  direct=677/677MB  py_workers=18x24582MB  loss=6.19(avg16=15.66)  mae=2.69  sys_used=26Gi/62Gi
2026-07-14 07:48:37  pid=2886499  rss=4765MB  jvm_heap=2880/3200MB  direct=677/677MB  py_workers=18x24869MB  loss=4.10(avg16=31.67)  mae=3.24  sys_used=27Gi/62Gi
2026-07-14 07:49:07  pid=2886499  rss=4765MB  jvm_heap=1478/3200MB  direct=677/677MB  py_workers=18x24447MB  loss=15.13(avg16=29.06)  mae=3.16  sys_used=26Gi/62Gi
2026-07-14 07:49:37  pid=2886499  rss=4765MB  jvm_heap=2789/3200MB  direct=677/677MB  py_workers=18x23903MB  loss=4.81(avg16=28.02)  mae=3.03  sys_used=26Gi/62Gi
2026-07-14 07:50:07  pid=2886499  rss=4765MB  jvm_heap=1756/3200MB  direct=677/677MB  py_workers=18x23888MB  loss=7.67(avg16=24.86)  mae=2.82  sys_used=26Gi/62Gi
2026-07-14 07:50:38  pid=2886499  rss=4765MB  jvm_heap=1036/3200MB  direct=677/677MB  py_workers=18x23967MB  loss=18.06(avg16=10.06)  mae=2.30  sys_used=26Gi/62Gi
2026-07-14 07:51:08  pid=2886499  rss=4765MB  jvm_heap=1682/3200MB  direct=677/677MB  py_workers=18x24113MB  loss=55.72(avg16=16.08)  mae=2.66  sys_used=26Gi/62Gi
2026-07-14 07:51:38  pid=2886499  rss=4765MB  jvm_heap=1545/3200MB  direct=677/677MB  py_workers=18x24249MB  loss=49.82(avg16=21.43)  mae=2.95  sys_used=26Gi/62Gi
2026-07-14 07:52:08  pid=2886499  rss=4765MB  jvm_heap=1121/3200MB  direct=677/677MB  py_workers=18x24522MB  loss=8.14(avg16=25.66)  mae=3.12  sys_used=26Gi/62Gi
2026-07-14 07:52:38  pid=2886499  rss=4765MB  jvm_heap=1349/3200MB  direct=677/677MB  py_workers=18x23843MB  loss=3.49(avg16=27.60)  mae=3.17  sys_used=26Gi/62Gi
2026-07-14 07:53:08  pid=2886499  rss=4777MB  jvm_heap=1021/3200MB  direct=677/677MB  py_workers=18x24077MB  loss=2.67(avg16=23.60)  mae=2.91  sys_used=26Gi/62Gi
2026-07-14 07:53:39  pid=2886499  rss=4777MB  jvm_heap=1040/3200MB  direct=679/679MB  py_workers=18x24187MB  loss=25.03(avg16=22.12)  mae=2.83  sys_used=26Gi/62Gi
2026-07-14 07:54:09  pid=2886499  rss=4767MB  jvm_heap=1104/3200MB  direct=679/679MB  py_workers=18x24682MB  loss=18.72(avg16=16.03)  mae=2.59  sys_used=26Gi/62Gi
2026-07-14 07:54:39  pid=2886499  rss=4753MB  jvm_heap=1268/3200MB  direct=677/677MB  py_workers=18x24756MB  loss=19.15(avg16=15.47)  mae=2.68  sys_used=26Gi/62Gi
2026-07-14 07:55:09  pid=2886499  rss=4765MB  jvm_heap=1722/3200MB  direct=675/675MB  py_workers=18x24560MB  loss=17.37(avg16=17.88)  mae=2.73  sys_used=26Gi/62Gi
2026-07-14 07:55:39  pid=2886499  rss=4765MB  jvm_heap=1588/3200MB  direct=675/675MB  py_workers=18x24616MB  loss=3.97(avg16=14.81)  mae=2.59  sys_used=26Gi/62Gi
2026-07-14 07:56:09  pid=2886499  rss=4766MB  jvm_heap=1042/3200MB  direct=675/675MB  py_workers=18x24658MB  loss=3.62(avg16=13.37)  mae=2.51  sys_used=26Gi/62Gi
2026-07-14 07:56:40  pid=2886499  rss=4777MB  jvm_heap=1059/3200MB  direct=677/677MB  py_workers=18x24236MB  loss=19.43(avg16=12.89)  mae=2.46  sys_used=26Gi/62Gi
2026-07-14 07:57:10  pid=2886499  rss=4777MB  jvm_heap=1783/3200MB  direct=679/679MB  py_workers=18x24616MB  loss=6.88(avg16=12.36)  mae=2.50  sys_used=26Gi/62Gi
2026-07-14 07:57:40  pid=2886499  rss=4773MB  jvm_heap=2072/3200MB  direct=679/679MB  py_workers=18x24312MB  loss=4.06(avg16=17.72)  mae=2.81  sys_used=26Gi/62Gi
2026-07-14 07:58:10  pid=2886499  rss=4773MB  jvm_heap=1762/3200MB  direct=677/677MB  py_workers=18x24372MB  loss=9.84(avg16=20.12)  mae=2.94  sys_used=26Gi/62Gi
2026-07-14 07:58:40  pid=2886499  rss=4773MB  jvm_heap=1590/3200MB  direct=677/677MB  py_workers=18x24621MB  loss=7.94(avg16=23.33)  mae=3.16  sys_used=26Gi/62Gi
2026-07-14 07:59:10  pid=2886499  rss=4754MB  jvm_heap=1060/3200MB  direct=675/675MB  py_workers=18x24476MB  loss=61.28(avg16=30.18)  mae=3.39  sys_used=26Gi/62Gi
2026-07-14 07:59:41  pid=2886499  rss=4765MB  jvm_heap=1636/3200MB  direct=673/673MB  py_workers=18x24856MB  loss=4.52(avg16=28.26)  mae=3.11  sys_used=27Gi/62Gi
2026-07-14 08:00:11  pid=2886499  rss=4766MB  jvm_heap=3042/3200MB  direct=675/675MB  py_workers=18x24713MB  loss=6.60(avg16=28.94)  mae=3.14  sys_used=26Gi/62Gi
2026-07-14 08:00:41  pid=2886499  rss=4754MB  jvm_heap=1006/3200MB  direct=675/675MB  py_workers=18x24647MB  loss=2.81(avg16=25.01)  mae=2.85  sys_used=26Gi/62Gi
2026-07-14 08:01:11  pid=2886499  rss=4753MB  jvm_heap=1041/3200MB  direct=673/673MB  py_workers=18x24656MB  loss=3.58(avg16=23.20)  mae=2.74  sys_used=26Gi/62Gi
2026-07-14 08:01:41  pid=2886499  rss=4753MB  jvm_heap=1651/3200MB  direct=673/673MB  py_workers=18x25044MB  loss=18.22(avg16=14.90)  mae=2.42  sys_used=27Gi/62Gi
2026-07-14 08:02:11  pid=2886499  rss=4765MB  jvm_heap=960/3200MB  direct=673/673MB  py_workers=18x25024MB  loss=4.48(avg16=12.54)  mae=2.23  sys_used=27Gi/62Gi
2026-07-14 08:02:42  pid=2886499  rss=4753MB  jvm_heap=2059/3200MB  direct=675/675MB  py_workers=18x24251MB  loss=1.36(avg16=11.75)  mae=2.14  sys_used=26Gi/62Gi
2026-07-14 08:03:12  pid=2886499  rss=4765MB  jvm_heap=3029/3200MB  direct=673/673MB  py_workers=18x24402MB  loss=2.83(avg16=10.84)  mae=2.05  sys_used=26Gi/62Gi
2026-07-14 08:03:42  pid=2886499  rss=4778MB  jvm_heap=931/3200MB  direct=675/675MB  py_workers=18x24759MB  loss=24.26(avg16=10.29)  mae=2.08  sys_used=26Gi/62Gi
2026-07-14 08:04:12  pid=2886499  rss=4778MB  jvm_heap=1364/3200MB  direct=677/677MB  py_workers=18x24728MB  loss=62.59(avg16=13.49)  mae=2.34  sys_used=26Gi/62Gi
2026-07-14 08:04:42  pid=2886499  rss=4778MB  jvm_heap=858/3200MB  direct=677/677MB  py_workers=18x25065MB  loss=6.01(avg16=17.42)  mae=2.53  sys_used=27Gi/62Gi
2026-07-14 08:05:12  pid=2886499  rss=4766MB  jvm_heap=1004/3200MB  direct=677/677MB  py_workers=18x24443MB  loss=2.40(avg16=22.05)  mae=2.83  sys_used=26Gi/62Gi
2026-07-14 08:05:43  pid=2886499  rss=4766MB  jvm_heap=2258/3200MB  direct=675/675MB  py_workers=18x24541MB  loss=6.81(avg16=23.10)  mae=2.85  sys_used=26Gi/62Gi
2026-07-14 08:06:13  pid=2886499  rss=4778MB  jvm_heap=949/3200MB  direct=675/675MB  py_workers=18x25007MB  loss=5.54(avg16=30.43)  mae=3.19  sys_used=27Gi/62Gi
2026-07-14 08:06:43  pid=2886499  rss=4766MB  jvm_heap=877/3200MB  direct=677/677MB  py_workers=18x25145MB  loss=48.24(avg16=24.73)  mae=2.78  sys_used=27Gi/62Gi
2026-07-14 08:07:13  pid=2886499  rss=4778MB  jvm_heap=1016/3200MB  direct=675/675MB  py_workers=18x24982MB  loss=1.86(avg16=18.20)  mae=2.34  sys_used=27Gi/62Gi
2026-07-14 08:07:43  pid=2886499  rss=4754MB  jvm_heap=3074/3200MB  direct=677/677MB  py_workers=18x25086MB  loss=1.13(avg16=16.62)  mae=2.22  sys_used=27Gi/62Gi
2026-07-14 08:08:13  pid=2886499  rss=4754MB  jvm_heap=2004/3200MB  direct=673/673MB  py_workers=18x24602MB  loss=1.78(avg16=12.58)  mae=2.06  sys_used=26Gi/62Gi
2026-07-14 08:08:44  pid=2886499  rss=4778MB  jvm_heap=2944/3200MB  direct=673/673MB  py_workers=18x25112MB  loss=5.29(avg16=11.15)  mae=1.94  sys_used=27Gi/62Gi
2026-07-14 08:09:14  pid=2886499  rss=4778MB  jvm_heap=994/3200MB  direct=677/677MB  py_workers=18x25158MB  loss=3.53(avg16=7.97)  mae=1.80  sys_used=27Gi/62Gi
2026-07-14 08:09:44  pid=2886499  rss=4766MB  jvm_heap=1030/3200MB  direct=677/677MB  py_workers=18x24585MB  loss=3.08(avg16=8.61)  mae=1.82  sys_used=26Gi/62Gi
2026-07-14 08:10:14  pid=2886499  rss=4778MB  jvm_heap=935/3200MB  direct=675/675MB  py_workers=18x24176MB  loss=5.96(avg16=8.42)  mae=1.94  sys_used=26Gi/62Gi
2026-07-14 08:10:44  pid=2886499  rss=4766MB  jvm_heap=959/3200MB  direct=677/677MB  py_workers=18x24138MB  loss=7.07(avg16=9.07)  mae=2.15  sys_used=26Gi/62Gi
2026-07-14 08:11:14  pid=2886499  rss=4766MB  jvm_heap=3137/3200MB  direct=675/675MB  py_workers=18x24292MB  loss=25.19(avg16=16.23)  mae=2.81  sys_used=26Gi/62Gi
2026-07-14 08:11:44  pid=2886499  rss=4778MB  jvm_heap=2077/3200MB  direct=675/675MB  py_workers=18x23983MB  loss=20.50(avg16=19.97)  mae=3.25  sys_used=26Gi/62Gi
2026-07-14 08:12:15  pid=2886499  rss=4766MB  jvm_heap=876/3200MB  direct=677/677MB  py_workers=18x24271MB  loss=19.92(avg16=23.95)  mae=3.55  sys_used=26Gi/62Gi
2026-07-14 08:12:45  pid=2886499  rss=4776MB  jvm_heap=2316/3200MB  direct=675/675MB  py_workers=18x24295MB  loss=29.70(avg16=26.50)  mae=3.75  sys_used=26Gi/62Gi
2026-07-14 08:13:15  pid=2886499  rss=4790MB  jvm_heap=1037/3200MB  direct=679/679MB  py_workers=18x24579MB  loss=23.25(avg16=25.84)  mae=3.67  sys_used=26Gi/62Gi
2026-07-14 08:13:45  pid=2886499  rss=4790MB  jvm_heap=1046/3200MB  direct=683/683MB  py_workers=18x24946MB  loss=24.48(avg16=32.81)  mae=4.05  sys_used=27Gi/62Gi
2026-07-14 08:14:15  pid=2886499  rss=4778MB  jvm_heap=2283/3200MB  direct=683/683MB  py_workers=18x24690MB  loss=3.95(avg16=30.16)  mae=3.68  sys_used=26Gi/62Gi
2026-07-14 08:14:45  pid=2886499  rss=4778MB  jvm_heap=935/3200MB  direct=681/681MB  py_workers=18x24331MB  loss=5.18(avg16=29.22)  mae=3.51  sys_used=26Gi/62Gi
2026-07-14 08:15:16  pid=2886499  rss=4778MB  jvm_heap=2965/3200MB  direct=679/679MB  py_workers=18x24005MB  loss=6.18(avg16=26.79)  mae=3.25  sys_used=26Gi/62Gi
2026-07-14 08:15:46  pid=2886499  rss=4754MB  jvm_heap=1601/3200MB  direct=679/679MB  py_workers=18x23838MB  loss=6.30(avg16=19.09)  mae=2.73  sys_used=26Gi/62Gi
2026-07-14 08:16:16  pid=2886499  rss=4766MB  jvm_heap=928/3200MB  direct=675/675MB  py_workers=18x24656MB  loss=16.02(avg16=14.74)  mae=2.42  sys_used=26Gi/62Gi
2026-07-14 08:16:46  pid=2886499  rss=4766MB  jvm_heap=1008/3200MB  direct=675/675MB  py_workers=18x24416MB  loss=25.43(avg16=15.09)  mae=2.73  sys_used=26Gi/62Gi
2026-07-14 08:17:16  pid=2886499  rss=4754MB  jvm_heap=2639/3200MB  direct=675/675MB  py_workers=18x24285MB  loss=18.41(avg16=16.95)  mae=3.07  sys_used=26Gi/62Gi
2026-07-14 08:17:46  pid=2886499  rss=4766MB  jvm_heap=1689/3200MB  direct=673/673MB  py_workers=18x24520MB  loss=43.71(avg16=23.83)  mae=3.71  sys_used=26Gi/62Gi
2026-07-14 08:18:17  pid=2886499  rss=4778MB  jvm_heap=1065/3200MB  direct=675/675MB  py_workers=18x24750MB  loss=33.36(avg16=29.83)  mae=4.35  sys_used=26Gi/62Gi
2026-07-14 08:18:47  pid=2886499  rss=4766MB  jvm_heap=1658/3200MB  direct=677/677MB  py_workers=18x24764MB  loss=42.09(avg16=36.62)  mae=5.08  sys_used=26Gi/62Gi
2026-07-14 08:19:17  pid=2886499  rss=4766MB  jvm_heap=2103/3200MB  direct=675/675MB  py_workers=18x24692MB  loss=41.40(avg16=42.12)  mae=5.53  sys_used=26Gi/62Gi
2026-07-14 08:19:47  pid=2886499  rss=4778MB  jvm_heap=1007/3200MB  direct=675/675MB  py_workers=18x24871MB  loss=52.07(avg16=45.21)  mae=5.70  sys_used=27Gi/62Gi
2026-07-14 08:20:17  pid=2886499  rss=4766MB  jvm_heap=1059/3200MB  direct=677/677MB  py_workers=18x24824MB  loss=45.23(avg16=44.51)  mae=5.62  sys_used=27Gi/62Gi
2026-07-14 08:20:47  pid=2886499  rss=4767MB  jvm_heap=1070/3200MB  direct=675/675MB  py_workers=18x25152MB  loss=73.46(avg16=48.39)  mae=5.81  sys_used=27Gi/62Gi
2026-07-14 08:21:18  pid=2886499  rss=4755MB  jvm_heap=939/3200MB  direct=675/675MB  py_workers=18x25170MB  loss=35.84(avg16=47.62)  mae=5.65  sys_used=27Gi/62Gi
2026-07-14 08:21:48  pid=2886499  rss=4766MB  jvm_heap=950/3200MB  direct=673/673MB  py_workers=18x24851MB  loss=39.64(avg16=44.91)  mae=5.33  sys_used=27Gi/62Gi
2026-07-14 08:22:18  pid=2886499  rss=4778MB  jvm_heap=1879/3200MB  direct=673/673MB  py_workers=18x24684MB  loss=58.27(avg16=47.09)  mae=5.35  sys_used=26Gi/62Gi
2026-07-14 08:22:48  pid=2886499  rss=4766MB  jvm_heap=2847/3200MB  direct=675/675MB  py_workers=18x24675MB  loss=6.03(avg16=41.00)  mae=4.82  sys_used=26Gi/62Gi
2026-07-14 08:23:18  pid=2886499  rss=4778MB  jvm_heap=973/3200MB  direct=673/673MB  py_workers=18x24831MB  loss=26.72(avg16=36.48)  mae=4.52  sys_used=27Gi/62Gi
2026-07-14 08:23:48  pid=2886499  rss=4753MB  jvm_heap=1061/3200MB  direct=675/675MB  py_workers=18x24760MB  loss=44.36(avg16=33.47)  mae=4.48  sys_used=26Gi/62Gi
2026-07-14 08:24:19  pid=2886499  rss=4753MB  jvm_heap=1018/3200MB  direct=671/671MB  py_workers=18x24591MB  loss=42.22(avg16=34.44)  mae=4.73  sys_used=26Gi/62Gi
2026-07-14 08:24:49  pid=2886499  rss=4765MB  jvm_heap=2278/3200MB  direct=671/671MB  py_workers=18x24524MB  loss=43.48(avg16=35.89)  mae=5.06  sys_used=26Gi/62Gi
2026-07-14 08:25:19  pid=2886499  rss=4765MB  jvm_heap=2163/3200MB  direct=673/673MB  py_workers=18x24580MB  loss=28.26(avg16=38.34)  mae=5.40  sys_used=26Gi/62Gi
2026-07-14 08:25:49  pid=2886499  rss=4753MB  jvm_heap=1058/3200MB  direct=673/673MB  py_workers=18x24710MB  loss=39.17(avg16=43.80)  mae=5.93  sys_used=26Gi/62Gi
2026-07-14 08:26:19  pid=2886499  rss=4767MB  jvm_heap=2218/3200MB  direct=671/671MB  py_workers=18x25029MB  loss=55.78(avg16=54.66)  mae=6.72  sys_used=27Gi/62Gi
2026-07-14 08:26:49  pid=2886499  rss=4753MB  jvm_heap=1459/3200MB  direct=673/673MB  py_workers=18x24695MB  loss=51.04(avg16=58.08)  mae=6.96  sys_used=26Gi/62Gi
2026-07-14 08:27:20  pid=2886499  rss=4753MB  jvm_heap=2645/3200MB  direct=671/671MB  py_workers=18x24649MB  loss=50.68(avg16=61.48)  mae=7.18  sys_used=26Gi/62Gi
2026-07-14 08:27:50  pid=2886499  rss=4753MB  jvm_heap=1351/3200MB  direct=671/671MB  py_workers=18x24914MB  loss=36.83(avg16=59.58)  mae=6.99  sys_used=27Gi/62Gi
2026-07-14 08:28:20  pid=2886499  rss=4764MB  jvm_heap=2513/3200MB  direct=671/671MB  py_workers=18x24998MB  loss=66.69(avg16=56.00)  mae=6.70  sys_used=27Gi/62Gi
2026-07-14 08:28:50  pid=2886499  rss=4766MB  jvm_heap=1447/3200MB  direct=673/673MB  py_workers=18x24947MB  loss=46.34(avg16=54.77)  mae=6.48  sys_used=27Gi/62Gi
2026-07-14 08:29:20  pid=2886499  rss=4767MB  jvm_heap=1021/3200MB  direct=673/673MB  py_workers=18x24904MB  loss=34.93(avg16=48.88)  mae=6.01  sys_used=27Gi/62Gi
2026-07-14 08:29:50  pid=2886499  rss=4779MB  jvm_heap=1042/3200MB  direct=673/673MB  py_workers=18x25235MB  loss=27.85(avg16=46.68)  mae=5.82  sys_used=27Gi/62Gi
2026-07-14 08:30:20  pid=2886499  rss=4779MB  jvm_heap=2524/3200MB  direct=675/675MB  py_workers=18x25344MB  loss=38.28(avg16=45.25)  mae=5.81  sys_used=27Gi/62Gi
2026-07-14 08:30:51  pid=2886499  rss=4767MB  jvm_heap=1210/3200MB  direct=675/675MB  py_workers=18x24519MB  loss=60.65(avg16=42.59)  mae=5.67  sys_used=26Gi/62Gi
2026-07-14 08:31:21  pid=2886499  rss=4767MB  jvm_heap=1006/3200MB  direct=673/673MB  py_workers=18x24544MB  loss=50.40(avg16=41.15)  mae=5.72  sys_used=26Gi/62Gi
2026-07-14 08:31:51  pid=2886499  rss=4765MB  jvm_heap=2018/3200MB  direct=673/673MB  py_workers=18x24484MB  loss=30.82(avg16=41.86)  mae=5.86  sys_used=26Gi/62Gi
2026-07-14 08:32:21  pid=2886499  rss=4765MB  jvm_heap=2065/3200MB  direct=673/673MB  py_workers=18x24515MB  loss=33.56(avg16=43.87)  mae=6.05  sys_used=26Gi/62Gi
2026-07-14 08:32:51  pid=2886499  rss=4765MB  jvm_heap=1057/3200MB  direct=673/673MB  py_workers=18x24533MB  loss=47.25(avg16=46.53)  mae=6.32  sys_used=26Gi/62Gi
2026-07-14 08:33:21  pid=2886499  rss=4779MB  jvm_heap=1088/3200MB  direct=673/673MB  py_workers=18x25141MB  loss=66.98(avg16=50.84)  mae=6.73  sys_used=27Gi/62Gi
2026-07-14 08:33:52  pid=2886499  rss=4754MB  jvm_heap=1018/3200MB  direct=675/675MB  py_workers=18x25227MB  loss=43.35(avg16=53.39)  mae=6.94  sys_used=27Gi/62Gi
2026-07-14 08:34:22  pid=2886499  rss=4768MB  jvm_heap=1342/3200MB  direct=671/671MB  py_workers=18x24305MB  loss=40.09(avg16=53.79)  mae=6.97  sys_used=26Gi/62Gi
2026-07-14 08:34:52  pid=2886499  rss=4768MB  jvm_heap=1190/3200MB  direct=673/673MB  py_workers=18x24301MB  loss=36.73(avg16=54.55)  mae=6.98  sys_used=26Gi/62Gi
2026-07-14 08:35:22  pid=2886499  rss=4767MB  jvm_heap=1145/3200MB  direct=673/673MB  py_workers=18x24770MB  loss=47.35(avg16=54.40)  mae=6.92  sys_used=26Gi/62Gi
2026-07-14 08:35:52  pid=2886499  rss=4781MB  jvm_heap=922/3200MB  direct=673/673MB  py_workers=18x25431MB  loss=43.22(avg16=51.55)  mae=6.61  sys_used=27Gi/62Gi
2026-07-14 08:36:22  pid=2886499  rss=4779MB  jvm_heap=1007/3200MB  direct=675/675MB  py_workers=18x24883MB  loss=35.03(avg16=48.11)  mae=6.31  sys_used=27Gi/62Gi
2026-07-14 08:36:53  pid=2886499  rss=4793MB  jvm_heap=1769/3200MB  direct=675/675MB  py_workers=18x24796MB  loss=24.84(avg16=43.72)  mae=6.01  sys_used=27Gi/62Gi
2026-07-14 08:37:23  pid=2886499  rss=4779MB  jvm_heap=1711/3200MB  direct=679/679MB  py_workers=18x24848MB  loss=31.66(avg16=44.48)  mae=5.95  sys_used=27Gi/62Gi
2026-07-14 08:37:53  pid=2886499  rss=4779MB  jvm_heap=1203/3200MB  direct=677/677MB  py_workers=18x24788MB  loss=37.32(avg16=41.99)  mae=5.79  sys_used=27Gi/62Gi
2026-07-14 08:38:23  pid=2886499  rss=4779MB  jvm_heap=1134/3200MB  direct=677/677MB  py_workers=18x25045MB  loss=37.34(avg16=40.95)  mae=5.76  sys_used=27Gi/62Gi
2026-07-14 08:38:53  pid=2886499  rss=4779MB  jvm_heap=1445/3200MB  direct=677/677MB  py_workers=18x25166MB  loss=32.17(avg16=38.77)  mae=5.49  sys_used=27Gi/62Gi
2026-07-14 08:39:23  pid=2886499  rss=4779MB  jvm_heap=1620/3200MB  direct=677/677MB  py_workers=18x25186MB  loss=42.88(avg16=37.58)  mae=5.52  sys_used=27Gi/62Gi
2026-07-14 08:39:54  pid=2886499  rss=4768MB  jvm_heap=1051/3200MB  direct=679/679MB  py_workers=18x24574MB  loss=52.50(avg16=41.00)  mae=5.79  sys_used=26Gi/62Gi
2026-07-14 08:40:24  pid=2886499  rss=4780MB  jvm_heap=2236/3200MB  direct=677/677MB  py_workers=18x24742MB  loss=41.86(avg16=43.06)  mae=5.96  sys_used=26Gi/62Gi
2026-07-14 08:40:54  pid=2886499  rss=4766MB  jvm_heap=3176/3200MB  direct=679/679MB  py_workers=18x24754MB  loss=47.79(avg16=48.27)  mae=6.37  sys_used=26Gi/62Gi
2026-07-14 08:41:24  pid=2886499  rss=4754MB  jvm_heap=1021/3200MB  direct=677/677MB  py_workers=18x25148MB  loss=39.16(avg16=49.31)  mae=6.48  sys_used=27Gi/62Gi
2026-07-14 08:41:54  pid=2886499  rss=4766MB  jvm_heap=1027/3200MB  direct=675/675MB  py_workers=18x24830MB  loss=39.31(avg16=47.66)  mae=6.39  sys_used=27Gi/62Gi
2026-07-14 08:42:24  pid=2886499  rss=4767MB  jvm_heap=1060/3200MB  direct=677/677MB  py_workers=18x24770MB  loss=38.15(avg16=46.98)  mae=6.35  sys_used=26Gi/62Gi
2026-07-14 08:42:55  pid=2886499  rss=4768MB  jvm_heap=1672/3200MB  direct=677/677MB  py_workers=18x25047MB  loss=54.13(avg16=47.73)  mae=6.45  sys_used=27Gi/62Gi
2026-07-14 08:43:25  pid=2886499  rss=4779MB  jvm_heap=1790/3200MB  direct=677/677MB  py_workers=18x25296MB  loss=42.86(avg16=46.59)  mae=6.33  sys_used=27Gi/62Gi
2026-07-14 08:43:55  pid=2886499  rss=4766MB  jvm_heap=1454/3200MB  direct=679/679MB  py_workers=18x25297MB  loss=57.21(avg16=48.23)  mae=6.23  sys_used=27Gi/62Gi
2026-07-14 08:44:25  pid=2886499  rss=4768MB  jvm_heap=1745/3200MB  direct=675/675MB  py_workers=18x24955MB  loss=44.95(avg16=45.65)  mae=5.98  sys_used=27Gi/62Gi
2026-07-14 08:44:55  pid=2886499  rss=4766MB  jvm_heap=1076/3200MB  direct=675/675MB  py_workers=18x25001MB  loss=49.55(avg16=44.06)  mae=5.84  sys_used=27Gi/62Gi
2026-07-14 08:45:25  pid=2886499  rss=4765MB  jvm_heap=2274/3200MB  direct=675/675MB  py_workers=18x25419MB  loss=27.64(avg16=39.82)  mae=5.49  sys_used=27Gi/62Gi
2026-07-14 08:45:56  pid=2886499  rss=4766MB  jvm_heap=967/3200MB  direct=675/675MB  py_workers=18x25023MB  loss=38.75(avg16=40.60)  mae=5.50  sys_used=27Gi/62Gi
2026-07-14 08:46:26  pid=2886499  rss=4779MB  jvm_heap=1025/3200MB  direct=673/673MB  py_workers=18x25019MB  loss=51.66(avg16=39.49)  mae=5.61  sys_used=27Gi/62Gi
2026-07-14 08:46:56  pid=2886499  rss=4780MB  jvm_heap=1037/3200MB  direct=675/675MB  py_workers=18x24892MB  loss=45.75(avg16=41.16)  mae=5.73  sys_used=27Gi/62Gi
2026-07-14 08:47:26  pid=2886499  rss=4766MB  jvm_heap=1060/3200MB  direct=675/675MB  py_workers=18x24605MB  loss=44.65(avg16=40.66)  mae=5.70  sys_used=26Gi/62Gi
2026-07-14 08:47:56  pid=2886499  rss=4754MB  jvm_heap=2002/3200MB  direct=673/673MB  py_workers=18x24863MB  loss=37.40(avg16=38.42)  mae=5.65  sys_used=27Gi/62Gi
2026-07-14 08:48:26  pid=2886499  rss=4766MB  jvm_heap=2388/3200MB  direct=671/671MB  py_workers=18x24829MB  loss=30.78(avg16=39.54)  mae=5.75  sys_used=27Gi/62Gi
2026-07-14 08:48:56  pid=2886499  rss=4780MB  jvm_heap=1046/3200MB  direct=673/673MB  py_workers=18x25099MB  loss=41.65(avg16=37.64)  mae=5.64  sys_used=27Gi/62Gi
2026-07-14 08:49:27  pid=2886499  rss=4780MB  jvm_heap=2933/3200MB  direct=675/675MB  py_workers=18x25057MB  loss=47.50(avg16=39.34)  mae=5.79  sys_used=27Gi/62Gi
2026-07-14 08:49:57  pid=2886499  rss=4766MB  jvm_heap=1681/3200MB  direct=675/675MB  py_workers=18x25211MB  loss=42.56(avg16=42.61)  mae=5.94  sys_used=27Gi/62Gi
2026-07-14 08:50:27  pid=2886499  rss=4768MB  jvm_heap=1258/3200MB  direct=673/673MB  py_workers=18x25049MB  loss=61.30(avg16=44.15)  mae=5.98  sys_used=27Gi/62Gi
2026-07-14 08:50:57  pid=2886499  rss=4768MB  jvm_heap=2095/3200MB  direct=673/673MB  py_workers=18x25331MB  loss=33.89(avg16=43.62)  mae=5.79  sys_used=27Gi/62Gi
2026-07-14 08:51:27  pid=2886499  rss=4768MB  jvm_heap=2445/3200MB  direct=673/673MB  py_workers=18x25206MB  loss=41.21(avg16=43.35)  mae=5.65  sys_used=27Gi/62Gi
2026-07-14 08:51:57  pid=2886499  rss=4768MB  jvm_heap=1051/3200MB  direct=673/673MB  py_workers=18x25213MB  loss=29.14(avg16=39.29)  mae=5.33  sys_used=27Gi/62Gi
2026-07-14 08:52:28  pid=2886499  rss=4766MB  jvm_heap=2516/3200MB  direct=673/673MB  py_workers=18x24687MB  loss=30.40(avg16=39.34)  mae=5.21  sys_used=26Gi/62Gi
2026-07-14 08:52:58  pid=2886499  rss=4768MB  jvm_heap=1210/3200MB  direct=673/673MB  py_workers=18x25144MB  loss=41.59(avg16=36.76)  mae=5.20  sys_used=27Gi/62Gi
2026-07-14 08:53:28  pid=2886499  rss=4766MB  jvm_heap=2379/3200MB  direct=673/673MB  py_workers=18x25608MB  loss=41.85(avg16=37.71)  mae=5.41  sys_used=27Gi/62Gi
2026-07-14 08:53:58  pid=2886499  rss=4766MB  jvm_heap=1532/3200MB  direct=673/673MB  py_workers=18x25300MB  loss=55.10(avg16=40.05)  mae=5.60  sys_used=27Gi/62Gi
2026-07-14 08:54:28  pid=2886499  rss=4754MB  jvm_heap=1052/3200MB  direct=673/673MB  py_workers=18x25177MB  loss=22.90(avg16=38.30)  mae=5.54  sys_used=27Gi/62Gi
2026-07-14 08:54:58  pid=2886499  rss=4754MB  jvm_heap=1066/3200MB  direct=671/671MB  py_workers=18x25044MB  loss=23.77(avg16=38.60)  mae=5.62  sys_used=27Gi/62Gi
2026-07-14 08:55:29  pid=2886499  rss=4782MB  jvm_heap=2869/3200MB  direct=671/671MB  py_workers=18x25448MB  loss=32.79(avg16=39.37)  mae=5.62  sys_used=27Gi/62Gi
2026-07-14 08:55:59  pid=2886499  rss=4780MB  jvm_heap=2031/3200MB  direct=675/675MB  py_workers=18x25420MB  loss=36.48(avg16=38.11)  mae=5.48  sys_used=27Gi/62Gi
2026-07-14 08:56:29  pid=2886499  rss=4780MB  jvm_heap=1069/3200MB  direct=673/673MB  py_workers=18x25086MB  loss=47.15(avg16=41.30)  mae=5.62  sys_used=27Gi/62Gi
2026-07-14 08:56:59  pid=2886499  rss=4780MB  jvm_heap=934/3200MB  direct=673/673MB  py_workers=18x25014MB  loss=38.28(avg16=42.95)  mae=5.77  sys_used=27Gi/62Gi
2026-07-14 08:57:29  pid=2886499  rss=4768MB  jvm_heap=1063/3200MB  direct=673/673MB  py_workers=18x24899MB  loss=31.82(avg16=47.59)  mae=5.89  sys_used=27Gi/62Gi
2026-07-14 08:57:59  pid=2886499  rss=4780MB  jvm_heap=1066/3200MB  direct=671/671MB  py_workers=18x25630MB  loss=87.28(avg16=53.31)  mae=6.14  sys_used=27Gi/62Gi
2026-07-14 08:58:30  pid=2886499  rss=4768MB  jvm_heap=1435/3200MB  direct=673/673MB  py_workers=18x25712MB  loss=30.40(avg16=52.73)  mae=5.95  sys_used=27Gi/62Gi
2026-07-14 08:59:00  pid=2886499  rss=4780MB  jvm_heap=1036/3200MB  direct=673/673MB  py_workers=18x25188MB  loss=33.85(avg16=52.78)  mae=5.84  sys_used=27Gi/62Gi
2026-07-14 08:59:30  pid=2886499  rss=4769MB  jvm_heap=1870/3200MB  direct=675/675MB  py_workers=18x25383MB  loss=33.48(avg16=47.84)  mae=5.71  sys_used=27Gi/62Gi
2026-07-14 09:00:00  pid=2886499  rss=4769MB  jvm_heap=2812/3200MB  direct=673/673MB  py_workers=18x25134MB  loss=31.25(avg16=49.97)  mae=5.84  sys_used=27Gi/62Gi
2026-07-14 09:00:30  pid=2886499  rss=4768MB  jvm_heap=1280/3200MB  direct=673/673MB  py_workers=18x25211MB  loss=40.66(avg16=42.92)  mae=5.55  sys_used=27Gi/62Gi
2026-07-14 09:01:00  pid=2886499  rss=4754MB  jvm_heap=1033/3200MB  direct=673/673MB  py_workers=18x25324MB  loss=11.85(avg16=38.43)  mae=5.24  sys_used=27Gi/62Gi
2026-07-14 09:01:31  pid=2886499  rss=4755MB  jvm_heap=1042/3200MB  direct=671/671MB  py_workers=18x25195MB  loss=26.63(avg16=38.90)  mae=5.23  sys_used=27Gi/62Gi
2026-07-14 09:02:01  pid=2886499  rss=4754MB  jvm_heap=2006/3200MB  direct=671/671MB  py_workers=18x25226MB  loss=44.05(avg16=38.78)  mae=5.25  sys_used=27Gi/62Gi
2026-07-14 09:02:31  pid=2886499  rss=4754MB  jvm_heap=1919/3200MB  direct=671/671MB  py_workers=18x25278MB  loss=71.72(avg16=41.38)  mae=5.30  sys_used=27Gi/62Gi
2026-07-14 09:03:01  pid=2886499  rss=4766MB  jvm_heap=1072/3200MB  direct=671/671MB  py_workers=18x25443MB  loss=33.00(avg16=53.18)  mae=5.94  sys_used=27Gi/62Gi
2026-07-14 09:03:31  pid=2886499  rss=4768MB  jvm_heap=1327/3200MB  direct=673/673MB  py_workers=18x24765MB  loss=28.15(avg16=51.24)  mae=5.89  sys_used=26Gi/62Gi
2026-07-14 09:04:01  pid=2886499  rss=4768MB  jvm_heap=1042/3200MB  direct=673/673MB  py_workers=18x24607MB  loss=35.09(avg16=57.04)  mae=6.01  sys_used=26Gi/62Gi
2026-07-14 09:04:32  pid=2886499  rss=4768MB  jvm_heap=1071/3200MB  direct=673/673MB  py_workers=18x24366MB  loss=33.96(avg16=53.79)  mae=5.85  sys_used=26Gi/62Gi
2026-07-14 09:05:02  pid=2886499  rss=4766MB  jvm_heap=1071/3200MB  direct=673/673MB  py_workers=18x24905MB  loss=79.53(avg16=54.10)  mae=5.89  sys_used=27Gi/62Gi
2026-07-14 09:05:32  pid=2886499  rss=4754MB  jvm_heap=2696/3200MB  direct=673/673MB  py_workers=18x24612MB  loss=74.78(avg16=63.09)  mae=6.40  sys_used=26Gi/62Gi
2026-07-14 09:06:02  pid=2886499  rss=4754MB  jvm_heap=1828/3200MB  direct=669/669MB  py_workers=18x25038MB  loss=38.11(avg16=58.30)  mae=6.36  sys_used=27Gi/62Gi
2026-07-14 09:06:32  pid=2886499  rss=4768MB  jvm_heap=1178/3200MB  direct=669/669MB  py_workers=18x25233MB  loss=39.38(avg16=64.54)  mae=6.59  sys_used=27Gi/62Gi
2026-07-14 09:07:02  pid=2886499  rss=4766MB  jvm_heap=924/3200MB  direct=671/671MB  py_workers=18x25030MB  loss=90.85(avg16=65.50)  mae=6.63  sys_used=27Gi/62Gi
2026-07-14 09:07:33  pid=2886499  rss=4766MB  jvm_heap=1064/3200MB  direct=671/671MB  py_workers=18x25245MB  loss=47.34(avg16=58.87)  mae=6.28  sys_used=27Gi/62Gi
2026-07-14 09:08:03  pid=2886499  rss=4755MB  jvm_heap=2100/3200MB  direct=671/671MB  py_workers=18x25629MB  loss=93.14(avg16=56.40)  mae=6.03  sys_used=27Gi/62Gi
2026-07-14 09:08:33  pid=2886499  rss=4778MB  jvm_heap=2482/3200MB  direct=669/669MB  py_workers=18x25350MB  loss=31.17(avg16=50.35)  mae=5.69  sys_used=27Gi/62Gi
2026-07-14 09:09:03  pid=2886499  rss=4769MB  jvm_heap=1041/3200MB  direct=673/673MB  py_workers=18x25388MB  loss=71.34(avg16=54.45)  mae=5.83  sys_used=27Gi/62Gi
2026-07-14 09:09:33  pid=2886499  rss=4755MB  jvm_heap=1071/3200MB  direct=671/671MB  py_workers=18x25090MB  loss=45.18(avg16=51.93)  mae=5.74  sys_used=27Gi/62Gi
2026-07-14 09:10:03  pid=2886499  rss=4781MB  jvm_heap=1220/3200MB  direct=669/669MB  py_workers=18x25213MB  loss=53.51(avg16=56.30)  mae=6.13  sys_used=27Gi/62Gi
2026-07-14 09:10:33  pid=2886499  rss=4755MB  jvm_heap=1232/3200MB  direct=673/673MB  py_workers=18x25052MB  loss=44.57(avg16=59.06)  mae=6.22  sys_used=27Gi/62Gi
2026-07-14 09:11:04  pid=2886499  rss=4769MB  jvm_heap=1200/3200MB  direct=669/669MB  py_workers=18x25378MB  loss=36.14(avg16=53.18)  mae=5.99  sys_used=27Gi/62Gi
2026-07-14 09:11:34  pid=2886499  rss=4781MB  jvm_heap=1451/3200MB  direct=671/671MB  py_workers=18x25376MB  loss=33.43(avg16=55.17)  mae=6.12  sys_used=27Gi/62Gi
2026-07-14 09:12:04  pid=2886499  rss=4769MB  jvm_heap=1070/3200MB  direct=673/673MB  py_workers=18x25582MB  loss=37.61(avg16=55.75)  mae=6.17  sys_used=27Gi/62Gi
2026-07-14 09:12:34  pid=2886499  rss=4769MB  jvm_heap=1086/3200MB  direct=671/671MB  py_workers=18x25773MB  loss=40.71(avg16=56.57)  mae=6.12  sys_used=28Gi/62Gi
2026-07-14 09:13:04  pid=2886499  rss=4769MB  jvm_heap=2310/3200MB  direct=671/671MB  py_workers=18x25119MB  loss=55.45(avg16=65.45)  mae=6.57  sys_used=27Gi/62Gi
2026-07-14 09:13:34  pid=2886499  rss=4757MB  jvm_heap=1005/3200MB  direct=671/671MB  py_workers=18x25022MB  loss=68.83(avg16=64.75)  mae=6.54  sys_used=27Gi/62Gi
2026-07-14 09:14:05  pid=2886499  rss=4757MB  jvm_heap=1055/3200MB  direct=671/671MB  py_workers=18x25247MB  loss=63.23(avg16=63.69)  mae=6.44  sys_used=27Gi/62Gi
2026-07-14 09:14:35  pid=2886499  rss=4757MB  jvm_heap=1077/3200MB  direct=669/669MB  py_workers=18x25391MB  loss=37.67(avg16=61.77)  mae=6.29  sys_used=27Gi/62Gi
2026-07-14 09:15:05  pid=2886499  rss=4769MB  jvm_heap=1084/3200MB  direct=669/669MB  py_workers=18x25862MB  loss=26.69(avg16=56.37)  mae=5.92  sys_used=28Gi/62Gi
2026-07-14 09:15:35  pid=2886499  rss=4771MB  jvm_heap=1282/3200MB  direct=671/671MB  py_workers=18x25788MB  loss=31.35(avg16=48.73)  mae=5.60  sys_used=27Gi/62Gi
2026-07-14 09:16:05  pid=2886499  rss=4771MB  jvm_heap=1034/3200MB  direct=671/671MB  py_workers=18x25155MB  loss=31.01(avg16=46.08)  mae=5.52  sys_used=27Gi/62Gi
2026-07-14 09:16:35  pid=2886499  rss=4767MB  jvm_heap=1664/3200MB  direct=671/671MB  py_workers=18x25083MB  loss=39.25(avg16=45.12)  mae=5.47  sys_used=27Gi/62Gi
2026-07-14 09:17:06  pid=2886499  rss=4767MB  jvm_heap=2618/3200MB  direct=671/671MB  py_workers=18x25125MB  loss=60.48(avg16=46.95)  mae=5.69  sys_used=27Gi/62Gi
2026-07-14 09:17:36  pid=2886499  rss=4755MB  jvm_heap=1005/3200MB  direct=671/671MB  py_workers=18x25009MB  loss=107.43(avg16=62.61)  mae=6.40  sys_used=27Gi/62Gi
2026-07-14 09:18:06  pid=2886499  rss=4767MB  jvm_heap=1023/3200MB  direct=669/669MB  py_workers=18x24976MB  loss=44.64(avg16=63.83)  mae=6.54  sys_used=27Gi/62Gi
2026-07-14 09:18:36  pid=2886499  rss=4755MB  jvm_heap=1028/3200MB  direct=671/671MB  py_workers=18x24856MB  loss=41.12(avg16=65.01)  mae=6.68  sys_used=27Gi/62Gi
2026-07-14 09:19:06  pid=2886499  rss=4767MB  jvm_heap=1672/3200MB  direct=669/669MB  py_workers=18x25120MB  loss=73.78(avg16=71.07)  mae=6.96  sys_used=27Gi/62Gi
2026-07-14 09:19:36  pid=2886499  rss=4767MB  jvm_heap=1483/3200MB  direct=671/671MB  py_workers=18x25222MB  loss=44.47(avg16=62.39)  mae=6.62  sys_used=27Gi/62Gi
2026-07-14 09:20:06  pid=2886499  rss=4781MB  jvm_heap=1220/3200MB  direct=671/671MB  py_workers=18x25878MB  loss=68.88(avg16=63.86)  mae=6.74  sys_used=28Gi/62Gi
2026-07-14 09:20:37  pid=2886499  rss=4767MB  jvm_heap=1204/3200MB  direct=673/673MB  py_workers=18x25878MB  loss=34.80(avg16=62.45)  mae=6.51  sys_used=27Gi/62Gi
2026-07-14 09:21:07  pid=2886499  rss=4759MB  jvm_heap=1202/3200MB  direct=671/671MB  py_workers=18x25339MB  loss=33.60(avg16=57.22)  mae=6.15  sys_used=27Gi/62Gi
2026-07-14 09:21:37  pid=2886499  rss=4759MB  jvm_heap=1190/3200MB  direct=671/671MB  py_workers=18x25369MB  loss=69.43(avg16=59.92)  mae=6.18  sys_used=27Gi/62Gi
2026-07-14 09:22:07  pid=2886499  rss=4771MB  jvm_heap=969/3200MB  direct=671/671MB  py_workers=18x25496MB  loss=63.50(avg16=56.57)  mae=6.01  sys_used=27Gi/62Gi
2026-07-14 09:22:37  pid=2886499  rss=4771MB  jvm_heap=1095/3200MB  direct=673/673MB  py_workers=18x25696MB  loss=82.32(avg16=59.71)  mae=6.31  sys_used=27Gi/62Gi
2026-07-14 09:23:08  pid=2886499  rss=4771MB  jvm_heap=2605/3200MB  direct=673/673MB  py_workers=18x25479MB  loss=49.71(avg16=59.10)  mae=6.34  sys_used=27Gi/62Gi
2026-07-14 09:23:38  pid=2886499  rss=4759MB  jvm_heap=1049/3200MB  direct=673/673MB  py_workers=18x25132MB  loss=61.99(avg16=66.95)  mae=6.80  sys_used=27Gi/62Gi
2026-07-14 09:24:08  pid=2886499  rss=4757MB  jvm_heap=1081/3200MB  direct=671/671MB  py_workers=18x25338MB  loss=43.25(avg16=71.44)  mae=6.99  sys_used=27Gi/62Gi
2026-07-14 09:24:38  pid=2886499  rss=4771MB  jvm_heap=1078/3200MB  direct=669/669MB  py_workers=18x25691MB  loss=74.03(avg16=75.01)  mae=7.19  sys_used=27Gi/62Gi
2026-07-14 09:25:08  pid=2886499  rss=4759MB  jvm_heap=1858/3200MB  direct=671/671MB  py_workers=18x25717MB  loss=131.08(avg16=82.62)  mae=7.48  sys_used=28Gi/62Gi
2026-07-14 09:25:38  pid=2886499  rss=4757MB  jvm_heap=2206/3200MB  direct=669/669MB  py_workers=18x25247MB  loss=68.91(avg16=78.49)  mae=7.35  sys_used=27Gi/62Gi
2026-07-14 09:26:09  pid=2886499  rss=4757MB  jvm_heap=1054/3200MB  direct=669/669MB  py_workers=18x25218MB  loss=34.60(avg16=72.61)  mae=7.17  sys_used=27Gi/62Gi
2026-07-14 09:26:39  pid=2886499  rss=4757MB  jvm_heap=3164/3200MB  direct=669/669MB  py_workers=18x25439MB  loss=45.67(avg16=71.11)  mae=7.10  sys_used=27Gi/62Gi
2026-07-14 09:27:09  pid=2886499  rss=4757MB  jvm_heap=1835/3200MB  direct=669/669MB  py_workers=18x25472MB  loss=84.46(avg16=73.19)  mae=7.26  sys_used=27Gi/62Gi
2026-07-14 09:27:39  pid=2886499  rss=4743MB  jvm_heap=2643/3200MB  direct=669/669MB  py_workers=18x25340MB  loss=85.95(avg16=73.61)  mae=7.14  sys_used=27Gi/62Gi
2026-07-14 09:28:09  pid=2886499  rss=4744MB  jvm_heap=1673/3200MB  direct=667/667MB  py_workers=18x25309MB  loss=64.03(avg16=78.46)  mae=7.21  sys_used=27Gi/62Gi
2026-07-14 09:28:39  pid=2886499  rss=4755MB  jvm_heap=1059/3200MB  direct=667/667MB  py_workers=18x25338MB  loss=75.13(avg16=82.37)  mae=7.40  sys_used=27Gi/62Gi
2026-07-14 09:29:10  pid=2886499  rss=4770MB  jvm_heap=1086/3200MB  direct=669/669MB  py_workers=18x25629MB  loss=38.26(avg16=85.69)  mae=7.47  sys_used=27Gi/62Gi
2026-07-14 09:29:40  pid=2886499  rss=4770MB  jvm_heap=1810/3200MB  direct=671/671MB  py_workers=18x25877MB  loss=81.48(avg16=83.58)  mae=7.45  sys_used=28Gi/62Gi
2026-07-14 09:30:10  pid=2886499  rss=4744MB  jvm_heap=3030/3200MB  direct=673/673MB  py_workers=18x25494MB  loss=80.53(avg16=83.84)  mae=7.46  sys_used=27Gi/62Gi
2026-07-14 09:30:40  pid=2886499  rss=4743MB  jvm_heap=1054/3200MB  direct=669/669MB  py_workers=18x25270MB  loss=62.92(avg16=79.44)  mae=7.20  sys_used=27Gi/62Gi
2026-07-14 09:31:10  pid=2886499  rss=4752MB  jvm_heap=1068/3200MB  direct=669/669MB  py_workers=18x25450MB  loss=52.86(avg16=71.60)  mae=6.92  sys_used=27Gi/62Gi
2026-07-14 09:31:40  pid=2886499  rss=4752MB  jvm_heap=2167/3200MB  direct=669/669MB  py_workers=18x25265MB  loss=51.35(avg16=72.67)  mae=6.99  sys_used=27Gi/62Gi
2026-07-14 09:32:11  pid=2886499  rss=4763MB  jvm_heap=3107/3200MB  direct=669/669MB  py_workers=18x25618MB  loss=113.91(avg16=74.62)  mae=7.22  sys_used=27Gi/62Gi
2026-07-14 09:32:41  pid=2886499  rss=4758MB  jvm_heap=1183/3200MB  direct=671/671MB  py_workers=18x25137MB  loss=45.13(avg16=71.50)  mae=7.22  sys_used=27Gi/62Gi
2026-07-14 09:33:11  pid=2886499  rss=4744MB  jvm_heap=2617/3200MB  direct=673/673MB  py_workers=18x25088MB  loss=44.73(avg16=74.63)  mae=7.38  sys_used=27Gi/62Gi
2026-07-14 09:33:41  pid=2886499  rss=4756MB  jvm_heap=2114/3200MB  direct=671/671MB  py_workers=18x25139MB  loss=54.87(avg16=79.49)  mae=7.64  sys_used=27Gi/62Gi
2026-07-14 09:34:11  pid=2886499  rss=4756MB  jvm_heap=1084/3200MB  direct=673/673MB  py_workers=18x25470MB  loss=54.20(avg16=79.72)  mae=7.63  sys_used=27Gi/62Gi
2026-07-14 09:34:41  pid=2886499  rss=4756MB  jvm_heap=1082/3200MB  direct=675/675MB  py_workers=18x25754MB  loss=96.10(avg16=79.78)  mae=7.65  sys_used=27Gi/62Gi
2026-07-14 09:35:12  pid=2886499  rss=4744MB  jvm_heap=2306/3200MB  direct=675/675MB  py_workers=18x25473MB  loss=84.23(avg16=75.33)  mae=7.24  sys_used=27Gi/62Gi
2026-07-14 09:35:42  pid=2886499  rss=4758MB  jvm_heap=1215/3200MB  direct=673/673MB  py_workers=18x25333MB  loss=48.86(avg16=73.19)  mae=7.06  sys_used=27Gi/62Gi
2026-07-14 09:36:12  pid=2886499  rss=4758MB  jvm_heap=2163/3200MB  direct=675/675MB  py_workers=18x25573MB  loss=58.21(avg16=74.97)  mae=7.12  sys_used=27Gi/62Gi
2026-07-14 09:36:42  pid=2886499  rss=4768MB  jvm_heap=1991/3200MB  direct=673/673MB  py_workers=18x25769MB  loss=49.32(avg16=75.06)  mae=7.05  sys_used=27Gi/62Gi
2026-07-14 09:37:12  pid=2886499  rss=4756MB  jvm_heap=1835/3200MB  direct=673/673MB  py_workers=18x25746MB  loss=102.21(avg16=79.40)  mae=7.28  sys_used=27Gi/62Gi
2026-07-14 09:37:42  pid=2886499  rss=4770MB  jvm_heap=1664/3200MB  direct=671/671MB  py_workers=18x26113MB  loss=42.87(avg16=73.64)  mae=6.99  sys_used=28Gi/62Gi
2026-07-14 09:38:13  pid=2886499  rss=4782MB  jvm_heap=1802/3200MB  direct=675/675MB  py_workers=18x26060MB  loss=56.13(avg16=73.63)  mae=6.95  sys_used=28Gi/62Gi
2026-07-14 09:38:43  pid=2886499  rss=4782MB  jvm_heap=1202/3200MB  direct=677/677MB  py_workers=18x26007MB  loss=59.56(avg16=72.53)  mae=6.96  sys_used=28Gi/62Gi
2026-07-14 09:39:13  pid=2886499  rss=4782MB  jvm_heap=966/3200MB  direct=677/677MB  py_workers=18x25771MB  loss=25.60(avg16=66.35)  mae=6.72  sys_used=27Gi/62Gi
2026-07-14 09:39:43  pid=2886499  rss=4782MB  jvm_heap=1692/3200MB  direct=677/677MB  py_workers=18x26191MB  loss=75.43(avg16=68.53)  mae=7.03  sys_used=28Gi/62Gi
2026-07-14 09:40:13  pid=2886499  rss=4782MB  jvm_heap=1673/3200MB  direct=677/677MB  py_workers=18x26258MB  loss=29.51(avg16=59.12)  mae=6.55  sys_used=28Gi/62Gi
2026-07-14 09:40:43  pid=2886499  rss=4782MB  jvm_heap=1805/3200MB  direct=677/677MB  py_workers=18x25525MB  loss=41.69(avg16=58.91)  mae=6.58  sys_used=27Gi/62Gi
2026-07-14 09:41:14  pid=2886499  rss=4795MB  jvm_heap=1582/3200MB  direct=677/677MB  py_workers=18x25863MB  loss=37.07(avg16=59.99)  mae=6.63  sys_used=28Gi/62Gi
2026-07-14 09:41:44  pid=2886499  rss=4781MB  jvm_heap=937/3200MB  direct=679/679MB  py_workers=18x25394MB  loss=117.09(avg16=67.10)  mae=6.95  sys_used=27Gi/62Gi
2026-07-14 09:42:14  pid=2886499  rss=4795MB  jvm_heap=1636/3200MB  direct=675/675MB  py_workers=18x26170MB  loss=77.79(avg16=75.43)  mae=7.23  sys_used=28Gi/62Gi
2026-07-14 09:42:44  pid=2886499  rss=4795MB  jvm_heap=1561/3200MB  direct=677/677MB  py_workers=18x26065MB  loss=45.27(avg16=77.60)  mae=7.20  sys_used=28Gi/62Gi
2026-07-14 09:43:14  pid=2886499  rss=4783MB  jvm_heap=2582/3200MB  direct=677/677MB  py_workers=18x25878MB  loss=30.32(avg16=82.05)  mae=7.20  sys_used=28Gi/62Gi
2026-07-14 09:43:44  pid=2886499  rss=4784MB  jvm_heap=1298/3200MB  direct=675/675MB  py_workers=18x25543MB  loss=28.79(avg16=84.85)  mae=7.20  sys_used=27Gi/62Gi
2026-07-14 09:44:15  pid=2886499  rss=4785MB  jvm_heap=2410/3200MB  direct=675/675MB  py_workers=18x25552MB  loss=82.74(avg16=79.35)  mae=6.91  sys_used=27Gi/62Gi
2026-07-14 09:44:45  pid=2886499  rss=4781MB  jvm_heap=1260/3200MB  direct=675/675MB  py_workers=18x25801MB  loss=92.57(avg16=71.83)  mae=6.46  sys_used=27Gi/62Gi
2026-07-14 09:45:15  pid=2886499  rss=4770MB  jvm_heap=1144/3200MB  direct=675/675MB  py_workers=18x25581MB  loss=20.08(avg16=64.53)  mae=6.05  sys_used=27Gi/62Gi
2026-07-14 09:45:45  pid=2886499  rss=4768MB  jvm_heap=1057/3200MB  direct=675/675MB  py_workers=18x25338MB  loss=33.74(avg16=59.62)  mae=6.05  sys_used=27Gi/62Gi
2026-07-14 09:46:15  pid=2886499  rss=4768MB  jvm_heap=2283/3200MB  direct=675/675MB  py_workers=18x25216MB  loss=46.46(avg16=61.68)  mae=6.29  sys_used=27Gi/62Gi
2026-07-14 09:46:45  pid=2886499  rss=4781MB  jvm_heap=944/3200MB  direct=675/675MB  py_workers=18x25652MB  loss=60.19(avg16=60.91)  mae=6.33  sys_used=27Gi/62Gi
2026-07-14 09:47:16  pid=2886499  rss=4770MB  jvm_heap=1914/3200MB  direct=677/677MB  py_workers=18x25572MB  loss=70.19(avg16=57.91)  mae=6.37  sys_used=27Gi/62Gi
2026-07-14 09:47:46  pid=2886499  rss=4769MB  jvm_heap=3164/3200MB  direct=675/675MB  py_workers=18x25587MB  loss=39.99(avg16=58.06)  mae=6.38  sys_used=27Gi/62Gi
2026-07-14 09:48:16  pid=2886499  rss=4756MB  jvm_heap=1635/3200MB  direct=675/675MB  py_workers=18x25267MB  loss=12.53(avg16=55.88)  mae=6.11  sys_used=27Gi/62Gi
2026-07-14 09:48:46  pid=2886499  rss=4756MB  jvm_heap=2593/3200MB  direct=673/673MB  py_workers=18x25576MB  loss=26.37(avg16=60.79)  mae=6.31  sys_used=27Gi/62Gi
2026-07-14 09:49:16  pid=2886499  rss=4756MB  jvm_heap=965/3200MB  direct=673/673MB  py_workers=18x25569MB  loss=93.62(avg16=71.97)  mae=6.70  sys_used=27Gi/62Gi
2026-07-14 09:49:46  pid=2886499  rss=4768MB  jvm_heap=1090/3200MB  direct=673/673MB  py_workers=18x25687MB  loss=49.24(avg16=76.24)  mae=6.65  sys_used=27Gi/62Gi
2026-07-14 09:50:16  pid=2886499  rss=4782MB  jvm_heap=3030/3200MB  direct=675/675MB  py_workers=18x25635MB  loss=40.84(avg16=75.21)  mae=6.53  sys_used=27Gi/62Gi
2026-07-14 09:50:47  pid=2886499  rss=4768MB  jvm_heap=949/3200MB  direct=677/677MB  py_workers=18x25372MB  loss=38.17(avg16=75.17)  mae=6.57  sys_used=27Gi/62Gi
2026-07-14 09:51:17  pid=2886499  rss=4768MB  jvm_heap=1366/3200MB  direct=675/675MB  py_workers=18x25412MB  loss=26.54(avg16=71.99)  mae=6.55  sys_used=27Gi/62Gi
2026-07-14 09:51:47  pid=2886499  rss=4756MB  jvm_heap=2308/3200MB  direct=675/675MB  py_workers=18x25707MB  loss=97.94(avg16=64.60)  mae=6.19  sys_used=27Gi/62Gi
2026-07-14 09:52:17  pid=2886499  rss=4756MB  jvm_heap=949/3200MB  direct=673/673MB  py_workers=18x25714MB  loss=26.15(avg16=56.65)  mae=6.02  sys_used=27Gi/62Gi
2026-07-14 09:52:47  pid=2886499  rss=4756MB  jvm_heap=1042/3200MB  direct=673/673MB  py_workers=18x25661MB  loss=32.34(avg16=51.82)  mae=5.88  sys_used=27Gi/62Gi
2026-07-14 09:53:17  pid=2886499  rss=4782MB  jvm_heap=2474/3200MB  direct=673/673MB  py_workers=18x25880MB  loss=30.24(avg16=49.49)  mae=5.76  sys_used=28Gi/62Gi
2026-07-14 09:53:48  pid=2886499  rss=4794MB  jvm_heap=1200/3200MB  direct=677/677MB  py_workers=18x25965MB  loss=24.72(avg16=45.98)  mae=5.71  sys_used=28Gi/62Gi
2026-07-14 09:54:18  pid=2886499  rss=4794MB  jvm_heap=1081/3200MB  direct=679/679MB  py_workers=18x26368MB  loss=92.05(avg16=51.26)  mae=6.17  sys_used=28Gi/62Gi
2026-07-14 09:54:48  pid=2886499  rss=4770MB  jvm_heap=1547/3200MB  direct=679/679MB  py_workers=18x25709MB  loss=33.19(avg16=54.63)  mae=6.14  sys_used=27Gi/62Gi
2026-07-14 09:55:18  pid=2886499  rss=4768MB  jvm_heap=1465/3200MB  direct=677/677MB  py_workers=18x25278MB  loss=34.92(avg16=56.28)  mae=6.17  sys_used=27Gi/62Gi
2026-07-14 09:55:48  pid=2886499  rss=4778MB  jvm_heap=1256/3200MB  direct=675/675MB  py_workers=18x25290MB  loss=29.94(avg16=58.60)  mae=6.18  sys_used=27Gi/62Gi
2026-07-14 09:56:18  pid=2886499  rss=4778MB  jvm_heap=1093/3200MB  direct=677/677MB  py_workers=18x25640MB  loss=28.08(avg16=55.50)  mae=5.91  sys_used=27Gi/62Gi
2026-07-14 09:56:49  pid=2886499  rss=4778MB  jvm_heap=957/3200MB  direct=675/675MB  py_workers=18x25431MB  loss=83.85(avg16=67.57)  mae=6.43  sys_used=27Gi/62Gi
2026-07-14 09:57:19  pid=2886499  rss=4768MB  jvm_heap=3149/3200MB  direct=675/675MB  py_workers=18x25217MB  loss=40.92(avg16=64.89)  mae=6.43  sys_used=27Gi/62Gi
2026-07-14 09:57:49  pid=2886499  rss=4782MB  jvm_heap=918/3200MB  direct=673/673MB  py_workers=18x25209MB  loss=42.77(avg16=65.25)  mae=6.66  sys_used=27Gi/62Gi
2026-07-14 09:58:19  pid=2886499  rss=4781MB  jvm_heap=1197/3200MB  direct=675/675MB  py_workers=18x25600MB  loss=45.16(avg16=75.07)  mae=7.25  sys_used=27Gi/62Gi
2026-07-14 09:58:49  pid=2886499  rss=4782MB  jvm_heap=1104/3200MB  direct=675/675MB  py_workers=18x25541MB  loss=32.33(avg16=68.83)  mae=6.99  sys_used=27Gi/62Gi
2026-07-14 09:59:19  pid=2886499  rss=4768MB  jvm_heap=2924/3200MB  direct=675/675MB  py_workers=18x26102MB  loss=53.23(avg16=59.52)  mae=6.69  sys_used=28Gi/62Gi
2026-07-14 09:59:49  pid=2886499  rss=4768MB  jvm_heap=998/3200MB  direct=675/675MB  py_workers=18x25670MB  loss=29.26(avg16=54.83)  mae=6.25  sys_used=27Gi/62Gi
2026-07-14 10:00:20  pid=2886499  rss=4769MB  jvm_heap=2839/3200MB  direct=675/675MB  py_workers=18x25372MB  loss=20.92(avg16=43.94)  mae=5.72  sys_used=27Gi/62Gi
2026-07-14 10:00:50  pid=2886499  rss=4768MB  jvm_heap=1577/3200MB  direct=675/675MB  py_workers=18x25653MB  loss=36.30(avg16=40.37)  mae=5.66  sys_used=27Gi/62Gi
2026-07-14 10:01:20  pid=2886499  rss=4768MB  jvm_heap=2343/3200MB  direct=673/673MB  py_workers=18x25612MB  loss=60.44(avg16=46.52)  mae=6.02  sys_used=27Gi/62Gi
2026-07-14 10:01:50  pid=2886499  rss=4768MB  jvm_heap=1081/3200MB  direct=673/673MB  py_workers=18x26060MB  loss=48.53(avg16=48.04)  mae=6.19  sys_used=28Gi/62Gi
2026-07-14 10:02:20  pid=2886499  rss=4770MB  jvm_heap=1067/3200MB  direct=673/673MB  py_workers=18x25519MB  loss=170.34(avg16=72.51)  mae=6.98  sys_used=27Gi/62Gi
2026-07-14 10:02:51  pid=2886499  rss=4756MB  jvm_heap=2141/3200MB  direct=673/673MB  py_workers=18x25463MB  loss=46.50(avg16=77.08)  mae=7.21  sys_used=27Gi/62Gi
2026-07-14 10:03:21  pid=2886499  rss=4756MB  jvm_heap=1554/3200MB  direct=671/671MB  py_workers=18x25526MB  loss=52.53(avg16=81.61)  mae=7.29  sys_used=27Gi/62Gi
2026-07-14 10:03:51  pid=2886499  rss=4758MB  jvm_heap=1114/3200MB  direct=671/671MB  py_workers=18x25706MB  loss=42.28(avg16=82.28)  mae=7.27  sys_used=27Gi/62Gi
2026-07-14 10:04:21  pid=2886499  rss=4778MB  jvm_heap=2480/3200MB  direct=671/671MB  py_workers=18x25618MB  loss=53.30(avg16=68.18)  mae=6.81  sys_used=27Gi/62Gi
2026-07-14 10:04:51  pid=2886499  rss=4770MB  jvm_heap=1587/3200MB  direct=675/675MB  py_workers=18x25831MB  loss=46.22(avg16=58.15)  mae=6.64  sys_used=28Gi/62Gi
2026-07-14 10:05:21  pid=2886499  rss=4770MB  jvm_heap=1067/3200MB  direct=675/675MB  py_workers=18x25691MB  loss=40.25(avg16=51.40)  mae=6.42  sys_used=27Gi/62Gi
2026-07-14 10:05:51  pid=2886499  rss=4770MB  jvm_heap=1547/3200MB  direct=675/675MB  py_workers=18x25808MB  loss=28.60(avg16=48.99)  mae=6.32  sys_used=27Gi/62Gi
2026-07-14 10:06:22  pid=2886499  rss=4770MB  jvm_heap=1539/3200MB  direct=675/675MB  py_workers=18x26369MB  loss=52.67(avg16=51.42)  mae=6.41  sys_used=28Gi/62Gi
2026-07-14 10:06:52  pid=2886499  rss=4770MB  jvm_heap=1193/3200MB  direct=675/675MB  py_workers=18x26329MB  loss=26.66(avg16=50.92)  mae=6.22  sys_used=28Gi/62Gi
2026-07-14 10:07:22  pid=2886499  rss=4770MB  jvm_heap=1380/3200MB  direct=675/675MB  py_workers=18x26068MB  loss=36.97(avg16=47.49)  mae=6.09  sys_used=28Gi/62Gi
2026-07-14 10:07:52  pid=2886499  rss=4758MB  jvm_heap=1090/3200MB  direct=675/675MB  py_workers=18x26108MB  loss=40.53(avg16=48.16)  mae=6.12  sys_used=28Gi/62Gi
2026-07-14 10:08:22  pid=2886499  rss=4759MB  jvm_heap=2456/3200MB  direct=673/673MB  py_workers=18x25803MB  loss=33.11(avg16=46.17)  mae=6.07  sys_used=27Gi/62Gi
2026-07-14 10:08:52  pid=2886499  rss=4770MB  jvm_heap=1171/3200MB  direct=673/673MB  py_workers=18x26241MB  loss=487.66(avg16=69.85)  mae=6.50  sys_used=28Gi/62Gi
2026-07-14 10:09:23  pid=2886499  rss=4758MB  jvm_heap=1054/3200MB  direct=675/675MB  py_workers=18x26409MB  loss=58.21(avg16=112.49)  mae=7.23  sys_used=28Gi/62Gi
2026-07-14 10:09:53  pid=2886499  rss=4770MB  jvm_heap=1675/3200MB  direct=673/673MB  py_workers=18x25506MB  loss=59.81(avg16=116.18)  mae=7.38  sys_used=27Gi/62Gi
2026-07-14 10:10:23  pid=2886499  rss=4782MB  jvm_heap=1139/3200MB  direct=675/675MB  py_workers=18x25809MB  loss=44.73(avg16=117.63)  mae=7.44  sys_used=27Gi/62Gi
2026-07-14 10:10:53  pid=2886499  rss=4782MB  jvm_heap=1087/3200MB  direct=677/677MB  py_workers=18x26035MB  loss=42.05(avg16=117.17)  mae=7.36  sys_used=28Gi/62Gi
2026-07-14 10:11:23  pid=2886499  rss=4782MB  jvm_heap=3167/3200MB  direct=677/677MB  py_workers=18x26339MB  loss=57.47(avg16=51.39)  mae=6.44  sys_used=28Gi/62Gi
2026-07-14 10:11:53  pid=2886499  rss=4782MB  jvm_heap=944/3200MB  direct=677/677MB  py_workers=18x26428MB  loss=43.47(avg16=45.91)  mae=6.13  sys_used=28Gi/62Gi
2026-07-14 10:12:24  pid=2886499  rss=4782MB  jvm_heap=938/3200MB  direct=677/677MB  py_workers=18x26526MB  loss=34.84(avg16=42.08)  mae=5.91  sys_used=28Gi/62Gi
2026-07-14 10:12:54  pid=2886499  rss=4770MB  jvm_heap=1688/3200MB  direct=677/677MB  py_workers=18x26193MB  loss=43.97(avg16=42.43)  mae=5.96  sys_used=28Gi/62Gi
2026-07-14 10:13:24  pid=2886499  rss=4770MB  jvm_heap=1802/3200MB  direct=675/675MB  py_workers=18x26486MB  loss=90.27(avg16=48.93)  mae=6.14  sys_used=28Gi/62Gi
2026-07-14 10:13:54  pid=2886499  rss=4770MB  jvm_heap=1116/3200MB  direct=675/675MB  py_workers=18x26313MB  loss=31.54(avg16=46.09)  mae=6.05  sys_used=28Gi/62Gi
2026-07-14 10:14:24  pid=2886499  rss=4774MB  jvm_heap=991/3200MB  direct=675/675MB  py_workers=18x26225MB  loss=39.67(avg16=47.02)  mae=6.13  sys_used=28Gi/62Gi
2026-07-14 10:14:54  pid=2886499  rss=4775MB  jvm_heap=1671/3200MB  direct=675/675MB  py_workers=18x25996MB  loss=46.40(avg16=47.08)  mae=6.16  sys_used=28Gi/62Gi
2026-07-14 10:15:24  pid=2886499  rss=4775MB  jvm_heap=980/3200MB  direct=675/675MB  py_workers=18x25970MB  loss=59.27(avg16=44.50)  mae=6.17  sys_used=28Gi/62Gi
2026-07-14 10:15:55  pid=2886499  rss=4775MB  jvm_heap=998/3200MB  direct=675/675MB  py_workers=18x25870MB  loss=579.98(avg16=121.07)  mae=7.16  sys_used=28Gi/62Gi
2026-07-14 10:16:25  pid=2886499  rss=4786MB  jvm_heap=3010/3200MB  direct=675/675MB  py_workers=18x26285MB  loss=31.47(avg16=123.05)  mae=7.21  sys_used=28Gi/62Gi
2026-07-14 10:16:55  pid=2886499  rss=4786MB  jvm_heap=944/3200MB  direct=677/677MB  py_workers=18x26353MB  loss=39.38(avg16=126.16)  mae=7.33  sys_used=28Gi/62Gi
2026-07-14 10:17:25  pid=2886499  rss=4774MB  jvm_heap=1060/3200MB  direct=679/679MB  py_workers=18x26195MB  loss=45.60(avg16=125.40)  mae=7.26  sys_used=28Gi/62Gi
2026-07-14 10:17:55  pid=2886499  rss=4775MB  jvm_heap=1838/3200MB  direct=677/677MB  py_workers=18x25899MB  loss=47.12(avg16=79.61)  mae=6.70  sys_used=28Gi/62Gi
2026-07-14 10:18:25  pid=2886499  rss=4786MB  jvm_heap=1194/3200MB  direct=675/675MB  py_workers=18x26336MB  loss=97.75(avg16=50.94)  mae=6.30  sys_used=28Gi/62Gi
2026-07-14 10:18:56  pid=2886499  rss=4762MB  jvm_heap=931/3200MB  direct=675/675MB  py_workers=18x26308MB  loss=22.94(avg16=46.64)  mae=6.10  sys_used=28Gi/62Gi
2026-07-14 10:19:26  pid=2886499  rss=4774MB  jvm_heap=1102/3200MB  direct=675/675MB  py_workers=18x26043MB  loss=32.45(avg16=46.95)  mae=6.11  sys_used=28Gi/62Gi
2026-07-14 10:19:56  pid=2886499  rss=4774MB  jvm_heap=1078/3200MB  direct=675/675MB  py_workers=18x26078MB  loss=54.45(avg16=50.31)  mae=6.16  sys_used=28Gi/62Gi
2026-07-14 10:20:26  pid=2886499  rss=4786MB  jvm_heap=962/3200MB  direct=675/675MB  py_workers=18x26178MB  loss=30.00(avg16=46.94)  mae=5.99  sys_used=28Gi/62Gi
2026-07-14 10:20:56  pid=2886499  rss=4775MB  jvm_heap=991/3200MB  direct=677/677MB  py_workers=18x26396MB  loss=42.93(avg16=41.05)  mae=5.79  sys_used=28Gi/62Gi
2026-07-14 10:21:26  pid=2886499  rss=4784MB  jvm_heap=1172/3200MB  direct=675/675MB  py_workers=18x26605MB  loss=24.81(avg16=38.79)  mae=5.66  sys_used=28Gi/62Gi
2026-07-14 10:21:57  pid=2886499  rss=4784MB  jvm_heap=2284/3200MB  direct=677/677MB  py_workers=18x26010MB  loss=42.80(avg16=36.59)  mae=5.66  sys_used=28Gi/62Gi
2026-07-14 10:22:27  pid=2886499  rss=4796MB  jvm_heap=2715/3200MB  direct=677/677MB  py_workers=18x26235MB  loss=164.65(avg16=64.78)  mae=5.92  sys_used=28Gi/62Gi
2026-07-14 10:22:57  pid=2886499  rss=4785MB  jvm_heap=1099/3200MB  direct=679/679MB  py_workers=18x26145MB  loss=38.24(avg16=65.11)  mae=5.94  sys_used=28Gi/62Gi
2026-07-14 10:23:27  pid=2886499  rss=4798MB  jvm_heap=2499/3200MB  direct=677/677MB  py_workers=18x26458MB  loss=58.77(avg16=68.42)  mae=6.07  sys_used=28Gi/62Gi
2026-07-14 10:23:57  pid=2886499  rss=4785MB  jvm_heap=1385/3200MB  direct=679/679MB  py_workers=18x26397MB  loss=25.46(avg16=70.61)  mae=6.17  sys_used=28Gi/62Gi
2026-07-14 10:24:27  pid=2886499  rss=4797MB  jvm_heap=2833/3200MB  direct=677/677MB  py_workers=18x26382MB  loss=68.03(avg16=52.59)  mae=6.17  sys_used=28Gi/62Gi
2026-07-14 10:24:58  pid=2886499  rss=4783MB  jvm_heap=1831/3200MB  direct=681/681MB  py_workers=18x26471MB  loss=92.66(avg16=52.71)  mae=6.35  sys_used=28Gi/62Gi
2026-07-14 10:25:28  pid=2886499  rss=4771MB  jvm_heap=2435/3200MB  direct=679/679MB  py_workers=18x26628MB  loss=47.62(avg16=51.82)  mae=6.30  sys_used=28Gi/62Gi
2026-07-14 10:25:58  pid=2886499  rss=4771MB  jvm_heap=1191/3200MB  direct=677/677MB  py_workers=18x26681MB  loss=43.03(avg16=49.52)  mae=6.18  sys_used=28Gi/62Gi
2026-07-14 10:26:28  pid=2886499  rss=4771MB  jvm_heap=1058/3200MB  direct=675/675MB  py_workers=18x26589MB  loss=37.93(avg16=51.50)  mae=6.25  sys_used=28Gi/62Gi
2026-07-14 10:26:58  pid=2886499  rss=4783MB  jvm_heap=1210/3200MB  direct=675/675MB  py_workers=18x25833MB  loss=35.40(avg16=46.06)  mae=5.95  sys_used=28Gi/62Gi
2026-07-14 10:27:28  pid=2886499  rss=4783MB  jvm_heap=1437/3200MB  direct=677/677MB  py_workers=18x26083MB  loss=33.15(avg16=41.25)  mae=5.76  sys_used=28Gi/62Gi
2026-07-14 10:27:59  pid=2886499  rss=4771MB  jvm_heap=1246/3200MB  direct=677/677MB  py_workers=18x26109MB  loss=32.60(avg16=39.13)  mae=5.65  sys_used=28Gi/62Gi
2026-07-14 10:28:29  pid=2886499  rss=4781MB  jvm_heap=2920/3200MB  direct=675/675MB  py_workers=18x26427MB  loss=49.14(avg16=38.52)  mae=5.62  sys_used=28Gi/62Gi
2026-07-14 10:28:59  pid=2886499  rss=4781MB  jvm_heap=1925/3200MB  direct=677/677MB  py_workers=18x26611MB  loss=342.92(avg16=62.33)  mae=5.68  sys_used=28Gi/62Gi
2026-07-14 10:29:29  pid=2886499  rss=4781MB  jvm_heap=1225/3200MB  direct=677/677MB  py_workers=18x26136MB  loss=52.67(avg16=65.81)  mae=5.88  sys_used=28Gi/62Gi
2026-07-14 10:29:59  pid=2886499  rss=4792MB  jvm_heap=1085/3200MB  direct=677/677MB  py_workers=18x26413MB  loss=44.63(avg16=68.07)  mae=5.98  sys_used=28Gi/62Gi
2026-07-14 10:30:29  pid=2886499  rss=4780MB  jvm_heap=1121/3200MB  direct=679/679MB  py_workers=18x26400MB  loss=58.47(avg16=73.05)  mae=6.30  sys_used=28Gi/62Gi
2026-07-14 10:31:00  pid=2886499  rss=4771MB  jvm_heap=1120/3200MB  direct=677/677MB  py_workers=18x27081MB  loss=49.03(avg16=69.77)  mae=6.52  sys_used=29Gi/62Gi
2026-07-14 10:31:30  pid=2886499  rss=4783MB  jvm_heap=3014/3200MB  direct=675/675MB  py_workers=18x26848MB  loss=56.81(avg16=56.94)  mae=6.82  sys_used=29Gi/62Gi
2026-07-14 10:32:00  pid=2886499  rss=4783MB  jvm_heap=1052/3200MB  direct=677/677MB  py_workers=18x26844MB  loss=52.70(avg16=56.87)  mae=6.83  sys_used=28Gi/62Gi
2026-07-14 10:32:30  pid=2886499  rss=4783MB  jvm_heap=1092/3200MB  direct=677/677MB  py_workers=18x27083MB  loss=44.97(avg16=56.34)  mae=6.80  sys_used=29Gi/62Gi
2026-07-14 10:33:00  pid=2886499  rss=4771MB  jvm_heap=1561/3200MB  direct=677/677MB  py_workers=18x25974MB  loss=56.40(avg16=55.91)  mae=6.80  sys_used=28Gi/62Gi
2026-07-14 10:33:30  pid=2886499  rss=4782MB  jvm_heap=3079/3200MB  direct=675/675MB  py_workers=18x26291MB  loss=29.99(avg16=51.65)  mae=6.45  sys_used=28Gi/62Gi
2026-07-14 10:34:01  pid=2886499  rss=4770MB  jvm_heap=1021/3200MB  direct=677/677MB  py_workers=18x25970MB  loss=46.83(avg16=50.06)  mae=6.36  sys_used=28Gi/62Gi
2026-07-14 10:34:31  pid=2886499  rss=4758MB  jvm_heap=1218/3200MB  direct=675/675MB  py_workers=18x25942MB  loss=41.05(avg16=48.38)  mae=6.27  sys_used=28Gi/62Gi
2026-07-14 10:35:01  pid=2886499  rss=4758MB  jvm_heap=984/3200MB  direct=673/673MB  py_workers=18x26232MB  loss=34.95(avg16=47.05)  mae=6.20  sys_used=28Gi/62Gi
2026-07-14 10:35:31  pid=2886499  rss=4770MB  jvm_heap=2588/3200MB  direct=673/673MB  py_workers=18x26280MB  loss=54.62(avg16=41.50)  mae=6.00  sys_used=28Gi/62Gi
2026-07-14 10:36:01  pid=2886499  rss=4758MB  jvm_heap=1264/3200MB  direct=675/675MB  py_workers=18x26697MB  loss=32.87(avg16=64.70)  mae=6.45  sys_used=28Gi/62Gi
2026-07-14 10:36:31  pid=2886499  rss=4780MB  jvm_heap=1070/3200MB  direct=673/673MB  py_workers=18x26462MB  loss=51.11(avg16=67.75)  mae=6.59  sys_used=28Gi/62Gi
2026-07-14 10:37:02  pid=2886499  rss=4782MB  jvm_heap=1074/3200MB  direct=677/677MB  py_workers=18x26472MB  loss=60.37(avg16=72.84)  mae=6.91  sys_used=28Gi/62Gi
2026-07-14 10:37:32  pid=2886499  rss=4782MB  jvm_heap=1017/3200MB  direct=677/677MB  py_workers=18x26498MB  loss=55.53(avg16=75.91)  mae=7.07  sys_used=28Gi/62Gi
2026-07-14 10:38:02  pid=2886499  rss=4771MB  jvm_heap=1035/3200MB  direct=677/677MB  py_workers=18x26045MB  loss=70.48(avg16=58.26)  mae=6.98  sys_used=28Gi/62Gi
2026-07-14 10:38:32  pid=2886499  rss=4783MB  jvm_heap=1115/3200MB  direct=675/675MB  py_workers=18x26361MB  loss=45.52(avg16=58.17)  mae=7.03  sys_used=28Gi/62Gi
2026-07-14 10:39:02  pid=2886499  rss=4771MB  jvm_heap=1072/3200MB  direct=677/677MB  py_workers=18x26910MB  loss=62.55(avg16=57.40)  mae=7.00  sys_used=29Gi/62Gi
2026-07-14 10:39:32  pid=2886499  rss=4771MB  jvm_heap=2243/3200MB  direct=675/675MB  py_workers=18x26507MB  loss=57.49(avg16=57.09)  mae=7.03  sys_used=28Gi/62Gi
2026-07-14 10:40:03  pid=2886499  rss=4783MB  jvm_heap=991/3200MB  direct=675/675MB  py_workers=18x26477MB  loss=60.75(avg16=58.55)  mae=7.11  sys_used=28Gi/62Gi
2026-07-14 10:40:33  pid=2886499  rss=4782MB  jvm_heap=1106/3200MB  direct=677/677MB  py_workers=18x26898MB  loss=55.15(avg16=55.82)  mae=6.91  sys_used=29Gi/62Gi
2026-07-14 10:41:03  pid=2886499  rss=4797MB  jvm_heap=1106/3200MB  direct=677/677MB  py_workers=18x27093MB  loss=43.79(avg16=52.03)  mae=6.65  sys_used=29Gi/62Gi
2026-07-14 10:41:33  pid=2886499  rss=4783MB  jvm_heap=2775/3200MB  direct=677/677MB  py_workers=18x27060MB  loss=57.72(avg16=52.08)  mae=6.67  sys_used=29Gi/62Gi
2026-07-14 10:42:03  pid=2886499  rss=4759MB  jvm_heap=1843/3200MB  direct=675/675MB  py_workers=18x26827MB  loss=71.11(avg16=51.97)  mae=6.71  sys_used=28Gi/62Gi
2026-07-14 10:42:33  pid=2886499  rss=4771MB  jvm_heap=2254/3200MB  direct=671/671MB  py_workers=18x26807MB  loss=59.09(avg16=52.81)  mae=6.76  sys_used=28Gi/62Gi
2026-07-14 10:43:04  pid=2886499  rss=4771MB  jvm_heap=995/3200MB  direct=673/673MB  py_workers=18x26865MB  loss=62.70(avg16=56.01)  mae=6.99  sys_used=29Gi/62Gi
2026-07-14 10:43:34  pid=2886499  rss=4771MB  jvm_heap=1021/3200MB  direct=673/673MB  py_workers=18x27116MB  loss=41.13(avg16=55.60)  mae=6.94  sys_used=29Gi/62Gi
2026-07-14 10:44:04  pid=2886499  rss=4759MB  jvm_heap=1089/3200MB  direct=673/673MB  py_workers=18x26931MB  loss=65.35(avg16=58.09)  mae=7.10  sys_used=28Gi/62Gi
2026-07-14 10:44:34  pid=2886499  rss=4771MB  jvm_heap=1092/3200MB  direct=671/671MB  py_workers=18x26698MB  loss=67.36(avg16=59.26)  mae=7.18  sys_used=28Gi/62Gi
2026-07-14 10:45:04  pid=2886499  rss=4771MB  jvm_heap=1852/3200MB  direct=673/673MB  py_workers=18x26333MB  loss=65.57(avg16=60.45)  mae=7.28  sys_used=28Gi/62Gi
2026-07-14 10:45:34  pid=2886499  rss=4783MB  jvm_heap=1273/3200MB  direct=673/673MB  py_workers=18x26612MB  loss=67.93(avg16=61.39)  mae=7.37  sys_used=28Gi/62Gi
2026-07-14 10:46:04  pid=2886499  rss=4795MB  jvm_heap=1068/3200MB  direct=675/675MB  py_workers=18x26662MB  loss=57.07(avg16=61.35)  mae=7.37  sys_used=28Gi/62Gi
2026-07-14 10:46:35  pid=2886499  rss=4783MB  jvm_heap=1080/3200MB  direct=677/677MB  py_workers=18x26561MB  loss=71.55(avg16=62.57)  mae=7.46  sys_used=28Gi/62Gi
2026-07-14 10:47:05  pid=2886499  rss=4783MB  jvm_heap=2185/3200MB  direct=677/677MB  py_workers=18x26268MB  loss=54.96(avg16=61.27)  mae=7.36  sys_used=28Gi/62Gi
2026-07-14 10:47:35  pid=2886499  rss=4783MB  jvm_heap=1033/3200MB  direct=677/677MB  py_workers=18x26244MB  loss=63.65(avg16=59.50)  mae=7.21  sys_used=28Gi/62Gi
2026-07-14 10:48:05  pid=2886499  rss=4785MB  jvm_heap=1858/3200MB  direct=677/677MB  py_workers=18x26632MB  loss=58.83(avg16=60.33)  mae=7.29  sys_used=28Gi/62Gi
2026-07-14 10:48:35  pid=2886499  rss=4785MB  jvm_heap=1668/3200MB  direct=677/677MB  py_workers=18x26370MB  loss=89.81(avg16=62.12)  mae=7.31  sys_used=28Gi/62Gi
2026-07-14 10:49:05  pid=2886499  rss=4785MB  jvm_heap=948/3200MB  direct=677/677MB  py_workers=18x26448MB  loss=72.85(avg16=66.88)  mae=7.54  sys_used=28Gi/62Gi
2026-07-14 10:49:36  pid=2886499  rss=4773MB  jvm_heap=1460/3200MB  direct=677/677MB  py_workers=18x26528MB  loss=73.43(avg16=71.77)  mae=7.82  sys_used=28Gi/62Gi
2026-07-14 10:50:06  pid=2886499  rss=4773MB  jvm_heap=2412/3200MB  direct=673/673MB  py_workers=18x26580MB  loss=78.91(avg16=74.20)  mae=7.88  sys_used=28Gi/62Gi
2026-07-14 10:50:36  pid=2886499  rss=4785MB  jvm_heap=1944/3200MB  direct=673/673MB  py_workers=18x27152MB  loss=59.91(avg16=78.71)  mae=8.21  sys_used=29Gi/62Gi
2026-07-14 10:51:06  pid=2886499  rss=4785MB  jvm_heap=1059/3200MB  direct=675/675MB  py_workers=18x26941MB  loss=79.31(avg16=80.31)  mae=8.36  sys_used=29Gi/62Gi
2026-07-14 10:51:36  pid=2886499  rss=4785MB  jvm_heap=3063/3200MB  direct=675/675MB  py_workers=18x26916MB  loss=85.54(avg16=81.00)  mae=8.45  sys_used=29Gi/62Gi
2026-07-14 10:52:06  pid=2886499  rss=4774MB  jvm_heap=1815/3200MB  direct=675/675MB  py_workers=18x26631MB  loss=87.36(avg16=80.39)  mae=8.50  sys_used=28Gi/62Gi
2026-07-14 10:52:37  pid=2886499  rss=4785MB  jvm_heap=1117/3200MB  direct=673/673MB  py_workers=18x26448MB  loss=72.95(avg16=78.72)  mae=8.46  sys_used=28Gi/62Gi
2026-07-14 10:53:07  pid=2886499  rss=4799MB  jvm_heap=1116/3200MB  direct=675/675MB  py_workers=18x26915MB  loss=57.75(avg16=85.00)  mae=8.53  sys_used=29Gi/62Gi
2026-07-14 10:53:37  pid=2886499  rss=4797MB  jvm_heap=3082/3200MB  direct=677/677MB  py_workers=18x26840MB  loss=76.90(avg16=88.52)  mae=8.59  sys_used=29Gi/62Gi
2026-07-14 10:54:07  pid=2886499  rss=4785MB  jvm_heap=2182/3200MB  direct=677/677MB  py_workers=18x26653MB  loss=123.73(avg16=92.64)  mae=8.76  sys_used=28Gi/62Gi
2026-07-14 10:54:37  pid=2886499  rss=4771MB  jvm_heap=1251/3200MB  direct=675/675MB  py_workers=18x26916MB  loss=77.12(avg16=93.34)  mae=8.81  sys_used=29Gi/62Gi
2026-07-14 10:55:07  pid=2886499  rss=4771MB  jvm_heap=2201/3200MB  direct=673/673MB  py_workers=18x26900MB  loss=81.24(avg16=89.96)  mae=8.77  sys_used=29Gi/62Gi
2026-07-14 10:55:38  pid=2886499  rss=4783MB  jvm_heap=990/3200MB  direct=673/673MB  py_workers=18x27506MB  loss=79.68(avg16=87.51)  mae=8.78  sys_used=29Gi/62Gi
2026-07-14 10:56:08  pid=2886499  rss=4783MB  jvm_heap=959/3200MB  direct=675/675MB  py_workers=18x26945MB  loss=96.67(avg16=93.14)  mae=9.10  sys_used=29Gi/62Gi
2026-07-14 10:56:38  pid=2886499  rss=4783MB  jvm_heap=1234/3200MB  direct=675/675MB  py_workers=18x27182MB  loss=95.13(avg16=94.33)  mae=9.18  sys_used=29Gi/62Gi
2026-07-14 10:57:08  pid=2886499  rss=4789MB  jvm_heap=2194/3200MB  direct=675/675MB  py_workers=18x26932MB  loss=287.40(avg16=128.69)  mae=9.79  sys_used=29Gi/62Gi
2026-07-14 10:57:38  pid=2886499  rss=4771MB  jvm_heap=1014/3200MB  direct=675/675MB  py_workers=18x26603MB  loss=219.88(avg16=154.08)  mae=10.30  sys_used=28Gi/62Gi
2026-07-14 10:58:08  pid=2886499  rss=4783MB  jvm_heap=1864/3200MB  direct=673/673MB  py_workers=18x26843MB  loss=103.21(avg16=184.33)  mae=10.89  sys_used=29Gi/62Gi
2026-07-14 10:58:39  pid=2886499  rss=4772MB  jvm_heap=1856/3200MB  direct=675/675MB  py_workers=18x26994MB  loss=140.81(avg16=198.32)  mae=11.11  sys_used=29Gi/62Gi
2026-07-14 10:59:09  pid=2886499  rss=4772MB  jvm_heap=1080/3200MB  direct=673/673MB  py_workers=18x26943MB  loss=86.89(avg16=177.09)  mae=10.70  sys_used=29Gi/62Gi
2026-07-14 10:59:39  pid=2886499  rss=4772MB  jvm_heap=2241/3200MB  direct=673/673MB  py_workers=18x26605MB  loss=113.13(avg16=152.95)  mae=10.32  sys_used=28Gi/62Gi
2026-07-14 11:00:09  pid=2886499  rss=4758MB  jvm_heap=3181/3200MB  direct=673/673MB  py_workers=18x26835MB  loss=89.65(avg16=120.32)  mae=9.74  sys_used=28Gi/62Gi
2026-07-14 11:00:39  pid=2886499  rss=4757MB  jvm_heap=1028/3200MB  direct=671/671MB  py_workers=18x27290MB  loss=90.15(avg16=100.04)  mae=9.36  sys_used=29Gi/62Gi
2026-07-14 11:01:09  pid=2886499  rss=4758MB  jvm_heap=1089/3200MB  direct=671/671MB  py_workers=18x27579MB  loss=128.07(avg16=103.38)  mae=9.55  sys_used=29Gi/62Gi
2026-07-14 11:01:40  pid=2886499  rss=4757MB  jvm_heap=1104/3200MB  direct=671/671MB  py_workers=18x26914MB  loss=92.40(avg16=102.23)  mae=9.55  sys_used=29Gi/62Gi
2026-07-14 11:02:10  pid=2886499  rss=4757MB  jvm_heap=1438/3200MB  direct=671/671MB  py_workers=18x26842MB  loss=103.30(avg16=107.06)  mae=9.75  sys_used=28Gi/62Gi
2026-07-14 11:02:40  pid=2886499  rss=4757MB  jvm_heap=1427/3200MB  direct=673/673MB  py_workers=18x26846MB  loss=125.06(avg16=115.31)  mae=10.09  sys_used=29Gi/62Gi
2026-07-14 11:03:10  pid=2886499  rss=4757MB  jvm_heap=1216/3200MB  direct=675/677MB  py_workers=18x27291MB  loss=86.02(avg16=113.33)  mae=9.97  sys_used=29Gi/62Gi
2026-07-14 11:03:40  pid=2886499  rss=4757MB  jvm_heap=1666/3200MB  direct=671/671MB  py_workers=18x26510MB  loss=207.08(avg16=154.46)  mae=10.49  sys_used=28Gi/62Gi
2026-07-14 11:04:10  pid=2886499  rss=4757MB  jvm_heap=1096/3200MB  direct=671/671MB  py_workers=18x26752MB  loss=217.96(avg16=163.60)  mae=10.45  sys_used=28Gi/62Gi
2026-07-14 11:04:41  pid=2886499  rss=4758MB  jvm_heap=1993/3200MB  direct=671/671MB  py_workers=18x26791MB  loss=277.59(avg16=193.51)  mae=10.93  sys_used=28Gi/62Gi
2026-07-14 11:05:11  pid=2886499  rss=4770MB  jvm_heap=2937/3200MB  direct=671/671MB  py_workers=18x27128MB  loss=246.82(avg16=225.64)  mae=11.47  sys_used=29Gi/62Gi
2026-07-14 11:05:41  pid=2886499  rss=4758MB  jvm_heap=1077/3200MB  direct=677/677MB  py_workers=18x27141MB  loss=113.29(avg16=230.43)  mae=11.73  sys_used=29Gi/62Gi
2026-07-14 11:06:11  pid=2886499  rss=4746MB  jvm_heap=2337/3200MB  direct=675/675MB  py_workers=18x26809MB  loss=112.75(avg16=207.76)  mae=11.31  sys_used=28Gi/62Gi
2026-07-14 11:06:41  pid=2886499  rss=4769MB  jvm_heap=1997/3200MB  direct=673/673MB  py_workers=18x27041MB  loss=126.42(avg16=184.78)  mae=11.07  sys_used=29Gi/62Gi
2026-07-14 11:07:11  pid=2886499  rss=4781MB  jvm_heap=1135/3200MB  direct=679/679MB  py_workers=18x26481MB  loss=131.41(avg16=160.45)  mae=10.75  sys_used=28Gi/62Gi
2026-07-14 11:07:42  pid=2886499  rss=4781MB  jvm_heap=1126/3200MB  direct=681/681MB  py_workers=18x27040MB  loss=135.93(avg16=121.92)  mae=10.07  sys_used=29Gi/62Gi
2026-07-14 11:08:12  pid=2886499  rss=4767MB  jvm_heap=2016/3200MB  direct=681/681MB  py_workers=18x27137MB  loss=105.78(avg16=123.20)  mae=10.21  sys_used=29Gi/62Gi
2026-07-14 11:08:42  pid=2886499  rss=4746MB  jvm_heap=1712/3200MB  direct=679/679MB  py_workers=18x26824MB  loss=129.99(avg16=118.57)  mae=10.08  sys_used=28Gi/62Gi
2026-07-14 11:09:12  pid=2886499  rss=4758MB  jvm_heap=1102/3200MB  direct=675/675MB  py_workers=18x26938MB  loss=110.96(avg16=117.52)  mae=9.98  sys_used=29Gi/62Gi
2026-07-14 11:09:42  pid=2886499  rss=4746MB  jvm_heap=2195/3200MB  direct=677/677MB  py_workers=18x26893MB  loss=221.63(avg16=135.50)  mae=10.34  sys_used=29Gi/62Gi
2026-07-14 11:10:12  pid=2886499  rss=4769MB  jvm_heap=3135/3200MB  direct=675/675MB  py_workers=18x27747MB  loss=403.96(avg16=179.33)  mae=10.97  sys_used=29Gi/62Gi
2026-07-14 11:10:43  pid=2886499  rss=4746MB  jvm_heap=979/3200MB  direct=677/677MB  py_workers=18x27523MB  loss=276.08(avg16=209.86)  mae=11.24  sys_used=29Gi/62Gi
2026-07-14 11:11:13  pid=2886499  rss=4746MB  jvm_heap=1071/3200MB  direct=673/673MB  py_workers=18x26518MB  loss=143.03(avg16=224.66)  mae=11.27  sys_used=28Gi/62Gi
2026-07-14 11:11:43  pid=2886499  rss=4746MB  jvm_heap=1114/3200MB  direct=673/673MB  py_workers=18x26652MB  loss=155.12(avg16=228.59)  mae=11.22  sys_used=28Gi/62Gi
2026-07-14 11:12:13  pid=2886499  rss=4746MB  jvm_heap=1293/3200MB  direct=673/673MB  py_workers=18x26754MB  loss=364.85(avg16=254.29)  mae=11.63  sys_used=28Gi/62Gi
2026-07-14 11:12:43  pid=2886499  rss=4758MB  jvm_heap=1004/3200MB  direct=673/673MB  py_workers=18x27593MB  loss=178.37(avg16=203.92)  mae=10.99  sys_used=29Gi/62Gi
2026-07-14 11:13:13  pid=2886499  rss=4746MB  jvm_heap=2168/3200MB  direct=675/675MB  py_workers=18x27106MB  loss=119.22(avg16=173.40)  mae=10.60  sys_used=29Gi/62Gi
2026-07-14 11:13:44  pid=2886499  rss=4758MB  jvm_heap=954/3200MB  direct=673/673MB  py_workers=18x26999MB  loss=79.64(avg16=157.74)  mae=10.40  sys_used=29Gi/62Gi
2026-07-14 11:14:14  pid=2886499  rss=4758MB  jvm_heap=1079/3200MB  direct=675/675MB  py_workers=18x27343MB  loss=87.02(avg16=133.63)  mae=9.88  sys_used=29Gi/62Gi
2026-07-14 11:14:44  pid=2886499  rss=4746MB  jvm_heap=1727/3200MB  direct=675/675MB  py_workers=18x27543MB  loss=74.20(avg16=114.65)  mae=9.45  sys_used=29Gi/62Gi
2026-07-14 11:15:14  pid=2886499  rss=4758MB  jvm_heap=2677/3200MB  direct=673/673MB  py_workers=18x27368MB  loss=105.04(avg16=105.96)  mae=9.12  sys_used=29Gi/62Gi
2026-07-14 11:15:44  pid=2886499  rss=4770MB  jvm_heap=1089/3200MB  direct=675/675MB  py_workers=18x27496MB  loss=78.89(avg16=105.06)  mae=8.94  sys_used=29Gi/62Gi
2026-07-14 11:16:14  pid=2886499  rss=4770MB  jvm_heap=992/3200MB  direct=677/677MB  py_workers=18x27185MB  loss=73.46(avg16=126.24)  mae=9.32  sys_used=29Gi/62Gi
2026-07-14 11:16:45  pid=2886499  rss=4758MB  jvm_heap=1118/3200MB  direct=677/677MB  py_workers=18x27154MB  loss=87.76(avg16=124.20)  mae=9.11  sys_used=29Gi/62Gi
2026-07-14 11:17:15  pid=2886499  rss=4770MB  jvm_heap=1578/3200MB  direct=675/675MB  py_workers=18x27368MB  loss=485.17(avg16=159.99)  mae=9.56  sys_used=29Gi/62Gi
2026-07-14 11:17:45  pid=2886499  rss=4758MB  jvm_heap=966/3200MB  direct=677/677MB  py_workers=18x27367MB  loss=133.28(avg16=194.52)  mae=10.06  sys_used=29Gi/62Gi
2026-07-14 11:18:15  pid=2886499  rss=4758MB  jvm_heap=1047/3200MB  direct=675/675MB  py_workers=18x26873MB  loss=254.12(avg16=198.45)  mae=10.01  sys_used=29Gi/62Gi
2026-07-14 11:18:45  pid=2886499  rss=4758MB  jvm_heap=2305/3200MB  direct=675/675MB  py_workers=18x27201MB  loss=221.19(avg16=225.14)  mae=10.61  sys_used=29Gi/62Gi
2026-07-14 11:19:15  pid=2886499  rss=4746MB  jvm_heap=2545/3200MB  direct=677/677MB  py_workers=18x27239MB  loss=90.63(avg16=215.77)  mae=10.50  sys_used=29Gi/62Gi
2026-07-14 11:19:46  pid=2886499  rss=4758MB  jvm_heap=1587/3200MB  direct=675/675MB  py_workers=18x27141MB  loss=163.72(avg16=172.00)  mae=10.18  sys_used=29Gi/62Gi
2026-07-14 11:20:16  pid=2886499  rss=4769MB  jvm_heap=1909/3200MB  direct=677/677MB  py_workers=18x27508MB  loss=97.00(avg16=154.25)  mae=9.85  sys_used=29Gi/62Gi
2026-07-14 11:20:46  pid=2886499  rss=4757MB  jvm_heap=1102/3200MB  direct=679/679MB  py_workers=18x27018MB  loss=61.02(avg16=120.29)  mae=8.92  sys_used=29Gi/62Gi
2026-07-14 11:21:16  pid=2886499  rss=4757MB  jvm_heap=2233/3200MB  direct=677/677MB  py_workers=18x27065MB  loss=73.38(avg16=107.00)  mae=8.58  sys_used=29Gi/62Gi
2026-07-14 11:21:46  pid=2886499  rss=4757MB  jvm_heap=970/3200MB  direct=677/677MB  py_workers=18x26903MB  loss=69.48(avg16=98.92)  mae=8.29  sys_used=29Gi/62Gi
2026-07-14 11:22:16  pid=2886499  rss=4771MB  jvm_heap=997/3200MB  direct=677/677MB  py_workers=18x27125MB  loss=143.24(avg16=93.66)  mae=8.19  sys_used=29Gi/62Gi
2026-07-14 11:22:47  pid=2886499  rss=4770MB  jvm_heap=1031/3200MB  direct=679/679MB  py_workers=18x27116MB  loss=199.43(avg16=110.00)  mae=8.56  sys_used=29Gi/62Gi
2026-07-14 11:23:17  pid=2886499  rss=4746MB  jvm_heap=1097/3200MB  direct=679/679MB  py_workers=18x26793MB  loss=65.98(avg16=117.43)  mae=8.78  sys_used=28Gi/62Gi
2026-07-14 11:23:47  pid=2886499  rss=4758MB  jvm_heap=1252/3200MB  direct=675/675MB  py_workers=18x26522MB  loss=241.53(avg16=143.57)  mae=9.11  sys_used=28Gi/62Gi
2026-07-14 11:24:17  pid=2886499  rss=4746MB  jvm_heap=1772/3200MB  direct=677/677MB  py_workers=18x26549MB  loss=307.27(avg16=169.72)  mae=9.51  sys_used=28Gi/62Gi
2026-07-14 11:24:47  pid=2886499  rss=4758MB  jvm_heap=980/3200MB  direct=675/675MB  py_workers=18x26844MB  loss=221.98(avg16=191.85)  mae=10.02  sys_used=28Gi/62Gi
2026-07-14 11:25:17  pid=2886499  rss=4758MB  jvm_heap=1086/3200MB  direct=677/677MB  py_workers=18x27205MB  loss=296.34(avg16=206.36)  mae=10.07  sys_used=29Gi/62Gi
2026-07-14 11:25:48  pid=2886499  rss=4758MB  jvm_heap=2189/3200MB  direct=677/677MB  py_workers=18x26997MB  loss=79.47(avg16=193.98)  mae=9.93  sys_used=29Gi/62Gi
2026-07-14 11:26:18  pid=2886499  rss=4758MB  jvm_heap=2125/3200MB  direct=675/675MB  py_workers=18x26808MB  loss=78.80(avg16=173.98)  mae=9.64  sys_used=28Gi/62Gi
2026-07-14 11:26:48  pid=2886499  rss=4770MB  jvm_heap=1140/3200MB  direct=675/675MB  py_workers=18x27067MB  loss=92.44(avg16=153.01)  mae=9.34  sys_used=29Gi/62Gi
2026-07-14 11:27:18  pid=2886499  rss=4758MB  jvm_heap=1340/3200MB  direct=677/677MB  py_workers=18x27561MB  loss=120.38(avg16=136.82)  mae=9.24  sys_used=29Gi/62Gi
2026-07-14 11:27:48  pid=2886499  rss=4758MB  jvm_heap=2570/3200MB  direct=675/675MB  py_workers=18x27318MB  loss=85.08(avg16=98.19)  mae=8.44  sys_used=29Gi/62Gi
2026-07-14 11:28:18  pid=2886499  rss=4746MB  jvm_heap=2361/3200MB  direct=675/675MB  py_workers=18x27080MB  loss=53.58(avg16=93.98)  mae=8.38  sys_used=29Gi/62Gi
2026-07-14 11:28:48  pid=2886499  rss=4757MB  jvm_heap=1113/3200MB  direct=673/673MB  py_workers=18x27307MB  loss=73.75(avg16=89.61)  mae=8.17  sys_used=29Gi/62Gi
2026-07-14 11:29:19  pid=2886499  rss=4757MB  jvm_heap=1025/3200MB  direct=675/675MB  py_workers=18x27596MB  loss=60.20(avg16=88.87)  mae=8.15  sys_used=29Gi/62Gi
2026-07-14 11:29:49  pid=2886499  rss=4760MB  jvm_heap=1128/3200MB  direct=675/675MB  py_workers=18x28170MB  loss=62.04(avg16=96.26)  mae=8.16  sys_used=30Gi/62Gi
2026-07-14 11:30:19  pid=2886499  rss=4769MB  jvm_heap=1485/3200MB  direct=675/675MB  py_workers=18x27422MB  loss=48.92(avg16=106.94)  mae=8.15  sys_used=29Gi/62Gi
2026-07-14 11:30:49  pid=2886499  rss=4758MB  jvm_heap=1088/3200MB  direct=677/677MB  py_workers=18x27310MB  loss=54.16(avg16=123.30)  mae=8.40  sys_used=29Gi/62Gi
2026-07-14 11:31:19  pid=2886499  rss=4746MB  jvm_heap=1994/3200MB  direct=675/675MB  py_workers=18x27272MB  loss=74.37(avg16=121.72)  mae=8.17  sys_used=29Gi/62Gi
2026-07-14 11:31:50  pid=2886499  rss=4758MB  jvm_heap=2940/3200MB  direct=673/673MB  py_workers=18x27323MB  loss=66.45(avg16=119.48)  mae=7.98  sys_used=29Gi/62Gi
2026-07-14 11:32:20  pid=2886499  rss=4760MB  jvm_heap=2352/3200MB  direct=675/675MB  py_workers=18x27865MB  loss=84.23(avg16=116.55)  mae=8.05  sys_used=29Gi/62Gi
2026-07-14 11:32:50  pid=2886499  rss=4768MB  jvm_heap=1577/3200MB  direct=675/675MB  py_workers=18x27345MB  loss=90.63(avg16=103.91)  mae=7.91  sys_used=29Gi/62Gi
2026-07-14 11:33:20  pid=2886499  rss=4746MB  jvm_heap=1105/3200MB  direct=679/679MB  py_workers=18x26774MB  loss=59.48(avg16=105.41)  mae=8.18  sys_used=28Gi/62Gi
2026-07-14 11:33:50  pid=2886499  rss=4757MB  jvm_heap=1121/3200MB  direct=675/675MB  py_workers=18x27060MB  loss=74.84(avg16=101.36)  mae=8.33  sys_used=29Gi/62Gi
2026-07-14 11:34:20  pid=2886499  rss=4757MB  jvm_heap=1121/3200MB  direct=677/677MB  py_workers=18x27224MB  loss=63.50(avg16=89.84)  mae=8.13  sys_used=29Gi/62Gi
2026-07-14 11:34:50  pid=2886499  rss=4746MB  jvm_heap=1259/3200MB  direct=677/677MB  py_workers=18x27301MB  loss=80.32(avg16=90.35)  mae=8.43  sys_used=29Gi/62Gi
2026-07-14 11:35:21  pid=2886499  rss=4758MB  jvm_heap=2333/3200MB  direct=675/675MB  py_workers=18x27507MB  loss=64.37(avg16=84.97)  mae=8.10  sys_used=29Gi/62Gi
2026-07-14 11:35:51  pid=2886499  rss=4769MB  jvm_heap=1098/3200MB  direct=677/677MB  py_workers=18x27350MB  loss=50.63(avg16=80.75)  mae=7.89  sys_used=29Gi/62Gi
2026-07-14 11:36:21  pid=2886499  rss=4758MB  jvm_heap=2472/3200MB  direct=679/679MB  py_workers=18x27412MB  loss=126.44(avg16=95.44)  mae=7.96  sys_used=29Gi/62Gi
2026-07-14 11:36:51  pid=2886499  rss=4769MB  jvm_heap=1207/3200MB  direct=677/677MB  py_workers=18x27208MB  loss=54.89(avg16=95.16)  mae=7.89  sys_used=29Gi/62Gi
2026-07-14 11:37:21  pid=2886499  rss=4758MB  jvm_heap=2340/3200MB  direct=677/677MB  py_workers=18x27440MB  loss=93.15(avg16=93.53)  mae=7.84  sys_used=29Gi/62Gi
2026-07-14 11:37:52  pid=2886499  rss=4758MB  jvm_heap=1655/3200MB  direct=675/675MB  py_workers=18x27111MB  loss=65.43(avg16=95.82)  mae=7.97  sys_used=29Gi/62Gi
2026-07-14 11:38:22  pid=2886499  rss=4770MB  jvm_heap=1103/3200MB  direct=675/675MB  py_workers=18x26637MB  loss=79.87(avg16=84.87)  mae=7.94  sys_used=28Gi/62Gi
2026-07-14 11:38:52  pid=2886499  rss=4769MB  jvm_heap=1153/3200MB  direct=677/677MB  py_workers=18x26932MB  loss=48.66(avg16=87.50)  mae=7.97  sys_used=29Gi/62Gi
2026-07-14 11:39:22  pid=2886499  rss=4758MB  jvm_heap=1031/3200MB  direct=677/677MB  py_workers=18x27006MB  loss=109.85(avg16=92.28)  mae=8.24  sys_used=29Gi/62Gi
2026-07-14 11:39:52  pid=2886499  rss=4758MB  jvm_heap=1880/3200MB  direct=675/675MB  py_workers=18x27670MB  loss=89.73(avg16=89.98)  mae=8.12  sys_used=29Gi/62Gi
2026-07-14 11:40:22  pid=2886499  rss=4758MB  jvm_heap=2769/3200MB  direct=675/675MB  py_workers=18x27742MB  loss=45.74(avg16=87.11)  mae=7.92  sys_used=29Gi/62Gi
2026-07-14 11:40:53  pid=2886499  rss=4758MB  jvm_heap=1106/3200MB  direct=675/675MB  py_workers=18x27780MB  loss=60.45(avg16=78.79)  mae=7.81  sys_used=29Gi/62Gi
2026-07-14 11:41:23  pid=2886499  rss=4746MB  jvm_heap=2108/3200MB  direct=675/675MB  py_workers=18x27883MB  loss=56.04(avg16=78.24)  mae=7.85  sys_used=29Gi/62Gi
2026-07-14 11:41:53  pid=2886499  rss=4758MB  jvm_heap=3046/3200MB  direct=673/673MB  py_workers=18x27979MB  loss=106.86(avg16=80.76)  mae=8.03  sys_used=30Gi/62Gi
2026-07-14 11:42:23  pid=2886499  rss=4770MB  jvm_heap=1233/3200MB  direct=675/675MB  py_workers=18x27865MB  loss=87.65(avg16=78.57)  mae=7.99  sys_used=29Gi/62Gi
2026-07-14 11:42:53  pid=2886499  rss=4758MB  jvm_heap=2471/3200MB  direct=677/677MB  py_workers=18x27270MB  loss=44.81(avg16=87.49)  mae=7.92  sys_used=29Gi/62Gi
2026-07-14 11:43:23  pid=2886499  rss=4770MB  jvm_heap=1003/3200MB  direct=675/675MB  py_workers=18x27569MB  loss=53.87(avg16=90.21)  mae=7.98  sys_used=29Gi/62Gi
2026-07-14 11:43:54  pid=2886499  rss=4770MB  jvm_heap=1153/3200MB  direct=679/679MB  py_workers=18x27491MB  loss=42.61(avg16=90.05)  mae=7.92  sys_used=29Gi/62Gi
2026-07-14 11:44:24  pid=2886499  rss=4758MB  jvm_heap=1037/3200MB  direct=679/679MB  py_workers=18x27576MB  loss=118.52(avg16=94.79)  mae=8.15  sys_used=29Gi/62Gi
2026-07-14 11:44:54  pid=2886499  rss=4758MB  jvm_heap=1436/3200MB  direct=677/677MB  py_workers=18x27469MB  loss=41.58(avg16=82.68)  mae=7.91  sys_used=29Gi/62Gi
2026-07-14 11:45:24  pid=2886499  rss=4746MB  jvm_heap=1977/3200MB  direct=677/677MB  py_workers=18x27427MB  loss=50.30(avg16=80.04)  mae=7.79  sys_used=29Gi/62Gi
2026-07-14 11:45:54  pid=2886499  rss=4758MB  jvm_heap=1116/3200MB  direct=675/675MB  py_workers=18x27341MB  loss=56.08(avg16=78.84)  mae=7.78  sys_used=29Gi/62Gi
2026-07-14 11:46:24  pid=2886499  rss=4766MB  jvm_heap=2586/3200MB  direct=677/677MB  py_workers=18x27599MB  loss=44.20(avg16=78.30)  mae=7.79  sys_used=29Gi/62Gi
2026-07-14 11:46:55  pid=2886499  rss=4758MB  jvm_heap=1311/3200MB  direct=677/677MB  py_workers=18x27646MB  loss=95.22(avg16=73.68)  mae=7.58  sys_used=29Gi/62Gi
2026-07-14 11:47:25  pid=2886499  rss=4746MB  jvm_heap=1642/3200MB  direct=677/677MB  py_workers=18x27956MB  loss=81.53(avg16=68.94)  mae=7.30  sys_used=29Gi/62Gi
2026-07-14 11:47:55  pid=2886499  rss=4745MB  jvm_heap=2870/3200MB  direct=675/675MB  py_workers=18x27788MB  loss=61.91(avg16=67.20)  mae=7.19  sys_used=29Gi/62Gi
2026-07-14 11:48:25  pid=2886499  rss=4745MB  jvm_heap=1127/3200MB  direct=675/675MB  py_workers=18x27817MB  loss=44.17(avg16=66.10)  mae=7.09  sys_used=29Gi/62Gi
2026-07-14 11:48:55  pid=2886499  rss=4757MB  jvm_heap=1133/3200MB  direct=675/675MB  py_workers=18x27875MB  loss=55.35(avg16=69.13)  mae=7.27  sys_used=29Gi/62Gi
2026-07-14 11:49:25  pid=2886499  rss=4758MB  jvm_heap=1403/3200MB  direct=677/677MB  py_workers=18x28025MB  loss=85.48(avg16=68.86)  mae=7.15  sys_used=30Gi/62Gi
2026-07-14 11:49:56  pid=2886499  rss=4757MB  jvm_heap=2204/3200MB  direct=677/677MB  py_workers=18x27646MB  loss=39.66(avg16=65.51)  mae=6.73  sys_used=29Gi/62Gi
2026-07-14 11:50:26  pid=2886499  rss=4757MB  jvm_heap=2947/3200MB  direct=677/677MB  py_workers=18x27222MB  loss=57.79(avg16=64.80)  mae=6.61  sys_used=29Gi/62Gi
2026-07-14 11:50:56  pid=2886499  rss=4758MB  jvm_heap=1148/3200MB  direct=677/677MB  py_workers=18x27536MB  loss=22.21(avg16=65.23)  mae=6.53  sys_used=29Gi/62Gi
2026-07-14 11:51:26  pid=2886499  rss=4758MB  jvm_heap=2123/3200MB  direct=677/677MB  py_workers=18x27873MB  loss=24.82(avg16=63.70)  mae=6.42  sys_used=29Gi/62Gi
2026-07-14 11:51:56  pid=2886499  rss=4758MB  jvm_heap=3065/3200MB  direct=677/677MB  py_workers=18x28085MB  loss=96.36(avg16=67.51)  mae=6.66  sys_used=30Gi/62Gi
2026-07-14 11:52:26  pid=2886499  rss=4746MB  jvm_heap=2994/3200MB  direct=677/677MB  py_workers=18x27758MB  loss=34.08(avg16=63.87)  mae=6.46  sys_used=29Gi/62Gi
2026-07-14 11:52:57  pid=2886499  rss=4758MB  jvm_heap=2043/3200MB  direct=675/675MB  py_workers=18x27688MB  loss=37.07(avg16=58.73)  mae=6.22  sys_used=29Gi/62Gi
2026-07-14 11:53:27  pid=2886499  rss=4769MB  jvm_heap=1123/3200MB  direct=677/677MB  py_workers=18x27788MB  loss=27.97(avg16=56.95)  mae=6.18  sys_used=29Gi/62Gi
2026-07-14 11:53:57  pid=2886499  rss=4770MB  jvm_heap=1162/3200MB  direct=679/679MB  py_workers=18x27779MB  loss=30.76(avg16=57.19)  mae=6.17  sys_used=29Gi/62Gi
2026-07-14 11:54:27  pid=2886499  rss=4758MB  jvm_heap=3074/3200MB  direct=679/679MB  py_workers=18x28122MB  loss=72.37(avg16=57.46)  mae=6.28  sys_used=30Gi/62Gi
2026-07-14 11:54:57  pid=2886499  rss=4758MB  jvm_heap=1018/3200MB  direct=677/677MB  py_workers=18x28271MB  loss=21.32(avg16=56.50)  mae=6.11  sys_used=30Gi/62Gi
2026-07-14 11:55:27  pid=2886499  rss=4770MB  jvm_heap=1110/3200MB  direct=677/677MB  py_workers=18x28005MB  loss=34.00(avg16=57.62)  mae=6.06  sys_used=30Gi/62Gi
2026-07-14 11:55:58  pid=2886499  rss=4770MB  jvm_heap=1135/3200MB  direct=679/679MB  py_workers=18x27955MB  loss=9.02(avg16=55.89)  mae=5.82  sys_used=30Gi/62Gi
2026-07-14 11:56:28  pid=2886499  rss=4758MB  jvm_heap=2485/3200MB  direct=679/679MB  py_workers=18x27488MB  loss=11.47(avg16=50.72)  mae=5.43  sys_used=29Gi/62Gi
2026-07-14 11:56:58  pid=2886499  rss=4758MB  jvm_heap=1261/3200MB  direct=677/677MB  py_workers=18x27963MB  loss=69.68(avg16=50.12)  mae=5.26  sys_used=29Gi/62Gi
2026-07-14 11:57:28  pid=2886499  rss=4746MB  jvm_heap=2985/3200MB  direct=677/677MB  py_workers=18x27440MB  loss=7.58(avg16=43.67)  mae=4.63  sys_used=29Gi/62Gi
2026-07-14 11:57:58  pid=2886499  rss=4758MB  jvm_heap=2024/3200MB  direct=675/675MB  py_workers=18x27354MB  loss=15.87(avg16=42.61)  mae=4.56  sys_used=29Gi/62Gi
2026-07-14 11:58:29  pid=2886499  rss=4770MB  jvm_heap=1140/3200MB  direct=677/677MB  py_workers=18x27311MB  loss=10.57(avg16=46.38)  mae=4.81  sys_used=29Gi/62Gi
2026-07-14 11:58:59  pid=2886499  rss=4770MB  jvm_heap=1602/3200MB  direct=679/679MB  py_workers=18x27722MB  loss=49.19(avg16=47.81)  mae=4.92  sys_used=29Gi/62Gi
2026-07-14 11:59:29  pid=2886499  rss=4770MB  jvm_heap=1330/3200MB  direct=679/679MB  py_workers=18x27421MB  loss=79.01(avg16=49.43)  mae=5.21  sys_used=29Gi/62Gi
2026-07-14 11:59:59  pid=2886499  rss=4758MB  jvm_heap=1018/3200MB  direct=679/679MB  py_workers=18x27599MB  loss=19.36(avg16=46.74)  mae=5.29  sys_used=29Gi/62Gi
2026-07-14 12:00:29  pid=2886499  rss=4758MB  jvm_heap=1721/3200MB  direct=677/677MB  py_workers=18x27441MB  loss=24.63(avg16=47.37)  mae=5.37  sys_used=29Gi/62Gi
2026-07-14 12:00:59  pid=2886499  rss=4758MB  jvm_heap=2687/3200MB  direct=677/677MB  py_workers=18x27744MB  loss=15.68(avg16=47.16)  mae=5.38  sys_used=29Gi/62Gi
2026-07-14 12:01:30  pid=2886499  rss=4757MB  jvm_heap=1029/3200MB  direct=677/677MB  py_workers=18x28118MB  loss=57.36(avg16=51.42)  mae=5.73  sys_used=30Gi/62Gi
2026-07-14 12:02:00  pid=2886499  rss=4746MB  jvm_heap=1097/3200MB  direct=677/677MB  py_workers=18x27653MB  loss=70.32(avg16=51.43)  mae=5.65  sys_used=29Gi/62Gi
2026-07-14 12:02:30  pid=2886499  rss=4758MB  jvm_heap=1136/3200MB  direct=675/675MB  py_workers=18x27703MB  loss=28.53(avg16=47.06)  mae=5.21  sys_used=29Gi/62Gi
2026-07-14 12:03:00  pid=2886499  rss=4758MB  jvm_heap=1587/3200MB  direct=677/677MB  py_workers=18x27814MB  loss=29.81(avg16=47.62)  mae=5.18  sys_used=29Gi/62Gi
2026-07-14 12:03:30  pid=2886499  rss=4758MB  jvm_heap=3173/3200MB  direct=677/677MB  py_workers=18x27589MB  loss=17.66(avg16=48.00)  mae=5.09  sys_used=29Gi/62Gi
2026-07-14 12:04:00  pid=2886499  rss=4758MB  jvm_heap=1937/3200MB  direct=677/677MB  py_workers=18x27931MB  loss=25.25(avg16=44.20)  mae=4.73  sys_used=30Gi/62Gi
2026-07-14 12:04:30  pid=2886499  rss=4758MB  jvm_heap=2522/3200MB  direct=677/677MB  py_workers=18x28024MB  loss=20.30(avg16=39.89)  mae=4.36  sys_used=30Gi/62Gi
2026-07-14 12:05:01  pid=2886499  rss=4770MB  jvm_heap=1550/3200MB  direct=677/677MB  py_workers=18x28088MB  loss=16.45(avg16=36.94)  mae=4.15  sys_used=30Gi/62Gi
2026-07-14 12:05:31  pid=2886499  rss=4770MB  jvm_heap=1129/3200MB  direct=679/679MB  py_workers=18x28104MB  loss=20.78(avg16=34.00)  mae=4.02  sys_used=30Gi/62Gi
2026-07-14 12:06:01  pid=2886499  rss=4770MB  jvm_heap=1751/3200MB  direct=679/679MB  py_workers=18x28142MB  loss=26.62(avg16=34.50)  mae=4.06  sys_used=30Gi/62Gi
2026-07-14 12:06:31  pid=2886499  rss=4758MB  jvm_heap=1293/3200MB  direct=679/679MB  py_workers=18x28225MB  loss=62.32(avg16=40.55)  mae=4.82  sys_used=30Gi/62Gi
2026-07-14 12:07:01  pid=2886499  rss=4770MB  jvm_heap=992/3200MB  direct=675/675MB  py_workers=18x28044MB  loss=29.33(avg16=42.02)  mae=5.08  sys_used=30Gi/62Gi
2026-07-14 12:07:32  pid=2886499  rss=4758MB  jvm_heap=2263/3200MB  direct=679/679MB  py_workers=18x27967MB  loss=31.56(avg16=43.92)  mae=5.29  sys_used=30Gi/62Gi
2026-07-14 12:08:02  pid=2886499  rss=4758MB  jvm_heap=1064/3200MB  direct=677/677MB  py_workers=18x27959MB  loss=36.56(avg16=47.41)  mae=5.59  sys_used=30Gi/62Gi
2026-07-14 12:08:32  pid=2886499  rss=4758MB  jvm_heap=1156/3200MB  direct=677/677MB  py_workers=18x27507MB  loss=37.85(avg16=49.26)  mae=5.66  sys_used=29Gi/62Gi
2026-07-14 12:09:02  pid=2886499  rss=4746MB  jvm_heap=1146/3200MB  direct=677/677MB  py_workers=18x28401MB  loss=38.18(avg16=49.52)  mae=5.65  sys_used=30Gi/62Gi
2026-07-14 12:09:32  pid=2886499  rss=4758MB  jvm_heap=2756/3200MB  direct=675/675MB  py_workers=18x28018MB  loss=33.06(avg16=46.67)  mae=5.23  sys_used=30Gi/62Gi
2026-07-14 12:10:02  pid=2886499  rss=4770MB  jvm_heap=1115/3200MB  direct=677/677MB  py_workers=18x28142MB  loss=23.75(avg16=43.21)  mae=4.92  sys_used=30Gi/62Gi
2026-07-14 12:10:32  pid=2886499  rss=4771MB  jvm_heap=2205/3200MB  direct=679/679MB  py_workers=18x28559MB  loss=37.04(avg16=41.21)  mae=4.73  sys_used=30Gi/62Gi
2026-07-14 12:11:03  pid=2886499  rss=4758MB  jvm_heap=3153/3200MB  direct=679/679MB  py_workers=18x28183MB  loss=32.85(avg16=40.19)  mae=4.55  sys_used=30Gi/62Gi
2026-07-14 12:11:33  pid=2886499  rss=4758MB  jvm_heap=1043/3200MB  direct=677/677MB  py_workers=18x28106MB  loss=79.17(avg16=44.50)  mae=4.84  sys_used=30Gi/62Gi
2026-07-14 12:12:03  pid=2886499  rss=4758MB  jvm_heap=1116/3200MB  direct=677/677MB  py_workers=18x28344MB  loss=29.37(avg16=43.36)  mae=4.74  sys_used=30Gi/62Gi
2026-07-14 12:12:33  pid=2886499  rss=4758MB  jvm_heap=1728/3200MB  direct=677/677MB  py_workers=18x28002MB  loss=27.80(avg16=42.62)  mae=4.72  sys_used=30Gi/62Gi
2026-07-14 12:13:03  pid=2886499  rss=4758MB  jvm_heap=2688/3200MB  direct=677/677MB  py_workers=18x27993MB  loss=41.55(avg16=42.78)  mae=4.94  sys_used=30Gi/62Gi
2026-07-14 12:13:34  pid=2886499  rss=4770MB  jvm_heap=974/3200MB  direct=677/677MB  py_workers=18x28193MB  loss=22.29(avg16=42.80)  mae=5.04  sys_used=30Gi/62Gi
2026-07-14 12:14:04  pid=2886499  rss=4759MB  jvm_heap=1146/3200MB  direct=679/679MB  py_workers=18x28429MB  loss=43.27(avg16=43.80)  mae=5.45  sys_used=30Gi/62Gi
2026-07-14 12:14:34  pid=2886499  rss=4758MB  jvm_heap=1257/3200MB  direct=677/677MB  py_workers=18x28467MB  loss=41.10(avg16=46.14)  mae=5.62  sys_used=30Gi/62Gi
2026-07-14 12:15:04  pid=2886499  rss=4758MB  jvm_heap=2523/3200MB  direct=677/677MB  py_workers=18x27756MB  loss=40.82(avg16=47.44)  mae=5.67  sys_used=29Gi/62Gi
2026-07-14 12:15:34  pid=2886499  rss=4770MB  jvm_heap=1037/3200MB  direct=677/677MB  py_workers=18x28029MB  loss=15.73(avg16=47.54)  mae=5.61  sys_used=30Gi/62Gi
2026-07-14 12:16:04  pid=2886499  rss=4770MB  jvm_heap=1898/3200MB  direct=679/679MB  py_workers=18x27858MB  loss=56.73(avg16=48.79)  mae=5.58  sys_used=30Gi/62Gi
2026-07-14 12:16:35  pid=2886499  rss=4770MB  jvm_heap=1244/3200MB  direct=679/679MB  py_workers=18x28670MB  loss=31.21(avg16=46.62)  mae=5.38  sys_used=30Gi/62Gi
2026-07-14 12:17:05  pid=2886499  rss=4770MB  jvm_heap=1546/3200MB  direct=679/679MB  py_workers=18x27933MB  loss=43.05(avg16=42.99)  mae=5.04  sys_used=30Gi/62Gi
2026-07-14 12:17:35  pid=2886499  rss=4758MB  jvm_heap=1880/3200MB  direct=679/679MB  py_workers=18x27683MB  loss=24.67(avg16=40.11)  mae=4.84  sys_used=29Gi/62Gi
2026-07-14 12:18:05  pid=2886499  rss=4758MB  jvm_heap=1152/3200MB  direct=677/677MB  py_workers=18x27783MB  loss=34.56(avg16=39.32)  mae=4.79  sys_used=29Gi/62Gi
2026-07-14 12:18:35  pid=2886499  rss=4758MB  jvm_heap=1152/3200MB  direct=677/677MB  py_workers=18x27898MB  loss=35.65(avg16=36.34)  mae=4.62  sys_used=30Gi/62Gi
2026-07-14 12:19:05  pid=2886499  rss=4747MB  jvm_heap=1928/3200MB  direct=677/677MB  py_workers=18x27645MB  loss=29.04(avg16=39.23)  mae=4.91  sys_used=29Gi/62Gi
2026-07-14 12:19:36  pid=2886499  rss=4747MB  jvm_heap=1764/3200MB  direct=675/675MB  py_workers=18x27637MB  loss=46.06(avg16=39.52)  mae=4.95  sys_used=29Gi/62Gi
2026-07-14 12:20:06  pid=2886499  rss=4768MB  jvm_heap=1143/3200MB  direct=675/675MB  py_workers=18x27519MB  loss=53.99(avg16=42.90)  mae=5.28  sys_used=29Gi/62Gi
2026-07-14 12:20:36  pid=2886499  rss=4768MB  jvm_heap=1145/3200MB  direct=679/679MB  py_workers=18x27935MB  loss=48.19(avg16=44.41)  mae=5.55  sys_used=30Gi/62Gi
2026-07-14 12:21:06  pid=2886499  rss=4782MB  jvm_heap=1150/3200MB  direct=681/681MB  py_workers=18x28530MB  loss=54.50(avg16=46.40)  mae=5.79  sys_used=30Gi/62Gi
2026-07-14 12:21:36  pid=2886499  rss=4760MB  jvm_heap=2706/3200MB  direct=681/681MB  py_workers=18x28115MB  loss=47.31(avg16=45.91)  mae=5.79  sys_used=30Gi/62Gi
2026-07-14 12:22:06  pid=2886499  rss=4760MB  jvm_heap=1824/3200MB  direct=679/679MB  py_workers=18x27602MB  loss=39.48(avg16=44.53)  mae=5.64  sys_used=29Gi/62Gi
2026-07-14 12:22:37  pid=2886499  rss=4760MB  jvm_heap=1281/3200MB  direct=681/681MB  py_workers=18x27551MB  loss=53.12(avg16=45.65)  mae=5.70  sys_used=29Gi/62Gi
2026-07-14 12:23:07  pid=2886499  rss=4760MB  jvm_heap=2241/3200MB  direct=681/681MB  py_workers=18x27903MB  loss=56.14(avg16=46.34)  mae=5.77  sys_used=30Gi/62Gi
2026-07-14 12:23:37  pid=2886499  rss=4772MB  jvm_heap=1749/3200MB  direct=681/681MB  py_workers=18x27868MB  loss=48.60(avg16=46.12)  mae=5.80  sys_used=30Gi/62Gi
2026-07-14 12:24:07  pid=2886499  rss=4772MB  jvm_heap=1253/3200MB  direct=683/683MB  py_workers=18x27461MB  loss=47.15(avg16=47.02)  mae=5.92  sys_used=29Gi/62Gi
2026-07-14 12:24:37  pid=2886499  rss=4772MB  jvm_heap=1161/3200MB  direct=681/681MB  py_workers=18x27831MB  loss=50.62(avg16=47.30)  mae=5.95  sys_used=29Gi/62Gi
2026-07-14 12:25:07  pid=2886499  rss=4772MB  jvm_heap=1049/3200MB  direct=681/681MB  py_workers=18x28115MB  loss=64.31(avg16=48.05)  mae=5.95  sys_used=30Gi/62Gi
2026-07-14 12:25:37  pid=2886499  rss=4772MB  jvm_heap=2129/3200MB  direct=681/681MB  py_workers=18x28452MB  loss=40.31(avg16=48.76)  mae=6.01  sys_used=30Gi/62Gi
2026-07-14 12:26:08  pid=2886499  rss=4761MB  jvm_heap=3063/3200MB  direct=681/681MB  py_workers=18x28405MB  loss=46.27(avg16=47.43)  mae=5.91  sys_used=30Gi/62Gi
2026-07-14 12:26:38  pid=2886499  rss=4774MB  jvm_heap=988/3200MB  direct=681/681MB  py_workers=18x27830MB  loss=47.73(avg16=49.00)  mae=6.12  sys_used=29Gi/62Gi
2026-07-14 12:27:08  pid=2886499  rss=4761MB  jvm_heap=994/3200MB  direct=681/681MB  py_workers=18x27797MB  loss=42.30(avg16=48.98)  mae=6.23  sys_used=29Gi/62Gi
2026-07-14 12:27:38  pid=2886499  rss=4749MB  jvm_heap=1888/3200MB  direct=679/679MB  py_workers=18x27564MB  loss=36.84(avg16=46.60)  mae=6.15  sys_used=29Gi/62Gi
2026-07-14 12:28:08  pid=2886499  rss=4749MB  jvm_heap=2840/3200MB  direct=677/677MB  py_workers=18x27901MB  loss=50.12(avg16=49.50)  mae=6.47  sys_used=30Gi/62Gi
2026-07-14 12:28:39  pid=2886499  rss=4759MB  jvm_heap=1026/3200MB  direct=677/677MB  py_workers=18x28622MB  loss=37.98(avg16=47.62)  mae=6.36  sys_used=30Gi/62Gi
2026-07-14 12:29:09  pid=2886499  rss=4758MB  jvm_heap=1405/3200MB  direct=677/677MB  py_workers=18x28082MB  loss=52.66(avg16=48.93)  mae=6.40  sys_used=30Gi/62Gi
2026-07-14 12:29:39  pid=2886499  rss=4758MB  jvm_heap=1067/3200MB  direct=677/677MB  py_workers=18x27844MB  loss=47.83(avg16=49.85)  mae=6.45  sys_used=29Gi/62Gi
2026-07-14 12:30:09  pid=2886499  rss=4758MB  jvm_heap=1147/3200MB  direct=677/677MB  py_workers=18x28017MB  loss=67.58(avg16=50.23)  mae=6.44  sys_used=30Gi/62Gi
2026-07-14 12:30:39  pid=2886499  rss=4758MB  jvm_heap=2188/3200MB  direct=677/677MB  py_workers=18x27889MB  loss=45.34(avg16=49.78)  mae=6.43  sys_used=30Gi/62Gi
2026-07-14 12:31:09  pid=2886499  rss=4746MB  jvm_heap=3130/3200MB  direct=677/677MB  py_workers=18x28095MB  loss=33.73(avg16=49.52)  mae=6.40  sys_used=30Gi/62Gi
2026-07-14 12:31:39  pid=2886499  rss=4746MB  jvm_heap=1544/3200MB  direct=675/675MB  py_workers=18x28052MB  loss=56.25(avg16=50.32)  mae=6.43  sys_used=30Gi/62Gi
2026-07-14 12:32:10  pid=2886499  rss=4746MB  jvm_heap=2812/3200MB  direct=675/675MB  py_workers=18x28168MB  loss=54.23(avg16=51.82)  mae=6.58  sys_used=30Gi/62Gi
2026-07-14 12:32:40  pid=2886499  rss=4758MB  jvm_heap=1063/3200MB  direct=675/675MB  py_workers=18x27874MB  loss=62.90(avg16=51.86)  mae=6.57  sys_used=29Gi/62Gi
2026-07-14 12:33:10  pid=2886499  rss=4758MB  jvm_heap=1176/3200MB  direct=677/677MB  py_workers=18x27962MB  loss=52.13(avg16=52.43)  mae=6.63  sys_used=30Gi/62Gi
2026-07-14 12:33:40  pid=2886499  rss=4770MB  jvm_heap=1159/3200MB  direct=677/677MB  py_workers=18x28413MB  loss=43.90(avg16=51.30)  mae=6.61  sys_used=30Gi/62Gi
2026-07-14 12:34:10  pid=2886499  rss=4758MB  jvm_heap=2347/3200MB  direct=679/679MB  py_workers=18x28081MB  loss=58.90(avg16=53.15)  mae=6.76  sys_used=30Gi/62Gi
2026-07-14 12:34:40  pid=2886499  rss=4746MB  jvm_heap=1072/3200MB  direct=677/677MB  py_workers=18x27778MB  loss=49.43(avg16=53.28)  mae=6.81  sys_used=29Gi/62Gi
2026-07-14 12:35:11  pid=2886499  rss=4746MB  jvm_heap=1899/3200MB  direct=675/675MB  py_workers=18x28028MB  loss=52.98(avg16=52.41)  mae=6.74  sys_used=30Gi/62Gi
2026-07-14 12:35:41  pid=2886499  rss=4746MB  jvm_heap=2052/3200MB  direct=675/675MB  py_workers=18x28522MB  loss=65.13(avg16=53.67)  mae=6.87  sys_used=30Gi/62Gi
2026-07-14 12:36:11  pid=2886499  rss=4746MB  jvm_heap=1622/3200MB  direct=675/675MB  py_workers=18x28577MB  loss=27.48(avg16=51.33)  mae=6.64  sys_used=30Gi/62Gi
2026-07-14 12:36:41  pid=2886499  rss=4758MB  jvm_heap=1544/3200MB  direct=675/675MB  py_workers=18x28445MB  loss=51.05(avg16=51.01)  mae=6.57  sys_used=30Gi/62Gi
2026-07-14 12:37:11  pid=2886499  rss=4770MB  jvm_heap=1128/3200MB  direct=677/677MB  py_workers=18x28210MB  loss=50.54(avg16=51.13)  mae=6.59  sys_used=30Gi/62Gi
2026-07-14 12:37:41  pid=2886499  rss=4771MB  jvm_heap=1479/3200MB  direct=679/679MB  py_workers=18x28158MB  loss=67.71(avg16=52.03)  mae=6.64  sys_used=30Gi/62Gi
2026-07-14 12:38:12  pid=2886499  rss=4773MB  jvm_heap=2421/3200MB  direct=679/679MB  py_workers=18x28451MB  loss=75.02(avg16=53.28)  mae=6.76  sys_used=30Gi/62Gi
2026-07-14 12:38:42  pid=2886499  rss=4758MB  jvm_heap=997/3200MB  direct=679/679MB  py_workers=18x28324MB  loss=29.51(avg16=51.14)  mae=6.60  sys_used=30Gi/62Gi
2026-07-14 12:39:12  pid=2886499  rss=4746MB  jvm_heap=1139/3200MB  direct=677/677MB  py_workers=18x28173MB  loss=65.43(avg16=52.13)  mae=6.67  sys_used=29Gi/62Gi
2026-07-14 12:39:42  pid=2886499  rss=4747MB  jvm_heap=1598/3200MB  direct=675/675MB  py_workers=18x27446MB  loss=58.15(avg16=52.98)  mae=6.72  sys_used=29Gi/62Gi
2026-07-14 12:40:12  pid=2886499  rss=4758MB  jvm_heap=2558/3200MB  direct=675/675MB  py_workers=18x27503MB  loss=60.80(avg16=53.11)  mae=6.75  sys_used=29Gi/62Gi
2026-07-14 12:40:42  pid=2886499  rss=4784MB  jvm_heap=1028/3200MB  direct=677/677MB  py_workers=18x28039MB  loss=74.85(avg16=53.94)  mae=6.90  sys_used=30Gi/62Gi
2026-07-14 12:41:12  pid=2886499  rss=4761MB  jvm_heap=2190/3200MB  direct=681/681MB  py_workers=18x28286MB  loss=42.71(avg16=52.77)  mae=6.77  sys_used=30Gi/62Gi
2026-07-14 12:41:43  pid=2886499  rss=4761MB  jvm_heap=1637/3200MB  direct=677/677MB  py_workers=18x28071MB  loss=58.98(avg16=52.82)  mae=6.73  sys_used=30Gi/62Gi
2026-07-14 12:42:13  pid=2886499  rss=4773MB  jvm_heap=1886/3200MB  direct=677/677MB  py_workers=18x27571MB  loss=54.09(avg16=51.41)  mae=6.55  sys_used=29Gi/62Gi
2026-07-14 12:42:43  pid=2886499  rss=4773MB  jvm_heap=1894/3200MB  direct=679/679MB  py_workers=18x27643MB  loss=64.14(avg16=51.12)  mae=6.48  sys_used=29Gi/62Gi
2026-07-14 12:43:13  pid=2886499  rss=4785MB  jvm_heap=1135/3200MB  direct=679/679MB  py_workers=18x28109MB  loss=66.24(avg16=53.04)  mae=6.61  sys_used=30Gi/62Gi
2026-07-14 12:43:43  pid=2886499  rss=4784MB  jvm_heap=1768/3200MB  direct=681/681MB  py_workers=18x28125MB  loss=56.92(avg16=52.65)  mae=6.60  sys_used=30Gi/62Gi
2026-07-14 12:44:14  pid=2886499  rss=4785MB  jvm_heap=3044/3200MB  direct=681/681MB  py_workers=18x28115MB  loss=44.18(avg16=53.20)  mae=6.70  sys_used=30Gi/62Gi
2026-07-14 12:44:44  pid=2886499  rss=4773MB  jvm_heap=1307/3200MB  direct=681/681MB  py_workers=18x28190MB  loss=59.41(avg16=53.77)  mae=6.77  sys_used=30Gi/62Gi
2026-07-14 12:45:14  pid=2886499  rss=4773MB  jvm_heap=1517/3200MB  direct=681/681MB  py_workers=18x28282MB  loss=65.74(avg16=53.11)  mae=6.71  sys_used=30Gi/62Gi
2026-07-14 12:45:44  pid=2886499  rss=4772MB  jvm_heap=1021/3200MB  direct=681/681MB  py_workers=18x28688MB  loss=30.03(avg16=51.66)  mae=6.60  sys_used=30Gi/62Gi
2026-07-14 12:46:14  pid=2886499  rss=4759MB  jvm_heap=1114/3200MB  direct=681/681MB  py_workers=18x28327MB  loss=42.67(avg16=50.69)  mae=6.39  sys_used=30Gi/62Gi
2026-07-14 12:46:44  pid=2886499  rss=4747MB  jvm_heap=1000/3200MB  direct=679/679MB  py_workers=18x28156MB  loss=32.43(avg16=49.60)  mae=6.23  sys_used=30Gi/62Gi
2026-07-14 12:47:15  pid=2886499  rss=4758MB  jvm_heap=2776/3200MB  direct=677/677MB  py_workers=18x28407MB  loss=34.27(avg16=47.96)  mae=6.09  sys_used=30Gi/62Gi
2026-07-14 12:47:45  pid=2886499  rss=4747MB  jvm_heap=1561/3200MB  direct=679/679MB  py_workers=18x27844MB  loss=37.70(avg16=45.60)  mae=5.89  sys_used=29Gi/62Gi
2026-07-14 12:48:15  pid=2886499  rss=4746MB  jvm_heap=1151/3200MB  direct=677/677MB  py_workers=18x28502MB  loss=20.05(avg16=43.04)  mae=5.68  sys_used=30Gi/62Gi
2026-07-14 12:48:45  pid=2886499  rss=4759MB  jvm_heap=1123/3200MB  direct=685/683MB  py_workers=18x27867MB  loss=43.69(avg16=42.36)  mae=5.55  sys_used=29Gi/62Gi
2026-07-14 12:49:15  pid=2886499  rss=4771MB  jvm_heap=1925/3200MB  direct=679/679MB  py_workers=18x28146MB  loss=47.16(avg16=43.68)  mae=5.61  sys_used=30Gi/62Gi
2026-07-14 12:49:45  pid=2886499  rss=4759MB  jvm_heap=2887/3200MB  direct=681/681MB  py_workers=18x28072MB  loss=35.43(avg16=43.28)  mae=5.57  sys_used=30Gi/62Gi
2026-07-14 12:50:16  pid=2886499  rss=4759MB  jvm_heap=2252/3200MB  direct=677/677MB  py_workers=18x27954MB  loss=54.69(avg16=45.77)  mae=5.72  sys_used=30Gi/62Gi
2026-07-14 12:50:46  pid=2886499  rss=4759MB  jvm_heap=1029/3200MB  direct=677/677MB  py_workers=18x27978MB  loss=35.59(avg16=48.02)  mae=6.04  sys_used=30Gi/62Gi
2026-07-14 12:51:16  pid=2886499  rss=4759MB  jvm_heap=2066/3200MB  direct=677/677MB  py_workers=18x28744MB  loss=42.95(avg16=48.01)  mae=6.04  sys_used=30Gi/62Gi
2026-07-14 12:51:46  pid=2886499  rss=4771MB  jvm_heap=1175/3200MB  direct=677/677MB  py_workers=18x28226MB  loss=41.90(avg16=47.19)  mae=5.95  sys_used=30Gi/62Gi
2026-07-14 12:52:16  pid=2886499  rss=4747MB  jvm_heap=2257/3200MB  direct=679/679MB  py_workers=18x28264MB  loss=40.81(avg16=46.90)  mae=5.92  sys_used=30Gi/62Gi
2026-07-14 12:52:46  pid=2886499  rss=4759MB  jvm_heap=1028/3200MB  direct=675/675MB  py_workers=18x28181MB  loss=27.04(avg16=43.17)  mae=5.56  sys_used=30Gi/62Gi
2026-07-14 12:53:17  pid=2886499  rss=4759MB  jvm_heap=2265/3200MB  direct=677/677MB  py_workers=18x28628MB  loss=30.47(avg16=41.66)  mae=5.43  sys_used=30Gi/62Gi
2026-07-14 12:53:47  pid=2886499  rss=4771MB  jvm_heap=1583/3200MB  direct=677/677MB  py_workers=18x28670MB  loss=29.80(avg16=38.81)  mae=5.10  sys_used=30Gi/62Gi
2026-07-14 12:54:17  pid=2886499  rss=4759MB  jvm_heap=1931/3200MB  direct=679/679MB  py_workers=18x28088MB  loss=44.87(avg16=37.42)  mae=5.00  sys_used=30Gi/62Gi
2026-07-14 12:54:47  pid=2886499  rss=4759MB  jvm_heap=2903/3200MB  direct=677/677MB  py_workers=18x28358MB  loss=34.02(avg16=35.83)  mae=4.87  sys_used=30Gi/62Gi
2026-07-14 12:55:17  pid=2886499  rss=4759MB  jvm_heap=1041/3200MB  direct=677/677MB  py_workers=18x28329MB  loss=64.94(avg16=34.70)  mae=4.74  sys_used=30Gi/62Gi
2026-07-14 12:55:48  pid=2886499  rss=4759MB  jvm_heap=1000/3200MB  direct=677/677MB  py_workers=18x28939MB  loss=22.88(avg16=35.25)  mae=4.71  sys_used=30Gi/62Gi
2026-07-14 12:56:18  pid=2886499  rss=4747MB  jvm_heap=2786/3200MB  direct=677/677MB  py_workers=18x28123MB  loss=27.11(avg16=37.87)  mae=4.85  sys_used=30Gi/62Gi
2026-07-14 12:56:48  pid=2886499  rss=4759MB  jvm_heap=1935/3200MB  direct=675/675MB  py_workers=18x28116MB  loss=43.29(avg16=38.36)  mae=4.82  sys_used=30Gi/62Gi
2026-07-14 12:57:18  pid=2886499  rss=4770MB  jvm_heap=1121/3200MB  direct=677/677MB  py_workers=18x28426MB  loss=29.20(avg16=42.21)  mae=5.10  sys_used=30Gi/62Gi
2026-07-14 12:57:48  pid=2886499  rss=4758MB  jvm_heap=1487/3200MB  direct=679/679MB  py_workers=18x28861MB  loss=64.07(avg16=42.24)  mae=5.24  sys_used=30Gi/62Gi
2026-07-14 12:58:18  pid=2886499  rss=4759MB  jvm_heap=2075/3200MB  direct=677/677MB  py_workers=18x28615MB  loss=33.17(avg16=41.01)  mae=5.10  sys_used=30Gi/62Gi
2026-07-14 12:58:49  pid=2886499  rss=4759MB  jvm_heap=1153/3200MB  direct=677/677MB  py_workers=18x28779MB  loss=43.77(avg16=41.01)  mae=5.06  sys_used=30Gi/62Gi
2026-07-14 12:59:19  pid=2886499  rss=4759MB  jvm_heap=1146/3200MB  direct=677/677MB  py_workers=18x28712MB  loss=49.91(avg16=36.94)  mae=4.74  sys_used=30Gi/62Gi
2026-07-14 12:59:49  pid=2886499  rss=4759MB  jvm_heap=1178/3200MB  direct=677/677MB  py_workers=18x28465MB  loss=48.52(avg16=35.81)  mae=4.51  sys_used=30Gi/62Gi
2026-07-14 13:00:19  pid=2886499  rss=4771MB  jvm_heap=1179/3200MB  direct=677/677MB  py_workers=18x28359MB  loss=43.12(avg16=33.21)  mae=4.30  sys_used=30Gi/62Gi
2026-07-14 13:00:49  pid=2886499  rss=4759MB  jvm_heap=1124/3200MB  direct=679/679MB  py_workers=18x28198MB  loss=13.71(avg16=31.83)  mae=4.20  sys_used=30Gi/62Gi
2026-07-14 13:01:19  pid=2886499  rss=4747MB  jvm_heap=1852/3200MB  direct=677/677MB  py_workers=18x28333MB  loss=17.68(avg16=32.13)  mae=4.20  sys_used=30Gi/62Gi
2026-07-14 13:01:50  pid=2886499  rss=4747MB  jvm_heap=3134/3200MB  direct=675/675MB  py_workers=18x28544MB  loss=44.39(avg16=31.82)  mae=4.21  sys_used=30Gi/62Gi
2026-07-14 13:02:20  pid=2886499  rss=4759MB  jvm_heap=1101/3200MB  direct=675/675MB  py_workers=18x28238MB  loss=41.93(avg16=33.60)  mae=4.26  sys_used=30Gi/62Gi
2026-07-14 13:02:50  pid=2886499  rss=4759MB  jvm_heap=1167/3200MB  direct=677/677MB  py_workers=18x28854MB  loss=11.98(avg16=30.00)  mae=4.02  sys_used=30Gi/62Gi
2026-07-14 13:03:20  pid=2886499  rss=4759MB  jvm_heap=1130/3200MB  direct=677/677MB  py_workers=18x28493MB  loss=19.26(avg16=31.41)  mae=4.08  sys_used=30Gi/62Gi
2026-07-14 13:03:50  pid=2886499  rss=4771MB  jvm_heap=1436/3200MB  direct=677/677MB  py_workers=18x28549MB  loss=52.13(avg16=38.70)  mae=4.49  sys_used=30Gi/62Gi
2026-07-14 13:04:20  pid=2886499  rss=4747MB  jvm_heap=1264/3200MB  direct=679/679MB  py_workers=18x27864MB  loss=55.79(avg16=36.91)  mae=4.45  sys_used=29Gi/62Gi
2026-07-14 13:04:51  pid=2886499  rss=4759MB  jvm_heap=1057/3200MB  direct=675/675MB  py_workers=18x28205MB  loss=41.56(avg16=36.68)  mae=4.42  sys_used=30Gi/62Gi
2026-07-14 13:05:21  pid=2886499  rss=4749MB  jvm_heap=1203/3200MB  direct=677/677MB  py_workers=18x28645MB  loss=43.76(avg16=37.85)  mae=4.52  sys_used=30Gi/62Gi
2026-07-14 13:05:51  pid=2886499  rss=4759MB  jvm_heap=2242/3200MB  direct=675/675MB  py_workers=18x28573MB  loss=52.99(avg16=39.46)  mae=4.41  sys_used=30Gi/62Gi
2026-07-14 13:06:21  pid=2886499  rss=4747MB  jvm_heap=1905/3200MB  direct=677/677MB  py_workers=18x28576MB  loss=26.82(avg16=40.45)  mae=4.36  sys_used=30Gi/62Gi
2026-07-14 13:06:51  pid=2886499  rss=4759MB  jvm_heap=1623/3200MB  direct=677/677MB  py_workers=18x28755MB  loss=67.01(avg16=42.58)  mae=4.54  sys_used=30Gi/62Gi
2026-07-14 13:07:21  pid=2886499  rss=4759MB  jvm_heap=3183/3200MB  direct=679/679MB  py_workers=18x28787MB  loss=65.56(avg16=45.72)  mae=4.64  sys_used=30Gi/62Gi
2026-07-14 13:07:52  pid=2886499  rss=4759MB  jvm_heap=1934/3200MB  direct=679/679MB  py_workers=18x28615MB  loss=47.63(avg16=44.30)  mae=4.56  sys_used=30Gi/62Gi
2026-07-14 13:08:22  pid=2886499  rss=4767MB  jvm_heap=1706/3200MB  direct=679/679MB  py_workers=18x28925MB  loss=33.22(avg16=42.84)  mae=4.49  sys_used=31Gi/62Gi
2026-07-14 13:08:52  pid=2886499  rss=4767MB  jvm_heap=2968/3200MB  direct=679/679MB  py_workers=18x28402MB  loss=26.53(avg16=45.19)  mae=4.56  sys_used=30Gi/62Gi
2026-07-14 13:09:22  pid=2886499  rss=4779MB  jvm_heap=1056/3200MB  direct=679/679MB  py_workers=18x28711MB  loss=72.75(avg16=45.48)  mae=4.56  sys_used=30Gi/62Gi
2026-07-14 13:09:52  pid=2886499  rss=4779MB  jvm_heap=1170/3200MB  direct=681/681MB  py_workers=18x28842MB  loss=62.48(avg16=48.88)  mae=4.79  sys_used=30Gi/62Gi
2026-07-14 13:10:22  pid=2886499  rss=4769MB  jvm_heap=2533/3200MB  direct=681/681MB  py_workers=18x28684MB  loss=50.18(avg16=51.08)  mae=5.11  sys_used=30Gi/62Gi
2026-07-14 13:10:53  pid=2886499  rss=4767MB  jvm_heap=1803/3200MB  direct=679/679MB  py_workers=18x28621MB  loss=47.79(avg16=50.04)  mae=5.10  sys_used=30Gi/62Gi
2026-07-14 13:11:23  pid=2886499  rss=4767MB  jvm_heap=1147/3200MB  direct=677/677MB  py_workers=18x28734MB  loss=57.51(avg16=51.39)  mae=5.19  sys_used=30Gi/62Gi
2026-07-14 13:11:53  pid=2886499  rss=4779MB  jvm_heap=1161/3200MB  direct=677/677MB  py_workers=18x29150MB  loss=58.61(avg16=47.57)  mae=4.96  sys_used=31Gi/62Gi
2026-07-14 13:12:23  pid=2886499  rss=4778MB  jvm_heap=1081/3200MB  direct=679/679MB  py_workers=18x29284MB  loss=42.82(avg16=49.65)  mae=5.04  sys_used=31Gi/62Gi
2026-07-14 13:12:53  pid=2886499  rss=4747MB  jvm_heap=1200/3200MB  direct=679/679MB  py_workers=18x28886MB  loss=55.61(avg16=51.14)  mae=5.03  sys_used=30Gi/62Gi
2026-07-14 13:13:23  pid=2886499  rss=4759MB  jvm_heap=2053/3200MB  direct=675/675MB  py_workers=18x29100MB  loss=70.97(avg16=59.31)  mae=5.49  sys_used=31Gi/62Gi
2026-07-14 13:13:54  pid=2886499  rss=4759MB  jvm_heap=1150/3200MB  direct=677/677MB  py_workers=18x28298MB  loss=82.95(avg16=62.66)  mae=5.75  sys_used=30Gi/62Gi
2026-07-14 13:14:24  pid=2886499  rss=4759MB  jvm_heap=2210/3200MB  direct=677/677MB  py_workers=18x28538MB  loss=81.30(avg16=62.46)  mae=5.79  sys_used=30Gi/62Gi
2026-07-14 13:14:54  pid=2886499  rss=4759MB  jvm_heap=3150/3200MB  direct=677/677MB  py_workers=18x28506MB  loss=28.79(avg16=62.40)  mae=5.78  sys_used=30Gi/62Gi
2026-07-14 13:15:24  pid=2886499  rss=4759MB  jvm_heap=1015/3200MB  direct=677/677MB  py_workers=18x28610MB  loss=98.15(avg16=64.69)  mae=5.85  sys_used=30Gi/62Gi
2026-07-14 13:15:54  pid=2886499  rss=4771MB  jvm_heap=2091/3200MB  direct=677/677MB  py_workers=18x28319MB  loss=79.22(avg16=69.43)  mae=6.11  sys_used=30Gi/62Gi
2026-07-14 13:16:24  pid=2886499  rss=4771MB  jvm_heap=1677/3200MB  direct=679/679MB  py_workers=18x28565MB  loss=48.43(avg16=67.31)  mae=5.93  sys_used=30Gi/62Gi
2026-07-14 13:16:55  pid=2886499  rss=4781MB  jvm_heap=1173/3200MB  direct=679/679MB  py_workers=18x28492MB  loss=71.47(avg16=67.73)  mae=6.08  sys_used=30Gi/62Gi
2026-07-14 13:17:25  pid=2886499  rss=4769MB  jvm_heap=1088/3200MB  direct=681/681MB  py_workers=18x28754MB  loss=49.74(avg16=66.73)  mae=6.21  sys_used=30Gi/62Gi
2026-07-14 13:17:55  pid=2886499  rss=4761MB  jvm_heap=1606/3200MB  direct=679/679MB  py_workers=18x28570MB  loss=57.34(avg16=62.65)  mae=5.82  sys_used=30Gi/62Gi
2026-07-14 13:18:25  pid=2886499  rss=4773MB  jvm_heap=2262/3200MB  direct=679/679MB  py_workers=18x28657MB  loss=67.67(avg16=60.87)  mae=5.64  sys_used=30Gi/62Gi
2026-07-14 13:18:55  pid=2886499  rss=4761MB  jvm_heap=1902/3200MB  direct=681/681MB  py_workers=18x28770MB  loss=71.19(avg16=64.10)  mae=5.95  sys_used=30Gi/62Gi
2026-07-14 13:19:25  pid=2886499  rss=4773MB  jvm_heap=1266/3200MB  direct=679/679MB  py_workers=18x28685MB  loss=78.38(avg16=65.39)  mae=5.95  sys_used=30Gi/62Gi
2026-07-14 13:19:56  pid=2886499  rss=4773MB  jvm_heap=1088/3200MB  direct=681/681MB  py_workers=18x28975MB  loss=72.83(avg16=70.91)  mae=6.35  sys_used=31Gi/62Gi
2026-07-14 13:20:26  pid=2886499  rss=4773MB  jvm_heap=1138/3200MB  direct=681/681MB  py_workers=18x28858MB  loss=93.50(avg16=76.93)  mae=6.89  sys_used=30Gi/62Gi
2026-07-14 13:20:56  pid=2886499  rss=4761MB  jvm_heap=2275/3200MB  direct=681/681MB  py_workers=18x28168MB  loss=84.22(avg16=79.22)  mae=6.96  sys_used=30Gi/62Gi
2026-07-14 13:21:26  pid=2886499  rss=4749MB  jvm_heap=1979/3200MB  direct=679/679MB  py_workers=18x28303MB  loss=90.25(avg16=80.60)  mae=7.06  sys_used=30Gi/62Gi
2026-07-14 13:21:56  pid=2886499  rss=4739MB  jvm_heap=1327/3200MB  direct=677/677MB  py_workers=18x28589MB  loss=90.35(avg16=80.36)  mae=7.10  sys_used=30Gi/62Gi
2026-07-14 13:22:26  pid=2886499  rss=4763MB  jvm_heap=2775/3200MB  direct=677/677MB  py_workers=18x29163MB  loss=113.04(avg16=84.11)  mae=7.29  sys_used=31Gi/62Gi
2026-07-14 13:22:57  pid=2886499  rss=4751MB  jvm_heap=1833/3200MB  direct=681/681MB  py_workers=18x28611MB  loss=73.45(avg16=81.69)  mae=7.17  sys_used=30Gi/62Gi
2026-07-14 13:23:27  pid=2886499  rss=4751MB  jvm_heap=1970/3200MB  direct=679/679MB  py_workers=18x28441MB  loss=101.34(avg16=86.38)  mae=7.51  sys_used=30Gi/62Gi
2026-07-14 13:23:57  pid=2886499  rss=4773MB  jvm_heap=2928/3200MB  direct=679/679MB  py_workers=18x28583MB  loss=60.21(avg16=87.60)  mae=7.69  sys_used=30Gi/62Gi
2026-07-14 13:24:27  pid=2886499  rss=4759MB  jvm_heap=1008/3200MB  direct=683/683MB  py_workers=18x28211MB  loss=98.93(avg16=86.89)  mae=7.56  sys_used=30Gi/62Gi
2026-07-14 13:24:57  pid=2886499  rss=4771MB  jvm_heap=1176/3200MB  direct=679/679MB  py_workers=18x28774MB  loss=90.65(avg16=81.83)  mae=7.27  sys_used=30Gi/62Gi
2026-07-14 13:25:27  pid=2886499  rss=4759MB  jvm_heap=1255/3200MB  direct=681/681MB  py_workers=18x28680MB  loss=101.56(avg16=82.03)  mae=7.29  sys_used=30Gi/62Gi
2026-07-14 13:25:58  pid=2886499  rss=4766MB  jvm_heap=1143/3200MB  direct=679/679MB  py_workers=18x28313MB  loss=79.73(avg16=81.61)  mae=7.24  sys_used=30Gi/62Gi
2026-07-14 13:26:28  pid=2886499  rss=4754MB  jvm_heap=1187/3200MB  direct=679/679MB  py_workers=18x28488MB  loss=90.95(avg16=85.15)  mae=7.52  sys_used=30Gi/62Gi
2026-07-14 13:26:58  pid=2886499  rss=4766MB  jvm_heap=1929/3200MB  direct=677/677MB  py_workers=18x28857MB  loss=81.19(avg16=90.14)  mae=7.89  sys_used=30Gi/62Gi
2026-07-14 13:27:28  pid=2886499  rss=4758MB  jvm_heap=1326/3200MB  direct=679/679MB  py_workers=18x28874MB  loss=107.34(avg16=95.29)  mae=8.32  sys_used=30Gi/62Gi
2026-07-14 13:27:58  pid=2886499  rss=4747MB  jvm_heap=1570/3200MB  direct=677/677MB  py_workers=18x28762MB  loss=99.15(avg16=95.37)  mae=8.29  sys_used=30Gi/62Gi
2026-07-14 13:28:28  pid=2886499  rss=4747MB  jvm_heap=1982/3200MB  direct=677/677MB  py_workers=18x28417MB  loss=118.40(avg16=98.23)  mae=8.41  sys_used=30Gi/62Gi
2026-07-14 13:28:59  pid=2886499  rss=4758MB  jvm_heap=1634/3200MB  direct=675/675MB  py_workers=18x28373MB  loss=120.01(avg16=98.26)  mae=8.40  sys_used=30Gi/62Gi
2026-07-14 13:29:29  pid=2886499  rss=4758MB  jvm_heap=3174/3200MB  direct=677/677MB  py_workers=18x28488MB  loss=115.22(avg16=98.88)  mae=8.40  sys_used=30Gi/62Gi
2026-07-14 13:29:59  pid=2886499  rss=4759MB  jvm_heap=1918/3200MB  direct=677/677MB  py_workers=18x29235MB  loss=129.40(avg16=99.52)  mae=8.47  sys_used=31Gi/62Gi
2026-07-14 13:30:29  pid=2886499  rss=4758MB  jvm_heap=1152/3200MB  direct=677/677MB  py_workers=18x29028MB  loss=109.78(avg16=99.22)  mae=8.50  sys_used=31Gi/62Gi
2026-07-14 13:30:59  pid=2886499  rss=4751MB  jvm_heap=1299/3200MB  direct=677/677MB  py_workers=18x28930MB  loss=111.93(avg16=101.38)  mae=8.61  sys_used=31Gi/62Gi
2026-07-14 13:31:29  pid=2886499  rss=4751MB  jvm_heap=2995/3200MB  direct=677/677MB  py_workers=18x28898MB  loss=104.71(avg16=98.94)  mae=8.50  sys_used=31Gi/62Gi
2026-07-14 13:32:00  pid=2886499  rss=4753MB  jvm_heap=1809/3200MB  direct=677/677MB  py_workers=18x28879MB  loss=92.14(avg16=101.71)  mae=8.77  sys_used=31Gi/62Gi
2026-07-14 13:32:30  pid=2886499  rss=4753MB  jvm_heap=2381/3200MB  direct=675/675MB  py_workers=18x29115MB  loss=159.41(avg16=108.16)  mae=9.23  sys_used=31Gi/62Gi
2026-07-14 13:33:00  pid=2886499  rss=4735MB  jvm_heap=1753/3200MB  direct=675/675MB  py_workers=18x29288MB  loss=86.94(avg16=107.15)  mae=9.34  sys_used=31Gi/62Gi
2026-07-14 13:33:30  pid=2886499  rss=4735MB  jvm_heap=1156/3200MB  direct=673/673MB  py_workers=18x29211MB  loss=87.84(avg16=106.99)  mae=9.40  sys_used=31Gi/62Gi
2026-07-14 13:34:00  pid=2886499  rss=4749MB  jvm_heap=1788/3200MB  direct=673/673MB  py_workers=18x29001MB  loss=105.84(avg16=107.86)  mae=9.49  sys_used=31Gi/62Gi
2026-07-14 13:34:30  pid=2886499  rss=4761MB  jvm_heap=1292/3200MB  direct=675/675MB  py_workers=18x29591MB  loss=86.09(avg16=104.58)  mae=9.30  sys_used=31Gi/62Gi
2026-07-14 13:35:01  pid=2886499  rss=4749MB  jvm_heap=1022/3200MB  direct=677/677MB  py_workers=18x29450MB  loss=167.64(avg16=103.77)  mae=9.18  sys_used=31Gi/62Gi
2026-07-14 13:35:31  pid=2886499  rss=4749MB  jvm_heap=993/3200MB  direct=675/675MB  py_workers=18x29531MB  loss=122.22(avg16=109.05)  mae=9.50  sys_used=31Gi/62Gi
2026-07-14 13:36:01  pid=2886499  rss=4747MB  jvm_heap=1899/3200MB  direct=675/675MB  py_workers=18x28918MB  loss=121.79(avg16=111.64)  mae=9.63  sys_used=31Gi/62Gi
2026-07-14 13:36:31  pid=2886499  rss=4747MB  jvm_heap=1183/3200MB  direct=675/675MB  py_workers=18x28815MB  loss=111.06(avg16=115.44)  mae=9.84  sys_used=30Gi/62Gi
2026-07-14 13:37:01  pid=2886499  rss=4735MB  jvm_heap=1177/3200MB  direct=675/675MB  py_workers=18x29404MB  loss=104.72(avg16=114.56)  mae=9.80  sys_used=31Gi/62Gi
2026-07-14 13:37:31  pid=2886499  rss=4736MB  jvm_heap=2722/3200MB  direct=673/673MB  py_workers=18x29464MB  loss=130.16(avg16=115.26)  mae=9.87  sys_used=31Gi/62Gi
2026-07-14 13:38:02  pid=2886499  rss=4735MB  jvm_heap=1870/3200MB  direct=673/673MB  py_workers=18x28963MB  loss=97.15(avg16=110.84)  mae=9.64  sys_used=31Gi/62Gi
2026-07-14 13:38:32  pid=2886499  rss=4749MB  jvm_heap=3146/3200MB  direct=673/673MB  py_workers=18x29165MB  loss=91.87(avg16=108.14)  mae=9.52  sys_used=31Gi/62Gi
2026-07-14 13:39:02  pid=2886499  rss=4749MB  jvm_heap=1938/3200MB  direct=675/675MB  py_workers=18x28912MB  loss=66.49(avg16=103.52)  mae=9.30  sys_used=31Gi/62Gi
2026-07-14 13:39:32  pid=2886499  rss=4749MB  jvm_heap=1202/3200MB  direct=675/675MB  py_workers=18x29106MB  loss=105.67(avg16=103.01)  mae=9.33  sys_used=31Gi/62Gi
2026-07-14 13:40:02  pid=2886499  rss=4749MB  jvm_heap=1143/3200MB  direct=675/675MB  py_workers=18x28898MB  loss=90.34(avg16=97.33)  mae=8.99  sys_used=31Gi/62Gi
2026-07-14 13:40:32  pid=2886499  rss=4749MB  jvm_heap=1799/3200MB  direct=675/675MB  py_workers=18x28595MB  loss=94.13(avg16=96.44)  mae=8.93  sys_used=30Gi/62Gi
2026-07-14 13:41:03  pid=2886499  rss=4749MB  jvm_heap=3037/3200MB  direct=675/675MB  py_workers=18x28872MB  loss=108.67(avg16=100.55)  mae=9.12  sys_used=30Gi/62Gi
2026-07-14 13:41:33  pid=2886499  rss=4763MB  jvm_heap=1095/3200MB  direct=675/675MB  py_workers=18x28990MB  loss=107.78(avg16=105.43)  mae=9.40  sys_used=31Gi/62Gi
2026-07-14 13:42:03  pid=2886499  rss=4765MB  jvm_heap=1932/3200MB  direct=677/677MB  py_workers=18x29102MB  loss=140.66(avg16=113.60)  mae=9.86  sys_used=31Gi/62Gi
2026-07-14 13:42:33  pid=2886499  rss=4774MB  jvm_heap=1752/3200MB  direct=677/677MB  py_workers=18x29237MB  loss=116.36(avg16=115.45)  mae=9.99  sys_used=31Gi/62Gi
2026-07-14 13:43:03  pid=2886499  rss=4761MB  jvm_heap=1140/3200MB  direct=679/679MB  py_workers=18x29130MB  loss=93.54(avg16=113.66)  mae=9.90  sys_used=31Gi/62Gi
2026-07-14 13:43:33  pid=2886499  rss=4764MB  jvm_heap=1554/3200MB  direct=677/677MB  py_workers=18x28685MB  loss=97.23(avg16=109.84)  mae=9.69  sys_used=30Gi/62Gi
2026-07-14 13:44:04  pid=2886499  rss=4763MB  jvm_heap=2502/3200MB  direct=677/677MB  py_workers=18x29031MB  loss=77.98(avg16=107.77)  mae=9.57  sys_used=31Gi/62Gi
2026-07-14 13:44:34  pid=2886499  rss=4761MB  jvm_heap=1800/3200MB  direct=677/677MB  py_workers=18x29583MB  loss=132.82(avg16=109.66)  mae=9.67  sys_used=31Gi/62Gi
2026-07-14 13:45:04  pid=2886499  rss=4763MB  jvm_heap=1143/3200MB  direct=677/677MB  py_workers=18x29304MB  loss=110.26(avg16=108.37)  mae=9.61  sys_used=31Gi/62Gi
2026-07-14 13:45:34  pid=2886499  rss=4771MB  jvm_heap=1899/3200MB  direct=677/677MB  py_workers=18x29528MB  loss=99.93(avg16=109.21)  mae=9.69  sys_used=31Gi/62Gi
2026-07-14 13:46:04  pid=2886499  rss=4771MB  jvm_heap=2863/3200MB  direct=677/677MB  py_workers=18x29373MB  loss=123.43(avg16=108.44)  mae=9.67  sys_used=31Gi/62Gi
2026-07-14 13:46:34  pid=2886499  rss=4749MB  jvm_heap=1043/3200MB  direct=677/677MB  py_workers=18x28804MB  loss=96.53(avg16=106.83)  mae=9.62  sys_used=30Gi/62Gi
2026-07-14 13:47:05  pid=2886499  rss=4749MB  jvm_heap=1186/3200MB  direct=675/675MB  py_workers=18x29248MB  loss=117.22(avg16=102.20)  mae=9.32  sys_used=31Gi/62Gi
2026-07-14 13:47:35  pid=2886499  rss=4749MB  jvm_heap=2968/3200MB  direct=675/675MB  py_workers=18x28845MB  loss=123.71(avg16=104.02)  mae=9.38  sys_used=30Gi/62Gi
2026-07-14 13:48:05  pid=2886499  rss=4749MB  jvm_heap=2120/3200MB  direct=675/675MB  py_workers=18x29277MB  loss=113.93(avg16=105.36)  mae=9.41  sys_used=31Gi/62Gi
2026-07-14 13:48:35  pid=2886499  rss=4749MB  jvm_heap=1790/3200MB  direct=675/675MB  py_workers=18x29029MB  loss=103.24(avg16=108.73)  mae=9.59  sys_used=31Gi/62Gi
2026-07-14 13:49:05  pid=2886499  rss=4749MB  jvm_heap=2732/3200MB  direct=675/675MB  py_workers=18x29383MB  loss=105.76(avg16=115.20)  mae=9.99  sys_used=31Gi/62Gi
2026-07-14 13:49:35  pid=2886499  rss=4749MB  jvm_heap=1973/3200MB  direct=675/675MB  py_workers=18x29377MB  loss=127.68(avg16=118.47)  mae=10.22  sys_used=31Gi/62Gi
2026-07-14 13:50:06  pid=2886499  rss=4763MB  jvm_heap=2227/3200MB  direct=675/675MB  py_workers=18x29571MB  loss=97.97(avg16=115.18)  mae=10.06  sys_used=31Gi/62Gi
2026-07-14 13:50:36  pid=2886499  rss=4775MB  jvm_heap=1903/3200MB  direct=681/681MB  py_workers=18x29164MB  loss=117.11(avg16=112.63)  mae=9.95  sys_used=31Gi/62Gi
2026-07-14 13:51:06  pid=2886499  rss=4775MB  jvm_heap=1903/3200MB  direct=681/681MB  py_workers=18x29111MB  loss=101.78(avg16=108.27)  mae=9.73  sys_used=31Gi/62Gi
2026-07-14 13:51:36  pid=2886499  rss=4763MB  jvm_heap=1899/3200MB  direct=681/681MB  py_workers=18x29041MB  loss=95.87(avg16=108.34)  mae=9.74  sys_used=31Gi/62Gi
2026-07-14 13:52:06  pid=2886499  rss=4749MB  jvm_heap=1189/3200MB  direct=685/683MB  py_workers=18x29024MB  loss=118.29(avg16=112.17)  mae=10.00  sys_used=31Gi/62Gi
2026-07-14 13:52:36  pid=2886499  rss=4763MB  jvm_heap=1336/3200MB  direct=677/677MB  py_workers=18x28888MB  loss=106.20(avg16=107.68)  mae=9.76  sys_used=30Gi/62Gi
2026-07-14 13:53:07  pid=2886499  rss=4749MB  jvm_heap=1087/3200MB  direct=679/679MB  py_workers=18x28578MB  loss=102.58(avg16=106.59)  mae=9.72  sys_used=30Gi/62Gi
2026-07-14 13:53:37  pid=2886499  rss=4761MB  jvm_heap=1498/3200MB  direct=679/679MB  py_workers=18x28582MB  loss=105.00(avg16=104.84)  mae=9.66  sys_used=30Gi/62Gi
2026-07-14 13:54:07  pid=2886499  rss=4775MB  jvm_heap=1498/3200MB  direct=679/679MB  py_workers=18x28814MB  loss=109.09(avg16=99.32)  mae=9.40  sys_used=30Gi/62Gi
2026-07-14 13:54:37  pid=2886499  rss=4761MB  jvm_heap=3142/3200MB  direct=681/681MB  py_workers=18x29251MB  loss=129.30(avg16=104.52)  mae=9.67  sys_used=31Gi/62Gi
2026-07-14 13:55:07  pid=2886499  rss=4761MB  jvm_heap=1172/3200MB  direct=679/679MB  py_workers=18x28703MB  loss=99.47(avg16=104.98)  mae=9.66  sys_used=30Gi/62Gi
2026-07-14 13:55:37  pid=2886499  rss=4775MB  jvm_heap=1917/3200MB  direct=679/679MB  py_workers=18x28750MB  loss=85.41(avg16=105.07)  mae=9.64  sys_used=30Gi/62Gi
2026-07-14 13:56:08  pid=2886499  rss=4775MB  jvm_heap=2875/3200MB  direct=681/681MB  py_workers=18x29065MB  loss=105.96(avg16=109.26)  mae=9.86  sys_used=31Gi/62Gi
2026-07-14 13:56:38  pid=2886499  rss=4763MB  jvm_heap=1027/3200MB  direct=681/681MB  py_workers=18x29029MB  loss=64.52(avg16=104.91)  mae=9.61  sys_used=31Gi/62Gi
2026-07-14 13:57:08  pid=2886499  rss=4775MB  jvm_heap=1150/3200MB  direct=679/679MB  py_workers=18x28639MB  loss=86.67(avg16=102.51)  mae=9.52  sys_used=30Gi/62Gi
2026-07-14 13:57:38  pid=2886499  rss=4749MB  jvm_heap=1188/3200MB  direct=689/687MB  py_workers=18x28283MB  loss=101.34(avg16=100.40)  mae=9.42  sys_used=30Gi/62Gi
2026-07-14 13:58:08  pid=2886499  rss=4761MB  jvm_heap=2432/3200MB  direct=677/677MB  py_workers=18x28533MB  loss=97.70(avg16=98.41)  mae=9.37  sys_used=30Gi/62Gi
2026-07-14 13:58:38  pid=2886499  rss=4757MB  jvm_heap=1028/3200MB  direct=679/679MB  py_workers=18x28450MB  loss=114.49(avg16=98.90)  mae=9.46  sys_used=30Gi/62Gi
2026-07-14 13:59:09  pid=2886499  rss=4763MB  jvm_heap=1940/3200MB  direct=677/677MB  py_workers=18x29012MB  loss=72.45(avg16=95.96)  mae=9.33  sys_used=31Gi/62Gi
2026-07-14 13:59:39  pid=2886499  rss=4763MB  jvm_heap=1502/3200MB  direct=681/681MB  py_workers=18x28617MB  loss=81.09(avg16=94.83)  mae=9.31  sys_used=30Gi/62Gi
2026-07-14 14:00:09  pid=2886499  rss=4763MB  jvm_heap=1032/3200MB  direct=681/681MB  py_workers=18x28659MB  loss=68.93(avg16=90.73)  mae=9.08  sys_used=30Gi/62Gi
2026-07-14 14:00:39  pid=2886499  rss=4763MB  jvm_heap=2992/3200MB  direct=681/681MB  py_workers=18x28445MB  loss=83.26(avg16=88.97)  mae=8.97  sys_used=30Gi/62Gi
2026-07-14 14:01:09  pid=2886499  rss=4749MB  jvm_heap=1793/3200MB  direct=681/681MB  py_workers=18x28782MB  loss=95.33(avg16=90.21)  mae=9.00  sys_used=30Gi/62Gi
2026-07-14 14:01:39  pid=2886499  rss=4751MB  jvm_heap=1193/3200MB  direct=679/679MB  py_workers=18x29500MB  loss=115.02(avg16=93.23)  mae=9.12  sys_used=31Gi/62Gi
2026-07-14 14:02:10  pid=2886499  rss=4763MB  jvm_heap=1086/3200MB  direct=675/675MB  py_workers=18x29421MB  loss=84.37(avg16=93.45)  mae=9.14  sys_used=31Gi/62Gi
2026-07-14 14:02:40  pid=2886499  rss=4775MB  jvm_heap=2770/3200MB  direct=677/677MB  py_workers=18x29473MB  loss=85.15(avg16=96.16)  mae=9.29  sys_used=31Gi/62Gi
2026-07-14 14:03:10  pid=2886499  rss=4763MB  jvm_heap=1637/3200MB  direct=679/679MB  py_workers=18x28822MB  loss=78.46(avg16=93.71)  mae=9.19  sys_used=30Gi/62Gi
2026-07-14 14:03:40  pid=2886499  rss=4763MB  jvm_heap=1196/3200MB  direct=677/677MB  py_workers=18x29064MB  loss=70.81(avg16=92.35)  mae=9.15  sys_used=31Gi/62Gi
2026-07-14 14:04:10  pid=2886499  rss=4777MB  jvm_heap=1519/3200MB  direct=677/677MB  py_workers=18x29748MB  loss=84.38(avg16=93.01)  mae=9.24  sys_used=31Gi/62Gi
2026-07-14 14:04:40  pid=2886499  rss=4761MB  jvm_heap=1207/3200MB  direct=679/679MB  py_workers=18x29292MB  loss=85.87(avg16=88.56)  mae=9.04  sys_used=31Gi/62Gi
2026-07-14 14:05:10  pid=2886499  rss=4761MB  jvm_heap=1161/3200MB  direct=677/677MB  py_workers=18x28673MB  loss=83.54(avg16=88.05)  mae=9.02  sys_used=30Gi/62Gi
2026-07-14 14:05:41  pid=2886499  rss=4749MB  jvm_heap=2076/3200MB  direct=677/677MB  py_workers=18x28872MB  loss=69.99(avg16=85.97)  mae=8.91  sys_used=30Gi/62Gi
2026-07-14 14:06:11  pid=2886499  rss=4763MB  jvm_heap=3022/3200MB  direct=675/675MB  py_workers=18x29090MB  loss=76.75(avg16=84.75)  mae=8.85  sys_used=31Gi/62Gi
2026-07-14 14:06:41  pid=2886499  rss=4761MB  jvm_heap=1040/3200MB  direct=677/677MB  py_workers=18x29544MB  loss=60.29(avg16=78.89)  mae=8.46  sys_used=31Gi/62Gi
2026-07-14 14:07:11  pid=2886499  rss=4773MB  jvm_heap=2525/3200MB  direct=677/677MB  py_workers=18x29321MB  loss=53.58(avg16=72.23)  mae=8.01  sys_used=31Gi/62Gi
2026-07-14 14:07:41  pid=2886499  rss=4763MB  jvm_heap=2105/3200MB  direct=681/681MB  py_workers=18x28992MB  loss=73.19(avg16=71.36)  mae=7.95  sys_used=31Gi/62Gi
2026-07-14 14:08:11  pid=2886499  rss=4773MB  jvm_heap=1192/3200MB  direct=679/679MB  py_workers=18x29319MB  loss=81.98(avg16=72.95)  mae=7.99  sys_used=31Gi/62Gi
2026-07-14 14:08:42  pid=2886499  rss=4773MB  jvm_heap=1907/3200MB  direct=681/681MB  py_workers=18x29448MB  loss=88.17(avg16=74.63)  mae=8.05  sys_used=31Gi/62Gi
2026-07-14 14:09:12  pid=2886499  rss=4785MB  jvm_heap=2847/3200MB  direct=681/681MB  py_workers=18x29506MB  loss=98.60(avg16=77.98)  mae=8.20  sys_used=31Gi/62Gi
2026-07-14 14:09:42  pid=2886499  rss=4763MB  jvm_heap=1163/3200MB  direct=683/683MB  py_workers=18x29710MB  loss=52.48(avg16=78.05)  mae=8.22  sys_used=31Gi/62Gi
2026-07-14 14:10:12  pid=2886499  rss=4763MB  jvm_heap=1171/3200MB  direct=679/679MB  py_workers=18x29427MB  loss=59.75(avg16=74.98)  mae=8.04  sys_used=31Gi/62Gi
2026-07-14 14:10:42  pid=2886499  rss=4775MB  jvm_heap=1196/3200MB  direct=679/679MB  py_workers=18x29207MB  loss=59.66(avg16=72.12)  mae=7.89  sys_used=31Gi/62Gi
2026-07-14 14:11:13  pid=2886499  rss=4775MB  jvm_heap=1516/3200MB  direct=681/681MB  py_workers=18x29436MB  loss=79.10(avg16=71.78)  mae=7.93  sys_used=31Gi/62Gi
2026-07-14 14:11:43  pid=2886499  rss=4763MB  jvm_heap=1521/3200MB  direct=681/681MB  py_workers=18x29069MB  loss=61.20(avg16=68.69)  mae=7.74  sys_used=31Gi/62Gi
2026-07-14 14:12:13  pid=2886499  rss=4763MB  jvm_heap=1174/3200MB  direct=679/679MB  py_workers=18x28924MB  loss=62.56(avg16=68.80)  mae=7.70  sys_used=31Gi/62Gi
2026-07-14 14:12:43  pid=2886499  rss=4763MB  jvm_heap=1611/3200MB  direct=681/681MB  py_workers=18x29236MB  loss=56.61(avg16=67.66)  mae=7.59  sys_used=31Gi/62Gi
2026-07-14 14:13:13  pid=2886499  rss=4749MB  jvm_heap=1702/3200MB  direct=681/681MB  py_workers=18x29208MB  loss=53.25(avg16=65.32)  mae=7.39  sys_used=31Gi/62Gi
2026-07-14 14:13:43  pid=2886499  rss=4777MB  jvm_heap=1039/3200MB  direct=679/679MB  py_workers=18x29449MB  loss=65.96(avg16=61.39)  mae=7.07  sys_used=31Gi/62Gi
2026-07-14 14:14:13  pid=2886499  rss=4763MB  jvm_heap=1147/3200MB  direct=683/683MB  py_workers=18x29388MB  loss=55.93(avg16=56.77)  mae=6.74  sys_used=31Gi/62Gi
2026-07-14 14:14:44  pid=2886499  rss=4763MB  jvm_heap=1182/3200MB  direct=681/681MB  py_workers=18x29476MB  loss=51.69(avg16=55.05)  mae=6.65  sys_used=31Gi/62Gi
2026-07-14 14:15:14  pid=2886499  rss=4749MB  jvm_heap=2538/3200MB  direct=681/681MB  py_workers=18x29165MB  loss=39.24(avg16=53.02)  mae=6.52  sys_used=31Gi/62Gi
2026-07-14 14:15:44  pid=2886499  rss=4763MB  jvm_heap=1377/3200MB  direct=677/677MB  py_workers=18x29480MB  loss=48.85(avg16=54.03)  mae=6.63  sys_used=31Gi/62Gi
2026-07-14 14:16:14  pid=2886499  rss=4774MB  jvm_heap=2113/3200MB  direct=679/679MB  py_workers=18x29718MB  loss=60.14(avg16=55.61)  mae=6.75  sys_used=31Gi/62Gi
2026-07-14 14:16:44  pid=2886499  rss=4763MB  jvm_heap=1158/3200MB  direct=681/681MB  py_workers=18x29898MB  loss=55.35(avg16=55.82)  mae=6.75  sys_used=31Gi/62Gi
2026-07-14 14:17:14  pid=2886499  rss=4775MB  jvm_heap=2255/3200MB  direct=679/679MB  py_workers=18x29518MB  loss=48.38(avg16=55.10)  mae=6.69  sys_used=31Gi/62Gi
2026-07-14 14:17:45  pid=2886499  rss=4749MB  jvm_heap=1895/3200MB  direct=681/681MB  py_workers=18x28944MB  loss=43.04(avg16=54.44)  mae=6.64  sys_used=31Gi/62Gi
2026-07-14 14:18:15  pid=2886499  rss=4750MB  jvm_heap=2042/3200MB  direct=677/677MB  py_workers=18x29298MB  loss=48.51(avg16=54.18)  mae=6.55  sys_used=31Gi/62Gi
2026-07-14 14:18:45  pid=2886499  rss=4763MB  jvm_heap=1947/3200MB  direct=677/677MB  py_workers=18x29555MB  loss=55.94(avg16=54.85)  mae=6.50  sys_used=31Gi/62Gi
2026-07-14 14:19:15  pid=2886499  rss=4763MB  jvm_heap=3177/3200MB  direct=679/679MB  py_workers=18x29270MB  loss=38.87(avg16=51.02)  mae=6.12  sys_used=31Gi/62Gi
2026-07-14 14:19:45  pid=2886499  rss=4749MB  jvm_heap=1177/3200MB  direct=679/679MB  py_workers=18x29087MB  loss=45.77(avg16=51.31)  mae=6.08  sys_used=31Gi/62Gi
2026-07-14 14:20:15  pid=2886499  rss=4749MB  jvm_heap=1072/3200MB  direct=677/677MB  py_workers=18x29080MB  loss=54.90(avg16=51.05)  mae=6.06  sys_used=31Gi/62Gi
2026-07-14 14:20:46  pid=2886499  rss=4749MB  jvm_heap=1346/3200MB  direct=677/677MB  py_workers=18x29436MB  loss=42.70(avg16=50.49)  mae=6.07  sys_used=31Gi/62Gi
2026-07-14 14:21:16  pid=2886499  rss=4749MB  jvm_heap=1535/3200MB  direct=677/677MB  py_workers=18x30421MB  loss=39.63(avg16=49.43)  mae=6.06  sys_used=32Gi/62Gi
2026-07-14 14:21:46  pid=2886499  rss=4749MB  jvm_heap=1164/3200MB  direct=677/677MB  py_workers=18x29476MB  loss=52.61(avg16=49.15)  mae=6.09  sys_used=31Gi/62Gi
2026-07-14 14:22:16  pid=2886499  rss=4763MB  jvm_heap=1951/3200MB  direct=677/677MB  py_workers=18x29353MB  loss=49.42(avg16=48.73)  mae=6.08  sys_used=31Gi/62Gi
2026-07-14 14:22:46  pid=2886499  rss=4775MB  jvm_heap=2913/3200MB  direct=679/679MB  py_workers=18x29640MB  loss=47.72(avg16=47.18)  mae=5.96  sys_used=31Gi/62Gi
2026-07-14 14:23:17  pid=2886499  rss=4761MB  jvm_heap=1951/3200MB  direct=681/681MB  py_workers=18x29579MB  loss=41.18(avg16=47.53)  mae=6.00  sys_used=31Gi/62Gi
2026-07-14 14:23:47  pid=2886499  rss=4761MB  jvm_heap=2893/3200MB  direct=679/679MB  py_workers=18x29703MB  loss=44.51(avg16=48.48)  mae=6.03  sys_used=31Gi/62Gi
2026-07-14 14:24:17  pid=2886499  rss=4749MB  jvm_heap=1406/3200MB  direct=679/679MB  py_workers=18x29432MB  loss=45.86(avg16=50.38)  mae=6.19  sys_used=31Gi/62Gi
2026-07-14 14:24:47  pid=2886499  rss=4761MB  jvm_heap=2674/3200MB  direct=677/677MB  py_workers=18x29421MB  loss=45.52(avg16=51.60)  mae=6.28  sys_used=31Gi/62Gi
2026-07-14 14:25:17  pid=2886499  rss=4775MB  jvm_heap=1841/3200MB  direct=679/679MB  py_workers=18x29360MB  loss=47.30(avg16=51.63)  mae=6.27  sys_used=31Gi/62Gi
2026-07-14 14:25:47  pid=2886499  rss=4785MB  jvm_heap=1203/3200MB  direct=681/681MB  py_workers=18x29536MB  loss=43.62(avg16=51.55)  mae=6.28  sys_used=31Gi/62Gi
2026-07-14 14:26:17  pid=2886499  rss=4771MB  jvm_heap=2131/3200MB  direct=685/685MB  py_workers=18x29706MB  loss=33.32(avg16=48.09)  mae=6.05  sys_used=31Gi/62Gi
2026-07-14 14:26:48  pid=2886499  rss=4771MB  jvm_heap=2390/3200MB  direct=681/681MB  py_workers=18x30464MB  loss=36.25(avg16=46.11)  mae=5.99  sys_used=32Gi/62Gi
2026-07-14 14:27:18  pid=2886499  rss=4773MB  jvm_heap=2045/3200MB  direct=681/681MB  py_workers=18x29491MB  loss=44.59(avg16=45.03)  mae=5.96  sys_used=31Gi/62Gi
2026-07-14 14:27:48  pid=2886499  rss=4773MB  jvm_heap=1196/3200MB  direct=681/681MB  py_workers=18x29697MB  loss=44.01(avg16=44.36)  mae=5.97  sys_used=31Gi/62Gi
2026-07-14 14:28:18  pid=2886499  rss=4773MB  jvm_heap=2715/3200MB  direct=679/679MB  py_workers=18x29708MB  loss=44.65(avg16=44.01)  mae=5.98  sys_used=31Gi/62Gi
2026-07-14 14:28:48  pid=2886499  rss=4763MB  jvm_heap=1545/3200MB  direct=679/679MB  py_workers=18x29210MB  loss=37.07(avg16=42.17)  mae=5.90  sys_used=31Gi/62Gi
2026-07-14 14:29:19  pid=2886499  rss=4775MB  jvm_heap=2229/3200MB  direct=677/677MB  py_workers=18x29824MB  loss=30.11(avg16=41.53)  mae=5.88  sys_used=31Gi/62Gi
2026-07-14 14:29:49  pid=2886499  rss=4775MB  jvm_heap=1326/3200MB  direct=679/679MB  py_workers=18x29613MB  loss=36.09(avg16=41.32)  mae=5.87  sys_used=31Gi/62Gi
2026-07-14 14:30:19  pid=2886499  rss=4775MB  jvm_heap=1385/3200MB  direct=679/679MB  py_workers=18x29580MB  loss=44.82(avg16=40.57)  mae=5.80  sys_used=31Gi/62Gi
2026-07-14 14:30:49  pid=2886499  rss=4778MB  jvm_heap=1208/3200MB  direct=679/679MB  py_workers=18x29214MB  loss=50.75(avg16=42.08)  mae=5.90  sys_used=31Gi/62Gi
2026-07-14 14:31:19  pid=2886499  rss=4764MB  jvm_heap=2680/3200MB  direct=679/679MB  py_workers=18x29509MB  loss=48.18(avg16=41.52)  mae=5.84  sys_used=31Gi/62Gi
2026-07-14 14:31:49  pid=2886499  rss=4777MB  jvm_heap=1953/3200MB  direct=675/675MB  py_workers=18x29380MB  loss=48.34(avg16=43.39)  mae=5.99  sys_used=31Gi/62Gi
2026-07-14 14:32:20  pid=2886499  rss=4761MB  jvm_heap=2143/3200MB  direct=677/677MB  py_workers=18x29180MB  loss=49.11(avg16=45.81)  mae=6.14  sys_used=31Gi/62Gi
2026-07-14 14:32:50  pid=2886499  rss=4748MB  jvm_heap=3103/3200MB  direct=675/675MB  py_workers=18x29325MB  loss=53.61(avg16=46.97)  mae=6.23  sys_used=31Gi/62Gi
2026-07-14 14:33:20  pid=2886499  rss=4761MB  jvm_heap=1823/3200MB  direct=673/673MB  py_workers=18x29518MB  loss=44.88(avg16=47.97)  mae=6.30  sys_used=31Gi/62Gi
2026-07-14 14:33:50  pid=2886499  rss=4775MB  jvm_heap=1045/3200MB  direct=677/677MB  py_workers=18x29740MB  loss=28.62(avg16=46.04)  mae=6.18  sys_used=31Gi/62Gi
2026-07-14 14:34:20  pid=2886499  rss=4775MB  jvm_heap=1198/3200MB  direct=679/679MB  py_workers=18x29888MB  loss=42.99(avg16=45.47)  mae=6.19  sys_used=31Gi/62Gi
2026-07-14 14:34:50  pid=2886499  rss=4761MB  jvm_heap=1506/3200MB  direct=679/679MB  py_workers=18x29794MB  loss=44.09(avg16=43.82)  mae=6.11  sys_used=31Gi/62Gi
2026-07-14 14:35:20  pid=2886499  rss=4747MB  jvm_heap=2758/3200MB  direct=675/675MB  py_workers=18x29628MB  loss=45.68(avg16=41.59)  mae=6.00  sys_used=31Gi/62Gi
2026-07-14 14:35:51  pid=2886499  rss=4775MB  jvm_heap=1619/3200MB  direct=673/673MB  py_workers=18x29747MB  loss=44.17(avg16=40.31)  mae=5.93  sys_used=31Gi/62Gi
2026-07-14 14:36:21  pid=2886499  rss=4762MB  jvm_heap=2566/3200MB  direct=677/677MB  py_workers=18x29432MB  loss=48.21(avg16=41.54)  mae=6.01  sys_used=31Gi/62Gi
2026-07-14 14:36:51  pid=2886499  rss=4761MB  jvm_heap=1698/3200MB  direct=675/675MB  py_workers=18x29369MB  loss=46.30(avg16=41.83)  mae=6.03  sys_used=31Gi/62Gi
2026-07-14 14:37:21  pid=2886499  rss=4775MB  jvm_heap=2267/3200MB  direct=675/675MB  py_workers=18x29562MB  loss=47.44(avg16=42.81)  mae=6.10  sys_used=31Gi/62Gi
2026-07-14 14:37:51  pid=2886499  rss=4762MB  jvm_heap=1087/3200MB  direct=677/677MB  py_workers=18x29554MB  loss=41.21(avg16=42.43)  mae=6.09  sys_used=31Gi/62Gi
2026-07-14 14:38:21  pid=2886499  rss=4775MB  jvm_heap=1872/3200MB  direct=675/675MB  py_workers=18x30267MB  loss=29.40(avg16=41.55)  mae=6.03  sys_used=32Gi/62Gi
2026-07-14 14:38:52  pid=2886499  rss=4762MB  jvm_heap=1128/3200MB  direct=677/677MB  py_workers=18x29757MB  loss=55.13(avg16=42.38)  mae=6.08  sys_used=31Gi/62Gi
2026-07-14 14:39:22  pid=2886499  rss=4762MB  jvm_heap=1522/3200MB  direct=675/675MB  py_workers=18x29341MB  loss=39.70(avg16=41.36)  mae=6.01  sys_used=31Gi/62Gi
2026-07-14 14:39:52  pid=2886499  rss=4762MB  jvm_heap=2598/3200MB  direct=675/675MB  py_workers=18x29227MB  loss=56.71(avg16=42.37)  mae=6.07  sys_used=31Gi/62Gi
2026-07-14 14:40:22  pid=2886499  rss=4748MB  jvm_heap=1681/3200MB  direct=677/677MB  py_workers=18x29375MB  loss=48.59(avg16=43.01)  mae=6.10  sys_used=31Gi/62Gi
2026-07-14 14:40:52  pid=2886499  rss=4750MB  jvm_heap=1218/3200MB  direct=675/675MB  py_workers=18x30148MB  loss=25.89(avg16=41.86)  mae=6.03  sys_used=32Gi/62Gi
2026-07-14 14:41:22  pid=2886499  rss=4748MB  jvm_heap=1483/3200MB  direct=675/675MB  py_workers=18x29539MB  loss=37.39(avg16=41.87)  mae=6.04  sys_used=31Gi/62Gi
2026-07-14 14:41:53  pid=2886499  rss=4748MB  jvm_heap=2859/3200MB  direct=675/675MB  py_workers=18x29668MB  loss=50.32(avg16=42.80)  mae=6.12  sys_used=31Gi/62Gi
2026-07-14 14:42:23  pid=2886499  rss=4761MB  jvm_heap=2013/3200MB  direct=675/675MB  py_workers=18x29386MB  loss=30.09(avg16=41.15)  mae=6.00  sys_used=31Gi/62Gi
2026-07-14 14:42:53  pid=2886499  rss=4761MB  jvm_heap=1211/3200MB  direct=677/677MB  py_workers=18x29499MB  loss=53.45(avg16=41.66)  mae=6.03  sys_used=31Gi/62Gi
2026-07-14 14:43:23  pid=2886499  rss=4761MB  jvm_heap=3001/3200MB  direct=675/675MB  py_workers=18x30075MB  loss=30.07(avg16=41.09)  mae=5.99  sys_used=32Gi/62Gi
2026-07-14 14:43:53  pid=2886499  rss=4762MB  jvm_heap=1119/3200MB  direct=675/675MB  py_workers=18x29890MB  loss=38.56(avg16=41.78)  mae=6.04  sys_used=32Gi/62Gi
2026-07-14 14:44:24  pid=2886499  rss=4762MB  jvm_heap=1180/3200MB  direct=675/675MB  py_workers=18x29658MB  loss=48.80(avg16=41.62)  mae=6.04  sys_used=31Gi/62Gi
2026-07-14 14:44:54  pid=2886499  rss=4762MB  jvm_heap=1212/3200MB  direct=675/675MB  py_workers=18x29395MB  loss=36.44(avg16=42.14)  mae=6.09  sys_used=31Gi/62Gi
2026-07-14 14:45:24  pid=2886499  rss=4776MB  jvm_heap=2364/3200MB  direct=675/675MB  py_workers=18x29861MB  loss=61.05(avg16=42.53)  mae=6.12  sys_used=31Gi/62Gi
2026-07-14 14:45:54  pid=2886499  rss=4748MB  jvm_heap=1248/3200MB  direct=677/677MB  py_workers=18x30091MB  loss=20.46(avg16=41.07)  mae=6.00  sys_used=32Gi/62Gi
2026-07-14 14:46:24  pid=2886499  rss=4748MB  jvm_heap=1181/3200MB  direct=673/673MB  py_workers=18x29885MB  loss=49.20(avg16=42.31)  mae=6.08  sys_used=31Gi/62Gi
2026-07-14 14:46:54  pid=2886499  rss=4762MB  jvm_heap=2111/3200MB  direct=673/673MB  py_workers=18x29665MB  loss=42.97(avg16=42.13)  mae=6.06  sys_used=31Gi/62Gi
2026-07-14 14:47:25  pid=2886499  rss=4762MB  jvm_heap=1221/3200MB  direct=675/675MB  py_workers=18x29594MB  loss=51.25(avg16=42.59)  mae=6.10  sys_used=31Gi/62Gi
2026-07-14 14:47:55  pid=2886499  rss=4762MB  jvm_heap=1141/3200MB  direct=675/675MB  py_workers=18x29655MB  loss=49.83(avg16=41.71)  mae=6.07  sys_used=31Gi/62Gi
2026-07-14 14:48:25  pid=2886499  rss=4748MB  jvm_heap=1142/3200MB  direct=675/675MB  py_workers=18x30041MB  loss=37.20(avg16=43.13)  mae=6.18  sys_used=32Gi/62Gi
2026-07-14 14:48:55  pid=2886499  rss=4761MB  jvm_heap=1188/3200MB  direct=673/673MB  py_workers=18x29763MB  loss=54.48(avg16=44.15)  mae=6.27  sys_used=31Gi/62Gi
2026-07-14 14:49:25  pid=2886499  rss=4761MB  jvm_heap=2472/3200MB  direct=675/675MB  py_workers=18x29210MB  loss=54.39(avg16=45.23)  mae=6.33  sys_used=31Gi/62Gi
2026-07-14 14:49:55  pid=2886499  rss=4761MB  jvm_heap=1359/3200MB  direct=675/675MB  py_workers=18x29492MB  loss=48.64(avg16=44.63)  mae=6.29  sys_used=31Gi/62Gi
2026-07-14 14:50:26  pid=2886499  rss=4763MB  jvm_heap=1266/3200MB  direct=675/675MB  py_workers=18x29879MB  loss=50.16(avg16=44.27)  mae=6.27  sys_used=31Gi/62Gi
2026-07-14 14:50:56  pid=2886499  rss=4761MB  jvm_heap=1409/3200MB  direct=675/675MB  py_workers=18x29626MB  loss=28.98(avg16=41.51)  mae=6.05  sys_used=31Gi/62Gi
2026-07-14 14:51:26  pid=2886499  rss=4761MB  jvm_heap=1497/3200MB  direct=675/675MB  py_workers=18x29968MB  loss=47.65(avg16=42.01)  mae=6.10  sys_used=31Gi/62Gi
2026-07-14 14:51:56  pid=2886499  rss=4775MB  jvm_heap=1309/3200MB  direct=675/675MB  py_workers=18x29852MB  loss=41.65(avg16=41.42)  mae=6.04  sys_used=31Gi/62Gi
2026-07-14 14:52:26  pid=2886499  rss=4775MB  jvm_heap=2433/3200MB  direct=677/677MB  py_workers=18x30169MB  loss=54.87(avg16=42.01)  mae=6.08  sys_used=32Gi/62Gi
2026-07-14 14:52:56  pid=2886499  rss=4793MB  jvm_heap=1291/3200MB  direct=677/677MB  py_workers=18x30297MB  loss=51.65(avg16=42.79)  mae=6.14  sys_used=32Gi/62Gi
2026-07-14 14:53:27  pid=2886499  rss=4793MB  jvm_heap=1169/3200MB  direct=677/677MB  py_workers=18x30160MB  loss=23.98(avg16=41.29)  mae=5.96  sys_used=32Gi/62Gi
2026-07-14 14:53:57  pid=2886499  rss=4779MB  jvm_heap=1208/3200MB  direct=677/677MB  py_workers=18x30117MB  loss=59.50(avg16=42.31)  mae=6.03  sys_used=32Gi/62Gi
2026-07-14 14:54:27  pid=2886499  rss=4765MB  jvm_heap=1940/3200MB  direct=675/675MB  py_workers=18x30211MB  loss=43.93(avg16=41.44)  mae=5.95  sys_used=32Gi/62Gi
2026-07-14 14:54:57  pid=2886499  rss=4765MB  jvm_heap=2892/3200MB  direct=673/673MB  py_workers=18x30136MB  loss=50.00(avg16=41.42)  mae=5.95  sys_used=32Gi/62Gi
2026-07-14 14:55:27  pid=2886499  rss=4779MB  jvm_heap=2111/3200MB  direct=673/673MB  py_workers=18x30081MB  loss=24.68(avg16=40.68)  mae=5.82  sys_used=32Gi/62Gi
2026-07-14 14:55:57  pid=2886499  rss=4793MB  jvm_heap=1176/3200MB  direct=675/675MB  py_workers=18x30544MB  loss=48.22(avg16=42.11)  mae=5.95  sys_used=32Gi/62Gi
2026-07-14 14:56:28  pid=2886499  rss=4779MB  jvm_heap=2626/3200MB  direct=677/677MB  py_workers=18x30717MB  loss=42.75(avg16=41.12)  mae=5.88  sys_used=32Gi/62Gi
2026-07-14 14:56:58  pid=2886499  rss=4779MB  jvm_heap=1670/3200MB  direct=675/675MB  py_workers=18x30680MB  loss=42.31(avg16=40.86)  mae=5.84  sys_used=32Gi/62Gi
2026-07-14 14:57:28  pid=2886499  rss=4793MB  jvm_heap=1213/3200MB  direct=675/675MB  py_workers=18x30672MB  loss=44.24(avg16=40.87)  mae=5.86  sys_used=32Gi/62Gi
2026-07-14 14:57:58  pid=2886499  rss=4791MB  jvm_heap=1227/3200MB  direct=677/677MB  py_workers=18x31002MB  loss=47.01(avg16=40.16)  mae=5.86  sys_used=33Gi/62Gi
2026-07-14 14:58:28  pid=2886499  rss=4779MB  jvm_heap=2019/3200MB  direct=677/677MB  py_workers=18x30161MB  loss=35.95(avg16=39.54)  mae=5.78  sys_used=32Gi/62Gi
2026-07-14 14:58:58  pid=2886499  rss=4779MB  jvm_heap=1501/3200MB  direct=675/675MB  py_workers=18x30106MB  loss=45.72(avg16=39.42)  mae=5.78  sys_used=32Gi/62Gi
2026-07-14 14:59:29  pid=2886499  rss=4779MB  jvm_heap=1204/3200MB  direct=675/675MB  py_workers=18x29938MB  loss=39.19(avg16=38.70)  mae=5.71  sys_used=32Gi/62Gi
2026-07-14 14:59:59  pid=2886499  rss=4779MB  jvm_heap=1539/3200MB  direct=675/675MB  py_workers=18x30230MB  loss=44.44(avg16=39.18)  mae=5.76  sys_used=32Gi/62Gi
2026-07-14 15:00:29  pid=2886499  rss=4779MB  jvm_heap=2685/3200MB  direct=677/677MB  py_workers=18x30222MB  loss=29.68(avg16=38.96)  mae=5.74  sys_used=32Gi/62Gi
2026-07-14 15:00:59  pid=2886499  rss=4779MB  jvm_heap=2115/3200MB  direct=677/677MB  py_workers=18x30258MB  loss=41.50(avg16=39.06)  mae=5.74  sys_used=32Gi/62Gi
2026-07-14 15:01:29  pid=2886499  rss=4765MB  jvm_heap=3087/3200MB  direct=677/677MB  py_workers=18x29759MB  loss=37.26(avg16=37.67)  mae=5.59  sys_used=31Gi/62Gi
2026-07-14 15:01:59  pid=2886499  rss=4765MB  jvm_heap=1991/3200MB  direct=675/675MB  py_workers=18x30094MB  loss=26.60(avg16=36.11)  mae=5.45  sys_used=32Gi/62Gi
2026-07-14 15:02:30  pid=2886499  rss=4779MB  jvm_heap=1855/3200MB  direct=675/675MB  py_workers=18x30130MB  loss=36.96(avg16=35.13)  mae=5.34  sys_used=32Gi/62Gi
2026-07-14 15:03:00  pid=2886499  rss=4792MB  jvm_heap=2797/3200MB  direct=677/677MB  py_workers=18x30442MB  loss=30.09(avg16=35.10)  mae=5.23  sys_used=32Gi/62Gi
2026-07-14 15:03:30  pid=2886499  rss=4779MB  jvm_heap=1185/3200MB  direct=677/677MB  py_workers=18x30017MB  loss=57.20(avg16=38.32)  mae=5.34  sys_used=32Gi/62Gi
2026-07-14 15:04:00  pid=2886499  rss=4779MB  jvm_heap=1196/3200MB  direct=675/675MB  py_workers=18x29796MB  loss=50.99(avg16=40.44)  mae=5.39  sys_used=31Gi/62Gi
2026-07-14 15:04:30  pid=2886499  rss=4765MB  jvm_heap=1532/3200MB  direct=675/675MB  py_workers=18x29799MB  loss=46.68(avg16=42.71)  mae=5.45  sys_used=31Gi/62Gi
2026-07-14 15:05:00  pid=2886499  rss=4779MB  jvm_heap=2476/3200MB  direct=673/673MB  py_workers=18x30280MB  loss=50.00(avg16=43.43)  mae=5.42  sys_used=32Gi/62Gi
2026-07-14 15:05:31  pid=2886499  rss=4793MB  jvm_heap=1589/3200MB  direct=675/675MB  py_workers=18x30417MB  loss=28.21(avg16=41.41)  mae=5.23  sys_used=32Gi/62Gi
2026-07-14 15:06:01  pid=2886499  rss=4779MB  jvm_heap=1186/3200MB  direct=677/677MB  py_workers=18x30542MB  loss=46.40(avg16=41.43)  mae=5.24  sys_used=32Gi/62Gi
2026-07-14 15:06:31  pid=2886499  rss=4765MB  jvm_heap=1655/3200MB  direct=675/675MB  py_workers=18x30176MB  loss=32.95(avg16=40.28)  mae=5.15  sys_used=32Gi/62Gi
2026-07-14 15:07:01  pid=2886499  rss=4779MB  jvm_heap=2615/3200MB  direct=673/673MB  py_workers=18x30141MB  loss=23.48(avg16=39.76)  mae=5.07  sys_used=32Gi/62Gi
2026-07-14 15:07:31  pid=2886499  rss=4802MB  jvm_heap=1595/3200MB  direct=675/675MB  py_workers=18x30336MB  loss=57.71(avg16=39.65)  mae=5.05  sys_used=32Gi/62Gi
2026-07-14 15:08:01  pid=2886499  rss=4775MB  jvm_heap=1235/3200MB  direct=679/679MB  py_workers=18x30025MB  loss=26.34(avg16=37.26)  mae=4.88  sys_used=32Gi/62Gi
2026-07-14 15:08:32  pid=2886499  rss=4765MB  jvm_heap=1192/3200MB  direct=675/675MB  py_workers=18x30197MB  loss=40.15(avg16=35.85)  mae=4.74  sys_used=32Gi/62Gi
2026-07-14 15:09:02  pid=2886499  rss=4780MB  jvm_heap=1654/3200MB  direct=673/673MB  py_workers=18x29811MB  loss=46.13(avg16=35.66)  mae=4.69  sys_used=31Gi/62Gi
2026-07-14 15:09:32  pid=2886499  rss=4779MB  jvm_heap=1393/3200MB  direct=675/675MB  py_workers=18x29850MB  loss=39.71(avg16=37.93)  mae=4.92  sys_used=31Gi/62Gi
2026-07-14 15:10:02  pid=2886499  rss=4781MB  jvm_heap=1222/3200MB  direct=675/675MB  py_workers=18x29937MB  loss=63.73(avg16=41.48)  mae=5.11  sys_used=32Gi/62Gi
2026-07-14 15:10:32  pid=2886499  rss=4793MB  jvm_heap=1207/3200MB  direct=675/675MB  py_workers=18x30162MB  loss=26.93(avg16=42.26)  mae=5.12  sys_used=32Gi/62Gi
2026-07-14 15:11:02  pid=2886499  rss=4779MB  jvm_heap=2563/3200MB  direct=677/677MB  py_workers=18x29782MB  loss=35.98(avg16=45.35)  mae=5.32  sys_used=31Gi/62Gi
2026-07-14 15:11:33  pid=2886499  rss=4779MB  jvm_heap=2592/3200MB  direct=675/675MB  py_workers=18x29868MB  loss=54.09(avg16=45.87)  mae=5.28  sys_used=31Gi/62Gi
2026-07-14 15:12:03  pid=2886499  rss=4793MB  jvm_heap=1829/3200MB  direct=675/675MB  py_workers=18x29915MB  loss=44.12(avg16=45.20)  mae=5.18  sys_used=32Gi/62Gi
2026-07-14 15:12:33  pid=2886499  rss=4793MB  jvm_heap=2965/3200MB  direct=677/677MB  py_workers=18x30374MB  loss=70.28(avg16=45.31)  mae=5.21  sys_used=32Gi/62Gi
2026-07-14 15:13:03  pid=2886499  rss=4780MB  jvm_heap=2105/3200MB  direct=679/679MB  py_workers=18x29674MB  loss=22.72(avg16=41.18)  mae=4.88  sys_used=31Gi/62Gi
2026-07-14 15:13:33  pid=2886499  rss=4794MB  jvm_heap=1208/3200MB  direct=677/677MB  py_workers=18x29914MB  loss=50.12(avg16=42.60)  mae=5.01  sys_used=32Gi/62Gi
2026-07-14 15:14:03  pid=2886499  rss=4794MB  jvm_heap=1200/3200MB  direct=679/679MB  py_workers=18x29745MB  loss=47.30(avg16=42.15)  mae=4.97  sys_used=31Gi/62Gi
2026-07-14 15:14:34  pid=2886499  rss=4780MB  jvm_heap=3008/3200MB  direct=679/679MB  py_workers=18x29869MB  loss=50.32(avg16=42.22)  mae=4.96  sys_used=31Gi/62Gi
2026-07-14 15:15:04  pid=2886499  rss=4766MB  jvm_heap=1921/3200MB  direct=677/677MB  py_workers=18x30228MB  loss=24.09(avg16=41.77)  mae=4.92  sys_used=32Gi/62Gi
2026-07-14 15:15:34  pid=2886499  rss=4779MB  jvm_heap=1185/3200MB  direct=675/675MB  py_workers=18x29858MB  loss=46.10(avg16=44.93)  mae=5.13  sys_used=31Gi/62Gi
2026-07-14 15:16:04  pid=2886499  rss=4793MB  jvm_heap=2103/3200MB  direct=677/677MB  py_workers=18x29784MB  loss=47.36(avg16=44.28)  mae=5.05  sys_used=31Gi/62Gi
2026-07-14 15:16:34  pid=2886499  rss=4793MB  jvm_heap=1827/3200MB  direct=679/679MB  py_workers=18x29957MB  loss=41.24(avg16=43.27)  mae=4.95  sys_used=32Gi/62Gi
2026-07-14 15:17:04  pid=2886499  rss=4793MB  jvm_heap=1217/3200MB  direct=679/679MB  py_workers=18x30188MB  loss=58.24(avg16=44.68)  mae=5.02  sys_used=32Gi/62Gi
2026-07-14 15:17:35  pid=2886499  rss=4779MB  jvm_heap=1225/3200MB  direct=679/679MB  py_workers=18x30656MB  loss=51.35(avg16=43.55)  mae=4.90  sys_used=32Gi/62Gi
2026-07-14 15:18:05  pid=2886499  rss=4795MB  jvm_heap=1186/3200MB  direct=677/677MB  py_workers=18x29795MB  loss=61.75(avg16=44.06)  mae=4.93  sys_used=31Gi/62Gi
2026-07-14 15:18:35  pid=2886499  rss=4793MB  jvm_heap=1169/3200MB  direct=679/681MB  py_workers=18x29758MB  loss=35.17(avg16=44.06)  mae=4.91  sys_used=31Gi/62Gi
2026-07-14 15:19:05  pid=2886499  rss=4779MB  jvm_heap=1096/3200MB  direct=679/679MB  py_workers=18x29967MB  loss=37.79(avg16=45.16)  mae=5.00  sys_used=32Gi/62Gi
2026-07-14 15:19:35  pid=2886499  rss=4793MB  jvm_heap=2814/3200MB  direct=677/677MB  py_workers=18x29970MB  loss=38.13(avg16=43.14)  mae=4.86  sys_used=32Gi/62Gi
2026-07-14 15:20:05  pid=2886499  rss=4793MB  jvm_heap=1693/3200MB  direct=679/679MB  py_workers=18x30727MB  loss=13.36(avg16=48.42)  mae=4.92  sys_used=32Gi/62Gi
2026-07-14 15:20:36  pid=2886499  rss=4793MB  jvm_heap=2020/3200MB  direct=679/679MB  py_workers=18x30550MB  loss=46.44(avg16=51.90)  mae=5.05  sys_used=32Gi/62Gi
2026-07-14 15:21:06  pid=2886499  rss=4793MB  jvm_heap=1297/3200MB  direct=679/679MB  py_workers=18x30519MB  loss=45.19(avg16=50.67)  mae=4.95  sys_used=32Gi/62Gi
2026-07-14 15:21:36  pid=2886499  rss=4779MB  jvm_heap=1361/3200MB  direct=679/679MB  py_workers=18x30536MB  loss=39.23(avg16=50.47)  mae=4.93  sys_used=32Gi/62Gi
2026-07-14 15:22:06  pid=2886499  rss=4779MB  jvm_heap=2309/3200MB  direct=677/677MB  py_workers=18x30315MB  loss=34.74(avg16=46.24)  mae=4.77  sys_used=32Gi/62Gi
2026-07-14 15:22:36  pid=2886499  rss=4779MB  jvm_heap=1307/3200MB  direct=677/677MB  py_workers=18x30855MB  loss=19.45(avg16=38.01)  mae=4.47  sys_used=32Gi/62Gi
2026-07-14 15:23:06  pid=2886499  rss=4779MB  jvm_heap=1185/3200MB  direct=677/677MB  py_workers=18x30505MB  loss=46.26(avg16=37.80)  mae=4.46  sys_used=32Gi/62Gi
2026-07-14 15:23:37  pid=2886499  rss=4779MB  jvm_heap=1198/3200MB  direct=677/677MB  py_workers=18x30273MB  loss=20.03(avg16=36.05)  mae=4.35  sys_used=32Gi/62Gi
2026-07-14 15:24:07  pid=2886499  rss=4779MB  jvm_heap=1681/3200MB  direct=677/677MB  py_workers=18x30329MB  loss=43.01(avg16=35.98)  mae=4.36  sys_used=32Gi/62Gi
2026-07-14 15:24:37  pid=2886499  rss=4765MB  jvm_heap=1419/3200MB  direct=677/677MB  py_workers=18x30336MB  loss=37.13(avg16=36.12)  mae=4.40  sys_used=32Gi/62Gi
2026-07-14 15:25:07  pid=2886499  rss=4793MB  jvm_heap=1130/3200MB  direct=675/675MB  py_workers=18x30103MB  loss=14.46(avg16=36.07)  mae=4.44  sys_used=32Gi/62Gi
2026-07-14 15:25:37  pid=2886499  rss=4765MB  jvm_heap=2761/3200MB  direct=679/679MB  py_workers=18x30076MB  loss=28.30(avg16=36.07)  mae=4.40  sys_used=32Gi/62Gi
2026-07-14 15:26:08  pid=2886499  rss=4765MB  jvm_heap=1915/3200MB  direct=675/675MB  py_workers=18x29952MB  loss=29.38(avg16=36.85)  mae=4.43  sys_used=32Gi/62Gi
2026-07-14 15:26:38  pid=2886499  rss=4765MB  jvm_heap=2777/3200MB  direct=675/675MB  py_workers=18x29724MB  loss=51.63(avg16=45.50)  mae=4.68  sys_used=31Gi/62Gi
2026-07-14 15:27:08  pid=2886499  rss=4778MB  jvm_heap=1655/3200MB  direct=675/675MB  py_workers=18x30301MB  loss=50.44(avg16=49.38)  mae=4.81  sys_used=32Gi/62Gi
2026-07-14 15:27:38  pid=2886499  rss=4779MB  jvm_heap=1063/3200MB  direct=677/677MB  py_workers=18x30131MB  loss=26.61(avg16=49.76)  mae=4.81  sys_used=32Gi/62Gi
2026-07-14 15:28:08  pid=2886499  rss=4751MB  jvm_heap=1190/3200MB  direct=677/677MB  py_workers=18x30204MB  loss=50.97(avg16=52.28)  mae=4.98  sys_used=32Gi/62Gi
2026-07-14 15:28:38  pid=2886499  rss=4751MB  jvm_heap=1814/3200MB  direct=673/673MB  py_workers=18x30375MB  loss=33.05(avg16=43.18)  mae=4.61  sys_used=32Gi/62Gi
2026-07-14 15:29:08  pid=2886499  rss=4751MB  jvm_heap=2772/3200MB  direct=673/673MB  py_workers=18x30339MB  loss=25.62(avg16=35.80)  mae=4.25  sys_used=32Gi/62Gi
2026-07-14 15:29:39  pid=2886499  rss=4765MB  jvm_heap=2559/3200MB  direct=673/673MB  py_workers=18x30278MB  loss=45.26(avg16=31.37)  mae=3.99  sys_used=32Gi/62Gi
2026-07-14 15:30:09  pid=2886499  rss=4779MB  jvm_heap=1094/3200MB  direct=675/675MB  py_workers=18x30277MB  loss=16.14(avg16=27.30)  mae=3.74  sys_used=32Gi/62Gi
2026-07-14 15:30:39  pid=2886499  rss=4765MB  jvm_heap=2173/3200MB  direct=677/677MB  py_workers=18x30340MB  loss=19.65(avg16=25.85)  mae=3.75  sys_used=32Gi/62Gi
2026-07-14 15:31:09  pid=2886499  rss=4752MB  jvm_heap=1363/3200MB  direct=675/675MB  py_workers=18x29967MB  loss=11.69(avg16=25.35)  mae=3.75  sys_used=32Gi/62Gi
2026-07-14 15:31:39  pid=2886499  rss=4765MB  jvm_heap=1375/3200MB  direct=673/673MB  py_workers=18x30223MB  loss=18.74(avg16=25.51)  mae=3.85  sys_used=32Gi/62Gi
2026-07-14 15:32:09  pid=2886499  rss=4779MB  jvm_heap=2317/3200MB  direct=675/675MB  py_workers=18x30220MB  loss=41.71(avg16=26.29)  mae=4.00  sys_used=32Gi/62Gi
2026-07-14 15:32:40  pid=2886499  rss=4765MB  jvm_heap=1583/3200MB  direct=677/677MB  py_workers=18x30061MB  loss=19.90(avg16=24.56)  mae=3.88  sys_used=32Gi/62Gi
2026-07-14 15:33:10  pid=2886499  rss=4766MB  jvm_heap=1224/3200MB  direct=675/675MB  py_workers=18x30124MB  loss=27.10(avg16=28.53)  mae=4.03  sys_used=32Gi/62Gi
2026-07-14 15:33:40  pid=2886499  rss=4779MB  jvm_heap=1210/3200MB  direct=677/677MB  py_workers=18x30001MB  loss=85.20(avg16=39.88)  mae=4.52  sys_used=32Gi/62Gi
2026-07-14 15:34:10  pid=2886499  rss=4766MB  jvm_heap=1978/3200MB  direct=681/681MB  py_workers=18x30324MB  loss=23.31(avg16=40.59)  mae=4.54  sys_used=32Gi/62Gi
2026-07-14 15:34:40  pid=2886499  rss=4766MB  jvm_heap=1743/3200MB  direct=679/679MB  py_workers=18x30438MB  loss=17.72(avg16=42.74)  mae=4.67  sys_used=32Gi/62Gi
2026-07-14 15:35:10  pid=2886499  rss=4766MB  jvm_heap=1195/3200MB  direct=677/677MB  py_workers=18x30517MB  loss=10.54(avg16=40.18)  mae=4.59  sys_used=32Gi/62Gi
2026-07-14 15:35:41  pid=2886499  rss=4765MB  jvm_heap=1971/3200MB  direct=677/677MB  py_workers=18x30303MB  loss=13.31(avg16=30.59)  mae=4.09  sys_used=32Gi/62Gi
2026-07-14 15:36:11  pid=2886499  rss=4791MB  jvm_heap=1193/3200MB  direct=677/677MB  py_workers=18x30104MB  loss=11.73(avg16=25.45)  mae=3.79  sys_used=32Gi/62Gi
2026-07-14 15:36:41  pid=2886499  rss=4791MB  jvm_heap=1251/3200MB  direct=681/681MB  py_workers=18x30387MB  loss=16.91(avg16=22.82)  mae=3.58  sys_used=32Gi/62Gi
2026-07-14 15:37:11  pid=2886499  rss=4791MB  jvm_heap=1234/3200MB  direct=681/681MB  py_workers=18x31076MB  loss=8.97(avg16=17.97)  mae=3.24  sys_used=33Gi/62Gi
2026-07-14 15:37:41  pid=2886499  rss=4765MB  jvm_heap=1622/3200MB  direct=681/681MB  py_workers=18x30324MB  loss=16.68(avg16=17.87)  mae=3.25  sys_used=32Gi/62Gi
2026-07-14 15:38:11  pid=2886499  rss=4779MB  jvm_heap=2868/3200MB  direct=677/677MB  py_workers=18x30234MB  loss=41.20(avg16=18.17)  mae=3.29  sys_used=32Gi/62Gi
2026-07-14 15:38:42  pid=2886499  rss=4779MB  jvm_heap=2009/3200MB  direct=679/679MB  py_workers=18x30379MB  loss=26.77(avg16=18.96)  mae=3.35  sys_used=32Gi/62Gi
2026-07-14 15:39:12  pid=2886499  rss=4765MB  jvm_heap=1693/3200MB  direct=679/679MB  py_workers=18x30635MB  loss=21.87(avg16=19.39)  mae=3.37  sys_used=32Gi/62Gi
2026-07-14 15:39:42  pid=2886499  rss=4765MB  jvm_heap=1407/3200MB  direct=677/677MB  py_workers=18x30701MB  loss=17.88(avg16=22.87)  mae=3.51  sys_used=32Gi/62Gi
2026-07-14 15:40:12  pid=2886499  rss=4779MB  jvm_heap=1623/3200MB  direct=677/677MB  py_workers=18x30311MB  loss=65.33(avg16=30.71)  mae=3.78  sys_used=32Gi/62Gi
2026-07-14 15:40:42  pid=2886499  rss=4780MB  jvm_heap=3097/3200MB  direct=679/679MB  py_workers=18x30598MB  loss=22.17(avg16=29.37)  mae=3.64  sys_used=32Gi/62Gi
2026-07-14 15:41:12  pid=2886499  rss=4780MB  jvm_heap=1967/3200MB  direct=679/679MB  py_workers=18x30575MB  loss=50.71(avg16=30.19)  mae=3.60  sys_used=32Gi/62Gi
2026-07-14 15:41:43  pid=2886499  rss=4765MB  jvm_heap=1233/3200MB  direct=679/679MB  py_workers=18x30537MB  loss=18.93(avg16=30.44)  mae=3.65  sys_used=32Gi/62Gi
2026-07-14 15:42:13  pid=2886499  rss=4779MB  jvm_heap=1257/3200MB  direct=677/677MB  py_workers=18x31084MB  loss=8.66(avg16=22.37)  mae=3.25  sys_used=33Gi/62Gi
2026-07-14 15:42:43  pid=2886499  rss=4765MB  jvm_heap=2750/3200MB  direct=679/679MB  py_workers=18x30543MB  loss=38.84(avg16=21.90)  mae=3.24  sys_used=32Gi/62Gi
2026-07-14 15:43:13  pid=2886499  rss=4765MB  jvm_heap=2150/3200MB  direct=677/677MB  py_workers=18x30554MB  loss=42.23(avg16=23.11)  mae=3.29  sys_used=32Gi/62Gi
2026-07-14 15:43:43  pid=2886499  rss=4779MB  jvm_heap=1974/3200MB  direct=677/677MB  py_workers=18x30586MB  loss=42.19(avg16=21.89)  mae=3.17  sys_used=32Gi/62Gi
2026-07-14 15:44:13  pid=2886499  rss=4766MB  jvm_heap=1695/3200MB  direct=677/677MB  py_workers=18x30747MB  loss=26.87(avg16=22.81)  mae=3.24  sys_used=32Gi/62Gi
2026-07-14 15:44:44  pid=2886499  rss=4766MB  jvm_heap=1065/3200MB  direct=675/675MB  py_workers=18x30838MB  loss=21.81(avg16=21.20)  mae=3.15  sys_used=32Gi/62Gi
2026-07-14 15:45:14  pid=2886499  rss=4779MB  jvm_heap=2417/3200MB  direct=675/675MB  py_workers=18x30803MB  loss=48.70(avg16=28.13)  mae=3.64  sys_used=32Gi/62Gi
2026-07-14 15:45:44  pid=2886499  rss=4780MB  jvm_heap=1933/3200MB  direct=677/677MB  py_workers=18x30280MB  loss=44.11(avg16=30.02)  mae=3.81  sys_used=32Gi/62Gi
2026-07-14 15:46:14  pid=2886499  rss=4779MB  jvm_heap=1818/3200MB  direct=677/677MB  py_workers=18x30438MB  loss=75.36(avg16=32.72)  mae=4.00  sys_used=32Gi/62Gi
2026-07-14 15:46:44  pid=2886499  rss=4766MB  jvm_heap=1255/3200MB  direct=677/677MB  py_workers=18x30569MB  loss=38.10(avg16=40.37)  mae=4.26  sys_used=32Gi/62Gi
2026-07-14 15:47:14  pid=2886499  rss=4789MB  jvm_heap=1248/3200MB  direct=675/675MB  py_workers=18x30313MB  loss=32.59(avg16=43.93)  mae=4.24  sys_used=32Gi/62Gi
2026-07-14 15:47:45  pid=2886499  rss=4789MB  jvm_heap=1956/3200MB  direct=679/679MB  py_workers=18x30329MB  loss=28.80(avg16=44.64)  mae=4.26  sys_used=32Gi/62Gi
2026-07-14 15:48:15  pid=2886499  rss=4789MB  jvm_heap=1401/3200MB  direct=679/679MB  py_workers=18x30244MB  loss=52.45(avg16=46.52)  mae=4.35  sys_used=32Gi/62Gi
2026-07-14 15:48:45  pid=2886499  rss=4775MB  jvm_heap=1374/3200MB  direct=679/679MB  py_workers=18x30292MB  loss=82.81(avg16=44.48)  mae=4.30  sys_used=32Gi/62Gi
2026-07-14 15:49:15  pid=2886499  rss=4767MB  jvm_heap=1471/3200MB  direct=677/677MB  py_workers=18x30685MB  loss=7.97(avg16=30.35)  mae=3.76  sys_used=32Gi/62Gi
2026-07-14 15:49:45  pid=2886499  rss=4765MB  jvm_heap=1143/3200MB  direct=675/675MB  py_workers=18x30684MB  loss=13.49(avg16=28.32)  mae=3.68  sys_used=32Gi/62Gi
2026-07-14 15:50:15  pid=2886499  rss=4779MB  jvm_heap=1279/3200MB  direct=675/675MB  py_workers=18x31005MB  loss=44.35(avg16=29.11)  mae=3.71  sys_used=33Gi/62Gi
2026-07-14 15:50:45  pid=2886499  rss=4779MB  jvm_heap=1215/3200MB  direct=677/677MB  py_workers=18x30775MB  loss=79.20(avg16=31.96)  mae=3.89  sys_used=32Gi/62Gi
2026-07-14 15:51:16  pid=2886499  rss=4765MB  jvm_heap=1828/3200MB  direct=677/677MB  py_workers=18x30653MB  loss=38.05(avg16=27.94)  mae=3.69  sys_used=32Gi/62Gi
2026-07-14 15:51:46  pid=2886499  rss=4766MB  jvm_heap=1973/3200MB  direct=675/675MB  py_workers=18x30741MB  loss=46.27(avg16=33.15)  mae=4.10  sys_used=32Gi/62Gi
2026-07-14 15:52:16  pid=2886499  rss=4766MB  jvm_heap=1445/3200MB  direct=675/675MB  py_workers=18x30834MB  loss=56.50(avg16=41.86)  mae=4.67  sys_used=32Gi/62Gi
2026-07-14 15:52:46  pid=2886499  rss=4766MB  jvm_heap=1370/3200MB  direct=675/675MB  py_workers=18x30775MB  loss=78.07(avg16=50.15)  mae=5.23  sys_used=32Gi/62Gi
2026-07-14 15:53:16  pid=2886499  rss=4766MB  jvm_heap=2826/3200MB  direct=675/675MB  py_workers=18x30489MB  loss=91.30(avg16=57.32)  mae=5.60  sys_used=32Gi/62Gi
2026-07-14 15:53:46  pid=2886499  rss=4780MB  jvm_heap=1666/3200MB  direct=675/675MB  py_workers=18x30495MB  loss=62.07(avg16=60.83)  mae=5.71  sys_used=32Gi/62Gi
2026-07-14 15:54:17  pid=2886499  rss=4766MB  jvm_heap=1897/3200MB  direct=677/677MB  py_workers=18x30914MB  loss=40.80(avg16=57.59)  mae=5.48  sys_used=32Gi/62Gi
2026-07-14 15:54:47  pid=2886499  rss=4792MB  jvm_heap=1199/3200MB  direct=675/675MB  py_workers=18x30992MB  loss=77.98(avg16=59.28)  mae=5.62  sys_used=33Gi/62Gi
2026-07-14 15:55:17  pid=2886499  rss=4778MB  jvm_heap=1750/3200MB  direct=679/679MB  py_workers=18x30522MB  loss=44.70(avg16=52.81)  mae=5.37  sys_used=32Gi/62Gi
2026-07-14 15:55:47  pid=2886499  rss=4779MB  jvm_heap=2828/3200MB  direct=677/677MB  py_workers=18x30651MB  loss=55.34(avg16=48.01)  mae=5.19  sys_used=32Gi/62Gi
2026-07-14 15:56:17  pid=2886499  rss=4784MB  jvm_heap=1154/3200MB  direct=677/677MB  py_workers=18x31057MB  loss=79.68(avg16=49.91)  mae=5.29  sys_used=33Gi/62Gi
2026-07-14 15:56:47  pid=2886499  rss=4784MB  jvm_heap=1990/3200MB  direct=679/679MB  py_workers=18x31992MB  loss=31.71(avg16=43.05)  mae=4.91  sys_used=34Gi/62Gi
2026-07-14 15:57:18  pid=2886499  rss=4780MB  jvm_heap=1322/3200MB  direct=679/679MB  py_workers=18x30897MB  loss=42.27(avg16=44.61)  mae=5.02  sys_used=32Gi/62Gi
2026-07-14 15:57:48  pid=2886499  rss=4780MB  jvm_heap=1200/3200MB  direct=679/679MB  py_workers=18x30727MB  loss=79.98(avg16=48.10)  mae=5.18  sys_used=32Gi/62Gi
2026-07-14 15:58:18  pid=2886499  rss=4779MB  jvm_heap=1266/3200MB  direct=679/679MB  py_workers=18x30824MB  loss=72.38(avg16=49.21)  mae=5.34  sys_used=32Gi/62Gi
2026-07-14 15:58:48  pid=2886499  rss=4780MB  jvm_heap=1247/3200MB  direct=679/679MB  py_workers=18x30820MB  loss=77.96(avg16=53.31)  mae=5.64  sys_used=32Gi/62Gi
2026-07-14 15:59:18  pid=2886499  rss=4793MB  jvm_heap=2845/3200MB  direct=679/679MB  py_workers=18x31469MB  loss=39.63(avg16=56.25)  mae=5.92  sys_used=33Gi/62Gi
2026-07-14 15:59:48  pid=2886499  rss=4793MB  jvm_heap=2334/3200MB  direct=683/683MB  py_workers=18x30961MB  loss=87.53(avg16=62.93)  mae=6.44  sys_used=33Gi/62Gi
2026-07-14 16:00:19  pid=2886499  rss=4780MB  jvm_heap=2405/3200MB  direct=681/681MB  py_workers=18x30897MB  loss=97.29(avg16=64.14)  mae=6.52  sys_used=32Gi/62Gi
2026-07-14 16:00:49  pid=2886499  rss=4793MB  jvm_heap=1244/3200MB  direct=679/679MB  py_workers=18x31072MB  loss=62.51(avg16=63.57)  mae=6.50  sys_used=33Gi/62Gi
2026-07-14 16:01:19  pid=2886499  rss=4793MB  jvm_heap=1829/3200MB  direct=679/679MB  py_workers=18x31004MB  loss=84.81(avg16=65.55)  mae=6.56  sys_used=33Gi/62Gi
2026-07-14 16:01:49  pid=2886499  rss=4766MB  jvm_heap=1244/3200MB  direct=679/679MB  py_workers=18x31265MB  loss=52.69(avg16=64.58)  mae=6.48  sys_used=33Gi/62Gi
2026-07-14 16:02:19  pid=2886499  rss=4779MB  jvm_heap=1758/3200MB  direct=675/675MB  py_workers=18x31571MB  loss=74.91(avg16=70.71)  mae=6.82  sys_used=33Gi/62Gi
2026-07-14 16:02:49  pid=2886499  rss=4779MB  jvm_heap=3006/3200MB  direct=679/679MB  py_workers=18x30700MB  loss=57.56(avg16=69.55)  mae=6.73  sys_used=32Gi/62Gi
2026-07-14 16:03:20  pid=2886499  rss=4779MB  jvm_heap=1987/3200MB  direct=677/677MB  py_workers=18x30561MB  loss=50.90(avg16=68.46)  mae=6.63  sys_used=32Gi/62Gi
2026-07-14 16:03:50  pid=2886499  rss=4793MB  jvm_heap=1987/3200MB  direct=677/677MB  py_workers=18x30800MB  loss=97.45(avg16=71.07)  mae=6.74  sys_used=32Gi/62Gi
2026-07-14 16:04:20  pid=2886499  rss=4793MB  jvm_heap=1631/3200MB  direct=681/681MB  py_workers=18x31120MB  loss=48.78(avg16=65.88)  mae=6.40  sys_used=33Gi/62Gi
2026-07-14 16:04:50  pid=2886499  rss=4779MB  jvm_heap=1639/3200MB  direct=679/679MB  py_workers=18x31146MB  loss=103.92(avg16=66.55)  mae=6.45  sys_used=33Gi/62Gi
2026-07-14 16:05:20  pid=2886499  rss=4779MB  jvm_heap=3021/3200MB  direct=677/677MB  py_workers=18x30860MB  loss=106.37(avg16=70.79)  mae=6.82  sys_used=32Gi/62Gi
2026-07-14 16:05:51  pid=2886499  rss=4779MB  jvm_heap=1897/3200MB  direct=677/677MB  py_workers=18x31196MB  loss=84.48(avg16=70.39)  mae=6.93  sys_used=33Gi/62Gi
2026-07-14 16:06:21  pid=2886499  rss=4779MB  jvm_heap=1840/3200MB  direct=677/677MB  py_workers=18x31063MB  loss=51.13(avg16=70.25)  mae=7.12  sys_used=33Gi/62Gi
2026-07-14 16:06:51  pid=2886499  rss=4779MB  jvm_heap=1178/3200MB  direct=681/681MB  py_workers=18x31468MB  loss=98.70(avg16=75.29)  mae=7.51  sys_used=33Gi/62Gi
2026-07-14 16:07:21  pid=2886499  rss=4779MB  jvm_heap=3004/3200MB  direct=681/681MB  py_workers=18x31534MB  loss=67.89(avg16=75.14)  mae=7.52  sys_used=33Gi/62Gi
2026-07-14 16:07:51  pid=2886499  rss=4779MB  jvm_heap=1178/3200MB  direct=681/681MB  py_workers=18x30987MB  loss=88.67(avg16=75.28)  mae=7.50  sys_used=33Gi/62Gi
2026-07-14 16:08:21  pid=2886499  rss=4789MB  jvm_heap=1298/3200MB  direct=679/679MB  py_workers=18x31266MB  loss=60.63(avg16=74.55)  mae=7.45  sys_used=33Gi/62Gi
2026-07-14 16:08:52  pid=2886499  rss=4779MB  jvm_heap=1257/3200MB  direct=681/681MB  py_workers=18x31422MB  loss=43.45(avg16=70.89)  mae=7.20  sys_used=33Gi/62Gi
2026-07-14 16:09:22  pid=2886499  rss=4779MB  jvm_heap=1202/3200MB  direct=681/681MB  py_workers=18x31387MB  loss=63.91(avg16=66.26)  mae=6.81  sys_used=33Gi/62Gi
2026-07-14 16:09:52  pid=2886499  rss=4787MB  jvm_heap=1510/3200MB  direct=681/681MB  py_workers=18x30860MB  loss=64.48(avg16=64.84)  mae=6.60  sys_used=32Gi/62Gi
2026-07-14 16:10:22  pid=2886499  rss=4779MB  jvm_heap=2882/3200MB  direct=677/677MB  py_workers=18x30698MB  loss=84.25(avg16=64.05)  mae=6.45  sys_used=32Gi/62Gi
2026-07-14 16:10:52  pid=2886499  rss=4793MB  jvm_heap=1785/3200MB  direct=677/677MB  py_workers=18x30748MB  loss=63.13(avg16=66.44)  mae=6.48  sys_used=32Gi/62Gi
2026-07-14 16:11:22  pid=2886499  rss=4793MB  jvm_heap=2483/3200MB  direct=679/679MB  py_workers=18x31049MB  loss=94.38(avg16=67.75)  mae=6.56  sys_used=33Gi/62Gi
2026-07-14 16:11:53  pid=2886499  rss=4779MB  jvm_heap=1659/3200MB  direct=679/679MB  py_workers=18x31525MB  loss=81.27(avg16=66.80)  mae=6.65  sys_used=33Gi/62Gi
2026-07-14 16:12:23  pid=2886499  rss=4779MB  jvm_heap=1210/3200MB  direct=677/677MB  py_workers=18x30954MB  loss=73.36(avg16=67.32)  mae=6.76  sys_used=33Gi/62Gi
2026-07-14 16:12:53  pid=2886499  rss=4779MB  jvm_heap=1824/3200MB  direct=677/677MB  py_workers=18x30867MB  loss=90.08(avg16=68.71)  mae=6.94  sys_used=32Gi/62Gi
2026-07-14 16:13:23  pid=2886499  rss=4779MB  jvm_heap=3000/3200MB  direct=677/677MB  py_workers=18x30793MB  loss=77.48(avg16=71.69)  mae=7.21  sys_used=32Gi/62Gi
2026-07-14 16:13:53  pid=2886499  rss=4793MB  jvm_heap=1875/3200MB  direct=677/677MB  py_workers=18x31194MB  loss=66.16(avg16=69.97)  mae=7.15  sys_used=33Gi/62Gi
2026-07-14 16:14:24  pid=2886499  rss=4782MB  jvm_heap=2873/3200MB  direct=679/679MB  py_workers=18x31446MB  loss=78.33(avg16=71.86)  mae=7.25  sys_used=33Gi/62Gi
2026-07-14 16:14:54  pid=2886499  rss=4779MB  jvm_heap=2220/3200MB  direct=677/677MB  py_workers=18x31101MB  loss=67.32(avg16=71.86)  mae=7.19  sys_used=33Gi/62Gi
2026-07-14 16:15:24  pid=2886499  rss=4779MB  jvm_heap=1898/3200MB  direct=679/679MB  py_workers=18x30991MB  loss=104.73(avg16=73.63)  mae=7.27  sys_used=33Gi/62Gi
2026-07-14 16:15:54  pid=2886499  rss=4766MB  jvm_heap=1466/3200MB  direct=677/677MB  py_workers=18x31102MB  loss=85.53(avg16=74.01)  mae=7.16  sys_used=33Gi/62Gi
2026-07-14 16:16:24  pid=2886499  rss=4765MB  jvm_heap=1466/3200MB  direct=677/677MB  py_workers=18x30753MB  loss=77.49(avg16=68.57)  mae=6.70  sys_used=32Gi/62Gi
2026-07-14 16:16:54  pid=2886499  rss=4779MB  jvm_heap=1096/3200MB  direct=677/677MB  py_workers=18x31080MB  loss=85.63(avg16=67.80)  mae=6.56  sys_used=33Gi/62Gi
2026-07-14 16:17:25  pid=2886499  rss=4779MB  jvm_heap=1965/3200MB  direct=679/679MB  py_workers=18x31298MB  loss=75.15(avg16=65.14)  mae=6.31  sys_used=33Gi/62Gi
2026-07-14 16:17:55  pid=2886499  rss=4765MB  jvm_heap=2925/3200MB  direct=679/679MB  py_workers=18x30866MB  loss=59.51(avg16=60.23)  mae=6.01  sys_used=32Gi/62Gi
2026-07-14 16:18:25  pid=2886499  rss=4779MB  jvm_heap=1065/3200MB  direct=675/675MB  py_workers=18x31015MB  loss=76.18(avg16=57.37)  mae=5.84  sys_used=33Gi/62Gi
2026-07-14 16:18:55  pid=2886499  rss=4779MB  jvm_heap=1263/3200MB  direct=677/677MB  py_workers=18x31790MB  loss=80.00(avg16=59.55)  mae=5.98  sys_used=33Gi/62Gi
2026-07-14 16:19:25  pid=2886499  rss=4779MB  jvm_heap=3139/3200MB  direct=677/677MB  py_workers=18x31732MB  loss=83.57(avg16=60.04)  mae=6.03  sys_used=33Gi/62Gi
2026-07-14 16:19:55  pid=2886499  rss=4779MB  jvm_heap=1108/3200MB  direct=679/679MB  py_workers=18x30749MB  loss=69.15(avg16=60.86)  mae=6.07  sys_used=32Gi/62Gi
2026-07-14 16:20:26  pid=2886499  rss=4779MB  jvm_heap=1247/3200MB  direct=679/679MB  py_workers=18x30809MB  loss=61.84(avg16=64.40)  mae=6.28  sys_used=32Gi/62Gi
2026-07-14 16:20:56  pid=2886499  rss=4793MB  jvm_heap=1252/3200MB  direct=677/677MB  py_workers=18x31200MB  loss=48.04(avg16=61.33)  mae=6.11  sys_used=33Gi/62Gi
2026-07-14 16:21:26  pid=2886499  rss=4793MB  jvm_heap=2488/3200MB  direct=679/679MB  py_workers=18x31329MB  loss=57.19(avg16=56.37)  mae=5.84  sys_used=33Gi/62Gi
2026-07-14 16:21:56  pid=2886499  rss=4787MB  jvm_heap=1967/3200MB  direct=679/679MB  py_workers=18x31120MB  loss=76.77(avg16=55.06)  mae=5.72  sys_used=33Gi/62Gi
2026-07-14 16:22:26  pid=2886499  rss=4765MB  jvm_heap=1216/3200MB  direct=677/677MB  py_workers=18x30598MB  loss=70.67(avg16=52.53)  mae=5.57  sys_used=32Gi/62Gi
2026-07-14 16:22:56  pid=2886499  rss=4777MB  jvm_heap=1707/3200MB  direct=675/675MB  py_workers=18x31017MB  loss=71.52(avg16=50.84)  mae=5.33  sys_used=33Gi/62Gi
2026-07-14 16:23:27  pid=2886499  rss=4766MB  jvm_heap=2855/3200MB  direct=679/679MB  py_workers=18x31354MB  loss=12.19(avg16=47.23)  mae=5.04  sys_used=33Gi/62Gi
2026-07-14 16:23:57  pid=2886499  rss=4787MB  jvm_heap=1773/3200MB  direct=675/675MB  py_workers=18x31618MB  loss=66.35(avg16=48.73)  mae=5.02  sys_used=33Gi/62Gi
2026-07-14 16:24:27  pid=2886499  rss=4766MB  jvm_heap=1217/3200MB  direct=677/677MB  py_workers=18x31054MB  loss=43.55(avg16=42.99)  mae=4.59  sys_used=33Gi/62Gi
2026-07-14 16:24:57  pid=2886499  rss=4779MB  jvm_heap=1238/3200MB  direct=675/675MB  py_workers=18x30958MB  loss=58.98(avg16=42.06)  mae=4.50  sys_used=33Gi/62Gi
2026-07-14 16:25:27  pid=2886499  rss=4766MB  jvm_heap=1900/3200MB  direct=675/675MB  py_workers=18x30881MB  loss=67.31(avg16=42.06)  mae=4.51  sys_used=32Gi/62Gi
2026-07-14 16:25:57  pid=2886499  rss=4766MB  jvm_heap=2842/3200MB  direct=673/673MB  py_workers=18x31160MB  loss=10.20(avg16=40.38)  mae=4.37  sys_used=33Gi/62Gi
2026-07-14 16:26:28  pid=2886499  rss=4766MB  jvm_heap=1202/3200MB  direct=673/673MB  py_workers=18x31479MB  loss=91.24(avg16=45.66)  mae=4.62  sys_used=33Gi/62Gi
2026-07-14 16:26:58  pid=2886499  rss=4766MB  jvm_heap=1235/3200MB  direct=673/673MB  py_workers=18x30912MB  loss=61.75(avg16=49.21)  mae=4.80  sys_used=32Gi/62Gi
2026-07-14 16:27:28  pid=2886499  rss=4766MB  jvm_heap=1355/3200MB  direct=673/673MB  py_workers=18x31250MB  loss=79.04(avg16=50.81)  mae=4.90  sys_used=33Gi/62Gi
2026-07-14 16:27:58  pid=2886499  rss=4766MB  jvm_heap=1231/3200MB  direct=673/673MB  py_workers=18x31205MB  loss=53.80(avg16=49.06)  mae=4.84  sys_used=33Gi/62Gi
2026-07-14 16:28:28  pid=2886499  rss=4766MB  jvm_heap=2213/3200MB  direct=673/673MB  py_workers=18x31458MB  loss=12.66(avg16=45.39)  mae=4.68  sys_used=33Gi/62Gi
2026-07-14 16:28:58  pid=2886499  rss=4779MB  jvm_heap=1404/3200MB  direct=673/673MB  py_workers=18x31542MB  loss=36.13(avg16=40.14)  mae=4.34  sys_used=33Gi/62Gi
2026-07-14 16:29:29  pid=2886499  rss=4780MB  jvm_heap=2453/3200MB  direct=675/675MB  py_workers=18x31432MB  loss=30.07(avg16=38.63)  mae=4.20  sys_used=33Gi/62Gi
2026-07-14 16:29:59  pid=2886499  rss=4766MB  jvm_heap=1680/3200MB  direct=675/675MB  py_workers=18x31146MB  loss=20.16(avg16=34.06)  mae=3.81  sys_used=33Gi/62Gi
2026-07-14 16:30:29  pid=2886499  rss=4780MB  jvm_heap=1763/3200MB  direct=673/673MB  py_workers=18x31119MB  loss=29.04(avg16=30.33)  mae=3.53  sys_used=33Gi/62Gi
2026-07-14 16:30:59  pid=2886499  rss=4766MB  jvm_heap=2703/3200MB  direct=675/675MB  py_workers=18x31364MB  loss=27.25(avg16=28.32)  mae=3.23  sys_used=33Gi/62Gi
2026-07-14 16:31:29  pid=2886499  rss=4780MB  jvm_heap=1216/3200MB  direct=673/673MB  py_workers=18x31591MB  loss=27.54(avg16=25.67)  mae=3.01  sys_used=33Gi/62Gi
2026-07-14 16:31:59  pid=2886499  rss=4793MB  jvm_heap=1106/3200MB  direct=675/675MB  py_workers=18x31475MB  loss=52.67(avg16=26.10)  mae=3.01  sys_used=33Gi/62Gi
2026-07-14 16:32:30  pid=2886499  rss=4779MB  jvm_heap=1985/3200MB  direct=677/677MB  py_workers=18x31265MB  loss=35.99(avg16=27.23)  mae=2.95  sys_used=33Gi/62Gi
2026-07-14 16:33:00  pid=2886499  rss=4780MB  jvm_heap=2939/3200MB  direct=675/675MB  py_workers=18x31186MB  loss=52.09(avg16=29.99)  mae=3.07  sys_used=33Gi/62Gi
2026-07-14 16:33:30  pid=2886499  rss=4793MB  jvm_heap=1092/3200MB  direct=675/675MB  py_workers=18x31696MB  loss=32.98(avg16=28.85)  mae=2.94  sys_used=33Gi/62Gi
2026-07-14 16:34:00  pid=2886499  rss=4779MB  jvm_heap=1205/3200MB  direct=677/677MB  py_workers=18x31422MB  loss=7.96(avg16=30.49)  mae=2.99  sys_used=33Gi/62Gi
2026-07-14 16:34:30  pid=2886499  rss=4781MB  jvm_heap=1353/3200MB  direct=675/675MB  py_workers=18x31337MB  loss=47.94(avg16=30.18)  mae=3.10  sys_used=33Gi/62Gi
2026-07-14 16:35:00  pid=2886499  rss=4781MB  jvm_heap=1239/3200MB  direct=677/677MB  py_workers=18x31037MB  loss=51.99(avg16=30.04)  mae=3.08  sys_used=33Gi/62Gi
2026-07-14 16:35:31  pid=2886499  rss=4781MB  jvm_heap=1971/3200MB  direct=677/677MB  py_workers=18x31048MB  loss=25.13(avg16=27.40)  mae=2.98  sys_used=33Gi/62Gi
2026-07-14 16:36:01  pid=2886499  rss=4767MB  jvm_heap=2909/3200MB  direct=677/677MB  py_workers=18x31649MB  loss=9.17(avg16=21.82)  mae=2.90  sys_used=33Gi/62Gi
2026-07-14 16:36:31  pid=2886499  rss=4781MB  jvm_heap=1648/3200MB  direct=675/675MB  py_workers=18x31144MB  loss=6.83(avg16=17.70)  mae=2.69  sys_used=33Gi/62Gi
2026-07-14 16:37:01  pid=2886499  rss=4779MB  jvm_heap=2916/3200MB  direct=677/677MB  py_workers=18x30957MB  loss=6.35(avg16=12.85)  mae=2.44  sys_used=33Gi/62Gi
2026-07-14 16:37:31  pid=2886499  rss=4793MB  jvm_heap=2697/3200MB  direct=677/677MB  py_workers=18x30854MB  loss=6.50(avg16=8.90)  mae=2.28  sys_used=32Gi/62Gi
2026-07-14 16:38:01  pid=2886499  rss=4793MB  jvm_heap=1273/3200MB  direct=679/679MB  py_workers=18x31146MB  loss=4.86(avg16=7.37)  mae=2.21  sys_used=33Gi/62Gi
2026-07-14 16:38:32  pid=2886499  rss=4779MB  jvm_heap=1605/3200MB  direct=679/679MB  py_workers=18x30954MB  loss=7.19(avg16=7.05)  mae=2.16  sys_used=33Gi/62Gi
2026-07-14 16:39:02  pid=2886499  rss=4768MB  jvm_heap=3119/3200MB  direct=677/677MB  py_workers=18x31691MB  loss=6.22(avg16=6.55)  mae=2.13  sys_used=33Gi/62Gi
2026-07-14 16:39:32  pid=2886499  rss=4779MB  jvm_heap=1374/3200MB  direct=675/675MB  py_workers=18x31383MB  loss=5.40(avg16=6.18)  mae=2.10  sys_used=33Gi/62Gi
2026-07-14 16:40:02  pid=2886499  rss=4780MB  jvm_heap=2324/3200MB  direct=677/677MB  py_workers=18x30996MB  loss=6.37(avg16=6.15)  mae=2.08  sys_used=33Gi/62Gi
2026-07-14 16:40:32  pid=2886499  rss=4780MB  jvm_heap=1372/3200MB  direct=677/677MB  py_workers=18x31231MB  loss=7.49(avg16=6.25)  mae=2.11  sys_used=33Gi/62Gi
2026-07-14 16:41:02  pid=2886499  rss=4779MB  jvm_heap=1124/3200MB  direct=677/677MB  py_workers=18x31489MB  loss=10.38(avg16=6.73)  mae=2.15  sys_used=33Gi/62Gi
2026-07-14 16:41:33  pid=2886499  rss=4768MB  jvm_heap=1370/3200MB  direct=677/677MB  py_workers=18x32002MB  loss=7.33(avg16=7.00)  mae=2.17  sys_used=34Gi/62Gi
2026-07-14 16:42:03  pid=2886499  rss=4768MB  jvm_heap=2634/3200MB  direct=675/675MB  py_workers=18x31334MB  loss=7.19(avg16=7.31)  mae=2.21  sys_used=33Gi/62Gi
2026-07-14 16:42:33  pid=2886499  rss=4777MB  jvm_heap=2552/3200MB  direct=673/673MB  py_workers=18x31341MB  loss=8.21(avg16=7.91)  mae=2.28  sys_used=33Gi/62Gi
2026-07-14 16:43:03  pid=2886499  rss=4781MB  jvm_heap=1279/3200MB  direct=675/675MB  py_workers=18x31367MB  loss=5.72(avg16=7.84)  mae=2.25  sys_used=33Gi/62Gi
2026-07-14 16:43:33  pid=2886499  rss=4794MB  jvm_heap=1126/3200MB  direct=675/675MB  py_workers=18x31765MB  loss=11.48(avg16=8.16)  mae=2.30  sys_used=33Gi/62Gi
2026-07-14 16:44:03  pid=2886499  rss=4782MB  jvm_heap=1379/3200MB  direct=677/677MB  py_workers=18x31826MB  loss=8.66(avg16=8.34)  mae=2.34  sys_used=33Gi/62Gi
2026-07-14 16:44:34  pid=2886499  rss=4782MB  jvm_heap=1375/3200MB  direct=675/675MB  py_workers=18x31682MB  loss=6.19(avg16=7.87)  mae=2.31  sys_used=33Gi/62Gi
2026-07-14 16:45:04  pid=2886499  rss=4782MB  jvm_heap=1142/3200MB  direct=675/675MB  py_workers=18x31599MB  loss=6.29(avg16=7.53)  mae=2.25  sys_used=33Gi/62Gi
2026-07-14 16:45:34  pid=2886499  rss=4794MB  jvm_heap=1258/3200MB  direct=675/675MB  py_workers=18x31859MB  loss=3.67(avg16=6.76)  mae=2.12  sys_used=33Gi/62Gi
2026-07-14 16:46:04  pid=2886499  rss=4782MB  jvm_heap=1864/3200MB  direct=677/677MB  py_workers=18x31793MB  loss=10.57(avg16=6.36)  mae=2.08  sys_used=33Gi/62Gi
2026-07-14 16:46:34  pid=2886499  rss=4794MB  jvm_heap=2101/3200MB  direct=677/677MB  py_workers=18x31709MB  loss=5.17(avg16=6.15)  mae=2.02  sys_used=33Gi/62Gi
2026-07-14 16:47:04  pid=2886499  rss=4782MB  jvm_heap=1235/3200MB  direct=679/679MB  py_workers=18x31610MB  loss=5.03(avg16=6.07)  mae=1.95  sys_used=33Gi/62Gi
2026-07-14 16:47:35  pid=2886499  rss=4793MB  jvm_heap=1277/3200MB  direct=677/677MB  py_workers=18x31524MB  loss=6.02(avg16=6.29)  mae=1.95  sys_used=33Gi/62Gi
2026-07-14 16:48:05  pid=2886499  rss=4782MB  jvm_heap=1258/3200MB  direct=679/679MB  py_workers=18x31421MB  loss=3.25(avg16=6.29)  mae=1.89  sys_used=33Gi/62Gi
2026-07-14 16:48:35  pid=2886499  rss=4782MB  jvm_heap=2288/3200MB  direct=677/677MB  py_workers=18x31487MB  loss=9.82(avg16=6.63)  mae=1.91  sys_used=33Gi/62Gi
2026-07-14 16:49:05  pid=2886499  rss=4768MB  jvm_heap=1544/3200MB  direct=677/677MB  py_workers=18x31500MB  loss=10.93(avg16=7.13)  mae=1.99  sys_used=33Gi/62Gi
2026-07-14 16:49:35  pid=2886499  rss=4781MB  jvm_heap=2734/3200MB  direct=675/675MB  py_workers=18x31470MB  loss=8.56(avg16=7.21)  mae=1.99  sys_used=33Gi/62Gi
2026-07-14 16:50:05  pid=2886499  rss=4781MB  jvm_heap=1685/3200MB  direct=679/679MB  py_workers=18x31702MB  loss=17.43(avg16=7.90)  mae=2.05  sys_used=33Gi/62Gi
2026-07-14 16:50:36  pid=2886499  rss=4793MB  jvm_heap=1276/3200MB  direct=679/679MB  py_workers=18x31711MB  loss=9.02(avg16=7.93)  mae=2.06  sys_used=33Gi/62Gi
2026-07-14 16:51:06  pid=2886499  rss=4795MB  jvm_heap=1211/3200MB  direct=679/679MB  py_workers=18x31531MB  loss=10.31(avg16=7.65)  mae=2.03  sys_used=33Gi/62Gi
2026-07-14 16:51:36  pid=2886499  rss=4781MB  jvm_heap=2217/3200MB  direct=677/677MB  py_workers=18x30935MB  loss=6.08(avg16=7.09)  mae=1.98  sys_used=33Gi/62Gi
2026-07-14 16:52:06  pid=2886499  rss=4767MB  jvm_heap=3179/3200MB  direct=675/675MB  py_workers=18x31302MB  loss=12.20(avg16=7.05)  mae=1.96  sys_used=33Gi/62Gi
2026-07-14 16:52:36  pid=2886499  rss=4767MB  jvm_heap=1263/3200MB  direct=673/673MB  py_workers=18x31193MB  loss=5.83(avg16=5.97)  mae=1.82  sys_used=33Gi/62Gi
2026-07-14 16:53:06  pid=2886499  rss=4769MB  jvm_heap=1263/3200MB  direct=675/675MB  py_workers=18x31654MB  loss=5.69(avg16=5.39)  mae=1.67  sys_used=33Gi/62Gi
2026-07-14 16:53:37  pid=2886499  rss=4782MB  jvm_heap=1524/3200MB  direct=675/675MB  py_workers=18x31126MB  loss=8.10(avg16=5.81)  mae=1.71  sys_used=33Gi/62Gi
2026-07-14 16:54:07  pid=2886499  rss=4794MB  jvm_heap=2766/3200MB  direct=677/677MB  py_workers=18x31348MB  loss=12.17(avg16=6.34)  mae=1.75  sys_used=33Gi/62Gi
2026-07-14 16:54:37  pid=2886499  rss=4794MB  jvm_heap=2663/3200MB  direct=681/681MB  py_workers=18x31437MB  loss=9.87(avg16=6.19)  mae=1.72  sys_used=33Gi/62Gi
2026-07-14 16:55:07  pid=2886499  rss=4780MB  jvm_heap=1264/3200MB  direct=681/681MB  py_workers=18x31052MB  loss=12.41(avg16=7.01)  mae=1.81  sys_used=33Gi/62Gi
2026-07-14 16:55:37  pid=2886499  rss=4768MB  jvm_heap=2207/3200MB  direct=679/679MB  py_workers=18x31823MB  loss=13.16(avg16=7.59)  mae=1.83  sys_used=33Gi/62Gi
2026-07-14 16:56:07  pid=2886499  rss=4781MB  jvm_heap=1685/3200MB  direct=677/677MB  py_workers=18x31418MB  loss=9.43(avg16=8.62)  mae=1.94  sys_used=33Gi/62Gi
2026-07-14 16:56:38  pid=2886499  rss=4781MB  jvm_heap=1972/3200MB  direct=677/677MB  py_workers=18x31408MB  loss=18.78(avg16=9.31)  mae=2.01  sys_used=33Gi/62Gi
2026-07-14 16:57:08  pid=2886499  rss=4793MB  jvm_heap=2942/3200MB  direct=677/677MB  py_workers=18x31482MB  loss=10.91(avg16=9.58)  mae=2.04  sys_used=33Gi/62Gi
2026-07-14 16:57:38  pid=2886499  rss=4794MB  jvm_heap=1095/3200MB  direct=679/679MB  py_workers=18x31524MB  loss=18.10(avg16=10.22)  mae=2.13  sys_used=33Gi/62Gi
2026-07-14 16:58:08  pid=2886499  rss=4782MB  jvm_heap=2015/3200MB  direct=679/679MB  py_workers=18x31374MB  loss=11.67(avg16=9.52)  mae=2.04  sys_used=33Gi/62Gi
2026-07-14 16:58:38  pid=2886499  rss=4782MB  jvm_heap=1649/3200MB  direct=677/677MB  py_workers=18x31927MB  loss=14.10(avg16=10.09)  mae=2.13  sys_used=33Gi/62Gi
2026-07-14 16:59:08  pid=2886499  rss=4782MB  jvm_heap=1237/3200MB  direct=677/677MB  py_workers=18x31694MB  loss=6.04(avg16=9.37)  mae=2.02  sys_used=33Gi/62Gi
2026-07-14 16:59:39  pid=2886499  rss=4768MB  jvm_heap=1257/3200MB  direct=677/677MB  py_workers=18x31782MB  loss=11.95(avg16=9.39)  mae=2.03  sys_used=33Gi/62Gi
2026-07-14 17:00:09  pid=2886499  rss=4779MB  jvm_heap=1282/3200MB  direct=675/675MB  py_workers=18x31951MB  loss=10.83(avg16=9.04)  mae=1.97  sys_used=34Gi/62Gi
2026-07-14 17:00:39  pid=2886499  rss=4779MB  jvm_heap=1924/3200MB  direct=675/675MB  py_workers=18x32231MB  loss=7.27(avg16=7.89)  mae=1.83  sys_used=34Gi/62Gi
2026-07-14 17:01:09  pid=2886499  rss=4779MB  jvm_heap=1487/3200MB  direct=675/675MB  py_workers=18x31715MB  loss=15.26(avg16=7.78)  mae=1.82  sys_used=33Gi/62Gi
2026-07-14 17:01:39  pid=2886499  rss=4779MB  jvm_heap=1242/3200MB  direct=675/675MB  py_workers=18x31807MB  loss=17.52(avg16=8.44)  mae=1.91  sys_used=33Gi/62Gi
2026-07-14 17:02:09  pid=2886499  rss=4780MB  jvm_heap=1875/3200MB  direct=675/675MB  py_workers=18x31780MB  loss=11.81(avg16=9.01)  mae=1.98  sys_used=33Gi/62Gi
2026-07-14 17:02:40  pid=2886499  rss=4793MB  jvm_heap=1595/3200MB  direct=675/675MB  py_workers=18x31713MB  loss=0.66(avg16=8.92)  mae=1.94  sys_used=33Gi/62Gi
2026-07-14 17:03:10  pid=2886499  rss=4767MB  jvm_heap=1200/3200MB  direct=677/677MB  py_workers=18x31841MB  loss=10.82(avg16=10.01)  mae=2.07  sys_used=33Gi/62Gi
2026-07-14 17:03:40  pid=2886499  rss=4779MB  jvm_heap=1250/3200MB  direct=673/673MB  py_workers=18x32017MB  loss=16.70(avg16=10.76)  mae=2.18  sys_used=34Gi/62Gi
2026-07-14 17:04:10  pid=2886499  rss=4793MB  jvm_heap=1386/3200MB  direct=675/675MB  py_workers=18x31882MB  loss=17.30(avg16=10.81)  mae=2.19  sys_used=33Gi/62Gi
2026-07-14 17:04:40  pid=2886499  rss=4779MB  jvm_heap=3120/3200MB  direct=677/677MB  py_workers=18x31620MB  loss=13.55(avg16=11.10)  mae=2.22  sys_used=33Gi/62Gi
2026-07-14 17:05:10  pid=2886499  rss=4793MB  jvm_heap=2045/3200MB  direct=675/675MB  py_workers=18x31814MB  loss=0.75(avg16=10.48)  mae=2.10  sys_used=33Gi/62Gi
2026-07-14 17:05:41  pid=2886499  rss=4779MB  jvm_heap=1224/3200MB  direct=677/677MB  py_workers=18x32239MB  loss=16.36(avg16=10.89)  mae=2.20  sys_used=34Gi/62Gi
2026-07-14 17:06:11  pid=2886499  rss=4780MB  jvm_heap=1542/3200MB  direct=675/675MB  py_workers=18x31667MB  loss=13.12(avg16=10.55)  mae=2.14  sys_used=33Gi/62Gi
2026-07-14 17:06:41  pid=2886499  rss=4780MB  jvm_heap=2994/3200MB  direct=675/675MB  py_workers=18x31650MB  loss=14.23(avg16=10.28)  mae=2.16  sys_used=33Gi/62Gi
2026-07-14 17:07:11  pid=2886499  rss=4782MB  jvm_heap=1923/3200MB  direct=677/677MB  py_workers=18x31423MB  loss=7.34(avg16=9.72)  mae=2.12  sys_used=33Gi/62Gi
2026-07-14 17:07:41  pid=2886499  rss=4782MB  jvm_heap=2831/3200MB  direct=677/677MB  py_workers=18x31576MB  loss=5.93(avg16=10.46)  mae=2.29  sys_used=33Gi/62Gi
2026-07-14 17:08:11  pid=2886499  rss=4782MB  jvm_heap=2054/3200MB  direct=677/677MB  py_workers=18x31792MB  loss=15.11(avg16=11.02)  mae=2.45  sys_used=33Gi/62Gi
2026-07-14 17:08:42  pid=2886499  rss=4782MB  jvm_heap=2226/3200MB  direct=677/677MB  py_workers=18x31758MB  loss=11.29(avg16=11.28)  mae=2.51  sys_used=33Gi/62Gi
2026-07-14 17:09:12  pid=2886499  rss=4794MB  jvm_heap=1494/3200MB  direct=677/677MB  py_workers=18x31802MB  loss=14.48(avg16=11.72)  mae=2.58  sys_used=33Gi/62Gi
2026-07-14 17:09:42  pid=2886499  rss=4780MB  jvm_heap=1274/3200MB  direct=679/679MB  py_workers=18x31981MB  loss=15.72(avg16=12.60)  mae=2.73  sys_used=34Gi/62Gi
2026-07-14 17:10:12  pid=2886499  rss=4768MB  jvm_heap=1274/3200MB  direct=677/677MB  py_workers=18x31817MB  loss=15.47(avg16=13.30)  mae=2.81  sys_used=34Gi/62Gi
2026-07-14 17:10:42  pid=2886499  rss=4796MB  jvm_heap=2532/3200MB  direct=677/677MB  py_workers=18x31663MB  loss=19.25(avg16=13.81)  mae=2.86  sys_used=33Gi/62Gi
2026-07-14 17:11:12  pid=2886499  rss=4782MB  jvm_heap=1983/3200MB  direct=679/679MB  py_workers=18x31664MB  loss=11.91(avg16=14.45)  mae=2.91  sys_used=33Gi/62Gi
2026-07-14 17:11:43  pid=2886499  rss=4782MB  jvm_heap=1255/3200MB  direct=677/677MB  py_workers=18x31738MB  loss=15.74(avg16=14.66)  mae=2.92  sys_used=33Gi/62Gi
2026-07-14 17:12:13  pid=2886499  rss=4776MB  jvm_heap=1293/3200MB  direct=677/677MB  py_workers=18x31602MB  loss=17.09(avg16=14.39)  mae=2.88  sys_used=33Gi/62Gi
2026-07-14 17:12:43  pid=2886499  rss=4787MB  jvm_heap=1276/3200MB  direct=675/675MB  py_workers=18x31956MB  loss=16.53(avg16=13.97)  mae=2.81  sys_used=34Gi/62Gi
2026-07-14 17:13:13  pid=2886499  rss=4767MB  jvm_heap=1960/3200MB  direct=675/675MB  py_workers=18x32192MB  loss=16.01(avg16=13.64)  mae=2.82  sys_used=34Gi/62Gi
2026-07-14 17:13:43  pid=2886499  rss=4767MB  jvm_heap=1261/3200MB  direct=673/673MB  py_workers=18x32067MB  loss=13.35(avg16=13.72)  mae=2.87  sys_used=34Gi/62Gi
2026-07-14 17:14:13  pid=2886499  rss=4767MB  jvm_heap=1855/3200MB  direct=673/673MB  py_workers=18x31616MB  loss=7.99(avg16=13.52)  mae=2.86  sys_used=33Gi/62Gi
2026-07-14 17:14:44  pid=2886499  rss=4767MB  jvm_heap=1281/3200MB  direct=673/673MB  py_workers=18x31923MB  loss=17.45(avg16=14.33)  mae=3.01  sys_used=33Gi/62Gi
2026-07-14 17:15:14  pid=2886499  rss=4768MB  jvm_heap=2017/3200MB  direct=673/673MB  py_workers=18x31969MB  loss=21.83(avg16=14.88)  mae=3.14  sys_used=33Gi/62Gi
2026-07-14 17:15:44  pid=2886499  rss=4779MB  jvm_heap=1753/3200MB  direct=673/673MB  py_workers=18x31656MB  loss=17.73(avg16=15.22)  mae=3.22  sys_used=33Gi/62Gi
2026-07-14 17:16:14  pid=2886499  rss=4779MB  jvm_heap=1743/3200MB  direct=675/675MB  py_workers=18x31950MB  loss=19.59(avg16=15.40)  mae=3.27  sys_used=34Gi/62Gi
2026-07-14 17:16:44  pid=2886499  rss=4779MB  jvm_heap=2725/3200MB  direct=675/675MB  py_workers=18x31638MB  loss=15.72(avg16=16.10)  mae=3.39  sys_used=33Gi/62Gi
2026-07-14 17:17:14  pid=2886499  rss=4788MB  jvm_heap=1844/3200MB  direct=675/675MB  py_workers=18x31757MB  loss=22.31(avg16=16.47)  mae=3.43  sys_used=33Gi/62Gi
2026-07-14 17:17:45  pid=2886499  rss=4787MB  jvm_heap=1349/3200MB  direct=675/675MB  py_workers=18x32088MB  loss=16.14(avg16=16.74)  mae=3.45  sys_used=34Gi/62Gi
2026-07-14 17:18:15  pid=2886499  rss=4791MB  jvm_heap=2589/3200MB  direct=675/675MB  py_workers=18x32295MB  loss=17.22(avg16=18.09)  mae=3.58  sys_used=34Gi/62Gi
2026-07-14 17:18:45  pid=2886499  rss=4793MB  jvm_heap=1240/3200MB  direct=677/677MB  py_workers=18x32034MB  loss=19.88(avg16=18.15)  mae=3.56  sys_used=34Gi/62Gi
2026-07-14 17:19:15  pid=2886499  rss=4793MB  jvm_heap=1864/3200MB  direct=677/677MB  py_workers=18x32015MB  loss=17.34(avg16=18.46)  mae=3.59  sys_used=34Gi/62Gi
2026-07-14 17:19:45  pid=2886499  rss=4780MB  jvm_heap=1882/3200MB  direct=677/677MB  py_workers=18x32146MB  loss=16.33(avg16=17.93)  mae=3.51  sys_used=34Gi/62Gi
2026-07-14 17:20:15  pid=2886499  rss=4794MB  jvm_heap=1722/3200MB  direct=675/675MB  py_workers=18x32223MB  loss=21.16(avg16=17.82)  mae=3.49  sys_used=34Gi/62Gi
2026-07-14 17:20:46  pid=2886499  rss=4794MB  jvm_heap=1242/3200MB  direct=677/677MB  py_workers=18x32096MB  loss=21.88(avg16=18.10)  mae=3.53  sys_used=34Gi/62Gi
2026-07-14 17:21:16  pid=2886499  rss=4794MB  jvm_heap=2411/3200MB  direct=677/677MB  py_workers=18x32379MB  loss=18.66(avg16=17.84)  mae=3.50  sys_used=34Gi/62Gi
2026-07-14 17:21:46  pid=2886499  rss=4780MB  jvm_heap=1337/3200MB  direct=677/677MB  py_workers=18x31789MB  loss=28.53(avg16=18.69)  mae=3.62  sys_used=33Gi/62Gi
2026-07-14 17:22:16  pid=2886499  rss=4780MB  jvm_heap=1932/3200MB  direct=675/675MB  py_workers=18x32249MB  loss=14.83(avg16=18.76)  mae=3.66  sys_used=34Gi/62Gi
2026-07-14 17:22:46  pid=2886499  rss=4794MB  jvm_heap=3132/3200MB  direct=675/675MB  py_workers=18x32245MB  loss=21.12(avg16=19.95)  mae=3.85  sys_used=34Gi/62Gi
2026-07-14 17:23:17  pid=2886499  rss=4801MB  jvm_heap=1259/3200MB  direct=677/677MB  py_workers=18x32419MB  loss=27.51(avg16=20.37)  mae=3.92  sys_used=34Gi/62Gi
2026-07-14 17:23:47  pid=2886499  rss=4801MB  jvm_heap=1245/3200MB  direct=677/677MB  py_workers=18x32005MB  loss=18.32(avg16=20.68)  mae=3.96  sys_used=34Gi/62Gi
2026-07-14 17:24:17  pid=2886499  rss=4801MB  jvm_heap=1797/3200MB  direct=677/677MB  py_workers=18x31857MB  loss=22.89(avg16=20.51)  mae=3.92  sys_used=33Gi/62Gi
2026-07-14 17:24:47  pid=2886499  rss=4782MB  jvm_heap=1737/3200MB  direct=677/677MB  py_workers=18x31949MB  loss=11.14(avg16=19.82)  mae=3.79  sys_used=34Gi/62Gi
2026-07-14 17:25:17  pid=2886499  rss=4793MB  jvm_heap=1898/3200MB  direct=675/675MB  py_workers=18x32223MB  loss=27.87(avg16=21.81)  mae=4.04  sys_used=34Gi/62Gi
2026-07-14 17:25:47  pid=2886499  rss=4782MB  jvm_heap=1246/3200MB  direct=677/677MB  py_workers=18x31905MB  loss=24.22(avg16=21.51)  mae=4.00  sys_used=33Gi/62Gi
2026-07-14 17:26:18  pid=2886499  rss=4780MB  jvm_heap=1831/3200MB  direct=675/675MB  py_workers=18x31899MB  loss=24.83(avg16=22.46)  mae=4.13  sys_used=33Gi/62Gi
2026-07-14 17:26:48  pid=2886499  rss=4780MB  jvm_heap=2787/3200MB  direct=675/675MB  py_workers=18x31691MB  loss=16.96(avg16=21.89)  mae=4.05  sys_used=33Gi/62Gi
2026-07-14 17:27:18  pid=2886499  rss=4794MB  jvm_heap=1864/3200MB  direct=675/675MB  py_workers=18x32289MB  loss=16.46(avg16=21.49)  mae=3.98  sys_used=34Gi/62Gi
2026-07-14 17:27:48  pid=2886499  rss=4794MB  jvm_heap=3090/3200MB  direct=677/677MB  py_workers=18x32210MB  loss=26.32(avg16=21.92)  mae=4.05  sys_used=34Gi/62Gi
2026-07-14 17:28:18  pid=2886499  rss=4768MB  jvm_heap=1117/3200MB  direct=677/677MB  py_workers=18x32180MB  loss=17.80(avg16=21.58)  mae=4.00  sys_used=34Gi/62Gi
2026-07-14 17:28:48  pid=2886499  rss=4768MB  jvm_heap=1254/3200MB  direct=673/673MB  py_workers=18x31934MB  loss=22.27(avg16=21.50)  mae=3.99  sys_used=33Gi/62Gi
2026-07-14 17:29:19  pid=2886499  rss=4780MB  jvm_heap=1802/3200MB  direct=673/673MB  py_workers=18x31933MB  loss=20.95(avg16=21.66)  mae=4.02  sys_used=33Gi/62Gi
2026-07-14 17:29:49  pid=2886499  rss=4754MB  jvm_heap=2026/3200MB  direct=675/675MB  py_workers=18x32152MB  loss=12.87(avg16=20.86)  mae=3.91  sys_used=34Gi/62Gi
2026-07-14 17:30:19  pid=2886499  rss=4766MB  jvm_heap=2178/3200MB  direct=671/671MB  py_workers=18x31910MB  loss=20.90(avg16=20.80)  mae=3.90  sys_used=33Gi/62Gi
2026-07-14 17:30:49  pid=2886499  rss=4780MB  jvm_heap=1235/3200MB  direct=673/673MB  py_workers=18x32166MB  loss=18.27(avg16=21.08)  mae=3.92  sys_used=34Gi/62Gi
2026-07-14 17:31:19  pid=2886499  rss=4766MB  jvm_heap=1613/3200MB  direct=675/675MB  py_workers=18x31955MB  loss=17.00(avg16=20.91)  mae=3.88  sys_used=33Gi/62Gi
2026-07-14 17:31:49  pid=2886499  rss=4768MB  jvm_heap=2561/3200MB  direct=673/673MB  py_workers=18x31783MB  loss=19.74(avg16=21.07)  mae=3.88  sys_used=33Gi/62Gi
2026-07-14 17:32:20  pid=2886499  rss=4780MB  jvm_heap=2344/3200MB  direct=673/673MB  py_workers=18x32556MB  loss=28.84(avg16=22.10)  mae=3.99  sys_used=34Gi/62Gi
2026-07-14 17:32:50  pid=2886499  rss=4780MB  jvm_heap=2314/3200MB  direct=675/675MB  py_workers=18x32307MB  loss=21.49(avg16=21.44)  mae=3.90  sys_used=34Gi/62Gi
2026-07-14 17:33:20  pid=2886499  rss=4766MB  jvm_heap=1705/3200MB  direct=675/675MB  py_workers=18x32337MB  loss=25.59(avg16=22.52)  mae=4.03  sys_used=34Gi/62Gi
2026-07-14 17:33:50  pid=2886499  rss=4780MB  jvm_heap=1268/3200MB  direct=673/673MB  py_workers=18x32617MB  loss=26.45(avg16=23.16)  mae=4.10  sys_used=34Gi/62Gi
2026-07-14 17:34:20  pid=2886499  rss=4766MB  jvm_heap=1880/3200MB  direct=675/675MB  py_workers=18x32744MB  loss=30.13(avg16=23.55)  mae=4.16  sys_used=34Gi/62Gi
2026-07-14 17:34:50  pid=2886499  rss=4767MB  jvm_heap=1388/3200MB  direct=673/673MB  py_workers=18x33091MB  loss=30.72(avg16=25.74)  mae=4.43  sys_used=35Gi/62Gi
2026-07-14 17:35:21  pid=2886499  rss=4766MB  jvm_heap=2152/3200MB  direct=673/673MB  py_workers=18x33610MB  loss=26.98(avg16=25.06)  mae=4.33  sys_used=35Gi/62Gi
2026-07-14 17:35:51  pid=2886499  rss=4755MB  jvm_heap=1249/3200MB  direct=673/673MB  py_workers=18x32937MB  loss=23.47(avg16=24.86)  mae=4.30  sys_used=34Gi/62Gi
2026-07-14 17:36:21  pid=2886499  rss=4768MB  jvm_heap=1611/3200MB  direct=671/671MB  py_workers=18x32474MB  loss=19.39(avg16=24.53)  mae=4.27  sys_used=34Gi/62Gi
2026-07-14 17:36:51  pid=2886499  rss=4768MB  jvm_heap=2551/3200MB  direct=673/673MB  py_workers=18x32466MB  loss=20.36(avg16=23.45)  mae=4.14  sys_used=34Gi/62Gi
2026-07-14 17:37:21  pid=2886499  rss=4766MB  jvm_heap=2338/3200MB  direct=673/673MB  py_workers=18x32754MB  loss=28.20(avg16=23.28)  mae=4.11  sys_used=34Gi/62Gi
2026-07-14 17:37:51  pid=2886499  rss=4769MB  jvm_heap=2320/3200MB  direct=673/673MB  py_workers=18x32492MB  loss=27.36(avg16=23.10)  mae=4.10  sys_used=34Gi/62Gi
2026-07-14 17:38:22  pid=2886499  rss=4769MB  jvm_heap=1758/3200MB  direct=673/673MB  py_workers=18x32296MB  loss=21.43(avg16=22.95)  mae=4.06  sys_used=34Gi/62Gi
2026-07-14 17:38:52  pid=2886499  rss=4780MB  jvm_heap=1280/3200MB  direct=673/673MB  py_workers=18x32001MB  loss=25.72(avg16=24.25)  mae=4.22  sys_used=34Gi/62Gi
2026-07-14 17:39:22  pid=2886499  rss=4780MB  jvm_heap=1807/3200MB  direct=675/675MB  py_workers=18x32368MB  loss=21.53(avg16=23.92)  mae=4.17  sys_used=34Gi/62Gi
2026-07-14 17:39:52  pid=2886499  rss=4780MB  jvm_heap=2172/3200MB  direct=675/675MB  py_workers=18x32326MB  loss=29.44(avg16=24.84)  mae=4.32  sys_used=34Gi/62Gi
2026-07-14 17:40:22  pid=2886499  rss=4790MB  jvm_heap=2336/3200MB  direct=675/675MB  py_workers=18x32436MB  loss=27.63(avg16=25.57)  mae=4.40  sys_used=34Gi/62Gi
2026-07-14 17:40:52  pid=2886499  rss=4778MB  jvm_heap=1271/3200MB  direct=677/677MB  py_workers=18x32138MB  loss=26.26(avg16=25.45)  mae=4.40  sys_used=34Gi/62Gi
2026-07-14 17:41:23  pid=2886499  rss=4778MB  jvm_heap=2099/3200MB  direct=675/675MB  py_workers=18x31798MB  loss=26.77(avg16=25.98)  mae=4.47  sys_used=33Gi/62Gi
2026-07-14 17:41:53  pid=2886499  rss=4778MB  jvm_heap=3039/3200MB  direct=677/677MB  py_workers=18x32035MB  loss=18.42(avg16=26.37)  mae=4.54  sys_used=34Gi/62Gi
2026-07-14 17:42:23  pid=2886499  rss=4776MB  jvm_heap=2167/3200MB  direct=677/677MB  py_workers=18x31688MB  loss=32.68(avg16=26.80)  mae=4.60  sys_used=33Gi/62Gi
2026-07-14 17:42:53  pid=2886499  rss=4778MB  jvm_heap=1418/3200MB  direct=677/677MB  py_workers=18x32072MB  loss=24.77(avg16=26.53)  mae=4.58  sys_used=34Gi/62Gi
2026-07-14 17:43:23  pid=2886499  rss=4768MB  jvm_heap=1265/3200MB  direct=677/677MB  py_workers=18x31992MB  loss=23.28(avg16=25.84)  mae=4.51  sys_used=34Gi/62Gi
2026-07-14 17:43:53  pid=2886499  rss=4766MB  jvm_heap=1276/3200MB  direct=673/673MB  py_workers=18x31944MB  loss=21.51(avg16=25.13)  mae=4.42  sys_used=33Gi/62Gi
2026-07-14 17:44:24  pid=2886499  rss=4768MB  jvm_heap=2384/3200MB  direct=673/673MB  py_workers=18x32210MB  loss=16.48(avg16=24.03)  mae=4.28  sys_used=34Gi/62Gi
2026-07-14 17:44:54  pid=2886499  rss=4755MB  jvm_heap=1635/3200MB  direct=673/673MB  py_workers=18x32038MB  loss=29.00(avg16=23.71)  mae=4.25  sys_used=34Gi/62Gi
2026-07-14 17:45:24  pid=2886499  rss=4766MB  jvm_heap=1281/3200MB  direct=671/671MB  py_workers=18x32111MB  loss=24.64(avg16=24.02)  mae=4.30  sys_used=34Gi/62Gi
2026-07-14 17:45:54  pid=2886499  rss=4766MB  jvm_heap=1723/3200MB  direct=675/675MB  py_workers=18x32372MB  loss=26.45(avg16=24.17)  mae=4.33  sys_used=34Gi/62Gi
2026-07-14 17:46:24  pid=2886499  rss=4754MB  jvm_heap=2895/3200MB  direct=679/679MB  py_workers=18x32126MB  loss=25.35(avg16=24.60)  mae=4.39  sys_used=34Gi/62Gi
2026-07-14 17:46:54  pid=2886499  rss=4768MB  jvm_heap=1815/3200MB  direct=677/677MB  py_workers=18x32516MB  loss=37.28(avg16=25.86)  mae=4.59  sys_used=34Gi/62Gi
2026-07-14 17:47:25  pid=2886499  rss=4780MB  jvm_heap=2569/3200MB  direct=679/679MB  py_workers=18x32199MB  loss=23.49(avg16=25.66)  mae=4.57  sys_used=34Gi/62Gi
2026-07-14 17:47:55  pid=2886499  rss=4780MB  jvm_heap=1947/3200MB  direct=681/681MB  py_workers=18x32208MB  loss=32.23(avg16=26.64)  mae=4.68  sys_used=34Gi/62Gi
2026-07-14 17:48:25  pid=2886499  rss=4780MB  jvm_heap=2202/3200MB  direct=681/681MB  py_workers=18x31943MB  loss=27.68(avg16=26.51)  mae=4.68  sys_used=33Gi/62Gi
2026-07-14 17:48:55  pid=2886499  rss=4780MB  jvm_heap=3152/3200MB  direct=681/681MB  py_workers=18x32263MB  loss=24.23(avg16=26.36)  mae=4.65  sys_used=34Gi/62Gi
2026-07-14 17:49:25  pid=2886499  rss=4796MB  jvm_heap=1719/3200MB  direct=683/683MB  py_workers=18x32968MB  loss=30.48(avg16=26.59)  mae=4.69  sys_used=34Gi/62Gi
2026-07-14 17:49:56  pid=2886499  rss=4782MB  jvm_heap=1238/3200MB  direct=683/683MB  py_workers=18x32301MB  loss=21.39(avg16=25.65)  mae=4.62  sys_used=34Gi/62Gi
2026-07-14 17:50:26  pid=2886499  rss=4778MB  jvm_heap=2828/3200MB  direct=683/683MB  py_workers=18x31974MB  loss=23.86(avg16=24.73)  mae=4.51  sys_used=34Gi/62Gi
2026-07-14 17:50:56  pid=2886499  rss=4778MB  jvm_heap=1881/3200MB  direct=681/681MB  py_workers=18x32295MB  loss=25.72(avg16=24.64)  mae=4.55  sys_used=34Gi/62Gi
2026-07-14 17:51:26  pid=2886499  rss=4778MB  jvm_heap=1939/3200MB  direct=681/681MB  py_workers=18x32200MB  loss=26.77(avg16=24.44)  mae=4.56  sys_used=34Gi/62Gi
2026-07-14 17:51:56  pid=2886499  rss=4792MB  jvm_heap=2879/3200MB  direct=681/681MB  py_workers=18x32231MB  loss=16.76(avg16=23.60)  mae=4.49  sys_used=34Gi/62Gi
2026-07-14 17:52:26  pid=2886499  rss=4792MB  jvm_heap=1251/3200MB  direct=683/683MB  py_workers=18x32626MB  loss=26.38(avg16=24.16)  mae=4.60  sys_used=34Gi/62Gi
2026-07-14 17:52:57  pid=2886499  rss=4792MB  jvm_heap=1578/3200MB  direct=681/681MB  py_workers=18x32487MB  loss=20.74(avg16=23.69)  mae=4.55  sys_used=34Gi/62Gi
2026-07-14 17:53:27  pid=2886499  rss=4792MB  jvm_heap=2722/3200MB  direct=681/681MB  py_workers=18x32172MB  loss=27.67(avg16=23.72)  mae=4.56  sys_used=34Gi/62Gi
2026-07-14 17:53:57  pid=2886499  rss=4792MB  jvm_heap=1615/3200MB  direct=677/677MB  py_workers=18x32420MB  loss=31.60(avg16=24.04)  mae=4.60  sys_used=34Gi/62Gi
2026-07-14 17:54:27  pid=2886499  rss=4778MB  jvm_heap=1895/3200MB  direct=677/677MB  py_workers=18x32217MB  loss=27.78(avg16=25.26)  mae=4.78  sys_used=34Gi/62Gi
2026-07-14 17:54:57  pid=2886499  rss=4764MB  jvm_heap=1865/3200MB  direct=675/675MB  py_workers=18x32673MB  loss=25.81(avg16=25.28)  mae=4.76  sys_used=34Gi/62Gi
2026-07-14 17:55:27  pid=2886499  rss=4777MB  jvm_heap=2015/3200MB  direct=671/671MB  py_workers=18x31979MB  loss=26.64(avg16=25.90)  mae=4.83  sys_used=34Gi/62Gi
2026-07-14 17:55:58  pid=2886499  rss=4778MB  jvm_heap=1295/3200MB  direct=673/673MB  py_workers=18x32145MB  loss=25.31(avg16=25.52)  mae=4.80  sys_used=34Gi/62Gi
2026-07-14 17:56:28  pid=2886499  rss=4792MB  jvm_heap=1631/3200MB  direct=673/673MB  py_workers=18x32246MB  loss=19.38(avg16=23.97)  mae=4.61  sys_used=34Gi/62Gi
2026-07-14 17:56:58  pid=2886499  rss=4792MB  jvm_heap=2573/3200MB  direct=675/675MB  py_workers=18x32440MB  loss=28.58(avg16=24.31)  mae=4.65  sys_used=34Gi/62Gi
2026-07-14 17:57:28  pid=2886499  rss=4778MB  jvm_heap=2714/3200MB  direct=675/675MB  py_workers=18x32509MB  loss=25.78(avg16=23.44)  mae=4.60  sys_used=34Gi/62Gi
2026-07-14 17:57:58  pid=2886499  rss=4765MB  jvm_heap=2510/3200MB  direct=673/673MB  py_workers=18x32120MB  loss=26.52(avg16=23.39)  mae=4.60  sys_used=34Gi/62Gi
2026-07-14 17:58:28  pid=2886499  rss=4778MB  jvm_heap=1642/3200MB  direct=671/671MB  py_workers=18x32508MB  loss=22.24(avg16=23.23)  mae=4.61  sys_used=34Gi/62Gi
2026-07-14 17:58:59  pid=2886499  rss=4780MB  jvm_heap=1290/3200MB  direct=673/673MB  py_workers=18x32662MB  loss=20.69(avg16=23.26)  mae=4.63  sys_used=34Gi/62Gi
2026-07-14 17:59:29  pid=2886499  rss=4764MB  jvm_heap=1128/3200MB  direct=673/673MB  py_workers=18x33034MB  loss=26.46(avg16=23.76)  mae=4.72  sys_used=35Gi/62Gi
2026-07-14 17:59:59  pid=2886499  rss=4778MB  jvm_heap=1257/3200MB  direct=671/671MB  py_workers=18x31986MB  loss=27.94(avg16=24.11)  mae=4.76  sys_used=34Gi/62Gi
2026-07-14 18:00:29  pid=2886499  rss=4792MB  jvm_heap=2012/3200MB  direct=673/673MB  py_workers=18x32075MB  loss=26.18(avg16=24.48)  mae=4.81  sys_used=34Gi/62Gi
2026-07-14 18:00:59  pid=2886499  rss=4778MB  jvm_heap=2960/3200MB  direct=675/675MB  py_workers=18x32382MB  loss=25.89(avg16=24.66)  mae=4.84  sys_used=34Gi/62Gi
2026-07-14 18:01:29  pid=2886499  rss=4778MB  jvm_heap=1196/3200MB  direct=673/673MB  py_workers=18x32581MB  loss=17.90(avg16=24.80)  mae=4.87  sys_used=34Gi/62Gi
2026-07-14 18:02:00  pid=2886499  rss=4778MB  jvm_heap=2328/3200MB  direct=673/673MB  py_workers=18x32560MB  loss=31.29(avg16=25.81)  mae=4.99  sys_used=34Gi/62Gi
2026-07-14 18:02:30  pid=2886499  rss=4778MB  jvm_heap=2439/3200MB  direct=673/673MB  py_workers=18x32288MB  loss=27.44(avg16=25.47)  mae=4.97  sys_used=34Gi/62Gi
2026-07-14 18:03:00  pid=2886499  rss=4778MB  jvm_heap=2019/3200MB  direct=673/673MB  py_workers=18x32300MB  loss=22.09(avg16=25.17)  mae=4.91  sys_used=34Gi/62Gi
2026-07-14 18:03:30  pid=2886499  rss=4778MB  jvm_heap=3167/3200MB  direct=673/673MB  py_workers=18x32560MB  loss=20.65(avg16=24.45)  mae=4.82  sys_used=34Gi/62Gi
2026-07-14 18:04:00  pid=2886499  rss=4792MB  jvm_heap=2033/3200MB  direct=673/673MB  py_workers=18x32904MB  loss=21.75(avg16=23.70)  mae=4.72  sys_used=34Gi/62Gi
2026-07-14 18:04:30  pid=2886499  rss=4778MB  jvm_heap=2248/3200MB  direct=675/675MB  py_workers=18x32879MB  loss=25.35(avg16=23.30)  mae=4.69  sys_used=34Gi/62Gi
2026-07-14 18:05:01  pid=2886499  rss=4778MB  jvm_heap=1451/3200MB  direct=673/673MB  py_workers=18x32167MB  loss=21.35(avg16=23.01)  mae=4.67  sys_used=34Gi/62Gi
2026-07-14 18:05:31  pid=2886499  rss=4778MB  jvm_heap=1285/3200MB  direct=673/673MB  py_workers=18x32443MB  loss=25.23(avg16=23.45)  mae=4.74  sys_used=34Gi/62Gi
2026-07-14 18:06:01  pid=2886499  rss=4764MB  jvm_heap=1293/3200MB  direct=673/673MB  py_workers=18x32621MB  loss=22.57(avg16=23.69)  mae=4.79  sys_used=34Gi/62Gi
2026-07-14 18:06:31  pid=2886499  rss=4780MB  jvm_heap=1295/3200MB  direct=671/671MB  py_workers=18x33024MB  loss=25.81(avg16=24.09)  mae=4.86  sys_used=34Gi/62Gi
2026-07-14 18:07:01  pid=2886499  rss=4780MB  jvm_heap=1278/3200MB  direct=673/673MB  py_workers=18x33075MB  loss=22.56(avg16=23.89)  mae=4.85  sys_used=35Gi/62Gi
2026-07-14 18:07:32  pid=2886499  rss=4778MB  jvm_heap=1335/3200MB  direct=673/673MB  py_workers=18x32847MB  loss=23.46(avg16=24.11)  mae=4.87  sys_used=34Gi/62Gi
2026-07-14 18:08:02  pid=2886499  rss=4764MB  jvm_heap=1426/3200MB  direct=673/673MB  py_workers=18x33035MB  loss=23.17(avg16=23.93)  mae=4.86  sys_used=35Gi/62Gi
2026-07-14 18:08:32  pid=2886499  rss=4764MB  jvm_heap=2580/3200MB  direct=671/671MB  py_workers=18x33103MB  loss=23.80(avg16=24.04)  mae=4.88  sys_used=35Gi/62Gi
2026-07-14 18:09:02  pid=2886499  rss=4778MB  jvm_heap=1506/3200MB  direct=671/671MB  py_workers=18x33262MB  loss=25.28(avg16=24.46)  mae=4.92  sys_used=35Gi/62Gi
2026-07-14 18:09:32  pid=2886499  rss=4791MB  jvm_heap=1145/3200MB  direct=673/673MB  py_workers=18x32510MB  loss=20.04(avg16=24.16)  mae=4.87  sys_used=34Gi/62Gi
2026-07-14 18:10:02  pid=2886499  rss=4792MB  jvm_heap=1261/3200MB  direct=675/675MB  py_workers=18x32703MB  loss=24.76(avg16=24.17)  mae=4.86  sys_used=34Gi/62Gi
2026-07-14 18:10:33  pid=2886499  rss=4792MB  jvm_heap=2031/3200MB  direct=675/675MB  py_workers=18x32931MB  loss=23.50(avg16=23.95)  mae=4.82  sys_used=34Gi/62Gi
2026-07-14 18:11:03  pid=2886499  rss=4778MB  jvm_heap=2981/3200MB  direct=675/675MB  py_workers=18x32709MB  loss=22.83(avg16=23.76)  mae=4.79  sys_used=34Gi/62Gi
2026-07-14 18:11:33  pid=2886499  rss=4778MB  jvm_heap=1211/3200MB  direct=673/673MB  py_workers=18x32899MB  loss=23.47(avg16=23.70)  mae=4.78  sys_used=34Gi/62Gi
2026-07-14 18:12:03  pid=2886499  rss=4778MB  jvm_heap=2616/3200MB  direct=673/673MB  py_workers=18x32866MB  loss=20.73(avg16=23.57)  mae=4.77  sys_used=34Gi/62Gi
2026-07-14 18:12:33  pid=2886499  rss=4778MB  jvm_heap=2715/3200MB  direct=673/673MB  py_workers=18x32618MB  loss=25.40(avg16=23.86)  mae=4.80  sys_used=34Gi/62Gi
2026-07-14 18:13:03  pid=2886499  rss=4778MB  jvm_heap=2043/3200MB  direct=673/673MB  py_workers=18x32547MB  loss=27.08(avg16=24.10)  mae=4.82  sys_used=34Gi/62Gi
2026-07-14 18:13:34  pid=2886499  rss=4778MB  jvm_heap=1137/3200MB  direct=673/673MB  py_workers=18x32582MB  loss=25.98(avg16=24.33)  mae=4.85  sys_used=34Gi/62Gi
2026-07-14 18:14:04  pid=2886499  rss=4792MB  jvm_heap=2079/3200MB  direct=673/673MB  py_workers=18x32877MB  loss=24.27(avg16=24.23)  mae=4.85  sys_used=34Gi/62Gi
2026-07-14 18:14:34  pid=2886499  rss=4778MB  jvm_heap=1267/3200MB  direct=675/675MB  py_workers=18x33070MB  loss=22.86(avg16=24.41)  mae=4.86  sys_used=35Gi/62Gi
2026-07-14 18:15:04  pid=2886499  rss=4779MB  jvm_heap=1407/3200MB  direct=673/673MB  py_workers=18x32777MB  loss=20.99(avg16=24.30)  mae=4.85  sys_used=34Gi/62Gi
2026-07-14 18:15:34  pid=2886499  rss=4779MB  jvm_heap=1294/3200MB  direct=673/673MB  py_workers=18x32698MB  loss=23.48(avg16=24.21)  mae=4.84  sys_used=34Gi/62Gi
2026-07-14 18:16:05  pid=2886499  rss=4793MB  jvm_heap=1238/3200MB  direct=673/673MB  py_workers=18x32955MB  loss=25.72(avg16=24.22)  mae=4.86  sys_used=35Gi/62Gi
