2023-06-30 12:25:40.262 worker_log:538 24656 MainThread [INFO]  Worker 3 started
2023-06-30 12:27:54.279 worker_log:584 24656 MainThread [INFO]  Received executor task 4
2023-06-30 12:28:40.960 worker_log:602 24656 MainThread [INFO]  Completed executor task 4
2023-06-30 12:28:40.961 worker_log:613 24656 MainThread [INFO]  All processing finished for executor task 4
2023-06-30 12:29:18.258 worker_log:584 24656 MainThread [INFO]  Received executor task 29
2023-06-30 12:30:09.082 worker_log:602 24656 MainThread [INFO]  Completed executor task 29
2023-06-30 12:30:09.083 worker_log:613 24656 MainThread [INFO]  All processing finished for executor task 29
2023-06-30 12:30:17.145 worker_log:584 24656 MainThread [INFO]  Received executor task 45
2023-06-30 12:30:57.494 worker_log:602 24656 MainThread [INFO]  Completed executor task 45
2023-06-30 12:30:57.495 worker_log:613 24656 MainThread [INFO]  All processing finished for executor task 45
2023-06-30 12:31:36.373 worker_log:584 24656 MainThread [INFO]  Received executor task 56
2023-06-30 12:32:22.902 worker_log:602 24656 MainThread [INFO]  Completed executor task 56
2023-06-30 12:32:22.902 worker_log:613 24656 MainThread [INFO]  All processing finished for executor task 56
2023-06-30 12:33:06.182 worker_log:584 24656 MainThread [INFO]  Received executor task 76
2023-06-30 12:34:35.098 worker_log:602 24656 MainThread [INFO]  Completed executor task 76
2023-06-30 12:34:35.099 worker_log:613 24656 MainThread [INFO]  All processing finished for executor task 76
2023-06-30 12:34:36.346 worker_log:584 24656 MainThread [INFO]  Received executor task 96
2023-06-30 12:35:38.452 worker_log:602 24656 MainThread [INFO]  Completed executor task 96
2023-06-30 12:35:38.453 worker_log:613 24656 MainThread [INFO]  All processing finished for executor task 96
2023-06-30 12:35:46.829 worker_log:584 24656 MainThread [INFO]  Received executor task 110
2023-06-30 12:36:31.301 worker_log:602 24656 MainThread [INFO]  Completed executor task 110
2023-06-30 12:36:31.302 worker_log:613 24656 MainThread [INFO]  All processing finished for executor task 110
2023-06-30 12:37:08.042 worker_log:584 24656 MainThread [INFO]  Received executor task 125
2023-06-30 12:38:01.877 worker_log:602 24656 MainThread [INFO]  Completed executor task 125
2023-06-30 12:38:01.877 worker_log:613 24656 MainThread [INFO]  All processing finished for executor task 125
2023-06-30 12:38:46.604 worker_log:584 24656 MainThread [INFO]  Received executor task 140
2023-06-30 12:39:02.380 worker_log:602 24656 MainThread [INFO]  Completed executor task 140
2023-06-30 12:39:02.381 worker_log:613 24656 MainThread [INFO]  All processing finished for executor task 140
2023-06-30 12:39:35.097 worker_log:584 24656 MainThread [INFO]  Received executor task 146
2023-06-30 12:40:25.865 worker_log:602 24656 MainThread [INFO]  Completed executor task 146
2023-06-30 12:40:25.865 worker_log:613 24656 MainThread [INFO]  All processing finished for executor task 146
2023-06-30 12:40:42.780 worker_log:584 24656 MainThread [INFO]  Received executor task 172
2023-06-30 12:41:13.718 worker_log:602 24656 MainThread [INFO]  Completed executor task 172
2023-06-30 12:41:13.719 worker_log:613 24656 MainThread [INFO]  All processing finished for executor task 172
2023-06-30 12:42:24.844 worker_log:584 24656 MainThread [INFO]  Received executor task 179
2023-06-30 12:42:43.571 worker_log:602 24656 MainThread [INFO]  Completed executor task 179
2023-06-30 12:42:43.571 worker_log:613 24656 MainThread [INFO]  All processing finished for executor task 179
2023-06-30 12:43:29.951 worker_log:584 24656 MainThread [INFO]  Received executor task 194
2023-06-30 12:44:52.157 worker_log:602 24656 MainThread [INFO]  Completed executor task 194
2023-06-30 12:44:52.157 worker_log:613 24656 MainThread [INFO]  All processing finished for executor task 194
2023-06-30 12:44:55.173 worker_log:584 24656 MainThread [INFO]  Received executor task 223
2023-06-30 12:45:31.543 worker_log:602 24656 MainThread [INFO]  Completed executor task 223
2023-06-30 12:45:31.544 worker_log:613 24656 MainThread [INFO]  All processing finished for executor task 223
2023-06-30 12:45:49.417 worker_log:584 24656 MainThread [INFO]  Received executor task 233
2023-06-30 12:46:21.955 worker_log:602 24656 MainThread [INFO]  Completed executor task 233
2023-06-30 12:46:21.956 worker_log:613 24656 MainThread [INFO]  All processing finished for executor task 233
2023-06-30 12:47:06.573 worker_log:584 24656 MainThread [INFO]  Received executor task 244
2023-06-30 12:47:30.028 worker_log:602 24656 MainThread [INFO]  Completed executor task 244
2023-06-30 12:47:30.028 worker_log:613 24656 MainThread [INFO]  All processing finished for executor task 244
2023-06-30 12:48:04.394 worker_log:584 24656 MainThread [INFO]  Received executor task 259
2023-06-30 12:48:23.616 worker_log:602 24656 MainThread [INFO]  Completed executor task 259
2023-06-30 12:48:23.616 worker_log:613 24656 MainThread [INFO]  All processing finished for executor task 259
2023-06-30 12:49:09.167 worker_log:584 24656 MainThread [INFO]  Received executor task 274
2023-06-30 12:49:56.759 worker_log:602 24656 MainThread [INFO]  Completed executor task 274
2023-06-30 12:49:56.759 worker_log:613 24656 MainThread [INFO]  All processing finished for executor task 274
2023-06-30 12:50:37.572 worker_log:584 24656 MainThread [INFO]  Received executor task 297
2023-06-30 12:51:00.616 worker_log:602 24656 MainThread [INFO]  Completed executor task 297
2023-06-30 12:51:00.617 worker_log:613 24656 MainThread [INFO]  All processing finished for executor task 297
2023-06-30 12:51:59.272 worker_log:584 24656 MainThread [INFO]  Received executor task 306
2023-06-30 12:52:38.293 worker_log:602 24656 MainThread [INFO]  Completed executor task 306
2023-06-30 12:52:38.294 worker_log:613 24656 MainThread [INFO]  All processing finished for executor task 306
2023-06-30 12:53:22.316 worker_log:584 24656 MainThread [INFO]  Received executor task 328
2023-06-30 12:53:59.794 worker_log:602 24656 MainThread [INFO]  Completed executor task 328
2023-06-30 12:53:59.795 worker_log:613 24656 MainThread [INFO]  All processing finished for executor task 328
2023-06-30 12:54:54.814 worker_log:584 24656 MainThread [INFO]  Received executor task 343
2023-06-30 12:55:49.871 worker_log:602 24656 MainThread [INFO]  Completed executor task 343
2023-06-30 12:55:49.872 worker_log:613 24656 MainThread [INFO]  All processing finished for executor task 343
2023-06-30 12:56:37.204 worker_log:584 24656 MainThread [INFO]  Received executor task 364
2023-06-30 12:57:31.697 worker_log:602 24656 MainThread [INFO]  Completed executor task 364
2023-06-30 12:57:31.697 worker_log:613 24656 MainThread [INFO]  All processing finished for executor task 364
2023-06-30 12:58:32.274 worker_log:584 24656 MainThread [INFO]  Received executor task 379
2023-06-30 12:59:43.890 worker_log:602 24656 MainThread [INFO]  Completed executor task 379
2023-06-30 12:59:43.891 worker_log:613 24656 MainThread [INFO]  All processing finished for executor task 379
2023-06-30 12:59:45.354 worker_log:584 24656 MainThread [INFO]  Received executor task 400
2023-06-30 13:00:14.261 worker_log:602 24656 MainThread [INFO]  Completed executor task 400
2023-06-30 13:00:14.262 worker_log:613 24656 MainThread [INFO]  All processing finished for executor task 400
2023-06-30 13:01:04.794 worker_log:584 24656 MainThread [INFO]  Received executor task 403
2023-06-30 13:01:53.476 worker_log:602 24656 MainThread [INFO]  Completed executor task 403
2023-06-30 13:01:53.477 worker_log:613 24656 MainThread [INFO]  All processing finished for executor task 403
2023-06-30 13:02:23.167 worker_log:584 24656 MainThread [INFO]  Received executor task 425
2023-06-30 13:03:04.086 worker_log:602 24656 MainThread [INFO]  Completed executor task 425
2023-06-30 13:03:04.087 worker_log:613 24656 MainThread [INFO]  All processing finished for executor task 425
2023-06-30 13:04:05.001 worker_log:584 24656 MainThread [INFO]  Received executor task 441
2023-06-30 13:04:46.019 worker_log:602 24656 MainThread [INFO]  Completed executor task 441
2023-06-30 13:04:46.020 worker_log:613 24656 MainThread [INFO]  All processing finished for executor task 441
2023-06-30 13:05:05.415 worker_log:584 24656 MainThread [INFO]  Received executor task 459
2023-06-30 13:06:13.751 worker_log:602 24656 MainThread [INFO]  Completed executor task 459
2023-06-30 13:06:13.751 worker_log:613 24656 MainThread [INFO]  All processing finished for executor task 459
2023-06-30 13:06:14.827 worker_log:584 24656 MainThread [INFO]  Received executor task 480
2023-06-30 13:06:45.445 worker_log:602 24656 MainThread [INFO]  Completed executor task 480
2023-06-30 13:06:45.445 worker_log:613 24656 MainThread [INFO]  All processing finished for executor task 480
2023-06-30 13:07:58.105 worker_log:584 24656 MainThread [INFO]  Received executor task 485
2023-06-30 13:08:46.648 worker_log:602 24656 MainThread [INFO]  Completed executor task 485
2023-06-30 13:08:46.649 worker_log:613 24656 MainThread [INFO]  All processing finished for executor task 485
2023-06-30 13:09:03.271 worker_log:584 24656 MainThread [INFO]  Received executor task 506
2023-06-30 13:09:45.516 worker_log:602 24656 MainThread [INFO]  Completed executor task 506
2023-06-30 13:09:45.516 worker_log:613 24656 MainThread [INFO]  All processing finished for executor task 506
2023-06-30 13:10:50.140 worker_log:584 24656 MainThread [INFO]  Received executor task 521
2023-06-30 13:11:59.490 worker_log:602 24656 MainThread [INFO]  Completed executor task 521
2023-06-30 13:11:59.491 worker_log:613 24656 MainThread [INFO]  All processing finished for executor task 521
2023-06-30 13:12:00.781 worker_log:584 24656 MainThread [INFO]  Received executor task 544
2023-06-30 13:12:55.409 worker_log:602 24656 MainThread [INFO]  Completed executor task 544
2023-06-30 13:12:55.409 worker_log:613 24656 MainThread [INFO]  All processing finished for executor task 544
2023-06-30 13:13:37.691 worker_log:584 24656 MainThread [INFO]  Received executor task 559
2023-06-30 13:14:27.634 worker_log:602 24656 MainThread [INFO]  Completed executor task 559
2023-06-30 13:14:27.635 worker_log:613 24656 MainThread [INFO]  All processing finished for executor task 559
2023-06-30 13:14:49.789 worker_log:584 24656 MainThread [INFO]  Received executor task 570
2023-06-30 13:15:13.943 worker_log:602 24656 MainThread [INFO]  Completed executor task 570
2023-06-30 13:15:13.944 worker_log:613 24656 MainThread [INFO]  All processing finished for executor task 570
2023-06-30 13:15:55.191 worker_log:584 24656 MainThread [INFO]  Received executor task 579
2023-06-30 13:16:14.808 worker_log:602 24656 MainThread [INFO]  Completed executor task 579
2023-06-30 13:16:14.808 worker_log:613 24656 MainThread [INFO]  All processing finished for executor task 579
2023-06-30 13:16:54.790 worker_log:584 24656 MainThread [INFO]  Received executor task 594
2023-06-30 13:17:21.204 worker_log:602 24656 MainThread [INFO]  Completed executor task 594
2023-06-30 13:17:21.205 worker_log:613 24656 MainThread [INFO]  All processing finished for executor task 594
2023-06-30 13:18:07.256 worker_log:584 24656 MainThread [INFO]  Received executor task 611
2023-06-30 13:18:39.025 worker_log:602 24656 MainThread [INFO]  Completed executor task 611
2023-06-30 13:18:39.026 worker_log:613 24656 MainThread [INFO]  All processing finished for executor task 611
2023-06-30 13:19:17.692 worker_log:584 24656 MainThread [INFO]  Received executor task 630
2023-06-30 13:19:47.851 worker_log:602 24656 MainThread [INFO]  Completed executor task 630
2023-06-30 13:19:47.851 worker_log:613 24656 MainThread [INFO]  All processing finished for executor task 630
2023-06-30 13:20:38.792 worker_log:584 24656 MainThread [INFO]  Received executor task 643
2023-06-30 13:21:46.660 worker_log:602 24656 MainThread [INFO]  Completed executor task 643
2023-06-30 13:21:46.660 worker_log:613 24656 MainThread [INFO]  All processing finished for executor task 643
2023-06-30 13:21:47.786 worker_log:584 24656 MainThread [INFO]  Received executor task 672
2023-06-30 13:22:38.976 worker_log:602 24656 MainThread [INFO]  Completed executor task 672
2023-06-30 13:22:38.976 worker_log:613 24656 MainThread [INFO]  All processing finished for executor task 672
2023-06-30 13:23:08.566 worker_log:584 24656 MainThread [INFO]  Received executor task 684
2023-06-30 13:23:36.287 worker_log:602 24656 MainThread [INFO]  Completed executor task 684
2023-06-30 13:23:36.287 worker_log:613 24656 MainThread [INFO]  All processing finished for executor task 684
2023-06-30 13:24:23.148 worker_log:584 24656 MainThread [INFO]  Received executor task 692
2023-06-30 13:24:59.895 worker_log:602 24656 MainThread [INFO]  Completed executor task 692
2023-06-30 13:24:59.896 worker_log:613 24656 MainThread [INFO]  All processing finished for executor task 692
2023-06-30 13:25:37.872 worker_log:584 24656 MainThread [INFO]  Received executor task 711
2023-06-30 13:26:34.118 worker_log:602 24656 MainThread [INFO]  Completed executor task 711
2023-06-30 13:26:34.118 worker_log:613 24656 MainThread [INFO]  All processing finished for executor task 711
2023-06-30 13:26:56.851 worker_log:584 24656 MainThread [INFO]  Received executor task 735
2023-06-30 13:27:35.655 worker_log:602 24656 MainThread [INFO]  Completed executor task 735
2023-06-30 13:27:35.656 worker_log:613 24656 MainThread [INFO]  All processing finished for executor task 735
2023-06-30 13:28:04.670 worker_log:584 24656 MainThread [INFO]  Received executor task 742
2023-06-30 13:28:56.653 worker_log:602 24656 MainThread [INFO]  Completed executor task 742
2023-06-30 13:28:56.654 worker_log:613 24656 MainThread [INFO]  All processing finished for executor task 742
2023-06-30 13:29:37.159 worker_log:584 24656 MainThread [INFO]  Received executor task 765
2023-06-30 13:30:17.482 worker_log:602 24656 MainThread [INFO]  Completed executor task 765
2023-06-30 13:30:17.483 worker_log:613 24656 MainThread [INFO]  All processing finished for executor task 765
2023-06-30 13:30:44.931 worker_log:584 24656 MainThread [INFO]  Received executor task 778
2023-06-30 13:31:12.760 worker_log:602 24656 MainThread [INFO]  Completed executor task 778
2023-06-30 13:31:12.761 worker_log:613 24656 MainThread [INFO]  All processing finished for executor task 778
2023-06-30 13:31:57.918 worker_log:584 24656 MainThread [INFO]  Received executor task 787
2023-06-30 13:32:42.295 worker_log:602 24656 MainThread [INFO]  Completed executor task 787
2023-06-30 13:32:42.296 worker_log:613 24656 MainThread [INFO]  All processing finished for executor task 787
2023-06-30 13:33:05.477 worker_log:584 24656 MainThread [INFO]  Received executor task 810
2023-06-30 13:33:29.853 worker_log:602 24656 MainThread [INFO]  Completed executor task 810
2023-06-30 13:33:29.854 worker_log:613 24656 MainThread [INFO]  All processing finished for executor task 810
2023-06-30 13:34:12.621 worker_log:584 24656 MainThread [INFO]  Received executor task 820
2023-06-30 13:34:50.997 worker_log:602 24656 MainThread [INFO]  Completed executor task 820
2023-06-30 13:34:50.998 worker_log:613 24656 MainThread [INFO]  All processing finished for executor task 820
2023-06-30 13:35:39.474 worker_log:584 24656 MainThread [INFO]  Received executor task 843
2023-06-30 13:36:58.970 worker_log:602 24656 MainThread [INFO]  Completed executor task 843
2023-06-30 13:36:58.971 worker_log:613 24656 MainThread [INFO]  All processing finished for executor task 843
2023-06-30 13:37:00.513 worker_log:584 24656 MainThread [INFO]  Received executor task 864
2023-06-30 13:37:22.038 worker_log:602 24656 MainThread [INFO]  Completed executor task 864
2023-06-30 13:37:22.039 worker_log:613 24656 MainThread [INFO]  All processing finished for executor task 864
2023-06-30 13:38:51.185 worker_log:584 24656 MainThread [INFO]  Received executor task 867
2023-06-30 13:39:21.021 worker_log:602 24656 MainThread [INFO]  Completed executor task 867
2023-06-30 13:39:21.021 worker_log:613 24656 MainThread [INFO]  All processing finished for executor task 867
2023-06-30 13:40:04.962 worker_log:584 24656 MainThread [INFO]  Received executor task 885
2023-06-30 13:40:32.390 worker_log:602 24656 MainThread [INFO]  Completed executor task 885
2023-06-30 13:40:32.391 worker_log:613 24656 MainThread [INFO]  All processing finished for executor task 885
2023-06-30 13:41:15.078 worker_log:584 24656 MainThread [INFO]  Received executor task 901
2023-06-30 13:41:35.097 worker_log:602 24656 MainThread [INFO]  Completed executor task 901
2023-06-30 13:41:35.097 worker_log:613 24656 MainThread [INFO]  All processing finished for executor task 901
2023-06-30 13:42:30.007 worker_log:584 24656 MainThread [INFO]  Received executor task 916
2023-06-30 13:43:01.019 worker_log:602 24656 MainThread [INFO]  Completed executor task 916
2023-06-30 13:43:01.020 worker_log:613 24656 MainThread [INFO]  All processing finished for executor task 916
2023-06-30 13:44:04.914 worker_log:584 24656 MainThread [INFO]  Received executor task 934
2023-06-30 13:45:09.572 worker_log:602 24656 MainThread [INFO]  Completed executor task 934
2023-06-30 13:45:09.572 worker_log:613 24656 MainThread [INFO]  All processing finished for executor task 934
2023-06-30 13:45:28.934 worker_log:584 24656 MainThread [INFO]  Received executor task 958
2023-06-30 13:46:14.879 worker_log:602 24656 MainThread [INFO]  Completed executor task 958
2023-06-30 13:46:14.879 worker_log:613 24656 MainThread [INFO]  All processing finished for executor task 958
2023-06-30 13:47:01.970 worker_log:584 24656 MainThread [INFO]  Received executor task 969
2023-06-30 13:47:31.721 worker_log:602 24656 MainThread [INFO]  Completed executor task 969
2023-06-30 13:47:31.721 worker_log:613 24656 MainThread [INFO]  All processing finished for executor task 969
2023-06-30 13:48:26.396 worker_log:584 24656 MainThread [INFO]  Received executor task 979
2023-06-30 13:49:14.843 worker_log:602 24656 MainThread [INFO]  Completed executor task 979
2023-06-30 13:49:14.844 worker_log:613 24656 MainThread [INFO]  All processing finished for executor task 979
2023-06-30 13:49:55.412 worker_log:584 24656 MainThread [INFO]  Received executor task 1003
2023-06-30 13:50:42.768 worker_log:602 24656 MainThread [INFO]  Completed executor task 1003
2023-06-30 13:50:42.769 worker_log:613 24656 MainThread [INFO]  All processing finished for executor task 1003
2023-06-30 13:51:18.085 worker_log:584 24656 MainThread [INFO]  Received executor task 1018
2023-06-30 13:52:13.725 worker_log:602 24656 MainThread [INFO]  Completed executor task 1018
2023-06-30 13:52:13.725 worker_log:613 24656 MainThread [INFO]  All processing finished for executor task 1018
2023-06-30 13:52:33.707 worker_log:584 24656 MainThread [INFO]  Received executor task 1038
2023-06-30 13:53:12.857 worker_log:602 24656 MainThread [INFO]  Completed executor task 1038
2023-06-30 13:53:12.858 worker_log:613 24656 MainThread [INFO]  All processing finished for executor task 1038
2023-06-30 13:54:04.101 worker_log:584 24656 MainThread [INFO]  Received executor task 1047
2023-06-30 13:54:43.793 worker_log:602 24656 MainThread [INFO]  Completed executor task 1047
2023-06-30 13:54:43.794 worker_log:613 24656 MainThread [INFO]  All processing finished for executor task 1047
2023-06-30 13:55:40.271 worker_log:584 24656 MainThread [INFO]  Received executor task 1066
2023-06-30 13:55:58.393 worker_log:602 24656 MainThread [INFO]  Completed executor task 1066
2023-06-30 13:55:58.394 worker_log:613 24656 MainThread [INFO]  All processing finished for executor task 1066
2023-06-30 13:57:11.669 worker_log:584 24656 MainThread [INFO]  Received executor task 1073
2023-06-30 13:57:36.339 worker_log:602 24656 MainThread [INFO]  Completed executor task 1073
2023-06-30 13:57:36.340 worker_log:613 24656 MainThread [INFO]  All processing finished for executor task 1073
2023-06-30 13:58:53.934 worker_log:584 24656 MainThread [INFO]  Received executor task 1091
2023-06-30 14:00:01.077 worker_log:602 24656 MainThread [INFO]  Completed executor task 1091
2023-06-30 14:00:01.078 worker_log:613 24656 MainThread [INFO]  All processing finished for executor task 1091
2023-06-30 14:00:04.862 worker_log:584 24656 MainThread [INFO]  Received executor task 1119
2023-06-30 14:00:27.016 worker_log:602 24656 MainThread [INFO]  Completed executor task 1119
2023-06-30 14:00:27.017 worker_log:613 24656 MainThread [INFO]  All processing finished for executor task 1119
2023-06-30 14:01:35.146 worker_log:584 24656 MainThread [INFO]  Received executor task 1124
2023-06-30 14:02:36.186 worker_log:602 24656 MainThread [INFO]  Completed executor task 1124
2023-06-30 14:02:36.187 worker_log:613 24656 MainThread [INFO]  All processing finished for executor task 1124
2023-06-30 14:02:51.877 worker_log:584 24656 MainThread [INFO]  Received executor task 1148
2023-06-30 14:03:33.161 worker_log:602 24656 MainThread [INFO]  Completed executor task 1148
2023-06-30 14:03:33.162 worker_log:613 24656 MainThread [INFO]  All processing finished for executor task 1148
2023-06-30 14:03:59.301 worker_log:584 24656 MainThread [INFO]  Received executor task 1161
2023-06-30 14:04:36.805 worker_log:602 24656 MainThread [INFO]  Completed executor task 1161
2023-06-30 14:04:36.805 worker_log:613 24656 MainThread [INFO]  All processing finished for executor task 1161
2023-06-30 14:05:01.223 worker_log:584 24656 MainThread [INFO]  Received executor task 1176
2023-06-30 14:05:51.564 worker_log:602 24656 MainThread [INFO]  Completed executor task 1176
2023-06-30 14:05:51.564 worker_log:613 24656 MainThread [INFO]  All processing finished for executor task 1176
2023-06-30 14:06:37.278 worker_log:584 24656 MainThread [INFO]  Received executor task 1193
2023-06-30 14:07:00.585 worker_log:602 24656 MainThread [INFO]  Completed executor task 1193
2023-06-30 14:07:00.586 worker_log:613 24656 MainThread [INFO]  All processing finished for executor task 1193
2023-06-30 14:08:03.693 worker_log:584 24656 MainThread [INFO]  Received executor task 1203
2023-06-30 14:08:34.731 worker_log:602 24656 MainThread [INFO]  Completed executor task 1203
2023-06-30 14:08:34.732 worker_log:613 24656 MainThread [INFO]  All processing finished for executor task 1203
2023-06-30 14:09:15.170 worker_log:584 24656 MainThread [INFO]  Received executor task 1223
2023-06-30 14:09:45.285 worker_log:602 24656 MainThread [INFO]  Completed executor task 1223
2023-06-30 14:09:45.285 worker_log:613 24656 MainThread [INFO]  All processing finished for executor task 1223
2023-06-30 14:10:38.714 worker_log:584 24656 MainThread [INFO]  Received executor task 1238
2023-06-30 14:11:29.712 worker_log:602 24656 MainThread [INFO]  Completed executor task 1238
2023-06-30 14:11:29.712 worker_log:613 24656 MainThread [INFO]  All processing finished for executor task 1238
2023-06-30 14:12:32.607 worker_log:584 24656 MainThread [INFO]  Received executor task 1258
2023-06-30 14:13:19.336 worker_log:602 24656 MainThread [INFO]  Completed executor task 1258
2023-06-30 14:13:19.336 worker_log:613 24656 MainThread [INFO]  All processing finished for executor task 1258
2023-06-30 14:14:10.620 worker_log:584 24656 MainThread [INFO]  Received executor task 1275
2023-06-30 14:15:16.016 worker_log:602 24656 MainThread [INFO]  Completed executor task 1275
2023-06-30 14:15:16.016 worker_log:613 24656 MainThread [INFO]  All processing finished for executor task 1275
2023-06-30 14:15:26.908 worker_log:584 24656 MainThread [INFO]  Received executor task 1294
2023-06-30 14:15:52.762 worker_log:602 24656 MainThread [INFO]  Completed executor task 1294
2023-06-30 14:15:52.762 worker_log:613 24656 MainThread [INFO]  All processing finished for executor task 1294
2023-06-30 14:16:23.702 worker_log:584 24656 MainThread [INFO]  Received executor task 1302
2023-06-30 14:17:00.587 worker_log:602 24656 MainThread [INFO]  Completed executor task 1302
2023-06-30 14:17:00.587 worker_log:613 24656 MainThread [INFO]  All processing finished for executor task 1302
2023-06-30 14:17:43.108 worker_log:584 24656 MainThread [INFO]  Received executor task 1323
2023-06-30 14:18:24.326 worker_log:602 24656 MainThread [INFO]  Completed executor task 1323
2023-06-30 14:18:24.327 worker_log:613 24656 MainThread [INFO]  All processing finished for executor task 1323
2023-06-30 14:19:22.457 worker_log:584 24656 MainThread [INFO]  Received executor task 1338
2023-06-30 14:20:04.780 worker_log:602 24656 MainThread [INFO]  Completed executor task 1338
2023-06-30 14:20:04.780 worker_log:613 24656 MainThread [INFO]  All processing finished for executor task 1338
2023-06-30 14:20:33.369 worker_log:584 24656 MainThread [INFO]  Received executor task 1355
2023-06-30 14:21:57.680 worker_log:602 24656 MainThread [INFO]  Completed executor task 1355
2023-06-30 14:21:57.681 worker_log:613 24656 MainThread [INFO]  All processing finished for executor task 1355
2023-06-30 14:21:58.980 worker_log:584 24656 MainThread [INFO]  Received executor task 1376
2023-06-30 14:22:30.787 worker_log:602 24656 MainThread [INFO]  Completed executor task 1376
2023-06-30 14:22:30.788 worker_log:613 24656 MainThread [INFO]  All processing finished for executor task 1376
2023-06-30 14:23:08.232 worker_log:584 24656 MainThread [INFO]  Received executor task 1386
2023-06-30 14:23:43.850 worker_log:602 24656 MainThread [INFO]  Completed executor task 1386
2023-06-30 14:23:43.851 worker_log:613 24656 MainThread [INFO]  All processing finished for executor task 1386
2023-06-30 14:24:27.143 worker_log:584 24656 MainThread [INFO]  Received executor task 1398
2023-06-30 14:24:56.838 worker_log:602 24656 MainThread [INFO]  Completed executor task 1398
2023-06-30 14:24:56.838 worker_log:613 24656 MainThread [INFO]  All processing finished for executor task 1398
2023-06-30 14:25:36.085 worker_log:584 24656 MainThread [INFO]  Received executor task 1414
2023-06-30 14:25:57.878 worker_log:602 24656 MainThread [INFO]  Completed executor task 1414
2023-06-30 14:25:57.878 worker_log:613 24656 MainThread [INFO]  All processing finished for executor task 1414
2023-06-30 14:26:45.313 worker_log:584 24656 MainThread [INFO]  Received executor task 1426
2023-06-30 14:27:05.466 worker_log:602 24656 MainThread [INFO]  Completed executor task 1426
2023-06-30 14:27:05.466 worker_log:613 24656 MainThread [INFO]  All processing finished for executor task 1426
2023-06-30 14:27:52.797 worker_log:584 24656 MainThread [INFO]  Received executor task 1441
2023-06-30 14:29:04.930 worker_log:602 24656 MainThread [INFO]  Completed executor task 1441
2023-06-30 14:29:04.930 worker_log:613 24656 MainThread [INFO]  All processing finished for executor task 1441
2023-06-30 14:29:17.688 worker_log:584 24656 MainThread [INFO]  Received executor task 1470
2023-06-30 14:29:59.640 worker_log:602 24656 MainThread [INFO]  Completed executor task 1470
2023-06-30 14:29:59.640 worker_log:613 24656 MainThread [INFO]  All processing finished for executor task 1470
2023-06-30 14:30:24.231 worker_log:584 24656 MainThread [INFO]  Received executor task 1479
2023-06-30 14:31:11.940 worker_log:602 24656 MainThread [INFO]  Completed executor task 1479
2023-06-30 14:31:11.941 worker_log:613 24656 MainThread [INFO]  All processing finished for executor task 1479
2023-06-30 14:32:02.147 worker_log:584 24656 MainThread [INFO]  Received executor task 1501
2023-06-30 14:33:08.973 worker_log:602 24656 MainThread [INFO]  Completed executor task 1501
2023-06-30 14:33:08.973 worker_log:613 24656 MainThread [INFO]  All processing finished for executor task 1501
2023-06-30 14:33:26.776 worker_log:584 24656 MainThread [INFO]  Received executor task 1518
2023-06-30 14:34:15.818 worker_log:602 24656 MainThread [INFO]  Completed executor task 1518
2023-06-30 14:34:15.819 worker_log:613 24656 MainThread [INFO]  All processing finished for executor task 1518
2023-06-30 14:34:43.156 worker_log:584 24656 MainThread [INFO]  Received executor task 1532
2023-06-30 14:34:55.572 worker_log:602 24656 MainThread [INFO]  Completed executor task 1532
2023-06-30 14:34:55.572 worker_log:613 24656 MainThread [INFO]  All processing finished for executor task 1532
2023-06-30 14:35:36.602 worker_log:584 24656 MainThread [INFO]  Received executor task 1537
2023-06-30 14:36:54.654 worker_log:602 24656 MainThread [INFO]  Completed executor task 1537
2023-06-30 14:36:54.655 worker_log:613 24656 MainThread [INFO]  All processing finished for executor task 1537
2023-06-30 14:37:00.997 worker_log:584 24656 MainThread [INFO]  Received executor task 1567
2023-06-30 14:37:30.450 worker_log:602 24656 MainThread [INFO]  Completed executor task 1567
2023-06-30 14:37:30.451 worker_log:613 24656 MainThread [INFO]  All processing finished for executor task 1567
2023-06-30 14:38:08.395 worker_log:584 24656 MainThread [INFO]  Received executor task 1571
2023-06-30 14:38:28.093 worker_log:602 24656 MainThread [INFO]  Completed executor task 1571
2023-06-30 14:38:28.093 worker_log:613 24656 MainThread [INFO]  All processing finished for executor task 1571
2023-06-30 14:39:05.108 worker_log:584 24656 MainThread [INFO]  Received executor task 1589
2023-06-30 14:39:45.363 worker_log:602 24656 MainThread [INFO]  Completed executor task 1589
2023-06-30 14:39:45.363 worker_log:613 24656 MainThread [INFO]  All processing finished for executor task 1589
2023-06-30 14:39:49.463 worker_log:584 24656 MainThread [INFO]  Received executor task 1615
2023-06-30 14:40:16.351 worker_log:602 24656 MainThread [INFO]  Completed executor task 1615
2023-06-30 14:40:16.352 worker_log:613 24656 MainThread [INFO]  All processing finished for executor task 1615
2023-06-30 14:41:30.917 worker_log:584 24656 MainThread [INFO]  Received executor task 1619
2023-06-30 14:41:56.695 worker_log:602 24656 MainThread [INFO]  Completed executor task 1619
2023-06-30 14:41:56.695 worker_log:613 24656 MainThread [INFO]  All processing finished for executor task 1619
2023-06-30 14:43:00.360 worker_log:584 24656 MainThread [INFO]  Received executor task 1637
2023-06-30 14:44:04.468 worker_log:602 24656 MainThread [INFO]  Completed executor task 1637
2023-06-30 14:44:04.468 worker_log:613 24656 MainThread [INFO]  All processing finished for executor task 1637
2023-06-30 14:44:05.801 worker_log:584 24656 MainThread [INFO]  Received executor task 1664
2023-06-30 14:44:37.131 worker_log:602 24656 MainThread [INFO]  Completed executor task 1664
2023-06-30 14:44:37.131 worker_log:613 24656 MainThread [INFO]  All processing finished for executor task 1664
2023-06-30 14:45:16.499 worker_log:584 24656 MainThread [INFO]  Received executor task 1673
2023-06-30 14:46:19.480 worker_log:602 24656 MainThread [INFO]  Completed executor task 1673
2023-06-30 14:46:19.481 worker_log:613 24656 MainThread [INFO]  All processing finished for executor task 1673
2023-06-30 14:46:34.005 worker_log:584 24656 MainThread [INFO]  Received executor task 1693
2023-06-30 14:47:05.288 worker_log:602 24656 MainThread [INFO]  Completed executor task 1693
2023-06-30 14:47:05.288 worker_log:613 24656 MainThread [INFO]  All processing finished for executor task 1693
2023-06-30 14:48:18.659 worker_log:584 24656 MainThread [INFO]  Received executor task 1704
2023-06-30 14:49:06.536 worker_log:602 24656 MainThread [INFO]  Completed executor task 1704
2023-06-30 14:49:06.537 worker_log:613 24656 MainThread [INFO]  All processing finished for executor task 1704
2023-06-30 14:49:21.773 worker_log:584 24656 MainThread [INFO]  Received executor task 1721
2023-06-30 14:50:00.879 worker_log:602 24656 MainThread [INFO]  Completed executor task 1721
2023-06-30 14:50:00.880 worker_log:613 24656 MainThread [INFO]  All processing finished for executor task 1721
2023-06-30 14:50:26.695 worker_log:584 24656 MainThread [INFO]  Received executor task 1736
2023-06-30 14:51:27.710 worker_log:602 24656 MainThread [INFO]  Completed executor task 1736
2023-06-30 14:51:27.711 worker_log:613 24656 MainThread [INFO]  All processing finished for executor task 1736
2023-06-30 14:51:57.962 worker_log:584 24656 MainThread [INFO]  Received executor task 1756
2023-06-30 14:52:56.255 worker_log:602 24656 MainThread [INFO]  Completed executor task 1756
2023-06-30 14:52:56.255 worker_log:613 24656 MainThread [INFO]  All processing finished for executor task 1756
2023-06-30 14:53:05.402 worker_log:584 24656 MainThread [INFO]  Received executor task 1775
2023-06-30 14:53:57.720 worker_log:602 24656 MainThread [INFO]  Completed executor task 1775
2023-06-30 14:53:57.721 worker_log:613 24656 MainThread [INFO]  All processing finished for executor task 1775
2023-06-30 14:54:21.442 worker_log:584 24656 MainThread [INFO]  Received executor task 1791
2023-06-30 14:54:40.168 worker_log:602 24656 MainThread [INFO]  Completed executor task 1791
2023-06-30 14:54:40.169 worker_log:613 24656 MainThread [INFO]  All processing finished for executor task 1791
2023-06-30 14:55:35.152 worker_log:584 24656 MainThread [INFO]  Received executor task 1793
2023-06-30 14:56:14.469 worker_log:602 24656 MainThread [INFO]  Completed executor task 1793
2023-06-30 14:56:14.469 worker_log:613 24656 MainThread [INFO]  All processing finished for executor task 1793
2023-06-30 14:56:50.703 worker_log:584 24656 MainThread [INFO]  Received executor task 1819
2023-06-30 14:57:32.703 worker_log:602 24656 MainThread [INFO]  Completed executor task 1819
2023-06-30 14:57:32.703 worker_log:613 24656 MainThread [INFO]  All processing finished for executor task 1819
2023-06-30 14:58:16.805 worker_log:584 24656 MainThread [INFO]  Received executor task 1831
2023-06-30 14:58:56.209 worker_log:602 24656 MainThread [INFO]  Completed executor task 1831
2023-06-30 14:58:56.209 worker_log:613 24656 MainThread [INFO]  All processing finished for executor task 1831
2023-06-30 14:59:26.204 worker_log:584 24656 MainThread [INFO]  Received executor task 1849
2023-06-30 15:00:30.707 worker_log:602 24656 MainThread [INFO]  Completed executor task 1849
2023-06-30 15:00:30.708 worker_log:613 24656 MainThread [INFO]  All processing finished for executor task 1849
2023-06-30 15:00:39.375 worker_log:584 24656 MainThread [INFO]  Received executor task 1870
2023-06-30 15:01:53.077 worker_log:602 24656 MainThread [INFO]  Completed executor task 1870
2023-06-30 15:01:53.078 worker_log:613 24656 MainThread [INFO]  All processing finished for executor task 1870
2023-06-30 15:01:54.251 worker_log:584 24656 MainThread [INFO]  Received executor task 1888
2023-06-30 15:03:01.494 worker_log:602 24656 MainThread [INFO]  Completed executor task 1888
2023-06-30 15:03:01.495 worker_log:613 24656 MainThread [INFO]  All processing finished for executor task 1888
2023-06-30 15:03:37.897 worker_log:584 24656 MainThread [INFO]  Received executor task 1902
2023-06-30 15:04:33.386 worker_log:602 24656 MainThread [INFO]  Completed executor task 1902
2023-06-30 15:04:33.386 worker_log:613 24656 MainThread [INFO]  All processing finished for executor task 1902
2023-06-30 15:05:14.414 worker_log:584 24656 MainThread [INFO]  Received executor task 1918
2023-06-30 15:05:28.053 worker_log:602 24656 MainThread [INFO]  Completed executor task 1918
2023-06-30 15:05:28.053 worker_log:613 24656 MainThread [INFO]  All processing finished for executor task 1918
2023-06-30 15:06:29.061 worker_log:584 24656 MainThread [INFO]  Received executor task 1921
2023-06-30 15:07:01.418 worker_log:602 24656 MainThread [INFO]  Completed executor task 1921
2023-06-30 15:07:01.418 worker_log:613 24656 MainThread [INFO]  All processing finished for executor task 1921
2023-06-30 15:07:50.677 worker_log:584 24656 MainThread [INFO]  Received executor task 1941
2023-06-30 15:08:39.255 worker_log:602 24656 MainThread [INFO]  Completed executor task 1941
2023-06-30 15:08:39.256 worker_log:613 24656 MainThread [INFO]  All processing finished for executor task 1941
2023-06-30 15:08:53.917 worker_log:584 24656 MainThread [INFO]  Received executor task 1963
2023-06-30 15:09:32.675 worker_log:602 24656 MainThread [INFO]  Completed executor task 1963
2023-06-30 15:09:32.676 worker_log:613 24656 MainThread [INFO]  All processing finished for executor task 1963
2023-06-30 15:10:23.953 worker_log:584 24656 MainThread [INFO]  Received executor task 1978
2023-06-30 15:10:49.871 worker_log:602 24656 MainThread [INFO]  Completed executor task 1978
2023-06-30 15:10:49.872 worker_log:613 24656 MainThread [INFO]  All processing finished for executor task 1978
2023-06-30 15:11:27.042 worker_log:584 24656 MainThread [INFO]  Received executor task 1987
2023-06-30 15:11:56.705 worker_log:602 24656 MainThread [INFO]  Completed executor task 1987
2023-06-30 15:11:56.705 worker_log:613 24656 MainThread [INFO]  All processing finished for executor task 1987
2023-06-30 15:12:44.361 worker_log:584 24656 MainThread [INFO]  Received executor task 2004
2023-06-30 15:13:14.605 worker_log:602 24656 MainThread [INFO]  Completed executor task 2004
2023-06-30 15:13:14.606 worker_log:613 24656 MainThread [INFO]  All processing finished for executor task 2004
2023-06-30 15:14:03.333 worker_log:584 24656 MainThread [INFO]  Received executor task 2019
2023-06-30 15:15:00.312 worker_log:602 24656 MainThread [INFO]  Completed executor task 2019
2023-06-30 15:15:00.313 worker_log:613 24656 MainThread [INFO]  All processing finished for executor task 2019
2023-06-30 15:15:22.859 worker_log:584 24656 MainThread [INFO]  Received executor task 2047
2023-06-30 15:15:56.971 worker_log:602 24656 MainThread [INFO]  Completed executor task 2047
2023-06-30 15:15:56.972 worker_log:613 24656 MainThread [INFO]  All processing finished for executor task 2047
2023-06-30 15:16:21.118 worker_log:584 24656 MainThread [INFO]  Received executor task 2060
2023-06-30 15:16:42.194 worker_log:602 24656 MainThread [INFO]  Completed executor task 2060
2023-06-30 15:16:42.195 worker_log:613 24656 MainThread [INFO]  All processing finished for executor task 2060
2023-06-30 15:17:34.399 worker_log:584 24656 MainThread [INFO]  Received executor task 2067
2023-06-30 15:18:27.507 worker_log:602 24656 MainThread [INFO]  Completed executor task 2067
2023-06-30 15:18:27.508 worker_log:613 24656 MainThread [INFO]  All processing finished for executor task 2067
2023-06-30 15:18:51.630 worker_log:584 24656 MainThread [INFO]  Received executor task 2091
2023-06-30 15:19:24.000 worker_log:602 24656 MainThread [INFO]  Completed executor task 2091
2023-06-30 15:19:24.000 worker_log:613 24656 MainThread [INFO]  All processing finished for executor task 2091
2023-06-30 15:20:07.428 worker_log:584 24656 MainThread [INFO]  Received executor task 2102
2023-06-30 15:20:42.590 worker_log:602 24656 MainThread [INFO]  Completed executor task 2102
2023-06-30 15:20:42.590 worker_log:613 24656 MainThread [INFO]  All processing finished for executor task 2102
2023-06-30 15:21:34.354 worker_log:584 24656 MainThread [INFO]  Received executor task 2119
2023-06-30 15:22:15.532 worker_log:602 24656 MainThread [INFO]  Completed executor task 2119
2023-06-30 15:22:15.533 worker_log:613 24656 MainThread [INFO]  All processing finished for executor task 2119
2023-06-30 15:22:37.860 worker_log:584 24656 MainThread [INFO]  Received executor task 2141
2023-06-30 15:23:31.769 worker_log:602 24656 MainThread [INFO]  Completed executor task 2141
2023-06-30 15:23:31.770 worker_log:613 24656 MainThread [INFO]  All processing finished for executor task 2141
2023-06-30 15:23:46.453 worker_log:584 24656 MainThread [INFO]  Received executor task 2158
2023-06-30 15:24:00.999 worker_log:602 24656 MainThread [INFO]  Completed executor task 2158
2023-06-30 15:24:01.001 worker_log:613 24656 MainThread [INFO]  All processing finished for executor task 2158
2023-06-30 15:25:12.534 worker_log:584 24656 MainThread [INFO]  Received executor task 2161
2023-06-30 15:26:55.710 worker_log:602 24656 MainThread [INFO]  Completed executor task 2161
2023-06-30 15:26:55.710 worker_log:613 24656 MainThread [INFO]  All processing finished for executor task 2161
2023-06-30 15:26:57.080 worker_log:584 24656 MainThread [INFO]  Received executor task 2192
2023-06-30 15:27:28.540 worker_log:602 24656 MainThread [INFO]  Completed executor task 2192
2023-06-30 15:27:28.541 worker_log:613 24656 MainThread [INFO]  All processing finished for executor task 2192
2023-06-30 15:28:32.954 worker_log:584 24656 MainThread [INFO]  Received executor task 2198
2023-06-30 15:29:19.225 worker_log:602 24656 MainThread [INFO]  Completed executor task 2198
2023-06-30 15:29:19.225 worker_log:613 24656 MainThread [INFO]  All processing finished for executor task 2198
2023-06-30 15:30:01.500 worker_log:584 24656 MainThread [INFO]  Received executor task 2219
2023-06-30 15:31:19.195 worker_log:602 24656 MainThread [INFO]  Completed executor task 2219
2023-06-30 15:31:19.196 worker_log:613 24656 MainThread [INFO]  All processing finished for executor task 2219
2023-06-30 15:31:31.652 worker_log:584 24656 MainThread [INFO]  Received executor task 2239
2023-06-30 15:32:28.746 worker_log:602 24656 MainThread [INFO]  Completed executor task 2239
2023-06-30 15:32:28.746 worker_log:613 24656 MainThread [INFO]  All processing finished for executor task 2239
2023-06-30 15:32:36.752 worker_log:584 24656 MainThread [INFO]  Received executor task 2253
2023-06-30 15:32:51.439 worker_log:602 24656 MainThread [INFO]  Completed executor task 2253
2023-06-30 15:32:51.440 worker_log:613 24656 MainThread [INFO]  All processing finished for executor task 2253
2023-06-30 15:33:32.878 worker_log:584 24656 MainThread [INFO]  Received executor task 2257
2023-06-30 15:34:41.037 worker_log:602 24656 MainThread [INFO]  Completed executor task 2257
2023-06-30 15:34:41.038 worker_log:613 24656 MainThread [INFO]  All processing finished for executor task 2257
2023-06-30 15:34:59.499 worker_log:584 24656 MainThread [INFO]  Received executor task 2286
2023-06-30 15:35:25.017 worker_log:602 24656 MainThread [INFO]  Completed executor task 2286
2023-06-30 15:35:25.018 worker_log:613 24656 MainThread [INFO]  All processing finished for executor task 2286
2023-06-30 15:37:25.512 worker_log:584 24656 MainThread [INFO]  Received executor task 2290
2023-06-30 15:38:22.571 worker_log:602 24656 MainThread [INFO]  Completed executor task 2290
2023-06-30 15:38:22.572 worker_log:613 24656 MainThread [INFO]  All processing finished for executor task 2290
2023-06-30 15:38:46.010 worker_log:584 24656 MainThread [INFO]  Received executor task 2316
2023-06-30 15:39:14.863 worker_log:602 24656 MainThread [INFO]  Completed executor task 2316
2023-06-30 15:39:14.864 worker_log:613 24656 MainThread [INFO]  All processing finished for executor task 2316
2023-06-30 15:39:57.199 worker_log:584 24656 MainThread [INFO]  Received executor task 2325
2023-06-30 15:40:51.236 worker_log:602 24656 MainThread [INFO]  Completed executor task 2325
2023-06-30 15:40:51.236 worker_log:613 24656 MainThread [INFO]  All processing finished for executor task 2325
2023-06-30 15:41:19.733 worker_log:584 24656 MainThread [INFO]  Received executor task 2349
2023-06-30 15:42:19.045 worker_log:602 24656 MainThread [INFO]  Completed executor task 2349
2023-06-30 15:42:19.045 worker_log:613 24656 MainThread [INFO]  All processing finished for executor task 2349
2023-06-30 15:42:30.486 worker_log:584 24656 MainThread [INFO]  Received executor task 2367
2023-06-30 15:42:50.355 worker_log:602 24656 MainThread [INFO]  Completed executor task 2367
2023-06-30 15:42:50.355 worker_log:613 24656 MainThread [INFO]  All processing finished for executor task 2367
2023-06-30 15:43:33.765 worker_log:584 24656 MainThread [INFO]  Received executor task 2371
2023-06-30 15:44:27.710 worker_log:602 24656 MainThread [INFO]  Completed executor task 2371
2023-06-30 15:44:27.710 worker_log:613 24656 MainThread [INFO]  All processing finished for executor task 2371
2023-06-30 15:45:09.249 worker_log:584 24656 MainThread [INFO]  Received executor task 2397
2023-06-30 15:46:08.970 worker_log:602 24656 MainThread [INFO]  Completed executor task 2397
2023-06-30 15:46:08.970 worker_log:613 24656 MainThread [INFO]  All processing finished for executor task 2397
2023-06-30 15:46:23.070 worker_log:584 24656 MainThread [INFO]  Received executor task 2415
2023-06-30 15:46:38.167 worker_log:602 24656 MainThread [INFO]  Completed executor task 2415
2023-06-30 15:46:38.168 worker_log:613 24656 MainThread [INFO]  All processing finished for executor task 2415
2023-06-30 15:47:35.792 worker_log:584 24656 MainThread [INFO]  Received executor task 2417
2023-06-30 15:48:30.077 worker_log:602 24656 MainThread [INFO]  Completed executor task 2417
2023-06-30 15:48:30.077 worker_log:613 24656 MainThread [INFO]  All processing finished for executor task 2417
2023-06-30 15:48:37.971 worker_log:584 24656 MainThread [INFO]  Received executor task 2444
2023-06-30 15:49:45.218 worker_log:602 24656 MainThread [INFO]  Completed executor task 2444
2023-06-30 15:49:45.219 worker_log:613 24656 MainThread [INFO]  All processing finished for executor task 2444
2023-06-30 15:50:02.738 worker_log:584 24656 MainThread [INFO]  Received executor task 2461
2023-06-30 15:50:45.471 worker_log:602 24656 MainThread [INFO]  Completed executor task 2461
2023-06-30 15:50:45.472 worker_log:613 24656 MainThread [INFO]  All processing finished for executor task 2461
2023-06-30 15:51:11.563 worker_log:584 24656 MainThread [INFO]  Received executor task 2474
2023-06-30 15:51:53.843 worker_log:602 24656 MainThread [INFO]  Completed executor task 2474
2023-06-30 15:51:53.844 worker_log:613 24656 MainThread [INFO]  All processing finished for executor task 2474
2023-06-30 15:52:26.933 worker_log:584 24656 MainThread [INFO]  Received executor task 2487
2023-06-30 15:53:03.402 worker_log:602 24656 MainThread [INFO]  Completed executor task 2487
2023-06-30 15:53:03.403 worker_log:613 24656 MainThread [INFO]  All processing finished for executor task 2487
2023-06-30 15:53:56.896 worker_log:584 24656 MainThread [INFO]  Received executor task 2502
2023-06-30 15:54:18.531 worker_log:602 24656 MainThread [INFO]  Completed executor task 2502
2023-06-30 15:54:18.532 worker_log:613 24656 MainThread [INFO]  All processing finished for executor task 2502
2023-06-30 15:55:45.552 worker_log:584 24656 MainThread [INFO]  Received executor task 2513
2023-06-30 15:56:37.289 worker_log:602 24656 MainThread [INFO]  Completed executor task 2513
2023-06-30 15:56:37.289 worker_log:613 24656 MainThread [INFO]  All processing finished for executor task 2513
2023-06-30 15:56:40.770 worker_log:584 24656 MainThread [INFO]  Received executor task 2543
2023-06-30 15:56:56.732 worker_log:602 24656 MainThread [INFO]  Completed executor task 2543
2023-06-30 15:56:56.733 worker_log:613 24656 MainThread [INFO]  All processing finished for executor task 2543
2023-06-30 15:58:07.645 worker_log:584 24656 MainThread [INFO]  Received executor task 2545
2023-06-30 15:59:09.486 worker_log:602 24656 MainThread [INFO]  Completed executor task 2545
2023-06-30 15:59:09.486 worker_log:613 24656 MainThread [INFO]  All processing finished for executor task 2545
2023-06-30 15:59:11.443 worker_log:584 24656 MainThread [INFO]  Received executor task 2575
2023-06-30 15:59:41.732 worker_log:602 24656 MainThread [INFO]  Completed executor task 2575
2023-06-30 15:59:41.733 worker_log:613 24656 MainThread [INFO]  All processing finished for executor task 2575
2023-06-30 16:00:00.048 worker_log:584 24656 MainThread [INFO]  Received executor task 2581
2023-06-30 16:00:18.796 worker_log:602 24656 MainThread [INFO]  Completed executor task 2581
2023-06-30 16:00:18.797 worker_log:613 24656 MainThread [INFO]  All processing finished for executor task 2581
2023-06-30 16:01:29.394 worker_log:584 24656 MainThread [INFO]  Received executor task 2594
2023-06-30 16:02:08.910 worker_log:602 24656 MainThread [INFO]  Completed executor task 2594
2023-06-30 16:02:08.911 worker_log:613 24656 MainThread [INFO]  All processing finished for executor task 2594
2023-06-30 16:02:26.635 worker_log:584 24656 MainThread [INFO]  Received executor task 2618
2023-06-30 16:02:59.590 worker_log:602 24656 MainThread [INFO]  Completed executor task 2618
2023-06-30 16:02:59.591 worker_log:613 24656 MainThread [INFO]  All processing finished for executor task 2618
2023-06-30 16:03:48.535 worker_log:584 24656 MainThread [INFO]  Received executor task 2626
2023-06-30 16:04:44.201 worker_log:602 24656 MainThread [INFO]  Completed executor task 2626
2023-06-30 16:04:44.202 worker_log:613 24656 MainThread [INFO]  All processing finished for executor task 2626
2023-06-30 16:05:37.713 worker_log:584 24656 MainThread [INFO]  Received executor task 2651
2023-06-30 16:06:29.048 worker_log:602 24656 MainThread [INFO]  Completed executor task 2651
2023-06-30 16:06:29.049 worker_log:613 24656 MainThread [INFO]  All processing finished for executor task 2651
2023-06-30 16:07:01.538 worker_log:584 24656 MainThread [INFO]  Received executor task 2668
2023-06-30 16:08:04.658 worker_log:602 24656 MainThread [INFO]  Completed executor task 2668
2023-06-30 16:08:04.659 worker_log:613 24656 MainThread [INFO]  All processing finished for executor task 2668
2023-06-30 16:08:06.287 worker_log:584 24656 MainThread [INFO]  Received executor task 2688
2023-06-30 16:08:25.043 worker_log:602 24656 MainThread [INFO]  Completed executor task 2688
2023-06-30 16:08:25.044 worker_log:613 24656 MainThread [INFO]  All processing finished for executor task 2688
2023-06-30 16:09:19.669 worker_log:584 24656 MainThread [INFO]  Received executor task 2694
2023-06-30 16:10:18.271 worker_log:602 24656 MainThread [INFO]  Completed executor task 2694
2023-06-30 16:10:18.272 worker_log:613 24656 MainThread [INFO]  All processing finished for executor task 2694
2023-06-30 16:10:36.070 worker_log:584 24656 MainThread [INFO]  Received executor task 2718
2023-06-30 16:11:13.935 worker_log:602 24656 MainThread [INFO]  Completed executor task 2718
2023-06-30 16:11:13.936 worker_log:613 24656 MainThread [INFO]  All processing finished for executor task 2718
2023-06-30 16:11:51.347 worker_log:584 24656 MainThread [INFO]  Received executor task 2729
2023-06-30 16:12:25.837 worker_log:602 24656 MainThread [INFO]  Completed executor task 2729
2023-06-30 16:12:25.838 worker_log:613 24656 MainThread [INFO]  All processing finished for executor task 2729
2023-06-30 16:13:25.052 worker_log:584 24656 MainThread [INFO]  Received executor task 2743
2023-06-30 16:13:47.894 worker_log:602 24656 MainThread [INFO]  Completed executor task 2743
2023-06-30 16:13:47.895 worker_log:613 24656 MainThread [INFO]  All processing finished for executor task 2743
2023-06-30 16:14:25.601 worker_log:584 24656 MainThread [INFO]  Received executor task 2755
2023-06-30 16:14:46.612 worker_log:602 24656 MainThread [INFO]  Completed executor task 2755
2023-06-30 16:14:46.612 worker_log:613 24656 MainThread [INFO]  All processing finished for executor task 2755
2023-06-30 16:15:48.618 worker_log:584 24656 MainThread [INFO]  Received executor task 2771
2023-06-30 16:16:37.055 worker_log:602 24656 MainThread [INFO]  Completed executor task 2771
2023-06-30 16:16:37.055 worker_log:613 24656 MainThread [INFO]  All processing finished for executor task 2771
2023-06-30 16:17:17.312 worker_log:584 24656 MainThread [INFO]  Received executor task 2795
2023-06-30 16:18:00.058 worker_log:602 24656 MainThread [INFO]  Completed executor task 2795
2023-06-30 16:18:00.058 worker_log:613 24656 MainThread [INFO]  All processing finished for executor task 2795
2023-06-30 16:18:15.933 worker_log:584 24656 MainThread [INFO]  Received executor task 2812
2023-06-30 16:18:53.303 worker_log:602 24656 MainThread [INFO]  Completed executor task 2812
2023-06-30 16:18:53.303 worker_log:613 24656 MainThread [INFO]  All processing finished for executor task 2812
2023-06-30 16:19:42.467 worker_log:584 24656 MainThread [INFO]  Received executor task 2825
2023-06-30 16:19:59.250 worker_log:602 24656 MainThread [INFO]  Completed executor task 2825
2023-06-30 16:19:59.251 worker_log:613 24656 MainThread [INFO]  All processing finished for executor task 2825
2023-06-30 16:20:49.267 worker_log:584 24656 MainThread [INFO]  Received executor task 2833
2023-06-30 16:21:16.497 worker_log:602 24656 MainThread [INFO]  Completed executor task 2833
2023-06-30 16:21:16.498 worker_log:613 24656 MainThread [INFO]  All processing finished for executor task 2833
2023-06-30 16:21:59.659 worker_log:584 24656 MainThread [INFO]  Received executor task 2852
2023-06-30 16:22:28.349 worker_log:602 24656 MainThread [INFO]  Completed executor task 2852
2023-06-30 16:22:28.350 worker_log:613 24656 MainThread [INFO]  All processing finished for executor task 2852
2023-06-30 16:23:16.321 worker_log:584 24656 MainThread [INFO]  Received executor task 2870
2023-06-30 16:24:05.484 worker_log:602 24656 MainThread [INFO]  Completed executor task 2870
2023-06-30 16:24:05.485 worker_log:613 24656 MainThread [INFO]  All processing finished for executor task 2870
2023-06-30 16:24:28.988 worker_log:584 24656 MainThread [INFO]  Received executor task 2893
2023-06-30 16:24:49.428 worker_log:602 24656 MainThread [INFO]  Completed executor task 2893
2023-06-30 16:24:49.429 worker_log:613 24656 MainThread [INFO]  All processing finished for executor task 2893
2023-06-30 16:25:58.088 worker_log:584 24656 MainThread [INFO]  Received executor task 2898
2023-06-30 16:26:19.211 worker_log:602 24656 MainThread [INFO]  Completed executor task 2898
2023-06-30 16:26:19.212 worker_log:613 24656 MainThread [INFO]  All processing finished for executor task 2898
2023-06-30 16:27:12.766 worker_log:584 24656 MainThread [INFO]  Received executor task 2915
2023-06-30 16:28:10.351 worker_log:602 24656 MainThread [INFO]  Completed executor task 2915
2023-06-30 16:28:10.351 worker_log:613 24656 MainThread [INFO]  All processing finished for executor task 2915
2023-06-30 16:28:24.575 worker_log:584 24656 MainThread [INFO]  Received executor task 2941
2023-06-30 16:28:54.652 worker_log:602 24656 MainThread [INFO]  Completed executor task 2941
2023-06-30 16:28:54.653 worker_log:613 24656 MainThread [INFO]  All processing finished for executor task 2941
2023-06-30 16:30:13.501 worker_log:584 24656 MainThread [INFO]  Received executor task 2952
2023-06-30 16:30:51.319 worker_log:602 24656 MainThread [INFO]  Completed executor task 2952
2023-06-30 16:30:51.320 worker_log:613 24656 MainThread [INFO]  All processing finished for executor task 2952
2023-06-30 16:31:20.164 worker_log:584 24656 MainThread [INFO]  Received executor task 2970
2023-06-30 16:32:08.919 worker_log:602 24656 MainThread [INFO]  Completed executor task 2970
2023-06-30 16:32:08.920 worker_log:613 24656 MainThread [INFO]  All processing finished for executor task 2970
2023-06-30 16:32:31.797 worker_log:584 24656 MainThread [INFO]  Received executor task 2987
2023-06-30 16:32:56.104 worker_log:602 24656 MainThread [INFO]  Completed executor task 2987
2023-06-30 16:32:56.104 worker_log:613 24656 MainThread [INFO]  All processing finished for executor task 2987
2023-06-30 16:33:57.721 worker_log:584 24656 MainThread [INFO]  Received executor task 2997
2023-06-30 16:35:03.661 worker_log:602 24656 MainThread [INFO]  Completed executor task 2997
2023-06-30 16:35:03.662 worker_log:613 24656 MainThread [INFO]  All processing finished for executor task 2997
2023-06-30 16:35:12.327 worker_log:584 24656 MainThread [INFO]  Received executor task 3022
2023-06-30 16:35:40.945 worker_log:602 24656 MainThread [INFO]  Completed executor task 3022
2023-06-30 16:35:40.946 worker_log:613 24656 MainThread [INFO]  All processing finished for executor task 3022
2023-06-30 16:37:00.279 worker_log:584 24656 MainThread [INFO]  Received executor task 3027
2023-06-30 16:37:57.829 worker_log:602 24656 MainThread [INFO]  Completed executor task 3027
2023-06-30 16:37:57.830 worker_log:613 24656 MainThread [INFO]  All processing finished for executor task 3027
2023-06-30 16:38:12.114 worker_log:584 24656 MainThread [INFO]  Received executor task 3054
2023-06-30 16:39:13.376 worker_log:602 24656 MainThread [INFO]  Completed executor task 3054
2023-06-30 16:39:13.377 worker_log:613 24656 MainThread [INFO]  All processing finished for executor task 3054
2023-06-30 16:39:32.043 worker_log:584 24656 MainThread [INFO]  Received executor task 3068
2023-06-30 16:39:50.683 worker_log:602 24656 MainThread [INFO]  Completed executor task 3068
2023-06-30 16:39:50.684 worker_log:613 24656 MainThread [INFO]  All processing finished for executor task 3068
2023-06-30 16:40:44.867 worker_log:584 24656 MainThread [INFO]  Received executor task 3074
2023-06-30 16:41:20.855 worker_log:602 24656 MainThread [INFO]  Completed executor task 3074
2023-06-30 16:41:20.856 worker_log:613 24656 MainThread [INFO]  All processing finished for executor task 3074
2023-06-30 16:41:44.137 worker_log:584 24656 MainThread [INFO]  Received executor task 3097
2023-06-30 16:42:05.338 worker_log:602 24656 MainThread [INFO]  Completed executor task 3097
2023-06-30 16:42:05.339 worker_log:613 24656 MainThread [INFO]  All processing finished for executor task 3097
2023-06-30 16:42:44.412 worker_log:584 24656 MainThread [INFO]  Received executor task 3106
2023-06-30 16:43:11.626 worker_log:602 24656 MainThread [INFO]  Completed executor task 3106
2023-06-30 16:43:11.626 worker_log:613 24656 MainThread [INFO]  All processing finished for executor task 3106
2023-06-30 16:43:43.929 worker_log:584 24656 MainThread [INFO]  Received executor task 3125
2023-06-30 16:44:12.399 worker_log:602 24656 MainThread [INFO]  Completed executor task 3125
2023-06-30 16:44:12.399 worker_log:613 24656 MainThread [INFO]  All processing finished for executor task 3125
2023-06-30 16:44:49.903 worker_log:584 24656 MainThread [INFO]  Received executor task 3141
2023-06-30 16:45:27.127 worker_log:602 24656 MainThread [INFO]  Completed executor task 3141
2023-06-30 16:45:27.127 worker_log:613 24656 MainThread [INFO]  All processing finished for executor task 3141
2023-06-30 16:46:11.891 worker_log:584 24656 MainThread [INFO]  Received executor task 3160
2023-06-30 16:46:45.874 worker_log:602 24656 MainThread [INFO]  Completed executor task 3160
2023-06-30 16:46:45.874 worker_log:613 24656 MainThread [INFO]  All processing finished for executor task 3160
2023-06-30 16:47:16.516 worker_log:584 24656 MainThread [INFO]  Received executor task 3175
2023-06-30 16:49:34.430 worker_log:602 24656 MainThread [INFO]  Completed executor task 3175
2023-06-30 16:49:34.431 worker_log:613 24656 MainThread [INFO]  All processing finished for executor task 3175
2023-06-30 16:49:35.421 worker_log:584 24656 MainThread [INFO]  Received executor task 3200
2023-06-30 16:50:20.722 worker_log:602 24656 MainThread [INFO]  Completed executor task 3200
2023-06-30 16:50:20.722 worker_log:613 24656 MainThread [INFO]  All processing finished for executor task 3200
2023-06-30 16:50:54.975 worker_log:584 24656 MainThread [INFO]  Received executor task 3211
2023-06-30 16:51:38.847 worker_log:602 24656 MainThread [INFO]  Completed executor task 3211
2023-06-30 16:51:38.848 worker_log:613 24656 MainThread [INFO]  All processing finished for executor task 3211
2023-06-30 16:52:07.196 worker_log:584 24656 MainThread [INFO]  Received executor task 3225
2023-06-30 16:53:26.771 worker_log:602 24656 MainThread [INFO]  Completed executor task 3225
2023-06-30 16:53:26.771 worker_log:613 24656 MainThread [INFO]  All processing finished for executor task 3225
2023-06-30 16:53:48.291 worker_log:584 24656 MainThread [INFO]  Received executor task 3247
2023-06-30 16:54:25.512 worker_log:602 24656 MainThread [INFO]  Completed executor task 3247
2023-06-30 16:54:25.512 worker_log:613 24656 MainThread [INFO]  All processing finished for executor task 3247
2023-06-30 16:54:56.350 worker_log:584 24656 MainThread [INFO]  Received executor task 3258
2023-06-30 16:55:36.345 worker_log:602 24656 MainThread [INFO]  Completed executor task 3258
2023-06-30 16:55:36.345 worker_log:613 24656 MainThread [INFO]  All processing finished for executor task 3258
2023-06-30 16:56:35.284 worker_log:584 24656 MainThread [INFO]  Received executor task 3273
2023-06-30 16:57:16.732 worker_log:602 24656 MainThread [INFO]  Completed executor task 3273
2023-06-30 16:57:16.732 worker_log:613 24656 MainThread [INFO]  All processing finished for executor task 3273
2023-06-30 16:57:49.360 worker_log:584 24656 MainThread [INFO]  Received executor task 3289
2023-06-30 16:58:16.883 worker_log:602 24656 MainThread [INFO]  Completed executor task 3289
2023-06-30 16:58:16.884 worker_log:613 24656 MainThread [INFO]  All processing finished for executor task 3289
2023-06-30 17:00:16.374 worker_log:584 24656 MainThread [INFO]  Received executor task 3299
2023-06-30 17:01:03.866 worker_log:602 24656 MainThread [INFO]  Completed executor task 3299
2023-06-30 17:01:03.866 worker_log:613 24656 MainThread [INFO]  All processing finished for executor task 3299
2023-06-30 17:01:33.822 worker_log:584 24656 MainThread [INFO]  Received executor task 3325
2023-06-30 17:02:37.752 worker_log:602 24656 MainThread [INFO]  Completed executor task 3325
2023-06-30 17:02:37.752 worker_log:613 24656 MainThread [INFO]  All processing finished for executor task 3325
2023-06-30 17:02:39.059 worker_log:584 24656 MainThread [INFO]  Received executor task 3344
2023-06-30 17:03:22.731 worker_log:602 24656 MainThread [INFO]  Completed executor task 3344
2023-06-30 17:03:22.732 worker_log:613 24656 MainThread [INFO]  All processing finished for executor task 3344
2023-06-30 17:04:13.847 worker_log:584 24656 MainThread [INFO]  Received executor task 3350
2023-06-30 17:04:53.716 worker_log:602 24656 MainThread [INFO]  Completed executor task 3350
2023-06-30 17:04:53.717 worker_log:613 24656 MainThread [INFO]  All processing finished for executor task 3350
2023-06-30 17:06:00.436 worker_log:584 24656 MainThread [INFO]  Received executor task 3370
2023-06-30 17:06:29.333 worker_log:602 24656 MainThread [INFO]  Completed executor task 3370
2023-06-30 17:06:29.333 worker_log:613 24656 MainThread [INFO]  All processing finished for executor task 3370
2023-06-30 17:07:06.766 worker_log:584 24656 MainThread [INFO]  Received executor task 3378
2023-06-30 17:07:46.688 worker_log:602 24656 MainThread [INFO]  Completed executor task 3378
2023-06-30 17:07:46.688 worker_log:613 24656 MainThread [INFO]  All processing finished for executor task 3378
2023-06-30 17:08:35.091 worker_log:584 24656 MainThread [INFO]  Received executor task 3400
2023-06-30 17:09:34.988 worker_log:602 24656 MainThread [INFO]  Completed executor task 3400
2023-06-30 17:09:34.989 worker_log:613 24656 MainThread [INFO]  All processing finished for executor task 3400
2023-06-30 17:10:15.125 worker_log:584 24656 MainThread [INFO]  Received executor task 3422
2023-06-30 17:11:14.769 worker_log:602 24656 MainThread [INFO]  Completed executor task 3422
2023-06-30 17:11:14.770 worker_log:613 24656 MainThread [INFO]  All processing finished for executor task 3422
2023-06-30 17:11:52.892 worker_log:584 24656 MainThread [INFO]  Received executor task 3439
2023-06-30 17:12:16.532 worker_log:602 24656 MainThread [INFO]  Completed executor task 3439
2023-06-30 17:12:16.532 worker_log:613 24656 MainThread [INFO]  All processing finished for executor task 3439
2023-06-30 17:13:01.314 worker_log:584 24656 MainThread [INFO]  Received executor task 3443
2023-06-30 17:13:25.818 worker_log:602 24656 MainThread [INFO]  Completed executor task 3443
2023-06-30 17:13:25.818 worker_log:613 24656 MainThread [INFO]  All processing finished for executor task 3443
2023-06-30 17:14:14.299 worker_log:584 24656 MainThread [INFO]  Received executor task 3458
2023-06-30 17:14:54.834 worker_log:602 24656 MainThread [INFO]  Completed executor task 3458
2023-06-30 17:14:54.835 worker_log:613 24656 MainThread [INFO]  All processing finished for executor task 3458
2023-06-30 17:15:48.275 worker_log:584 24656 MainThread [INFO]  Received executor task 3480
2023-06-30 17:16:12.158 worker_log:602 24656 MainThread [INFO]  Completed executor task 3480
2023-06-30 17:16:12.159 worker_log:613 24656 MainThread [INFO]  All processing finished for executor task 3480
2023-06-30 17:17:10.466 worker_log:584 24656 MainThread [INFO]  Received executor task 3493
2023-06-30 17:18:13.224 worker_log:602 24656 MainThread [INFO]  Completed executor task 3493
2023-06-30 17:18:13.225 worker_log:613 24656 MainThread [INFO]  All processing finished for executor task 3493
2023-06-30 17:18:34.697 worker_log:584 24656 MainThread [INFO]  Received executor task 3517
2023-06-30 17:18:49.523 worker_log:602 24656 MainThread [INFO]  Completed executor task 3517
2023-06-30 17:18:49.524 worker_log:613 24656 MainThread [INFO]  All processing finished for executor task 3517
2023-06-30 17:20:18.034 worker_log:584 24656 MainThread [INFO]  Received executor task 3521
2023-06-30 17:21:15.551 worker_log:602 24656 MainThread [INFO]  Completed executor task 3521
2023-06-30 17:21:15.552 worker_log:613 24656 MainThread [INFO]  All processing finished for executor task 3521
2023-06-30 17:21:16.854 worker_log:584 24656 MainThread [INFO]  Received executor task 3552
2023-06-30 17:22:10.653 worker_log:602 24656 MainThread [INFO]  Completed executor task 3552
2023-06-30 17:22:10.653 worker_log:613 24656 MainThread [INFO]  All processing finished for executor task 3552
2023-06-30 17:22:31.762 worker_log:584 24656 MainThread [INFO]  Received executor task 3564
2023-06-30 17:23:14.281 worker_log:602 24656 MainThread [INFO]  Completed executor task 3564
2023-06-30 17:23:14.282 worker_log:613 24656 MainThread [INFO]  All processing finished for executor task 3564
2023-06-30 17:24:06.740 worker_log:584 24656 MainThread [INFO]  Received executor task 3579
2023-06-30 17:25:21.374 worker_log:602 24656 MainThread [INFO]  Completed executor task 3579
2023-06-30 17:25:21.374 worker_log:613 24656 MainThread [INFO]  All processing finished for executor task 3579
2023-06-30 17:25:22.358 worker_log:584 24656 MainThread [INFO]  Received executor task 3600
2023-06-30 17:25:42.346 worker_log:602 24656 MainThread [INFO]  Completed executor task 3600
2023-06-30 17:25:42.347 worker_log:613 24656 MainThread [INFO]  All processing finished for executor task 3600
2023-06-30 17:26:40.882 worker_log:584 24656 MainThread [INFO]  Received executor task 3602
2023-06-30 17:27:02.322 worker_log:602 24656 MainThread [INFO]  Completed executor task 3602
2023-06-30 17:27:02.323 worker_log:613 24656 MainThread [INFO]  All processing finished for executor task 3602
2023-06-30 17:28:06.660 worker_log:584 24656 MainThread [INFO]  Received executor task 3617
2023-06-30 17:28:45.902 worker_log:602 24656 MainThread [INFO]  Completed executor task 3617
2023-06-30 17:28:45.902 worker_log:613 24656 MainThread [INFO]  All processing finished for executor task 3617
2023-06-30 17:29:21.869 worker_log:584 24656 MainThread [INFO]  Received executor task 3642
2023-06-30 17:30:02.520 worker_log:602 24656 MainThread [INFO]  Completed executor task 3642
2023-06-30 17:30:02.520 worker_log:613 24656 MainThread [INFO]  All processing finished for executor task 3642
2023-06-30 17:31:08.604 worker_log:584 24656 MainThread [INFO]  Received executor task 3656
2023-06-30 17:31:29.471 worker_log:602 24656 MainThread [INFO]  Completed executor task 3656
2023-06-30 17:31:29.471 worker_log:613 24656 MainThread [INFO]  All processing finished for executor task 3656
2023-06-30 17:32:24.664 worker_log:584 24656 MainThread [INFO]  Received executor task 3665
2023-06-30 17:32:57.681 worker_log:602 24656 MainThread [INFO]  Completed executor task 3665
2023-06-30 17:32:57.681 worker_log:613 24656 MainThread [INFO]  All processing finished for executor task 3665
2023-06-30 17:33:47.415 worker_log:584 24656 MainThread [INFO]  Received executor task 3684
2023-06-30 17:34:17.810 worker_log:602 24656 MainThread [INFO]  Completed executor task 3684
2023-06-30 17:34:17.810 worker_log:613 24656 MainThread [INFO]  All processing finished for executor task 3684
2023-06-30 17:34:56.900 worker_log:584 24656 MainThread [INFO]  Received executor task 3703
2023-06-30 17:35:35.729 worker_log:602 24656 MainThread [INFO]  Completed executor task 3703
2023-06-30 17:35:35.730 worker_log:613 24656 MainThread [INFO]  All processing finished for executor task 3703
2023-06-30 17:36:13.176 worker_log:584 24656 MainThread [INFO]  Received executor task 3722
2023-06-30 17:37:07.501 worker_log:602 24656 MainThread [INFO]  Completed executor task 3722
2023-06-30 17:37:07.501 worker_log:613 24656 MainThread [INFO]  All processing finished for executor task 3722
2023-06-30 17:37:28.656 worker_log:584 24656 MainThread [INFO]  Received executor task 3741
2023-06-30 17:37:40.455 worker_log:602 24656 MainThread [INFO]  Completed executor task 3741
2023-06-30 17:37:40.456 worker_log:613 24656 MainThread [INFO]  All processing finished for executor task 3741
2023-06-30 17:38:30.684 worker_log:584 24656 MainThread [INFO]  Received executor task 3745
2023-06-30 17:39:00.788 worker_log:602 24656 MainThread [INFO]  Completed executor task 3745
2023-06-30 17:39:00.788 worker_log:613 24656 MainThread [INFO]  All processing finished for executor task 3745
2023-06-30 17:39:49.660 worker_log:584 24656 MainThread [INFO]  Received executor task 3764
2023-06-30 17:40:17.703 worker_log:602 24656 MainThread [INFO]  Completed executor task 3764
2023-06-30 17:40:17.703 worker_log:613 24656 MainThread [INFO]  All processing finished for executor task 3764
2023-06-30 17:41:40.052 worker_log:584 24656 MainThread [INFO]  Received executor task 3778
2023-06-30 17:42:05.821 worker_log:602 24656 MainThread [INFO]  Completed executor task 3778
2023-06-30 17:42:05.821 worker_log:613 24656 MainThread [INFO]  All processing finished for executor task 3778
2023-06-30 17:43:00.643 worker_log:584 24656 MainThread [INFO]  Received executor task 3794
2023-06-30 17:43:34.987 worker_log:602 24656 MainThread [INFO]  Completed executor task 3794
2023-06-30 17:43:34.987 worker_log:613 24656 MainThread [INFO]  All processing finished for executor task 3794
2023-06-30 17:44:52.019 worker_log:584 24656 MainThread [INFO]  Received executor task 3816
2023-06-30 17:45:33.405 worker_log:602 24656 MainThread [INFO]  Completed executor task 3816
2023-06-30 17:45:33.406 worker_log:613 24656 MainThread [INFO]  All processing finished for executor task 3816
2023-06-30 17:45:58.507 worker_log:584 24656 MainThread [INFO]  Received executor task 3830
2023-06-30 17:46:35.144 worker_log:602 24656 MainThread [INFO]  Completed executor task 3830
2023-06-30 17:46:35.144 worker_log:613 24656 MainThread [INFO]  All processing finished for executor task 3830
2023-06-30 17:47:22.301 worker_log:584 24656 MainThread [INFO]  Received executor task 3844
2023-06-30 17:47:51.483 worker_log:602 24656 MainThread [INFO]  Completed executor task 3844
2023-06-30 17:47:51.483 worker_log:613 24656 MainThread [INFO]  All processing finished for executor task 3844
2023-06-30 17:48:40.917 worker_log:584 24656 MainThread [INFO]  Received executor task 3861
2023-06-30 17:49:27.193 worker_log:602 24656 MainThread [INFO]  Completed executor task 3861
2023-06-30 17:49:27.194 worker_log:613 24656 MainThread [INFO]  All processing finished for executor task 3861
2023-06-30 17:50:02.244 worker_log:584 24656 MainThread [INFO]  Received executor task 3879
2023-06-30 17:50:59.506 worker_log:602 24656 MainThread [INFO]  Completed executor task 3879
2023-06-30 17:50:59.507 worker_log:613 24656 MainThread [INFO]  All processing finished for executor task 3879
2023-06-30 17:51:01.779 worker_log:584 24656 MainThread [INFO]  Received executor task 3903
2023-06-30 17:51:48.755 worker_log:602 24656 MainThread [INFO]  Completed executor task 3903
2023-06-30 17:51:48.756 worker_log:613 24656 MainThread [INFO]  All processing finished for executor task 3903
2023-06-30 17:52:40.394 worker_log:584 24656 MainThread [INFO]  Received executor task 3917
2023-06-30 17:53:00.693 worker_log:602 24656 MainThread [INFO]  Completed executor task 3917
2023-06-30 17:53:00.693 worker_log:613 24656 MainThread [INFO]  All processing finished for executor task 3917
2023-06-30 17:53:36.833 worker_log:584 24656 MainThread [INFO]  Received executor task 3922
2023-06-30 17:54:22.424 worker_log:602 24656 MainThread [INFO]  Completed executor task 3922
2023-06-30 17:54:22.425 worker_log:613 24656 MainThread [INFO]  All processing finished for executor task 3922
2023-06-30 17:54:49.301 worker_log:584 24656 MainThread [INFO]  Received executor task 3946
2023-06-30 17:55:17.173 worker_log:602 24656 MainThread [INFO]  Completed executor task 3946
2023-06-30 17:55:17.173 worker_log:613 24656 MainThread [INFO]  All processing finished for executor task 3946
2023-06-30 17:56:02.531 worker_log:584 24656 MainThread [INFO]  Received executor task 3955
2023-06-30 17:56:25.666 worker_log:602 24656 MainThread [INFO]  Completed executor task 3955
2023-06-30 17:56:25.666 worker_log:613 24656 MainThread [INFO]  All processing finished for executor task 3955
2023-06-30 17:57:37.411 worker_log:584 24656 MainThread [INFO]  Received executor task 3971
2023-06-30 17:58:09.710 worker_log:602 24656 MainThread [INFO]  Completed executor task 3971
2023-06-30 17:58:09.711 worker_log:613 24656 MainThread [INFO]  All processing finished for executor task 3971
2023-06-30 17:58:47.550 worker_log:584 24656 MainThread [INFO]  Received executor task 3990
2023-06-30 17:59:14.468 worker_log:602 24656 MainThread [INFO]  Completed executor task 3990
2023-06-30 17:59:14.468 worker_log:613 24656 MainThread [INFO]  All processing finished for executor task 3990
2023-06-30 17:59:52.456 worker_log:584 24656 MainThread [INFO]  Received executor task 4004
2023-06-30 18:00:23.865 worker_log:602 24656 MainThread [INFO]  Completed executor task 4004
2023-06-30 18:00:23.866 worker_log:613 24656 MainThread [INFO]  All processing finished for executor task 4004
2023-06-30 18:01:23.347 worker_log:584 24656 MainThread [INFO]  Received executor task 4022
2023-06-30 18:01:59.502 worker_log:602 24656 MainThread [INFO]  Completed executor task 4022
2023-06-30 18:01:59.502 worker_log:613 24656 MainThread [INFO]  All processing finished for executor task 4022
2023-06-30 18:02:42.374 worker_log:584 24656 MainThread [INFO]  Received executor task 4039
2023-06-30 18:03:38.007 worker_log:602 24656 MainThread [INFO]  Completed executor task 4039
2023-06-30 18:03:38.007 worker_log:613 24656 MainThread [INFO]  All processing finished for executor task 4039
2023-06-30 18:03:52.228 worker_log:584 24656 MainThread [INFO]  Received executor task 4063
2023-06-30 18:04:00.610 worker_log:602 24656 MainThread [INFO]  Completed executor task 4063
2023-06-30 18:04:00.611 worker_log:613 24656 MainThread [INFO]  All processing finished for executor task 4063
2023-06-30 18:05:01.925 worker_log:584 24656 MainThread [INFO]  Received executor task 4065
2023-06-30 18:05:53.823 worker_log:602 24656 MainThread [INFO]  Completed executor task 4065
2023-06-30 18:05:53.824 worker_log:613 24656 MainThread [INFO]  All processing finished for executor task 4065
2023-06-30 18:06:06.548 worker_log:584 24656 MainThread [INFO]  Received executor task 4094
2023-06-30 18:06:29.471 worker_log:602 24656 MainThread [INFO]  Completed executor task 4094
2023-06-30 18:06:29.471 worker_log:613 24656 MainThread [INFO]  All processing finished for executor task 4094
2023-06-30 18:07:23.926 worker_log:584 24656 MainThread [INFO]  Received executor task 4100
2023-06-30 18:08:18.529 worker_log:602 24656 MainThread [INFO]  Completed executor task 4100
2023-06-30 18:08:18.530 worker_log:613 24656 MainThread [INFO]  All processing finished for executor task 4100
2023-06-30 18:08:19.645 worker_log:584 24656 MainThread [INFO]  Received executor task 4128
2023-06-30 18:09:43.610 worker_log:602 24656 MainThread [INFO]  Completed executor task 4128
2023-06-30 18:09:43.610 worker_log:613 24656 MainThread [INFO]  All processing finished for executor task 4128
2023-06-30 18:09:44.743 worker_log:584 24656 MainThread [INFO]  Received executor task 4144
2023-06-30 18:10:12.619 worker_log:602 24656 MainThread [INFO]  Completed executor task 4144
2023-06-30 18:10:12.620 worker_log:613 24656 MainThread [INFO]  All processing finished for executor task 4144
2023-06-30 18:10:58.975 worker_log:584 24656 MainThread [INFO]  Received executor task 4148
2023-06-30 18:12:14.763 worker_log:602 24656 MainThread [INFO]  Completed executor task 4148
2023-06-30 18:12:14.763 worker_log:613 24656 MainThread [INFO]  All processing finished for executor task 4148
2023-06-30 18:12:16.200 worker_log:584 24656 MainThread [INFO]  Received executor task 4176
2023-06-30 18:13:18.901 worker_log:602 24656 MainThread [INFO]  Completed executor task 4176
2023-06-30 18:13:18.901 worker_log:613 24656 MainThread [INFO]  All processing finished for executor task 4176
2023-06-30 18:13:56.731 worker_log:584 24656 MainThread [INFO]  Received executor task 4191
2023-06-30 18:14:39.107 worker_log:602 24656 MainThread [INFO]  Completed executor task 4191
2023-06-30 18:14:39.108 worker_log:613 24656 MainThread [INFO]  All processing finished for executor task 4191
2023-06-30 18:15:03.457 worker_log:584 24656 MainThread [INFO]  Received executor task 4204
2023-06-30 18:16:02.047 worker_log:602 24656 MainThread [INFO]  Completed executor task 4204
2023-06-30 18:16:02.048 worker_log:613 24656 MainThread [INFO]  All processing finished for executor task 4204
2023-06-30 18:16:34.850 worker_log:584 24656 MainThread [INFO]  Received executor task 4223
2023-06-30 18:17:15.801 worker_log:602 24656 MainThread [INFO]  Completed executor task 4223
2023-06-30 18:17:15.801 worker_log:613 24656 MainThread [INFO]  All processing finished for executor task 4223
2023-06-30 18:17:45.933 worker_log:584 24656 MainThread [INFO]  Received executor task 4234
2023-06-30 18:18:16.809 worker_log:602 24656 MainThread [INFO]  Completed executor task 4234
2023-06-30 18:18:16.810 worker_log:613 24656 MainThread [INFO]  All processing finished for executor task 4234
2023-06-30 18:19:03.594 worker_log:584 24656 MainThread [INFO]  Received executor task 4243
2023-06-30 18:19:31.921 worker_log:602 24656 MainThread [INFO]  Completed executor task 4243
2023-06-30 18:19:31.921 worker_log:613 24656 MainThread [INFO]  All processing finished for executor task 4243
2023-06-30 18:19:57.108 worker_log:584 24656 MainThread [INFO]  Received executor task 4262
2023-06-30 18:20:36.868 worker_log:602 24656 MainThread [INFO]  Completed executor task 4262
2023-06-30 18:20:36.869 worker_log:613 24656 MainThread [INFO]  All processing finished for executor task 4262
2023-06-30 18:21:27.217 worker_log:584 24656 MainThread [INFO]  Received executor task 4281
2023-06-30 18:22:04.101 worker_log:602 24656 MainThread [INFO]  Completed executor task 4281
2023-06-30 18:22:04.101 worker_log:613 24656 MainThread [INFO]  All processing finished for executor task 4281
2023-06-30 18:22:29.979 worker_log:584 24656 MainThread [INFO]  Received executor task 4296
2023-06-30 18:23:02.204 worker_log:602 24656 MainThread [INFO]  Completed executor task 4296
2023-06-30 18:23:02.205 worker_log:613 24656 MainThread [INFO]  All processing finished for executor task 4296
2023-06-30 18:24:15.594 worker_log:584 24656 MainThread [INFO]  Received executor task 4307
2023-06-30 18:24:53.180 worker_log:602 24656 MainThread [INFO]  Completed executor task 4307
2023-06-30 18:24:53.181 worker_log:613 24656 MainThread [INFO]  All processing finished for executor task 4307
2023-06-30 18:25:46.058 worker_log:584 24656 MainThread [INFO]  Received executor task 4326
2023-06-30 18:26:11.557 worker_log:602 24656 MainThread [INFO]  Completed executor task 4326
2023-06-30 18:26:11.558 worker_log:613 24656 MainThread [INFO]  All processing finished for executor task 4326
2023-06-30 18:27:23.861 worker_log:584 24656 MainThread [INFO]  Received executor task 4337
2023-06-30 18:28:05.077 worker_log:602 24656 MainThread [INFO]  Completed executor task 4337
2023-06-30 18:28:05.078 worker_log:613 24656 MainThread [INFO]  All processing finished for executor task 4337
2023-06-30 18:28:18.615 worker_log:584 24656 MainThread [INFO]  Received executor task 4366
2023-06-30 18:28:47.498 worker_log:602 24656 MainThread [INFO]  Completed executor task 4366
2023-06-30 18:28:47.498 worker_log:613 24656 MainThread [INFO]  All processing finished for executor task 4366
2023-06-30 18:29:27.195 worker_log:584 24656 MainThread [INFO]  Received executor task 4371
2023-06-30 18:30:02.529 worker_log:602 24656 MainThread [INFO]  Completed executor task 4371
2023-06-30 18:30:02.529 worker_log:613 24656 MainThread [INFO]  All processing finished for executor task 4371
2023-06-30 18:30:36.272 worker_log:584 24656 MainThread [INFO]  Received executor task 4393
2023-06-30 18:30:46.469 worker_log:602 24656 MainThread [INFO]  Completed executor task 4393
2023-06-30 18:30:46.470 worker_log:613 24656 MainThread [INFO]  All processing finished for executor task 4393
2023-06-30 18:32:04.047 worker_log:584 24656 MainThread [INFO]  Received executor task 4401
2023-06-30 18:32:26.003 worker_log:602 24656 MainThread [INFO]  Completed executor task 4401
2023-06-30 18:32:26.003 worker_log:613 24656 MainThread [INFO]  All processing finished for executor task 4401
2023-06-30 18:33:26.916 worker_log:584 24656 MainThread [INFO]  Received executor task 4417
2023-06-30 18:34:14.619 worker_log:602 24656 MainThread [INFO]  Completed executor task 4417
2023-06-30 18:34:14.620 worker_log:613 24656 MainThread [INFO]  All processing finished for executor task 4417
2023-06-30 18:34:58.547 worker_log:584 24656 MainThread [INFO]  Received executor task 4441
2023-06-30 18:35:21.468 worker_log:602 24656 MainThread [INFO]  Completed executor task 4441
2023-06-30 18:35:21.468 worker_log:613 24656 MainThread [INFO]  All processing finished for executor task 4441
2023-06-30 18:36:15.568 worker_log:584 24656 MainThread [INFO]  Received executor task 4449
2023-06-30 18:36:58.507 worker_log:602 24656 MainThread [INFO]  Completed executor task 4449
2023-06-30 18:36:58.508 worker_log:613 24656 MainThread [INFO]  All processing finished for executor task 4449
2023-06-30 18:37:25.287 worker_log:584 24656 MainThread [INFO]  Received executor task 4469
2023-06-30 18:37:56.364 worker_log:602 24656 MainThread [INFO]  Completed executor task 4469
2023-06-30 18:37:56.364 worker_log:613 24656 MainThread [INFO]  All processing finished for executor task 4469
2023-06-30 18:38:19.868 worker_log:584 24656 MainThread [INFO]  Received executor task 4489
2023-06-30 18:38:51.667 worker_log:602 24656 MainThread [INFO]  Completed executor task 4489
2023-06-30 18:38:51.668 worker_log:613 24656 MainThread [INFO]  All processing finished for executor task 4489
2023-06-30 18:39:40.520 worker_log:584 24656 MainThread [INFO]  Received executor task 4502
2023-06-30 18:41:45.189 worker_log:602 24656 MainThread [INFO]  Completed executor task 4502
2023-06-30 18:41:45.190 worker_log:613 24656 MainThread [INFO]  All processing finished for executor task 4502
2023-06-30 18:41:46.320 worker_log:584 24656 MainThread [INFO]  Received executor task 4528
2023-06-30 18:42:32.786 worker_log:602 24656 MainThread [INFO]  Completed executor task 4528
2023-06-30 18:42:32.787 worker_log:613 24656 MainThread [INFO]  All processing finished for executor task 4528
2023-06-30 18:42:44.011 worker_log:584 24656 MainThread [INFO]  Received executor task 4540
2023-06-30 18:42:56.302 worker_log:602 24656 MainThread [INFO]  Completed executor task 4540
2023-06-30 18:42:56.303 worker_log:613 24656 MainThread [INFO]  All processing finished for executor task 4540
2023-06-30 18:43:54.520 worker_log:584 24656 MainThread [INFO]  Received executor task 4545
2023-06-30 18:44:29.380 worker_log:602 24656 MainThread [INFO]  Completed executor task 4545
2023-06-30 18:44:29.380 worker_log:613 24656 MainThread [INFO]  All processing finished for executor task 4545
2023-06-30 18:45:28.496 worker_log:584 24656 MainThread [INFO]  Received executor task 4567
2023-06-30 18:45:56.962 worker_log:602 24656 MainThread [INFO]  Completed executor task 4567
2023-06-30 18:45:56.962 worker_log:613 24656 MainThread [INFO]  All processing finished for executor task 4567
2023-06-30 18:46:45.973 worker_log:584 24656 MainThread [INFO]  Received executor task 4579
2023-06-30 18:46:55.871 worker_log:602 24656 MainThread [INFO]  Completed executor task 4579
2023-06-30 18:46:55.872 worker_log:613 24656 MainThread [INFO]  All processing finished for executor task 4579
2023-06-30 18:47:51.799 worker_log:584 24656 MainThread [INFO]  Received executor task 4594
2023-06-30 18:48:30.971 worker_log:602 24656 MainThread [INFO]  Completed executor task 4594
2023-06-30 18:48:30.971 worker_log:613 24656 MainThread [INFO]  All processing finished for executor task 4594
2023-06-30 18:48:56.518 worker_log:584 24656 MainThread [INFO]  Received executor task 4618
2023-06-30 18:49:51.916 worker_log:602 24656 MainThread [INFO]  Completed executor task 4618
2023-06-30 18:49:51.917 worker_log:613 24656 MainThread [INFO]  All processing finished for executor task 4618
2023-06-30 18:49:58.861 worker_log:584 24656 MainThread [INFO]  Received executor task 4635
2023-06-30 18:50:31.503 worker_log:602 24656 MainThread [INFO]  Completed executor task 4635
2023-06-30 18:50:31.504 worker_log:613 24656 MainThread [INFO]  All processing finished for executor task 4635
2023-06-30 18:51:09.431 worker_log:584 24656 MainThread [INFO]  Received executor task 4645
2023-06-30 18:52:04.692 worker_log:602 24656 MainThread [INFO]  Completed executor task 4645
2023-06-30 18:52:04.693 worker_log:613 24656 MainThread [INFO]  All processing finished for executor task 4645
2023-06-30 18:52:28.255 worker_log:584 24656 MainThread [INFO]  Received executor task 4670
2023-06-30 18:53:08.968 worker_log:602 24656 MainThread [INFO]  Completed executor task 4670
2023-06-30 18:53:08.968 worker_log:613 24656 MainThread [INFO]  All processing finished for executor task 4670
2023-06-30 18:54:02.350 worker_log:584 24656 MainThread [INFO]  Received executor task 4680
2023-06-30 18:55:08.991 worker_log:602 24656 MainThread [INFO]  Completed executor task 4680
2023-06-30 18:55:08.992 worker_log:613 24656 MainThread [INFO]  All processing finished for executor task 4680
2023-06-30 18:55:22.788 worker_log:584 24656 MainThread [INFO]  Received executor task 4701
2023-06-30 18:56:18.945 worker_log:602 24656 MainThread [INFO]  Completed executor task 4701
2023-06-30 18:56:18.946 worker_log:613 24656 MainThread [INFO]  All processing finished for executor task 4701
2023-06-30 18:56:44.100 worker_log:584 24656 MainThread [INFO]  Received executor task 4714
2023-06-30 18:57:41.974 worker_log:602 24656 MainThread [INFO]  Completed executor task 4714
2023-06-30 18:57:41.975 worker_log:613 24656 MainThread [INFO]  All processing finished for executor task 4714
2023-06-30 18:58:31.046 worker_log:584 24656 MainThread [INFO]  Received executor task 4733
2023-06-30 18:59:11.219 worker_log:602 24656 MainThread [INFO]  Completed executor task 4733
2023-06-30 18:59:11.220 worker_log:613 24656 MainThread [INFO]  All processing finished for executor task 4733
2023-06-30 18:59:49.848 worker_log:584 24656 MainThread [INFO]  Received executor task 4749
2023-06-30 19:00:29.328 worker_log:602 24656 MainThread [INFO]  Completed executor task 4749
2023-06-30 19:00:29.328 worker_log:613 24656 MainThread [INFO]  All processing finished for executor task 4749
2023-06-30 19:01:11.593 worker_log:584 24656 MainThread [INFO]  Received executor task 4762
2023-06-30 19:01:34.767 worker_log:602 24656 MainThread [INFO]  Completed executor task 4762
2023-06-30 19:01:34.767 worker_log:613 24656 MainThread [INFO]  All processing finished for executor task 4762
2023-06-30 19:02:18.163 worker_log:584 24656 MainThread [INFO]  Received executor task 4769
2023-06-30 19:03:30.133 worker_log:602 24656 MainThread [INFO]  Completed executor task 4769
2023-06-30 19:03:30.133 worker_log:613 24656 MainThread [INFO]  All processing finished for executor task 4769
2023-06-30 19:03:37.348 worker_log:584 24656 MainThread [INFO]  Received executor task 4799
2023-06-30 19:04:34.937 worker_log:602 24656 MainThread [INFO]  Completed executor task 4799
2023-06-30 19:04:34.938 worker_log:613 24656 MainThread [INFO]  All processing finished for executor task 4799
2023-06-30 19:04:49.428 worker_log:584 24656 MainThread [INFO]  Received executor task 4813
2023-06-30 19:05:40.560 worker_log:602 24656 MainThread [INFO]  Completed executor task 4813
2023-06-30 19:05:40.560 worker_log:613 24656 MainThread [INFO]  All processing finished for executor task 4813
2023-06-30 19:06:08.296 worker_log:584 24656 MainThread [INFO]  Received executor task 4826
2023-06-30 19:06:38.682 worker_log:602 24656 MainThread [INFO]  Completed executor task 4826
2023-06-30 19:06:38.683 worker_log:613 24656 MainThread [INFO]  All processing finished for executor task 4826
2023-06-30 19:07:10.850 worker_log:584 24656 MainThread [INFO]  Received executor task 4837
2023-06-30 19:07:36.713 worker_log:602 24656 MainThread [INFO]  Completed executor task 4837
2023-06-30 19:07:36.714 worker_log:613 24656 MainThread [INFO]  All processing finished for executor task 4837
2023-06-30 19:08:15.977 worker_log:584 24656 MainThread [INFO]  Received executor task 4851
2023-06-30 19:09:03.439 worker_log:602 24656 MainThread [INFO]  Completed executor task 4851
2023-06-30 19:09:03.440 worker_log:613 24656 MainThread [INFO]  All processing finished for executor task 4851
2023-06-30 19:09:34.355 worker_log:584 24656 MainThread [INFO]  Received executor task 4876
2023-06-30 19:10:01.187 worker_log:602 24656 MainThread [INFO]  Completed executor task 4876
2023-06-30 19:10:01.188 worker_log:613 24656 MainThread [INFO]  All processing finished for executor task 4876
2023-06-30 19:11:02.531 worker_log:584 24656 MainThread [INFO]  Received executor task 4884
2023-06-30 19:11:28.554 worker_log:602 24656 MainThread [INFO]  Completed executor task 4884
2023-06-30 19:11:28.554 worker_log:613 24656 MainThread [INFO]  All processing finished for executor task 4884
2023-06-30 19:13:05.831 worker_log:584 24656 MainThread [INFO]  Received executor task 4899
2023-06-30 19:13:33.331 worker_log:602 24656 MainThread [INFO]  Completed executor task 4899
2023-06-30 19:13:33.332 worker_log:613 24656 MainThread [INFO]  All processing finished for executor task 4899
2023-06-30 19:14:19.668 worker_log:584 24656 MainThread [INFO]  Received executor task 4915
2023-06-30 19:14:48.934 worker_log:602 24656 MainThread [INFO]  Completed executor task 4915
2023-06-30 19:14:48.935 worker_log:613 24656 MainThread [INFO]  All processing finished for executor task 4915
2023-06-30 19:15:29.361 worker_log:584 24656 MainThread [INFO]  Received executor task 4935
2023-06-30 19:16:37.104 worker_log:602 24656 MainThread [INFO]  Completed executor task 4935
2023-06-30 19:16:37.105 worker_log:613 24656 MainThread [INFO]  All processing finished for executor task 4935
2023-06-30 19:18:40.295 worker_log:584 24656 MainThread [INFO]  Received executor task 4959
2023-06-30 19:18:57.131 worker_log:602 24656 MainThread [INFO]  Completed executor task 4959
2023-06-30 19:18:57.132 worker_log:613 24656 MainThread [INFO]  All processing finished for executor task 4959
2023-06-30 19:19:42.621 worker_log:584 24656 MainThread [INFO]  Received executor task 4964
2023-06-30 19:20:10.779 worker_log:602 24656 MainThread [INFO]  Completed executor task 4964
2023-06-30 19:20:10.780 worker_log:613 24656 MainThread [INFO]  All processing finished for executor task 4964
2023-06-30 19:20:57.239 worker_log:584 24656 MainThread [INFO]  Received executor task 4980
2023-06-30 19:21:28.401 worker_log:602 24656 MainThread [INFO]  Completed executor task 4980
2023-06-30 19:21:28.402 worker_log:613 24656 MainThread [INFO]  All processing finished for executor task 4980
2023-06-30 19:22:02.645 worker_log:584 24656 MainThread [INFO]  Received executor task 4997
2023-06-30 19:22:40.588 worker_log:602 24656 MainThread [INFO]  Completed executor task 4997
2023-06-30 19:22:40.589 worker_log:613 24656 MainThread [INFO]  All processing finished for executor task 4997
2023-06-30 19:23:03.928 worker_log:584 24656 MainThread [INFO]  Received executor task 5018
2023-06-30 19:23:26.094 worker_log:602 24656 MainThread [INFO]  Completed executor task 5018
2023-06-30 19:23:26.095 worker_log:613 24656 MainThread [INFO]  All processing finished for executor task 5018
2023-06-30 19:24:48.177 worker_log:584 24656 MainThread [INFO]  Received executor task 5026
2023-06-30 19:25:31.496 worker_log:602 24656 MainThread [INFO]  Completed executor task 5026
2023-06-30 19:25:31.497 worker_log:613 24656 MainThread [INFO]  All processing finished for executor task 5026
2023-06-30 19:25:38.865 worker_log:584 24656 MainThread [INFO]  Received executor task 5052
2023-06-30 19:26:02.472 worker_log:602 24656 MainThread [INFO]  Completed executor task 5052
2023-06-30 19:26:02.473 worker_log:613 24656 MainThread [INFO]  All processing finished for executor task 5052
2023-06-30 19:27:01.476 worker_log:584 24656 MainThread [INFO]  Received executor task 5059
2023-06-30 19:27:41.599 worker_log:602 24656 MainThread [INFO]  Completed executor task 5059
2023-06-30 19:27:41.600 worker_log:613 24656 MainThread [INFO]  All processing finished for executor task 5059
2023-06-30 19:27:59.852 worker_log:584 24656 MainThread [INFO]  Received executor task 5083
2023-06-30 19:28:29.821 worker_log:602 24656 MainThread [INFO]  Completed executor task 5083
2023-06-30 19:28:29.822 worker_log:613 24656 MainThread [INFO]  All processing finished for executor task 5083
2023-06-30 19:29:25.463 worker_log:584 24656 MainThread [INFO]  Received executor task 5094
2023-06-30 19:29:35.365 worker_log:602 24656 MainThread [INFO]  Completed executor task 5094
2023-06-30 19:29:35.365 worker_log:613 24656 MainThread [INFO]  All processing finished for executor task 5094
2023-06-30 19:31:05.328 worker_log:584 24656 MainThread [INFO]  Received executor task 5105
2023-06-30 19:31:22.194 worker_log:602 24656 MainThread [INFO]  Completed executor task 5105
2023-06-30 19:31:22.194 worker_log:613 24656 MainThread [INFO]  All processing finished for executor task 5105
2023-06-30 19:32:57.958 worker_log:584 24656 MainThread [INFO]  Received executor task 5122
2023-06-30 19:33:32.509 worker_log:602 24656 MainThread [INFO]  Completed executor task 5122
2023-06-30 19:33:32.510 worker_log:613 24656 MainThread [INFO]  All processing finished for executor task 5122
2023-06-30 19:34:17.731 worker_log:584 24656 MainThread [INFO]  Received executor task 5142
2023-06-30 19:34:43.021 worker_log:602 24656 MainThread [INFO]  Completed executor task 5142
2023-06-30 19:34:43.021 worker_log:613 24656 MainThread [INFO]  All processing finished for executor task 5142
2023-06-30 19:35:42.525 worker_log:584 24656 MainThread [INFO]  Received executor task 5155
2023-06-30 19:36:06.762 worker_log:602 24656 MainThread [INFO]  Completed executor task 5155
2023-06-30 19:36:06.763 worker_log:613 24656 MainThread [INFO]  All processing finished for executor task 5155
2023-06-30 19:37:14.991 worker_log:584 24656 MainThread [INFO]  Received executor task 5171
2023-06-30 19:38:04.835 worker_log:602 24656 MainThread [INFO]  Completed executor task 5171
2023-06-30 19:38:04.836 worker_log:613 24656 MainThread [INFO]  All processing finished for executor task 5171
2023-06-30 19:38:46.880 worker_log:584 24656 MainThread [INFO]  Received executor task 5196
2023-06-30 19:39:30.974 worker_log:602 24656 MainThread [INFO]  Completed executor task 5196
2023-06-30 19:39:30.974 worker_log:613 24656 MainThread [INFO]  All processing finished for executor task 5196
2023-06-30 19:39:58.028 worker_log:584 24656 MainThread [INFO]  Received executor task 5211
2023-06-30 19:40:27.968 worker_log:602 24656 MainThread [INFO]  Completed executor task 5211
2023-06-30 19:40:27.969 worker_log:613 24656 MainThread [INFO]  All processing finished for executor task 5211
2023-06-30 19:41:15.904 worker_log:584 24656 MainThread [INFO]  Received executor task 5222
2023-06-30 19:41:38.215 worker_log:602 24656 MainThread [INFO]  Completed executor task 5222
2023-06-30 19:41:38.216 worker_log:613 24656 MainThread [INFO]  All processing finished for executor task 5222
2023-06-30 19:42:35.887 worker_log:584 24656 MainThread [INFO]  Received executor task 5234
2023-06-30 19:43:06.791 worker_log:602 24656 MainThread [INFO]  Completed executor task 5234
2023-06-30 19:43:06.792 worker_log:613 24656 MainThread [INFO]  All processing finished for executor task 5234
2023-06-30 19:44:15.708 worker_log:584 24656 MainThread [INFO]  Received executor task 5254
2023-06-30 19:44:34.863 worker_log:602 24656 MainThread [INFO]  Completed executor task 5254
2023-06-30 19:44:34.864 worker_log:613 24656 MainThread [INFO]  All processing finished for executor task 5254
2023-06-30 19:45:29.646 worker_log:584 24656 MainThread [INFO]  Received executor task 5266
2023-06-30 19:46:00.891 worker_log:602 24656 MainThread [INFO]  Completed executor task 5266
2023-06-30 19:46:00.891 worker_log:613 24656 MainThread [INFO]  All processing finished for executor task 5266
2023-06-30 19:46:40.755 worker_log:584 24656 MainThread [INFO]  Received executor task 5282
2023-06-30 19:47:01.983 worker_log:602 24656 MainThread [INFO]  Completed executor task 5282
2023-06-30 19:47:01.983 worker_log:613 24656 MainThread [INFO]  All processing finished for executor task 5282
2023-06-30 19:47:43.138 worker_log:584 24656 MainThread [INFO]  Received executor task 5299
2023-06-30 19:48:16.102 worker_log:602 24656 MainThread [INFO]  Completed executor task 5299
2023-06-30 19:48:16.102 worker_log:613 24656 MainThread [INFO]  All processing finished for executor task 5299
2023-06-30 19:48:53.007 worker_log:584 24656 MainThread [INFO]  Received executor task 5320
2023-06-30 19:49:25.367 worker_log:602 24656 MainThread [INFO]  Completed executor task 5320
2023-06-30 19:49:25.368 worker_log:613 24656 MainThread [INFO]  All processing finished for executor task 5320
2023-06-30 19:50:00.067 worker_log:584 24656 MainThread [INFO]  Received executor task 5336
2023-06-30 19:50:34.808 worker_log:602 24656 MainThread [INFO]  Completed executor task 5336
2023-06-30 19:50:34.809 worker_log:613 24656 MainThread [INFO]  All processing finished for executor task 5336
2023-06-30 19:52:19.100 worker_log:584 24656 MainThread [INFO]  Received executor task 5350
2023-06-30 19:52:51.391 worker_log:602 24656 MainThread [INFO]  Completed executor task 5350
2023-06-30 19:52:51.391 worker_log:613 24656 MainThread [INFO]  All processing finished for executor task 5350
2023-06-30 19:53:51.358 worker_log:584 24656 MainThread [INFO]  Received executor task 5365
2023-06-30 19:54:26.472 worker_log:602 24656 MainThread [INFO]  Completed executor task 5365
2023-06-30 19:54:26.473 worker_log:613 24656 MainThread [INFO]  All processing finished for executor task 5365
2023-06-30 19:55:10.528 worker_log:584 24656 MainThread [INFO]  Received executor task 5383
2023-06-30 19:55:45.719 worker_log:602 24656 MainThread [INFO]  Completed executor task 5383
2023-06-30 19:55:45.720 worker_log:613 24656 MainThread [INFO]  All processing finished for executor task 5383
2023-06-30 19:56:16.151 worker_log:584 24656 MainThread [INFO]  Received executor task 5397
2023-06-30 19:56:47.460 worker_log:602 24656 MainThread [INFO]  Completed executor task 5397
2023-06-30 19:56:47.460 worker_log:613 24656 MainThread [INFO]  All processing finished for executor task 5397
2023-06-30 19:57:44.730 worker_log:584 24656 MainThread [INFO]  Received executor task 5413
2023-06-30 19:58:22.080 worker_log:602 24656 MainThread [INFO]  Completed executor task 5413
2023-06-30 19:58:22.080 worker_log:613 24656 MainThread [INFO]  All processing finished for executor task 5413
2023-06-30 19:59:03.333 worker_log:584 24656 MainThread [INFO]  Received executor task 5430
2023-06-30 19:59:42.959 worker_log:602 24656 MainThread [INFO]  Completed executor task 5430
2023-06-30 19:59:42.959 worker_log:613 24656 MainThread [INFO]  All processing finished for executor task 5430
2023-06-30 20:00:04.003 worker_log:584 24656 MainThread [INFO]  Received executor task 5449
2023-06-30 20:00:36.629 worker_log:602 24656 MainThread [INFO]  Completed executor task 5449
2023-06-30 20:00:36.630 worker_log:613 24656 MainThread [INFO]  All processing finished for executor task 5449
2023-06-30 20:01:09.699 worker_log:584 24656 MainThread [INFO]  Received executor task 5462
2023-06-30 20:01:54.884 worker_log:602 24656 MainThread [INFO]  Completed executor task 5462
2023-06-30 20:01:54.885 worker_log:613 24656 MainThread [INFO]  All processing finished for executor task 5462
2023-06-30 20:02:20.592 worker_log:584 24656 MainThread [INFO]  Received executor task 5484
2023-06-30 20:02:57.422 worker_log:602 24656 MainThread [INFO]  Completed executor task 5484
2023-06-30 20:02:57.423 worker_log:613 24656 MainThread [INFO]  All processing finished for executor task 5484
2023-06-30 20:03:15.176 worker_log:584 24656 MainThread [INFO]  Received executor task 5499
2023-06-30 20:03:57.396 worker_log:602 24656 MainThread [INFO]  Completed executor task 5499
2023-06-30 20:03:57.396 worker_log:613 24656 MainThread [INFO]  All processing finished for executor task 5499
2023-06-30 20:04:19.814 worker_log:584 24656 MainThread [INFO]  Received executor task 5517
2023-06-30 20:04:38.568 worker_log:602 24656 MainThread [INFO]  Completed executor task 5517
2023-06-30 20:04:38.569 worker_log:613 24656 MainThread [INFO]  All processing finished for executor task 5517
2023-06-30 20:05:37.272 worker_log:584 24656 MainThread [INFO]  Received executor task 5524
2023-06-30 20:06:04.520 worker_log:602 24656 MainThread [INFO]  Completed executor task 5524
2023-06-30 20:06:04.521 worker_log:613 24656 MainThread [INFO]  All processing finished for executor task 5524
2023-06-30 20:06:37.446 worker_log:584 24656 MainThread [INFO]  Received executor task 5543
2023-06-30 20:07:52.614 worker_log:602 24656 MainThread [INFO]  Completed executor task 5543
2023-06-30 20:07:52.614 worker_log:613 24656 MainThread [INFO]  All processing finished for executor task 5543
2023-06-30 20:07:53.653 worker_log:584 24656 MainThread [INFO]  Received executor task 5568
2023-06-30 20:08:18.138 worker_log:602 24656 MainThread [INFO]  Completed executor task 5568
2023-06-30 20:08:18.139 worker_log:613 24656 MainThread [INFO]  All processing finished for executor task 5568
2023-06-30 20:09:17.754 worker_log:584 24656 MainThread [INFO]  Received executor task 5570
2023-06-30 20:09:46.723 worker_log:602 24656 MainThread [INFO]  Completed executor task 5570
2023-06-30 20:09:46.724 worker_log:613 24656 MainThread [INFO]  All processing finished for executor task 5570
2023-06-30 20:10:46.460 worker_log:584 24656 MainThread [INFO]  Received executor task 5587
2023-06-30 20:11:35.401 worker_log:602 24656 MainThread [INFO]  Completed executor task 5587
2023-06-30 20:11:35.402 worker_log:613 24656 MainThread [INFO]  All processing finished for executor task 5587
2023-06-30 20:12:08.135 worker_log:584 24656 MainThread [INFO]  Received executor task 5612
2023-06-30 20:13:31.503 worker_log:602 24656 MainThread [INFO]  Completed executor task 5612
2023-06-30 20:13:31.503 worker_log:613 24656 MainThread [INFO]  All processing finished for executor task 5612
2023-06-30 20:13:33.089 worker_log:584 24656 MainThread [INFO]  Received executor task 5632
2023-06-30 20:13:54.225 worker_log:602 24656 MainThread [INFO]  Completed executor task 5632
2023-06-30 20:13:54.225 worker_log:613 24656 MainThread [INFO]  All processing finished for executor task 5632
2023-06-30 20:14:47.109 worker_log:584 24656 MainThread [INFO]  Received executor task 5634
2023-06-30 20:15:13.642 worker_log:602 24656 MainThread [INFO]  Completed executor task 5634
2023-06-30 20:15:13.642 worker_log:613 24656 MainThread [INFO]  All processing finished for executor task 5634
