2023-06-30 12:25:40.258 worker_log:538 24651 MainThread [INFO]  Worker 0 started
2023-06-30 12:27:53.672 worker_log:584 24651 MainThread [INFO]  Received executor task 1
2023-06-30 12:28:14.363 worker_log:602 24651 MainThread [INFO]  Completed executor task 1
2023-06-30 12:28:14.364 worker_log:613 24651 MainThread [INFO]  All processing finished for executor task 1
2023-06-30 12:29:17.539 worker_log:584 24651 MainThread [INFO]  Received executor task 17
2023-06-30 12:29:48.371 worker_log:602 24651 MainThread [INFO]  Completed executor task 17
2023-06-30 12:29:48.372 worker_log:613 24651 MainThread [INFO]  All processing finished for executor task 17
2023-06-30 12:30:16.446 worker_log:584 24651 MainThread [INFO]  Received executor task 37
2023-06-30 12:31:01.926 worker_log:602 24651 MainThread [INFO]  Completed executor task 37
2023-06-30 12:31:01.926 worker_log:613 24651 MainThread [INFO]  All processing finished for executor task 37
2023-06-30 12:31:36.496 worker_log:584 24651 MainThread [INFO]  Received executor task 58
2023-06-30 12:32:11.514 worker_log:602 24651 MainThread [INFO]  Completed executor task 58
2023-06-30 12:32:11.515 worker_log:613 24651 MainThread [INFO]  All processing finished for executor task 58
2023-06-30 12:33:06.019 worker_log:584 24651 MainThread [INFO]  Received executor task 73
2023-06-30 12:34:23.046 worker_log:602 24651 MainThread [INFO]  Completed executor task 73
2023-06-30 12:34:23.047 worker_log:613 24651 MainThread [INFO]  All processing finished for executor task 73
2023-06-30 12:34:36.265 worker_log:584 24651 MainThread [INFO]  Received executor task 95
2023-06-30 12:35:05.439 worker_log:602 24651 MainThread [INFO]  Completed executor task 95
2023-06-30 12:35:05.439 worker_log:613 24651 MainThread [INFO]  All processing finished for executor task 95
2023-06-30 12:35:46.444 worker_log:584 24651 MainThread [INFO]  Received executor task 101
2023-06-30 12:36:10.790 worker_log:602 24651 MainThread [INFO]  Completed executor task 101
2023-06-30 12:36:10.790 worker_log:613 24651 MainThread [INFO]  All processing finished for executor task 101
2023-06-30 12:37:07.290 worker_log:584 24651 MainThread [INFO]  Received executor task 114
2023-06-30 12:38:00.543 worker_log:602 24651 MainThread [INFO]  Completed executor task 114
2023-06-30 12:38:00.543 worker_log:613 24651 MainThread [INFO]  All processing finished for executor task 114
2023-06-30 12:38:46.563 worker_log:584 24651 MainThread [INFO]  Received executor task 139
2023-06-30 12:39:23.856 worker_log:602 24651 MainThread [INFO]  Completed executor task 139
2023-06-30 12:39:23.857 worker_log:613 24651 MainThread [INFO]  All processing finished for executor task 139
2023-06-30 12:39:35.806 worker_log:584 24651 MainThread [INFO]  Received executor task 155
2023-06-30 12:40:06.127 worker_log:602 24651 MainThread [INFO]  Completed executor task 155
2023-06-30 12:40:06.128 worker_log:613 24651 MainThread [INFO]  All processing finished for executor task 155
2023-06-30 12:40:41.995 worker_log:584 24651 MainThread [INFO]  Received executor task 163
2023-06-30 12:41:43.475 worker_log:602 24651 MainThread [INFO]  Completed executor task 163
2023-06-30 12:41:43.476 worker_log:613 24651 MainThread [INFO]  All processing finished for executor task 163
2023-06-30 12:42:25.270 worker_log:584 24651 MainThread [INFO]  Received executor task 187
2023-06-30 12:43:26.367 worker_log:602 24651 MainThread [INFO]  Completed executor task 187
2023-06-30 12:43:26.368 worker_log:613 24651 MainThread [INFO]  All processing finished for executor task 187
2023-06-30 12:43:30.782 worker_log:584 24651 MainThread [INFO]  Received executor task 205
2023-06-30 12:44:05.323 worker_log:602 24651 MainThread [INFO]  Completed executor task 205
2023-06-30 12:44:05.324 worker_log:613 24651 MainThread [INFO]  All processing finished for executor task 205
2023-06-30 12:44:54.633 worker_log:584 24651 MainThread [INFO]  Received executor task 215
2023-06-30 12:45:48.272 worker_log:602 24651 MainThread [INFO]  Completed executor task 215
2023-06-30 12:45:48.272 worker_log:613 24651 MainThread [INFO]  All processing finished for executor task 215
2023-06-30 12:45:49.894 worker_log:584 24651 MainThread [INFO]  Received executor task 240
2023-06-30 12:46:28.718 worker_log:602 24651 MainThread [INFO]  Completed executor task 240
2023-06-30 12:46:28.718 worker_log:613 24651 MainThread [INFO]  All processing finished for executor task 240
2023-06-30 12:47:06.798 worker_log:584 24651 MainThread [INFO]  Received executor task 249
2023-06-30 12:47:43.046 worker_log:602 24651 MainThread [INFO]  Completed executor task 249
2023-06-30 12:47:43.047 worker_log:613 24651 MainThread [INFO]  All processing finished for executor task 249
2023-06-30 12:48:04.659 worker_log:584 24651 MainThread [INFO]  Received executor task 266
2023-06-30 12:48:33.774 worker_log:602 24651 MainThread [INFO]  Completed executor task 266
2023-06-30 12:48:33.774 worker_log:613 24651 MainThread [INFO]  All processing finished for executor task 266
2023-06-30 12:49:09.655 worker_log:584 24651 MainThread [INFO]  Received executor task 280
2023-06-30 12:49:44.287 worker_log:602 24651 MainThread [INFO]  Completed executor task 280
2023-06-30 12:49:44.288 worker_log:613 24651 MainThread [INFO]  All processing finished for executor task 280
2023-06-30 12:50:37.175 worker_log:584 24651 MainThread [INFO]  Received executor task 292
2023-06-30 12:51:40.517 worker_log:602 24651 MainThread [INFO]  Completed executor task 292
2023-06-30 12:51:40.517 worker_log:613 24651 MainThread [INFO]  All processing finished for executor task 292
2023-06-30 12:51:59.983 worker_log:584 24651 MainThread [INFO]  Received executor task 317
2023-06-30 12:52:27.216 worker_log:602 24651 MainThread [INFO]  Completed executor task 317
2023-06-30 12:52:27.217 worker_log:613 24651 MainThread [INFO]  All processing finished for executor task 317
2023-06-30 12:53:22.071 worker_log:584 24651 MainThread [INFO]  Received executor task 324
2023-06-30 12:54:11.053 worker_log:602 24651 MainThread [INFO]  Completed executor task 324
2023-06-30 12:54:11.054 worker_log:613 24651 MainThread [INFO]  All processing finished for executor task 324
2023-06-30 12:54:55.058 worker_log:584 24651 MainThread [INFO]  Received executor task 348
2023-06-30 12:55:30.485 worker_log:602 24651 MainThread [INFO]  Completed executor task 348
2023-06-30 12:55:30.486 worker_log:613 24651 MainThread [INFO]  All processing finished for executor task 348
2023-06-30 12:56:36.746 worker_log:584 24651 MainThread [INFO]  Received executor task 359
2023-06-30 12:58:31.511 worker_log:602 24651 MainThread [INFO]  Completed executor task 359
2023-06-30 12:58:31.512 worker_log:613 24651 MainThread [INFO]  All processing finished for executor task 359
2023-06-30 12:58:32.587 worker_log:584 24651 MainThread [INFO]  Received executor task 384
2023-06-30 12:59:22.565 worker_log:602 24651 MainThread [INFO]  Completed executor task 384
2023-06-30 12:59:22.566 worker_log:613 24651 MainThread [INFO]  All processing finished for executor task 384
2023-06-30 12:59:45.126 worker_log:584 24651 MainThread [INFO]  Received executor task 397
2023-06-30 13:00:56.214 worker_log:602 24651 MainThread [INFO]  Completed executor task 397
2023-06-30 13:00:56.215 worker_log:613 24651 MainThread [INFO]  All processing finished for executor task 397
2023-06-30 13:01:05.569 worker_log:584 24651 MainThread [INFO]  Received executor task 414
2023-06-30 13:01:52.045 worker_log:602 24651 MainThread [INFO]  Completed executor task 414
2023-06-30 13:01:52.045 worker_log:613 24651 MainThread [INFO]  All processing finished for executor task 414
2023-06-30 13:02:23.066 worker_log:584 24651 MainThread [INFO]  Received executor task 424
2023-06-30 13:02:48.716 worker_log:602 24651 MainThread [INFO]  Completed executor task 424
2023-06-30 13:02:48.717 worker_log:613 24651 MainThread [INFO]  All processing finished for executor task 424
2023-06-30 13:04:04.374 worker_log:584 24651 MainThread [INFO]  Received executor task 435
2023-06-30 13:04:47.472 worker_log:602 24651 MainThread [INFO]  Completed executor task 435
2023-06-30 13:04:47.473 worker_log:613 24651 MainThread [INFO]  All processing finished for executor task 435
2023-06-30 13:05:05.599 worker_log:584 24651 MainThread [INFO]  Received executor task 461
2023-06-30 13:06:00.310 worker_log:602 24651 MainThread [INFO]  Completed executor task 461
2023-06-30 13:06:00.311 worker_log:613 24651 MainThread [INFO]  All processing finished for executor task 461
2023-06-30 13:06:14.614 worker_log:584 24651 MainThread [INFO]  Received executor task 477
2023-06-30 13:07:57.636 worker_log:602 24651 MainThread [INFO]  Completed executor task 477
2023-06-30 13:07:57.637 worker_log:613 24651 MainThread [INFO]  All processing finished for executor task 477
2023-06-30 13:07:59.278 worker_log:584 24651 MainThread [INFO]  Received executor task 496
2023-06-30 13:08:28.185 worker_log:602 24651 MainThread [INFO]  Completed executor task 496
2023-06-30 13:08:28.185 worker_log:613 24651 MainThread [INFO]  All processing finished for executor task 496
2023-06-30 13:09:03.038 worker_log:584 24651 MainThread [INFO]  Received executor task 502
2023-06-30 13:09:15.030 worker_log:602 24651 MainThread [INFO]  Completed executor task 502
2023-06-30 13:09:15.031 worker_log:613 24651 MainThread [INFO]  All processing finished for executor task 502
2023-06-30 13:10:49.428 worker_log:584 24651 MainThread [INFO]  Received executor task 513
2023-06-30 13:11:24.901 worker_log:602 24651 MainThread [INFO]  Completed executor task 513
2023-06-30 13:11:24.902 worker_log:613 24651 MainThread [INFO]  All processing finished for executor task 513
2023-06-30 13:12:00.038 worker_log:584 24651 MainThread [INFO]  Received executor task 533
2023-06-30 13:12:30.078 worker_log:602 24651 MainThread [INFO]  Completed executor task 533
2023-06-30 13:12:30.078 worker_log:613 24651 MainThread [INFO]  All processing finished for executor task 533
2023-06-30 13:13:37.245 worker_log:584 24651 MainThread [INFO]  Received executor task 551
2023-06-30 13:14:08.980 worker_log:602 24651 MainThread [INFO]  Completed executor task 551
2023-06-30 13:14:08.980 worker_log:613 24651 MainThread [INFO]  All processing finished for executor task 551
2023-06-30 13:14:49.364 worker_log:584 24651 MainThread [INFO]  Received executor task 562
2023-06-30 13:15:23.961 worker_log:602 24651 MainThread [INFO]  Completed executor task 562
2023-06-30 13:15:23.962 worker_log:613 24651 MainThread [INFO]  All processing finished for executor task 562
2023-06-30 13:15:55.687 worker_log:584 24651 MainThread [INFO]  Received executor task 585
2023-06-30 13:16:52.989 worker_log:602 24651 MainThread [INFO]  Completed executor task 585
2023-06-30 13:16:52.990 worker_log:613 24651 MainThread [INFO]  All processing finished for executor task 585
2023-06-30 13:16:55.896 worker_log:584 24651 MainThread [INFO]  Received executor task 607
2023-06-30 13:18:07.102 worker_log:602 24651 MainThread [INFO]  Completed executor task 607
2023-06-30 13:18:07.102 worker_log:613 24651 MainThread [INFO]  All processing finished for executor task 607
2023-06-30 13:18:08.281 worker_log:584 24651 MainThread [INFO]  Received executor task 624
2023-06-30 13:19:00.447 worker_log:602 24651 MainThread [INFO]  Completed executor task 624
2023-06-30 13:19:00.448 worker_log:613 24651 MainThread [INFO]  All processing finished for executor task 624
2023-06-30 13:19:18.131 worker_log:584 24651 MainThread [INFO]  Received executor task 638
2023-06-30 13:19:58.194 worker_log:602 24651 MainThread [INFO]  Completed executor task 638
2023-06-30 13:19:58.195 worker_log:613 24651 MainThread [INFO]  All processing finished for executor task 638
2023-06-30 13:20:39.290 worker_log:584 24651 MainThread [INFO]  Received executor task 646
2023-06-30 13:21:23.096 worker_log:602 24651 MainThread [INFO]  Completed executor task 646
2023-06-30 13:21:23.096 worker_log:613 24651 MainThread [INFO]  All processing finished for executor task 646
2023-06-30 13:21:47.536 worker_log:584 24651 MainThread [INFO]  Received executor task 667
2023-06-30 13:22:54.801 worker_log:602 24651 MainThread [INFO]  Completed executor task 667
2023-06-30 13:22:54.801 worker_log:613 24651 MainThread [INFO]  All processing finished for executor task 667
2023-06-30 13:23:08.782 worker_log:584 24651 MainThread [INFO]  Received executor task 686
2023-06-30 13:23:37.467 worker_log:602 24651 MainThread [INFO]  Completed executor task 686
2023-06-30 13:23:37.467 worker_log:613 24651 MainThread [INFO]  All processing finished for executor task 686
2023-06-30 13:24:23.311 worker_log:584 24651 MainThread [INFO]  Received executor task 694
2023-06-30 13:25:16.902 worker_log:602 24651 MainThread [INFO]  Completed executor task 694
2023-06-30 13:25:16.903 worker_log:613 24651 MainThread [INFO]  All processing finished for executor task 694
2023-06-30 13:25:37.953 worker_log:584 24651 MainThread [INFO]  Received executor task 713
2023-06-30 13:26:10.656 worker_log:602 24651 MainThread [INFO]  Completed executor task 713
2023-06-30 13:26:10.657 worker_log:613 24651 MainThread [INFO]  All processing finished for executor task 713
2023-06-30 13:26:55.965 worker_log:584 24651 MainThread [INFO]  Received executor task 725
2023-06-30 13:27:12.729 worker_log:602 24651 MainThread [INFO]  Completed executor task 725
2023-06-30 13:27:12.729 worker_log:613 24651 MainThread [INFO]  All processing finished for executor task 725
2023-06-30 13:28:04.405 worker_log:584 24651 MainThread [INFO]  Received executor task 738
2023-06-30 13:29:36.387 worker_log:602 24651 MainThread [INFO]  Completed executor task 738
2023-06-30 13:29:36.388 worker_log:613 24651 MainThread [INFO]  All processing finished for executor task 738
2023-06-30 13:29:37.408 worker_log:584 24651 MainThread [INFO]  Received executor task 768
2023-06-30 13:30:15.736 worker_log:602 24651 MainThread [INFO]  Completed executor task 768
2023-06-30 13:30:15.737 worker_log:613 24651 MainThread [INFO]  All processing finished for executor task 768
2023-06-30 13:30:44.615 worker_log:584 24651 MainThread [INFO]  Received executor task 775
2023-06-30 13:31:07.166 worker_log:602 24651 MainThread [INFO]  Completed executor task 775
2023-06-30 13:31:07.167 worker_log:613 24651 MainThread [INFO]  All processing finished for executor task 775
2023-06-30 13:31:57.766 worker_log:584 24651 MainThread [INFO]  Received executor task 785
2023-06-30 13:32:36.388 worker_log:602 24651 MainThread [INFO]  Completed executor task 785
2023-06-30 13:32:36.388 worker_log:613 24651 MainThread [INFO]  All processing finished for executor task 785
2023-06-30 13:33:05.172 worker_log:584 24651 MainThread [INFO]  Received executor task 805
2023-06-30 13:33:37.182 worker_log:602 24651 MainThread [INFO]  Completed executor task 805
2023-06-30 13:33:37.182 worker_log:613 24651 MainThread [INFO]  All processing finished for executor task 805
2023-06-30 13:34:12.764 worker_log:584 24651 MainThread [INFO]  Received executor task 824
2023-06-30 13:34:31.495 worker_log:602 24651 MainThread [INFO]  Completed executor task 824
2023-06-30 13:34:31.496 worker_log:613 24651 MainThread [INFO]  All processing finished for executor task 824
2023-06-30 13:35:38.669 worker_log:584 24651 MainThread [INFO]  Received executor task 835
2023-06-30 13:36:32.937 worker_log:602 24651 MainThread [INFO]  Completed executor task 835
2023-06-30 13:36:32.937 worker_log:613 24651 MainThread [INFO]  All processing finished for executor task 835
2023-06-30 13:37:00.301 worker_log:584 24651 MainThread [INFO]  Received executor task 861
2023-06-30 13:37:33.653 worker_log:602 24651 MainThread [INFO]  Completed executor task 861
2023-06-30 13:37:33.654 worker_log:613 24651 MainThread [INFO]  All processing finished for executor task 861
2023-06-30 13:38:51.499 worker_log:584 24651 MainThread [INFO]  Received executor task 872
2023-06-30 13:39:30.074 worker_log:602 24651 MainThread [INFO]  Completed executor task 872
2023-06-30 13:39:30.074 worker_log:613 24651 MainThread [INFO]  All processing finished for executor task 872
2023-06-30 13:40:05.217 worker_log:584 24651 MainThread [INFO]  Received executor task 890
2023-06-30 13:40:32.162 worker_log:602 24651 MainThread [INFO]  Completed executor task 890
2023-06-30 13:40:32.162 worker_log:613 24651 MainThread [INFO]  All processing finished for executor task 890
2023-06-30 13:41:14.976 worker_log:584 24651 MainThread [INFO]  Received executor task 900
2023-06-30 13:41:29.523 worker_log:602 24651 MainThread [INFO]  Completed executor task 900
2023-06-30 13:41:29.524 worker_log:613 24651 MainThread [INFO]  All processing finished for executor task 900
2023-06-30 13:42:29.945 worker_log:584 24651 MainThread [INFO]  Received executor task 915
2023-06-30 13:44:03.854 worker_log:602 24651 MainThread [INFO]  Completed executor task 915
2023-06-30 13:44:03.855 worker_log:613 24651 MainThread [INFO]  All processing finished for executor task 915
2023-06-30 13:44:05.413 worker_log:584 24651 MainThread [INFO]  Received executor task 944
2023-06-30 13:44:49.086 worker_log:602 24651 MainThread [INFO]  Completed executor task 944
2023-06-30 13:44:49.087 worker_log:613 24651 MainThread [INFO]  All processing finished for executor task 944
2023-06-30 13:45:28.425 worker_log:584 24651 MainThread [INFO]  Received executor task 951
2023-06-30 13:46:14.410 worker_log:602 24651 MainThread [INFO]  Completed executor task 951
2023-06-30 13:46:14.411 worker_log:613 24651 MainThread [INFO]  All processing finished for executor task 951
2023-06-30 13:47:01.889 worker_log:584 24651 MainThread [INFO]  Received executor task 968
2023-06-30 13:48:26.120 worker_log:602 24651 MainThread [INFO]  Completed executor task 968
2023-06-30 13:48:26.120 worker_log:613 24651 MainThread [INFO]  All processing finished for executor task 968
2023-06-30 13:48:27.415 worker_log:584 24651 MainThread [INFO]  Received executor task 992
2023-06-30 13:49:18.717 worker_log:602 24651 MainThread [INFO]  Completed executor task 992
2023-06-30 13:49:18.718 worker_log:613 24651 MainThread [INFO]  All processing finished for executor task 992
2023-06-30 13:49:55.575 worker_log:584 24651 MainThread [INFO]  Received executor task 1005
2023-06-30 13:50:41.986 worker_log:602 24651 MainThread [INFO]  Completed executor task 1005
2023-06-30 13:50:41.986 worker_log:613 24651 MainThread [INFO]  All processing finished for executor task 1005
2023-06-30 13:51:17.855 worker_log:584 24651 MainThread [INFO]  Received executor task 1015
2023-06-30 13:51:53.857 worker_log:602 24651 MainThread [INFO]  Completed executor task 1015
2023-06-30 13:51:53.857 worker_log:613 24651 MainThread [INFO]  All processing finished for executor task 1015
2023-06-30 13:52:33.279 worker_log:584 24651 MainThread [INFO]  Received executor task 1030
2023-06-30 13:53:11.974 worker_log:602 24651 MainThread [INFO]  Completed executor task 1030
2023-06-30 13:53:11.975 worker_log:613 24651 MainThread [INFO]  All processing finished for executor task 1030
2023-06-30 13:54:03.917 worker_log:584 24651 MainThread [INFO]  Received executor task 1044
2023-06-30 13:55:39.366 worker_log:602 24651 MainThread [INFO]  Completed executor task 1044
2023-06-30 13:55:39.367 worker_log:613 24651 MainThread [INFO]  All processing finished for executor task 1044
2023-06-30 13:55:40.646 worker_log:584 24651 MainThread [INFO]  Received executor task 1072
2023-06-30 13:56:05.669 worker_log:602 24651 MainThread [INFO]  Completed executor task 1072
2023-06-30 13:56:05.670 worker_log:613 24651 MainThread [INFO]  All processing finished for executor task 1072
2023-06-30 13:57:11.873 worker_log:584 24651 MainThread [INFO]  Received executor task 1076
2023-06-30 13:57:57.690 worker_log:602 24651 MainThread [INFO]  Completed executor task 1076
2023-06-30 13:57:57.690 worker_log:613 24651 MainThread [INFO]  All processing finished for executor task 1076
2023-06-30 13:58:55.094 worker_log:584 24651 MainThread [INFO]  Received executor task 1100
2023-06-30 13:59:11.836 worker_log:602 24651 MainThread [INFO]  Completed executor task 1100
2023-06-30 13:59:11.836 worker_log:613 24651 MainThread [INFO]  All processing finished for executor task 1100
2023-06-30 14:00:03.373 worker_log:584 24651 MainThread [INFO]  Received executor task 1106
2023-06-30 14:00:43.099 worker_log:602 24651 MainThread [INFO]  Completed executor task 1106
2023-06-30 14:00:43.099 worker_log:613 24651 MainThread [INFO]  All processing finished for executor task 1106
2023-06-30 14:01:35.724 worker_log:584 24651 MainThread [INFO]  Received executor task 1133
2023-06-30 14:02:27.105 worker_log:602 24651 MainThread [INFO]  Completed executor task 1133
2023-06-30 14:02:27.106 worker_log:613 24651 MainThread [INFO]  All processing finished for executor task 1133
2023-06-30 14:02:51.725 worker_log:584 24651 MainThread [INFO]  Received executor task 1145
2023-06-30 14:03:52.086 worker_log:602 24651 MainThread [INFO]  Completed executor task 1145
2023-06-30 14:03:52.086 worker_log:613 24651 MainThread [INFO]  All processing finished for executor task 1145
2023-06-30 14:03:59.763 worker_log:584 24651 MainThread [INFO]  Received executor task 1166
2023-06-30 14:04:59.566 worker_log:602 24651 MainThread [INFO]  Completed executor task 1166
2023-06-30 14:04:59.566 worker_log:613 24651 MainThread [INFO]  All processing finished for executor task 1166
2023-06-30 14:05:01.783 worker_log:584 24651 MainThread [INFO]  Received executor task 1183
2023-06-30 14:05:29.527 worker_log:602 24651 MainThread [INFO]  Completed executor task 1183
2023-06-30 14:05:29.528 worker_log:613 24651 MainThread [INFO]  All processing finished for executor task 1183
2023-06-30 14:06:36.901 worker_log:584 24651 MainThread [INFO]  Received executor task 1188
2023-06-30 14:07:03.063 worker_log:602 24651 MainThread [INFO]  Completed executor task 1188
2023-06-30 14:07:03.064 worker_log:613 24651 MainThread [INFO]  All processing finished for executor task 1188
2023-06-30 14:08:03.815 worker_log:584 24651 MainThread [INFO]  Received executor task 1205
2023-06-30 14:08:55.007 worker_log:602 24651 MainThread [INFO]  Completed executor task 1205
2023-06-30 14:08:55.008 worker_log:613 24651 MainThread [INFO]  All processing finished for executor task 1205
2023-06-30 14:09:15.557 worker_log:584 24651 MainThread [INFO]  Received executor task 1229
2023-06-30 14:10:03.520 worker_log:602 24651 MainThread [INFO]  Completed executor task 1229
2023-06-30 14:10:03.520 worker_log:613 24651 MainThread [INFO]  All processing finished for executor task 1229
2023-06-30 14:10:38.989 worker_log:584 24651 MainThread [INFO]  Received executor task 1243
2023-06-30 14:11:24.900 worker_log:602 24651 MainThread [INFO]  Completed executor task 1243
2023-06-30 14:11:24.900 worker_log:613 24651 MainThread [INFO]  All processing finished for executor task 1243
2023-06-30 14:12:32.515 worker_log:584 24651 MainThread [INFO]  Received executor task 1257
2023-06-30 14:12:56.758 worker_log:602 24651 MainThread [INFO]  Completed executor task 1257
2023-06-30 14:12:56.758 worker_log:613 24651 MainThread [INFO]  All processing finished for executor task 1257
2023-06-30 14:14:10.204 worker_log:584 24651 MainThread [INFO]  Received executor task 1267
2023-06-30 14:15:01.775 worker_log:602 24651 MainThread [INFO]  Completed executor task 1267
2023-06-30 14:15:01.775 worker_log:613 24651 MainThread [INFO]  All processing finished for executor task 1267
2023-06-30 14:15:26.503 worker_log:584 24651 MainThread [INFO]  Received executor task 1288
2023-06-30 14:16:02.433 worker_log:602 24651 MainThread [INFO]  Completed executor task 1288
2023-06-30 14:16:02.433 worker_log:613 24651 MainThread [INFO]  All processing finished for executor task 1288
2023-06-30 14:16:23.947 worker_log:584 24651 MainThread [INFO]  Received executor task 1308
2023-06-30 14:16:45.942 worker_log:602 24651 MainThread [INFO]  Completed executor task 1308
2023-06-30 14:16:45.942 worker_log:613 24651 MainThread [INFO]  All processing finished for executor task 1308
2023-06-30 14:17:42.639 worker_log:584 24651 MainThread [INFO]  Received executor task 1316
2023-06-30 14:18:24.242 worker_log:602 24651 MainThread [INFO]  Completed executor task 1316
2023-06-30 14:18:24.243 worker_log:613 24651 MainThread [INFO]  All processing finished for executor task 1316
2023-06-30 14:19:22.386 worker_log:584 24651 MainThread [INFO]  Received executor task 1337
2023-06-30 14:19:48.328 worker_log:602 24651 MainThread [INFO]  Completed executor task 1337
2023-06-30 14:19:48.328 worker_log:613 24651 MainThread [INFO]  All processing finished for executor task 1337
2023-06-30 14:20:33.075 worker_log:584 24651 MainThread [INFO]  Received executor task 1349
2023-06-30 14:20:54.962 worker_log:602 24651 MainThread [INFO]  Completed executor task 1349
2023-06-30 14:20:54.962 worker_log:613 24651 MainThread [INFO]  All processing finished for executor task 1349
2023-06-30 14:21:58.128 worker_log:584 24651 MainThread [INFO]  Received executor task 1364
2023-06-30 14:22:27.688 worker_log:602 24651 MainThread [INFO]  Completed executor task 1364
2023-06-30 14:22:27.688 worker_log:613 24651 MainThread [INFO]  All processing finished for executor task 1364
2023-06-30 14:23:08.131 worker_log:584 24651 MainThread [INFO]  Received executor task 1384
2023-06-30 14:23:45.193 worker_log:602 24651 MainThread [INFO]  Completed executor task 1384
2023-06-30 14:23:45.193 worker_log:613 24651 MainThread [INFO]  All processing finished for executor task 1384
2023-06-30 14:24:27.347 worker_log:584 24651 MainThread [INFO]  Received executor task 1400
2023-06-30 14:24:55.406 worker_log:602 24651 MainThread [INFO]  Completed executor task 1400
2023-06-30 14:24:55.407 worker_log:613 24651 MainThread [INFO]  All processing finished for executor task 1400
2023-06-30 14:25:35.922 worker_log:584 24651 MainThread [INFO]  Received executor task 1412
2023-06-30 14:26:07.527 worker_log:602 24651 MainThread [INFO]  Completed executor task 1412
2023-06-30 14:26:07.527 worker_log:613 24651 MainThread [INFO]  All processing finished for executor task 1412
2023-06-30 14:26:45.617 worker_log:584 24651 MainThread [INFO]  Received executor task 1430
2023-06-30 14:27:11.699 worker_log:602 24651 MainThread [INFO]  Completed executor task 1430
2023-06-30 14:27:11.699 worker_log:613 24651 MainThread [INFO]  All processing finished for executor task 1430
2023-06-30 14:27:52.980 worker_log:584 24651 MainThread [INFO]  Received executor task 1444
2023-06-30 14:28:45.448 worker_log:602 24651 MainThread [INFO]  Completed executor task 1444
2023-06-30 14:28:45.449 worker_log:613 24651 MainThread [INFO]  All processing finished for executor task 1444
2023-06-30 14:29:17.483 worker_log:584 24651 MainThread [INFO]  Received executor task 1467
2023-06-30 14:29:41.194 worker_log:602 24651 MainThread [INFO]  Completed executor task 1467
2023-06-30 14:29:41.195 worker_log:613 24651 MainThread [INFO]  All processing finished for executor task 1467
2023-06-30 14:30:24.048 worker_log:584 24651 MainThread [INFO]  Received executor task 1475
2023-06-30 14:30:56.428 worker_log:602 24651 MainThread [INFO]  Completed executor task 1475
2023-06-30 14:30:56.429 worker_log:613 24651 MainThread [INFO]  All processing finished for executor task 1475
2023-06-30 14:32:01.893 worker_log:584 24651 MainThread [INFO]  Received executor task 1496
2023-06-30 14:32:44.630 worker_log:602 24651 MainThread [INFO]  Completed executor task 1496
2023-06-30 14:32:44.631 worker_log:613 24651 MainThread [INFO]  All processing finished for executor task 1496
2023-06-30 14:33:26.378 worker_log:584 24651 MainThread [INFO]  Received executor task 1512
2023-06-30 14:34:16.187 worker_log:602 24651 MainThread [INFO]  Completed executor task 1512
2023-06-30 14:34:16.188 worker_log:613 24651 MainThread [INFO]  All processing finished for executor task 1512
2023-06-30 14:34:43.207 worker_log:584 24651 MainThread [INFO]  Received executor task 1533
2023-06-30 14:35:05.295 worker_log:602 24651 MainThread [INFO]  Completed executor task 1533
2023-06-30 14:35:05.295 worker_log:613 24651 MainThread [INFO]  All processing finished for executor task 1533
2023-06-30 14:35:36.969 worker_log:584 24651 MainThread [INFO]  Received executor task 1542
2023-06-30 14:36:09.789 worker_log:602 24651 MainThread [INFO]  Completed executor task 1542
2023-06-30 14:36:09.790 worker_log:613 24651 MainThread [INFO]  All processing finished for executor task 1542
2023-06-30 14:37:00.415 worker_log:584 24651 MainThread [INFO]  Received executor task 1557
2023-06-30 14:38:08.007 worker_log:602 24651 MainThread [INFO]  Completed executor task 1557
2023-06-30 14:38:08.008 worker_log:613 24651 MainThread [INFO]  All processing finished for executor task 1557
2023-06-30 14:38:08.995 worker_log:584 24651 MainThread [INFO]  Received executor task 1584
2023-06-30 14:38:23.503 worker_log:602 24651 MainThread [INFO]  Completed executor task 1584
2023-06-30 14:38:23.503 worker_log:613 24651 MainThread [INFO]  All processing finished for executor task 1584
2023-06-30 14:39:04.390 worker_log:584 24651 MainThread [INFO]  Received executor task 1585
2023-06-30 14:39:39.128 worker_log:602 24651 MainThread [INFO]  Completed executor task 1585
2023-06-30 14:39:39.128 worker_log:613 24651 MainThread [INFO]  All processing finished for executor task 1585
2023-06-30 14:39:48.994 worker_log:584 24651 MainThread [INFO]  Received executor task 1609
2023-06-30 14:41:30.652 worker_log:602 24651 MainThread [INFO]  Completed executor task 1609
2023-06-30 14:41:30.652 worker_log:613 24651 MainThread [INFO]  All processing finished for executor task 1609
2023-06-30 14:41:32.004 worker_log:584 24651 MainThread [INFO]  Received executor task 1632
2023-06-30 14:42:20.409 worker_log:602 24651 MainThread [INFO]  Completed executor task 1632
2023-06-30 14:42:20.410 worker_log:613 24651 MainThread [INFO]  All processing finished for executor task 1632
2023-06-30 14:43:00.746 worker_log:584 24651 MainThread [INFO]  Received executor task 1643
2023-06-30 14:44:01.317 worker_log:602 24651 MainThread [INFO]  Completed executor task 1643
2023-06-30 14:44:01.318 worker_log:613 24651 MainThread [INFO]  All processing finished for executor task 1643
2023-06-30 14:44:05.718 worker_log:584 24651 MainThread [INFO]  Received executor task 1663
2023-06-30 14:44:36.992 worker_log:602 24651 MainThread [INFO]  Completed executor task 1663
2023-06-30 14:44:36.992 worker_log:613 24651 MainThread [INFO]  All processing finished for executor task 1663
2023-06-30 14:45:16.377 worker_log:584 24651 MainThread [INFO]  Received executor task 1672
2023-06-30 14:45:55.363 worker_log:602 24651 MainThread [INFO]  Completed executor task 1672
2023-06-30 14:45:55.363 worker_log:613 24651 MainThread [INFO]  All processing finished for executor task 1672
2023-06-30 14:46:33.256 worker_log:584 24651 MainThread [INFO]  Received executor task 1685
2023-06-30 14:46:53.716 worker_log:602 24651 MainThread [INFO]  Completed executor task 1685
2023-06-30 14:46:53.717 worker_log:613 24651 MainThread [INFO]  All processing finished for executor task 1685
2023-06-30 14:48:18.262 worker_log:584 24651 MainThread [INFO]  Received executor task 1699
2023-06-30 14:48:57.598 worker_log:602 24651 MainThread [INFO]  Completed executor task 1699
2023-06-30 14:48:57.599 worker_log:613 24651 MainThread [INFO]  All processing finished for executor task 1699
2023-06-30 14:49:21.589 worker_log:584 24651 MainThread [INFO]  Received executor task 1718
2023-06-30 14:49:43.830 worker_log:602 24651 MainThread [INFO]  Completed executor task 1718
2023-06-30 14:49:43.831 worker_log:613 24651 MainThread [INFO]  All processing finished for executor task 1718
2023-06-30 14:50:26.391 worker_log:584 24651 MainThread [INFO]  Received executor task 1731
2023-06-30 14:50:58.223 worker_log:602 24651 MainThread [INFO]  Completed executor task 1731
2023-06-30 14:50:58.224 worker_log:613 24651 MainThread [INFO]  All processing finished for executor task 1731
2023-06-30 14:51:57.452 worker_log:584 24651 MainThread [INFO]  Received executor task 1748
2023-06-30 14:52:20.923 worker_log:602 24651 MainThread [INFO]  Completed executor task 1748
2023-06-30 14:52:20.923 worker_log:613 24651 MainThread [INFO]  All processing finished for executor task 1748
2023-06-30 14:53:04.340 worker_log:584 24651 MainThread [INFO]  Received executor task 1764
2023-06-30 14:53:54.110 worker_log:602 24651 MainThread [INFO]  Completed executor task 1764
2023-06-30 14:53:54.111 worker_log:613 24651 MainThread [INFO]  All processing finished for executor task 1764
2023-06-30 14:54:21.381 worker_log:584 24651 MainThread [INFO]  Received executor task 1790
2023-06-30 14:55:09.555 worker_log:602 24651 MainThread [INFO]  Completed executor task 1790
2023-06-30 14:55:09.555 worker_log:613 24651 MainThread [INFO]  All processing finished for executor task 1790
2023-06-30 14:55:35.965 worker_log:584 24651 MainThread [INFO]  Received executor task 1805
2023-06-30 14:56:13.287 worker_log:602 24651 MainThread [INFO]  Completed executor task 1805
2023-06-30 14:56:13.287 worker_log:613 24651 MainThread [INFO]  All processing finished for executor task 1805
2023-06-30 14:56:50.602 worker_log:584 24651 MainThread [INFO]  Received executor task 1818
2023-06-30 14:57:27.803 worker_log:602 24651 MainThread [INFO]  Completed executor task 1818
2023-06-30 14:57:27.803 worker_log:613 24651 MainThread [INFO]  All processing finished for executor task 1818
2023-06-30 14:58:16.674 worker_log:584 24651 MainThread [INFO]  Received executor task 1829
2023-06-30 14:58:39.732 worker_log:602 24651 MainThread [INFO]  Completed executor task 1829
2023-06-30 14:58:39.732 worker_log:613 24651 MainThread [INFO]  All processing finished for executor task 1829
2023-06-30 14:59:25.698 worker_log:584 24651 MainThread [INFO]  Received executor task 1843
2023-06-30 15:00:18.014 worker_log:602 24651 MainThread [INFO]  Completed executor task 1843
2023-06-30 15:00:18.015 worker_log:613 24651 MainThread [INFO]  All processing finished for executor task 1843
2023-06-30 15:00:39.192 worker_log:584 24651 MainThread [INFO]  Received executor task 1868
2023-06-30 15:01:14.471 worker_log:602 24651 MainThread [INFO]  Completed executor task 1868
2023-06-30 15:01:14.472 worker_log:613 24651 MainThread [INFO]  All processing finished for executor task 1868
2023-06-30 15:01:53.517 worker_log:584 24651 MainThread [INFO]  Received executor task 1877
2023-06-30 15:02:02.963 worker_log:602 24651 MainThread [INFO]  Completed executor task 1877
2023-06-30 15:02:02.963 worker_log:613 24651 MainThread [INFO]  All processing finished for executor task 1877
2023-06-30 15:03:37.057 worker_log:584 24651 MainThread [INFO]  Received executor task 1889
2023-06-30 15:04:19.712 worker_log:602 24651 MainThread [INFO]  Completed executor task 1889
2023-06-30 15:04:19.713 worker_log:613 24651 MainThread [INFO]  All processing finished for executor task 1889
2023-06-30 15:05:13.978 worker_log:584 24651 MainThread [INFO]  Received executor task 1913
2023-06-30 15:05:50.595 worker_log:602 24651 MainThread [INFO]  Completed executor task 1913
2023-06-30 15:05:50.595 worker_log:613 24651 MainThread [INFO]  All processing finished for executor task 1913
2023-06-30 15:06:29.653 worker_log:584 24651 MainThread [INFO]  Received executor task 1930
2023-06-30 15:07:50.266 worker_log:602 24651 MainThread [INFO]  Completed executor task 1930
2023-06-30 15:07:50.266 worker_log:613 24651 MainThread [INFO]  All processing finished for executor task 1930
2023-06-30 15:07:51.417 worker_log:584 24651 MainThread [INFO]  Received executor task 1952
2023-06-30 15:08:26.665 worker_log:602 24651 MainThread [INFO]  Completed executor task 1952
2023-06-30 15:08:26.665 worker_log:613 24651 MainThread [INFO]  All processing finished for executor task 1952
2023-06-30 15:08:53.563 worker_log:584 24651 MainThread [INFO]  Received executor task 1958
2023-06-30 15:09:32.756 worker_log:602 24651 MainThread [INFO]  Completed executor task 1958
2023-06-30 15:09:32.756 worker_log:613 24651 MainThread [INFO]  All processing finished for executor task 1958
2023-06-30 15:10:24.094 worker_log:584 24651 MainThread [INFO]  Received executor task 1980
2023-06-30 15:11:18.539 worker_log:602 24651 MainThread [INFO]  Completed executor task 1980
2023-06-30 15:11:18.539 worker_log:613 24651 MainThread [INFO]  All processing finished for executor task 1980
2023-06-30 15:11:27.642 worker_log:584 24651 MainThread [INFO]  Received executor task 1998
2023-06-30 15:11:57.915 worker_log:602 24651 MainThread [INFO]  Completed executor task 1998
2023-06-30 15:11:57.915 worker_log:613 24651 MainThread [INFO]  All processing finished for executor task 1998
2023-06-30 15:12:44.412 worker_log:584 24651 MainThread [INFO]  Received executor task 2005
2023-06-30 15:13:13.298 worker_log:602 24651 MainThread [INFO]  Completed executor task 2005
2023-06-30 15:13:13.298 worker_log:613 24651 MainThread [INFO]  All processing finished for executor task 2005
2023-06-30 15:14:03.221 worker_log:584 24651 MainThread [INFO]  Received executor task 2018
2023-06-30 15:14:37.156 worker_log:602 24651 MainThread [INFO]  Completed executor task 2018
2023-06-30 15:14:37.157 worker_log:613 24651 MainThread [INFO]  All processing finished for executor task 2018
2023-06-30 15:15:22.016 worker_log:584 24651 MainThread [INFO]  Received executor task 2037
2023-06-30 15:15:59.562 worker_log:602 24651 MainThread [INFO]  Completed executor task 2037
2023-06-30 15:15:59.562 worker_log:613 24651 MainThread [INFO]  All processing finished for executor task 2037
2023-06-30 15:16:21.209 worker_log:584 24651 MainThread [INFO]  Received executor task 2061
2023-06-30 15:16:59.474 worker_log:602 24651 MainThread [INFO]  Completed executor task 2061
2023-06-30 15:16:59.474 worker_log:613 24651 MainThread [INFO]  All processing finished for executor task 2061
2023-06-30 15:17:34.745 worker_log:584 24651 MainThread [INFO]  Received executor task 2073
2023-06-30 15:18:14.857 worker_log:602 24651 MainThread [INFO]  Completed executor task 2073
2023-06-30 15:18:14.857 worker_log:613 24651 MainThread [INFO]  All processing finished for executor task 2073
2023-06-30 15:18:51.529 worker_log:584 24651 MainThread [INFO]  Received executor task 2089
2023-06-30 15:19:23.131 worker_log:602 24651 MainThread [INFO]  Completed executor task 2089
2023-06-30 15:19:23.132 worker_log:613 24651 MainThread [INFO]  All processing finished for executor task 2089
2023-06-30 15:20:07.296 worker_log:584 24651 MainThread [INFO]  Received executor task 2101
2023-06-30 15:20:35.821 worker_log:602 24651 MainThread [INFO]  Completed executor task 2101
2023-06-30 15:20:35.821 worker_log:613 24651 MainThread [INFO]  All processing finished for executor task 2101
2023-06-30 15:21:34.233 worker_log:584 24651 MainThread [INFO]  Received executor task 2117
2023-06-30 15:21:53.775 worker_log:602 24651 MainThread [INFO]  Completed executor task 2117
2023-06-30 15:21:53.776 worker_log:613 24651 MainThread [INFO]  All processing finished for executor task 2117
2023-06-30 15:22:37.253 worker_log:584 24651 MainThread [INFO]  Received executor task 2131
2023-06-30 15:23:19.832 worker_log:602 24651 MainThread [INFO]  Completed executor task 2131
2023-06-30 15:23:19.833 worker_log:613 24651 MainThread [INFO]  All processing finished for executor task 2131
2023-06-30 15:23:46.005 worker_log:584 24651 MainThread [INFO]  Received executor task 2152
2023-06-30 15:24:13.918 worker_log:602 24651 MainThread [INFO]  Completed executor task 2152
2023-06-30 15:24:13.919 worker_log:613 24651 MainThread [INFO]  All processing finished for executor task 2152
2023-06-30 15:25:13.023 worker_log:584 24651 MainThread [INFO]  Received executor task 2166
2023-06-30 15:26:01.101 worker_log:602 24651 MainThread [INFO]  Completed executor task 2166
2023-06-30 15:26:01.101 worker_log:613 24651 MainThread [INFO]  All processing finished for executor task 2166
2023-06-30 15:26:56.696 worker_log:584 24651 MainThread [INFO]  Received executor task 2188
2023-06-30 15:27:40.632 worker_log:602 24651 MainThread [INFO]  Completed executor task 2188
2023-06-30 15:27:40.633 worker_log:613 24651 MainThread [INFO]  All processing finished for executor task 2188
2023-06-30 15:28:33.187 worker_log:584 24651 MainThread [INFO]  Received executor task 2203
2023-06-30 15:29:02.664 worker_log:602 24651 MainThread [INFO]  Completed executor task 2203
2023-06-30 15:29:02.664 worker_log:613 24651 MainThread [INFO]  All processing finished for executor task 2203
2023-06-30 15:30:00.863 worker_log:584 24651 MainThread [INFO]  Received executor task 2212
2023-06-30 15:30:38.234 worker_log:602 24651 MainThread [INFO]  Completed executor task 2212
2023-06-30 15:30:38.235 worker_log:613 24651 MainThread [INFO]  All processing finished for executor task 2212
2023-06-30 15:31:30.833 worker_log:584 24651 MainThread [INFO]  Received executor task 2228
2023-06-30 15:32:09.402 worker_log:602 24651 MainThread [INFO]  Completed executor task 2228
2023-06-30 15:32:09.403 worker_log:613 24651 MainThread [INFO]  All processing finished for executor task 2228
2023-06-30 15:32:36.610 worker_log:584 24651 MainThread [INFO]  Received executor task 2250
2023-06-30 15:33:17.647 worker_log:602 24651 MainThread [INFO]  Completed executor task 2250
2023-06-30 15:33:17.648 worker_log:613 24651 MainThread [INFO]  All processing finished for executor task 2250
2023-06-30 15:33:33.511 worker_log:584 24651 MainThread [INFO]  Received executor task 2267
2023-06-30 15:34:36.496 worker_log:602 24651 MainThread [INFO]  Completed executor task 2267
2023-06-30 15:34:36.496 worker_log:613 24651 MainThread [INFO]  All processing finished for executor task 2267
2023-06-30 15:34:59.458 worker_log:584 24651 MainThread [INFO]  Received executor task 2285
2023-06-30 15:35:47.250 worker_log:602 24651 MainThread [INFO]  Completed executor task 2285
2023-06-30 15:35:47.250 worker_log:613 24651 MainThread [INFO]  All processing finished for executor task 2285
2023-06-30 15:37:26.171 worker_log:584 24651 MainThread [INFO]  Received executor task 2298
2023-06-30 15:37:54.458 worker_log:602 24651 MainThread [INFO]  Completed executor task 2298
2023-06-30 15:37:54.459 worker_log:613 24651 MainThread [INFO]  All processing finished for executor task 2298
2023-06-30 15:38:45.622 worker_log:584 24651 MainThread [INFO]  Received executor task 2311
2023-06-30 15:38:53.829 worker_log:602 24651 MainThread [INFO]  Completed executor task 2311
2023-06-30 15:38:53.829 worker_log:613 24651 MainThread [INFO]  All processing finished for executor task 2311
2023-06-30 15:39:56.967 worker_log:584 24651 MainThread [INFO]  Received executor task 2321
2023-06-30 15:40:20.019 worker_log:602 24651 MainThread [INFO]  Completed executor task 2321
2023-06-30 15:40:20.019 worker_log:613 24651 MainThread [INFO]  All processing finished for executor task 2321
2023-06-30 15:41:19.080 worker_log:584 24651 MainThread [INFO]  Received executor task 2339
2023-06-30 15:41:57.642 worker_log:602 24651 MainThread [INFO]  Completed executor task 2339
2023-06-30 15:41:57.643 worker_log:613 24651 MainThread [INFO]  All processing finished for executor task 2339
2023-06-30 15:42:29.774 worker_log:584 24651 MainThread [INFO]  Received executor task 2360
2023-06-30 15:43:23.966 worker_log:602 24651 MainThread [INFO]  Completed executor task 2360
2023-06-30 15:43:23.966 worker_log:613 24651 MainThread [INFO]  All processing finished for executor task 2360
2023-06-30 15:43:34.518 worker_log:584 24651 MainThread [INFO]  Received executor task 2380
2023-06-30 15:44:12.197 worker_log:602 24651 MainThread [INFO]  Completed executor task 2380
2023-06-30 15:44:12.197 worker_log:613 24651 MainThread [INFO]  All processing finished for executor task 2380
2023-06-30 15:45:09.014 worker_log:584 24651 MainThread [INFO]  Received executor task 2392
2023-06-30 15:45:45.983 worker_log:602 24651 MainThread [INFO]  Completed executor task 2392
2023-06-30 15:45:45.983 worker_log:613 24651 MainThread [INFO]  All processing finished for executor task 2392
2023-06-30 15:46:22.601 worker_log:584 24651 MainThread [INFO]  Received executor task 2407
2023-06-30 15:47:06.237 worker_log:602 24651 MainThread [INFO]  Completed executor task 2407
2023-06-30 15:47:06.237 worker_log:613 24651 MainThread [INFO]  All processing finished for executor task 2407
2023-06-30 15:47:36.486 worker_log:584 24651 MainThread [INFO]  Received executor task 2427
2023-06-30 15:48:01.928 worker_log:602 24651 MainThread [INFO]  Completed executor task 2427
2023-06-30 15:48:01.928 worker_log:613 24651 MainThread [INFO]  All processing finished for executor task 2427
2023-06-30 15:48:37.224 worker_log:584 24651 MainThread [INFO]  Received executor task 2434
2023-06-30 15:49:19.431 worker_log:602 24651 MainThread [INFO]  Completed executor task 2434
2023-06-30 15:49:19.432 worker_log:613 24651 MainThread [INFO]  All processing finished for executor task 2434
2023-06-30 15:50:02.202 worker_log:584 24651 MainThread [INFO]  Received executor task 2453
2023-06-30 15:50:25.375 worker_log:602 24651 MainThread [INFO]  Completed executor task 2453
2023-06-30 15:50:25.376 worker_log:613 24651 MainThread [INFO]  All processing finished for executor task 2453
2023-06-30 15:51:11.116 worker_log:584 24651 MainThread [INFO]  Received executor task 2466
2023-06-30 15:52:12.932 worker_log:602 24651 MainThread [INFO]  Completed executor task 2466
2023-06-30 15:52:12.932 worker_log:613 24651 MainThread [INFO]  All processing finished for executor task 2466
2023-06-30 15:52:27.351 worker_log:584 24651 MainThread [INFO]  Received executor task 2492
2023-06-30 15:53:25.972 worker_log:602 24651 MainThread [INFO]  Completed executor task 2492
2023-06-30 15:53:25.972 worker_log:613 24651 MainThread [INFO]  All processing finished for executor task 2492
2023-06-30 15:53:57.392 worker_log:584 24651 MainThread [INFO]  Received executor task 2509
2023-06-30 15:54:49.180 worker_log:602 24651 MainThread [INFO]  Completed executor task 2509
2023-06-30 15:54:49.181 worker_log:613 24651 MainThread [INFO]  All processing finished for executor task 2509
2023-06-30 15:55:46.382 worker_log:584 24651 MainThread [INFO]  Received executor task 2525
2023-06-30 15:56:13.745 worker_log:602 24651 MainThread [INFO]  Completed executor task 2525
2023-06-30 15:56:13.745 worker_log:613 24651 MainThread [INFO]  All processing finished for executor task 2525
2023-06-30 15:56:39.898 worker_log:584 24651 MainThread [INFO]  Received executor task 2534
2023-06-30 15:57:47.193 worker_log:602 24651 MainThread [INFO]  Completed executor task 2534
2023-06-30 15:57:47.193 worker_log:613 24651 MainThread [INFO]  All processing finished for executor task 2534
2023-06-30 15:58:08.512 worker_log:584 24651 MainThread [INFO]  Received executor task 2558
2023-06-30 15:58:55.988 worker_log:602 24651 MainThread [INFO]  Completed executor task 2558
2023-06-30 15:58:55.988 worker_log:613 24651 MainThread [INFO]  All processing finished for executor task 2558
2023-06-30 15:59:11.250 worker_log:584 24651 MainThread [INFO]  Received executor task 2572
2023-06-30 15:59:48.878 worker_log:602 24651 MainThread [INFO]  Completed executor task 2572
2023-06-30 15:59:48.879 worker_log:613 24651 MainThread [INFO]  All processing finished for executor task 2572
2023-06-30 16:00:00.790 worker_log:584 24651 MainThread [INFO]  Received executor task 2586
2023-06-30 16:00:33.021 worker_log:602 24651 MainThread [INFO]  Completed executor task 2586
2023-06-30 16:00:33.021 worker_log:613 24651 MainThread [INFO]  All processing finished for executor task 2586
2023-06-30 16:01:29.690 worker_log:584 24651 MainThread [INFO]  Received executor task 2598
2023-06-30 16:02:26.154 worker_log:602 24651 MainThread [INFO]  Completed executor task 2598
2023-06-30 16:02:26.154 worker_log:613 24651 MainThread [INFO]  All processing finished for executor task 2598
2023-06-30 16:02:27.033 worker_log:584 24651 MainThread [INFO]  Received executor task 2624
2023-06-30 16:03:00.597 worker_log:602 24651 MainThread [INFO]  Completed executor task 2624
2023-06-30 16:03:00.597 worker_log:613 24651 MainThread [INFO]  All processing finished for executor task 2624
2023-06-30 16:03:48.697 worker_log:584 24651 MainThread [INFO]  Received executor task 2628
2023-06-30 16:04:22.912 worker_log:602 24651 MainThread [INFO]  Completed executor task 2628
2023-06-30 16:04:22.912 worker_log:613 24651 MainThread [INFO]  All processing finished for executor task 2628
2023-06-30 16:05:37.225 worker_log:584 24651 MainThread [INFO]  Received executor task 2646
2023-06-30 16:06:15.853 worker_log:602 24651 MainThread [INFO]  Completed executor task 2646
2023-06-30 16:06:15.853 worker_log:613 24651 MainThread [INFO]  All processing finished for executor task 2646
2023-06-30 16:07:01.376 worker_log:584 24651 MainThread [INFO]  Received executor task 2666
2023-06-30 16:07:23.474 worker_log:602 24651 MainThread [INFO]  Completed executor task 2666
2023-06-30 16:07:23.474 worker_log:613 24651 MainThread [INFO]  All processing finished for executor task 2666
2023-06-30 16:08:04.965 worker_log:584 24651 MainThread [INFO]  Received executor task 2675
2023-06-30 16:08:31.205 worker_log:602 24651 MainThread [INFO]  Completed executor task 2675
2023-06-30 16:08:31.205 worker_log:613 24651 MainThread [INFO]  All processing finished for executor task 2675
2023-06-30 16:09:19.710 worker_log:584 24651 MainThread [INFO]  Received executor task 2695
2023-06-30 16:10:05.111 worker_log:602 24651 MainThread [INFO]  Completed executor task 2695
2023-06-30 16:10:05.111 worker_log:613 24651 MainThread [INFO]  All processing finished for executor task 2695
2023-06-30 16:10:35.805 worker_log:584 24651 MainThread [INFO]  Received executor task 2713
2023-06-30 16:11:07.247 worker_log:602 24651 MainThread [INFO]  Completed executor task 2713
2023-06-30 16:11:07.247 worker_log:613 24651 MainThread [INFO]  All processing finished for executor task 2713
2023-06-30 16:11:50.840 worker_log:584 24651 MainThread [INFO]  Received executor task 2724
2023-06-30 16:12:41.949 worker_log:602 24651 MainThread [INFO]  Completed executor task 2724
2023-06-30 16:12:41.949 worker_log:613 24651 MainThread [INFO]  All processing finished for executor task 2724
2023-06-30 16:13:25.164 worker_log:584 24651 MainThread [INFO]  Received executor task 2745
2023-06-30 16:13:55.523 worker_log:602 24651 MainThread [INFO]  Completed executor task 2745
2023-06-30 16:13:55.524 worker_log:613 24651 MainThread [INFO]  All processing finished for executor task 2745
2023-06-30 16:14:25.986 worker_log:584 24651 MainThread [INFO]  Received executor task 2760
2023-06-30 16:15:20.797 worker_log:602 24651 MainThread [INFO]  Completed executor task 2760
2023-06-30 16:15:20.797 worker_log:613 24651 MainThread [INFO]  All processing finished for executor task 2760
2023-06-30 16:15:49.186 worker_log:584 24651 MainThread [INFO]  Received executor task 2781
2023-06-30 16:16:24.187 worker_log:602 24651 MainThread [INFO]  Completed executor task 2781
2023-06-30 16:16:24.187 worker_log:613 24651 MainThread [INFO]  All processing finished for executor task 2781
2023-06-30 16:17:17.016 worker_log:584 24651 MainThread [INFO]  Received executor task 2790
2023-06-30 16:17:50.127 worker_log:602 24651 MainThread [INFO]  Completed executor task 2790
2023-06-30 16:17:50.127 worker_log:613 24651 MainThread [INFO]  All processing finished for executor task 2790
2023-06-30 16:18:14.957 worker_log:584 24651 MainThread [INFO]  Received executor task 2805
2023-06-30 16:18:40.521 worker_log:602 24651 MainThread [INFO]  Completed executor task 2805
2023-06-30 16:18:40.521 worker_log:613 24651 MainThread [INFO]  All processing finished for executor task 2805
2023-06-30 16:19:42.164 worker_log:584 24651 MainThread [INFO]  Received executor task 2821
2023-06-30 16:20:18.258 worker_log:602 24651 MainThread [INFO]  Completed executor task 2821
2023-06-30 16:20:18.259 worker_log:613 24651 MainThread [INFO]  All processing finished for executor task 2821
2023-06-30 16:20:49.753 worker_log:584 24651 MainThread [INFO]  Received executor task 2839
2023-06-30 16:21:26.390 worker_log:602 24651 MainThread [INFO]  Completed executor task 2839
2023-06-30 16:21:26.391 worker_log:613 24651 MainThread [INFO]  All processing finished for executor task 2839
2023-06-30 16:22:00.016 worker_log:584 24651 MainThread [INFO]  Received executor task 2857
2023-06-30 16:22:46.478 worker_log:602 24651 MainThread [INFO]  Completed executor task 2857
2023-06-30 16:22:46.479 worker_log:613 24651 MainThread [INFO]  All processing finished for executor task 2857
2023-06-30 16:23:16.892 worker_log:584 24651 MainThread [INFO]  Received executor task 2878
2023-06-30 16:24:12.282 worker_log:602 24651 MainThread [INFO]  Completed executor task 2878
2023-06-30 16:24:12.283 worker_log:613 24651 MainThread [INFO]  All processing finished for executor task 2878
2023-06-30 16:24:29.122 worker_log:584 24651 MainThread [INFO]  Received executor task 2895
2023-06-30 16:25:46.521 worker_log:602 24651 MainThread [INFO]  Completed executor task 2895
2023-06-30 16:25:46.522 worker_log:613 24651 MainThread [INFO]  All processing finished for executor task 2895
2023-06-30 16:25:59.071 worker_log:584 24651 MainThread [INFO]  Received executor task 2911
2023-06-30 16:26:16.915 worker_log:602 24651 MainThread [INFO]  Completed executor task 2911
2023-06-30 16:26:16.916 worker_log:613 24651 MainThread [INFO]  All processing finished for executor task 2911
2023-06-30 16:27:12.725 worker_log:584 24651 MainThread [INFO]  Received executor task 2914
2023-06-30 16:28:23.762 worker_log:602 24651 MainThread [INFO]  Completed executor task 2914
2023-06-30 16:28:23.762 worker_log:613 24651 MainThread [INFO]  All processing finished for executor task 2914
2023-06-30 16:28:24.894 worker_log:584 24651 MainThread [INFO]  Received executor task 2944
2023-06-30 16:28:42.444 worker_log:602 24651 MainThread [INFO]  Completed executor task 2944
2023-06-30 16:28:42.444 worker_log:613 24651 MainThread [INFO]  All processing finished for executor task 2944
2023-06-30 16:30:13.164 worker_log:584 24651 MainThread [INFO]  Received executor task 2946
2023-06-30 16:30:39.995 worker_log:602 24651 MainThread [INFO]  Completed executor task 2946
2023-06-30 16:30:39.996 worker_log:613 24651 MainThread [INFO]  All processing finished for executor task 2946
2023-06-30 16:31:19.848 worker_log:584 24651 MainThread [INFO]  Received executor task 2964
2023-06-30 16:31:53.514 worker_log:602 24651 MainThread [INFO]  Completed executor task 2964
2023-06-30 16:31:53.514 worker_log:613 24651 MainThread [INFO]  All processing finished for executor task 2964
2023-06-30 16:32:31.522 worker_log:584 24651 MainThread [INFO]  Received executor task 2983
2023-06-30 16:33:32.488 worker_log:602 24651 MainThread [INFO]  Completed executor task 2983
2023-06-30 16:33:32.489 worker_log:613 24651 MainThread [INFO]  All processing finished for executor task 2983
2023-06-30 16:33:58.329 worker_log:584 24651 MainThread [INFO]  Received executor task 3007
2023-06-30 16:34:18.718 worker_log:602 24651 MainThread [INFO]  Completed executor task 3007
2023-06-30 16:34:18.718 worker_log:613 24651 MainThread [INFO]  All processing finished for executor task 3007
2023-06-30 16:35:11.340 worker_log:584 24651 MainThread [INFO]  Received executor task 3010
2023-06-30 16:36:51.144 worker_log:602 24651 MainThread [INFO]  Completed executor task 3010
2023-06-30 16:36:51.145 worker_log:613 24651 MainThread [INFO]  All processing finished for executor task 3010
2023-06-30 16:37:01.353 worker_log:584 24651 MainThread [INFO]  Received executor task 3037
2023-06-30 16:37:38.848 worker_log:602 24651 MainThread [INFO]  Completed executor task 3037
2023-06-30 16:37:38.848 worker_log:613 24651 MainThread [INFO]  All processing finished for executor task 3037
2023-06-30 16:38:11.649 worker_log:584 24651 MainThread [INFO]  Received executor task 3048
2023-06-30 16:38:34.363 worker_log:602 24651 MainThread [INFO]  Completed executor task 3048
2023-06-30 16:38:34.364 worker_log:613 24651 MainThread [INFO]  All processing finished for executor task 3048
2023-06-30 16:39:31.320 worker_log:584 24651 MainThread [INFO]  Received executor task 3059
2023-06-30 16:40:10.423 worker_log:602 24651 MainThread [INFO]  Completed executor task 3059
2023-06-30 16:40:10.424 worker_log:613 24651 MainThread [INFO]  All processing finished for executor task 3059
2023-06-30 16:40:46.113 worker_log:584 24651 MainThread [INFO]  Received executor task 3083
2023-06-30 16:41:02.554 worker_log:602 24651 MainThread [INFO]  Completed executor task 3083
2023-06-30 16:41:02.554 worker_log:613 24651 MainThread [INFO]  All processing finished for executor task 3083
2023-06-30 16:41:43.820 worker_log:584 24651 MainThread [INFO]  Received executor task 3091
2023-06-30 16:42:20.520 worker_log:602 24651 MainThread [INFO]  Completed executor task 3091
2023-06-30 16:42:20.520 worker_log:613 24651 MainThread [INFO]  All processing finished for executor task 3091
2023-06-30 16:42:44.994 worker_log:584 24651 MainThread [INFO]  Received executor task 3116
2023-06-30 16:43:35.546 worker_log:602 24651 MainThread [INFO]  Completed executor task 3116
2023-06-30 16:43:35.546 worker_log:613 24651 MainThread [INFO]  All processing finished for executor task 3116
2023-06-30 16:43:44.255 worker_log:584 24651 MainThread [INFO]  Received executor task 3130
2023-06-30 16:44:09.087 worker_log:602 24651 MainThread [INFO]  Completed executor task 3130
2023-06-30 16:44:09.087 worker_log:613 24651 MainThread [INFO]  All processing finished for executor task 3130
2023-06-30 16:44:49.711 worker_log:584 24651 MainThread [INFO]  Received executor task 3139
2023-06-30 16:45:12.868 worker_log:602 24651 MainThread [INFO]  Completed executor task 3139
2023-06-30 16:45:12.868 worker_log:613 24651 MainThread [INFO]  All processing finished for executor task 3139
2023-06-30 16:46:11.647 worker_log:584 24651 MainThread [INFO]  Received executor task 3156
2023-06-30 16:47:05.391 worker_log:602 24651 MainThread [INFO]  Completed executor task 3156
2023-06-30 16:47:05.391 worker_log:613 24651 MainThread [INFO]  All processing finished for executor task 3156
2023-06-30 16:47:16.914 worker_log:584 24651 MainThread [INFO]  Received executor task 3181
2023-06-30 16:48:04.614 worker_log:602 24651 MainThread [INFO]  Completed executor task 3181
2023-06-30 16:48:04.615 worker_log:613 24651 MainThread [INFO]  All processing finished for executor task 3181
2023-06-30 16:49:35.023 worker_log:584 24651 MainThread [INFO]  Received executor task 3194
2023-06-30 16:49:54.949 worker_log:602 24651 MainThread [INFO]  Completed executor task 3194
2023-06-30 16:49:54.949 worker_log:613 24651 MainThread [INFO]  All processing finished for executor task 3194
2023-06-30 16:50:54.281 worker_log:584 24651 MainThread [INFO]  Received executor task 3201
2023-06-30 16:52:06.440 worker_log:602 24651 MainThread [INFO]  Completed executor task 3201
2023-06-30 16:52:06.441 worker_log:613 24651 MainThread [INFO]  All processing finished for executor task 3201
2023-06-30 16:52:07.593 worker_log:584 24651 MainThread [INFO]  Received executor task 3232
2023-06-30 16:52:54.541 worker_log:602 24651 MainThread [INFO]  Completed executor task 3232
2023-06-30 16:52:54.541 worker_log:613 24651 MainThread [INFO]  All processing finished for executor task 3232
2023-06-30 16:53:47.936 worker_log:584 24651 MainThread [INFO]  Received executor task 3244
2023-06-30 16:54:08.831 worker_log:602 24651 MainThread [INFO]  Completed executor task 3244
2023-06-30 16:54:08.832 worker_log:613 24651 MainThread [INFO]  All processing finished for executor task 3244
2023-06-30 16:54:55.628 worker_log:584 24651 MainThread [INFO]  Received executor task 3251
2023-06-30 16:55:51.029 worker_log:602 24651 MainThread [INFO]  Completed executor task 3251
2023-06-30 16:55:51.030 worker_log:613 24651 MainThread [INFO]  All processing finished for executor task 3251
2023-06-30 16:56:35.578 worker_log:584 24651 MainThread [INFO]  Received executor task 3278
2023-06-30 16:57:07.682 worker_log:602 24651 MainThread [INFO]  Completed executor task 3278
2023-06-30 16:57:07.683 worker_log:613 24651 MainThread [INFO]  All processing finished for executor task 3278
2023-06-30 16:57:49.198 worker_log:584 24651 MainThread [INFO]  Received executor task 3287
2023-06-30 16:58:51.399 worker_log:602 24651 MainThread [INFO]  Completed executor task 3287
2023-06-30 16:58:51.400 worker_log:613 24651 MainThread [INFO]  All processing finished for executor task 3287
2023-06-30 17:00:17.164 worker_log:584 24651 MainThread [INFO]  Received executor task 3310
2023-06-30 17:00:34.943 worker_log:602 24651 MainThread [INFO]  Completed executor task 3310
2023-06-30 17:00:34.943 worker_log:613 24651 MainThread [INFO]  All processing finished for executor task 3310
2023-06-30 17:01:32.966 worker_log:584 24651 MainThread [INFO]  Received executor task 3313
2023-06-30 17:02:01.137 worker_log:602 24651 MainThread [INFO]  Completed executor task 3313
2023-06-30 17:02:01.137 worker_log:613 24651 MainThread [INFO]  All processing finished for executor task 3313
2023-06-30 17:02:38.363 worker_log:584 24651 MainThread [INFO]  Received executor task 3336
2023-06-30 17:03:27.050 worker_log:602 24651 MainThread [INFO]  Completed executor task 3336
2023-06-30 17:03:27.051 worker_log:613 24651 MainThread [INFO]  All processing finished for executor task 3336
2023-06-30 17:04:14.029 worker_log:584 24651 MainThread [INFO]  Received executor task 3352
2023-06-30 17:05:24.426 worker_log:602 24651 MainThread [INFO]  Completed executor task 3352
2023-06-30 17:05:24.427 worker_log:613 24651 MainThread [INFO]  All processing finished for executor task 3352
2023-06-30 17:06:00.783 worker_log:584 24651 MainThread [INFO]  Received executor task 3374
2023-06-30 17:06:49.339 worker_log:602 24651 MainThread [INFO]  Completed executor task 3374
2023-06-30 17:06:49.340 worker_log:613 24651 MainThread [INFO]  All processing finished for executor task 3374
2023-06-30 17:07:07.232 worker_log:584 24651 MainThread [INFO]  Received executor task 3386
2023-06-30 17:08:17.175 worker_log:602 24651 MainThread [INFO]  Completed executor task 3386
2023-06-30 17:08:17.175 worker_log:613 24651 MainThread [INFO]  All processing finished for executor task 3386
2023-06-30 17:08:35.537 worker_log:584 24651 MainThread [INFO]  Received executor task 3407
2023-06-30 17:09:15.738 worker_log:602 24651 MainThread [INFO]  Completed executor task 3407
2023-06-30 17:09:15.742 worker_log:613 24651 MainThread [INFO]  All processing finished for executor task 3407
2023-06-30 17:10:14.758 worker_log:584 24651 MainThread [INFO]  Received executor task 3417
2023-06-30 17:11:09.280 worker_log:602 24651 MainThread [INFO]  Completed executor task 3417
2023-06-30 17:11:09.280 worker_log:613 24651 MainThread [INFO]  All processing finished for executor task 3417
2023-06-30 17:11:52.760 worker_log:584 24651 MainThread [INFO]  Received executor task 3437
2023-06-30 17:12:39.516 worker_log:602 24651 MainThread [INFO]  Completed executor task 3437
2023-06-30 17:12:39.517 worker_log:613 24651 MainThread [INFO]  All processing finished for executor task 3437
2023-06-30 17:13:01.792 worker_log:584 24651 MainThread [INFO]  Received executor task 3452
2023-06-30 17:14:01.464 worker_log:602 24651 MainThread [INFO]  Completed executor task 3452
2023-06-30 17:14:01.464 worker_log:613 24651 MainThread [INFO]  All processing finished for executor task 3452
2023-06-30 17:14:15.016 worker_log:584 24651 MainThread [INFO]  Received executor task 3471
2023-06-30 17:15:08.014 worker_log:602 24651 MainThread [INFO]  Completed executor task 3471
2023-06-30 17:15:08.014 worker_log:613 24651 MainThread [INFO]  All processing finished for executor task 3471
2023-06-30 17:15:48.457 worker_log:584 24651 MainThread [INFO]  Received executor task 3483
2023-06-30 17:17:10.089 worker_log:602 24651 MainThread [INFO]  Completed executor task 3483
2023-06-30 17:17:10.090 worker_log:613 24651 MainThread [INFO]  All processing finished for executor task 3483
2023-06-30 17:17:11.480 worker_log:584 24651 MainThread [INFO]  Received executor task 3504
2023-06-30 17:17:42.658 worker_log:602 24651 MainThread [INFO]  Completed executor task 3504
2023-06-30 17:17:42.659 worker_log:613 24651 MainThread [INFO]  All processing finished for executor task 3504
2023-06-30 17:18:34.110 worker_log:584 24651 MainThread [INFO]  Received executor task 3508
2023-06-30 17:19:10.700 worker_log:602 24651 MainThread [INFO]  Completed executor task 3508
2023-06-30 17:19:10.701 worker_log:613 24651 MainThread [INFO]  All processing finished for executor task 3508
2023-06-30 17:20:18.451 worker_log:584 24651 MainThread [INFO]  Received executor task 3525
2023-06-30 17:21:08.597 worker_log:602 24651 MainThread [INFO]  Completed executor task 3525
2023-06-30 17:21:08.598 worker_log:613 24651 MainThread [INFO]  All processing finished for executor task 3525
2023-06-30 17:21:16.569 worker_log:584 24651 MainThread [INFO]  Received executor task 3547
2023-06-30 17:21:37.355 worker_log:602 24651 MainThread [INFO]  Completed executor task 3547
2023-06-30 17:21:37.355 worker_log:613 24651 MainThread [INFO]  All processing finished for executor task 3547
2023-06-30 17:22:30.848 worker_log:584 24651 MainThread [INFO]  Received executor task 3556
2023-06-30 17:23:14.265 worker_log:602 24651 MainThread [INFO]  Completed executor task 3556
2023-06-30 17:23:14.265 worker_log:613 24651 MainThread [INFO]  All processing finished for executor task 3556
2023-06-30 17:24:06.689 worker_log:584 24651 MainThread [INFO]  Received executor task 3578
2023-06-30 17:24:37.332 worker_log:602 24651 MainThread [INFO]  Completed executor task 3578
2023-06-30 17:24:37.332 worker_log:613 24651 MainThread [INFO]  All processing finished for executor task 3578
2023-06-30 17:25:21.872 worker_log:584 24651 MainThread [INFO]  Received executor task 3591
2023-06-30 17:25:57.118 worker_log:602 24651 MainThread [INFO]  Completed executor task 3591
2023-06-30 17:25:57.119 worker_log:613 24651 MainThread [INFO]  All processing finished for executor task 3591
2023-06-30 17:26:42.132 worker_log:584 24651 MainThread [INFO]  Received executor task 3612
2023-06-30 17:27:22.488 worker_log:602 24651 MainThread [INFO]  Completed executor task 3612
2023-06-30 17:27:22.489 worker_log:613 24651 MainThread [INFO]  All processing finished for executor task 3612
2023-06-30 17:28:07.250 worker_log:584 24651 MainThread [INFO]  Received executor task 3626
2023-06-30 17:29:15.789 worker_log:602 24651 MainThread [INFO]  Completed executor task 3626
2023-06-30 17:29:15.790 worker_log:613 24651 MainThread [INFO]  All processing finished for executor task 3626
2023-06-30 17:29:22.215 worker_log:584 24651 MainThread [INFO]  Received executor task 3647
2023-06-30 17:30:20.637 worker_log:602 24651 MainThread [INFO]  Completed executor task 3647
2023-06-30 17:30:20.638 worker_log:613 24651 MainThread [INFO]  All processing finished for executor task 3647
2023-06-30 17:31:08.787 worker_log:584 24651 MainThread [INFO]  Received executor task 3660
2023-06-30 17:31:43.414 worker_log:602 24651 MainThread [INFO]  Completed executor task 3660
2023-06-30 17:31:43.414 worker_log:613 24651 MainThread [INFO]  All processing finished for executor task 3660
2023-06-30 17:32:25.081 worker_log:584 24651 MainThread [INFO]  Received executor task 3670
2023-06-30 17:33:12.930 worker_log:602 24651 MainThread [INFO]  Completed executor task 3670
2023-06-30 17:33:12.930 worker_log:613 24651 MainThread [INFO]  All processing finished for executor task 3670
2023-06-30 17:33:47.914 worker_log:584 24651 MainThread [INFO]  Received executor task 3692
2023-06-30 17:34:17.391 worker_log:602 24651 MainThread [INFO]  Completed executor task 3692
2023-06-30 17:34:17.392 worker_log:613 24651 MainThread [INFO]  All processing finished for executor task 3692
2023-06-30 17:34:56.667 worker_log:584 24651 MainThread [INFO]  Received executor task 3701
2023-06-30 17:35:52.160 worker_log:602 24651 MainThread [INFO]  Completed executor task 3701
2023-06-30 17:35:52.160 worker_log:613 24651 MainThread [INFO]  All processing finished for executor task 3701
2023-06-30 17:36:13.534 worker_log:584 24651 MainThread [INFO]  Received executor task 3727
2023-06-30 17:37:00.516 worker_log:602 24651 MainThread [INFO]  Completed executor task 3727
2023-06-30 17:37:00.516 worker_log:613 24651 MainThread [INFO]  All processing finished for executor task 3727
2023-06-30 17:37:28.371 worker_log:584 24651 MainThread [INFO]  Received executor task 3738
2023-06-30 17:38:30.571 worker_log:602 24651 MainThread [INFO]  Completed executor task 3738
2023-06-30 17:38:30.571 worker_log:613 24651 MainThread [INFO]  All processing finished for executor task 3738
2023-06-30 17:38:31.995 worker_log:584 24651 MainThread [INFO]  Received executor task 3760
2023-06-30 17:39:49.414 worker_log:602 24651 MainThread [INFO]  Completed executor task 3760
2023-06-30 17:39:49.414 worker_log:613 24651 MainThread [INFO]  All processing finished for executor task 3760
2023-06-30 17:39:50.219 worker_log:584 24651 MainThread [INFO]  Received executor task 3776
2023-06-30 17:41:39.939 worker_log:602 24651 MainThread [INFO]  Completed executor task 3776
2023-06-30 17:41:39.939 worker_log:613 24651 MainThread [INFO]  All processing finished for executor task 3776
2023-06-30 17:41:40.969 worker_log:584 24651 MainThread [INFO]  Received executor task 3792
2023-06-30 17:43:00.549 worker_log:602 24651 MainThread [INFO]  Completed executor task 3792
2023-06-30 17:43:00.550 worker_log:613 24651 MainThread [INFO]  All processing finished for executor task 3792
2023-06-30 17:43:02.086 worker_log:584 24651 MainThread [INFO]  Received executor task 3808
2023-06-30 17:43:10.672 worker_log:602 24651 MainThread [INFO]  Completed executor task 3808
2023-06-30 17:43:10.673 worker_log:613 24651 MainThread [INFO]  All processing finished for executor task 3808
2023-06-30 17:44:51.429 worker_log:584 24651 MainThread [INFO]  Received executor task 3809
2023-06-30 17:45:57.177 worker_log:602 24651 MainThread [INFO]  Completed executor task 3809
2023-06-30 17:45:57.178 worker_log:613 24651 MainThread [INFO]  All processing finished for executor task 3809
2023-06-30 17:45:59.341 worker_log:584 24651 MainThread [INFO]  Received executor task 3839
2023-06-30 17:46:29.064 worker_log:602 24651 MainThread [INFO]  Completed executor task 3839
2023-06-30 17:46:29.064 worker_log:613 24651 MainThread [INFO]  All processing finished for executor task 3839
2023-06-30 17:47:22.098 worker_log:584 24651 MainThread [INFO]  Received executor task 3842
2023-06-30 17:47:57.653 worker_log:602 24651 MainThread [INFO]  Completed executor task 3842
2023-06-30 17:47:57.653 worker_log:613 24651 MainThread [INFO]  All processing finished for executor task 3842
2023-06-30 17:48:41.638 worker_log:584 24651 MainThread [INFO]  Received executor task 3866
2023-06-30 17:48:54.202 worker_log:602 24651 MainThread [INFO]  Completed executor task 3866
2023-06-30 17:48:54.203 worker_log:613 24651 MainThread [INFO]  All processing finished for executor task 3866
2023-06-30 17:50:01.908 worker_log:584 24651 MainThread [INFO]  Received executor task 3874
2023-06-30 17:50:48.777 worker_log:602 24651 MainThread [INFO]  Completed executor task 3874
2023-06-30 17:50:48.777 worker_log:613 24651 MainThread [INFO]  All processing finished for executor task 3874
2023-06-30 17:51:01.607 worker_log:584 24651 MainThread [INFO]  Received executor task 3900
2023-06-30 17:51:37.728 worker_log:602 24651 MainThread [INFO]  Completed executor task 3900
2023-06-30 17:51:37.728 worker_log:613 24651 MainThread [INFO]  All processing finished for executor task 3900
2023-06-30 17:52:40.292 worker_log:584 24651 MainThread [INFO]  Received executor task 3915
2023-06-30 17:53:36.537 worker_log:602 24651 MainThread [INFO]  Completed executor task 3915
2023-06-30 17:53:36.537 worker_log:613 24651 MainThread [INFO]  All processing finished for executor task 3915
2023-06-30 17:53:37.469 worker_log:584 24651 MainThread [INFO]  Received executor task 3936
2023-06-30 17:53:57.188 worker_log:602 24651 MainThread [INFO]  Completed executor task 3936
2023-06-30 17:53:57.188 worker_log:613 24651 MainThread [INFO]  All processing finished for executor task 3936
2023-06-30 17:54:48.906 worker_log:584 24651 MainThread [INFO]  Received executor task 3938
2023-06-30 17:55:50.263 worker_log:602 24651 MainThread [INFO]  Completed executor task 3938
2023-06-30 17:55:50.263 worker_log:613 24651 MainThread [INFO]  All processing finished for executor task 3938
2023-06-30 17:56:03.419 worker_log:584 24651 MainThread [INFO]  Received executor task 3967
2023-06-30 17:56:49.655 worker_log:602 24651 MainThread [INFO]  Completed executor task 3967
2023-06-30 17:56:49.656 worker_log:613 24651 MainThread [INFO]  All processing finished for executor task 3967
2023-06-30 17:57:37.767 worker_log:584 24651 MainThread [INFO]  Received executor task 3979
2023-06-30 17:58:16.300 worker_log:602 24651 MainThread [INFO]  Completed executor task 3979
2023-06-30 17:58:16.300 worker_log:613 24651 MainThread [INFO]  All processing finished for executor task 3979
2023-06-30 17:58:47.826 worker_log:584 24651 MainThread [INFO]  Received executor task 3995
2023-06-30 17:59:36.190 worker_log:602 24651 MainThread [INFO]  Completed executor task 3995
2023-06-30 17:59:36.190 worker_log:613 24651 MainThread [INFO]  All processing finished for executor task 3995
2023-06-30 17:59:52.945 worker_log:584 24651 MainThread [INFO]  Received executor task 4012
2023-06-30 18:01:22.765 worker_log:602 24651 MainThread [INFO]  Completed executor task 4012
2023-06-30 18:01:22.766 worker_log:613 24651 MainThread [INFO]  All processing finished for executor task 4012
2023-06-30 18:01:24.141 worker_log:584 24651 MainThread [INFO]  Received executor task 4032
2023-06-30 18:02:03.731 worker_log:602 24651 MainThread [INFO]  Completed executor task 4032
2023-06-30 18:02:03.732 worker_log:613 24651 MainThread [INFO]  All processing finished for executor task 4032
2023-06-30 18:02:42.751 worker_log:584 24651 MainThread [INFO]  Received executor task 4043
2023-06-30 18:03:11.291 worker_log:602 24651 MainThread [INFO]  Completed executor task 4043
2023-06-30 18:03:11.292 worker_log:613 24651 MainThread [INFO]  All processing finished for executor task 4043
2023-06-30 18:03:51.435 worker_log:584 24651 MainThread [INFO]  Received executor task 4051
2023-06-30 18:04:30.379 worker_log:602 24651 MainThread [INFO]  Completed executor task 4051
2023-06-30 18:04:30.380 worker_log:613 24651 MainThread [INFO]  All processing finished for executor task 4051
2023-06-30 18:05:02.312 worker_log:584 24651 MainThread [INFO]  Received executor task 4073
2023-06-30 18:05:23.290 worker_log:602 24651 MainThread [INFO]  Completed executor task 4073
2023-06-30 18:05:23.291 worker_log:613 24651 MainThread [INFO]  All processing finished for executor task 4073
2023-06-30 18:06:05.319 worker_log:584 24651 MainThread [INFO]  Received executor task 4082
2023-06-30 18:06:24.738 worker_log:602 24651 MainThread [INFO]  Completed executor task 4082
2023-06-30 18:06:24.739 worker_log:613 24651 MainThread [INFO]  All processing finished for executor task 4082
2023-06-30 18:07:23.804 worker_log:584 24651 MainThread [INFO]  Received executor task 4098
2023-06-30 18:07:42.661 worker_log:602 24651 MainThread [INFO]  Completed executor task 4098
2023-06-30 18:07:42.662 worker_log:613 24651 MainThread [INFO]  All processing finished for executor task 4098
2023-06-30 18:08:18.663 worker_log:584 24651 MainThread [INFO]  Received executor task 4113
2023-06-30 18:09:08.709 worker_log:602 24651 MainThread [INFO]  Completed executor task 4113
2023-06-30 18:09:08.709 worker_log:613 24651 MainThread [INFO]  All processing finished for executor task 4113
2023-06-30 18:09:44.600 worker_log:584 24651 MainThread [INFO]  Received executor task 4141
2023-06-30 18:10:05.104 worker_log:602 24651 MainThread [INFO]  Completed executor task 4141
2023-06-30 18:10:05.105 worker_log:613 24651 MainThread [INFO]  All processing finished for executor task 4141
2023-06-30 18:10:58.902 worker_log:584 24651 MainThread [INFO]  Received executor task 4145
2023-06-30 18:11:38.630 worker_log:602 24651 MainThread [INFO]  Completed executor task 4145
2023-06-30 18:11:38.631 worker_log:613 24651 MainThread [INFO]  All processing finished for executor task 4145
2023-06-30 18:12:15.395 worker_log:584 24651 MainThread [INFO]  Received executor task 4166
2023-06-30 18:13:06.860 worker_log:602 24651 MainThread [INFO]  Completed executor task 4166
2023-06-30 18:13:06.860 worker_log:613 24651 MainThread [INFO]  All processing finished for executor task 4166
2023-06-30 18:13:56.190 worker_log:584 24651 MainThread [INFO]  Received executor task 4187
2023-06-30 18:14:38.563 worker_log:602 24651 MainThread [INFO]  Completed executor task 4187
2023-06-30 18:14:38.564 worker_log:613 24651 MainThread [INFO]  All processing finished for executor task 4187
2023-06-30 18:15:03.376 worker_log:584 24651 MainThread [INFO]  Received executor task 4203
2023-06-30 18:15:30.870 worker_log:602 24651 MainThread [INFO]  Completed executor task 4203
2023-06-30 18:15:30.871 worker_log:613 24651 MainThread [INFO]  All processing finished for executor task 4203
2023-06-30 18:16:33.894 worker_log:584 24651 MainThread [INFO]  Received executor task 4209
2023-06-30 18:17:01.822 worker_log:602 24651 MainThread [INFO]  Completed executor task 4209
2023-06-30 18:17:01.823 worker_log:613 24651 MainThread [INFO]  All processing finished for executor task 4209
2023-06-30 18:17:45.242 worker_log:584 24651 MainThread [INFO]  Received executor task 4227
2023-06-30 18:18:55.429 worker_log:602 24651 MainThread [INFO]  Completed executor task 4227
2023-06-30 18:18:55.429 worker_log:613 24651 MainThread [INFO]  All processing finished for executor task 4227
2023-06-30 18:19:04.154 worker_log:584 24651 MainThread [INFO]  Received executor task 4253
2023-06-30 18:19:39.656 worker_log:602 24651 MainThread [INFO]  Completed executor task 4253
2023-06-30 18:19:39.657 worker_log:613 24651 MainThread [INFO]  All processing finished for executor task 4253
2023-06-30 18:19:57.424 worker_log:584 24651 MainThread [INFO]  Received executor task 4266
2023-06-30 18:20:26.824 worker_log:602 24651 MainThread [INFO]  Completed executor task 4266
2023-06-30 18:20:26.824 worker_log:613 24651 MainThread [INFO]  All processing finished for executor task 4266
2023-06-30 18:21:26.840 worker_log:584 24651 MainThread [INFO]  Received executor task 4276
2023-06-30 18:22:04.670 worker_log:602 24651 MainThread [INFO]  Completed executor task 4276
2023-06-30 18:22:04.671 worker_log:613 24651 MainThread [INFO]  All processing finished for executor task 4276
2023-06-30 18:22:30.030 worker_log:584 24651 MainThread [INFO]  Received executor task 4297
2023-06-30 18:23:25.155 worker_log:602 24651 MainThread [INFO]  Completed executor task 4297
2023-06-30 18:23:25.156 worker_log:613 24651 MainThread [INFO]  All processing finished for executor task 4297
2023-06-30 18:24:16.215 worker_log:584 24651 MainThread [INFO]  Received executor task 4318
2023-06-30 18:25:04.404 worker_log:602 24651 MainThread [INFO]  Completed executor task 4318
2023-06-30 18:25:04.405 worker_log:613 24651 MainThread [INFO]  All processing finished for executor task 4318
2023-06-30 18:25:46.323 worker_log:584 24651 MainThread [INFO]  Received executor task 4330
2023-06-30 18:26:38.282 worker_log:602 24651 MainThread [INFO]  Completed executor task 4330
2023-06-30 18:26:38.283 worker_log:613 24651 MainThread [INFO]  All processing finished for executor task 4330
2023-06-30 18:27:24.573 worker_log:584 24651 MainThread [INFO]  Received executor task 4347
2023-06-30 18:28:03.199 worker_log:602 24651 MainThread [INFO]  Completed executor task 4347
2023-06-30 18:28:03.199 worker_log:613 24651 MainThread [INFO]  All processing finished for executor task 4347
2023-06-30 18:28:18.564 worker_log:584 24651 MainThread [INFO]  Received executor task 4365
2023-06-30 18:29:11.139 worker_log:602 24651 MainThread [INFO]  Completed executor task 4365
2023-06-30 18:29:11.140 worker_log:613 24651 MainThread [INFO]  All processing finished for executor task 4365
2023-06-30 18:29:27.489 worker_log:584 24651 MainThread [INFO]  Received executor task 4377
2023-06-30 18:30:11.540 worker_log:602 24651 MainThread [INFO]  Completed executor task 4377
2023-06-30 18:30:11.540 worker_log:613 24651 MainThread [INFO]  All processing finished for executor task 4377
2023-06-30 18:30:36.709 worker_log:584 24651 MainThread [INFO]  Received executor task 4396
2023-06-30 18:31:33.003 worker_log:602 24651 MainThread [INFO]  Completed executor task 4396
2023-06-30 18:31:33.003 worker_log:613 24651 MainThread [INFO]  All processing finished for executor task 4396
2023-06-30 18:32:04.881 worker_log:584 24651 MainThread [INFO]  Received executor task 4413
2023-06-30 18:32:50.805 worker_log:602 24651 MainThread [INFO]  Completed executor task 4413
2023-06-30 18:32:50.806 worker_log:613 24651 MainThread [INFO]  All processing finished for executor task 4413
2023-06-30 18:33:27.364 worker_log:584 24651 MainThread [INFO]  Received executor task 4424
2023-06-30 18:33:51.098 worker_log:602 24651 MainThread [INFO]  Completed executor task 4424
2023-06-30 18:33:51.099 worker_log:613 24651 MainThread [INFO]  All processing finished for executor task 4424
2023-06-30 18:34:58.067 worker_log:584 24651 MainThread [INFO]  Received executor task 4435
2023-06-30 18:35:35.778 worker_log:602 24651 MainThread [INFO]  Completed executor task 4435
2023-06-30 18:35:35.779 worker_log:613 24651 MainThread [INFO]  All processing finished for executor task 4435
2023-06-30 18:36:16.017 worker_log:584 24651 MainThread [INFO]  Received executor task 4456
2023-06-30 18:37:14.183 worker_log:602 24651 MainThread [INFO]  Completed executor task 4456
2023-06-30 18:37:14.183 worker_log:613 24651 MainThread [INFO]  All processing finished for executor task 4456
2023-06-30 18:37:25.776 worker_log:584 24651 MainThread [INFO]  Received executor task 4476
2023-06-30 18:38:09.044 worker_log:602 24651 MainThread [INFO]  Completed executor task 4476
2023-06-30 18:38:09.044 worker_log:613 24651 MainThread [INFO]  All processing finished for executor task 4476
2023-06-30 18:38:20.245 worker_log:584 24651 MainThread [INFO]  Received executor task 4495
2023-06-30 18:38:58.325 worker_log:602 24651 MainThread [INFO]  Completed executor task 4495
2023-06-30 18:38:58.326 worker_log:613 24651 MainThread [INFO]  All processing finished for executor task 4495
2023-06-30 18:39:40.948 worker_log:584 24651 MainThread [INFO]  Received executor task 4508
2023-06-30 18:39:57.355 worker_log:602 24651 MainThread [INFO]  Completed executor task 4508
2023-06-30 18:39:57.356 worker_log:613 24651 MainThread [INFO]  All processing finished for executor task 4508
2023-06-30 18:41:45.404 worker_log:584 24651 MainThread [INFO]  Received executor task 4515
2023-06-30 18:42:31.165 worker_log:602 24651 MainThread [INFO]  Completed executor task 4515
2023-06-30 18:42:31.166 worker_log:613 24651 MainThread [INFO]  All processing finished for executor task 4515
2023-06-30 18:42:43.848 worker_log:584 24651 MainThread [INFO]  Received executor task 4538
2023-06-30 18:43:06.865 worker_log:602 24651 MainThread [INFO]  Completed executor task 4538
2023-06-30 18:43:06.866 worker_log:613 24651 MainThread [INFO]  All processing finished for executor task 4538
2023-06-30 18:43:54.592 worker_log:584 24651 MainThread [INFO]  Received executor task 4546
2023-06-30 18:44:26.896 worker_log:602 24651 MainThread [INFO]  Completed executor task 4546
2023-06-30 18:44:26.896 worker_log:613 24651 MainThread [INFO]  All processing finished for executor task 4546
2023-06-30 18:45:28.343 worker_log:584 24651 MainThread [INFO]  Received executor task 4565
2023-06-30 18:46:04.763 worker_log:602 24651 MainThread [INFO]  Completed executor task 4565
2023-06-30 18:46:04.763 worker_log:613 24651 MainThread [INFO]  All processing finished for executor task 4565
2023-06-30 18:46:46.207 worker_log:584 24651 MainThread [INFO]  Received executor task 4583
2023-06-30 18:47:14.781 worker_log:602 24651 MainThread [INFO]  Completed executor task 4583
2023-06-30 18:47:14.781 worker_log:613 24651 MainThread [INFO]  All processing finished for executor task 4583
2023-06-30 18:47:52.197 worker_log:584 24651 MainThread [INFO]  Received executor task 4599
2023-06-30 18:48:32.634 worker_log:602 24651 MainThread [INFO]  Completed executor task 4599
2023-06-30 18:48:32.634 worker_log:613 24651 MainThread [INFO]  All processing finished for executor task 4599
2023-06-30 18:48:56.558 worker_log:584 24651 MainThread [INFO]  Received executor task 4619
2023-06-30 18:49:46.718 worker_log:602 24651 MainThread [INFO]  Completed executor task 4619
2023-06-30 18:49:46.719 worker_log:613 24651 MainThread [INFO]  All processing finished for executor task 4619
2023-06-30 18:49:58.617 worker_log:584 24651 MainThread [INFO]  Received executor task 4633
2023-06-30 18:50:42.203 worker_log:602 24651 MainThread [INFO]  Completed executor task 4633
2023-06-30 18:50:42.203 worker_log:613 24651 MainThread [INFO]  All processing finished for executor task 4633
2023-06-30 18:51:09.654 worker_log:584 24651 MainThread [INFO]  Received executor task 4651
2023-06-30 18:51:24.706 worker_log:602 24651 MainThread [INFO]  Completed executor task 4651
2023-06-30 18:51:24.707 worker_log:613 24651 MainThread [INFO]  All processing finished for executor task 4651
2023-06-30 18:52:27.319 worker_log:584 24651 MainThread [INFO]  Received executor task 4657
2023-06-30 18:52:52.501 worker_log:602 24651 MainThread [INFO]  Completed executor task 4657
2023-06-30 18:52:52.502 worker_log:613 24651 MainThread [INFO]  All processing finished for executor task 4657
2023-06-30 18:54:01.518 worker_log:584 24651 MainThread [INFO]  Received executor task 4673
2023-06-30 18:54:53.546 worker_log:602 24651 MainThread [INFO]  Completed executor task 4673
2023-06-30 18:54:53.547 worker_log:613 24651 MainThread [INFO]  All processing finished for executor task 4673
2023-06-30 18:55:22.594 worker_log:584 24651 MainThread [INFO]  Received executor task 4699
2023-06-30 18:56:31.140 worker_log:602 24651 MainThread [INFO]  Completed executor task 4699
2023-06-30 18:56:31.141 worker_log:613 24651 MainThread [INFO]  All processing finished for executor task 4699
2023-06-30 18:56:44.263 worker_log:584 24651 MainThread [INFO]  Received executor task 4718
2023-06-30 18:57:07.064 worker_log:602 24651 MainThread [INFO]  Completed executor task 4718
2023-06-30 18:57:07.064 worker_log:613 24651 MainThread [INFO]  All processing finished for executor task 4718
2023-06-30 18:58:30.375 worker_log:584 24651 MainThread [INFO]  Received executor task 4724
2023-06-30 18:58:46.875 worker_log:602 24651 MainThread [INFO]  Completed executor task 4724
2023-06-30 18:58:46.875 worker_log:613 24651 MainThread [INFO]  All processing finished for executor task 4724
2023-06-30 18:59:48.963 worker_log:584 24651 MainThread [INFO]  Received executor task 4737
2023-06-30 19:01:10.707 worker_log:602 24651 MainThread [INFO]  Completed executor task 4737
2023-06-30 19:01:10.708 worker_log:613 24651 MainThread [INFO]  All processing finished for executor task 4737
2023-06-30 19:01:12.327 worker_log:584 24651 MainThread [INFO]  Received executor task 4768
2023-06-30 19:02:18.019 worker_log:602 24651 MainThread [INFO]  Completed executor task 4768
2023-06-30 19:02:18.019 worker_log:613 24651 MainThread [INFO]  All processing finished for executor task 4768
2023-06-30 19:02:19.088 worker_log:584 24651 MainThread [INFO]  Received executor task 4784
2023-06-30 19:02:46.983 worker_log:602 24651 MainThread [INFO]  Completed executor task 4784
2023-06-30 19:02:46.984 worker_log:613 24651 MainThread [INFO]  All processing finished for executor task 4784
2023-06-30 19:03:36.301 worker_log:584 24651 MainThread [INFO]  Received executor task 4789
2023-06-30 19:03:49.054 worker_log:602 24651 MainThread [INFO]  Completed executor task 4789
2023-06-30 19:03:49.055 worker_log:613 24651 MainThread [INFO]  All processing finished for executor task 4789
2023-06-30 19:04:48.614 worker_log:584 24651 MainThread [INFO]  Received executor task 4801
2023-06-30 19:05:40.565 worker_log:602 24651 MainThread [INFO]  Completed executor task 4801
2023-06-30 19:05:40.565 worker_log:613 24651 MainThread [INFO]  All processing finished for executor task 4801
2023-06-30 19:06:08.316 worker_log:584 24651 MainThread [INFO]  Received executor task 4827
2023-06-30 19:07:01.492 worker_log:602 24651 MainThread [INFO]  Completed executor task 4827
2023-06-30 19:07:01.493 worker_log:613 24651 MainThread [INFO]  All processing finished for executor task 4827
2023-06-30 19:07:11.176 worker_log:584 24651 MainThread [INFO]  Received executor task 4845
2023-06-30 19:08:02.417 worker_log:602 24651 MainThread [INFO]  Completed executor task 4845
2023-06-30 19:08:02.417 worker_log:613 24651 MainThread [INFO]  All processing finished for executor task 4845
2023-06-30 19:08:16.564 worker_log:584 24651 MainThread [INFO]  Received executor task 4861
2023-06-30 19:08:51.700 worker_log:602 24651 MainThread [INFO]  Completed executor task 4861
2023-06-30 19:08:51.701 worker_log:613 24651 MainThread [INFO]  All processing finished for executor task 4861
2023-06-30 19:09:34.191 worker_log:584 24651 MainThread [INFO]  Received executor task 4872
2023-06-30 19:10:11.128 worker_log:602 24651 MainThread [INFO]  Completed executor task 4872
2023-06-30 19:10:11.128 worker_log:613 24651 MainThread [INFO]  All processing finished for executor task 4872
2023-06-30 19:11:02.804 worker_log:584 24651 MainThread [INFO]  Received executor task 4888
2023-06-30 19:11:37.602 worker_log:602 24651 MainThread [INFO]  Completed executor task 4888
2023-06-30 19:11:37.602 worker_log:613 24651 MainThread [INFO]  All processing finished for executor task 4888
2023-06-30 19:13:06.072 worker_log:584 24651 MainThread [INFO]  Received executor task 4902
2023-06-30 19:13:39.410 worker_log:602 24651 MainThread [INFO]  Completed executor task 4902
2023-06-30 19:13:39.411 worker_log:613 24651 MainThread [INFO]  All processing finished for executor task 4902
2023-06-30 19:14:19.841 worker_log:584 24651 MainThread [INFO]  Received executor task 4917
2023-06-30 19:15:03.745 worker_log:602 24651 MainThread [INFO]  Completed executor task 4917
2023-06-30 19:15:03.746 worker_log:613 24651 MainThread [INFO]  All processing finished for executor task 4917
2023-06-30 19:15:29.687 worker_log:584 24651 MainThread [INFO]  Received executor task 4940
2023-06-30 19:16:08.262 worker_log:602 24651 MainThread [INFO]  Completed executor task 4940
2023-06-30 19:16:08.262 worker_log:613 24651 MainThread [INFO]  All processing finished for executor task 4940
2023-06-30 19:18:39.865 worker_log:584 24651 MainThread [INFO]  Received executor task 4954
2023-06-30 19:19:09.440 worker_log:602 24651 MainThread [INFO]  Completed executor task 4954
2023-06-30 19:19:09.440 worker_log:613 24651 MainThread [INFO]  All processing finished for executor task 4954
2023-06-30 19:19:42.886 worker_log:584 24651 MainThread [INFO]  Received executor task 4968
2023-06-30 19:20:41.366 worker_log:602 24651 MainThread [INFO]  Completed executor task 4968
2023-06-30 19:20:41.367 worker_log:613 24651 MainThread [INFO]  All processing finished for executor task 4968
2023-06-30 19:20:57.808 worker_log:584 24651 MainThread [INFO]  Received executor task 4988
2023-06-30 19:21:36.839 worker_log:602 24651 MainThread [INFO]  Completed executor task 4988
2023-06-30 19:21:36.840 worker_log:613 24651 MainThread [INFO]  All processing finished for executor task 4988
2023-06-30 19:22:02.747 worker_log:584 24651 MainThread [INFO]  Received executor task 5000
2023-06-30 19:22:37.142 worker_log:602 24651 MainThread [INFO]  Completed executor task 5000
2023-06-30 19:22:37.143 worker_log:613 24651 MainThread [INFO]  All processing finished for executor task 5000
2023-06-30 19:23:03.734 worker_log:584 24651 MainThread [INFO]  Received executor task 5014
2023-06-30 19:23:34.677 worker_log:602 24651 MainThread [INFO]  Completed executor task 5014
2023-06-30 19:23:34.678 worker_log:613 24651 MainThread [INFO]  All processing finished for executor task 5014
2023-06-30 19:24:48.300 worker_log:584 24651 MainThread [INFO]  Received executor task 5028
2023-06-30 19:25:07.589 worker_log:602 24651 MainThread [INFO]  Completed executor task 5028
2023-06-30 19:25:07.589 worker_log:613 24651 MainThread [INFO]  All processing finished for executor task 5028
2023-06-30 19:25:38.184 worker_log:584 24651 MainThread [INFO]  Received executor task 5043
2023-06-30 19:25:58.651 worker_log:602 24651 MainThread [INFO]  Completed executor task 5043
2023-06-30 19:25:58.652 worker_log:613 24651 MainThread [INFO]  All processing finished for executor task 5043
2023-06-30 19:27:01.354 worker_log:584 24651 MainThread [INFO]  Received executor task 5058
2023-06-30 19:27:59.036 worker_log:602 24651 MainThread [INFO]  Completed executor task 5058
2023-06-30 19:27:59.037 worker_log:613 24651 MainThread [INFO]  All processing finished for executor task 5058
2023-06-30 19:28:00.219 worker_log:584 24651 MainThread [INFO]  Received executor task 5088
2023-06-30 19:28:35.671 worker_log:602 24651 MainThread [INFO]  Completed executor task 5088
2023-06-30 19:28:35.671 worker_log:613 24651 MainThread [INFO]  All processing finished for executor task 5088
2023-06-30 19:29:25.860 worker_log:584 24651 MainThread [INFO]  Received executor task 5098
2023-06-30 19:30:13.193 worker_log:602 24651 MainThread [INFO]  Completed executor task 5098
2023-06-30 19:30:13.193 worker_log:613 24651 MainThread [INFO]  All processing finished for executor task 5098
2023-06-30 19:31:06.182 worker_log:584 24651 MainThread [INFO]  Received executor task 5117
2023-06-30 19:32:11.299 worker_log:602 24651 MainThread [INFO]  Completed executor task 5117
2023-06-30 19:32:11.300 worker_log:613 24651 MainThread [INFO]  All processing finished for executor task 5117
2023-06-30 19:32:58.782 worker_log:584 24651 MainThread [INFO]  Received executor task 5134
2023-06-30 19:33:43.138 worker_log:602 24651 MainThread [INFO]  Completed executor task 5134
2023-06-30 19:33:43.138 worker_log:613 24651 MainThread [INFO]  All processing finished for executor task 5134
2023-06-30 19:34:18.118 worker_log:584 24651 MainThread [INFO]  Received executor task 5147
2023-06-30 19:35:03.870 worker_log:602 24651 MainThread [INFO]  Completed executor task 5147
2023-06-30 19:35:03.870 worker_log:613 24651 MainThread [INFO]  All processing finished for executor task 5147
2023-06-30 19:35:42.973 worker_log:584 24651 MainThread [INFO]  Received executor task 5162
2023-06-30 19:36:13.438 worker_log:602 24651 MainThread [INFO]  Completed executor task 5162
2023-06-30 19:36:13.438 worker_log:613 24651 MainThread [INFO]  All processing finished for executor task 5162
2023-06-30 19:37:15.103 worker_log:584 24651 MainThread [INFO]  Received executor task 5173
2023-06-30 19:37:44.062 worker_log:602 24651 MainThread [INFO]  Completed executor task 5173
2023-06-30 19:37:44.062 worker_log:613 24651 MainThread [INFO]  All processing finished for executor task 5173
2023-06-30 19:38:46.391 worker_log:584 24651 MainThread [INFO]  Received executor task 5188
2023-06-30 19:39:20.477 worker_log:602 24651 MainThread [INFO]  Completed executor task 5188
2023-06-30 19:39:20.478 worker_log:613 24651 MainThread [INFO]  All processing finished for executor task 5188
2023-06-30 19:39:57.804 worker_log:584 24651 MainThread [INFO]  Received executor task 5207
2023-06-30 19:40:31.963 worker_log:602 24651 MainThread [INFO]  Completed executor task 5207
2023-06-30 19:40:31.963 worker_log:613 24651 MainThread [INFO]  All processing finished for executor task 5207
2023-06-30 19:41:15.945 worker_log:584 24651 MainThread [INFO]  Received executor task 5223
2023-06-30 19:42:01.080 worker_log:602 24651 MainThread [INFO]  Completed executor task 5223
2023-06-30 19:42:01.081 worker_log:613 24651 MainThread [INFO]  All processing finished for executor task 5223
2023-06-30 19:42:36.354 worker_log:584 24651 MainThread [INFO]  Received executor task 5239
2023-06-30 19:42:56.443 worker_log:602 24651 MainThread [INFO]  Completed executor task 5239
2023-06-30 19:42:56.444 worker_log:613 24651 MainThread [INFO]  All processing finished for executor task 5239
2023-06-30 19:44:15.658 worker_log:584 24651 MainThread [INFO]  Received executor task 5252
2023-06-30 19:45:27.823 worker_log:602 24651 MainThread [INFO]  Completed executor task 5252
2023-06-30 19:45:27.824 worker_log:613 24651 MainThread [INFO]  All processing finished for executor task 5252
2023-06-30 19:45:30.592 worker_log:584 24651 MainThread [INFO]  Received executor task 5279
2023-06-30 19:46:10.500 worker_log:602 24651 MainThread [INFO]  Completed executor task 5279
2023-06-30 19:46:10.501 worker_log:613 24651 MainThread [INFO]  All processing finished for executor task 5279
2023-06-30 19:46:41.273 worker_log:584 24651 MainThread [INFO]  Received executor task 5289
2023-06-30 19:47:10.756 worker_log:602 24651 MainThread [INFO]  Completed executor task 5289
2023-06-30 19:47:10.757 worker_log:613 24651 MainThread [INFO]  All processing finished for executor task 5289
2023-06-30 19:47:43.423 worker_log:584 24651 MainThread [INFO]  Received executor task 5302
2023-06-30 19:48:21.199 worker_log:602 24651 MainThread [INFO]  Completed executor task 5302
2023-06-30 19:48:21.199 worker_log:613 24651 MainThread [INFO]  All processing finished for executor task 5302
2023-06-30 19:48:53.220 worker_log:584 24651 MainThread [INFO]  Received executor task 5322
2023-06-30 19:49:06.471 worker_log:602 24651 MainThread [INFO]  Completed executor task 5322
2023-06-30 19:49:06.471 worker_log:613 24651 MainThread [INFO]  All processing finished for executor task 5322
2023-06-30 19:49:59.619 worker_log:584 24651 MainThread [INFO]  Received executor task 5330
2023-06-30 19:51:24.674 worker_log:602 24651 MainThread [INFO]  Completed executor task 5330
2023-06-30 19:51:24.674 worker_log:613 24651 MainThread [INFO]  All processing finished for executor task 5330
2023-06-30 19:52:19.609 worker_log:584 24651 MainThread [INFO]  Received executor task 5359
2023-06-30 19:53:00.015 worker_log:602 24651 MainThread [INFO]  Completed executor task 5359
2023-06-30 19:53:00.015 worker_log:613 24651 MainThread [INFO]  All processing finished for executor task 5359
2023-06-30 19:53:51.490 worker_log:584 24651 MainThread [INFO]  Received executor task 5367
2023-06-30 19:55:09.977 worker_log:602 24651 MainThread [INFO]  Completed executor task 5367
2023-06-30 19:55:09.978 worker_log:613 24651 MainThread [INFO]  All processing finished for executor task 5367
2023-06-30 19:55:10.955 worker_log:584 24651 MainThread [INFO]  Received executor task 5392
2023-06-30 19:55:51.444 worker_log:602 24651 MainThread [INFO]  Completed executor task 5392
2023-06-30 19:55:51.445 worker_log:613 24651 MainThread [INFO]  All processing finished for executor task 5392
2023-06-30 19:56:16.435 worker_log:584 24651 MainThread [INFO]  Received executor task 5402
2023-06-30 19:57:08.746 worker_log:602 24651 MainThread [INFO]  Completed executor task 5402
2023-06-30 19:57:08.746 worker_log:613 24651 MainThread [INFO]  All processing finished for executor task 5402
2023-06-30 19:57:45.230 worker_log:584 24651 MainThread [INFO]  Received executor task 5420
2023-06-30 19:58:10.097 worker_log:602 24651 MainThread [INFO]  Completed executor task 5420
2023-06-30 19:58:10.098 worker_log:613 24651 MainThread [INFO]  All processing finished for executor task 5420
2023-06-30 19:59:02.936 worker_log:584 24651 MainThread [INFO]  Received executor task 5425
2023-06-30 20:00:01.414 worker_log:602 24651 MainThread [INFO]  Completed executor task 5425
2023-06-30 20:00:01.415 worker_log:613 24651 MainThread [INFO]  All processing finished for executor task 5425
2023-06-30 20:00:04.359 worker_log:584 24651 MainThread [INFO]  Received executor task 5455
2023-06-30 20:00:49.316 worker_log:602 24651 MainThread [INFO]  Completed executor task 5455
2023-06-30 20:00:49.317 worker_log:613 24651 MainThread [INFO]  All processing finished for executor task 5455
2023-06-30 20:01:10.066 worker_log:584 24651 MainThread [INFO]  Received executor task 5469
2023-06-30 20:01:23.357 worker_log:602 24651 MainThread [INFO]  Completed executor task 5469
2023-06-30 20:01:23.357 worker_log:613 24651 MainThread [INFO]  All processing finished for executor task 5469
2023-06-30 20:02:19.981 worker_log:584 24651 MainThread [INFO]  Received executor task 5473
2023-06-30 20:03:05.008 worker_log:602 24651 MainThread [INFO]  Completed executor task 5473
2023-06-30 20:03:05.009 worker_log:613 24651 MainThread [INFO]  All processing finished for executor task 5473
2023-06-30 20:03:15.360 worker_log:584 24651 MainThread [INFO]  Received executor task 5501
2023-06-30 20:04:01.244 worker_log:602 24651 MainThread [INFO]  Completed executor task 5501
2023-06-30 20:04:01.244 worker_log:613 24651 MainThread [INFO]  All processing finished for executor task 5501
2023-06-30 20:04:19.865 worker_log:584 24651 MainThread [INFO]  Received executor task 5518
2023-06-30 20:04:56.620 worker_log:602 24651 MainThread [INFO]  Completed executor task 5518
2023-06-30 20:04:56.621 worker_log:613 24651 MainThread [INFO]  All processing finished for executor task 5518
2023-06-30 20:05:37.862 worker_log:584 24651 MainThread [INFO]  Received executor task 5530
2023-06-30 20:06:16.590 worker_log:602 24651 MainThread [INFO]  Completed executor task 5530
2023-06-30 20:06:16.590 worker_log:613 24651 MainThread [INFO]  All processing finished for executor task 5530
2023-06-30 20:06:38.126 worker_log:584 24651 MainThread [INFO]  Received executor task 5549
2023-06-30 20:06:53.900 worker_log:602 24651 MainThread [INFO]  Completed executor task 5549
2023-06-30 20:06:53.900 worker_log:613 24651 MainThread [INFO]  All processing finished for executor task 5549
2023-06-30 20:07:52.818 worker_log:584 24651 MainThread [INFO]  Received executor task 5553
2023-06-30 20:08:35.935 worker_log:602 24651 MainThread [INFO]  Completed executor task 5553
2023-06-30 20:08:35.936 worker_log:613 24651 MainThread [INFO]  All processing finished for executor task 5553
2023-06-30 20:09:18.109 worker_log:584 24651 MainThread [INFO]  Received executor task 5575
2023-06-30 20:10:18.503 worker_log:602 24651 MainThread [INFO]  Completed executor task 5575
2023-06-30 20:10:18.503 worker_log:613 24651 MainThread [INFO]  All processing finished for executor task 5575
2023-06-30 20:10:47.709 worker_log:584 24651 MainThread [INFO]  Received executor task 5598
2023-06-30 20:11:18.737 worker_log:602 24651 MainThread [INFO]  Completed executor task 5598
2023-06-30 20:11:18.738 worker_log:613 24651 MainThread [INFO]  All processing finished for executor task 5598
2023-06-30 20:12:07.728 worker_log:584 24651 MainThread [INFO]  Received executor task 5607
2023-06-30 20:13:00.580 worker_log:602 24651 MainThread [INFO]  Completed executor task 5607
2023-06-30 20:13:00.581 worker_log:613 24651 MainThread [INFO]  All processing finished for executor task 5607
2023-06-30 20:13:32.774 worker_log:584 24651 MainThread [INFO]  Received executor task 5628
2023-06-30 20:14:03.678 worker_log:602 24651 MainThread [INFO]  Completed executor task 5628
2023-06-30 20:14:03.678 worker_log:613 24651 MainThread [INFO]  All processing finished for executor task 5628
2023-06-30 20:14:47.241 worker_log:584 24651 MainThread [INFO]  Received executor task 5639
2023-06-30 20:15:31.749 worker_log:602 24651 MainThread [INFO]  Completed executor task 5639
2023-06-30 20:15:31.749 worker_log:613 24651 MainThread [INFO]  All processing finished for executor task 5639
