2023-06-30 12:25:40.263 worker_log:538 24659 MainThread [INFO]  Worker 4 started
2023-06-30 12:27:54.319 worker_log:584 24659 MainThread [INFO]  Received executor task 5
2023-06-30 12:28:18.724 worker_log:602 24659 MainThread [INFO]  Completed executor task 5
2023-06-30 12:28:18.725 worker_log:613 24659 MainThread [INFO]  All processing finished for executor task 5
2023-06-30 12:29:17.631 worker_log:584 24659 MainThread [INFO]  Received executor task 19
2023-06-30 12:29:57.527 worker_log:602 24659 MainThread [INFO]  Completed executor task 19
2023-06-30 12:29:57.528 worker_log:613 24659 MainThread [INFO]  All processing finished for executor task 19
2023-06-30 12:30:16.689 worker_log:584 24659 MainThread [INFO]  Received executor task 40
2023-06-30 12:30:39.203 worker_log:602 24659 MainThread [INFO]  Completed executor task 40
2023-06-30 12:30:39.203 worker_log:613 24659 MainThread [INFO]  All processing finished for executor task 40
2023-06-30 12:31:36.027 worker_log:584 24659 MainThread [INFO]  Received executor task 50
2023-06-30 12:32:04.594 worker_log:602 24659 MainThread [INFO]  Completed executor task 50
2023-06-30 12:32:04.595 worker_log:613 24659 MainThread [INFO]  All processing finished for executor task 50
2023-06-30 12:33:05.836 worker_log:584 24659 MainThread [INFO]  Received executor task 71
2023-06-30 12:33:50.403 worker_log:602 24659 MainThread [INFO]  Completed executor task 71
2023-06-30 12:33:50.404 worker_log:613 24659 MainThread [INFO]  All processing finished for executor task 71
2023-06-30 12:34:35.971 worker_log:584 24659 MainThread [INFO]  Received executor task 90
2023-06-30 12:35:22.855 worker_log:602 24659 MainThread [INFO]  Completed executor task 90
2023-06-30 12:35:22.855 worker_log:613 24659 MainThread [INFO]  All processing finished for executor task 90
2023-06-30 12:35:46.698 worker_log:584 24659 MainThread [INFO]  Received executor task 107
2023-06-30 12:36:28.675 worker_log:602 24659 MainThread [INFO]  Completed executor task 107
2023-06-30 12:36:28.676 worker_log:613 24659 MainThread [INFO]  All processing finished for executor task 107
2023-06-30 12:37:07.961 worker_log:584 24659 MainThread [INFO]  Received executor task 124
2023-06-30 12:37:41.823 worker_log:602 24659 MainThread [INFO]  Completed executor task 124
2023-06-30 12:37:41.824 worker_log:613 24659 MainThread [INFO]  All processing finished for executor task 124
2023-06-30 12:38:46.349 worker_log:584 24659 MainThread [INFO]  Received executor task 135
2023-06-30 12:39:26.691 worker_log:602 24659 MainThread [INFO]  Completed executor task 135
2023-06-30 12:39:26.692 worker_log:613 24659 MainThread [INFO]  All processing finished for executor task 135
2023-06-30 12:39:36.018 worker_log:584 24659 MainThread [INFO]  Received executor task 157
2023-06-30 12:39:52.267 worker_log:602 24659 MainThread [INFO]  Completed executor task 157
2023-06-30 12:39:52.268 worker_log:613 24659 MainThread [INFO]  All processing finished for executor task 157
2023-06-30 12:40:41.862 worker_log:584 24659 MainThread [INFO]  Received executor task 161
2023-06-30 12:41:19.924 worker_log:602 24659 MainThread [INFO]  Completed executor task 161
2023-06-30 12:41:19.925 worker_log:613 24659 MainThread [INFO]  All processing finished for executor task 161
2023-06-30 12:42:24.955 worker_log:584 24659 MainThread [INFO]  Received executor task 182
2023-06-30 12:43:26.875 worker_log:602 24659 MainThread [INFO]  Completed executor task 182
2023-06-30 12:43:26.876 worker_log:613 24659 MainThread [INFO]  All processing finished for executor task 182
2023-06-30 12:43:30.873 worker_log:584 24659 MainThread [INFO]  Received executor task 206
2023-06-30 12:44:18.641 worker_log:602 24659 MainThread [INFO]  Completed executor task 206
2023-06-30 12:44:18.642 worker_log:613 24659 MainThread [INFO]  All processing finished for executor task 206
2023-06-30 12:44:55.020 worker_log:584 24659 MainThread [INFO]  Received executor task 220
2023-06-30 12:45:42.091 worker_log:602 24659 MainThread [INFO]  Completed executor task 220
2023-06-30 12:45:42.091 worker_log:613 24659 MainThread [INFO]  All processing finished for executor task 220
2023-06-30 12:45:49.752 worker_log:584 24659 MainThread [INFO]  Received executor task 237
2023-06-30 12:46:17.694 worker_log:602 24659 MainThread [INFO]  Completed executor task 237
2023-06-30 12:46:17.694 worker_log:613 24659 MainThread [INFO]  All processing finished for executor task 237
2023-06-30 12:47:06.390 worker_log:584 24659 MainThread [INFO]  Received executor task 242
2023-06-30 12:47:39.689 worker_log:602 24659 MainThread [INFO]  Completed executor task 242
2023-06-30 12:47:39.690 worker_log:613 24659 MainThread [INFO]  All processing finished for executor task 242
2023-06-30 12:48:04.588 worker_log:584 24659 MainThread [INFO]  Received executor task 264
2023-06-30 12:48:30.766 worker_log:602 24659 MainThread [INFO]  Completed executor task 264
2023-06-30 12:48:30.767 worker_log:613 24659 MainThread [INFO]  All processing finished for executor task 264
2023-06-30 12:49:09.584 worker_log:584 24659 MainThread [INFO]  Received executor task 279
2023-06-30 12:50:15.120 worker_log:602 24659 MainThread [INFO]  Completed executor task 279
2023-06-30 12:50:15.121 worker_log:613 24659 MainThread [INFO]  All processing finished for executor task 279
2023-06-30 12:50:37.857 worker_log:584 24659 MainThread [INFO]  Received executor task 301
2023-06-30 12:51:45.132 worker_log:602 24659 MainThread [INFO]  Completed executor task 301
2023-06-30 12:51:45.133 worker_log:613 24659 MainThread [INFO]  All processing finished for executor task 301
2023-06-30 12:52:00.054 worker_log:584 24659 MainThread [INFO]  Received executor task 318
2023-06-30 12:52:31.925 worker_log:602 24659 MainThread [INFO]  Completed executor task 318
2023-06-30 12:52:31.925 worker_log:613 24659 MainThread [INFO]  All processing finished for executor task 318
2023-06-30 12:53:22.132 worker_log:584 24659 MainThread [INFO]  Received executor task 325
2023-06-30 12:53:45.138 worker_log:602 24659 MainThread [INFO]  Completed executor task 325
2023-06-30 12:53:45.139 worker_log:613 24659 MainThread [INFO]  All processing finished for executor task 325
2023-06-30 12:54:54.457 worker_log:584 24659 MainThread [INFO]  Received executor task 337
2023-06-30 12:55:46.176 worker_log:602 24659 MainThread [INFO]  Completed executor task 337
2023-06-30 12:55:46.176 worker_log:613 24659 MainThread [INFO]  All processing finished for executor task 337
2023-06-30 12:56:37.143 worker_log:584 24659 MainThread [INFO]  Received executor task 363
2023-06-30 12:57:48.439 worker_log:602 24659 MainThread [INFO]  Completed executor task 363
2023-06-30 12:57:48.440 worker_log:613 24659 MainThread [INFO]  All processing finished for executor task 363
2023-06-30 12:58:32.347 worker_log:584 24659 MainThread [INFO]  Received executor task 381
2023-06-30 12:59:04.934 worker_log:602 24659 MainThread [INFO]  Completed executor task 381
2023-06-30 12:59:04.935 worker_log:613 24659 MainThread [INFO]  All processing finished for executor task 381
2023-06-30 12:59:44.800 worker_log:584 24659 MainThread [INFO]  Received executor task 392
2023-06-30 13:00:24.099 worker_log:602 24659 MainThread [INFO]  Completed executor task 392
2023-06-30 13:00:24.100 worker_log:613 24659 MainThread [INFO]  All processing finished for executor task 392
2023-06-30 13:01:04.937 worker_log:584 24659 MainThread [INFO]  Received executor task 405
2023-06-30 13:01:39.113 worker_log:602 24659 MainThread [INFO]  Completed executor task 405
2023-06-30 13:01:39.113 worker_log:613 24659 MainThread [INFO]  All processing finished for executor task 405
2023-06-30 13:02:22.841 worker_log:584 24659 MainThread [INFO]  Received executor task 422
2023-06-30 13:02:53.425 worker_log:602 24659 MainThread [INFO]  Completed executor task 422
2023-06-30 13:02:53.426 worker_log:613 24659 MainThread [INFO]  All processing finished for executor task 422
2023-06-30 13:04:04.495 worker_log:584 24659 MainThread [INFO]  Received executor task 436
2023-06-30 13:04:55.123 worker_log:602 24659 MainThread [INFO]  Completed executor task 436
2023-06-30 13:04:55.123 worker_log:613 24659 MainThread [INFO]  All processing finished for executor task 436
2023-06-30 13:05:05.680 worker_log:584 24659 MainThread [INFO]  Received executor task 462
2023-06-30 13:05:42.984 worker_log:602 24659 MainThread [INFO]  Completed executor task 462
2023-06-30 13:05:42.985 worker_log:613 24659 MainThread [INFO]  All processing finished for executor task 462
2023-06-30 13:06:14.432 worker_log:584 24659 MainThread [INFO]  Received executor task 471
2023-06-30 13:06:45.686 worker_log:602 24659 MainThread [INFO]  Completed executor task 471
2023-06-30 13:06:45.687 worker_log:613 24659 MainThread [INFO]  All processing finished for executor task 471
2023-06-30 13:07:58.155 worker_log:584 24659 MainThread [INFO]  Received executor task 486
2023-06-30 13:09:02.540 worker_log:602 24659 MainThread [INFO]  Completed executor task 486
2023-06-30 13:09:02.541 worker_log:613 24659 MainThread [INFO]  All processing finished for executor task 486
2023-06-30 13:09:03.653 worker_log:584 24659 MainThread [INFO]  Received executor task 512
2023-06-30 13:10:49.385 worker_log:602 24659 MainThread [INFO]  Completed executor task 512
2023-06-30 13:10:49.386 worker_log:613 24659 MainThread [INFO]  All processing finished for executor task 512
2023-06-30 13:10:50.599 worker_log:584 24659 MainThread [INFO]  Received executor task 528
2023-06-30 13:11:40.037 worker_log:602 24659 MainThread [INFO]  Completed executor task 528
2023-06-30 13:11:40.037 worker_log:613 24659 MainThread [INFO]  All processing finished for executor task 528
2023-06-30 13:12:00.423 worker_log:584 24659 MainThread [INFO]  Received executor task 539
2023-06-30 13:12:28.131 worker_log:602 24659 MainThread [INFO]  Completed executor task 539
2023-06-30 13:12:28.132 worker_log:613 24659 MainThread [INFO]  All processing finished for executor task 539
2023-06-30 13:13:37.153 worker_log:584 24659 MainThread [INFO]  Received executor task 549
2023-06-30 13:14:34.389 worker_log:602 24659 MainThread [INFO]  Completed executor task 549
2023-06-30 13:14:34.389 worker_log:613 24659 MainThread [INFO]  All processing finished for executor task 549
2023-06-30 13:14:49.911 worker_log:584 24659 MainThread [INFO]  Received executor task 571
2023-06-30 13:15:08.108 worker_log:602 24659 MainThread [INFO]  Completed executor task 571
2023-06-30 13:15:08.108 worker_log:613 24659 MainThread [INFO]  All processing finished for executor task 571
2023-06-30 13:15:55.131 worker_log:584 24659 MainThread [INFO]  Received executor task 578
2023-06-30 13:16:38.786 worker_log:602 24659 MainThread [INFO]  Completed executor task 578
2023-06-30 13:16:38.786 worker_log:613 24659 MainThread [INFO]  All processing finished for executor task 578
2023-06-30 13:16:55.751 worker_log:584 24659 MainThread [INFO]  Received executor task 605
2023-06-30 13:17:33.135 worker_log:602 24659 MainThread [INFO]  Completed executor task 605
2023-06-30 13:17:33.136 worker_log:613 24659 MainThread [INFO]  All processing finished for executor task 605
2023-06-30 13:18:07.752 worker_log:584 24659 MainThread [INFO]  Received executor task 617
2023-06-30 13:18:29.379 worker_log:602 24659 MainThread [INFO]  Completed executor task 617
2023-06-30 13:18:29.379 worker_log:613 24659 MainThread [INFO]  All processing finished for executor task 617
2023-06-30 13:19:17.418 worker_log:584 24659 MainThread [INFO]  Received executor task 627
2023-06-30 13:19:45.343 worker_log:602 24659 MainThread [INFO]  Completed executor task 627
2023-06-30 13:19:45.344 worker_log:613 24659 MainThread [INFO]  All processing finished for executor task 627
2023-06-30 13:20:38.670 worker_log:584 24659 MainThread [INFO]  Received executor task 642
2023-06-30 13:21:26.845 worker_log:602 24659 MainThread [INFO]  Completed executor task 642
2023-06-30 13:21:26.845 worker_log:613 24659 MainThread [INFO]  All processing finished for executor task 642
2023-06-30 13:21:47.668 worker_log:584 24659 MainThread [INFO]  Received executor task 669
2023-06-30 13:22:07.314 worker_log:602 24659 MainThread [INFO]  Completed executor task 669
2023-06-30 13:22:07.314 worker_log:613 24659 MainThread [INFO]  All processing finished for executor task 669
2023-06-30 13:23:07.918 worker_log:584 24659 MainThread [INFO]  Received executor task 674
2023-06-30 13:23:21.455 worker_log:602 24659 MainThread [INFO]  Completed executor task 674
2023-06-30 13:23:21.455 worker_log:613 24659 MainThread [INFO]  All processing finished for executor task 674
2023-06-30 13:24:22.924 worker_log:584 24659 MainThread [INFO]  Received executor task 689
2023-06-30 13:25:32.573 worker_log:602 24659 MainThread [INFO]  Completed executor task 689
2023-06-30 13:25:32.574 worker_log:613 24659 MainThread [INFO]  All processing finished for executor task 689
2023-06-30 13:25:38.188 worker_log:584 24659 MainThread [INFO]  Received executor task 717
2023-06-30 13:26:21.165 worker_log:602 24659 MainThread [INFO]  Completed executor task 717
2023-06-30 13:26:21.166 worker_log:613 24659 MainThread [INFO]  All processing finished for executor task 717
2023-06-30 13:26:56.301 worker_log:584 24659 MainThread [INFO]  Received executor task 728
2023-06-30 13:27:58.082 worker_log:602 24659 MainThread [INFO]  Completed executor task 728
2023-06-30 13:27:58.082 worker_log:613 24659 MainThread [INFO]  All processing finished for executor task 728
2023-06-30 13:28:05.041 worker_log:584 24659 MainThread [INFO]  Received executor task 750
2023-06-30 13:28:24.963 worker_log:602 24659 MainThread [INFO]  Completed executor task 750
2023-06-30 13:28:24.964 worker_log:613 24659 MainThread [INFO]  All processing finished for executor task 750
2023-06-30 13:29:36.521 worker_log:584 24659 MainThread [INFO]  Received executor task 754
2023-06-30 13:30:00.364 worker_log:602 24659 MainThread [INFO]  Completed executor task 754
2023-06-30 13:30:00.365 worker_log:613 24659 MainThread [INFO]  All processing finished for executor task 754
2023-06-30 13:30:43.791 worker_log:584 24659 MainThread [INFO]  Received executor task 770
2023-06-30 13:31:38.939 worker_log:602 24659 MainThread [INFO]  Completed executor task 770
2023-06-30 13:31:38.940 worker_log:613 24659 MainThread [INFO]  All processing finished for executor task 770
2023-06-30 13:31:58.667 worker_log:584 24659 MainThread [INFO]  Received executor task 797
2023-06-30 13:32:40.154 worker_log:602 24659 MainThread [INFO]  Completed executor task 797
2023-06-30 13:32:40.155 worker_log:613 24659 MainThread [INFO]  All processing finished for executor task 797
2023-06-30 13:33:05.426 worker_log:584 24659 MainThread [INFO]  Received executor task 809
2023-06-30 13:34:02.573 worker_log:602 24659 MainThread [INFO]  Completed executor task 809
2023-06-30 13:34:02.574 worker_log:613 24659 MainThread [INFO]  All processing finished for executor task 809
2023-06-30 13:34:13.215 worker_log:584 24659 MainThread [INFO]  Received executor task 830
2023-06-30 13:34:59.996 worker_log:602 24659 MainThread [INFO]  Completed executor task 830
2023-06-30 13:34:59.996 worker_log:613 24659 MainThread [INFO]  All processing finished for executor task 830
2023-06-30 13:35:39.851 worker_log:584 24659 MainThread [INFO]  Received executor task 847
2023-06-30 13:36:03.862 worker_log:602 24659 MainThread [INFO]  Completed executor task 847
2023-06-30 13:36:03.863 worker_log:613 24659 MainThread [INFO]  All processing finished for executor task 847
2023-06-30 13:36:59.489 worker_log:584 24659 MainThread [INFO]  Received executor task 850
2023-06-30 13:38:02.352 worker_log:602 24659 MainThread [INFO]  Completed executor task 850
2023-06-30 13:38:02.353 worker_log:613 24659 MainThread [INFO]  All processing finished for executor task 850
2023-06-30 13:38:51.986 worker_log:584 24659 MainThread [INFO]  Received executor task 877
2023-06-30 13:39:14.571 worker_log:602 24659 MainThread [INFO]  Completed executor task 877
2023-06-30 13:39:14.571 worker_log:613 24659 MainThread [INFO]  All processing finished for executor task 877
2023-06-30 13:40:04.667 worker_log:584 24659 MainThread [INFO]  Received executor task 882
2023-06-30 13:40:39.001 worker_log:602 24659 MainThread [INFO]  Completed executor task 882
2023-06-30 13:40:39.002 worker_log:613 24659 MainThread [INFO]  All processing finished for executor task 882
2023-06-30 13:41:15.292 worker_log:584 24659 MainThread [INFO]  Received executor task 904
2023-06-30 13:41:36.471 worker_log:602 24659 MainThread [INFO]  Completed executor task 904
2023-06-30 13:41:36.472 worker_log:613 24659 MainThread [INFO]  All processing finished for executor task 904
2023-06-30 13:42:30.038 worker_log:584 24659 MainThread [INFO]  Received executor task 917
2023-06-30 13:43:21.312 worker_log:602 24659 MainThread [INFO]  Completed executor task 917
2023-06-30 13:43:21.313 worker_log:613 24659 MainThread [INFO]  All processing finished for executor task 917
2023-06-30 13:44:05.107 worker_log:584 24659 MainThread [INFO]  Received executor task 938
2023-06-30 13:44:55.267 worker_log:602 24659 MainThread [INFO]  Completed executor task 938
2023-06-30 13:44:55.267 worker_log:613 24659 MainThread [INFO]  All processing finished for executor task 938
2023-06-30 13:45:28.577 worker_log:584 24659 MainThread [INFO]  Received executor task 954
2023-06-30 13:47:01.161 worker_log:602 24659 MainThread [INFO]  Completed executor task 954
2023-06-30 13:47:01.161 worker_log:613 24659 MainThread [INFO]  All processing finished for executor task 954
2023-06-30 13:47:02.427 worker_log:584 24659 MainThread [INFO]  Received executor task 976
2023-06-30 13:48:24.037 worker_log:602 24659 MainThread [INFO]  Completed executor task 976
2023-06-30 13:48:24.037 worker_log:613 24659 MainThread [INFO]  All processing finished for executor task 976
2023-06-30 13:48:27.334 worker_log:584 24659 MainThread [INFO]  Received executor task 991
2023-06-30 13:49:17.260 worker_log:602 24659 MainThread [INFO]  Completed executor task 991
2023-06-30 13:49:17.261 worker_log:613 24659 MainThread [INFO]  All processing finished for executor task 991
2023-06-30 13:49:55.503 worker_log:584 24659 MainThread [INFO]  Received executor task 1004
2023-06-30 13:50:31.521 worker_log:602 24659 MainThread [INFO]  Completed executor task 1004
2023-06-30 13:50:31.522 worker_log:613 24659 MainThread [INFO]  All processing finished for executor task 1004
2023-06-30 13:51:17.794 worker_log:584 24659 MainThread [INFO]  Received executor task 1013
2023-06-30 13:52:14.154 worker_log:602 24659 MainThread [INFO]  Completed executor task 1013
2023-06-30 13:52:14.155 worker_log:613 24659 MainThread [INFO]  All processing finished for executor task 1013
2023-06-30 13:52:33.768 worker_log:584 24659 MainThread [INFO]  Received executor task 1039
2023-06-30 13:52:54.497 worker_log:602 24659 MainThread [INFO]  Completed executor task 1039
2023-06-30 13:52:54.498 worker_log:613 24659 MainThread [INFO]  All processing finished for executor task 1039
2023-06-30 13:54:03.694 worker_log:584 24659 MainThread [INFO]  Received executor task 1041
2023-06-30 13:54:59.797 worker_log:602 24659 MainThread [INFO]  Completed executor task 1041
2023-06-30 13:54:59.797 worker_log:613 24659 MainThread [INFO]  All processing finished for executor task 1041
2023-06-30 13:55:40.524 worker_log:584 24659 MainThread [INFO]  Received executor task 1069
2023-06-30 13:56:04.517 worker_log:602 24659 MainThread [INFO]  Completed executor task 1069
2023-06-30 13:56:04.518 worker_log:613 24659 MainThread [INFO]  All processing finished for executor task 1069
2023-06-30 13:57:11.812 worker_log:584 24659 MainThread [INFO]  Received executor task 1075
2023-06-30 13:57:45.697 worker_log:602 24659 MainThread [INFO]  Completed executor task 1075
2023-06-30 13:57:45.698 worker_log:613 24659 MainThread [INFO]  All processing finished for executor task 1075
2023-06-30 13:58:54.158 worker_log:584 24659 MainThread [INFO]  Received executor task 1093
2023-06-30 13:59:47.632 worker_log:602 24659 MainThread [INFO]  Completed executor task 1093
2023-06-30 13:59:47.633 worker_log:613 24659 MainThread [INFO]  All processing finished for executor task 1093
2023-06-30 14:00:04.233 worker_log:584 24659 MainThread [INFO]  Received executor task 1116
2023-06-30 14:00:28.444 worker_log:602 24659 MainThread [INFO]  Completed executor task 1116
2023-06-30 14:00:28.445 worker_log:613 24659 MainThread [INFO]  All processing finished for executor task 1116
2023-06-30 14:01:35.207 worker_log:584 24659 MainThread [INFO]  Received executor task 1125
2023-06-30 14:01:54.991 worker_log:602 24659 MainThread [INFO]  Completed executor task 1125
2023-06-30 14:01:54.991 worker_log:613 24659 MainThread [INFO]  All processing finished for executor task 1125
2023-06-30 14:02:51.187 worker_log:584 24659 MainThread [INFO]  Received executor task 1137
2023-06-30 14:03:51.891 worker_log:602 24659 MainThread [INFO]  Completed executor task 1137
2023-06-30 14:03:51.891 worker_log:613 24659 MainThread [INFO]  All processing finished for executor task 1137
2023-06-30 14:03:59.494 worker_log:584 24659 MainThread [INFO]  Received executor task 1165
2023-06-30 14:04:35.143 worker_log:602 24659 MainThread [INFO]  Completed executor task 1165
2023-06-30 14:04:35.143 worker_log:613 24659 MainThread [INFO]  All processing finished for executor task 1165
2023-06-30 14:05:01.100 worker_log:584 24659 MainThread [INFO]  Received executor task 1175
2023-06-30 14:05:28.244 worker_log:602 24659 MainThread [INFO]  Completed executor task 1175
2023-06-30 14:05:28.245 worker_log:613 24659 MainThread [INFO]  All processing finished for executor task 1175
2023-06-30 14:06:36.779 worker_log:584 24659 MainThread [INFO]  Received executor task 1186
2023-06-30 14:06:54.451 worker_log:602 24659 MainThread [INFO]  Completed executor task 1186
2023-06-30 14:06:54.452 worker_log:613 24659 MainThread [INFO]  All processing finished for executor task 1186
2023-06-30 14:08:03.621 worker_log:584 24659 MainThread [INFO]  Received executor task 1201
2023-06-30 14:08:26.489 worker_log:602 24659 MainThread [INFO]  Completed executor task 1201
2023-06-30 14:08:26.490 worker_log:613 24659 MainThread [INFO]  All processing finished for executor task 1201
2023-06-30 14:09:14.997 worker_log:584 24659 MainThread [INFO]  Received executor task 1218
2023-06-30 14:10:38.213 worker_log:602 24659 MainThread [INFO]  Completed executor task 1218
2023-06-30 14:10:38.213 worker_log:613 24659 MainThread [INFO]  All processing finished for executor task 1218
2023-06-30 14:10:39.377 worker_log:584 24659 MainThread [INFO]  Received executor task 1248
2023-06-30 14:12:31.820 worker_log:602 24659 MainThread [INFO]  Completed executor task 1248
2023-06-30 14:12:31.821 worker_log:613 24659 MainThread [INFO]  All processing finished for executor task 1248
2023-06-30 14:12:33.048 worker_log:584 24659 MainThread [INFO]  Received executor task 1264
2023-06-30 14:13:18.909 worker_log:602 24659 MainThread [INFO]  Completed executor task 1264
2023-06-30 14:13:18.910 worker_log:613 24659 MainThread [INFO]  All processing finished for executor task 1264
2023-06-30 14:14:10.579 worker_log:584 24659 MainThread [INFO]  Received executor task 1274
2023-06-30 14:15:25.863 worker_log:602 24659 MainThread [INFO]  Completed executor task 1274
2023-06-30 14:15:25.864 worker_log:613 24659 MainThread [INFO]  All processing finished for executor task 1274
2023-06-30 14:15:27.033 worker_log:584 24659 MainThread [INFO]  Received executor task 1296
2023-06-30 14:15:56.572 worker_log:602 24659 MainThread [INFO]  Completed executor task 1296
2023-06-30 14:15:56.572 worker_log:613 24659 MainThread [INFO]  All processing finished for executor task 1296
2023-06-30 14:16:23.845 worker_log:584 24659 MainThread [INFO]  Received executor task 1304
2023-06-30 14:16:59.369 worker_log:602 24659 MainThread [INFO]  Completed executor task 1304
2023-06-30 14:16:59.370 worker_log:613 24659 MainThread [INFO]  All processing finished for executor task 1304
2023-06-30 14:17:43.057 worker_log:584 24659 MainThread [INFO]  Received executor task 1322
2023-06-30 14:18:07.642 worker_log:602 24659 MainThread [INFO]  Completed executor task 1322
2023-06-30 14:18:07.642 worker_log:613 24659 MainThread [INFO]  All processing finished for executor task 1322
2023-06-30 14:19:22.012 worker_log:584 24659 MainThread [INFO]  Received executor task 1331
2023-06-30 14:20:02.991 worker_log:602 24659 MainThread [INFO]  Completed executor task 1331
2023-06-30 14:20:02.992 worker_log:613 24659 MainThread [INFO]  All processing finished for executor task 1331
2023-06-30 14:20:33.288 worker_log:584 24659 MainThread [INFO]  Received executor task 1354
2023-06-30 14:21:26.255 worker_log:602 24659 MainThread [INFO]  Completed executor task 1354
2023-06-30 14:21:26.255 worker_log:613 24659 MainThread [INFO]  All processing finished for executor task 1354
2023-06-30 14:21:58.798 worker_log:584 24659 MainThread [INFO]  Received executor task 1373
2023-06-30 14:22:37.441 worker_log:602 24659 MainThread [INFO]  Completed executor task 1373
2023-06-30 14:22:37.442 worker_log:613 24659 MainThread [INFO]  All processing finished for executor task 1373
2023-06-30 14:23:08.334 worker_log:584 24659 MainThread [INFO]  Received executor task 1388
2023-06-30 14:23:44.309 worker_log:602 24659 MainThread [INFO]  Completed executor task 1388
2023-06-30 14:23:44.309 worker_log:613 24659 MainThread [INFO]  All processing finished for executor task 1388
2023-06-30 14:24:27.225 worker_log:584 24659 MainThread [INFO]  Received executor task 1399
2023-06-30 14:25:14.412 worker_log:602 24659 MainThread [INFO]  Completed executor task 1399
2023-06-30 14:25:14.413 worker_log:613 24659 MainThread [INFO]  All processing finished for executor task 1399
2023-06-30 14:25:36.391 worker_log:584 24659 MainThread [INFO]  Received executor task 1419
2023-06-30 14:26:45.189 worker_log:602 24659 MainThread [INFO]  Completed executor task 1419
2023-06-30 14:26:45.190 worker_log:613 24659 MainThread [INFO]  All processing finished for executor task 1419
2023-06-30 14:26:46.429 worker_log:584 24659 MainThread [INFO]  Received executor task 1440
2023-06-30 14:27:46.666 worker_log:602 24659 MainThread [INFO]  Completed executor task 1440
2023-06-30 14:27:46.666 worker_log:613 24659 MainThread [INFO]  All processing finished for executor task 1440
2023-06-30 14:27:53.578 worker_log:584 24659 MainThread [INFO]  Received executor task 1455
2023-06-30 14:28:18.646 worker_log:602 24659 MainThread [INFO]  Completed executor task 1455
2023-06-30 14:28:18.647 worker_log:613 24659 MainThread [INFO]  All processing finished for executor task 1455
2023-06-30 14:29:16.916 worker_log:584 24659 MainThread [INFO]  Received executor task 1459
2023-06-30 14:30:00.349 worker_log:602 24659 MainThread [INFO]  Completed executor task 1459
2023-06-30 14:30:00.349 worker_log:613 24659 MainThread [INFO]  All processing finished for executor task 1459
2023-06-30 14:30:24.332 worker_log:584 24659 MainThread [INFO]  Received executor task 1480
2023-06-30 14:30:46.883 worker_log:602 24659 MainThread [INFO]  Completed executor task 1480
2023-06-30 14:30:46.884 worker_log:613 24659 MainThread [INFO]  All processing finished for executor task 1480
2023-06-30 14:32:01.385 worker_log:584 24659 MainThread [INFO]  Received executor task 1490
2023-06-30 14:32:36.566 worker_log:602 24659 MainThread [INFO]  Completed executor task 1490
2023-06-30 14:32:36.566 worker_log:613 24659 MainThread [INFO]  All processing finished for executor task 1490
2023-06-30 14:33:26.184 worker_log:584 24659 MainThread [INFO]  Received executor task 1509
2023-06-30 14:34:04.415 worker_log:602 24659 MainThread [INFO]  Completed executor task 1509
2023-06-30 14:34:04.415 worker_log:613 24659 MainThread [INFO]  All processing finished for executor task 1509
2023-06-30 14:34:42.789 worker_log:584 24659 MainThread [INFO]  Received executor task 1527
2023-06-30 14:35:03.732 worker_log:602 24659 MainThread [INFO]  Completed executor task 1527
2023-06-30 14:35:03.733 worker_log:613 24659 MainThread [INFO]  All processing finished for executor task 1527
2023-06-30 14:35:36.918 worker_log:584 24659 MainThread [INFO]  Received executor task 1541
2023-06-30 14:36:32.146 worker_log:602 24659 MainThread [INFO]  Completed executor task 1541
2023-06-30 14:36:32.146 worker_log:613 24659 MainThread [INFO]  All processing finished for executor task 1541
2023-06-30 14:37:00.762 worker_log:584 24659 MainThread [INFO]  Received executor task 1563
2023-06-30 14:37:40.841 worker_log:602 24659 MainThread [INFO]  Completed executor task 1563
2023-06-30 14:37:40.842 worker_log:613 24659 MainThread [INFO]  All processing finished for executor task 1563
2023-06-30 14:38:08.609 worker_log:584 24659 MainThread [INFO]  Received executor task 1577
2023-06-30 14:39:04.348 worker_log:602 24659 MainThread [INFO]  Completed executor task 1577
2023-06-30 14:39:04.348 worker_log:613 24659 MainThread [INFO]  All processing finished for executor task 1577
2023-06-30 14:39:05.801 worker_log:584 24659 MainThread [INFO]  Received executor task 1600
2023-06-30 14:39:44.891 worker_log:602 24659 MainThread [INFO]  Completed executor task 1600
2023-06-30 14:39:44.891 worker_log:613 24659 MainThread [INFO]  All processing finished for executor task 1600
2023-06-30 14:39:49.443 worker_log:584 24659 MainThread [INFO]  Received executor task 1614
2023-06-30 14:40:30.533 worker_log:602 24659 MainThread [INFO]  Completed executor task 1614
2023-06-30 14:40:30.533 worker_log:613 24659 MainThread [INFO]  All processing finished for executor task 1614
2023-06-30 14:41:31.344 worker_log:584 24659 MainThread [INFO]  Received executor task 1624
2023-06-30 14:42:15.503 worker_log:602 24659 MainThread [INFO]  Completed executor task 1624
2023-06-30 14:42:15.503 worker_log:613 24659 MainThread [INFO]  All processing finished for executor task 1624
2023-06-30 14:43:00.736 worker_log:584 24659 MainThread [INFO]  Received executor task 1642
2023-06-30 14:43:35.781 worker_log:602 24659 MainThread [INFO]  Completed executor task 1642
2023-06-30 14:43:35.781 worker_log:613 24659 MainThread [INFO]  All processing finished for executor task 1642
2023-06-30 14:44:05.421 worker_log:584 24659 MainThread [INFO]  Received executor task 1658
2023-06-30 14:44:53.859 worker_log:602 24659 MainThread [INFO]  Completed executor task 1658
2023-06-30 14:44:53.859 worker_log:613 24659 MainThread [INFO]  All processing finished for executor task 1658
2023-06-30 14:45:16.835 worker_log:584 24659 MainThread [INFO]  Received executor task 1678
2023-06-30 14:46:24.792 worker_log:602 24659 MainThread [INFO]  Completed executor task 1678
2023-06-30 14:46:24.793 worker_log:613 24659 MainThread [INFO]  All processing finished for executor task 1678
2023-06-30 14:46:34.157 worker_log:584 24659 MainThread [INFO]  Received executor task 1695
2023-06-30 14:47:24.252 worker_log:602 24659 MainThread [INFO]  Completed executor task 1695
2023-06-30 14:47:24.253 worker_log:613 24659 MainThread [INFO]  All processing finished for executor task 1695
2023-06-30 14:48:19.006 worker_log:584 24659 MainThread [INFO]  Received executor task 1708
2023-06-30 14:48:54.491 worker_log:602 24659 MainThread [INFO]  Completed executor task 1708
2023-06-30 14:48:54.491 worker_log:613 24659 MainThread [INFO]  All processing finished for executor task 1708
2023-06-30 14:49:21.518 worker_log:584 24659 MainThread [INFO]  Received executor task 1717
2023-06-30 14:50:12.277 worker_log:602 24659 MainThread [INFO]  Completed executor task 1717
2023-06-30 14:50:12.277 worker_log:613 24659 MainThread [INFO]  All processing finished for executor task 1717
2023-06-30 14:50:27.019 worker_log:584 24659 MainThread [INFO]  Received executor task 1741
2023-06-30 14:51:07.423 worker_log:602 24659 MainThread [INFO]  Completed executor task 1741
2023-06-30 14:51:07.423 worker_log:613 24659 MainThread [INFO]  All processing finished for executor task 1741
2023-06-30 14:51:57.668 worker_log:584 24659 MainThread [INFO]  Received executor task 1751
2023-06-30 14:52:21.228 worker_log:602 24659 MainThread [INFO]  Completed executor task 1751
2023-06-30 14:52:21.228 worker_log:613 24659 MainThread [INFO]  All processing finished for executor task 1751
2023-06-30 14:53:04.381 worker_log:584 24659 MainThread [INFO]  Received executor task 1765
2023-06-30 14:53:33.504 worker_log:602 24659 MainThread [INFO]  Completed executor task 1765
2023-06-30 14:53:33.505 worker_log:613 24659 MainThread [INFO]  All processing finished for executor task 1765
2023-06-30 14:54:20.769 worker_log:584 24659 MainThread [INFO]  Received executor task 1781
2023-06-30 14:55:07.315 worker_log:602 24659 MainThread [INFO]  Completed executor task 1781
2023-06-30 14:55:07.316 worker_log:613 24659 MainThread [INFO]  All processing finished for executor task 1781
2023-06-30 14:55:35.823 worker_log:584 24659 MainThread [INFO]  Received executor task 1802
2023-06-30 14:56:12.631 worker_log:602 24659 MainThread [INFO]  Completed executor task 1802
2023-06-30 14:56:12.631 worker_log:613 24659 MainThread [INFO]  All processing finished for executor task 1802
2023-06-30 14:56:50.551 worker_log:584 24659 MainThread [INFO]  Received executor task 1817
2023-06-30 14:57:21.830 worker_log:602 24659 MainThread [INFO]  Completed executor task 1817
2023-06-30 14:57:21.830 worker_log:613 24659 MainThread [INFO]  All processing finished for executor task 1817
2023-06-30 14:58:16.583 worker_log:584 24659 MainThread [INFO]  Received executor task 1827
2023-06-30 14:59:15.997 worker_log:602 24659 MainThread [INFO]  Completed executor task 1827
2023-06-30 14:59:15.998 worker_log:613 24659 MainThread [INFO]  All processing finished for executor task 1827
2023-06-30 14:59:26.610 worker_log:584 24659 MainThread [INFO]  Received executor task 1855
2023-06-30 14:59:54.939 worker_log:602 24659 MainThread [INFO]  Completed executor task 1855
2023-06-30 14:59:54.939 worker_log:613 24659 MainThread [INFO]  All processing finished for executor task 1855
2023-06-30 15:00:38.605 worker_log:584 24659 MainThread [INFO]  Received executor task 1861
2023-06-30 15:01:26.308 worker_log:602 24659 MainThread [INFO]  Completed executor task 1861
2023-06-30 15:01:26.309 worker_log:613 24659 MainThread [INFO]  All processing finished for executor task 1861
2023-06-30 15:01:53.884 worker_log:584 24659 MainThread [INFO]  Received executor task 1883
2023-06-30 15:02:14.032 worker_log:602 24659 MainThread [INFO]  Completed executor task 1883
2023-06-30 15:02:14.033 worker_log:613 24659 MainThread [INFO]  All processing finished for executor task 1883
2023-06-30 15:03:37.229 worker_log:584 24659 MainThread [INFO]  Received executor task 1892
2023-06-30 15:03:57.299 worker_log:602 24659 MainThread [INFO]  Completed executor task 1892
2023-06-30 15:03:57.299 worker_log:613 24659 MainThread [INFO]  All processing finished for executor task 1892
2023-06-30 15:05:13.664 worker_log:584 24659 MainThread [INFO]  Received executor task 1909
2023-06-30 15:05:43.165 worker_log:602 24659 MainThread [INFO]  Completed executor task 1909
2023-06-30 15:05:43.166 worker_log:613 24659 MainThread [INFO]  All processing finished for executor task 1909
2023-06-30 15:06:29.439 worker_log:584 24659 MainThread [INFO]  Received executor task 1926
2023-06-30 15:06:53.713 worker_log:602 24659 MainThread [INFO]  Completed executor task 1926
2023-06-30 15:06:53.714 worker_log:613 24659 MainThread [INFO]  All processing finished for executor task 1926
2023-06-30 15:07:50.473 worker_log:584 24659 MainThread [INFO]  Received executor task 1939
2023-06-30 15:08:12.681 worker_log:602 24659 MainThread [INFO]  Completed executor task 1939
2023-06-30 15:08:12.681 worker_log:613 24659 MainThread [INFO]  All processing finished for executor task 1939
2023-06-30 15:08:53.320 worker_log:584 24659 MainThread [INFO]  Received executor task 1953
2023-06-30 15:09:54.726 worker_log:602 24659 MainThread [INFO]  Completed executor task 1953
2023-06-30 15:09:54.726 worker_log:613 24659 MainThread [INFO]  All processing finished for executor task 1953
2023-06-30 15:10:24.328 worker_log:584 24659 MainThread [INFO]  Received executor task 1983
2023-06-30 15:11:13.118 worker_log:602 24659 MainThread [INFO]  Completed executor task 1983
2023-06-30 15:11:13.118 worker_log:613 24659 MainThread [INFO]  All processing finished for executor task 1983
2023-06-30 15:11:27.528 worker_log:584 24659 MainThread [INFO]  Received executor task 1996
2023-06-30 15:11:41.330 worker_log:602 24659 MainThread [INFO]  Completed executor task 1996
2023-06-30 15:11:41.331 worker_log:613 24659 MainThread [INFO]  All processing finished for executor task 1996
2023-06-30 15:12:44.027 worker_log:584 24659 MainThread [INFO]  Received executor task 2001
2023-06-30 15:13:36.144 worker_log:602 24659 MainThread [INFO]  Completed executor task 2001
2023-06-30 15:13:36.145 worker_log:613 24659 MainThread [INFO]  All processing finished for executor task 2001
2023-06-30 15:14:03.768 worker_log:584 24659 MainThread [INFO]  Received executor task 2026
2023-06-30 15:14:19.459 worker_log:602 24659 MainThread [INFO]  Completed executor task 2026
2023-06-30 15:14:19.459 worker_log:613 24659 MainThread [INFO]  All processing finished for executor task 2026
2023-06-30 15:15:21.832 worker_log:584 24659 MainThread [INFO]  Received executor task 2033
2023-06-30 15:15:54.552 worker_log:602 24659 MainThread [INFO]  Completed executor task 2033
2023-06-30 15:15:54.552 worker_log:613 24659 MainThread [INFO]  All processing finished for executor task 2033
2023-06-30 15:16:20.763 worker_log:584 24659 MainThread [INFO]  Received executor task 2056
2023-06-30 15:16:47.756 worker_log:602 24659 MainThread [INFO]  Completed executor task 2056
2023-06-30 15:16:47.757 worker_log:613 24659 MainThread [INFO]  All processing finished for executor task 2056
2023-06-30 15:17:34.460 worker_log:584 24659 MainThread [INFO]  Received executor task 2069
2023-06-30 15:18:37.125 worker_log:602 24659 MainThread [INFO]  Completed executor task 2069
2023-06-30 15:18:37.126 worker_log:613 24659 MainThread [INFO]  All processing finished for executor task 2069
2023-06-30 15:18:51.722 worker_log:584 24659 MainThread [INFO]  Received executor task 2094
2023-06-30 15:19:19.619 worker_log:602 24659 MainThread [INFO]  Completed executor task 2094
2023-06-30 15:19:19.620 worker_log:613 24659 MainThread [INFO]  All processing finished for executor task 2094
2023-06-30 15:20:07.124 worker_log:584 24659 MainThread [INFO]  Received executor task 2099
2023-06-30 15:20:51.822 worker_log:602 24659 MainThread [INFO]  Completed executor task 2099
2023-06-30 15:20:51.822 worker_log:613 24659 MainThread [INFO]  All processing finished for executor task 2099
2023-06-30 15:21:34.658 worker_log:584 24659 MainThread [INFO]  Received executor task 2123
2023-06-30 15:21:59.990 worker_log:602 24659 MainThread [INFO]  Completed executor task 2123
2023-06-30 15:21:59.991 worker_log:613 24659 MainThread [INFO]  All processing finished for executor task 2123
2023-06-30 15:22:37.384 worker_log:584 24659 MainThread [INFO]  Received executor task 2133
2023-06-30 15:23:12.023 worker_log:602 24659 MainThread [INFO]  Completed executor task 2133
2023-06-30 15:23:12.024 worker_log:613 24659 MainThread [INFO]  All processing finished for executor task 2133
2023-06-30 15:23:45.699 worker_log:584 24659 MainThread [INFO]  Received executor task 2148
2023-06-30 15:24:23.945 worker_log:602 24659 MainThread [INFO]  Completed executor task 2148
2023-06-30 15:24:23.945 worker_log:613 24659 MainThread [INFO]  All processing finished for executor task 2148
2023-06-30 15:25:13.370 worker_log:584 24659 MainThread [INFO]  Received executor task 2170
2023-06-30 15:25:58.061 worker_log:602 24659 MainThread [INFO]  Completed executor task 2170
2023-06-30 15:25:58.061 worker_log:613 24659 MainThread [INFO]  All processing finished for executor task 2170
2023-06-30 15:26:56.604 worker_log:584 24659 MainThread [INFO]  Received executor task 2187
2023-06-30 15:27:29.637 worker_log:602 24659 MainThread [INFO]  Completed executor task 2187
2023-06-30 15:27:29.638 worker_log:613 24659 MainThread [INFO]  All processing finished for executor task 2187
2023-06-30 15:28:33.035 worker_log:584 24659 MainThread [INFO]  Received executor task 2199
2023-06-30 15:29:20.657 worker_log:602 24659 MainThread [INFO]  Completed executor task 2199
2023-06-30 15:29:20.657 worker_log:613 24659 MainThread [INFO]  All processing finished for executor task 2199
2023-06-30 15:30:01.683 worker_log:584 24659 MainThread [INFO]  Received executor task 2221
2023-06-30 15:30:12.196 worker_log:602 24659 MainThread [INFO]  Completed executor task 2221
2023-06-30 15:30:12.197 worker_log:613 24659 MainThread [INFO]  All processing finished for executor task 2221
2023-06-30 15:31:30.560 worker_log:584 24659 MainThread [INFO]  Received executor task 2225
2023-06-30 15:32:07.215 worker_log:602 24659 MainThread [INFO]  Completed executor task 2225
2023-06-30 15:32:07.215 worker_log:613 24659 MainThread [INFO]  All processing finished for executor task 2225
2023-06-30 15:32:36.406 worker_log:584 24659 MainThread [INFO]  Received executor task 2247
2023-06-30 15:33:05.965 worker_log:602 24659 MainThread [INFO]  Completed executor task 2247
2023-06-30 15:33:05.965 worker_log:613 24659 MainThread [INFO]  All processing finished for executor task 2247
2023-06-30 15:33:33.153 worker_log:584 24659 MainThread [INFO]  Received executor task 2260
2023-06-30 15:34:04.695 worker_log:602 24659 MainThread [INFO]  Completed executor task 2260
2023-06-30 15:34:04.696 worker_log:613 24659 MainThread [INFO]  All processing finished for executor task 2260
2023-06-30 15:34:58.924 worker_log:584 24659 MainThread [INFO]  Received executor task 2277
2023-06-30 15:35:36.137 worker_log:602 24659 MainThread [INFO]  Completed executor task 2277
2023-06-30 15:35:36.137 worker_log:613 24659 MainThread [INFO]  All processing finished for executor task 2277
2023-06-30 15:37:25.695 worker_log:584 24659 MainThread [INFO]  Received executor task 2293
2023-06-30 15:37:54.435 worker_log:602 24659 MainThread [INFO]  Completed executor task 2293
2023-06-30 15:37:54.435 worker_log:613 24659 MainThread [INFO]  All processing finished for executor task 2293
2023-06-30 15:38:45.561 worker_log:584 24659 MainThread [INFO]  Received executor task 2310
2023-06-30 15:39:09.632 worker_log:602 24659 MainThread [INFO]  Completed executor task 2310
2023-06-30 15:39:09.633 worker_log:613 24659 MainThread [INFO]  All processing finished for executor task 2310
2023-06-30 15:39:57.148 worker_log:584 24659 MainThread [INFO]  Received executor task 2324
2023-06-30 15:40:41.732 worker_log:602 24659 MainThread [INFO]  Completed executor task 2324
2023-06-30 15:40:41.733 worker_log:613 24659 MainThread [INFO]  All processing finished for executor task 2324
2023-06-30 15:41:19.499 worker_log:584 24659 MainThread [INFO]  Received executor task 2345
2023-06-30 15:41:55.277 worker_log:602 24659 MainThread [INFO]  Completed executor task 2345
2023-06-30 15:41:55.278 worker_log:613 24659 MainThread [INFO]  All processing finished for executor task 2345
2023-06-30 15:42:29.712 worker_log:584 24659 MainThread [INFO]  Received executor task 2359
2023-06-30 15:43:14.088 worker_log:602 24659 MainThread [INFO]  Completed executor task 2359
2023-06-30 15:43:14.088 worker_log:613 24659 MainThread [INFO]  All processing finished for executor task 2359
2023-06-30 15:43:34.335 worker_log:584 24659 MainThread [INFO]  Received executor task 2378
2023-06-30 15:44:00.538 worker_log:602 24659 MainThread [INFO]  Completed executor task 2378
2023-06-30 15:44:00.539 worker_log:613 24659 MainThread [INFO]  All processing finished for executor task 2378
2023-06-30 15:45:08.749 worker_log:584 24659 MainThread [INFO]  Received executor task 2387
2023-06-30 15:45:55.262 worker_log:602 24659 MainThread [INFO]  Completed executor task 2387
2023-06-30 15:45:55.263 worker_log:613 24659 MainThread [INFO]  All processing finished for executor task 2387
2023-06-30 15:46:22.907 worker_log:584 24659 MainThread [INFO]  Received executor task 2412
2023-06-30 15:46:50.705 worker_log:602 24659 MainThread [INFO]  Completed executor task 2412
2023-06-30 15:46:50.706 worker_log:613 24659 MainThread [INFO]  All processing finished for executor task 2412
2023-06-30 15:47:36.048 worker_log:584 24659 MainThread [INFO]  Received executor task 2420
2023-06-30 15:48:04.749 worker_log:602 24659 MainThread [INFO]  Completed executor task 2420
2023-06-30 15:48:04.749 worker_log:613 24659 MainThread [INFO]  All processing finished for executor task 2420
2023-06-30 15:48:37.388 worker_log:584 24659 MainThread [INFO]  Received executor task 2437
2023-06-30 15:49:08.047 worker_log:602 24659 MainThread [INFO]  Completed executor task 2437
2023-06-30 15:49:08.048 worker_log:613 24659 MainThread [INFO]  All processing finished for executor task 2437
2023-06-30 15:50:02.121 worker_log:584 24659 MainThread [INFO]  Received executor task 2452
2023-06-30 15:50:48.814 worker_log:602 24659 MainThread [INFO]  Completed executor task 2452
2023-06-30 15:50:48.814 worker_log:613 24659 MainThread [INFO]  All processing finished for executor task 2452
2023-06-30 15:51:11.767 worker_log:584 24659 MainThread [INFO]  Received executor task 2477
2023-06-30 15:51:38.863 worker_log:602 24659 MainThread [INFO]  Completed executor task 2477
2023-06-30 15:51:38.863 worker_log:613 24659 MainThread [INFO]  All processing finished for executor task 2477
2023-06-30 15:52:26.607 worker_log:584 24659 MainThread [INFO]  Received executor task 2482
2023-06-30 15:53:08.602 worker_log:602 24659 MainThread [INFO]  Completed executor task 2482
2023-06-30 15:53:08.603 worker_log:613 24659 MainThread [INFO]  All processing finished for executor task 2482
2023-06-30 15:53:57.058 worker_log:584 24659 MainThread [INFO]  Received executor task 2504
2023-06-30 15:54:38.842 worker_log:602 24659 MainThread [INFO]  Completed executor task 2504
2023-06-30 15:54:38.843 worker_log:613 24659 MainThread [INFO]  All processing finished for executor task 2504
2023-06-30 15:55:46.069 worker_log:584 24659 MainThread [INFO]  Received executor task 2522
2023-06-30 15:56:22.835 worker_log:602 24659 MainThread [INFO]  Completed executor task 2522
2023-06-30 15:56:22.835 worker_log:613 24659 MainThread [INFO]  All processing finished for executor task 2522
2023-06-30 15:56:40.598 worker_log:584 24659 MainThread [INFO]  Received executor task 2539
2023-06-30 15:56:58.053 worker_log:602 24659 MainThread [INFO]  Completed executor task 2539
2023-06-30 15:56:58.054 worker_log:613 24659 MainThread [INFO]  All processing finished for executor task 2539
2023-06-30 15:58:07.686 worker_log:584 24659 MainThread [INFO]  Received executor task 2546
2023-06-30 15:59:00.736 worker_log:602 24659 MainThread [INFO]  Completed executor task 2546
2023-06-30 15:59:00.737 worker_log:613 24659 MainThread [INFO]  All processing finished for executor task 2546
2023-06-30 15:59:11.332 worker_log:584 24659 MainThread [INFO]  Received executor task 2573
2023-06-30 15:59:45.317 worker_log:602 24659 MainThread [INFO]  Completed executor task 2573
2023-06-30 15:59:45.318 worker_log:613 24659 MainThread [INFO]  All processing finished for executor task 2573
2023-06-30 16:00:00.444 worker_log:584 24659 MainThread [INFO]  Received executor task 2584
2023-06-30 16:00:43.041 worker_log:602 24659 MainThread [INFO]  Completed executor task 2584
2023-06-30 16:00:43.042 worker_log:613 24659 MainThread [INFO]  All processing finished for executor task 2584
2023-06-30 16:01:29.975 worker_log:584 24659 MainThread [INFO]  Received executor task 2602
2023-06-30 16:01:58.331 worker_log:602 24659 MainThread [INFO]  Completed executor task 2602
2023-06-30 16:01:58.332 worker_log:613 24659 MainThread [INFO]  All processing finished for executor task 2602
2023-06-30 16:02:26.522 worker_log:584 24659 MainThread [INFO]  Received executor task 2613
2023-06-30 16:03:19.228 worker_log:602 24659 MainThread [INFO]  Completed executor task 2613
2023-06-30 16:03:19.228 worker_log:613 24659 MainThread [INFO]  All processing finished for executor task 2613
2023-06-30 16:03:49.410 worker_log:584 24659 MainThread [INFO]  Received executor task 2637
2023-06-30 16:04:48.913 worker_log:602 24659 MainThread [INFO]  Completed executor task 2637
2023-06-30 16:04:48.914 worker_log:613 24659 MainThread [INFO]  All processing finished for executor task 2637
2023-06-30 16:05:37.927 worker_log:584 24659 MainThread [INFO]  Received executor task 2653
2023-06-30 16:06:14.435 worker_log:602 24659 MainThread [INFO]  Completed executor task 2653
2023-06-30 16:06:14.435 worker_log:613 24659 MainThread [INFO]  All processing finished for executor task 2653
2023-06-30 16:07:01.287 worker_log:584 24659 MainThread [INFO]  Received executor task 2665
2023-06-30 16:07:47.752 worker_log:602 24659 MainThread [INFO]  Completed executor task 2665
2023-06-30 16:07:47.753 worker_log:613 24659 MainThread [INFO]  All processing finished for executor task 2665
2023-06-30 16:08:05.250 worker_log:584 24659 MainThread [INFO]  Received executor task 2681
2023-06-30 16:08:15.541 worker_log:602 24659 MainThread [INFO]  Completed executor task 2681
2023-06-30 16:08:15.541 worker_log:613 24659 MainThread [INFO]  All processing finished for executor task 2681
2023-06-30 16:09:19.262 worker_log:584 24659 MainThread [INFO]  Received executor task 2689
2023-06-30 16:09:39.982 worker_log:602 24659 MainThread [INFO]  Completed executor task 2689
2023-06-30 16:09:39.983 worker_log:613 24659 MainThread [INFO]  All processing finished for executor task 2689
2023-06-30 16:10:34.716 worker_log:584 24659 MainThread [INFO]  Received executor task 2705
2023-06-30 16:11:02.984 worker_log:602 24659 MainThread [INFO]  Completed executor task 2705
2023-06-30 16:11:02.984 worker_log:613 24659 MainThread [INFO]  All processing finished for executor task 2705
2023-06-30 16:11:50.790 worker_log:584 24659 MainThread [INFO]  Received executor task 2722
2023-06-30 16:13:03.517 worker_log:602 24659 MainThread [INFO]  Completed executor task 2722
2023-06-30 16:13:03.517 worker_log:613 24659 MainThread [INFO]  All processing finished for executor task 2722
2023-06-30 16:13:26.109 worker_log:584 24659 MainThread [INFO]  Received executor task 2751
2023-06-30 16:14:18.929 worker_log:602 24659 MainThread [INFO]  Completed executor task 2751
2023-06-30 16:14:18.930 worker_log:613 24659 MainThread [INFO]  All processing finished for executor task 2751
2023-06-30 16:14:26.391 worker_log:584 24659 MainThread [INFO]  Received executor task 2767
2023-06-30 16:14:46.602 worker_log:602 24659 MainThread [INFO]  Completed executor task 2767
2023-06-30 16:14:46.603 worker_log:613 24659 MainThread [INFO]  All processing finished for executor task 2767
2023-06-30 16:15:48.548 worker_log:584 24659 MainThread [INFO]  Received executor task 2770
2023-06-30 16:16:42.129 worker_log:602 24659 MainThread [INFO]  Completed executor task 2770
2023-06-30 16:16:42.129 worker_log:613 24659 MainThread [INFO]  All processing finished for executor task 2770
2023-06-30 16:17:17.413 worker_log:584 24659 MainThread [INFO]  Received executor task 2796
2023-06-30 16:17:56.682 worker_log:602 24659 MainThread [INFO]  Completed executor task 2796
2023-06-30 16:17:56.682 worker_log:613 24659 MainThread [INFO]  All processing finished for executor task 2796
2023-06-30 16:18:15.314 worker_log:584 24659 MainThread [INFO]  Received executor task 2809
2023-06-30 16:18:38.039 worker_log:602 24659 MainThread [INFO]  Completed executor task 2809
2023-06-30 16:18:38.039 worker_log:613 24659 MainThread [INFO]  All processing finished for executor task 2809
2023-06-30 16:19:42.123 worker_log:584 24659 MainThread [INFO]  Received executor task 2820
2023-06-30 16:20:49.235 worker_log:602 24659 MainThread [INFO]  Completed executor task 2820
2023-06-30 16:20:49.235 worker_log:613 24659 MainThread [INFO]  All processing finished for executor task 2820
2023-06-30 16:20:50.414 worker_log:584 24659 MainThread [INFO]  Received executor task 2848
2023-06-30 16:21:30.582 worker_log:602 24659 MainThread [INFO]  Completed executor task 2848
2023-06-30 16:21:30.583 worker_log:613 24659 MainThread [INFO]  All processing finished for executor task 2848
2023-06-30 16:22:00.107 worker_log:584 24659 MainThread [INFO]  Received executor task 2858
2023-06-30 16:22:22.249 worker_log:602 24659 MainThread [INFO]  Completed executor task 2858
2023-06-30 16:22:22.250 worker_log:613 24659 MainThread [INFO]  All processing finished for executor task 2858
2023-06-30 16:23:16.138 worker_log:584 24659 MainThread [INFO]  Received executor task 2868
2023-06-30 16:24:11.349 worker_log:602 24659 MainThread [INFO]  Completed executor task 2868
2023-06-30 16:24:11.349 worker_log:613 24659 MainThread [INFO]  All processing finished for executor task 2868
2023-06-30 16:24:29.051 worker_log:584 24659 MainThread [INFO]  Received executor task 2894
2023-06-30 16:25:07.338 worker_log:602 24659 MainThread [INFO]  Completed executor task 2894
2023-06-30 16:25:07.339 worker_log:613 24659 MainThread [INFO]  All processing finished for executor task 2894
2023-06-30 16:25:58.634 worker_log:584 24659 MainThread [INFO]  Received executor task 2906
2023-06-30 16:27:12.549 worker_log:602 24659 MainThread [INFO]  Completed executor task 2906
2023-06-30 16:27:12.550 worker_log:613 24659 MainThread [INFO]  All processing finished for executor task 2906
2023-06-30 16:27:13.713 worker_log:584 24659 MainThread [INFO]  Received executor task 2928
2023-06-30 16:27:46.608 worker_log:602 24659 MainThread [INFO]  Completed executor task 2928
2023-06-30 16:27:46.608 worker_log:613 24659 MainThread [INFO]  All processing finished for executor task 2928
2023-06-30 16:28:24.119 worker_log:584 24659 MainThread [INFO]  Received executor task 2933
2023-06-30 16:29:25.639 worker_log:602 24659 MainThread [INFO]  Completed executor task 2933
2023-06-30 16:29:25.639 worker_log:613 24659 MainThread [INFO]  All processing finished for executor task 2933
2023-06-30 16:30:13.827 worker_log:584 24659 MainThread [INFO]  Received executor task 2958
2023-06-30 16:30:49.312 worker_log:602 24659 MainThread [INFO]  Completed executor task 2958
2023-06-30 16:30:49.312 worker_log:613 24659 MainThread [INFO]  All processing finished for executor task 2958
2023-06-30 16:31:20.011 worker_log:584 24659 MainThread [INFO]  Received executor task 2968
2023-06-30 16:32:16.044 worker_log:602 24659 MainThread [INFO]  Completed executor task 2968
2023-06-30 16:32:16.045 worker_log:613 24659 MainThread [INFO]  All processing finished for executor task 2968
2023-06-30 16:32:31.933 worker_log:584 24659 MainThread [INFO]  Received executor task 2990
2023-06-30 16:33:07.230 worker_log:602 24659 MainThread [INFO]  Completed executor task 2990
2023-06-30 16:33:07.231 worker_log:613 24659 MainThread [INFO]  All processing finished for executor task 2990
2023-06-30 16:33:57.995 worker_log:584 24659 MainThread [INFO]  Received executor task 3002
2023-06-30 16:34:22.668 worker_log:602 24659 MainThread [INFO]  Completed executor task 3002
2023-06-30 16:34:22.668 worker_log:613 24659 MainThread [INFO]  All processing finished for executor task 3002
2023-06-30 16:35:11.563 worker_log:584 24659 MainThread [INFO]  Received executor task 3012
2023-06-30 16:35:46.506 worker_log:602 24659 MainThread [INFO]  Completed executor task 3012
2023-06-30 16:35:46.507 worker_log:613 24659 MainThread [INFO]  All processing finished for executor task 3012
2023-06-30 16:37:00.786 worker_log:584 24659 MainThread [INFO]  Received executor task 3030
2023-06-30 16:38:10.593 worker_log:602 24659 MainThread [INFO]  Completed executor task 3030
2023-06-30 16:38:10.594 worker_log:613 24659 MainThread [INFO]  All processing finished for executor task 3030
2023-06-30 16:38:12.306 worker_log:584 24659 MainThread [INFO]  Received executor task 3056
2023-06-30 16:39:30.526 worker_log:602 24659 MainThread [INFO]  Completed executor task 3056
2023-06-30 16:39:30.527 worker_log:613 24659 MainThread [INFO]  All processing finished for executor task 3056
2023-06-30 16:39:32.239 worker_log:584 24659 MainThread [INFO]  Received executor task 3072
2023-06-30 16:40:05.657 worker_log:602 24659 MainThread [INFO]  Completed executor task 3072
2023-06-30 16:40:05.658 worker_log:613 24659 MainThread [INFO]  All processing finished for executor task 3072
2023-06-30 16:40:45.484 worker_log:584 24659 MainThread [INFO]  Received executor task 3079
2023-06-30 16:41:35.692 worker_log:602 24659 MainThread [INFO]  Completed executor task 3079
2023-06-30 16:41:35.692 worker_log:613 24659 MainThread [INFO]  All processing finished for executor task 3079
2023-06-30 16:41:44.321 worker_log:584 24659 MainThread [INFO]  Received executor task 3101
2023-06-30 16:42:10.834 worker_log:602 24659 MainThread [INFO]  Completed executor task 3101
2023-06-30 16:42:10.834 worker_log:613 24659 MainThread [INFO]  All processing finished for executor task 3101
2023-06-30 16:42:44.453 worker_log:584 24659 MainThread [INFO]  Received executor task 3107
2023-06-30 16:43:43.327 worker_log:602 24659 MainThread [INFO]  Completed executor task 3107
2023-06-30 16:43:43.327 worker_log:613 24659 MainThread [INFO]  All processing finished for executor task 3107
2023-06-30 16:43:44.689 worker_log:584 24659 MainThread [INFO]  Received executor task 3136
2023-06-30 16:44:27.348 worker_log:602 24659 MainThread [INFO]  Completed executor task 3136
2023-06-30 16:44:27.349 worker_log:613 24659 MainThread [INFO]  All processing finished for executor task 3136
2023-06-30 16:44:50.379 worker_log:584 24659 MainThread [INFO]  Received executor task 3147
2023-06-30 16:45:05.991 worker_log:602 24659 MainThread [INFO]  Completed executor task 3147
2023-06-30 16:45:05.991 worker_log:613 24659 MainThread [INFO]  All processing finished for executor task 3147
2023-06-30 16:46:11.565 worker_log:584 24659 MainThread [INFO]  Received executor task 3155
2023-06-30 16:46:58.754 worker_log:602 24659 MainThread [INFO]  Completed executor task 3155
2023-06-30 16:46:58.754 worker_log:613 24659 MainThread [INFO]  All processing finished for executor task 3155
2023-06-30 16:47:16.679 worker_log:584 24659 MainThread [INFO]  Received executor task 3178
2023-06-30 16:48:04.260 worker_log:602 24659 MainThread [INFO]  Completed executor task 3178
2023-06-30 16:48:04.261 worker_log:613 24659 MainThread [INFO]  All processing finished for executor task 3178
2023-06-30 16:49:35.002 worker_log:584 24659 MainThread [INFO]  Received executor task 3193
2023-06-30 16:50:10.228 worker_log:602 24659 MainThread [INFO]  Completed executor task 3193
2023-06-30 16:50:10.228 worker_log:613 24659 MainThread [INFO]  All processing finished for executor task 3193
2023-06-30 16:50:54.740 worker_log:584 24659 MainThread [INFO]  Received executor task 3209
2023-06-30 16:51:28.064 worker_log:602 24659 MainThread [INFO]  Completed executor task 3209
2023-06-30 16:51:28.064 worker_log:613 24659 MainThread [INFO]  All processing finished for executor task 3209
2023-06-30 16:52:06.941 worker_log:584 24659 MainThread [INFO]  Received executor task 3221
2023-06-30 16:52:50.429 worker_log:602 24659 MainThread [INFO]  Completed executor task 3221
2023-06-30 16:52:50.430 worker_log:613 24659 MainThread [INFO]  All processing finished for executor task 3221
2023-06-30 16:53:47.804 worker_log:584 24659 MainThread [INFO]  Received executor task 3242
2023-06-30 16:54:07.189 worker_log:602 24659 MainThread [INFO]  Completed executor task 3242
2023-06-30 16:54:07.190 worker_log:613 24659 MainThread [INFO]  All processing finished for executor task 3242
2023-06-30 16:54:55.444 worker_log:584 24659 MainThread [INFO]  Received executor task 3249
2023-06-30 16:55:37.357 worker_log:602 24659 MainThread [INFO]  Completed executor task 3249
2023-06-30 16:55:37.358 worker_log:613 24659 MainThread [INFO]  All processing finished for executor task 3249
2023-06-30 16:56:35.335 worker_log:584 24659 MainThread [INFO]  Received executor task 3275
2023-06-30 16:57:48.609 worker_log:602 24659 MainThread [INFO]  Completed executor task 3275
2023-06-30 16:57:48.609 worker_log:613 24659 MainThread [INFO]  All processing finished for executor task 3275
2023-06-30 16:57:49.907 worker_log:584 24659 MainThread [INFO]  Received executor task 3296
2023-06-30 16:58:30.226 worker_log:602 24659 MainThread [INFO]  Completed executor task 3296
2023-06-30 16:58:30.226 worker_log:613 24659 MainThread [INFO]  All processing finished for executor task 3296
2023-06-30 17:00:16.638 worker_log:584 24659 MainThread [INFO]  Received executor task 3303
2023-06-30 17:00:58.656 worker_log:602 24659 MainThread [INFO]  Completed executor task 3303
2023-06-30 17:00:58.657 worker_log:613 24659 MainThread [INFO]  All processing finished for executor task 3303
2023-06-30 17:01:33.700 worker_log:584 24659 MainThread [INFO]  Received executor task 3323
2023-06-30 17:02:00.290 worker_log:602 24659 MainThread [INFO]  Completed executor task 3323
2023-06-30 17:02:00.291 worker_log:613 24659 MainThread [INFO]  All processing finished for executor task 3323
2023-06-30 17:02:38.302 worker_log:584 24659 MainThread [INFO]  Received executor task 3335
2023-06-30 17:03:48.134 worker_log:602 24659 MainThread [INFO]  Completed executor task 3335
2023-06-30 17:03:48.135 worker_log:613 24659 MainThread [INFO]  All processing finished for executor task 3335
2023-06-30 17:04:14.252 worker_log:584 24659 MainThread [INFO]  Received executor task 3356
2023-06-30 17:04:47.409 worker_log:602 24659 MainThread [INFO]  Completed executor task 3356
2023-06-30 17:04:47.410 worker_log:613 24659 MainThread [INFO]  All processing finished for executor task 3356
2023-06-30 17:06:00.243 worker_log:584 24659 MainThread [INFO]  Received executor task 3365
2023-06-30 17:06:53.225 worker_log:602 24659 MainThread [INFO]  Completed executor task 3365
2023-06-30 17:06:53.226 worker_log:613 24659 MainThread [INFO]  All processing finished for executor task 3365
2023-06-30 17:07:07.333 worker_log:584 24659 MainThread [INFO]  Received executor task 3387
2023-06-30 17:07:43.676 worker_log:602 24659 MainThread [INFO]  Completed executor task 3387
2023-06-30 17:07:43.677 worker_log:613 24659 MainThread [INFO]  All processing finished for executor task 3387
2023-06-30 17:08:34.959 worker_log:584 24659 MainThread [INFO]  Received executor task 3398
2023-06-30 17:09:15.929 worker_log:602 24659 MainThread [INFO]  Completed executor task 3398
2023-06-30 17:09:15.930 worker_log:613 24659 MainThread [INFO]  All processing finished for executor task 3398
2023-06-30 17:10:14.972 worker_log:584 24659 MainThread [INFO]  Received executor task 3419
2023-06-30 17:11:51.994 worker_log:602 24659 MainThread [INFO]  Completed executor task 3419
2023-06-30 17:11:51.994 worker_log:613 24659 MainThread [INFO]  All processing finished for executor task 3419
2023-06-30 17:11:52.952 worker_log:584 24659 MainThread [INFO]  Received executor task 3440
2023-06-30 17:12:36.954 worker_log:602 24659 MainThread [INFO]  Completed executor task 3440
2023-06-30 17:12:36.955 worker_log:613 24659 MainThread [INFO]  All processing finished for executor task 3440
2023-06-30 17:13:01.610 worker_log:584 24659 MainThread [INFO]  Received executor task 3449
2023-06-30 17:13:46.343 worker_log:602 24659 MainThread [INFO]  Completed executor task 3449
2023-06-30 17:13:46.344 worker_log:613 24659 MainThread [INFO]  All processing finished for executor task 3449
2023-06-30 17:14:14.816 worker_log:584 24659 MainThread [INFO]  Received executor task 3466
2023-06-30 17:14:49.439 worker_log:602 24659 MainThread [INFO]  Completed executor task 3466
2023-06-30 17:14:49.439 worker_log:613 24659 MainThread [INFO]  All processing finished for executor task 3466
2023-06-30 17:15:48.052 worker_log:584 24659 MainThread [INFO]  Received executor task 3476
2023-06-30 17:16:59.430 worker_log:602 24659 MainThread [INFO]  Completed executor task 3476
2023-06-30 17:16:59.430 worker_log:613 24659 MainThread [INFO]  All processing finished for executor task 3476
2023-06-30 17:17:11.399 worker_log:584 24659 MainThread [INFO]  Received executor task 3503
2023-06-30 17:17:34.290 worker_log:602 24659 MainThread [INFO]  Completed executor task 3503
2023-06-30 17:17:34.291 worker_log:613 24659 MainThread [INFO]  All processing finished for executor task 3503
2023-06-30 17:18:33.938 worker_log:584 24659 MainThread [INFO]  Received executor task 3506
2023-06-30 17:19:15.319 worker_log:602 24659 MainThread [INFO]  Completed executor task 3506
2023-06-30 17:19:15.320 worker_log:613 24659 MainThread [INFO]  All processing finished for executor task 3506
2023-06-30 17:20:18.655 worker_log:584 24659 MainThread [INFO]  Received executor task 3527
2023-06-30 17:20:42.562 worker_log:602 24659 MainThread [INFO]  Completed executor task 3527
2023-06-30 17:20:42.562 worker_log:613 24659 MainThread [INFO]  All processing finished for executor task 3527
2023-06-30 17:21:15.665 worker_log:584 24659 MainThread [INFO]  Received executor task 3538
2023-06-30 17:22:17.566 worker_log:602 24659 MainThread [INFO]  Completed executor task 3538
2023-06-30 17:22:17.566 worker_log:613 24659 MainThread [INFO]  All processing finished for executor task 3538
2023-06-30 17:22:31.874 worker_log:584 24659 MainThread [INFO]  Received executor task 3566
2023-06-30 17:23:16.677 worker_log:602 24659 MainThread [INFO]  Completed executor task 3566
2023-06-30 17:23:16.678 worker_log:613 24659 MainThread [INFO]  All processing finished for executor task 3566
2023-06-30 17:24:06.944 worker_log:584 24659 MainThread [INFO]  Received executor task 3581
2023-06-30 17:25:04.450 worker_log:602 24659 MainThread [INFO]  Completed executor task 3581
2023-06-30 17:25:04.451 worker_log:613 24659 MainThread [INFO]  All processing finished for executor task 3581
2023-06-30 17:25:22.146 worker_log:584 24659 MainThread [INFO]  Received executor task 3597
2023-06-30 17:25:57.028 worker_log:602 24659 MainThread [INFO]  Completed executor task 3597
2023-06-30 17:25:57.029 worker_log:613 24659 MainThread [INFO]  All processing finished for executor task 3597
2023-06-30 17:26:41.969 worker_log:584 24659 MainThread [INFO]  Received executor task 3610
2023-06-30 17:28:06.618 worker_log:602 24659 MainThread [INFO]  Completed executor task 3610
2023-06-30 17:28:06.618 worker_log:613 24659 MainThread [INFO]  All processing finished for executor task 3610
2023-06-30 17:28:07.728 worker_log:584 24659 MainThread [INFO]  Received executor task 3632
2023-06-30 17:29:05.838 worker_log:602 24659 MainThread [INFO]  Completed executor task 3632
2023-06-30 17:29:05.839 worker_log:613 24659 MainThread [INFO]  All processing finished for executor task 3632
2023-06-30 17:29:22.123 worker_log:584 24659 MainThread [INFO]  Received executor task 3646
2023-06-30 17:29:51.226 worker_log:602 24659 MainThread [INFO]  Completed executor task 3646
2023-06-30 17:29:51.226 worker_log:613 24659 MainThread [INFO]  All processing finished for executor task 3646
2023-06-30 17:31:08.341 worker_log:584 24659 MainThread [INFO]  Received executor task 3651
2023-06-30 17:32:02.217 worker_log:602 24659 MainThread [INFO]  Completed executor task 3651
2023-06-30 17:32:02.217 worker_log:613 24659 MainThread [INFO]  All processing finished for executor task 3651
2023-06-30 17:32:25.559 worker_log:584 24659 MainThread [INFO]  Received executor task 3677
2023-06-30 17:33:06.468 worker_log:602 24659 MainThread [INFO]  Completed executor task 3677
2023-06-30 17:33:06.468 worker_log:613 24659 MainThread [INFO]  All processing finished for executor task 3677
2023-06-30 17:33:47.782 worker_log:584 24659 MainThread [INFO]  Received executor task 3689
2023-06-30 17:34:56.167 worker_log:602 24659 MainThread [INFO]  Completed executor task 3689
2023-06-30 17:34:56.168 worker_log:613 24659 MainThread [INFO]  All processing finished for executor task 3689
2023-06-30 17:34:57.617 worker_log:584 24659 MainThread [INFO]  Received executor task 3712
2023-06-30 17:36:12.310 worker_log:602 24659 MainThread [INFO]  Completed executor task 3712
2023-06-30 17:36:12.311 worker_log:613 24659 MainThread [INFO]  All processing finished for executor task 3712
2023-06-30 17:36:13.595 worker_log:584 24659 MainThread [INFO]  Received executor task 3728
2023-06-30 17:36:31.310 worker_log:602 24659 MainThread [INFO]  Completed executor task 3728
2023-06-30 17:36:31.311 worker_log:613 24659 MainThread [INFO]  All processing finished for executor task 3728
2023-06-30 17:37:27.893 worker_log:584 24659 MainThread [INFO]  Received executor task 3730
2023-06-30 17:37:57.942 worker_log:602 24659 MainThread [INFO]  Completed executor task 3730
2023-06-30 17:37:57.942 worker_log:613 24659 MainThread [INFO]  All processing finished for executor task 3730
2023-06-30 17:38:30.928 worker_log:584 24659 MainThread [INFO]  Received executor task 3748
2023-06-30 17:39:21.413 worker_log:602 24659 MainThread [INFO]  Completed executor task 3748
2023-06-30 17:39:21.414 worker_log:613 24659 MainThread [INFO]  All processing finished for executor task 3748
2023-06-30 17:39:49.924 worker_log:584 24659 MainThread [INFO]  Received executor task 3770
2023-06-30 17:40:40.116 worker_log:602 24659 MainThread [INFO]  Completed executor task 3770
2023-06-30 17:40:40.116 worker_log:613 24659 MainThread [INFO]  All processing finished for executor task 3770
2023-06-30 17:41:40.662 worker_log:584 24659 MainThread [INFO]  Received executor task 3787
2023-06-30 17:42:17.494 worker_log:602 24659 MainThread [INFO]  Completed executor task 3787
2023-06-30 17:42:17.494 worker_log:613 24659 MainThread [INFO]  All processing finished for executor task 3787
2023-06-30 17:43:01.050 worker_log:584 24659 MainThread [INFO]  Received executor task 3798
2023-06-30 17:43:49.514 worker_log:602 24659 MainThread [INFO]  Completed executor task 3798
2023-06-30 17:43:49.515 worker_log:613 24659 MainThread [INFO]  All processing finished for executor task 3798
2023-06-30 17:44:52.100 worker_log:584 24659 MainThread [INFO]  Received executor task 3818
2023-06-30 17:45:08.241 worker_log:602 24659 MainThread [INFO]  Completed executor task 3818
2023-06-30 17:45:08.241 worker_log:613 24659 MainThread [INFO]  All processing finished for executor task 3818
2023-06-30 17:45:58.171 worker_log:584 24659 MainThread [INFO]  Received executor task 3826
2023-06-30 17:46:40.470 worker_log:602 24659 MainThread [INFO]  Completed executor task 3826
2023-06-30 17:46:40.471 worker_log:613 24659 MainThread [INFO]  All processing finished for executor task 3826
2023-06-30 17:47:22.515 worker_log:584 24659 MainThread [INFO]  Received executor task 3847
2023-06-30 17:47:53.241 worker_log:602 24659 MainThread [INFO]  Completed executor task 3847
2023-06-30 17:47:53.242 worker_log:613 24659 MainThread [INFO]  All processing finished for executor task 3847
2023-06-30 17:48:41.039 worker_log:584 24659 MainThread [INFO]  Received executor task 3863
2023-06-30 17:50:01.652 worker_log:602 24659 MainThread [INFO]  Completed executor task 3863
2023-06-30 17:50:01.653 worker_log:613 24659 MainThread [INFO]  All processing finished for executor task 3863
2023-06-30 17:50:02.765 worker_log:584 24659 MainThread [INFO]  Received executor task 3888
2023-06-30 17:50:24.059 worker_log:602 24659 MainThread [INFO]  Completed executor task 3888
2023-06-30 17:50:24.060 worker_log:613 24659 MainThread [INFO]  All processing finished for executor task 3888
2023-06-30 17:51:00.600 worker_log:584 24659 MainThread [INFO]  Received executor task 3890
2023-06-30 17:51:18.759 worker_log:602 24659 MainThread [INFO]  Completed executor task 3890
2023-06-30 17:51:18.760 worker_log:613 24659 MainThread [INFO]  All processing finished for executor task 3890
2023-06-30 17:52:39.691 worker_log:584 24659 MainThread [INFO]  Received executor task 3905
2023-06-30 17:53:16.202 worker_log:602 24659 MainThread [INFO]  Completed executor task 3905
2023-06-30 17:53:16.202 worker_log:613 24659 MainThread [INFO]  All processing finished for executor task 3905
2023-06-30 17:53:37.128 worker_log:584 24659 MainThread [INFO]  Received executor task 3930
2023-06-30 17:54:17.708 worker_log:602 24659 MainThread [INFO]  Completed executor task 3930
2023-06-30 17:54:17.709 worker_log:613 24659 MainThread [INFO]  All processing finished for executor task 3930
2023-06-30 17:54:49.169 worker_log:584 24659 MainThread [INFO]  Received executor task 3943
2023-06-30 17:55:20.803 worker_log:602 24659 MainThread [INFO]  Completed executor task 3943
2023-06-30 17:55:20.803 worker_log:613 24659 MainThread [INFO]  All processing finished for executor task 3943
2023-06-30 17:56:02.704 worker_log:584 24659 MainThread [INFO]  Received executor task 3957
2023-06-30 17:56:42.831 worker_log:602 24659 MainThread [INFO]  Completed executor task 3957
2023-06-30 17:56:42.832 worker_log:613 24659 MainThread [INFO]  All processing finished for executor task 3957
2023-06-30 17:57:37.615 worker_log:584 24659 MainThread [INFO]  Received executor task 3976
2023-06-30 17:58:00.365 worker_log:602 24659 MainThread [INFO]  Completed executor task 3976
2023-06-30 17:58:00.366 worker_log:613 24659 MainThread [INFO]  All processing finished for executor task 3976
2023-06-30 17:58:47.275 worker_log:584 24659 MainThread [INFO]  Received executor task 3987
2023-06-30 17:59:11.719 worker_log:602 24659 MainThread [INFO]  Completed executor task 3987
2023-06-30 17:59:11.720 worker_log:613 24659 MainThread [INFO]  All processing finished for executor task 3987
2023-06-30 17:59:52.304 worker_log:584 24659 MainThread [INFO]  Received executor task 4002
2023-06-30 18:00:57.953 worker_log:602 24659 MainThread [INFO]  Completed executor task 4002
2023-06-30 18:00:57.953 worker_log:613 24659 MainThread [INFO]  All processing finished for executor task 4002
2023-06-30 18:01:23.887 worker_log:584 24659 MainThread [INFO]  Received executor task 4029
2023-06-30 18:01:53.509 worker_log:602 24659 MainThread [INFO]  Completed executor task 4029
2023-06-30 18:01:53.510 worker_log:613 24659 MainThread [INFO]  All processing finished for executor task 4029
2023-06-30 18:02:42.252 worker_log:584 24659 MainThread [INFO]  Received executor task 4037
2023-06-30 18:03:20.182 worker_log:602 24659 MainThread [INFO]  Completed executor task 4037
2023-06-30 18:03:20.183 worker_log:613 24659 MainThread [INFO]  All processing finished for executor task 4037
2023-06-30 18:03:51.771 worker_log:584 24659 MainThread [INFO]  Received executor task 4056
2023-06-30 18:04:19.621 worker_log:602 24659 MainThread [INFO]  Completed executor task 4056
2023-06-30 18:04:19.621 worker_log:613 24659 MainThread [INFO]  All processing finished for executor task 4056
2023-06-30 18:05:02.190 worker_log:584 24659 MainThread [INFO]  Received executor task 4070
2023-06-30 18:05:39.487 worker_log:602 24659 MainThread [INFO]  Completed executor task 4070
2023-06-30 18:05:39.488 worker_log:613 24659 MainThread [INFO]  All processing finished for executor task 4070
2023-06-30 18:06:05.939 worker_log:584 24659 MainThread [INFO]  Received executor task 4088
2023-06-30 18:06:57.672 worker_log:602 24659 MainThread [INFO]  Completed executor task 4088
2023-06-30 18:06:57.673 worker_log:613 24659 MainThread [INFO]  All processing finished for executor task 4088
2023-06-30 18:07:24.313 worker_log:584 24659 MainThread [INFO]  Received executor task 4106
2023-06-30 18:07:46.866 worker_log:602 24659 MainThread [INFO]  Completed executor task 4106
2023-06-30 18:07:46.866 worker_log:613 24659 MainThread [INFO]  All processing finished for executor task 4106
2023-06-30 18:08:18.877 worker_log:584 24659 MainThread [INFO]  Received executor task 4115
2023-06-30 18:09:05.744 worker_log:602 24659 MainThread [INFO]  Completed executor task 4115
2023-06-30 18:09:05.744 worker_log:613 24659 MainThread [INFO]  All processing finished for executor task 4115
2023-06-30 18:09:44.569 worker_log:584 24659 MainThread [INFO]  Received executor task 4140
2023-06-30 18:10:24.494 worker_log:602 24659 MainThread [INFO]  Completed executor task 4140
2023-06-30 18:10:24.495 worker_log:613 24659 MainThread [INFO]  All processing finished for executor task 4140
2023-06-30 18:10:59.443 worker_log:584 24659 MainThread [INFO]  Received executor task 4154
2023-06-30 18:11:52.551 worker_log:602 24659 MainThread [INFO]  Completed executor task 4154
2023-06-30 18:11:52.552 worker_log:613 24659 MainThread [INFO]  All processing finished for executor task 4154
2023-06-30 18:12:15.721 worker_log:584 24659 MainThread [INFO]  Received executor task 4170
2023-06-30 18:13:08.872 worker_log:602 24659 MainThread [INFO]  Completed executor task 4170
2023-06-30 18:13:08.872 worker_log:613 24659 MainThread [INFO]  All processing finished for executor task 4170
2023-06-30 18:13:56.467 worker_log:584 24659 MainThread [INFO]  Received executor task 4188
2023-06-30 18:14:39.538 worker_log:602 24659 MainThread [INFO]  Completed executor task 4188
2023-06-30 18:14:39.538 worker_log:613 24659 MainThread [INFO]  All processing finished for executor task 4188
2023-06-30 18:15:03.528 worker_log:584 24659 MainThread [INFO]  Received executor task 4205
2023-06-30 18:15:33.817 worker_log:602 24659 MainThread [INFO]  Completed executor task 4205
2023-06-30 18:15:33.817 worker_log:613 24659 MainThread [INFO]  All processing finished for executor task 4205
2023-06-30 18:16:34.057 worker_log:584 24659 MainThread [INFO]  Received executor task 4213
2023-06-30 18:17:18.157 worker_log:602 24659 MainThread [INFO]  Completed executor task 4213
2023-06-30 18:17:18.158 worker_log:613 24659 MainThread [INFO]  All processing finished for executor task 4213
2023-06-30 18:17:46.239 worker_log:584 24659 MainThread [INFO]  Received executor task 4237
2023-06-30 18:18:27.306 worker_log:602 24659 MainThread [INFO]  Completed executor task 4237
2023-06-30 18:18:27.307 worker_log:613 24659 MainThread [INFO]  All processing finished for executor task 4237
2023-06-30 18:19:03.747 worker_log:584 24659 MainThread [INFO]  Received executor task 4246
2023-06-30 18:19:56.183 worker_log:602 24659 MainThread [INFO]  Completed executor task 4246
2023-06-30 18:19:56.184 worker_log:613 24659 MainThread [INFO]  All processing finished for executor task 4246
2023-06-30 18:19:57.934 worker_log:584 24659 MainThread [INFO]  Received executor task 4272
2023-06-30 18:20:30.568 worker_log:602 24659 MainThread [INFO]  Completed executor task 4272
2023-06-30 18:20:30.568 worker_log:613 24659 MainThread [INFO]  All processing finished for executor task 4272
2023-06-30 18:21:27.115 worker_log:584 24659 MainThread [INFO]  Received executor task 4279
2023-06-30 18:21:39.217 worker_log:602 24659 MainThread [INFO]  Completed executor task 4279
2023-06-30 18:21:39.218 worker_log:613 24659 MainThread [INFO]  All processing finished for executor task 4279
2023-06-30 18:22:29.379 worker_log:584 24659 MainThread [INFO]  Received executor task 4289
2023-06-30 18:23:09.786 worker_log:602 24659 MainThread [INFO]  Completed executor task 4289
2023-06-30 18:23:09.787 worker_log:613 24659 MainThread [INFO]  All processing finished for executor task 4289
2023-06-30 18:24:15.960 worker_log:584 24659 MainThread [INFO]  Received executor task 4311
2023-06-30 18:25:11.882 worker_log:602 24659 MainThread [INFO]  Completed executor task 4311
2023-06-30 18:25:11.883 worker_log:613 24659 MainThread [INFO]  All processing finished for executor task 4311
2023-06-30 18:25:46.708 worker_log:584 24659 MainThread [INFO]  Received executor task 4332
2023-06-30 18:26:32.229 worker_log:602 24659 MainThread [INFO]  Completed executor task 4332
2023-06-30 18:26:32.229 worker_log:613 24659 MainThread [INFO]  All processing finished for executor task 4332
2023-06-30 18:27:24.400 worker_log:584 24659 MainThread [INFO]  Received executor task 4344
2023-06-30 18:27:47.715 worker_log:602 24659 MainThread [INFO]  Completed executor task 4344
2023-06-30 18:27:47.715 worker_log:613 24659 MainThread [INFO]  All processing finished for executor task 4344
2023-06-30 18:28:17.974 worker_log:584 24659 MainThread [INFO]  Received executor task 4355
2023-06-30 18:29:12.113 worker_log:602 24659 MainThread [INFO]  Completed executor task 4355
2023-06-30 18:29:12.114 worker_log:613 24659 MainThread [INFO]  All processing finished for executor task 4355
2023-06-30 18:29:27.681 worker_log:584 24659 MainThread [INFO]  Received executor task 4379
2023-06-30 18:29:51.251 worker_log:602 24659 MainThread [INFO]  Completed executor task 4379
2023-06-30 18:29:51.251 worker_log:613 24659 MainThread [INFO]  All processing finished for executor task 4379
2023-06-30 18:30:35.794 worker_log:584 24659 MainThread [INFO]  Received executor task 4386
2023-06-30 18:31:19.550 worker_log:602 24659 MainThread [INFO]  Completed executor task 4386
2023-06-30 18:31:19.550 worker_log:613 24659 MainThread [INFO]  All processing finished for executor task 4386
2023-06-30 18:32:04.433 worker_log:584 24659 MainThread [INFO]  Received executor task 4407
2023-06-30 18:33:04.482 worker_log:602 24659 MainThread [INFO]  Completed executor task 4407
2023-06-30 18:33:04.482 worker_log:613 24659 MainThread [INFO]  All processing finished for executor task 4407
2023-06-30 18:33:27.649 worker_log:584 24659 MainThread [INFO]  Received executor task 4429
2023-06-30 18:34:23.845 worker_log:602 24659 MainThread [INFO]  Completed executor task 4429
2023-06-30 18:34:23.845 worker_log:613 24659 MainThread [INFO]  All processing finished for executor task 4429
2023-06-30 18:34:58.647 worker_log:584 24659 MainThread [INFO]  Received executor task 4443
2023-06-30 18:35:44.997 worker_log:602 24659 MainThread [INFO]  Completed executor task 4443
2023-06-30 18:35:44.997 worker_log:613 24659 MainThread [INFO]  All processing finished for executor task 4443
2023-06-30 18:36:16.220 worker_log:584 24659 MainThread [INFO]  Received executor task 4459
2023-06-30 18:36:59.036 worker_log:602 24659 MainThread [INFO]  Completed executor task 4459
2023-06-30 18:36:59.037 worker_log:613 24659 MainThread [INFO]  All processing finished for executor task 4459
2023-06-30 18:37:25.348 worker_log:584 24659 MainThread [INFO]  Received executor task 4470
2023-06-30 18:37:37.653 worker_log:602 24659 MainThread [INFO]  Completed executor task 4470
2023-06-30 18:37:37.654 worker_log:613 24659 MainThread [INFO]  All processing finished for executor task 4470
2023-06-30 18:38:19.370 worker_log:584 24659 MainThread [INFO]  Received executor task 4482
2023-06-30 18:38:56.306 worker_log:602 24659 MainThread [INFO]  Completed executor task 4482
2023-06-30 18:38:56.307 worker_log:613 24659 MainThread [INFO]  All processing finished for executor task 4482
2023-06-30 18:39:40.795 worker_log:584 24659 MainThread [INFO]  Received executor task 4506
2023-06-30 18:40:19.311 worker_log:602 24659 MainThread [INFO]  Completed executor task 4506
2023-06-30 18:40:19.312 worker_log:613 24659 MainThread [INFO]  All processing finished for executor task 4506
2023-06-30 18:41:45.781 worker_log:584 24659 MainThread [INFO]  Received executor task 4521
2023-06-30 18:42:05.150 worker_log:602 24659 MainThread [INFO]  Completed executor task 4521
2023-06-30 18:42:05.150 worker_log:613 24659 MainThread [INFO]  All processing finished for executor task 4521
2023-06-30 18:42:43.278 worker_log:584 24659 MainThread [INFO]  Received executor task 4530
2023-06-30 18:43:38.715 worker_log:602 24659 MainThread [INFO]  Completed executor task 4530
2023-06-30 18:43:38.716 worker_log:613 24659 MainThread [INFO]  All processing finished for executor task 4530
2023-06-30 18:43:55.152 worker_log:584 24659 MainThread [INFO]  Received executor task 4557
2023-06-30 18:45:19.735 worker_log:602 24659 MainThread [INFO]  Completed executor task 4557
2023-06-30 18:45:19.735 worker_log:613 24659 MainThread [INFO]  All processing finished for executor task 4557
2023-06-30 18:45:28.924 worker_log:584 24659 MainThread [INFO]  Received executor task 4575
2023-06-30 18:46:00.568 worker_log:602 24659 MainThread [INFO]  Completed executor task 4575
2023-06-30 18:46:00.568 worker_log:613 24659 MainThread [INFO]  All processing finished for executor task 4575
2023-06-30 18:46:46.095 worker_log:584 24659 MainThread [INFO]  Received executor task 4581
2023-06-30 18:47:18.788 worker_log:602 24659 MainThread [INFO]  Completed executor task 4581
2023-06-30 18:47:18.788 worker_log:613 24659 MainThread [INFO]  All processing finished for executor task 4581
2023-06-30 18:47:52.238 worker_log:584 24659 MainThread [INFO]  Received executor task 4600
2023-06-30 18:48:23.175 worker_log:602 24659 MainThread [INFO]  Completed executor task 4600
2023-06-30 18:48:23.176 worker_log:613 24659 MainThread [INFO]  All processing finished for executor task 4600
2023-06-30 18:48:56.345 worker_log:584 24659 MainThread [INFO]  Received executor task 4614
2023-06-30 18:49:52.245 worker_log:602 24659 MainThread [INFO]  Completed executor task 4614
2023-06-30 18:49:52.246 worker_log:613 24659 MainThread [INFO]  All processing finished for executor task 4614
2023-06-30 18:49:58.942 worker_log:584 24659 MainThread [INFO]  Received executor task 4636
2023-06-30 18:50:24.678 worker_log:602 24659 MainThread [INFO]  Completed executor task 4636
2023-06-30 18:50:24.678 worker_log:613 24659 MainThread [INFO]  All processing finished for executor task 4636
2023-06-30 18:51:09.208 worker_log:584 24659 MainThread [INFO]  Received executor task 4642
2023-06-30 18:52:01.586 worker_log:602 24659 MainThread [INFO]  Completed executor task 4642
2023-06-30 18:52:01.587 worker_log:613 24659 MainThread [INFO]  All processing finished for executor task 4642
2023-06-30 18:52:28.204 worker_log:584 24659 MainThread [INFO]  Received executor task 4669
2023-06-30 18:52:55.283 worker_log:602 24659 MainThread [INFO]  Completed executor task 4669
2023-06-30 18:52:55.284 worker_log:613 24659 MainThread [INFO]  All processing finished for executor task 4669
2023-06-30 18:54:01.650 worker_log:584 24659 MainThread [INFO]  Received executor task 4674
2023-06-30 18:54:53.453 worker_log:602 24659 MainThread [INFO]  Completed executor task 4674
2023-06-30 18:54:53.453 worker_log:613 24659 MainThread [INFO]  All processing finished for executor task 4674
2023-06-30 18:55:22.492 worker_log:584 24659 MainThread [INFO]  Received executor task 4698
2023-06-30 18:56:23.387 worker_log:602 24659 MainThread [INFO]  Completed executor task 4698
2023-06-30 18:56:23.387 worker_log:613 24659 MainThread [INFO]  All processing finished for executor task 4698
2023-06-30 18:56:44.243 worker_log:584 24659 MainThread [INFO]  Received executor task 4717
2023-06-30 18:57:17.216 worker_log:602 24659 MainThread [INFO]  Completed executor task 4717
2023-06-30 18:57:17.217 worker_log:613 24659 MainThread [INFO]  All processing finished for executor task 4717
2023-06-30 18:58:30.548 worker_log:584 24659 MainThread [INFO]  Received executor task 4726
2023-06-30 18:58:54.919 worker_log:602 24659 MainThread [INFO]  Completed executor task 4726
2023-06-30 18:58:54.919 worker_log:613 24659 MainThread [INFO]  All processing finished for executor task 4726
2023-06-30 18:59:49.278 worker_log:584 24659 MainThread [INFO]  Received executor task 4741
2023-06-30 19:00:28.658 worker_log:602 24659 MainThread [INFO]  Completed executor task 4741
2023-06-30 19:00:28.658 worker_log:613 24659 MainThread [INFO]  All processing finished for executor task 4741
2023-06-30 19:01:11.491 worker_log:584 24659 MainThread [INFO]  Received executor task 4761
2023-06-30 19:02:10.644 worker_log:602 24659 MainThread [INFO]  Completed executor task 4761
2023-06-30 19:02:10.644 worker_log:613 24659 MainThread [INFO]  All processing finished for executor task 4761
2023-06-30 19:02:19.068 worker_log:584 24659 MainThread [INFO]  Received executor task 4783
2023-06-30 19:02:29.430 worker_log:602 24659 MainThread [INFO]  Completed executor task 4783
2023-06-30 19:02:29.431 worker_log:613 24659 MainThread [INFO]  All processing finished for executor task 4783
2023-06-30 19:03:36.067 worker_log:584 24659 MainThread [INFO]  Received executor task 4785
2023-06-30 19:04:17.243 worker_log:602 24659 MainThread [INFO]  Completed executor task 4785
2023-06-30 19:04:17.244 worker_log:613 24659 MainThread [INFO]  All processing finished for executor task 4785
2023-06-30 19:04:48.889 worker_log:584 24659 MainThread [INFO]  Received executor task 4807
2023-06-30 19:05:20.093 worker_log:602 24659 MainThread [INFO]  Completed executor task 4807
2023-06-30 19:05:20.093 worker_log:613 24659 MainThread [INFO]  All processing finished for executor task 4807
2023-06-30 19:06:08.001 worker_log:584 24659 MainThread [INFO]  Received executor task 4821
2023-06-30 19:06:27.567 worker_log:602 24659 MainThread [INFO]  Completed executor task 4821
2023-06-30 19:06:27.567 worker_log:613 24659 MainThread [INFO]  All processing finished for executor task 4821
2023-06-30 19:07:10.728 worker_log:584 24659 MainThread [INFO]  Received executor task 4835
2023-06-30 19:07:39.253 worker_log:602 24659 MainThread [INFO]  Completed executor task 4835
2023-06-30 19:07:39.254 worker_log:613 24659 MainThread [INFO]  All processing finished for executor task 4835
2023-06-30 19:08:16.048 worker_log:584 24659 MainThread [INFO]  Received executor task 4852
2023-06-30 19:09:00.734 worker_log:602 24659 MainThread [INFO]  Completed executor task 4852
2023-06-30 19:09:00.734 worker_log:613 24659 MainThread [INFO]  All processing finished for executor task 4852
2023-06-30 19:09:34.345 worker_log:584 24659 MainThread [INFO]  Received executor task 4875
2023-06-30 19:09:50.825 worker_log:602 24659 MainThread [INFO]  Completed executor task 4875
2023-06-30 19:09:50.826 worker_log:613 24659 MainThread [INFO]  All processing finished for executor task 4875
2023-06-30 19:11:02.135 worker_log:584 24659 MainThread [INFO]  Received executor task 4881
2023-06-30 19:11:48.004 worker_log:602 24659 MainThread [INFO]  Completed executor task 4881
2023-06-30 19:11:48.004 worker_log:613 24659 MainThread [INFO]  All processing finished for executor task 4881
2023-06-30 19:13:06.408 worker_log:584 24659 MainThread [INFO]  Received executor task 4906
2023-06-30 19:13:47.672 worker_log:602 24659 MainThread [INFO]  Completed executor task 4906
2023-06-30 19:13:47.673 worker_log:613 24659 MainThread [INFO]  All processing finished for executor task 4906
2023-06-30 19:14:20.024 worker_log:584 24659 MainThread [INFO]  Received executor task 4920
2023-06-30 19:14:30.185 worker_log:602 24659 MainThread [INFO]  Completed executor task 4920
2023-06-30 19:14:30.186 worker_log:613 24659 MainThread [INFO]  All processing finished for executor task 4920
2023-06-30 19:15:28.914 worker_log:584 24659 MainThread [INFO]  Received executor task 4930
2023-06-30 19:16:30.950 worker_log:602 24659 MainThread [INFO]  Completed executor task 4930
2023-06-30 19:16:30.950 worker_log:613 24659 MainThread [INFO]  All processing finished for executor task 4930
2023-06-30 19:18:40.190 worker_log:584 24659 MainThread [INFO]  Received executor task 4957
2023-06-30 19:19:12.808 worker_log:602 24659 MainThread [INFO]  Completed executor task 4957
2023-06-30 19:19:12.809 worker_log:613 24659 MainThread [INFO]  All processing finished for executor task 4957
2023-06-30 19:19:43.028 worker_log:584 24659 MainThread [INFO]  Received executor task 4970
2023-06-30 19:20:04.121 worker_log:602 24659 MainThread [INFO]  Completed executor task 4970
2023-06-30 19:20:04.122 worker_log:613 24659 MainThread [INFO]  All processing finished for executor task 4970
2023-06-30 19:20:57.137 worker_log:584 24659 MainThread [INFO]  Received executor task 4979
2023-06-30 19:21:15.131 worker_log:602 24659 MainThread [INFO]  Completed executor task 4979
2023-06-30 19:21:15.132 worker_log:613 24659 MainThread [INFO]  All processing finished for executor task 4979
2023-06-30 19:22:02.564 worker_log:584 24659 MainThread [INFO]  Received executor task 4995
2023-06-30 19:22:40.652 worker_log:602 24659 MainThread [INFO]  Completed executor task 4995
2023-06-30 19:22:40.653 worker_log:613 24659 MainThread [INFO]  All processing finished for executor task 4995
2023-06-30 19:23:03.999 worker_log:584 24659 MainThread [INFO]  Received executor task 5019
2023-06-30 19:24:01.373 worker_log:602 24659 MainThread [INFO]  Completed executor task 5019
2023-06-30 19:24:01.373 worker_log:613 24659 MainThread [INFO]  All processing finished for executor task 5019
2023-06-30 19:24:48.991 worker_log:584 24659 MainThread [INFO]  Received executor task 5036
2023-06-30 19:25:14.898 worker_log:602 24659 MainThread [INFO]  Completed executor task 5036
2023-06-30 19:25:14.899 worker_log:613 24659 MainThread [INFO]  All processing finished for executor task 5036
2023-06-30 19:25:38.346 worker_log:584 24659 MainThread [INFO]  Received executor task 5046
2023-06-30 19:26:26.476 worker_log:602 24659 MainThread [INFO]  Completed executor task 5046
2023-06-30 19:26:26.477 worker_log:613 24659 MainThread [INFO]  All processing finished for executor task 5046
2023-06-30 19:27:02.157 worker_log:584 24659 MainThread [INFO]  Received executor task 5067
2023-06-30 19:27:19.931 worker_log:602 24659 MainThread [INFO]  Completed executor task 5067
2023-06-30 19:27:19.931 worker_log:613 24659 MainThread [INFO]  All processing finished for executor task 5067
2023-06-30 19:27:59.211 worker_log:584 24659 MainThread [INFO]  Received executor task 5075
2023-06-30 19:28:44.264 worker_log:602 24659 MainThread [INFO]  Completed executor task 5075
2023-06-30 19:28:44.264 worker_log:613 24659 MainThread [INFO]  All processing finished for executor task 5075
2023-06-30 19:29:25.931 worker_log:584 24659 MainThread [INFO]  Received executor task 5100
2023-06-30 19:30:00.972 worker_log:602 24659 MainThread [INFO]  Completed executor task 5100
2023-06-30 19:30:00.973 worker_log:613 24659 MainThread [INFO]  All processing finished for executor task 5100
2023-06-30 19:31:05.969 worker_log:584 24659 MainThread [INFO]  Received executor task 5114
2023-06-30 19:31:59.169 worker_log:602 24659 MainThread [INFO]  Completed executor task 5114
2023-06-30 19:31:59.170 worker_log:613 24659 MainThread [INFO]  All processing finished for executor task 5114
2023-06-30 19:32:58.578 worker_log:584 24659 MainThread [INFO]  Received executor task 5132
2023-06-30 19:33:21.078 worker_log:602 24659 MainThread [INFO]  Completed executor task 5132
2023-06-30 19:33:21.079 worker_log:613 24659 MainThread [INFO]  All processing finished for executor task 5132
2023-06-30 19:34:17.477 worker_log:584 24659 MainThread [INFO]  Received executor task 5139
2023-06-30 19:34:40.476 worker_log:602 24659 MainThread [INFO]  Completed executor task 5139
2023-06-30 19:34:40.477 worker_log:613 24659 MainThread [INFO]  All processing finished for executor task 5139
2023-06-30 19:35:42.495 worker_log:584 24659 MainThread [INFO]  Received executor task 5154
2023-06-30 19:36:46.555 worker_log:602 24659 MainThread [INFO]  Completed executor task 5154
2023-06-30 19:36:46.555 worker_log:613 24659 MainThread [INFO]  All processing finished for executor task 5154
2023-06-30 19:37:15.663 worker_log:584 24659 MainThread [INFO]  Received executor task 5181
2023-06-30 19:38:43.644 worker_log:602 24659 MainThread [INFO]  Completed executor task 5181
2023-06-30 19:38:43.644 worker_log:613 24659 MainThread [INFO]  All processing finished for executor task 5181
2023-06-30 19:38:46.971 worker_log:584 24659 MainThread [INFO]  Received executor task 5199
2023-06-30 19:39:22.262 worker_log:602 24659 MainThread [INFO]  Completed executor task 5199
2023-06-30 19:39:22.263 worker_log:613 24659 MainThread [INFO]  All processing finished for executor task 5199
2023-06-30 19:39:57.855 worker_log:584 24659 MainThread [INFO]  Received executor task 5208
2023-06-30 19:40:50.395 worker_log:602 24659 MainThread [INFO]  Completed executor task 5208
2023-06-30 19:40:50.395 worker_log:613 24659 MainThread [INFO]  All processing finished for executor task 5208
2023-06-30 19:41:16.412 worker_log:584 24659 MainThread [INFO]  Received executor task 5231
2023-06-30 19:42:16.461 worker_log:602 24659 MainThread [INFO]  Completed executor task 5231
2023-06-30 19:42:16.462 worker_log:613 24659 MainThread [INFO]  All processing finished for executor task 5231
2023-06-30 19:42:36.934 worker_log:584 24659 MainThread [INFO]  Received executor task 5246
2023-06-30 19:43:33.584 worker_log:602 24659 MainThread [INFO]  Completed executor task 5246
2023-06-30 19:43:33.585 worker_log:613 24659 MainThread [INFO]  All processing finished for executor task 5246
2023-06-30 19:44:16.257 worker_log:584 24659 MainThread [INFO]  Received executor task 5261
2023-06-30 19:45:01.964 worker_log:602 24659 MainThread [INFO]  Completed executor task 5261
2023-06-30 19:45:01.965 worker_log:613 24659 MainThread [INFO]  All processing finished for executor task 5261
2023-06-30 19:45:30.044 worker_log:584 24659 MainThread [INFO]  Received executor task 5274
2023-06-30 19:46:11.777 worker_log:602 24659 MainThread [INFO]  Completed executor task 5274
2023-06-30 19:46:11.778 worker_log:613 24659 MainThread [INFO]  All processing finished for executor task 5274
2023-06-30 19:46:41.405 worker_log:584 24659 MainThread [INFO]  Received executor task 5290
2023-06-30 19:47:21.820 worker_log:602 24659 MainThread [INFO]  Completed executor task 5290
2023-06-30 19:47:21.820 worker_log:613 24659 MainThread [INFO]  All processing finished for executor task 5290
2023-06-30 19:47:43.748 worker_log:584 24659 MainThread [INFO]  Received executor task 5308
2023-06-30 19:48:06.645 worker_log:602 24659 MainThread [INFO]  Completed executor task 5308
2023-06-30 19:48:06.646 worker_log:613 24659 MainThread [INFO]  All processing finished for executor task 5308
2023-06-30 19:48:52.711 worker_log:584 24659 MainThread [INFO]  Received executor task 5314
2023-06-30 19:48:58.147 worker_log:602 24659 MainThread [INFO]  Completed executor task 5314
2023-06-30 19:48:58.147 worker_log:613 24659 MainThread [INFO]  All processing finished for executor task 5314
2023-06-30 19:49:59.477 worker_log:584 24659 MainThread [INFO]  Received executor task 5329
2023-06-30 19:50:27.497 worker_log:602 24659 MainThread [INFO]  Completed executor task 5329
2023-06-30 19:50:27.497 worker_log:613 24659 MainThread [INFO]  All processing finished for executor task 5329
2023-06-30 19:52:18.976 worker_log:584 24659 MainThread [INFO]  Received executor task 5347
2023-06-30 19:53:18.668 worker_log:602 24659 MainThread [INFO]  Completed executor task 5347
2023-06-30 19:53:18.669 worker_log:613 24659 MainThread [INFO]  All processing finished for executor task 5347
2023-06-30 19:53:51.703 worker_log:584 24659 MainThread [INFO]  Received executor task 5370
2023-06-30 19:54:19.024 worker_log:602 24659 MainThread [INFO]  Completed executor task 5370
2023-06-30 19:54:19.024 worker_log:613 24659 MainThread [INFO]  All processing finished for executor task 5370
2023-06-30 19:55:10.355 worker_log:584 24659 MainThread [INFO]  Received executor task 5381
2023-06-30 19:55:47.882 worker_log:602 24659 MainThread [INFO]  Completed executor task 5381
2023-06-30 19:55:47.882 worker_log:613 24659 MainThread [INFO]  All processing finished for executor task 5381
2023-06-30 19:56:16.293 worker_log:584 24659 MainThread [INFO]  Received executor task 5399
2023-06-30 19:56:37.396 worker_log:602 24659 MainThread [INFO]  Completed executor task 5399
2023-06-30 19:56:37.397 worker_log:613 24659 MainThread [INFO]  All processing finished for executor task 5399
2023-06-30 19:57:44.435 worker_log:584 24659 MainThread [INFO]  Received executor task 5409
2023-06-30 19:58:31.662 worker_log:602 24659 MainThread [INFO]  Completed executor task 5409
2023-06-30 19:58:31.663 worker_log:613 24659 MainThread [INFO]  All processing finished for executor task 5409
2023-06-30 19:59:03.539 worker_log:584 24659 MainThread [INFO]  Received executor task 5435
2023-06-30 19:59:28.391 worker_log:602 24659 MainThread [INFO]  Completed executor task 5435
2023-06-30 19:59:28.392 worker_log:613 24659 MainThread [INFO]  All processing finished for executor task 5435
2023-06-30 20:00:03.606 worker_log:584 24659 MainThread [INFO]  Received executor task 5443
2023-06-30 20:00:37.014 worker_log:602 24659 MainThread [INFO]  Completed executor task 5443
2023-06-30 20:00:37.015 worker_log:613 24659 MainThread [INFO]  All processing finished for executor task 5443
2023-06-30 20:01:09.760 worker_log:584 24659 MainThread [INFO]  Received executor task 5463
2023-06-30 20:01:44.653 worker_log:602 24659 MainThread [INFO]  Completed executor task 5463
2023-06-30 20:01:44.654 worker_log:613 24659 MainThread [INFO]  All processing finished for executor task 5463
2023-06-30 20:02:20.286 worker_log:584 24659 MainThread [INFO]  Received executor task 5478
2023-06-30 20:02:34.260 worker_log:602 24659 MainThread [INFO]  Completed executor task 5478
2023-06-30 20:02:34.260 worker_log:613 24659 MainThread [INFO]  All processing finished for executor task 5478
2023-06-30 20:03:14.616 worker_log:584 24659 MainThread [INFO]  Received executor task 5490
2023-06-30 20:03:45.278 worker_log:602 24659 MainThread [INFO]  Completed executor task 5490
2023-06-30 20:03:45.278 worker_log:613 24659 MainThread [INFO]  All processing finished for executor task 5490
2023-06-30 20:04:19.407 worker_log:584 24659 MainThread [INFO]  Received executor task 5510
2023-06-30 20:04:38.266 worker_log:602 24659 MainThread [INFO]  Completed executor task 5510
2023-06-30 20:04:38.267 worker_log:613 24659 MainThread [INFO]  All processing finished for executor task 5510
2023-06-30 20:05:37.039 worker_log:584 24659 MainThread [INFO]  Received executor task 5523
2023-06-30 20:06:17.009 worker_log:602 24659 MainThread [INFO]  Completed executor task 5523
2023-06-30 20:06:17.009 worker_log:613 24659 MainThread [INFO]  All processing finished for executor task 5523
2023-06-30 20:06:38.177 worker_log:584 24659 MainThread [INFO]  Received executor task 5550
2023-06-30 20:07:40.585 worker_log:602 24659 MainThread [INFO]  Completed executor task 5550
2023-06-30 20:07:40.585 worker_log:613 24659 MainThread [INFO]  All processing finished for executor task 5550
2023-06-30 20:07:53.551 worker_log:584 24659 MainThread [INFO]  Received executor task 5566
2023-06-30 20:08:24.360 worker_log:602 24659 MainThread [INFO]  Completed executor task 5566
2023-06-30 20:08:24.360 worker_log:613 24659 MainThread [INFO]  All processing finished for executor task 5566
2023-06-30 20:09:17.875 worker_log:584 24659 MainThread [INFO]  Received executor task 5572
2023-06-30 20:09:47.858 worker_log:602 24659 MainThread [INFO]  Completed executor task 5572
2023-06-30 20:09:47.859 worker_log:613 24659 MainThread [INFO]  All processing finished for executor task 5572
2023-06-30 20:10:46.551 worker_log:584 24659 MainThread [INFO]  Received executor task 5588
2023-06-30 20:11:16.649 worker_log:602 24659 MainThread [INFO]  Completed executor task 5588
2023-06-30 20:11:16.649 worker_log:613 24659 MainThread [INFO]  All processing finished for executor task 5588
2023-06-30 20:12:07.200 worker_log:584 24659 MainThread [INFO]  Received executor task 5605
2023-06-30 20:12:39.678 worker_log:602 24659 MainThread [INFO]  Completed executor task 5605
2023-06-30 20:12:39.678 worker_log:613 24659 MainThread [INFO]  All processing finished for executor task 5605
2023-06-30 20:13:32.043 worker_log:584 24659 MainThread [INFO]  Received executor task 5623
2023-06-30 20:13:54.348 worker_log:602 24659 MainThread [INFO]  Completed executor task 5623
2023-06-30 20:13:54.349 worker_log:613 24659 MainThread [INFO]  All processing finished for executor task 5623
2023-06-30 20:14:47.150 worker_log:584 24659 MainThread [INFO]  Received executor task 5635
2023-06-30 20:15:34.016 worker_log:602 24659 MainThread [INFO]  Completed executor task 5635
2023-06-30 20:15:34.016 worker_log:613 24659 MainThread [INFO]  All processing finished for executor task 5635
