2023-06-30 12:25:40.270 worker_log:538 24677 MainThread [INFO]  Worker 10 started
2023-06-30 12:27:54.797 worker_log:584 24677 MainThread [INFO]  Received executor task 11
2023-06-30 12:28:34.174 worker_log:602 24677 MainThread [INFO]  Completed executor task 11
2023-06-30 12:28:34.175 worker_log:613 24677 MainThread [INFO]  All processing finished for executor task 11
2023-06-30 12:29:18.096 worker_log:584 24677 MainThread [INFO]  Received executor task 26
2023-06-30 12:30:16.181 worker_log:602 24677 MainThread [INFO]  Completed executor task 26
2023-06-30 12:30:16.182 worker_log:613 24677 MainThread [INFO]  All processing finished for executor task 26
2023-06-30 12:30:17.338 worker_log:584 24677 MainThread [INFO]  Received executor task 48
2023-06-30 12:30:44.659 worker_log:602 24677 MainThread [INFO]  Completed executor task 48
2023-06-30 12:30:44.660 worker_log:613 24677 MainThread [INFO]  All processing finished for executor task 48
2023-06-30 12:31:36.251 worker_log:584 24677 MainThread [INFO]  Received executor task 54
2023-06-30 12:31:59.539 worker_log:602 24677 MainThread [INFO]  Completed executor task 54
2023-06-30 12:31:59.539 worker_log:613 24677 MainThread [INFO]  All processing finished for executor task 54
2023-06-30 12:33:05.631 worker_log:584 24677 MainThread [INFO]  Received executor task 67
2023-06-30 12:33:42.026 worker_log:602 24677 MainThread [INFO]  Completed executor task 67
2023-06-30 12:33:42.026 worker_log:613 24677 MainThread [INFO]  All processing finished for executor task 67
2023-06-30 12:34:35.849 worker_log:584 24677 MainThread [INFO]  Received executor task 88
2023-06-30 12:35:35.882 worker_log:602 24677 MainThread [INFO]  Completed executor task 88
2023-06-30 12:35:35.882 worker_log:613 24677 MainThread [INFO]  All processing finished for executor task 88
2023-06-30 12:35:46.799 worker_log:584 24677 MainThread [INFO]  Received executor task 109
2023-06-30 12:36:27.637 worker_log:602 24677 MainThread [INFO]  Completed executor task 109
2023-06-30 12:36:27.637 worker_log:613 24677 MainThread [INFO]  All processing finished for executor task 109
2023-06-30 12:37:07.799 worker_log:584 24677 MainThread [INFO]  Received executor task 121
2023-06-30 12:37:18.291 worker_log:602 24677 MainThread [INFO]  Completed executor task 121
2023-06-30 12:37:18.291 worker_log:613 24677 MainThread [INFO]  All processing finished for executor task 121
2023-06-30 12:38:45.993 worker_log:584 24677 MainThread [INFO]  Received executor task 129
2023-06-30 12:39:00.553 worker_log:602 24677 MainThread [INFO]  Completed executor task 129
2023-06-30 12:39:00.553 worker_log:613 24677 MainThread [INFO]  All processing finished for executor task 129
2023-06-30 12:39:34.998 worker_log:584 24677 MainThread [INFO]  Received executor task 145
2023-06-30 12:40:17.435 worker_log:602 24677 MainThread [INFO]  Completed executor task 145
2023-06-30 12:40:17.435 worker_log:613 24677 MainThread [INFO]  All processing finished for executor task 145
2023-06-30 12:40:42.260 worker_log:584 24677 MainThread [INFO]  Received executor task 167
2023-06-30 12:41:40.509 worker_log:602 24677 MainThread [INFO]  Completed executor task 167
2023-06-30 12:41:40.509 worker_log:613 24677 MainThread [INFO]  All processing finished for executor task 167
2023-06-30 12:42:25.179 worker_log:584 24677 MainThread [INFO]  Received executor task 186
2023-06-30 12:42:54.929 worker_log:602 24677 MainThread [INFO]  Completed executor task 186
2023-06-30 12:42:54.930 worker_log:613 24677 MainThread [INFO]  All processing finished for executor task 186
2023-06-30 12:43:30.285 worker_log:584 24677 MainThread [INFO]  Received executor task 199
2023-06-30 12:44:01.839 worker_log:602 24677 MainThread [INFO]  Completed executor task 199
2023-06-30 12:44:01.840 worker_log:613 24677 MainThread [INFO]  All processing finished for executor task 199
2023-06-30 12:44:54.592 worker_log:584 24677 MainThread [INFO]  Received executor task 214
2023-06-30 12:45:30.057 worker_log:602 24677 MainThread [INFO]  Completed executor task 214
2023-06-30 12:45:30.057 worker_log:613 24677 MainThread [INFO]  All processing finished for executor task 214
2023-06-30 12:45:49.336 worker_log:584 24677 MainThread [INFO]  Received executor task 232
2023-06-30 12:46:34.556 worker_log:602 24677 MainThread [INFO]  Completed executor task 232
2023-06-30 12:46:34.557 worker_log:613 24677 MainThread [INFO]  All processing finished for executor task 232
2023-06-30 12:47:07.053 worker_log:584 24677 MainThread [INFO]  Received executor task 253
2023-06-30 12:47:34.773 worker_log:602 24677 MainThread [INFO]  Completed executor task 253
2023-06-30 12:47:34.773 worker_log:613 24677 MainThread [INFO]  All processing finished for executor task 253
2023-06-30 12:48:04.547 worker_log:584 24677 MainThread [INFO]  Received executor task 262
2023-06-30 12:48:45.376 worker_log:602 24677 MainThread [INFO]  Completed executor task 262
2023-06-30 12:48:45.376 worker_log:613 24677 MainThread [INFO]  All processing finished for executor task 262
2023-06-30 12:49:09.890 worker_log:584 24677 MainThread [INFO]  Received executor task 283
2023-06-30 12:50:00.813 worker_log:602 24677 MainThread [INFO]  Completed executor task 283
2023-06-30 12:50:00.814 worker_log:613 24677 MainThread [INFO]  All processing finished for executor task 283
2023-06-30 12:50:37.674 worker_log:584 24677 MainThread [INFO]  Received executor task 298
2023-06-30 12:51:05.239 worker_log:602 24677 MainThread [INFO]  Completed executor task 298
2023-06-30 12:51:05.239 worker_log:613 24677 MainThread [INFO]  All processing finished for executor task 298
2023-06-30 12:51:59.483 worker_log:584 24677 MainThread [INFO]  Received executor task 309
2023-06-30 12:53:08.805 worker_log:602 24677 MainThread [INFO]  Completed executor task 309
2023-06-30 12:53:08.805 worker_log:613 24677 MainThread [INFO]  All processing finished for executor task 309
2023-06-30 12:53:22.795 worker_log:584 24677 MainThread [INFO]  Received executor task 334
2023-06-30 12:54:35.772 worker_log:602 24677 MainThread [INFO]  Completed executor task 334
2023-06-30 12:54:35.773 worker_log:613 24677 MainThread [INFO]  All processing finished for executor task 334
2023-06-30 12:54:55.272 worker_log:584 24677 MainThread [INFO]  Received executor task 351
2023-06-30 12:56:00.002 worker_log:602 24677 MainThread [INFO]  Completed executor task 351
2023-06-30 12:56:00.002 worker_log:613 24677 MainThread [INFO]  All processing finished for executor task 351
2023-06-30 12:56:37.265 worker_log:584 24677 MainThread [INFO]  Received executor task 365
2023-06-30 12:57:50.247 worker_log:602 24677 MainThread [INFO]  Completed executor task 365
2023-06-30 12:57:50.248 worker_log:613 24677 MainThread [INFO]  All processing finished for executor task 365
2023-06-30 12:58:32.438 worker_log:584 24677 MainThread [INFO]  Received executor task 382
2023-06-30 12:58:47.071 worker_log:602 24677 MainThread [INFO]  Completed executor task 382
2023-06-30 12:58:47.071 worker_log:613 24677 MainThread [INFO]  All processing finished for executor task 382
2023-06-30 12:59:44.402 worker_log:584 24677 MainThread [INFO]  Received executor task 386
2023-06-30 13:01:02.670 worker_log:602 24677 MainThread [INFO]  Completed executor task 386
2023-06-30 13:01:02.671 worker_log:613 24677 MainThread [INFO]  All processing finished for executor task 386
2023-06-30 13:01:05.640 worker_log:584 24677 MainThread [INFO]  Received executor task 415
2023-06-30 13:01:47.401 worker_log:602 24677 MainThread [INFO]  Completed executor task 415
2023-06-30 13:01:47.402 worker_log:613 24677 MainThread [INFO]  All processing finished for executor task 415
2023-06-30 13:02:22.953 worker_log:584 24677 MainThread [INFO]  Received executor task 423
2023-06-30 13:03:21.268 worker_log:602 24677 MainThread [INFO]  Completed executor task 423
2023-06-30 13:03:21.269 worker_log:613 24677 MainThread [INFO]  All processing finished for executor task 423
2023-06-30 13:04:05.245 worker_log:584 24677 MainThread [INFO]  Received executor task 447
2023-06-30 13:04:34.971 worker_log:602 24677 MainThread [INFO]  Completed executor task 447
2023-06-30 13:04:34.972 worker_log:613 24677 MainThread [INFO]  All processing finished for executor task 447
2023-06-30 13:05:04.988 worker_log:584 24677 MainThread [INFO]  Received executor task 454
2023-06-30 13:05:39.654 worker_log:602 24677 MainThread [INFO]  Completed executor task 454
2023-06-30 13:05:39.655 worker_log:613 24677 MainThread [INFO]  All processing finished for executor task 454
2023-06-30 13:06:14.391 worker_log:584 24677 MainThread [INFO]  Received executor task 470
2023-06-30 13:06:44.329 worker_log:602 24677 MainThread [INFO]  Completed executor task 470
2023-06-30 13:06:44.330 worker_log:613 24677 MainThread [INFO]  All processing finished for executor task 470
2023-06-30 13:07:58.084 worker_log:584 24677 MainThread [INFO]  Received executor task 484
2023-06-30 13:08:26.694 worker_log:602 24677 MainThread [INFO]  Completed executor task 484
2023-06-30 13:08:26.695 worker_log:613 24677 MainThread [INFO]  All processing finished for executor task 484
2023-06-30 13:09:02.947 worker_log:584 24677 MainThread [INFO]  Received executor task 501
2023-06-30 13:09:51.148 worker_log:602 24677 MainThread [INFO]  Completed executor task 501
2023-06-30 13:09:51.149 worker_log:613 24677 MainThread [INFO]  All processing finished for executor task 501
2023-06-30 13:10:50.201 worker_log:584 24677 MainThread [INFO]  Received executor task 522
2023-06-30 13:11:33.775 worker_log:602 24677 MainThread [INFO]  Completed executor task 522
2023-06-30 13:11:33.776 worker_log:613 24677 MainThread [INFO]  All processing finished for executor task 522
2023-06-30 13:12:00.332 worker_log:584 24677 MainThread [INFO]  Received executor task 538
2023-06-30 13:12:24.421 worker_log:602 24677 MainThread [INFO]  Completed executor task 538
2023-06-30 13:12:24.422 worker_log:613 24677 MainThread [INFO]  All processing finished for executor task 538
2023-06-30 13:13:37.093 worker_log:584 24677 MainThread [INFO]  Received executor task 548
2023-06-30 13:14:23.890 worker_log:602 24677 MainThread [INFO]  Completed executor task 548
2023-06-30 13:14:23.891 worker_log:613 24677 MainThread [INFO]  All processing finished for executor task 548
2023-06-30 13:14:49.638 worker_log:584 24677 MainThread [INFO]  Received executor task 568
2023-06-30 13:15:16.377 worker_log:602 24677 MainThread [INFO]  Completed executor task 568
2023-06-30 13:15:16.378 worker_log:613 24677 MainThread [INFO]  All processing finished for executor task 568
2023-06-30 13:15:55.232 worker_log:584 24677 MainThread [INFO]  Received executor task 580
2023-06-30 13:16:37.700 worker_log:602 24677 MainThread [INFO]  Completed executor task 580
2023-06-30 13:16:37.701 worker_log:613 24677 MainThread [INFO]  All processing finished for executor task 580
2023-06-30 13:16:55.660 worker_log:584 24677 MainThread [INFO]  Received executor task 604
2023-06-30 13:17:23.960 worker_log:602 24677 MainThread [INFO]  Completed executor task 604
2023-06-30 13:17:23.961 worker_log:613 24677 MainThread [INFO]  All processing finished for executor task 604
2023-06-30 13:18:07.317 worker_log:584 24677 MainThread [INFO]  Received executor task 612
2023-06-30 13:18:46.082 worker_log:602 24677 MainThread [INFO]  Completed executor task 612
2023-06-30 13:18:46.083 worker_log:613 24677 MainThread [INFO]  All processing finished for executor task 612
2023-06-30 13:19:17.968 worker_log:584 24677 MainThread [INFO]  Received executor task 634
2023-06-30 13:20:17.814 worker_log:602 24677 MainThread [INFO]  Completed executor task 634
2023-06-30 13:20:17.815 worker_log:613 24677 MainThread [INFO]  All processing finished for executor task 634
2023-06-30 13:20:39.738 worker_log:584 24677 MainThread [INFO]  Received executor task 652
2023-06-30 13:21:06.695 worker_log:602 24677 MainThread [INFO]  Completed executor task 652
2023-06-30 13:21:06.695 worker_log:613 24677 MainThread [INFO]  All processing finished for executor task 652
2023-06-30 13:21:47.067 worker_log:584 24677 MainThread [INFO]  Received executor task 661
2023-06-30 13:22:02.685 worker_log:602 24677 MainThread [INFO]  Completed executor task 661
2023-06-30 13:22:02.685 worker_log:613 24677 MainThread [INFO]  All processing finished for executor task 661
2023-06-30 13:23:07.867 worker_log:584 24677 MainThread [INFO]  Received executor task 673
2023-06-30 13:23:45.712 worker_log:602 24677 MainThread [INFO]  Completed executor task 673
2023-06-30 13:23:45.712 worker_log:613 24677 MainThread [INFO]  All processing finished for executor task 673
2023-06-30 13:24:23.392 worker_log:584 24677 MainThread [INFO]  Received executor task 696
2023-06-30 13:25:17.590 worker_log:602 24677 MainThread [INFO]  Completed executor task 696
2023-06-30 13:25:17.590 worker_log:613 24677 MainThread [INFO]  All processing finished for executor task 696
2023-06-30 13:25:37.953 worker_log:584 24677 MainThread [INFO]  Received executor task 714
2023-06-30 13:26:23.939 worker_log:602 24677 MainThread [INFO]  Completed executor task 714
2023-06-30 13:26:23.940 worker_log:613 24677 MainThread [INFO]  All processing finished for executor task 714
2023-06-30 13:26:56.566 worker_log:584 24677 MainThread [INFO]  Received executor task 731
2023-06-30 13:27:40.514 worker_log:602 24677 MainThread [INFO]  Completed executor task 731
2023-06-30 13:27:40.515 worker_log:613 24677 MainThread [INFO]  All processing finished for executor task 731
2023-06-30 13:28:04.773 worker_log:584 24677 MainThread [INFO]  Received executor task 745
2023-06-30 13:28:42.303 worker_log:602 24677 MainThread [INFO]  Completed executor task 745
2023-06-30 13:28:42.303 worker_log:613 24677 MainThread [INFO]  All processing finished for executor task 745
2023-06-30 13:29:36.875 worker_log:584 24677 MainThread [INFO]  Received executor task 760
2023-06-30 13:30:43.728 worker_log:602 24677 MainThread [INFO]  Completed executor task 760
2023-06-30 13:30:43.729 worker_log:613 24677 MainThread [INFO]  All processing finished for executor task 760
2023-06-30 13:30:45.308 worker_log:584 24677 MainThread [INFO]  Received executor task 784
2023-06-30 13:31:57.662 worker_log:602 24677 MainThread [INFO]  Completed executor task 784
2023-06-30 13:31:57.663 worker_log:613 24677 MainThread [INFO]  All processing finished for executor task 784
2023-06-30 13:31:58.920 worker_log:584 24677 MainThread [INFO]  Received executor task 800
2023-06-30 13:33:04.077 worker_log:602 24677 MainThread [INFO]  Completed executor task 800
2023-06-30 13:33:04.077 worker_log:613 24677 MainThread [INFO]  All processing finished for executor task 800
2023-06-30 13:33:05.831 worker_log:584 24677 MainThread [INFO]  Received executor task 815
2023-06-30 13:33:27.938 worker_log:602 24677 MainThread [INFO]  Completed executor task 815
2023-06-30 13:33:27.938 worker_log:613 24677 MainThread [INFO]  All processing finished for executor task 815
2023-06-30 13:34:12.570 worker_log:584 24677 MainThread [INFO]  Received executor task 819
2023-06-30 13:34:39.653 worker_log:602 24677 MainThread [INFO]  Completed executor task 819
2023-06-30 13:34:39.654 worker_log:613 24677 MainThread [INFO]  All processing finished for executor task 819
2023-06-30 13:35:38.853 worker_log:584 24677 MainThread [INFO]  Received executor task 838
2023-06-30 13:36:26.504 worker_log:602 24677 MainThread [INFO]  Completed executor task 838
2023-06-30 13:36:26.505 worker_log:613 24677 MainThread [INFO]  All processing finished for executor task 838
2023-06-30 13:36:59.966 worker_log:584 24677 MainThread [INFO]  Received executor task 857
2023-06-30 13:37:53.344 worker_log:602 24677 MainThread [INFO]  Completed executor task 857
2023-06-30 13:37:53.344 worker_log:613 24677 MainThread [INFO]  All processing finished for executor task 857
2023-06-30 13:38:51.884 worker_log:584 24677 MainThread [INFO]  Received executor task 876
2023-06-30 13:39:26.072 worker_log:602 24677 MainThread [INFO]  Completed executor task 876
2023-06-30 13:39:26.073 worker_log:613 24677 MainThread [INFO]  All processing finished for executor task 876
2023-06-30 13:40:05.085 worker_log:584 24677 MainThread [INFO]  Received executor task 887
2023-06-30 13:40:55.718 worker_log:602 24677 MainThread [INFO]  Completed executor task 887
2023-06-30 13:40:55.718 worker_log:613 24677 MainThread [INFO]  All processing finished for executor task 887
2023-06-30 13:41:15.465 worker_log:584 24677 MainThread [INFO]  Received executor task 907
2023-06-30 13:42:29.618 worker_log:602 24677 MainThread [INFO]  Completed executor task 907
2023-06-30 13:42:29.619 worker_log:613 24677 MainThread [INFO]  All processing finished for executor task 907
2023-06-30 13:42:30.781 worker_log:584 24677 MainThread [INFO]  Received executor task 928
2023-06-30 13:43:30.417 worker_log:602 24677 MainThread [INFO]  Completed executor task 928
2023-06-30 13:43:30.418 worker_log:613 24677 MainThread [INFO]  All processing finished for executor task 928
2023-06-30 13:44:05.281 worker_log:584 24677 MainThread [INFO]  Received executor task 941
2023-06-30 13:44:39.074 worker_log:602 24677 MainThread [INFO]  Completed executor task 941
2023-06-30 13:44:39.074 worker_log:613 24677 MainThread [INFO]  All processing finished for executor task 941
2023-06-30 13:45:28.091 worker_log:584 24677 MainThread [INFO]  Received executor task 947
2023-06-30 13:46:11.803 worker_log:602 24677 MainThread [INFO]  Completed executor task 947
2023-06-30 13:46:11.803 worker_log:613 24677 MainThread [INFO]  All processing finished for executor task 947
2023-06-30 13:47:01.778 worker_log:584 24677 MainThread [INFO]  Received executor task 967
2023-06-30 13:47:57.969 worker_log:602 24677 MainThread [INFO]  Completed executor task 967
2023-06-30 13:47:57.970 worker_log:613 24677 MainThread [INFO]  All processing finished for executor task 967
2023-06-30 13:48:27.079 worker_log:584 24677 MainThread [INFO]  Received executor task 987
2023-06-30 13:49:54.058 worker_log:602 24677 MainThread [INFO]  Completed executor task 987
2023-06-30 13:49:54.059 worker_log:613 24677 MainThread [INFO]  All processing finished for executor task 987
2023-06-30 13:49:55.787 worker_log:584 24677 MainThread [INFO]  Received executor task 1008
2023-06-30 13:50:17.069 worker_log:602 24677 MainThread [INFO]  Completed executor task 1008
2023-06-30 13:50:17.070 worker_log:613 24677 MainThread [INFO]  All processing finished for executor task 1008
2023-06-30 13:51:17.642 worker_log:584 24677 MainThread [INFO]  Received executor task 1010
2023-06-30 13:51:43.177 worker_log:602 24677 MainThread [INFO]  Completed executor task 1010
2023-06-30 13:51:43.177 worker_log:613 24677 MainThread [INFO]  All processing finished for executor task 1010
2023-06-30 13:52:32.985 worker_log:584 24677 MainThread [INFO]  Received executor task 1027
2023-06-30 13:53:12.434 worker_log:602 24677 MainThread [INFO]  Completed executor task 1027
2023-06-30 13:53:12.434 worker_log:613 24677 MainThread [INFO]  All processing finished for executor task 1027
2023-06-30 13:54:04.060 worker_log:584 24677 MainThread [INFO]  Received executor task 1046
2023-06-30 13:54:20.667 worker_log:602 24677 MainThread [INFO]  Completed executor task 1046
2023-06-30 13:54:20.668 worker_log:613 24677 MainThread [INFO]  All processing finished for executor task 1046
2023-06-30 13:55:39.775 worker_log:584 24677 MainThread [INFO]  Received executor task 1058
2023-06-30 13:56:12.450 worker_log:602 24677 MainThread [INFO]  Completed executor task 1058
2023-06-30 13:56:12.451 worker_log:613 24677 MainThread [INFO]  All processing finished for executor task 1058
2023-06-30 13:57:11.924 worker_log:584 24677 MainThread [INFO]  Received executor task 1078
2023-06-30 13:57:50.729 worker_log:602 24677 MainThread [INFO]  Completed executor task 1078
2023-06-30 13:57:50.730 worker_log:613 24677 MainThread [INFO]  All processing finished for executor task 1078
2023-06-30 13:58:54.992 worker_log:584 24677 MainThread [INFO]  Received executor task 1099
2023-06-30 13:59:23.087 worker_log:602 24677 MainThread [INFO]  Completed executor task 1099
2023-06-30 13:59:23.088 worker_log:613 24677 MainThread [INFO]  All processing finished for executor task 1099
2023-06-30 14:00:03.728 worker_log:584 24677 MainThread [INFO]  Received executor task 1111
2023-06-30 14:01:10.715 worker_log:602 24677 MainThread [INFO]  Completed executor task 1111
2023-06-30 14:01:10.716 worker_log:613 24677 MainThread [INFO]  All processing finished for executor task 1111
2023-06-30 14:01:35.896 worker_log:584 24677 MainThread [INFO]  Received executor task 1135
2023-06-30 14:01:57.836 worker_log:602 24677 MainThread [INFO]  Completed executor task 1135
2023-06-30 14:01:57.836 worker_log:613 24677 MainThread [INFO]  All processing finished for executor task 1135
2023-06-30 14:02:51.299 worker_log:584 24677 MainThread [INFO]  Received executor task 1138
2023-06-30 14:03:52.765 worker_log:602 24677 MainThread [INFO]  Completed executor task 1138
2023-06-30 14:03:52.766 worker_log:613 24677 MainThread [INFO]  All processing finished for executor task 1138
2023-06-30 14:03:59.986 worker_log:584 24677 MainThread [INFO]  Received executor task 1167
2023-06-30 14:04:33.712 worker_log:602 24677 MainThread [INFO]  Completed executor task 1167
2023-06-30 14:04:33.712 worker_log:613 24677 MainThread [INFO]  All processing finished for executor task 1167
2023-06-30 14:05:00.978 worker_log:584 24677 MainThread [INFO]  Received executor task 1174
2023-06-30 14:06:14.891 worker_log:602 24677 MainThread [INFO]  Completed executor task 1174
2023-06-30 14:06:14.892 worker_log:613 24677 MainThread [INFO]  All processing finished for executor task 1174
2023-06-30 14:06:37.503 worker_log:584 24677 MainThread [INFO]  Received executor task 1198
2023-06-30 14:07:12.758 worker_log:602 24677 MainThread [INFO]  Completed executor task 1198
2023-06-30 14:07:12.759 worker_log:613 24677 MainThread [INFO]  All processing finished for executor task 1198
2023-06-30 14:08:04.007 worker_log:584 24677 MainThread [INFO]  Received executor task 1207
2023-06-30 14:08:30.094 worker_log:602 24677 MainThread [INFO]  Completed executor task 1207
2023-06-30 14:08:30.095 worker_log:613 24677 MainThread [INFO]  All processing finished for executor task 1207
2023-06-30 14:09:15.099 worker_log:584 24677 MainThread [INFO]  Received executor task 1221
2023-06-30 14:09:31.581 worker_log:602 24677 MainThread [INFO]  Completed executor task 1221
2023-06-30 14:09:31.582 worker_log:613 24677 MainThread [INFO]  All processing finished for executor task 1221
2023-06-30 14:10:38.357 worker_log:584 24677 MainThread [INFO]  Received executor task 1233
2023-06-30 14:11:50.528 worker_log:602 24677 MainThread [INFO]  Completed executor task 1233
2023-06-30 14:11:50.528 worker_log:613 24677 MainThread [INFO]  All processing finished for executor task 1233
2023-06-30 14:12:32.811 worker_log:584 24677 MainThread [INFO]  Received executor task 1261
2023-06-30 14:12:52.089 worker_log:602 24677 MainThread [INFO]  Completed executor task 1261
2023-06-30 14:12:52.091 worker_log:613 24677 MainThread [INFO]  All processing finished for executor task 1261
2023-06-30 14:14:10.132 worker_log:584 24677 MainThread [INFO]  Received executor task 1266
2023-06-30 14:15:07.450 worker_log:602 24677 MainThread [INFO]  Completed executor task 1266
2023-06-30 14:15:07.451 worker_log:613 24677 MainThread [INFO]  All processing finished for executor task 1266
2023-06-30 14:15:26.705 worker_log:584 24677 MainThread [INFO]  Received executor task 1292
2023-06-30 14:16:23.293 worker_log:602 24677 MainThread [INFO]  Completed executor task 1292
2023-06-30 14:16:23.293 worker_log:613 24677 MainThread [INFO]  All processing finished for executor task 1292
2023-06-30 14:16:24.216 worker_log:584 24677 MainThread [INFO]  Received executor task 1312
2023-06-30 14:17:08.664 worker_log:602 24677 MainThread [INFO]  Completed executor task 1312
2023-06-30 14:17:08.664 worker_log:613 24677 MainThread [INFO]  All processing finished for executor task 1312
2023-06-30 14:17:43.362 worker_log:584 24677 MainThread [INFO]  Received executor task 1326
2023-06-30 14:19:21.777 worker_log:602 24677 MainThread [INFO]  Completed executor task 1326
2023-06-30 14:19:21.778 worker_log:613 24677 MainThread [INFO]  All processing finished for executor task 1326
2023-06-30 14:19:22.882 worker_log:584 24677 MainThread [INFO]  Received executor task 1344
2023-06-30 14:19:47.817 worker_log:602 24677 MainThread [INFO]  Completed executor task 1344
2023-06-30 14:19:47.818 worker_log:613 24677 MainThread [INFO]  All processing finished for executor task 1344
2023-06-30 14:20:33.015 worker_log:584 24677 MainThread [INFO]  Received executor task 1348
2023-06-30 14:21:14.219 worker_log:602 24677 MainThread [INFO]  Completed executor task 1348
2023-06-30 14:21:14.219 worker_log:613 24677 MainThread [INFO]  All processing finished for executor task 1348
2023-06-30 14:21:58.554 worker_log:584 24677 MainThread [INFO]  Received executor task 1369
2023-06-30 14:22:24.989 worker_log:602 24677 MainThread [INFO]  Completed executor task 1369
2023-06-30 14:22:24.990 worker_log:613 24677 MainThread [INFO]  All processing finished for executor task 1369
2023-06-30 14:23:07.968 worker_log:584 24677 MainThread [INFO]  Received executor task 1382
2023-06-30 14:24:12.022 worker_log:602 24677 MainThread [INFO]  Completed executor task 1382
2023-06-30 14:24:12.023 worker_log:613 24677 MainThread [INFO]  All processing finished for executor task 1382
2023-06-30 14:24:27.684 worker_log:584 24677 MainThread [INFO]  Received executor task 1406
2023-06-30 14:25:15.622 worker_log:602 24677 MainThread [INFO]  Completed executor task 1406
2023-06-30 14:25:15.622 worker_log:613 24677 MainThread [INFO]  All processing finished for executor task 1406
2023-06-30 14:25:36.472 worker_log:584 24677 MainThread [INFO]  Received executor task 1420
2023-06-30 14:26:06.084 worker_log:602 24677 MainThread [INFO]  Completed executor task 1420
2023-06-30 14:26:06.084 worker_log:613 24677 MainThread [INFO]  All processing finished for executor task 1420
2023-06-30 14:26:45.505 worker_log:584 24677 MainThread [INFO]  Received executor task 1429
2023-06-30 14:27:15.563 worker_log:602 24677 MainThread [INFO]  Completed executor task 1429
2023-06-30 14:27:15.563 worker_log:613 24677 MainThread [INFO]  All processing finished for executor task 1429
2023-06-30 14:27:53.000 worker_log:584 24677 MainThread [INFO]  Received executor task 1445
2023-06-30 14:28:06.685 worker_log:602 24677 MainThread [INFO]  Completed executor task 1445
2023-06-30 14:28:06.686 worker_log:613 24677 MainThread [INFO]  All processing finished for executor task 1445
2023-06-30 14:29:16.743 worker_log:584 24677 MainThread [INFO]  Received executor task 1457
2023-06-30 14:29:33.555 worker_log:602 24677 MainThread [INFO]  Completed executor task 1457
2023-06-30 14:29:33.556 worker_log:613 24677 MainThread [INFO]  All processing finished for executor task 1457
2023-06-30 14:30:23.968 worker_log:584 24677 MainThread [INFO]  Received executor task 1473
2023-06-30 14:30:50.297 worker_log:602 24677 MainThread [INFO]  Completed executor task 1473
2023-06-30 14:30:50.298 worker_log:613 24677 MainThread [INFO]  All processing finished for executor task 1473
2023-06-30 14:32:01.710 worker_log:584 24677 MainThread [INFO]  Received executor task 1493
2023-06-30 14:33:13.523 worker_log:602 24677 MainThread [INFO]  Completed executor task 1493
2023-06-30 14:33:13.524 worker_log:613 24677 MainThread [INFO]  All processing finished for executor task 1493
2023-06-30 14:33:26.837 worker_log:584 24677 MainThread [INFO]  Received executor task 1519
2023-06-30 14:33:54.976 worker_log:602 24677 MainThread [INFO]  Completed executor task 1519
2023-06-30 14:33:54.976 worker_log:613 24677 MainThread [INFO]  All processing finished for executor task 1519
2023-06-30 14:34:42.667 worker_log:584 24677 MainThread [INFO]  Received executor task 1524
2023-06-30 14:35:36.499 worker_log:602 24677 MainThread [INFO]  Completed executor task 1524
2023-06-30 14:35:36.500 worker_log:613 24677 MainThread [INFO]  All processing finished for executor task 1524
2023-06-30 14:35:37.737 worker_log:584 24677 MainThread [INFO]  Received executor task 1552
2023-06-30 14:36:38.370 worker_log:602 24677 MainThread [INFO]  Completed executor task 1552
2023-06-30 14:36:38.371 worker_log:613 24677 MainThread [INFO]  All processing finished for executor task 1552
2023-06-30 14:37:00.854 worker_log:584 24677 MainThread [INFO]  Received executor task 1565
2023-06-30 14:37:57.017 worker_log:602 24677 MainThread [INFO]  Completed executor task 1565
2023-06-30 14:37:57.018 worker_log:613 24677 MainThread [INFO]  All processing finished for executor task 1565
2023-06-30 14:38:08.803 worker_log:584 24677 MainThread [INFO]  Received executor task 1580
2023-06-30 14:38:38.832 worker_log:602 24677 MainThread [INFO]  Completed executor task 1580
2023-06-30 14:38:38.833 worker_log:613 24677 MainThread [INFO]  All processing finished for executor task 1580
2023-06-30 14:39:05.331 worker_log:584 24677 MainThread [INFO]  Received executor task 1594
2023-06-30 14:39:32.802 worker_log:602 24677 MainThread [INFO]  Completed executor task 1594
2023-06-30 14:39:32.803 worker_log:613 24677 MainThread [INFO]  All processing finished for executor task 1594
2023-06-30 14:39:48.780 worker_log:584 24677 MainThread [INFO]  Received executor task 1604
2023-06-30 14:40:30.232 worker_log:602 24677 MainThread [INFO]  Completed executor task 1604
2023-06-30 14:40:30.232 worker_log:613 24677 MainThread [INFO]  All processing finished for executor task 1604
2023-06-30 14:41:31.283 worker_log:584 24677 MainThread [INFO]  Received executor task 1623
2023-06-30 14:41:55.461 worker_log:602 24677 MainThread [INFO]  Completed executor task 1623
2023-06-30 14:41:55.462 worker_log:613 24677 MainThread [INFO]  All processing finished for executor task 1623
2023-06-30 14:43:00.289 worker_log:584 24677 MainThread [INFO]  Received executor task 1636
2023-06-30 14:43:27.855 worker_log:602 24677 MainThread [INFO]  Completed executor task 1636
2023-06-30 14:43:27.856 worker_log:613 24677 MainThread [INFO]  All processing finished for executor task 1636
2023-06-30 14:44:05.158 worker_log:584 24677 MainThread [INFO]  Received executor task 1652
2023-06-30 14:44:34.804 worker_log:602 24677 MainThread [INFO]  Completed executor task 1652
2023-06-30 14:44:34.805 worker_log:613 24677 MainThread [INFO]  All processing finished for executor task 1652
2023-06-30 14:45:16.285 worker_log:584 24677 MainThread [INFO]  Received executor task 1671
2023-06-30 14:46:12.176 worker_log:602 24677 MainThread [INFO]  Completed executor task 1671
2023-06-30 14:46:12.177 worker_log:613 24677 MainThread [INFO]  All processing finished for executor task 1671
2023-06-30 14:46:33.732 worker_log:584 24677 MainThread [INFO]  Received executor task 1690
2023-06-30 14:47:22.044 worker_log:602 24677 MainThread [INFO]  Completed executor task 1690
2023-06-30 14:47:22.045 worker_log:613 24677 MainThread [INFO]  All processing finished for executor task 1690
2023-06-30 14:48:18.915 worker_log:584 24677 MainThread [INFO]  Received executor task 1707
2023-06-30 14:49:13.346 worker_log:602 24677 MainThread [INFO]  Completed executor task 1707
2023-06-30 14:49:13.346 worker_log:613 24677 MainThread [INFO]  All processing finished for executor task 1707
2023-06-30 14:49:21.874 worker_log:584 24677 MainThread [INFO]  Received executor task 1723
2023-06-30 14:49:44.083 worker_log:602 24677 MainThread [INFO]  Completed executor task 1723
2023-06-30 14:49:44.084 worker_log:613 24677 MainThread [INFO]  All processing finished for executor task 1723
2023-06-30 14:50:26.503 worker_log:584 24677 MainThread [INFO]  Received executor task 1732
2023-06-30 14:51:06.982 worker_log:602 24677 MainThread [INFO]  Completed executor task 1732
2023-06-30 14:51:06.983 worker_log:613 24677 MainThread [INFO]  All processing finished for executor task 1732
2023-06-30 14:51:57.605 worker_log:584 24677 MainThread [INFO]  Received executor task 1750
2023-06-30 14:52:44.164 worker_log:602 24677 MainThread [INFO]  Completed executor task 1750
2023-06-30 14:52:44.164 worker_log:613 24677 MainThread [INFO]  All processing finished for executor task 1750
2023-06-30 14:53:05.249 worker_log:584 24677 MainThread [INFO]  Received executor task 1772
2023-06-30 14:54:20.349 worker_log:602 24677 MainThread [INFO]  Completed executor task 1772
2023-06-30 14:54:20.350 worker_log:613 24677 MainThread [INFO]  All processing finished for executor task 1772
2023-06-30 14:54:21.513 worker_log:584 24677 MainThread [INFO]  Received executor task 1792
2023-06-30 14:55:27.446 worker_log:602 24677 MainThread [INFO]  Completed executor task 1792
2023-06-30 14:55:27.447 worker_log:613 24677 MainThread [INFO]  All processing finished for executor task 1792
2023-06-30 14:55:36.056 worker_log:584 24677 MainThread [INFO]  Received executor task 1807
2023-06-30 14:56:03.249 worker_log:602 24677 MainThread [INFO]  Completed executor task 1807
2023-06-30 14:56:03.250 worker_log:613 24677 MainThread [INFO]  All processing finished for executor task 1807
2023-06-30 14:56:49.711 worker_log:584 24677 MainThread [INFO]  Received executor task 1810
2023-06-30 14:57:42.153 worker_log:602 24677 MainThread [INFO]  Completed executor task 1810
2023-06-30 14:57:42.154 worker_log:613 24677 MainThread [INFO]  All processing finished for executor task 1810
2023-06-30 14:58:17.312 worker_log:584 24677 MainThread [INFO]  Received executor task 1836
2023-06-30 14:59:15.784 worker_log:602 24677 MainThread [INFO]  Completed executor task 1836
2023-06-30 14:59:15.785 worker_log:613 24677 MainThread [INFO]  All processing finished for executor task 1836
2023-06-30 14:59:26.548 worker_log:584 24677 MainThread [INFO]  Received executor task 1854
2023-06-30 15:00:06.223 worker_log:602 24677 MainThread [INFO]  Completed executor task 1854
2023-06-30 15:00:06.223 worker_log:613 24677 MainThread [INFO]  All processing finished for executor task 1854
2023-06-30 15:00:38.909 worker_log:584 24677 MainThread [INFO]  Received executor task 1865
2023-06-30 15:01:08.807 worker_log:602 24677 MainThread [INFO]  Completed executor task 1865
2023-06-30 15:01:08.808 worker_log:613 24677 MainThread [INFO]  All processing finished for executor task 1865
2023-06-30 15:01:53.385 worker_log:584 24677 MainThread [INFO]  Received executor task 1875
2023-06-30 15:02:42.166 worker_log:602 24677 MainThread [INFO]  Completed executor task 1875
2023-06-30 15:02:42.167 worker_log:613 24677 MainThread [INFO]  All processing finished for executor task 1875
2023-06-30 15:03:37.371 worker_log:584 24677 MainThread [INFO]  Received executor task 1895
2023-06-30 15:05:13.134 worker_log:602 24677 MainThread [INFO]  Completed executor task 1895
2023-06-30 15:05:13.135 worker_log:613 24677 MainThread [INFO]  All processing finished for executor task 1895
2023-06-30 15:05:14.576 worker_log:584 24677 MainThread [INFO]  Received executor task 1920
2023-06-30 15:06:03.510 worker_log:602 24677 MainThread [INFO]  Completed executor task 1920
2023-06-30 15:06:03.510 worker_log:613 24677 MainThread [INFO]  All processing finished for executor task 1920
2023-06-30 15:06:30.090 worker_log:584 24677 MainThread [INFO]  Received executor task 1932
2023-06-30 15:07:26.144 worker_log:602 24677 MainThread [INFO]  Completed executor task 1932
2023-06-30 15:07:26.144 worker_log:613 24677 MainThread [INFO]  All processing finished for executor task 1932
2023-06-30 15:07:51.166 worker_log:584 24677 MainThread [INFO]  Received executor task 1947
2023-06-30 15:08:22.251 worker_log:602 24677 MainThread [INFO]  Completed executor task 1947
2023-06-30 15:08:22.252 worker_log:613 24677 MainThread [INFO]  All processing finished for executor task 1947
2023-06-30 15:08:53.380 worker_log:584 24677 MainThread [INFO]  Received executor task 1955
2023-06-30 15:09:15.120 worker_log:602 24677 MainThread [INFO]  Completed executor task 1955
2023-06-30 15:09:15.120 worker_log:613 24677 MainThread [INFO]  All processing finished for executor task 1955
2023-06-30 15:10:23.668 worker_log:584 24677 MainThread [INFO]  Received executor task 1970
2023-06-30 15:10:52.157 worker_log:602 24677 MainThread [INFO]  Completed executor task 1970
2023-06-30 15:10:52.158 worker_log:613 24677 MainThread [INFO]  All processing finished for executor task 1970
2023-06-30 15:11:27.133 worker_log:584 24677 MainThread [INFO]  Received executor task 1989
2023-06-30 15:11:54.674 worker_log:602 24677 MainThread [INFO]  Completed executor task 1989
2023-06-30 15:11:54.675 worker_log:613 24677 MainThread [INFO]  All processing finished for executor task 1989
2023-06-30 15:12:44.301 worker_log:584 24677 MainThread [INFO]  Received executor task 2003
2023-06-30 15:13:20.634 worker_log:602 24677 MainThread [INFO]  Completed executor task 2003
2023-06-30 15:13:20.635 worker_log:613 24677 MainThread [INFO]  All processing finished for executor task 2003
2023-06-30 15:14:03.596 worker_log:584 24677 MainThread [INFO]  Received executor task 2023
2023-06-30 15:14:48.512 worker_log:602 24677 MainThread [INFO]  Completed executor task 2023
2023-06-30 15:14:48.512 worker_log:613 24677 MainThread [INFO]  All processing finished for executor task 2023
2023-06-30 15:15:22.411 worker_log:584 24677 MainThread [INFO]  Received executor task 2042
2023-06-30 15:15:53.854 worker_log:602 24677 MainThread [INFO]  Completed executor task 2042
2023-06-30 15:15:53.855 worker_log:613 24677 MainThread [INFO]  All processing finished for executor task 2042
2023-06-30 15:16:20.662 worker_log:584 24677 MainThread [INFO]  Received executor task 2055
2023-06-30 15:17:19.352 worker_log:602 24677 MainThread [INFO]  Completed executor task 2055
2023-06-30 15:17:19.352 worker_log:613 24677 MainThread [INFO]  All processing finished for executor task 2055
2023-06-30 15:17:34.909 worker_log:584 24677 MainThread [INFO]  Received executor task 2078
2023-06-30 15:18:11.739 worker_log:602 24677 MainThread [INFO]  Completed executor task 2078
2023-06-30 15:18:11.740 worker_log:613 24677 MainThread [INFO]  All processing finished for executor task 2078
2023-06-30 15:18:51.408 worker_log:584 24677 MainThread [INFO]  Received executor task 2088
2023-06-30 15:19:28.208 worker_log:602 24677 MainThread [INFO]  Completed executor task 2088
2023-06-30 15:19:28.208 worker_log:613 24677 MainThread [INFO]  All processing finished for executor task 2088
2023-06-30 15:20:07.569 worker_log:584 24677 MainThread [INFO]  Received executor task 2104
2023-06-30 15:20:52.564 worker_log:602 24677 MainThread [INFO]  Completed executor task 2104
2023-06-30 15:20:52.565 worker_log:613 24677 MainThread [INFO]  All processing finished for executor task 2104
2023-06-30 15:21:34.719 worker_log:584 24677 MainThread [INFO]  Received executor task 2124
2023-06-30 15:22:13.421 worker_log:602 24677 MainThread [INFO]  Completed executor task 2124
2023-06-30 15:22:13.422 worker_log:613 24677 MainThread [INFO]  All processing finished for executor task 2124
2023-06-30 15:22:37.759 worker_log:584 24677 MainThread [INFO]  Received executor task 2140
2023-06-30 15:23:27.220 worker_log:602 24677 MainThread [INFO]  Completed executor task 2140
2023-06-30 15:23:27.220 worker_log:613 24677 MainThread [INFO]  All processing finished for executor task 2140
2023-06-30 15:23:46.321 worker_log:584 24677 MainThread [INFO]  Received executor task 2156
2023-06-30 15:24:36.599 worker_log:602 24677 MainThread [INFO]  Completed executor task 2156
2023-06-30 15:24:36.600 worker_log:613 24677 MainThread [INFO]  All processing finished for executor task 2156
2023-06-30 15:25:13.512 worker_log:584 24677 MainThread [INFO]  Received executor task 2172
2023-06-30 15:25:42.168 worker_log:602 24677 MainThread [INFO]  Completed executor task 2172
2023-06-30 15:25:42.168 worker_log:613 24677 MainThread [INFO]  All processing finished for executor task 2172
2023-06-30 15:26:56.168 worker_log:584 24677 MainThread [INFO]  Received executor task 2182
2023-06-30 15:27:30.065 worker_log:602 24677 MainThread [INFO]  Completed executor task 2182
2023-06-30 15:27:30.066 worker_log:613 24677 MainThread [INFO]  All processing finished for executor task 2182
2023-06-30 15:28:33.116 worker_log:584 24677 MainThread [INFO]  Received executor task 2200
2023-06-30 15:29:05.557 worker_log:602 24677 MainThread [INFO]  Completed executor task 2200
2023-06-30 15:29:05.558 worker_log:613 24677 MainThread [INFO]  All processing finished for executor task 2200
2023-06-30 15:30:00.994 worker_log:584 24677 MainThread [INFO]  Received executor task 2214
2023-06-30 15:30:59.016 worker_log:602 24677 MainThread [INFO]  Completed executor task 2214
2023-06-30 15:30:59.016 worker_log:613 24677 MainThread [INFO]  All processing finished for executor task 2214
2023-06-30 15:31:31.440 worker_log:584 24677 MainThread [INFO]  Received executor task 2235
2023-06-30 15:32:23.551 worker_log:602 24677 MainThread [INFO]  Completed executor task 2235
2023-06-30 15:32:23.551 worker_log:613 24677 MainThread [INFO]  All processing finished for executor task 2235
2023-06-30 15:32:36.732 worker_log:584 24677 MainThread [INFO]  Received executor task 2252
2023-06-30 15:33:20.257 worker_log:602 24677 MainThread [INFO]  Completed executor task 2252
2023-06-30 15:33:20.258 worker_log:613 24677 MainThread [INFO]  All processing finished for executor task 2252
2023-06-30 15:33:33.684 worker_log:584 24677 MainThread [INFO]  Received executor task 2269
2023-06-30 15:34:25.318 worker_log:602 24677 MainThread [INFO]  Completed executor task 2269
2023-06-30 15:34:25.318 worker_log:613 24677 MainThread [INFO]  All processing finished for executor task 2269
2023-06-30 15:34:59.255 worker_log:584 24677 MainThread [INFO]  Received executor task 2282
2023-06-30 15:36:14.473 worker_log:602 24677 MainThread [INFO]  Completed executor task 2282
2023-06-30 15:36:14.473 worker_log:613 24677 MainThread [INFO]  All processing finished for executor task 2282
2023-06-30 15:37:26.557 worker_log:584 24677 MainThread [INFO]  Received executor task 2303
2023-06-30 15:37:52.773 worker_log:602 24677 MainThread [INFO]  Completed executor task 2303
2023-06-30 15:37:52.773 worker_log:613 24677 MainThread [INFO]  All processing finished for executor task 2303
2023-06-30 15:38:44.921 worker_log:584 24677 MainThread [INFO]  Received executor task 2307
2023-06-30 15:39:55.340 worker_log:602 24677 MainThread [INFO]  Completed executor task 2307
2023-06-30 15:39:55.340 worker_log:613 24677 MainThread [INFO]  All processing finished for executor task 2307
2023-06-30 15:39:57.818 worker_log:584 24677 MainThread [INFO]  Received executor task 2335
2023-06-30 15:41:04.608 worker_log:602 24677 MainThread [INFO]  Completed executor task 2335
2023-06-30 15:41:04.609 worker_log:613 24677 MainThread [INFO]  All processing finished for executor task 2335
2023-06-30 15:41:19.846 worker_log:584 24677 MainThread [INFO]  Received executor task 2351
2023-06-30 15:41:39.694 worker_log:602 24677 MainThread [INFO]  Completed executor task 2351
2023-06-30 15:41:39.695 worker_log:613 24677 MainThread [INFO]  All processing finished for executor task 2351
2023-06-30 15:42:29.296 worker_log:584 24677 MainThread [INFO]  Received executor task 2354
2023-06-30 15:43:08.291 worker_log:602 24677 MainThread [INFO]  Completed executor task 2354
2023-06-30 15:43:08.292 worker_log:613 24677 MainThread [INFO]  All processing finished for executor task 2354
2023-06-30 15:43:34.192 worker_log:584 24677 MainThread [INFO]  Received executor task 2376
2023-06-30 15:44:03.376 worker_log:602 24677 MainThread [INFO]  Completed executor task 2376
2023-06-30 15:44:03.377 worker_log:613 24677 MainThread [INFO]  All processing finished for executor task 2376
2023-06-30 15:45:08.820 worker_log:584 24677 MainThread [INFO]  Received executor task 2388
2023-06-30 15:45:53.978 worker_log:602 24677 MainThread [INFO]  Completed executor task 2388
2023-06-30 15:45:53.979 worker_log:613 24677 MainThread [INFO]  All processing finished for executor task 2388
2023-06-30 15:46:22.816 worker_log:584 24677 MainThread [INFO]  Received executor task 2410
2023-06-30 15:47:34.799 worker_log:602 24677 MainThread [INFO]  Completed executor task 2410
2023-06-30 15:47:34.799 worker_log:613 24677 MainThread [INFO]  All processing finished for executor task 2410
2023-06-30 15:47:36.761 worker_log:584 24677 MainThread [INFO]  Received executor task 2431
2023-06-30 15:48:33.161 worker_log:602 24677 MainThread [INFO]  Completed executor task 2431
2023-06-30 15:48:33.161 worker_log:613 24677 MainThread [INFO]  All processing finished for executor task 2431
2023-06-30 15:48:38.114 worker_log:584 24677 MainThread [INFO]  Received executor task 2447
2023-06-30 15:49:50.955 worker_log:602 24677 MainThread [INFO]  Completed executor task 2447
2023-06-30 15:49:50.955 worker_log:613 24677 MainThread [INFO]  All processing finished for executor task 2447
2023-06-30 15:50:02.839 worker_log:584 24677 MainThread [INFO]  Received executor task 2462
2023-06-30 15:50:47.642 worker_log:602 24677 MainThread [INFO]  Completed executor task 2462
2023-06-30 15:50:47.642 worker_log:613 24677 MainThread [INFO]  All processing finished for executor task 2462
2023-06-30 15:51:11.716 worker_log:584 24677 MainThread [INFO]  Received executor task 2476
2023-06-30 15:52:10.859 worker_log:602 24677 MainThread [INFO]  Completed executor task 2476
2023-06-30 15:52:10.863 worker_log:613 24677 MainThread [INFO]  All processing finished for executor task 2476
2023-06-30 15:52:27.239 worker_log:584 24677 MainThread [INFO]  Received executor task 2491
2023-06-30 15:53:37.268 worker_log:602 24677 MainThread [INFO]  Completed executor task 2491
2023-06-30 15:53:37.269 worker_log:613 24677 MainThread [INFO]  All processing finished for executor task 2491
2023-06-30 15:53:57.534 worker_log:584 24677 MainThread [INFO]  Received executor task 2511
2023-06-30 15:54:18.537 worker_log:602 24677 MainThread [INFO]  Completed executor task 2511
2023-06-30 15:54:18.537 worker_log:613 24677 MainThread [INFO]  All processing finished for executor task 2511
2023-06-30 15:55:45.613 worker_log:584 24677 MainThread [INFO]  Received executor task 2514
2023-06-30 15:56:29.967 worker_log:602 24677 MainThread [INFO]  Completed executor task 2514
2023-06-30 15:56:29.968 worker_log:613 24677 MainThread [INFO]  All processing finished for executor task 2514
2023-06-30 15:56:40.679 worker_log:584 24677 MainThread [INFO]  Received executor task 2541
2023-06-30 15:57:43.168 worker_log:602 24677 MainThread [INFO]  Completed executor task 2541
2023-06-30 15:57:43.168 worker_log:613 24677 MainThread [INFO]  All processing finished for executor task 2541
2023-06-30 15:58:08.431 worker_log:584 24677 MainThread [INFO]  Received executor task 2557
2023-06-30 15:58:51.089 worker_log:602 24677 MainThread [INFO]  Completed executor task 2557
2023-06-30 15:58:51.090 worker_log:613 24677 MainThread [INFO]  All processing finished for executor task 2557
2023-06-30 15:59:11.138 worker_log:584 24677 MainThread [INFO]  Received executor task 2570
2023-06-30 15:59:50.779 worker_log:602 24677 MainThread [INFO]  Completed executor task 2570
2023-06-30 15:59:50.780 worker_log:613 24677 MainThread [INFO]  All processing finished for executor task 2570
2023-06-30 16:00:00.943 worker_log:584 24677 MainThread [INFO]  Received executor task 2588
2023-06-30 16:00:41.806 worker_log:602 24677 MainThread [INFO]  Completed executor task 2588
2023-06-30 16:00:41.807 worker_log:613 24677 MainThread [INFO]  All processing finished for executor task 2588
2023-06-30 16:01:29.914 worker_log:584 24677 MainThread [INFO]  Received executor task 2601
2023-06-30 16:02:05.373 worker_log:602 24677 MainThread [INFO]  Completed executor task 2601
2023-06-30 16:02:05.374 worker_log:613 24677 MainThread [INFO]  All processing finished for executor task 2601
2023-06-30 16:02:26.583 worker_log:584 24677 MainThread [INFO]  Received executor task 2616
2023-06-30 16:03:06.974 worker_log:602 24677 MainThread [INFO]  Completed executor task 2616
2023-06-30 16:03:06.975 worker_log:613 24677 MainThread [INFO]  All processing finished for executor task 2616
2023-06-30 16:03:49.125 worker_log:584 24677 MainThread [INFO]  Received executor task 2632
2023-06-30 16:05:08.607 worker_log:602 24677 MainThread [INFO]  Completed executor task 2632
2023-06-30 16:05:08.607 worker_log:613 24677 MainThread [INFO]  All processing finished for executor task 2632
2023-06-30 16:05:38.091 worker_log:584 24677 MainThread [INFO]  Received executor task 2655
2023-06-30 16:06:00.670 worker_log:602 24677 MainThread [INFO]  Completed executor task 2655
2023-06-30 16:06:00.671 worker_log:613 24677 MainThread [INFO]  All processing finished for executor task 2655
2023-06-30 16:07:00.850 worker_log:584 24677 MainThread [INFO]  Received executor task 2659
2023-06-30 16:07:57.996 worker_log:602 24677 MainThread [INFO]  Completed executor task 2659
2023-06-30 16:07:57.997 worker_log:613 24677 MainThread [INFO]  All processing finished for executor task 2659
2023-06-30 16:08:05.982 worker_log:584 24677 MainThread [INFO]  Received executor task 2685
2023-06-30 16:08:18.473 worker_log:602 24677 MainThread [INFO]  Completed executor task 2685
2023-06-30 16:08:18.473 worker_log:613 24677 MainThread [INFO]  All processing finished for executor task 2685
2023-06-30 16:09:19.405 worker_log:584 24677 MainThread [INFO]  Received executor task 2691
2023-06-30 16:10:12.520 worker_log:602 24677 MainThread [INFO]  Completed executor task 2691
2023-06-30 16:10:12.521 worker_log:613 24677 MainThread [INFO]  All processing finished for executor task 2691
2023-06-30 16:10:35.866 worker_log:584 24677 MainThread [INFO]  Received executor task 2715
2023-06-30 16:11:37.317 worker_log:602 24677 MainThread [INFO]  Completed executor task 2715
2023-06-30 16:11:37.318 worker_log:613 24677 MainThread [INFO]  All processing finished for executor task 2715
2023-06-30 16:11:51.660 worker_log:584 24677 MainThread [INFO]  Received executor task 2734
2023-06-30 16:12:20.788 worker_log:602 24677 MainThread [INFO]  Completed executor task 2734
2023-06-30 16:12:20.788 worker_log:613 24677 MainThread [INFO]  All processing finished for executor task 2734
2023-06-30 16:13:25.031 worker_log:584 24677 MainThread [INFO]  Received executor task 2741
2023-06-30 16:13:36.861 worker_log:602 24677 MainThread [INFO]  Completed executor task 2741
2023-06-30 16:13:36.862 worker_log:613 24677 MainThread [INFO]  All processing finished for executor task 2741
2023-06-30 16:14:25.196 worker_log:584 24677 MainThread [INFO]  Received executor task 2753
2023-06-30 16:15:05.205 worker_log:602 24677 MainThread [INFO]  Completed executor task 2753
2023-06-30 16:15:05.206 worker_log:613 24677 MainThread [INFO]  All processing finished for executor task 2753
2023-06-30 16:15:48.953 worker_log:584 24677 MainThread [INFO]  Received executor task 2776
2023-06-30 16:16:27.508 worker_log:602 24677 MainThread [INFO]  Completed executor task 2776
2023-06-30 16:16:27.509 worker_log:613 24677 MainThread [INFO]  All processing finished for executor task 2776
2023-06-30 16:17:17.139 worker_log:584 24677 MainThread [INFO]  Received executor task 2793
2023-06-30 16:17:42.449 worker_log:602 24677 MainThread [INFO]  Completed executor task 2793
2023-06-30 16:17:42.449 worker_log:613 24677 MainThread [INFO]  All processing finished for executor task 2793
2023-06-30 16:18:14.692 worker_log:584 24677 MainThread [INFO]  Received executor task 2801
2023-06-30 16:18:35.963 worker_log:602 24677 MainThread [INFO]  Completed executor task 2801
2023-06-30 16:18:35.963 worker_log:613 24677 MainThread [INFO]  All processing finished for executor task 2801
2023-06-30 16:19:41.951 worker_log:584 24677 MainThread [INFO]  Received executor task 2818
2023-06-30 16:20:13.722 worker_log:602 24677 MainThread [INFO]  Completed executor task 2818
2023-06-30 16:20:13.722 worker_log:613 24677 MainThread [INFO]  All processing finished for executor task 2818
2023-06-30 16:20:49.571 worker_log:584 24677 MainThread [INFO]  Received executor task 2837
2023-06-30 16:21:16.779 worker_log:602 24677 MainThread [INFO]  Completed executor task 2837
2023-06-30 16:21:16.780 worker_log:613 24677 MainThread [INFO]  All processing finished for executor task 2837
2023-06-30 16:21:59.730 worker_log:584 24677 MainThread [INFO]  Received executor task 2853
2023-06-30 16:22:35.365 worker_log:602 24677 MainThread [INFO]  Completed executor task 2853
2023-06-30 16:22:35.366 worker_log:613 24677 MainThread [INFO]  All processing finished for executor task 2853
2023-06-30 16:23:16.464 worker_log:584 24677 MainThread [INFO]  Received executor task 2872
2023-06-30 16:24:03.061 worker_log:602 24677 MainThread [INFO]  Completed executor task 2872
2023-06-30 16:24:03.062 worker_log:613 24677 MainThread [INFO]  All processing finished for executor task 2872
2023-06-30 16:24:28.907 worker_log:584 24677 MainThread [INFO]  Received executor task 2892
2023-06-30 16:25:10.681 worker_log:602 24677 MainThread [INFO]  Completed executor task 2892
2023-06-30 16:25:10.681 worker_log:613 24677 MainThread [INFO]  All processing finished for executor task 2892
2023-06-30 16:25:58.705 worker_log:584 24677 MainThread [INFO]  Received executor task 2907
2023-06-30 16:26:43.698 worker_log:602 24677 MainThread [INFO]  Completed executor task 2907
2023-06-30 16:26:43.699 worker_log:613 24677 MainThread [INFO]  All processing finished for executor task 2907
2023-06-30 16:27:13.173 worker_log:584 24677 MainThread [INFO]  Received executor task 2921
2023-06-30 16:27:30.538 worker_log:602 24677 MainThread [INFO]  Completed executor task 2921
2023-06-30 16:27:30.538 worker_log:613 24677 MainThread [INFO]  All processing finished for executor task 2921
2023-06-30 16:28:23.825 worker_log:584 24677 MainThread [INFO]  Received executor task 2929
2023-06-30 16:28:47.896 worker_log:602 24677 MainThread [INFO]  Completed executor task 2929
2023-06-30 16:28:47.897 worker_log:613 24677 MainThread [INFO]  All processing finished for executor task 2929
2023-06-30 16:30:13.389 worker_log:584 24677 MainThread [INFO]  Received executor task 2950
2023-06-30 16:30:33.871 worker_log:602 24677 MainThread [INFO]  Completed executor task 2950
2023-06-30 16:30:33.871 worker_log:613 24677 MainThread [INFO]  All processing finished for executor task 2950
2023-06-30 16:31:19.624 worker_log:584 24677 MainThread [INFO]  Received executor task 2961
2023-06-30 16:31:42.114 worker_log:602 24677 MainThread [INFO]  Completed executor task 2961
2023-06-30 16:31:42.115 worker_log:613 24677 MainThread [INFO]  All processing finished for executor task 2961
2023-06-30 16:32:31.198 worker_log:584 24677 MainThread [INFO]  Received executor task 2978
2023-06-30 16:32:43.405 worker_log:602 24677 MainThread [INFO]  Completed executor task 2978
2023-06-30 16:32:43.405 worker_log:613 24677 MainThread [INFO]  All processing finished for executor task 2978
2023-06-30 16:33:57.356 worker_log:584 24677 MainThread [INFO]  Received executor task 2993
2023-06-30 16:34:31.236 worker_log:602 24677 MainThread [INFO]  Completed executor task 2993
2023-06-30 16:34:31.237 worker_log:613 24677 MainThread [INFO]  All processing finished for executor task 2993
2023-06-30 16:35:11.787 worker_log:584 24677 MainThread [INFO]  Received executor task 3014
2023-06-30 16:35:44.878 worker_log:602 24677 MainThread [INFO]  Completed executor task 3014
2023-06-30 16:35:44.878 worker_log:613 24677 MainThread [INFO]  All processing finished for executor task 3014
2023-06-30 16:37:00.401 worker_log:584 24677 MainThread [INFO]  Received executor task 3028
2023-06-30 16:37:56.561 worker_log:602 24677 MainThread [INFO]  Completed executor task 3028
2023-06-30 16:37:56.562 worker_log:613 24677 MainThread [INFO]  All processing finished for executor task 3028
2023-06-30 16:38:12.003 worker_log:584 24677 MainThread [INFO]  Received executor task 3053
2023-06-30 16:38:51.126 worker_log:602 24677 MainThread [INFO]  Completed executor task 3053
2023-06-30 16:38:51.127 worker_log:613 24677 MainThread [INFO]  All processing finished for executor task 3053
2023-06-30 16:39:31.819 worker_log:584 24677 MainThread [INFO]  Received executor task 3065
2023-06-30 16:40:44.773 worker_log:602 24677 MainThread [INFO]  Completed executor task 3065
2023-06-30 16:40:44.774 worker_log:613 24677 MainThread [INFO]  All processing finished for executor task 3065
2023-06-30 16:40:46.488 worker_log:584 24677 MainThread [INFO]  Received executor task 3088
2023-06-30 16:41:14.376 worker_log:602 24677 MainThread [INFO]  Completed executor task 3088
2023-06-30 16:41:14.377 worker_log:613 24677 MainThread [INFO]  All processing finished for executor task 3088
2023-06-30 16:41:43.943 worker_log:584 24677 MainThread [INFO]  Received executor task 3094
2023-06-30 16:42:44.196 worker_log:602 24677 MainThread [INFO]  Completed executor task 3094
2023-06-30 16:42:44.197 worker_log:613 24677 MainThread [INFO]  All processing finished for executor task 3094
2023-06-30 16:42:45.320 worker_log:584 24677 MainThread [INFO]  Received executor task 3120
2023-06-30 16:43:43.315 worker_log:602 24677 MainThread [INFO]  Completed executor task 3120
2023-06-30 16:43:43.316 worker_log:613 24677 MainThread [INFO]  All processing finished for executor task 3120
2023-06-30 16:43:44.633 worker_log:584 24677 MainThread [INFO]  Received executor task 3135
2023-06-30 16:44:17.168 worker_log:602 24677 MainThread [INFO]  Completed executor task 3135
2023-06-30 16:44:17.169 worker_log:613 24677 MainThread [INFO]  All processing finished for executor task 3135
2023-06-30 16:44:50.065 worker_log:584 24677 MainThread [INFO]  Received executor task 3143
2023-06-30 16:45:00.805 worker_log:602 24677 MainThread [INFO]  Completed executor task 3143
2023-06-30 16:45:00.806 worker_log:613 24677 MainThread [INFO]  All processing finished for executor task 3143
2023-06-30 16:46:11.504 worker_log:584 24677 MainThread [INFO]  Received executor task 3154
2023-06-30 16:46:27.237 worker_log:602 24677 MainThread [INFO]  Completed executor task 3154
2023-06-30 16:46:27.237 worker_log:613 24677 MainThread [INFO]  All processing finished for executor task 3154
2023-06-30 16:47:16.159 worker_log:584 24677 MainThread [INFO]  Received executor task 3169
2023-06-30 16:48:16.515 worker_log:602 24677 MainThread [INFO]  Completed executor task 3169
2023-06-30 16:48:16.515 worker_log:613 24677 MainThread [INFO]  All processing finished for executor task 3169
2023-06-30 16:49:35.381 worker_log:584 24677 MainThread [INFO]  Received executor task 3199
2023-06-30 16:50:00.267 worker_log:602 24677 MainThread [INFO]  Completed executor task 3199
2023-06-30 16:50:00.268 worker_log:613 24677 MainThread [INFO]  All processing finished for executor task 3199
2023-06-30 16:50:54.496 worker_log:584 24677 MainThread [INFO]  Received executor task 3205
2023-06-30 16:51:44.674 worker_log:602 24677 MainThread [INFO]  Completed executor task 3205
2023-06-30 16:51:44.675 worker_log:613 24677 MainThread [INFO]  All processing finished for executor task 3205
2023-06-30 16:52:07.349 worker_log:584 24677 MainThread [INFO]  Received executor task 3227
2023-06-30 16:52:45.411 worker_log:602 24677 MainThread [INFO]  Completed executor task 3227
2023-06-30 16:52:45.412 worker_log:613 24677 MainThread [INFO]  All processing finished for executor task 3227
2023-06-30 16:53:47.702 worker_log:584 24677 MainThread [INFO]  Received executor task 3240
2023-06-30 16:54:07.503 worker_log:602 24677 MainThread [INFO]  Completed executor task 3240
2023-06-30 16:54:07.504 worker_log:613 24677 MainThread [INFO]  All processing finished for executor task 3240
2023-06-30 16:54:55.536 worker_log:584 24677 MainThread [INFO]  Received executor task 3250
2023-06-30 16:55:51.014 worker_log:602 24677 MainThread [INFO]  Completed executor task 3250
2023-06-30 16:55:51.015 worker_log:613 24677 MainThread [INFO]  All processing finished for executor task 3250
2023-06-30 16:56:35.517 worker_log:584 24677 MainThread [INFO]  Received executor task 3277
2023-06-30 16:57:20.537 worker_log:602 24677 MainThread [INFO]  Completed executor task 3277
2023-06-30 16:57:20.537 worker_log:613 24677 MainThread [INFO]  All processing finished for executor task 3277
2023-06-30 16:57:49.492 worker_log:584 24677 MainThread [INFO]  Received executor task 3291
2023-06-30 17:00:15.998 worker_log:602 24677 MainThread [INFO]  Completed executor task 3291
2023-06-30 17:00:15.999 worker_log:613 24677 MainThread [INFO]  All processing finished for executor task 3291
2023-06-30 17:00:17.276 worker_log:584 24677 MainThread [INFO]  Received executor task 3312
2023-06-30 17:00:44.001 worker_log:602 24677 MainThread [INFO]  Completed executor task 3312
2023-06-30 17:00:44.001 worker_log:613 24677 MainThread [INFO]  All processing finished for executor task 3312
2023-06-30 17:01:33.262 worker_log:584 24677 MainThread [INFO]  Received executor task 3317
2023-06-30 17:01:43.627 worker_log:602 24677 MainThread [INFO]  Completed executor task 3317
2023-06-30 17:01:43.627 worker_log:613 24677 MainThread [INFO]  All processing finished for executor task 3317
2023-06-30 17:02:37.905 worker_log:584 24677 MainThread [INFO]  Received executor task 3329
2023-06-30 17:03:27.036 worker_log:602 24677 MainThread [INFO]  Completed executor task 3329
2023-06-30 17:03:27.036 worker_log:613 24677 MainThread [INFO]  All processing finished for executor task 3329
2023-06-30 17:04:13.948 worker_log:584 24677 MainThread [INFO]  Received executor task 3351
2023-06-30 17:05:05.955 worker_log:602 24677 MainThread [INFO]  Completed executor task 3351
2023-06-30 17:05:05.955 worker_log:613 24677 MainThread [INFO]  All processing finished for executor task 3351
2023-06-30 17:06:00.580 worker_log:584 24677 MainThread [INFO]  Received executor task 3372
2023-06-30 17:06:24.408 worker_log:602 24677 MainThread [INFO]  Completed executor task 3372
2023-06-30 17:06:24.408 worker_log:613 24677 MainThread [INFO]  All processing finished for executor task 3372
2023-06-30 17:07:06.655 worker_log:584 24677 MainThread [INFO]  Received executor task 3377
2023-06-30 17:07:49.981 worker_log:602 24677 MainThread [INFO]  Completed executor task 3377
2023-06-30 17:07:49.981 worker_log:613 24677 MainThread [INFO]  All processing finished for executor task 3377
2023-06-30 17:08:35.203 worker_log:584 24677 MainThread [INFO]  Received executor task 3402
2023-06-30 17:08:55.087 worker_log:602 24677 MainThread [INFO]  Completed executor task 3402
2023-06-30 17:08:55.088 worker_log:613 24677 MainThread [INFO]  All processing finished for executor task 3402
2023-06-30 17:10:14.452 worker_log:584 24677 MainThread [INFO]  Received executor task 3409
2023-06-30 17:11:07.905 worker_log:602 24677 MainThread [INFO]  Completed executor task 3409
2023-06-30 17:11:07.905 worker_log:613 24677 MainThread [INFO]  All processing finished for executor task 3409
2023-06-30 17:11:52.720 worker_log:584 24677 MainThread [INFO]  Received executor task 3436
2023-06-30 17:12:37.001 worker_log:602 24677 MainThread [INFO]  Completed executor task 3436
2023-06-30 17:12:37.002 worker_log:613 24677 MainThread [INFO]  All processing finished for executor task 3436
2023-06-30 17:13:01.640 worker_log:584 24677 MainThread [INFO]  Received executor task 3450
2023-06-30 17:13:39.555 worker_log:602 24677 MainThread [INFO]  Completed executor task 3450
2023-06-30 17:13:39.556 worker_log:613 24677 MainThread [INFO]  All processing finished for executor task 3450
2023-06-30 17:14:14.592 worker_log:584 24677 MainThread [INFO]  Received executor task 3463
2023-06-30 17:15:47.786 worker_log:602 24677 MainThread [INFO]  Completed executor task 3463
2023-06-30 17:15:47.787 worker_log:613 24677 MainThread [INFO]  All processing finished for executor task 3463
2023-06-30 17:15:48.836 worker_log:584 24677 MainThread [INFO]  Received executor task 3488
2023-06-30 17:16:47.648 worker_log:602 24677 MainThread [INFO]  Completed executor task 3488
2023-06-30 17:16:47.649 worker_log:613 24677 MainThread [INFO]  All processing finished for executor task 3488
2023-06-30 17:17:10.872 worker_log:584 24677 MainThread [INFO]  Received executor task 3501
2023-06-30 17:17:38.374 worker_log:602 24677 MainThread [INFO]  Completed executor task 3501
2023-06-30 17:17:38.375 worker_log:613 24677 MainThread [INFO]  All processing finished for executor task 3501
2023-06-30 17:18:34.018 worker_log:584 24677 MainThread [INFO]  Received executor task 3507
2023-06-30 17:20:17.840 worker_log:602 24677 MainThread [INFO]  Completed executor task 3507
2023-06-30 17:20:17.841 worker_log:613 24677 MainThread [INFO]  All processing finished for executor task 3507
2023-06-30 17:20:18.981 worker_log:584 24677 MainThread [INFO]  Received executor task 3536
2023-06-30 17:21:05.590 worker_log:602 24677 MainThread [INFO]  Completed executor task 3536
2023-06-30 17:21:05.591 worker_log:613 24677 MainThread [INFO]  All processing finished for executor task 3536
2023-06-30 17:21:16.457 worker_log:584 24677 MainThread [INFO]  Received executor task 3545
2023-06-30 17:21:36.213 worker_log:602 24677 MainThread [INFO]  Completed executor task 3545
2023-06-30 17:21:36.214 worker_log:613 24677 MainThread [INFO]  All processing finished for executor task 3545
2023-06-30 17:22:30.787 worker_log:584 24677 MainThread [INFO]  Received executor task 3555
2023-06-30 17:23:07.143 worker_log:602 24677 MainThread [INFO]  Completed executor task 3555
2023-06-30 17:23:07.144 worker_log:613 24677 MainThread [INFO]  All processing finished for executor task 3555
2023-06-30 17:24:06.659 worker_log:584 24677 MainThread [INFO]  Received executor task 3577
2023-06-30 17:24:50.371 worker_log:602 24677 MainThread [INFO]  Completed executor task 3577
2023-06-30 17:24:50.371 worker_log:613 24677 MainThread [INFO]  All processing finished for executor task 3577
2023-06-30 17:25:22.095 worker_log:584 24677 MainThread [INFO]  Received executor task 3594
2023-06-30 17:25:57.044 worker_log:602 24677 MainThread [INFO]  Completed executor task 3594
2023-06-30 17:25:57.045 worker_log:613 24677 MainThread [INFO]  All processing finished for executor task 3594
2023-06-30 17:26:42.051 worker_log:584 24677 MainThread [INFO]  Received executor task 3611
2023-06-30 17:28:04.591 worker_log:602 24677 MainThread [INFO]  Completed executor task 3611
2023-06-30 17:28:04.592 worker_log:613 24677 MainThread [INFO]  All processing finished for executor task 3611
2023-06-30 17:28:07.637 worker_log:584 24677 MainThread [INFO]  Received executor task 3631
2023-06-30 17:28:50.416 worker_log:602 24677 MainThread [INFO]  Completed executor task 3631
2023-06-30 17:28:50.416 worker_log:613 24677 MainThread [INFO]  All processing finished for executor task 3631
2023-06-30 17:29:21.940 worker_log:584 24677 MainThread [INFO]  Received executor task 3643
2023-06-30 17:29:47.158 worker_log:602 24677 MainThread [INFO]  Completed executor task 3643
2023-06-30 17:29:47.158 worker_log:613 24677 MainThread [INFO]  All processing finished for executor task 3643
2023-06-30 17:31:08.280 worker_log:584 24677 MainThread [INFO]  Received executor task 3650
2023-06-30 17:31:47.618 worker_log:602 24677 MainThread [INFO]  Completed executor task 3650
2023-06-30 17:31:47.618 worker_log:613 24677 MainThread [INFO]  All processing finished for executor task 3650
2023-06-30 17:32:25.142 worker_log:584 24677 MainThread [INFO]  Received executor task 3671
2023-06-30 17:33:12.820 worker_log:602 24677 MainThread [INFO]  Completed executor task 3671
2023-06-30 17:33:12.820 worker_log:613 24677 MainThread [INFO]  All processing finished for executor task 3671
2023-06-30 17:33:47.863 worker_log:584 24677 MainThread [INFO]  Received executor task 3691
2023-06-30 17:34:03.305 worker_log:602 24677 MainThread [INFO]  Completed executor task 3691
2023-06-30 17:34:03.305 worker_log:613 24677 MainThread [INFO]  All processing finished for executor task 3691
2023-06-30 17:34:56.372 worker_log:584 24677 MainThread [INFO]  Received executor task 3697
2023-06-30 17:35:24.613 worker_log:602 24677 MainThread [INFO]  Completed executor task 3697
2023-06-30 17:35:24.613 worker_log:613 24677 MainThread [INFO]  All processing finished for executor task 3697
2023-06-30 17:36:12.597 worker_log:584 24677 MainThread [INFO]  Received executor task 3716
2023-06-30 17:36:47.547 worker_log:602 24677 MainThread [INFO]  Completed executor task 3716
2023-06-30 17:36:47.548 worker_log:613 24677 MainThread [INFO]  All processing finished for executor task 3716
2023-06-30 17:37:28.300 worker_log:584 24677 MainThread [INFO]  Received executor task 3736
2023-06-30 17:38:13.106 worker_log:602 24677 MainThread [INFO]  Completed executor task 3736
2023-06-30 17:38:13.106 worker_log:613 24677 MainThread [INFO]  All processing finished for executor task 3736
2023-06-30 17:38:31.578 worker_log:584 24677 MainThread [INFO]  Received executor task 3753
2023-06-30 17:39:06.359 worker_log:602 24677 MainThread [INFO]  Completed executor task 3753
2023-06-30 17:39:06.359 worker_log:613 24677 MainThread [INFO]  All processing finished for executor task 3753
2023-06-30 17:39:49.792 worker_log:584 24677 MainThread [INFO]  Received executor task 3766
2023-06-30 17:40:31.810 worker_log:602 24677 MainThread [INFO]  Completed executor task 3766
2023-06-30 17:40:31.811 worker_log:613 24677 MainThread [INFO]  All processing finished for executor task 3766
2023-06-30 17:41:40.428 worker_log:584 24677 MainThread [INFO]  Received executor task 3783
2023-06-30 17:42:02.990 worker_log:602 24677 MainThread [INFO]  Completed executor task 3783
2023-06-30 17:42:02.991 worker_log:613 24677 MainThread [INFO]  All processing finished for executor task 3783
2023-06-30 17:43:00.612 worker_log:584 24677 MainThread [INFO]  Received executor task 3793
2023-06-30 17:44:51.113 worker_log:602 24677 MainThread [INFO]  Completed executor task 3793
2023-06-30 17:44:51.113 worker_log:613 24677 MainThread [INFO]  All processing finished for executor task 3793
2023-06-30 17:44:52.426 worker_log:584 24677 MainThread [INFO]  Received executor task 3824
2023-06-30 17:45:18.273 worker_log:602 24677 MainThread [INFO]  Completed executor task 3824
2023-06-30 17:45:18.274 worker_log:613 24677 MainThread [INFO]  All processing finished for executor task 3824
2023-06-30 17:45:58.283 worker_log:584 24677 MainThread [INFO]  Received executor task 3827
2023-06-30 17:47:21.791 worker_log:602 24677 MainThread [INFO]  Completed executor task 3827
2023-06-30 17:47:21.792 worker_log:613 24677 MainThread [INFO]  All processing finished for executor task 3827
2023-06-30 17:47:23.190 worker_log:584 24677 MainThread [INFO]  Received executor task 3856
2023-06-30 17:48:25.349 worker_log:602 24677 MainThread [INFO]  Completed executor task 3856
2023-06-30 17:48:25.350 worker_log:613 24677 MainThread [INFO]  All processing finished for executor task 3856
2023-06-30 17:48:41.933 worker_log:584 24677 MainThread [INFO]  Received executor task 3871
2023-06-30 17:49:50.246 worker_log:602 24677 MainThread [INFO]  Completed executor task 3871
2023-06-30 17:49:50.246 worker_log:613 24677 MainThread [INFO]  All processing finished for executor task 3871
2023-06-30 17:50:02.672 worker_log:584 24677 MainThread [INFO]  Received executor task 3887
2023-06-30 17:50:30.327 worker_log:602 24677 MainThread [INFO]  Completed executor task 3887
2023-06-30 17:50:30.328 worker_log:613 24677 MainThread [INFO]  All processing finished for executor task 3887
2023-06-30 17:51:00.814 worker_log:584 24677 MainThread [INFO]  Received executor task 3892
2023-06-30 17:51:27.198 worker_log:602 24677 MainThread [INFO]  Completed executor task 3892
2023-06-30 17:51:27.199 worker_log:613 24677 MainThread [INFO]  All processing finished for executor task 3892
2023-06-30 17:52:39.752 worker_log:584 24677 MainThread [INFO]  Received executor task 3907
2023-06-30 17:53:08.469 worker_log:602 24677 MainThread [INFO]  Completed executor task 3907
2023-06-30 17:53:08.470 worker_log:613 24677 MainThread [INFO]  All processing finished for executor task 3907
2023-06-30 17:53:36.915 worker_log:584 24677 MainThread [INFO]  Received executor task 3925
2023-06-30 17:54:02.063 worker_log:602 24677 MainThread [INFO]  Completed executor task 3925
2023-06-30 17:54:02.063 worker_log:613 24677 MainThread [INFO]  All processing finished for executor task 3925
2023-06-30 17:54:48.947 worker_log:584 24677 MainThread [INFO]  Received executor task 3939
2023-06-30 17:55:25.912 worker_log:602 24677 MainThread [INFO]  Completed executor task 3939
2023-06-30 17:55:25.913 worker_log:613 24677 MainThread [INFO]  All processing finished for executor task 3939
2023-06-30 17:56:02.938 worker_log:584 24677 MainThread [INFO]  Received executor task 3960
2023-06-30 17:56:55.288 worker_log:602 24677 MainThread [INFO]  Completed executor task 3960
2023-06-30 17:56:55.288 worker_log:613 24677 MainThread [INFO]  All processing finished for executor task 3960
2023-06-30 17:57:37.839 worker_log:584 24677 MainThread [INFO]  Received executor task 3981
2023-06-30 17:58:15.475 worker_log:602 24677 MainThread [INFO]  Completed executor task 3981
2023-06-30 17:58:15.475 worker_log:613 24677 MainThread [INFO]  All processing finished for executor task 3981
2023-06-30 17:58:47.724 worker_log:584 24677 MainThread [INFO]  Received executor task 3993
2023-06-30 17:59:11.968 worker_log:602 24677 MainThread [INFO]  Completed executor task 3993
2023-06-30 17:59:11.968 worker_log:613 24677 MainThread [INFO]  All processing finished for executor task 3993
2023-06-30 17:59:52.385 worker_log:584 24677 MainThread [INFO]  Received executor task 4003
2023-06-30 18:00:13.463 worker_log:602 24677 MainThread [INFO]  Completed executor task 4003
2023-06-30 18:00:13.464 worker_log:613 24677 MainThread [INFO]  All processing finished for executor task 4003
2023-06-30 18:01:22.920 worker_log:584 24677 MainThread [INFO]  Received executor task 4017
2023-06-30 18:01:55.025 worker_log:602 24677 MainThread [INFO]  Completed executor task 4017
2023-06-30 18:01:55.026 worker_log:613 24677 MainThread [INFO]  All processing finished for executor task 4017
2023-06-30 18:02:42.323 worker_log:584 24677 MainThread [INFO]  Received executor task 4038
2023-06-30 18:03:21.237 worker_log:602 24677 MainThread [INFO]  Completed executor task 4038
2023-06-30 18:03:21.237 worker_log:613 24677 MainThread [INFO]  All processing finished for executor task 4038
2023-06-30 18:03:51.852 worker_log:584 24677 MainThread [INFO]  Received executor task 4057
2023-06-30 18:04:34.696 worker_log:602 24677 MainThread [INFO]  Completed executor task 4057
2023-06-30 18:04:34.697 worker_log:613 24677 MainThread [INFO]  All processing finished for executor task 4057
2023-06-30 18:05:02.373 worker_log:584 24677 MainThread [INFO]  Received executor task 4074
2023-06-30 18:06:05.113 worker_log:602 24677 MainThread [INFO]  Completed executor task 4074
2023-06-30 18:06:05.114 worker_log:613 24677 MainThread [INFO]  All processing finished for executor task 4074
2023-06-30 18:06:06.792 worker_log:584 24677 MainThread [INFO]  Received executor task 4096
2023-06-30 18:07:11.118 worker_log:602 24677 MainThread [INFO]  Completed executor task 4096
2023-06-30 18:07:11.118 worker_log:613 24677 MainThread [INFO]  All processing finished for executor task 4096
2023-06-30 18:07:24.578 worker_log:584 24677 MainThread [INFO]  Received executor task 4109
2023-06-30 18:08:14.020 worker_log:602 24677 MainThread [INFO]  Completed executor task 4109
2023-06-30 18:08:14.021 worker_log:613 24677 MainThread [INFO]  All processing finished for executor task 4109
2023-06-30 18:08:19.488 worker_log:584 24677 MainThread [INFO]  Received executor task 4126
2023-06-30 18:09:00.224 worker_log:602 24677 MainThread [INFO]  Completed executor task 4126
2023-06-30 18:09:00.224 worker_log:613 24677 MainThread [INFO]  All processing finished for executor task 4126
2023-06-30 18:09:44.254 worker_log:584 24677 MainThread [INFO]  Received executor task 4136
2023-06-30 18:10:05.723 worker_log:602 24677 MainThread [INFO]  Completed executor task 4136
2023-06-30 18:10:05.724 worker_log:613 24677 MainThread [INFO]  All processing finished for executor task 4136
2023-06-30 18:10:58.954 worker_log:584 24677 MainThread [INFO]  Received executor task 4146
2023-06-30 18:11:21.604 worker_log:602 24677 MainThread [INFO]  Completed executor task 4146
2023-06-30 18:11:21.604 worker_log:613 24677 MainThread [INFO]  All processing finished for executor task 4146
2023-06-30 18:12:15.141 worker_log:584 24677 MainThread [INFO]  Received executor task 4163
2023-06-30 18:12:30.021 worker_log:602 24677 MainThread [INFO]  Completed executor task 4163
2023-06-30 18:12:30.021 worker_log:613 24677 MainThread [INFO]  All processing finished for executor task 4163
2023-06-30 18:13:55.548 worker_log:584 24677 MainThread [INFO]  Received executor task 4177
2023-06-30 18:14:32.021 worker_log:602 24677 MainThread [INFO]  Completed executor task 4177
2023-06-30 18:14:32.021 worker_log:613 24677 MainThread [INFO]  All processing finished for executor task 4177
2023-06-30 18:15:03.071 worker_log:584 24677 MainThread [INFO]  Received executor task 4199
2023-06-30 18:15:40.233 worker_log:602 24677 MainThread [INFO]  Completed executor task 4199
2023-06-30 18:15:40.234 worker_log:613 24677 MainThread [INFO]  All processing finished for executor task 4199
2023-06-30 18:16:34.321 worker_log:584 24677 MainThread [INFO]  Received executor task 4216
2023-06-30 18:17:14.032 worker_log:602 24677 MainThread [INFO]  Completed executor task 4216
2023-06-30 18:17:14.033 worker_log:613 24677 MainThread [INFO]  All processing finished for executor task 4216
2023-06-30 18:17:45.811 worker_log:584 24677 MainThread [INFO]  Received executor task 4233
2023-06-30 18:18:12.491 worker_log:602 24677 MainThread [INFO]  Completed executor task 4233
2023-06-30 18:18:12.491 worker_log:613 24677 MainThread [INFO]  All processing finished for executor task 4233
2023-06-30 18:19:03.512 worker_log:584 24677 MainThread [INFO]  Received executor task 4242
2023-06-30 18:19:43.310 worker_log:602 24677 MainThread [INFO]  Completed executor task 4242
2023-06-30 18:19:43.311 worker_log:613 24677 MainThread [INFO]  All processing finished for executor task 4242
2023-06-30 18:19:57.526 worker_log:584 24677 MainThread [INFO]  Received executor task 4267
2023-06-30 18:20:27.285 worker_log:602 24677 MainThread [INFO]  Completed executor task 4267
2023-06-30 18:20:27.286 worker_log:613 24677 MainThread [INFO]  All processing finished for executor task 4267
2023-06-30 18:21:26.922 worker_log:584 24677 MainThread [INFO]  Received executor task 4277
2023-06-30 18:22:23.951 worker_log:602 24677 MainThread [INFO]  Completed executor task 4277
2023-06-30 18:22:23.952 worker_log:613 24677 MainThread [INFO]  All processing finished for executor task 4277
2023-06-30 18:22:30.335 worker_log:584 24677 MainThread [INFO]  Received executor task 4302
2023-06-30 18:23:24.077 worker_log:602 24677 MainThread [INFO]  Completed executor task 4302
2023-06-30 18:23:24.078 worker_log:613 24677 MainThread [INFO]  All processing finished for executor task 4302
2023-06-30 18:24:16.154 worker_log:584 24677 MainThread [INFO]  Received executor task 4317
2023-06-30 18:25:13.532 worker_log:602 24677 MainThread [INFO]  Completed executor task 4317
2023-06-30 18:25:13.532 worker_log:613 24677 MainThread [INFO]  All processing finished for executor task 4317
2023-06-30 18:25:46.801 worker_log:584 24677 MainThread [INFO]  Received executor task 4334
2023-06-30 18:26:48.402 worker_log:602 24677 MainThread [INFO]  Completed executor task 4334
2023-06-30 18:26:48.403 worker_log:613 24677 MainThread [INFO]  All processing finished for executor task 4334
2023-06-30 18:27:24.746 worker_log:584 24677 MainThread [INFO]  Received executor task 4349
2023-06-30 18:27:46.830 worker_log:602 24677 MainThread [INFO]  Completed executor task 4349
2023-06-30 18:27:46.831 worker_log:613 24677 MainThread [INFO]  All processing finished for executor task 4349
2023-06-30 18:28:17.882 worker_log:584 24677 MainThread [INFO]  Received executor task 4354
2023-06-30 18:29:13.424 worker_log:602 24677 MainThread [INFO]  Completed executor task 4354
2023-06-30 18:29:13.425 worker_log:613 24677 MainThread [INFO]  All processing finished for executor task 4354
2023-06-30 18:29:27.782 worker_log:584 24677 MainThread [INFO]  Received executor task 4380
2023-06-30 18:30:05.047 worker_log:602 24677 MainThread [INFO]  Completed executor task 4380
2023-06-30 18:30:05.047 worker_log:613 24677 MainThread [INFO]  All processing finished for executor task 4380
2023-06-30 18:30:36.344 worker_log:584 24677 MainThread [INFO]  Received executor task 4394
2023-06-30 18:31:26.607 worker_log:602 24677 MainThread [INFO]  Completed executor task 4394
2023-06-30 18:31:26.608 worker_log:613 24677 MainThread [INFO]  All processing finished for executor task 4394
2023-06-30 18:32:04.688 worker_log:584 24677 MainThread [INFO]  Received executor task 4410
2023-06-30 18:32:43.826 worker_log:602 24677 MainThread [INFO]  Completed executor task 4410
2023-06-30 18:32:43.826 worker_log:613 24677 MainThread [INFO]  All processing finished for executor task 4410
2023-06-30 18:33:27.293 worker_log:584 24677 MainThread [INFO]  Received executor task 4422
2023-06-30 18:33:52.266 worker_log:602 24677 MainThread [INFO]  Completed executor task 4422
2023-06-30 18:33:52.267 worker_log:613 24677 MainThread [INFO]  All processing finished for executor task 4422
2023-06-30 18:34:58.169 worker_log:584 24677 MainThread [INFO]  Received executor task 4436
2023-06-30 18:35:29.790 worker_log:602 24677 MainThread [INFO]  Completed executor task 4436
2023-06-30 18:35:29.790 worker_log:613 24677 MainThread [INFO]  All processing finished for executor task 4436
2023-06-30 18:36:15.589 worker_log:584 24677 MainThread [INFO]  Received executor task 4450
2023-06-30 18:37:19.384 worker_log:602 24677 MainThread [INFO]  Completed executor task 4450
2023-06-30 18:37:19.385 worker_log:613 24677 MainThread [INFO]  All processing finished for executor task 4450
2023-06-30 18:37:25.929 worker_log:584 24677 MainThread [INFO]  Received executor task 4478
2023-06-30 18:37:54.811 worker_log:602 24677 MainThread [INFO]  Completed executor task 4478
2023-06-30 18:37:54.811 worker_log:613 24677 MainThread [INFO]  All processing finished for executor task 4478
2023-06-30 18:38:19.776 worker_log:584 24677 MainThread [INFO]  Received executor task 4488
2023-06-30 18:38:50.070 worker_log:602 24677 MainThread [INFO]  Completed executor task 4488
2023-06-30 18:38:50.071 worker_log:613 24677 MainThread [INFO]  All processing finished for executor task 4488
2023-06-30 18:39:40.327 worker_log:584 24677 MainThread [INFO]  Received executor task 4500
2023-06-30 18:40:12.472 worker_log:602 24677 MainThread [INFO]  Completed executor task 4500
2023-06-30 18:40:12.473 worker_log:613 24677 MainThread [INFO]  All processing finished for executor task 4500
2023-06-30 18:41:45.669 worker_log:584 24677 MainThread [INFO]  Received executor task 4519
2023-06-30 18:42:09.770 worker_log:602 24677 MainThread [INFO]  Completed executor task 4519
2023-06-30 18:42:09.770 worker_log:613 24677 MainThread [INFO]  All processing finished for executor task 4519
2023-06-30 18:42:43.319 worker_log:584 24677 MainThread [INFO]  Received executor task 4531
2023-06-30 18:43:08.359 worker_log:602 24677 MainThread [INFO]  Completed executor task 4531
2023-06-30 18:43:08.360 worker_log:613 24677 MainThread [INFO]  All processing finished for executor task 4531
2023-06-30 18:43:54.622 worker_log:584 24677 MainThread [INFO]  Received executor task 4547
2023-06-30 18:44:27.295 worker_log:602 24677 MainThread [INFO]  Completed executor task 4547
2023-06-30 18:44:27.295 worker_log:613 24677 MainThread [INFO]  All processing finished for executor task 4547
2023-06-30 18:45:28.435 worker_log:584 24677 MainThread [INFO]  Received executor task 4566
2023-06-30 18:46:32.632 worker_log:602 24677 MainThread [INFO]  Completed executor task 4566
2023-06-30 18:46:32.632 worker_log:613 24677 MainThread [INFO]  All processing finished for executor task 4566
2023-06-30 18:46:46.381 worker_log:584 24677 MainThread [INFO]  Received executor task 4589
2023-06-30 18:47:22.600 worker_log:602 24677 MainThread [INFO]  Completed executor task 4589
2023-06-30 18:47:22.600 worker_log:613 24677 MainThread [INFO]  All processing finished for executor task 4589
2023-06-30 18:47:52.441 worker_log:584 24677 MainThread [INFO]  Received executor task 4602
2023-06-30 18:48:21.329 worker_log:602 24677 MainThread [INFO]  Completed executor task 4602
2023-06-30 18:48:21.329 worker_log:613 24677 MainThread [INFO]  All processing finished for executor task 4602
2023-06-30 18:48:56.273 worker_log:584 24677 MainThread [INFO]  Received executor task 4613
2023-06-30 18:49:50.813 worker_log:602 24677 MainThread [INFO]  Completed executor task 4613
2023-06-30 18:49:50.814 worker_log:613 24677 MainThread [INFO]  All processing finished for executor task 4613
2023-06-30 18:49:58.749 worker_log:584 24677 MainThread [INFO]  Received executor task 4634
2023-06-30 18:50:38.861 worker_log:602 24677 MainThread [INFO]  Completed executor task 4634
2023-06-30 18:50:38.862 worker_log:613 24677 MainThread [INFO]  All processing finished for executor task 4634
2023-06-30 18:51:09.563 worker_log:584 24677 MainThread [INFO]  Received executor task 4649
2023-06-30 18:51:38.482 worker_log:602 24677 MainThread [INFO]  Completed executor task 4649
2023-06-30 18:51:38.482 worker_log:613 24677 MainThread [INFO]  All processing finished for executor task 4649
2023-06-30 18:52:27.645 worker_log:584 24677 MainThread [INFO]  Received executor task 4662
2023-06-30 18:53:23.015 worker_log:602 24677 MainThread [INFO]  Completed executor task 4662
2023-06-30 18:53:23.016 worker_log:613 24677 MainThread [INFO]  All processing finished for executor task 4662
2023-06-30 18:54:02.595 worker_log:584 24677 MainThread [INFO]  Received executor task 4683
2023-06-30 18:55:09.483 worker_log:602 24677 MainThread [INFO]  Completed executor task 4683
2023-06-30 18:55:09.484 worker_log:613 24677 MainThread [INFO]  All processing finished for executor task 4683
2023-06-30 18:55:22.889 worker_log:584 24677 MainThread [INFO]  Received executor task 4702
2023-06-30 18:55:44.081 worker_log:602 24677 MainThread [INFO]  Completed executor task 4702
2023-06-30 18:55:44.082 worker_log:613 24677 MainThread [INFO]  All processing finished for executor task 4702
2023-06-30 18:56:43.378 worker_log:584 24677 MainThread [INFO]  Received executor task 4705
2023-06-30 18:57:24.601 worker_log:602 24677 MainThread [INFO]  Completed executor task 4705
2023-06-30 18:57:24.601 worker_log:613 24677 MainThread [INFO]  All processing finished for executor task 4705
2023-06-30 18:58:30.730 worker_log:584 24677 MainThread [INFO]  Received executor task 4729
2023-06-30 18:58:49.351 worker_log:602 24677 MainThread [INFO]  Completed executor task 4729
2023-06-30 18:58:49.351 worker_log:613 24677 MainThread [INFO]  All processing finished for executor task 4729
2023-06-30 18:59:49.003 worker_log:584 24677 MainThread [INFO]  Received executor task 4739
2023-06-30 19:00:39.211 worker_log:602 24677 MainThread [INFO]  Completed executor task 4739
2023-06-30 19:00:39.212 worker_log:613 24677 MainThread [INFO]  All processing finished for executor task 4739
2023-06-30 19:01:12.083 worker_log:584 24677 MainThread [INFO]  Received executor task 4765
2023-06-30 19:01:43.091 worker_log:602 24677 MainThread [INFO]  Completed executor task 4765
2023-06-30 19:01:43.092 worker_log:613 24677 MainThread [INFO]  All processing finished for executor task 4765
2023-06-30 19:02:18.600 worker_log:584 24677 MainThread [INFO]  Received executor task 4774
2023-06-30 19:03:30.132 worker_log:602 24677 MainThread [INFO]  Completed executor task 4774
2023-06-30 19:03:30.133 worker_log:613 24677 MainThread [INFO]  All processing finished for executor task 4774
2023-06-30 19:03:37.277 worker_log:584 24677 MainThread [INFO]  Received executor task 4798
2023-06-30 19:04:30.646 worker_log:602 24677 MainThread [INFO]  Completed executor task 4798
2023-06-30 19:04:30.647 worker_log:613 24677 MainThread [INFO]  All processing finished for executor task 4798
2023-06-30 19:04:49.235 worker_log:584 24677 MainThread [INFO]  Received executor task 4811
2023-06-30 19:05:33.046 worker_log:602 24677 MainThread [INFO]  Completed executor task 4811
2023-06-30 19:05:33.046 worker_log:613 24677 MainThread [INFO]  All processing finished for executor task 4811
2023-06-30 19:06:08.133 worker_log:584 24677 MainThread [INFO]  Received executor task 4824
2023-06-30 19:06:45.044 worker_log:602 24677 MainThread [INFO]  Completed executor task 4824
2023-06-30 19:06:45.045 worker_log:613 24677 MainThread [INFO]  All processing finished for executor task 4824
2023-06-30 19:07:10.932 worker_log:584 24677 MainThread [INFO]  Received executor task 4839
2023-06-30 19:07:34.076 worker_log:602 24677 MainThread [INFO]  Completed executor task 4839
2023-06-30 19:07:34.077 worker_log:613 24677 MainThread [INFO]  All processing finished for executor task 4839
2023-06-30 19:08:15.876 worker_log:584 24677 MainThread [INFO]  Received executor task 4850
2023-06-30 19:09:33.590 worker_log:602 24677 MainThread [INFO]  Completed executor task 4850
2023-06-30 19:09:33.591 worker_log:613 24677 MainThread [INFO]  All processing finished for executor task 4850
2023-06-30 19:09:34.490 worker_log:584 24677 MainThread [INFO]  Received executor task 4880
2023-06-30 19:10:02.979 worker_log:602 24677 MainThread [INFO]  Completed executor task 4880
2023-06-30 19:10:02.980 worker_log:613 24677 MainThread [INFO]  All processing finished for executor task 4880
2023-06-30 19:11:02.693 worker_log:584 24677 MainThread [INFO]  Received executor task 4886
2023-06-30 19:12:17.169 worker_log:602 24677 MainThread [INFO]  Completed executor task 4886
2023-06-30 19:12:17.169 worker_log:613 24677 MainThread [INFO]  All processing finished for executor task 4886
2023-06-30 19:13:06.855 worker_log:584 24677 MainThread [INFO]  Received executor task 4911
2023-06-30 19:14:10.797 worker_log:602 24677 MainThread [INFO]  Completed executor task 4911
2023-06-30 19:14:10.798 worker_log:613 24677 MainThread [INFO]  All processing finished for executor task 4911
2023-06-30 19:14:20.461 worker_log:584 24677 MainThread [INFO]  Received executor task 4926
2023-06-30 19:14:29.453 worker_log:602 24677 MainThread [INFO]  Completed executor task 4926
2023-06-30 19:14:29.453 worker_log:613 24677 MainThread [INFO]  All processing finished for executor task 4926
2023-06-30 19:15:28.853 worker_log:584 24677 MainThread [INFO]  Received executor task 4929
2023-06-30 19:16:00.897 worker_log:602 24677 MainThread [INFO]  Completed executor task 4929
2023-06-30 19:16:00.897 worker_log:613 24677 MainThread [INFO]  All processing finished for executor task 4929
2023-06-30 19:18:39.712 worker_log:584 24677 MainThread [INFO]  Received executor task 4951
2023-06-30 19:18:50.968 worker_log:602 24677 MainThread [INFO]  Completed executor task 4951
2023-06-30 19:18:50.968 worker_log:613 24677 MainThread [INFO]  All processing finished for executor task 4951
2023-06-30 19:19:42.417 worker_log:584 24677 MainThread [INFO]  Received executor task 4961
2023-06-30 19:20:01.986 worker_log:602 24677 MainThread [INFO]  Completed executor task 4961
2023-06-30 19:20:01.987 worker_log:613 24677 MainThread [INFO]  All processing finished for executor task 4961
2023-06-30 19:20:56.894 worker_log:584 24677 MainThread [INFO]  Received executor task 4978
2023-06-30 19:21:39.749 worker_log:602 24677 MainThread [INFO]  Completed executor task 4978
2023-06-30 19:21:39.749 worker_log:613 24677 MainThread [INFO]  All processing finished for executor task 4978
2023-06-30 19:22:02.777 worker_log:584 24677 MainThread [INFO]  Received executor task 5001
2023-06-30 19:23:03.275 worker_log:602 24677 MainThread [INFO]  Completed executor task 5001
2023-06-30 19:23:03.275 worker_log:613 24677 MainThread [INFO]  All processing finished for executor task 5001
2023-06-30 19:23:04.425 worker_log:584 24677 MainThread [INFO]  Received executor task 5024
2023-06-30 19:24:18.823 worker_log:602 24677 MainThread [INFO]  Completed executor task 5024
2023-06-30 19:24:18.824 worker_log:613 24677 MainThread [INFO]  All processing finished for executor task 5024
2023-06-30 19:24:49.209 worker_log:584 24677 MainThread [INFO]  Received executor task 5039
2023-06-30 19:25:03.222 worker_log:602 24677 MainThread [INFO]  Completed executor task 5039
2023-06-30 19:25:03.222 worker_log:613 24677 MainThread [INFO]  All processing finished for executor task 5039
2023-06-30 19:25:38.092 worker_log:584 24677 MainThread [INFO]  Received executor task 5041
2023-06-30 19:26:37.571 worker_log:602 24677 MainThread [INFO]  Completed executor task 5041
2023-06-30 19:26:37.572 worker_log:613 24677 MainThread [INFO]  All processing finished for executor task 5041
2023-06-30 19:27:02.665 worker_log:584 24677 MainThread [INFO]  Received executor task 5071
2023-06-30 19:27:48.666 worker_log:602 24677 MainThread [INFO]  Completed executor task 5071
2023-06-30 19:27:48.667 worker_log:613 24677 MainThread [INFO]  All processing finished for executor task 5071
2023-06-30 19:28:00.157 worker_log:584 24677 MainThread [INFO]  Received executor task 5087
2023-06-30 19:28:28.852 worker_log:602 24677 MainThread [INFO]  Completed executor task 5087
2023-06-30 19:28:28.852 worker_log:613 24677 MainThread [INFO]  All processing finished for executor task 5087
2023-06-30 19:29:25.433 worker_log:584 24677 MainThread [INFO]  Received executor task 5093
2023-06-30 19:29:42.376 worker_log:602 24677 MainThread [INFO]  Completed executor task 5093
2023-06-30 19:29:42.377 worker_log:613 24677 MainThread [INFO]  All processing finished for executor task 5093
2023-06-30 19:31:05.399 worker_log:584 24677 MainThread [INFO]  Received executor task 5106
2023-06-30 19:31:38.605 worker_log:602 24677 MainThread [INFO]  Completed executor task 5106
2023-06-30 19:31:38.606 worker_log:613 24677 MainThread [INFO]  All processing finished for executor task 5106
2023-06-30 19:32:58.232 worker_log:584 24677 MainThread [INFO]  Received executor task 5126
2023-06-30 19:33:24.229 worker_log:602 24677 MainThread [INFO]  Completed executor task 5126
2023-06-30 19:33:24.229 worker_log:613 24677 MainThread [INFO]  All processing finished for executor task 5126
2023-06-30 19:34:17.508 worker_log:584 24677 MainThread [INFO]  Received executor task 5140
2023-06-30 19:34:29.405 worker_log:602 24677 MainThread [INFO]  Completed executor task 5140
2023-06-30 19:34:29.406 worker_log:613 24677 MainThread [INFO]  All processing finished for executor task 5140
2023-06-30 19:35:42.423 worker_log:584 24677 MainThread [INFO]  Received executor task 5153
2023-06-30 19:36:17.717 worker_log:602 24677 MainThread [INFO]  Completed executor task 5153
2023-06-30 19:36:17.718 worker_log:613 24677 MainThread [INFO]  All processing finished for executor task 5153
2023-06-30 19:37:15.256 worker_log:584 24677 MainThread [INFO]  Received executor task 5174
2023-06-30 19:38:01.197 worker_log:602 24677 MainThread [INFO]  Completed executor task 5174
2023-06-30 19:38:01.198 worker_log:613 24677 MainThread [INFO]  All processing finished for executor task 5174
2023-06-30 19:38:46.737 worker_log:584 24677 MainThread [INFO]  Received executor task 5193
2023-06-30 19:39:35.762 worker_log:602 24677 MainThread [INFO]  Completed executor task 5193
2023-06-30 19:39:35.762 worker_log:613 24677 MainThread [INFO]  All processing finished for executor task 5193
2023-06-30 19:39:58.130 worker_log:584 24677 MainThread [INFO]  Received executor task 5213
2023-06-30 19:40:21.736 worker_log:602 24677 MainThread [INFO]  Completed executor task 5213
2023-06-30 19:40:21.737 worker_log:613 24677 MainThread [INFO]  All processing finished for executor task 5213
2023-06-30 19:41:15.752 worker_log:584 24677 MainThread [INFO]  Received executor task 5218
2023-06-30 19:42:08.072 worker_log:602 24677 MainThread [INFO]  Completed executor task 5218
2023-06-30 19:42:08.072 worker_log:613 24677 MainThread [INFO]  All processing finished for executor task 5218
2023-06-30 19:42:36.660 worker_log:584 24677 MainThread [INFO]  Received executor task 5242
2023-06-30 19:43:09.062 worker_log:602 24677 MainThread [INFO]  Completed executor task 5242
2023-06-30 19:43:09.063 worker_log:613 24677 MainThread [INFO]  All processing finished for executor task 5242
2023-06-30 19:44:15.820 worker_log:584 24677 MainThread [INFO]  Received executor task 5256
2023-06-30 19:45:10.051 worker_log:602 24677 MainThread [INFO]  Completed executor task 5256
2023-06-30 19:45:10.052 worker_log:613 24677 MainThread [INFO]  All processing finished for executor task 5256
2023-06-30 19:45:30.379 worker_log:584 24677 MainThread [INFO]  Received executor task 5277
2023-06-30 19:46:12.620 worker_log:602 24677 MainThread [INFO]  Completed executor task 5277
2023-06-30 19:46:12.620 worker_log:613 24677 MainThread [INFO]  All processing finished for executor task 5277
2023-06-30 19:46:41.527 worker_log:584 24677 MainThread [INFO]  Received executor task 5291
2023-06-30 19:47:25.514 worker_log:602 24677 MainThread [INFO]  Completed executor task 5291
2023-06-30 19:47:25.515 worker_log:613 24677 MainThread [INFO]  All processing finished for executor task 5291
2023-06-30 19:47:43.942 worker_log:584 24677 MainThread [INFO]  Received executor task 5311
2023-06-30 19:48:40.681 worker_log:602 24677 MainThread [INFO]  Completed executor task 5311
2023-06-30 19:48:40.681 worker_log:613 24677 MainThread [INFO]  All processing finished for executor task 5311
2023-06-30 19:48:53.424 worker_log:584 24677 MainThread [INFO]  Received executor task 5326
2023-06-30 19:49:09.935 worker_log:602 24677 MainThread [INFO]  Completed executor task 5326
2023-06-30 19:49:09.936 worker_log:613 24677 MainThread [INFO]  All processing finished for executor task 5326
2023-06-30 19:49:59.711 worker_log:584 24677 MainThread [INFO]  Received executor task 5331
2023-06-30 19:52:18.549 worker_log:602 24677 MainThread [INFO]  Completed executor task 5331
2023-06-30 19:52:18.549 worker_log:613 24677 MainThread [INFO]  All processing finished for executor task 5331
2023-06-30 19:52:19.705 worker_log:584 24677 MainThread [INFO]  Received executor task 5360
2023-06-30 19:53:48.744 worker_log:602 24677 MainThread [INFO]  Completed executor task 5360
2023-06-30 19:53:48.745 worker_log:613 24677 MainThread [INFO]  All processing finished for executor task 5360
2023-06-30 19:53:52.465 worker_log:584 24677 MainThread [INFO]  Received executor task 5375
2023-06-30 19:54:44.890 worker_log:602 24677 MainThread [INFO]  Completed executor task 5375
2023-06-30 19:54:44.890 worker_log:613 24677 MainThread [INFO]  All processing finished for executor task 5375
2023-06-30 19:55:10.843 worker_log:584 24677 MainThread [INFO]  Received executor task 5389
2023-06-30 19:55:51.894 worker_log:602 24677 MainThread [INFO]  Completed executor task 5389
2023-06-30 19:55:51.894 worker_log:613 24677 MainThread [INFO]  All processing finished for executor task 5389
2023-06-30 19:56:16.537 worker_log:584 24677 MainThread [INFO]  Received executor task 5403
2023-06-30 19:57:23.178 worker_log:602 24677 MainThread [INFO]  Completed executor task 5403
2023-06-30 19:57:23.178 worker_log:613 24677 MainThread [INFO]  All processing finished for executor task 5403
2023-06-30 19:57:45.417 worker_log:584 24677 MainThread [INFO]  Received executor task 5423
2023-06-30 19:58:26.633 worker_log:602 24677 MainThread [INFO]  Completed executor task 5423
2023-06-30 19:58:26.633 worker_log:613 24677 MainThread [INFO]  All processing finished for executor task 5423
2023-06-30 19:59:03.475 worker_log:584 24677 MainThread [INFO]  Received executor task 5434
2023-06-30 19:59:54.275 worker_log:602 24677 MainThread [INFO]  Completed executor task 5434
2023-06-30 19:59:54.275 worker_log:613 24677 MainThread [INFO]  All processing finished for executor task 5434
2023-06-30 20:00:04.298 worker_log:584 24677 MainThread [INFO]  Received executor task 5454
2023-06-30 20:00:43.609 worker_log:602 24677 MainThread [INFO]  Completed executor task 5454
2023-06-30 20:00:43.610 worker_log:613 24677 MainThread [INFO]  All processing finished for executor task 5454
2023-06-30 20:01:09.933 worker_log:584 24677 MainThread [INFO]  Received executor task 5467
2023-06-30 20:01:47.067 worker_log:602 24677 MainThread [INFO]  Completed executor task 5467
2023-06-30 20:01:47.068 worker_log:613 24677 MainThread [INFO]  All processing finished for executor task 5467
2023-06-30 20:02:20.439 worker_log:584 24677 MainThread [INFO]  Received executor task 5481
2023-06-30 20:02:45.335 worker_log:602 24677 MainThread [INFO]  Completed executor task 5481
2023-06-30 20:02:45.335 worker_log:613 24677 MainThread [INFO]  All processing finished for executor task 5481
2023-06-30 20:03:14.881 worker_log:584 24677 MainThread [INFO]  Received executor task 5493
2023-06-30 20:04:18.887 worker_log:602 24677 MainThread [INFO]  Completed executor task 5493
2023-06-30 20:04:18.888 worker_log:613 24677 MainThread [INFO]  All processing finished for executor task 5493
2023-06-30 20:04:19.997 worker_log:584 24677 MainThread [INFO]  Received executor task 5520
2023-06-30 20:05:30.873 worker_log:602 24677 MainThread [INFO]  Completed executor task 5520
2023-06-30 20:05:30.874 worker_log:613 24677 MainThread [INFO]  All processing finished for executor task 5520
2023-06-30 20:05:38.015 worker_log:584 24677 MainThread [INFO]  Received executor task 5535
2023-06-30 20:05:54.782 worker_log:602 24677 MainThread [INFO]  Completed executor task 5535
2023-06-30 20:05:54.783 worker_log:613 24677 MainThread [INFO]  All processing finished for executor task 5535
2023-06-30 20:06:36.826 worker_log:584 24677 MainThread [INFO]  Received executor task 5537
2023-06-30 20:07:08.124 worker_log:602 24677 MainThread [INFO]  Completed executor task 5537
2023-06-30 20:07:08.125 worker_log:613 24677 MainThread [INFO]  All processing finished for executor task 5537
2023-06-30 20:07:53.286 worker_log:584 24677 MainThread [INFO]  Received executor task 5560
2023-06-30 20:08:45.809 worker_log:602 24677 MainThread [INFO]  Completed executor task 5560
2023-06-30 20:08:45.809 worker_log:613 24677 MainThread [INFO]  All processing finished for executor task 5560
2023-06-30 20:09:18.475 worker_log:584 24677 MainThread [INFO]  Received executor task 5580
2023-06-30 20:10:04.983 worker_log:602 24677 MainThread [INFO]  Completed executor task 5580
2023-06-30 20:10:04.983 worker_log:613 24677 MainThread [INFO]  All processing finished for executor task 5580
2023-06-30 20:10:47.019 worker_log:584 24677 MainThread [INFO]  Received executor task 5594
2023-06-30 20:11:17.685 worker_log:602 24677 MainThread [INFO]  Completed executor task 5594
2023-06-30 20:11:17.685 worker_log:613 24677 MainThread [INFO]  All processing finished for executor task 5594
2023-06-30 20:12:07.514 worker_log:584 24677 MainThread [INFO]  Received executor task 5606
2023-06-30 20:13:00.176 worker_log:602 24677 MainThread [INFO]  Completed executor task 5606
2023-06-30 20:13:00.177 worker_log:613 24677 MainThread [INFO]  All processing finished for executor task 5606
2023-06-30 20:13:32.510 worker_log:584 24677 MainThread [INFO]  Received executor task 5627
2023-06-30 20:14:21.910 worker_log:602 24677 MainThread [INFO]  Completed executor task 5627
2023-06-30 20:14:21.911 worker_log:613 24677 MainThread [INFO]  All processing finished for executor task 5627
2023-06-30 20:14:48.247 worker_log:584 24677 MainThread [INFO]  Received executor task 5645
2023-06-30 20:15:29.951 worker_log:602 24677 MainThread [INFO]  Completed executor task 5645
2023-06-30 20:15:29.952 worker_log:613 24677 MainThread [INFO]  All processing finished for executor task 5645
