2023-06-30 12:25:40.274 worker_log:538 24686 MainThread [INFO]  Worker 13 started
2023-06-30 12:27:55.041 worker_log:584 24686 MainThread [INFO]  Received executor task 14
2023-06-30 12:28:16.260 worker_log:602 24686 MainThread [INFO]  Completed executor task 14
2023-06-30 12:28:16.261 worker_log:613 24686 MainThread [INFO]  All processing finished for executor task 14
2023-06-30 12:29:17.590 worker_log:584 24686 MainThread [INFO]  Received executor task 18
2023-06-30 12:29:50.659 worker_log:602 24686 MainThread [INFO]  Completed executor task 18
2023-06-30 12:29:50.660 worker_log:613 24686 MainThread [INFO]  All processing finished for executor task 18
2023-06-30 12:30:16.608 worker_log:584 24686 MainThread [INFO]  Received executor task 39
2023-06-30 12:30:44.372 worker_log:602 24686 MainThread [INFO]  Completed executor task 39
2023-06-30 12:30:44.372 worker_log:613 24686 MainThread [INFO]  All processing finished for executor task 39
2023-06-30 12:31:36.200 worker_log:584 24686 MainThread [INFO]  Received executor task 53
2023-06-30 12:32:39.466 worker_log:602 24686 MainThread [INFO]  Completed executor task 53
2023-06-30 12:32:39.466 worker_log:613 24686 MainThread [INFO]  All processing finished for executor task 53
2023-06-30 12:33:06.274 worker_log:584 24686 MainThread [INFO]  Received executor task 78
2023-06-30 12:33:30.072 worker_log:602 24686 MainThread [INFO]  Completed executor task 78
2023-06-30 12:33:30.073 worker_log:613 24686 MainThread [INFO]  All processing finished for executor task 78
2023-06-30 12:34:35.303 worker_log:584 24686 MainThread [INFO]  Received executor task 82
2023-06-30 12:35:07.532 worker_log:602 24686 MainThread [INFO]  Completed executor task 82
2023-06-30 12:35:07.532 worker_log:613 24686 MainThread [INFO]  All processing finished for executor task 82
2023-06-30 12:35:46.525 worker_log:584 24686 MainThread [INFO]  Received executor task 103
2023-06-30 12:36:25.598 worker_log:602 24686 MainThread [INFO]  Completed executor task 103
2023-06-30 12:36:25.598 worker_log:613 24686 MainThread [INFO]  All processing finished for executor task 103
2023-06-30 12:37:07.738 worker_log:584 24686 MainThread [INFO]  Received executor task 120
2023-06-30 12:37:23.774 worker_log:602 24686 MainThread [INFO]  Completed executor task 120
2023-06-30 12:37:23.775 worker_log:613 24686 MainThread [INFO]  All processing finished for executor task 120
2023-06-30 12:38:46.013 worker_log:584 24686 MainThread [INFO]  Received executor task 130
2023-06-30 12:39:09.784 worker_log:602 24686 MainThread [INFO]  Completed executor task 130
2023-06-30 12:39:09.784 worker_log:613 24686 MainThread [INFO]  All processing finished for executor task 130
2023-06-30 12:39:35.168 worker_log:584 24686 MainThread [INFO]  Received executor task 147
2023-06-30 12:40:13.716 worker_log:602 24686 MainThread [INFO]  Completed executor task 147
2023-06-30 12:40:13.717 worker_log:613 24686 MainThread [INFO]  All processing finished for executor task 147
2023-06-30 12:40:42.178 worker_log:584 24686 MainThread [INFO]  Received executor task 166
2023-06-30 12:41:19.746 worker_log:602 24686 MainThread [INFO]  Completed executor task 166
2023-06-30 12:41:19.747 worker_log:613 24686 MainThread [INFO]  All processing finished for executor task 166
2023-06-30 12:42:24.935 worker_log:584 24686 MainThread [INFO]  Received executor task 181
2023-06-30 12:43:05.512 worker_log:602 24686 MainThread [INFO]  Completed executor task 181
2023-06-30 12:43:05.513 worker_log:613 24686 MainThread [INFO]  All processing finished for executor task 181
2023-06-30 12:43:30.508 worker_log:584 24686 MainThread [INFO]  Received executor task 202
2023-06-30 12:44:16.686 worker_log:602 24686 MainThread [INFO]  Completed executor task 202
2023-06-30 12:44:16.686 worker_log:613 24686 MainThread [INFO]  All processing finished for executor task 202
2023-06-30 12:44:54.959 worker_log:584 24686 MainThread [INFO]  Received executor task 219
2023-06-30 12:45:33.157 worker_log:602 24686 MainThread [INFO]  Completed executor task 219
2023-06-30 12:45:33.157 worker_log:613 24686 MainThread [INFO]  All processing finished for executor task 219
2023-06-30 12:45:49.488 worker_log:584 24686 MainThread [INFO]  Received executor task 234
2023-06-30 12:46:45.305 worker_log:602 24686 MainThread [INFO]  Completed executor task 234
2023-06-30 12:46:45.306 worker_log:613 24686 MainThread [INFO]  All processing finished for executor task 234
2023-06-30 12:47:07.138 worker_log:584 24686 MainThread [INFO]  Received executor task 255
2023-06-30 12:48:04.137 worker_log:602 24686 MainThread [INFO]  Completed executor task 255
2023-06-30 12:48:04.138 worker_log:613 24686 MainThread [INFO]  All processing finished for executor task 255
2023-06-30 12:48:04.946 worker_log:584 24686 MainThread [INFO]  Received executor task 272
2023-06-30 12:48:29.210 worker_log:602 24686 MainThread [INFO]  Completed executor task 272
2023-06-30 12:48:29.211 worker_log:613 24686 MainThread [INFO]  All processing finished for executor task 272
2023-06-30 12:49:09.391 worker_log:584 24686 MainThread [INFO]  Received executor task 277
2023-06-30 12:49:53.462 worker_log:602 24686 MainThread [INFO]  Completed executor task 277
2023-06-30 12:49:53.462 worker_log:613 24686 MainThread [INFO]  All processing finished for executor task 277
2023-06-30 12:50:37.317 worker_log:584 24686 MainThread [INFO]  Received executor task 294
2023-06-30 12:51:03.939 worker_log:602 24686 MainThread [INFO]  Completed executor task 294
2023-06-30 12:51:03.940 worker_log:613 24686 MainThread [INFO]  All processing finished for executor task 294
2023-06-30 12:51:59.351 worker_log:584 24686 MainThread [INFO]  Received executor task 307
2023-06-30 12:53:08.870 worker_log:602 24686 MainThread [INFO]  Completed executor task 307
2023-06-30 12:53:08.871 worker_log:613 24686 MainThread [INFO]  All processing finished for executor task 307
2023-06-30 12:53:22.876 worker_log:584 24686 MainThread [INFO]  Received executor task 335
2023-06-30 12:53:52.284 worker_log:602 24686 MainThread [INFO]  Completed executor task 335
2023-06-30 12:53:52.285 worker_log:613 24686 MainThread [INFO]  All processing finished for executor task 335
2023-06-30 12:54:54.660 worker_log:584 24686 MainThread [INFO]  Received executor task 340
2023-06-30 12:55:37.968 worker_log:602 24686 MainThread [INFO]  Completed executor task 340
2023-06-30 12:55:37.969 worker_log:613 24686 MainThread [INFO]  All processing finished for executor task 340
2023-06-30 12:56:36.889 worker_log:584 24686 MainThread [INFO]  Received executor task 361
2023-06-30 12:56:46.973 worker_log:602 24686 MainThread [INFO]  Completed executor task 361
2023-06-30 12:56:46.974 worker_log:613 24686 MainThread [INFO]  All processing finished for executor task 361
2023-06-30 12:58:31.646 worker_log:584 24686 MainThread [INFO]  Received executor task 369
2023-06-30 12:58:56.893 worker_log:602 24686 MainThread [INFO]  Completed executor task 369
2023-06-30 12:58:56.894 worker_log:613 24686 MainThread [INFO]  All processing finished for executor task 369
2023-06-30 12:59:44.524 worker_log:584 24686 MainThread [INFO]  Received executor task 389
2023-06-30 13:00:26.880 worker_log:602 24686 MainThread [INFO]  Completed executor task 389
2023-06-30 13:00:26.881 worker_log:613 24686 MainThread [INFO]  All processing finished for executor task 389
2023-06-30 13:01:05.059 worker_log:584 24686 MainThread [INFO]  Received executor task 407
2023-06-30 13:01:54.545 worker_log:602 24686 MainThread [INFO]  Completed executor task 407
2023-06-30 13:01:54.546 worker_log:613 24686 MainThread [INFO]  All processing finished for executor task 407
2023-06-30 13:02:23.219 worker_log:584 24686 MainThread [INFO]  Received executor task 426
2023-06-30 13:02:54.233 worker_log:602 24686 MainThread [INFO]  Completed executor task 426
2023-06-30 13:02:54.233 worker_log:613 24686 MainThread [INFO]  All processing finished for executor task 426
2023-06-30 13:04:04.627 worker_log:584 24686 MainThread [INFO]  Received executor task 437
2023-06-30 13:04:27.473 worker_log:602 24686 MainThread [INFO]  Completed executor task 437
2023-06-30 13:04:27.474 worker_log:613 24686 MainThread [INFO]  All processing finished for executor task 437
2023-06-30 13:05:04.783 worker_log:584 24686 MainThread [INFO]  Received executor task 451
2023-06-30 13:05:47.321 worker_log:602 24686 MainThread [INFO]  Completed executor task 451
2023-06-30 13:05:47.322 worker_log:613 24686 MainThread [INFO]  All processing finished for executor task 451
2023-06-30 13:06:14.492 worker_log:584 24686 MainThread [INFO]  Received executor task 473
2023-06-30 13:06:51.703 worker_log:602 24686 MainThread [INFO]  Completed executor task 473
2023-06-30 13:06:51.703 worker_log:613 24686 MainThread [INFO]  All processing finished for executor task 473
2023-06-30 13:07:58.358 worker_log:584 24686 MainThread [INFO]  Received executor task 488
2023-06-30 13:08:18.460 worker_log:602 24686 MainThread [INFO]  Completed executor task 488
2023-06-30 13:08:18.460 worker_log:613 24686 MainThread [INFO]  All processing finished for executor task 488
2023-06-30 13:09:02.603 worker_log:584 24686 MainThread [INFO]  Received executor task 497
2023-06-30 13:10:23.214 worker_log:602 24686 MainThread [INFO]  Completed executor task 497
2023-06-30 13:10:23.214 worker_log:613 24686 MainThread [INFO]  All processing finished for executor task 497
2023-06-30 13:10:50.538 worker_log:584 24686 MainThread [INFO]  Received executor task 527
2023-06-30 13:11:22.190 worker_log:602 24686 MainThread [INFO]  Completed executor task 527
2023-06-30 13:11:22.191 worker_log:613 24686 MainThread [INFO]  All processing finished for executor task 527
2023-06-30 13:11:59.785 worker_log:584 24686 MainThread [INFO]  Received executor task 530
2023-06-30 13:13:36.695 worker_log:602 24686 MainThread [INFO]  Completed executor task 530
2023-06-30 13:13:36.696 worker_log:613 24686 MainThread [INFO]  All processing finished for executor task 530
2023-06-30 13:13:37.762 worker_log:584 24686 MainThread [INFO]  Received executor task 560
2023-06-30 13:14:23.930 worker_log:602 24686 MainThread [INFO]  Completed executor task 560
2023-06-30 13:14:23.930 worker_log:613 24686 MainThread [INFO]  All processing finished for executor task 560
2023-06-30 13:14:49.708 worker_log:584 24686 MainThread [INFO]  Received executor task 569
2023-06-30 13:15:27.646 worker_log:602 24686 MainThread [INFO]  Completed executor task 569
2023-06-30 13:15:27.646 worker_log:613 24686 MainThread [INFO]  All processing finished for executor task 569
2023-06-30 13:15:55.768 worker_log:584 24686 MainThread [INFO]  Received executor task 586
2023-06-30 13:16:19.719 worker_log:602 24686 MainThread [INFO]  Completed executor task 586
2023-06-30 13:16:19.719 worker_log:613 24686 MainThread [INFO]  All processing finished for executor task 586
2023-06-30 13:16:54.951 worker_log:584 24686 MainThread [INFO]  Received executor task 596
2023-06-30 13:17:28.487 worker_log:602 24686 MainThread [INFO]  Completed executor task 596
2023-06-30 13:17:28.488 worker_log:613 24686 MainThread [INFO]  All processing finished for executor task 596
2023-06-30 13:18:07.630 worker_log:584 24686 MainThread [INFO]  Received executor task 615
2023-06-30 13:18:40.231 worker_log:602 24686 MainThread [INFO]  Completed executor task 615
2023-06-30 13:18:40.232 worker_log:613 24686 MainThread [INFO]  All processing finished for executor task 615
2023-06-30 13:19:17.886 worker_log:584 24686 MainThread [INFO]  Received executor task 632
2023-06-30 13:19:58.488 worker_log:602 24686 MainThread [INFO]  Completed executor task 632
2023-06-30 13:19:58.488 worker_log:613 24686 MainThread [INFO]  All processing finished for executor task 632
2023-06-30 13:20:39.453 worker_log:584 24686 MainThread [INFO]  Received executor task 648
2023-06-30 13:20:54.141 worker_log:602 24686 MainThread [INFO]  Completed executor task 648
2023-06-30 13:20:54.142 worker_log:613 24686 MainThread [INFO]  All processing finished for executor task 648
2023-06-30 13:21:46.763 worker_log:584 24686 MainThread [INFO]  Received executor task 658
2023-06-30 13:22:54.082 worker_log:602 24686 MainThread [INFO]  Completed executor task 658
2023-06-30 13:22:54.083 worker_log:613 24686 MainThread [INFO]  All processing finished for executor task 658
2023-06-30 13:23:08.657 worker_log:584 24686 MainThread [INFO]  Received executor task 685
2023-06-30 13:23:32.961 worker_log:602 24686 MainThread [INFO]  Completed executor task 685
2023-06-30 13:23:32.962 worker_log:613 24686 MainThread [INFO]  All processing finished for executor task 685
2023-06-30 13:24:23.006 worker_log:584 24686 MainThread [INFO]  Received executor task 691
2023-06-30 13:24:53.808 worker_log:602 24686 MainThread [INFO]  Completed executor task 691
2023-06-30 13:24:53.809 worker_log:613 24686 MainThread [INFO]  All processing finished for executor task 691
2023-06-30 13:25:37.586 worker_log:584 24686 MainThread [INFO]  Received executor task 707
2023-06-30 13:26:00.332 worker_log:602 24686 MainThread [INFO]  Completed executor task 707
2023-06-30 13:26:00.333 worker_log:613 24686 MainThread [INFO]  All processing finished for executor task 707
2023-06-30 13:26:55.741 worker_log:584 24686 MainThread [INFO]  Received executor task 722
2023-06-30 13:27:47.637 worker_log:602 24686 MainThread [INFO]  Completed executor task 722
2023-06-30 13:27:47.638 worker_log:613 24686 MainThread [INFO]  All processing finished for executor task 722
2023-06-30 13:28:04.864 worker_log:584 24686 MainThread [INFO]  Received executor task 748
2023-06-30 13:28:34.045 worker_log:602 24686 MainThread [INFO]  Completed executor task 748
2023-06-30 13:28:34.046 worker_log:613 24686 MainThread [INFO]  All processing finished for executor task 748
2023-06-30 13:29:36.744 worker_log:584 24686 MainThread [INFO]  Received executor task 757
2023-06-30 13:30:15.949 worker_log:602 24686 MainThread [INFO]  Completed executor task 757
2023-06-30 13:30:15.950 worker_log:613 24686 MainThread [INFO]  All processing finished for executor task 757
2023-06-30 13:30:44.717 worker_log:584 24686 MainThread [INFO]  Received executor task 776
2023-06-30 13:31:08.655 worker_log:602 24686 MainThread [INFO]  Completed executor task 776
2023-06-30 13:31:08.656 worker_log:613 24686 MainThread [INFO]  All processing finished for executor task 776
2023-06-30 13:31:57.837 worker_log:584 24686 MainThread [INFO]  Received executor task 786
2023-06-30 13:32:27.540 worker_log:602 24686 MainThread [INFO]  Completed executor task 786
2023-06-30 13:32:27.541 worker_log:613 24686 MainThread [INFO]  All processing finished for executor task 786
2023-06-30 13:33:04.949 worker_log:584 24686 MainThread [INFO]  Received executor task 802
2023-06-30 13:34:12.375 worker_log:602 24686 MainThread [INFO]  Completed executor task 802
2023-06-30 13:34:12.376 worker_log:613 24686 MainThread [INFO]  All processing finished for executor task 802
2023-06-30 13:34:13.358 worker_log:584 24686 MainThread [INFO]  Received executor task 832
2023-06-30 13:34:42.051 worker_log:602 24686 MainThread [INFO]  Completed executor task 832
2023-06-30 13:34:42.052 worker_log:613 24686 MainThread [INFO]  All processing finished for executor task 832
2023-06-30 13:35:38.935 worker_log:584 24686 MainThread [INFO]  Received executor task 839
2023-06-30 13:36:28.396 worker_log:602 24686 MainThread [INFO]  Completed executor task 839
2023-06-30 13:36:28.397 worker_log:613 24686 MainThread [INFO]  All processing finished for executor task 839
2023-06-30 13:37:00.068 worker_log:584 24686 MainThread [INFO]  Received executor task 858
2023-06-30 13:38:50.870 worker_log:602 24686 MainThread [INFO]  Completed executor task 858
2023-06-30 13:38:50.870 worker_log:613 24686 MainThread [INFO]  All processing finished for executor task 858
2023-06-30 13:38:52.209 worker_log:584 24686 MainThread [INFO]  Received executor task 880
2023-06-30 13:39:20.604 worker_log:602 24686 MainThread [INFO]  Completed executor task 880
2023-06-30 13:39:20.605 worker_log:613 24686 MainThread [INFO]  All processing finished for executor task 880
2023-06-30 13:40:04.880 worker_log:584 24686 MainThread [INFO]  Received executor task 884
2023-06-30 13:40:53.993 worker_log:602 24686 MainThread [INFO]  Completed executor task 884
2023-06-30 13:40:53.994 worker_log:613 24686 MainThread [INFO]  All processing finished for executor task 884
2023-06-30 13:41:15.394 worker_log:584 24686 MainThread [INFO]  Received executor task 906
2023-06-30 13:41:59.827 worker_log:602 24686 MainThread [INFO]  Completed executor task 906
2023-06-30 13:41:59.828 worker_log:613 24686 MainThread [INFO]  All processing finished for executor task 906
2023-06-30 13:42:30.446 worker_log:584 24686 MainThread [INFO]  Received executor task 922
2023-06-30 13:43:05.733 worker_log:602 24686 MainThread [INFO]  Completed executor task 922
2023-06-30 13:43:05.733 worker_log:613 24686 MainThread [INFO]  All processing finished for executor task 922
2023-06-30 13:44:05.036 worker_log:584 24686 MainThread [INFO]  Received executor task 936
2023-06-30 13:44:27.285 worker_log:602 24686 MainThread [INFO]  Completed executor task 936
2023-06-30 13:44:27.286 worker_log:613 24686 MainThread [INFO]  All processing finished for executor task 936
2023-06-30 13:45:27.879 worker_log:584 24686 MainThread [INFO]  Received executor task 945
2023-06-30 13:46:01.727 worker_log:602 24686 MainThread [INFO]  Completed executor task 945
2023-06-30 13:46:01.728 worker_log:613 24686 MainThread [INFO]  All processing finished for executor task 945
2023-06-30 13:47:01.382 worker_log:584 24686 MainThread [INFO]  Received executor task 963
2023-06-30 13:47:56.127 worker_log:602 24686 MainThread [INFO]  Completed executor task 963
2023-06-30 13:47:56.127 worker_log:613 24686 MainThread [INFO]  All processing finished for executor task 963
2023-06-30 13:48:27.018 worker_log:584 24686 MainThread [INFO]  Received executor task 986
2023-06-30 13:48:57.716 worker_log:602 24686 MainThread [INFO]  Completed executor task 986
2023-06-30 13:48:57.717 worker_log:613 24686 MainThread [INFO]  All processing finished for executor task 986
2023-06-30 13:49:54.973 worker_log:584 24686 MainThread [INFO]  Received executor task 997
2023-06-30 13:50:55.608 worker_log:602 24686 MainThread [INFO]  Completed executor task 997
2023-06-30 13:50:55.609 worker_log:613 24686 MainThread [INFO]  All processing finished for executor task 997
2023-06-30 13:51:18.196 worker_log:584 24686 MainThread [INFO]  Received executor task 1020
2023-06-30 13:51:51.234 worker_log:602 24686 MainThread [INFO]  Completed executor task 1020
2023-06-30 13:51:51.235 worker_log:613 24686 MainThread [INFO]  All processing finished for executor task 1020
2023-06-30 13:52:33.198 worker_log:584 24686 MainThread [INFO]  Received executor task 1029
2023-06-30 13:53:16.735 worker_log:602 24686 MainThread [INFO]  Completed executor task 1029
2023-06-30 13:53:16.736 worker_log:613 24686 MainThread [INFO]  All processing finished for executor task 1029
2023-06-30 13:54:04.111 worker_log:584 24686 MainThread [INFO]  Received executor task 1048
2023-06-30 13:54:43.659 worker_log:602 24686 MainThread [INFO]  Completed executor task 1048
2023-06-30 13:54:43.660 worker_log:613 24686 MainThread [INFO]  All processing finished for executor task 1048
2023-06-30 13:55:40.149 worker_log:584 24686 MainThread [INFO]  Received executor task 1064
2023-06-30 13:56:12.257 worker_log:602 24686 MainThread [INFO]  Completed executor task 1064
2023-06-30 13:56:12.258 worker_log:613 24686 MainThread [INFO]  All processing finished for executor task 1064
2023-06-30 13:57:11.914 worker_log:584 24686 MainThread [INFO]  Received executor task 1077
2023-06-30 13:57:49.243 worker_log:602 24686 MainThread [INFO]  Completed executor task 1077
2023-06-30 13:57:49.244 worker_log:613 24686 MainThread [INFO]  All processing finished for executor task 1077
2023-06-30 13:58:54.849 worker_log:584 24686 MainThread [INFO]  Received executor task 1097
2023-06-30 14:00:03.138 worker_log:602 24686 MainThread [INFO]  Completed executor task 1097
2023-06-30 14:00:03.139 worker_log:613 24686 MainThread [INFO]  All processing finished for executor task 1097
2023-06-30 14:00:04.953 worker_log:584 24686 MainThread [INFO]  Received executor task 1120
2023-06-30 14:00:34.433 worker_log:602 24686 MainThread [INFO]  Completed executor task 1120
2023-06-30 14:00:34.433 worker_log:613 24686 MainThread [INFO]  All processing finished for executor task 1120
2023-06-30 14:01:35.501 worker_log:584 24686 MainThread [INFO]  Received executor task 1129
2023-06-30 14:02:50.103 worker_log:602 24686 MainThread [INFO]  Completed executor task 1129
2023-06-30 14:02:50.103 worker_log:613 24686 MainThread [INFO]  All processing finished for executor task 1129
2023-06-30 14:02:52.049 worker_log:584 24686 MainThread [INFO]  Received executor task 1151
2023-06-30 14:03:18.130 worker_log:602 24686 MainThread [INFO]  Completed executor task 1151
2023-06-30 14:03:18.130 worker_log:613 24686 MainThread [INFO]  All processing finished for executor task 1151
2023-06-30 14:03:59.018 worker_log:584 24686 MainThread [INFO]  Received executor task 1156
2023-06-30 14:04:42.036 worker_log:602 24686 MainThread [INFO]  Completed executor task 1156
2023-06-30 14:04:42.036 worker_log:613 24686 MainThread [INFO]  All processing finished for executor task 1156
2023-06-30 14:05:01.314 worker_log:584 24686 MainThread [INFO]  Received executor task 1177
2023-06-30 14:05:50.015 worker_log:602 24686 MainThread [INFO]  Completed executor task 1177
2023-06-30 14:05:50.016 worker_log:613 24686 MainThread [INFO]  All processing finished for executor task 1177
2023-06-30 14:06:37.146 worker_log:584 24686 MainThread [INFO]  Received executor task 1191
2023-06-30 14:07:36.712 worker_log:602 24686 MainThread [INFO]  Completed executor task 1191
2023-06-30 14:07:36.712 worker_log:613 24686 MainThread [INFO]  All processing finished for executor task 1191
2023-06-30 14:08:04.516 worker_log:584 24686 MainThread [INFO]  Received executor task 1213
2023-06-30 14:09:14.843 worker_log:602 24686 MainThread [INFO]  Completed executor task 1213
2023-06-30 14:09:14.844 worker_log:613 24686 MainThread [INFO]  All processing finished for executor task 1213
2023-06-30 14:09:15.770 worker_log:584 24686 MainThread [INFO]  Received executor task 1232
2023-06-30 14:10:32.005 worker_log:602 24686 MainThread [INFO]  Completed executor task 1232
2023-06-30 14:10:32.006 worker_log:613 24686 MainThread [INFO]  All processing finished for executor task 1232
2023-06-30 14:10:39.173 worker_log:584 24686 MainThread [INFO]  Received executor task 1246
2023-06-30 14:12:04.519 worker_log:602 24686 MainThread [INFO]  Completed executor task 1246
2023-06-30 14:12:04.519 worker_log:613 24686 MainThread [INFO]  All processing finished for executor task 1246
2023-06-30 14:12:32.954 worker_log:584 24686 MainThread [INFO]  Received executor task 1263
2023-06-30 14:13:19.371 worker_log:602 24686 MainThread [INFO]  Completed executor task 1263
2023-06-30 14:13:19.372 worker_log:613 24686 MainThread [INFO]  All processing finished for executor task 1263
2023-06-30 14:14:10.644 worker_log:584 24686 MainThread [INFO]  Received executor task 1276
2023-06-30 14:15:03.926 worker_log:602 24686 MainThread [INFO]  Completed executor task 1276
2023-06-30 14:15:03.927 worker_log:613 24686 MainThread [INFO]  All processing finished for executor task 1276
2023-06-30 14:15:26.594 worker_log:584 24686 MainThread [INFO]  Received executor task 1289
2023-06-30 14:16:18.599 worker_log:602 24686 MainThread [INFO]  Completed executor task 1289
2023-06-30 14:16:18.600 worker_log:613 24686 MainThread [INFO]  All processing finished for executor task 1289
2023-06-30 14:16:24.166 worker_log:584 24686 MainThread [INFO]  Received executor task 1311
2023-06-30 14:16:52.102 worker_log:602 24686 MainThread [INFO]  Completed executor task 1311
2023-06-30 14:16:52.103 worker_log:613 24686 MainThread [INFO]  All processing finished for executor task 1311
2023-06-30 14:17:42.731 worker_log:584 24686 MainThread [INFO]  Received executor task 1317
2023-06-30 14:18:24.468 worker_log:602 24686 MainThread [INFO]  Completed executor task 1317
2023-06-30 14:18:24.469 worker_log:613 24686 MainThread [INFO]  All processing finished for executor task 1317
2023-06-30 14:19:22.528 worker_log:584 24686 MainThread [INFO]  Received executor task 1339
2023-06-30 14:20:15.658 worker_log:602 24686 MainThread [INFO]  Completed executor task 1339
2023-06-30 14:20:15.659 worker_log:613 24686 MainThread [INFO]  All processing finished for executor task 1339
2023-06-30 14:20:33.675 worker_log:584 24686 MainThread [INFO]  Received executor task 1358
2023-06-30 14:21:50.532 worker_log:602 24686 MainThread [INFO]  Completed executor task 1358
2023-06-30 14:21:50.533 worker_log:613 24686 MainThread [INFO]  All processing finished for executor task 1358
2023-06-30 14:21:58.909 worker_log:584 24686 MainThread [INFO]  Received executor task 1375
2023-06-30 14:22:18.009 worker_log:602 24686 MainThread [INFO]  Completed executor task 1375
2023-06-30 14:22:18.009 worker_log:613 24686 MainThread [INFO]  All processing finished for executor task 1375
2023-06-30 14:23:07.796 worker_log:584 24686 MainThread [INFO]  Received executor task 1380
2023-06-30 14:23:46.904 worker_log:602 24686 MainThread [INFO]  Completed executor task 1380
2023-06-30 14:23:46.905 worker_log:613 24686 MainThread [INFO]  All processing finished for executor task 1380
2023-06-30 14:24:27.459 worker_log:584 24686 MainThread [INFO]  Received executor task 1402
2023-06-30 14:25:11.695 worker_log:602 24686 MainThread [INFO]  Completed executor task 1402
2023-06-30 14:25:11.696 worker_log:613 24686 MainThread [INFO]  All processing finished for executor task 1402
2023-06-30 14:25:36.309 worker_log:584 24686 MainThread [INFO]  Received executor task 1418
2023-06-30 14:26:15.817 worker_log:602 24686 MainThread [INFO]  Completed executor task 1418
2023-06-30 14:26:15.817 worker_log:613 24686 MainThread [INFO]  All processing finished for executor task 1418
2023-06-30 14:26:46.011 worker_log:584 24686 MainThread [INFO]  Received executor task 1434
2023-06-30 14:27:26.482 worker_log:602 24686 MainThread [INFO]  Completed executor task 1434
2023-06-30 14:27:26.482 worker_log:613 24686 MainThread [INFO]  All processing finished for executor task 1434
2023-06-30 14:27:53.426 worker_log:584 24686 MainThread [INFO]  Received executor task 1452
2023-06-30 14:28:51.211 worker_log:602 24686 MainThread [INFO]  Completed executor task 1452
2023-06-30 14:28:51.211 worker_log:613 24686 MainThread [INFO]  All processing finished for executor task 1452
2023-06-30 14:29:17.575 worker_log:584 24686 MainThread [INFO]  Received executor task 1468
2023-06-30 14:29:47.801 worker_log:602 24686 MainThread [INFO]  Completed executor task 1468
2023-06-30 14:29:47.802 worker_log:613 24686 MainThread [INFO]  All processing finished for executor task 1468
2023-06-30 14:30:24.099 worker_log:584 24686 MainThread [INFO]  Received executor task 1476
2023-06-30 14:30:58.455 worker_log:602 24686 MainThread [INFO]  Completed executor task 1476
2023-06-30 14:30:58.456 worker_log:613 24686 MainThread [INFO]  All processing finished for executor task 1476
2023-06-30 14:32:01.953 worker_log:584 24686 MainThread [INFO]  Received executor task 1497
2023-06-30 14:32:55.948 worker_log:602 24686 MainThread [INFO]  Completed executor task 1497
2023-06-30 14:32:55.949 worker_log:613 24686 MainThread [INFO]  All processing finished for executor task 1497
2023-06-30 14:33:26.582 worker_log:584 24686 MainThread [INFO]  Received executor task 1515
2023-06-30 14:34:14.795 worker_log:602 24686 MainThread [INFO]  Completed executor task 1515
2023-06-30 14:34:14.796 worker_log:613 24686 MainThread [INFO]  All processing finished for executor task 1515
2023-06-30 14:34:43.095 worker_log:584 24686 MainThread [INFO]  Received executor task 1531
2023-06-30 14:35:25.149 worker_log:602 24686 MainThread [INFO]  Completed executor task 1531
2023-06-30 14:35:25.150 worker_log:613 24686 MainThread [INFO]  All processing finished for executor task 1531
2023-06-30 14:35:37.560 worker_log:584 24686 MainThread [INFO]  Received executor task 1550
2023-06-30 14:36:22.605 worker_log:602 24686 MainThread [INFO]  Completed executor task 1550
2023-06-30 14:36:22.606 worker_log:613 24686 MainThread [INFO]  All processing finished for executor task 1550
2023-06-30 14:37:00.620 worker_log:584 24686 MainThread [INFO]  Received executor task 1560
2023-06-30 14:37:39.421 worker_log:602 24686 MainThread [INFO]  Completed executor task 1560
2023-06-30 14:37:39.422 worker_log:613 24686 MainThread [INFO]  All processing finished for executor task 1560
2023-06-30 14:38:08.569 worker_log:584 24686 MainThread [INFO]  Received executor task 1576
2023-06-30 14:38:40.635 worker_log:602 24686 MainThread [INFO]  Completed executor task 1576
2023-06-30 14:38:40.635 worker_log:613 24686 MainThread [INFO]  All processing finished for executor task 1576
2023-06-30 14:39:05.383 worker_log:584 24686 MainThread [INFO]  Received executor task 1595
2023-06-30 14:39:44.056 worker_log:602 24686 MainThread [INFO]  Completed executor task 1595
2023-06-30 14:39:44.057 worker_log:613 24686 MainThread [INFO]  All processing finished for executor task 1595
2023-06-30 14:39:49.381 worker_log:584 24686 MainThread [INFO]  Received executor task 1613
2023-06-30 14:40:32.876 worker_log:602 24686 MainThread [INFO]  Completed executor task 1613
2023-06-30 14:40:32.877 worker_log:613 24686 MainThread [INFO]  All processing finished for executor task 1613
2023-06-30 14:41:31.528 worker_log:584 24686 MainThread [INFO]  Received executor task 1626
2023-06-30 14:41:54.546 worker_log:602 24686 MainThread [INFO]  Completed executor task 1626
2023-06-30 14:41:54.547 worker_log:613 24686 MainThread [INFO]  All processing finished for executor task 1626
2023-06-30 14:43:00.239 worker_log:584 24686 MainThread [INFO]  Received executor task 1635
2023-06-30 14:43:29.456 worker_log:602 24686 MainThread [INFO]  Completed executor task 1635
2023-06-30 14:43:29.457 worker_log:613 24686 MainThread [INFO]  All processing finished for executor task 1635
2023-06-30 14:44:05.208 worker_log:584 24686 MainThread [INFO]  Received executor task 1653
2023-06-30 14:44:44.334 worker_log:602 24686 MainThread [INFO]  Completed executor task 1653
2023-06-30 14:44:44.335 worker_log:613 24686 MainThread [INFO]  All processing finished for executor task 1653
2023-06-30 14:45:16.672 worker_log:584 24686 MainThread [INFO]  Received executor task 1675
2023-06-30 14:45:46.168 worker_log:602 24686 MainThread [INFO]  Completed executor task 1675
2023-06-30 14:45:46.169 worker_log:613 24686 MainThread [INFO]  All processing finished for executor task 1675
2023-06-30 14:46:33.215 worker_log:584 24686 MainThread [INFO]  Received executor task 1684
2023-06-30 14:47:01.551 worker_log:602 24686 MainThread [INFO]  Completed executor task 1684
2023-06-30 14:47:01.552 worker_log:613 24686 MainThread [INFO]  All processing finished for executor task 1684
2023-06-30 14:48:18.598 worker_log:584 24686 MainThread [INFO]  Received executor task 1703
2023-06-30 14:49:08.752 worker_log:602 24686 MainThread [INFO]  Completed executor task 1703
2023-06-30 14:49:08.753 worker_log:613 24686 MainThread [INFO]  All processing finished for executor task 1703
2023-06-30 14:49:21.834 worker_log:584 24686 MainThread [INFO]  Received executor task 1722
2023-06-30 14:50:04.755 worker_log:602 24686 MainThread [INFO]  Completed executor task 1722
2023-06-30 14:50:04.755 worker_log:613 24686 MainThread [INFO]  All processing finished for executor task 1722
2023-06-30 14:50:26.857 worker_log:584 24686 MainThread [INFO]  Received executor task 1739
2023-06-30 14:51:28.082 worker_log:602 24686 MainThread [INFO]  Completed executor task 1739
2023-06-30 14:51:28.082 worker_log:613 24686 MainThread [INFO]  All processing finished for executor task 1739
2023-06-30 14:51:58.084 worker_log:584 24686 MainThread [INFO]  Received executor task 1757
2023-06-30 14:52:35.653 worker_log:602 24686 MainThread [INFO]  Completed executor task 1757
2023-06-30 14:52:35.654 worker_log:613 24686 MainThread [INFO]  All processing finished for executor task 1757
2023-06-30 14:53:04.981 worker_log:584 24686 MainThread [INFO]  Received executor task 1770
2023-06-30 14:53:31.500 worker_log:602 24686 MainThread [INFO]  Completed executor task 1770
2023-06-30 14:53:31.501 worker_log:613 24686 MainThread [INFO]  All processing finished for executor task 1770
2023-06-30 14:54:20.667 worker_log:584 24686 MainThread [INFO]  Received executor task 1779
2023-06-30 14:55:01.696 worker_log:602 24686 MainThread [INFO]  Completed executor task 1779
2023-06-30 14:55:01.697 worker_log:613 24686 MainThread [INFO]  All processing finished for executor task 1779
2023-06-30 14:55:35.590 worker_log:584 24686 MainThread [INFO]  Received executor task 1799
2023-06-30 14:56:49.546 worker_log:602 24686 MainThread [INFO]  Completed executor task 1799
2023-06-30 14:56:49.547 worker_log:613 24686 MainThread [INFO]  All processing finished for executor task 1799
2023-06-30 14:56:50.959 worker_log:584 24686 MainThread [INFO]  Received executor task 1824
2023-06-30 14:57:28.570 worker_log:602 24686 MainThread [INFO]  Completed executor task 1824
2023-06-30 14:57:28.571 worker_log:613 24686 MainThread [INFO]  All processing finished for executor task 1824
2023-06-30 14:58:16.695 worker_log:584 24686 MainThread [INFO]  Received executor task 1830
2023-06-30 14:58:59.898 worker_log:602 24686 MainThread [INFO]  Completed executor task 1830
2023-06-30 14:58:59.899 worker_log:613 24686 MainThread [INFO]  All processing finished for executor task 1830
2023-06-30 14:59:26.254 worker_log:584 24686 MainThread [INFO]  Received executor task 1850
2023-06-30 14:59:46.723 worker_log:602 24686 MainThread [INFO]  Completed executor task 1850
2023-06-30 14:59:46.724 worker_log:613 24686 MainThread [INFO]  All processing finished for executor task 1850
2023-06-30 15:00:38.332 worker_log:584 24686 MainThread [INFO]  Received executor task 1858
2023-06-30 15:01:18.006 worker_log:602 24686 MainThread [INFO]  Completed executor task 1858
2023-06-30 15:01:18.006 worker_log:613 24686 MainThread [INFO]  All processing finished for executor task 1858
2023-06-30 15:01:53.609 worker_log:584 24686 MainThread [INFO]  Received executor task 1879
2023-06-30 15:03:08.401 worker_log:602 24686 MainThread [INFO]  Completed executor task 1879
2023-06-30 15:03:08.402 worker_log:613 24686 MainThread [INFO]  All processing finished for executor task 1879
2023-06-30 15:03:38.032 worker_log:584 24686 MainThread [INFO]  Received executor task 1903
2023-06-30 15:04:40.880 worker_log:602 24686 MainThread [INFO]  Completed executor task 1903
2023-06-30 15:04:40.880 worker_log:613 24686 MainThread [INFO]  All processing finished for executor task 1903
2023-06-30 15:05:14.505 worker_log:584 24686 MainThread [INFO]  Received executor task 1919
2023-06-30 15:05:40.030 worker_log:602 24686 MainThread [INFO]  Completed executor task 1919
2023-06-30 15:05:40.031 worker_log:613 24686 MainThread [INFO]  All processing finished for executor task 1919
2023-06-30 15:06:29.337 worker_log:584 24686 MainThread [INFO]  Received executor task 1924
2023-06-30 15:07:25.581 worker_log:602 24686 MainThread [INFO]  Completed executor task 1924
2023-06-30 15:07:25.582 worker_log:613 24686 MainThread [INFO]  All processing finished for executor task 1924
2023-06-30 15:07:51.075 worker_log:584 24686 MainThread [INFO]  Received executor task 1946
2023-06-30 15:08:53.267 worker_log:602 24686 MainThread [INFO]  Completed executor task 1946
2023-06-30 15:08:53.268 worker_log:613 24686 MainThread [INFO]  All processing finished for executor task 1946
2023-06-30 15:08:54.184 worker_log:584 24686 MainThread [INFO]  Received executor task 1968
2023-06-30 15:09:06.437 worker_log:602 24686 MainThread [INFO]  Completed executor task 1968
2023-06-30 15:09:06.438 worker_log:613 24686 MainThread [INFO]  All processing finished for executor task 1968
2023-06-30 15:10:23.616 worker_log:584 24686 MainThread [INFO]  Received executor task 1969
2023-06-30 15:10:57.665 worker_log:602 24686 MainThread [INFO]  Completed executor task 1969
2023-06-30 15:10:57.665 worker_log:613 24686 MainThread [INFO]  All processing finished for executor task 1969
2023-06-30 15:11:27.326 worker_log:584 24686 MainThread [INFO]  Received executor task 1991
2023-06-30 15:12:03.600 worker_log:602 24686 MainThread [INFO]  Completed executor task 1991
2023-06-30 15:12:03.601 worker_log:613 24686 MainThread [INFO]  All processing finished for executor task 1991
2023-06-30 15:12:44.645 worker_log:584 24686 MainThread [INFO]  Received executor task 2008
2023-06-30 15:13:14.841 worker_log:602 24686 MainThread [INFO]  Completed executor task 2008
2023-06-30 15:13:14.842 worker_log:613 24686 MainThread [INFO]  All processing finished for executor task 2008
2023-06-30 15:14:03.454 worker_log:584 24686 MainThread [INFO]  Received executor task 2020
2023-06-30 15:15:21.739 worker_log:602 24686 MainThread [INFO]  Completed executor task 2020
2023-06-30 15:15:21.739 worker_log:613 24686 MainThread [INFO]  All processing finished for executor task 2020
2023-06-30 15:15:22.950 worker_log:584 24686 MainThread [INFO]  Received executor task 2048
2023-06-30 15:16:15.239 worker_log:602 24686 MainThread [INFO]  Completed executor task 2048
2023-06-30 15:16:15.240 worker_log:613 24686 MainThread [INFO]  All processing finished for executor task 2048
2023-06-30 15:16:21.391 worker_log:584 24686 MainThread [INFO]  Received executor task 2063
2023-06-30 15:17:34.234 worker_log:602 24686 MainThread [INFO]  Completed executor task 2063
2023-06-30 15:17:34.235 worker_log:613 24686 MainThread [INFO]  All processing finished for executor task 2063
2023-06-30 15:17:35.467 worker_log:584 24686 MainThread [INFO]  Received executor task 2080
2023-06-30 15:17:48.599 worker_log:602 24686 MainThread [INFO]  Completed executor task 2080
2023-06-30 15:17:48.600 worker_log:613 24686 MainThread [INFO]  All processing finished for executor task 2080
2023-06-30 15:18:50.720 worker_log:584 24686 MainThread [INFO]  Received executor task 2081
2023-06-30 15:19:14.056 worker_log:602 24686 MainThread [INFO]  Completed executor task 2081
2023-06-30 15:19:14.056 worker_log:613 24686 MainThread [INFO]  All processing finished for executor task 2081
2023-06-30 15:20:07.074 worker_log:584 24686 MainThread [INFO]  Received executor task 2098
2023-06-30 15:20:48.097 worker_log:602 24686 MainThread [INFO]  Completed executor task 2098
2023-06-30 15:20:48.098 worker_log:613 24686 MainThread [INFO]  All processing finished for executor task 2098
2023-06-30 15:21:34.587 worker_log:584 24686 MainThread [INFO]  Received executor task 2122
2023-06-30 15:22:06.706 worker_log:602 24686 MainThread [INFO]  Completed executor task 2122
2023-06-30 15:22:06.706 worker_log:613 24686 MainThread [INFO]  All processing finished for executor task 2122
2023-06-30 15:22:37.587 worker_log:584 24686 MainThread [INFO]  Received executor task 2136
2023-06-30 15:23:19.857 worker_log:602 24686 MainThread [INFO]  Completed executor task 2136
2023-06-30 15:23:19.857 worker_log:613 24686 MainThread [INFO]  All processing finished for executor task 2136
2023-06-30 15:23:46.107 worker_log:584 24686 MainThread [INFO]  Received executor task 2153
2023-06-30 15:24:37.532 worker_log:602 24686 MainThread [INFO]  Completed executor task 2153
2023-06-30 15:24:37.533 worker_log:613 24686 MainThread [INFO]  All processing finished for executor task 2153
2023-06-30 15:25:13.563 worker_log:584 24686 MainThread [INFO]  Received executor task 2173
2023-06-30 15:26:21.167 worker_log:602 24686 MainThread [INFO]  Completed executor task 2173
2023-06-30 15:26:21.168 worker_log:613 24686 MainThread [INFO]  All processing finished for executor task 2173
2023-06-30 15:26:56.888 worker_log:584 24686 MainThread [INFO]  Received executor task 2190
2023-06-30 15:27:23.625 worker_log:602 24686 MainThread [INFO]  Completed executor task 2190
2023-06-30 15:27:23.625 worker_log:613 24686 MainThread [INFO]  All processing finished for executor task 2190
2023-06-30 15:28:32.812 worker_log:584 24686 MainThread [INFO]  Received executor task 2194
2023-06-30 15:29:04.501 worker_log:602 24686 MainThread [INFO]  Completed executor task 2194
2023-06-30 15:29:04.501 worker_log:613 24686 MainThread [INFO]  All processing finished for executor task 2194
2023-06-30 15:30:00.944 worker_log:584 24686 MainThread [INFO]  Received executor task 2213
2023-06-30 15:31:05.807 worker_log:602 24686 MainThread [INFO]  Completed executor task 2213
2023-06-30 15:31:05.807 worker_log:613 24686 MainThread [INFO]  All processing finished for executor task 2213
2023-06-30 15:31:31.501 worker_log:584 24686 MainThread [INFO]  Received executor task 2236
2023-06-30 15:32:35.844 worker_log:602 24686 MainThread [INFO]  Completed executor task 2236
2023-06-30 15:32:35.845 worker_log:613 24686 MainThread [INFO]  All processing finished for executor task 2236
2023-06-30 15:32:36.966 worker_log:584 24686 MainThread [INFO]  Received executor task 2256
2023-06-30 15:33:21.735 worker_log:602 24686 MainThread [INFO]  Completed executor task 2256
2023-06-30 15:33:21.735 worker_log:613 24686 MainThread [INFO]  All processing finished for executor task 2256
2023-06-30 15:33:33.755 worker_log:584 24686 MainThread [INFO]  Received executor task 2270
2023-06-30 15:34:23.615 worker_log:602 24686 MainThread [INFO]  Completed executor task 2270
2023-06-30 15:34:23.616 worker_log:613 24686 MainThread [INFO]  All processing finished for executor task 2270
2023-06-30 15:34:59.204 worker_log:584 24686 MainThread [INFO]  Received executor task 2281
2023-06-30 15:35:16.633 worker_log:602 24686 MainThread [INFO]  Completed executor task 2281
2023-06-30 15:35:16.633 worker_log:613 24686 MainThread [INFO]  All processing finished for executor task 2281
2023-06-30 15:37:25.411 worker_log:584 24686 MainThread [INFO]  Received executor task 2289
2023-06-30 15:38:04.063 worker_log:602 24686 MainThread [INFO]  Completed executor task 2289
2023-06-30 15:38:04.064 worker_log:613 24686 MainThread [INFO]  All processing finished for executor task 2289
2023-06-30 15:38:45.908 worker_log:584 24686 MainThread [INFO]  Received executor task 2314
2023-06-30 15:39:53.792 worker_log:602 24686 MainThread [INFO]  Completed executor task 2314
2023-06-30 15:39:53.793 worker_log:613 24686 MainThread [INFO]  All processing finished for executor task 2314
2023-06-30 15:39:57.756 worker_log:584 24686 MainThread [INFO]  Received executor task 2334
2023-06-30 15:40:40.003 worker_log:602 24686 MainThread [INFO]  Completed executor task 2334
2023-06-30 15:40:40.003 worker_log:613 24686 MainThread [INFO]  All processing finished for executor task 2334
2023-06-30 15:41:19.468 worker_log:584 24686 MainThread [INFO]  Received executor task 2344
2023-06-30 15:42:14.644 worker_log:602 24686 MainThread [INFO]  Completed executor task 2344
2023-06-30 15:42:14.645 worker_log:613 24686 MainThread [INFO]  All processing finished for executor task 2344
2023-06-30 15:42:30.293 worker_log:584 24686 MainThread [INFO]  Received executor task 2366
2023-06-30 15:43:31.903 worker_log:602 24686 MainThread [INFO]  Completed executor task 2366
2023-06-30 15:43:31.903 worker_log:613 24686 MainThread [INFO]  All processing finished for executor task 2366
2023-06-30 15:43:34.559 worker_log:584 24686 MainThread [INFO]  Received executor task 2382
2023-06-30 15:44:11.664 worker_log:602 24686 MainThread [INFO]  Completed executor task 2382
2023-06-30 15:44:11.665 worker_log:613 24686 MainThread [INFO]  All processing finished for executor task 2382
2023-06-30 15:45:08.953 worker_log:584 24686 MainThread [INFO]  Received executor task 2391
2023-06-30 15:45:52.356 worker_log:602 24686 MainThread [INFO]  Completed executor task 2391
2023-06-30 15:45:52.357 worker_log:613 24686 MainThread [INFO]  All processing finished for executor task 2391
2023-06-30 15:46:22.765 worker_log:584 24686 MainThread [INFO]  Received executor task 2409
2023-06-30 15:47:00.718 worker_log:602 24686 MainThread [INFO]  Completed executor task 2409
2023-06-30 15:47:00.719 worker_log:613 24686 MainThread [INFO]  All processing finished for executor task 2409
2023-06-30 15:47:36.150 worker_log:584 24686 MainThread [INFO]  Received executor task 2422
2023-06-30 15:48:19.581 worker_log:602 24686 MainThread [INFO]  Completed executor task 2422
2023-06-30 15:48:19.581 worker_log:613 24686 MainThread [INFO]  All processing finished for executor task 2422
2023-06-30 15:48:37.867 worker_log:584 24686 MainThread [INFO]  Received executor task 2442
2023-06-30 15:49:31.994 worker_log:602 24686 MainThread [INFO]  Completed executor task 2442
2023-06-30 15:49:31.994 worker_log:613 24686 MainThread [INFO]  All processing finished for executor task 2442
2023-06-30 15:50:02.424 worker_log:584 24686 MainThread [INFO]  Received executor task 2458
2023-06-30 15:50:29.818 worker_log:602 24686 MainThread [INFO]  Completed executor task 2458
2023-06-30 15:50:29.818 worker_log:613 24686 MainThread [INFO]  All processing finished for executor task 2458
2023-06-30 15:51:11.187 worker_log:584 24686 MainThread [INFO]  Received executor task 2467
2023-06-30 15:51:49.839 worker_log:602 24686 MainThread [INFO]  Completed executor task 2467
2023-06-30 15:51:49.839 worker_log:613 24686 MainThread [INFO]  All processing finished for executor task 2467
2023-06-30 15:52:26.709 worker_log:584 24686 MainThread [INFO]  Received executor task 2485
2023-06-30 15:53:08.221 worker_log:602 24686 MainThread [INFO]  Completed executor task 2485
2023-06-30 15:53:08.221 worker_log:613 24686 MainThread [INFO]  All processing finished for executor task 2485
2023-06-30 15:53:56.956 worker_log:584 24686 MainThread [INFO]  Received executor task 2503
2023-06-30 15:55:13.320 worker_log:602 24686 MainThread [INFO]  Completed executor task 2503
2023-06-30 15:55:13.321 worker_log:613 24686 MainThread [INFO]  All processing finished for executor task 2503
2023-06-30 15:55:46.625 worker_log:584 24686 MainThread [INFO]  Received executor task 2527
2023-06-30 15:56:20.915 worker_log:602 24686 MainThread [INFO]  Completed executor task 2527
2023-06-30 15:56:20.915 worker_log:613 24686 MainThread [INFO]  All processing finished for executor task 2527
2023-06-30 15:56:40.374 worker_log:584 24686 MainThread [INFO]  Received executor task 2538
2023-06-30 15:57:20.152 worker_log:602 24686 MainThread [INFO]  Completed executor task 2538
2023-06-30 15:57:20.152 worker_log:613 24686 MainThread [INFO]  All processing finished for executor task 2538
2023-06-30 15:58:08.195 worker_log:584 24686 MainThread [INFO]  Received executor task 2553
2023-06-30 15:58:54.781 worker_log:602 24686 MainThread [INFO]  Completed executor task 2553
2023-06-30 15:58:54.782 worker_log:613 24686 MainThread [INFO]  All processing finished for executor task 2553
2023-06-30 15:59:11.189 worker_log:584 24686 MainThread [INFO]  Received executor task 2571
2023-06-30 15:59:59.485 worker_log:602 24686 MainThread [INFO]  Completed executor task 2571
2023-06-30 15:59:59.486 worker_log:613 24686 MainThread [INFO]  All processing finished for executor task 2571
2023-06-30 16:00:01.157 worker_log:584 24686 MainThread [INFO]  Received executor task 2592
2023-06-30 16:00:48.962 worker_log:602 24686 MainThread [INFO]  Completed executor task 2592
2023-06-30 16:00:48.963 worker_log:613 24686 MainThread [INFO]  All processing finished for executor task 2592
2023-06-30 16:01:30.077 worker_log:584 24686 MainThread [INFO]  Received executor task 2604
2023-06-30 16:01:57.862 worker_log:602 24686 MainThread [INFO]  Completed executor task 2604
2023-06-30 16:01:57.863 worker_log:613 24686 MainThread [INFO]  All processing finished for executor task 2604
2023-06-30 16:02:26.471 worker_log:584 24686 MainThread [INFO]  Received executor task 2612
2023-06-30 16:03:48.472 worker_log:602 24686 MainThread [INFO]  Completed executor task 2612
2023-06-30 16:03:48.472 worker_log:613 24686 MainThread [INFO]  All processing finished for executor task 2612
2023-06-30 16:03:49.594 worker_log:584 24686 MainThread [INFO]  Received executor task 2640
2023-06-30 16:04:55.597 worker_log:602 24686 MainThread [INFO]  Completed executor task 2640
2023-06-30 16:04:55.597 worker_log:613 24686 MainThread [INFO]  All processing finished for executor task 2640
2023-06-30 16:05:37.999 worker_log:584 24686 MainThread [INFO]  Received executor task 2654
2023-06-30 16:06:07.949 worker_log:602 24686 MainThread [INFO]  Completed executor task 2654
2023-06-30 16:06:07.950 worker_log:613 24686 MainThread [INFO]  All processing finished for executor task 2654
2023-06-30 16:07:01.032 worker_log:584 24686 MainThread [INFO]  Received executor task 2662
2023-06-30 16:07:58.922 worker_log:602 24686 MainThread [INFO]  Completed executor task 2662
2023-06-30 16:07:58.923 worker_log:613 24686 MainThread [INFO]  All processing finished for executor task 2662
2023-06-30 16:08:06.084 worker_log:584 24686 MainThread [INFO]  Received executor task 2686
2023-06-30 16:08:59.001 worker_log:602 24686 MainThread [INFO]  Completed executor task 2686
2023-06-30 16:08:59.001 worker_log:613 24686 MainThread [INFO]  All processing finished for executor task 2686
2023-06-30 16:09:20.067 worker_log:584 24686 MainThread [INFO]  Received executor task 2702
2023-06-30 16:10:27.485 worker_log:602 24686 MainThread [INFO]  Completed executor task 2702
2023-06-30 16:10:27.486 worker_log:613 24686 MainThread [INFO]  All processing finished for executor task 2702
2023-06-30 16:10:36.101 worker_log:584 24686 MainThread [INFO]  Received executor task 2719
2023-06-30 16:11:20.991 worker_log:602 24686 MainThread [INFO]  Completed executor task 2719
2023-06-30 16:11:20.992 worker_log:613 24686 MainThread [INFO]  All processing finished for executor task 2719
2023-06-30 16:11:51.478 worker_log:584 24686 MainThread [INFO]  Received executor task 2730
2023-06-30 16:13:24.571 worker_log:602 24686 MainThread [INFO]  Completed executor task 2730
2023-06-30 16:13:24.571 worker_log:613 24686 MainThread [INFO]  All processing finished for executor task 2730
2023-06-30 16:13:26.234 worker_log:584 24686 MainThread [INFO]  Received executor task 2752
2023-06-30 16:14:07.913 worker_log:602 24686 MainThread [INFO]  Completed executor task 2752
2023-06-30 16:14:07.914 worker_log:613 24686 MainThread [INFO]  All processing finished for executor task 2752
2023-06-30 16:14:26.270 worker_log:584 24686 MainThread [INFO]  Received executor task 2764
2023-06-30 16:15:42.428 worker_log:602 24686 MainThread [INFO]  Completed executor task 2764
2023-06-30 16:15:42.429 worker_log:613 24686 MainThread [INFO]  All processing finished for executor task 2764
2023-06-30 16:15:49.302 worker_log:584 24686 MainThread [INFO]  Received executor task 2783
2023-06-30 16:16:45.778 worker_log:602 24686 MainThread [INFO]  Completed executor task 2783
2023-06-30 16:16:45.779 worker_log:613 24686 MainThread [INFO]  All processing finished for executor task 2783
2023-06-30 16:17:17.494 worker_log:584 24686 MainThread [INFO]  Received executor task 2797
2023-06-30 16:17:51.081 worker_log:602 24686 MainThread [INFO]  Completed executor task 2797
2023-06-30 16:17:51.082 worker_log:613 24686 MainThread [INFO]  All processing finished for executor task 2797
2023-06-30 16:18:15.100 worker_log:584 24686 MainThread [INFO]  Received executor task 2806
2023-06-30 16:19:41.656 worker_log:602 24686 MainThread [INFO]  Completed executor task 2806
2023-06-30 16:19:41.656 worker_log:613 24686 MainThread [INFO]  All processing finished for executor task 2806
2023-06-30 16:19:43.011 worker_log:584 24686 MainThread [INFO]  Received executor task 2832
2023-06-30 16:20:21.668 worker_log:602 24686 MainThread [INFO]  Completed executor task 2832
2023-06-30 16:20:21.668 worker_log:613 24686 MainThread [INFO]  All processing finished for executor task 2832
2023-06-30 16:20:49.824 worker_log:584 24686 MainThread [INFO]  Received executor task 2840
2023-06-30 16:21:10.286 worker_log:602 24686 MainThread [INFO]  Completed executor task 2840
2023-06-30 16:21:10.286 worker_log:613 24686 MainThread [INFO]  All processing finished for executor task 2840
2023-06-30 16:21:59.598 worker_log:584 24686 MainThread [INFO]  Received executor task 2850
2023-06-30 16:22:40.153 worker_log:602 24686 MainThread [INFO]  Completed executor task 2850
2023-06-30 16:22:40.154 worker_log:613 24686 MainThread [INFO]  All processing finished for executor task 2850
2023-06-30 16:23:16.596 worker_log:584 24686 MainThread [INFO]  Received executor task 2875
2023-06-30 16:23:42.810 worker_log:602 24686 MainThread [INFO]  Completed executor task 2875
2023-06-30 16:23:42.811 worker_log:613 24686 MainThread [INFO]  All processing finished for executor task 2875
2023-06-30 16:24:28.603 worker_log:584 24686 MainThread [INFO]  Received executor task 2887
2023-06-30 16:25:33.369 worker_log:602 24686 MainThread [INFO]  Completed executor task 2887
2023-06-30 16:25:33.370 worker_log:613 24686 MainThread [INFO]  All processing finished for executor task 2887
2023-06-30 16:25:58.958 worker_log:584 24686 MainThread [INFO]  Received executor task 2909
2023-06-30 16:27:03.935 worker_log:602 24686 MainThread [INFO]  Completed executor task 2909
2023-06-30 16:27:03.936 worker_log:613 24686 MainThread [INFO]  All processing finished for executor task 2909
2023-06-30 16:27:13.652 worker_log:584 24686 MainThread [INFO]  Received executor task 2927
2023-06-30 16:28:14.008 worker_log:602 24686 MainThread [INFO]  Completed executor task 2927
2023-06-30 16:28:14.009 worker_log:613 24686 MainThread [INFO]  All processing finished for executor task 2927
2023-06-30 16:28:24.773 worker_log:584 24686 MainThread [INFO]  Received executor task 2943
2023-06-30 16:30:12.857 worker_log:602 24686 MainThread [INFO]  Completed executor task 2943
2023-06-30 16:30:12.858 worker_log:613 24686 MainThread [INFO]  All processing finished for executor task 2943
2023-06-30 16:30:13.970 worker_log:584 24686 MainThread [INFO]  Received executor task 2960
2023-06-30 16:31:06.658 worker_log:602 24686 MainThread [INFO]  Completed executor task 2960
2023-06-30 16:31:06.659 worker_log:613 24686 MainThread [INFO]  All processing finished for executor task 2960
2023-06-30 16:31:20.744 worker_log:584 24686 MainThread [INFO]  Received executor task 2974
2023-06-30 16:31:48.944 worker_log:602 24686 MainThread [INFO]  Completed executor task 2974
2023-06-30 16:31:48.945 worker_log:613 24686 MainThread [INFO]  All processing finished for executor task 2974
2023-06-30 16:32:31.390 worker_log:584 24686 MainThread [INFO]  Received executor task 2981
2023-06-30 16:32:50.207 worker_log:602 24686 MainThread [INFO]  Completed executor task 2981
2023-06-30 16:32:50.207 worker_log:613 24686 MainThread [INFO]  All processing finished for executor task 2981
2023-06-30 16:33:57.478 worker_log:584 24686 MainThread [INFO]  Received executor task 2994
2023-06-30 16:35:11.225 worker_log:602 24686 MainThread [INFO]  Completed executor task 2994
2023-06-30 16:35:11.225 worker_log:613 24686 MainThread [INFO]  All processing finished for executor task 2994
2023-06-30 16:35:12.413 worker_log:584 24686 MainThread [INFO]  Received executor task 3024
2023-06-30 16:36:12.311 worker_log:602 24686 MainThread [INFO]  Completed executor task 3024
2023-06-30 16:36:12.312 worker_log:613 24686 MainThread [INFO]  All processing finished for executor task 3024
2023-06-30 16:37:01.171 worker_log:584 24686 MainThread [INFO]  Received executor task 3034
2023-06-30 16:37:59.415 worker_log:602 24686 MainThread [INFO]  Completed executor task 3034
2023-06-30 16:37:59.415 worker_log:613 24686 MainThread [INFO]  All processing finished for executor task 3034
2023-06-30 16:38:12.216 worker_log:584 24686 MainThread [INFO]  Received executor task 3055
2023-06-30 16:38:24.384 worker_log:602 24686 MainThread [INFO]  Completed executor task 3055
2023-06-30 16:38:24.384 worker_log:613 24686 MainThread [INFO]  All processing finished for executor task 3055
2023-06-30 16:39:31.208 worker_log:584 24686 MainThread [INFO]  Received executor task 3058
2023-06-30 16:40:09.806 worker_log:602 24686 MainThread [INFO]  Completed executor task 3058
2023-06-30 16:40:09.807 worker_log:613 24686 MainThread [INFO]  All processing finished for executor task 3058
2023-06-30 16:40:46.093 worker_log:584 24686 MainThread [INFO]  Received executor task 3082
2023-06-30 16:41:13.736 worker_log:602 24686 MainThread [INFO]  Completed executor task 3082
2023-06-30 16:41:13.737 worker_log:613 24686 MainThread [INFO]  All processing finished for executor task 3082
2023-06-30 16:41:43.861 worker_log:584 24686 MainThread [INFO]  Received executor task 3092
2023-06-30 16:42:15.169 worker_log:602 24686 MainThread [INFO]  Completed executor task 3092
2023-06-30 16:42:15.170 worker_log:613 24686 MainThread [INFO]  All processing finished for executor task 3092
2023-06-30 16:42:44.535 worker_log:584 24686 MainThread [INFO]  Received executor task 3109
2023-06-30 16:43:14.291 worker_log:602 24686 MainThread [INFO]  Completed executor task 3109
2023-06-30 16:43:14.292 worker_log:613 24686 MainThread [INFO]  All processing finished for executor task 3109
2023-06-30 16:43:44.082 worker_log:584 24686 MainThread [INFO]  Received executor task 3127
2023-06-30 16:44:15.287 worker_log:602 24686 MainThread [INFO]  Completed executor task 3127
2023-06-30 16:44:15.287 worker_log:613 24686 MainThread [INFO]  All processing finished for executor task 3127
2023-06-30 16:44:50.005 worker_log:584 24686 MainThread [INFO]  Received executor task 3142
2023-06-30 16:45:13.233 worker_log:602 24686 MainThread [INFO]  Completed executor task 3142
2023-06-30 16:45:13.234 worker_log:613 24686 MainThread [INFO]  All processing finished for executor task 3142
2023-06-30 16:46:11.698 worker_log:584 24686 MainThread [INFO]  Received executor task 3157
2023-06-30 16:46:29.021 worker_log:602 24686 MainThread [INFO]  Completed executor task 3157
2023-06-30 16:46:29.022 worker_log:613 24686 MainThread [INFO]  All processing finished for executor task 3157
2023-06-30 16:47:16.241 worker_log:584 24686 MainThread [INFO]  Received executor task 3170
2023-06-30 16:48:15.934 worker_log:602 24686 MainThread [INFO]  Completed executor task 3170
2023-06-30 16:48:15.935 worker_log:613 24686 MainThread [INFO]  All processing finished for executor task 3170
2023-06-30 16:49:35.318 worker_log:584 24686 MainThread [INFO]  Received executor task 3198
2023-06-30 16:50:05.489 worker_log:602 24686 MainThread [INFO]  Completed executor task 3198
2023-06-30 16:50:05.489 worker_log:613 24686 MainThread [INFO]  All processing finished for executor task 3198
2023-06-30 16:50:54.638 worker_log:584 24686 MainThread [INFO]  Received executor task 3207
2023-06-30 16:51:56.436 worker_log:602 24686 MainThread [INFO]  Completed executor task 3207
2023-06-30 16:51:56.436 worker_log:613 24686 MainThread [INFO]  All processing finished for executor task 3207
2023-06-30 16:52:07.471 worker_log:584 24686 MainThread [INFO]  Received executor task 3230
2023-06-30 16:52:48.769 worker_log:602 24686 MainThread [INFO]  Completed executor task 3230
2023-06-30 16:52:48.770 worker_log:613 24686 MainThread [INFO]  All processing finished for executor task 3230
2023-06-30 16:53:47.753 worker_log:584 24686 MainThread [INFO]  Received executor task 3241
2023-06-30 16:54:17.197 worker_log:602 24686 MainThread [INFO]  Completed executor task 3241
2023-06-30 16:54:17.198 worker_log:613 24686 MainThread [INFO]  All processing finished for executor task 3241
2023-06-30 16:54:56.024 worker_log:584 24686 MainThread [INFO]  Received executor task 3255
2023-06-30 16:55:26.810 worker_log:602 24686 MainThread [INFO]  Completed executor task 3255
2023-06-30 16:55:26.810 worker_log:613 24686 MainThread [INFO]  All processing finished for executor task 3255
2023-06-30 16:56:34.818 worker_log:584 24686 MainThread [INFO]  Received executor task 3267
2023-06-30 16:57:08.633 worker_log:602 24686 MainThread [INFO]  Completed executor task 3267
2023-06-30 16:57:08.633 worker_log:613 24686 MainThread [INFO]  All processing finished for executor task 3267
2023-06-30 16:57:49.310 worker_log:584 24686 MainThread [INFO]  Received executor task 3288
2023-06-30 16:58:49.301 worker_log:602 24686 MainThread [INFO]  Completed executor task 3288
2023-06-30 16:58:49.302 worker_log:613 24686 MainThread [INFO]  All processing finished for executor task 3288
2023-06-30 17:00:17.134 worker_log:584 24686 MainThread [INFO]  Received executor task 3309
2023-06-30 17:00:44.358 worker_log:602 24686 MainThread [INFO]  Completed executor task 3309
2023-06-30 17:00:44.358 worker_log:613 24686 MainThread [INFO]  All processing finished for executor task 3309
2023-06-30 17:01:33.363 worker_log:584 24686 MainThread [INFO]  Received executor task 3318
2023-06-30 17:02:02.076 worker_log:602 24686 MainThread [INFO]  Completed executor task 3318
2023-06-30 17:02:02.076 worker_log:613 24686 MainThread [INFO]  All processing finished for executor task 3318
2023-06-30 17:02:38.565 worker_log:584 24686 MainThread [INFO]  Received executor task 3338
2023-06-30 17:02:59.016 worker_log:602 24686 MainThread [INFO]  Completed executor task 3338
2023-06-30 17:02:59.016 worker_log:613 24686 MainThread [INFO]  All processing finished for executor task 3338
2023-06-30 17:04:13.563 worker_log:584 24686 MainThread [INFO]  Received executor task 3346
2023-06-30 17:04:49.591 worker_log:602 24686 MainThread [INFO]  Completed executor task 3346
2023-06-30 17:04:49.591 worker_log:613 24686 MainThread [INFO]  All processing finished for executor task 3346
2023-06-30 17:06:00.304 worker_log:584 24686 MainThread [INFO]  Received executor task 3368
2023-06-30 17:06:31.214 worker_log:602 24686 MainThread [INFO]  Completed executor task 3368
2023-06-30 17:06:31.214 worker_log:613 24686 MainThread [INFO]  All processing finished for executor task 3368
2023-06-30 17:07:06.908 worker_log:584 24686 MainThread [INFO]  Received executor task 3380
2023-06-30 17:08:01.795 worker_log:602 24686 MainThread [INFO]  Completed executor task 3380
2023-06-30 17:08:01.796 worker_log:613 24686 MainThread [INFO]  All processing finished for executor task 3380
2023-06-30 17:08:35.223 worker_log:584 24686 MainThread [INFO]  Received executor task 3403
2023-06-30 17:09:01.786 worker_log:602 24686 MainThread [INFO]  Completed executor task 3403
2023-06-30 17:09:01.786 worker_log:613 24686 MainThread [INFO]  All processing finished for executor task 3403
2023-06-30 17:10:14.534 worker_log:584 24686 MainThread [INFO]  Received executor task 3411
2023-06-30 17:10:36.844 worker_log:602 24686 MainThread [INFO]  Completed executor task 3411
2023-06-30 17:10:36.844 worker_log:613 24686 MainThread [INFO]  All processing finished for executor task 3411
2023-06-30 17:11:52.128 worker_log:584 24686 MainThread [INFO]  Received executor task 3426
2023-06-30 17:12:26.131 worker_log:602 24686 MainThread [INFO]  Completed executor task 3426
2023-06-30 17:12:26.131 worker_log:613 24686 MainThread [INFO]  All processing finished for executor task 3426
2023-06-30 17:13:01.457 worker_log:584 24686 MainThread [INFO]  Received executor task 3446
2023-06-30 17:13:31.215 worker_log:602 24686 MainThread [INFO]  Completed executor task 3446
2023-06-30 17:13:31.215 worker_log:613 24686 MainThread [INFO]  All processing finished for executor task 3446
2023-06-30 17:14:14.370 worker_log:584 24686 MainThread [INFO]  Received executor task 3459
2023-06-30 17:14:41.842 worker_log:602 24686 MainThread [INFO]  Completed executor task 3459
2023-06-30 17:14:41.842 worker_log:613 24686 MainThread [INFO]  All processing finished for executor task 3459
2023-06-30 17:15:47.992 worker_log:584 24686 MainThread [INFO]  Received executor task 3475
2023-06-30 17:16:39.752 worker_log:602 24686 MainThread [INFO]  Completed executor task 3475
2023-06-30 17:16:39.752 worker_log:613 24686 MainThread [INFO]  All processing finished for executor task 3475
2023-06-30 17:17:10.801 worker_log:584 24686 MainThread [INFO]  Received executor task 3499
2023-06-30 17:17:51.554 worker_log:602 24686 MainThread [INFO]  Completed executor task 3499
2023-06-30 17:17:51.554 worker_log:613 24686 MainThread [INFO]  All processing finished for executor task 3499
2023-06-30 17:18:34.433 worker_log:584 24686 MainThread [INFO]  Received executor task 3513
2023-06-30 17:19:22.490 worker_log:602 24686 MainThread [INFO]  Completed executor task 3513
2023-06-30 17:19:22.491 worker_log:613 24686 MainThread [INFO]  All processing finished for executor task 3513
2023-06-30 17:20:18.706 worker_log:584 24686 MainThread [INFO]  Received executor task 3529
2023-06-30 17:21:03.152 worker_log:602 24686 MainThread [INFO]  Completed executor task 3529
2023-06-30 17:21:03.153 worker_log:613 24686 MainThread [INFO]  All processing finished for executor task 3529
2023-06-30 17:21:16.406 worker_log:584 24686 MainThread [INFO]  Received executor task 3544
2023-06-30 17:21:33.577 worker_log:602 24686 MainThread [INFO]  Completed executor task 3544
2023-06-30 17:21:33.578 worker_log:613 24686 MainThread [INFO]  All processing finished for executor task 3544
2023-06-30 17:22:30.583 worker_log:584 24686 MainThread [INFO]  Received executor task 3553
2023-06-30 17:23:00.712 worker_log:602 24686 MainThread [INFO]  Completed executor task 3553
2023-06-30 17:23:00.713 worker_log:613 24686 MainThread [INFO]  All processing finished for executor task 3553
2023-06-30 17:24:06.405 worker_log:584 24686 MainThread [INFO]  Received executor task 3573
2023-06-30 17:24:27.625 worker_log:602 24686 MainThread [INFO]  Completed executor task 3573
2023-06-30 17:24:27.625 worker_log:613 24686 MainThread [INFO]  All processing finished for executor task 3573
2023-06-30 17:25:21.639 worker_log:584 24686 MainThread [INFO]  Received executor task 3588
2023-06-30 17:25:51.398 worker_log:602 24686 MainThread [INFO]  Completed executor task 3588
2023-06-30 17:25:51.398 worker_log:613 24686 MainThread [INFO]  All processing finished for executor task 3588
2023-06-30 17:26:41.512 worker_log:584 24686 MainThread [INFO]  Received executor task 3605
2023-06-30 17:27:32.345 worker_log:602 24686 MainThread [INFO]  Completed executor task 3605
2023-06-30 17:27:32.345 worker_log:613 24686 MainThread [INFO]  All processing finished for executor task 3605
2023-06-30 17:28:07.514 worker_log:584 24686 MainThread [INFO]  Received executor task 3629
2023-06-30 17:28:14.959 worker_log:602 24686 MainThread [INFO]  Completed executor task 3629
2023-06-30 17:28:14.959 worker_log:613 24686 MainThread [INFO]  All processing finished for executor task 3629
2023-06-30 17:29:21.238 worker_log:584 24686 MainThread [INFO]  Received executor task 3633
2023-06-30 17:30:38.335 worker_log:602 24686 MainThread [INFO]  Completed executor task 3633
2023-06-30 17:30:38.336 worker_log:613 24686 MainThread [INFO]  All processing finished for executor task 3633
2023-06-30 17:31:08.985 worker_log:584 24686 MainThread [INFO]  Received executor task 3663
2023-06-30 17:31:58.623 worker_log:602 24686 MainThread [INFO]  Completed executor task 3663
2023-06-30 17:31:58.624 worker_log:613 24686 MainThread [INFO]  All processing finished for executor task 3663
2023-06-30 17:32:25.345 worker_log:584 24686 MainThread [INFO]  Received executor task 3674
2023-06-30 17:32:59.647 worker_log:602 24686 MainThread [INFO]  Completed executor task 3674
2023-06-30 17:32:59.647 worker_log:613 24686 MainThread [INFO]  All processing finished for executor task 3674
2023-06-30 17:33:47.711 worker_log:584 24686 MainThread [INFO]  Received executor task 3687
2023-06-30 17:34:36.481 worker_log:602 24686 MainThread [INFO]  Completed executor task 3687
2023-06-30 17:34:36.481 worker_log:613 24686 MainThread [INFO]  All processing finished for executor task 3687
2023-06-30 17:34:57.330 worker_log:584 24686 MainThread [INFO]  Received executor task 3707
2023-06-30 17:35:35.676 worker_log:602 24686 MainThread [INFO]  Completed executor task 3707
2023-06-30 17:35:35.677 worker_log:613 24686 MainThread [INFO]  All processing finished for executor task 3707
2023-06-30 17:36:13.095 worker_log:584 24686 MainThread [INFO]  Received executor task 3721
2023-06-30 17:36:24.027 worker_log:602 24686 MainThread [INFO]  Completed executor task 3721
2023-06-30 17:36:24.028 worker_log:613 24686 MainThread [INFO]  All processing finished for executor task 3721
2023-06-30 17:37:27.771 worker_log:584 24686 MainThread [INFO]  Received executor task 3729
2023-06-30 17:38:16.012 worker_log:602 24686 MainThread [INFO]  Completed executor task 3729
2023-06-30 17:38:16.013 worker_log:613 24686 MainThread [INFO]  All processing finished for executor task 3729
2023-06-30 17:38:31.700 worker_log:584 24686 MainThread [INFO]  Received executor task 3755
2023-06-30 17:38:50.793 worker_log:602 24686 MainThread [INFO]  Completed executor task 3755
2023-06-30 17:38:50.794 worker_log:613 24686 MainThread [INFO]  All processing finished for executor task 3755
2023-06-30 17:39:49.478 worker_log:584 24686 MainThread [INFO]  Received executor task 3762
2023-06-30 17:41:19.141 worker_log:602 24686 MainThread [INFO]  Completed executor task 3762
2023-06-30 17:41:19.142 worker_log:613 24686 MainThread [INFO]  All processing finished for executor task 3762
2023-06-30 17:41:40.858 worker_log:584 24686 MainThread [INFO]  Received executor task 3790
2023-06-30 17:42:15.046 worker_log:602 24686 MainThread [INFO]  Completed executor task 3790
2023-06-30 17:42:15.046 worker_log:613 24686 MainThread [INFO]  All processing finished for executor task 3790
2023-06-30 17:43:00.867 worker_log:584 24686 MainThread [INFO]  Received executor task 3796
2023-06-30 17:43:27.360 worker_log:602 24686 MainThread [INFO]  Completed executor task 3796
2023-06-30 17:43:27.360 worker_log:613 24686 MainThread [INFO]  All processing finished for executor task 3796
2023-06-30 17:44:51.764 worker_log:584 24686 MainThread [INFO]  Received executor task 3812
2023-06-30 17:45:50.458 worker_log:602 24686 MainThread [INFO]  Completed executor task 3812
2023-06-30 17:45:50.458 worker_log:613 24686 MainThread [INFO]  All processing finished for executor task 3812
2023-06-30 17:45:59.259 worker_log:584 24686 MainThread [INFO]  Received executor task 3838
2023-06-30 17:47:01.315 worker_log:602 24686 MainThread [INFO]  Completed executor task 3838
2023-06-30 17:47:01.316 worker_log:613 24686 MainThread [INFO]  All processing finished for executor task 3838
2023-06-30 17:47:22.932 worker_log:584 24686 MainThread [INFO]  Received executor task 3853
2023-06-30 17:47:54.944 worker_log:602 24686 MainThread [INFO]  Completed executor task 3853
2023-06-30 17:47:54.945 worker_log:613 24686 MainThread [INFO]  All processing finished for executor task 3853
2023-06-30 17:48:41.323 worker_log:584 24686 MainThread [INFO]  Received executor task 3864
2023-06-30 17:49:39.178 worker_log:602 24686 MainThread [INFO]  Completed executor task 3864
2023-06-30 17:49:39.179 worker_log:613 24686 MainThread [INFO]  All processing finished for executor task 3864
2023-06-30 17:50:02.489 worker_log:584 24686 MainThread [INFO]  Received executor task 3884
2023-06-30 17:50:37.330 worker_log:602 24686 MainThread [INFO]  Completed executor task 3884
2023-06-30 17:50:37.330 worker_log:613 24686 MainThread [INFO]  All processing finished for executor task 3884
2023-06-30 17:51:00.977 worker_log:584 24686 MainThread [INFO]  Received executor task 3894
2023-06-30 17:51:33.469 worker_log:602 24686 MainThread [INFO]  Completed executor task 3894
2023-06-30 17:51:33.470 worker_log:613 24686 MainThread [INFO]  All processing finished for executor task 3894
2023-06-30 17:52:40.190 worker_log:584 24686 MainThread [INFO]  Received executor task 3913
2023-06-30 17:53:10.800 worker_log:602 24686 MainThread [INFO]  Completed executor task 3913
2023-06-30 17:53:10.801 worker_log:613 24686 MainThread [INFO]  All processing finished for executor task 3913
2023-06-30 17:53:36.955 worker_log:584 24686 MainThread [INFO]  Received executor task 3926
2023-06-30 17:54:12.534 worker_log:602 24686 MainThread [INFO]  Completed executor task 3926
2023-06-30 17:54:12.534 worker_log:613 24686 MainThread [INFO]  All processing finished for executor task 3926
2023-06-30 17:54:49.109 worker_log:584 24686 MainThread [INFO]  Received executor task 3941
2023-06-30 17:55:49.970 worker_log:602 24686 MainThread [INFO]  Completed executor task 3941
2023-06-30 17:55:49.970 worker_log:613 24686 MainThread [INFO]  All processing finished for executor task 3941
2023-06-30 17:56:03.385 worker_log:584 24686 MainThread [INFO]  Received executor task 3966
2023-06-30 17:56:36.401 worker_log:602 24686 MainThread [INFO]  Completed executor task 3966
2023-06-30 17:56:36.402 worker_log:613 24686 MainThread [INFO]  All processing finished for executor task 3966
2023-06-30 17:57:37.604 worker_log:584 24686 MainThread [INFO]  Received executor task 3975
2023-06-30 17:57:57.479 worker_log:602 24686 MainThread [INFO]  Completed executor task 3975
2023-06-30 17:57:57.479 worker_log:613 24686 MainThread [INFO]  All processing finished for executor task 3975
2023-06-30 17:58:47.214 worker_log:584 24686 MainThread [INFO]  Received executor task 3986
2023-06-30 17:59:31.543 worker_log:602 24686 MainThread [INFO]  Completed executor task 3986
2023-06-30 17:59:31.543 worker_log:613 24686 MainThread [INFO]  All processing finished for executor task 3986
2023-06-30 17:59:52.793 worker_log:584 24686 MainThread [INFO]  Received executor task 4010
2023-06-30 18:00:42.722 worker_log:602 24686 MainThread [INFO]  Completed executor task 4010
2023-06-30 18:00:42.722 worker_log:613 24686 MainThread [INFO]  All processing finished for executor task 4010
2023-06-30 18:01:23.816 worker_log:584 24686 MainThread [INFO]  Received executor task 4028
2023-06-30 18:02:41.834 worker_log:602 24686 MainThread [INFO]  Completed executor task 4028
2023-06-30 18:02:41.834 worker_log:613 24686 MainThread [INFO]  All processing finished for executor task 4028
2023-06-30 18:02:42.995 worker_log:584 24686 MainThread [INFO]  Received executor task 4048
2023-06-30 18:03:25.984 worker_log:602 24686 MainThread [INFO]  Completed executor task 4048
2023-06-30 18:03:25.985 worker_log:613 24686 MainThread [INFO]  All processing finished for executor task 4048
2023-06-30 18:03:52.056 worker_log:584 24686 MainThread [INFO]  Received executor task 4060
2023-06-30 18:04:50.091 worker_log:602 24686 MainThread [INFO]  Completed executor task 4060
2023-06-30 18:04:50.091 worker_log:613 24686 MainThread [INFO]  All processing finished for executor task 4060
2023-06-30 18:05:02.638 worker_log:584 24686 MainThread [INFO]  Received executor task 4078
2023-06-30 18:05:32.685 worker_log:602 24686 MainThread [INFO]  Completed executor task 4078
2023-06-30 18:05:32.686 worker_log:613 24686 MainThread [INFO]  All processing finished for executor task 4078
2023-06-30 18:06:05.715 worker_log:584 24686 MainThread [INFO]  Received executor task 4086
2023-06-30 18:06:42.686 worker_log:602 24686 MainThread [INFO]  Completed executor task 4086
2023-06-30 18:06:42.686 worker_log:613 24686 MainThread [INFO]  All processing finished for executor task 4086
2023-06-30 18:07:24.170 worker_log:584 24686 MainThread [INFO]  Received executor task 4103
2023-06-30 18:07:57.458 worker_log:602 24686 MainThread [INFO]  Completed executor task 4103
2023-06-30 18:07:57.458 worker_log:613 24686 MainThread [INFO]  All processing finished for executor task 4103
2023-06-30 18:08:19.091 worker_log:584 24686 MainThread [INFO]  Received executor task 4119
2023-06-30 18:08:49.120 worker_log:602 24686 MainThread [INFO]  Completed executor task 4119
2023-06-30 18:08:49.120 worker_log:613 24686 MainThread [INFO]  All processing finished for executor task 4119
2023-06-30 18:09:43.865 worker_log:584 24686 MainThread [INFO]  Received executor task 4131
2023-06-30 18:10:17.688 worker_log:602 24686 MainThread [INFO]  Completed executor task 4131
2023-06-30 18:10:17.688 worker_log:613 24686 MainThread [INFO]  All processing finished for executor task 4131
2023-06-30 18:10:59.239 worker_log:584 24686 MainThread [INFO]  Received executor task 4151
2023-06-30 18:11:59.424 worker_log:602 24686 MainThread [INFO]  Completed executor task 4151
2023-06-30 18:11:59.424 worker_log:613 24686 MainThread [INFO]  All processing finished for executor task 4151
2023-06-30 18:12:15.975 worker_log:584 24686 MainThread [INFO]  Received executor task 4173
2023-06-30 18:12:46.468 worker_log:602 24686 MainThread [INFO]  Completed executor task 4173
2023-06-30 18:12:46.469 worker_log:613 24686 MainThread [INFO]  All processing finished for executor task 4173
2023-06-30 18:13:55.793 worker_log:584 24686 MainThread [INFO]  Received executor task 4181
2023-06-30 18:15:02.439 worker_log:602 24686 MainThread [INFO]  Completed executor task 4181
2023-06-30 18:15:02.439 worker_log:613 24686 MainThread [INFO]  All processing finished for executor task 4181
2023-06-30 18:15:03.692 worker_log:584 24686 MainThread [INFO]  Received executor task 4208
2023-06-30 18:15:44.668 worker_log:602 24686 MainThread [INFO]  Completed executor task 4208
2023-06-30 18:15:44.669 worker_log:613 24686 MainThread [INFO]  All processing finished for executor task 4208
2023-06-30 18:16:34.555 worker_log:584 24686 MainThread [INFO]  Received executor task 4220
2023-06-30 18:17:09.967 worker_log:602 24686 MainThread [INFO]  Completed executor task 4220
2023-06-30 18:17:09.967 worker_log:613 24686 MainThread [INFO]  All processing finished for executor task 4220
2023-06-30 18:17:45.710 worker_log:584 24686 MainThread [INFO]  Received executor task 4232
2023-06-30 18:18:32.293 worker_log:602 24686 MainThread [INFO]  Completed executor task 4232
2023-06-30 18:18:32.293 worker_log:613 24686 MainThread [INFO]  All processing finished for executor task 4232
2023-06-30 18:19:03.879 worker_log:584 24686 MainThread [INFO]  Received executor task 4248
2023-06-30 18:19:21.307 worker_log:602 24686 MainThread [INFO]  Completed executor task 4248
2023-06-30 18:19:21.308 worker_log:613 24686 MainThread [INFO]  All processing finished for executor task 4248
2023-06-30 18:19:56.783 worker_log:584 24686 MainThread [INFO]  Received executor task 4259
2023-06-30 18:20:29.922 worker_log:602 24686 MainThread [INFO]  Completed executor task 4259
2023-06-30 18:20:29.922 worker_log:613 24686 MainThread [INFO]  All processing finished for executor task 4259
2023-06-30 18:21:27.023 worker_log:584 24686 MainThread [INFO]  Received executor task 4278
2023-06-30 18:22:17.510 worker_log:602 24686 MainThread [INFO]  Completed executor task 4278
2023-06-30 18:22:17.510 worker_log:613 24686 MainThread [INFO]  All processing finished for executor task 4278
2023-06-30 18:22:30.162 worker_log:584 24686 MainThread [INFO]  Received executor task 4299
2023-06-30 18:23:13.571 worker_log:602 24686 MainThread [INFO]  Completed executor task 4299
2023-06-30 18:23:13.571 worker_log:613 24686 MainThread [INFO]  All processing finished for executor task 4299
2023-06-30 18:24:15.971 worker_log:584 24686 MainThread [INFO]  Received executor task 4312
2023-06-30 18:24:37.733 worker_log:602 24686 MainThread [INFO]  Completed executor task 4312
2023-06-30 18:24:37.733 worker_log:613 24686 MainThread [INFO]  All processing finished for executor task 4312
2023-06-30 18:25:45.844 worker_log:584 24686 MainThread [INFO]  Received executor task 4321
2023-06-30 18:26:11.860 worker_log:602 24686 MainThread [INFO]  Completed executor task 4321
2023-06-30 18:26:11.861 worker_log:613 24686 MainThread [INFO]  All processing finished for executor task 4321
2023-06-30 18:27:24.006 worker_log:584 24686 MainThread [INFO]  Received executor task 4338
2023-06-30 18:28:00.381 worker_log:602 24686 MainThread [INFO]  Completed executor task 4338
2023-06-30 18:28:00.382 worker_log:613 24686 MainThread [INFO]  All processing finished for executor task 4338
2023-06-30 18:28:18.371 worker_log:584 24686 MainThread [INFO]  Received executor task 4361
2023-06-30 18:29:21.809 worker_log:602 24686 MainThread [INFO]  Completed executor task 4361
2023-06-30 18:29:21.810 worker_log:613 24686 MainThread [INFO]  All processing finished for executor task 4361
2023-06-30 18:29:28.118 worker_log:584 24686 MainThread [INFO]  Received executor task 4383
2023-06-30 18:29:53.751 worker_log:602 24686 MainThread [INFO]  Completed executor task 4383
2023-06-30 18:29:53.751 worker_log:613 24686 MainThread [INFO]  All processing finished for executor task 4383
2023-06-30 18:30:36.018 worker_log:584 24686 MainThread [INFO]  Received executor task 4388
2023-06-30 18:31:06.595 worker_log:602 24686 MainThread [INFO]  Completed executor task 4388
2023-06-30 18:31:06.596 worker_log:613 24686 MainThread [INFO]  All processing finished for executor task 4388
2023-06-30 18:32:04.109 worker_log:584 24686 MainThread [INFO]  Received executor task 4404
2023-06-30 18:32:58.524 worker_log:602 24686 MainThread [INFO]  Completed executor task 4404
2023-06-30 18:32:58.525 worker_log:613 24686 MainThread [INFO]  All processing finished for executor task 4404
2023-06-30 18:33:27.517 worker_log:584 24686 MainThread [INFO]  Received executor task 4427
2023-06-30 18:33:45.502 worker_log:602 24686 MainThread [INFO]  Completed executor task 4427
2023-06-30 18:33:45.503 worker_log:613 24686 MainThread [INFO]  All processing finished for executor task 4427
2023-06-30 18:34:58.027 worker_log:584 24686 MainThread [INFO]  Received executor task 4434
2023-06-30 18:35:45.070 worker_log:602 24686 MainThread [INFO]  Completed executor task 4434
2023-06-30 18:35:45.071 worker_log:613 24686 MainThread [INFO]  All processing finished for executor task 4434
2023-06-30 18:36:16.281 worker_log:584 24686 MainThread [INFO]  Received executor task 4460
2023-06-30 18:37:14.726 worker_log:602 24686 MainThread [INFO]  Completed executor task 4460
2023-06-30 18:37:14.726 worker_log:613 24686 MainThread [INFO]  All processing finished for executor task 4460
2023-06-30 18:37:25.857 worker_log:584 24686 MainThread [INFO]  Received executor task 4477
2023-06-30 18:38:02.748 worker_log:602 24686 MainThread [INFO]  Completed executor task 4477
2023-06-30 18:38:02.749 worker_log:613 24686 MainThread [INFO]  All processing finished for executor task 4477
2023-06-30 18:38:19.970 worker_log:584 24686 MainThread [INFO]  Received executor task 4491
2023-06-30 18:39:15.851 worker_log:602 24686 MainThread [INFO]  Completed executor task 4491
2023-06-30 18:39:15.851 worker_log:613 24686 MainThread [INFO]  All processing finished for executor task 4491
2023-06-30 18:39:41.120 worker_log:584 24686 MainThread [INFO]  Received executor task 4510
2023-06-30 18:40:07.116 worker_log:602 24686 MainThread [INFO]  Completed executor task 4510
2023-06-30 18:40:07.116 worker_log:613 24686 MainThread [INFO]  All processing finished for executor task 4510
2023-06-30 18:41:45.598 worker_log:584 24686 MainThread [INFO]  Received executor task 4518
2023-06-30 18:42:38.622 worker_log:602 24686 MainThread [INFO]  Completed executor task 4518
2023-06-30 18:42:38.623 worker_log:613 24686 MainThread [INFO]  All processing finished for executor task 4518
2023-06-30 18:42:44.133 worker_log:584 24686 MainThread [INFO]  Received executor task 4543
2023-06-30 18:43:48.263 worker_log:602 24686 MainThread [INFO]  Completed executor task 4543
2023-06-30 18:43:48.263 worker_log:613 24686 MainThread [INFO]  All processing finished for executor task 4543
2023-06-30 18:43:55.265 worker_log:584 24686 MainThread [INFO]  Received executor task 4559
2023-06-30 18:44:45.987 worker_log:602 24686 MainThread [INFO]  Completed executor task 4559
2023-06-30 18:44:45.988 worker_log:613 24686 MainThread [INFO]  All processing finished for executor task 4559
2023-06-30 18:45:28.761 worker_log:584 24686 MainThread [INFO]  Received executor task 4572
2023-06-30 18:45:53.718 worker_log:602 24686 MainThread [INFO]  Completed executor task 4572
2023-06-30 18:45:53.719 worker_log:613 24686 MainThread [INFO]  All processing finished for executor task 4572
2023-06-30 18:46:45.841 worker_log:584 24686 MainThread [INFO]  Received executor task 4578
2023-06-30 18:47:51.402 worker_log:602 24686 MainThread [INFO]  Completed executor task 4578
2023-06-30 18:47:51.403 worker_log:613 24686 MainThread [INFO]  All processing finished for executor task 4578
2023-06-30 18:47:53.031 worker_log:584 24686 MainThread [INFO]  Received executor task 4608
2023-06-30 18:48:14.729 worker_log:602 24686 MainThread [INFO]  Completed executor task 4608
2023-06-30 18:48:14.730 worker_log:613 24686 MainThread [INFO]  All processing finished for executor task 4608
2023-06-30 18:48:56.060 worker_log:584 24686 MainThread [INFO]  Received executor task 4610
2023-06-30 18:49:25.711 worker_log:602 24686 MainThread [INFO]  Completed executor task 4610
2023-06-30 18:49:25.712 worker_log:613 24686 MainThread [INFO]  All processing finished for executor task 4610
2023-06-30 18:49:58.271 worker_log:584 24686 MainThread [INFO]  Received executor task 4626
2023-06-30 18:50:27.903 worker_log:602 24686 MainThread [INFO]  Completed executor task 4626
2023-06-30 18:50:27.904 worker_log:613 24686 MainThread [INFO]  All processing finished for executor task 4626
2023-06-30 18:51:09.228 worker_log:584 24686 MainThread [INFO]  Received executor task 4643
2023-06-30 18:52:11.793 worker_log:602 24686 MainThread [INFO]  Completed executor task 4643
2023-06-30 18:52:11.794 worker_log:613 24686 MainThread [INFO]  All processing finished for executor task 4643
2023-06-30 18:52:28.296 worker_log:584 24686 MainThread [INFO]  Received executor task 4671
2023-06-30 18:53:38.398 worker_log:602 24686 MainThread [INFO]  Completed executor task 4671
2023-06-30 18:53:38.399 worker_log:613 24686 MainThread [INFO]  All processing finished for executor task 4671
2023-06-30 18:54:02.696 worker_log:584 24686 MainThread [INFO]  Received executor task 4685
2023-06-30 18:54:30.545 worker_log:602 24686 MainThread [INFO]  Completed executor task 4685
2023-06-30 18:54:30.546 worker_log:613 24686 MainThread [INFO]  All processing finished for executor task 4685
2023-06-30 18:55:21.914 worker_log:584 24686 MainThread [INFO]  Received executor task 4692
2023-06-30 18:56:01.761 worker_log:602 24686 MainThread [INFO]  Completed executor task 4692
2023-06-30 18:56:01.761 worker_log:613 24686 MainThread [INFO]  All processing finished for executor task 4692
2023-06-30 18:56:43.754 worker_log:584 24686 MainThread [INFO]  Received executor task 4709
2023-06-30 18:56:55.180 worker_log:602 24686 MainThread [INFO]  Completed executor task 4709
2023-06-30 18:56:55.180 worker_log:613 24686 MainThread [INFO]  All processing finished for executor task 4709
2023-06-30 18:58:30.060 worker_log:584 24686 MainThread [INFO]  Received executor task 4721
2023-06-30 18:58:51.337 worker_log:602 24686 MainThread [INFO]  Completed executor task 4721
2023-06-30 18:58:51.338 worker_log:613 24686 MainThread [INFO]  All processing finished for executor task 4721
2023-06-30 18:59:49.176 worker_log:584 24686 MainThread [INFO]  Received executor task 4740
2023-06-30 19:00:49.323 worker_log:602 24686 MainThread [INFO]  Completed executor task 4740
2023-06-30 19:00:49.323 worker_log:613 24686 MainThread [INFO]  All processing finished for executor task 4740
2023-06-30 19:01:12.195 worker_log:584 24686 MainThread [INFO]  Received executor task 4766
2023-06-30 19:02:07.121 worker_log:602 24686 MainThread [INFO]  Completed executor task 4766
2023-06-30 19:02:07.122 worker_log:613 24686 MainThread [INFO]  All processing finished for executor task 4766
2023-06-30 19:02:18.936 worker_log:584 24686 MainThread [INFO]  Received executor task 4780
2023-06-30 19:03:14.710 worker_log:602 24686 MainThread [INFO]  Completed executor task 4780
2023-06-30 19:03:14.711 worker_log:613 24686 MainThread [INFO]  All processing finished for executor task 4780
2023-06-30 19:03:37.145 worker_log:584 24686 MainThread [INFO]  Received executor task 4796
2023-06-30 19:04:15.257 worker_log:602 24686 MainThread [INFO]  Completed executor task 4796
2023-06-30 19:04:15.258 worker_log:613 24686 MainThread [INFO]  All processing finished for executor task 4796
2023-06-30 19:04:48.849 worker_log:584 24686 MainThread [INFO]  Received executor task 4806
2023-06-30 19:05:45.600 worker_log:602 24686 MainThread [INFO]  Completed executor task 4806
2023-06-30 19:05:45.600 worker_log:613 24686 MainThread [INFO]  All processing finished for executor task 4806
2023-06-30 19:06:08.398 worker_log:584 24686 MainThread [INFO]  Received executor task 4830
2023-06-30 19:06:49.367 worker_log:602 24686 MainThread [INFO]  Completed executor task 4830
2023-06-30 19:06:49.368 worker_log:613 24686 MainThread [INFO]  All processing finished for executor task 4830
2023-06-30 19:07:11.033 worker_log:584 24686 MainThread [INFO]  Received executor task 4841
2023-06-30 19:08:05.774 worker_log:602 24686 MainThread [INFO]  Completed executor task 4841
2023-06-30 19:08:05.775 worker_log:613 24686 MainThread [INFO]  All processing finished for executor task 4841
2023-06-30 19:08:16.656 worker_log:584 24686 MainThread [INFO]  Received executor task 4863
2023-06-30 19:08:45.046 worker_log:602 24686 MainThread [INFO]  Completed executor task 4863
2023-06-30 19:08:45.047 worker_log:613 24686 MainThread [INFO]  All processing finished for executor task 4863
2023-06-30 19:09:33.826 worker_log:584 24686 MainThread [INFO]  Received executor task 4868
2023-06-30 19:10:12.934 worker_log:602 24686 MainThread [INFO]  Completed executor task 4868
2023-06-30 19:10:12.935 worker_log:613 24686 MainThread [INFO]  All processing finished for executor task 4868
2023-06-30 19:11:02.855 worker_log:584 24686 MainThread [INFO]  Received executor task 4889
2023-06-30 19:11:22.631 worker_log:602 24686 MainThread [INFO]  Completed executor task 4889
2023-06-30 19:11:22.632 worker_log:613 24686 MainThread [INFO]  All processing finished for executor task 4889
2023-06-30 19:13:05.727 worker_log:584 24686 MainThread [INFO]  Received executor task 4897
2023-06-30 19:13:22.590 worker_log:602 24686 MainThread [INFO]  Completed executor task 4897
2023-06-30 19:13:22.590 worker_log:613 24686 MainThread [INFO]  All processing finished for executor task 4897
2023-06-30 19:14:19.586 worker_log:584 24686 MainThread [INFO]  Received executor task 4913
2023-06-30 19:15:14.262 worker_log:602 24686 MainThread [INFO]  Completed executor task 4913
2023-06-30 19:15:14.263 worker_log:613 24686 MainThread [INFO]  All processing finished for executor task 4913
2023-06-30 19:15:29.768 worker_log:584 24686 MainThread [INFO]  Received executor task 4942
2023-06-30 19:16:01.563 worker_log:602 24686 MainThread [INFO]  Completed executor task 4942
2023-06-30 19:16:01.564 worker_log:613 24686 MainThread [INFO]  All processing finished for executor task 4942
2023-06-30 19:18:39.753 worker_log:584 24686 MainThread [INFO]  Received executor task 4952
2023-06-30 19:18:55.163 worker_log:602 24686 MainThread [INFO]  Completed executor task 4952
2023-06-30 19:18:55.164 worker_log:613 24686 MainThread [INFO]  All processing finished for executor task 4952
2023-06-30 19:19:42.550 worker_log:584 24686 MainThread [INFO]  Received executor task 4963
2023-06-30 19:20:45.526 worker_log:602 24686 MainThread [INFO]  Completed executor task 4963
2023-06-30 19:20:45.526 worker_log:613 24686 MainThread [INFO]  All processing finished for executor task 4963
2023-06-30 19:20:57.870 worker_log:584 24686 MainThread [INFO]  Received executor task 4990
2023-06-30 19:21:33.212 worker_log:602 24686 MainThread [INFO]  Completed executor task 4990
2023-06-30 19:21:33.213 worker_log:613 24686 MainThread [INFO]  All processing finished for executor task 4990
2023-06-30 19:22:02.737 worker_log:584 24686 MainThread [INFO]  Received executor task 4999
2023-06-30 19:22:35.056 worker_log:602 24686 MainThread [INFO]  Completed executor task 4999
2023-06-30 19:22:35.057 worker_log:613 24686 MainThread [INFO]  All processing finished for executor task 4999
2023-06-30 19:23:03.561 worker_log:584 24686 MainThread [INFO]  Received executor task 5012
2023-06-30 19:24:48.074 worker_log:602 24686 MainThread [INFO]  Completed executor task 5012
2023-06-30 19:24:48.075 worker_log:613 24686 MainThread [INFO]  All processing finished for executor task 5012
2023-06-30 19:24:49.239 worker_log:584 24686 MainThread [INFO]  Received executor task 5040
2023-06-30 19:25:13.677 worker_log:602 24686 MainThread [INFO]  Completed executor task 5040
2023-06-30 19:25:13.678 worker_log:613 24686 MainThread [INFO]  All processing finished for executor task 5040
2023-06-30 19:25:38.255 worker_log:584 24686 MainThread [INFO]  Received executor task 5044
2023-06-30 19:26:08.307 worker_log:602 24686 MainThread [INFO]  Completed executor task 5044
2023-06-30 19:26:08.307 worker_log:613 24686 MainThread [INFO]  All processing finished for executor task 5044
2023-06-30 19:27:01.629 worker_log:584 24686 MainThread [INFO]  Received executor task 5062
2023-06-30 19:27:30.065 worker_log:602 24686 MainThread [INFO]  Completed executor task 5062
2023-06-30 19:27:30.066 worker_log:613 24686 MainThread [INFO]  All processing finished for executor task 5062
2023-06-30 19:27:59.344 worker_log:584 24686 MainThread [INFO]  Received executor task 5077
2023-06-30 19:28:29.896 worker_log:602 24686 MainThread [INFO]  Completed executor task 5077
2023-06-30 19:28:29.897 worker_log:613 24686 MainThread [INFO]  All processing finished for executor task 5077
2023-06-30 19:29:25.647 worker_log:584 24686 MainThread [INFO]  Received executor task 5096
2023-06-30 19:30:05.103 worker_log:602 24686 MainThread [INFO]  Completed executor task 5096
2023-06-30 19:30:05.104 worker_log:613 24686 MainThread [INFO]  All processing finished for executor task 5096
2023-06-30 19:31:06.060 worker_log:584 24686 MainThread [INFO]  Received executor task 5115
2023-06-30 19:31:33.758 worker_log:602 24686 MainThread [INFO]  Completed executor task 5115
2023-06-30 19:31:33.759 worker_log:613 24686 MainThread [INFO]  All processing finished for executor task 5115
2023-06-30 19:32:58.141 worker_log:584 24686 MainThread [INFO]  Received executor task 5124
2023-06-30 19:33:42.107 worker_log:602 24686 MainThread [INFO]  Completed executor task 5124
2023-06-30 19:33:42.107 worker_log:613 24686 MainThread [INFO]  All processing finished for executor task 5124
2023-06-30 19:34:18.057 worker_log:584 24686 MainThread [INFO]  Received executor task 5146
2023-06-30 19:34:53.508 worker_log:602 24686 MainThread [INFO]  Completed executor task 5146
2023-06-30 19:34:53.508 worker_log:613 24686 MainThread [INFO]  All processing finished for executor task 5146
2023-06-30 19:35:42.617 worker_log:584 24686 MainThread [INFO]  Received executor task 5158
2023-06-30 19:36:03.352 worker_log:602 24686 MainThread [INFO]  Completed executor task 5158
2023-06-30 19:36:03.352 worker_log:613 24686 MainThread [INFO]  All processing finished for executor task 5158
2023-06-30 19:37:14.930 worker_log:584 24686 MainThread [INFO]  Received executor task 5170
2023-06-30 19:37:43.766 worker_log:602 24686 MainThread [INFO]  Completed executor task 5170
2023-06-30 19:37:43.767 worker_log:613 24686 MainThread [INFO]  All processing finished for executor task 5170
2023-06-30 19:38:46.340 worker_log:584 24686 MainThread [INFO]  Received executor task 5187
2023-06-30 19:39:32.611 worker_log:602 24686 MainThread [INFO]  Completed executor task 5187
2023-06-30 19:39:32.611 worker_log:613 24686 MainThread [INFO]  All processing finished for executor task 5187
2023-06-30 19:39:58.079 worker_log:584 24686 MainThread [INFO]  Received executor task 5212
2023-06-30 19:40:39.360 worker_log:602 24686 MainThread [INFO]  Completed executor task 5212
2023-06-30 19:40:39.361 worker_log:613 24686 MainThread [INFO]  All processing finished for executor task 5212
2023-06-30 19:41:16.057 worker_log:584 24686 MainThread [INFO]  Received executor task 5225
2023-06-30 19:41:57.282 worker_log:602 24686 MainThread [INFO]  Completed executor task 5225
2023-06-30 19:41:57.283 worker_log:613 24686 MainThread [INFO]  All processing finished for executor task 5225
2023-06-30 19:42:36.253 worker_log:584 24686 MainThread [INFO]  Received executor task 5238
2023-06-30 19:43:18.825 worker_log:602 24686 MainThread [INFO]  Completed executor task 5238
2023-06-30 19:43:18.826 worker_log:613 24686 MainThread [INFO]  All processing finished for executor task 5238
2023-06-30 19:44:16.165 worker_log:584 24686 MainThread [INFO]  Received executor task 5259
2023-06-30 19:45:23.851 worker_log:602 24686 MainThread [INFO]  Completed executor task 5259
2023-06-30 19:45:23.851 worker_log:613 24686 MainThread [INFO]  All processing finished for executor task 5259
2023-06-30 19:45:30.471 worker_log:584 24686 MainThread [INFO]  Received executor task 5278
2023-06-30 19:46:07.194 worker_log:602 24686 MainThread [INFO]  Completed executor task 5278
2023-06-30 19:46:07.195 worker_log:613 24686 MainThread [INFO]  All processing finished for executor task 5278
2023-06-30 19:46:41.070 worker_log:584 24686 MainThread [INFO]  Received executor task 5287
2023-06-30 19:46:48.106 worker_log:602 24686 MainThread [INFO]  Completed executor task 5287
2023-06-30 19:46:48.107 worker_log:613 24686 MainThread [INFO]  All processing finished for executor task 5287
2023-06-30 19:47:42.945 worker_log:584 24686 MainThread [INFO]  Received executor task 5297
2023-06-30 19:48:11.511 worker_log:602 24686 MainThread [INFO]  Completed executor task 5297
2023-06-30 19:48:11.512 worker_log:613 24686 MainThread [INFO]  All processing finished for executor task 5297
2023-06-30 19:48:52.824 worker_log:584 24686 MainThread [INFO]  Received executor task 5316
2023-06-30 19:49:47.502 worker_log:602 24686 MainThread [INFO]  Completed executor task 5316
2023-06-30 19:49:47.502 worker_log:613 24686 MainThread [INFO]  All processing finished for executor task 5316
2023-06-30 19:50:00.291 worker_log:584 24686 MainThread [INFO]  Received executor task 5341
2023-06-30 19:50:30.221 worker_log:602 24686 MainThread [INFO]  Completed executor task 5341
2023-06-30 19:50:30.221 worker_log:613 24686 MainThread [INFO]  All processing finished for executor task 5341
2023-06-30 19:52:19.017 worker_log:584 24686 MainThread [INFO]  Received executor task 5348
2023-06-30 19:53:05.912 worker_log:602 24686 MainThread [INFO]  Completed executor task 5348
2023-06-30 19:53:05.913 worker_log:613 24686 MainThread [INFO]  All processing finished for executor task 5348
2023-06-30 19:53:51.531 worker_log:584 24686 MainThread [INFO]  Received executor task 5368
2023-06-30 19:54:55.160 worker_log:602 24686 MainThread [INFO]  Completed executor task 5368
2023-06-30 19:54:55.161 worker_log:613 24686 MainThread [INFO]  All processing finished for executor task 5368
2023-06-30 19:55:10.894 worker_log:584 24686 MainThread [INFO]  Received executor task 5390
2023-06-30 19:56:00.500 worker_log:602 24686 MainThread [INFO]  Completed executor task 5390
2023-06-30 19:56:00.500 worker_log:613 24686 MainThread [INFO]  All processing finished for executor task 5390
2023-06-30 19:56:16.649 worker_log:584 24686 MainThread [INFO]  Received executor task 5405
2023-06-30 19:56:42.042 worker_log:602 24686 MainThread [INFO]  Completed executor task 5405
2023-06-30 19:56:42.042 worker_log:613 24686 MainThread [INFO]  All processing finished for executor task 5405
2023-06-30 19:57:44.507 worker_log:584 24686 MainThread [INFO]  Received executor task 5411
2023-06-30 19:58:24.599 worker_log:602 24686 MainThread [INFO]  Completed executor task 5411
2023-06-30 19:58:24.600 worker_log:613 24686 MainThread [INFO]  All processing finished for executor task 5411
2023-06-30 19:59:03.394 worker_log:584 24686 MainThread [INFO]  Received executor task 5432
2023-06-30 19:59:28.627 worker_log:602 24686 MainThread [INFO]  Completed executor task 5432
2023-06-30 19:59:28.628 worker_log:613 24686 MainThread [INFO]  All processing finished for executor task 5432
2023-06-30 20:00:03.789 worker_log:584 24686 MainThread [INFO]  Received executor task 5445
2023-06-30 20:01:09.098 worker_log:602 24686 MainThread [INFO]  Completed executor task 5445
2023-06-30 20:01:09.099 worker_log:613 24686 MainThread [INFO]  All processing finished for executor task 5445
2023-06-30 20:01:10.249 worker_log:584 24686 MainThread [INFO]  Received executor task 5472
2023-06-30 20:01:45.749 worker_log:602 24686 MainThread [INFO]  Completed executor task 5472
2023-06-30 20:01:45.750 worker_log:613 24686 MainThread [INFO]  All processing finished for executor task 5472
2023-06-30 20:02:20.358 worker_log:584 24686 MainThread [INFO]  Received executor task 5479
2023-06-30 20:03:00.126 worker_log:602 24686 MainThread [INFO]  Completed executor task 5479
2023-06-30 20:03:00.127 worker_log:613 24686 MainThread [INFO]  All processing finished for executor task 5479
2023-06-30 20:03:15.248 worker_log:584 24686 MainThread [INFO]  Received executor task 5500
2023-06-30 20:03:54.680 worker_log:602 24686 MainThread [INFO]  Completed executor task 5500
2023-06-30 20:03:54.681 worker_log:613 24686 MainThread [INFO]  All processing finished for executor task 5500
2023-06-30 20:04:19.641 worker_log:584 24686 MainThread [INFO]  Received executor task 5514
2023-06-30 20:05:06.981 worker_log:602 24686 MainThread [INFO]  Completed executor task 5514
2023-06-30 20:05:06.982 worker_log:613 24686 MainThread [INFO]  All processing finished for executor task 5514
2023-06-30 20:05:37.933 worker_log:584 24686 MainThread [INFO]  Received executor task 5532
2023-06-30 20:05:56.032 worker_log:602 24686 MainThread [INFO]  Completed executor task 5532
2023-06-30 20:05:56.032 worker_log:613 24686 MainThread [INFO]  All processing finished for executor task 5532
2023-06-30 20:06:36.857 worker_log:584 24686 MainThread [INFO]  Received executor task 5538
2023-06-30 20:07:06.657 worker_log:602 24686 MainThread [INFO]  Completed executor task 5538
2023-06-30 20:07:06.657 worker_log:613 24686 MainThread [INFO]  All processing finished for executor task 5538
2023-06-30 20:07:53.276 worker_log:584 24686 MainThread [INFO]  Received executor task 5559
2023-06-30 20:08:41.330 worker_log:602 24686 MainThread [INFO]  Completed executor task 5559
2023-06-30 20:08:41.330 worker_log:613 24686 MainThread [INFO]  All processing finished for executor task 5559
2023-06-30 20:09:18.252 worker_log:584 24686 MainThread [INFO]  Received executor task 5577
2023-06-30 20:10:16.424 worker_log:602 24686 MainThread [INFO]  Completed executor task 5577
2023-06-30 20:10:16.424 worker_log:613 24686 MainThread [INFO]  All processing finished for executor task 5577
2023-06-30 20:10:47.507 worker_log:584 24686 MainThread [INFO]  Received executor task 5597
2023-06-30 20:11:23.532 worker_log:602 24686 MainThread [INFO]  Completed executor task 5597
2023-06-30 20:11:23.533 worker_log:613 24686 MainThread [INFO]  All processing finished for executor task 5597
2023-06-30 20:12:07.890 worker_log:584 24686 MainThread [INFO]  Received executor task 5610
2023-06-30 20:12:35.276 worker_log:602 24686 MainThread [INFO]  Completed executor task 5610
2023-06-30 20:12:35.277 worker_log:613 24686 MainThread [INFO]  All processing finished for executor task 5610
2023-06-30 20:13:31.891 worker_log:584 24686 MainThread [INFO]  Received executor task 5621
2023-06-30 20:14:01.913 worker_log:602 24686 MainThread [INFO]  Completed executor task 5621
2023-06-30 20:14:01.914 worker_log:613 24686 MainThread [INFO]  All processing finished for executor task 5621
2023-06-30 20:14:47.191 worker_log:584 24686 MainThread [INFO]  Received executor task 5638
