2023-06-30 12:25:40.259 worker_log:538 24652 MainThread [INFO]  Worker 1 started
2023-06-30 12:27:53.995 worker_log:584 24652 MainThread [INFO]  Received executor task 2
2023-06-30 12:28:37.829 worker_log:602 24652 MainThread [INFO]  Completed executor task 2
2023-06-30 12:28:37.830 worker_log:613 24652 MainThread [INFO]  All processing finished for executor task 2
2023-06-30 12:29:18.147 worker_log:584 24652 MainThread [INFO]  Received executor task 27
2023-06-30 12:30:10.201 worker_log:602 24652 MainThread [INFO]  Completed executor task 27
2023-06-30 12:30:10.202 worker_log:613 24652 MainThread [INFO]  All processing finished for executor task 27
2023-06-30 12:30:17.266 worker_log:584 24652 MainThread [INFO]  Received executor task 46
2023-06-30 12:31:03.535 worker_log:602 24652 MainThread [INFO]  Completed executor task 46
2023-06-30 12:31:03.536 worker_log:613 24652 MainThread [INFO]  All processing finished for executor task 46
2023-06-30 12:31:36.537 worker_log:584 24652 MainThread [INFO]  Received executor task 59
2023-06-30 12:33:05.386 worker_log:602 24652 MainThread [INFO]  Completed executor task 59
2023-06-30 12:33:05.386 worker_log:613 24652 MainThread [INFO]  All processing finished for executor task 59
2023-06-30 12:33:06.355 worker_log:584 24652 MainThread [INFO]  Received executor task 80
2023-06-30 12:33:57.288 worker_log:602 24652 MainThread [INFO]  Completed executor task 80
2023-06-30 12:33:57.288 worker_log:613 24652 MainThread [INFO]  All processing finished for executor task 80
2023-06-30 12:34:36.174 worker_log:584 24652 MainThread [INFO]  Received executor task 93
2023-06-30 12:35:01.704 worker_log:602 24652 MainThread [INFO]  Completed executor task 93
2023-06-30 12:35:01.705 worker_log:613 24652 MainThread [INFO]  All processing finished for executor task 93
2023-06-30 12:35:46.383 worker_log:584 24652 MainThread [INFO]  Received executor task 99
2023-06-30 12:36:21.949 worker_log:602 24652 MainThread [INFO]  Completed executor task 99
2023-06-30 12:36:21.950 worker_log:613 24652 MainThread [INFO]  All processing finished for executor task 99
2023-06-30 12:37:07.484 worker_log:584 24652 MainThread [INFO]  Received executor task 117
2023-06-30 12:37:24.610 worker_log:602 24652 MainThread [INFO]  Completed executor task 117
2023-06-30 12:37:24.611 worker_log:613 24652 MainThread [INFO]  All processing finished for executor task 117
2023-06-30 12:38:46.064 worker_log:584 24652 MainThread [INFO]  Received executor task 131
2023-06-30 12:39:17.031 worker_log:602 24652 MainThread [INFO]  Completed executor task 131
2023-06-30 12:39:17.032 worker_log:613 24652 MainThread [INFO]  All processing finished for executor task 131
2023-06-30 12:39:35.299 worker_log:584 24652 MainThread [INFO]  Received executor task 150
2023-06-30 12:40:18.234 worker_log:602 24652 MainThread [INFO]  Completed executor task 150
2023-06-30 12:40:18.234 worker_log:613 24652 MainThread [INFO]  All processing finished for executor task 150
2023-06-30 12:40:42.352 worker_log:584 24652 MainThread [INFO]  Received executor task 168
2023-06-30 12:42:09.174 worker_log:602 24652 MainThread [INFO]  Completed executor task 168
2023-06-30 12:42:09.175 worker_log:613 24652 MainThread [INFO]  All processing finished for executor task 168
2023-06-30 12:42:25.553 worker_log:584 24652 MainThread [INFO]  Received executor task 191
2023-06-30 12:42:34.869 worker_log:602 24652 MainThread [INFO]  Completed executor task 191
2023-06-30 12:42:34.869 worker_log:613 24652 MainThread [INFO]  All processing finished for executor task 191
2023-06-30 12:43:29.759 worker_log:584 24652 MainThread [INFO]  Received executor task 193
2023-06-30 12:44:35.399 worker_log:602 24652 MainThread [INFO]  Completed executor task 193
2023-06-30 12:44:35.400 worker_log:613 24652 MainThread [INFO]  All processing finished for executor task 193
2023-06-30 12:44:55.112 worker_log:584 24652 MainThread [INFO]  Received executor task 222
2023-06-30 12:45:43.960 worker_log:602 24652 MainThread [INFO]  Completed executor task 222
2023-06-30 12:45:43.960 worker_log:613 24652 MainThread [INFO]  All processing finished for executor task 222
2023-06-30 12:45:49.833 worker_log:584 24652 MainThread [INFO]  Received executor task 239
2023-06-30 12:46:25.011 worker_log:602 24652 MainThread [INFO]  Completed executor task 239
2023-06-30 12:46:25.011 worker_log:613 24652 MainThread [INFO]  All processing finished for executor task 239
2023-06-30 12:47:06.645 worker_log:584 24652 MainThread [INFO]  Received executor task 245
2023-06-30 12:48:00.406 worker_log:602 24652 MainThread [INFO]  Completed executor task 245
2023-06-30 12:48:00.406 worker_log:613 24652 MainThread [INFO]  All processing finished for executor task 245
2023-06-30 12:48:04.874 worker_log:584 24652 MainThread [INFO]  Received executor task 271
2023-06-30 12:48:28.752 worker_log:602 24652 MainThread [INFO]  Completed executor task 271
2023-06-30 12:48:28.752 worker_log:613 24652 MainThread [INFO]  All processing finished for executor task 271
2023-06-30 12:49:09.258 worker_log:584 24652 MainThread [INFO]  Received executor task 276
2023-06-30 12:49:36.806 worker_log:602 24652 MainThread [INFO]  Completed executor task 276
2023-06-30 12:49:36.807 worker_log:613 24652 MainThread [INFO]  All processing finished for executor task 276
2023-06-30 12:50:37.062 worker_log:584 24652 MainThread [INFO]  Received executor task 290
2023-06-30 12:51:04.918 worker_log:602 24652 MainThread [INFO]  Completed executor task 290
2023-06-30 12:51:04.919 worker_log:613 24652 MainThread [INFO]  All processing finished for executor task 290
2023-06-30 12:51:59.412 worker_log:584 24652 MainThread [INFO]  Received executor task 308
2023-06-30 12:52:38.544 worker_log:602 24652 MainThread [INFO]  Completed executor task 308
2023-06-30 12:52:38.545 worker_log:613 24652 MainThread [INFO]  All processing finished for executor task 308
2023-06-30 12:53:22.387 worker_log:584 24652 MainThread [INFO]  Received executor task 329
2023-06-30 12:54:54.384 worker_log:602 24652 MainThread [INFO]  Completed executor task 329
2023-06-30 12:54:54.385 worker_log:613 24652 MainThread [INFO]  All processing finished for executor task 329
2023-06-30 12:54:55.425 worker_log:584 24652 MainThread [INFO]  Received executor task 352
2023-06-30 12:55:20.076 worker_log:602 24652 MainThread [INFO]  Completed executor task 352
2023-06-30 12:55:20.077 worker_log:613 24652 MainThread [INFO]  All processing finished for executor task 352
2023-06-30 12:56:36.286 worker_log:584 24652 MainThread [INFO]  Received executor task 353
2023-06-30 12:56:56.368 worker_log:602 24652 MainThread [INFO]  Completed executor task 353
2023-06-30 12:56:56.368 worker_log:613 24652 MainThread [INFO]  All processing finished for executor task 353
2023-06-30 12:58:31.778 worker_log:584 24652 MainThread [INFO]  Received executor task 370
2023-06-30 12:59:13.621 worker_log:602 24652 MainThread [INFO]  Completed executor task 370
2023-06-30 12:59:13.622 worker_log:613 24652 MainThread [INFO]  All processing finished for executor task 370
2023-06-30 12:59:45.024 worker_log:584 24652 MainThread [INFO]  Received executor task 395
2023-06-30 13:00:31.441 worker_log:602 24652 MainThread [INFO]  Completed executor task 395
2023-06-30 13:00:31.442 worker_log:613 24652 MainThread [INFO]  All processing finished for executor task 395
2023-06-30 13:01:05.304 worker_log:584 24652 MainThread [INFO]  Received executor task 410
2023-06-30 13:02:13.844 worker_log:602 24652 MainThread [INFO]  Completed executor task 410
2023-06-30 13:02:13.844 worker_log:613 24652 MainThread [INFO]  All processing finished for executor task 410
2023-06-30 13:02:23.586 worker_log:584 24652 MainThread [INFO]  Received executor task 431
2023-06-30 13:04:03.916 worker_log:602 24652 MainThread [INFO]  Completed executor task 431
2023-06-30 13:04:03.916 worker_log:613 24652 MainThread [INFO]  All processing finished for executor task 431
2023-06-30 13:04:05.307 worker_log:584 24652 MainThread [INFO]  Received executor task 448
2023-06-30 13:04:26.567 worker_log:602 24652 MainThread [INFO]  Completed executor task 448
2023-06-30 13:04:26.568 worker_log:613 24652 MainThread [INFO]  All processing finished for executor task 448
2023-06-30 13:05:04.702 worker_log:584 24652 MainThread [INFO]  Received executor task 450
2023-06-30 13:05:55.277 worker_log:602 24652 MainThread [INFO]  Completed executor task 450
2023-06-30 13:05:55.277 worker_log:613 24652 MainThread [INFO]  All processing finished for executor task 450
2023-06-30 13:06:14.584 worker_log:584 24652 MainThread [INFO]  Received executor task 476
2023-06-30 13:06:54.373 worker_log:602 24652 MainThread [INFO]  Completed executor task 476
2023-06-30 13:06:54.373 worker_log:613 24652 MainThread [INFO]  All processing finished for executor task 476
2023-06-30 13:07:58.408 worker_log:584 24652 MainThread [INFO]  Received executor task 489
2023-06-30 13:08:22.471 worker_log:602 24652 MainThread [INFO]  Completed executor task 489
2023-06-30 13:08:22.471 worker_log:613 24652 MainThread [INFO]  All processing finished for executor task 489
2023-06-30 13:09:02.704 worker_log:584 24652 MainThread [INFO]  Received executor task 499
2023-06-30 13:09:56.100 worker_log:602 24652 MainThread [INFO]  Completed executor task 499
2023-06-30 13:09:56.100 worker_log:613 24652 MainThread [INFO]  All processing finished for executor task 499
2023-06-30 13:10:50.364 worker_log:584 24652 MainThread [INFO]  Received executor task 524
2023-06-30 13:11:24.274 worker_log:602 24652 MainThread [INFO]  Completed executor task 524
2023-06-30 13:11:24.274 worker_log:613 24652 MainThread [INFO]  All processing finished for executor task 524
2023-06-30 13:11:59.967 worker_log:584 24652 MainThread [INFO]  Received executor task 532
2023-06-30 13:12:16.145 worker_log:602 24652 MainThread [INFO]  Completed executor task 532
2023-06-30 13:12:16.146 worker_log:613 24652 MainThread [INFO]  All processing finished for executor task 532
2023-06-30 13:13:37.011 worker_log:584 24652 MainThread [INFO]  Received executor task 547
2023-06-30 13:14:23.502 worker_log:602 24652 MainThread [INFO]  Completed executor task 547
2023-06-30 13:14:23.502 worker_log:613 24652 MainThread [INFO]  All processing finished for executor task 547
2023-06-30 13:14:49.567 worker_log:584 24652 MainThread [INFO]  Received executor task 567
2023-06-30 13:15:39.989 worker_log:602 24652 MainThread [INFO]  Completed executor task 567
2023-06-30 13:15:39.990 worker_log:613 24652 MainThread [INFO]  All processing finished for executor task 567
2023-06-30 13:15:56.072 worker_log:584 24652 MainThread [INFO]  Received executor task 589
2023-06-30 13:16:37.313 worker_log:602 24652 MainThread [INFO]  Completed executor task 589
2023-06-30 13:16:37.313 worker_log:613 24652 MainThread [INFO]  All processing finished for executor task 589
2023-06-30 13:16:55.549 worker_log:584 24652 MainThread [INFO]  Received executor task 603
2023-06-30 13:17:43.839 worker_log:602 24652 MainThread [INFO]  Completed executor task 603
2023-06-30 13:17:43.840 worker_log:613 24652 MainThread [INFO]  All processing finished for executor task 603
2023-06-30 13:18:08.180 worker_log:584 24652 MainThread [INFO]  Received executor task 623
2023-06-30 13:18:49.504 worker_log:602 24652 MainThread [INFO]  Completed executor task 623
2023-06-30 13:18:49.505 worker_log:613 24652 MainThread [INFO]  All processing finished for executor task 623
2023-06-30 13:19:17.999 worker_log:584 24652 MainThread [INFO]  Received executor task 635
2023-06-30 13:19:58.368 worker_log:602 24652 MainThread [INFO]  Completed executor task 635
2023-06-30 13:19:58.369 worker_log:613 24652 MainThread [INFO]  All processing finished for executor task 635
2023-06-30 13:20:39.371 worker_log:584 24652 MainThread [INFO]  Received executor task 647
2023-06-30 13:21:26.198 worker_log:602 24652 MainThread [INFO]  Completed executor task 647
2023-06-30 13:21:26.199 worker_log:613 24652 MainThread [INFO]  All processing finished for executor task 647
2023-06-30 13:21:47.597 worker_log:584 24652 MainThread [INFO]  Received executor task 668
2023-06-30 13:22:19.340 worker_log:602 24652 MainThread [INFO]  Completed executor task 668
2023-06-30 13:22:19.341 worker_log:613 24652 MainThread [INFO]  All processing finished for executor task 668
2023-06-30 13:23:08.151 worker_log:584 24652 MainThread [INFO]  Received executor task 679
2023-06-30 13:24:03.440 worker_log:602 24652 MainThread [INFO]  Completed executor task 679
2023-06-30 13:24:03.440 worker_log:613 24652 MainThread [INFO]  All processing finished for executor task 679
2023-06-30 13:24:23.709 worker_log:584 24652 MainThread [INFO]  Received executor task 702
2023-06-30 13:25:11.788 worker_log:602 24652 MainThread [INFO]  Completed executor task 702
2023-06-30 13:25:11.788 worker_log:613 24652 MainThread [INFO]  All processing finished for executor task 702
2023-06-30 13:25:37.933 worker_log:584 24652 MainThread [INFO]  Received executor task 712
2023-06-30 13:26:14.236 worker_log:602 24652 MainThread [INFO]  Completed executor task 712
2023-06-30 13:26:14.237 worker_log:613 24652 MainThread [INFO]  All processing finished for executor task 712
2023-06-30 13:26:56.057 worker_log:584 24652 MainThread [INFO]  Received executor task 726
2023-06-30 13:27:58.588 worker_log:602 24652 MainThread [INFO]  Completed executor task 726
2023-06-30 13:27:58.588 worker_log:613 24652 MainThread [INFO]  All processing finished for executor task 726
2023-06-30 13:28:05.102 worker_log:584 24652 MainThread [INFO]  Received executor task 751
2023-06-30 13:28:31.491 worker_log:602 24652 MainThread [INFO]  Completed executor task 751
2023-06-30 13:28:31.492 worker_log:613 24652 MainThread [INFO]  All processing finished for executor task 751
2023-06-30 13:29:36.673 worker_log:584 24652 MainThread [INFO]  Received executor task 756
2023-06-30 13:30:07.716 worker_log:602 24652 MainThread [INFO]  Completed executor task 756
2023-06-30 13:30:07.717 worker_log:613 24652 MainThread [INFO]  All processing finished for executor task 756
2023-06-30 13:30:44.380 worker_log:584 24652 MainThread [INFO]  Received executor task 772
2023-06-30 13:31:33.601 worker_log:602 24652 MainThread [INFO]  Completed executor task 772
2023-06-30 13:31:33.602 worker_log:613 24652 MainThread [INFO]  All processing finished for executor task 772
2023-06-30 13:31:58.404 worker_log:584 24652 MainThread [INFO]  Received executor task 794
2023-06-30 13:32:25.531 worker_log:602 24652 MainThread [INFO]  Completed executor task 794
2023-06-30 13:32:25.532 worker_log:613 24652 MainThread [INFO]  All processing finished for executor task 794
2023-06-30 13:33:04.879 worker_log:584 24652 MainThread [INFO]  Received executor task 801
2023-06-30 13:33:39.515 worker_log:602 24652 MainThread [INFO]  Completed executor task 801
2023-06-30 13:33:39.516 worker_log:613 24652 MainThread [INFO]  All processing finished for executor task 801
2023-06-30 13:34:12.858 worker_log:584 24652 MainThread [INFO]  Received executor task 825
2023-06-30 13:34:30.253 worker_log:602 24652 MainThread [INFO]  Completed executor task 825
2023-06-30 13:34:30.254 worker_log:613 24652 MainThread [INFO]  All processing finished for executor task 825
2023-06-30 13:35:38.538 worker_log:584 24652 MainThread [INFO]  Received executor task 834
2023-06-30 13:36:07.201 worker_log:602 24652 MainThread [INFO]  Completed executor task 834
2023-06-30 13:36:07.202 worker_log:613 24652 MainThread [INFO]  All processing finished for executor task 834
2023-06-30 13:36:59.530 worker_log:584 24652 MainThread [INFO]  Received executor task 851
2023-06-30 13:37:32.449 worker_log:602 24652 MainThread [INFO]  Completed executor task 851
2023-06-30 13:37:32.450 worker_log:613 24652 MainThread [INFO]  All processing finished for executor task 851
2023-06-30 13:38:51.429 worker_log:584 24652 MainThread [INFO]  Received executor task 871
2023-06-30 13:39:35.482 worker_log:602 24652 MainThread [INFO]  Completed executor task 871
2023-06-30 13:39:35.483 worker_log:613 24652 MainThread [INFO]  All processing finished for executor task 871
2023-06-30 13:40:05.268 worker_log:584 24652 MainThread [INFO]  Received executor task 891
2023-06-30 13:40:36.250 worker_log:602 24652 MainThread [INFO]  Completed executor task 891
2023-06-30 13:40:36.251 worker_log:613 24652 MainThread [INFO]  All processing finished for executor task 891
2023-06-30 13:41:15.190 worker_log:584 24652 MainThread [INFO]  Received executor task 902
2023-06-30 13:42:16.586 worker_log:602 24652 MainThread [INFO]  Completed executor task 902
2023-06-30 13:42:16.587 worker_log:613 24652 MainThread [INFO]  All processing finished for executor task 902
2023-06-30 13:42:30.731 worker_log:584 24652 MainThread [INFO]  Received executor task 927
2023-06-30 13:43:03.737 worker_log:602 24652 MainThread [INFO]  Completed executor task 927
2023-06-30 13:43:03.737 worker_log:613 24652 MainThread [INFO]  All processing finished for executor task 927
2023-06-30 13:44:04.975 worker_log:584 24652 MainThread [INFO]  Received executor task 935
2023-06-30 13:44:37.078 worker_log:602 24652 MainThread [INFO]  Completed executor task 935
2023-06-30 13:44:37.079 worker_log:613 24652 MainThread [INFO]  All processing finished for executor task 935
2023-06-30 13:45:27.992 worker_log:584 24652 MainThread [INFO]  Received executor task 946
2023-06-30 13:45:40.632 worker_log:602 24652 MainThread [INFO]  Completed executor task 946
2023-06-30 13:45:40.633 worker_log:613 24652 MainThread [INFO]  All processing finished for executor task 946
2023-06-30 13:47:01.260 worker_log:584 24652 MainThread [INFO]  Received executor task 961
2023-06-30 13:47:31.505 worker_log:602 24652 MainThread [INFO]  Completed executor task 961
2023-06-30 13:47:31.505 worker_log:613 24652 MainThread [INFO]  All processing finished for executor task 961
2023-06-30 13:48:26.345 worker_log:584 24652 MainThread [INFO]  Received executor task 978
2023-06-30 13:49:32.027 worker_log:602 24652 MainThread [INFO]  Completed executor task 978
2023-06-30 13:49:32.028 worker_log:613 24652 MainThread [INFO]  All processing finished for executor task 978
2023-06-30 13:49:55.636 worker_log:584 24652 MainThread [INFO]  Received executor task 1006
2023-06-30 13:50:27.847 worker_log:602 24652 MainThread [INFO]  Completed executor task 1006
2023-06-30 13:50:27.847 worker_log:613 24652 MainThread [INFO]  All processing finished for executor task 1006
2023-06-30 13:51:17.764 worker_log:584 24652 MainThread [INFO]  Received executor task 1012
2023-06-30 13:52:32.637 worker_log:602 24652 MainThread [INFO]  Completed executor task 1012
2023-06-30 13:52:32.638 worker_log:613 24652 MainThread [INFO]  All processing finished for executor task 1012
2023-06-30 13:52:33.839 worker_log:584 24652 MainThread [INFO]  Received executor task 1040
2023-06-30 13:53:23.279 worker_log:602 24652 MainThread [INFO]  Completed executor task 1040
2023-06-30 13:53:23.280 worker_log:613 24652 MainThread [INFO]  All processing finished for executor task 1040
2023-06-30 13:54:04.740 worker_log:584 24652 MainThread [INFO]  Received executor task 1052
2023-06-30 13:54:34.016 worker_log:602 24652 MainThread [INFO]  Completed executor task 1052
2023-06-30 13:54:34.016 worker_log:613 24652 MainThread [INFO]  All processing finished for executor task 1052
2023-06-30 13:55:40.028 worker_log:584 24652 MainThread [INFO]  Received executor task 1062
2023-06-30 13:56:16.817 worker_log:602 24652 MainThread [INFO]  Completed executor task 1062
2023-06-30 13:56:16.818 worker_log:613 24652 MainThread [INFO]  All processing finished for executor task 1062
2023-06-30 13:57:12.016 worker_log:584 24652 MainThread [INFO]  Received executor task 1081
2023-06-30 13:57:47.154 worker_log:602 24652 MainThread [INFO]  Completed executor task 1081
2023-06-30 13:57:47.154 worker_log:613 24652 MainThread [INFO]  All processing finished for executor task 1081
2023-06-30 13:58:54.260 worker_log:584 24652 MainThread [INFO]  Received executor task 1094
2023-06-30 13:59:58.446 worker_log:602 24652 MainThread [INFO]  Completed executor task 1094
2023-06-30 13:59:58.447 worker_log:613 24652 MainThread [INFO]  All processing finished for executor task 1094
2023-06-30 14:00:04.608 worker_log:584 24652 MainThread [INFO]  Received executor task 1118
2023-06-30 14:00:33.870 worker_log:602 24652 MainThread [INFO]  Completed executor task 1118
2023-06-30 14:00:33.870 worker_log:613 24652 MainThread [INFO]  All processing finished for executor task 1118
2023-06-30 14:01:35.430 worker_log:584 24652 MainThread [INFO]  Received executor task 1128
2023-06-30 14:02:38.879 worker_log:602 24652 MainThread [INFO]  Completed executor task 1128
2023-06-30 14:02:38.879 worker_log:613 24652 MainThread [INFO]  All processing finished for executor task 1128
2023-06-30 14:02:51.937 worker_log:584 24652 MainThread [INFO]  Received executor task 1149
2023-06-30 14:03:00.971 worker_log:602 24652 MainThread [INFO]  Completed executor task 1149
2023-06-30 14:03:00.972 worker_log:613 24652 MainThread [INFO]  All processing finished for executor task 1149
2023-06-30 14:03:58.906 worker_log:584 24652 MainThread [INFO]  Received executor task 1153
2023-06-30 14:04:52.130 worker_log:602 24652 MainThread [INFO]  Completed executor task 1153
2023-06-30 14:04:52.130 worker_log:613 24652 MainThread [INFO]  All processing finished for executor task 1153
2023-06-30 14:05:01.437 worker_log:584 24652 MainThread [INFO]  Received executor task 1179
2023-06-30 14:06:02.329 worker_log:602 24652 MainThread [INFO]  Completed executor task 1179
2023-06-30 14:06:02.330 worker_log:613 24652 MainThread [INFO]  All processing finished for executor task 1179
2023-06-30 14:06:37.482 worker_log:584 24652 MainThread [INFO]  Received executor task 1197
2023-06-30 14:07:30.891 worker_log:602 24652 MainThread [INFO]  Completed executor task 1197
2023-06-30 14:07:30.892 worker_log:613 24652 MainThread [INFO]  All processing finished for executor task 1197
2023-06-30 14:08:04.476 worker_log:584 24652 MainThread [INFO]  Received executor task 1212
2023-06-30 14:08:34.517 worker_log:602 24652 MainThread [INFO]  Completed executor task 1212
2023-06-30 14:08:34.517 worker_log:613 24652 MainThread [INFO]  All processing finished for executor task 1212
2023-06-30 14:09:15.130 worker_log:584 24652 MainThread [INFO]  Received executor task 1222
2023-06-30 14:09:42.369 worker_log:602 24652 MainThread [INFO]  Completed executor task 1222
2023-06-30 14:09:42.370 worker_log:613 24652 MainThread [INFO]  All processing finished for executor task 1222
2023-06-30 14:10:38.469 worker_log:584 24652 MainThread [INFO]  Received executor task 1235
2023-06-30 14:11:21.033 worker_log:602 24652 MainThread [INFO]  Completed executor task 1235
2023-06-30 14:11:21.034 worker_log:613 24652 MainThread [INFO]  All processing finished for executor task 1235
2023-06-30 14:12:32.454 worker_log:584 24652 MainThread [INFO]  Received executor task 1256
2023-06-30 14:13:14.491 worker_log:602 24652 MainThread [INFO]  Completed executor task 1256
2023-06-30 14:13:14.491 worker_log:613 24652 MainThread [INFO]  All processing finished for executor task 1256
2023-06-30 14:14:10.539 worker_log:584 24652 MainThread [INFO]  Received executor task 1273
2023-06-30 14:14:26.342 worker_log:602 24652 MainThread [INFO]  Completed executor task 1273
2023-06-30 14:14:26.342 worker_log:613 24652 MainThread [INFO]  All processing finished for executor task 1273
2023-06-30 14:15:26.098 worker_log:584 24652 MainThread [INFO]  Received executor task 1282
2023-06-30 14:15:50.449 worker_log:602 24652 MainThread [INFO]  Completed executor task 1282
2023-06-30 14:15:50.450 worker_log:613 24652 MainThread [INFO]  All processing finished for executor task 1282
2023-06-30 14:16:23.478 worker_log:584 24652 MainThread [INFO]  Received executor task 1298
2023-06-30 14:16:58.435 worker_log:602 24652 MainThread [INFO]  Completed executor task 1298
2023-06-30 14:16:58.435 worker_log:613 24652 MainThread [INFO]  All processing finished for executor task 1298
2023-06-30 14:17:42.975 worker_log:584 24652 MainThread [INFO]  Received executor task 1321
2023-06-30 14:18:14.524 worker_log:602 24652 MainThread [INFO]  Completed executor task 1321
2023-06-30 14:18:14.524 worker_log:613 24652 MainThread [INFO]  All processing finished for executor task 1321
2023-06-30 14:19:22.245 worker_log:584 24652 MainThread [INFO]  Received executor task 1335
2023-06-30 14:20:11.861 worker_log:602 24652 MainThread [INFO]  Completed executor task 1335
2023-06-30 14:20:11.861 worker_log:613 24652 MainThread [INFO]  All processing finished for executor task 1335
2023-06-30 14:20:33.562 worker_log:584 24652 MainThread [INFO]  Received executor task 1357
2023-06-30 14:21:21.242 worker_log:602 24652 MainThread [INFO]  Completed executor task 1357
2023-06-30 14:21:21.243 worker_log:613 24652 MainThread [INFO]  All processing finished for executor task 1357
2023-06-30 14:21:58.605 worker_log:584 24652 MainThread [INFO]  Received executor task 1370
2023-06-30 14:22:30.050 worker_log:602 24652 MainThread [INFO]  Completed executor task 1370
2023-06-30 14:22:30.050 worker_log:613 24652 MainThread [INFO]  All processing finished for executor task 1370
2023-06-30 14:23:08.182 worker_log:584 24652 MainThread [INFO]  Received executor task 1385
2023-06-30 14:23:48.603 worker_log:602 24652 MainThread [INFO]  Completed executor task 1385
2023-06-30 14:23:48.603 worker_log:613 24652 MainThread [INFO]  All processing finished for executor task 1385
2023-06-30 14:24:27.541 worker_log:584 24652 MainThread [INFO]  Received executor task 1403
2023-06-30 14:25:05.077 worker_log:602 24652 MainThread [INFO]  Completed executor task 1403
2023-06-30 14:25:05.078 worker_log:613 24652 MainThread [INFO]  All processing finished for executor task 1403
2023-06-30 14:25:36.238 worker_log:584 24652 MainThread [INFO]  Received executor task 1417
2023-06-30 14:26:02.048 worker_log:602 24652 MainThread [INFO]  Completed executor task 1417
2023-06-30 14:26:02.048 worker_log:613 24652 MainThread [INFO]  All processing finished for executor task 1417
2023-06-30 14:26:45.414 worker_log:584 24652 MainThread [INFO]  Received executor task 1428
2023-06-30 14:27:52.613 worker_log:602 24652 MainThread [INFO]  Completed executor task 1428
2023-06-30 14:27:52.613 worker_log:613 24652 MainThread [INFO]  All processing finished for executor task 1428
2023-06-30 14:27:53.669 worker_log:584 24652 MainThread [INFO]  Received executor task 1456
2023-06-30 14:29:16.700 worker_log:602 24652 MainThread [INFO]  Completed executor task 1456
2023-06-30 14:29:16.701 worker_log:613 24652 MainThread [INFO]  All processing finished for executor task 1456
2023-06-30 14:29:17.883 worker_log:584 24652 MainThread [INFO]  Received executor task 1472
2023-06-30 14:30:23.834 worker_log:602 24652 MainThread [INFO]  Completed executor task 1472
2023-06-30 14:30:23.834 worker_log:613 24652 MainThread [INFO]  All processing finished for executor task 1472
2023-06-30 14:30:25.415 worker_log:584 24652 MainThread [INFO]  Received executor task 1488
2023-06-30 14:31:26.881 worker_log:602 24652 MainThread [INFO]  Completed executor task 1488
2023-06-30 14:31:26.881 worker_log:613 24652 MainThread [INFO]  All processing finished for executor task 1488
2023-06-30 14:32:02.331 worker_log:584 24652 MainThread [INFO]  Received executor task 1503
2023-06-30 14:32:53.314 worker_log:602 24652 MainThread [INFO]  Completed executor task 1503
2023-06-30 14:32:53.315 worker_log:613 24652 MainThread [INFO]  All processing finished for executor task 1503
2023-06-30 14:33:26.500 worker_log:584 24652 MainThread [INFO]  Received executor task 1514
2023-06-30 14:34:17.262 worker_log:602 24652 MainThread [INFO]  Completed executor task 1514
2023-06-30 14:34:17.262 worker_log:613 24652 MainThread [INFO]  All processing finished for executor task 1514
2023-06-30 14:34:43.228 worker_log:584 24652 MainThread [INFO]  Received executor task 1534
2023-06-30 14:35:35.197 worker_log:602 24652 MainThread [INFO]  Completed executor task 1534
2023-06-30 14:35:35.197 worker_log:613 24652 MainThread [INFO]  All processing finished for executor task 1534
2023-06-30 14:35:37.632 worker_log:584 24652 MainThread [INFO]  Received executor task 1551
2023-06-30 14:36:35.501 worker_log:602 24652 MainThread [INFO]  Completed executor task 1551
2023-06-30 14:36:35.501 worker_log:613 24652 MainThread [INFO]  All processing finished for executor task 1551
2023-06-30 14:37:00.803 worker_log:584 24652 MainThread [INFO]  Received executor task 1564
2023-06-30 14:38:03.264 worker_log:602 24652 MainThread [INFO]  Completed executor task 1564
2023-06-30 14:38:03.265 worker_log:613 24652 MainThread [INFO]  All processing finished for executor task 1564
2023-06-30 14:38:08.844 worker_log:584 24652 MainThread [INFO]  Received executor task 1581
2023-06-30 14:38:34.294 worker_log:602 24652 MainThread [INFO]  Completed executor task 1581
2023-06-30 14:38:34.294 worker_log:613 24652 MainThread [INFO]  All processing finished for executor task 1581
2023-06-30 14:39:05.240 worker_log:584 24652 MainThread [INFO]  Received executor task 1592
2023-06-30 14:39:24.220 worker_log:602 24652 MainThread [INFO]  Completed executor task 1592
2023-06-30 14:39:24.220 worker_log:613 24652 MainThread [INFO]  All processing finished for executor task 1592
2023-06-30 14:39:48.576 worker_log:584 24652 MainThread [INFO]  Received executor task 1602
2023-06-30 14:40:42.928 worker_log:602 24652 MainThread [INFO]  Completed executor task 1602
2023-06-30 14:40:42.928 worker_log:613 24652 MainThread [INFO]  All processing finished for executor task 1602
2023-06-30 14:41:31.711 worker_log:584 24652 MainThread [INFO]  Received executor task 1629
2023-06-30 14:42:09.984 worker_log:602 24652 MainThread [INFO]  Completed executor task 1629
2023-06-30 14:42:09.985 worker_log:613 24652 MainThread [INFO]  All processing finished for executor task 1629
2023-06-30 14:43:00.665 worker_log:584 24652 MainThread [INFO]  Received executor task 1640
2023-06-30 14:43:30.756 worker_log:602 24652 MainThread [INFO]  Completed executor task 1640
2023-06-30 14:43:30.757 worker_log:613 24652 MainThread [INFO]  All processing finished for executor task 1640
2023-06-30 14:44:05.239 worker_log:584 24652 MainThread [INFO]  Received executor task 1654
2023-06-30 14:44:44.185 worker_log:602 24652 MainThread [INFO]  Completed executor task 1654
2023-06-30 14:44:44.186 worker_log:613 24652 MainThread [INFO]  All processing finished for executor task 1654
2023-06-30 14:45:16.611 worker_log:584 24652 MainThread [INFO]  Received executor task 1674
2023-06-30 14:46:07.391 worker_log:602 24652 MainThread [INFO]  Completed executor task 1674
2023-06-30 14:46:07.392 worker_log:613 24652 MainThread [INFO]  All processing finished for executor task 1674
2023-06-30 14:46:33.519 worker_log:584 24652 MainThread [INFO]  Received executor task 1688
2023-06-30 14:47:34.577 worker_log:602 24652 MainThread [INFO]  Completed executor task 1688
2023-06-30 14:47:34.577 worker_log:613 24652 MainThread [INFO]  All processing finished for executor task 1688
2023-06-30 14:48:19.046 worker_log:584 24652 MainThread [INFO]  Received executor task 1709
2023-06-30 14:49:14.206 worker_log:602 24652 MainThread [INFO]  Completed executor task 1709
2023-06-30 14:49:14.207 worker_log:613 24652 MainThread [INFO]  All processing finished for executor task 1709
2023-06-30 14:49:21.946 worker_log:584 24652 MainThread [INFO]  Received executor task 1724
2023-06-30 14:50:00.684 worker_log:602 24652 MainThread [INFO]  Completed executor task 1724
2023-06-30 14:50:00.685 worker_log:613 24652 MainThread [INFO]  All processing finished for executor task 1724
2023-06-30 14:50:26.634 worker_log:584 24652 MainThread [INFO]  Received executor task 1735
2023-06-30 14:50:57.873 worker_log:602 24652 MainThread [INFO]  Completed executor task 1735
2023-06-30 14:50:57.873 worker_log:613 24652 MainThread [INFO]  All processing finished for executor task 1735
2023-06-30 14:51:57.381 worker_log:584 24652 MainThread [INFO]  Received executor task 1747
2023-06-30 14:52:13.917 worker_log:602 24652 MainThread [INFO]  Completed executor task 1747
2023-06-30 14:52:13.917 worker_log:613 24652 MainThread [INFO]  All processing finished for executor task 1747
2023-06-30 14:53:04.187 worker_log:584 24652 MainThread [INFO]  Received executor task 1761
2023-06-30 14:53:32.477 worker_log:602 24652 MainThread [INFO]  Completed executor task 1761
2023-06-30 14:53:32.478 worker_log:613 24652 MainThread [INFO]  All processing finished for executor task 1761
2023-06-30 14:54:20.738 worker_log:584 24652 MainThread [INFO]  Received executor task 1780
2023-06-30 14:55:34.866 worker_log:602 24652 MainThread [INFO]  Completed executor task 1780
2023-06-30 14:55:34.867 worker_log:613 24652 MainThread [INFO]  All processing finished for executor task 1780
2023-06-30 14:55:36.127 worker_log:584 24652 MainThread [INFO]  Received executor task 1808
2023-06-30 14:56:18.018 worker_log:602 24652 MainThread [INFO]  Completed executor task 1808
2023-06-30 14:56:18.018 worker_log:613 24652 MainThread [INFO]  All processing finished for executor task 1808
2023-06-30 14:56:50.774 worker_log:584 24652 MainThread [INFO]  Received executor task 1820
2023-06-30 14:57:34.119 worker_log:602 24652 MainThread [INFO]  Completed executor task 1820
2023-06-30 14:57:34.120 worker_log:613 24652 MainThread [INFO]  All processing finished for executor task 1820
2023-06-30 14:58:16.957 worker_log:584 24652 MainThread [INFO]  Received executor task 1832
2023-06-30 14:59:02.768 worker_log:602 24652 MainThread [INFO]  Completed executor task 1832
2023-06-30 14:59:02.768 worker_log:613 24652 MainThread [INFO]  All processing finished for executor task 1832
2023-06-30 14:59:26.315 worker_log:584 24652 MainThread [INFO]  Received executor task 1851
2023-06-30 14:59:49.402 worker_log:602 24652 MainThread [INFO]  Completed executor task 1851
2023-06-30 14:59:49.402 worker_log:613 24652 MainThread [INFO]  All processing finished for executor task 1851
2023-06-30 15:00:38.423 worker_log:584 24652 MainThread [INFO]  Received executor task 1859
2023-06-30 15:01:06.773 worker_log:602 24652 MainThread [INFO]  Completed executor task 1859
2023-06-30 15:01:06.773 worker_log:613 24652 MainThread [INFO]  All processing finished for executor task 1859
2023-06-30 15:01:53.334 worker_log:584 24652 MainThread [INFO]  Received executor task 1874
2023-06-30 15:02:44.747 worker_log:602 24652 MainThread [INFO]  Completed executor task 1874
2023-06-30 15:02:44.748 worker_log:613 24652 MainThread [INFO]  All processing finished for executor task 1874
2023-06-30 15:03:37.452 worker_log:584 24652 MainThread [INFO]  Received executor task 1897
2023-06-30 15:04:07.393 worker_log:602 24652 MainThread [INFO]  Completed executor task 1897
2023-06-30 15:04:07.393 worker_log:613 24652 MainThread [INFO]  All processing finished for executor task 1897
2023-06-30 15:05:13.736 worker_log:584 24652 MainThread [INFO]  Received executor task 1910
2023-06-30 15:05:35.528 worker_log:602 24652 MainThread [INFO]  Completed executor task 1910
2023-06-30 15:05:35.528 worker_log:613 24652 MainThread [INFO]  All processing finished for executor task 1910
2023-06-30 15:06:29.235 worker_log:584 24652 MainThread [INFO]  Received executor task 1923
2023-06-30 15:07:31.883 worker_log:602 24652 MainThread [INFO]  Completed executor task 1923
2023-06-30 15:07:31.883 worker_log:613 24652 MainThread [INFO]  All processing finished for executor task 1923
2023-06-30 15:07:51.258 worker_log:584 24652 MainThread [INFO]  Received executor task 1949
2023-06-30 15:08:15.681 worker_log:602 24652 MainThread [INFO]  Completed executor task 1949
2023-06-30 15:08:15.681 worker_log:613 24652 MainThread [INFO]  All processing finished for executor task 1949
2023-06-30 15:08:53.340 worker_log:584 24652 MainThread [INFO]  Received executor task 1954
2023-06-30 15:09:48.682 worker_log:602 24652 MainThread [INFO]  Completed executor task 1954
2023-06-30 15:09:48.682 worker_log:613 24652 MainThread [INFO]  All processing finished for executor task 1954
2023-06-30 15:10:24.175 worker_log:584 24652 MainThread [INFO]  Received executor task 1981
2023-06-30 15:11:06.945 worker_log:602 24652 MainThread [INFO]  Completed executor task 1981
2023-06-30 15:11:06.946 worker_log:613 24652 MainThread [INFO]  All processing finished for executor task 1981
2023-06-30 15:11:27.427 worker_log:584 24652 MainThread [INFO]  Received executor task 1994
2023-06-30 15:12:04.717 worker_log:602 24652 MainThread [INFO]  Completed executor task 1994
2023-06-30 15:12:04.718 worker_log:613 24652 MainThread [INFO]  All processing finished for executor task 1994
2023-06-30 15:12:44.736 worker_log:584 24652 MainThread [INFO]  Received executor task 2009
2023-06-30 15:13:37.006 worker_log:602 24652 MainThread [INFO]  Completed executor task 2009
2023-06-30 15:13:37.006 worker_log:613 24652 MainThread [INFO]  All processing finished for executor task 2009
2023-06-30 15:14:03.910 worker_log:584 24652 MainThread [INFO]  Received executor task 2028
2023-06-30 15:14:49.478 worker_log:602 24652 MainThread [INFO]  Completed executor task 2028
2023-06-30 15:14:49.479 worker_log:613 24652 MainThread [INFO]  All processing finished for executor task 2028
2023-06-30 15:15:22.512 worker_log:584 24652 MainThread [INFO]  Received executor task 2043
2023-06-30 15:16:02.098 worker_log:602 24652 MainThread [INFO]  Completed executor task 2043
2023-06-30 15:16:02.098 worker_log:613 24652 MainThread [INFO]  All processing finished for executor task 2043
2023-06-30 15:16:21.280 worker_log:584 24652 MainThread [INFO]  Received executor task 2062
2023-06-30 15:16:39.914 worker_log:602 24652 MainThread [INFO]  Completed executor task 2062
2023-06-30 15:16:39.915 worker_log:613 24652 MainThread [INFO]  All processing finished for executor task 2062
2023-06-30 15:17:34.297 worker_log:584 24652 MainThread [INFO]  Received executor task 2065
2023-06-30 15:18:00.831 worker_log:602 24652 MainThread [INFO]  Completed executor task 2065
2023-06-30 15:18:00.831 worker_log:613 24652 MainThread [INFO]  All processing finished for executor task 2065
2023-06-30 15:18:51.226 worker_log:584 24652 MainThread [INFO]  Received executor task 2086
2023-06-30 15:19:38.271 worker_log:602 24652 MainThread [INFO]  Completed executor task 2086
2023-06-30 15:19:38.272 worker_log:613 24652 MainThread [INFO]  All processing finished for executor task 2086
2023-06-30 15:20:07.984 worker_log:584 24652 MainThread [INFO]  Received executor task 2108
2023-06-30 15:20:33.315 worker_log:602 24652 MainThread [INFO]  Completed executor task 2108
2023-06-30 15:20:33.315 worker_log:613 24652 MainThread [INFO]  All processing finished for executor task 2108
2023-06-30 15:21:34.132 worker_log:584 24652 MainThread [INFO]  Received executor task 2116
2023-06-30 15:22:21.363 worker_log:602 24652 MainThread [INFO]  Completed executor task 2116
2023-06-30 15:22:21.363 worker_log:613 24652 MainThread [INFO]  All processing finished for executor task 2116
2023-06-30 15:22:37.965 worker_log:584 24652 MainThread [INFO]  Received executor task 2142
2023-06-30 15:23:44.976 worker_log:602 24652 MainThread [INFO]  Completed executor task 2142
2023-06-30 15:23:44.976 worker_log:613 24652 MainThread [INFO]  All processing finished for executor task 2142
2023-06-30 15:23:46.606 worker_log:584 24652 MainThread [INFO]  Received executor task 2160
2023-06-30 15:24:11.142 worker_log:602 24652 MainThread [INFO]  Completed executor task 2160
2023-06-30 15:24:11.142 worker_log:613 24652 MainThread [INFO]  All processing finished for executor task 2160
2023-06-30 15:25:12.789 worker_log:584 24652 MainThread [INFO]  Received executor task 2164
2023-06-30 15:25:51.425 worker_log:602 24652 MainThread [INFO]  Completed executor task 2164
2023-06-30 15:25:51.426 worker_log:613 24652 MainThread [INFO]  All processing finished for executor task 2164
2023-06-30 15:26:56.451 worker_log:584 24652 MainThread [INFO]  Received executor task 2185
2023-06-30 15:28:32.506 worker_log:602 24652 MainThread [INFO]  Completed executor task 2185
2023-06-30 15:28:32.507 worker_log:613 24652 MainThread [INFO]  All processing finished for executor task 2185
2023-06-30 15:28:33.554 worker_log:584 24652 MainThread [INFO]  Received executor task 2208
2023-06-30 15:29:16.757 worker_log:602 24652 MainThread [INFO]  Completed executor task 2208
2023-06-30 15:29:16.757 worker_log:613 24652 MainThread [INFO]  All processing finished for executor task 2208
2023-06-30 15:30:01.430 worker_log:584 24652 MainThread [INFO]  Received executor task 2218
2023-06-30 15:30:42.410 worker_log:602 24652 MainThread [INFO]  Completed executor task 2218
2023-06-30 15:30:42.410 worker_log:613 24652 MainThread [INFO]  All processing finished for executor task 2218
2023-06-30 15:31:30.914 worker_log:584 24652 MainThread [INFO]  Received executor task 2229
2023-06-30 15:31:58.180 worker_log:602 24652 MainThread [INFO]  Completed executor task 2229
2023-06-30 15:31:58.181 worker_log:613 24652 MainThread [INFO]  All processing finished for executor task 2229
2023-06-30 15:32:36.253 worker_log:584 24652 MainThread [INFO]  Received executor task 2245
2023-06-30 15:33:07.549 worker_log:602 24652 MainThread [INFO]  Completed executor task 2245
2023-06-30 15:33:07.549 worker_log:613 24652 MainThread [INFO]  All processing finished for executor task 2245
2023-06-30 15:33:33.265 worker_log:584 24652 MainThread [INFO]  Received executor task 2262
2023-06-30 15:34:04.548 worker_log:602 24652 MainThread [INFO]  Completed executor task 2262
2023-06-30 15:34:04.549 worker_log:613 24652 MainThread [INFO]  All processing finished for executor task 2262
2023-06-30 15:34:58.762 worker_log:584 24652 MainThread [INFO]  Received executor task 2276
2023-06-30 15:35:56.149 worker_log:602 24652 MainThread [INFO]  Completed executor task 2276
2023-06-30 15:35:56.150 worker_log:613 24652 MainThread [INFO]  All processing finished for executor task 2276
2023-06-30 15:37:26.282 worker_log:584 24652 MainThread [INFO]  Received executor task 2299
2023-06-30 15:38:22.900 worker_log:602 24652 MainThread [INFO]  Completed executor task 2299
2023-06-30 15:38:22.900 worker_log:613 24652 MainThread [INFO]  All processing finished for executor task 2299
2023-06-30 15:38:46.091 worker_log:584 24652 MainThread [INFO]  Received executor task 2318
2023-06-30 15:39:17.326 worker_log:602 24652 MainThread [INFO]  Completed executor task 2318
2023-06-30 15:39:17.327 worker_log:613 24652 MainThread [INFO]  All processing finished for executor task 2318
2023-06-30 15:39:57.412 worker_log:584 24652 MainThread [INFO]  Received executor task 2328
2023-06-30 15:40:48.466 worker_log:602 24652 MainThread [INFO]  Completed executor task 2328
2023-06-30 15:40:48.467 worker_log:613 24652 MainThread [INFO]  All processing finished for executor task 2328
2023-06-30 15:41:19.662 worker_log:584 24652 MainThread [INFO]  Received executor task 2348
2023-06-30 15:41:54.728 worker_log:602 24652 MainThread [INFO]  Completed executor task 2348
2023-06-30 15:41:54.729 worker_log:613 24652 MainThread [INFO]  All processing finished for executor task 2348
2023-06-30 15:42:29.641 worker_log:584 24652 MainThread [INFO]  Received executor task 2358
2023-06-30 15:43:09.819 worker_log:602 24652 MainThread [INFO]  Completed executor task 2358
2023-06-30 15:43:09.819 worker_log:613 24652 MainThread [INFO]  All processing finished for executor task 2358
2023-06-30 15:43:34.253 worker_log:584 24652 MainThread [INFO]  Received executor task 2377
2023-06-30 15:43:53.383 worker_log:602 24652 MainThread [INFO]  Completed executor task 2377
2023-06-30 15:43:53.383 worker_log:613 24652 MainThread [INFO]  All processing finished for executor task 2377
2023-06-30 15:45:08.585 worker_log:584 24652 MainThread [INFO]  Received executor task 2385
2023-06-30 15:45:40.432 worker_log:602 24652 MainThread [INFO]  Completed executor task 2385
2023-06-30 15:45:40.433 worker_log:613 24652 MainThread [INFO]  All processing finished for executor task 2385
2023-06-30 15:46:22.509 worker_log:584 24652 MainThread [INFO]  Received executor task 2406
2023-06-30 15:47:35.598 worker_log:602 24652 MainThread [INFO]  Completed executor task 2406
2023-06-30 15:47:35.598 worker_log:613 24652 MainThread [INFO]  All processing finished for executor task 2406
2023-06-30 15:47:36.814 worker_log:584 24652 MainThread [INFO]  Received executor task 2432
2023-06-30 15:48:37.040 worker_log:602 24652 MainThread [INFO]  Completed executor task 2432
2023-06-30 15:48:37.040 worker_log:613 24652 MainThread [INFO]  All processing finished for executor task 2432
2023-06-30 15:48:38.146 worker_log:584 24652 MainThread [INFO]  Received executor task 2448
2023-06-30 15:50:01.722 worker_log:602 24652 MainThread [INFO]  Completed executor task 2448
2023-06-30 15:50:01.723 worker_log:613 24652 MainThread [INFO]  All processing finished for executor task 2448
2023-06-30 15:50:03.052 worker_log:584 24652 MainThread [INFO]  Received executor task 2464
2023-06-30 15:50:46.571 worker_log:602 24652 MainThread [INFO]  Completed executor task 2464
2023-06-30 15:50:46.572 worker_log:613 24652 MainThread [INFO]  All processing finished for executor task 2464
2023-06-30 15:51:11.634 worker_log:584 24652 MainThread [INFO]  Received executor task 2475
2023-06-30 15:52:08.761 worker_log:602 24652 MainThread [INFO]  Completed executor task 2475
2023-06-30 15:52:08.761 worker_log:613 24652 MainThread [INFO]  All processing finished for executor task 2475
2023-06-30 15:52:27.046 worker_log:584 24652 MainThread [INFO]  Received executor task 2489
2023-06-30 15:52:48.417 worker_log:602 24652 MainThread [INFO]  Completed executor task 2489
2023-06-30 15:52:48.417 worker_log:613 24652 MainThread [INFO]  All processing finished for executor task 2489
2023-06-30 15:53:56.531 worker_log:584 24652 MainThread [INFO]  Received executor task 2497
2023-06-30 15:54:35.221 worker_log:602 24652 MainThread [INFO]  Completed executor task 2497
2023-06-30 15:54:35.222 worker_log:613 24652 MainThread [INFO]  All processing finished for executor task 2497
2023-06-30 15:55:45.988 worker_log:584 24652 MainThread [INFO]  Received executor task 2521
2023-06-30 15:56:13.961 worker_log:602 24652 MainThread [INFO]  Completed executor task 2521
2023-06-30 15:56:13.962 worker_log:613 24652 MainThread [INFO]  All processing finished for executor task 2521
2023-06-30 15:56:39.979 worker_log:584 24652 MainThread [INFO]  Received executor task 2535
2023-06-30 15:57:31.554 worker_log:602 24652 MainThread [INFO]  Completed executor task 2535
2023-06-30 15:57:31.554 worker_log:613 24652 MainThread [INFO]  All processing finished for executor task 2535
2023-06-30 15:58:08.319 worker_log:584 24652 MainThread [INFO]  Received executor task 2555
2023-06-30 15:58:35.541 worker_log:602 24652 MainThread [INFO]  Completed executor task 2555
2023-06-30 15:58:35.542 worker_log:613 24652 MainThread [INFO]  All processing finished for executor task 2555
2023-06-30 15:59:10.680 worker_log:584 24652 MainThread [INFO]  Received executor task 2564
2023-06-30 15:59:38.834 worker_log:602 24652 MainThread [INFO]  Completed executor task 2564
2023-06-30 15:59:38.834 worker_log:613 24652 MainThread [INFO]  All processing finished for executor task 2564
2023-06-30 15:59:59.956 worker_log:584 24652 MainThread [INFO]  Received executor task 2580
2023-06-30 16:00:30.381 worker_log:602 24652 MainThread [INFO]  Completed executor task 2580
2023-06-30 16:00:30.382 worker_log:613 24652 MainThread [INFO]  All processing finished for executor task 2580
2023-06-30 16:01:29.639 worker_log:584 24652 MainThread [INFO]  Received executor task 2597
2023-06-30 16:02:24.230 worker_log:602 24652 MainThread [INFO]  Completed executor task 2597
2023-06-30 16:02:24.230 worker_log:613 24652 MainThread [INFO]  All processing finished for executor task 2597
2023-06-30 16:02:26.910 worker_log:584 24652 MainThread [INFO]  Received executor task 2622
2023-06-30 16:03:19.078 worker_log:602 24652 MainThread [INFO]  Completed executor task 2622
2023-06-30 16:03:19.079 worker_log:613 24652 MainThread [INFO]  All processing finished for executor task 2622
2023-06-30 16:03:49.380 worker_log:584 24652 MainThread [INFO]  Received executor task 2636
2023-06-30 16:04:48.265 worker_log:602 24652 MainThread [INFO]  Completed executor task 2636
2023-06-30 16:04:48.265 worker_log:613 24652 MainThread [INFO]  All processing finished for executor task 2636
2023-06-30 16:05:37.836 worker_log:584 24652 MainThread [INFO]  Received executor task 2652
2023-06-30 16:06:31.133 worker_log:602 24652 MainThread [INFO]  Completed executor task 2652
2023-06-30 16:06:31.133 worker_log:613 24652 MainThread [INFO]  All processing finished for executor task 2652
2023-06-30 16:07:01.609 worker_log:584 24652 MainThread [INFO]  Received executor task 2669
2023-06-30 16:07:48.436 worker_log:602 24652 MainThread [INFO]  Completed executor task 2669
2023-06-30 16:07:48.437 worker_log:613 24652 MainThread [INFO]  All processing finished for executor task 2669
2023-06-30 16:08:05.575 worker_log:584 24652 MainThread [INFO]  Received executor task 2682
2023-06-30 16:08:35.284 worker_log:602 24652 MainThread [INFO]  Completed executor task 2682
2023-06-30 16:08:35.284 worker_log:613 24652 MainThread [INFO]  All processing finished for executor task 2682
2023-06-30 16:09:19.751 worker_log:584 24652 MainThread [INFO]  Received executor task 2696
2023-06-30 16:09:53.031 worker_log:602 24652 MainThread [INFO]  Completed executor task 2696
2023-06-30 16:09:53.031 worker_log:613 24652 MainThread [INFO]  All processing finished for executor task 2696
2023-06-30 16:10:34.971 worker_log:584 24652 MainThread [INFO]  Received executor task 2709
2023-06-30 16:11:25.745 worker_log:602 24652 MainThread [INFO]  Completed executor task 2709
2023-06-30 16:11:25.746 worker_log:613 24652 MainThread [INFO]  All processing finished for executor task 2709
2023-06-30 16:11:51.600 worker_log:584 24652 MainThread [INFO]  Received executor task 2732
2023-06-30 16:12:42.571 worker_log:602 24652 MainThread [INFO]  Completed executor task 2732
2023-06-30 16:12:42.571 worker_log:613 24652 MainThread [INFO]  All processing finished for executor task 2732
2023-06-30 16:13:25.245 worker_log:584 24652 MainThread [INFO]  Received executor task 2746
2023-06-30 16:13:52.077 worker_log:602 24652 MainThread [INFO]  Completed executor task 2746
2023-06-30 16:13:52.077 worker_log:613 24652 MainThread [INFO]  All processing finished for executor task 2746
2023-06-30 16:14:25.915 worker_log:584 24652 MainThread [INFO]  Received executor task 2759
2023-06-30 16:15:18.120 worker_log:602 24652 MainThread [INFO]  Completed executor task 2759
2023-06-30 16:15:18.121 worker_log:613 24652 MainThread [INFO]  All processing finished for executor task 2759
2023-06-30 16:15:49.165 worker_log:584 24652 MainThread [INFO]  Received executor task 2779
2023-06-30 16:16:07.797 worker_log:602 24652 MainThread [INFO]  Completed executor task 2779
2023-06-30 16:16:07.797 worker_log:613 24652 MainThread [INFO]  All processing finished for executor task 2779
2023-06-30 16:17:16.833 worker_log:584 24652 MainThread [INFO]  Received executor task 2786
2023-06-30 16:17:55.349 worker_log:602 24652 MainThread [INFO]  Completed executor task 2786
2023-06-30 16:17:55.350 worker_log:613 24652 MainThread [INFO]  All processing finished for executor task 2786
2023-06-30 16:18:15.263 worker_log:584 24652 MainThread [INFO]  Received executor task 2808
2023-06-30 16:18:51.661 worker_log:602 24652 MainThread [INFO]  Completed executor task 2808
2023-06-30 16:18:51.661 worker_log:613 24652 MainThread [INFO]  All processing finished for executor task 2808
2023-06-30 16:19:42.366 worker_log:584 24652 MainThread [INFO]  Received executor task 2824
2023-06-30 16:20:39.273 worker_log:602 24652 MainThread [INFO]  Completed executor task 2824
2023-06-30 16:20:39.273 worker_log:613 24652 MainThread [INFO]  All processing finished for executor task 2824
2023-06-30 16:20:50.178 worker_log:584 24652 MainThread [INFO]  Received executor task 2845
2023-06-30 16:21:19.785 worker_log:602 24652 MainThread [INFO]  Completed executor task 2845
2023-06-30 16:21:19.786 worker_log:613 24652 MainThread [INFO]  All processing finished for executor task 2845
2023-06-30 16:21:59.781 worker_log:584 24652 MainThread [INFO]  Received executor task 2854
2023-06-30 16:22:06.370 worker_log:602 24652 MainThread [INFO]  Completed executor task 2854
2023-06-30 16:22:06.371 worker_log:613 24652 MainThread [INFO]  All processing finished for executor task 2854
2023-06-30 16:23:15.772 worker_log:584 24652 MainThread [INFO]  Received executor task 2865
2023-06-30 16:23:41.076 worker_log:602 24652 MainThread [INFO]  Completed executor task 2865
2023-06-30 16:23:41.076 worker_log:613 24652 MainThread [INFO]  All processing finished for executor task 2865
2023-06-30 16:24:28.512 worker_log:584 24652 MainThread [INFO]  Received executor task 2886
2023-06-30 16:24:57.856 worker_log:602 24652 MainThread [INFO]  Completed executor task 2886
2023-06-30 16:24:57.856 worker_log:613 24652 MainThread [INFO]  All processing finished for executor task 2886
2023-06-30 16:25:58.250 worker_log:584 24652 MainThread [INFO]  Received executor task 2901
2023-06-30 16:26:54.259 worker_log:602 24652 MainThread [INFO]  Completed executor task 2901
2023-06-30 16:26:54.260 worker_log:613 24652 MainThread [INFO]  All processing finished for executor task 2901
2023-06-30 16:27:13.570 worker_log:584 24652 MainThread [INFO]  Received executor task 2926
2023-06-30 16:28:08.814 worker_log:602 24652 MainThread [INFO]  Completed executor task 2926
2023-06-30 16:28:08.815 worker_log:613 24652 MainThread [INFO]  All processing finished for executor task 2926
2023-06-30 16:28:24.504 worker_log:584 24652 MainThread [INFO]  Received executor task 2940
2023-06-30 16:28:45.562 worker_log:602 24652 MainThread [INFO]  Completed executor task 2940
2023-06-30 16:28:45.563 worker_log:613 24652 MainThread [INFO]  All processing finished for executor task 2940
2023-06-30 16:30:13.338 worker_log:584 24652 MainThread [INFO]  Received executor task 2949
2023-06-30 16:30:45.533 worker_log:602 24652 MainThread [INFO]  Completed executor task 2949
2023-06-30 16:30:45.534 worker_log:613 24652 MainThread [INFO]  All processing finished for executor task 2949
2023-06-30 16:31:19.868 worker_log:584 24652 MainThread [INFO]  Received executor task 2965
2023-06-30 16:31:42.116 worker_log:602 24652 MainThread [INFO]  Completed executor task 2965
2023-06-30 16:31:42.116 worker_log:613 24652 MainThread [INFO]  All processing finished for executor task 2965
2023-06-30 16:32:31.218 worker_log:584 24652 MainThread [INFO]  Received executor task 2979
2023-06-30 16:33:06.114 worker_log:602 24652 MainThread [INFO]  Completed executor task 2979
2023-06-30 16:33:06.114 worker_log:613 24652 MainThread [INFO]  All processing finished for executor task 2979
2023-06-30 16:33:57.924 worker_log:584 24652 MainThread [INFO]  Received executor task 3001
2023-06-30 16:34:19.897 worker_log:602 24652 MainThread [INFO]  Completed executor task 3001
2023-06-30 16:34:19.898 worker_log:613 24652 MainThread [INFO]  All processing finished for executor task 3001
2023-06-30 16:35:11.391 worker_log:584 24652 MainThread [INFO]  Received executor task 3011
2023-06-30 16:36:52.774 worker_log:602 24652 MainThread [INFO]  Completed executor task 3011
2023-06-30 16:36:52.774 worker_log:613 24652 MainThread [INFO]  All processing finished for executor task 3011
2023-06-30 16:37:01.451 worker_log:584 24652 MainThread [INFO]  Received executor task 3038
2023-06-30 16:37:55.967 worker_log:602 24652 MainThread [INFO]  Completed executor task 3038
2023-06-30 16:37:55.967 worker_log:613 24652 MainThread [INFO]  All processing finished for executor task 3038
2023-06-30 16:38:11.932 worker_log:584 24652 MainThread [INFO]  Received executor task 3052
2023-06-30 16:39:16.374 worker_log:602 24652 MainThread [INFO]  Completed executor task 3052
2023-06-30 16:39:16.375 worker_log:613 24652 MainThread [INFO]  All processing finished for executor task 3052
2023-06-30 16:39:32.115 worker_log:584 24652 MainThread [INFO]  Received executor task 3069
2023-06-30 16:40:01.899 worker_log:602 24652 MainThread [INFO]  Completed executor task 3069
2023-06-30 16:40:01.900 worker_log:613 24652 MainThread [INFO]  All processing finished for executor task 3069
2023-06-30 16:40:45.213 worker_log:584 24652 MainThread [INFO]  Received executor task 3077
2023-06-30 16:41:01.525 worker_log:602 24652 MainThread [INFO]  Completed executor task 3077
2023-06-30 16:41:01.526 worker_log:613 24652 MainThread [INFO]  All processing finished for executor task 3077
2023-06-30 16:41:43.729 worker_log:584 24652 MainThread [INFO]  Received executor task 3090
2023-06-30 16:42:21.508 worker_log:602 24652 MainThread [INFO]  Completed executor task 3090
2023-06-30 16:42:21.509 worker_log:613 24652 MainThread [INFO]  All processing finished for executor task 3090
2023-06-30 16:42:45.045 worker_log:584 24652 MainThread [INFO]  Received executor task 3117
2023-06-30 16:43:14.410 worker_log:602 24652 MainThread [INFO]  Completed executor task 3117
2023-06-30 16:43:14.411 worker_log:613 24652 MainThread [INFO]  All processing finished for executor task 3117
2023-06-30 16:43:44.143 worker_log:584 24652 MainThread [INFO]  Received executor task 3128
2023-06-30 16:44:33.969 worker_log:602 24652 MainThread [INFO]  Completed executor task 3128
2023-06-30 16:44:33.970 worker_log:613 24652 MainThread [INFO]  All processing finished for executor task 3128
2023-06-30 16:44:50.676 worker_log:584 24652 MainThread [INFO]  Received executor task 3151
2023-06-30 16:45:36.438 worker_log:602 24652 MainThread [INFO]  Completed executor task 3151
2023-06-30 16:45:36.438 worker_log:613 24652 MainThread [INFO]  All processing finished for executor task 3151
2023-06-30 16:46:11.983 worker_log:584 24652 MainThread [INFO]  Received executor task 3161
2023-06-30 16:46:44.854 worker_log:602 24652 MainThread [INFO]  Completed executor task 3161
2023-06-30 16:46:44.855 worker_log:613 24652 MainThread [INFO]  All processing finished for executor task 3161
2023-06-30 16:47:16.475 worker_log:584 24652 MainThread [INFO]  Received executor task 3174
2023-06-30 16:47:42.120 worker_log:602 24652 MainThread [INFO]  Completed executor task 3174
2023-06-30 16:47:42.121 worker_log:613 24652 MainThread [INFO]  All processing finished for executor task 3174
2023-06-30 16:49:34.656 worker_log:584 24652 MainThread [INFO]  Received executor task 3188
2023-06-30 16:50:01.276 worker_log:602 24652 MainThread [INFO]  Completed executor task 3188
2023-06-30 16:50:01.277 worker_log:613 24652 MainThread [INFO]  All processing finished for executor task 3188
2023-06-30 16:50:54.577 worker_log:584 24652 MainThread [INFO]  Received executor task 3206
2023-06-30 16:51:51.576 worker_log:602 24652 MainThread [INFO]  Completed executor task 3206
2023-06-30 16:51:51.577 worker_log:613 24652 MainThread [INFO]  All processing finished for executor task 3206
2023-06-30 16:52:07.440 worker_log:584 24652 MainThread [INFO]  Received executor task 3229
2023-06-30 16:52:43.152 worker_log:602 24652 MainThread [INFO]  Completed executor task 3229
2023-06-30 16:52:43.152 worker_log:613 24652 MainThread [INFO]  All processing finished for executor task 3229
2023-06-30 16:53:47.549 worker_log:584 24652 MainThread [INFO]  Received executor task 3238
2023-06-30 16:54:14.152 worker_log:602 24652 MainThread [INFO]  Completed executor task 3238
2023-06-30 16:54:14.152 worker_log:613 24652 MainThread [INFO]  All processing finished for executor task 3238
2023-06-30 16:54:55.973 worker_log:584 24652 MainThread [INFO]  Received executor task 3253
2023-06-30 16:55:27.969 worker_log:602 24652 MainThread [INFO]  Completed executor task 3253
2023-06-30 16:55:27.969 worker_log:613 24652 MainThread [INFO]  All processing finished for executor task 3253
2023-06-30 16:56:35.011 worker_log:584 24652 MainThread [INFO]  Received executor task 3269
2023-06-30 16:57:00.713 worker_log:602 24652 MainThread [INFO]  Completed executor task 3269
2023-06-30 16:57:00.713 worker_log:613 24652 MainThread [INFO]  All processing finished for executor task 3269
2023-06-30 16:57:49.137 worker_log:584 24652 MainThread [INFO]  Received executor task 3286
2023-06-30 16:58:41.612 worker_log:602 24652 MainThread [INFO]  Completed executor task 3286
2023-06-30 16:58:41.613 worker_log:613 24652 MainThread [INFO]  All processing finished for executor task 3286
2023-06-30 17:00:16.810 worker_log:584 24652 MainThread [INFO]  Received executor task 3305
2023-06-30 17:00:48.803 worker_log:602 24652 MainThread [INFO]  Completed executor task 3305
2023-06-30 17:00:48.803 worker_log:613 24652 MainThread [INFO]  All processing finished for executor task 3305
2023-06-30 17:01:33.475 worker_log:584 24652 MainThread [INFO]  Received executor task 3320
2023-06-30 17:02:09.710 worker_log:602 24652 MainThread [INFO]  Completed executor task 3320
2023-06-30 17:02:09.711 worker_log:613 24652 MainThread [INFO]  All processing finished for executor task 3320
2023-06-30 17:02:38.646 worker_log:584 24652 MainThread [INFO]  Received executor task 3340
2023-06-30 17:03:49.592 worker_log:602 24652 MainThread [INFO]  Completed executor task 3340
2023-06-30 17:03:49.593 worker_log:613 24652 MainThread [INFO]  All processing finished for executor task 3340
2023-06-30 17:04:14.293 worker_log:584 24652 MainThread [INFO]  Received executor task 3357
2023-06-30 17:04:43.313 worker_log:602 24652 MainThread [INFO]  Completed executor task 3357
2023-06-30 17:04:43.314 worker_log:613 24652 MainThread [INFO]  All processing finished for executor task 3357
2023-06-30 17:06:00.213 worker_log:584 24652 MainThread [INFO]  Received executor task 3363
2023-06-30 17:06:32.399 worker_log:602 24652 MainThread [INFO]  Completed executor task 3363
2023-06-30 17:06:32.399 worker_log:613 24652 MainThread [INFO]  All processing finished for executor task 3363
2023-06-30 17:07:06.979 worker_log:584 24652 MainThread [INFO]  Received executor task 3381
2023-06-30 17:08:10.104 worker_log:602 24652 MainThread [INFO]  Completed executor task 3381
2023-06-30 17:08:10.104 worker_log:613 24652 MainThread [INFO]  All processing finished for executor task 3381
2023-06-30 17:08:35.385 worker_log:584 24652 MainThread [INFO]  Received executor task 3405
2023-06-30 17:09:04.303 worker_log:602 24652 MainThread [INFO]  Completed executor task 3405
2023-06-30 17:09:04.303 worker_log:613 24652 MainThread [INFO]  All processing finished for executor task 3405
2023-06-30 17:10:14.635 worker_log:584 24652 MainThread [INFO]  Received executor task 3414
2023-06-30 17:10:37.225 worker_log:602 24652 MainThread [INFO]  Completed executor task 3414
2023-06-30 17:10:37.225 worker_log:613 24652 MainThread [INFO]  All processing finished for executor task 3414
2023-06-30 17:11:52.250 worker_log:584 24652 MainThread [INFO]  Received executor task 3427
2023-06-30 17:12:45.368 worker_log:602 24652 MainThread [INFO]  Completed executor task 3427
2023-06-30 17:12:45.368 worker_log:613 24652 MainThread [INFO]  All processing finished for executor task 3427
2023-06-30 17:13:01.904 worker_log:584 24652 MainThread [INFO]  Received executor task 3454
2023-06-30 17:13:32.940 worker_log:602 24652 MainThread [INFO]  Completed executor task 3454
2023-06-30 17:13:32.940 worker_log:613 24652 MainThread [INFO]  All processing finished for executor task 3454
2023-06-30 17:14:14.440 worker_log:584 24652 MainThread [INFO]  Received executor task 3460
2023-06-30 17:14:54.294 worker_log:602 24652 MainThread [INFO]  Completed executor task 3460
2023-06-30 17:14:54.294 worker_log:613 24652 MainThread [INFO]  All processing finished for executor task 3460
2023-06-30 17:15:48.204 worker_log:584 24652 MainThread [INFO]  Received executor task 3479
2023-06-30 17:16:11.514 worker_log:602 24652 MainThread [INFO]  Completed executor task 3479
2023-06-30 17:16:11.515 worker_log:613 24652 MainThread [INFO]  All processing finished for executor task 3479
2023-06-30 17:17:10.325 worker_log:584 24652 MainThread [INFO]  Received executor task 3490
2023-06-30 17:18:14.392 worker_log:602 24652 MainThread [INFO]  Completed executor task 3490
2023-06-30 17:18:14.392 worker_log:613 24652 MainThread [INFO]  All processing finished for executor task 3490
2023-06-30 17:18:34.749 worker_log:584 24652 MainThread [INFO]  Received executor task 3518
2023-06-30 17:19:00.179 worker_log:602 24652 MainThread [INFO]  Completed executor task 3518
2023-06-30 17:19:00.180 worker_log:613 24652 MainThread [INFO]  All processing finished for executor task 3518
2023-06-30 17:20:18.299 worker_log:584 24652 MainThread [INFO]  Received executor task 3523
2023-06-30 17:21:14.096 worker_log:602 24652 MainThread [INFO]  Completed executor task 3523
2023-06-30 17:21:14.097 worker_log:613 24652 MainThread [INFO]  All processing finished for executor task 3523
2023-06-30 17:21:16.793 worker_log:584 24652 MainThread [INFO]  Received executor task 3551
2023-06-30 17:22:17.007 worker_log:602 24652 MainThread [INFO]  Completed executor task 3551
2023-06-30 17:22:17.007 worker_log:613 24652 MainThread [INFO]  All processing finished for executor task 3551
2023-06-30 17:22:31.833 worker_log:584 24652 MainThread [INFO]  Received executor task 3565
2023-06-30 17:23:14.623 worker_log:602 24652 MainThread [INFO]  Completed executor task 3565
2023-06-30 17:23:14.624 worker_log:613 24652 MainThread [INFO]  All processing finished for executor task 3565
2023-06-30 17:24:06.852 worker_log:584 24652 MainThread [INFO]  Received executor task 3580
2023-06-30 17:25:00.994 worker_log:602 24652 MainThread [INFO]  Completed executor task 3580
2023-06-30 17:25:00.994 worker_log:613 24652 MainThread [INFO]  All processing finished for executor task 3580
2023-06-30 17:25:22.136 worker_log:584 24652 MainThread [INFO]  Received executor task 3596
2023-06-30 17:25:44.037 worker_log:602 24652 MainThread [INFO]  Completed executor task 3596
2023-06-30 17:25:44.037 worker_log:613 24652 MainThread [INFO]  All processing finished for executor task 3596
2023-06-30 17:26:41.288 worker_log:584 24652 MainThread [INFO]  Received executor task 3604
2023-06-30 17:27:14.694 worker_log:602 24652 MainThread [INFO]  Completed executor task 3604
2023-06-30 17:27:14.695 worker_log:613 24652 MainThread [INFO]  All processing finished for executor task 3604
2023-06-30 17:28:06.833 worker_log:584 24652 MainThread [INFO]  Received executor task 3621
2023-06-30 17:28:21.992 worker_log:602 24652 MainThread [INFO]  Completed executor task 3621
2023-06-30 17:28:21.992 worker_log:613 24652 MainThread [INFO]  All processing finished for executor task 3621
2023-06-30 17:29:21.451 worker_log:584 24652 MainThread [INFO]  Received executor task 3634
2023-06-30 17:30:16.197 worker_log:602 24652 MainThread [INFO]  Completed executor task 3634
2023-06-30 17:30:16.198 worker_log:613 24652 MainThread [INFO]  All processing finished for executor task 3634
2023-06-30 17:31:08.706 worker_log:584 24652 MainThread [INFO]  Received executor task 3658
2023-06-30 17:31:34.299 worker_log:602 24652 MainThread [INFO]  Completed executor task 3658
2023-06-30 17:31:34.300 worker_log:613 24652 MainThread [INFO]  All processing finished for executor task 3658
2023-06-30 17:32:24.827 worker_log:584 24652 MainThread [INFO]  Received executor task 3667
2023-06-30 17:33:03.560 worker_log:602 24652 MainThread [INFO]  Completed executor task 3667
2023-06-30 17:33:03.561 worker_log:613 24652 MainThread [INFO]  All processing finished for executor task 3667
2023-06-30 17:33:47.741 worker_log:584 24652 MainThread [INFO]  Received executor task 3688
2023-06-30 17:34:21.354 worker_log:602 24652 MainThread [INFO]  Completed executor task 3688
2023-06-30 17:34:21.354 worker_log:613 24652 MainThread [INFO]  All processing finished for executor task 3688
2023-06-30 17:34:57.002 worker_log:584 24652 MainThread [INFO]  Received executor task 3704
2023-06-30 17:35:30.180 worker_log:602 24652 MainThread [INFO]  Completed executor task 3704
2023-06-30 17:35:30.180 worker_log:613 24652 MainThread [INFO]  All processing finished for executor task 3704
2023-06-30 17:36:12.902 worker_log:584 24652 MainThread [INFO]  Received executor task 3719
2023-06-30 17:37:27.637 worker_log:602 24652 MainThread [INFO]  Completed executor task 3719
2023-06-30 17:37:27.638 worker_log:613 24652 MainThread [INFO]  All processing finished for executor task 3719
2023-06-30 17:37:28.859 worker_log:584 24652 MainThread [INFO]  Received executor task 3744
2023-06-30 17:38:02.411 worker_log:602 24652 MainThread [INFO]  Completed executor task 3744
2023-06-30 17:38:02.412 worker_log:613 24652 MainThread [INFO]  All processing finished for executor task 3744
2023-06-30 17:38:31.284 worker_log:584 24652 MainThread [INFO]  Received executor task 3750
2023-06-30 17:39:33.420 worker_log:602 24652 MainThread [INFO]  Completed executor task 3750
2023-06-30 17:39:33.420 worker_log:613 24652 MainThread [INFO]  All processing finished for executor task 3750
2023-06-30 17:39:50.128 worker_log:584 24652 MainThread [INFO]  Received executor task 3774
2023-06-30 17:39:59.059 worker_log:602 24652 MainThread [INFO]  Completed executor task 3774
2023-06-30 17:39:59.060 worker_log:613 24652 MainThread [INFO]  All processing finished for executor task 3774
2023-06-30 17:41:39.971 worker_log:584 24652 MainThread [INFO]  Received executor task 3777
2023-06-30 17:42:11.367 worker_log:602 24652 MainThread [INFO]  Completed executor task 3777
2023-06-30 17:42:11.368 worker_log:613 24652 MainThread [INFO]  All processing finished for executor task 3777
2023-06-30 17:43:00.704 worker_log:584 24652 MainThread [INFO]  Received executor task 3795
2023-06-30 17:44:08.761 worker_log:602 24652 MainThread [INFO]  Completed executor task 3795
2023-06-30 17:44:08.762 worker_log:613 24652 MainThread [INFO]  All processing finished for executor task 3795
2023-06-30 17:44:52.324 worker_log:584 24652 MainThread [INFO]  Received executor task 3821
2023-06-30 17:45:29.618 worker_log:602 24652 MainThread [INFO]  Completed executor task 3821
2023-06-30 17:45:29.618 worker_log:613 24652 MainThread [INFO]  All processing finished for executor task 3821
2023-06-30 17:45:58.466 worker_log:584 24652 MainThread [INFO]  Received executor task 3829
2023-06-30 17:46:39.741 worker_log:602 24652 MainThread [INFO]  Completed executor task 3829
2023-06-30 17:46:39.741 worker_log:613 24652 MainThread [INFO]  All processing finished for executor task 3829
2023-06-30 17:47:22.464 worker_log:584 24652 MainThread [INFO]  Received executor task 3846
2023-06-30 17:47:42.349 worker_log:602 24652 MainThread [INFO]  Completed executor task 3846
2023-06-30 17:47:42.350 worker_log:613 24652 MainThread [INFO]  All processing finished for executor task 3846
2023-06-30 17:48:40.652 worker_log:584 24652 MainThread [INFO]  Received executor task 3858
2023-06-30 17:49:17.413 worker_log:602 24652 MainThread [INFO]  Completed executor task 3858
2023-06-30 17:49:17.414 worker_log:613 24652 MainThread [INFO]  All processing finished for executor task 3858
2023-06-30 17:50:02.010 worker_log:584 24652 MainThread [INFO]  Received executor task 3876
2023-06-30 17:50:40.257 worker_log:602 24652 MainThread [INFO]  Completed executor task 3876
2023-06-30 17:50:40.257 worker_log:613 24652 MainThread [INFO]  All processing finished for executor task 3876
2023-06-30 17:51:01.048 worker_log:584 24652 MainThread [INFO]  Received executor task 3896
2023-06-30 17:51:30.976 worker_log:602 24652 MainThread [INFO]  Completed executor task 3896
2023-06-30 17:51:30.976 worker_log:613 24652 MainThread [INFO]  All processing finished for executor task 3896
2023-06-30 17:52:40.088 worker_log:584 24652 MainThread [INFO]  Received executor task 3912
2023-06-30 17:53:08.086 worker_log:602 24652 MainThread [INFO]  Completed executor task 3912
2023-06-30 17:53:08.087 worker_log:613 24652 MainThread [INFO]  All processing finished for executor task 3912
2023-06-30 17:53:36.894 worker_log:584 24652 MainThread [INFO]  Received executor task 3924
2023-06-30 17:54:18.040 worker_log:602 24652 MainThread [INFO]  Completed executor task 3924
2023-06-30 17:54:18.040 worker_log:613 24652 MainThread [INFO]  All processing finished for executor task 3924
2023-06-30 17:54:49.200 worker_log:584 24652 MainThread [INFO]  Received executor task 3944
2023-06-30 17:55:40.869 worker_log:602 24652 MainThread [INFO]  Completed executor task 3944
2023-06-30 17:55:40.870 worker_log:613 24652 MainThread [INFO]  All processing finished for executor task 3944
2023-06-30 17:56:03.344 worker_log:584 24652 MainThread [INFO]  Received executor task 3964
2023-06-30 17:56:46.262 worker_log:602 24652 MainThread [INFO]  Completed executor task 3964
2023-06-30 17:56:46.262 worker_log:613 24652 MainThread [INFO]  All processing finished for executor task 3964
2023-06-30 17:57:37.655 worker_log:584 24652 MainThread [INFO]  Received executor task 3977
2023-06-30 17:58:12.009 worker_log:602 24652 MainThread [INFO]  Completed executor task 3977
2023-06-30 17:58:12.010 worker_log:613 24652 MainThread [INFO]  All processing finished for executor task 3977
2023-06-30 17:58:47.611 worker_log:584 24652 MainThread [INFO]  Received executor task 3991
2023-06-30 17:59:21.225 worker_log:602 24652 MainThread [INFO]  Completed executor task 3991
2023-06-30 17:59:21.226 worker_log:613 24652 MainThread [INFO]  All processing finished for executor task 3991
2023-06-30 17:59:52.579 worker_log:584 24652 MainThread [INFO]  Received executor task 4007
2023-06-30 18:00:36.185 worker_log:602 24652 MainThread [INFO]  Completed executor task 4007
2023-06-30 18:00:36.186 worker_log:613 24652 MainThread [INFO]  All processing finished for executor task 4007
2023-06-30 18:01:23.643 worker_log:584 24652 MainThread [INFO]  Received executor task 4026
2023-06-30 18:02:02.110 worker_log:602 24652 MainThread [INFO]  Completed executor task 4026
2023-06-30 18:02:02.110 worker_log:613 24652 MainThread [INFO]  All processing finished for executor task 4026
2023-06-30 18:02:42.679 worker_log:584 24652 MainThread [INFO]  Received executor task 4042
2023-06-30 18:03:50.854 worker_log:602 24652 MainThread [INFO]  Completed executor task 4042
2023-06-30 18:03:50.855 worker_log:613 24652 MainThread [INFO]  All processing finished for executor task 4042
2023-06-30 18:03:52.361 worker_log:584 24652 MainThread [INFO]  Received executor task 4064
2023-06-30 18:05:00.120 worker_log:602 24652 MainThread [INFO]  Completed executor task 4064
2023-06-30 18:05:00.121 worker_log:613 24652 MainThread [INFO]  All processing finished for executor task 4064
2023-06-30 18:05:02.739 worker_log:584 24652 MainThread [INFO]  Received executor task 4079
2023-06-30 18:05:27.843 worker_log:602 24652 MainThread [INFO]  Completed executor task 4079
2023-06-30 18:05:27.843 worker_log:613 24652 MainThread [INFO]  All processing finished for executor task 4079
2023-06-30 18:06:05.390 worker_log:584 24652 MainThread [INFO]  Received executor task 4083
2023-06-30 18:06:35.981 worker_log:602 24652 MainThread [INFO]  Completed executor task 4083
2023-06-30 18:06:35.982 worker_log:613 24652 MainThread [INFO]  All processing finished for executor task 4083
2023-06-30 18:07:23.998 worker_log:584 24652 MainThread [INFO]  Received executor task 4101
2023-06-30 18:08:10.084 worker_log:602 24652 MainThread [INFO]  Completed executor task 4101
2023-06-30 18:08:10.085 worker_log:613 24652 MainThread [INFO]  All processing finished for executor task 4101
2023-06-30 18:08:19.468 worker_log:584 24652 MainThread [INFO]  Received executor task 4125
2023-06-30 18:08:30.005 worker_log:602 24652 MainThread [INFO]  Completed executor task 4125
2023-06-30 18:08:30.006 worker_log:613 24652 MainThread [INFO]  All processing finished for executor task 4125
2023-06-30 18:09:43.683 worker_log:584 24652 MainThread [INFO]  Received executor task 4129
2023-06-30 18:10:22.888 worker_log:602 24652 MainThread [INFO]  Completed executor task 4129
2023-06-30 18:10:22.889 worker_log:613 24652 MainThread [INFO]  All processing finished for executor task 4129
2023-06-30 18:10:59.422 worker_log:584 24652 MainThread [INFO]  Received executor task 4153
2023-06-30 18:11:53.353 worker_log:602 24652 MainThread [INFO]  Completed executor task 4153
2023-06-30 18:11:53.354 worker_log:613 24652 MainThread [INFO]  All processing finished for executor task 4153
2023-06-30 18:12:15.782 worker_log:584 24652 MainThread [INFO]  Received executor task 4171
2023-06-30 18:13:16.675 worker_log:602 24652 MainThread [INFO]  Completed executor task 4171
2023-06-30 18:13:16.676 worker_log:613 24652 MainThread [INFO]  All processing finished for executor task 4171
2023-06-30 18:13:56.670 worker_log:584 24652 MainThread [INFO]  Received executor task 4190
2023-06-30 18:14:12.836 worker_log:602 24652 MainThread [INFO]  Completed executor task 4190
2023-06-30 18:14:12.836 worker_log:613 24652 MainThread [INFO]  All processing finished for executor task 4190
2023-06-30 18:15:02.623 worker_log:584 24652 MainThread [INFO]  Received executor task 4194
2023-06-30 18:15:41.106 worker_log:602 24652 MainThread [INFO]  Completed executor task 4194
2023-06-30 18:15:41.107 worker_log:613 24652 MainThread [INFO]  All processing finished for executor task 4194
2023-06-30 18:16:34.362 worker_log:584 24652 MainThread [INFO]  Received executor task 4217
2023-06-30 18:16:50.881 worker_log:602 24652 MainThread [INFO]  Completed executor task 4217
2023-06-30 18:16:50.882 worker_log:613 24652 MainThread [INFO]  All processing finished for executor task 4217
2023-06-30 18:17:45.150 worker_log:584 24652 MainThread [INFO]  Received executor task 4226
2023-06-30 18:18:42.108 worker_log:602 24652 MainThread [INFO]  Completed executor task 4226
2023-06-30 18:18:42.109 worker_log:613 24652 MainThread [INFO]  All processing finished for executor task 4226
2023-06-30 18:19:03.981 worker_log:584 24652 MainThread [INFO]  Received executor task 4251
2023-06-30 18:19:28.279 worker_log:602 24652 MainThread [INFO]  Completed executor task 4251
2023-06-30 18:19:28.279 worker_log:613 24652 MainThread [INFO]  All processing finished for executor task 4251
2023-06-30 18:19:56.844 worker_log:584 24652 MainThread [INFO]  Received executor task 4260
2023-06-30 18:20:20.829 worker_log:602 24652 MainThread [INFO]  Completed executor task 4260
2023-06-30 18:20:20.829 worker_log:613 24652 MainThread [INFO]  All processing finished for executor task 4260
2023-06-30 18:21:26.354 worker_log:584 24652 MainThread [INFO]  Received executor task 4274
2023-06-30 18:21:46.674 worker_log:602 24652 MainThread [INFO]  Completed executor task 4274
2023-06-30 18:21:46.674 worker_log:613 24652 MainThread [INFO]  All processing finished for executor task 4274
2023-06-30 18:22:29.460 worker_log:584 24652 MainThread [INFO]  Received executor task 4290
2023-06-30 18:22:57.042 worker_log:602 24652 MainThread [INFO]  Completed executor task 4290
2023-06-30 18:22:57.042 worker_log:613 24652 MainThread [INFO]  All processing finished for executor task 4290
2023-06-30 18:24:15.452 worker_log:584 24652 MainThread [INFO]  Received executor task 4305
2023-06-30 18:24:45.197 worker_log:602 24652 MainThread [INFO]  Completed executor task 4305
2023-06-30 18:24:45.198 worker_log:613 24652 MainThread [INFO]  All processing finished for executor task 4305
2023-06-30 18:25:46.038 worker_log:584 24652 MainThread [INFO]  Received executor task 4324
2023-06-30 18:26:34.313 worker_log:602 24652 MainThread [INFO]  Completed executor task 4324
2023-06-30 18:26:34.314 worker_log:613 24652 MainThread [INFO]  All processing finished for executor task 4324
2023-06-30 18:27:24.512 worker_log:584 24652 MainThread [INFO]  Received executor task 4346
2023-06-30 18:28:10.718 worker_log:602 24652 MainThread [INFO]  Completed executor task 4346
2023-06-30 18:28:10.718 worker_log:613 24652 MainThread [INFO]  All processing finished for executor task 4346
2023-06-30 18:28:18.646 worker_log:584 24652 MainThread [INFO]  Received executor task 4367
2023-06-30 18:28:48.854 worker_log:602 24652 MainThread [INFO]  Completed executor task 4367
2023-06-30 18:28:48.854 worker_log:613 24652 MainThread [INFO]  All processing finished for executor task 4367
2023-06-30 18:29:27.225 worker_log:584 24652 MainThread [INFO]  Received executor task 4373
2023-06-30 18:30:13.049 worker_log:602 24652 MainThread [INFO]  Completed executor task 4373
2023-06-30 18:30:13.050 worker_log:613 24652 MainThread [INFO]  All processing finished for executor task 4373
2023-06-30 18:30:36.801 worker_log:584 24652 MainThread [INFO]  Received executor task 4397
2023-06-30 18:31:04.557 worker_log:602 24652 MainThread [INFO]  Completed executor task 4397
2023-06-30 18:31:04.557 worker_log:613 24652 MainThread [INFO]  All processing finished for executor task 4397
2023-06-30 18:32:04.098 worker_log:584 24652 MainThread [INFO]  Received executor task 4403
2023-06-30 18:32:40.107 worker_log:602 24652 MainThread [INFO]  Completed executor task 4403
2023-06-30 18:32:40.108 worker_log:613 24652 MainThread [INFO]  All processing finished for executor task 4403
2023-06-30 18:33:27.130 worker_log:584 24652 MainThread [INFO]  Received executor task 4420
2023-06-30 18:33:52.943 worker_log:602 24652 MainThread [INFO]  Completed executor task 4420
2023-06-30 18:33:52.944 worker_log:613 24652 MainThread [INFO]  All processing finished for executor task 4420
2023-06-30 18:34:58.352 worker_log:584 24652 MainThread [INFO]  Received executor task 4438
2023-06-30 18:36:14.177 worker_log:602 24652 MainThread [INFO]  Completed executor task 4438
2023-06-30 18:36:14.178 worker_log:613 24652 MainThread [INFO]  All processing finished for executor task 4438
2023-06-30 18:36:16.485 worker_log:584 24652 MainThread [INFO]  Received executor task 4463
2023-06-30 18:37:11.845 worker_log:602 24652 MainThread [INFO]  Completed executor task 4463
2023-06-30 18:37:11.845 worker_log:613 24652 MainThread [INFO]  All processing finished for executor task 4463
2023-06-30 18:37:25.695 worker_log:584 24652 MainThread [INFO]  Received executor task 4475
2023-06-30 18:38:08.464 worker_log:602 24652 MainThread [INFO]  Completed executor task 4475
2023-06-30 18:38:08.465 worker_log:613 24652 MainThread [INFO]  All processing finished for executor task 4475
2023-06-30 18:38:20.204 worker_log:584 24652 MainThread [INFO]  Received executor task 4494
2023-06-30 18:39:14.165 worker_log:602 24652 MainThread [INFO]  Completed executor task 4494
2023-06-30 18:39:14.166 worker_log:613 24652 MainThread [INFO]  All processing finished for executor task 4494
2023-06-30 18:39:41.049 worker_log:584 24652 MainThread [INFO]  Received executor task 4509
2023-06-30 18:40:26.694 worker_log:602 24652 MainThread [INFO]  Completed executor task 4509
2023-06-30 18:40:26.695 worker_log:613 24652 MainThread [INFO]  All processing finished for executor task 4509
2023-06-30 18:41:46.005 worker_log:584 24652 MainThread [INFO]  Received executor task 4524
2023-06-30 18:42:32.888 worker_log:602 24652 MainThread [INFO]  Completed executor task 4524
2023-06-30 18:42:32.888 worker_log:613 24652 MainThread [INFO]  All processing finished for executor task 4524
2023-06-30 18:42:44.062 worker_log:584 24652 MainThread [INFO]  Received executor task 4541
2023-06-30 18:43:30.779 worker_log:602 24652 MainThread [INFO]  Completed executor task 4541
2023-06-30 18:43:30.779 worker_log:613 24652 MainThread [INFO]  All processing finished for executor task 4541
2023-06-30 18:43:54.979 worker_log:584 24652 MainThread [INFO]  Received executor task 4554
2023-06-30 18:44:24.505 worker_log:602 24652 MainThread [INFO]  Completed executor task 4554
2023-06-30 18:44:24.505 worker_log:613 24652 MainThread [INFO]  All processing finished for executor task 4554
2023-06-30 18:45:28.049 worker_log:584 24652 MainThread [INFO]  Received executor task 4563
2023-06-30 18:46:04.211 worker_log:602 24652 MainThread [INFO]  Completed executor task 4563
2023-06-30 18:46:04.211 worker_log:613 24652 MainThread [INFO]  All processing finished for executor task 4563
2023-06-30 18:46:46.166 worker_log:584 24652 MainThread [INFO]  Received executor task 4582
2023-06-30 18:47:13.466 worker_log:602 24652 MainThread [INFO]  Completed executor task 4582
2023-06-30 18:47:13.466 worker_log:613 24652 MainThread [INFO]  All processing finished for executor task 4582
2023-06-30 18:47:52.176 worker_log:584 24652 MainThread [INFO]  Received executor task 4598
2023-06-30 18:48:16.730 worker_log:602 24652 MainThread [INFO]  Completed executor task 4598
2023-06-30 18:48:16.731 worker_log:613 24652 MainThread [INFO]  All processing finished for executor task 4598
2023-06-30 18:48:56.192 worker_log:584 24652 MainThread [INFO]  Received executor task 4612
2023-06-30 18:49:54.899 worker_log:602 24652 MainThread [INFO]  Completed executor task 4612
2023-06-30 18:49:54.899 worker_log:613 24652 MainThread [INFO]  All processing finished for executor task 4612
2023-06-30 18:49:59.085 worker_log:584 24652 MainThread [INFO]  Received executor task 4639
2023-06-30 18:50:17.749 worker_log:602 24652 MainThread [INFO]  Completed executor task 4639
2023-06-30 18:50:17.749 worker_log:613 24652 MainThread [INFO]  All processing finished for executor task 4639
2023-06-30 18:51:09.177 worker_log:584 24652 MainThread [INFO]  Received executor task 4641
2023-06-30 18:52:27.195 worker_log:602 24652 MainThread [INFO]  Completed executor task 4641
2023-06-30 18:52:27.196 worker_log:613 24652 MainThread [INFO]  All processing finished for executor task 4641
2023-06-30 18:52:28.366 worker_log:584 24652 MainThread [INFO]  Received executor task 4672
2023-06-30 18:53:06.565 worker_log:602 24652 MainThread [INFO]  Completed executor task 4672
2023-06-30 18:53:06.566 worker_log:613 24652 MainThread [INFO]  All processing finished for executor task 4672
2023-06-30 18:54:02.137 worker_log:584 24652 MainThread [INFO]  Received executor task 4677
2023-06-30 18:54:51.233 worker_log:602 24652 MainThread [INFO]  Completed executor task 4677
2023-06-30 18:54:51.234 worker_log:613 24652 MainThread [INFO]  All processing finished for executor task 4677
2023-06-30 18:55:22.391 worker_log:584 24652 MainThread [INFO]  Received executor task 4696
2023-06-30 18:56:43.356 worker_log:602 24652 MainThread [INFO]  Completed executor task 4696
2023-06-30 18:56:43.356 worker_log:613 24652 MainThread [INFO]  All processing finished for executor task 4696
2023-06-30 18:56:44.357 worker_log:584 24652 MainThread [INFO]  Received executor task 4720
2023-06-30 18:57:33.814 worker_log:602 24652 MainThread [INFO]  Completed executor task 4720
2023-06-30 18:57:33.815 worker_log:613 24652 MainThread [INFO]  All processing finished for executor task 4720
2023-06-30 18:58:30.842 worker_log:584 24652 MainThread [INFO]  Received executor task 4731
2023-06-30 18:58:57.712 worker_log:602 24652 MainThread [INFO]  Completed executor task 4731
2023-06-30 18:58:57.713 worker_log:613 24652 MainThread [INFO]  All processing finished for executor task 4731
2023-06-30 18:59:49.512 worker_log:584 24652 MainThread [INFO]  Received executor task 4744
2023-06-30 19:00:23.471 worker_log:602 24652 MainThread [INFO]  Completed executor task 4744
2023-06-30 19:00:23.471 worker_log:613 24652 MainThread [INFO]  All processing finished for executor task 4744
2023-06-30 19:01:11.369 worker_log:584 24652 MainThread [INFO]  Received executor task 4759
2023-06-30 19:01:38.581 worker_log:602 24652 MainThread [INFO]  Completed executor task 4759
2023-06-30 19:01:38.582 worker_log:613 24652 MainThread [INFO]  All processing finished for executor task 4759
2023-06-30 19:02:18.285 worker_log:584 24652 MainThread [INFO]  Received executor task 4770
2023-06-30 19:02:55.447 worker_log:602 24652 MainThread [INFO]  Completed executor task 4770
2023-06-30 19:02:55.448 worker_log:613 24652 MainThread [INFO]  All processing finished for executor task 4770
2023-06-30 19:03:36.363 worker_log:584 24652 MainThread [INFO]  Received executor task 4790
2023-06-30 19:04:19.629 worker_log:602 24652 MainThread [INFO]  Completed executor task 4790
2023-06-30 19:04:19.630 worker_log:613 24652 MainThread [INFO]  All processing finished for executor task 4790
2023-06-30 19:04:48.951 worker_log:584 24652 MainThread [INFO]  Received executor task 4808
2023-06-30 19:05:39.494 worker_log:602 24652 MainThread [INFO]  Completed executor task 4808
2023-06-30 19:05:39.495 worker_log:613 24652 MainThread [INFO]  All processing finished for executor task 4808
2023-06-30 19:06:08.225 worker_log:584 24652 MainThread [INFO]  Received executor task 4825
2023-06-30 19:07:05.665 worker_log:602 24652 MainThread [INFO]  Completed executor task 4825
2023-06-30 19:07:05.666 worker_log:613 24652 MainThread [INFO]  All processing finished for executor task 4825
2023-06-30 19:07:11.288 worker_log:584 24652 MainThread [INFO]  Received executor task 4847
2023-06-30 19:07:50.227 worker_log:602 24652 MainThread [INFO]  Completed executor task 4847
2023-06-30 19:07:50.227 worker_log:613 24652 MainThread [INFO]  All processing finished for executor task 4847
2023-06-30 19:08:16.250 worker_log:584 24652 MainThread [INFO]  Received executor task 4857
2023-06-30 19:08:38.879 worker_log:602 24652 MainThread [INFO]  Completed executor task 4857
2023-06-30 19:08:38.880 worker_log:613 24652 MainThread [INFO]  All processing finished for executor task 4857
2023-06-30 19:09:33.755 worker_log:584 24652 MainThread [INFO]  Received executor task 4866
2023-06-30 19:09:56.632 worker_log:602 24652 MainThread [INFO]  Completed executor task 4866
2023-06-30 19:09:56.633 worker_log:613 24652 MainThread [INFO]  All processing finished for executor task 4866
2023-06-30 19:11:02.379 worker_log:584 24652 MainThread [INFO]  Received executor task 4882
2023-06-30 19:12:04.291 worker_log:602 24652 MainThread [INFO]  Completed executor task 4882
2023-06-30 19:12:04.291 worker_log:613 24652 MainThread [INFO]  All processing finished for executor task 4882
2023-06-30 19:13:06.682 worker_log:584 24652 MainThread [INFO]  Received executor task 4909
2023-06-30 19:13:56.948 worker_log:602 24652 MainThread [INFO]  Completed executor task 4909
2023-06-30 19:13:56.948 worker_log:613 24652 MainThread [INFO]  All processing finished for executor task 4909
2023-06-30 19:14:20.126 worker_log:584 24652 MainThread [INFO]  Received executor task 4922
2023-06-30 19:14:57.790 worker_log:602 24652 MainThread [INFO]  Completed executor task 4922
2023-06-30 19:14:57.790 worker_log:613 24652 MainThread [INFO]  All processing finished for executor task 4922
2023-06-30 19:15:29.585 worker_log:584 24652 MainThread [INFO]  Received executor task 4938
2023-06-30 19:15:54.566 worker_log:602 24652 MainThread [INFO]  Completed executor task 4938
2023-06-30 19:15:54.567 worker_log:613 24652 MainThread [INFO]  All processing finished for executor task 4938
2023-06-30 19:18:39.458 worker_log:584 24652 MainThread [INFO]  Received executor task 4947
2023-06-30 19:18:58.286 worker_log:602 24652 MainThread [INFO]  Completed executor task 4947
2023-06-30 19:18:58.286 worker_log:613 24652 MainThread [INFO]  All processing finished for executor task 4947
2023-06-30 19:19:42.804 worker_log:584 24652 MainThread [INFO]  Received executor task 4966
2023-06-30 19:19:52.023 worker_log:602 24652 MainThread [INFO]  Completed executor task 4966
2023-06-30 19:19:52.024 worker_log:613 24652 MainThread [INFO]  All processing finished for executor task 4966
2023-06-30 19:20:56.813 worker_log:584 24652 MainThread [INFO]  Received executor task 4977
2023-06-30 19:21:30.983 worker_log:602 24652 MainThread [INFO]  Completed executor task 4977
2023-06-30 19:21:30.984 worker_log:613 24652 MainThread [INFO]  All processing finished for executor task 4977
2023-06-30 19:22:02.696 worker_log:584 24652 MainThread [INFO]  Received executor task 4998
2023-06-30 19:22:36.493 worker_log:602 24652 MainThread [INFO]  Completed executor task 4998
2023-06-30 19:22:36.493 worker_log:613 24652 MainThread [INFO]  All processing finished for executor task 4998
2023-06-30 19:23:03.643 worker_log:584 24652 MainThread [INFO]  Received executor task 5013
2023-06-30 19:23:59.940 worker_log:602 24652 MainThread [INFO]  Completed executor task 5013
2023-06-30 19:23:59.941 worker_log:613 24652 MainThread [INFO]  All processing finished for executor task 5013
2023-06-30 19:24:48.920 worker_log:584 24652 MainThread [INFO]  Received executor task 5035
2023-06-30 19:25:21.438 worker_log:602 24652 MainThread [INFO]  Completed executor task 5035
2023-06-30 19:25:21.439 worker_log:613 24652 MainThread [INFO]  All processing finished for executor task 5035
2023-06-30 19:25:38.418 worker_log:584 24652 MainThread [INFO]  Received executor task 5047
2023-06-30 19:26:16.981 worker_log:602 24652 MainThread [INFO]  Completed executor task 5047
2023-06-30 19:26:16.982 worker_log:613 24652 MainThread [INFO]  All processing finished for executor task 5047
2023-06-30 19:27:01.710 worker_log:584 24652 MainThread [INFO]  Received executor task 5064
2023-06-30 19:27:41.110 worker_log:602 24652 MainThread [INFO]  Completed executor task 5064
2023-06-30 19:27:41.111 worker_log:613 24652 MainThread [INFO]  All processing finished for executor task 5064
2023-06-30 19:27:59.740 worker_log:584 24652 MainThread [INFO]  Received executor task 5082
2023-06-30 19:28:56.789 worker_log:602 24652 MainThread [INFO]  Completed executor task 5082
2023-06-30 19:28:56.790 worker_log:613 24652 MainThread [INFO]  All processing finished for executor task 5082
2023-06-30 19:29:25.952 worker_log:584 24652 MainThread [INFO]  Received executor task 5101
2023-06-30 19:30:11.208 worker_log:602 24652 MainThread [INFO]  Completed executor task 5101
2023-06-30 19:30:11.208 worker_log:613 24652 MainThread [INFO]  All processing finished for executor task 5101
2023-06-30 19:31:06.132 worker_log:584 24652 MainThread [INFO]  Received executor task 5116
2023-06-30 19:32:17.040 worker_log:602 24652 MainThread [INFO]  Completed executor task 5116
2023-06-30 19:32:17.040 worker_log:613 24652 MainThread [INFO]  All processing finished for executor task 5116
2023-06-30 19:32:58.893 worker_log:584 24652 MainThread [INFO]  Received executor task 5135
2023-06-30 19:34:17.393 worker_log:602 24652 MainThread [INFO]  Completed executor task 5135
2023-06-30 19:34:17.394 worker_log:613 24652 MainThread [INFO]  All processing finished for executor task 5135
2023-06-30 19:34:18.413 worker_log:584 24652 MainThread [INFO]  Received executor task 5152
2023-06-30 19:35:16.483 worker_log:602 24652 MainThread [INFO]  Completed executor task 5152
2023-06-30 19:35:16.484 worker_log:613 24652 MainThread [INFO]  All processing finished for executor task 5152
2023-06-30 19:35:43.187 worker_log:584 24652 MainThread [INFO]  Received executor task 5165
2023-06-30 19:36:33.755 worker_log:602 24652 MainThread [INFO]  Completed executor task 5165
2023-06-30 19:36:33.756 worker_log:613 24652 MainThread [INFO]  All processing finished for executor task 5165
2023-06-30 19:37:15.429 worker_log:584 24652 MainThread [INFO]  Received executor task 5176
2023-06-30 19:37:42.692 worker_log:602 24652 MainThread [INFO]  Completed executor task 5176
2023-06-30 19:37:42.693 worker_log:613 24652 MainThread [INFO]  All processing finished for executor task 5176
2023-06-30 19:38:46.127 worker_log:584 24652 MainThread [INFO]  Received executor task 5185
2023-06-30 19:39:08.169 worker_log:602 24652 MainThread [INFO]  Completed executor task 5185
2023-06-30 19:39:08.170 worker_log:613 24652 MainThread [INFO]  All processing finished for executor task 5185
2023-06-30 19:39:57.519 worker_log:584 24652 MainThread [INFO]  Received executor task 5202
2023-06-30 19:40:34.021 worker_log:602 24652 MainThread [INFO]  Completed executor task 5202
2023-06-30 19:40:34.022 worker_log:613 24652 MainThread [INFO]  All processing finished for executor task 5202
2023-06-30 19:41:15.996 worker_log:584 24652 MainThread [INFO]  Received executor task 5224
2023-06-30 19:42:09.745 worker_log:602 24652 MainThread [INFO]  Completed executor task 5224
2023-06-30 19:42:09.746 worker_log:613 24652 MainThread [INFO]  All processing finished for executor task 5224
2023-06-30 19:42:36.751 worker_log:584 24652 MainThread [INFO]  Received executor task 5243
2023-06-30 19:44:15.453 worker_log:602 24652 MainThread [INFO]  Completed executor task 5243
2023-06-30 19:44:15.454 worker_log:613 24652 MainThread [INFO]  All processing finished for executor task 5243
2023-06-30 19:44:16.365 worker_log:584 24652 MainThread [INFO]  Received executor task 5264
2023-06-30 19:44:45.314 worker_log:602 24652 MainThread [INFO]  Completed executor task 5264
2023-06-30 19:44:45.314 worker_log:613 24652 MainThread [INFO]  All processing finished for executor task 5264
2023-06-30 19:45:29.718 worker_log:584 24652 MainThread [INFO]  Received executor task 5268
2023-06-30 19:46:13.396 worker_log:602 24652 MainThread [INFO]  Completed executor task 5268
2023-06-30 19:46:13.397 worker_log:613 24652 MainThread [INFO]  All processing finished for executor task 5268
2023-06-30 19:46:41.629 worker_log:584 24652 MainThread [INFO]  Received executor task 5292
2023-06-30 19:47:25.206 worker_log:602 24652 MainThread [INFO]  Completed executor task 5292
2023-06-30 19:47:25.207 worker_log:613 24652 MainThread [INFO]  All processing finished for executor task 5292
2023-06-30 19:47:43.881 worker_log:584 24652 MainThread [INFO]  Received executor task 5310
2023-06-30 19:48:05.808 worker_log:602 24652 MainThread [INFO]  Completed executor task 5310
2023-06-30 19:48:05.808 worker_log:613 24652 MainThread [INFO]  All processing finished for executor task 5310
2023-06-30 19:48:52.620 worker_log:584 24652 MainThread [INFO]  Received executor task 5313
2023-06-30 19:49:11.588 worker_log:602 24652 MainThread [INFO]  Completed executor task 5313
2023-06-30 19:49:11.588 worker_log:613 24652 MainThread [INFO]  All processing finished for executor task 5313
2023-06-30 19:49:59.802 worker_log:584 24652 MainThread [INFO]  Received executor task 5332
2023-06-30 19:50:49.518 worker_log:602 24652 MainThread [INFO]  Completed executor task 5332
2023-06-30 19:50:49.518 worker_log:613 24652 MainThread [INFO]  All processing finished for executor task 5332
2023-06-30 19:52:19.446 worker_log:584 24652 MainThread [INFO]  Received executor task 5356
2023-06-30 19:53:23.097 worker_log:602 24652 MainThread [INFO]  Completed executor task 5356
2023-06-30 19:53:23.097 worker_log:613 24652 MainThread [INFO]  All processing finished for executor task 5356
2023-06-30 19:53:51.785 worker_log:584 24652 MainThread [INFO]  Received executor task 5371
2023-06-30 19:54:15.292 worker_log:602 24652 MainThread [INFO]  Completed executor task 5371
2023-06-30 19:54:15.292 worker_log:613 24652 MainThread [INFO]  All processing finished for executor task 5371
2023-06-30 19:55:10.253 worker_log:584 24652 MainThread [INFO]  Received executor task 5379
2023-06-30 19:55:40.246 worker_log:602 24652 MainThread [INFO]  Completed executor task 5379
2023-06-30 19:55:40.247 worker_log:613 24652 MainThread [INFO]  All processing finished for executor task 5379
2023-06-30 19:56:16.100 worker_log:584 24652 MainThread [INFO]  Received executor task 5396
2023-06-30 19:57:44.342 worker_log:602 24652 MainThread [INFO]  Completed executor task 5396
2023-06-30 19:57:44.343 worker_log:613 24652 MainThread [INFO]  All processing finished for executor task 5396
2023-06-30 19:57:45.518 worker_log:584 24652 MainThread [INFO]  Received executor task 5424
2023-06-30 19:58:24.530 worker_log:602 24652 MainThread [INFO]  Completed executor task 5424
2023-06-30 19:58:24.531 worker_log:613 24652 MainThread [INFO]  All processing finished for executor task 5424
2023-06-30 19:59:03.363 worker_log:584 24652 MainThread [INFO]  Received executor task 5431
2023-06-30 19:59:52.768 worker_log:602 24652 MainThread [INFO]  Completed executor task 5431
2023-06-30 19:59:52.768 worker_log:613 24652 MainThread [INFO]  All processing finished for executor task 5431
2023-06-30 20:00:04.226 worker_log:584 24652 MainThread [INFO]  Received executor task 5452
2023-06-30 20:00:33.680 worker_log:602 24652 MainThread [INFO]  Completed executor task 5452
2023-06-30 20:00:33.680 worker_log:613 24652 MainThread [INFO]  All processing finished for executor task 5452
2023-06-30 20:01:09.628 worker_log:584 24652 MainThread [INFO]  Received executor task 5461
2023-06-30 20:01:55.545 worker_log:602 24652 MainThread [INFO]  Completed executor task 5461
2023-06-30 20:01:55.545 worker_log:613 24652 MainThread [INFO]  All processing finished for executor task 5461
2023-06-30 20:02:20.602 worker_log:584 24652 MainThread [INFO]  Received executor task 5485
2023-06-30 20:03:14.331 worker_log:602 24652 MainThread [INFO]  Completed executor task 5485
2023-06-30 20:03:14.331 worker_log:613 24652 MainThread [INFO]  All processing finished for executor task 5485
2023-06-30 20:03:15.503 worker_log:584 24652 MainThread [INFO]  Received executor task 5504
2023-06-30 20:03:49.507 worker_log:602 24652 MainThread [INFO]  Completed executor task 5504
2023-06-30 20:03:49.508 worker_log:613 24652 MainThread [INFO]  All processing finished for executor task 5504
2023-06-30 20:04:19.611 worker_log:584 24652 MainThread [INFO]  Received executor task 5513
2023-06-30 20:04:36.806 worker_log:602 24652 MainThread [INFO]  Completed executor task 5513
2023-06-30 20:04:36.806 worker_log:613 24652 MainThread [INFO]  All processing finished for executor task 5513
2023-06-30 20:05:36.988 worker_log:584 24652 MainThread [INFO]  Received executor task 5522
2023-06-30 20:06:36.783 worker_log:602 24652 MainThread [INFO]  Completed executor task 5522
2023-06-30 20:06:36.784 worker_log:613 24652 MainThread [INFO]  All processing finished for executor task 5522
2023-06-30 20:06:38.362 worker_log:584 24652 MainThread [INFO]  Received executor task 5552
2023-06-30 20:07:46.848 worker_log:602 24652 MainThread [INFO]  Completed executor task 5552
2023-06-30 20:07:46.849 worker_log:613 24652 MainThread [INFO]  All processing finished for executor task 5552
2023-06-30 20:07:53.602 worker_log:584 24652 MainThread [INFO]  Received executor task 5567
2023-06-30 20:08:51.799 worker_log:602 24652 MainThread [INFO]  Completed executor task 5567
2023-06-30 20:08:51.799 worker_log:613 24652 MainThread [INFO]  All processing finished for executor task 5567
2023-06-30 20:09:18.546 worker_log:584 24652 MainThread [INFO]  Received executor task 5582
2023-06-30 20:09:54.286 worker_log:602 24652 MainThread [INFO]  Completed executor task 5582
2023-06-30 20:09:54.286 worker_log:613 24652 MainThread [INFO]  All processing finished for executor task 5582
2023-06-30 20:10:46.673 worker_log:584 24652 MainThread [INFO]  Received executor task 5590
2023-06-30 20:11:11.458 worker_log:602 24652 MainThread [INFO]  Completed executor task 5590
2023-06-30 20:11:11.459 worker_log:613 24652 MainThread [INFO]  All processing finished for executor task 5590
2023-06-30 20:12:07.138 worker_log:584 24652 MainThread [INFO]  Received executor task 5604
2023-06-30 20:12:32.057 worker_log:602 24652 MainThread [INFO]  Completed executor task 5604
2023-06-30 20:12:32.057 worker_log:613 24652 MainThread [INFO]  All processing finished for executor task 5604
2023-06-30 20:13:31.687 worker_log:584 24652 MainThread [INFO]  Received executor task 5617
2023-06-30 20:14:22.452 worker_log:602 24652 MainThread [INFO]  Completed executor task 5617
2023-06-30 20:14:22.452 worker_log:613 24652 MainThread [INFO]  All processing finished for executor task 5617
2023-06-30 20:14:48.358 worker_log:584 24652 MainThread [INFO]  Received executor task 5646
2023-06-30 20:15:03.427 worker_log:602 24652 MainThread [INFO]  Completed executor task 5646
2023-06-30 20:15:03.427 worker_log:613 24652 MainThread [INFO]  All processing finished for executor task 5646
