2023-06-30 12:25:40.265 worker_log:538 24665 MainThread [INFO]  Worker 6 started
2023-06-30 12:27:54.431 worker_log:584 24665 MainThread [INFO]  Received executor task 7
2023-06-30 12:28:24.163 worker_log:602 24665 MainThread [INFO]  Completed executor task 7
2023-06-30 12:28:24.164 worker_log:613 24665 MainThread [INFO]  All processing finished for executor task 7
2023-06-30 12:29:17.702 worker_log:584 24665 MainThread [INFO]  Received executor task 21
2023-06-30 12:29:43.431 worker_log:602 24665 MainThread [INFO]  Completed executor task 21
2023-06-30 12:29:43.432 worker_log:613 24665 MainThread [INFO]  All processing finished for executor task 21
2023-06-30 12:30:16.335 worker_log:584 24665 MainThread [INFO]  Received executor task 35
2023-06-30 12:31:04.555 worker_log:602 24665 MainThread [INFO]  Completed executor task 35
2023-06-30 12:31:04.556 worker_log:613 24665 MainThread [INFO]  All processing finished for executor task 35
2023-06-30 12:31:36.588 worker_log:584 24665 MainThread [INFO]  Received executor task 60
2023-06-30 12:32:01.628 worker_log:602 24665 MainThread [INFO]  Completed executor task 60
2023-06-30 12:32:01.629 worker_log:613 24665 MainThread [INFO]  All processing finished for executor task 60
2023-06-30 12:33:05.662 worker_log:584 24665 MainThread [INFO]  Received executor task 68
2023-06-30 12:33:55.001 worker_log:602 24665 MainThread [INFO]  Completed executor task 68
2023-06-30 12:33:55.002 worker_log:613 24665 MainThread [INFO]  All processing finished for executor task 68
2023-06-30 12:34:36.093 worker_log:584 24665 MainThread [INFO]  Received executor task 92
2023-06-30 12:35:13.006 worker_log:602 24665 MainThread [INFO]  Completed executor task 92
2023-06-30 12:35:13.007 worker_log:613 24665 MainThread [INFO]  All processing finished for executor task 92
2023-06-30 12:35:46.647 worker_log:584 24665 MainThread [INFO]  Received executor task 106
2023-06-30 12:36:33.570 worker_log:602 24665 MainThread [INFO]  Completed executor task 106
2023-06-30 12:36:33.571 worker_log:613 24665 MainThread [INFO]  All processing finished for executor task 106
2023-06-30 12:37:08.174 worker_log:584 24665 MainThread [INFO]  Received executor task 127
2023-06-30 12:37:50.050 worker_log:602 24665 MainThread [INFO]  Completed executor task 127
2023-06-30 12:37:50.050 worker_log:613 24665 MainThread [INFO]  All processing finished for executor task 127
2023-06-30 12:38:46.441 worker_log:584 24665 MainThread [INFO]  Received executor task 137
2023-06-30 12:39:13.272 worker_log:602 24665 MainThread [INFO]  Completed executor task 137
2023-06-30 12:39:13.272 worker_log:613 24665 MainThread [INFO]  All processing finished for executor task 137
2023-06-30 12:39:35.279 worker_log:584 24665 MainThread [INFO]  Received executor task 149
2023-06-30 12:40:33.424 worker_log:602 24665 MainThread [INFO]  Completed executor task 149
2023-06-30 12:40:33.425 worker_log:613 24665 MainThread [INFO]  All processing finished for executor task 149
2023-06-30 12:40:42.892 worker_log:584 24665 MainThread [INFO]  Received executor task 173
2023-06-30 12:42:24.508 worker_log:602 24665 MainThread [INFO]  Completed executor task 173
2023-06-30 12:42:24.508 worker_log:613 24665 MainThread [INFO]  All processing finished for executor task 173
2023-06-30 12:42:25.613 worker_log:584 24665 MainThread [INFO]  Received executor task 192
2023-06-30 12:43:28.508 worker_log:602 24665 MainThread [INFO]  Completed executor task 192
2023-06-30 12:43:28.508 worker_log:613 24665 MainThread [INFO]  All processing finished for executor task 192
2023-06-30 12:43:30.934 worker_log:584 24665 MainThread [INFO]  Received executor task 207
2023-06-30 12:44:53.917 worker_log:602 24665 MainThread [INFO]  Completed executor task 207
2023-06-30 12:44:53.918 worker_log:613 24665 MainThread [INFO]  All processing finished for executor task 207
2023-06-30 12:44:55.254 worker_log:584 24665 MainThread [INFO]  Received executor task 224
2023-06-30 12:45:16.249 worker_log:602 24665 MainThread [INFO]  Completed executor task 224
2023-06-30 12:45:16.249 worker_log:613 24665 MainThread [INFO]  All processing finished for executor task 224
2023-06-30 12:45:48.405 worker_log:584 24665 MainThread [INFO]  Received executor task 226
2023-06-30 12:46:34.411 worker_log:602 24665 MainThread [INFO]  Completed executor task 226
2023-06-30 12:46:34.411 worker_log:613 24665 MainThread [INFO]  All processing finished for executor task 226
2023-06-30 12:47:06.972 worker_log:584 24665 MainThread [INFO]  Received executor task 252
2023-06-30 12:47:31.873 worker_log:602 24665 MainThread [INFO]  Completed executor task 252
2023-06-30 12:47:31.874 worker_log:613 24665 MainThread [INFO]  All processing finished for executor task 252
2023-06-30 12:48:04.445 worker_log:584 24665 MainThread [INFO]  Received executor task 260
2023-06-30 12:48:16.348 worker_log:602 24665 MainThread [INFO]  Completed executor task 260
2023-06-30 12:48:16.349 worker_log:613 24665 MainThread [INFO]  All processing finished for executor task 260
2023-06-30 12:49:09.106 worker_log:584 24665 MainThread [INFO]  Received executor task 273
2023-06-30 12:49:53.500 worker_log:602 24665 MainThread [INFO]  Completed executor task 273
2023-06-30 12:49:53.501 worker_log:613 24665 MainThread [INFO]  All processing finished for executor task 273
2023-06-30 12:50:37.399 worker_log:584 24665 MainThread [INFO]  Received executor task 295
2023-06-30 12:51:40.168 worker_log:602 24665 MainThread [INFO]  Completed executor task 295
2023-06-30 12:51:40.169 worker_log:613 24665 MainThread [INFO]  All processing finished for executor task 295
2023-06-30 12:51:59.912 worker_log:584 24665 MainThread [INFO]  Received executor task 316
2023-06-30 12:52:39.825 worker_log:602 24665 MainThread [INFO]  Completed executor task 316
2023-06-30 12:52:39.825 worker_log:613 24665 MainThread [INFO]  All processing finished for executor task 316
2023-06-30 12:53:22.469 worker_log:584 24665 MainThread [INFO]  Received executor task 330
2023-06-30 12:53:49.490 worker_log:602 24665 MainThread [INFO]  Completed executor task 330
2023-06-30 12:53:49.491 worker_log:613 24665 MainThread [INFO]  All processing finished for executor task 330
2023-06-30 12:54:54.589 worker_log:584 24665 MainThread [INFO]  Received executor task 339
2023-06-30 12:55:25.431 worker_log:602 24665 MainThread [INFO]  Completed executor task 339
2023-06-30 12:55:25.431 worker_log:613 24665 MainThread [INFO]  All processing finished for executor task 339
2023-06-30 12:56:36.511 worker_log:584 24665 MainThread [INFO]  Received executor task 356
2023-06-30 12:57:12.711 worker_log:602 24665 MainThread [INFO]  Completed executor task 356
2023-06-30 12:57:12.711 worker_log:613 24665 MainThread [INFO]  All processing finished for executor task 356
2023-06-30 12:58:32.102 worker_log:584 24665 MainThread [INFO]  Received executor task 376
2023-06-30 12:59:18.325 worker_log:602 24665 MainThread [INFO]  Completed executor task 376
2023-06-30 12:59:18.326 worker_log:613 24665 MainThread [INFO]  All processing finished for executor task 376
2023-06-30 12:59:45.055 worker_log:584 24665 MainThread [INFO]  Received executor task 396
2023-06-30 13:00:35.012 worker_log:602 24665 MainThread [INFO]  Completed executor task 396
2023-06-30 13:00:35.012 worker_log:613 24665 MainThread [INFO]  All processing finished for executor task 396
2023-06-30 13:01:05.416 worker_log:584 24665 MainThread [INFO]  Received executor task 412
2023-06-30 13:02:02.842 worker_log:602 24665 MainThread [INFO]  Completed executor task 412
2023-06-30 13:02:02.842 worker_log:613 24665 MainThread [INFO]  All processing finished for executor task 412
2023-06-30 13:02:23.290 worker_log:584 24665 MainThread [INFO]  Received executor task 427
2023-06-30 13:03:04.941 worker_log:602 24665 MainThread [INFO]  Completed executor task 427
2023-06-30 13:03:04.941 worker_log:613 24665 MainThread [INFO]  All processing finished for executor task 427
2023-06-30 13:04:05.031 worker_log:584 24665 MainThread [INFO]  Received executor task 442
2023-06-30 13:04:29.121 worker_log:602 24665 MainThread [INFO]  Completed executor task 442
2023-06-30 13:04:29.121 worker_log:613 24665 MainThread [INFO]  All processing finished for executor task 442
2023-06-30 13:05:04.896 worker_log:584 24665 MainThread [INFO]  Received executor task 452
2023-06-30 13:05:45.828 worker_log:602 24665 MainThread [INFO]  Completed executor task 452
2023-06-30 13:05:45.828 worker_log:613 24665 MainThread [INFO]  All processing finished for executor task 452
2023-06-30 13:06:14.452 worker_log:584 24665 MainThread [INFO]  Received executor task 472
2023-06-30 13:06:40.286 worker_log:602 24665 MainThread [INFO]  Completed executor task 472
2023-06-30 13:06:40.287 worker_log:613 24665 MainThread [INFO]  All processing finished for executor task 472
2023-06-30 13:07:57.922 worker_log:584 24665 MainThread [INFO]  Received executor task 482
2023-06-30 13:08:57.389 worker_log:602 24665 MainThread [INFO]  Completed executor task 482
2023-06-30 13:08:57.390 worker_log:613 24665 MainThread [INFO]  All processing finished for executor task 482
2023-06-30 13:09:03.560 worker_log:584 24665 MainThread [INFO]  Received executor task 511
2023-06-30 13:09:39.651 worker_log:602 24665 MainThread [INFO]  Completed executor task 511
2023-06-30 13:09:39.652 worker_log:613 24665 MainThread [INFO]  All processing finished for executor task 511
2023-06-30 13:10:49.936 worker_log:584 24665 MainThread [INFO]  Received executor task 518
2023-06-30 13:11:26.772 worker_log:602 24665 MainThread [INFO]  Completed executor task 518
2023-06-30 13:11:26.772 worker_log:613 24665 MainThread [INFO]  All processing finished for executor task 518
2023-06-30 13:12:00.170 worker_log:584 24665 MainThread [INFO]  Received executor task 535
2023-06-30 13:12:11.797 worker_log:602 24665 MainThread [INFO]  Completed executor task 535
2023-06-30 13:12:11.798 worker_log:613 24665 MainThread [INFO]  All processing finished for executor task 535
2023-06-30 13:13:36.849 worker_log:584 24665 MainThread [INFO]  Received executor task 546
2023-06-30 13:14:19.333 worker_log:602 24665 MainThread [INFO]  Completed executor task 546
2023-06-30 13:14:19.333 worker_log:613 24665 MainThread [INFO]  All processing finished for executor task 546
2023-06-30 13:14:49.526 worker_log:584 24665 MainThread [INFO]  Received executor task 566
2023-06-30 13:15:04.732 worker_log:602 24665 MainThread [INFO]  Completed executor task 566
2023-06-30 13:15:04.733 worker_log:613 24665 MainThread [INFO]  All processing finished for executor task 566
2023-06-30 13:15:54.999 worker_log:584 24665 MainThread [INFO]  Received executor task 577
2023-06-30 13:16:22.010 worker_log:602 24665 MainThread [INFO]  Completed executor task 577
2023-06-30 13:16:22.011 worker_log:613 24665 MainThread [INFO]  All processing finished for executor task 577
2023-06-30 13:16:55.063 worker_log:584 24665 MainThread [INFO]  Received executor task 597
2023-06-30 13:17:16.220 worker_log:602 24665 MainThread [INFO]  Completed executor task 597
2023-06-30 13:17:16.221 worker_log:613 24665 MainThread [INFO]  All processing finished for executor task 597
2023-06-30 13:18:07.185 worker_log:584 24665 MainThread [INFO]  Received executor task 609
2023-06-30 13:18:27.727 worker_log:602 24665 MainThread [INFO]  Completed executor task 609
2023-06-30 13:18:27.727 worker_log:613 24665 MainThread [INFO]  All processing finished for executor task 609
2023-06-30 13:19:17.347 worker_log:584 24665 MainThread [INFO]  Received executor task 626
2023-06-30 13:20:25.485 worker_log:602 24665 MainThread [INFO]  Completed executor task 626
2023-06-30 13:20:25.486 worker_log:613 24665 MainThread [INFO]  All processing finished for executor task 626
2023-06-30 13:20:40.013 worker_log:584 24665 MainThread [INFO]  Received executor task 655
2023-06-30 13:21:21.133 worker_log:602 24665 MainThread [INFO]  Completed executor task 655
2023-06-30 13:21:21.134 worker_log:613 24665 MainThread [INFO]  All processing finished for executor task 655
2023-06-30 13:21:47.454 worker_log:584 24665 MainThread [INFO]  Received executor task 666
2023-06-30 13:22:59.412 worker_log:602 24665 MainThread [INFO]  Completed executor task 666
2023-06-30 13:22:59.412 worker_log:613 24665 MainThread [INFO]  All processing finished for executor task 666
2023-06-30 13:23:09.126 worker_log:584 24665 MainThread [INFO]  Received executor task 687
2023-06-30 13:23:37.283 worker_log:602 24665 MainThread [INFO]  Completed executor task 687
2023-06-30 13:23:37.284 worker_log:613 24665 MainThread [INFO]  All processing finished for executor task 687
2023-06-30 13:24:23.250 worker_log:584 24665 MainThread [INFO]  Received executor task 693
2023-06-30 13:25:23.036 worker_log:602 24665 MainThread [INFO]  Completed executor task 693
2023-06-30 13:25:23.037 worker_log:613 24665 MainThread [INFO]  All processing finished for executor task 693
2023-06-30 13:25:38.024 worker_log:584 24665 MainThread [INFO]  Received executor task 715
2023-06-30 13:26:55.617 worker_log:602 24665 MainThread [INFO]  Completed executor task 715
2023-06-30 13:26:55.617 worker_log:613 24665 MainThread [INFO]  All processing finished for executor task 715
2023-06-30 13:26:56.882 worker_log:584 24665 MainThread [INFO]  Received executor task 736
2023-06-30 13:27:13.915 worker_log:602 24665 MainThread [INFO]  Completed executor task 736
2023-06-30 13:27:13.916 worker_log:613 24665 MainThread [INFO]  All processing finished for executor task 736
2023-06-30 13:28:04.476 worker_log:584 24665 MainThread [INFO]  Received executor task 739
2023-06-30 13:28:37.652 worker_log:602 24665 MainThread [INFO]  Completed executor task 739
2023-06-30 13:28:37.652 worker_log:613 24665 MainThread [INFO]  All processing finished for executor task 739
2023-06-30 13:29:36.764 worker_log:584 24665 MainThread [INFO]  Received executor task 758
2023-06-30 13:30:23.580 worker_log:602 24665 MainThread [INFO]  Completed executor task 758
2023-06-30 13:30:23.580 worker_log:613 24665 MainThread [INFO]  All processing finished for executor task 758
2023-06-30 13:30:45.114 worker_log:584 24665 MainThread [INFO]  Received executor task 780
2023-06-30 13:31:38.182 worker_log:602 24665 MainThread [INFO]  Completed executor task 780
2023-06-30 13:31:38.182 worker_log:613 24665 MainThread [INFO]  All processing finished for executor task 780
2023-06-30 13:31:58.535 worker_log:584 24665 MainThread [INFO]  Received executor task 796
2023-06-30 13:32:57.743 worker_log:602 24665 MainThread [INFO]  Completed executor task 796
2023-06-30 13:32:57.744 worker_log:613 24665 MainThread [INFO]  All processing finished for executor task 796
2023-06-30 13:33:05.790 worker_log:584 24665 MainThread [INFO]  Received executor task 814
2023-06-30 13:33:34.794 worker_log:602 24665 MainThread [INFO]  Completed executor task 814
2023-06-30 13:33:34.795 worker_log:613 24665 MainThread [INFO]  All processing finished for executor task 814
2023-06-30 13:34:12.693 worker_log:584 24665 MainThread [INFO]  Received executor task 823
2023-06-30 13:34:55.305 worker_log:602 24665 MainThread [INFO]  Completed executor task 823
2023-06-30 13:34:55.306 worker_log:613 24665 MainThread [INFO]  All processing finished for executor task 823
2023-06-30 13:35:39.729 worker_log:584 24665 MainThread [INFO]  Received executor task 846
2023-06-30 13:36:30.724 worker_log:602 24665 MainThread [INFO]  Completed executor task 846
2023-06-30 13:36:30.725 worker_log:613 24665 MainThread [INFO]  All processing finished for executor task 846
2023-06-30 13:37:00.149 worker_log:584 24665 MainThread [INFO]  Received executor task 859
2023-06-30 13:37:32.192 worker_log:602 24665 MainThread [INFO]  Completed executor task 859
2023-06-30 13:37:32.193 worker_log:613 24665 MainThread [INFO]  All processing finished for executor task 859
2023-06-30 13:38:51.378 worker_log:584 24665 MainThread [INFO]  Received executor task 870
2023-06-30 13:39:12.501 worker_log:602 24665 MainThread [INFO]  Completed executor task 870
2023-06-30 13:39:12.501 worker_log:613 24665 MainThread [INFO]  All processing finished for executor task 870
2023-06-30 13:40:04.615 worker_log:584 24665 MainThread [INFO]  Received executor task 881
2023-06-30 13:40:44.816 worker_log:602 24665 MainThread [INFO]  Completed executor task 881
2023-06-30 13:40:44.817 worker_log:613 24665 MainThread [INFO]  All processing finished for executor task 881
2023-06-30 13:41:15.323 worker_log:584 24665 MainThread [INFO]  Received executor task 905
2023-06-30 13:42:02.550 worker_log:602 24665 MainThread [INFO]  Completed executor task 905
2023-06-30 13:42:02.551 worker_log:613 24665 MainThread [INFO]  All processing finished for executor task 905
2023-06-30 13:42:30.476 worker_log:584 24665 MainThread [INFO]  Received executor task 923
2023-06-30 13:42:44.596 worker_log:602 24665 MainThread [INFO]  Completed executor task 923
2023-06-30 13:42:44.597 worker_log:613 24665 MainThread [INFO]  All processing finished for executor task 923
2023-06-30 13:44:04.302 worker_log:584 24665 MainThread [INFO]  Received executor task 929
2023-06-30 13:45:27.816 worker_log:602 24665 MainThread [INFO]  Completed executor task 929
2023-06-30 13:45:27.817 worker_log:613 24665 MainThread [INFO]  All processing finished for executor task 929
2023-06-30 13:45:29.045 worker_log:584 24665 MainThread [INFO]  Received executor task 960
2023-06-30 13:46:16.855 worker_log:602 24665 MainThread [INFO]  Completed executor task 960
2023-06-30 13:46:16.855 worker_log:613 24665 MainThread [INFO]  All processing finished for executor task 960
2023-06-30 13:47:02.122 worker_log:584 24665 MainThread [INFO]  Received executor task 971
2023-06-30 13:47:54.859 worker_log:602 24665 MainThread [INFO]  Completed executor task 971
2023-06-30 13:47:54.859 worker_log:613 24665 MainThread [INFO]  All processing finished for executor task 971
2023-06-30 13:48:26.936 worker_log:584 24665 MainThread [INFO]  Received executor task 985
2023-06-30 13:48:57.218 worker_log:602 24665 MainThread [INFO]  Completed executor task 985
2023-06-30 13:48:57.218 worker_log:613 24665 MainThread [INFO]  All processing finished for executor task 985
2023-06-30 13:49:54.861 worker_log:584 24665 MainThread [INFO]  Received executor task 996
2023-06-30 13:50:09.771 worker_log:602 24665 MainThread [INFO]  Completed executor task 996
2023-06-30 13:50:09.784 worker_log:613 24665 MainThread [INFO]  All processing finished for executor task 996
2023-06-30 13:51:17.581 worker_log:584 24665 MainThread [INFO]  Received executor task 1009
2023-06-30 13:51:54.070 worker_log:602 24665 MainThread [INFO]  Completed executor task 1009
2023-06-30 13:51:54.070 worker_log:613 24665 MainThread [INFO]  All processing finished for executor task 1009
2023-06-30 13:52:33.329 worker_log:584 24665 MainThread [INFO]  Received executor task 1031
2023-06-30 13:53:17.825 worker_log:602 24665 MainThread [INFO]  Completed executor task 1031
2023-06-30 13:53:17.826 worker_log:613 24665 MainThread [INFO]  All processing finished for executor task 1031
2023-06-30 13:54:04.182 worker_log:584 24665 MainThread [INFO]  Received executor task 1050
2023-06-30 13:54:29.644 worker_log:602 24665 MainThread [INFO]  Completed executor task 1050
2023-06-30 13:54:29.645 worker_log:613 24665 MainThread [INFO]  All processing finished for executor task 1050
2023-06-30 13:55:39.815 worker_log:584 24665 MainThread [INFO]  Received executor task 1059
2023-06-30 13:56:40.712 worker_log:602 24665 MainThread [INFO]  Completed executor task 1059
2023-06-30 13:56:40.713 worker_log:613 24665 MainThread [INFO]  All processing finished for executor task 1059
2023-06-30 13:57:12.475 worker_log:584 24665 MainThread [INFO]  Received executor task 1086
2023-06-30 13:57:50.224 worker_log:602 24665 MainThread [INFO]  Completed executor task 1086
2023-06-30 13:57:50.224 worker_log:613 24665 MainThread [INFO]  All processing finished for executor task 1086
2023-06-30 13:58:54.931 worker_log:584 24665 MainThread [INFO]  Received executor task 1098
2023-06-30 13:59:07.349 worker_log:602 24665 MainThread [INFO]  Completed executor task 1098
2023-06-30 13:59:07.349 worker_log:613 24665 MainThread [INFO]  All processing finished for executor task 1098
2023-06-30 14:00:03.302 worker_log:584 24665 MainThread [INFO]  Received executor task 1105
2023-06-30 14:00:40.304 worker_log:602 24665 MainThread [INFO]  Completed executor task 1105
2023-06-30 14:00:40.304 worker_log:613 24665 MainThread [INFO]  All processing finished for executor task 1105
2023-06-30 14:01:35.643 worker_log:584 24665 MainThread [INFO]  Received executor task 1132
2023-06-30 14:02:17.370 worker_log:602 24665 MainThread [INFO]  Completed executor task 1132
2023-06-30 14:02:17.371 worker_log:613 24665 MainThread [INFO]  All processing finished for executor task 1132
2023-06-30 14:02:51.674 worker_log:584 24665 MainThread [INFO]  Received executor task 1144
2023-06-30 14:03:44.292 worker_log:602 24665 MainThread [INFO]  Completed executor task 1144
2023-06-30 14:03:44.292 worker_log:613 24665 MainThread [INFO]  All processing finished for executor task 1144
2023-06-30 14:03:59.423 worker_log:584 24665 MainThread [INFO]  Received executor task 1163
2023-06-30 14:05:00.508 worker_log:602 24665 MainThread [INFO]  Completed executor task 1163
2023-06-30 14:05:00.509 worker_log:613 24665 MainThread [INFO]  All processing finished for executor task 1163
2023-06-30 14:05:01.865 worker_log:584 24665 MainThread [INFO]  Received executor task 1184
2023-06-30 14:05:51.467 worker_log:602 24665 MainThread [INFO]  Completed executor task 1184
2023-06-30 14:05:51.468 worker_log:613 24665 MainThread [INFO]  All processing finished for executor task 1184
2023-06-30 14:06:37.237 worker_log:584 24665 MainThread [INFO]  Received executor task 1192
2023-06-30 14:07:17.015 worker_log:602 24665 MainThread [INFO]  Completed executor task 1192
2023-06-30 14:07:17.016 worker_log:613 24665 MainThread [INFO]  All processing finished for executor task 1192
2023-06-30 14:08:04.139 worker_log:584 24665 MainThread [INFO]  Received executor task 1209
2023-06-30 14:09:09.722 worker_log:602 24665 MainThread [INFO]  Completed executor task 1209
2023-06-30 14:09:09.722 worker_log:613 24665 MainThread [INFO]  All processing finished for executor task 1209
2023-06-30 14:09:15.628 worker_log:584 24665 MainThread [INFO]  Received executor task 1230
2023-06-30 14:09:44.699 worker_log:602 24665 MainThread [INFO]  Completed executor task 1230
2023-06-30 14:09:44.700 worker_log:613 24665 MainThread [INFO]  All processing finished for executor task 1230
2023-06-30 14:10:38.663 worker_log:584 24665 MainThread [INFO]  Received executor task 1237
2023-06-30 14:11:00.719 worker_log:602 24665 MainThread [INFO]  Completed executor task 1237
2023-06-30 14:11:00.719 worker_log:613 24665 MainThread [INFO]  All processing finished for executor task 1237
2023-06-30 14:12:32.058 worker_log:584 24665 MainThread [INFO]  Received executor task 1249
2023-06-30 14:13:21.787 worker_log:602 24665 MainThread [INFO]  Completed executor task 1249
2023-06-30 14:13:21.787 worker_log:613 24665 MainThread [INFO]  All processing finished for executor task 1249
2023-06-30 14:14:10.684 worker_log:584 24665 MainThread [INFO]  Received executor task 1277
2023-06-30 14:14:40.628 worker_log:602 24665 MainThread [INFO]  Completed executor task 1277
2023-06-30 14:14:40.628 worker_log:613 24665 MainThread [INFO]  All processing finished for executor task 1277
2023-06-30 14:15:26.260 worker_log:584 24665 MainThread [INFO]  Received executor task 1284
2023-06-30 14:15:57.384 worker_log:602 24665 MainThread [INFO]  Completed executor task 1284
2023-06-30 14:15:57.384 worker_log:613 24665 MainThread [INFO]  All processing finished for executor task 1284
2023-06-30 14:16:23.855 worker_log:584 24665 MainThread [INFO]  Received executor task 1305
2023-06-30 14:16:43.622 worker_log:602 24665 MainThread [INFO]  Completed executor task 1305
2023-06-30 14:16:43.622 worker_log:613 24665 MainThread [INFO]  All processing finished for executor task 1305
2023-06-30 14:17:42.547 worker_log:584 24665 MainThread [INFO]  Received executor task 1315
2023-06-30 14:18:04.584 worker_log:602 24665 MainThread [INFO]  Completed executor task 1315
2023-06-30 14:18:04.585 worker_log:613 24665 MainThread [INFO]  All processing finished for executor task 1315
2023-06-30 14:19:21.870 worker_log:584 24665 MainThread [INFO]  Received executor task 1329
2023-06-30 14:19:42.864 worker_log:602 24665 MainThread [INFO]  Completed executor task 1329
2023-06-30 14:19:42.864 worker_log:613 24665 MainThread [INFO]  All processing finished for executor task 1329
2023-06-30 14:20:32.692 worker_log:584 24665 MainThread [INFO]  Received executor task 1345
2023-06-30 14:21:07.819 worker_log:602 24665 MainThread [INFO]  Completed executor task 1345
2023-06-30 14:21:07.820 worker_log:613 24665 MainThread [INFO]  All processing finished for executor task 1345
2023-06-30 14:21:58.361 worker_log:584 24665 MainThread [INFO]  Received executor task 1367
2023-06-30 14:23:07.521 worker_log:602 24665 MainThread [INFO]  Completed executor task 1367
2023-06-30 14:23:07.521 worker_log:613 24665 MainThread [INFO]  All processing finished for executor task 1367
2023-06-30 14:23:08.545 worker_log:584 24665 MainThread [INFO]  Received executor task 1392
2023-06-30 14:23:29.811 worker_log:602 24665 MainThread [INFO]  Completed executor task 1392
2023-06-30 14:23:29.811 worker_log:613 24665 MainThread [INFO]  All processing finished for executor task 1392
2023-06-30 14:24:26.919 worker_log:584 24665 MainThread [INFO]  Received executor task 1395
2023-06-30 14:25:35.595 worker_log:602 24665 MainThread [INFO]  Completed executor task 1395
2023-06-30 14:25:35.595 worker_log:613 24665 MainThread [INFO]  All processing finished for executor task 1395
2023-06-30 14:25:36.691 worker_log:584 24665 MainThread [INFO]  Received executor task 1424
2023-06-30 14:26:21.033 worker_log:602 24665 MainThread [INFO]  Completed executor task 1424
2023-06-30 14:26:21.034 worker_log:613 24665 MainThread [INFO]  All processing finished for executor task 1424
2023-06-30 14:26:46.163 worker_log:584 24665 MainThread [INFO]  Received executor task 1436
2023-06-30 14:27:24.317 worker_log:602 24665 MainThread [INFO]  Completed executor task 1436
2023-06-30 14:27:24.317 worker_log:613 24665 MainThread [INFO]  All processing finished for executor task 1436
2023-06-30 14:27:53.344 worker_log:584 24665 MainThread [INFO]  Received executor task 1450
2023-06-30 14:28:22.732 worker_log:602 24665 MainThread [INFO]  Completed executor task 1450
2023-06-30 14:28:22.732 worker_log:613 24665 MainThread [INFO]  All processing finished for executor task 1450
2023-06-30 14:29:17.119 worker_log:584 24665 MainThread [INFO]  Received executor task 1462
2023-06-30 14:30:18.211 worker_log:602 24665 MainThread [INFO]  Completed executor task 1462
2023-06-30 14:30:18.212 worker_log:613 24665 MainThread [INFO]  All processing finished for executor task 1462
2023-06-30 14:30:25.243 worker_log:584 24665 MainThread [INFO]  Received executor task 1486
2023-06-30 14:31:10.477 worker_log:602 24665 MainThread [INFO]  Completed executor task 1486
2023-06-30 14:31:10.478 worker_log:613 24665 MainThread [INFO]  All processing finished for executor task 1486
2023-06-30 14:32:02.055 worker_log:584 24665 MainThread [INFO]  Received executor task 1500
2023-06-30 14:32:18.301 worker_log:602 24665 MainThread [INFO]  Completed executor task 1500
2023-06-30 14:32:18.301 worker_log:613 24665 MainThread [INFO]  All processing finished for executor task 1500
2023-06-30 14:33:25.808 worker_log:584 24665 MainThread [INFO]  Received executor task 1505
2023-06-30 14:33:50.666 worker_log:602 24665 MainThread [INFO]  Completed executor task 1505
2023-06-30 14:33:50.667 worker_log:613 24665 MainThread [INFO]  All processing finished for executor task 1505
2023-06-30 14:34:42.443 worker_log:584 24665 MainThread [INFO]  Received executor task 1522
2023-06-30 14:35:02.142 worker_log:602 24665 MainThread [INFO]  Completed executor task 1522
2023-06-30 14:35:02.142 worker_log:613 24665 MainThread [INFO]  All processing finished for executor task 1522
2023-06-30 14:35:36.715 worker_log:584 24665 MainThread [INFO]  Received executor task 1539
2023-06-30 14:36:59.966 worker_log:602 24665 MainThread [INFO]  Completed executor task 1539
2023-06-30 14:36:59.966 worker_log:613 24665 MainThread [INFO]  All processing finished for executor task 1539
2023-06-30 14:37:01.079 worker_log:584 24665 MainThread [INFO]  Received executor task 1568
2023-06-30 14:37:51.048 worker_log:602 24665 MainThread [INFO]  Completed executor task 1568
2023-06-30 14:37:51.048 worker_log:613 24665 MainThread [INFO]  All processing finished for executor task 1568
2023-06-30 14:38:08.752 worker_log:584 24665 MainThread [INFO]  Received executor task 1579
2023-06-30 14:38:33.267 worker_log:602 24665 MainThread [INFO]  Completed executor task 1579
2023-06-30 14:38:33.268 worker_log:613 24665 MainThread [INFO]  All processing finished for executor task 1579
2023-06-30 14:39:05.179 worker_log:584 24665 MainThread [INFO]  Received executor task 1591
2023-06-30 14:39:37.215 worker_log:602 24665 MainThread [INFO]  Completed executor task 1591
2023-06-30 14:39:37.215 worker_log:613 24665 MainThread [INFO]  All processing finished for executor task 1591
2023-06-30 14:39:48.932 worker_log:584 24665 MainThread [INFO]  Received executor task 1607
2023-06-30 14:40:34.943 worker_log:602 24665 MainThread [INFO]  Completed executor task 1607
2023-06-30 14:40:34.944 worker_log:613 24665 MainThread [INFO]  All processing finished for executor task 1607
2023-06-30 14:41:31.660 worker_log:584 24665 MainThread [INFO]  Received executor task 1628
2023-06-30 14:41:48.840 worker_log:602 24665 MainThread [INFO]  Completed executor task 1628
2023-06-30 14:41:48.841 worker_log:613 24665 MainThread [INFO]  All processing finished for executor task 1628
2023-06-30 14:43:00.138 worker_log:584 24665 MainThread [INFO]  Received executor task 1633
2023-06-30 14:43:34.065 worker_log:602 24665 MainThread [INFO]  Completed executor task 1633
2023-06-30 14:43:34.066 worker_log:613 24665 MainThread [INFO]  All processing finished for executor task 1633
2023-06-30 14:44:05.330 worker_log:584 24665 MainThread [INFO]  Received executor task 1656
2023-06-30 14:44:17.315 worker_log:602 24665 MainThread [INFO]  Completed executor task 1656
2023-06-30 14:44:17.316 worker_log:613 24665 MainThread [INFO]  All processing finished for executor task 1656
2023-06-30 14:45:15.938 worker_log:584 24665 MainThread [INFO]  Received executor task 1665
2023-06-30 14:46:10.849 worker_log:602 24665 MainThread [INFO]  Completed executor task 1665
2023-06-30 14:46:10.849 worker_log:613 24665 MainThread [INFO]  All processing finished for executor task 1665
2023-06-30 14:46:33.620 worker_log:584 24665 MainThread [INFO]  Received executor task 1689
2023-06-30 14:46:56.358 worker_log:602 24665 MainThread [INFO]  Completed executor task 1689
2023-06-30 14:46:56.359 worker_log:613 24665 MainThread [INFO]  All processing finished for executor task 1689
2023-06-30 14:48:18.537 worker_log:584 24665 MainThread [INFO]  Received executor task 1702
2023-06-30 14:49:15.304 worker_log:602 24665 MainThread [INFO]  Completed executor task 1702
2023-06-30 14:49:15.304 worker_log:613 24665 MainThread [INFO]  All processing finished for executor task 1702
2023-06-30 14:49:22.068 worker_log:584 24665 MainThread [INFO]  Received executor task 1726
2023-06-30 14:49:38.477 worker_log:602 24665 MainThread [INFO]  Completed executor task 1726
2023-06-30 14:49:38.478 worker_log:613 24665 MainThread [INFO]  All processing finished for executor task 1726
2023-06-30 14:50:26.260 worker_log:584 24665 MainThread [INFO]  Received executor task 1729
2023-06-30 14:51:37.461 worker_log:602 24665 MainThread [INFO]  Completed executor task 1729
2023-06-30 14:51:37.461 worker_log:613 24665 MainThread [INFO]  All processing finished for executor task 1729
2023-06-30 14:51:58.207 worker_log:584 24665 MainThread [INFO]  Received executor task 1759
2023-06-30 14:52:35.528 worker_log:602 24665 MainThread [INFO]  Completed executor task 1759
2023-06-30 14:52:35.528 worker_log:613 24665 MainThread [INFO]  All processing finished for executor task 1759
2023-06-30 14:53:04.697 worker_log:584 24665 MainThread [INFO]  Received executor task 1769
2023-06-30 14:53:50.592 worker_log:602 24665 MainThread [INFO]  Completed executor task 1769
2023-06-30 14:53:50.593 worker_log:613 24665 MainThread [INFO]  All processing finished for executor task 1769
2023-06-30 14:54:21.309 worker_log:584 24665 MainThread [INFO]  Received executor task 1789
2023-06-30 14:55:08.544 worker_log:602 24665 MainThread [INFO]  Completed executor task 1789
2023-06-30 14:55:08.545 worker_log:613 24665 MainThread [INFO]  All processing finished for executor task 1789
2023-06-30 14:55:35.944 worker_log:584 24665 MainThread [INFO]  Received executor task 1804
2023-06-30 14:56:28.467 worker_log:602 24665 MainThread [INFO]  Completed executor task 1804
2023-06-30 14:56:28.468 worker_log:613 24665 MainThread [INFO]  All processing finished for executor task 1804
2023-06-30 14:56:50.797 worker_log:584 24665 MainThread [INFO]  Received executor task 1821
2023-06-30 14:57:18.507 worker_log:602 24665 MainThread [INFO]  Completed executor task 1821
2023-06-30 14:57:18.508 worker_log:613 24665 MainThread [INFO]  All processing finished for executor task 1821
2023-06-30 14:58:16.532 worker_log:584 24665 MainThread [INFO]  Received executor task 1826
2023-06-30 14:58:34.453 worker_log:602 24665 MainThread [INFO]  Completed executor task 1826
2023-06-30 14:58:34.453 worker_log:613 24665 MainThread [INFO]  All processing finished for executor task 1826
2023-06-30 14:59:25.617 worker_log:584 24665 MainThread [INFO]  Received executor task 1841
2023-06-30 15:00:07.138 worker_log:602 24665 MainThread [INFO]  Completed executor task 1841
2023-06-30 15:00:07.139 worker_log:613 24665 MainThread [INFO]  All processing finished for executor task 1841
2023-06-30 15:00:38.969 worker_log:584 24665 MainThread [INFO]  Received executor task 1866
2023-06-30 15:01:35.560 worker_log:602 24665 MainThread [INFO]  Completed executor task 1866
2023-06-30 15:01:35.560 worker_log:613 24665 MainThread [INFO]  All processing finished for executor task 1866
2023-06-30 15:01:53.946 worker_log:584 24665 MainThread [INFO]  Received executor task 1884
2023-06-30 15:03:36.873 worker_log:602 24665 MainThread [INFO]  Completed executor task 1884
2023-06-30 15:03:36.873 worker_log:613 24665 MainThread [INFO]  All processing finished for executor task 1884
2023-06-30 15:03:38.123 worker_log:584 24665 MainThread [INFO]  Received executor task 1904
2023-06-30 15:04:07.769 worker_log:602 24665 MainThread [INFO]  Completed executor task 1904
2023-06-30 15:04:07.769 worker_log:613 24665 MainThread [INFO]  All processing finished for executor task 1904
2023-06-30 15:05:13.847 worker_log:584 24665 MainThread [INFO]  Received executor task 1911
2023-06-30 15:05:49.782 worker_log:602 24665 MainThread [INFO]  Completed executor task 1911
2023-06-30 15:05:49.783 worker_log:613 24665 MainThread [INFO]  All processing finished for executor task 1911
2023-06-30 15:06:29.623 worker_log:584 24665 MainThread [INFO]  Received executor task 1929
2023-06-30 15:07:43.949 worker_log:602 24665 MainThread [INFO]  Completed executor task 1929
2023-06-30 15:07:43.950 worker_log:613 24665 MainThread [INFO]  All processing finished for executor task 1929
2023-06-30 15:07:51.309 worker_log:584 24665 MainThread [INFO]  Received executor task 1950
2023-06-30 15:08:35.096 worker_log:602 24665 MainThread [INFO]  Completed executor task 1950
2023-06-30 15:08:35.097 worker_log:613 24665 MainThread [INFO]  All processing finished for executor task 1950
2023-06-30 15:08:53.775 worker_log:584 24665 MainThread [INFO]  Received executor task 1961
2023-06-30 15:09:30.482 worker_log:602 24665 MainThread [INFO]  Completed executor task 1961
2023-06-30 15:09:30.483 worker_log:613 24665 MainThread [INFO]  All processing finished for executor task 1961
2023-06-30 15:10:23.882 worker_log:584 24665 MainThread [INFO]  Received executor task 1977
2023-06-30 15:11:24.706 worker_log:602 24665 MainThread [INFO]  Completed executor task 1977
2023-06-30 15:11:24.707 worker_log:613 24665 MainThread [INFO]  All processing finished for executor task 1977
2023-06-30 15:11:27.693 worker_log:584 24665 MainThread [INFO]  Received executor task 1999
2023-06-30 15:12:18.076 worker_log:602 24665 MainThread [INFO]  Completed executor task 1999
2023-06-30 15:12:18.076 worker_log:613 24665 MainThread [INFO]  All processing finished for executor task 1999
2023-06-30 15:12:45.567 worker_log:584 24665 MainThread [INFO]  Received executor task 2014
2023-06-30 15:13:01.139 worker_log:602 24665 MainThread [INFO]  Completed executor task 2014
2023-06-30 15:13:01.140 worker_log:613 24665 MainThread [INFO]  All processing finished for executor task 2014
2023-06-30 15:14:03.089 worker_log:584 24665 MainThread [INFO]  Received executor task 2017
2023-06-30 15:14:50.691 worker_log:602 24665 MainThread [INFO]  Completed executor task 2017
2023-06-30 15:14:50.691 worker_log:613 24665 MainThread [INFO]  All processing finished for executor task 2017
2023-06-30 15:15:22.593 worker_log:584 24665 MainThread [INFO]  Received executor task 2044
2023-06-30 15:15:37.668 worker_log:602 24665 MainThread [INFO]  Completed executor task 2044
2023-06-30 15:15:37.669 worker_log:613 24665 MainThread [INFO]  All processing finished for executor task 2044
2023-06-30 15:16:20.135 worker_log:584 24665 MainThread [INFO]  Received executor task 2049
2023-06-30 15:16:55.808 worker_log:602 24665 MainThread [INFO]  Completed executor task 2049
2023-06-30 15:16:55.808 worker_log:613 24665 MainThread [INFO]  All processing finished for executor task 2049
2023-06-30 15:17:34.613 worker_log:584 24665 MainThread [INFO]  Received executor task 2071
2023-06-30 15:17:58.518 worker_log:602 24665 MainThread [INFO]  Completed executor task 2071
2023-06-30 15:17:58.518 worker_log:613 24665 MainThread [INFO]  All processing finished for executor task 2071
2023-06-30 15:18:50.983 worker_log:584 24665 MainThread [INFO]  Received executor task 2084
2023-06-30 15:19:29.112 worker_log:602 24665 MainThread [INFO]  Completed executor task 2084
2023-06-30 15:19:29.113 worker_log:613 24665 MainThread [INFO]  All processing finished for executor task 2084
2023-06-30 15:20:07.691 worker_log:584 24665 MainThread [INFO]  Received executor task 2105
2023-06-30 15:20:54.188 worker_log:602 24665 MainThread [INFO]  Completed executor task 2105
2023-06-30 15:20:54.188 worker_log:613 24665 MainThread [INFO]  All processing finished for executor task 2105
2023-06-30 15:21:34.739 worker_log:584 24665 MainThread [INFO]  Received executor task 2125
2023-06-30 15:21:54.729 worker_log:602 24665 MainThread [INFO]  Completed executor task 2125
2023-06-30 15:21:54.730 worker_log:613 24665 MainThread [INFO]  All processing finished for executor task 2125
2023-06-30 15:22:37.313 worker_log:584 24665 MainThread [INFO]  Received executor task 2132
2023-06-30 15:23:22.521 worker_log:602 24665 MainThread [INFO]  Completed executor task 2132
2023-06-30 15:23:22.521 worker_log:613 24665 MainThread [INFO]  All processing finished for executor task 2132
2023-06-30 15:23:46.270 worker_log:584 24665 MainThread [INFO]  Received executor task 2155
2023-06-30 15:24:24.745 worker_log:602 24665 MainThread [INFO]  Completed executor task 2155
2023-06-30 15:24:24.746 worker_log:613 24665 MainThread [INFO]  All processing finished for executor task 2155
2023-06-30 15:25:13.462 worker_log:584 24665 MainThread [INFO]  Received executor task 2171
2023-06-30 15:26:32.493 worker_log:602 24665 MainThread [INFO]  Completed executor task 2171
2023-06-30 15:26:32.493 worker_log:613 24665 MainThread [INFO]  All processing finished for executor task 2171
2023-06-30 15:26:56.979 worker_log:584 24665 MainThread [INFO]  Received executor task 2191
2023-06-30 15:27:28.322 worker_log:602 24665 MainThread [INFO]  Completed executor task 2191
2023-06-30 15:27:28.322 worker_log:613 24665 MainThread [INFO]  All processing finished for executor task 2191
2023-06-30 15:28:32.923 worker_log:584 24665 MainThread [INFO]  Received executor task 2197
2023-06-30 15:29:07.442 worker_log:602 24665 MainThread [INFO]  Completed executor task 2197
2023-06-30 15:29:07.443 worker_log:613 24665 MainThread [INFO]  All processing finished for executor task 2197
2023-06-30 15:30:01.086 worker_log:584 24665 MainThread [INFO]  Received executor task 2215
2023-06-30 15:30:46.523 worker_log:602 24665 MainThread [INFO]  Completed executor task 2215
2023-06-30 15:30:46.524 worker_log:613 24665 MainThread [INFO]  All processing finished for executor task 2215
2023-06-30 15:31:31.086 worker_log:584 24665 MainThread [INFO]  Received executor task 2232
2023-06-30 15:32:07.698 worker_log:602 24665 MainThread [INFO]  Completed executor task 2232
2023-06-30 15:32:07.699 worker_log:613 24665 MainThread [INFO]  All processing finished for executor task 2232
2023-06-30 15:32:36.477 worker_log:584 24665 MainThread [INFO]  Received executor task 2248
2023-06-30 15:33:32.796 worker_log:602 24665 MainThread [INFO]  Completed executor task 2248
2023-06-30 15:33:32.796 worker_log:613 24665 MainThread [INFO]  All processing finished for executor task 2248
2023-06-30 15:33:33.888 worker_log:584 24665 MainThread [INFO]  Received executor task 2272
2023-06-30 15:34:31.229 worker_log:602 24665 MainThread [INFO]  Completed executor task 2272
2023-06-30 15:34:31.230 worker_log:613 24665 MainThread [INFO]  All processing finished for executor task 2272
2023-06-30 15:34:59.407 worker_log:584 24665 MainThread [INFO]  Received executor task 2284
2023-06-30 15:37:25.024 worker_log:602 24665 MainThread [INFO]  Completed executor task 2284
2023-06-30 15:37:25.025 worker_log:613 24665 MainThread [INFO]  All processing finished for executor task 2284
2023-06-30 15:37:26.607 worker_log:584 24665 MainThread [INFO]  Received executor task 2304
2023-06-30 15:37:56.859 worker_log:602 24665 MainThread [INFO]  Completed executor task 2304
2023-06-30 15:37:56.860 worker_log:613 24665 MainThread [INFO]  All processing finished for executor task 2304
2023-06-30 15:38:45.816 worker_log:584 24665 MainThread [INFO]  Received executor task 2313
2023-06-30 15:39:16.253 worker_log:602 24665 MainThread [INFO]  Completed executor task 2313
2023-06-30 15:39:16.253 worker_log:613 24665 MainThread [INFO]  All processing finished for executor task 2313
2023-06-30 15:39:57.300 worker_log:584 24665 MainThread [INFO]  Received executor task 2326
2023-06-30 15:40:27.795 worker_log:602 24665 MainThread [INFO]  Completed executor task 2326
2023-06-30 15:40:27.795 worker_log:613 24665 MainThread [INFO]  All processing finished for executor task 2326
2023-06-30 15:41:19.325 worker_log:584 24665 MainThread [INFO]  Received executor task 2342
2023-06-30 15:42:02.107 worker_log:602 24665 MainThread [INFO]  Completed executor task 2342
2023-06-30 15:42:02.108 worker_log:613 24665 MainThread [INFO]  All processing finished for executor task 2342
2023-06-30 15:42:29.907 worker_log:584 24665 MainThread [INFO]  Received executor task 2363
2023-06-30 15:43:22.564 worker_log:602 24665 MainThread [INFO]  Completed executor task 2363
2023-06-30 15:43:22.565 worker_log:613 24665 MainThread [INFO]  All processing finished for executor task 2363
2023-06-30 15:43:34.437 worker_log:584 24665 MainThread [INFO]  Received executor task 2379
2023-06-30 15:44:10.519 worker_log:602 24665 MainThread [INFO]  Completed executor task 2379
2023-06-30 15:44:10.519 worker_log:613 24665 MainThread [INFO]  All processing finished for executor task 2379
2023-06-30 15:45:08.891 worker_log:584 24665 MainThread [INFO]  Received executor task 2389
2023-06-30 15:45:32.372 worker_log:602 24665 MainThread [INFO]  Completed executor task 2389
2023-06-30 15:45:32.372 worker_log:613 24665 MainThread [INFO]  All processing finished for executor task 2389
2023-06-30 15:46:22.265 worker_log:584 24665 MainThread [INFO]  Received executor task 2402
2023-06-30 15:47:27.569 worker_log:602 24665 MainThread [INFO]  Completed executor task 2402
2023-06-30 15:47:27.569 worker_log:613 24665 MainThread [INFO]  All processing finished for executor task 2402
2023-06-30 15:47:36.690 worker_log:584 24665 MainThread [INFO]  Received executor task 2430
2023-06-30 15:48:09.480 worker_log:602 24665 MainThread [INFO]  Completed executor task 2430
2023-06-30 15:48:09.480 worker_log:613 24665 MainThread [INFO]  All processing finished for executor task 2430
2023-06-30 15:48:37.632 worker_log:584 24665 MainThread [INFO]  Received executor task 2439
2023-06-30 15:49:22.155 worker_log:602 24665 MainThread [INFO]  Completed executor task 2439
2023-06-30 15:49:22.156 worker_log:613 24665 MainThread [INFO]  All processing finished for executor task 2439
2023-06-30 15:50:02.283 worker_log:584 24665 MainThread [INFO]  Received executor task 2454
2023-06-30 15:50:52.668 worker_log:602 24665 MainThread [INFO]  Completed executor task 2454
2023-06-30 15:50:52.669 worker_log:613 24665 MainThread [INFO]  All processing finished for executor task 2454
2023-06-30 15:51:11.828 worker_log:584 24665 MainThread [INFO]  Received executor task 2478
2023-06-30 15:51:44.212 worker_log:602 24665 MainThread [INFO]  Completed executor task 2478
2023-06-30 15:51:44.213 worker_log:613 24665 MainThread [INFO]  All processing finished for executor task 2478
2023-06-30 15:52:26.679 worker_log:584 24665 MainThread [INFO]  Received executor task 2484
2023-06-30 15:53:30.967 worker_log:602 24665 MainThread [INFO]  Completed executor task 2484
2023-06-30 15:53:30.967 worker_log:613 24665 MainThread [INFO]  All processing finished for executor task 2484
2023-06-30 15:53:57.463 worker_log:584 24665 MainThread [INFO]  Received executor task 2510
2023-06-30 15:54:23.430 worker_log:602 24665 MainThread [INFO]  Completed executor task 2510
2023-06-30 15:54:23.431 worker_log:613 24665 MainThread [INFO]  All processing finished for executor task 2510
2023-06-30 15:55:45.684 worker_log:584 24665 MainThread [INFO]  Received executor task 2516
2023-06-30 15:56:13.383 worker_log:602 24665 MainThread [INFO]  Completed executor task 2516
2023-06-30 15:56:13.384 worker_log:613 24665 MainThread [INFO]  All processing finished for executor task 2516
2023-06-30 15:56:39.827 worker_log:584 24665 MainThread [INFO]  Received executor task 2533
2023-06-30 15:57:23.443 worker_log:602 24665 MainThread [INFO]  Completed executor task 2533
2023-06-30 15:57:23.444 worker_log:613 24665 MainThread [INFO]  All processing finished for executor task 2533
2023-06-30 15:58:08.287 worker_log:584 24665 MainThread [INFO]  Received executor task 2554
2023-06-30 15:59:08.160 worker_log:602 24665 MainThread [INFO]  Completed executor task 2554
2023-06-30 15:59:08.160 worker_log:613 24665 MainThread [INFO]  All processing finished for executor task 2554
2023-06-30 15:59:11.403 worker_log:584 24665 MainThread [INFO]  Received executor task 2574
2023-06-30 15:59:54.525 worker_log:602 24665 MainThread [INFO]  Completed executor task 2574
2023-06-30 15:59:54.526 worker_log:613 24665 MainThread [INFO]  All processing finished for executor task 2574
2023-06-30 16:00:01.116 worker_log:584 24665 MainThread [INFO]  Received executor task 2591
2023-06-30 16:00:52.906 worker_log:602 24665 MainThread [INFO]  Completed executor task 2591
2023-06-30 16:00:52.906 worker_log:613 24665 MainThread [INFO]  All processing finished for executor task 2591
2023-06-30 16:01:30.220 worker_log:584 24665 MainThread [INFO]  Received executor task 2606
2023-06-30 16:02:13.924 worker_log:602 24665 MainThread [INFO]  Completed executor task 2606
2023-06-30 16:02:13.925 worker_log:613 24665 MainThread [INFO]  All processing finished for executor task 2606
2023-06-30 16:02:26.706 worker_log:584 24665 MainThread [INFO]  Received executor task 2619
2023-06-30 16:03:31.796 worker_log:602 24665 MainThread [INFO]  Completed executor task 2619
2023-06-30 16:03:31.796 worker_log:613 24665 MainThread [INFO]  All processing finished for executor task 2619
2023-06-30 16:03:49.441 worker_log:584 24665 MainThread [INFO]  Received executor task 2638
2023-06-30 16:04:35.878 worker_log:602 24665 MainThread [INFO]  Completed executor task 2638
2023-06-30 16:04:35.879 worker_log:613 24665 MainThread [INFO]  All processing finished for executor task 2638
2023-06-30 16:05:37.560 worker_log:584 24665 MainThread [INFO]  Received executor task 2649
2023-06-30 16:07:00.309 worker_log:602 24665 MainThread [INFO]  Completed executor task 2649
2023-06-30 16:07:00.310 worker_log:613 24665 MainThread [INFO]  All processing finished for executor task 2649
2023-06-30 16:07:01.801 worker_log:584 24665 MainThread [INFO]  Received executor task 2672
2023-06-30 16:07:33.231 worker_log:602 24665 MainThread [INFO]  Completed executor task 2672
2023-06-30 16:07:33.231 worker_log:613 24665 MainThread [INFO]  All processing finished for executor task 2672
2023-06-30 16:08:05.097 worker_log:584 24665 MainThread [INFO]  Received executor task 2678
2023-06-30 16:08:24.422 worker_log:602 24665 MainThread [INFO]  Completed executor task 2678
2023-06-30 16:08:24.423 worker_log:613 24665 MainThread [INFO]  All processing finished for executor task 2678
2023-06-30 16:09:19.587 worker_log:584 24665 MainThread [INFO]  Received executor task 2693
2023-06-30 16:09:51.550 worker_log:602 24665 MainThread [INFO]  Completed executor task 2693
2023-06-30 16:09:51.551 worker_log:613 24665 MainThread [INFO]  All processing finished for executor task 2693
2023-06-30 16:10:34.879 worker_log:584 24665 MainThread [INFO]  Received executor task 2708
2023-06-30 16:11:22.498 worker_log:602 24665 MainThread [INFO]  Completed executor task 2708
2023-06-30 16:11:22.499 worker_log:613 24665 MainThread [INFO]  All processing finished for executor task 2708
2023-06-30 16:11:51.559 worker_log:584 24665 MainThread [INFO]  Received executor task 2731
2023-06-30 16:12:12.669 worker_log:602 24665 MainThread [INFO]  Completed executor task 2731
2023-06-30 16:12:12.669 worker_log:613 24665 MainThread [INFO]  All processing finished for executor task 2731
2023-06-30 16:13:24.786 worker_log:584 24665 MainThread [INFO]  Received executor task 2737
2023-06-30 16:13:58.544 worker_log:602 24665 MainThread [INFO]  Completed executor task 2737
2023-06-30 16:13:58.545 worker_log:613 24665 MainThread [INFO]  All processing finished for executor task 2737
2023-06-30 16:14:26.199 worker_log:584 24665 MainThread [INFO]  Received executor task 2763
2023-06-30 16:15:19.202 worker_log:602 24665 MainThread [INFO]  Completed executor task 2763
2023-06-30 16:15:19.203 worker_log:613 24665 MainThread [INFO]  All processing finished for executor task 2763
2023-06-30 16:15:49.186 worker_log:584 24665 MainThread [INFO]  Received executor task 2780
2023-06-30 16:16:05.661 worker_log:602 24665 MainThread [INFO]  Completed executor task 2780
2023-06-30 16:16:05.661 worker_log:613 24665 MainThread [INFO]  All processing finished for executor task 2780
2023-06-30 16:17:16.782 worker_log:584 24665 MainThread [INFO]  Received executor task 2785
2023-06-30 16:18:07.568 worker_log:602 24665 MainThread [INFO]  Completed executor task 2785
2023-06-30 16:18:07.569 worker_log:613 24665 MainThread [INFO]  All processing finished for executor task 2785
2023-06-30 16:18:16.148 worker_log:584 24665 MainThread [INFO]  Received executor task 2815
2023-06-30 16:18:48.544 worker_log:602 24665 MainThread [INFO]  Completed executor task 2815
2023-06-30 16:18:48.545 worker_log:613 24665 MainThread [INFO]  All processing finished for executor task 2815
2023-06-30 16:19:42.306 worker_log:584 24665 MainThread [INFO]  Received executor task 2823
2023-06-30 16:20:28.395 worker_log:602 24665 MainThread [INFO]  Completed executor task 2823
2023-06-30 16:20:28.396 worker_log:613 24665 MainThread [INFO]  All processing finished for executor task 2823
2023-06-30 16:20:49.864 worker_log:584 24665 MainThread [INFO]  Received executor task 2841
2023-06-30 16:21:46.694 worker_log:602 24665 MainThread [INFO]  Completed executor task 2841
2023-06-30 16:21:46.694 worker_log:613 24665 MainThread [INFO]  All processing finished for executor task 2841
2023-06-30 16:22:00.433 worker_log:584 24665 MainThread [INFO]  Received executor task 2862
2023-06-30 16:22:39.537 worker_log:602 24665 MainThread [INFO]  Completed executor task 2862
2023-06-30 16:22:39.537 worker_log:613 24665 MainThread [INFO]  All processing finished for executor task 2862
2023-06-30 16:23:16.545 worker_log:584 24665 MainThread [INFO]  Received executor task 2874
2023-06-30 16:23:36.927 worker_log:602 24665 MainThread [INFO]  Completed executor task 2874
2023-06-30 16:23:36.927 worker_log:613 24665 MainThread [INFO]  All processing finished for executor task 2874
2023-06-30 16:24:28.198 worker_log:584 24665 MainThread [INFO]  Received executor task 2883
2023-06-30 16:24:53.461 worker_log:602 24665 MainThread [INFO]  Completed executor task 2883
2023-06-30 16:24:53.461 worker_log:613 24665 MainThread [INFO]  All processing finished for executor task 2883
2023-06-30 16:25:58.108 worker_log:584 24665 MainThread [INFO]  Received executor task 2899
2023-06-30 16:26:19.534 worker_log:602 24665 MainThread [INFO]  Completed executor task 2899
2023-06-30 16:26:19.535 worker_log:613 24665 MainThread [INFO]  All processing finished for executor task 2899
2023-06-30 16:27:12.847 worker_log:584 24665 MainThread [INFO]  Received executor task 2916
2023-06-30 16:27:59.133 worker_log:602 24665 MainThread [INFO]  Completed executor task 2916
2023-06-30 16:27:59.134 worker_log:613 24665 MainThread [INFO]  All processing finished for executor task 2916
2023-06-30 16:28:24.332 worker_log:584 24665 MainThread [INFO]  Received executor task 2938
2023-06-30 16:28:57.114 worker_log:602 24665 MainThread [INFO]  Completed executor task 2938
2023-06-30 16:28:57.114 worker_log:613 24665 MainThread [INFO]  All processing finished for executor task 2938
2023-06-30 16:30:13.572 worker_log:584 24665 MainThread [INFO]  Received executor task 2953
2023-06-30 16:30:49.306 worker_log:602 24665 MainThread [INFO]  Completed executor task 2953
2023-06-30 16:30:49.307 worker_log:613 24665 MainThread [INFO]  All processing finished for executor task 2953
2023-06-30 16:31:19.920 worker_log:584 24665 MainThread [INFO]  Received executor task 2967
2023-06-30 16:32:01.367 worker_log:602 24665 MainThread [INFO]  Completed executor task 2967
2023-06-30 16:32:01.368 worker_log:613 24665 MainThread [INFO]  All processing finished for executor task 2967
2023-06-30 16:32:31.746 worker_log:584 24665 MainThread [INFO]  Received executor task 2986
2023-06-30 16:33:10.052 worker_log:602 24665 MainThread [INFO]  Completed executor task 2986
2023-06-30 16:33:10.052 worker_log:613 24665 MainThread [INFO]  All processing finished for executor task 2986
2023-06-30 16:33:58.207 worker_log:584 24665 MainThread [INFO]  Received executor task 3004
2023-06-30 16:34:34.671 worker_log:602 24665 MainThread [INFO]  Completed executor task 3004
2023-06-30 16:34:34.671 worker_log:613 24665 MainThread [INFO]  All processing finished for executor task 3004
2023-06-30 16:35:11.859 worker_log:584 24665 MainThread [INFO]  Received executor task 3015
2023-06-30 16:35:27.280 worker_log:602 24665 MainThread [INFO]  Completed executor task 3015
2023-06-30 16:35:27.280 worker_log:613 24665 MainThread [INFO]  All processing finished for executor task 3015
2023-06-30 16:37:00.229 worker_log:584 24665 MainThread [INFO]  Received executor task 3025
2023-06-30 16:37:31.488 worker_log:602 24665 MainThread [INFO]  Completed executor task 3025
2023-06-30 16:37:31.489 worker_log:613 24665 MainThread [INFO]  All processing finished for executor task 3025
2023-06-30 16:38:11.568 worker_log:584 24665 MainThread [INFO]  Received executor task 3046
2023-06-30 16:38:46.150 worker_log:602 24665 MainThread [INFO]  Completed executor task 3046
2023-06-30 16:38:46.151 worker_log:613 24665 MainThread [INFO]  All processing finished for executor task 3046
2023-06-30 16:39:31.575 worker_log:584 24665 MainThread [INFO]  Received executor task 3062
2023-06-30 16:40:19.920 worker_log:602 24665 MainThread [INFO]  Completed executor task 3062
2023-06-30 16:40:19.920 worker_log:613 24665 MainThread [INFO]  All processing finished for executor task 3062
2023-06-30 16:40:46.316 worker_log:584 24665 MainThread [INFO]  Received executor task 3085
2023-06-30 16:41:31.528 worker_log:602 24665 MainThread [INFO]  Completed executor task 3085
2023-06-30 16:41:31.528 worker_log:613 24665 MainThread [INFO]  All processing finished for executor task 3085
2023-06-30 16:41:44.300 worker_log:584 24665 MainThread [INFO]  Received executor task 3100
2023-06-30 16:42:16.641 worker_log:602 24665 MainThread [INFO]  Completed executor task 3100
2023-06-30 16:42:16.642 worker_log:613 24665 MainThread [INFO]  All processing finished for executor task 3100
2023-06-30 16:42:44.657 worker_log:584 24665 MainThread [INFO]  Received executor task 3111
2023-06-30 16:43:40.581 worker_log:602 24665 MainThread [INFO]  Completed executor task 3111
2023-06-30 16:43:40.582 worker_log:613 24665 MainThread [INFO]  All processing finished for executor task 3111
2023-06-30 16:43:44.561 worker_log:584 24665 MainThread [INFO]  Received executor task 3134
2023-06-30 16:44:23.190 worker_log:602 24665 MainThread [INFO]  Completed executor task 3134
2023-06-30 16:44:23.190 worker_log:613 24665 MainThread [INFO]  All processing finished for executor task 3134
2023-06-30 16:44:50.328 worker_log:584 24665 MainThread [INFO]  Received executor task 3146
2023-06-30 16:45:25.716 worker_log:602 24665 MainThread [INFO]  Completed executor task 3146
2023-06-30 16:45:25.717 worker_log:613 24665 MainThread [INFO]  All processing finished for executor task 3146
2023-06-30 16:46:11.830 worker_log:584 24665 MainThread [INFO]  Received executor task 3159
2023-06-30 16:46:53.377 worker_log:602 24665 MainThread [INFO]  Completed executor task 3159
2023-06-30 16:46:53.377 worker_log:613 24665 MainThread [INFO]  All processing finished for executor task 3159
2023-06-30 16:47:16.608 worker_log:584 24665 MainThread [INFO]  Received executor task 3177
2023-06-30 16:47:42.014 worker_log:602 24665 MainThread [INFO]  Completed executor task 3177
2023-06-30 16:47:42.015 worker_log:613 24665 MainThread [INFO]  All processing finished for executor task 3177
2023-06-30 16:49:34.615 worker_log:584 24665 MainThread [INFO]  Received executor task 3187
2023-06-30 16:50:08.618 worker_log:602 24665 MainThread [INFO]  Completed executor task 3187
2023-06-30 16:50:08.619 worker_log:613 24665 MainThread [INFO]  All processing finished for executor task 3187
2023-06-30 16:50:54.669 worker_log:584 24665 MainThread [INFO]  Received executor task 3208
2023-06-30 16:51:25.321 worker_log:602 24665 MainThread [INFO]  Completed executor task 3208
2023-06-30 16:51:25.322 worker_log:613 24665 MainThread [INFO]  All processing finished for executor task 3208
2023-06-30 16:52:06.747 worker_log:584 24665 MainThread [INFO]  Received executor task 3218
2023-06-30 16:53:46.947 worker_log:602 24665 MainThread [INFO]  Completed executor task 3218
2023-06-30 16:53:46.948 worker_log:613 24665 MainThread [INFO]  All processing finished for executor task 3218
2023-06-30 16:53:48.393 worker_log:584 24665 MainThread [INFO]  Received executor task 3248
2023-06-30 16:54:37.760 worker_log:602 24665 MainThread [INFO]  Completed executor task 3248
2023-06-30 16:54:37.760 worker_log:613 24665 MainThread [INFO]  All processing finished for executor task 3248
2023-06-30 16:54:56.482 worker_log:584 24665 MainThread [INFO]  Received executor task 3260
2023-06-30 16:55:24.421 worker_log:602 24665 MainThread [INFO]  Completed executor task 3260
2023-06-30 16:55:24.422 worker_log:613 24665 MainThread [INFO]  All processing finished for executor task 3260
2023-06-30 16:56:34.676 worker_log:584 24665 MainThread [INFO]  Received executor task 3265
2023-06-30 16:57:23.281 worker_log:602 24665 MainThread [INFO]  Completed executor task 3265
2023-06-30 16:57:23.281 worker_log:613 24665 MainThread [INFO]  All processing finished for executor task 3265
2023-06-30 16:57:49.644 worker_log:584 24665 MainThread [INFO]  Received executor task 3293
2023-06-30 16:58:20.960 worker_log:602 24665 MainThread [INFO]  Completed executor task 3293
2023-06-30 16:58:20.961 worker_log:613 24665 MainThread [INFO]  All processing finished for executor task 3293
2023-06-30 17:00:16.465 worker_log:584 24665 MainThread [INFO]  Received executor task 3300
2023-06-30 17:01:32.862 worker_log:602 24665 MainThread [INFO]  Completed executor task 3300
2023-06-30 17:01:32.863 worker_log:613 24665 MainThread [INFO]  All processing finished for executor task 3300
2023-06-30 17:01:34.138 worker_log:584 24665 MainThread [INFO]  Received executor task 3328
2023-06-30 17:02:14.960 worker_log:602 24665 MainThread [INFO]  Completed executor task 3328
2023-06-30 17:02:14.961 worker_log:613 24665 MainThread [INFO]  All processing finished for executor task 3328
2023-06-30 17:02:38.885 worker_log:584 24665 MainThread [INFO]  Received executor task 3342
2023-06-30 17:03:51.734 worker_log:602 24665 MainThread [INFO]  Completed executor task 3342
2023-06-30 17:03:51.734 worker_log:613 24665 MainThread [INFO]  All processing finished for executor task 3342
2023-06-30 17:04:14.326 worker_log:584 24665 MainThread [INFO]  Received executor task 3358
2023-06-30 17:04:35.834 worker_log:602 24665 MainThread [INFO]  Completed executor task 3358
2023-06-30 17:04:35.835 worker_log:613 24665 MainThread [INFO]  All processing finished for executor task 3358
2023-06-30 17:06:00.172 worker_log:584 24665 MainThread [INFO]  Received executor task 3362
2023-06-30 17:06:39.277 worker_log:602 24665 MainThread [INFO]  Completed executor task 3362
2023-06-30 17:06:39.277 worker_log:613 24665 MainThread [INFO]  All processing finished for executor task 3362
2023-06-30 17:07:07.141 worker_log:584 24665 MainThread [INFO]  Received executor task 3384
2023-06-30 17:07:47.599 worker_log:602 24665 MainThread [INFO]  Completed executor task 3384
2023-06-30 17:07:47.599 worker_log:613 24665 MainThread [INFO]  All processing finished for executor task 3384
2023-06-30 17:08:35.162 worker_log:584 24665 MainThread [INFO]  Received executor task 3401
2023-06-30 17:09:31.501 worker_log:602 24665 MainThread [INFO]  Completed executor task 3401
2023-06-30 17:09:31.501 worker_log:613 24665 MainThread [INFO]  All processing finished for executor task 3401
2023-06-30 17:10:15.064 worker_log:584 24665 MainThread [INFO]  Received executor task 3421
2023-06-30 17:11:00.072 worker_log:602 24665 MainThread [INFO]  Completed executor task 3421
2023-06-30 17:11:00.072 worker_log:613 24665 MainThread [INFO]  All processing finished for executor task 3421
2023-06-30 17:11:52.679 worker_log:584 24665 MainThread [INFO]  Received executor task 3435
2023-06-30 17:12:07.432 worker_log:602 24665 MainThread [INFO]  Completed executor task 3435
2023-06-30 17:12:07.433 worker_log:613 24665 MainThread [INFO]  All processing finished for executor task 3435
2023-06-30 17:13:01.080 worker_log:584 24665 MainThread [INFO]  Received executor task 3441
2023-06-30 17:13:39.745 worker_log:602 24665 MainThread [INFO]  Completed executor task 3441
2023-06-30 17:13:39.746 worker_log:613 24665 MainThread [INFO]  All processing finished for executor task 3441
2023-06-30 17:14:14.694 worker_log:584 24665 MainThread [INFO]  Received executor task 3464
2023-06-30 17:15:00.632 worker_log:602 24665 MainThread [INFO]  Completed executor task 3464
2023-06-30 17:15:00.632 worker_log:613 24665 MainThread [INFO]  All processing finished for executor task 3464
2023-06-30 17:15:48.336 worker_log:584 24665 MainThread [INFO]  Received executor task 3481
2023-06-30 17:16:20.004 worker_log:602 24665 MainThread [INFO]  Completed executor task 3481
2023-06-30 17:16:20.004 worker_log:613 24665 MainThread [INFO]  All processing finished for executor task 3481
2023-06-30 17:17:10.578 worker_log:584 24665 MainThread [INFO]  Received executor task 3495
2023-06-30 17:18:07.589 worker_log:602 24665 MainThread [INFO]  Completed executor task 3495
2023-06-30 17:18:07.589 worker_log:613 24665 MainThread [INFO]  All processing finished for executor task 3495
2023-06-30 17:18:34.646 worker_log:584 24665 MainThread [INFO]  Received executor task 3516
2023-06-30 17:19:13.463 worker_log:602 24665 MainThread [INFO]  Completed executor task 3516
2023-06-30 17:19:13.464 worker_log:613 24665 MainThread [INFO]  All processing finished for executor task 3516
2023-06-30 17:20:18.553 worker_log:584 24665 MainThread [INFO]  Received executor task 3526
2023-06-30 17:21:12.361 worker_log:602 24665 MainThread [INFO]  Completed executor task 3526
2023-06-30 17:21:12.362 worker_log:613 24665 MainThread [INFO]  All processing finished for executor task 3526
2023-06-30 17:21:16.722 worker_log:584 24665 MainThread [INFO]  Received executor task 3550
2023-06-30 17:21:50.540 worker_log:602 24665 MainThread [INFO]  Completed executor task 3550
2023-06-30 17:21:50.541 worker_log:613 24665 MainThread [INFO]  All processing finished for executor task 3550
2023-06-30 17:22:31.366 worker_log:584 24665 MainThread [INFO]  Received executor task 3559
2023-06-30 17:24:05.672 worker_log:602 24665 MainThread [INFO]  Completed executor task 3559
2023-06-30 17:24:05.673 worker_log:613 24665 MainThread [INFO]  All processing finished for executor task 3559
2023-06-30 17:24:07.208 worker_log:584 24665 MainThread [INFO]  Received executor task 3584
2023-06-30 17:24:27.482 worker_log:602 24665 MainThread [INFO]  Completed executor task 3584
2023-06-30 17:24:27.483 worker_log:613 24665 MainThread [INFO]  All processing finished for executor task 3584
2023-06-30 17:25:21.447 worker_log:584 24665 MainThread [INFO]  Received executor task 3586
2023-06-30 17:25:56.060 worker_log:602 24665 MainThread [INFO]  Completed executor task 3586
2023-06-30 17:25:56.060 worker_log:613 24665 MainThread [INFO]  All processing finished for executor task 3586
2023-06-30 17:26:41.796 worker_log:584 24665 MainThread [INFO]  Received executor task 3608
2023-06-30 17:27:08.249 worker_log:602 24665 MainThread [INFO]  Completed executor task 3608
2023-06-30 17:27:08.250 worker_log:613 24665 MainThread [INFO]  All processing finished for executor task 3608
2023-06-30 17:28:06.680 worker_log:584 24665 MainThread [INFO]  Received executor task 3618
2023-06-30 17:28:40.039 worker_log:602 24665 MainThread [INFO]  Completed executor task 3618
2023-06-30 17:28:40.039 worker_log:613 24665 MainThread [INFO]  All processing finished for executor task 3618
2023-06-30 17:29:21.726 worker_log:584 24665 MainThread [INFO]  Received executor task 3640
2023-06-30 17:30:09.623 worker_log:602 24665 MainThread [INFO]  Completed executor task 3640
2023-06-30 17:30:09.624 worker_log:613 24665 MainThread [INFO]  All processing finished for executor task 3640
2023-06-30 17:31:08.665 worker_log:584 24665 MainThread [INFO]  Received executor task 3657
2023-06-30 17:31:59.300 worker_log:602 24665 MainThread [INFO]  Completed executor task 3657
2023-06-30 17:31:59.300 worker_log:613 24665 MainThread [INFO]  All processing finished for executor task 3657
2023-06-30 17:32:25.406 worker_log:584 24665 MainThread [INFO]  Received executor task 3675
2023-06-30 17:32:44.737 worker_log:602 24665 MainThread [INFO]  Completed executor task 3675
2023-06-30 17:32:44.737 worker_log:613 24665 MainThread [INFO]  All processing finished for executor task 3675
2023-06-30 17:33:47.171 worker_log:584 24665 MainThread [INFO]  Received executor task 3681
2023-06-30 17:34:16.904 worker_log:602 24665 MainThread [INFO]  Completed executor task 3681
2023-06-30 17:34:16.904 worker_log:613 24665 MainThread [INFO]  All processing finished for executor task 3681
2023-06-30 17:34:56.565 worker_log:584 24665 MainThread [INFO]  Received executor task 3700
2023-06-30 17:35:41.738 worker_log:602 24665 MainThread [INFO]  Completed executor task 3700
2023-06-30 17:35:41.739 worker_log:613 24665 MainThread [INFO]  All processing finished for executor task 3700
2023-06-30 17:36:13.278 worker_log:584 24665 MainThread [INFO]  Received executor task 3723
2023-06-30 17:36:53.730 worker_log:602 24665 MainThread [INFO]  Completed executor task 3723
2023-06-30 17:36:53.730 worker_log:613 24665 MainThread [INFO]  All processing finished for executor task 3723
2023-06-30 17:37:28.320 worker_log:584 24665 MainThread [INFO]  Received executor task 3737
2023-06-30 17:38:13.524 worker_log:602 24665 MainThread [INFO]  Completed executor task 3737
2023-06-30 17:38:13.525 worker_log:613 24665 MainThread [INFO]  All processing finished for executor task 3737
2023-06-30 17:38:31.659 worker_log:584 24665 MainThread [INFO]  Received executor task 3754
2023-06-30 17:39:02.810 worker_log:602 24665 MainThread [INFO]  Completed executor task 3754
2023-06-30 17:39:02.810 worker_log:613 24665 MainThread [INFO]  All processing finished for executor task 3754
2023-06-30 17:39:49.741 worker_log:584 24665 MainThread [INFO]  Received executor task 3765
2023-06-30 17:41:28.996 worker_log:602 24665 MainThread [INFO]  Completed executor task 3765
2023-06-30 17:41:28.997 worker_log:613 24665 MainThread [INFO]  All processing finished for executor task 3765
2023-06-30 17:41:40.908 worker_log:584 24665 MainThread [INFO]  Received executor task 3791
2023-06-30 17:42:29.557 worker_log:602 24665 MainThread [INFO]  Completed executor task 3791
2023-06-30 17:42:29.557 worker_log:613 24665 MainThread [INFO]  All processing finished for executor task 3791
2023-06-30 17:43:01.720 worker_log:584 24665 MainThread [INFO]  Received executor task 3804
2023-06-30 17:43:27.785 worker_log:602 24665 MainThread [INFO]  Completed executor task 3804
2023-06-30 17:43:27.786 worker_log:613 24665 MainThread [INFO]  All processing finished for executor task 3804
2023-06-30 17:44:51.836 worker_log:584 24665 MainThread [INFO]  Received executor task 3813
2023-06-30 17:45:39.140 worker_log:602 24665 MainThread [INFO]  Completed executor task 3813
2023-06-30 17:45:39.141 worker_log:613 24665 MainThread [INFO]  All processing finished for executor task 3813
2023-06-30 17:45:59.046 worker_log:584 24665 MainThread [INFO]  Received executor task 3836
2023-06-30 17:47:17.671 worker_log:602 24665 MainThread [INFO]  Completed executor task 3836
2023-06-30 17:47:17.672 worker_log:613 24665 MainThread [INFO]  All processing finished for executor task 3836
2023-06-30 17:47:23.085 worker_log:584 24665 MainThread [INFO]  Received executor task 3855
2023-06-30 17:47:41.923 worker_log:602 24665 MainThread [INFO]  Completed executor task 3855
2023-06-30 17:47:41.923 worker_log:613 24665 MainThread [INFO]  All processing finished for executor task 3855
2023-06-30 17:48:40.530 worker_log:584 24665 MainThread [INFO]  Received executor task 3857
2023-06-30 17:49:44.849 worker_log:602 24665 MainThread [INFO]  Completed executor task 3857
2023-06-30 17:49:44.850 worker_log:613 24665 MainThread [INFO]  All processing finished for executor task 3857
2023-06-30 17:50:02.519 worker_log:584 24665 MainThread [INFO]  Received executor task 3885
2023-06-30 17:50:33.464 worker_log:602 24665 MainThread [INFO]  Completed executor task 3885
2023-06-30 17:50:33.464 worker_log:613 24665 MainThread [INFO]  All processing finished for executor task 3885
2023-06-30 17:51:00.895 worker_log:584 24665 MainThread [INFO]  Received executor task 3893
2023-06-30 17:52:04.730 worker_log:602 24665 MainThread [INFO]  Completed executor task 3893
2023-06-30 17:52:04.730 worker_log:613 24665 MainThread [INFO]  All processing finished for executor task 3893
2023-06-30 17:52:40.607 worker_log:584 24665 MainThread [INFO]  Received executor task 3919
2023-06-30 17:53:12.643 worker_log:602 24665 MainThread [INFO]  Completed executor task 3919
2023-06-30 17:53:12.644 worker_log:613 24665 MainThread [INFO]  All processing finished for executor task 3919
2023-06-30 17:53:37.027 worker_log:584 24665 MainThread [INFO]  Received executor task 3928
2023-06-30 17:54:34.392 worker_log:602 24665 MainThread [INFO]  Completed executor task 3928
2023-06-30 17:54:34.393 worker_log:613 24665 MainThread [INFO]  All processing finished for executor task 3928
2023-06-30 17:54:49.504 worker_log:584 24665 MainThread [INFO]  Received executor task 3949
2023-06-30 17:55:21.099 worker_log:602 24665 MainThread [INFO]  Completed executor task 3949
2023-06-30 17:55:21.099 worker_log:613 24665 MainThread [INFO]  All processing finished for executor task 3949
2023-06-30 17:56:02.765 worker_log:584 24665 MainThread [INFO]  Received executor task 3958
2023-06-30 17:56:21.971 worker_log:602 24665 MainThread [INFO]  Completed executor task 3958
2023-06-30 17:56:21.971 worker_log:613 24665 MainThread [INFO]  All processing finished for executor task 3958
2023-06-30 17:57:37.370 worker_log:584 24665 MainThread [INFO]  Received executor task 3970
2023-06-30 17:58:16.337 worker_log:602 24665 MainThread [INFO]  Completed executor task 3970
2023-06-30 17:58:16.338 worker_log:613 24665 MainThread [INFO]  All processing finished for executor task 3970
2023-06-30 17:58:47.887 worker_log:584 24665 MainThread [INFO]  Received executor task 3996
2023-06-30 17:59:22.915 worker_log:602 24665 MainThread [INFO]  Completed executor task 3996
2023-06-30 17:59:22.916 worker_log:613 24665 MainThread [INFO]  All processing finished for executor task 3996
2023-06-30 17:59:52.650 worker_log:584 24665 MainThread [INFO]  Received executor task 4008
2023-06-30 18:00:20.940 worker_log:602 24665 MainThread [INFO]  Completed executor task 4008
2023-06-30 18:00:20.940 worker_log:613 24665 MainThread [INFO]  All processing finished for executor task 4008
2023-06-30 18:01:23.174 worker_log:584 24665 MainThread [INFO]  Received executor task 4020
2023-06-30 18:01:41.628 worker_log:602 24665 MainThread [INFO]  Completed executor task 4020
2023-06-30 18:01:41.641 worker_log:613 24665 MainThread [INFO]  All processing finished for executor task 4020
2023-06-30 18:02:42.008 worker_log:584 24665 MainThread [INFO]  Received executor task 4033
2023-06-30 18:03:08.079 worker_log:602 24665 MainThread [INFO]  Completed executor task 4033
2023-06-30 18:03:08.080 worker_log:613 24665 MainThread [INFO]  All processing finished for executor task 4033
2023-06-30 18:03:51.140 worker_log:584 24665 MainThread [INFO]  Received executor task 4050
2023-06-30 18:04:49.842 worker_log:602 24665 MainThread [INFO]  Completed executor task 4050
2023-06-30 18:04:49.842 worker_log:613 24665 MainThread [INFO]  All processing finished for executor task 4050
2023-06-30 18:05:02.587 worker_log:584 24665 MainThread [INFO]  Received executor task 4077
2023-06-30 18:05:43.131 worker_log:602 24665 MainThread [INFO]  Completed executor task 4077
2023-06-30 18:05:43.132 worker_log:613 24665 MainThread [INFO]  All processing finished for executor task 4077
2023-06-30 18:06:06.112 worker_log:584 24665 MainThread [INFO]  Received executor task 4090
2023-06-30 18:07:12.050 worker_log:602 24665 MainThread [INFO]  Completed executor task 4090
2023-06-30 18:07:12.051 worker_log:613 24665 MainThread [INFO]  All processing finished for executor task 4090
2023-06-30 18:07:24.639 worker_log:584 24665 MainThread [INFO]  Received executor task 4111
2023-06-30 18:08:00.136 worker_log:602 24665 MainThread [INFO]  Completed executor task 4111
2023-06-30 18:08:00.137 worker_log:613 24665 MainThread [INFO]  All processing finished for executor task 4111
2023-06-30 18:08:19.152 worker_log:584 24665 MainThread [INFO]  Received executor task 4120
2023-06-30 18:09:10.772 worker_log:602 24665 MainThread [INFO]  Completed executor task 4120
2023-06-30 18:09:10.772 worker_log:613 24665 MainThread [INFO]  All processing finished for executor task 4120
2023-06-30 18:09:44.631 worker_log:584 24665 MainThread [INFO]  Received executor task 4142
2023-06-30 18:10:27.047 worker_log:602 24665 MainThread [INFO]  Completed executor task 4142
2023-06-30 18:10:27.047 worker_log:613 24665 MainThread [INFO]  All processing finished for executor task 4142
2023-06-30 18:10:59.463 worker_log:584 24665 MainThread [INFO]  Received executor task 4155
2023-06-30 18:11:42.206 worker_log:602 24665 MainThread [INFO]  Completed executor task 4155
2023-06-30 18:11:42.206 worker_log:613 24665 MainThread [INFO]  All processing finished for executor task 4155
2023-06-30 18:12:15.467 worker_log:584 24665 MainThread [INFO]  Received executor task 4167
2023-06-30 18:12:47.726 worker_log:602 24665 MainThread [INFO]  Completed executor task 4167
2023-06-30 18:12:47.727 worker_log:613 24665 MainThread [INFO]  All processing finished for executor task 4167
2023-06-30 18:13:55.905 worker_log:584 24665 MainThread [INFO]  Received executor task 4182
2023-06-30 18:14:17.968 worker_log:602 24665 MainThread [INFO]  Completed executor task 4182
2023-06-30 18:14:17.969 worker_log:613 24665 MainThread [INFO]  All processing finished for executor task 4182
2023-06-30 18:15:02.695 worker_log:584 24665 MainThread [INFO]  Received executor task 4195
2023-06-30 18:15:37.290 worker_log:602 24665 MainThread [INFO]  Completed executor task 4195
2023-06-30 18:15:37.290 worker_log:613 24665 MainThread [INFO]  All processing finished for executor task 4195
2023-06-30 18:16:34.250 worker_log:584 24665 MainThread [INFO]  Received executor task 4215
2023-06-30 18:16:46.188 worker_log:602 24665 MainThread [INFO]  Completed executor task 4215
2023-06-30 18:16:46.188 worker_log:613 24665 MainThread [INFO]  All processing finished for executor task 4215
2023-06-30 18:17:44.998 worker_log:584 24665 MainThread [INFO]  Received executor task 4225
2023-06-30 18:18:54.000 worker_log:602 24665 MainThread [INFO]  Completed executor task 4225
2023-06-30 18:18:54.001 worker_log:613 24665 MainThread [INFO]  All processing finished for executor task 4225
2023-06-30 18:19:04.032 worker_log:584 24665 MainThread [INFO]  Received executor task 4252
2023-06-30 18:19:51.637 worker_log:602 24665 MainThread [INFO]  Completed executor task 4252
2023-06-30 18:19:51.638 worker_log:613 24665 MainThread [INFO]  All processing finished for executor task 4252
2023-06-30 18:19:57.872 worker_log:584 24665 MainThread [INFO]  Received executor task 4271
2023-06-30 18:20:55.386 worker_log:602 24665 MainThread [INFO]  Completed executor task 4271
2023-06-30 18:20:55.386 worker_log:613 24665 MainThread [INFO]  All processing finished for executor task 4271
2023-06-30 18:21:27.440 worker_log:584 24665 MainThread [INFO]  Received executor task 4285
2023-06-30 18:22:17.913 worker_log:602 24665 MainThread [INFO]  Completed executor task 4285
2023-06-30 18:22:17.914 worker_log:613 24665 MainThread [INFO]  All processing finished for executor task 4285
2023-06-30 18:22:30.223 worker_log:584 24665 MainThread [INFO]  Received executor task 4300
2023-06-30 18:23:14.687 worker_log:602 24665 MainThread [INFO]  Completed executor task 4300
2023-06-30 18:23:14.688 worker_log:613 24665 MainThread [INFO]  All processing finished for executor task 4300
2023-06-30 18:24:16.032 worker_log:584 24665 MainThread [INFO]  Received executor task 4315
2023-06-30 18:25:31.566 worker_log:602 24665 MainThread [INFO]  Completed executor task 4315
2023-06-30 18:25:31.566 worker_log:613 24665 MainThread [INFO]  All processing finished for executor task 4315
2023-06-30 18:25:46.944 worker_log:584 24665 MainThread [INFO]  Received executor task 4335
2023-06-30 18:26:25.204 worker_log:602 24665 MainThread [INFO]  Completed executor task 4335
2023-06-30 18:26:25.204 worker_log:613 24665 MainThread [INFO]  All processing finished for executor task 4335
2023-06-30 18:27:24.136 worker_log:584 24665 MainThread [INFO]  Received executor task 4340
2023-06-30 18:28:17.676 worker_log:602 24665 MainThread [INFO]  Completed executor task 4340
2023-06-30 18:28:17.677 worker_log:613 24665 MainThread [INFO]  All processing finished for executor task 4340
2023-06-30 18:28:18.707 worker_log:584 24665 MainThread [INFO]  Received executor task 4368
2023-06-30 18:29:14.760 worker_log:602 24665 MainThread [INFO]  Completed executor task 4368
2023-06-30 18:29:14.761 worker_log:613 24665 MainThread [INFO]  All processing finished for executor task 4368
2023-06-30 18:29:27.987 worker_log:584 24665 MainThread [INFO]  Received executor task 4382
2023-06-30 18:30:05.256 worker_log:602 24665 MainThread [INFO]  Completed executor task 4382
2023-06-30 18:30:05.256 worker_log:613 24665 MainThread [INFO]  All processing finished for executor task 4382
2023-06-30 18:30:36.435 worker_log:584 24665 MainThread [INFO]  Received executor task 4395
2023-06-30 18:31:08.630 worker_log:602 24665 MainThread [INFO]  Completed executor task 4395
2023-06-30 18:31:08.630 worker_log:613 24665 MainThread [INFO]  All processing finished for executor task 4395
2023-06-30 18:32:04.352 worker_log:584 24665 MainThread [INFO]  Received executor task 4406
2023-06-30 18:32:41.151 worker_log:602 24665 MainThread [INFO]  Completed executor task 4406
2023-06-30 18:32:41.151 worker_log:613 24665 MainThread [INFO]  All processing finished for executor task 4406
2023-06-30 18:33:27.232 worker_log:584 24665 MainThread [INFO]  Received executor task 4421
2023-06-30 18:34:28.044 worker_log:602 24665 MainThread [INFO]  Completed executor task 4421
2023-06-30 18:34:28.044 worker_log:613 24665 MainThread [INFO]  All processing finished for executor task 4421
2023-06-30 18:34:58.790 worker_log:584 24665 MainThread [INFO]  Received executor task 4445
2023-06-30 18:35:40.026 worker_log:602 24665 MainThread [INFO]  Completed executor task 4445
2023-06-30 18:35:40.026 worker_log:613 24665 MainThread [INFO]  All processing finished for executor task 4445
2023-06-30 18:36:16.139 worker_log:584 24665 MainThread [INFO]  Received executor task 4458
2023-06-30 18:36:47.841 worker_log:602 24665 MainThread [INFO]  Completed executor task 4458
2023-06-30 18:36:47.842 worker_log:613 24665 MainThread [INFO]  All processing finished for executor task 4458
2023-06-30 18:37:24.962 worker_log:584 24665 MainThread [INFO]  Received executor task 4466
2023-06-30 18:38:19.175 worker_log:602 24665 MainThread [INFO]  Completed executor task 4466
2023-06-30 18:38:19.175 worker_log:613 24665 MainThread [INFO]  All processing finished for executor task 4466
2023-06-30 18:38:20.295 worker_log:584 24665 MainThread [INFO]  Received executor task 4496
2023-06-30 18:38:54.629 worker_log:602 24665 MainThread [INFO]  Completed executor task 4496
2023-06-30 18:38:54.629 worker_log:613 24665 MainThread [INFO]  All processing finished for executor task 4496
2023-06-30 18:39:40.581 worker_log:584 24665 MainThread [INFO]  Received executor task 4503
2023-06-30 18:41:05.239 worker_log:602 24665 MainThread [INFO]  Completed executor task 4503
2023-06-30 18:41:05.239 worker_log:613 24665 MainThread [INFO]  All processing finished for executor task 4503
2023-06-30 18:41:46.229 worker_log:584 24665 MainThread [INFO]  Received executor task 4527
2023-06-30 18:42:43.053 worker_log:602 24665 MainThread [INFO]  Completed executor task 4527
2023-06-30 18:42:43.054 worker_log:613 24665 MainThread [INFO]  All processing finished for executor task 4527
2023-06-30 18:42:44.214 worker_log:584 24665 MainThread [INFO]  Received executor task 4544
2023-06-30 18:43:35.103 worker_log:602 24665 MainThread [INFO]  Completed executor task 4544
2023-06-30 18:43:35.103 worker_log:613 24665 MainThread [INFO]  All processing finished for executor task 4544
2023-06-30 18:43:55.071 worker_log:584 24665 MainThread [INFO]  Received executor task 4556
2023-06-30 18:44:32.943 worker_log:602 24665 MainThread [INFO]  Completed executor task 4556
2023-06-30 18:44:32.944 worker_log:613 24665 MainThread [INFO]  All processing finished for executor task 4556
2023-06-30 18:45:28.578 worker_log:584 24665 MainThread [INFO]  Received executor task 4569
2023-06-30 18:46:34.443 worker_log:602 24665 MainThread [INFO]  Completed executor task 4569
2023-06-30 18:46:34.444 worker_log:613 24665 MainThread [INFO]  All processing finished for executor task 4569
2023-06-30 18:46:46.432 worker_log:584 24665 MainThread [INFO]  Received executor task 4590
2023-06-30 18:47:13.133 worker_log:602 24665 MainThread [INFO]  Completed executor task 4590
2023-06-30 18:47:13.134 worker_log:613 24665 MainThread [INFO]  All processing finished for executor task 4590
2023-06-30 18:47:52.166 worker_log:584 24665 MainThread [INFO]  Received executor task 4597
2023-06-30 18:48:23.719 worker_log:602 24665 MainThread [INFO]  Completed executor task 4597
2023-06-30 18:48:23.719 worker_log:613 24665 MainThread [INFO]  All processing finished for executor task 4597
2023-06-30 18:48:56.385 worker_log:584 24665 MainThread [INFO]  Received executor task 4615
2023-06-30 18:49:53.221 worker_log:602 24665 MainThread [INFO]  Completed executor task 4615
2023-06-30 18:49:53.222 worker_log:613 24665 MainThread [INFO]  All processing finished for executor task 4615
2023-06-30 18:49:59.034 worker_log:584 24665 MainThread [INFO]  Received executor task 4638
2023-06-30 18:50:59.902 worker_log:602 24665 MainThread [INFO]  Completed executor task 4638
2023-06-30 18:50:59.902 worker_log:613 24665 MainThread [INFO]  All processing finished for executor task 4638
2023-06-30 18:51:09.817 worker_log:584 24665 MainThread [INFO]  Received executor task 4655
2023-06-30 18:52:00.061 worker_log:602 24665 MainThread [INFO]  Completed executor task 4655
2023-06-30 18:52:00.062 worker_log:613 24665 MainThread [INFO]  All processing finished for executor task 4655
2023-06-30 18:52:28.123 worker_log:584 24665 MainThread [INFO]  Received executor task 4668
2023-06-30 18:54:01.466 worker_log:602 24665 MainThread [INFO]  Completed executor task 4668
2023-06-30 18:54:01.466 worker_log:613 24665 MainThread [INFO]  All processing finished for executor task 4668
2023-06-30 18:54:02.798 worker_log:584 24665 MainThread [INFO]  Received executor task 4688
2023-06-30 18:55:21.384 worker_log:602 24665 MainThread [INFO]  Completed executor task 4688
2023-06-30 18:55:21.385 worker_log:613 24665 MainThread [INFO]  All processing finished for executor task 4688
2023-06-30 18:55:23.021 worker_log:584 24665 MainThread [INFO]  Received executor task 4704
2023-06-30 18:56:43.136 worker_log:602 24665 MainThread [INFO]  Completed executor task 4704
2023-06-30 18:56:43.137 worker_log:613 24665 MainThread [INFO]  All processing finished for executor task 4704
2023-06-30 18:56:44.304 worker_log:584 24665 MainThread [INFO]  Received executor task 4719
2023-06-30 18:57:01.960 worker_log:602 24665 MainThread [INFO]  Completed executor task 4719
2023-06-30 18:57:01.961 worker_log:613 24665 MainThread [INFO]  All processing finished for executor task 4719
2023-06-30 18:58:30.284 worker_log:584 24665 MainThread [INFO]  Received executor task 4723
2023-06-30 18:58:55.817 worker_log:602 24665 MainThread [INFO]  Completed executor task 4723
2023-06-30 18:58:55.817 worker_log:613 24665 MainThread [INFO]  All processing finished for executor task 4723
2023-06-30 18:59:49.369 worker_log:584 24665 MainThread [INFO]  Received executor task 4742
2023-06-30 19:00:11.381 worker_log:602 24665 MainThread [INFO]  Completed executor task 4742
2023-06-30 19:00:11.382 worker_log:613 24665 MainThread [INFO]  All processing finished for executor task 4742
2023-06-30 19:01:11.044 worker_log:584 24665 MainThread [INFO]  Received executor task 4755
2023-06-30 19:01:43.754 worker_log:602 24665 MainThread [INFO]  Completed executor task 4755
2023-06-30 19:01:43.755 worker_log:613 24665 MainThread [INFO]  All processing finished for executor task 4755
2023-06-30 19:02:18.671 worker_log:584 24665 MainThread [INFO]  Received executor task 4775
2023-06-30 19:02:58.993 worker_log:602 24665 MainThread [INFO]  Completed executor task 4775
2023-06-30 19:02:58.993 worker_log:613 24665 MainThread [INFO]  All processing finished for executor task 4775
2023-06-30 19:03:36.495 worker_log:584 24665 MainThread [INFO]  Received executor task 4792
2023-06-30 19:04:08.299 worker_log:602 24665 MainThread [INFO]  Completed executor task 4792
2023-06-30 19:04:08.299 worker_log:613 24665 MainThread [INFO]  All processing finished for executor task 4792
2023-06-30 19:04:48.685 worker_log:584 24665 MainThread [INFO]  Received executor task 4803
2023-06-30 19:05:23.217 worker_log:602 24665 MainThread [INFO]  Completed executor task 4803
2023-06-30 19:05:23.218 worker_log:613 24665 MainThread [INFO]  All processing finished for executor task 4803
2023-06-30 19:06:08.042 worker_log:584 24665 MainThread [INFO]  Received executor task 4822
2023-06-30 19:06:56.911 worker_log:602 24665 MainThread [INFO]  Completed executor task 4822
2023-06-30 19:06:56.912 worker_log:613 24665 MainThread [INFO]  All processing finished for executor task 4822
2023-06-30 19:07:11.054 worker_log:584 24665 MainThread [INFO]  Received executor task 4842
2023-06-30 19:07:56.014 worker_log:602 24665 MainThread [INFO]  Completed executor task 4842
2023-06-30 19:07:56.015 worker_log:613 24665 MainThread [INFO]  All processing finished for executor task 4842
2023-06-30 19:08:16.422 worker_log:584 24665 MainThread [INFO]  Received executor task 4859
2023-06-30 19:08:50.215 worker_log:602 24665 MainThread [INFO]  Completed executor task 4859
2023-06-30 19:08:50.215 worker_log:613 24665 MainThread [INFO]  All processing finished for executor task 4859
2023-06-30 19:09:34.029 worker_log:584 24665 MainThread [INFO]  Received executor task 4870
2023-06-30 19:10:21.177 worker_log:602 24665 MainThread [INFO]  Completed executor task 4870
2023-06-30 19:10:21.177 worker_log:613 24665 MainThread [INFO]  All processing finished for executor task 4870
2023-06-30 19:11:02.906 worker_log:584 24665 MainThread [INFO]  Received executor task 4890
2023-06-30 19:11:45.772 worker_log:602 24665 MainThread [INFO]  Completed executor task 4890
2023-06-30 19:11:45.773 worker_log:613 24665 MainThread [INFO]  All processing finished for executor task 4890
2023-06-30 19:13:06.326 worker_log:584 24665 MainThread [INFO]  Received executor task 4905
2023-06-30 19:14:03.645 worker_log:602 24665 MainThread [INFO]  Completed executor task 4905
2023-06-30 19:14:03.646 worker_log:613 24665 MainThread [INFO]  All processing finished for executor task 4905
2023-06-30 19:14:20.339 worker_log:584 24665 MainThread [INFO]  Received executor task 4925
2023-06-30 19:14:46.772 worker_log:602 24665 MainThread [INFO]  Completed executor task 4925
2023-06-30 19:14:46.772 worker_log:613 24665 MainThread [INFO]  All processing finished for executor task 4925
2023-06-30 19:15:29.137 worker_log:584 24665 MainThread [INFO]  Received executor task 4932
2023-06-30 19:16:00.341 worker_log:602 24665 MainThread [INFO]  Completed executor task 4932
2023-06-30 19:16:00.341 worker_log:613 24665 MainThread [INFO]  All processing finished for executor task 4932
2023-06-30 19:18:39.671 worker_log:584 24665 MainThread [INFO]  Received executor task 4950
2023-06-30 19:19:42.324 worker_log:602 24665 MainThread [INFO]  Completed executor task 4950
2023-06-30 19:19:42.324 worker_log:613 24665 MainThread [INFO]  All processing finished for executor task 4950
2023-06-30 19:19:43.374 worker_log:584 24665 MainThread [INFO]  Received executor task 4976
2023-06-30 19:20:21.534 worker_log:602 24665 MainThread [INFO]  Completed executor task 4976
2023-06-30 19:20:21.534 worker_log:613 24665 MainThread [INFO]  All processing finished for executor task 4976
2023-06-30 19:20:57.351 worker_log:584 24665 MainThread [INFO]  Received executor task 4982
2023-06-30 19:21:46.164 worker_log:602 24665 MainThread [INFO]  Completed executor task 4982
2023-06-30 19:21:46.164 worker_log:613 24665 MainThread [INFO]  All processing finished for executor task 4982
2023-06-30 19:22:03.215 worker_log:584 24665 MainThread [INFO]  Received executor task 5005
2023-06-30 19:22:25.109 worker_log:602 24665 MainThread [INFO]  Completed executor task 5005
2023-06-30 19:22:25.110 worker_log:613 24665 MainThread [INFO]  All processing finished for executor task 5005
2023-06-30 19:23:03.317 worker_log:584 24665 MainThread [INFO]  Received executor task 5009
2023-06-30 19:23:13.766 worker_log:602 24665 MainThread [INFO]  Completed executor task 5009
2023-06-30 19:23:13.767 worker_log:613 24665 MainThread [INFO]  All processing finished for executor task 5009
2023-06-30 19:24:48.106 worker_log:584 24665 MainThread [INFO]  Received executor task 5025
2023-06-30 19:25:26.524 worker_log:602 24665 MainThread [INFO]  Completed executor task 5025
2023-06-30 19:25:26.524 worker_log:613 24665 MainThread [INFO]  All processing finished for executor task 5025
2023-06-30 19:25:38.784 worker_log:584 24665 MainThread [INFO]  Received executor task 5051
2023-06-30 19:26:04.050 worker_log:602 24665 MainThread [INFO]  Completed executor task 5051
2023-06-30 19:26:04.050 worker_log:613 24665 MainThread [INFO]  All processing finished for executor task 5051
2023-06-30 19:27:01.537 worker_log:584 24665 MainThread [INFO]  Received executor task 5060
2023-06-30 19:27:14.821 worker_log:602 24665 MainThread [INFO]  Completed executor task 5060
2023-06-30 19:27:14.821 worker_log:613 24665 MainThread [INFO]  All processing finished for executor task 5060
2023-06-30 19:27:59.191 worker_log:584 24665 MainThread [INFO]  Received executor task 5074
2023-06-30 19:28:29.842 worker_log:602 24665 MainThread [INFO]  Completed executor task 5074
2023-06-30 19:28:29.842 worker_log:613 24665 MainThread [INFO]  All processing finished for executor task 5074
2023-06-30 19:29:25.545 worker_log:584 24665 MainThread [INFO]  Received executor task 5095
2023-06-30 19:29:49.156 worker_log:602 24665 MainThread [INFO]  Completed executor task 5095
2023-06-30 19:29:49.156 worker_log:613 24665 MainThread [INFO]  All processing finished for executor task 5095
2023-06-30 19:31:05.511 worker_log:584 24665 MainThread [INFO]  Received executor task 5108
2023-06-30 19:31:39.887 worker_log:602 24665 MainThread [INFO]  Completed executor task 5108
2023-06-30 19:31:39.887 worker_log:613 24665 MainThread [INFO]  All processing finished for executor task 5108
2023-06-30 19:32:58.273 worker_log:584 24665 MainThread [INFO]  Received executor task 5127
2023-06-30 19:34:02.944 worker_log:602 24665 MainThread [INFO]  Completed executor task 5127
2023-06-30 19:34:02.945 worker_log:613 24665 MainThread [INFO]  All processing finished for executor task 5127
2023-06-30 19:34:18.291 worker_log:584 24665 MainThread [INFO]  Received executor task 5150
2023-06-30 19:35:33.427 worker_log:602 24665 MainThread [INFO]  Completed executor task 5150
2023-06-30 19:35:33.428 worker_log:613 24665 MainThread [INFO]  All processing finished for executor task 5150
2023-06-30 19:35:43.258 worker_log:584 24665 MainThread [INFO]  Received executor task 5167
2023-06-30 19:37:13.131 worker_log:602 24665 MainThread [INFO]  Completed executor task 5167
2023-06-30 19:37:13.132 worker_log:613 24665 MainThread [INFO]  All processing finished for executor task 5167
2023-06-30 19:37:15.724 worker_log:584 24665 MainThread [INFO]  Received executor task 5182
2023-06-30 19:38:01.415 worker_log:602 24665 MainThread [INFO]  Completed executor task 5182
2023-06-30 19:38:01.416 worker_log:613 24665 MainThread [INFO]  All processing finished for executor task 5182
2023-06-30 19:38:46.798 worker_log:584 24665 MainThread [INFO]  Received executor task 5194
2023-06-30 19:39:18.779 worker_log:602 24665 MainThread [INFO]  Completed executor task 5194
2023-06-30 19:39:18.780 worker_log:613 24665 MainThread [INFO]  All processing finished for executor task 5194
2023-06-30 19:39:57.672 worker_log:584 24665 MainThread [INFO]  Received executor task 5205
2023-06-30 19:40:50.331 worker_log:602 24665 MainThread [INFO]  Completed executor task 5205
2023-06-30 19:40:50.332 worker_log:613 24665 MainThread [INFO]  All processing finished for executor task 5205
2023-06-30 19:41:16.353 worker_log:584 24665 MainThread [INFO]  Received executor task 5230
2023-06-30 19:42:21.223 worker_log:602 24665 MainThread [INFO]  Completed executor task 5230
2023-06-30 19:42:21.224 worker_log:613 24665 MainThread [INFO]  All processing finished for executor task 5230
2023-06-30 19:42:36.985 worker_log:584 24665 MainThread [INFO]  Received executor task 5247
2023-06-30 19:43:34.390 worker_log:602 24665 MainThread [INFO]  Completed executor task 5247
2023-06-30 19:43:34.390 worker_log:613 24665 MainThread [INFO]  All processing finished for executor task 5247
2023-06-30 19:44:16.288 worker_log:584 24665 MainThread [INFO]  Received executor task 5262
2023-06-30 19:44:37.755 worker_log:602 24665 MainThread [INFO]  Completed executor task 5262
2023-06-30 19:44:37.756 worker_log:613 24665 MainThread [INFO]  All processing finished for executor task 5262
2023-06-30 19:45:29.697 worker_log:584 24665 MainThread [INFO]  Received executor task 5267
2023-06-30 19:46:04.123 worker_log:602 24665 MainThread [INFO]  Completed executor task 5267
2023-06-30 19:46:04.123 worker_log:613 24665 MainThread [INFO]  All processing finished for executor task 5267
2023-06-30 19:46:40.816 worker_log:584 24665 MainThread [INFO]  Received executor task 5284
2023-06-30 19:47:21.138 worker_log:602 24665 MainThread [INFO]  Completed executor task 5284
2023-06-30 19:47:21.138 worker_log:613 24665 MainThread [INFO]  All processing finished for executor task 5284
2023-06-30 19:47:43.687 worker_log:584 24665 MainThread [INFO]  Received executor task 5307
2023-06-30 19:48:25.107 worker_log:602 24665 MainThread [INFO]  Completed executor task 5307
2023-06-30 19:48:25.107 worker_log:613 24665 MainThread [INFO]  All processing finished for executor task 5307
2023-06-30 19:48:53.393 worker_log:584 24665 MainThread [INFO]  Received executor task 5325
2023-06-30 19:49:54.416 worker_log:602 24665 MainThread [INFO]  Completed executor task 5325
2023-06-30 19:49:54.416 worker_log:613 24665 MainThread [INFO]  All processing finished for executor task 5325
2023-06-30 19:50:00.403 worker_log:584 24665 MainThread [INFO]  Received executor task 5342
2023-06-30 19:50:40.123 worker_log:602 24665 MainThread [INFO]  Completed executor task 5342
2023-06-30 19:50:40.124 worker_log:613 24665 MainThread [INFO]  All processing finished for executor task 5342
2023-06-30 19:52:19.161 worker_log:584 24665 MainThread [INFO]  Received executor task 5352
2023-06-30 19:53:08.615 worker_log:602 24665 MainThread [INFO]  Completed executor task 5352
2023-06-30 19:53:08.615 worker_log:613 24665 MainThread [INFO]  All processing finished for executor task 5352
2023-06-30 19:53:51.632 worker_log:584 24665 MainThread [INFO]  Received executor task 5369
2023-06-30 19:54:32.224 worker_log:602 24665 MainThread [INFO]  Completed executor task 5369
2023-06-30 19:54:32.225 worker_log:613 24665 MainThread [INFO]  All processing finished for executor task 5369
2023-06-30 19:55:10.640 worker_log:584 24665 MainThread [INFO]  Received executor task 5384
2023-06-30 19:56:01.112 worker_log:602 24665 MainThread [INFO]  Completed executor task 5384
2023-06-30 19:56:01.112 worker_log:613 24665 MainThread [INFO]  All processing finished for executor task 5384
2023-06-30 19:56:16.680 worker_log:584 24665 MainThread [INFO]  Received executor task 5406
2023-06-30 19:56:43.640 worker_log:602 24665 MainThread [INFO]  Completed executor task 5406
2023-06-30 19:56:43.641 worker_log:613 24665 MainThread [INFO]  All processing finished for executor task 5406
2023-06-30 19:57:44.648 worker_log:584 24665 MainThread [INFO]  Received executor task 5412
2023-06-30 19:59:02.903 worker_log:602 24665 MainThread [INFO]  Completed executor task 5412
2023-06-30 19:59:02.904 worker_log:613 24665 MainThread [INFO]  All processing finished for executor task 5412
2023-06-30 19:59:03.903 worker_log:584 24665 MainThread [INFO]  Received executor task 5440
2023-06-30 19:59:47.233 worker_log:602 24665 MainThread [INFO]  Completed executor task 5440
2023-06-30 19:59:47.233 worker_log:613 24665 MainThread [INFO]  All processing finished for executor task 5440
2023-06-30 20:00:04.155 worker_log:584 24665 MainThread [INFO]  Received executor task 5451
2023-06-30 20:00:41.314 worker_log:602 24665 MainThread [INFO]  Completed executor task 5451
2023-06-30 20:00:41.314 worker_log:613 24665 MainThread [INFO]  All processing finished for executor task 5451
2023-06-30 20:01:09.831 worker_log:584 24665 MainThread [INFO]  Received executor task 5465
2023-06-30 20:01:38.312 worker_log:602 24665 MainThread [INFO]  Completed executor task 5465
2023-06-30 20:01:38.313 worker_log:613 24665 MainThread [INFO]  All processing finished for executor task 5465
2023-06-30 20:02:20.205 worker_log:584 24665 MainThread [INFO]  Received executor task 5476
2023-06-30 20:02:53.918 worker_log:602 24665 MainThread [INFO]  Completed executor task 5476
2023-06-30 20:02:53.918 worker_log:613 24665 MainThread [INFO]  All processing finished for executor task 5476
2023-06-30 20:03:15.146 worker_log:584 24665 MainThread [INFO]  Received executor task 5498
2023-06-30 20:03:54.784 worker_log:602 24665 MainThread [INFO]  Completed executor task 5498
2023-06-30 20:03:54.785 worker_log:613 24665 MainThread [INFO]  All processing finished for executor task 5498
2023-06-30 20:04:19.682 worker_log:584 24665 MainThread [INFO]  Received executor task 5515
2023-06-30 20:05:06.934 worker_log:602 24665 MainThread [INFO]  Completed executor task 5515
2023-06-30 20:05:06.934 worker_log:613 24665 MainThread [INFO]  All processing finished for executor task 5515
2023-06-30 20:05:37.882 worker_log:584 24665 MainThread [INFO]  Received executor task 5531
2023-06-30 20:06:11.410 worker_log:602 24665 MainThread [INFO]  Completed executor task 5531
2023-06-30 20:06:11.410 worker_log:613 24665 MainThread [INFO]  All processing finished for executor task 5531
2023-06-30 20:06:37.882 worker_log:584 24665 MainThread [INFO]  Received executor task 5546
2023-06-30 20:07:25.033 worker_log:602 24665 MainThread [INFO]  Completed executor task 5546
2023-06-30 20:07:25.034 worker_log:613 24665 MainThread [INFO]  All processing finished for executor task 5546
2023-06-30 20:07:53.358 worker_log:584 24665 MainThread [INFO]  Received executor task 5562
2023-06-30 20:08:16.848 worker_log:602 24665 MainThread [INFO]  Completed executor task 5562
2023-06-30 20:08:16.849 worker_log:613 24665 MainThread [INFO]  All processing finished for executor task 5562
2023-06-30 20:09:17.632 worker_log:584 24665 MainThread [INFO]  Received executor task 5569
2023-06-30 20:10:46.162 worker_log:602 24665 MainThread [INFO]  Completed executor task 5569
2023-06-30 20:10:46.163 worker_log:613 24665 MainThread [INFO]  All processing finished for executor task 5569
2023-06-30 20:10:47.760 worker_log:584 24665 MainThread [INFO]  Received executor task 5600
2023-06-30 20:11:49.398 worker_log:602 24665 MainThread [INFO]  Completed executor task 5600
2023-06-30 20:11:49.399 worker_log:613 24665 MainThread [INFO]  All processing finished for executor task 5600
2023-06-30 20:12:08.246 worker_log:584 24665 MainThread [INFO]  Received executor task 5614
2023-06-30 20:12:32.727 worker_log:602 24665 MainThread [INFO]  Completed executor task 5614
2023-06-30 20:12:32.727 worker_log:613 24665 MainThread [INFO]  All processing finished for executor task 5614
2023-06-30 20:13:31.758 worker_log:584 24665 MainThread [INFO]  Received executor task 5618
2023-06-30 20:13:48.816 worker_log:602 24665 MainThread [INFO]  Completed executor task 5618
2023-06-30 20:13:48.817 worker_log:613 24665 MainThread [INFO]  All processing finished for executor task 5618
2023-06-30 20:14:47.068 worker_log:584 24665 MainThread [INFO]  Received executor task 5633
2023-06-30 20:15:12.081 worker_log:602 24665 MainThread [INFO]  Completed executor task 5633
2023-06-30 20:15:12.082 worker_log:613 24665 MainThread [INFO]  All processing finished for executor task 5633
