2023-06-30 12:25:40.260 worker_log:538 24654 MainThread [INFO]  Worker 2 started
2023-06-30 12:27:54.228 worker_log:584 24654 MainThread [INFO]  Received executor task 3
2023-06-30 12:28:32.916 worker_log:602 24654 MainThread [INFO]  Completed executor task 3
2023-06-30 12:28:32.918 worker_log:613 24654 MainThread [INFO]  All processing finished for executor task 3
2023-06-30 12:29:17.823 worker_log:584 24654 MainThread [INFO]  Received executor task 23
2023-06-30 12:29:31.794 worker_log:602 24654 MainThread [INFO]  Completed executor task 23
2023-06-30 12:29:31.795 worker_log:613 24654 MainThread [INFO]  All processing finished for executor task 23
2023-06-30 12:30:16.214 worker_log:584 24654 MainThread [INFO]  Received executor task 33
2023-06-30 12:31:22.815 worker_log:602 24654 MainThread [INFO]  Completed executor task 33
2023-06-30 12:31:22.816 worker_log:613 24654 MainThread [INFO]  All processing finished for executor task 33
2023-06-30 12:31:36.853 worker_log:584 24654 MainThread [INFO]  Received executor task 63
2023-06-30 12:32:10.544 worker_log:602 24654 MainThread [INFO]  Completed executor task 63
2023-06-30 12:32:10.544 worker_log:613 24654 MainThread [INFO]  All processing finished for executor task 63
2023-06-30 12:33:05.897 worker_log:584 24654 MainThread [INFO]  Received executor task 72
2023-06-30 12:33:52.147 worker_log:602 24654 MainThread [INFO]  Completed executor task 72
2023-06-30 12:33:52.147 worker_log:613 24654 MainThread [INFO]  All processing finished for executor task 72
2023-06-30 12:34:36.011 worker_log:584 24654 MainThread [INFO]  Received executor task 91
2023-06-30 12:35:07.283 worker_log:602 24654 MainThread [INFO]  Completed executor task 91
2023-06-30 12:35:07.283 worker_log:613 24654 MainThread [INFO]  All processing finished for executor task 91
2023-06-30 12:35:46.484 worker_log:584 24654 MainThread [INFO]  Received executor task 102
2023-06-30 12:36:32.713 worker_log:602 24654 MainThread [INFO]  Completed executor task 102
2023-06-30 12:36:32.713 worker_log:613 24654 MainThread [INFO]  All processing finished for executor task 102
2023-06-30 12:37:08.123 worker_log:584 24654 MainThread [INFO]  Received executor task 126
2023-06-30 12:38:45.970 worker_log:602 24654 MainThread [INFO]  Completed executor task 126
2023-06-30 12:38:45.971 worker_log:613 24654 MainThread [INFO]  All processing finished for executor task 126
2023-06-30 12:38:46.858 worker_log:584 24654 MainThread [INFO]  Received executor task 144
2023-06-30 12:39:20.739 worker_log:602 24654 MainThread [INFO]  Completed executor task 144
2023-06-30 12:39:20.740 worker_log:613 24654 MainThread [INFO]  All processing finished for executor task 144
2023-06-30 12:39:35.563 worker_log:584 24654 MainThread [INFO]  Received executor task 153
2023-06-30 12:40:21.659 worker_log:602 24654 MainThread [INFO]  Completed executor task 153
2023-06-30 12:40:21.660 worker_log:613 24654 MainThread [INFO]  All processing finished for executor task 153
2023-06-30 12:40:42.586 worker_log:584 24654 MainThread [INFO]  Received executor task 170
2023-06-30 12:41:14.579 worker_log:602 24654 MainThread [INFO]  Completed executor task 170
2023-06-30 12:41:14.579 worker_log:613 24654 MainThread [INFO]  All processing finished for executor task 170
2023-06-30 12:42:24.884 worker_log:584 24654 MainThread [INFO]  Received executor task 180
2023-06-30 12:43:03.806 worker_log:602 24654 MainThread [INFO]  Completed executor task 180
2023-06-30 12:43:03.807 worker_log:613 24654 MainThread [INFO]  All processing finished for executor task 180
2023-06-30 12:43:30.448 worker_log:584 24654 MainThread [INFO]  Received executor task 201
2023-06-30 12:44:14.734 worker_log:602 24654 MainThread [INFO]  Completed executor task 201
2023-06-30 12:44:14.735 worker_log:613 24654 MainThread [INFO]  All processing finished for executor task 201
2023-06-30 12:44:54.867 worker_log:584 24654 MainThread [INFO]  Received executor task 218
2023-06-30 12:45:19.907 worker_log:602 24654 MainThread [INFO]  Completed executor task 218
2023-06-30 12:45:19.907 worker_log:613 24654 MainThread [INFO]  All processing finished for executor task 218
2023-06-30 12:45:48.537 worker_log:584 24654 MainThread [INFO]  Received executor task 228
2023-06-30 12:46:33.868 worker_log:602 24654 MainThread [INFO]  Completed executor task 228
2023-06-30 12:46:33.868 worker_log:613 24654 MainThread [INFO]  All processing finished for executor task 228
2023-06-30 12:47:06.900 worker_log:584 24654 MainThread [INFO]  Received executor task 251
2023-06-30 12:47:50.576 worker_log:602 24654 MainThread [INFO]  Completed executor task 251
2023-06-30 12:47:50.576 worker_log:613 24654 MainThread [INFO]  All processing finished for executor task 251
2023-06-30 12:48:04.772 worker_log:584 24654 MainThread [INFO]  Received executor task 268
2023-06-30 12:48:25.972 worker_log:602 24654 MainThread [INFO]  Completed executor task 268
2023-06-30 12:48:25.972 worker_log:613 24654 MainThread [INFO]  All processing finished for executor task 268
2023-06-30 12:49:09.197 worker_log:584 24654 MainThread [INFO]  Received executor task 275
2023-06-30 12:50:28.692 worker_log:602 24654 MainThread [INFO]  Completed executor task 275
2023-06-30 12:50:28.693 worker_log:613 24654 MainThread [INFO]  All processing finished for executor task 275
2023-06-30 12:50:37.949 worker_log:584 24654 MainThread [INFO]  Received executor task 303
2023-06-30 12:51:53.199 worker_log:602 24654 MainThread [INFO]  Completed executor task 303
2023-06-30 12:51:53.200 worker_log:613 24654 MainThread [INFO]  All processing finished for executor task 303
2023-06-30 12:52:00.095 worker_log:584 24654 MainThread [INFO]  Received executor task 319
2023-06-30 12:52:20.698 worker_log:602 24654 MainThread [INFO]  Completed executor task 319
2023-06-30 12:52:20.698 worker_log:613 24654 MainThread [INFO]  All processing finished for executor task 319
2023-06-30 12:53:21.827 worker_log:584 24654 MainThread [INFO]  Received executor task 322
2023-06-30 12:54:35.436 worker_log:602 24654 MainThread [INFO]  Completed executor task 322
2023-06-30 12:54:35.437 worker_log:613 24654 MainThread [INFO]  All processing finished for executor task 322
2023-06-30 12:54:55.171 worker_log:584 24654 MainThread [INFO]  Received executor task 350
2023-06-30 12:56:05.114 worker_log:602 24654 MainThread [INFO]  Completed executor task 350
2023-06-30 12:56:05.114 worker_log:613 24654 MainThread [INFO]  All processing finished for executor task 350
2023-06-30 12:56:37.440 worker_log:584 24654 MainThread [INFO]  Received executor task 367
2023-06-30 12:57:51.207 worker_log:602 24654 MainThread [INFO]  Completed executor task 367
2023-06-30 12:57:51.208 worker_log:613 24654 MainThread [INFO]  All processing finished for executor task 367
2023-06-30 12:58:32.530 worker_log:584 24654 MainThread [INFO]  Received executor task 383
2023-06-30 12:59:28.912 worker_log:602 24654 MainThread [INFO]  Completed executor task 383
2023-06-30 12:59:28.913 worker_log:613 24654 MainThread [INFO]  All processing finished for executor task 383
2023-06-30 12:59:45.290 worker_log:584 24654 MainThread [INFO]  Received executor task 399
2023-06-30 13:00:39.906 worker_log:602 24654 MainThread [INFO]  Completed executor task 399
2023-06-30 13:00:39.907 worker_log:613 24654 MainThread [INFO]  All processing finished for executor task 399
2023-06-30 13:01:05.467 worker_log:584 24654 MainThread [INFO]  Received executor task 413
2023-06-30 13:01:38.147 worker_log:602 24654 MainThread [INFO]  Completed executor task 413
2023-06-30 13:01:38.147 worker_log:613 24654 MainThread [INFO]  All processing finished for executor task 413
2023-06-30 13:02:22.597 worker_log:584 24654 MainThread [INFO]  Received executor task 420
2023-06-30 13:03:03.550 worker_log:602 24654 MainThread [INFO]  Completed executor task 420
2023-06-30 13:03:03.550 worker_log:613 24654 MainThread [INFO]  All processing finished for executor task 420
2023-06-30 13:04:04.920 worker_log:584 24654 MainThread [INFO]  Received executor task 440
2023-06-30 13:04:30.575 worker_log:602 24654 MainThread [INFO]  Completed executor task 440
2023-06-30 13:04:30.576 worker_log:613 24654 MainThread [INFO]  All processing finished for executor task 440
2023-06-30 13:05:04.936 worker_log:584 24654 MainThread [INFO]  Received executor task 453
2023-06-30 13:05:53.623 worker_log:602 24654 MainThread [INFO]  Completed executor task 453
2023-06-30 13:05:53.624 worker_log:613 24654 MainThread [INFO]  All processing finished for executor task 453
2023-06-30 13:06:14.553 worker_log:584 24654 MainThread [INFO]  Received executor task 475
2023-06-30 13:06:46.220 worker_log:602 24654 MainThread [INFO]  Completed executor task 475
2023-06-30 13:06:46.221 worker_log:613 24654 MainThread [INFO]  All processing finished for executor task 475
2023-06-30 13:07:58.256 worker_log:584 24654 MainThread [INFO]  Received executor task 487
2023-06-30 13:08:25.476 worker_log:602 24654 MainThread [INFO]  Completed executor task 487
2023-06-30 13:08:25.477 worker_log:613 24654 MainThread [INFO]  All processing finished for executor task 487
2023-06-30 13:09:02.816 worker_log:584 24654 MainThread [INFO]  Received executor task 500
2023-06-30 13:10:00.775 worker_log:602 24654 MainThread [INFO]  Completed executor task 500
2023-06-30 13:10:00.775 worker_log:613 24654 MainThread [INFO]  All processing finished for executor task 500
2023-06-30 13:10:50.486 worker_log:584 24654 MainThread [INFO]  Received executor task 526
2023-06-30 13:11:23.317 worker_log:602 24654 MainThread [INFO]  Completed executor task 526
2023-06-30 13:11:23.318 worker_log:613 24654 MainThread [INFO]  All processing finished for executor task 526
2023-06-30 13:11:59.897 worker_log:584 24654 MainThread [INFO]  Received executor task 531
2023-06-30 13:12:10.046 worker_log:602 24654 MainThread [INFO]  Completed executor task 531
2023-06-30 13:12:10.047 worker_log:613 24654 MainThread [INFO]  All processing finished for executor task 531
2023-06-30 13:13:36.788 worker_log:584 24654 MainThread [INFO]  Received executor task 545
2023-06-30 13:14:46.475 worker_log:602 24654 MainThread [INFO]  Completed executor task 545
2023-06-30 13:14:46.475 worker_log:613 24654 MainThread [INFO]  All processing finished for executor task 545
2023-06-30 13:14:50.324 worker_log:584 24654 MainThread [INFO]  Received executor task 575
2023-06-30 13:15:44.438 worker_log:602 24654 MainThread [INFO]  Completed executor task 575
2023-06-30 13:15:44.438 worker_log:613 24654 MainThread [INFO]  All processing finished for executor task 575
2023-06-30 13:15:56.225 worker_log:584 24654 MainThread [INFO]  Received executor task 591
2023-06-30 13:16:31.597 worker_log:602 24654 MainThread [INFO]  Completed executor task 591
2023-06-30 13:16:31.598 worker_log:613 24654 MainThread [INFO]  All processing finished for executor task 591
2023-06-30 13:16:55.174 worker_log:584 24654 MainThread [INFO]  Received executor task 598
2023-06-30 13:17:27.424 worker_log:602 24654 MainThread [INFO]  Completed executor task 598
2023-06-30 13:17:27.425 worker_log:613 24654 MainThread [INFO]  All processing finished for executor task 598
2023-06-30 13:18:07.499 worker_log:584 24654 MainThread [INFO]  Received executor task 614
2023-06-30 13:19:07.623 worker_log:602 24654 MainThread [INFO]  Completed executor task 614
2023-06-30 13:19:07.623 worker_log:613 24654 MainThread [INFO]  All processing finished for executor task 614
2023-06-30 13:19:18.172 worker_log:584 24654 MainThread [INFO]  Received executor task 639
2023-06-30 13:19:49.913 worker_log:602 24654 MainThread [INFO]  Completed executor task 639
2023-06-30 13:19:49.914 worker_log:613 24654 MainThread [INFO]  All processing finished for executor task 639
2023-06-30 13:20:39.249 worker_log:584 24654 MainThread [INFO]  Received executor task 645
2023-06-30 13:21:05.571 worker_log:602 24654 MainThread [INFO]  Completed executor task 645
2023-06-30 13:21:05.572 worker_log:613 24654 MainThread [INFO]  All processing finished for executor task 645
2023-06-30 13:21:47.006 worker_log:584 24654 MainThread [INFO]  Received executor task 660
2023-06-30 13:22:24.947 worker_log:602 24654 MainThread [INFO]  Completed executor task 660
2023-06-30 13:22:24.947 worker_log:613 24654 MainThread [INFO]  All processing finished for executor task 660
2023-06-30 13:23:08.252 worker_log:584 24654 MainThread [INFO]  Received executor task 680
2023-06-30 13:23:46.711 worker_log:602 24654 MainThread [INFO]  Completed executor task 680
2023-06-30 13:23:46.711 worker_log:613 24654 MainThread [INFO]  All processing finished for executor task 680
2023-06-30 13:24:23.403 worker_log:584 24654 MainThread [INFO]  Received executor task 697
2023-06-30 13:24:54.038 worker_log:602 24654 MainThread [INFO]  Completed executor task 697
2023-06-30 13:24:54.038 worker_log:613 24654 MainThread [INFO]  All processing finished for executor task 697
2023-06-30 13:25:37.627 worker_log:584 24654 MainThread [INFO]  Received executor task 708
2023-06-30 13:26:24.044 worker_log:602 24654 MainThread [INFO]  Completed executor task 708
2023-06-30 13:26:24.045 worker_log:613 24654 MainThread [INFO]  All processing finished for executor task 708
2023-06-30 13:26:56.658 worker_log:584 24654 MainThread [INFO]  Received executor task 732
2023-06-30 13:27:30.023 worker_log:602 24654 MainThread [INFO]  Completed executor task 732
2023-06-30 13:27:30.024 worker_log:613 24654 MainThread [INFO]  All processing finished for executor task 732
2023-06-30 13:28:04.599 worker_log:584 24654 MainThread [INFO]  Received executor task 741
2023-06-30 13:29:12.482 worker_log:602 24654 MainThread [INFO]  Completed executor task 741
2023-06-30 13:29:12.482 worker_log:613 24654 MainThread [INFO]  All processing finished for executor task 741
2023-06-30 13:29:37.343 worker_log:584 24654 MainThread [INFO]  Received executor task 767
2023-06-30 13:30:34.975 worker_log:602 24654 MainThread [INFO]  Completed executor task 767
2023-06-30 13:30:34.976 worker_log:613 24654 MainThread [INFO]  All processing finished for executor task 767
2023-06-30 13:30:45.237 worker_log:584 24654 MainThread [INFO]  Received executor task 783
2023-06-30 13:31:23.528 worker_log:602 24654 MainThread [INFO]  Completed executor task 783
2023-06-30 13:31:23.528 worker_log:613 24654 MainThread [INFO]  All processing finished for executor task 783
2023-06-30 13:31:58.059 worker_log:584 24654 MainThread [INFO]  Received executor task 789
2023-06-30 13:32:37.885 worker_log:602 24654 MainThread [INFO]  Completed executor task 789
2023-06-30 13:32:37.886 worker_log:613 24654 MainThread [INFO]  All processing finished for executor task 789
2023-06-30 13:33:05.254 worker_log:584 24654 MainThread [INFO]  Received executor task 807
2023-06-30 13:33:54.665 worker_log:602 24654 MainThread [INFO]  Completed executor task 807
2023-06-30 13:33:54.666 worker_log:613 24654 MainThread [INFO]  All processing finished for executor task 807
2023-06-30 13:34:13.133 worker_log:584 24654 MainThread [INFO]  Received executor task 829
2023-06-30 13:34:51.815 worker_log:602 24654 MainThread [INFO]  Completed executor task 829
2023-06-30 13:34:51.816 worker_log:613 24654 MainThread [INFO]  All processing finished for executor task 829
2023-06-30 13:35:39.586 worker_log:584 24654 MainThread [INFO]  Received executor task 845
2023-06-30 13:36:19.029 worker_log:602 24654 MainThread [INFO]  Completed executor task 845
2023-06-30 13:36:19.029 worker_log:613 24654 MainThread [INFO]  All processing finished for executor task 845
2023-06-30 13:36:59.795 worker_log:584 24654 MainThread [INFO]  Received executor task 855
2023-06-30 13:37:48.273 worker_log:602 24654 MainThread [INFO]  Completed executor task 855
2023-06-30 13:37:48.274 worker_log:613 24654 MainThread [INFO]  All processing finished for executor task 855
2023-06-30 13:38:51.783 worker_log:584 24654 MainThread [INFO]  Received executor task 875
2023-06-30 13:39:43.936 worker_log:602 24654 MainThread [INFO]  Completed executor task 875
2023-06-30 13:39:43.937 worker_log:613 24654 MainThread [INFO]  All processing finished for executor task 875
2023-06-30 13:40:05.431 worker_log:584 24654 MainThread [INFO]  Received executor task 893
2023-06-30 13:41:12.913 worker_log:602 24654 MainThread [INFO]  Completed executor task 893
2023-06-30 13:41:12.914 worker_log:613 24654 MainThread [INFO]  All processing finished for executor task 893
2023-06-30 13:41:15.659 worker_log:584 24654 MainThread [INFO]  Received executor task 911
2023-06-30 13:41:28.633 worker_log:602 24654 MainThread [INFO]  Completed executor task 911
2023-06-30 13:41:28.634 worker_log:613 24654 MainThread [INFO]  All processing finished for executor task 911
2023-06-30 13:42:29.803 worker_log:584 24654 MainThread [INFO]  Received executor task 914
2023-06-30 13:43:31.125 worker_log:602 24654 MainThread [INFO]  Completed executor task 914
2023-06-30 13:43:31.125 worker_log:613 24654 MainThread [INFO]  All processing finished for executor task 914
2023-06-30 13:44:05.301 worker_log:584 24654 MainThread [INFO]  Received executor task 942
2023-06-30 13:44:46.776 worker_log:602 24654 MainThread [INFO]  Completed executor task 942
2023-06-30 13:44:46.777 worker_log:613 24654 MainThread [INFO]  All processing finished for executor task 942
2023-06-30 13:45:28.365 worker_log:584 24654 MainThread [INFO]  Received executor task 950
2023-06-30 13:46:02.879 worker_log:602 24654 MainThread [INFO]  Completed executor task 950
2023-06-30 13:46:02.880 worker_log:613 24654 MainThread [INFO]  All processing finished for executor task 950
2023-06-30 13:47:01.454 worker_log:584 24654 MainThread [INFO]  Received executor task 964
2023-06-30 13:47:18.153 worker_log:602 24654 MainThread [INFO]  Completed executor task 964
2023-06-30 13:47:18.153 worker_log:613 24654 MainThread [INFO]  All processing finished for executor task 964
2023-06-30 13:48:26.263 worker_log:584 24654 MainThread [INFO]  Received executor task 977
2023-06-30 13:49:02.102 worker_log:602 24654 MainThread [INFO]  Completed executor task 977
2023-06-30 13:49:02.103 worker_log:613 24654 MainThread [INFO]  All processing finished for executor task 977
2023-06-30 13:49:55.054 worker_log:584 24654 MainThread [INFO]  Received executor task 998
2023-06-30 13:50:58.005 worker_log:602 24654 MainThread [INFO]  Completed executor task 998
2023-06-30 13:50:58.005 worker_log:613 24654 MainThread [INFO]  All processing finished for executor task 998
2023-06-30 13:51:18.226 worker_log:584 24654 MainThread [INFO]  Received executor task 1021
2023-06-30 13:52:13.515 worker_log:602 24654 MainThread [INFO]  Completed executor task 1021
2023-06-30 13:52:13.515 worker_log:613 24654 MainThread [INFO]  All processing finished for executor task 1021
2023-06-30 13:52:33.532 worker_log:584 24654 MainThread [INFO]  Received executor task 1036
2023-06-30 13:53:17.354 worker_log:602 24654 MainThread [INFO]  Completed executor task 1036
2023-06-30 13:53:17.355 worker_log:613 24654 MainThread [INFO]  All processing finished for executor task 1036
2023-06-30 13:54:04.142 worker_log:584 24654 MainThread [INFO]  Received executor task 1049
2023-06-30 13:54:33.094 worker_log:602 24654 MainThread [INFO]  Completed executor task 1049
2023-06-30 13:54:33.094 worker_log:613 24654 MainThread [INFO]  All processing finished for executor task 1049
2023-06-30 13:55:39.978 worker_log:584 24654 MainThread [INFO]  Received executor task 1061
2023-06-30 13:56:34.841 worker_log:602 24654 MainThread [INFO]  Completed executor task 1061
2023-06-30 13:56:34.842 worker_log:613 24654 MainThread [INFO]  All processing finished for executor task 1061
2023-06-30 13:57:12.282 worker_log:584 24654 MainThread [INFO]  Received executor task 1084
2023-06-30 13:57:41.805 worker_log:602 24654 MainThread [INFO]  Completed executor task 1084
2023-06-30 13:57:41.806 worker_log:613 24654 MainThread [INFO]  All processing finished for executor task 1084
2023-06-30 13:58:54.036 worker_log:584 24654 MainThread [INFO]  Received executor task 1092
2023-06-30 13:59:26.888 worker_log:602 24654 MainThread [INFO]  Completed executor task 1092
2023-06-30 13:59:26.889 worker_log:613 24654 MainThread [INFO]  All processing finished for executor task 1092
2023-06-30 14:00:03.849 worker_log:584 24654 MainThread [INFO]  Received executor task 1112
2023-06-30 14:00:36.229 worker_log:602 24654 MainThread [INFO]  Completed executor task 1112
2023-06-30 14:00:36.229 worker_log:613 24654 MainThread [INFO]  All processing finished for executor task 1112
2023-06-30 14:01:35.521 worker_log:584 24654 MainThread [INFO]  Received executor task 1130
2023-06-30 14:02:07.611 worker_log:602 24654 MainThread [INFO]  Completed executor task 1130
2023-06-30 14:02:07.612 worker_log:613 24654 MainThread [INFO]  All processing finished for executor task 1130
2023-06-30 14:02:51.471 worker_log:584 24654 MainThread [INFO]  Received executor task 1141
2023-06-30 14:03:24.717 worker_log:602 24654 MainThread [INFO]  Completed executor task 1141
2023-06-30 14:03:24.717 worker_log:613 24654 MainThread [INFO]  All processing finished for executor task 1141
2023-06-30 14:03:59.159 worker_log:584 24654 MainThread [INFO]  Received executor task 1160
2023-06-30 14:04:15.448 worker_log:602 24654 MainThread [INFO]  Completed executor task 1160
2023-06-30 14:04:15.448 worker_log:613 24654 MainThread [INFO]  All processing finished for executor task 1160
2023-06-30 14:05:00.611 worker_log:584 24654 MainThread [INFO]  Received executor task 1169
2023-06-30 14:06:18.601 worker_log:602 24654 MainThread [INFO]  Completed executor task 1169
2023-06-30 14:06:18.602 worker_log:613 24654 MainThread [INFO]  All processing finished for executor task 1169
2023-06-30 14:06:37.554 worker_log:584 24654 MainThread [INFO]  Received executor task 1199
2023-06-30 14:08:03.508 worker_log:602 24654 MainThread [INFO]  Completed executor task 1199
2023-06-30 14:08:03.508 worker_log:613 24654 MainThread [INFO]  All processing finished for executor task 1199
2023-06-30 14:08:05.034 worker_log:584 24654 MainThread [INFO]  Received executor task 1216
2023-06-30 14:08:42.856 worker_log:602 24654 MainThread [INFO]  Completed executor task 1216
2023-06-30 14:08:42.856 worker_log:613 24654 MainThread [INFO]  All processing finished for executor task 1216
2023-06-30 14:09:15.333 worker_log:584 24654 MainThread [INFO]  Received executor task 1225
2023-06-30 14:09:58.733 worker_log:602 24654 MainThread [INFO]  Completed executor task 1225
2023-06-30 14:09:58.733 worker_log:613 24654 MainThread [INFO]  All processing finished for executor task 1225
2023-06-30 14:10:38.959 worker_log:584 24654 MainThread [INFO]  Received executor task 1242
2023-06-30 14:11:36.904 worker_log:602 24654 MainThread [INFO]  Completed executor task 1242
2023-06-30 14:11:36.905 worker_log:613 24654 MainThread [INFO]  All processing finished for executor task 1242
2023-06-30 14:12:32.658 worker_log:584 24654 MainThread [INFO]  Received executor task 1259
2023-06-30 14:13:06.795 worker_log:602 24654 MainThread [INFO]  Completed executor task 1259
2023-06-30 14:13:06.795 worker_log:613 24654 MainThread [INFO]  All processing finished for executor task 1259
2023-06-30 14:14:10.477 worker_log:584 24654 MainThread [INFO]  Received executor task 1271
2023-06-30 14:15:19.545 worker_log:602 24654 MainThread [INFO]  Completed executor task 1271
2023-06-30 14:15:19.546 worker_log:613 24654 MainThread [INFO]  All processing finished for executor task 1271
2023-06-30 14:15:26.981 worker_log:584 24654 MainThread [INFO]  Received executor task 1295
2023-06-30 14:15:51.234 worker_log:602 24654 MainThread [INFO]  Completed executor task 1295
2023-06-30 14:15:51.235 worker_log:613 24654 MainThread [INFO]  All processing finished for executor task 1295
2023-06-30 14:16:23.590 worker_log:584 24654 MainThread [INFO]  Received executor task 1300
2023-06-30 14:16:41.390 worker_log:602 24654 MainThread [INFO]  Completed executor task 1300
2023-06-30 14:16:41.391 worker_log:613 24654 MainThread [INFO]  All processing finished for executor task 1300
2023-06-30 14:17:42.475 worker_log:584 24654 MainThread [INFO]  Received executor task 1314
2023-06-30 14:18:08.929 worker_log:602 24654 MainThread [INFO]  Completed executor task 1314
2023-06-30 14:18:08.930 worker_log:613 24654 MainThread [INFO]  All processing finished for executor task 1314
2023-06-30 14:19:22.164 worker_log:584 24654 MainThread [INFO]  Received executor task 1334
2023-06-30 14:20:08.837 worker_log:602 24654 MainThread [INFO]  Completed executor task 1334
2023-06-30 14:20:08.838 worker_log:613 24654 MainThread [INFO]  All processing finished for executor task 1334
2023-06-30 14:20:33.450 worker_log:584 24654 MainThread [INFO]  Received executor task 1356
2023-06-30 14:21:28.884 worker_log:602 24654 MainThread [INFO]  Completed executor task 1356
2023-06-30 14:21:28.884 worker_log:613 24654 MainThread [INFO]  All processing finished for executor task 1356
2023-06-30 14:21:58.868 worker_log:584 24654 MainThread [INFO]  Received executor task 1374
2023-06-30 14:22:17.749 worker_log:602 24654 MainThread [INFO]  Completed executor task 1374
2023-06-30 14:22:17.749 worker_log:613 24654 MainThread [INFO]  All processing finished for executor task 1374
2023-06-30 14:23:07.746 worker_log:584 24654 MainThread [INFO]  Received executor task 1379
2023-06-30 14:23:33.245 worker_log:602 24654 MainThread [INFO]  Completed executor task 1379
2023-06-30 14:23:33.245 worker_log:613 24654 MainThread [INFO]  All processing finished for executor task 1379
2023-06-30 14:24:26.949 worker_log:584 24654 MainThread [INFO]  Received executor task 1396
2023-06-30 14:24:59.588 worker_log:602 24654 MainThread [INFO]  Completed executor task 1396
2023-06-30 14:24:59.588 worker_log:613 24654 MainThread [INFO]  All processing finished for executor task 1396
2023-06-30 14:25:36.136 worker_log:584 24654 MainThread [INFO]  Received executor task 1415
2023-06-30 14:26:41.573 worker_log:602 24654 MainThread [INFO]  Completed executor task 1415
2023-06-30 14:26:41.573 worker_log:613 24654 MainThread [INFO]  All processing finished for executor task 1415
2023-06-30 14:26:46.268 worker_log:584 24654 MainThread [INFO]  Received executor task 1438
2023-06-30 14:27:25.873 worker_log:602 24654 MainThread [INFO]  Completed executor task 1438
2023-06-30 14:27:25.873 worker_log:613 24654 MainThread [INFO]  All processing finished for executor task 1438
2023-06-30 14:27:53.375 worker_log:584 24654 MainThread [INFO]  Received executor task 1451
2023-06-30 14:28:40.727 worker_log:602 24654 MainThread [INFO]  Completed executor task 1451
2023-06-30 14:28:40.728 worker_log:613 24654 MainThread [INFO]  All processing finished for executor task 1451
2023-06-30 14:29:17.331 worker_log:584 24654 MainThread [INFO]  Received executor task 1465
2023-06-30 14:30:16.067 worker_log:602 24654 MainThread [INFO]  Completed executor task 1465
2023-06-30 14:30:16.068 worker_log:613 24654 MainThread [INFO]  All processing finished for executor task 1465
2023-06-30 14:30:24.848 worker_log:584 24654 MainThread [INFO]  Received executor task 1484
2023-06-30 14:31:03.426 worker_log:602 24654 MainThread [INFO]  Completed executor task 1484
2023-06-30 14:31:03.426 worker_log:613 24654 MainThread [INFO]  All processing finished for executor task 1484
2023-06-30 14:32:02.025 worker_log:584 24654 MainThread [INFO]  Received executor task 1498
2023-06-30 14:32:37.816 worker_log:602 24654 MainThread [INFO]  Completed executor task 1498
2023-06-30 14:32:37.816 worker_log:613 24654 MainThread [INFO]  All processing finished for executor task 1498
2023-06-30 14:33:26.225 worker_log:584 24654 MainThread [INFO]  Received executor task 1510
2023-06-30 14:34:00.900 worker_log:602 24654 MainThread [INFO]  Completed executor task 1510
2023-06-30 14:34:00.901 worker_log:613 24654 MainThread [INFO]  All processing finished for executor task 1510
2023-06-30 14:34:42.769 worker_log:584 24654 MainThread [INFO]  Received executor task 1526
2023-06-30 14:35:19.780 worker_log:602 24654 MainThread [INFO]  Completed executor task 1526
2023-06-30 14:35:19.781 worker_log:613 24654 MainThread [INFO]  All processing finished for executor task 1526
2023-06-30 14:35:37.499 worker_log:584 24654 MainThread [INFO]  Received executor task 1549
2023-06-30 14:36:06.745 worker_log:602 24654 MainThread [INFO]  Completed executor task 1549
2023-06-30 14:36:06.745 worker_log:613 24654 MainThread [INFO]  All processing finished for executor task 1549
2023-06-30 14:37:00.060 worker_log:584 24654 MainThread [INFO]  Received executor task 1554
2023-06-30 14:37:22.458 worker_log:602 24654 MainThread [INFO]  Completed executor task 1554
2023-06-30 14:37:22.458 worker_log:613 24654 MainThread [INFO]  All processing finished for executor task 1554
2023-06-30 14:38:08.313 worker_log:584 24654 MainThread [INFO]  Received executor task 1570
2023-06-30 14:38:26.791 worker_log:602 24654 MainThread [INFO]  Completed executor task 1570
2023-06-30 14:38:26.792 worker_log:613 24654 MainThread [INFO]  All processing finished for executor task 1570
2023-06-30 14:39:04.603 worker_log:584 24654 MainThread [INFO]  Received executor task 1587
2023-06-30 14:39:39.109 worker_log:602 24654 MainThread [INFO]  Completed executor task 1587
2023-06-30 14:39:39.110 worker_log:613 24654 MainThread [INFO]  All processing finished for executor task 1587
2023-06-30 14:39:48.953 worker_log:584 24654 MainThread [INFO]  Received executor task 1608
2023-06-30 14:40:31.142 worker_log:602 24654 MainThread [INFO]  Completed executor task 1608
2023-06-30 14:40:31.142 worker_log:613 24654 MainThread [INFO]  All processing finished for executor task 1608
2023-06-30 14:41:31.446 worker_log:584 24654 MainThread [INFO]  Received executor task 1625
2023-06-30 14:42:37.399 worker_log:602 24654 MainThread [INFO]  Completed executor task 1625
2023-06-30 14:42:37.399 worker_log:613 24654 MainThread [INFO]  All processing finished for executor task 1625
2023-06-30 14:43:01.124 worker_log:584 24654 MainThread [INFO]  Received executor task 1647
2023-06-30 14:43:25.301 worker_log:602 24654 MainThread [INFO]  Completed executor task 1647
2023-06-30 14:43:25.301 worker_log:613 24654 MainThread [INFO]  All processing finished for executor task 1647
2023-06-30 14:44:04.561 worker_log:584 24654 MainThread [INFO]  Received executor task 1649
2023-06-30 14:45:15.734 worker_log:602 24654 MainThread [INFO]  Completed executor task 1649
2023-06-30 14:45:15.734 worker_log:613 24654 MainThread [INFO]  All processing finished for executor task 1649
2023-06-30 14:45:16.956 worker_log:584 24654 MainThread [INFO]  Received executor task 1680
2023-06-30 14:46:19.034 worker_log:602 24654 MainThread [INFO]  Completed executor task 1680
2023-06-30 14:46:19.035 worker_log:613 24654 MainThread [INFO]  All processing finished for executor task 1680
2023-06-30 14:46:33.944 worker_log:584 24654 MainThread [INFO]  Received executor task 1692
2023-06-30 14:47:18.709 worker_log:602 24654 MainThread [INFO]  Completed executor task 1692
2023-06-30 14:47:18.710 worker_log:613 24654 MainThread [INFO]  All processing finished for executor task 1692
2023-06-30 14:48:18.844 worker_log:584 24654 MainThread [INFO]  Received executor task 1706
2023-06-30 14:48:40.246 worker_log:602 24654 MainThread [INFO]  Completed executor task 1706
2023-06-30 14:48:40.247 worker_log:613 24654 MainThread [INFO]  All processing finished for executor task 1706
2023-06-30 14:49:21.232 worker_log:584 24654 MainThread [INFO]  Received executor task 1713
2023-06-30 14:50:13.058 worker_log:602 24654 MainThread [INFO]  Completed executor task 1713
2023-06-30 14:50:13.058 worker_log:613 24654 MainThread [INFO]  All processing finished for executor task 1713
2023-06-30 14:50:27.100 worker_log:584 24654 MainThread [INFO]  Received executor task 1742
2023-06-30 14:51:34.416 worker_log:602 24654 MainThread [INFO]  Completed executor task 1742
2023-06-30 14:51:34.417 worker_log:613 24654 MainThread [INFO]  All processing finished for executor task 1742
2023-06-30 14:51:58.166 worker_log:584 24654 MainThread [INFO]  Received executor task 1758
2023-06-30 14:52:45.875 worker_log:602 24654 MainThread [INFO]  Completed executor task 1758
2023-06-30 14:52:45.875 worker_log:613 24654 MainThread [INFO]  All processing finished for executor task 1758
2023-06-30 14:53:05.341 worker_log:584 24654 MainThread [INFO]  Received executor task 1774
2023-06-30 14:53:41.467 worker_log:602 24654 MainThread [INFO]  Completed executor task 1774
2023-06-30 14:53:41.468 worker_log:613 24654 MainThread [INFO]  All processing finished for executor task 1774
2023-06-30 14:54:20.912 worker_log:584 24654 MainThread [INFO]  Received executor task 1784
2023-06-30 14:54:56.459 worker_log:602 24654 MainThread [INFO]  Completed executor task 1784
2023-06-30 14:54:56.460 worker_log:613 24654 MainThread [INFO]  All processing finished for executor task 1784
2023-06-30 14:55:35.519 worker_log:584 24654 MainThread [INFO]  Received executor task 1798
2023-06-30 14:56:03.932 worker_log:602 24654 MainThread [INFO]  Completed executor task 1798
2023-06-30 14:56:03.933 worker_log:613 24654 MainThread [INFO]  All processing finished for executor task 1798
2023-06-30 14:56:49.954 worker_log:584 24654 MainThread [INFO]  Received executor task 1811
2023-06-30 14:57:47.766 worker_log:602 24654 MainThread [INFO]  Completed executor task 1811
2023-06-30 14:57:47.766 worker_log:613 24654 MainThread [INFO]  All processing finished for executor task 1811
2023-06-30 14:58:17.393 worker_log:584 24654 MainThread [INFO]  Received executor task 1838
2023-06-30 14:58:45.495 worker_log:602 24654 MainThread [INFO]  Completed executor task 1838
2023-06-30 14:58:45.496 worker_log:613 24654 MainThread [INFO]  All processing finished for executor task 1838
2023-06-30 14:59:25.740 worker_log:584 24654 MainThread [INFO]  Received executor task 1844
2023-06-30 15:00:18.047 worker_log:602 24654 MainThread [INFO]  Completed executor task 1844
2023-06-30 15:00:18.047 worker_log:613 24654 MainThread [INFO]  All processing finished for executor task 1844
2023-06-30 15:00:39.273 worker_log:584 24654 MainThread [INFO]  Received executor task 1869
2023-06-30 15:01:25.047 worker_log:602 24654 MainThread [INFO]  Completed executor task 1869
2023-06-30 15:01:25.047 worker_log:613 24654 MainThread [INFO]  All processing finished for executor task 1869
2023-06-30 15:01:53.833 worker_log:584 24654 MainThread [INFO]  Received executor task 1882
2023-06-30 15:02:20.460 worker_log:602 24654 MainThread [INFO]  Completed executor task 1882
2023-06-30 15:02:20.460 worker_log:613 24654 MainThread [INFO]  All processing finished for executor task 1882
2023-06-30 15:03:37.279 worker_log:584 24654 MainThread [INFO]  Received executor task 1893
2023-06-30 15:03:53.931 worker_log:602 24654 MainThread [INFO]  Completed executor task 1893
2023-06-30 15:03:53.932 worker_log:613 24654 MainThread [INFO]  All processing finished for executor task 1893
2023-06-30 15:05:13.461 worker_log:584 24654 MainThread [INFO]  Received executor task 1906
2023-06-30 15:06:28.989 worker_log:602 24654 MainThread [INFO]  Completed executor task 1906
2023-06-30 15:06:28.989 worker_log:613 24654 MainThread [INFO]  All processing finished for executor task 1906
2023-06-30 15:06:30.548 worker_log:584 24654 MainThread [INFO]  Received executor task 1936
2023-06-30 15:07:06.201 worker_log:602 24654 MainThread [INFO]  Completed executor task 1936
2023-06-30 15:07:06.201 worker_log:613 24654 MainThread [INFO]  All processing finished for executor task 1936
2023-06-30 15:07:50.779 worker_log:584 24654 MainThread [INFO]  Received executor task 1942
2023-06-30 15:08:24.199 worker_log:602 24654 MainThread [INFO]  Completed executor task 1942
2023-06-30 15:08:24.200 worker_log:613 24654 MainThread [INFO]  All processing finished for executor task 1942
2023-06-30 15:08:53.441 worker_log:584 24654 MainThread [INFO]  Received executor task 1956
2023-06-30 15:09:51.564 worker_log:602 24654 MainThread [INFO]  Completed executor task 1956
2023-06-30 15:09:51.564 worker_log:613 24654 MainThread [INFO]  All processing finished for executor task 1956
2023-06-30 15:10:24.246 worker_log:584 24654 MainThread [INFO]  Received executor task 1982
2023-06-30 15:10:46.991 worker_log:602 24654 MainThread [INFO]  Completed executor task 1982
2023-06-30 15:10:46.992 worker_log:613 24654 MainThread [INFO]  All processing finished for executor task 1982
2023-06-30 15:11:27.032 worker_log:584 24654 MainThread [INFO]  Received executor task 1986
2023-06-30 15:11:59.093 worker_log:602 24654 MainThread [INFO]  Completed executor task 1986
2023-06-30 15:11:59.093 worker_log:613 24654 MainThread [INFO]  All processing finished for executor task 1986
2023-06-30 15:12:44.513 worker_log:584 24654 MainThread [INFO]  Received executor task 2006
2023-06-30 15:13:33.370 worker_log:602 24654 MainThread [INFO]  Completed executor task 2006
2023-06-30 15:13:33.370 worker_log:613 24654 MainThread [INFO]  All processing finished for executor task 2006
2023-06-30 15:14:03.708 worker_log:584 24654 MainThread [INFO]  Received executor task 2025
2023-06-30 15:14:44.957 worker_log:602 24654 MainThread [INFO]  Completed executor task 2025
2023-06-30 15:14:44.957 worker_log:613 24654 MainThread [INFO]  All processing finished for executor task 2025
2023-06-30 15:15:22.087 worker_log:584 24654 MainThread [INFO]  Received executor task 2039
2023-06-30 15:15:43.445 worker_log:602 24654 MainThread [INFO]  Completed executor task 2039
2023-06-30 15:15:43.446 worker_log:613 24654 MainThread [INFO]  All processing finished for executor task 2039
2023-06-30 15:16:20.419 worker_log:584 24654 MainThread [INFO]  Received executor task 2052
2023-06-30 15:16:41.567 worker_log:602 24654 MainThread [INFO]  Completed executor task 2052
2023-06-30 15:16:41.568 worker_log:613 24654 MainThread [INFO]  All processing finished for executor task 2052
2023-06-30 15:17:34.348 worker_log:584 24654 MainThread [INFO]  Received executor task 2066
2023-06-30 15:18:50.545 worker_log:602 24654 MainThread [INFO]  Completed executor task 2066
2023-06-30 15:18:50.546 worker_log:613 24654 MainThread [INFO]  All processing finished for executor task 2066
2023-06-30 15:18:51.793 worker_log:584 24654 MainThread [INFO]  Received executor task 2096
2023-06-30 15:19:54.564 worker_log:602 24654 MainThread [INFO]  Completed executor task 2096
2023-06-30 15:19:54.565 worker_log:613 24654 MainThread [INFO]  All processing finished for executor task 2096
2023-06-30 15:20:08.187 worker_log:584 24654 MainThread [INFO]  Received executor task 2110
2023-06-30 15:21:33.776 worker_log:602 24654 MainThread [INFO]  Completed executor task 2110
2023-06-30 15:21:33.776 worker_log:613 24654 MainThread [INFO]  All processing finished for executor task 2110
2023-06-30 15:21:35.237 worker_log:584 24654 MainThread [INFO]  Received executor task 2128
2023-06-30 15:22:10.817 worker_log:602 24654 MainThread [INFO]  Completed executor task 2128
2023-06-30 15:22:10.818 worker_log:613 24654 MainThread [INFO]  All processing finished for executor task 2128
2023-06-30 15:22:37.678 worker_log:584 24654 MainThread [INFO]  Received executor task 2138
2023-06-30 15:23:30.419 worker_log:602 24654 MainThread [INFO]  Completed executor task 2138
2023-06-30 15:23:30.420 worker_log:613 24654 MainThread [INFO]  All processing finished for executor task 2138
2023-06-30 15:23:46.402 worker_log:584 24654 MainThread [INFO]  Received executor task 2157
2023-06-30 15:24:01.848 worker_log:602 24654 MainThread [INFO]  Completed executor task 2157
2023-06-30 15:24:01.849 worker_log:613 24654 MainThread [INFO]  All processing finished for executor task 2157
2023-06-30 15:25:12.626 worker_log:584 24654 MainThread [INFO]  Received executor task 2162
2023-06-30 15:25:26.815 worker_log:602 24654 MainThread [INFO]  Completed executor task 2162
2023-06-30 15:25:26.816 worker_log:613 24654 MainThread [INFO]  All processing finished for executor task 2162
2023-06-30 15:26:55.742 worker_log:584 24654 MainThread [INFO]  Received executor task 2177
2023-06-30 15:27:26.123 worker_log:602 24654 MainThread [INFO]  Completed executor task 2177
2023-06-30 15:27:26.124 worker_log:613 24654 MainThread [INFO]  All processing finished for executor task 2177
2023-06-30 15:28:32.893 worker_log:584 24654 MainThread [INFO]  Received executor task 2195
2023-06-30 15:29:19.537 worker_log:602 24654 MainThread [INFO]  Completed executor task 2195
2023-06-30 15:29:19.537 worker_log:613 24654 MainThread [INFO]  All processing finished for executor task 2195
2023-06-30 15:30:01.581 worker_log:584 24654 MainThread [INFO]  Received executor task 2220
2023-06-30 15:30:35.794 worker_log:602 24654 MainThread [INFO]  Completed executor task 2220
2023-06-30 15:30:35.794 worker_log:613 24654 MainThread [INFO]  All processing finished for executor task 2220
2023-06-30 15:31:30.762 worker_log:584 24654 MainThread [INFO]  Received executor task 2227
2023-06-30 15:32:16.975 worker_log:602 24654 MainThread [INFO]  Completed executor task 2227
2023-06-30 15:32:16.976 worker_log:613 24654 MainThread [INFO]  All processing finished for executor task 2227
2023-06-30 15:32:36.681 worker_log:584 24654 MainThread [INFO]  Received executor task 2251
2023-06-30 15:33:09.918 worker_log:602 24654 MainThread [INFO]  Completed executor task 2251
2023-06-30 15:33:09.918 worker_log:613 24654 MainThread [INFO]  All processing finished for executor task 2251
2023-06-30 15:33:33.388 worker_log:584 24654 MainThread [INFO]  Received executor task 2265
2023-06-30 15:34:03.242 worker_log:602 24654 MainThread [INFO]  Completed executor task 2265
2023-06-30 15:34:03.243 worker_log:613 24654 MainThread [INFO]  All processing finished for executor task 2265
2023-06-30 15:34:58.702 worker_log:584 24654 MainThread [INFO]  Received executor task 2275
2023-06-30 15:35:33.101 worker_log:602 24654 MainThread [INFO]  Completed executor task 2275
2023-06-30 15:35:33.102 worker_log:613 24654 MainThread [INFO]  All processing finished for executor task 2275
2023-06-30 15:37:25.634 worker_log:584 24654 MainThread [INFO]  Received executor task 2292
2023-06-30 15:38:22.799 worker_log:602 24654 MainThread [INFO]  Completed executor task 2292
2023-06-30 15:38:22.800 worker_log:613 24654 MainThread [INFO]  All processing finished for executor task 2292
2023-06-30 15:38:46.040 worker_log:584 24654 MainThread [INFO]  Received executor task 2317
2023-06-30 15:39:19.452 worker_log:602 24654 MainThread [INFO]  Completed executor task 2317
2023-06-30 15:39:19.452 worker_log:613 24654 MainThread [INFO]  All processing finished for executor task 2317
2023-06-30 15:39:57.472 worker_log:584 24654 MainThread [INFO]  Received executor task 2329
2023-06-30 15:40:36.842 worker_log:602 24654 MainThread [INFO]  Completed executor task 2329
2023-06-30 15:40:36.842 worker_log:613 24654 MainThread [INFO]  All processing finished for executor task 2329
2023-06-30 15:41:19.397 worker_log:584 24654 MainThread [INFO]  Received executor task 2343
2023-06-30 15:42:29.111 worker_log:602 24654 MainThread [INFO]  Completed executor task 2343
2023-06-30 15:42:29.112 worker_log:613 24654 MainThread [INFO]  All processing finished for executor task 2343
2023-06-30 15:42:30.557 worker_log:584 24654 MainThread [INFO]  Received executor task 2368
2023-06-30 15:42:44.095 worker_log:602 24654 MainThread [INFO]  Completed executor task 2368
2023-06-30 15:42:44.096 worker_log:613 24654 MainThread [INFO]  All processing finished for executor task 2368
2023-06-30 15:43:33.704 worker_log:584 24654 MainThread [INFO]  Received executor task 2369
2023-06-30 15:44:13.779 worker_log:602 24654 MainThread [INFO]  Completed executor task 2369
2023-06-30 15:44:13.779 worker_log:613 24654 MainThread [INFO]  All processing finished for executor task 2369
2023-06-30 15:45:09.187 worker_log:584 24654 MainThread [INFO]  Received executor task 2394
2023-06-30 15:45:34.264 worker_log:602 24654 MainThread [INFO]  Completed executor task 2394
2023-06-30 15:45:34.265 worker_log:613 24654 MainThread [INFO]  All processing finished for executor task 2394
2023-06-30 15:46:22.397 worker_log:584 24654 MainThread [INFO]  Received executor task 2404
2023-06-30 15:47:00.117 worker_log:602 24654 MainThread [INFO]  Completed executor task 2404
2023-06-30 15:47:00.117 worker_log:613 24654 MainThread [INFO]  All processing finished for executor task 2404
2023-06-30 15:47:36.099 worker_log:584 24654 MainThread [INFO]  Received executor task 2421
2023-06-30 15:48:19.413 worker_log:602 24654 MainThread [INFO]  Completed executor task 2421
2023-06-30 15:48:19.413 worker_log:613 24654 MainThread [INFO]  All processing finished for executor task 2421
2023-06-30 15:48:37.795 worker_log:584 24654 MainThread [INFO]  Received executor task 2441
2023-06-30 15:49:51.864 worker_log:602 24654 MainThread [INFO]  Completed executor task 2441
2023-06-30 15:49:51.864 worker_log:613 24654 MainThread [INFO]  All processing finished for executor task 2441
2023-06-30 15:50:02.960 worker_log:584 24654 MainThread [INFO]  Received executor task 2463
2023-06-30 15:50:16.958 worker_log:602 24654 MainThread [INFO]  Completed executor task 2463
2023-06-30 15:50:16.958 worker_log:613 24654 MainThread [INFO]  All processing finished for executor task 2463
2023-06-30 15:51:10.974 worker_log:584 24654 MainThread [INFO]  Received executor task 2465
2023-06-30 15:52:16.461 worker_log:602 24654 MainThread [INFO]  Completed executor task 2465
2023-06-30 15:52:16.461 worker_log:613 24654 MainThread [INFO]  All processing finished for executor task 2465
2023-06-30 15:52:27.413 worker_log:584 24654 MainThread [INFO]  Received executor task 2493
2023-06-30 15:53:09.454 worker_log:602 24654 MainThread [INFO]  Completed executor task 2493
2023-06-30 15:53:09.455 worker_log:613 24654 MainThread [INFO]  All processing finished for executor task 2493
2023-06-30 15:53:57.129 worker_log:584 24654 MainThread [INFO]  Received executor task 2505
2023-06-30 15:54:32.173 worker_log:602 24654 MainThread [INFO]  Completed executor task 2505
2023-06-30 15:54:32.173 worker_log:613 24654 MainThread [INFO]  All processing finished for executor task 2505
2023-06-30 15:55:45.765 worker_log:584 24654 MainThread [INFO]  Received executor task 2518
2023-06-30 15:56:07.274 worker_log:602 24654 MainThread [INFO]  Completed executor task 2518
2023-06-30 15:56:07.275 worker_log:613 24654 MainThread [INFO]  All processing finished for executor task 2518
2023-06-30 15:56:39.534 worker_log:584 24654 MainThread [INFO]  Received executor task 2530
2023-06-30 15:57:01.486 worker_log:602 24654 MainThread [INFO]  Completed executor task 2530
2023-06-30 15:57:01.487 worker_log:613 24654 MainThread [INFO]  All processing finished for executor task 2530
2023-06-30 15:58:07.848 worker_log:584 24654 MainThread [INFO]  Received executor task 2548
2023-06-30 15:58:44.458 worker_log:602 24654 MainThread [INFO]  Completed executor task 2548
2023-06-30 15:58:44.459 worker_log:613 24654 MainThread [INFO]  All processing finished for executor task 2548
2023-06-30 15:59:10.985 worker_log:584 24654 MainThread [INFO]  Received executor task 2568
2023-06-30 15:59:50.146 worker_log:602 24654 MainThread [INFO]  Completed executor task 2568
2023-06-30 15:59:50.147 worker_log:613 24654 MainThread [INFO]  All processing finished for executor task 2568
2023-06-30 16:00:00.862 worker_log:584 24654 MainThread [INFO]  Received executor task 2587
2023-06-30 16:00:48.505 worker_log:602 24654 MainThread [INFO]  Completed executor task 2587
2023-06-30 16:00:48.505 worker_log:613 24654 MainThread [INFO]  All processing finished for executor task 2587
2023-06-30 16:01:30.026 worker_log:584 24654 MainThread [INFO]  Received executor task 2603
2023-06-30 16:02:25.576 worker_log:602 24654 MainThread [INFO]  Completed executor task 2603
2023-06-30 16:02:25.576 worker_log:613 24654 MainThread [INFO]  All processing finished for executor task 2603
2023-06-30 16:02:26.972 worker_log:584 24654 MainThread [INFO]  Received executor task 2623
2023-06-30 16:03:35.953 worker_log:602 24654 MainThread [INFO]  Completed executor task 2623
2023-06-30 16:03:35.953 worker_log:613 24654 MainThread [INFO]  All processing finished for executor task 2623
2023-06-30 16:03:49.522 worker_log:584 24654 MainThread [INFO]  Received executor task 2639
2023-06-30 16:04:21.107 worker_log:602 24654 MainThread [INFO]  Completed executor task 2639
2023-06-30 16:04:21.108 worker_log:613 24654 MainThread [INFO]  All processing finished for executor task 2639
2023-06-30 16:05:37.227 worker_log:584 24654 MainThread [INFO]  Received executor task 2645
2023-06-30 16:05:59.312 worker_log:602 24654 MainThread [INFO]  Completed executor task 2645
2023-06-30 16:05:59.312 worker_log:613 24654 MainThread [INFO]  All processing finished for executor task 2645
2023-06-30 16:07:00.728 worker_log:584 24654 MainThread [INFO]  Received executor task 2658
2023-06-30 16:07:23.024 worker_log:602 24654 MainThread [INFO]  Completed executor task 2658
2023-06-30 16:07:23.024 worker_log:613 24654 MainThread [INFO]  All processing finished for executor task 2658
2023-06-30 16:08:04.893 worker_log:584 24654 MainThread [INFO]  Received executor task 2674
2023-06-30 16:08:48.936 worker_log:602 24654 MainThread [INFO]  Completed executor task 2674
2023-06-30 16:08:48.936 worker_log:613 24654 MainThread [INFO]  All processing finished for executor task 2674
2023-06-30 16:09:19.955 worker_log:584 24654 MainThread [INFO]  Received executor task 2700
2023-06-30 16:10:34.542 worker_log:602 24654 MainThread [INFO]  Completed executor task 2700
2023-06-30 16:10:34.543 worker_log:613 24654 MainThread [INFO]  All processing finished for executor task 2700
2023-06-30 16:10:36.131 worker_log:584 24654 MainThread [INFO]  Received executor task 2720
2023-06-30 16:11:08.154 worker_log:602 24654 MainThread [INFO]  Completed executor task 2720
2023-06-30 16:11:08.155 worker_log:613 24654 MainThread [INFO]  All processing finished for executor task 2720
2023-06-30 16:11:51.083 worker_log:584 24654 MainThread [INFO]  Received executor task 2726
2023-06-30 16:12:35.995 worker_log:602 24654 MainThread [INFO]  Completed executor task 2726
2023-06-30 16:12:35.995 worker_log:613 24654 MainThread [INFO]  All processing finished for executor task 2726
2023-06-30 16:13:25.092 worker_log:584 24654 MainThread [INFO]  Received executor task 2744
2023-06-30 16:13:50.790 worker_log:602 24654 MainThread [INFO]  Completed executor task 2744
2023-06-30 16:13:50.791 worker_log:613 24654 MainThread [INFO]  All processing finished for executor task 2744
2023-06-30 16:14:25.854 worker_log:584 24654 MainThread [INFO]  Received executor task 2758
2023-06-30 16:15:48.231 worker_log:602 24654 MainThread [INFO]  Completed executor task 2758
2023-06-30 16:15:48.232 worker_log:613 24654 MainThread [INFO]  All processing finished for executor task 2758
2023-06-30 16:15:49.413 worker_log:584 24654 MainThread [INFO]  Received executor task 2784
2023-06-30 16:16:29.943 worker_log:602 24654 MainThread [INFO]  Completed executor task 2784
2023-06-30 16:16:29.943 worker_log:613 24654 MainThread [INFO]  All processing finished for executor task 2784
2023-06-30 16:17:17.210 worker_log:584 24654 MainThread [INFO]  Received executor task 2794
2023-06-30 16:17:53.975 worker_log:602 24654 MainThread [INFO]  Completed executor task 2794
2023-06-30 16:17:53.975 worker_log:613 24654 MainThread [INFO]  All processing finished for executor task 2794
2023-06-30 16:18:15.191 worker_log:584 24654 MainThread [INFO]  Received executor task 2807
2023-06-30 16:18:53.605 worker_log:602 24654 MainThread [INFO]  Completed executor task 2807
2023-06-30 16:18:53.605 worker_log:613 24654 MainThread [INFO]  All processing finished for executor task 2807
2023-06-30 16:19:42.569 worker_log:584 24654 MainThread [INFO]  Received executor task 2826
2023-06-30 16:20:36.746 worker_log:602 24654 MainThread [INFO]  Completed executor task 2826
2023-06-30 16:20:36.747 worker_log:613 24654 MainThread [INFO]  All processing finished for executor task 2826
2023-06-30 16:20:50.079 worker_log:584 24654 MainThread [INFO]  Received executor task 2844
2023-06-30 16:21:59.423 worker_log:602 24654 MainThread [INFO]  Completed executor task 2844
2023-06-30 16:21:59.424 worker_log:613 24654 MainThread [INFO]  All processing finished for executor task 2844
2023-06-30 16:22:00.748 worker_log:584 24654 MainThread [INFO]  Received executor task 2864
2023-06-30 16:23:15.375 worker_log:602 24654 MainThread [INFO]  Completed executor task 2864
2023-06-30 16:23:15.375 worker_log:613 24654 MainThread [INFO]  All processing finished for executor task 2864
2023-06-30 16:23:17.065 worker_log:584 24654 MainThread [INFO]  Received executor task 2880
2023-06-30 16:23:57.531 worker_log:602 24654 MainThread [INFO]  Completed executor task 2880
2023-06-30 16:23:57.532 worker_log:613 24654 MainThread [INFO]  All processing finished for executor task 2880
2023-06-30 16:24:28.836 worker_log:584 24654 MainThread [INFO]  Received executor task 2891
2023-06-30 16:24:40.887 worker_log:602 24654 MainThread [INFO]  Completed executor task 2891
2023-06-30 16:24:40.888 worker_log:613 24654 MainThread [INFO]  All processing finished for executor task 2891
2023-06-30 16:25:58.047 worker_log:584 24654 MainThread [INFO]  Received executor task 2897
2023-06-30 16:26:44.539 worker_log:602 24654 MainThread [INFO]  Completed executor task 2897
2023-06-30 16:26:44.540 worker_log:613 24654 MainThread [INFO]  All processing finished for executor task 2897
2023-06-30 16:27:13.387 worker_log:584 24654 MainThread [INFO]  Received executor task 2924
2023-06-30 16:28:03.256 worker_log:602 24654 MainThread [INFO]  Completed executor task 2924
2023-06-30 16:28:03.257 worker_log:613 24654 MainThread [INFO]  All processing finished for executor task 2924
2023-06-30 16:28:24.423 worker_log:584 24654 MainThread [INFO]  Received executor task 2939
2023-06-30 16:29:24.457 worker_log:602 24654 MainThread [INFO]  Completed executor task 2939
2023-06-30 16:29:24.458 worker_log:613 24654 MainThread [INFO]  All processing finished for executor task 2939
2023-06-30 16:30:13.726 worker_log:584 24654 MainThread [INFO]  Received executor task 2957
2023-06-30 16:31:04.490 worker_log:602 24654 MainThread [INFO]  Completed executor task 2957
2023-06-30 16:31:04.490 worker_log:613 24654 MainThread [INFO]  All processing finished for executor task 2957
2023-06-30 16:31:20.490 worker_log:584 24654 MainThread [INFO]  Received executor task 2973
2023-06-30 16:32:30.952 worker_log:602 24654 MainThread [INFO]  Completed executor task 2973
2023-06-30 16:32:30.953 worker_log:613 24654 MainThread [INFO]  All processing finished for executor task 2973
2023-06-30 16:32:32.014 worker_log:584 24654 MainThread [INFO]  Received executor task 2992
2023-06-30 16:33:19.907 worker_log:602 24654 MainThread [INFO]  Completed executor task 2992
2023-06-30 16:33:19.908 worker_log:613 24654 MainThread [INFO]  All processing finished for executor task 2992
2023-06-30 16:33:58.309 worker_log:584 24654 MainThread [INFO]  Received executor task 3006
2023-06-30 16:34:30.022 worker_log:602 24654 MainThread [INFO]  Completed executor task 3006
2023-06-30 16:34:30.023 worker_log:613 24654 MainThread [INFO]  All processing finished for executor task 3006
2023-06-30 16:35:11.686 worker_log:584 24654 MainThread [INFO]  Received executor task 3013
2023-06-30 16:37:00.135 worker_log:602 24654 MainThread [INFO]  Completed executor task 3013
2023-06-30 16:37:00.136 worker_log:613 24654 MainThread [INFO]  All processing finished for executor task 3013
2023-06-30 16:37:01.592 worker_log:584 24654 MainThread [INFO]  Received executor task 3040
2023-06-30 16:37:25.818 worker_log:602 24654 MainThread [INFO]  Completed executor task 3040
2023-06-30 16:37:25.818 worker_log:613 24654 MainThread [INFO]  All processing finished for executor task 3040
2023-06-30 16:38:11.446 worker_log:584 24654 MainThread [INFO]  Received executor task 3045
2023-06-30 16:39:18.584 worker_log:602 24654 MainThread [INFO]  Completed executor task 3045
2023-06-30 16:39:18.585 worker_log:613 24654 MainThread [INFO]  All processing finished for executor task 3045
2023-06-30 16:39:32.145 worker_log:584 24654 MainThread [INFO]  Received executor task 3070
2023-06-30 16:39:44.576 worker_log:602 24654 MainThread [INFO]  Completed executor task 3070
2023-06-30 16:39:44.577 worker_log:613 24654 MainThread [INFO]  All processing finished for executor task 3070
2023-06-30 16:40:44.826 worker_log:584 24654 MainThread [INFO]  Received executor task 3073
2023-06-30 16:41:22.454 worker_log:602 24654 MainThread [INFO]  Completed executor task 3073
2023-06-30 16:41:22.454 worker_log:613 24654 MainThread [INFO]  All processing finished for executor task 3073
2023-06-30 16:41:44.188 worker_log:584 24654 MainThread [INFO]  Received executor task 3098
2023-06-30 16:42:12.795 worker_log:602 24654 MainThread [INFO]  Completed executor task 3098
2023-06-30 16:42:12.795 worker_log:613 24654 MainThread [INFO]  All processing finished for executor task 3098
2023-06-30 16:42:44.484 worker_log:584 24654 MainThread [INFO]  Received executor task 3108
2023-06-30 16:43:29.822 worker_log:602 24654 MainThread [INFO]  Completed executor task 3108
2023-06-30 16:43:29.823 worker_log:613 24654 MainThread [INFO]  All processing finished for executor task 3108
2023-06-30 16:43:44.204 worker_log:584 24654 MainThread [INFO]  Received executor task 3129
2023-06-30 16:44:18.158 worker_log:602 24654 MainThread [INFO]  Completed executor task 3129
2023-06-30 16:44:18.159 worker_log:613 24654 MainThread [INFO]  All processing finished for executor task 3129
2023-06-30 16:44:50.136 worker_log:584 24654 MainThread [INFO]  Received executor task 3144
2023-06-30 16:45:42.189 worker_log:602 24654 MainThread [INFO]  Completed executor task 3144
2023-06-30 16:45:42.190 worker_log:613 24654 MainThread [INFO]  All processing finished for executor task 3144
2023-06-30 16:46:12.197 worker_log:584 24654 MainThread [INFO]  Received executor task 3164
2023-06-30 16:46:43.210 worker_log:602 24654 MainThread [INFO]  Completed executor task 3164
2023-06-30 16:46:43.210 worker_log:613 24654 MainThread [INFO]  All processing finished for executor task 3164
2023-06-30 16:47:16.404 worker_log:584 24654 MainThread [INFO]  Received executor task 3172
2023-06-30 16:47:42.748 worker_log:602 24654 MainThread [INFO]  Completed executor task 3172
2023-06-30 16:47:42.749 worker_log:613 24654 MainThread [INFO]  All processing finished for executor task 3172
2023-06-30 16:49:34.687 worker_log:584 24654 MainThread [INFO]  Received executor task 3189
2023-06-30 16:50:39.288 worker_log:602 24654 MainThread [INFO]  Completed executor task 3189
2023-06-30 16:50:39.288 worker_log:613 24654 MainThread [INFO]  All processing finished for executor task 3189
2023-06-30 16:50:55.188 worker_log:584 24654 MainThread [INFO]  Received executor task 3215
2023-06-30 16:51:26.772 worker_log:602 24654 MainThread [INFO]  Completed executor task 3215
2023-06-30 16:51:26.772 worker_log:613 24654 MainThread [INFO]  All processing finished for executor task 3215
2023-06-30 16:52:06.829 worker_log:584 24654 MainThread [INFO]  Received executor task 3219
2023-06-30 16:52:52.821 worker_log:602 24654 MainThread [INFO]  Completed executor task 3219
2023-06-30 16:52:52.821 worker_log:613 24654 MainThread [INFO]  All processing finished for executor task 3219
2023-06-30 16:53:47.865 worker_log:584 24654 MainThread [INFO]  Received executor task 3243
2023-06-30 16:54:55.230 worker_log:602 24654 MainThread [INFO]  Completed executor task 3243
2023-06-30 16:54:55.230 worker_log:613 24654 MainThread [INFO]  All processing finished for executor task 3243
2023-06-30 16:54:56.686 worker_log:584 24654 MainThread [INFO]  Received executor task 3264
2023-06-30 16:55:31.731 worker_log:602 24654 MainThread [INFO]  Completed executor task 3264
2023-06-30 16:55:31.731 worker_log:613 24654 MainThread [INFO]  All processing finished for executor task 3264
2023-06-30 16:56:35.071 worker_log:584 24654 MainThread [INFO]  Received executor task 3270
2023-06-30 16:56:56.283 worker_log:602 24654 MainThread [INFO]  Completed executor task 3270
2023-06-30 16:56:56.284 worker_log:613 24654 MainThread [INFO]  All processing finished for executor task 3270
2023-06-30 16:57:49.087 worker_log:584 24654 MainThread [INFO]  Received executor task 3284
2023-06-30 16:58:23.928 worker_log:602 24654 MainThread [INFO]  Completed executor task 3284
2023-06-30 16:58:23.929 worker_log:613 24654 MainThread [INFO]  All processing finished for executor task 3284
2023-06-30 17:00:16.506 worker_log:584 24654 MainThread [INFO]  Received executor task 3301
2023-06-30 17:00:51.992 worker_log:602 24654 MainThread [INFO]  Completed executor task 3301
2023-06-30 17:00:51.993 worker_log:613 24654 MainThread [INFO]  All processing finished for executor task 3301
2023-06-30 17:01:33.598 worker_log:584 24654 MainThread [INFO]  Received executor task 3322
2023-06-30 17:01:44.548 worker_log:602 24654 MainThread [INFO]  Completed executor task 3322
2023-06-30 17:01:44.548 worker_log:613 24654 MainThread [INFO]  All processing finished for executor task 3322
2023-06-30 17:02:37.977 worker_log:584 24654 MainThread [INFO]  Received executor task 3330
2023-06-30 17:04:13.227 worker_log:602 24654 MainThread [INFO]  Completed executor task 3330
2023-06-30 17:04:13.227 worker_log:613 24654 MainThread [INFO]  All processing finished for executor task 3330
2023-06-30 17:04:14.418 worker_log:584 24654 MainThread [INFO]  Received executor task 3360
2023-06-30 17:05:00.110 worker_log:602 24654 MainThread [INFO]  Completed executor task 3360
2023-06-30 17:05:00.110 worker_log:613 24654 MainThread [INFO]  All processing finished for executor task 3360
2023-06-30 17:06:00.517 worker_log:584 24654 MainThread [INFO]  Received executor task 3371
2023-06-30 17:07:05.836 worker_log:602 24654 MainThread [INFO]  Completed executor task 3371
2023-06-30 17:07:05.837 worker_log:613 24654 MainThread [INFO]  All processing finished for executor task 3371
2023-06-30 17:07:07.637 worker_log:584 24654 MainThread [INFO]  Received executor task 3391
2023-06-30 17:07:38.810 worker_log:602 24654 MainThread [INFO]  Completed executor task 3391
2023-06-30 17:07:38.811 worker_log:613 24654 MainThread [INFO]  All processing finished for executor task 3391
2023-06-30 17:08:34.859 worker_log:584 24654 MainThread [INFO]  Received executor task 3396
2023-06-30 17:09:06.609 worker_log:602 24654 MainThread [INFO]  Completed executor task 3396
2023-06-30 17:09:06.610 worker_log:613 24654 MainThread [INFO]  All processing finished for executor task 3396
2023-06-30 17:10:14.676 worker_log:584 24654 MainThread [INFO]  Received executor task 3415
2023-06-30 17:10:46.021 worker_log:602 24654 MainThread [INFO]  Completed executor task 3415
2023-06-30 17:10:46.021 worker_log:613 24654 MainThread [INFO]  All processing finished for executor task 3415
2023-06-30 17:11:52.493 worker_log:584 24654 MainThread [INFO]  Received executor task 3430
2023-06-30 17:12:23.161 worker_log:602 24654 MainThread [INFO]  Completed executor task 3430
2023-06-30 17:12:23.161 worker_log:613 24654 MainThread [INFO]  All processing finished for executor task 3430
2023-06-30 17:13:01.355 worker_log:584 24654 MainThread [INFO]  Received executor task 3444
2023-06-30 17:13:03.939 worker_log:602 24654 MainThread [INFO]  Completed executor task 3444
2023-06-30 17:13:03.940 worker_log:613 24654 MainThread [INFO]  All processing finished for executor task 3444
2023-06-30 17:14:14.187 worker_log:584 24654 MainThread [INFO]  Received executor task 3457
2023-06-30 17:15:14.017 worker_log:602 24654 MainThread [INFO]  Completed executor task 3457
2023-06-30 17:15:14.017 worker_log:613 24654 MainThread [INFO]  All processing finished for executor task 3457
2023-06-30 17:15:48.712 worker_log:584 24654 MainThread [INFO]  Received executor task 3486
2023-06-30 17:16:45.227 worker_log:602 24654 MainThread [INFO]  Completed executor task 3486
2023-06-30 17:16:45.228 worker_log:613 24654 MainThread [INFO]  All processing finished for executor task 3486
2023-06-30 17:17:10.851 worker_log:584 24654 MainThread [INFO]  Received executor task 3500
2023-06-30 17:17:50.392 worker_log:602 24654 MainThread [INFO]  Completed executor task 3500
2023-06-30 17:17:50.392 worker_log:613 24654 MainThread [INFO]  All processing finished for executor task 3500
2023-06-30 17:18:34.362 worker_log:584 24654 MainThread [INFO]  Received executor task 3512
2023-06-30 17:19:27.623 worker_log:602 24654 MainThread [INFO]  Completed executor task 3512
2023-06-30 17:19:27.623 worker_log:613 24654 MainThread [INFO]  All processing finished for executor task 3512
2023-06-30 17:20:18.788 worker_log:584 24654 MainThread [INFO]  Received executor task 3533
2023-06-30 17:20:54.724 worker_log:602 24654 MainThread [INFO]  Completed executor task 3533
2023-06-30 17:20:54.725 worker_log:613 24654 MainThread [INFO]  All processing finished for executor task 3533
2023-06-30 17:21:16.172 worker_log:584 24654 MainThread [INFO]  Received executor task 3542
2023-06-30 17:21:53.510 worker_log:602 24654 MainThread [INFO]  Completed executor task 3542
2023-06-30 17:21:53.511 worker_log:613 24654 MainThread [INFO]  All processing finished for executor task 3542
2023-06-30 17:22:31.488 worker_log:584 24654 MainThread [INFO]  Received executor task 3561
2023-06-30 17:22:56.160 worker_log:602 24654 MainThread [INFO]  Completed executor task 3561
2023-06-30 17:22:56.161 worker_log:613 24654 MainThread [INFO]  All processing finished for executor task 3561
2023-06-30 17:24:05.816 worker_log:584 24654 MainThread [INFO]  Received executor task 3570
2023-06-30 17:24:35.727 worker_log:602 24654 MainThread [INFO]  Completed executor task 3570
2023-06-30 17:24:35.728 worker_log:613 24654 MainThread [INFO]  All processing finished for executor task 3570
2023-06-30 17:25:21.720 worker_log:584 24654 MainThread [INFO]  Received executor task 3589
2023-06-30 17:26:40.657 worker_log:602 24654 MainThread [INFO]  Completed executor task 3589
2023-06-30 17:26:40.658 worker_log:613 24654 MainThread [INFO]  All processing finished for executor task 3589
2023-06-30 17:26:42.402 worker_log:584 24654 MainThread [INFO]  Received executor task 3616
2023-06-30 17:27:17.827 worker_log:602 24654 MainThread [INFO]  Completed executor task 3616
2023-06-30 17:27:17.828 worker_log:613 24654 MainThread [INFO]  All processing finished for executor task 3616
2023-06-30 17:28:06.935 worker_log:584 24654 MainThread [INFO]  Received executor task 3622
2023-06-30 17:28:52.771 worker_log:602 24654 MainThread [INFO]  Completed executor task 3622
2023-06-30 17:28:52.772 worker_log:613 24654 MainThread [INFO]  All processing finished for executor task 3622
2023-06-30 17:29:21.981 worker_log:584 24654 MainThread [INFO]  Received executor task 3644
2023-06-30 17:29:56.764 worker_log:602 24654 MainThread [INFO]  Completed executor task 3644
2023-06-30 17:29:56.764 worker_log:613 24654 MainThread [INFO]  All processing finished for executor task 3644
2023-06-30 17:31:08.422 worker_log:584 24654 MainThread [INFO]  Received executor task 3653
2023-06-30 17:31:48.104 worker_log:602 24654 MainThread [INFO]  Completed executor task 3653
2023-06-30 17:31:48.105 worker_log:613 24654 MainThread [INFO]  All processing finished for executor task 3653
2023-06-30 17:32:25.223 worker_log:584 24654 MainThread [INFO]  Received executor task 3672
2023-06-30 17:33:11.456 worker_log:602 24654 MainThread [INFO]  Completed executor task 3672
2023-06-30 17:33:11.457 worker_log:613 24654 MainThread [INFO]  All processing finished for executor task 3672
2023-06-30 17:33:47.833 worker_log:584 24654 MainThread [INFO]  Received executor task 3690
2023-06-30 17:34:35.315 worker_log:602 24654 MainThread [INFO]  Completed executor task 3690
2023-06-30 17:34:35.315 worker_log:613 24654 MainThread [INFO]  All processing finished for executor task 3690
2023-06-30 17:34:57.218 worker_log:584 24654 MainThread [INFO]  Received executor task 3706
2023-06-30 17:35:34.660 worker_log:602 24654 MainThread [INFO]  Completed executor task 3706
2023-06-30 17:35:34.660 worker_log:613 24654 MainThread [INFO]  All processing finished for executor task 3706
2023-06-30 17:36:12.993 worker_log:584 24654 MainThread [INFO]  Received executor task 3720
2023-06-30 17:37:21.512 worker_log:602 24654 MainThread [INFO]  Completed executor task 3720
2023-06-30 17:37:21.512 worker_log:613 24654 MainThread [INFO]  All processing finished for executor task 3720
2023-06-30 17:37:28.798 worker_log:584 24654 MainThread [INFO]  Received executor task 3743
2023-06-30 17:37:45.516 worker_log:602 24654 MainThread [INFO]  Completed executor task 3743
2023-06-30 17:37:45.517 worker_log:613 24654 MainThread [INFO]  All processing finished for executor task 3743
2023-06-30 17:38:30.786 worker_log:584 24654 MainThread [INFO]  Received executor task 3746
2023-06-30 17:39:14.056 worker_log:602 24654 MainThread [INFO]  Completed executor task 3746
2023-06-30 17:39:14.056 worker_log:613 24654 MainThread [INFO]  All processing finished for executor task 3746
2023-06-30 17:39:49.812 worker_log:584 24654 MainThread [INFO]  Received executor task 3767
2023-06-30 17:40:34.092 worker_log:602 24654 MainThread [INFO]  Completed executor task 3767
2023-06-30 17:40:34.092 worker_log:613 24654 MainThread [INFO]  All processing finished for executor task 3767
2023-06-30 17:41:40.500 worker_log:584 24654 MainThread [INFO]  Received executor task 3784
2023-06-30 17:42:16.917 worker_log:602 24654 MainThread [INFO]  Completed executor task 3784
2023-06-30 17:42:16.918 worker_log:613 24654 MainThread [INFO]  All processing finished for executor task 3784
2023-06-30 17:43:00.968 worker_log:584 24654 MainThread [INFO]  Received executor task 3797
2023-06-30 17:43:22.800 worker_log:602 24654 MainThread [INFO]  Completed executor task 3797
2023-06-30 17:43:22.800 worker_log:613 24654 MainThread [INFO]  All processing finished for executor task 3797
2023-06-30 17:44:51.663 worker_log:584 24654 MainThread [INFO]  Received executor task 3811
2023-06-30 17:45:34.088 worker_log:602 24654 MainThread [INFO]  Completed executor task 3811
2023-06-30 17:45:34.088 worker_log:613 24654 MainThread [INFO]  All processing finished for executor task 3811
2023-06-30 17:45:58.568 worker_log:584 24654 MainThread [INFO]  Received executor task 3831
2023-06-30 17:46:51.989 worker_log:602 24654 MainThread [INFO]  Completed executor task 3831
2023-06-30 17:46:51.990 worker_log:613 24654 MainThread [INFO]  All processing finished for executor task 3831
2023-06-30 17:47:22.820 worker_log:584 24654 MainThread [INFO]  Received executor task 3852
2023-06-30 17:47:55.454 worker_log:602 24654 MainThread [INFO]  Completed executor task 3852
2023-06-30 17:47:55.454 worker_log:613 24654 MainThread [INFO]  All processing finished for executor task 3852
2023-06-30 17:48:41.567 worker_log:584 24654 MainThread [INFO]  Received executor task 3865
2023-06-30 17:49:30.243 worker_log:602 24654 MainThread [INFO]  Completed executor task 3865
2023-06-30 17:49:30.243 worker_log:613 24654 MainThread [INFO]  All processing finished for executor task 3865
2023-06-30 17:50:02.346 worker_log:584 24654 MainThread [INFO]  Received executor task 3881
2023-06-30 17:51:00.467 worker_log:602 24654 MainThread [INFO]  Completed executor task 3881
2023-06-30 17:51:00.467 worker_log:613 24654 MainThread [INFO]  All processing finished for executor task 3881
2023-06-30 17:51:01.860 worker_log:584 24654 MainThread [INFO]  Received executor task 3904
2023-06-30 17:52:39.577 worker_log:602 24654 MainThread [INFO]  Completed executor task 3904
2023-06-30 17:52:39.578 worker_log:613 24654 MainThread [INFO]  All processing finished for executor task 3904
2023-06-30 17:52:40.719 worker_log:584 24654 MainThread [INFO]  Received executor task 3920
2023-06-30 17:53:22.257 worker_log:602 24654 MainThread [INFO]  Completed executor task 3920
2023-06-30 17:53:22.257 worker_log:613 24654 MainThread [INFO]  All processing finished for executor task 3920
2023-06-30 17:53:37.352 worker_log:584 24654 MainThread [INFO]  Received executor task 3933
2023-06-30 17:54:37.812 worker_log:602 24654 MainThread [INFO]  Completed executor task 3933
2023-06-30 17:54:37.812 worker_log:613 24654 MainThread [INFO]  All processing finished for executor task 3933
2023-06-30 17:54:49.554 worker_log:584 24654 MainThread [INFO]  Received executor task 3950
2023-06-30 17:55:20.336 worker_log:602 24654 MainThread [INFO]  Completed executor task 3950
2023-06-30 17:55:20.336 worker_log:613 24654 MainThread [INFO]  All processing finished for executor task 3950
2023-06-30 17:56:02.632 worker_log:584 24654 MainThread [INFO]  Received executor task 3956
2023-06-30 17:56:17.422 worker_log:602 24654 MainThread [INFO]  Completed executor task 3956
2023-06-30 17:56:17.423 worker_log:613 24654 MainThread [INFO]  All processing finished for executor task 3956
2023-06-30 17:57:37.298 worker_log:584 24654 MainThread [INFO]  Received executor task 3969
2023-06-30 17:58:13.620 worker_log:602 24654 MainThread [INFO]  Completed executor task 3969
2023-06-30 17:58:13.621 worker_log:613 24654 MainThread [INFO]  All processing finished for executor task 3969
2023-06-30 17:58:47.673 worker_log:584 24654 MainThread [INFO]  Received executor task 3992
2023-06-30 17:59:36.792 worker_log:602 24654 MainThread [INFO]  Completed executor task 3992
2023-06-30 17:59:36.792 worker_log:613 24654 MainThread [INFO]  All processing finished for executor task 3992
2023-06-30 17:59:52.976 worker_log:584 24654 MainThread [INFO]  Received executor task 4013
2023-06-30 18:00:21.086 worker_log:602 24654 MainThread [INFO]  Completed executor task 4013
2023-06-30 18:00:21.087 worker_log:613 24654 MainThread [INFO]  All processing finished for executor task 4013
2023-06-30 18:01:23.286 worker_log:584 24654 MainThread [INFO]  Received executor task 4021
2023-06-30 18:01:48.873 worker_log:602 24654 MainThread [INFO]  Completed executor task 4021
2023-06-30 18:01:48.873 worker_log:613 24654 MainThread [INFO]  All processing finished for executor task 4021
2023-06-30 18:02:42.161 worker_log:584 24654 MainThread [INFO]  Received executor task 4035
2023-06-30 18:03:11.905 worker_log:602 24654 MainThread [INFO]  Completed executor task 4035
2023-06-30 18:03:11.905 worker_log:613 24654 MainThread [INFO]  All processing finished for executor task 4035
2023-06-30 18:03:51.608 worker_log:584 24654 MainThread [INFO]  Received executor task 4052
2023-06-30 18:04:22.075 worker_log:602 24654 MainThread [INFO]  Completed executor task 4052
2023-06-30 18:04:22.075 worker_log:613 24654 MainThread [INFO]  All processing finished for executor task 4052
2023-06-30 18:05:02.301 worker_log:584 24654 MainThread [INFO]  Received executor task 4072
2023-06-30 18:05:49.531 worker_log:602 24654 MainThread [INFO]  Completed executor task 4072
2023-06-30 18:05:49.532 worker_log:613 24654 MainThread [INFO]  All processing finished for executor task 4072
2023-06-30 18:06:06.173 worker_log:584 24654 MainThread [INFO]  Received executor task 4091
2023-06-30 18:06:27.908 worker_log:602 24654 MainThread [INFO]  Completed executor task 4091
2023-06-30 18:06:27.908 worker_log:613 24654 MainThread [INFO]  All processing finished for executor task 4091
2023-06-30 18:07:23.855 worker_log:584 24654 MainThread [INFO]  Received executor task 4099
2023-06-30 18:08:16.604 worker_log:602 24654 MainThread [INFO]  Completed executor task 4099
2023-06-30 18:08:16.604 worker_log:613 24654 MainThread [INFO]  All processing finished for executor task 4099
2023-06-30 18:08:19.523 worker_log:584 24654 MainThread [INFO]  Received executor task 4127
2023-06-30 18:09:01.511 worker_log:602 24654 MainThread [INFO]  Completed executor task 4127
2023-06-30 18:09:01.511 worker_log:613 24654 MainThread [INFO]  All processing finished for executor task 4127
2023-06-30 18:09:44.356 worker_log:584 24654 MainThread [INFO]  Received executor task 4137
2023-06-30 18:10:15.363 worker_log:602 24654 MainThread [INFO]  Completed executor task 4137
2023-06-30 18:10:15.363 worker_log:613 24654 MainThread [INFO]  All processing finished for executor task 4137
2023-06-30 18:10:59.107 worker_log:584 24654 MainThread [INFO]  Received executor task 4150
2023-06-30 18:11:37.953 worker_log:602 24654 MainThread [INFO]  Completed executor task 4150
2023-06-30 18:11:37.953 worker_log:613 24654 MainThread [INFO]  All processing finished for executor task 4150
2023-06-30 18:12:15.294 worker_log:584 24654 MainThread [INFO]  Received executor task 4165
2023-06-30 18:12:39.089 worker_log:602 24654 MainThread [INFO]  Completed executor task 4165
2023-06-30 18:12:39.090 worker_log:613 24654 MainThread [INFO]  All processing finished for executor task 4165
2023-06-30 18:13:55.660 worker_log:584 24654 MainThread [INFO]  Received executor task 4178
2023-06-30 18:14:49.746 worker_log:602 24654 MainThread [INFO]  Completed executor task 4178
2023-06-30 18:14:49.746 worker_log:613 24654 MainThread [INFO]  All processing finished for executor task 4178
2023-06-30 18:15:03.549 worker_log:584 24654 MainThread [INFO]  Received executor task 4206
2023-06-30 18:15:48.641 worker_log:602 24654 MainThread [INFO]  Completed executor task 4206
2023-06-30 18:15:48.641 worker_log:613 24654 MainThread [INFO]  All processing finished for executor task 4206
2023-06-30 18:16:34.758 worker_log:584 24654 MainThread [INFO]  Received executor task 4222
2023-06-30 18:17:27.287 worker_log:602 24654 MainThread [INFO]  Completed executor task 4222
2023-06-30 18:17:27.287 worker_log:613 24654 MainThread [INFO]  All processing finished for executor task 4222
2023-06-30 18:17:46.676 worker_log:584 24654 MainThread [INFO]  Received executor task 4239
2023-06-30 18:18:20.039 worker_log:602 24654 MainThread [INFO]  Completed executor task 4239
2023-06-30 18:18:20.040 worker_log:613 24654 MainThread [INFO]  All processing finished for executor task 4239
2023-06-30 18:19:03.696 worker_log:584 24654 MainThread [INFO]  Received executor task 4245
2023-06-30 18:19:29.878 worker_log:602 24654 MainThread [INFO]  Completed executor task 4245
2023-06-30 18:19:29.878 worker_log:613 24654 MainThread [INFO]  All processing finished for executor task 4245
2023-06-30 18:19:56.976 worker_log:584 24654 MainThread [INFO]  Received executor task 4261
2023-06-30 18:20:46.299 worker_log:602 24654 MainThread [INFO]  Completed executor task 4261
2023-06-30 18:20:46.299 worker_log:613 24654 MainThread [INFO]  All processing finished for executor task 4261
2023-06-30 18:21:27.329 worker_log:584 24654 MainThread [INFO]  Received executor task 4283
2023-06-30 18:22:23.822 worker_log:602 24654 MainThread [INFO]  Completed executor task 4283
2023-06-30 18:22:23.823 worker_log:613 24654 MainThread [INFO]  All processing finished for executor task 4283
2023-06-30 18:22:30.274 worker_log:584 24654 MainThread [INFO]  Received executor task 4301
2023-06-30 18:23:13.839 worker_log:602 24654 MainThread [INFO]  Completed executor task 4301
2023-06-30 18:23:13.839 worker_log:613 24654 MainThread [INFO]  All processing finished for executor task 4301
2023-06-30 18:24:15.981 worker_log:584 24654 MainThread [INFO]  Received executor task 4313
2023-06-30 18:24:59.881 worker_log:602 24654 MainThread [INFO]  Completed executor task 4313
2023-06-30 18:24:59.882 worker_log:613 24654 MainThread [INFO]  All processing finished for executor task 4313
2023-06-30 18:25:46.252 worker_log:584 24654 MainThread [INFO]  Received executor task 4329
2023-06-30 18:26:48.824 worker_log:602 24654 MainThread [INFO]  Completed executor task 4329
2023-06-30 18:26:48.824 worker_log:613 24654 MainThread [INFO]  All processing finished for executor task 4329
2023-06-30 18:27:24.807 worker_log:584 24654 MainThread [INFO]  Received executor task 4350
2023-06-30 18:27:50.855 worker_log:602 24654 MainThread [INFO]  Completed executor task 4350
2023-06-30 18:27:50.855 worker_log:613 24654 MainThread [INFO]  All processing finished for executor task 4350
2023-06-30 18:28:18.075 worker_log:584 24654 MainThread [INFO]  Received executor task 4356
2023-06-30 18:28:48.019 worker_log:602 24654 MainThread [INFO]  Completed executor task 4356
2023-06-30 18:28:48.019 worker_log:613 24654 MainThread [INFO]  All processing finished for executor task 4356
2023-06-30 18:29:27.215 worker_log:584 24654 MainThread [INFO]  Received executor task 4372
2023-06-30 18:30:27.501 worker_log:602 24654 MainThread [INFO]  Completed executor task 4372
2023-06-30 18:30:27.501 worker_log:613 24654 MainThread [INFO]  All processing finished for executor task 4372
2023-06-30 18:30:36.987 worker_log:584 24654 MainThread [INFO]  Received executor task 4398
2023-06-30 18:30:53.737 worker_log:602 24654 MainThread [INFO]  Completed executor task 4398
2023-06-30 18:30:53.737 worker_log:613 24654 MainThread [INFO]  All processing finished for executor task 4398
2023-06-30 18:32:04.078 worker_log:584 24654 MainThread [INFO]  Received executor task 4402
2023-06-30 18:32:36.295 worker_log:602 24654 MainThread [INFO]  Completed executor task 4402
2023-06-30 18:32:36.296 worker_log:613 24654 MainThread [INFO]  All processing finished for executor task 4402
2023-06-30 18:33:27.018 worker_log:584 24654 MainThread [INFO]  Received executor task 4419
2023-06-30 18:34:09.267 worker_log:602 24654 MainThread [INFO]  Completed executor task 4419
2023-06-30 18:34:09.268 worker_log:613 24654 MainThread [INFO]  All processing finished for executor task 4419
2023-06-30 18:34:58.464 worker_log:584 24654 MainThread [INFO]  Received executor task 4440
2023-06-30 18:35:35.410 worker_log:602 24654 MainThread [INFO]  Completed executor task 4440
2023-06-30 18:35:35.410 worker_log:613 24654 MainThread [INFO]  All processing finished for executor task 4440
2023-06-30 18:36:15.905 worker_log:584 24654 MainThread [INFO]  Received executor task 4454
2023-06-30 18:37:08.713 worker_log:602 24654 MainThread [INFO]  Completed executor task 4454
2023-06-30 18:37:08.714 worker_log:613 24654 MainThread [INFO]  All processing finished for executor task 4454
2023-06-30 18:37:25.623 worker_log:584 24654 MainThread [INFO]  Received executor task 4474
2023-06-30 18:38:07.514 worker_log:602 24654 MainThread [INFO]  Completed executor task 4474
2023-06-30 18:38:07.515 worker_log:613 24654 MainThread [INFO]  All processing finished for executor task 4474
2023-06-30 18:38:20.153 worker_log:584 24654 MainThread [INFO]  Received executor task 4493
2023-06-30 18:38:46.142 worker_log:602 24654 MainThread [INFO]  Completed executor task 4493
2023-06-30 18:38:46.143 worker_log:613 24654 MainThread [INFO]  All processing finished for executor task 4493
2023-06-30 18:39:40.174 worker_log:584 24654 MainThread [INFO]  Received executor task 4498
2023-06-30 18:40:28.457 worker_log:602 24654 MainThread [INFO]  Completed executor task 4498
2023-06-30 18:40:28.458 worker_log:613 24654 MainThread [INFO]  All processing finished for executor task 4498
2023-06-30 18:41:46.086 worker_log:584 24654 MainThread [INFO]  Received executor task 4525
2023-06-30 18:42:13.636 worker_log:602 24654 MainThread [INFO]  Completed executor task 4525
2023-06-30 18:42:13.637 worker_log:613 24654 MainThread [INFO]  All processing finished for executor task 4525
2023-06-30 18:42:43.584 worker_log:584 24654 MainThread [INFO]  Received executor task 4535
2023-06-30 18:43:18.734 worker_log:602 24654 MainThread [INFO]  Completed executor task 4535
2023-06-30 18:43:18.734 worker_log:613 24654 MainThread [INFO]  All processing finished for executor task 4535
2023-06-30 18:43:54.785 worker_log:584 24654 MainThread [INFO]  Received executor task 4550
2023-06-30 18:44:19.120 worker_log:602 24654 MainThread [INFO]  Completed executor task 4550
2023-06-30 18:44:19.121 worker_log:613 24654 MainThread [INFO]  All processing finished for executor task 4550
2023-06-30 18:45:27.998 worker_log:584 24654 MainThread [INFO]  Received executor task 4562
2023-06-30 18:45:50.882 worker_log:602 24654 MainThread [INFO]  Completed executor task 4562
2023-06-30 18:45:50.883 worker_log:613 24654 MainThread [INFO]  All processing finished for executor task 4562
2023-06-30 18:46:45.770 worker_log:584 24654 MainThread [INFO]  Received executor task 4577
2023-06-30 18:47:00.993 worker_log:602 24654 MainThread [INFO]  Completed executor task 4577
2023-06-30 18:47:00.994 worker_log:613 24654 MainThread [INFO]  All processing finished for executor task 4577
2023-06-30 18:47:52.084 worker_log:584 24654 MainThread [INFO]  Received executor task 4595
2023-06-30 18:48:33.453 worker_log:602 24654 MainThread [INFO]  Completed executor task 4595
2023-06-30 18:48:33.453 worker_log:613 24654 MainThread [INFO]  All processing finished for executor task 4595
2023-06-30 18:48:56.569 worker_log:584 24654 MainThread [INFO]  Received executor task 4620
2023-06-30 18:49:34.074 worker_log:602 24654 MainThread [INFO]  Completed executor task 4620
2023-06-30 18:49:34.074 worker_log:613 24654 MainThread [INFO]  All processing finished for executor task 4620
2023-06-30 18:49:58.444 worker_log:584 24654 MainThread [INFO]  Received executor task 4629
2023-06-30 18:50:31.913 worker_log:602 24654 MainThread [INFO]  Completed executor task 4629
2023-06-30 18:50:31.914 worker_log:613 24654 MainThread [INFO]  All processing finished for executor task 4629
2023-06-30 18:51:09.492 worker_log:584 24654 MainThread [INFO]  Received executor task 4646
2023-06-30 18:51:39.260 worker_log:602 24654 MainThread [INFO]  Completed executor task 4646
2023-06-30 18:51:39.261 worker_log:613 24654 MainThread [INFO]  All processing finished for executor task 4646
2023-06-30 18:52:27.716 worker_log:584 24654 MainThread [INFO]  Received executor task 4663
2023-06-30 18:53:49.546 worker_log:602 24654 MainThread [INFO]  Completed executor task 4663
2023-06-30 18:53:49.546 worker_log:613 24654 MainThread [INFO]  All processing finished for executor task 4663
2023-06-30 18:54:02.758 worker_log:584 24654 MainThread [INFO]  Received executor task 4687
2023-06-30 18:54:51.570 worker_log:602 24654 MainThread [INFO]  Completed executor task 4687
2023-06-30 18:54:51.570 worker_log:613 24654 MainThread [INFO]  All processing finished for executor task 4687
2023-06-30 18:55:22.452 worker_log:584 24654 MainThread [INFO]  Received executor task 4697
2023-06-30 18:56:04.806 worker_log:602 24654 MainThread [INFO]  Completed executor task 4697
2023-06-30 18:56:04.807 worker_log:613 24654 MainThread [INFO]  All processing finished for executor task 4697
2023-06-30 18:56:43.815 worker_log:584 24654 MainThread [INFO]  Received executor task 4710
2023-06-30 18:57:34.391 worker_log:602 24654 MainThread [INFO]  Completed executor task 4710
2023-06-30 18:57:34.392 worker_log:613 24654 MainThread [INFO]  All processing finished for executor task 4710
2023-06-30 18:58:30.954 worker_log:584 24654 MainThread [INFO]  Received executor task 4732
2023-06-30 18:58:57.154 worker_log:602 24654 MainThread [INFO]  Completed executor task 4732
2023-06-30 18:58:57.154 worker_log:613 24654 MainThread [INFO]  All processing finished for executor task 4732
2023-06-30 18:59:49.440 worker_log:584 24654 MainThread [INFO]  Received executor task 4743
2023-06-30 19:00:19.699 worker_log:602 24654 MainThread [INFO]  Completed executor task 4743
2023-06-30 19:00:19.699 worker_log:613 24654 MainThread [INFO]  All processing finished for executor task 4743
2023-06-30 19:01:11.247 worker_log:584 24654 MainThread [INFO]  Received executor task 4757
2023-06-30 19:01:40.819 worker_log:602 24654 MainThread [INFO]  Completed executor task 4757
2023-06-30 19:01:40.820 worker_log:613 24654 MainThread [INFO]  All processing finished for executor task 4757
2023-06-30 19:02:18.437 worker_log:584 24654 MainThread [INFO]  Received executor task 4772
2023-06-30 19:02:44.144 worker_log:602 24654 MainThread [INFO]  Completed executor task 4772
2023-06-30 19:02:44.145 worker_log:613 24654 MainThread [INFO]  All processing finished for executor task 4772
2023-06-30 19:03:36.271 worker_log:584 24654 MainThread [INFO]  Received executor task 4788
2023-06-30 19:04:07.834 worker_log:602 24654 MainThread [INFO]  Completed executor task 4788
2023-06-30 19:04:07.835 worker_log:613 24654 MainThread [INFO]  All processing finished for executor task 4788
2023-06-30 19:04:48.665 worker_log:584 24654 MainThread [INFO]  Received executor task 4802
2023-06-30 19:05:45.222 worker_log:602 24654 MainThread [INFO]  Completed executor task 4802
2023-06-30 19:05:45.223 worker_log:613 24654 MainThread [INFO]  All processing finished for executor task 4802
2023-06-30 19:06:08.357 worker_log:584 24654 MainThread [INFO]  Received executor task 4829
2023-06-30 19:06:35.722 worker_log:602 24654 MainThread [INFO]  Completed executor task 4829
2023-06-30 19:06:35.723 worker_log:613 24654 MainThread [INFO]  All processing finished for executor task 4829
2023-06-30 19:07:10.789 worker_log:584 24654 MainThread [INFO]  Received executor task 4836
2023-06-30 19:07:26.535 worker_log:602 24654 MainThread [INFO]  Completed executor task 4836
2023-06-30 19:07:26.535 worker_log:613 24654 MainThread [INFO]  All processing finished for executor task 4836
2023-06-30 19:08:15.785 worker_log:584 24654 MainThread [INFO]  Received executor task 4849
2023-06-30 19:08:51.368 worker_log:602 24654 MainThread [INFO]  Completed executor task 4849
2023-06-30 19:08:51.368 worker_log:613 24654 MainThread [INFO]  All processing finished for executor task 4849
2023-06-30 19:09:34.130 worker_log:584 24654 MainThread [INFO]  Received executor task 4871
2023-06-30 19:10:32.719 worker_log:602 24654 MainThread [INFO]  Completed executor task 4871
2023-06-30 19:10:32.719 worker_log:613 24654 MainThread [INFO]  All processing finished for executor task 4871
2023-06-30 19:11:03.060 worker_log:584 24654 MainThread [INFO]  Received executor task 4892
2023-06-30 19:11:43.555 worker_log:602 24654 MainThread [INFO]  Completed executor task 4892
2023-06-30 19:11:43.555 worker_log:613 24654 MainThread [INFO]  All processing finished for executor task 4892
2023-06-30 19:13:06.235 worker_log:584 24654 MainThread [INFO]  Received executor task 4904
2023-06-30 19:13:28.452 worker_log:602 24654 MainThread [INFO]  Completed executor task 4904
2023-06-30 19:13:28.453 worker_log:613 24654 MainThread [INFO]  All processing finished for executor task 4904
2023-06-30 19:14:19.637 worker_log:584 24654 MainThread [INFO]  Received executor task 4914
2023-06-30 19:15:28.770 worker_log:602 24654 MainThread [INFO]  Completed executor task 4914
2023-06-30 19:15:28.770 worker_log:613 24654 MainThread [INFO]  All processing finished for executor task 4914
2023-06-30 19:15:29.864 worker_log:584 24654 MainThread [INFO]  Received executor task 4944
2023-06-30 19:15:54.658 worker_log:602 24654 MainThread [INFO]  Completed executor task 4944
2023-06-30 19:15:54.658 worker_log:613 24654 MainThread [INFO]  All processing finished for executor task 4944
2023-06-30 19:18:39.539 worker_log:584 24654 MainThread [INFO]  Received executor task 4948
2023-06-30 19:19:36.928 worker_log:602 24654 MainThread [INFO]  Completed executor task 4948
2023-06-30 19:19:36.928 worker_log:613 24654 MainThread [INFO]  All processing finished for executor task 4948
2023-06-30 19:19:43.313 worker_log:584 24654 MainThread [INFO]  Received executor task 4975
2023-06-30 19:20:34.797 worker_log:602 24654 MainThread [INFO]  Completed executor task 4975
2023-06-30 19:20:34.797 worker_log:613 24654 MainThread [INFO]  All processing finished for executor task 4975
2023-06-30 19:20:57.737 worker_log:584 24654 MainThread [INFO]  Received executor task 4987
2023-06-30 19:21:40.221 worker_log:602 24654 MainThread [INFO]  Completed executor task 4987
2023-06-30 19:21:40.221 worker_log:613 24654 MainThread [INFO]  All processing finished for executor task 4987
2023-06-30 19:22:02.920 worker_log:584 24654 MainThread [INFO]  Received executor task 5002
2023-06-30 19:22:39.439 worker_log:602 24654 MainThread [INFO]  Completed executor task 5002
2023-06-30 19:22:39.440 worker_log:613 24654 MainThread [INFO]  All processing finished for executor task 5002
2023-06-30 19:23:03.836 worker_log:584 24654 MainThread [INFO]  Received executor task 5016
2023-06-30 19:23:48.827 worker_log:602 24654 MainThread [INFO]  Completed executor task 5016
2023-06-30 19:23:48.827 worker_log:613 24654 MainThread [INFO]  All processing finished for executor task 5016
2023-06-30 19:24:48.615 worker_log:584 24654 MainThread [INFO]  Received executor task 5032
2023-06-30 19:25:22.616 worker_log:602 24654 MainThread [INFO]  Completed executor task 5032
2023-06-30 19:25:22.617 worker_log:613 24654 MainThread [INFO]  All processing finished for executor task 5032
2023-06-30 19:25:38.611 worker_log:584 24654 MainThread [INFO]  Received executor task 5049
2023-06-30 19:26:20.370 worker_log:602 24654 MainThread [INFO]  Completed executor task 5049
2023-06-30 19:26:20.370 worker_log:613 24654 MainThread [INFO]  All processing finished for executor task 5049
2023-06-30 19:27:01.781 worker_log:584 24654 MainThread [INFO]  Received executor task 5065
2023-06-30 19:27:37.199 worker_log:602 24654 MainThread [INFO]  Completed executor task 5065
2023-06-30 19:27:37.199 worker_log:613 24654 MainThread [INFO]  All processing finished for executor task 5065
2023-06-30 19:27:59.649 worker_log:584 24654 MainThread [INFO]  Received executor task 5081
2023-06-30 19:28:22.211 worker_log:602 24654 MainThread [INFO]  Completed executor task 5081
2023-06-30 19:28:22.211 worker_log:613 24654 MainThread [INFO]  All processing finished for executor task 5081
2023-06-30 19:29:25.412 worker_log:584 24654 MainThread [INFO]  Received executor task 5092
2023-06-30 19:29:53.982 worker_log:602 24654 MainThread [INFO]  Completed executor task 5092
2023-06-30 19:29:53.983 worker_log:613 24654 MainThread [INFO]  All processing finished for executor task 5092
2023-06-30 19:31:05.796 worker_log:584 24654 MainThread [INFO]  Received executor task 5112
2023-06-30 19:31:40.094 worker_log:602 24654 MainThread [INFO]  Completed executor task 5112
2023-06-30 19:31:40.095 worker_log:613 24654 MainThread [INFO]  All processing finished for executor task 5112
2023-06-30 19:32:58.364 worker_log:584 24654 MainThread [INFO]  Received executor task 5129
2023-06-30 19:33:38.601 worker_log:602 24654 MainThread [INFO]  Completed executor task 5129
2023-06-30 19:33:38.601 worker_log:613 24654 MainThread [INFO]  All processing finished for executor task 5129
2023-06-30 19:34:17.996 worker_log:584 24654 MainThread [INFO]  Received executor task 5145
2023-06-30 19:34:45.143 worker_log:602 24654 MainThread [INFO]  Completed executor task 5145
2023-06-30 19:34:45.143 worker_log:613 24654 MainThread [INFO]  All processing finished for executor task 5145
2023-06-30 19:35:42.546 worker_log:584 24654 MainThread [INFO]  Received executor task 5156
2023-06-30 19:36:24.979 worker_log:602 24654 MainThread [INFO]  Completed executor task 5156
2023-06-30 19:36:24.979 worker_log:613 24654 MainThread [INFO]  All processing finished for executor task 5156
2023-06-30 19:37:15.368 worker_log:584 24654 MainThread [INFO]  Received executor task 5175
2023-06-30 19:38:11.036 worker_log:602 24654 MainThread [INFO]  Completed executor task 5175
2023-06-30 19:38:11.036 worker_log:613 24654 MainThread [INFO]  All processing finished for executor task 5175
2023-06-30 19:38:46.961 worker_log:584 24654 MainThread [INFO]  Received executor task 5198
2023-06-30 19:39:15.525 worker_log:602 24654 MainThread [INFO]  Completed executor task 5198
2023-06-30 19:39:15.526 worker_log:613 24654 MainThread [INFO]  All processing finished for executor task 5198
2023-06-30 19:39:57.560 worker_log:584 24654 MainThread [INFO]  Received executor task 5203
2023-06-30 19:40:26.177 worker_log:602 24654 MainThread [INFO]  Completed executor task 5203
2023-06-30 19:40:26.177 worker_log:613 24654 MainThread [INFO]  All processing finished for executor task 5203
2023-06-30 19:41:15.864 worker_log:584 24654 MainThread [INFO]  Received executor task 5221
2023-06-30 19:42:35.843 worker_log:602 24654 MainThread [INFO]  Completed executor task 5221
2023-06-30 19:42:35.844 worker_log:613 24654 MainThread [INFO]  All processing finished for executor task 5221
2023-06-30 19:42:37.237 worker_log:584 24654 MainThread [INFO]  Received executor task 5248
2023-06-30 19:43:07.977 worker_log:602 24654 MainThread [INFO]  Completed executor task 5248
2023-06-30 19:43:07.978 worker_log:613 24654 MainThread [INFO]  All processing finished for executor task 5248
2023-06-30 19:44:15.739 worker_log:584 24654 MainThread [INFO]  Received executor task 5255
2023-06-30 19:45:05.045 worker_log:602 24654 MainThread [INFO]  Completed executor task 5255
2023-06-30 19:45:05.045 worker_log:613 24654 MainThread [INFO]  All processing finished for executor task 5255
2023-06-30 19:45:30.147 worker_log:584 24654 MainThread [INFO]  Received executor task 5275
2023-06-30 19:46:04.640 worker_log:602 24654 MainThread [INFO]  Completed executor task 5275
2023-06-30 19:46:04.640 worker_log:613 24654 MainThread [INFO]  All processing finished for executor task 5275
2023-06-30 19:46:41.009 worker_log:584 24654 MainThread [INFO]  Received executor task 5286
2023-06-30 19:47:18.567 worker_log:602 24654 MainThread [INFO]  Completed executor task 5286
2023-06-30 19:47:18.567 worker_log:613 24654 MainThread [INFO]  All processing finished for executor task 5286
2023-06-30 19:47:43.596 worker_log:584 24654 MainThread [INFO]  Received executor task 5305
2023-06-30 19:48:08.774 worker_log:602 24654 MainThread [INFO]  Completed executor task 5305
2023-06-30 19:48:08.774 worker_log:613 24654 MainThread [INFO]  All processing finished for executor task 5305
2023-06-30 19:48:52.762 worker_log:584 24654 MainThread [INFO]  Received executor task 5315
2023-06-30 19:49:14.863 worker_log:602 24654 MainThread [INFO]  Completed executor task 5315
2023-06-30 19:49:14.864 worker_log:613 24654 MainThread [INFO]  All processing finished for executor task 5315
2023-06-30 19:49:59.924 worker_log:584 24654 MainThread [INFO]  Received executor task 5334
2023-06-30 19:50:22.003 worker_log:602 24654 MainThread [INFO]  Completed executor task 5334
2023-06-30 19:50:22.003 worker_log:613 24654 MainThread [INFO]  All processing finished for executor task 5334
2023-06-30 19:52:18.784 worker_log:584 24654 MainThread [INFO]  Received executor task 5345
2023-06-30 19:52:52.482 worker_log:602 24654 MainThread [INFO]  Completed executor task 5345
2023-06-30 19:52:52.483 worker_log:613 24654 MainThread [INFO]  All processing finished for executor task 5345
2023-06-30 19:53:51.429 worker_log:584 24654 MainThread [INFO]  Received executor task 5366
2023-06-30 19:54:43.795 worker_log:602 24654 MainThread [INFO]  Completed executor task 5366
2023-06-30 19:54:43.795 worker_log:613 24654 MainThread [INFO]  All processing finished for executor task 5366
2023-06-30 19:55:10.792 worker_log:584 24654 MainThread [INFO]  Received executor task 5388
2023-06-30 19:55:32.939 worker_log:602 24654 MainThread [INFO]  Completed executor task 5388
2023-06-30 19:55:32.939 worker_log:613 24654 MainThread [INFO]  All processing finished for executor task 5388
2023-06-30 19:56:15.998 worker_log:584 24654 MainThread [INFO]  Received executor task 5394
2023-06-30 19:56:51.267 worker_log:602 24654 MainThread [INFO]  Completed executor task 5394
2023-06-30 19:56:51.268 worker_log:613 24654 MainThread [INFO]  All processing finished for executor task 5394
2023-06-30 19:57:44.771 worker_log:584 24654 MainThread [INFO]  Received executor task 5414
2023-06-30 19:58:20.291 worker_log:602 24654 MainThread [INFO]  Completed executor task 5414
2023-06-30 19:58:20.292 worker_log:613 24654 MainThread [INFO]  All processing finished for executor task 5414
2023-06-30 19:59:03.241 worker_log:584 24654 MainThread [INFO]  Received executor task 5428
2023-06-30 19:59:28.525 worker_log:602 24654 MainThread [INFO]  Completed executor task 5428
2023-06-30 19:59:28.525 worker_log:613 24654 MainThread [INFO]  All processing finished for executor task 5428
2023-06-30 20:00:03.707 worker_log:584 24654 MainThread [INFO]  Received executor task 5444
2023-06-30 20:00:30.020 worker_log:602 24654 MainThread [INFO]  Completed executor task 5444
2023-06-30 20:00:30.020 worker_log:613 24654 MainThread [INFO]  All processing finished for executor task 5444
2023-06-30 20:01:09.353 worker_log:584 24654 MainThread [INFO]  Received executor task 5458
2023-06-30 20:01:54.558 worker_log:602 24654 MainThread [INFO]  Completed executor task 5458
2023-06-30 20:01:54.558 worker_log:613 24654 MainThread [INFO]  All processing finished for executor task 5458
2023-06-30 20:02:20.561 worker_log:584 24654 MainThread [INFO]  Received executor task 5483
2023-06-30 20:02:45.608 worker_log:602 24654 MainThread [INFO]  Completed executor task 5483
2023-06-30 20:02:45.608 worker_log:613 24654 MainThread [INFO]  All processing finished for executor task 5483
2023-06-30 20:03:14.972 worker_log:584 24654 MainThread [INFO]  Received executor task 5494
2023-06-30 20:03:44.958 worker_log:602 24654 MainThread [INFO]  Completed executor task 5494
2023-06-30 20:03:44.959 worker_log:613 24654 MainThread [INFO]  All processing finished for executor task 5494
2023-06-30 20:04:19.325 worker_log:584 24654 MainThread [INFO]  Received executor task 5509
2023-06-30 20:05:11.462 worker_log:602 24654 MainThread [INFO]  Completed executor task 5509
2023-06-30 20:05:11.462 worker_log:613 24654 MainThread [INFO]  All processing finished for executor task 5509
2023-06-30 20:05:37.984 worker_log:584 24654 MainThread [INFO]  Received executor task 5533
2023-06-30 20:06:23.323 worker_log:602 24654 MainThread [INFO]  Completed executor task 5533
2023-06-30 20:06:23.323 worker_log:613 24654 MainThread [INFO]  All processing finished for executor task 5533
2023-06-30 20:06:38.280 worker_log:584 24654 MainThread [INFO]  Received executor task 5551
2023-06-30 20:06:59.540 worker_log:602 24654 MainThread [INFO]  Completed executor task 5551
2023-06-30 20:06:59.541 worker_log:613 24654 MainThread [INFO]  All processing finished for executor task 5551
2023-06-30 20:07:52.930 worker_log:584 24654 MainThread [INFO]  Received executor task 5554
2023-06-30 20:08:45.018 worker_log:602 24654 MainThread [INFO]  Completed executor task 5554
2023-06-30 20:08:45.019 worker_log:613 24654 MainThread [INFO]  All processing finished for executor task 5554
2023-06-30 20:09:18.414 worker_log:584 24654 MainThread [INFO]  Received executor task 5579
2023-06-30 20:09:43.367 worker_log:602 24654 MainThread [INFO]  Completed executor task 5579
2023-06-30 20:09:43.368 worker_log:613 24654 MainThread [INFO]  All processing finished for executor task 5579
2023-06-30 20:10:46.368 worker_log:584 24654 MainThread [INFO]  Received executor task 5586
2023-06-30 20:11:20.396 worker_log:602 24654 MainThread [INFO]  Completed executor task 5586
2023-06-30 20:11:20.396 worker_log:613 24654 MainThread [INFO]  All processing finished for executor task 5586
2023-06-30 20:12:07.768 worker_log:584 24654 MainThread [INFO]  Received executor task 5608
2023-06-30 20:12:55.074 worker_log:602 24654 MainThread [INFO]  Completed executor task 5608
2023-06-30 20:12:55.074 worker_log:613 24654 MainThread [INFO]  All processing finished for executor task 5608
2023-06-30 20:13:32.206 worker_log:584 24654 MainThread [INFO]  Received executor task 5626
2023-06-30 20:13:57.117 worker_log:602 24654 MainThread [INFO]  Completed executor task 5626
2023-06-30 20:13:57.118 worker_log:613 24654 MainThread [INFO]  All processing finished for executor task 5626
2023-06-30 20:14:47.160 worker_log:584 24654 MainThread [INFO]  Received executor task 5637
2023-06-30 20:15:15.810 worker_log:602 24654 MainThread [INFO]  Completed executor task 5637
2023-06-30 20:15:15.811 worker_log:613 24654 MainThread [INFO]  All processing finished for executor task 5637
