2023-06-30 12:25:40.273 worker_log:538 24683 MainThread [INFO]  Worker 12 started
2023-06-30 12:27:54.950 worker_log:584 24683 MainThread [INFO]  Received executor task 13
2023-06-30 12:28:33.523 worker_log:602 24683 MainThread [INFO]  Completed executor task 13
2023-06-30 12:28:33.525 worker_log:613 24683 MainThread [INFO]  All processing finished for executor task 13
2023-06-30 12:29:17.884 worker_log:584 24683 MainThread [INFO]  Received executor task 24
2023-06-30 12:29:50.505 worker_log:602 24683 MainThread [INFO]  Completed executor task 24
2023-06-30 12:29:50.505 worker_log:613 24683 MainThread [INFO]  All processing finished for executor task 24
2023-06-30 12:30:16.507 worker_log:584 24683 MainThread [INFO]  Received executor task 38
2023-06-30 12:30:43.348 worker_log:602 24683 MainThread [INFO]  Completed executor task 38
2023-06-30 12:30:43.349 worker_log:613 24683 MainThread [INFO]  All processing finished for executor task 38
2023-06-30 12:31:36.058 worker_log:584 24683 MainThread [INFO]  Received executor task 51
2023-06-30 12:32:21.111 worker_log:602 24683 MainThread [INFO]  Completed executor task 51
2023-06-30 12:32:21.111 worker_log:613 24683 MainThread [INFO]  All processing finished for executor task 51
2023-06-30 12:33:06.131 worker_log:584 24683 MainThread [INFO]  Received executor task 75
2023-06-30 12:33:33.534 worker_log:602 24683 MainThread [INFO]  Completed executor task 75
2023-06-30 12:33:33.535 worker_log:613 24683 MainThread [INFO]  All processing finished for executor task 75
2023-06-30 12:34:35.455 worker_log:584 24683 MainThread [INFO]  Received executor task 83
2023-06-30 12:35:11.371 worker_log:602 24683 MainThread [INFO]  Completed executor task 83
2023-06-30 12:35:11.371 worker_log:613 24683 MainThread [INFO]  All processing finished for executor task 83
2023-06-30 12:35:46.626 worker_log:584 24683 MainThread [INFO]  Received executor task 105
2023-06-30 12:36:28.164 worker_log:602 24683 MainThread [INFO]  Completed executor task 105
2023-06-30 12:36:28.165 worker_log:613 24683 MainThread [INFO]  All processing finished for executor task 105
2023-06-30 12:37:07.849 worker_log:584 24683 MainThread [INFO]  Received executor task 122
2023-06-30 12:37:37.737 worker_log:602 24683 MainThread [INFO]  Completed executor task 122
2023-06-30 12:37:37.737 worker_log:613 24683 MainThread [INFO]  All processing finished for executor task 122
2023-06-30 12:38:46.125 worker_log:584 24683 MainThread [INFO]  Received executor task 133
2023-06-30 12:39:17.279 worker_log:602 24683 MainThread [INFO]  Completed executor task 133
2023-06-30 12:39:17.279 worker_log:613 24683 MainThread [INFO]  All processing finished for executor task 133
2023-06-30 12:39:35.340 worker_log:584 24683 MainThread [INFO]  Received executor task 151
2023-06-30 12:40:41.678 worker_log:602 24683 MainThread [INFO]  Completed executor task 151
2023-06-30 12:40:41.678 worker_log:613 24683 MainThread [INFO]  All processing finished for executor task 151
2023-06-30 12:40:43.187 worker_log:584 24683 MainThread [INFO]  Received executor task 176
2023-06-30 12:41:23.946 worker_log:602 24683 MainThread [INFO]  Completed executor task 176
2023-06-30 12:41:23.947 worker_log:613 24683 MainThread [INFO]  All processing finished for executor task 176
2023-06-30 12:42:24.986 worker_log:584 24683 MainThread [INFO]  Received executor task 183
2023-06-30 12:42:45.529 worker_log:602 24683 MainThread [INFO]  Completed executor task 183
2023-06-30 12:42:45.529 worker_log:613 24683 MainThread [INFO]  All processing finished for executor task 183
2023-06-30 12:43:30.053 worker_log:584 24683 MainThread [INFO]  Received executor task 195
2023-06-30 12:43:55.143 worker_log:602 24683 MainThread [INFO]  Completed executor task 195
2023-06-30 12:43:55.143 worker_log:613 24683 MainThread [INFO]  All processing finished for executor task 195
2023-06-30 12:44:54.388 worker_log:584 24683 MainThread [INFO]  Received executor task 212
2023-06-30 12:45:28.441 worker_log:602 24683 MainThread [INFO]  Completed executor task 212
2023-06-30 12:45:28.442 worker_log:613 24683 MainThread [INFO]  All processing finished for executor task 212
2023-06-30 12:45:49.215 worker_log:584 24683 MainThread [INFO]  Received executor task 231
2023-06-30 12:46:21.512 worker_log:602 24683 MainThread [INFO]  Completed executor task 231
2023-06-30 12:46:21.513 worker_log:613 24683 MainThread [INFO]  All processing finished for executor task 231
2023-06-30 12:47:06.492 worker_log:584 24683 MainThread [INFO]  Received executor task 243
2023-06-30 12:47:36.166 worker_log:602 24683 MainThread [INFO]  Completed executor task 243
2023-06-30 12:47:36.167 worker_log:613 24683 MainThread [INFO]  All processing finished for executor task 243
2023-06-30 12:48:04.578 worker_log:584 24683 MainThread [INFO]  Received executor task 263
2023-06-30 12:48:48.167 worker_log:602 24683 MainThread [INFO]  Completed executor task 263
2023-06-30 12:48:48.168 worker_log:613 24683 MainThread [INFO]  All processing finished for executor task 263
2023-06-30 12:49:09.982 worker_log:584 24683 MainThread [INFO]  Received executor task 285
2023-06-30 12:49:37.069 worker_log:602 24683 MainThread [INFO]  Completed executor task 285
2023-06-30 12:49:37.070 worker_log:613 24683 MainThread [INFO]  All processing finished for executor task 285
2023-06-30 12:50:37.134 worker_log:584 24683 MainThread [INFO]  Received executor task 291
2023-06-30 12:51:23.077 worker_log:602 24683 MainThread [INFO]  Completed executor task 291
2023-06-30 12:51:23.078 worker_log:613 24683 MainThread [INFO]  All processing finished for executor task 291
2023-06-30 12:51:59.708 worker_log:584 24683 MainThread [INFO]  Received executor task 312
2023-06-30 12:52:44.791 worker_log:602 24683 MainThread [INFO]  Completed executor task 312
2023-06-30 12:52:44.792 worker_log:613 24683 MainThread [INFO]  All processing finished for executor task 312
2023-06-30 12:53:22.520 worker_log:584 24683 MainThread [INFO]  Received executor task 331
2023-06-30 12:54:04.411 worker_log:602 24683 MainThread [INFO]  Completed executor task 331
2023-06-30 12:54:04.412 worker_log:613 24683 MainThread [INFO]  All processing finished for executor task 331
2023-06-30 12:54:54.946 worker_log:584 24683 MainThread [INFO]  Received executor task 346
2023-06-30 12:55:29.717 worker_log:602 24683 MainThread [INFO]  Completed executor task 346
2023-06-30 12:55:29.718 worker_log:613 24683 MainThread [INFO]  All processing finished for executor task 346
2023-06-30 12:56:36.664 worker_log:584 24683 MainThread [INFO]  Received executor task 358
2023-06-30 12:57:37.005 worker_log:602 24683 MainThread [INFO]  Completed executor task 358
2023-06-30 12:57:37.006 worker_log:613 24683 MainThread [INFO]  All processing finished for executor task 358
2023-06-30 12:58:32.304 worker_log:584 24683 MainThread [INFO]  Received executor task 380
2023-06-30 12:59:26.009 worker_log:602 24683 MainThread [INFO]  Completed executor task 380
2023-06-30 12:59:26.009 worker_log:613 24683 MainThread [INFO]  All processing finished for executor task 380
2023-06-30 12:59:45.218 worker_log:584 24683 MainThread [INFO]  Received executor task 398
2023-06-30 13:00:11.043 worker_log:602 24683 MainThread [INFO]  Completed executor task 398
2023-06-30 13:00:11.044 worker_log:613 24683 MainThread [INFO]  All processing finished for executor task 398
2023-06-30 13:01:04.743 worker_log:584 24683 MainThread [INFO]  Received executor task 402
2023-06-30 13:01:31.370 worker_log:602 24683 MainThread [INFO]  Completed executor task 402
2023-06-30 13:01:31.371 worker_log:613 24683 MainThread [INFO]  All processing finished for executor task 402
2023-06-30 13:02:22.342 worker_log:584 24683 MainThread [INFO]  Received executor task 417
2023-06-30 13:02:34.557 worker_log:602 24683 MainThread [INFO]  Completed executor task 417
2023-06-30 13:02:34.558 worker_log:613 24683 MainThread [INFO]  All processing finished for executor task 417
2023-06-30 13:04:04.141 worker_log:584 24683 MainThread [INFO]  Received executor task 433
2023-06-30 13:04:37.966 worker_log:602 24683 MainThread [INFO]  Completed executor task 433
2023-06-30 13:04:37.967 worker_log:613 24683 MainThread [INFO]  All processing finished for executor task 433
2023-06-30 13:05:05.255 worker_log:584 24683 MainThread [INFO]  Received executor task 457
2023-06-30 13:05:39.254 worker_log:602 24683 MainThread [INFO]  Completed executor task 457
2023-06-30 13:05:39.255 worker_log:613 24683 MainThread [INFO]  All processing finished for executor task 457
2023-06-30 13:06:14.351 worker_log:584 24683 MainThread [INFO]  Received executor task 469
2023-06-30 13:07:01.999 worker_log:602 24683 MainThread [INFO]  Completed executor task 469
2023-06-30 13:07:01.999 worker_log:613 24683 MainThread [INFO]  All processing finished for executor task 469
2023-06-30 13:07:58.682 worker_log:584 24683 MainThread [INFO]  Received executor task 493
2023-06-30 13:08:51.427 worker_log:602 24683 MainThread [INFO]  Completed executor task 493
2023-06-30 13:08:51.427 worker_log:613 24683 MainThread [INFO]  All processing finished for executor task 493
2023-06-30 13:09:03.483 worker_log:584 24683 MainThread [INFO]  Received executor task 508
2023-06-30 13:09:53.827 worker_log:602 24683 MainThread [INFO]  Completed executor task 508
2023-06-30 13:09:53.828 worker_log:613 24683 MainThread [INFO]  All processing finished for executor task 508
2023-06-30 13:10:50.272 worker_log:584 24683 MainThread [INFO]  Received executor task 523
2023-06-30 13:11:45.461 worker_log:602 24683 MainThread [INFO]  Completed executor task 523
2023-06-30 13:11:45.462 worker_log:613 24683 MainThread [INFO]  All processing finished for executor task 523
2023-06-30 13:12:00.615 worker_log:584 24683 MainThread [INFO]  Received executor task 542
2023-06-30 13:12:50.022 worker_log:602 24683 MainThread [INFO]  Completed executor task 542
2023-06-30 13:12:50.023 worker_log:613 24683 MainThread [INFO]  All processing finished for executor task 542
2023-06-30 13:13:37.641 worker_log:584 24683 MainThread [INFO]  Received executor task 558
2023-06-30 13:14:34.396 worker_log:602 24683 MainThread [INFO]  Completed executor task 558
2023-06-30 13:14:34.396 worker_log:613 24683 MainThread [INFO]  All processing finished for executor task 558
2023-06-30 13:14:50.002 worker_log:584 24683 MainThread [INFO]  Received executor task 572
2023-06-30 13:15:21.749 worker_log:602 24683 MainThread [INFO]  Completed executor task 572
2023-06-30 13:15:21.750 worker_log:613 24683 MainThread [INFO]  All processing finished for executor task 572
2023-06-30 13:15:55.495 worker_log:584 24683 MainThread [INFO]  Received executor task 583
2023-06-30 13:16:32.088 worker_log:602 24683 MainThread [INFO]  Completed executor task 583
2023-06-30 13:16:32.089 worker_log:613 24683 MainThread [INFO]  All processing finished for executor task 583
2023-06-30 13:16:55.296 worker_log:584 24683 MainThread [INFO]  Received executor task 600
2023-06-30 13:17:42.672 worker_log:602 24683 MainThread [INFO]  Completed executor task 600
2023-06-30 13:17:42.672 worker_log:613 24683 MainThread [INFO]  All processing finished for executor task 600
2023-06-30 13:18:08.069 worker_log:584 24683 MainThread [INFO]  Received executor task 622
2023-06-30 13:18:23.067 worker_log:602 24683 MainThread [INFO]  Completed executor task 622
2023-06-30 13:18:23.067 worker_log:613 24683 MainThread [INFO]  All processing finished for executor task 622
2023-06-30 13:19:17.185 worker_log:584 24683 MainThread [INFO]  Received executor task 625
2023-06-30 13:19:30.968 worker_log:602 24683 MainThread [INFO]  Completed executor task 625
2023-06-30 13:19:30.968 worker_log:613 24683 MainThread [INFO]  All processing finished for executor task 625
2023-06-30 13:20:38.629 worker_log:584 24683 MainThread [INFO]  Received executor task 641
2023-06-30 13:21:13.436 worker_log:602 24683 MainThread [INFO]  Completed executor task 641
2023-06-30 13:21:13.437 worker_log:613 24683 MainThread [INFO]  All processing finished for executor task 641
2023-06-30 13:21:47.199 worker_log:584 24683 MainThread [INFO]  Received executor task 663
2023-06-30 13:22:35.705 worker_log:602 24683 MainThread [INFO]  Completed executor task 663
2023-06-30 13:22:35.706 worker_log:613 24683 MainThread [INFO]  All processing finished for executor task 663
2023-06-30 13:23:08.415 worker_log:584 24683 MainThread [INFO]  Received executor task 682
2023-06-30 13:23:52.967 worker_log:602 24683 MainThread [INFO]  Completed executor task 682
2023-06-30 13:23:52.967 worker_log:613 24683 MainThread [INFO]  All processing finished for executor task 682
2023-06-30 13:24:23.423 worker_log:584 24683 MainThread [INFO]  Received executor task 698
2023-06-30 13:24:59.095 worker_log:602 24683 MainThread [INFO]  Completed executor task 698
2023-06-30 13:24:59.095 worker_log:613 24683 MainThread [INFO]  All processing finished for executor task 698
2023-06-30 13:25:37.780 worker_log:584 24683 MainThread [INFO]  Received executor task 710
2023-06-30 13:26:08.873 worker_log:602 24683 MainThread [INFO]  Completed executor task 710
2023-06-30 13:26:08.873 worker_log:613 24683 MainThread [INFO]  All processing finished for executor task 710
2023-06-30 13:26:55.874 worker_log:584 24683 MainThread [INFO]  Received executor task 724
2023-06-30 13:27:44.438 worker_log:602 24683 MainThread [INFO]  Completed executor task 724
2023-06-30 13:27:44.438 worker_log:613 24683 MainThread [INFO]  All processing finished for executor task 724
2023-06-30 13:28:04.803 worker_log:584 24683 MainThread [INFO]  Received executor task 746
2023-06-30 13:28:39.631 worker_log:602 24683 MainThread [INFO]  Completed executor task 746
2023-06-30 13:28:39.631 worker_log:613 24683 MainThread [INFO]  All processing finished for executor task 746
2023-06-30 13:29:36.795 worker_log:584 24683 MainThread [INFO]  Received executor task 759
2023-06-30 13:30:01.249 worker_log:602 24683 MainThread [INFO]  Completed executor task 759
2023-06-30 13:30:01.249 worker_log:613 24683 MainThread [INFO]  All processing finished for executor task 759
2023-06-30 13:30:44.159 worker_log:584 24683 MainThread [INFO]  Received executor task 771
2023-06-30 13:31:13.577 worker_log:602 24683 MainThread [INFO]  Completed executor task 771
2023-06-30 13:31:13.577 worker_log:613 24683 MainThread [INFO]  All processing finished for executor task 771
2023-06-30 13:31:57.999 worker_log:584 24683 MainThread [INFO]  Received executor task 788
2023-06-30 13:32:44.009 worker_log:602 24683 MainThread [INFO]  Completed executor task 788
2023-06-30 13:32:44.009 worker_log:613 24683 MainThread [INFO]  All processing finished for executor task 788
2023-06-30 13:33:05.558 worker_log:584 24683 MainThread [INFO]  Received executor task 811
2023-06-30 13:33:43.975 worker_log:602 24683 MainThread [INFO]  Completed executor task 811
2023-06-30 13:33:43.976 worker_log:613 24683 MainThread [INFO]  All processing finished for executor task 811
2023-06-30 13:34:12.930 worker_log:584 24683 MainThread [INFO]  Received executor task 826
2023-06-30 13:34:29.946 worker_log:602 24683 MainThread [INFO]  Completed executor task 826
2023-06-30 13:34:29.946 worker_log:613 24683 MainThread [INFO]  All processing finished for executor task 826
2023-06-30 13:35:38.487 worker_log:584 24683 MainThread [INFO]  Received executor task 833
2023-06-30 13:36:47.152 worker_log:602 24683 MainThread [INFO]  Completed executor task 833
2023-06-30 13:36:47.153 worker_log:613 24683 MainThread [INFO]  All processing finished for executor task 833
2023-06-30 13:37:00.472 worker_log:584 24683 MainThread [INFO]  Received executor task 863
2023-06-30 13:37:36.940 worker_log:602 24683 MainThread [INFO]  Completed executor task 863
2023-06-30 13:37:36.940 worker_log:613 24683 MainThread [INFO]  All processing finished for executor task 863
2023-06-30 13:38:51.702 worker_log:584 24683 MainThread [INFO]  Received executor task 874
2023-06-30 13:39:47.352 worker_log:602 24683 MainThread [INFO]  Completed executor task 874
2023-06-30 13:39:47.353 worker_log:613 24683 MainThread [INFO]  All processing finished for executor task 874
2023-06-30 13:40:05.493 worker_log:584 24683 MainThread [INFO]  Received executor task 894
2023-06-30 13:41:14.588 worker_log:602 24683 MainThread [INFO]  Completed executor task 894
2023-06-30 13:41:14.588 worker_log:613 24683 MainThread [INFO]  All processing finished for executor task 894
2023-06-30 13:41:15.703 worker_log:584 24683 MainThread [INFO]  Received executor task 912
2023-06-30 13:41:46.452 worker_log:602 24683 MainThread [INFO]  Completed executor task 912
2023-06-30 13:41:46.452 worker_log:613 24683 MainThread [INFO]  All processing finished for executor task 912
2023-06-30 13:42:30.303 worker_log:584 24683 MainThread [INFO]  Received executor task 920
2023-06-30 13:43:26.046 worker_log:602 24683 MainThread [INFO]  Completed executor task 920
2023-06-30 13:43:26.047 worker_log:613 24683 MainThread [INFO]  All processing finished for executor task 920
2023-06-30 13:44:05.240 worker_log:584 24683 MainThread [INFO]  Received executor task 940
2023-06-30 13:44:43.081 worker_log:602 24683 MainThread [INFO]  Completed executor task 940
2023-06-30 13:44:43.082 worker_log:613 24683 MainThread [INFO]  All processing finished for executor task 940
2023-06-30 13:45:28.284 worker_log:584 24683 MainThread [INFO]  Received executor task 949
2023-06-30 13:46:20.485 worker_log:602 24683 MainThread [INFO]  Completed executor task 949
2023-06-30 13:46:20.486 worker_log:613 24683 MainThread [INFO]  All processing finished for executor task 949
2023-06-30 13:47:02.314 worker_log:584 24683 MainThread [INFO]  Received executor task 973
2023-06-30 13:48:14.330 worker_log:602 24683 MainThread [INFO]  Completed executor task 973
2023-06-30 13:48:14.331 worker_log:613 24683 MainThread [INFO]  All processing finished for executor task 973
2023-06-30 13:48:27.201 worker_log:584 24683 MainThread [INFO]  Received executor task 989
2023-06-30 13:49:05.365 worker_log:602 24683 MainThread [INFO]  Completed executor task 989
2023-06-30 13:49:05.365 worker_log:613 24683 MainThread [INFO]  All processing finished for executor task 989
2023-06-30 13:49:55.177 worker_log:584 24683 MainThread [INFO]  Received executor task 1000
2023-06-30 13:50:55.487 worker_log:602 24683 MainThread [INFO]  Completed executor task 1000
2023-06-30 13:50:55.488 worker_log:613 24683 MainThread [INFO]  All processing finished for executor task 1000
2023-06-30 13:51:18.155 worker_log:584 24683 MainThread [INFO]  Received executor task 1019
2023-06-30 13:52:13.607 worker_log:602 24683 MainThread [INFO]  Completed executor task 1019
2023-06-30 13:52:13.608 worker_log:613 24683 MainThread [INFO]  All processing finished for executor task 1019
2023-06-30 13:52:33.613 worker_log:584 24683 MainThread [INFO]  Received executor task 1037
2023-06-30 13:53:29.213 worker_log:602 24683 MainThread [INFO]  Completed executor task 1037
2023-06-30 13:53:29.213 worker_log:613 24683 MainThread [INFO]  All processing finished for executor task 1037
2023-06-30 13:54:04.881 worker_log:584 24683 MainThread [INFO]  Received executor task 1055
2023-06-30 13:55:13.772 worker_log:602 24683 MainThread [INFO]  Completed executor task 1055
2023-06-30 13:55:13.772 worker_log:613 24683 MainThread [INFO]  All processing finished for executor task 1055
2023-06-30 13:55:40.605 worker_log:584 24683 MainThread [INFO]  Received executor task 1071
2023-06-30 13:56:58.974 worker_log:602 24683 MainThread [INFO]  Completed executor task 1071
2023-06-30 13:56:58.974 worker_log:613 24683 MainThread [INFO]  All processing finished for executor task 1071
2023-06-30 13:57:12.568 worker_log:584 24683 MainThread [INFO]  Received executor task 1087
2023-06-30 13:57:47.839 worker_log:602 24683 MainThread [INFO]  Completed executor task 1087
2023-06-30 13:57:47.839 worker_log:613 24683 MainThread [INFO]  All processing finished for executor task 1087
2023-06-30 13:58:54.585 worker_log:584 24683 MainThread [INFO]  Received executor task 1095
2023-06-30 13:59:14.378 worker_log:602 24683 MainThread [INFO]  Completed executor task 1095
2023-06-30 13:59:14.379 worker_log:613 24683 MainThread [INFO]  All processing finished for executor task 1095
2023-06-30 14:00:03.464 worker_log:584 24683 MainThread [INFO]  Received executor task 1107
2023-06-30 14:00:24.130 worker_log:602 24683 MainThread [INFO]  Completed executor task 1107
2023-06-30 14:00:24.130 worker_log:613 24683 MainThread [INFO]  All processing finished for executor task 1107
2023-06-30 14:01:35.055 worker_log:584 24683 MainThread [INFO]  Received executor task 1123
2023-06-30 14:02:29.297 worker_log:602 24683 MainThread [INFO]  Completed executor task 1123
2023-06-30 14:02:29.298 worker_log:613 24683 MainThread [INFO]  All processing finished for executor task 1123
2023-06-30 14:02:51.796 worker_log:584 24683 MainThread [INFO]  Received executor task 1147
2023-06-30 14:03:16.730 worker_log:602 24683 MainThread [INFO]  Completed executor task 1147
2023-06-30 14:03:16.731 worker_log:613 24683 MainThread [INFO]  All processing finished for executor task 1147
2023-06-30 14:03:58.947 worker_log:584 24683 MainThread [INFO]  Received executor task 1154
2023-06-30 14:04:20.778 worker_log:602 24683 MainThread [INFO]  Completed executor task 1154
2023-06-30 14:04:20.779 worker_log:613 24683 MainThread [INFO]  All processing finished for executor task 1154
2023-06-30 14:05:00.744 worker_log:584 24683 MainThread [INFO]  Received executor task 1171
2023-06-30 14:05:32.433 worker_log:602 24683 MainThread [INFO]  Completed executor task 1171
2023-06-30 14:05:32.434 worker_log:613 24683 MainThread [INFO]  All processing finished for executor task 1171
2023-06-30 14:06:36.973 worker_log:584 24683 MainThread [INFO]  Received executor task 1189
2023-06-30 14:07:16.733 worker_log:602 24683 MainThread [INFO]  Completed executor task 1189
2023-06-30 14:07:16.734 worker_log:613 24683 MainThread [INFO]  All processing finished for executor task 1189
2023-06-30 14:08:04.078 worker_log:584 24683 MainThread [INFO]  Received executor task 1208
2023-06-30 14:08:39.983 worker_log:602 24683 MainThread [INFO]  Completed executor task 1208
2023-06-30 14:08:39.983 worker_log:613 24683 MainThread [INFO]  All processing finished for executor task 1208
2023-06-30 14:09:15.232 worker_log:584 24683 MainThread [INFO]  Received executor task 1224
2023-06-30 14:09:39.965 worker_log:602 24683 MainThread [INFO]  Completed executor task 1224
2023-06-30 14:09:39.966 worker_log:613 24683 MainThread [INFO]  All processing finished for executor task 1224
2023-06-30 14:10:38.418 worker_log:584 24683 MainThread [INFO]  Received executor task 1234
2023-06-30 14:11:42.741 worker_log:602 24683 MainThread [INFO]  Completed executor task 1234
2023-06-30 14:11:42.741 worker_log:613 24683 MainThread [INFO]  All processing finished for executor task 1234
2023-06-30 14:12:32.730 worker_log:584 24683 MainThread [INFO]  Received executor task 1260
2023-06-30 14:14:09.937 worker_log:602 24683 MainThread [INFO]  Completed executor task 1260
2023-06-30 14:14:09.938 worker_log:613 24683 MainThread [INFO]  All processing finished for executor task 1260
2023-06-30 14:14:10.836 worker_log:584 24683 MainThread [INFO]  Received executor task 1280
2023-06-30 14:14:46.225 worker_log:602 24683 MainThread [INFO]  Completed executor task 1280
2023-06-30 14:14:46.225 worker_log:613 24683 MainThread [INFO]  All processing finished for executor task 1280
2023-06-30 14:15:26.381 worker_log:584 24683 MainThread [INFO]  Received executor task 1286
2023-06-30 14:15:43.998 worker_log:602 24683 MainThread [INFO]  Completed executor task 1286
2023-06-30 14:15:43.999 worker_log:613 24683 MainThread [INFO]  All processing finished for executor task 1286
2023-06-30 14:16:23.427 worker_log:584 24683 MainThread [INFO]  Received executor task 1297
2023-06-30 14:16:54.565 worker_log:602 24683 MainThread [INFO]  Completed executor task 1297
2023-06-30 14:16:54.565 worker_log:613 24683 MainThread [INFO]  All processing finished for executor task 1297
2023-06-30 14:17:42.833 worker_log:584 24683 MainThread [INFO]  Received executor task 1319
2023-06-30 14:18:23.890 worker_log:602 24683 MainThread [INFO]  Completed executor task 1319
2023-06-30 14:18:23.891 worker_log:613 24683 MainThread [INFO]  All processing finished for executor task 1319
2023-06-30 14:19:22.305 worker_log:584 24683 MainThread [INFO]  Received executor task 1336
2023-06-30 14:20:01.037 worker_log:602 24683 MainThread [INFO]  Completed executor task 1336
2023-06-30 14:20:01.038 worker_log:613 24683 MainThread [INFO]  All processing finished for executor task 1336
2023-06-30 14:20:33.157 worker_log:584 24683 MainThread [INFO]  Received executor task 1352
2023-06-30 14:21:23.053 worker_log:602 24683 MainThread [INFO]  Completed executor task 1352
2023-06-30 14:21:23.054 worker_log:613 24683 MainThread [INFO]  All processing finished for executor task 1352
2023-06-30 14:21:58.666 worker_log:584 24683 MainThread [INFO]  Received executor task 1371
2023-06-30 14:22:46.156 worker_log:602 24683 MainThread [INFO]  Completed executor task 1371
2023-06-30 14:22:46.156 worker_log:613 24683 MainThread [INFO]  All processing finished for executor task 1371
2023-06-30 14:23:08.407 worker_log:584 24683 MainThread [INFO]  Received executor task 1390
2023-06-30 14:23:35.530 worker_log:602 24683 MainThread [INFO]  Completed executor task 1390
2023-06-30 14:23:35.531 worker_log:613 24683 MainThread [INFO]  All processing finished for executor task 1390
2023-06-30 14:24:27.051 worker_log:584 24683 MainThread [INFO]  Received executor task 1397
2023-06-30 14:25:22.335 worker_log:602 24683 MainThread [INFO]  Completed executor task 1397
2023-06-30 14:25:22.336 worker_log:613 24683 MainThread [INFO]  All processing finished for executor task 1397
2023-06-30 14:25:36.605 worker_log:584 24683 MainThread [INFO]  Received executor task 1422
2023-06-30 14:25:55.863 worker_log:602 24683 MainThread [INFO]  Completed executor task 1422
2023-06-30 14:25:55.864 worker_log:613 24683 MainThread [INFO]  All processing finished for executor task 1422
2023-06-30 14:26:45.262 worker_log:584 24683 MainThread [INFO]  Received executor task 1425
2023-06-30 14:27:23.187 worker_log:602 24683 MainThread [INFO]  Completed executor task 1425
2023-06-30 14:27:23.187 worker_log:613 24683 MainThread [INFO]  All processing finished for executor task 1425
2023-06-30 14:27:53.162 worker_log:584 24683 MainThread [INFO]  Received executor task 1448
2023-06-30 14:28:24.996 worker_log:602 24683 MainThread [INFO]  Completed executor task 1448
2023-06-30 14:28:24.997 worker_log:613 24683 MainThread [INFO]  All processing finished for executor task 1448
2023-06-30 14:29:17.189 worker_log:584 24683 MainThread [INFO]  Received executor task 1463
2023-06-30 14:29:34.786 worker_log:602 24683 MainThread [INFO]  Completed executor task 1463
2023-06-30 14:29:34.786 worker_log:613 24683 MainThread [INFO]  All processing finished for executor task 1463
2023-06-30 14:30:24.018 worker_log:584 24683 MainThread [INFO]  Received executor task 1474
2023-06-30 14:30:55.678 worker_log:602 24683 MainThread [INFO]  Completed executor task 1474
2023-06-30 14:30:55.679 worker_log:613 24683 MainThread [INFO]  All processing finished for executor task 1474
2023-06-30 14:32:01.771 worker_log:584 24683 MainThread [INFO]  Received executor task 1494
2023-06-30 14:32:56.575 worker_log:602 24683 MainThread [INFO]  Completed executor task 1494
2023-06-30 14:32:56.575 worker_log:613 24683 MainThread [INFO]  All processing finished for executor task 1494
2023-06-30 14:33:26.653 worker_log:584 24683 MainThread [INFO]  Received executor task 1516
2023-06-30 14:34:10.108 worker_log:602 24683 MainThread [INFO]  Completed executor task 1516
2023-06-30 14:34:10.109 worker_log:613 24683 MainThread [INFO]  All processing finished for executor task 1516
2023-06-30 14:34:42.932 worker_log:584 24683 MainThread [INFO]  Received executor task 1529
2023-06-30 14:35:06.259 worker_log:602 24683 MainThread [INFO]  Completed executor task 1529
2023-06-30 14:35:06.260 worker_log:613 24683 MainThread [INFO]  All processing finished for executor task 1529
2023-06-30 14:35:37.030 worker_log:584 24683 MainThread [INFO]  Received executor task 1543
2023-06-30 14:36:27.315 worker_log:602 24683 MainThread [INFO]  Completed executor task 1543
2023-06-30 14:36:27.315 worker_log:613 24683 MainThread [INFO]  All processing finished for executor task 1543
2023-06-30 14:37:00.691 worker_log:584 24683 MainThread [INFO]  Received executor task 1561
2023-06-30 14:38:07.695 worker_log:602 24683 MainThread [INFO]  Completed executor task 1561
2023-06-30 14:38:07.696 worker_log:613 24683 MainThread [INFO]  All processing finished for executor task 1561
2023-06-30 14:38:08.925 worker_log:584 24683 MainThread [INFO]  Received executor task 1583
2023-06-30 14:38:41.197 worker_log:602 24683 MainThread [INFO]  Completed executor task 1583
2023-06-30 14:38:41.198 worker_log:613 24683 MainThread [INFO]  All processing finished for executor task 1583
2023-06-30 14:39:05.444 worker_log:584 24683 MainThread [INFO]  Received executor task 1596
2023-06-30 14:39:40.620 worker_log:602 24683 MainThread [INFO]  Completed executor task 1596
2023-06-30 14:39:40.621 worker_log:613 24683 MainThread [INFO]  All processing finished for executor task 1596
2023-06-30 14:39:49.188 worker_log:584 24683 MainThread [INFO]  Received executor task 1611
2023-06-30 14:41:04.558 worker_log:602 24683 MainThread [INFO]  Completed executor task 1611
2023-06-30 14:41:04.559 worker_log:613 24683 MainThread [INFO]  All processing finished for executor task 1611
2023-06-30 14:41:31.783 worker_log:584 24683 MainThread [INFO]  Received executor task 1630
2023-06-30 14:42:33.735 worker_log:602 24683 MainThread [INFO]  Completed executor task 1630
2023-06-30 14:42:33.735 worker_log:613 24683 MainThread [INFO]  All processing finished for executor task 1630
2023-06-30 14:43:01.029 worker_log:584 24683 MainThread [INFO]  Received executor task 1646
2023-06-30 14:43:37.431 worker_log:602 24683 MainThread [INFO]  Completed executor task 1646
2023-06-30 14:43:37.432 worker_log:613 24683 MainThread [INFO]  All processing finished for executor task 1646
2023-06-30 14:44:05.472 worker_log:584 24683 MainThread [INFO]  Received executor task 1659
2023-06-30 14:44:34.384 worker_log:602 24683 MainThread [INFO]  Completed executor task 1659
2023-06-30 14:44:34.385 worker_log:613 24683 MainThread [INFO]  All processing finished for executor task 1659
2023-06-30 14:45:16.163 worker_log:584 24683 MainThread [INFO]  Received executor task 1669
2023-06-30 14:46:15.694 worker_log:602 24683 MainThread [INFO]  Completed executor task 1669
2023-06-30 14:46:15.695 worker_log:613 24683 MainThread [INFO]  All processing finished for executor task 1669
2023-06-30 14:46:33.833 worker_log:584 24683 MainThread [INFO]  Received executor task 1691
2023-06-30 14:47:35.983 worker_log:602 24683 MainThread [INFO]  Completed executor task 1691
2023-06-30 14:47:35.984 worker_log:613 24683 MainThread [INFO]  All processing finished for executor task 1691
2023-06-30 14:48:19.077 worker_log:584 24683 MainThread [INFO]  Received executor task 1710
2023-06-30 14:48:50.124 worker_log:602 24683 MainThread [INFO]  Completed executor task 1710
2023-06-30 14:48:50.125 worker_log:613 24683 MainThread [INFO]  All processing finished for executor task 1710
2023-06-30 14:49:21.314 worker_log:584 24683 MainThread [INFO]  Received executor task 1715
2023-06-30 14:49:57.059 worker_log:602 24683 MainThread [INFO]  Completed executor task 1715
2023-06-30 14:49:57.060 worker_log:613 24683 MainThread [INFO]  All processing finished for executor task 1715
2023-06-30 14:50:26.584 worker_log:584 24683 MainThread [INFO]  Received executor task 1734
2023-06-30 14:51:21.723 worker_log:602 24683 MainThread [INFO]  Completed executor task 1734
2023-06-30 14:51:21.724 worker_log:613 24683 MainThread [INFO]  All processing finished for executor task 1734
2023-06-30 14:51:57.860 worker_log:584 24683 MainThread [INFO]  Received executor task 1754
2023-06-30 14:52:16.151 worker_log:602 24683 MainThread [INFO]  Completed executor task 1754
2023-06-30 14:52:16.152 worker_log:613 24683 MainThread [INFO]  All processing finished for executor task 1754
2023-06-30 14:53:04.227 worker_log:584 24683 MainThread [INFO]  Received executor task 1762
2023-06-30 14:53:50.292 worker_log:602 24683 MainThread [INFO]  Completed executor task 1762
2023-06-30 14:53:50.293 worker_log:613 24683 MainThread [INFO]  All processing finished for executor task 1762
2023-06-30 14:54:21.228 worker_log:584 24683 MainThread [INFO]  Received executor task 1788
2023-06-30 14:54:48.585 worker_log:602 24683 MainThread [INFO]  Completed executor task 1788
2023-06-30 14:54:48.586 worker_log:613 24683 MainThread [INFO]  All processing finished for executor task 1788
2023-06-30 14:55:35.264 worker_log:584 24683 MainThread [INFO]  Received executor task 1795
2023-06-30 14:55:54.629 worker_log:602 24683 MainThread [INFO]  Completed executor task 1795
2023-06-30 14:55:54.629 worker_log:613 24683 MainThread [INFO]  All processing finished for executor task 1795
2023-06-30 14:56:49.632 worker_log:584 24683 MainThread [INFO]  Received executor task 1809
2023-06-30 14:57:04.212 worker_log:602 24683 MainThread [INFO]  Completed executor task 1809
2023-06-30 14:57:04.212 worker_log:613 24683 MainThread [INFO]  All processing finished for executor task 1809
2023-06-30 14:58:16.431 worker_log:584 24683 MainThread [INFO]  Received executor task 1825
2023-06-30 14:59:25.473 worker_log:602 24683 MainThread [INFO]  Completed executor task 1825
2023-06-30 14:59:25.474 worker_log:613 24683 MainThread [INFO]  All processing finished for executor task 1825
2023-06-30 14:59:26.671 worker_log:584 24683 MainThread [INFO]  Received executor task 1856
2023-06-30 15:00:03.638 worker_log:602 24683 MainThread [INFO]  Completed executor task 1856
2023-06-30 15:00:03.639 worker_log:613 24683 MainThread [INFO]  All processing finished for executor task 1856
2023-06-30 15:00:38.818 worker_log:584 24683 MainThread [INFO]  Received executor task 1864
2023-06-30 15:01:37.605 worker_log:602 24683 MainThread [INFO]  Completed executor task 1864
2023-06-30 15:01:37.606 worker_log:613 24683 MainThread [INFO]  All processing finished for executor task 1864
2023-06-30 15:01:53.976 worker_log:584 24683 MainThread [INFO]  Received executor task 1885
2023-06-30 15:02:10.094 worker_log:602 24683 MainThread [INFO]  Completed executor task 1885
2023-06-30 15:02:10.095 worker_log:613 24683 MainThread [INFO]  All processing finished for executor task 1885
2023-06-30 15:03:37.178 worker_log:584 24683 MainThread [INFO]  Received executor task 1891
2023-06-30 15:04:29.803 worker_log:602 24683 MainThread [INFO]  Completed executor task 1891
2023-06-30 15:04:29.804 worker_log:613 24683 MainThread [INFO]  All processing finished for executor task 1891
2023-06-30 15:05:14.353 worker_log:584 24683 MainThread [INFO]  Received executor task 1917
2023-06-30 15:05:59.300 worker_log:602 24683 MainThread [INFO]  Completed executor task 1917
2023-06-30 15:05:59.301 worker_log:613 24683 MainThread [INFO]  All processing finished for executor task 1917
2023-06-30 15:06:29.765 worker_log:584 24683 MainThread [INFO]  Received executor task 1931
2023-06-30 15:07:27.083 worker_log:602 24683 MainThread [INFO]  Completed executor task 1931
2023-06-30 15:07:27.084 worker_log:613 24683 MainThread [INFO]  All processing finished for executor task 1931
2023-06-30 15:07:51.207 worker_log:584 24683 MainThread [INFO]  Received executor task 1948
2023-06-30 15:08:43.133 worker_log:602 24683 MainThread [INFO]  Completed executor task 1948
2023-06-30 15:08:43.133 worker_log:613 24683 MainThread [INFO]  All processing finished for executor task 1948
2023-06-30 15:08:54.062 worker_log:584 24683 MainThread [INFO]  Received executor task 1966
2023-06-30 15:09:28.494 worker_log:602 24683 MainThread [INFO]  Completed executor task 1966
2023-06-30 15:09:28.495 worker_log:613 24683 MainThread [INFO]  All processing finished for executor task 1966
2023-06-30 15:10:23.851 worker_log:584 24683 MainThread [INFO]  Received executor task 1976
2023-06-30 15:11:26.888 worker_log:602 24683 MainThread [INFO]  Completed executor task 1976
2023-06-30 15:11:26.889 worker_log:613 24683 MainThread [INFO]  All processing finished for executor task 1976
2023-06-30 15:11:27.723 worker_log:584 24683 MainThread [INFO]  Received executor task 2000
2023-06-30 15:12:15.583 worker_log:602 24683 MainThread [INFO]  Completed executor task 2000
2023-06-30 15:12:15.584 worker_log:613 24683 MainThread [INFO]  All processing finished for executor task 2000
2023-06-30 15:12:45.516 worker_log:584 24683 MainThread [INFO]  Received executor task 2013
2023-06-30 15:13:50.754 worker_log:602 24683 MainThread [INFO]  Completed executor task 2013
2023-06-30 15:13:50.755 worker_log:613 24683 MainThread [INFO]  All processing finished for executor task 2013
2023-06-30 15:14:03.994 worker_log:584 24683 MainThread [INFO]  Received executor task 2029
2023-06-30 15:14:47.846 worker_log:602 24683 MainThread [INFO]  Completed executor task 2029
2023-06-30 15:14:47.846 worker_log:613 24683 MainThread [INFO]  All processing finished for executor task 2029
2023-06-30 15:15:22.259 worker_log:584 24683 MainThread [INFO]  Received executor task 2041
2023-06-30 15:15:55.040 worker_log:602 24683 MainThread [INFO]  Completed executor task 2041
2023-06-30 15:15:55.041 worker_log:613 24683 MainThread [INFO]  All processing finished for executor task 2041
2023-06-30 15:16:20.814 worker_log:584 24683 MainThread [INFO]  Received executor task 2057
2023-06-30 15:16:59.235 worker_log:602 24683 MainThread [INFO]  Completed executor task 2057
2023-06-30 15:16:59.236 worker_log:613 24683 MainThread [INFO]  All processing finished for executor task 2057
2023-06-30 15:17:34.705 worker_log:584 24683 MainThread [INFO]  Received executor task 2072
2023-06-30 15:18:32.190 worker_log:602 24683 MainThread [INFO]  Completed executor task 2072
2023-06-30 15:18:32.191 worker_log:613 24683 MainThread [INFO]  All processing finished for executor task 2072
2023-06-30 15:18:51.702 worker_log:584 24683 MainThread [INFO]  Received executor task 2093
2023-06-30 15:19:26.986 worker_log:602 24683 MainThread [INFO]  Completed executor task 2093
2023-06-30 15:19:26.986 worker_log:613 24683 MainThread [INFO]  All processing finished for executor task 2093
2023-06-30 15:20:07.499 worker_log:584 24683 MainThread [INFO]  Received executor task 2103
2023-06-30 15:20:26.529 worker_log:602 24683 MainThread [INFO]  Completed executor task 2103
2023-06-30 15:20:26.529 worker_log:613 24683 MainThread [INFO]  All processing finished for executor task 2103
2023-06-30 15:21:33.990 worker_log:584 24683 MainThread [INFO]  Received executor task 2114
2023-06-30 15:22:27.961 worker_log:602 24683 MainThread [INFO]  Completed executor task 2114
2023-06-30 15:22:27.962 worker_log:613 24683 MainThread [INFO]  All processing finished for executor task 2114
2023-06-30 15:22:38.067 worker_log:584 24683 MainThread [INFO]  Received executor task 2143
2023-06-30 15:23:20.333 worker_log:602 24683 MainThread [INFO]  Completed executor task 2143
2023-06-30 15:23:20.333 worker_log:613 24683 MainThread [INFO]  All processing finished for executor task 2143
2023-06-30 15:23:46.209 worker_log:584 24683 MainThread [INFO]  Received executor task 2154
2023-06-30 15:24:17.679 worker_log:602 24683 MainThread [INFO]  Completed executor task 2154
2023-06-30 15:24:17.679 worker_log:613 24683 MainThread [INFO]  All processing finished for executor task 2154
2023-06-30 15:25:13.207 worker_log:584 24683 MainThread [INFO]  Received executor task 2168
2023-06-30 15:25:41.276 worker_log:602 24683 MainThread [INFO]  Completed executor task 2168
2023-06-30 15:25:41.277 worker_log:613 24683 MainThread [INFO]  All processing finished for executor task 2168
2023-06-30 15:26:56.097 worker_log:584 24683 MainThread [INFO]  Received executor task 2181
2023-06-30 15:27:47.160 worker_log:602 24683 MainThread [INFO]  Completed executor task 2181
2023-06-30 15:27:47.161 worker_log:613 24683 MainThread [INFO]  All processing finished for executor task 2181
2023-06-30 15:28:33.268 worker_log:584 24683 MainThread [INFO]  Received executor task 2204
2023-06-30 15:29:27.117 worker_log:602 24683 MainThread [INFO]  Completed executor task 2204
2023-06-30 15:29:27.118 worker_log:613 24683 MainThread [INFO]  All processing finished for executor task 2204
2023-06-30 15:30:01.794 worker_log:584 24683 MainThread [INFO]  Received executor task 2222
2023-06-30 15:30:52.793 worker_log:602 24683 MainThread [INFO]  Completed executor task 2222
2023-06-30 15:30:52.794 worker_log:613 24683 MainThread [INFO]  All processing finished for executor task 2222
2023-06-30 15:31:31.329 worker_log:584 24683 MainThread [INFO]  Received executor task 2234
2023-06-30 15:31:56.867 worker_log:602 24683 MainThread [INFO]  Completed executor task 2234
2023-06-30 15:31:56.868 worker_log:613 24683 MainThread [INFO]  All processing finished for executor task 2234
2023-06-30 15:32:36.019 worker_log:584 24683 MainThread [INFO]  Received executor task 2243
2023-06-30 15:33:06.898 worker_log:602 24683 MainThread [INFO]  Completed executor task 2243
2023-06-30 15:33:06.898 worker_log:613 24683 MainThread [INFO]  All processing finished for executor task 2243
2023-06-30 15:33:33.204 worker_log:584 24683 MainThread [INFO]  Received executor task 2261
2023-06-30 15:33:49.969 worker_log:602 24683 MainThread [INFO]  Completed executor task 2261
2023-06-30 15:33:49.970 worker_log:613 24683 MainThread [INFO]  All processing finished for executor task 2261
2023-06-30 15:34:58.530 worker_log:584 24683 MainThread [INFO]  Received executor task 2273
2023-06-30 15:35:42.051 worker_log:602 24683 MainThread [INFO]  Completed executor task 2273
2023-06-30 15:35:42.051 worker_log:613 24683 MainThread [INFO]  All processing finished for executor task 2273
2023-06-30 15:37:25.786 worker_log:584 24683 MainThread [INFO]  Received executor task 2294
2023-06-30 15:37:45.960 worker_log:602 24683 MainThread [INFO]  Completed executor task 2294
2023-06-30 15:37:45.961 worker_log:613 24683 MainThread [INFO]  All processing finished for executor task 2294
2023-06-30 15:38:44.840 worker_log:584 24683 MainThread [INFO]  Received executor task 2306
2023-06-30 15:39:06.924 worker_log:602 24683 MainThread [INFO]  Completed executor task 2306
2023-06-30 15:39:06.924 worker_log:613 24683 MainThread [INFO]  All processing finished for executor task 2306
2023-06-30 15:39:57.027 worker_log:584 24683 MainThread [INFO]  Received executor task 2322
2023-06-30 15:40:43.930 worker_log:602 24683 MainThread [INFO]  Completed executor task 2322
2023-06-30 15:40:43.931 worker_log:613 24683 MainThread [INFO]  All processing finished for executor task 2322
2023-06-30 15:41:19.560 worker_log:584 24683 MainThread [INFO]  Received executor task 2346
2023-06-30 15:41:46.322 worker_log:602 24683 MainThread [INFO]  Completed executor task 2346
2023-06-30 15:41:46.322 worker_log:613 24683 MainThread [INFO]  All processing finished for executor task 2346
2023-06-30 15:42:29.447 worker_log:584 24683 MainThread [INFO]  Received executor task 2356
2023-06-30 15:43:29.627 worker_log:602 24683 MainThread [INFO]  Completed executor task 2356
2023-06-30 15:43:29.627 worker_log:613 24683 MainThread [INFO]  All processing finished for executor task 2356
2023-06-30 15:43:34.559 worker_log:584 24683 MainThread [INFO]  Received executor task 2381
2023-06-30 15:44:20.052 worker_log:602 24683 MainThread [INFO]  Completed executor task 2381
2023-06-30 15:44:20.053 worker_log:613 24683 MainThread [INFO]  All processing finished for executor task 2381
2023-06-30 15:45:09.228 worker_log:584 24683 MainThread [INFO]  Received executor task 2395
2023-06-30 15:46:08.450 worker_log:602 24683 MainThread [INFO]  Completed executor task 2395
2023-06-30 15:46:08.450 worker_log:613 24683 MainThread [INFO]  All processing finished for executor task 2395
2023-06-30 15:46:23.009 worker_log:584 24683 MainThread [INFO]  Received executor task 2414
2023-06-30 15:47:03.487 worker_log:602 24683 MainThread [INFO]  Completed executor task 2414
2023-06-30 15:47:03.487 worker_log:613 24683 MainThread [INFO]  All processing finished for executor task 2414
2023-06-30 15:47:36.303 worker_log:584 24683 MainThread [INFO]  Received executor task 2424
2023-06-30 15:48:21.912 worker_log:602 24683 MainThread [INFO]  Completed executor task 2424
2023-06-30 15:48:21.913 worker_log:613 24683 MainThread [INFO]  All processing finished for executor task 2424
2023-06-30 15:48:37.928 worker_log:584 24683 MainThread [INFO]  Received executor task 2443
2023-06-30 15:49:04.465 worker_log:602 24683 MainThread [INFO]  Completed executor task 2443
2023-06-30 15:49:04.465 worker_log:613 24683 MainThread [INFO]  All processing finished for executor task 2443
2023-06-30 15:50:01.785 worker_log:584 24683 MainThread [INFO]  Received executor task 2449
2023-06-30 15:50:45.093 worker_log:602 24683 MainThread [INFO]  Completed executor task 2449
2023-06-30 15:50:45.094 worker_log:613 24683 MainThread [INFO]  All processing finished for executor task 2449
2023-06-30 15:51:11.502 worker_log:584 24683 MainThread [INFO]  Received executor task 2473
2023-06-30 15:51:54.673 worker_log:602 24683 MainThread [INFO]  Completed executor task 2473
2023-06-30 15:51:54.673 worker_log:613 24683 MainThread [INFO]  All processing finished for executor task 2473
2023-06-30 15:52:27.015 worker_log:584 24683 MainThread [INFO]  Received executor task 2488
2023-06-30 15:53:12.588 worker_log:602 24683 MainThread [INFO]  Completed executor task 2488
2023-06-30 15:53:12.589 worker_log:613 24683 MainThread [INFO]  All processing finished for executor task 2488
2023-06-30 15:53:57.169 worker_log:584 24683 MainThread [INFO]  Received executor task 2506
2023-06-30 15:54:31.640 worker_log:602 24683 MainThread [INFO]  Completed executor task 2506
2023-06-30 15:54:31.640 worker_log:613 24683 MainThread [INFO]  All processing finished for executor task 2506
2023-06-30 15:55:45.694 worker_log:584 24683 MainThread [INFO]  Received executor task 2517
2023-06-30 15:56:12.112 worker_log:602 24683 MainThread [INFO]  Completed executor task 2517
2023-06-30 15:56:12.113 worker_log:613 24683 MainThread [INFO]  All processing finished for executor task 2517
2023-06-30 15:56:39.635 worker_log:584 24683 MainThread [INFO]  Received executor task 2531
2023-06-30 15:57:52.852 worker_log:602 24683 MainThread [INFO]  Completed executor task 2531
2023-06-30 15:57:52.853 worker_log:613 24683 MainThread [INFO]  All processing finished for executor task 2531
2023-06-30 15:58:08.534 worker_log:584 24683 MainThread [INFO]  Received executor task 2559
2023-06-30 15:58:32.514 worker_log:602 24683 MainThread [INFO]  Completed executor task 2559
2023-06-30 15:58:32.514 worker_log:613 24683 MainThread [INFO]  All processing finished for executor task 2559
2023-06-30 15:59:10.141 worker_log:584 24683 MainThread [INFO]  Received executor task 2562
2023-06-30 15:59:54.035 worker_log:602 24683 MainThread [INFO]  Completed executor task 2562
2023-06-30 15:59:54.035 worker_log:613 24683 MainThread [INFO]  All processing finished for executor task 2562
2023-06-30 16:00:01.086 worker_log:584 24683 MainThread [INFO]  Received executor task 2590
2023-06-30 16:01:29.149 worker_log:602 24683 MainThread [INFO]  Completed executor task 2590
2023-06-30 16:01:29.149 worker_log:613 24683 MainThread [INFO]  All processing finished for executor task 2590
2023-06-30 16:01:30.728 worker_log:584 24683 MainThread [INFO]  Received executor task 2608
2023-06-30 16:02:01.830 worker_log:602 24683 MainThread [INFO]  Completed executor task 2608
2023-06-30 16:02:01.830 worker_log:613 24683 MainThread [INFO]  All processing finished for executor task 2608
2023-06-30 16:02:26.532 worker_log:584 24683 MainThread [INFO]  Received executor task 2614
2023-06-30 16:03:16.254 worker_log:602 24683 MainThread [INFO]  Completed executor task 2614
2023-06-30 16:03:16.255 worker_log:613 24683 MainThread [INFO]  All processing finished for executor task 2614
2023-06-30 16:03:49.288 worker_log:584 24683 MainThread [INFO]  Received executor task 2635
2023-06-30 16:04:31.883 worker_log:602 24683 MainThread [INFO]  Completed executor task 2635
2023-06-30 16:04:31.884 worker_log:613 24683 MainThread [INFO]  All processing finished for executor task 2635
2023-06-30 16:05:37.438 worker_log:584 24683 MainThread [INFO]  Received executor task 2648
2023-06-30 16:06:19.815 worker_log:602 24683 MainThread [INFO]  Completed executor task 2648
2023-06-30 16:06:19.815 worker_log:613 24683 MainThread [INFO]  All processing finished for executor task 2648
2023-06-30 16:07:01.437 worker_log:584 24683 MainThread [INFO]  Received executor task 2667
2023-06-30 16:07:31.908 worker_log:602 24683 MainThread [INFO]  Completed executor task 2667
2023-06-30 16:07:31.909 worker_log:613 24683 MainThread [INFO]  All processing finished for executor task 2667
2023-06-30 16:08:05.046 worker_log:584 24683 MainThread [INFO]  Received executor task 2676
2023-06-30 16:09:19.128 worker_log:602 24683 MainThread [INFO]  Completed executor task 2676
2023-06-30 16:09:19.129 worker_log:613 24683 MainThread [INFO]  All processing finished for executor task 2676
2023-06-30 16:09:20.230 worker_log:584 24683 MainThread [INFO]  Received executor task 2704
2023-06-30 16:09:58.141 worker_log:602 24683 MainThread [INFO]  Completed executor task 2704
2023-06-30 16:09:58.141 worker_log:613 24683 MainThread [INFO]  All processing finished for executor task 2704
2023-06-30 16:10:35.215 worker_log:584 24683 MainThread [INFO]  Received executor task 2711
2023-06-30 16:11:50.727 worker_log:602 24683 MainThread [INFO]  Completed executor task 2711
2023-06-30 16:11:50.727 worker_log:613 24683 MainThread [INFO]  All processing finished for executor task 2711
2023-06-30 16:11:51.685 worker_log:584 24683 MainThread [INFO]  Received executor task 2736
2023-06-30 16:12:51.062 worker_log:602 24683 MainThread [INFO]  Completed executor task 2736
2023-06-30 16:12:51.063 worker_log:613 24683 MainThread [INFO]  All processing finished for executor task 2736
2023-06-30 16:13:25.855 worker_log:584 24683 MainThread [INFO]  Received executor task 2749
2023-06-30 16:14:25.144 worker_log:602 24683 MainThread [INFO]  Completed executor task 2749
2023-06-30 16:14:25.144 worker_log:613 24683 MainThread [INFO]  All processing finished for executor task 2749
2023-06-30 16:14:26.422 worker_log:584 24683 MainThread [INFO]  Received executor task 2768
2023-06-30 16:14:43.713 worker_log:602 24683 MainThread [INFO]  Completed executor task 2768
2023-06-30 16:14:43.713 worker_log:613 24683 MainThread [INFO]  All processing finished for executor task 2768
2023-06-30 16:15:48.396 worker_log:584 24683 MainThread [INFO]  Received executor task 2769
2023-06-30 16:16:15.236 worker_log:602 24683 MainThread [INFO]  Completed executor task 2769
2023-06-30 16:16:15.237 worker_log:613 24683 MainThread [INFO]  All processing finished for executor task 2769
2023-06-30 16:17:16.864 worker_log:584 24683 MainThread [INFO]  Received executor task 2788
2023-06-30 16:17:45.279 worker_log:602 24683 MainThread [INFO]  Completed executor task 2788
2023-06-30 16:17:45.280 worker_log:613 24683 MainThread [INFO]  All processing finished for executor task 2788
2023-06-30 16:18:14.774 worker_log:584 24683 MainThread [INFO]  Received executor task 2802
2023-06-30 16:18:32.233 worker_log:602 24683 MainThread [INFO]  Completed executor task 2802
2023-06-30 16:18:32.233 worker_log:613 24683 MainThread [INFO]  All processing finished for executor task 2802
2023-06-30 16:19:41.830 worker_log:584 24683 MainThread [INFO]  Received executor task 2817
2023-06-30 16:20:49.137 worker_log:602 24683 MainThread [INFO]  Completed executor task 2817
2023-06-30 16:20:49.138 worker_log:613 24683 MainThread [INFO]  All processing finished for executor task 2817
2023-06-30 16:20:50.303 worker_log:584 24683 MainThread [INFO]  Received executor task 2847
2023-06-30 16:21:22.031 worker_log:602 24683 MainThread [INFO]  Completed executor task 2847
2023-06-30 16:21:22.032 worker_log:613 24683 MainThread [INFO]  All processing finished for executor task 2847
2023-06-30 16:21:59.802 worker_log:584 24683 MainThread [INFO]  Received executor task 2855
2023-06-30 16:22:40.458 worker_log:602 24683 MainThread [INFO]  Completed executor task 2855
2023-06-30 16:22:40.463 worker_log:613 24683 MainThread [INFO]  All processing finished for executor task 2855
2023-06-30 16:23:16.688 worker_log:584 24683 MainThread [INFO]  Received executor task 2876
2023-06-30 16:24:27.903 worker_log:602 24683 MainThread [INFO]  Completed executor task 2876
2023-06-30 16:24:27.903 worker_log:613 24683 MainThread [INFO]  All processing finished for executor task 2876
2023-06-30 16:24:29.224 worker_log:584 24683 MainThread [INFO]  Received executor task 2896
2023-06-30 16:25:57.974 worker_log:602 24683 MainThread [INFO]  Completed executor task 2896
2023-06-30 16:25:57.975 worker_log:613 24683 MainThread [INFO]  All processing finished for executor task 2896
2023-06-30 16:25:59.147 worker_log:584 24683 MainThread [INFO]  Received executor task 2912
2023-06-30 16:26:31.197 worker_log:602 24683 MainThread [INFO]  Completed executor task 2912
2023-06-30 16:26:31.198 worker_log:613 24683 MainThread [INFO]  All processing finished for executor task 2912
2023-06-30 16:27:12.898 worker_log:584 24683 MainThread [INFO]  Received executor task 2917
2023-06-30 16:27:35.771 worker_log:602 24683 MainThread [INFO]  Completed executor task 2917
2023-06-30 16:27:35.772 worker_log:613 24683 MainThread [INFO]  All processing finished for executor task 2917
2023-06-30 16:28:23.956 worker_log:584 24683 MainThread [INFO]  Received executor task 2931
2023-06-30 16:28:38.639 worker_log:602 24683 MainThread [INFO]  Completed executor task 2931
2023-06-30 16:28:38.640 worker_log:613 24683 MainThread [INFO]  All processing finished for executor task 2931
2023-06-30 16:30:13.042 worker_log:584 24683 MainThread [INFO]  Received executor task 2945
2023-06-30 16:30:38.754 worker_log:602 24683 MainThread [INFO]  Completed executor task 2945
2023-06-30 16:30:38.754 worker_log:613 24683 MainThread [INFO]  All processing finished for executor task 2945
2023-06-30 16:31:19.817 worker_log:584 24683 MainThread [INFO]  Received executor task 2963
2023-06-30 16:32:23.867 worker_log:602 24683 MainThread [INFO]  Completed executor task 2963
2023-06-30 16:32:23.868 worker_log:613 24683 MainThread [INFO]  All processing finished for executor task 2963
2023-06-30 16:32:31.953 worker_log:584 24683 MainThread [INFO]  Received executor task 2991
2023-06-30 16:33:02.050 worker_log:602 24683 MainThread [INFO]  Completed executor task 2991
2023-06-30 16:33:02.051 worker_log:613 24683 MainThread [INFO]  All processing finished for executor task 2991
2023-06-30 16:33:57.812 worker_log:584 24683 MainThread [INFO]  Received executor task 2999
2023-06-30 16:34:41.419 worker_log:602 24683 MainThread [INFO]  Completed executor task 2999
2023-06-30 16:34:41.420 worker_log:613 24683 MainThread [INFO]  All processing finished for executor task 2999
2023-06-30 16:35:12.032 worker_log:584 24683 MainThread [INFO]  Received executor task 3018
2023-06-30 16:36:21.588 worker_log:602 24683 MainThread [INFO]  Completed executor task 3018
2023-06-30 16:36:21.589 worker_log:613 24683 MainThread [INFO]  All processing finished for executor task 3018
2023-06-30 16:37:01.191 worker_log:584 24683 MainThread [INFO]  Received executor task 3035
2023-06-30 16:37:54.452 worker_log:602 24683 MainThread [INFO]  Completed executor task 3035
2023-06-30 16:37:54.453 worker_log:613 24683 MainThread [INFO]  All processing finished for executor task 3035
2023-06-30 16:38:11.872 worker_log:584 24683 MainThread [INFO]  Received executor task 3051
2023-06-30 16:39:23.475 worker_log:602 24683 MainThread [INFO]  Completed executor task 3051
2023-06-30 16:39:23.475 worker_log:613 24683 MainThread [INFO]  All processing finished for executor task 3051
2023-06-30 16:39:32.178 worker_log:584 24683 MainThread [INFO]  Received executor task 3071
2023-06-30 16:40:00.559 worker_log:602 24683 MainThread [INFO]  Completed executor task 3071
2023-06-30 16:40:00.560 worker_log:613 24683 MainThread [INFO]  All processing finished for executor task 3071
2023-06-30 16:40:45.120 worker_log:584 24683 MainThread [INFO]  Received executor task 3076
2023-06-30 16:41:00.309 worker_log:602 24683 MainThread [INFO]  Completed executor task 3076
2023-06-30 16:41:00.310 worker_log:613 24683 MainThread [INFO]  All processing finished for executor task 3076
2023-06-30 16:41:43.617 worker_log:584 24683 MainThread [INFO]  Received executor task 3089
2023-06-30 16:42:28.501 worker_log:602 24683 MainThread [INFO]  Completed executor task 3089
2023-06-30 16:42:28.501 worker_log:613 24683 MainThread [INFO]  All processing finished for executor task 3089
2023-06-30 16:42:45.116 worker_log:584 24683 MainThread [INFO]  Received executor task 3118
2023-06-30 16:43:02.778 worker_log:602 24683 MainThread [INFO]  Completed executor task 3118
2023-06-30 16:43:02.778 worker_log:613 24683 MainThread [INFO]  All processing finished for executor task 3118
2023-06-30 16:43:43.623 worker_log:584 24683 MainThread [INFO]  Received executor task 3122
2023-06-30 16:44:32.585 worker_log:602 24683 MainThread [INFO]  Completed executor task 3122
2023-06-30 16:44:32.586 worker_log:613 24683 MainThread [INFO]  All processing finished for executor task 3122
2023-06-30 16:44:50.642 worker_log:584 24683 MainThread [INFO]  Received executor task 3150
2023-06-30 16:45:38.106 worker_log:602 24683 MainThread [INFO]  Completed executor task 3150
2023-06-30 16:45:38.107 worker_log:613 24683 MainThread [INFO]  All processing finished for executor task 3150
2023-06-30 16:46:12.075 worker_log:584 24683 MainThread [INFO]  Received executor task 3162
2023-06-30 16:46:43.474 worker_log:602 24683 MainThread [INFO]  Completed executor task 3162
2023-06-30 16:46:43.474 worker_log:613 24683 MainThread [INFO]  All processing finished for executor task 3162
2023-06-30 16:47:16.465 worker_log:584 24683 MainThread [INFO]  Received executor task 3173
2023-06-30 16:47:41.435 worker_log:602 24683 MainThread [INFO]  Completed executor task 3173
2023-06-30 16:47:41.435 worker_log:613 24683 MainThread [INFO]  All processing finished for executor task 3173
2023-06-30 16:49:34.514 worker_log:584 24683 MainThread [INFO]  Received executor task 3186
2023-06-30 16:50:35.478 worker_log:602 24683 MainThread [INFO]  Completed executor task 3186
2023-06-30 16:50:35.479 worker_log:613 24683 MainThread [INFO]  All processing finished for executor task 3186
2023-06-30 16:50:55.097 worker_log:584 24683 MainThread [INFO]  Received executor task 3214
2023-06-30 16:51:39.210 worker_log:602 24683 MainThread [INFO]  Completed executor task 3214
2023-06-30 16:51:39.211 worker_log:613 24683 MainThread [INFO]  All processing finished for executor task 3214
2023-06-30 16:52:07.277 worker_log:584 24683 MainThread [INFO]  Received executor task 3226
2023-06-30 16:52:36.738 worker_log:602 24683 MainThread [INFO]  Completed executor task 3226
2023-06-30 16:52:36.739 worker_log:613 24683 MainThread [INFO]  All processing finished for executor task 3226
2023-06-30 16:53:47.254 worker_log:584 24683 MainThread [INFO]  Received executor task 3234
2023-06-30 16:54:19.944 worker_log:602 24683 MainThread [INFO]  Completed executor task 3234
2023-06-30 16:54:19.945 worker_log:613 24683 MainThread [INFO]  All processing finished for executor task 3234
2023-06-30 16:54:56.116 worker_log:584 24683 MainThread [INFO]  Received executor task 3256
2023-06-30 16:55:31.866 worker_log:602 24683 MainThread [INFO]  Completed executor task 3256
2023-06-30 16:55:31.866 worker_log:613 24683 MainThread [INFO]  All processing finished for executor task 3256
2023-06-30 16:56:35.142 worker_log:584 24683 MainThread [INFO]  Received executor task 3271
2023-06-30 16:57:17.549 worker_log:602 24683 MainThread [INFO]  Completed executor task 3271
2023-06-30 16:57:17.549 worker_log:613 24683 MainThread [INFO]  All processing finished for executor task 3271
2023-06-30 16:57:49.411 worker_log:584 24683 MainThread [INFO]  Received executor task 3290
2023-06-30 16:58:09.888 worker_log:602 24683 MainThread [INFO]  Completed executor task 3290
2023-06-30 16:58:09.889 worker_log:613 24683 MainThread [INFO]  All processing finished for executor task 3290
2023-06-30 17:00:16.233 worker_log:584 24683 MainThread [INFO]  Received executor task 3298
2023-06-30 17:00:41.555 worker_log:602 24683 MainThread [INFO]  Completed executor task 3298
2023-06-30 17:00:41.556 worker_log:613 24683 MainThread [INFO]  All processing finished for executor task 3298
2023-06-30 17:01:33.129 worker_log:584 24683 MainThread [INFO]  Received executor task 3315
2023-06-30 17:02:14.797 worker_log:602 24683 MainThread [INFO]  Completed executor task 3315
2023-06-30 17:02:14.798 worker_log:613 24683 MainThread [INFO]  All processing finished for executor task 3315
2023-06-30 17:02:38.763 worker_log:584 24683 MainThread [INFO]  Received executor task 3341
2023-06-30 17:03:09.744 worker_log:602 24683 MainThread [INFO]  Completed executor task 3341
2023-06-30 17:03:09.745 worker_log:613 24683 MainThread [INFO]  All processing finished for executor task 3341
2023-06-30 17:04:13.715 worker_log:584 24683 MainThread [INFO]  Received executor task 3348
2023-06-30 17:04:45.015 worker_log:602 24683 MainThread [INFO]  Completed executor task 3348
2023-06-30 17:04:45.016 worker_log:613 24683 MainThread [INFO]  All processing finished for executor task 3348
2023-06-30 17:06:00.233 worker_log:584 24683 MainThread [INFO]  Received executor task 3364
2023-06-30 17:06:33.476 worker_log:602 24683 MainThread [INFO]  Completed executor task 3364
2023-06-30 17:06:33.477 worker_log:613 24683 MainThread [INFO]  All processing finished for executor task 3364
2023-06-30 17:07:07.019 worker_log:584 24683 MainThread [INFO]  Received executor task 3382
2023-06-30 17:08:14.409 worker_log:602 24683 MainThread [INFO]  Completed executor task 3382
2023-06-30 17:08:14.410 worker_log:613 24683 MainThread [INFO]  All processing finished for executor task 3382
2023-06-30 17:08:35.476 worker_log:584 24683 MainThread [INFO]  Received executor task 3406
2023-06-30 17:09:03.476 worker_log:602 24683 MainThread [INFO]  Completed executor task 3406
2023-06-30 17:09:03.477 worker_log:613 24683 MainThread [INFO]  All processing finished for executor task 3406
2023-06-30 17:10:14.574 worker_log:584 24683 MainThread [INFO]  Received executor task 3413
2023-06-30 17:10:50.293 worker_log:602 24683 MainThread [INFO]  Completed executor task 3413
2023-06-30 17:10:50.294 worker_log:613 24683 MainThread [INFO]  All processing finished for executor task 3413
2023-06-30 17:11:52.564 worker_log:584 24683 MainThread [INFO]  Received executor task 3432
2023-06-30 17:12:24.075 worker_log:602 24683 MainThread [INFO]  Completed executor task 3432
2023-06-30 17:12:24.075 worker_log:613 24683 MainThread [INFO]  All processing finished for executor task 3432
2023-06-30 17:13:01.386 worker_log:584 24683 MainThread [INFO]  Received executor task 3445
2023-06-30 17:13:42.601 worker_log:602 24683 MainThread [INFO]  Completed executor task 3445
2023-06-30 17:13:42.602 worker_log:613 24683 MainThread [INFO]  All processing finished for executor task 3445
2023-06-30 17:14:14.765 worker_log:584 24683 MainThread [INFO]  Received executor task 3465
2023-06-30 17:14:50.530 worker_log:602 24683 MainThread [INFO]  Completed executor task 3465
2023-06-30 17:14:50.531 worker_log:613 24683 MainThread [INFO]  All processing finished for executor task 3465
2023-06-30 17:15:48.093 worker_log:584 24683 MainThread [INFO]  Received executor task 3477
2023-06-30 17:16:11.967 worker_log:602 24683 MainThread [INFO]  Completed executor task 3477
2023-06-30 17:16:11.968 worker_log:613 24683 MainThread [INFO]  All processing finished for executor task 3477
2023-06-30 17:17:10.406 worker_log:584 24683 MainThread [INFO]  Received executor task 3492
2023-06-30 17:17:43.281 worker_log:602 24683 MainThread [INFO]  Completed executor task 3492
2023-06-30 17:17:43.281 worker_log:613 24683 MainThread [INFO]  All processing finished for executor task 3492
2023-06-30 17:18:34.150 worker_log:584 24683 MainThread [INFO]  Received executor task 3509
2023-06-30 17:19:47.303 worker_log:602 24683 MainThread [INFO]  Completed executor task 3509
2023-06-30 17:19:47.304 worker_log:613 24683 MainThread [INFO]  All processing finished for executor task 3509
2023-06-30 17:20:18.920 worker_log:584 24683 MainThread [INFO]  Received executor task 3535
2023-06-30 17:21:11.698 worker_log:602 24683 MainThread [INFO]  Completed executor task 3535
2023-06-30 17:21:11.699 worker_log:613 24683 MainThread [INFO]  All processing finished for executor task 3535
2023-06-30 17:21:16.630 worker_log:584 24683 MainThread [INFO]  Received executor task 3549
2023-06-30 17:22:07.669 worker_log:602 24683 MainThread [INFO]  Completed executor task 3549
2023-06-30 17:22:07.670 worker_log:613 24683 MainThread [INFO]  All processing finished for executor task 3549
2023-06-30 17:22:31.671 worker_log:584 24683 MainThread [INFO]  Received executor task 3563
2023-06-30 17:22:42.559 worker_log:602 24683 MainThread [INFO]  Completed executor task 3563
2023-06-30 17:22:42.560 worker_log:613 24683 MainThread [INFO]  All processing finished for executor task 3563
2023-06-30 17:24:05.715 worker_log:584 24683 MainThread [INFO]  Received executor task 3569
2023-06-30 17:24:37.046 worker_log:602 24683 MainThread [INFO]  Completed executor task 3569
2023-06-30 17:24:37.047 worker_log:613 24683 MainThread [INFO]  All processing finished for executor task 3569
2023-06-30 17:25:21.811 worker_log:584 24683 MainThread [INFO]  Received executor task 3590
2023-06-30 17:26:04.878 worker_log:602 24683 MainThread [INFO]  Completed executor task 3590
2023-06-30 17:26:04.879 worker_log:613 24683 MainThread [INFO]  All processing finished for executor task 3590
2023-06-30 17:26:42.203 worker_log:584 24683 MainThread [INFO]  Received executor task 3613
2023-06-30 17:27:18.802 worker_log:602 24683 MainThread [INFO]  Completed executor task 3613
2023-06-30 17:27:18.803 worker_log:613 24683 MainThread [INFO]  All processing finished for executor task 3613
2023-06-30 17:28:07.006 worker_log:584 24683 MainThread [INFO]  Received executor task 3623
2023-06-30 17:29:21.164 worker_log:602 24683 MainThread [INFO]  Completed executor task 3623
2023-06-30 17:29:21.165 worker_log:613 24683 MainThread [INFO]  All processing finished for executor task 3623
2023-06-30 17:29:22.296 worker_log:584 24683 MainThread [INFO]  Received executor task 3648
2023-06-30 17:31:08.056 worker_log:602 24683 MainThread [INFO]  Completed executor task 3648
2023-06-30 17:31:08.057 worker_log:613 24683 MainThread [INFO]  All processing finished for executor task 3648
2023-06-30 17:31:09.062 worker_log:584 24683 MainThread [INFO]  Received executor task 3664
2023-06-30 17:31:38.948 worker_log:602 24683 MainThread [INFO]  Completed executor task 3664
2023-06-30 17:31:38.948 worker_log:613 24683 MainThread [INFO]  All processing finished for executor task 3664
2023-06-30 17:32:24.918 worker_log:584 24683 MainThread [INFO]  Received executor task 3668
2023-06-30 17:33:16.079 worker_log:602 24683 MainThread [INFO]  Completed executor task 3668
2023-06-30 17:33:16.080 worker_log:613 24683 MainThread [INFO]  All processing finished for executor task 3668
2023-06-30 17:33:47.935 worker_log:584 24683 MainThread [INFO]  Received executor task 3693
2023-06-30 17:34:41.595 worker_log:602 24683 MainThread [INFO]  Completed executor task 3693
2023-06-30 17:34:41.595 worker_log:613 24683 MainThread [INFO]  All processing finished for executor task 3693
2023-06-30 17:34:57.390 worker_log:584 24683 MainThread [INFO]  Received executor task 3708
2023-06-30 17:35:48.314 worker_log:602 24683 MainThread [INFO]  Completed executor task 3708
2023-06-30 17:35:48.314 worker_log:613 24683 MainThread [INFO]  All processing finished for executor task 3708
2023-06-30 17:36:13.451 worker_log:584 24683 MainThread [INFO]  Received executor task 3726
2023-06-30 17:37:10.954 worker_log:602 24683 MainThread [INFO]  Completed executor task 3726
2023-06-30 17:37:10.955 worker_log:613 24683 MainThread [INFO]  All processing finished for executor task 3726
2023-06-30 17:37:28.727 worker_log:584 24683 MainThread [INFO]  Received executor task 3742
2023-06-30 17:38:24.770 worker_log:602 24683 MainThread [INFO]  Completed executor task 3742
2023-06-30 17:38:24.771 worker_log:613 24683 MainThread [INFO]  All processing finished for executor task 3742
2023-06-30 17:38:31.822 worker_log:584 24683 MainThread [INFO]  Received executor task 3757
2023-06-30 17:39:38.276 worker_log:602 24683 MainThread [INFO]  Completed executor task 3757
2023-06-30 17:39:38.277 worker_log:613 24683 MainThread [INFO]  All processing finished for executor task 3757
2023-06-30 17:39:50.179 worker_log:584 24683 MainThread [INFO]  Received executor task 3775
2023-06-30 17:40:40.796 worker_log:602 24683 MainThread [INFO]  Completed executor task 3775
2023-06-30 17:40:40.797 worker_log:613 24683 MainThread [INFO]  All processing finished for executor task 3775
2023-06-30 17:41:40.713 worker_log:584 24683 MainThread [INFO]  Received executor task 3788
2023-06-30 17:42:25.926 worker_log:602 24683 MainThread [INFO]  Completed executor task 3788
2023-06-30 17:42:25.927 worker_log:613 24683 MainThread [INFO]  All processing finished for executor task 3788
2023-06-30 17:43:01.597 worker_log:584 24683 MainThread [INFO]  Received executor task 3801
2023-06-30 17:44:00.720 worker_log:602 24683 MainThread [INFO]  Completed executor task 3801
2023-06-30 17:44:00.720 worker_log:613 24683 MainThread [INFO]  All processing finished for executor task 3801
2023-06-30 17:44:52.283 worker_log:584 24683 MainThread [INFO]  Received executor task 3820
2023-06-30 17:45:35.601 worker_log:602 24683 MainThread [INFO]  Completed executor task 3820
2023-06-30 17:45:35.602 worker_log:613 24683 MainThread [INFO]  All processing finished for executor task 3820
2023-06-30 17:45:58.751 worker_log:584 24683 MainThread [INFO]  Received executor task 3833
2023-06-30 17:46:34.413 worker_log:602 24683 MainThread [INFO]  Completed executor task 3833
2023-06-30 17:46:34.413 worker_log:613 24683 MainThread [INFO]  All processing finished for executor task 3833
2023-06-30 17:47:22.210 worker_log:584 24683 MainThread [INFO]  Received executor task 3843
2023-06-30 17:48:07.777 worker_log:602 24683 MainThread [INFO]  Completed executor task 3843
2023-06-30 17:48:07.777 worker_log:613 24683 MainThread [INFO]  All processing finished for executor task 3843
2023-06-30 17:48:41.740 worker_log:584 24683 MainThread [INFO]  Received executor task 3869
2023-06-30 17:49:27.301 worker_log:602 24683 MainThread [INFO]  Completed executor task 3869
2023-06-30 17:49:27.301 worker_log:613 24683 MainThread [INFO]  All processing finished for executor task 3869
2023-06-30 17:50:02.316 worker_log:584 24683 MainThread [INFO]  Received executor task 3880
2023-06-30 17:50:46.705 worker_log:602 24683 MainThread [INFO]  Completed executor task 3880
2023-06-30 17:50:46.705 worker_log:613 24683 MainThread [INFO]  All processing finished for executor task 3880
2023-06-30 17:51:01.363 worker_log:584 24683 MainThread [INFO]  Received executor task 3899
2023-06-30 17:51:27.368 worker_log:602 24683 MainThread [INFO]  Completed executor task 3899
2023-06-30 17:51:27.369 worker_log:613 24683 MainThread [INFO]  All processing finished for executor task 3899
2023-06-30 17:52:39.813 worker_log:584 24683 MainThread [INFO]  Received executor task 3908
2023-06-30 17:53:20.729 worker_log:602 24683 MainThread [INFO]  Completed executor task 3908
2023-06-30 17:53:20.730 worker_log:613 24683 MainThread [INFO]  All processing finished for executor task 3908
2023-06-30 17:53:37.322 worker_log:584 24683 MainThread [INFO]  Received executor task 3932
2023-06-30 17:54:30.628 worker_log:602 24683 MainThread [INFO]  Completed executor task 3932
2023-06-30 17:54:30.628 worker_log:613 24683 MainThread [INFO]  All processing finished for executor task 3932
2023-06-30 17:54:49.463 worker_log:584 24683 MainThread [INFO]  Received executor task 3948
2023-06-30 17:55:38.044 worker_log:602 24683 MainThread [INFO]  Completed executor task 3948
2023-06-30 17:55:38.044 worker_log:613 24683 MainThread [INFO]  All processing finished for executor task 3948
2023-06-30 17:56:03.283 worker_log:584 24683 MainThread [INFO]  Received executor task 3963
2023-06-30 17:57:30.671 worker_log:602 24683 MainThread [INFO]  Completed executor task 3963
2023-06-30 17:57:30.672 worker_log:613 24683 MainThread [INFO]  All processing finished for executor task 3963
2023-06-30 17:57:37.941 worker_log:584 24683 MainThread [INFO]  Received executor task 3983
2023-06-30 17:58:47.029 worker_log:602 24683 MainThread [INFO]  Completed executor task 3983
2023-06-30 17:58:47.030 worker_log:613 24683 MainThread [INFO]  All processing finished for executor task 3983
2023-06-30 17:58:48.151 worker_log:584 24683 MainThread [INFO]  Received executor task 4000
2023-06-30 17:59:10.261 worker_log:602 24683 MainThread [INFO]  Completed executor task 4000
2023-06-30 17:59:10.261 worker_log:613 24683 MainThread [INFO]  All processing finished for executor task 4000
2023-06-30 17:59:52.253 worker_log:584 24683 MainThread [INFO]  Received executor task 4001
2023-06-30 18:00:25.535 worker_log:602 24683 MainThread [INFO]  Completed executor task 4001
2023-06-30 18:00:25.536 worker_log:613 24683 MainThread [INFO]  All processing finished for executor task 4001
2023-06-30 18:01:23.388 worker_log:584 24683 MainThread [INFO]  Received executor task 4023
2023-06-30 18:01:47.028 worker_log:602 24683 MainThread [INFO]  Completed executor task 4023
2023-06-30 18:01:47.028 worker_log:613 24683 MainThread [INFO]  All processing finished for executor task 4023
2023-06-30 18:02:42.100 worker_log:584 24683 MainThread [INFO]  Received executor task 4034
2023-06-30 18:03:21.260 worker_log:602 24683 MainThread [INFO]  Completed executor task 4034
2023-06-30 18:03:21.261 worker_log:613 24683 MainThread [INFO]  All processing finished for executor task 4034
2023-06-30 18:03:51.913 worker_log:584 24683 MainThread [INFO]  Received executor task 4058
2023-06-30 18:04:17.219 worker_log:602 24683 MainThread [INFO]  Completed executor task 4058
2023-06-30 18:04:17.220 worker_log:613 24683 MainThread [INFO]  All processing finished for executor task 4058
2023-06-30 18:05:02.108 worker_log:584 24683 MainThread [INFO]  Received executor task 4068
2023-06-30 18:05:19.597 worker_log:602 24683 MainThread [INFO]  Completed executor task 4068
2023-06-30 18:05:19.598 worker_log:613 24683 MainThread [INFO]  All processing finished for executor task 4068
2023-06-30 18:06:05.217 worker_log:584 24683 MainThread [INFO]  Received executor task 4081
2023-06-30 18:06:20.161 worker_log:602 24683 MainThread [INFO]  Completed executor task 4081
2023-06-30 18:06:20.161 worker_log:613 24683 MainThread [INFO]  All processing finished for executor task 4081
2023-06-30 18:07:23.733 worker_log:584 24683 MainThread [INFO]  Received executor task 4097
2023-06-30 18:08:05.792 worker_log:602 24683 MainThread [INFO]  Completed executor task 4097
2023-06-30 18:08:05.793 worker_log:613 24683 MainThread [INFO]  All processing finished for executor task 4097
2023-06-30 18:08:19.346 worker_log:584 24683 MainThread [INFO]  Received executor task 4122
2023-06-30 18:08:59.093 worker_log:602 24683 MainThread [INFO]  Completed executor task 4122
2023-06-30 18:08:59.094 worker_log:613 24683 MainThread [INFO]  All processing finished for executor task 4122
2023-06-30 18:09:44.162 worker_log:584 24683 MainThread [INFO]  Received executor task 4135
2023-06-30 18:10:29.226 worker_log:602 24683 MainThread [INFO]  Completed executor task 4135
2023-06-30 18:10:29.226 worker_log:613 24683 MainThread [INFO]  All processing finished for executor task 4135
2023-06-30 18:10:59.636 worker_log:584 24683 MainThread [INFO]  Received executor task 4157
2023-06-30 18:11:16.303 worker_log:602 24683 MainThread [INFO]  Completed executor task 4157
2023-06-30 18:11:16.303 worker_log:613 24683 MainThread [INFO]  All processing finished for executor task 4157
2023-06-30 18:12:14.896 worker_log:584 24683 MainThread [INFO]  Received executor task 4161
2023-06-30 18:13:55.334 worker_log:602 24683 MainThread [INFO]  Completed executor task 4161
2023-06-30 18:13:55.335 worker_log:613 24683 MainThread [INFO]  All processing finished for executor task 4161
2023-06-30 18:13:56.842 worker_log:584 24683 MainThread [INFO]  Received executor task 4192
2023-06-30 18:14:29.239 worker_log:602 24683 MainThread [INFO]  Completed executor task 4192
2023-06-30 18:14:29.239 worker_log:613 24683 MainThread [INFO]  All processing finished for executor task 4192
2023-06-30 18:15:02.898 worker_log:584 24683 MainThread [INFO]  Received executor task 4197
2023-06-30 18:15:35.156 worker_log:602 24683 MainThread [INFO]  Completed executor task 4197
2023-06-30 18:15:35.157 worker_log:613 24683 MainThread [INFO]  All processing finished for executor task 4197
2023-06-30 18:16:34.138 worker_log:584 24683 MainThread [INFO]  Received executor task 4214
2023-06-30 18:17:17.843 worker_log:602 24683 MainThread [INFO]  Completed executor task 4214
2023-06-30 18:17:17.844 worker_log:613 24683 MainThread [INFO]  All processing finished for executor task 4214
2023-06-30 18:17:46.147 worker_log:584 24683 MainThread [INFO]  Received executor task 4236
2023-06-30 18:18:56.343 worker_log:602 24683 MainThread [INFO]  Completed executor task 4236
2023-06-30 18:18:56.343 worker_log:613 24683 MainThread [INFO]  All processing finished for executor task 4236
2023-06-30 18:19:04.256 worker_log:584 24683 MainThread [INFO]  Received executor task 4254
2023-06-30 18:19:13.967 worker_log:602 24683 MainThread [INFO]  Completed executor task 4254
2023-06-30 18:19:13.968 worker_log:613 24683 MainThread [INFO]  All processing finished for executor task 4254
2023-06-30 18:19:56.549 worker_log:584 24683 MainThread [INFO]  Received executor task 4257
2023-06-30 18:20:57.073 worker_log:602 24683 MainThread [INFO]  Completed executor task 4257
2023-06-30 18:20:57.074 worker_log:613 24683 MainThread [INFO]  All processing finished for executor task 4257
2023-06-30 18:21:27.512 worker_log:584 24683 MainThread [INFO]  Received executor task 4286
2023-06-30 18:22:28.715 worker_log:602 24683 MainThread [INFO]  Completed executor task 4286
2023-06-30 18:22:28.715 worker_log:613 24683 MainThread [INFO]  All processing finished for executor task 4286
2023-06-30 18:22:30.427 worker_log:584 24683 MainThread [INFO]  Received executor task 4303
2023-06-30 18:23:08.989 worker_log:602 24683 MainThread [INFO]  Completed executor task 4303
2023-06-30 18:23:08.989 worker_log:613 24683 MainThread [INFO]  All processing finished for executor task 4303
2023-06-30 18:24:15.848 worker_log:584 24683 MainThread [INFO]  Received executor task 4309
2023-06-30 18:24:54.683 worker_log:602 24683 MainThread [INFO]  Completed executor task 4309
2023-06-30 18:24:54.683 worker_log:613 24683 MainThread [INFO]  All processing finished for executor task 4309
2023-06-30 18:25:46.089 worker_log:584 24683 MainThread [INFO]  Received executor task 4327
2023-06-30 18:26:26.770 worker_log:602 24683 MainThread [INFO]  Completed executor task 4327
2023-06-30 18:26:26.771 worker_log:613 24683 MainThread [INFO]  All processing finished for executor task 4327
2023-06-30 18:27:24.258 worker_log:584 24683 MainThread [INFO]  Received executor task 4342
2023-06-30 18:27:58.532 worker_log:602 24683 MainThread [INFO]  Completed executor task 4342
2023-06-30 18:27:58.532 worker_log:613 24683 MainThread [INFO]  All processing finished for executor task 4342
2023-06-30 18:28:18.228 worker_log:584 24683 MainThread [INFO]  Received executor task 4359
2023-06-30 18:28:26.068 worker_log:602 24683 MainThread [INFO]  Completed executor task 4359
2023-06-30 18:28:26.069 worker_log:613 24683 MainThread [INFO]  All processing finished for executor task 4359
2023-06-30 18:29:27.073 worker_log:584 24683 MainThread [INFO]  Received executor task 4369
2023-06-30 18:29:58.801 worker_log:602 24683 MainThread [INFO]  Completed executor task 4369
2023-06-30 18:29:58.801 worker_log:613 24683 MainThread [INFO]  All processing finished for executor task 4369
2023-06-30 18:30:36.181 worker_log:584 24683 MainThread [INFO]  Received executor task 4390
2023-06-30 18:32:03.994 worker_log:602 24683 MainThread [INFO]  Completed executor task 4390
2023-06-30 18:32:03.994 worker_log:613 24683 MainThread [INFO]  All processing finished for executor task 4390
2023-06-30 18:32:05.161 worker_log:584 24683 MainThread [INFO]  Received executor task 4416
2023-06-30 18:32:54.892 worker_log:602 24683 MainThread [INFO]  Completed executor task 4416
2023-06-30 18:32:54.893 worker_log:613 24683 MainThread [INFO]  All processing finished for executor task 4416
2023-06-30 18:33:27.415 worker_log:584 24683 MainThread [INFO]  Received executor task 4425
2023-06-30 18:33:54.440 worker_log:602 24683 MainThread [INFO]  Completed executor task 4425
2023-06-30 18:33:54.440 worker_log:613 24683 MainThread [INFO]  All processing finished for executor task 4425
2023-06-30 18:34:58.413 worker_log:584 24683 MainThread [INFO]  Received executor task 4439
2023-06-30 18:36:15.495 worker_log:602 24683 MainThread [INFO]  Completed executor task 4439
2023-06-30 18:36:15.496 worker_log:613 24683 MainThread [INFO]  All processing finished for executor task 4439
2023-06-30 18:36:16.783 worker_log:584 24683 MainThread [INFO]  Received executor task 4464
2023-06-30 18:36:53.108 worker_log:602 24683 MainThread [INFO]  Completed executor task 4464
2023-06-30 18:36:53.108 worker_log:613 24683 MainThread [INFO]  All processing finished for executor task 4464
2023-06-30 18:37:25.074 worker_log:584 24683 MainThread [INFO]  Received executor task 4467
2023-06-30 18:37:50.976 worker_log:602 24683 MainThread [INFO]  Completed executor task 4467
2023-06-30 18:37:50.977 worker_log:613 24683 MainThread [INFO]  All processing finished for executor task 4467
2023-06-30 18:38:19.695 worker_log:584 24683 MainThread [INFO]  Received executor task 4487
2023-06-30 18:38:56.115 worker_log:602 24683 MainThread [INFO]  Completed executor task 4487
2023-06-30 18:38:56.116 worker_log:613 24683 MainThread [INFO]  All processing finished for executor task 4487
2023-06-30 18:39:40.683 worker_log:584 24683 MainThread [INFO]  Received executor task 4505
2023-06-30 18:40:17.160 worker_log:602 24683 MainThread [INFO]  Completed executor task 4505
2023-06-30 18:40:17.161 worker_log:613 24683 MainThread [INFO]  All processing finished for executor task 4505
2023-06-30 18:41:45.730 worker_log:584 24683 MainThread [INFO]  Received executor task 4520
2023-06-30 18:42:02.188 worker_log:602 24683 MainThread [INFO]  Completed executor task 4520
2023-06-30 18:42:02.189 worker_log:613 24683 MainThread [INFO]  All processing finished for executor task 4520
2023-06-30 18:42:43.197 worker_log:584 24683 MainThread [INFO]  Received executor task 4529
2023-06-30 18:43:43.573 worker_log:602 24683 MainThread [INFO]  Completed executor task 4529
2023-06-30 18:43:43.573 worker_log:613 24683 MainThread [INFO]  All processing finished for executor task 4529
2023-06-30 18:43:55.193 worker_log:584 24683 MainThread [INFO]  Received executor task 4558
2023-06-30 18:44:46.030 worker_log:602 24683 MainThread [INFO]  Completed executor task 4558
2023-06-30 18:44:46.030 worker_log:613 24683 MainThread [INFO]  All processing finished for executor task 4558
2023-06-30 18:45:28.832 worker_log:584 24683 MainThread [INFO]  Received executor task 4573
2023-06-30 18:46:05.797 worker_log:602 24683 MainThread [INFO]  Completed executor task 4573
2023-06-30 18:46:05.798 worker_log:613 24683 MainThread [INFO]  All processing finished for executor task 4573
2023-06-30 18:46:46.238 worker_log:584 24683 MainThread [INFO]  Received executor task 4584
2023-06-30 18:47:30.653 worker_log:602 24683 MainThread [INFO]  Completed executor task 4584
2023-06-30 18:47:30.654 worker_log:613 24683 MainThread [INFO]  All processing finished for executor task 4584
2023-06-30 18:47:52.644 worker_log:584 24683 MainThread [INFO]  Received executor task 4604
2023-06-30 18:48:48.773 worker_log:602 24683 MainThread [INFO]  Completed executor task 4604
2023-06-30 18:48:48.773 worker_log:613 24683 MainThread [INFO]  All processing finished for executor task 4604
2023-06-30 18:48:57.149 worker_log:584 24683 MainThread [INFO]  Received executor task 4622
2023-06-30 18:49:58.025 worker_log:602 24683 MainThread [INFO]  Completed executor task 4622
2023-06-30 18:49:58.026 worker_log:613 24683 MainThread [INFO]  All processing finished for executor task 4622
2023-06-30 18:49:59.166 worker_log:584 24683 MainThread [INFO]  Received executor task 4640
2023-06-30 18:50:52.466 worker_log:602 24683 MainThread [INFO]  Completed executor task 4640
2023-06-30 18:50:52.467 worker_log:613 24683 MainThread [INFO]  All processing finished for executor task 4640
2023-06-30 18:51:09.685 worker_log:584 24683 MainThread [INFO]  Received executor task 4653
2023-06-30 18:51:36.505 worker_log:602 24683 MainThread [INFO]  Completed executor task 4653
2023-06-30 18:51:36.506 worker_log:613 24683 MainThread [INFO]  All processing finished for executor task 4653
2023-06-30 18:52:27.543 worker_log:584 24683 MainThread [INFO]  Received executor task 4661
2023-06-30 18:53:36.854 worker_log:602 24683 MainThread [INFO]  Completed executor task 4661
2023-06-30 18:53:36.855 worker_log:613 24683 MainThread [INFO]  All processing finished for executor task 4661
2023-06-30 18:54:02.656 worker_log:584 24683 MainThread [INFO]  Received executor task 4684
2023-06-30 18:54:48.622 worker_log:602 24683 MainThread [INFO]  Completed executor task 4684
2023-06-30 18:54:48.622 worker_log:613 24683 MainThread [INFO]  All processing finished for executor task 4684
2023-06-30 18:55:22.320 worker_log:584 24683 MainThread [INFO]  Received executor task 4695
2023-06-30 18:56:11.806 worker_log:602 24683 MainThread [INFO]  Completed executor task 4695
2023-06-30 18:56:11.806 worker_log:613 24683 MainThread [INFO]  All processing finished for executor task 4695
2023-06-30 18:56:43.958 worker_log:584 24683 MainThread [INFO]  Received executor task 4712
2023-06-30 18:57:22.880 worker_log:602 24683 MainThread [INFO]  Completed executor task 4712
2023-06-30 18:57:22.880 worker_log:613 24683 MainThread [INFO]  All processing finished for executor task 4712
2023-06-30 18:58:30.598 worker_log:584 24683 MainThread [INFO]  Received executor task 4727
2023-06-30 18:59:14.017 worker_log:602 24683 MainThread [INFO]  Completed executor task 4727
2023-06-30 18:59:14.018 worker_log:613 24683 MainThread [INFO]  All processing finished for executor task 4727
2023-06-30 18:59:49.888 worker_log:584 24683 MainThread [INFO]  Received executor task 4750
2023-06-30 19:00:36.859 worker_log:602 24683 MainThread [INFO]  Completed executor task 4750
2023-06-30 19:00:36.860 worker_log:613 24683 MainThread [INFO]  All processing finished for executor task 4750
2023-06-30 19:01:11.918 worker_log:584 24683 MainThread [INFO]  Received executor task 4764
2023-06-30 19:01:42.925 worker_log:602 24683 MainThread [INFO]  Completed executor task 4764
2023-06-30 19:01:42.926 worker_log:613 24683 MainThread [INFO]  All processing finished for executor task 4764
2023-06-30 19:02:18.518 worker_log:584 24683 MainThread [INFO]  Received executor task 4773
2023-06-30 19:03:29.828 worker_log:602 24683 MainThread [INFO]  Completed executor task 4773
2023-06-30 19:03:29.829 worker_log:613 24683 MainThread [INFO]  All processing finished for executor task 4773
2023-06-30 19:03:37.216 worker_log:584 24683 MainThread [INFO]  Received executor task 4797
2023-06-30 19:04:21.113 worker_log:602 24683 MainThread [INFO]  Completed executor task 4797
2023-06-30 19:04:21.114 worker_log:613 24683 MainThread [INFO]  All processing finished for executor task 4797
2023-06-30 19:04:49.083 worker_log:584 24683 MainThread [INFO]  Received executor task 4809
2023-06-30 19:05:54.786 worker_log:602 24683 MainThread [INFO]  Completed executor task 4809
2023-06-30 19:05:54.787 worker_log:613 24683 MainThread [INFO]  All processing finished for executor task 4809
2023-06-30 19:06:08.408 worker_log:584 24683 MainThread [INFO]  Received executor task 4831
2023-06-30 19:06:47.703 worker_log:602 24683 MainThread [INFO]  Completed executor task 4831
2023-06-30 19:06:47.704 worker_log:613 24683 MainThread [INFO]  All processing finished for executor task 4831
2023-06-30 19:07:10.992 worker_log:584 24683 MainThread [INFO]  Received executor task 4840
2023-06-30 19:07:43.600 worker_log:602 24683 MainThread [INFO]  Completed executor task 4840
2023-06-30 19:07:43.600 worker_log:613 24683 MainThread [INFO]  All processing finished for executor task 4840
2023-06-30 19:08:16.119 worker_log:584 24683 MainThread [INFO]  Received executor task 4853
2023-06-30 19:09:06.364 worker_log:602 24683 MainThread [INFO]  Completed executor task 4853
2023-06-30 19:09:06.364 worker_log:613 24683 MainThread [INFO]  All processing finished for executor task 4853
2023-06-30 19:09:34.376 worker_log:584 24683 MainThread [INFO]  Received executor task 4877
2023-06-30 19:11:01.717 worker_log:602 24683 MainThread [INFO]  Completed executor task 4877
2023-06-30 19:11:01.718 worker_log:613 24683 MainThread [INFO]  All processing finished for executor task 4877
2023-06-30 19:11:03.338 worker_log:584 24683 MainThread [INFO]  Received executor task 4896
2023-06-30 19:12:15.483 worker_log:602 24683 MainThread [INFO]  Completed executor task 4896
2023-06-30 19:12:15.484 worker_log:613 24683 MainThread [INFO]  All processing finished for executor task 4896
2023-06-30 19:13:06.753 worker_log:584 24683 MainThread [INFO]  Received executor task 4910
2023-06-30 19:13:35.553 worker_log:602 24683 MainThread [INFO]  Completed executor task 4910
2023-06-30 19:13:35.554 worker_log:613 24683 MainThread [INFO]  All processing finished for executor task 4910
2023-06-30 19:14:19.749 worker_log:584 24683 MainThread [INFO]  Received executor task 4916
2023-06-30 19:14:48.146 worker_log:602 24683 MainThread [INFO]  Completed executor task 4916
2023-06-30 19:14:48.147 worker_log:613 24683 MainThread [INFO]  All processing finished for executor task 4916
2023-06-30 19:15:29.259 worker_log:584 24683 MainThread [INFO]  Received executor task 4934
2023-06-30 19:16:30.986 worker_log:602 24683 MainThread [INFO]  Completed executor task 4934
2023-06-30 19:16:30.986 worker_log:613 24683 MainThread [INFO]  All processing finished for executor task 4934
2023-06-30 19:18:40.251 worker_log:584 24683 MainThread [INFO]  Received executor task 4958
2023-06-30 19:19:27.985 worker_log:602 24683 MainThread [INFO]  Completed executor task 4958
2023-06-30 19:19:27.986 worker_log:613 24683 MainThread [INFO]  All processing finished for executor task 4958
2023-06-30 19:19:43.272 worker_log:584 24683 MainThread [INFO]  Received executor task 4974
2023-06-30 19:20:56.750 worker_log:602 24683 MainThread [INFO]  Completed executor task 4974
2023-06-30 19:20:56.751 worker_log:613 24683 MainThread [INFO]  All processing finished for executor task 4974
2023-06-30 19:20:58.012 worker_log:584 24683 MainThread [INFO]  Received executor task 4992
2023-06-30 19:21:41.530 worker_log:602 24683 MainThread [INFO]  Completed executor task 4992
2023-06-30 19:21:41.530 worker_log:613 24683 MainThread [INFO]  All processing finished for executor task 4992
2023-06-30 19:22:03.022 worker_log:584 24683 MainThread [INFO]  Received executor task 5003
2023-06-30 19:22:48.241 worker_log:602 24683 MainThread [INFO]  Completed executor task 5003
2023-06-30 19:22:48.241 worker_log:613 24683 MainThread [INFO]  All processing finished for executor task 5003
2023-06-30 19:23:04.192 worker_log:584 24683 MainThread [INFO]  Received executor task 5022
2023-06-30 19:24:04.871 worker_log:602 24683 MainThread [INFO]  Completed executor task 5022
2023-06-30 19:24:04.872 worker_log:613 24683 MainThread [INFO]  All processing finished for executor task 5022
2023-06-30 19:24:49.154 worker_log:584 24683 MainThread [INFO]  Received executor task 5038
2023-06-30 19:25:23.902 worker_log:602 24683 MainThread [INFO]  Completed executor task 5038
2023-06-30 19:25:23.903 worker_log:613 24683 MainThread [INFO]  All processing finished for executor task 5038
2023-06-30 19:25:38.702 worker_log:584 24683 MainThread [INFO]  Received executor task 5050
2023-06-30 19:27:01.117 worker_log:602 24683 MainThread [INFO]  Completed executor task 5050
2023-06-30 19:27:01.117 worker_log:613 24683 MainThread [INFO]  All processing finished for executor task 5050
2023-06-30 19:27:02.767 worker_log:584 24683 MainThread [INFO]  Received executor task 5072
2023-06-30 19:27:14.782 worker_log:602 24683 MainThread [INFO]  Completed executor task 5072
2023-06-30 19:27:14.782 worker_log:613 24683 MainThread [INFO]  All processing finished for executor task 5072
2023-06-30 19:27:59.150 worker_log:584 24683 MainThread [INFO]  Received executor task 5073
2023-06-30 19:28:32.420 worker_log:602 24683 MainThread [INFO]  Completed executor task 5073
2023-06-30 19:28:32.420 worker_log:613 24683 MainThread [INFO]  All processing finished for executor task 5073
2023-06-30 19:29:25.779 worker_log:584 24683 MainThread [INFO]  Received executor task 5097
2023-06-30 19:30:16.490 worker_log:602 24683 MainThread [INFO]  Completed executor task 5097
2023-06-30 19:30:16.490 worker_log:613 24683 MainThread [INFO]  All processing finished for executor task 5097
2023-06-30 19:31:06.294 worker_log:584 24683 MainThread [INFO]  Received executor task 5118
2023-06-30 19:31:50.394 worker_log:602 24683 MainThread [INFO]  Completed executor task 5118
2023-06-30 19:31:50.395 worker_log:613 24683 MainThread [INFO]  All processing finished for executor task 5118
2023-06-30 19:32:58.426 worker_log:584 24683 MainThread [INFO]  Received executor task 5130
2023-06-30 19:33:34.988 worker_log:602 24683 MainThread [INFO]  Completed executor task 5130
2023-06-30 19:33:34.988 worker_log:613 24683 MainThread [INFO]  All processing finished for executor task 5130
2023-06-30 19:34:17.853 worker_log:584 24683 MainThread [INFO]  Received executor task 5143
2023-06-30 19:35:42.167 worker_log:602 24683 MainThread [INFO]  Completed executor task 5143
2023-06-30 19:35:42.168 worker_log:613 24683 MainThread [INFO]  All processing finished for executor task 5143
2023-06-30 19:35:43.299 worker_log:584 24683 MainThread [INFO]  Received executor task 5168
2023-06-30 19:37:14.006 worker_log:602 24683 MainThread [INFO]  Completed executor task 5168
2023-06-30 19:37:14.007 worker_log:613 24683 MainThread [INFO]  All processing finished for executor task 5168
2023-06-30 19:37:15.785 worker_log:584 24683 MainThread [INFO]  Received executor task 5183
2023-06-30 19:37:58.585 worker_log:602 24683 MainThread [INFO]  Completed executor task 5183
2023-06-30 19:37:58.586 worker_log:613 24683 MainThread [INFO]  All processing finished for executor task 5183
2023-06-30 19:38:46.687 worker_log:584 24683 MainThread [INFO]  Received executor task 5192
2023-06-30 19:39:48.966 worker_log:602 24683 MainThread [INFO]  Completed executor task 5192
2023-06-30 19:39:48.967 worker_log:613 24683 MainThread [INFO]  All processing finished for executor task 5192
2023-06-30 19:39:58.201 worker_log:584 24683 MainThread [INFO]  Received executor task 5215
2023-06-30 19:41:15.435 worker_log:602 24683 MainThread [INFO]  Completed executor task 5215
2023-06-30 19:41:15.436 worker_log:613 24683 MainThread [INFO]  All processing finished for executor task 5215
2023-06-30 19:41:16.473 worker_log:584 24683 MainThread [INFO]  Received executor task 5232
2023-06-30 19:42:06.317 worker_log:602 24683 MainThread [INFO]  Completed executor task 5232
2023-06-30 19:42:06.318 worker_log:613 24683 MainThread [INFO]  All processing finished for executor task 5232
2023-06-30 19:42:36.568 worker_log:584 24683 MainThread [INFO]  Received executor task 5241
2023-06-30 19:43:01.125 worker_log:602 24683 MainThread [INFO]  Completed executor task 5241
2023-06-30 19:43:01.126 worker_log:613 24683 MainThread [INFO]  All processing finished for executor task 5241
2023-06-30 19:44:15.688 worker_log:584 24683 MainThread [INFO]  Received executor task 5253
2023-06-30 19:44:46.827 worker_log:602 24683 MainThread [INFO]  Completed executor task 5253
2023-06-30 19:44:46.828 worker_log:613 24683 MainThread [INFO]  All processing finished for executor task 5253
2023-06-30 19:45:29.748 worker_log:584 24683 MainThread [INFO]  Received executor task 5270
2023-06-30 19:46:01.638 worker_log:602 24683 MainThread [INFO]  Completed executor task 5270
2023-06-30 19:46:01.639 worker_log:613 24683 MainThread [INFO]  All processing finished for executor task 5270
2023-06-30 19:46:40.795 worker_log:584 24683 MainThread [INFO]  Received executor task 5283
2023-06-30 19:47:07.500 worker_log:602 24683 MainThread [INFO]  Completed executor task 5283
2023-06-30 19:47:07.501 worker_log:613 24683 MainThread [INFO]  All processing finished for executor task 5283
2023-06-30 19:47:43.219 worker_log:584 24683 MainThread [INFO]  Received executor task 5300
2023-06-30 19:48:15.600 worker_log:602 24683 MainThread [INFO]  Completed executor task 5300
2023-06-30 19:48:15.601 worker_log:613 24683 MainThread [INFO]  All processing finished for executor task 5300
2023-06-30 19:48:52.895 worker_log:584 24683 MainThread [INFO]  Received executor task 5317
2023-06-30 19:49:34.957 worker_log:602 24683 MainThread [INFO]  Completed executor task 5317
2023-06-30 19:49:34.957 worker_log:613 24683 MainThread [INFO]  All processing finished for executor task 5317
2023-06-30 19:50:00.118 worker_log:584 24683 MainThread [INFO]  Received executor task 5338
2023-06-30 19:50:34.637 worker_log:602 24683 MainThread [INFO]  Completed executor task 5338
2023-06-30 19:50:34.638 worker_log:613 24683 MainThread [INFO]  All processing finished for executor task 5338
2023-06-30 19:52:19.070 worker_log:584 24683 MainThread [INFO]  Received executor task 5349
2023-06-30 19:52:48.042 worker_log:602 24683 MainThread [INFO]  Completed executor task 5349
2023-06-30 19:52:48.043 worker_log:613 24683 MainThread [INFO]  All processing finished for executor task 5349
2023-06-30 19:53:51.337 worker_log:584 24683 MainThread [INFO]  Received executor task 5364
2023-06-30 19:54:39.723 worker_log:602 24683 MainThread [INFO]  Completed executor task 5364
2023-06-30 19:54:39.724 worker_log:613 24683 MainThread [INFO]  All processing finished for executor task 5364
2023-06-30 19:55:10.752 worker_log:584 24683 MainThread [INFO]  Received executor task 5386
2023-06-30 19:55:25.246 worker_log:602 24683 MainThread [INFO]  Completed executor task 5386
2023-06-30 19:55:25.247 worker_log:613 24683 MainThread [INFO]  All processing finished for executor task 5386
2023-06-30 19:56:15.926 worker_log:584 24683 MainThread [INFO]  Received executor task 5393
2023-06-30 19:57:18.296 worker_log:602 24683 MainThread [INFO]  Completed executor task 5393
2023-06-30 19:57:18.296 worker_log:613 24683 MainThread [INFO]  All processing finished for executor task 5393
2023-06-30 19:57:45.362 worker_log:584 24683 MainThread [INFO]  Received executor task 5422
2023-06-30 19:58:38.064 worker_log:602 24683 MainThread [INFO]  Completed executor task 5422
2023-06-30 19:58:38.064 worker_log:613 24683 MainThread [INFO]  All processing finished for executor task 5422
2023-06-30 19:59:03.750 worker_log:584 24683 MainThread [INFO]  Received executor task 5438
2023-06-30 20:00:03.319 worker_log:602 24683 MainThread [INFO]  Completed executor task 5438
2023-06-30 20:00:03.320 worker_log:613 24683 MainThread [INFO]  All processing finished for executor task 5438
2023-06-30 20:00:04.419 worker_log:584 24683 MainThread [INFO]  Received executor task 5456
2023-06-30 20:00:31.058 worker_log:602 24683 MainThread [INFO]  Completed executor task 5456
2023-06-30 20:00:31.059 worker_log:613 24683 MainThread [INFO]  All processing finished for executor task 5456
2023-06-30 20:01:09.445 worker_log:584 24683 MainThread [INFO]  Received executor task 5459
2023-06-30 20:01:38.083 worker_log:602 24683 MainThread [INFO]  Completed executor task 5459
2023-06-30 20:01:38.084 worker_log:613 24683 MainThread [INFO]  All processing finished for executor task 5459
2023-06-30 20:02:20.174 worker_log:584 24683 MainThread [INFO]  Received executor task 5475
2023-06-30 20:02:52.698 worker_log:602 24683 MainThread [INFO]  Completed executor task 5475
2023-06-30 20:02:52.698 worker_log:613 24683 MainThread [INFO]  All processing finished for executor task 5475
2023-06-30 20:03:15.135 worker_log:584 24683 MainThread [INFO]  Received executor task 5497
2023-06-30 20:03:46.603 worker_log:602 24683 MainThread [INFO]  Completed executor task 5497
2023-06-30 20:03:46.604 worker_log:613 24683 MainThread [INFO]  All processing finished for executor task 5497
2023-06-30 20:04:19.560 worker_log:584 24683 MainThread [INFO]  Received executor task 5512
2023-06-30 20:05:12.630 worker_log:602 24683 MainThread [INFO]  Completed executor task 5512
2023-06-30 20:05:12.630 worker_log:613 24683 MainThread [INFO]  All processing finished for executor task 5512
2023-06-30 20:05:38.004 worker_log:584 24683 MainThread [INFO]  Received executor task 5534
2023-06-30 20:06:01.712 worker_log:602 24683 MainThread [INFO]  Completed executor task 5534
2023-06-30 20:06:01.712 worker_log:613 24683 MainThread [INFO]  All processing finished for executor task 5534
2023-06-30 20:06:37.030 worker_log:584 24683 MainThread [INFO]  Received executor task 5541
2023-06-30 20:07:31.895 worker_log:602 24683 MainThread [INFO]  Completed executor task 5541
2023-06-30 20:07:31.896 worker_log:613 24683 MainThread [INFO]  All processing finished for executor task 5541
2023-06-30 20:07:53.419 worker_log:584 24683 MainThread [INFO]  Received executor task 5564
2023-06-30 20:08:41.144 worker_log:602 24683 MainThread [INFO]  Completed executor task 5564
2023-06-30 20:08:41.145 worker_log:613 24683 MainThread [INFO]  All processing finished for executor task 5564
2023-06-30 20:09:18.150 worker_log:584 24683 MainThread [INFO]  Received executor task 5576
2023-06-30 20:09:32.206 worker_log:602 24683 MainThread [INFO]  Completed executor task 5576
2023-06-30 20:09:32.206 worker_log:613 24683 MainThread [INFO]  All processing finished for executor task 5576
2023-06-30 20:10:46.198 worker_log:584 24683 MainThread [INFO]  Received executor task 5585
2023-06-30 20:11:06.571 worker_log:602 24683 MainThread [INFO]  Completed executor task 5585
2023-06-30 20:11:06.572 worker_log:613 24683 MainThread [INFO]  All processing finished for executor task 5585
2023-06-30 20:12:06.965 worker_log:584 24683 MainThread [INFO]  Received executor task 5601
2023-06-30 20:13:01.511 worker_log:602 24683 MainThread [INFO]  Completed executor task 5601
2023-06-30 20:13:01.512 worker_log:613 24683 MainThread [INFO]  All processing finished for executor task 5601
2023-06-30 20:13:32.885 worker_log:584 24683 MainThread [INFO]  Received executor task 5629
2023-06-30 20:14:24.485 worker_log:602 24683 MainThread [INFO]  Completed executor task 5629
2023-06-30 20:14:24.485 worker_log:613 24683 MainThread [INFO]  All processing finished for executor task 5629
2023-06-30 20:14:48.419 worker_log:584 24683 MainThread [INFO]  Received executor task 5647
