2023-06-30 12:25:40.268 worker_log:538 24671 MainThread [INFO]  Worker 8 started
2023-06-30 12:27:54.624 worker_log:584 24671 MainThread [INFO]  Received executor task 9
2023-06-30 12:28:58.307 worker_log:602 24671 MainThread [INFO]  Completed executor task 9
2023-06-30 12:28:58.308 worker_log:613 24671 MainThread [INFO]  All processing finished for executor task 9
2023-06-30 12:29:18.345 worker_log:584 24671 MainThread [INFO]  Received executor task 31
2023-06-30 12:30:01.798 worker_log:602 24671 MainThread [INFO]  Completed executor task 31
2023-06-30 12:30:01.799 worker_log:613 24671 MainThread [INFO]  All processing finished for executor task 31
2023-06-30 12:30:16.922 worker_log:584 24671 MainThread [INFO]  Received executor task 42
2023-06-30 12:31:12.885 worker_log:602 24671 MainThread [INFO]  Completed executor task 42
2023-06-30 12:31:12.885 worker_log:613 24671 MainThread [INFO]  All processing finished for executor task 42
2023-06-30 12:31:36.669 worker_log:584 24671 MainThread [INFO]  Received executor task 61
2023-06-30 12:32:16.780 worker_log:602 24671 MainThread [INFO]  Completed executor task 61
2023-06-30 12:32:16.780 worker_log:613 24671 MainThread [INFO]  All processing finished for executor task 61
2023-06-30 12:33:06.100 worker_log:584 24671 MainThread [INFO]  Received executor task 74
2023-06-30 12:33:39.457 worker_log:602 24671 MainThread [INFO]  Completed executor task 74
2023-06-30 12:33:39.458 worker_log:613 24671 MainThread [INFO]  All processing finished for executor task 74
2023-06-30 12:34:35.748 worker_log:584 24671 MainThread [INFO]  Received executor task 86
2023-06-30 12:35:03.880 worker_log:602 24671 MainThread [INFO]  Completed executor task 86
2023-06-30 12:35:03.880 worker_log:613 24671 MainThread [INFO]  All processing finished for executor task 86
2023-06-30 12:35:46.424 worker_log:584 24671 MainThread [INFO]  Received executor task 100
2023-06-30 12:36:04.322 worker_log:602 24671 MainThread [INFO]  Completed executor task 100
2023-06-30 12:36:04.322 worker_log:613 24671 MainThread [INFO]  All processing finished for executor task 100
2023-06-30 12:37:07.168 worker_log:584 24671 MainThread [INFO]  Received executor task 113
2023-06-30 12:37:40.998 worker_log:602 24671 MainThread [INFO]  Completed executor task 113
2023-06-30 12:37:40.999 worker_log:613 24671 MainThread [INFO]  All processing finished for executor task 113
2023-06-30 12:38:46.197 worker_log:584 24671 MainThread [INFO]  Received executor task 134
2023-06-30 12:39:34.329 worker_log:602 24671 MainThread [INFO]  Completed executor task 134
2023-06-30 12:39:34.329 worker_log:613 24671 MainThread [INFO]  All processing finished for executor task 134
2023-06-30 12:39:36.184 worker_log:584 24671 MainThread [INFO]  Received executor task 159
2023-06-30 12:40:08.302 worker_log:602 24671 MainThread [INFO]  Completed executor task 159
2023-06-30 12:40:08.303 worker_log:613 24671 MainThread [INFO]  All processing finished for executor task 159
2023-06-30 12:40:42.046 worker_log:584 24671 MainThread [INFO]  Received executor task 164
2023-06-30 12:40:52.659 worker_log:602 24671 MainThread [INFO]  Completed executor task 164
2023-06-30 12:40:52.659 worker_log:613 24671 MainThread [INFO]  All processing finished for executor task 164
2023-06-30 12:42:24.703 worker_log:584 24671 MainThread [INFO]  Received executor task 177
2023-06-30 12:43:10.492 worker_log:602 24671 MainThread [INFO]  Completed executor task 177
2023-06-30 12:43:10.492 worker_log:613 24671 MainThread [INFO]  All processing finished for executor task 177
2023-06-30 12:43:30.559 worker_log:584 24671 MainThread [INFO]  Received executor task 203
2023-06-30 12:43:52.945 worker_log:602 24671 MainThread [INFO]  Completed executor task 203
2023-06-30 12:43:52.946 worker_log:613 24671 MainThread [INFO]  All processing finished for executor task 203
2023-06-30 12:44:54.307 worker_log:584 24671 MainThread [INFO]  Received executor task 211
2023-06-30 12:45:37.650 worker_log:602 24671 MainThread [INFO]  Completed executor task 211
2023-06-30 12:45:37.651 worker_log:613 24671 MainThread [INFO]  All processing finished for executor task 211
2023-06-30 12:45:49.650 worker_log:584 24671 MainThread [INFO]  Received executor task 236
2023-06-30 12:46:28.239 worker_log:602 24671 MainThread [INFO]  Completed executor task 236
2023-06-30 12:46:28.239 worker_log:613 24671 MainThread [INFO]  All processing finished for executor task 236
2023-06-30 12:47:06.696 worker_log:584 24671 MainThread [INFO]  Received executor task 247
2023-06-30 12:47:50.059 worker_log:602 24671 MainThread [INFO]  Completed executor task 247
2023-06-30 12:47:50.060 worker_log:613 24671 MainThread [INFO]  All processing finished for executor task 247
2023-06-30 12:48:04.731 worker_log:584 24671 MainThread [INFO]  Received executor task 267
2023-06-30 12:48:29.293 worker_log:602 24671 MainThread [INFO]  Completed executor task 267
2023-06-30 12:48:29.293 worker_log:613 24671 MainThread [INFO]  All processing finished for executor task 267
2023-06-30 12:49:09.492 worker_log:584 24671 MainThread [INFO]  Received executor task 278
2023-06-30 12:50:02.696 worker_log:602 24671 MainThread [INFO]  Completed executor task 278
2023-06-30 12:50:02.696 worker_log:613 24671 MainThread [INFO]  All processing finished for executor task 278
2023-06-30 12:50:37.745 worker_log:584 24671 MainThread [INFO]  Received executor task 299
2023-06-30 12:51:24.612 worker_log:602 24671 MainThread [INFO]  Completed executor task 299
2023-06-30 12:51:24.612 worker_log:613 24671 MainThread [INFO]  All processing finished for executor task 299
2023-06-30 12:51:59.769 worker_log:584 24671 MainThread [INFO]  Received executor task 313
2023-06-30 12:52:36.946 worker_log:602 24671 MainThread [INFO]  Completed executor task 313
2023-06-30 12:52:36.947 worker_log:613 24671 MainThread [INFO]  All processing finished for executor task 313
2023-06-30 12:53:22.183 worker_log:584 24671 MainThread [INFO]  Received executor task 326
2023-06-30 12:53:52.784 worker_log:602 24671 MainThread [INFO]  Completed executor task 326
2023-06-30 12:53:52.785 worker_log:613 24671 MainThread [INFO]  All processing finished for executor task 326
2023-06-30 12:54:54.712 worker_log:584 24671 MainThread [INFO]  Received executor task 341
2023-06-30 12:56:36.072 worker_log:602 24671 MainThread [INFO]  Completed executor task 341
2023-06-30 12:56:36.072 worker_log:613 24671 MainThread [INFO]  All processing finished for executor task 341
2023-06-30 12:56:37.543 worker_log:584 24671 MainThread [INFO]  Received executor task 368
2023-06-30 12:57:15.186 worker_log:602 24671 MainThread [INFO]  Completed executor task 368
2023-06-30 12:57:15.186 worker_log:613 24671 MainThread [INFO]  All processing finished for executor task 368
2023-06-30 12:58:32.193 worker_log:584 24671 MainThread [INFO]  Received executor task 377
2023-06-30 12:58:56.155 worker_log:602 24671 MainThread [INFO]  Completed executor task 377
2023-06-30 12:58:56.156 worker_log:613 24671 MainThread [INFO]  All processing finished for executor task 377
2023-06-30 12:59:44.484 worker_log:584 24671 MainThread [INFO]  Received executor task 388
2023-06-30 13:01:04.527 worker_log:602 24671 MainThread [INFO]  Completed executor task 388
2023-06-30 13:01:04.528 worker_log:613 24671 MainThread [INFO]  All processing finished for executor task 388
2023-06-30 13:01:05.704 worker_log:584 24671 MainThread [INFO]  Received executor task 416
2023-06-30 13:02:22.218 worker_log:602 24671 MainThread [INFO]  Completed executor task 416
2023-06-30 13:02:22.219 worker_log:613 24671 MainThread [INFO]  All processing finished for executor task 416
2023-06-30 13:02:23.647 worker_log:584 24671 MainThread [INFO]  Received executor task 432
2023-06-30 13:03:18.517 worker_log:602 24671 MainThread [INFO]  Completed executor task 432
2023-06-30 13:03:18.518 worker_log:613 24671 MainThread [INFO]  All processing finished for executor task 432
2023-06-30 13:04:05.193 worker_log:584 24671 MainThread [INFO]  Received executor task 445
2023-06-30 13:04:37.439 worker_log:602 24671 MainThread [INFO]  Completed executor task 445
2023-06-30 13:04:37.439 worker_log:613 24671 MainThread [INFO]  All processing finished for executor task 445
2023-06-30 13:05:05.201 worker_log:584 24671 MainThread [INFO]  Received executor task 456
2023-06-30 13:06:00.835 worker_log:602 24671 MainThread [INFO]  Completed executor task 456
2023-06-30 13:06:00.835 worker_log:613 24671 MainThread [INFO]  All processing finished for executor task 456
2023-06-30 13:06:14.634 worker_log:584 24671 MainThread [INFO]  Received executor task 478
2023-06-30 13:06:58.763 worker_log:602 24671 MainThread [INFO]  Completed executor task 478
2023-06-30 13:06:58.763 worker_log:613 24671 MainThread [INFO]  All processing finished for executor task 478
2023-06-30 13:07:58.621 worker_log:584 24671 MainThread [INFO]  Received executor task 492
2023-06-30 13:08:55.953 worker_log:602 24671 MainThread [INFO]  Completed executor task 492
2023-06-30 13:08:55.953 worker_log:613 24671 MainThread [INFO]  All processing finished for executor task 492
2023-06-30 13:09:03.519 worker_log:584 24671 MainThread [INFO]  Received executor task 510
2023-06-30 13:09:42.667 worker_log:602 24671 MainThread [INFO]  Completed executor task 510
2023-06-30 13:09:42.668 worker_log:613 24671 MainThread [INFO]  All processing finished for executor task 510
2023-06-30 13:10:50.078 worker_log:584 24671 MainThread [INFO]  Received executor task 520
2023-06-30 13:11:26.481 worker_log:602 24671 MainThread [INFO]  Completed executor task 520
2023-06-30 13:11:26.482 worker_log:613 24671 MainThread [INFO]  All processing finished for executor task 520
2023-06-30 13:12:00.129 worker_log:584 24671 MainThread [INFO]  Received executor task 534
2023-06-30 13:12:33.425 worker_log:602 24671 MainThread [INFO]  Completed executor task 534
2023-06-30 13:12:33.425 worker_log:613 24671 MainThread [INFO]  All processing finished for executor task 534
2023-06-30 13:13:37.366 worker_log:584 24671 MainThread [INFO]  Received executor task 554
2023-06-30 13:14:09.188 worker_log:602 24671 MainThread [INFO]  Completed executor task 554
2023-06-30 13:14:09.189 worker_log:613 24671 MainThread [INFO]  All processing finished for executor task 554
2023-06-30 13:14:49.394 worker_log:584 24671 MainThread [INFO]  Received executor task 563
2023-06-30 13:15:17.739 worker_log:602 24671 MainThread [INFO]  Completed executor task 563
2023-06-30 13:15:17.739 worker_log:613 24671 MainThread [INFO]  All processing finished for executor task 563
2023-06-30 13:15:55.293 worker_log:584 24671 MainThread [INFO]  Received executor task 581
2023-06-30 13:16:14.311 worker_log:602 24671 MainThread [INFO]  Completed executor task 581
2023-06-30 13:16:14.311 worker_log:613 24671 MainThread [INFO]  All processing finished for executor task 581
2023-06-30 13:16:54.759 worker_log:584 24671 MainThread [INFO]  Received executor task 593
2023-06-30 13:17:40.300 worker_log:602 24671 MainThread [INFO]  Completed executor task 593
2023-06-30 13:17:40.300 worker_log:613 24671 MainThread [INFO]  All processing finished for executor task 593
2023-06-30 13:18:07.995 worker_log:584 24671 MainThread [INFO]  Received executor task 621
2023-06-30 13:19:17.162 worker_log:602 24671 MainThread [INFO]  Completed executor task 621
2023-06-30 13:19:17.163 worker_log:613 24671 MainThread [INFO]  All processing finished for executor task 621
2023-06-30 13:19:18.244 worker_log:584 24671 MainThread [INFO]  Received executor task 640
2023-06-30 13:19:59.532 worker_log:602 24671 MainThread [INFO]  Completed executor task 640
2023-06-30 13:19:59.532 worker_log:613 24671 MainThread [INFO]  All processing finished for executor task 640
2023-06-30 13:20:39.514 worker_log:584 24671 MainThread [INFO]  Received executor task 649
2023-06-30 13:21:00.270 worker_log:602 24671 MainThread [INFO]  Completed executor task 649
2023-06-30 13:21:00.271 worker_log:613 24671 MainThread [INFO]  All processing finished for executor task 649
2023-06-30 13:21:46.925 worker_log:584 24671 MainThread [INFO]  Received executor task 659
2023-06-30 13:22:12.492 worker_log:602 24671 MainThread [INFO]  Completed executor task 659
2023-06-30 13:22:12.492 worker_log:613 24671 MainThread [INFO]  All processing finished for executor task 659
2023-06-30 13:23:07.928 worker_log:584 24671 MainThread [INFO]  Received executor task 675
2023-06-30 13:23:57.479 worker_log:602 24671 MainThread [INFO]  Completed executor task 675
2023-06-30 13:23:57.479 worker_log:613 24671 MainThread [INFO]  All processing finished for executor task 675
2023-06-30 13:24:23.617 worker_log:584 24671 MainThread [INFO]  Received executor task 701
2023-06-30 13:25:35.504 worker_log:602 24671 MainThread [INFO]  Completed executor task 701
2023-06-30 13:25:35.505 worker_log:613 24671 MainThread [INFO]  All processing finished for executor task 701
2023-06-30 13:25:38.343 worker_log:584 24671 MainThread [INFO]  Received executor task 719
2023-06-30 13:26:30.391 worker_log:602 24671 MainThread [INFO]  Completed executor task 719
2023-06-30 13:26:30.391 worker_log:613 24671 MainThread [INFO]  All processing finished for executor task 719
2023-06-30 13:26:56.780 worker_log:584 24671 MainThread [INFO]  Received executor task 734
2023-06-30 13:27:54.207 worker_log:602 24671 MainThread [INFO]  Completed executor task 734
2023-06-30 13:27:54.207 worker_log:613 24671 MainThread [INFO]  All processing finished for executor task 734
2023-06-30 13:28:04.957 worker_log:584 24671 MainThread [INFO]  Received executor task 749
2023-06-30 13:28:49.329 worker_log:602 24671 MainThread [INFO]  Completed executor task 749
2023-06-30 13:28:49.329 worker_log:613 24671 MainThread [INFO]  All processing finished for executor task 749
2023-06-30 13:29:37.048 worker_log:584 24671 MainThread [INFO]  Received executor task 764
2023-06-30 13:30:23.196 worker_log:602 24671 MainThread [INFO]  Completed executor task 764
2023-06-30 13:30:23.197 worker_log:613 24671 MainThread [INFO]  All processing finished for executor task 764
2023-06-30 13:30:45.012 worker_log:584 24671 MainThread [INFO]  Received executor task 779
2023-06-30 13:31:24.634 worker_log:602 24671 MainThread [INFO]  Completed executor task 779
2023-06-30 13:31:24.634 worker_log:613 24671 MainThread [INFO]  All processing finished for executor task 779
2023-06-30 13:31:58.140 worker_log:584 24671 MainThread [INFO]  Received executor task 790
2023-06-30 13:33:04.735 worker_log:602 24671 MainThread [INFO]  Completed executor task 790
2023-06-30 13:33:04.735 worker_log:613 24671 MainThread [INFO]  All processing finished for executor task 790
2023-06-30 13:33:05.881 worker_log:584 24671 MainThread [INFO]  Received executor task 816
2023-06-30 13:33:47.952 worker_log:602 24671 MainThread [INFO]  Completed executor task 816
2023-06-30 13:33:47.953 worker_log:613 24671 MainThread [INFO]  All processing finished for executor task 816
2023-06-30 13:34:12.991 worker_log:584 24671 MainThread [INFO]  Received executor task 827
2023-06-30 13:34:38.004 worker_log:602 24671 MainThread [INFO]  Completed executor task 827
2023-06-30 13:34:38.005 worker_log:613 24671 MainThread [INFO]  All processing finished for executor task 827
2023-06-30 13:35:38.771 worker_log:584 24671 MainThread [INFO]  Received executor task 837
2023-06-30 13:36:07.288 worker_log:602 24671 MainThread [INFO]  Completed executor task 837
2023-06-30 13:36:07.289 worker_log:613 24671 MainThread [INFO]  All processing finished for executor task 837
2023-06-30 13:36:59.611 worker_log:584 24671 MainThread [INFO]  Received executor task 852
2023-06-30 13:38:41.478 worker_log:602 24671 MainThread [INFO]  Completed executor task 852
2023-06-30 13:38:41.478 worker_log:613 24671 MainThread [INFO]  All processing finished for executor task 852
2023-06-30 13:38:52.148 worker_log:584 24671 MainThread [INFO]  Received executor task 879
2023-06-30 13:39:58.116 worker_log:602 24671 MainThread [INFO]  Completed executor task 879
2023-06-30 13:39:58.117 worker_log:613 24671 MainThread [INFO]  All processing finished for executor task 879
2023-06-30 13:40:05.595 worker_log:584 24671 MainThread [INFO]  Received executor task 895
2023-06-30 13:41:09.536 worker_log:602 24671 MainThread [INFO]  Completed executor task 895
2023-06-30 13:41:09.537 worker_log:613 24671 MainThread [INFO]  All processing finished for executor task 895
2023-06-30 13:41:15.649 worker_log:584 24671 MainThread [INFO]  Received executor task 910
2023-06-30 13:41:26.487 worker_log:602 24671 MainThread [INFO]  Completed executor task 910
2023-06-30 13:41:26.488 worker_log:613 24671 MainThread [INFO]  All processing finished for executor task 910
2023-06-30 13:42:29.701 worker_log:584 24671 MainThread [INFO]  Received executor task 913
2023-06-30 13:43:21.439 worker_log:602 24671 MainThread [INFO]  Completed executor task 913
2023-06-30 13:43:21.439 worker_log:613 24671 MainThread [INFO]  All processing finished for executor task 913
2023-06-30 13:44:05.169 worker_log:584 24671 MainThread [INFO]  Received executor task 939
2023-06-30 13:45:05.707 worker_log:602 24671 MainThread [INFO]  Completed executor task 939
2023-06-30 13:45:05.708 worker_log:613 24671 MainThread [INFO]  All processing finished for executor task 939
2023-06-30 13:45:28.811 worker_log:584 24671 MainThread [INFO]  Received executor task 957
2023-06-30 13:46:23.992 worker_log:602 24671 MainThread [INFO]  Completed executor task 957
2023-06-30 13:46:23.992 worker_log:613 24671 MainThread [INFO]  All processing finished for executor task 957
2023-06-30 13:47:02.365 worker_log:584 24671 MainThread [INFO]  Received executor task 975
2023-06-30 13:47:52.001 worker_log:602 24671 MainThread [INFO]  Completed executor task 975
2023-06-30 13:47:52.002 worker_log:613 24671 MainThread [INFO]  All processing finished for executor task 975
2023-06-30 13:48:26.814 worker_log:584 24671 MainThread [INFO]  Received executor task 984
2023-06-30 13:49:05.851 worker_log:602 24671 MainThread [INFO]  Completed executor task 984
2023-06-30 13:49:05.851 worker_log:613 24671 MainThread [INFO]  All processing finished for executor task 984
2023-06-30 13:49:55.248 worker_log:584 24671 MainThread [INFO]  Received executor task 1001
2023-06-30 13:50:33.937 worker_log:602 24671 MainThread [INFO]  Completed executor task 1001
2023-06-30 13:50:33.937 worker_log:613 24671 MainThread [INFO]  All processing finished for executor task 1001
2023-06-30 13:51:17.825 worker_log:584 24671 MainThread [INFO]  Received executor task 1014
2023-06-30 13:52:01.394 worker_log:602 24671 MainThread [INFO]  Completed executor task 1014
2023-06-30 13:52:01.395 worker_log:613 24671 MainThread [INFO]  All processing finished for executor task 1014
2023-06-30 13:52:33.370 worker_log:584 24671 MainThread [INFO]  Received executor task 1033
2023-06-30 13:53:26.344 worker_log:602 24671 MainThread [INFO]  Completed executor task 1033
2023-06-30 13:53:26.344 worker_log:613 24671 MainThread [INFO]  All processing finished for executor task 1033
2023-06-30 13:54:04.800 worker_log:584 24671 MainThread [INFO]  Received executor task 1053
2023-06-30 13:55:03.175 worker_log:602 24671 MainThread [INFO]  Completed executor task 1053
2023-06-30 13:55:03.175 worker_log:613 24671 MainThread [INFO]  All processing finished for executor task 1053
2023-06-30 13:55:40.555 worker_log:584 24671 MainThread [INFO]  Received executor task 1070
2023-06-30 13:55:59.945 worker_log:602 24671 MainThread [INFO]  Completed executor task 1070
2023-06-30 13:55:59.945 worker_log:613 24671 MainThread [INFO]  All processing finished for executor task 1070
2023-06-30 13:57:11.760 worker_log:584 24671 MainThread [INFO]  Received executor task 1074
2023-06-30 13:57:21.885 worker_log:602 24671 MainThread [INFO]  Completed executor task 1074
2023-06-30 13:57:21.885 worker_log:613 24671 MainThread [INFO]  All processing finished for executor task 1074
2023-06-30 13:58:53.649 worker_log:584 24671 MainThread [INFO]  Received executor task 1089
2023-06-30 13:59:18.861 worker_log:602 24671 MainThread [INFO]  Completed executor task 1089
2023-06-30 13:59:18.862 worker_log:613 24671 MainThread [INFO]  All processing finished for executor task 1089
2023-06-30 14:00:03.677 worker_log:584 24671 MainThread [INFO]  Received executor task 1110
2023-06-30 14:00:33.095 worker_log:602 24671 MainThread [INFO]  Completed executor task 1110
2023-06-30 14:00:33.096 worker_log:613 24671 MainThread [INFO]  All processing finished for executor task 1110
2023-06-30 14:01:35.349 worker_log:584 24671 MainThread [INFO]  Received executor task 1127
2023-06-30 14:02:16.692 worker_log:602 24671 MainThread [INFO]  Completed executor task 1127
2023-06-30 14:02:16.692 worker_log:613 24671 MainThread [INFO]  All processing finished for executor task 1127
2023-06-30 14:02:51.613 worker_log:584 24671 MainThread [INFO]  Received executor task 1143
2023-06-30 14:03:21.964 worker_log:602 24671 MainThread [INFO]  Completed executor task 1143
2023-06-30 14:03:21.965 worker_log:613 24671 MainThread [INFO]  All processing finished for executor task 1143
2023-06-30 14:03:59.058 worker_log:584 24671 MainThread [INFO]  Received executor task 1158
2023-06-30 14:04:16.486 worker_log:602 24671 MainThread [INFO]  Completed executor task 1158
2023-06-30 14:04:16.486 worker_log:613 24671 MainThread [INFO]  All processing finished for executor task 1158
2023-06-30 14:05:00.652 worker_log:584 24671 MainThread [INFO]  Received executor task 1170
2023-06-30 14:05:56.538 worker_log:602 24671 MainThread [INFO]  Completed executor task 1170
2023-06-30 14:05:56.538 worker_log:613 24671 MainThread [INFO]  All processing finished for executor task 1170
2023-06-30 14:06:37.421 worker_log:584 24671 MainThread [INFO]  Received executor task 1196
2023-06-30 14:07:02.750 worker_log:602 24671 MainThread [INFO]  Completed executor task 1196
2023-06-30 14:07:02.751 worker_log:613 24671 MainThread [INFO]  All processing finished for executor task 1196
2023-06-30 14:08:03.723 worker_log:584 24671 MainThread [INFO]  Received executor task 1204
2023-06-30 14:08:49.294 worker_log:602 24671 MainThread [INFO]  Completed executor task 1204
2023-06-30 14:08:49.295 worker_log:613 24671 MainThread [INFO]  All processing finished for executor task 1204
2023-06-30 14:09:15.486 worker_log:584 24671 MainThread [INFO]  Received executor task 1228
2023-06-30 14:10:08.637 worker_log:602 24671 MainThread [INFO]  Completed executor task 1228
2023-06-30 14:10:08.638 worker_log:613 24671 MainThread [INFO]  All processing finished for executor task 1228
2023-06-30 14:10:39.122 worker_log:584 24671 MainThread [INFO]  Received executor task 1245
2023-06-30 14:12:01.875 worker_log:602 24671 MainThread [INFO]  Completed executor task 1245
2023-06-30 14:12:01.876 worker_log:613 24671 MainThread [INFO]  All processing finished for executor task 1245
2023-06-30 14:12:32.872 worker_log:584 24671 MainThread [INFO]  Received executor task 1262
2023-06-30 14:13:06.355 worker_log:602 24671 MainThread [INFO]  Completed executor task 1262
2023-06-30 14:13:06.356 worker_log:613 24671 MainThread [INFO]  All processing finished for executor task 1262
2023-06-30 14:14:10.407 worker_log:584 24671 MainThread [INFO]  Received executor task 1270
2023-06-30 14:14:43.200 worker_log:602 24671 MainThread [INFO]  Completed executor task 1270
2023-06-30 14:14:43.201 worker_log:613 24671 MainThread [INFO]  All processing finished for executor task 1270
2023-06-30 14:15:26.321 worker_log:584 24671 MainThread [INFO]  Received executor task 1285
2023-06-30 14:16:14.491 worker_log:602 24671 MainThread [INFO]  Completed executor task 1285
2023-06-30 14:16:14.492 worker_log:613 24671 MainThread [INFO]  All processing finished for executor task 1285
2023-06-30 14:16:24.110 worker_log:584 24671 MainThread [INFO]  Received executor task 1310
2023-06-30 14:17:07.788 worker_log:602 24671 MainThread [INFO]  Completed executor task 1310
2023-06-30 14:17:07.789 worker_log:613 24671 MainThread [INFO]  All processing finished for executor task 1310
2023-06-30 14:17:43.311 worker_log:584 24671 MainThread [INFO]  Received executor task 1325
2023-06-30 14:18:30.226 worker_log:602 24671 MainThread [INFO]  Completed executor task 1325
2023-06-30 14:18:30.226 worker_log:613 24671 MainThread [INFO]  All processing finished for executor task 1325
2023-06-30 14:19:22.579 worker_log:584 24671 MainThread [INFO]  Received executor task 1341
2023-06-30 14:20:02.391 worker_log:602 24671 MainThread [INFO]  Completed executor task 1341
2023-06-30 14:20:02.392 worker_log:613 24671 MainThread [INFO]  All processing finished for executor task 1341
2023-06-30 14:20:33.208 worker_log:584 24671 MainThread [INFO]  Received executor task 1353
2023-06-30 14:20:53.629 worker_log:602 24671 MainThread [INFO]  Completed executor task 1353
2023-06-30 14:20:53.630 worker_log:613 24671 MainThread [INFO]  All processing finished for executor task 1353
2023-06-30 14:21:58.027 worker_log:584 24671 MainThread [INFO]  Received executor task 1363
2023-06-30 14:22:19.848 worker_log:602 24671 MainThread [INFO]  Completed executor task 1363
2023-06-30 14:22:19.849 worker_log:613 24671 MainThread [INFO]  All processing finished for executor task 1363
2023-06-30 14:23:07.857 worker_log:584 24671 MainThread [INFO]  Received executor task 1381
2023-06-30 14:24:26.530 worker_log:602 24671 MainThread [INFO]  Completed executor task 1381
2023-06-30 14:24:26.531 worker_log:613 24671 MainThread [INFO]  All processing finished for executor task 1381
2023-06-30 14:24:27.798 worker_log:584 24671 MainThread [INFO]  Received executor task 1408
2023-06-30 14:25:34.964 worker_log:602 24671 MainThread [INFO]  Completed executor task 1408
2023-06-30 14:25:34.965 worker_log:613 24671 MainThread [INFO]  All processing finished for executor task 1408
2023-06-30 14:25:36.615 worker_log:584 24671 MainThread [INFO]  Received executor task 1423
2023-06-30 14:26:10.570 worker_log:602 24671 MainThread [INFO]  Completed executor task 1423
2023-06-30 14:26:10.571 worker_log:613 24671 MainThread [INFO]  All processing finished for executor task 1423
2023-06-30 14:26:45.799 worker_log:584 24671 MainThread [INFO]  Received executor task 1432
2023-06-30 14:27:33.123 worker_log:602 24671 MainThread [INFO]  Completed executor task 1432
2023-06-30 14:27:33.124 worker_log:613 24671 MainThread [INFO]  All processing finished for executor task 1432
2023-06-30 14:27:53.497 worker_log:584 24671 MainThread [INFO]  Received executor task 1454
2023-06-30 14:29:12.483 worker_log:602 24671 MainThread [INFO]  Completed executor task 1454
2023-06-30 14:29:12.484 worker_log:613 24671 MainThread [INFO]  All processing finished for executor task 1454
2023-06-30 14:29:17.800 worker_log:584 24671 MainThread [INFO]  Received executor task 1471
2023-06-30 14:29:51.867 worker_log:602 24671 MainThread [INFO]  Completed executor task 1471
2023-06-30 14:29:51.868 worker_log:613 24671 MainThread [INFO]  All processing finished for executor task 1471
2023-06-30 14:30:24.129 worker_log:584 24671 MainThread [INFO]  Received executor task 1477
2023-06-30 14:30:49.161 worker_log:602 24671 MainThread [INFO]  Completed executor task 1477
2023-06-30 14:30:49.162 worker_log:613 24671 MainThread [INFO]  All processing finished for executor task 1477
2023-06-30 14:32:01.629 worker_log:584 24671 MainThread [INFO]  Received executor task 1492
2023-06-30 14:32:35.740 worker_log:602 24671 MainThread [INFO]  Completed executor task 1492
2023-06-30 14:32:35.741 worker_log:613 24671 MainThread [INFO]  All processing finished for executor task 1492
2023-06-30 14:33:26.123 worker_log:584 24671 MainThread [INFO]  Received executor task 1508
2023-06-30 14:34:04.425 worker_log:602 24671 MainThread [INFO]  Completed executor task 1508
2023-06-30 14:34:04.425 worker_log:613 24671 MainThread [INFO]  All processing finished for executor task 1508
2023-06-30 14:34:42.840 worker_log:584 24671 MainThread [INFO]  Received executor task 1528
2023-06-30 14:35:15.186 worker_log:602 24671 MainThread [INFO]  Completed executor task 1528
2023-06-30 14:35:15.186 worker_log:613 24671 MainThread [INFO]  All processing finished for executor task 1528
2023-06-30 14:35:37.112 worker_log:584 24671 MainThread [INFO]  Received executor task 1545
2023-06-30 14:36:20.229 worker_log:602 24671 MainThread [INFO]  Completed executor task 1545
2023-06-30 14:36:20.230 worker_log:613 24671 MainThread [INFO]  All processing finished for executor task 1545
2023-06-30 14:37:00.548 worker_log:584 24671 MainThread [INFO]  Received executor task 1559
2023-06-30 14:37:36.041 worker_log:602 24671 MainThread [INFO]  Completed executor task 1559
2023-06-30 14:37:36.042 worker_log:613 24671 MainThread [INFO]  All processing finished for executor task 1559
2023-06-30 14:38:08.426 worker_log:584 24671 MainThread [INFO]  Received executor task 1573
2023-06-30 14:38:49.074 worker_log:602 24671 MainThread [INFO]  Completed executor task 1573
2023-06-30 14:38:49.074 worker_log:613 24671 MainThread [INFO]  All processing finished for executor task 1573
2023-06-30 14:39:05.556 worker_log:584 24671 MainThread [INFO]  Received executor task 1597
2023-06-30 14:39:34.552 worker_log:602 24671 MainThread [INFO]  Completed executor task 1597
2023-06-30 14:39:34.553 worker_log:613 24671 MainThread [INFO]  All processing finished for executor task 1597
2023-06-30 14:39:48.871 worker_log:584 24671 MainThread [INFO]  Received executor task 1606
2023-06-30 14:40:28.002 worker_log:602 24671 MainThread [INFO]  Completed executor task 1606
2023-06-30 14:40:28.002 worker_log:613 24671 MainThread [INFO]  All processing finished for executor task 1606
2023-06-30 14:41:31.191 worker_log:584 24671 MainThread [INFO]  Received executor task 1622
2023-06-30 14:42:22.082 worker_log:602 24671 MainThread [INFO]  Completed executor task 1622
2023-06-30 14:42:22.083 worker_log:613 24671 MainThread [INFO]  All processing finished for executor task 1622
2023-06-30 14:43:00.797 worker_log:584 24671 MainThread [INFO]  Received executor task 1644
2023-06-30 14:43:25.807 worker_log:602 24671 MainThread [INFO]  Completed executor task 1644
2023-06-30 14:43:25.808 worker_log:613 24671 MainThread [INFO]  All processing finished for executor task 1644
2023-06-30 14:44:04.905 worker_log:584 24671 MainThread [INFO]  Received executor task 1650
2023-06-30 14:44:57.557 worker_log:602 24671 MainThread [INFO]  Completed executor task 1650
2023-06-30 14:44:57.557 worker_log:613 24671 MainThread [INFO]  All processing finished for executor task 1650
2023-06-30 14:45:16.875 worker_log:584 24671 MainThread [INFO]  Received executor task 1679
2023-06-30 14:46:24.527 worker_log:602 24671 MainThread [INFO]  Completed executor task 1679
2023-06-30 14:46:24.528 worker_log:613 24671 MainThread [INFO]  All processing finished for executor task 1679
2023-06-30 14:46:34.076 worker_log:584 24671 MainThread [INFO]  Received executor task 1694
2023-06-30 14:46:56.296 worker_log:602 24671 MainThread [INFO]  Completed executor task 1694
2023-06-30 14:46:56.296 worker_log:613 24671 MainThread [INFO]  All processing finished for executor task 1694
2023-06-30 14:48:18.425 worker_log:584 24671 MainThread [INFO]  Received executor task 1701
2023-06-30 14:48:58.807 worker_log:602 24671 MainThread [INFO]  Completed executor task 1701
2023-06-30 14:48:58.808 worker_log:613 24671 MainThread [INFO]  All processing finished for executor task 1701
2023-06-30 14:49:21.650 worker_log:584 24671 MainThread [INFO]  Received executor task 1719
2023-06-30 14:49:55.898 worker_log:602 24671 MainThread [INFO]  Completed executor task 1719
2023-06-30 14:49:55.899 worker_log:613 24671 MainThread [INFO]  All processing finished for executor task 1719
2023-06-30 14:50:26.564 worker_log:584 24671 MainThread [INFO]  Received executor task 1733
2023-06-30 14:51:01.339 worker_log:602 24671 MainThread [INFO]  Completed executor task 1733
2023-06-30 14:51:01.340 worker_log:613 24671 MainThread [INFO]  All processing finished for executor task 1733
2023-06-30 14:51:57.534 worker_log:584 24671 MainThread [INFO]  Received executor task 1749
2023-06-30 14:52:26.704 worker_log:602 24671 MainThread [INFO]  Completed executor task 1749
2023-06-30 14:52:26.705 worker_log:613 24671 MainThread [INFO]  All processing finished for executor task 1749
2023-06-30 14:53:04.442 worker_log:584 24671 MainThread [INFO]  Received executor task 1766
2023-06-30 14:53:30.138 worker_log:602 24671 MainThread [INFO]  Completed executor task 1766
2023-06-30 14:53:30.139 worker_log:613 24671 MainThread [INFO]  All processing finished for executor task 1766
2023-06-30 14:54:20.575 worker_log:584 24671 MainThread [INFO]  Received executor task 1778
2023-06-30 14:55:08.274 worker_log:602 24671 MainThread [INFO]  Completed executor task 1778
2023-06-30 14:55:08.274 worker_log:613 24671 MainThread [INFO]  All processing finished for executor task 1778
2023-06-30 14:55:35.904 worker_log:584 24671 MainThread [INFO]  Received executor task 1803
2023-06-30 14:56:07.210 worker_log:602 24671 MainThread [INFO]  Completed executor task 1803
2023-06-30 14:56:07.210 worker_log:613 24671 MainThread [INFO]  All processing finished for executor task 1803
2023-06-30 14:56:50.237 worker_log:584 24671 MainThread [INFO]  Received executor task 1813
2023-06-30 14:57:24.613 worker_log:602 24671 MainThread [INFO]  Completed executor task 1813
2023-06-30 14:57:24.614 worker_log:613 24671 MainThread [INFO]  All processing finished for executor task 1813
2023-06-30 14:58:16.633 worker_log:584 24671 MainThread [INFO]  Received executor task 1828
2023-06-30 14:58:35.503 worker_log:602 24671 MainThread [INFO]  Completed executor task 1828
2023-06-30 14:58:35.503 worker_log:613 24671 MainThread [INFO]  All processing finished for executor task 1828
2023-06-30 14:59:25.677 worker_log:584 24671 MainThread [INFO]  Received executor task 1842
2023-06-30 15:00:03.439 worker_log:602 24671 MainThread [INFO]  Completed executor task 1842
2023-06-30 15:00:03.440 worker_log:613 24671 MainThread [INFO]  All processing finished for executor task 1842
2023-06-30 15:00:38.706 worker_log:584 24671 MainThread [INFO]  Received executor task 1863
2023-06-30 15:01:23.237 worker_log:602 24671 MainThread [INFO]  Completed executor task 1863
2023-06-30 15:01:23.237 worker_log:613 24671 MainThread [INFO]  All processing finished for executor task 1863
2023-06-30 15:01:53.691 worker_log:584 24671 MainThread [INFO]  Received executor task 1880
2023-06-30 15:02:22.022 worker_log:602 24671 MainThread [INFO]  Completed executor task 1880
2023-06-30 15:02:22.023 worker_log:613 24671 MainThread [INFO]  All processing finished for executor task 1880
2023-06-30 15:03:37.340 worker_log:584 24671 MainThread [INFO]  Received executor task 1894
2023-06-30 15:03:56.783 worker_log:602 24671 MainThread [INFO]  Completed executor task 1894
2023-06-30 15:03:56.783 worker_log:613 24671 MainThread [INFO]  All processing finished for executor task 1894
2023-06-30 15:05:13.622 worker_log:584 24671 MainThread [INFO]  Received executor task 1908
2023-06-30 15:05:40.281 worker_log:602 24671 MainThread [INFO]  Completed executor task 1908
2023-06-30 15:05:40.282 worker_log:613 24671 MainThread [INFO]  All processing finished for executor task 1908
2023-06-30 15:06:29.408 worker_log:584 24671 MainThread [INFO]  Received executor task 1925
2023-06-30 15:07:45.495 worker_log:602 24671 MainThread [INFO]  Completed executor task 1925
2023-06-30 15:07:45.496 worker_log:613 24671 MainThread [INFO]  All processing finished for executor task 1925
2023-06-30 15:07:51.340 worker_log:584 24671 MainThread [INFO]  Received executor task 1951
2023-06-30 15:08:30.696 worker_log:602 24671 MainThread [INFO]  Completed executor task 1951
2023-06-30 15:08:30.697 worker_log:613 24671 MainThread [INFO]  All processing finished for executor task 1951
2023-06-30 15:08:53.654 worker_log:584 24671 MainThread [INFO]  Received executor task 1959
2023-06-30 15:09:16.621 worker_log:602 24671 MainThread [INFO]  Completed executor task 1959
2023-06-30 15:09:16.622 worker_log:613 24671 MainThread [INFO]  All processing finished for executor task 1959
2023-06-30 15:10:23.689 worker_log:584 24671 MainThread [INFO]  Received executor task 1971
2023-06-30 15:10:51.613 worker_log:602 24671 MainThread [INFO]  Completed executor task 1971
2023-06-30 15:10:51.614 worker_log:613 24671 MainThread [INFO]  All processing finished for executor task 1971
2023-06-30 15:11:27.083 worker_log:584 24671 MainThread [INFO]  Received executor task 1988
2023-06-30 15:12:06.911 worker_log:602 24671 MainThread [INFO]  Completed executor task 1988
2023-06-30 15:12:06.911 worker_log:613 24671 MainThread [INFO]  All processing finished for executor task 1988
2023-06-30 15:12:45.080 worker_log:584 24671 MainThread [INFO]  Received executor task 2010
2023-06-30 15:13:21.925 worker_log:602 24671 MainThread [INFO]  Completed executor task 2010
2023-06-30 15:13:21.925 worker_log:613 24671 MainThread [INFO]  All processing finished for executor task 2010
2023-06-30 15:14:03.657 worker_log:584 24671 MainThread [INFO]  Received executor task 2024
2023-06-30 15:14:51.623 worker_log:602 24671 MainThread [INFO]  Completed executor task 2024
2023-06-30 15:14:51.623 worker_log:613 24671 MainThread [INFO]  All processing finished for executor task 2024
2023-06-30 15:15:22.697 worker_log:584 24671 MainThread [INFO]  Received executor task 2045
2023-06-30 15:15:56.369 worker_log:602 24671 MainThread [INFO]  Completed executor task 2045
2023-06-30 15:15:56.370 worker_log:613 24671 MainThread [INFO]  All processing finished for executor task 2045
2023-06-30 15:16:20.986 worker_log:584 24671 MainThread [INFO]  Received executor task 2059
2023-06-30 15:17:08.656 worker_log:602 24671 MainThread [INFO]  Completed executor task 2059
2023-06-30 15:17:08.657 worker_log:613 24671 MainThread [INFO]  All processing finished for executor task 2059
2023-06-30 15:17:34.847 worker_log:584 24671 MainThread [INFO]  Received executor task 2076
2023-06-30 15:17:55.916 worker_log:602 24671 MainThread [INFO]  Completed executor task 2076
2023-06-30 15:17:55.917 worker_log:613 24671 MainThread [INFO]  All processing finished for executor task 2076
2023-06-30 15:18:50.791 worker_log:584 24671 MainThread [INFO]  Received executor task 2082
2023-06-30 15:20:06.839 worker_log:602 24671 MainThread [INFO]  Completed executor task 2082
2023-06-30 15:20:06.839 worker_log:613 24671 MainThread [INFO]  All processing finished for executor task 2082
2023-06-30 15:20:08.329 worker_log:584 24671 MainThread [INFO]  Received executor task 2112
2023-06-30 15:20:56.964 worker_log:602 24671 MainThread [INFO]  Completed executor task 2112
2023-06-30 15:20:56.965 worker_log:613 24671 MainThread [INFO]  All processing finished for executor task 2112
2023-06-30 15:21:34.800 worker_log:584 24671 MainThread [INFO]  Received executor task 2126
2023-06-30 15:21:48.906 worker_log:602 24671 MainThread [INFO]  Completed executor task 2126
2023-06-30 15:21:48.907 worker_log:613 24671 MainThread [INFO]  All processing finished for executor task 2126
2023-06-30 15:22:37.081 worker_log:584 24671 MainThread [INFO]  Received executor task 2129
2023-06-30 15:23:15.128 worker_log:602 24671 MainThread [INFO]  Completed executor task 2129
2023-06-30 15:23:15.129 worker_log:613 24671 MainThread [INFO]  All processing finished for executor task 2129
2023-06-30 15:23:45.801 worker_log:584 24671 MainThread [INFO]  Received executor task 2149
2023-06-30 15:24:12.864 worker_log:602 24671 MainThread [INFO]  Completed executor task 2149
2023-06-30 15:24:12.864 worker_log:613 24671 MainThread [INFO]  All processing finished for executor task 2149
2023-06-30 15:25:12.901 worker_log:584 24671 MainThread [INFO]  Received executor task 2165
2023-06-30 15:25:47.401 worker_log:602 24671 MainThread [INFO]  Completed executor task 2165
2023-06-30 15:25:47.402 worker_log:613 24671 MainThread [INFO]  All processing finished for executor task 2165
2023-06-30 15:26:56.330 worker_log:584 24671 MainThread [INFO]  Received executor task 2184
2023-06-30 15:27:27.404 worker_log:602 24671 MainThread [INFO]  Completed executor task 2184
2023-06-30 15:27:27.405 worker_log:613 24671 MainThread [INFO]  All processing finished for executor task 2184
2023-06-30 15:28:32.913 worker_log:584 24671 MainThread [INFO]  Received executor task 2196
2023-06-30 15:29:00.453 worker_log:602 24671 MainThread [INFO]  Completed executor task 2196
2023-06-30 15:29:00.454 worker_log:613 24671 MainThread [INFO]  All processing finished for executor task 2196
2023-06-30 15:30:00.489 worker_log:584 24671 MainThread [INFO]  Received executor task 2209
2023-06-30 15:30:42.810 worker_log:602 24671 MainThread [INFO]  Completed executor task 2209
2023-06-30 15:30:42.811 worker_log:613 24671 MainThread [INFO]  All processing finished for executor task 2209
2023-06-30 15:31:30.975 worker_log:584 24671 MainThread [INFO]  Received executor task 2230
2023-06-30 15:32:08.687 worker_log:602 24671 MainThread [INFO]  Completed executor task 2230
2023-06-30 15:32:08.688 worker_log:613 24671 MainThread [INFO]  All processing finished for executor task 2230
2023-06-30 15:32:36.538 worker_log:584 24671 MainThread [INFO]  Received executor task 2249
2023-06-30 15:33:22.003 worker_log:602 24671 MainThread [INFO]  Completed executor task 2249
2023-06-30 15:33:22.004 worker_log:613 24671 MainThread [INFO]  All processing finished for executor task 2249
2023-06-30 15:33:33.796 worker_log:584 24671 MainThread [INFO]  Received executor task 2271
2023-06-30 15:33:52.769 worker_log:602 24671 MainThread [INFO]  Completed executor task 2271
2023-06-30 15:33:52.769 worker_log:613 24671 MainThread [INFO]  All processing finished for executor task 2271
2023-06-30 15:34:58.641 worker_log:584 24671 MainThread [INFO]  Received executor task 2274
2023-06-30 15:35:42.790 worker_log:602 24671 MainThread [INFO]  Completed executor task 2274
2023-06-30 15:35:42.791 worker_log:613 24671 MainThread [INFO]  All processing finished for executor task 2274
2023-06-30 15:37:26.029 worker_log:584 24671 MainThread [INFO]  Received executor task 2296
2023-06-30 15:38:44.685 worker_log:602 24671 MainThread [INFO]  Completed executor task 2296
2023-06-30 15:38:44.686 worker_log:613 24671 MainThread [INFO]  All processing finished for executor task 2296
2023-06-30 15:38:46.183 worker_log:584 24671 MainThread [INFO]  Received executor task 2320
2023-06-30 15:39:19.548 worker_log:602 24671 MainThread [INFO]  Completed executor task 2320
2023-06-30 15:39:19.549 worker_log:613 24671 MainThread [INFO]  All processing finished for executor task 2320
2023-06-30 15:39:57.533 worker_log:584 24671 MainThread [INFO]  Received executor task 2330
2023-06-30 15:41:18.783 worker_log:602 24671 MainThread [INFO]  Completed executor task 2330
2023-06-30 15:41:18.784 worker_log:613 24671 MainThread [INFO]  All processing finished for executor task 2330
2023-06-30 15:41:19.946 worker_log:584 24671 MainThread [INFO]  Received executor task 2352
2023-06-30 15:41:58.983 worker_log:602 24671 MainThread [INFO]  Completed executor task 2352
2023-06-30 15:41:58.983 worker_log:613 24671 MainThread [INFO]  All processing finished for executor task 2352
2023-06-30 15:42:29.835 worker_log:584 24671 MainThread [INFO]  Received executor task 2361
2023-06-30 15:42:53.551 worker_log:602 24671 MainThread [INFO]  Completed executor task 2361
2023-06-30 15:42:53.552 worker_log:613 24671 MainThread [INFO]  All processing finished for executor task 2361
2023-06-30 15:43:33.886 worker_log:584 24671 MainThread [INFO]  Received executor task 2372
2023-06-30 15:43:58.515 worker_log:602 24671 MainThread [INFO]  Completed executor task 2372
2023-06-30 15:43:58.516 worker_log:613 24671 MainThread [INFO]  All processing finished for executor task 2372
2023-06-30 15:45:08.687 worker_log:584 24671 MainThread [INFO]  Received executor task 2386
2023-06-30 15:45:30.613 worker_log:602 24671 MainThread [INFO]  Completed executor task 2386
2023-06-30 15:45:30.613 worker_log:613 24671 MainThread [INFO]  All processing finished for executor task 2386
2023-06-30 15:46:22.234 worker_log:584 24671 MainThread [INFO]  Received executor task 2401
2023-06-30 15:47:03.685 worker_log:602 24671 MainThread [INFO]  Completed executor task 2401
2023-06-30 15:47:03.686 worker_log:613 24671 MainThread [INFO]  All processing finished for executor task 2401
2023-06-30 15:47:36.354 worker_log:584 24671 MainThread [INFO]  Received executor task 2425
2023-06-30 15:48:03.884 worker_log:602 24671 MainThread [INFO]  Completed executor task 2425
2023-06-30 15:48:03.885 worker_log:613 24671 MainThread [INFO]  All processing finished for executor task 2425
2023-06-30 15:48:37.276 worker_log:584 24671 MainThread [INFO]  Received executor task 2435
2023-06-30 15:49:34.525 worker_log:602 24671 MainThread [INFO]  Completed executor task 2435
2023-06-30 15:49:34.525 worker_log:613 24671 MainThread [INFO]  All processing finished for executor task 2435
2023-06-30 15:50:02.526 worker_log:584 24671 MainThread [INFO]  Received executor task 2459
2023-06-30 15:50:34.035 worker_log:602 24671 MainThread [INFO]  Completed executor task 2459
2023-06-30 15:50:34.035 worker_log:613 24671 MainThread [INFO]  All processing finished for executor task 2459
2023-06-30 15:51:11.227 worker_log:584 24671 MainThread [INFO]  Received executor task 2468
2023-06-30 15:52:09.536 worker_log:602 24671 MainThread [INFO]  Completed executor task 2468
2023-06-30 15:52:09.537 worker_log:613 24671 MainThread [INFO]  All processing finished for executor task 2468
2023-06-30 15:52:27.117 worker_log:584 24671 MainThread [INFO]  Received executor task 2490
2023-06-30 15:52:48.738 worker_log:602 24671 MainThread [INFO]  Completed executor task 2490
2023-06-30 15:52:48.739 worker_log:613 24671 MainThread [INFO]  All processing finished for executor task 2490
2023-06-30 15:53:56.622 worker_log:584 24671 MainThread [INFO]  Received executor task 2498
2023-06-30 15:54:41.341 worker_log:602 24671 MainThread [INFO]  Completed executor task 2498
2023-06-30 15:54:41.342 worker_log:613 24671 MainThread [INFO]  All processing finished for executor task 2498
2023-06-30 15:55:46.170 worker_log:584 24671 MainThread [INFO]  Received executor task 2523
2023-06-30 15:56:25.779 worker_log:602 24671 MainThread [INFO]  Completed executor task 2523
2023-06-30 15:56:25.779 worker_log:613 24671 MainThread [INFO]  All processing finished for executor task 2523
2023-06-30 15:56:40.648 worker_log:584 24671 MainThread [INFO]  Received executor task 2540
2023-06-30 15:57:41.561 worker_log:602 24671 MainThread [INFO]  Completed executor task 2540
2023-06-30 15:57:41.561 worker_log:613 24671 MainThread [INFO]  All processing finished for executor task 2540
2023-06-30 15:58:08.350 worker_log:584 24671 MainThread [INFO]  Received executor task 2556
2023-06-30 15:58:43.760 worker_log:602 24671 MainThread [INFO]  Completed executor task 2556
2023-06-30 15:58:43.761 worker_log:613 24671 MainThread [INFO]  All processing finished for executor task 2556
2023-06-30 15:59:10.863 worker_log:584 24671 MainThread [INFO]  Received executor task 2567
2023-06-30 15:59:51.868 worker_log:602 24671 MainThread [INFO]  Completed executor task 2567
2023-06-30 15:59:51.868 worker_log:613 24671 MainThread [INFO]  All processing finished for executor task 2567
2023-06-30 16:00:01.025 worker_log:584 24671 MainThread [INFO]  Received executor task 2589
2023-06-30 16:00:35.831 worker_log:602 24671 MainThread [INFO]  Completed executor task 2589
2023-06-30 16:00:35.832 worker_log:613 24671 MainThread [INFO]  All processing finished for executor task 2589
2023-06-30 16:01:29.741 worker_log:584 24671 MainThread [INFO]  Received executor task 2599
2023-06-30 16:02:02.177 worker_log:602 24671 MainThread [INFO]  Completed executor task 2599
2023-06-30 16:02:02.178 worker_log:613 24671 MainThread [INFO]  All processing finished for executor task 2599
2023-06-30 16:02:26.553 worker_log:584 24671 MainThread [INFO]  Received executor task 2615
2023-06-30 16:03:06.955 worker_log:602 24671 MainThread [INFO]  Completed executor task 2615
2023-06-30 16:03:06.956 worker_log:613 24671 MainThread [INFO]  All processing finished for executor task 2615
2023-06-30 16:03:49.043 worker_log:584 24671 MainThread [INFO]  Received executor task 2631
2023-06-30 16:04:40.088 worker_log:602 24671 MainThread [INFO]  Completed executor task 2631
2023-06-30 16:04:40.089 worker_log:613 24671 MainThread [INFO]  All processing finished for executor task 2631
2023-06-30 16:05:37.622 worker_log:584 24671 MainThread [INFO]  Received executor task 2650
2023-06-30 16:06:06.749 worker_log:602 24671 MainThread [INFO]  Completed executor task 2650
2023-06-30 16:06:06.749 worker_log:613 24671 MainThread [INFO]  All processing finished for executor task 2650
2023-06-30 16:07:00.981 worker_log:584 24671 MainThread [INFO]  Received executor task 2661
2023-06-30 16:07:32.887 worker_log:602 24671 MainThread [INFO]  Completed executor task 2661
2023-06-30 16:07:32.888 worker_log:613 24671 MainThread [INFO]  All processing finished for executor task 2661
2023-06-30 16:08:05.097 worker_log:584 24671 MainThread [INFO]  Received executor task 2677
2023-06-30 16:08:15.915 worker_log:602 24671 MainThread [INFO]  Completed executor task 2677
2023-06-30 16:08:15.915 worker_log:613 24671 MainThread [INFO]  All processing finished for executor task 2677
2023-06-30 16:09:19.343 worker_log:584 24671 MainThread [INFO]  Received executor task 2690
2023-06-30 16:09:47.570 worker_log:602 24671 MainThread [INFO]  Completed executor task 2690
2023-06-30 16:09:47.571 worker_log:613 24671 MainThread [INFO]  All processing finished for executor task 2690
2023-06-30 16:10:34.787 worker_log:584 24671 MainThread [INFO]  Received executor task 2706
2023-06-30 16:11:40.431 worker_log:602 24671 MainThread [INFO]  Completed executor task 2706
2023-06-30 16:11:40.432 worker_log:613 24671 MainThread [INFO]  All processing finished for executor task 2706
2023-06-30 16:11:51.675 worker_log:584 24671 MainThread [INFO]  Received executor task 2735
2023-06-30 16:12:18.953 worker_log:602 24671 MainThread [INFO]  Completed executor task 2735
2023-06-30 16:12:18.953 worker_log:613 24671 MainThread [INFO]  All processing finished for executor task 2735
2023-06-30 16:13:24.858 worker_log:584 24671 MainThread [INFO]  Received executor task 2738
2023-06-30 16:13:48.160 worker_log:602 24671 MainThread [INFO]  Completed executor task 2738
2023-06-30 16:13:48.161 worker_log:613 24671 MainThread [INFO]  All processing finished for executor task 2738
2023-06-30 16:14:25.793 worker_log:584 24671 MainThread [INFO]  Received executor task 2756
2023-06-30 16:15:17.275 worker_log:602 24671 MainThread [INFO]  Completed executor task 2756
2023-06-30 16:15:17.276 worker_log:613 24671 MainThread [INFO]  All processing finished for executor task 2756
2023-06-30 16:15:49.135 worker_log:584 24671 MainThread [INFO]  Received executor task 2778
2023-06-30 16:17:13.291 worker_log:602 24671 MainThread [INFO]  Completed executor task 2778
2023-06-30 16:17:13.291 worker_log:613 24671 MainThread [INFO]  All processing finished for executor task 2778
2023-06-30 16:17:17.585 worker_log:584 24671 MainThread [INFO]  Received executor task 2799
2023-06-30 16:18:14.518 worker_log:602 24671 MainThread [INFO]  Completed executor task 2799
2023-06-30 16:18:14.519 worker_log:613 24671 MainThread [INFO]  All processing finished for executor task 2799
2023-06-30 16:18:16.219 worker_log:584 24671 MainThread [INFO]  Received executor task 2816
2023-06-30 16:18:58.760 worker_log:602 24671 MainThread [INFO]  Completed executor task 2816
2023-06-30 16:18:58.761 worker_log:613 24671 MainThread [INFO]  All processing finished for executor task 2816
2023-06-30 16:19:42.741 worker_log:584 24671 MainThread [INFO]  Received executor task 2828
2023-06-30 16:20:02.945 worker_log:602 24671 MainThread [INFO]  Completed executor task 2828
2023-06-30 16:20:02.946 worker_log:613 24671 MainThread [INFO]  All processing finished for executor task 2828
2023-06-30 16:20:49.358 worker_log:584 24671 MainThread [INFO]  Received executor task 2834
2023-06-30 16:21:12.667 worker_log:602 24671 MainThread [INFO]  Completed executor task 2834
2023-06-30 16:21:12.668 worker_log:613 24671 MainThread [INFO]  All processing finished for executor task 2834
2023-06-30 16:21:59.628 worker_log:584 24671 MainThread [INFO]  Received executor task 2851
2023-06-30 16:22:18.065 worker_log:602 24671 MainThread [INFO]  Completed executor task 2851
2023-06-30 16:22:18.065 worker_log:613 24671 MainThread [INFO]  All processing finished for executor task 2851
2023-06-30 16:23:15.984 worker_log:584 24671 MainThread [INFO]  Received executor task 2866
2023-06-30 16:23:35.850 worker_log:602 24671 MainThread [INFO]  Completed executor task 2866
2023-06-30 16:23:35.851 worker_log:613 24671 MainThread [INFO]  All processing finished for executor task 2866
2023-06-30 16:24:28.107 worker_log:584 24671 MainThread [INFO]  Received executor task 2882
2023-06-30 16:25:02.800 worker_log:602 24671 MainThread [INFO]  Completed executor task 2882
2023-06-30 16:25:02.801 worker_log:613 24671 MainThread [INFO]  All processing finished for executor task 2882
2023-06-30 16:25:58.553 worker_log:584 24671 MainThread [INFO]  Received executor task 2905
2023-06-30 16:26:43.399 worker_log:602 24671 MainThread [INFO]  Completed executor task 2905
2023-06-30 16:26:43.400 worker_log:613 24671 MainThread [INFO]  All processing finished for executor task 2905
2023-06-30 16:27:13.091 worker_log:584 24671 MainThread [INFO]  Received executor task 2920
2023-06-30 16:27:55.831 worker_log:602 24671 MainThread [INFO]  Completed executor task 2920
2023-06-30 16:27:55.832 worker_log:613 24671 MainThread [INFO]  All processing finished for executor task 2920
2023-06-30 16:28:24.241 worker_log:584 24671 MainThread [INFO]  Received executor task 2935
2023-06-30 16:28:59.239 worker_log:602 24671 MainThread [INFO]  Completed executor task 2935
2023-06-30 16:28:59.240 worker_log:613 24671 MainThread [INFO]  All processing finished for executor task 2935
2023-06-30 16:30:13.623 worker_log:584 24671 MainThread [INFO]  Received executor task 2954
2023-06-30 16:31:01.854 worker_log:602 24671 MainThread [INFO]  Completed executor task 2954
2023-06-30 16:31:01.854 worker_log:613 24671 MainThread [INFO]  All processing finished for executor task 2954
2023-06-30 16:31:20.409 worker_log:584 24671 MainThread [INFO]  Received executor task 2972
2023-06-30 16:32:00.213 worker_log:602 24671 MainThread [INFO]  Completed executor task 2972
2023-06-30 16:32:00.214 worker_log:613 24671 MainThread [INFO]  All processing finished for executor task 2972
2023-06-30 16:32:31.685 worker_log:584 24671 MainThread [INFO]  Received executor task 2985
2023-06-30 16:33:57.263 worker_log:602 24671 MainThread [INFO]  Completed executor task 2985
2023-06-30 16:33:57.263 worker_log:613 24671 MainThread [INFO]  All processing finished for executor task 2985
2023-06-30 16:33:58.369 worker_log:584 24671 MainThread [INFO]  Received executor task 3008
2023-06-30 16:34:36.295 worker_log:602 24671 MainThread [INFO]  Completed executor task 3008
2023-06-30 16:34:36.296 worker_log:613 24671 MainThread [INFO]  All processing finished for executor task 3008
2023-06-30 16:35:11.991 worker_log:584 24671 MainThread [INFO]  Received executor task 3017
2023-06-30 16:35:30.504 worker_log:602 24671 MainThread [INFO]  Completed executor task 3017
2023-06-30 16:35:30.504 worker_log:613 24671 MainThread [INFO]  All processing finished for executor task 3017
2023-06-30 16:37:00.249 worker_log:584 24671 MainThread [INFO]  Received executor task 3026
2023-06-30 16:37:20.668 worker_log:602 24671 MainThread [INFO]  Completed executor task 3026
2023-06-30 16:37:20.669 worker_log:613 24671 MainThread [INFO]  All processing finished for executor task 3026
2023-06-30 16:38:11.143 worker_log:584 24671 MainThread [INFO]  Received executor task 3042
2023-06-30 16:38:56.077 worker_log:602 24671 MainThread [INFO]  Completed executor task 3042
2023-06-30 16:38:56.077 worker_log:613 24671 MainThread [INFO]  All processing finished for executor task 3042
2023-06-30 16:39:31.911 worker_log:584 24671 MainThread [INFO]  Received executor task 3066
2023-06-30 16:40:07.653 worker_log:602 24671 MainThread [INFO]  Completed executor task 3066
2023-06-30 16:40:07.654 worker_log:613 24671 MainThread [INFO]  All processing finished for executor task 3066
2023-06-30 16:40:45.899 worker_log:584 24671 MainThread [INFO]  Received executor task 3081
2023-06-30 16:41:37.528 worker_log:602 24671 MainThread [INFO]  Completed executor task 3081
2023-06-30 16:41:37.529 worker_log:613 24671 MainThread [INFO]  All processing finished for executor task 3081
2023-06-30 16:41:44.433 worker_log:584 24671 MainThread [INFO]  Received executor task 3103
2023-06-30 16:42:20.230 worker_log:602 24671 MainThread [INFO]  Completed executor task 3103
2023-06-30 16:42:20.231 worker_log:613 24671 MainThread [INFO]  All processing finished for executor task 3103
2023-06-30 16:42:44.892 worker_log:584 24671 MainThread [INFO]  Received executor task 3115
2023-06-30 16:43:39.394 worker_log:602 24671 MainThread [INFO]  Completed executor task 3115
2023-06-30 16:43:39.394 worker_log:613 24671 MainThread [INFO]  All processing finished for executor task 3115
2023-06-30 16:43:44.439 worker_log:584 24671 MainThread [INFO]  Received executor task 3132
2023-06-30 16:44:07.748 worker_log:602 24671 MainThread [INFO]  Completed executor task 3132
2023-06-30 16:44:07.748 worker_log:613 24671 MainThread [INFO]  All processing finished for executor task 3132
2023-06-30 16:44:49.650 worker_log:584 24671 MainThread [INFO]  Received executor task 3138
2023-06-30 16:45:14.540 worker_log:602 24671 MainThread [INFO]  Completed executor task 3138
2023-06-30 16:45:14.540 worker_log:613 24671 MainThread [INFO]  All processing finished for executor task 3138
2023-06-30 16:46:11.769 worker_log:584 24671 MainThread [INFO]  Received executor task 3158
2023-06-30 16:47:15.953 worker_log:602 24671 MainThread [INFO]  Completed executor task 3158
2023-06-30 16:47:15.954 worker_log:613 24671 MainThread [INFO]  All processing finished for executor task 3158
2023-06-30 16:47:17.208 worker_log:584 24671 MainThread [INFO]  Received executor task 3184
2023-06-30 16:48:04.727 worker_log:602 24671 MainThread [INFO]  Completed executor task 3184
2023-06-30 16:48:04.728 worker_log:613 24671 MainThread [INFO]  All processing finished for executor task 3184
2023-06-30 16:49:35.074 worker_log:584 24671 MainThread [INFO]  Received executor task 3195
2023-06-30 16:50:33.612 worker_log:602 24671 MainThread [INFO]  Completed executor task 3195
2023-06-30 16:50:33.613 worker_log:613 24671 MainThread [INFO]  All processing finished for executor task 3195
2023-06-30 16:50:55.005 worker_log:584 24671 MainThread [INFO]  Received executor task 3212
2023-06-30 16:51:33.370 worker_log:602 24671 MainThread [INFO]  Completed executor task 3212
2023-06-30 16:51:33.370 worker_log:613 24671 MainThread [INFO]  All processing finished for executor task 3212
2023-06-30 16:52:07.033 worker_log:584 24671 MainThread [INFO]  Received executor task 3222
2023-06-30 16:52:42.214 worker_log:602 24671 MainThread [INFO]  Completed executor task 3222
2023-06-30 16:52:42.215 worker_log:613 24671 MainThread [INFO]  All processing finished for executor task 3222
2023-06-30 16:53:47.345 worker_log:584 24671 MainThread [INFO]  Received executor task 3236
2023-06-30 16:54:51.716 worker_log:602 24671 MainThread [INFO]  Completed executor task 3236
2023-06-30 16:54:51.717 worker_log:613 24671 MainThread [INFO]  All processing finished for executor task 3236
2023-06-30 16:54:56.564 worker_log:584 24671 MainThread [INFO]  Received executor task 3262
2023-06-30 16:55:26.306 worker_log:602 24671 MainThread [INFO]  Completed executor task 3262
2023-06-30 16:55:26.307 worker_log:613 24671 MainThread [INFO]  All processing finished for executor task 3262
2023-06-30 16:56:34.707 worker_log:584 24671 MainThread [INFO]  Received executor task 3266
2023-06-30 16:56:50.868 worker_log:602 24671 MainThread [INFO]  Completed executor task 3266
2023-06-30 16:56:50.869 worker_log:613 24671 MainThread [INFO]  All processing finished for executor task 3266
2023-06-30 16:57:48.834 worker_log:584 24671 MainThread [INFO]  Received executor task 3281
2023-06-30 16:58:07.119 worker_log:602 24671 MainThread [INFO]  Completed executor task 3281
2023-06-30 16:58:07.120 worker_log:613 24671 MainThread [INFO]  All processing finished for executor task 3281
2023-06-30 17:00:16.142 worker_log:584 24671 MainThread [INFO]  Received executor task 3297
2023-06-30 17:01:17.699 worker_log:602 24671 MainThread [INFO]  Completed executor task 3297
2023-06-30 17:01:17.700 worker_log:613 24671 MainThread [INFO]  All processing finished for executor task 3297
2023-06-30 17:01:34.046 worker_log:584 24671 MainThread [INFO]  Received executor task 3327
2023-06-30 17:02:01.631 worker_log:602 24671 MainThread [INFO]  Completed executor task 3327
2023-06-30 17:02:01.632 worker_log:613 24671 MainThread [INFO]  All processing finished for executor task 3327
2023-06-30 17:02:38.464 worker_log:584 24671 MainThread [INFO]  Received executor task 3337
2023-06-30 17:03:40.220 worker_log:602 24671 MainThread [INFO]  Completed executor task 3337
2023-06-30 17:03:40.221 worker_log:613 24671 MainThread [INFO]  All processing finished for executor task 3337
2023-06-30 17:04:14.069 worker_log:584 24671 MainThread [INFO]  Received executor task 3353
2023-06-30 17:04:50.763 worker_log:602 24671 MainThread [INFO]  Completed executor task 3353
2023-06-30 17:04:50.764 worker_log:613 24671 MainThread [INFO]  All processing finished for executor task 3353
2023-06-30 17:06:00.365 worker_log:584 24671 MainThread [INFO]  Received executor task 3369
2023-06-30 17:06:54.076 worker_log:602 24671 MainThread [INFO]  Completed executor task 3369
2023-06-30 17:06:54.076 worker_log:613 24671 MainThread [INFO]  All processing finished for executor task 3369
2023-06-30 17:07:07.435 worker_log:584 24671 MainThread [INFO]  Received executor task 3389
2023-06-30 17:07:43.771 worker_log:602 24671 MainThread [INFO]  Completed executor task 3389
2023-06-30 17:07:43.771 worker_log:613 24671 MainThread [INFO]  All processing finished for executor task 3389
2023-06-30 17:08:35.010 worker_log:584 24671 MainThread [INFO]  Received executor task 3399
2023-06-30 17:09:12.732 worker_log:602 24671 MainThread [INFO]  Completed executor task 3399
2023-06-30 17:09:12.733 worker_log:613 24671 MainThread [INFO]  All processing finished for executor task 3399
2023-06-30 17:10:14.707 worker_log:584 24671 MainThread [INFO]  Received executor task 3416
2023-06-30 17:10:55.136 worker_log:602 24671 MainThread [INFO]  Completed executor task 3416
2023-06-30 17:10:55.137 worker_log:613 24671 MainThread [INFO]  All processing finished for executor task 3416
2023-06-30 17:11:52.618 worker_log:584 24671 MainThread [INFO]  Received executor task 3434
2023-06-30 17:13:00.753 worker_log:602 24671 MainThread [INFO]  Completed executor task 3434
2023-06-30 17:13:00.754 worker_log:613 24671 MainThread [INFO]  All processing finished for executor task 3434
2023-06-30 17:13:01.965 worker_log:584 24671 MainThread [INFO]  Received executor task 3456
2023-06-30 17:13:52.593 worker_log:602 24671 MainThread [INFO]  Completed executor task 3456
2023-06-30 17:13:52.593 worker_log:613 24671 MainThread [INFO]  All processing finished for executor task 3456
2023-06-30 17:14:14.846 worker_log:584 24671 MainThread [INFO]  Received executor task 3467
2023-06-30 17:15:35.370 worker_log:602 24671 MainThread [INFO]  Completed executor task 3467
2023-06-30 17:15:35.370 worker_log:613 24671 MainThread [INFO]  All processing finished for executor task 3467
2023-06-30 17:15:48.783 worker_log:584 24671 MainThread [INFO]  Received executor task 3487
2023-06-30 17:16:37.608 worker_log:602 24671 MainThread [INFO]  Completed executor task 3487
2023-06-30 17:16:37.609 worker_log:613 24671 MainThread [INFO]  All processing finished for executor task 3487
2023-06-30 17:17:10.770 worker_log:584 24671 MainThread [INFO]  Received executor task 3498
2023-06-30 17:17:47.750 worker_log:602 24671 MainThread [INFO]  Completed executor task 3498
2023-06-30 17:17:47.751 worker_log:613 24671 MainThread [INFO]  All processing finished for executor task 3498
2023-06-30 17:18:34.292 worker_log:584 24671 MainThread [INFO]  Received executor task 3511
2023-06-30 17:19:30.353 worker_log:602 24671 MainThread [INFO]  Completed executor task 3511
2023-06-30 17:19:30.354 worker_log:613 24671 MainThread [INFO]  All processing finished for executor task 3511
2023-06-30 17:20:18.849 worker_log:584 24671 MainThread [INFO]  Received executor task 3534
2023-06-30 17:20:42.708 worker_log:602 24671 MainThread [INFO]  Completed executor task 3534
2023-06-30 17:20:42.709 worker_log:613 24671 MainThread [INFO]  All processing finished for executor task 3534
2023-06-30 17:21:15.706 worker_log:584 24671 MainThread [INFO]  Received executor task 3539
2023-06-30 17:21:47.798 worker_log:602 24671 MainThread [INFO]  Completed executor task 3539
2023-06-30 17:21:47.798 worker_log:613 24671 MainThread [INFO]  All processing finished for executor task 3539
2023-06-30 17:22:30.919 worker_log:584 24671 MainThread [INFO]  Received executor task 3557
2023-06-30 17:23:00.920 worker_log:602 24671 MainThread [INFO]  Completed executor task 3557
2023-06-30 17:23:00.921 worker_log:613 24671 MainThread [INFO]  All processing finished for executor task 3557
2023-06-30 17:24:06.445 worker_log:584 24671 MainThread [INFO]  Received executor task 3574
2023-06-30 17:24:23.014 worker_log:602 24671 MainThread [INFO]  Completed executor task 3574
2023-06-30 17:24:23.015 worker_log:613 24671 MainThread [INFO]  All processing finished for executor task 3574
2023-06-30 17:25:21.396 worker_log:584 24671 MainThread [INFO]  Received executor task 3585
2023-06-30 17:25:41.165 worker_log:602 24671 MainThread [INFO]  Completed executor task 3585
2023-06-30 17:25:41.166 worker_log:613 24671 MainThread [INFO]  All processing finished for executor task 3585
2023-06-30 17:26:40.791 worker_log:584 24671 MainThread [INFO]  Received executor task 3601
2023-06-30 17:27:13.242 worker_log:602 24671 MainThread [INFO]  Completed executor task 3601
2023-06-30 17:27:13.243 worker_log:613 24671 MainThread [INFO]  All processing finished for executor task 3601
2023-06-30 17:28:06.701 worker_log:584 24671 MainThread [INFO]  Received executor task 3620
2023-06-30 17:28:41.023 worker_log:602 24671 MainThread [INFO]  Completed executor task 3620
2023-06-30 17:28:41.023 worker_log:613 24671 MainThread [INFO]  All processing finished for executor task 3620
2023-06-30 17:29:21.788 worker_log:584 24671 MainThread [INFO]  Received executor task 3641
2023-06-30 17:30:19.001 worker_log:602 24671 MainThread [INFO]  Completed executor task 3641
2023-06-30 17:30:19.002 worker_log:613 24671 MainThread [INFO]  All processing finished for executor task 3641
2023-06-30 17:31:08.736 worker_log:584 24671 MainThread [INFO]  Received executor task 3659
2023-06-30 17:32:10.207 worker_log:602 24671 MainThread [INFO]  Completed executor task 3659
2023-06-30 17:32:10.207 worker_log:613 24671 MainThread [INFO]  All processing finished for executor task 3659
2023-06-30 17:32:25.611 worker_log:584 24671 MainThread [INFO]  Received executor task 3678
2023-06-30 17:32:58.422 worker_log:602 24671 MainThread [INFO]  Completed executor task 3678
2023-06-30 17:32:58.422 worker_log:613 24671 MainThread [INFO]  All processing finished for executor task 3678
2023-06-30 17:33:47.517 worker_log:584 24671 MainThread [INFO]  Received executor task 3685
2023-06-30 17:34:10.181 worker_log:602 24671 MainThread [INFO]  Completed executor task 3685
2023-06-30 17:34:10.181 worker_log:613 24671 MainThread [INFO]  All processing finished for executor task 3685
2023-06-30 17:34:56.483 worker_log:584 24671 MainThread [INFO]  Received executor task 3699
2023-06-30 17:35:13.577 worker_log:602 24671 MainThread [INFO]  Completed executor task 3699
2023-06-30 17:35:13.578 worker_log:613 24671 MainThread [INFO]  All processing finished for executor task 3699
2023-06-30 17:36:12.454 worker_log:584 24671 MainThread [INFO]  Received executor task 3714
2023-06-30 17:37:00.848 worker_log:602 24671 MainThread [INFO]  Completed executor task 3714
2023-06-30 17:37:00.849 worker_log:613 24671 MainThread [INFO]  All processing finished for executor task 3714
2023-06-30 17:37:28.544 worker_log:584 24671 MainThread [INFO]  Received executor task 3740
2023-06-30 17:38:28.548 worker_log:602 24671 MainThread [INFO]  Completed executor task 3740
2023-06-30 17:38:28.549 worker_log:613 24671 MainThread [INFO]  All processing finished for executor task 3740
2023-06-30 17:38:31.852 worker_log:584 24671 MainThread [INFO]  Received executor task 3758
2023-06-30 17:39:30.489 worker_log:602 24671 MainThread [INFO]  Completed executor task 3758
2023-06-30 17:39:30.490 worker_log:613 24671 MainThread [INFO]  All processing finished for executor task 3758
2023-06-30 17:39:50.107 worker_log:584 24671 MainThread [INFO]  Received executor task 3773
2023-06-30 17:40:39.038 worker_log:602 24671 MainThread [INFO]  Completed executor task 3773
2023-06-30 17:40:39.038 worker_log:613 24671 MainThread [INFO]  All processing finished for executor task 3773
2023-06-30 17:41:40.530 worker_log:584 24671 MainThread [INFO]  Received executor task 3785
2023-06-30 17:42:18.277 worker_log:602 24671 MainThread [INFO]  Completed executor task 3785
2023-06-30 17:42:18.277 worker_log:613 24671 MainThread [INFO]  All processing finished for executor task 3785
2023-06-30 17:43:01.323 worker_log:584 24671 MainThread [INFO]  Received executor task 3799
2023-06-30 17:44:19.690 worker_log:602 24671 MainThread [INFO]  Completed executor task 3799
2023-06-30 17:44:19.690 worker_log:613 24671 MainThread [INFO]  All processing finished for executor task 3799
2023-06-30 17:44:52.365 worker_log:584 24671 MainThread [INFO]  Received executor task 3822
2023-06-30 17:45:38.743 worker_log:602 24671 MainThread [INFO]  Completed executor task 3822
2023-06-30 17:45:38.744 worker_log:613 24671 MainThread [INFO]  All processing finished for executor task 3822
2023-06-30 17:45:58.934 worker_log:584 24671 MainThread [INFO]  Received executor task 3835
2023-06-30 17:46:16.862 worker_log:602 24671 MainThread [INFO]  Completed executor task 3835
2023-06-30 17:46:16.862 worker_log:613 24671 MainThread [INFO]  All processing finished for executor task 3835
2023-06-30 17:47:21.985 worker_log:584 24671 MainThread [INFO]  Received executor task 3841
2023-06-30 17:47:51.710 worker_log:602 24671 MainThread [INFO]  Completed executor task 3841
2023-06-30 17:47:51.710 worker_log:613 24671 MainThread [INFO]  All processing finished for executor task 3841
2023-06-30 17:48:40.978 worker_log:584 24671 MainThread [INFO]  Received executor task 3862
2023-06-30 17:48:51.796 worker_log:602 24671 MainThread [INFO]  Completed executor task 3862
2023-06-30 17:48:51.797 worker_log:613 24671 MainThread [INFO]  All processing finished for executor task 3862
2023-06-30 17:50:01.826 worker_log:584 24671 MainThread [INFO]  Received executor task 3873
2023-06-30 17:50:42.017 worker_log:602 24671 MainThread [INFO]  Completed executor task 3873
2023-06-30 17:50:42.018 worker_log:613 24671 MainThread [INFO]  All processing finished for executor task 3873
2023-06-30 17:51:01.058 worker_log:584 24671 MainThread [INFO]  Received executor task 3897
2023-06-30 17:51:27.483 worker_log:602 24671 MainThread [INFO]  Completed executor task 3897
2023-06-30 17:51:27.483 worker_log:613 24671 MainThread [INFO]  All processing finished for executor task 3897
2023-06-30 17:52:39.864 worker_log:584 24671 MainThread [INFO]  Received executor task 3909
2023-06-30 17:53:16.861 worker_log:602 24671 MainThread [INFO]  Completed executor task 3909
2023-06-30 17:53:16.862 worker_log:613 24671 MainThread [INFO]  All processing finished for executor task 3909
2023-06-30 17:53:37.230 worker_log:584 24671 MainThread [INFO]  Received executor task 3931
2023-06-30 17:54:48.853 worker_log:602 24671 MainThread [INFO]  Completed executor task 3931
2023-06-30 17:54:48.854 worker_log:613 24671 MainThread [INFO]  All processing finished for executor task 3931
2023-06-30 17:54:49.777 worker_log:584 24671 MainThread [INFO]  Received executor task 3952
2023-06-30 17:55:29.379 worker_log:602 24671 MainThread [INFO]  Completed executor task 3952
2023-06-30 17:55:29.380 worker_log:613 24671 MainThread [INFO]  All processing finished for executor task 3952
2023-06-30 17:56:03.070 worker_log:584 24671 MainThread [INFO]  Received executor task 3961
2023-06-30 17:56:52.010 worker_log:602 24671 MainThread [INFO]  Completed executor task 3961
2023-06-30 17:56:52.010 worker_log:613 24671 MainThread [INFO]  All processing finished for executor task 3961
2023-06-30 17:57:37.808 worker_log:584 24671 MainThread [INFO]  Received executor task 3980
2023-06-30 17:58:00.505 worker_log:602 24671 MainThread [INFO]  Completed executor task 3980
2023-06-30 17:58:00.505 worker_log:613 24671 MainThread [INFO]  All processing finished for executor task 3980
2023-06-30 17:58:47.326 worker_log:584 24671 MainThread [INFO]  Received executor task 3988
2023-06-30 17:59:18.503 worker_log:602 24671 MainThread [INFO]  Completed executor task 3988
2023-06-30 17:59:18.504 worker_log:613 24671 MainThread [INFO]  All processing finished for executor task 3988
2023-06-30 17:59:52.548 worker_log:584 24671 MainThread [INFO]  Received executor task 4006
2023-06-30 18:00:39.193 worker_log:602 24671 MainThread [INFO]  Completed executor task 4006
2023-06-30 18:00:39.194 worker_log:613 24671 MainThread [INFO]  All processing finished for executor task 4006
2023-06-30 18:01:23.734 worker_log:584 24671 MainThread [INFO]  Received executor task 4027
2023-06-30 18:02:06.088 worker_log:602 24671 MainThread [INFO]  Completed executor task 4027
2023-06-30 18:02:06.089 worker_log:613 24671 MainThread [INFO]  All processing finished for executor task 4027
2023-06-30 18:02:42.801 worker_log:584 24671 MainThread [INFO]  Received executor task 4044
2023-06-30 18:03:19.213 worker_log:602 24671 MainThread [INFO]  Completed executor task 4044
2023-06-30 18:03:19.213 worker_log:613 24671 MainThread [INFO]  All processing finished for executor task 4044
2023-06-30 18:03:51.730 worker_log:584 24671 MainThread [INFO]  Received executor task 4055
2023-06-30 18:04:06.068 worker_log:602 24671 MainThread [INFO]  Completed executor task 4055
2023-06-30 18:04:06.068 worker_log:613 24671 MainThread [INFO]  All processing finished for executor task 4055
2023-06-30 18:05:01.976 worker_log:584 24671 MainThread [INFO]  Received executor task 4066
2023-06-30 18:05:52.463 worker_log:602 24671 MainThread [INFO]  Completed executor task 4066
2023-06-30 18:05:52.463 worker_log:613 24671 MainThread [INFO]  All processing finished for executor task 4066
2023-06-30 18:06:06.518 worker_log:584 24671 MainThread [INFO]  Received executor task 4093
2023-06-30 18:06:46.494 worker_log:602 24671 MainThread [INFO]  Completed executor task 4093
2023-06-30 18:06:46.495 worker_log:613 24671 MainThread [INFO]  All processing finished for executor task 4093
2023-06-30 18:07:24.211 worker_log:584 24671 MainThread [INFO]  Received executor task 4104
2023-06-30 18:07:48.060 worker_log:602 24671 MainThread [INFO]  Completed executor task 4104
2023-06-30 18:07:48.061 worker_log:613 24671 MainThread [INFO]  All processing finished for executor task 4104
2023-06-30 18:08:18.989 worker_log:584 24671 MainThread [INFO]  Received executor task 4116
2023-06-30 18:09:03.275 worker_log:602 24671 MainThread [INFO]  Completed executor task 4116
2023-06-30 18:09:03.275 worker_log:613 24671 MainThread [INFO]  All processing finished for executor task 4116
2023-06-30 18:09:44.457 worker_log:584 24671 MainThread [INFO]  Received executor task 4138
2023-06-30 18:10:22.286 worker_log:602 24671 MainThread [INFO]  Completed executor task 4138
2023-06-30 18:10:22.287 worker_log:613 24671 MainThread [INFO]  All processing finished for executor task 4138
2023-06-30 18:10:59.351 worker_log:584 24671 MainThread [INFO]  Received executor task 4152
2023-06-30 18:11:50.579 worker_log:602 24671 MainThread [INFO]  Completed executor task 4152
2023-06-30 18:11:50.580 worker_log:613 24671 MainThread [INFO]  All processing finished for executor task 4152
2023-06-30 18:12:15.640 worker_log:584 24671 MainThread [INFO]  Received executor task 4169
2023-06-30 18:13:15.199 worker_log:602 24671 MainThread [INFO]  Completed executor task 4169
2023-06-30 18:13:15.200 worker_log:613 24671 MainThread [INFO]  All processing finished for executor task 4169
2023-06-30 18:13:56.650 worker_log:584 24671 MainThread [INFO]  Received executor task 4189
2023-06-30 18:14:31.052 worker_log:602 24671 MainThread [INFO]  Completed executor task 4189
2023-06-30 18:14:31.053 worker_log:613 24671 MainThread [INFO]  All processing finished for executor task 4189
2023-06-30 18:15:02.989 worker_log:584 24671 MainThread [INFO]  Received executor task 4198
2023-06-30 18:15:48.268 worker_log:602 24671 MainThread [INFO]  Completed executor task 4198
2023-06-30 18:15:48.268 worker_log:613 24671 MainThread [INFO]  All processing finished for executor task 4198
2023-06-30 18:16:34.626 worker_log:584 24671 MainThread [INFO]  Received executor task 4221
2023-06-30 18:17:06.018 worker_log:602 24671 MainThread [INFO]  Completed executor task 4221
2023-06-30 18:17:06.019 worker_log:613 24671 MainThread [INFO]  All processing finished for executor task 4221
2023-06-30 18:17:45.496 worker_log:584 24671 MainThread [INFO]  Received executor task 4230
2023-06-30 18:18:35.395 worker_log:602 24671 MainThread [INFO]  Completed executor task 4230
2023-06-30 18:18:35.396 worker_log:613 24671 MainThread [INFO]  All processing finished for executor task 4230
2023-06-30 18:19:03.930 worker_log:584 24671 MainThread [INFO]  Received executor task 4249
2023-06-30 18:19:35.877 worker_log:602 24671 MainThread [INFO]  Completed executor task 4249
2023-06-30 18:19:35.878 worker_log:613 24671 MainThread [INFO]  All processing finished for executor task 4249
2023-06-30 18:19:57.363 worker_log:584 24671 MainThread [INFO]  Received executor task 4265
2023-06-30 18:21:02.710 worker_log:602 24671 MainThread [INFO]  Completed executor task 4265
2023-06-30 18:21:02.710 worker_log:613 24671 MainThread [INFO]  All processing finished for executor task 4265
2023-06-30 18:21:27.553 worker_log:584 24671 MainThread [INFO]  Received executor task 4287
2023-06-30 18:21:52.361 worker_log:602 24671 MainThread [INFO]  Completed executor task 4287
2023-06-30 18:21:52.361 worker_log:613 24671 MainThread [INFO]  All processing finished for executor task 4287
2023-06-30 18:22:29.694 worker_log:584 24671 MainThread [INFO]  Received executor task 4292
2023-06-30 18:23:05.692 worker_log:602 24671 MainThread [INFO]  Completed executor task 4292
2023-06-30 18:23:05.692 worker_log:613 24671 MainThread [INFO]  All processing finished for executor task 4292
2023-06-30 18:24:15.747 worker_log:584 24671 MainThread [INFO]  Received executor task 4308
2023-06-30 18:24:51.224 worker_log:602 24671 MainThread [INFO]  Completed executor task 4308
2023-06-30 18:24:51.224 worker_log:613 24671 MainThread [INFO]  All processing finished for executor task 4308
2023-06-30 18:25:46.048 worker_log:584 24671 MainThread [INFO]  Received executor task 4325
2023-06-30 18:26:16.011 worker_log:602 24671 MainThread [INFO]  Completed executor task 4325
2023-06-30 18:26:16.011 worker_log:613 24671 MainThread [INFO]  All processing finished for executor task 4325
2023-06-30 18:27:24.084 worker_log:584 24671 MainThread [INFO]  Received executor task 4339
2023-06-30 18:27:58.679 worker_log:602 24671 MainThread [INFO]  Completed executor task 4339
2023-06-30 18:27:58.680 worker_log:613 24671 MainThread [INFO]  All processing finished for executor task 4339
2023-06-30 18:28:18.289 worker_log:584 24671 MainThread [INFO]  Received executor task 4360
2023-06-30 18:29:26.950 worker_log:602 24671 MainThread [INFO]  Completed executor task 4360
2023-06-30 18:29:26.950 worker_log:613 24671 MainThread [INFO]  All processing finished for executor task 4360
2023-06-30 18:29:28.199 worker_log:584 24671 MainThread [INFO]  Received executor task 4384
2023-06-30 18:29:51.043 worker_log:602 24671 MainThread [INFO]  Completed executor task 4384
2023-06-30 18:29:51.043 worker_log:613 24671 MainThread [INFO]  All processing finished for executor task 4384
2023-06-30 18:30:35.693 worker_log:584 24671 MainThread [INFO]  Received executor task 4385
2023-06-30 18:31:36.939 worker_log:602 24671 MainThread [INFO]  Completed executor task 4385
2023-06-30 18:31:36.939 worker_log:613 24671 MainThread [INFO]  All processing finished for executor task 4385
2023-06-30 18:32:04.973 worker_log:584 24671 MainThread [INFO]  Received executor task 4414
2023-06-30 18:33:08.658 worker_log:602 24671 MainThread [INFO]  Completed executor task 4414
2023-06-30 18:33:08.659 worker_log:613 24671 MainThread [INFO]  All processing finished for executor task 4414
2023-06-30 18:33:27.794 worker_log:584 24671 MainThread [INFO]  Received executor task 4431
2023-06-30 18:33:52.763 worker_log:602 24671 MainThread [INFO]  Completed executor task 4431
2023-06-30 18:33:52.764 worker_log:613 24671 MainThread [INFO]  All processing finished for executor task 4431
2023-06-30 18:34:58.271 worker_log:584 24671 MainThread [INFO]  Received executor task 4437
2023-06-30 18:36:08.836 worker_log:602 24671 MainThread [INFO]  Completed executor task 4437
2023-06-30 18:36:08.836 worker_log:613 24671 MainThread [INFO]  All processing finished for executor task 4437
2023-06-30 18:36:16.393 worker_log:584 24671 MainThread [INFO]  Received executor task 4462
2023-06-30 18:37:02.516 worker_log:602 24671 MainThread [INFO]  Completed executor task 4462
2023-06-30 18:37:02.517 worker_log:613 24671 MainThread [INFO]  All processing finished for executor task 4462
2023-06-30 18:37:25.389 worker_log:584 24671 MainThread [INFO]  Received executor task 4471
2023-06-30 18:37:34.414 worker_log:602 24671 MainThread [INFO]  Completed executor task 4471
2023-06-30 18:37:34.414 worker_log:613 24671 MainThread [INFO]  All processing finished for executor task 4471
2023-06-30 18:38:19.309 worker_log:584 24671 MainThread [INFO]  Received executor task 4481
2023-06-30 18:38:34.956 worker_log:602 24671 MainThread [INFO]  Completed executor task 4481
2023-06-30 18:38:34.957 worker_log:613 24671 MainThread [INFO]  All processing finished for executor task 4481
2023-06-30 18:39:40.063 worker_log:584 24671 MainThread [INFO]  Received executor task 4497
2023-06-30 18:39:51.594 worker_log:602 24671 MainThread [INFO]  Completed executor task 4497
2023-06-30 18:39:51.594 worker_log:613 24671 MainThread [INFO]  All processing finished for executor task 4497
2023-06-30 18:41:45.232 worker_log:584 24671 MainThread [INFO]  Received executor task 4513
2023-06-30 18:42:11.655 worker_log:602 24671 MainThread [INFO]  Completed executor task 4513
2023-06-30 18:42:11.656 worker_log:613 24671 MainThread [INFO]  All processing finished for executor task 4513
2023-06-30 18:42:43.370 worker_log:584 24671 MainThread [INFO]  Received executor task 4533
2023-06-30 18:43:54.326 worker_log:602 24671 MainThread [INFO]  Completed executor task 4533
2023-06-30 18:43:54.327 worker_log:613 24671 MainThread [INFO]  All processing finished for executor task 4533
2023-06-30 18:43:55.346 worker_log:584 24671 MainThread [INFO]  Received executor task 4560
2023-06-30 18:45:27.884 worker_log:602 24671 MainThread [INFO]  Completed executor task 4560
2023-06-30 18:45:27.885 worker_log:613 24671 MainThread [INFO]  All processing finished for executor task 4560
2023-06-30 18:45:29.006 worker_log:584 24671 MainThread [INFO]  Received executor task 4576
2023-06-30 18:46:20.071 worker_log:602 24671 MainThread [INFO]  Completed executor task 4576
2023-06-30 18:46:20.071 worker_log:613 24671 MainThread [INFO]  All processing finished for executor task 4576
2023-06-30 18:46:46.279 worker_log:584 24671 MainThread [INFO]  Received executor task 4586
2023-06-30 18:47:36.200 worker_log:602 24671 MainThread [INFO]  Completed executor task 4586
2023-06-30 18:47:36.200 worker_log:613 24671 MainThread [INFO]  All processing finished for executor task 4586
2023-06-30 18:47:52.797 worker_log:584 24671 MainThread [INFO]  Received executor task 4606
2023-06-30 18:48:12.654 worker_log:602 24671 MainThread [INFO]  Completed executor task 4606
2023-06-30 18:48:12.655 worker_log:613 24671 MainThread [INFO]  All processing finished for executor task 4606
2023-06-30 18:48:55.988 worker_log:584 24671 MainThread [INFO]  Received executor task 4609
2023-06-30 18:49:23.043 worker_log:602 24671 MainThread [INFO]  Completed executor task 4609
2023-06-30 18:49:23.044 worker_log:613 24671 MainThread [INFO]  All processing finished for executor task 4609
2023-06-30 18:49:58.169 worker_log:584 24671 MainThread [INFO]  Received executor task 4625
2023-06-30 18:50:43.976 worker_log:602 24671 MainThread [INFO]  Completed executor task 4625
2023-06-30 18:50:43.977 worker_log:613 24671 MainThread [INFO]  All processing finished for executor task 4625
2023-06-30 18:51:09.664 worker_log:584 24671 MainThread [INFO]  Received executor task 4652
2023-06-30 18:51:29.760 worker_log:602 24671 MainThread [INFO]  Completed executor task 4652
2023-06-30 18:51:29.760 worker_log:613 24671 MainThread [INFO]  All processing finished for executor task 4652
2023-06-30 18:52:27.410 worker_log:584 24671 MainThread [INFO]  Received executor task 4659
2023-06-30 18:53:11.142 worker_log:602 24671 MainThread [INFO]  Completed executor task 4659
2023-06-30 18:53:11.143 worker_log:613 24671 MainThread [INFO]  All processing finished for executor task 4659
2023-06-30 18:54:02.462 worker_log:584 24671 MainThread [INFO]  Received executor task 4681
2023-06-30 18:54:28.511 worker_log:602 24671 MainThread [INFO]  Completed executor task 4681
2023-06-30 18:54:28.512 worker_log:613 24671 MainThread [INFO]  All processing finished for executor task 4681
2023-06-30 18:55:21.568 worker_log:584 24671 MainThread [INFO]  Received executor task 4690
2023-06-30 18:55:55.333 worker_log:602 24671 MainThread [INFO]  Completed executor task 4690
2023-06-30 18:55:55.334 worker_log:613 24671 MainThread [INFO]  All processing finished for executor task 4690
2023-06-30 18:56:43.662 worker_log:584 24671 MainThread [INFO]  Received executor task 4708
2023-06-30 18:57:47.492 worker_log:602 24671 MainThread [INFO]  Completed executor task 4708
2023-06-30 18:57:47.492 worker_log:613 24671 MainThread [INFO]  All processing finished for executor task 4708
2023-06-30 18:58:31.127 worker_log:584 24671 MainThread [INFO]  Received executor task 4734
2023-06-30 18:59:05.824 worker_log:602 24671 MainThread [INFO]  Completed executor task 4734
2023-06-30 18:59:05.825 worker_log:613 24671 MainThread [INFO]  All processing finished for executor task 4734
2023-06-30 18:59:49.766 worker_log:584 24671 MainThread [INFO]  Received executor task 4747
2023-06-30 19:00:27.498 worker_log:602 24671 MainThread [INFO]  Completed executor task 4747
2023-06-30 19:00:27.498 worker_log:613 24671 MainThread [INFO]  All processing finished for executor task 4747
2023-06-30 19:01:11.410 worker_log:584 24671 MainThread [INFO]  Received executor task 4760
2023-06-30 19:02:02.342 worker_log:602 24671 MainThread [INFO]  Completed executor task 4760
2023-06-30 19:02:02.342 worker_log:613 24671 MainThread [INFO]  All processing finished for executor task 4760
2023-06-30 19:02:18.915 worker_log:584 24671 MainThread [INFO]  Received executor task 4779
2023-06-30 19:03:10.823 worker_log:602 24671 MainThread [INFO]  Completed executor task 4779
2023-06-30 19:03:10.824 worker_log:613 24671 MainThread [INFO]  All processing finished for executor task 4779
2023-06-30 19:03:36.647 worker_log:584 24671 MainThread [INFO]  Received executor task 4794
2023-06-30 19:04:38.379 worker_log:602 24671 MainThread [INFO]  Completed executor task 4794
2023-06-30 19:04:38.379 worker_log:613 24671 MainThread [INFO]  All processing finished for executor task 4794
2023-06-30 19:04:49.530 worker_log:584 24671 MainThread [INFO]  Received executor task 4814
2023-06-30 19:05:10.420 worker_log:602 24671 MainThread [INFO]  Completed executor task 4814
2023-06-30 19:05:10.420 worker_log:613 24671 MainThread [INFO]  All processing finished for executor task 4814
2023-06-30 19:06:07.869 worker_log:584 24671 MainThread [INFO]  Received executor task 4819
2023-06-30 19:06:22.458 worker_log:602 24671 MainThread [INFO]  Completed executor task 4819
2023-06-30 19:06:22.458 worker_log:613 24671 MainThread [INFO]  All processing finished for executor task 4819
2023-06-30 19:07:10.657 worker_log:584 24671 MainThread [INFO]  Received executor task 4834
2023-06-30 19:08:15.641 worker_log:602 24671 MainThread [INFO]  Completed executor task 4834
2023-06-30 19:08:15.641 worker_log:613 24671 MainThread [INFO]  All processing finished for executor task 4834
2023-06-30 19:08:16.957 worker_log:584 24671 MainThread [INFO]  Received executor task 4864
2023-06-30 19:08:58.034 worker_log:602 24671 MainThread [INFO]  Completed executor task 4864
2023-06-30 19:08:58.035 worker_log:613 24671 MainThread [INFO]  All processing finished for executor task 4864
2023-06-30 19:09:34.283 worker_log:584 24671 MainThread [INFO]  Received executor task 4874
2023-06-30 19:10:00.912 worker_log:602 24671 MainThread [INFO]  Completed executor task 4874
2023-06-30 19:10:00.912 worker_log:613 24671 MainThread [INFO]  All processing finished for executor task 4874
2023-06-30 19:11:02.450 worker_log:584 24671 MainThread [INFO]  Received executor task 4883
2023-06-30 19:11:26.410 worker_log:602 24671 MainThread [INFO]  Completed executor task 4883
2023-06-30 19:11:26.410 worker_log:613 24671 MainThread [INFO]  All processing finished for executor task 4883
2023-06-30 19:13:05.770 worker_log:584 24671 MainThread [INFO]  Received executor task 4898
2023-06-30 19:14:11.000 worker_log:602 24671 MainThread [INFO]  Completed executor task 4898
2023-06-30 19:14:11.001 worker_log:613 24671 MainThread [INFO]  All processing finished for executor task 4898
2023-06-30 19:14:20.543 worker_log:584 24671 MainThread [INFO]  Received executor task 4927
2023-06-30 19:14:47.052 worker_log:602 24671 MainThread [INFO]  Completed executor task 4927
2023-06-30 19:14:47.053 worker_log:613 24671 MainThread [INFO]  All processing finished for executor task 4927
2023-06-30 19:15:29.188 worker_log:584 24671 MainThread [INFO]  Received executor task 4933
2023-06-30 19:15:50.039 worker_log:602 24671 MainThread [INFO]  Completed executor task 4933
2023-06-30 19:15:50.040 worker_log:613 24671 MainThread [INFO]  All processing finished for executor task 4933
2023-06-30 19:18:39.407 worker_log:584 24671 MainThread [INFO]  Received executor task 4946
2023-06-30 19:19:12.105 worker_log:602 24671 MainThread [INFO]  Completed executor task 4946
2023-06-30 19:19:12.106 worker_log:613 24671 MainThread [INFO]  All processing finished for executor task 4946
2023-06-30 19:19:42.957 worker_log:584 24671 MainThread [INFO]  Received executor task 4969
2023-06-30 19:20:29.710 worker_log:602 24671 MainThread [INFO]  Completed executor task 4969
2023-06-30 19:20:29.711 worker_log:613 24671 MainThread [INFO]  All processing finished for executor task 4969
2023-06-30 19:20:57.544 worker_log:584 24671 MainThread [INFO]  Received executor task 4985
2023-06-30 19:21:14.153 worker_log:602 24671 MainThread [INFO]  Completed executor task 4985
2023-06-30 19:21:14.154 worker_log:613 24671 MainThread [INFO]  All processing finished for executor task 4985
2023-06-30 19:22:02.554 worker_log:584 24671 MainThread [INFO]  Received executor task 4994
2023-06-30 19:22:45.322 worker_log:602 24671 MainThread [INFO]  Completed executor task 4994
2023-06-30 19:22:45.323 worker_log:613 24671 MainThread [INFO]  All processing finished for executor task 4994
2023-06-30 19:23:04.050 worker_log:584 24671 MainThread [INFO]  Received executor task 5020
2023-06-30 19:23:57.047 worker_log:602 24671 MainThread [INFO]  Completed executor task 5020
2023-06-30 19:23:57.047 worker_log:613 24671 MainThread [INFO]  All processing finished for executor task 5020
2023-06-30 19:24:48.849 worker_log:584 24671 MainThread [INFO]  Received executor task 5034
2023-06-30 19:25:36.272 worker_log:602 24671 MainThread [INFO]  Completed executor task 5034
2023-06-30 19:25:36.272 worker_log:613 24671 MainThread [INFO]  All processing finished for executor task 5034
2023-06-30 19:25:39.008 worker_log:584 24671 MainThread [INFO]  Received executor task 5055
2023-06-30 19:26:33.038 worker_log:602 24671 MainThread [INFO]  Completed executor task 5055
2023-06-30 19:26:33.038 worker_log:613 24671 MainThread [INFO]  All processing finished for executor task 5055
2023-06-30 19:27:02.502 worker_log:584 24671 MainThread [INFO]  Received executor task 5069
2023-06-30 19:27:43.788 worker_log:602 24671 MainThread [INFO]  Completed executor task 5069
2023-06-30 19:27:43.789 worker_log:613 24671 MainThread [INFO]  All processing finished for executor task 5069
2023-06-30 19:28:00.005 worker_log:584 24671 MainThread [INFO]  Received executor task 5085
2023-06-30 19:29:10.300 worker_log:602 24671 MainThread [INFO]  Completed executor task 5085
2023-06-30 19:29:10.300 worker_log:613 24671 MainThread [INFO]  All processing finished for executor task 5085
2023-06-30 19:29:26.033 worker_log:584 24671 MainThread [INFO]  Received executor task 5103
2023-06-30 19:29:49.661 worker_log:602 24671 MainThread [INFO]  Completed executor task 5103
2023-06-30 19:29:49.662 worker_log:613 24671 MainThread [INFO]  All processing finished for executor task 5103
2023-06-30 19:31:05.552 worker_log:584 24671 MainThread [INFO]  Received executor task 5109
2023-06-30 19:31:39.948 worker_log:602 24671 MainThread [INFO]  Completed executor task 5109
2023-06-30 19:31:39.948 worker_log:613 24671 MainThread [INFO]  All processing finished for executor task 5109
2023-06-30 19:32:58.324 worker_log:584 24671 MainThread [INFO]  Received executor task 5128
2023-06-30 19:33:51.326 worker_log:602 24671 MainThread [INFO]  Completed executor task 5128
2023-06-30 19:33:51.327 worker_log:613 24671 MainThread [INFO]  All processing finished for executor task 5128
2023-06-30 19:34:18.158 worker_log:584 24671 MainThread [INFO]  Received executor task 5148
2023-06-30 19:34:57.115 worker_log:602 24671 MainThread [INFO]  Completed executor task 5148
2023-06-30 19:34:57.116 worker_log:613 24671 MainThread [INFO]  All processing finished for executor task 5148
2023-06-30 19:35:42.790 worker_log:584 24671 MainThread [INFO]  Received executor task 5160
2023-06-30 19:37:14.796 worker_log:602 24671 MainThread [INFO]  Completed executor task 5160
2023-06-30 19:37:14.797 worker_log:613 24671 MainThread [INFO]  All processing finished for executor task 5160
2023-06-30 19:37:15.846 worker_log:584 24671 MainThread [INFO]  Received executor task 5184
2023-06-30 19:37:57.313 worker_log:602 24671 MainThread [INFO]  Completed executor task 5184
2023-06-30 19:37:57.314 worker_log:613 24671 MainThread [INFO]  All processing finished for executor task 5184
2023-06-30 19:38:46.615 worker_log:584 24671 MainThread [INFO]  Received executor task 5191
2023-06-30 19:39:57.021 worker_log:602 24671 MainThread [INFO]  Completed executor task 5191
2023-06-30 19:39:57.021 worker_log:613 24671 MainThread [INFO]  All processing finished for executor task 5191
2023-06-30 19:39:58.276 worker_log:584 24671 MainThread [INFO]  Received executor task 5216
2023-06-30 19:40:44.586 worker_log:602 24671 MainThread [INFO]  Completed executor task 5216
2023-06-30 19:40:44.587 worker_log:613 24671 MainThread [INFO]  All processing finished for executor task 5216
2023-06-30 19:41:16.129 worker_log:584 24671 MainThread [INFO]  Received executor task 5226
2023-06-30 19:41:36.968 worker_log:602 24671 MainThread [INFO]  Completed executor task 5226
2023-06-30 19:41:36.968 worker_log:613 24671 MainThread [INFO]  All processing finished for executor task 5226
2023-06-30 19:42:35.876 worker_log:584 24671 MainThread [INFO]  Received executor task 5233
2023-06-30 19:42:55.779 worker_log:602 24671 MainThread [INFO]  Completed executor task 5233
2023-06-30 19:42:55.779 worker_log:613 24671 MainThread [INFO]  All processing finished for executor task 5233
2023-06-30 19:44:15.637 worker_log:584 24671 MainThread [INFO]  Received executor task 5251
2023-06-30 19:44:57.684 worker_log:602 24671 MainThread [INFO]  Completed executor task 5251
2023-06-30 19:44:57.684 worker_log:613 24671 MainThread [INFO]  All processing finished for executor task 5251
2023-06-30 19:45:29.942 worker_log:584 24671 MainThread [INFO]  Received executor task 5273
2023-06-30 19:46:32.850 worker_log:602 24671 MainThread [INFO]  Completed executor task 5273
2023-06-30 19:46:32.851 worker_log:613 24671 MainThread [INFO]  All processing finished for executor task 5273
2023-06-30 19:46:41.812 worker_log:584 24671 MainThread [INFO]  Received executor task 5294
2023-06-30 19:47:20.735 worker_log:602 24671 MainThread [INFO]  Completed executor task 5294
2023-06-30 19:47:20.736 worker_log:613 24671 MainThread [INFO]  All processing finished for executor task 5294
2023-06-30 19:47:43.626 worker_log:584 24671 MainThread [INFO]  Received executor task 5306
2023-06-30 19:48:52.557 worker_log:602 24671 MainThread [INFO]  Completed executor task 5306
2023-06-30 19:48:52.558 worker_log:613 24671 MainThread [INFO]  All processing finished for executor task 5306
2023-06-30 19:48:53.570 worker_log:584 24671 MainThread [INFO]  Received executor task 5328
2023-06-30 19:49:23.699 worker_log:602 24671 MainThread [INFO]  Completed executor task 5328
2023-06-30 19:49:23.700 worker_log:613 24671 MainThread [INFO]  All processing finished for executor task 5328
2023-06-30 19:49:59.996 worker_log:584 24671 MainThread [INFO]  Received executor task 5335
2023-06-30 19:50:46.445 worker_log:602 24671 MainThread [INFO]  Completed executor task 5335
2023-06-30 19:50:46.446 worker_log:613 24671 MainThread [INFO]  All processing finished for executor task 5335
2023-06-30 19:52:19.355 worker_log:584 24671 MainThread [INFO]  Received executor task 5355
2023-06-30 19:52:42.954 worker_log:602 24671 MainThread [INFO]  Completed executor task 5355
2023-06-30 19:52:42.954 worker_log:613 24671 MainThread [INFO]  All processing finished for executor task 5355
2023-06-30 19:53:51.215 worker_log:584 24671 MainThread [INFO]  Received executor task 5362
2023-06-30 19:54:18.500 worker_log:602 24671 MainThread [INFO]  Completed executor task 5362
2023-06-30 19:54:18.501 worker_log:613 24671 MainThread [INFO]  All processing finished for executor task 5362
2023-06-30 19:55:10.314 worker_log:584 24671 MainThread [INFO]  Received executor task 5380
2023-06-30 19:55:46.102 worker_log:602 24671 MainThread [INFO]  Completed executor task 5380
2023-06-30 19:55:46.103 worker_log:613 24671 MainThread [INFO]  All processing finished for executor task 5380
2023-06-30 19:56:16.242 worker_log:584 24671 MainThread [INFO]  Received executor task 5398
2023-06-30 19:56:54.362 worker_log:602 24671 MainThread [INFO]  Completed executor task 5398
2023-06-30 19:56:54.362 worker_log:613 24671 MainThread [INFO]  All processing finished for executor task 5398
2023-06-30 19:57:44.913 worker_log:584 24671 MainThread [INFO]  Received executor task 5416
2023-06-30 19:58:17.580 worker_log:602 24671 MainThread [INFO]  Completed executor task 5416
2023-06-30 19:58:17.580 worker_log:613 24671 MainThread [INFO]  All processing finished for executor task 5416
2023-06-30 19:59:03.200 worker_log:584 24671 MainThread [INFO]  Received executor task 5427
2023-06-30 19:59:53.513 worker_log:602 24671 MainThread [INFO]  Completed executor task 5427
2023-06-30 19:59:53.513 worker_log:613 24671 MainThread [INFO]  All processing finished for executor task 5427
2023-06-30 20:00:04.257 worker_log:584 24671 MainThread [INFO]  Received executor task 5453
2023-06-30 20:01:05.096 worker_log:602 24671 MainThread [INFO]  Completed executor task 5453
2023-06-30 20:01:05.097 worker_log:613 24671 MainThread [INFO]  All processing finished for executor task 5453
2023-06-30 20:01:10.198 worker_log:584 24671 MainThread [INFO]  Received executor task 5471
2023-06-30 20:01:50.553 worker_log:602 24671 MainThread [INFO]  Completed executor task 5471
2023-06-30 20:01:50.553 worker_log:613 24671 MainThread [INFO]  All processing finished for executor task 5471
2023-06-30 20:02:20.500 worker_log:584 24671 MainThread [INFO]  Received executor task 5482
2023-06-30 20:03:12.325 worker_log:602 24671 MainThread [INFO]  Completed executor task 5482
2023-06-30 20:03:12.326 worker_log:613 24671 MainThread [INFO]  All processing finished for executor task 5482
2023-06-30 20:03:15.482 worker_log:584 24671 MainThread [INFO]  Received executor task 5503
2023-06-30 20:03:45.364 worker_log:602 24671 MainThread [INFO]  Completed executor task 5503
2023-06-30 20:03:45.364 worker_log:613 24671 MainThread [INFO]  All processing finished for executor task 5503
2023-06-30 20:04:19.488 worker_log:584 24671 MainThread [INFO]  Received executor task 5511
2023-06-30 20:04:45.462 worker_log:602 24671 MainThread [INFO]  Completed executor task 5511
2023-06-30 20:04:45.462 worker_log:613 24671 MainThread [INFO]  All processing finished for executor task 5511
2023-06-30 20:05:37.516 worker_log:584 24671 MainThread [INFO]  Received executor task 5525
2023-06-30 20:06:00.943 worker_log:602 24671 MainThread [INFO]  Completed executor task 5525
2023-06-30 20:06:00.943 worker_log:613 24671 MainThread [INFO]  All processing finished for executor task 5525
2023-06-30 20:06:36.918 worker_log:584 24671 MainThread [INFO]  Received executor task 5539
2023-06-30 20:07:38.002 worker_log:602 24671 MainThread [INFO]  Completed executor task 5539
2023-06-30 20:07:38.003 worker_log:613 24671 MainThread [INFO]  All processing finished for executor task 5539
2023-06-30 20:07:53.490 worker_log:584 24671 MainThread [INFO]  Received executor task 5565
2023-06-30 20:08:29.763 worker_log:602 24671 MainThread [INFO]  Completed executor task 5565
2023-06-30 20:08:29.763 worker_log:613 24671 MainThread [INFO]  All processing finished for executor task 5565
2023-06-30 20:09:18.049 worker_log:584 24671 MainThread [INFO]  Received executor task 5574
2023-06-30 20:10:09.770 worker_log:602 24671 MainThread [INFO]  Completed executor task 5574
2023-06-30 20:10:09.770 worker_log:613 24671 MainThread [INFO]  All processing finished for executor task 5574
2023-06-30 20:10:47.161 worker_log:584 24671 MainThread [INFO]  Received executor task 5596
2023-06-30 20:11:56.790 worker_log:602 24671 MainThread [INFO]  Completed executor task 5596
2023-06-30 20:11:56.790 worker_log:613 24671 MainThread [INFO]  All processing finished for executor task 5596
2023-06-30 20:12:08.318 worker_log:584 24671 MainThread [INFO]  Received executor task 5615
2023-06-30 20:12:32.873 worker_log:602 24671 MainThread [INFO]  Completed executor task 5615
2023-06-30 20:12:32.873 worker_log:613 24671 MainThread [INFO]  All processing finished for executor task 5615
2023-06-30 20:13:31.799 worker_log:584 24671 MainThread [INFO]  Received executor task 5619
2023-06-30 20:13:56.529 worker_log:602 24671 MainThread [INFO]  Completed executor task 5619
2023-06-30 20:13:56.530 worker_log:613 24671 MainThread [INFO]  All processing finished for executor task 5619
2023-06-30 20:14:47.160 worker_log:584 24671 MainThread [INFO]  Received executor task 5636
2023-06-30 20:15:16.124 worker_log:602 24671 MainThread [INFO]  Completed executor task 5636
2023-06-30 20:15:16.124 worker_log:613 24671 MainThread [INFO]  All processing finished for executor task 5636
