2023-06-30 12:25:40.264 worker_log:538 24661 MainThread [INFO]  Worker 5 started
2023-06-30 12:27:54.380 worker_log:584 24661 MainThread [INFO]  Received executor task 6
2023-06-30 12:29:17.415 worker_log:602 24661 MainThread [INFO]  Completed executor task 6
2023-06-30 12:29:17.416 worker_log:613 24661 MainThread [INFO]  All processing finished for executor task 6
2023-06-30 12:29:18.456 worker_log:584 24661 MainThread [INFO]  Received executor task 32
2023-06-30 12:30:02.234 worker_log:602 24661 MainThread [INFO]  Completed executor task 32
2023-06-30 12:30:02.234 worker_log:613 24661 MainThread [INFO]  All processing finished for executor task 32
2023-06-30 12:30:16.983 worker_log:584 24661 MainThread [INFO]  Received executor task 43
2023-06-30 12:31:00.911 worker_log:602 24661 MainThread [INFO]  Completed executor task 43
2023-06-30 12:31:00.912 worker_log:613 24661 MainThread [INFO]  All processing finished for executor task 43
2023-06-30 12:31:36.435 worker_log:584 24661 MainThread [INFO]  Received executor task 57
2023-06-30 12:32:04.079 worker_log:602 24661 MainThread [INFO]  Completed executor task 57
2023-06-30 12:32:04.079 worker_log:613 24661 MainThread [INFO]  All processing finished for executor task 57
2023-06-30 12:33:05.785 worker_log:584 24661 MainThread [INFO]  Received executor task 70
2023-06-30 12:34:07.004 worker_log:602 24661 MainThread [INFO]  Completed executor task 70
2023-06-30 12:34:07.005 worker_log:613 24661 MainThread [INFO]  All processing finished for executor task 70
2023-06-30 12:34:36.224 worker_log:584 24661 MainThread [INFO]  Received executor task 94
2023-06-30 12:34:46.851 worker_log:602 24661 MainThread [INFO]  Completed executor task 94
2023-06-30 12:34:46.852 worker_log:613 24661 MainThread [INFO]  All processing finished for executor task 94
2023-06-30 12:35:46.191 worker_log:584 24661 MainThread [INFO]  Received executor task 97
2023-06-30 12:36:13.197 worker_log:602 24661 MainThread [INFO]  Completed executor task 97
2023-06-30 12:36:13.198 worker_log:613 24661 MainThread [INFO]  All processing finished for executor task 97
2023-06-30 12:37:07.351 worker_log:584 24661 MainThread [INFO]  Received executor task 115
2023-06-30 12:38:25.296 worker_log:602 24661 MainThread [INFO]  Completed executor task 115
2023-06-30 12:38:25.297 worker_log:613 24661 MainThread [INFO]  All processing finished for executor task 115
2023-06-30 12:38:46.737 worker_log:584 24661 MainThread [INFO]  Received executor task 142
2023-06-30 12:39:21.685 worker_log:602 24661 MainThread [INFO]  Completed executor task 142
2023-06-30 12:39:21.685 worker_log:613 24661 MainThread [INFO]  All processing finished for executor task 142
2023-06-30 12:39:35.684 worker_log:584 24661 MainThread [INFO]  Received executor task 154
2023-06-30 12:40:34.219 worker_log:602 24661 MainThread [INFO]  Completed executor task 154
2023-06-30 12:40:34.220 worker_log:613 24661 MainThread [INFO]  All processing finished for executor task 154
2023-06-30 12:40:42.994 worker_log:584 24661 MainThread [INFO]  Received executor task 174
2023-06-30 12:41:32.718 worker_log:602 24661 MainThread [INFO]  Completed executor task 174
2023-06-30 12:41:32.719 worker_log:613 24661 MainThread [INFO]  All processing finished for executor task 174
2023-06-30 12:42:25.036 worker_log:584 24661 MainThread [INFO]  Received executor task 184
2023-06-30 12:42:51.841 worker_log:602 24661 MainThread [INFO]  Completed executor task 184
2023-06-30 12:42:51.841 worker_log:613 24661 MainThread [INFO]  All processing finished for executor task 184
2023-06-30 12:43:30.103 worker_log:584 24661 MainThread [INFO]  Received executor task 196
2023-06-30 12:44:10.586 worker_log:602 24661 MainThread [INFO]  Completed executor task 196
2023-06-30 12:44:10.587 worker_log:613 24661 MainThread [INFO]  All processing finished for executor task 196
2023-06-30 12:44:54.684 worker_log:584 24661 MainThread [INFO]  Received executor task 216
2023-06-30 12:45:36.684 worker_log:602 24661 MainThread [INFO]  Completed executor task 216
2023-06-30 12:45:36.685 worker_log:613 24661 MainThread [INFO]  All processing finished for executor task 216
2023-06-30 12:45:49.579 worker_log:584 24661 MainThread [INFO]  Received executor task 235
2023-06-30 12:46:27.462 worker_log:602 24661 MainThread [INFO]  Completed executor task 235
2023-06-30 12:46:27.463 worker_log:613 24661 MainThread [INFO]  All processing finished for executor task 235
2023-06-30 12:47:06.686 worker_log:584 24661 MainThread [INFO]  Received executor task 246
2023-06-30 12:47:41.156 worker_log:602 24661 MainThread [INFO]  Completed executor task 246
2023-06-30 12:47:41.157 worker_log:613 24661 MainThread [INFO]  All processing finished for executor task 246
2023-06-30 12:48:04.598 worker_log:584 24661 MainThread [INFO]  Received executor task 265
2023-06-30 12:48:43.619 worker_log:602 24661 MainThread [INFO]  Completed executor task 265
2023-06-30 12:48:43.620 worker_log:613 24661 MainThread [INFO]  All processing finished for executor task 265
2023-06-30 12:49:09.808 worker_log:584 24661 MainThread [INFO]  Received executor task 282
2023-06-30 12:49:46.340 worker_log:602 24661 MainThread [INFO]  Completed executor task 282
2023-06-30 12:49:46.341 worker_log:613 24661 MainThread [INFO]  All processing finished for executor task 282
2023-06-30 12:50:37.236 worker_log:584 24661 MainThread [INFO]  Received executor task 293
2023-06-30 12:51:59.053 worker_log:602 24661 MainThread [INFO]  Completed executor task 293
2023-06-30 12:51:59.054 worker_log:613 24661 MainThread [INFO]  All processing finished for executor task 293
2023-06-30 12:52:00.181 worker_log:584 24661 MainThread [INFO]  Received executor task 320
2023-06-30 12:52:25.613 worker_log:602 24661 MainThread [INFO]  Completed executor task 320
2023-06-30 12:52:25.614 worker_log:613 24661 MainThread [INFO]  All processing finished for executor task 320
2023-06-30 12:53:21.959 worker_log:584 24661 MainThread [INFO]  Received executor task 323
2023-06-30 12:54:00.092 worker_log:602 24661 MainThread [INFO]  Completed executor task 323
2023-06-30 12:54:00.092 worker_log:613 24661 MainThread [INFO]  All processing finished for executor task 323
2023-06-30 12:54:54.854 worker_log:584 24661 MainThread [INFO]  Received executor task 344
2023-06-30 12:56:00.649 worker_log:602 24661 MainThread [INFO]  Completed executor task 344
2023-06-30 12:56:00.650 worker_log:613 24661 MainThread [INFO]  All processing finished for executor task 344
2023-06-30 12:56:37.347 worker_log:584 24661 MainThread [INFO]  Received executor task 366
2023-06-30 12:57:12.423 worker_log:602 24661 MainThread [INFO]  Completed executor task 366
2023-06-30 12:57:12.423 worker_log:613 24661 MainThread [INFO]  All processing finished for executor task 366
2023-06-30 12:58:32.061 worker_log:584 24661 MainThread [INFO]  Received executor task 375
2023-06-30 12:59:12.909 worker_log:602 24661 MainThread [INFO]  Completed executor task 375
2023-06-30 12:59:12.910 worker_log:613 24661 MainThread [INFO]  All processing finished for executor task 375
2023-06-30 12:59:44.963 worker_log:584 24661 MainThread [INFO]  Received executor task 394
2023-06-30 13:00:31.101 worker_log:602 24661 MainThread [INFO]  Completed executor task 394
2023-06-30 13:00:31.101 worker_log:613 24661 MainThread [INFO]  All processing finished for executor task 394
2023-06-30 13:01:05.233 worker_log:584 24661 MainThread [INFO]  Received executor task 409
2023-06-30 13:02:03.208 worker_log:602 24661 MainThread [INFO]  Completed executor task 409
2023-06-30 13:02:03.209 worker_log:613 24661 MainThread [INFO]  All processing finished for executor task 409
2023-06-30 13:02:23.382 worker_log:584 24661 MainThread [INFO]  Received executor task 428
2023-06-30 13:03:08.115 worker_log:602 24661 MainThread [INFO]  Completed executor task 428
2023-06-30 13:03:08.116 worker_log:613 24661 MainThread [INFO]  All processing finished for executor task 428
2023-06-30 13:04:05.082 worker_log:584 24661 MainThread [INFO]  Received executor task 443
2023-06-30 13:05:02.434 worker_log:602 24661 MainThread [INFO]  Completed executor task 443
2023-06-30 13:05:02.434 worker_log:613 24661 MainThread [INFO]  All processing finished for executor task 443
2023-06-30 13:05:05.745 worker_log:584 24661 MainThread [INFO]  Received executor task 463
2023-06-30 13:05:38.529 worker_log:602 24661 MainThread [INFO]  Completed executor task 463
2023-06-30 13:05:38.530 worker_log:613 24661 MainThread [INFO]  All processing finished for executor task 463
2023-06-30 13:06:14.229 worker_log:584 24661 MainThread [INFO]  Received executor task 467
2023-06-30 13:07:16.787 worker_log:602 24661 MainThread [INFO]  Completed executor task 467
2023-06-30 13:07:16.788 worker_log:613 24661 MainThread [INFO]  All processing finished for executor task 467
2023-06-30 13:07:59.035 worker_log:584 24661 MainThread [INFO]  Received executor task 495
2023-06-30 13:08:22.446 worker_log:602 24661 MainThread [INFO]  Completed executor task 495
2023-06-30 13:08:22.447 worker_log:613 24661 MainThread [INFO]  All processing finished for executor task 495
2023-06-30 13:09:02.643 worker_log:584 24661 MainThread [INFO]  Received executor task 498
2023-06-30 13:09:42.599 worker_log:602 24661 MainThread [INFO]  Completed executor task 498
2023-06-30 13:09:42.599 worker_log:613 24661 MainThread [INFO]  All processing finished for executor task 498
2023-06-30 13:10:50.017 worker_log:584 24661 MainThread [INFO]  Received executor task 519
2023-06-30 13:11:14.869 worker_log:602 24661 MainThread [INFO]  Completed executor task 519
2023-06-30 13:11:14.869 worker_log:613 24661 MainThread [INFO]  All processing finished for executor task 519
2023-06-30 13:11:59.664 worker_log:584 24661 MainThread [INFO]  Received executor task 529
2023-06-30 13:12:28.168 worker_log:602 24661 MainThread [INFO]  Completed executor task 529
2023-06-30 13:12:28.168 worker_log:613 24661 MainThread [INFO]  All processing finished for executor task 529
2023-06-30 13:13:37.204 worker_log:584 24661 MainThread [INFO]  Received executor task 550
2023-06-30 13:14:49.231 worker_log:602 24661 MainThread [INFO]  Completed executor task 550
2023-06-30 13:14:49.231 worker_log:613 24661 MainThread [INFO]  All processing finished for executor task 550
2023-06-30 13:14:50.395 worker_log:584 24661 MainThread [INFO]  Received executor task 576
2023-06-30 13:15:42.462 worker_log:602 24661 MainThread [INFO]  Completed executor task 576
2023-06-30 13:15:42.463 worker_log:613 24661 MainThread [INFO]  All processing finished for executor task 576
2023-06-30 13:15:56.153 worker_log:584 24661 MainThread [INFO]  Received executor task 590
2023-06-30 13:16:35.841 worker_log:602 24661 MainThread [INFO]  Completed executor task 590
2023-06-30 13:16:35.841 worker_log:613 24661 MainThread [INFO]  All processing finished for executor task 590
2023-06-30 13:16:55.356 worker_log:584 24661 MainThread [INFO]  Received executor task 601
2023-06-30 13:17:36.431 worker_log:602 24661 MainThread [INFO]  Completed executor task 601
2023-06-30 13:17:36.431 worker_log:613 24661 MainThread [INFO]  All processing finished for executor task 601
2023-06-30 13:18:07.863 worker_log:584 24661 MainThread [INFO]  Received executor task 619
2023-06-30 13:18:40.080 worker_log:602 24661 MainThread [INFO]  Completed executor task 619
2023-06-30 13:18:40.080 worker_log:613 24661 MainThread [INFO]  All processing finished for executor task 619
2023-06-30 13:19:17.805 worker_log:584 24661 MainThread [INFO]  Received executor task 631
2023-06-30 13:20:05.348 worker_log:602 24661 MainThread [INFO]  Completed executor task 631
2023-06-30 13:20:05.348 worker_log:613 24661 MainThread [INFO]  All processing finished for executor task 631
2023-06-30 13:20:39.565 worker_log:584 24661 MainThread [INFO]  Received executor task 650
2023-06-30 13:21:18.694 worker_log:602 24661 MainThread [INFO]  Completed executor task 650
2023-06-30 13:21:18.694 worker_log:613 24661 MainThread [INFO]  All processing finished for executor task 650
2023-06-30 13:21:47.342 worker_log:584 24661 MainThread [INFO]  Received executor task 665
2023-06-30 13:22:32.170 worker_log:602 24661 MainThread [INFO]  Completed executor task 665
2023-06-30 13:22:32.170 worker_log:613 24661 MainThread [INFO]  All processing finished for executor task 665
2023-06-30 13:23:08.323 worker_log:584 24661 MainThread [INFO]  Received executor task 681
2023-06-30 13:23:56.295 worker_log:602 24661 MainThread [INFO]  Completed executor task 681
2023-06-30 13:23:56.295 worker_log:613 24661 MainThread [INFO]  All processing finished for executor task 681
2023-06-30 13:24:23.525 worker_log:584 24661 MainThread [INFO]  Received executor task 700
2023-06-30 13:24:48.711 worker_log:602 24661 MainThread [INFO]  Completed executor task 700
2023-06-30 13:24:48.711 worker_log:613 24661 MainThread [INFO]  All processing finished for executor task 700
2023-06-30 13:25:37.486 worker_log:584 24661 MainThread [INFO]  Received executor task 705
2023-06-30 13:26:15.379 worker_log:602 24661 MainThread [INFO]  Completed executor task 705
2023-06-30 13:26:15.379 worker_log:613 24661 MainThread [INFO]  All processing finished for executor task 705
2023-06-30 13:26:56.128 worker_log:584 24661 MainThread [INFO]  Received executor task 727
2023-06-30 13:27:03.289 worker_log:602 24661 MainThread [INFO]  Completed executor task 727
2023-06-30 13:27:03.289 worker_log:613 24661 MainThread [INFO]  All processing finished for executor task 727
2023-06-30 13:28:04.344 worker_log:584 24661 MainThread [INFO]  Received executor task 737
2023-06-30 13:28:16.647 worker_log:602 24661 MainThread [INFO]  Completed executor task 737
2023-06-30 13:28:16.648 worker_log:613 24661 MainThread [INFO]  All processing finished for executor task 737
2023-06-30 13:29:36.481 worker_log:584 24661 MainThread [INFO]  Received executor task 753
2023-06-30 13:29:57.371 worker_log:602 24661 MainThread [INFO]  Completed executor task 753
2023-06-30 13:29:57.371 worker_log:613 24661 MainThread [INFO]  All processing finished for executor task 753
2023-06-30 13:30:43.771 worker_log:584 24661 MainThread [INFO]  Received executor task 769
2023-06-30 13:31:32.329 worker_log:602 24661 MainThread [INFO]  Completed executor task 769
2023-06-30 13:31:32.330 worker_log:613 24661 MainThread [INFO]  All processing finished for executor task 769
2023-06-30 13:31:58.272 worker_log:584 24661 MainThread [INFO]  Received executor task 792
2023-06-30 13:32:32.749 worker_log:602 24661 MainThread [INFO]  Completed executor task 792
2023-06-30 13:32:32.749 worker_log:613 24661 MainThread [INFO]  All processing finished for executor task 792
2023-06-30 13:33:05.020 worker_log:584 24661 MainThread [INFO]  Received executor task 803
2023-06-30 13:33:50.374 worker_log:602 24661 MainThread [INFO]  Completed executor task 803
2023-06-30 13:33:50.375 worker_log:613 24661 MainThread [INFO]  All processing finished for executor task 803
2023-06-30 13:34:13.052 worker_log:584 24661 MainThread [INFO]  Received executor task 828
2023-06-30 13:34:51.246 worker_log:602 24661 MainThread [INFO]  Completed executor task 828
2023-06-30 13:34:51.247 worker_log:613 24661 MainThread [INFO]  All processing finished for executor task 828
2023-06-30 13:35:39.515 worker_log:584 24661 MainThread [INFO]  Received executor task 844
2023-06-30 13:36:32.493 worker_log:602 24661 MainThread [INFO]  Completed executor task 844
2023-06-30 13:36:32.494 worker_log:613 24661 MainThread [INFO]  All processing finished for executor task 844
2023-06-30 13:37:00.240 worker_log:584 24661 MainThread [INFO]  Received executor task 860
2023-06-30 13:37:17.651 worker_log:602 24661 MainThread [INFO]  Completed executor task 860
2023-06-30 13:37:17.651 worker_log:613 24661 MainThread [INFO]  All processing finished for executor task 860
2023-06-30 13:38:50.933 worker_log:584 24661 MainThread [INFO]  Received executor task 865
2023-06-30 13:39:27.285 worker_log:602 24661 MainThread [INFO]  Completed executor task 865
2023-06-30 13:39:27.285 worker_log:613 24661 MainThread [INFO]  All processing finished for executor task 865
2023-06-30 13:40:05.217 worker_log:584 24661 MainThread [INFO]  Received executor task 889
2023-06-30 13:40:20.828 worker_log:602 24661 MainThread [INFO]  Completed executor task 889
2023-06-30 13:40:20.829 worker_log:613 24661 MainThread [INFO]  All processing finished for executor task 889
2023-06-30 13:41:14.651 worker_log:584 24661 MainThread [INFO]  Received executor task 897
2023-06-30 13:42:07.177 worker_log:602 24661 MainThread [INFO]  Completed executor task 897
2023-06-30 13:42:07.178 worker_log:613 24661 MainThread [INFO]  All processing finished for executor task 897
2023-06-30 13:42:30.507 worker_log:584 24661 MainThread [INFO]  Received executor task 924
2023-06-30 13:43:48.224 worker_log:602 24661 MainThread [INFO]  Completed executor task 924
2023-06-30 13:43:48.225 worker_log:613 24661 MainThread [INFO]  All processing finished for executor task 924
2023-06-30 13:44:05.352 worker_log:584 24661 MainThread [INFO]  Received executor task 943
2023-06-30 13:44:56.655 worker_log:602 24661 MainThread [INFO]  Completed executor task 943
2023-06-30 13:44:56.656 worker_log:613 24661 MainThread [INFO]  All processing finished for executor task 943
2023-06-30 13:45:28.658 worker_log:584 24661 MainThread [INFO]  Received executor task 955
2023-06-30 13:46:15.794 worker_log:602 24661 MainThread [INFO]  Completed executor task 955
2023-06-30 13:46:15.795 worker_log:613 24661 MainThread [INFO]  All processing finished for executor task 955
2023-06-30 13:47:02.031 worker_log:584 24661 MainThread [INFO]  Received executor task 970
2023-06-30 13:47:38.280 worker_log:602 24661 MainThread [INFO]  Completed executor task 970
2023-06-30 13:47:38.280 worker_log:613 24661 MainThread [INFO]  All processing finished for executor task 970
2023-06-30 13:48:26.498 worker_log:584 24661 MainThread [INFO]  Received executor task 981
2023-06-30 13:49:04.460 worker_log:602 24661 MainThread [INFO]  Completed executor task 981
2023-06-30 13:49:04.461 worker_log:613 24661 MainThread [INFO]  All processing finished for executor task 981
2023-06-30 13:49:55.106 worker_log:584 24661 MainThread [INFO]  Received executor task 999
2023-06-30 13:50:27.561 worker_log:602 24661 MainThread [INFO]  Completed executor task 999
2023-06-30 13:50:27.561 worker_log:613 24661 MainThread [INFO]  All processing finished for executor task 999
2023-06-30 13:51:17.693 worker_log:584 24661 MainThread [INFO]  Received executor task 1011
2023-06-30 13:52:03.221 worker_log:602 24661 MainThread [INFO]  Completed executor task 1011
2023-06-30 13:52:03.222 worker_log:613 24661 MainThread [INFO]  All processing finished for executor task 1011
2023-06-30 13:52:33.431 worker_log:584 24661 MainThread [INFO]  Received executor task 1034
2023-06-30 13:53:08.284 worker_log:602 24661 MainThread [INFO]  Completed executor task 1034
2023-06-30 13:53:08.285 worker_log:613 24661 MainThread [INFO]  All processing finished for executor task 1034
2023-06-30 13:54:03.867 worker_log:584 24661 MainThread [INFO]  Received executor task 1043
2023-06-30 13:54:17.588 worker_log:602 24661 MainThread [INFO]  Completed executor task 1043
2023-06-30 13:54:17.588 worker_log:613 24661 MainThread [INFO]  All processing finished for executor task 1043
2023-06-30 13:55:39.724 worker_log:584 24661 MainThread [INFO]  Received executor task 1057
2023-06-30 13:56:14.996 worker_log:602 24661 MainThread [INFO]  Completed executor task 1057
2023-06-30 13:56:14.997 worker_log:613 24661 MainThread [INFO]  All processing finished for executor task 1057
2023-06-30 13:57:11.934 worker_log:584 24661 MainThread [INFO]  Received executor task 1079
2023-06-30 13:58:02.003 worker_log:602 24661 MainThread [INFO]  Completed executor task 1079
2023-06-30 13:58:02.004 worker_log:613 24661 MainThread [INFO]  All processing finished for executor task 1079
2023-06-30 13:58:55.175 worker_log:584 24661 MainThread [INFO]  Received executor task 1102
2023-06-30 13:59:18.327 worker_log:602 24661 MainThread [INFO]  Completed executor task 1102
2023-06-30 13:59:18.327 worker_log:613 24661 MainThread [INFO]  All processing finished for executor task 1102
2023-06-30 14:00:03.636 worker_log:584 24661 MainThread [INFO]  Received executor task 1109
2023-06-30 14:00:58.928 worker_log:602 24661 MainThread [INFO]  Completed executor task 1109
2023-06-30 14:00:58.928 worker_log:613 24661 MainThread [INFO]  All processing finished for executor task 1109
2023-06-30 14:01:35.835 worker_log:584 24661 MainThread [INFO]  Received executor task 1134
2023-06-30 14:02:27.157 worker_log:602 24661 MainThread [INFO]  Completed executor task 1134
2023-06-30 14:02:27.158 worker_log:613 24661 MainThread [INFO]  All processing finished for executor task 1134
2023-06-30 14:02:51.735 worker_log:584 24661 MainThread [INFO]  Received executor task 1146
2023-06-30 14:03:22.279 worker_log:602 24661 MainThread [INFO]  Completed executor task 1146
2023-06-30 14:03:22.280 worker_log:613 24661 MainThread [INFO]  All processing finished for executor task 1146
2023-06-30 14:03:59.099 worker_log:584 24661 MainThread [INFO]  Received executor task 1159
2023-06-30 14:04:51.478 worker_log:602 24661 MainThread [INFO]  Completed executor task 1159
2023-06-30 14:04:51.479 worker_log:613 24661 MainThread [INFO]  All processing finished for executor task 1159
2023-06-30 14:05:01.355 worker_log:584 24661 MainThread [INFO]  Received executor task 1178
2023-06-30 14:05:55.478 worker_log:602 24661 MainThread [INFO]  Completed executor task 1178
2023-06-30 14:05:55.479 worker_log:613 24661 MainThread [INFO]  All processing finished for executor task 1178
2023-06-30 14:06:37.339 worker_log:584 24661 MainThread [INFO]  Received executor task 1195
2023-06-30 14:06:59.028 worker_log:602 24661 MainThread [INFO]  Completed executor task 1195
2023-06-30 14:06:59.028 worker_log:613 24661 MainThread [INFO]  All processing finished for executor task 1195
2023-06-30 14:08:03.662 worker_log:584 24661 MainThread [INFO]  Received executor task 1202
2023-06-30 14:08:30.007 worker_log:602 24661 MainThread [INFO]  Completed executor task 1202
2023-06-30 14:08:30.008 worker_log:613 24661 MainThread [INFO]  All processing finished for executor task 1202
2023-06-30 14:09:15.078 worker_log:584 24661 MainThread [INFO]  Received executor task 1220
2023-06-30 14:09:46.210 worker_log:602 24661 MainThread [INFO]  Completed executor task 1220
2023-06-30 14:09:46.211 worker_log:613 24661 MainThread [INFO]  All processing finished for executor task 1220
2023-06-30 14:10:38.775 worker_log:584 24661 MainThread [INFO]  Received executor task 1239
2023-06-30 14:11:16.649 worker_log:602 24661 MainThread [INFO]  Completed executor task 1239
2023-06-30 14:11:16.649 worker_log:613 24661 MainThread [INFO]  All processing finished for executor task 1239
2023-06-30 14:12:32.322 worker_log:584 24661 MainThread [INFO]  Received executor task 1254
2023-06-30 14:13:24.846 worker_log:602 24661 MainThread [INFO]  Completed executor task 1254
2023-06-30 14:13:24.846 worker_log:613 24661 MainThread [INFO]  All processing finished for executor task 1254
2023-06-30 14:14:10.735 worker_log:584 24661 MainThread [INFO]  Received executor task 1278
2023-06-30 14:15:07.994 worker_log:602 24661 MainThread [INFO]  Completed executor task 1278
2023-06-30 14:15:07.994 worker_log:613 24661 MainThread [INFO]  All processing finished for executor task 1278
2023-06-30 14:15:26.786 worker_log:584 24661 MainThread [INFO]  Received executor task 1293
2023-06-30 14:15:59.741 worker_log:602 24661 MainThread [INFO]  Completed executor task 1293
2023-06-30 14:15:59.742 worker_log:613 24661 MainThread [INFO]  All processing finished for executor task 1293
2023-06-30 14:16:23.886 worker_log:584 24661 MainThread [INFO]  Received executor task 1306
2023-06-30 14:16:56.331 worker_log:602 24661 MainThread [INFO]  Completed executor task 1306
2023-06-30 14:16:56.331 worker_log:613 24661 MainThread [INFO]  All processing finished for executor task 1306
2023-06-30 14:17:42.874 worker_log:584 24661 MainThread [INFO]  Received executor task 1320
2023-06-30 14:18:35.350 worker_log:602 24661 MainThread [INFO]  Completed executor task 1320
2023-06-30 14:18:35.350 worker_log:613 24661 MainThread [INFO]  All processing finished for executor task 1320
2023-06-30 14:19:22.822 worker_log:584 24661 MainThread [INFO]  Received executor task 1343
2023-06-30 14:20:24.201 worker_log:602 24661 MainThread [INFO]  Completed executor task 1343
2023-06-30 14:20:24.201 worker_log:613 24661 MainThread [INFO]  All processing finished for executor task 1343
2023-06-30 14:20:33.756 worker_log:584 24661 MainThread [INFO]  Received executor task 1359
2023-06-30 14:20:59.869 worker_log:602 24661 MainThread [INFO]  Completed executor task 1359
2023-06-30 14:20:59.870 worker_log:613 24661 MainThread [INFO]  All processing finished for executor task 1359
2023-06-30 14:21:58.199 worker_log:584 24661 MainThread [INFO]  Received executor task 1365
2023-06-30 14:22:27.669 worker_log:602 24661 MainThread [INFO]  Completed executor task 1365
2023-06-30 14:22:27.670 worker_log:613 24661 MainThread [INFO]  All processing finished for executor task 1365
2023-06-30 14:23:08.060 worker_log:584 24661 MainThread [INFO]  Received executor task 1383
2023-06-30 14:23:25.148 worker_log:602 24661 MainThread [INFO]  Completed executor task 1383
2023-06-30 14:23:25.148 worker_log:613 24661 MainThread [INFO]  All processing finished for executor task 1383
2023-06-30 14:24:26.745 worker_log:584 24661 MainThread [INFO]  Received executor task 1393
2023-06-30 14:24:55.954 worker_log:602 24661 MainThread [INFO]  Completed executor task 1393
2023-06-30 14:24:55.954 worker_log:613 24661 MainThread [INFO]  All processing finished for executor task 1393
2023-06-30 14:25:36.013 worker_log:584 24661 MainThread [INFO]  Received executor task 1413
2023-06-30 14:26:17.459 worker_log:602 24661 MainThread [INFO]  Completed executor task 1413
2023-06-30 14:26:17.459 worker_log:613 24661 MainThread [INFO]  All processing finished for executor task 1413
2023-06-30 14:26:46.102 worker_log:584 24661 MainThread [INFO]  Received executor task 1435
2023-06-30 14:27:07.404 worker_log:602 24661 MainThread [INFO]  Completed executor task 1435
2023-06-30 14:27:07.405 worker_log:613 24661 MainThread [INFO]  All processing finished for executor task 1435
2023-06-30 14:27:52.889 worker_log:584 24661 MainThread [INFO]  Received executor task 1442
2023-06-30 14:28:20.992 worker_log:602 24661 MainThread [INFO]  Completed executor task 1442
2023-06-30 14:28:20.992 worker_log:613 24661 MainThread [INFO]  All processing finished for executor task 1442
2023-06-30 14:29:17.068 worker_log:584 24661 MainThread [INFO]  Received executor task 1461
2023-06-30 14:30:00.559 worker_log:602 24661 MainThread [INFO]  Completed executor task 1461
2023-06-30 14:30:00.560 worker_log:613 24661 MainThread [INFO]  All processing finished for executor task 1461
2023-06-30 14:30:24.433 worker_log:584 24661 MainThread [INFO]  Received executor task 1481
2023-06-30 14:31:26.103 worker_log:602 24661 MainThread [INFO]  Completed executor task 1481
2023-06-30 14:31:26.104 worker_log:613 24661 MainThread [INFO]  All processing finished for executor task 1481
2023-06-30 14:32:02.249 worker_log:584 24661 MainThread [INFO]  Received executor task 1502
2023-06-30 14:33:25.786 worker_log:602 24661 MainThread [INFO]  Completed executor task 1502
2023-06-30 14:33:25.787 worker_log:613 24661 MainThread [INFO]  All processing finished for executor task 1502
2023-06-30 14:33:26.898 worker_log:584 24661 MainThread [INFO]  Received executor task 1520
2023-06-30 14:33:51.713 worker_log:602 24661 MainThread [INFO]  Completed executor task 1520
2023-06-30 14:33:51.713 worker_log:613 24661 MainThread [INFO]  All processing finished for executor task 1520
2023-06-30 14:34:42.555 worker_log:584 24661 MainThread [INFO]  Received executor task 1523
2023-06-30 14:35:16.237 worker_log:602 24661 MainThread [INFO]  Completed executor task 1523
2023-06-30 14:35:16.237 worker_log:613 24661 MainThread [INFO]  All processing finished for executor task 1523
2023-06-30 14:35:37.194 worker_log:584 24661 MainThread [INFO]  Received executor task 1546
2023-06-30 14:36:14.376 worker_log:602 24661 MainThread [INFO]  Completed executor task 1546
2023-06-30 14:36:14.377 worker_log:613 24661 MainThread [INFO]  All processing finished for executor task 1546
2023-06-30 14:37:00.487 worker_log:584 24661 MainThread [INFO]  Received executor task 1558
2023-06-30 14:37:35.867 worker_log:602 24661 MainThread [INFO]  Completed executor task 1558
2023-06-30 14:37:35.867 worker_log:613 24661 MainThread [INFO]  All processing finished for executor task 1558
2023-06-30 14:38:08.415 worker_log:584 24661 MainThread [INFO]  Received executor task 1572
2023-06-30 14:38:35.458 worker_log:602 24661 MainThread [INFO]  Completed executor task 1572
2023-06-30 14:38:35.458 worker_log:613 24661 MainThread [INFO]  All processing finished for executor task 1572
2023-06-30 14:39:05.280 worker_log:584 24661 MainThread [INFO]  Received executor task 1593
2023-06-30 14:39:24.094 worker_log:602 24661 MainThread [INFO]  Completed executor task 1593
2023-06-30 14:39:24.095 worker_log:613 24661 MainThread [INFO]  All processing finished for executor task 1593
2023-06-30 14:39:48.474 worker_log:584 24661 MainThread [INFO]  Received executor task 1601
2023-06-30 14:40:27.294 worker_log:602 24661 MainThread [INFO]  Completed executor task 1601
2023-06-30 14:40:27.295 worker_log:613 24661 MainThread [INFO]  All processing finished for executor task 1601
2023-06-30 14:41:31.069 worker_log:584 24661 MainThread [INFO]  Received executor task 1621
2023-06-30 14:42:03.676 worker_log:602 24661 MainThread [INFO]  Completed executor task 1621
2023-06-30 14:42:03.677 worker_log:613 24661 MainThread [INFO]  All processing finished for executor task 1621
2023-06-30 14:43:00.553 worker_log:584 24661 MainThread [INFO]  Received executor task 1639
2023-06-30 14:43:25.901 worker_log:602 24661 MainThread [INFO]  Completed executor task 1639
2023-06-30 14:43:25.902 worker_log:613 24661 MainThread [INFO]  All processing finished for executor task 1639
2023-06-30 14:44:05.127 worker_log:584 24661 MainThread [INFO]  Received executor task 1651
2023-06-30 14:44:17.475 worker_log:602 24661 MainThread [INFO]  Completed executor task 1651
2023-06-30 14:44:17.475 worker_log:613 24661 MainThread [INFO]  All processing finished for executor task 1651
2023-06-30 14:45:16.009 worker_log:584 24661 MainThread [INFO]  Received executor task 1666
2023-06-30 14:46:04.205 worker_log:602 24661 MainThread [INFO]  Completed executor task 1666
2023-06-30 14:46:04.205 worker_log:613 24661 MainThread [INFO]  All processing finished for executor task 1666
2023-06-30 14:46:33.428 worker_log:584 24661 MainThread [INFO]  Received executor task 1687
2023-06-30 14:46:52.534 worker_log:602 24661 MainThread [INFO]  Completed executor task 1687
2023-06-30 14:46:52.535 worker_log:613 24661 MainThread [INFO]  All processing finished for executor task 1687
2023-06-30 14:48:18.141 worker_log:584 24661 MainThread [INFO]  Received executor task 1697
2023-06-30 14:48:41.028 worker_log:602 24661 MainThread [INFO]  Completed executor task 1697
2023-06-30 14:48:41.029 worker_log:613 24661 MainThread [INFO]  All processing finished for executor task 1697
2023-06-30 14:49:21.253 worker_log:584 24661 MainThread [INFO]  Received executor task 1714
2023-06-30 14:50:20.720 worker_log:602 24661 MainThread [INFO]  Completed executor task 1714
2023-06-30 14:50:20.721 worker_log:613 24661 MainThread [INFO]  All processing finished for executor task 1714
2023-06-30 14:50:27.141 worker_log:584 24661 MainThread [INFO]  Received executor task 1743
2023-06-30 14:50:49.646 worker_log:602 24661 MainThread [INFO]  Completed executor task 1743
2023-06-30 14:50:49.647 worker_log:613 24661 MainThread [INFO]  All processing finished for executor task 1743
2023-06-30 14:51:57.217 worker_log:584 24661 MainThread [INFO]  Received executor task 1745
2023-06-30 14:53:04.073 worker_log:602 24661 MainThread [INFO]  Completed executor task 1745
2023-06-30 14:53:04.074 worker_log:613 24661 MainThread [INFO]  All processing finished for executor task 1745
2023-06-30 14:53:05.462 worker_log:584 24661 MainThread [INFO]  Received executor task 1776
2023-06-30 14:53:39.158 worker_log:602 24661 MainThread [INFO]  Completed executor task 1776
2023-06-30 14:53:39.159 worker_log:613 24661 MainThread [INFO]  All processing finished for executor task 1776
2023-06-30 14:54:20.840 worker_log:584 24661 MainThread [INFO]  Received executor task 1783
2023-06-30 14:54:51.043 worker_log:602 24661 MainThread [INFO]  Completed executor task 1783
2023-06-30 14:54:51.044 worker_log:613 24661 MainThread [INFO]  All processing finished for executor task 1783
2023-06-30 14:55:35.438 worker_log:584 24661 MainThread [INFO]  Received executor task 1797
2023-06-30 14:56:11.592 worker_log:602 24661 MainThread [INFO]  Completed executor task 1797
2023-06-30 14:56:11.593 worker_log:613 24661 MainThread [INFO]  All processing finished for executor task 1797
2023-06-30 14:56:50.500 worker_log:584 24661 MainThread [INFO]  Received executor task 1816
2023-06-30 14:57:39.520 worker_log:602 24661 MainThread [INFO]  Completed executor task 1816
2023-06-30 14:57:39.521 worker_log:613 24661 MainThread [INFO]  All processing finished for executor task 1816
2023-06-30 14:58:17.109 worker_log:584 24661 MainThread [INFO]  Received executor task 1834
2023-06-30 14:59:04.817 worker_log:602 24661 MainThread [INFO]  Completed executor task 1834
2023-06-30 14:59:04.817 worker_log:613 24661 MainThread [INFO]  All processing finished for executor task 1834
2023-06-30 14:59:26.406 worker_log:584 24661 MainThread [INFO]  Received executor task 1852
2023-06-30 14:59:36.892 worker_log:602 24661 MainThread [INFO]  Completed executor task 1852
2023-06-30 14:59:36.892 worker_log:613 24661 MainThread [INFO]  All processing finished for executor task 1852
2023-06-30 15:00:38.251 worker_log:584 24661 MainThread [INFO]  Received executor task 1857
2023-06-30 15:01:46.938 worker_log:602 24661 MainThread [INFO]  Completed executor task 1857
2023-06-30 15:01:46.939 worker_log:613 24661 MainThread [INFO]  All processing finished for executor task 1857
2023-06-30 15:01:54.139 worker_log:584 24661 MainThread [INFO]  Received executor task 1887
2023-06-30 15:02:55.854 worker_log:602 24661 MainThread [INFO]  Completed executor task 1887
2023-06-30 15:02:55.854 worker_log:613 24661 MainThread [INFO]  All processing finished for executor task 1887
2023-06-30 15:03:37.776 worker_log:584 24661 MainThread [INFO]  Received executor task 1901
2023-06-30 15:04:27.256 worker_log:602 24661 MainThread [INFO]  Completed executor task 1901
2023-06-30 15:04:27.256 worker_log:613 24661 MainThread [INFO]  All processing finished for executor task 1901
2023-06-30 15:05:14.272 worker_log:584 24661 MainThread [INFO]  Received executor task 1916
2023-06-30 15:06:08.488 worker_log:602 24661 MainThread [INFO]  Completed executor task 1916
2023-06-30 15:06:08.489 worker_log:613 24661 MainThread [INFO]  All processing finished for executor task 1916
2023-06-30 15:06:30.284 worker_log:584 24661 MainThread [INFO]  Received executor task 1933
2023-06-30 15:07:07.753 worker_log:602 24661 MainThread [INFO]  Completed executor task 1933
2023-06-30 15:07:07.753 worker_log:613 24661 MainThread [INFO]  All processing finished for executor task 1933
2023-06-30 15:07:50.883 worker_log:584 24661 MainThread [INFO]  Received executor task 1943
2023-06-30 15:08:25.897 worker_log:602 24661 MainThread [INFO]  Completed executor task 1943
2023-06-30 15:08:25.898 worker_log:613 24661 MainThread [INFO]  All processing finished for executor task 1943
2023-06-30 15:08:53.472 worker_log:584 24661 MainThread [INFO]  Received executor task 1957
2023-06-30 15:09:19.810 worker_log:602 24661 MainThread [INFO]  Completed executor task 1957
2023-06-30 15:09:19.811 worker_log:613 24661 MainThread [INFO]  All processing finished for executor task 1957
2023-06-30 15:10:23.760 worker_log:584 24661 MainThread [INFO]  Received executor task 1973
2023-06-30 15:11:11.606 worker_log:602 24661 MainThread [INFO]  Completed executor task 1973
2023-06-30 15:11:11.607 worker_log:613 24661 MainThread [INFO]  All processing finished for executor task 1973
2023-06-30 15:11:27.468 worker_log:584 24661 MainThread [INFO]  Received executor task 1995
2023-06-30 15:12:43.955 worker_log:602 24661 MainThread [INFO]  Completed executor task 1995
2023-06-30 15:12:43.955 worker_log:613 24661 MainThread [INFO]  All processing finished for executor task 1995
2023-06-30 15:12:45.683 worker_log:584 24661 MainThread [INFO]  Received executor task 2016
2023-06-30 15:13:56.702 worker_log:602 24661 MainThread [INFO]  Completed executor task 2016
2023-06-30 15:13:56.703 worker_log:613 24661 MainThread [INFO]  All processing finished for executor task 2016
2023-06-30 15:14:04.055 worker_log:584 24661 MainThread [INFO]  Received executor task 2031
2023-06-30 15:14:30.411 worker_log:602 24661 MainThread [INFO]  Completed executor task 2031
2023-06-30 15:14:30.411 worker_log:613 24661 MainThread [INFO]  All processing finished for executor task 2031
2023-06-30 15:15:21.894 worker_log:584 24661 MainThread [INFO]  Received executor task 2034
2023-06-30 15:15:56.065 worker_log:602 24661 MainThread [INFO]  Completed executor task 2034
2023-06-30 15:15:56.066 worker_log:613 24661 MainThread [INFO]  All processing finished for executor task 2034
2023-06-30 15:16:20.865 worker_log:584 24661 MainThread [INFO]  Received executor task 2058
2023-06-30 15:17:06.119 worker_log:602 24661 MainThread [INFO]  Completed executor task 2058
2023-06-30 15:17:06.120 worker_log:613 24661 MainThread [INFO]  All processing finished for executor task 2058
2023-06-30 15:17:34.807 worker_log:584 24661 MainThread [INFO]  Received executor task 2075
2023-06-30 15:17:57.991 worker_log:602 24661 MainThread [INFO]  Completed executor task 2075
2023-06-30 15:17:57.992 worker_log:613 24661 MainThread [INFO]  All processing finished for executor task 2075
2023-06-30 15:18:50.882 worker_log:584 24661 MainThread [INFO]  Received executor task 2083
2023-06-30 15:19:37.482 worker_log:602 24661 MainThread [INFO]  Completed executor task 2083
2023-06-30 15:19:37.483 worker_log:613 24661 MainThread [INFO]  All processing finished for executor task 2083
2023-06-30 15:20:07.893 worker_log:584 24661 MainThread [INFO]  Received executor task 2107
2023-06-30 15:20:47.453 worker_log:602 24661 MainThread [INFO]  Completed executor task 2107
2023-06-30 15:20:47.454 worker_log:613 24661 MainThread [INFO]  All processing finished for executor task 2107
2023-06-30 15:21:34.486 worker_log:584 24661 MainThread [INFO]  Received executor task 2121
2023-06-30 15:22:06.733 worker_log:602 24661 MainThread [INFO]  Completed executor task 2121
2023-06-30 15:22:06.734 worker_log:613 24661 MainThread [INFO]  All processing finished for executor task 2121
2023-06-30 15:22:37.627 worker_log:584 24661 MainThread [INFO]  Received executor task 2137
2023-06-30 15:23:00.038 worker_log:602 24661 MainThread [INFO]  Completed executor task 2137
2023-06-30 15:23:00.038 worker_log:613 24661 MainThread [INFO]  All processing finished for executor task 2137
2023-06-30 15:23:45.271 worker_log:584 24661 MainThread [INFO]  Received executor task 2145
2023-06-30 15:25:12.320 worker_log:602 24661 MainThread [INFO]  Completed executor task 2145
2023-06-30 15:25:12.320 worker_log:613 24661 MainThread [INFO]  All processing finished for executor task 2145
2023-06-30 15:25:13.727 worker_log:584 24661 MainThread [INFO]  Received executor task 2176
2023-06-30 15:25:39.659 worker_log:602 24661 MainThread [INFO]  Completed executor task 2176
2023-06-30 15:25:39.660 worker_log:613 24661 MainThread [INFO]  All processing finished for executor task 2176
2023-06-30 15:26:55.976 worker_log:584 24661 MainThread [INFO]  Received executor task 2180
2023-06-30 15:27:59.289 worker_log:602 24661 MainThread [INFO]  Completed executor task 2180
2023-06-30 15:27:59.290 worker_log:613 24661 MainThread [INFO]  All processing finished for executor task 2180
2023-06-30 15:28:33.450 worker_log:584 24661 MainThread [INFO]  Received executor task 2206
2023-06-30 15:29:54.889 worker_log:602 24661 MainThread [INFO]  Completed executor task 2206
2023-06-30 15:29:54.889 worker_log:613 24661 MainThread [INFO]  All processing finished for executor task 2206
2023-06-30 15:30:01.875 worker_log:584 24661 MainThread [INFO]  Received executor task 2223
2023-06-30 15:30:25.807 worker_log:602 24661 MainThread [INFO]  Completed executor task 2223
2023-06-30 15:30:25.807 worker_log:613 24661 MainThread [INFO]  All processing finished for executor task 2223
2023-06-30 15:31:30.661 worker_log:584 24661 MainThread [INFO]  Received executor task 2226
2023-06-30 15:31:56.916 worker_log:602 24661 MainThread [INFO]  Completed executor task 2226
2023-06-30 15:31:56.917 worker_log:613 24661 MainThread [INFO]  All processing finished for executor task 2226
2023-06-30 15:32:36.161 worker_log:584 24661 MainThread [INFO]  Received executor task 2244
2023-06-30 15:33:10.593 worker_log:602 24661 MainThread [INFO]  Completed executor task 2244
2023-06-30 15:33:10.593 worker_log:613 24661 MainThread [INFO]  All processing finished for executor task 2244
2023-06-30 15:33:33.439 worker_log:584 24661 MainThread [INFO]  Received executor task 2266
2023-06-30 15:34:20.013 worker_log:602 24661 MainThread [INFO]  Completed executor task 2266
2023-06-30 15:34:20.014 worker_log:613 24661 MainThread [INFO]  All processing finished for executor task 2266
2023-06-30 15:34:59.147 worker_log:584 24661 MainThread [INFO]  Received executor task 2280
2023-06-30 15:36:05.403 worker_log:602 24661 MainThread [INFO]  Completed executor task 2280
2023-06-30 15:36:05.403 worker_log:613 24661 MainThread [INFO]  All processing finished for executor task 2280
2023-06-30 15:37:26.434 worker_log:584 24661 MainThread [INFO]  Received executor task 2301
2023-06-30 15:37:54.262 worker_log:602 24661 MainThread [INFO]  Completed executor task 2301
2023-06-30 15:37:54.263 worker_log:613 24661 MainThread [INFO]  All processing finished for executor task 2301
2023-06-30 15:38:45.541 worker_log:584 24661 MainThread [INFO]  Received executor task 2309
2023-06-30 15:39:21.358 worker_log:602 24661 MainThread [INFO]  Completed executor task 2309
2023-06-30 15:39:21.359 worker_log:613 24661 MainThread [INFO]  All processing finished for executor task 2309
2023-06-30 15:39:57.594 worker_log:584 24661 MainThread [INFO]  Received executor task 2331
2023-06-30 15:40:15.816 worker_log:602 24661 MainThread [INFO]  Completed executor task 2331
2023-06-30 15:40:15.816 worker_log:613 24661 MainThread [INFO]  All processing finished for executor task 2331
2023-06-30 15:41:18.816 worker_log:584 24661 MainThread [INFO]  Received executor task 2337
2023-06-30 15:41:30.128 worker_log:602 24661 MainThread [INFO]  Completed executor task 2337
2023-06-30 15:41:30.129 worker_log:613 24661 MainThread [INFO]  All processing finished for executor task 2337
2023-06-30 15:42:29.184 worker_log:584 24661 MainThread [INFO]  Received executor task 2353
2023-06-30 15:43:33.611 worker_log:602 24661 MainThread [INFO]  Completed executor task 2353
2023-06-30 15:43:33.611 worker_log:613 24661 MainThread [INFO]  All processing finished for executor task 2353
2023-06-30 15:43:34.722 worker_log:584 24661 MainThread [INFO]  Received executor task 2384
2023-06-30 15:45:08.371 worker_log:602 24661 MainThread [INFO]  Completed executor task 2384
2023-06-30 15:45:08.372 worker_log:613 24661 MainThread [INFO]  All processing finished for executor task 2384
2023-06-30 15:45:09.452 worker_log:584 24661 MainThread [INFO]  Received executor task 2400
2023-06-30 15:45:33.843 worker_log:602 24661 MainThread [INFO]  Completed executor task 2400
2023-06-30 15:45:33.843 worker_log:613 24661 MainThread [INFO]  All processing finished for executor task 2400
2023-06-30 15:46:22.306 worker_log:584 24661 MainThread [INFO]  Received executor task 2403
2023-06-30 15:47:24.867 worker_log:602 24661 MainThread [INFO]  Completed executor task 2403
2023-06-30 15:47:24.868 worker_log:613 24661 MainThread [INFO]  All processing finished for executor task 2403
2023-06-30 15:47:36.619 worker_log:584 24661 MainThread [INFO]  Received executor task 2429
2023-06-30 15:48:17.770 worker_log:602 24661 MainThread [INFO]  Completed executor task 2429
2023-06-30 15:48:17.770 worker_log:613 24661 MainThread [INFO]  All processing finished for executor task 2429
2023-06-30 15:48:37.714 worker_log:584 24661 MainThread [INFO]  Received executor task 2440
2023-06-30 15:49:04.590 worker_log:602 24661 MainThread [INFO]  Completed executor task 2440
2023-06-30 15:49:04.590 worker_log:613 24661 MainThread [INFO]  All processing finished for executor task 2440
2023-06-30 15:50:01.918 worker_log:584 24661 MainThread [INFO]  Received executor task 2450
2023-06-30 15:50:41.484 worker_log:602 24661 MainThread [INFO]  Completed executor task 2450
2023-06-30 15:50:41.484 worker_log:613 24661 MainThread [INFO]  All processing finished for executor task 2450
2023-06-30 15:51:11.410 worker_log:584 24661 MainThread [INFO]  Received executor task 2471
2023-06-30 15:51:36.867 worker_log:602 24661 MainThread [INFO]  Completed executor task 2471
2023-06-30 15:51:36.868 worker_log:613 24661 MainThread [INFO]  All processing finished for executor task 2471
2023-06-30 15:52:26.556 worker_log:584 24661 MainThread [INFO]  Received executor task 2481
2023-06-30 15:53:13.127 worker_log:602 24661 MainThread [INFO]  Completed executor task 2481
2023-06-30 15:53:13.128 worker_log:613 24661 MainThread [INFO]  All processing finished for executor task 2481
2023-06-30 15:53:57.250 worker_log:584 24661 MainThread [INFO]  Received executor task 2507
2023-06-30 15:54:33.733 worker_log:602 24661 MainThread [INFO]  Completed executor task 2507
2023-06-30 15:54:33.734 worker_log:613 24661 MainThread [INFO]  All processing finished for executor task 2507
2023-06-30 15:55:45.927 worker_log:584 24661 MainThread [INFO]  Received executor task 2520
2023-06-30 15:56:33.901 worker_log:602 24661 MainThread [INFO]  Completed executor task 2520
2023-06-30 15:56:33.901 worker_log:613 24661 MainThread [INFO]  All processing finished for executor task 2520
2023-06-30 15:56:40.720 worker_log:584 24661 MainThread [INFO]  Received executor task 2542
2023-06-30 15:57:18.366 worker_log:602 24661 MainThread [INFO]  Completed executor task 2542
2023-06-30 15:57:18.367 worker_log:613 24661 MainThread [INFO]  All processing finished for executor task 2542
2023-06-30 15:58:07.920 worker_log:584 24661 MainThread [INFO]  Received executor task 2550
2023-06-30 15:58:37.962 worker_log:602 24661 MainThread [INFO]  Completed executor task 2550
2023-06-30 15:58:37.963 worker_log:613 24661 MainThread [INFO]  All processing finished for executor task 2550
2023-06-30 15:59:10.741 worker_log:584 24661 MainThread [INFO]  Received executor task 2565
2023-06-30 15:59:34.211 worker_log:602 24661 MainThread [INFO]  Completed executor task 2565
2023-06-30 15:59:34.212 worker_log:613 24661 MainThread [INFO]  All processing finished for executor task 2565
2023-06-30 15:59:59.844 worker_log:584 24661 MainThread [INFO]  Received executor task 2579
2023-06-30 16:00:39.494 worker_log:602 24661 MainThread [INFO]  Completed executor task 2579
2023-06-30 16:00:39.494 worker_log:613 24661 MainThread [INFO]  All processing finished for executor task 2579
2023-06-30 16:01:29.822 worker_log:584 24661 MainThread [INFO]  Received executor task 2600
2023-06-30 16:01:53.156 worker_log:602 24661 MainThread [INFO]  Completed executor task 2600
2023-06-30 16:01:53.157 worker_log:613 24661 MainThread [INFO]  All processing finished for executor task 2600
2023-06-30 16:02:26.369 worker_log:584 24661 MainThread [INFO]  Received executor task 2611
2023-06-30 16:03:01.213 worker_log:602 24661 MainThread [INFO]  Completed executor task 2611
2023-06-30 16:03:01.213 worker_log:613 24661 MainThread [INFO]  All processing finished for executor task 2611
2023-06-30 16:03:48.788 worker_log:584 24661 MainThread [INFO]  Received executor task 2629
2023-06-30 16:03:58.603 worker_log:602 24661 MainThread [INFO]  Completed executor task 2629
2023-06-30 16:03:58.603 worker_log:613 24661 MainThread [INFO]  All processing finished for executor task 2629
2023-06-30 16:05:37.123 worker_log:584 24661 MainThread [INFO]  Received executor task 2641
2023-06-30 16:05:44.882 worker_log:602 24661 MainThread [INFO]  Completed executor task 2641
2023-06-30 16:05:44.883 worker_log:613 24661 MainThread [INFO]  All processing finished for executor task 2641
2023-06-30 16:07:00.626 worker_log:584 24661 MainThread [INFO]  Received executor task 2657
2023-06-30 16:07:46.893 worker_log:602 24661 MainThread [INFO]  Completed executor task 2657
2023-06-30 16:07:46.894 worker_log:613 24661 MainThread [INFO]  All processing finished for executor task 2657
2023-06-30 16:08:05.107 worker_log:584 24661 MainThread [INFO]  Received executor task 2679
2023-06-30 16:08:51.574 worker_log:602 24661 MainThread [INFO]  Completed executor task 2679
2023-06-30 16:08:51.575 worker_log:613 24661 MainThread [INFO]  All processing finished for executor task 2679
2023-06-30 16:09:20.006 worker_log:584 24661 MainThread [INFO]  Received executor task 2701
2023-06-30 16:09:51.340 worker_log:602 24661 MainThread [INFO]  Completed executor task 2701
2023-06-30 16:09:51.341 worker_log:613 24661 MainThread [INFO]  All processing finished for executor task 2701
2023-06-30 16:10:34.838 worker_log:584 24661 MainThread [INFO]  Received executor task 2707
2023-06-30 16:11:08.983 worker_log:602 24661 MainThread [INFO]  Completed executor task 2707
2023-06-30 16:11:08.983 worker_log:613 24661 MainThread [INFO]  All processing finished for executor task 2707
2023-06-30 16:11:51.174 worker_log:584 24661 MainThread [INFO]  Received executor task 2727
2023-06-30 16:12:47.397 worker_log:602 24661 MainThread [INFO]  Completed executor task 2727
2023-06-30 16:12:47.397 worker_log:613 24661 MainThread [INFO]  All processing finished for executor task 2727
2023-06-30 16:13:25.286 worker_log:584 24661 MainThread [INFO]  Received executor task 2747
2023-06-30 16:14:15.596 worker_log:602 24661 MainThread [INFO]  Completed executor task 2747
2023-06-30 16:14:15.596 worker_log:613 24661 MainThread [INFO]  All processing finished for executor task 2747
2023-06-30 16:14:26.331 worker_log:584 24661 MainThread [INFO]  Received executor task 2766
2023-06-30 16:15:21.823 worker_log:602 24661 MainThread [INFO]  Completed executor task 2766
2023-06-30 16:15:21.823 worker_log:613 24661 MainThread [INFO]  All processing finished for executor task 2766
2023-06-30 16:15:49.216 worker_log:584 24661 MainThread [INFO]  Received executor task 2782
2023-06-30 16:17:16.628 worker_log:602 24661 MainThread [INFO]  Completed executor task 2782
2023-06-30 16:17:16.629 worker_log:613 24661 MainThread [INFO]  All processing finished for executor task 2782
2023-06-30 16:17:17.666 worker_log:584 24661 MainThread [INFO]  Received executor task 2800
2023-06-30 16:17:46.040 worker_log:602 24661 MainThread [INFO]  Completed executor task 2800
2023-06-30 16:17:46.041 worker_log:613 24661 MainThread [INFO]  All processing finished for executor task 2800
2023-06-30 16:18:14.845 worker_log:584 24661 MainThread [INFO]  Received executor task 2803
2023-06-30 16:19:10.455 worker_log:602 24661 MainThread [INFO]  Completed executor task 2803
2023-06-30 16:19:10.456 worker_log:613 24661 MainThread [INFO]  All processing finished for executor task 2803
2023-06-30 16:19:42.968 worker_log:584 24661 MainThread [INFO]  Received executor task 2831
2023-06-30 16:20:36.403 worker_log:602 24661 MainThread [INFO]  Completed executor task 2831
2023-06-30 16:20:36.404 worker_log:613 24661 MainThread [INFO]  All processing finished for executor task 2831
2023-06-30 16:20:49.986 worker_log:584 24661 MainThread [INFO]  Received executor task 2843
2023-06-30 16:21:22.522 worker_log:602 24661 MainThread [INFO]  Completed executor task 2843
2023-06-30 16:21:22.523 worker_log:613 24661 MainThread [INFO]  All processing finished for executor task 2843
2023-06-30 16:21:59.924 worker_log:584 24661 MainThread [INFO]  Received executor task 2856
2023-06-30 16:22:29.024 worker_log:602 24661 MainThread [INFO]  Completed executor task 2856
2023-06-30 16:22:29.024 worker_log:613 24661 MainThread [INFO]  All processing finished for executor task 2856
2023-06-30 16:23:16.413 worker_log:584 24661 MainThread [INFO]  Received executor task 2871
2023-06-30 16:23:57.001 worker_log:602 24661 MainThread [INFO]  Completed executor task 2871
2023-06-30 16:23:57.001 worker_log:613 24661 MainThread [INFO]  All processing finished for executor task 2871
2023-06-30 16:24:28.765 worker_log:584 24661 MainThread [INFO]  Received executor task 2890
2023-06-30 16:25:34.264 worker_log:602 24661 MainThread [INFO]  Completed executor task 2890
2023-06-30 16:25:34.264 worker_log:613 24661 MainThread [INFO]  All processing finished for executor task 2890
2023-06-30 16:25:59.010 worker_log:584 24661 MainThread [INFO]  Received executor task 2910
2023-06-30 16:26:44.083 worker_log:602 24661 MainThread [INFO]  Completed executor task 2910
2023-06-30 16:26:44.083 worker_log:613 24661 MainThread [INFO]  All processing finished for executor task 2910
2023-06-30 16:27:13.356 worker_log:584 24661 MainThread [INFO]  Received executor task 2923
2023-06-30 16:27:58.262 worker_log:602 24661 MainThread [INFO]  Completed executor task 2923
2023-06-30 16:27:58.263 worker_log:613 24661 MainThread [INFO]  All processing finished for executor task 2923
2023-06-30 16:28:24.332 worker_log:584 24661 MainThread [INFO]  Received executor task 2937
2023-06-30 16:29:02.646 worker_log:602 24661 MainThread [INFO]  Completed executor task 2937
2023-06-30 16:29:02.647 worker_log:613 24661 MainThread [INFO]  All processing finished for executor task 2937
2023-06-30 16:30:13.644 worker_log:584 24661 MainThread [INFO]  Received executor task 2955
2023-06-30 16:30:35.504 worker_log:602 24661 MainThread [INFO]  Completed executor task 2955
2023-06-30 16:30:35.504 worker_log:613 24661 MainThread [INFO]  All processing finished for executor task 2955
2023-06-30 16:31:19.746 worker_log:584 24661 MainThread [INFO]  Received executor task 2962
2023-06-30 16:32:10.245 worker_log:602 24661 MainThread [INFO]  Completed executor task 2962
2023-06-30 16:32:10.245 worker_log:613 24661 MainThread [INFO]  All processing finished for executor task 2962
2023-06-30 16:32:31.848 worker_log:584 24661 MainThread [INFO]  Received executor task 2988
2023-06-30 16:33:03.118 worker_log:602 24661 MainThread [INFO]  Completed executor task 2988
2023-06-30 16:33:03.118 worker_log:613 24661 MainThread [INFO]  All processing finished for executor task 2988
2023-06-30 16:33:57.863 worker_log:584 24661 MainThread [INFO]  Received executor task 3000
2023-06-30 16:34:14.804 worker_log:602 24661 MainThread [INFO]  Completed executor task 3000
2023-06-30 16:34:14.805 worker_log:613 24661 MainThread [INFO]  All processing finished for executor task 3000
2023-06-30 16:35:11.268 worker_log:584 24661 MainThread [INFO]  Received executor task 3009
2023-06-30 16:35:59.258 worker_log:602 24661 MainThread [INFO]  Completed executor task 3009
2023-06-30 16:35:59.258 worker_log:613 24661 MainThread [INFO]  All processing finished for executor task 3009
2023-06-30 16:37:00.948 worker_log:584 24661 MainThread [INFO]  Received executor task 3031
2023-06-30 16:37:22.233 worker_log:602 24661 MainThread [INFO]  Completed executor task 3031
2023-06-30 16:37:22.233 worker_log:613 24661 MainThread [INFO]  All processing finished for executor task 3031
2023-06-30 16:38:11.345 worker_log:584 24661 MainThread [INFO]  Received executor task 3044
2023-06-30 16:38:22.201 worker_log:602 24661 MainThread [INFO]  Completed executor task 3044
2023-06-30 16:38:22.201 worker_log:613 24661 MainThread [INFO]  All processing finished for executor task 3044
2023-06-30 16:39:30.953 worker_log:584 24661 MainThread [INFO]  Received executor task 3057
2023-06-30 16:40:06.432 worker_log:602 24661 MainThread [INFO]  Completed executor task 3057
2023-06-30 16:40:06.433 worker_log:613 24661 MainThread [INFO]  All processing finished for executor task 3057
2023-06-30 16:40:45.606 worker_log:584 24661 MainThread [INFO]  Received executor task 3080
2023-06-30 16:41:30.498 worker_log:602 24661 MainThread [INFO]  Completed executor task 3080
2023-06-30 16:41:30.498 worker_log:613 24661 MainThread [INFO]  All processing finished for executor task 3080
2023-06-30 16:41:44.239 worker_log:584 24661 MainThread [INFO]  Received executor task 3099
2023-06-30 16:42:39.314 worker_log:602 24661 MainThread [INFO]  Completed executor task 3099
2023-06-30 16:42:39.315 worker_log:613 24661 MainThread [INFO]  All processing finished for executor task 3099
2023-06-30 16:42:45.208 worker_log:584 24661 MainThread [INFO]  Received executor task 3119
2023-06-30 16:43:13.033 worker_log:602 24661 MainThread [INFO]  Completed executor task 3119
2023-06-30 16:43:13.033 worker_log:613 24661 MainThread [INFO]  All processing finished for executor task 3119
2023-06-30 16:43:44.020 worker_log:584 24661 MainThread [INFO]  Received executor task 3126
2023-06-30 16:44:00.816 worker_log:602 24661 MainThread [INFO]  Completed executor task 3126
2023-06-30 16:44:00.816 worker_log:613 24661 MainThread [INFO]  All processing finished for executor task 3126
2023-06-30 16:44:49.640 worker_log:584 24661 MainThread [INFO]  Received executor task 3137
2023-06-30 16:44:59.298 worker_log:602 24661 MainThread [INFO]  Completed executor task 3137
2023-06-30 16:44:59.298 worker_log:613 24661 MainThread [INFO]  All processing finished for executor task 3137
2023-06-30 16:46:11.391 worker_log:584 24661 MainThread [INFO]  Received executor task 3153
2023-06-30 16:46:30.690 worker_log:602 24661 MainThread [INFO]  Completed executor task 3153
2023-06-30 16:46:30.690 worker_log:613 24661 MainThread [INFO]  All processing finished for executor task 3153
2023-06-30 16:47:16.292 worker_log:584 24661 MainThread [INFO]  Received executor task 3171
2023-06-30 16:47:53.185 worker_log:602 24661 MainThread [INFO]  Completed executor task 3171
2023-06-30 16:47:53.186 worker_log:613 24661 MainThread [INFO]  All processing finished for executor task 3171
2023-06-30 16:49:34.931 worker_log:584 24661 MainThread [INFO]  Received executor task 3192
2023-06-30 16:50:54.188 worker_log:602 24661 MainThread [INFO]  Completed executor task 3192
2023-06-30 16:50:54.188 worker_log:613 24661 MainThread [INFO]  All processing finished for executor task 3192
2023-06-30 16:50:55.280 worker_log:584 24661 MainThread [INFO]  Received executor task 3216
2023-06-30 16:51:35.426 worker_log:602 24661 MainThread [INFO]  Completed executor task 3216
2023-06-30 16:51:35.427 worker_log:613 24661 MainThread [INFO]  All processing finished for executor task 3216
2023-06-30 16:52:07.124 worker_log:584 24661 MainThread [INFO]  Received executor task 3224
2023-06-30 16:53:02.839 worker_log:602 24661 MainThread [INFO]  Completed executor task 3224
2023-06-30 16:53:02.839 worker_log:613 24661 MainThread [INFO]  All processing finished for executor task 3224
2023-06-30 16:53:48.049 worker_log:584 24661 MainThread [INFO]  Received executor task 3245
2023-06-30 16:54:49.610 worker_log:602 24661 MainThread [INFO]  Completed executor task 3245
2023-06-30 16:54:49.611 worker_log:613 24661 MainThread [INFO]  All processing finished for executor task 3245
2023-06-30 16:54:56.523 worker_log:584 24661 MainThread [INFO]  Received executor task 3261
2023-06-30 16:55:27.298 worker_log:602 24661 MainThread [INFO]  Completed executor task 3261
2023-06-30 16:55:27.299 worker_log:613 24661 MainThread [INFO]  All processing finished for executor task 3261
2023-06-30 16:56:34.909 worker_log:584 24661 MainThread [INFO]  Received executor task 3268
2023-06-30 16:57:25.656 worker_log:602 24661 MainThread [INFO]  Completed executor task 3268
2023-06-30 16:57:25.657 worker_log:613 24661 MainThread [INFO]  All processing finished for executor task 3268
2023-06-30 16:57:49.786 worker_log:584 24661 MainThread [INFO]  Received executor task 3295
2023-06-30 16:59:02.928 worker_log:602 24661 MainThread [INFO]  Completed executor task 3295
2023-06-30 16:59:02.928 worker_log:613 24661 MainThread [INFO]  All processing finished for executor task 3295
2023-06-30 17:00:17.195 worker_log:584 24661 MainThread [INFO]  Received executor task 3311
2023-06-30 17:00:46.200 worker_log:602 24661 MainThread [INFO]  Completed executor task 3311
2023-06-30 17:00:46.201 worker_log:613 24661 MainThread [INFO]  All processing finished for executor task 3311
2023-06-30 17:01:33.424 worker_log:584 24661 MainThread [INFO]  Received executor task 3319
2023-06-30 17:02:05.502 worker_log:602 24661 MainThread [INFO]  Completed executor task 3319
2023-06-30 17:02:05.503 worker_log:613 24661 MainThread [INFO]  All processing finished for executor task 3319
2023-06-30 17:02:38.606 worker_log:584 24661 MainThread [INFO]  Received executor task 3339
2023-06-30 17:03:15.174 worker_log:602 24661 MainThread [INFO]  Completed executor task 3339
2023-06-30 17:03:15.175 worker_log:613 24661 MainThread [INFO]  All processing finished for executor task 3339
2023-06-30 17:04:13.786 worker_log:584 24661 MainThread [INFO]  Received executor task 3349
2023-06-30 17:04:31.054 worker_log:602 24661 MainThread [INFO]  Completed executor task 3349
2023-06-30 17:04:31.054 worker_log:613 24661 MainThread [INFO]  All processing finished for executor task 3349
2023-06-30 17:06:00.101 worker_log:584 24661 MainThread [INFO]  Received executor task 3361
2023-06-30 17:06:53.874 worker_log:602 24661 MainThread [INFO]  Completed executor task 3361
2023-06-30 17:06:53.874 worker_log:613 24661 MainThread [INFO]  All processing finished for executor task 3361
2023-06-30 17:07:07.384 worker_log:584 24661 MainThread [INFO]  Received executor task 3388
2023-06-30 17:07:19.654 worker_log:602 24661 MainThread [INFO]  Completed executor task 3388
2023-06-30 17:07:19.655 worker_log:613 24661 MainThread [INFO]  All processing finished for executor task 3388
2023-06-30 17:08:34.604 worker_log:584 24661 MainThread [INFO]  Received executor task 3393
2023-06-30 17:10:14.308 worker_log:602 24661 MainThread [INFO]  Completed executor task 3393
2023-06-30 17:10:14.309 worker_log:613 24661 MainThread [INFO]  All processing finished for executor task 3393
2023-06-30 17:10:15.267 worker_log:584 24661 MainThread [INFO]  Received executor task 3424
2023-06-30 17:10:36.206 worker_log:602 24661 MainThread [INFO]  Completed executor task 3424
2023-06-30 17:10:36.207 worker_log:613 24661 MainThread [INFO]  All processing finished for executor task 3424
2023-06-30 17:11:52.097 worker_log:584 24661 MainThread [INFO]  Received executor task 3425
2023-06-30 17:12:40.878 worker_log:602 24661 MainThread [INFO]  Completed executor task 3425
2023-06-30 17:12:40.878 worker_log:613 24661 MainThread [INFO]  All processing finished for executor task 3425
2023-06-30 17:13:01.863 worker_log:584 24661 MainThread [INFO]  Received executor task 3453
2023-06-30 17:13:37.700 worker_log:602 24661 MainThread [INFO]  Completed executor task 3453
2023-06-30 17:13:37.701 worker_log:613 24661 MainThread [INFO]  All processing finished for executor task 3453
2023-06-30 17:14:14.511 worker_log:584 24661 MainThread [INFO]  Received executor task 3462
2023-06-30 17:14:37.344 worker_log:602 24661 MainThread [INFO]  Completed executor task 3462
2023-06-30 17:14:37.345 worker_log:613 24661 MainThread [INFO]  All processing finished for executor task 3462
2023-06-30 17:15:47.859 worker_log:584 24661 MainThread [INFO]  Received executor task 3473
2023-06-30 17:16:51.548 worker_log:602 24661 MainThread [INFO]  Completed executor task 3473
2023-06-30 17:16:51.548 worker_log:613 24661 MainThread [INFO]  All processing finished for executor task 3473
2023-06-30 17:17:11.125 worker_log:584 24661 MainThread [INFO]  Received executor task 3502
2023-06-30 17:18:02.610 worker_log:602 24661 MainThread [INFO]  Completed executor task 3502
2023-06-30 17:18:02.610 worker_log:613 24661 MainThread [INFO]  All processing finished for executor task 3502
2023-06-30 17:18:34.555 worker_log:584 24661 MainThread [INFO]  Received executor task 3515
2023-06-30 17:18:51.634 worker_log:602 24661 MainThread [INFO]  Completed executor task 3515
2023-06-30 17:18:51.634 worker_log:613 24661 MainThread [INFO]  All processing finished for executor task 3515
2023-06-30 17:20:18.156 worker_log:584 24661 MainThread [INFO]  Received executor task 3522
2023-06-30 17:21:06.370 worker_log:602 24661 MainThread [INFO]  Completed executor task 3522
2023-06-30 17:21:06.370 worker_log:613 24661 MainThread [INFO]  All processing finished for executor task 3522
2023-06-30 17:21:16.538 worker_log:584 24661 MainThread [INFO]  Received executor task 3546
2023-06-30 17:22:30.500 worker_log:602 24661 MainThread [INFO]  Completed executor task 3546
2023-06-30 17:22:30.500 worker_log:613 24661 MainThread [INFO]  All processing finished for executor task 3546
2023-06-30 17:22:31.986 worker_log:584 24661 MainThread [INFO]  Received executor task 3568
2023-06-30 17:23:04.632 worker_log:602 24661 MainThread [INFO]  Completed executor task 3568
2023-06-30 17:23:04.632 worker_log:613 24661 MainThread [INFO]  All processing finished for executor task 3568
2023-06-30 17:24:06.476 worker_log:584 24661 MainThread [INFO]  Received executor task 3575
2023-06-30 17:25:08.899 worker_log:602 24661 MainThread [INFO]  Completed executor task 3575
2023-06-30 17:25:08.900 worker_log:613 24661 MainThread [INFO]  All processing finished for executor task 3575
2023-06-30 17:25:22.197 worker_log:584 24661 MainThread [INFO]  Received executor task 3598
2023-06-30 17:26:04.944 worker_log:602 24661 MainThread [INFO]  Completed executor task 3598
2023-06-30 17:26:04.944 worker_log:613 24661 MainThread [INFO]  All processing finished for executor task 3598
2023-06-30 17:26:42.289 worker_log:584 24661 MainThread [INFO]  Received executor task 3614
2023-06-30 17:27:09.731 worker_log:602 24661 MainThread [INFO]  Completed executor task 3614
2023-06-30 17:27:09.731 worker_log:613 24661 MainThread [INFO]  All processing finished for executor task 3614
2023-06-30 17:28:06.691 worker_log:584 24661 MainThread [INFO]  Received executor task 3619
2023-06-30 17:28:36.893 worker_log:602 24661 MainThread [INFO]  Completed executor task 3619
2023-06-30 17:28:36.893 worker_log:613 24661 MainThread [INFO]  All processing finished for executor task 3619
2023-06-30 17:29:21.655 worker_log:584 24661 MainThread [INFO]  Received executor task 3638
2023-06-30 17:30:01.105 worker_log:602 24661 MainThread [INFO]  Completed executor task 3638
2023-06-30 17:30:01.106 worker_log:613 24661 MainThread [INFO]  All processing finished for executor task 3638
2023-06-30 17:31:08.544 worker_log:584 24661 MainThread [INFO]  Received executor task 3655
2023-06-30 17:31:31.326 worker_log:602 24661 MainThread [INFO]  Completed executor task 3655
2023-06-30 17:31:31.327 worker_log:613 24661 MainThread [INFO]  All processing finished for executor task 3655
2023-06-30 17:32:24.786 worker_log:584 24661 MainThread [INFO]  Received executor task 3666
2023-06-30 17:33:46.987 worker_log:602 24661 MainThread [INFO]  Completed executor task 3666
2023-06-30 17:33:46.987 worker_log:613 24661 MainThread [INFO]  All processing finished for executor task 3666
2023-06-30 17:33:48.077 worker_log:584 24661 MainThread [INFO]  Received executor task 3696
2023-06-30 17:34:48.738 worker_log:602 24661 MainThread [INFO]  Completed executor task 3696
2023-06-30 17:34:48.739 worker_log:613 24661 MainThread [INFO]  All processing finished for executor task 3696
2023-06-30 17:34:57.533 worker_log:584 24661 MainThread [INFO]  Received executor task 3710
2023-06-30 17:35:25.992 worker_log:602 24661 MainThread [INFO]  Completed executor task 3710
2023-06-30 17:35:25.992 worker_log:613 24661 MainThread [INFO]  All processing finished for executor task 3710
2023-06-30 17:36:12.830 worker_log:584 24661 MainThread [INFO]  Received executor task 3718
2023-06-30 17:36:45.913 worker_log:602 24661 MainThread [INFO]  Completed executor task 3718
2023-06-30 17:36:45.913 worker_log:613 24661 MainThread [INFO]  All processing finished for executor task 3718
2023-06-30 17:37:28.219 worker_log:584 24661 MainThread [INFO]  Received executor task 3735
2023-06-30 17:38:08.314 worker_log:602 24661 MainThread [INFO]  Completed executor task 3735
2023-06-30 17:38:08.315 worker_log:613 24661 MainThread [INFO]  All processing finished for executor task 3735
2023-06-30 17:38:31.446 worker_log:584 24661 MainThread [INFO]  Received executor task 3752
2023-06-30 17:39:16.788 worker_log:602 24661 MainThread [INFO]  Completed executor task 3752
2023-06-30 17:39:16.788 worker_log:613 24661 MainThread [INFO]  All processing finished for executor task 3752
2023-06-30 17:39:49.853 worker_log:584 24661 MainThread [INFO]  Received executor task 3769
2023-06-30 17:40:19.266 worker_log:602 24661 MainThread [INFO]  Completed executor task 3769
2023-06-30 17:40:19.266 worker_log:613 24661 MainThread [INFO]  All processing finished for executor task 3769
2023-06-30 17:41:40.143 worker_log:584 24661 MainThread [INFO]  Received executor task 3779
2023-06-30 17:42:32.448 worker_log:602 24661 MainThread [INFO]  Completed executor task 3779
2023-06-30 17:42:32.448 worker_log:613 24661 MainThread [INFO]  All processing finished for executor task 3779
2023-06-30 17:43:01.811 worker_log:584 24661 MainThread [INFO]  Received executor task 3805
2023-06-30 17:43:11.895 worker_log:602 24661 MainThread [INFO]  Completed executor task 3805
2023-06-30 17:43:11.896 worker_log:613 24661 MainThread [INFO]  All processing finished for executor task 3805
2023-06-30 17:44:51.500 worker_log:584 24661 MainThread [INFO]  Received executor task 3810
2023-06-30 17:45:57.905 worker_log:602 24661 MainThread [INFO]  Completed executor task 3810
2023-06-30 17:45:57.906 worker_log:613 24661 MainThread [INFO]  All processing finished for executor task 3810
2023-06-30 17:45:59.422 worker_log:584 24661 MainThread [INFO]  Received executor task 3840
2023-06-30 17:47:06.943 worker_log:602 24661 MainThread [INFO]  Completed executor task 3840
2023-06-30 17:47:06.944 worker_log:613 24661 MainThread [INFO]  All processing finished for executor task 3840
2023-06-30 17:47:23.014 worker_log:584 24661 MainThread [INFO]  Received executor task 3854
2023-06-30 17:48:11.858 worker_log:602 24661 MainThread [INFO]  Completed executor task 3854
2023-06-30 17:48:11.858 worker_log:613 24661 MainThread [INFO]  All processing finished for executor task 3854
2023-06-30 17:48:41.831 worker_log:584 24661 MainThread [INFO]  Received executor task 3870
2023-06-30 17:49:15.130 worker_log:602 24661 MainThread [INFO]  Completed executor task 3870
2023-06-30 17:49:15.131 worker_log:613 24661 MainThread [INFO]  All processing finished for executor task 3870
2023-06-30 17:50:01.959 worker_log:584 24661 MainThread [INFO]  Received executor task 3875
2023-06-30 17:50:42.901 worker_log:602 24661 MainThread [INFO]  Completed executor task 3875
2023-06-30 17:50:42.901 worker_log:613 24661 MainThread [INFO]  All processing finished for executor task 3875
2023-06-30 17:51:01.079 worker_log:584 24661 MainThread [INFO]  Received executor task 3898
2023-06-30 17:51:23.902 worker_log:602 24661 MainThread [INFO]  Completed executor task 3898
2023-06-30 17:51:23.903 worker_log:613 24661 MainThread [INFO]  All processing finished for executor task 3898
2023-06-30 17:52:39.732 worker_log:584 24661 MainThread [INFO]  Received executor task 3906
2023-06-30 17:53:13.128 worker_log:602 24661 MainThread [INFO]  Completed executor task 3906
2023-06-30 17:53:13.129 worker_log:613 24661 MainThread [INFO]  All processing finished for executor task 3906
2023-06-30 17:53:37.047 worker_log:584 24661 MainThread [INFO]  Received executor task 3929
2023-06-30 17:54:27.884 worker_log:602 24661 MainThread [INFO]  Completed executor task 3929
2023-06-30 17:54:27.884 worker_log:613 24661 MainThread [INFO]  All processing finished for executor task 3929
2023-06-30 17:54:49.392 worker_log:584 24661 MainThread [INFO]  Received executor task 3947
2023-06-30 17:55:09.250 worker_log:602 24661 MainThread [INFO]  Completed executor task 3947
2023-06-30 17:55:09.251 worker_log:613 24661 MainThread [INFO]  All processing finished for executor task 3947
2023-06-30 17:56:02.490 worker_log:584 24661 MainThread [INFO]  Received executor task 3954
2023-06-30 17:56:29.708 worker_log:602 24661 MainThread [INFO]  Completed executor task 3954
2023-06-30 17:56:29.709 worker_log:613 24661 MainThread [INFO]  All processing finished for executor task 3954
2023-06-30 17:57:37.553 worker_log:584 24661 MainThread [INFO]  Received executor task 3973
2023-06-30 17:58:16.096 worker_log:602 24661 MainThread [INFO]  Completed executor task 3973
2023-06-30 17:58:16.096 worker_log:613 24661 MainThread [INFO]  All processing finished for executor task 3973
2023-06-30 17:58:47.775 worker_log:584 24661 MainThread [INFO]  Received executor task 3994
2023-06-30 17:59:34.291 worker_log:602 24661 MainThread [INFO]  Completed executor task 3994
2023-06-30 17:59:34.292 worker_log:613 24661 MainThread [INFO]  All processing finished for executor task 3994
2023-06-30 17:59:52.874 worker_log:584 24661 MainThread [INFO]  Received executor task 4011
2023-06-30 18:00:31.313 worker_log:602 24661 MainThread [INFO]  Completed executor task 4011
2023-06-30 18:00:31.313 worker_log:613 24661 MainThread [INFO]  All processing finished for executor task 4011
2023-06-30 18:01:23.541 worker_log:584 24661 MainThread [INFO]  Received executor task 4025
2023-06-30 18:02:36.494 worker_log:602 24661 MainThread [INFO]  Completed executor task 4025
2023-06-30 18:02:36.494 worker_log:613 24661 MainThread [INFO]  All processing finished for executor task 4025
2023-06-30 18:02:42.944 worker_log:584 24661 MainThread [INFO]  Received executor task 4047
2023-06-30 18:03:35.415 worker_log:602 24661 MainThread [INFO]  Completed executor task 4047
2023-06-30 18:03:35.416 worker_log:613 24661 MainThread [INFO]  All processing finished for executor task 4047
2023-06-30 18:03:52.178 worker_log:584 24661 MainThread [INFO]  Received executor task 4062
2023-06-30 18:04:20.540 worker_log:602 24661 MainThread [INFO]  Completed executor task 4062
2023-06-30 18:04:20.541 worker_log:613 24661 MainThread [INFO]  All processing finished for executor task 4062
2023-06-30 18:05:02.251 worker_log:584 24661 MainThread [INFO]  Received executor task 4071
2023-06-30 18:05:50.848 worker_log:602 24661 MainThread [INFO]  Completed executor task 4071
2023-06-30 18:05:50.848 worker_log:613 24661 MainThread [INFO]  All processing finished for executor task 4071
2023-06-30 18:06:06.436 worker_log:584 24661 MainThread [INFO]  Received executor task 4092
2023-06-30 18:07:11.569 worker_log:602 24661 MainThread [INFO]  Completed executor task 4092
2023-06-30 18:07:11.569 worker_log:613 24661 MainThread [INFO]  All processing finished for executor task 4092
2023-06-30 18:07:24.618 worker_log:584 24661 MainThread [INFO]  Received executor task 4110
2023-06-30 18:08:07.665 worker_log:602 24661 MainThread [INFO]  Completed executor task 4110
2023-06-30 18:08:07.665 worker_log:613 24661 MainThread [INFO]  All processing finished for executor task 4110
2023-06-30 18:08:19.407 worker_log:584 24661 MainThread [INFO]  Received executor task 4123
2023-06-30 18:08:51.819 worker_log:602 24661 MainThread [INFO]  Completed executor task 4123
2023-06-30 18:08:51.820 worker_log:613 24661 MainThread [INFO]  All processing finished for executor task 4123
2023-06-30 18:09:43.926 worker_log:584 24661 MainThread [INFO]  Received executor task 4132
2023-06-30 18:10:07.968 worker_log:602 24661 MainThread [INFO]  Completed executor task 4132
2023-06-30 18:10:07.969 worker_log:613 24661 MainThread [INFO]  All processing finished for executor task 4132
2023-06-30 18:10:58.954 worker_log:584 24661 MainThread [INFO]  Received executor task 4147
2023-06-30 18:11:18.358 worker_log:602 24661 MainThread [INFO]  Completed executor task 4147
2023-06-30 18:11:18.358 worker_log:613 24661 MainThread [INFO]  All processing finished for executor task 4147
2023-06-30 18:12:15.039 worker_log:584 24661 MainThread [INFO]  Received executor task 4162
2023-06-30 18:12:46.279 worker_log:602 24661 MainThread [INFO]  Completed executor task 4162
2023-06-30 18:12:46.280 worker_log:613 24661 MainThread [INFO]  All processing finished for executor task 4162
2023-06-30 18:13:55.742 worker_log:584 24661 MainThread [INFO]  Received executor task 4180
2023-06-30 18:14:35.240 worker_log:602 24661 MainThread [INFO]  Completed executor task 4180
2023-06-30 18:14:35.241 worker_log:613 24661 MainThread [INFO]  All processing finished for executor task 4180
2023-06-30 18:15:03.223 worker_log:584 24661 MainThread [INFO]  Received executor task 4201
2023-06-30 18:15:43.905 worker_log:602 24661 MainThread [INFO]  Completed executor task 4201
2023-06-30 18:15:43.905 worker_log:613 24661 MainThread [INFO]  All processing finished for executor task 4201
2023-06-30 18:16:34.433 worker_log:584 24661 MainThread [INFO]  Received executor task 4218
2023-06-30 18:17:09.916 worker_log:602 24661 MainThread [INFO]  Completed executor task 4218
2023-06-30 18:17:09.916 worker_log:613 24661 MainThread [INFO]  All processing finished for executor task 4218
2023-06-30 18:17:45.618 worker_log:584 24661 MainThread [INFO]  Received executor task 4231
2023-06-30 18:19:03.296 worker_log:602 24661 MainThread [INFO]  Completed executor task 4231
2023-06-30 18:19:03.297 worker_log:613 24661 MainThread [INFO]  All processing finished for executor task 4231
2023-06-30 18:19:04.469 worker_log:584 24661 MainThread [INFO]  Received executor task 4256
2023-06-30 18:19:45.236 worker_log:602 24661 MainThread [INFO]  Completed executor task 4256
2023-06-30 18:19:45.237 worker_log:613 24661 MainThread [INFO]  All processing finished for executor task 4256
2023-06-30 18:19:57.627 worker_log:584 24661 MainThread [INFO]  Received executor task 4268
2023-06-30 18:20:22.661 worker_log:602 24661 MainThread [INFO]  Completed executor task 4268
2023-06-30 18:20:22.661 worker_log:613 24661 MainThread [INFO]  All processing finished for executor task 4268
2023-06-30 18:21:26.627 worker_log:584 24661 MainThread [INFO]  Received executor task 4275
2023-06-30 18:21:59.479 worker_log:602 24661 MainThread [INFO]  Completed executor task 4275
2023-06-30 18:21:59.479 worker_log:613 24661 MainThread [INFO]  All processing finished for executor task 4275
2023-06-30 18:22:29.928 worker_log:584 24661 MainThread [INFO]  Received executor task 4295
2023-06-30 18:23:20.542 worker_log:602 24661 MainThread [INFO]  Completed executor task 4295
2023-06-30 18:23:20.543 worker_log:613 24661 MainThread [INFO]  All processing finished for executor task 4295
2023-06-30 18:24:16.093 worker_log:584 24661 MainThread [INFO]  Received executor task 4316
2023-06-30 18:25:45.660 worker_log:602 24661 MainThread [INFO]  Completed executor task 4316
2023-06-30 18:25:45.661 worker_log:613 24661 MainThread [INFO]  All processing finished for executor task 4316
2023-06-30 18:25:47.005 worker_log:584 24661 MainThread [INFO]  Received executor task 4336
2023-06-30 18:26:33.018 worker_log:602 24661 MainThread [INFO]  Completed executor task 4336
2023-06-30 18:26:33.019 worker_log:613 24661 MainThread [INFO]  All processing finished for executor task 4336
2023-06-30 18:27:24.471 worker_log:584 24661 MainThread [INFO]  Received executor task 4345
2023-06-30 18:27:51.525 worker_log:602 24661 MainThread [INFO]  Completed executor task 4345
2023-06-30 18:27:51.526 worker_log:613 24661 MainThread [INFO]  All processing finished for executor task 4345
2023-06-30 18:28:18.147 worker_log:584 24661 MainThread [INFO]  Received executor task 4357
2023-06-30 18:28:47.084 worker_log:602 24661 MainThread [INFO]  Completed executor task 4357
2023-06-30 18:28:47.084 worker_log:613 24661 MainThread [INFO]  All processing finished for executor task 4357
2023-06-30 18:29:27.154 worker_log:584 24661 MainThread [INFO]  Received executor task 4370
2023-06-30 18:29:59.744 worker_log:602 24661 MainThread [INFO]  Completed executor task 4370
2023-06-30 18:29:59.745 worker_log:613 24661 MainThread [INFO]  All processing finished for executor task 4370
2023-06-30 18:30:36.232 worker_log:584 24661 MainThread [INFO]  Received executor task 4391
2023-06-30 18:31:29.811 worker_log:602 24661 MainThread [INFO]  Completed executor task 4391
2023-06-30 18:31:29.812 worker_log:613 24661 MainThread [INFO]  All processing finished for executor task 4391
2023-06-30 18:32:04.800 worker_log:584 24661 MainThread [INFO]  Received executor task 4412
2023-06-30 18:32:56.555 worker_log:602 24661 MainThread [INFO]  Completed executor task 4412
2023-06-30 18:32:56.555 worker_log:613 24661 MainThread [INFO]  All processing finished for executor task 4412
2023-06-30 18:33:27.466 worker_log:584 24661 MainThread [INFO]  Received executor task 4426
2023-06-30 18:34:57.923 worker_log:602 24661 MainThread [INFO]  Completed executor task 4426
2023-06-30 18:34:57.924 worker_log:613 24661 MainThread [INFO]  All processing finished for executor task 4426
2023-06-30 18:34:59.055 worker_log:584 24661 MainThread [INFO]  Received executor task 4448
2023-06-30 18:35:30.626 worker_log:602 24661 MainThread [INFO]  Completed executor task 4448
2023-06-30 18:35:30.627 worker_log:613 24661 MainThread [INFO]  All processing finished for executor task 4448
2023-06-30 18:36:15.722 worker_log:584 24661 MainThread [INFO]  Received executor task 4452
2023-06-30 18:37:05.216 worker_log:602 24661 MainThread [INFO]  Completed executor task 4452
2023-06-30 18:37:05.217 worker_log:613 24661 MainThread [INFO]  All processing finished for executor task 4452
2023-06-30 18:37:25.562 worker_log:584 24661 MainThread [INFO]  Received executor task 4473
2023-06-30 18:37:45.712 worker_log:602 24661 MainThread [INFO]  Completed executor task 4473
2023-06-30 18:37:45.712 worker_log:613 24661 MainThread [INFO]  All processing finished for executor task 4473
2023-06-30 18:38:19.492 worker_log:584 24661 MainThread [INFO]  Received executor task 4485
2023-06-30 18:39:26.290 worker_log:602 24661 MainThread [INFO]  Completed executor task 4485
2023-06-30 18:39:26.291 worker_log:613 24661 MainThread [INFO]  All processing finished for executor task 4485
2023-06-30 18:39:41.190 worker_log:584 24661 MainThread [INFO]  Received executor task 4511
2023-06-30 18:40:23.762 worker_log:602 24661 MainThread [INFO]  Completed executor task 4511
2023-06-30 18:40:23.763 worker_log:613 24661 MainThread [INFO]  All processing finished for executor task 4511
2023-06-30 18:41:45.913 worker_log:584 24661 MainThread [INFO]  Received executor task 4523
2023-06-30 18:42:14.927 worker_log:602 24661 MainThread [INFO]  Completed executor task 4523
2023-06-30 18:42:14.928 worker_log:613 24661 MainThread [INFO]  All processing finished for executor task 4523
2023-06-30 18:42:43.655 worker_log:584 24661 MainThread [INFO]  Received executor task 4536
2023-06-30 18:43:21.105 worker_log:602 24661 MainThread [INFO]  Completed executor task 4536
2023-06-30 18:43:21.105 worker_log:613 24661 MainThread [INFO]  All processing finished for executor task 4536
2023-06-30 18:43:54.826 worker_log:584 24661 MainThread [INFO]  Received executor task 4551
2023-06-30 18:44:36.980 worker_log:602 24661 MainThread [INFO]  Completed executor task 4551
2023-06-30 18:44:36.981 worker_log:613 24661 MainThread [INFO]  All processing finished for executor task 4551
2023-06-30 18:45:28.628 worker_log:584 24661 MainThread [INFO]  Received executor task 4570
2023-06-30 18:46:45.677 worker_log:602 24661 MainThread [INFO]  Completed executor task 4570
2023-06-30 18:46:45.677 worker_log:613 24661 MainThread [INFO]  All processing finished for executor task 4570
2023-06-30 18:46:46.780 worker_log:584 24661 MainThread [INFO]  Received executor task 4592
2023-06-30 18:47:25.194 worker_log:602 24661 MainThread [INFO]  Completed executor task 4592
2023-06-30 18:47:25.195 worker_log:613 24661 MainThread [INFO]  All processing finished for executor task 4592
2023-06-30 18:47:52.553 worker_log:584 24661 MainThread [INFO]  Received executor task 4603
2023-06-30 18:48:55.784 worker_log:602 24661 MainThread [INFO]  Completed executor task 4603
2023-06-30 18:48:55.784 worker_log:613 24661 MainThread [INFO]  All processing finished for executor task 4603
2023-06-30 18:48:57.362 worker_log:584 24661 MainThread [INFO]  Received executor task 4624
2023-06-30 18:49:37.510 worker_log:602 24661 MainThread [INFO]  Completed executor task 4624
2023-06-30 18:49:37.511 worker_log:613 24661 MainThread [INFO]  All processing finished for executor task 4624
2023-06-30 18:49:58.495 worker_log:584 24661 MainThread [INFO]  Received executor task 4631
2023-06-30 18:50:40.409 worker_log:602 24661 MainThread [INFO]  Completed executor task 4631
2023-06-30 18:50:40.409 worker_log:613 24661 MainThread [INFO]  All processing finished for executor task 4631
2023-06-30 18:51:09.624 worker_log:584 24661 MainThread [INFO]  Received executor task 4650
2023-06-30 18:51:43.226 worker_log:602 24661 MainThread [INFO]  Completed executor task 4650
2023-06-30 18:51:43.227 worker_log:613 24661 MainThread [INFO]  All processing finished for executor task 4650
2023-06-30 18:52:27.869 worker_log:584 24661 MainThread [INFO]  Received executor task 4665
2023-06-30 18:53:07.578 worker_log:602 24661 MainThread [INFO]  Completed executor task 4665
2023-06-30 18:53:07.578 worker_log:613 24661 MainThread [INFO]  All processing finished for executor task 4665
2023-06-30 18:54:02.157 worker_log:584 24661 MainThread [INFO]  Received executor task 4678
2023-06-30 18:54:48.415 worker_log:602 24661 MainThread [INFO]  Completed executor task 4678
2023-06-30 18:54:48.416 worker_log:613 24661 MainThread [INFO]  All processing finished for executor task 4678
2023-06-30 18:55:22.259 worker_log:584 24661 MainThread [INFO]  Received executor task 4694
2023-06-30 18:56:19.885 worker_log:602 24661 MainThread [INFO]  Completed executor task 4694
2023-06-30 18:56:19.886 worker_log:613 24661 MainThread [INFO]  All processing finished for executor task 4694
2023-06-30 18:56:44.161 worker_log:584 24661 MainThread [INFO]  Received executor task 4715
2023-06-30 18:57:48.197 worker_log:602 24661 MainThread [INFO]  Completed executor task 4715
2023-06-30 18:57:48.197 worker_log:613 24661 MainThread [INFO]  All processing finished for executor task 4715
2023-06-30 18:58:31.239 worker_log:584 24661 MainThread [INFO]  Received executor task 4735
2023-06-30 18:59:48.940 worker_log:602 24661 MainThread [INFO]  Completed executor task 4735
2023-06-30 18:59:48.941 worker_log:613 24661 MainThread [INFO]  All processing finished for executor task 4735
2023-06-30 18:59:50.051 worker_log:584 24661 MainThread [INFO]  Received executor task 4752
2023-06-30 19:00:54.652 worker_log:602 24661 MainThread [INFO]  Completed executor task 4752
2023-06-30 19:00:54.653 worker_log:613 24661 MainThread [INFO]  All processing finished for executor task 4752
2023-06-30 19:01:12.286 worker_log:584 24661 MainThread [INFO]  Received executor task 4767
2023-06-30 19:01:54.097 worker_log:602 24661 MainThread [INFO]  Completed executor task 4767
2023-06-30 19:01:54.098 worker_log:613 24661 MainThread [INFO]  All processing finished for executor task 4767
2023-06-30 19:02:18.874 worker_log:584 24661 MainThread [INFO]  Received executor task 4778
2023-06-30 19:03:06.567 worker_log:602 24661 MainThread [INFO]  Completed executor task 4778
2023-06-30 19:03:06.568 worker_log:613 24661 MainThread [INFO]  All processing finished for executor task 4778
2023-06-30 19:03:36.576 worker_log:584 24661 MainThread [INFO]  Received executor task 4793
2023-06-30 19:04:48.481 worker_log:602 24661 MainThread [INFO]  Completed executor task 4793
2023-06-30 19:04:48.481 worker_log:613 24661 MainThread [INFO]  All processing finished for executor task 4793
2023-06-30 19:04:49.622 worker_log:584 24661 MainThread [INFO]  Received executor task 4816
2023-06-30 19:06:07.573 worker_log:602 24661 MainThread [INFO]  Completed executor task 4816
2023-06-30 19:06:07.573 worker_log:613 24661 MainThread [INFO]  All processing finished for executor task 4816
2023-06-30 19:06:08.470 worker_log:584 24661 MainThread [INFO]  Received executor task 4832
2023-06-30 19:06:43.979 worker_log:602 24661 MainThread [INFO]  Completed executor task 4832
2023-06-30 19:06:43.979 worker_log:613 24661 MainThread [INFO]  All processing finished for executor task 4832
2023-06-30 19:07:10.891 worker_log:584 24661 MainThread [INFO]  Received executor task 4838
2023-06-30 19:07:47.810 worker_log:602 24661 MainThread [INFO]  Completed executor task 4838
2023-06-30 19:07:47.810 worker_log:613 24661 MainThread [INFO]  All processing finished for executor task 4838
2023-06-30 19:08:16.230 worker_log:584 24661 MainThread [INFO]  Received executor task 4855
2023-06-30 19:08:58.025 worker_log:602 24661 MainThread [INFO]  Completed executor task 4855
2023-06-30 19:08:58.026 worker_log:613 24661 MainThread [INFO]  All processing finished for executor task 4855
2023-06-30 19:09:34.222 worker_log:584 24661 MainThread [INFO]  Received executor task 4873
2023-06-30 19:10:51.914 worker_log:602 24661 MainThread [INFO]  Completed executor task 4873
2023-06-30 19:10:51.915 worker_log:613 24661 MainThread [INFO]  All processing finished for executor task 4873
2023-06-30 19:11:03.274 worker_log:584 24661 MainThread [INFO]  Received executor task 4895
2023-06-30 19:11:33.411 worker_log:602 24661 MainThread [INFO]  Completed executor task 4895
2023-06-30 19:11:33.411 worker_log:613 24661 MainThread [INFO]  All processing finished for executor task 4895
2023-06-30 19:13:05.941 worker_log:584 24661 MainThread [INFO]  Received executor task 4900
2023-06-30 19:13:51.486 worker_log:602 24661 MainThread [INFO]  Completed executor task 4900
2023-06-30 19:13:51.486 worker_log:613 24661 MainThread [INFO]  All processing finished for executor task 4900
2023-06-30 19:14:20.095 worker_log:584 24661 MainThread [INFO]  Received executor task 4921
2023-06-30 19:14:36.839 worker_log:602 24661 MainThread [INFO]  Completed executor task 4921
2023-06-30 19:14:36.840 worker_log:613 24661 MainThread [INFO]  All processing finished for executor task 4921
2023-06-30 19:15:29.066 worker_log:584 24661 MainThread [INFO]  Received executor task 4931
2023-06-30 19:15:58.641 worker_log:602 24661 MainThread [INFO]  Completed executor task 4931
2023-06-30 19:15:58.642 worker_log:613 24661 MainThread [INFO]  All processing finished for executor task 4931
2023-06-30 19:18:39.610 worker_log:584 24661 MainThread [INFO]  Received executor task 4949
2023-06-30 19:19:26.083 worker_log:602 24661 MainThread [INFO]  Completed executor task 4949
2023-06-30 19:19:26.083 worker_log:613 24661 MainThread [INFO]  All processing finished for executor task 4949
2023-06-30 19:19:43.171 worker_log:584 24661 MainThread [INFO]  Received executor task 4972
2023-06-30 19:20:34.742 worker_log:602 24661 MainThread [INFO]  Completed executor task 4972
2023-06-30 19:20:34.743 worker_log:613 24661 MainThread [INFO]  All processing finished for executor task 4972
2023-06-30 19:20:57.615 worker_log:584 24661 MainThread [INFO]  Received executor task 4986
2023-06-30 19:21:27.347 worker_log:602 24661 MainThread [INFO]  Completed executor task 4986
2023-06-30 19:21:27.347 worker_log:613 24661 MainThread [INFO]  All processing finished for executor task 4986
2023-06-30 19:22:02.625 worker_log:584 24661 MainThread [INFO]  Received executor task 4996
2023-06-30 19:22:26.211 worker_log:602 24661 MainThread [INFO]  Completed executor task 4996
2023-06-30 19:22:26.212 worker_log:613 24661 MainThread [INFO]  All processing finished for executor task 4996
2023-06-30 19:23:03.429 worker_log:584 24661 MainThread [INFO]  Received executor task 5010
2023-06-30 19:23:31.003 worker_log:602 24661 MainThread [INFO]  Completed executor task 5010
2023-06-30 19:23:31.003 worker_log:613 24661 MainThread [INFO]  All processing finished for executor task 5010
2023-06-30 19:24:48.249 worker_log:584 24661 MainThread [INFO]  Received executor task 5027
2023-06-30 19:25:21.561 worker_log:602 24661 MainThread [INFO]  Completed executor task 5027
2023-06-30 19:25:21.562 worker_log:613 24661 MainThread [INFO]  All processing finished for executor task 5027
2023-06-30 19:25:38.540 worker_log:584 24661 MainThread [INFO]  Received executor task 5048
2023-06-30 19:26:21.544 worker_log:602 24661 MainThread [INFO]  Completed executor task 5048
2023-06-30 19:26:21.545 worker_log:613 24661 MainThread [INFO]  All processing finished for executor task 5048
2023-06-30 19:27:01.873 worker_log:584 24661 MainThread [INFO]  Received executor task 5066
2023-06-30 19:27:37.101 worker_log:602 24661 MainThread [INFO]  Completed executor task 5066
2023-06-30 19:27:37.101 worker_log:613 24661 MainThread [INFO]  All processing finished for executor task 5066
2023-06-30 19:27:59.588 worker_log:584 24661 MainThread [INFO]  Received executor task 5080
2023-06-30 19:28:21.110 worker_log:602 24661 MainThread [INFO]  Completed executor task 5080
2023-06-30 19:28:21.110 worker_log:613 24661 MainThread [INFO]  All processing finished for executor task 5080
2023-06-30 19:29:25.362 worker_log:584 24661 MainThread [INFO]  Received executor task 5091
2023-06-30 19:29:50.966 worker_log:602 24661 MainThread [INFO]  Completed executor task 5091
2023-06-30 19:29:50.966 worker_log:613 24661 MainThread [INFO]  All processing finished for executor task 5091
2023-06-30 19:31:05.603 worker_log:584 24661 MainThread [INFO]  Received executor task 5110
2023-06-30 19:31:57.175 worker_log:602 24661 MainThread [INFO]  Completed executor task 5110
2023-06-30 19:31:57.176 worker_log:613 24661 MainThread [INFO]  All processing finished for executor task 5110
2023-06-30 19:32:58.517 worker_log:584 24661 MainThread [INFO]  Received executor task 5131
2023-06-30 19:33:37.530 worker_log:602 24661 MainThread [INFO]  Completed executor task 5131
2023-06-30 19:33:37.530 worker_log:613 24661 MainThread [INFO]  All processing finished for executor task 5131
2023-06-30 19:34:17.945 worker_log:584 24661 MainThread [INFO]  Received executor task 5144
2023-06-30 19:35:24.583 worker_log:602 24661 MainThread [INFO]  Completed executor task 5144
2023-06-30 19:35:24.583 worker_log:613 24661 MainThread [INFO]  All processing finished for executor task 5144
2023-06-30 19:35:43.217 worker_log:584 24661 MainThread [INFO]  Received executor task 5166
2023-06-30 19:36:06.782 worker_log:602 24661 MainThread [INFO]  Completed executor task 5166
2023-06-30 19:36:06.783 worker_log:613 24661 MainThread [INFO]  All processing finished for executor task 5166
2023-06-30 19:37:15.032 worker_log:584 24661 MainThread [INFO]  Received executor task 5172
2023-06-30 19:37:49.407 worker_log:602 24661 MainThread [INFO]  Completed executor task 5172
2023-06-30 19:37:49.408 worker_log:613 24661 MainThread [INFO]  All processing finished for executor task 5172
2023-06-30 19:38:46.564 worker_log:584 24661 MainThread [INFO]  Received executor task 5190
2023-06-30 19:39:20.398 worker_log:602 24661 MainThread [INFO]  Completed executor task 5190
2023-06-30 19:39:20.398 worker_log:613 24661 MainThread [INFO]  All processing finished for executor task 5190
2023-06-30 19:39:57.733 worker_log:584 24661 MainThread [INFO]  Received executor task 5206
2023-06-30 19:40:25.174 worker_log:602 24661 MainThread [INFO]  Completed executor task 5206
2023-06-30 19:40:25.174 worker_log:613 24661 MainThread [INFO]  All processing finished for executor task 5206
2023-06-30 19:41:15.803 worker_log:584 24661 MainThread [INFO]  Received executor task 5219
2023-06-30 19:41:52.125 worker_log:602 24661 MainThread [INFO]  Completed executor task 5219
2023-06-30 19:41:52.126 worker_log:613 24661 MainThread [INFO]  All processing finished for executor task 5219
2023-06-30 19:42:36.080 worker_log:584 24661 MainThread [INFO]  Received executor task 5236
2023-06-30 19:43:20.261 worker_log:602 24661 MainThread [INFO]  Completed executor task 5236
2023-06-30 19:43:20.261 worker_log:613 24661 MainThread [INFO]  All processing finished for executor task 5236
2023-06-30 19:44:16.226 worker_log:584 24661 MainThread [INFO]  Received executor task 5260
2023-06-30 19:45:29.391 worker_log:602 24661 MainThread [INFO]  Completed executor task 5260
2023-06-30 19:45:29.391 worker_log:613 24661 MainThread [INFO]  All processing finished for executor task 5260
2023-06-30 19:45:30.710 worker_log:584 24661 MainThread [INFO]  Received executor task 5280
2023-06-30 19:46:09.162 worker_log:602 24661 MainThread [INFO]  Completed executor task 5280
2023-06-30 19:46:09.163 worker_log:613 24661 MainThread [INFO]  All processing finished for executor task 5280
2023-06-30 19:46:41.161 worker_log:584 24661 MainThread [INFO]  Received executor task 5288
2023-06-30 19:47:00.395 worker_log:602 24661 MainThread [INFO]  Completed executor task 5288
2023-06-30 19:47:00.395 worker_log:613 24661 MainThread [INFO]  All processing finished for executor task 5288
2023-06-30 19:47:43.057 worker_log:584 24661 MainThread [INFO]  Received executor task 5298
2023-06-30 19:48:15.930 worker_log:602 24661 MainThread [INFO]  Completed executor task 5298
2023-06-30 19:48:15.931 worker_log:613 24661 MainThread [INFO]  All processing finished for executor task 5298
2023-06-30 19:48:52.956 worker_log:584 24661 MainThread [INFO]  Received executor task 5319
2023-06-30 19:49:32.113 worker_log:602 24661 MainThread [INFO]  Completed executor task 5319
2023-06-30 19:49:32.114 worker_log:613 24661 MainThread [INFO]  All processing finished for executor task 5319
2023-06-30 19:50:00.097 worker_log:584 24661 MainThread [INFO]  Received executor task 5337
2023-06-30 19:50:42.136 worker_log:602 24661 MainThread [INFO]  Completed executor task 5337
2023-06-30 19:50:42.137 worker_log:613 24661 MainThread [INFO]  All processing finished for executor task 5337
2023-06-30 19:52:19.222 worker_log:584 24661 MainThread [INFO]  Received executor task 5353
2023-06-30 19:53:42.258 worker_log:602 24661 MainThread [INFO]  Completed executor task 5353
2023-06-30 19:53:42.259 worker_log:613 24661 MainThread [INFO]  All processing finished for executor task 5353
2023-06-30 19:53:52.252 worker_log:584 24661 MainThread [INFO]  Received executor task 5374
2023-06-30 19:54:06.013 worker_log:602 24661 MainThread [INFO]  Completed executor task 5374
2023-06-30 19:54:06.014 worker_log:613 24661 MainThread [INFO]  All processing finished for executor task 5374
2023-06-30 19:55:10.040 worker_log:584 24661 MainThread [INFO]  Received executor task 5377
2023-06-30 19:55:50.639 worker_log:602 24661 MainThread [INFO]  Completed executor task 5377
2023-06-30 19:55:50.639 worker_log:613 24661 MainThread [INFO]  All processing finished for executor task 5377
2023-06-30 19:56:16.344 worker_log:584 24661 MainThread [INFO]  Received executor task 5401
2023-06-30 19:56:51.436 worker_log:602 24661 MainThread [INFO]  Completed executor task 5401
2023-06-30 19:56:51.436 worker_log:613 24661 MainThread [INFO]  All processing finished for executor task 5401
2023-06-30 19:57:44.842 worker_log:584 24661 MainThread [INFO]  Received executor task 5415
2023-06-30 19:58:12.997 worker_log:602 24661 MainThread [INFO]  Completed executor task 5415
2023-06-30 19:58:12.997 worker_log:613 24661 MainThread [INFO]  All processing finished for executor task 5415
2023-06-30 19:59:03.109 worker_log:584 24661 MainThread [INFO]  Received executor task 5426
2023-06-30 19:59:41.612 worker_log:602 24661 MainThread [INFO]  Completed executor task 5426
2023-06-30 19:59:41.613 worker_log:613 24661 MainThread [INFO]  All processing finished for executor task 5426
2023-06-30 20:00:03.880 worker_log:584 24661 MainThread [INFO]  Received executor task 5447
2023-06-30 20:00:42.832 worker_log:602 24661 MainThread [INFO]  Completed executor task 5447
2023-06-30 20:00:42.833 worker_log:613 24661 MainThread [INFO]  All processing finished for executor task 5447
2023-06-30 20:01:09.872 worker_log:584 24661 MainThread [INFO]  Received executor task 5466
2023-06-30 20:02:07.051 worker_log:602 24661 MainThread [INFO]  Completed executor task 5466
2023-06-30 20:02:07.052 worker_log:613 24661 MainThread [INFO]  All processing finished for executor task 5466
2023-06-30 20:02:20.623 worker_log:584 24661 MainThread [INFO]  Received executor task 5486
2023-06-30 20:02:41.648 worker_log:602 24661 MainThread [INFO]  Completed executor task 5486
2023-06-30 20:02:41.648 worker_log:613 24661 MainThread [INFO]  All processing finished for executor task 5486
2023-06-30 20:03:14.790 worker_log:584 24661 MainThread [INFO]  Received executor task 5492
2023-06-30 20:03:44.040 worker_log:602 24661 MainThread [INFO]  Completed executor task 5492
2023-06-30 20:03:44.040 worker_log:613 24661 MainThread [INFO]  All processing finished for executor task 5492
2023-06-30 20:04:19.234 worker_log:584 24661 MainThread [INFO]  Received executor task 5508
2023-06-30 20:04:53.592 worker_log:602 24661 MainThread [INFO]  Completed executor task 5508
2023-06-30 20:04:53.593 worker_log:613 24661 MainThread [INFO]  All processing finished for executor task 5508
2023-06-30 20:05:37.801 worker_log:584 24661 MainThread [INFO]  Received executor task 5529
2023-06-30 20:06:01.027 worker_log:602 24661 MainThread [INFO]  Completed executor task 5529
2023-06-30 20:06:01.027 worker_log:613 24661 MainThread [INFO]  All processing finished for executor task 5529
2023-06-30 20:06:36.979 worker_log:584 24661 MainThread [INFO]  Received executor task 5540
2023-06-30 20:07:06.442 worker_log:602 24661 MainThread [INFO]  Completed executor task 5540
2023-06-30 20:07:06.443 worker_log:613 24661 MainThread [INFO]  All processing finished for executor task 5540
2023-06-30 20:07:53.256 worker_log:584 24661 MainThread [INFO]  Received executor task 5558
2023-06-30 20:08:18.793 worker_log:602 24661 MainThread [INFO]  Completed executor task 5558
2023-06-30 20:08:18.793 worker_log:613 24661 MainThread [INFO]  All processing finished for executor task 5558
2023-06-30 20:09:17.825 worker_log:584 24661 MainThread [INFO]  Received executor task 5571
2023-06-30 20:09:48.811 worker_log:602 24661 MainThread [INFO]  Completed executor task 5571
2023-06-30 20:09:48.811 worker_log:613 24661 MainThread [INFO]  All processing finished for executor task 5571
2023-06-30 20:10:46.612 worker_log:584 24661 MainThread [INFO]  Received executor task 5589
2023-06-30 20:11:21.622 worker_log:602 24661 MainThread [INFO]  Completed executor task 5589
2023-06-30 20:11:21.622 worker_log:613 24661 MainThread [INFO]  All processing finished for executor task 5589
2023-06-30 20:12:07.809 worker_log:584 24661 MainThread [INFO]  Received executor task 5609
2023-06-30 20:12:54.163 worker_log:602 24661 MainThread [INFO]  Completed executor task 5609
2023-06-30 20:12:54.163 worker_log:613 24661 MainThread [INFO]  All processing finished for executor task 5609
2023-06-30 20:13:32.104 worker_log:584 24661 MainThread [INFO]  Received executor task 5624
2023-06-30 20:14:08.454 worker_log:602 24661 MainThread [INFO]  Completed executor task 5624
2023-06-30 20:14:08.454 worker_log:613 24661 MainThread [INFO]  All processing finished for executor task 5624
2023-06-30 20:14:47.799 worker_log:584 24661 MainThread [INFO]  Received executor task 5641
