2023-06-30 12:25:40.269 worker_log:538 24674 MainThread [INFO]  Worker 9 started
2023-06-30 12:27:54.705 worker_log:584 24674 MainThread [INFO]  Received executor task 10
2023-06-30 12:28:33.574 worker_log:602 24674 MainThread [INFO]  Completed executor task 10
2023-06-30 12:28:33.575 worker_log:613 24674 MainThread [INFO]  All processing finished for executor task 10
2023-06-30 12:29:18.025 worker_log:584 24674 MainThread [INFO]  Received executor task 25
2023-06-30 12:29:59.338 worker_log:602 24674 MainThread [INFO]  Completed executor task 25
2023-06-30 12:29:59.339 worker_log:613 24674 MainThread [INFO]  All processing finished for executor task 25
2023-06-30 12:30:16.821 worker_log:584 24674 MainThread [INFO]  Received executor task 41
2023-06-30 12:30:48.676 worker_log:602 24674 MainThread [INFO]  Completed executor task 41
2023-06-30 12:30:48.677 worker_log:613 24674 MainThread [INFO]  All processing finished for executor task 41
2023-06-30 12:31:36.302 worker_log:584 24674 MainThread [INFO]  Received executor task 55
2023-06-30 12:32:28.886 worker_log:602 24674 MainThread [INFO]  Completed executor task 55
2023-06-30 12:32:28.887 worker_log:613 24674 MainThread [INFO]  All processing finished for executor task 55
2023-06-30 12:33:06.243 worker_log:584 24674 MainThread [INFO]  Received executor task 77
2023-06-30 12:33:39.281 worker_log:602 24674 MainThread [INFO]  Completed executor task 77
2023-06-30 12:33:39.281 worker_log:613 24674 MainThread [INFO]  All processing finished for executor task 77
2023-06-30 12:34:35.667 worker_log:584 24674 MainThread [INFO]  Received executor task 85
2023-06-30 12:35:23.803 worker_log:602 24674 MainThread [INFO]  Completed executor task 85
2023-06-30 12:35:23.804 worker_log:613 24674 MainThread [INFO]  All processing finished for executor task 85
2023-06-30 12:35:46.748 worker_log:584 24674 MainThread [INFO]  Received executor task 108
2023-06-30 12:36:28.221 worker_log:602 24674 MainThread [INFO]  Completed executor task 108
2023-06-30 12:36:28.222 worker_log:613 24674 MainThread [INFO]  All processing finished for executor task 108
2023-06-30 12:37:07.890 worker_log:584 24674 MainThread [INFO]  Received executor task 123
2023-06-30 12:37:50.943 worker_log:602 24674 MainThread [INFO]  Completed executor task 123
2023-06-30 12:37:50.944 worker_log:613 24674 MainThread [INFO]  All processing finished for executor task 123
2023-06-30 12:38:46.482 worker_log:584 24674 MainThread [INFO]  Received executor task 138
2023-06-30 12:39:25.731 worker_log:602 24674 MainThread [INFO]  Completed executor task 138
2023-06-30 12:39:25.731 worker_log:613 24674 MainThread [INFO]  All processing finished for executor task 138
2023-06-30 12:39:35.927 worker_log:584 24674 MainThread [INFO]  Received executor task 156
2023-06-30 12:40:21.803 worker_log:602 24674 MainThread [INFO]  Completed executor task 156
2023-06-30 12:40:21.804 worker_log:613 24674 MainThread [INFO]  All processing finished for executor task 156
2023-06-30 12:40:42.678 worker_log:584 24674 MainThread [INFO]  Received executor task 171
2023-06-30 12:41:46.322 worker_log:602 24674 MainThread [INFO]  Completed executor task 171
2023-06-30 12:41:46.323 worker_log:613 24674 MainThread [INFO]  All processing finished for executor task 171
2023-06-30 12:42:25.492 worker_log:584 24674 MainThread [INFO]  Received executor task 189
2023-06-30 12:42:52.552 worker_log:602 24674 MainThread [INFO]  Completed executor task 189
2023-06-30 12:42:52.552 worker_log:613 24674 MainThread [INFO]  All processing finished for executor task 189
2023-06-30 12:43:30.154 worker_log:584 24674 MainThread [INFO]  Received executor task 197
2023-06-30 12:44:25.577 worker_log:602 24674 MainThread [INFO]  Completed executor task 197
2023-06-30 12:44:25.578 worker_log:613 24674 MainThread [INFO]  All processing finished for executor task 197
2023-06-30 12:44:55.051 worker_log:584 24674 MainThread [INFO]  Received executor task 221
2023-06-30 12:45:43.469 worker_log:602 24674 MainThread [INFO]  Completed executor task 221
2023-06-30 12:45:43.469 worker_log:613 24674 MainThread [INFO]  All processing finished for executor task 221
2023-06-30 12:45:49.813 worker_log:584 24674 MainThread [INFO]  Received executor task 238
2023-06-30 12:46:14.840 worker_log:602 24674 MainThread [INFO]  Completed executor task 238
2023-06-30 12:46:14.841 worker_log:613 24674 MainThread [INFO]  All processing finished for executor task 238
2023-06-30 12:47:06.197 worker_log:584 24674 MainThread [INFO]  Received executor task 241
2023-06-30 12:47:28.307 worker_log:602 24674 MainThread [INFO]  Completed executor task 241
2023-06-30 12:47:28.308 worker_log:613 24674 MainThread [INFO]  All processing finished for executor task 241
2023-06-30 12:48:04.333 worker_log:584 24674 MainThread [INFO]  Received executor task 258
2023-06-30 12:49:04.429 worker_log:602 24674 MainThread [INFO]  Completed executor task 258
2023-06-30 12:49:04.429 worker_log:613 24674 MainThread [INFO]  All processing finished for executor task 258
2023-06-30 12:49:10.072 worker_log:584 24674 MainThread [INFO]  Received executor task 287
2023-06-30 12:49:32.669 worker_log:602 24674 MainThread [INFO]  Completed executor task 287
2023-06-30 12:49:32.670 worker_log:613 24674 MainThread [INFO]  All processing finished for executor task 287
2023-06-30 12:50:36.899 worker_log:584 24674 MainThread [INFO]  Received executor task 289
2023-06-30 12:51:00.135 worker_log:602 24674 MainThread [INFO]  Completed executor task 289
2023-06-30 12:51:00.136 worker_log:613 24674 MainThread [INFO]  All processing finished for executor task 289
2023-06-30 12:51:59.187 worker_log:584 24674 MainThread [INFO]  Received executor task 305
2023-06-30 12:52:18.328 worker_log:602 24674 MainThread [INFO]  Completed executor task 305
2023-06-30 12:52:18.329 worker_log:613 24674 MainThread [INFO]  All processing finished for executor task 305
2023-06-30 12:53:21.684 worker_log:584 24674 MainThread [INFO]  Received executor task 321
2023-06-30 12:54:09.095 worker_log:602 24674 MainThread [INFO]  Completed executor task 321
2023-06-30 12:54:09.096 worker_log:613 24674 MainThread [INFO]  All processing finished for executor task 321
2023-06-30 12:54:54.997 worker_log:584 24674 MainThread [INFO]  Received executor task 347
2023-06-30 12:55:27.812 worker_log:602 24674 MainThread [INFO]  Completed executor task 347
2023-06-30 12:55:27.813 worker_log:613 24674 MainThread [INFO]  All processing finished for executor task 347
2023-06-30 12:56:36.552 worker_log:584 24674 MainThread [INFO]  Received executor task 357
2023-06-30 12:57:02.323 worker_log:602 24674 MainThread [INFO]  Completed executor task 357
2023-06-30 12:57:02.323 worker_log:613 24674 MainThread [INFO]  All processing finished for executor task 357
2023-06-30 12:58:31.869 worker_log:584 24674 MainThread [INFO]  Received executor task 371
2023-06-30 12:59:08.108 worker_log:602 24674 MainThread [INFO]  Completed executor task 371
2023-06-30 12:59:08.108 worker_log:613 24674 MainThread [INFO]  All processing finished for executor task 371
2023-06-30 12:59:44.891 worker_log:584 24674 MainThread [INFO]  Received executor task 393
2023-06-30 13:00:15.462 worker_log:602 24674 MainThread [INFO]  Completed executor task 393
2023-06-30 13:00:15.462 worker_log:613 24674 MainThread [INFO]  All processing finished for executor task 393
2023-06-30 13:01:04.835 worker_log:584 24674 MainThread [INFO]  Received executor task 404
2023-06-30 13:02:07.495 worker_log:602 24674 MainThread [INFO]  Completed executor task 404
2023-06-30 13:02:07.496 worker_log:613 24674 MainThread [INFO]  All processing finished for executor task 404
2023-06-30 13:02:23.443 worker_log:584 24674 MainThread [INFO]  Received executor task 429
2023-06-30 13:03:10.126 worker_log:602 24674 MainThread [INFO]  Completed executor task 429
2023-06-30 13:03:10.127 worker_log:613 24674 MainThread [INFO]  All processing finished for executor task 429
2023-06-30 13:04:05.143 worker_log:584 24674 MainThread [INFO]  Received executor task 444
2023-06-30 13:04:15.223 worker_log:602 24674 MainThread [INFO]  Completed executor task 444
2023-06-30 13:04:15.224 worker_log:613 24674 MainThread [INFO]  All processing finished for executor task 444
2023-06-30 13:05:04.630 worker_log:584 24674 MainThread [INFO]  Received executor task 449
2023-06-30 13:05:38.757 worker_log:602 24674 MainThread [INFO]  Completed executor task 449
2023-06-30 13:05:38.757 worker_log:613 24674 MainThread [INFO]  All processing finished for executor task 449
2023-06-30 13:06:14.300 worker_log:584 24674 MainThread [INFO]  Received executor task 468
2023-06-30 13:06:41.282 worker_log:602 24674 MainThread [INFO]  Completed executor task 468
2023-06-30 13:06:41.282 worker_log:613 24674 MainThread [INFO]  All processing finished for executor task 468
2023-06-30 13:07:58.033 worker_log:584 24674 MainThread [INFO]  Received executor task 483
2023-06-30 13:08:42.066 worker_log:602 24674 MainThread [INFO]  Completed executor task 483
2023-06-30 13:08:42.067 worker_log:613 24674 MainThread [INFO]  All processing finished for executor task 483
2023-06-30 13:09:03.159 worker_log:584 24674 MainThread [INFO]  Received executor task 504
2023-06-30 13:09:22.872 worker_log:602 24674 MainThread [INFO]  Completed executor task 504
2023-06-30 13:09:22.872 worker_log:613 24674 MainThread [INFO]  All processing finished for executor task 504
2023-06-30 13:10:49.640 worker_log:584 24674 MainThread [INFO]  Received executor task 514
2023-06-30 13:11:59.327 worker_log:602 24674 MainThread [INFO]  Completed executor task 514
2023-06-30 13:11:59.327 worker_log:613 24674 MainThread [INFO]  All processing finished for executor task 514
2023-06-30 13:12:00.690 worker_log:584 24674 MainThread [INFO]  Received executor task 543
2023-06-30 13:12:32.702 worker_log:602 24674 MainThread [INFO]  Completed executor task 543
2023-06-30 13:12:32.703 worker_log:613 24674 MainThread [INFO]  All processing finished for executor task 543
2023-06-30 13:13:37.285 worker_log:584 24674 MainThread [INFO]  Received executor task 553
2023-06-30 13:14:13.089 worker_log:602 24674 MainThread [INFO]  Completed executor task 553
2023-06-30 13:14:13.089 worker_log:613 24674 MainThread [INFO]  All processing finished for executor task 553
2023-06-30 13:14:49.445 worker_log:584 24674 MainThread [INFO]  Received executor task 564
2023-06-30 13:15:39.543 worker_log:602 24674 MainThread [INFO]  Completed executor task 564
2023-06-30 13:15:39.544 worker_log:613 24674 MainThread [INFO]  All processing finished for executor task 564
2023-06-30 13:15:55.971 worker_log:584 24674 MainThread [INFO]  Received executor task 588
2023-06-30 13:16:19.051 worker_log:602 24674 MainThread [INFO]  Completed executor task 588
2023-06-30 13:16:19.051 worker_log:613 24674 MainThread [INFO]  All processing finished for executor task 588
2023-06-30 13:16:54.891 worker_log:584 24674 MainThread [INFO]  Received executor task 595
2023-06-30 13:17:39.777 worker_log:602 24674 MainThread [INFO]  Completed executor task 595
2023-06-30 13:17:39.778 worker_log:613 24674 MainThread [INFO]  All processing finished for executor task 595
2023-06-30 13:18:07.934 worker_log:584 24674 MainThread [INFO]  Received executor task 620
2023-06-30 13:18:41.909 worker_log:602 24674 MainThread [INFO]  Completed executor task 620
2023-06-30 13:18:41.910 worker_log:613 24674 MainThread [INFO]  All processing finished for executor task 620
2023-06-30 13:19:17.927 worker_log:584 24674 MainThread [INFO]  Received executor task 633
2023-06-30 13:20:10.044 worker_log:602 24674 MainThread [INFO]  Completed executor task 633
2023-06-30 13:20:10.044 worker_log:613 24674 MainThread [INFO]  All processing finished for executor task 633
2023-06-30 13:20:39.647 worker_log:584 24674 MainThread [INFO]  Received executor task 651
2023-06-30 13:21:34.867 worker_log:602 24674 MainThread [INFO]  Completed executor task 651
2023-06-30 13:21:34.868 worker_log:613 24674 MainThread [INFO]  All processing finished for executor task 651
2023-06-30 13:21:47.745 worker_log:584 24674 MainThread [INFO]  Received executor task 671
2023-06-30 13:22:14.793 worker_log:602 24674 MainThread [INFO]  Completed executor task 671
2023-06-30 13:22:14.793 worker_log:613 24674 MainThread [INFO]  All processing finished for executor task 671
2023-06-30 13:23:07.979 worker_log:584 24674 MainThread [INFO]  Received executor task 677
2023-06-30 13:23:54.963 worker_log:602 24674 MainThread [INFO]  Completed executor task 677
2023-06-30 13:23:54.963 worker_log:613 24674 MainThread [INFO]  All processing finished for executor task 677
2023-06-30 13:24:23.453 worker_log:584 24674 MainThread [INFO]  Received executor task 699
2023-06-30 13:24:56.232 worker_log:602 24674 MainThread [INFO]  Completed executor task 699
2023-06-30 13:24:56.232 worker_log:613 24674 MainThread [INFO]  All processing finished for executor task 699
2023-06-30 13:25:37.688 worker_log:584 24674 MainThread [INFO]  Received executor task 709
2023-06-30 13:26:01.756 worker_log:602 24674 MainThread [INFO]  Completed executor task 709
2023-06-30 13:26:01.757 worker_log:613 24674 MainThread [INFO]  All processing finished for executor task 709
2023-06-30 13:26:55.772 worker_log:584 24674 MainThread [INFO]  Received executor task 723
2023-06-30 13:27:47.033 worker_log:602 24674 MainThread [INFO]  Completed executor task 723
2023-06-30 13:27:47.034 worker_log:613 24674 MainThread [INFO]  All processing finished for executor task 723
2023-06-30 13:28:04.813 worker_log:584 24674 MainThread [INFO]  Received executor task 747
2023-06-30 13:29:07.765 worker_log:602 24674 MainThread [INFO]  Completed executor task 747
2023-06-30 13:29:07.765 worker_log:613 24674 MainThread [INFO]  All processing finished for executor task 747
2023-06-30 13:29:37.260 worker_log:584 24674 MainThread [INFO]  Received executor task 766
2023-06-30 13:30:32.360 worker_log:602 24674 MainThread [INFO]  Completed executor task 766
2023-06-30 13:30:32.361 worker_log:613 24674 MainThread [INFO]  All processing finished for executor task 766
2023-06-30 13:30:45.196 worker_log:584 24674 MainThread [INFO]  Received executor task 782
2023-06-30 13:31:50.985 worker_log:602 24674 MainThread [INFO]  Completed executor task 782
2023-06-30 13:31:50.986 worker_log:613 24674 MainThread [INFO]  All processing finished for executor task 782
2023-06-30 13:31:58.829 worker_log:584 24674 MainThread [INFO]  Received executor task 799
2023-06-30 13:32:36.574 worker_log:602 24674 MainThread [INFO]  Completed executor task 799
2023-06-30 13:32:36.575 worker_log:613 24674 MainThread [INFO]  All processing finished for executor task 799
2023-06-30 13:33:05.213 worker_log:584 24674 MainThread [INFO]  Received executor task 806
2023-06-30 13:33:24.504 worker_log:602 24674 MainThread [INFO]  Completed executor task 806
2023-06-30 13:33:24.505 worker_log:613 24674 MainThread [INFO]  All processing finished for executor task 806
2023-06-30 13:34:12.499 worker_log:584 24674 MainThread [INFO]  Received executor task 818
2023-06-30 13:34:44.632 worker_log:602 24674 MainThread [INFO]  Completed executor task 818
2023-06-30 13:34:44.633 worker_log:613 24674 MainThread [INFO]  All processing finished for executor task 818
2023-06-30 13:35:39.209 worker_log:584 24674 MainThread [INFO]  Received executor task 840
2023-06-30 13:36:15.378 worker_log:602 24674 MainThread [INFO]  Completed executor task 840
2023-06-30 13:36:15.379 worker_log:613 24674 MainThread [INFO]  All processing finished for executor task 840
2023-06-30 13:36:59.744 worker_log:584 24674 MainThread [INFO]  Received executor task 854
2023-06-30 13:37:21.607 worker_log:602 24674 MainThread [INFO]  Completed executor task 854
2023-06-30 13:37:21.607 worker_log:613 24674 MainThread [INFO]  All processing finished for executor task 854
2023-06-30 13:38:51.115 worker_log:584 24674 MainThread [INFO]  Received executor task 866
2023-06-30 13:39:42.819 worker_log:602 24674 MainThread [INFO]  Completed executor task 866
2023-06-30 13:39:42.819 worker_log:613 24674 MainThread [INFO]  All processing finished for executor task 866
2023-06-30 13:40:05.360 worker_log:584 24674 MainThread [INFO]  Received executor task 892
2023-06-30 13:40:36.827 worker_log:602 24674 MainThread [INFO]  Completed executor task 892
2023-06-30 13:40:36.828 worker_log:613 24674 MainThread [INFO]  All processing finished for executor task 892
2023-06-30 13:41:15.261 worker_log:584 24674 MainThread [INFO]  Received executor task 903
2023-06-30 13:41:53.733 worker_log:602 24674 MainThread [INFO]  Completed executor task 903
2023-06-30 13:41:53.734 worker_log:613 24674 MainThread [INFO]  All processing finished for executor task 903
2023-06-30 13:42:30.374 worker_log:584 24674 MainThread [INFO]  Received executor task 921
2023-06-30 13:42:56.615 worker_log:602 24674 MainThread [INFO]  Completed executor task 921
2023-06-30 13:42:56.616 worker_log:613 24674 MainThread [INFO]  All processing finished for executor task 921
2023-06-30 13:44:04.669 worker_log:584 24674 MainThread [INFO]  Received executor task 931
2023-06-30 13:45:00.824 worker_log:602 24674 MainThread [INFO]  Completed executor task 931
2023-06-30 13:45:00.824 worker_log:613 24674 MainThread [INFO]  All processing finished for executor task 931
2023-06-30 13:45:28.729 worker_log:584 24674 MainThread [INFO]  Received executor task 956
2023-06-30 13:46:17.239 worker_log:602 24674 MainThread [INFO]  Completed executor task 956
2023-06-30 13:46:17.240 worker_log:613 24674 MainThread [INFO]  All processing finished for executor task 956
2023-06-30 13:47:02.223 worker_log:584 24674 MainThread [INFO]  Received executor task 972
2023-06-30 13:48:11.709 worker_log:602 24674 MainThread [INFO]  Completed executor task 972
2023-06-30 13:48:11.709 worker_log:613 24674 MainThread [INFO]  All processing finished for executor task 972
2023-06-30 13:48:27.140 worker_log:584 24674 MainThread [INFO]  Received executor task 988
2023-06-30 13:49:10.920 worker_log:602 24674 MainThread [INFO]  Completed executor task 988
2023-06-30 13:49:10.921 worker_log:613 24674 MainThread [INFO]  All processing finished for executor task 988
2023-06-30 13:49:55.320 worker_log:584 24674 MainThread [INFO]  Received executor task 1002
2023-06-30 13:50:42.262 worker_log:602 24674 MainThread [INFO]  Completed executor task 1002
2023-06-30 13:50:42.262 worker_log:613 24674 MainThread [INFO]  All processing finished for executor task 1002
2023-06-30 13:51:17.936 worker_log:584 24674 MainThread [INFO]  Received executor task 1016
2023-06-30 13:51:56.425 worker_log:602 24674 MainThread [INFO]  Completed executor task 1016
2023-06-30 13:51:56.426 worker_log:613 24674 MainThread [INFO]  All processing finished for executor task 1016
2023-06-30 13:52:33.349 worker_log:584 24674 MainThread [INFO]  Received executor task 1032
2023-06-30 13:53:27.451 worker_log:602 24674 MainThread [INFO]  Completed executor task 1032
2023-06-30 13:53:27.452 worker_log:613 24674 MainThread [INFO]  All processing finished for executor task 1032
2023-06-30 13:54:04.821 worker_log:584 24674 MainThread [INFO]  Received executor task 1054
2023-06-30 13:54:58.091 worker_log:602 24674 MainThread [INFO]  Completed executor task 1054
2023-06-30 13:54:58.091 worker_log:613 24674 MainThread [INFO]  All processing finished for executor task 1054
2023-06-30 13:55:40.463 worker_log:584 24674 MainThread [INFO]  Received executor task 1068
2023-06-30 13:57:11.485 worker_log:602 24674 MainThread [INFO]  Completed executor task 1068
2023-06-30 13:57:11.485 worker_log:613 24674 MainThread [INFO]  All processing finished for executor task 1068
2023-06-30 13:57:12.628 worker_log:584 24674 MainThread [INFO]  Received executor task 1088
2023-06-30 13:57:48.288 worker_log:602 24674 MainThread [INFO]  Completed executor task 1088
2023-06-30 13:57:48.288 worker_log:613 24674 MainThread [INFO]  All processing finished for executor task 1088
2023-06-30 13:58:54.788 worker_log:584 24674 MainThread [INFO]  Received executor task 1096
2023-06-30 13:59:53.388 worker_log:602 24674 MainThread [INFO]  Completed executor task 1096
2023-06-30 13:59:53.389 worker_log:613 24674 MainThread [INFO]  All processing finished for executor task 1096
2023-06-30 14:00:04.305 worker_log:584 24674 MainThread [INFO]  Received executor task 1117
2023-06-30 14:00:22.823 worker_log:602 24674 MainThread [INFO]  Completed executor task 1117
2023-06-30 14:00:22.824 worker_log:613 24674 MainThread [INFO]  All processing finished for executor task 1117
2023-06-30 14:01:34.984 worker_log:584 24674 MainThread [INFO]  Received executor task 1122
2023-06-30 14:01:59.208 worker_log:602 24674 MainThread [INFO]  Completed executor task 1122
2023-06-30 14:01:59.209 worker_log:613 24674 MainThread [INFO]  All processing finished for executor task 1122
2023-06-30 14:02:51.360 worker_log:584 24674 MainThread [INFO]  Received executor task 1139
2023-06-30 14:03:16.921 worker_log:602 24674 MainThread [INFO]  Completed executor task 1139
2023-06-30 14:03:16.921 worker_log:613 24674 MainThread [INFO]  All processing finished for executor task 1139
2023-06-30 14:03:58.967 worker_log:584 24674 MainThread [INFO]  Received executor task 1155
2023-06-30 14:04:25.886 worker_log:602 24674 MainThread [INFO]  Completed executor task 1155
2023-06-30 14:04:25.886 worker_log:613 24674 MainThread [INFO]  All processing finished for executor task 1155
2023-06-30 14:05:00.866 worker_log:584 24674 MainThread [INFO]  Received executor task 1173
2023-06-30 14:05:28.210 worker_log:602 24674 MainThread [INFO]  Completed executor task 1173
2023-06-30 14:05:28.210 worker_log:613 24674 MainThread [INFO]  All processing finished for executor task 1173
2023-06-30 14:06:36.646 worker_log:584 24674 MainThread [INFO]  Received executor task 1185
2023-06-30 14:07:10.875 worker_log:602 24674 MainThread [INFO]  Completed executor task 1185
2023-06-30 14:07:10.875 worker_log:613 24674 MainThread [INFO]  All processing finished for executor task 1185
2023-06-30 14:08:03.916 worker_log:584 24674 MainThread [INFO]  Received executor task 1206
2023-06-30 14:08:46.989 worker_log:602 24674 MainThread [INFO]  Completed executor task 1206
2023-06-30 14:08:46.989 worker_log:613 24674 MainThread [INFO]  All processing finished for executor task 1206
2023-06-30 14:09:15.425 worker_log:584 24674 MainThread [INFO]  Received executor task 1226
2023-06-30 14:09:43.051 worker_log:602 24674 MainThread [INFO]  Completed executor task 1226
2023-06-30 14:09:43.052 worker_log:613 24674 MainThread [INFO]  All processing finished for executor task 1226
2023-06-30 14:10:38.571 worker_log:584 24674 MainThread [INFO]  Received executor task 1236
2023-06-30 14:11:07.827 worker_log:602 24674 MainThread [INFO]  Completed executor task 1236
2023-06-30 14:11:07.827 worker_log:613 24674 MainThread [INFO]  All processing finished for executor task 1236
2023-06-30 14:12:32.199 worker_log:584 24674 MainThread [INFO]  Received executor task 1251
2023-06-30 14:12:59.154 worker_log:602 24674 MainThread [INFO]  Completed executor task 1251
2023-06-30 14:12:59.154 worker_log:613 24674 MainThread [INFO]  All processing finished for executor task 1251
2023-06-30 14:14:10.245 worker_log:584 24674 MainThread [INFO]  Received executor task 1268
2023-06-30 14:14:36.913 worker_log:602 24674 MainThread [INFO]  Completed executor task 1268
2023-06-30 14:14:36.913 worker_log:613 24674 MainThread [INFO]  All processing finished for executor task 1268
2023-06-30 14:15:26.209 worker_log:584 24674 MainThread [INFO]  Received executor task 1283
2023-06-30 14:16:00.941 worker_log:602 24674 MainThread [INFO]  Completed executor task 1283
2023-06-30 14:16:00.941 worker_log:613 24674 MainThread [INFO]  All processing finished for executor task 1283
2023-06-30 14:16:23.906 worker_log:584 24674 MainThread [INFO]  Received executor task 1307
2023-06-30 14:17:13.891 worker_log:602 24674 MainThread [INFO]  Completed executor task 1307
2023-06-30 14:17:13.892 worker_log:613 24674 MainThread [INFO]  All processing finished for executor task 1307
2023-06-30 14:17:43.373 worker_log:584 24674 MainThread [INFO]  Received executor task 1327
2023-06-30 14:18:08.310 worker_log:602 24674 MainThread [INFO]  Completed executor task 1327
2023-06-30 14:18:08.310 worker_log:613 24674 MainThread [INFO]  All processing finished for executor task 1327
2023-06-30 14:19:22.042 worker_log:584 24674 MainThread [INFO]  Received executor task 1332
2023-06-30 14:20:32.487 worker_log:602 24674 MainThread [INFO]  Completed executor task 1332
2023-06-30 14:20:32.487 worker_log:613 24674 MainThread [INFO]  All processing finished for executor task 1332
2023-06-30 14:20:33.827 worker_log:584 24674 MainThread [INFO]  Received executor task 1360
2023-06-30 14:20:44.262 worker_log:602 24674 MainThread [INFO]  Completed executor task 1360
2023-06-30 14:20:44.263 worker_log:613 24674 MainThread [INFO]  All processing finished for executor task 1360
2023-06-30 14:21:57.865 worker_log:584 24674 MainThread [INFO]  Received executor task 1361
2023-06-30 14:22:14.344 worker_log:602 24674 MainThread [INFO]  Completed executor task 1361
2023-06-30 14:22:14.345 worker_log:613 24674 MainThread [INFO]  All processing finished for executor task 1361
2023-06-30 14:23:07.655 worker_log:584 24674 MainThread [INFO]  Received executor task 1377
2023-06-30 14:24:09.476 worker_log:602 24674 MainThread [INFO]  Completed executor task 1377
2023-06-30 14:24:09.477 worker_log:613 24674 MainThread [INFO]  All processing finished for executor task 1377
2023-06-30 14:24:27.623 worker_log:584 24674 MainThread [INFO]  Received executor task 1405
2023-06-30 14:24:45.153 worker_log:602 24674 MainThread [INFO]  Completed executor task 1405
2023-06-30 14:24:45.154 worker_log:613 24674 MainThread [INFO]  All processing finished for executor task 1405
2023-06-30 14:25:35.789 worker_log:584 24674 MainThread [INFO]  Received executor task 1409
2023-06-30 14:26:01.961 worker_log:602 24674 MainThread [INFO]  Completed executor task 1409
2023-06-30 14:26:01.962 worker_log:613 24674 MainThread [INFO]  All processing finished for executor task 1409
2023-06-30 14:26:45.364 worker_log:584 24674 MainThread [INFO]  Received executor task 1427
2023-06-30 14:27:32.090 worker_log:602 24674 MainThread [INFO]  Completed executor task 1427
2023-06-30 14:27:32.090 worker_log:613 24674 MainThread [INFO]  All processing finished for executor task 1427
2023-06-30 14:27:53.456 worker_log:584 24674 MainThread [INFO]  Received executor task 1453
2023-06-30 14:28:17.981 worker_log:602 24674 MainThread [INFO]  Completed executor task 1453
2023-06-30 14:28:17.982 worker_log:613 24674 MainThread [INFO]  All processing finished for executor task 1453
2023-06-30 14:29:16.815 worker_log:584 24674 MainThread [INFO]  Received executor task 1458
2023-06-30 14:30:12.133 worker_log:602 24674 MainThread [INFO]  Completed executor task 1458
2023-06-30 14:30:12.133 worker_log:613 24674 MainThread [INFO]  All processing finished for executor task 1458
2023-06-30 14:30:24.565 worker_log:584 24674 MainThread [INFO]  Received executor task 1483
2023-06-30 14:30:56.037 worker_log:602 24674 MainThread [INFO]  Completed executor task 1483
2023-06-30 14:30:56.038 worker_log:613 24674 MainThread [INFO]  All processing finished for executor task 1483
2023-06-30 14:32:01.852 worker_log:584 24674 MainThread [INFO]  Received executor task 1495
2023-06-30 14:32:31.959 worker_log:602 24674 MainThread [INFO]  Completed executor task 1495
2023-06-30 14:32:31.960 worker_log:613 24674 MainThread [INFO]  All processing finished for executor task 1495
2023-06-30 14:33:26.031 worker_log:584 24674 MainThread [INFO]  Received executor task 1507
2023-06-30 14:34:30.310 worker_log:602 24674 MainThread [INFO]  Completed executor task 1507
2023-06-30 14:34:30.311 worker_log:613 24674 MainThread [INFO]  All processing finished for executor task 1507
2023-06-30 14:34:43.279 worker_log:584 24674 MainThread [INFO]  Received executor task 1535
2023-06-30 14:35:19.126 worker_log:602 24674 MainThread [INFO]  Completed executor task 1535
2023-06-30 14:35:19.126 worker_log:613 24674 MainThread [INFO]  All processing finished for executor task 1535
2023-06-30 14:35:37.438 worker_log:584 24674 MainThread [INFO]  Received executor task 1548
2023-06-30 14:36:04.297 worker_log:602 24674 MainThread [INFO]  Completed executor task 1548
2023-06-30 14:36:04.298 worker_log:613 24674 MainThread [INFO]  All processing finished for executor task 1548
2023-06-30 14:37:00.019 worker_log:584 24674 MainThread [INFO]  Received executor task 1553
2023-06-30 14:37:39.245 worker_log:602 24674 MainThread [INFO]  Completed executor task 1553
2023-06-30 14:37:39.246 worker_log:613 24674 MainThread [INFO]  All processing finished for executor task 1553
2023-06-30 14:38:08.456 worker_log:584 24674 MainThread [INFO]  Received executor task 1574
2023-06-30 14:38:24.228 worker_log:602 24674 MainThread [INFO]  Completed executor task 1574
2023-06-30 14:38:24.228 worker_log:613 24674 MainThread [INFO]  All processing finished for executor task 1574
2023-06-30 14:39:04.522 worker_log:584 24674 MainThread [INFO]  Received executor task 1586
2023-06-30 14:39:48.412 worker_log:602 24674 MainThread [INFO]  Completed executor task 1586
2023-06-30 14:39:48.412 worker_log:613 24674 MainThread [INFO]  All processing finished for executor task 1586
2023-06-30 14:39:49.511 worker_log:584 24674 MainThread [INFO]  Received executor task 1616
2023-06-30 14:40:13.060 worker_log:602 24674 MainThread [INFO]  Completed executor task 1616
2023-06-30 14:40:13.061 worker_log:613 24674 MainThread [INFO]  All processing finished for executor task 1616
2023-06-30 14:41:30.735 worker_log:584 24674 MainThread [INFO]  Received executor task 1617
2023-06-30 14:42:59.943 worker_log:602 24674 MainThread [INFO]  Completed executor task 1617
2023-06-30 14:42:59.943 worker_log:613 24674 MainThread [INFO]  All processing finished for executor task 1617
2023-06-30 14:43:01.205 worker_log:584 24674 MainThread [INFO]  Received executor task 1648
2023-06-30 14:43:32.129 worker_log:602 24674 MainThread [INFO]  Completed executor task 1648
2023-06-30 14:43:32.129 worker_log:613 24674 MainThread [INFO]  All processing finished for executor task 1648
2023-06-30 14:44:05.259 worker_log:584 24674 MainThread [INFO]  Received executor task 1655
2023-06-30 14:44:25.802 worker_log:602 24674 MainThread [INFO]  Completed executor task 1655
2023-06-30 14:44:25.802 worker_log:613 24674 MainThread [INFO]  All processing finished for executor task 1655
2023-06-30 14:45:16.071 worker_log:584 24674 MainThread [INFO]  Received executor task 1668
2023-06-30 14:45:58.372 worker_log:602 24674 MainThread [INFO]  Completed executor task 1668
2023-06-30 14:45:58.373 worker_log:613 24674 MainThread [INFO]  All processing finished for executor task 1668
2023-06-30 14:46:33.327 worker_log:584 24674 MainThread [INFO]  Received executor task 1686
2023-06-30 14:47:49.688 worker_log:602 24674 MainThread [INFO]  Completed executor task 1686
2023-06-30 14:47:49.689 worker_log:613 24674 MainThread [INFO]  All processing finished for executor task 1686
2023-06-30 14:48:19.128 worker_log:584 24674 MainThread [INFO]  Received executor task 1711
2023-06-30 14:49:03.382 worker_log:602 24674 MainThread [INFO]  Completed executor task 1711
2023-06-30 14:49:03.383 worker_log:613 24674 MainThread [INFO]  All processing finished for executor task 1711
2023-06-30 14:49:21.732 worker_log:584 24674 MainThread [INFO]  Received executor task 1720
2023-06-30 14:50:26.237 worker_log:602 24674 MainThread [INFO]  Completed executor task 1720
2023-06-30 14:50:26.238 worker_log:613 24674 MainThread [INFO]  All processing finished for executor task 1720
2023-06-30 14:50:27.181 worker_log:584 24674 MainThread [INFO]  Received executor task 1744
2023-06-30 14:51:13.292 worker_log:602 24674 MainThread [INFO]  Completed executor task 1744
2023-06-30 14:51:13.293 worker_log:613 24674 MainThread [INFO]  All processing finished for executor task 1744
2023-06-30 14:51:57.738 worker_log:584 24674 MainThread [INFO]  Received executor task 1752
2023-06-30 14:52:27.829 worker_log:602 24674 MainThread [INFO]  Completed executor task 1752
2023-06-30 14:52:27.830 worker_log:613 24674 MainThread [INFO]  All processing finished for executor task 1752
2023-06-30 14:53:04.503 worker_log:584 24674 MainThread [INFO]  Received executor task 1767
2023-06-30 14:53:45.781 worker_log:602 24674 MainThread [INFO]  Completed executor task 1767
2023-06-30 14:53:45.782 worker_log:613 24674 MainThread [INFO]  All processing finished for executor task 1767
2023-06-30 14:54:21.004 worker_log:584 24674 MainThread [INFO]  Received executor task 1786
2023-06-30 14:54:45.019 worker_log:602 24674 MainThread [INFO]  Completed executor task 1786
2023-06-30 14:54:45.019 worker_log:613 24674 MainThread [INFO]  All processing finished for executor task 1786
2023-06-30 14:55:35.193 worker_log:584 24674 MainThread [INFO]  Received executor task 1794
2023-06-30 14:56:04.142 worker_log:602 24674 MainThread [INFO]  Completed executor task 1794
2023-06-30 14:56:04.143 worker_log:613 24674 MainThread [INFO]  All processing finished for executor task 1794
2023-06-30 14:56:50.106 worker_log:584 24674 MainThread [INFO]  Received executor task 1812
2023-06-30 14:57:52.570 worker_log:602 24674 MainThread [INFO]  Completed executor task 1812
2023-06-30 14:57:52.571 worker_log:613 24674 MainThread [INFO]  All processing finished for executor task 1812
2023-06-30 14:58:17.475 worker_log:584 24674 MainThread [INFO]  Received executor task 1839
2023-06-30 14:58:50.463 worker_log:602 24674 MainThread [INFO]  Completed executor task 1839
2023-06-30 14:58:50.463 worker_log:613 24674 MainThread [INFO]  All processing finished for executor task 1839
2023-06-30 14:59:25.799 worker_log:584 24674 MainThread [INFO]  Received executor task 1845
2023-06-30 14:59:58.586 worker_log:602 24674 MainThread [INFO]  Completed executor task 1845
2023-06-30 14:59:58.587 worker_log:613 24674 MainThread [INFO]  All processing finished for executor task 1845
2023-06-30 15:00:38.636 worker_log:584 24674 MainThread [INFO]  Received executor task 1862
2023-06-30 15:01:46.035 worker_log:602 24674 MainThread [INFO]  Completed executor task 1862
2023-06-30 15:01:46.036 worker_log:613 24674 MainThread [INFO]  All processing finished for executor task 1862
2023-06-30 15:01:54.027 worker_log:584 24674 MainThread [INFO]  Received executor task 1886
2023-06-30 15:02:09.093 worker_log:602 24674 MainThread [INFO]  Completed executor task 1886
2023-06-30 15:02:09.093 worker_log:613 24674 MainThread [INFO]  All processing finished for executor task 1886
2023-06-30 15:03:37.117 worker_log:584 24674 MainThread [INFO]  Received executor task 1890
2023-06-30 15:03:55.854 worker_log:602 24674 MainThread [INFO]  Completed executor task 1890
2023-06-30 15:03:55.854 worker_log:613 24674 MainThread [INFO]  All processing finished for executor task 1890
2023-06-30 15:05:13.552 worker_log:584 24674 MainThread [INFO]  Received executor task 1907
2023-06-30 15:05:44.646 worker_log:602 24674 MainThread [INFO]  Completed executor task 1907
2023-06-30 15:05:44.647 worker_log:613 24674 MainThread [INFO]  All processing finished for executor task 1907
2023-06-30 15:06:29.562 worker_log:584 24674 MainThread [INFO]  Received executor task 1928
2023-06-30 15:07:14.270 worker_log:602 24674 MainThread [INFO]  Completed executor task 1928
2023-06-30 15:07:14.271 worker_log:613 24674 MainThread [INFO]  All processing finished for executor task 1928
2023-06-30 15:07:50.952 worker_log:584 24674 MainThread [INFO]  Received executor task 1944
2023-06-30 15:08:44.010 worker_log:602 24674 MainThread [INFO]  Completed executor task 1944
2023-06-30 15:08:44.010 worker_log:613 24674 MainThread [INFO]  All processing finished for executor task 1944
2023-06-30 15:08:54.102 worker_log:584 24674 MainThread [INFO]  Received executor task 1967
2023-06-30 15:09:28.173 worker_log:602 24674 MainThread [INFO]  Completed executor task 1967
2023-06-30 15:09:28.173 worker_log:613 24674 MainThread [INFO]  All processing finished for executor task 1967
2023-06-30 15:10:23.821 worker_log:584 24674 MainThread [INFO]  Received executor task 1975
2023-06-30 15:10:59.383 worker_log:602 24674 MainThread [INFO]  Completed executor task 1975
2023-06-30 15:10:59.383 worker_log:613 24674 MainThread [INFO]  All processing finished for executor task 1975
2023-06-30 15:11:27.346 worker_log:584 24674 MainThread [INFO]  Received executor task 1992
2023-06-30 15:12:01.641 worker_log:602 24674 MainThread [INFO]  Completed executor task 1992
2023-06-30 15:12:01.642 worker_log:613 24674 MainThread [INFO]  All processing finished for executor task 1992
2023-06-30 15:12:44.584 worker_log:584 24674 MainThread [INFO]  Received executor task 2007
2023-06-30 15:13:36.358 worker_log:602 24674 MainThread [INFO]  Completed executor task 2007
2023-06-30 15:13:36.358 worker_log:613 24674 MainThread [INFO]  All processing finished for executor task 2007
2023-06-30 15:14:03.839 worker_log:584 24674 MainThread [INFO]  Received executor task 2027
2023-06-30 15:14:31.148 worker_log:602 24674 MainThread [INFO]  Completed executor task 2027
2023-06-30 15:14:31.149 worker_log:613 24674 MainThread [INFO]  All processing finished for executor task 2027
2023-06-30 15:15:21.965 worker_log:584 24674 MainThread [INFO]  Received executor task 2035
2023-06-30 15:15:38.157 worker_log:602 24674 MainThread [INFO]  Completed executor task 2035
2023-06-30 15:15:38.157 worker_log:613 24674 MainThread [INFO]  All processing finished for executor task 2035
2023-06-30 15:16:20.348 worker_log:584 24674 MainThread [INFO]  Received executor task 2050
2023-06-30 15:17:05.115 worker_log:602 24674 MainThread [INFO]  Completed executor task 2050
2023-06-30 15:17:05.116 worker_log:613 24674 MainThread [INFO]  All processing finished for executor task 2050
2023-06-30 15:17:34.766 worker_log:584 24674 MainThread [INFO]  Received executor task 2074
2023-06-30 15:17:59.664 worker_log:602 24674 MainThread [INFO]  Completed executor task 2074
2023-06-30 15:17:59.664 worker_log:613 24674 MainThread [INFO]  All processing finished for executor task 2074
2023-06-30 15:18:51.114 worker_log:584 24674 MainThread [INFO]  Received executor task 2085
2023-06-30 15:19:13.172 worker_log:602 24674 MainThread [INFO]  Completed executor task 2085
2023-06-30 15:19:13.173 worker_log:613 24674 MainThread [INFO]  All processing finished for executor task 2085
2023-06-30 15:20:06.962 worker_log:584 24674 MainThread [INFO]  Received executor task 2097
2023-06-30 15:20:33.232 worker_log:602 24674 MainThread [INFO]  Completed executor task 2097
2023-06-30 15:20:33.232 worker_log:613 24674 MainThread [INFO]  All processing finished for executor task 2097
2023-06-30 15:21:34.061 worker_log:584 24674 MainThread [INFO]  Received executor task 2115
2023-06-30 15:22:11.661 worker_log:602 24674 MainThread [INFO]  Completed executor task 2115
2023-06-30 15:22:11.662 worker_log:613 24674 MainThread [INFO]  All processing finished for executor task 2115
2023-06-30 15:22:37.698 worker_log:584 24674 MainThread [INFO]  Received executor task 2139
2023-06-30 15:23:36.544 worker_log:602 24674 MainThread [INFO]  Completed executor task 2139
2023-06-30 15:23:36.545 worker_log:613 24674 MainThread [INFO]  All processing finished for executor task 2139
2023-06-30 15:23:46.535 worker_log:584 24674 MainThread [INFO]  Received executor task 2159
2023-06-30 15:24:38.074 worker_log:602 24674 MainThread [INFO]  Completed executor task 2159
2023-06-30 15:24:38.074 worker_log:613 24674 MainThread [INFO]  All processing finished for executor task 2159
2023-06-30 15:25:13.594 worker_log:584 24674 MainThread [INFO]  Received executor task 2174
2023-06-30 15:25:33.197 worker_log:602 24674 MainThread [INFO]  Completed executor task 2174
2023-06-30 15:25:33.197 worker_log:613 24674 MainThread [INFO]  All processing finished for executor task 2174
2023-06-30 15:26:55.935 worker_log:584 24674 MainThread [INFO]  Received executor task 2179
2023-06-30 15:27:38.666 worker_log:602 24674 MainThread [INFO]  Completed executor task 2179
2023-06-30 15:27:38.667 worker_log:613 24674 MainThread [INFO]  All processing finished for executor task 2179
2023-06-30 15:28:33.166 worker_log:584 24674 MainThread [INFO]  Received executor task 2202
2023-06-30 15:30:00.324 worker_log:602 24674 MainThread [INFO]  Completed executor task 2202
2023-06-30 15:30:00.325 worker_log:613 24674 MainThread [INFO]  All processing finished for executor task 2202
2023-06-30 15:30:01.936 worker_log:584 24674 MainThread [INFO]  Received executor task 2224
2023-06-30 15:30:45.409 worker_log:602 24674 MainThread [INFO]  Completed executor task 2224
2023-06-30 15:30:45.410 worker_log:613 24674 MainThread [INFO]  All processing finished for executor task 2224
2023-06-30 15:31:31.036 worker_log:584 24674 MainThread [INFO]  Received executor task 2231
2023-06-30 15:32:30.870 worker_log:602 24674 MainThread [INFO]  Completed executor task 2231
2023-06-30 15:32:30.871 worker_log:613 24674 MainThread [INFO]  All processing finished for executor task 2231
2023-06-30 15:32:36.814 worker_log:584 24674 MainThread [INFO]  Received executor task 2254
2023-06-30 15:33:08.682 worker_log:602 24674 MainThread [INFO]  Completed executor task 2254
2023-06-30 15:33:08.683 worker_log:613 24674 MainThread [INFO]  All processing finished for executor task 2254
2023-06-30 15:33:33.337 worker_log:584 24674 MainThread [INFO]  Received executor task 2264
2023-06-30 15:34:14.227 worker_log:602 24674 MainThread [INFO]  Completed executor task 2264
2023-06-30 15:34:14.227 worker_log:613 24674 MainThread [INFO]  All processing finished for executor task 2264
2023-06-30 15:34:59.077 worker_log:584 24674 MainThread [INFO]  Received executor task 2279
2023-06-30 15:35:25.540 worker_log:602 24674 MainThread [INFO]  Completed executor task 2279
2023-06-30 15:35:25.540 worker_log:613 24674 MainThread [INFO]  All processing finished for executor task 2279
2023-06-30 15:37:25.594 worker_log:584 24674 MainThread [INFO]  Received executor task 2291
2023-06-30 15:37:53.860 worker_log:602 24674 MainThread [INFO]  Completed executor task 2291
2023-06-30 15:37:53.860 worker_log:613 24674 MainThread [INFO]  All processing finished for executor task 2291
2023-06-30 15:38:45.286 worker_log:584 24674 MainThread [INFO]  Received executor task 2308
2023-06-30 15:39:16.497 worker_log:602 24674 MainThread [INFO]  Completed executor task 2308
2023-06-30 15:39:16.498 worker_log:613 24674 MainThread [INFO]  All processing finished for executor task 2308
2023-06-30 15:39:57.371 worker_log:584 24674 MainThread [INFO]  Received executor task 2327
2023-06-30 15:40:25.389 worker_log:602 24674 MainThread [INFO]  Completed executor task 2327
2023-06-30 15:40:25.389 worker_log:613 24674 MainThread [INFO]  All processing finished for executor task 2327
2023-06-30 15:41:19.192 worker_log:584 24674 MainThread [INFO]  Received executor task 2340
2023-06-30 15:42:10.613 worker_log:602 24674 MainThread [INFO]  Completed executor task 2340
2023-06-30 15:42:10.614 worker_log:613 24674 MainThread [INFO]  All processing finished for executor task 2340
2023-06-30 15:42:29.978 worker_log:584 24674 MainThread [INFO]  Received executor task 2364
2023-06-30 15:43:06.654 worker_log:602 24674 MainThread [INFO]  Completed executor task 2364
2023-06-30 15:43:06.654 worker_log:613 24674 MainThread [INFO]  All processing finished for executor task 2364
2023-06-30 15:43:34.141 worker_log:584 24674 MainThread [INFO]  Received executor task 2375
2023-06-30 15:44:30.615 worker_log:602 24674 MainThread [INFO]  Completed executor task 2375
2023-06-30 15:44:30.615 worker_log:613 24674 MainThread [INFO]  All processing finished for executor task 2375
2023-06-30 15:45:09.300 worker_log:584 24674 MainThread [INFO]  Received executor task 2398
2023-06-30 15:45:36.358 worker_log:602 24674 MainThread [INFO]  Completed executor task 2398
2023-06-30 15:45:36.359 worker_log:613 24674 MainThread [INFO]  All processing finished for executor task 2398
2023-06-30 15:46:22.458 worker_log:584 24674 MainThread [INFO]  Received executor task 2405
2023-06-30 15:47:08.380 worker_log:602 24674 MainThread [INFO]  Completed executor task 2405
2023-06-30 15:47:08.381 worker_log:613 24674 MainThread [INFO]  All processing finished for executor task 2405
2023-06-30 15:47:36.557 worker_log:584 24674 MainThread [INFO]  Received executor task 2428
2023-06-30 15:48:04.359 worker_log:602 24674 MainThread [INFO]  Completed executor task 2428
2023-06-30 15:48:04.360 worker_log:613 24674 MainThread [INFO]  All processing finished for executor task 2428
2023-06-30 15:48:37.326 worker_log:584 24674 MainThread [INFO]  Received executor task 2436
2023-06-30 15:49:22.870 worker_log:602 24674 MainThread [INFO]  Completed executor task 2436
2023-06-30 15:49:22.871 worker_log:613 24674 MainThread [INFO]  All processing finished for executor task 2436
2023-06-30 15:50:02.353 worker_log:584 24674 MainThread [INFO]  Received executor task 2456
2023-06-30 15:51:10.911 worker_log:602 24674 MainThread [INFO]  Completed executor task 2456
2023-06-30 15:51:10.912 worker_log:613 24674 MainThread [INFO]  All processing finished for executor task 2456
2023-06-30 15:51:11.953 worker_log:584 24674 MainThread [INFO]  Received executor task 2480
2023-06-30 15:52:26.412 worker_log:602 24674 MainThread [INFO]  Completed executor task 2480
2023-06-30 15:52:26.412 worker_log:613 24674 MainThread [INFO]  All processing finished for executor task 2480
2023-06-30 15:52:27.596 worker_log:584 24674 MainThread [INFO]  Received executor task 2496
2023-06-30 15:53:14.091 worker_log:602 24674 MainThread [INFO]  Completed executor task 2496
2023-06-30 15:53:14.091 worker_log:613 24674 MainThread [INFO]  All processing finished for executor task 2496
2023-06-30 15:53:57.331 worker_log:584 24674 MainThread [INFO]  Received executor task 2508
2023-06-30 15:54:44.814 worker_log:602 24674 MainThread [INFO]  Completed executor task 2508
2023-06-30 15:54:44.814 worker_log:613 24674 MainThread [INFO]  All processing finished for executor task 2508
2023-06-30 15:55:46.251 worker_log:584 24674 MainThread [INFO]  Received executor task 2524
2023-06-30 15:56:13.138 worker_log:602 24674 MainThread [INFO]  Completed executor task 2524
2023-06-30 15:56:13.138 worker_log:613 24674 MainThread [INFO]  All processing finished for executor task 2524
2023-06-30 15:56:39.736 worker_log:584 24674 MainThread [INFO]  Received executor task 2532
2023-06-30 15:57:09.028 worker_log:602 24674 MainThread [INFO]  Completed executor task 2532
2023-06-30 15:57:09.029 worker_log:613 24674 MainThread [INFO]  All processing finished for executor task 2532
2023-06-30 15:58:07.889 worker_log:584 24674 MainThread [INFO]  Received executor task 2549
2023-06-30 15:58:35.088 worker_log:602 24674 MainThread [INFO]  Completed executor task 2549
2023-06-30 15:58:35.088 worker_log:613 24674 MainThread [INFO]  All processing finished for executor task 2549
2023-06-30 15:59:10.435 worker_log:584 24674 MainThread [INFO]  Received executor task 2563
2023-06-30 15:59:22.615 worker_log:602 24674 MainThread [INFO]  Completed executor task 2563
2023-06-30 15:59:22.616 worker_log:613 24674 MainThread [INFO]  All processing finished for executor task 2563
2023-06-30 15:59:59.742 worker_log:584 24674 MainThread [INFO]  Received executor task 2578
2023-06-30 16:00:13.944 worker_log:602 24674 MainThread [INFO]  Completed executor task 2578
2023-06-30 16:00:13.945 worker_log:613 24674 MainThread [INFO]  All processing finished for executor task 2578
2023-06-30 16:01:29.252 worker_log:584 24674 MainThread [INFO]  Received executor task 2593
2023-06-30 16:02:17.067 worker_log:602 24674 MainThread [INFO]  Completed executor task 2593
2023-06-30 16:02:17.068 worker_log:613 24674 MainThread [INFO]  All processing finished for executor task 2593
2023-06-30 16:02:26.849 worker_log:584 24674 MainThread [INFO]  Received executor task 2621
2023-06-30 16:02:44.252 worker_log:602 24674 MainThread [INFO]  Completed executor task 2621
2023-06-30 16:02:44.252 worker_log:613 24674 MainThread [INFO]  All processing finished for executor task 2621
2023-06-30 16:03:48.504 worker_log:584 24674 MainThread [INFO]  Received executor task 2625
2023-06-30 16:04:15.118 worker_log:602 24674 MainThread [INFO]  Completed executor task 2625
2023-06-30 16:04:15.118 worker_log:613 24674 MainThread [INFO]  All processing finished for executor task 2625
2023-06-30 16:05:37.184 worker_log:584 24674 MainThread [INFO]  Received executor task 2643
2023-06-30 16:06:08.056 worker_log:602 24674 MainThread [INFO]  Completed executor task 2643
2023-06-30 16:06:08.057 worker_log:613 24674 MainThread [INFO]  All processing finished for executor task 2643
2023-06-30 16:07:01.103 worker_log:584 24674 MainThread [INFO]  Received executor task 2663
2023-06-30 16:07:46.951 worker_log:602 24674 MainThread [INFO]  Completed executor task 2663
2023-06-30 16:07:46.952 worker_log:613 24674 MainThread [INFO]  All processing finished for executor task 2663
2023-06-30 16:08:05.138 worker_log:584 24674 MainThread [INFO]  Received executor task 2680
2023-06-30 16:08:19.912 worker_log:602 24674 MainThread [INFO]  Completed executor task 2680
2023-06-30 16:08:19.912 worker_log:613 24674 MainThread [INFO]  All processing finished for executor task 2680
2023-06-30 16:09:19.456 worker_log:584 24674 MainThread [INFO]  Received executor task 2692
2023-06-30 16:09:55.840 worker_log:602 24674 MainThread [INFO]  Completed executor task 2692
2023-06-30 16:09:55.840 worker_log:613 24674 MainThread [INFO]  All processing finished for executor task 2692
2023-06-30 16:10:35.103 worker_log:584 24674 MainThread [INFO]  Received executor task 2710
2023-06-30 16:11:07.088 worker_log:602 24674 MainThread [INFO]  Completed executor task 2710
2023-06-30 16:11:07.089 worker_log:613 24674 MainThread [INFO]  All processing finished for executor task 2710
2023-06-30 16:11:50.800 worker_log:584 24674 MainThread [INFO]  Received executor task 2723
2023-06-30 16:12:23.664 worker_log:602 24674 MainThread [INFO]  Completed executor task 2723
2023-06-30 16:12:23.664 worker_log:613 24674 MainThread [INFO]  All processing finished for executor task 2723
2023-06-30 16:13:25.032 worker_log:584 24674 MainThread [INFO]  Received executor task 2742
2023-06-30 16:13:48.185 worker_log:602 24674 MainThread [INFO]  Completed executor task 2742
2023-06-30 16:13:48.186 worker_log:613 24674 MainThread [INFO]  All processing finished for executor task 2742
2023-06-30 16:14:25.824 worker_log:584 24674 MainThread [INFO]  Received executor task 2757
2023-06-30 16:15:10.804 worker_log:602 24674 MainThread [INFO]  Completed executor task 2757
2023-06-30 16:15:10.805 worker_log:613 24674 MainThread [INFO]  All processing finished for executor task 2757
2023-06-30 16:15:49.064 worker_log:584 24674 MainThread [INFO]  Received executor task 2777
2023-06-30 16:16:23.555 worker_log:602 24674 MainThread [INFO]  Completed executor task 2777
2023-06-30 16:16:23.555 worker_log:613 24674 MainThread [INFO]  All processing finished for executor task 2777
2023-06-30 16:17:16.956 worker_log:584 24674 MainThread [INFO]  Received executor task 2789
2023-06-30 16:18:05.086 worker_log:602 24674 MainThread [INFO]  Completed executor task 2789
2023-06-30 16:18:05.087 worker_log:613 24674 MainThread [INFO]  All processing finished for executor task 2789
2023-06-30 16:18:16.056 worker_log:584 24674 MainThread [INFO]  Received executor task 2814
2023-06-30 16:18:59.920 worker_log:602 24674 MainThread [INFO]  Completed executor task 2814
2023-06-30 16:18:59.920 worker_log:613 24674 MainThread [INFO]  All processing finished for executor task 2814
2023-06-30 16:19:42.827 worker_log:584 24674 MainThread [INFO]  Received executor task 2829
2023-06-30 16:20:04.036 worker_log:602 24674 MainThread [INFO]  Completed executor task 2829
2023-06-30 16:20:04.036 worker_log:613 24674 MainThread [INFO]  All processing finished for executor task 2829
2023-06-30 16:20:49.429 worker_log:584 24674 MainThread [INFO]  Received executor task 2835
2023-06-30 16:21:04.404 worker_log:602 24674 MainThread [INFO]  Completed executor task 2835
2023-06-30 16:21:04.404 worker_log:613 24674 MainThread [INFO]  All processing finished for executor task 2835
2023-06-30 16:21:59.516 worker_log:584 24674 MainThread [INFO]  Received executor task 2849
2023-06-30 16:22:27.085 worker_log:602 24674 MainThread [INFO]  Completed executor task 2849
2023-06-30 16:22:27.086 worker_log:613 24674 MainThread [INFO]  All processing finished for executor task 2849
2023-06-30 16:23:16.219 worker_log:584 24674 MainThread [INFO]  Received executor task 2869
2023-06-30 16:23:25.732 worker_log:602 24674 MainThread [INFO]  Completed executor task 2869
2023-06-30 16:23:25.733 worker_log:613 24674 MainThread [INFO]  All processing finished for executor task 2869
2023-06-30 16:24:27.966 worker_log:584 24674 MainThread [INFO]  Received executor task 2881
2023-06-30 16:25:02.183 worker_log:602 24674 MainThread [INFO]  Completed executor task 2881
2023-06-30 16:25:02.184 worker_log:613 24674 MainThread [INFO]  All processing finished for executor task 2881
2023-06-30 16:25:58.462 worker_log:584 24674 MainThread [INFO]  Received executor task 2904
2023-06-30 16:26:50.190 worker_log:602 24674 MainThread [INFO]  Completed executor task 2904
2023-06-30 16:26:50.191 worker_log:613 24674 MainThread [INFO]  All processing finished for executor task 2904
2023-06-30 16:27:13.479 worker_log:584 24674 MainThread [INFO]  Received executor task 2925
2023-06-30 16:28:10.788 worker_log:602 24674 MainThread [INFO]  Completed executor task 2925
2023-06-30 16:28:10.788 worker_log:613 24674 MainThread [INFO]  All processing finished for executor task 2925
2023-06-30 16:28:24.671 worker_log:584 24674 MainThread [INFO]  Received executor task 2942
2023-06-30 16:28:53.312 worker_log:602 24674 MainThread [INFO]  Completed executor task 2942
2023-06-30 16:28:53.313 worker_log:613 24674 MainThread [INFO]  All processing finished for executor task 2942
2023-06-30 16:30:13.430 worker_log:584 24674 MainThread [INFO]  Received executor task 2951
2023-06-30 16:30:50.472 worker_log:602 24674 MainThread [INFO]  Completed executor task 2951
2023-06-30 16:30:50.473 worker_log:613 24674 MainThread [INFO]  All processing finished for executor task 2951
2023-06-30 16:31:20.082 worker_log:584 24674 MainThread [INFO]  Received executor task 2969
2023-06-30 16:31:52.977 worker_log:602 24674 MainThread [INFO]  Completed executor task 2969
2023-06-30 16:31:52.978 worker_log:613 24674 MainThread [INFO]  All processing finished for executor task 2969
2023-06-30 16:32:31.431 worker_log:584 24674 MainThread [INFO]  Received executor task 2982
2023-06-30 16:33:09.314 worker_log:602 24674 MainThread [INFO]  Completed executor task 2982
2023-06-30 16:33:09.314 worker_log:613 24674 MainThread [INFO]  All processing finished for executor task 2982
2023-06-30 16:33:58.126 worker_log:584 24674 MainThread [INFO]  Received executor task 3003
2023-06-30 16:35:01.942 worker_log:602 24674 MainThread [INFO]  Completed executor task 3003
2023-06-30 16:35:01.943 worker_log:613 24674 MainThread [INFO]  All processing finished for executor task 3003
2023-06-30 16:35:12.276 worker_log:584 24674 MainThread [INFO]  Received executor task 3021
2023-06-30 16:35:45.844 worker_log:602 24674 MainThread [INFO]  Completed executor task 3021
2023-06-30 16:35:45.844 worker_log:613 24674 MainThread [INFO]  All processing finished for executor task 3021
2023-06-30 16:37:00.512 worker_log:584 24674 MainThread [INFO]  Received executor task 3029
2023-06-30 16:37:42.449 worker_log:602 24674 MainThread [INFO]  Completed executor task 3029
2023-06-30 16:37:42.449 worker_log:613 24674 MainThread [INFO]  All processing finished for executor task 3029
2023-06-30 16:38:11.710 worker_log:584 24674 MainThread [INFO]  Received executor task 3049
2023-06-30 16:38:49.609 worker_log:602 24674 MainThread [INFO]  Completed executor task 3049
2023-06-30 16:38:49.609 worker_log:613 24674 MainThread [INFO]  All processing finished for executor task 3049
2023-06-30 16:39:31.625 worker_log:584 24674 MainThread [INFO]  Received executor task 3063
2023-06-30 16:40:29.382 worker_log:602 24674 MainThread [INFO]  Completed executor task 3063
2023-06-30 16:40:29.382 worker_log:613 24674 MainThread [INFO]  All processing finished for executor task 3063
2023-06-30 16:40:46.407 worker_log:584 24674 MainThread [INFO]  Received executor task 3087
2023-06-30 16:41:14.164 worker_log:602 24674 MainThread [INFO]  Completed executor task 3087
2023-06-30 16:41:14.164 worker_log:613 24674 MainThread [INFO]  All processing finished for executor task 3087
2023-06-30 16:41:43.872 worker_log:584 24674 MainThread [INFO]  Received executor task 3093
2023-06-30 16:42:03.508 worker_log:602 24674 MainThread [INFO]  Completed executor task 3093
2023-06-30 16:42:03.508 worker_log:613 24674 MainThread [INFO]  All processing finished for executor task 3093
2023-06-30 16:42:44.330 worker_log:584 24674 MainThread [INFO]  Received executor task 3105
2023-06-30 16:43:40.459 worker_log:602 24674 MainThread [INFO]  Completed executor task 3105
2023-06-30 16:43:40.460 worker_log:613 24674 MainThread [INFO]  All processing finished for executor task 3105
2023-06-30 16:43:44.510 worker_log:584 24674 MainThread [INFO]  Received executor task 3133
2023-06-30 16:44:49.608 worker_log:602 24674 MainThread [INFO]  Completed executor task 3133
2023-06-30 16:44:49.608 worker_log:613 24674 MainThread [INFO]  All processing finished for executor task 3133
2023-06-30 16:44:50.989 worker_log:584 24674 MainThread [INFO]  Received executor task 3152
2023-06-30 16:45:49.995 worker_log:602 24674 MainThread [INFO]  Completed executor task 3152
2023-06-30 16:45:49.996 worker_log:613 24674 MainThread [INFO]  All processing finished for executor task 3152
2023-06-30 16:46:12.340 worker_log:584 24674 MainThread [INFO]  Received executor task 3167
2023-06-30 16:46:48.439 worker_log:602 24674 MainThread [INFO]  Completed executor task 3167
2023-06-30 16:46:48.440 worker_log:613 24674 MainThread [INFO]  All processing finished for executor task 3167
2023-06-30 16:47:16.567 worker_log:584 24674 MainThread [INFO]  Received executor task 3176
2023-06-30 16:47:32.050 worker_log:602 24674 MainThread [INFO]  Completed executor task 3176
2023-06-30 16:47:32.050 worker_log:613 24674 MainThread [INFO]  All processing finished for executor task 3176
2023-06-30 16:49:34.463 worker_log:584 24674 MainThread [INFO]  Received executor task 3185
2023-06-30 16:50:34.576 worker_log:602 24674 MainThread [INFO]  Completed executor task 3185
2023-06-30 16:50:34.576 worker_log:613 24674 MainThread [INFO]  All processing finished for executor task 3185
2023-06-30 16:50:55.036 worker_log:584 24674 MainThread [INFO]  Received executor task 3213
2023-06-30 16:51:46.415 worker_log:602 24674 MainThread [INFO]  Completed executor task 3213
2023-06-30 16:51:46.415 worker_log:613 24674 MainThread [INFO]  All processing finished for executor task 3213
2023-06-30 16:52:07.400 worker_log:584 24674 MainThread [INFO]  Received executor task 3228
2023-06-30 16:52:39.691 worker_log:602 24674 MainThread [INFO]  Completed executor task 3228
2023-06-30 16:52:39.692 worker_log:613 24674 MainThread [INFO]  All processing finished for executor task 3228
2023-06-30 16:53:47.284 worker_log:584 24674 MainThread [INFO]  Received executor task 3235
2023-06-30 16:54:28.435 worker_log:602 24674 MainThread [INFO]  Completed executor task 3235
2023-06-30 16:54:28.436 worker_log:613 24674 MainThread [INFO]  All processing finished for executor task 3235
2023-06-30 16:54:56.421 worker_log:584 24674 MainThread [INFO]  Received executor task 3259
2023-06-30 16:55:43.610 worker_log:602 24674 MainThread [INFO]  Completed executor task 3259
2023-06-30 16:55:43.610 worker_log:613 24674 MainThread [INFO]  All processing finished for executor task 3259
2023-06-30 16:56:35.416 worker_log:584 24674 MainThread [INFO]  Received executor task 3276
2023-06-30 16:57:20.778 worker_log:602 24674 MainThread [INFO]  Completed executor task 3276
2023-06-30 16:57:20.779 worker_log:613 24674 MainThread [INFO]  All processing finished for executor task 3276
2023-06-30 16:57:49.563 worker_log:584 24674 MainThread [INFO]  Received executor task 3292
2023-06-30 16:58:47.247 worker_log:602 24674 MainThread [INFO]  Completed executor task 3292
2023-06-30 16:58:47.247 worker_log:613 24674 MainThread [INFO]  All processing finished for executor task 3292
2023-06-30 17:00:17.073 worker_log:584 24674 MainThread [INFO]  Received executor task 3308
2023-06-30 17:00:50.017 worker_log:602 24674 MainThread [INFO]  Completed executor task 3308
2023-06-30 17:00:50.017 worker_log:613 24674 MainThread [INFO]  All processing finished for executor task 3308
2023-06-30 17:01:33.536 worker_log:584 24674 MainThread [INFO]  Received executor task 3321
2023-06-30 17:01:53.009 worker_log:602 24674 MainThread [INFO]  Completed executor task 3321
2023-06-30 17:01:53.010 worker_log:613 24674 MainThread [INFO]  All processing finished for executor task 3321
2023-06-30 17:02:38.242 worker_log:584 24674 MainThread [INFO]  Received executor task 3334
2023-06-30 17:03:00.693 worker_log:602 24674 MainThread [INFO]  Completed executor task 3334
2023-06-30 17:03:00.694 worker_log:613 24674 MainThread [INFO]  All processing finished for executor task 3334
2023-06-30 17:04:13.644 worker_log:584 24674 MainThread [INFO]  Received executor task 3347
2023-06-30 17:04:47.763 worker_log:602 24674 MainThread [INFO]  Completed executor task 3347
2023-06-30 17:04:47.764 worker_log:613 24674 MainThread [INFO]  All processing finished for executor task 3347
2023-06-30 17:06:00.253 worker_log:584 24674 MainThread [INFO]  Received executor task 3366
2023-06-30 17:07:06.450 worker_log:602 24674 MainThread [INFO]  Completed executor task 3366
2023-06-30 17:07:06.451 worker_log:613 24674 MainThread [INFO]  All processing finished for executor task 3366
2023-06-30 17:07:07.708 worker_log:584 24674 MainThread [INFO]  Received executor task 3392
2023-06-30 17:08:34.460 worker_log:602 24674 MainThread [INFO]  Completed executor task 3392
2023-06-30 17:08:34.461 worker_log:613 24674 MainThread [INFO]  All processing finished for executor task 3392
2023-06-30 17:08:35.577 worker_log:584 24674 MainThread [INFO]  Received executor task 3408
2023-06-30 17:09:40.917 worker_log:602 24674 MainThread [INFO]  Completed executor task 3408
2023-06-30 17:09:40.918 worker_log:613 24674 MainThread [INFO]  All processing finished for executor task 3408
2023-06-30 17:10:15.186 worker_log:584 24674 MainThread [INFO]  Received executor task 3423
2023-06-30 17:10:41.436 worker_log:602 24674 MainThread [INFO]  Completed executor task 3423
2023-06-30 17:10:41.436 worker_log:613 24674 MainThread [INFO]  All processing finished for executor task 3423
2023-06-30 17:11:52.361 worker_log:584 24674 MainThread [INFO]  Received executor task 3428
2023-06-30 17:12:30.112 worker_log:602 24674 MainThread [INFO]  Completed executor task 3428
2023-06-30 17:12:30.112 worker_log:613 24674 MainThread [INFO]  All processing finished for executor task 3428
2023-06-30 17:13:01.528 worker_log:584 24674 MainThread [INFO]  Received executor task 3447
2023-06-30 17:14:14.145 worker_log:602 24674 MainThread [INFO]  Completed executor task 3447
2023-06-30 17:14:14.145 worker_log:613 24674 MainThread [INFO]  All processing finished for executor task 3447
2023-06-30 17:14:15.097 worker_log:584 24674 MainThread [INFO]  Received executor task 3472
2023-06-30 17:14:52.958 worker_log:602 24674 MainThread [INFO]  Completed executor task 3472
2023-06-30 17:14:52.958 worker_log:613 24674 MainThread [INFO]  All processing finished for executor task 3472
2023-06-30 17:15:48.123 worker_log:584 24674 MainThread [INFO]  Received executor task 3478
2023-06-30 17:16:22.172 worker_log:602 24674 MainThread [INFO]  Completed executor task 3478
2023-06-30 17:16:22.173 worker_log:613 24674 MainThread [INFO]  All processing finished for executor task 3478
2023-06-30 17:17:10.629 worker_log:584 24674 MainThread [INFO]  Received executor task 3496
2023-06-30 17:18:32.885 worker_log:602 24674 MainThread [INFO]  Completed executor task 3496
2023-06-30 17:18:32.886 worker_log:613 24674 MainThread [INFO]  All processing finished for executor task 3496
2023-06-30 17:18:34.851 worker_log:584 24674 MainThread [INFO]  Received executor task 3519
2023-06-30 17:19:18.086 worker_log:602 24674 MainThread [INFO]  Completed executor task 3519
2023-06-30 17:19:18.087 worker_log:613 24674 MainThread [INFO]  All processing finished for executor task 3519
2023-06-30 17:20:18.696 worker_log:584 24674 MainThread [INFO]  Received executor task 3528
2023-06-30 17:20:50.010 worker_log:602 24674 MainThread [INFO]  Completed executor task 3528
2023-06-30 17:20:50.011 worker_log:613 24674 MainThread [INFO]  All processing finished for executor task 3528
2023-06-30 17:21:15.827 worker_log:584 24674 MainThread [INFO]  Received executor task 3540
2023-06-30 17:21:50.894 worker_log:602 24674 MainThread [INFO]  Completed executor task 3540
2023-06-30 17:21:50.894 worker_log:613 24674 MainThread [INFO]  All processing finished for executor task 3540
2023-06-30 17:22:31.426 worker_log:584 24674 MainThread [INFO]  Received executor task 3560
2023-06-30 17:23:00.567 worker_log:602 24674 MainThread [INFO]  Completed executor task 3560
2023-06-30 17:23:00.567 worker_log:613 24674 MainThread [INFO]  All processing finished for executor task 3560
2023-06-30 17:24:06.201 worker_log:584 24674 MainThread [INFO]  Received executor task 3572
2023-06-30 17:25:11.164 worker_log:602 24674 MainThread [INFO]  Completed executor task 3572
2023-06-30 17:25:11.164 worker_log:613 24674 MainThread [INFO]  All processing finished for executor task 3572
2023-06-30 17:25:22.278 worker_log:584 24674 MainThread [INFO]  Received executor task 3599
2023-06-30 17:25:43.257 worker_log:602 24674 MainThread [INFO]  Completed executor task 3599
2023-06-30 17:25:43.257 worker_log:613 24674 MainThread [INFO]  All processing finished for executor task 3599
2023-06-30 17:26:40.984 worker_log:584 24674 MainThread [INFO]  Received executor task 3603
2023-06-30 17:27:23.216 worker_log:602 24674 MainThread [INFO]  Completed executor task 3603
2023-06-30 17:27:23.216 worker_log:613 24674 MainThread [INFO]  All processing finished for executor task 3603
2023-06-30 17:28:07.372 worker_log:584 24674 MainThread [INFO]  Received executor task 3627
2023-06-30 17:28:35.364 worker_log:602 24674 MainThread [INFO]  Completed executor task 3627
2023-06-30 17:28:35.364 worker_log:613 24674 MainThread [INFO]  All processing finished for executor task 3627
2023-06-30 17:29:21.635 worker_log:584 24674 MainThread [INFO]  Received executor task 3637
2023-06-30 17:29:39.855 worker_log:602 24674 MainThread [INFO]  Completed executor task 3637
2023-06-30 17:29:39.855 worker_log:613 24674 MainThread [INFO]  All processing finished for executor task 3637
2023-06-30 17:31:08.200 worker_log:584 24674 MainThread [INFO]  Received executor task 3649
2023-06-30 17:32:13.685 worker_log:602 24674 MainThread [INFO]  Completed executor task 3649
2023-06-30 17:32:13.686 worker_log:613 24674 MainThread [INFO]  All processing finished for executor task 3649
2023-06-30 17:32:25.648 worker_log:584 24674 MainThread [INFO]  Received executor task 3679
2023-06-30 17:33:22.381 worker_log:602 24674 MainThread [INFO]  Completed executor task 3679
2023-06-30 17:33:22.381 worker_log:613 24674 MainThread [INFO]  All processing finished for executor task 3679
2023-06-30 17:33:47.965 worker_log:584 24674 MainThread [INFO]  Received executor task 3694
2023-06-30 17:34:53.496 worker_log:602 24674 MainThread [INFO]  Completed executor task 3694
2023-06-30 17:34:53.497 worker_log:613 24674 MainThread [INFO]  All processing finished for executor task 3694
2023-06-30 17:34:57.594 worker_log:584 24674 MainThread [INFO]  Received executor task 3711
2023-06-30 17:35:09.301 worker_log:602 24674 MainThread [INFO]  Completed executor task 3711
2023-06-30 17:35:09.302 worker_log:613 24674 MainThread [INFO]  All processing finished for executor task 3711
2023-06-30 17:36:12.413 worker_log:584 24674 MainThread [INFO]  Received executor task 3713
2023-06-30 17:37:00.656 worker_log:602 24674 MainThread [INFO]  Completed executor task 3713
2023-06-30 17:37:00.656 worker_log:613 24674 MainThread [INFO]  All processing finished for executor task 3713
2023-06-30 17:37:28.443 worker_log:584 24674 MainThread [INFO]  Received executor task 3739
2023-06-30 17:38:08.007 worker_log:602 24674 MainThread [INFO]  Completed executor task 3739
2023-06-30 17:38:08.008 worker_log:613 24674 MainThread [INFO]  All processing finished for executor task 3739
2023-06-30 17:38:31.426 worker_log:584 24674 MainThread [INFO]  Received executor task 3751
2023-06-30 17:39:15.406 worker_log:602 24674 MainThread [INFO]  Completed executor task 3751
2023-06-30 17:39:15.407 worker_log:613 24674 MainThread [INFO]  All processing finished for executor task 3751
2023-06-30 17:39:49.822 worker_log:584 24674 MainThread [INFO]  Received executor task 3768
2023-06-30 17:40:19.802 worker_log:602 24674 MainThread [INFO]  Completed executor task 3768
2023-06-30 17:40:19.803 worker_log:613 24674 MainThread [INFO]  All processing finished for executor task 3768
2023-06-30 17:41:40.194 worker_log:584 24674 MainThread [INFO]  Received executor task 3780
2023-06-30 17:42:22.308 worker_log:602 24674 MainThread [INFO]  Completed executor task 3780
2023-06-30 17:42:22.309 worker_log:613 24674 MainThread [INFO]  All processing finished for executor task 3780
2023-06-30 17:43:01.526 worker_log:584 24674 MainThread [INFO]  Received executor task 3800
2023-06-30 17:43:27.980 worker_log:602 24674 MainThread [INFO]  Completed executor task 3800
2023-06-30 17:43:27.981 worker_log:613 24674 MainThread [INFO]  All processing finished for executor task 3800
2023-06-30 17:44:51.907 worker_log:584 24674 MainThread [INFO]  Received executor task 3814
2023-06-30 17:45:34.322 worker_log:602 24674 MainThread [INFO]  Completed executor task 3814
2023-06-30 17:45:34.322 worker_log:613 24674 MainThread [INFO]  All processing finished for executor task 3814
2023-06-30 17:45:58.660 worker_log:584 24674 MainThread [INFO]  Received executor task 3832
2023-06-30 17:46:43.538 worker_log:602 24674 MainThread [INFO]  Completed executor task 3832
2023-06-30 17:46:43.538 worker_log:613 24674 MainThread [INFO]  All processing finished for executor task 3832
2023-06-30 17:47:22.668 worker_log:584 24674 MainThread [INFO]  Received executor task 3850
2023-06-30 17:48:40.467 worker_log:602 24674 MainThread [INFO]  Completed executor task 3850
2023-06-30 17:48:40.467 worker_log:613 24674 MainThread [INFO]  All processing finished for executor task 3850
2023-06-30 17:48:41.994 worker_log:584 24674 MainThread [INFO]  Received executor task 3872
2023-06-30 17:49:37.494 worker_log:602 24674 MainThread [INFO]  Completed executor task 3872
2023-06-30 17:49:37.494 worker_log:613 24674 MainThread [INFO]  All processing finished for executor task 3872
2023-06-30 17:50:02.428 worker_log:584 24674 MainThread [INFO]  Received executor task 3883
2023-06-30 17:50:25.900 worker_log:602 24674 MainThread [INFO]  Completed executor task 3883
2023-06-30 17:50:25.900 worker_log:613 24674 MainThread [INFO]  All processing finished for executor task 3883
2023-06-30 17:51:00.661 worker_log:584 24674 MainThread [INFO]  Received executor task 3891
2023-06-30 17:51:46.735 worker_log:602 24674 MainThread [INFO]  Completed executor task 3891
2023-06-30 17:51:46.736 worker_log:613 24674 MainThread [INFO]  All processing finished for executor task 3891
2023-06-30 17:52:40.353 worker_log:584 24674 MainThread [INFO]  Received executor task 3916
2023-06-30 17:53:12.354 worker_log:602 24674 MainThread [INFO]  Completed executor task 3916
2023-06-30 17:53:12.355 worker_log:613 24674 MainThread [INFO]  All processing finished for executor task 3916
2023-06-30 17:53:36.996 worker_log:584 24674 MainThread [INFO]  Received executor task 3927
2023-06-30 17:54:14.408 worker_log:602 24674 MainThread [INFO]  Completed executor task 3927
2023-06-30 17:54:14.408 worker_log:613 24674 MainThread [INFO]  All processing finished for executor task 3927
2023-06-30 17:54:49.149 worker_log:584 24674 MainThread [INFO]  Received executor task 3942
2023-06-30 17:56:02.427 worker_log:602 24674 MainThread [INFO]  Completed executor task 3942
2023-06-30 17:56:02.428 worker_log:613 24674 MainThread [INFO]  All processing finished for executor task 3942
2023-06-30 17:56:03.490 worker_log:584 24674 MainThread [INFO]  Received executor task 3968
2023-06-30 17:57:37.104 worker_log:602 24674 MainThread [INFO]  Completed executor task 3968
2023-06-30 17:57:37.104 worker_log:613 24674 MainThread [INFO]  All processing finished for executor task 3968
2023-06-30 17:57:37.975 worker_log:584 24674 MainThread [INFO]  Received executor task 3984
2023-06-30 17:57:50.679 worker_log:602 24674 MainThread [INFO]  Completed executor task 3984
2023-06-30 17:57:50.679 worker_log:613 24674 MainThread [INFO]  All processing finished for executor task 3984
2023-06-30 17:58:47.143 worker_log:584 24674 MainThread [INFO]  Received executor task 3985
2023-06-30 17:59:47.321 worker_log:602 24674 MainThread [INFO]  Completed executor task 3985
2023-06-30 17:59:47.321 worker_log:613 24674 MainThread [INFO]  All processing finished for executor task 3985
2023-06-30 17:59:53.172 worker_log:584 24674 MainThread [INFO]  Received executor task 4015
2023-06-30 18:00:16.994 worker_log:602 24674 MainThread [INFO]  Completed executor task 4015
2023-06-30 18:00:16.995 worker_log:613 24674 MainThread [INFO]  All processing finished for executor task 4015
2023-06-30 18:01:23.052 worker_log:584 24674 MainThread [INFO]  Received executor task 4019
2023-06-30 18:02:00.717 worker_log:602 24674 MainThread [INFO]  Completed executor task 4019
2023-06-30 18:02:00.717 worker_log:613 24674 MainThread [INFO]  All processing finished for executor task 4019
2023-06-30 18:02:42.466 worker_log:584 24674 MainThread [INFO]  Received executor task 4040
2023-06-30 18:03:17.340 worker_log:602 24674 MainThread [INFO]  Completed executor task 4040
2023-06-30 18:03:17.340 worker_log:613 24674 MainThread [INFO]  All processing finished for executor task 4040
2023-06-30 18:03:51.679 worker_log:584 24674 MainThread [INFO]  Received executor task 4054
2023-06-30 18:04:35.855 worker_log:602 24674 MainThread [INFO]  Completed executor task 4054
2023-06-30 18:04:35.855 worker_log:613 24674 MainThread [INFO]  All processing finished for executor task 4054
2023-06-30 18:05:02.475 worker_log:584 24674 MainThread [INFO]  Received executor task 4075
2023-06-30 18:05:34.838 worker_log:602 24674 MainThread [INFO]  Completed executor task 4075
2023-06-30 18:05:34.839 worker_log:613 24674 MainThread [INFO]  All processing finished for executor task 4075
2023-06-30 18:06:05.827 worker_log:584 24674 MainThread [INFO]  Received executor task 4087
2023-06-30 18:06:57.055 worker_log:602 24674 MainThread [INFO]  Completed executor task 4087
2023-06-30 18:06:57.056 worker_log:613 24674 MainThread [INFO]  All processing finished for executor task 4087
2023-06-30 18:07:24.262 worker_log:584 24674 MainThread [INFO]  Received executor task 4105
2023-06-30 18:08:09.833 worker_log:602 24674 MainThread [INFO]  Completed executor task 4105
2023-06-30 18:08:09.833 worker_log:613 24674 MainThread [INFO]  All processing finished for executor task 4105
2023-06-30 18:08:19.447 worker_log:584 24674 MainThread [INFO]  Received executor task 4124
2023-06-30 18:08:42.880 worker_log:602 24674 MainThread [INFO]  Completed executor task 4124
2023-06-30 18:08:42.881 worker_log:613 24674 MainThread [INFO]  All processing finished for executor task 4124
2023-06-30 18:09:43.703 worker_log:584 24674 MainThread [INFO]  Received executor task 4130
2023-06-30 18:10:27.913 worker_log:602 24674 MainThread [INFO]  Completed executor task 4130
2023-06-30 18:10:27.914 worker_log:613 24674 MainThread [INFO]  All processing finished for executor task 4130
2023-06-30 18:10:59.534 worker_log:584 24674 MainThread [INFO]  Received executor task 4156
2023-06-30 18:12:02.995 worker_log:602 24674 MainThread [INFO]  Completed executor task 4156
2023-06-30 18:12:02.996 worker_log:613 24674 MainThread [INFO]  All processing finished for executor task 4156
2023-06-30 18:12:16.057 worker_log:584 24674 MainThread [INFO]  Received executor task 4174
2023-06-30 18:12:40.566 worker_log:602 24674 MainThread [INFO]  Completed executor task 4174
2023-06-30 18:12:40.566 worker_log:613 24674 MainThread [INFO]  All processing finished for executor task 4174
2023-06-30 18:13:55.721 worker_log:584 24674 MainThread [INFO]  Received executor task 4179
2023-06-30 18:14:23.364 worker_log:602 24674 MainThread [INFO]  Completed executor task 4179
2023-06-30 18:14:23.365 worker_log:613 24674 MainThread [INFO]  All processing finished for executor task 4179
2023-06-30 18:15:02.776 worker_log:584 24674 MainThread [INFO]  Received executor task 4196
2023-06-30 18:15:32.152 worker_log:602 24674 MainThread [INFO]  Completed executor task 4196
2023-06-30 18:15:32.152 worker_log:613 24674 MainThread [INFO]  All processing finished for executor task 4196
2023-06-30 18:16:34.006 worker_log:584 24674 MainThread [INFO]  Received executor task 4212
2023-06-30 18:17:03.225 worker_log:602 24674 MainThread [INFO]  Completed executor task 4212
2023-06-30 18:17:03.225 worker_log:613 24674 MainThread [INFO]  All processing finished for executor task 4212
2023-06-30 18:17:45.323 worker_log:584 24674 MainThread [INFO]  Received executor task 4228
2023-06-30 18:19:00.576 worker_log:602 24674 MainThread [INFO]  Completed executor task 4228
2023-06-30 18:19:00.576 worker_log:613 24674 MainThread [INFO]  All processing finished for executor task 4228
2023-06-30 18:19:04.357 worker_log:584 24674 MainThread [INFO]  Received executor task 4255
2023-06-30 18:19:33.279 worker_log:602 24674 MainThread [INFO]  Completed executor task 4255
2023-06-30 18:19:33.280 worker_log:613 24674 MainThread [INFO]  All processing finished for executor task 4255
2023-06-30 18:19:57.220 worker_log:584 24674 MainThread [INFO]  Received executor task 4263
2023-06-30 18:21:26.240 worker_log:602 24674 MainThread [INFO]  Completed executor task 4263
2023-06-30 18:21:26.241 worker_log:613 24674 MainThread [INFO]  All processing finished for executor task 4263
2023-06-30 18:21:27.584 worker_log:584 24674 MainThread [INFO]  Received executor task 4288
2023-06-30 18:21:54.249 worker_log:602 24674 MainThread [INFO]  Completed executor task 4288
2023-06-30 18:21:54.249 worker_log:613 24674 MainThread [INFO]  All processing finished for executor task 4288
2023-06-30 18:22:29.806 worker_log:584 24674 MainThread [INFO]  Received executor task 4293
2023-06-30 18:23:42.507 worker_log:602 24674 MainThread [INFO]  Completed executor task 4293
2023-06-30 18:23:42.507 worker_log:613 24674 MainThread [INFO]  All processing finished for executor task 4293
2023-06-30 18:24:16.267 worker_log:584 24674 MainThread [INFO]  Received executor task 4319
2023-06-30 18:24:41.243 worker_log:602 24674 MainThread [INFO]  Completed executor task 4319
2023-06-30 18:24:41.244 worker_log:613 24674 MainThread [INFO]  All processing finished for executor task 4319
2023-06-30 18:25:45.977 worker_log:584 24674 MainThread [INFO]  Received executor task 4323
2023-06-30 18:26:44.496 worker_log:602 24674 MainThread [INFO]  Completed executor task 4323
2023-06-30 18:26:44.496 worker_log:613 24674 MainThread [INFO]  All processing finished for executor task 4323
2023-06-30 18:27:24.655 worker_log:584 24674 MainThread [INFO]  Received executor task 4348
2023-06-30 18:27:31.932 worker_log:602 24674 MainThread [INFO]  Completed executor task 4348
2023-06-30 18:27:31.932 worker_log:613 24674 MainThread [INFO]  All processing finished for executor task 4348
2023-06-30 18:28:17.810 worker_log:584 24674 MainThread [INFO]  Received executor task 4353
2023-06-30 18:28:50.429 worker_log:602 24674 MainThread [INFO]  Completed executor task 4353
2023-06-30 18:28:50.430 worker_log:613 24674 MainThread [INFO]  All processing finished for executor task 4353
2023-06-30 18:29:27.266 worker_log:584 24674 MainThread [INFO]  Received executor task 4374
2023-06-30 18:30:00.849 worker_log:602 24674 MainThread [INFO]  Completed executor task 4374
2023-06-30 18:30:00.850 worker_log:613 24674 MainThread [INFO]  All processing finished for executor task 4374
2023-06-30 18:30:36.252 worker_log:584 24674 MainThread [INFO]  Received executor task 4392
2023-06-30 18:31:29.680 worker_log:602 24674 MainThread [INFO]  Completed executor task 4392
2023-06-30 18:31:29.680 worker_log:613 24674 MainThread [INFO]  All processing finished for executor task 4392
2023-06-30 18:32:04.718 worker_log:584 24674 MainThread [INFO]  Received executor task 4411
2023-06-30 18:32:29.603 worker_log:602 24674 MainThread [INFO]  Completed executor task 4411
2023-06-30 18:32:29.603 worker_log:613 24674 MainThread [INFO]  All processing finished for executor task 4411
2023-06-30 18:33:26.967 worker_log:584 24674 MainThread [INFO]  Received executor task 4418
2023-06-30 18:34:26.031 worker_log:602 24674 MainThread [INFO]  Completed executor task 4418
2023-06-30 18:34:26.032 worker_log:613 24674 MainThread [INFO]  All processing finished for executor task 4418
2023-06-30 18:34:58.718 worker_log:584 24674 MainThread [INFO]  Received executor task 4444
2023-06-30 18:35:39.270 worker_log:602 24674 MainThread [INFO]  Completed executor task 4444
2023-06-30 18:35:39.270 worker_log:613 24674 MainThread [INFO]  All processing finished for executor task 4444
2023-06-30 18:36:16.067 worker_log:584 24674 MainThread [INFO]  Received executor task 4457
2023-06-30 18:37:24.838 worker_log:602 24674 MainThread [INFO]  Completed executor task 4457
2023-06-30 18:37:24.839 worker_log:613 24674 MainThread [INFO]  All processing finished for executor task 4457
2023-06-30 18:37:25.969 worker_log:584 24674 MainThread [INFO]  Received executor task 4480
2023-06-30 18:38:01.797 worker_log:602 24674 MainThread [INFO]  Completed executor task 4480
2023-06-30 18:38:01.797 worker_log:613 24674 MainThread [INFO]  All processing finished for executor task 4480
2023-06-30 18:38:19.939 worker_log:584 24674 MainThread [INFO]  Received executor task 4490
2023-06-30 18:38:55.344 worker_log:602 24674 MainThread [INFO]  Completed executor task 4490
2023-06-30 18:38:55.344 worker_log:613 24674 MainThread [INFO]  All processing finished for executor task 4490
2023-06-30 18:39:40.612 worker_log:584 24674 MainThread [INFO]  Received executor task 4504
2023-06-30 18:40:21.620 worker_log:602 24674 MainThread [INFO]  Completed executor task 4504
2023-06-30 18:40:21.620 worker_log:613 24674 MainThread [INFO]  All processing finished for executor task 4504
2023-06-30 18:41:45.842 worker_log:584 24674 MainThread [INFO]  Received executor task 4522
2023-06-30 18:42:32.741 worker_log:602 24674 MainThread [INFO]  Completed executor task 4522
2023-06-30 18:42:32.741 worker_log:613 24674 MainThread [INFO]  All processing finished for executor task 4522
2023-06-30 18:42:43.950 worker_log:584 24674 MainThread [INFO]  Received executor task 4539
2023-06-30 18:43:22.151 worker_log:602 24674 MainThread [INFO]  Completed executor task 4539
2023-06-30 18:43:22.152 worker_log:613 24674 MainThread [INFO]  All processing finished for executor task 4539
2023-06-30 18:43:54.867 worker_log:584 24674 MainThread [INFO]  Received executor task 4552
2023-06-30 18:45:10.833 worker_log:602 24674 MainThread [INFO]  Completed executor task 4552
2023-06-30 18:45:10.833 worker_log:613 24674 MainThread [INFO]  All processing finished for executor task 4552
2023-06-30 18:45:28.883 worker_log:584 24674 MainThread [INFO]  Received executor task 4574
2023-06-30 18:46:22.541 worker_log:602 24674 MainThread [INFO]  Completed executor task 4574
2023-06-30 18:46:22.541 worker_log:613 24674 MainThread [INFO]  All processing finished for executor task 4574
2023-06-30 18:46:46.320 worker_log:584 24674 MainThread [INFO]  Received executor task 4587
2023-06-30 18:46:52.895 worker_log:602 24674 MainThread [INFO]  Completed executor task 4587
2023-06-30 18:46:52.896 worker_log:613 24674 MainThread [INFO]  All processing finished for executor task 4587
2023-06-30 18:47:51.506 worker_log:584 24674 MainThread [INFO]  Received executor task 4593
2023-06-30 18:48:24.796 worker_log:602 24674 MainThread [INFO]  Completed executor task 4593
2023-06-30 18:48:24.796 worker_log:613 24674 MainThread [INFO]  All processing finished for executor task 4593
2023-06-30 18:48:56.487 worker_log:584 24674 MainThread [INFO]  Received executor task 4617
2023-06-30 18:49:52.880 worker_log:602 24674 MainThread [INFO]  Completed executor task 4617
2023-06-30 18:49:52.880 worker_log:613 24674 MainThread [INFO]  All processing finished for executor task 4617
2023-06-30 18:49:58.993 worker_log:584 24674 MainThread [INFO]  Received executor task 4637
2023-06-30 18:51:09.114 worker_log:602 24674 MainThread [INFO]  Completed executor task 4637
2023-06-30 18:51:09.115 worker_log:613 24674 MainThread [INFO]  All processing finished for executor task 4637
2023-06-30 18:51:09.902 worker_log:584 24674 MainThread [INFO]  Received executor task 4656
2023-06-30 18:51:27.542 worker_log:602 24674 MainThread [INFO]  Completed executor task 4656
2023-06-30 18:51:27.542 worker_log:613 24674 MainThread [INFO]  All processing finished for executor task 4656
2023-06-30 18:52:27.350 worker_log:584 24674 MainThread [INFO]  Received executor task 4658
2023-06-30 18:53:12.150 worker_log:602 24674 MainThread [INFO]  Completed executor task 4658
2023-06-30 18:53:12.151 worker_log:613 24674 MainThread [INFO]  All processing finished for executor task 4658
2023-06-30 18:54:02.544 worker_log:584 24674 MainThread [INFO]  Received executor task 4682
2023-06-30 18:54:56.004 worker_log:602 24674 MainThread [INFO]  Completed executor task 4682
2023-06-30 18:54:56.005 worker_log:613 24674 MainThread [INFO]  All processing finished for executor task 4682
2023-06-30 18:55:22.696 worker_log:584 24674 MainThread [INFO]  Received executor task 4700
2023-06-30 18:56:20.376 worker_log:602 24674 MainThread [INFO]  Completed executor task 4700
2023-06-30 18:56:20.376 worker_log:613 24674 MainThread [INFO]  All processing finished for executor task 4700
2023-06-30 18:56:44.212 worker_log:584 24674 MainThread [INFO]  Received executor task 4716
2023-06-30 18:57:23.367 worker_log:602 24674 MainThread [INFO]  Completed executor task 4716
2023-06-30 18:57:23.368 worker_log:613 24674 MainThread [INFO]  All processing finished for executor task 4716
2023-06-30 18:58:30.669 worker_log:584 24674 MainThread [INFO]  Received executor task 4728
2023-06-30 18:59:02.776 worker_log:602 24674 MainThread [INFO]  Completed executor task 4728
2023-06-30 18:59:02.777 worker_log:613 24674 MainThread [INFO]  All processing finished for executor task 4728
2023-06-30 18:59:49.675 worker_log:584 24674 MainThread [INFO]  Received executor task 4746
2023-06-30 19:00:15.025 worker_log:602 24674 MainThread [INFO]  Completed executor task 4746
2023-06-30 19:00:15.025 worker_log:613 24674 MainThread [INFO]  All processing finished for executor task 4746
2023-06-30 19:01:11.115 worker_log:584 24674 MainThread [INFO]  Received executor task 4756
2023-06-30 19:02:07.496 worker_log:602 24674 MainThread [INFO]  Completed executor task 4756
2023-06-30 19:02:07.497 worker_log:613 24674 MainThread [INFO]  All processing finished for executor task 4756
2023-06-30 19:02:18.956 worker_log:584 24674 MainThread [INFO]  Received executor task 4781
2023-06-30 19:02:42.554 worker_log:602 24674 MainThread [INFO]  Completed executor task 4781
2023-06-30 19:02:42.555 worker_log:613 24674 MainThread [INFO]  All processing finished for executor task 4781
2023-06-30 19:03:36.220 worker_log:584 24674 MainThread [INFO]  Received executor task 4787
2023-06-30 19:04:12.312 worker_log:602 24674 MainThread [INFO]  Completed executor task 4787
2023-06-30 19:04:12.313 worker_log:613 24674 MainThread [INFO]  All processing finished for executor task 4787
2023-06-30 19:04:48.727 worker_log:584 24674 MainThread [INFO]  Received executor task 4804
2023-06-30 19:05:25.788 worker_log:602 24674 MainThread [INFO]  Completed executor task 4804
2023-06-30 19:05:25.789 worker_log:613 24674 MainThread [INFO]  All processing finished for executor task 4804
2023-06-30 19:06:08.072 worker_log:584 24674 MainThread [INFO]  Received executor task 4823
2023-06-30 19:06:57.587 worker_log:602 24674 MainThread [INFO]  Completed executor task 4823
2023-06-30 19:06:57.588 worker_log:613 24674 MainThread [INFO]  All processing finished for executor task 4823
2023-06-30 19:07:11.095 worker_log:584 24674 MainThread [INFO]  Received executor task 4843
2023-06-30 19:08:01.104 worker_log:602 24674 MainThread [INFO]  Completed executor task 4843
2023-06-30 19:08:01.104 worker_log:613 24674 MainThread [INFO]  All processing finished for executor task 4843
2023-06-30 19:08:16.503 worker_log:584 24674 MainThread [INFO]  Received executor task 4860
2023-06-30 19:08:35.878 worker_log:602 24674 MainThread [INFO]  Completed executor task 4860
2023-06-30 19:08:35.878 worker_log:613 24674 MainThread [INFO]  All processing finished for executor task 4860
2023-06-30 19:09:33.714 worker_log:584 24674 MainThread [INFO]  Received executor task 4865
2023-06-30 19:10:34.819 worker_log:602 24674 MainThread [INFO]  Completed executor task 4865
2023-06-30 19:10:34.820 worker_log:613 24674 MainThread [INFO]  All processing finished for executor task 4865
2023-06-30 19:11:03.111 worker_log:584 24674 MainThread [INFO]  Received executor task 4893
2023-06-30 19:11:33.867 worker_log:602 24674 MainThread [INFO]  Completed executor task 4893
2023-06-30 19:11:33.868 worker_log:613 24674 MainThread [INFO]  All processing finished for executor task 4893
2023-06-30 19:13:06.021 worker_log:584 24674 MainThread [INFO]  Received executor task 4901
2023-06-30 19:14:19.472 worker_log:602 24674 MainThread [INFO]  Completed executor task 4901
2023-06-30 19:14:19.473 worker_log:613 24674 MainThread [INFO]  All processing finished for executor task 4901
2023-06-30 19:14:20.603 worker_log:584 24674 MainThread [INFO]  Received executor task 4928
2023-06-30 19:15:03.344 worker_log:602 24674 MainThread [INFO]  Completed executor task 4928
2023-06-30 19:15:03.344 worker_log:613 24674 MainThread [INFO]  All processing finished for executor task 4928
2023-06-30 19:15:29.615 worker_log:584 24674 MainThread [INFO]  Received executor task 4939
2023-06-30 19:16:08.249 worker_log:602 24674 MainThread [INFO]  Completed executor task 4939
2023-06-30 19:16:08.249 worker_log:613 24674 MainThread [INFO]  All processing finished for executor task 4939
2023-06-30 19:18:39.804 worker_log:584 24674 MainThread [INFO]  Received executor task 4953
2023-06-30 19:19:08.718 worker_log:602 24674 MainThread [INFO]  Completed executor task 4953
2023-06-30 19:19:08.719 worker_log:613 24674 MainThread [INFO]  All processing finished for executor task 4953
2023-06-30 19:19:42.824 worker_log:584 24674 MainThread [INFO]  Received executor task 4967
2023-06-30 19:20:53.991 worker_log:602 24674 MainThread [INFO]  Completed executor task 4967
2023-06-30 19:20:53.992 worker_log:613 24674 MainThread [INFO]  All processing finished for executor task 4967
2023-06-30 19:20:57.931 worker_log:584 24674 MainThread [INFO]  Received executor task 4991
2023-06-30 19:21:54.362 worker_log:602 24674 MainThread [INFO]  Completed executor task 4991
2023-06-30 19:21:54.362 worker_log:613 24674 MainThread [INFO]  All processing finished for executor task 4991
2023-06-30 19:22:03.327 worker_log:584 24674 MainThread [INFO]  Received executor task 5007
2023-06-30 19:22:31.273 worker_log:602 24674 MainThread [INFO]  Completed executor task 5007
2023-06-30 19:22:31.273 worker_log:613 24674 MainThread [INFO]  All processing finished for executor task 5007
2023-06-30 19:23:03.520 worker_log:584 24674 MainThread [INFO]  Received executor task 5011
2023-06-30 19:24:03.319 worker_log:602 24674 MainThread [INFO]  Completed executor task 5011
2023-06-30 19:24:03.319 worker_log:613 24674 MainThread [INFO]  All processing finished for executor task 5011
2023-06-30 19:24:49.063 worker_log:584 24674 MainThread [INFO]  Received executor task 5037
2023-06-30 19:25:35.032 worker_log:602 24674 MainThread [INFO]  Completed executor task 5037
2023-06-30 19:25:35.033 worker_log:613 24674 MainThread [INFO]  All processing finished for executor task 5037
2023-06-30 19:25:38.967 worker_log:584 24674 MainThread [INFO]  Received executor task 5054
2023-06-30 19:26:32.789 worker_log:602 24674 MainThread [INFO]  Completed executor task 5054
2023-06-30 19:26:32.790 worker_log:613 24674 MainThread [INFO]  All processing finished for executor task 5054
2023-06-30 19:27:02.401 worker_log:584 24674 MainThread [INFO]  Received executor task 5068
2023-06-30 19:27:43.780 worker_log:602 24674 MainThread [INFO]  Completed executor task 5068
2023-06-30 19:27:43.780 worker_log:613 24674 MainThread [INFO]  All processing finished for executor task 5068
2023-06-30 19:27:59.934 worker_log:584 24674 MainThread [INFO]  Received executor task 5084
2023-06-30 19:28:11.605 worker_log:602 24674 MainThread [INFO]  Completed executor task 5084
2023-06-30 19:28:11.605 worker_log:613 24674 MainThread [INFO]  All processing finished for executor task 5084
2023-06-30 19:29:25.168 worker_log:584 24674 MainThread [INFO]  Received executor task 5089
2023-06-30 19:30:27.999 worker_log:602 24674 MainThread [INFO]  Completed executor task 5089
2023-06-30 19:30:27.999 worker_log:613 24674 MainThread [INFO]  All processing finished for executor task 5089
2023-06-30 19:31:06.416 worker_log:584 24674 MainThread [INFO]  Received executor task 5119
2023-06-30 19:32:57.753 worker_log:602 24674 MainThread [INFO]  Completed executor task 5119
2023-06-30 19:32:57.754 worker_log:613 24674 MainThread [INFO]  All processing finished for executor task 5119
2023-06-30 19:32:58.974 worker_log:584 24674 MainThread [INFO]  Received executor task 5136
2023-06-30 19:34:09.298 worker_log:602 24674 MainThread [INFO]  Completed executor task 5136
2023-06-30 19:34:09.299 worker_log:613 24674 MainThread [INFO]  All processing finished for executor task 5136
2023-06-30 19:34:18.373 worker_log:584 24674 MainThread [INFO]  Received executor task 5151
2023-06-30 19:34:59.538 worker_log:602 24674 MainThread [INFO]  Completed executor task 5151
2023-06-30 19:34:59.539 worker_log:613 24674 MainThread [INFO]  All processing finished for executor task 5151
2023-06-30 19:35:42.892 worker_log:584 24674 MainThread [INFO]  Received executor task 5161
2023-06-30 19:36:45.658 worker_log:602 24674 MainThread [INFO]  Completed executor task 5161
2023-06-30 19:36:45.659 worker_log:613 24674 MainThread [INFO]  All processing finished for executor task 5161
2023-06-30 19:37:15.612 worker_log:584 24674 MainThread [INFO]  Received executor task 5180
2023-06-30 19:37:47.611 worker_log:602 24674 MainThread [INFO]  Completed executor task 5180
2023-06-30 19:37:47.611 worker_log:613 24674 MainThread [INFO]  All processing finished for executor task 5180
2023-06-30 19:38:46.483 worker_log:584 24674 MainThread [INFO]  Received executor task 5189
2023-06-30 19:39:45.412 worker_log:602 24674 MainThread [INFO]  Completed executor task 5189
2023-06-30 19:39:45.413 worker_log:613 24674 MainThread [INFO]  All processing finished for executor task 5189
2023-06-30 19:39:58.170 worker_log:584 24674 MainThread [INFO]  Received executor task 5214
2023-06-30 19:40:50.251 worker_log:602 24674 MainThread [INFO]  Completed executor task 5214
2023-06-30 19:40:50.251 worker_log:613 24674 MainThread [INFO]  All processing finished for executor task 5214
2023-06-30 19:41:16.281 worker_log:584 24674 MainThread [INFO]  Received executor task 5229
2023-06-30 19:41:54.495 worker_log:602 24674 MainThread [INFO]  Completed executor task 5229
2023-06-30 19:41:54.496 worker_log:613 24674 MainThread [INFO]  All processing finished for executor task 5229
2023-06-30 19:42:36.161 worker_log:584 24674 MainThread [INFO]  Received executor task 5237
2023-06-30 19:43:16.615 worker_log:602 24674 MainThread [INFO]  Completed executor task 5237
2023-06-30 19:43:16.616 worker_log:613 24674 MainThread [INFO]  All processing finished for executor task 5237
2023-06-30 19:44:16.094 worker_log:584 24674 MainThread [INFO]  Received executor task 5258
2023-06-30 19:44:46.671 worker_log:602 24674 MainThread [INFO]  Completed executor task 5258
2023-06-30 19:44:46.671 worker_log:613 24674 MainThread [INFO]  All processing finished for executor task 5258
2023-06-30 19:45:29.728 worker_log:584 24674 MainThread [INFO]  Received executor task 5269
2023-06-30 19:46:04.560 worker_log:602 24674 MainThread [INFO]  Completed executor task 5269
2023-06-30 19:46:04.561 worker_log:613 24674 MainThread [INFO]  All processing finished for executor task 5269
2023-06-30 19:46:40.917 worker_log:584 24674 MainThread [INFO]  Received executor task 5285
2023-06-30 19:47:16.019 worker_log:602 24674 MainThread [INFO]  Completed executor task 5285
2023-06-30 19:47:16.019 worker_log:613 24674 MainThread [INFO]  All processing finished for executor task 5285
2023-06-30 19:47:43.494 worker_log:584 24674 MainThread [INFO]  Received executor task 5303
2023-06-30 19:48:23.729 worker_log:602 24674 MainThread [INFO]  Completed executor task 5303
2023-06-30 19:48:23.730 worker_log:613 24674 MainThread [INFO]  All processing finished for executor task 5303
2023-06-30 19:48:53.312 worker_log:584 24674 MainThread [INFO]  Received executor task 5324
2023-06-30 19:49:59.415 worker_log:602 24674 MainThread [INFO]  Completed executor task 5324
2023-06-30 19:49:59.415 worker_log:613 24674 MainThread [INFO]  All processing finished for executor task 5324
2023-06-30 19:50:00.639 worker_log:584 24674 MainThread [INFO]  Received executor task 5344
2023-06-30 19:50:44.198 worker_log:602 24674 MainThread [INFO]  Completed executor task 5344
2023-06-30 19:50:44.199 worker_log:613 24674 MainThread [INFO]  All processing finished for executor task 5344
2023-06-30 19:52:19.294 worker_log:584 24674 MainThread [INFO]  Received executor task 5354
2023-06-30 19:53:32.159 worker_log:602 24674 MainThread [INFO]  Completed executor task 5354
2023-06-30 19:53:32.159 worker_log:613 24674 MainThread [INFO]  All processing finished for executor task 5354
2023-06-30 19:53:51.978 worker_log:584 24674 MainThread [INFO]  Received executor task 5373
2023-06-30 19:54:42.507 worker_log:602 24674 MainThread [INFO]  Completed executor task 5373
2023-06-30 19:54:42.508 worker_log:613 24674 MainThread [INFO]  All processing finished for executor task 5373
2023-06-30 19:55:10.772 worker_log:584 24674 MainThread [INFO]  Received executor task 5387
2023-06-30 19:55:38.866 worker_log:602 24674 MainThread [INFO]  Completed executor task 5387
2023-06-30 19:55:38.867 worker_log:613 24674 MainThread [INFO]  All processing finished for executor task 5387
2023-06-30 19:56:16.049 worker_log:584 24674 MainThread [INFO]  Received executor task 5395
2023-06-30 19:56:41.985 worker_log:602 24674 MainThread [INFO]  Completed executor task 5395
2023-06-30 19:56:41.986 worker_log:613 24674 MainThread [INFO]  All processing finished for executor task 5395
2023-06-30 19:57:44.488 worker_log:584 24674 MainThread [INFO]  Received executor task 5410
2023-06-30 19:58:32.006 worker_log:602 24674 MainThread [INFO]  Completed executor task 5410
2023-06-30 19:58:32.007 worker_log:613 24674 MainThread [INFO]  All processing finished for executor task 5410
2023-06-30 19:59:03.628 worker_log:584 24674 MainThread [INFO]  Received executor task 5436
2023-06-30 19:59:41.646 worker_log:602 24674 MainThread [INFO]  Completed executor task 5436
2023-06-30 19:59:41.647 worker_log:613 24674 MainThread [INFO]  All processing finished for executor task 5436
2023-06-30 20:00:03.942 worker_log:584 24674 MainThread [INFO]  Received executor task 5448
2023-06-30 20:01:02.550 worker_log:602 24674 MainThread [INFO]  Completed executor task 5448
2023-06-30 20:01:02.550 worker_log:613 24674 MainThread [INFO]  All processing finished for executor task 5448
2023-06-30 20:01:10.117 worker_log:584 24674 MainThread [INFO]  Received executor task 5470
2023-06-30 20:02:19.858 worker_log:602 24674 MainThread [INFO]  Completed executor task 5470
2023-06-30 20:02:19.859 worker_log:613 24674 MainThread [INFO]  All processing finished for executor task 5470
2023-06-30 20:02:20.697 worker_log:584 24674 MainThread [INFO]  Received executor task 5488
2023-06-30 20:02:30.742 worker_log:602 24674 MainThread [INFO]  Completed executor task 5488
2023-06-30 20:02:30.743 worker_log:613 24674 MainThread [INFO]  All processing finished for executor task 5488
2023-06-30 20:03:14.515 worker_log:584 24674 MainThread [INFO]  Received executor task 5489
2023-06-30 20:03:55.420 worker_log:602 24674 MainThread [INFO]  Completed executor task 5489
2023-06-30 20:03:55.421 worker_log:613 24674 MainThread [INFO]  All processing finished for executor task 5489
2023-06-30 20:04:19.743 worker_log:584 24674 MainThread [INFO]  Received executor task 5516
2023-06-30 20:04:46.580 worker_log:602 24674 MainThread [INFO]  Completed executor task 5516
2023-06-30 20:04:46.581 worker_log:613 24674 MainThread [INFO]  All processing finished for executor task 5516
2023-06-30 20:05:37.597 worker_log:584 24674 MainThread [INFO]  Received executor task 5526
2023-06-30 20:06:07.535 worker_log:602 24674 MainThread [INFO]  Completed executor task 5526
2023-06-30 20:06:07.535 worker_log:613 24674 MainThread [INFO]  All processing finished for executor task 5526
2023-06-30 20:06:37.740 worker_log:584 24674 MainThread [INFO]  Received executor task 5544
2023-06-30 20:07:29.165 worker_log:602 24674 MainThread [INFO]  Completed executor task 5544
2023-06-30 20:07:29.165 worker_log:613 24674 MainThread [INFO]  All processing finished for executor task 5544
2023-06-30 20:07:53.378 worker_log:584 24674 MainThread [INFO]  Received executor task 5563
2023-06-30 20:08:52.249 worker_log:602 24674 MainThread [INFO]  Completed executor task 5563
2023-06-30 20:08:52.250 worker_log:613 24674 MainThread [INFO]  All processing finished for executor task 5563
2023-06-30 20:09:18.557 worker_log:584 24674 MainThread [INFO]  Received executor task 5583
2023-06-30 20:10:36.950 worker_log:602 24674 MainThread [INFO]  Completed executor task 5583
2023-06-30 20:10:36.951 worker_log:613 24674 MainThread [INFO]  All processing finished for executor task 5583
2023-06-30 20:10:47.719 worker_log:584 24674 MainThread [INFO]  Received executor task 5599
2023-06-30 20:11:09.050 worker_log:602 24674 MainThread [INFO]  Completed executor task 5599
2023-06-30 20:11:09.050 worker_log:613 24674 MainThread [INFO]  All processing finished for executor task 5599
2023-06-30 20:12:07.057 worker_log:584 24674 MainThread [INFO]  Received executor task 5602
2023-06-30 20:12:54.476 worker_log:602 24674 MainThread [INFO]  Completed executor task 5602
2023-06-30 20:12:54.477 worker_log:613 24674 MainThread [INFO]  All processing finished for executor task 5602
2023-06-30 20:13:32.135 worker_log:584 24674 MainThread [INFO]  Received executor task 5625
2023-06-30 20:14:12.411 worker_log:602 24674 MainThread [INFO]  Completed executor task 5625
2023-06-30 20:14:12.412 worker_log:613 24674 MainThread [INFO]  All processing finished for executor task 5625
2023-06-30 20:14:47.871 worker_log:584 24674 MainThread [INFO]  Received executor task 5642
2023-06-30 20:15:17.305 worker_log:602 24674 MainThread [INFO]  Completed executor task 5642
2023-06-30 20:15:17.305 worker_log:613 24674 MainThread [INFO]  All processing finished for executor task 5642
