2023-06-30 12:25:40.277 worker_log:538 24692 MainThread [INFO]  Worker 15 started
2023-06-30 12:27:55.223 worker_log:584 24692 MainThread [INFO]  Received executor task 16
2023-06-30 12:28:22.468 worker_log:602 24692 MainThread [INFO]  Completed executor task 16
2023-06-30 12:28:22.469 worker_log:613 24692 MainThread [INFO]  All processing finished for executor task 16
2023-06-30 12:29:17.671 worker_log:584 24692 MainThread [INFO]  Received executor task 20
2023-06-30 12:30:02.623 worker_log:602 24692 MainThread [INFO]  Completed executor task 20
2023-06-30 12:30:02.624 worker_log:613 24692 MainThread [INFO]  All processing finished for executor task 20
2023-06-30 12:30:17.023 worker_log:584 24692 MainThread [INFO]  Received executor task 44
2023-06-30 12:31:35.943 worker_log:602 24692 MainThread [INFO]  Completed executor task 44
2023-06-30 12:31:35.944 worker_log:613 24692 MainThread [INFO]  All processing finished for executor task 44
2023-06-30 12:31:36.945 worker_log:584 24692 MainThread [INFO]  Received executor task 64
2023-06-30 12:32:43.596 worker_log:602 24692 MainThread [INFO]  Completed executor task 64
2023-06-30 12:32:43.597 worker_log:613 24692 MainThread [INFO]  All processing finished for executor task 64
2023-06-30 12:33:06.325 worker_log:584 24692 MainThread [INFO]  Received executor task 79
2023-06-30 12:33:43.152 worker_log:602 24692 MainThread [INFO]  Completed executor task 79
2023-06-30 12:33:43.153 worker_log:613 24692 MainThread [INFO]  All processing finished for executor task 79
2023-06-30 12:34:35.910 worker_log:584 24692 MainThread [INFO]  Received executor task 89
2023-06-30 12:34:56.498 worker_log:602 24692 MainThread [INFO]  Completed executor task 89
2023-06-30 12:34:56.499 worker_log:613 24692 MainThread [INFO]  All processing finished for executor task 89
2023-06-30 12:35:46.322 worker_log:584 24692 MainThread [INFO]  Received executor task 98
2023-06-30 12:36:22.533 worker_log:602 24692 MainThread [INFO]  Completed executor task 98
2023-06-30 12:36:22.534 worker_log:613 24692 MainThread [INFO]  All processing finished for executor task 98
2023-06-30 12:37:07.545 worker_log:584 24692 MainThread [INFO]  Received executor task 118
2023-06-30 12:38:21.396 worker_log:602 24692 MainThread [INFO]  Completed executor task 118
2023-06-30 12:38:21.397 worker_log:613 24692 MainThread [INFO]  All processing finished for executor task 118
2023-06-30 12:38:46.665 worker_log:584 24692 MainThread [INFO]  Received executor task 141
2023-06-30 12:39:17.683 worker_log:602 24692 MainThread [INFO]  Completed executor task 141
2023-06-30 12:39:17.683 worker_log:613 24692 MainThread [INFO]  All processing finished for executor task 141
2023-06-30 12:39:35.441 worker_log:584 24692 MainThread [INFO]  Received executor task 152
2023-06-30 12:40:18.459 worker_log:602 24692 MainThread [INFO]  Completed executor task 152
2023-06-30 12:40:18.460 worker_log:613 24692 MainThread [INFO]  All processing finished for executor task 152
2023-06-30 12:40:42.464 worker_log:584 24692 MainThread [INFO]  Received executor task 169
2023-06-30 12:41:09.917 worker_log:602 24692 MainThread [INFO]  Completed executor task 169
2023-06-30 12:41:09.918 worker_log:613 24692 MainThread [INFO]  All processing finished for executor task 169
2023-06-30 12:42:24.783 worker_log:584 24692 MainThread [INFO]  Received executor task 178
2023-06-30 12:43:17.687 worker_log:602 24692 MainThread [INFO]  Completed executor task 178
2023-06-30 12:43:17.688 worker_log:613 24692 MainThread [INFO]  All processing finished for executor task 178
2023-06-30 12:43:30.660 worker_log:584 24692 MainThread [INFO]  Received executor task 204
2023-06-30 12:44:11.739 worker_log:602 24692 MainThread [INFO]  Completed executor task 204
2023-06-30 12:44:11.739 worker_log:613 24692 MainThread [INFO]  All processing finished for executor task 204
2023-06-30 12:44:54.765 worker_log:584 24692 MainThread [INFO]  Received executor task 217
2023-06-30 12:45:27.695 worker_log:602 24692 MainThread [INFO]  Completed executor task 217
2023-06-30 12:45:27.695 worker_log:613 24692 MainThread [INFO]  All processing finished for executor task 217
2023-06-30 12:45:48.982 worker_log:584 24692 MainThread [INFO]  Received executor task 230
2023-06-30 12:46:28.355 worker_log:602 24692 MainThread [INFO]  Completed executor task 230
2023-06-30 12:46:28.356 worker_log:613 24692 MainThread [INFO]  All processing finished for executor task 230
2023-06-30 12:47:06.747 worker_log:584 24692 MainThread [INFO]  Received executor task 248
2023-06-30 12:47:54.773 worker_log:602 24692 MainThread [INFO]  Completed executor task 248
2023-06-30 12:47:54.774 worker_log:613 24692 MainThread [INFO]  All processing finished for executor task 248
2023-06-30 12:48:04.833 worker_log:584 24692 MainThread [INFO]  Received executor task 270
2023-06-30 12:48:47.497 worker_log:602 24692 MainThread [INFO]  Completed executor task 270
2023-06-30 12:48:47.498 worker_log:613 24692 MainThread [INFO]  All processing finished for executor task 270
2023-06-30 12:49:09.941 worker_log:584 24692 MainThread [INFO]  Received executor task 284
2023-06-30 12:50:36.877 worker_log:602 24692 MainThread [INFO]  Completed executor task 284
2023-06-30 12:50:36.878 worker_log:613 24692 MainThread [INFO]  All processing finished for executor task 284
2023-06-30 12:50:38.008 worker_log:584 24692 MainThread [INFO]  Received executor task 304
2023-06-30 12:51:21.427 worker_log:602 24692 MainThread [INFO]  Completed executor task 304
2023-06-30 12:51:21.428 worker_log:613 24692 MainThread [INFO]  All processing finished for executor task 304
2023-06-30 12:51:59.616 worker_log:584 24692 MainThread [INFO]  Received executor task 311
2023-06-30 12:52:37.032 worker_log:602 24692 MainThread [INFO]  Completed executor task 311
2023-06-30 12:52:37.033 worker_log:613 24692 MainThread [INFO]  All processing finished for executor task 311
2023-06-30 12:53:22.245 worker_log:584 24692 MainThread [INFO]  Received executor task 327
2023-06-30 12:54:00.943 worker_log:602 24692 MainThread [INFO]  Completed executor task 327
2023-06-30 12:54:00.944 worker_log:613 24692 MainThread [INFO]  All processing finished for executor task 327
2023-06-30 12:54:54.916 worker_log:584 24692 MainThread [INFO]  Received executor task 345
2023-06-30 12:55:38.242 worker_log:602 24692 MainThread [INFO]  Completed executor task 345
2023-06-30 12:55:38.243 worker_log:613 24692 MainThread [INFO]  All processing finished for executor task 345
2023-06-30 12:56:37.031 worker_log:584 24692 MainThread [INFO]  Received executor task 362
2023-06-30 12:57:10.749 worker_log:602 24692 MainThread [INFO]  Completed executor task 362
2023-06-30 12:57:10.750 worker_log:613 24692 MainThread [INFO]  All processing finished for executor task 362
2023-06-30 12:58:31.970 worker_log:584 24692 MainThread [INFO]  Received executor task 373
2023-06-30 12:59:02.840 worker_log:602 24692 MainThread [INFO]  Completed executor task 373
2023-06-30 12:59:02.840 worker_log:613 24692 MainThread [INFO]  All processing finished for executor task 373
2023-06-30 12:59:44.667 worker_log:584 24692 MainThread [INFO]  Received executor task 391
2023-06-30 13:00:33.282 worker_log:602 24692 MainThread [INFO]  Completed executor task 391
2023-06-30 13:00:33.283 worker_log:613 24692 MainThread [INFO]  All processing finished for executor task 391
2023-06-30 13:01:05.365 worker_log:584 24692 MainThread [INFO]  Received executor task 411
2023-06-30 13:01:34.410 worker_log:602 24692 MainThread [INFO]  Completed executor task 411
2023-06-30 13:01:34.411 worker_log:613 24692 MainThread [INFO]  All processing finished for executor task 411
2023-06-30 13:02:22.414 worker_log:584 24692 MainThread [INFO]  Received executor task 418
2023-06-30 13:02:56.449 worker_log:602 24692 MainThread [INFO]  Completed executor task 418
2023-06-30 13:02:56.450 worker_log:613 24692 MainThread [INFO]  All processing finished for executor task 418
2023-06-30 13:04:04.809 worker_log:584 24692 MainThread [INFO]  Received executor task 439
2023-06-30 13:05:04.416 worker_log:602 24692 MainThread [INFO]  Completed executor task 439
2023-06-30 13:05:04.416 worker_log:613 24692 MainThread [INFO]  All processing finished for executor task 439
2023-06-30 13:05:05.785 worker_log:584 24692 MainThread [INFO]  Received executor task 464
2023-06-30 13:05:36.521 worker_log:602 24692 MainThread [INFO]  Completed executor task 464
2023-06-30 13:05:36.522 worker_log:613 24692 MainThread [INFO]  All processing finished for executor task 464
2023-06-30 13:06:14.168 worker_log:584 24692 MainThread [INFO]  Received executor task 466
2023-06-30 13:07:03.744 worker_log:602 24692 MainThread [INFO]  Completed executor task 466
2023-06-30 13:07:03.744 worker_log:613 24692 MainThread [INFO]  All processing finished for executor task 466
2023-06-30 13:07:58.743 worker_log:584 24692 MainThread [INFO]  Received executor task 494
2023-06-30 13:08:47.716 worker_log:602 24692 MainThread [INFO]  Completed executor task 494
2023-06-30 13:08:47.717 worker_log:613 24692 MainThread [INFO]  All processing finished for executor task 494
2023-06-30 13:09:03.403 worker_log:584 24692 MainThread [INFO]  Received executor task 507
2023-06-30 13:09:27.418 worker_log:602 24692 MainThread [INFO]  Completed executor task 507
2023-06-30 13:09:27.419 worker_log:613 24692 MainThread [INFO]  All processing finished for executor task 507
2023-06-30 13:10:49.834 worker_log:584 24692 MainThread [INFO]  Received executor task 516
2023-06-30 13:11:29.636 worker_log:602 24692 MainThread [INFO]  Completed executor task 516
2023-06-30 13:11:29.637 worker_log:613 24692 MainThread [INFO]  All processing finished for executor task 516
2023-06-30 13:12:00.180 worker_log:584 24692 MainThread [INFO]  Received executor task 536
2023-06-30 13:12:35.150 worker_log:602 24692 MainThread [INFO]  Completed executor task 536
2023-06-30 13:12:35.151 worker_log:613 24692 MainThread [INFO]  All processing finished for executor task 536
2023-06-30 13:13:37.437 worker_log:584 24692 MainThread [INFO]  Received executor task 555
2023-06-30 13:14:19.137 worker_log:602 24692 MainThread [INFO]  Completed executor task 555
2023-06-30 13:14:19.137 worker_log:613 24692 MainThread [INFO]  All processing finished for executor task 555
2023-06-30 13:14:49.476 worker_log:584 24692 MainThread [INFO]  Received executor task 565
2023-06-30 13:15:21.812 worker_log:602 24692 MainThread [INFO]  Completed executor task 565
2023-06-30 13:15:21.812 worker_log:613 24692 MainThread [INFO]  All processing finished for executor task 565
2023-06-30 13:15:55.586 worker_log:584 24692 MainThread [INFO]  Received executor task 584
2023-06-30 13:16:54.737 worker_log:602 24692 MainThread [INFO]  Completed executor task 584
2023-06-30 13:16:54.738 worker_log:613 24692 MainThread [INFO]  All processing finished for executor task 584
2023-06-30 13:16:55.967 worker_log:584 24692 MainThread [INFO]  Received executor task 608
2023-06-30 13:17:24.272 worker_log:602 24692 MainThread [INFO]  Completed executor task 608
2023-06-30 13:17:24.273 worker_log:613 24692 MainThread [INFO]  All processing finished for executor task 608
2023-06-30 13:18:07.357 worker_log:584 24692 MainThread [INFO]  Received executor task 613
2023-06-30 13:18:34.360 worker_log:602 24692 MainThread [INFO]  Completed executor task 613
2023-06-30 13:18:34.361 worker_log:613 24692 MainThread [INFO]  All processing finished for executor task 613
2023-06-30 13:19:17.591 worker_log:584 24692 MainThread [INFO]  Received executor task 629
2023-06-30 13:20:18.694 worker_log:602 24692 MainThread [INFO]  Completed executor task 629
2023-06-30 13:20:18.695 worker_log:613 24692 MainThread [INFO]  All processing finished for executor task 629
2023-06-30 13:20:39.830 worker_log:584 24692 MainThread [INFO]  Received executor task 653
2023-06-30 13:21:07.057 worker_log:602 24692 MainThread [INFO]  Completed executor task 653
2023-06-30 13:21:07.058 worker_log:613 24692 MainThread [INFO]  All processing finished for executor task 653
2023-06-30 13:21:47.159 worker_log:584 24692 MainThread [INFO]  Received executor task 662
2023-06-30 13:23:07.723 worker_log:602 24692 MainThread [INFO]  Completed executor task 662
2023-06-30 13:23:07.723 worker_log:613 24692 MainThread [INFO]  All processing finished for executor task 662
2023-06-30 13:23:09.410 worker_log:584 24692 MainThread [INFO]  Received executor task 688
2023-06-30 13:23:31.233 worker_log:602 24692 MainThread [INFO]  Completed executor task 688
2023-06-30 13:23:31.234 worker_log:613 24692 MainThread [INFO]  All processing finished for executor task 688
2023-06-30 13:24:22.966 worker_log:584 24692 MainThread [INFO]  Received executor task 690
2023-06-30 13:24:52.459 worker_log:602 24692 MainThread [INFO]  Completed executor task 690
2023-06-30 13:24:52.460 worker_log:613 24692 MainThread [INFO]  All processing finished for executor task 690
2023-06-30 13:25:37.515 worker_log:584 24692 MainThread [INFO]  Received executor task 706
2023-06-30 13:25:54.238 worker_log:602 24692 MainThread [INFO]  Completed executor task 706
2023-06-30 13:25:54.238 worker_log:613 24692 MainThread [INFO]  All processing finished for executor task 706
2023-06-30 13:26:55.700 worker_log:584 24692 MainThread [INFO]  Received executor task 721
2023-06-30 13:28:04.018 worker_log:602 24692 MainThread [INFO]  Completed executor task 721
2023-06-30 13:28:04.019 worker_log:613 24692 MainThread [INFO]  All processing finished for executor task 721
2023-06-30 13:28:05.125 worker_log:584 24692 MainThread [INFO]  Received executor task 752
2023-06-30 13:28:42.713 worker_log:602 24692 MainThread [INFO]  Completed executor task 752
2023-06-30 13:28:42.714 worker_log:613 24692 MainThread [INFO]  All processing finished for executor task 752
2023-06-30 13:29:36.956 worker_log:584 24692 MainThread [INFO]  Received executor task 761
2023-06-30 13:30:13.333 worker_log:602 24692 MainThread [INFO]  Completed executor task 761
2023-06-30 13:30:13.333 worker_log:613 24692 MainThread [INFO]  All processing finished for executor task 761
2023-06-30 13:30:44.554 worker_log:584 24692 MainThread [INFO]  Received executor task 774
2023-06-30 13:31:33.979 worker_log:602 24692 MainThread [INFO]  Completed executor task 774
2023-06-30 13:31:33.980 worker_log:613 24692 MainThread [INFO]  All processing finished for executor task 774
2023-06-30 13:31:58.464 worker_log:584 24692 MainThread [INFO]  Received executor task 795
2023-06-30 13:32:39.971 worker_log:602 24692 MainThread [INFO]  Completed executor task 795
2023-06-30 13:32:39.972 worker_log:613 24692 MainThread [INFO]  All processing finished for executor task 795
2023-06-30 13:33:05.335 worker_log:584 24692 MainThread [INFO]  Received executor task 808
2023-06-30 13:33:16.972 worker_log:602 24692 MainThread [INFO]  Completed executor task 808
2023-06-30 13:33:16.972 worker_log:613 24692 MainThread [INFO]  All processing finished for executor task 808
2023-06-30 13:34:12.458 worker_log:584 24692 MainThread [INFO]  Received executor task 817
2023-06-30 13:34:47.856 worker_log:602 24692 MainThread [INFO]  Completed executor task 817
2023-06-30 13:34:47.856 worker_log:613 24692 MainThread [INFO]  All processing finished for executor task 817
2023-06-30 13:35:39.362 worker_log:584 24692 MainThread [INFO]  Received executor task 841
2023-06-30 13:36:37.288 worker_log:602 24692 MainThread [INFO]  Completed executor task 841
2023-06-30 13:36:37.289 worker_log:613 24692 MainThread [INFO]  All processing finished for executor task 841
2023-06-30 13:37:00.372 worker_log:584 24692 MainThread [INFO]  Received executor task 862
2023-06-30 13:37:35.777 worker_log:602 24692 MainThread [INFO]  Completed executor task 862
2023-06-30 13:37:35.777 worker_log:613 24692 MainThread [INFO]  All processing finished for executor task 862
2023-06-30 13:38:51.591 worker_log:584 24692 MainThread [INFO]  Received executor task 873
2023-06-30 13:39:16.369 worker_log:602 24692 MainThread [INFO]  Completed executor task 873
2023-06-30 13:39:16.370 worker_log:613 24692 MainThread [INFO]  All processing finished for executor task 873
2023-06-30 13:40:04.789 worker_log:584 24692 MainThread [INFO]  Received executor task 883
2023-06-30 13:41:07.043 worker_log:602 24692 MainThread [INFO]  Completed executor task 883
2023-06-30 13:41:07.044 worker_log:613 24692 MainThread [INFO]  All processing finished for executor task 883
2023-06-30 13:41:15.598 worker_log:584 24692 MainThread [INFO]  Received executor task 909
2023-06-30 13:41:41.396 worker_log:602 24692 MainThread [INFO]  Completed executor task 909
2023-06-30 13:41:41.397 worker_log:613 24692 MainThread [INFO]  All processing finished for executor task 909
2023-06-30 13:42:30.109 worker_log:584 24692 MainThread [INFO]  Received executor task 918
2023-06-30 13:43:14.056 worker_log:602 24692 MainThread [INFO]  Completed executor task 918
2023-06-30 13:43:14.057 worker_log:613 24692 MainThread [INFO]  All processing finished for executor task 918
2023-06-30 13:44:05.077 worker_log:584 24692 MainThread [INFO]  Received executor task 937
2023-06-30 13:45:18.080 worker_log:602 24692 MainThread [INFO]  Completed executor task 937
2023-06-30 13:45:18.081 worker_log:613 24692 MainThread [INFO]  All processing finished for executor task 937
2023-06-30 13:45:29.005 worker_log:584 24692 MainThread [INFO]  Received executor task 959
2023-06-30 13:45:52.861 worker_log:602 24692 MainThread [INFO]  Completed executor task 959
2023-06-30 13:45:52.861 worker_log:613 24692 MainThread [INFO]  All processing finished for executor task 959
2023-06-30 13:47:01.311 worker_log:584 24692 MainThread [INFO]  Received executor task 962
2023-06-30 13:47:32.175 worker_log:602 24692 MainThread [INFO]  Completed executor task 962
2023-06-30 13:47:32.176 worker_log:613 24692 MainThread [INFO]  All processing finished for executor task 962
2023-06-30 13:48:26.437 worker_log:584 24692 MainThread [INFO]  Received executor task 980
2023-06-30 13:48:50.311 worker_log:602 24692 MainThread [INFO]  Completed executor task 980
2023-06-30 13:48:50.312 worker_log:613 24692 MainThread [INFO]  All processing finished for executor task 980
2023-06-30 13:49:54.475 worker_log:584 24692 MainThread [INFO]  Received executor task 993
2023-06-30 13:50:42.413 worker_log:602 24692 MainThread [INFO]  Completed executor task 993
2023-06-30 13:50:42.414 worker_log:613 24692 MainThread [INFO]  All processing finished for executor task 993
2023-06-30 13:51:18.018 worker_log:584 24692 MainThread [INFO]  Received executor task 1017
2023-06-30 13:51:41.360 worker_log:602 24692 MainThread [INFO]  Completed executor task 1017
2023-06-30 13:51:41.361 worker_log:613 24692 MainThread [INFO]  All processing finished for executor task 1017
2023-06-30 13:52:32.833 worker_log:584 24692 MainThread [INFO]  Received executor task 1026
2023-06-30 13:53:00.310 worker_log:602 24692 MainThread [INFO]  Completed executor task 1026
2023-06-30 13:53:00.311 worker_log:613 24692 MainThread [INFO]  All processing finished for executor task 1026
2023-06-30 13:54:03.826 worker_log:584 24692 MainThread [INFO]  Received executor task 1042
2023-06-30 13:54:43.783 worker_log:602 24692 MainThread [INFO]  Completed executor task 1042
2023-06-30 13:54:43.784 worker_log:613 24692 MainThread [INFO]  All processing finished for executor task 1042
2023-06-30 13:55:40.220 worker_log:584 24692 MainThread [INFO]  Received executor task 1065
2023-06-30 13:56:33.853 worker_log:602 24692 MainThread [INFO]  Completed executor task 1065
2023-06-30 13:56:33.853 worker_log:613 24692 MainThread [INFO]  All processing finished for executor task 1065
2023-06-30 13:57:12.220 worker_log:584 24692 MainThread [INFO]  Received executor task 1083
2023-06-30 13:57:30.923 worker_log:602 24692 MainThread [INFO]  Completed executor task 1083
2023-06-30 13:57:30.924 worker_log:613 24692 MainThread [INFO]  All processing finished for executor task 1083
2023-06-30 13:58:53.832 worker_log:584 24692 MainThread [INFO]  Received executor task 1090
2023-06-30 13:59:31.970 worker_log:602 24692 MainThread [INFO]  Completed executor task 1090
2023-06-30 13:59:31.971 worker_log:613 24692 MainThread [INFO]  All processing finished for executor task 1090
2023-06-30 14:00:04.041 worker_log:584 24692 MainThread [INFO]  Received executor task 1114
2023-06-30 14:01:34.314 worker_log:602 24692 MainThread [INFO]  Completed executor task 1114
2023-06-30 14:01:34.314 worker_log:613 24692 MainThread [INFO]  All processing finished for executor task 1114
2023-06-30 14:01:35.956 worker_log:584 24692 MainThread [INFO]  Received executor task 1136
2023-06-30 14:02:39.554 worker_log:602 24692 MainThread [INFO]  Completed executor task 1136
2023-06-30 14:02:39.554 worker_log:613 24692 MainThread [INFO]  All processing finished for executor task 1136
2023-06-30 14:02:52.008 worker_log:584 24692 MainThread [INFO]  Received executor task 1150
2023-06-30 14:03:58.773 worker_log:602 24692 MainThread [INFO]  Completed executor task 1150
2023-06-30 14:03:58.773 worker_log:613 24692 MainThread [INFO]  All processing finished for executor task 1150
2023-06-30 14:04:00.056 worker_log:584 24692 MainThread [INFO]  Received executor task 1168
2023-06-30 14:04:54.896 worker_log:602 24692 MainThread [INFO]  Completed executor task 1168
2023-06-30 14:04:54.896 worker_log:613 24692 MainThread [INFO]  All processing finished for executor task 1168
2023-06-30 14:05:01.630 worker_log:584 24692 MainThread [INFO]  Received executor task 1181
2023-06-30 14:05:28.930 worker_log:602 24692 MainThread [INFO]  Completed executor task 1181
2023-06-30 14:05:28.931 worker_log:613 24692 MainThread [INFO]  All processing finished for executor task 1181
2023-06-30 14:06:36.870 worker_log:584 24692 MainThread [INFO]  Received executor task 1187
2023-06-30 14:07:20.828 worker_log:602 24692 MainThread [INFO]  Completed executor task 1187
2023-06-30 14:07:20.828 worker_log:613 24692 MainThread [INFO]  All processing finished for executor task 1187
2023-06-30 14:08:04.386 worker_log:584 24692 MainThread [INFO]  Received executor task 1211
2023-06-30 14:08:29.768 worker_log:602 24692 MainThread [INFO]  Completed executor task 1211
2023-06-30 14:08:29.769 worker_log:613 24692 MainThread [INFO]  All processing finished for executor task 1211
2023-06-30 14:09:15.048 worker_log:584 24692 MainThread [INFO]  Received executor task 1219
2023-06-30 14:10:06.498 worker_log:602 24692 MainThread [INFO]  Completed executor task 1219
2023-06-30 14:10:06.499 worker_log:613 24692 MainThread [INFO]  All processing finished for executor task 1219
2023-06-30 14:10:39.050 worker_log:584 24692 MainThread [INFO]  Received executor task 1244
2023-06-30 14:11:09.341 worker_log:602 24692 MainThread [INFO]  Completed executor task 1244
2023-06-30 14:11:09.342 worker_log:613 24692 MainThread [INFO]  All processing finished for executor task 1244
2023-06-30 14:12:32.260 worker_log:584 24692 MainThread [INFO]  Received executor task 1252
2023-06-30 14:13:02.203 worker_log:602 24692 MainThread [INFO]  Completed executor task 1252
2023-06-30 14:13:02.204 worker_log:613 24692 MainThread [INFO]  All processing finished for executor task 1252
2023-06-30 14:14:10.275 worker_log:584 24692 MainThread [INFO]  Received executor task 1269
2023-06-30 14:14:24.064 worker_log:602 24692 MainThread [INFO]  Completed executor task 1269
2023-06-30 14:14:24.065 worker_log:613 24692 MainThread [INFO]  All processing finished for executor task 1269
2023-06-30 14:15:25.926 worker_log:584 24692 MainThread [INFO]  Received executor task 1281
2023-06-30 14:15:50.869 worker_log:602 24692 MainThread [INFO]  Completed executor task 1281
2023-06-30 14:15:50.870 worker_log:613 24692 MainThread [INFO]  All processing finished for executor task 1281
2023-06-30 14:16:23.529 worker_log:584 24692 MainThread [INFO]  Received executor task 1299
2023-06-30 14:16:38.614 worker_log:602 24692 MainThread [INFO]  Completed executor task 1299
2023-06-30 14:16:38.614 worker_log:613 24692 MainThread [INFO]  All processing finished for executor task 1299
2023-06-30 14:17:42.413 worker_log:584 24692 MainThread [INFO]  Received executor task 1313
2023-06-30 14:18:33.268 worker_log:602 24692 MainThread [INFO]  Completed executor task 1313
2023-06-30 14:18:33.268 worker_log:613 24692 MainThread [INFO]  All processing finished for executor task 1313
2023-06-30 14:19:22.721 worker_log:584 24692 MainThread [INFO]  Received executor task 1342
2023-06-30 14:19:49.884 worker_log:602 24692 MainThread [INFO]  Completed executor task 1342
2023-06-30 14:19:49.884 worker_log:613 24692 MainThread [INFO]  All processing finished for executor task 1342
2023-06-30 14:20:33.086 worker_log:584 24692 MainThread [INFO]  Received executor task 1350
2023-06-30 14:21:12.223 worker_log:602 24692 MainThread [INFO]  Completed executor task 1350
2023-06-30 14:21:12.223 worker_log:613 24692 MainThread [INFO]  All processing finished for executor task 1350
2023-06-30 14:21:58.472 worker_log:584 24692 MainThread [INFO]  Received executor task 1368
2023-06-30 14:22:35.722 worker_log:602 24692 MainThread [INFO]  Completed executor task 1368
2023-06-30 14:22:35.722 worker_log:613 24692 MainThread [INFO]  All processing finished for executor task 1368
2023-06-30 14:23:08.283 worker_log:584 24692 MainThread [INFO]  Received executor task 1387
2023-06-30 14:23:28.153 worker_log:602 24692 MainThread [INFO]  Completed executor task 1387
2023-06-30 14:23:28.154 worker_log:613 24692 MainThread [INFO]  All processing finished for executor task 1387
2023-06-30 14:24:26.847 worker_log:584 24692 MainThread [INFO]  Received executor task 1394
2023-06-30 14:25:18.304 worker_log:602 24692 MainThread [INFO]  Completed executor task 1394
2023-06-30 14:25:18.304 worker_log:613 24692 MainThread [INFO]  All processing finished for executor task 1394
2023-06-30 14:25:36.564 worker_log:584 24692 MainThread [INFO]  Received executor task 1421
2023-06-30 14:26:07.867 worker_log:602 24692 MainThread [INFO]  Completed executor task 1421
2023-06-30 14:26:07.868 worker_log:613 24692 MainThread [INFO]  All processing finished for executor task 1421
2023-06-30 14:26:45.708 worker_log:584 24692 MainThread [INFO]  Received executor task 1431
2023-06-30 14:27:24.233 worker_log:602 24692 MainThread [INFO]  Completed executor task 1431
2023-06-30 14:27:24.233 worker_log:613 24692 MainThread [INFO]  All processing finished for executor task 1431
2023-06-30 14:27:53.294 worker_log:584 24692 MainThread [INFO]  Received executor task 1449
2023-06-30 14:28:19.363 worker_log:602 24692 MainThread [INFO]  Completed executor task 1449
2023-06-30 14:28:19.364 worker_log:613 24692 MainThread [INFO]  All processing finished for executor task 1449
2023-06-30 14:29:16.997 worker_log:584 24692 MainThread [INFO]  Received executor task 1460
2023-06-30 14:29:54.645 worker_log:602 24692 MainThread [INFO]  Completed executor task 1460
2023-06-30 14:29:54.646 worker_log:613 24692 MainThread [INFO]  All processing finished for executor task 1460
2023-06-30 14:30:24.160 worker_log:584 24692 MainThread [INFO]  Received executor task 1478
2023-06-30 14:30:46.911 worker_log:602 24692 MainThread [INFO]  Completed executor task 1478
2023-06-30 14:30:46.911 worker_log:613 24692 MainThread [INFO]  All processing finished for executor task 1478
2023-06-30 14:32:01.507 worker_log:584 24692 MainThread [INFO]  Received executor task 1491
2023-06-30 14:32:49.931 worker_log:602 24692 MainThread [INFO]  Completed executor task 1491
2023-06-30 14:32:49.932 worker_log:613 24692 MainThread [INFO]  All processing finished for executor task 1491
2023-06-30 14:33:26.429 worker_log:584 24692 MainThread [INFO]  Received executor task 1513
2023-06-30 14:34:42.370 worker_log:602 24692 MainThread [INFO]  Completed executor task 1513
2023-06-30 14:34:42.371 worker_log:613 24692 MainThread [INFO]  All processing finished for executor task 1513
2023-06-30 14:34:43.330 worker_log:584 24692 MainThread [INFO]  Received executor task 1536
2023-06-30 14:35:14.504 worker_log:602 24692 MainThread [INFO]  Completed executor task 1536
2023-06-30 14:35:14.505 worker_log:613 24692 MainThread [INFO]  All processing finished for executor task 1536
2023-06-30 14:35:37.082 worker_log:584 24692 MainThread [INFO]  Received executor task 1544
2023-06-30 14:36:09.075 worker_log:602 24692 MainThread [INFO]  Completed executor task 1544
2023-06-30 14:36:09.075 worker_log:613 24692 MainThread [INFO]  All processing finished for executor task 1544
2023-06-30 14:37:00.263 worker_log:584 24692 MainThread [INFO]  Received executor task 1555
2023-06-30 14:38:04.305 worker_log:602 24692 MainThread [INFO]  Completed executor task 1555
2023-06-30 14:38:04.305 worker_log:613 24692 MainThread [INFO]  All processing finished for executor task 1555
2023-06-30 14:38:08.885 worker_log:584 24692 MainThread [INFO]  Received executor task 1582
2023-06-30 14:39:03.640 worker_log:602 24692 MainThread [INFO]  Completed executor task 1582
2023-06-30 14:39:03.641 worker_log:613 24692 MainThread [INFO]  All processing finished for executor task 1582
2023-06-30 14:39:05.760 worker_log:584 24692 MainThread [INFO]  Received executor task 1599
2023-06-30 14:39:40.065 worker_log:602 24692 MainThread [INFO]  Completed executor task 1599
2023-06-30 14:39:40.065 worker_log:613 24692 MainThread [INFO]  All processing finished for executor task 1599
2023-06-30 14:39:49.086 worker_log:584 24692 MainThread [INFO]  Received executor task 1610
2023-06-30 14:41:10.340 worker_log:602 24692 MainThread [INFO]  Completed executor task 1610
2023-06-30 14:41:10.341 worker_log:613 24692 MainThread [INFO]  All processing finished for executor task 1610
2023-06-30 14:41:31.895 worker_log:584 24692 MainThread [INFO]  Received executor task 1631
2023-06-30 14:42:02.485 worker_log:602 24692 MainThread [INFO]  Completed executor task 1631
2023-06-30 14:42:02.485 worker_log:613 24692 MainThread [INFO]  All processing finished for executor task 1631
2023-06-30 14:43:00.432 worker_log:584 24692 MainThread [INFO]  Received executor task 1638
2023-06-30 14:43:34.623 worker_log:602 24692 MainThread [INFO]  Completed executor task 1638
2023-06-30 14:43:34.624 worker_log:613 24692 MainThread [INFO]  All processing finished for executor task 1638
2023-06-30 14:44:05.391 worker_log:584 24692 MainThread [INFO]  Received executor task 1657
2023-06-30 14:44:46.478 worker_log:602 24692 MainThread [INFO]  Completed executor task 1657
2023-06-30 14:44:46.479 worker_log:613 24692 MainThread [INFO]  All processing finished for executor task 1657
2023-06-30 14:45:16.693 worker_log:584 24692 MainThread [INFO]  Received executor task 1676
2023-06-30 14:45:36.937 worker_log:602 24692 MainThread [INFO]  Completed executor task 1676
2023-06-30 14:45:36.938 worker_log:613 24692 MainThread [INFO]  All processing finished for executor task 1676
2023-06-30 14:46:33.033 worker_log:584 24692 MainThread [INFO]  Received executor task 1682
2023-06-30 14:46:52.743 worker_log:602 24692 MainThread [INFO]  Completed executor task 1682
2023-06-30 14:46:52.744 worker_log:613 24692 MainThread [INFO]  All processing finished for executor task 1682
2023-06-30 14:48:18.171 worker_log:584 24692 MainThread [INFO]  Received executor task 1698
2023-06-30 14:48:54.087 worker_log:602 24692 MainThread [INFO]  Completed executor task 1698
2023-06-30 14:48:54.088 worker_log:613 24692 MainThread [INFO]  All processing finished for executor task 1698
2023-06-30 14:49:21.375 worker_log:584 24692 MainThread [INFO]  Received executor task 1716
2023-06-30 14:49:41.873 worker_log:602 24692 MainThread [INFO]  Completed executor task 1716
2023-06-30 14:49:41.874 worker_log:613 24692 MainThread [INFO]  All processing finished for executor task 1716
2023-06-30 14:50:26.351 worker_log:584 24692 MainThread [INFO]  Received executor task 1730
2023-06-30 14:51:21.735 worker_log:602 24692 MainThread [INFO]  Completed executor task 1730
2023-06-30 14:51:21.735 worker_log:613 24692 MainThread [INFO]  All processing finished for executor task 1730
2023-06-30 14:51:57.911 worker_log:584 24692 MainThread [INFO]  Received executor task 1755
2023-06-30 14:52:36.517 worker_log:602 24692 MainThread [INFO]  Completed executor task 1755
2023-06-30 14:52:36.518 worker_log:613 24692 MainThread [INFO]  All processing finished for executor task 1755
2023-06-30 14:53:05.164 worker_log:584 24692 MainThread [INFO]  Received executor task 1771
2023-06-30 14:53:46.685 worker_log:602 24692 MainThread [INFO]  Completed executor task 1771
2023-06-30 14:53:46.686 worker_log:613 24692 MainThread [INFO]  All processing finished for executor task 1771
2023-06-30 14:54:21.126 worker_log:584 24692 MainThread [INFO]  Received executor task 1787
2023-06-30 14:55:12.309 worker_log:602 24692 MainThread [INFO]  Completed executor task 1787
2023-06-30 14:55:12.310 worker_log:613 24692 MainThread [INFO]  All processing finished for executor task 1787
2023-06-30 14:55:35.995 worker_log:584 24692 MainThread [INFO]  Received executor task 1806
2023-06-30 14:56:30.168 worker_log:602 24692 MainThread [INFO]  Completed executor task 1806
2023-06-30 14:56:30.169 worker_log:613 24692 MainThread [INFO]  All processing finished for executor task 1806
2023-06-30 14:56:50.827 worker_log:584 24692 MainThread [INFO]  Received executor task 1822
2023-06-30 14:57:46.965 worker_log:602 24692 MainThread [INFO]  Completed executor task 1822
2023-06-30 14:57:46.966 worker_log:613 24692 MainThread [INFO]  All processing finished for executor task 1822
2023-06-30 14:58:17.352 worker_log:584 24692 MainThread [INFO]  Received executor task 1837
2023-06-30 14:58:55.899 worker_log:602 24692 MainThread [INFO]  Completed executor task 1837
2023-06-30 14:58:55.900 worker_log:613 24692 MainThread [INFO]  All processing finished for executor task 1837
2023-06-30 14:59:26.113 worker_log:584 24692 MainThread [INFO]  Received executor task 1848
2023-06-30 14:59:49.519 worker_log:602 24692 MainThread [INFO]  Completed executor task 1848
2023-06-30 14:59:49.519 worker_log:613 24692 MainThread [INFO]  All processing finished for executor task 1848
2023-06-30 15:00:38.545 worker_log:584 24692 MainThread [INFO]  Received executor task 1860
2023-06-30 15:01:24.162 worker_log:602 24692 MainThread [INFO]  Completed executor task 1860
2023-06-30 15:01:24.163 worker_log:613 24692 MainThread [INFO]  All processing finished for executor task 1860
2023-06-30 15:01:53.772 worker_log:584 24692 MainThread [INFO]  Received executor task 1881
2023-06-30 15:02:51.478 worker_log:602 24692 MainThread [INFO]  Completed executor task 1881
2023-06-30 15:02:51.478 worker_log:613 24692 MainThread [INFO]  All processing finished for executor task 1881
2023-06-30 15:03:37.654 worker_log:584 24692 MainThread [INFO]  Received executor task 1899
2023-06-30 15:04:24.194 worker_log:602 24692 MainThread [INFO]  Completed executor task 1899
2023-06-30 15:04:24.195 worker_log:613 24692 MainThread [INFO]  All processing finished for executor task 1899
2023-06-30 15:05:14.070 worker_log:584 24692 MainThread [INFO]  Received executor task 1914
2023-06-30 15:06:22.621 worker_log:602 24692 MainThread [INFO]  Completed executor task 1914
2023-06-30 15:06:22.622 worker_log:613 24692 MainThread [INFO]  All processing finished for executor task 1914
2023-06-30 15:06:30.457 worker_log:584 24692 MainThread [INFO]  Received executor task 1935
2023-06-30 15:07:22.798 worker_log:602 24692 MainThread [INFO]  Completed executor task 1935
2023-06-30 15:07:22.798 worker_log:613 24692 MainThread [INFO]  All processing finished for executor task 1935
2023-06-30 15:07:51.014 worker_log:584 24692 MainThread [INFO]  Received executor task 1945
2023-06-30 15:08:42.148 worker_log:602 24692 MainThread [INFO]  Completed executor task 1945
2023-06-30 15:08:42.149 worker_log:613 24692 MainThread [INFO]  All processing finished for executor task 1945
2023-06-30 15:08:54.018 worker_log:584 24692 MainThread [INFO]  Received executor task 1965
2023-06-30 15:09:24.426 worker_log:602 24692 MainThread [INFO]  Completed executor task 1965
2023-06-30 15:09:24.427 worker_log:613 24692 MainThread [INFO]  All processing finished for executor task 1965
2023-06-30 15:10:23.790 worker_log:584 24692 MainThread [INFO]  Received executor task 1974
2023-06-30 15:11:03.366 worker_log:602 24692 MainThread [INFO]  Completed executor task 1974
2023-06-30 15:11:03.367 worker_log:613 24692 MainThread [INFO]  All processing finished for executor task 1974
2023-06-30 15:11:27.386 worker_log:584 24692 MainThread [INFO]  Received executor task 1993
2023-06-30 15:12:08.322 worker_log:602 24692 MainThread [INFO]  Completed executor task 1993
2023-06-30 15:12:08.322 worker_log:613 24692 MainThread [INFO]  All processing finished for executor task 1993
2023-06-30 15:12:45.455 worker_log:584 24692 MainThread [INFO]  Received executor task 2012
2023-06-30 15:13:56.033 worker_log:602 24692 MainThread [INFO]  Completed executor task 2012
2023-06-30 15:13:56.033 worker_log:613 24692 MainThread [INFO]  All processing finished for executor task 2012
2023-06-30 15:14:04.044 worker_log:584 24692 MainThread [INFO]  Received executor task 2030
2023-06-30 15:14:42.292 worker_log:602 24692 MainThread [INFO]  Completed executor task 2030
2023-06-30 15:14:42.293 worker_log:613 24692 MainThread [INFO]  All processing finished for executor task 2030
2023-06-30 15:15:22.036 worker_log:584 24692 MainThread [INFO]  Received executor task 2038
2023-06-30 15:16:19.748 worker_log:602 24692 MainThread [INFO]  Completed executor task 2038
2023-06-30 15:16:19.749 worker_log:613 24692 MainThread [INFO]  All processing finished for executor task 2038
2023-06-30 15:16:21.502 worker_log:584 24692 MainThread [INFO]  Received executor task 2064
2023-06-30 15:17:21.097 worker_log:602 24692 MainThread [INFO]  Completed executor task 2064
2023-06-30 15:17:21.097 worker_log:613 24692 MainThread [INFO]  All processing finished for executor task 2064
2023-06-30 15:17:35.203 worker_log:584 24692 MainThread [INFO]  Received executor task 2079
2023-06-30 15:18:27.515 worker_log:602 24692 MainThread [INFO]  Completed executor task 2079
2023-06-30 15:18:27.516 worker_log:613 24692 MainThread [INFO]  All processing finished for executor task 2079
2023-06-30 15:18:51.671 worker_log:584 24692 MainThread [INFO]  Received executor task 2092
2023-06-30 15:19:35.461 worker_log:602 24692 MainThread [INFO]  Completed executor task 2092
2023-06-30 15:19:35.461 worker_log:613 24692 MainThread [INFO]  All processing finished for executor task 2092
2023-06-30 15:20:07.802 worker_log:584 24692 MainThread [INFO]  Received executor task 2106
2023-06-30 15:20:24.415 worker_log:602 24692 MainThread [INFO]  Completed executor task 2106
2023-06-30 15:20:24.415 worker_log:613 24692 MainThread [INFO]  All processing finished for executor task 2106
2023-06-30 15:21:33.858 worker_log:584 24692 MainThread [INFO]  Received executor task 2113
2023-06-30 15:22:06.526 worker_log:602 24692 MainThread [INFO]  Completed executor task 2113
2023-06-30 15:22:06.527 worker_log:613 24692 MainThread [INFO]  All processing finished for executor task 2113
2023-06-30 15:22:37.526 worker_log:584 24692 MainThread [INFO]  Received executor task 2135
2023-06-30 15:23:07.467 worker_log:602 24692 MainThread [INFO]  Completed executor task 2135
2023-06-30 15:23:07.467 worker_log:613 24692 MainThread [INFO]  All processing finished for executor task 2135
2023-06-30 15:23:45.515 worker_log:584 24692 MainThread [INFO]  Received executor task 2146
2023-06-30 15:24:02.702 worker_log:602 24692 MainThread [INFO]  Completed executor task 2146
2023-06-30 15:24:02.703 worker_log:613 24692 MainThread [INFO]  All processing finished for executor task 2146
2023-06-30 15:25:12.717 worker_log:584 24692 MainThread [INFO]  Received executor task 2163
2023-06-30 15:26:03.935 worker_log:602 24692 MainThread [INFO]  Completed executor task 2163
2023-06-30 15:26:03.936 worker_log:613 24692 MainThread [INFO]  All processing finished for executor task 2163
2023-06-30 15:26:56.787 worker_log:584 24692 MainThread [INFO]  Received executor task 2189
2023-06-30 15:27:33.248 worker_log:602 24692 MainThread [INFO]  Completed executor task 2189
2023-06-30 15:27:33.249 worker_log:613 24692 MainThread [INFO]  All processing finished for executor task 2189
2023-06-30 15:28:33.156 worker_log:584 24692 MainThread [INFO]  Received executor task 2201
2023-06-30 15:29:02.584 worker_log:602 24692 MainThread [INFO]  Completed executor task 2201
2023-06-30 15:29:02.585 worker_log:613 24692 MainThread [INFO]  All processing finished for executor task 2201
2023-06-30 15:30:00.721 worker_log:584 24692 MainThread [INFO]  Received executor task 2211
2023-06-30 15:30:49.879 worker_log:602 24692 MainThread [INFO]  Completed executor task 2211
2023-06-30 15:30:49.879 worker_log:613 24692 MainThread [INFO]  All processing finished for executor task 2211
2023-06-30 15:31:31.198 worker_log:584 24692 MainThread [INFO]  Received executor task 2233
2023-06-30 15:32:05.660 worker_log:602 24692 MainThread [INFO]  Completed executor task 2233
2023-06-30 15:32:05.660 worker_log:613 24692 MainThread [INFO]  All processing finished for executor task 2233
2023-06-30 15:32:36.334 worker_log:584 24692 MainThread [INFO]  Received executor task 2246
2023-06-30 15:33:08.151 worker_log:602 24692 MainThread [INFO]  Completed executor task 2246
2023-06-30 15:33:08.151 worker_log:613 24692 MainThread [INFO]  All processing finished for executor task 2246
2023-06-30 15:33:33.316 worker_log:584 24692 MainThread [INFO]  Received executor task 2263
2023-06-30 15:34:04.841 worker_log:602 24692 MainThread [INFO]  Completed executor task 2263
2023-06-30 15:34:04.842 worker_log:613 24692 MainThread [INFO]  All processing finished for executor task 2263
2023-06-30 15:34:59.026 worker_log:584 24692 MainThread [INFO]  Received executor task 2278
2023-06-30 15:36:10.262 worker_log:602 24692 MainThread [INFO]  Completed executor task 2278
2023-06-30 15:36:10.263 worker_log:613 24692 MainThread [INFO]  All processing finished for executor task 2278
2023-06-30 15:37:26.485 worker_log:584 24692 MainThread [INFO]  Received executor task 2302
2023-06-30 15:37:56.532 worker_log:602 24692 MainThread [INFO]  Completed executor task 2302
2023-06-30 15:37:56.532 worker_log:613 24692 MainThread [INFO]  All processing finished for executor task 2302
2023-06-30 15:38:45.704 worker_log:584 24692 MainThread [INFO]  Received executor task 2312
2023-06-30 15:39:56.813 worker_log:602 24692 MainThread [INFO]  Completed executor task 2312
2023-06-30 15:39:56.813 worker_log:613 24692 MainThread [INFO]  All processing finished for executor task 2312
2023-06-30 15:39:57.850 worker_log:584 24692 MainThread [INFO]  Received executor task 2336
2023-06-30 15:40:27.237 worker_log:602 24692 MainThread [INFO]  Completed executor task 2336
2023-06-30 15:40:27.237 worker_log:613 24692 MainThread [INFO]  All processing finished for executor task 2336
2023-06-30 15:41:19.274 worker_log:584 24692 MainThread [INFO]  Received executor task 2341
2023-06-30 15:42:14.350 worker_log:602 24692 MainThread [INFO]  Completed executor task 2341
2023-06-30 15:42:14.351 worker_log:613 24692 MainThread [INFO]  All processing finished for executor task 2341
2023-06-30 15:42:30.039 worker_log:584 24692 MainThread [INFO]  Received executor task 2365
2023-06-30 15:43:32.645 worker_log:602 24692 MainThread [INFO]  Completed executor task 2365
2023-06-30 15:43:32.645 worker_log:613 24692 MainThread [INFO]  All processing finished for executor task 2365
2023-06-30 15:43:34.620 worker_log:584 24692 MainThread [INFO]  Received executor task 2383
2023-06-30 15:44:36.484 worker_log:602 24692 MainThread [INFO]  Completed executor task 2383
2023-06-30 15:44:36.484 worker_log:613 24692 MainThread [INFO]  All processing finished for executor task 2383
2023-06-30 15:45:09.401 worker_log:584 24692 MainThread [INFO]  Received executor task 2399
2023-06-30 15:45:48.213 worker_log:602 24692 MainThread [INFO]  Completed executor task 2399
2023-06-30 15:45:48.213 worker_log:613 24692 MainThread [INFO]  All processing finished for executor task 2399
2023-06-30 15:46:22.683 worker_log:584 24692 MainThread [INFO]  Received executor task 2408
2023-06-30 15:46:49.201 worker_log:602 24692 MainThread [INFO]  Completed executor task 2408
2023-06-30 15:46:49.202 worker_log:613 24692 MainThread [INFO]  All processing finished for executor task 2408
2023-06-30 15:47:35.976 worker_log:584 24692 MainThread [INFO]  Received executor task 2419
2023-06-30 15:48:32.351 worker_log:602 24692 MainThread [INFO]  Completed executor task 2419
2023-06-30 15:48:32.351 worker_log:613 24692 MainThread [INFO]  All processing finished for executor task 2419
2023-06-30 15:48:38.063 worker_log:584 24692 MainThread [INFO]  Received executor task 2446
2023-06-30 15:49:07.549 worker_log:602 24692 MainThread [INFO]  Completed executor task 2446
2023-06-30 15:49:07.549 worker_log:613 24692 MainThread [INFO]  All processing finished for executor task 2446
2023-06-30 15:50:02.020 worker_log:584 24692 MainThread [INFO]  Received executor task 2451
2023-06-30 15:50:56.199 worker_log:602 24692 MainThread [INFO]  Completed executor task 2451
2023-06-30 15:50:56.200 worker_log:613 24692 MainThread [INFO]  All processing finished for executor task 2451
2023-06-30 15:51:11.912 worker_log:584 24692 MainThread [INFO]  Received executor task 2479
2023-06-30 15:51:50.423 worker_log:602 24692 MainThread [INFO]  Completed executor task 2479
2023-06-30 15:51:50.423 worker_log:613 24692 MainThread [INFO]  All processing finished for executor task 2479
2023-06-30 15:52:26.781 worker_log:584 24692 MainThread [INFO]  Received executor task 2486
2023-06-30 15:52:52.693 worker_log:602 24692 MainThread [INFO]  Completed executor task 2486
2023-06-30 15:52:52.694 worker_log:613 24692 MainThread [INFO]  All processing finished for executor task 2486
2023-06-30 15:53:56.693 worker_log:584 24692 MainThread [INFO]  Received executor task 2499
2023-06-30 15:54:23.368 worker_log:602 24692 MainThread [INFO]  Completed executor task 2499
2023-06-30 15:54:23.368 worker_log:613 24692 MainThread [INFO]  All processing finished for executor task 2499
2023-06-30 15:55:45.663 worker_log:584 24692 MainThread [INFO]  Received executor task 2515
2023-06-30 15:56:19.867 worker_log:602 24692 MainThread [INFO]  Completed executor task 2515
2023-06-30 15:56:19.868 worker_log:613 24692 MainThread [INFO]  All processing finished for executor task 2515
2023-06-30 15:56:40.019 worker_log:584 24692 MainThread [INFO]  Received executor task 2536
2023-06-30 15:57:19.793 worker_log:602 24692 MainThread [INFO]  Completed executor task 2536
2023-06-30 15:57:19.794 worker_log:613 24692 MainThread [INFO]  All processing finished for executor task 2536
2023-06-30 15:58:08.083 worker_log:584 24692 MainThread [INFO]  Received executor task 2552
2023-06-30 15:58:38.305 worker_log:602 24692 MainThread [INFO]  Completed executor task 2552
2023-06-30 15:58:38.306 worker_log:613 24692 MainThread [INFO]  All processing finished for executor task 2552
2023-06-30 15:59:10.792 worker_log:584 24692 MainThread [INFO]  Received executor task 2566
2023-06-30 15:59:21.156 worker_log:602 24692 MainThread [INFO]  Completed executor task 2566
2023-06-30 15:59:21.157 worker_log:613 24692 MainThread [INFO]  All processing finished for executor task 2566
2023-06-30 15:59:59.650 worker_log:584 24692 MainThread [INFO]  Received executor task 2577
2023-06-30 16:00:57.024 worker_log:602 24692 MainThread [INFO]  Completed executor task 2577
2023-06-30 16:00:57.025 worker_log:613 24692 MainThread [INFO]  All processing finished for executor task 2577
2023-06-30 16:01:30.484 worker_log:584 24692 MainThread [INFO]  Received executor task 2607
2023-06-30 16:01:49.174 worker_log:602 24692 MainThread [INFO]  Completed executor task 2607
2023-06-30 16:01:49.175 worker_log:613 24692 MainThread [INFO]  All processing finished for executor task 2607
2023-06-30 16:02:26.257 worker_log:584 24692 MainThread [INFO]  Received executor task 2610
2023-06-30 16:03:09.273 worker_log:602 24692 MainThread [INFO]  Completed executor task 2610
2023-06-30 16:03:09.274 worker_log:613 24692 MainThread [INFO]  All processing finished for executor task 2610
2023-06-30 16:03:49.176 worker_log:584 24692 MainThread [INFO]  Received executor task 2633
2023-06-30 16:04:26.496 worker_log:602 24692 MainThread [INFO]  Completed executor task 2633
2023-06-30 16:04:26.497 worker_log:613 24692 MainThread [INFO]  All processing finished for executor task 2633
2023-06-30 16:05:37.245 worker_log:584 24692 MainThread [INFO]  Received executor task 2647
2023-06-30 16:06:38.808 worker_log:602 24692 MainThread [INFO]  Completed executor task 2647
2023-06-30 16:06:38.809 worker_log:613 24692 MainThread [INFO]  All processing finished for executor task 2647
2023-06-30 16:07:01.751 worker_log:584 24692 MainThread [INFO]  Received executor task 2671
2023-06-30 16:07:21.252 worker_log:602 24692 MainThread [INFO]  Completed executor task 2671
2023-06-30 16:07:21.252 worker_log:613 24692 MainThread [INFO]  All processing finished for executor task 2671
2023-06-30 16:08:04.812 worker_log:584 24692 MainThread [INFO]  Received executor task 2673
2023-06-30 16:08:42.564 worker_log:602 24692 MainThread [INFO]  Completed executor task 2673
2023-06-30 16:08:42.564 worker_log:613 24692 MainThread [INFO]  All processing finished for executor task 2673
2023-06-30 16:09:19.914 worker_log:584 24692 MainThread [INFO]  Received executor task 2699
2023-06-30 16:10:13.794 worker_log:602 24692 MainThread [INFO]  Completed executor task 2699
2023-06-30 16:10:13.795 worker_log:613 24692 MainThread [INFO]  All processing finished for executor task 2699
2023-06-30 16:10:35.978 worker_log:584 24692 MainThread [INFO]  Received executor task 2716
2023-06-30 16:11:28.373 worker_log:602 24692 MainThread [INFO]  Completed executor task 2716
2023-06-30 16:11:28.373 worker_log:613 24692 MainThread [INFO]  All processing finished for executor task 2716
2023-06-30 16:11:51.640 worker_log:584 24692 MainThread [INFO]  Received executor task 2733
2023-06-30 16:12:49.225 worker_log:602 24692 MainThread [INFO]  Completed executor task 2733
2023-06-30 16:12:49.225 worker_log:613 24692 MainThread [INFO]  All processing finished for executor task 2733
2023-06-30 16:13:25.591 worker_log:584 24692 MainThread [INFO]  Received executor task 2748
2023-06-30 16:13:58.336 worker_log:602 24692 MainThread [INFO]  Completed executor task 2748
2023-06-30 16:13:58.336 worker_log:613 24692 MainThread [INFO]  All processing finished for executor task 2748
2023-06-30 16:14:26.117 worker_log:584 24692 MainThread [INFO]  Received executor task 2762
2023-06-30 16:14:52.393 worker_log:602 24692 MainThread [INFO]  Completed executor task 2762
2023-06-30 16:14:52.393 worker_log:613 24692 MainThread [INFO]  All processing finished for executor task 2762
2023-06-30 16:15:48.720 worker_log:584 24692 MainThread [INFO]  Received executor task 2773
2023-06-30 16:16:09.701 worker_log:602 24692 MainThread [INFO]  Completed executor task 2773
2023-06-30 16:16:09.702 worker_log:613 24692 MainThread [INFO]  All processing finished for executor task 2773
2023-06-30 16:17:16.854 worker_log:584 24692 MainThread [INFO]  Received executor task 2787
2023-06-30 16:17:49.232 worker_log:602 24692 MainThread [INFO]  Completed executor task 2787
2023-06-30 16:17:49.233 worker_log:613 24692 MainThread [INFO]  All processing finished for executor task 2787
2023-06-30 16:18:14.896 worker_log:584 24692 MainThread [INFO]  Received executor task 2804
2023-06-30 16:18:36.486 worker_log:602 24692 MainThread [INFO]  Completed executor task 2804
2023-06-30 16:18:36.486 worker_log:613 24692 MainThread [INFO]  All processing finished for executor task 2804
2023-06-30 16:19:42.053 worker_log:584 24692 MainThread [INFO]  Received executor task 2819
2023-06-30 16:20:42.141 worker_log:602 24692 MainThread [INFO]  Completed executor task 2819
2023-06-30 16:20:42.141 worker_log:613 24692 MainThread [INFO]  All processing finished for executor task 2819
2023-06-30 16:20:50.253 worker_log:584 24692 MainThread [INFO]  Received executor task 2846
2023-06-30 16:21:32.859 worker_log:602 24692 MainThread [INFO]  Completed executor task 2846
2023-06-30 16:21:32.860 worker_log:613 24692 MainThread [INFO]  All processing finished for executor task 2846
2023-06-30 16:22:00.250 worker_log:584 24692 MainThread [INFO]  Received executor task 2859
2023-06-30 16:22:47.246 worker_log:602 24692 MainThread [INFO]  Completed executor task 2859
2023-06-30 16:22:47.246 worker_log:613 24692 MainThread [INFO]  All processing finished for executor task 2859
2023-06-30 16:23:17.004 worker_log:584 24692 MainThread [INFO]  Received executor task 2879
2023-06-30 16:23:53.039 worker_log:602 24692 MainThread [INFO]  Completed executor task 2879
2023-06-30 16:23:53.040 worker_log:613 24692 MainThread [INFO]  All processing finished for executor task 2879
2023-06-30 16:24:28.694 worker_log:584 24692 MainThread [INFO]  Received executor task 2889
2023-06-30 16:25:01.565 worker_log:602 24692 MainThread [INFO]  Completed executor task 2889
2023-06-30 16:25:01.566 worker_log:613 24692 MainThread [INFO]  All processing finished for executor task 2889
2023-06-30 16:25:58.392 worker_log:584 24692 MainThread [INFO]  Received executor task 2903
2023-06-30 16:26:10.625 worker_log:602 24692 MainThread [INFO]  Completed executor task 2903
2023-06-30 16:26:10.626 worker_log:613 24692 MainThread [INFO]  All processing finished for executor task 2903
2023-06-30 16:27:12.653 worker_log:584 24692 MainThread [INFO]  Received executor task 2913
2023-06-30 16:27:56.409 worker_log:602 24692 MainThread [INFO]  Completed executor task 2913
2023-06-30 16:27:56.410 worker_log:613 24692 MainThread [INFO]  All processing finished for executor task 2913
2023-06-30 16:28:24.291 worker_log:584 24692 MainThread [INFO]  Received executor task 2936
2023-06-30 16:28:43.165 worker_log:602 24692 MainThread [INFO]  Completed executor task 2936
2023-06-30 16:28:43.165 worker_log:613 24692 MainThread [INFO]  All processing finished for executor task 2936
2023-06-30 16:30:13.226 worker_log:584 24692 MainThread [INFO]  Received executor task 2947
2023-06-30 16:30:52.272 worker_log:602 24692 MainThread [INFO]  Completed executor task 2947
2023-06-30 16:30:52.273 worker_log:613 24692 MainThread [INFO]  All processing finished for executor task 2947
2023-06-30 16:31:20.276 worker_log:584 24692 MainThread [INFO]  Received executor task 2971
2023-06-30 16:31:59.850 worker_log:602 24692 MainThread [INFO]  Completed executor task 2971
2023-06-30 16:31:59.850 worker_log:613 24692 MainThread [INFO]  All processing finished for executor task 2971
2023-06-30 16:32:31.604 worker_log:584 24692 MainThread [INFO]  Received executor task 2984
2023-06-30 16:32:59.504 worker_log:602 24692 MainThread [INFO]  Completed executor task 2984
2023-06-30 16:32:59.505 worker_log:613 24692 MainThread [INFO]  All processing finished for executor task 2984
2023-06-30 16:33:57.792 worker_log:584 24692 MainThread [INFO]  Received executor task 2998
2023-06-30 16:34:42.355 worker_log:602 24692 MainThread [INFO]  Completed executor task 2998
2023-06-30 16:34:42.356 worker_log:613 24692 MainThread [INFO]  All processing finished for executor task 2998
2023-06-30 16:35:12.104 worker_log:584 24692 MainThread [INFO]  Received executor task 3019
2023-06-30 16:36:00.308 worker_log:602 24692 MainThread [INFO]  Completed executor task 3019
2023-06-30 16:36:00.309 worker_log:613 24692 MainThread [INFO]  All processing finished for executor task 3019
2023-06-30 16:37:01.019 worker_log:584 24692 MainThread [INFO]  Received executor task 3032
2023-06-30 16:37:34.738 worker_log:602 24692 MainThread [INFO]  Completed executor task 3032
2023-06-30 16:37:34.738 worker_log:613 24692 MainThread [INFO]  All processing finished for executor task 3032
2023-06-30 16:38:11.639 worker_log:584 24692 MainThread [INFO]  Received executor task 3047
2023-06-30 16:38:41.843 worker_log:602 24692 MainThread [INFO]  Completed executor task 3047
2023-06-30 16:38:41.844 worker_log:613 24692 MainThread [INFO]  All processing finished for executor task 3047
2023-06-30 16:39:31.514 worker_log:584 24692 MainThread [INFO]  Received executor task 3061
2023-06-30 16:40:02.149 worker_log:602 24692 MainThread [INFO]  Completed executor task 3061
2023-06-30 16:40:02.150 worker_log:613 24692 MainThread [INFO]  All processing finished for executor task 3061
2023-06-30 16:40:45.353 worker_log:584 24692 MainThread [INFO]  Received executor task 3078
2023-06-30 16:41:19.523 worker_log:602 24692 MainThread [INFO]  Completed executor task 3078
2023-06-30 16:41:19.523 worker_log:613 24692 MainThread [INFO]  All processing finished for executor task 3078
2023-06-30 16:41:44.066 worker_log:584 24692 MainThread [INFO]  Received executor task 3096
2023-06-30 16:42:16.677 worker_log:602 24692 MainThread [INFO]  Completed executor task 3096
2023-06-30 16:42:16.678 worker_log:613 24692 MainThread [INFO]  All processing finished for executor task 3096
2023-06-30 16:42:44.719 worker_log:584 24692 MainThread [INFO]  Received executor task 3112
2023-06-30 16:43:07.638 worker_log:602 24692 MainThread [INFO]  Completed executor task 3112
2023-06-30 16:43:07.639 worker_log:613 24692 MainThread [INFO]  All processing finished for executor task 3112
2023-06-30 16:43:43.807 worker_log:584 24692 MainThread [INFO]  Received executor task 3124
2023-06-30 16:44:29.148 worker_log:602 24692 MainThread [INFO]  Completed executor task 3124
2023-06-30 16:44:29.149 worker_log:613 24692 MainThread [INFO]  All processing finished for executor task 3124
2023-06-30 16:44:50.480 worker_log:584 24692 MainThread [INFO]  Received executor task 3148
2023-06-30 16:45:39.803 worker_log:602 24692 MainThread [INFO]  Completed executor task 3148
2023-06-30 16:45:39.803 worker_log:613 24692 MainThread [INFO]  All processing finished for executor task 3148
2023-06-30 16:46:12.136 worker_log:584 24692 MainThread [INFO]  Received executor task 3163
2023-06-30 16:47:01.548 worker_log:602 24692 MainThread [INFO]  Completed executor task 3163
2023-06-30 16:47:01.548 worker_log:613 24692 MainThread [INFO]  All processing finished for executor task 3163
2023-06-30 16:47:16.751 worker_log:584 24692 MainThread [INFO]  Received executor task 3179
2023-06-30 16:47:52.048 worker_log:602 24692 MainThread [INFO]  Completed executor task 3179
2023-06-30 16:47:52.049 worker_log:613 24692 MainThread [INFO]  All processing finished for executor task 3179
2023-06-30 16:49:34.789 worker_log:584 24692 MainThread [INFO]  Received executor task 3191
2023-06-30 16:49:55.306 worker_log:602 24692 MainThread [INFO]  Completed executor task 3191
2023-06-30 16:49:55.306 worker_log:613 24692 MainThread [INFO]  All processing finished for executor task 3191
2023-06-30 16:50:54.323 worker_log:584 24692 MainThread [INFO]  Received executor task 3202
2023-06-30 16:51:27.271 worker_log:602 24692 MainThread [INFO]  Completed executor task 3202
2023-06-30 16:51:27.271 worker_log:613 24692 MainThread [INFO]  All processing finished for executor task 3202
2023-06-30 16:52:06.890 worker_log:584 24692 MainThread [INFO]  Received executor task 3220
2023-06-30 16:52:42.789 worker_log:602 24692 MainThread [INFO]  Completed executor task 3220
2023-06-30 16:52:42.790 worker_log:613 24692 MainThread [INFO]  All processing finished for executor task 3220
2023-06-30 16:53:47.427 worker_log:584 24692 MainThread [INFO]  Received executor task 3237
2023-06-30 16:54:11.372 worker_log:602 24692 MainThread [INFO]  Completed executor task 3237
2023-06-30 16:54:11.372 worker_log:613 24692 MainThread [INFO]  All processing finished for executor task 3237
2023-06-30 16:54:55.730 worker_log:584 24692 MainThread [INFO]  Received executor task 3252
2023-06-30 16:55:35.144 worker_log:602 24692 MainThread [INFO]  Completed executor task 3252
2023-06-30 16:55:35.144 worker_log:613 24692 MainThread [INFO]  All processing finished for executor task 3252
2023-06-30 16:56:35.223 worker_log:584 24692 MainThread [INFO]  Received executor task 3272
2023-06-30 16:56:57.328 worker_log:602 24692 MainThread [INFO]  Completed executor task 3272
2023-06-30 16:56:57.329 worker_log:613 24692 MainThread [INFO]  All processing finished for executor task 3272
2023-06-30 16:57:49.107 worker_log:584 24692 MainThread [INFO]  Received executor task 3285
2023-06-30 16:58:45.345 worker_log:602 24692 MainThread [INFO]  Completed executor task 3285
2023-06-30 16:58:45.346 worker_log:613 24692 MainThread [INFO]  All processing finished for executor task 3285
2023-06-30 17:00:16.962 worker_log:584 24692 MainThread [INFO]  Received executor task 3307
2023-06-30 17:01:07.702 worker_log:602 24692 MainThread [INFO]  Completed executor task 3307
2023-06-30 17:01:07.703 worker_log:613 24692 MainThread [INFO]  All processing finished for executor task 3307
2023-06-30 17:01:33.934 worker_log:584 24692 MainThread [INFO]  Received executor task 3326
2023-06-30 17:01:51.664 worker_log:602 24692 MainThread [INFO]  Completed executor task 3326
2023-06-30 17:01:51.664 worker_log:613 24692 MainThread [INFO]  All processing finished for executor task 3326
2023-06-30 17:02:38.130 worker_log:584 24692 MainThread [INFO]  Received executor task 3332
2023-06-30 17:03:47.908 worker_log:602 24692 MainThread [INFO]  Completed executor task 3332
2023-06-30 17:03:47.909 worker_log:613 24692 MainThread [INFO]  All processing finished for executor task 3332
2023-06-30 17:04:14.211 worker_log:584 24692 MainThread [INFO]  Received executor task 3355
2023-06-30 17:05:35.896 worker_log:602 24692 MainThread [INFO]  Completed executor task 3355
2023-06-30 17:05:35.897 worker_log:613 24692 MainThread [INFO]  All processing finished for executor task 3355
2023-06-30 17:06:01.147 worker_log:584 24692 MainThread [INFO]  Received executor task 3375
2023-06-30 17:06:35.437 worker_log:602 24692 MainThread [INFO]  Completed executor task 3375
2023-06-30 17:06:35.437 worker_log:613 24692 MainThread [INFO]  All processing finished for executor task 3375
2023-06-30 17:07:07.070 worker_log:584 24692 MainThread [INFO]  Received executor task 3383
2023-06-30 17:07:24.917 worker_log:602 24692 MainThread [INFO]  Completed executor task 3383
2023-06-30 17:07:24.918 worker_log:613 24692 MainThread [INFO]  All processing finished for executor task 3383
2023-06-30 17:08:34.666 worker_log:584 24692 MainThread [INFO]  Received executor task 3394
2023-06-30 17:08:58.135 worker_log:602 24692 MainThread [INFO]  Completed executor task 3394
2023-06-30 17:08:58.135 worker_log:613 24692 MainThread [INFO]  All processing finished for executor task 3394
2023-06-30 17:10:14.503 worker_log:584 24692 MainThread [INFO]  Received executor task 3410
2023-06-30 17:11:14.024 worker_log:602 24692 MainThread [INFO]  Completed executor task 3410
2023-06-30 17:11:14.025 worker_log:613 24692 MainThread [INFO]  All processing finished for executor task 3410
2023-06-30 17:11:52.811 worker_log:584 24692 MainThread [INFO]  Received executor task 3438
2023-06-30 17:12:38.742 worker_log:602 24692 MainThread [INFO]  Completed executor task 3438
2023-06-30 17:12:38.742 worker_log:613 24692 MainThread [INFO]  All processing finished for executor task 3438
2023-06-30 17:13:01.701 worker_log:584 24692 MainThread [INFO]  Received executor task 3451
2023-06-30 17:13:57.585 worker_log:602 24692 MainThread [INFO]  Completed executor task 3451
2023-06-30 17:13:57.586 worker_log:613 24692 MainThread [INFO]  All processing finished for executor task 3451
2023-06-30 17:14:14.957 worker_log:584 24692 MainThread [INFO]  Received executor task 3469
2023-06-30 17:14:41.780 worker_log:602 24692 MainThread [INFO]  Completed executor task 3469
2023-06-30 17:14:41.781 worker_log:613 24692 MainThread [INFO]  All processing finished for executor task 3469
2023-06-30 17:15:47.890 worker_log:584 24692 MainThread [INFO]  Received executor task 3474
2023-06-30 17:16:03.544 worker_log:602 24692 MainThread [INFO]  Completed executor task 3474
2023-06-30 17:16:03.545 worker_log:613 24692 MainThread [INFO]  All processing finished for executor task 3474
2023-06-30 17:17:10.264 worker_log:584 24692 MainThread [INFO]  Received executor task 3489
2023-06-30 17:17:30.134 worker_log:602 24692 MainThread [INFO]  Completed executor task 3489
2023-06-30 17:17:30.135 worker_log:613 24692 MainThread [INFO]  All processing finished for executor task 3489
2023-06-30 17:18:33.835 worker_log:584 24692 MainThread [INFO]  Received executor task 3505
2023-06-30 17:19:24.620 worker_log:602 24692 MainThread [INFO]  Completed executor task 3505
2023-06-30 17:19:24.621 worker_log:613 24692 MainThread [INFO]  All processing finished for executor task 3505
2023-06-30 17:20:18.747 worker_log:584 24692 MainThread [INFO]  Received executor task 3532
2023-06-30 17:21:11.333 worker_log:602 24692 MainThread [INFO]  Completed executor task 3532
2023-06-30 17:21:11.334 worker_log:613 24692 MainThread [INFO]  All processing finished for executor task 3532
2023-06-30 17:21:16.579 worker_log:584 24692 MainThread [INFO]  Received executor task 3548
2023-06-30 17:21:35.350 worker_log:602 24692 MainThread [INFO]  Completed executor task 3548
2023-06-30 17:21:35.351 worker_log:613 24692 MainThread [INFO]  All processing finished for executor task 3548
2023-06-30 17:22:30.726 worker_log:584 24692 MainThread [INFO]  Received executor task 3554
2023-06-30 17:23:22.850 worker_log:602 24692 MainThread [INFO]  Completed executor task 3554
2023-06-30 17:23:22.850 worker_log:613 24692 MainThread [INFO]  All processing finished for executor task 3554
2023-06-30 17:24:07.127 worker_log:584 24692 MainThread [INFO]  Received executor task 3583
2023-06-30 17:24:27.541 worker_log:602 24692 MainThread [INFO]  Completed executor task 3583
2023-06-30 17:24:27.542 worker_log:613 24692 MainThread [INFO]  All processing finished for executor task 3583
2023-06-30 17:25:21.589 worker_log:584 24692 MainThread [INFO]  Received executor task 3587
2023-06-30 17:25:51.516 worker_log:602 24692 MainThread [INFO]  Completed executor task 3587
2023-06-30 17:25:51.516 worker_log:613 24692 MainThread [INFO]  All processing finished for executor task 3587
2023-06-30 17:26:41.634 worker_log:584 24692 MainThread [INFO]  Received executor task 3606
2023-06-30 17:27:33.031 worker_log:602 24692 MainThread [INFO]  Completed executor task 3606
2023-06-30 17:27:33.031 worker_log:613 24692 MainThread [INFO]  All processing finished for executor task 3606
2023-06-30 17:28:07.565 worker_log:584 24692 MainThread [INFO]  Received executor task 3630
2023-06-30 17:28:23.497 worker_log:602 24692 MainThread [INFO]  Completed executor task 3630
2023-06-30 17:28:23.498 worker_log:613 24692 MainThread [INFO]  All processing finished for executor task 3630
2023-06-30 17:29:21.523 worker_log:584 24692 MainThread [INFO]  Received executor task 3635
2023-06-30 17:30:20.973 worker_log:602 24692 MainThread [INFO]  Completed executor task 3635
2023-06-30 17:30:20.973 worker_log:613 24692 MainThread [INFO]  All processing finished for executor task 3635
2023-06-30 17:31:08.858 worker_log:584 24692 MainThread [INFO]  Received executor task 3661
2023-06-30 17:32:01.994 worker_log:602 24692 MainThread [INFO]  Completed executor task 3661
2023-06-30 17:32:01.995 worker_log:613 24692 MainThread [INFO]  All processing finished for executor task 3661
2023-06-30 17:32:25.488 worker_log:584 24692 MainThread [INFO]  Received executor task 3676
2023-06-30 17:32:51.732 worker_log:602 24692 MainThread [INFO]  Completed executor task 3676
2023-06-30 17:32:51.733 worker_log:613 24692 MainThread [INFO]  All processing finished for executor task 3676
2023-06-30 17:33:47.263 worker_log:584 24692 MainThread [INFO]  Received executor task 3682
2023-06-30 17:34:31.730 worker_log:602 24692 MainThread [INFO]  Completed executor task 3682
2023-06-30 17:34:31.730 worker_log:613 24692 MainThread [INFO]  All processing finished for executor task 3682
2023-06-30 17:34:57.104 worker_log:584 24692 MainThread [INFO]  Received executor task 3705
2023-06-30 17:35:45.987 worker_log:602 24692 MainThread [INFO]  Completed executor task 3705
2023-06-30 17:35:45.988 worker_log:613 24692 MainThread [INFO]  All processing finished for executor task 3705
2023-06-30 17:36:13.349 worker_log:584 24692 MainThread [INFO]  Received executor task 3724
2023-06-30 17:36:35.663 worker_log:602 24692 MainThread [INFO]  Completed executor task 3724
2023-06-30 17:36:35.664 worker_log:613 24692 MainThread [INFO]  All processing finished for executor task 3724
2023-06-30 17:37:27.995 worker_log:584 24692 MainThread [INFO]  Received executor task 3731
2023-06-30 17:38:24.293 worker_log:602 24692 MainThread [INFO]  Completed executor task 3731
2023-06-30 17:38:24.294 worker_log:613 24692 MainThread [INFO]  All processing finished for executor task 3731
2023-06-30 17:38:31.771 worker_log:584 24692 MainThread [INFO]  Received executor task 3756
2023-06-30 17:38:49.593 worker_log:602 24692 MainThread [INFO]  Completed executor task 3756
2023-06-30 17:38:49.594 worker_log:613 24692 MainThread [INFO]  All processing finished for executor task 3756
2023-06-30 17:39:49.457 worker_log:584 24692 MainThread [INFO]  Received executor task 3761
2023-06-30 17:40:39.495 worker_log:602 24692 MainThread [INFO]  Completed executor task 3761
2023-06-30 17:40:39.496 worker_log:613 24692 MainThread [INFO]  All processing finished for executor task 3761
2023-06-30 17:41:40.601 worker_log:584 24692 MainThread [INFO]  Received executor task 3786
2023-06-30 17:42:36.292 worker_log:602 24692 MainThread [INFO]  Completed executor task 3786
2023-06-30 17:42:36.293 worker_log:613 24692 MainThread [INFO]  All processing finished for executor task 3786
2023-06-30 17:43:01.892 worker_log:584 24692 MainThread [INFO]  Received executor task 3806
2023-06-30 17:43:29.834 worker_log:602 24692 MainThread [INFO]  Completed executor task 3806
2023-06-30 17:43:29.835 worker_log:613 24692 MainThread [INFO]  All processing finished for executor task 3806
2023-06-30 17:44:51.978 worker_log:584 24692 MainThread [INFO]  Received executor task 3815
2023-06-30 17:45:06.490 worker_log:602 24692 MainThread [INFO]  Completed executor task 3815
2023-06-30 17:45:06.490 worker_log:613 24692 MainThread [INFO]  All processing finished for executor task 3815
2023-06-30 17:45:58.029 worker_log:584 24692 MainThread [INFO]  Received executor task 3825
2023-06-30 17:46:45.799 worker_log:602 24692 MainThread [INFO]  Completed executor task 3825
2023-06-30 17:46:45.800 worker_log:613 24692 MainThread [INFO]  All processing finished for executor task 3825
2023-06-30 17:47:22.749 worker_log:584 24692 MainThread [INFO]  Received executor task 3851
2023-06-30 17:47:45.411 worker_log:602 24692 MainThread [INFO]  Completed executor task 3851
2023-06-30 17:47:45.411 worker_log:613 24692 MainThread [INFO]  All processing finished for executor task 3851
2023-06-30 17:48:40.704 worker_log:584 24692 MainThread [INFO]  Received executor task 3859
2023-06-30 17:49:45.728 worker_log:602 24692 MainThread [INFO]  Completed executor task 3859
2023-06-30 17:49:45.729 worker_log:613 24692 MainThread [INFO]  All processing finished for executor task 3859
2023-06-30 17:50:02.591 worker_log:584 24692 MainThread [INFO]  Received executor task 3886
2023-06-30 17:50:58.963 worker_log:602 24692 MainThread [INFO]  Completed executor task 3886
2023-06-30 17:50:58.964 worker_log:613 24692 MainThread [INFO]  All processing finished for executor task 3886
2023-06-30 17:51:01.718 worker_log:584 24692 MainThread [INFO]  Received executor task 3902
2023-06-30 17:51:34.453 worker_log:602 24692 MainThread [INFO]  Completed executor task 3902
2023-06-30 17:51:34.453 worker_log:613 24692 MainThread [INFO]  All processing finished for executor task 3902
2023-06-30 17:52:40.231 worker_log:584 24692 MainThread [INFO]  Received executor task 3914
2023-06-30 17:52:55.136 worker_log:602 24692 MainThread [INFO]  Completed executor task 3914
2023-06-30 17:52:55.136 worker_log:613 24692 MainThread [INFO]  All processing finished for executor task 3914
2023-06-30 17:53:36.661 worker_log:584 24692 MainThread [INFO]  Received executor task 3921
2023-06-30 17:54:39.193 worker_log:602 24692 MainThread [INFO]  Completed executor task 3921
2023-06-30 17:54:39.194 worker_log:613 24692 MainThread [INFO]  All processing finished for executor task 3921
2023-06-30 17:54:49.676 worker_log:584 24692 MainThread [INFO]  Received executor task 3951
2023-06-30 17:55:46.189 worker_log:602 24692 MainThread [INFO]  Completed executor task 3951
2023-06-30 17:55:46.190 worker_log:613 24692 MainThread [INFO]  All processing finished for executor task 3951
2023-06-30 17:56:03.375 worker_log:584 24692 MainThread [INFO]  Received executor task 3965
2023-06-30 17:56:56.073 worker_log:602 24692 MainThread [INFO]  Completed executor task 3965
2023-06-30 17:56:56.073 worker_log:613 24692 MainThread [INFO]  All processing finished for executor task 3965
2023-06-30 17:57:37.890 worker_log:584 24692 MainThread [INFO]  Received executor task 3982
2023-06-30 17:58:23.083 worker_log:602 24692 MainThread [INFO]  Completed executor task 3982
2023-06-30 17:58:23.084 worker_log:613 24692 MainThread [INFO]  All processing finished for executor task 3982
2023-06-30 17:58:48.111 worker_log:584 24692 MainThread [INFO]  Received executor task 3999
2023-06-30 17:59:38.153 worker_log:602 24692 MainThread [INFO]  Completed executor task 3999
2023-06-30 17:59:38.154 worker_log:613 24692 MainThread [INFO]  All processing finished for executor task 3999
2023-06-30 17:59:53.067 worker_log:584 24692 MainThread [INFO]  Received executor task 4014
2023-06-30 18:01:08.438 worker_log:602 24692 MainThread [INFO]  Completed executor task 4014
2023-06-30 18:01:08.439 worker_log:613 24692 MainThread [INFO]  All processing finished for executor task 4014
2023-06-30 18:01:23.948 worker_log:584 24692 MainThread [INFO]  Received executor task 4030
2023-06-30 18:02:14.563 worker_log:602 24692 MainThread [INFO]  Completed executor task 4030
2023-06-30 18:02:14.564 worker_log:613 24692 MainThread [INFO]  All processing finished for executor task 4030
2023-06-30 18:02:42.883 worker_log:584 24692 MainThread [INFO]  Received executor task 4046
2023-06-30 18:03:24.663 worker_log:602 24692 MainThread [INFO]  Completed executor task 4046
2023-06-30 18:03:24.663 worker_log:613 24692 MainThread [INFO]  All processing finished for executor task 4046
2023-06-30 18:03:51.974 worker_log:584 24692 MainThread [INFO]  Received executor task 4059
2023-06-30 18:04:11.024 worker_log:602 24692 MainThread [INFO]  Completed executor task 4059
2023-06-30 18:04:11.025 worker_log:613 24692 MainThread [INFO]  All processing finished for executor task 4059
2023-06-30 18:05:02.007 worker_log:584 24692 MainThread [INFO]  Received executor task 4067
2023-06-30 18:06:00.111 worker_log:602 24692 MainThread [INFO]  Completed executor task 4067
2023-06-30 18:06:00.111 worker_log:613 24692 MainThread [INFO]  All processing finished for executor task 4067
2023-06-30 18:06:06.680 worker_log:584 24692 MainThread [INFO]  Received executor task 4095
2023-06-30 18:07:08.644 worker_log:602 24692 MainThread [INFO]  Completed executor task 4095
2023-06-30 18:07:08.644 worker_log:613 24692 MainThread [INFO]  All processing finished for executor task 4095
2023-06-30 18:07:24.476 worker_log:584 24692 MainThread [INFO]  Received executor task 4108
2023-06-30 18:07:44.375 worker_log:602 24692 MainThread [INFO]  Completed executor task 4108
2023-06-30 18:07:44.376 worker_log:613 24692 MainThread [INFO]  All processing finished for executor task 4108
2023-06-30 18:08:18.776 worker_log:584 24692 MainThread [INFO]  Received executor task 4114
2023-06-30 18:08:53.395 worker_log:602 24692 MainThread [INFO]  Completed executor task 4114
2023-06-30 18:08:53.396 worker_log:613 24692 MainThread [INFO]  All processing finished for executor task 4114
2023-06-30 18:09:44.081 worker_log:584 24692 MainThread [INFO]  Received executor task 4134
2023-06-30 18:10:43.092 worker_log:602 24692 MainThread [INFO]  Completed executor task 4134
2023-06-30 18:10:43.093 worker_log:613 24692 MainThread [INFO]  All processing finished for executor task 4134
2023-06-30 18:10:59.819 worker_log:584 24692 MainThread [INFO]  Received executor task 4159
2023-06-30 18:12:10.250 worker_log:602 24692 MainThread [INFO]  Completed executor task 4159
2023-06-30 18:12:10.251 worker_log:613 24692 MainThread [INFO]  All processing finished for executor task 4159
2023-06-30 18:12:16.138 worker_log:584 24692 MainThread [INFO]  Received executor task 4175
2023-06-30 18:12:55.507 worker_log:602 24692 MainThread [INFO]  Completed executor task 4175
2023-06-30 18:12:55.507 worker_log:613 24692 MainThread [INFO]  All processing finished for executor task 4175
2023-06-30 18:13:55.986 worker_log:584 24692 MainThread [INFO]  Received executor task 4183
2023-06-30 18:14:33.527 worker_log:602 24692 MainThread [INFO]  Completed executor task 4183
2023-06-30 18:14:33.528 worker_log:613 24692 MainThread [INFO]  All processing finished for executor task 4183
2023-06-30 18:15:03.152 worker_log:584 24692 MainThread [INFO]  Received executor task 4200
2023-06-30 18:16:33.821 worker_log:602 24692 MainThread [INFO]  Completed executor task 4200
2023-06-30 18:16:33.821 worker_log:613 24692 MainThread [INFO]  All processing finished for executor task 4200
2023-06-30 18:16:34.931 worker_log:584 24692 MainThread [INFO]  Received executor task 4224
2023-06-30 18:17:05.348 worker_log:602 24692 MainThread [INFO]  Completed executor task 4224
2023-06-30 18:17:05.348 worker_log:613 24692 MainThread [INFO]  All processing finished for executor task 4224
2023-06-30 18:17:45.415 worker_log:584 24692 MainThread [INFO]  Received executor task 4229
2023-06-30 18:18:32.161 worker_log:602 24692 MainThread [INFO]  Completed executor task 4229
2023-06-30 18:18:32.162 worker_log:613 24692 MainThread [INFO]  All processing finished for executor task 4229
2023-06-30 18:19:03.807 worker_log:584 24692 MainThread [INFO]  Received executor task 4247
2023-06-30 18:19:14.678 worker_log:602 24692 MainThread [INFO]  Completed executor task 4247
2023-06-30 18:19:14.679 worker_log:613 24692 MainThread [INFO]  All processing finished for executor task 4247
2023-06-30 18:19:56.763 worker_log:584 24692 MainThread [INFO]  Received executor task 4258
2023-06-30 18:20:39.232 worker_log:602 24692 MainThread [INFO]  Completed executor task 4258
2023-06-30 18:20:39.233 worker_log:613 24692 MainThread [INFO]  All processing finished for executor task 4258
2023-06-30 18:21:27.278 worker_log:584 24692 MainThread [INFO]  Received executor task 4282
2023-06-30 18:21:59.133 worker_log:602 24692 MainThread [INFO]  Completed executor task 4282
2023-06-30 18:21:59.133 worker_log:613 24692 MainThread [INFO]  All processing finished for executor task 4282
2023-06-30 18:22:29.877 worker_log:584 24692 MainThread [INFO]  Received executor task 4294
2023-06-30 18:23:09.123 worker_log:602 24692 MainThread [INFO]  Completed executor task 4294
2023-06-30 18:23:09.124 worker_log:613 24692 MainThread [INFO]  All processing finished for executor task 4294
2023-06-30 18:24:15.930 worker_log:584 24692 MainThread [INFO]  Received executor task 4310
2023-06-30 18:24:55.457 worker_log:602 24692 MainThread [INFO]  Completed executor task 4310
2023-06-30 18:24:55.458 worker_log:613 24692 MainThread [INFO]  All processing finished for executor task 4310
2023-06-30 18:25:46.170 worker_log:584 24692 MainThread [INFO]  Received executor task 4328
2023-06-30 18:26:25.544 worker_log:602 24692 MainThread [INFO]  Completed executor task 4328
2023-06-30 18:26:25.545 worker_log:613 24692 MainThread [INFO]  All processing finished for executor task 4328
2023-06-30 18:27:24.207 worker_log:584 24692 MainThread [INFO]  Received executor task 4341
2023-06-30 18:28:00.982 worker_log:602 24692 MainThread [INFO]  Completed executor task 4341
2023-06-30 18:28:00.983 worker_log:613 24692 MainThread [INFO]  All processing finished for executor task 4341
2023-06-30 18:28:18.432 worker_log:584 24692 MainThread [INFO]  Received executor task 4362
2023-06-30 18:28:56.586 worker_log:602 24692 MainThread [INFO]  Completed executor task 4362
2023-06-30 18:28:56.587 worker_log:613 24692 MainThread [INFO]  All processing finished for executor task 4362
2023-06-30 18:29:27.337 worker_log:584 24692 MainThread [INFO]  Received executor task 4375
2023-06-30 18:30:34.636 worker_log:602 24692 MainThread [INFO]  Completed executor task 4375
2023-06-30 18:30:34.636 worker_log:613 24692 MainThread [INFO]  All processing finished for executor task 4375
2023-06-30 18:30:37.099 worker_log:584 24692 MainThread [INFO]  Received executor task 4399
2023-06-30 18:31:49.223 worker_log:602 24692 MainThread [INFO]  Completed executor task 4399
2023-06-30 18:31:49.223 worker_log:613 24692 MainThread [INFO]  All processing finished for executor task 4399
2023-06-30 18:32:05.090 worker_log:584 24692 MainThread [INFO]  Received executor task 4415
2023-06-30 18:33:26.548 worker_log:602 24692 MainThread [INFO]  Completed executor task 4415
2023-06-30 18:33:26.549 worker_log:613 24692 MainThread [INFO]  All processing finished for executor task 4415
2023-06-30 18:33:27.886 worker_log:584 24692 MainThread [INFO]  Received executor task 4432
2023-06-30 18:33:45.179 worker_log:602 24692 MainThread [INFO]  Completed executor task 4432
2023-06-30 18:33:45.180 worker_log:613 24692 MainThread [INFO]  All processing finished for executor task 4432
2023-06-30 18:34:57.945 worker_log:584 24692 MainThread [INFO]  Received executor task 4433
2023-06-30 18:35:30.024 worker_log:602 24692 MainThread [INFO]  Completed executor task 4433
2023-06-30 18:35:30.025 worker_log:613 24692 MainThread [INFO]  All processing finished for executor task 4433
2023-06-30 18:36:15.671 worker_log:584 24692 MainThread [INFO]  Received executor task 4451
2023-06-30 18:37:04.107 worker_log:602 24692 MainThread [INFO]  Completed executor task 4451
2023-06-30 18:37:04.108 worker_log:613 24692 MainThread [INFO]  All processing finished for executor task 4451
2023-06-30 18:37:25.471 worker_log:584 24692 MainThread [INFO]  Received executor task 4472
2023-06-30 18:38:05.637 worker_log:602 24692 MainThread [INFO]  Completed executor task 4472
2023-06-30 18:38:05.638 worker_log:613 24692 MainThread [INFO]  All processing finished for executor task 4472
2023-06-30 18:38:20.072 worker_log:584 24692 MainThread [INFO]  Received executor task 4492
2023-06-30 18:38:46.190 worker_log:602 24692 MainThread [INFO]  Completed executor task 4492
2023-06-30 18:38:46.190 worker_log:613 24692 MainThread [INFO]  All processing finished for executor task 4492
2023-06-30 18:39:40.256 worker_log:584 24692 MainThread [INFO]  Received executor task 4499
2023-06-30 18:40:01.252 worker_log:602 24692 MainThread [INFO]  Completed executor task 4499
2023-06-30 18:40:01.253 worker_log:613 24692 MainThread [INFO]  All processing finished for executor task 4499
2023-06-30 18:41:45.456 worker_log:584 24692 MainThread [INFO]  Received executor task 4516
2023-06-30 18:42:10.874 worker_log:602 24692 MainThread [INFO]  Completed executor task 4516
2023-06-30 18:42:10.875 worker_log:613 24692 MainThread [INFO]  All processing finished for executor task 4516
2023-06-30 18:42:43.340 worker_log:584 24692 MainThread [INFO]  Received executor task 4532
2023-06-30 18:43:26.119 worker_log:602 24692 MainThread [INFO]  Completed executor task 4532
2023-06-30 18:43:26.120 worker_log:613 24692 MainThread [INFO]  All processing finished for executor task 4532
2023-06-30 18:43:54.928 worker_log:584 24692 MainThread [INFO]  Received executor task 4553
2023-06-30 18:44:25.075 worker_log:602 24692 MainThread [INFO]  Completed executor task 4553
2023-06-30 18:44:25.076 worker_log:613 24692 MainThread [INFO]  All processing finished for executor task 4553
2023-06-30 18:45:28.231 worker_log:584 24692 MainThread [INFO]  Received executor task 4564
2023-06-30 18:45:59.040 worker_log:602 24692 MainThread [INFO]  Completed executor task 4564
2023-06-30 18:45:59.041 worker_log:613 24692 MainThread [INFO]  All processing finished for executor task 4564
2023-06-30 18:46:46.044 worker_log:584 24692 MainThread [INFO]  Received executor task 4580
2023-06-30 18:47:40.567 worker_log:602 24692 MainThread [INFO]  Completed executor task 4580
2023-06-30 18:47:40.568 worker_log:613 24692 MainThread [INFO]  All processing finished for executor task 4580
2023-06-30 18:47:52.909 worker_log:584 24692 MainThread [INFO]  Received executor task 4607
2023-06-30 18:48:16.148 worker_log:602 24692 MainThread [INFO]  Completed executor task 4607
2023-06-30 18:48:16.148 worker_log:613 24692 MainThread [INFO]  All processing finished for executor task 4607
2023-06-30 18:48:56.100 worker_log:584 24692 MainThread [INFO]  Received executor task 4611
2023-06-30 18:49:37.588 worker_log:602 24692 MainThread [INFO]  Completed executor task 4611
2023-06-30 18:49:37.589 worker_log:613 24692 MainThread [INFO]  All processing finished for executor task 4611
2023-06-30 18:49:58.556 worker_log:584 24692 MainThread [INFO]  Received executor task 4632
2023-06-30 18:50:32.254 worker_log:602 24692 MainThread [INFO]  Completed executor task 4632
2023-06-30 18:50:32.255 worker_log:613 24692 MainThread [INFO]  All processing finished for executor task 4632
2023-06-30 18:51:09.502 worker_log:584 24692 MainThread [INFO]  Received executor task 4647
2023-06-30 18:51:35.795 worker_log:602 24692 MainThread [INFO]  Completed executor task 4647
2023-06-30 18:51:35.796 worker_log:613 24692 MainThread [INFO]  All processing finished for executor task 4647
2023-06-30 18:52:27.482 worker_log:584 24692 MainThread [INFO]  Received executor task 4660
2023-06-30 18:52:56.604 worker_log:602 24692 MainThread [INFO]  Completed executor task 4660
2023-06-30 18:52:56.604 worker_log:613 24692 MainThread [INFO]  All processing finished for executor task 4660
2023-06-30 18:54:02.076 worker_log:584 24692 MainThread [INFO]  Received executor task 4675
2023-06-30 18:54:35.480 worker_log:602 24692 MainThread [INFO]  Completed executor task 4675
2023-06-30 18:54:35.481 worker_log:613 24692 MainThread [INFO]  All processing finished for executor task 4675
2023-06-30 18:55:22.147 worker_log:584 24692 MainThread [INFO]  Received executor task 4693
2023-06-30 18:56:15.102 worker_log:602 24692 MainThread [INFO]  Completed executor task 4693
2023-06-30 18:56:15.103 worker_log:613 24692 MainThread [INFO]  All processing finished for executor task 4693
2023-06-30 18:56:44.029 worker_log:584 24692 MainThread [INFO]  Received executor task 4713
2023-06-30 18:58:29.865 worker_log:602 24692 MainThread [INFO]  Completed executor task 4713
2023-06-30 18:58:29.866 worker_log:613 24692 MainThread [INFO]  All processing finished for executor task 4713
2023-06-30 18:58:31.361 worker_log:584 24692 MainThread [INFO]  Received executor task 4736
2023-06-30 18:59:02.284 worker_log:602 24692 MainThread [INFO]  Completed executor task 4736
2023-06-30 18:59:02.285 worker_log:613 24692 MainThread [INFO]  All processing finished for executor task 4736
2023-06-30 18:59:49.604 worker_log:584 24692 MainThread [INFO]  Received executor task 4745
2023-06-30 19:00:34.275 worker_log:602 24692 MainThread [INFO]  Completed executor task 4745
2023-06-30 19:00:34.276 worker_log:613 24692 MainThread [INFO]  All processing finished for executor task 4745
2023-06-30 19:01:11.664 worker_log:584 24692 MainThread [INFO]  Received executor task 4763
2023-06-30 19:01:50.501 worker_log:602 24692 MainThread [INFO]  Completed executor task 4763
2023-06-30 19:01:50.501 worker_log:613 24692 MainThread [INFO]  All processing finished for executor task 4763
2023-06-30 19:02:18.773 worker_log:584 24692 MainThread [INFO]  Received executor task 4777
2023-06-30 19:03:12.848 worker_log:602 24692 MainThread [INFO]  Completed executor task 4777
2023-06-30 19:03:12.849 worker_log:613 24692 MainThread [INFO]  All processing finished for executor task 4777
2023-06-30 19:03:36.901 worker_log:584 24692 MainThread [INFO]  Received executor task 4795
2023-06-30 19:04:47.993 worker_log:602 24692 MainThread [INFO]  Completed executor task 4795
2023-06-30 19:04:47.994 worker_log:613 24692 MainThread [INFO]  All processing finished for executor task 4795
2023-06-30 19:04:49.592 worker_log:584 24692 MainThread [INFO]  Received executor task 4815
2023-06-30 19:05:05.212 worker_log:602 24692 MainThread [INFO]  Completed executor task 4815
2023-06-30 19:05:05.212 worker_log:613 24692 MainThread [INFO]  All processing finished for executor task 4815
2023-06-30 19:06:07.625 worker_log:584 24692 MainThread [INFO]  Received executor task 4817
2023-06-30 19:07:10.451 worker_log:602 24692 MainThread [INFO]  Completed executor task 4817
2023-06-30 19:07:10.452 worker_log:613 24692 MainThread [INFO]  All processing finished for executor task 4817
2023-06-30 19:07:11.444 worker_log:584 24692 MainThread [INFO]  Received executor task 4848
2023-06-30 19:07:44.153 worker_log:602 24692 MainThread [INFO]  Completed executor task 4848
2023-06-30 19:07:44.153 worker_log:613 24692 MainThread [INFO]  All processing finished for executor task 4848
2023-06-30 19:08:16.200 worker_log:584 24692 MainThread [INFO]  Received executor task 4854
2023-06-30 19:09:08.622 worker_log:602 24692 MainThread [INFO]  Completed executor task 4854
2023-06-30 19:09:08.623 worker_log:613 24692 MainThread [INFO]  All processing finished for executor task 4854
2023-06-30 19:09:34.407 worker_log:584 24692 MainThread [INFO]  Received executor task 4878
2023-06-30 19:10:41.000 worker_log:602 24692 MainThread [INFO]  Completed executor task 4878
2023-06-30 19:10:41.000 worker_log:613 24692 MainThread [INFO]  All processing finished for executor task 4878
2023-06-30 19:11:03.203 worker_log:584 24692 MainThread [INFO]  Received executor task 4894
2023-06-30 19:13:05.603 worker_log:602 24692 MainThread [INFO]  Completed executor task 4894
2023-06-30 19:13:05.603 worker_log:613 24692 MainThread [INFO]  All processing finished for executor task 4894
2023-06-30 19:13:07.158 worker_log:584 24692 MainThread [INFO]  Received executor task 4912
2023-06-30 19:13:41.615 worker_log:602 24692 MainThread [INFO]  Completed executor task 4912
2023-06-30 19:13:41.615 worker_log:613 24692 MainThread [INFO]  All processing finished for executor task 4912
2023-06-30 19:14:19.902 worker_log:584 24692 MainThread [INFO]  Received executor task 4918
2023-06-30 19:15:04.488 worker_log:602 24692 MainThread [INFO]  Completed executor task 4918
2023-06-30 19:15:04.489 worker_log:613 24692 MainThread [INFO]  All processing finished for executor task 4918
2023-06-30 19:15:29.748 worker_log:584 24692 MainThread [INFO]  Received executor task 4941
2023-06-30 19:16:18.933 worker_log:602 24692 MainThread [INFO]  Completed executor task 4941
2023-06-30 19:16:18.933 worker_log:613 24692 MainThread [INFO]  All processing finished for executor task 4941
2023-06-30 19:18:40.068 worker_log:584 24692 MainThread [INFO]  Received executor task 4956
2023-06-30 19:19:27.614 worker_log:602 24692 MainThread [INFO]  Completed executor task 4956
2023-06-30 19:19:27.615 worker_log:613 24692 MainThread [INFO]  All processing finished for executor task 4956
2023-06-30 19:19:43.242 worker_log:584 24692 MainThread [INFO]  Received executor task 4973
2023-06-30 19:20:23.624 worker_log:602 24692 MainThread [INFO]  Completed executor task 4973
2023-06-30 19:20:23.625 worker_log:613 24692 MainThread [INFO]  All processing finished for executor task 4973
2023-06-30 19:20:57.361 worker_log:584 24692 MainThread [INFO]  Received executor task 4983
2023-06-30 19:22:02.491 worker_log:602 24692 MainThread [INFO]  Completed executor task 4983
2023-06-30 19:22:02.491 worker_log:613 24692 MainThread [INFO]  All processing finished for executor task 4983
2023-06-30 19:22:03.347 worker_log:584 24692 MainThread [INFO]  Received executor task 5008
2023-06-30 19:22:38.242 worker_log:602 24692 MainThread [INFO]  Completed executor task 5008
2023-06-30 19:22:38.243 worker_log:613 24692 MainThread [INFO]  All processing finished for executor task 5008
2023-06-30 19:23:03.785 worker_log:584 24692 MainThread [INFO]  Received executor task 5015
2023-06-30 19:23:40.742 worker_log:602 24692 MainThread [INFO]  Completed executor task 5015
2023-06-30 19:23:40.743 worker_log:613 24692 MainThread [INFO]  All processing finished for executor task 5015
2023-06-30 19:24:48.503 worker_log:584 24692 MainThread [INFO]  Received executor task 5030
2023-06-30 19:25:32.828 worker_log:602 24692 MainThread [INFO]  Completed executor task 5030
2023-06-30 19:25:32.829 worker_log:613 24692 MainThread [INFO]  All processing finished for executor task 5030
2023-06-30 19:25:38.936 worker_log:584 24692 MainThread [INFO]  Received executor task 5053
2023-06-30 19:26:35.811 worker_log:602 24692 MainThread [INFO]  Completed executor task 5053
2023-06-30 19:26:35.812 worker_log:613 24692 MainThread [INFO]  All processing finished for executor task 5053
2023-06-30 19:27:02.584 worker_log:584 24692 MainThread [INFO]  Received executor task 5070
2023-06-30 19:27:30.371 worker_log:602 24692 MainThread [INFO]  Completed executor task 5070
2023-06-30 19:27:30.372 worker_log:613 24692 MainThread [INFO]  All processing finished for executor task 5070
2023-06-30 19:27:59.435 worker_log:584 24692 MainThread [INFO]  Received executor task 5078
2023-06-30 19:28:57.498 worker_log:602 24692 MainThread [INFO]  Completed executor task 5078
2023-06-30 19:28:57.499 worker_log:613 24692 MainThread [INFO]  All processing finished for executor task 5078
2023-06-30 19:29:25.962 worker_log:584 24692 MainThread [INFO]  Received executor task 5102
2023-06-30 19:29:44.703 worker_log:602 24692 MainThread [INFO]  Completed executor task 5102
2023-06-30 19:29:44.704 worker_log:613 24692 MainThread [INFO]  All processing finished for executor task 5102
2023-06-30 19:31:05.470 worker_log:584 24692 MainThread [INFO]  Received executor task 5107
2023-06-30 19:31:32.786 worker_log:602 24692 MainThread [INFO]  Completed executor task 5107
2023-06-30 19:31:32.786 worker_log:613 24692 MainThread [INFO]  All processing finished for executor task 5107
2023-06-30 19:32:58.070 worker_log:584 24692 MainThread [INFO]  Received executor task 5123
2023-06-30 19:33:58.269 worker_log:602 24692 MainThread [INFO]  Completed executor task 5123
2023-06-30 19:33:58.270 worker_log:613 24692 MainThread [INFO]  All processing finished for executor task 5123
2023-06-30 19:34:18.199 worker_log:584 24692 MainThread [INFO]  Received executor task 5149
2023-06-30 19:35:06.537 worker_log:602 24692 MainThread [INFO]  Completed executor task 5149
2023-06-30 19:35:06.537 worker_log:613 24692 MainThread [INFO]  All processing finished for executor task 5149
2023-06-30 19:35:43.146 worker_log:584 24692 MainThread [INFO]  Received executor task 5164
2023-06-30 19:36:35.164 worker_log:602 24692 MainThread [INFO]  Completed executor task 5164
2023-06-30 19:36:35.165 worker_log:613 24692 MainThread [INFO]  All processing finished for executor task 5164
2023-06-30 19:37:15.540 worker_log:584 24692 MainThread [INFO]  Received executor task 5178
2023-06-30 19:37:43.573 worker_log:602 24692 MainThread [INFO]  Completed executor task 5178
2023-06-30 19:37:43.573 worker_log:613 24692 MainThread [INFO]  All processing finished for executor task 5178
2023-06-30 19:38:46.198 worker_log:584 24692 MainThread [INFO]  Received executor task 5186
2023-06-30 19:39:16.238 worker_log:602 24692 MainThread [INFO]  Completed executor task 5186
2023-06-30 19:39:16.239 worker_log:613 24692 MainThread [INFO]  All processing finished for executor task 5186
2023-06-30 19:39:57.621 worker_log:584 24692 MainThread [INFO]  Received executor task 5204
2023-06-30 19:40:49.666 worker_log:602 24692 MainThread [INFO]  Completed executor task 5204
2023-06-30 19:40:49.666 worker_log:613 24692 MainThread [INFO]  All processing finished for executor task 5204
2023-06-30 19:41:16.220 worker_log:584 24692 MainThread [INFO]  Received executor task 5228
2023-06-30 19:42:03.755 worker_log:602 24692 MainThread [INFO]  Completed executor task 5228
2023-06-30 19:42:03.755 worker_log:613 24692 MainThread [INFO]  All processing finished for executor task 5228
2023-06-30 19:42:36.466 worker_log:584 24692 MainThread [INFO]  Received executor task 5240
2023-06-30 19:43:10.138 worker_log:602 24692 MainThread [INFO]  Completed executor task 5240
2023-06-30 19:43:10.138 worker_log:613 24692 MainThread [INFO]  All processing finished for executor task 5240
2023-06-30 19:44:15.993 worker_log:584 24692 MainThread [INFO]  Received executor task 5257
2023-06-30 19:45:09.780 worker_log:602 24692 MainThread [INFO]  Completed executor task 5257
2023-06-30 19:45:09.781 worker_log:613 24692 MainThread [INFO]  All processing finished for executor task 5257
2023-06-30 19:45:30.277 worker_log:584 24692 MainThread [INFO]  Received executor task 5276
2023-06-30 19:46:25.591 worker_log:602 24692 MainThread [INFO]  Completed executor task 5276
2023-06-30 19:46:25.591 worker_log:613 24692 MainThread [INFO]  All processing finished for executor task 5276
2023-06-30 19:46:41.731 worker_log:584 24692 MainThread [INFO]  Received executor task 5293
2023-06-30 19:47:22.759 worker_log:602 24692 MainThread [INFO]  Completed executor task 5293
2023-06-30 19:47:22.759 worker_log:613 24692 MainThread [INFO]  All processing finished for executor task 5293
2023-06-30 19:47:43.830 worker_log:584 24692 MainThread [INFO]  Received executor task 5309
2023-06-30 19:48:15.624 worker_log:602 24692 MainThread [INFO]  Completed executor task 5309
2023-06-30 19:48:15.625 worker_log:613 24692 MainThread [INFO]  All processing finished for executor task 5309
2023-06-30 19:48:52.925 worker_log:584 24692 MainThread [INFO]  Received executor task 5318
2023-06-30 19:49:13.922 worker_log:602 24692 MainThread [INFO]  Completed executor task 5318
2023-06-30 19:49:13.922 worker_log:613 24692 MainThread [INFO]  All processing finished for executor task 5318
2023-06-30 19:49:59.863 worker_log:584 24692 MainThread [INFO]  Received executor task 5333
2023-06-30 19:51:06.361 worker_log:602 24692 MainThread [INFO]  Completed executor task 5333
2023-06-30 19:51:06.361 worker_log:613 24692 MainThread [INFO]  All processing finished for executor task 5333
2023-06-30 19:52:19.507 worker_log:584 24692 MainThread [INFO]  Received executor task 5357
2023-06-30 19:53:29.232 worker_log:602 24692 MainThread [INFO]  Completed executor task 5357
2023-06-30 19:53:29.233 worker_log:613 24692 MainThread [INFO]  All processing finished for executor task 5357
2023-06-30 19:53:51.907 worker_log:584 24692 MainThread [INFO]  Received executor task 5372
2023-06-30 19:54:22.715 worker_log:602 24692 MainThread [INFO]  Completed executor task 5372
2023-06-30 19:54:22.715 worker_log:613 24692 MainThread [INFO]  All processing finished for executor task 5372
2023-06-30 19:55:10.436 worker_log:584 24692 MainThread [INFO]  Received executor task 5382
2023-06-30 19:55:59.563 worker_log:602 24692 MainThread [INFO]  Completed executor task 5382
2023-06-30 19:55:59.564 worker_log:613 24692 MainThread [INFO]  All processing finished for executor task 5382
2023-06-30 19:56:16.598 worker_log:584 24692 MainThread [INFO]  Received executor task 5404
2023-06-30 19:57:08.761 worker_log:602 24692 MainThread [INFO]  Completed executor task 5404
2023-06-30 19:57:08.762 worker_log:613 24692 MainThread [INFO]  All processing finished for executor task 5404
2023-06-30 19:57:45.301 worker_log:584 24692 MainThread [INFO]  Received executor task 5421
2023-06-30 19:58:49.490 worker_log:602 24692 MainThread [INFO]  Completed executor task 5421
2023-06-30 19:58:49.490 worker_log:613 24692 MainThread [INFO]  All processing finished for executor task 5421
2023-06-30 19:59:03.821 worker_log:584 24692 MainThread [INFO]  Received executor task 5439
2023-06-30 19:59:23.454 worker_log:602 24692 MainThread [INFO]  Completed executor task 5439
2023-06-30 19:59:23.455 worker_log:613 24692 MainThread [INFO]  All processing finished for executor task 5439
2023-06-30 20:00:03.372 worker_log:584 24692 MainThread [INFO]  Received executor task 5441
2023-06-30 20:00:32.211 worker_log:602 24692 MainThread [INFO]  Completed executor task 5441
2023-06-30 20:00:32.212 worker_log:613 24692 MainThread [INFO]  All processing finished for executor task 5441
2023-06-30 20:01:09.536 worker_log:584 24692 MainThread [INFO]  Received executor task 5460
2023-06-30 20:01:46.914 worker_log:602 24692 MainThread [INFO]  Completed executor task 5460
2023-06-30 20:01:46.915 worker_log:613 24692 MainThread [INFO]  All processing finished for executor task 5460
2023-06-30 20:02:20.409 worker_log:584 24692 MainThread [INFO]  Received executor task 5480
2023-06-30 20:02:46.231 worker_log:602 24692 MainThread [INFO]  Completed executor task 5480
2023-06-30 20:02:46.231 worker_log:613 24692 MainThread [INFO]  All processing finished for executor task 5480
2023-06-30 20:03:15.023 worker_log:584 24692 MainThread [INFO]  Received executor task 5495
2023-06-30 20:03:42.590 worker_log:602 24692 MainThread [INFO]  Completed executor task 5495
2023-06-30 20:03:42.591 worker_log:613 24692 MainThread [INFO]  All processing finished for executor task 5495
2023-06-30 20:04:19.082 worker_log:584 24692 MainThread [INFO]  Received executor task 5507
2023-06-30 20:04:47.575 worker_log:602 24692 MainThread [INFO]  Completed executor task 5507
2023-06-30 20:04:47.576 worker_log:613 24692 MainThread [INFO]  All processing finished for executor task 5507
2023-06-30 20:05:37.658 worker_log:584 24692 MainThread [INFO]  Received executor task 5527
2023-06-30 20:06:07.794 worker_log:602 24692 MainThread [INFO]  Completed executor task 5527
2023-06-30 20:06:07.795 worker_log:613 24692 MainThread [INFO]  All processing finished for executor task 5527
2023-06-30 20:06:37.821 worker_log:584 24692 MainThread [INFO]  Received executor task 5545
2023-06-30 20:07:01.049 worker_log:602 24692 MainThread [INFO]  Completed executor task 5545
2023-06-30 20:07:01.049 worker_log:613 24692 MainThread [INFO]  All processing finished for executor task 5545
2023-06-30 20:07:53.103 worker_log:584 24692 MainThread [INFO]  Received executor task 5556
2023-06-30 20:08:29.663 worker_log:602 24692 MainThread [INFO]  Completed executor task 5556
2023-06-30 20:08:29.663 worker_log:613 24692 MainThread [INFO]  All processing finished for executor task 5556
2023-06-30 20:09:17.957 worker_log:584 24692 MainThread [INFO]  Received executor task 5573
2023-06-30 20:10:05.547 worker_log:602 24692 MainThread [INFO]  Completed executor task 5573
2023-06-30 20:10:05.548 worker_log:613 24692 MainThread [INFO]  All processing finished for executor task 5573
2023-06-30 20:10:47.090 worker_log:584 24692 MainThread [INFO]  Received executor task 5595
2023-06-30 20:11:43.137 worker_log:602 24692 MainThread [INFO]  Completed executor task 5595
2023-06-30 20:11:43.137 worker_log:613 24692 MainThread [INFO]  All processing finished for executor task 5595
2023-06-30 20:12:08.195 worker_log:584 24692 MainThread [INFO]  Received executor task 5613
2023-06-30 20:12:37.005 worker_log:602 24692 MainThread [INFO]  Completed executor task 5613
2023-06-30 20:12:37.006 worker_log:613 24692 MainThread [INFO]  All processing finished for executor task 5613
2023-06-30 20:13:31.952 worker_log:584 24692 MainThread [INFO]  Received executor task 5622
2023-06-30 20:14:15.736 worker_log:602 24692 MainThread [INFO]  Completed executor task 5622
2023-06-30 20:14:15.736 worker_log:613 24692 MainThread [INFO]  All processing finished for executor task 5622
2023-06-30 20:14:48.135 worker_log:584 24692 MainThread [INFO]  Received executor task 5644
2023-06-30 20:15:25.957 worker_log:602 24692 MainThread [INFO]  Completed executor task 5644
2023-06-30 20:15:25.957 worker_log:613 24692 MainThread [INFO]  All processing finished for executor task 5644
